horse_no,date,work_type,racecourse,track,venue,distance,time,time_sec,splits,partner,rider,placing,comment,gear,workout_details
H475,09/09/2026,踱步,從化,飛機場,從化 飛機場,,,,,,助手,,踱步,H/P,飛機場 踱步 (助手)
H475,08/09/2026,游水,從化,,從化,,,,,,,,游水,,
H475,07/09/2026,試閘,從化,草地,從化 草地,1000M,0.57.48,57.48,13.8 21.4 22.2,神衝萬里,袁幸堯,,第2組,PC,第2組 (袁幸堯) 1000M 神衝萬里 13.8 21.4 22.2 (0.57.48)
H475,07/09/2026,踱步,從化,飛機場,從化 飛機場,,,,,,助手,,踱步,PC,飛機場 踱步 (助手)
H475,06/09/2026,游水,從化,,從化,,,,,,,,游水,,
H475,06/09/2026,踱步,從化,內圈,從化 內圈,,,,,,助手,,快踱一圈,H/P,內圈 快踱一圈 (助手)
H475,05/09/2026,游水,從化,,從化,,,,,,,,游水,,
H475,05/09/2026,踱步,從化,內圈,從化 內圈,,,,,,助手,,快踱一圈,H/P,內圈 快踱一圈 (助手)
H475,04/09/2026,游水,從化,,從化,,,,,,,,游水,,
H475,04/09/2026,快操,從化,全天候,從化 全天候,,57.0,57.0,29.7 27.3,,助手,,快操,H/P,29.7 27.3 (57.0) (助手)
H475,04/09/2026,踱步,從化,飛機場,從化 飛機場,,,,,,助手,,踱步,H/P,飛機場 踱步 (助手)
H475,03/09/2026,游水,從化,,從化,,,,,,,,游水,,
H475,03/09/2026,踱步,從化,內圈,從化 內圈,,,,,,助手,,倒快兩圈,H/P,內圈 倒快兩圈 (助手)
H475,02/09/2026,游水,從化,,從化,,,,,,,,游水,,
H475,02/09/2026,踱步,從化,內圈,從化 內圈,,,,,,助手,,快踱一圈,H/P,內圈 快踱一圈 (助手)
H475,01/09/2026,游水,從化,,從化,,,,,,,,游水,,
H475,01/09/2026,踱步,從化,飛機場,從化 飛機場,,,,,,助手,,踱步,H/P,飛機場 踱步 (助手)
H475,31/08/2026,游水,從化,,從化,,,,,,,,游水,,
H475,31/08/2026,快操,從化,全天候,從化 全天候,,1.18.9,78.9,27.6 24.9 26.4,,助手,,快操,H/P,27.6 24.9 26.4 (1.18.9) (助手)
H475,30/08/2026,游水,從化,,從化,,,,,,,,游水,,
H475,30/08/2026,踱步,從化,內圈,從化 內圈,,,,,,助手,,快踱一圈,H/P,內圈 快踱一圈 (助手)
H475,29/08/2026,游水,從化,,從化,,,,,,,,游水,,
H475,29/08/2026,踱步,從化,內圈,從化 內圈,,,,,,助手,,快踱一圈,H/P,內圈 快踱一圈 (助手)
H475,28/08/2026,游水,從化,,從化,,,,,,,,游水,,
H475,28/08/2026,踱步,從化,內圈,從化 內圈,,,,,,助手,,快踱一圈,H/P,內圈 快踱一圈 (助手)
H475,27/08/2026,游水,從化,,從化,,,,,,,,游水,,
H475,27/08/2026,快操,從化,全天候,從化 全天候,,57.3,57.3,29.5 27.8,,助手,,快操,H/P,29.5 27.8 (57.3) (助手)
H475,26/08/2026,游水,從化,,從化,,,,,,,,游水,,
H475,26/08/2026,踱步,從化,內圈,從化 內圈,,,,,,助手,,快踱一圈,H/P,內圈 快踱一圈 (助手)
H475,25/08/2026,游水,從化,,從化,,,,,,,,游水,,
H475,25/08/2026,踱步,從化,內圈,從化 內圈,,,,,,助手,,快踱一圈,H/P,內圈 快踱一圈 (助手)
H475,24/08/2026,游水,從化,,從化,,,,,,,,游水,,
H475,24/08/2026,踱步,從化,內圈,從化 內圈,,,,,,助手,,倒快一圈,H/P,內圈 倒快一圈 (助手)
H475,23/08/2026,游水,從化,,從化,,,,,,,,游水,,
H475,23/08/2026,快操,從化,全天候,從化 全天候,,54.2,54.2,29.3 24.9,,助手,,快操,H/P,29.3 24.9 (54.2) (助手)
H475,22/08/2026,游水,從化,,從化,,,,,,,,游水,,
H475,22/08/2026,踱步,從化,內圈,從化 內圈,,,,,,助手,,快踱一圈,H/P,內圈 快踱一圈 (助手)
H475,21/08/2026,游水,從化,,從化,,,,,,,,游水,,
H475,21/08/2026,踱步,從化,內圈,從化 內圈,,,,,,助手,,快踱一圈,H/P,內圈 快踱一圈 (助手)
H475,20/08/2026,游水,從化,,從化,,,,,,,,游水,,
H475,20/08/2026,踱步,從化,內圈,從化 內圈,,,,,,助手,,倒快一圈,H/P,內圈 倒快一圈 (助手)
H475,19/08/2026,游水,從化,,從化,,,,,,,,游水,,
H475,19/08/2026,快操,從化,全天候,從化 全天候,,57.5,57.5,30.0 27.5,,助手,,快操,H/P,30.0 27.5 (57.5) (助手)
H475,18/08/2026,游水,從化,,從化,,,,,,,,游水,,
H475,18/08/2026,踱步,從化,內圈,從化 內圈,,,,,,助手,,快踱一圈,H/P,內圈 快踱一圈 (助手)
H475,17/08/2026,游水,從化,,從化,,,,,,,,游水,,
H475,17/08/2026,踱步,從化,內圈,從化 內圈,,,,,,助手,,倒快兩圈,H/P,內圈 倒快兩圈 (助手)
H475,16/08/2026,游水,從化,,從化,,,,,,,,游水,,
H475,16/08/2026,踱步,從化,飛機場,從化 飛機場,,,,,,助手,,踱步,H/P,飛機場 踱步 (助手)
H475,15/08/2026,游水,從化,,從化,,,,,,,,游水,,
H475,15/08/2026,快操,從化,全天候,從化 全天候,,58.1,58.1,31.4 26.7,,助手,,快操,H/P,31.4 26.7 (58.1) (助手)
H475,14/08/2026,游水,從化,,從化,,,,,,,,游水,,
H475,14/08/2026,踱步,從化,內圈,從化 內圈,,,,,,助手,,快踱一圈,H/P,內圈 快踱一圈 (助手)
H475,13/08/2026,踱步,從化,內圈,從化 內圈,,,,,,助手,,倒快兩圈,H/P,內圈 倒快兩圈 (助手)
H475,12/08/2026,踱步,從化,內圈,從化 內圈,,,,,,助手,,快踱一圈,H/P,內圈 快踱一圈 (助手)
H475,11/08/2026,快操,從化,全天候,從化 全天候,,56.3,56.3,28.6 27.7,,助手,,快操,H/P,28.6 27.7 (56.3) (助手)
H475,10/08/2026,踱步,從化,內圈,從化 內圈,,,,,,助手,,倒快兩圈,H/P,內圈 倒快兩圈 (助手)
H475,09/08/2026,踱步,從化,內圈,從化 內圈,,,,,,助手,,快踱一圈,H/P,內圈 快踱一圈 (助手)
H475,08/08/2026,快操,從化,全天候,從化 全天候,,30.3,30.3,30.3,,助手,,快操,H/P,30.3 (30.3) (助手)
H475,07/08/2026,踱步,從化,內圈,從化 內圈,,,,,,助手,,快踱一圈,H/P,內圈 快踱一圈 (助手)
H475,06/08/2026,踱步,從化,內圈,從化 內圈,,,,,,助手,,倒快兩圈,H/P,內圈 倒快兩圈 (助手)
H475,05/08/2026,踱步,從化,內圈,從化 內圈,,,,,,助手,,快踱一圈,H/P,內圈 快踱一圈 (助手)
H475,04/08/2026,踱步,從化,內圈,從化 內圈,,,,,,助手,,快踱一圈,H/P,內圈 快踱一圈 (助手)
H475,03/08/2026,踱步,從化,內圈,從化 內圈,,,,,,助手,,倒快兩圈,H/P,內圈 倒快兩圈 (助手)
H475,02/08/2026,踱步,從化,內圈,從化 內圈,,,,,,助手,,快踱一圈,H/P,內圈 快踱一圈 (助手)
H475,01/08/2026,踱步,從化,飛機場,從化 飛機場,,,,,,助手,,踱步,,飛機場 踱步 (助手)
H475,31/07/2026,踱步,從化,飛機場,從化 飛機場,,,,,,助手,,踱步,,飛機場 踱步 (助手)
H475,30/07/2026,踱步,從化,飛機場,從化 飛機場,,,,,,助手,,踱步,,飛機場 踱步 (助手)
H475,01/07/2026,出賽,沙田,草地,沙田 草地,1400M,,,,,布文,11/14,出賽,PC/TT,1400M (布文) (11/14)
H475,01/07/2026,踱步,沙田,飛機場,沙田 飛機場,,,,,,助手,,踱步,H/P,飛機場 踱步 (助手)
H475,30/06/2026,游水,沙田,,沙田,,,,,,,,游水,,
H475,30/06/2026,踱步,沙田,飛機場,沙田 飛機場,,,,,,助手,,踱步,H/P,飛機場 踱步 (助手)
H475,29/06/2026,游水,沙田,,沙田,,,,,,,,游水,,
H475,29/06/2026,踱步,沙田,飛機場,沙田 飛機場,,,,,,助手,,踱步,H/P,飛機場 踱步 (助手)
H475,28/06/2026,游水,沙田,,沙田,,,,,,,,游水,,
H475,28/06/2026,踱步,沙田,飛機場,沙田 飛機場,,,,,,助手,,踱步,H/P,飛機場 踱步 (助手)
H475,27/06/2026,游水,從化,,從化,,,,,,,,游水,,
H475,27/06/2026,踱步,從化,內圈,從化 內圈,,,,,,助手,,快踱一圈,H/P,內圈 快踱一圈 (助手)
H475,26/06/2026,游水,從化,,從化,,,,,,,,游水,,
H475,26/06/2026,踱步,從化,飛機場,從化 飛機場,,,,,,助手,,踱步,,飛機場 踱步 (助手)
H475,25/06/2026,游水,從化,,從化,,,,,,,,游水,,
H475,25/06/2026,快操,從化,全天候,從化 全天候,,58.3,58.3,32.0 26.3,,助手,,快操,H/P,32.0 26.3 (58.3) (助手)
H475,25/06/2026,踱步,從化,飛機場,從化 飛機場,,,,,,助手,,踱步,H/P,飛機場 踱步 (助手)
H475,24/06/2026,游水,從化,,從化,,,,,,,,游水,,
H475,24/06/2026,踱步,從化,內圈,從化 內圈,,,,,,助手,,快踱一圈,H/P,內圈 快踱一圈 (助手)
H475,23/06/2026,游水,從化,,從化,,,,,,,,游水,,
H475,23/06/2026,踱步,從化,內圈,從化 內圈,,,,,,助手,,快踱一圈,H/P,內圈 快踱一圈 (助手)
H475,22/06/2026,游水,從化,,從化,,,,,,,,游水,,
H475,22/06/2026,踱步,從化,內圈,從化 內圈,,,,,,助手,,倒快一圈,H/P,內圈 倒快一圈 (助手)
H475,21/06/2026,馬匹水中步行機,從化,,從化,,,,,,,,馬匹水中步行機,,
H475,21/06/2026,游水,從化,,從化,,,,,,,,游水,,
H475,21/06/2026,踱步,從化,飛機場,從化 飛機場,,,,,,助手,,踱步,,飛機場 踱步 (助手)
H475,20/06/2026,馬匹水中步行機,從化,,從化,,,,,,,,馬匹水中步行機,,
H475,20/06/2026,游水,從化,,從化,,,,,,,,游水,,
H475,20/06/2026,快操,從化,草地,從化 草地,,55.4,55.4,30.8 24.6,,助手,,快操,H/P,30.8 24.6 (55.4) (助手)
H475,20/06/2026,踱步,從化,飛機場,從化 飛機場,,,,,,助手,,踱步,H/P,飛機場 踱步 (助手)
H475,19/06/2026,游水,從化,,從化,,,,,,,,游水,,
H475,19/06/2026,踱步,從化,內圈,從化 內圈,,,,,,助手,,快踱一圈,H/P,內圈 快踱一圈 (助手)
H475,18/06/2026,游水,從化,,從化,,,,,,,,游水,,
H475,18/06/2026,踱步,從化,內圈,從化 內圈,,,,,,助手,,倒快兩圈,H/P,內圈 倒快兩圈 (助手)
H475,17/06/2026,游水,從化,,從化,,,,,,,,游水,,
H475,17/06/2026,踱步,從化,內圈,從化 內圈,,,,,,助手,,快踱一圈,H/P,內圈 快踱一圈 (助手)
H475,16/06/2026,馬匹水中步行機,從化,,從化,,,,,,,,馬匹水中步行機,,
H475,16/06/2026,游水,從化,,從化,,,,,,,,游水,,
H475,16/06/2026,踱步,從化,飛機場,從化 飛機場,,,,,,助手,,踱步,,飛機場 踱步 (助手)
H475,15/06/2026,游水,從化,,從化,,,,,,,,游水,,
H475,15/06/2026,快操,從化,全天候,從化 全天候,,55.7,55.7,29.1 26.6,,助手,,快操,H/P,29.1 26.6 (55.7) (助手)
H475,15/06/2026,踱步,從化,飛機場,從化 飛機場,,,,,,助手,,踱步,H/P,飛機場 踱步 (助手)
H475,14/06/2026,游水,從化,,從化,,,,,,,,游水,,
H475,14/06/2026,踱步,從化,內圈,從化 內圈,,,,,,助手,,快踱一圈,H/P,內圈 快踱一圈 (助手)
H475,13/06/2026,游水,從化,,從化,,,,,,,,游水,,
H475,13/06/2026,踱步,從化,內圈,從化 內圈,,,,,,助手,,快踱一圈,H/P,內圈 快踱一圈 (助手)
H475,12/06/2026,馬匹水中步行機,從化,,從化,,,,,,,,馬匹水中步行機,,
H475,12/06/2026,游水,從化,,從化,,,,,,,,游水,,
H475,12/06/2026,踱步,從化,內圈,從化 內圈,,,,,,助手,,快踱一圈,H/P,內圈 快踱一圈 (助手)
H475,11/06/2026,游水,從化,,從化,,,,,,,,游水,,
H475,11/06/2026,踱步,從化,內圈,從化 內圈,,,,,,助手,,倒快一圈,H/P,內圈 倒快一圈 (助手)
H475,10/06/2026,馬匹水中步行機,從化,,從化,,,,,,,,馬匹水中步行機,,
H475,10/06/2026,游水,從化,,從化,,,,,,,,游水,,
H475,10/06/2026,踱步,從化,內圈,從化 內圈,,,,,,助手,,快踱一圈,H/P,內圈 快踱一圈 (助手)
H475,09/06/2026,游水,從化,,從化,,,,,,,,游水,,
H475,09/06/2026,踱步,從化,內圈,從化 內圈,,,,,,助手,,快踱一圈,H/P,內圈 快踱一圈 (助手)
H475,08/06/2026,游水,從化,,從化,,,,,,,,游水,,
H475,08/06/2026,踱步,從化,內圈,從化 內圈,,,,,,助手,,倒快一圈,H/P,內圈 倒快一圈 (助手)
H475,07/06/2026,馬匹水中步行機,從化,,從化,,,,,,,,馬匹水中步行機,,
H475,07/06/2026,游水,從化,,從化,,,,,,,,游水,,
H475,07/06/2026,踱步,從化,內圈,從化 內圈,,,,,,助手,,快踱一圈,H/P,內圈 快踱一圈 (助手)
H475,06/06/2026,馬匹水中步行機,從化,,從化,,,,,,,,馬匹水中步行機,,
H475,06/06/2026,游水,從化,,從化,,,,,,,,游水,,
H475,06/06/2026,踱步,從化,內圈,從化 內圈,,,,,,助手,,快踱一圈,H/P,內圈 快踱一圈 (助手)
H475,05/06/2026,馬匹水中步行機,從化,,從化,,,,,,,,馬匹水中步行機,,
H475,05/06/2026,游水,從化,,從化,,,,,,,,游水,,
H475,05/06/2026,踱步,從化,飛機場,從化 飛機場,,,,,,助手,,踱步,,飛機場 踱步 (助手)
H475,02/06/2026,游水,沙田,,沙田,,,,,,,,游水,,
H475,31/05/2026,出賽,沙田,草地,沙田 草地,1400M,,,,,袁幸堯,5/14,出賽,PC/TT,1400M (袁幸堯) (5/14)
H475,31/05/2026,踱步,沙田,飛機場,沙田 飛機場,,,,,,助手,,踱步,H/P,飛機場 踱步 (助手)
H475,30/05/2026,游水,沙田,,沙田,,,,,,,,游水,,
H475,30/05/2026,踱步,沙田,內圈,沙田 內圈,,,,,,助手,,快踱一圈,H/P,內圈 快踱一圈 (助手)
H475,29/05/2026,游水,沙田,,沙田,,,,,,,,游水,,
H475,29/05/2026,踱步,沙田,飛機場,沙田 飛機場,,,,,,助手,,踱步,H/P,飛機場 踱步 (助手)
H475,28/05/2026,游水,從化,,從化,,,,,,,,游水,,
H475,28/05/2026,踱步,從化,內圈,從化 內圈,,,,,,助手,,倒快一圈,H/P,內圈 倒快一圈 (助手)
H475,27/05/2026,馬匹水中步行機,從化,,從化,,,,,,,,馬匹水中步行機,,
H475,27/05/2026,游水,從化,,從化,,,,,,,,游水,,
H475,27/05/2026,踱步,從化,飛機場,從化 飛機場,,,,,,助手,,踱步,,飛機場 踱步 (助手)
H475,26/05/2026,馬匹水中步行機,從化,,從化,,,,,,,,馬匹水中步行機,,
H475,26/05/2026,游水,從化,,從化,,,,,,,,游水,,
H475,26/05/2026,快操,從化,全天候,從化 全天候,,53.5,53.5,28.8 24.7,,助手,,快操,H/P,28.8 24.7 (53.5) (助手)
H475,26/05/2026,踱步,從化,飛機場,從化 飛機場,,,,,,助手,,踱步,H/P,飛機場 踱步 (助手)
H475,25/05/2026,游水,從化,,從化,,,,,,,,游水,,
H475,25/05/2026,踱步,從化,內圈,從化 內圈,,,,,,助手,,倒快兩圈,H/P,內圈 倒快兩圈 (助手)
H475,24/05/2026,馬匹水中步行機,從化,,從化,,,,,,,,馬匹水中步行機,,
H475,24/05/2026,游水,從化,,從化,,,,,,,,游水,,
H475,24/05/2026,踱步,從化,內圈,從化 內圈,,,,,,助手,,快踱一圈,H/P,內圈 快踱一圈 (助手)
H475,23/05/2026,馬匹水中步行機,從化,,從化,,,,,,,,馬匹水中步行機,,
H475,23/05/2026,游水,從化,,從化,,,,,,,,游水,,
H475,23/05/2026,踱步,從化,內圈,從化 內圈,,,,,,助手,,快踱一圈,H/P,內圈 快踱一圈 (助手)
H475,22/05/2026,游水,從化,,從化,,,,,,,,游水,,
H475,22/05/2026,踱步,從化,內圈,從化 內圈,,,,,,助手,,快踱一圈,H/P,內圈 快踱一圈 (助手)
H475,21/05/2026,游水,從化,,從化,,,,,,,,游水,,
H475,21/05/2026,踱步,從化,內圈,從化 內圈,,,,,,助手,,倒快一圈,H/P,內圈 倒快一圈 (助手)
H475,20/05/2026,游水,從化,,從化,,,,,,,,游水,,
H475,20/05/2026,踱步,從化,內圈,從化 內圈,,,,,,助手,,快踱一圈,H/P,內圈 快踱一圈 (助手)
H475,18/05/2026,馬匹水中步行機,從化,,從化,,,,,,,,馬匹水中步行機,,
H475,18/05/2026,游水,從化,,從化,,,,,,,,游水,,
H475,18/05/2026,快操,從化,全天候,從化 全天候,,55.3,55.3,29.8 25.5,,助手,,快操,H/P,29.8 25.5 (55.3) (助手)
H475,18/05/2026,踱步,從化,飛機場,從化 飛機場,,,,,,助手,,踱步,H/P,飛機場 踱步 (助手)
H475,17/05/2026,游水,從化,,從化,,,,,,,,游水,,
H475,17/05/2026,踱步,從化,內圈,從化 內圈,,,,,,助手,,快踱一圈,H/P,內圈 快踱一圈 (助手)
H475,16/05/2026,游水,從化,,從化,,,,,,,,游水,,
H475,16/05/2026,踱步,從化,內圈,從化 內圈,,,,,,助手,,快踱一圈,H/P,內圈 快踱一圈 (助手)
H475,15/05/2026,游水,從化,,從化,,,,,,,,游水,,
H475,15/05/2026,踱步,從化,內圈,從化 內圈,,,,,,助手,,快踱一圈,H/P,內圈 快踱一圈 (助手)
H475,14/05/2026,游水,從化,,從化,,,,,,,,游水,,
H475,14/05/2026,踱步,從化,內圈,從化 內圈,,,,,,助手,,倒快兩圈,H/P,內圈 倒快兩圈 (助手)
H475,13/05/2026,游水,從化,,從化,,,,,,,,游水,,
H475,13/05/2026,踱步,從化,內圈,從化 內圈,,,,,,助手,,快踱一圈,H/P,內圈 快踱一圈 (助手)
H475,12/05/2026,游水,從化,,從化,,,,,,,,游水,,
H475,12/05/2026,踱步,從化,內圈,從化 內圈,,,,,,助手,,快踱一圈,H/P,內圈 快踱一圈 (助手)
H475,11/05/2026,游水,從化,,從化,,,,,,,,游水,,
H475,11/05/2026,踱步,從化,內圈,從化 內圈,,,,,,助手,,倒快兩圈,H/P,內圈 倒快兩圈 (助手)
H475,10/05/2026,游水,從化,,從化,,,,,,,,游水,,
H475,10/05/2026,踱步,從化,內圈,從化 內圈,,,,,,助手,,快踱一圈,H/P,內圈 快踱一圈 (助手)
H475,09/05/2026,游水,從化,,從化,,,,,,,,游水,,
H475,09/05/2026,踱步,從化,內圈,從化 內圈,,,,,,助手,,快踱一圈,H/P,內圈 快踱一圈 (助手)
H475,08/05/2026,游水,從化,,從化,,,,,,,,游水,,
H475,08/05/2026,踱步,從化,飛機場,從化 飛機場,,,,,,助手,,踱步,,飛機場 踱步 (助手)
H475,05/05/2026,游水,沙田,,沙田,,,,,,,,游水,,
H475,03/05/2026,出賽,沙田,草地,沙田 草地,1400M,,,,,袁幸堯,2/14,出賽,PC/TT,1400M (袁幸堯) (2/14)
H475,03/05/2026,踱步,沙田,飛機場,沙田 飛機場,,,,,,助手,,踱步,H/P,飛機場 踱步 (助手)
H475,02/05/2026,游水,沙田,,沙田,,,,,,,,游水,,
H475,02/05/2026,踱步,沙田,內圈,沙田 內圈,,,,,,助手,,快踱一圈,H/P,內圈 快踱一圈 (助手)
H475,01/05/2026,游水,沙田,,沙田,,,,,,,,游水,,
H475,01/05/2026,踱步,沙田,飛機場,沙田 飛機場,,,,,,助手,,踱步,H/P,飛機場 踱步 (助手)
H475,30/04/2026,游水,從化,,從化,,,,,,,,游水,,
H475,30/04/2026,踱步,從化,內圈,從化 內圈,,,,,,助手,,倒快一圈,H/P,內圈 倒快一圈 (助手)
H475,29/04/2026,游水,從化,,從化,,,,,,,,游水,,
H475,29/04/2026,踱步,從化,飛機場,從化 飛機場,,,,,,助手,,踱步,,飛機場 踱步 (助手)
H475,28/04/2026,馬匹水中步行機,從化,,從化,,,,,,,,馬匹水中步行機,,
H475,28/04/2026,游水,從化,,從化,,,,,,,,游水,,
H475,28/04/2026,快操,從化,全天候,從化 全天候,,55.4,55.4,29.7 25.7,,助手,,快操,H/P,29.7 25.7 (55.4) (助手)
H475,28/04/2026,踱步,從化,飛機場,從化 飛機場,,,,,,助手,,踱步,H/P,飛機場 踱步 (助手)
H475,27/04/2026,游水,從化,,從化,,,,,,,,游水,,
H475,27/04/2026,踱步,從化,內圈,從化 內圈,,,,,,助手,,倒快兩圈,H/P,內圈 倒快兩圈 (助手)
H475,26/04/2026,游水,從化,,從化,,,,,,,,游水,,
H475,26/04/2026,踱步,從化,內圈,從化 內圈,,,,,,助手,,快踱一圈,H/P,內圈 快踱一圈 (助手)
H475,25/04/2026,游水,從化,,從化,,,,,,,,游水,,
H475,25/04/2026,踱步,從化,飛機場,從化 飛機場,,,,,,助手,,踱步,,飛機場 踱步 (助手)
H475,24/04/2026,馬匹水中步行機,從化,,從化,,,,,,,,馬匹水中步行機,,
H475,24/04/2026,游水,從化,,從化,,,,,,,,游水,,
H475,24/04/2026,快操,從化,全天候,從化 全天候,,53.9,53.9,28.8 25.1,,助手,,快操,H/P,28.8 25.1 (53.9) (助手)
H475,24/04/2026,踱步,從化,飛機場,從化 飛機場,,,,,,助手,,踱步,H/P,飛機場 踱步 (助手)
H475,23/04/2026,游水,從化,,從化,,,,,,,,游水,,
H475,23/04/2026,踱步,從化,內圈,從化 內圈,,,,,,助手,,倒快一圈,H/P,內圈 倒快一圈 (助手)
H475,22/04/2026,游水,從化,,從化,,,,,,,,游水,,
H475,22/04/2026,踱步,從化,內圈,從化 內圈,,,,,,助手,,快踱一圈,H/P,內圈 快踱一圈 (助手)
H475,21/04/2026,馬匹水中步行機,從化,,從化,,,,,,,,馬匹水中步行機,,
H475,21/04/2026,游水,從化,,從化,,,,,,,,游水,,
H475,21/04/2026,踱步,從化,內圈,從化 內圈,,,,,,助手,,快踱一圈,H/P,內圈 快踱一圈 (助手)
H475,20/04/2026,馬匹水中步行機,從化,,從化,,,,,,,,馬匹水中步行機,,
H475,20/04/2026,游水,從化,,從化,,,,,,,,游水,,
H475,20/04/2026,快操,從化,全天候,從化 全天候,,1.26.0,86.0,31.9 28.1 26.0,,助手,,快操,H/P,31.9 28.1 26.0 (1.26.0) (助手)
H475,20/04/2026,踱步,從化,飛機場,從化 飛機場,,,,,,助手,,踱步,H/P,飛機場 踱步 (助手)
H475,19/04/2026,游水,從化,,從化,,,,,,,,游水,,
H475,19/04/2026,踱步,從化,內圈,從化 內圈,,,,,,助手,,快踱一圈,H/P,內圈 快踱一圈 (助手)
H475,18/04/2026,游水,從化,,從化,,,,,,,,游水,,
H475,18/04/2026,踱步,從化,內圈,從化 內圈,,,,,,助手,,快踱一圈,H/P,內圈 快踱一圈 (助手)
H475,17/04/2026,馬匹水中步行機,從化,,從化,,,,,,,,馬匹水中步行機,,
H475,17/04/2026,游水,從化,,從化,,,,,,,,游水,,
H475,17/04/2026,踱步,從化,內圈,從化 內圈,,,,,,助手,,快踱一圈,H/P,內圈 快踱一圈 (助手)
H475,16/04/2026,馬匹水中步行機,從化,,從化,,,,,,,,馬匹水中步行機,,
H475,16/04/2026,游水,從化,,從化,,,,,,,,游水,,
H475,16/04/2026,快操,從化,全天候,從化 全天候,,55.6,55.6,29.4 26.2,,助手,,快操,H/P,29.4 26.2 (55.6) (助手)
H475,16/04/2026,踱步,從化,飛機場,從化 飛機場,,,,,,助手,,踱步,H/P,飛機場 踱步 (助手)
H475,15/04/2026,游水,從化,,從化,,,,,,,,游水,,
H475,15/04/2026,踱步,從化,內圈,從化 內圈,,,,,,助手,,快踱一圈,H/P,內圈 快踱一圈 (助手)
H475,14/04/2026,游水,從化,,從化,,,,,,,,游水,,
H475,14/04/2026,踱步,從化,內圈,從化 內圈,,,,,,助手,,快踱一圈,H/P,內圈 快踱一圈 (助手)
H475,13/04/2026,游水,從化,,從化,,,,,,,,游水,,
H475,13/04/2026,踱步,從化,內圈,從化 內圈,,,,,,助手,,倒快兩圈,H/P,內圈 倒快兩圈 (助手)
H475,12/04/2026,馬匹水中步行機,從化,,從化,,,,,,,,馬匹水中步行機,,
H475,12/04/2026,游水,從化,,從化,,,,,,,,游水,,
H475,12/04/2026,踱步,從化,飛機場,從化 飛機場,,,,,,助手,,踱步,,飛機場 踱步 (助手)
H475,11/04/2026,馬匹水中步行機,從化,,從化,,,,,,,,馬匹水中步行機,,
H475,11/04/2026,游水,從化,,從化,,,,,,,,游水,,
H475,11/04/2026,快操,從化,全天候,從化 全天候,,59.0,59.0,31.7 27.3,,助手,,快操,H/P,31.7 27.3 (59.0) (助手)
H475,11/04/2026,踱步,從化,飛機場,從化 飛機場,,,,,,助手,,踱步,H/P,飛機場 踱步 (助手)
H475,10/04/2026,游水,從化,,從化,,,,,,,,游水,,
H475,10/04/2026,踱步,從化,內圈,從化 內圈,,,,,,助手,,快踱一圈,H/P,內圈 快踱一圈 (助手)
H475,09/04/2026,游水,從化,,從化,,,,,,,,游水,,
H475,09/04/2026,踱步,從化,內圈,從化 內圈,,,,,,助手,,倒快兩圈,H/P,內圈 倒快兩圈 (助手)
H475,08/04/2026,游水,從化,,從化,,,,,,,,游水,,
H475,08/04/2026,踱步,從化,內圈,從化 內圈,,,,,,助手,,快踱一圈,H/P,內圈 快踱一圈 (助手)
H475,07/04/2026,游水,從化,,從化,,,,,,,,游水,,
H475,07/04/2026,踱步,從化,內圈,從化 內圈,,,,,,助手,,快踱一圈,H/P,內圈 快踱一圈 (助手)
H475,06/04/2026,游水,從化,,從化,,,,,,,,游水,,
H475,06/04/2026,踱步,從化,內圈,從化 內圈,,,,,,助手,,倒快兩圈,H/P,內圈 倒快兩圈 (助手)
H475,05/04/2026,游水,從化,,從化,,,,,,,,游水,,
H475,05/04/2026,踱步,從化,內圈,從化 內圈,,,,,,助手,,快踱一圈,H/P,內圈 快踱一圈 (助手)
H475,04/04/2026,游水,從化,,從化,,,,,,,,游水,,
H475,04/04/2026,踱步,從化,內圈,從化 內圈,,,,,,助手,,快踱一圈,H/P,內圈 快踱一圈 (助手)
H475,03/04/2026,游水,從化,,從化,,,,,,,,游水,,
H475,03/04/2026,踱步,從化,內圈,從化 內圈,,,,,,助手,,快踱一圈,H/P,內圈 快踱一圈 (助手)
H475,02/04/2026,踱步,從化,飛機場,從化 飛機場,,,,,,助手,,踱步,,飛機場 踱步 (助手)
H475,31/03/2026,游水,沙田,,沙田,,,,,,,,游水,,
H475,29/03/2026,出賽,沙田,草地,沙田 草地,1400M,,,,,潘頓,3/14,出賽,PC/TT,1400M (潘頓) (3/14)
H475,29/03/2026,踱步,沙田,飛機場,沙田 飛機場,,,,,,助手,,踱步,H/P,飛機場 踱步 (助手)
H475,28/03/2026,游水,沙田,,沙田,,,,,,,,游水,,
H475,28/03/2026,踱步,沙田,內圈,沙田 內圈,,,,,,助手,,快踱一圈,H/P,內圈 快踱一圈 (助手)
H475,27/03/2026,游水,沙田,,沙田,,,,,,,,游水,,
H475,27/03/2026,踱步,沙田,飛機場,沙田 飛機場,,,,,,助手,,踱步,H/P,飛機場 踱步 (助手)
H475,26/03/2026,游水,從化,,從化,,,,,,,,游水,,
H475,26/03/2026,踱步,從化,飛機場,從化 飛機場,,,,,,助手,,踱步,,飛機場 踱步 (助手)
H475,25/03/2026,游水,從化,,從化,,,,,,,,游水,,
H475,25/03/2026,踱步,從化,內圈,從化 內圈,,,,,,助手,,快踱一圈,H/P,內圈 快踱一圈 (助手)
H475,24/03/2026,游水,從化,,從化,,,,,,,,游水,,
H475,24/03/2026,快操,從化,全天候,從化 全天候,,54.0,54.0,28.9 25.1,,助手,,快操,H/P,28.9 25.1 (54.0) (助手)
H475,24/03/2026,踱步,從化,飛機場,從化 飛機場,,,,,,助手,,踱步,H/P,飛機場 踱步 (助手)
H475,23/03/2026,游水,從化,,從化,,,,,,,,游水,,
H475,23/03/2026,踱步,從化,內圈,從化 內圈,,,,,,助手,,倒快兩圈,H/P,內圈 倒快兩圈 (助手)
H475,22/03/2026,馬匹水中步行機,從化,,從化,,,,,,,,馬匹水中步行機,,
H475,22/03/2026,游水,從化,,從化,,,,,,,,游水,,
H475,22/03/2026,踱步,從化,內圈,從化 內圈,,,,,,助手,,快踱一圈,H/P,內圈 快踱一圈 (助手)
H475,21/03/2026,游水,從化,,從化,,,,,,,,游水,,
H475,21/03/2026,踱步,從化,飛機場,從化 飛機場,,,,,,助手,,踱步,,飛機場 踱步 (助手)
H475,20/03/2026,馬匹水中步行機,從化,,從化,,,,,,,,馬匹水中步行機,,
H475,20/03/2026,游水,從化,,從化,,,,,,,,游水,,
H475,20/03/2026,快操,從化,全天候,從化 全天候,,56.6,56.6,30.6 26.0,,助手,,快操,H/P,30.6 26.0 (56.6) (助手)
H475,20/03/2026,踱步,從化,飛機場,從化 飛機場,,,,,,助手,,踱步,H/P,飛機場 踱步 (助手)
H475,19/03/2026,游水,從化,,從化,,,,,,,,游水,,
H475,19/03/2026,踱步,從化,內圈,從化 內圈,,,,,,助手,,倒快兩圈,H/P,內圈 倒快兩圈 (助手)
H475,18/03/2026,游水,從化,,從化,,,,,,,,游水,,
H475,18/03/2026,踱步,從化,內圈,從化 內圈,,,,,,助手,,快踱一圈,H/P,內圈 快踱一圈 (助手)
H475,17/03/2026,馬匹水中步行機,從化,,從化,,,,,,,,馬匹水中步行機,,
H475,17/03/2026,游水,從化,,從化,,,,,,,,游水,,
H475,17/03/2026,踱步,從化,飛機場,從化 飛機場,,,,,,助手,,踱步,,飛機場 踱步 (助手)
H475,16/03/2026,馬匹水中步行機,從化,,從化,,,,,,,,馬匹水中步行機,,
H475,16/03/2026,游水,從化,,從化,,,,,,,,游水,,
H475,16/03/2026,快操,從化,全天候,從化 全天候,,56.8,56.8,30.6 26.2,,助手,,快操,H/P,30.6 26.2 (56.8) (助手)
H475,16/03/2026,踱步,從化,飛機場,從化 飛機場,,,,,,助手,,踱步,H/P,飛機場 踱步 (助手)
H475,15/03/2026,馬匹水中步行機,從化,,從化,,,,,,,,馬匹水中步行機,,
H475,15/03/2026,游水,從化,,從化,,,,,,,,游水,,
H475,15/03/2026,踱步,從化,內圈,從化 內圈,,,,,,助手,,快踱一圈,H/P,內圈 快踱一圈 (助手)
H475,14/03/2026,游水,從化,,從化,,,,,,,,游水,,
H475,14/03/2026,踱步,從化,內圈,從化 內圈,,,,,,助手,,快踱一圈,H/P,內圈 快踱一圈 (助手)
H475,13/03/2026,游水,從化,,從化,,,,,,,,游水,,
H475,13/03/2026,踱步,從化,內圈,從化 內圈,,,,,,助手,,快踱一圈,H/P,內圈 快踱一圈 (助手)
H475,12/03/2026,馬匹水中步行機,從化,,從化,,,,,,,,馬匹水中步行機,,
H475,12/03/2026,游水,從化,,從化,,,,,,,,游水,,
H475,12/03/2026,快操,從化,全天候,從化 全天候,,1.00.7,60.7,32.5 28.2,,助手,,快操,H/P,32.5 28.2 (1.00.7) (助手)
H475,12/03/2026,踱步,從化,飛機場,從化 飛機場,,,,,,助手,,踱步,H/P,飛機場 踱步 (助手)
H475,11/03/2026,游水,從化,,從化,,,,,,,,游水,,
H475,11/03/2026,踱步,從化,內圈,從化 內圈,,,,,,助手,,快踱一圈,H/P,內圈 快踱一圈 (助手)
H475,10/03/2026,游水,從化,,從化,,,,,,,,游水,,
H475,10/03/2026,踱步,從化,內圈,從化 內圈,,,,,,助手,,快踱一圈,H/P,內圈 快踱一圈 (助手)
H475,09/03/2026,游水,從化,,從化,,,,,,,,游水,,
H475,09/03/2026,踱步,從化,內圈,從化 內圈,,,,,,助手,,倒快兩圈,H/P,內圈 倒快兩圈 (助手)
H475,08/03/2026,馬匹水中步行機,從化,,從化,,,,,,,,馬匹水中步行機,,
H475,08/03/2026,游水,從化,,從化,,,,,,,,游水,,
H475,08/03/2026,踱步,從化,內圈,從化 內圈,,,,,,助手,,快踱一圈,H/P,內圈 快踱一圈 (助手)
H475,07/03/2026,游水,從化,,從化,,,,,,,,游水,,
H475,07/03/2026,踱步,從化,內圈,從化 內圈,,,,,,助手,,快踱一圈,H/P,內圈 快踱一圈 (助手)
H475,06/03/2026,馬匹水中步行機,從化,,從化,,,,,,,,馬匹水中步行機,,
H475,06/03/2026,游水,從化,,從化,,,,,,,,游水,,
H475,06/03/2026,踱步,從化,內圈,從化 內圈,,,,,,助手,,快踱一圈,H/P,內圈 快踱一圈 (助手)
H475,05/03/2026,踱步,從化,飛機場,從化 飛機場,,,,,,助手,,踱步,,飛機場 踱步 (助手)
H475,03/03/2026,游水,沙田,,沙田,,,,,,,,游水,,
H475,01/03/2026,出賽,沙田,草地,沙田 草地,1400M,,,,,潘頓,1/14,出賽,PC/TT,1400M (潘頓) (1/14)
H475,01/03/2026,踱步,沙田,飛機場,沙田 飛機場,,,,,,助手,,踱步,H/P,飛機場 踱步 (助手)
H475,28/02/2026,游水,沙田,,沙田,,,,,,,,游水,,
H475,28/02/2026,踱步,沙田,內圈,沙田 內圈,,,,,,助手,,快踱一圈,H/P,內圈 快踱一圈 (助手)
H475,27/02/2026,游水,沙田,,沙田,,,,,,,,游水,,
H475,27/02/2026,踱步,沙田,飛機場,沙田 飛機場,,,,,,助手,,踱步,H/P,飛機場 踱步 (助手)
H475,26/02/2026,游水,從化,,從化,,,,,,,,游水,,
H475,26/02/2026,踱步,從化,內圈,從化 內圈,,,,,,助手,,倒快一圈,H/P,內圈 倒快一圈 (助手)
H475,25/02/2026,馬匹水中步行機,從化,,從化,,,,,,,,馬匹水中步行機,,
H475,25/02/2026,游水,從化,,從化,,,,,,,,游水,,
H475,25/02/2026,踱步,從化,飛機場,從化 飛機場,,,,,,助手,,踱步,,飛機場 踱步 (助手)
H475,24/02/2026,馬匹水中步行機,從化,,從化,,,,,,,,馬匹水中步行機,,
H475,24/02/2026,游水,從化,,從化,,,,,,,,游水,,
H475,24/02/2026,快操,從化,全天候,從化 全天候,,56.1,56.1,29.7 26.4,,助手,,快操,H/P,29.7 26.4 (56.1) (助手)
H475,24/02/2026,踱步,從化,飛機場,從化 飛機場,,,,,,助手,,踱步,H/P,飛機場 踱步 (助手)
H475,23/02/2026,馬匹水中步行機,從化,,從化,,,,,,,,馬匹水中步行機,,
H475,23/02/2026,游水,從化,,從化,,,,,,,,游水,,
H475,23/02/2026,踱步,從化,內圈,從化 內圈,,,,,,助手,,倒快兩圈,H/P,內圈 倒快兩圈 (助手)
H475,22/02/2026,游水,從化,,從化,,,,,,,,游水,,
H475,22/02/2026,踱步,從化,內圈,從化 內圈,,,,,,助手,,快踱一圈,H/P,內圈 快踱一圈 (助手)
H475,21/02/2026,馬匹水中步行機,從化,,從化,,,,,,,,馬匹水中步行機,,
H475,21/02/2026,游水,從化,,從化,,,,,,,,游水,,
H475,21/02/2026,踱步,從化,飛機場,從化 飛機場,,,,,,助手,,踱步,,飛機場 踱步 (助手)
H475,20/02/2026,馬匹水中步行機,從化,,從化,,,,,,,,馬匹水中步行機,,
H475,20/02/2026,游水,從化,,從化,,,,,,,,游水,,
H475,20/02/2026,快操,從化,全天候,從化 全天候,,55.7,55.7,30.4 25.3,,助手,,快操,H/P,30.4 25.3 (55.7) (助手)
H475,20/02/2026,踱步,從化,飛機場,從化 飛機場,,,,,,助手,,踱步,H/P,飛機場 踱步 (助手)
H475,19/02/2026,游水,從化,,從化,,,,,,,,游水,,
H475,19/02/2026,踱步,從化,內圈,從化 內圈,,,,,,助手,,倒快兩圈,H/P,內圈 倒快兩圈 (助手)
H475,18/02/2026,游水,從化,,從化,,,,,,,,游水,,
H475,18/02/2026,踱步,從化,內圈,從化 內圈,,,,,,助手,,快踱一圈,H/P,內圈 快踱一圈 (助手)
H475,16/02/2026,游水,從化,,從化,,,,,,,,游水,,
H475,16/02/2026,踱步,從化,飛機場,從化 飛機場,,,,,,助手,,踱步,,飛機場 踱步 (助手)
H475,15/02/2026,馬匹水中步行機,從化,,從化,,,,,,,,馬匹水中步行機,,
H475,15/02/2026,游水,從化,,從化,,,,,,,,游水,,
H475,15/02/2026,快操,從化,全天候,從化 全天候,,1.27.9,87.9,33.8 28.0 26.1,,助手,,快操,H/P,33.8 28.0 26.1 (1.27.9) (助手)
H475,15/02/2026,踱步,從化,飛機場,從化 飛機場,,,,,,助手,,踱步,H/P,飛機場 踱步 (助手)
H475,14/02/2026,游水,從化,,從化,,,,,,,,游水,,
H475,14/02/2026,踱步,從化,內圈,從化 內圈,,,,,,助手,,快踱一圈,H/P,內圈 快踱一圈 (助手)
H475,13/02/2026,游水,從化,,從化,,,,,,,,游水,,
H475,13/02/2026,踱步,從化,內圈,從化 內圈,,,,,,助手,,快踱一圈,H/P,內圈 快踱一圈 (助手)
H475,12/02/2026,馬匹水中步行機,從化,,從化,,,,,,,,馬匹水中步行機,,
H475,12/02/2026,游水,從化,,從化,,,,,,,,游水,,
H475,12/02/2026,踱步,從化,飛機場,從化 飛機場,,,,,,助手,,踱步,,飛機場 踱步 (助手)
H475,11/02/2026,馬匹水中步行機,從化,,從化,,,,,,,,馬匹水中步行機,,
H475,11/02/2026,游水,從化,,從化,,,,,,,,游水,,
H475,11/02/2026,快操,從化,全天候,從化 全天候,,29.1,29.1,29.1,,助手,,快操,H/P,29.1 (29.1) (助手)
H475,11/02/2026,踱步,從化,飛機場,從化 飛機場,,,,,,助手,,踱步,H/P,飛機場 踱步 (助手)
H475,10/02/2026,馬匹水中步行機,從化,,從化,,,,,,,,馬匹水中步行機,,
H475,10/02/2026,游水,從化,,從化,,,,,,,,游水,,
H475,10/02/2026,踱步,從化,內圈,從化 內圈,,,,,,助手,,快踱一圈,H/P,內圈 快踱一圈 (助手)
H475,09/02/2026,馬匹水中步行機,從化,,從化,,,,,,,,馬匹水中步行機,,
H475,09/02/2026,游水,從化,,從化,,,,,,,,游水,,
H475,09/02/2026,踱步,從化,內圈,從化 內圈,,,,,,助手,,倒快一圈,H/P,內圈 倒快一圈 (助手)
H475,08/02/2026,游水,從化,,從化,,,,,,,,游水,,
H475,08/02/2026,踱步,從化,內圈,從化 內圈,,,,,,助手,,快踱一圈,H/P,內圈 快踱一圈 (助手)
H475,07/02/2026,馬匹水中步行機,從化,,從化,,,,,,,,馬匹水中步行機,,
H475,07/02/2026,游水,從化,,從化,,,,,,,,游水,,
H475,07/02/2026,踱步,從化,內圈,從化 內圈,,,,,,助手,,快踱一圈,H/P,內圈 快踱一圈 (助手)
H475,06/02/2026,游水,從化,,從化,,,,,,,,游水,,
H475,06/02/2026,踱步,從化,內圈,從化 內圈,,,,,,助手,,快踱一圈,H/P,內圈 快踱一圈 (助手)
H475,05/02/2026,游水,從化,,從化,,,,,,,,游水,,
H475,05/02/2026,踱步,從化,飛機場,從化 飛機場,,,,,,助手,,踱步,,飛機場 踱步 (助手)
H475,03/02/2026,游水,沙田,,沙田,,,,,,,,游水,,
H475,01/02/2026,出賽,沙田,草地,沙田 草地,1400M,,,,,班德禮,2/14,出賽,PC/TT,1400M (班德禮) (2/14)
H475,01/02/2026,踱步,沙田,飛機場,沙田 飛機場,,,,,,助手,,踱步,H/P,飛機場 踱步 (助手)
H475,31/01/2026,游水,沙田,,沙田,,,,,,,,游水,,
H475,31/01/2026,踱步,沙田,內圈,沙田 內圈,,,,,,助手,,快踱一圈,H/P,內圈 快踱一圈 (助手)
H475,30/01/2026,游水,沙田,,沙田,,,,,,,,游水,,
H475,30/01/2026,踱步,沙田,飛機場,沙田 飛機場,,,,,,助手,,踱步,H/P,飛機場 踱步 (助手)
H475,29/01/2026,游水,從化,,從化,,,,,,,,游水,,
H475,29/01/2026,踱步,從化,內圈,從化 內圈,,,,,,助手,,倒快一圈,H,內圈 倒快一圈 (助手)
H475,28/01/2026,游水,從化,,從化,,,,,,,,游水,,
H475,28/01/2026,踱步,從化,飛機場,從化 飛機場,,,,,,助手,,踱步,,飛機場 踱步 (助手)
H475,27/01/2026,游水,從化,,從化,,,,,,,,游水,,
H475,27/01/2026,快操,從化,全天候,從化 全天候,,54.6,54.6,29.2 25.4,,助手,,快操,H/P,29.2 25.4 (54.6) (助手)
H475,27/01/2026,踱步,從化,飛機場,從化 飛機場,,,,,,助手,,踱步,H/P,飛機場 踱步 (助手)
H475,26/01/2026,游水,從化,,從化,,,,,,,,游水,,
H475,26/01/2026,踱步,從化,內圈,從化 內圈,,,,,,助手,,倒快兩圈,H/P,內圈 倒快兩圈 (助手)
H475,25/01/2026,游水,從化,,從化,,,,,,,,游水,,
H475,25/01/2026,踱步,從化,內圈,從化 內圈,,,,,,助手,,快踱一圈,H/P,內圈 快踱一圈 (助手)
H475,24/01/2026,馬匹水中步行機,從化,,從化,,,,,,,,馬匹水中步行機,,
H475,24/01/2026,游水,從化,,從化,,,,,,,,游水,,
H475,24/01/2026,踱步,從化,飛機場,從化 飛機場,,,,,,助手,,踱步,,飛機場 踱步 (助手)
H475,23/01/2026,馬匹水中步行機,從化,,從化,,,,,,,,馬匹水中步行機,,
H475,23/01/2026,快操,從化,全天候,從化 全天候,,27.2,27.2,27.2,,助手,,快操,H/P,27.2 (27.2) (助手)
H475,23/01/2026,踱步,從化,飛機場,從化 飛機場,,,,,,助手,,踱步,H/P,飛機場 踱步 (助手)
H475,22/01/2026,踱步,從化,內圈,從化 內圈,,,,,,助手,,倒快兩圈,H/P,內圈 倒快兩圈 (助手)
H475,21/01/2026,馬匹水中步行機,從化,,從化,,,,,,,,馬匹水中步行機,,
H475,21/01/2026,踱步,從化,內圈,從化 內圈,,,,,,助手,,快踱一圈,H/P,內圈 快踱一圈 (助手)
H475,20/01/2026,馬匹水中步行機,從化,,從化,,,,,,,,馬匹水中步行機,,
H475,20/01/2026,游水,從化,,從化,,,,,,,,游水,,
H475,20/01/2026,踱步,從化,飛機場,從化 飛機場,,,,,,助手,,踱步,,飛機場 踱步 (助手)
H475,19/01/2026,馬匹水中步行機,從化,,從化,,,,,,,,馬匹水中步行機,,
H475,19/01/2026,游水,從化,,從化,,,,,,,,游水,,
H475,19/01/2026,快操,從化,全天候,從化 全天候,,28.6,28.6,28.6,,助手,,快操,H/P,28.6 (28.6) (助手)
H475,19/01/2026,踱步,從化,飛機場,從化 飛機場,,,,,,助手,,踱步,H/P,飛機場 踱步 (助手)
H475,18/01/2026,馬匹水中步行機,從化,,從化,,,,,,,,馬匹水中步行機,,
H475,18/01/2026,游水,從化,,從化,,,,,,,,游水,,
H475,18/01/2026,踱步,從化,內圈,從化 內圈,,,,,,助手,,快踱一圈,H/P,內圈 快踱一圈 (助手)
H475,17/01/2026,游水,從化,,從化,,,,,,,,游水,,
H475,17/01/2026,踱步,從化,內圈,從化 內圈,,,,,,助手,,快踱一圈,H/P,內圈 快踱一圈 (助手)
H475,15/01/2026,游水,從化,,從化,,,,,,,,游水,,
H475,15/01/2026,踱步,從化,飛機場,從化 飛機場,,,,,,助手,,踱步,,飛機場 踱步 (助手)
H475,13/01/2026,游水,沙田,,沙田,,,,,,,,游水,,
H475,11/01/2026,出賽,沙田,草地,沙田 草地,1400M,,,,,班德禮,3/14,出賽,PC/TT,1400M (班德禮) (3/14)
H475,11/01/2026,踱步,沙田,飛機場,沙田 飛機場,,,,,,助手,,踱步,H/P,飛機場 踱步 (助手)
H475,10/01/2026,游水,沙田,,沙田,,,,,,,,游水,,
H475,10/01/2026,踱步,沙田,飛機場,沙田 飛機場,,,,,,助手,,踱步,H/P,飛機場 踱步 (助手)
H475,09/01/2026,游水,沙田,,沙田,,,,,,,,游水,,
H475,09/01/2026,踱步,沙田,飛機場,沙田 飛機場,,,,,,助手,,踱步,H/P,飛機場 踱步 (助手)
H475,08/01/2026,踱步,從化,內圈,從化 內圈,,,,,,助手,,倒快一圈,H/P,內圈 倒快一圈 (助手)
H475,07/01/2026,馬匹水中步行機,從化,,從化,,,,,,,,馬匹水中步行機,,
H475,07/01/2026,游水,從化,,從化,,,,,,,,游水,,
H475,07/01/2026,踱步,從化,飛機場,從化 飛機場,,,,,,助手,,踱步,,飛機場 踱步 (助手)
H475,06/01/2026,馬匹水中步行機,從化,,從化,,,,,,,,馬匹水中步行機,,
H475,06/01/2026,游水,從化,,從化,,,,,,,,游水,,
H475,06/01/2026,快操,從化,草地,從化 草地,,55.8,55.8,30.9 24.9,,助手,,快操,H/P,30.9 24.9 (55.8) (助手)
H475,06/01/2026,踱步,從化,飛機場,從化 飛機場,,,,,,助手,,踱步,H/P,飛機場 踱步 (助手)
H475,05/01/2026,游水,從化,,從化,,,,,,,,游水,,
H475,05/01/2026,踱步,從化,內圈,從化 內圈,,,,,,助手,,倒快兩圈,H,內圈 倒快兩圈 (助手)
H475,04/01/2026,馬匹水中步行機,從化,,從化,,,,,,,,馬匹水中步行機,,
H475,04/01/2026,游水,從化,,從化,,,,,,,,游水,,
H475,04/01/2026,踱步,從化,內圈,從化 內圈,,,,,,助手,,快踱一圈,H/P,內圈 快踱一圈 (助手)
H475,03/01/2026,馬匹水中步行機,從化,,從化,,,,,,,,馬匹水中步行機,,
H475,03/01/2026,游水,從化,,從化,,,,,,,,游水,,
H475,03/01/2026,踱步,從化,飛機場,從化 飛機場,,,,,,助手,,踱步,,飛機場 踱步 (助手)
H475,02/01/2026,馬匹水中步行機,從化,,從化,,,,,,,,馬匹水中步行機,,
H475,02/01/2026,快操,從化,全天候,從化 全天候,,57.3,57.3,32.3 25.0,,助手,,快操,H/P,32.3 25.0 (57.3) (助手)
H475,02/01/2026,踱步,從化,飛機場,從化 飛機場,,,,,,助手,,踱步,H/P,飛機場 踱步 (助手)
H475,01/01/2026,馬匹水中步行機,從化,,從化,,,,,,,,馬匹水中步行機,,
H475,01/01/2026,游水,從化,,從化,,,,,,,,游水,,
H475,01/01/2026,踱步,從化,內圈,從化 內圈,,,,,,助手,,倒快兩圈,H,內圈 倒快兩圈 (助手)
H475,31/12/2025,馬匹水中步行機,從化,,從化,,,,,,,,馬匹水中步行機,,
H475,31/12/2025,游水,從化,,從化,,,,,,,,游水,,
H475,31/12/2025,踱步,從化,內圈,從化 內圈,,,,,,助手,,快踱一圈,H/P,內圈 快踱一圈 (助手)
H475,30/12/2025,馬匹水中步行機,從化,,從化,,,,,,,,馬匹水中步行機,,
H475,30/12/2025,游水,從化,,從化,,,,,,,,游水,,
H475,30/12/2025,踱步,從化,飛機場,從化 飛機場,,,,,,助手,,踱步,,飛機場 踱步 (助手)
H475,29/12/2025,馬匹水中步行機,從化,,從化,,,,,,,,馬匹水中步行機,,
H475,29/12/2025,游水,從化,,從化,,,,,,,,游水,,
H475,29/12/2025,快操,從化,全天候,從化 全天候,,28.4,28.4,28.4,,助手,,快操,H/P,28.4 (28.4) (助手)
H475,29/12/2025,踱步,從化,飛機場,從化 飛機場,,,,,,助手,,踱步,H/P,飛機場 踱步 (助手)
H475,28/12/2025,馬匹水中步行機,從化,,從化,,,,,,,,馬匹水中步行機,,
H475,28/12/2025,游水,從化,,從化,,,,,,,,游水,,
H475,28/12/2025,踱步,從化,內圈,從化 內圈,,,,,,助手,,快踱一圈,H/P,內圈 快踱一圈 (助手)
H475,27/12/2025,游水,從化,,從化,,,,,,,,游水,,
H475,27/12/2025,踱步,從化,內圈,從化 內圈,,,,,,助手,,快踱一圈,H/P,內圈 快踱一圈 (助手)
H475,26/12/2025,游水,從化,,從化,,,,,,,,游水,,
H475,26/12/2025,踱步,從化,內圈,從化 內圈,,,,,,助手,,快踱一圈,H/P,內圈 快踱一圈 (助手)
H475,25/12/2025,游水,從化,,從化,,,,,,,,游水,,
H475,25/12/2025,踱步,從化,內圈,從化 內圈,,,,,,助手,,倒快一圈,H/P,內圈 倒快一圈 (助手)
H475,24/12/2025,游水,從化,,從化,,,,,,,,游水,,
H475,24/12/2025,踱步,從化,飛機場,從化 飛機場,,,,,,助手,,踱步,,飛機場 踱步 (助手)
H475,23/12/2025,馬匹水中步行機,從化,,從化,,,,,,,,馬匹水中步行機,,
H475,23/12/2025,游水,從化,,從化,,,,,,,,游水,,
H475,20/12/2025,出賽,沙田,草地,沙田 草地,1400M,,,,,潘頓,1/14,出賽,PC/TT,1400M (潘頓) (1/14)
H475,20/12/2025,踱步,沙田,飛機場,沙田 飛機場,,,,,,助手,,踱步,H/P,飛機場 踱步 (助手)
H475,19/12/2025,游水,沙田,,沙田,,,,,,,,游水,,
H475,19/12/2025,踱步,沙田,飛機場,沙田 飛機場,,,,,,助手,,踱步,H/P,飛機場 踱步 (助手)
H475,18/12/2025,游水,從化,,從化,,,,,,,,游水,,
H475,18/12/2025,踱步,從化,內圈,從化 內圈,,,,,,助手,,倒快一圈,H/P,內圈 倒快一圈 (助手)
H475,17/12/2025,馬匹水中步行機,從化,,從化,,,,,,,,馬匹水中步行機,,
H475,17/12/2025,游水,從化,,從化,,,,,,,,游水,,
H475,17/12/2025,踱步,從化,內圈,從化 內圈,,,,,,助手,,快踱一圈,H,內圈 快踱一圈 (助手)
H475,16/12/2025,馬匹水中步行機,從化,,從化,,,,,,,,馬匹水中步行機,,
H475,16/12/2025,游水,從化,,從化,,,,,,,,游水,,
H475,16/12/2025,踱步,從化,飛機場,從化 飛機場,,,,,,助手,,踱步,,飛機場 踱步 (助手)
H475,15/12/2025,馬匹水中步行機,從化,,從化,,,,,,,,馬匹水中步行機,,
H475,15/12/2025,快操,從化,全天候,從化 全天候,,54.4,54.4,29.0 25.4,,助手,,快操,H/P,29.0 25.4 (54.4) (助手)
H475,15/12/2025,踱步,從化,飛機場,從化 飛機場,,,,,,助手,,踱步,H/P,飛機場 踱步 (助手)
H475,14/12/2025,馬匹水中步行機,從化,,從化,,,,,,,,馬匹水中步行機,,
H475,14/12/2025,游水,從化,,從化,,,,,,,,游水,,
H475,14/12/2025,踱步,從化,內圈,從化 內圈,,,,,,助手,,快踱一圈,H/P,內圈 快踱一圈 (助手)
H475,13/12/2025,游水,從化,,從化,,,,,,,,游水,,
H475,13/12/2025,踱步,從化,內圈,從化 內圈,,,,,,助手,,快踱一圈,H,內圈 快踱一圈 (助手)
H475,12/12/2025,游水,從化,,從化,,,,,,,,游水,,
H475,12/12/2025,踱步,從化,飛機場,從化 飛機場,,,,,,助手,,踱步,,飛機場 踱步 (助手)
H475,11/12/2025,馬匹水中步行機,從化,,從化,,,,,,,,馬匹水中步行機,,
H475,11/12/2025,游水,從化,,從化,,,,,,,,游水,,
H475,11/12/2025,快操,從化,全天候,從化 全天候,,57.9,57.9,32.2 25.7,,助手,,快操,H/P,32.2 25.7 (57.9) (助手)
H475,11/12/2025,踱步,從化,飛機場,從化 飛機場,,,,,,助手,,踱步,H/P,飛機場 踱步 (助手)
H475,10/12/2025,馬匹水中步行機,從化,,從化,,,,,,,,馬匹水中步行機,,
H475,10/12/2025,游水,從化,,從化,,,,,,,,游水,,
H475,10/12/2025,踱步,從化,內圈,從化 內圈,,,,,,助手,,快踱一圈,H/P,內圈 快踱一圈 (助手)
H475,09/12/2025,游水,從化,,從化,,,,,,,,游水,,
H475,09/12/2025,踱步,從化,內圈,從化 內圈,,,,,,助手,,快踱一圈,H,內圈 快踱一圈 (助手)
H475,08/12/2025,馬匹水中步行機,從化,,從化,,,,,,,,馬匹水中步行機,,
H475,08/12/2025,游水,從化,,從化,,,,,,,,游水,,
H475,08/12/2025,踱步,從化,內圈,從化 內圈,,,,,,助手,,倒快一圈,H/P,內圈 倒快一圈 (助手)
H475,07/12/2025,馬匹水中步行機,從化,,從化,,,,,,,,馬匹水中步行機,,
H475,07/12/2025,游水,從化,,從化,,,,,,,,游水,,
H475,07/12/2025,踱步,從化,飛機場,從化 飛機場,,,,,,助手,,踱步,,飛機場 踱步 (助手)
H475,06/12/2025,馬匹水中步行機,從化,,從化,,,,,,,,馬匹水中步行機,,
H475,06/12/2025,游水,從化,,從化,,,,,,,,游水,,
H475,05/12/2025,試閘,從化,草地,從化 草地,1200M,1.10.99,70.99,24.6 22.5 23.8,至臻完美,查本楠,,第6組,PC,第6組 (查本楠) 1200M 至臻完美 24.6 22.5 23.8 (1.10.99)
H475,05/12/2025,踱步,從化,飛機場,從化 飛機場,,,,,,助手,,踱步,PC,飛機場 踱步 (助手)
H475,04/12/2025,馬匹水中步行機,從化,,從化,,,,,,,,馬匹水中步行機,,
H475,04/12/2025,游水,從化,,從化,,,,,,,,游水,,
H475,04/12/2025,踱步,從化,內圈,從化 內圈,,,,,,助手,,倒快兩圈,H/P,內圈 倒快兩圈 (助手)
H475,03/12/2025,馬匹水中步行機,從化,,從化,,,,,,,,馬匹水中步行機,,
H475,03/12/2025,游水,從化,,從化,,,,,,,,游水,,
H475,03/12/2025,踱步,從化,內圈,從化 內圈,,,,,,助手,,快踱一圈,H/P,內圈 快踱一圈 (助手)
H475,02/12/2025,馬匹水中步行機,從化,,從化,,,,,,,,馬匹水中步行機,,
H475,02/12/2025,游水,從化,,從化,,,,,,,,游水,,
H475,02/12/2025,踱步,從化,飛機場,從化 飛機場,,,,,,助手,,踱步,,飛機場 踱步 (助手)
H475,01/12/2025,馬匹水中步行機,從化,,從化,,,,,,,,馬匹水中步行機,,
H475,01/12/2025,游水,從化,,從化,,,,,,,,游水,,
H475,01/12/2025,快操,從化,全天候,從化 全天候,,54.2,54.2,28.9 25.3,,助手,,快操,H,28.9 25.3 (54.2) (助手)
H475,01/12/2025,踱步,從化,飛機場,從化 飛機場,,,,,,助手,,踱步,H,飛機場 踱步 (助手)
H475,30/11/2025,游水,從化,,從化,,,,,,,,游水,,
H475,30/11/2025,踱步,從化,內圈,從化 內圈,,,,,,助手,,快踱一圈,H/P,內圈 快踱一圈 (助手)
H475,29/11/2025,馬匹水中步行機,從化,,從化,,,,,,,,馬匹水中步行機,,
H475,29/11/2025,游水,從化,,從化,,,,,,,,游水,,
H475,29/11/2025,踱步,從化,內圈,從化 內圈,,,,,,助手,,快踱一圈,H/P,內圈 快踱一圈 (助手)
H475,28/11/2025,游水,從化,,從化,,,,,,,,游水,,
H475,28/11/2025,踱步,從化,內圈,從化 內圈,,,,,,助手,,快踱一圈,H/P,內圈 快踱一圈 (助手)
H475,27/11/2025,馬匹水中步行機,從化,,從化,,,,,,,,馬匹水中步行機,,
H475,27/11/2025,游水,從化,,從化,,,,,,,,游水,,
H475,27/11/2025,踱步,從化,飛機場,從化 飛機場,,,,,,助手,,踱步,,飛機場 踱步 (助手)
H475,26/11/2025,馬匹水中步行機,從化,,從化,,,,,,,,馬匹水中步行機,,
H475,26/11/2025,游水,從化,,從化,,,,,,,,游水,,
H475,26/11/2025,快操,從化,全天候,從化 全天候,,1.29.8,89.8,33.3 29.5 27.0,,助手,,快操,H/P,33.3 29.5 27.0 (1.29.8) (助手)
H475,26/11/2025,踱步,從化,飛機場,從化 飛機場,,,,,,助手,,踱步,H/P,飛機場 踱步 (助手)
H475,25/11/2025,游水,從化,,從化,,,,,,,,游水,,
H475,25/11/2025,踱步,從化,內圈,從化 內圈,,,,,,助手,,快踱一圈,H/P,內圈 快踱一圈 (助手)
H475,24/11/2025,馬匹水中步行機,從化,,從化,,,,,,,,馬匹水中步行機,,
H475,24/11/2025,游水,從化,,從化,,,,,,,,游水,,
H475,24/11/2025,踱步,從化,內圈,從化 內圈,,,,,,助手,,倒快兩圈,H/P,內圈 倒快兩圈 (助手)
H475,23/11/2025,馬匹水中步行機,從化,,從化,,,,,,,,馬匹水中步行機,,
H475,23/11/2025,游水,從化,,從化,,,,,,,,游水,,
H475,23/11/2025,踱步,從化,飛機場,從化 飛機場,,,,,,助手,,踱步,,飛機場 踱步 (助手)
H475,22/11/2025,馬匹水中步行機,從化,,從化,,,,,,,,馬匹水中步行機,,
H475,22/11/2025,游水,從化,,從化,,,,,,,,游水,,
H475,22/11/2025,快操,從化,全天候,從化 全天候,,56.9,56.9,31.9 25.0,,助手,,快操,H/P,31.9 25.0 (56.9) (助手)
H475,22/11/2025,踱步,從化,飛機場,從化 飛機場,,,,,,助手,,踱步,H/P,飛機場 踱步 (助手)
H475,21/11/2025,馬匹水中步行機,從化,,從化,,,,,,,,馬匹水中步行機,,
H475,21/11/2025,游水,從化,,從化,,,,,,,,游水,,
H475,21/11/2025,踱步,從化,內圈,從化 內圈,,,,,,助手,,快踱一圈,H/P,內圈 快踱一圈 (助手)
H475,20/11/2025,馬匹水中步行機,從化,,從化,,,,,,,,馬匹水中步行機,,
H475,20/11/2025,游水,從化,,從化,,,,,,,,游水,,
H475,20/11/2025,踱步,從化,內圈,從化 內圈,,,,,,助手,,倒快一圈,H/P,內圈 倒快一圈 (助手)
H475,19/11/2025,游水,從化,,從化,,,,,,,,游水,,
H475,19/11/2025,踱步,從化,飛機場,從化 飛機場,,,,,,助手,,踱步,,飛機場 踱步 (助手)
H475,18/11/2025,馬匹水中步行機,從化,,從化,,,,,,,,馬匹水中步行機,,
H475,18/11/2025,游水,從化,,從化,,,,,,,,游水,,
H475,18/11/2025,快操,從化,全天候,從化 全天候,,31.0,31.0,31.0,,助手,,快操,H/P,31.0 (31.0) (助手)
H475,18/11/2025,踱步,從化,飛機場,從化 飛機場,,,,,,助手,,踱步,H/P,飛機場 踱步 (助手)
H475,17/11/2025,游水,從化,,從化,,,,,,,,游水,,
H475,17/11/2025,踱步,從化,內圈,從化 內圈,,,,,,助手,,倒快兩圈,H/P,內圈 倒快兩圈 (助手)
H475,16/11/2025,馬匹水中步行機,從化,,從化,,,,,,,,馬匹水中步行機,,
H475,16/11/2025,游水,從化,,從化,,,,,,,,游水,,
H475,16/11/2025,踱步,從化,內圈,從化 內圈,,,,,,助手,,快踱一圈,H/P,內圈 快踱一圈 (助手)
H475,15/11/2025,游水,從化,,從化,,,,,,,,游水,,
H475,15/11/2025,踱步,從化,內圈,從化 內圈,,,,,,助手,,快踱一圈,H/P,內圈 快踱一圈 (助手)
H475,14/11/2025,游水,從化,,從化,,,,,,,,游水,,
H475,14/11/2025,踱步,從化,內圈,從化 內圈,,,,,,助手,,快踱一圈,H/P,內圈 快踱一圈 (助手)
H475,13/11/2025,馬匹水中步行機,從化,,從化,,,,,,,,馬匹水中步行機,,
H475,13/11/2025,游水,從化,,從化,,,,,,,,游水,,
H475,13/11/2025,踱步,從化,飛機場,從化 飛機場,,,,,,助手,,踱步,,飛機場 踱步 (助手)
H475,11/11/2025,游水,沙田,,沙田,,,,,,,,游水,,
H475,09/11/2025,出賽,沙田,草地,沙田 草地,1400M,,,,,潘頓,4/13,出賽,PC/TT,1400M (潘頓) (4/13)
H475,09/11/2025,踱步,沙田,飛機場,沙田 飛機場,,,,,,助手,,踱步,H/P,飛機場 踱步 (助手)
H475,08/11/2025,游水,沙田,,沙田,,,,,,,,游水,,
H475,08/11/2025,踱步,沙田,內圈,沙田 內圈,,,,,,助手,,快踱一圈,H/P,內圈 快踱一圈 (助手)
H475,07/11/2025,游水,沙田,,沙田,,,,,,,,游水,,
H475,07/11/2025,踱步,沙田,飛機場,沙田 飛機場,,,,,,助手,,踱步,H/P,飛機場 踱步 (助手)
H475,06/11/2025,游水,從化,,從化,,,,,,,,游水,,
H475,06/11/2025,踱步,從化,飛機場,從化 飛機場,,,,,,助手,,踱步,,飛機場 踱步 (助手)
H475,05/11/2025,馬匹水中步行機,從化,,從化,,,,,,,,馬匹水中步行機,,
H475,05/11/2025,游水,從化,,從化,,,,,,,,游水,,
H475,05/11/2025,快操,從化,全天候,從化 全天候,,24.7,24.7,24.7,,助手,,快操,H/P,24.7 (24.7) (助手)
H475,05/11/2025,踱步,從化,飛機場,從化 飛機場,,,,,,助手,,踱步,H/P,飛機場 踱步 (助手)
H475,04/11/2025,馬匹水中步行機,從化,,從化,,,,,,,,馬匹水中步行機,,
H475,04/11/2025,游水,從化,,從化,,,,,,,,游水,,
H475,04/11/2025,踱步,從化,內圈,從化 內圈,,,,,,助手,,快踱一圈,H/P,內圈 快踱一圈 (助手)
H475,03/11/2025,游水,從化,,從化,,,,,,,,游水,,
H475,03/11/2025,踱步,從化,飛機場,從化 飛機場,,,,,,助手,,踱步,,飛機場 踱步 (助手)
H475,02/11/2025,馬匹水中步行機,從化,,從化,,,,,,,,馬匹水中步行機,,
H475,02/11/2025,游水,從化,,從化,,,,,,,,游水,,
H475,02/11/2025,快操,從化,全天候,從化 全天候,,59.4,59.4,32.3 27.1,,助手,,快操,H/P,32.3 27.1 (59.4) (助手)
H475,02/11/2025,踱步,從化,飛機場,從化 飛機場,,,,,,助手,,踱步,H/P,飛機場 踱步 (助手)
H475,01/11/2025,馬匹水中步行機,從化,,從化,,,,,,,,馬匹水中步行機,,
H475,01/11/2025,游水,從化,,從化,,,,,,,,游水,,
H475,01/11/2025,踱步,從化,內圈,從化 內圈,,,,,,助手,,快踱一圈,H/P,內圈 快踱一圈 (助手)
H475,31/10/2025,馬匹水中步行機,從化,,從化,,,,,,,,馬匹水中步行機,,
H475,31/10/2025,游水,從化,,從化,,,,,,,,游水,,
H475,31/10/2025,踱步,從化,內圈,從化 內圈,,,,,,助手,,快踱一圈,H/P,內圈 快踱一圈 (助手)
H475,30/10/2025,馬匹水中步行機,從化,,從化,,,,,,,,馬匹水中步行機,,
H475,30/10/2025,游水,從化,,從化,,,,,,,,游水,,
H475,30/10/2025,踱步,從化,飛機場,從化 飛機場,,,,,,助手,,踱步,,飛機場 踱步 (助手)
H475,29/10/2025,馬匹水中步行機,從化,,從化,,,,,,,,馬匹水中步行機,,
H475,29/10/2025,游水,從化,,從化,,,,,,,,游水,,
H475,28/10/2025,試閘,從化,草地,從化 草地,1200M,1.10.51,70.51,24.3 22.8 23.4,醒目高球,查本楠,,第10組,,第10組 (查本楠) 1200M 醒目高球 24.3 22.8 23.4 (1.10.51)
H475,28/10/2025,踱步,從化,飛機場,從化 飛機場,,,,,,助手,,踱步,PC,飛機場 踱步 (助手)
H475,27/10/2025,馬匹水中步行機,從化,,從化,,,,,,,,馬匹水中步行機,,
H475,27/10/2025,游水,從化,,從化,,,,,,,,游水,,
H475,27/10/2025,踱步,從化,內圈,從化 內圈,,,,,,助手,,倒快一圈,H/P,內圈 倒快一圈 (助手)
H475,26/10/2025,馬匹水中步行機,從化,,從化,,,,,,,,馬匹水中步行機,,
H475,26/10/2025,游水,從化,,從化,,,,,,,,游水,,
H475,26/10/2025,踱步,從化,飛機場,從化 飛機場,,,,,,助手,,踱步,,飛機場 踱步 (助手)
H475,25/10/2025,馬匹水中步行機,從化,,從化,,,,,,,,馬匹水中步行機,,
H475,25/10/2025,游水,從化,,從化,,,,,,,,游水,,
H475,25/10/2025,快操,從化,全天候,從化 全天候,,28.0,28.0,28.0,,助手,,快操,H/P,28.0 (28.0) (助手)
H475,25/10/2025,踱步,從化,飛機場,從化 飛機場,,,,,,助手,,踱步,H/P,飛機場 踱步 (助手)
H475,24/10/2025,游水,從化,,從化,,,,,,,,游水,,
H475,24/10/2025,踱步,從化,內圈,從化 內圈,,,,,,助手,,快踱一圈,H/P,內圈 快踱一圈 (助手)
H475,23/10/2025,馬匹水中步行機,從化,,從化,,,,,,,,馬匹水中步行機,,
H475,23/10/2025,游水,從化,,從化,,,,,,,,游水,,
H475,23/10/2025,踱步,從化,內圈,從化 內圈,,,,,,助手,,倒快一圈,H/P,內圈 倒快一圈 (助手)
H475,22/10/2025,馬匹水中步行機,從化,,從化,,,,,,,,馬匹水中步行機,,
H475,22/10/2025,游水,從化,,從化,,,,,,,,游水,,
H475,22/10/2025,踱步,從化,飛機場,從化 飛機場,,,,,,助手,,踱步,,飛機場 踱步 (助手)
H475,21/10/2025,馬匹水中步行機,從化,,從化,,,,,,,,馬匹水中步行機,,
H475,21/10/2025,游水,從化,,從化,,,,,,,,游水,,
H475,21/10/2025,快操,從化,全天候,從化 全天候,,56.5,56.5,29.8 26.7,,助手,,快操,H/P,29.8 26.7 (56.5) (助手)
H475,21/10/2025,踱步,從化,飛機場,從化 飛機場,,,,,,助手,,踱步,H/P,飛機場 踱步 (助手)
H475,20/10/2025,馬匹水中步行機,從化,,從化,,,,,,,,馬匹水中步行機,,
H475,20/10/2025,游水,從化,,從化,,,,,,,,游水,,
H475,20/10/2025,踱步,從化,內圈,從化 內圈,,,,,,助手,,倒快兩圈,H/P,內圈 倒快兩圈 (助手)
H475,19/10/2025,馬匹水中步行機,從化,,從化,,,,,,,,馬匹水中步行機,,
H475,19/10/2025,游水,從化,,從化,,,,,,,,游水,,
H475,19/10/2025,踱步,從化,內圈,從化 內圈,,,,,,助手,,快踱一圈,H/P,內圈 快踱一圈 (助手)
H475,18/10/2025,馬匹水中步行機,從化,,從化,,,,,,,,馬匹水中步行機,,
H475,18/10/2025,游水,從化,,從化,,,,,,,,游水,,
H475,18/10/2025,踱步,從化,飛機場,從化 飛機場,,,,,,助手,,踱步,,飛機場 踱步 (助手)
H475,17/10/2025,馬匹水中步行機,從化,,從化,,,,,,,,馬匹水中步行機,,
H475,17/10/2025,游水,從化,,從化,,,,,,,,游水,,
H475,17/10/2025,快操,從化,全天候,從化 全天候,,58.5,58.5,32.3 26.2,,助手,,快操,H/P,32.3 26.2 (58.5) (助手)
H475,17/10/2025,踱步,從化,飛機場,從化 飛機場,,,,,,助手,,踱步,H/P,飛機場 踱步 (助手)
H475,16/10/2025,游水,從化,,從化,,,,,,,,游水,,
H475,16/10/2025,踱步,從化,內圈,從化 內圈,,,,,,助手,,倒快兩圈,H/P,內圈 倒快兩圈 (助手)
H475,15/10/2025,馬匹水中步行機,從化,,從化,,,,,,,,馬匹水中步行機,,
H475,15/10/2025,游水,從化,,從化,,,,,,,,游水,,
H475,15/10/2025,踱步,從化,內圈,從化 內圈,,,,,,助手,,快踱一圈,H/P,內圈 快踱一圈 (助手)
H475,14/10/2025,馬匹水中步行機,從化,,從化,,,,,,,,馬匹水中步行機,,
H475,14/10/2025,游水,從化,,從化,,,,,,,,游水,,
H475,14/10/2025,踱步,從化,飛機場,從化 飛機場,,,,,,助手,,踱步,,飛機場 踱步 (助手)
H475,13/10/2025,馬匹水中步行機,從化,,從化,,,,,,,,馬匹水中步行機,,
H475,13/10/2025,游水,從化,,從化,,,,,,,,游水,,
H475,13/10/2025,快操,從化,全天候,從化 全天候,,28.2,28.2,28.2,,助手,,快操,H/P,28.2 (28.2) (助手)
H475,13/10/2025,踱步,從化,飛機場,從化 飛機場,,,,,,助手,,踱步,H/P,飛機場 踱步 (助手)
H475,12/10/2025,馬匹水中步行機,從化,,從化,,,,,,,,馬匹水中步行機,,
H475,12/10/2025,游水,從化,,從化,,,,,,,,游水,,
H475,12/10/2025,踱步,從化,內圈,從化 內圈,,,,,,助手,,快踱一圈,H/P,內圈 快踱一圈 (助手)
H475,11/10/2025,馬匹水中步行機,從化,,從化,,,,,,,,馬匹水中步行機,,
H475,11/10/2025,游水,從化,,從化,,,,,,,,游水,,
H475,11/10/2025,踱步,從化,內圈,從化 內圈,,,,,,助手,,快踱一圈,H/P,內圈 快踱一圈 (助手)
H475,10/10/2025,游水,從化,,從化,,,,,,,,游水,,
H475,10/10/2025,踱步,從化,內圈,從化 內圈,,,,,,助手,,快踱一圈,H/P,內圈 快踱一圈 (助手)
H475,09/10/2025,馬匹水中步行機,從化,,從化,,,,,,,,馬匹水中步行機,,
H475,09/10/2025,游水,從化,,從化,,,,,,,,游水,,
H475,09/10/2025,踱步,從化,飛機場,從化 飛機場,,,,,,助手,,踱步,,飛機場 踱步 (助手)
H475,07/10/2025,游水,沙田,,沙田,,,,,,,,游水,,
H475,07/10/2025,踱步,沙田,飛機場,沙田 飛機場,,,,,,助手,,踱步,H/P,飛機場 踱步 (助手)
H475,06/10/2025,游水,沙田,,沙田,,,,,,,,游水,,
H475,04/10/2025,出賽,沙田,草地,沙田 草地,1400M,,,,,潘頓,2/14,出賽,PC/TT,1400M (潘頓) (2/14)
H475,04/10/2025,踱步,沙田,飛機場,沙田 飛機場,,,,,,助手,,踱步,H/P,飛機場 踱步 (助手)
H475,03/10/2025,游水,沙田,,沙田,,,,,,,,游水,,
H475,03/10/2025,踱步,沙田,內圈,沙田 內圈,,,,,,助手,,快踱一圈,H/P,內圈 快踱一圈 (助手)
H475,02/10/2025,游水,沙田,,沙田,,,,,,,,游水,,
H475,02/10/2025,踱步,沙田,飛機場,沙田 飛機場,,,,,,助手,,踱步,H/P,飛機場 踱步 (助手)
H475,01/10/2025,游水,從化,,從化,,,,,,,,游水,,
H475,01/10/2025,踱步,從化,飛機場,從化 飛機場,,,,,,助手,,踱步,,飛機場 踱步 (助手)
H475,30/09/2025,游水,從化,,從化,,,,,,,,游水,,
H475,30/09/2025,快操,從化,全天候,從化 全天候,,53.7,53.7,29.4 24.3,,助手,,快操,H/P,29.4 24.3 (53.7) (助手)
H475,30/09/2025,踱步,從化,飛機場,從化 飛機場,,,,,,助手,,踱步,H/P,飛機場 踱步 (助手)
H475,29/09/2025,游水,從化,,從化,,,,,,,,游水,,
H475,29/09/2025,踱步,從化,內圈,從化 內圈,,,,,,助手,,倒快兩圈,H/P,內圈 倒快兩圈 (助手)
H475,28/09/2025,游水,從化,,從化,,,,,,,,游水,,
H475,28/09/2025,踱步,從化,內圈,從化 內圈,,,,,,助手,,快踱一圈,H/P,內圈 快踱一圈 (助手)
H475,27/09/2025,游水,從化,,從化,,,,,,,,游水,,
H475,27/09/2025,踱步,從化,飛機場,從化 飛機場,,,,,,助手,,踱步,,飛機場 踱步 (助手)
H475,26/09/2025,游水,從化,,從化,,,,,,,,游水,,
H475,26/09/2025,快操,從化,全天候,從化 全天候,,58.4,58.4,32.6 25.8,,助手,,快操,H/P,32.6 25.8 (58.4) (助手)
H475,26/09/2025,踱步,從化,飛機場,從化 飛機場,,,,,,助手,,踱步,H/P,飛機場 踱步 (助手)
H475,25/09/2025,游水,從化,,從化,,,,,,,,游水,,
H475,25/09/2025,踱步,從化,內圈,從化 內圈,,,,,,助手,,倒快兩圈,H/P,內圈 倒快兩圈 (助手)
H475,23/09/2025,游水,從化,,從化,,,,,,,,游水,,
H475,23/09/2025,踱步,從化,飛機場,從化 飛機場,,,,,,助手,,踱步,,飛機場 踱步 (助手)
H475,22/09/2025,游水,從化,,從化,,,,,,,,游水,,
H475,22/09/2025,快操,從化,全天候,從化 全天候,,1.01.8,61.8,33.2 28.6,,助手,,快操,H/P,33.2 28.6 (1.01.8) (助手)
H475,22/09/2025,踱步,從化,飛機場,從化 飛機場,,,,,,助手,,踱步,H/P,飛機場 踱步 (助手)
H475,21/09/2025,游水,從化,,從化,,,,,,,,游水,,
H475,21/09/2025,踱步,從化,內圈,從化 內圈,,,,,,助手,,快踱一圈,H/P,內圈 快踱一圈 (助手)
H475,20/09/2025,游水,從化,,從化,,,,,,,,游水,,
H475,20/09/2025,踱步,從化,內圈,從化 內圈,,,,,,助手,,快踱一圈,H/P,內圈 快踱一圈 (助手)
H475,19/09/2025,游水,從化,,從化,,,,,,,,游水,,
H475,19/09/2025,踱步,從化,內圈,從化 內圈,,,,,,助手,,快踱一圈,H/P,內圈 快踱一圈 (助手)
H475,18/09/2025,游水,從化,,從化,,,,,,,,游水,,
H475,18/09/2025,踱步,從化,飛機場,從化 飛機場,,,,,,助手,,踱步,,飛機場 踱步 (助手)
H475,16/09/2025,游水,沙田,,沙田,,,,,,,,游水,,
H475,14/09/2025,出賽,沙田,草地,沙田 草地,1400M,,,,,潘頓,2/14,出賽,PC/TT,1400M (潘頓) (2/14)
H475,14/09/2025,踱步,沙田,飛機場,沙田 飛機場,,,,,,助手,,踱步,H/P,飛機場 踱步 (助手)
H475,13/09/2025,游水,沙田,,沙田,,,,,,,,游水,,
H475,13/09/2025,踱步,沙田,內圈,沙田 內圈,,,,,,助手,,快踱一圈,H/P,內圈 快踱一圈 (助手)
H475,12/09/2025,游水,沙田,,沙田,,,,,,,,游水,,
H475,12/09/2025,踱步,沙田,飛機場,沙田 飛機場,,,,,,助手,,踱步,H/P,飛機場 踱步 (助手)
H475,11/09/2025,游水,從化,,從化,,,,,,,,游水,,
H475,11/09/2025,踱步,從化,飛機場,從化 飛機場,,,,,,助手,,踱步,H/P,飛機場 踱步 (助手)
H475,10/09/2025,游水,從化,,從化,,,,,,,,游水,,
H475,10/09/2025,快操,從化,全天候,從化 全天候,,25.0,25.0,25.0,,助手,,快操,H/P,25.0 (25.0) (助手)
H475,10/09/2025,踱步,從化,飛機場,從化 飛機場,,,,,,助手,,踱步,H/P,飛機場 踱步 (助手)
H475,09/09/2025,游水,從化,,從化,,,,,,,,游水,,
H475,09/09/2025,踱步,從化,內圈,從化 內圈,,,,,,助手,,快踱一圈,H/P,內圈 快踱一圈 (助手)
H475,08/09/2025,游水,從化,,從化,,,,,,,,游水,,
H475,08/09/2025,踱步,從化,飛機場,從化 飛機場,,,,,,助手,,踱步,H/P,飛機場 踱步 (助手)
H475,07/09/2025,游水,從化,,從化,,,,,,,,游水,,
H475,07/09/2025,快操,從化,全天候,從化 全天候,,55.0,55.0,29.1 25.9,,助手,,快操,H/P,29.1 25.9 (55.0) (助手)
H475,07/09/2025,踱步,從化,飛機場,從化 飛機場,,,,,,助手,,踱步,H/P,飛機場 踱步 (助手)
H475,06/09/2025,游水,從化,,從化,,,,,,,,游水,,
H475,06/09/2025,踱步,從化,內圈,從化 內圈,,,,,,助手,,快踱一圈,H/P,內圈 快踱一圈 (助手)
H475,05/09/2025,游水,從化,,從化,,,,,,,,游水,,
H475,05/09/2025,踱步,從化,內圈,從化 內圈,,,,,,助手,,快踱一圈,H/P,內圈 快踱一圈 (助手)
H475,04/09/2025,游水,從化,,從化,,,,,,,,游水,,
H475,04/09/2025,踱步,從化,內圈,從化 內圈,,,,,,助手,,倒快兩圈,H/P,內圈 倒快兩圈 (助手)
H475,03/09/2025,游水,從化,,從化,,,,,,,,游水,,
H475,03/09/2025,踱步,從化,飛機場,從化 飛機場,,,,,,助手,,踱步,,飛機場 踱步 (助手)
H475,02/09/2025,游水,從化,,從化,,,,,,,,游水,,
H475,01/09/2025,試閘,從化,草地,從化 草地,1200M,1.10.20,70.2,24.7 22.5 23.0,球皇,查本楠,,第6組,PC,第6組 (查本楠) 1200M 球皇 24.7 22.5 23.0 (1.10.20)
H475,01/09/2025,踱步,從化,飛機場,從化 飛機場,,,,,,助手,,踱步,PC,飛機場 踱步 (助手)
H475,31/08/2025,游水,從化,,從化,,,,,,,,游水,,
H475,31/08/2025,踱步,從化,內圈,從化 內圈,,,,,,助手,,快踱一圈,H/P,內圈 快踱一圈 (助手)
H475,30/08/2025,游水,從化,,從化,,,,,,,,游水,,
H475,30/08/2025,踱步,從化,飛機場,從化 飛機場,,,,,,助手,,踱步,,飛機場 踱步 (助手)
H475,29/08/2025,游水,從化,,從化,,,,,,,,游水,,
H475,29/08/2025,快操,從化,全天候,從化 全天候,,56.1,56.1,30.4 25.7,,助手,,快操,H/P,30.4 25.7 (56.1) (助手)
H475,29/08/2025,踱步,從化,飛機場,從化 飛機場,,,,,,助手,,踱步,H/P,飛機場 踱步 (助手)
H475,28/08/2025,游水,從化,,從化,,,,,,,,游水,,
H475,28/08/2025,踱步,從化,內圈,從化 內圈,,,,,,助手,,倒快一圈,H/P,內圈 倒快一圈 (助手)
H475,27/08/2025,游水,從化,,從化,,,,,,,,游水,,
H475,27/08/2025,踱步,從化,飛機場,從化 飛機場,,,,,,助手,,踱步,,飛機場 踱步 (助手)
H475,26/08/2025,游水,從化,,從化,,,,,,,,游水,,
H475,26/08/2025,快操,從化,全天候,從化 全天候,,58.2,58.2,31.9 26.3,,助手,,快操,H/P,31.9 26.3 (58.2) (助手)
H475,26/08/2025,踱步,從化,飛機場,從化 飛機場,,,,,,助手,,踱步,H/P,飛機場 踱步 (助手)
H475,25/08/2025,游水,從化,,從化,,,,,,,,游水,,
H475,25/08/2025,踱步,從化,內圈,從化 內圈,,,,,,助手,,倒快兩圈,H/P,內圈 倒快兩圈 (助手)
H475,24/08/2025,游水,從化,,從化,,,,,,,,游水,,
H475,24/08/2025,踱步,從化,內圈,從化 內圈,,,,,,助手,,快踱一圈,H/P,內圈 快踱一圈 (助手)
H475,23/08/2025,游水,從化,,從化,,,,,,,,游水,,
H475,23/08/2025,踱步,從化,飛機場,從化 飛機場,,,,,,助手,,踱步,,飛機場 踱步 (助手)
H475,22/08/2025,游水,從化,,從化,,,,,,,,游水,,
H475,22/08/2025,快操,從化,全天候,從化 全天候,,58.6,58.6,32.8 25.8,,助手,,快操,H/P,32.8 25.8 (58.6) (助手)
H475,22/08/2025,踱步,從化,飛機場,從化 飛機場,,,,,,助手,,踱步,H/P,飛機場 踱步 (助手)
H475,21/08/2025,游水,從化,,從化,,,,,,,,游水,,
H475,21/08/2025,踱步,從化,內圈,從化 內圈,,,,,,助手,,倒快兩圈,H/P,內圈 倒快兩圈 (助手)
H475,20/08/2025,游水,從化,,從化,,,,,,,,游水,,
H475,20/08/2025,踱步,從化,內圈,從化 內圈,,,,,,助手,,快踱一圈,H/P,內圈 快踱一圈 (助手)
H475,19/08/2025,游水,從化,,從化,,,,,,,,游水,,
H475,19/08/2025,踱步,從化,飛機場,從化 飛機場,,,,,,助手,,踱步,,飛機場 踱步 (助手)
H475,18/08/2025,游水,從化,,從化,,,,,,,,游水,,
H475,18/08/2025,快操,從化,全天候,從化 全天候,,56.5,56.5,31.5 25.0,,助手,,快操,H/P,31.5 25.0 (56.5) (助手)
H475,18/08/2025,踱步,從化,飛機場,從化 飛機場,,,,,,助手,,踱步,H/P,飛機場 踱步 (助手)
H475,17/08/2025,游水,從化,,從化,,,,,,,,游水,,
H475,17/08/2025,踱步,從化,內圈,從化 內圈,,,,,,助手,,快踱一圈,H/P,內圈 快踱一圈 (助手)
H475,16/08/2025,游水,從化,,從化,,,,,,,,游水,,
H475,16/08/2025,踱步,從化,內圈,從化 內圈,,,,,,助手,,快踱一圈,H/P,內圈 快踱一圈 (助手)
H475,15/08/2025,游水,從化,,從化,,,,,,,,游水,,
H475,15/08/2025,踱步,從化,飛機場,從化 飛機場,,,,,,助手,,踱步,H/P,飛機場 踱步 (助手)
H475,14/08/2025,游水,從化,,從化,,,,,,,,游水,,
H475,14/08/2025,快操,從化,全天候,從化 全天候,,56.2,56.2,30.9 25.3,,助手,,快操,H/P,30.9 25.3 (56.2) (助手)
H475,14/08/2025,踱步,從化,飛機場,從化 飛機場,,,,,,助手,,踱步,H/P,飛機場 踱步 (助手)
H475,13/08/2025,游水,從化,,從化,,,,,,,,游水,,
H475,13/08/2025,踱步,從化,內圈,從化 內圈,,,,,,助手,,快踱一圈,H/P,內圈 快踱一圈 (助手)
H475,12/08/2025,游水,從化,,從化,,,,,,,,游水,,
H475,12/08/2025,踱步,從化,內圈,從化 內圈,,,,,,助手,,快踱一圈,H/P,內圈 快踱一圈 (助手)
H475,11/08/2025,游水,從化,,從化,,,,,,,,游水,,
H475,11/08/2025,快操,從化,全天候,從化 全天候,,57.6,57.6,32.0 25.6,,助手,,快操,H/P,32.0 25.6 (57.6) (助手)
H475,11/08/2025,踱步,從化,飛機場,從化 飛機場,,,,,,助手,,踱步,H/P,飛機場 踱步 (助手)
H475,10/08/2025,游水,從化,,從化,,,,,,,,游水,,
H475,10/08/2025,踱步,從化,內圈,從化 內圈,,,,,,助手,,快踱一圈,H/P,內圈 快踱一圈 (助手)
H475,09/08/2025,踱步,從化,內圈,從化 內圈,,,,,,助手,,快踱一圈,H/P,內圈 快踱一圈 (助手)
H475,08/08/2025,快操,從化,全天候,從化 全天候,,26.9,26.9,26.9,,助手,,快操,H/P,26.9 (26.9) (助手)
H475,08/08/2025,踱步,從化,飛機場,從化 飛機場,,,,,,助手,,踱步,H/P,飛機場 踱步 (助手)
H475,07/08/2025,踱步,從化,內圈,從化 內圈,,,,,,助手,,倒快兩圈,H/P,內圈 倒快兩圈 (助手)
H475,06/08/2025,踱步,從化,內圈,從化 內圈,,,,,,助手,,快踱一圈,H/P,內圈 快踱一圈 (助手)
H475,05/08/2025,快操,從化,全天候,從化 全天候,,27.8,27.8,27.8,,助手,,快操,H/P,27.8 (27.8) (助手)
H475,05/08/2025,踱步,從化,飛機場,從化 飛機場,,,,,,助手,,踱步,H/P,飛機場 踱步 (助手)
H475,03/08/2025,踱步,從化,內圈,從化 內圈,,,,,,助手,,快踱一圈,H/P,內圈 快踱一圈 (助手)
H475,02/08/2025,快操,從化,全天候,從化 全天候,,31.8,31.8,31.8,,助手,,快操,H/P,31.8 (31.8) (助手)
H475,02/08/2025,踱步,從化,飛機場,從化 飛機場,,,,,,助手,,踱步,H/P,飛機場 踱步 (助手)
H475,01/08/2025,踱步,從化,內圈,從化 內圈,,,,,,助手,,快踱一圈,H/P,內圈 快踱一圈 (助手)
H475,31/07/2025,踱步,從化,內圈,從化 內圈,,,,,,助手,,快踱一圈,H/P,內圈 快踱一圈 (助手)
H475,30/07/2025,踱步,從化,內圈,從化 內圈,,,,,,助手,,快踱一圈,H/P,內圈 快踱一圈 (助手)
H475,29/07/2025,踱步,從化,內圈,從化 內圈,,,,,,助手,,快踱一圈,H/P,內圈 快踱一圈 (助手)
H475,28/07/2025,踱步,從化,內圈,從化 內圈,,,,,,助手,,快踱一圈,H/P,內圈 快踱一圈 (助手)
H475,27/07/2025,踱步,從化,飛機場,從化 飛機場,,,,,,助手,,踱步,,飛機場 踱步 (助手)
H475,26/07/2025,踱步,從化,飛機場,從化 飛機場,,,,,,助手,,踱步,,飛機場 踱步 (助手)
H475,25/07/2025,踱步,從化,飛機場,從化 飛機場,,,,,,助手,,踱步,,飛機場 踱步 (助手)
H475,24/07/2025,踱步,從化,飛機場,從化 飛機場,,,,,,助手,,踱步,,飛機場 踱步 (助手)
H475,23/07/2025,踱步,從化,飛機場,從化 飛機場,,,,,,助手,,踱步,,飛機場 踱步 (助手)
H475,22/07/2025,踱步,從化,飛機場,從化 飛機場,,,,,,助手,,踱步,,飛機場 踱步 (助手)
H475,21/07/2025,踱步,從化,飛機場,從化 飛機場,,,,,,助手,,踱步,,飛機場 踱步 (助手)
H475,20/07/2025,踱步,從化,飛機場,從化 飛機場,,,,,,助手,,踱步,,飛機場 踱步 (助手)
H475,19/07/2025,踱步,從化,飛機場,從化 飛機場,,,,,,助手,,踱步,,飛機場 踱步 (助手)
H475,18/07/2025,踱步,從化,飛機場,從化 飛機場,,,,,,助手,,踱步,,飛機場 踱步 (助手)
H475,16/07/2025,游水,從化,,從化,,,,,,,,游水,,
H475,16/07/2025,快操,從化,全天候,從化 全天候,,1.04.0,64.0,33.2 30.8,,助手,,快操,H/P,33.2 30.8 (1.04.0) (助手)
H475,16/07/2025,踱步,從化,飛機場,從化 飛機場,,,,,,助手,,踱步,H/P,飛機場 踱步 (助手)
H475,15/07/2025,游水,從化,,從化,,,,,,,,游水,,
H475,15/07/2025,踱步,從化,內圈,從化 內圈,,,,,,助手,,快踱一圈,H/P,內圈 快踱一圈 (助手)
H475,14/07/2025,游水,從化,,從化,,,,,,,,游水,,
H475,14/07/2025,踱步,從化,內圈,從化 內圈,,,,,,助手,,倒快一圈,H/P,內圈 倒快一圈 (助手)
H475,13/07/2025,游水,從化,,從化,,,,,,,,游水,,
H475,13/07/2025,踱步,從化,內圈,從化 內圈,,,,,,助手,,快踱一圈,H/P,內圈 快踱一圈 (助手)
H475,12/07/2025,游水,從化,,從化,,,,,,,,游水,,
H475,12/07/2025,踱步,從化,飛機場,從化 飛機場,,,,,,助手,,踱步,,飛機場 踱步 (助手)
H475,11/07/2025,踱步,沙田,飛機場,沙田 飛機場,,,,,,助手,,踱步,PH,飛機場 踱步 (助手)
H475,10/07/2025,游水,沙田,,沙田,,,,,,,,游水,,
H475,10/07/2025,快操,沙田,全天候,沙田 全天候,,1.03.2,63.2,32.6 30.6,,助手,,快操,PH,32.6 30.6 (1.03.2) (助手)
H475,10/07/2025,踱步,沙田,飛機場,沙田 飛機場,,,,,,助手,,踱步,PH,飛機場 踱步 (助手)
H475,09/07/2025,游水,沙田,,沙田,,,,,,,,游水,,
H475,09/07/2025,踱步,沙田,內圈,沙田 內圈,,,,,,助手,,快踱一圈,P,內圈 快踱一圈 (助手)
H475,08/07/2025,游水,沙田,,沙田,,,,,,,,游水,,
H475,08/07/2025,踱步,沙田,內圈,沙田 內圈,,,,,,助手,,快踱一圈,P,內圈 快踱一圈 (助手)
H475,07/07/2025,游水,沙田,,沙田,,,,,,,,游水,,
H475,06/07/2025,游水,沙田,,沙田,,,,,,,,游水,,
H475,06/07/2025,快操,沙田,全天候,沙田 全天候,,59.5,59.5,33.1 26.4,,助手,,快操,PH,33.1 26.4 (59.5) (助手)
H475,06/07/2025,踱步,沙田,飛機場,沙田 飛機場,,,,,,助手,,踱步,PH,飛機場 踱步 (助手)
H475,05/07/2025,游水,沙田,,沙田,,,,,,,,游水,,
H475,05/07/2025,踱步,沙田,內圈,沙田 內圈,,,,,,助手,,快踱一圈,P,內圈 快踱一圈 (助手)
H475,04/07/2025,游水,沙田,,沙田,,,,,,,,游水,,
H475,04/07/2025,踱步,沙田,內圈,沙田 內圈,,,,,,助手,,快踱一圈,P,內圈 快踱一圈 (助手)
H475,03/07/2025,游水,沙田,,沙田,,,,,,,,游水,,
H475,03/07/2025,踱步,沙田,內圈,沙田 內圈,,,,,,助手,,倒快兩圈,H,內圈 倒快兩圈 (助手)
H475,02/07/2025,游水,沙田,,沙田,,,,,,,,游水,,
H475,02/07/2025,踱步,沙田,內圈,沙田 內圈,,,,,,助手,,快踱一圈,P,內圈 快踱一圈 (助手)
H475,01/07/2025,游水,沙田,,沙田,,,,,,,,游水,,
H475,01/07/2025,踱步,沙田,飛機場,沙田 飛機場,,,,,,助手,,踱步,PH,飛機場 踱步 (助手)
H475,30/06/2025,游水,沙田,,沙田,,,,,,,,游水,,
H475,28/06/2025,出賽,沙田,草地,沙田 草地,1400M,,,,,潘頓,2/14,出賽,PC/TT,1400M (潘頓) (2/14)
H475,28/06/2025,踱步,沙田,飛機場,沙田 飛機場,,,,,,助手,,踱步,PH,飛機場 踱步 (助手)
H475,27/06/2025,游水,沙田,,沙田,,,,,,,,游水,,
H475,27/06/2025,踱步,沙田,飛機場,沙田 飛機場,,,,,,助手,,踱步,PH,飛機場 踱步 (助手)
H475,26/06/2025,游水,從化,,從化,,,,,,,,游水,,
H475,26/06/2025,踱步,從化,飛機場,從化 飛機場,,,,,,助手,,踱步,H/P,飛機場 踱步 (助手)
H475,25/06/2025,游水,從化,,從化,,,,,,,,游水,,
H475,25/06/2025,快操,從化,全天候,從化 全天候,,25.9,25.9,25.9,,助手,,快操,H/P,25.9 (25.9) (助手)
H475,25/06/2025,踱步,從化,飛機場,從化 飛機場,,,,,,助手,,踱步,H/P,飛機場 踱步 (助手)
H475,24/06/2025,游水,從化,,從化,,,,,,,,游水,,
H475,24/06/2025,踱步,從化,內圈,從化 內圈,,,,,,助手,,快踱一圈,H/P,內圈 快踱一圈 (助手)
H475,23/06/2025,游水,從化,,從化,,,,,,,,游水,,
H475,23/06/2025,踱步,從化,內圈,從化 內圈,,,,,,助手,,倒快兩圈,H/P,內圈 倒快兩圈 (助手)
H475,22/06/2025,游水,從化,,從化,,,,,,,,游水,,
H475,22/06/2025,踱步,從化,飛機場,從化 飛機場,,,,,,助手,,踱步,H/P,飛機場 踱步 (助手)
H475,21/06/2025,游水,從化,,從化,,,,,,,,游水,,
H475,21/06/2025,快操,從化,草地,從化 草地,,54.5,54.5,29.3 25.2,,助手,,熊噹噹,H/P,29.3 25.2 (54.5) (助手) 熊噹噹
H475,21/06/2025,踱步,從化,飛機場,從化 飛機場,,,,,,助手,,踱步,H/P,飛機場 踱步 (助手)
H475,20/06/2025,游水,從化,,從化,,,,,,,,游水,,
H475,20/06/2025,踱步,從化,內圈,從化 內圈,,,,,,助手,,快踱一圈,H/P,內圈 快踱一圈 (助手)
H475,19/06/2025,游水,從化,,從化,,,,,,,,游水,,
H475,19/06/2025,踱步,從化,內圈,從化 內圈,,,,,,助手,,倒快兩圈,H/P,內圈 倒快兩圈 (助手)
H475,18/06/2025,游水,從化,,從化,,,,,,,,游水,,
H475,18/06/2025,踱步,從化,飛機場,從化 飛機場,,,,,,助手,,踱步,H/P,飛機場 踱步 (助手)
H475,17/06/2025,游水,從化,,從化,,,,,,,,游水,,
H475,17/06/2025,快操,從化,全天候,從化 全天候,,1.00.1,60.1,33.6 26.5,,助手,,快操,H/P,33.6 26.5 (1.00.1) (助手)
H475,17/06/2025,踱步,從化,飛機場,從化 飛機場,,,,,,助手,,踱步,H/P,飛機場 踱步 (助手)
H475,16/06/2025,游水,從化,,從化,,,,,,,,游水,,
H475,16/06/2025,踱步,從化,內圈,從化 內圈,,,,,,助手,,倒快兩圈,H/P,內圈 倒快兩圈 (助手)
H475,15/06/2025,游水,從化,,從化,,,,,,,,游水,,
H475,15/06/2025,踱步,從化,內圈,從化 內圈,,,,,,助手,,快踱一圈,H/P,內圈 快踱一圈 (助手)
H475,14/06/2025,游水,從化,,從化,,,,,,,,游水,,
H475,14/06/2025,踱步,從化,飛機場,從化 飛機場,,,,,,助手,,踱步,H/P,飛機場 踱步 (助手)
H475,13/06/2025,游水,從化,,從化,,,,,,,,游水,,
H475,13/06/2025,快操,從化,全天候,從化 全天候,,1.00.5,60.5,33.2 27.3,,助手,,快操,H/P,33.2 27.3 (1.00.5) (助手)
H475,13/06/2025,踱步,從化,飛機場,從化 飛機場,,,,,,助手,,踱步,H/P,飛機場 踱步 (助手)
H475,12/06/2025,游水,從化,,從化,,,,,,,,游水,,
H475,12/06/2025,踱步,從化,內圈,從化 內圈,,,,,,助手,,倒快兩圈,H/P,內圈 倒快兩圈 (助手)
H475,11/06/2025,游水,從化,,從化,,,,,,,,游水,,
H475,11/06/2025,踱步,從化,內圈,從化 內圈,,,,,,助手,,快踱一圈,H/P,內圈 快踱一圈 (助手)
H475,10/06/2025,游水,從化,,從化,,,,,,,,游水,,
H475,10/06/2025,踱步,從化,飛機場,從化 飛機場,,,,,,助手,,踱步,H/P,飛機場 踱步 (助手)
H475,09/06/2025,游水,從化,,從化,,,,,,,,游水,,
H475,09/06/2025,快操,從化,全天候,從化 全天候,,27.4,27.4,27.4,,助手,,快操,H/P,27.4 (27.4) (助手)
H475,09/06/2025,踱步,從化,飛機場,從化 飛機場,,,,,,助手,,踱步,H/P,飛機場 踱步 (助手)
H475,08/06/2025,游水,從化,,從化,,,,,,,,游水,,
H475,08/06/2025,踱步,從化,內圈,從化 內圈,,,,,,助手,,快踱一圈,H/P,內圈 快踱一圈 (助手)
H475,07/06/2025,游水,從化,,從化,,,,,,,,游水,,
H475,07/06/2025,踱步,從化,內圈,從化 內圈,,,,,,助手,,快踱一圈,H/P,內圈 快踱一圈 (助手)
H475,06/06/2025,游水,從化,,從化,,,,,,,,游水,,
H475,06/06/2025,踱步,從化,內圈,從化 內圈,,,,,,助手,,快踱一圈,H/P,內圈 快踱一圈 (助手)
H475,05/06/2025,游水,從化,,從化,,,,,,,,游水,,
H475,05/06/2025,踱步,從化,飛機場,從化 飛機場,,,,,,助手,,踱步,,飛機場 踱步 (助手)
H475,03/06/2025,游水,沙田,,沙田,,,,,,,,游水,,
H475,02/06/2025,游水,沙田,,沙田,,,,,,,,游水,,
H475,31/05/2025,出賽,沙田,草地,沙田 草地,1400M,,,,,董明朗,3/14,出賽,PC/TT,1400M (董明朗) (3/14)
H475,31/05/2025,踱步,沙田,飛機場,沙田 飛機場,,,,,,助手,,踱步,BH,飛機場 踱步 (助手)
H475,30/05/2025,游水,沙田,,沙田,,,,,,,,游水,,
H475,30/05/2025,踱步,沙田,飛機場,沙田 飛機場,,,,,,助手,,踱步,PH,飛機場 踱步 (助手)
H475,29/05/2025,游水,從化,,從化,,,,,,,,游水,,
H475,29/05/2025,快操,從化,全天候,從化 全天候,,29.9,29.9,29.9,,助手,,快操,H/P,29.9 (29.9) (助手)
H475,29/05/2025,踱步,從化,飛機場,從化 飛機場,,,,,,助手,,踱步,H/P,飛機場 踱步 (助手)
H475,28/05/2025,游水,從化,,從化,,,,,,,,游水,,
H475,28/05/2025,踱步,從化,內圈,從化 內圈,,,,,,助手,,快踱一圈,H/P,內圈 快踱一圈 (助手)
H475,27/05/2025,游水,從化,,從化,,,,,,,,游水,,
H475,27/05/2025,踱步,從化,內圈,從化 內圈,,,,,,助手,,快踱一圈,H/P,內圈 快踱一圈 (助手)
H475,26/05/2025,游水,從化,,從化,,,,,,,,游水,,
H475,26/05/2025,踱步,從化,內圈,從化 內圈,,,,,,助手,,倒快一圈,H/P,內圈 倒快一圈 (助手)
H475,25/05/2025,游水,從化,,從化,,,,,,,,游水,,
H475,25/05/2025,踱步,從化,飛機場,從化 飛機場,,,,,,助手,,踱步,,飛機場 踱步 (助手)
H475,24/05/2025,游水,從化,,從化,,,,,,,,游水,,
H475,23/05/2025,試閘,從化,草地,從化 草地,1200M,1.12.43,72.43,26.0 23.2 23.2,快樂之友,董明朗,,第9組,PC,第9組 (董明朗) 1200M 快樂之友 26.0 23.2 23.2 (1.12.43)
H475,23/05/2025,踱步,從化,飛機場,從化 飛機場,,,,,,助手,,踱步,PC,飛機場 踱步 (助手)
H475,22/05/2025,游水,從化,,從化,,,,,,,,游水,,
H475,22/05/2025,踱步,從化,內圈,從化 內圈,,,,,,助手,,倒快一圈,H/P,內圈 倒快一圈 (助手)
H475,21/05/2025,游水,從化,,從化,,,,,,,,游水,,
H475,21/05/2025,踱步,從化,內圈,從化 內圈,,,,,,助手,,快踱一圈,H/P,內圈 快踱一圈 (助手)
H475,20/05/2025,游水,從化,,從化,,,,,,,,游水,,
H475,20/05/2025,踱步,從化,飛機場,從化 飛機場,,,,,,助手,,踱步,H/P,飛機場 踱步 (助手)
H475,19/05/2025,游水,從化,,從化,,,,,,,,游水,,
H475,19/05/2025,快操,從化,全天候,從化 全天候,,55.9,55.9,30.2 25.7,,助手,,快操,H/P,30.2 25.7 (55.9) (助手)
H475,19/05/2025,踱步,從化,飛機場,從化 飛機場,,,,,,助手,,踱步,H/P,飛機場 踱步 (助手)
H475,18/05/2025,游水,從化,,從化,,,,,,,,游水,,
H475,18/05/2025,踱步,從化,內圈,從化 內圈,,,,,,助手,,快踱一圈,H/P,內圈 快踱一圈 (助手)
H475,17/05/2025,游水,從化,,從化,,,,,,,,游水,,
H475,17/05/2025,踱步,從化,內圈,從化 內圈,,,,,,助手,,快踱一圈,H/P,內圈 快踱一圈 (助手)
H475,16/05/2025,游水,從化,,從化,,,,,,,,游水,,
H475,16/05/2025,踱步,從化,飛機場,從化 飛機場,,,,,,助手,,踱步,H/P,飛機場 踱步 (助手)
H475,15/05/2025,游水,從化,,從化,,,,,,,,游水,,
H475,15/05/2025,快操,從化,全天候,從化 全天候,,58.0,58.0,31.7 26.3,,助手,,快操,H/P,31.7 26.3 (58.0) (助手)
H475,15/05/2025,踱步,從化,飛機場,從化 飛機場,,,,,,助手,,踱步,H/P,飛機場 踱步 (助手)
H475,14/05/2025,游水,從化,,從化,,,,,,,,游水,,
H475,14/05/2025,踱步,從化,內圈,從化 內圈,,,,,,助手,,快踱一圈,H/P,內圈 快踱一圈 (助手)
H475,13/05/2025,游水,從化,,從化,,,,,,,,游水,,
H475,13/05/2025,踱步,從化,內圈,從化 內圈,,,,,,助手,,快踱一圈,H/P,內圈 快踱一圈 (助手)
H475,12/05/2025,游水,從化,,從化,,,,,,,,游水,,
H475,12/05/2025,踱步,從化,飛機場,從化 飛機場,,,,,,助手,,踱步,H/P,飛機場 踱步 (助手)
H475,11/05/2025,游水,從化,,從化,,,,,,,,游水,,
H475,11/05/2025,快操,從化,全天候,從化 全天候,,54.2,54.2,28.5 25.7,,助手,,快操,H/P,28.5 25.7 (54.2) (助手)
H475,11/05/2025,踱步,從化,飛機場,從化 飛機場,,,,,,助手,,踱步,H/P,飛機場 踱步 (助手)
H475,10/05/2025,游水,從化,,從化,,,,,,,,游水,,
H475,10/05/2025,踱步,從化,內圈,從化 內圈,,,,,,助手,,快踱一圈,H/P,內圈 快踱一圈 (助手)
H475,09/05/2025,游水,從化,,從化,,,,,,,,游水,,
H475,09/05/2025,踱步,從化,內圈,從化 內圈,,,,,,助手,,快踱一圈,H/P,內圈 快踱一圈 (助手)
H475,08/05/2025,游水,從化,,從化,,,,,,,,游水,,
H475,08/05/2025,踱步,從化,內圈,從化 內圈,,,,,,助手,,倒快一圈,H/P,內圈 倒快一圈 (助手)
H475,07/05/2025,游水,從化,,從化,,,,,,,,游水,,
H475,07/05/2025,踱步,從化,飛機場,從化 飛機場,,,,,,助手,,踱步,,飛機場 踱步 (助手)
H475,06/05/2025,游水,從化,,從化,,,,,,,,游水,,
H475,05/05/2025,試閘,從化,草地,從化 草地,1000M,0.59.88,59.88,14.1 22.5 23.2,快馬加鞭,查本楠,,第3組,PC,第3組 (查本楠) 1000M 快馬加鞭 14.1 22.5 23.2 (0.59.88)
H475,05/05/2025,踱步,從化,飛機場,從化 飛機場,,,,,,助手,,踱步,PC,飛機場 踱步 (助手)
H475,04/05/2025,游水,從化,,從化,,,,,,,,游水,,
H475,04/05/2025,踱步,從化,內圈,從化 內圈,,,,,,助手,,快踱一圈,H/P,內圈 快踱一圈 (助手)
H475,03/05/2025,游水,從化,,從化,,,,,,,,游水,,
H475,03/05/2025,踱步,從化,內圈,從化 內圈,,,,,,助手,,快踱一圈,H/P,內圈 快踱一圈 (助手)
H475,02/05/2025,游水,從化,,從化,,,,,,,,游水,,
H475,02/05/2025,踱步,從化,飛機場,從化 飛機場,,,,,,助手,,踱步,H/P,飛機場 踱步 (助手)
H475,01/05/2025,游水,從化,,從化,,,,,,,,游水,,
H475,01/05/2025,快操,從化,全天候,從化 全天候,,57.4,57.4,31.8 25.6,,助手,,快操,H/P,31.8 25.6 (57.4) (助手)
H475,01/05/2025,踱步,從化,飛機場,從化 飛機場,,,,,,助手,,踱步,H/P,飛機場 踱步 (助手)
H475,30/04/2025,游水,從化,,從化,,,,,,,,游水,,
H475,30/04/2025,踱步,從化,內圈,從化 內圈,,,,,,助手,,快踱一圈,H/P,內圈 快踱一圈 (助手)
H475,29/04/2025,游水,從化,,從化,,,,,,,,游水,,
H475,29/04/2025,踱步,從化,內圈,從化 內圈,,,,,,助手,,快踱一圈,H/P,內圈 快踱一圈 (助手)
H475,28/04/2025,游水,從化,,從化,,,,,,,,游水,,
H475,28/04/2025,踱步,從化,內圈,從化 內圈,,,,,,助手,,倒快一圈,H/P,內圈 倒快一圈 (助手)
H475,27/04/2025,游水,從化,,從化,,,,,,,,游水,,
H475,27/04/2025,踱步,從化,飛機場,從化 飛機場,,,,,,助手,,踱步,H/P,飛機場 踱步 (助手)
H475,26/04/2025,游水,從化,,從化,,,,,,,,游水,,
H475,26/04/2025,快操,從化,全天候,從化 全天候,,58.5,58.5,32.2 26.3,,助手,,快操,H/P,32.2 26.3 (58.5) (助手)
H475,26/04/2025,踱步,從化,飛機場,從化 飛機場,,,,,,助手,,踱步,H/P,飛機場 踱步 (助手)
H475,25/04/2025,游水,從化,,從化,,,,,,,,游水,,
H475,25/04/2025,踱步,從化,內圈,從化 內圈,,,,,,助手,,快踱一圈,H/P,內圈 快踱一圈 (助手)
H475,24/04/2025,游水,從化,,從化,,,,,,,,游水,,
H475,24/04/2025,踱步,從化,內圈,從化 內圈,,,,,,助手,,倒快一圈,H/P,內圈 倒快一圈 (助手)
H475,23/04/2025,游水,從化,,從化,,,,,,,,游水,,
H475,23/04/2025,踱步,從化,飛機場,從化 飛機場,,,,,,助手,,踱步,H/P,飛機場 踱步 (助手)
H475,22/04/2025,游水,從化,,從化,,,,,,,,游水,,
H475,22/04/2025,快操,從化,全天候,從化 全天候,,57.1,57.1,31.0 26.1,,助手,,快操,H/P,31.0 26.1 (57.1) (助手)
H475,22/04/2025,踱步,從化,飛機場,從化 飛機場,,,,,,助手,,踱步,H/P,飛機場 踱步 (助手)
H475,21/04/2025,游水,從化,,從化,,,,,,,,游水,,
H475,21/04/2025,踱步,從化,內圈,從化 內圈,,,,,,助手,,倒快一圈,H/P,內圈 倒快一圈 (助手)
H475,20/04/2025,游水,從化,,從化,,,,,,,,游水,,
H475,20/04/2025,踱步,從化,內圈,從化 內圈,,,,,,助手,,快踱一圈,H/P,內圈 快踱一圈 (助手)
H475,19/04/2025,游水,從化,,從化,,,,,,,,游水,,
H475,19/04/2025,踱步,從化,飛機場,從化 飛機場,,,,,,助手,,踱步,H/P,飛機場 踱步 (助手)
H475,18/04/2025,游水,從化,,從化,,,,,,,,游水,,
H475,18/04/2025,快操,從化,全天候,從化 全天候,,58.5,58.5,31.4 27.1,,助手,,快操,H/P,31.4 27.1 (58.5) (助手)
H475,18/04/2025,踱步,從化,飛機場,從化 飛機場,,,,,,助手,,踱步,H/P,飛機場 踱步 (助手)
H475,17/04/2025,游水,從化,,從化,,,,,,,,游水,,
H475,17/04/2025,踱步,從化,內圈,從化 內圈,,,,,,助手,,倒快一圈,H/P,內圈 倒快一圈 (助手)
H475,16/04/2025,游水,從化,,從化,,,,,,,,游水,,
H475,16/04/2025,踱步,從化,內圈,從化 內圈,,,,,,助手,,快踱一圈,H/P,內圈 快踱一圈 (助手)
H475,15/04/2025,游水,從化,,從化,,,,,,,,游水,,
H475,15/04/2025,踱步,從化,內圈,從化 內圈,,,,,,助手,,快踱一圈,H/P,內圈 快踱一圈 (助手)
H475,14/04/2025,游水,從化,,從化,,,,,,,,游水,,
H475,14/04/2025,踱步,從化,內圈,從化 內圈,,,,,,助手,,倒快一圈,H/P,內圈 倒快一圈 (助手)
H475,13/04/2025,游水,從化,,從化,,,,,,,,游水,,
H475,13/04/2025,踱步,從化,飛機場,從化 飛機場,,,,,,助手,,踱步,,飛機場 踱步 (助手)
H475,12/04/2025,游水,從化,,從化,,,,,,,,游水,,
H475,09/04/2025,出賽,跑馬地,草地,跑馬地 草地,1200M,,,,,巴度,7/12,出賽,PC/TT,1200M (巴度) (7/12)
H475,09/04/2025,踱步,沙田,飛機場,沙田 飛機場,,,,,,助手,,踱步,PH,飛機場 踱步 (助手)
H475,08/04/2025,游水,沙田,,沙田,,,,,,,,游水,,
H475,07/04/2025,游水,從化,,從化,,,,,,,,游水,,
H475,07/04/2025,踱步,從化,飛機場,從化 飛機場,,,,,,助手,,踱步,H/P,飛機場 踱步 (助手)
H475,06/04/2025,游水,從化,,從化,,,,,,,,游水,,
H475,06/04/2025,快操,從化,全天候,從化 全天候,,24.4,24.4,24.4,,助手,,快操,H/P,24.4 (24.4) (助手)
H475,06/04/2025,踱步,從化,飛機場,從化 飛機場,,,,,,助手,,踱步,H/P,飛機場 踱步 (助手)
H475,05/04/2025,游水,從化,,從化,,,,,,,,游水,,
H475,05/04/2025,踱步,從化,內圈,從化 內圈,,,,,,助手,,快踱一圈,H/P,內圈 快踱一圈 (助手)
H475,04/04/2025,游水,從化,,從化,,,,,,,,游水,,
H475,04/04/2025,踱步,從化,飛機場,從化 飛機場,,,,,,助手,,踱步,H/P,飛機場 踱步 (助手)
H475,03/04/2025,游水,從化,,從化,,,,,,,,游水,,
H475,03/04/2025,快操,從化,全天候,從化 全天候,,57.6,57.6,31.6 26.0,,助手,,快操,H/P,31.6 26.0 (57.6) (助手)
H475,03/04/2025,踱步,從化,飛機場,從化 飛機場,,,,,,助手,,踱步,H/P,飛機場 踱步 (助手)
H475,02/04/2025,游水,從化,,從化,,,,,,,,游水,,
H475,02/04/2025,踱步,從化,內圈,從化 內圈,,,,,,助手,,快踱一圈,H/P,內圈 快踱一圈 (助手)
H475,01/04/2025,游水,從化,,從化,,,,,,,,游水,,
H475,01/04/2025,踱步,從化,內圈,從化 內圈,,,,,,助手,,快踱一圈,H/P,內圈 快踱一圈 (助手)
H475,31/03/2025,游水,從化,,從化,,,,,,,,游水,,
H475,31/03/2025,踱步,從化,內圈,從化 內圈,,,,,,助手,,倒快兩圈,H/P,內圈 倒快兩圈 (助手)
H475,30/03/2025,游水,從化,,從化,,,,,,,,游水,,
H475,30/03/2025,踱步,從化,飛機場,從化 飛機場,,,,,,助手,,踱步,,飛機場 踱步 (助手)
H475,29/03/2025,游水,從化,,從化,,,,,,,,游水,,
H475,28/03/2025,試閘,從化,草地,從化 草地,1200M,1.11.47,71.47,24.2 22.4 24.8,綫路萬里,董明朗,,第9組,PC,第9組 (董明朗) 1200M 綫路萬里 24.2 22.4 24.8 (1.11.47)
H475,28/03/2025,踱步,從化,飛機場,從化 飛機場,,,,,,助手,,踱步,PC,飛機場 踱步 (助手)
H475,27/03/2025,游水,從化,,從化,,,,,,,,游水,,
H475,27/03/2025,踱步,從化,內圈,從化 內圈,,,,,,助手,,倒快一圈,H/P,內圈 倒快一圈 (助手)
H475,26/03/2025,游水,從化,,從化,,,,,,,,游水,,
H475,26/03/2025,踱步,從化,內圈,從化 內圈,,,,,,助手,,快踱一圈,H/P,內圈 快踱一圈 (助手)
H475,25/03/2025,游水,從化,,從化,,,,,,,,游水,,
H475,25/03/2025,踱步,從化,內圈,從化 內圈,,,,,,助手,,快踱一圈,H/P,內圈 快踱一圈 (助手)
H475,24/03/2025,游水,從化,,從化,,,,,,,,游水,,
H475,24/03/2025,踱步,從化,內圈,從化 內圈,,,,,,助手,,倒快一圈,H/P,內圈 倒快一圈 (助手)
H475,23/03/2025,游水,從化,,從化,,,,,,,,游水,,
H475,23/03/2025,踱步,從化,飛機場,從化 飛機場,,,,,,助手,,踱步,H/P,飛機場 踱步 (助手)
H475,22/03/2025,游水,從化,,從化,,,,,,,,游水,,
H475,22/03/2025,快操,從化,全天候,從化 全天候,,57.2,57.2,32.6 24.6,,助手,,快操,H/P,32.6 24.6 (57.2) (助手)
H475,22/03/2025,踱步,從化,飛機場,從化 飛機場,,,,,,助手,,踱步,H/P,飛機場 踱步 (助手)
H475,21/03/2025,游水,從化,,從化,,,,,,,,游水,,
H475,21/03/2025,踱步,從化,內圈,從化 內圈,,,,,,助手,,快踱一圈,H/P,內圈 快踱一圈 (助手)
H475,20/03/2025,游水,從化,,從化,,,,,,,,游水,,
H475,20/03/2025,踱步,從化,內圈,從化 內圈,,,,,,助手,,倒快一圈,H/P,內圈 倒快一圈 (助手)
H475,19/03/2025,游水,從化,,從化,,,,,,,,游水,,
H475,19/03/2025,踱步,從化,飛機場,從化 飛機場,,,,,,助手,,踱步,H/P,飛機場 踱步 (助手)
H475,18/03/2025,游水,從化,,從化,,,,,,,,游水,,
H475,18/03/2025,快操,從化,全天候,從化 全天候,,58.1,58.1,30.5 27.6,,助手,,快操,H/P,30.5 27.6 (58.1) (助手)
H475,18/03/2025,踱步,從化,飛機場,從化 飛機場,,,,,,助手,,踱步,H/P,飛機場 踱步 (助手)
H475,17/03/2025,游水,從化,,從化,,,,,,,,游水,,
H475,17/03/2025,踱步,從化,內圈,從化 內圈,,,,,,助手,,倒快一圈,H/P,內圈 倒快一圈 (助手)
H475,16/03/2025,游水,從化,,從化,,,,,,,,游水,,
H475,16/03/2025,踱步,從化,內圈,從化 內圈,,,,,,助手,,快踱一圈,H/P,內圈 快踱一圈 (助手)
H475,15/03/2025,游水,從化,,從化,,,,,,,,游水,,
H475,15/03/2025,踱步,從化,飛機場,從化 飛機場,,,,,,助手,,踱步,H/P,飛機場 踱步 (助手)
H475,14/03/2025,游水,從化,,從化,,,,,,,,游水,,
H475,14/03/2025,快操,從化,全天候,從化 全天候,,58.6,58.6,32.0 26.6,,助手,,快操,H/P,32.0 26.6 (58.6) (助手)
H475,14/03/2025,踱步,從化,飛機場,從化 飛機場,,,,,,助手,,踱步,H/P,飛機場 踱步 (助手)
H475,13/03/2025,游水,從化,,從化,,,,,,,,游水,,
H475,13/03/2025,踱步,從化,內圈,從化 內圈,,,,,,助手,,倒快兩圈,H/P,內圈 倒快兩圈 (助手)
H475,12/03/2025,游水,從化,,從化,,,,,,,,游水,,
H475,12/03/2025,踱步,從化,內圈,從化 內圈,,,,,,助手,,快踱一圈,H/P,內圈 快踱一圈 (助手)
H475,11/03/2025,游水,從化,,從化,,,,,,,,游水,,
H475,11/03/2025,踱步,從化,飛機場,從化 飛機場,,,,,,助手,,踱步,H/P,飛機場 踱步 (助手)
H475,10/03/2025,游水,從化,,從化,,,,,,,,游水,,
H475,10/03/2025,快操,從化,全天候,從化 全天候,,1.01.0,61.0,33.2 27.8,,助手,,快操,H/P,33.2 27.8 (1.01.0) (助手)
H475,10/03/2025,踱步,從化,飛機場,從化 飛機場,,,,,,助手,,踱步,H/P,飛機場 踱步 (助手)
H475,09/03/2025,游水,從化,,從化,,,,,,,,游水,,
H475,09/03/2025,踱步,從化,內圈,從化 內圈,,,,,,助手,,快踱一圈,H/P,內圈 快踱一圈 (助手)
H475,08/03/2025,游水,從化,,從化,,,,,,,,游水,,
H475,08/03/2025,踱步,從化,內圈,從化 內圈,,,,,,助手,,快踱一圈,H/P,內圈 快踱一圈 (助手)
H475,07/03/2025,游水,從化,,從化,,,,,,,,游水,,
H475,07/03/2025,踱步,從化,內圈,從化 內圈,,,,,,助手,,快踱一圈,H/P,內圈 快踱一圈 (助手)
H475,06/03/2025,游水,從化,,從化,,,,,,,,游水,,
H475,06/03/2025,踱步,從化,飛機場,從化 飛機場,,,,,,助手,,踱步,,飛機場 踱步 (助手)
H475,04/03/2025,游水,沙田,,沙田,,,,,,,,游水,,
H475,04/03/2025,踱步,沙田,內圈,沙田 內圈,,,,,,助手,,快踱一圈,P,內圈 快踱一圈 (助手)
H475,03/03/2025,游水,沙田,,沙田,,,,,,,,游水,,
H475,03/03/2025,踱步,沙田,內圈,沙田 內圈,,,,,,助手,,倒快兩圈,PH,內圈 倒快兩圈 (助手)
H475,02/03/2025,游水,沙田,,沙田,,,,,,,,游水,,
H475,02/03/2025,踱步,沙田,內圈,沙田 內圈,,,,,,助手,,快踱一圈,PH,內圈 快踱一圈 (助手)
H475,01/03/2025,游水,沙田,,沙田,,,,,,,,游水,,
H475,01/03/2025,踱步,沙田,飛機場,沙田 飛機場,,,,,,助手,,踱步,PH,飛機場 踱步 (助手)
H475,28/02/2025,游水,沙田,,沙田,,,,,,,,游水,,
H475,26/02/2025,出賽,跑馬地,草地,跑馬地 草地,1650M,,,,,田泰安,8/12,出賽,PC/TT,1650M (田泰安) (8/12)
H475,26/02/2025,踱步,沙田,飛機場,沙田 飛機場,,,,,,助手,,踱步,PH,飛機場 踱步 (助手)
H475,25/02/2025,游水,沙田,,沙田,,,,,,,,游水,,
H475,25/02/2025,踱步,沙田,內圈,沙田 內圈,,,,,,助手,,快踱一圈,PH,內圈 快踱一圈 (助手)
H475,24/02/2025,游水,沙田,,沙田,,,,,,,,游水,,
H475,24/02/2025,踱步,沙田,內圈,沙田 內圈,,,,,,助手,,倒快兩圈,P,內圈 倒快兩圈 (助手)
H475,23/02/2025,游水,沙田,,沙田,,,,,,,,游水,,
H475,23/02/2025,踱步,沙田,飛機場,沙田 飛機場,,,,,,助手,,踱步,PH,飛機場 踱步 (助手)
H475,22/02/2025,游水,沙田,,沙田,,,,,,,,游水,,
H475,22/02/2025,快操,沙田,全天候,沙田 全天候,,26.1,26.1,26.1,,助手,,快操,PH,26.1 (26.1) (助手)
H475,22/02/2025,踱步,沙田,飛機場,沙田 飛機場,,,,,,助手,,踱步,PH,飛機場 踱步 (助手)
H475,21/02/2025,游水,沙田,,沙田,,,,,,,,游水,,
H475,21/02/2025,踱步,沙田,內圈,沙田 內圈,,,,,,助手,,快踱一圈,P,內圈 快踱一圈 (助手)
H475,20/02/2025,游水,沙田,,沙田,,,,,,,,游水,,
H475,20/02/2025,踱步,沙田,內圈,沙田 內圈,,,,,,助手,,倒快兩圈,,內圈 倒快兩圈 (助手)
H475,19/02/2025,游水,沙田,,沙田,,,,,,,,游水,,
H475,19/02/2025,踱步,沙田,內圈,沙田 內圈,,,,,,助手,,快踱一圈,,內圈 快踱一圈 (助手)
H475,18/02/2025,游水,沙田,,沙田,,,,,,,,游水,,
H475,18/02/2025,踱步,沙田,飛機場,沙田 飛機場,,,,,,助手,,踱步,,飛機場 踱步 (助手)
H475,17/02/2025,游水,沙田,,沙田,,,,,,,,游水,,
H475,17/02/2025,快操,沙田,全天候,沙田 全天候,,54.5,54.5,29.7 24.8,,助手,,快操,,29.7 24.8 (54.5) (助手)
H475,17/02/2025,踱步,沙田,飛機場,沙田 飛機場,,,,,,助手,,踱步,,飛機場 踱步 (助手)
H475,16/02/2025,游水,沙田,,沙田,,,,,,,,游水,,
H475,16/02/2025,踱步,沙田,內圈,沙田 內圈,,,,,,助手,,快踱一圈,,內圈 快踱一圈 (助手)
H475,15/02/2025,游水,沙田,,沙田,,,,,,,,游水,,
H475,15/02/2025,踱步,沙田,內圈,沙田 內圈,,,,,,助手,,快踱一圈,,內圈 快踱一圈 (助手)
H475,14/02/2025,游水,沙田,,沙田,,,,,,,,游水,,
H475,14/02/2025,踱步,沙田,內圈,沙田 內圈,,,,,,助手,,快踱一圈,,內圈 快踱一圈 (助手)
H475,13/02/2025,游水,沙田,,沙田,,,,,,,,游水,,
H475,13/02/2025,踱步,沙田,飛機場,沙田 飛機場,,,,,,助手,,踱步,,飛機場 踱步 (助手)
H475,12/02/2025,游水,沙田,,沙田,,,,,,,,游水,,
H475,12/02/2025,快操,沙田,全天候,沙田 全天候,,54.6,54.6,29.1 25.5,,助手,,快操,,29.1 25.5 (54.6) (助手)
H475,12/02/2025,踱步,沙田,飛機場,沙田 飛機場,,,,,,助手,,踱步,,飛機場 踱步 (助手)
H475,11/02/2025,游水,沙田,,沙田,,,,,,,,游水,,
H475,11/02/2025,踱步,沙田,內圈,沙田 內圈,,,,,,助手,,快踱一圈,H,內圈 快踱一圈 (助手)
H475,10/02/2025,游水,沙田,,沙田,,,,,,,,游水,,
H475,10/02/2025,踱步,沙田,內圈,沙田 內圈,,,,,,助手,,倒快兩圈,H,內圈 倒快兩圈 (助手)
H475,09/02/2025,游水,沙田,,沙田,,,,,,,,游水,,
H475,09/02/2025,踱步,沙田,內圈,沙田 內圈,,,,,,助手,,快踱一圈,,內圈 快踱一圈 (助手)
H475,08/02/2025,游水,沙田,,沙田,,,,,,,,游水,,
H475,08/02/2025,踱步,沙田,飛機場,沙田 飛機場,,,,,,助手,,踱步,,飛機場 踱步 (助手)
H475,07/02/2025,游水,沙田,,沙田,,,,,,,,游水,,
H475,07/02/2025,快操,沙田,全天候,沙田 全天候,,59.0,59.0,32.6 26.4,,助手,,快操,,32.6 26.4 (59.0) (助手)
H475,07/02/2025,踱步,沙田,飛機場,沙田 飛機場,,,,,,助手,,踱步,,飛機場 踱步 (助手)
H475,06/02/2025,游水,沙田,,沙田,,,,,,,,游水,,
H475,06/02/2025,踱步,沙田,內圈,沙田 內圈,,,,,,助手,,倒快兩圈,,內圈 倒快兩圈 (助手)
H475,05/02/2025,游水,沙田,,沙田,,,,,,,,游水,,
H475,05/02/2025,踱步,沙田,內圈,沙田 內圈,,,,,,助手,,快踱一圈,,內圈 快踱一圈 (助手)
H475,04/02/2025,游水,沙田,,沙田,,,,,,,,游水,,
H475,04/02/2025,踱步,沙田,飛機場,沙田 飛機場,,,,,,助手,,踱步,,飛機場 踱步 (助手)
H475,03/02/2025,游水,沙田,,沙田,,,,,,,,游水,,
H475,03/02/2025,快操,沙田,全天候,沙田 全天候,,1.00.8,60.8,33.2 27.6,,助手,,快操,,33.2 27.6 (1.00.8) (助手)
H475,03/02/2025,踱步,沙田,飛機場,沙田 飛機場,,,,,,助手,,踱步,,飛機場 踱步 (助手)
H475,02/02/2025,游水,沙田,,沙田,,,,,,,,游水,,
H475,02/02/2025,踱步,沙田,內圈,沙田 內圈,,,,,,助手,,快踱一圈,,內圈 快踱一圈 (助手)
H475,01/02/2025,游水,沙田,,沙田,,,,,,,,游水,,
H475,01/02/2025,踱步,沙田,內圈,沙田 內圈,,,,,,助手,,快踱一圈,,內圈 快踱一圈 (助手)
H475,31/01/2025,游水,沙田,,沙田,,,,,,,,游水,,
H475,31/01/2025,踱步,沙田,內圈,沙田 內圈,,,,,,助手,,快踱一圈,,內圈 快踱一圈 (助手)
H475,30/01/2025,游水,沙田,,沙田,,,,,,,,游水,,
H475,30/01/2025,踱步,沙田,內圈,沙田 內圈,,,,,,助手,,倒快兩圈,H,內圈 倒快兩圈 (助手)
H475,28/01/2025,游水,沙田,,沙田,,,,,,,,游水,,
H475,26/01/2025,出賽,沙田,草地,沙田 草地,1400M,,,,,潘明輝,7/14,出賽,CP-/PC1/TT,1400M (潘明輝) (7/14)
H475,26/01/2025,踱步,沙田,飛機場,沙田 飛機場,,,,,,助手,,踱步,,飛機場 踱步 (助手)
H475,25/01/2025,游水,沙田,,沙田,,,,,,,,游水,,
H475,25/01/2025,踱步,沙田,內圈,沙田 內圈,,,,,,助手,,快踱一圈,,內圈 快踱一圈 (助手)
H475,24/01/2025,游水,沙田,,沙田,,,,,,,,游水,,
H475,24/01/2025,踱步,沙田,飛機場,沙田 飛機場,,,,,,助手,,踱步,,飛機場 踱步 (助手)
H475,23/01/2025,游水,沙田,,沙田,,,,,,,,游水,,
H475,23/01/2025,快操,沙田,全天候,沙田 全天候,,25.2,25.2,25.2,,潘明輝,,快操,,25.2 (25.2) (潘明輝)
H475,23/01/2025,踱步,沙田,飛機場,沙田 飛機場,,,,,,助手,,踱步,,飛機場 踱步 (助手)
H475,22/01/2025,游水,沙田,,沙田,,,,,,,,游水,,
H475,22/01/2025,踱步,沙田,內圈,沙田 內圈,,,,,,助手,,快踱一圈,H,內圈 快踱一圈 (助手)
H475,21/01/2025,游水,沙田,,沙田,,,,,,,,游水,,
H475,21/01/2025,踱步,沙田,飛機場,沙田 飛機場,,,,,,助手,,踱步,,飛機場 踱步 (助手)
H475,20/01/2025,游水,沙田,,沙田,,,,,,,,游水,,
H475,20/01/2025,快操,沙田,全天候,沙田 全天候,,58.1,58.1,33.8 24.3,,助手,,快操,,33.8 24.3 (58.1) (助手)
H475,20/01/2025,踱步,沙田,飛機場,沙田 飛機場,,,,,,助手,,踱步,,飛機場 踱步 (助手)
H475,19/01/2025,游水,沙田,,沙田,,,,,,,,游水,,
H475,19/01/2025,踱步,沙田,內圈,沙田 內圈,,,,,,助手,,快踱一圈,,內圈 快踱一圈 (助手)
H475,18/01/2025,游水,沙田,,沙田,,,,,,,,游水,,
H475,18/01/2025,踱步,沙田,內圈,沙田 內圈,,,,,,助手,,快踱一圈,H,內圈 快踱一圈 (助手)
H475,17/01/2025,游水,沙田,,沙田,,,,,,,,游水,,
H475,17/01/2025,踱步,沙田,內圈,沙田 內圈,,,,,,助手,,快踱一圈,,內圈 快踱一圈 (助手)
H475,16/01/2025,游水,沙田,,沙田,,,,,,,,游水,,
H475,16/01/2025,踱步,沙田,飛機場,沙田 飛機場,,,,,,助手,,踱步,,飛機場 踱步 (助手)
H475,14/01/2025,試閘,沙田,全天候,沙田 全天候,1200M,1.10.25,70.25,24.0 22.8 23.4,綫路萬里,蔡明紹,,第2組,PC/XB,第2組 (蔡明紹) 1200M 綫路萬里 24.0 22.8 23.4 (1.10.25)
H475,13/01/2025,游水,沙田,,沙田,,,,,,,,游水,,
H475,13/01/2025,踱步,沙田,內圈,沙田 內圈,,,,,,副練馬師,,倒快兩圈,H,內圈 倒快兩圈 (副練馬師)
H475,12/01/2025,游水,沙田,,沙田,,,,,,,,游水,,
H475,12/01/2025,踱步,沙田,飛機場,沙田 飛機場,,,,,,助手,,踱步,,飛機場 踱步 (助手)
H475,11/01/2025,游水,沙田,,沙田,,,,,,,,游水,,
H475,11/01/2025,快操,沙田,全天候,沙田 全天候,,53.8,53.8,29.0 24.8,,副練馬師,,快操,,29.0 24.8 (53.8) (副練馬師)
H475,11/01/2025,踱步,沙田,飛機場,沙田 飛機場,,,,,,副練馬師,,踱步,,飛機場 踱步 (副練馬師)
H475,10/01/2025,游水,沙田,,沙田,,,,,,,,游水,,
H475,10/01/2025,踱步,沙田,內圈,沙田 內圈,,,,,,助手,,快踱一圈,H,內圈 快踱一圈 (助手)
H475,09/01/2025,游水,沙田,,沙田,,,,,,,,游水,,
H475,09/01/2025,踱步,沙田,內圈,沙田 內圈,,,,,,助手,,倒快兩圈,H,內圈 倒快兩圈 (助手)
H475,08/01/2025,游水,沙田,,沙田,,,,,,,,游水,,
H475,08/01/2025,踱步,沙田,飛機場,沙田 飛機場,,,,,,副練馬師,,踱步,,飛機場 踱步 (副練馬師)
H475,07/01/2025,游水,沙田,,沙田,,,,,,,,游水,,
H475,07/01/2025,快操,沙田,全天候,沙田 全天候,,59.0,59.0,32.7 26.3,,副練馬師,,快操,,32.7 26.3 (59.0) (副練馬師)
H475,07/01/2025,踱步,沙田,飛機場,沙田 飛機場,,,,,,副練馬師,,踱步,,飛機場 踱步 (副練馬師)
H475,06/01/2025,游水,沙田,,沙田,,,,,,,,游水,,
H475,06/01/2025,踱步,沙田,內圈,沙田 內圈,,,,,,助手,,倒快兩圈,H,內圈 倒快兩圈 (助手)
H475,05/01/2025,游水,沙田,,沙田,,,,,,,,游水,,
H475,05/01/2025,踱步,沙田,內圈,沙田 內圈,,,,,,助手,,快踱一圈,,內圈 快踱一圈 (助手)
H475,03/01/2025,游水,沙田,,沙田,,,,,,,,游水,,
H475,03/01/2025,踱步,沙田,內圈,沙田 內圈,,,,,,助手,,快踱一圈,,內圈 快踱一圈 (助手)
H475,02/01/2025,游水,沙田,,沙田,,,,,,,,游水,,
H475,02/01/2025,踱步,沙田,飛機場,沙田 飛機場,,,,,,助手,,踱步,,飛機場 踱步 (助手)
H475,01/01/2025,游水,沙田,,沙田,,,,,,,,游水,,
H475,31/12/2024,試閘,沙田,全天候,沙田 全天候,1200M,1.10.08,70.08,24.1 22.4 23.5,風起雲湧,蔡明紹,,第3組,PC,第3組 (蔡明紹) 1200M 風起雲湧 24.1 22.4 23.5 (1.10.08)
H475,30/12/2024,游水,沙田,,沙田,,,,,,,,游水,,
H475,30/12/2024,踱步,沙田,內圈,沙田 內圈,,,,,,助手,,倒快兩圈,,內圈 倒快兩圈 (助手)
H475,29/12/2024,游水,沙田,,沙田,,,,,,,,游水,,
H475,29/12/2024,踱步,沙田,內圈,沙田 內圈,,,,,,助手,,快踱一圈,,內圈 快踱一圈 (助手)
H475,28/12/2024,游水,沙田,,沙田,,,,,,,,游水,,
H475,28/12/2024,踱步,沙田,飛機場,沙田 飛機場,,,,,,助手,,踱步,,飛機場 踱步 (助手)
H475,27/12/2024,游水,沙田,,沙田,,,,,,,,游水,,
H475,27/12/2024,快操,沙田,全天候,沙田 全天候,,54.4,54.4,29.8 24.6,,副練馬師,,風起雲湧,PC,29.8 24.6 (54.4) (副練馬師) 風起雲湧
H475,27/12/2024,踱步,沙田,飛機場,沙田 飛機場,,,,,,副練馬師,,踱步,B,飛機場 踱步 (副練馬師)
H475,26/12/2024,游水,沙田,,沙田,,,,,,,,游水,,
H475,26/12/2024,踱步,沙田,內圈,沙田 內圈,,,,,,助手,,倒快兩圈,,內圈 倒快兩圈 (助手)
H475,25/12/2024,游水,沙田,,沙田,,,,,,,,游水,,
H475,25/12/2024,踱步,沙田,內圈,沙田 內圈,,,,,,助手,,快踱一圈,H,內圈 快踱一圈 (助手)
H475,24/12/2024,游水,沙田,,沙田,,,,,,,,游水,,
H475,24/12/2024,踱步,沙田,飛機場,沙田 飛機場,,,,,,助手,,踱步,,飛機場 踱步 (助手)
H475,23/12/2024,游水,沙田,,沙田,,,,,,,,游水,,
H475,23/12/2024,快操,沙田,全天候,沙田 全天候,,58.4,58.4,33.0 25.4,,助手,,快操,,33.0 25.4 (58.4) (助手)
H475,23/12/2024,踱步,沙田,飛機場,沙田 飛機場,,,,,,助手,,踱步,,飛機場 踱步 (助手)
H475,22/12/2024,游水,沙田,,沙田,,,,,,,,游水,,
H475,22/12/2024,踱步,沙田,內圈,沙田 內圈,,,,,,助手,,快踱一圈,,內圈 快踱一圈 (助手)
H475,21/12/2024,游水,沙田,,沙田,,,,,,,,游水,,
H475,21/12/2024,踱步,沙田,內圈,沙田 內圈,,,,,,助手,,快踱一圈,H,內圈 快踱一圈 (助手)
H475,20/12/2024,游水,沙田,,沙田,,,,,,,,游水,,
H475,20/12/2024,踱步,沙田,內圈,沙田 內圈,,,,,,助手,,快踱一圈,H,內圈 快踱一圈 (助手)
H475,19/12/2024,游水,沙田,,沙田,,,,,,,,游水,,
H475,19/12/2024,踱步,沙田,飛機場,沙田 飛機場,,,,,,助手,,踱步,,飛機場 踱步 (助手)
H475,18/12/2024,游水,沙田,,沙田,,,,,,,,游水,,
H475,17/12/2024,試閘,沙田,草地,沙田 草地,1000M,0.58.23,58.23,13.8 21.5 22.9,欣樂人生,楊明綸,,第4組,PC,第4組 (楊明綸) 1000M 欣樂人生 13.8 21.5 22.9 (0.58.23)
H475,16/12/2024,游水,沙田,,沙田,,,,,,,,游水,,
H475,16/12/2024,踱步,沙田,內圈,沙田 內圈,,,,,,助手,,倒快兩圈,H,內圈 倒快兩圈 (助手)
H475,15/12/2024,游水,沙田,,沙田,,,,,,,,游水,,
H475,15/12/2024,踱步,沙田,飛機場,沙田 飛機場,,,,,,助手,,踱步,B,飛機場 踱步 (助手)
H475,14/12/2024,游水,沙田,,沙田,,,,,,,,游水,,
H475,14/12/2024,快操,沙田,全天候,沙田 全天候,,58.7,58.7,31.4 27.3,,助手,,快操,B,31.4 27.3 (58.7) (助手)
H475,13/12/2024,游水,沙田,,沙田,,,,,,,,游水,,
H475,13/12/2024,踱步,沙田,內圈,沙田 內圈,,,,,,助手,,快踱一圈,,內圈 快踱一圈 (助手)
H475,12/12/2024,游水,沙田,,沙田,,,,,,,,游水,,
H475,12/12/2024,踱步,沙田,內圈,沙田 內圈,,,,,,助手,,倒快兩圈,,內圈 倒快兩圈 (助手)
H475,11/12/2024,游水,沙田,,沙田,,,,,,,,游水,,
H475,11/12/2024,踱步,沙田,飛機場,沙田 飛機場,,,,,,助手,,踱步,,飛機場 踱步 (助手)
H475,10/12/2024,游水,沙田,,沙田,,,,,,,,游水,,
H475,10/12/2024,快操,沙田,全天候,沙田 全天候,,1.23.9,83.9,31.5 27.6 24.8,,潘頓,,快操,,31.5 27.6 24.8 (1.23.9) (潘頓)
H475,10/12/2024,踱步,沙田,飛機場,沙田 飛機場,,,,,,助手,,踱步,H,飛機場 踱步 (助手)
H475,09/12/2024,游水,沙田,,沙田,,,,,,,,游水,,
H475,09/12/2024,踱步,沙田,內圈,沙田 內圈,,,,,,助手,,倒快兩圈,,內圈 倒快兩圈 (助手)
H475,08/12/2024,游水,沙田,,沙田,,,,,,,,游水,,
H475,08/12/2024,踱步,沙田,飛機場,沙田 飛機場,,,,,,助手,,踱步,,飛機場 踱步 (助手)
H475,07/12/2024,游水,沙田,,沙田,,,,,,,,游水,,
H475,07/12/2024,快操,沙田,全天候,沙田 全天候,,1.00.1,60.1,33.0 27.1,,助手,,快操,,33.0 27.1 (1.00.1) (助手)
H475,07/12/2024,踱步,沙田,飛機場,沙田 飛機場,,,,,,助手,,踱步,,飛機場 踱步 (助手)
H475,06/12/2024,游水,沙田,,沙田,,,,,,,,游水,,
H475,06/12/2024,踱步,沙田,內圈,沙田 內圈,,,,,,助手,,快踱一圈,H,內圈 快踱一圈 (助手)
H475,05/12/2024,游水,沙田,,沙田,,,,,,,,游水,,
H475,05/12/2024,踱步,沙田,內圈,沙田 內圈,,,,,,助手,,倒快兩圈,,內圈 倒快兩圈 (助手)
H475,04/12/2024,游水,沙田,,沙田,,,,,,,,游水,,
H475,03/12/2024,游水,沙田,,沙田,,,,,,,,游水,,
H475,03/12/2024,踱步,沙田,飛機場,沙田 飛機場,,,,,,助手,,踱步,,飛機場 踱步 (助手)
H475,02/12/2024,游水,沙田,,沙田,,,,,,,,游水,,
H475,02/12/2024,踱步,沙田,內圈,沙田 內圈,,,,,,助手,,倒快兩圈,,內圈 倒快兩圈 (助手)
H475,01/12/2024,游水,沙田,,沙田,,,,,,,,游水,,
H475,01/12/2024,踱步,沙田,內圈,沙田 內圈,,,,,,助手,,快踱一圈,,內圈 快踱一圈 (助手)
H475,30/11/2024,游水,沙田,,沙田,,,,,,,,游水,,
H475,30/11/2024,踱步,沙田,飛機場,沙田 飛機場,,,,,,助手,,踱步,,飛機場 踱步 (助手)
H475,29/11/2024,游水,沙田,,沙田,,,,,,,,游水,,
H475,29/11/2024,快操,沙田,全天候,沙田 全天候,,56.2,56.2,29.8 26.4,,助手,,快操,,29.8 26.4 (56.2) (助手)
H475,29/11/2024,踱步,沙田,飛機場,沙田 飛機場,,,,,,助手,,踱步,,飛機場 踱步 (助手)
H475,28/11/2024,游水,沙田,,沙田,,,,,,,,游水,,
H475,28/11/2024,踱步,沙田,內圈,沙田 內圈,,,,,,助手,,倒快兩圈,,內圈 倒快兩圈 (助手)
H475,27/11/2024,游水,沙田,,沙田,,,,,,,,游水,,
H475,27/11/2024,踱步,沙田,飛機場,沙田 飛機場,,,,,,助手,,踱步,,飛機場 踱步 (助手)
H475,26/11/2024,游水,沙田,,沙田,,,,,,,,游水,,
H475,26/11/2024,快操,沙田,全天候,沙田 全天候,,1.00.2,60.2,33.1 27.1,,助手,,快操,,33.1 27.1 (1.00.2) (助手)
H475,26/11/2024,踱步,沙田,飛機場,沙田 飛機場,,,,,,助手,,踱步,,飛機場 踱步 (助手)
H475,25/11/2024,游水,沙田,,沙田,,,,,,,,游水,,
H475,25/11/2024,踱步,沙田,內圈,沙田 內圈,,,,,,助手,,倒快兩圈,,內圈 倒快兩圈 (助手)
H475,24/11/2024,游水,沙田,,沙田,,,,,,,,游水,,
H475,24/11/2024,踱步,沙田,內圈,沙田 內圈,,,,,,助手,,快踱一圈,,內圈 快踱一圈 (助手)
H475,23/11/2024,游水,沙田,,沙田,,,,,,,,游水,,
H475,23/11/2024,踱步,沙田,飛機場,沙田 飛機場,,,,,,助手,,踱步,,飛機場 踱步 (助手)
H475,22/11/2024,游水,沙田,,沙田,,,,,,,,游水,,
H475,22/11/2024,快操,沙田,全天候,沙田 全天候,,59.1,59.1,32.3 26.8,,助手,,快操,,32.3 26.8 (59.1) (助手)
H475,22/11/2024,踱步,沙田,飛機場,沙田 飛機場,,,,,,助手,,踱步,,飛機場 踱步 (助手)
H475,21/11/2024,游水,沙田,,沙田,,,,,,,,游水,,
H475,21/11/2024,踱步,沙田,內圈,沙田 內圈,,,,,,助手,,倒快兩圈,H,內圈 倒快兩圈 (助手)
H475,20/11/2024,游水,沙田,,沙田,,,,,,,,游水,,
H475,20/11/2024,踱步,沙田,內圈,沙田 內圈,,,,,,助手,,快踱一圈,,內圈 快踱一圈 (助手)
H475,19/11/2024,游水,沙田,,沙田,,,,,,,,游水,,
H475,19/11/2024,快操,沙田,全天候,沙田 全天候,,33.1,33.1,33.1,,助手,,快操,,33.1 (33.1) (助手)
H475,18/11/2024,游水,沙田,,沙田,,,,,,,,游水,,
H475,18/11/2024,踱步,沙田,內圈,沙田 內圈,,,,,,助手,,倒快一圈,,內圈 倒快一圈 (助手)
H475,17/11/2024,游水,沙田,,沙田,,,,,,,,游水,,
H475,17/11/2024,踱步,沙田,內圈,沙田 內圈,,,,,,助手,,快踱一圈,H,內圈 快踱一圈 (助手)
H475,16/11/2024,游水,沙田,,沙田,,,,,,,,游水,,
H475,16/11/2024,踱步,沙田,內圈,沙田 內圈,,,,,,助手,,快踱一圈,,內圈 快踱一圈 (助手)
H475,15/11/2024,游水,沙田,,沙田,,,,,,,,游水,,
H475,15/11/2024,踱步,沙田,內圈,沙田 內圈,,,,,,助手,,快踱一圈,,內圈 快踱一圈 (助手)
H475,14/11/2024,游水,沙田,,沙田,,,,,,,,游水,,
H475,12/11/2024,游水,沙田,,沙田,,,,,,,,游水,,
H475,11/11/2024,游水,沙田,,沙田,,,,,,,,游水,,
H475,11/11/2024,踱步,沙田,內圈,沙田 內圈,,,,,,副練馬師,,倒快一圈,H,內圈 倒快一圈 (副練馬師)
H475,10/11/2024,游水,沙田,,沙田,,,,,,,,游水,,
H475,10/11/2024,踱步,沙田,內圈,沙田 內圈,,,,,,副練馬師,,快踱一圈,H,內圈 快踱一圈 (副練馬師)
H475,09/11/2024,游水,沙田,,沙田,,,,,,,,游水,,
H475,09/11/2024,踱步,沙田,內圈,沙田 內圈,,,,,,副練馬師,,快踱一圈,H,內圈 快踱一圈 (副練馬師)
H475,08/11/2024,游水,沙田,,沙田,,,,,,,,游水,,
H475,08/11/2024,踱步,沙田,內圈,沙田 內圈,,,,,,副練馬師,,快踱一圈,H,內圈 快踱一圈 (副練馬師)
H475,07/11/2024,游水,沙田,,沙田,,,,,,,,游水,,
H475,07/11/2024,踱步,沙田,飛機場,沙田 飛機場,,,,,,助手,,踱步,H,飛機場 踱步 (助手)
H475,06/11/2024,游水,沙田,,沙田,,,,,,,,游水,,
H475,05/11/2024,游水,沙田,,沙田,,,,,,,,游水,,
H475,03/11/2024,出賽,沙田,草地,沙田 草地,1200M,,,,,鍾易禮,5/12,出賽,CP1/TT,1200M (鍾易禮) (5/12)
H475,03/11/2024,踱步,沙田,內圈,沙田 內圈,,,,,,副練馬師,,快踱一圈,H,內圈 快踱一圈 (副練馬師)
H475,02/11/2024,游水,沙田,,沙田,,,,,,,,游水,,
H475,02/11/2024,踱步,沙田,內圈,沙田 內圈,,,,,,副練馬師,,快踱一圈,H,內圈 快踱一圈 (副練馬師)
H475,01/11/2024,游水,沙田,,沙田,,,,,,,,游水,,
H475,01/11/2024,踱步,沙田,內圈,沙田 內圈,,,,,,副練馬師,,快踱一圈,H,內圈 快踱一圈 (副練馬師)
H475,31/10/2024,游水,沙田,,沙田,,,,,,,,游水,,
H475,31/10/2024,踱步,沙田,內圈,沙田 內圈,,,,,,副練馬師,,倒快一圈,H,內圈 倒快一圈 (副練馬師)
H475,30/10/2024,游水,沙田,,沙田,,,,,,,,游水,,
H475,30/10/2024,快操,沙田,全天候,沙田 全天候,,24.2,24.2,24.2,,副練馬師,,快操,H,24.2 (24.2) (副練馬師)
H475,30/10/2024,踱步,沙田,飛機場,沙田 飛機場,,,,,,副練馬師,,踱步,H,飛機場 踱步 (副練馬師)
H475,29/10/2024,游水,沙田,,沙田,,,,,,,,游水,,
H475,29/10/2024,踱步,沙田,內圈,沙田 內圈,,,,,,副練馬師,,快踱一圈,H,內圈 快踱一圈 (副練馬師)
H475,28/10/2024,游水,沙田,,沙田,,,,,,,,游水,,
H475,28/10/2024,踱步,沙田,內圈,沙田 內圈,,,,,,副練馬師,,倒快一圈,H,內圈 倒快一圈 (副練馬師)
H475,27/10/2024,游水,沙田,,沙田,,,,,,,,游水,,
H475,27/10/2024,踱步,沙田,內圈,沙田 內圈,,,,,,副練馬師,,快踱一圈,H,內圈 快踱一圈 (副練馬師)
H475,26/10/2024,游水,沙田,,沙田,,,,,,,,游水,,
H475,26/10/2024,踱步,沙田,內圈,沙田 內圈,,,,,,副練馬師,,快踱一圈,H,內圈 快踱一圈 (副練馬師)
H475,25/10/2024,踱步,沙田,內圈,沙田 內圈,,,,,,助手,,快踱一圈,H,內圈 快踱一圈 (助手)
H475,24/10/2024,踱步,沙田,內圈,沙田 內圈,,,,,,助手,,倒快一圈,H,內圈 倒快一圈 (助手)
H475,22/10/2024,試閘,沙田,全天候,沙田 全天候,1200M,1.11.46,71.46,24.5 22.9 24.0,康樂高球,周俊樂,,第3組,,第3組 (周俊樂) 1200M 康樂高球 24.5 22.9 24.0 (1.11.46)
H475,22/10/2024,游水,沙田,,沙田,,,,,,,,游水,,
H475,21/10/2024,游水,沙田,,沙田,,,,,,,,游水,,
H475,21/10/2024,踱步,沙田,內圈,沙田 內圈,,,,,,副練馬師,,倒快一圈,H,內圈 倒快一圈 (副練馬師)
H475,20/10/2024,游水,沙田,,沙田,,,,,,,,游水,,
H475,20/10/2024,踱步,沙田,內圈,沙田 內圈,,,,,,副練馬師,,快踱一圈,H,內圈 快踱一圈 (副練馬師)
H475,19/10/2024,游水,沙田,,沙田,,,,,,,,游水,,
H475,19/10/2024,踱步,沙田,內圈,沙田 內圈,,,,,,副練馬師,,快踱一圈,H,內圈 快踱一圈 (副練馬師)
H475,18/10/2024,游水,沙田,,沙田,,,,,,,,游水,,
H475,18/10/2024,快操,沙田,全天候,沙田 全天候,,58.6,58.6,33.5 25.1,,副練馬師,,快操,CP,33.5 25.1 (58.6) (副練馬師)
H475,18/10/2024,踱步,沙田,飛機場,沙田 飛機場,,,,,,副練馬師,,踱步,H,飛機場 踱步 (副練馬師)
H475,17/10/2024,游水,沙田,,沙田,,,,,,,,游水,,
H475,17/10/2024,踱步,沙田,內圈,沙田 內圈,,,,,,副練馬師,,倒快一圈,H,內圈 倒快一圈 (副練馬師)
H475,16/10/2024,游水,沙田,,沙田,,,,,,,,游水,,
H475,16/10/2024,踱步,沙田,內圈,沙田 內圈,,,,,,助手,,快踱一圈,H,內圈 快踱一圈 (助手)
H475,15/10/2024,游水,沙田,,沙田,,,,,,,,游水,,
H475,15/10/2024,踱步,沙田,內圈,沙田 內圈,,,,,,副練馬師,,快踱一圈,H,內圈 快踱一圈 (副練馬師)
H475,14/10/2024,游水,沙田,,沙田,,,,,,,,游水,,
H475,14/10/2024,快操,沙田,全天候,沙田 全天候,,28.8,28.8,28.8,,副練馬師,,快操,H,28.8 (28.8) (副練馬師)
H475,14/10/2024,踱步,沙田,飛機場,沙田 飛機場,,,,,,副練馬師,,踱步,H,飛機場 踱步 (副練馬師)
H475,13/10/2024,游水,沙田,,沙田,,,,,,,,游水,,
H475,13/10/2024,踱步,沙田,內圈,沙田 內圈,,,,,,副練馬師,,快踱一圈,H,內圈 快踱一圈 (副練馬師)
H475,12/10/2024,游水,沙田,,沙田,,,,,,,,游水,,
H475,12/10/2024,踱步,沙田,內圈,沙田 內圈,,,,,,副練馬師,,快踱一圈,H,內圈 快踱一圈 (副練馬師)
H475,11/10/2024,游水,沙田,,沙田,,,,,,,,游水,,
H475,11/10/2024,踱步,沙田,內圈,沙田 內圈,,,,,,助手,,快踱一圈,H,內圈 快踱一圈 (助手)
H475,10/10/2024,游水,沙田,,沙田,,,,,,,,游水,,
H475,10/10/2024,踱步,沙田,飛機場,沙田 飛機場,,,,,,助手,,踱步,H,飛機場 踱步 (助手)
H475,09/10/2024,游水,沙田,,沙田,,,,,,,,游水,,
H475,08/10/2024,游水,沙田,,沙田,,,,,,,,游水,,
H475,06/10/2024,出賽,沙田,草地,沙田 草地,1400M,,,,,巴度,6/12,出賽,TT1,1400M (巴度) (6/12)
H475,06/10/2024,游水,沙田,,沙田,,,,,,,,游水,,
H475,06/10/2024,踱步,沙田,內圈,沙田 內圈,,,,,,副練馬師,,快踱一圈,H,內圈 快踱一圈 (副練馬師)
H475,05/10/2024,游水,沙田,,沙田,,,,,,,,游水,,
H475,05/10/2024,踱步,沙田,內圈,沙田 內圈,,,,,,副練馬師,,快踱一圈,H,內圈 快踱一圈 (副練馬師)
H475,04/10/2024,游水,沙田,,沙田,,,,,,,,游水,,
H475,04/10/2024,踱步,沙田,內圈,沙田 內圈,,,,,,副練馬師,,快踱一圈,H,內圈 快踱一圈 (副練馬師)
H475,03/10/2024,游水,沙田,,沙田,,,,,,,,游水,,
H475,03/10/2024,踱步,沙田,內圈,沙田 內圈,,,,,,副練馬師,,倒快一圈,H,內圈 倒快一圈 (副練馬師)
H475,02/10/2024,游水,沙田,,沙田,,,,,,,,游水,,
H475,02/10/2024,快操,沙田,全天候,沙田 全天候,,58.5,58.5,32.3 26.2,,副練馬師,,快操,H,32.3 26.2 (58.5) (副練馬師)
H475,02/10/2024,踱步,沙田,飛機場,沙田 飛機場,,,,,,副練馬師,,踱步,H,飛機場 踱步 (副練馬師)
H475,01/10/2024,游水,沙田,,沙田,,,,,,,,游水,,
H475,01/10/2024,踱步,沙田,內圈,沙田 內圈,,,,,,副練馬師,,快踱一圈,H,內圈 快踱一圈 (副練馬師)
H475,30/09/2024,游水,沙田,,沙田,,,,,,,,游水,,
H475,30/09/2024,踱步,沙田,內圈,沙田 內圈,,,,,,副練馬師,,倒快一圈,H,內圈 倒快一圈 (副練馬師)
H475,29/09/2024,游水,沙田,,沙田,,,,,,,,游水,,
H475,29/09/2024,踱步,沙田,內圈,沙田 內圈,,,,,,副練馬師,,快踱一圈,H,內圈 快踱一圈 (副練馬師)
H475,28/09/2024,游水,沙田,,沙田,,,,,,,,游水,,
H475,28/09/2024,踱步,沙田,內圈,沙田 內圈,,,,,,副練馬師,,快踱一圈,H,內圈 快踱一圈 (副練馬師)
H475,27/09/2024,游水,沙田,,沙田,,,,,,,,游水,,
H475,27/09/2024,踱步,沙田,內圈,沙田 內圈,,,,,,副練馬師,,快踱一圈,H,內圈 快踱一圈 (副練馬師)
H475,26/09/2024,游水,沙田,,沙田,,,,,,,,游水,,
H475,26/09/2024,踱步,沙田,內圈,沙田 內圈,,,,,,助手,,倒快兩圈,H,內圈 倒快兩圈 (助手)
H475,25/09/2024,游水,沙田,,沙田,,,,,,,,游水,,
H475,25/09/2024,踱步,沙田,內圈,沙田 內圈,,,,,,副練馬師,,快踱一圈,H,內圈 快踱一圈 (副練馬師)
H475,24/09/2024,游水,沙田,,沙田,,,,,,,,游水,,
H475,24/09/2024,快操,沙田,全天候,沙田 全天候,,59.1,59.1,33.3 25.8,,巴度,,快操,H,33.3 25.8 (59.1) (巴度)
H475,24/09/2024,踱步,沙田,飛機場,沙田 飛機場,,,,,,巴度,,踱步,H,飛機場 踱步 (巴度)
H475,23/09/2024,游水,沙田,,沙田,,,,,,,,游水,,
H475,23/09/2024,踱步,沙田,內圈,沙田 內圈,,,,,,副練馬師,,倒快一圈,H,內圈 倒快一圈 (副練馬師)
H475,22/09/2024,游水,沙田,,沙田,,,,,,,,游水,,
H475,22/09/2024,踱步,沙田,內圈,沙田 內圈,,,,,,副練馬師,,快踱一圈,H,內圈 快踱一圈 (副練馬師)
H475,21/09/2024,游水,沙田,,沙田,,,,,,,,游水,,
H475,21/09/2024,踱步,沙田,內圈,沙田 內圈,,,,,,副練馬師,,快踱一圈,H,內圈 快踱一圈 (副練馬師)
H475,20/09/2024,游水,沙田,,沙田,,,,,,,,游水,,
H475,20/09/2024,快操,沙田,全天候,沙田 全天候,,25.1,25.1,25.1,,副練馬師,,快操,H,25.1 (25.1) (副練馬師)
H475,20/09/2024,踱步,沙田,飛機場,沙田 飛機場,,,,,,副練馬師,,踱步,H,飛機場 踱步 (副練馬師)
H475,19/09/2024,游水,沙田,,沙田,,,,,,,,游水,,
H475,19/09/2024,踱步,沙田,內圈,沙田 內圈,,,,,,副練馬師,,倒快一圈,H,內圈 倒快一圈 (副練馬師)
H475,18/09/2024,游水,沙田,,沙田,,,,,,,,游水,,
H475,18/09/2024,踱步,沙田,內圈,沙田 內圈,,,,,,副練馬師,,快踱一圈,H,內圈 快踱一圈 (副練馬師)
H475,17/09/2024,游水,沙田,,沙田,,,,,,,,游水,,
H475,17/09/2024,踱步,沙田,內圈,沙田 內圈,,,,,,助手,,快踱一圈,H,內圈 快踱一圈 (助手)
H475,16/09/2024,游水,沙田,,沙田,,,,,,,,游水,,
H475,16/09/2024,快操,沙田,全天候,沙田 全天候,,30.1,30.1,30.1,,副練馬師,,快操,H,30.1 (30.1) (副練馬師)
H475,16/09/2024,踱步,沙田,飛機場,沙田 飛機場,,,,,,副練馬師,,踱步,H,飛機場 踱步 (副練馬師)
H475,15/09/2024,游水,沙田,,沙田,,,,,,,,游水,,
H475,15/09/2024,踱步,沙田,內圈,沙田 內圈,,,,,,副練馬師,,快踱一圈,H,內圈 快踱一圈 (副練馬師)
H475,14/09/2024,游水,沙田,,沙田,,,,,,,,游水,,
H475,14/09/2024,踱步,沙田,內圈,沙田 內圈,,,,,,副練馬師,,快踱一圈,H,內圈 快踱一圈 (副練馬師)
H475,13/09/2024,游水,沙田,,沙田,,,,,,,,游水,,
H475,13/09/2024,踱步,沙田,內圈,沙田 內圈,,,,,,助手,,快踱一圈,H,內圈 快踱一圈 (助手)
H475,12/09/2024,游水,沙田,,沙田,,,,,,,,游水,,
H475,12/09/2024,踱步,沙田,飛機場,沙田 飛機場,,,,,,助手,,踱步,H,飛機場 踱步 (助手)
H475,11/09/2024,游水,沙田,,沙田,,,,,,,,游水,,
H475,10/09/2024,游水,沙田,,沙田,,,,,,,,游水,,
H475,08/09/2024,出賽,沙田,草地,沙田 草地,1400M,,,,,巴度,10/13,出賽,,1400M (巴度) (10/13)
H475,08/09/2024,游水,沙田,,沙田,,,,,,,,游水,,
H475,08/09/2024,踱步,沙田,內圈,沙田 內圈,,,,,,副練馬師,,快踱一圈,H,內圈 快踱一圈 (副練馬師)
H475,07/09/2024,游水,沙田,,沙田,,,,,,,,游水,,
H475,07/09/2024,踱步,沙田,內圈,沙田 內圈,,,,,,副練馬師,,快踱一圈,H,內圈 快踱一圈 (副練馬師)
H475,06/09/2024,游水,沙田,,沙田,,,,,,,,游水,,
H475,05/09/2024,游水,沙田,,沙田,,,,,,,,游水,,
H475,05/09/2024,踱步,沙田,內圈,沙田 內圈,,,,,,副練馬師,,倒快兩圈,,內圈 倒快兩圈 (副練馬師)
H475,04/09/2024,游水,沙田,,沙田,,,,,,,,游水,,
H475,04/09/2024,快操,沙田,全天候,沙田 全天候,,57.3,57.3,31.4 25.9,,巴度,,快操,H,31.4 25.9 (57.3) (巴度)
H475,04/09/2024,踱步,沙田,飛機場,沙田 飛機場,,,,,,助手,,踱步,H,飛機場 踱步 (助手)
H475,03/09/2024,游水,沙田,,沙田,,,,,,,,游水,,
H475,03/09/2024,踱步,沙田,內圈,沙田 內圈,,,,,,副練馬師,,快踱一圈,H,內圈 快踱一圈 (副練馬師)
H475,02/09/2024,游水,沙田,,沙田,,,,,,,,游水,,
H475,02/09/2024,踱步,沙田,內圈,沙田 內圈,,,,,,副練馬師,,倒快兩圈,H,內圈 倒快兩圈 (副練馬師)
H475,01/09/2024,游水,沙田,,沙田,,,,,,,,游水,,
H475,01/09/2024,踱步,沙田,內圈,沙田 內圈,,,,,,副練馬師,,快踱一圈,H,內圈 快踱一圈 (副練馬師)
H475,31/08/2024,游水,沙田,,沙田,,,,,,,,游水,,
H475,31/08/2024,快操,沙田,全天候,沙田 全天候,,27.3,27.3,27.3,,副練馬師,,極速贏,H,27.3 (27.3) (副練馬師) 極速贏
H475,31/08/2024,踱步,沙田,飛機場,沙田 飛機場,,,,,,助手,,踱步,H,飛機場 踱步 (助手)
H475,30/08/2024,游水,沙田,,沙田,,,,,,,,游水,,
H475,30/08/2024,踱步,沙田,內圈,沙田 內圈,,,,,,副練馬師,,快踱一圈,H,內圈 快踱一圈 (副練馬師)
H475,29/08/2024,游水,沙田,,沙田,,,,,,,,游水,,
H475,29/08/2024,踱步,沙田,內圈,沙田 內圈,,,,,,助手,,倒快兩圈,H,內圈 倒快兩圈 (助手)
H475,28/08/2024,游水,沙田,,沙田,,,,,,,,游水,,
H475,28/08/2024,踱步,沙田,內圈,沙田 內圈,,,,,,助手,,快踱一圈,H,內圈 快踱一圈 (助手)
H475,27/08/2024,游水,沙田,,沙田,,,,,,,,游水,,
H475,27/08/2024,快操,沙田,全天候,沙田 全天候,,25.6,25.6,25.6,,助手,,快操,H,25.6 (25.6) (助手)
H475,27/08/2024,踱步,沙田,飛機場,沙田 飛機場,,,,,,助手,,踱步,H,飛機場 踱步 (助手)
H475,26/08/2024,游水,沙田,,沙田,,,,,,,,游水,,
H475,26/08/2024,踱步,沙田,內圈,沙田 內圈,,,,,,助手,,倒快一圈,H,內圈 倒快一圈 (助手)
H475,25/08/2024,游水,沙田,,沙田,,,,,,,,游水,,
H475,25/08/2024,踱步,沙田,內圈,沙田 內圈,,,,,,助手,,快踱一圈,H,內圈 快踱一圈 (助手)
H475,24/08/2024,游水,沙田,,沙田,,,,,,,,游水,,
H475,24/08/2024,踱步,沙田,飛機場,沙田 飛機場,,,,,,助手,,踱步,H,飛機場 踱步 (助手)
H475,23/08/2024,試閘,沙田,全天候,沙田 全天候,1050M,1.01.67,61.67,16.2 23.2 22.2,嘉應喝彩,潘頓,,第3組,,第3組 (潘頓) 1050M 嘉應喝彩 16.2 23.2 22.2 (1.01.67)
H475,23/08/2024,游水,沙田,,沙田,,,,,,,,游水,,
H475,22/08/2024,游水,沙田,,沙田,,,,,,,,游水,,
H475,22/08/2024,踱步,沙田,內圈,沙田 內圈,,,,,,助手,,倒快一圈,H,內圈 倒快一圈 (助手)
H475,21/08/2024,游水,沙田,,沙田,,,,,,,,游水,,
H475,21/08/2024,踱步,沙田,內圈,沙田 內圈,,,,,,助手,,快踱一圈,H,內圈 快踱一圈 (助手)
H475,20/08/2024,游水,沙田,,沙田,,,,,,,,游水,,
H475,20/08/2024,踱步,沙田,內圈,沙田 內圈,,,,,,助手,,快踱一圈,H,內圈 快踱一圈 (助手)
H475,19/08/2024,游水,沙田,,沙田,,,,,,,,游水,,
H475,19/08/2024,快操,沙田,全天候,沙田 全天候,,26.7,26.7,26.7,,助手,,快操,H,26.7 (26.7) (助手)
H475,19/08/2024,踱步,沙田,飛機場,沙田 飛機場,,,,,,助手,,踱步,H,飛機場 踱步 (助手)
H475,18/08/2024,游水,沙田,,沙田,,,,,,,,游水,,
H475,18/08/2024,踱步,沙田,內圈,沙田 內圈,,,,,,助手,,快踱一圈,H,內圈 快踱一圈 (助手)
H475,17/08/2024,游水,沙田,,沙田,,,,,,,,游水,,
H475,17/08/2024,踱步,沙田,內圈,沙田 內圈,,,,,,助手,,快踱一圈,H,內圈 快踱一圈 (助手)
H475,16/08/2024,游水,沙田,,沙田,,,,,,,,游水,,
H475,16/08/2024,踱步,沙田,內圈,沙田 內圈,,,,,,助手,,快踱一圈,H,內圈 快踱一圈 (助手)
H475,15/08/2024,游水,沙田,,沙田,,,,,,,,游水,,
H475,15/08/2024,快操,沙田,全天候,沙田 全天候,,25.4,25.4,25.4,,副練馬師,,快操,H,25.4 (25.4) (副練馬師)
H475,15/08/2024,踱步,沙田,飛機場,沙田 飛機場,,,,,,助手,,踱步,H,飛機場 踱步 (助手)
H475,14/08/2024,游水,沙田,,沙田,,,,,,,,游水,,
H475,13/08/2024,游水,沙田,,沙田,,,,,,,,游水,,
H475,13/08/2024,踱步,沙田,內圈,沙田 內圈,,,,,,助手,,快踱一圈,H,內圈 快踱一圈 (助手)
H475,12/08/2024,游水,沙田,,沙田,,,,,,,,游水,,
H475,12/08/2024,踱步,沙田,內圈,沙田 內圈,,,,,,助手,,倒快一圈,H,內圈 倒快一圈 (助手)
H475,11/08/2024,游水,沙田,,沙田,,,,,,,,游水,,
H475,11/08/2024,快操,沙田,全天候,沙田 全天候,,25.4,25.4,25.4,,助手,,快操,H,25.4 (25.4) (助手)
H475,11/08/2024,踱步,沙田,飛機場,沙田 飛機場,,,,,,助手,,踱步,H,飛機場 踱步 (助手)
H475,10/08/2024,游水,沙田,,沙田,,,,,,,,游水,,
H475,10/08/2024,踱步,沙田,內圈,沙田 內圈,,,,,,助手,,快踱一圈,H,內圈 快踱一圈 (助手)
H475,09/08/2024,游水,沙田,,沙田,,,,,,,,游水,,
H475,09/08/2024,踱步,沙田,內圈,沙田 內圈,,,,,,助手,,快踱一圈,H,內圈 快踱一圈 (助手)
H475,08/08/2024,游水,沙田,,沙田,,,,,,,,游水,,
H475,08/08/2024,踱步,沙田,內圈,沙田 內圈,,,,,,副練馬師,,倒快兩圈,H,內圈 倒快兩圈 (副練馬師)
H475,07/08/2024,游水,沙田,,沙田,,,,,,,,游水,,
H475,07/08/2024,快操,沙田,全天候,沙田 全天候,,25.7,25.7,25.7,,助手,,快操,H,25.7 (25.7) (助手)
H475,07/08/2024,踱步,沙田,飛機場,沙田 飛機場,,,,,,助手,,踱步,H,飛機場 踱步 (助手)
H475,06/08/2024,游水,沙田,,沙田,,,,,,,,游水,,
H475,06/08/2024,踱步,沙田,內圈,沙田 內圈,,,,,,助手,,快踱一圈,H,內圈 快踱一圈 (助手)
H475,05/08/2024,游水,沙田,,沙田,,,,,,,,游水,,
H475,05/08/2024,踱步,沙田,內圈,沙田 內圈,,,,,,助手,,倒快一圈,H,內圈 倒快一圈 (助手)
H475,04/08/2024,游水,沙田,,沙田,,,,,,,,游水,,
H475,04/08/2024,踱步,沙田,內圈,沙田 內圈,,,,,,助手,,快踱一圈,H,內圈 快踱一圈 (助手)
H475,03/08/2024,游水,沙田,,沙田,,,,,,,,游水,,
H475,03/08/2024,快操,沙田,全天候,沙田 全天候,,28.2,28.2,28.2,,助手,,快操,H,28.2 (28.2) (助手)
H475,03/08/2024,踱步,沙田,飛機場,沙田 飛機場,,,,,,助手,,踱步,H,飛機場 踱步 (助手)
H475,02/08/2024,游水,沙田,,沙田,,,,,,,,游水,,
H475,02/08/2024,踱步,沙田,內圈,沙田 內圈,,,,,,助手,,快踱一圈,H,內圈 快踱一圈 (助手)
H475,01/08/2024,踱步,沙田,內圈,沙田 內圈,,,,,,助手,,快踱一圈,H,內圈 快踱一圈 (助手)
H475,31/07/2024,踱步,沙田,飛機場,沙田 飛機場,,,,,,助手,,踱步,H,飛機場 踱步 (助手)
H475,29/07/2024,踱步,沙田,內圈,沙田 內圈,,,,,,助手,,快踱一圈,H,內圈 快踱一圈 (助手)
H475,28/07/2024,踱步,沙田,飛機場,沙田 飛機場,,,,,,助手,,踱步,H,飛機場 踱步 (助手)
H475,27/07/2024,踱步,沙田,飛機場,沙田 飛機場,,,,,,助手,,踱步,H,飛機場 踱步 (助手)
H475,26/07/2024,踱步,沙田,飛機場,沙田 飛機場,,,,,,助手,,踱步,H,飛機場 踱步 (助手)
H475,25/07/2024,踱步,沙田,飛機場,沙田 飛機場,,,,,,助手,,踱步,H,飛機場 踱步 (助手)
H475,24/07/2024,踱步,沙田,飛機場,沙田 飛機場,,,,,,助手,,踱步,H,飛機場 踱步 (助手)
H475,23/07/2024,踱步,沙田,飛機場,沙田 飛機場,,,,,,助手,,踱步,H,飛機場 踱步 (助手)
H475,22/07/2024,踱步,沙田,飛機場,沙田 飛機場,,,,,,助手,,踱步,H,飛機場 踱步 (助手)
H475,14/07/2024,游水,沙田,,沙田,,,,,,,,游水,,
H475,14/07/2024,踱步,沙田,內圈,沙田 內圈,,,,,,助手,,快踱一圈,H,內圈 快踱一圈 (助手)
H475,13/07/2024,游水,沙田,,沙田,,,,,,,,游水,,
H475,13/07/2024,踱步,沙田,內圈,沙田 內圈,,,,,,助手,,快踱一圈,H,內圈 快踱一圈 (助手)
H475,12/07/2024,游水,沙田,,沙田,,,,,,,,游水,,
H475,12/07/2024,踱步,沙田,內圈,沙田 內圈,,,,,,助手,,快踱一圈,H,內圈 快踱一圈 (助手)
H475,11/07/2024,游水,沙田,,沙田,,,,,,,,游水,,
H475,11/07/2024,踱步,沙田,內圈,沙田 內圈,,,,,,助手,,倒快一圈,H,內圈 倒快一圈 (助手)
H475,10/07/2024,游水,沙田,,沙田,,,,,,,,游水,,
H475,10/07/2024,快操,沙田,全天候,沙田 全天候,,25.3,25.3,25.3,,助手,,快操,H,25.3 (25.3) (助手)
H475,10/07/2024,踱步,沙田,飛機場,沙田 飛機場,,,,,,助手,,踱步,H,飛機場 踱步 (助手)
H475,09/07/2024,游水,沙田,,沙田,,,,,,,,游水,,
H475,09/07/2024,踱步,沙田,內圈,沙田 內圈,,,,,,副練馬師,,快踱一圈,H,內圈 快踱一圈 (副練馬師)
H475,08/07/2024,游水,沙田,,沙田,,,,,,,,游水,,
H475,08/07/2024,踱步,沙田,內圈,沙田 內圈,,,,,,助手,,倒快一圈,H,內圈 倒快一圈 (助手)
H475,07/07/2024,游水,沙田,,沙田,,,,,,,,游水,,
H475,07/07/2024,踱步,沙田,內圈,沙田 內圈,,,,,,助手,,快踱一圈,H,內圈 快踱一圈 (助手)
H475,06/07/2024,游水,沙田,,沙田,,,,,,,,游水,,
H475,06/07/2024,踱步,沙田,內圈,沙田 內圈,,,,,,助手,,快踱一圈,H,內圈 快踱一圈 (助手)
H475,05/07/2024,游水,沙田,,沙田,,,,,,,,游水,,
H475,05/07/2024,踱步,沙田,內圈,沙田 內圈,,,,,,助手,,快踱一圈,H,內圈 快踱一圈 (助手)
H475,04/07/2024,踱步,沙田,飛機場,沙田 飛機場,,,,,,副練馬師,,踱步,H,飛機場 踱步 (副練馬師)
H475,03/07/2024,游水,沙田,,沙田,,,,,,,,游水,,
H475,03/07/2024,踱步,沙田,內圈,沙田 內圈,,,,,,助手,,快踱一圈,H,內圈 快踱一圈 (助手)
H475,02/07/2024,游水,沙田,,沙田,,,,,,,,游水,,
H475,02/07/2024,快操,沙田,全天候,沙田 全天候,,55.3,55.3,30.4 24.9,,巴度,,快操,H,30.4 24.9 (55.3) (巴度)
H475,02/07/2024,踱步,沙田,飛機場,沙田 飛機場,,,,,,助手,,踱步,H,飛機場 踱步 (助手)
H475,01/07/2024,游水,沙田,,沙田,,,,,,,,游水,,
H475,30/06/2024,游水,沙田,,沙田,,,,,,,,游水,,
H475,30/06/2024,踱步,沙田,內圈,沙田 內圈,,,,,,副練馬師,,快踱一圈,H,內圈 快踱一圈 (副練馬師)
H475,29/06/2024,游水,沙田,,沙田,,,,,,,,游水,,
H475,29/06/2024,踱步,沙田,內圈,沙田 內圈,,,,,,助手,,快踱一圈,H,內圈 快踱一圈 (助手)
H475,28/06/2024,游水,沙田,,沙田,,,,,,,,游水,,
H475,28/06/2024,快操,沙田,全天候,沙田 全天候,,58.7,58.7,33.1 25.6,,副練馬師,,快操,H,33.1 25.6 (58.7) (副練馬師)
H475,28/06/2024,踱步,沙田,飛機場,沙田 飛機場,,,,,,副練馬師,,踱步,H,飛機場 踱步 (副練馬師)
H475,27/06/2024,游水,沙田,,沙田,,,,,,,,游水,,
H475,27/06/2024,踱步,沙田,內圈,沙田 內圈,,,,,,助手,,倒快一圈,H,內圈 倒快一圈 (助手)
H475,26/06/2024,游水,沙田,,沙田,,,,,,,,游水,,
H475,26/06/2024,踱步,沙田,內圈,沙田 內圈,,,,,,助手,,快踱一圈,H,內圈 快踱一圈 (助手)
H475,25/06/2024,游水,沙田,,沙田,,,,,,,,游水,,
H475,25/06/2024,踱步,沙田,內圈,沙田 內圈,,,,,,助手,,快踱一圈,H,內圈 快踱一圈 (助手)
H475,24/06/2024,游水,沙田,,沙田,,,,,,,,游水,,
H475,24/06/2024,快操,沙田,全天候,沙田 全天候,,28.9,28.9,28.9,,助手,,快操,H,28.9 (28.9) (助手)
H475,24/06/2024,踱步,沙田,飛機場,沙田 飛機場,,,,,,助手,,踱步,H,飛機場 踱步 (助手)
H475,23/06/2024,游水,沙田,,沙田,,,,,,,,游水,,
H475,23/06/2024,踱步,沙田,內圈,沙田 內圈,,,,,,助手,,快踱一圈,H,內圈 快踱一圈 (助手)
H475,22/06/2024,游水,沙田,,沙田,,,,,,,,游水,,
H475,22/06/2024,踱步,沙田,內圈,沙田 內圈,,,,,,助手,,快踱一圈,H,內圈 快踱一圈 (助手)
H475,21/06/2024,游水,沙田,,沙田,,,,,,,,游水,,
H475,21/06/2024,踱步,沙田,內圈,沙田 內圈,,,,,,助手,,快踱一圈,H,內圈 快踱一圈 (助手)
H475,20/06/2024,游水,沙田,,沙田,,,,,,,,游水,,
H475,20/06/2024,踱步,沙田,內圈,沙田 內圈,,,,,,助手,,倒快一圈,H,內圈 倒快一圈 (助手)
H475,19/06/2024,游水,沙田,,沙田,,,,,,,,游水,,
H475,19/06/2024,踱步,沙田,飛機場,沙田 飛機場,,,,,,助手,,踱步,H,飛機場 踱步 (助手)
H475,18/06/2024,游水,沙田,,沙田,,,,,,,,游水,,
H475,17/06/2024,游水,沙田,,沙田,,,,,,,,游水,,
H475,15/06/2024,出賽,沙田,草地,沙田 草地,1400M,,,,,潘頓,5/14,出賽,,1400M (潘頓) (5/14)
H475,15/06/2024,游水,沙田,,沙田,,,,,,,,游水,,
H475,15/06/2024,踱步,沙田,內圈,沙田 內圈,,,,,,助手,,快踱一圈,H,內圈 快踱一圈 (助手)
H475,14/06/2024,游水,沙田,,沙田,,,,,,,,游水,,
H475,14/06/2024,踱步,沙田,內圈,沙田 內圈,,,,,,助手,,快踱一圈,H,內圈 快踱一圈 (助手)
H475,13/06/2024,游水,沙田,,沙田,,,,,,,,游水,,
H475,13/06/2024,踱步,沙田,內圈,沙田 內圈,,,,,,助手,,倒快一圈,H,內圈 倒快一圈 (助手)
H475,12/06/2024,游水,沙田,,沙田,,,,,,,,游水,,
H475,12/06/2024,踱步,沙田,內圈,沙田 內圈,,,,,,助手,,快踱一圈,H,內圈 快踱一圈 (助手)
H475,11/06/2024,游水,沙田,,沙田,,,,,,,,游水,,
H475,11/06/2024,快操,沙田,全天候,沙田 全天候,,56.5,56.5,32.8 23.7,,潘頓,,快操,H,32.8 23.7 (56.5) (潘頓)
H475,11/06/2024,踱步,沙田,飛機場,沙田 飛機場,,,,,,助手,,踱步,H,飛機場 踱步 (助手)
H475,10/06/2024,游水,沙田,,沙田,,,,,,,,游水,,
H475,10/06/2024,踱步,沙田,內圈,沙田 內圈,,,,,,助手,,倒快一圈,H,內圈 倒快一圈 (助手)
H475,09/06/2024,游水,沙田,,沙田,,,,,,,,游水,,
H475,09/06/2024,踱步,沙田,內圈,沙田 內圈,,,,,,助手,,快踱一圈,H,內圈 快踱一圈 (助手)
H475,08/06/2024,游水,沙田,,沙田,,,,,,,,游水,,
H475,08/06/2024,踱步,沙田,內圈,沙田 內圈,,,,,,助手,,快踱兩圈,H,內圈 快踱兩圈 (助手)
H475,07/06/2024,游水,沙田,,沙田,,,,,,,,游水,,
H475,07/06/2024,快操,沙田,全天候,沙田 全天候,,25.5,25.5,25.5,,副練馬師,,快操,H,25.5 (25.5) (副練馬師)
H475,07/06/2024,踱步,沙田,飛機場,沙田 飛機場,,,,,,副練馬師,,踱步,H,飛機場 踱步 (副練馬師)
H475,06/06/2024,游水,沙田,,沙田,,,,,,,,游水,,
H475,06/06/2024,踱步,沙田,內圈,沙田 內圈,,,,,,助手,,倒快一圈,H,內圈 倒快一圈 (助手)
H475,05/06/2024,游水,沙田,,沙田,,,,,,,,游水,,
H475,05/06/2024,踱步,沙田,內圈,沙田 內圈,,,,,,助手,,快踱一圈,H,內圈 快踱一圈 (助手)
H475,04/06/2024,游水,沙田,,沙田,,,,,,,,游水,,
H475,04/06/2024,踱步,沙田,內圈,沙田 內圈,,,,,,助手,,快踱一圈,H,內圈 快踱一圈 (助手)
H475,03/06/2024,游水,沙田,,沙田,,,,,,,,游水,,
H475,03/06/2024,快操,沙田,全天候,沙田 全天候,,27.8,27.8,27.8,,助手,,快操,H,27.8 (27.8) (助手)
H475,03/06/2024,踱步,沙田,飛機場,沙田 飛機場,,,,,,助手,,踱步,H,飛機場 踱步 (助手)
H475,02/06/2024,游水,沙田,,沙田,,,,,,,,游水,,
H475,02/06/2024,踱步,沙田,內圈,沙田 內圈,,,,,,助手,,快踱一圈,H,內圈 快踱一圈 (助手)
H475,01/06/2024,游水,沙田,,沙田,,,,,,,,游水,,
H475,01/06/2024,踱步,沙田,內圈,沙田 內圈,,,,,,助手,,快踱一圈,H,內圈 快踱一圈 (助手)
H475,31/05/2024,游水,沙田,,沙田,,,,,,,,游水,,
H475,31/05/2024,踱步,沙田,內圈,沙田 內圈,,,,,,助手,,快踱一圈,H,內圈 快踱一圈 (助手)
H475,30/05/2024,游水,沙田,,沙田,,,,,,,,游水,,
H475,30/05/2024,踱步,沙田,飛機場,沙田 飛機場,,,,,,助手,,踱步,H,飛機場 踱步 (助手)
H475,26/05/2024,出賽,沙田,草地,沙田 草地,1600M,,,,,潘頓,13/14,出賽,,1600M (潘頓) (13/14)
H475,26/05/2024,游水,沙田,,沙田,,,,,,,,游水,,
H475,26/05/2024,踱步,沙田,內圈,沙田 內圈,,,,,,助手,,快踱一圈,H,內圈 快踱一圈 (助手)
H475,25/05/2024,游水,沙田,,沙田,,,,,,,,游水,,
H475,25/05/2024,踱步,沙田,內圈,沙田 內圈,,,,,,助手,,快踱一圈,H,內圈 快踱一圈 (助手)
H475,24/05/2024,游水,沙田,,沙田,,,,,,,,游水,,
H475,24/05/2024,踱步,沙田,內圈,沙田 內圈,,,,,,助手,,快踱一圈,H,內圈 快踱一圈 (助手)
H475,23/05/2024,游水,沙田,,沙田,,,,,,,,游水,,
H475,23/05/2024,踱步,沙田,內圈,沙田 內圈,,,,,,助手,,倒快一圈,H,內圈 倒快一圈 (助手)
H475,22/05/2024,游水,沙田,,沙田,,,,,,,,游水,,
H475,22/05/2024,快操,沙田,全天候,沙田 全天候,,57.9,57.9,32.8 25.1,,潘頓,,快操,H,32.8 25.1 (57.9) (潘頓)
H475,22/05/2024,踱步,沙田,飛機場,沙田 飛機場,,,,,,潘頓,,踱步,H,飛機場 踱步 (潘頓)
H475,21/05/2024,游水,沙田,,沙田,,,,,,,,游水,,
H475,21/05/2024,踱步,沙田,內圈,沙田 內圈,,,,,,助手,,快踱一圈,H,內圈 快踱一圈 (助手)
H475,20/05/2024,游水,沙田,,沙田,,,,,,,,游水,,
H475,20/05/2024,踱步,沙田,內圈,沙田 內圈,,,,,,助手,,倒快一圈,H,內圈 倒快一圈 (助手)
H475,19/05/2024,游水,沙田,,沙田,,,,,,,,游水,,
H475,19/05/2024,踱步,沙田,內圈,沙田 內圈,,,,,,副練馬師,,快踱一圈,H,內圈 快踱一圈 (副練馬師)
H475,18/05/2024,游水,沙田,,沙田,,,,,,,,游水,,
H475,18/05/2024,踱步,沙田,內圈,沙田 內圈,,,,,,周俊樂,,快踱一圈,H,內圈 快踱一圈 (周俊樂)
H475,17/05/2024,游水,沙田,,沙田,,,,,,,,游水,,
H475,17/05/2024,踱步,沙田,內圈,沙田 內圈,,,,,,助手,,快踱一圈,H,內圈 快踱一圈 (助手)
H475,16/05/2024,游水,沙田,,沙田,,,,,,,,游水,,
H475,16/05/2024,踱步,沙田,內圈,沙田 內圈,,,,,,助手,,倒快一圈,H,內圈 倒快一圈 (助手)
H475,15/05/2024,游水,沙田,,沙田,,,,,,,,游水,,
H475,14/05/2024,試閘,沙田,全天候,沙田 全天候,1200M,1.11.11,71.11,24.3 23.0 23.8,超旺財,潘頓,,第2組,,第2組 (潘頓) 1200M 超旺財 24.3 23.0 23.8 (1.11.11)
H475,14/05/2024,游水,沙田,,沙田,,,,,,,,游水,,
H475,13/05/2024,游水,沙田,,沙田,,,,,,,,游水,,
H475,13/05/2024,踱步,沙田,內圈,沙田 內圈,,,,,,副練馬師,,倒快一圈,H,內圈 倒快一圈 (副練馬師)
H475,12/05/2024,游水,沙田,,沙田,,,,,,,,游水,,
H475,12/05/2024,踱步,沙田,內圈,沙田 內圈,,,,,,助手,,快踱一圈,H,內圈 快踱一圈 (助手)
H475,11/05/2024,游水,沙田,,沙田,,,,,,,,游水,,
H475,11/05/2024,踱步,沙田,內圈,沙田 內圈,,,,,,助手,,快踱一圈,H,內圈 快踱一圈 (助手)
H475,10/05/2024,游水,沙田,,沙田,,,,,,,,游水,,
H475,10/05/2024,快操,沙田,全天候,沙田 全天候,,25.2,25.2,25.2,,副練馬師,,快操,H,25.2 (25.2) (副練馬師)
H475,10/05/2024,踱步,沙田,飛機場,沙田 飛機場,,,,,,副練馬師,,踱步,H,飛機場 踱步 (副練馬師)
H475,09/05/2024,游水,沙田,,沙田,,,,,,,,游水,,
H475,09/05/2024,踱步,沙田,內圈,沙田 內圈,,,,,,助手,,倒快一圈,H,內圈 倒快一圈 (助手)
H475,08/05/2024,游水,沙田,,沙田,,,,,,,,游水,,
H475,08/05/2024,踱步,沙田,內圈,沙田 內圈,,,,,,助手,,快踱一圈,H,內圈 快踱一圈 (助手)
H475,07/05/2024,游水,沙田,,沙田,,,,,,,,游水,,
H475,06/05/2024,游水,沙田,,沙田,,,,,,,,游水,,
H475,06/05/2024,快操,沙田,全天候,沙田 全天候,,27.9,27.9,27.9,,助手,,快操,H,27.9 (27.9) (助手)
H475,06/05/2024,踱步,沙田,飛機場,沙田 飛機場,,,,,,助手,,踱步,H,飛機場 踱步 (助手)
H475,05/05/2024,游水,沙田,,沙田,,,,,,,,游水,,
H475,05/05/2024,踱步,沙田,內圈,沙田 內圈,,,,,,副練馬師,,快踱一圈,H,內圈 快踱一圈 (副練馬師)
H475,04/05/2024,游水,沙田,,沙田,,,,,,,,游水,,
H475,04/05/2024,踱步,沙田,內圈,沙田 內圈,,,,,,助手,,快踱一圈,H,內圈 快踱一圈 (助手)
H475,03/05/2024,游水,沙田,,沙田,,,,,,,,游水,,
H475,03/05/2024,踱步,沙田,內圈,沙田 內圈,,,,,,助手,,快踱一圈,H,內圈 快踱一圈 (助手)
H475,02/05/2024,游水,沙田,,沙田,,,,,,,,游水,,
H475,02/05/2024,踱步,沙田,飛機場,沙田 飛機場,,,,,,助手,,踱步,H,飛機場 踱步 (助手)
H475,01/05/2024,游水,沙田,,沙田,,,,,,,,游水,,
H475,28/04/2024,出賽,沙田,草地,沙田 草地,1400M,,,,,潘頓,2/14,出賽,,1400M (潘頓) (2/14)
H475,28/04/2024,游水,沙田,,沙田,,,,,,,,游水,,
H475,28/04/2024,踱步,沙田,內圈,沙田 內圈,,,,,,副練馬師,,快踱一圈,H,內圈 快踱一圈 (副練馬師)
H475,27/04/2024,游水,沙田,,沙田,,,,,,,,游水,,
H475,27/04/2024,踱步,沙田,內圈,沙田 內圈,,,,,,副練馬師,,快踱一圈,H,內圈 快踱一圈 (副練馬師)
H475,26/04/2024,游水,沙田,,沙田,,,,,,,,游水,,
H475,26/04/2024,踱步,沙田,內圈,沙田 內圈,,,,,,助手,,快踱一圈,H,內圈 快踱一圈 (助手)
H475,25/04/2024,游水,沙田,,沙田,,,,,,,,游水,,
H475,25/04/2024,踱步,沙田,內圈,沙田 內圈,,,,,,副練馬師,,倒快兩圈,H,內圈 倒快兩圈 (副練馬師)
H475,24/04/2024,游水,沙田,,沙田,,,,,,,,游水,,
H475,24/04/2024,快操,沙田,全天候,沙田 全天候,,58.5,58.5,33.3 25.2,,潘頓,,快操,H,33.3 25.2 (58.5) (潘頓)
H475,24/04/2024,踱步,沙田,飛機場,沙田 飛機場,,,,,,潘頓,,踱步,H,飛機場 踱步 (潘頓)
H475,23/04/2024,游水,沙田,,沙田,,,,,,,,游水,,
H475,23/04/2024,踱步,沙田,內圈,沙田 內圈,,,,,,副練馬師,,快踱一圈,H,內圈 快踱一圈 (副練馬師)
H475,22/04/2024,游水,沙田,,沙田,,,,,,,,游水,,
H475,22/04/2024,踱步,沙田,內圈,沙田 內圈,,,,,,副練馬師,,倒快一圈,H,內圈 倒快一圈 (副練馬師)
H475,21/04/2024,游水,沙田,,沙田,,,,,,,,游水,,
H475,21/04/2024,踱步,沙田,內圈,沙田 內圈,,,,,,助手,,快踱一圈,H,內圈 快踱一圈 (助手)
H475,20/04/2024,游水,沙田,,沙田,,,,,,,,游水,,
H475,20/04/2024,快操,沙田,全天候,沙田 全天候,,26.0,26.0,26.0,,副練馬師,,快操,H,26.0 (26.0) (副練馬師)
H475,20/04/2024,踱步,沙田,飛機場,沙田 飛機場,,,,,,副練馬師,,踱步,H,飛機場 踱步 (副練馬師)
H475,19/04/2024,游水,沙田,,沙田,,,,,,,,游水,,
H475,19/04/2024,踱步,沙田,內圈,沙田 內圈,,,,,,助手,,快踱一圈,H,內圈 快踱一圈 (助手)
H475,18/04/2024,游水,沙田,,沙田,,,,,,,,游水,,
H475,18/04/2024,踱步,沙田,內圈,沙田 內圈,,,,,,副練馬師,,倒快一圈,H,內圈 倒快一圈 (副練馬師)
H475,17/04/2024,游水,沙田,,沙田,,,,,,,,游水,,
H475,17/04/2024,踱步,沙田,內圈,沙田 內圈,,,,,,副練馬師,,快踱一圈,H,內圈 快踱一圈 (副練馬師)
H475,16/04/2024,游水,沙田,,沙田,,,,,,,,游水,,
H475,16/04/2024,快操,沙田,全天候,沙田 全天候,,28.2,28.2,28.2,,助手,,快操,H,28.2 (28.2) (助手)
H475,15/04/2024,游水,沙田,,沙田,,,,,,,,游水,,
H475,15/04/2024,踱步,沙田,內圈,沙田 內圈,,,,,,助手,,倒快一圈,H,內圈 倒快一圈 (助手)
H475,14/04/2024,游水,沙田,,沙田,,,,,,,,游水,,
H475,14/04/2024,踱步,沙田,內圈,沙田 內圈,,,,,,助手,,快踱一圈,H,內圈 快踱一圈 (助手)
H475,13/04/2024,游水,沙田,,沙田,,,,,,,,游水,,
H475,13/04/2024,踱步,沙田,內圈,沙田 內圈,,,,,,助手,,快踱一圈,H,內圈 快踱一圈 (助手)
H475,12/04/2024,游水,沙田,,沙田,,,,,,,,游水,,
H475,12/04/2024,踱步,沙田,內圈,沙田 內圈,,,,,,助手,,快踱一圈,H,內圈 快踱一圈 (助手)
H475,11/04/2024,游水,沙田,,沙田,,,,,,,,游水,,
H475,10/04/2024,游水,沙田,,沙田,,,,,,,,游水,,
H475,09/04/2024,游水,沙田,,沙田,,,,,,,,游水,,
H475,07/04/2024,出賽,沙田,草地,沙田 草地,1400M,,,,,潘頓,3/14,出賽,,1400M (潘頓) (3/14)
H475,07/04/2024,游水,沙田,,沙田,,,,,,,,游水,,
H475,07/04/2024,踱步,沙田,內圈,沙田 內圈,,,,,,助手,,快踱一圈,H,內圈 快踱一圈 (助手)
H475,06/04/2024,游水,沙田,,沙田,,,,,,,,游水,,
H475,06/04/2024,踱步,沙田,內圈,沙田 內圈,,,,,,助手,,快踱一圈,H,內圈 快踱一圈 (助手)
H475,05/04/2024,游水,沙田,,沙田,,,,,,,,游水,,
H475,05/04/2024,踱步,沙田,內圈,沙田 內圈,,,,,,助手,,快踱一圈,H,內圈 快踱一圈 (助手)
H475,04/04/2024,游水,沙田,,沙田,,,,,,,,游水,,
H475,04/04/2024,踱步,沙田,內圈,沙田 內圈,,,,,,助手,,倒快一圈,H,內圈 倒快一圈 (助手)
H475,03/04/2024,快操,沙田,全天候,沙田 全天候,,26.0,26.0,26.0,,潘頓,,快操,H,26.0 (26.0) (潘頓)
H475,03/04/2024,踱步,沙田,飛機場,沙田 飛機場,,,,,,潘頓,,踱步,H,飛機場 踱步 (潘頓)
H475,02/04/2024,游水,沙田,,沙田,,,,,,,,游水,,
H475,02/04/2024,踱步,沙田,內圈,沙田 內圈,,,,,,助手,,快踱一圈,H,內圈 快踱一圈 (助手)
H475,01/04/2024,游水,沙田,,沙田,,,,,,,,游水,,
H475,01/04/2024,踱步,沙田,內圈,沙田 內圈,,,,,,助手,,倒快一圈,H,內圈 倒快一圈 (助手)
H475,31/03/2024,游水,沙田,,沙田,,,,,,,,游水,,
H475,31/03/2024,踱步,沙田,內圈,沙田 內圈,,,,,,助手,,快踱一圈,H,內圈 快踱一圈 (助手)
H475,30/03/2024,游水,沙田,,沙田,,,,,,,,游水,,
H475,30/03/2024,快操,沙田,全天候,沙田 全天候,,59.1,59.1,33.0 26.1,,副練馬師,,快操,H,33.0 26.1 (59.1) (副練馬師)
H475,30/03/2024,踱步,沙田,飛機場,沙田 飛機場,,,,,,副練馬師,,踱步,H,飛機場 踱步 (副練馬師)
H475,29/03/2024,游水,沙田,,沙田,,,,,,,,游水,,
H475,29/03/2024,踱步,沙田,內圈,沙田 內圈,,,,,,助手,,快踱一圈,H,內圈 快踱一圈 (助手)
H475,28/03/2024,游水,沙田,,沙田,,,,,,,,游水,,
H475,28/03/2024,踱步,沙田,內圈,沙田 內圈,,,,,,助手,,倒快一圈,H,內圈 倒快一圈 (助手)
H475,27/03/2024,游水,沙田,,沙田,,,,,,,,游水,,
H475,27/03/2024,踱步,沙田,內圈,沙田 內圈,,,,,,助手,,快踱一圈,H,內圈 快踱一圈 (助手)
H475,26/03/2024,游水,沙田,,沙田,,,,,,,,游水,,
H475,26/03/2024,快操,沙田,全天候,沙田 全天候,,28.1,28.1,28.1,,副練馬師,,快操,H,28.1 (28.1) (副練馬師)
H475,26/03/2024,踱步,沙田,飛機場,沙田 飛機場,,,,,,副練馬師,,踱步,H,飛機場 踱步 (副練馬師)
H475,25/03/2024,游水,沙田,,沙田,,,,,,,,游水,,
H475,25/03/2024,踱步,沙田,內圈,沙田 內圈,,,,,,副練馬師,,倒快一圈,H,內圈 倒快一圈 (副練馬師)
H475,24/03/2024,游水,沙田,,沙田,,,,,,,,游水,,
H475,24/03/2024,踱步,沙田,內圈,沙田 內圈,,,,,,副練馬師,,快踱一圈,H,內圈 快踱一圈 (副練馬師)
H475,23/03/2024,游水,沙田,,沙田,,,,,,,,游水,,
H475,23/03/2024,踱步,沙田,內圈,沙田 內圈,,,,,,助手,,快踱一圈,H,內圈 快踱一圈 (助手)
H475,22/03/2024,游水,沙田,,沙田,,,,,,,,游水,,
H475,22/03/2024,踱步,沙田,內圈,沙田 內圈,,,,,,助手,,快踱一圈,H,內圈 快踱一圈 (助手)
H475,21/03/2024,游水,沙田,,沙田,,,,,,,,游水,,
H475,21/03/2024,踱步,沙田,內圈,沙田 內圈,,,,,,助手,,倒快一圈,H,內圈 倒快一圈 (助手)
H475,20/03/2024,游水,沙田,,沙田,,,,,,,,游水,,
H475,19/03/2024,游水,沙田,,沙田,,,,,,,,游水,,
H475,18/03/2024,游水,沙田,,沙田,,,,,,,,游水,,
H475,16/03/2024,出賽,沙田,草地,沙田 草地,1200M,,,,,周俊樂,7/12,出賽,,1200M (周俊樂) (7/12)
H475,16/03/2024,游水,沙田,,沙田,,,,,,,,游水,,
H475,16/03/2024,踱步,沙田,內圈,沙田 內圈,,,,,,助手,,快踱一圈,H,內圈 快踱一圈 (助手)
H475,15/03/2024,游水,沙田,,沙田,,,,,,,,游水,,
H475,15/03/2024,踱步,沙田,內圈,沙田 內圈,,,,,,助手,,快踱一圈,H,內圈 快踱一圈 (助手)
H475,14/03/2024,游水,沙田,,沙田,,,,,,,,游水,,
H475,14/03/2024,踱步,沙田,內圈,沙田 內圈,,,,,,周俊樂,,倒快一圈,H,內圈 倒快一圈 (周俊樂)
H475,13/03/2024,游水,沙田,,沙田,,,,,,,,游水,,
H475,13/03/2024,踱步,沙田,內圈,沙田 內圈,,,,,,助手,,快踱一圈,H,內圈 快踱一圈 (助手)
H475,12/03/2024,游水,沙田,,沙田,,,,,,,,游水,,
H475,12/03/2024,快操,沙田,全天候,沙田 全天候,,26.0,26.0,26.0,,周俊樂,,快操,H,26.0 (26.0) (周俊樂)
H475,12/03/2024,踱步,沙田,飛機場,沙田 飛機場,,,,,,周俊樂,,踱步,H,飛機場 踱步 (周俊樂)
H475,11/03/2024,游水,沙田,,沙田,,,,,,,,游水,,
H475,11/03/2024,踱步,沙田,內圈,沙田 內圈,,,,,,助手,,倒快一圈,H,內圈 倒快一圈 (助手)
H475,10/03/2024,游水,沙田,,沙田,,,,,,,,游水,,
H475,10/03/2024,踱步,沙田,飛機場,沙田 飛機場,,,,,,助手,,踱步,H,飛機場 踱步 (助手)
H475,09/03/2024,踱步,從化,內圈,從化 內圈,,,,,,助手,,快踱一圈,H,內圈 快踱一圈 (助手)
H475,08/03/2024,游水,從化,,從化,,,,,,,,游水,,
H475,08/03/2024,快操,從化,全天候,從化 全天候,,25.5,25.5,25.5,,助手,,快操,H,25.5 (25.5) (助手)
H475,08/03/2024,踱步,從化,飛機場,從化 飛機場,,,,,,助手,,踱步,H,飛機場 踱步 (助手)
H475,07/03/2024,游水,從化,,從化,,,,,,,,游水,,
H475,07/03/2024,踱步,從化,內圈,從化 內圈,,,,,,助手,,倒快一圈,H,內圈 倒快一圈 (助手)
H475,06/03/2024,游水,從化,,從化,,,,,,,,游水,,
H475,06/03/2024,踱步,從化,內圈,從化 內圈,,,,,,助手,,快踱一圈,H,內圈 快踱一圈 (助手)
H475,05/03/2024,游水,從化,,從化,,,,,,,,游水,,
H475,05/03/2024,踱步,從化,內圈,從化 內圈,,,,,,助手,,快踱一圈,H,內圈 快踱一圈 (助手)
H475,04/03/2024,游水,從化,,從化,,,,,,,,游水,,
H475,04/03/2024,快操,從化,全天候,從化 全天候,,58.9,58.9,33.5 25.4,,助手,,快操,H,33.5 25.4 (58.9) (助手)
H475,04/03/2024,踱步,從化,飛機場,從化 飛機場,,,,,,助手,,踱步,H,飛機場 踱步 (助手)
H475,03/03/2024,游水,從化,,從化,,,,,,,,游水,,
H475,03/03/2024,踱步,從化,內圈,從化 內圈,,,,,,助手,,快踱一圈,H,內圈 快踱一圈 (助手)
H475,02/03/2024,游水,從化,,從化,,,,,,,,游水,,
H475,02/03/2024,踱步,從化,內圈,從化 內圈,,,,,,助手,,快踱一圈,H,內圈 快踱一圈 (助手)
H475,01/03/2024,游水,從化,,從化,,,,,,,,游水,,
H475,01/03/2024,踱步,從化,內圈,從化 內圈,,,,,,助手,,快踱一圈,H,內圈 快踱一圈 (助手)
H475,29/02/2024,游水,從化,,從化,,,,,,,,游水,,
H475,29/02/2024,快操,從化,全天候,從化 全天候,,59.5,59.5,33.8 25.7,,助手,,快操,H,33.8 25.7 (59.5) (助手)
H475,29/02/2024,踱步,從化,飛機場,從化 飛機場,,,,,,助手,,踱步,H,飛機場 踱步 (助手)
H475,28/02/2024,游水,從化,,從化,,,,,,,,游水,,
H475,28/02/2024,踱步,從化,內圈,從化 內圈,,,,,,助手,,快踱一圈,H,內圈 快踱一圈 (助手)
H475,27/02/2024,游水,從化,,從化,,,,,,,,游水,,
H475,27/02/2024,踱步,從化,內圈,從化 內圈,,,,,,助手,,快踱一圈,H,內圈 快踱一圈 (助手)
H475,26/02/2024,游水,從化,,從化,,,,,,,,游水,,
H475,26/02/2024,踱步,從化,內圈,從化 內圈,,,,,,助手,,倒快一圈,H,內圈 倒快一圈 (助手)
H475,25/02/2024,游水,從化,,從化,,,,,,,,游水,,
H475,25/02/2024,踱步,從化,內圈,從化 內圈,,,,,,助手,,快踱一圈,H,內圈 快踱一圈 (助手)
H475,24/02/2024,游水,從化,,從化,,,,,,,,游水,,
H475,23/02/2024,試閘,從化,草地,從化 草地,1200M,1.11.80,71.8,24.3 23.3 24.2,勇冠群英,希威森,,第9組,,第9組 (希威森) 1200M 勇冠群英 24.3 23.3 24.2 (1.11.80)
H475,23/02/2024,游水,從化,,從化,,,,,,,,游水,,
H475,23/02/2024,踱步,從化,飛機場,從化 飛機場,,,,,,助手,,踱步,,飛機場 踱步 (助手)
H475,22/02/2024,游水,從化,,從化,,,,,,,,游水,,
H475,22/02/2024,踱步,從化,內圈,從化 內圈,,,,,,助手,,倒快一圈,H,內圈 倒快一圈 (助手)
H475,21/02/2024,游水,從化,,從化,,,,,,,,游水,,
H475,21/02/2024,踱步,從化,內圈,從化 內圈,,,,,,助手,,快踱一圈,H,內圈 快踱一圈 (助手)
H475,20/02/2024,游水,從化,,從化,,,,,,,,游水,,
H475,20/02/2024,踱步,從化,內圈,從化 內圈,,,,,,助手,,快踱一圈,H,內圈 快踱一圈 (助手)
H475,19/02/2024,游水,從化,,從化,,,,,,,,游水,,
H475,19/02/2024,快操,從化,全天候,從化 全天候,,59.5,59.5,33.0 26.5,,助手,,快操,H,33.0 26.5 (59.5) (助手)
H475,19/02/2024,踱步,從化,飛機場,從化 飛機場,,,,,,助手,,踱步,H,飛機場 踱步 (助手)
H475,18/02/2024,游水,從化,,從化,,,,,,,,游水,,
H475,18/02/2024,踱步,從化,內圈,從化 內圈,,,,,,助手,,快踱一圈,H,內圈 快踱一圈 (助手)
H475,17/02/2024,游水,從化,,從化,,,,,,,,游水,,
H475,17/02/2024,踱步,從化,內圈,從化 內圈,,,,,,助手,,快踱一圈,H,內圈 快踱一圈 (助手)
H475,16/02/2024,游水,從化,,從化,,,,,,,,游水,,
H475,16/02/2024,踱步,從化,內圈,從化 內圈,,,,,,助手,,快踱一圈,H,內圈 快踱一圈 (助手)
H475,15/02/2024,游水,從化,,從化,,,,,,,,游水,,
H475,15/02/2024,快操,從化,全天候,從化 全天候,,25.8,25.8,25.8,,助手,,快操,H,25.8 (25.8) (助手)
H475,15/02/2024,踱步,從化,飛機場,從化 飛機場,,,,,,助手,,踱步,H,飛機場 踱步 (助手)
H475,14/02/2024,游水,從化,,從化,,,,,,,,游水,,
H475,14/02/2024,踱步,從化,內圈,從化 內圈,,,,,,助手,,快踱一圈,H,內圈 快踱一圈 (助手)
H475,13/02/2024,游水,從化,,從化,,,,,,,,游水,,
H475,13/02/2024,踱步,從化,內圈,從化 內圈,,,,,,助手,,快踱一圈,H,內圈 快踱一圈 (助手)
H475,12/02/2024,游水,從化,,從化,,,,,,,,游水,,
H475,12/02/2024,快操,從化,全天候,從化 全天候,,59.1,59.1,33.1 26.0,,助手,,快操,H,33.1 26.0 (59.1) (助手)
H475,12/02/2024,踱步,從化,飛機場,從化 飛機場,,,,,,助手,,踱步,H,飛機場 踱步 (助手)
H475,11/02/2024,游水,從化,,從化,,,,,,,,游水,,
H475,11/02/2024,踱步,從化,內圈,從化 內圈,,,,,,助手,,快踱一圈,H,內圈 快踱一圈 (助手)
H475,09/02/2024,游水,從化,,從化,,,,,,,,游水,,
H475,09/02/2024,踱步,從化,內圈,從化 內圈,,,,,,助手,,快踱一圈,H,內圈 快踱一圈 (助手)
H475,08/02/2024,游水,從化,,從化,,,,,,,,游水,,
H475,08/02/2024,快操,從化,全天候,從化 全天候,,1.00.0,60.0,33.5 26.5,,助手,,快操,H,33.5 26.5 (1.00.0) (助手)
H475,08/02/2024,踱步,從化,飛機場,從化 飛機場,,,,,,助手,,踱步,H,飛機場 踱步 (助手)
H475,07/02/2024,游水,從化,,從化,,,,,,,,游水,,
H475,07/02/2024,踱步,從化,內圈,從化 內圈,,,,,,助手,,快踱一圈,H,內圈 快踱一圈 (助手)
H475,06/02/2024,游水,從化,,從化,,,,,,,,游水,,
H475,06/02/2024,踱步,從化,內圈,從化 內圈,,,,,,助手,,快踱一圈,H,內圈 快踱一圈 (助手)
H475,05/02/2024,游水,從化,,從化,,,,,,,,游水,,
H475,05/02/2024,踱步,從化,內圈,從化 內圈,,,,,,助手,,倒快一圈,H,內圈 倒快一圈 (助手)
H475,04/02/2024,游水,從化,,從化,,,,,,,,游水,,
H475,04/02/2024,踱步,從化,內圈,從化 內圈,,,,,,助手,,快踱一圈,H,內圈 快踱一圈 (助手)
H475,03/02/2024,游水,從化,,從化,,,,,,,,游水,,
H475,02/02/2024,試閘,從化,草地,從化 草地,1000M,0.59.24,59.24,13.8 21.6 23.8,紅錢到,周俊樂,,第3組,,第3組 (周俊樂) 1000M 紅錢到 13.8 21.6 23.8 (0.59.24)
H475,02/02/2024,游水,從化,,從化,,,,,,,,游水,,
H475,02/02/2024,踱步,從化,飛機場,從化 飛機場,,,,,,助手,,踱步,,飛機場 踱步 (助手)
H475,01/02/2024,游水,從化,,從化,,,,,,,,游水,,
H475,01/02/2024,踱步,從化,內圈,從化 內圈,,,,,,助手,,倒快一圈,H,內圈 倒快一圈 (助手)
H475,31/01/2024,游水,從化,,從化,,,,,,,,游水,,
H475,31/01/2024,踱步,從化,內圈,從化 內圈,,,,,,助手,,快踱一圈,H,內圈 快踱一圈 (助手)
H475,30/01/2024,游水,從化,,從化,,,,,,,,游水,,
H475,30/01/2024,踱步,從化,內圈,從化 內圈,,,,,,助手,,快踱一圈,H,內圈 快踱一圈 (助手)
H475,29/01/2024,游水,從化,,從化,,,,,,,,游水,,
H475,29/01/2024,快操,從化,全天候,從化 全天候,,58.5,58.5,32.9 25.6,,助手,,快操,H,32.9 25.6 (58.5) (助手)
H475,29/01/2024,踱步,從化,飛機場,從化 飛機場,,,,,,助手,,踱步,H,飛機場 踱步 (助手)
H475,28/01/2024,游水,從化,,從化,,,,,,,,游水,,
H475,28/01/2024,踱步,從化,內圈,從化 內圈,,,,,,助手,,快踱一圈,H,內圈 快踱一圈 (助手)
H475,27/01/2024,游水,從化,,從化,,,,,,,,游水,,
H475,27/01/2024,踱步,從化,內圈,從化 內圈,,,,,,助手,,快踱一圈,H,內圈 快踱一圈 (助手)
H475,26/01/2024,游水,從化,,從化,,,,,,,,游水,,
H475,26/01/2024,踱步,從化,內圈,從化 內圈,,,,,,助手,,快踱一圈,H,內圈 快踱一圈 (助手)
H475,25/01/2024,游水,從化,,從化,,,,,,,,游水,,
H475,25/01/2024,快操,從化,全天候,從化 全天候,,26.5,26.5,26.5,,助手,,快操,H,26.5 (26.5) (助手)
H475,25/01/2024,踱步,從化,飛機場,從化 飛機場,,,,,,助手,,踱步,H,飛機場 踱步 (助手)
H475,24/01/2024,游水,從化,,從化,,,,,,,,游水,,
H475,24/01/2024,踱步,從化,內圈,從化 內圈,,,,,,助手,,快踱一圈,H,內圈 快踱一圈 (助手)
H475,23/01/2024,游水,從化,,從化,,,,,,,,游水,,
H475,23/01/2024,踱步,從化,內圈,從化 內圈,,,,,,助手,,快踱一圈,H,內圈 快踱一圈 (助手)
H475,22/01/2024,游水,從化,,從化,,,,,,,,游水,,
H475,22/01/2024,踱步,從化,內圈,從化 內圈,,,,,,助手,,倒快一圈,H,內圈 倒快一圈 (助手)
H475,21/01/2024,游水,從化,,從化,,,,,,,,游水,,
H475,21/01/2024,踱步,從化,內圈,從化 內圈,,,,,,助手,,快踱一圈,H,內圈 快踱一圈 (助手)
H475,20/01/2024,游水,從化,,從化,,,,,,,,游水,,
H475,19/01/2024,試閘,從化,草地,從化 草地,800M,0.47.33,47.33,24.7 22.6,喜中喜,希威森,,第4組,,第4組 (希威森) 800M 喜中喜 24.7 22.6 (0.47.33)
H475,19/01/2024,游水,從化,,從化,,,,,,,,游水,,
H475,19/01/2024,踱步,從化,飛機場,從化 飛機場,,,,,,助手,,踱步,,飛機場 踱步 (助手)
H475,18/01/2024,游水,從化,,從化,,,,,,,,游水,,
H475,18/01/2024,踱步,從化,內圈,從化 內圈,,,,,,助手,,倒快一圈,H,內圈 倒快一圈 (助手)
H475,17/01/2024,游水,從化,,從化,,,,,,,,游水,,
H475,17/01/2024,踱步,從化,內圈,從化 內圈,,,,,,助手,,快踱一圈,H,內圈 快踱一圈 (助手)
H475,16/01/2024,游水,從化,,從化,,,,,,,,游水,,
H475,16/01/2024,快操,從化,草閘,從化 草閘,,54.3,54.3,28.5 25.8,,助手,,快操,H,28.5 25.8 (54.3) (助手)
H475,16/01/2024,踱步,從化,飛機場,從化 飛機場,,,,,,助手,,踱步,H,飛機場 踱步 (助手)
H475,15/01/2024,游水,從化,,從化,,,,,,,,游水,,
H475,15/01/2024,踱步,從化,內圈,從化 內圈,,,,,,助手,,倒快一圈,H,內圈 倒快一圈 (助手)
H475,14/01/2024,游水,從化,,從化,,,,,,,,游水,,
H475,14/01/2024,踱步,從化,內圈,從化 內圈,,,,,,助手,,快踱一圈,H,內圈 快踱一圈 (助手)
H475,13/01/2024,游水,從化,,從化,,,,,,,,游水,,
H475,13/01/2024,踱步,從化,內圈,從化 內圈,,,,,,助手,,快踱一圈,H,內圈 快踱一圈 (助手)
H475,12/01/2024,游水,從化,,從化,,,,,,,,游水,,
H475,12/01/2024,踱步,從化,內圈,從化 內圈,,,,,,助手,,快踱一圈,H,內圈 快踱一圈 (助手)
H475,11/01/2024,游水,從化,,從化,,,,,,,,游水,,
H475,11/01/2024,快操,從化,全天候,從化 全天候,,25.0,25.0,25.0,,助手,,快操,H,25.0 (25.0) (助手)
H475,11/01/2024,踱步,從化,飛機場,從化 飛機場,,,,,,助手,,踱步,H,飛機場 踱步 (助手)
H475,10/01/2024,游水,從化,,從化,,,,,,,,游水,,
H475,10/01/2024,踱步,從化,內圈,從化 內圈,,,,,,助手,,快踱一圈,H,內圈 快踱一圈 (助手)
H475,09/01/2024,游水,從化,,從化,,,,,,,,游水,,
H475,09/01/2024,踱步,從化,內圈,從化 內圈,,,,,,助手,,快踱一圈,H,內圈 快踱一圈 (助手)
H475,08/01/2024,游水,從化,,從化,,,,,,,,游水,,
H475,08/01/2024,踱步,從化,內圈,從化 內圈,,,,,,助手,,倒快一圈,H,內圈 倒快一圈 (助手)
H475,07/01/2024,游水,從化,,從化,,,,,,,,游水,,
H475,07/01/2024,快操,從化,全天候,從化 全天候,,58.9,58.9,32.7 26.2,,助手,,快操,H,32.7 26.2 (58.9) (助手)
H475,07/01/2024,踱步,從化,飛機場,從化 飛機場,,,,,,助手,,踱步,H,飛機場 踱步 (助手)
H475,06/01/2024,游水,從化,,從化,,,,,,,,游水,,
H475,06/01/2024,踱步,從化,內圈,從化 內圈,,,,,,助手,,快踱一圈,H,內圈 快踱一圈 (助手)
H475,05/01/2024,游水,從化,,從化,,,,,,,,游水,,
H475,05/01/2024,踱步,從化,內圈,從化 內圈,,,,,,助手,,快踱一圈,H,內圈 快踱一圈 (助手)
H475,04/01/2024,游水,從化,,從化,,,,,,,,游水,,
H475,04/01/2024,踱步,從化,內圈,從化 內圈,,,,,,助手,,倒快一圈,H,內圈 倒快一圈 (助手)
H475,03/01/2024,游水,從化,,從化,,,,,,,,游水,,
H475,03/01/2024,快操,從化,全天候,從化 全天候,,25.8,25.8,25.8,,助手,,快操,H,25.8 (25.8) (助手)
H475,03/01/2024,踱步,從化,飛機場,從化 飛機場,,,,,,助手,,踱步,H,飛機場 踱步 (助手)
H475,02/01/2024,游水,從化,,從化,,,,,,,,游水,,
H475,02/01/2024,踱步,從化,內圈,從化 內圈,,,,,,助手,,快踱一圈,H,內圈 快踱一圈 (助手)
H475,01/01/2024,游水,從化,,從化,,,,,,,,游水,,
H475,01/01/2024,踱步,從化,內圈,從化 內圈,,,,,,助手,,倒快一圈,H,內圈 倒快一圈 (助手)
H475,31/12/2023,游水,從化,,從化,,,,,,,,游水,,
H475,31/12/2023,踱步,從化,內圈,從化 內圈,,,,,,助手,,快踱一圈,H,內圈 快踱一圈 (助手)
H475,30/12/2023,游水,從化,,從化,,,,,,,,游水,,
H475,30/12/2023,快操,從化,全天候,從化 全天候,,28.3,28.3,28.3,,助手,,快操,H,28.3 (28.3) (助手)
H475,30/12/2023,踱步,從化,飛機場,從化 飛機場,,,,,,助手,,踱步,H,飛機場 踱步 (助手)
H475,29/12/2023,游水,從化,,從化,,,,,,,,游水,,
H475,29/12/2023,踱步,從化,內圈,從化 內圈,,,,,,助手,,快踱一圈,H,內圈 快踱一圈 (助手)
H475,28/12/2023,游水,從化,,從化,,,,,,,,游水,,
H475,28/12/2023,踱步,從化,內圈,從化 內圈,,,,,,助手,,倒快一圈,H,內圈 倒快一圈 (助手)
H475,27/12/2023,游水,從化,,從化,,,,,,,,游水,,
H475,27/12/2023,踱步,從化,內圈,從化 內圈,,,,,,助手,,快踱一圈,H,內圈 快踱一圈 (助手)
H475,26/12/2023,游水,從化,,從化,,,,,,,,游水,,
H475,26/12/2023,快操,從化,全天候,從化 全天候,,28.3,28.3,28.3,,助手,,快操,H,28.3 (28.3) (助手)
H475,26/12/2023,踱步,從化,飛機場,從化 飛機場,,,,,,助手,,踱步,H,飛機場 踱步 (助手)
H475,25/12/2023,游水,從化,,從化,,,,,,,,游水,,
H475,25/12/2023,踱步,從化,內圈,從化 內圈,,,,,,助手,,倒快一圈,H,內圈 倒快一圈 (助手)
H475,24/12/2023,游水,從化,,從化,,,,,,,,游水,,
H475,24/12/2023,踱步,從化,內圈,從化 內圈,,,,,,助手,,快踱一圈,H,內圈 快踱一圈 (助手)
H475,23/12/2023,游水,從化,,從化,,,,,,,,游水,,
H475,23/12/2023,踱步,從化,內圈,從化 內圈,,,,,,助手,,快踱一圈,H,內圈 快踱一圈 (助手)
H475,22/12/2023,游水,從化,,從化,,,,,,,,游水,,
H475,22/12/2023,快操,從化,全天候,從化 全天候,,30.4,30.4,30.4,,助手,,快操,H,30.4 (30.4) (助手)
H475,22/12/2023,踱步,從化,飛機場,從化 飛機場,,,,,,助手,,踱步,H,飛機場 踱步 (助手)
H475,21/12/2023,游水,從化,,從化,,,,,,,,游水,,
H475,21/12/2023,踱步,從化,內圈,從化 內圈,,,,,,助手,,倒快一圈,H,內圈 倒快一圈 (助手)
H475,20/12/2023,游水,從化,,從化,,,,,,,,游水,,
H475,20/12/2023,踱步,從化,內圈,從化 內圈,,,,,,助手,,快踱一圈,H,內圈 快踱一圈 (助手)
H475,19/12/2023,游水,從化,,從化,,,,,,,,游水,,
H475,19/12/2023,踱步,從化,內圈,從化 內圈,,,,,,助手,,快踱一圈,H,內圈 快踱一圈 (助手)
H475,18/12/2023,游水,從化,,從化,,,,,,,,游水,,
H475,18/12/2023,踱步,從化,內圈,從化 內圈,,,,,,助手,,倒快一圈,H,內圈 倒快一圈 (助手)
H475,17/12/2023,游水,從化,,從化,,,,,,,,游水,,
H475,17/12/2023,快操,從化,全天候,從化 全天候,,32.6,32.6,32.6,,助手,,快操,H,32.6 (32.6) (助手)
H475,17/12/2023,踱步,從化,飛機場,從化 飛機場,,,,,,助手,,踱步,H,飛機場 踱步 (助手)
H475,16/12/2023,游水,從化,,從化,,,,,,,,游水,,
H475,16/12/2023,踱步,從化,內圈,從化 內圈,,,,,,助手,,快踱一圈,H,內圈 快踱一圈 (助手)
H475,15/12/2023,游水,從化,,從化,,,,,,,,游水,,
H475,15/12/2023,踱步,從化,內圈,從化 內圈,,,,,,助手,,快踱一圈,H,內圈 快踱一圈 (助手)
H475,14/12/2023,游水,從化,,從化,,,,,,,,游水,,
H475,14/12/2023,踱步,從化,內圈,從化 內圈,,,,,,助手,,倒快一圈,H,內圈 倒快一圈 (助手)
H475,13/12/2023,游水,從化,,從化,,,,,,,,游水,,
H475,13/12/2023,踱步,從化,內圈,從化 內圈,,,,,,助手,,快踱一圈,H,內圈 快踱一圈 (助手)
H475,12/12/2023,游水,從化,,從化,,,,,,,,游水,,
H475,12/12/2023,踱步,從化,內圈,從化 內圈,,,,,,助手,,快踱一圈,H,內圈 快踱一圈 (助手)
H475,11/12/2023,游水,從化,,從化,,,,,,,,游水,,
H475,11/12/2023,踱步,從化,內圈,從化 內圈,,,,,,助手,,倒快一圈,H,內圈 倒快一圈 (助手)
H475,10/12/2023,游水,從化,,從化,,,,,,,,游水,,
H475,10/12/2023,踱步,從化,飛機場,從化 飛機場,,,,,,助手,,踱步,,飛機場 踱步 (助手)
H475,08/12/2023,游水,從化,,從化,,,,,,,,游水,,
H475,06/12/2023,游水,從化,,從化,,,,,,,,游水,,
H475,06/12/2023,踱步,從化,飛機場,從化 飛機場,,,,,,助手,,踱步,,飛機場 踱步 (助手)
H475,05/12/2023,游水,從化,,從化,,,,,,,,游水,,
H475,04/12/2023,游水,從化,,從化,,,,,,,,游水,,
H475,04/12/2023,踱步,從化,內圈,從化 內圈,,,,,,助手,,倒快一圈,H,內圈 倒快一圈 (助手)
H475,03/12/2023,游水,從化,,從化,,,,,,,,游水,,
H475,03/12/2023,踱步,從化,內圈,從化 內圈,,,,,,助手,,快踱一圈,H,內圈 快踱一圈 (助手)
H475,02/12/2023,游水,從化,,從化,,,,,,,,游水,,
H475,02/12/2023,踱步,從化,內圈,從化 內圈,,,,,,助手,,快踱一圈,H,內圈 快踱一圈 (助手)
H475,01/12/2023,游水,從化,,從化,,,,,,,,游水,,
H475,01/12/2023,快操,從化,全天候,從化 全天候,,28.7,28.7,28.7,,助手,,快操,H,28.7 (28.7) (助手)
H475,01/12/2023,踱步,從化,飛機場,從化 飛機場,,,,,,助手,,踱步,H,飛機場 踱步 (助手)
H475,30/11/2023,游水,從化,,從化,,,,,,,,游水,,
H475,30/11/2023,踱步,從化,內圈,從化 內圈,,,,,,助手,,倒快一圈,H,內圈 倒快一圈 (助手)
H475,29/11/2023,游水,從化,,從化,,,,,,,,游水,,
H475,29/11/2023,踱步,從化,內圈,從化 內圈,,,,,,助手,,快踱一圈,H,內圈 快踱一圈 (助手)
H475,28/11/2023,游水,從化,,從化,,,,,,,,游水,,
H475,28/11/2023,踱步,從化,內圈,從化 內圈,,,,,,助手,,快踱一圈,H,內圈 快踱一圈 (助手)
H475,27/11/2023,游水,從化,,從化,,,,,,,,游水,,
H475,27/11/2023,快操,從化,全天候,從化 全天候,,31.3,31.3,31.3,,助手,,快操,H,31.3 (31.3) (助手)
H475,27/11/2023,踱步,從化,飛機場,從化 飛機場,,,,,,助手,,踱步,H,飛機場 踱步 (助手)
H475,26/11/2023,游水,從化,,從化,,,,,,,,游水,,
H475,26/11/2023,踱步,從化,內圈,從化 內圈,,,,,,助手,,快踱一圈,H,內圈 快踱一圈 (助手)
H475,25/11/2023,游水,從化,,從化,,,,,,,,游水,,
H475,25/11/2023,踱步,從化,內圈,從化 內圈,,,,,,助手,,快踱一圈,H,內圈 快踱一圈 (助手)
H475,24/11/2023,游水,從化,,從化,,,,,,,,游水,,
H475,24/11/2023,踱步,從化,內圈,從化 內圈,,,,,,助手,,快踱一圈,H,內圈 快踱一圈 (助手)
H475,23/11/2023,游水,從化,,從化,,,,,,,,游水,,
H475,23/11/2023,快操,從化,全天候,從化 全天候,,30.4,30.4,30.4,,助手,,快操,H,30.4 (30.4) (助手)
H475,23/11/2023,踱步,從化,飛機場,從化 飛機場,,,,,,助手,,踱步,H,飛機場 踱步 (助手)
H475,22/11/2023,游水,從化,,從化,,,,,,,,游水,,
H475,22/11/2023,踱步,從化,內圈,從化 內圈,,,,,,助手,,快踱一圈,H,內圈 快踱一圈 (助手)
H475,21/11/2023,游水,從化,,從化,,,,,,,,游水,,
H475,21/11/2023,踱步,從化,內圈,從化 內圈,,,,,,助手,,快踱一圈,H,內圈 快踱一圈 (助手)
H475,20/11/2023,游水,從化,,從化,,,,,,,,游水,,
H475,20/11/2023,踱步,從化,內圈,從化 內圈,,,,,,助手,,倒快一圈,H,內圈 倒快一圈 (助手)
H475,19/11/2023,游水,從化,,從化,,,,,,,,游水,,
H475,19/11/2023,踱步,從化,內圈,從化 內圈,,,,,,助手,,快踱一圈,H,內圈 快踱一圈 (助手)
H475,18/11/2023,游水,從化,,從化,,,,,,,,游水,,
H475,18/11/2023,踱步,從化,內圈,從化 內圈,,,,,,助手,,快踱一圈,H,內圈 快踱一圈 (助手)
H475,17/11/2023,游水,從化,,從化,,,,,,,,游水,,
H475,17/11/2023,踱步,從化,內圈,從化 內圈,,,,,,助手,,快踱一圈,H,內圈 快踱一圈 (助手)
H475,16/11/2023,游水,從化,,從化,,,,,,,,游水,,
H475,16/11/2023,踱步,從化,內圈,從化 內圈,,,,,,助手,,倒快一圈,H,內圈 倒快一圈 (助手)
H475,15/11/2023,游水,從化,,從化,,,,,,,,游水,,
H475,15/11/2023,踱步,從化,內圈,從化 內圈,,,,,,助手,,快踱一圈,H,內圈 快踱一圈 (助手)
H475,14/11/2023,游水,從化,,從化,,,,,,,,游水,,
H475,14/11/2023,踱步,從化,內圈,從化 內圈,,,,,,助手,,快踱一圈,H,內圈 快踱一圈 (助手)
H475,13/11/2023,游水,從化,,從化,,,,,,,,游水,,
H475,13/11/2023,踱步,從化,內圈,從化 內圈,,,,,,助手,,倒快一圈,H,內圈 倒快一圈 (助手)
H475,12/11/2023,游水,從化,,從化,,,,,,,,游水,,
H475,12/11/2023,踱步,從化,內圈,從化 內圈,,,,,,助手,,快踱一圈,H,內圈 快踱一圈 (助手)
H475,11/11/2023,游水,從化,,從化,,,,,,,,游水,,
H475,11/11/2023,踱步,從化,內圈,從化 內圈,,,,,,助手,,快踱一圈,H,內圈 快踱一圈 (助手)
H475,10/11/2023,游水,從化,,從化,,,,,,,,游水,,
H475,10/11/2023,踱步,從化,內圈,從化 內圈,,,,,,助手,,快踱一圈,H,內圈 快踱一圈 (助手)
H475,09/11/2023,游水,從化,,從化,,,,,,,,游水,,
H475,09/11/2023,踱步,從化,內圈,從化 內圈,,,,,,助手,,倒快一圈,H,內圈 倒快一圈 (助手)
H475,08/11/2023,游水,從化,,從化,,,,,,,,游水,,
H475,08/11/2023,踱步,從化,內圈,從化 內圈,,,,,,助手,,快踱一圈,H,內圈 快踱一圈 (助手)
H475,07/11/2023,游水,從化,,從化,,,,,,,,游水,,
H475,07/11/2023,踱步,從化,內圈,從化 內圈,,,,,,助手,,快踱一圈,H,內圈 快踱一圈 (助手)
H475,06/11/2023,游水,從化,,從化,,,,,,,,游水,,
H475,06/11/2023,踱步,從化,內圈,從化 內圈,,,,,,助手,,倒快一圈,H,內圈 倒快一圈 (助手)
H475,05/11/2023,游水,從化,,從化,,,,,,,,游水,,
H475,05/11/2023,踱步,從化,內圈,從化 內圈,,,,,,助手,,快踱一圈,H,內圈 快踱一圈 (助手)
H475,04/11/2023,游水,從化,,從化,,,,,,,,游水,,
H475,03/11/2023,游水,從化,,從化,,,,,,,,游水,,
H475,03/11/2023,踱步,從化,內圈,從化 內圈,,,,,,助手,,快踱一圈,H,內圈 快踱一圈 (助手)
H475,02/11/2023,游水,從化,,從化,,,,,,,,游水,,
H475,02/11/2023,踱步,從化,內圈,從化 內圈,,,,,,助手,,倒快一圈,H,內圈 倒快一圈 (助手)
H475,01/11/2023,游水,從化,,從化,,,,,,,,游水,,
H475,01/11/2023,踱步,從化,內圈,從化 內圈,,,,,,助手,,快踱一圈,H,內圈 快踱一圈 (助手)
H475,31/10/2023,游水,從化,,從化,,,,,,,,游水,,
H475,31/10/2023,踱步,從化,飛機場,從化 飛機場,,,,,,助手,,踱步,,飛機場 踱步 (助手)
H475,30/10/2023,游水,從化,,從化,,,,,,,,游水,,
H475,30/10/2023,踱步,從化,飛機場,從化 飛機場,,,,,,助手,,踱步,,飛機場 踱步 (助手)
H475,29/10/2023,游水,從化,,從化,,,,,,,,游水,,
H475,29/10/2023,踱步,從化,飛機場,從化 飛機場,,,,,,助手,,踱步,,飛機場 踱步 (助手)
H475,28/10/2023,游水,從化,,從化,,,,,,,,游水,,
H475,28/10/2023,踱步,從化,飛機場,從化 飛機場,,,,,,助手,,踱步,,飛機場 踱步 (助手)
H475,27/10/2023,游水,從化,,從化,,,,,,,,游水,,
H475,27/10/2023,踱步,從化,飛機場,從化 飛機場,,,,,,助手,,踱步,,飛機場 踱步 (助手)
H475,26/10/2023,游水,從化,,從化,,,,,,,,游水,,
H475,26/10/2023,踱步,從化,飛機場,從化 飛機場,,,,,,助手,,踱步,,飛機場 踱步 (助手)
H475,25/10/2023,游水,從化,,從化,,,,,,,,游水,,
H475,25/10/2023,踱步,從化,飛機場,從化 飛機場,,,,,,助手,,踱步,,飛機場 踱步 (助手)
H475,24/10/2023,游水,從化,,從化,,,,,,,,游水,,
H475,24/10/2023,踱步,從化,飛機場,從化 飛機場,,,,,,助手,,踱步,,飛機場 踱步 (助手)
H475,23/10/2023,游水,從化,,從化,,,,,,,,游水,,
H475,23/10/2023,踱步,從化,飛機場,從化 飛機場,,,,,,助手,,踱步,,飛機場 踱步 (助手)
H475,22/10/2023,游水,從化,,從化,,,,,,,,游水,,
H475,22/10/2023,踱步,從化,飛機場,從化 飛機場,,,,,,助手,,踱步,,飛機場 踱步 (助手)
H475,21/10/2023,游水,從化,,從化,,,,,,,,游水,,
H475,20/10/2023,游水,從化,,從化,,,,,,,,游水,,
H475,19/10/2023,游水,從化,,從化,,,,,,,,游水,,
H475,18/10/2023,游水,從化,,從化,,,,,,,,游水,,
H475,17/10/2023,游水,從化,,從化,,,,,,,,游水,,
H475,27/08/2023,游水,沙田,,沙田,,,,,,,,游水,,
H475,26/08/2023,游水,沙田,,沙田,,,,,,,,游水,,
H475,26/08/2023,快操,沙田,全天候,沙田 全天候,,30.2,30.2,30.2,,助手,,快操,,30.2 (30.2) (助手)
H475,26/08/2023,踱步,沙田,彭福公園,沙田 彭福公園,,,,,,助手,,踱步,,彭福公園 踱步 (助手)
H475,25/08/2023,游水,沙田,,沙田,,,,,,,,游水,,
H475,25/08/2023,踱步,沙田,內圈,沙田 內圈,,,,,,助手,,快踱一圈,,內圈 快踱一圈 (助手)
H475,24/08/2023,游水,沙田,,沙田,,,,,,,,游水,,
H475,24/08/2023,踱步,沙田,內圈,沙田 內圈,,,,,,助手,,倒快一圈,H,內圈 倒快一圈 (助手)
H475,23/08/2023,游水,沙田,,沙田,,,,,,,,游水,,
H475,23/08/2023,踱步,沙田,內圈,沙田 內圈,,,,,,助手,,快踱一圈,,內圈 快踱一圈 (助手)
H475,22/08/2023,游水,沙田,,沙田,,,,,,,,游水,,
H475,22/08/2023,踱步,沙田,內圈,沙田 內圈,,,,,,助手,,快踱一圈,,內圈 快踱一圈 (助手)
H475,21/08/2023,游水,沙田,,沙田,,,,,,,,游水,,
H475,21/08/2023,踱步,沙田,內圈,沙田 內圈,,,,,,助手,,倒快一圈,,內圈 倒快一圈 (助手)
H475,20/08/2023,游水,沙田,,沙田,,,,,,,,游水,,
H475,20/08/2023,踱步,沙田,內圈,沙田 內圈,,,,,,助手,,快踱一圈,,內圈 快踱一圈 (助手)
H475,19/08/2023,游水,沙田,,沙田,,,,,,,,游水,,
H475,19/08/2023,踱步,沙田,內圈,沙田 內圈,,,,,,助手,,快踱一圈,,內圈 快踱一圈 (助手)
H475,18/08/2023,游水,沙田,,沙田,,,,,,,,游水,,
H475,18/08/2023,踱步,沙田,內圈,沙田 內圈,,,,,,助手,,快踱一圈,,內圈 快踱一圈 (助手)
H475,17/08/2023,游水,沙田,,沙田,,,,,,,,游水,,
H475,17/08/2023,踱步,沙田,內圈,沙田 內圈,,,,,,助手,,倒快一圈,H,內圈 倒快一圈 (助手)
H475,16/08/2023,游水,沙田,,沙田,,,,,,,,游水,,
H475,16/08/2023,踱步,沙田,內圈,沙田 內圈,,,,,,助手,,快踱一圈,,內圈 快踱一圈 (助手)
H475,15/08/2023,游水,沙田,,沙田,,,,,,,,游水,,
H475,15/08/2023,踱步,沙田,彭福公園,沙田 彭福公園,,,,,,助手,,踱步,,彭福公園 踱步 (助手)
H475,14/08/2023,游水,沙田,,沙田,,,,,,,,游水,,
H475,14/08/2023,踱步,沙田,彭福公園,沙田 彭福公園,,,,,,助手,,踱步,H,彭福公園 踱步 (助手)
H475,13/08/2023,游水,沙田,,沙田,,,,,,,,游水,,
H475,13/08/2023,踱步,沙田,彭福公園,沙田 彭福公園,,,,,,助手,,踱步,H,彭福公園 踱步 (助手)
H475,12/08/2023,游水,沙田,,沙田,,,,,,,,游水,,
H475,12/08/2023,踱步,沙田,彭福公園,沙田 彭福公園,,,,,,助手,,踱步,,彭福公園 踱步 (助手)
H475,11/08/2023,游水,沙田,,沙田,,,,,,,,游水,,
H475,11/08/2023,踱步,沙田,彭福公園,沙田 彭福公園,,,,,,助手,,踱步,,彭福公園 踱步 (助手)
H475,10/08/2023,游水,沙田,,沙田,,,,,,,,游水,,
H475,10/08/2023,踱步,沙田,彭福公園,沙田 彭福公園,,,,,,助手,,踱步,,彭福公園 踱步 (助手)
H475,09/08/2023,游水,沙田,,沙田,,,,,,,,游水,,
H475,09/08/2023,踱步,沙田,彭福公園,沙田 彭福公園,,,,,,助手,,踱步,,彭福公園 踱步 (助手)
H475,08/08/2023,游水,沙田,,沙田,,,,,,,,游水,,
H475,08/08/2023,踱步,沙田,彭福公園,沙田 彭福公園,,,,,,助手,,踱步,,彭福公園 踱步 (助手)
H475,07/08/2023,游水,沙田,,沙田,,,,,,,,游水,,
H475,07/08/2023,踱步,沙田,飛機場,沙田 飛機場,,,,,,助手,,踱步,H,飛機場 踱步 (助手)
H475,06/08/2023,游水,沙田,,沙田,,,,,,,,游水,,
H475,06/08/2023,踱步,沙田,飛機場,沙田 飛機場,,,,,,助手,,踱步,H,飛機場 踱步 (助手)
H475,05/08/2023,游水,沙田,,沙田,,,,,,,,游水,,
H475,05/08/2023,踱步,沙田,飛機場,沙田 飛機場,,,,,,助手,,踱步,H,飛機場 踱步 (助手)
H475,04/08/2023,游水,沙田,,沙田,,,,,,,,游水,,
H475,04/08/2023,踱步,沙田,飛機場,沙田 飛機場,,,,,,助手,,踱步,H,飛機場 踱步 (助手)
H475,03/08/2023,游水,沙田,,沙田,,,,,,,,游水,,
H475,03/08/2023,踱步,沙田,飛機場,沙田 飛機場,,,,,,助手,,踱步,H,飛機場 踱步 (助手)
H475,02/08/2023,游水,沙田,,沙田,,,,,,,,游水,,
H475,02/08/2023,踱步,沙田,飛機場,沙田 飛機場,,,,,,助手,,踱步,H,飛機場 踱步 (助手)
H475,01/08/2023,游水,沙田,,沙田,,,,,,,,游水,,
H475,01/08/2023,踱步,沙田,飛機場,沙田 飛機場,,,,,,助手,,踱步,H,飛機場 踱步 (助手)
H475,31/07/2023,游水,沙田,,沙田,,,,,,,,游水,,
H475,31/07/2023,踱步,沙田,飛機場,沙田 飛機場,,,,,,助手,,踱步,,飛機場 踱步 (助手)
H475,24/07/2023,踱步,沙田,飛機場,沙田 飛機場,,,,,,助手,,踱步,,飛機場 踱步 (助手)
H475,16/07/2023,游水,沙田,,沙田,,,,,,,,游水,,
H475,15/07/2023,游水,沙田,,沙田,,,,,,,,游水,,
H475,14/07/2023,游水,沙田,,沙田,,,,,,,,游水,,
H475,13/07/2023,游水,沙田,,沙田,,,,,,,,游水,,
H475,12/07/2023,游水,沙田,,沙田,,,,,,,,游水,,
H475,11/07/2023,游水,沙田,,沙田,,,,,,,,游水,,
H475,10/07/2023,游水,沙田,,沙田,,,,,,,,游水,,
H475,09/07/2023,游水,沙田,,沙田,,,,,,,,游水,,
H475,08/07/2023,游水,沙田,,沙田,,,,,,,,游水,,
H475,07/07/2023,游水,沙田,,沙田,,,,,,,,游水,,
H475,06/07/2023,游水,沙田,,沙田,,,,,,,,游水,,
H475,04/07/2023,游水,沙田,,沙田,,,,,,,,游水,,
