horse_no,date,work_type,racecourse,track,venue,distance,time,time_sec,splits,partner,rider,placing,comment,gear,workout_details
H208,05/09/2026,踱步,沙田,內圈,沙田 內圈,,,,,,助手,,快踱一圈,H,內圈 快踱一圈 (助手)
H208,04/09/2026,游水,沙田,,沙田,,,,,,,,游水,,
H208,04/09/2026,踱步,沙田,內圈,沙田 內圈,,,,,,助手,,快踱一圈,H,內圈 快踱一圈 (助手)
H208,03/09/2026,游水,沙田,,沙田,,,,,,,,游水,,
H208,03/09/2026,踱步,沙田,內圈,沙田 內圈,,,,,,副練馬師,,倒快一圈,H,內圈 倒快一圈 (副練馬師)
H208,02/09/2026,游水,沙田,,沙田,,,,,,,,游水,,
H208,01/09/2026,試閘,沙田,全天候,沙田 全天候,1050M,1.01.89,61.89,16.2 22.5 23.1,文明戰士,蔡明紹,,第8組,,第8組 (蔡明紹) 1050M 文明戰士 16.2 22.5 23.1 (1.01.89)
H208,31/08/2026,游水,沙田,,沙田,,,,,,,,游水,,
H208,31/08/2026,踱步,沙田,內圈,沙田 內圈,,,,,,助手,,倒快一圈,H,內圈 倒快一圈 (助手)
H208,30/08/2026,游水,沙田,,沙田,,,,,,,,游水,,
H208,30/08/2026,踱步,沙田,內圈,沙田 內圈,,,,,,助手,,快踱一圈,H,內圈 快踱一圈 (助手)
H208,29/08/2026,游水,沙田,,沙田,,,,,,,,游水,,
H208,29/08/2026,快操,沙田,全天候,沙田 全天候,,28.4,28.4,28.4,,助手,,快操,H,28.4 (28.4) (助手)
H208,28/08/2026,游水,沙田,,沙田,,,,,,,,游水,,
H208,28/08/2026,踱步,沙田,內圈,沙田 內圈,,,,,,助手,,快踱一圈,H,內圈 快踱一圈 (助手)
H208,27/08/2026,游水,沙田,,沙田,,,,,,,,游水,,
H208,27/08/2026,踱步,沙田,內圈,沙田 內圈,,,,,,助手,,倒快一圈,H,內圈 倒快一圈 (助手)
H208,26/08/2026,游水,沙田,,沙田,,,,,,,,游水,,
H208,26/08/2026,快操,沙田,全天候,沙田 全天候,,28.1,28.1,28.1,,助手,,快操,H,28.1 (28.1) (助手)
H208,25/08/2026,游水,沙田,,沙田,,,,,,,,游水,,
H208,25/08/2026,踱步,沙田,內圈,沙田 內圈,,,,,,助手,,快踱一圈,H,內圈 快踱一圈 (助手)
H208,24/08/2026,馬匹跑步機,沙田,,沙田,,,,,,上斜,,馬匹跑步機 - 慢跑,,馬匹跑步機 - 慢跑 （上斜）
H208,24/08/2026,游水,沙田,,沙田,,,,,,,,游水,,
H208,23/08/2026,游水,沙田,,沙田,,,,,,,,游水,,
H208,23/08/2026,踱步,沙田,內圈,沙田 內圈,,,,,,助手,,快踱一圈,H,內圈 快踱一圈 (助手)
H208,22/08/2026,游水,沙田,,沙田,,,,,,,,游水,,
H208,21/08/2026,試閘,沙田,全天候,沙田 全天候,1050M,1.01.16,61.16,15.8 22.2 23.1,嘉應高昇,艾道拿,,第4組,,第4組 (艾道拿) 1050M 嘉應高昇 15.8 22.2 23.1 (1.01.16)
H208,20/08/2026,游水,沙田,,沙田,,,,,,,,游水,,
H208,20/08/2026,踱步,沙田,內圈,沙田 內圈,,,,,,助手,,倒快一圈,H,內圈 倒快一圈 (助手)
H208,19/08/2026,游水,沙田,,沙田,,,,,,,,游水,,
H208,19/08/2026,踱步,沙田,內圈,沙田 內圈,,,,,,助手,,快踱一圈,H,內圈 快踱一圈 (助手)
H208,18/08/2026,游水,沙田,,沙田,,,,,,,,游水,,
H208,18/08/2026,踱步,沙田,內圈,沙田 內圈,,,,,,助手,,快踱一圈,H,內圈 快踱一圈 (助手)
H208,17/08/2026,游水,沙田,,沙田,,,,,,,,游水,,
H208,17/08/2026,快操,沙田,全天候,沙田 全天候,,26.9,26.9,26.9,,助手,,快操,H,26.9 (26.9) (助手)
H208,16/08/2026,游水,沙田,,沙田,,,,,,,,游水,,
H208,16/08/2026,踱步,沙田,內圈,沙田 內圈,,,,,,助手,,快踱一圈,H,內圈 快踱一圈 (助手)
H208,15/08/2026,游水,沙田,,沙田,,,,,,,,游水,,
H208,15/08/2026,踱步,沙田,內圈,沙田 內圈,,,,,,助手,,快踱一圈,H,內圈 快踱一圈 (助手)
H208,14/08/2026,馬匹跑步機,沙田,,沙田,,,,,,上斜,,馬匹跑步機 - 慢跑,,馬匹跑步機 - 慢跑 （上斜）
H208,14/08/2026,游水,沙田,,沙田,,,,,,,,游水,,
H208,13/08/2026,游水,沙田,,沙田,,,,,,,,游水,,
H208,13/08/2026,快操,沙田,全天候,沙田 全天候,,58.2,58.2,33.4 24.8,,助手,,快操,H,33.4 24.8 (58.2) (助手)
H208,12/08/2026,游水,沙田,,沙田,,,,,,,,游水,,
H208,12/08/2026,踱步,沙田,內圈,沙田 內圈,,,,,,助手,,快踱一圈,H,內圈 快踱一圈 (助手)
H208,11/08/2026,游水,沙田,,沙田,,,,,,,,游水,,
H208,11/08/2026,踱步,沙田,內圈,沙田 內圈,,,,,,助手,,快踱一圈,H,內圈 快踱一圈 (助手)
H208,10/08/2026,游水,沙田,,沙田,,,,,,,,游水,,
H208,10/08/2026,快操,沙田,全天候,沙田 全天候,,27.9,27.9,27.9,,助手,,快操,H,27.9 (27.9) (助手)
H208,09/08/2026,游水,沙田,,沙田,,,,,,,,游水,,
H208,09/08/2026,踱步,沙田,內圈,沙田 內圈,,,,,,助手,,快踱一圈,H,內圈 快踱一圈 (助手)
H208,08/08/2026,馬匹跑步機,沙田,,沙田,,,,,,上斜,,馬匹跑步機 - 慢跑,,馬匹跑步機 - 慢跑 （上斜）
H208,08/08/2026,游水,沙田,,沙田,,,,,,,,游水,,
H208,07/08/2026,游水,沙田,,沙田,,,,,,,,游水,,
H208,07/08/2026,快操,沙田,全天候,沙田 全天候,,29.2,29.2,29.2,,助手,,快操,H,29.2 (29.2) (助手)
H208,06/08/2026,游水,沙田,,沙田,,,,,,,,游水,,
H208,06/08/2026,踱步,沙田,內圈,沙田 內圈,,,,,,助手,,倒快一圈,H,內圈 倒快一圈 (助手)
H208,05/08/2026,踱步,沙田,內圈,沙田 內圈,,,,,,副練馬師,,快踱一圈,H,內圈 快踱一圈 (副練馬師)
H208,04/08/2026,快操,沙田,全天候,沙田 全天候,,30.7,30.7,30.7,,助手,,快操,H,30.7 (30.7) (助手)
H208,03/08/2026,踱步,沙田,內圈,沙田 內圈,,,,,,助手,,快踱一圈,H,內圈 快踱一圈 (助手)
H208,02/08/2026,踱步,沙田,內圈,沙田 內圈,,,,,,助手,,快踱一圈,H,內圈 快踱一圈 (助手)
H208,01/08/2026,踱步,沙田,內圈,沙田 內圈,,,,,,助手,,快踱一圈,H,內圈 快踱一圈 (助手)
H208,31/07/2026,踱步,沙田,內圈,沙田 內圈,,,,,,助手,,快踱一圈,H,內圈 快踱一圈 (助手)
H208,30/07/2026,踱步,沙田,飛機場,沙田 飛機場,,,,,,助手,,踱步,H,飛機場 踱步 (助手)
H208,29/07/2026,踱步,沙田,飛機場,沙田 飛機場,,,,,,助手,,踱步,H,飛機場 踱步 (助手)
H208,28/07/2026,踱步,沙田,飛機場,沙田 飛機場,,,,,,助手,,踱步,H,飛機場 踱步 (助手)
H208,27/07/2026,踱步,沙田,飛機場,沙田 飛機場,,,,,,助手,,踱步,H,飛機場 踱步 (助手)
H208,25/07/2026,馬匹跑步機,沙田,,沙田,,,,,,上斜,,馬匹跑步機 - 踱步,,馬匹跑步機 - 踱步 （上斜）
H208,08/07/2026,出賽,跑馬地,草地,跑馬地 草地,1000M,,,,,潘頓,1/11,出賽,TT,1000M (潘頓) (1/11)
H208,08/07/2026,游水,沙田,,沙田,,,,,,,,游水,,
H208,08/07/2026,踱步,沙田,內圈,沙田 內圈,,,,,,助手,,快踱一圈,H,內圈 快踱一圈 (助手)
H208,07/07/2026,游水,沙田,,沙田,,,,,,,,游水,,
H208,07/07/2026,踱步,沙田,內圈,沙田 內圈,,,,,,助手,,快踱一圈,H,內圈 快踱一圈 (助手)
H208,06/07/2026,游水,沙田,,沙田,,,,,,,,游水,,
H208,06/07/2026,踱步,沙田,內圈,沙田 內圈,,,,,,助手,,倒快一圈,H,內圈 倒快一圈 (助手)
H208,05/07/2026,游水,沙田,,沙田,,,,,,,,游水,,
H208,05/07/2026,快操,沙田,全天候,沙田 全天候,,1.01.4,61.4,33.9 27.5,,助手,,快操,H,33.9 27.5 (1.01.4) (助手)
H208,04/07/2026,游水,沙田,,沙田,,,,,,,,游水,,
H208,04/07/2026,踱步,沙田,內圈,沙田 內圈,,,,,,助手,,快踱一圈,H,內圈 快踱一圈 (助手)
H208,03/07/2026,游水,沙田,,沙田,,,,,,,,游水,,
H208,03/07/2026,踱步,沙田,內圈,沙田 內圈,,,,,,助手,,快踱一圈,H,內圈 快踱一圈 (助手)
H208,02/07/2026,游水,沙田,,沙田,,,,,,,,游水,,
H208,02/07/2026,踱步,沙田,內圈,沙田 內圈,,,,,,助手,,倒快一圈,H,內圈 倒快一圈 (助手)
H208,01/07/2026,游水,沙田,,沙田,,,,,,,,游水,,
H208,01/07/2026,快操,沙田,全天候,沙田 全天候,,27.1,27.1,27.1,,助手,,快操,H,27.1 (27.1) (助手)
H208,30/06/2026,游水,沙田,,沙田,,,,,,,,游水,,
H208,30/06/2026,踱步,沙田,內圈,沙田 內圈,,,,,,助手,,快踱一圈,H,內圈 快踱一圈 (助手)
H208,29/06/2026,游水,沙田,,沙田,,,,,,,,游水,,
H208,29/06/2026,踱步,沙田,內圈,沙田 內圈,,,,,,助手,,倒快一圈,H,內圈 倒快一圈 (助手)
H208,28/06/2026,游水,沙田,,沙田,,,,,,,,游水,,
H208,28/06/2026,踱步,沙田,內圈,沙田 內圈,,,,,,助手,,快踱一圈,H,內圈 快踱一圈 (助手)
H208,27/06/2026,游水,沙田,,沙田,,,,,,,,游水,,
H208,27/06/2026,踱步,沙田,內圈,沙田 內圈,,,,,,助手,,快踱一圈,H,內圈 快踱一圈 (助手)
H208,26/06/2026,游水,沙田,,沙田,,,,,,,,游水,,
H208,25/06/2026,試閘,沙田,全天候,沙田 全天候,1050M,1.00.81,60.81,15.8 21.4 23.6,美麗登場,巴度,,第5組,,第5組 (巴度) 1050M 美麗登場 15.8 21.4 23.6 (1.00.81)
H208,24/06/2026,游水,沙田,,沙田,,,,,,,,游水,,
H208,24/06/2026,踱步,沙田,內圈,沙田 內圈,,,,,,助手,,快踱一圈,H,內圈 快踱一圈 (助手)
H208,23/06/2026,游水,沙田,,沙田,,,,,,,,游水,,
H208,23/06/2026,踱步,沙田,內圈,沙田 內圈,,,,,,助手,,快踱一圈,H,內圈 快踱一圈 (助手)
H208,22/06/2026,游水,沙田,,沙田,,,,,,,,游水,,
H208,22/06/2026,快操,沙田,全天候,沙田 全天候,,59.3,59.3,33.0 26.3,,助手,,快操,H,33.0 26.3 (59.3) (助手)
H208,21/06/2026,游水,沙田,,沙田,,,,,,,,游水,,
H208,21/06/2026,踱步,沙田,內圈,沙田 內圈,,,,,,助手,,快踱一圈,H,內圈 快踱一圈 (助手)
H208,20/06/2026,游水,沙田,,沙田,,,,,,,,游水,,
H208,20/06/2026,踱步,沙田,內圈,沙田 內圈,,,,,,助手,,快踱一圈,H,內圈 快踱一圈 (助手)
H208,19/06/2026,游水,沙田,,沙田,,,,,,,,游水,,
H208,19/06/2026,踱步,沙田,內圈,沙田 內圈,,,,,,助手,,快踱一圈,H,內圈 快踱一圈 (助手)
H208,18/06/2026,游水,沙田,,沙田,,,,,,,,游水,,
H208,18/06/2026,快操,沙田,全天候,沙田 全天候,,28.6,28.6,28.6,,副練馬師,,快操,H,28.6 (28.6) (副練馬師)
H208,17/06/2026,游水,沙田,,沙田,,,,,,,,游水,,
H208,17/06/2026,踱步,沙田,內圈,沙田 內圈,,,,,,副練馬師,,快踱一圈,H,內圈 快踱一圈 (副練馬師)
H208,16/06/2026,游水,沙田,,沙田,,,,,,,,游水,,
H208,16/06/2026,踱步,沙田,內圈,沙田 內圈,,,,,,助手,,快踱一圈,H,內圈 快踱一圈 (助手)
H208,15/06/2026,游水,沙田,,沙田,,,,,,,,游水,,
H208,15/06/2026,踱步,沙田,內圈,沙田 內圈,,,,,,助手,,倒快一圈,H,內圈 倒快一圈 (助手)
H208,14/06/2026,游水,沙田,,沙田,,,,,,,,游水,,
H208,14/06/2026,踱步,沙田,內圈,沙田 內圈,,,,,,副練馬師,,快踱一圈,H,內圈 快踱一圈 (副練馬師)
H208,13/06/2026,游水,沙田,,沙田,,,,,,,,游水,,
H208,12/06/2026,游水,沙田,,沙田,,,,,,,,游水,,
H208,10/06/2026,出賽,跑馬地,草地,跑馬地 草地,1000M,,,,,楊明綸,7/12,出賽,P-/TT,1000M (楊明綸) (7/12)
H208,10/06/2026,游水,沙田,,沙田,,,,,,,,游水,,
H208,10/06/2026,踱步,沙田,內圈,沙田 內圈,,,,,,助手,,快踱一圈,H,內圈 快踱一圈 (助手)
H208,09/06/2026,游水,沙田,,沙田,,,,,,,,游水,,
H208,09/06/2026,踱步,沙田,內圈,沙田 內圈,,,,,,副練馬師,,快踱一圈,H,內圈 快踱一圈 (副練馬師)
H208,08/06/2026,游水,沙田,,沙田,,,,,,,,游水,,
H208,08/06/2026,踱步,沙田,內圈,沙田 內圈,,,,,,助手,,倒快一圈,H,內圈 倒快一圈 (助手)
H208,07/06/2026,游水,沙田,,沙田,,,,,,,,游水,,
H208,07/06/2026,踱步,沙田,內圈,沙田 內圈,,,,,,副練馬師,,快踱一圈,H,內圈 快踱一圈 (副練馬師)
H208,06/06/2026,游水,沙田,,沙田,,,,,,,,游水,,
H208,06/06/2026,快操,沙田,全天候,沙田 全天候,,26.7,26.7,26.7,,助手,,快操,H,26.7 (26.7) (助手)
H208,05/06/2026,游水,沙田,,沙田,,,,,,,,游水,,
H208,05/06/2026,踱步,沙田,內圈,沙田 內圈,,,,,,助手,,快踱一圈,H,內圈 快踱一圈 (助手)
H208,04/06/2026,游水,沙田,,沙田,,,,,,,,游水,,
H208,04/06/2026,踱步,沙田,內圈,沙田 內圈,,,,,,助手,,倒快一圈,H,內圈 倒快一圈 (助手)
H208,03/06/2026,游水,沙田,,沙田,,,,,,,,游水,,
H208,03/06/2026,快操,沙田,全天候,沙田 全天候,,58.1,58.1,33.2 24.9,,助手,,快操,H,33.2 24.9 (58.1) (助手)
H208,02/06/2026,游水,沙田,,沙田,,,,,,,,游水,,
H208,02/06/2026,踱步,沙田,內圈,沙田 內圈,,,,,,助手,,快踱一圈,H,內圈 快踱一圈 (助手)
H208,01/06/2026,游水,沙田,,沙田,,,,,,,,游水,,
H208,01/06/2026,踱步,沙田,內圈,沙田 內圈,,,,,,助手,,倒快一圈,H,內圈 倒快一圈 (助手)
H208,31/05/2026,游水,沙田,,沙田,,,,,,,,游水,,
H208,31/05/2026,快操,沙田,全天候,沙田 全天候,,27.0,27.0,27.0,,助手,,快操,H,27.0 (27.0) (助手)
H208,30/05/2026,游水,沙田,,沙田,,,,,,,,游水,,
H208,30/05/2026,踱步,沙田,內圈,沙田 內圈,,,,,,助手,,快踱一圈,H,內圈 快踱一圈 (助手)
H208,29/05/2026,游水,沙田,,沙田,,,,,,,,游水,,
H208,29/05/2026,踱步,沙田,內圈,沙田 內圈,,,,,,助手,,快踱一圈,H,內圈 快踱一圈 (助手)
H208,28/05/2026,游水,沙田,,沙田,,,,,,,,游水,,
H208,28/05/2026,踱步,沙田,內圈,沙田 內圈,,,,,,助手,,倒快一圈,H,內圈 倒快一圈 (助手)
H208,27/05/2026,游水,沙田,,沙田,,,,,,,,游水,,
H208,27/05/2026,快操,沙田,全天候,沙田 全天候,,28.2,28.2,28.2,,助手,,快操,H/P,28.2 (28.2) (助手)
H208,26/05/2026,游水,沙田,,沙田,,,,,,,,游水,,
H208,26/05/2026,踱步,沙田,內圈,沙田 內圈,,,,,,助手,,快踱一圈,H,內圈 快踱一圈 (助手)
H208,25/05/2026,游水,沙田,,沙田,,,,,,,,游水,,
H208,25/05/2026,踱步,沙田,內圈,沙田 內圈,,,,,,副練馬師,,倒快一圈,H,內圈 倒快一圈 (副練馬師)
H208,24/05/2026,游水,沙田,,沙田,,,,,,,,游水,,
H208,24/05/2026,踱步,沙田,內圈,沙田 內圈,,,,,,副練馬師,,快踱一圈,H,內圈 快踱一圈 (副練馬師)
H208,23/05/2026,游水,沙田,,沙田,,,,,,,,游水,,
H208,22/05/2026,游水,沙田,,沙田,,,,,,,,游水,,
H208,20/05/2026,出賽,跑馬地,草地,跑馬地 草地,1000M,,,,,班德禮,8/12,出賽,P/TT,1000M (班德禮) (8/12)
H208,20/05/2026,游水,沙田,,沙田,,,,,,,,游水,,
H208,20/05/2026,踱步,沙田,內圈,沙田 內圈,,,,,,助手,,快踱一圈,H,內圈 快踱一圈 (助手)
H208,19/05/2026,游水,沙田,,沙田,,,,,,,,游水,,
H208,19/05/2026,踱步,沙田,內圈,沙田 內圈,,,,,,助手,,快踱一圈,H,內圈 快踱一圈 (助手)
H208,18/05/2026,游水,沙田,,沙田,,,,,,,,游水,,
H208,18/05/2026,踱步,沙田,內圈,沙田 內圈,,,,,,助手,,倒快一圈,H,內圈 倒快一圈 (助手)
H208,17/05/2026,快操,沙田,全天候,沙田 全天候,,26.7,26.7,26.7,,助手,,快操,H/P,26.7 (26.7) (助手)
H208,16/05/2026,游水,沙田,,沙田,,,,,,,,游水,,
H208,16/05/2026,踱步,沙田,內圈,沙田 內圈,,,,,,助手,,快踱一圈,H,內圈 快踱一圈 (助手)
H208,15/05/2026,游水,沙田,,沙田,,,,,,,,游水,,
H208,15/05/2026,踱步,沙田,內圈,沙田 內圈,,,,,,助手,,快踱一圈,H,內圈 快踱一圈 (助手)
H208,14/05/2026,游水,從化,,從化,,,,,,,,游水,,
H208,14/05/2026,踱步,從化,內圈,從化 內圈,,,,,,助手,,倒快一圈,H,內圈 倒快一圈 (助手)
H208,13/05/2026,游水,從化,,從化,,,,,,,,游水,,
H208,13/05/2026,踱步,從化,內圈,從化 內圈,,,,,,助手,,快踱一圈,H,內圈 快踱一圈 (助手)
H208,12/05/2026,馬匹水中步行機,從化,,從化,,,,,,,,馬匹水中步行機,,
H208,11/05/2026,試閘,從化,草地,從化 草地,1000M,0.58.24,58.24,13.7 21.8 22.7,飛龍在天,艾道拿,,第2組,P/XB,第2組 (艾道拿) 1000M 飛龍在天 13.7 21.8 22.7 (0.58.24)
H208,11/05/2026,踱步,從化,飛機場,從化 飛機場,,,,,,助手,,踱步,P,飛機場 踱步 (助手)
H208,10/05/2026,游水,從化,,從化,,,,,,,,游水,,
H208,10/05/2026,踱步,從化,內圈,從化 內圈,,,,,,助手,,快踱一圈,H,內圈 快踱一圈 (助手)
H208,09/05/2026,游水,從化,,從化,,,,,,,,游水,,
H208,09/05/2026,踱步,從化,內圈,從化 內圈,,,,,,助手,,快踱一圈,H,內圈 快踱一圈 (助手)
H208,08/05/2026,游水,從化,,從化,,,,,,,,游水,,
H208,08/05/2026,踱步,從化,內圈,從化 內圈,,,,,,助手,,快踱一圈,H,內圈 快踱一圈 (助手)
H208,07/05/2026,游水,從化,,從化,,,,,,,,游水,,
H208,07/05/2026,快操,從化,全天候,從化 全天候,,25.4,25.4,25.4,,助手,,快操,H/P,25.4 (25.4) (助手)
H208,07/05/2026,踱步,從化,飛機場,從化 飛機場,,,,,,助手,,踱步,H/P,飛機場 踱步 (助手)
H208,06/05/2026,游水,從化,,從化,,,,,,,,游水,,
H208,06/05/2026,踱步,從化,內圈,從化 內圈,,,,,,助手,,快踱一圈,H,內圈 快踱一圈 (助手)
H208,05/05/2026,游水,從化,,從化,,,,,,,,游水,,
H208,05/05/2026,踱步,從化,內圈,從化 內圈,,,,,,助手,,快踱一圈,H,內圈 快踱一圈 (助手)
H208,04/05/2026,游水,從化,,從化,,,,,,,,游水,,
H208,04/05/2026,快操,從化,全天候,從化 全天候,,26.2,26.2,26.2,,助手,,快操,H/P,26.2 (26.2) (助手)
H208,04/05/2026,踱步,從化,飛機場,從化 飛機場,,,,,,助手,,踱步,H/P,飛機場 踱步 (助手)
H208,03/05/2026,游水,從化,,從化,,,,,,,,游水,,
H208,03/05/2026,踱步,從化,內圈,從化 內圈,,,,,,助手,,快踱一圈,H,內圈 快踱一圈 (助手)
H208,02/05/2026,游水,從化,,從化,,,,,,,,游水,,
H208,02/05/2026,踱步,從化,內圈,從化 內圈,,,,,,助手,,快踱一圈,H,內圈 快踱一圈 (助手)
H208,01/05/2026,游水,從化,,從化,,,,,,,,游水,,
H208,01/05/2026,踱步,從化,內圈,從化 內圈,,,,,,助手,,快踱一圈,H,內圈 快踱一圈 (助手)
H208,30/04/2026,游水,從化,,從化,,,,,,,,游水,,
H208,30/04/2026,快操,從化,全天候,從化 全天候,,27.6,27.6,27.6,,助手,,快操,H/P,27.6 (27.6) (助手)
H208,30/04/2026,踱步,從化,飛機場,從化 飛機場,,,,,,助手,,踱步,H/P,飛機場 踱步 (助手)
H208,29/04/2026,游水,從化,,從化,,,,,,,,游水,,
H208,29/04/2026,踱步,從化,內圈,從化 內圈,,,,,,助手,,快踱一圈,H,內圈 快踱一圈 (助手)
H208,28/04/2026,游水,從化,,從化,,,,,,,,游水,,
H208,28/04/2026,踱步,從化,內圈,從化 內圈,,,,,,助手,,快踱一圈,H,內圈 快踱一圈 (助手)
H208,27/04/2026,馬匹水中步行機,從化,,從化,,,,,,,,馬匹水中步行機,,
H208,27/04/2026,游水,從化,,從化,,,,,,,,游水,,
H208,27/04/2026,踱步,從化,內圈,從化 內圈,,,,,,助手,,倒快一圈,H,內圈 倒快一圈 (助手)
H208,26/04/2026,游水,從化,,從化,,,,,,,,游水,,
H208,26/04/2026,踱步,從化,內圈,從化 內圈,,,,,,助手,,快踱一圈,H,內圈 快踱一圈 (助手)
H208,25/04/2026,馬匹水中步行機,從化,,從化,,,,,,,,馬匹水中步行機,,
H208,25/04/2026,游水,從化,,從化,,,,,,,,游水,,
H208,22/04/2026,出賽,跑馬地,草地,跑馬地 草地,1000M,,,,,艾兆禮,6/12,出賽,P/TT,1000M (艾兆禮) (6/12)
H208,22/04/2026,游水,沙田,,沙田,,,,,,,,游水,,
H208,22/04/2026,踱步,沙田,內圈,沙田 內圈,,,,,,副練馬師,,快踱一圈,H,內圈 快踱一圈 (副練馬師)
H208,21/04/2026,游水,沙田,,沙田,,,,,,,,游水,,
H208,21/04/2026,踱步,沙田,內圈,沙田 內圈,,,,,,助手,,快踱一圈,H,內圈 快踱一圈 (助手)
H208,20/04/2026,游水,沙田,,沙田,,,,,,,,游水,,
H208,20/04/2026,踱步,沙田,內圈,沙田 內圈,,,,,,助手,,倒快一圈,H,內圈 倒快一圈 (助手)
H208,19/04/2026,游水,沙田,,沙田,,,,,,,,游水,,
H208,19/04/2026,快操,沙田,全天候,沙田 全天候,,26.2,26.2,26.2,,助手,,快操,H/P,26.2 (26.2) (助手)
H208,18/04/2026,游水,沙田,,沙田,,,,,,,,游水,,
H208,18/04/2026,踱步,沙田,內圈,沙田 內圈,,,,,,助手,,快踱一圈,H,內圈 快踱一圈 (助手)
H208,17/04/2026,游水,沙田,,沙田,,,,,,,,游水,,
H208,17/04/2026,踱步,沙田,內圈,沙田 內圈,,,,,,助手,,快踱一圈,H,內圈 快踱一圈 (助手)
H208,16/04/2026,游水,沙田,,沙田,,,,,,,,游水,,
H208,16/04/2026,踱步,沙田,內圈,沙田 內圈,,,,,,助手,,倒快一圈,H,內圈 倒快一圈 (助手)
H208,15/04/2026,游水,沙田,,沙田,,,,,,,,游水,,
H208,15/04/2026,快操,沙田,全天候,沙田 全天候,,28.0,28.0,28.0,,助手,,快操,H/P,28.0 (28.0) (助手)
H208,14/04/2026,游水,沙田,,沙田,,,,,,,,游水,,
H208,14/04/2026,踱步,沙田,內圈,沙田 內圈,,,,,,助手,,快踱一圈,H,內圈 快踱一圈 (助手)
H208,13/04/2026,游水,沙田,,沙田,,,,,,,,游水,,
H208,13/04/2026,踱步,沙田,內圈,沙田 內圈,,,,,,助手,,倒快一圈,H,內圈 倒快一圈 (助手)
H208,12/04/2026,游水,沙田,,沙田,,,,,,,,游水,,
H208,12/04/2026,踱步,沙田,內圈,沙田 內圈,,,,,,助手,,快踱一圈,H,內圈 快踱一圈 (助手)
H208,11/04/2026,游水,沙田,,沙田,,,,,,,,游水,,
H208,10/04/2026,游水,沙田,,沙田,,,,,,,,游水,,
H208,08/04/2026,出賽,跑馬地,草地,跑馬地 草地,1000M,,,,,艾兆禮,5/12,出賽,P/TT,1000M (艾兆禮) (5/12)
H208,08/04/2026,游水,沙田,,沙田,,,,,,,,游水,,
H208,08/04/2026,踱步,沙田,內圈,沙田 內圈,,,,,,助手,,快踱一圈,H,內圈 快踱一圈 (助手)
H208,07/04/2026,游水,沙田,,沙田,,,,,,,,游水,,
H208,07/04/2026,踱步,沙田,內圈,沙田 內圈,,,,,,助手,,快踱一圈,H,內圈 快踱一圈 (助手)
H208,06/04/2026,游水,沙田,,沙田,,,,,,,,游水,,
H208,06/04/2026,踱步,沙田,內圈,沙田 內圈,,,,,,助手,,倒快一圈,H,內圈 倒快一圈 (助手)
H208,05/04/2026,游水,沙田,,沙田,,,,,,,,游水,,
H208,05/04/2026,踱步,沙田,內圈,沙田 內圈,,,,,,副練馬師,,快踱一圈,H,內圈 快踱一圈 (副練馬師)
H208,04/04/2026,游水,沙田,,沙田,,,,,,,,游水,,
H208,04/04/2026,快操,沙田,全天候,沙田 全天候,,28.3,28.3,28.3,,助手,,快操,H/P,28.3 (28.3) (助手)
H208,03/04/2026,游水,沙田,,沙田,,,,,,,,游水,,
H208,03/04/2026,踱步,沙田,內圈,沙田 內圈,,,,,,助手,,快踱一圈,H,內圈 快踱一圈 (助手)
H208,02/04/2026,游水,沙田,,沙田,,,,,,,,游水,,
H208,02/04/2026,踱步,沙田,內圈,沙田 內圈,,,,,,助手,,倒快一圈,H,內圈 倒快一圈 (助手)
H208,01/04/2026,游水,沙田,,沙田,,,,,,,,游水,,
H208,01/04/2026,踱步,沙田,內圈,沙田 內圈,,,,,,助手,,快踱一圈,H,內圈 快踱一圈 (助手)
H208,31/03/2026,游水,沙田,,沙田,,,,,,,,游水,,
H208,31/03/2026,快操,沙田,全天候,沙田 全天候,,53.7,53.7,31.6 22.1,,助手,,快操,H/P,31.6 22.1 (53.7) (助手)
H208,30/03/2026,游水,沙田,,沙田,,,,,,,,游水,,
H208,30/03/2026,踱步,沙田,內圈,沙田 內圈,,,,,,助手,,倒快一圈,H,內圈 倒快一圈 (助手)
H208,29/03/2026,踱步,沙田,內圈,沙田 內圈,,,,,,助手,,快踱一圈,H,內圈 快踱一圈 (助手)
H208,28/03/2026,游水,沙田,,沙田,,,,,,,,游水,,
H208,28/03/2026,踱步,沙田,內圈,沙田 內圈,,,,,,助手,,快踱一圈,H,內圈 快踱一圈 (助手)
H208,27/03/2026,游水,沙田,,沙田,,,,,,,,游水,,
H208,27/03/2026,踱步,沙田,內圈,沙田 內圈,,,,,,助手,,快踱一圈,H,內圈 快踱一圈 (助手)
H208,26/03/2026,游水,沙田,,沙田,,,,,,,,游水,,
H208,25/03/2026,游水,沙田,,沙田,,,,,,,,游水,,
H208,25/03/2026,快操,沙田,全天候,沙田 全天候,,28.6,28.6,28.6,,助手,,快操,H/P,28.6 (28.6) (助手)
H208,24/03/2026,游水,沙田,,沙田,,,,,,,,游水,,
H208,24/03/2026,踱步,沙田,內圈,沙田 內圈,,,,,,助手,,快踱一圈,H,內圈 快踱一圈 (助手)
H208,23/03/2026,游水,沙田,,沙田,,,,,,,,游水,,
H208,23/03/2026,踱步,沙田,內圈,沙田 內圈,,,,,,副練馬師,,倒快一圈,H,內圈 倒快一圈 (副練馬師)
H208,22/03/2026,游水,沙田,,沙田,,,,,,,,游水,,
H208,22/03/2026,踱步,沙田,內圈,沙田 內圈,,,,,,助手,,快踱一圈,H,內圈 快踱一圈 (助手)
H208,21/03/2026,游水,沙田,,沙田,,,,,,,,游水,,
H208,20/03/2026,游水,沙田,,沙田,,,,,,,,游水,,
H208,18/03/2026,出賽,跑馬地,草地,跑馬地 草地,1000M,,,,,蔡明紹,3/12,出賽,P2/TT,1000M (蔡明紹) (3/12)
H208,18/03/2026,游水,沙田,,沙田,,,,,,,,游水,,
H208,18/03/2026,踱步,沙田,內圈,沙田 內圈,,,,,,助手,,快踱一圈,H,內圈 快踱一圈 (助手)
H208,17/03/2026,游水,沙田,,沙田,,,,,,,,游水,,
H208,17/03/2026,踱步,沙田,內圈,沙田 內圈,,,,,,助手,,快踱一圈,H,內圈 快踱一圈 (助手)
H208,16/03/2026,游水,沙田,,沙田,,,,,,,,游水,,
H208,16/03/2026,踱步,沙田,內圈,沙田 內圈,,,,,,助手,,倒快一圈,H,內圈 倒快一圈 (助手)
H208,15/03/2026,游水,沙田,,沙田,,,,,,,,游水,,
H208,15/03/2026,踱步,沙田,內圈,沙田 內圈,,,,,,助手,,快踱一圈,H,內圈 快踱一圈 (助手)
H208,14/03/2026,游水,沙田,,沙田,,,,,,,,游水,,
H208,14/03/2026,踱步,沙田,內圈,沙田 內圈,,,,,,助手,,快踱一圈,H,內圈 快踱一圈 (助手)
H208,13/03/2026,游水,沙田,,沙田,,,,,,,,游水,,
H208,13/03/2026,快操,沙田,全天候,沙田 全天候,,58.9,58.9,33.9 25.0,,助手,,快操,H/P,33.9 25.0 (58.9) (助手)
H208,12/03/2026,游水,沙田,,沙田,,,,,,,,游水,,
H208,12/03/2026,踱步,沙田,內圈,沙田 內圈,,,,,,副練馬師,,倒快一圈,H,內圈 倒快一圈 (副練馬師)
H208,11/03/2026,游水,沙田,,沙田,,,,,,,,游水,,
H208,11/03/2026,踱步,沙田,內圈,沙田 內圈,,,,,,助手,,快踱一圈,H,內圈 快踱一圈 (助手)
H208,10/03/2026,游水,沙田,,沙田,,,,,,,,游水,,
H208,10/03/2026,踱步,沙田,內圈,沙田 內圈,,,,,,助手,,快踱一圈,H,內圈 快踱一圈 (助手)
H208,09/03/2026,游水,沙田,,沙田,,,,,,,,游水,,
H208,09/03/2026,踱步,沙田,內圈,沙田 內圈,,,,,,助手,,倒快一圈,H,內圈 倒快一圈 (助手)
H208,08/03/2026,游水,沙田,,沙田,,,,,,,,游水,,
H208,08/03/2026,踱步,沙田,內圈,沙田 內圈,,,,,,副練馬師,,快踱一圈,H,內圈 快踱一圈 (副練馬師)
H208,07/03/2026,游水,沙田,,沙田,,,,,,,,游水,,
H208,06/03/2026,游水,沙田,,沙田,,,,,,,,游水,,
H208,04/03/2026,出賽,跑馬地,草地,跑馬地 草地,1200M,,,,,蔡明紹,6/12,出賽,CP-/TT,1200M (蔡明紹) (6/12)
H208,04/03/2026,游水,沙田,,沙田,,,,,,,,游水,,
H208,04/03/2026,踱步,沙田,內圈,沙田 內圈,,,,,,助手,,快踱一圈,H,內圈 快踱一圈 (助手)
H208,03/03/2026,游水,沙田,,沙田,,,,,,,,游水,,
H208,03/03/2026,踱步,沙田,內圈,沙田 內圈,,,,,,助手,,快踱一圈,H,內圈 快踱一圈 (助手)
H208,02/03/2026,游水,沙田,,沙田,,,,,,,,游水,,
H208,02/03/2026,快操,沙田,全天候,沙田 全天候,,26.9,26.9,26.9,,蔡明紹,,快操,H,26.9 (26.9) (蔡明紹)
H208,01/03/2026,游水,沙田,,沙田,,,,,,,,游水,,
H208,01/03/2026,踱步,沙田,內圈,沙田 內圈,,,,,,助手,,快踱一圈,H,內圈 快踱一圈 (助手)
H208,28/02/2026,游水,從化,,從化,,,,,,,,游水,,
H208,28/02/2026,踱步,從化,內圈,從化 內圈,,,,,,助手,,快踱一圈,H,內圈 快踱一圈 (助手)
H208,27/02/2026,游水,從化,,從化,,,,,,,,游水,,
H208,27/02/2026,踱步,從化,內圈,從化 內圈,,,,,,助手,,快踱一圈,H,內圈 快踱一圈 (助手)
H208,26/02/2026,游水,從化,,從化,,,,,,,,游水,,
H208,26/02/2026,踱步,從化,內圈,從化 內圈,,,,,,助手,,倒快一圈,H,內圈 倒快一圈 (助手)
H208,25/02/2026,游水,從化,,從化,,,,,,,,游水,,
H208,25/02/2026,快操,從化,全天候,從化 全天候,,26.5,26.5,26.5,,助手,,快操,H,26.5 (26.5) (助手)
H208,25/02/2026,踱步,從化,飛機場,從化 飛機場,,,,,,助手,,踱步,H,飛機場 踱步 (助手)
H208,24/02/2026,游水,從化,,從化,,,,,,,,游水,,
H208,24/02/2026,踱步,從化,內圈,從化 內圈,,,,,,助手,,快踱一圈,H,內圈 快踱一圈 (助手)
H208,23/02/2026,馬匹水中步行機,從化,,從化,,,,,,,,馬匹水中步行機,,
H208,23/02/2026,游水,從化,,從化,,,,,,,,游水,,
H208,23/02/2026,踱步,從化,內圈,從化 內圈,,,,,,助手,,倒快一圈,H,內圈 倒快一圈 (助手)
H208,22/02/2026,馬匹水中步行機,從化,,從化,,,,,,,,馬匹水中步行機,,
H208,22/02/2026,游水,從化,,從化,,,,,,,,游水,,
H208,22/02/2026,快操,從化,全天候,從化 全天候,,25.1,25.1,25.1,,助手,,快操,H,25.1 (25.1) (助手)
H208,22/02/2026,踱步,從化,飛機場,從化 飛機場,,,,,,助手,,踱步,H,飛機場 踱步 (助手)
H208,21/02/2026,游水,從化,,從化,,,,,,,,游水,,
H208,21/02/2026,踱步,從化,內圈,從化 內圈,,,,,,助手,,快踱一圈,H,內圈 快踱一圈 (助手)
H208,20/02/2026,游水,從化,,從化,,,,,,,,游水,,
H208,20/02/2026,踱步,從化,內圈,從化 內圈,,,,,,助手,,快踱一圈,H,內圈 快踱一圈 (助手)
H208,19/02/2026,游水,從化,,從化,,,,,,,,游水,,
H208,19/02/2026,踱步,從化,內圈,從化 內圈,,,,,,助手,,倒快一圈,H,內圈 倒快一圈 (助手)
H208,18/02/2026,游水,從化,,從化,,,,,,,,游水,,
H208,18/02/2026,快操,從化,全天候,從化 全天候,,28.8,28.8,28.8,,助手,,快操,H,28.8 (28.8) (助手)
H208,18/02/2026,踱步,從化,飛機場,從化 飛機場,,,,,,助手,,踱步,H,飛機場 踱步 (助手)
H208,16/02/2026,馬匹水中步行機,從化,,從化,,,,,,,,馬匹水中步行機,,
H208,16/02/2026,游水,從化,,從化,,,,,,,,游水,,
H208,16/02/2026,踱步,從化,內圈,從化 內圈,,,,,,助手,,倒快一圈,H,內圈 倒快一圈 (助手)
H208,15/02/2026,游水,從化,,從化,,,,,,,,游水,,
H208,15/02/2026,踱步,從化,內圈,從化 內圈,,,,,,助手,,快踱一圈,H,內圈 快踱一圈 (助手)
H208,14/02/2026,馬匹水中步行機,從化,,從化,,,,,,,,馬匹水中步行機,,
H208,14/02/2026,游水,從化,,從化,,,,,,,,游水,,
H208,13/02/2026,游水,沙田,,沙田,,,,,,,,游水,,
H208,11/02/2026,出賽,跑馬地,草地,跑馬地 草地,1000M,,,,,紀仁安,5/12,出賽,B-/CP1/TT,1000M (紀仁安) (5/12)
H208,11/02/2026,游水,沙田,,沙田,,,,,,,,游水,,
H208,11/02/2026,踱步,沙田,內圈,沙田 內圈,,,,,,助手,,快踱一圈,H,內圈 快踱一圈 (助手)
H208,10/02/2026,游水,沙田,,沙田,,,,,,,,游水,,
H208,10/02/2026,踱步,沙田,內圈,沙田 內圈,,,,,,副練馬師,,快踱一圈,H,內圈 快踱一圈 (副練馬師)
H208,09/02/2026,游水,沙田,,沙田,,,,,,,,游水,,
H208,09/02/2026,踱步,沙田,內圈,沙田 內圈,,,,,,助手,,倒快一圈,H,內圈 倒快一圈 (助手)
H208,08/02/2026,游水,沙田,,沙田,,,,,,,,游水,,
H208,08/02/2026,快操,沙田,全天候,沙田 全天候,,1.00.0,60.0,32.7 27.3,,助手,,快操,H,32.7 27.3 (1.00.0) (助手)
H208,07/02/2026,游水,沙田,,沙田,,,,,,,,游水,,
H208,07/02/2026,踱步,沙田,內圈,沙田 內圈,,,,,,助手,,快踱一圈,H,內圈 快踱一圈 (助手)
H208,06/02/2026,游水,沙田,,沙田,,,,,,,,游水,,
H208,06/02/2026,踱步,沙田,內圈,沙田 內圈,,,,,,助手,,快踱一圈,H,內圈 快踱一圈 (助手)
H208,05/02/2026,游水,沙田,,沙田,,,,,,,,游水,,
H208,05/02/2026,踱步,沙田,內圈,沙田 內圈,,,,,,助手,,倒快一圈,H,內圈 倒快一圈 (助手)
H208,04/02/2026,游水,沙田,,沙田,,,,,,,,游水,,
H208,04/02/2026,快操,沙田,全天候,沙田 全天候,,27.8,27.8,27.8,,助手,,快操,H,27.8 (27.8) (助手)
H208,03/02/2026,馬匹跑步機,沙田,,沙田,,,,,,上斜,,馬匹跑步機 - 慢跑,,馬匹跑步機 - 慢跑 （上斜）
H208,03/02/2026,游水,沙田,,沙田,,,,,,,,游水,,
H208,02/02/2026,游水,沙田,,沙田,,,,,,,,游水,,
H208,02/02/2026,踱步,沙田,內圈,沙田 內圈,,,,,,助手,,倒快一圈,H,內圈 倒快一圈 (助手)
H208,01/02/2026,游水,沙田,,沙田,,,,,,,,游水,,
H208,01/02/2026,踱步,沙田,內圈,沙田 內圈,,,,,,助手,,快踱一圈,H,內圈 快踱一圈 (助手)
H208,31/01/2026,游水,沙田,,沙田,,,,,,,,游水,,
H208,30/01/2026,游水,沙田,,沙田,,,,,,,,游水,,
H208,28/01/2026,出賽,跑馬地,草地,跑馬地 草地,1000M,,,,,鍾易禮,6/12,出賽,BR-/B/TT,1000M (鍾易禮) (6/12)
H208,28/01/2026,游水,沙田,,沙田,,,,,,,,游水,,
H208,28/01/2026,踱步,沙田,內圈,沙田 內圈,,,,,,助手,,快踱一圈,H,內圈 快踱一圈 (助手)
H208,27/01/2026,游水,沙田,,沙田,,,,,,,,游水,,
H208,27/01/2026,踱步,沙田,內圈,沙田 內圈,,,,,,助手,,快踱一圈,H,內圈 快踱一圈 (助手)
H208,26/01/2026,游水,沙田,,沙田,,,,,,,,游水,,
H208,26/01/2026,踱步,沙田,內圈,沙田 內圈,,,,,,助手,,倒快一圈,H,內圈 倒快一圈 (助手)
H208,25/01/2026,游水,沙田,,沙田,,,,,,,,游水,,
H208,25/01/2026,快操,沙田,全天候,沙田 全天候,,28.0,28.0,28.0,,助手,,快操,H,28.0 (28.0) (助手)
H208,24/01/2026,馬匹跑步機,沙田,,沙田,,,,,,上斜,,馬匹跑步機 - 慢跑,,馬匹跑步機 - 慢跑 （上斜）
H208,24/01/2026,游水,沙田,,沙田,,,,,,,,游水,,
H208,23/01/2026,游水,沙田,,沙田,,,,,,,,游水,,
H208,23/01/2026,踱步,沙田,內圈,沙田 內圈,,,,,,助手,,快踱一圈,H,內圈 快踱一圈 (助手)
H208,22/01/2026,游水,沙田,,沙田,,,,,,,,游水,,
H208,22/01/2026,踱步,沙田,內圈,沙田 內圈,,,,,,助手,,倒快一圈,H,內圈 倒快一圈 (助手)
H208,21/01/2026,游水,沙田,,沙田,,,,,,,,游水,,
H208,20/01/2026,試閘,沙田,全天候,沙田 全天候,1200M,1.09.41,69.41,24.1 21.9 23.4,手機錶霸,鍾易禮,,第8組,,第8組 (鍾易禮) 1200M 手機錶霸 24.1 21.9 23.4 (1.09.41)
H208,19/01/2026,游水,沙田,,沙田,,,,,,,,游水,,
H208,19/01/2026,踱步,沙田,內圈,沙田 內圈,,,,,,助手,,倒快一圈,H,內圈 倒快一圈 (助手)
H208,18/01/2026,游水,沙田,,沙田,,,,,,,,游水,,
H208,18/01/2026,踱步,沙田,內圈,沙田 內圈,,,,,,副練馬師,,快踱一圈,H,內圈 快踱一圈 (副練馬師)
H208,17/01/2026,游水,從化,,從化,,,,,,,,游水,,
H208,17/01/2026,踱步,從化,內圈,從化 內圈,,,,,,助手,,快踱一圈,H,內圈 快踱一圈 (助手)
H208,16/01/2026,游水,從化,,從化,,,,,,,,游水,,
H208,16/01/2026,踱步,從化,內圈,從化 內圈,,,,,,助手,,快踱一圈,H,內圈 快踱一圈 (助手)
H208,15/01/2026,游水,從化,,從化,,,,,,,,游水,,
H208,15/01/2026,踱步,從化,內圈,從化 內圈,,,,,,助手,,倒快一圈,H,內圈 倒快一圈 (助手)
H208,14/01/2026,游水,從化,,從化,,,,,,,,游水,,
H208,14/01/2026,踱步,從化,內圈,從化 內圈,,,,,,助手,,快踱一圈,H,內圈 快踱一圈 (助手)
H208,13/01/2026,馬匹水中步行機,從化,,從化,,,,,,,,馬匹水中步行機,,
H208,13/01/2026,游水,從化,,從化,,,,,,,,游水,,
H208,12/01/2026,試閘,從化,草地,從化 草地,1000M,0.59.48,59.48,13.7 21.9 23.8,智勝勳章,鍾易禮,,第1組,,第1組 (鍾易禮) 1000M 智勝勳章 13.7 21.9 23.8 (0.59.48)
H208,12/01/2026,踱步,從化,飛機場,從化 飛機場,,,,,,助手,,踱步,,飛機場 踱步 (助手)
H208,11/01/2026,游水,從化,,從化,,,,,,,,游水,,
H208,11/01/2026,踱步,從化,內圈,從化 內圈,,,,,,助手,,快踱一圈,H,內圈 快踱一圈 (助手)
H208,10/01/2026,游水,從化,,從化,,,,,,,,游水,,
H208,10/01/2026,踱步,從化,內圈,從化 內圈,,,,,,助手,,快踱一圈,H,內圈 快踱一圈 (助手)
H208,09/01/2026,游水,從化,,從化,,,,,,,,游水,,
H208,09/01/2026,踱步,從化,內圈,從化 內圈,,,,,,助手,,快踱一圈,H,內圈 快踱一圈 (助手)
H208,08/01/2026,游水,從化,,從化,,,,,,,,游水,,
H208,08/01/2026,快操,從化,全天候,從化 全天候,,25.4,25.4,25.4,,助手,,快操,H,25.4 (25.4) (助手)
H208,08/01/2026,踱步,從化,飛機場,從化 飛機場,,,,,,助手,,踱步,H,飛機場 踱步 (助手)
H208,07/01/2026,馬匹水中步行機,從化,,從化,,,,,,,,馬匹水中步行機,,
H208,07/01/2026,游水,從化,,從化,,,,,,,,游水,,
H208,07/01/2026,踱步,從化,內圈,從化 內圈,,,,,,助手,,快踱一圈,H,內圈 快踱一圈 (助手)
H208,06/01/2026,游水,從化,,從化,,,,,,,,游水,,
H208,06/01/2026,踱步,從化,內圈,從化 內圈,,,,,,助手,,快踱一圈,H,內圈 快踱一圈 (助手)
H208,05/01/2026,游水,從化,,從化,,,,,,,,游水,,
H208,05/01/2026,快操,從化,全天候,從化 全天候,,26.3,26.3,26.3,,助手,,快操,H,26.3 (26.3) (助手)
H208,05/01/2026,踱步,從化,飛機場,從化 飛機場,,,,,,助手,,踱步,H,飛機場 踱步 (助手)
H208,04/01/2026,馬匹水中步行機,從化,,從化,,,,,,,,馬匹水中步行機,,
H208,04/01/2026,游水,從化,,從化,,,,,,,,游水,,
H208,04/01/2026,踱步,從化,內圈,從化 內圈,,,,,,助手,,快踱一圈,H,內圈 快踱一圈 (助手)
H208,03/01/2026,游水,從化,,從化,,,,,,,,游水,,
H208,02/01/2026,游水,從化,,從化,,,,,,,,游水,,
H208,02/01/2026,踱步,從化,內圈,從化 內圈,,,,,,助手,,快踱一圈,H,內圈 快踱一圈 (助手)
H208,01/01/2026,馬匹水中步行機,從化,,從化,,,,,,,,馬匹水中步行機,,
H208,01/01/2026,游水,從化,,從化,,,,,,,,游水,,
H208,01/01/2026,踱步,從化,內圈,從化 內圈,,,,,,助手,,倒快一圈,H,內圈 倒快一圈 (助手)
H208,31/12/2025,馬匹水中步行機,從化,,從化,,,,,,,,馬匹水中步行機,,
H208,31/12/2025,游水,從化,,從化,,,,,,,,游水,,
H208,30/12/2025,試閘,從化,草地,從化 草地,800M,0.45.82,45.82,24.0 21.8,新力,艾道拿,,第3組,B,第3組 (艾道拿) 800M 新力 24.0 21.8 (0.45.82)
H208,30/12/2025,踱步,從化,飛機場,從化 飛機場,,,,,,助手,,踱步,B,飛機場 踱步 (助手)
H208,29/12/2025,游水,從化,,從化,,,,,,,,游水,,
H208,29/12/2025,踱步,從化,內圈,從化 內圈,,,,,,助手,,倒快一圈,H,內圈 倒快一圈 (助手)
H208,28/12/2025,游水,從化,,從化,,,,,,,,游水,,
H208,28/12/2025,踱步,從化,內圈,從化 內圈,,,,,,助手,,快踱一圈,H,內圈 快踱一圈 (助手)
H208,27/12/2025,馬匹水中步行機,從化,,從化,,,,,,,,馬匹水中步行機,,
H208,27/12/2025,游水,從化,,從化,,,,,,,,游水,,
H208,27/12/2025,快操,從化,全天候,從化 全天候,,26.5,26.5,26.5,,助手,,快操,H,26.5 (26.5) (助手)
H208,27/12/2025,踱步,從化,飛機場,從化 飛機場,,,,,,助手,,踱步,H,飛機場 踱步 (助手)
H208,26/12/2025,游水,從化,,從化,,,,,,,,游水,,
H208,26/12/2025,踱步,從化,內圈,從化 內圈,,,,,,助手,,快踱一圈,H,內圈 快踱一圈 (助手)
H208,25/12/2025,游水,從化,,從化,,,,,,,,游水,,
H208,25/12/2025,踱步,從化,內圈,從化 內圈,,,,,,助手,,倒快一圈,H,內圈 倒快一圈 (助手)
H208,24/12/2025,游水,從化,,從化,,,,,,,,游水,,
H208,24/12/2025,快操,從化,全天候,從化 全天候,,25.8,25.8,25.8,,助手,,快操,H,25.8 (25.8) (助手)
H208,24/12/2025,踱步,從化,飛機場,從化 飛機場,,,,,,助手,,踱步,H,飛機場 踱步 (助手)
H208,23/12/2025,游水,從化,,從化,,,,,,,,游水,,
H208,23/12/2025,踱步,從化,內圈,從化 內圈,,,,,,助手,,快踱一圈,H,內圈 快踱一圈 (助手)
H208,22/12/2025,游水,從化,,從化,,,,,,,,游水,,
H208,22/12/2025,踱步,從化,內圈,從化 內圈,,,,,,助手,,倒快一圈,H,內圈 倒快一圈 (助手)
H208,21/12/2025,馬匹水中步行機,從化,,從化,,,,,,,,馬匹水中步行機,,
H208,21/12/2025,游水,從化,,從化,,,,,,,,游水,,
H208,21/12/2025,快操,從化,全天候,從化 全天候,,26.9,26.9,26.9,,助手,,快操,H,26.9 (26.9) (助手)
H208,20/12/2025,馬匹水中步行機,從化,,從化,,,,,,,,馬匹水中步行機,,
H208,20/12/2025,游水,從化,,從化,,,,,,,,游水,,
H208,20/12/2025,踱步,從化,內圈,從化 內圈,,,,,,助手,,快踱一圈,H,內圈 快踱一圈 (助手)
H208,19/12/2025,游水,從化,,從化,,,,,,,,游水,,
H208,18/12/2025,游水,從化,,從化,,,,,,,,游水,,
H208,18/12/2025,快操,從化,全天候,從化 全天候,,26.0,26.0,26.0,,助手,,快操,H,26.0 (26.0) (助手)
H208,17/12/2025,游水,從化,,從化,,,,,,,,游水,,
H208,17/12/2025,踱步,從化,內圈,從化 內圈,,,,,,助手,,快踱一圈,H,內圈 快踱一圈 (助手)
H208,16/12/2025,游水,從化,,從化,,,,,,,,游水,,
H208,16/12/2025,踱步,從化,內圈,從化 內圈,,,,,,助手,,快踱一圈,H,內圈 快踱一圈 (助手)
H208,15/12/2025,游水,從化,,從化,,,,,,,,游水,,
H208,15/12/2025,快操,從化,全天候,從化 全天候,,26.5,26.5,26.5,,助手,,快操,H,26.5 (26.5) (助手)
H208,15/12/2025,踱步,從化,飛機場,從化 飛機場,,,,,,助手,,踱步,H,飛機場 踱步 (助手)
H208,14/12/2025,馬匹水中步行機,從化,,從化,,,,,,,,馬匹水中步行機,,
H208,14/12/2025,游水,從化,,從化,,,,,,,,游水,,
H208,13/12/2025,游水,從化,,從化,,,,,,,,游水,,
H208,13/12/2025,踱步,從化,內圈,從化 內圈,,,,,,助手,,快踱一圈,H,內圈 快踱一圈 (助手)
H208,12/12/2025,游水,從化,,從化,,,,,,,,游水,,
H208,12/12/2025,踱步,從化,內圈,從化 內圈,,,,,,助手,,快踱一圈,H,內圈 快踱一圈 (助手)
H208,11/12/2025,游水,從化,,從化,,,,,,,,游水,,
H208,11/12/2025,快操,從化,全天候,從化 全天候,,25.2,25.2,25.2,,助手,,快操,H,25.2 (25.2) (助手)
H208,11/12/2025,踱步,從化,飛機場,從化 飛機場,,,,,,助手,,踱步,H,飛機場 踱步 (助手)
H208,10/12/2025,游水,從化,,從化,,,,,,,,游水,,
H208,10/12/2025,踱步,從化,內圈,從化 內圈,,,,,,助手,,快踱一圈,H,內圈 快踱一圈 (助手)
H208,09/12/2025,游水,從化,,從化,,,,,,,,游水,,
H208,08/12/2025,游水,從化,,從化,,,,,,,,游水,,
H208,08/12/2025,快操,從化,全天候,從化 全天候,,26.5,26.5,26.5,,助手,,快操,H,26.5 (26.5) (助手)
H208,08/12/2025,踱步,從化,飛機場,從化 飛機場,,,,,,助手,,踱步,H,飛機場 踱步 (助手)
H208,07/12/2025,馬匹水中步行機,從化,,從化,,,,,,,,馬匹水中步行機,,
H208,07/12/2025,游水,從化,,從化,,,,,,,,游水,,
H208,06/12/2025,馬匹水中步行機,從化,,從化,,,,,,,,馬匹水中步行機,,
H208,06/12/2025,游水,從化,,從化,,,,,,,,游水,,
H208,06/12/2025,踱步,從化,內圈,從化 內圈,,,,,,助手,,快踱一圈,H,內圈 快踱一圈 (助手)
H208,05/12/2025,游水,從化,,從化,,,,,,,,游水,,
H208,05/12/2025,踱步,從化,內圈,從化 內圈,,,,,,助手,,快踱一圈,H,內圈 快踱一圈 (助手)
H208,04/12/2025,游水,從化,,從化,,,,,,,,游水,,
H208,04/12/2025,快操,從化,全天候,從化 全天候,,28.0,28.0,28.0,,助手,,快操,H,28.0 (28.0) (助手)
H208,04/12/2025,踱步,從化,飛機場,從化 飛機場,,,,,,助手,,踱步,H,飛機場 踱步 (助手)
H208,03/12/2025,馬匹水中步行機,從化,,從化,,,,,,,,馬匹水中步行機,,
H208,03/12/2025,游水,從化,,從化,,,,,,,,游水,,
H208,03/12/2025,踱步,從化,內圈,從化 內圈,,,,,,助手,,快踱一圈,H,內圈 快踱一圈 (助手)
H208,02/12/2025,游水,從化,,從化,,,,,,,,游水,,
H208,01/12/2025,游水,從化,,從化,,,,,,,,游水,,
H208,01/12/2025,快操,從化,全天候,從化 全天候,,31.0,31.0,31.0,,助手,,快操,H,31.0 (31.0) (助手)
H208,01/12/2025,踱步,從化,飛機場,從化 飛機場,,,,,,助手,,踱步,H,飛機場 踱步 (助手)
H208,30/11/2025,游水,從化,,從化,,,,,,,,游水,,
H208,30/11/2025,踱步,從化,內圈,從化 內圈,,,,,,助手,,快踱一圈,H,內圈 快踱一圈 (助手)
H208,29/11/2025,游水,從化,,從化,,,,,,,,游水,,
H208,29/11/2025,踱步,從化,內圈,從化 內圈,,,,,,助手,,快踱一圈,H,內圈 快踱一圈 (助手)
H208,28/11/2025,馬匹水中步行機,從化,,從化,,,,,,,,馬匹水中步行機,,
H208,28/11/2025,游水,從化,,從化,,,,,,,,游水,,
H208,27/11/2025,游水,從化,,從化,,,,,,,,游水,,
H208,27/11/2025,快操,從化,全天候,從化 全天候,,29.1,29.1,29.1,,助手,,快操,H,29.1 (29.1) (助手)
H208,27/11/2025,踱步,從化,飛機場,從化 飛機場,,,,,,助手,,踱步,H,飛機場 踱步 (助手)
H208,26/11/2025,游水,從化,,從化,,,,,,,,游水,,
H208,26/11/2025,踱步,從化,內圈,從化 內圈,,,,,,助手,,快踱一圈,H,內圈 快踱一圈 (助手)
H208,25/11/2025,馬匹水中步行機,從化,,從化,,,,,,,,馬匹水中步行機,,
H208,25/11/2025,游水,從化,,從化,,,,,,,,游水,,
H208,24/11/2025,游水,從化,,從化,,,,,,,,游水,,
H208,24/11/2025,踱步,從化,外圈,從化 外圈,,,,,,助手,,快踱一圈,H,外圈 快踱一圈 (助手)
H208,23/11/2025,游水,從化,,從化,,,,,,,,游水,,
H208,23/11/2025,踱步,從化,內圈,從化 內圈,,,,,,助手,,快踱一圈,H,內圈 快踱一圈 (助手)
H208,22/11/2025,馬匹水中步行機,從化,,從化,,,,,,,,馬匹水中步行機,,
H208,22/11/2025,游水,從化,,從化,,,,,,,,游水,,
H208,21/11/2025,游水,從化,,從化,,,,,,,,游水,,
H208,21/11/2025,踱步,從化,內圈,從化 內圈,,,,,,助手,,快踱一圈,H,內圈 快踱一圈 (助手)
H208,20/11/2025,游水,從化,,從化,,,,,,,,游水,,
H208,20/11/2025,踱步,從化,內圈,從化 內圈,,,,,,助手,,倒快一圈,H,內圈 倒快一圈 (助手)
H208,19/11/2025,游水,從化,,從化,,,,,,,,游水,,
H208,18/11/2025,馬匹水中步行機,從化,,從化,,,,,,,,馬匹水中步行機,,
H208,18/11/2025,游水,從化,,從化,,,,,,,,游水,,
H208,18/11/2025,踱步,從化,內圈,從化 內圈,,,,,,助手,,快踱一圈,H,內圈 快踱一圈 (助手)
H208,17/11/2025,游水,從化,,從化,,,,,,,,游水,,
H208,17/11/2025,踱步,從化,內圈,從化 內圈,,,,,,助手,,倒快一圈,H,內圈 倒快一圈 (助手)
H208,16/11/2025,馬匹水中步行機,從化,,從化,,,,,,,,馬匹水中步行機,,
H208,16/11/2025,游水,從化,,從化,,,,,,,,游水,,
H208,15/11/2025,游水,從化,,從化,,,,,,,,游水,,
H208,15/11/2025,踱步,從化,內圈,從化 內圈,,,,,,助手,,快踱一圈,H,內圈 快踱一圈 (助手)
H208,14/11/2025,游水,從化,,從化,,,,,,,,游水,,
H208,13/11/2025,游水,從化,,從化,,,,,,,,游水,,
H208,13/11/2025,踱步,從化,內圈,從化 內圈,,,,,,助手,,倒快一圈,H,內圈 倒快一圈 (助手)
H208,12/11/2025,游水,從化,,從化,,,,,,,,游水,,
H208,12/11/2025,踱步,從化,內圈,從化 內圈,,,,,,助手,,快踱一圈,H,內圈 快踱一圈 (助手)
H208,11/11/2025,游水,從化,,從化,,,,,,,,游水,,
H208,11/11/2025,踱步,從化,飛機場,從化 飛機場,,,,,,助手,,踱步,H,飛機場 踱步 (助手)
H208,10/11/2025,游水,從化,,從化,,,,,,,,游水,,
H208,10/11/2025,踱步,從化,飛機場,從化 飛機場,,,,,,助手,,踱步,H,飛機場 踱步 (助手)
H208,09/11/2025,馬匹水中步行機,從化,,從化,,,,,,,,馬匹水中步行機,,
H208,08/11/2025,踱步,從化,飛機場,從化 飛機場,,,,,,助手,,踱步,H,飛機場 踱步 (助手)
H208,06/11/2025,踱步,從化,飛機場,從化 飛機場,,,,,,助手,,踱步,H,飛機場 踱步 (助手)
H208,05/11/2025,踱步,從化,飛機場,從化 飛機場,,,,,,助手,,踱步,H,飛機場 踱步 (助手)
H208,04/11/2025,踱步,從化,飛機場,從化 飛機場,,,,,,助手,,踱步,H,飛機場 踱步 (助手)
H208,30/10/2025,馬匹水中步行機,從化,,從化,,,,,,,,馬匹水中步行機,,
H208,08/10/2025,出賽,跑馬地,草地,跑馬地 草地,1000M,,,,,艾道拿,12/12,出賽,B/BR/TT,1000M (艾道拿) (12/12)
H208,08/10/2025,游水,沙田,,沙田,,,,,,,,游水,,
H208,08/10/2025,踱步,沙田,內圈,沙田 內圈,,,,,,助手,,快踱一圈,H,內圈 快踱一圈 (助手)
H208,07/10/2025,游水,沙田,,沙田,,,,,,,,游水,,
H208,07/10/2025,踱步,沙田,內圈,沙田 內圈,,,,,,助手,,快踱一圈,H,內圈 快踱一圈 (助手)
H208,06/10/2025,游水,沙田,,沙田,,,,,,,,游水,,
H208,06/10/2025,踱步,沙田,內圈,沙田 內圈,,,,,,助手,,倒快一圈,H,內圈 倒快一圈 (助手)
H208,05/10/2025,游水,沙田,,沙田,,,,,,,,游水,,
H208,05/10/2025,快操,沙田,全天候,沙田 全天候,,1.00.8,60.8,33.9 26.9,,助手,,快操,H,33.9 26.9 (1.00.8) (助手)
H208,04/10/2025,游水,沙田,,沙田,,,,,,,,游水,,
H208,04/10/2025,踱步,沙田,內圈,沙田 內圈,,,,,,助手,,快踱一圈,H,內圈 快踱一圈 (助手)
H208,03/10/2025,游水,沙田,,沙田,,,,,,,,游水,,
H208,03/10/2025,踱步,沙田,內圈,沙田 內圈,,,,,,助手,,快踱一圈,H,內圈 快踱一圈 (助手)
H208,02/10/2025,游水,沙田,,沙田,,,,,,,,游水,,
H208,02/10/2025,踱步,沙田,內圈,沙田 內圈,,,,,,助手,,倒快一圈,H,內圈 倒快一圈 (助手)
H208,01/10/2025,游水,沙田,,沙田,,,,,,,,游水,,
H208,30/09/2025,試閘,沙田,全天候,沙田 全天候,1050M,1.00.64,60.64,15.9 22.0 22.7,金玉良言,艾道拿,,第6組,,第6組 (艾道拿) 1050M 金玉良言 15.9 22.0 22.7 (1.00.64)
H208,30/09/2025,游水,沙田,,沙田,,,,,,,,游水,,
H208,29/09/2025,游水,沙田,,沙田,,,,,,,,游水,,
H208,29/09/2025,踱步,沙田,內圈,沙田 內圈,,,,,,助手,,倒快一圈,H,內圈 倒快一圈 (助手)
H208,28/09/2025,游水,沙田,,沙田,,,,,,,,游水,,
H208,28/09/2025,踱步,沙田,內圈,沙田 內圈,,,,,,助手,,快踱一圈,H,內圈 快踱一圈 (助手)
H208,27/09/2025,游水,沙田,,沙田,,,,,,,,游水,,
H208,27/09/2025,踱步,沙田,內圈,沙田 內圈,,,,,,助手,,快踱一圈,H,內圈 快踱一圈 (助手)
H208,26/09/2025,游水,沙田,,沙田,,,,,,,,游水,,
H208,26/09/2025,快操,沙田,全天候,沙田 全天候,,26.3,26.3,26.3,,助手,,快操,H,26.3 (26.3) (助手)
H208,25/09/2025,游水,沙田,,沙田,,,,,,,,游水,,
H208,25/09/2025,踱步,沙田,內圈,沙田 內圈,,,,,,助手,,倒快一圈,H,內圈 倒快一圈 (助手)
H208,23/09/2025,游水,沙田,,沙田,,,,,,,,游水,,
H208,23/09/2025,踱步,沙田,內圈,沙田 內圈,,,,,,助手,,快踱一圈,H,內圈 快踱一圈 (助手)
H208,22/09/2025,游水,沙田,,沙田,,,,,,,,游水,,
H208,22/09/2025,快操,沙田,全天候,沙田 全天候,,27.2,27.2,27.2,,助手,,快操,H,27.2 (27.2) (助手)
H208,21/09/2025,游水,沙田,,沙田,,,,,,,,游水,,
H208,21/09/2025,踱步,沙田,內圈,沙田 內圈,,,,,,助手,,快踱一圈,H,內圈 快踱一圈 (助手)
H208,20/09/2025,游水,沙田,,沙田,,,,,,,,游水,,
H208,20/09/2025,踱步,沙田,內圈,沙田 內圈,,,,,,助手,,快踱一圈,H,內圈 快踱一圈 (助手)
H208,19/09/2025,游水,沙田,,沙田,,,,,,,,游水,,
H208,19/09/2025,踱步,沙田,內圈,沙田 內圈,,,,,,助手,,快踱一圈,H,內圈 快踱一圈 (助手)
H208,18/09/2025,游水,沙田,,沙田,,,,,,,,游水,,
H208,18/09/2025,踱步,沙田,內圈,沙田 內圈,,,,,,助手,,倒快一圈,H,內圈 倒快一圈 (助手)
H208,17/09/2025,游水,沙田,,沙田,,,,,,,,游水,,
H208,16/09/2025,試閘,沙田,草地,沙田 草地,1000M,0.57.67,57.67,13.8 21.3 22.5,金風萬里,艾道拿,,第6組,,第6組 (艾道拿) 1000M 金風萬里 13.8 21.3 22.5 (0.57.67)
H208,16/09/2025,游水,沙田,,沙田,,,,,,,,游水,,
H208,15/09/2025,游水,沙田,,沙田,,,,,,,,游水,,
H208,15/09/2025,踱步,沙田,內圈,沙田 內圈,,,,,,助手,,倒快一圈,H,內圈 倒快一圈 (助手)
H208,14/09/2025,游水,沙田,,沙田,,,,,,,,游水,,
H208,14/09/2025,踱步,沙田,內圈,沙田 內圈,,,,,,助手,,快踱一圈,H,內圈 快踱一圈 (助手)
H208,13/09/2025,游水,沙田,,沙田,,,,,,,,游水,,
H208,13/09/2025,踱步,沙田,內圈,沙田 內圈,,,,,,助手,,快踱一圈,H,內圈 快踱一圈 (助手)
H208,12/09/2025,游水,沙田,,沙田,,,,,,,,游水,,
H208,12/09/2025,踱步,沙田,內圈,沙田 內圈,,,,,,助手,,快踱一圈,H,內圈 快踱一圈 (助手)
H208,11/09/2025,游水,沙田,,沙田,,,,,,,,游水,,
H208,11/09/2025,快操,沙田,全天候,沙田 全天候,,28.6,28.6,28.6,,助手,,快操,H,28.6 (28.6) (助手)
H208,10/09/2025,游水,沙田,,沙田,,,,,,,,游水,,
H208,10/09/2025,踱步,沙田,內圈,沙田 內圈,,,,,,助手,,快踱一圈,H,內圈 快踱一圈 (助手)
H208,09/09/2025,游水,沙田,,沙田,,,,,,,,游水,,
H208,09/09/2025,踱步,沙田,內圈,沙田 內圈,,,,,,助手,,快踱一圈,H,內圈 快踱一圈 (助手)
H208,08/09/2025,游水,沙田,,沙田,,,,,,,,游水,,
H208,07/09/2025,游水,沙田,,沙田,,,,,,,,游水,,
H208,07/09/2025,踱步,沙田,內圈,沙田 內圈,,,,,,助手,,快踱一圈,H,內圈 快踱一圈 (助手)
H208,06/09/2025,游水,沙田,,沙田,,,,,,,,游水,,
H208,05/09/2025,試閘,沙田,全天候,沙田 全天候,1050M,1.00.73,60.73,15.8 21.6 23.3,晶晶日上,鍾易禮,,第7組,,第7組 (鍾易禮) 1050M 晶晶日上 15.8 21.6 23.3 (1.00.73)
H208,05/09/2025,踱步,沙田,飛機場,沙田 飛機場,,,,,,助手,,踱步,H,飛機場 踱步 (助手)
H208,04/09/2025,游水,沙田,,沙田,,,,,,,,游水,,
H208,04/09/2025,踱步,沙田,內圈,沙田 內圈,,,,,,助手,,倒快一圈,H,內圈 倒快一圈 (助手)
H208,03/09/2025,游水,沙田,,沙田,,,,,,,,游水,,
H208,03/09/2025,踱步,沙田,內圈,沙田 內圈,,,,,,助手,,快踱一圈,H,內圈 快踱一圈 (助手)
H208,02/09/2025,游水,沙田,,沙田,,,,,,,,游水,,
H208,02/09/2025,踱步,沙田,內圈,沙田 內圈,,,,,,助手,,快踱一圈,H,內圈 快踱一圈 (助手)
H208,01/09/2025,游水,沙田,,沙田,,,,,,,,游水,,
H208,01/09/2025,快操,沙田,全天候,沙田 全天候,,25.5,25.5,25.5,,助手,,快操,H,25.5 (25.5) (助手)
H208,31/08/2025,游水,沙田,,沙田,,,,,,,,游水,,
H208,31/08/2025,踱步,沙田,內圈,沙田 內圈,,,,,,助手,,快踱一圈,H,內圈 快踱一圈 (助手)
H208,30/08/2025,游水,沙田,,沙田,,,,,,,,游水,,
H208,30/08/2025,踱步,沙田,內圈,沙田 內圈,,,,,,副練馬師,,快踱一圈,H,內圈 快踱一圈 (副練馬師)
H208,29/08/2025,游水,沙田,,沙田,,,,,,,,游水,,
H208,29/08/2025,踱步,沙田,內圈,沙田 內圈,,,,,,助手,,快踱一圈,H,內圈 快踱一圈 (助手)
H208,28/08/2025,游水,沙田,,沙田,,,,,,,,游水,,
H208,28/08/2025,快操,沙田,全天候,沙田 全天候,,1.01.0,61.0,33.1 27.9,,助手,,快操,H,33.1 27.9 (1.01.0) (助手)
H208,27/08/2025,游水,沙田,,沙田,,,,,,,,游水,,
H208,27/08/2025,踱步,沙田,內圈,沙田 內圈,,,,,,助手,,快踱一圈,H,內圈 快踱一圈 (助手)
H208,26/08/2025,游水,沙田,,沙田,,,,,,,,游水,,
H208,26/08/2025,踱步,沙田,內圈,沙田 內圈,,,,,,助手,,快踱一圈,H,內圈 快踱一圈 (助手)
H208,25/08/2025,游水,沙田,,沙田,,,,,,,,游水,,
H208,25/08/2025,快操,沙田,全天候,沙田 全天候,,30.2,30.2,30.2,,助手,,快操,H,30.2 (30.2) (助手)
H208,24/08/2025,游水,沙田,,沙田,,,,,,,,游水,,
H208,24/08/2025,踱步,沙田,內圈,沙田 內圈,,,,,,助手,,快踱一圈,H,內圈 快踱一圈 (助手)
H208,23/08/2025,游水,沙田,,沙田,,,,,,,,游水,,
H208,23/08/2025,踱步,沙田,內圈,沙田 內圈,,,,,,助手,,快踱一圈,H,內圈 快踱一圈 (助手)
H208,22/08/2025,游水,沙田,,沙田,,,,,,,,游水,,
H208,21/08/2025,游水,沙田,,沙田,,,,,,,,游水,,
H208,21/08/2025,快操,沙田,全天候,沙田 全天候,,28.6,28.6,28.6,,助手,,快操,H,28.6 (28.6) (助手)
H208,20/08/2025,游水,沙田,,沙田,,,,,,,,游水,,
H208,20/08/2025,踱步,沙田,內圈,沙田 內圈,,,,,,助手,,快踱一圈,H,內圈 快踱一圈 (助手)
H208,19/08/2025,游水,沙田,,沙田,,,,,,,,游水,,
H208,19/08/2025,踱步,沙田,內圈,沙田 內圈,,,,,,助手,,快踱一圈,H,內圈 快踱一圈 (助手)
H208,18/08/2025,游水,沙田,,沙田,,,,,,,,游水,,
H208,18/08/2025,踱步,沙田,內圈,沙田 內圈,,,,,,助手,,倒快一圈,H,內圈 倒快一圈 (助手)
H208,17/08/2025,游水,沙田,,沙田,,,,,,,,游水,,
H208,17/08/2025,踱步,沙田,內圈,沙田 內圈,,,,,,助手,,快踱一圈,H,內圈 快踱一圈 (助手)
H208,16/08/2025,游水,沙田,,沙田,,,,,,,,游水,,
H208,16/08/2025,踱步,沙田,內圈,沙田 內圈,,,,,,助手,,快踱一圈,H,內圈 快踱一圈 (助手)
H208,15/08/2025,游水,沙田,,沙田,,,,,,,,游水,,
H208,15/08/2025,踱步,沙田,內圈,沙田 內圈,,,,,,助手,,快踱一圈,H,內圈 快踱一圈 (助手)
H208,14/08/2025,游水,沙田,,沙田,,,,,,,,游水,,
H208,13/08/2025,游水,沙田,,沙田,,,,,,,,游水,,
H208,13/08/2025,踱步,沙田,內圈,沙田 內圈,,,,,,副練馬師,,快踱一圈,H,內圈 快踱一圈 (副練馬師)
H208,12/08/2025,游水,沙田,,沙田,,,,,,,,游水,,
H208,12/08/2025,踱步,沙田,內圈,沙田 內圈,,,,,,副練馬師,,快踱一圈,H,內圈 快踱一圈 (副練馬師)
H208,11/08/2025,游水,沙田,,沙田,,,,,,,,游水,,
H208,10/08/2025,游水,沙田,,沙田,,,,,,,,游水,,
H208,10/08/2025,快操,沙田,全天候,沙田 全天候,,28.5,28.5,28.5,,助手,,快操,H,28.5 (28.5) (助手)
H208,10/08/2025,踱步,沙田,飛機場,沙田 飛機場,,,,,,助手,,踱步,H,飛機場 踱步 (助手)
H208,09/08/2025,游水,沙田,,沙田,,,,,,,,游水,,
H208,09/08/2025,踱步,沙田,內圈,沙田 內圈,,,,,,副練馬師,,快踱一圈,H,內圈 快踱一圈 (副練馬師)
H208,08/08/2025,游水,沙田,,沙田,,,,,,,,游水,,
H208,08/08/2025,踱步,沙田,內圈,沙田 內圈,,,,,,副練馬師,,快踱一圈,H,內圈 快踱一圈 (副練馬師)
H208,07/08/2025,游水,沙田,,沙田,,,,,,,,游水,,
H208,07/08/2025,快操,沙田,全天候,沙田 全天候,,29.2,29.2,29.2,,助手,,快操,H,29.2 (29.2) (助手)
H208,07/08/2025,踱步,沙田,飛機場,沙田 飛機場,,,,,,助手,,踱步,H,飛機場 踱步 (助手)
H208,06/08/2025,游水,沙田,,沙田,,,,,,,,游水,,
H208,06/08/2025,踱步,沙田,內圈,沙田 內圈,,,,,,助手,,快踱一圈,H,內圈 快踱一圈 (助手)
H208,04/08/2025,游水,沙田,,沙田,,,,,,,,游水,,
H208,04/08/2025,踱步,沙田,內圈,沙田 內圈,,,,,,助手,,快踱一圈,H,內圈 快踱一圈 (助手)
H208,03/08/2025,游水,沙田,,沙田,,,,,,,,游水,,
H208,03/08/2025,踱步,沙田,內圈,沙田 內圈,,,,,,助手,,快踱一圈,H,內圈 快踱一圈 (助手)
H208,02/08/2025,游水,沙田,,沙田,,,,,,,,游水,,
H208,02/08/2025,踱步,沙田,內圈,沙田 內圈,,,,,,副練馬師,,快踱一圈,H,內圈 快踱一圈 (副練馬師)
H208,01/08/2025,游水,沙田,,沙田,,,,,,,,游水,,
H208,01/08/2025,踱步,沙田,飛機場,沙田 飛機場,,,,,,助手,,踱步,H,飛機場 踱步 (助手)
H208,31/07/2025,踱步,沙田,飛機場,沙田 飛機場,,,,,,助手,,踱步,H,飛機場 踱步 (助手)
H208,14/07/2025,游水,沙田,,沙田,,,,,,,,游水,,
H208,14/07/2025,踱步,沙田,內圈,沙田 內圈,,,,,,助手,,倒快一圈,H,內圈 倒快一圈 (助手)
H208,13/07/2025,游水,沙田,,沙田,,,,,,,,游水,,
H208,13/07/2025,踱步,沙田,河畔跑道,沙田 河畔跑道,,,,,,助手,,踱步,,河畔跑道 踱步 (助手)
H208,12/07/2025,游水,沙田,,沙田,,,,,,,,游水,,
H208,11/07/2025,游水,沙田,,沙田,,,,,,,,游水,,
H208,09/07/2025,出賽,跑馬地,草地,跑馬地 草地,1000M,,,,,鍾易禮,4/12,出賽,B/BR/TT,1000M (鍾易禮) (4/12)
H208,09/07/2025,踱步,沙田,奧運踱步圈,沙田 奧運踱步圈,,,,,,助手,,踱步,,奧運踱步圈 踱步 (助手)
H208,08/07/2025,游水,沙田,,沙田,,,,,,,,游水,,
H208,08/07/2025,踱步,沙田,內圈,沙田 內圈,,,,,,助手,,快踱一圈,H,內圈 快踱一圈 (助手)
H208,07/07/2025,游水,沙田,,沙田,,,,,,,,游水,,
H208,06/07/2025,游水,沙田,,沙田,,,,,,,,游水,,
H208,06/07/2025,快操,沙田,全天候,沙田 全天候,,55.0,55.0,29.5 25.5,,助手,,快操,H,29.5 25.5 (55.0) (助手)
H208,05/07/2025,游水,沙田,,沙田,,,,,,,,游水,,
H208,05/07/2025,踱步,沙田,內圈,沙田 內圈,,,,,,助手,,快踱一圈,H,內圈 快踱一圈 (助手)
H208,04/07/2025,游水,沙田,,沙田,,,,,,,,游水,,
H208,04/07/2025,踱步,沙田,內圈,沙田 內圈,,,,,,助手,,快踱一圈,H,內圈 快踱一圈 (助手)
H208,03/07/2025,游水,沙田,,沙田,,,,,,,,游水,,
H208,02/07/2025,游水,沙田,,沙田,,,,,,,,游水,,
H208,02/07/2025,快操,沙田,全天候,沙田 全天候,,59.5,59.5,33.0 26.5,,助手,,快操,H,33.0 26.5 (59.5) (助手)
H208,01/07/2025,游水,沙田,,沙田,,,,,,,,游水,,
H208,01/07/2025,踱步,沙田,內圈,沙田 內圈,,,,,,助手,,快踱一圈,H,內圈 快踱一圈 (助手)
H208,30/06/2025,游水,沙田,,沙田,,,,,,,,游水,,
H208,30/06/2025,踱步,沙田,內圈,沙田 內圈,,,,,,助手,,倒快一圈,H,內圈 倒快一圈 (助手)
H208,29/06/2025,游水,沙田,,沙田,,,,,,,,游水,,
H208,28/06/2025,游水,沙田,,沙田,,,,,,,,游水,,
H208,28/06/2025,踱步,沙田,內圈,沙田 內圈,,,,,,助手,,快踱一圈,H,內圈 快踱一圈 (助手)
H208,27/06/2025,游水,沙田,,沙田,,,,,,,,游水,,
H208,27/06/2025,踱步,沙田,內圈,沙田 內圈,,,,,,助手,,快踱一圈,H,內圈 快踱一圈 (助手)
H208,26/06/2025,游水,沙田,,沙田,,,,,,,,游水,,
H208,25/06/2025,游水,沙田,,沙田,,,,,,,,游水,,
H208,24/06/2025,試閘,沙田,全天候,沙田 全天候,1050M,1.01.53,61.53,16.6 22.2 22.7,顏色之皇,鍾易禮,,第5組,,第5組 (鍾易禮) 1050M 顏色之皇 16.6 22.2 22.7 (1.01.53)
H208,23/06/2025,游水,沙田,,沙田,,,,,,,,游水,,
H208,23/06/2025,踱步,沙田,內圈,沙田 內圈,,,,,,助手,,倒快一圈,H,內圈 倒快一圈 (助手)
H208,22/06/2025,游水,沙田,,沙田,,,,,,,,游水,,
H208,21/06/2025,游水,沙田,,沙田,,,,,,,,游水,,
H208,21/06/2025,快操,沙田,全天候,沙田 全天候,,1.00.1,60.1,32.7 27.4,,助手,,快操,H,32.7 27.4 (1.00.1) (助手)
H208,20/06/2025,游水,沙田,,沙田,,,,,,,,游水,,
H208,20/06/2025,踱步,沙田,內圈,沙田 內圈,,,,,,助手,,快踱一圈,H,內圈 快踱一圈 (助手)
H208,19/06/2025,游水,沙田,,沙田,,,,,,,,游水,,
H208,19/06/2025,踱步,沙田,內圈,沙田 內圈,,,,,,助手,,倒快一圈,H,內圈 倒快一圈 (助手)
H208,18/06/2025,游水,沙田,,沙田,,,,,,,,游水,,
H208,18/06/2025,快操,沙田,全天候,沙田 全天候,,59.6,59.6,31.4 28.2,,助手,,快操,H,31.4 28.2 (59.6) (助手)
H208,17/06/2025,游水,沙田,,沙田,,,,,,,,游水,,
H208,17/06/2025,踱步,沙田,內圈,沙田 內圈,,,,,,副練馬師,,快踱一圈,H,內圈 快踱一圈 (副練馬師)
H208,16/06/2025,游水,沙田,,沙田,,,,,,,,游水,,
H208,16/06/2025,踱步,沙田,內圈,沙田 內圈,,,,,,助手,,倒快一圈,H,內圈 倒快一圈 (助手)
H208,15/06/2025,游水,沙田,,沙田,,,,,,,,游水,,
H208,15/06/2025,踱步,沙田,河畔跑道,沙田 河畔跑道,,,,,,助手,,踱步,,河畔跑道 踱步 (助手)
H208,14/06/2025,游水,沙田,,沙田,,,,,,,,游水,,
H208,13/06/2025,游水,沙田,,沙田,,,,,,,,游水,,
H208,11/06/2025,出賽,跑馬地,草地,跑馬地 草地,1000M,,,,,鍾易禮,7/12,出賽,B/BR/TT,1000M (鍾易禮) (7/12)
H208,11/06/2025,踱步,沙田,奧運踱步圈,沙田 奧運踱步圈,,,,,,助手,,踱步,,奧運踱步圈 踱步 (助手)
H208,10/06/2025,游水,沙田,,沙田,,,,,,,,游水,,
H208,10/06/2025,踱步,沙田,內圈,沙田 內圈,,,,,,助手,,快踱一圈,H,內圈 快踱一圈 (助手)
H208,09/06/2025,游水,沙田,,沙田,,,,,,,,游水,,
H208,09/06/2025,踱步,沙田,內圈,沙田 內圈,,,,,,助手,,倒快一圈,H,內圈 倒快一圈 (助手)
H208,08/06/2025,游水,沙田,,沙田,,,,,,,,游水,,
H208,08/06/2025,快操,沙田,全天候,沙田 全天候,,58.9,58.9,32.3 26.6,,助手,,快操,H,32.3 26.6 (58.9) (助手)
H208,07/06/2025,游水,沙田,,沙田,,,,,,,,游水,,
H208,07/06/2025,踱步,沙田,內圈,沙田 內圈,,,,,,助手,,快踱一圈,H,內圈 快踱一圈 (助手)
H208,06/06/2025,游水,沙田,,沙田,,,,,,,,游水,,
H208,06/06/2025,踱步,沙田,內圈,沙田 內圈,,,,,,助手,,快踱一圈,H,內圈 快踱一圈 (助手)
H208,05/06/2025,游水,沙田,,沙田,,,,,,,,游水,,
H208,05/06/2025,踱步,沙田,河畔跑道,沙田 河畔跑道,,,,,,助手,,踱步,,河畔跑道 踱步 (助手)
H208,04/06/2025,游水,沙田,,沙田,,,,,,,,游水,,
H208,03/06/2025,試閘,沙田,全天候,沙田 全天候,1050M,1.01.63,61.63,16.2 22.7 22.7,勇者無敵,鍾易禮,,第11組,,第11組 (鍾易禮) 1050M 勇者無敵 16.2 22.7 22.7 (1.01.63)
H208,02/06/2025,游水,沙田,,沙田,,,,,,,,游水,,
H208,02/06/2025,踱步,沙田,內圈,沙田 內圈,,,,,,助手,,倒快一圈,H,內圈 倒快一圈 (助手)
H208,01/06/2025,游水,沙田,,沙田,,,,,,,,游水,,
H208,01/06/2025,踱步,沙田,內圈,沙田 內圈,,,,,,助手,,快踱一圈,H,內圈 快踱一圈 (助手)
H208,31/05/2025,游水,沙田,,沙田,,,,,,,,游水,,
H208,31/05/2025,踱步,沙田,內圈,沙田 內圈,,,,,,助手,,快踱一圈,H,內圈 快踱一圈 (助手)
H208,30/05/2025,游水,沙田,,沙田,,,,,,,,游水,,
H208,29/05/2025,游水,沙田,,沙田,,,,,,,,游水,,
H208,29/05/2025,快操,沙田,全天候,沙田 全天候,,59.0,59.0,31.8 27.2,,助手,,快操,H,31.8 27.2 (59.0) (助手)
H208,28/05/2025,游水,沙田,,沙田,,,,,,,,游水,,
H208,28/05/2025,踱步,沙田,內圈,沙田 內圈,,,,,,助手,,快踱一圈,H,內圈 快踱一圈 (助手)
H208,27/05/2025,游水,沙田,,沙田,,,,,,,,游水,,
H208,27/05/2025,踱步,沙田,內圈,沙田 內圈,,,,,,助手,,快踱一圈,H,內圈 快踱一圈 (助手)
H208,26/05/2025,游水,沙田,,沙田,,,,,,,,游水,,
H208,26/05/2025,踱步,沙田,內圈,沙田 內圈,,,,,,助手,,倒快一圈,H,內圈 倒快一圈 (助手)
H208,25/05/2025,游水,沙田,,沙田,,,,,,,,游水,,
H208,25/05/2025,踱步,沙田,河畔跑道,沙田 河畔跑道,,,,,,助手,,踱步,,河畔跑道 踱步 (助手)
H208,24/05/2025,游水,沙田,,沙田,,,,,,,,游水,,
H208,23/05/2025,游水,沙田,,沙田,,,,,,,,游水,,
H208,21/05/2025,出賽,跑馬地,草地,跑馬地 草地,1000M,,,,,鍾易禮,2/12,出賽,B/BR/TT,1000M (鍾易禮) (2/12)
H208,21/05/2025,踱步,沙田,奧運踱步圈,沙田 奧運踱步圈,,,,,,助手,,踱步,,奧運踱步圈 踱步 (助手)
H208,20/05/2025,游水,沙田,,沙田,,,,,,,,游水,,
H208,19/05/2025,游水,沙田,,沙田,,,,,,,,游水,,
H208,18/05/2025,游水,沙田,,沙田,,,,,,,,游水,,
H208,18/05/2025,快操,沙田,全天候,沙田 全天候,,53.4,53.4,29.4 24.0,,助手,,快操,H,29.4 24.0 (53.4) (助手)
H208,17/05/2025,游水,沙田,,沙田,,,,,,,,游水,,
H208,17/05/2025,踱步,沙田,內圈,沙田 內圈,,,,,,助手,,快踱一圈,H,內圈 快踱一圈 (助手)
H208,16/05/2025,游水,沙田,,沙田,,,,,,,,游水,,
H208,16/05/2025,踱步,沙田,內圈,沙田 內圈,,,,,,助手,,快踱一圈,H,內圈 快踱一圈 (助手)
H208,15/05/2025,游水,沙田,,沙田,,,,,,,,游水,,
H208,15/05/2025,踱步,沙田,內圈,沙田 內圈,,,,,,助手,,倒快一圈,H,內圈 倒快一圈 (助手)
H208,14/05/2025,游水,沙田,,沙田,,,,,,,,游水,,
H208,14/05/2025,快操,沙田,全天候,沙田 全天候,,57.6,57.6,31.1 26.5,,助手,,快操,H,31.1 26.5 (57.6) (助手)
H208,13/05/2025,游水,沙田,,沙田,,,,,,,,游水,,
H208,13/05/2025,踱步,沙田,內圈,沙田 內圈,,,,,,助手,,快踱一圈,H,內圈 快踱一圈 (助手)
H208,12/05/2025,游水,沙田,,沙田,,,,,,,,游水,,
H208,11/05/2025,游水,沙田,,沙田,,,,,,,,游水,,
H208,11/05/2025,快操,沙田,全天候,沙田 全天候,,58.5,58.5,31.9 26.6,,助手,,快操,H,31.9 26.6 (58.5) (助手)
H208,10/05/2025,游水,沙田,,沙田,,,,,,,,游水,,
H208,10/05/2025,踱步,沙田,內圈,沙田 內圈,,,,,,助手,,快踱一圈,H,內圈 快踱一圈 (助手)
H208,09/05/2025,游水,沙田,,沙田,,,,,,,,游水,,
H208,09/05/2025,踱步,沙田,內圈,沙田 內圈,,,,,,助手,,快踱一圈,H,內圈 快踱一圈 (助手)
H208,08/05/2025,游水,沙田,,沙田,,,,,,,,游水,,
H208,07/05/2025,游水,沙田,,沙田,,,,,,,,游水,,
H208,06/05/2025,試閘,沙田,全天候,沙田 全天候,1050M,1.01.01,61.01,16.0 22.7 22.3,假面騎士,鍾易禮,,第4組,,第4組 (鍾易禮) 1050M 假面騎士 16.0 22.7 22.3 (1.01.01)
H208,05/05/2025,游水,沙田,,沙田,,,,,,,,游水,,
H208,05/05/2025,踱步,沙田,內圈,沙田 內圈,,,,,,助手,,倒快一圈,H,內圈 倒快一圈 (助手)
H208,04/05/2025,游水,沙田,,沙田,,,,,,,,游水,,
H208,04/05/2025,踱步,沙田,內圈,沙田 內圈,,,,,,助手,,快踱一圈,H,內圈 快踱一圈 (助手)
H208,03/05/2025,游水,沙田,,沙田,,,,,,,,游水,,
H208,03/05/2025,快操,沙田,全天候,沙田 全天候,,1.00.5,60.5,33.1 27.4,,助手,,快操,H,33.1 27.4 (1.00.5) (助手)
H208,02/05/2025,游水,沙田,,沙田,,,,,,,,游水,,
H208,02/05/2025,踱步,沙田,內圈,沙田 內圈,,,,,,助手,,快踱一圈,H,內圈 快踱一圈 (助手)
H208,01/05/2025,游水,沙田,,沙田,,,,,,,,游水,,
H208,01/05/2025,踱步,沙田,內圈,沙田 內圈,,,,,,助手,,倒快一圈,H,內圈 倒快一圈 (助手)
H208,30/04/2025,游水,沙田,,沙田,,,,,,,,游水,,
H208,30/04/2025,快操,沙田,全天候,沙田 全天候,,57.9,57.9,32.1 25.8,,助手,,快操,H,32.1 25.8 (57.9) (助手)
H208,29/04/2025,游水,沙田,,沙田,,,,,,,,游水,,
H208,29/04/2025,踱步,沙田,內圈,沙田 內圈,,,,,,助手,,快踱一圈,H,內圈 快踱一圈 (助手)
H208,28/04/2025,游水,沙田,,沙田,,,,,,,,游水,,
H208,28/04/2025,踱步,沙田,內圈,沙田 內圈,,,,,,助手,,倒快一圈,H,內圈 倒快一圈 (助手)
H208,27/04/2025,游水,沙田,,沙田,,,,,,,,游水,,
H208,26/04/2025,游水,沙田,,沙田,,,,,,,,游水,,
H208,25/04/2025,游水,沙田,,沙田,,,,,,,,游水,,
H208,23/04/2025,出賽,跑馬地,草地,跑馬地 草地,1000M,,,,,艾道拿,5/12,出賽,B/BR/TT,1000M (艾道拿) (5/12)
H208,23/04/2025,踱步,沙田,奧運踱步圈,沙田 奧運踱步圈,,,,,,助手,,踱步,,奧運踱步圈 踱步 (助手)
H208,22/04/2025,游水,沙田,,沙田,,,,,,,,游水,,
H208,22/04/2025,踱步,沙田,內圈,沙田 內圈,,,,,,助手,,快踱一圈,H,內圈 快踱一圈 (助手)
H208,21/04/2025,游水,沙田,,沙田,,,,,,,,游水,,
H208,21/04/2025,踱步,沙田,內圈,沙田 內圈,,,,,,助手,,倒快一圈,H,內圈 倒快一圈 (助手)
H208,20/04/2025,游水,沙田,,沙田,,,,,,,,游水,,
H208,20/04/2025,快操,沙田,全天候,沙田 全天候,,58.3,58.3,32.4 25.9,,助手,,快操,H,32.4 25.9 (58.3) (助手)
H208,19/04/2025,游水,沙田,,沙田,,,,,,,,游水,,
H208,19/04/2025,踱步,沙田,內圈,沙田 內圈,,,,,,助手,,快踱一圈,H,內圈 快踱一圈 (助手)
H208,18/04/2025,游水,沙田,,沙田,,,,,,,,游水,,
H208,18/04/2025,踱步,沙田,內圈,沙田 內圈,,,,,,助手,,快踱一圈,H,內圈 快踱一圈 (助手)
H208,17/04/2025,游水,沙田,,沙田,,,,,,,,游水,,
H208,16/04/2025,游水,沙田,,沙田,,,,,,,,游水,,
H208,16/04/2025,快操,沙田,全天候,沙田 全天候,,57.1,57.1,32.1 25.0,,助手,,快活英雄,H,32.1 25.0 (57.1) (助手) 快活英雄
H208,15/04/2025,游水,沙田,,沙田,,,,,,,,游水,,
H208,15/04/2025,踱步,沙田,內圈,沙田 內圈,,,,,,助手,,快踱一圈,H,內圈 快踱一圈 (助手)
H208,14/04/2025,游水,沙田,,沙田,,,,,,,,游水,,
H208,14/04/2025,踱步,沙田,內圈,沙田 內圈,,,,,,助手,,倒快一圈,H,內圈 倒快一圈 (助手)
H208,13/04/2025,游水,沙田,,沙田,,,,,,,,游水,,
H208,13/04/2025,快操,沙田,全天候,沙田 全天候,,59.1,59.1,32.3 26.8,,助手,,快操,H,32.3 26.8 (59.1) (助手)
H208,12/04/2025,游水,沙田,,沙田,,,,,,,,游水,,
H208,12/04/2025,踱步,沙田,內圈,沙田 內圈,,,,,,助手,,快踱一圈,H,內圈 快踱一圈 (助手)
H208,11/04/2025,游水,沙田,,沙田,,,,,,,,游水,,
H208,11/04/2025,踱步,沙田,內圈,沙田 內圈,,,,,,助手,,快踱一圈,H,內圈 快踱一圈 (助手)
H208,10/04/2025,游水,沙田,,沙田,,,,,,,,游水,,
H208,10/04/2025,踱步,沙田,內圈,沙田 內圈,,,,,,助手,,倒快一圈,H,內圈 倒快一圈 (助手)
H208,09/04/2025,游水,沙田,,沙田,,,,,,,,游水,,
H208,09/04/2025,快操,沙田,全天候,沙田 全天候,,1.00.4,60.4,32.9 27.5,,助手,,快操,H,32.9 27.5 (1.00.4) (助手)
H208,08/04/2025,游水,沙田,,沙田,,,,,,,,游水,,
H208,08/04/2025,踱步,沙田,內圈,沙田 內圈,,,,,,助手,,快踱一圈,H,內圈 快踱一圈 (助手)
H208,07/04/2025,游水,沙田,,沙田,,,,,,,,游水,,
H208,07/04/2025,踱步,沙田,內圈,沙田 內圈,,,,,,助手,,倒快一圈,H,內圈 倒快一圈 (助手)
H208,06/04/2025,游水,沙田,,沙田,,,,,,,,游水,,
H208,06/04/2025,踱步,沙田,奧運踱步圈,沙田 奧運踱步圈,,,,,,助手,,踱步,,奧運踱步圈 踱步 (助手)
H208,05/04/2025,游水,沙田,,沙田,,,,,,,,游水,,
H208,04/04/2025,游水,沙田,,沙田,,,,,,,,游水,,
H208,02/04/2025,出賽,跑馬地,草地,跑馬地 草地,1000M,,,,,艾道拿,7/12,出賽,P-/BR1/B2/TT,1000M (艾道拿) (7/12)
H208,02/04/2025,踱步,沙田,奧運踱步圈,沙田 奧運踱步圈,,,,,,助手,,踱步,,奧運踱步圈 踱步 (助手)
H208,01/04/2025,游水,沙田,,沙田,,,,,,,,游水,,
H208,01/04/2025,踱步,沙田,內圈,沙田 內圈,,,,,,助手,,快踱一圈,H,內圈 快踱一圈 (助手)
H208,31/03/2025,游水,沙田,,沙田,,,,,,,,游水,,
H208,31/03/2025,踱步,沙田,內圈,沙田 內圈,,,,,,助手,,倒快一圈,H,內圈 倒快一圈 (助手)
H208,30/03/2025,游水,沙田,,沙田,,,,,,,,游水,,
H208,30/03/2025,快操,沙田,全天候,沙田 全天候,,57.8,57.8,31.1 26.7,,助手,,快操,H,31.1 26.7 (57.8) (助手)
H208,29/03/2025,游水,沙田,,沙田,,,,,,,,游水,,
H208,29/03/2025,踱步,沙田,內圈,沙田 內圈,,,,,,助手,,快踱一圈,H,內圈 快踱一圈 (助手)
H208,28/03/2025,游水,沙田,,沙田,,,,,,,,游水,,
H208,28/03/2025,踱步,沙田,內圈,沙田 內圈,,,,,,助手,,快踱一圈,H,內圈 快踱一圈 (助手)
H208,27/03/2025,游水,沙田,,沙田,,,,,,,,游水,,
H208,27/03/2025,踱步,沙田,奧運踱步圈,沙田 奧運踱步圈,,,,,,助手,,踱步,,奧運踱步圈 踱步 (助手)
H208,26/03/2025,游水,沙田,,沙田,,,,,,,,游水,,
H208,25/03/2025,試閘,沙田,全天候,沙田 全天候,1050M,1.02.43,62.43,16.4 22.5 23.5,萬眾開心,艾道拿,,第11組,,第11組 (艾道拿) 1050M 萬眾開心 16.4 22.5 23.5 (1.02.43)
H208,24/03/2025,游水,沙田,,沙田,,,,,,,,游水,,
H208,24/03/2025,踱步,沙田,內圈,沙田 內圈,,,,,,助手,,倒快一圈,H,內圈 倒快一圈 (助手)
H208,23/03/2025,游水,沙田,,沙田,,,,,,,,游水,,
H208,23/03/2025,踱步,沙田,內圈,沙田 內圈,,,,,,助手,,快踱一圈,H,內圈 快踱一圈 (助手)
H208,22/03/2025,游水,沙田,,沙田,,,,,,,,游水,,
H208,22/03/2025,快操,沙田,全天候,沙田 全天候,,59.0,59.0,32.6 26.4,,助手,,快操,H,32.6 26.4 (59.0) (助手)
H208,21/03/2025,游水,沙田,,沙田,,,,,,,,游水,,
H208,21/03/2025,踱步,沙田,內圈,沙田 內圈,,,,,,助手,,快踱一圈,H,內圈 快踱一圈 (助手)
H208,20/03/2025,游水,沙田,,沙田,,,,,,,,游水,,
H208,20/03/2025,踱步,沙田,內圈,沙田 內圈,,,,,,助手,,倒快一圈,H,內圈 倒快一圈 (助手)
H208,19/03/2025,游水,沙田,,沙田,,,,,,,,游水,,
H208,19/03/2025,快操,沙田,全天候,沙田 全天候,,57.8,57.8,31.9 25.9,,助手,,快操,H,31.9 25.9 (57.8) (助手)
H208,18/03/2025,游水,沙田,,沙田,,,,,,,,游水,,
H208,18/03/2025,踱步,沙田,內圈,沙田 內圈,,,,,,助手,,快踱一圈,H,內圈 快踱一圈 (助手)
H208,17/03/2025,游水,沙田,,沙田,,,,,,,,游水,,
H208,17/03/2025,踱步,沙田,內圈,沙田 內圈,,,,,,助手,,倒快一圈,H,內圈 倒快一圈 (助手)
H208,16/03/2025,游水,沙田,,沙田,,,,,,,,游水,,
H208,16/03/2025,踱步,沙田,奧運踱步圈,沙田 奧運踱步圈,,,,,,助手,,踱步,,奧運踱步圈 踱步 (助手)
H208,15/03/2025,游水,沙田,,沙田,,,,,,,,游水,,
H208,12/03/2025,游水,沙田,,沙田,,,,,,,,游水,,
H208,12/03/2025,快操,沙田,全天候,沙田 全天候,,59.6,59.6,32.9 26.7,,助手,,快操,H,32.9 26.7 (59.6) (助手)
H208,11/03/2025,游水,沙田,,沙田,,,,,,,,游水,,
H208,11/03/2025,踱步,沙田,內圈,沙田 內圈,,,,,,助手,,快踱一圈,H,內圈 快踱一圈 (助手)
H208,10/03/2025,游水,沙田,,沙田,,,,,,,,游水,,
H208,10/03/2025,踱步,沙田,內圈,沙田 內圈,,,,,,助手,,倒快一圈,H,內圈 倒快一圈 (助手)
H208,09/03/2025,游水,沙田,,沙田,,,,,,,,游水,,
H208,09/03/2025,踱步,沙田,奧運踱步圈,沙田 奧運踱步圈,,,,,,助手,,踱步,,奧運踱步圈 踱步 (助手)
H208,08/03/2025,游水,沙田,,沙田,,,,,,,,游水,,
H208,07/03/2025,游水,沙田,,沙田,,,,,,,,游水,,
H208,05/03/2025,出賽,跑馬地,草地,跑馬地 草地,1200M,,,,,布文,8/12,出賽,B-/P2/TT,1200M (布文) (8/12)
H208,05/03/2025,踱步,沙田,奧運踱步圈,沙田 奧運踱步圈,,,,,,助手,,踱步,,奧運踱步圈 踱步 (助手)
H208,04/03/2025,游水,沙田,,沙田,,,,,,,,游水,,
H208,04/03/2025,踱步,沙田,內圈,沙田 內圈,,,,,,助手,,快踱一圈,H,內圈 快踱一圈 (助手)
H208,03/03/2025,游水,沙田,,沙田,,,,,,,,游水,,
H208,03/03/2025,踱步,沙田,內圈,沙田 內圈,,,,,,助手,,倒快一圈,H,內圈 倒快一圈 (助手)
H208,02/03/2025,游水,沙田,,沙田,,,,,,,,游水,,
H208,02/03/2025,快操,沙田,全天候,沙田 全天候,,1.00.4,60.4,32.5 27.9,,助手,,快操,H,32.5 27.9 (1.00.4) (助手)
H208,01/03/2025,游水,沙田,,沙田,,,,,,,,游水,,
H208,01/03/2025,踱步,沙田,內圈,沙田 內圈,,,,,,助手,,快踱一圈,H,內圈 快踱一圈 (助手)
H208,28/02/2025,游水,沙田,,沙田,,,,,,,,游水,,
H208,28/02/2025,踱步,沙田,內圈,沙田 內圈,,,,,,助手,,快踱一圈,H,內圈 快踱一圈 (助手)
H208,27/02/2025,游水,沙田,,沙田,,,,,,,,游水,,
H208,27/02/2025,踱步,沙田,內圈,沙田 內圈,,,,,,助手,,倒快一圈,H,內圈 倒快一圈 (助手)
H208,26/02/2025,游水,沙田,,沙田,,,,,,,,游水,,
H208,26/02/2025,快操,沙田,全天候,沙田 全天候,,59.4,59.4,32.2 27.2,,助手,,快操,H,32.2 27.2 (59.4) (助手)
H208,25/02/2025,游水,沙田,,沙田,,,,,,,,游水,,
H208,25/02/2025,踱步,沙田,內圈,沙田 內圈,,,,,,助手,,快踱一圈,H,內圈 快踱一圈 (助手)
H208,24/02/2025,游水,沙田,,沙田,,,,,,,,游水,,
H208,24/02/2025,踱步,沙田,內圈,沙田 內圈,,,,,,助手,,倒快一圈,H,內圈 倒快一圈 (助手)
H208,23/02/2025,游水,沙田,,沙田,,,,,,,,游水,,
H208,23/02/2025,踱步,沙田,奧運踱步圈,沙田 奧運踱步圈,,,,,,助手,,踱步,,奧運踱步圈 踱步 (助手)
H208,22/02/2025,游水,沙田,,沙田,,,,,,,,游水,,
H208,21/02/2025,游水,沙田,,沙田,,,,,,,,游水,,
H208,19/02/2025,出賽,跑馬地,草地,跑馬地 草地,1000M,,,,,霍宏聲,5/12,出賽,B/TT,1000M (霍宏聲) (5/12)
H208,19/02/2025,踱步,沙田,奧運踱步圈,沙田 奧運踱步圈,,,,,,助手,,踱步,,奧運踱步圈 踱步 (助手)
H208,18/02/2025,游水,沙田,,沙田,,,,,,,,游水,,
H208,18/02/2025,踱步,沙田,內圈,沙田 內圈,,,,,,助手,,快踱一圈,H,內圈 快踱一圈 (助手)
H208,17/02/2025,游水,沙田,,沙田,,,,,,,,游水,,
H208,17/02/2025,踱步,沙田,內圈,沙田 內圈,,,,,,助手,,倒快一圈,H,內圈 倒快一圈 (助手)
H208,16/02/2025,游水,沙田,,沙田,,,,,,,,游水,,
H208,16/02/2025,快操,沙田,全天候,沙田 全天候,,56.7,56.7,31.7 25.0,,助手,,快操,H,31.7 25.0 (56.7) (助手)
H208,15/02/2025,游水,沙田,,沙田,,,,,,,,游水,,
H208,15/02/2025,踱步,沙田,內圈,沙田 內圈,,,,,,助手,,快踱一圈,H,內圈 快踱一圈 (助手)
H208,14/02/2025,游水,沙田,,沙田,,,,,,,,游水,,
H208,14/02/2025,踱步,沙田,內圈,沙田 內圈,,,,,,助手,,快踱一圈,H,內圈 快踱一圈 (助手)
H208,13/02/2025,踱步,從化,飛機場,從化 飛機場,,,,,,助手,,踱步,H,飛機場 踱步 (助手)
H208,12/02/2025,游水,從化,,從化,,,,,,,,游水,,
H208,12/02/2025,踱步,從化,內圈,從化 內圈,,,,,,助手,,快踱一圈,H,內圈 快踱一圈 (助手)
H208,11/02/2025,游水,從化,,從化,,,,,,,,游水,,
H208,10/02/2025,試閘,從化,草地,從化 草地,1000M,0.58.73,58.73,13.8 22.0 22.9,好多利高,祖利曼,,第2組,,第2組 (祖利曼) 1000M 好多利高 13.8 22.0 22.9 (0.58.73)
H208,10/02/2025,踱步,從化,飛機場,從化 飛機場,,,,,,助手,,踱步,,飛機場 踱步 (助手)
H208,09/02/2025,游水,從化,,從化,,,,,,,,游水,,
H208,09/02/2025,踱步,從化,內圈,從化 內圈,,,,,,助手,,快踱一圈,H,內圈 快踱一圈 (助手)
H208,08/02/2025,游水,從化,,從化,,,,,,,,游水,,
H208,08/02/2025,踱步,從化,內圈,從化 內圈,,,,,,助手,,快踱一圈,H,內圈 快踱一圈 (助手)
H208,07/02/2025,游水,從化,,從化,,,,,,,,游水,,
H208,07/02/2025,踱步,從化,內圈,從化 內圈,,,,,,助手,,快踱一圈,H,內圈 快踱一圈 (助手)
H208,06/02/2025,游水,從化,,從化,,,,,,,,游水,,
H208,06/02/2025,快操,從化,全天候,從化 全天候,,59.0,59.0,31.9 27.1,,助手,,快操,H,31.9 27.1 (59.0) (助手)
H208,06/02/2025,踱步,從化,飛機場,從化 飛機場,,,,,,助手,,踱步,H,飛機場 踱步 (助手)
H208,05/02/2025,游水,從化,,從化,,,,,,,,游水,,
H208,05/02/2025,踱步,從化,內圈,從化 內圈,,,,,,助手,,快踱一圈,H,內圈 快踱一圈 (助手)
H208,04/02/2025,游水,從化,,從化,,,,,,,,游水,,
H208,04/02/2025,踱步,從化,內圈,從化 內圈,,,,,,助手,,快踱一圈,H,內圈 快踱一圈 (助手)
H208,03/02/2025,游水,從化,,從化,,,,,,,,游水,,
H208,03/02/2025,快操,從化,全天候,從化 全天候,,59.3,59.3,32.0 27.3,,助手,,快操,H,32.0 27.3 (59.3) (助手)
H208,03/02/2025,踱步,從化,飛機場,從化 飛機場,,,,,,助手,,踱步,H,飛機場 踱步 (助手)
H208,02/02/2025,游水,從化,,從化,,,,,,,,游水,,
H208,02/02/2025,踱步,從化,內圈,從化 內圈,,,,,,助手,,快踱一圈,H,內圈 快踱一圈 (助手)
H208,01/02/2025,游水,從化,,從化,,,,,,,,游水,,
H208,01/02/2025,踱步,從化,內圈,從化 內圈,,,,,,助手,,快踱一圈,H,內圈 快踱一圈 (助手)
H208,31/01/2025,游水,從化,,從化,,,,,,,,游水,,
H208,31/01/2025,踱步,從化,內圈,從化 內圈,,,,,,助手,,快踱一圈,H,內圈 快踱一圈 (助手)
H208,30/01/2025,游水,從化,,從化,,,,,,,,游水,,
H208,30/01/2025,快操,從化,全天候,從化 全天候,,59.3,59.3,33.3 26.0,,助手,,快操,H,33.3 26.0 (59.3) (助手)
H208,30/01/2025,踱步,從化,飛機場,從化 飛機場,,,,,,助手,,踱步,H,飛機場 踱步 (助手)
H208,28/01/2025,游水,從化,,從化,,,,,,,,游水,,
H208,28/01/2025,踱步,從化,內圈,從化 內圈,,,,,,助手,,快踱一圈,H,內圈 快踱一圈 (助手)
H208,27/01/2025,游水,從化,,從化,,,,,,,,游水,,
H208,27/01/2025,快操,從化,全天候,從化 全天候,,57.1,57.1,31.7 25.4,,助手,,快操,H,31.7 25.4 (57.1) (助手)
H208,27/01/2025,踱步,從化,飛機場,從化 飛機場,,,,,,助手,,踱步,H,飛機場 踱步 (助手)
H208,26/01/2025,游水,從化,,從化,,,,,,,,游水,,
H208,26/01/2025,踱步,從化,內圈,從化 內圈,,,,,,助手,,快踱一圈,H,內圈 快踱一圈 (助手)
H208,25/01/2025,游水,從化,,從化,,,,,,,,游水,,
H208,25/01/2025,踱步,從化,內圈,從化 內圈,,,,,,助手,,快踱一圈,H,內圈 快踱一圈 (助手)
H208,24/01/2025,游水,從化,,從化,,,,,,,,游水,,
H208,24/01/2025,快操,從化,全天候,從化 全天候,,28.3,28.3,28.3,,助手,,快操,H,28.3 (28.3) (助手)
H208,24/01/2025,踱步,從化,飛機場,從化 飛機場,,,,,,助手,,踱步,H,飛機場 踱步 (助手)
H208,23/01/2025,游水,從化,,從化,,,,,,,,游水,,
H208,23/01/2025,踱步,從化,內圈,從化 內圈,,,,,,助手,,倒快一圈,H,內圈 倒快一圈 (助手)
H208,22/01/2025,游水,從化,,從化,,,,,,,,游水,,
H208,22/01/2025,踱步,從化,內圈,從化 內圈,,,,,,助手,,快踱一圈,H,內圈 快踱一圈 (助手)
H208,21/01/2025,游水,從化,,從化,,,,,,,,游水,,
H208,21/01/2025,踱步,從化,內圈,從化 內圈,,,,,,助手,,快踱一圈,H,內圈 快踱一圈 (助手)
H208,20/01/2025,游水,從化,,從化,,,,,,,,游水,,
H208,20/01/2025,踱步,從化,內圈,從化 內圈,,,,,,助手,,倒快一圈,H,內圈 倒快一圈 (助手)
H208,18/01/2025,游水,從化,,從化,,,,,,,,游水,,
H208,15/01/2025,出賽,跑馬地,草地,跑馬地 草地,1000M,,,,,潘頓,3/12,出賽,PC-/B2/TT,1000M (潘頓) (3/12)
H208,15/01/2025,踱步,沙田,奧運踱步圈,沙田 奧運踱步圈,,,,,,助手,,踱步,,奧運踱步圈 踱步 (助手)
H208,14/01/2025,游水,沙田,,沙田,,,,,,,,游水,,
H208,14/01/2025,踱步,沙田,內圈,沙田 內圈,,,,,,助手,,快踱一圈,,內圈 快踱一圈 (助手)
H208,13/01/2025,游水,沙田,,沙田,,,,,,,,游水,,
H208,13/01/2025,踱步,沙田,內圈,沙田 內圈,,,,,,助手,,倒快一圈,H,內圈 倒快一圈 (助手)
H208,12/01/2025,游水,沙田,,沙田,,,,,,,,游水,,
H208,12/01/2025,快操,沙田,全天候,沙田 全天候,,57.3,57.3,31.7 25.6,,助手,,快操,,31.7 25.6 (57.3) (助手)
H208,11/01/2025,游水,沙田,,沙田,,,,,,,,游水,,
H208,11/01/2025,踱步,沙田,內圈,沙田 內圈,,,,,,助手,,快踱一圈,H,內圈 快踱一圈 (助手)
H208,10/01/2025,游水,沙田,,沙田,,,,,,,,游水,,
H208,10/01/2025,踱步,沙田,內圈,沙田 內圈,,,,,,助手,,快踱一圈,,內圈 快踱一圈 (助手)
H208,09/01/2025,游水,沙田,,沙田,,,,,,,,游水,,
H208,09/01/2025,踱步,沙田,內圈,沙田 內圈,,,,,,助手,,倒快一圈,H,內圈 倒快一圈 (助手)
H208,08/01/2025,游水,沙田,,沙田,,,,,,,,游水,,
H208,08/01/2025,快操,沙田,全天候,沙田 全天候,,1.00.8,60.8,33.8 27.0,,助手,,快操,H,33.8 27.0 (1.00.8) (助手)
H208,07/01/2025,游水,沙田,,沙田,,,,,,,,游水,,
H208,07/01/2025,踱步,沙田,內圈,沙田 內圈,,,,,,助手,,快踱一圈,,內圈 快踱一圈 (助手)
H208,06/01/2025,游水,沙田,,沙田,,,,,,,,游水,,
H208,06/01/2025,踱步,沙田,內圈,沙田 內圈,,,,,,助手,,倒快一圈,H,內圈 倒快一圈 (助手)
H208,05/01/2025,游水,沙田,,沙田,,,,,,,,游水,,
H208,05/01/2025,快操,沙田,全天候,沙田 全天候,,28.1,28.1,28.1,,助手,,快操,H,28.1 (28.1) (助手)
H208,04/01/2025,游水,沙田,,沙田,,,,,,,,游水,,
H208,04/01/2025,踱步,沙田,內圈,沙田 內圈,,,,,,助手,,快踱一圈,H,內圈 快踱一圈 (助手)
H208,03/01/2025,游水,沙田,,沙田,,,,,,,,游水,,
H208,02/01/2025,游水,沙田,,沙田,,,,,,,,游水,,
H208,02/01/2025,踱步,沙田,奧運踱步圈,沙田 奧運踱步圈,,,,,,助手,,踱步,,奧運踱步圈 踱步 (助手)
H208,01/01/2025,游水,沙田,,沙田,,,,,,,,游水,,
H208,31/12/2024,游水,沙田,,沙田,,,,,,,,游水,,
H208,29/12/2024,出賽,沙田,全天候,沙田 全天候,1200M,,,,,楊明綸,7/12,出賽,B-/PC2/TT,1200M (楊明綸) (7/12)
H208,29/12/2024,踱步,沙田,奧運踱步圈,沙田 奧運踱步圈,,,,,,助手,,踱步,,奧運踱步圈 踱步 (助手)
H208,28/12/2024,游水,沙田,,沙田,,,,,,,,游水,,
H208,28/12/2024,踱步,沙田,內圈,沙田 內圈,,,,,,助手,,快踱一圈,,內圈 快踱一圈 (助手)
H208,27/12/2024,游水,沙田,,沙田,,,,,,,,游水,,
H208,27/12/2024,踱步,沙田,內圈,沙田 內圈,,,,,,助手,,快踱一圈,H,內圈 快踱一圈 (助手)
H208,26/12/2024,游水,沙田,,沙田,,,,,,,,游水,,
H208,26/12/2024,踱步,沙田,內圈,沙田 內圈,,,,,,助手,,倒快一圈,H,內圈 倒快一圈 (助手)
H208,25/12/2024,游水,沙田,,沙田,,,,,,,,游水,,
H208,25/12/2024,快操,沙田,全天候,沙田 全天候,,53.4,53.4,30.1 23.3,,助手,,金創福威,PH,30.1 23.3 (53.4) (助手) 金創福威
H208,24/12/2024,游水,沙田,,沙田,,,,,,,,游水,,
H208,24/12/2024,踱步,沙田,內圈,沙田 內圈,,,,,,助手,,快踱一圈,,內圈 快踱一圈 (助手)
H208,23/12/2024,游水,沙田,,沙田,,,,,,,,游水,,
H208,23/12/2024,踱步,沙田,內圈,沙田 內圈,,,,,,助手,,倒快一圈,,內圈 倒快一圈 (助手)
H208,22/12/2024,游水,沙田,,沙田,,,,,,,,游水,,
H208,22/12/2024,快操,沙田,全天候,沙田 全天候,,56.5,56.5,30.0 26.5,,助手,,勝意,P,30.0 26.5 (56.5) (助手) 勝意
H208,21/12/2024,游水,沙田,,沙田,,,,,,,,游水,,
H208,21/12/2024,踱步,沙田,內圈,沙田 內圈,,,,,,助手,,快踱一圈,,內圈 快踱一圈 (助手)
H208,20/12/2024,游水,沙田,,沙田,,,,,,,,游水,,
H208,20/12/2024,踱步,沙田,內圈,沙田 內圈,,,,,,助手,,快踱一圈,,內圈 快踱一圈 (助手)
H208,19/12/2024,游水,沙田,,沙田,,,,,,,,游水,,
H208,19/12/2024,踱步,沙田,內圈,沙田 內圈,,,,,,助手,,倒快一圈,H,內圈 倒快一圈 (助手)
H208,18/12/2024,游水,沙田,,沙田,,,,,,,,游水,,
H208,18/12/2024,快操,沙田,全天候,沙田 全天候,,57.7,57.7,31.5 26.2,,助手,,快操,H,31.5 26.2 (57.7) (助手)
H208,17/12/2024,游水,沙田,,沙田,,,,,,,,游水,,
H208,16/12/2024,游水,沙田,,沙田,,,,,,,,游水,,
H208,16/12/2024,踱步,沙田,內圈,沙田 內圈,,,,,,助手,,倒快一圈,H,內圈 倒快一圈 (助手)
H208,15/12/2024,游水,沙田,,沙田,,,,,,,,游水,,
H208,15/12/2024,踱步,沙田,奧運踱步圈,沙田 奧運踱步圈,,,,,,助手,,踱步,,奧運踱步圈 踱步 (助手)
H208,14/12/2024,游水,沙田,,沙田,,,,,,,,游水,,
H208,13/12/2024,游水,沙田,,沙田,,,,,,,,游水,,
H208,11/12/2024,出賽,跑馬地,草地,跑馬地 草地,1000M,,,,,楊明綸,5/12,出賽,PC-/B1/TT,1000M (楊明綸) (5/12)
H208,11/12/2024,踱步,沙田,奧運踱步圈,沙田 奧運踱步圈,,,,,,助手,,踱步,,奧運踱步圈 踱步 (助手)
H208,10/12/2024,游水,沙田,,沙田,,,,,,,,游水,,
H208,10/12/2024,踱步,沙田,內圈,沙田 內圈,,,,,,助手,,快踱一圈,,內圈 快踱一圈 (助手)
H208,09/12/2024,游水,沙田,,沙田,,,,,,,,游水,,
H208,09/12/2024,踱步,沙田,內圈,沙田 內圈,,,,,,助手,,倒快一圈,,內圈 倒快一圈 (助手)
H208,08/12/2024,游水,沙田,,沙田,,,,,,,,游水,,
H208,08/12/2024,快操,沙田,全天候,沙田 全天候,,58.5,58.5,32.5 26.0,,助手,,快操,,32.5 26.0 (58.5) (助手)
H208,07/12/2024,游水,沙田,,沙田,,,,,,,,游水,,
H208,07/12/2024,踱步,沙田,內圈,沙田 內圈,,,,,,助手,,快踱一圈,,內圈 快踱一圈 (助手)
H208,06/12/2024,游水,沙田,,沙田,,,,,,,,游水,,
H208,06/12/2024,踱步,沙田,內圈,沙田 內圈,,,,,,助手,,快踱一圈,,內圈 快踱一圈 (助手)
H208,05/12/2024,游水,沙田,,沙田,,,,,,,,游水,,
H208,05/12/2024,踱步,沙田,內圈,沙田 內圈,,,,,,助手,,倒快一圈,,內圈 倒快一圈 (助手)
H208,04/12/2024,游水,沙田,,沙田,,,,,,,,游水,,
H208,04/12/2024,快操,沙田,全天候,沙田 全天候,,57.9,57.9,31.4 26.5,,助手,,快操,,31.4 26.5 (57.9) (助手)
H208,03/12/2024,游水,沙田,,沙田,,,,,,,,游水,,
H208,03/12/2024,踱步,沙田,內圈,沙田 內圈,,,,,,助手,,快踱一圈,H,內圈 快踱一圈 (助手)
H208,02/12/2024,游水,沙田,,沙田,,,,,,,,游水,,
H208,01/12/2024,游水,沙田,,沙田,,,,,,,,游水,,
H208,01/12/2024,踱步,沙田,奧運踱步圈,沙田 奧運踱步圈,,,,,,助手,,踱步,,奧運踱步圈 踱步 (助手)
H208,30/11/2024,游水,沙田,,沙田,,,,,,,,游水,,
H208,29/11/2024,游水,沙田,,沙田,,,,,,,,游水,,
H208,27/11/2024,出賽,跑馬地,草地,跑馬地 草地,1000M,,,,,希威森,10/11,出賽,PC/TT,1000M (希威森) (10/11)
H208,27/11/2024,踱步,沙田,奧運踱步圈,沙田 奧運踱步圈,,,,,,助手,,踱步,,奧運踱步圈 踱步 (助手)
H208,26/11/2024,游水,沙田,,沙田,,,,,,,,游水,,
H208,26/11/2024,踱步,沙田,內圈,沙田 內圈,,,,,,助手,,快踱一圈,H,內圈 快踱一圈 (助手)
H208,25/11/2024,游水,沙田,,沙田,,,,,,,,游水,,
H208,25/11/2024,踱步,沙田,內圈,沙田 內圈,,,,,,助手,,倒快一圈,H,內圈 倒快一圈 (助手)
H208,24/11/2024,游水,沙田,,沙田,,,,,,,,游水,,
H208,24/11/2024,快操,沙田,全天候,沙田 全天候,,59.6,59.6,32.8 26.8,,助手,,快操,PH,32.8 26.8 (59.6) (助手)
H208,23/11/2024,游水,沙田,,沙田,,,,,,,,游水,,
H208,23/11/2024,踱步,沙田,內圈,沙田 內圈,,,,,,助手,,快踱一圈,H,內圈 快踱一圈 (助手)
H208,22/11/2024,游水,沙田,,沙田,,,,,,,,游水,,
H208,22/11/2024,踱步,沙田,內圈,沙田 內圈,,,,,,助手,,快踱一圈,H,內圈 快踱一圈 (助手)
H208,21/11/2024,游水,沙田,,沙田,,,,,,,,游水,,
H208,21/11/2024,快操,沙田,全天候,沙田 全天候,,57.2,57.2,32.0 25.2,,助手,,快操,P,32.0 25.2 (57.2) (助手)
H208,20/11/2024,游水,沙田,,沙田,,,,,,,,游水,,
H208,20/11/2024,踱步,沙田,內圈,沙田 內圈,,,,,,助手,,快踱一圈,PH,內圈 快踱一圈 (助手)
H208,19/11/2024,游水,沙田,,沙田,,,,,,,,游水,,
H208,19/11/2024,踱步,沙田,內圈,沙田 內圈,,,,,,助手,,快踱一圈,PH,內圈 快踱一圈 (助手)
H208,18/11/2024,游水,沙田,,沙田,,,,,,,,游水,,
H208,18/11/2024,踱步,沙田,內圈,沙田 內圈,,,,,,助手,,倒快一圈,H,內圈 倒快一圈 (助手)
H208,17/11/2024,游水,沙田,,沙田,,,,,,,,游水,,
H208,17/11/2024,踱步,沙田,內圈,沙田 內圈,,,,,,助手,,快踱一圈,H,內圈 快踱一圈 (助手)
H208,16/11/2024,游水,沙田,,沙田,,,,,,,,游水,,
H208,15/11/2024,試閘,沙田,全天候,沙田 全天候,1050M,1.02.71,62.71,16.5 22.3 23.9,鴻圖新星,希威森,,第3組,P,第3組 (希威森) 1050M 鴻圖新星 16.5 22.3 23.9 (1.02.71)
H208,14/11/2024,游水,沙田,,沙田,,,,,,,,游水,,
H208,14/11/2024,踱步,沙田,河畔跑道,沙田 河畔跑道,,,,,,助手,,踱步,,河畔跑道 踱步 (助手)
H208,13/11/2024,踱步,沙田,奧運踱步圈,沙田 奧運踱步圈,,,,,,助手,,踱步,,奧運踱步圈 踱步 (助手)
H208,12/11/2024,游水,沙田,,沙田,,,,,,,,游水,,
H208,12/11/2024,踱步,沙田,內圈,沙田 內圈,,,,,,助手,,快踱一圈,,內圈 快踱一圈 (助手)
H208,11/11/2024,游水,沙田,,沙田,,,,,,,,游水,,
H208,11/11/2024,快操,沙田,全天候,沙田 全天候,,58.3,58.3,31.5 26.8,,助手,,快操,PH,31.5 26.8 (58.3) (助手)
H208,10/11/2024,游水,沙田,,沙田,,,,,,,,游水,,
H208,10/11/2024,踱步,沙田,內圈,沙田 內圈,,,,,,助手,,快踱一圈,,內圈 快踱一圈 (助手)
H208,09/11/2024,游水,沙田,,沙田,,,,,,,,游水,,
H208,09/11/2024,踱步,沙田,內圈,沙田 內圈,,,,,,助手,,快踱一圈,H,內圈 快踱一圈 (助手)
H208,08/11/2024,游水,沙田,,沙田,,,,,,,,游水,,
H208,08/11/2024,踱步,沙田,內圈,沙田 內圈,,,,,,助手,,快踱一圈,PH,內圈 快踱一圈 (助手)
H208,07/11/2024,游水,沙田,,沙田,,,,,,,,游水,,
H208,07/11/2024,快操,沙田,全天候,沙田 全天候,,57.8,57.8,32.8 25.0,,助手,,快操,,32.8 25.0 (57.8) (助手)
H208,06/11/2024,游水,沙田,,沙田,,,,,,,,游水,,
H208,06/11/2024,踱步,沙田,內圈,沙田 內圈,,,,,,助手,,快踱一圈,PH,內圈 快踱一圈 (助手)
H208,05/11/2024,游水,沙田,,沙田,,,,,,,,游水,,
H208,05/11/2024,踱步,沙田,內圈,沙田 內圈,,,,,,助手,,快踱一圈,P,內圈 快踱一圈 (助手)
H208,04/11/2024,游水,沙田,,沙田,,,,,,,,游水,,
H208,04/11/2024,快操,沙田,全天候,沙田 全天候,,59.0,59.0,32.2 26.8,,助手,,快操,PH,32.2 26.8 (59.0) (助手)
H208,03/11/2024,游水,沙田,,沙田,,,,,,,,游水,,
H208,03/11/2024,踱步,沙田,內圈,沙田 內圈,,,,,,助手,,快踱一圈,H,內圈 快踱一圈 (助手)
H208,02/11/2024,游水,沙田,,沙田,,,,,,,,游水,,
H208,02/11/2024,踱步,沙田,內圈,沙田 內圈,,,,,,助手,,快踱一圈,H,內圈 快踱一圈 (助手)
H208,01/11/2024,游水,沙田,,沙田,,,,,,,,游水,,
H208,01/11/2024,踱步,沙田,內圈,沙田 內圈,,,,,,助手,,快踱一圈,PH,內圈 快踱一圈 (助手)
H208,31/10/2024,游水,沙田,,沙田,,,,,,,,游水,,
H208,31/10/2024,踱步,沙田,奧運踱步圈,沙田 奧運踱步圈,,,,,,助手,,踱步,,奧運踱步圈 踱步 (助手)
H208,30/10/2024,游水,沙田,,沙田,,,,,,,,游水,,
H208,29/10/2024,游水,沙田,,沙田,,,,,,,,游水,,
H208,27/10/2024,出賽,跑馬地,草地,跑馬地 草地,1000M,,,,,何澤堯,11/12,出賽,PC/TT,1000M (何澤堯) (11/12)
H208,27/10/2024,踱步,沙田,奧運踱步圈,沙田 奧運踱步圈,,,,,,助手,,踱步,,奧運踱步圈 踱步 (助手)
H208,26/10/2024,游水,沙田,,沙田,,,,,,,,游水,,
H208,26/10/2024,踱步,沙田,內圈,沙田 內圈,,,,,,助手,,快踱一圈,PH,內圈 快踱一圈 (助手)
H208,25/10/2024,游水,沙田,,沙田,,,,,,,,游水,,
H208,25/10/2024,踱步,沙田,內圈,沙田 內圈,,,,,,助手,,快踱一圈,PH,內圈 快踱一圈 (助手)
H208,24/10/2024,游水,沙田,,沙田,,,,,,,,游水,,
H208,24/10/2024,快操,沙田,全天候,沙田 全天候,,56.8,56.8,31.6 25.2,,助手,,快操,PH,31.6 25.2 (56.8) (助手)
H208,23/10/2024,游水,沙田,,沙田,,,,,,,,游水,,
H208,23/10/2024,踱步,沙田,內圈,沙田 內圈,,,,,,助手,,快踱一圈,PH,內圈 快踱一圈 (助手)
H208,22/10/2024,游水,沙田,,沙田,,,,,,,,游水,,
H208,22/10/2024,踱步,沙田,奧運踱步圈,沙田 奧運踱步圈,,,,,,助手,,踱步,,奧運踱步圈 踱步 (助手)
H208,21/10/2024,游水,沙田,,沙田,,,,,,,,游水,,
H208,21/10/2024,快操,沙田,全天候,沙田 全天候,,55.1,55.1,30.3 24.8,,助手,,快操,PH,30.3 24.8 (55.1) (助手)
H208,20/10/2024,游水,沙田,,沙田,,,,,,,,游水,,
H208,20/10/2024,踱步,沙田,內圈,沙田 內圈,,,,,,助手,,快踱一圈,H,內圈 快踱一圈 (助手)
H208,19/10/2024,游水,沙田,,沙田,,,,,,,,游水,,
H208,19/10/2024,踱步,沙田,內圈,沙田 內圈,,,,,,助手,,快踱一圈,PH,內圈 快踱一圈 (助手)
H208,18/10/2024,游水,沙田,,沙田,,,,,,,,游水,,
H208,18/10/2024,踱步,沙田,內圈,沙田 內圈,,,,,,助手,,快踱一圈,H,內圈 快踱一圈 (助手)
H208,17/10/2024,游水,沙田,,沙田,,,,,,,,游水,,
H208,16/10/2024,游水,沙田,,沙田,,,,,,,,游水,,
H208,15/10/2024,試閘,沙田,全天候,沙田 全天候,1050M,1.00.51,60.51,16.3 21.5 22.7,花好月盈,何澤堯,,第12組,PC,第12組 (何澤堯) 1050M 花好月盈 16.3 21.5 22.7 (1.00.51)
H208,14/10/2024,游水,沙田,,沙田,,,,,,,,游水,,
H208,14/10/2024,踱步,沙田,內圈,沙田 內圈,,,,,,助手,,倒快一圈,PH,內圈 倒快一圈 (助手)
H208,13/10/2024,游水,沙田,,沙田,,,,,,,,游水,,
H208,13/10/2024,踱步,沙田,內圈,沙田 內圈,,,,,,助手,,快踱一圈,H,內圈 快踱一圈 (助手)
H208,12/10/2024,游水,沙田,,沙田,,,,,,,,游水,,
H208,12/10/2024,踱步,沙田,內圈,沙田 內圈,,,,,,助手,,快踱一圈,PH,內圈 快踱一圈 (助手)
H208,11/10/2024,游水,沙田,,沙田,,,,,,,,游水,,
H208,11/10/2024,快操,沙田,全天候,沙田 全天候,,59.7,59.7,32.3 27.4,,助手,,快操,PH,32.3 27.4 (59.7) (助手)
H208,10/10/2024,游水,沙田,,沙田,,,,,,,,游水,,
H208,10/10/2024,踱步,沙田,內圈,沙田 內圈,,,,,,助手,,倒快一圈,PH,內圈 倒快一圈 (助手)
H208,09/10/2024,游水,沙田,,沙田,,,,,,,,游水,,
H208,09/10/2024,踱步,沙田,內圈,沙田 內圈,,,,,,助手,,快踱一圈,PH,內圈 快踱一圈 (助手)
H208,08/10/2024,游水,沙田,,沙田,,,,,,,,游水,,
H208,08/10/2024,踱步,沙田,內圈,沙田 內圈,,,,,,助手,,快踱一圈,PH,內圈 快踱一圈 (助手)
H208,07/10/2024,游水,沙田,,沙田,,,,,,,,游水,,
H208,07/10/2024,踱步,沙田,內圈,沙田 內圈,,,,,,助手,,倒快一圈,PH,內圈 倒快一圈 (助手)
H208,06/10/2024,游水,沙田,,沙田,,,,,,,,游水,,
H208,06/10/2024,踱步,沙田,奧運踱步圈,沙田 奧運踱步圈,,,,,,助手,,踱步,,奧運踱步圈 踱步 (助手)
H208,05/10/2024,游水,沙田,,沙田,,,,,,,,游水,,
H208,04/10/2024,試閘,沙田,全天候,沙田 全天候,1050M,1.01.18,61.18,16.2 22.1 22.8,極光彗星,何澤堯,,第7組,PC,第7組 (何澤堯) 1050M 極光彗星 16.2 22.1 22.8 (1.01.18)
H208,03/10/2024,游水,沙田,,沙田,,,,,,,,游水,,
H208,03/10/2024,踱步,沙田,內圈,沙田 內圈,,,,,,助手,,倒快一圈,PH,內圈 倒快一圈 (助手)
H208,02/10/2024,游水,沙田,,沙田,,,,,,,,游水,,
H208,02/10/2024,踱步,沙田,內圈,沙田 內圈,,,,,,助手,,快踱一圈,PH,內圈 快踱一圈 (助手)
H208,01/10/2024,游水,沙田,,沙田,,,,,,,,游水,,
H208,01/10/2024,踱步,沙田,內圈,沙田 內圈,,,,,,助手,,快踱一圈,PH,內圈 快踱一圈 (助手)
H208,30/09/2024,游水,沙田,,沙田,,,,,,,,游水,,
H208,30/09/2024,快操,沙田,全天候,沙田 全天候,,57.6,57.6,31.6 26.0,,助手,,快操,PH,31.6 26.0 (57.6) (助手)
H208,29/09/2024,游水,沙田,,沙田,,,,,,,,游水,,
H208,28/09/2024,游水,沙田,,沙田,,,,,,,,游水,,
H208,28/09/2024,踱步,沙田,內圈,沙田 內圈,,,,,,助手,,快踱一圈,PH,內圈 快踱一圈 (助手)
H208,27/09/2024,游水,沙田,,沙田,,,,,,,,游水,,
H208,27/09/2024,踱步,沙田,內圈,沙田 內圈,,,,,,助手,,快踱一圈,PH,內圈 快踱一圈 (助手)
H208,26/09/2024,游水,沙田,,沙田,,,,,,,,游水,,
H208,26/09/2024,快操,沙田,全天候,沙田 全天候,,59.3,59.3,32.4 26.9,,助手,,快操,H,32.4 26.9 (59.3) (助手)
H208,25/09/2024,游水,沙田,,沙田,,,,,,,,游水,,
H208,25/09/2024,踱步,沙田,內圈,沙田 內圈,,,,,,助手,,快踱一圈,PH,內圈 快踱一圈 (助手)
H208,24/09/2024,游水,沙田,,沙田,,,,,,,,游水,,
H208,24/09/2024,踱步,沙田,內圈,沙田 內圈,,,,,,助手,,快踱一圈,PH,內圈 快踱一圈 (助手)
H208,23/09/2024,游水,沙田,,沙田,,,,,,,,游水,,
H208,23/09/2024,踱步,沙田,內圈,沙田 內圈,,,,,,助手,,倒快一圈,H,內圈 倒快一圈 (助手)
H208,22/09/2024,游水,沙田,,沙田,,,,,,,,游水,,
H208,22/09/2024,踱步,沙田,內圈,沙田 內圈,,,,,,助手,,快踱一圈,H,內圈 快踱一圈 (助手)
H208,21/09/2024,游水,沙田,,沙田,,,,,,,,游水,,
H208,21/09/2024,踱步,沙田,奧運踱步圈,沙田 奧運踱步圈,,,,,,助手,,踱步,,奧運踱步圈 踱步 (助手)
H208,20/09/2024,游水,沙田,,沙田,,,,,,,,游水,,
H208,19/09/2024,游水,沙田,,沙田,,,,,,,,游水,,
H208,18/09/2024,游水,沙田,,沙田,,,,,,,,游水,,
H208,12/09/2024,游水,沙田,,沙田,,,,,,,,游水,,
H208,12/09/2024,快操,沙田,草閘,沙田 草閘,,48.8,48.8,25.3 23.5,,助手,,"真感, 四季醒",H,"25.3 23.5 (48.8) (助手) 真感, 四季醒"
H208,11/09/2024,游水,沙田,,沙田,,,,,,,,游水,,
H208,11/09/2024,踱步,沙田,內圈,沙田 內圈,,,,,,助手,,快踱一圈,PH,內圈 快踱一圈 (助手)
H208,10/09/2024,游水,沙田,,沙田,,,,,,,,游水,,
H208,10/09/2024,踱步,沙田,內圈,沙田 內圈,,,,,,助手,,快踱一圈,PH,內圈 快踱一圈 (助手)
H208,09/09/2024,游水,沙田,,沙田,,,,,,,,游水,,
H208,09/09/2024,快操,沙田,全天候,沙田 全天候,,56.9,56.9,31.1 25.8,,助手,,快操,PH,31.1 25.8 (56.9) (助手)
H208,08/09/2024,游水,沙田,,沙田,,,,,,,,游水,,
H208,08/09/2024,踱步,沙田,內圈,沙田 內圈,,,,,,助手,,快踱一圈,H,內圈 快踱一圈 (助手)
H208,07/09/2024,游水,沙田,,沙田,,,,,,,,游水,,
H208,07/09/2024,踱步,沙田,內圈,沙田 內圈,,,,,,助手,,快踱一圈,PH,內圈 快踱一圈 (助手)
H208,06/09/2024,游水,沙田,,沙田,,,,,,,,游水,,
H208,05/09/2024,游水,沙田,,沙田,,,,,,,,游水,,
H208,05/09/2024,快操,沙田,全天候,沙田 全天候,,1.00.2,60.2,32.5 27.7,,助手,,快操,PH,32.5 27.7 (1.00.2) (助手)
H208,04/09/2024,游水,沙田,,沙田,,,,,,,,游水,,
H208,04/09/2024,踱步,沙田,內圈,沙田 內圈,,,,,,助手,,快踱一圈,PH,內圈 快踱一圈 (助手)
H208,03/09/2024,游水,沙田,,沙田,,,,,,,,游水,,
H208,03/09/2024,踱步,沙田,內圈,沙田 內圈,,,,,,助手,,快踱一圈,H,內圈 快踱一圈 (助手)
H208,02/09/2024,游水,沙田,,沙田,,,,,,,,游水,,
H208,02/09/2024,快操,沙田,全天候,沙田 全天候,,29.3,29.3,29.3,,助手,,快操,PH,29.3 (29.3) (助手)
H208,01/09/2024,游水,沙田,,沙田,,,,,,,,游水,,
H208,31/08/2024,游水,沙田,,沙田,,,,,,,,游水,,
H208,31/08/2024,踱步,沙田,內圈,沙田 內圈,,,,,,助手,,快踱一圈,PH,內圈 快踱一圈 (助手)
H208,30/08/2024,游水,沙田,,沙田,,,,,,,,游水,,
H208,30/08/2024,踱步,沙田,內圈,沙田 內圈,,,,,,助手,,快踱一圈,PH,內圈 快踱一圈 (助手)
H208,29/08/2024,游水,沙田,,沙田,,,,,,,,游水,,
H208,29/08/2024,快操,沙田,全天候,沙田 全天候,,29.5,29.5,29.5,,助手,,快操,PH,29.5 (29.5) (助手)
H208,28/08/2024,游水,沙田,,沙田,,,,,,,,游水,,
H208,28/08/2024,踱步,沙田,內圈,沙田 內圈,,,,,,助手,,快踱一圈,PH,內圈 快踱一圈 (助手)
H208,27/08/2024,游水,沙田,,沙田,,,,,,,,游水,,
H208,27/08/2024,踱步,沙田,內圈,沙田 內圈,,,,,,助手,,快踱一圈,PH,內圈 快踱一圈 (助手)
H208,26/08/2024,游水,沙田,,沙田,,,,,,,,游水,,
H208,26/08/2024,踱步,沙田,內圈,沙田 內圈,,,,,,助手,,倒快一圈,H,內圈 倒快一圈 (助手)
H208,25/08/2024,游水,沙田,,沙田,,,,,,,,游水,,
H208,25/08/2024,踱步,沙田,內圈,沙田 內圈,,,,,,助手,,快踱一圈,H,內圈 快踱一圈 (助手)
H208,23/08/2024,游水,沙田,,沙田,,,,,,,,游水,,
H208,23/08/2024,踱步,沙田,內圈,沙田 內圈,,,,,,助手,,快踱一圈,PH,內圈 快踱一圈 (助手)
H208,22/08/2024,游水,沙田,,沙田,,,,,,,,游水,,
H208,22/08/2024,踱步,沙田,內圈,沙田 內圈,,,,,,助手,,倒快一圈,PH,內圈 倒快一圈 (助手)
H208,21/08/2024,游水,沙田,,沙田,,,,,,,,游水,,
H208,21/08/2024,踱步,沙田,內圈,沙田 內圈,,,,,,助手,,快踱一圈,PH,內圈 快踱一圈 (助手)
H208,20/08/2024,游水,沙田,,沙田,,,,,,,,游水,,
H208,20/08/2024,踱步,沙田,內圈,沙田 內圈,,,,,,助手,,快踱一圈,PH,內圈 快踱一圈 (助手)
H208,19/08/2024,游水,沙田,,沙田,,,,,,,,游水,,
H208,19/08/2024,踱步,沙田,內圈,沙田 內圈,,,,,,助手,,快踱一圈,PH,內圈 快踱一圈 (助手)
H208,18/08/2024,游水,沙田,,沙田,,,,,,,,游水,,
H208,17/08/2024,游水,沙田,,沙田,,,,,,,,游水,,
H208,16/08/2024,游水,沙田,,沙田,,,,,,,,游水,,
H208,16/08/2024,踱步,沙田,奧運踱步圈,沙田 奧運踱步圈,,,,,,助手,,踱步,,奧運踱步圈 踱步 (助手)
H208,15/08/2024,游水,沙田,,沙田,,,,,,,,游水,,
H208,15/08/2024,踱步,沙田,奧運踱步圈,沙田 奧運踱步圈,,,,,,助手,,踱步,,奧運踱步圈 踱步 (助手)
H208,14/08/2024,游水,沙田,,沙田,,,,,,,,游水,,
H208,14/08/2024,踱步,沙田,奧運踱步圈,沙田 奧運踱步圈,,,,,,助手,,踱步,,奧運踱步圈 踱步 (助手)
H208,13/08/2024,游水,沙田,,沙田,,,,,,,,游水,,
H208,13/08/2024,踱步,沙田,奧運踱步圈,沙田 奧運踱步圈,,,,,,助手,,踱步,,奧運踱步圈 踱步 (助手)
H208,12/08/2024,游水,沙田,,沙田,,,,,,,,游水,,
H208,12/08/2024,踱步,沙田,奧運踱步圈,沙田 奧運踱步圈,,,,,,助手,,踱步,,奧運踱步圈 踱步 (助手)
H208,11/08/2024,游水,沙田,,沙田,,,,,,,,游水,,
H208,10/08/2024,游水,沙田,,沙田,,,,,,,,游水,,
H208,09/08/2024,游水,沙田,,沙田,,,,,,,,游水,,
H208,08/08/2024,游水,沙田,,沙田,,,,,,,,游水,,
H208,07/08/2024,游水,沙田,,沙田,,,,,,,,游水,,
H208,06/08/2024,游水,沙田,,沙田,,,,,,,,游水,,
H208,05/08/2024,游水,沙田,,沙田,,,,,,,,游水,,
H208,02/08/2024,游水,沙田,,沙田,,,,,,,,游水,,
H208,29/07/2024,踱步,沙田,飛機場,沙田 飛機場,,,,,,助手,,踱步,,飛機場 踱步 (助手)
H208,12/07/2024,游水,沙田,,沙田,,,,,,,,游水,,
H208,09/07/2024,游水,沙田,,沙田,,,,,,,,游水,,
H208,09/07/2024,踱步,沙田,奧運踱步圈,沙田 奧運踱步圈,,,,,,助手,,踱步,,奧運踱步圈 踱步 (助手)
H208,08/07/2024,游水,沙田,,沙田,,,,,,,,游水,,
H208,08/07/2024,快操,沙田,全天候,沙田 全天候,,57.8,57.8,31.7 26.1,,助手,,快操,PH,31.7 26.1 (57.8) (助手)
H208,07/07/2024,游水,沙田,,沙田,,,,,,,,游水,,
H208,07/07/2024,踱步,沙田,內圈,沙田 內圈,,,,,,助手,,快踱一圈,PH,內圈 快踱一圈 (助手)
H208,06/07/2024,游水,沙田,,沙田,,,,,,,,游水,,
H208,06/07/2024,踱步,沙田,內圈,沙田 內圈,,,,,,助手,,快踱一圈,PH,內圈 快踱一圈 (助手)
H208,05/07/2024,游水,沙田,,沙田,,,,,,,,游水,,
H208,05/07/2024,踱步,沙田,內圈,沙田 內圈,,,,,,助手,,快踱一圈,PH,內圈 快踱一圈 (助手)
H208,04/07/2024,游水,沙田,,沙田,,,,,,,,游水,,
H208,04/07/2024,快操,沙田,全天候,沙田 全天候,,57.3,57.3,31.1 26.2,,助手,,快操,PH,31.1 26.2 (57.3) (助手)
H208,03/07/2024,游水,沙田,,沙田,,,,,,,,游水,,
H208,03/07/2024,踱步,沙田,內圈,沙田 內圈,,,,,,助手,,快踱一圈,PH,內圈 快踱一圈 (助手)
H208,02/07/2024,游水,沙田,,沙田,,,,,,,,游水,,
H208,02/07/2024,踱步,沙田,內圈,沙田 內圈,,,,,,助手,,快踱一圈,PH,內圈 快踱一圈 (助手)
H208,01/07/2024,游水,沙田,,沙田,,,,,,,,游水,,
H208,01/07/2024,踱步,沙田,內圈,沙田 內圈,,,,,,助手,,倒快一圈,HP,內圈 倒快一圈 (助手)
H208,30/06/2024,游水,沙田,,沙田,,,,,,,,游水,,
H208,30/06/2024,踱步,沙田,奧運踱步圈,沙田 奧運踱步圈,,,,,,助手,,踱步,,奧運踱步圈 踱步 (助手)
H208,29/06/2024,游水,沙田,,沙田,,,,,,,,游水,,
H208,28/06/2024,試閘,沙田,全天候,沙田 全天候,1050M,1.01.14,61.14,16.1 22.2 22.8,海藍寶,何澤堯,,第3組,PC,第3組 (何澤堯) 1050M 海藍寶 16.1 22.2 22.8 (1.01.14)
H208,27/06/2024,游水,沙田,,沙田,,,,,,,,游水,,
H208,27/06/2024,踱步,沙田,內圈,沙田 內圈,,,,,,助手,,倒快一圈,PH,內圈 倒快一圈 (助手)
H208,26/06/2024,游水,沙田,,沙田,,,,,,,,游水,,
H208,26/06/2024,踱步,沙田,內圈,沙田 內圈,,,,,,助手,,快踱一圈,PH,內圈 快踱一圈 (助手)
H208,25/06/2024,游水,沙田,,沙田,,,,,,,,游水,,
H208,25/06/2024,快操,沙田,全天候,沙田 全天候,,58.5,58.5,32.1 26.4,,助手,,快操,PH,32.1 26.4 (58.5) (助手)
H208,24/06/2024,游水,沙田,,沙田,,,,,,,,游水,,
H208,24/06/2024,踱步,沙田,內圈,沙田 內圈,,,,,,助手,,倒快一圈,PH,內圈 倒快一圈 (助手)
H208,23/06/2024,游水,沙田,,沙田,,,,,,,,游水,,
H208,23/06/2024,踱步,沙田,內圈,沙田 內圈,,,,,,助手,,快踱一圈,H,內圈 快踱一圈 (助手)
H208,22/06/2024,游水,沙田,,沙田,,,,,,,,游水,,
H208,22/06/2024,踱步,沙田,內圈,沙田 內圈,,,,,,助手,,快踱一圈,H,內圈 快踱一圈 (助手)
H208,21/06/2024,游水,沙田,,沙田,,,,,,,,游水,,
H208,21/06/2024,快操,沙田,全天候,沙田 全天候,,57.4,57.4,31.1 26.3,,助手,,快操,PH,31.1 26.3 (57.4) (助手)
H208,20/06/2024,游水,沙田,,沙田,,,,,,,,游水,,
H208,20/06/2024,踱步,沙田,內圈,沙田 內圈,,,,,,助手,,倒快一圈,PH,內圈 倒快一圈 (助手)
H208,19/06/2024,游水,沙田,,沙田,,,,,,,,游水,,
H208,19/06/2024,踱步,沙田,內圈,沙田 內圈,,,,,,助手,,快踱一圈,PH,內圈 快踱一圈 (助手)
H208,18/06/2024,游水,沙田,,沙田,,,,,,,,游水,,
H208,18/06/2024,踱步,沙田,內圈,沙田 內圈,,,,,,助手,,快踱一圈,PH,內圈 快踱一圈 (助手)
H208,17/06/2024,游水,沙田,,沙田,,,,,,,,游水,,
H208,17/06/2024,踱步,沙田,內圈,沙田 內圈,,,,,,助手,,倒快一圈,PH,內圈 倒快一圈 (助手)
H208,16/06/2024,游水,沙田,,沙田,,,,,,,,游水,,
H208,16/06/2024,踱步,沙田,奧運踱步圈,沙田 奧運踱步圈,,,,,,助手,,踱步,,奧運踱步圈 踱步 (助手)
H208,15/06/2024,游水,沙田,,沙田,,,,,,,,游水,,
H208,14/06/2024,游水,沙田,,沙田,,,,,,,,游水,,
H208,12/06/2024,出賽,跑馬地,草地,跑馬地 草地,1000M,,,,,何澤堯,2/11,出賽,PC/TT,1000M (何澤堯) (2/11)
H208,12/06/2024,踱步,沙田,奧運踱步圈,沙田 奧運踱步圈,,,,,,助手,,踱步,,奧運踱步圈 踱步 (助手)
H208,11/06/2024,游水,沙田,,沙田,,,,,,,,游水,,
H208,11/06/2024,踱步,沙田,內圈,沙田 內圈,,,,,,助手,,快踱一圈,PH,內圈 快踱一圈 (助手)
H208,10/06/2024,游水,沙田,,沙田,,,,,,,,游水,,
H208,10/06/2024,快操,沙田,全天候,沙田 全天候,,57.3,57.3,30.7 26.6,,助手,,快操,PH,30.7 26.6 (57.3) (助手)
H208,09/06/2024,游水,沙田,,沙田,,,,,,,,游水,,
H208,09/06/2024,踱步,沙田,內圈,沙田 內圈,,,,,,助手,,快踱一圈,PH,內圈 快踱一圈 (助手)
H208,08/06/2024,踱步,從化,飛機場,從化 飛機場,,,,,,助手,,踱步,H/P,飛機場 踱步 (助手)
H208,07/06/2024,游水,從化,,從化,,,,,,,,游水,,
H208,07/06/2024,踱步,從化,內圈,從化 內圈,,,,,,助手,,快踱一圈,H/P,內圈 快踱一圈 (助手)
H208,06/06/2024,游水,從化,,從化,,,,,,,,游水,,
H208,06/06/2024,踱步,從化,內圈,從化 內圈,,,,,,助手,,倒快一圈,H/P,內圈 倒快一圈 (助手)
H208,05/06/2024,游水,從化,,從化,,,,,,,,游水,,
H208,05/06/2024,踱步,從化,飛機場,從化 飛機場,,,,,,助手,,踱步,H/P,飛機場 踱步 (助手)
H208,03/06/2024,試閘,從化,草地,從化 草地,1000M,0.56.59,56.59,13.5 20.5 22.5,魔術控制,張文軍,,第1組,,第1組 (張文軍) 1000M 魔術控制 13.5 20.5 22.5 (0.56.59)
H208,03/06/2024,踱步,從化,飛機場,從化 飛機場,,,,,,助手,,踱步,PC,飛機場 踱步 (助手)
H208,02/06/2024,游水,從化,,從化,,,,,,,,游水,,
H208,02/06/2024,踱步,從化,內圈,從化 內圈,,,,,,助手,,快踱一圈,H/P,內圈 快踱一圈 (助手)
H208,01/06/2024,游水,從化,,從化,,,,,,,,游水,,
H208,01/06/2024,踱步,從化,內圈,從化 內圈,,,,,,助手,,快踱一圈,H/P,內圈 快踱一圈 (助手)
H208,31/05/2024,游水,從化,,從化,,,,,,,,游水,,
H208,31/05/2024,踱步,從化,內圈,從化 內圈,,,,,,助手,,快踱一圈,H/P,內圈 快踱一圈 (助手)
H208,30/05/2024,游水,從化,,從化,,,,,,,,游水,,
H208,30/05/2024,快操,從化,全天候,從化 全天候,,58.3,58.3,32.8 25.5,,助手,,快操,H/P,32.8 25.5 (58.3) (助手)
H208,30/05/2024,踱步,從化,飛機場,從化 飛機場,,,,,,助手,,踱步,H/P,飛機場 踱步 (助手)
H208,29/05/2024,游水,從化,,從化,,,,,,,,游水,,
H208,29/05/2024,踱步,從化,內圈,從化 內圈,,,,,,助手,,快踱一圈,H/P,內圈 快踱一圈 (助手)
H208,28/05/2024,游水,從化,,從化,,,,,,,,游水,,
H208,28/05/2024,踱步,從化,內圈,從化 內圈,,,,,,助手,,快踱一圈,H/P,內圈 快踱一圈 (助手)
H208,27/05/2024,游水,從化,,從化,,,,,,,,游水,,
H208,27/05/2024,快操,從化,全天候,從化 全天候,,59.5,59.5,31.4 28.1,,助手,,快操,H/P,31.4 28.1 (59.5) (助手)
H208,27/05/2024,踱步,從化,飛機場,從化 飛機場,,,,,,助手,,踱步,H/P,飛機場 踱步 (助手)
H208,26/05/2024,游水,從化,,從化,,,,,,,,游水,,
H208,26/05/2024,踱步,從化,內圈,從化 內圈,,,,,,助手,,快踱一圈,H/P,內圈 快踱一圈 (助手)
H208,25/05/2024,游水,從化,,從化,,,,,,,,游水,,
H208,25/05/2024,踱步,從化,內圈,從化 內圈,,,,,,助手,,快踱一圈,H/P,內圈 快踱一圈 (助手)
H208,24/05/2024,游水,從化,,從化,,,,,,,,游水,,
H208,24/05/2024,快操,從化,全天候,從化 全天候,,59.1,59.1,31.8 27.3,,助手,,快操,H/P,31.8 27.3 (59.1) (助手)
H208,24/05/2024,踱步,從化,飛機場,從化 飛機場,,,,,,助手,,踱步,H/P,飛機場 踱步 (助手)
H208,23/05/2024,游水,從化,,從化,,,,,,,,游水,,
H208,23/05/2024,踱步,從化,內圈,從化 內圈,,,,,,助手,,倒快一圈,H/P,內圈 倒快一圈 (助手)
H208,22/05/2024,游水,從化,,從化,,,,,,,,游水,,
H208,22/05/2024,踱步,從化,內圈,從化 內圈,,,,,,助手,,快踱一圈,H/P,內圈 快踱一圈 (助手)
H208,21/05/2024,游水,從化,,從化,,,,,,,,游水,,
H208,21/05/2024,踱步,從化,內圈,從化 內圈,,,,,,助手,,快踱一圈,H/P,內圈 快踱一圈 (助手)
H208,20/05/2024,游水,從化,,從化,,,,,,,,游水,,
H208,20/05/2024,踱步,從化,內圈,從化 內圈,,,,,,助手,,倒快一圈,H/P,內圈 倒快一圈 (助手)
H208,19/05/2024,游水,從化,,從化,,,,,,,,游水,,
H208,19/05/2024,踱步,從化,飛機場,從化 飛機場,,,,,,助手,,踱步,H/P,飛機場 踱步 (助手)
H208,18/05/2024,游水,從化,,從化,,,,,,,,游水,,
H208,18/05/2024,踱步,從化,飛機場,從化 飛機場,,,,,,助手,,踱步,H/P,飛機場 踱步 (助手)
H208,17/05/2024,游水,從化,,從化,,,,,,,,游水,,
H208,16/05/2024,游水,從化,,從化,,,,,,,,游水,,
H208,15/05/2024,游水,從化,,從化,,,,,,,,游水,,
H208,14/05/2024,游水,從化,,從化,,,,,,,,游水,,
H208,11/05/2024,出賽,沙田,草地,沙田 草地,1000M,,,,,潘頓,7/10,出賽,PC/TT,1000M (潘頓) (7/10)
H208,11/05/2024,踱步,沙田,奧運踱步圈,沙田 奧運踱步圈,,,,,,助手,,踱步,,奧運踱步圈 踱步 (助手)
H208,10/05/2024,游水,沙田,,沙田,,,,,,,,游水,,
H208,10/05/2024,踱步,沙田,內圈,沙田 內圈,,,,,,助手,,快踱一圈,PH,內圈 快踱一圈 (助手)
H208,09/05/2024,游水,沙田,,沙田,,,,,,,,游水,,
H208,09/05/2024,踱步,沙田,內圈,沙田 內圈,,,,,,助手,,倒快一圈,PH,內圈 倒快一圈 (助手)
H208,08/05/2024,游水,沙田,,沙田,,,,,,,,游水,,
H208,08/05/2024,快操,沙田,全天候,沙田 全天候,,59.6,59.6,32.3 27.3,,助手,,快操,PH,32.3 27.3 (59.6) (助手)
H208,07/05/2024,游水,沙田,,沙田,,,,,,,,游水,,
H208,06/05/2024,游水,沙田,,沙田,,,,,,,,游水,,
H208,06/05/2024,踱步,沙田,內圈,沙田 內圈,,,,,,助手,,倒快一圈,PH,內圈 倒快一圈 (助手)
H208,05/05/2024,游水,沙田,,沙田,,,,,,,,游水,,
H208,05/05/2024,踱步,沙田,奧運踱步圈,沙田 奧運踱步圈,,,,,,助手,,踱步,,奧運踱步圈 踱步 (助手)
H208,04/05/2024,游水,沙田,,沙田,,,,,,,,游水,,
H208,03/05/2024,游水,沙田,,沙田,,,,,,,,游水,,
H208,01/05/2024,出賽,跑馬地,草地,跑馬地 草地,1200M,,,,,賀銘年,5/11,出賽,PC/TT,1200M (賀銘年) (5/11)
H208,01/05/2024,踱步,沙田,奧運踱步圈,沙田 奧運踱步圈,,,,,,助手,,踱步,,奧運踱步圈 踱步 (助手)
H208,30/04/2024,游水,沙田,,沙田,,,,,,,,游水,,
H208,30/04/2024,踱步,沙田,內圈,沙田 內圈,,,,,,助手,,快踱一圈,PH,內圈 快踱一圈 (助手)
H208,29/04/2024,游水,沙田,,沙田,,,,,,,,游水,,
H208,29/04/2024,踱步,沙田,內圈,沙田 內圈,,,,,,助手,,倒快一圈,HP,內圈 倒快一圈 (助手)
H208,28/04/2024,游水,沙田,,沙田,,,,,,,,游水,,
H208,28/04/2024,踱步,沙田,奧運踱步圈,沙田 奧運踱步圈,,,,,,助手,,踱步,,奧運踱步圈 踱步 (助手)
H208,27/04/2024,游水,沙田,,沙田,,,,,,,,游水,,
H208,26/04/2024,游水,沙田,,沙田,,,,,,,,游水,,
H208,24/04/2024,出賽,跑馬地,草地,跑馬地 草地,1000M,,,,,鍾易禮,6/7,出賽,P-/PC1/TT,1000M (鍾易禮) (6/7)
H208,24/04/2024,踱步,沙田,奧運踱步圈,沙田 奧運踱步圈,,,,,,助手,,踱步,,奧運踱步圈 踱步 (助手)
H208,23/04/2024,游水,沙田,,沙田,,,,,,,,游水,,
H208,23/04/2024,踱步,沙田,內圈,沙田 內圈,,,,,,助手,,快踱一圈,PH,內圈 快踱一圈 (助手)
H208,22/04/2024,游水,沙田,,沙田,,,,,,,,游水,,
H208,22/04/2024,快操,沙田,草地,沙田 草地,,52.7,52.7,28.5 24.2,,湯普新,,快操,H,28.5 24.2 (52.7) (湯普新)
H208,21/04/2024,游水,沙田,,沙田,,,,,,,,游水,,
H208,21/04/2024,踱步,沙田,奧運踱步圈,沙田 奧運踱步圈,,,,,,助手,,踱步,,奧運踱步圈 踱步 (助手)
H208,20/04/2024,踱步,從化,飛機場,從化 飛機場,,,,,,助手,,踱步,H/P,飛機場 踱步 (助手)
H208,19/04/2024,游水,從化,,從化,,,,,,,,游水,,
H208,18/04/2024,游水,從化,,從化,,,,,,,,游水,,
H208,18/04/2024,快操,從化,全天候,從化 全天候,,59.1,59.1,32.0 27.1,,助手,,快操,H/PC,32.0 27.1 (59.1) (助手)
H208,18/04/2024,踱步,從化,飛機場,從化 飛機場,,,,,,助手,,踱步,H/PC,飛機場 踱步 (助手)
H208,17/04/2024,游水,從化,,從化,,,,,,,,游水,,
H208,17/04/2024,踱步,從化,內圈,從化 內圈,,,,,,助手,,快踱一圈,H/P,內圈 快踱一圈 (助手)
H208,16/04/2024,游水,從化,,從化,,,,,,,,游水,,
H208,16/04/2024,踱步,從化,內圈,從化 內圈,,,,,,副練馬師,,快踱一圈,H/P,內圈 快踱一圈 (副練馬師)
H208,15/04/2024,游水,從化,,從化,,,,,,,,游水,,
H208,15/04/2024,踱步,從化,內圈,從化 內圈,,,,,,助手,,倒快一圈,H/P,內圈 倒快一圈 (助手)
H208,14/04/2024,游水,從化,,從化,,,,,,,,游水,,
H208,14/04/2024,踱步,從化,內圈,從化 內圈,,,,,,助手,,快踱一圈,H/P,內圈 快踱一圈 (助手)
H208,13/04/2024,游水,從化,,從化,,,,,,,,游水,,
H208,12/04/2024,試閘,從化,草地,從化 草地,1000M,0.58.10,58.1,13.6 21.4 23.1,風雲武士,祖利曼,,第1組,PC,第1組 (祖利曼) 1000M 風雲武士 13.6 21.4 23.1 (0.58.10)
H208,12/04/2024,踱步,從化,飛機場,從化 飛機場,,,,,,助手,,踱步,PC,飛機場 踱步 (助手)
H208,11/04/2024,游水,從化,,從化,,,,,,,,游水,,
H208,10/04/2024,游水,從化,,從化,,,,,,,,游水,,
H208,10/04/2024,踱步,從化,內圈,從化 內圈,,,,,,助手,,快踱一圈,H/P,內圈 快踱一圈 (助手)
H208,09/04/2024,游水,從化,,從化,,,,,,,,游水,,
H208,09/04/2024,踱步,從化,內圈,從化 內圈,,,,,,助手,,快踱一圈,H/P,內圈 快踱一圈 (助手)
H208,08/04/2024,游水,從化,,從化,,,,,,,,游水,,
H208,08/04/2024,快操,從化,全天候,從化 全天候,,57.5,57.5,31.9 25.6,,助手,,快操,H/P,31.9 25.6 (57.5) (助手)
H208,08/04/2024,踱步,從化,飛機場,從化 飛機場,,,,,,助手,,踱步,H/P,飛機場 踱步 (助手)
H208,07/04/2024,游水,從化,,從化,,,,,,,,游水,,
H208,07/04/2024,踱步,從化,內圈,從化 內圈,,,,,,助手,,快踱一圈,H/P,內圈 快踱一圈 (助手)
H208,06/04/2024,游水,從化,,從化,,,,,,,,游水,,
H208,06/04/2024,踱步,從化,內圈,從化 內圈,,,,,,助手,,快踱一圈,H/P,內圈 快踱一圈 (助手)
H208,05/04/2024,游水,從化,,從化,,,,,,,,游水,,
H208,04/04/2024,游水,從化,,從化,,,,,,,,游水,,
H208,04/04/2024,快操,從化,全天候,從化 全天候,,57.4,57.4,29.8 27.6,,助手,,快操,H/P,29.8 27.6 (57.4) (助手)
H208,04/04/2024,踱步,從化,飛機場,從化 飛機場,,,,,,助手,,踱步,H/P,飛機場 踱步 (助手)
H208,03/04/2024,游水,從化,,從化,,,,,,,,游水,,
H208,03/04/2024,踱步,從化,內圈,從化 內圈,,,,,,助手,,快踱一圈,H/P,內圈 快踱一圈 (助手)
H208,02/04/2024,游水,從化,,從化,,,,,,,,游水,,
H208,02/04/2024,踱步,從化,內圈,從化 內圈,,,,,,助手,,快踱一圈,H/P,內圈 快踱一圈 (助手)
H208,01/04/2024,游水,從化,,從化,,,,,,,,游水,,
H208,01/04/2024,踱步,從化,內圈,從化 內圈,,,,,,助手,,倒快一圈,H/P,內圈 倒快一圈 (助手)
H208,31/03/2024,游水,從化,,從化,,,,,,,,游水,,
H208,31/03/2024,踱步,從化,飛機場,從化 飛機場,,,,,,助手,,踱步,H/P,飛機場 踱步 (助手)
H208,30/03/2024,游水,從化,,從化,,,,,,,,游水,,
H208,27/03/2024,出賽,跑馬地,草地,跑馬地 草地,1000M,,,,,希威森,12/12,出賽,P/TT,1000M (希威森) (12/12)
H208,27/03/2024,踱步,沙田,奧運踱步圈,沙田 奧運踱步圈,,,,,,助手,,踱步,,奧運踱步圈 踱步 (助手)
H208,26/03/2024,游水,沙田,,沙田,,,,,,,,游水,,
H208,26/03/2024,踱步,沙田,內圈,沙田 內圈,,,,,,助手,,快踱一圈,H,內圈 快踱一圈 (助手)
H208,25/03/2024,游水,沙田,,沙田,,,,,,,,游水,,
H208,25/03/2024,快操,沙田,全天候,沙田 全天候,,56.8,56.8,30.7 26.1,,助手,,快操,PH,30.7 26.1 (56.8) (助手)
H208,24/03/2024,游水,沙田,,沙田,,,,,,,,游水,,
H208,24/03/2024,踱步,沙田,內圈,沙田 內圈,,,,,,助手,,快踱一圈,PH,內圈 快踱一圈 (助手)
H208,23/03/2024,游水,沙田,,沙田,,,,,,,,游水,,
H208,23/03/2024,踱步,沙田,內圈,沙田 內圈,,,,,,助手,,快踱一圈,H,內圈 快踱一圈 (助手)
H208,22/03/2024,游水,沙田,,沙田,,,,,,,,游水,,
H208,22/03/2024,踱步,沙田,內圈,沙田 內圈,,,,,,助手,,快踱一圈,PH,內圈 快踱一圈 (助手)
H208,21/03/2024,游水,沙田,,沙田,,,,,,,,游水,,
H208,21/03/2024,快操,沙田,全天候,沙田 全天候,,57.9,57.9,31.0 26.9,,助手,,快操,PH,31.0 26.9 (57.9) (助手)
H208,20/03/2024,游水,沙田,,沙田,,,,,,,,游水,,
H208,20/03/2024,踱步,沙田,奧運踱步圈,沙田 奧運踱步圈,,,,,,助手,,踱步,,奧運踱步圈 踱步 (助手)
H208,19/03/2024,游水,沙田,,沙田,,,,,,,,游水,,
H208,19/03/2024,踱步,沙田,內圈,沙田 內圈,,,,,,助手,,快踱一圈,PH,內圈 快踱一圈 (助手)
H208,18/03/2024,游水,沙田,,沙田,,,,,,,,游水,,
H208,18/03/2024,踱步,沙田,內圈,沙田 內圈,,,,,,助手,,倒快一圈,H,內圈 倒快一圈 (助手)
H208,17/03/2024,游水,沙田,,沙田,,,,,,,,游水,,
H208,16/03/2024,游水,沙田,,沙田,,,,,,,,游水,,
H208,16/03/2024,踱步,沙田,奧運踱步圈,沙田 奧運踱步圈,,,,,,助手,,踱步,,奧運踱步圈 踱步 (助手)
H208,15/03/2024,游水,沙田,,沙田,,,,,,,,游水,,
H208,14/03/2024,試閘,沙田,全天候,沙田 全天候,1200M,1.10.64,70.64,24.8 22.7 23.1,勝意,希威森,,第1組,P,第1組 (希威森) 1200M 勝意 24.8 22.7 23.1 (1.10.64)
H208,13/03/2024,游水,沙田,,沙田,,,,,,,,游水,,
H208,13/03/2024,踱步,沙田,內圈,沙田 內圈,,,,,,助手,,快踱一圈,PH,內圈 快踱一圈 (助手)
H208,12/03/2024,游水,沙田,,沙田,,,,,,,,游水,,
H208,12/03/2024,踱步,沙田,內圈,沙田 內圈,,,,,,助手,,快踱一圈,PH,內圈 快踱一圈 (助手)
H208,11/03/2024,游水,沙田,,沙田,,,,,,,,游水,,
H208,11/03/2024,快操,沙田,全天候,沙田 全天候,,58.2,58.2,31.6 26.6,,助手,,快操,PH,31.6 26.6 (58.2) (助手)
H208,10/03/2024,游水,沙田,,沙田,,,,,,,,游水,,
H208,10/03/2024,踱步,沙田,內圈,沙田 內圈,,,,,,助手,,快踱一圈,PH,內圈 快踱一圈 (助手)
H208,09/03/2024,游水,沙田,,沙田,,,,,,,,游水,,
H208,09/03/2024,踱步,沙田,內圈,沙田 內圈,,,,,,助手,,快踱一圈,H,內圈 快踱一圈 (助手)
H208,08/03/2024,游水,沙田,,沙田,,,,,,,,游水,,
H208,08/03/2024,踱步,沙田,奧運踱步圈,沙田 奧運踱步圈,,,,,,助手,,踱步,,奧運踱步圈 踱步 (助手)
H208,07/03/2024,游水,沙田,,沙田,,,,,,,,游水,,
H208,07/03/2024,快操,沙田,全天候,沙田 全天候,,57.1,57.1,31.1 26.0,,助手,,快操,PH,31.1 26.0 (57.1) (助手)
H208,06/03/2024,游水,沙田,,沙田,,,,,,,,游水,,
H208,06/03/2024,踱步,沙田,內圈,沙田 內圈,,,,,,助手,,快踱一圈,H,內圈 快踱一圈 (助手)
H208,05/03/2024,游水,沙田,,沙田,,,,,,,,游水,,
H208,05/03/2024,踱步,沙田,內圈,沙田 內圈,,,,,,助手,,快踱一圈,H,內圈 快踱一圈 (助手)
H208,04/03/2024,游水,沙田,,沙田,,,,,,,,游水,,
H208,04/03/2024,快操,沙田,全天候,沙田 全天候,,55.9,55.9,30.7 25.2,,助手,,快操,PH,30.7 25.2 (55.9) (助手)
H208,03/03/2024,游水,沙田,,沙田,,,,,,,,游水,,
H208,03/03/2024,踱步,沙田,內圈,沙田 內圈,,,,,,助手,,快踱一圈,H,內圈 快踱一圈 (助手)
H208,02/03/2024,游水,沙田,,沙田,,,,,,,,游水,,
H208,02/03/2024,踱步,沙田,內圈,沙田 內圈,,,,,,助手,,快踱一圈,HP,內圈 快踱一圈 (助手)
H208,01/03/2024,游水,沙田,,沙田,,,,,,,,游水,,
H208,01/03/2024,踱步,沙田,奧運踱步圈,沙田 奧運踱步圈,,,,,,助手,,踱步,,奧運踱步圈 踱步 (助手)
H208,29/02/2024,游水,沙田,,沙田,,,,,,,,游水,,
H208,29/02/2024,快操,沙田,全天候,沙田 全天候,,57.3,57.3,31.2 26.1,,助手,,快操,PH,31.2 26.1 (57.3) (助手)
H208,28/02/2024,游水,沙田,,沙田,,,,,,,,游水,,
H208,28/02/2024,踱步,沙田,內圈,沙田 內圈,,,,,,助手,,快踱一圈,PH,內圈 快踱一圈 (助手)
H208,27/02/2024,游水,沙田,,沙田,,,,,,,,游水,,
H208,27/02/2024,踱步,沙田,內圈,沙田 內圈,,,,,,助手,,快踱一圈,PH,內圈 快踱一圈 (助手)
H208,26/02/2024,游水,沙田,,沙田,,,,,,,,游水,,
H208,26/02/2024,踱步,沙田,內圈,沙田 內圈,,,,,,助手,,倒快一圈,H,內圈 倒快一圈 (助手)
H208,25/02/2024,游水,沙田,,沙田,,,,,,,,游水,,
H208,25/02/2024,踱步,沙田,奧運踱步圈,沙田 奧運踱步圈,,,,,,助手,,踱步,,奧運踱步圈 踱步 (助手)
H208,24/02/2024,游水,沙田,,沙田,,,,,,,,游水,,
H208,23/02/2024,游水,沙田,,沙田,,,,,,,,游水,,
H208,21/02/2024,出賽,跑馬地,草地,跑馬地 草地,1000M,,,,,艾道拿,4/12,出賽,P/TT,1000M (艾道拿) (4/12)
H208,21/02/2024,踱步,沙田,奧運踱步圈,沙田 奧運踱步圈,,,,,,助手,,踱步,,奧運踱步圈 踱步 (助手)
H208,20/02/2024,游水,沙田,,沙田,,,,,,,,游水,,
H208,20/02/2024,踱步,沙田,內圈,沙田 內圈,,,,,,助手,,快踱一圈,PH,內圈 快踱一圈 (助手)
H208,19/02/2024,游水,沙田,,沙田,,,,,,,,游水,,
H208,19/02/2024,快操,沙田,全天候,沙田 全天候,,57.1,57.1,31.5 25.6,,助手,,快操,PH,31.5 25.6 (57.1) (助手)
H208,18/02/2024,游水,沙田,,沙田,,,,,,,,游水,,
H208,18/02/2024,踱步,沙田,內圈,沙田 內圈,,,,,,助手,,快踱一圈,H,內圈 快踱一圈 (助手)
H208,17/02/2024,游水,沙田,,沙田,,,,,,,,游水,,
H208,17/02/2024,踱步,沙田,奧運踱步圈,沙田 奧運踱步圈,,,,,,助手,,踱步,,奧運踱步圈 踱步 (助手)
H208,16/02/2024,踱步,從化,飛機場,從化 飛機場,,,,,,助手,,踱步,H/P,飛機場 踱步 (助手)
H208,15/02/2024,游水,從化,,從化,,,,,,,,游水,,
H208,15/02/2024,快操,從化,全天候,從化 全天候,,1.01.7,61.7,33.4 28.3,,助手,,快操,H/P,33.4 28.3 (1.01.7) (助手)
H208,15/02/2024,踱步,從化,飛機場,從化 飛機場,,,,,,助手,,踱步,H/P,飛機場 踱步 (助手)
H208,14/02/2024,游水,從化,,從化,,,,,,,,游水,,
H208,14/02/2024,踱步,從化,內圈,從化 內圈,,,,,,助手,,快踱一圈,H/P,內圈 快踱一圈 (助手)
H208,13/02/2024,游水,從化,,從化,,,,,,,,游水,,
H208,13/02/2024,踱步,從化,內圈,從化 內圈,,,,,,助手,,快踱一圈,H/P,內圈 快踱一圈 (助手)
H208,12/02/2024,游水,從化,,從化,,,,,,,,游水,,
H208,12/02/2024,踱步,從化,內圈,從化 內圈,,,,,,助手,,倒快一圈,H/P,內圈 倒快一圈 (助手)
H208,11/02/2024,游水,從化,,從化,,,,,,,,游水,,
H208,11/02/2024,踱步,從化,內圈,從化 內圈,,,,,,助手,,快踱一圈,H/P,內圈 快踱一圈 (助手)
H208,09/02/2024,游水,從化,,從化,,,,,,,,游水,,
H208,08/02/2024,試閘,從化,全天候,從化 全天候,1200M,1.11.68,71.68,25.5 23.1 23.0,快錢,查本楠,,第1組,P,第1組 (查本楠) 1200M 快錢 25.5 23.1 23.0 (1.11.68)
H208,08/02/2024,踱步,從化,飛機場,從化 飛機場,,,,,,助手,,踱步,P,飛機場 踱步 (助手)
H208,07/02/2024,游水,從化,,從化,,,,,,,,游水,,
H208,06/02/2024,游水,從化,,從化,,,,,,,,游水,,
H208,06/02/2024,踱步,從化,內圈,從化 內圈,,,,,,助手,,快踱一圈,H/P,內圈 快踱一圈 (助手)
H208,05/02/2024,游水,從化,,從化,,,,,,,,游水,,
H208,05/02/2024,快操,從化,全天候,從化 全天候,,59.1,59.1,31.9 27.2,,助手,,快操,H/P,31.9 27.2 (59.1) (助手)
H208,05/02/2024,踱步,從化,飛機場,從化 飛機場,,,,,,助手,,踱步,H/P,飛機場 踱步 (助手)
H208,04/02/2024,游水,從化,,從化,,,,,,,,游水,,
H208,04/02/2024,踱步,從化,內圈,從化 內圈,,,,,,助手,,快踱一圈,H/P,內圈 快踱一圈 (助手)
H208,03/02/2024,游水,從化,,從化,,,,,,,,游水,,
H208,03/02/2024,踱步,從化,內圈,從化 內圈,,,,,,助手,,快踱一圈,H/P,內圈 快踱一圈 (助手)
H208,02/02/2024,游水,從化,,從化,,,,,,,,游水,,
H208,02/02/2024,踱步,從化,內圈,從化 內圈,,,,,,助手,,快踱一圈,H/P,內圈 快踱一圈 (助手)
H208,01/02/2024,游水,從化,,從化,,,,,,,,游水,,
H208,01/02/2024,快操,從化,全天候,從化 全天候,,55.7,55.7,29.1 26.6,,助手,,快操,H/P,29.1 26.6 (55.7) (助手)
H208,01/02/2024,踱步,從化,飛機場,從化 飛機場,,,,,,助手,,踱步,H/P,飛機場 踱步 (助手)
H208,31/01/2024,游水,從化,,從化,,,,,,,,游水,,
H208,30/01/2024,游水,從化,,從化,,,,,,,,游水,,
H208,30/01/2024,踱步,從化,內圈,從化 內圈,,,,,,助手,,快踱一圈,H/P,內圈 快踱一圈 (助手)
H208,29/01/2024,游水,從化,,從化,,,,,,,,游水,,
H208,29/01/2024,快操,從化,全天候,從化 全天候,,57.3,57.3,30.5 26.8,,助手,,快操,H,30.5 26.8 (57.3) (助手)
H208,29/01/2024,踱步,從化,飛機場,從化 飛機場,,,,,,助手,,踱步,H,飛機場 踱步 (助手)
H208,28/01/2024,游水,從化,,從化,,,,,,,,游水,,
H208,28/01/2024,踱步,從化,內圈,從化 內圈,,,,,,助手,,快踱一圈,H/P,內圈 快踱一圈 (助手)
H208,27/01/2024,游水,從化,,從化,,,,,,,,游水,,
H208,27/01/2024,踱步,從化,飛機場,從化 飛機場,,,,,,助手,,踱步,H/P,飛機場 踱步 (助手)
H208,26/01/2024,踱步,沙田,奧運踱步圈,沙田 奧運踱步圈,,,,,,助手,,踱步,,奧運踱步圈 踱步 (助手)
H208,25/01/2024,游水,沙田,,沙田,,,,,,,,游水,,
H208,25/01/2024,快操,沙田,全天候,沙田 全天候,,56.6,56.6,30.0 26.6,,助手,,快操,PH,30.0 26.6 (56.6) (助手)
H208,24/01/2024,游水,沙田,,沙田,,,,,,,,游水,,
H208,24/01/2024,踱步,沙田,內圈,沙田 內圈,,,,,,助手,,快踱一圈,PH,內圈 快踱一圈 (助手)
H208,23/01/2024,游水,沙田,,沙田,,,,,,,,游水,,
H208,23/01/2024,踱步,沙田,內圈,沙田 內圈,,,,,,助手,,快踱一圈,H,內圈 快踱一圈 (助手)
H208,22/01/2024,游水,沙田,,沙田,,,,,,,,游水,,
H208,21/01/2024,游水,沙田,,沙田,,,,,,,,游水,,
H208,21/01/2024,踱步,沙田,奧運踱步圈,沙田 奧運踱步圈,,,,,,助手,,踱步,,奧運踱步圈 踱步 (助手)
H208,20/01/2024,游水,沙田,,沙田,,,,,,,,游水,,
H208,19/01/2024,游水,沙田,,沙田,,,,,,,,游水,,
H208,17/01/2024,出賽,跑馬地,草地,跑馬地 草地,1000M,,,,,潘頓,1/10,出賽,P/TT,1000M (潘頓) (1/10)
H208,17/01/2024,踱步,沙田,奧運踱步圈,沙田 奧運踱步圈,,,,,,助手,,踱步,,奧運踱步圈 踱步 (助手)
H208,16/01/2024,游水,沙田,,沙田,,,,,,,,游水,,
H208,16/01/2024,踱步,沙田,內圈,沙田 內圈,,,,,,助手,,快踱一圈,PH,內圈 快踱一圈 (助手)
H208,15/01/2024,游水,沙田,,沙田,,,,,,,,游水,,
H208,15/01/2024,快操,沙田,全天候,沙田 全天候,,56.0,56.0,31.1 24.9,,助手,,快操,PH,31.1 24.9 (56.0) (助手)
H208,14/01/2024,游水,沙田,,沙田,,,,,,,,游水,,
H208,14/01/2024,踱步,沙田,內圈,沙田 內圈,,,,,,助手,,快踱一圈,PH,內圈 快踱一圈 (助手)
H208,13/01/2024,游水,沙田,,沙田,,,,,,,,游水,,
H208,13/01/2024,踱步,沙田,內圈,沙田 內圈,,,,,,助手,,快踱一圈,PH,內圈 快踱一圈 (助手)
H208,12/01/2024,游水,沙田,,沙田,,,,,,,,游水,,
H208,12/01/2024,踱步,沙田,內圈,沙田 內圈,,,,,,助手,,快踱一圈,PH,內圈 快踱一圈 (助手)
H208,11/01/2024,踱步,從化,飛機場,從化 飛機場,,,,,,助手,,踱步,H/P,飛機場 踱步 (助手)
H208,10/01/2024,游水,從化,,從化,,,,,,,,游水,,
H208,10/01/2024,踱步,從化,飛機場,從化 飛機場,,,,,,助手,,踱步,H/P,飛機場 踱步 (助手)
H208,09/01/2024,游水,從化,,從化,,,,,,,,游水,,
H208,08/01/2024,試閘,從化,草地,從化 草地,1000M,0.58.64,58.64,13.7 21.4 23.5,極光彗星,駱泰尼,,第2組,P,第2組 (駱泰尼) 1000M 極光彗星 13.7 21.4 23.5 (0.58.64)
H208,08/01/2024,踱步,從化,飛機場,從化 飛機場,,,,,,助手,,踱步,P,飛機場 踱步 (助手)
H208,07/01/2024,游水,從化,,從化,,,,,,,,游水,,
H208,07/01/2024,踱步,從化,內圈,從化 內圈,,,,,,助手,,快踱一圈,H/P,內圈 快踱一圈 (助手)
H208,06/01/2024,游水,從化,,從化,,,,,,,,游水,,
H208,06/01/2024,踱步,從化,內圈,從化 內圈,,,,,,助手,,快踱一圈,H/P,內圈 快踱一圈 (助手)
H208,05/01/2024,游水,從化,,從化,,,,,,,,游水,,
H208,05/01/2024,踱步,從化,內圈,從化 內圈,,,,,,助手,,快踱一圈,H/P,內圈 快踱一圈 (助手)
H208,04/01/2024,游水,從化,,從化,,,,,,,,游水,,
H208,04/01/2024,快操,從化,全天候,從化 全天候,,56.2,56.2,30.5 25.7,,助手,,快操,H/P,30.5 25.7 (56.2) (助手)
H208,04/01/2024,踱步,從化,飛機場,從化 飛機場,,,,,,助手,,踱步,H/P,飛機場 踱步 (助手)
H208,03/01/2024,游水,從化,,從化,,,,,,,,游水,,
H208,02/01/2024,游水,從化,,從化,,,,,,,,游水,,
H208,02/01/2024,踱步,從化,內圈,從化 內圈,,,,,,助手,,快踱一圈,H/P,內圈 快踱一圈 (助手)
H208,01/01/2024,游水,從化,,從化,,,,,,,,游水,,
H208,01/01/2024,快操,從化,全天候,從化 全天候,,56.9,56.9,31.4 25.5,,助手,,快操,H/P,31.4 25.5 (56.9) (助手)
H208,01/01/2024,踱步,從化,飛機場,從化 飛機場,,,,,,助手,,踱步,H/P,飛機場 踱步 (助手)
H208,31/12/2023,游水,從化,,從化,,,,,,,,游水,,
H208,31/12/2023,踱步,從化,內圈,從化 內圈,,,,,,助手,,快踱一圈,H/P,內圈 快踱一圈 (助手)
H208,30/12/2023,游水,從化,,從化,,,,,,,,游水,,
H208,30/12/2023,踱步,從化,內圈,從化 內圈,,,,,,助手,,快踱一圈,H/P,內圈 快踱一圈 (助手)
H208,29/12/2023,游水,從化,,從化,,,,,,,,游水,,
H208,29/12/2023,踱步,從化,內圈,從化 內圈,,,,,,助手,,快踱一圈,H/P,內圈 快踱一圈 (助手)
H208,28/12/2023,游水,從化,,從化,,,,,,,,游水,,
H208,28/12/2023,快操,從化,全天候,從化 全天候,,58.5,58.5,32.8 25.7,,助手,,快操,H/P,32.8 25.7 (58.5) (助手)
H208,28/12/2023,踱步,從化,飛機場,從化 飛機場,,,,,,助手,,踱步,H/P,飛機場 踱步 (助手)
H208,27/12/2023,游水,從化,,從化,,,,,,,,游水,,
H208,26/12/2023,游水,從化,,從化,,,,,,,,游水,,
H208,26/12/2023,踱步,從化,內圈,從化 內圈,,,,,,助手,,快踱一圈,H/P,內圈 快踱一圈 (助手)
H208,25/12/2023,游水,從化,,從化,,,,,,,,游水,,
H208,25/12/2023,快操,從化,全天候,從化 全天候,,57.5,57.5,30.5 27.0,,助手,,快操,H/P,30.5 27.0 (57.5) (助手)
H208,25/12/2023,踱步,從化,飛機場,從化 飛機場,,,,,,助手,,踱步,H/P,飛機場 踱步 (助手)
H208,24/12/2023,游水,從化,,從化,,,,,,,,游水,,
H208,24/12/2023,踱步,從化,內圈,從化 內圈,,,,,,助手,,快踱一圈,H/P,內圈 快踱一圈 (助手)
H208,23/12/2023,游水,從化,,從化,,,,,,,,游水,,
H208,23/12/2023,踱步,從化,內圈,從化 內圈,,,,,,助手,,快踱一圈,H/P,內圈 快踱一圈 (助手)
H208,22/12/2023,游水,從化,,從化,,,,,,,,游水,,
H208,22/12/2023,快操,從化,全天候,從化 全天候,,56.2,56.2,29.6 26.6,,助手,,快操,H/P,29.6 26.6 (56.2) (助手)
H208,22/12/2023,踱步,從化,飛機場,從化 飛機場,,,,,,助手,,踱步,H/P,飛機場 踱步 (助手)
H208,21/12/2023,游水,從化,,從化,,,,,,,,游水,,
H208,21/12/2023,踱步,從化,飛機場,從化 飛機場,,,,,,助手,,踱步,H/P,飛機場 踱步 (助手)
H208,19/12/2023,游水,沙田,,沙田,,,,,,,,游水,,
H208,19/12/2023,踱步,沙田,內圈,沙田 內圈,,,,,,助手,,快踱一圈,PH,內圈 快踱一圈 (助手)
H208,18/12/2023,游水,沙田,,沙田,,,,,,,,游水,,
H208,18/12/2023,踱步,沙田,內圈,沙田 內圈,,,,,,助手,,倒快一圈,H,內圈 倒快一圈 (助手)
H208,17/12/2023,游水,沙田,,沙田,,,,,,,,游水,,
H208,16/12/2023,游水,沙田,,沙田,,,,,,,,游水,,
H208,15/12/2023,游水,沙田,,沙田,,,,,,,,游水,,
H208,13/12/2023,出賽,跑馬地,草地,跑馬地 草地,1000M,,,,,何澤堯,3/9,出賽,P/TT,1000M (何澤堯) (3/9)
H208,13/12/2023,踱步,沙田,奧運踱步圈,沙田 奧運踱步圈,,,,,,助手,,踱步,,奧運踱步圈 踱步 (助手)
H208,12/12/2023,游水,沙田,,沙田,,,,,,,,游水,,
H208,12/12/2023,踱步,沙田,奧運踱步圈,沙田 奧運踱步圈,,,,,,助手,,踱步,,奧運踱步圈 踱步 (助手)
H208,11/12/2023,游水,沙田,,沙田,,,,,,,,游水,,
H208,11/12/2023,快操,沙田,全天候,沙田 全天候,,59.5,59.5,30.8 28.7,,助手,,快操,PH,30.8 28.7 (59.5) (助手)
H208,10/12/2023,游水,沙田,,沙田,,,,,,,,游水,,
H208,10/12/2023,踱步,沙田,內圈,沙田 內圈,,,,,,助手,,快踱一圈,PH,內圈 快踱一圈 (助手)
H208,09/12/2023,游水,沙田,,沙田,,,,,,,,游水,,
H208,09/12/2023,踱步,沙田,內圈,沙田 內圈,,,,,,助手,,快踱一圈,PH,內圈 快踱一圈 (助手)
H208,08/12/2023,游水,沙田,,沙田,,,,,,,,游水,,
H208,08/12/2023,踱步,沙田,內圈,沙田 內圈,,,,,,助手,,快踱一圈,H,內圈 快踱一圈 (助手)
H208,07/12/2023,游水,沙田,,沙田,,,,,,,,游水,,
H208,07/12/2023,快操,沙田,全天候,沙田 全天候,,56.4,56.4,30.4 26.0,,助手,,快操,PH,30.4 26.0 (56.4) (助手)
H208,06/12/2023,游水,沙田,,沙田,,,,,,,,游水,,
H208,06/12/2023,踱步,沙田,奧運踱步圈,沙田 奧運踱步圈,,,,,,助手,,踱步,,奧運踱步圈 踱步 (助手)
H208,05/12/2023,游水,沙田,,沙田,,,,,,,,游水,,
H208,05/12/2023,踱步,沙田,內圈,沙田 內圈,,,,,,助手,,快踱一圈,H,內圈 快踱一圈 (助手)
H208,04/12/2023,游水,沙田,,沙田,,,,,,,,游水,,
H208,04/12/2023,快操,沙田,全天候,沙田 全天候,,56.1,56.1,30.0 26.1,,助手,,快操,H,30.0 26.1 (56.1) (助手)
H208,03/12/2023,游水,沙田,,沙田,,,,,,,,游水,,
H208,03/12/2023,踱步,沙田,內圈,沙田 內圈,,,,,,助手,,快踱一圈,PH,內圈 快踱一圈 (助手)
H208,02/12/2023,游水,沙田,,沙田,,,,,,,,游水,,
H208,02/12/2023,踱步,沙田,內圈,沙田 內圈,,,,,,助手,,快踱一圈,H,內圈 快踱一圈 (助手)
H208,01/12/2023,游水,沙田,,沙田,,,,,,,,游水,,
H208,01/12/2023,踱步,沙田,內圈,沙田 內圈,,,,,,助手,,快踱一圈,PH,內圈 快踱一圈 (助手)
H208,30/11/2023,游水,沙田,,沙田,,,,,,,,游水,,
H208,30/11/2023,快操,沙田,全天候,沙田 全天候,,56.9,56.9,30.4 26.5,,助手,,快操,PH,30.4 26.5 (56.9) (助手)
H208,29/11/2023,游水,沙田,,沙田,,,,,,,,游水,,
H208,29/11/2023,踱步,沙田,奧運踱步圈,沙田 奧運踱步圈,,,,,,助手,,踱步,,奧運踱步圈 踱步 (助手)
H208,28/11/2023,游水,沙田,,沙田,,,,,,,,游水,,
H208,28/11/2023,踱步,沙田,內圈,沙田 內圈,,,,,,助手,,快踱一圈,PH,內圈 快踱一圈 (助手)
H208,27/11/2023,游水,沙田,,沙田,,,,,,,,游水,,
H208,27/11/2023,踱步,沙田,內圈,沙田 內圈,,,,,,助手,,倒快一圈,H,內圈 倒快一圈 (助手)
H208,26/11/2023,游水,沙田,,沙田,,,,,,,,游水,,
H208,25/11/2023,游水,沙田,,沙田,,,,,,,,游水,,
H208,25/11/2023,踱步,沙田,內圈,沙田 內圈,,,,,,助手,,快踱一圈,,內圈 快踱一圈 (助手)
H208,24/11/2023,游水,沙田,,沙田,,,,,,,,游水,,
H208,22/11/2023,出賽,跑馬地,草地,跑馬地 草地,1000M,,,,,何澤堯,1/12,出賽,P/TT,1000M (何澤堯) (1/12)
H208,21/11/2023,游水,沙田,,沙田,,,,,,,,游水,,
H208,21/11/2023,踱步,沙田,奧運踱步圈,沙田 奧運踱步圈,,,,,,助手,,踱步,,奧運踱步圈 踱步 (助手)
H208,20/11/2023,游水,沙田,,沙田,,,,,,,,游水,,
H208,20/11/2023,快操,沙田,全天候,沙田 全天候,,59.2,59.2,32.6 26.6,,助手,,快操,PH,32.6 26.6 (59.2) (助手)
H208,19/11/2023,游水,沙田,,沙田,,,,,,,,游水,,
H208,19/11/2023,踱步,沙田,內圈,沙田 內圈,,,,,,助手,,快踱一圈,PH,內圈 快踱一圈 (助手)
H208,18/11/2023,游水,沙田,,沙田,,,,,,,,游水,,
H208,18/11/2023,踱步,沙田,內圈,沙田 內圈,,,,,,助手,,快踱一圈,PH,內圈 快踱一圈 (助手)
H208,17/11/2023,游水,沙田,,沙田,,,,,,,,游水,,
H208,17/11/2023,踱步,沙田,奧運踱步圈,沙田 奧運踱步圈,,,,,,助手,,踱步,,奧運踱步圈 踱步 (助手)
H208,16/11/2023,游水,沙田,,沙田,,,,,,,,游水,,
H208,16/11/2023,快操,沙田,全天候,沙田 全天候,,54.9,54.9,30.4 24.5,,助手,,快操,PH,30.4 24.5 (54.9) (助手)
H208,15/11/2023,游水,沙田,,沙田,,,,,,,,游水,,
H208,15/11/2023,踱步,沙田,內圈,沙田 內圈,,,,,,助手,,快踱一圈,PH,內圈 快踱一圈 (助手)
H208,14/11/2023,游水,沙田,,沙田,,,,,,,,游水,,
H208,14/11/2023,踱步,沙田,內圈,沙田 內圈,,,,,,助手,,快踱一圈,PH,內圈 快踱一圈 (助手)
H208,13/11/2023,游水,沙田,,沙田,,,,,,,,游水,,
H208,13/11/2023,踱步,沙田,內圈,沙田 內圈,,,,,,助手,,倒快一圈,HP,內圈 倒快一圈 (助手)
H208,12/11/2023,游水,沙田,,沙田,,,,,,,,游水,,
H208,12/11/2023,踱步,沙田,奧運踱步圈,沙田 奧運踱步圈,,,,,,助手,,踱步,,奧運踱步圈 踱步 (助手)
H208,10/11/2023,游水,從化,,從化,,,,,,,,游水,,
H208,09/11/2023,試閘,從化,草地,從化 草地,800M,0.46.60,46.6,24.1 22.5,萬眾開心,查本楠,,第1組,,第1組 (查本楠) 800M 萬眾開心 24.1 22.5 (0.46.60)
H208,09/11/2023,踱步,從化,飛機場,從化 飛機場,,,,,,助手,,踱步,P,飛機場 踱步 (助手)
H208,08/11/2023,游水,從化,,從化,,,,,,,,游水,,
H208,07/11/2023,游水,從化,,從化,,,,,,,,游水,,
H208,07/11/2023,踱步,從化,內圈,從化 內圈,,,,,,助手,,快踱一圈,H/P,內圈 快踱一圈 (助手)
H208,06/11/2023,游水,從化,,從化,,,,,,,,游水,,
H208,06/11/2023,快操,從化,全天候,從化 全天候,,56.6,56.6,30.4 26.2,,助手,,快操,H/P,30.4 26.2 (56.6) (助手)
H208,06/11/2023,踱步,從化,飛機場,從化 飛機場,,,,,,助手,,踱步,H/P,飛機場 踱步 (助手)
H208,05/11/2023,游水,從化,,從化,,,,,,,,游水,,
H208,05/11/2023,踱步,從化,內圈,從化 內圈,,,,,,助手,,快踱一圈,H/P,內圈 快踱一圈 (助手)
H208,04/11/2023,游水,從化,,從化,,,,,,,,游水,,
H208,04/11/2023,踱步,從化,內圈,從化 內圈,,,,,,助手,,快踱一圈,H/P,內圈 快踱一圈 (助手)
H208,03/11/2023,游水,從化,,從化,,,,,,,,游水,,
H208,02/11/2023,游水,從化,,從化,,,,,,,,游水,,
H208,02/11/2023,快操,從化,草地,從化 草地,,58.5,58.5,31.7 26.8,,副練馬師,,快操,H/P,31.7 26.8 (58.5) (副練馬師)
H208,02/11/2023,踱步,從化,飛機場,從化 飛機場,,,,,,副練馬師,,踱步,H/P,飛機場 踱步 (副練馬師)
H208,01/11/2023,游水,從化,,從化,,,,,,,,游水,,
H208,01/11/2023,踱步,從化,內圈,從化 內圈,,,,,,助手,,快踱一圈,H/P,內圈 快踱一圈 (助手)
H208,31/10/2023,游水,從化,,從化,,,,,,,,游水,,
H208,31/10/2023,踱步,從化,內圈,從化 內圈,,,,,,助手,,快踱一圈,H/P,內圈 快踱一圈 (助手)
H208,30/10/2023,游水,從化,,從化,,,,,,,,游水,,
H208,30/10/2023,快操,從化,全天候,從化 全天候,,57.6,57.6,30.7 26.9,,助手,,快操,H/P,30.7 26.9 (57.6) (助手)
H208,30/10/2023,踱步,從化,飛機場,從化 飛機場,,,,,,助手,,踱步,H/P,飛機場 踱步 (助手)
H208,29/10/2023,游水,從化,,從化,,,,,,,,游水,,
H208,29/10/2023,踱步,從化,內圈,從化 內圈,,,,,,助手,,快踱一圈,H/P,內圈 快踱一圈 (助手)
H208,28/10/2023,游水,從化,,從化,,,,,,,,游水,,
H208,28/10/2023,踱步,從化,內圈,從化 內圈,,,,,,助手,,快踱一圈,H/P,內圈 快踱一圈 (助手)
H208,27/10/2023,游水,從化,,從化,,,,,,,,游水,,
H208,26/10/2023,游水,從化,,從化,,,,,,,,游水,,
H208,26/10/2023,快操,從化,全天候,從化 全天候,,59.2,59.2,31.2 28.0,,助手,,快操,H/P,31.2 28.0 (59.2) (助手)
H208,26/10/2023,踱步,從化,飛機場,從化 飛機場,,,,,,助手,,踱步,H/P,飛機場 踱步 (助手)
H208,25/10/2023,游水,從化,,從化,,,,,,,,游水,,
H208,25/10/2023,踱步,從化,內圈,從化 內圈,,,,,,助手,,快踱一圈,H/P,內圈 快踱一圈 (助手)
H208,24/10/2023,游水,從化,,從化,,,,,,,,游水,,
H208,24/10/2023,踱步,從化,內圈,從化 內圈,,,,,,助手,,快踱一圈,H/P,內圈 快踱一圈 (助手)
H208,22/10/2023,游水,沙田,,沙田,,,,,,,,游水,,
H208,22/10/2023,踱步,沙田,奧運踱步圈,沙田 奧運踱步圈,,,,,,助手,,踱步,,奧運踱步圈 踱步 (助手)
H208,21/10/2023,游水,沙田,,沙田,,,,,,,,游水,,
H208,20/10/2023,游水,沙田,,沙田,,,,,,,,游水,,
H208,18/10/2023,出賽,跑馬地,草地,跑馬地 草地,1000M,,,,,布文,2/12,出賽,P/TT,1000M (布文) (2/12)
H208,17/10/2023,游水,沙田,,沙田,,,,,,,,游水,,
H208,17/10/2023,踱步,沙田,奧運踱步圈,沙田 奧運踱步圈,,,,,,助手,,踱步,,奧運踱步圈 踱步 (助手)
H208,16/10/2023,游水,沙田,,沙田,,,,,,,,游水,,
H208,16/10/2023,快操,沙田,全天候,沙田 全天候,,56.7,56.7,30.7 26.0,,助手,,快操,PH,30.7 26.0 (56.7) (助手)
H208,15/10/2023,游水,沙田,,沙田,,,,,,,,游水,,
H208,15/10/2023,踱步,沙田,內圈,沙田 內圈,,,,,,助手,,快踱一圈,PH,內圈 快踱一圈 (助手)
H208,14/10/2023,游水,沙田,,沙田,,,,,,,,游水,,
H208,14/10/2023,踱步,沙田,內圈,沙田 內圈,,,,,,助手,,快踱一圈,H,內圈 快踱一圈 (助手)
H208,13/10/2023,游水,沙田,,沙田,,,,,,,,游水,,
H208,13/10/2023,踱步,沙田,內圈,沙田 內圈,,,,,,助手,,快踱一圈,PH,內圈 快踱一圈 (助手)
H208,12/10/2023,游水,沙田,,沙田,,,,,,,,游水,,
H208,11/10/2023,游水,從化,,從化,,,,,,,,游水,,
H208,11/10/2023,踱步,從化,飛機場,從化 飛機場,,,,,,助手,,踱步,H/P,飛機場 踱步 (助手)
H208,10/10/2023,游水,從化,,從化,,,,,,,,游水,,
H208,09/10/2023,試閘,從化,草地,從化 草地,800M,0.46.65,46.65,24.4 22.2,萬眾開心,王聲虎,,第3組,P,第3組 (王聲虎) 800M 萬眾開心 24.4 22.2 (0.46.65)
H208,09/10/2023,踱步,從化,飛機場,從化 飛機場,,,,,,助手,,踱步,P,飛機場 踱步 (助手)
H208,08/10/2023,游水,從化,,從化,,,,,,,,游水,,
H208,08/10/2023,踱步,從化,內圈,從化 內圈,,,,,,助手,,快踱一圈,H/P,內圈 快踱一圈 (助手)
H208,07/10/2023,游水,從化,,從化,,,,,,,,游水,,
H208,07/10/2023,踱步,從化,內圈,從化 內圈,,,,,,助手,,快踱一圈,H/P,內圈 快踱一圈 (助手)
H208,06/10/2023,游水,從化,,從化,,,,,,,,游水,,
H208,06/10/2023,踱步,從化,內圈,從化 內圈,,,,,,助手,,快踱一圈,H/P,內圈 快踱一圈 (助手)
H208,05/10/2023,游水,從化,,從化,,,,,,,,游水,,
H208,05/10/2023,快操,從化,全天候,從化 全天候,,57.3,57.3,30.1 27.2,,助手,,快操,H/P,30.1 27.2 (57.3) (助手)
H208,05/10/2023,踱步,從化,飛機場,從化 飛機場,,,,,,助手,,踱步,H/P,飛機場 踱步 (助手)
H208,04/10/2023,游水,從化,,從化,,,,,,,,游水,,
H208,03/10/2023,游水,從化,,從化,,,,,,,,游水,,
H208,03/10/2023,踱步,從化,內圈,從化 內圈,,,,,,副練馬師,,快踱一圈,H/P,內圈 快踱一圈 (副練馬師)
H208,02/10/2023,游水,從化,,從化,,,,,,,,游水,,
H208,02/10/2023,踱步,從化,內圈,從化 內圈,,,,,,副練馬師,,倒快一圈,H/P,內圈 倒快一圈 (副練馬師)
H208,01/10/2023,游水,從化,,從化,,,,,,,,游水,,
H208,01/10/2023,踱步,從化,內圈,從化 內圈,,,,,,副練馬師,,快踱一圈,H/P,內圈 快踱一圈 (副練馬師)
H208,30/09/2023,游水,從化,,從化,,,,,,,,游水,,
H208,30/09/2023,踱步,從化,飛機場,從化 飛機場,,,,,,助手,,踱步,H/P,飛機場 踱步 (助手)
H208,29/09/2023,游水,從化,,從化,,,,,,,,游水,,
H208,28/09/2023,試閘,從化,草地,從化 草地,800M,0.46.83,46.83,24.5 22.3,多利神駒,查本楠,,第3組,P,第3組 (查本楠) 800M 多利神駒 24.5 22.3 (0.46.83)
H208,28/09/2023,踱步,從化,飛機場,從化 飛機場,,,,,,助手,,踱步,H/P,飛機場 踱步 (助手)
H208,27/09/2023,游水,從化,,從化,,,,,,,,游水,,
H208,27/09/2023,踱步,從化,內圈,從化 內圈,,,,,,助手,,快踱一圈,H/P,內圈 快踱一圈 (助手)
H208,26/09/2023,游水,從化,,從化,,,,,,,,游水,,
H208,26/09/2023,踱步,從化,內圈,從化 內圈,,,,,,助手,,快踱一圈,H/P,內圈 快踱一圈 (助手)
H208,25/09/2023,游水,從化,,從化,,,,,,,,游水,,
H208,25/09/2023,快操,從化,全天候,從化 全天候,,57.7,57.7,30.6 27.1,,助手,,快操,H/P,30.6 27.1 (57.7) (助手)
H208,25/09/2023,踱步,從化,飛機場,從化 飛機場,,,,,,助手,,踱步,H/P,飛機場 踱步 (助手)
H208,24/09/2023,游水,從化,,從化,,,,,,,,游水,,
H208,23/09/2023,游水,從化,,從化,,,,,,,,游水,,
H208,23/09/2023,踱步,從化,內圈,從化 內圈,,,,,,副練馬師,,快踱一圈,H/P,內圈 快踱一圈 (副練馬師)
H208,22/09/2023,游水,從化,,從化,,,,,,,,游水,,
H208,21/09/2023,游水,從化,,從化,,,,,,,,游水,,
H208,21/09/2023,踱步,從化,內圈,從化 內圈,,,,,,助手,,倒快一圈,H/P,內圈 倒快一圈 (助手)
H208,20/09/2023,游水,從化,,從化,,,,,,,,游水,,
H208,19/09/2023,游水,從化,,從化,,,,,,,,游水,,
H208,19/09/2023,快操,從化,草閘,從化 草閘,,47.9,47.9,24.4 23.5,,助手,,安擁,H/P,24.4 23.5 (47.9) (助手) 安擁
H208,19/09/2023,踱步,從化,飛機場,從化 飛機場,,,,,,助手,,踱步,H/P,飛機場 踱步 (助手)
H208,18/09/2023,游水,從化,,從化,,,,,,,,游水,,
H208,18/09/2023,踱步,從化,內圈,從化 內圈,,,,,,助手,,倒快一圈,H/P,內圈 倒快一圈 (助手)
H208,17/09/2023,游水,從化,,從化,,,,,,,,游水,,
H208,17/09/2023,踱步,從化,內圈,從化 內圈,,,,,,助手,,快踱一圈,H/P,內圈 快踱一圈 (助手)
H208,16/09/2023,游水,從化,,從化,,,,,,,,游水,,
H208,16/09/2023,快操,從化,全天候,從化 全天候,,57.5,57.5,30.3 27.2,,助手,,快操,H/P,30.3 27.2 (57.5) (助手)
H208,16/09/2023,踱步,從化,飛機場,從化 飛機場,,,,,,助手,,踱步,H/P,飛機場 踱步 (助手)
H208,15/09/2023,游水,從化,,從化,,,,,,,,游水,,
H208,15/09/2023,踱步,從化,內圈,從化 內圈,,,,,,助手,,快踱一圈,H/P,內圈 快踱一圈 (助手)
H208,14/09/2023,游水,從化,,從化,,,,,,,,游水,,
H208,14/09/2023,踱步,從化,飛機場,從化 飛機場,,,,,,助手,,踱步,H/P,飛機場 踱步 (助手)
H208,12/09/2023,游水,沙田,,沙田,,,,,,,,游水,,
H208,12/09/2023,踱步,沙田,奧運踱步圈,沙田 奧運踱步圈,,,,,,助手,,踱步,,奧運踱步圈 踱步 (助手)
H208,11/09/2023,游水,沙田,,沙田,,,,,,,,游水,,
H208,11/09/2023,快操,沙田,全天候,沙田 全天候,,59.4,59.4,31.2 28.2,,助手,,快操,PH,31.2 28.2 (59.4) (助手)
H208,10/09/2023,游水,沙田,,沙田,,,,,,,,游水,,
H208,10/09/2023,踱步,沙田,內圈,沙田 內圈,,,,,,助手,,快踱一圈,H,內圈 快踱一圈 (助手)
H208,09/09/2023,游水,沙田,,沙田,,,,,,,,游水,,
H208,09/09/2023,踱步,沙田,內圈,沙田 內圈,,,,,,助手,,快踱一圈,H,內圈 快踱一圈 (助手)
H208,07/09/2023,游水,沙田,,沙田,,,,,,,,游水,,
H208,07/09/2023,快操,沙田,全天候,沙田 全天候,,30.4,30.4,30.4,,助手,,快操,PH,30.4 (30.4) (助手)
H208,06/09/2023,游水,沙田,,沙田,,,,,,,,游水,,
H208,05/09/2023,游水,沙田,,沙田,,,,,,,,游水,,
H208,05/09/2023,踱步,沙田,內圈,沙田 內圈,,,,,,助手,,快踱一圈,PH,內圈 快踱一圈 (助手)
H208,04/09/2023,游水,沙田,,沙田,,,,,,,,游水,,
H208,04/09/2023,快操,沙田,全天候,沙田 全天候,,29.5,29.5,29.5,,助手,,快操,PH,29.5 (29.5) (助手)
H208,03/09/2023,游水,沙田,,沙田,,,,,,,,游水,,
H208,03/09/2023,踱步,沙田,內圈,沙田 內圈,,,,,,助手,,快踱一圈,PH,內圈 快踱一圈 (助手)
H208,31/08/2023,游水,沙田,,沙田,,,,,,,,游水,,
H208,31/08/2023,踱步,沙田,內圈,沙田 內圈,,,,,,助手,,倒快一圈,H,內圈 倒快一圈 (助手)
H208,30/08/2023,游水,沙田,,沙田,,,,,,,,游水,,
H208,29/08/2023,游水,沙田,,沙田,,,,,,,,游水,,
H208,29/08/2023,快操,沙田,全天候,沙田 全天候,,29.9,29.9,29.9,,助手,,快操,PH,29.9 (29.9) (助手)
H208,28/08/2023,游水,沙田,,沙田,,,,,,,,游水,,
H208,28/08/2023,踱步,沙田,內圈,沙田 內圈,,,,,,助手,,倒快一圈,H,內圈 倒快一圈 (助手)
H208,27/08/2023,游水,沙田,,沙田,,,,,,,,游水,,
H208,27/08/2023,踱步,沙田,內圈,沙田 內圈,,,,,,助手,,快踱一圈,PH,內圈 快踱一圈 (助手)
H208,26/08/2023,游水,沙田,,沙田,,,,,,,,游水,,
H208,26/08/2023,踱步,沙田,內圈,沙田 內圈,,,,,,助手,,快踱一圈,H,內圈 快踱一圈 (助手)
H208,25/08/2023,游水,沙田,,沙田,,,,,,,,游水,,
H208,25/08/2023,踱步,沙田,內圈,沙田 內圈,,,,,,助手,,快踱一圈,PH,內圈 快踱一圈 (助手)
H208,24/08/2023,游水,沙田,,沙田,,,,,,,,游水,,
H208,24/08/2023,踱步,沙田,內圈,沙田 內圈,,,,,,助手,,倒快一圈,H,內圈 倒快一圈 (助手)
H208,22/08/2023,游水,從化,,從化,,,,,,,,游水,,
H208,22/08/2023,踱步,從化,飛機場,從化 飛機場,,,,,,助手,,踱步,H,飛機場 踱步 (助手)
H208,21/08/2023,踱步,從化,飛機場,從化 飛機場,,,,,,助手,,踱步,H,飛機場 踱步 (助手)
H208,17/08/2023,游水,從化,,從化,,,,,,,,游水,,
H208,15/08/2023,游水,從化,,從化,,,,,,,,游水,,
H208,15/08/2023,踱步,從化,內圈,從化 內圈,,,,,,助手,,快踱一圈,H/P,內圈 快踱一圈 (助手)
H208,14/08/2023,游水,從化,,從化,,,,,,,,游水,,
H208,14/08/2023,踱步,從化,內圈,從化 內圈,,,,,,助手,,倒快一圈,H/P,內圈 倒快一圈 (助手)
H208,12/08/2023,游水,從化,,從化,,,,,,,,游水,,
H208,12/08/2023,踱步,從化,內圈,從化 內圈,,,,,,助手,,快踱一圈,H/P,內圈 快踱一圈 (助手)
H208,11/08/2023,游水,從化,,從化,,,,,,,,游水,,
H208,11/08/2023,踱步,從化,內圈,從化 內圈,,,,,,助手,,快踱一圈,H/P,內圈 快踱一圈 (助手)
H208,10/08/2023,游水,從化,,從化,,,,,,,,游水,,
H208,10/08/2023,踱步,從化,內圈,從化 內圈,,,,,,助手,,倒快一圈,H/P,內圈 倒快一圈 (助手)
H208,09/08/2023,游水,從化,,從化,,,,,,,,游水,,
H208,08/08/2023,游水,從化,,從化,,,,,,,,游水,,
H208,08/08/2023,踱步,從化,內圈,從化 內圈,,,,,,助手,,快踱一圈,H/P,內圈 快踱一圈 (助手)
H208,07/08/2023,游水,從化,,從化,,,,,,,,游水,,
H208,07/08/2023,踱步,從化,內圈,從化 內圈,,,,,,助手,,倒快一圈,H/P,內圈 倒快一圈 (助手)
H208,06/08/2023,游水,從化,,從化,,,,,,,,游水,,
H208,06/08/2023,踱步,從化,飛機場,從化 飛機場,,,,,,助手,,踱步,H/P,飛機場 踱步 (助手)
H208,05/08/2023,游水,從化,,從化,,,,,,,,游水,,
H208,05/08/2023,踱步,從化,飛機場,從化 飛機場,,,,,,助手,,踱步,H/P,飛機場 踱步 (助手)
H208,04/08/2023,游水,從化,,從化,,,,,,,,游水,,
H208,03/08/2023,游水,從化,,從化,,,,,,,,游水,,
H208,03/08/2023,踱步,從化,飛機場,從化 飛機場,,,,,,助手,,踱步,H,飛機場 踱步 (助手)
H208,02/08/2023,游水,從化,,從化,,,,,,,,游水,,
H208,02/08/2023,踱步,從化,飛機場,從化 飛機場,,,,,,助手,,踱步,H/P,飛機場 踱步 (助手)
H208,01/08/2023,游水,從化,,從化,,,,,,,,游水,,
H208,01/08/2023,踱步,從化,飛機場,從化 飛機場,,,,,,助手,,踱步,H,飛機場 踱步 (助手)
H208,31/07/2023,游水,從化,,從化,,,,,,,,游水,,
H208,31/07/2023,踱步,從化,飛機場,從化 飛機場,,,,,,助手,,踱步,H,飛機場 踱步 (助手)
H208,26/06/2023,游水,沙田,,沙田,,,,,,,,游水,,
H208,25/06/2023,游水,沙田,,沙田,,,,,,,,游水,,
H208,24/06/2023,游水,沙田,,沙田,,,,,,,,游水,,
H208,24/06/2023,快操,沙田,全天候,沙田 全天候,,51.8,51.8,27.3 24.5,,助手,,快操,,27.3 24.5 (51.8) (助手)
H208,23/06/2023,游水,沙田,,沙田,,,,,,,,游水,,
H208,23/06/2023,踱步,沙田,內圈,沙田 內圈,,,,,,助手,,快踱一圈,PH,內圈 快踱一圈 (助手)
H208,22/06/2023,游水,沙田,,沙田,,,,,,,,游水,,
H208,22/06/2023,踱步,沙田,內圈,沙田 內圈,,,,,,助手,,倒快一圈,HP,內圈 倒快一圈 (助手)
H208,21/06/2023,游水,沙田,,沙田,,,,,,,,游水,,
H208,21/06/2023,踱步,沙田,內圈,沙田 內圈,,,,,,助手,,快踱一圈,PH,內圈 快踱一圈 (助手)
H208,20/06/2023,游水,沙田,,沙田,,,,,,,,游水,,
H208,19/06/2023,游水,沙田,,沙田,,,,,,,,游水,,
H208,19/06/2023,踱步,沙田,內圈,沙田 內圈,,,,,,助手,,倒快一圈,PH,內圈 倒快一圈 (助手)
H208,18/06/2023,游水,沙田,,沙田,,,,,,,,游水,,
H208,18/06/2023,踱步,沙田,奧運踱步圈,沙田 奧運踱步圈,,,,,,助手,,踱步,,奧運踱步圈 踱步 (助手)
H208,17/06/2023,游水,沙田,,沙田,,,,,,,,游水,,
H208,16/06/2023,游水,沙田,,沙田,,,,,,,,游水,,
H208,14/06/2023,踱步,沙田,奧運踱步圈,沙田 奧運踱步圈,,,,,,助手,,踱步,,奧運踱步圈 踱步 (助手)
H208,13/06/2023,游水,沙田,,沙田,,,,,,,,游水,,
H208,13/06/2023,踱步,沙田,奧運踱步圈,沙田 奧運踱步圈,,,,,,助手,,踱步,,奧運踱步圈 踱步 (助手)
H208,12/06/2023,游水,沙田,,沙田,,,,,,,,游水,,
H208,12/06/2023,快操,沙田,全天候,沙田 全天候,,58.2,58.2,30.5 27.7,,助手,,快操,PH,30.5 27.7 (58.2) (助手)
H208,11/06/2023,游水,沙田,,沙田,,,,,,,,游水,,
H208,11/06/2023,踱步,沙田,內圈,沙田 內圈,,,,,,助手,,快踱一圈,PH,內圈 快踱一圈 (助手)
H208,10/06/2023,游水,沙田,,沙田,,,,,,,,游水,,
H208,10/06/2023,踱步,沙田,內圈,沙田 內圈,,,,,,助手,,快踱一圈,PH,內圈 快踱一圈 (助手)
H208,09/06/2023,游水,沙田,,沙田,,,,,,,,游水,,
H208,09/06/2023,踱步,沙田,內圈,沙田 內圈,,,,,,助手,,快踱一圈,PH,內圈 快踱一圈 (助手)
H208,08/06/2023,游水,沙田,,沙田,,,,,,,,游水,,
H208,08/06/2023,快操,沙田,全天候,沙田 全天候,,58.7,58.7,31.2 27.5,,助手,,快操,PH,31.2 27.5 (58.7) (助手)
H208,07/06/2023,游水,沙田,,沙田,,,,,,,,游水,,
H208,07/06/2023,踱步,沙田,內圈,沙田 內圈,,,,,,助手,,快踱一圈,PH,內圈 快踱一圈 (助手)
H208,06/06/2023,游水,沙田,,沙田,,,,,,,,游水,,
H208,06/06/2023,踱步,沙田,奧運踱步圈,沙田 奧運踱步圈,,,,,,助手,,踱步,,奧運踱步圈 踱步 (助手)
H208,05/06/2023,游水,沙田,,沙田,,,,,,,,游水,,
H208,05/06/2023,快操,沙田,全天候,沙田 全天候,,58.7,58.7,32.0 26.7,,助手,,快操,PH,32.0 26.7 (58.7) (助手)
H208,04/06/2023,游水,沙田,,沙田,,,,,,,,游水,,
H208,04/06/2023,踱步,沙田,內圈,沙田 內圈,,,,,,助手,,快踱一圈,H,內圈 快踱一圈 (助手)
H208,03/06/2023,游水,沙田,,沙田,,,,,,,,游水,,
H208,03/06/2023,踱步,沙田,內圈,沙田 內圈,,,,,,助手,,快踱一圈,PH,內圈 快踱一圈 (助手)
H208,02/06/2023,游水,沙田,,沙田,,,,,,,,游水,,
H208,02/06/2023,踱步,沙田,內圈,沙田 內圈,,,,,,助手,,快踱一圈,PH,內圈 快踱一圈 (助手)
H208,01/06/2023,游水,沙田,,沙田,,,,,,,,游水,,
H208,01/06/2023,踱步,沙田,奧運踱步圈,沙田 奧運踱步圈,,,,,,助手,,踱步,,奧運踱步圈 踱步 (助手)
H208,31/05/2023,游水,沙田,,沙田,,,,,,,,游水,,
H208,30/05/2023,試閘,沙田,全天候,沙田 全天候,1050M,1.00.41,60.41,16.2 22.2 22.0,美麗緣分,嘉里,,第4組,P,第4組 (嘉里) 1050M 美麗緣分 16.2 22.2 22.0 (1.00.41)
H208,29/05/2023,游水,沙田,,沙田,,,,,,,,游水,,
H208,29/05/2023,踱步,沙田,奧運踱步圈,沙田 奧運踱步圈,,,,,,助手,,踱步,,奧運踱步圈 踱步 (助手)
H208,28/05/2023,游水,沙田,,沙田,,,,,,,,游水,,
H208,28/05/2023,踱步,沙田,內圈,沙田 內圈,,,,,,助手,,快踱一圈,H,內圈 快踱一圈 (助手)
H208,27/05/2023,游水,沙田,,沙田,,,,,,,,游水,,
H208,27/05/2023,快操,沙田,全天候,沙田 全天候,,1.00.3,60.3,33.1 27.2,,助手,,快操,PH,33.1 27.2 (1.00.3) (助手)
H208,26/05/2023,游水,沙田,,沙田,,,,,,,,游水,,
H208,26/05/2023,踱步,沙田,內圈,沙田 內圈,,,,,,助手,,快踱一圈,PH,內圈 快踱一圈 (助手)
H208,25/05/2023,游水,沙田,,沙田,,,,,,,,游水,,
H208,24/05/2023,游水,沙田,,沙田,,,,,,,,游水,,
H208,24/05/2023,踱步,沙田,奧運踱步圈,沙田 奧運踱步圈,,,,,,助手,,踱步,,奧運踱步圈 踱步 (助手)
H208,23/05/2023,游水,沙田,,沙田,,,,,,,,游水,,
H208,23/05/2023,快操,沙田,全天候,沙田 全天候,,1.00.4,60.4,32.5 27.9,,助手,,快操,PH,32.5 27.9 (1.00.4) (助手)
H208,22/05/2023,游水,沙田,,沙田,,,,,,,,游水,,
H208,22/05/2023,踱步,沙田,內圈,沙田 內圈,,,,,,助手,,倒快一圈,PH,內圈 倒快一圈 (助手)
H208,21/05/2023,游水,沙田,,沙田,,,,,,,,游水,,
H208,21/05/2023,踱步,沙田,內圈,沙田 內圈,,,,,,助手,,快踱一圈,H,內圈 快踱一圈 (助手)
H208,20/05/2023,游水,沙田,,沙田,,,,,,,,游水,,
H208,20/05/2023,快操,沙田,全天候,沙田 全天候,,57.1,57.1,30.6 26.5,,助手,,勝神威,PH,30.6 26.5 (57.1) (助手) 勝神威
H208,19/05/2023,游水,沙田,,沙田,,,,,,,,游水,,
H208,19/05/2023,踱步,沙田,內圈,沙田 內圈,,,,,,助手,,快踱一圈,PH,內圈 快踱一圈 (助手)
H208,18/05/2023,游水,沙田,,沙田,,,,,,,,游水,,
H208,18/05/2023,踱步,沙田,內圈,沙田 內圈,,,,,,助手,,倒快一圈,PH,內圈 倒快一圈 (助手)
H208,17/05/2023,游水,沙田,,沙田,,,,,,,,游水,,
H208,16/05/2023,游水,沙田,,沙田,,,,,,,,游水,,
H208,16/05/2023,快操,沙田,全天候,沙田 全天候,,58.9,58.9,31.3 27.6,,助手,,勝神威,PH,31.3 27.6 (58.9) (助手) 勝神威
H208,15/05/2023,游水,沙田,,沙田,,,,,,,,游水,,
H208,15/05/2023,踱步,沙田,內圈,沙田 內圈,,,,,,助手,,倒快一圈,PH,內圈 倒快一圈 (助手)
H208,14/05/2023,游水,沙田,,沙田,,,,,,,,游水,,
H208,14/05/2023,踱步,沙田,內圈,沙田 內圈,,,,,,助手,,快踱一圈,PH,內圈 快踱一圈 (助手)
H208,13/05/2023,游水,沙田,,沙田,,,,,,,,游水,,
H208,13/05/2023,快操,沙田,全天候,沙田 全天候,,59.1,59.1,31.5 27.6,,助手,,H389,PH,31.5 27.6 (59.1) (助手) H389
H208,12/05/2023,游水,沙田,,沙田,,,,,,,,游水,,
H208,12/05/2023,踱步,沙田,奧運踱步圈,沙田 奧運踱步圈,,,,,,助手,,踱步,,奧運踱步圈 踱步 (助手)
H208,11/05/2023,游水,沙田,,沙田,,,,,,,,游水,,
H208,11/05/2023,踱步,沙田,內圈,沙田 內圈,,,,,,助手,,倒快一圈,PH,內圈 倒快一圈 (助手)
H208,10/05/2023,游水,沙田,,沙田,,,,,,,,游水,,
H208,10/05/2023,踱步,沙田,內圈,沙田 內圈,,,,,,助手,,快踱一圈,PH,內圈 快踱一圈 (助手)
H208,09/05/2023,游水,沙田,,沙田,,,,,,,,游水,,
H208,09/05/2023,踱步,沙田,內圈,沙田 內圈,,,,,,助手,,快踱一圈,PH,內圈 快踱一圈 (助手)
H208,08/05/2023,游水,沙田,,沙田,,,,,,,,游水,,
H208,08/05/2023,踱步,沙田,奧運踱步圈,沙田 奧運踱步圈,,,,,,助手,,踱步,,奧運踱步圈 踱步 (助手)
H208,07/05/2023,游水,沙田,,沙田,,,,,,,,游水,,
H208,06/05/2023,游水,沙田,,沙田,,,,,,,,游水,,
H208,05/05/2023,游水,沙田,,沙田,,,,,,,,游水,,
H208,03/05/2023,踱步,沙田,奧運踱步圈,沙田 奧運踱步圈,,,,,,助手,,踱步,,奧運踱步圈 踱步 (助手)
H208,02/05/2023,游水,沙田,,沙田,,,,,,,,游水,,
H208,01/05/2023,游水,沙田,,沙田,,,,,,,,游水,,
H208,01/05/2023,快操,沙田,全天候,沙田 全天候,,57.0,57.0,30.8 26.2,,助手,,快操,PH,30.8 26.2 (57.0) (助手)
H208,30/04/2023,游水,沙田,,沙田,,,,,,,,游水,,
H208,30/04/2023,踱步,沙田,內圈,沙田 內圈,,,,,,助手,,快踱一圈,H,內圈 快踱一圈 (助手)
H208,29/04/2023,游水,沙田,,沙田,,,,,,,,游水,,
H208,29/04/2023,踱步,沙田,內圈,沙田 內圈,,,,,,助手,,快踱一圈,PH,內圈 快踱一圈 (助手)
H208,28/04/2023,游水,沙田,,沙田,,,,,,,,游水,,
H208,28/04/2023,踱步,沙田,內圈,沙田 內圈,,,,,,助手,,快踱一圈,PH,內圈 快踱一圈 (助手)
H208,27/04/2023,游水,沙田,,沙田,,,,,,,,游水,,
H208,27/04/2023,踱步,沙田,奧運踱步圈,沙田 奧運踱步圈,,,,,,助手,,踱步,,奧運踱步圈 踱步 (助手)
H208,26/04/2023,游水,沙田,,沙田,,,,,,,,游水,,
H208,25/04/2023,試閘,沙田,全天候,沙田 全天候,1050M,1.01.04,61.04,16.1 22.3 22.6,威力奔騰,希威森,,第3組,P,第3組 (希威森) 1050M 威力奔騰 16.1 22.3 22.6 (1.01.04)
H208,24/04/2023,游水,沙田,,沙田,,,,,,,,游水,,
H208,24/04/2023,踱步,沙田,奧運踱步圈,沙田 奧運踱步圈,,,,,,助手,,踱步,,奧運踱步圈 踱步 (助手)
H208,23/04/2023,游水,沙田,,沙田,,,,,,,,游水,,
H208,23/04/2023,踱步,沙田,內圈,沙田 內圈,,,,,,助手,,快踱一圈,PH,內圈 快踱一圈 (助手)
H208,22/04/2023,游水,沙田,,沙田,,,,,,,,游水,,
H208,22/04/2023,快操,沙田,全天候,沙田 全天候,,54.1,54.1,29.6 24.5,,助手,,快操,PH,29.6 24.5 (54.1) (助手)
H208,21/04/2023,游水,沙田,,沙田,,,,,,,,游水,,
H208,21/04/2023,踱步,沙田,內圈,沙田 內圈,,,,,,助手,,快踱一圈,H,內圈 快踱一圈 (助手)
H208,20/04/2023,游水,沙田,,沙田,,,,,,,,游水,,
H208,20/04/2023,踱步,沙田,內圈,沙田 內圈,,,,,,助手,,倒快一圈,PH,內圈 倒快一圈 (助手)
H208,19/04/2023,游水,沙田,,沙田,,,,,,,,游水,,
H208,18/04/2023,游水,沙田,,沙田,,,,,,,,游水,,
H208,18/04/2023,快操,沙田,全天候,沙田 全天候,,55.8,55.8,29.0 26.8,,助手,,快操,PH,29.0 26.8 (55.8) (助手)
H208,17/04/2023,游水,沙田,,沙田,,,,,,,,游水,,
H208,16/04/2023,游水,沙田,,沙田,,,,,,,,游水,,
H208,16/04/2023,踱步,沙田,內圈,沙田 內圈,,,,,,助手,,快踱一圈,PH,內圈 快踱一圈 (助手)
H208,15/04/2023,游水,沙田,,沙田,,,,,,,,游水,,
H208,15/04/2023,快操,沙田,全天候,沙田 全天候,,56.5,56.5,29.1 27.4,,助手,,勝神威,PH,29.1 27.4 (56.5) (助手) 勝神威
H208,14/04/2023,游水,沙田,,沙田,,,,,,,,游水,,
H208,14/04/2023,踱步,沙田,奧運踱步圈,沙田 奧運踱步圈,,,,,,助手,,踱步,,奧運踱步圈 踱步 (助手)
H208,13/04/2023,游水,沙田,,沙田,,,,,,,,游水,,
H208,13/04/2023,踱步,沙田,內圈,沙田 內圈,,,,,,助手,,倒快一圈,PH,內圈 倒快一圈 (助手)
H208,12/04/2023,游水,沙田,,沙田,,,,,,,,游水,,
H208,12/04/2023,踱步,沙田,內圈,沙田 內圈,,,,,,助手,,快踱一圈,H,內圈 快踱一圈 (助手)
H208,11/04/2023,游水,沙田,,沙田,,,,,,,,游水,,
H208,11/04/2023,踱步,沙田,內圈,沙田 內圈,,,,,,助手,,快踱一圈,PH,內圈 快踱一圈 (助手)
H208,10/04/2023,游水,沙田,,沙田,,,,,,,,游水,,
H208,10/04/2023,踱步,沙田,奧運踱步圈,沙田 奧運踱步圈,,,,,,助手,,踱步,,奧運踱步圈 踱步 (助手)
H208,09/04/2023,游水,沙田,,沙田,,,,,,,,游水,,
H208,08/04/2023,游水,沙田,,沙田,,,,,,,,游水,,
H208,06/04/2023,踱步,沙田,奧運踱步圈,沙田 奧運踱步圈,,,,,,助手,,踱步,,奧運踱步圈 踱步 (助手)
H208,05/04/2023,游水,沙田,,沙田,,,,,,,,游水,,
H208,05/04/2023,踱步,沙田,奧運踱步圈,沙田 奧運踱步圈,,,,,,助手,,踱步,,奧運踱步圈 踱步 (助手)
H208,04/04/2023,游水,沙田,,沙田,,,,,,,,游水,,
H208,04/04/2023,踱步,沙田,內圈,沙田 內圈,,,,,,助手,,快踱一圈,PH,內圈 快踱一圈 (助手)
H208,03/04/2023,游水,沙田,,沙田,,,,,,,,游水,,
H208,03/04/2023,快操,沙田,全天候,沙田 全天候,,57.8,57.8,32.2 25.6,,助手,,快操,PH,32.2 25.6 (57.8) (助手)
H208,02/04/2023,游水,沙田,,沙田,,,,,,,,游水,,
H208,01/04/2023,游水,沙田,,沙田,,,,,,,,游水,,
H208,01/04/2023,踱步,沙田,內圈,沙田 內圈,,,,,,助手,,快踱一圈,PH,內圈 快踱一圈 (助手)
H208,31/03/2023,游水,沙田,,沙田,,,,,,,,游水,,
H208,30/03/2023,游水,沙田,,沙田,,,,,,,,游水,,
H208,30/03/2023,快操,沙田,全天候,沙田 全天候,,55.4,55.4,29.0 26.4,,助手,,喜快,PH,29.0 26.4 (55.4) (助手) 喜快
H208,29/03/2023,游水,沙田,,沙田,,,,,,,,游水,,
H208,29/03/2023,踱步,沙田,內圈,沙田 內圈,,,,,,助手,,快踱一圈,PH,內圈 快踱一圈 (助手)
H208,28/03/2023,游水,沙田,,沙田,,,,,,,,游水,,
H208,28/03/2023,踱步,沙田,奧運踱步圈,沙田 奧運踱步圈,,,,,,助手,,踱步,,奧運踱步圈 踱步 (助手)
H208,27/03/2023,游水,沙田,,沙田,,,,,,,,游水,,
H208,27/03/2023,快操,沙田,全天候,沙田 全天候,,57.3,57.3,31.3 26.0,,助手,,快操,PH,31.3 26.0 (57.3) (助手)
H208,26/03/2023,游水,沙田,,沙田,,,,,,,,游水,,
H208,26/03/2023,踱步,沙田,內圈,沙田 內圈,,,,,,副練馬師,,快踱一圈,H,內圈 快踱一圈 (副練馬師)
H208,25/03/2023,游水,沙田,,沙田,,,,,,,,游水,,
H208,25/03/2023,踱步,沙田,內圈,沙田 內圈,,,,,,助手,,快踱一圈,PH,內圈 快踱一圈 (助手)
H208,24/03/2023,游水,沙田,,沙田,,,,,,,,游水,,
H208,24/03/2023,踱步,沙田,內圈,沙田 內圈,,,,,,助手,,快踱一圈,H,內圈 快踱一圈 (助手)
H208,23/03/2023,游水,沙田,,沙田,,,,,,,,游水,,
H208,23/03/2023,快操,沙田,全天候,沙田 全天候,,58.4,58.4,31.3 27.1,,助手,,快操,PH,31.3 27.1 (58.4) (助手)
H208,22/03/2023,游水,沙田,,沙田,,,,,,,,游水,,
H208,22/03/2023,踱步,沙田,奧運踱步圈,沙田 奧運踱步圈,,,,,,助手,,踱步,,奧運踱步圈 踱步 (助手)
H208,21/03/2023,游水,沙田,,沙田,,,,,,,,游水,,
H208,21/03/2023,踱步,沙田,內圈,沙田 內圈,,,,,,助手,,快踱一圈,PH,內圈 快踱一圈 (助手)
H208,20/03/2023,游水,沙田,,沙田,,,,,,,,游水,,
H208,20/03/2023,踱步,沙田,內圈,沙田 內圈,,,,,,助手,,倒快一圈,H,內圈 倒快一圈 (助手)
H208,19/03/2023,游水,沙田,,沙田,,,,,,,,游水,,
H208,18/03/2023,游水,沙田,,沙田,,,,,,,,游水,,
H208,17/03/2023,游水,沙田,,沙田,,,,,,,,游水,,
H208,15/03/2023,踱步,沙田,奧運踱步圈,沙田 奧運踱步圈,,,,,,助手,,踱步,,奧運踱步圈 踱步 (助手)
H208,14/03/2023,游水,沙田,,沙田,,,,,,,,游水,,
H208,14/03/2023,踱步,沙田,奧運踱步圈,沙田 奧運踱步圈,,,,,,助手,,踱步,,奧運踱步圈 踱步 (助手)
H208,13/03/2023,游水,沙田,,沙田,,,,,,,,游水,,
H208,13/03/2023,快操,沙田,全天候,沙田 全天候,,59.0,59.0,32.4 26.6,,助手,,陸知,PH,32.4 26.6 (59.0) (助手) 陸知
H208,12/03/2023,游水,沙田,,沙田,,,,,,,,游水,,
H208,12/03/2023,踱步,沙田,內圈,沙田 內圈,,,,,,助手,,快踱一圈,H,內圈 快踱一圈 (助手)
H208,11/03/2023,游水,沙田,,沙田,,,,,,,,游水,,
H208,11/03/2023,踱步,沙田,內圈,沙田 內圈,,,,,,助手,,快踱一圈,H,內圈 快踱一圈 (助手)
H208,10/03/2023,游水,沙田,,沙田,,,,,,,,游水,,
H208,10/03/2023,踱步,沙田,奧運踱步圈,沙田 奧運踱步圈,,,,,,助手,,踱步,,奧運踱步圈 踱步 (助手)
H208,09/03/2023,游水,沙田,,沙田,,,,,,,,游水,,
H208,09/03/2023,快操,沙田,全天候,沙田 全天候,,57.3,57.3,30.8 26.5,,助手,,快操,PH,30.8 26.5 (57.3) (助手)
H208,08/03/2023,游水,沙田,,沙田,,,,,,,,游水,,
H208,08/03/2023,踱步,沙田,內圈,沙田 內圈,,,,,,助手,,快踱一圈,PH,內圈 快踱一圈 (助手)
H208,07/03/2023,游水,沙田,,沙田,,,,,,,,游水,,
H208,06/03/2023,游水,沙田,,沙田,,,,,,,,游水,,
H208,06/03/2023,快操,沙田,全天候,沙田 全天候,,55.9,55.9,29.6 26.3,,助手,,快操,PH,29.6 26.3 (55.9) (助手)
H208,05/03/2023,游水,沙田,,沙田,,,,,,,,游水,,
H208,05/03/2023,踱步,沙田,內圈,沙田 內圈,,,,,,助手,,快踱一圈,PH,內圈 快踱一圈 (助手)
H208,04/03/2023,游水,沙田,,沙田,,,,,,,,游水,,
H208,04/03/2023,踱步,沙田,內圈,沙田 內圈,,,,,,助手,,快踱一圈,PH,內圈 快踱一圈 (助手)
H208,03/03/2023,游水,沙田,,沙田,,,,,,,,游水,,
H208,03/03/2023,踱步,沙田,奧運踱步圈,沙田 奧運踱步圈,,,,,,助手,,踱步,,奧運踱步圈 踱步 (助手)
H208,02/03/2023,游水,沙田,,沙田,,,,,,,,游水,,
H208,02/03/2023,快操,沙田,全天候,沙田 全天候,,56.6,56.6,29.1 27.5,,助手,,快操,PH,29.1 27.5 (56.6) (助手)
H208,01/03/2023,游水,沙田,,沙田,,,,,,,,游水,,
H208,01/03/2023,踱步,沙田,內圈,沙田 內圈,,,,,,助手,,快踱一圈,PH,內圈 快踱一圈 (助手)
H208,28/02/2023,游水,沙田,,沙田,,,,,,,,游水,,
H208,28/02/2023,踱步,沙田,內圈,沙田 內圈,,,,,,助手,,快踱一圈,H,內圈 快踱一圈 (助手)
H208,27/02/2023,游水,沙田,,沙田,,,,,,,,游水,,
H208,27/02/2023,踱步,沙田,內圈,沙田 內圈,,,,,,助手,,倒快一圈,H,內圈 倒快一圈 (助手)
H208,26/02/2023,游水,沙田,,沙田,,,,,,,,游水,,
H208,26/02/2023,踱步,沙田,奧運踱步圈,沙田 奧運踱步圈,,,,,,助手,,踱步,,奧運踱步圈 踱步 (助手)
H208,25/02/2023,游水,沙田,,沙田,,,,,,,,游水,,
H208,24/02/2023,游水,沙田,,沙田,,,,,,,,游水,,
H208,22/02/2023,踱步,沙田,奧運踱步圈,沙田 奧運踱步圈,,,,,,助手,,踱步,,奧運踱步圈 踱步 (助手)
H208,21/02/2023,游水,沙田,,沙田,,,,,,,,游水,,
H208,21/02/2023,踱步,沙田,奧運踱步圈,沙田 奧運踱步圈,,,,,,助手,,踱步,,奧運踱步圈 踱步 (助手)
H208,20/02/2023,游水,沙田,,沙田,,,,,,,,游水,,
H208,20/02/2023,踱步,沙田,內圈,沙田 內圈,,,,,,助手,,倒快一圈,H,內圈 倒快一圈 (助手)
H208,19/02/2023,游水,沙田,,沙田,,,,,,,,游水,,
H208,19/02/2023,快操,沙田,全天候,沙田 全天候,,57.7,57.7,31.1 26.6,,助手,,快操,H,31.1 26.6 (57.7) (助手)
H208,18/02/2023,游水,沙田,,沙田,,,,,,,,游水,,
H208,18/02/2023,踱步,沙田,內圈,沙田 內圈,,,,,,助手,,快踱一圈,H,內圈 快踱一圈 (助手)
H208,17/02/2023,游水,沙田,,沙田,,,,,,,,游水,,
H208,17/02/2023,踱步,沙田,內圈,沙田 內圈,,,,,,助手,,快踱一圈,H,內圈 快踱一圈 (助手)
H208,16/02/2023,游水,沙田,,沙田,,,,,,,,游水,,
H208,16/02/2023,踱步,沙田,內圈,沙田 內圈,,,,,,助手,,倒快一圈,H,內圈 倒快一圈 (助手)
H208,15/02/2023,游水,沙田,,沙田,,,,,,,,游水,,
H208,15/02/2023,踱步,沙田,奧運踱步圈,沙田 奧運踱步圈,,,,,,助手,,踱步,,奧運踱步圈 踱步 (助手)
H208,14/02/2023,游水,沙田,,沙田,,,,,,,,游水,,
H208,14/02/2023,快操,沙田,全天候,沙田 全天候,,56.0,56.0,31.6 24.4,,黃俊,,快操,H,31.6 24.4 (56.0) (黃俊)
H208,13/02/2023,游水,沙田,,沙田,,,,,,,,游水,,
H208,13/02/2023,踱步,沙田,內圈,沙田 內圈,,,,,,助手,,倒快一圈,H,內圈 倒快一圈 (助手)
H208,12/02/2023,游水,沙田,,沙田,,,,,,,,游水,,
H208,12/02/2023,踱步,沙田,內圈,沙田 內圈,,,,,,助手,,快踱一圈,H,內圈 快踱一圈 (助手)
H208,11/02/2023,游水,沙田,,沙田,,,,,,,,游水,,
H208,10/02/2023,游水,沙田,,沙田,,,,,,,,游水,,
H208,10/02/2023,踱步,沙田,內圈,沙田 內圈,,,,,,助手,,快踱一圈,H,內圈 快踱一圈 (助手)
H208,09/02/2023,游水,沙田,,沙田,,,,,,,,游水,,
H208,09/02/2023,踱步,沙田,奧運踱步圈,沙田 奧運踱步圈,,,,,,助手,,踱步,,奧運踱步圈 踱步 (助手)
H208,08/02/2023,游水,沙田,,沙田,,,,,,,,游水,,
H208,07/02/2023,試閘,沙田,草地,沙田 草地,1000M,0.58.23,58.23,13.9 21.2 23.1,八駿巨昇,嘉里,,第2組,,第2組 (嘉里) 1000M 八駿巨昇 13.9 21.2 23.1 (0.58.23)
H208,06/02/2023,游水,沙田,,沙田,,,,,,,,游水,,
H208,06/02/2023,踱步,沙田,奧運踱步圈,沙田 奧運踱步圈,,,,,,助手,,踱步,,奧運踱步圈 踱步 (助手)
H208,05/02/2023,游水,沙田,,沙田,,,,,,,,游水,,
H208,05/02/2023,踱步,沙田,內圈,沙田 內圈,,,,,,助手,,快踱一圈,H,內圈 快踱一圈 (助手)
H208,04/02/2023,游水,沙田,,沙田,,,,,,,,游水,,
H208,04/02/2023,快操,沙田,全天候,沙田 全天候,,57.6,57.6,30.6 27.0,,助手,,快操,H,30.6 27.0 (57.6) (助手)
H208,03/02/2023,游水,沙田,,沙田,,,,,,,,游水,,
H208,03/02/2023,踱步,沙田,內圈,沙田 內圈,,,,,,助手,,快踱一圈,H,內圈 快踱一圈 (助手)
H208,02/02/2023,游水,沙田,,沙田,,,,,,,,游水,,
H208,02/02/2023,踱步,沙田,奧運踱步圈,沙田 奧運踱步圈,,,,,,助手,,踱步,,奧運踱步圈 踱步 (助手)
H208,01/02/2023,游水,沙田,,沙田,,,,,,,,游水,,
H208,01/02/2023,踱步,沙田,內圈,沙田 內圈,,,,,,助手,,快踱一圈,H,內圈 快踱一圈 (助手)
H208,31/01/2023,游水,沙田,,沙田,,,,,,,,游水,,
H208,31/01/2023,踱步,沙田,內圈,沙田 內圈,,,,,,助手,,快踱一圈,H,內圈 快踱一圈 (助手)
H208,30/01/2023,游水,沙田,,沙田,,,,,,,,游水,,
H208,30/01/2023,踱步,沙田,奧運踱步圈,沙田 奧運踱步圈,,,,,,助手,,踱步,,奧運踱步圈 踱步 (助手)
H208,29/01/2023,游水,沙田,,沙田,,,,,,,,游水,,
H208,28/01/2023,試閘,跑馬地,草地,跑馬地 草地,1000M,0.59.32,59.32,12.9 23.3 23.1,萬眾開心,嘉里,,第9組,,第9組 (嘉里) 1000M 萬眾開心 12.9 23.3 23.1 (0.59.32)
H208,28/01/2023,游水,沙田,,沙田,,,,,,,,游水,,
H208,27/01/2023,游水,沙田,,沙田,,,,,,,,游水,,
H208,27/01/2023,踱步,沙田,奧運踱步圈,沙田 奧運踱步圈,,,,,,助手,,踱步,,奧運踱步圈 踱步 (助手)
H208,26/01/2023,游水,沙田,,沙田,,,,,,,,游水,,
H208,26/01/2023,踱步,沙田,內圈,沙田 內圈,,,,,,助手,,倒快一圈,H,內圈 倒快一圈 (助手)
H208,25/01/2023,游水,沙田,,沙田,,,,,,,,游水,,
H208,25/01/2023,快操,沙田,全天候,沙田 全天候,,57.1,57.1,31.0 26.1,,助手,,快操,,31.0 26.1 (57.1) (助手)
H208,24/01/2023,游水,沙田,,沙田,,,,,,,,游水,,
H208,24/01/2023,踱步,沙田,內圈,沙田 內圈,,,,,,助手,,快踱一圈,H,內圈 快踱一圈 (助手)
H208,23/01/2023,游水,沙田,,沙田,,,,,,,,游水,,
H208,23/01/2023,踱步,沙田,內圈,沙田 內圈,,,,,,助手,,倒快一圈,H,內圈 倒快一圈 (助手)
H208,21/01/2023,游水,沙田,,沙田,,,,,,,,游水,,
H208,21/01/2023,快操,沙田,全天候,沙田 全天候,,57.6,57.6,30.9 26.7,,助手,,開心熊,SR,30.9 26.7 (57.6) (助手) 開心熊
H208,20/01/2023,游水,沙田,,沙田,,,,,,,,游水,,
H208,20/01/2023,踱步,沙田,內圈,沙田 內圈,,,,,,助手,,快踱一圈,H,內圈 快踱一圈 (助手)
H208,19/01/2023,游水,沙田,,沙田,,,,,,,,游水,,
H208,19/01/2023,踱步,沙田,內圈,沙田 內圈,,,,,,助手,,倒快兩圈,H,內圈 倒快兩圈 (助手)
H208,18/01/2023,游水,沙田,,沙田,,,,,,,,游水,,
H208,18/01/2023,踱步,沙田,奧運踱步圈,沙田 奧運踱步圈,,,,,,助手,,踱步,,奧運踱步圈 踱步 (助手)
H208,17/01/2023,游水,沙田,,沙田,,,,,,,,游水,,
H208,17/01/2023,踱步,沙田,內圈,沙田 內圈,,,,,,助手,,快踱一圈,H,內圈 快踱一圈 (助手)
H208,16/01/2023,游水,沙田,,沙田,,,,,,,,游水,,
H208,16/01/2023,踱步,沙田,內圈,沙田 內圈,,,,,,助手,,倒快一圈,H,內圈 倒快一圈 (助手)
H208,15/01/2023,游水,沙田,,沙田,,,,,,,,游水,,
H208,15/01/2023,踱步,沙田,奧運踱步圈,沙田 奧運踱步圈,,,,,,助手,,踱步,,奧運踱步圈 踱步 (助手)
H208,14/01/2023,游水,沙田,,沙田,,,,,,,,游水,,
H208,13/01/2023,試閘,沙田,全天候,沙田 全天候,1050M,1.02.17,62.17,16.4 23.3 22.4,激光天下,蘇兆輝,,第3組,H/CP/XB,第3組 (蘇兆輝) 1050M 激光天下 16.4 23.3 22.4 (1.02.17)
H208,12/01/2023,游水,沙田,,沙田,,,,,,,,游水,,
H208,11/01/2023,游水,沙田,,沙田,,,,,,,,游水,,
H208,11/01/2023,踱步,沙田,內圈,沙田 內圈,,,,,,助手,,快踱一圈,H,內圈 快踱一圈 (助手)
H208,10/01/2023,游水,沙田,,沙田,,,,,,,,游水,,
H208,10/01/2023,快操,沙田,全天候,沙田 全天候,,56.7,56.7,31.3 25.4,,助手,,四喜鳥,CP,31.3 25.4 (56.7) (助手) 四喜鳥
H208,09/01/2023,游水,沙田,,沙田,,,,,,,,游水,,
H208,09/01/2023,踱步,沙田,內圈,沙田 內圈,,,,,,助手,,倒快一圈,H,內圈 倒快一圈 (助手)
H208,08/01/2023,游水,沙田,,沙田,,,,,,,,游水,,
H208,08/01/2023,踱步,沙田,內圈,沙田 內圈,,,,,,助手,,快踱一圈,H,內圈 快踱一圈 (助手)
H208,07/01/2023,游水,沙田,,沙田,,,,,,,,游水,,
H208,07/01/2023,快操,沙田,全天候,沙田 全天候,,57.7,57.7,30.6 27.1,,助手,,快操,H,30.6 27.1 (57.7) (助手)
H208,06/01/2023,游水,沙田,,沙田,,,,,,,,游水,,
H208,06/01/2023,踱步,沙田,內圈,沙田 內圈,,,,,,助手,,快踱一圈,H,內圈 快踱一圈 (助手)
H208,05/01/2023,游水,沙田,,沙田,,,,,,,,游水,,
H208,05/01/2023,踱步,沙田,奧運踱步圈,沙田 奧運踱步圈,,,,,,助手,,踱步,,奧運踱步圈 踱步 (助手)
H208,04/01/2023,游水,沙田,,沙田,,,,,,,,游水,,
H208,03/01/2023,游水,沙田,,沙田,,,,,,,,游水,,
H208,03/01/2023,踱步,沙田,內圈,沙田 內圈,,,,,,助手,,快踱一圈,H,內圈 快踱一圈 (助手)
H208,02/01/2023,游水,沙田,,沙田,,,,,,,,游水,,
H208,02/01/2023,踱步,沙田,內圈,沙田 內圈,,,,,,助手,,倒快一圈,H,內圈 倒快一圈 (助手)
H208,01/01/2023,游水,沙田,,沙田,,,,,,,,游水,,
H208,01/01/2023,踱步,沙田,奧運踱步圈,沙田 奧運踱步圈,,,,,,助手,,踱步,,奧運踱步圈 踱步 (助手)
H208,31/12/2022,游水,沙田,,沙田,,,,,,,,游水,,
H208,30/12/2022,試閘,沙田,全天候,沙田 全天候,1050M,1.02.30,62.3,16.3 23.0 23.0,好友寶,田泰安,,第5組,H,第5組 (田泰安) 1050M 好友寶 16.3 23.0 23.0 (1.02.30)
H208,29/12/2022,游水,沙田,,沙田,,,,,,,,游水,,
H208,29/12/2022,踱步,沙田,奧運踱步圈,沙田 奧運踱步圈,,,,,,助手,,踱步,,奧運踱步圈 踱步 (助手)
H208,28/12/2022,游水,沙田,,沙田,,,,,,,,游水,,
H208,28/12/2022,踱步,沙田,內圈,沙田 內圈,,,,,,助手,,快踱一圈,H,內圈 快踱一圈 (助手)
H208,27/12/2022,游水,沙田,,沙田,,,,,,,,游水,,
H208,27/12/2022,快操,沙田,全天候,沙田 全天候,,56.1,56.1,31.6 24.5,,助手,,激光天下,H,31.6 24.5 (56.1) (助手) 激光天下
H208,26/12/2022,游水,沙田,,沙田,,,,,,,,游水,,
H208,26/12/2022,踱步,沙田,內圈,沙田 內圈,,,,,,助手,,倒快一圈,H,內圈 倒快一圈 (助手)
H208,25/12/2022,游水,沙田,,沙田,,,,,,,,游水,,
H208,25/12/2022,踱步,沙田,內圈,沙田 內圈,,,,,,助手,,快踱一圈,H,內圈 快踱一圈 (助手)
H208,24/12/2022,游水,沙田,,沙田,,,,,,,,游水,,
H208,24/12/2022,快操,沙田,全天候,沙田 全天候,,56.5,56.5,30.0 26.5,,助手,,快操,H,30.0 26.5 (56.5) (助手)
H208,23/12/2022,游水,沙田,,沙田,,,,,,,,游水,,
H208,23/12/2022,踱步,沙田,內圈,沙田 內圈,,,,,,助手,,快踱一圈,H,內圈 快踱一圈 (助手)
H208,22/12/2022,游水,沙田,,沙田,,,,,,,,游水,,
H208,22/12/2022,踱步,沙田,內圈,沙田 內圈,,,,,,助手,,倒快一圈,H,內圈 倒快一圈 (助手)
H208,21/12/2022,游水,沙田,,沙田,,,,,,,,游水,,
H208,21/12/2022,快操,沙田,全天候,沙田 全天候,,57.2,57.2,30.4 26.8,,黃俊,,快操,H,30.4 26.8 (57.2) (黃俊)
H208,20/12/2022,游水,沙田,,沙田,,,,,,,,游水,,
H208,20/12/2022,踱步,沙田,奧運踱步圈,沙田 奧運踱步圈,,,,,,助手,,踱步,,奧運踱步圈 踱步 (助手)
H208,19/12/2022,游水,沙田,,沙田,,,,,,,,游水,,
H208,19/12/2022,踱步,沙田,內圈,沙田 內圈,,,,,,助手,,倒快一圈,H,內圈 倒快一圈 (助手)
H208,18/12/2022,游水,沙田,,沙田,,,,,,,,游水,,
H208,18/12/2022,踱步,沙田,內圈,沙田 內圈,,,,,,助手,,快踱一圈,H,內圈 快踱一圈 (助手)
H208,17/12/2022,游水,沙田,,沙田,,,,,,,,游水,,
H208,17/12/2022,踱步,沙田,內圈,沙田 內圈,,,,,,助手,,快踱一圈,H,內圈 快踱一圈 (助手)
H208,16/12/2022,游水,沙田,,沙田,,,,,,,,游水,,
H208,16/12/2022,踱步,沙田,內圈,沙田 內圈,,,,,,助手,,快踱一圈,H,內圈 快踱一圈 (助手)
H208,15/12/2022,游水,沙田,,沙田,,,,,,,,游水,,
H208,14/12/2022,游水,沙田,,沙田,,,,,,,,游水,,
H208,13/12/2022,試閘,沙田,草地,沙田 草地,800M,0.46.51,46.51,24.4 22.1,好友寶,嘉里,,第6組,,第6組 (嘉里) 800M 好友寶 24.4 22.1 (0.46.51)
H208,12/12/2022,游水,沙田,,沙田,,,,,,,,游水,,
H208,11/12/2022,游水,沙田,,沙田,,,,,,,,游水,,
H208,11/12/2022,踱步,沙田,內圈,沙田 內圈,,,,,,助手,,快踱一圈,H,內圈 快踱一圈 (助手)
H208,10/12/2022,游水,沙田,,沙田,,,,,,,,游水,,
H208,10/12/2022,快操,沙田,全天候,沙田 全天候,,56.1,56.1,32.2 23.9,,助手,,星冠王,H,32.2 23.9 (56.1) (助手) 星冠王
H208,09/12/2022,游水,沙田,,沙田,,,,,,,,游水,,
H208,09/12/2022,踱步,沙田,內圈,沙田 內圈,,,,,,助手,,快踱一圈,H,內圈 快踱一圈 (助手)
H208,08/12/2022,游水,沙田,,沙田,,,,,,,,游水,,
H208,08/12/2022,踱步,沙田,內圈,沙田 內圈,,,,,,助手,,倒快一圈,H,內圈 倒快一圈 (助手)
H208,07/12/2022,游水,沙田,,沙田,,,,,,,,游水,,
H208,07/12/2022,踱步,沙田,奧運踱步圈,沙田 奧運踱步圈,,,,,,助手,,踱步,,奧運踱步圈 踱步 (助手)
H208,06/12/2022,游水,沙田,,沙田,,,,,,,,游水,,
H208,06/12/2022,快操,沙田,全天候,沙田 全天候,,26.3,26.3,26.3,,助手,,快操,H,26.3 (26.3) (助手)
H208,05/12/2022,游水,沙田,,沙田,,,,,,,,游水,,
H208,05/12/2022,踱步,沙田,內圈,沙田 內圈,,,,,,助手,,倒快一圈,H,內圈 倒快一圈 (助手)
H208,04/12/2022,游水,沙田,,沙田,,,,,,,,游水,,
H208,04/12/2022,踱步,沙田,內圈,沙田 內圈,,,,,,助手,,快踱一圈,H,內圈 快踱一圈 (助手)
H208,03/12/2022,游水,沙田,,沙田,,,,,,,,游水,,
H208,03/12/2022,踱步,沙田,內圈,沙田 內圈,,,,,,助手,,快踱一圈,H,內圈 快踱一圈 (助手)
H208,02/12/2022,游水,沙田,,沙田,,,,,,,,游水,,
H208,01/12/2022,游水,沙田,,沙田,,,,,,,,游水,,
H208,01/12/2022,快操,沙田,草閘,沙田 草閘,,1.00.7,60.7,28.5 32.2,,助手,,四喜鳥,,28.5 32.2 (1.00.7) (助手) 四喜鳥
H208,30/11/2022,游水,沙田,,沙田,,,,,,,,游水,,
H208,30/11/2022,踱步,沙田,奧運踱步圈,沙田 奧運踱步圈,,,,,,助手,,踱步,,奧運踱步圈 踱步 (助手)
H208,29/11/2022,游水,沙田,,沙田,,,,,,,,游水,,
H208,29/11/2022,快操,沙田,全天候,沙田 全天候,,26.7,26.7,26.7,,助手,,H179,H,26.7 (26.7) (助手) H179
H208,28/11/2022,游水,沙田,,沙田,,,,,,,,游水,,
H208,28/11/2022,踱步,沙田,內圈,沙田 內圈,,,,,,助手,,倒快一圈,H,內圈 倒快一圈 (助手)
H208,27/11/2022,游水,沙田,,沙田,,,,,,,,游水,,
H208,27/11/2022,踱步,沙田,奧運踱步圈,沙田 奧運踱步圈,,,,,,助手,,踱步,,奧運踱步圈 踱步 (助手)
H208,26/11/2022,游水,沙田,,沙田,,,,,,,,游水,,
H208,26/11/2022,快操,沙田,全天候,沙田 全天候,,33.1,33.1,33.1,,助手,,快操,H,33.1 (33.1) (助手)
H208,25/11/2022,游水,沙田,,沙田,,,,,,,,游水,,
H208,25/11/2022,踱步,沙田,內圈,沙田 內圈,,,,,,助手,,快踱一圈,H,內圈 快踱一圈 (助手)
H208,24/11/2022,游水,沙田,,沙田,,,,,,,,游水,,
H208,24/11/2022,踱步,沙田,奧運踱步圈,沙田 奧運踱步圈,,,,,,助手,,踱步,,奧運踱步圈 踱步 (助手)
H208,23/11/2022,游水,沙田,,沙田,,,,,,,,游水,,
H208,23/11/2022,快操,沙田,全天候,沙田 全天候,,31.1,31.1,31.1,,助手,,快操,H,31.1 (31.1) (助手)
H208,22/11/2022,游水,沙田,,沙田,,,,,,,,游水,,
H208,22/11/2022,踱步,沙田,內圈,沙田 內圈,,,,,,助手,,快踱一圈,H,內圈 快踱一圈 (助手)
H208,21/11/2022,游水,沙田,,沙田,,,,,,,,游水,,
H208,21/11/2022,踱步,沙田,內圈,沙田 內圈,,,,,,助手,,倒快一圈,H,內圈 倒快一圈 (助手)
H208,20/11/2022,游水,沙田,,沙田,,,,,,,,游水,,
H208,19/11/2022,游水,沙田,,沙田,,,,,,,,游水,,
H208,19/11/2022,快操,沙田,全天候,沙田 全天候,,30.7,30.7,30.7,,助手,,快操,H,30.7 (30.7) (助手)
H208,18/11/2022,踱步,沙田,內圈,沙田 內圈,,,,,,助手,,快踱一圈,H,內圈 快踱一圈 (助手)
H208,17/11/2022,游水,沙田,,沙田,,,,,,,,游水,,
H208,17/11/2022,踱步,沙田,奧運踱步圈,沙田 奧運踱步圈,,,,,,助手,,踱步,,奧運踱步圈 踱步 (助手)
H208,16/11/2022,游水,沙田,,沙田,,,,,,,,游水,,
H208,16/11/2022,踱步,沙田,內圈,沙田 內圈,,,,,,助手,,快踱一圈,H,內圈 快踱一圈 (助手)
H208,15/11/2022,游水,沙田,,沙田,,,,,,,,游水,,
H208,15/11/2022,踱步,沙田,外圈,沙田 外圈,,,,,,助手,,快踱一圈,H,外圈 快踱一圈 (助手)
H208,14/11/2022,游水,沙田,,沙田,,,,,,,,游水,,
H208,14/11/2022,踱步,沙田,內圈,沙田 內圈,,,,,,助手,,倒快一圈,H,內圈 倒快一圈 (助手)
H208,13/11/2022,游水,沙田,,沙田,,,,,,,,游水,,
H208,12/11/2022,游水,沙田,,沙田,,,,,,,,游水,,
H208,12/11/2022,踱步,沙田,內圈,沙田 內圈,,,,,,助手,,快踱一圈,H,內圈 快踱一圈 (助手)
H208,11/11/2022,游水,沙田,,沙田,,,,,,,,游水,,
H208,10/11/2022,游水,沙田,,沙田,,,,,,,,游水,,
H208,10/11/2022,踱步,沙田,內圈,沙田 內圈,,,,,,助手,,倒快一圈,H,內圈 倒快一圈 (助手)
H208,09/11/2022,游水,沙田,,沙田,,,,,,,,游水,,
H208,09/11/2022,踱步,沙田,內圈,沙田 內圈,,,,,,助手,,快踱一圈,H,內圈 快踱一圈 (助手)
H208,08/11/2022,踱步,沙田,內圈,沙田 內圈,,,,,,助手,,快踱一圈,H,內圈 快踱一圈 (助手)
H208,07/11/2022,游水,沙田,,沙田,,,,,,,,游水,,
H208,07/11/2022,踱步,沙田,內圈,沙田 內圈,,,,,,助手,,倒快一圈,H,內圈 倒快一圈 (助手)
H208,05/11/2022,游水,沙田,,沙田,,,,,,,,游水,,
H208,04/11/2022,踱步,沙田,內圈,沙田 內圈,,,,,,助手,,快踱一圈,H,內圈 快踱一圈 (助手)
H208,03/11/2022,游水,沙田,,沙田,,,,,,,,游水,,
H208,03/11/2022,踱步,沙田,內圈,沙田 內圈,,,,,,助手,,倒快一圈,H,內圈 倒快一圈 (助手)
H208,02/11/2022,踱步,沙田,奧運踱步圈,沙田 奧運踱步圈,,,,,,助手,,踱步,,奧運踱步圈 踱步 (助手)
H208,01/11/2022,踱步,沙田,奧運踱步圈,沙田 奧運踱步圈,,,,,,助手,,踱步,,奧運踱步圈 踱步 (助手)
H208,31/10/2022,游水,沙田,,沙田,,,,,,,,游水,,
H208,31/10/2022,踱步,沙田,奧運踱步圈,沙田 奧運踱步圈,,,,,,助手,,踱步,,奧運踱步圈 踱步 (助手)
H208,30/10/2022,游水,沙田,,沙田,,,,,,,,游水,,
H208,29/10/2022,踱步,沙田,奧運踱步圈,沙田 奧運踱步圈,,,,,,助手,,踱步,,奧運踱步圈 踱步 (助手)
H208,28/10/2022,游水,沙田,,沙田,,,,,,,,游水,,
H208,27/10/2022,踱步,沙田,奧運踱步圈,沙田 奧運踱步圈,,,,,,助手,,踱步,,奧運踱步圈 踱步 (助手)
H208,26/10/2022,游水,沙田,,沙田,,,,,,,,游水,,
