horse_no,date,work_type,racecourse,track,venue,distance,time,time_sec,splits,partner,rider,placing,comment,gear,workout_details
H354,09/09/2026,快操,沙田,全天候,沙田 全天候,,1.24.6,84.6,32.9 27.6 24.1,,助手,,桃花多,H,32.9 27.6 24.1 (1.24.6) (助手) 桃花多
H354,08/09/2026,踱步,沙田,內圈,沙田 內圈,,,,,,助手,,快踱一圈,,內圈 快踱一圈 (助手)
H354,07/09/2026,踱步,沙田,內圈,沙田 內圈,,,,,,助手,,倒快兩圈,H,內圈 倒快兩圈 (助手)
H354,05/09/2026,快操,沙田,全天候,沙田 全天候,,1.03.0,63.0,32.8 30.2,,助手,,快操,H,32.8 30.2 (1.03.0) (助手)
H354,04/09/2026,踱步,沙田,內圈,沙田 內圈,,,,,,助手,,快踱一圈,H,內圈 快踱一圈 (助手)
H354,03/09/2026,踱步,沙田,內圈,沙田 內圈,,,,,,助手,,倒快一圈,H,內圈 倒快一圈 (助手)
H354,02/09/2026,快操,沙田,全天候,沙田 全天候,,56.4,56.4,30.0 26.4,,助手,,快操,H,30.0 26.4 (56.4) (助手)
H354,01/09/2026,踱步,沙田,內圈,沙田 內圈,,,,,,助手,,快踱一圈,H,內圈 快踱一圈 (助手)
H354,31/08/2026,踱步,沙田,內圈,沙田 內圈,,,,,,助手,,倒快兩圈,H,內圈 倒快兩圈 (助手)
H354,29/08/2026,快操,沙田,全天候,沙田 全天候,,58.3,58.3,31.4 26.9,,助手,,快操,H,31.4 26.9 (58.3) (助手)
H354,28/08/2026,踱步,沙田,內圈,沙田 內圈,,,,,,助手,,快踱一圈,H,內圈 快踱一圈 (助手)
H354,27/08/2026,踱步,沙田,內圈,沙田 內圈,,,,,,助手,,倒快一圈,H,內圈 倒快一圈 (助手)
H354,26/08/2026,快操,沙田,全天候,沙田 全天候,,32.1,32.1,32.1,,助手,,快操,H,32.1 (32.1) (助手)
H354,25/08/2026,踱步,沙田,內圈,沙田 內圈,,,,,,助手,,快踱一圈,H,內圈 快踱一圈 (助手)
H354,24/08/2026,踱步,沙田,內圈,沙田 內圈,,,,,,助手,,倒快兩圈,H,內圈 倒快兩圈 (助手)
H354,22/08/2026,快操,沙田,全天候,沙田 全天候,,59.3,59.3,32.5 26.8,,助手,,快操,H,32.5 26.8 (59.3) (助手)
H354,21/08/2026,踱步,沙田,內圈,沙田 內圈,,,,,,助手,,快踱一圈,H,內圈 快踱一圈 (助手)
H354,20/08/2026,踱步,沙田,內圈,沙田 內圈,,,,,,助手,,倒快一圈,H,內圈 倒快一圈 (助手)
H354,19/08/2026,快操,沙田,全天候,沙田 全天候,,1.00.4,60.4,31.5 28.9,,助手,,快操,H,31.5 28.9 (1.00.4) (助手)
H354,18/08/2026,踱步,沙田,內圈,沙田 內圈,,,,,,助手,,快踱一圈,H,內圈 快踱一圈 (助手)
H354,17/08/2026,踱步,沙田,內圈,沙田 內圈,,,,,,助手,,倒快兩圈,H,內圈 倒快兩圈 (助手)
H354,15/08/2026,快操,沙田,全天候,沙田 全天候,,59.3,59.3,33.0 26.3,,助手,,快操,H,33.0 26.3 (59.3) (助手)
H354,14/08/2026,踱步,沙田,內圈,沙田 內圈,,,,,,助手,,快踱一圈,H,內圈 快踱一圈 (助手)
H354,13/08/2026,踱步,沙田,內圈,沙田 內圈,,,,,,助手,,倒快兩圈,H,內圈 倒快兩圈 (助手)
H354,12/08/2026,踱步,沙田,內圈,沙田 內圈,,,,,,助手,,快踱一圈,H,內圈 快踱一圈 (助手)
H354,11/08/2026,游水,沙田,,沙田,,,,,,,,游水,,
H354,11/08/2026,踱步,沙田,內圈,沙田 內圈,,,,,,助手,,快踱一圈,H,內圈 快踱一圈 (助手)
H354,10/08/2026,踱步,沙田,內圈,沙田 內圈,,,,,,助手,,倒快兩圈,H,內圈 倒快兩圈 (助手)
H354,08/08/2026,踱步,沙田,內圈,沙田 內圈,,,,,,助手,,快踱一圈,H,內圈 快踱一圈 (助手)
H354,07/08/2026,踱步,沙田,內圈,沙田 內圈,,,,,,助手,,快踱一圈,H,內圈 快踱一圈 (助手)
H354,06/08/2026,踱步,沙田,內圈,沙田 內圈,,,,,,助手,,倒快兩圈,H,內圈 倒快兩圈 (助手)
H354,05/08/2026,踱步,沙田,內圈,沙田 內圈,,,,,,助手,,快踱一圈,H,內圈 快踱一圈 (助手)
H354,04/08/2026,踱步,沙田,內圈,沙田 內圈,,,,,,助手,,快踱一圈,H,內圈 快踱一圈 (助手)
H354,03/08/2026,踱步,沙田,內圈,沙田 內圈,,,,,,助手,,快踱一圈,H,內圈 快踱一圈 (助手)
H354,01/08/2026,踱步,沙田,奧運馬房沙地練習場,沙田 奧運馬房沙地練習場,,,,,,助手,,踱步,H,奧運馬房沙地練習場 踱步 (助手)
H354,31/07/2026,踱步,沙田,奧運馬房沙地練習場,沙田 奧運馬房沙地練習場,,,,,,助手,,踱步,H,奧運馬房沙地練習場 踱步 (助手)
H354,30/07/2026,踱步,沙田,奧運馬房沙地練習場,沙田 奧運馬房沙地練習場,,,,,,助手,,踱步,H,奧運馬房沙地練習場 踱步 (助手)
H354,29/07/2026,踱步,沙田,奧運馬房沙地練習場,沙田 奧運馬房沙地練習場,,,,,,助手,,踱步,H,奧運馬房沙地練習場 踱步 (助手)
H354,12/07/2026,出賽,沙田,草地,沙田 草地,1800M,,,,,梁家俊,14/14,出賽,V-/TT,1800M (梁家俊) (14/14)
H354,11/07/2026,踱步,沙田,內圈,沙田 內圈,,,,,,助手,,快踱一圈,H,內圈 快踱一圈 (助手)
H354,10/07/2026,踱步,沙田,內圈,沙田 內圈,,,,,,助手,,快踱一圈,H,內圈 快踱一圈 (助手)
H354,09/07/2026,快操,沙田,草地,沙田 草地,,53.6,53.6,29.1 24.5,,助手,,快操,H,29.1 24.5 (53.6) (助手)
H354,08/07/2026,踱步,沙田,內圈,沙田 內圈,,,,,,助手,,快踱一圈,H,內圈 快踱一圈 (助手)
H354,07/07/2026,踱步,沙田,內圈,沙田 內圈,,,,,,助手,,快踱一圈,H,內圈 快踱一圈 (助手)
H354,06/07/2026,游水,沙田,,沙田,,,,,,,,游水,,
H354,06/07/2026,踱步,沙田,內圈,沙田 內圈,,,,,,助手,,倒快一圈,H,內圈 倒快一圈 (助手)
H354,04/07/2026,踱步,從化,飛機場,從化 飛機場,,,,,,助手,,踱步,H,飛機場 踱步 (助手)
H354,03/07/2026,踱步,從化,內圈,從化 內圈,,,,,,助手,,快踱一圈,H,內圈 快踱一圈 (助手)
H354,02/07/2026,游水,從化,,從化,,,,,,,,游水,,
H354,02/07/2026,踱步,從化,內圈,從化 內圈,,,,,,助手,,倒快兩圈,H,內圈 倒快兩圈 (助手)
H354,01/07/2026,踱步,從化,內圈,從化 內圈,,,,,,助手,,快踱一圈,H,內圈 快踱一圈 (助手)
H354,30/06/2026,游水,從化,,從化,,,,,,,,游水,,
H354,30/06/2026,踱步,從化,內圈,從化 內圈,,,,,,助手,,快踱一圈,H,內圈 快踱一圈 (助手)
H354,29/06/2026,游水,從化,,從化,,,,,,,,游水,,
H354,29/06/2026,踱步,從化,內圈,從化 內圈,,,,,,助手,,倒快兩圈,H,內圈 倒快兩圈 (助手)
H354,27/06/2026,快操,從化,全天候,從化 全天候,,51.9,51.9,27.0 24.9,,助手,,快操,H,27.0 24.9 (51.9) (助手)
H354,27/06/2026,踱步,從化,飛機場,從化 飛機場,,,,,,助手,,踱步,H,飛機場 踱步 (助手)
H354,26/06/2026,游水,從化,,從化,,,,,,,,游水,,
H354,26/06/2026,踱步,從化,內圈,從化 內圈,,,,,,助手,,快踱一圈,H,內圈 快踱一圈 (助手)
H354,25/06/2026,游水,從化,,從化,,,,,,,,游水,,
H354,25/06/2026,踱步,從化,內圈,從化 內圈,,,,,,助手,,倒快兩圈,H,內圈 倒快兩圈 (助手)
H354,24/06/2026,游水,從化,,從化,,,,,,,,游水,,
H354,24/06/2026,踱步,從化,內圈,從化 內圈,,,,,,助手,,快踱一圈,H,內圈 快踱一圈 (助手)
H354,23/06/2026,游水,從化,,從化,,,,,,,,游水,,
H354,23/06/2026,踱步,從化,內圈,從化 內圈,,,,,,助手,,快踱一圈,H,內圈 快踱一圈 (助手)
H354,22/06/2026,游水,從化,,從化,,,,,,,,游水,,
H354,22/06/2026,踱步,從化,內圈,從化 內圈,,,,,,助手,,倒快一圈,H,內圈 倒快一圈 (助手)
H354,20/06/2026,快操,從化,全天候,從化 全天候,,58.0,58.0,30.6 27.4,,助手,,快操,H,30.6 27.4 (58.0) (助手)
H354,20/06/2026,踱步,從化,飛機場,從化 飛機場,,,,,,助手,,踱步,H,飛機場 踱步 (助手)
H354,19/06/2026,踱步,從化,內圈,從化 內圈,,,,,,助手,,快踱一圈,H,內圈 快踱一圈 (助手)
H354,18/06/2026,踱步,從化,內圈,從化 內圈,,,,,,助手,,倒快兩圈,H,內圈 倒快兩圈 (助手)
H354,17/06/2026,游水,從化,,從化,,,,,,,,游水,,
H354,17/06/2026,踱步,從化,內圈,從化 內圈,,,,,,助手,,快踱一圈,H,內圈 快踱一圈 (助手)
H354,16/06/2026,游水,從化,,從化,,,,,,,,游水,,
H354,16/06/2026,踱步,從化,內圈,從化 內圈,,,,,,助手,,快踱一圈,H,內圈 快踱一圈 (助手)
H354,15/06/2026,踱步,從化,內圈,從化 內圈,,,,,,助手,,倒快兩圈,H,內圈 倒快兩圈 (助手)
H354,13/06/2026,游水,從化,,從化,,,,,,,,游水,,
H354,13/06/2026,踱步,從化,內圈,從化 內圈,,,,,,助手,,快踱一圈,H,內圈 快踱一圈 (助手)
H354,11/06/2026,踱步,沙田,內圈,沙田 內圈,,,,,,助手,,倒快一圈,H,內圈 倒快一圈 (助手)
H354,07/06/2026,出賽,沙田,全天候,沙田 全天候,1800M,,,,,周俊樂,11/12,出賽,CP-/V2/TT,1800M (周俊樂) (11/12)
H354,06/06/2026,踱步,沙田,內圈,沙田 內圈,,,,,,助手,,快踱一圈,H,內圈 快踱一圈 (助手)
H354,05/06/2026,踱步,沙田,內圈,沙田 內圈,,,,,,助手,,快踱一圈,H,內圈 快踱一圈 (助手)
H354,04/06/2026,快操,沙田,全天候,沙田 全天候,,1.25.6,85.6,32.3 28.3 25.0,,助手,,快操,H,32.3 28.3 25.0 (1.25.6) (助手)
H354,03/06/2026,踱步,沙田,內圈,沙田 內圈,,,,,,助手,,快踱一圈,H,內圈 快踱一圈 (助手)
H354,02/06/2026,踱步,沙田,內圈,沙田 內圈,,,,,,助手,,快踱一圈,H,內圈 快踱一圈 (助手)
H354,01/06/2026,踱步,沙田,內圈,沙田 內圈,,,,,,助手,,倒快兩圈,H,內圈 倒快兩圈 (助手)
H354,30/05/2026,快操,沙田,全天候,沙田 全天候,,1.25.9,85.9,33.2 28.2 24.5,,助手,,八里旺,H,33.2 28.2 24.5 (1.25.9) (助手) 八里旺
H354,29/05/2026,踱步,沙田,內圈,沙田 內圈,,,,,,助手,,快踱一圈,H,內圈 快踱一圈 (助手)
H354,28/05/2026,踱步,沙田,內圈,沙田 內圈,,,,,,助手,,倒快兩圈,H,內圈 倒快兩圈 (助手)
H354,27/05/2026,踱步,沙田,內圈,沙田 內圈,,,,,,助手,,快踱一圈,H,內圈 快踱一圈 (助手)
H354,26/05/2026,踱步,沙田,內圈,沙田 內圈,,,,,,助手,,快踱一圈,H,內圈 快踱一圈 (助手)
H354,25/05/2026,踱步,沙田,內圈,沙田 內圈,,,,,,助手,,倒快兩圈,H,內圈 倒快兩圈 (助手)
H354,23/05/2026,踱步,沙田,內圈,沙田 內圈,,,,,,助手,,快踱一圈,H,內圈 快踱一圈 (助手)
H354,22/05/2026,踱步,沙田,內圈,沙田 內圈,,,,,,助手,,快踱一圈,H,內圈 快踱一圈 (助手)
H354,21/05/2026,踱步,沙田,內圈,沙田 內圈,,,,,,助手,,倒快一圈,H,內圈 倒快一圈 (助手)
H354,17/05/2026,出賽,沙田,草地,沙田 草地,1800M,,,,,周俊樂,12/14,出賽,B-/CP1/TT,1800M (周俊樂) (12/14)
H354,16/05/2026,踱步,沙田,內圈,沙田 內圈,,,,,,助手,,快踱一圈,H,內圈 快踱一圈 (助手)
H354,15/05/2026,踱步,沙田,內圈,沙田 內圈,,,,,,助手,,快踱一圈,H,內圈 快踱一圈 (助手)
H354,14/05/2026,快操,沙田,全天候,沙田 全天候,,26.2,26.2,26.2,,助手,,快操,H,26.2 (26.2) (助手)
H354,13/05/2026,踱步,沙田,內圈,沙田 內圈,,,,,,助手,,快踱一圈,H,內圈 快踱一圈 (助手)
H354,12/05/2026,踱步,沙田,內圈,沙田 內圈,,,,,,助手,,快踱一圈,H,內圈 快踱一圈 (助手)
H354,11/05/2026,踱步,沙田,內圈,沙田 內圈,,,,,,助手,,倒快兩圈,H,內圈 倒快兩圈 (助手)
H354,09/05/2026,快操,沙田,全天候,沙田 全天候,,56.0,56.0,30.4 25.6,,助手,,快操,H,30.4 25.6 (56.0) (助手)
H354,08/05/2026,踱步,沙田,內圈,沙田 內圈,,,,,,助手,,快踱一圈,H,內圈 快踱一圈 (助手)
H354,07/05/2026,踱步,沙田,內圈,沙田 內圈,,,,,,助手,,倒快兩圈,H,內圈 倒快兩圈 (助手)
H354,06/05/2026,踱步,沙田,內圈,沙田 內圈,,,,,,助手,,快踱一圈,H,內圈 快踱一圈 (助手)
H354,05/05/2026,踱步,沙田,內圈,沙田 內圈,,,,,,助手,,快踱一圈,H,內圈 快踱一圈 (助手)
H354,04/05/2026,踱步,沙田,內圈,沙田 內圈,,,,,,助手,,倒快一圈,H,內圈 倒快一圈 (助手)
H354,02/05/2026,踱步,沙田,內圈,沙田 內圈,,,,,,助手,,快踱一圈,H,內圈 快踱一圈 (助手)
H354,01/05/2026,踱步,沙田,內圈,沙田 內圈,,,,,,助手,,快踱一圈,H,內圈 快踱一圈 (助手)
H354,30/04/2026,游水,沙田,,沙田,,,,,,,,游水,,
H354,30/04/2026,踱步,沙田,內圈,沙田 內圈,,,,,,助手,,倒快一圈,H,內圈 倒快一圈 (助手)
H354,29/04/2026,游水,沙田,,沙田,,,,,,,,游水,,
H354,28/04/2026,游水,沙田,,沙田,,,,,,,,游水,,
H354,26/04/2026,出賽,沙田,草地,沙田 草地,1600M,,,,,巫顯東,13/14,出賽,B/TT,1600M (巫顯東) (13/14)
H354,25/04/2026,踱步,沙田,內圈,沙田 內圈,,,,,,助手,,快踱一圈,H,內圈 快踱一圈 (助手)
H354,24/04/2026,踱步,沙田,內圈,沙田 內圈,,,,,,助手,,快踱一圈,H,內圈 快踱一圈 (助手)
H354,23/04/2026,快操,沙田,全天候,沙田 全天候,,1.29.4,89.4,32.6 29.5 27.3,,助手,,快操,H,32.6 29.5 27.3 (1.29.4) (助手)
H354,22/04/2026,踱步,沙田,內圈,沙田 內圈,,,,,,助手,,快踱一圈,H,內圈 快踱一圈 (助手)
H354,21/04/2026,踱步,沙田,內圈,沙田 內圈,,,,,,助手,,快踱一圈,H,內圈 快踱一圈 (助手)
H354,20/04/2026,踱步,沙田,內圈,沙田 內圈,,,,,,助手,,倒快兩圈,H,內圈 倒快兩圈 (助手)
H354,18/04/2026,踱步,沙田,內圈,沙田 內圈,,,,,,助手,,快踱一圈,H,內圈 快踱一圈 (助手)
H354,17/04/2026,踱步,沙田,內圈,沙田 內圈,,,,,,助手,,快踱一圈,H,內圈 快踱一圈 (助手)
H354,16/04/2026,踱步,從化,飛機場,從化 飛機場,,,,,,助手,,踱步,H,飛機場 踱步 (助手)
H354,15/04/2026,快操,從化,全天候,從化 全天候,,56.9,56.9,30.0 26.9,,助手,,快操,H,30.0 26.9 (56.9) (助手)
H354,15/04/2026,踱步,從化,飛機場,從化 飛機場,,,,,,助手,,踱步,H,飛機場 踱步 (助手)
H354,14/04/2026,游水,從化,,從化,,,,,,,,游水,,
H354,14/04/2026,踱步,從化,內圈,從化 內圈,,,,,,助手,,快踱一圈,H,內圈 快踱一圈 (助手)
H354,13/04/2026,踱步,從化,內圈,從化 內圈,,,,,,助手,,倒快兩圈,H,內圈 倒快兩圈 (助手)
H354,11/04/2026,游水,從化,,從化,,,,,,,,游水,,
H354,11/04/2026,踱步,從化,內圈,從化 內圈,,,,,,助手,,快踱一圈,H,內圈 快踱一圈 (助手)
H354,10/04/2026,踱步,從化,內圈,從化 內圈,,,,,,助手,,快踱一圈,H,內圈 快踱一圈 (助手)
H354,09/04/2026,游水,從化,,從化,,,,,,,,游水,,
H354,09/04/2026,踱步,從化,內圈,從化 內圈,,,,,,助手,,倒快兩圈,H,內圈 倒快兩圈 (助手)
H354,08/04/2026,踱步,從化,內圈,從化 內圈,,,,,,助手,,快踱一圈,H,內圈 快踱一圈 (助手)
H354,07/04/2026,游水,從化,,從化,,,,,,,,游水,,
H354,07/04/2026,踱步,從化,內圈,從化 內圈,,,,,,助手,,快踱一圈,H,內圈 快踱一圈 (助手)
H354,06/04/2026,踱步,從化,內圈,從化 內圈,,,,,,助手,,倒快兩圈,H,內圈 倒快兩圈 (助手)
H354,04/04/2026,踱步,從化,內圈,從化 內圈,,,,,,助手,,快踱一圈,H,內圈 快踱一圈 (助手)
H354,01/04/2026,出賽,沙田,全天候,沙田 全天候,1800M,,,,,巫顯東,10/14,出賽,B/TT,1800M (巫顯東) (10/14)
H354,31/03/2026,踱步,沙田,飛機場,沙田 飛機場,,,,,,助手,,踱步,H,飛機場 踱步 (助手)
H354,30/03/2026,快操,沙田,草地,沙田 草地,,53.5,53.5,30.1 23.4,,巫顯東,,好評如潮,H,30.1 23.4 (53.5) (巫顯東) 好評如潮
H354,29/03/2026,踱步,沙田,內圈,沙田 內圈,,,,,,助手,,快踱一圈,H,內圈 快踱一圈 (助手)
H354,28/03/2026,踱步,沙田,內圈,沙田 內圈,,,,,,助手,,快踱一圈,H,內圈 快踱一圈 (助手)
H354,27/03/2026,踱步,沙田,內圈,沙田 內圈,,,,,,助手,,快踱一圈,H,內圈 快踱一圈 (助手)
H354,26/03/2026,踱步,沙田,內圈,沙田 內圈,,,,,,助手,,倒快兩圈,H,內圈 倒快兩圈 (助手)
H354,25/03/2026,踱步,沙田,內圈,沙田 內圈,,,,,,助手,,快踱一圈,H,內圈 快踱一圈 (助手)
H354,24/03/2026,踱步,沙田,內圈,沙田 內圈,,,,,,助手,,快踱一圈,H,內圈 快踱一圈 (助手)
H354,23/03/2026,踱步,沙田,內圈,沙田 內圈,,,,,,助手,,倒快兩圈,H,內圈 倒快兩圈 (助手)
H354,21/03/2026,踱步,沙田,內圈,沙田 內圈,,,,,,助手,,快踱一圈,H,內圈 快踱一圈 (助手)
H354,20/03/2026,踱步,沙田,內圈,沙田 內圈,,,,,,助手,,快踱一圈,H,內圈 快踱一圈 (助手)
H354,19/03/2026,踱步,沙田,內圈,沙田 內圈,,,,,,助手,,倒快一圈,H,內圈 倒快一圈 (助手)
H354,15/03/2026,出賽,沙田,草地,沙田 草地,1400M,,,,,周俊樂,7/14,出賽,B2/TT,1400M (周俊樂) (7/14)
H354,14/03/2026,踱步,沙田,內圈,沙田 內圈,,,,,,助手,,快踱一圈,H,內圈 快踱一圈 (助手)
H354,13/03/2026,踱步,沙田,內圈,沙田 內圈,,,,,,助手,,快踱一圈,H,內圈 快踱一圈 (助手)
H354,12/03/2026,踱步,從化,飛機場,從化 飛機場,,,,,,助手,,踱步,H,飛機場 踱步 (助手)
H354,11/03/2026,快操,從化,全天候,從化 全天候,,55.4,55.4,29.8 25.6,,助手,,快操,H,29.8 25.6 (55.4) (助手)
H354,11/03/2026,踱步,從化,飛機場,從化 飛機場,,,,,,助手,,踱步,H,飛機場 踱步 (助手)
H354,10/03/2026,踱步,從化,內圈,從化 內圈,,,,,,助手,,快踱一圈,H,內圈 快踱一圈 (助手)
H354,09/03/2026,踱步,從化,內圈,從化 內圈,,,,,,助手,,倒快兩圈,H,內圈 倒快兩圈 (助手)
H354,07/03/2026,游水,從化,,從化,,,,,,,,游水,,
H354,07/03/2026,快操,從化,全天候,從化 全天候,,55.5,55.5,30.1 25.4,,助手,,快操,H,30.1 25.4 (55.5) (助手)
H354,07/03/2026,踱步,從化,飛機場,從化 飛機場,,,,,,助手,,踱步,H,飛機場 踱步 (助手)
H354,06/03/2026,游水,從化,,從化,,,,,,,,游水,,
H354,06/03/2026,踱步,從化,內圈,從化 內圈,,,,,,助手,,快踱一圈,H,內圈 快踱一圈 (助手)
H354,05/03/2026,游水,從化,,從化,,,,,,,,游水,,
H354,05/03/2026,踱步,從化,內圈,從化 內圈,,,,,,助手,,倒快一圈,H,內圈 倒快一圈 (助手)
H354,04/03/2026,快操,從化,全天候,從化 全天候,,55.3,55.3,28.8 26.5,,助手,,快操,H,28.8 26.5 (55.3) (助手)
H354,04/03/2026,踱步,從化,飛機場,從化 飛機場,,,,,,助手,,踱步,H,飛機場 踱步 (助手)
H354,03/03/2026,踱步,從化,內圈,從化 內圈,,,,,,助手,,快踱一圈,H,內圈 快踱一圈 (助手)
H354,02/03/2026,踱步,從化,內圈,從化 內圈,,,,,,助手,,倒快兩圈,H,內圈 倒快兩圈 (助手)
H354,01/03/2026,馬匹水中步行機,從化,,從化,,,,,,,,馬匹水中步行機,,
H354,28/02/2026,馬匹水中步行機,從化,,從化,,,,,,,,馬匹水中步行機,,
H354,28/02/2026,踱步,從化,內圈,從化 內圈,,,,,,助手,,快踱一圈,H,內圈 快踱一圈 (助手)
H354,26/02/2026,快操,沙田,草閘,沙田 草閘,,51.6,51.6,27.4 24.2,,希威森,,愛馬善,B,27.4 24.2 (51.6) (希威森) 愛馬善
H354,25/02/2026,踱步,沙田,內圈,沙田 內圈,,,,,,助手,,快踱一圈,H,內圈 快踱一圈 (助手)
H354,24/02/2026,踱步,沙田,內圈,沙田 內圈,,,,,,助手,,快踱一圈,H,內圈 快踱一圈 (助手)
H354,23/02/2026,踱步,沙田,內圈,沙田 內圈,,,,,,助手,,倒快兩圈,H,內圈 倒快兩圈 (助手)
H354,21/02/2026,踱步,沙田,內圈,沙田 內圈,,,,,,助手,,快踱一圈,H,內圈 快踱一圈 (助手)
H354,20/02/2026,踱步,沙田,內圈,沙田 內圈,,,,,,助手,,快踱一圈,H,內圈 快踱一圈 (助手)
H354,19/02/2026,踱步,沙田,內圈,沙田 內圈,,,,,,助手,,倒快兩圈,H,內圈 倒快兩圈 (助手)
H354,18/02/2026,踱步,沙田,奧運馬房沙地練習場,沙田 奧運馬房沙地練習場,,,,,,助手,,踱步,H,奧運馬房沙地練習場 踱步 (助手)
H354,16/02/2026,游水,沙田,,沙田,,,,,,,,游水,,
H354,14/02/2026,出賽,沙田,草地,沙田 草地,1800M,,,,,希威森,11/14,出賽,TT,1800M (希威森) (11/14)
H354,13/02/2026,踱步,沙田,內圈,沙田 內圈,,,,,,助手,,快踱一圈,H,內圈 快踱一圈 (助手)
H354,12/02/2026,快操,沙田,全天候,沙田 全天候,,26.2,26.2,26.2,,助手,,快操,H,26.2 (26.2) (助手)
H354,11/02/2026,踱步,沙田,內圈,沙田 內圈,,,,,,助手,,快踱一圈,H,內圈 快踱一圈 (助手)
H354,10/02/2026,踱步,沙田,內圈,沙田 內圈,,,,,,助手,,快踱一圈,H,內圈 快踱一圈 (助手)
H354,09/02/2026,踱步,沙田,內圈,沙田 內圈,,,,,,助手,,倒快兩圈,H,內圈 倒快兩圈 (助手)
H354,07/02/2026,快操,沙田,全天候,沙田 全天候,,54.0,54.0,28.2 25.8,,助手,,風繼續吹,H,28.2 25.8 (54.0) (助手) 風繼續吹
H354,06/02/2026,踱步,沙田,內圈,沙田 內圈,,,,,,助手,,快踱一圈,H,內圈 快踱一圈 (助手)
H354,05/02/2026,踱步,沙田,內圈,沙田 內圈,,,,,,助手,,倒快一圈,H,內圈 倒快一圈 (助手)
H354,04/02/2026,快操,沙田,全天候,沙田 全天候,,55.6,55.6,29.0 26.6,,助手,,快操,H,29.0 26.6 (55.6) (助手)
H354,03/02/2026,踱步,沙田,內圈,沙田 內圈,,,,,,助手,,快踱一圈,H,內圈 快踱一圈 (助手)
H354,02/02/2026,踱步,沙田,內圈,沙田 內圈,,,,,,助手,,倒快兩圈,H,內圈 倒快兩圈 (助手)
H354,31/01/2026,踱步,沙田,內圈,沙田 內圈,,,,,,助手,,快踱一圈,H,內圈 快踱一圈 (助手)
H354,30/01/2026,踱步,沙田,內圈,沙田 內圈,,,,,,助手,,快踱一圈,H,內圈 快踱一圈 (助手)
H354,29/01/2026,踱步,沙田,內圈,沙田 內圈,,,,,,助手,,倒快兩圈,H,內圈 倒快兩圈 (助手)
H354,28/01/2026,踱步,沙田,內圈,沙田 內圈,,,,,,助手,,快踱一圈,H,內圈 快踱一圈 (助手)
H354,27/01/2026,踱步,沙田,內圈,沙田 內圈,,,,,,助手,,快踱一圈,H,內圈 快踱一圈 (助手)
H354,26/01/2026,游水,沙田,,沙田,,,,,,,,游水,,
H354,26/01/2026,踱步,沙田,內圈,沙田 內圈,,,,,,助手,,倒快兩圈,H,內圈 倒快兩圈 (助手)
H354,21/01/2026,出賽,沙田,全天候,沙田 全天候,1800M,,,,,希威森,6/14,出賽,TT,1800M (希威森) (6/14)
H354,21/01/2026,踱步,沙田,河畔跑道,沙田 河畔跑道,,,,,,助手,,踱步,H,河畔跑道 踱步 (助手)
H354,20/01/2026,踱步,沙田,內圈,沙田 內圈,,,,,,副練馬師,,快踱一圈,H,內圈 快踱一圈 (副練馬師)
H354,19/01/2026,踱步,沙田,內圈,沙田 內圈,,,,,,助手,,倒快兩圈,H,內圈 倒快兩圈 (助手)
H354,18/01/2026,踱步,沙田,內圈,沙田 內圈,,,,,,助手,,快踱一圈,H,內圈 快踱一圈 (助手)
H354,17/01/2026,快操,沙田,全天候,沙田 全天候,,57.5,57.5,31.1 26.4,,副練馬師,,快操,H,31.1 26.4 (57.5) (副練馬師)
H354,16/01/2026,踱步,沙田,內圈,沙田 內圈,,,,,,助手,,快踱一圈,H,內圈 快踱一圈 (助手)
H354,15/01/2026,踱步,沙田,內圈,沙田 內圈,,,,,,助手,,倒快兩圈,H,內圈 倒快兩圈 (助手)
H354,14/01/2026,踱步,沙田,內圈,沙田 內圈,,,,,,助手,,快踱一圈,H,內圈 快踱一圈 (助手)
H354,13/01/2026,馬匹跑步機,沙田,,沙田,,,,,,上斜,,馬匹跑步機 - 踱步,,馬匹跑步機 - 踱步 （上斜）
H354,13/01/2026,踱步,沙田,內圈,沙田 內圈,,,,,,助手,,快踱一圈,H,內圈 快踱一圈 (助手)
H354,12/01/2026,踱步,沙田,內圈,沙田 內圈,,,,,,助手,,倒快兩圈,H,內圈 倒快兩圈 (助手)
H354,10/01/2026,快操,沙田,全天候,沙田 全天候,,50.1,50.1,26.8 23.3,,助手,,"風繼續吹, 領航多福",H,"26.8 23.3 (50.1) (助手) 風繼續吹, 領航多福"
H354,09/01/2026,踱步,沙田,內圈,沙田 內圈,,,,,,助手,,快踱一圈,H,內圈 快踱一圈 (助手)
H354,08/01/2026,踱步,沙田,內圈,沙田 內圈,,,,,,助手,,倒快一圈,H,內圈 倒快一圈 (助手)
H354,07/01/2026,快操,沙田,全天候,沙田 全天候,,1.01.4,61.4,32.3 29.1,,助手,,快操,H,32.3 29.1 (1.01.4) (助手)
H354,06/01/2026,踱步,沙田,內圈,沙田 內圈,,,,,,助手,,快踱一圈,H,內圈 快踱一圈 (助手)
H354,05/01/2026,踱步,沙田,內圈,沙田 內圈,,,,,,助手,,倒快兩圈,H,內圈 倒快兩圈 (助手)
H354,03/01/2026,快操,沙田,全天候,沙田 全天候,,51.6,51.6,27.1 24.5,,希威森,,勤德天下,H,27.1 24.5 (51.6) (希威森) 勤德天下
H354,02/01/2026,踱步,沙田,內圈,沙田 內圈,,,,,,助手,,快踱一圈,H,內圈 快踱一圈 (助手)
H354,01/01/2026,踱步,沙田,內圈,沙田 內圈,,,,,,助手,,倒快一圈,H,內圈 倒快一圈 (助手)
H354,31/12/2025,快操,沙田,全天候,沙田 全天候,,27.7,27.7,27.7,,助手,,快操,H,27.7 (27.7) (助手)
H354,29/12/2025,踱步,沙田,內圈,沙田 內圈,,,,,,助手,,倒快兩圈,H,內圈 倒快兩圈 (助手)
H354,27/12/2025,踱步,沙田,內圈,沙田 內圈,,,,,,助手,,快踱一圈,H,內圈 快踱一圈 (助手)
H354,26/12/2025,踱步,沙田,內圈,沙田 內圈,,,,,,助手,,快踱一圈,H,內圈 快踱一圈 (助手)
H354,25/12/2025,踱步,沙田,內圈,沙田 內圈,,,,,,助手,,倒快一圈,H,內圈 倒快一圈 (助手)
H354,24/12/2025,踱步,沙田,內圈,沙田 內圈,,,,,,助手,,快踱一圈,H,內圈 快踱一圈 (助手)
H354,23/12/2025,游水,沙田,,沙田,,,,,,,,游水,,
H354,22/12/2025,游水,沙田,,沙田,,,,,,,,游水,,
H354,20/12/2025,出賽,沙田,草地,沙田 草地,1600M,,,,,希威森,7/14,出賽,TT,1600M (希威森) (7/14)
H354,19/12/2025,踱步,沙田,內圈,沙田 內圈,,,,,,助手,,快踱一圈,H,內圈 快踱一圈 (助手)
H354,18/12/2025,快操,沙田,全天候,沙田 全天候,,56.6,56.6,30.6 26.0,,助手,,快操,H,30.6 26.0 (56.6) (助手)
H354,17/12/2025,踱步,沙田,內圈,沙田 內圈,,,,,,助手,,快踱一圈,H,內圈 快踱一圈 (助手)
H354,16/12/2025,踱步,沙田,內圈,沙田 內圈,,,,,,助手,,快踱一圈,H,內圈 快踱一圈 (助手)
H354,15/12/2025,踱步,沙田,內圈,沙田 內圈,,,,,,助手,,倒快兩圈,H,內圈 倒快兩圈 (助手)
H354,13/12/2025,快操,沙田,全天候,沙田 全天候,,1.22.4,82.4,32.2 26.6 23.6,,副練馬師,,盈利寶馬,H,32.2 26.6 23.6 (1.22.4) (副練馬師) 盈利寶馬
H354,12/12/2025,踱步,沙田,內圈,沙田 內圈,,,,,,助手,,快踱一圈,H,內圈 快踱一圈 (助手)
H354,11/12/2025,踱步,沙田,內圈,沙田 內圈,,,,,,助手,,倒快兩圈,H,內圈 倒快兩圈 (助手)
H354,10/12/2025,踱步,沙田,內圈,沙田 內圈,,,,,,助手,,快踱一圈,H,內圈 快踱一圈 (助手)
H354,09/12/2025,踱步,沙田,內圈,沙田 內圈,,,,,,助手,,快踱一圈,H,內圈 快踱一圈 (助手)
H354,08/12/2025,踱步,沙田,內圈,沙田 內圈,,,,,,助手,,倒快兩圈,H,內圈 倒快兩圈 (助手)
H354,06/12/2025,快操,沙田,全天候,沙田 全天候,,1.23.9,83.9,30.5 28.3 25.1,,副練馬師,,快操,H,30.5 28.3 25.1 (1.23.9) (副練馬師)
H354,05/12/2025,踱步,沙田,內圈,沙田 內圈,,,,,,助手,,快踱一圈,H,內圈 快踱一圈 (助手)
H354,04/12/2025,馬匹跑步機,沙田,,沙田,,,,,,上斜,,馬匹跑步機 - 踱步,,馬匹跑步機 - 踱步 （上斜）
H354,04/12/2025,踱步,沙田,內圈,沙田 內圈,,,,,,助手,,倒快一圈,H,內圈 倒快一圈 (助手)
H354,03/12/2025,快操,沙田,全天候,沙田 全天候,,1.24.2,84.2,30.4 28.0 25.8,,副練馬師,,快操,H,30.4 28.0 25.8 (1.24.2) (副練馬師)
H354,02/12/2025,踱步,沙田,內圈,沙田 內圈,,,,,,副練馬師,,快踱一圈,H,內圈 快踱一圈 (副練馬師)
H354,01/12/2025,踱步,沙田,內圈,沙田 內圈,,,,,,助手,,倒快兩圈,H,內圈 倒快兩圈 (助手)
H354,29/11/2025,快操,沙田,全天候,沙田 全天候,,53.6,53.6,27.7 25.9,,助手,,快操,H,27.7 25.9 (53.6) (助手)
H354,28/11/2025,踱步,沙田,內圈,沙田 內圈,,,,,,助手,,快踱一圈,H,內圈 快踱一圈 (助手)
H354,27/11/2025,踱步,沙田,內圈,沙田 內圈,,,,,,助手,,倒快兩圈,H,內圈 倒快兩圈 (助手)
H354,26/11/2025,踱步,沙田,內圈,沙田 內圈,,,,,,助手,,快踱一圈,H,內圈 快踱一圈 (助手)
H354,25/11/2025,踱步,沙田,內圈,沙田 內圈,,,,,,助手,,快踱一圈,H,內圈 快踱一圈 (助手)
H354,24/11/2025,踱步,沙田,內圈,沙田 內圈,,,,,,助手,,倒快兩圈,H,內圈 倒快兩圈 (助手)
H354,22/11/2025,踱步,沙田,內圈,沙田 內圈,,,,,,助手,,快踱一圈,H,內圈 快踱一圈 (助手)
H354,21/11/2025,踱步,沙田,內圈,沙田 內圈,,,,,,助手,,快踱一圈,H,內圈 快踱一圈 (助手)
H354,20/11/2025,踱步,沙田,內圈,沙田 內圈,,,,,,助手,,倒快一圈,H,內圈 倒快一圈 (助手)
H354,18/11/2025,游水,沙田,,沙田,,,,,,,,游水,,
H354,15/11/2025,出賽,沙田,全天候,沙田 全天候,1650M,,,,,周俊樂,9/14,出賽,TT,1650M (周俊樂) (9/14)
H354,14/11/2025,踱步,沙田,內圈,沙田 內圈,,,,,,副練馬師,,快踱一圈,H,內圈 快踱一圈 (副練馬師)
H354,13/11/2025,踱步,沙田,內圈,沙田 內圈,,,,,,助手,,倒快兩圈,H,內圈 倒快兩圈 (助手)
H354,12/11/2025,快操,沙田,全天候,沙田 全天候,,1.01.7,61.7,33.6 28.1,,助手,,快操,H,33.6 28.1 (1.01.7) (助手)
H354,11/11/2025,踱步,沙田,內圈,沙田 內圈,,,,,,助手,,快踱一圈,H,內圈 快踱一圈 (助手)
H354,10/11/2025,踱步,沙田,內圈,沙田 內圈,,,,,,助手,,倒快兩圈,H,內圈 倒快兩圈 (助手)
H354,08/11/2025,踱步,沙田,內圈,沙田 內圈,,,,,,助手,,快踱一圈,H,內圈 快踱一圈 (助手)
H354,07/11/2025,踱步,沙田,內圈,沙田 內圈,,,,,,助手,,快踱一圈,H,內圈 快踱一圈 (助手)
H354,06/11/2025,踱步,沙田,內圈,沙田 內圈,,,,,,助手,,倒快兩圈,H,內圈 倒快兩圈 (助手)
H354,05/11/2025,踱步,沙田,內圈,沙田 內圈,,,,,,助手,,快踱一圈,H,內圈 快踱一圈 (助手)
H354,04/11/2025,踱步,沙田,內圈,沙田 內圈,,,,,,助手,,快踱一圈,H,內圈 快踱一圈 (助手)
H354,03/11/2025,踱步,沙田,內圈,沙田 內圈,,,,,,助手,,倒快一圈,H,內圈 倒快一圈 (助手)
H354,30/10/2025,出賽,沙田,全天候,沙田 全天候,1800M,,,,,希威森,4/13,出賽,TT,1800M (希威森) (4/13)
H354,29/10/2025,踱步,沙田,內圈,沙田 內圈,,,,,,助手,,快踱一圈,H,內圈 快踱一圈 (助手)
H354,28/10/2025,快操,沙田,全天候,沙田 全天候,,26.2,26.2,26.2,,助手,,快操,H,26.2 (26.2) (助手)
H354,27/10/2025,踱步,沙田,內圈,沙田 內圈,,,,,,助手,,倒快兩圈,H,內圈 倒快兩圈 (助手)
H354,26/10/2025,踱步,沙田,內圈,沙田 內圈,,,,,,助手,,快踱一圈,H,內圈 快踱一圈 (助手)
H354,25/10/2025,踱步,沙田,內圈,沙田 內圈,,,,,,助手,,快踱一圈,H,內圈 快踱一圈 (助手)
H354,24/10/2025,踱步,沙田,內圈,沙田 內圈,,,,,,助手,,快踱一圈,H,內圈 快踱一圈 (助手)
H354,23/10/2025,踱步,沙田,內圈,沙田 內圈,,,,,,助手,,倒快一圈,H,內圈 倒快一圈 (助手)
H354,19/10/2025,出賽,沙田,草地,沙田 草地,1800M,,,,,希威森,1/14,出賽,TT,1800M (希威森) (1/14)
H354,18/10/2025,踱步,沙田,內圈,沙田 內圈,,,,,,助手,,快踱一圈,H,內圈 快踱一圈 (助手)
H354,17/10/2025,踱步,沙田,內圈,沙田 內圈,,,,,,助手,,快踱一圈,H,內圈 快踱一圈 (助手)
H354,16/10/2025,快操,沙田,全天候,沙田 全天候,,53.9,53.9,28.0 25.9,,助手,,快操,H,28.0 25.9 (53.9) (助手)
H354,15/10/2025,踱步,沙田,內圈,沙田 內圈,,,,,,助手,,快踱一圈,H,內圈 快踱一圈 (助手)
H354,14/10/2025,踱步,沙田,內圈,沙田 內圈,,,,,,助手,,快踱一圈,H,內圈 快踱一圈 (助手)
H354,13/10/2025,踱步,沙田,內圈,沙田 內圈,,,,,,助手,,倒快一圈,H,內圈 倒快一圈 (助手)
H354,11/10/2025,快操,沙田,全天候,沙田 全天候,,1.26.7,86.7,32.8 28.8 25.1,,希威森,,盈利寶馬,H,32.8 28.8 25.1 (1.26.7) (希威森) 盈利寶馬
H354,10/10/2025,踱步,沙田,內圈,沙田 內圈,,,,,,助手,,快踱一圈,H,內圈 快踱一圈 (助手)
H354,09/10/2025,踱步,沙田,內圈,沙田 內圈,,,,,,助手,,倒快一圈,H,內圈 倒快一圈 (助手)
H354,08/10/2025,快操,沙田,全天候,沙田 全天候,,1.22.6,82.6,31.5 27.1 24.0,,希威森,,晶晶日上,H,31.5 27.1 24.0 (1.22.6) (希威森) 晶晶日上
H354,07/10/2025,踱步,沙田,內圈,沙田 內圈,,,,,,助手,,快踱一圈,H,內圈 快踱一圈 (助手)
H354,06/10/2025,踱步,沙田,內圈,沙田 內圈,,,,,,助手,,倒快兩圈,H,內圈 倒快兩圈 (助手)
H354,04/10/2025,快操,沙田,全天候,沙田 全天候,,51.6,51.6,26.9 24.7,,助手,,快操,H,26.9 24.7 (51.6) (助手)
H354,03/10/2025,踱步,沙田,內圈,沙田 內圈,,,,,,助手,,快踱一圈,H,內圈 快踱一圈 (助手)
H354,02/10/2025,踱步,沙田,內圈,沙田 內圈,,,,,,助手,,倒快兩圈,H,內圈 倒快兩圈 (助手)
H354,01/10/2025,踱步,沙田,內圈,沙田 內圈,,,,,,助手,,快踱一圈,H,內圈 快踱一圈 (助手)
H354,30/09/2025,踱步,沙田,內圈,沙田 內圈,,,,,,助手,,快踱一圈,H,內圈 快踱一圈 (助手)
H354,29/09/2025,踱步,沙田,內圈,沙田 內圈,,,,,,助手,,倒快兩圈,H,內圈 倒快兩圈 (助手)
H354,27/09/2025,踱步,沙田,內圈,沙田 內圈,,,,,,助手,,快踱一圈,H,內圈 快踱一圈 (助手)
H354,26/09/2025,踱步,沙田,內圈,沙田 內圈,,,,,,助手,,快踱一圈,H,內圈 快踱一圈 (助手)
H354,25/09/2025,踱步,沙田,內圈,沙田 內圈,,,,,,助手,,倒快一圈,H,內圈 倒快一圈 (助手)
H354,21/09/2025,出賽,沙田,草地,沙田 草地,1600M,,,,,希威森,4/14,出賽,V-/TT,1600M (希威森) (4/14)
H354,20/09/2025,踱步,沙田,內圈,沙田 內圈,,,,,,助手,,快踱一圈,H,內圈 快踱一圈 (助手)
H354,19/09/2025,踱步,沙田,內圈,沙田 內圈,,,,,,助手,,快踱一圈,H,內圈 快踱一圈 (助手)
H354,18/09/2025,快操,沙田,全天候,沙田 全天候,,54.4,54.4,28.1 26.3,,助手,,快操,H,28.1 26.3 (54.4) (助手)
H354,17/09/2025,踱步,沙田,內圈,沙田 內圈,,,,,,助手,,快踱一圈,H,內圈 快踱一圈 (助手)
H354,16/09/2025,踱步,沙田,內圈,沙田 內圈,,,,,,助手,,快踱一圈,H,內圈 快踱一圈 (助手)
H354,15/09/2025,踱步,沙田,內圈,沙田 內圈,,,,,,助手,,倒快兩圈,H,內圈 倒快兩圈 (助手)
H354,13/09/2025,踱步,沙田,內圈,沙田 內圈,,,,,,助手,,快踱一圈,H,內圈 快踱一圈 (助手)
H354,12/09/2025,踱步,沙田,奧運馬房沙地練習場,沙田 奧運馬房沙地練習場,,,,,,助手,,踱步,H,奧運馬房沙地練習場 踱步 (助手)
H354,11/09/2025,試閘,沙田,全天候,沙田 全天候,1200M,1.10.31,70.31,24.2 22.9 23.2,火悟空,希威森,,第5組,,第5組 (希威森) 1200M 火悟空 24.2 22.9 23.2 (1.10.31)
H354,11/09/2025,踱步,沙田,飛機場,沙田 飛機場,,,,,,助手,,踱步,H,飛機場 踱步 (助手)
H354,10/09/2025,踱步,沙田,內圈,沙田 內圈,,,,,,助手,,快踱一圈,H,內圈 快踱一圈 (助手)
H354,09/09/2025,踱步,沙田,內圈,沙田 內圈,,,,,,助手,,快踱一圈,H,內圈 快踱一圈 (助手)
H354,06/09/2025,快操,沙田,全天候,沙田 全天候,,53.4,53.4,27.7 25.7,,助手,,快操,H,27.7 25.7 (53.4) (助手)
H354,05/09/2025,踱步,沙田,內圈,沙田 內圈,,,,,,助手,,快踱一圈,H,內圈 快踱一圈 (助手)
H354,04/09/2025,踱步,沙田,內圈,沙田 內圈,,,,,,助手,,倒快一圈,H,內圈 倒快一圈 (助手)
H354,03/09/2025,快操,沙田,全天候,沙田 全天候,,55.1,55.1,29.0 26.1,,助手,,快操,H,29.0 26.1 (55.1) (助手)
H354,02/09/2025,踱步,沙田,內圈,沙田 內圈,,,,,,助手,,快踱一圈,H,內圈 快踱一圈 (助手)
H354,01/09/2025,踱步,沙田,內圈,沙田 內圈,,,,,,助手,,倒快兩圈,H,內圈 倒快兩圈 (助手)
H354,30/08/2025,快操,沙田,全天候,沙田 全天候,,56.8,56.8,30.0 26.8,,助手,,快操,H,30.0 26.8 (56.8) (助手)
H354,29/08/2025,踱步,沙田,內圈,沙田 內圈,,,,,,助手,,快踱一圈,H,內圈 快踱一圈 (助手)
H354,28/08/2025,踱步,沙田,內圈,沙田 內圈,,,,,,助手,,倒快兩圈,H,內圈 倒快兩圈 (助手)
H354,27/08/2025,快操,沙田,全天候,沙田 全天候,,57.4,57.4,30.6 26.8,,助手,,快操,H,30.6 26.8 (57.4) (助手)
H354,26/08/2025,踱步,沙田,內圈,沙田 內圈,,,,,,助手,,快踱一圈,H,內圈 快踱一圈 (助手)
H354,25/08/2025,踱步,沙田,內圈,沙田 內圈,,,,,,助手,,倒快兩圈,H,內圈 倒快兩圈 (助手)
H354,23/08/2025,快操,沙田,全天候,沙田 全天候,,56.5,56.5,30.0 26.5,,助手,,快操,H,30.0 26.5 (56.5) (助手)
H354,22/08/2025,踱步,沙田,內圈,沙田 內圈,,,,,,助手,,快踱一圈,H,內圈 快踱一圈 (助手)
H354,21/08/2025,踱步,沙田,內圈,沙田 內圈,,,,,,助手,,倒快兩圈,H,內圈 倒快兩圈 (助手)
H354,20/08/2025,快操,沙田,全天候,沙田 全天候,,32.2,32.2,32.2,,助手,,快操,H,32.2 (32.2) (助手)
H354,19/08/2025,踱步,沙田,內圈,沙田 內圈,,,,,,助手,,快踱一圈,H,內圈 快踱一圈 (助手)
H354,18/08/2025,踱步,沙田,河畔跑道,沙田 河畔跑道,,,,,,助手,,踱步,H,河畔跑道 踱步 (助手)
H354,16/08/2025,踱步,沙田,內圈,沙田 內圈,,,,,,助手,,快踱一圈,H,內圈 快踱一圈 (助手)
H354,15/08/2025,踱步,沙田,內圈,沙田 內圈,,,,,,助手,,快踱一圈,H,內圈 快踱一圈 (助手)
H354,14/08/2025,踱步,沙田,內圈,沙田 內圈,,,,,,助手,,倒快兩圈,H,內圈 倒快兩圈 (助手)
H354,13/08/2025,踱步,沙田,內圈,沙田 內圈,,,,,,助手,,快踱一圈,H,內圈 快踱一圈 (助手)
H354,12/08/2025,踱步,沙田,內圈,沙田 內圈,,,,,,助手,,快踱一圈,H,內圈 快踱一圈 (助手)
H354,11/08/2025,踱步,沙田,內圈,沙田 內圈,,,,,,助手,,倒快一圈,H,內圈 倒快一圈 (助手)
H354,10/08/2025,踱步,沙田,內圈,沙田 內圈,,,,,,助手,,快踱一圈,H,內圈 快踱一圈 (助手)
H354,09/08/2025,游水,沙田,,沙田,,,,,,,,游水,,
H354,08/08/2025,踱步,沙田,內圈,沙田 內圈,,,,,,助手,,快踱一圈,H,內圈 快踱一圈 (助手)
H354,08/08/2025,踱步,沙田,河畔跑道,沙田 河畔跑道,,,,,,助手,,踱步,H,河畔跑道 踱步 (助手)
H354,07/08/2025,踱步,沙田,河畔跑道,沙田 河畔跑道,,,,,,助手,,踱步,H,河畔跑道 踱步 (助手)
H354,06/08/2025,踱步,沙田,河畔跑道,沙田 河畔跑道,,,,,,助手,,踱步,H,河畔跑道 踱步 (助手)
H354,04/08/2025,踱步,沙田,河畔跑道,沙田 河畔跑道,,,,,,助手,,踱步,H,河畔跑道 踱步 (助手)
H354,03/08/2025,踱步,沙田,河畔跑道,沙田 河畔跑道,,,,,,助手,,踱步,H,河畔跑道 踱步 (助手)
H354,02/08/2025,踱步,沙田,河畔跑道,沙田 河畔跑道,,,,,,助手,,踱步,,河畔跑道 踱步 (助手)
H354,01/08/2025,踱步,沙田,河畔跑道,沙田 河畔跑道,,,,,,助手,,踱步,,河畔跑道 踱步 (助手)
H354,04/07/2025,游水,沙田,,沙田,,,,,,,,游水,,
H354,01/07/2025,出賽,沙田,草地,沙田 草地,1600M,,,,,巴度,5/14,出賽,V/TT,1600M (巴度) (5/14)
H354,01/07/2025,踱步,沙田,內圈,沙田 內圈,,,,,,助手,,快踱一圈,H,內圈 快踱一圈 (助手)
H354,30/06/2025,游水,沙田,,沙田,,,,,,,,游水,,
H354,30/06/2025,踱步,沙田,內圈,沙田 內圈,,,,,,助手,,倒快一圈,H,內圈 倒快一圈 (助手)
H354,29/06/2025,游水,沙田,,沙田,,,,,,,,游水,,
H354,29/06/2025,踱步,沙田,內圈,沙田 內圈,,,,,,助手,,快踱一圈,H,內圈 快踱一圈 (助手)
H354,28/06/2025,游水,沙田,,沙田,,,,,,,,游水,,
H354,28/06/2025,踱步,沙田,內圈,沙田 內圈,,,,,,助手,,快踱一圈,H,內圈 快踱一圈 (助手)
H354,27/06/2025,快操,沙田,全天候,沙田 全天候,,25.3,25.3,25.3,,助手,,快操,H,25.3 (25.3) (助手)
H354,27/06/2025,踱步,沙田,飛機場,沙田 飛機場,,,,,,助手,,踱步,H,飛機場 踱步 (助手)
H354,26/06/2025,游水,沙田,,沙田,,,,,,,,游水,,
H354,26/06/2025,踱步,沙田,內圈,沙田 內圈,,,,,,助手,,倒快一圈,H,內圈 倒快一圈 (助手)
H354,25/06/2025,游水,沙田,,沙田,,,,,,,,游水,,
H354,25/06/2025,踱步,沙田,內圈,沙田 內圈,,,,,,助手,,快踱一圈,H,內圈 快踱一圈 (助手)
H354,24/06/2025,游水,沙田,,沙田,,,,,,,,游水,,
H354,24/06/2025,踱步,沙田,內圈,沙田 內圈,,,,,,助手,,快踱一圈,H,內圈 快踱一圈 (助手)
H354,23/06/2025,快操,沙田,全天候,沙田 全天候,,29.4,29.4,29.4,,助手,,快操,H,29.4 (29.4) (助手)
H354,23/06/2025,踱步,沙田,飛機場,沙田 飛機場,,,,,,助手,,踱步,H,飛機場 踱步 (助手)
H354,22/06/2025,游水,沙田,,沙田,,,,,,,,游水,,
H354,22/06/2025,踱步,沙田,內圈,沙田 內圈,,,,,,助手,,快踱一圈,H,內圈 快踱一圈 (助手)
H354,21/06/2025,游水,沙田,,沙田,,,,,,,,游水,,
H354,21/06/2025,踱步,沙田,內圈,沙田 內圈,,,,,,助手,,快踱一圈,H,內圈 快踱一圈 (助手)
H354,20/06/2025,游水,沙田,,沙田,,,,,,,,游水,,
H354,20/06/2025,踱步,沙田,內圈,沙田 內圈,,,,,,助手,,快踱一圈,H,內圈 快踱一圈 (助手)
H354,19/06/2025,游水,沙田,,沙田,,,,,,,,游水,,
H354,19/06/2025,踱步,沙田,內圈,沙田 內圈,,,,,,助手,,倒快一圈,H,內圈 倒快一圈 (助手)
H354,18/06/2025,游水,沙田,,沙田,,,,,,,,游水,,
H354,18/06/2025,踱步,沙田,飛機場,沙田 飛機場,,,,,,助手,,踱步,H,飛機場 踱步 (助手)
H354,14/06/2025,出賽,沙田,草地,沙田 草地,1400M,,,,,潘明輝,9/14,出賽,V/TT,1400M (潘明輝) (9/14)
H354,14/06/2025,踱步,沙田,內圈,沙田 內圈,,,,,,助手,,快踱一圈,H,內圈 快踱一圈 (助手)
H354,13/06/2025,游水,沙田,,沙田,,,,,,,,游水,,
H354,13/06/2025,踱步,沙田,內圈,沙田 內圈,,,,,,助手,,快踱一圈,H,內圈 快踱一圈 (助手)
H354,12/06/2025,游水,沙田,,沙田,,,,,,,,游水,,
H354,12/06/2025,踱步,沙田,內圈,沙田 內圈,,,,,,助手,,倒快一圈,H,內圈 倒快一圈 (助手)
H354,11/06/2025,游水,沙田,,沙田,,,,,,,,游水,,
H354,11/06/2025,踱步,沙田,內圈,沙田 內圈,,,,,,助手,,快踱一圈,H,內圈 快踱一圈 (助手)
H354,10/06/2025,快操,沙田,全天候,沙田 全天候,,26.6,26.6,26.6,,副練馬師,,快操,H,26.6 (26.6) (副練馬師)
H354,10/06/2025,踱步,沙田,飛機場,沙田 飛機場,,,,,,副練馬師,,踱步,H,飛機場 踱步 (副練馬師)
H354,09/06/2025,游水,沙田,,沙田,,,,,,,,游水,,
H354,09/06/2025,踱步,沙田,內圈,沙田 內圈,,,,,,助手,,倒快一圈,H,內圈 倒快一圈 (助手)
H354,08/06/2025,游水,沙田,,沙田,,,,,,,,游水,,
H354,08/06/2025,踱步,沙田,內圈,沙田 內圈,,,,,,助手,,快踱一圈,H,內圈 快踱一圈 (助手)
H354,07/06/2025,游水,沙田,,沙田,,,,,,,,游水,,
H354,07/06/2025,踱步,沙田,內圈,沙田 內圈,,,,,,助手,,快踱一圈,H,內圈 快踱一圈 (助手)
H354,06/06/2025,快操,沙田,全天候,沙田 全天候,,25.6,25.6,25.6,,副練馬師,,快操,H,25.6 (25.6) (副練馬師)
H354,06/06/2025,踱步,沙田,飛機場,沙田 飛機場,,,,,,副練馬師,,踱步,H,飛機場 踱步 (副練馬師)
H354,05/06/2025,游水,沙田,,沙田,,,,,,,,游水,,
H354,05/06/2025,踱步,沙田,內圈,沙田 內圈,,,,,,助手,,倒快一圈,H,內圈 倒快一圈 (助手)
H354,04/06/2025,游水,沙田,,沙田,,,,,,,,游水,,
H354,04/06/2025,踱步,沙田,內圈,沙田 內圈,,,,,,助手,,快踱一圈,H,內圈 快踱一圈 (助手)
H354,03/06/2025,游水,沙田,,沙田,,,,,,,,游水,,
H354,03/06/2025,踱步,沙田,內圈,沙田 內圈,,,,,,助手,,快踱一圈,H,內圈 快踱一圈 (助手)
H354,02/06/2025,游水,沙田,,沙田,,,,,,,,游水,,
H354,02/06/2025,快操,沙田,全天候,沙田 全天候,,28.6,28.6,28.6,,副練馬師,,快操,H,28.6 (28.6) (副練馬師)
H354,02/06/2025,踱步,沙田,飛機場,沙田 飛機場,,,,,,副練馬師,,踱步,H,飛機場 踱步 (副練馬師)
H354,01/06/2025,游水,沙田,,沙田,,,,,,,,游水,,
H354,01/06/2025,踱步,沙田,內圈,沙田 內圈,,,,,,助手,,快踱一圈,H,內圈 快踱一圈 (助手)
H354,31/05/2025,游水,沙田,,沙田,,,,,,,,游水,,
H354,31/05/2025,踱步,沙田,內圈,沙田 內圈,,,,,,助手,,快踱一圈,H,內圈 快踱一圈 (助手)
H354,30/05/2025,游水,沙田,,沙田,,,,,,,,游水,,
H354,29/05/2025,游水,沙田,,沙田,,,,,,,,游水,,
H354,28/05/2025,游水,沙田,,沙田,,,,,,,,游水,,
H354,27/05/2025,游水,沙田,,沙田,,,,,,,,游水,,
H354,25/05/2025,出賽,沙田,草地,沙田 草地,1600M,,,,,希威森,2/13,出賽,V/TT,1600M (希威森) (2/13)
H354,25/05/2025,踱步,沙田,內圈,沙田 內圈,,,,,,助手,,快踱一圈,H,內圈 快踱一圈 (助手)
H354,24/05/2025,游水,沙田,,沙田,,,,,,,,游水,,
H354,24/05/2025,踱步,沙田,內圈,沙田 內圈,,,,,,助手,,快踱一圈,H,內圈 快踱一圈 (助手)
H354,23/05/2025,游水,沙田,,沙田,,,,,,,,游水,,
H354,23/05/2025,踱步,沙田,內圈,沙田 內圈,,,,,,助手,,快踱一圈,H,內圈 快踱一圈 (助手)
H354,22/05/2025,游水,沙田,,沙田,,,,,,,,游水,,
H354,21/05/2025,快操,沙田,全天候,沙田 全天候,,27.5,27.5,27.5,,希威森,,快操,H,27.5 (27.5) (希威森)
H354,21/05/2025,踱步,沙田,飛機場,沙田 飛機場,,,,,,希威森,,踱步,H,飛機場 踱步 (希威森)
H354,20/05/2025,游水,沙田,,沙田,,,,,,,,游水,,
H354,19/05/2025,游水,沙田,,沙田,,,,,,,,游水,,
H354,19/05/2025,踱步,沙田,內圈,沙田 內圈,,,,,,助手,,倒快一圈,H,內圈 倒快一圈 (助手)
H354,18/05/2025,游水,沙田,,沙田,,,,,,,,游水,,
H354,18/05/2025,踱步,沙田,內圈,沙田 內圈,,,,,,助手,,快踱一圈,H,內圈 快踱一圈 (助手)
H354,17/05/2025,快操,沙田,全天候,沙田 全天候,,25.7,25.7,25.7,,希威森,,快操,H,25.7 (25.7) (希威森)
H354,17/05/2025,踱步,沙田,飛機場,沙田 飛機場,,,,,,希威森,,踱步,H,飛機場 踱步 (希威森)
H354,16/05/2025,游水,沙田,,沙田,,,,,,,,游水,,
H354,16/05/2025,踱步,沙田,內圈,沙田 內圈,,,,,,助手,,快踱一圈,H,內圈 快踱一圈 (助手)
H354,15/05/2025,游水,沙田,,沙田,,,,,,,,游水,,
H354,15/05/2025,踱步,沙田,內圈,沙田 內圈,,,,,,助手,,倒快一圈,H,內圈 倒快一圈 (助手)
H354,14/05/2025,游水,沙田,,沙田,,,,,,,,游水,,
H354,14/05/2025,踱步,沙田,內圈,沙田 內圈,,,,,,助手,,快踱一圈,H,內圈 快踱一圈 (助手)
H354,13/05/2025,游水,沙田,,沙田,,,,,,,,游水,,
H354,13/05/2025,快操,沙田,全天候,沙田 全天候,,29.3,29.3,29.3,,副練馬師,,快操,H,29.3 (29.3) (副練馬師)
H354,13/05/2025,踱步,沙田,飛機場,沙田 飛機場,,,,,,副練馬師,,踱步,H,飛機場 踱步 (副練馬師)
H354,12/05/2025,游水,沙田,,沙田,,,,,,,,游水,,
H354,12/05/2025,踱步,沙田,內圈,沙田 內圈,,,,,,助手,,倒快一圈,H,內圈 倒快一圈 (助手)
H354,11/05/2025,游水,沙田,,沙田,,,,,,,,游水,,
H354,11/05/2025,踱步,沙田,內圈,沙田 內圈,,,,,,助手,,快踱一圈,H,內圈 快踱一圈 (助手)
H354,10/05/2025,游水,沙田,,沙田,,,,,,,,游水,,
H354,10/05/2025,踱步,沙田,內圈,沙田 內圈,,,,,,助手,,快踱一圈,H,內圈 快踱一圈 (助手)
H354,09/05/2025,游水,沙田,,沙田,,,,,,,,游水,,
H354,09/05/2025,踱步,沙田,內圈,沙田 內圈,,,,,,助手,,快踱一圈,H,內圈 快踱一圈 (助手)
H354,08/05/2025,游水,沙田,,沙田,,,,,,,,游水,,
H354,08/05/2025,踱步,沙田,飛機場,沙田 飛機場,,,,,,助手,,踱步,H,飛機場 踱步 (助手)
H354,07/05/2025,游水,沙田,,沙田,,,,,,,,游水,,
H354,06/05/2025,游水,沙田,,沙田,,,,,,,,游水,,
H354,04/05/2025,出賽,沙田,草地,沙田 草地,1600M,,,,,希威森,3/14,出賽,V/TT,1600M (希威森) (3/14)
H354,04/05/2025,踱步,沙田,內圈,沙田 內圈,,,,,,助手,,快踱一圈,H,內圈 快踱一圈 (助手)
H354,03/05/2025,游水,沙田,,沙田,,,,,,,,游水,,
H354,03/05/2025,踱步,沙田,內圈,沙田 內圈,,,,,,助手,,快踱一圈,H,內圈 快踱一圈 (助手)
H354,02/05/2025,游水,沙田,,沙田,,,,,,,,游水,,
H354,02/05/2025,踱步,沙田,內圈,沙田 內圈,,,,,,助手,,快踱一圈,H,內圈 快踱一圈 (助手)
H354,01/05/2025,游水,沙田,,沙田,,,,,,,,游水,,
H354,01/05/2025,踱步,沙田,內圈,沙田 內圈,,,,,,助手,,倒快一圈,H,內圈 倒快一圈 (助手)
H354,30/04/2025,快操,沙田,全天候,沙田 全天候,,27.3,27.3,27.3,,希威森,,快操,H,27.3 (27.3) (希威森)
H354,30/04/2025,踱步,沙田,飛機場,沙田 飛機場,,,,,,希威森,,踱步,H,飛機場 踱步 (希威森)
H354,29/04/2025,游水,沙田,,沙田,,,,,,,,游水,,
H354,29/04/2025,踱步,沙田,內圈,沙田 內圈,,,,,,助手,,快踱一圈,H,內圈 快踱一圈 (助手)
H354,28/04/2025,游水,沙田,,沙田,,,,,,,,游水,,
H354,28/04/2025,踱步,沙田,內圈,沙田 內圈,,,,,,助手,,倒快一圈,H,內圈 倒快一圈 (助手)
H354,27/04/2025,游水,沙田,,沙田,,,,,,,,游水,,
H354,27/04/2025,踱步,沙田,內圈,沙田 內圈,,,,,,助手,,快踱一圈,H,內圈 快踱一圈 (助手)
H354,26/04/2025,快操,沙田,全天候,沙田 全天候,,27.0,27.0,27.0,,希威森,,快操,H,27.0 (27.0) (希威森)
H354,26/04/2025,踱步,沙田,飛機場,沙田 飛機場,,,,,,希威森,,踱步,H,飛機場 踱步 (希威森)
H354,25/04/2025,游水,沙田,,沙田,,,,,,,,游水,,
H354,25/04/2025,踱步,沙田,內圈,沙田 內圈,,,,,,助手,,快踱一圈,H,內圈 快踱一圈 (助手)
H354,24/04/2025,游水,沙田,,沙田,,,,,,,,游水,,
H354,24/04/2025,踱步,沙田,內圈,沙田 內圈,,,,,,助手,,倒快一圈,H,內圈 倒快一圈 (助手)
H354,23/04/2025,游水,沙田,,沙田,,,,,,,,游水,,
H354,23/04/2025,踱步,沙田,內圈,沙田 內圈,,,,,,助手,,快踱一圈,H,內圈 快踱一圈 (助手)
H354,22/04/2025,快操,沙田,全天候,沙田 全天候,,26.2,26.2,26.2,,副練馬師,,快操,H,26.2 (26.2) (副練馬師)
H354,22/04/2025,踱步,沙田,飛機場,沙田 飛機場,,,,,,副練馬師,,踱步,H,飛機場 踱步 (副練馬師)
H354,21/04/2025,游水,沙田,,沙田,,,,,,,,游水,,
H354,21/04/2025,踱步,沙田,內圈,沙田 內圈,,,,,,助手,,倒快一圈,H,內圈 倒快一圈 (助手)
H354,20/04/2025,游水,沙田,,沙田,,,,,,,,游水,,
H354,20/04/2025,踱步,沙田,內圈,沙田 內圈,,,,,,助手,,快踱一圈,H,內圈 快踱一圈 (助手)
H354,19/04/2025,游水,沙田,,沙田,,,,,,,,游水,,
H354,19/04/2025,踱步,沙田,內圈,沙田 內圈,,,,,,助手,,快踱一圈,H,內圈 快踱一圈 (助手)
H354,18/04/2025,快操,沙田,全天候,沙田 全天候,,58.5,58.5,32.9 25.6,,副練馬師,,快操,H,32.9 25.6 (58.5) (副練馬師)
H354,18/04/2025,踱步,沙田,飛機場,沙田 飛機場,,,,,,副練馬師,,踱步,H,飛機場 踱步 (副練馬師)
H354,17/04/2025,游水,沙田,,沙田,,,,,,,,游水,,
H354,17/04/2025,踱步,沙田,內圈,沙田 內圈,,,,,,助手,,倒快一圈,H,內圈 倒快一圈 (助手)
H354,16/04/2025,游水,沙田,,沙田,,,,,,,,游水,,
H354,16/04/2025,踱步,沙田,內圈,沙田 內圈,,,,,,助手,,快踱一圈,H,內圈 快踱一圈 (助手)
H354,15/04/2025,游水,沙田,,沙田,,,,,,,,游水,,
H354,15/04/2025,踱步,沙田,內圈,沙田 內圈,,,,,,助手,,快踱一圈,H,內圈 快踱一圈 (助手)
H354,14/04/2025,游水,沙田,,沙田,,,,,,,,游水,,
H354,14/04/2025,快操,沙田,全天候,沙田 全天候,,26.4,26.4,26.4,,助手,,快操,H,26.4 (26.4) (助手)
H354,14/04/2025,踱步,沙田,飛機場,沙田 飛機場,,,,,,助手,,踱步,H,飛機場 踱步 (助手)
H354,13/04/2025,游水,沙田,,沙田,,,,,,,,游水,,
H354,13/04/2025,踱步,沙田,內圈,沙田 內圈,,,,,,助手,,快踱一圈,H,內圈 快踱一圈 (助手)
H354,12/04/2025,游水,沙田,,沙田,,,,,,,,游水,,
H354,12/04/2025,踱步,沙田,內圈,沙田 內圈,,,,,,助手,,快踱一圈,H,內圈 快踱一圈 (助手)
H354,11/04/2025,游水,沙田,,沙田,,,,,,,,游水,,
H354,11/04/2025,踱步,沙田,內圈,沙田 內圈,,,,,,助手,,快踱一圈,H,內圈 快踱一圈 (助手)
H354,10/04/2025,游水,沙田,,沙田,,,,,,,,游水,,
H354,10/04/2025,踱步,沙田,飛機場,沙田 飛機場,,,,,,助手,,踱步,H,飛機場 踱步 (助手)
H354,09/04/2025,游水,沙田,,沙田,,,,,,,,游水,,
H354,06/04/2025,出賽,沙田,草地,沙田 草地,1600M,,,,,梁家俊,4/14,出賽,V/TT,1600M (梁家俊) (4/14)
H354,06/04/2025,踱步,沙田,內圈,沙田 內圈,,,,,,助手,,快踱一圈,H,內圈 快踱一圈 (助手)
H354,05/04/2025,游水,沙田,,沙田,,,,,,,,游水,,
H354,05/04/2025,踱步,沙田,內圈,沙田 內圈,,,,,,助手,,快踱一圈,H,內圈 快踱一圈 (助手)
H354,04/04/2025,游水,沙田,,沙田,,,,,,,,游水,,
H354,04/04/2025,踱步,沙田,內圈,沙田 內圈,,,,,,助手,,快踱一圈,H,內圈 快踱一圈 (助手)
H354,03/04/2025,游水,沙田,,沙田,,,,,,,,游水,,
H354,03/04/2025,踱步,沙田,內圈,沙田 內圈,,,,,,助手,,倒快一圈,H,內圈 倒快一圈 (助手)
H354,02/04/2025,游水,沙田,,沙田,,,,,,,,游水,,
H354,02/04/2025,快操,沙田,全天候,沙田 全天候,,27.7,27.7,27.7,,副練馬師,,快操,H,27.7 (27.7) (副練馬師)
H354,02/04/2025,踱步,沙田,飛機場,沙田 飛機場,,,,,,副練馬師,,踱步,H,飛機場 踱步 (副練馬師)
H354,01/04/2025,游水,沙田,,沙田,,,,,,,,游水,,
H354,01/04/2025,踱步,沙田,內圈,沙田 內圈,,,,,,助手,,快踱一圈,H,內圈 快踱一圈 (助手)
H354,31/03/2025,游水,沙田,,沙田,,,,,,,,游水,,
H354,31/03/2025,踱步,沙田,內圈,沙田 內圈,,,,,,助手,,倒快一圈,H,內圈 倒快一圈 (助手)
H354,30/03/2025,游水,沙田,,沙田,,,,,,,,游水,,
H354,30/03/2025,踱步,沙田,內圈,沙田 內圈,,,,,,助手,,快踱一圈,H,內圈 快踱一圈 (助手)
H354,29/03/2025,游水,沙田,,沙田,,,,,,,,游水,,
H354,29/03/2025,踱步,沙田,內圈,沙田 內圈,,,,,,助手,,快踱一圈,H,內圈 快踱一圈 (助手)
H354,28/03/2025,游水,沙田,,沙田,,,,,,,,游水,,
H354,28/03/2025,踱步,沙田,內圈,沙田 內圈,,,,,,助手,,快踱一圈,H,內圈 快踱一圈 (助手)
H354,27/03/2025,游水,沙田,,沙田,,,,,,,,游水,,
H354,27/03/2025,踱步,沙田,飛機場,沙田 飛機場,,,,,,助手,,踱步,H,飛機場 踱步 (助手)
H354,26/03/2025,游水,沙田,,沙田,,,,,,,,游水,,
H354,25/03/2025,游水,沙田,,沙田,,,,,,,,游水,,
H354,23/03/2025,出賽,沙田,草地,沙田 草地,1600M,,,,,梁家俊,3/14,出賽,V/TT,1600M (梁家俊) (3/14)
H354,23/03/2025,踱步,沙田,內圈,沙田 內圈,,,,,,助手,,快踱一圈,H,內圈 快踱一圈 (助手)
H354,22/03/2025,游水,沙田,,沙田,,,,,,,,游水,,
H354,22/03/2025,踱步,沙田,內圈,沙田 內圈,,,,,,助手,,快踱一圈,H,內圈 快踱一圈 (助手)
H354,21/03/2025,游水,沙田,,沙田,,,,,,,,游水,,
H354,21/03/2025,踱步,沙田,內圈,沙田 內圈,,,,,,助手,,快踱一圈,H,內圈 快踱一圈 (助手)
H354,20/03/2025,游水,沙田,,沙田,,,,,,,,游水,,
H354,20/03/2025,踱步,沙田,內圈,沙田 內圈,,,,,,助手,,倒快一圈,H,內圈 倒快一圈 (助手)
H354,19/03/2025,快操,沙田,全天候,沙田 全天候,,25.8,25.8,25.8,,副練馬師,,快操,H,25.8 (25.8) (副練馬師)
H354,19/03/2025,踱步,沙田,飛機場,沙田 飛機場,,,,,,副練馬師,,踱步,H,飛機場 踱步 (副練馬師)
H354,18/03/2025,游水,沙田,,沙田,,,,,,,,游水,,
H354,18/03/2025,踱步,沙田,內圈,沙田 內圈,,,,,,助手,,快踱一圈,H,內圈 快踱一圈 (助手)
H354,17/03/2025,游水,沙田,,沙田,,,,,,,,游水,,
H354,17/03/2025,踱步,沙田,內圈,沙田 內圈,,,,,,助手,,倒快一圈,H,內圈 倒快一圈 (助手)
H354,16/03/2025,游水,沙田,,沙田,,,,,,,,游水,,
H354,16/03/2025,踱步,沙田,內圈,沙田 內圈,,,,,,助手,,快踱一圈,H,內圈 快踱一圈 (助手)
H354,15/03/2025,快操,沙田,全天候,沙田 全天候,,28.1,28.1,28.1,,副練馬師,,快操,H,28.1 (28.1) (副練馬師)
H354,15/03/2025,踱步,沙田,飛機場,沙田 飛機場,,,,,,副練馬師,,踱步,H,飛機場 踱步 (副練馬師)
H354,14/03/2025,游水,沙田,,沙田,,,,,,,,游水,,
H354,14/03/2025,踱步,沙田,內圈,沙田 內圈,,,,,,助手,,快踱一圈,H,內圈 快踱一圈 (助手)
H354,13/03/2025,游水,沙田,,沙田,,,,,,,,游水,,
H354,13/03/2025,踱步,沙田,內圈,沙田 內圈,,,,,,助手,,倒快一圈,H,內圈 倒快一圈 (助手)
H354,12/03/2025,游水,沙田,,沙田,,,,,,,,游水,,
H354,12/03/2025,踱步,沙田,內圈,沙田 內圈,,,,,,助手,,快踱一圈,H,內圈 快踱一圈 (助手)
H354,11/03/2025,游水,沙田,,沙田,,,,,,,,游水,,
H354,11/03/2025,快操,沙田,全天候,沙田 全天候,,28.6,28.6,28.6,,副練馬師,,快操,H,28.6 (28.6) (副練馬師)
H354,11/03/2025,踱步,沙田,飛機場,沙田 飛機場,,,,,,副練馬師,,踱步,H,飛機場 踱步 (副練馬師)
H354,10/03/2025,游水,沙田,,沙田,,,,,,,,游水,,
H354,10/03/2025,踱步,沙田,內圈,沙田 內圈,,,,,,助手,,倒快一圈,H,內圈 倒快一圈 (助手)
H354,09/03/2025,游水,沙田,,沙田,,,,,,,,游水,,
H354,09/03/2025,踱步,沙田,內圈,沙田 內圈,,,,,,助手,,快踱一圈,H,內圈 快踱一圈 (助手)
H354,08/03/2025,游水,沙田,,沙田,,,,,,,,游水,,
H354,08/03/2025,踱步,沙田,內圈,沙田 內圈,,,,,,助手,,快踱一圈,H,內圈 快踱一圈 (助手)
H354,07/03/2025,游水,沙田,,沙田,,,,,,,,游水,,
H354,07/03/2025,踱步,沙田,內圈,沙田 內圈,,,,,,助手,,快踱一圈,H,內圈 快踱一圈 (助手)
H354,06/03/2025,游水,沙田,,沙田,,,,,,,,游水,,
H354,06/03/2025,踱步,沙田,飛機場,沙田 飛機場,,,,,,助手,,踱步,H,飛機場 踱步 (助手)
H354,02/03/2025,出賽,沙田,草地,沙田 草地,1400M,,,,,麥當能,7/14,出賽,V/TT,1400M (麥當能) (7/14)
H354,02/03/2025,踱步,沙田,內圈,沙田 內圈,,,,,,助手,,快踱一圈,H,內圈 快踱一圈 (助手)
H354,01/03/2025,游水,沙田,,沙田,,,,,,,,游水,,
H354,01/03/2025,踱步,沙田,內圈,沙田 內圈,,,,,,助手,,快踱一圈,H,內圈 快踱一圈 (助手)
H354,28/02/2025,游水,沙田,,沙田,,,,,,,,游水,,
H354,28/02/2025,踱步,沙田,內圈,沙田 內圈,,,,,,助手,,快踱一圈,H,內圈 快踱一圈 (助手)
H354,27/02/2025,游水,沙田,,沙田,,,,,,,,游水,,
H354,27/02/2025,踱步,沙田,內圈,沙田 內圈,,,,,,助手,,倒快一圈,H,內圈 倒快一圈 (助手)
H354,26/02/2025,快操,沙田,全天候,沙田 全天候,,26.2,26.2,26.2,,副練馬師,,快操,H,26.2 (26.2) (副練馬師)
H354,26/02/2025,踱步,沙田,飛機場,沙田 飛機場,,,,,,副練馬師,,踱步,H,飛機場 踱步 (副練馬師)
H354,25/02/2025,游水,沙田,,沙田,,,,,,,,游水,,
H354,25/02/2025,踱步,沙田,內圈,沙田 內圈,,,,,,助手,,快踱一圈,H,內圈 快踱一圈 (助手)
H354,24/02/2025,游水,沙田,,沙田,,,,,,,,游水,,
H354,24/02/2025,踱步,沙田,內圈,沙田 內圈,,,,,,助手,,倒快一圈,H,內圈 倒快一圈 (助手)
H354,23/02/2025,游水,沙田,,沙田,,,,,,,,游水,,
H354,23/02/2025,踱步,沙田,內圈,沙田 內圈,,,,,,助手,,快踱一圈,H,內圈 快踱一圈 (助手)
H354,22/02/2025,快操,沙田,全天候,沙田 全天候,,25.2,25.2,25.2,,副練馬師,,快操,H,25.2 (25.2) (副練馬師)
H354,22/02/2025,踱步,沙田,飛機場,沙田 飛機場,,,,,,副練馬師,,踱步,,飛機場 踱步 (副練馬師)
H354,21/02/2025,游水,沙田,,沙田,,,,,,,,游水,,
H354,21/02/2025,踱步,沙田,內圈,沙田 內圈,,,,,,助手,,快踱一圈,H,內圈 快踱一圈 (助手)
H354,20/02/2025,游水,沙田,,沙田,,,,,,,,游水,,
H354,20/02/2025,踱步,沙田,內圈,沙田 內圈,,,,,,助手,,倒快一圈,H,內圈 倒快一圈 (助手)
H354,19/02/2025,游水,沙田,,沙田,,,,,,,,游水,,
H354,19/02/2025,踱步,沙田,內圈,沙田 內圈,,,,,,助手,,快踱一圈,H,內圈 快踱一圈 (助手)
H354,18/02/2025,游水,沙田,,沙田,,,,,,,,游水,,
H354,18/02/2025,快操,沙田,全天候,沙田 全天候,,29.5,29.5,29.5,,副練馬師,,快操,H,29.5 (29.5) (副練馬師)
H354,18/02/2025,踱步,沙田,飛機場,沙田 飛機場,,,,,,副練馬師,,踱步,H,飛機場 踱步 (副練馬師)
H354,17/02/2025,游水,沙田,,沙田,,,,,,,,游水,,
H354,17/02/2025,踱步,沙田,內圈,沙田 內圈,,,,,,助手,,倒快一圈,H,內圈 倒快一圈 (助手)
H354,16/02/2025,游水,沙田,,沙田,,,,,,,,游水,,
H354,16/02/2025,踱步,沙田,內圈,沙田 內圈,,,,,,助手,,快踱一圈,H,內圈 快踱一圈 (助手)
H354,15/02/2025,游水,沙田,,沙田,,,,,,,,游水,,
H354,15/02/2025,踱步,沙田,內圈,沙田 內圈,,,,,,助手,,快踱一圈,H,內圈 快踱一圈 (助手)
H354,14/02/2025,游水,沙田,,沙田,,,,,,,,游水,,
H354,14/02/2025,踱步,沙田,內圈,沙田 內圈,,,,,,助手,,快踱一圈,H,內圈 快踱一圈 (助手)
H354,13/02/2025,游水,沙田,,沙田,,,,,,,,游水,,
H354,13/02/2025,踱步,沙田,飛機場,沙田 飛機場,,,,,,助手,,踱步,H,飛機場 踱步 (助手)
H354,12/02/2025,游水,沙田,,沙田,,,,,,,,游水,,
H354,11/02/2025,游水,沙田,,沙田,,,,,,,,游水,,
H354,09/02/2025,出賽,沙田,草地,沙田 草地,1400M,,,,,希威森,1/14,出賽,V/TT,1400M (希威森) (1/14)
H354,09/02/2025,踱步,沙田,內圈,沙田 內圈,,,,,,助手,,快踱一圈,H,內圈 快踱一圈 (助手)
H354,08/02/2025,游水,沙田,,沙田,,,,,,,,游水,,
H354,08/02/2025,踱步,沙田,內圈,沙田 內圈,,,,,,助手,,快踱一圈,H,內圈 快踱一圈 (助手)
H354,07/02/2025,游水,沙田,,沙田,,,,,,,,游水,,
H354,07/02/2025,踱步,沙田,內圈,沙田 內圈,,,,,,助手,,快踱一圈,H,內圈 快踱一圈 (助手)
H354,06/02/2025,游水,沙田,,沙田,,,,,,,,游水,,
H354,06/02/2025,踱步,沙田,內圈,沙田 內圈,,,,,,助手,,倒快一圈,H,內圈 倒快一圈 (助手)
H354,05/02/2025,快操,沙田,全天候,沙田 全天候,,26.4,26.4,26.4,,希威森,,快操,H,26.4 (26.4) (希威森)
H354,05/02/2025,踱步,沙田,飛機場,沙田 飛機場,,,,,,希威森,,踱步,H,飛機場 踱步 (希威森)
H354,04/02/2025,游水,沙田,,沙田,,,,,,,,游水,,
H354,04/02/2025,踱步,沙田,內圈,沙田 內圈,,,,,,助手,,快踱一圈,H,內圈 快踱一圈 (助手)
H354,03/02/2025,游水,沙田,,沙田,,,,,,,,游水,,
H354,03/02/2025,踱步,沙田,內圈,沙田 內圈,,,,,,助手,,倒快一圈,H,內圈 倒快一圈 (助手)
H354,02/02/2025,游水,沙田,,沙田,,,,,,,,游水,,
H354,02/02/2025,踱步,沙田,內圈,沙田 內圈,,,,,,助手,,快踱一圈,H,內圈 快踱一圈 (助手)
H354,01/02/2025,快操,沙田,全天候,沙田 全天候,,26.3,26.3,26.3,,副練馬師,,快操,H,26.3 (26.3) (副練馬師)
H354,01/02/2025,踱步,沙田,飛機場,沙田 飛機場,,,,,,副練馬師,,踱步,H,飛機場 踱步 (副練馬師)
H354,31/01/2025,游水,沙田,,沙田,,,,,,,,游水,,
H354,31/01/2025,踱步,沙田,內圈,沙田 內圈,,,,,,助手,,快踱一圈,H,內圈 快踱一圈 (助手)
H354,30/01/2025,游水,沙田,,沙田,,,,,,,,游水,,
H354,30/01/2025,踱步,沙田,內圈,沙田 內圈,,,,,,助手,,倒快一圈,H,內圈 倒快一圈 (助手)
H354,28/01/2025,快操,沙田,全天候,沙田 全天候,,26.0,26.0,26.0,,希威森,,快操,H,26.0 (26.0) (希威森)
H354,28/01/2025,踱步,沙田,飛機場,沙田 飛機場,,,,,,希威森,,踱步,H,飛機場 踱步 (希威森)
H354,27/01/2025,游水,沙田,,沙田,,,,,,,,游水,,
H354,27/01/2025,踱步,沙田,內圈,沙田 內圈,,,,,,助手,,倒快一圈,H,內圈 倒快一圈 (助手)
H354,26/01/2025,游水,沙田,,沙田,,,,,,,,游水,,
H354,26/01/2025,踱步,沙田,內圈,沙田 內圈,,,,,,助手,,快踱一圈,H,內圈 快踱一圈 (助手)
H354,25/01/2025,游水,沙田,,沙田,,,,,,,,游水,,
H354,25/01/2025,踱步,沙田,內圈,沙田 內圈,,,,,,助手,,快踱一圈,H,內圈 快踱一圈 (助手)
H354,24/01/2025,游水,沙田,,沙田,,,,,,,,游水,,
H354,24/01/2025,踱步,沙田,內圈,沙田 內圈,,,,,,助手,,快踱一圈,H,內圈 快踱一圈 (助手)
H354,23/01/2025,游水,沙田,,沙田,,,,,,,,游水,,
H354,23/01/2025,踱步,沙田,內圈,沙田 內圈,,,,,,助手,,倒快一圈,H,內圈 倒快一圈 (助手)
H354,22/01/2025,游水,沙田,,沙田,,,,,,,,游水,,
H354,21/01/2025,試閘,沙田,草地,沙田 草地,1000M,0.58.38,58.38,13.8 21.3 23.2,怡昌光輝,希威森,,第3組,V,第3組 (希威森) 1000M 怡昌光輝 13.8 21.3 23.2 (0.58.38)
H354,20/01/2025,游水,沙田,,沙田,,,,,,,,游水,,
H354,20/01/2025,踱步,沙田,內圈,沙田 內圈,,,,,,助手,,倒快一圈,H,內圈 倒快一圈 (助手)
H354,19/01/2025,游水,沙田,,沙田,,,,,,,,游水,,
H354,19/01/2025,踱步,沙田,內圈,沙田 內圈,,,,,,助手,,快踱一圈,H,內圈 快踱一圈 (助手)
H354,18/01/2025,游水,沙田,,沙田,,,,,,,,游水,,
H354,17/01/2025,快操,沙田,全天候,沙田 全天候,,56.2,56.2,30.7 25.5,,周俊樂,,快操,H,30.7 25.5 (56.2) (周俊樂)
H354,17/01/2025,踱步,沙田,飛機場,沙田 飛機場,,,,,,周俊樂,,踱步,H,飛機場 踱步 (周俊樂)
H354,16/01/2025,游水,沙田,,沙田,,,,,,,,游水,,
H354,16/01/2025,踱步,沙田,內圈,沙田 內圈,,,,,,助手,,倒快一圈,H,內圈 倒快一圈 (助手)
H354,15/01/2025,游水,沙田,,沙田,,,,,,,,游水,,
H354,15/01/2025,踱步,沙田,內圈,沙田 內圈,,,,,,助手,,快踱一圈,H,內圈 快踱一圈 (助手)
H354,14/01/2025,游水,沙田,,沙田,,,,,,,,游水,,
H354,14/01/2025,踱步,沙田,內圈,沙田 內圈,,,,,,助手,,快踱一圈,H,內圈 快踱一圈 (助手)
H354,13/01/2025,快操,沙田,全天候,沙田 全天候,,26.3,26.3,26.3,,助手,,快操,H,26.3 (26.3) (助手)
H354,13/01/2025,踱步,沙田,飛機場,沙田 飛機場,,,,,,助手,,踱步,H,飛機場 踱步 (助手)
H354,12/01/2025,游水,沙田,,沙田,,,,,,,,游水,,
H354,12/01/2025,踱步,沙田,內圈,沙田 內圈,,,,,,助手,,快踱一圈,H,內圈 快踱一圈 (助手)
H354,11/01/2025,游水,沙田,,沙田,,,,,,,,游水,,
H354,11/01/2025,踱步,沙田,內圈,沙田 內圈,,,,,,助手,,快踱一圈,H,內圈 快踱一圈 (助手)
H354,10/01/2025,游水,沙田,,沙田,,,,,,,,游水,,
H354,10/01/2025,踱步,沙田,內圈,沙田 內圈,,,,,,助手,,快踱一圈,H,內圈 快踱一圈 (助手)
H354,09/01/2025,游水,沙田,,沙田,,,,,,,,游水,,
H354,09/01/2025,踱步,沙田,內圈,沙田 內圈,,,,,,助手,,倒快一圈,H,內圈 倒快一圈 (助手)
H354,08/01/2025,快操,沙田,全天候,沙田 全天候,,26.6,26.6,26.6,,周俊樂,,快操,H,26.6 (26.6) (周俊樂)
H354,08/01/2025,踱步,沙田,飛機場,沙田 飛機場,,,,,,周俊樂,,踱步,H,飛機場 踱步 (周俊樂)
H354,07/01/2025,游水,沙田,,沙田,,,,,,,,游水,,
H354,07/01/2025,踱步,沙田,內圈,沙田 內圈,,,,,,助手,,快踱一圈,H,內圈 快踱一圈 (助手)
H354,06/01/2025,游水,沙田,,沙田,,,,,,,,游水,,
H354,06/01/2025,踱步,沙田,內圈,沙田 內圈,,,,,,助手,,倒快一圈,H,內圈 倒快一圈 (助手)
H354,05/01/2025,游水,沙田,,沙田,,,,,,,,游水,,
H354,05/01/2025,踱步,沙田,內圈,沙田 內圈,,,,,,助手,,快踱一圈,H,內圈 快踱一圈 (助手)
H354,04/01/2025,游水,沙田,,沙田,,,,,,,,游水,,
H354,04/01/2025,踱步,沙田,內圈,沙田 內圈,,,,,,助手,,快踱一圈,H,內圈 快踱一圈 (助手)
H354,03/01/2025,快操,沙田,全天候,沙田 全天候,,58.9,58.9,32.6 26.3,,助手,,快操,H,32.6 26.3 (58.9) (助手)
H354,02/01/2025,踱步,沙田,飛機場,沙田 飛機場,,,,,,助手,,踱步,H,飛機場 踱步 (助手)
H354,01/01/2025,游水,沙田,,沙田,,,,,,,,游水,,
H354,01/01/2025,踱步,沙田,內圈,沙田 內圈,,,,,,助手,,快踱一圈,H,內圈 快踱一圈 (助手)
H354,31/12/2024,游水,沙田,,沙田,,,,,,,,游水,,
H354,31/12/2024,踱步,沙田,內圈,沙田 內圈,,,,,,助手,,快踱一圈,H,內圈 快踱一圈 (助手)
H354,30/12/2024,游水,沙田,,沙田,,,,,,,,游水,,
H354,30/12/2024,踱步,沙田,內圈,沙田 內圈,,,,,,助手,,倒快一圈,H,內圈 倒快一圈 (助手)
H354,29/12/2024,快操,沙田,全天候,沙田 全天候,,28.6,28.6,28.6,,助手,,快操,H,28.6 (28.6) (助手)
H354,29/12/2024,踱步,沙田,飛機場,沙田 飛機場,,,,,,助手,,踱步,H,飛機場 踱步 (助手)
H354,28/12/2024,游水,沙田,,沙田,,,,,,,,游水,,
H354,28/12/2024,踱步,沙田,內圈,沙田 內圈,,,,,,助手,,快踱一圈,H,內圈 快踱一圈 (助手)
H354,27/12/2024,游水,沙田,,沙田,,,,,,,,游水,,
H354,27/12/2024,踱步,沙田,內圈,沙田 內圈,,,,,,助手,,快踱一圈,H,內圈 快踱一圈 (助手)
H354,26/12/2024,踱步,沙田,飛機場,沙田 飛機場,,,,,,助手,,踱步,H,飛機場 踱步 (助手)
H354,22/12/2024,出賽,沙田,草地,沙田 草地,1600M,,,,,潘頓,11/14,出賽,B-/V1/TT,1600M (潘頓) (11/14)
H354,22/12/2024,踱步,沙田,內圈,沙田 內圈,,,,,,助手,,快踱一圈,H,內圈 快踱一圈 (助手)
H354,21/12/2024,游水,沙田,,沙田,,,,,,,,游水,,
H354,21/12/2024,踱步,沙田,內圈,沙田 內圈,,,,,,助手,,快踱一圈,H,內圈 快踱一圈 (助手)
H354,20/12/2024,游水,沙田,,沙田,,,,,,,,游水,,
H354,20/12/2024,踱步,沙田,內圈,沙田 內圈,,,,,,助手,,快踱一圈,H,內圈 快踱一圈 (助手)
H354,19/12/2024,游水,沙田,,沙田,,,,,,,,游水,,
H354,19/12/2024,踱步,沙田,內圈,沙田 內圈,,,,,,助手,,倒快一圈,H,內圈 倒快一圈 (助手)
H354,18/12/2024,快操,沙田,全天候,沙田 全天候,,25.9,25.9,25.9,,副練馬師,,快操,H,25.9 (25.9) (副練馬師)
H354,18/12/2024,踱步,沙田,飛機場,沙田 飛機場,,,,,,副練馬師,,踱步,H,飛機場 踱步 (副練馬師)
H354,17/12/2024,游水,沙田,,沙田,,,,,,,,游水,,
H354,17/12/2024,踱步,沙田,內圈,沙田 內圈,,,,,,助手,,快踱一圈,H,內圈 快踱一圈 (助手)
H354,16/12/2024,游水,沙田,,沙田,,,,,,,,游水,,
H354,16/12/2024,踱步,沙田,內圈,沙田 內圈,,,,,,助手,,倒快一圈,H,內圈 倒快一圈 (助手)
H354,15/12/2024,游水,沙田,,沙田,,,,,,,,游水,,
H354,15/12/2024,踱步,沙田,內圈,沙田 內圈,,,,,,助手,,快踱一圈,H,內圈 快踱一圈 (助手)
H354,14/12/2024,快操,沙田,全天候,沙田 全天候,,58.7,58.7,33.5 25.2,,副練馬師,,快操,H,33.5 25.2 (58.7) (副練馬師) (伴跳馬)
H354,14/12/2024,踱步,沙田,飛機場,沙田 飛機場,,,,,,副練馬師,,踱步,H,飛機場 踱步 (副練馬師)
H354,13/12/2024,游水,沙田,,沙田,,,,,,,,游水,,
H354,13/12/2024,踱步,沙田,內圈,沙田 內圈,,,,,,助手,,快踱一圈,H,內圈 快踱一圈 (助手)
H354,12/12/2024,游水,沙田,,沙田,,,,,,,,游水,,
H354,12/12/2024,踱步,沙田,內圈,沙田 內圈,,,,,,助手,,倒快一圈,H,內圈 倒快一圈 (助手)
H354,11/12/2024,游水,沙田,,沙田,,,,,,,,游水,,
H354,11/12/2024,踱步,沙田,內圈,沙田 內圈,,,,,,助手,,快踱一圈,H,內圈 快踱一圈 (助手)
H354,10/12/2024,快操,沙田,全天候,沙田 全天候,,27.5,27.5,27.5,,副練馬師,,快操,H,27.5 (27.5) (副練馬師)
H354,10/12/2024,踱步,沙田,飛機場,沙田 飛機場,,,,,,副練馬師,,踱步,H,飛機場 踱步 (副練馬師)
H354,09/12/2024,游水,沙田,,沙田,,,,,,,,游水,,
H354,09/12/2024,踱步,沙田,內圈,沙田 內圈,,,,,,助手,,倒快一圈,H,內圈 倒快一圈 (助手)
H354,08/12/2024,游水,沙田,,沙田,,,,,,,,游水,,
H354,08/12/2024,踱步,沙田,內圈,沙田 內圈,,,,,,助手,,快踱一圈,H,內圈 快踱一圈 (助手)
H354,07/12/2024,游水,沙田,,沙田,,,,,,,,游水,,
H354,07/12/2024,踱步,沙田,飛機場,沙田 飛機場,,,,,,助手,,踱步,H,飛機場 踱步 (助手)
H354,06/12/2024,快操,沙田,全天候,沙田 全天候,,26.2,26.2,26.2,,副練馬師,,快操,H,26.2 (26.2) (副練馬師)
H354,06/12/2024,踱步,沙田,飛機場,沙田 飛機場,,,,,,副練馬師,,踱步,H,飛機場 踱步 (副練馬師)
H354,05/12/2024,游水,沙田,,沙田,,,,,,,,游水,,
H354,04/12/2024,游水,沙田,,沙田,,,,,,,,游水,,
H354,03/12/2024,游水,沙田,,沙田,,,,,,,,游水,,
H354,03/12/2024,踱步,沙田,內圈,沙田 內圈,,,,,,助手,,快踱一圈,H,內圈 快踱一圈 (助手)
H354,02/12/2024,游水,沙田,,沙田,,,,,,,,游水,,
H354,02/12/2024,快操,沙田,全天候,沙田 全天候,,28.9,28.9,28.9,,助手,,快操,H,28.9 (28.9) (助手)
H354,01/12/2024,游水,沙田,,沙田,,,,,,,,游水,,
H354,01/12/2024,踱步,沙田,內圈,沙田 內圈,,,,,,助手,,快踱一圈,H,內圈 快踱一圈 (助手)
H354,30/11/2024,游水,沙田,,沙田,,,,,,,,游水,,
H354,30/11/2024,踱步,沙田,內圈,沙田 內圈,,,,,,助手,,快踱一圈,H,內圈 快踱一圈 (助手)
H354,29/11/2024,游水,沙田,,沙田,,,,,,,,游水,,
H354,29/11/2024,踱步,沙田,內圈,沙田 內圈,,,,,,助手,,快踱一圈,H,內圈 快踱一圈 (助手)
H354,28/11/2024,游水,沙田,,沙田,,,,,,,,游水,,
H354,28/11/2024,踱步,沙田,飛機場,沙田 飛機場,,,,,,助手,,踱步,H,飛機場 踱步 (助手)
H354,24/11/2024,出賽,沙田,草地,沙田 草地,1600M,,,,,希威森,9/14,出賽,B/TT,1600M (希威森) (9/14)
H354,24/11/2024,踱步,沙田,內圈,沙田 內圈,,,,,,助手,,快踱一圈,H,內圈 快踱一圈 (助手)
H354,23/11/2024,游水,沙田,,沙田,,,,,,,,游水,,
H354,23/11/2024,踱步,沙田,內圈,沙田 內圈,,,,,,助手,,快踱一圈,H,內圈 快踱一圈 (助手)
H354,22/11/2024,游水,沙田,,沙田,,,,,,,,游水,,
H354,22/11/2024,踱步,沙田,內圈,沙田 內圈,,,,,,助手,,快踱一圈,H,內圈 快踱一圈 (助手)
H354,21/11/2024,游水,沙田,,沙田,,,,,,,,游水,,
H354,21/11/2024,踱步,沙田,內圈,沙田 內圈,,,,,,助手,,倒快一圈,H,內圈 倒快一圈 (助手)
H354,20/11/2024,快操,沙田,全天候,沙田 全天候,,27.4,27.4,27.4,,希威森,,快操,H,27.4 (27.4) (希威森)
H354,20/11/2024,踱步,沙田,飛機場,沙田 飛機場,,,,,,希威森,,踱步,H,飛機場 踱步 (希威森)
H354,19/11/2024,游水,沙田,,沙田,,,,,,,,游水,,
H354,18/11/2024,游水,沙田,,沙田,,,,,,,,游水,,
H354,18/11/2024,踱步,沙田,內圈,沙田 內圈,,,,,,助手,,倒快一圈,H,內圈 倒快一圈 (助手)
H354,17/11/2024,游水,沙田,,沙田,,,,,,,,游水,,
H354,17/11/2024,踱步,沙田,內圈,沙田 內圈,,,,,,助手,,快踱一圈,H,內圈 快踱一圈 (助手)
H354,16/11/2024,快操,沙田,全天候,沙田 全天候,,57.2,57.2,31.2 26.0,,副練馬師,,快操,H,31.2 26.0 (57.2) (副練馬師)
H354,16/11/2024,踱步,沙田,飛機場,沙田 飛機場,,,,,,副練馬師,,踱步,H,飛機場 踱步 (副練馬師)
H354,15/11/2024,游水,沙田,,沙田,,,,,,,,游水,,
H354,15/11/2024,踱步,沙田,內圈,沙田 內圈,,,,,,助手,,快踱一圈,H,內圈 快踱一圈 (助手)
H354,14/11/2024,游水,沙田,,沙田,,,,,,,,游水,,
H354,13/11/2024,游水,沙田,,沙田,,,,,,,,游水,,
H354,13/11/2024,踱步,沙田,內圈,沙田 內圈,,,,,,助手,,快踱一圈,H,內圈 快踱一圈 (助手)
H354,12/11/2024,游水,沙田,,沙田,,,,,,,,游水,,
H354,12/11/2024,快操,沙田,全天候,沙田 全天候,,28.6,28.6,28.6,,副練馬師,,快操,H,28.6 (28.6) (副練馬師)
H354,12/11/2024,踱步,沙田,飛機場,沙田 飛機場,,,,,,副練馬師,,踱步,H,飛機場 踱步 (副練馬師)
H354,11/11/2024,游水,沙田,,沙田,,,,,,,,游水,,
H354,11/11/2024,踱步,沙田,內圈,沙田 內圈,,,,,,助手,,倒快一圈,H,內圈 倒快一圈 (助手)
H354,10/11/2024,游水,沙田,,沙田,,,,,,,,游水,,
H354,10/11/2024,踱步,沙田,內圈,沙田 內圈,,,,,,助手,,快踱一圈,H,內圈 快踱一圈 (助手)
H354,09/11/2024,游水,沙田,,沙田,,,,,,,,游水,,
H354,09/11/2024,踱步,沙田,內圈,沙田 內圈,,,,,,助手,,快踱一圈,H,內圈 快踱一圈 (助手)
H354,08/11/2024,游水,沙田,,沙田,,,,,,,,游水,,
H354,08/11/2024,踱步,沙田,內圈,沙田 內圈,,,,,,助手,,快踱一圈,H,內圈 快踱一圈 (助手)
H354,07/11/2024,游水,沙田,,沙田,,,,,,,,游水,,
H354,07/11/2024,踱步,沙田,飛機場,沙田 飛機場,,,,,,助手,,踱步,H,飛機場 踱步 (助手)
H354,06/11/2024,游水,沙田,,沙田,,,,,,,,游水,,
H354,05/11/2024,游水,沙田,,沙田,,,,,,,,游水,,
H354,03/11/2024,出賽,沙田,草地,沙田 草地,1600M,,,,,潘頓,7/14,出賽,B/TT,1600M (潘頓) (7/14)
H354,03/11/2024,踱步,沙田,內圈,沙田 內圈,,,,,,助手,,快踱一圈,H,內圈 快踱一圈 (助手)
H354,02/11/2024,游水,沙田,,沙田,,,,,,,,游水,,
H354,02/11/2024,踱步,沙田,內圈,沙田 內圈,,,,,,助手,,快踱一圈,H,內圈 快踱一圈 (助手)
H354,01/11/2024,游水,沙田,,沙田,,,,,,,,游水,,
H354,01/11/2024,踱步,沙田,內圈,沙田 內圈,,,,,,助手,,快踱一圈,H,內圈 快踱一圈 (助手)
H354,31/10/2024,游水,沙田,,沙田,,,,,,,,游水,,
H354,31/10/2024,踱步,沙田,內圈,沙田 內圈,,,,,,助手,,倒快一圈,H,內圈 倒快一圈 (助手)
H354,30/10/2024,快操,沙田,全天候,沙田 全天候,,25.5,25.5,25.5,,潘頓,,快操,H,25.5 (25.5) (潘頓)
H354,30/10/2024,踱步,沙田,飛機場,沙田 飛機場,,,,,,潘頓,,踱步,H,飛機場 踱步 (潘頓)
H354,29/10/2024,游水,沙田,,沙田,,,,,,,,游水,,
H354,29/10/2024,踱步,沙田,內圈,沙田 內圈,,,,,,助手,,快踱一圈,H,內圈 快踱一圈 (助手)
H354,28/10/2024,游水,沙田,,沙田,,,,,,,,游水,,
H354,28/10/2024,踱步,沙田,內圈,沙田 內圈,,,,,,助手,,倒快一圈,H,內圈 倒快一圈 (助手)
H354,27/10/2024,游水,沙田,,沙田,,,,,,,,游水,,
H354,27/10/2024,踱步,沙田,內圈,沙田 內圈,,,,,,助手,,快踱一圈,H,內圈 快踱一圈 (助手)
H354,26/10/2024,游水,沙田,,沙田,,,,,,,,游水,,
H354,26/10/2024,踱步,沙田,內圈,沙田 內圈,,,,,,助手,,快踱一圈,H,內圈 快踱一圈 (助手)
H354,25/10/2024,游水,沙田,,沙田,,,,,,,,游水,,
H354,25/10/2024,踱步,沙田,內圈,沙田 內圈,,,,,,助手,,快踱一圈,H,內圈 快踱一圈 (助手)
H354,24/10/2024,游水,沙田,,沙田,,,,,,,,游水,,
H354,24/10/2024,踱步,沙田,內圈,沙田 內圈,,,,,,助手,,倒快兩圈,H,內圈 倒快兩圈 (助手)
H354,23/10/2024,游水,沙田,,沙田,,,,,,,,游水,,
H354,22/10/2024,試閘,沙田,全天候,沙田 全天候,1200M,1.11.46,71.46,24.5 22.9 24.0,康樂高球,潘頓,,第3組,B,第3組 (潘頓) 1200M 康樂高球 24.5 22.9 24.0 (1.11.46)
H354,21/10/2024,游水,沙田,,沙田,,,,,,,,游水,,
H354,21/10/2024,踱步,沙田,內圈,沙田 內圈,,,,,,助手,,倒快一圈,H,內圈 倒快一圈 (助手)
H354,20/10/2024,游水,沙田,,沙田,,,,,,,,游水,,
H354,20/10/2024,踱步,沙田,內圈,沙田 內圈,,,,,,助手,,快踱一圈,H,內圈 快踱一圈 (助手)
H354,19/10/2024,游水,沙田,,沙田,,,,,,,,游水,,
H354,19/10/2024,踱步,沙田,內圈,沙田 內圈,,,,,,助手,,快踱一圈,H,內圈 快踱一圈 (助手)
H354,18/10/2024,快操,沙田,全天候,沙田 全天候,,1.01.0,61.0,33.9 27.1,,助手,,快操,H,33.9 27.1 (1.01.0) (助手)
H354,18/10/2024,踱步,沙田,飛機場,沙田 飛機場,,,,,,助手,,踱步,H,飛機場 踱步 (助手)
H354,17/10/2024,游水,沙田,,沙田,,,,,,,,游水,,
H354,17/10/2024,踱步,沙田,內圈,沙田 內圈,,,,,,助手,,倒快一圈,H,內圈 倒快一圈 (助手)
H354,16/10/2024,游水,沙田,,沙田,,,,,,,,游水,,
H354,16/10/2024,踱步,沙田,內圈,沙田 內圈,,,,,,助手,,快踱一圈,H,內圈 快踱一圈 (助手)
H354,15/10/2024,游水,沙田,,沙田,,,,,,,,游水,,
H354,15/10/2024,踱步,沙田,內圈,沙田 內圈,,,,,,助手,,快踱一圈,H,內圈 快踱一圈 (助手)
H354,14/10/2024,快操,沙田,全天候,沙田 全天候,,1.00.3,60.3,33.4 26.9,,周俊樂,,快操,H,33.4 26.9 (1.00.3) (周俊樂)
H354,14/10/2024,踱步,沙田,飛機場,沙田 飛機場,,,,,,周俊樂,,踱步,H,飛機場 踱步 (周俊樂)
H354,13/10/2024,游水,沙田,,沙田,,,,,,,,游水,,
H354,13/10/2024,踱步,沙田,內圈,沙田 內圈,,,,,,助手,,快踱一圈,H,內圈 快踱一圈 (助手)
H354,12/10/2024,游水,沙田,,沙田,,,,,,,,游水,,
H354,12/10/2024,踱步,沙田,內圈,沙田 內圈,,,,,,助手,,快踱一圈,H,內圈 快踱一圈 (助手)
H354,11/10/2024,游水,沙田,,沙田,,,,,,,,游水,,
H354,11/10/2024,踱步,沙田,內圈,沙田 內圈,,,,,,助手,,快踱一圈,H,內圈 快踱一圈 (助手)
H354,10/10/2024,游水,沙田,,沙田,,,,,,,,游水,,
H354,10/10/2024,快操,沙田,全天候,沙田 全天候,,28.6,28.6,28.6,,助手,,快操,H,28.6 (28.6) (助手)
H354,10/10/2024,踱步,沙田,飛機場,沙田 飛機場,,,,,,助手,,踱步,H,飛機場 踱步 (助手)
H354,09/10/2024,游水,沙田,,沙田,,,,,,,,游水,,
H354,09/10/2024,踱步,沙田,內圈,沙田 內圈,,,,,,助手,,快踱一圈,H,內圈 快踱一圈 (助手)
H354,08/10/2024,游水,沙田,,沙田,,,,,,,,游水,,
H354,08/10/2024,踱步,沙田,內圈,沙田 內圈,,,,,,助手,,快踱一圈,H,內圈 快踱一圈 (助手)
H354,07/10/2024,踱步,沙田,內圈,沙田 內圈,,,,,,助手,,倒快一圈,H,內圈 倒快一圈 (助手)
H354,06/10/2024,踱步,沙田,內圈,沙田 內圈,,,,,,助手,,快踱一圈,H,內圈 快踱一圈 (助手)
H354,05/10/2024,踱步,沙田,飛機場,沙田 飛機場,,,,,,助手,,踱步,H,飛機場 踱步 (助手)
H354,01/10/2024,出賽,沙田,草地,沙田 草地,1800M,,,,,潘頓,5/14,出賽,B/TT,1800M (潘頓) (5/14)
H354,01/10/2024,踱步,沙田,內圈,沙田 內圈,,,,,,助手,,快踱一圈,H,內圈 快踱一圈 (助手)
H354,30/09/2024,游水,沙田,,沙田,,,,,,,,游水,,
H354,30/09/2024,踱步,沙田,內圈,沙田 內圈,,,,,,助手,,倒快一圈,H,內圈 倒快一圈 (助手)
H354,29/09/2024,游水,沙田,,沙田,,,,,,,,游水,,
H354,29/09/2024,踱步,沙田,內圈,沙田 內圈,,,,,,助手,,快踱一圈,H,內圈 快踱一圈 (助手)
H354,28/09/2024,游水,沙田,,沙田,,,,,,,,游水,,
H354,28/09/2024,踱步,沙田,內圈,沙田 內圈,,,,,,助手,,快踱一圈,H,內圈 快踱一圈 (助手)
H354,27/09/2024,游水,沙田,,沙田,,,,,,,,游水,,
H354,27/09/2024,快操,沙田,全天候,沙田 全天候,,26.4,26.4,26.4,,副練馬師,,快操,H,26.4 (26.4) (副練馬師)
H354,27/09/2024,踱步,沙田,飛機場,沙田 飛機場,,,,,,副練馬師,,踱步,H,飛機場 踱步 (副練馬師)
H354,26/09/2024,游水,沙田,,沙田,,,,,,,,游水,,
H354,26/09/2024,踱步,沙田,內圈,沙田 內圈,,,,,,助手,,倒快一圈,H,內圈 倒快一圈 (助手)
H354,25/09/2024,游水,沙田,,沙田,,,,,,,,游水,,
H354,25/09/2024,踱步,沙田,內圈,沙田 內圈,,,,,,助手,,快踱一圈,H,內圈 快踱一圈 (助手)
H354,24/09/2024,游水,沙田,,沙田,,,,,,,,游水,,
H354,24/09/2024,踱步,沙田,內圈,沙田 內圈,,,,,,助手,,快踱一圈,H,內圈 快踱一圈 (助手)
H354,23/09/2024,游水,沙田,,沙田,,,,,,,,游水,,
H354,23/09/2024,快操,沙田,全天候,沙田 全天候,,27.3,27.3,27.3,,助手,,快操,H,27.3 (27.3) (助手)
H354,23/09/2024,踱步,沙田,飛機場,沙田 飛機場,,,,,,助手,,踱步,H,飛機場 踱步 (助手)
H354,22/09/2024,游水,沙田,,沙田,,,,,,,,游水,,
H354,22/09/2024,踱步,沙田,內圈,沙田 內圈,,,,,,助手,,快踱一圈,H,內圈 快踱一圈 (助手)
H354,21/09/2024,游水,沙田,,沙田,,,,,,,,游水,,
H354,21/09/2024,踱步,沙田,內圈,沙田 內圈,,,,,,助手,,快踱一圈,H,內圈 快踱一圈 (助手)
H354,20/09/2024,游水,沙田,,沙田,,,,,,,,游水,,
H354,20/09/2024,踱步,沙田,內圈,沙田 內圈,,,,,,助手,,快踱一圈,H,內圈 快踱一圈 (助手)
H354,19/09/2024,游水,沙田,,沙田,,,,,,,,游水,,
H354,19/09/2024,踱步,沙田,飛機場,沙田 飛機場,,,,,,助手,,踱步,H,飛機場 踱步 (助手)
H354,18/09/2024,游水,沙田,,沙田,,,,,,,,游水,,
H354,17/09/2024,游水,沙田,,沙田,,,,,,,,游水,,
H354,15/09/2024,出賽,沙田,草地,沙田 草地,1600M,,,,,希威森,2/9,出賽,B/TT,1600M (希威森) (2/9)
H354,15/09/2024,踱步,沙田,內圈,沙田 內圈,,,,,,助手,,快踱一圈,H,內圈 快踱一圈 (助手)
H354,14/09/2024,游水,沙田,,沙田,,,,,,,,游水,,
H354,14/09/2024,踱步,沙田,內圈,沙田 內圈,,,,,,助手,,快踱一圈,H,內圈 快踱一圈 (助手)
H354,13/09/2024,游水,沙田,,沙田,,,,,,,,游水,,
H354,13/09/2024,踱步,沙田,內圈,沙田 內圈,,,,,,助手,,快踱一圈,H,內圈 快踱一圈 (助手)
H354,12/09/2024,游水,沙田,,沙田,,,,,,,,游水,,
H354,12/09/2024,踱步,沙田,內圈,沙田 內圈,,,,,,助手,,倒快一圈,H,內圈 倒快一圈 (助手)
H354,11/09/2024,游水,沙田,,沙田,,,,,,,,游水,,
H354,11/09/2024,快操,沙田,全天候,沙田 全天候,,25.8,25.8,25.8,,副練馬師,,快操,H,25.8 (25.8) (副練馬師)
H354,11/09/2024,踱步,沙田,飛機場,沙田 飛機場,,,,,,副練馬師,,踱步,H,飛機場 踱步 (副練馬師)
H354,10/09/2024,游水,沙田,,沙田,,,,,,,,游水,,
H354,10/09/2024,踱步,沙田,內圈,沙田 內圈,,,,,,助手,,快踱一圈,H,內圈 快踱一圈 (助手)
H354,09/09/2024,游水,沙田,,沙田,,,,,,,,游水,,
H354,09/09/2024,踱步,沙田,內圈,沙田 內圈,,,,,,助手,,倒快一圈,H,內圈 倒快一圈 (助手)
H354,08/09/2024,游水,沙田,,沙田,,,,,,,,游水,,
H354,08/09/2024,踱步,沙田,內圈,沙田 內圈,,,,,,助手,,快踱一圈,H,內圈 快踱一圈 (助手)
H354,07/09/2024,游水,沙田,,沙田,,,,,,,,游水,,
H354,07/09/2024,快操,沙田,全天候,沙田 全天候,,26.9,26.9,26.9,,副練馬師,,快操,H,26.9 (26.9) (副練馬師)
H354,07/09/2024,踱步,沙田,飛機場,沙田 飛機場,,,,,,副練馬師,,踱步,H,飛機場 踱步 (副練馬師)
H354,06/09/2024,游水,沙田,,沙田,,,,,,,,游水,,
H354,05/09/2024,游水,沙田,,沙田,,,,,,,,游水,,
H354,05/09/2024,踱步,沙田,內圈,沙田 內圈,,,,,,助手,,倒快一圈,H,內圈 倒快一圈 (助手)
H354,04/09/2024,游水,沙田,,沙田,,,,,,,,游水,,
H354,04/09/2024,踱步,沙田,內圈,沙田 內圈,,,,,,助手,,快踱一圈,H,內圈 快踱一圈 (助手)
H354,03/09/2024,游水,沙田,,沙田,,,,,,,,游水,,
H354,03/09/2024,踱步,沙田,內圈,沙田 內圈,,,,,,助手,,快踱一圈,H,內圈 快踱一圈 (助手)
H354,02/09/2024,游水,沙田,,沙田,,,,,,,,游水,,
H354,02/09/2024,快操,沙田,草閘,沙田 草閘,,50.4,50.4,25.1 25.3,,助手,,快操,H,25.1 25.3 (50.4) (助手)
H354,02/09/2024,踱步,沙田,飛機場,沙田 飛機場,,,,,,助手,,踱步,B,飛機場 踱步 (助手)
H354,01/09/2024,游水,沙田,,沙田,,,,,,,,游水,,
H354,01/09/2024,踱步,沙田,內圈,沙田 內圈,,,,,,助手,,快踱一圈,H,內圈 快踱一圈 (助手)
H354,31/08/2024,游水,沙田,,沙田,,,,,,,,游水,,
H354,31/08/2024,踱步,沙田,內圈,沙田 內圈,,,,,,助手,,快踱一圈,H,內圈 快踱一圈 (助手)
H354,30/08/2024,游水,沙田,,沙田,,,,,,,,游水,,
H354,30/08/2024,踱步,沙田,內圈,沙田 內圈,,,,,,助手,,快踱一圈,H,內圈 快踱一圈 (助手)
H354,29/08/2024,游水,沙田,,沙田,,,,,,,,游水,,
H354,29/08/2024,快操,沙田,全天候,沙田 全天候,,26.9,26.9,26.9,,助手,,快操,H,26.9 (26.9) (助手)
H354,28/08/2024,游水,沙田,,沙田,,,,,,,,游水,,
H354,28/08/2024,踱步,沙田,內圈,沙田 內圈,,,,,,助手,,快踱一圈,H,內圈 快踱一圈 (助手)
H354,27/08/2024,游水,沙田,,沙田,,,,,,,,游水,,
H354,27/08/2024,踱步,沙田,內圈,沙田 內圈,,,,,,助手,,快踱一圈,H,內圈 快踱一圈 (助手)
H354,26/08/2024,踱步,沙田,內圈,沙田 內圈,,,,,,助手,,倒快一圈,H,內圈 倒快一圈 (助手)
H354,25/08/2024,游水,沙田,,沙田,,,,,,,,游水,,
H354,25/08/2024,踱步,沙田,內圈,沙田 內圈,,,,,,助手,,快踱一圈,H,內圈 快踱一圈 (助手)
H354,23/08/2024,試閘,沙田,全天候,沙田 全天候,1200M,1.11.41,71.41,25.0 23.1 23.3,精算特殊,周俊樂,,第2組,B,第2組 (周俊樂) 1200M 精算特殊 25.0 23.1 23.3 (1.11.41)
H354,22/08/2024,游水,沙田,,沙田,,,,,,,,游水,,
H354,22/08/2024,踱步,沙田,內圈,沙田 內圈,,,,,,助手,,倒快兩圈,H,內圈 倒快兩圈 (助手)
H354,21/08/2024,游水,沙田,,沙田,,,,,,,,游水,,
H354,21/08/2024,踱步,沙田,內圈,沙田 內圈,,,,,,助手,,快踱一圈,H,內圈 快踱一圈 (助手)
H354,20/08/2024,游水,沙田,,沙田,,,,,,,,游水,,
H354,20/08/2024,踱步,沙田,內圈,沙田 內圈,,,,,,助手,,快踱一圈,H,內圈 快踱一圈 (助手)
H354,19/08/2024,游水,沙田,,沙田,,,,,,,,游水,,
H354,19/08/2024,快操,沙田,全天候,沙田 全天候,,27.6,27.6,27.6,,周俊樂,,快操,H,27.6 (27.6) (周俊樂)
H354,19/08/2024,踱步,沙田,飛機場,沙田 飛機場,,,,,,周俊樂,,踱步,H,飛機場 踱步 (周俊樂)
H354,18/08/2024,游水,沙田,,沙田,,,,,,,,游水,,
H354,18/08/2024,踱步,沙田,內圈,沙田 內圈,,,,,,助手,,快踱一圈,H,內圈 快踱一圈 (助手)
H354,17/08/2024,游水,沙田,,沙田,,,,,,,,游水,,
H354,17/08/2024,踱步,沙田,內圈,沙田 內圈,,,,,,助手,,快踱一圈,H,內圈 快踱一圈 (助手)
H354,16/08/2024,游水,沙田,,沙田,,,,,,,,游水,,
H354,16/08/2024,踱步,沙田,飛機場,沙田 飛機場,,,,,,助手,,踱步,H,飛機場 踱步 (助手)
H354,15/08/2024,游水,沙田,,沙田,,,,,,,,游水,,
H354,15/08/2024,快操,沙田,全天候,沙田 全天候,,26.5,26.5,26.5,,助手,,快操,H,26.5 (26.5) (助手)
H354,15/08/2024,踱步,沙田,飛機場,沙田 飛機場,,,,,,助手,,踱步,H,飛機場 踱步 (助手)
H354,14/08/2024,游水,沙田,,沙田,,,,,,,,游水,,
H354,14/08/2024,踱步,沙田,內圈,沙田 內圈,,,,,,助手,,快踱一圈,H,內圈 快踱一圈 (助手)
H354,13/08/2024,游水,沙田,,沙田,,,,,,,,游水,,
H354,13/08/2024,踱步,沙田,內圈,沙田 內圈,,,,,,助手,,快踱一圈,H,內圈 快踱一圈 (助手)
H354,12/08/2024,游水,沙田,,沙田,,,,,,,,游水,,
H354,12/08/2024,踱步,沙田,內圈,沙田 內圈,,,,,,助手,,倒快兩圈,H,內圈 倒快兩圈 (助手)
H354,11/08/2024,游水,沙田,,沙田,,,,,,,,游水,,
H354,11/08/2024,快操,沙田,全天候,沙田 全天候,,26.7,26.7,26.7,,助手,,快操,H,26.7 (26.7) (助手)
H354,11/08/2024,踱步,沙田,飛機場,沙田 飛機場,,,,,,助手,,踱步,H,飛機場 踱步 (助手)
H354,10/08/2024,游水,沙田,,沙田,,,,,,,,游水,,
H354,10/08/2024,踱步,沙田,內圈,沙田 內圈,,,,,,助手,,快踱一圈,H,內圈 快踱一圈 (助手)
H354,09/08/2024,游水,沙田,,沙田,,,,,,,,游水,,
H354,09/08/2024,踱步,沙田,內圈,沙田 內圈,,,,,,助手,,快踱一圈,H,內圈 快踱一圈 (助手)
H354,08/08/2024,游水,沙田,,沙田,,,,,,,,游水,,
H354,08/08/2024,踱步,沙田,內圈,沙田 內圈,,,,,,助手,,倒快兩圈,H,內圈 倒快兩圈 (助手)
H354,07/08/2024,游水,沙田,,沙田,,,,,,,,游水,,
H354,07/08/2024,快操,沙田,全天候,沙田 全天候,,26.7,26.7,26.7,,助手,,快操,H,26.7 (26.7) (助手)
H354,07/08/2024,踱步,沙田,飛機場,沙田 飛機場,,,,,,助手,,踱步,H,飛機場 踱步 (助手)
H354,06/08/2024,游水,沙田,,沙田,,,,,,,,游水,,
H354,06/08/2024,踱步,沙田,內圈,沙田 內圈,,,,,,助手,,快踱一圈,H,內圈 快踱一圈 (助手)
H354,05/08/2024,游水,沙田,,沙田,,,,,,,,游水,,
H354,05/08/2024,踱步,沙田,內圈,沙田 內圈,,,,,,助手,,倒快兩圈,H,內圈 倒快兩圈 (助手)
H354,04/08/2024,游水,沙田,,沙田,,,,,,,,游水,,
H354,04/08/2024,踱步,沙田,內圈,沙田 內圈,,,,,,助手,,快踱一圈,H,內圈 快踱一圈 (助手)
H354,03/08/2024,游水,沙田,,沙田,,,,,,,,游水,,
H354,03/08/2024,快操,沙田,全天候,沙田 全天候,,28.7,28.7,28.7,,助手,,快操,,28.7 (28.7) (助手)
H354,03/08/2024,踱步,沙田,飛機場,沙田 飛機場,,,,,,助手,,踱步,H,飛機場 踱步 (助手)
H354,02/08/2024,游水,沙田,,沙田,,,,,,,,游水,,
H354,02/08/2024,踱步,沙田,內圈,沙田 內圈,,,,,,助手,,快踱一圈,H,內圈 快踱一圈 (助手)
H354,01/08/2024,踱步,沙田,內圈,沙田 內圈,,,,,,助手,,快踱一圈,H,內圈 快踱一圈 (助手)
H354,31/07/2024,踱步,沙田,內圈,沙田 內圈,,,,,,助手,,快踱一圈,H,內圈 快踱一圈 (助手)
H354,30/07/2024,踱步,沙田,內圈,沙田 內圈,,,,,,助手,,快踱一圈,H,內圈 快踱一圈 (助手)
H354,29/07/2024,踱步,沙田,內圈,沙田 內圈,,,,,,助手,,快踱一圈,H,內圈 快踱一圈 (助手)
H354,28/07/2024,踱步,沙田,飛機場,沙田 飛機場,,,,,,助手,,踱步,H,飛機場 踱步 (助手)
H354,27/07/2024,踱步,沙田,飛機場,沙田 飛機場,,,,,,助手,,踱步,H,飛機場 踱步 (助手)
H354,26/07/2024,踱步,沙田,飛機場,沙田 飛機場,,,,,,助手,,踱步,H,飛機場 踱步 (助手)
H354,25/07/2024,踱步,沙田,飛機場,沙田 飛機場,,,,,,助手,,踱步,H,飛機場 踱步 (助手)
H354,24/07/2024,踱步,沙田,飛機場,沙田 飛機場,,,,,,助手,,踱步,H,飛機場 踱步 (助手)
H354,23/07/2024,踱步,沙田,飛機場,沙田 飛機場,,,,,,助手,,踱步,H,飛機場 踱步 (助手)
H354,22/07/2024,踱步,沙田,飛機場,沙田 飛機場,,,,,,助手,,踱步,H,飛機場 踱步 (助手)
H354,14/07/2024,游水,沙田,,沙田,,,,,,,,游水,,
H354,13/07/2024,游水,沙田,,沙田,,,,,,,,游水,,
H354,12/07/2024,游水,沙田,,沙田,,,,,,,,游水,,
H354,11/07/2024,游水,沙田,,沙田,,,,,,,,游水,,
H354,10/07/2024,游水,沙田,,沙田,,,,,,,,游水,,
H354,09/07/2024,游水,沙田,,沙田,,,,,,,,游水,,
H354,08/07/2024,游水,沙田,,沙田,,,,,,,,游水,,
H354,07/07/2024,游水,沙田,,沙田,,,,,,,,游水,,
H354,06/07/2024,游水,沙田,,沙田,,,,,,,,游水,,
H354,04/07/2024,出賽,跑馬地,草地,跑馬地 草地,1800M,,,,,希威森,7/12,出賽,B/TT,1800M (希威森) (7/12)
H354,04/07/2024,游水,沙田,,沙田,,,,,,,,游水,,
H354,04/07/2024,踱步,沙田,內圈,沙田 內圈,,,,,,助手,,倒快一圈,H,內圈 倒快一圈 (助手)
H354,03/07/2024,游水,沙田,,沙田,,,,,,,,游水,,
H354,03/07/2024,踱步,沙田,內圈,沙田 內圈,,,,,,助手,,快踱一圈,H,內圈 快踱一圈 (助手)
H354,02/07/2024,游水,沙田,,沙田,,,,,,,,游水,,
H354,02/07/2024,踱步,沙田,內圈,沙田 內圈,,,,,,助手,,快踱一圈,H,內圈 快踱一圈 (助手)
H354,01/07/2024,游水,沙田,,沙田,,,,,,,,游水,,
H354,01/07/2024,踱步,沙田,內圈,沙田 內圈,,,,,,助手,,倒快一圈,H,內圈 倒快一圈 (助手)
H354,30/06/2024,游水,沙田,,沙田,,,,,,,,游水,,
H354,30/06/2024,快操,沙田,全天候,沙田 全天候,,59.8,59.8,32.2 27.6,,副練馬師,,快操,H,32.2 27.6 (59.8) (副練馬師)
H354,30/06/2024,踱步,沙田,飛機場,沙田 飛機場,,,,,,副練馬師,,踱步,H,飛機場 踱步 (副練馬師)
H354,29/06/2024,游水,沙田,,沙田,,,,,,,,游水,,
H354,29/06/2024,踱步,沙田,內圈,沙田 內圈,,,,,,助手,,快踱一圈,H,內圈 快踱一圈 (助手)
H354,28/06/2024,游水,沙田,,沙田,,,,,,,,游水,,
H354,28/06/2024,踱步,沙田,內圈,沙田 內圈,,,,,,助手,,快踱一圈,H,內圈 快踱一圈 (助手)
H354,27/06/2024,游水,沙田,,沙田,,,,,,,,游水,,
H354,27/06/2024,快操,沙田,全天候,沙田 全天候,,25.1,25.1,25.1,,助手,,快操,H,25.1 (25.1) (助手)
H354,27/06/2024,踱步,沙田,飛機場,沙田 飛機場,,,,,,助手,,踱步,H,飛機場 踱步 (助手)
H354,26/06/2024,游水,沙田,,沙田,,,,,,,,游水,,
H354,26/06/2024,踱步,沙田,內圈,沙田 內圈,,,,,,助手,,快踱一圈,H,內圈 快踱一圈 (助手)
H354,25/06/2024,游水,沙田,,沙田,,,,,,,,游水,,
H354,25/06/2024,踱步,沙田,內圈,沙田 內圈,,,,,,助手,,快踱一圈,H,內圈 快踱一圈 (助手)
H354,24/06/2024,游水,沙田,,沙田,,,,,,,,游水,,
H354,24/06/2024,踱步,沙田,內圈,沙田 內圈,,,,,,助手,,倒快一圈,H,內圈 倒快一圈 (助手)
H354,23/06/2024,游水,沙田,,沙田,,,,,,,,游水,,
H354,23/06/2024,快操,沙田,全天候,沙田 全天候,,26.2,26.2,26.2,,助手,,快操,H,26.2 (26.2) (助手)
H354,23/06/2024,踱步,沙田,飛機場,沙田 飛機場,,,,,,助手,,踱步,H,飛機場 踱步 (助手)
H354,22/06/2024,游水,沙田,,沙田,,,,,,,,游水,,
H354,22/06/2024,踱步,沙田,內圈,沙田 內圈,,,,,,助手,,快踱一圈,H,內圈 快踱一圈 (助手)
H354,21/06/2024,游水,沙田,,沙田,,,,,,,,游水,,
H354,20/06/2024,游水,沙田,,沙田,,,,,,,,游水,,
H354,20/06/2024,踱步,沙田,內圈,沙田 內圈,,,,,,助手,,倒快一圈,H,內圈 倒快一圈 (助手)
H354,19/06/2024,游水,沙田,,沙田,,,,,,,,游水,,
H354,19/06/2024,快操,沙田,全天候,沙田 全天候,,1.00.3,60.3,33.1 27.2,,助手,,逆市奇爸,H,33.1 27.2 (1.00.3) (助手) 逆市奇爸
H354,19/06/2024,踱步,沙田,飛機場,沙田 飛機場,,,,,,助手,,踱步,H,飛機場 踱步 (助手)
H354,18/06/2024,游水,沙田,,沙田,,,,,,,,游水,,
H354,18/06/2024,踱步,沙田,內圈,沙田 內圈,,,,,,助手,,快踱一圈,H,內圈 快踱一圈 (助手)
H354,17/06/2024,游水,沙田,,沙田,,,,,,,,游水,,
H354,17/06/2024,踱步,沙田,內圈,沙田 內圈,,,,,,助手,,倒快一圈,H,內圈 倒快一圈 (助手)
H354,16/06/2024,游水,沙田,,沙田,,,,,,,,游水,,
H354,16/06/2024,踱步,沙田,內圈,沙田 內圈,,,,,,助手,,快踱一圈,H,內圈 快踱一圈 (助手)
H354,15/06/2024,游水,沙田,,沙田,,,,,,,,游水,,
H354,15/06/2024,快操,沙田,全天候,沙田 全天候,,27.8,27.8,27.8,,助手,,快操,H,27.8 (27.8) (助手)
H354,15/06/2024,踱步,沙田,飛機場,沙田 飛機場,,,,,,助手,,踱步,H,飛機場 踱步 (助手)
H354,14/06/2024,游水,沙田,,沙田,,,,,,,,游水,,
H354,14/06/2024,踱步,沙田,內圈,沙田 內圈,,,,,,助手,,快踱一圈,H,內圈 快踱一圈 (助手)
H354,13/06/2024,游水,沙田,,沙田,,,,,,,,游水,,
H354,13/06/2024,踱步,沙田,內圈,沙田 內圈,,,,,,助手,,倒快一圈,H,內圈 倒快一圈 (助手)
H354,12/06/2024,游水,沙田,,沙田,,,,,,,,游水,,
H354,12/06/2024,踱步,沙田,飛機場,沙田 飛機場,,,,,,助手,,踱步,H,飛機場 踱步 (助手)
H354,11/06/2024,游水,沙田,,沙田,,,,,,,,游水,,
H354,10/06/2024,游水,沙田,,沙田,,,,,,,,游水,,
H354,08/06/2024,出賽,沙田,草地,沙田 草地,1600M,,,,,希威森,3/14,出賽,B/TT,1600M (希威森) (3/14)
H354,08/06/2024,踱步,沙田,內圈,沙田 內圈,,,,,,助手,,快踱一圈,H,內圈 快踱一圈 (助手)
H354,07/06/2024,游水,沙田,,沙田,,,,,,,,游水,,
H354,07/06/2024,踱步,沙田,內圈,沙田 內圈,,,,,,助手,,快踱一圈,H,內圈 快踱一圈 (助手)
H354,06/06/2024,游水,沙田,,沙田,,,,,,,,游水,,
H354,06/06/2024,踱步,沙田,內圈,沙田 內圈,,,,,,助手,,倒快一圈,H,內圈 倒快一圈 (助手)
H354,05/06/2024,游水,沙田,,沙田,,,,,,,,游水,,
H354,05/06/2024,踱步,沙田,內圈,沙田 內圈,,,,,,助手,,快踱一圈,H,內圈 快踱一圈 (助手)
H354,04/06/2024,游水,沙田,,沙田,,,,,,,,游水,,
H354,04/06/2024,快操,沙田,全天候,沙田 全天候,,27.6,27.6,27.6,,希威森,,快操,H,27.6 (27.6) (希威森)
H354,04/06/2024,踱步,沙田,飛機場,沙田 飛機場,,,,,,希威森,,踱步,H,飛機場 踱步 (希威森)
H354,03/06/2024,游水,沙田,,沙田,,,,,,,,游水,,
H354,03/06/2024,踱步,沙田,內圈,沙田 內圈,,,,,,助手,,倒快一圈,H,內圈 倒快一圈 (助手)
H354,02/06/2024,游水,沙田,,沙田,,,,,,,,游水,,
H354,02/06/2024,踱步,沙田,內圈,沙田 內圈,,,,,,助手,,快踱一圈,H,內圈 快踱一圈 (助手)
H354,01/06/2024,游水,沙田,,沙田,,,,,,,,游水,,
H354,01/06/2024,踱步,沙田,內圈,沙田 內圈,,,,,,助手,,快踱一圈,H,內圈 快踱一圈 (助手)
H354,31/05/2024,游水,沙田,,沙田,,,,,,,,游水,,
H354,31/05/2024,快操,沙田,全天候,沙田 全天候,,28.4,28.4,28.4,,周俊樂,,快操,H,28.4 (28.4) (周俊樂)
H354,31/05/2024,踱步,沙田,飛機場,沙田 飛機場,,,,,,周俊樂,,踱步,H,飛機場 踱步 (周俊樂)
H354,30/05/2024,游水,沙田,,沙田,,,,,,,,游水,,
H354,30/05/2024,踱步,沙田,內圈,沙田 內圈,,,,,,助手,,倒快一圈,H,內圈 倒快一圈 (助手)
H354,29/05/2024,游水,沙田,,沙田,,,,,,,,游水,,
H354,29/05/2024,踱步,沙田,內圈,沙田 內圈,,,,,,助手,,快踱一圈,H,內圈 快踱一圈 (助手)
H354,28/05/2024,踱步,沙田,內圈,沙田 內圈,,,,,,助手,,快踱一圈,H,內圈 快踱一圈 (助手)
H354,27/05/2024,游水,沙田,,沙田,,,,,,,,游水,,
H354,27/05/2024,快操,沙田,全天候,沙田 全天候,,29.9,29.9,29.9,,助手,,快操,H,29.9 (29.9) (助手)
H354,26/05/2024,游水,沙田,,沙田,,,,,,,,游水,,
H354,26/05/2024,踱步,沙田,內圈,沙田 內圈,,,,,,助手,,快踱一圈,H,內圈 快踱一圈 (助手)
H354,25/05/2024,游水,沙田,,沙田,,,,,,,,游水,,
H354,25/05/2024,踱步,沙田,內圈,沙田 內圈,,,,,,助手,,快踱一圈,H,內圈 快踱一圈 (助手)
H354,24/05/2024,游水,沙田,,沙田,,,,,,,,游水,,
H354,24/05/2024,踱步,沙田,內圈,沙田 內圈,,,,,,助手,,快踱一圈,H,內圈 快踱一圈 (助手)
H354,23/05/2024,游水,沙田,,沙田,,,,,,,,游水,,
H354,23/05/2024,踱步,沙田,飛機場,沙田 飛機場,,,,,,助手,,踱步,H,飛機場 踱步 (助手)
H354,22/05/2024,游水,沙田,,沙田,,,,,,,,游水,,
H354,21/05/2024,游水,沙田,,沙田,,,,,,,,游水,,
H354,19/05/2024,出賽,沙田,草地,沙田 草地,1800M,,,,,周俊樂,4/13,出賽,B/TT,1800M (周俊樂) (4/13)
H354,19/05/2024,踱步,沙田,內圈,沙田 內圈,,,,,,助手,,快踱一圈,H,內圈 快踱一圈 (助手)
H354,18/05/2024,游水,沙田,,沙田,,,,,,,,游水,,
H354,18/05/2024,踱步,沙田,內圈,沙田 內圈,,,,,,助手,,快踱一圈,H,內圈 快踱一圈 (助手)
H354,17/05/2024,游水,沙田,,沙田,,,,,,,,游水,,
H354,17/05/2024,踱步,沙田,內圈,沙田 內圈,,,,,,助手,,快踱一圈,H,內圈 快踱一圈 (助手)
H354,16/05/2024,游水,沙田,,沙田,,,,,,,,游水,,
H354,16/05/2024,踱步,沙田,內圈,沙田 內圈,,,,,,助手,,倒快一圈,H,內圈 倒快一圈 (助手)
H354,15/05/2024,游水,沙田,,沙田,,,,,,,,游水,,
H354,15/05/2024,快操,沙田,全天候,沙田 全天候,,1.00.2,60.2,33.6 26.6,,副練馬師,,快操,H,33.6 26.6 (1.00.2) (副練馬師)
H354,15/05/2024,踱步,沙田,飛機場,沙田 飛機場,,,,,,副練馬師,,踱步,H,飛機場 踱步 (副練馬師)
H354,14/05/2024,游水,沙田,,沙田,,,,,,,,游水,,
H354,14/05/2024,踱步,沙田,內圈,沙田 內圈,,,,,,助手,,快踱一圈,H,內圈 快踱一圈 (助手)
H354,13/05/2024,游水,沙田,,沙田,,,,,,,,游水,,
H354,13/05/2024,踱步,沙田,內圈,沙田 內圈,,,,,,助手,,倒快一圈,H,內圈 倒快一圈 (助手)
H354,12/05/2024,游水,沙田,,沙田,,,,,,,,游水,,
H354,12/05/2024,踱步,沙田,內圈,沙田 內圈,,,,,,助手,,快踱一圈,H,內圈 快踱一圈 (助手)
H354,11/05/2024,游水,沙田,,沙田,,,,,,,,游水,,
H354,11/05/2024,快操,沙田,全天候,沙田 全天候,,59.0,59.0,34.0 25.0,,助手,,快操,H,34.0 25.0 (59.0) (助手)
H354,11/05/2024,踱步,沙田,飛機場,沙田 飛機場,,,,,,助手,,踱步,H,飛機場 踱步 (助手)
H354,10/05/2024,游水,沙田,,沙田,,,,,,,,游水,,
H354,10/05/2024,踱步,沙田,內圈,沙田 內圈,,,,,,助手,,快踱一圈,H,內圈 快踱一圈 (助手)
H354,09/05/2024,游水,沙田,,沙田,,,,,,,,游水,,
H354,09/05/2024,踱步,沙田,內圈,沙田 內圈,,,,,,助手,,倒快一圈,H,內圈 倒快一圈 (助手)
H354,08/05/2024,游水,沙田,,沙田,,,,,,,,游水,,
H354,08/05/2024,踱步,沙田,內圈,沙田 內圈,,,,,,助手,,快踱一圈,H,內圈 快踱一圈 (助手)
H354,07/05/2024,快操,沙田,全天候,沙田 全天候,,28.3,28.3,28.3,,助手,,快操,H,28.3 (28.3) (助手)
H354,06/05/2024,游水,沙田,,沙田,,,,,,,,游水,,
H354,06/05/2024,踱步,沙田,內圈,沙田 內圈,,,,,,助手,,倒快一圈,H,內圈 倒快一圈 (助手)
H354,05/05/2024,游水,沙田,,沙田,,,,,,,,游水,,
H354,05/05/2024,踱步,沙田,內圈,沙田 內圈,,,,,,助手,,快踱一圈,H,內圈 快踱一圈 (助手)
H354,04/05/2024,游水,沙田,,沙田,,,,,,,,游水,,
H354,04/05/2024,踱步,沙田,內圈,沙田 內圈,,,,,,助手,,快踱一圈,H,內圈 快踱一圈 (助手)
H354,03/05/2024,游水,沙田,,沙田,,,,,,,,游水,,
H354,03/05/2024,快操,沙田,全天候,沙田 全天候,,27.4,27.4,27.4,,助手,,快操,H,27.4 (27.4) (助手)
H354,02/05/2024,游水,沙田,,沙田,,,,,,,,游水,,
H354,02/05/2024,踱步,沙田,飛機場,沙田 飛機場,,,,,,助手,,踱步,H,飛機場 踱步 (助手)
H354,28/04/2024,出賽,沙田,草地,沙田 草地,2000M,,,,,周俊樂,5/14,出賽,B/TT,2000M (周俊樂) (5/14)
H354,28/04/2024,踱步,沙田,內圈,沙田 內圈,,,,,,助手,,快踱一圈,H,內圈 快踱一圈 (助手)
H354,27/04/2024,游水,沙田,,沙田,,,,,,,,游水,,
H354,27/04/2024,踱步,沙田,內圈,沙田 內圈,,,,,,助手,,快踱一圈,H,內圈 快踱一圈 (助手)
H354,26/04/2024,游水,沙田,,沙田,,,,,,,,游水,,
H354,26/04/2024,踱步,沙田,內圈,沙田 內圈,,,,,,助手,,快踱一圈,H,內圈 快踱一圈 (助手)
H354,25/04/2024,游水,沙田,,沙田,,,,,,,,游水,,
H354,25/04/2024,踱步,沙田,內圈,沙田 內圈,,,,,,助手,,倒快兩圈,H,內圈 倒快兩圈 (助手)
H354,24/04/2024,游水,沙田,,沙田,,,,,,,,游水,,
H354,24/04/2024,快操,沙田,全天候,沙田 全天候,,26.8,26.8,26.8,,副練馬師,,快操,H,26.8 (26.8) (副練馬師)
H354,24/04/2024,踱步,沙田,飛機場,沙田 飛機場,,,,,,副練馬師,,踱步,H,飛機場 踱步 (副練馬師)
H354,23/04/2024,游水,沙田,,沙田,,,,,,,,游水,,
H354,23/04/2024,踱步,沙田,內圈,沙田 內圈,,,,,,助手,,快踱一圈,H,內圈 快踱一圈 (助手)
H354,22/04/2024,游水,沙田,,沙田,,,,,,,,游水,,
H354,22/04/2024,踱步,沙田,內圈,沙田 內圈,,,,,,助手,,倒快一圈,H,內圈 倒快一圈 (助手)
H354,21/04/2024,游水,沙田,,沙田,,,,,,,,游水,,
H354,21/04/2024,踱步,沙田,內圈,沙田 內圈,,,,,,助手,,快踱一圈,H,內圈 快踱一圈 (助手)
H354,20/04/2024,游水,沙田,,沙田,,,,,,,,游水,,
H354,20/04/2024,快操,沙田,全天候,沙田 全天候,,25.6,25.6,25.6,,助手,,快操,H,25.6 (25.6) (助手)
H354,20/04/2024,踱步,沙田,飛機場,沙田 飛機場,,,,,,助手,,踱步,H,飛機場 踱步 (助手)
H354,19/04/2024,游水,沙田,,沙田,,,,,,,,游水,,
H354,19/04/2024,踱步,沙田,內圈,沙田 內圈,,,,,,助手,,快踱一圈,H,內圈 快踱一圈 (助手)
H354,18/04/2024,游水,沙田,,沙田,,,,,,,,游水,,
H354,17/04/2024,游水,沙田,,沙田,,,,,,,,游水,,
H354,17/04/2024,踱步,沙田,內圈,沙田 內圈,,,,,,助手,,快踱一圈,H,內圈 快踱一圈 (助手)
H354,16/04/2024,游水,沙田,,沙田,,,,,,,,游水,,
H354,16/04/2024,快操,沙田,全天候,沙田 全天候,,28.7,28.7,28.7,,助手,,快操,H,28.7 (28.7) (助手)
H354,15/04/2024,游水,沙田,,沙田,,,,,,,,游水,,
H354,15/04/2024,踱步,沙田,內圈,沙田 內圈,,,,,,助手,,倒快一圈,H,內圈 倒快一圈 (助手)
H354,14/04/2024,游水,沙田,,沙田,,,,,,,,游水,,
H354,14/04/2024,踱步,沙田,內圈,沙田 內圈,,,,,,助手,,快踱一圈,H,內圈 快踱一圈 (助手)
H354,13/04/2024,游水,沙田,,沙田,,,,,,,,游水,,
H354,13/04/2024,踱步,沙田,內圈,沙田 內圈,,,,,,助手,,快踱一圈,H,內圈 快踱一圈 (助手)
H354,12/04/2024,游水,沙田,,沙田,,,,,,,,游水,,
H354,12/04/2024,踱步,沙田,內圈,沙田 內圈,,,,,,助手,,快踱一圈,H,內圈 快踱一圈 (助手)
H354,11/04/2024,游水,沙田,,沙田,,,,,,,,游水,,
H354,11/04/2024,踱步,沙田,飛機場,沙田 飛機場,,,,,,助手,,踱步,H,飛機場 踱步 (助手)
H354,10/04/2024,游水,沙田,,沙田,,,,,,,,游水,,
H354,09/04/2024,游水,沙田,,沙田,,,,,,,,游水,,
H354,07/04/2024,出賽,沙田,草地,沙田 草地,2000M,,,,,希威森,13/13,出賽,B/TT,2000M (希威森) (13/13)
H354,07/04/2024,游水,沙田,,沙田,,,,,,,,游水,,
H354,07/04/2024,踱步,沙田,內圈,沙田 內圈,,,,,,助手,,快踱一圈,H,內圈 快踱一圈 (助手)
H354,06/04/2024,游水,沙田,,沙田,,,,,,,,游水,,
H354,06/04/2024,踱步,沙田,內圈,沙田 內圈,,,,,,助手,,快踱一圈,H,內圈 快踱一圈 (助手)
H354,05/04/2024,游水,沙田,,沙田,,,,,,,,游水,,
H354,05/04/2024,踱步,沙田,內圈,沙田 內圈,,,,,,助手,,快踱一圈,H,內圈 快踱一圈 (助手)
H354,04/04/2024,游水,沙田,,沙田,,,,,,,,游水,,
H354,04/04/2024,踱步,沙田,內圈,沙田 內圈,,,,,,希威森,,倒快一圈,H,內圈 倒快一圈 (希威森)
H354,03/04/2024,游水,沙田,,沙田,,,,,,,,游水,,
H354,03/04/2024,快操,沙田,全天候,沙田 全天候,,58.4,58.4,33.1 25.3,,希威森,,快操,H,33.1 25.3 (58.4) (希威森)
H354,03/04/2024,踱步,沙田,飛機場,沙田 飛機場,,,,,,希威森,,踱步,H,飛機場 踱步 (希威森)
H354,02/04/2024,游水,沙田,,沙田,,,,,,,,游水,,
H354,02/04/2024,踱步,沙田,內圈,沙田 內圈,,,,,,助手,,快踱一圈,H,內圈 快踱一圈 (助手)
H354,01/04/2024,游水,沙田,,沙田,,,,,,,,游水,,
H354,01/04/2024,踱步,沙田,內圈,沙田 內圈,,,,,,助手,,倒快兩圈,H,內圈 倒快兩圈 (助手)
H354,31/03/2024,游水,沙田,,沙田,,,,,,,,游水,,
H354,31/03/2024,踱步,沙田,內圈,沙田 內圈,,,,,,助手,,快踱一圈,H,內圈 快踱一圈 (助手)
H354,30/03/2024,游水,沙田,,沙田,,,,,,,,游水,,
H354,30/03/2024,快操,沙田,全天候,沙田 全天候,,26.1,26.1,26.1,,希威森,,快操,H,26.1 (26.1) (希威森)
H354,30/03/2024,踱步,沙田,飛機場,沙田 飛機場,,,,,,希威森,,踱步,H,飛機場 踱步 (希威森)
H354,29/03/2024,游水,沙田,,沙田,,,,,,,,游水,,
H354,29/03/2024,踱步,沙田,內圈,沙田 內圈,,,,,,助手,,快踱一圈,H,內圈 快踱一圈 (助手)
H354,28/03/2024,游水,沙田,,沙田,,,,,,,,游水,,
H354,28/03/2024,踱步,沙田,內圈,沙田 內圈,,,,,,助手,,倒快一圈,H,內圈 倒快一圈 (助手)
H354,27/03/2024,游水,沙田,,沙田,,,,,,,,游水,,
H354,27/03/2024,踱步,沙田,內圈,沙田 內圈,,,,,,助手,,快踱一圈,H,內圈 快踱一圈 (助手)
H354,26/03/2024,游水,沙田,,沙田,,,,,,,,游水,,
H354,26/03/2024,快操,沙田,全天候,沙田 全天候,,28.3,28.3,28.3,,副練馬師,,快操,H,28.3 (28.3) (副練馬師)
H354,26/03/2024,踱步,沙田,飛機場,沙田 飛機場,,,,,,副練馬師,,踱步,H,飛機場 踱步 (副練馬師)
H354,25/03/2024,游水,沙田,,沙田,,,,,,,,游水,,
H354,25/03/2024,踱步,沙田,內圈,沙田 內圈,,,,,,助手,,倒快一圈,H,內圈 倒快一圈 (助手)
H354,24/03/2024,游水,沙田,,沙田,,,,,,,,游水,,
H354,24/03/2024,踱步,沙田,內圈,沙田 內圈,,,,,,助手,,快踱一圈,H,內圈 快踱一圈 (助手)
H354,23/03/2024,游水,沙田,,沙田,,,,,,,,游水,,
H354,23/03/2024,踱步,沙田,內圈,沙田 內圈,,,,,,助手,,快踱一圈,H,內圈 快踱一圈 (助手)
H354,22/03/2024,游水,沙田,,沙田,,,,,,,,游水,,
H354,22/03/2024,踱步,沙田,內圈,沙田 內圈,,,,,,助手,,快踱一圈,H,內圈 快踱一圈 (助手)
H354,21/03/2024,游水,沙田,,沙田,,,,,,,,游水,,
H354,21/03/2024,踱步,沙田,內圈,沙田 內圈,,,,,,助手,,倒快兩圈,H,內圈 倒快兩圈 (助手)
H354,20/03/2024,游水,沙田,,沙田,,,,,,,,游水,,
H354,19/03/2024,游水,沙田,,沙田,,,,,,,,游水,,
H354,18/03/2024,游水,沙田,,沙田,,,,,,,,游水,,
H354,16/03/2024,出賽,沙田,草地,沙田 草地,1800M,,,,,周俊樂,8/14,出賽,B/TT,1800M (周俊樂) (8/14)
H354,16/03/2024,游水,沙田,,沙田,,,,,,,,游水,,
H354,16/03/2024,踱步,沙田,內圈,沙田 內圈,,,,,,助手,,快踱一圈,H,內圈 快踱一圈 (助手)
H354,15/03/2024,游水,沙田,,沙田,,,,,,,,游水,,
H354,15/03/2024,踱步,沙田,內圈,沙田 內圈,,,,,,助手,,快踱一圈,H,內圈 快踱一圈 (助手)
H354,14/03/2024,游水,沙田,,沙田,,,,,,,,游水,,
H354,14/03/2024,踱步,沙田,內圈,沙田 內圈,,,,,,周俊樂,,倒快一圈,H,內圈 倒快一圈 (周俊樂)
H354,13/03/2024,游水,沙田,,沙田,,,,,,,,游水,,
H354,13/03/2024,踱步,沙田,內圈,沙田 內圈,,,,,,周俊樂,,快踱一圈,H,內圈 快踱一圈 (周俊樂)
H354,12/03/2024,游水,沙田,,沙田,,,,,,,,游水,,
H354,12/03/2024,快操,沙田,全天候,沙田 全天候,,57.9,57.9,32.7 25.2,,周俊樂,,快操,H,32.7 25.2 (57.9) (周俊樂)
H354,12/03/2024,踱步,沙田,飛機場,沙田 飛機場,,,,,,周俊樂,,踱步,H,飛機場 踱步 (周俊樂)
H354,11/03/2024,游水,沙田,,沙田,,,,,,,,游水,,
H354,11/03/2024,踱步,沙田,內圈,沙田 內圈,,,,,,助手,,倒快一圈,H,內圈 倒快一圈 (助手)
H354,10/03/2024,游水,沙田,,沙田,,,,,,,,游水,,
H354,10/03/2024,踱步,沙田,內圈,沙田 內圈,,,,,,助手,,快踱一圈,H,內圈 快踱一圈 (助手)
H354,09/03/2024,游水,沙田,,沙田,,,,,,,,游水,,
H354,09/03/2024,踱步,沙田,內圈,沙田 內圈,,,,,,助手,,快踱一圈,H,內圈 快踱一圈 (助手)
H354,08/03/2024,游水,沙田,,沙田,,,,,,,,游水,,
H354,08/03/2024,快操,沙田,全天候,沙田 全天候,,25.5,25.5,25.5,,助手,,快操,H,25.5 (25.5) (助手)
H354,08/03/2024,踱步,沙田,飛機場,沙田 飛機場,,,,,,助手,,踱步,H,飛機場 踱步 (助手)
H354,07/03/2024,游水,沙田,,沙田,,,,,,,,游水,,
H354,07/03/2024,踱步,沙田,內圈,沙田 內圈,,,,,,助手,,倒快一圈,H,內圈 倒快一圈 (助手)
H354,06/03/2024,游水,沙田,,沙田,,,,,,,,游水,,
H354,06/03/2024,踱步,沙田,內圈,沙田 內圈,,,,,,助手,,快踱一圈,H,內圈 快踱一圈 (助手)
H354,05/03/2024,游水,沙田,,沙田,,,,,,,,游水,,
H354,05/03/2024,踱步,沙田,內圈,沙田 內圈,,,,,,助手,,快踱一圈,H,內圈 快踱一圈 (助手)
H354,04/03/2024,游水,沙田,,沙田,,,,,,,,游水,,
H354,04/03/2024,快操,沙田,全天候,沙田 全天候,,59.4,59.4,33.3 26.1,,周俊樂,,快操,H,33.3 26.1 (59.4) (周俊樂)
H354,04/03/2024,踱步,沙田,飛機場,沙田 飛機場,,,,,,周俊樂,,踱步,H,飛機場 踱步 (周俊樂)
H354,03/03/2024,游水,沙田,,沙田,,,,,,,,游水,,
H354,03/03/2024,踱步,沙田,內圈,沙田 內圈,,,,,,助手,,快踱一圈,H,內圈 快踱一圈 (助手)
H354,02/03/2024,游水,沙田,,沙田,,,,,,,,游水,,
H354,02/03/2024,踱步,沙田,內圈,沙田 內圈,,,,,,助手,,快踱一圈,H,內圈 快踱一圈 (助手)
H354,01/03/2024,游水,沙田,,沙田,,,,,,,,游水,,
H354,01/03/2024,踱步,沙田,內圈,沙田 內圈,,,,,,助手,,快踱一圈,H,內圈 快踱一圈 (助手)
H354,26/02/2024,游水,沙田,,沙田,,,,,,,,游水,,
H354,25/02/2024,出賽,沙田,草地,沙田 草地,2000M,,,,,周俊樂,7/12,出賽,B/TT,2000M (周俊樂) (7/12)
H354,25/02/2024,游水,沙田,,沙田,,,,,,,,游水,,
H354,25/02/2024,踱步,沙田,內圈,沙田 內圈,,,,,,助手,,快踱一圈,H,內圈 快踱一圈 (助手)
H354,24/02/2024,游水,沙田,,沙田,,,,,,,,游水,,
H354,24/02/2024,踱步,沙田,內圈,沙田 內圈,,,,,,助手,,快踱一圈,H,內圈 快踱一圈 (助手)
H354,23/02/2024,游水,沙田,,沙田,,,,,,,,游水,,
H354,23/02/2024,踱步,沙田,內圈,沙田 內圈,,,,,,助手,,快踱一圈,H,內圈 快踱一圈 (助手)
H354,22/02/2024,游水,沙田,,沙田,,,,,,,,游水,,
H354,22/02/2024,踱步,沙田,內圈,沙田 內圈,,,,,,助手,,倒快一圈,H,內圈 倒快一圈 (助手)
H354,21/02/2024,游水,沙田,,沙田,,,,,,,,游水,,
H354,21/02/2024,快操,沙田,全天候,沙田 全天候,,26.7,26.7,26.7,,周俊樂,,快操,H,26.7 (26.7) (周俊樂)
H354,21/02/2024,踱步,沙田,飛機場,沙田 飛機場,,,,,,助手,,踱步,H,飛機場 踱步 (助手)
H354,20/02/2024,游水,沙田,,沙田,,,,,,,,游水,,
H354,20/02/2024,踱步,沙田,內圈,沙田 內圈,,,,,,助手,,快踱一圈,H,內圈 快踱一圈 (助手)
H354,19/02/2024,游水,沙田,,沙田,,,,,,,,游水,,
H354,19/02/2024,踱步,沙田,內圈,沙田 內圈,,,,,,助手,,倒快一圈,H,內圈 倒快一圈 (助手)
H354,18/02/2024,游水,沙田,,沙田,,,,,,,,游水,,
H354,18/02/2024,踱步,沙田,內圈,沙田 內圈,,,,,,助手,,快踱一圈,H,內圈 快踱一圈 (助手)
H354,17/02/2024,游水,沙田,,沙田,,,,,,,,游水,,
H354,17/02/2024,快操,沙田,全天候,沙田 全天候,,24.2,24.2,24.2,,助手,,快操,H,24.2 (24.2) (助手)
H354,17/02/2024,踱步,沙田,飛機場,沙田 飛機場,,,,,,助手,,踱步,H,飛機場 踱步 (助手)
H354,16/02/2024,游水,沙田,,沙田,,,,,,,,游水,,
H354,16/02/2024,踱步,沙田,內圈,沙田 內圈,,,,,,助手,,快踱一圈,H,內圈 快踱一圈 (助手)
H354,15/02/2024,游水,沙田,,沙田,,,,,,,,游水,,
H354,15/02/2024,踱步,沙田,內圈,沙田 內圈,,,,,,助手,,倒快一圈,H,內圈 倒快一圈 (助手)
H354,14/02/2024,游水,沙田,,沙田,,,,,,,,游水,,
H354,14/02/2024,踱步,沙田,內圈,沙田 內圈,,,,,,助手,,快踱一圈,H,內圈 快踱一圈 (助手)
H354,13/02/2024,游水,沙田,,沙田,,,,,,,,游水,,
H354,13/02/2024,快操,沙田,全天候,沙田 全天候,,25.6,25.6,25.6,,周俊樂,,快操,H,25.6 (25.6) (周俊樂)
H354,13/02/2024,踱步,沙田,飛機場,沙田 飛機場,,,,,,周俊樂,,踱步,H,飛機場 踱步 (周俊樂)
H354,12/02/2024,游水,沙田,,沙田,,,,,,,,游水,,
H354,12/02/2024,踱步,沙田,內圈,沙田 內圈,,,,,,助手,,倒快一圈,H,內圈 倒快一圈 (助手)
H354,11/02/2024,游水,沙田,,沙田,,,,,,,,游水,,
H354,11/02/2024,踱步,沙田,內圈,沙田 內圈,,,,,,助手,,快踱一圈,H,內圈 快踱一圈 (助手)
H354,09/02/2024,游水,沙田,,沙田,,,,,,,,游水,,
H354,09/02/2024,快操,沙田,全天候,沙田 全天候,,56.0,56.0,31.2 24.8,,周俊樂,,快操,H,31.2 24.8 (56.0) (周俊樂)
H354,09/02/2024,踱步,沙田,飛機場,沙田 飛機場,,,,,,周俊樂,,踱步,H,飛機場 踱步 (周俊樂)
H354,08/02/2024,游水,沙田,,沙田,,,,,,,,游水,,
H354,08/02/2024,踱步,沙田,內圈,沙田 內圈,,,,,,助手,,倒快一圈,H,內圈 倒快一圈 (助手)
H354,07/02/2024,游水,沙田,,沙田,,,,,,,,游水,,
H354,07/02/2024,踱步,沙田,內圈,沙田 內圈,,,,,,助手,,快踱一圈,H,內圈 快踱一圈 (助手)
H354,06/02/2024,游水,沙田,,沙田,,,,,,,,游水,,
H354,06/02/2024,踱步,沙田,內圈,沙田 內圈,,,,,,助手,,快踱一圈,H,內圈 快踱一圈 (助手)
H354,05/02/2024,游水,沙田,,沙田,,,,,,,,游水,,
H354,05/02/2024,快操,沙田,全天候,沙田 全天候,,29.2,29.2,29.2,,助手,,快操,H,29.2 (29.2) (助手)
H354,04/02/2024,游水,沙田,,沙田,,,,,,,,游水,,
H354,04/02/2024,踱步,沙田,內圈,沙田 內圈,,,,,,助手,,快踱一圈,H,內圈 快踱一圈 (助手)
H354,03/02/2024,游水,沙田,,沙田,,,,,,,,游水,,
H354,03/02/2024,踱步,沙田,內圈,沙田 內圈,,,,,,助手,,快踱一圈,H,內圈 快踱一圈 (助手)
H354,02/02/2024,游水,沙田,,沙田,,,,,,,,游水,,
H354,02/02/2024,踱步,沙田,內圈,沙田 內圈,,,,,,助手,,快踱一圈,H,內圈 快踱一圈 (助手)
H354,01/02/2024,游水,沙田,,沙田,,,,,,,,游水,,
H354,01/02/2024,踱步,沙田,飛機場,沙田 飛機場,,,,,,助手,,踱步,H,飛機場 踱步 (助手)
H354,31/01/2024,游水,沙田,,沙田,,,,,,,,游水,,
H354,30/01/2024,游水,沙田,,沙田,,,,,,,,游水,,
H354,28/01/2024,出賽,沙田,草地,沙田 草地,2000M,,,,,周俊樂,6/10,出賽,B/TT,2000M (周俊樂) (6/10)
H354,28/01/2024,游水,沙田,,沙田,,,,,,,,游水,,
H354,28/01/2024,踱步,沙田,內圈,沙田 內圈,,,,,,助手,,快踱一圈,H,內圈 快踱一圈 (助手)
H354,27/01/2024,游水,沙田,,沙田,,,,,,,,游水,,
H354,27/01/2024,踱步,沙田,內圈,沙田 內圈,,,,,,助手,,快踱一圈,H,內圈 快踱一圈 (助手)
H354,26/01/2024,游水,沙田,,沙田,,,,,,,,游水,,
H354,26/01/2024,踱步,沙田,內圈,沙田 內圈,,,,,,周俊樂,,快踱一圈,H,內圈 快踱一圈 (周俊樂)
H354,25/01/2024,游水,沙田,,沙田,,,,,,,,游水,,
H354,25/01/2024,踱步,沙田,內圈,沙田 內圈,,,,,,助手,,倒快一圈,H,內圈 倒快一圈 (助手)
H354,24/01/2024,游水,沙田,,沙田,,,,,,,,游水,,
H354,24/01/2024,快操,沙田,全天候,沙田 全天候,,59.6,59.6,33.6 26.0,,周俊樂,,快操,H,33.6 26.0 (59.6) (周俊樂)
H354,23/01/2024,游水,沙田,,沙田,,,,,,,,游水,,
H354,23/01/2024,踱步,沙田,內圈,沙田 內圈,,,,,,助手,,快踱一圈,H,內圈 快踱一圈 (助手)
H354,22/01/2024,游水,沙田,,沙田,,,,,,,,游水,,
H354,22/01/2024,踱步,沙田,內圈,沙田 內圈,,,,,,助手,,倒快一圈,H,內圈 倒快一圈 (助手)
H354,21/01/2024,游水,沙田,,沙田,,,,,,,,游水,,
H354,21/01/2024,踱步,沙田,內圈,沙田 內圈,,,,,,助手,,快踱一圈,H,內圈 快踱一圈 (助手)
H354,20/01/2024,游水,沙田,,沙田,,,,,,,,游水,,
H354,20/01/2024,快操,沙田,全天候,沙田 全天候,,26.1,26.1,26.1,,助手,,快操,H,26.1 (26.1) (助手)
H354,20/01/2024,踱步,沙田,飛機場,沙田 飛機場,,,,,,助手,,踱步,H,飛機場 踱步 (助手)
H354,19/01/2024,游水,沙田,,沙田,,,,,,,,游水,,
H354,19/01/2024,踱步,沙田,內圈,沙田 內圈,,,,,,助手,,快踱一圈,H,內圈 快踱一圈 (助手)
H354,18/01/2024,游水,沙田,,沙田,,,,,,,,游水,,
H354,18/01/2024,踱步,沙田,內圈,沙田 內圈,,,,,,助手,,倒快一圈,H,內圈 倒快一圈 (助手)
H354,17/01/2024,游水,沙田,,沙田,,,,,,,,游水,,
H354,17/01/2024,踱步,沙田,內圈,沙田 內圈,,,,,,助手,,快踱一圈,H,內圈 快踱一圈 (助手)
H354,16/01/2024,游水,沙田,,沙田,,,,,,,,游水,,
H354,16/01/2024,快操,沙田,全天候,沙田 全天候,,30.6,30.6,30.6,,助手,,快操,H,30.6 (30.6) (助手)
H354,16/01/2024,踱步,沙田,飛機場,沙田 飛機場,,,,,,助手,,踱步,H,飛機場 踱步 (助手)
H354,15/01/2024,游水,沙田,,沙田,,,,,,,,游水,,
H354,15/01/2024,踱步,沙田,內圈,沙田 內圈,,,,,,助手,,倒快一圈,H,內圈 倒快一圈 (助手)
H354,14/01/2024,游水,沙田,,沙田,,,,,,,,游水,,
H354,14/01/2024,踱步,沙田,內圈,沙田 內圈,,,,,,助手,,快踱一圈,H,內圈 快踱一圈 (助手)
H354,13/01/2024,游水,沙田,,沙田,,,,,,,,游水,,
H354,13/01/2024,踱步,沙田,內圈,沙田 內圈,,,,,,助手,,快踱一圈,H,內圈 快踱一圈 (助手)
H354,12/01/2024,游水,沙田,,沙田,,,,,,,,游水,,
H354,12/01/2024,踱步,沙田,內圈,沙田 內圈,,,,,,助手,,快踱一圈,H,內圈 快踱一圈 (助手)
H354,11/01/2024,游水,沙田,,沙田,,,,,,,,游水,,
H354,11/01/2024,踱步,沙田,飛機場,沙田 飛機場,,,,,,助手,,踱步,H,飛機場 踱步 (助手)
H354,10/01/2024,游水,沙田,,沙田,,,,,,,,游水,,
H354,09/01/2024,游水,沙田,,沙田,,,,,,,,游水,,
H354,07/01/2024,出賽,沙田,草地,沙田 草地,1800M,,,,,周俊樂,1/14,出賽,B/TT,1800M (周俊樂) (1/14)
H354,07/01/2024,游水,沙田,,沙田,,,,,,,,游水,,
H354,07/01/2024,踱步,沙田,內圈,沙田 內圈,,,,,,助手,,快踱一圈,H,內圈 快踱一圈 (助手)
H354,06/01/2024,游水,沙田,,沙田,,,,,,,,游水,,
H354,06/01/2024,踱步,沙田,內圈,沙田 內圈,,,,,,助手,,快踱一圈,H,內圈 快踱一圈 (助手)
H354,05/01/2024,游水,沙田,,沙田,,,,,,,,游水,,
H354,05/01/2024,踱步,沙田,內圈,沙田 內圈,,,,,,助手,,快踱一圈,H,內圈 快踱一圈 (助手)
H354,04/01/2024,游水,沙田,,沙田,,,,,,,,游水,,
H354,04/01/2024,踱步,沙田,內圈,沙田 內圈,,,,,,助手,,倒快一圈,H,內圈 倒快一圈 (助手)
H354,03/01/2024,游水,沙田,,沙田,,,,,,,,游水,,
H354,03/01/2024,快操,沙田,全天候,沙田 全天候,,59.4,59.4,33.1 26.3,,周俊樂,,快操,H,33.1 26.3 (59.4) (周俊樂)
H354,03/01/2024,踱步,沙田,飛機場,沙田 飛機場,,,,,,周俊樂,,踱步,H,飛機場 踱步 (周俊樂)
H354,02/01/2024,游水,沙田,,沙田,,,,,,,,游水,,
H354,02/01/2024,踱步,沙田,內圈,沙田 內圈,,,,,,助手,,快踱一圈,H,內圈 快踱一圈 (助手)
H354,01/01/2024,游水,沙田,,沙田,,,,,,,,游水,,
H354,01/01/2024,踱步,沙田,內圈,沙田 內圈,,,,,,助手,,倒快一圈,H,內圈 倒快一圈 (助手)
H354,31/12/2023,游水,沙田,,沙田,,,,,,,,游水,,
H354,31/12/2023,踱步,沙田,內圈,沙田 內圈,,,,,,助手,,快踱一圈,H,內圈 快踱一圈 (助手)
H354,30/12/2023,游水,沙田,,沙田,,,,,,,,游水,,
H354,30/12/2023,快操,沙田,全天候,沙田 全天候,,30.0,30.0,30.0,,助手,,快操,H,30.0 (30.0) (助手)
H354,29/12/2023,游水,沙田,,沙田,,,,,,,,游水,,
H354,29/12/2023,踱步,沙田,內圈,沙田 內圈,,,,,,助手,,快踱一圈,H,內圈 快踱一圈 (助手)
H354,28/12/2023,游水,沙田,,沙田,,,,,,,,游水,,
H354,28/12/2023,踱步,沙田,內圈,沙田 內圈,,,,,,助手,,倒快一圈,H,內圈 倒快一圈 (助手)
H354,27/12/2023,游水,沙田,,沙田,,,,,,,,游水,,
H354,27/12/2023,踱步,沙田,飛機場,沙田 飛機場,,,,,,助手,,踱步,H,飛機場 踱步 (助手)
H354,26/12/2023,游水,沙田,,沙田,,,,,,,,游水,,
H354,25/12/2023,游水,沙田,,沙田,,,,,,,,游水,,
H354,23/12/2023,出賽,沙田,全天候,沙田 全天候,1650M,,,,,周俊樂,7/12,出賽,B/TT,1650M (周俊樂) (7/12)
H354,23/12/2023,游水,沙田,,沙田,,,,,,,,游水,,
H354,23/12/2023,踱步,沙田,內圈,沙田 內圈,,,,,,助手,,快踱一圈,H,內圈 快踱一圈 (助手)
H354,22/12/2023,游水,沙田,,沙田,,,,,,,,游水,,
H354,22/12/2023,踱步,沙田,內圈,沙田 內圈,,,,,,助手,,快踱一圈,H,內圈 快踱一圈 (助手)
H354,21/12/2023,游水,沙田,,沙田,,,,,,,,游水,,
H354,21/12/2023,踱步,沙田,內圈,沙田 內圈,,,,,,助手,,倒快一圈,H,內圈 倒快一圈 (助手)
H354,20/12/2023,游水,沙田,,沙田,,,,,,,,游水,,
H354,20/12/2023,踱步,沙田,內圈,沙田 內圈,,,,,,助手,,快踱一圈,H,內圈 快踱一圈 (助手)
H354,19/12/2023,游水,沙田,,沙田,,,,,,,,游水,,
H354,19/12/2023,快操,沙田,全天候,沙田 全天候,,1.00.4,60.4,33.5 26.9,,副練馬師,,快操,H,33.5 26.9 (1.00.4) (副練馬師)
H354,19/12/2023,踱步,沙田,飛機場,沙田 飛機場,,,,,,副練馬師,,踱步,H,飛機場 踱步 (副練馬師)
H354,18/12/2023,游水,沙田,,沙田,,,,,,,,游水,,
H354,18/12/2023,踱步,沙田,內圈,沙田 內圈,,,,,,助手,,倒快一圈,H,內圈 倒快一圈 (助手)
H354,17/12/2023,游水,沙田,,沙田,,,,,,,,游水,,
H354,17/12/2023,踱步,沙田,內圈,沙田 內圈,,,,,,助手,,快踱一圈,H,內圈 快踱一圈 (助手)
H354,16/12/2023,游水,沙田,,沙田,,,,,,,,游水,,
H354,16/12/2023,踱步,沙田,內圈,沙田 內圈,,,,,,助手,,快踱一圈,H,內圈 快踱一圈 (助手)
H354,15/12/2023,游水,沙田,,沙田,,,,,,,,游水,,
H354,15/12/2023,快操,沙田,全天候,沙田 全天候,,24.8,24.8,24.8,,助手,,快操,H,24.8 (24.8) (助手)
H354,15/12/2023,踱步,沙田,飛機場,沙田 飛機場,,,,,,助手,,踱步,H,飛機場 踱步 (助手)
H354,14/12/2023,游水,沙田,,沙田,,,,,,,,游水,,
H354,14/12/2023,踱步,沙田,內圈,沙田 內圈,,,,,,助手,,倒快一圈,H,內圈 倒快一圈 (助手)
H354,13/12/2023,游水,沙田,,沙田,,,,,,,,游水,,
H354,13/12/2023,踱步,沙田,內圈,沙田 內圈,,,,,,助手,,快踱一圈,H,內圈 快踱一圈 (助手)
H354,12/12/2023,游水,沙田,,沙田,,,,,,,,游水,,
H354,12/12/2023,踱步,沙田,內圈,沙田 內圈,,,,,,助手,,快踱一圈,H,內圈 快踱一圈 (助手)
H354,11/12/2023,游水,沙田,,沙田,,,,,,,,游水,,
H354,11/12/2023,快操,沙田,全天候,沙田 全天候,,25.8,25.8,25.8,,周俊樂,,快操,H,25.8 (25.8) (周俊樂)
H354,11/12/2023,踱步,沙田,飛機場,沙田 飛機場,,,,,,周俊樂,,踱步,H,飛機場 踱步 (周俊樂)
H354,10/12/2023,游水,沙田,,沙田,,,,,,,,游水,,
H354,10/12/2023,踱步,沙田,內圈,沙田 內圈,,,,,,助手,,快踱一圈,H,內圈 快踱一圈 (助手)
H354,09/12/2023,游水,沙田,,沙田,,,,,,,,游水,,
H354,09/12/2023,踱步,沙田,內圈,沙田 內圈,,,,,,助手,,快踱一圈,H,內圈 快踱一圈 (助手)
H354,08/12/2023,游水,沙田,,沙田,,,,,,,,游水,,
H354,08/12/2023,踱步,沙田,內圈,沙田 內圈,,,,,,助手,,快踱一圈,H,內圈 快踱一圈 (助手)
H354,07/12/2023,游水,沙田,,沙田,,,,,,,,游水,,
H354,07/12/2023,踱步,沙田,內圈,沙田 內圈,,,,,,助手,,倒快一圈,H,內圈 倒快一圈 (助手)
H354,06/12/2023,游水,沙田,,沙田,,,,,,,,游水,,
H354,05/12/2023,試閘,沙田,全天候,沙田 全天候,1200M,1.10.71,70.71,24.1 23.1 23.5,營造組裝,周俊樂,,第3組,B,第3組 (周俊樂) 1200M 營造組裝 24.1 23.1 23.5 (1.10.71)
H354,05/12/2023,游水,沙田,,沙田,,,,,,,,游水,,
H354,04/12/2023,游水,沙田,,沙田,,,,,,,,游水,,
H354,04/12/2023,踱步,沙田,內圈,沙田 內圈,,,,,,助手,,倒快一圈,H,內圈 倒快一圈 (助手)
H354,03/12/2023,游水,沙田,,沙田,,,,,,,,游水,,
H354,03/12/2023,踱步,沙田,內圈,沙田 內圈,,,,,,助手,,快踱一圈,H,內圈 快踱一圈 (助手)
H354,02/12/2023,游水,沙田,,沙田,,,,,,,,游水,,
H354,02/12/2023,踱步,沙田,內圈,沙田 內圈,,,,,,助手,,快踱一圈,H,內圈 快踱一圈 (助手)
H354,01/12/2023,游水,沙田,,沙田,,,,,,,,游水,,
H354,01/12/2023,快操,沙田,全天候,沙田 全天候,,26.9,26.9,26.9,,助手,,快操,H,26.9 (26.9) (助手)
H354,01/12/2023,踱步,沙田,飛機場,沙田 飛機場,,,,,,助手,,踱步,H,飛機場 踱步 (助手)
H354,30/11/2023,游水,沙田,,沙田,,,,,,,,游水,,
H354,30/11/2023,踱步,沙田,內圈,沙田 內圈,,,,,,助手,,倒快一圈,H,內圈 倒快一圈 (助手)
H354,29/11/2023,游水,沙田,,沙田,,,,,,,,游水,,
H354,29/11/2023,踱步,沙田,內圈,沙田 內圈,,,,,,助手,,快踱一圈,H,內圈 快踱一圈 (助手)
H354,28/11/2023,游水,沙田,,沙田,,,,,,,,游水,,
H354,28/11/2023,踱步,沙田,內圈,沙田 內圈,,,,,,助手,,快踱一圈,H,內圈 快踱一圈 (助手)
H354,27/11/2023,游水,沙田,,沙田,,,,,,,,游水,,
H354,27/11/2023,快操,沙田,全天候,沙田 全天候,,25.7,25.7,25.7,,周俊樂,,快操,H,25.7 (25.7) (周俊樂)
H354,27/11/2023,踱步,沙田,飛機場,沙田 飛機場,,,,,,周俊樂,,踱步,H,飛機場 踱步 (周俊樂)
H354,26/11/2023,游水,沙田,,沙田,,,,,,,,游水,,
H354,26/11/2023,踱步,沙田,內圈,沙田 內圈,,,,,,助手,,快踱一圈,H,內圈 快踱一圈 (助手)
H354,25/11/2023,游水,沙田,,沙田,,,,,,,,游水,,
H354,25/11/2023,踱步,沙田,內圈,沙田 內圈,,,,,,助手,,快踱一圈,H,內圈 快踱一圈 (助手)
H354,24/11/2023,游水,沙田,,沙田,,,,,,,,游水,,
H354,24/11/2023,踱步,沙田,內圈,沙田 內圈,,,,,,助手,,快踱一圈,H,內圈 快踱一圈 (助手)
H354,23/11/2023,游水,沙田,,沙田,,,,,,,,游水,,
H354,23/11/2023,快操,沙田,全天候,沙田 全天候,,26.6,26.6,26.6,,副練馬師,,快操,H,26.6 (26.6) (副練馬師)
H354,22/11/2023,游水,沙田,,沙田,,,,,,,,游水,,
H354,22/11/2023,踱步,沙田,內圈,沙田 內圈,,,,,,助手,,快踱一圈,H,內圈 快踱一圈 (助手)
H354,21/11/2023,游水,沙田,,沙田,,,,,,,,游水,,
H354,21/11/2023,踱步,沙田,內圈,沙田 內圈,,,,,,助手,,快踱一圈,H,內圈 快踱一圈 (助手)
H354,20/11/2023,游水,沙田,,沙田,,,,,,,,游水,,
H354,20/11/2023,快操,沙田,全天候,沙田 全天候,,26.9,26.9,26.9,,助手,,快操,H,26.9 (26.9) (助手)
H354,20/11/2023,踱步,沙田,飛機場,沙田 飛機場,,,,,,助手,,踱步,H,飛機場 踱步 (助手)
H354,19/11/2023,游水,沙田,,沙田,,,,,,,,游水,,
H354,19/11/2023,踱步,沙田,內圈,沙田 內圈,,,,,,助手,,快踱一圈,H,內圈 快踱一圈 (助手)
H354,18/11/2023,游水,沙田,,沙田,,,,,,,,游水,,
H354,18/11/2023,踱步,沙田,內圈,沙田 內圈,,,,,,助手,,快踱一圈,H,內圈 快踱一圈 (助手)
H354,17/11/2023,游水,沙田,,沙田,,,,,,,,游水,,
H354,17/11/2023,踱步,沙田,內圈,沙田 內圈,,,,,,助手,,快踱一圈,H,內圈 快踱一圈 (助手)
H354,16/11/2023,游水,沙田,,沙田,,,,,,,,游水,,
H354,16/11/2023,踱步,沙田,內圈,沙田 內圈,,,,,,助手,,倒快兩圈,H,內圈 倒快兩圈 (助手)
H354,15/11/2023,游水,沙田,,沙田,,,,,,,,游水,,
H354,15/11/2023,踱步,沙田,飛機場,沙田 飛機場,,,,,,助手,,踱步,H,飛機場 踱步 (助手)
H354,14/11/2023,游水,沙田,,沙田,,,,,,,,游水,,
H354,11/11/2023,出賽,沙田,草地,沙田 草地,1600M,,,,,周俊樂,3/14,出賽,B/TT,1600M (周俊樂) (3/14)
H354,11/11/2023,游水,沙田,,沙田,,,,,,,,游水,,
H354,11/11/2023,踱步,沙田,內圈,沙田 內圈,,,,,,助手,,快踱一圈,H,內圈 快踱一圈 (助手)
H354,10/11/2023,游水,沙田,,沙田,,,,,,,,游水,,
H354,10/11/2023,踱步,沙田,內圈,沙田 內圈,,,,,,助手,,快踱一圈,H,內圈 快踱一圈 (助手)
H354,09/11/2023,游水,沙田,,沙田,,,,,,,,游水,,
H354,09/11/2023,踱步,沙田,內圈,沙田 內圈,,,,,,助手,,倒快一圈,H,內圈 倒快一圈 (助手)
H354,08/11/2023,游水,沙田,,沙田,,,,,,,,游水,,
H354,08/11/2023,快操,沙田,全天候,沙田 全天候,,25.7,25.7,25.7,,周俊樂,,快操,H,25.7 (25.7) (周俊樂)
H354,07/11/2023,游水,沙田,,沙田,,,,,,,,游水,,
H354,07/11/2023,踱步,沙田,內圈,沙田 內圈,,,,,,助手,,快踱一圈,H,內圈 快踱一圈 (助手)
H354,06/11/2023,游水,沙田,,沙田,,,,,,,,游水,,
H354,06/11/2023,踱步,沙田,內圈,沙田 內圈,,,,,,助手,,倒快一圈,H,內圈 倒快一圈 (助手)
H354,05/11/2023,游水,沙田,,沙田,,,,,,,,游水,,
H354,05/11/2023,踱步,沙田,內圈,沙田 內圈,,,,,,助手,,快踱一圈,H,內圈 快踱一圈 (助手)
H354,04/11/2023,游水,沙田,,沙田,,,,,,,,游水,,
H354,04/11/2023,快操,沙田,全天候,沙田 全天候,,25.3,25.3,25.3,,周俊樂,,快操,H,25.3 (25.3) (周俊樂)
H354,04/11/2023,踱步,沙田,飛機場,沙田 飛機場,,,,,,周俊樂,,踱步,H,飛機場 踱步 (周俊樂)
H354,03/11/2023,游水,沙田,,沙田,,,,,,,,游水,,
H354,03/11/2023,踱步,沙田,內圈,沙田 內圈,,,,,,助手,,快踱一圈,H,內圈 快踱一圈 (助手)
H354,02/11/2023,游水,沙田,,沙田,,,,,,,,游水,,
H354,02/11/2023,踱步,沙田,內圈,沙田 內圈,,,,,,助手,,倒快一圈,H,內圈 倒快一圈 (助手)
H354,01/11/2023,游水,沙田,,沙田,,,,,,,,游水,,
H354,01/11/2023,踱步,沙田,內圈,沙田 內圈,,,,,,助手,,快踱一圈,H,內圈 快踱一圈 (助手)
H354,31/10/2023,游水,沙田,,沙田,,,,,,,,游水,,
H354,31/10/2023,快操,沙田,全天候,沙田 全天候,,26.5,26.5,26.5,,助手,,多多配合,H,26.5 (26.5) (助手) 多多配合
H354,31/10/2023,踱步,沙田,飛機場,沙田 飛機場,,,,,,助手,,踱步,H,飛機場 踱步 (助手)
H354,30/10/2023,游水,沙田,,沙田,,,,,,,,游水,,
H354,30/10/2023,踱步,沙田,內圈,沙田 內圈,,,,,,助手,,倒快一圈,H,內圈 倒快一圈 (助手)
H354,29/10/2023,游水,沙田,,沙田,,,,,,,,游水,,
H354,29/10/2023,踱步,沙田,內圈,沙田 內圈,,,,,,助手,,快踱一圈,H,內圈 快踱一圈 (助手)
H354,28/10/2023,游水,沙田,,沙田,,,,,,,,游水,,
H354,28/10/2023,踱步,沙田,內圈,沙田 內圈,,,,,,助手,,快踱一圈,H,內圈 快踱一圈 (助手)
H354,27/10/2023,游水,沙田,,沙田,,,,,,,,游水,,
H354,27/10/2023,快操,沙田,全天候,沙田 全天候,,25.3,25.3,25.3,,助手,,快操,H,25.3 (25.3) (助手)
H354,27/10/2023,踱步,沙田,飛機場,沙田 飛機場,,,,,,助手,,踱步,,飛機場 踱步 (助手)
H354,26/10/2023,游水,沙田,,沙田,,,,,,,,游水,,
H354,26/10/2023,踱步,沙田,內圈,沙田 內圈,,,,,,助手,,倒快一圈,H,內圈 倒快一圈 (助手)
H354,25/10/2023,游水,沙田,,沙田,,,,,,,,游水,,
H354,25/10/2023,踱步,沙田,內圈,沙田 內圈,,,,,,助手,,快踱一圈,H,內圈 快踱一圈 (助手)
H354,24/10/2023,游水,沙田,,沙田,,,,,,,,游水,,
H354,24/10/2023,踱步,沙田,內圈,沙田 內圈,,,,,,助手,,快踱一圈,H,內圈 快踱一圈 (助手)
H354,23/10/2023,游水,沙田,,沙田,,,,,,,,游水,,
H354,23/10/2023,踱步,沙田,內圈,沙田 內圈,,,,,,助手,,倒快一圈,H,內圈 倒快一圈 (助手)
H354,22/10/2023,游水,沙田,,沙田,,,,,,,,游水,,
H354,22/10/2023,踱步,沙田,內圈,沙田 內圈,,,,,,助手,,快踱一圈,H,內圈 快踱一圈 (助手)
H354,21/10/2023,游水,沙田,,沙田,,,,,,,,游水,,
H354,21/10/2023,踱步,沙田,內圈,沙田 內圈,,,,,,助手,,快踱一圈,H,內圈 快踱一圈 (助手)
H354,20/10/2023,游水,沙田,,沙田,,,,,,,,游水,,
H354,20/10/2023,踱步,沙田,內圈,沙田 內圈,,,,,,助手,,快踱一圈,H,內圈 快踱一圈 (助手)
H354,19/10/2023,游水,沙田,,沙田,,,,,,,,游水,,
H354,19/10/2023,踱步,沙田,內圈,沙田 內圈,,,,,,助手,,倒快一圈,H,內圈 倒快一圈 (助手)
H354,18/10/2023,游水,沙田,,沙田,,,,,,,,游水,,
H354,17/10/2023,試閘,沙田,全天候,沙田 全天候,1200M,1.11.33,71.33,25.3 22.9 23.1,精算特殊,周俊樂,,第11組,B,第11組 (周俊樂) 1200M 精算特殊 25.3 22.9 23.1 (1.11.33)
H354,17/10/2023,游水,沙田,,沙田,,,,,,,,游水,,
H354,16/10/2023,游水,沙田,,沙田,,,,,,,,游水,,
H354,16/10/2023,踱步,沙田,內圈,沙田 內圈,,,,,,助手,,倒快一圈,H,內圈 倒快一圈 (助手)
H354,15/10/2023,游水,沙田,,沙田,,,,,,,,游水,,
H354,15/10/2023,踱步,沙田,內圈,沙田 內圈,,,,,,助手,,快踱一圈,H,內圈 快踱一圈 (助手)
H354,14/10/2023,游水,沙田,,沙田,,,,,,,,游水,,
H354,14/10/2023,踱步,沙田,內圈,沙田 內圈,,,,,,助手,,快踱一圈,H,內圈 快踱一圈 (助手)
H354,13/10/2023,游水,沙田,,沙田,,,,,,,,游水,,
H354,13/10/2023,快操,沙田,全天候,沙田 全天候,,26.6,26.6,26.6,,助手,,快操,H,26.6 (26.6) (助手)
H354,13/10/2023,踱步,沙田,飛機場,沙田 飛機場,,,,,,助手,,踱步,H,飛機場 踱步 (助手)
H354,12/10/2023,游水,沙田,,沙田,,,,,,,,游水,,
H354,12/10/2023,踱步,沙田,內圈,沙田 內圈,,,,,,助手,,倒快一圈,H,內圈 倒快一圈 (助手)
H354,11/10/2023,游水,沙田,,沙田,,,,,,,,游水,,
H354,11/10/2023,踱步,沙田,內圈,沙田 內圈,,,,,,助手,,快踱一圈,H,內圈 快踱一圈 (助手)
H354,10/10/2023,游水,沙田,,沙田,,,,,,,,游水,,
H354,10/10/2023,踱步,沙田,內圈,沙田 內圈,,,,,,助手,,快踱一圈,H,內圈 快踱一圈 (助手)
H354,09/10/2023,游水,沙田,,沙田,,,,,,,,游水,,
H354,08/10/2023,游水,沙田,,沙田,,,,,,,,游水,,
H354,08/10/2023,踱步,沙田,內圈,沙田 內圈,,,,,,助手,,快踱一圈,H,內圈 快踱一圈 (助手)
H354,07/10/2023,游水,沙田,,沙田,,,,,,,,游水,,
H354,07/10/2023,踱步,沙田,內圈,沙田 內圈,,,,,,助手,,快踱一圈,H,內圈 快踱一圈 (助手)
H354,06/10/2023,游水,沙田,,沙田,,,,,,,,游水,,
H354,06/10/2023,快操,沙田,全天候,沙田 全天候,,25.9,25.9,25.9,,周俊樂,,快操,H,25.9 (25.9) (周俊樂)
H354,05/10/2023,游水,沙田,,沙田,,,,,,,,游水,,
H354,05/10/2023,踱步,沙田,內圈,沙田 內圈,,,,,,助手,,倒快一圈,H,內圈 倒快一圈 (助手)
H354,04/10/2023,游水,沙田,,沙田,,,,,,,,游水,,
H354,04/10/2023,踱步,沙田,內圈,沙田 內圈,,,,,,助手,,快踱一圈,H,內圈 快踱一圈 (助手)
H354,03/10/2023,游水,沙田,,沙田,,,,,,,,游水,,
H354,03/10/2023,踱步,沙田,內圈,沙田 內圈,,,,,,助手,,快踱一圈,H,內圈 快踱一圈 (助手)
H354,02/10/2023,游水,沙田,,沙田,,,,,,,,游水,,
H354,02/10/2023,快操,沙田,全天候,沙田 全天候,,28.5,28.5,28.5,,助手,,快操,H,28.5 (28.5) (助手)
H354,01/10/2023,游水,沙田,,沙田,,,,,,,,游水,,
H354,01/10/2023,踱步,沙田,內圈,沙田 內圈,,,,,,助手,,快踱一圈,H,內圈 快踱一圈 (助手)
H354,30/09/2023,游水,沙田,,沙田,,,,,,,,游水,,
H354,30/09/2023,踱步,沙田,內圈,沙田 內圈,,,,,,助手,,快踱一圈,H,內圈 快踱一圈 (助手)
H354,29/09/2023,游水,沙田,,沙田,,,,,,,,游水,,
H354,29/09/2023,踱步,沙田,內圈,沙田 內圈,,,,,,助手,,快踱一圈,H,內圈 快踱一圈 (助手)
H354,28/09/2023,游水,沙田,,沙田,,,,,,,,游水,,
H354,27/09/2023,游水,沙田,,沙田,,,,,,,,游水,,
H354,26/09/2023,游水,沙田,,沙田,,,,,,,,游水,,
H354,24/09/2023,出賽,沙田,全天候,沙田 全天候,1650M,,,,,周俊樂,10/11,出賽,B/TT,1650M (周俊樂) (10/11)
H354,24/09/2023,游水,沙田,,沙田,,,,,,,,游水,,
H354,24/09/2023,踱步,沙田,內圈,沙田 內圈,,,,,,助手,,快踱一圈,H,內圈 快踱一圈 (助手)
H354,23/09/2023,游水,沙田,,沙田,,,,,,,,游水,,
H354,22/09/2023,游水,沙田,,沙田,,,,,,,,游水,,
H354,22/09/2023,踱步,沙田,內圈,沙田 內圈,,,,,,助手,,快踱一圈,H,內圈 快踱一圈 (助手)
H354,21/09/2023,游水,沙田,,沙田,,,,,,,,游水,,
H354,21/09/2023,踱步,沙田,內圈,沙田 內圈,,,,,,助手,,倒快一圈,H,內圈 倒快一圈 (助手)
H354,20/09/2023,游水,沙田,,沙田,,,,,,,,游水,,
H354,20/09/2023,踱步,沙田,內圈,沙田 內圈,,,,,,助手,,快踱一圈,H,內圈 快踱一圈 (助手)
H354,19/09/2023,游水,沙田,,沙田,,,,,,,,游水,,
H354,19/09/2023,踱步,沙田,內圈,沙田 內圈,,,,,,助手,,快踱一圈,H,內圈 快踱一圈 (助手)
H354,18/09/2023,游水,沙田,,沙田,,,,,,,,游水,,
H354,17/09/2023,游水,沙田,,沙田,,,,,,,,游水,,
H354,17/09/2023,踱步,沙田,內圈,沙田 內圈,,,,,,助手,,快踱一圈,H,內圈 快踱一圈 (助手)
H354,16/09/2023,游水,沙田,,沙田,,,,,,,,游水,,
H354,15/09/2023,試閘,沙田,全天候,沙田 全天候,1200M,1.11.14,71.14,24.7 22.7 23.7,洪運派彩,周俊樂,,第4組,B,第4組 (周俊樂) 1200M 洪運派彩 24.7 22.7 23.7 (1.11.14)
H354,15/09/2023,游水,沙田,,沙田,,,,,,,,游水,,
H354,14/09/2023,游水,沙田,,沙田,,,,,,,,游水,,
H354,14/09/2023,踱步,沙田,內圈,沙田 內圈,,,,,,助手,,倒快一圈,H,內圈 倒快一圈 (助手)
H354,13/09/2023,游水,沙田,,沙田,,,,,,,,游水,,
H354,13/09/2023,踱步,沙田,內圈,沙田 內圈,,,,,,助手,,快踱一圈,H,內圈 快踱一圈 (助手)
H354,12/09/2023,游水,沙田,,沙田,,,,,,,,游水,,
H354,12/09/2023,踱步,沙田,內圈,沙田 內圈,,,,,,助手,,快踱一圈,H,內圈 快踱一圈 (助手)
H354,11/09/2023,游水,沙田,,沙田,,,,,,,,游水,,
H354,11/09/2023,快操,沙田,全天候,沙田 全天候,,26.1,26.1,26.1,,副練馬師,,快操,H,26.1 (26.1) (副練馬師)
H354,11/09/2023,踱步,沙田,飛機場,沙田 飛機場,,,,,,副練馬師,,踱步,H,飛機場 踱步 (副練馬師)
H354,10/09/2023,游水,沙田,,沙田,,,,,,,,游水,,
H354,10/09/2023,踱步,沙田,內圈,沙田 內圈,,,,,,助手,,快踱一圈,H,內圈 快踱一圈 (助手)
H354,09/09/2023,游水,沙田,,沙田,,,,,,,,游水,,
H354,09/09/2023,踱步,沙田,內圈,沙田 內圈,,,,,,助手,,快踱一圈,H,內圈 快踱一圈 (助手)
H354,07/09/2023,游水,沙田,,沙田,,,,,,,,游水,,
H354,07/09/2023,踱步,沙田,內圈,沙田 內圈,,,,,,助手,,倒快一圈,H,內圈 倒快一圈 (助手)
H354,06/09/2023,游水,沙田,,沙田,,,,,,,,游水,,
H354,06/09/2023,踱步,沙田,內圈,沙田 內圈,,,,,,助手,,快踱一圈,H,內圈 快踱一圈 (助手)
H354,05/09/2023,游水,沙田,,沙田,,,,,,,,游水,,
H354,05/09/2023,踱步,沙田,內圈,沙田 內圈,,,,,,助手,,快踱一圈,H,內圈 快踱一圈 (助手)
H354,04/09/2023,游水,沙田,,沙田,,,,,,,,游水,,
H354,04/09/2023,快操,沙田,全天候,沙田 全天候,,58.4,58.4,33.1 25.3,,助手,,快操,H,33.1 25.3 (58.4) (助手)
H354,04/09/2023,踱步,沙田,飛機場,沙田 飛機場,,,,,,助手,,踱步,H,飛機場 踱步 (助手)
H354,03/09/2023,游水,沙田,,沙田,,,,,,,,游水,,
H354,03/09/2023,踱步,沙田,內圈,沙田 內圈,,,,,,助手,,快踱一圈,H,內圈 快踱一圈 (助手)
H354,31/08/2023,游水,沙田,,沙田,,,,,,,,游水,,
H354,31/08/2023,踱步,沙田,內圈,沙田 內圈,,,,,,助手,,倒快一圈,H,內圈 倒快一圈 (助手)
H354,30/08/2023,游水,沙田,,沙田,,,,,,,,游水,,
H354,30/08/2023,踱步,沙田,內圈,沙田 內圈,,,,,,助手,,快踱一圈,H,內圈 快踱一圈 (助手)
H354,29/08/2023,游水,沙田,,沙田,,,,,,,,游水,,
H354,29/08/2023,快操,沙田,全天候,沙田 全天候,,25.7,25.7,25.7,,周俊樂,,快操,,25.7 (25.7) (周俊樂)
H354,29/08/2023,踱步,沙田,飛機場,沙田 飛機場,,,,,,周俊樂,,踱步,H,飛機場 踱步 (周俊樂)
H354,28/08/2023,游水,沙田,,沙田,,,,,,,,游水,,
H354,28/08/2023,踱步,沙田,內圈,沙田 內圈,,,,,,助手,,倒快一圈,H,內圈 倒快一圈 (助手)
H354,27/08/2023,游水,沙田,,沙田,,,,,,,,游水,,
H354,27/08/2023,踱步,沙田,內圈,沙田 內圈,,,,,,助手,,快踱一圈,H,內圈 快踱一圈 (助手)
H354,26/08/2023,游水,沙田,,沙田,,,,,,,,游水,,
H354,26/08/2023,踱步,沙田,內圈,沙田 內圈,,,,,,助手,,快踱一圈,H,內圈 快踱一圈 (助手)
H354,25/08/2023,游水,沙田,,沙田,,,,,,,,游水,,
H354,25/08/2023,踱步,沙田,內圈,沙田 內圈,,,,,,助手,,快踱兩圈,H,內圈 快踱兩圈 (助手)
H354,24/08/2023,游水,沙田,,沙田,,,,,,,,游水,,
H354,23/08/2023,試閘,沙田,全天候,沙田 全天候,1050M,1.00.95,60.95,16.1 22.1 22.7,縱橫萬里,田泰安,,第1組,B,第1組 (田泰安) 1050M 縱橫萬里 16.1 22.1 22.7 (1.00.95)
H354,23/08/2023,游水,沙田,,沙田,,,,,,,,游水,,
H354,22/08/2023,游水,沙田,,沙田,,,,,,,,游水,,
H354,22/08/2023,踱步,沙田,內圈,沙田 內圈,,,,,,助手,,快踱一圈,H,內圈 快踱一圈 (助手)
H354,21/08/2023,游水,沙田,,沙田,,,,,,,,游水,,
H354,21/08/2023,踱步,沙田,內圈,沙田 內圈,,,,,,助手,,倒快一圈,H,內圈 倒快一圈 (助手)
H354,20/08/2023,游水,沙田,,沙田,,,,,,,,游水,,
H354,20/08/2023,踱步,沙田,內圈,沙田 內圈,,,,,,助手,,快踱一圈,H,內圈 快踱一圈 (助手)
H354,19/08/2023,游水,沙田,,沙田,,,,,,,,游水,,
H354,19/08/2023,快操,沙田,全天候,沙田 全天候,,26.7,26.7,26.7,,助手,,快操,H,26.7 (26.7) (助手)
H354,19/08/2023,踱步,沙田,飛機場,沙田 飛機場,,,,,,助手,,踱步,H,飛機場 踱步 (助手)
H354,18/08/2023,游水,沙田,,沙田,,,,,,,,游水,,
H354,18/08/2023,踱步,沙田,內圈,沙田 內圈,,,,,,助手,,快踱一圈,H,內圈 快踱一圈 (助手)
H354,17/08/2023,游水,沙田,,沙田,,,,,,,,游水,,
H354,17/08/2023,踱步,沙田,內圈,沙田 內圈,,,,,,助手,,倒快一圈,H,內圈 倒快一圈 (助手)
H354,16/08/2023,游水,沙田,,沙田,,,,,,,,游水,,
H354,16/08/2023,踱步,沙田,內圈,沙田 內圈,,,,,,助手,,快踱一圈,H,內圈 快踱一圈 (助手)
H354,15/08/2023,游水,沙田,,沙田,,,,,,,,游水,,
H354,15/08/2023,快操,沙田,全天候,沙田 全天候,,26.7,26.7,26.7,,助手,,快操,H,26.7 (26.7) (助手)
H354,15/08/2023,踱步,沙田,飛機場,沙田 飛機場,,,,,,助手,,踱步,H,飛機場 踱步 (助手)
H354,14/08/2023,游水,沙田,,沙田,,,,,,,,游水,,
H354,14/08/2023,踱步,沙田,內圈,沙田 內圈,,,,,,助手,,倒快一圈,H,內圈 倒快一圈 (助手)
H354,13/08/2023,游水,沙田,,沙田,,,,,,,,游水,,
H354,13/08/2023,踱步,沙田,內圈,沙田 內圈,,,,,,助手,,快踱一圈,H,內圈 快踱一圈 (助手)
H354,12/08/2023,游水,沙田,,沙田,,,,,,,,游水,,
H354,12/08/2023,踱步,沙田,內圈,沙田 內圈,,,,,,助手,,快踱一圈,H,內圈 快踱一圈 (助手)
H354,11/08/2023,游水,沙田,,沙田,,,,,,,,游水,,
H354,11/08/2023,快操,沙田,全天候,沙田 全天候,,25.8,25.8,25.8,,助手,,快操,H,25.8 (25.8) (助手)
H354,11/08/2023,踱步,沙田,飛機場,沙田 飛機場,,,,,,助手,,踱步,H,飛機場 踱步 (助手)
H354,10/08/2023,游水,沙田,,沙田,,,,,,,,游水,,
H354,10/08/2023,踱步,沙田,內圈,沙田 內圈,,,,,,助手,,快踱一圈,H,內圈 快踱一圈 (助手)
H354,09/08/2023,游水,沙田,,沙田,,,,,,,,游水,,
H354,09/08/2023,踱步,沙田,內圈,沙田 內圈,,,,,,助手,,快踱一圈,H,內圈 快踱一圈 (助手)
H354,08/08/2023,游水,沙田,,沙田,,,,,,,,游水,,
H354,08/08/2023,踱步,沙田,內圈,沙田 內圈,,,,,,助手,,快踱一圈,H,內圈 快踱一圈 (助手)
H354,07/08/2023,游水,沙田,,沙田,,,,,,,,游水,,
H354,07/08/2023,快操,沙田,全天候,沙田 全天候,,25.4,25.4,25.4,,助手,,快操,H,25.4 (25.4) (助手)
H354,07/08/2023,踱步,沙田,飛機場,沙田 飛機場,,,,,,助手,,踱步,H,飛機場 踱步 (助手)
H354,06/08/2023,游水,沙田,,沙田,,,,,,,,游水,,
H354,06/08/2023,踱步,沙田,外圈,沙田 外圈,,,,,,助手,,快踱一圈,H,外圈 快踱一圈 (助手)
H354,05/08/2023,游水,沙田,,沙田,,,,,,,,游水,,
H354,05/08/2023,踱步,沙田,外圈,沙田 外圈,,,,,,助手,,快踱一圈,H,外圈 快踱一圈 (助手)
H354,04/08/2023,游水,沙田,,沙田,,,,,,,,游水,,
H354,04/08/2023,踱步,沙田,外圈,沙田 外圈,,,,,,助手,,快踱一圈,H,外圈 快踱一圈 (助手)
H354,03/08/2023,游水,沙田,,沙田,,,,,,,,游水,,
H354,03/08/2023,踱步,沙田,外圈,沙田 外圈,,,,,,助手,,快踱一圈,H,外圈 快踱一圈 (助手)
H354,02/08/2023,游水,沙田,,沙田,,,,,,,,游水,,
H354,02/08/2023,踱步,沙田,外圈,沙田 外圈,,,,,,助手,,快踱一圈,H,外圈 快踱一圈 (助手)
H354,01/08/2023,游水,沙田,,沙田,,,,,,,,游水,,
H354,01/08/2023,踱步,沙田,外圈,沙田 外圈,,,,,,助手,,快踱一圈,H,外圈 快踱一圈 (助手)
H354,31/07/2023,游水,沙田,,沙田,,,,,,,,游水,,
H354,31/07/2023,踱步,沙田,外圈,沙田 外圈,,,,,,助手,,快踱一圈,H,外圈 快踱一圈 (助手)
H354,30/07/2023,踱步,沙田,飛機場,沙田 飛機場,,,,,,助手,,踱步,H,飛機場 踱步 (助手)
H354,29/07/2023,踱步,沙田,飛機場,沙田 飛機場,,,,,,助手,,踱步,H,飛機場 踱步 (助手)
H354,28/07/2023,踱步,沙田,飛機場,沙田 飛機場,,,,,,助手,,踱步,H,飛機場 踱步 (助手)
H354,27/07/2023,踱步,沙田,飛機場,沙田 飛機場,,,,,,助手,,踱步,H,飛機場 踱步 (助手)
H354,26/07/2023,踱步,沙田,飛機場,沙田 飛機場,,,,,,助手,,踱步,H,飛機場 踱步 (助手)
H354,25/07/2023,踱步,沙田,飛機場,沙田 飛機場,,,,,,助手,,踱步,H,飛機場 踱步 (助手)
H354,24/07/2023,踱步,沙田,飛機場,沙田 飛機場,,,,,,助手,,踱步,H,飛機場 踱步 (助手)
H354,16/07/2023,游水,沙田,,沙田,,,,,,,,游水,,
H354,16/07/2023,踱步,沙田,外圈,沙田 外圈,,,,,,助手,,快踱一圈,H,外圈 快踱一圈 (助手)
H354,15/07/2023,游水,沙田,,沙田,,,,,,,,游水,,
H354,15/07/2023,踱步,沙田,外圈,沙田 外圈,,,,,,助手,,快踱一圈,H,外圈 快踱一圈 (助手)
H354,14/07/2023,游水,沙田,,沙田,,,,,,,,游水,,
H354,14/07/2023,踱步,沙田,外圈,沙田 外圈,,,,,,助手,,快踱一圈,H,外圈 快踱一圈 (助手)
H354,13/07/2023,游水,沙田,,沙田,,,,,,,,游水,,
H354,13/07/2023,踱步,沙田,外圈,沙田 外圈,,,,,,助手,,快踱一圈,H,外圈 快踱一圈 (助手)
H354,12/07/2023,游水,沙田,,沙田,,,,,,,,游水,,
H354,12/07/2023,踱步,沙田,外圈,沙田 外圈,,,,,,周俊樂,,快踱一圈,H,外圈 快踱一圈 (周俊樂)
H354,11/07/2023,游水,沙田,,沙田,,,,,,,,游水,,
H354,11/07/2023,踱步,沙田,外圈,沙田 外圈,,,,,,助手,,快踱一圈,H,外圈 快踱一圈 (助手)
H354,10/07/2023,游水,沙田,,沙田,,,,,,,,游水,,
H354,10/07/2023,踱步,沙田,外圈,沙田 外圈,,,,,,周俊樂,,快踱一圈,H,外圈 快踱一圈 (周俊樂)
H354,09/07/2023,游水,沙田,,沙田,,,,,,,,游水,,
H354,08/07/2023,游水,沙田,,沙田,,,,,,,,游水,,
H354,08/07/2023,踱步,沙田,外圈,沙田 外圈,,,,,,助手,,快踱一圈,H,外圈 快踱一圈 (助手)
H354,07/07/2023,游水,沙田,,沙田,,,,,,,,游水,,
H354,07/07/2023,踱步,沙田,飛機場,沙田 飛機場,,,,,,助手,,踱步,H,飛機場 踱步 (助手)
H354,06/07/2023,游水,沙田,,沙田,,,,,,,,游水,,
H354,05/07/2023,游水,沙田,,沙田,,,,,,,,游水,,
H354,03/07/2023,踱步,沙田,外圈,沙田 外圈,,,,,,助手,,快踱一圈,H,外圈 快踱一圈 (助手)
H354,02/07/2023,游水,沙田,,沙田,,,,,,,,游水,,
H354,02/07/2023,踱步,沙田,外圈,沙田 外圈,,,,,,助手,,快踱一圈,H,外圈 快踱一圈 (助手)
H354,01/07/2023,游水,沙田,,沙田,,,,,,,,游水,,
H354,01/07/2023,踱步,沙田,外圈,沙田 外圈,,,,,,助手,,快踱一圈,H,外圈 快踱一圈 (助手)
H354,30/06/2023,游水,沙田,,沙田,,,,,,,,游水,,
H354,30/06/2023,快操,沙田,全天候,沙田 全天候,,26.6,26.6,26.6,,副練馬師,,快操,H,26.6 (26.6) (副練馬師)
H354,30/06/2023,踱步,沙田,飛機場,沙田 飛機場,,,,,,副練馬師,,踱步,H,飛機場 踱步 (副練馬師)
H354,29/06/2023,游水,沙田,,沙田,,,,,,,,游水,,
H354,29/06/2023,踱步,沙田,外圈,沙田 外圈,,,,,,周俊樂,,快踱一圈,H,外圈 快踱一圈 (周俊樂)
H354,28/06/2023,游水,沙田,,沙田,,,,,,,,游水,,
H354,28/06/2023,踱步,沙田,外圈,沙田 外圈,,,,,,助手,,快踱一圈,H,外圈 快踱一圈 (助手)
H354,27/06/2023,游水,沙田,,沙田,,,,,,,,游水,,
H354,27/06/2023,快操,沙田,全天候,沙田 全天候,,58.9,58.9,33.9 25.0,,周俊樂,,快操,H,33.9 25.0 (58.9) (周俊樂)
H354,27/06/2023,踱步,沙田,飛機場,沙田 飛機場,,,,,,周俊樂,,踱步,H,飛機場 踱步 (周俊樂)
H354,26/06/2023,游水,沙田,,沙田,,,,,,,,游水,,
H354,26/06/2023,踱步,沙田,內圈,沙田 內圈,,,,,,助手,,倒快一圈,H,內圈 倒快一圈 (助手)
H354,25/06/2023,游水,沙田,,沙田,,,,,,,,游水,,
H354,25/06/2023,踱步,沙田,內圈,沙田 內圈,,,,,,助手,,快踱一圈,H,內圈 快踱一圈 (助手)
H354,24/06/2023,游水,沙田,,沙田,,,,,,,,游水,,
H354,24/06/2023,踱步,沙田,內圈,沙田 內圈,,,,,,助手,,快踱一圈,H,內圈 快踱一圈 (助手)
H354,23/06/2023,游水,沙田,,沙田,,,,,,,,游水,,
H354,23/06/2023,快操,沙田,全天候,沙田 全天候,,25.9,25.9,25.9,,助手,,快操,H,25.9 (25.9) (助手)
H354,22/06/2023,游水,沙田,,沙田,,,,,,,,游水,,
H354,22/06/2023,踱步,沙田,內圈,沙田 內圈,,,,,,助手,,倒快一圈,H,內圈 倒快一圈 (助手)
H354,21/06/2023,游水,沙田,,沙田,,,,,,,,游水,,
H354,21/06/2023,踱步,沙田,內圈,沙田 內圈,,,,,,助手,,快踱一圈,H,內圈 快踱一圈 (助手)
H354,20/06/2023,游水,沙田,,沙田,,,,,,,,游水,,
H354,20/06/2023,踱步,沙田,內圈,沙田 內圈,,,,,,副練馬師,,快踱一圈,H,內圈 快踱一圈 (副練馬師)
H354,19/06/2023,游水,沙田,,沙田,,,,,,,,游水,,
H354,19/06/2023,快操,沙田,草閘,沙田 草閘,,46.8,46.8,24.1 22.7,,助手,,快操,B,24.1 22.7 (46.8) (助手)
H354,19/06/2023,踱步,沙田,飛機場,沙田 飛機場,,,,,,助手,,踱步,B,飛機場 踱步 (助手)
H354,18/06/2023,游水,沙田,,沙田,,,,,,,,游水,,
H354,18/06/2023,踱步,沙田,內圈,沙田 內圈,,,,,,助手,,快踱一圈,H,內圈 快踱一圈 (助手)
H354,17/06/2023,游水,沙田,,沙田,,,,,,,,游水,,
H354,17/06/2023,踱步,沙田,內圈,沙田 內圈,,,,,,助手,,快踱一圈,H,內圈 快踱一圈 (助手)
H354,16/06/2023,游水,沙田,,沙田,,,,,,,,游水,,
H354,16/06/2023,踱步,沙田,內圈,沙田 內圈,,,,,,助手,,快踱一圈,H,內圈 快踱一圈 (助手)
H354,15/06/2023,游水,沙田,,沙田,,,,,,,,游水,,
H354,15/06/2023,快操,沙田,全天候,沙田 全天候,,26.5,26.5,26.5,,周俊樂,,快操,H,26.5 (26.5) (周俊樂)
H354,15/06/2023,踱步,沙田,飛機場,沙田 飛機場,,,,,,周俊樂,,踱步,H,飛機場 踱步 (周俊樂)
H354,14/06/2023,游水,沙田,,沙田,,,,,,,,游水,,
H354,14/06/2023,踱步,沙田,內圈,沙田 內圈,,,,,,助手,,快踱一圈,H,內圈 快踱一圈 (助手)
H354,13/06/2023,游水,沙田,,沙田,,,,,,,,游水,,
H354,13/06/2023,踱步,沙田,內圈,沙田 內圈,,,,,,助手,,快踱一圈,H,內圈 快踱一圈 (助手)
H354,12/06/2023,游水,沙田,,沙田,,,,,,,,游水,,
H354,12/06/2023,踱步,沙田,內圈,沙田 內圈,,,,,,副練馬師,,倒快一圈,H,內圈 倒快一圈 (副練馬師)
H354,11/06/2023,游水,沙田,,沙田,,,,,,,,游水,,
H354,11/06/2023,踱步,沙田,內圈,沙田 內圈,,,,,,助手,,快踱一圈,H,內圈 快踱一圈 (助手)
H354,10/06/2023,游水,沙田,,沙田,,,,,,,,游水,,
H354,09/06/2023,試閘,沙田,全天候,沙田 全天候,1200M,1.11.52,71.52,24.7 23.2 23.6,亞機拉,楊明綸,,第1組,B,第1組 (楊明綸) 1200M 亞機拉 24.7 23.2 23.6 (1.11.52)
H354,08/06/2023,游水,沙田,,沙田,,,,,,,,游水,,
H354,08/06/2023,踱步,沙田,內圈,沙田 內圈,,,,,,助手,,倒快一圈,H,內圈 倒快一圈 (助手)
H354,07/06/2023,游水,沙田,,沙田,,,,,,,,游水,,
H354,07/06/2023,踱步,沙田,內圈,沙田 內圈,,,,,,助手,,快踱一圈,H,內圈 快踱一圈 (助手)
H354,06/06/2023,游水,沙田,,沙田,,,,,,,,游水,,
H354,06/06/2023,踱步,沙田,內圈,沙田 內圈,,,,,,助手,,快踱一圈,H,內圈 快踱一圈 (助手)
H354,05/06/2023,游水,沙田,,沙田,,,,,,,,游水,,
H354,05/06/2023,快操,沙田,全天候,沙田 全天候,,25.9,25.9,25.9,,助手,,快操,H,25.9 (25.9) (助手)
H354,05/06/2023,踱步,沙田,飛機場,沙田 飛機場,,,,,,助手,,踱步,H,飛機場 踱步 (助手)
H354,04/06/2023,游水,沙田,,沙田,,,,,,,,游水,,
H354,04/06/2023,踱步,沙田,內圈,沙田 內圈,,,,,,助手,,快踱一圈,H,內圈 快踱一圈 (助手)
H354,03/06/2023,游水,沙田,,沙田,,,,,,,,游水,,
H354,03/06/2023,踱步,沙田,內圈,沙田 內圈,,,,,,助手,,快踱一圈,H,內圈 快踱一圈 (助手)
H354,02/06/2023,游水,沙田,,沙田,,,,,,,,游水,,
H354,02/06/2023,踱步,沙田,內圈,沙田 內圈,,,,,,助手,,快踱一圈,H,內圈 快踱一圈 (助手)
H354,01/06/2023,游水,沙田,,沙田,,,,,,,,游水,,
H354,01/06/2023,快操,沙田,全天候,沙田 全天候,,27.0,27.0,27.0,,助手,,快操,H,27.0 (27.0) (助手)
H354,01/06/2023,踱步,沙田,飛機場,沙田 飛機場,,,,,,助手,,踱步,H,飛機場 踱步 (助手)
H354,31/05/2023,游水,沙田,,沙田,,,,,,,,游水,,
H354,31/05/2023,踱步,沙田,內圈,沙田 內圈,,,,,,助手,,快踱一圈,H,內圈 快踱一圈 (助手)
H354,30/05/2023,游水,沙田,,沙田,,,,,,,,游水,,
H354,30/05/2023,踱步,沙田,內圈,沙田 內圈,,,,,,助手,,快踱一圈,H,內圈 快踱一圈 (助手)
H354,29/05/2023,游水,沙田,,沙田,,,,,,,,游水,,
H354,29/05/2023,踱步,沙田,內圈,沙田 內圈,,,,,,助手,,倒快一圈,H,內圈 倒快一圈 (助手)
H354,28/05/2023,游水,沙田,,沙田,,,,,,,,游水,,
H354,28/05/2023,踱步,沙田,內圈,沙田 內圈,,,,,,助手,,快踱一圈,H,內圈 快踱一圈 (助手)
H354,27/05/2023,游水,沙田,,沙田,,,,,,,,游水,,
H354,27/05/2023,踱步,沙田,內圈,沙田 內圈,,,,,,助手,,快踱一圈,H,內圈 快踱一圈 (助手)
H354,26/05/2023,游水,沙田,,沙田,,,,,,,,游水,,
H354,26/05/2023,踱步,沙田,內圈,沙田 內圈,,,,,,助手,,快踱一圈,H,內圈 快踱一圈 (助手)
H354,25/05/2023,游水,沙田,,沙田,,,,,,,,游水,,
H354,24/05/2023,游水,沙田,,沙田,,,,,,,,游水,,
H354,23/05/2023,試閘,沙田,全天候,沙田 全天候,1200M,1.11.10,71.1,24.0 22.9 24.2,自強不息,布文,,第2組,,第2組 (布文) 1200M 自強不息 24.0 22.9 24.2 (1.11.10)
H354,23/05/2023,游水,沙田,,沙田,,,,,,,,游水,,
H354,22/05/2023,游水,沙田,,沙田,,,,,,,,游水,,
H354,22/05/2023,踱步,沙田,內圈,沙田 內圈,,,,,,助手,,倒快一圈,H,內圈 倒快一圈 (助手)
H354,21/05/2023,游水,沙田,,沙田,,,,,,,,游水,,
H354,21/05/2023,踱步,沙田,內圈,沙田 內圈,,,,,,助手,,快踱一圈,H,內圈 快踱一圈 (助手)
H354,20/05/2023,游水,沙田,,沙田,,,,,,,,游水,,
H354,20/05/2023,踱步,沙田,內圈,沙田 內圈,,,,,,助手,,快踱一圈,H,內圈 快踱一圈 (助手)
H354,19/05/2023,游水,沙田,,沙田,,,,,,,,游水,,
H354,19/05/2023,快操,沙田,全天候,沙田 全天候,,24.8,24.8,24.8,,助手,,快操,H,24.8 (24.8) (助手)
H354,19/05/2023,踱步,沙田,飛機場,沙田 飛機場,,,,,,助手,,踱步,H,飛機場 踱步 (助手)
H354,18/05/2023,游水,沙田,,沙田,,,,,,,,游水,,
H354,18/05/2023,踱步,沙田,內圈,沙田 內圈,,,,,,助手,,倒快一圈,H,內圈 倒快一圈 (助手)
H354,17/05/2023,游水,沙田,,沙田,,,,,,,,游水,,
H354,17/05/2023,踱步,沙田,內圈,沙田 內圈,,,,,,助手,,快踱一圈,H,內圈 快踱一圈 (助手)
H354,16/05/2023,游水,沙田,,沙田,,,,,,,,游水,,
H354,16/05/2023,踱步,沙田,內圈,沙田 內圈,,,,,,助手,,快踱一圈,H,內圈 快踱一圈 (助手)
H354,15/05/2023,游水,沙田,,沙田,,,,,,,,游水,,
H354,15/05/2023,快操,沙田,全天候,沙田 全天候,,26.0,26.0,26.0,,周俊樂,,快操,H,26.0 (26.0) (周俊樂)
H354,15/05/2023,踱步,沙田,飛機場,沙田 飛機場,,,,,,助手,,踱步,H,飛機場 踱步 (助手)
H354,14/05/2023,游水,沙田,,沙田,,,,,,,,游水,,
H354,14/05/2023,踱步,沙田,內圈,沙田 內圈,,,,,,助手,,快踱一圈,H,內圈 快踱一圈 (助手)
H354,13/05/2023,游水,沙田,,沙田,,,,,,,,游水,,
H354,13/05/2023,踱步,沙田,內圈,沙田 內圈,,,,,,助手,,快踱一圈,H,內圈 快踱一圈 (助手)
H354,12/05/2023,踱步,沙田,內圈,沙田 內圈,,,,,,助手,,快踱一圈,H,內圈 快踱一圈 (助手)
H354,11/05/2023,踱步,沙田,內圈,沙田 內圈,,,,,,助手,,倒快一圈,H,內圈 倒快一圈 (助手)
H354,10/05/2023,游水,沙田,,沙田,,,,,,,,游水,,
H354,09/05/2023,試閘,沙田,草地,沙田 草地,1000M,0.58.95,58.95,14.2 22.0 22.7,龍的風采,周俊樂,,第3組,,第3組 (周俊樂) 1000M 龍的風采 14.2 22.0 22.7 (0.58.95)
H354,09/05/2023,游水,沙田,,沙田,,,,,,,,游水,,
H354,08/05/2023,游水,沙田,,沙田,,,,,,,,游水,,
H354,08/05/2023,踱步,沙田,內圈,沙田 內圈,,,,,,助手,,倒快一圈,H,內圈 倒快一圈 (助手)
H354,07/05/2023,游水,沙田,,沙田,,,,,,,,游水,,
H354,06/05/2023,游水,沙田,,沙田,,,,,,,,游水,,
H354,06/05/2023,快操,沙田,全天候,沙田 全天候,,25.5,25.5,25.5,,助手,,快操,H,25.5 (25.5) (助手)
H354,06/05/2023,踱步,沙田,飛機場,沙田 飛機場,,,,,,助手,,踱步,H,飛機場 踱步 (助手)
H354,05/05/2023,游水,沙田,,沙田,,,,,,,,游水,,
H354,05/05/2023,踱步,沙田,內圈,沙田 內圈,,,,,,助手,,快踱一圈,H,內圈 快踱一圈 (助手)
H354,04/05/2023,游水,沙田,,沙田,,,,,,,,游水,,
H354,04/05/2023,踱步,沙田,內圈,沙田 內圈,,,,,,助手,,倒快一圈,H,內圈 倒快一圈 (助手)
H354,03/05/2023,游水,沙田,,沙田,,,,,,,,游水,,
H354,03/05/2023,踱步,沙田,內圈,沙田 內圈,,,,,,助手,,快踱一圈,H,內圈 快踱一圈 (助手)
H354,02/05/2023,游水,沙田,,沙田,,,,,,,,游水,,
H354,02/05/2023,快操,沙田,全天候,沙田 全天候,,24.9,24.9,24.9,,助手,,快操,H,24.9 (24.9) (助手) (伴跳馬)
H354,01/05/2023,游水,沙田,,沙田,,,,,,,,游水,,
H354,01/05/2023,踱步,沙田,內圈,沙田 內圈,,,,,,助手,,倒快一圈,H,內圈 倒快一圈 (助手)
H354,30/04/2023,游水,沙田,,沙田,,,,,,,,游水,,
H354,30/04/2023,踱步,沙田,內圈,沙田 內圈,,,,,,助手,,快踱一圈,H,內圈 快踱一圈 (助手)
H354,29/04/2023,游水,沙田,,沙田,,,,,,,,游水,,
H354,28/04/2023,游水,沙田,,沙田,,,,,,,,游水,,
H354,28/04/2023,快操,沙田,全天候,沙田 全天候,,59.6,59.6,33.9 25.7,,助手,,快操,H,33.9 25.7 (59.6) (助手)
H354,27/04/2023,游水,沙田,,沙田,,,,,,,,游水,,
H354,27/04/2023,踱步,沙田,內圈,沙田 內圈,,,,,,助手,,倒快一圈,H,內圈 倒快一圈 (助手)
H354,26/04/2023,游水,沙田,,沙田,,,,,,,,游水,,
H354,26/04/2023,踱步,沙田,內圈,沙田 內圈,,,,,,助手,,快踱一圈,H,內圈 快踱一圈 (助手)
H354,25/04/2023,游水,沙田,,沙田,,,,,,,,游水,,
H354,25/04/2023,踱步,沙田,內圈,沙田 內圈,,,,,,助手,,快踱一圈,H,內圈 快踱一圈 (助手)
H354,24/04/2023,游水,沙田,,沙田,,,,,,,,游水,,
H354,24/04/2023,快操,沙田,草閘,沙田 草閘,,48.8,48.8,25.0 23.8,,希威森,,快樂奇兵,,25.0 23.8 (48.8) (希威森) 快樂奇兵
H354,24/04/2023,踱步,沙田,飛機場,沙田 飛機場,,,,,,助手,,踱步,H,飛機場 踱步 (助手)
H354,23/04/2023,游水,沙田,,沙田,,,,,,,,游水,,
H354,23/04/2023,踱步,沙田,內圈,沙田 內圈,,,,,,助手,,快踱一圈,H,內圈 快踱一圈 (助手)
H354,22/04/2023,游水,沙田,,沙田,,,,,,,,游水,,
H354,22/04/2023,踱步,沙田,內圈,沙田 內圈,,,,,,助手,,快踱一圈,H,內圈 快踱一圈 (助手)
H354,21/04/2023,游水,沙田,,沙田,,,,,,,,游水,,
H354,21/04/2023,踱步,沙田,內圈,沙田 內圈,,,,,,助手,,快踱一圈,H,內圈 快踱一圈 (助手)
H354,20/04/2023,游水,沙田,,沙田,,,,,,,,游水,,
H354,20/04/2023,快操,沙田,全天候,沙田 全天候,,25.4,25.4,25.4,,助手,,快操,H,25.4 (25.4) (助手)
H354,20/04/2023,踱步,沙田,彭福公園,沙田 彭福公園,,,,,,助手,,踱步,H,彭福公園 踱步 (助手)
H354,19/04/2023,游水,沙田,,沙田,,,,,,,,游水,,
H354,19/04/2023,踱步,沙田,內圈,沙田 內圈,,,,,,助手,,快踱一圈,H,內圈 快踱一圈 (助手)
H354,18/04/2023,游水,沙田,,沙田,,,,,,,,游水,,
H354,18/04/2023,踱步,沙田,內圈,沙田 內圈,,,,,,助手,,快踱一圈,H,內圈 快踱一圈 (助手)
H354,17/04/2023,游水,沙田,,沙田,,,,,,,,游水,,
H354,17/04/2023,踱步,沙田,內圈,沙田 內圈,,,,,,助手,,倒快一圈,H,內圈 倒快一圈 (助手)
H354,16/04/2023,游水,沙田,,沙田,,,,,,,,游水,,
H354,16/04/2023,快操,沙田,全天候,沙田 全天候,,26.5,26.5,26.5,,副練馬師,,快操,H,26.5 (26.5) (副練馬師)
H354,16/04/2023,踱步,沙田,彭福公園,沙田 彭福公園,,,,,,副練馬師,,踱步,H,彭福公園 踱步 (副練馬師)
H354,15/04/2023,游水,沙田,,沙田,,,,,,,,游水,,
H354,15/04/2023,踱步,沙田,內圈,沙田 內圈,,,,,,助手,,快踱一圈,,內圈 快踱一圈 (助手)
H354,14/04/2023,游水,沙田,,沙田,,,,,,,,游水,,
H354,14/04/2023,踱步,沙田,內圈,沙田 內圈,,,,,,助手,,快踱一圈,H,內圈 快踱一圈 (助手)
H354,13/04/2023,游水,沙田,,沙田,,,,,,,,游水,,
H354,13/04/2023,踱步,沙田,內圈,沙田 內圈,,,,,,助手,,倒快一圈,H,內圈 倒快一圈 (助手)
H354,12/04/2023,游水,沙田,,沙田,,,,,,,,游水,,
H354,12/04/2023,快操,沙田,全天候,沙田 全天候,,26.3,26.3,26.3,,周俊樂,,快操,H,26.3 (26.3) (周俊樂)
H354,12/04/2023,踱步,沙田,飛機場,沙田 飛機場,,,,,,周俊樂,,踱步,H,飛機場 踱步 (周俊樂)
H354,11/04/2023,游水,沙田,,沙田,,,,,,,,游水,,
H354,11/04/2023,踱步,沙田,內圈,沙田 內圈,,,,,,助手,,快踱一圈,H,內圈 快踱一圈 (助手)
H354,10/04/2023,游水,沙田,,沙田,,,,,,,,游水,,
H354,10/04/2023,踱步,沙田,內圈,沙田 內圈,,,,,,助手,,倒快一圈,H,內圈 倒快一圈 (助手)
H354,09/04/2023,游水,沙田,,沙田,,,,,,,,游水,,
H354,09/04/2023,踱步,沙田,內圈,沙田 內圈,,,,,,助手,,快踱一圈,H,內圈 快踱一圈 (助手)
H354,08/04/2023,游水,沙田,,沙田,,,,,,,,游水,,
H354,08/04/2023,快操,沙田,全天候,沙田 全天候,,28.1,28.1,28.1,,助手,,快操,H,28.1 (28.1) (助手)
H354,08/04/2023,踱步,沙田,飛機場,沙田 飛機場,,,,,,助手,,踱步,H,飛機場 踱步 (助手)
H354,07/04/2023,游水,沙田,,沙田,,,,,,,,游水,,
H354,07/04/2023,踱步,沙田,內圈,沙田 內圈,,,,,,助手,,快踱一圈,H,內圈 快踱一圈 (助手)
H354,06/04/2023,游水,沙田,,沙田,,,,,,,,游水,,
H354,06/04/2023,踱步,沙田,內圈,沙田 內圈,,,,,,助手,,倒快一圈,H,內圈 倒快一圈 (助手)
H354,05/04/2023,游水,沙田,,沙田,,,,,,,,游水,,
H354,05/04/2023,快操,沙田,全天候,沙田 全天候,,28.7,28.7,28.7,,助手,,快操,H,28.7 (28.7) (助手)
H354,05/04/2023,踱步,沙田,飛機場,沙田 飛機場,,,,,,助手,,踱步,H,飛機場 踱步 (助手)
H354,04/04/2023,游水,沙田,,沙田,,,,,,,,游水,,
H354,04/04/2023,踱步,沙田,內圈,沙田 內圈,,,,,,助手,,快踱一圈,H,內圈 快踱一圈 (助手)
H354,03/04/2023,游水,沙田,,沙田,,,,,,,,游水,,
H354,03/04/2023,踱步,沙田,內圈,沙田 內圈,,,,,,助手,,倒快一圈,H,內圈 倒快一圈 (助手)
H354,02/04/2023,游水,沙田,,沙田,,,,,,,,游水,,
H354,02/04/2023,踱步,沙田,內圈,沙田 內圈,,,,,,助手,,快踱一圈,H,內圈 快踱一圈 (助手)
H354,01/04/2023,游水,沙田,,沙田,,,,,,,,游水,,
H354,01/04/2023,快操,沙田,全天候,沙田 全天候,,29.6,29.6,29.6,,周俊樂,,快操,H,29.6 (29.6) (周俊樂)
H354,01/04/2023,踱步,沙田,彭福公園,沙田 彭福公園,,,,,,助手,,踱步,H,彭福公園 踱步 (助手)
H354,31/03/2023,游水,沙田,,沙田,,,,,,,,游水,,
H354,31/03/2023,踱步,沙田,內圈,沙田 內圈,,,,,,助手,,快踱一圈,H,內圈 快踱一圈 (助手)
H354,30/03/2023,游水,沙田,,沙田,,,,,,,,游水,,
H354,30/03/2023,踱步,沙田,內圈,沙田 內圈,,,,,,助手,,倒快一圈,H,內圈 倒快一圈 (助手)
H354,29/03/2023,游水,沙田,,沙田,,,,,,,,游水,,
H354,29/03/2023,踱步,沙田,內圈,沙田 內圈,,,,,,助手,,快踱一圈,H,內圈 快踱一圈 (助手)
H354,28/03/2023,游水,沙田,,沙田,,,,,,,,游水,,
H354,28/03/2023,踱步,沙田,外圈,沙田 外圈,,,,,,助手,,快踱一圈,H,外圈 快踱一圈 (助手)
H354,27/03/2023,游水,沙田,,沙田,,,,,,,,游水,,
H354,27/03/2023,踱步,沙田,內圈,沙田 內圈,,,,,,助手,,倒快一圈,H,內圈 倒快一圈 (助手)
H354,26/03/2023,游水,沙田,,沙田,,,,,,,,游水,,
H354,26/03/2023,踱步,沙田,內圈,沙田 內圈,,,,,,助手,,快踱一圈,H,內圈 快踱一圈 (助手)
H354,25/03/2023,游水,沙田,,沙田,,,,,,,,游水,,
H354,25/03/2023,踱步,沙田,內圈,沙田 內圈,,,,,,助手,,快踱一圈,H,內圈 快踱一圈 (助手)
H354,24/03/2023,游水,沙田,,沙田,,,,,,,,游水,,
H354,24/03/2023,踱步,沙田,彭福公園,沙田 彭福公園,,,,,,助手,,踱步,H,彭福公園 踱步 (助手)
H354,23/03/2023,游水,沙田,,沙田,,,,,,,,游水,,
H354,23/03/2023,踱步,沙田,內圈,沙田 內圈,,,,,,助手,,倒快一圈,H,內圈 倒快一圈 (助手)
H354,22/03/2023,游水,沙田,,沙田,,,,,,,,游水,,
H354,22/03/2023,踱步,沙田,內圈,沙田 內圈,,,,,,助手,,快踱一圈,H,內圈 快踱一圈 (助手)
H354,21/03/2023,游水,沙田,,沙田,,,,,,,,游水,,
H354,21/03/2023,踱步,沙田,內圈,沙田 內圈,,,,,,助手,,快踱一圈,H,內圈 快踱一圈 (助手)
H354,20/03/2023,游水,沙田,,沙田,,,,,,,,游水,,
H354,20/03/2023,踱步,沙田,內圈,沙田 內圈,,,,,,助手,,倒快一圈,H,內圈 倒快一圈 (助手)
H354,19/03/2023,踱步,沙田,內圈,沙田 內圈,,,,,,助手,,快踱一圈,H,內圈 快踱一圈 (助手)
H354,18/03/2023,游水,沙田,,沙田,,,,,,,,游水,,
H354,18/03/2023,踱步,沙田,彭福公園,沙田 彭福公園,,,,,,助手,,踱步,H,彭福公園 踱步 (助手)
H354,17/03/2023,踱步,沙田,彭福公園,沙田 彭福公園,,,,,,助手,,踱步,H,彭福公園 踱步 (助手)
H354,16/03/2023,游水,沙田,,沙田,,,,,,,,游水,,
H354,16/03/2023,踱步,沙田,彭福公園,沙田 彭福公園,,,,,,助手,,踱步,H,彭福公園 踱步 (助手)
H354,15/03/2023,游水,沙田,,沙田,,,,,,,,游水,,
H354,15/03/2023,踱步,沙田,彭福公園,沙田 彭福公園,,,,,,助手,,踱步,H,彭福公園 踱步 (助手)
H354,14/03/2023,游水,沙田,,沙田,,,,,,,,游水,,
H354,14/03/2023,踱步,沙田,飛機場,沙田 飛機場,,,,,,助手,,踱步,H,飛機場 踱步 (助手)
H354,13/03/2023,游水,沙田,,沙田,,,,,,,,游水,,
H354,13/03/2023,踱步,沙田,飛機場,沙田 飛機場,,,,,,助手,,踱步,H,飛機場 踱步 (助手)
H354,12/03/2023,踱步,沙田,飛機場,沙田 飛機場,,,,,,助手,,踱步,H,飛機場 踱步 (助手)
H354,11/03/2023,踱步,沙田,飛機場,沙田 飛機場,,,,,,助手,,踱步,H,飛機場 踱步 (助手)
