horse_no,date,work_type,racecourse,track,venue,distance,time,time_sec,splits,partner,rider,placing,comment,gear,workout_details
H123,08/09/2026,踱步,沙田,內圈,沙田 內圈,,,,,,助手,,快踱一圈,,內圈 快踱一圈 (助手)
H123,07/09/2026,游水,沙田,,沙田,,,,,,,,游水,,
H123,07/09/2026,踱步,沙田,內圈,沙田 內圈,,,,,,助手,,倒快一圈,H,內圈 倒快一圈 (助手)
H123,06/09/2026,游水,沙田,,沙田,,,,,,,,游水,,
H123,06/09/2026,踱步,沙田,內圈,沙田 內圈,,,,,,助手,,快踱一圈,H,內圈 快踱一圈 (助手)
H123,04/09/2026,試閘,從化,草地,從化 草地,1200M,1.10.63,70.63,24.6 22.7 23.3,君至酷,巴度,,第9組,,第9組 (巴度) 1200M 君至酷 24.6 22.7 23.3 (1.10.63)
H123,04/09/2026,踱步,從化,飛機場,從化 飛機場,,,,,,助手,,踱步,,飛機場 踱步 (助手)
H123,03/09/2026,踱步,從化,內圈,從化 內圈,,,,,,助手,,倒快一圈,H,內圈 倒快一圈 (助手)
H123,02/09/2026,踱步,從化,內圈,從化 內圈,,,,,,助手,,快踱一圈,H,內圈 快踱一圈 (助手)
H123,01/09/2026,踱步,從化,內圈,從化 內圈,,,,,,助手,,快踱一圈,H,內圈 快踱一圈 (助手)
H123,31/08/2026,快操,從化,全天候,從化 全天候,,53.8,53.8,27.1 26.7,,助手,,快操,H,27.1 26.7 (53.8) (助手)
H123,31/08/2026,踱步,從化,飛機場,從化 飛機場,,,,,,助手,,踱步,H,飛機場 踱步 (助手)
H123,30/08/2026,馬匹水中步行機,從化,,從化,,,,,,,,馬匹水中步行機,,
H123,30/08/2026,踱步,從化,內圈,從化 內圈,,,,,,助手,,快踱一圈,H,內圈 快踱一圈 (助手)
H123,29/08/2026,踱步,從化,內圈,從化 內圈,,,,,,助手,,快踱一圈,H,內圈 快踱一圈 (助手)
H123,28/08/2026,快操,從化,全天候,從化 全天候,,53.7,53.7,27.8 25.9,,助手,,快操,H,27.8 25.9 (53.7) (助手)
H123,28/08/2026,踱步,從化,飛機場,從化 飛機場,,,,,,助手,,踱步,H,飛機場 踱步 (助手)
H123,27/08/2026,馬匹水中步行機,從化,,從化,,,,,,,,馬匹水中步行機,,
H123,27/08/2026,踱步,從化,內圈,從化 內圈,,,,,,助手,,倒快一圈,H,內圈 倒快一圈 (助手)
H123,26/08/2026,踱步,從化,內圈,從化 內圈,,,,,,助手,,快踱一圈,H,內圈 快踱一圈 (助手)
H123,25/08/2026,踱步,從化,內圈,從化 內圈,,,,,,助手,,快踱一圈,H,內圈 快踱一圈 (助手)
H123,24/08/2026,快操,從化,全天候,從化 全天候,,55.3,55.3,29.0 26.3,,助手,,快操,H,29.0 26.3 (55.3) (助手)
H123,24/08/2026,踱步,從化,飛機場,從化 飛機場,,,,,,助手,,踱步,H,飛機場 踱步 (助手)
H123,23/08/2026,馬匹水中步行機,從化,,從化,,,,,,,,馬匹水中步行機,,
H123,23/08/2026,踱步,從化,內圈,從化 內圈,,,,,,助手,,快踱一圈,H,內圈 快踱一圈 (助手)
H123,22/08/2026,踱步,從化,內圈,從化 內圈,,,,,,助手,,快踱一圈,H,內圈 快踱一圈 (助手)
H123,21/08/2026,快操,從化,全天候,從化 全天候,,56.9,56.9,29.8 27.1,,助手,,快操,H,29.8 27.1 (56.9) (助手)
H123,21/08/2026,踱步,從化,飛機場,從化 飛機場,,,,,,助手,,踱步,H,飛機場 踱步 (助手)
H123,20/08/2026,馬匹水中步行機,從化,,從化,,,,,,,,馬匹水中步行機,,
H123,20/08/2026,踱步,從化,內圈,從化 內圈,,,,,,助手,,倒快一圈,H,內圈 倒快一圈 (助手)
H123,19/08/2026,踱步,從化,外圈,從化 外圈,,,,,,助手,,快踱一圈,H,外圈 快踱一圈 (助手)
H123,18/08/2026,踱步,從化,內圈,從化 內圈,,,,,,助手,,快踱一圈,H,內圈 快踱一圈 (助手)
H123,17/08/2026,踱步,從化,內圈,從化 內圈,,,,,,助手,,倒快兩圈,H,內圈 倒快兩圈 (助手)
H123,16/08/2026,馬匹水中步行機,從化,,從化,,,,,,,,馬匹水中步行機,,
H123,16/08/2026,快操,從化,全天候,從化 全天候,,58.4,58.4,30.4 28.0,,助手,,快操,H,30.4 28.0 (58.4) (助手)
H123,16/08/2026,踱步,從化,飛機場,從化 飛機場,,,,,,助手,,踱步,H,飛機場 踱步 (助手)
H123,15/08/2026,踱步,從化,內圈,從化 內圈,,,,,,助手,,快踱一圈,H,內圈 快踱一圈 (助手)
H123,14/08/2026,踱步,從化,內圈,從化 內圈,,,,,,助手,,快踱一圈,H,內圈 快踱一圈 (助手)
H123,13/08/2026,馬匹水中步行機,從化,,從化,,,,,,,,馬匹水中步行機,,
H123,13/08/2026,快操,從化,全天候,從化 全天候,,59.9,59.9,30.1 29.8,,助手,,快操,H,30.1 29.8 (59.9) (助手)
H123,13/08/2026,踱步,從化,飛機場,從化 飛機場,,,,,,助手,,踱步,H,飛機場 踱步 (助手)
H123,12/08/2026,踱步,從化,內圈,從化 內圈,,,,,,助手,,快踱一圈,H,內圈 快踱一圈 (助手)
H123,11/08/2026,踱步,從化,內圈,從化 內圈,,,,,,助手,,快踱一圈,H,內圈 快踱一圈 (助手)
H123,10/08/2026,踱步,從化,內圈,從化 內圈,,,,,,助手,,倒快一圈,H,內圈 倒快一圈 (助手)
H123,09/08/2026,馬匹水中步行機,從化,,從化,,,,,,,,馬匹水中步行機,,
H123,09/08/2026,踱步,從化,外圈,從化 外圈,,,,,,助手,,快踱一圈,H,外圈 快踱一圈 (助手)
H123,08/08/2026,踱步,從化,內圈,從化 內圈,,,,,,助手,,快踱一圈,H,內圈 快踱一圈 (助手)
H123,07/08/2026,踱步,從化,內圈,從化 內圈,,,,,,助手,,快踱一圈,H,內圈 快踱一圈 (助手)
H123,06/08/2026,踱步,從化,外圈,從化 外圈,,,,,,助手,,快踱一圈,H,外圈 快踱一圈 (助手)
H123,05/08/2026,踱步,從化,內圈,從化 內圈,,,,,,助手,,快踱一圈,H,內圈 快踱一圈 (助手)
H123,04/08/2026,踱步,從化,內圈,從化 內圈,,,,,,助手,,快踱一圈,H,內圈 快踱一圈 (助手)
H123,03/08/2026,踱步,從化,內圈,從化 內圈,,,,,,助手,,倒快一圈,H,內圈 倒快一圈 (助手)
H123,02/08/2026,踱步,從化,內圈,從化 內圈,,,,,,助手,,快踱一圈,H,內圈 快踱一圈 (助手)
H123,01/08/2026,踱步,從化,內圈,從化 內圈,,,,,,助手,,快踱一圈,H,內圈 快踱一圈 (助手)
H123,31/07/2026,馬匹水中步行機,從化,,從化,,,,,,,,馬匹水中步行機,,
H123,31/07/2026,踱步,從化,內圈,從化 內圈,,,,,,助手,,快踱一圈,H,內圈 快踱一圈 (助手)
H123,30/07/2026,踱步,從化,飛機場,從化 飛機場,,,,,,助手,,踱步,H,飛機場 踱步 (助手)
H123,29/07/2026,馬匹水中步行機,從化,,從化,,,,,,,,馬匹水中步行機,,
H123,29/07/2026,踱步,從化,飛機場,從化 飛機場,,,,,,助手,,踱步,H,飛機場 踱步 (助手)
H123,28/07/2026,踱步,從化,飛機場,從化 飛機場,,,,,,助手,,踱步,,飛機場 踱步 (助手)
H123,27/07/2026,馬匹水中步行機,從化,,從化,,,,,,,,馬匹水中步行機,,
H123,27/07/2026,踱步,從化,飛機場,從化 飛機場,,,,,,助手,,踱步,H,飛機場 踱步 (助手)
H123,24/07/2026,踱步,從化,飛機場,從化 飛機場,,,,,,助手,,踱步,H,飛機場 踱步 (助手)
H123,23/07/2026,踱步,從化,飛機場,從化 飛機場,,,,,,助手,,踱步,,飛機場 踱步 (助手)
H123,15/07/2026,游水,沙田,,沙田,,,,,,,,游水,,
H123,14/07/2026,游水,沙田,,沙田,,,,,,,,游水,,
H123,12/07/2026,出賽,沙田,草地,沙田 草地,1800M,,,,,巴度,1/14,出賽,V,1800M (巴度) (1/14)
H123,11/07/2026,游水,沙田,,沙田,,,,,,,,游水,,
H123,11/07/2026,踱步,沙田,內圈,沙田 內圈,,,,,,助手,,快踱一圈,H,內圈 快踱一圈 (助手)
H123,10/07/2026,游水,沙田,,沙田,,,,,,,,游水,,
H123,10/07/2026,踱步,沙田,內圈,沙田 內圈,,,,,,助手,,快踱一圈,H,內圈 快踱一圈 (助手)
H123,09/07/2026,游水,沙田,,沙田,,,,,,,,游水,,
H123,09/07/2026,踱步,沙田,內圈,沙田 內圈,,,,,,助手,,倒快一圈,H,內圈 倒快一圈 (助手)
H123,08/07/2026,游水,沙田,,沙田,,,,,,,,游水,,
H123,08/07/2026,快操,沙田,全天候,沙田 全天候,,57.5,57.5,29.7 27.8,,助手,,快操,H,29.7 27.8 (57.5) (助手)
H123,07/07/2026,游水,沙田,,沙田,,,,,,,,游水,,
H123,07/07/2026,踱步,沙田,內圈,沙田 內圈,,,,,,助手,,快踱一圈,H,內圈 快踱一圈 (助手)
H123,06/07/2026,游水,沙田,,沙田,,,,,,,,游水,,
H123,06/07/2026,踱步,沙田,內圈,沙田 內圈,,,,,,助手,,倒快兩圈,H,內圈 倒快兩圈 (助手)
H123,05/07/2026,游水,沙田,,沙田,,,,,,,,游水,,
H123,05/07/2026,快操,沙田,全天候,沙田 全天候,,57.8,57.8,31.9 25.9,,助手,,快操,H,31.9 25.9 (57.8) (助手)
H123,04/07/2026,游水,沙田,,沙田,,,,,,,,游水,,
H123,04/07/2026,踱步,沙田,內圈,沙田 內圈,,,,,,助手,,快踱一圈,H,內圈 快踱一圈 (助手)
H123,03/07/2026,游水,沙田,,沙田,,,,,,,,游水,,
H123,03/07/2026,踱步,沙田,內圈,沙田 內圈,,,,,,助手,,快踱一圈,H,內圈 快踱一圈 (助手)
H123,02/07/2026,游水,沙田,,沙田,,,,,,,,游水,,
H123,02/07/2026,踱步,沙田,內圈,沙田 內圈,,,,,,助手,,倒快一圈,H,內圈 倒快一圈 (助手)
H123,01/07/2026,馬匹跑步機,沙田,,沙田,,,,,,上斜,,馬匹跑步機 - 踱步,,馬匹跑步機 - 踱步 （上斜）
H123,30/06/2026,試閘,沙田,全天候,沙田 全天候,1200M,1.10.95,70.95,24.5 23.4 23.0,盈妍威楓,希威森,,第2組,,第2組 (希威森) 1200M 盈妍威楓 24.5 23.4 23.0 (1.10.95)
H123,29/06/2026,游水,沙田,,沙田,,,,,,,,游水,,
H123,29/06/2026,踱步,沙田,內圈,沙田 內圈,,,,,,助手,,倒快一圈,H,內圈 倒快一圈 (助手)
H123,28/06/2026,游水,沙田,,沙田,,,,,,,,游水,,
H123,28/06/2026,踱步,沙田,內圈,沙田 內圈,,,,,,助手,,快踱一圈,H,內圈 快踱一圈 (助手)
H123,27/06/2026,游水,沙田,,沙田,,,,,,,,游水,,
H123,27/06/2026,踱步,沙田,內圈,沙田 內圈,,,,,,助手,,快踱一圈,H,內圈 快踱一圈 (助手)
H123,26/06/2026,游水,沙田,,沙田,,,,,,,,游水,,
H123,26/06/2026,快操,沙田,全天候,沙田 全天候,,55.1,55.1,29.3 25.8,,助手,,快操,H,29.3 25.8 (55.1) (助手)
H123,25/06/2026,游水,沙田,,沙田,,,,,,,,游水,,
H123,25/06/2026,踱步,沙田,內圈,沙田 內圈,,,,,,助手,,倒快一圈,H,內圈 倒快一圈 (助手)
H123,24/06/2026,游水,沙田,,沙田,,,,,,,,游水,,
H123,24/06/2026,踱步,沙田,內圈,沙田 內圈,,,,,,助手,,快踱一圈,H,內圈 快踱一圈 (助手)
H123,23/06/2026,游水,沙田,,沙田,,,,,,,,游水,,
H123,23/06/2026,踱步,沙田,內圈,沙田 內圈,,,,,,助手,,快踱一圈,H,內圈 快踱一圈 (助手)
H123,22/06/2026,游水,沙田,,沙田,,,,,,,,游水,,
H123,22/06/2026,快操,沙田,全天候,沙田 全天候,,53.6,53.6,28.0 25.6,,助手,,快操,H,28.0 25.6 (53.6) (助手)
H123,21/06/2026,游水,沙田,,沙田,,,,,,,,游水,,
H123,21/06/2026,踱步,沙田,內圈,沙田 內圈,,,,,,助手,,快踱一圈,H,內圈 快踱一圈 (助手)
H123,20/06/2026,游水,沙田,,沙田,,,,,,,,游水,,
H123,20/06/2026,踱步,沙田,內圈,沙田 內圈,,,,,,助手,,快踱一圈,H,內圈 快踱一圈 (助手)
H123,19/06/2026,游水,沙田,,沙田,,,,,,,,游水,,
H123,19/06/2026,快操,沙田,全天候,沙田 全天候,,57.3,57.3,30.5 26.8,,助手,,快操,H,30.5 26.8 (57.3) (助手)
H123,18/06/2026,踱步,沙田,內圈,沙田 內圈,,,,,,助手,,倒快兩圈,H,內圈 倒快兩圈 (助手)
H123,17/06/2026,游水,沙田,,沙田,,,,,,,,游水,,
H123,17/06/2026,踱步,沙田,內圈,沙田 內圈,,,,,,助手,,快踱一圈,H,內圈 快踱一圈 (助手)
H123,16/06/2026,游水,沙田,,沙田,,,,,,,,游水,,
H123,16/06/2026,踱步,沙田,內圈,沙田 內圈,,,,,,助手,,快踱一圈,H,內圈 快踱一圈 (助手)
H123,15/06/2026,游水,沙田,,沙田,,,,,,,,游水,,
H123,15/06/2026,踱步,沙田,內圈,沙田 內圈,,,,,,助手,,倒快一圈,H,內圈 倒快一圈 (助手)
H123,14/06/2026,快操,沙田,全天候,沙田 全天候,,55.4,55.4,30.7 24.7,,助手,,快操,H,30.7 24.7 (55.4) (助手)
H123,13/06/2026,游水,沙田,,沙田,,,,,,,,游水,,
H123,13/06/2026,踱步,沙田,內圈,沙田 內圈,,,,,,助手,,快踱一圈,H,內圈 快踱一圈 (助手)
H123,12/06/2026,游水,沙田,,沙田,,,,,,,,游水,,
H123,12/06/2026,踱步,沙田,內圈,沙田 內圈,,,,,,助手,,快踱一圈,H,內圈 快踱一圈 (助手)
H123,11/06/2026,游水,沙田,,沙田,,,,,,,,游水,,
H123,11/06/2026,快操,沙田,全天候,沙田 全天候,,54.7,54.7,29.5 25.2,,助手,,快操,H,29.5 25.2 (54.7) (助手)
H123,10/06/2026,游水,沙田,,沙田,,,,,,,,游水,,
H123,10/06/2026,踱步,沙田,內圈,沙田 內圈,,,,,,助手,,快踱一圈,H,內圈 快踱一圈 (助手)
H123,09/06/2026,游水,沙田,,沙田,,,,,,,,游水,,
H123,09/06/2026,踱步,沙田,內圈,沙田 內圈,,,,,,助手,,快踱一圈,H,內圈 快踱一圈 (助手)
H123,08/06/2026,游水,沙田,,沙田,,,,,,,,游水,,
H123,08/06/2026,踱步,沙田,內圈,沙田 內圈,,,,,,助手,,倒快兩圈,H,內圈 倒快兩圈 (助手)
H123,07/06/2026,游水,沙田,,沙田,,,,,,,,游水,,
H123,07/06/2026,踱步,沙田,內圈,沙田 內圈,,,,,,助手,,快踱一圈,H,內圈 快踱一圈 (助手)
H123,06/06/2026,快操,沙田,全天候,沙田 全天候,,54.2,54.2,29.0 25.2,,助手,,快操,H,29.0 25.2 (54.2) (助手)
H123,05/06/2026,游水,沙田,,沙田,,,,,,,,游水,,
H123,05/06/2026,踱步,沙田,內圈,沙田 內圈,,,,,,助手,,快踱一圈,H,內圈 快踱一圈 (助手)
H123,04/06/2026,游水,沙田,,沙田,,,,,,,,游水,,
H123,04/06/2026,踱步,沙田,內圈,沙田 內圈,,,,,,助手,,倒快兩圈,H,內圈 倒快兩圈 (助手)
H123,03/06/2026,游水,沙田,,沙田,,,,,,,,游水,,
H123,03/06/2026,快操,沙田,全天候,沙田 全天候,,55.3,55.3,29.5 25.8,,助手,,快操,H,29.5 25.8 (55.3) (助手)
H123,02/06/2026,游水,沙田,,沙田,,,,,,,,游水,,
H123,02/06/2026,踱步,沙田,內圈,沙田 內圈,,,,,,助手,,快踱一圈,H,內圈 快踱一圈 (助手)
H123,01/06/2026,游水,沙田,,沙田,,,,,,,,游水,,
H123,01/06/2026,踱步,沙田,內圈,沙田 內圈,,,,,,助手,,倒快一圈,H,內圈 倒快一圈 (助手)
H123,31/05/2026,游水,沙田,,沙田,,,,,,,,游水,,
H123,31/05/2026,快操,沙田,全天候,沙田 全天候,,55.8,55.8,30.0 25.8,,助手,,快操,H,30.0 25.8 (55.8) (助手)
H123,30/05/2026,游水,沙田,,沙田,,,,,,,,游水,,
H123,30/05/2026,踱步,沙田,內圈,沙田 內圈,,,,,,助手,,快踱一圈,H,內圈 快踱一圈 (助手)
H123,29/05/2026,游水,沙田,,沙田,,,,,,,,游水,,
H123,29/05/2026,踱步,沙田,內圈,沙田 內圈,,,,,,助手,,快踱一圈,H,內圈 快踱一圈 (助手)
H123,28/05/2026,游水,沙田,,沙田,,,,,,,,游水,,
H123,28/05/2026,踱步,沙田,內圈,沙田 內圈,,,,,,助手,,倒快一圈,H,內圈 倒快一圈 (助手)
H123,27/05/2026,馬匹跑步機,沙田,,沙田,,,,,,上斜,,馬匹跑步機 - 步行,,馬匹跑步機 - 步行 （上斜）
H123,27/05/2026,游水,沙田,,沙田,,,,,,,,游水,,
H123,26/05/2026,試閘,沙田,草地,沙田 草地,1000M,0.57.78,57.78,13.9 21.5 22.3,星球勇士,布文,,第5組,,第5組 (布文) 1000M 星球勇士 13.9 21.5 22.3 (0.57.78)
H123,25/05/2026,游水,沙田,,沙田,,,,,,,,游水,,
H123,25/05/2026,踱步,沙田,內圈,沙田 內圈,,,,,,助手,,倒快兩圈,H,內圈 倒快兩圈 (助手)
H123,24/05/2026,游水,沙田,,沙田,,,,,,,,游水,,
H123,24/05/2026,踱步,沙田,內圈,沙田 內圈,,,,,,助手,,快踱一圈,H,內圈 快踱一圈 (助手)
H123,23/05/2026,游水,沙田,,沙田,,,,,,,,游水,,
H123,23/05/2026,快操,沙田,全天候,沙田 全天候,,55.7,55.7,29.7 26.0,,助手,,快操,H,29.7 26.0 (55.7) (助手)
H123,22/05/2026,馬匹跑步機,沙田,,沙田,,,,,,上斜,,馬匹跑步機 - 步行,,馬匹跑步機 - 步行 （上斜）
H123,22/05/2026,踱步,沙田,內圈,沙田 內圈,,,,,,助手,,快踱一圈,H,內圈 快踱一圈 (助手)
H123,21/05/2026,馬匹跑步機,沙田,,沙田,,,,,,上斜,,馬匹跑步機 - 步行,,馬匹跑步機 - 步行 （上斜）
H123,21/05/2026,踱步,沙田,內圈,沙田 內圈,,,,,,助手,,倒快一圈,H,內圈 倒快一圈 (助手)
H123,20/05/2026,快操,沙田,全天候,沙田 全天候,,1.27.5,87.5,30.4 29.9 27.2,,助手,,快操,H,30.4 29.9 27.2 (1.27.5) (助手)
H123,19/05/2026,馬匹跑步機,沙田,,沙田,,,,,,上斜,,馬匹跑步機 - 步行,,馬匹跑步機 - 步行 （上斜）
H123,19/05/2026,踱步,沙田,內圈,沙田 內圈,,,,,,助手,,快踱一圈,H,內圈 快踱一圈 (助手)
H123,18/05/2026,踱步,沙田,內圈,沙田 內圈,,,,,,助手,,倒快兩圈,H,內圈 倒快兩圈 (助手)
H123,17/05/2026,快操,沙田,全天候,沙田 全天候,,1.30.0,90.0,31.9 30.0 28.1,,助手,,快操,H,31.9 30.0 28.1 (1.30.0) (助手)
H123,16/05/2026,踱步,沙田,內圈,沙田 內圈,,,,,,助手,,快踱一圈,H,內圈 快踱一圈 (助手)
H123,15/05/2026,踱步,沙田,內圈,沙田 內圈,,,,,,助手,,快踱一圈,H,內圈 快踱一圈 (助手)
H123,14/05/2026,快操,沙田,全天候,沙田 全天候,,1.31.8,91.8,31.1 30.5 30.2,,助手,,快操,H,31.1 30.5 30.2 (1.31.8) (助手)
H123,13/05/2026,踱步,沙田,內圈,沙田 內圈,,,,,,助手,,快踱一圈,H,內圈 快踱一圈 (助手)
H123,12/05/2026,踱步,從化,飛機場,從化 飛機場,,,,,,助手,,踱步,H,飛機場 踱步 (助手)
H123,11/05/2026,踱步,從化,飛機場,從化 飛機場,,,,,,助手,,踱步,H,飛機場 踱步 (助手)
H123,10/05/2026,踱步,從化,飛機場,從化 飛機場,,,,,,助手,,踱步,H,飛機場 踱步 (助手)
H123,09/05/2026,踱步,從化,飛機場,從化 飛機場,,,,,,助手,,踱步,H,飛機場 踱步 (助手)
H123,08/05/2026,踱步,從化,飛機場,從化 飛機場,,,,,,助手,,踱步,H,飛機場 踱步 (助手)
H123,07/05/2026,踱步,從化,飛機場,從化 飛機場,,,,,,助手,,踱步,H,飛機場 踱步 (助手)
H123,06/05/2026,踱步,從化,飛機場,從化 飛機場,,,,,,助手,,踱步,,飛機場 踱步 (助手)
H123,05/05/2026,馬匹跑步機,從化,,從化,,,,,,上斜,,馬匹跑步機 - 步行,,馬匹跑步機 - 步行 （上斜）
H123,04/05/2026,馬匹跑步機,從化,,從化,,,,,,上斜,,馬匹跑步機 - 步行,,馬匹跑步機 - 步行 （上斜）
H123,02/05/2026,踱步,從化,內圈,從化 內圈,,,,,,助手,,快踱一圈,H,內圈 快踱一圈 (助手)
H123,01/05/2026,馬匹跑步機,從化,,從化,,,,,,上斜,,馬匹跑步機 - 步行,,馬匹跑步機 - 步行 （上斜）
H123,30/04/2026,馬匹跑步機,從化,,從化,,,,,,上斜,,馬匹跑步機 - 步行,,馬匹跑步機 - 步行 （上斜）
H123,29/04/2026,馬匹水中步行機,從化,,從化,,,,,,,,馬匹水中步行機,,
H123,29/04/2026,踱步,從化,內圈,從化 內圈,,,,,,助手,,快踱一圈,H,內圈 快踱一圈 (助手)
H123,27/04/2026,踱步,從化,內圈,從化 內圈,,,,,,助手,,倒快一圈,H,內圈 倒快一圈 (助手)
H123,26/04/2026,快操,從化,全天候,從化 全天候,,55.7,55.7,30.0 25.7,,助手,,快操,H,30.0 25.7 (55.7) (助手)
H123,26/04/2026,踱步,從化,飛機場,從化 飛機場,,,,,,助手,,踱步,H,飛機場 踱步 (助手)
H123,25/04/2026,馬匹水中步行機,從化,,從化,,,,,,,,馬匹水中步行機,,
H123,25/04/2026,踱步,從化,內圈,從化 內圈,,,,,,助手,,快踱一圈,H,內圈 快踱一圈 (助手)
H123,24/04/2026,踱步,從化,內圈,從化 內圈,,,,,,助手,,快踱一圈,H,內圈 快踱一圈 (助手)
H123,23/04/2026,快操,從化,全天候,從化 全天候,,55.1,55.1,28.4 26.7,,助手,,快操,H,28.4 26.7 (55.1) (助手)
H123,23/04/2026,踱步,從化,飛機場,從化 飛機場,,,,,,助手,,踱步,H,飛機場 踱步 (助手)
H123,22/04/2026,馬匹水中步行機,從化,,從化,,,,,,,,馬匹水中步行機,,
H123,22/04/2026,踱步,從化,內圈,從化 內圈,,,,,,助手,,快踱一圈,H,內圈 快踱一圈 (助手)
H123,21/04/2026,踱步,從化,內圈,從化 內圈,,,,,,助手,,快踱一圈,H,內圈 快踱一圈 (助手)
H123,20/04/2026,馬匹水中步行機,從化,,從化,,,,,,,,馬匹水中步行機,,
H123,20/04/2026,踱步,從化,內圈,從化 內圈,,,,,,助手,,倒快一圈,H,內圈 倒快一圈 (助手)
H123,19/04/2026,快操,從化,全天候,從化 全天候,,56.2,56.2,28.8 27.4,,助手,,快操,H,28.8 27.4 (56.2) (助手)
H123,19/04/2026,踱步,從化,飛機場,從化 飛機場,,,,,,助手,,踱步,H,飛機場 踱步 (助手)
H123,18/04/2026,馬匹水中步行機,從化,,從化,,,,,,,,馬匹水中步行機,,
H123,18/04/2026,踱步,從化,內圈,從化 內圈,,,,,,助手,,快踱一圈,H,內圈 快踱一圈 (助手)
H123,17/04/2026,踱步,從化,外圈,從化 外圈,,,,,,助手,,快踱一圈,H,外圈 快踱一圈 (助手)
H123,16/04/2026,踱步,從化,飛機場,從化 飛機場,,,,,,助手,,踱步,,飛機場 踱步 (助手)
H123,15/04/2026,踱步,沙田,內圈,沙田 內圈,,,,,,助手,,快踱一圈,H,內圈 快踱一圈 (助手)
H123,14/04/2026,馬匹跑步機,沙田,,沙田,,,,,,上斜,,馬匹跑步機 - 踱步,,馬匹跑步機 - 踱步 （上斜）
H123,14/04/2026,游水,沙田,,沙田,,,,,,,,游水,,
H123,13/04/2026,馬匹跑步機,沙田,,沙田,,,,,,上斜,,馬匹跑步機 - 步行,,馬匹跑步機 - 步行 （上斜）
H123,12/04/2026,出賽,沙田,草地,沙田 草地,1600M,,,,,布文,10/14,出賽,V,1600M (布文) (10/14)
H123,11/04/2026,游水,沙田,,沙田,,,,,,,,游水,,
H123,11/04/2026,踱步,沙田,內圈,沙田 內圈,,,,,,助手,,快踱一圈,H,內圈 快踱一圈 (助手)
H123,10/04/2026,游水,沙田,,沙田,,,,,,,,游水,,
H123,10/04/2026,踱步,沙田,內圈,沙田 內圈,,,,,,助手,,快踱一圈,H,內圈 快踱一圈 (助手)
H123,09/04/2026,游水,沙田,,沙田,,,,,,,,游水,,
H123,09/04/2026,踱步,沙田,內圈,沙田 內圈,,,,,,助手,,倒快一圈,H,內圈 倒快一圈 (助手)
H123,08/04/2026,游水,沙田,,沙田,,,,,,,,游水,,
H123,08/04/2026,快操,沙田,全天候,沙田 全天候,,52.9,52.9,27.9 25.0,,布文,,快操,H,27.9 25.0 (52.9) (布文)
H123,07/04/2026,游水,沙田,,沙田,,,,,,,,游水,,
H123,07/04/2026,踱步,沙田,內圈,沙田 內圈,,,,,,助手,,快踱一圈,H,內圈 快踱一圈 (助手)
H123,06/04/2026,游水,沙田,,沙田,,,,,,,,游水,,
H123,06/04/2026,踱步,沙田,外圈,沙田 外圈,,,,,,助手,,快踱一圈,H,外圈 快踱一圈 (助手)
H123,05/04/2026,游水,沙田,,沙田,,,,,,,,游水,,
H123,05/04/2026,踱步,沙田,內圈,沙田 內圈,,,,,,助手,,快踱一圈,H,內圈 快踱一圈 (助手)
H123,04/04/2026,游水,沙田,,沙田,,,,,,,,游水,,
H123,04/04/2026,踱步,沙田,內圈,沙田 內圈,,,,,,助手,,快踱一圈,H,內圈 快踱一圈 (助手)
H123,03/04/2026,游水,沙田,,沙田,,,,,,,,游水,,
H123,03/04/2026,踱步,沙田,內圈,沙田 內圈,,,,,,助手,,快踱一圈,H,內圈 快踱一圈 (助手)
H123,02/04/2026,快操,沙田,草地,沙田 草地,,50.2,50.2,28.0 22.2,,布文,,三甲之星,H,28.0 22.2 (50.2) (布文) 三甲之星
H123,01/04/2026,游水,沙田,,沙田,,,,,,,,游水,,
H123,01/04/2026,踱步,沙田,內圈,沙田 內圈,,,,,,助手,,快踱一圈,H,內圈 快踱一圈 (助手)
H123,31/03/2026,踱步,從化,內圈,從化 內圈,,,,,,助手,,快踱一圈,H,內圈 快踱一圈 (助手)
H123,30/03/2026,踱步,從化,內圈,從化 內圈,,,,,,助手,,倒快一圈,H,內圈 倒快一圈 (助手)
H123,29/03/2026,快操,從化,全天候,從化 全天候,,55.8,55.8,30.2 25.6,,助手,,快操,H,30.2 25.6 (55.8) (助手)
H123,29/03/2026,踱步,從化,飛機場,從化 飛機場,,,,,,助手,,踱步,H,飛機場 踱步 (助手)
H123,28/03/2026,踱步,從化,內圈,從化 內圈,,,,,,助手,,快踱一圈,H,內圈 快踱一圈 (助手)
H123,27/03/2026,踱步,從化,內圈,從化 內圈,,,,,,助手,,快踱一圈,H,內圈 快踱一圈 (助手)
H123,26/03/2026,快操,從化,全天候,從化 全天候,,54.7,54.7,28.9 25.8,,助手,,快操,H,28.9 25.8 (54.7) (助手)
H123,26/03/2026,踱步,從化,飛機場,從化 飛機場,,,,,,助手,,踱步,H,飛機場 踱步 (助手)
H123,25/03/2026,踱步,從化,內圈,從化 內圈,,,,,,助手,,快踱一圈,H,內圈 快踱一圈 (助手)
H123,24/03/2026,馬匹水中步行機,從化,,從化,,,,,,,,馬匹水中步行機,,
H123,24/03/2026,踱步,從化,內圈,從化 內圈,,,,,,助手,,快踱一圈,H,內圈 快踱一圈 (助手)
H123,23/03/2026,踱步,從化,內圈,從化 內圈,,,,,,助手,,倒快一圈,H,內圈 倒快一圈 (助手)
H123,22/03/2026,踱步,從化,內圈,從化 內圈,,,,,,助手,,快踱一圈,H,內圈 快踱一圈 (助手)
H123,21/03/2026,快操,從化,草地,從化 草地,,51.7,51.7,26.6 25.1,,助手,,快操,H,26.6 25.1 (51.7) (助手)
H123,21/03/2026,踱步,從化,飛機場,從化 飛機場,,,,,,助手,,踱步,H,飛機場 踱步 (助手)
H123,20/03/2026,踱步,從化,內圈,從化 內圈,,,,,,助手,,快踱一圈,H,內圈 快踱一圈 (助手)
H123,19/03/2026,踱步,從化,內圈,從化 內圈,,,,,,助手,,倒快一圈,H,內圈 倒快一圈 (助手)
H123,18/03/2026,快操,從化,全天候,從化 全天候,,53.9,53.9,27.8 26.1,,助手,,快操,H,27.8 26.1 (53.9) (助手)
H123,18/03/2026,踱步,從化,飛機場,從化 飛機場,,,,,,助手,,踱步,H,飛機場 踱步 (助手)
H123,17/03/2026,馬匹水中步行機,從化,,從化,,,,,,,,馬匹水中步行機,,
H123,17/03/2026,踱步,從化,內圈,從化 內圈,,,,,,助手,,快踱一圈,H,內圈 快踱一圈 (助手)
H123,16/03/2026,踱步,從化,內圈,從化 內圈,,,,,,助手,,倒快一圈,H,內圈 倒快一圈 (助手)
H123,15/03/2026,踱步,從化,內圈,從化 內圈,,,,,,助手,,快踱一圈,H,內圈 快踱一圈 (助手)
H123,14/03/2026,快操,從化,全天候,從化 全天候,,54.2,54.2,28.8 25.4,,助手,,快操,H,28.8 25.4 (54.2) (助手)
H123,14/03/2026,踱步,從化,飛機場,從化 飛機場,,,,,,助手,,踱步,H,飛機場 踱步 (助手)
H123,13/03/2026,馬匹水中步行機,從化,,從化,,,,,,,,馬匹水中步行機,,
H123,13/03/2026,踱步,從化,內圈,從化 內圈,,,,,,助手,,快踱一圈,H,內圈 快踱一圈 (助手)
H123,12/03/2026,踱步,從化,內圈,從化 內圈,,,,,,助手,,倒快一圈,H,內圈 倒快一圈 (助手)
H123,11/03/2026,快操,從化,全天候,從化 全天候,,52.8,52.8,27.0 25.8,,助手,,快操,H,27.0 25.8 (52.8) (助手)
H123,11/03/2026,踱步,從化,飛機場,從化 飛機場,,,,,,助手,,踱步,H,飛機場 踱步 (助手)
H123,10/03/2026,馬匹水中步行機,從化,,從化,,,,,,,,馬匹水中步行機,,
H123,10/03/2026,踱步,從化,內圈,從化 內圈,,,,,,助手,,快踱一圈,H,內圈 快踱一圈 (助手)
H123,09/03/2026,踱步,從化,內圈,從化 內圈,,,,,,助手,,倒快一圈,H,內圈 倒快一圈 (助手)
H123,08/03/2026,踱步,從化,內圈,從化 內圈,,,,,,助手,,快踱一圈,H,內圈 快踱一圈 (助手)
H123,07/03/2026,快操,從化,全天候,從化 全天候,,54.8,54.8,28.4 26.4,,助手,,快操,H,28.4 26.4 (54.8) (助手)
H123,07/03/2026,踱步,從化,飛機場,從化 飛機場,,,,,,助手,,踱步,H,飛機場 踱步 (助手)
H123,06/03/2026,馬匹水中步行機,從化,,從化,,,,,,,,馬匹水中步行機,,
H123,06/03/2026,踱步,從化,內圈,從化 內圈,,,,,,助手,,快踱一圈,H,內圈 快踱一圈 (助手)
H123,05/03/2026,踱步,從化,內圈,從化 內圈,,,,,,助手,,倒快一圈,H,內圈 倒快一圈 (助手)
H123,04/03/2026,快操,從化,全天候,從化 全天候,,53.1,53.1,27.6 25.5,,助手,,快操,H,27.6 25.5 (53.1) (助手)
H123,04/03/2026,踱步,從化,飛機場,從化 飛機場,,,,,,助手,,踱步,H,飛機場 踱步 (助手)
H123,03/03/2026,馬匹水中步行機,從化,,從化,,,,,,,,馬匹水中步行機,,
H123,03/03/2026,踱步,從化,內圈,從化 內圈,,,,,,助手,,快踱一圈,H,內圈 快踱一圈 (助手)
H123,02/03/2026,踱步,從化,內圈,從化 內圈,,,,,,助手,,倒快一圈,H,內圈 倒快一圈 (助手)
H123,01/03/2026,踱步,從化,內圈,從化 內圈,,,,,,助手,,快踱一圈,H,內圈 快踱一圈 (助手)
H123,28/02/2026,快操,從化,全天候,從化 全天候,,1.00.0,60.0,31.4 28.6,,助手,,快操,H,31.4 28.6 (1.00.0) (助手)
H123,28/02/2026,踱步,從化,飛機場,從化 飛機場,,,,,,助手,,踱步,H,飛機場 踱步 (助手)
H123,27/02/2026,馬匹水中步行機,從化,,從化,,,,,,,,馬匹水中步行機,,
H123,27/02/2026,踱步,從化,內圈,從化 內圈,,,,,,助手,,快踱一圈,H,內圈 快踱一圈 (助手)
H123,26/02/2026,踱步,從化,內圈,從化 內圈,,,,,,助手,,倒快一圈,H,內圈 倒快一圈 (助手)
H123,25/02/2026,踱步,沙田,內圈,沙田 內圈,,,,,,助手,,快踱一圈,H,內圈 快踱一圈 (助手)
H123,24/02/2026,馬匹跑步機,沙田,,沙田,,,,,,上斜,,馬匹跑步機 - 踱步,,馬匹跑步機 - 踱步 （上斜）
H123,24/02/2026,游水,沙田,,沙田,,,,,,,,游水,,
H123,23/02/2026,馬匹跑步機,沙田,,沙田,,,,,,上斜,,馬匹跑步機 - 步行,,馬匹跑步機 - 步行 （上斜）
H123,22/02/2026,出賽,沙田,草地,沙田 草地,1800M,,,,,布文,3/14,出賽,V,1800M (布文) (3/14)
H123,21/02/2026,游水,沙田,,沙田,,,,,,,,游水,,
H123,21/02/2026,踱步,沙田,內圈,沙田 內圈,,,,,,助手,,快踱一圈,H,內圈 快踱一圈 (助手)
H123,20/02/2026,游水,沙田,,沙田,,,,,,,,游水,,
H123,20/02/2026,踱步,沙田,內圈,沙田 內圈,,,,,,助手,,快踱一圈,H,內圈 快踱一圈 (助手)
H123,19/02/2026,游水,沙田,,沙田,,,,,,,,游水,,
H123,19/02/2026,快操,沙田,全天候,沙田 全天候,,53.3,53.3,27.9 25.4,,副練馬師,,快操,H,27.9 25.4 (53.3) (副練馬師)
H123,18/02/2026,游水,沙田,,沙田,,,,,,,,游水,,
H123,18/02/2026,踱步,沙田,內圈,沙田 內圈,,,,,,助手,,快踱一圈,H,內圈 快踱一圈 (助手)
H123,16/02/2026,游水,沙田,,沙田,,,,,,,,游水,,
H123,16/02/2026,快操,沙田,全天候,沙田 全天候,,56.4,56.4,30.0 26.4,,助手,,快操,H,30.0 26.4 (56.4) (助手)
H123,15/02/2026,游水,沙田,,沙田,,,,,,,,游水,,
H123,15/02/2026,踱步,沙田,內圈,沙田 內圈,,,,,,助手,,快踱一圈,H,內圈 快踱一圈 (助手)
H123,14/02/2026,踱步,從化,內圈,從化 內圈,,,,,,助手,,快踱一圈,H,內圈 快踱一圈 (助手)
H123,13/02/2026,馬匹水中步行機,從化,,從化,,,,,,,,馬匹水中步行機,,
H123,13/02/2026,踱步,從化,內圈,從化 內圈,,,,,,助手,,快踱一圈,H,內圈 快踱一圈 (助手)
H123,12/02/2026,快操,從化,全天候,從化 全天候,,55.8,55.8,29.9 25.9,,助手,,快操,H,29.9 25.9 (55.8) (助手)
H123,12/02/2026,踱步,從化,飛機場,從化 飛機場,,,,,,助手,,踱步,H,飛機場 踱步 (助手)
H123,11/02/2026,踱步,從化,內圈,從化 內圈,,,,,,助手,,快踱一圈,H,內圈 快踱一圈 (助手)
H123,10/02/2026,馬匹水中步行機,從化,,從化,,,,,,,,馬匹水中步行機,,
H123,10/02/2026,踱步,從化,內圈,從化 內圈,,,,,,助手,,快踱一圈,H,內圈 快踱一圈 (助手)
H123,09/02/2026,踱步,從化,內圈,從化 內圈,,,,,,助手,,倒快一圈,H,內圈 倒快一圈 (助手)
H123,08/02/2026,踱步,從化,內圈,從化 內圈,,,,,,助手,,快踱一圈,H,內圈 快踱一圈 (助手)
H123,06/02/2026,試閘,從化,草地,從化 草地,1200M,1.11.76,71.76,25.9 22.9 22.9,吉星騎士,田泰安,,第9組,,第9組 (田泰安) 1200M 吉星騎士 25.9 22.9 22.9 (1.11.76)
H123,06/02/2026,踱步,從化,飛機場,從化 飛機場,,,,,,助手,,踱步,,飛機場 踱步 (助手)
H123,05/02/2026,踱步,從化,內圈,從化 內圈,,,,,,助手,,倒快一圈,H,內圈 倒快一圈 (助手)
H123,04/02/2026,踱步,從化,內圈,從化 內圈,,,,,,助手,,快踱一圈,H,內圈 快踱一圈 (助手)
H123,03/02/2026,快操,從化,全天候,從化 全天候,,56.6,56.6,30.1 26.5,,助手,,快操,H,30.1 26.5 (56.6) (助手)
H123,03/02/2026,踱步,從化,飛機場,從化 飛機場,,,,,,助手,,踱步,H,飛機場 踱步 (助手)
H123,02/02/2026,踱步,從化,內圈,從化 內圈,,,,,,助手,,倒快一圈,H,內圈 倒快一圈 (助手)
H123,01/02/2026,馬匹水中步行機,從化,,從化,,,,,,,,馬匹水中步行機,,
H123,01/02/2026,踱步,從化,內圈,從化 內圈,,,,,,助手,,快踱一圈,H,內圈 快踱一圈 (助手)
H123,31/01/2026,踱步,從化,內圈,從化 內圈,,,,,,助手,,快踱一圈,H,內圈 快踱一圈 (助手)
H123,30/01/2026,踱步,從化,內圈,從化 內圈,,,,,,助手,,快踱一圈,H,內圈 快踱一圈 (助手)
H123,29/01/2026,快操,從化,草地,從化 草地,,52.3,52.3,27.4 24.9,,助手,,快操,H,27.4 24.9 (52.3) (助手)
H123,29/01/2026,踱步,從化,飛機場,從化 飛機場,,,,,,助手,,踱步,H,飛機場 踱步 (助手)
H123,28/01/2026,踱步,從化,內圈,從化 內圈,,,,,,助手,,快踱一圈,H,內圈 快踱一圈 (助手)
H123,27/01/2026,馬匹水中步行機,從化,,從化,,,,,,,,馬匹水中步行機,,
H123,27/01/2026,踱步,從化,內圈,從化 內圈,,,,,,助手,,快踱一圈,H,內圈 快踱一圈 (助手)
H123,26/01/2026,快操,從化,全天候,從化 全天候,,56.0,56.0,30.3 25.7,,助手,,快操,H,30.3 25.7 (56.0) (助手)
H123,26/01/2026,踱步,從化,飛機場,從化 飛機場,,,,,,助手,,踱步,H,飛機場 踱步 (助手)
H123,25/01/2026,踱步,從化,內圈,從化 內圈,,,,,,助手,,快踱一圈,H,內圈 快踱一圈 (助手)
H123,24/01/2026,踱步,從化,內圈,從化 內圈,,,,,,助手,,快踱一圈,H,內圈 快踱一圈 (助手)
H123,23/01/2026,馬匹水中步行機,從化,,從化,,,,,,,,馬匹水中步行機,,
H123,23/01/2026,踱步,從化,內圈,從化 內圈,,,,,,助手,,快踱一圈,H,內圈 快踱一圈 (助手)
H123,22/01/2026,快操,從化,全天候,從化 全天候,,55.6,55.6,29.3 26.3,,助手,,快操,H,29.3 26.3 (55.6) (助手)
H123,22/01/2026,踱步,從化,飛機場,從化 飛機場,,,,,,助手,,踱步,H,飛機場 踱步 (助手)
H123,21/01/2026,踱步,從化,內圈,從化 內圈,,,,,,助手,,快踱一圈,H,內圈 快踱一圈 (助手)
H123,20/01/2026,馬匹水中步行機,從化,,從化,,,,,,,,馬匹水中步行機,,
H123,20/01/2026,踱步,從化,內圈,從化 內圈,,,,,,助手,,快踱一圈,H,內圈 快踱一圈 (助手)
H123,19/01/2026,快操,從化,全天候,從化 全天候,,56.5,56.5,30.1 26.4,,助手,,快操,H,30.1 26.4 (56.5) (助手)
H123,19/01/2026,踱步,從化,飛機場,從化 飛機場,,,,,,助手,,踱步,H,飛機場 踱步 (助手)
H123,18/01/2026,馬匹水中步行機,從化,,從化,,,,,,,,馬匹水中步行機,,
H123,18/01/2026,踱步,從化,內圈,從化 內圈,,,,,,助手,,快踱一圈,H,內圈 快踱一圈 (助手)
H123,17/01/2026,游水,從化,,從化,,,,,,,,游水,,
H123,17/01/2026,踱步,從化,內圈,從化 內圈,,,,,,助手,,快踱一圈,H,內圈 快踱一圈 (助手)
H123,16/01/2026,馬匹水中步行機,從化,,從化,,,,,,,,馬匹水中步行機,,
H123,16/01/2026,踱步,從化,內圈,從化 內圈,,,,,,助手,,快踱一圈,H,內圈 快踱一圈 (助手)
H123,15/01/2026,快操,從化,全天候,從化 全天候,,56.1,56.1,29.8 26.3,,助手,,快操,H,29.8 26.3 (56.1) (助手)
H123,15/01/2026,踱步,從化,飛機場,從化 飛機場,,,,,,助手,,踱步,H,飛機場 踱步 (助手)
H123,14/01/2026,游水,從化,,從化,,,,,,,,游水,,
H123,14/01/2026,踱步,從化,內圈,從化 內圈,,,,,,助手,,快踱一圈,H,內圈 快踱一圈 (助手)
H123,13/01/2026,馬匹水中步行機,從化,,從化,,,,,,,,馬匹水中步行機,,
H123,13/01/2026,踱步,從化,內圈,從化 內圈,,,,,,助手,,快踱一圈,H,內圈 快踱一圈 (助手)
H123,12/01/2026,踱步,從化,內圈,從化 內圈,,,,,,助手,,倒快一圈,H,內圈 倒快一圈 (助手)
H123,11/01/2026,踱步,從化,內圈,從化 內圈,,,,,,助手,,快踱一圈,H,內圈 快踱一圈 (助手)
H123,10/01/2026,踱步,從化,內圈,從化 內圈,,,,,,助手,,快踱一圈,H,內圈 快踱一圈 (助手)
H123,08/01/2026,馬匹跑步機,沙田,,沙田,,,,,,上斜,,馬匹跑步機 - 步行,,馬匹跑步機 - 步行 （上斜）
H123,07/01/2026,出賽,跑馬地,草地,跑馬地 草地,1800M,,,,,布文,1/12,出賽,V,1800M (布文) (1/12)
H123,07/01/2026,踱步,沙田,內圈,沙田 內圈,,,,,,助手,,快踱一圈,H,內圈 快踱一圈 (助手)
H123,06/01/2026,游水,沙田,,沙田,,,,,,,,游水,,
H123,06/01/2026,踱步,沙田,內圈,沙田 內圈,,,,,,助手,,快踱一圈,H,內圈 快踱一圈 (助手)
H123,05/01/2026,游水,沙田,,沙田,,,,,,,,游水,,
H123,05/01/2026,踱步,沙田,內圈,沙田 內圈,,,,,,助手,,倒快一圈,H,內圈 倒快一圈 (助手)
H123,04/01/2026,游水,沙田,,沙田,,,,,,,,游水,,
H123,04/01/2026,踱步,沙田,內圈,沙田 內圈,,,,,,助手,,快踱一圈,H,內圈 快踱一圈 (助手)
H123,03/01/2026,游水,沙田,,沙田,,,,,,,,游水,,
H123,03/01/2026,踱步,沙田,內圈,沙田 內圈,,,,,,助手,,快踱一圈,H,內圈 快踱一圈 (助手)
H123,02/01/2026,快操,沙田,全天候,沙田 全天候,,53.2,53.2,29.0 24.2,,布文,,快操,H,29.0 24.2 (53.2) (布文)
H123,01/01/2026,游水,沙田,,沙田,,,,,,,,游水,,
H123,01/01/2026,踱步,沙田,內圈,沙田 內圈,,,,,,助手,,倒快一圈,H,內圈 倒快一圈 (助手)
H123,31/12/2025,游水,沙田,,沙田,,,,,,,,游水,,
H123,31/12/2025,踱步,沙田,內圈,沙田 內圈,,,,,,助手,,快踱一圈,H,內圈 快踱一圈 (助手)
H123,30/12/2025,游水,沙田,,沙田,,,,,,,,游水,,
H123,30/12/2025,踱步,沙田,內圈,沙田 內圈,,,,,,助手,,快踱一圈,H,內圈 快踱一圈 (助手)
H123,29/12/2025,游水,沙田,,沙田,,,,,,,,游水,,
H123,29/12/2025,快操,沙田,全天候,沙田 全天候,,55.0,55.0,29.7 25.3,,助手,,快操,H,29.7 25.3 (55.0) (助手)
H123,28/12/2025,游水,沙田,,沙田,,,,,,,,游水,,
H123,28/12/2025,踱步,沙田,內圈,沙田 內圈,,,,,,助手,,快踱一圈,H,內圈 快踱一圈 (助手)
H123,27/12/2025,游水,沙田,,沙田,,,,,,,,游水,,
H123,27/12/2025,踱步,沙田,內圈,沙田 內圈,,,,,,助手,,快踱一圈,H,內圈 快踱一圈 (助手)
H123,26/12/2025,游水,沙田,,沙田,,,,,,,,游水,,
H123,26/12/2025,踱步,沙田,內圈,沙田 內圈,,,,,,助手,,快踱一圈,H,內圈 快踱一圈 (助手)
H123,25/12/2025,游水,沙田,,沙田,,,,,,,,游水,,
H123,25/12/2025,快操,沙田,全天候,沙田 全天候,,55.2,55.2,28.6 26.6,,助手,,快操,H,28.6 26.6 (55.2) (助手)
H123,24/12/2025,游水,沙田,,沙田,,,,,,,,游水,,
H123,24/12/2025,踱步,沙田,內圈,沙田 內圈,,,,,,助手,,快踱一圈,H,內圈 快踱一圈 (助手)
H123,23/12/2025,游水,沙田,,沙田,,,,,,,,游水,,
H123,23/12/2025,踱步,沙田,內圈,沙田 內圈,,,,,,助手,,快踱一圈,H,內圈 快踱一圈 (助手)
H123,22/12/2025,游水,沙田,,沙田,,,,,,,,游水,,
H123,22/12/2025,踱步,沙田,內圈,沙田 內圈,,,,,,助手,,倒快一圈,H,內圈 倒快一圈 (助手)
H123,21/12/2025,游水,沙田,,沙田,,,,,,,,游水,,
H123,21/12/2025,快操,沙田,全天候,沙田 全天候,,57.2,57.2,30.3 26.9,,助手,,快操,H,30.3 26.9 (57.2) (助手)
H123,20/12/2025,踱步,沙田,內圈,沙田 內圈,,,,,,助手,,快踱一圈,H,內圈 快踱一圈 (助手)
H123,19/12/2025,游水,沙田,,沙田,,,,,,,,游水,,
H123,19/12/2025,踱步,沙田,內圈,沙田 內圈,,,,,,助手,,快踱一圈,H,內圈 快踱一圈 (助手)
H123,18/12/2025,游水,沙田,,沙田,,,,,,,,游水,,
H123,18/12/2025,快操,沙田,全天候,沙田 全天候,,56.9,56.9,30.6 26.3,,副練馬師,,快操,H,30.6 26.3 (56.9) (副練馬師)
H123,17/12/2025,游水,沙田,,沙田,,,,,,,,游水,,
H123,17/12/2025,踱步,沙田,內圈,沙田 內圈,,,,,,助手,,快踱一圈,H,內圈 快踱一圈 (助手)
H123,16/12/2025,游水,沙田,,沙田,,,,,,,,游水,,
H123,15/12/2025,踱步,沙田,內圈,沙田 內圈,,,,,,助手,,倒快一圈,H,內圈 倒快一圈 (助手)
H123,14/12/2025,快操,沙田,全天候,沙田 全天候,,52.8,52.8,28.2 24.6,,助手,,快操,H,28.2 24.6 (52.8) (助手)
H123,13/12/2025,踱步,沙田,內圈,沙田 內圈,,,,,,助手,,快踱一圈,H,內圈 快踱一圈 (助手)
H123,12/12/2025,踱步,沙田,外圈,沙田 外圈,,,,,,助手,,快踱一圈,H,外圈 快踱一圈 (助手)
H123,11/12/2025,踱步,沙田,內圈,沙田 內圈,,,,,,助手,,倒快一圈,H,內圈 倒快一圈 (助手)
H123,10/12/2025,踱步,沙田,內圈,沙田 內圈,,,,,,助手,,快踱一圈,H,內圈 快踱一圈 (助手)
H123,07/12/2025,出賽,沙田,全天候,沙田 全天候,1650M,,,,,布文,4/14,出賽,CP-/V2,1650M (布文) (4/14)
H123,07/12/2025,踱步,沙田,內圈,沙田 內圈,,,,,,助手,,快踱一圈,H,內圈 快踱一圈 (助手)
H123,06/12/2025,游水,沙田,,沙田,,,,,,,,游水,,
H123,06/12/2025,踱步,沙田,內圈,沙田 內圈,,,,,,助手,,快踱一圈,H,內圈 快踱一圈 (助手)
H123,05/12/2025,游水,沙田,,沙田,,,,,,,,游水,,
H123,05/12/2025,踱步,沙田,內圈,沙田 內圈,,,,,,助手,,快踱一圈,H,內圈 快踱一圈 (助手)
H123,04/12/2025,游水,沙田,,沙田,,,,,,,,游水,,
H123,04/12/2025,快操,沙田,全天候,沙田 全天候,,55.2,55.2,29.8 25.4,,布文,,快操,H,29.8 25.4 (55.2) (布文)
H123,03/12/2025,游水,沙田,,沙田,,,,,,,,游水,,
H123,03/12/2025,踱步,沙田,內圈,沙田 內圈,,,,,,助手,,快踱一圈,H,內圈 快踱一圈 (助手)
H123,02/12/2025,游水,沙田,,沙田,,,,,,,,游水,,
H123,02/12/2025,踱步,沙田,內圈,沙田 內圈,,,,,,助手,,快踱一圈,H,內圈 快踱一圈 (助手)
H123,01/12/2025,游水,沙田,,沙田,,,,,,,,游水,,
H123,01/12/2025,踱步,沙田,內圈,沙田 內圈,,,,,,助手,,倒快一圈,H,內圈 倒快一圈 (助手)
H123,30/11/2025,游水,沙田,,沙田,,,,,,,,游水,,
H123,30/11/2025,快操,沙田,全天候,沙田 全天候,,56.2,56.2,29.9 26.3,,副練馬師,,快操,H,29.9 26.3 (56.2) (副練馬師)
H123,29/11/2025,游水,沙田,,沙田,,,,,,,,游水,,
H123,29/11/2025,踱步,沙田,內圈,沙田 內圈,,,,,,助手,,快踱一圈,H,內圈 快踱一圈 (助手)
H123,28/11/2025,游水,沙田,,沙田,,,,,,,,游水,,
H123,28/11/2025,踱步,沙田,內圈,沙田 內圈,,,,,,助手,,快踱一圈,H,內圈 快踱一圈 (助手)
H123,27/11/2025,游水,沙田,,沙田,,,,,,,,游水,,
H123,27/11/2025,踱步,沙田,內圈,沙田 內圈,,,,,,助手,,倒快一圈,H,內圈 倒快一圈 (助手)
H123,26/11/2025,游水,沙田,,沙田,,,,,,,,游水,,
H123,26/11/2025,快操,沙田,全天候,沙田 全天候,,55.2,55.2,29.5 25.7,,巴度,,快操,H,29.5 25.7 (55.2) (巴度)
H123,25/11/2025,馬匹跑步機,沙田,,沙田,,,,,,上斜,,馬匹跑步機 - 步行,,馬匹跑步機 - 步行 （上斜）
H123,25/11/2025,踱步,沙田,內圈,沙田 內圈,,,,,,助手,,快踱一圈,H,內圈 快踱一圈 (助手)
H123,24/11/2025,游水,沙田,,沙田,,,,,,,,游水,,
H123,24/11/2025,踱步,沙田,外圈,沙田 外圈,,,,,,助手,,快踱一圈,H,外圈 快踱一圈 (助手)
H123,23/11/2025,游水,沙田,,沙田,,,,,,,,游水,,
H123,23/11/2025,踱步,沙田,內圈,沙田 內圈,,,,,,助手,,快踱一圈,H,內圈 快踱一圈 (助手)
H123,22/11/2025,游水,沙田,,沙田,,,,,,,,游水,,
H123,22/11/2025,踱步,沙田,內圈,沙田 內圈,,,,,,助手,,快踱一圈,H,內圈 快踱一圈 (助手)
H123,20/11/2025,馬匹跑步機,沙田,,沙田,,,,,,上斜,,馬匹跑步機 - 步行,,馬匹跑步機 - 步行 （上斜）
H123,19/11/2025,出賽,跑馬地,草地,跑馬地 草地,1650M,,,,,巴度,5/12,出賽,CP,1650M (巴度) (5/12)
H123,18/11/2025,游水,沙田,,沙田,,,,,,,,游水,,
H123,18/11/2025,踱步,沙田,內圈,沙田 內圈,,,,,,助手,,快踱一圈,H,內圈 快踱一圈 (助手)
H123,17/11/2025,游水,沙田,,沙田,,,,,,,,游水,,
H123,17/11/2025,踱步,沙田,內圈,沙田 內圈,,,,,,助手,,倒快一圈,H,內圈 倒快一圈 (助手)
H123,16/11/2025,游水,沙田,,沙田,,,,,,,,游水,,
H123,16/11/2025,踱步,沙田,內圈,沙田 內圈,,,,,,助手,,快踱一圈,H,內圈 快踱一圈 (助手)
H123,15/11/2025,游水,沙田,,沙田,,,,,,,,游水,,
H123,15/11/2025,快操,沙田,全天候,沙田 全天候,,57.6,57.6,31.3 26.3,,副練馬師,,快操,H,31.3 26.3 (57.6) (副練馬師)
H123,14/11/2025,游水,沙田,,沙田,,,,,,,,游水,,
H123,14/11/2025,踱步,沙田,內圈,沙田 內圈,,,,,,助手,,快踱一圈,H,內圈 快踱一圈 (助手)
H123,13/11/2025,游水,沙田,,沙田,,,,,,,,游水,,
H123,13/11/2025,踱步,沙田,內圈,沙田 內圈,,,,,,助手,,倒快一圈,H,內圈 倒快一圈 (助手)
H123,12/11/2025,游水,沙田,,沙田,,,,,,,,游水,,
H123,12/11/2025,踱步,沙田,內圈,沙田 內圈,,,,,,助手,,快踱一圈,H,內圈 快踱一圈 (助手)
H123,11/11/2025,馬匹跑步機,沙田,,沙田,,,,,,上斜,,馬匹跑步機 - 踱步,,馬匹跑步機 - 踱步 （上斜）
H123,11/11/2025,游水,沙田,,沙田,,,,,,,,游水,,
H123,09/11/2025,出賽,沙田,草地,沙田 草地,1600M,,,,,巴度,8/14,出賽,CP,1600M (巴度) (8/14)
H123,08/11/2025,游水,沙田,,沙田,,,,,,,,游水,,
H123,08/11/2025,踱步,沙田,內圈,沙田 內圈,,,,,,助手,,快踱一圈,H,內圈 快踱一圈 (助手)
H123,07/11/2025,游水,沙田,,沙田,,,,,,,,游水,,
H123,07/11/2025,踱步,沙田,內圈,沙田 內圈,,,,,,助手,,快踱一圈,H,內圈 快踱一圈 (助手)
H123,06/11/2025,游水,沙田,,沙田,,,,,,,,游水,,
H123,06/11/2025,快操,沙田,全天候,沙田 全天候,,55.3,55.3,29.6 25.7,,巴度,,快操,H,29.6 25.7 (55.3) (巴度)
H123,05/11/2025,游水,沙田,,沙田,,,,,,,,游水,,
H123,05/11/2025,踱步,沙田,內圈,沙田 內圈,,,,,,助手,,快踱一圈,H,內圈 快踱一圈 (助手)
H123,04/11/2025,游水,沙田,,沙田,,,,,,,,游水,,
H123,04/11/2025,踱步,沙田,內圈,沙田 內圈,,,,,,助手,,快踱一圈,H,內圈 快踱一圈 (助手)
H123,03/11/2025,游水,沙田,,沙田,,,,,,,,游水,,
H123,03/11/2025,快操,沙田,全天候,沙田 全天候,,53.1,53.1,28.4 24.7,,巴度,,快操,H,28.4 24.7 (53.1) (巴度)
H123,02/11/2025,游水,沙田,,沙田,,,,,,,,游水,,
H123,02/11/2025,踱步,沙田,內圈,沙田 內圈,,,,,,助手,,快踱一圈,H,內圈 快踱一圈 (助手)
H123,01/11/2025,踱步,從化,內圈,從化 內圈,,,,,,助手,,快踱一圈,H,內圈 快踱一圈 (助手)
H123,31/10/2025,踱步,從化,內圈,從化 內圈,,,,,,助手,,快踱一圈,H,內圈 快踱一圈 (助手)
H123,30/10/2025,馬匹水中步行機,從化,,從化,,,,,,,,馬匹水中步行機,,
H123,30/10/2025,踱步,從化,內圈,從化 內圈,,,,,,助手,,倒快兩圈,H,內圈 倒快兩圈 (助手)
H123,29/10/2025,快操,從化,草地,從化 草地,,54.9,54.9,29.7 25.2,,助手,,佳駿年年,H,29.7 25.2 (54.9) (助手) 佳駿年年
H123,29/10/2025,踱步,從化,飛機場,從化 飛機場,,,,,,助手,,踱步,H,飛機場 踱步 (助手)
H123,28/10/2025,踱步,從化,內圈,從化 內圈,,,,,,助手,,快踱一圈,H,內圈 快踱一圈 (助手)
H123,27/10/2025,游水,從化,,從化,,,,,,,,游水,,
H123,27/10/2025,踱步,從化,內圈,從化 內圈,,,,,,助手,,倒快兩圈,H,內圈 倒快兩圈 (助手)
H123,26/10/2025,馬匹水中步行機,從化,,從化,,,,,,,,馬匹水中步行機,,
H123,26/10/2025,游水,從化,,從化,,,,,,,,游水,,
H123,26/10/2025,踱步,從化,內圈,從化 內圈,,,,,,助手,,快踱一圈,H,內圈 快踱一圈 (助手)
H123,25/10/2025,游水,從化,,從化,,,,,,,,游水,,
H123,25/10/2025,踱步,從化,內圈,從化 內圈,,,,,,助手,,快踱一圈,H,內圈 快踱一圈 (助手)
H123,24/10/2025,快操,從化,全天候,從化 全天候,,54.6,54.6,28.7 25.9,,助手,,快操,H,28.7 25.9 (54.6) (助手)
H123,24/10/2025,踱步,從化,飛機場,從化 飛機場,,,,,,助手,,踱步,H,飛機場 踱步 (助手)
H123,23/10/2025,踱步,從化,內圈,從化 內圈,,,,,,助手,,倒快兩圈,H,內圈 倒快兩圈 (助手)
H123,22/10/2025,馬匹水中步行機,從化,,從化,,,,,,,,馬匹水中步行機,,
H123,22/10/2025,踱步,從化,登山跑道,從化 登山跑道,,,,,,助手,,快踱,H,登山跑道 快踱 (助手)
H123,21/10/2025,游水,從化,,從化,,,,,,,,游水,,
H123,21/10/2025,踱步,從化,內圈,從化 內圈,,,,,,助手,,快踱一圈,H,內圈 快踱一圈 (助手)
H123,20/10/2025,快操,從化,全天候,從化 全天候,,58.3,58.3,30.7 27.6,,助手,,快操,H,30.7 27.6 (58.3) (助手)
H123,20/10/2025,踱步,從化,飛機場,從化 飛機場,,,,,,助手,,踱步,H,飛機場 踱步 (助手)
H123,19/10/2025,馬匹水中步行機,從化,,從化,,,,,,,,馬匹水中步行機,,
H123,19/10/2025,踱步,從化,內圈,從化 內圈,,,,,,助手,,快踱一圈,H,內圈 快踱一圈 (助手)
H123,18/10/2025,踱步,從化,內圈,從化 內圈,,,,,,助手,,快踱一圈,H,內圈 快踱一圈 (助手)
H123,17/10/2025,踱步,沙田,內圈,沙田 內圈,,,,,,助手,,快踱一圈,H,內圈 快踱一圈 (助手)
H123,16/10/2025,游水,沙田,,沙田,,,,,,,,游水,,
H123,16/10/2025,踱步,沙田,內圈,沙田 內圈,,,,,,助手,,倒快一圈,H,內圈 倒快一圈 (助手)
H123,15/10/2025,游水,沙田,,沙田,,,,,,,,游水,,
H123,15/10/2025,踱步,沙田,內圈,沙田 內圈,,,,,,助手,,快踱一圈,H,內圈 快踱一圈 (助手)
H123,14/10/2025,馬匹跑步機,沙田,,沙田,,,,,,上斜,,馬匹跑步機 - 步行,,馬匹跑步機 - 步行 （上斜）
H123,12/10/2025,出賽,沙田,草地,沙田 草地,1600M,,,,,巴度,4/14,出賽,CP,1600M (巴度) (4/14)
H123,11/10/2025,游水,沙田,,沙田,,,,,,,,游水,,
H123,11/10/2025,踱步,沙田,內圈,沙田 內圈,,,,,,助手,,快踱一圈,H,內圈 快踱一圈 (助手)
H123,10/10/2025,馬匹跑步機,沙田,,沙田,,,,,,上斜,,馬匹跑步機 - 踱步,,馬匹跑步機 - 踱步 （上斜）
H123,10/10/2025,游水,沙田,,沙田,,,,,,,,游水,,
H123,09/10/2025,游水,沙田,,沙田,,,,,,,,游水,,
H123,09/10/2025,快操,沙田,全天候,沙田 全天候,,55.0,55.0,29.4 25.6,,巴度,,快操,H,29.4 25.6 (55.0) (巴度)
H123,08/10/2025,游水,沙田,,沙田,,,,,,,,游水,,
H123,08/10/2025,踱步,沙田,內圈,沙田 內圈,,,,,,助手,,快踱一圈,H,內圈 快踱一圈 (助手)
H123,07/10/2025,游水,沙田,,沙田,,,,,,,,游水,,
H123,07/10/2025,踱步,沙田,內圈,沙田 內圈,,,,,,助手,,快踱一圈,H,內圈 快踱一圈 (助手)
H123,06/10/2025,游水,沙田,,沙田,,,,,,,,游水,,
H123,04/10/2025,出賽,沙田,草地,沙田 草地,1400M,,,,,田泰安,9/14,出賽,PC-/CP2,1400M (田泰安) (9/14)
H123,03/10/2025,游水,沙田,,沙田,,,,,,,,游水,,
H123,03/10/2025,踱步,沙田,內圈,沙田 內圈,,,,,,助手,,快踱一圈,H,內圈 快踱一圈 (助手)
H123,02/10/2025,游水,沙田,,沙田,,,,,,,,游水,,
H123,02/10/2025,踱步,沙田,外圈,沙田 外圈,,,,,,田泰安,,快踱一圈,H,外圈 快踱一圈 (田泰安)
H123,01/10/2025,游水,沙田,,沙田,,,,,,,,游水,,
H123,01/10/2025,踱步,沙田,內圈,沙田 內圈,,,,,,助手,,快踱一圈,H,內圈 快踱一圈 (助手)
H123,30/09/2025,游水,沙田,,沙田,,,,,,,,游水,,
H123,30/09/2025,踱步,沙田,內圈,沙田 內圈,,,,,,助手,,快踱一圈,H,內圈 快踱一圈 (助手)
H123,29/09/2025,快操,沙田,草地,沙田 草地,,56.3,56.3,32.1 24.2,,副練馬師,,快操,H,32.1 24.2 (56.3) (副練馬師)
H123,28/09/2025,游水,沙田,,沙田,,,,,,,,游水,,
H123,28/09/2025,踱步,沙田,內圈,沙田 內圈,,,,,,助手,,快踱一圈,H,內圈 快踱一圈 (助手)
H123,27/09/2025,游水,沙田,,沙田,,,,,,,,游水,,
H123,27/09/2025,踱步,沙田,內圈,沙田 內圈,,,,,,助手,,快踱一圈,H,內圈 快踱一圈 (助手)
H123,26/09/2025,游水,沙田,,沙田,,,,,,,,游水,,
H123,26/09/2025,踱步,沙田,內圈,沙田 內圈,,,,,,助手,,快踱一圈,H,內圈 快踱一圈 (助手)
H123,25/09/2025,游水,沙田,,沙田,,,,,,,,游水,,
H123,25/09/2025,踱步,沙田,內圈,沙田 內圈,,,,,,助手,,倒快一圈,H,內圈 倒快一圈 (助手)
H123,23/09/2025,快操,沙田,全天候,沙田 全天候,,53.3,53.3,29.1 24.2,,田泰安,,佳駿年年,H,29.1 24.2 (53.3) (田泰安) 佳駿年年
H123,22/09/2025,游水,沙田,,沙田,,,,,,,,游水,,
H123,22/09/2025,踱步,沙田,內圈,沙田 內圈,,,,,,助手,,倒快兩圈,H,內圈 倒快兩圈 (助手)
H123,21/09/2025,游水,沙田,,沙田,,,,,,,,游水,,
H123,21/09/2025,快操,沙田,全天候,沙田 全天候,,33.7,33.7,33.7,,助手,,快操,H,33.7 (33.7) (助手)
H123,20/09/2025,游水,沙田,,沙田,,,,,,,,游水,,
H123,20/09/2025,踱步,沙田,內圈,沙田 內圈,,,,,,助手,,快踱一圈,H,內圈 快踱一圈 (助手)
H123,19/09/2025,游水,沙田,,沙田,,,,,,,,游水,,
H123,19/09/2025,踱步,沙田,內圈,沙田 內圈,,,,,,助手,,快踱一圈,H,內圈 快踱一圈 (助手)
H123,18/09/2025,游水,沙田,,沙田,,,,,,,,游水,,
H123,18/09/2025,踱步,沙田,內圈,沙田 內圈,,,,,,助手,,倒快一圈,H,內圈 倒快一圈 (助手)
H123,17/09/2025,游水,沙田,,沙田,,,,,,,,游水,,
H123,16/09/2025,試閘,沙田,草地,沙田 草地,1000M,0.57.67,57.67,13.8 21.3 22.5,金風萬里,田泰安,,第6組,,第6組 (田泰安) 1000M 金風萬里 13.8 21.3 22.5 (0.57.67)
H123,15/09/2025,游水,沙田,,沙田,,,,,,,,游水,,
H123,15/09/2025,踱步,沙田,內圈,沙田 內圈,,,,,,助手,,倒快兩圈,H,內圈 倒快兩圈 (助手)
H123,14/09/2025,游水,沙田,,沙田,,,,,,,,游水,,
H123,14/09/2025,踱步,沙田,內圈,沙田 內圈,,,,,,助手,,快踱一圈,H,內圈 快踱一圈 (助手)
H123,13/09/2025,游水,沙田,,沙田,,,,,,,,游水,,
H123,13/09/2025,踱步,沙田,內圈,沙田 內圈,,,,,,助手,,快踱一圈,H,內圈 快踱一圈 (助手)
H123,12/09/2025,快操,沙田,全天候,沙田 全天候,,54.1,54.1,29.8 24.3,,田泰安,,快操,H,29.8 24.3 (54.1) (田泰安)
H123,11/09/2025,游水,沙田,,沙田,,,,,,,,游水,,
H123,11/09/2025,踱步,沙田,內圈,沙田 內圈,,,,,,助手,,倒快兩圈,H,內圈 倒快兩圈 (助手)
H123,10/09/2025,游水,沙田,,沙田,,,,,,,,游水,,
H123,10/09/2025,踱步,沙田,內圈,沙田 內圈,,,,,,助手,,快踱一圈,H,內圈 快踱一圈 (助手)
H123,09/09/2025,游水,沙田,,沙田,,,,,,,,游水,,
H123,09/09/2025,快操,沙田,全天候,沙田 全天候,,56.4,56.4,30.1 26.3,,田泰安,,快操,H,30.1 26.3 (56.4) (田泰安)
H123,08/09/2025,游水,沙田,,沙田,,,,,,,,游水,,
H123,08/09/2025,踱步,沙田,奧運馬房沙地練習場,沙田 奧運馬房沙地練習場,,,,,,助手,,踱步,H,奧運馬房沙地練習場 踱步 (助手)
H123,07/09/2025,游水,沙田,,沙田,,,,,,,,游水,,
H123,07/09/2025,踱步,沙田,內圈,沙田 內圈,,,,,,助手,,快踱一圈,H,內圈 快踱一圈 (助手)
H123,06/09/2025,游水,沙田,,沙田,,,,,,,,游水,,
H123,06/09/2025,踱步,沙田,內圈,沙田 內圈,,,,,,助手,,快踱一圈,H,內圈 快踱一圈 (助手)
H123,05/09/2025,游水,沙田,,沙田,,,,,,,,游水,,
H123,05/09/2025,快操,沙田,全天候,沙田 全天候,,56.6,56.6,30.1 26.5,,田泰安,,快操,H,30.1 26.5 (56.6) (田泰安)
H123,04/09/2025,游水,沙田,,沙田,,,,,,,,游水,,
H123,04/09/2025,踱步,沙田,內圈,沙田 內圈,,,,,,助手,,倒快兩圈,H,內圈 倒快兩圈 (助手)
H123,03/09/2025,游水,沙田,,沙田,,,,,,,,游水,,
H123,03/09/2025,踱步,沙田,內圈,沙田 內圈,,,,,,助手,,快踱一圈,H,內圈 快踱一圈 (助手)
H123,02/09/2025,游水,沙田,,沙田,,,,,,,,游水,,
H123,02/09/2025,踱步,沙田,內圈,沙田 內圈,,,,,,助手,,快踱一圈,H,內圈 快踱一圈 (助手)
H123,01/09/2025,游水,沙田,,沙田,,,,,,,,游水,,
H123,01/09/2025,踱步,沙田,內圈,沙田 內圈,,,,,,助手,,倒快一圈,H,內圈 倒快一圈 (助手)
H123,31/08/2025,游水,沙田,,沙田,,,,,,,,游水,,
H123,30/08/2025,游水,沙田,,沙田,,,,,,,,游水,,
H123,29/08/2025,游水,沙田,,沙田,,,,,,,,游水,,
H123,29/08/2025,快操,沙田,全天候,沙田 全天候,,58.0,58.0,30.6 27.4,,助手,,快操,H,30.6 27.4 (58.0) (助手)
H123,28/08/2025,游水,沙田,,沙田,,,,,,,,游水,,
H123,28/08/2025,踱步,沙田,內圈,沙田 內圈,,,,,,助手,,倒快兩圈,H,內圈 倒快兩圈 (助手)
H123,27/08/2025,游水,沙田,,沙田,,,,,,,,游水,,
H123,27/08/2025,踱步,沙田,內圈,沙田 內圈,,,,,,助手,,快踱一圈,H,內圈 快踱一圈 (助手)
H123,27/08/2025,踱步,沙田,河畔跑道,沙田 河畔跑道,,,,,,助手,,踱步,H,河畔跑道 踱步 (助手)
H123,26/08/2025,游水,沙田,,沙田,,,,,,,,游水,,
H123,26/08/2025,快操,沙田,全天候,沙田 全天候,,28.5,28.5,28.5,,田泰安,,快操,H,28.5 (28.5) (田泰安)
H123,26/08/2025,踱步,沙田,河畔跑道,沙田 河畔跑道,,,,,,助手,,踱步,H,河畔跑道 踱步 (助手)
H123,25/08/2025,游水,沙田,,沙田,,,,,,,,游水,,
H123,25/08/2025,踱步,沙田,內圈,沙田 內圈,,,,,,助手,,倒快兩圈,H,內圈 倒快兩圈 (助手)
H123,25/08/2025,踱步,沙田,河畔跑道,沙田 河畔跑道,,,,,,助手,,踱步,H,河畔跑道 踱步 (助手)
H123,24/08/2025,游水,沙田,,沙田,,,,,,,,游水,,
H123,24/08/2025,踱步,沙田,內圈,沙田 內圈,,,,,,助手,,快踱一圈,H,內圈 快踱一圈 (助手)
H123,24/08/2025,踱步,沙田,河畔跑道,沙田 河畔跑道,,,,,,助手,,踱步,H,河畔跑道 踱步 (助手)
H123,23/08/2025,游水,沙田,,沙田,,,,,,,,游水,,
H123,23/08/2025,踱步,沙田,外圈,沙田 外圈,,,,,,助手,,快踱一圈,H,外圈 快踱一圈 (助手)
H123,23/08/2025,踱步,沙田,河畔跑道,沙田 河畔跑道,,,,,,助手,,踱步,H,河畔跑道 踱步 (助手)
H123,22/08/2025,游水,沙田,,沙田,,,,,,,,游水,,
H123,22/08/2025,踱步,沙田,內圈,沙田 內圈,,,,,,助手,,快踱一圈,H,內圈 快踱一圈 (助手)
H123,22/08/2025,踱步,沙田,河畔跑道,沙田 河畔跑道,,,,,,助手,,踱步,H,河畔跑道 踱步 (助手)
H123,21/08/2025,游水,沙田,,沙田,,,,,,,,游水,,
H123,21/08/2025,踱步,沙田,內圈,沙田 內圈,,,,,,助手,,倒快兩圈,H,內圈 倒快兩圈 (助手)
H123,21/08/2025,踱步,沙田,河畔跑道,沙田 河畔跑道,,,,,,助手,,踱步,H,河畔跑道 踱步 (助手)
H123,20/08/2025,游水,沙田,,沙田,,,,,,,,游水,,
H123,20/08/2025,踱步,沙田,內圈,沙田 內圈,,,,,,助手,,快踱一圈,H,內圈 快踱一圈 (助手)
H123,20/08/2025,踱步,沙田,河畔跑道,沙田 河畔跑道,,,,,,助手,,踱步,H,河畔跑道 踱步 (助手)
H123,19/08/2025,游水,沙田,,沙田,,,,,,,,游水,,
H123,19/08/2025,踱步,沙田,內圈,沙田 內圈,,,,,,助手,,快踱一圈,H,內圈 快踱一圈 (助手)
H123,19/08/2025,踱步,沙田,河畔跑道,沙田 河畔跑道,,,,,,助手,,踱步,H,河畔跑道 踱步 (助手)
H123,18/08/2025,游水,沙田,,沙田,,,,,,,,游水,,
H123,17/08/2025,游水,沙田,,沙田,,,,,,,,游水,,
H123,16/08/2025,游水,沙田,,沙田,,,,,,,,游水,,
H123,15/08/2025,游水,沙田,,沙田,,,,,,,,游水,,
H123,14/08/2025,游水,沙田,,沙田,,,,,,,,游水,,
H123,13/08/2025,游水,沙田,,沙田,,,,,,,,游水,,
H123,04/08/2025,游水,沙田,,沙田,,,,,,,,游水,,
H123,04/08/2025,踱步,沙田,內圈,沙田 內圈,,,,,,助手,,快踱一圈,H,內圈 快踱一圈 (助手)
H123,03/08/2025,游水,沙田,,沙田,,,,,,,,游水,,
H123,03/08/2025,踱步,沙田,內圈,沙田 內圈,,,,,,助手,,快踱一圈,H,內圈 快踱一圈 (助手)
H123,02/08/2025,游水,沙田,,沙田,,,,,,,,游水,,
H123,02/08/2025,踱步,沙田,飛機場,沙田 飛機場,,,,,,助手,,踱步,H,飛機場 踱步 (助手)
H123,01/08/2025,游水,沙田,,沙田,,,,,,,,游水,,
H123,01/08/2025,踱步,沙田,飛機場,沙田 飛機場,,,,,,助手,,踱步,H,飛機場 踱步 (助手)
H123,31/07/2025,踱步,沙田,飛機場,沙田 飛機場,,,,,,助手,,踱步,H,飛機場 踱步 (助手)
H123,16/07/2025,游水,沙田,,沙田,,,,,,,,游水,,
H123,15/07/2025,游水,沙田,,沙田,,,,,,,,游水,,
H123,14/07/2025,游水,沙田,,沙田,,,,,,,,游水,,
H123,13/07/2025,出賽,沙田,草地,沙田 草地,1200M,,,,,賀銘年,8/14,出賽,PC,1200M (賀銘年) (8/14)
H123,12/07/2025,游水,沙田,,沙田,,,,,,,,游水,,
H123,12/07/2025,踱步,沙田,內圈,沙田 內圈,,,,,,副練馬師,,快踱一圈,H,內圈 快踱一圈 (副練馬師)
H123,11/07/2025,游水,沙田,,沙田,,,,,,,,游水,,
H123,11/07/2025,踱步,沙田,內圈,沙田 內圈,,,,,,助手,,快踱一圈,H,內圈 快踱一圈 (助手)
H123,10/07/2025,游水,沙田,,沙田,,,,,,,,游水,,
H123,10/07/2025,快操,沙田,全天候,沙田 全天候,,58.0,58.0,32.0 26.0,,助手,,快操,H,32.0 26.0 (58.0) (助手)
H123,10/07/2025,踱步,沙田,飛機場,沙田 飛機場,,,,,,助手,,踱步,H,飛機場 踱步 (助手)
H123,09/07/2025,游水,沙田,,沙田,,,,,,,,游水,,
H123,09/07/2025,踱步,沙田,內圈,沙田 內圈,,,,,,助手,,快踱一圈,H,內圈 快踱一圈 (助手)
H123,08/07/2025,游水,沙田,,沙田,,,,,,,,游水,,
H123,08/07/2025,踱步,沙田,內圈,沙田 內圈,,,,,,助手,,快踱一圈,H,內圈 快踱一圈 (助手)
H123,07/07/2025,游水,沙田,,沙田,,,,,,,,游水,,
H123,07/07/2025,快操,沙田,全天候,沙田 全天候,,58.3,58.3,32.7 25.6,,副練馬師,,快操,H,32.7 25.6 (58.3) (副練馬師)
H123,07/07/2025,踱步,沙田,飛機場,沙田 飛機場,,,,,,副練馬師,,踱步,H,飛機場 踱步 (副練馬師)
H123,06/07/2025,游水,沙田,,沙田,,,,,,,,游水,,
H123,06/07/2025,踱步,沙田,內圈,沙田 內圈,,,,,,助手,,快踱一圈,H,內圈 快踱一圈 (助手)
H123,05/07/2025,游水,沙田,,沙田,,,,,,,,游水,,
H123,05/07/2025,踱步,沙田,內圈,沙田 內圈,,,,,,助手,,快踱一圈,H,內圈 快踱一圈 (助手)
H123,04/07/2025,游水,沙田,,沙田,,,,,,,,游水,,
H123,04/07/2025,踱步,沙田,內圈,沙田 內圈,,,,,,助手,,快踱一圈,H,內圈 快踱一圈 (助手)
H123,03/07/2025,游水,沙田,,沙田,,,,,,,,游水,,
H123,03/07/2025,踱步,沙田,內圈,沙田 內圈,,,,,,助手,,倒快一圈,H,內圈 倒快一圈 (助手)
H123,02/07/2025,游水,沙田,,沙田,,,,,,,,游水,,
H123,02/07/2025,踱步,沙田,飛機場,沙田 飛機場,,,,,,助手,,踱步,H,飛機場 踱步 (助手)
H123,01/07/2025,游水,沙田,,沙田,,,,,,,,游水,,
H123,30/06/2025,游水,沙田,,沙田,,,,,,,,游水,,
H123,29/06/2025,游水,沙田,,沙田,,,,,,,,游水,,
H123,28/06/2025,出賽,沙田,草地,沙田 草地,1400M,,,,,賀銘年,5/13,出賽,PC,1400M (賀銘年) (5/13)
H123,28/06/2025,踱步,沙田,內圈,沙田 內圈,,,,,,助手,,快踱一圈,H,內圈 快踱一圈 (助手)
H123,27/06/2025,游水,沙田,,沙田,,,,,,,,游水,,
H123,27/06/2025,踱步,沙田,內圈,沙田 內圈,,,,,,助手,,快踱一圈,H,內圈 快踱一圈 (助手)
H123,26/06/2025,游水,沙田,,沙田,,,,,,,,游水,,
H123,26/06/2025,踱步,沙田,內圈,沙田 內圈,,,,,,副練馬師,,倒快一圈,H,內圈 倒快一圈 (副練馬師)
H123,25/06/2025,游水,沙田,,沙田,,,,,,,,游水,,
H123,25/06/2025,快操,沙田,全天候,沙田 全天候,,55.3,55.3,29.5 25.8,,賀銘年,,快操,H,29.5 25.8 (55.3) (賀銘年)
H123,25/06/2025,踱步,沙田,飛機場,沙田 飛機場,,,,,,副練馬師,,踱步,H,飛機場 踱步 (副練馬師)
H123,24/06/2025,游水,沙田,,沙田,,,,,,,,游水,,
H123,24/06/2025,踱步,沙田,內圈,沙田 內圈,,,,,,副練馬師,,快踱一圈,H,內圈 快踱一圈 (副練馬師)
H123,23/06/2025,游水,沙田,,沙田,,,,,,,,游水,,
H123,23/06/2025,踱步,沙田,內圈,沙田 內圈,,,,,,助手,,倒快一圈,H,內圈 倒快一圈 (助手)
H123,22/06/2025,游水,沙田,,沙田,,,,,,,,游水,,
H123,22/06/2025,踱步,沙田,內圈,沙田 內圈,,,,,,助手,,快踱一圈,H,內圈 快踱一圈 (助手)
H123,21/06/2025,游水,從化,,從化,,,,,,,,游水,,
H123,21/06/2025,踱步,從化,飛機場,從化 飛機場,,,,,,助手,,踱步,H,飛機場 踱步 (助手)
H123,20/06/2025,游水,從化,,從化,,,,,,,,游水,,
H123,19/06/2025,試閘,從化,全天候,從化 全天候,1200M,1.11.37,71.37,24.4 22.6 24.3,自強不息,祖利曼,,第1組,PC,第1組 (祖利曼) 1200M 自強不息 24.4 22.6 24.3 (1.11.37)
H123,19/06/2025,踱步,從化,飛機場,從化 飛機場,,,,,,助手,,踱步,PC,飛機場 踱步 (助手)
H123,18/06/2025,游水,從化,,從化,,,,,,,,游水,,
H123,18/06/2025,踱步,從化,內圈,從化 內圈,,,,,,助手,,快踱一圈,H,內圈 快踱一圈 (助手)
H123,17/06/2025,游水,從化,,從化,,,,,,,,游水,,
H123,17/06/2025,踱步,從化,內圈,從化 內圈,,,,,,助手,,快踱一圈,H,內圈 快踱一圈 (助手)
H123,16/06/2025,游水,從化,,從化,,,,,,,,游水,,
H123,16/06/2025,快操,從化,全天候,從化 全天候,,57.7,57.7,31.9 25.8,,助手,,快操,H,31.9 25.8 (57.7) (助手)
H123,16/06/2025,踱步,從化,飛機場,從化 飛機場,,,,,,助手,,踱步,H,飛機場 踱步 (助手)
H123,15/06/2025,游水,從化,,從化,,,,,,,,游水,,
H123,15/06/2025,踱步,從化,內圈,從化 內圈,,,,,,助手,,快踱一圈,H,內圈 快踱一圈 (助手)
H123,14/06/2025,游水,從化,,從化,,,,,,,,游水,,
H123,14/06/2025,踱步,從化,內圈,從化 內圈,,,,,,助手,,快踱一圈,H,內圈 快踱一圈 (助手)
H123,13/06/2025,游水,從化,,從化,,,,,,,,游水,,
H123,13/06/2025,快操,從化,全天候,從化 全天候,,58.5,58.5,31.8 26.7,,助手,,快操,H,31.8 26.7 (58.5) (助手)
H123,13/06/2025,踱步,從化,飛機場,從化 飛機場,,,,,,助手,,踱步,H,飛機場 踱步 (助手)
H123,12/06/2025,游水,從化,,從化,,,,,,,,游水,,
H123,12/06/2025,踱步,從化,內圈,從化 內圈,,,,,,助手,,倒快一圈,H,內圈 倒快一圈 (助手)
H123,11/06/2025,游水,從化,,從化,,,,,,,,游水,,
H123,11/06/2025,踱步,從化,內圈,從化 內圈,,,,,,助手,,快踱一圈,H,內圈 快踱一圈 (助手)
H123,10/06/2025,游水,從化,,從化,,,,,,,,游水,,
H123,10/06/2025,快操,從化,全天候,從化 全天候,,57.7,57.7,31.2 26.5,,助手,,快操,H,31.2 26.5 (57.7) (助手)
H123,10/06/2025,踱步,從化,飛機場,從化 飛機場,,,,,,助手,,踱步,H,飛機場 踱步 (助手)
H123,09/06/2025,游水,從化,,從化,,,,,,,,游水,,
H123,09/06/2025,踱步,從化,內圈,從化 內圈,,,,,,助手,,倒快一圈,H,內圈 倒快一圈 (助手)
H123,08/06/2025,游水,從化,,從化,,,,,,,,游水,,
H123,08/06/2025,踱步,從化,內圈,從化 內圈,,,,,,助手,,快踱一圈,H,內圈 快踱一圈 (助手)
H123,07/06/2025,游水,從化,,從化,,,,,,,,游水,,
H123,07/06/2025,踱步,從化,內圈,從化 內圈,,,,,,助手,,快踱一圈,H,內圈 快踱一圈 (助手)
H123,06/06/2025,游水,從化,,從化,,,,,,,,游水,,
H123,06/06/2025,快操,從化,全天候,從化 全天候,,58.2,58.2,32.6 25.6,,助手,,快操,H,32.6 25.6 (58.2) (助手)
H123,06/06/2025,踱步,從化,飛機場,從化 飛機場,,,,,,助手,,踱步,H,飛機場 踱步 (助手)
H123,05/06/2025,游水,從化,,從化,,,,,,,,游水,,
H123,05/06/2025,踱步,從化,內圈,從化 內圈,,,,,,助手,,倒快一圈,H,內圈 倒快一圈 (助手)
H123,04/06/2025,踱步,從化,內圈,從化 內圈,,,,,,助手,,快踱一圈,H,內圈 快踱一圈 (助手)
H123,03/06/2025,快操,從化,全天候,從化 全天候,,1.00.3,60.3,32.5 27.8,,助手,,快操,H,32.5 27.8 (1.00.3) (助手)
H123,03/06/2025,踱步,從化,飛機場,從化 飛機場,,,,,,助手,,踱步,H,飛機場 踱步 (助手)
H123,02/06/2025,踱步,從化,內圈,從化 內圈,,,,,,助手,,倒快一圈,H,內圈 倒快一圈 (助手)
H123,01/06/2025,踱步,從化,內圈,從化 內圈,,,,,,助手,,快踱一圈,H,內圈 快踱一圈 (助手)
H123,31/05/2025,踱步,從化,內圈,從化 內圈,,,,,,助手,,快踱一圈,H,內圈 快踱一圈 (助手)
H123,30/05/2025,踱步,從化,飛機場,從化 飛機場,,,,,,助手,,踱步,H,飛機場 踱步 (助手)
H123,29/05/2025,踱步,從化,飛機場,從化 飛機場,,,,,,助手,,踱步,H,飛機場 踱步 (助手)
H123,27/05/2025,游水,沙田,,沙田,,,,,,,,游水,,
H123,26/05/2025,游水,沙田,,沙田,,,,,,,,游水,,
H123,25/05/2025,出賽,沙田,草地,沙田 草地,1200M,,,,,賀銘年,5/14,出賽,PC,1200M (賀銘年) (5/14)
H123,25/05/2025,踱步,沙田,內圈,沙田 內圈,,,,,,助手,,快踱一圈,H,內圈 快踱一圈 (助手)
H123,24/05/2025,游水,沙田,,沙田,,,,,,,,游水,,
H123,24/05/2025,踱步,沙田,內圈,沙田 內圈,,,,,,助手,,快踱一圈,H,內圈 快踱一圈 (助手)
H123,23/05/2025,游水,沙田,,沙田,,,,,,,,游水,,
H123,23/05/2025,踱步,沙田,內圈,沙田 內圈,,,,,,助手,,快踱一圈,H,內圈 快踱一圈 (助手)
H123,22/05/2025,游水,沙田,,沙田,,,,,,,,游水,,
H123,22/05/2025,快操,沙田,全天候,沙田 全天候,,58.4,58.4,32.0 26.4,,助手,,快操,H,32.0 26.4 (58.4) (助手)
H123,21/05/2025,游水,沙田,,沙田,,,,,,,,游水,,
H123,21/05/2025,踱步,沙田,內圈,沙田 內圈,,,,,,助手,,快踱一圈,H,內圈 快踱一圈 (助手)
H123,20/05/2025,游水,沙田,,沙田,,,,,,,,游水,,
H123,19/05/2025,游水,沙田,,沙田,,,,,,,,游水,,
H123,19/05/2025,踱步,沙田,內圈,沙田 內圈,,,,,,助手,,倒快一圈,H,內圈 倒快一圈 (助手)
H123,18/05/2025,游水,沙田,,沙田,,,,,,,,游水,,
H123,18/05/2025,踱步,沙田,飛機場,沙田 飛機場,,,,,,助手,,踱步,H,飛機場 踱步 (助手)
H123,17/05/2025,游水,沙田,,沙田,,,,,,,,游水,,
H123,16/05/2025,試閘,沙田,全天候,沙田 全天候,1050M,1.01.60,61.6,16.5 22.1 23.0,歐洲傳奇,潘明輝,,第4組,PC,第4組 (潘明輝) 1050M 歐洲傳奇 16.5 22.1 23.0 (1.01.60)
H123,16/05/2025,游水,沙田,,沙田,,,,,,,,游水,,
H123,15/05/2025,游水,沙田,,沙田,,,,,,,,游水,,
H123,15/05/2025,踱步,沙田,內圈,沙田 內圈,,,,,,助手,,倒快一圈,H,內圈 倒快一圈 (助手)
H123,14/05/2025,游水,沙田,,沙田,,,,,,,,游水,,
H123,14/05/2025,踱步,沙田,內圈,沙田 內圈,,,,,,助手,,快踱一圈,H,內圈 快踱一圈 (助手)
H123,13/05/2025,游水,從化,,從化,,,,,,,,游水,,
H123,13/05/2025,踱步,從化,內圈,從化 內圈,,,,,,助手,,快踱一圈,H,內圈 快踱一圈 (助手)
H123,12/05/2025,游水,從化,,從化,,,,,,,,游水,,
H123,12/05/2025,踱步,從化,內圈,從化 內圈,,,,,,助手,,倒快一圈,H,內圈 倒快一圈 (助手)
H123,11/05/2025,游水,從化,,從化,,,,,,,,游水,,
H123,11/05/2025,踱步,從化,內圈,從化 內圈,,,,,,助手,,快踱一圈,H,內圈 快踱一圈 (助手)
H123,10/05/2025,游水,從化,,從化,,,,,,,,游水,,
H123,10/05/2025,快操,從化,全天候,從化 全天候,,57.4,57.4,31.6 25.8,,助手,,快操,H,31.6 25.8 (57.4) (助手)
H123,10/05/2025,踱步,從化,飛機場,從化 飛機場,,,,,,助手,,踱步,H,飛機場 踱步 (助手)
H123,09/05/2025,游水,從化,,從化,,,,,,,,游水,,
H123,09/05/2025,踱步,從化,內圈,從化 內圈,,,,,,助手,,快踱一圈,H,內圈 快踱一圈 (助手)
H123,08/05/2025,游水,從化,,從化,,,,,,,,游水,,
H123,08/05/2025,踱步,從化,內圈,從化 內圈,,,,,,助手,,倒快一圈,H,內圈 倒快一圈 (助手)
H123,07/05/2025,游水,從化,,從化,,,,,,,,游水,,
H123,07/05/2025,踱步,從化,內圈,從化 內圈,,,,,,助手,,快踱一圈,H,內圈 快踱一圈 (助手)
H123,06/05/2025,游水,從化,,從化,,,,,,,,游水,,
H123,06/05/2025,快操,從化,全天候,從化 全天候,,57.7,57.7,30.8 26.9,,助手,,快操,H,30.8 26.9 (57.7) (助手)
H123,06/05/2025,踱步,從化,飛機場,從化 飛機場,,,,,,助手,,踱步,H,飛機場 踱步 (助手)
H123,05/05/2025,游水,從化,,從化,,,,,,,,游水,,
H123,05/05/2025,踱步,從化,內圈,從化 內圈,,,,,,助手,,倒快一圈,H,內圈 倒快一圈 (助手)
H123,04/05/2025,游水,從化,,從化,,,,,,,,游水,,
H123,04/05/2025,踱步,從化,內圈,從化 內圈,,,,,,助手,,快踱一圈,H,內圈 快踱一圈 (助手)
H123,03/05/2025,游水,從化,,從化,,,,,,,,游水,,
H123,03/05/2025,踱步,從化,內圈,從化 內圈,,,,,,助手,,快踱一圈,H,內圈 快踱一圈 (助手)
H123,02/05/2025,游水,從化,,從化,,,,,,,,游水,,
H123,02/05/2025,踱步,從化,內圈,從化 內圈,,,,,,助手,,快踱一圈,H,內圈 快踱一圈 (助手)
H123,01/05/2025,游水,從化,,從化,,,,,,,,游水,,
H123,01/05/2025,踱步,從化,飛機場,從化 飛機場,,,,,,助手,,踱步,H,飛機場 踱步 (助手)
H123,30/04/2025,游水,從化,,從化,,,,,,,,游水,,
H123,28/04/2025,游水,沙田,,沙田,,,,,,,,游水,,
H123,27/04/2025,出賽,沙田,草地,沙田 草地,1200M,,,,,賀銘年,7/14,出賽,PC,1200M (賀銘年) (7/14)
H123,27/04/2025,踱步,沙田,內圈,沙田 內圈,,,,,,助手,,快踱一圈,H,內圈 快踱一圈 (助手)
H123,26/04/2025,游水,沙田,,沙田,,,,,,,,游水,,
H123,26/04/2025,踱步,沙田,內圈,沙田 內圈,,,,,,助手,,快踱一圈,H,內圈 快踱一圈 (助手)
H123,25/04/2025,游水,沙田,,沙田,,,,,,,,游水,,
H123,25/04/2025,踱步,沙田,內圈,沙田 內圈,,,,,,助手,,快踱一圈,H,內圈 快踱一圈 (助手)
H123,24/04/2025,游水,沙田,,沙田,,,,,,,,游水,,
H123,24/04/2025,快操,沙田,全天候,沙田 全天候,,56.4,56.4,30.0 26.4,,賀銘年,,快操,H,30.0 26.4 (56.4) (賀銘年)
H123,24/04/2025,踱步,沙田,飛機場,沙田 飛機場,,,,,,助手,,踱步,H,飛機場 踱步 (助手)
H123,23/04/2025,游水,沙田,,沙田,,,,,,,,游水,,
H123,23/04/2025,踱步,沙田,內圈,沙田 內圈,,,,,,助手,,快踱一圈,H,內圈 快踱一圈 (助手)
H123,22/04/2025,游水,從化,,從化,,,,,,,,游水,,
H123,22/04/2025,踱步,從化,內圈,從化 內圈,,,,,,助手,,快踱一圈,H,內圈 快踱一圈 (助手)
H123,21/04/2025,游水,從化,,從化,,,,,,,,游水,,
H123,21/04/2025,快操,從化,草地,從化 草地,,56.7,56.7,31.6 25.1,,助手,,快操,H,31.6 25.1 (56.7) (助手)
H123,21/04/2025,踱步,從化,飛機場,從化 飛機場,,,,,,助手,,踱步,H,飛機場 踱步 (助手)
H123,20/04/2025,游水,從化,,從化,,,,,,,,游水,,
H123,20/04/2025,踱步,從化,內圈,從化 內圈,,,,,,助手,,快踱一圈,H,內圈 快踱一圈 (助手)
H123,19/04/2025,游水,從化,,從化,,,,,,,,游水,,
H123,19/04/2025,踱步,從化,內圈,從化 內圈,,,,,,助手,,快踱一圈,H,內圈 快踱一圈 (助手)
H123,18/04/2025,游水,從化,,從化,,,,,,,,游水,,
H123,18/04/2025,快操,從化,全天候,從化 全天候,,57.5,57.5,31.7 25.8,,助手,,快操,H,31.7 25.8 (57.5) (助手)
H123,18/04/2025,踱步,從化,飛機場,從化 飛機場,,,,,,助手,,踱步,H,飛機場 踱步 (助手)
H123,17/04/2025,游水,從化,,從化,,,,,,,,游水,,
H123,17/04/2025,踱步,從化,內圈,從化 內圈,,,,,,助手,,倒快一圈,H,內圈 倒快一圈 (助手)
H123,16/04/2025,游水,從化,,從化,,,,,,,,游水,,
H123,16/04/2025,踱步,從化,內圈,從化 內圈,,,,,,助手,,快踱一圈,H,內圈 快踱一圈 (助手)
H123,15/04/2025,游水,從化,,從化,,,,,,,,游水,,
H123,15/04/2025,快操,從化,全天候,從化 全天候,,58.3,58.3,32.6 25.7,,助手,,快操,H,32.6 25.7 (58.3) (助手)
H123,15/04/2025,踱步,從化,飛機場,從化 飛機場,,,,,,助手,,踱步,H,飛機場 踱步 (助手)
H123,14/04/2025,游水,從化,,從化,,,,,,,,游水,,
H123,14/04/2025,踱步,從化,內圈,從化 內圈,,,,,,助手,,倒快一圈,H,內圈 倒快一圈 (助手)
H123,13/04/2025,游水,從化,,從化,,,,,,,,游水,,
H123,13/04/2025,踱步,從化,內圈,從化 內圈,,,,,,助手,,快踱一圈,H,內圈 快踱一圈 (助手)
H123,12/04/2025,游水,從化,,從化,,,,,,,,游水,,
H123,12/04/2025,快操,從化,全天候,從化 全天候,,58.6,58.6,32.1 26.5,,助手,,快操,H,32.1 26.5 (58.6) (助手)
H123,12/04/2025,踱步,從化,飛機場,從化 飛機場,,,,,,助手,,踱步,H,飛機場 踱步 (助手)
H123,11/04/2025,游水,從化,,從化,,,,,,,,游水,,
H123,11/04/2025,踱步,從化,內圈,從化 內圈,,,,,,助手,,快踱一圈,H,內圈 快踱一圈 (助手)
H123,10/04/2025,游水,從化,,從化,,,,,,,,游水,,
H123,10/04/2025,踱步,從化,內圈,從化 內圈,,,,,,助手,,倒快一圈,H,內圈 倒快一圈 (助手)
H123,09/04/2025,游水,從化,,從化,,,,,,,,游水,,
H123,09/04/2025,踱步,從化,內圈,從化 內圈,,,,,,助手,,快踱一圈,H,內圈 快踱一圈 (助手)
H123,08/04/2025,游水,從化,,從化,,,,,,,,游水,,
H123,08/04/2025,快操,從化,全天候,從化 全天候,,58.2,58.2,32.1 26.1,,助手,,快操,H,32.1 26.1 (58.2) (助手)
H123,08/04/2025,踱步,從化,飛機場,從化 飛機場,,,,,,助手,,踱步,H,飛機場 踱步 (助手)
H123,07/04/2025,游水,從化,,從化,,,,,,,,游水,,
H123,07/04/2025,踱步,從化,內圈,從化 內圈,,,,,,助手,,倒快一圈,H,內圈 倒快一圈 (助手)
H123,06/04/2025,游水,從化,,從化,,,,,,,,游水,,
H123,06/04/2025,踱步,從化,內圈,從化 內圈,,,,,,助手,,快踱一圈,H,內圈 快踱一圈 (助手)
H123,05/04/2025,游水,從化,,從化,,,,,,,,游水,,
H123,05/04/2025,踱步,從化,內圈,從化 內圈,,,,,,助手,,快踱一圈,H,內圈 快踱一圈 (助手)
H123,04/04/2025,游水,從化,,從化,,,,,,,,游水,,
H123,04/04/2025,踱步,從化,內圈,從化 內圈,,,,,,助手,,快踱一圈,H,內圈 快踱一圈 (助手)
H123,03/04/2025,游水,從化,,從化,,,,,,,,游水,,
H123,03/04/2025,踱步,從化,飛機場,從化 飛機場,,,,,,助手,,踱步,,飛機場 踱步 (助手)
H123,01/04/2025,游水,沙田,,沙田,,,,,,,,游水,,
H123,31/03/2025,游水,沙田,,沙田,,,,,,,,游水,,
H123,30/03/2025,出賽,沙田,草地,沙田 草地,1200M,,,,,賀銘年,2/14,出賽,PC,1200M (賀銘年) (2/14)
H123,30/03/2025,踱步,沙田,內圈,沙田 內圈,,,,,,助手,,快踱一圈,H,內圈 快踱一圈 (助手)
H123,29/03/2025,游水,沙田,,沙田,,,,,,,,游水,,
H123,29/03/2025,踱步,沙田,內圈,沙田 內圈,,,,,,助手,,快踱一圈,H,內圈 快踱一圈 (助手)
H123,28/03/2025,游水,沙田,,沙田,,,,,,,,游水,,
H123,28/03/2025,踱步,沙田,內圈,沙田 內圈,,,,,,助手,,快踱一圈,H,內圈 快踱一圈 (助手)
H123,27/03/2025,游水,沙田,,沙田,,,,,,,,游水,,
H123,27/03/2025,快操,沙田,全天候,沙田 全天候,,57.3,57.3,33.4 23.9,,助手,,快操,H,33.4 23.9 (57.3) (助手)
H123,27/03/2025,踱步,沙田,飛機場,沙田 飛機場,,,,,,助手,,踱步,H,飛機場 踱步 (助手)
H123,26/03/2025,游水,沙田,,沙田,,,,,,,,游水,,
H123,26/03/2025,踱步,沙田,內圈,沙田 內圈,,,,,,助手,,快踱一圈,H,內圈 快踱一圈 (助手)
H123,25/03/2025,游水,沙田,,沙田,,,,,,,,游水,,
H123,25/03/2025,踱步,沙田,內圈,沙田 內圈,,,,,,助手,,快踱一圈,H,內圈 快踱一圈 (助手)
H123,24/03/2025,游水,沙田,,沙田,,,,,,,,游水,,
H123,24/03/2025,快操,沙田,全天候,沙田 全天候,,57.1,57.1,32.2 24.9,,助手,,快操,H,32.2 24.9 (57.1) (助手)
H123,24/03/2025,踱步,沙田,飛機場,沙田 飛機場,,,,,,助手,,踱步,H,飛機場 踱步 (助手)
H123,23/03/2025,游水,沙田,,沙田,,,,,,,,游水,,
H123,23/03/2025,踱步,沙田,內圈,沙田 內圈,,,,,,助手,,快踱一圈,H,內圈 快踱一圈 (助手)
H123,22/03/2025,游水,沙田,,沙田,,,,,,,,游水,,
H123,22/03/2025,踱步,沙田,內圈,沙田 內圈,,,,,,助手,,快踱一圈,H,內圈 快踱一圈 (助手)
H123,21/03/2025,游水,沙田,,沙田,,,,,,,,游水,,
H123,21/03/2025,踱步,沙田,內圈,沙田 內圈,,,,,,助手,,快踱一圈,H,內圈 快踱一圈 (助手)
H123,20/03/2025,游水,沙田,,沙田,,,,,,,,游水,,
H123,20/03/2025,踱步,沙田,飛機場,沙田 飛機場,,,,,,助手,,踱步,H,飛機場 踱步 (助手)
H123,18/03/2025,試閘,沙田,全天候,沙田 全天候,1050M,1.01.77,61.77,16.7 22.6 22.4,天天同樂,賀銘年,,第4組,PC,第4組 (賀銘年) 1050M 天天同樂 16.7 22.6 22.4 (1.01.77)
H123,18/03/2025,游水,沙田,,沙田,,,,,,,,游水,,
H123,17/03/2025,游水,沙田,,沙田,,,,,,,,游水,,
H123,17/03/2025,踱步,沙田,內圈,沙田 內圈,,,,,,助手,,倒快一圈,H,內圈 倒快一圈 (助手)
H123,16/03/2025,游水,沙田,,沙田,,,,,,,,游水,,
H123,16/03/2025,踱步,沙田,內圈,沙田 內圈,,,,,,助手,,快踱一圈,H,內圈 快踱一圈 (助手)
H123,15/03/2025,游水,沙田,,沙田,,,,,,,,游水,,
H123,15/03/2025,踱步,沙田,內圈,沙田 內圈,,,,,,助手,,快踱一圈,H,內圈 快踱一圈 (助手)
H123,14/03/2025,游水,沙田,,沙田,,,,,,,,游水,,
H123,14/03/2025,快操,沙田,全天候,沙田 全天候,,58.4,58.4,32.2 26.2,,助手,,快操,H,32.2 26.2 (58.4) (助手)
H123,14/03/2025,踱步,沙田,飛機場,沙田 飛機場,,,,,,助手,,踱步,H,飛機場 踱步 (助手)
H123,13/03/2025,游水,沙田,,沙田,,,,,,,,游水,,
H123,13/03/2025,踱步,沙田,內圈,沙田 內圈,,,,,,助手,,倒快一圈,H,內圈 倒快一圈 (助手)
H123,12/03/2025,游水,沙田,,沙田,,,,,,,,游水,,
H123,12/03/2025,踱步,沙田,內圈,沙田 內圈,,,,,,助手,,快踱一圈,H,內圈 快踱一圈 (助手)
H123,11/03/2025,游水,沙田,,沙田,,,,,,,,游水,,
H123,11/03/2025,踱步,沙田,內圈,沙田 內圈,,,,,,助手,,快踱一圈,H,內圈 快踱一圈 (助手)
H123,10/03/2025,游水,沙田,,沙田,,,,,,,,游水,,
H123,10/03/2025,快操,沙田,全天候,沙田 全天候,,58.8,58.8,33.1 25.7,,助手,,快操,H,33.1 25.7 (58.8) (助手)
H123,10/03/2025,踱步,沙田,飛機場,沙田 飛機場,,,,,,助手,,踱步,H,飛機場 踱步 (助手)
H123,09/03/2025,游水,沙田,,沙田,,,,,,,,游水,,
H123,09/03/2025,踱步,沙田,內圈,沙田 內圈,,,,,,助手,,快踱一圈,H,內圈 快踱一圈 (助手)
H123,08/03/2025,游水,沙田,,沙田,,,,,,,,游水,,
H123,08/03/2025,踱步,沙田,內圈,沙田 內圈,,,,,,助手,,快踱一圈,H,內圈 快踱一圈 (助手)
H123,07/03/2025,游水,沙田,,沙田,,,,,,,,游水,,
H123,07/03/2025,踱步,沙田,內圈,沙田 內圈,,,,,,助手,,快踱一圈,H,內圈 快踱一圈 (助手)
H123,06/03/2025,快操,從化,全天候,從化 全天候,,58.0,58.0,31.9 26.1,,助手,,快操,H,31.9 26.1 (58.0) (助手)
H123,06/03/2025,踱步,從化,飛機場,從化 飛機場,,,,,,助手,,踱步,H,飛機場 踱步 (助手)
H123,05/03/2025,游水,從化,,從化,,,,,,,,游水,,
H123,05/03/2025,踱步,從化,內圈,從化 內圈,,,,,,助手,,快踱一圈,H,內圈 快踱一圈 (助手)
H123,04/03/2025,游水,從化,,從化,,,,,,,,游水,,
H123,04/03/2025,踱步,從化,內圈,從化 內圈,,,,,,助手,,快踱一圈,H,內圈 快踱一圈 (助手)
H123,03/03/2025,游水,從化,,從化,,,,,,,,游水,,
H123,03/03/2025,快操,從化,全天候,從化 全天候,,57.1,57.1,31.1 26.0,,助手,,快操,H,31.1 26.0 (57.1) (助手)
H123,03/03/2025,踱步,從化,飛機場,從化 飛機場,,,,,,助手,,踱步,H,飛機場 踱步 (助手)
H123,02/03/2025,游水,從化,,從化,,,,,,,,游水,,
H123,02/03/2025,踱步,從化,內圈,從化 內圈,,,,,,助手,,快踱一圈,H,內圈 快踱一圈 (助手)
H123,01/03/2025,游水,從化,,從化,,,,,,,,游水,,
H123,01/03/2025,踱步,從化,內圈,從化 內圈,,,,,,助手,,快踱一圈,H,內圈 快踱一圈 (助手)
H123,28/02/2025,游水,從化,,從化,,,,,,,,游水,,
H123,28/02/2025,快操,從化,全天候,從化 全天候,,57.1,57.1,31.5 25.6,,助手,,快操,H,31.5 25.6 (57.1) (助手)
H123,28/02/2025,踱步,從化,飛機場,從化 飛機場,,,,,,助手,,踱步,H,飛機場 踱步 (助手)
H123,27/02/2025,游水,從化,,從化,,,,,,,,游水,,
H123,27/02/2025,踱步,從化,內圈,從化 內圈,,,,,,助手,,倒快一圈,H,內圈 倒快一圈 (助手)
H123,26/02/2025,游水,從化,,從化,,,,,,,,游水,,
H123,26/02/2025,踱步,從化,內圈,從化 內圈,,,,,,助手,,快踱一圈,H,內圈 快踱一圈 (助手)
H123,25/02/2025,游水,從化,,從化,,,,,,,,游水,,
H123,25/02/2025,踱步,從化,內圈,從化 內圈,,,,,,助手,,快踱一圈,H,內圈 快踱一圈 (助手)
H123,24/02/2025,游水,從化,,從化,,,,,,,,游水,,
H123,24/02/2025,快操,從化,全天候,從化 全天候,,58.4,58.4,31.9 26.5,,助手,,快操,H,31.9 26.5 (58.4) (助手)
H123,24/02/2025,踱步,從化,飛機場,從化 飛機場,,,,,,助手,,踱步,H,飛機場 踱步 (助手)
H123,23/02/2025,踱步,從化,內圈,從化 內圈,,,,,,助手,,快踱一圈,H,內圈 快踱一圈 (助手)
H123,22/02/2025,游水,從化,,從化,,,,,,,,游水,,
H123,22/02/2025,踱步,從化,內圈,從化 內圈,,,,,,助手,,快踱一圈,H,內圈 快踱一圈 (助手)
H123,21/02/2025,游水,從化,,從化,,,,,,,,游水,,
H123,21/02/2025,踱步,從化,內圈,從化 內圈,,,,,,助手,,快踱一圈,H,內圈 快踱一圈 (助手)
H123,20/02/2025,游水,從化,,從化,,,,,,,,游水,,
H123,20/02/2025,踱步,從化,飛機場,從化 飛機場,,,,,,助手,,踱步,H,飛機場 踱步 (助手)
H123,18/02/2025,游水,沙田,,沙田,,,,,,,,游水,,
H123,16/02/2025,出賽,沙田,草地,沙田 草地,1200M,,,,,賀銘年,5/12,出賽,PC,1200M (賀銘年) (5/12)
H123,16/02/2025,踱步,沙田,內圈,沙田 內圈,,,,,,助手,,快踱一圈,H,內圈 快踱一圈 (助手)
H123,15/02/2025,游水,沙田,,沙田,,,,,,,,游水,,
H123,15/02/2025,踱步,沙田,內圈,沙田 內圈,,,,,,助手,,快踱一圈,H,內圈 快踱一圈 (助手)
H123,14/02/2025,游水,沙田,,沙田,,,,,,,,游水,,
H123,14/02/2025,踱步,沙田,內圈,沙田 內圈,,,,,,助手,,快踱一圈,H,內圈 快踱一圈 (助手)
H123,13/02/2025,游水,沙田,,沙田,,,,,,,,游水,,
H123,13/02/2025,快操,沙田,全天候,沙田 全天候,,1.00.5,60.5,33.4 27.1,,助手,,快操,H,33.4 27.1 (1.00.5) (助手)
H123,13/02/2025,踱步,沙田,飛機場,沙田 飛機場,,,,,,助手,,踱步,H,飛機場 踱步 (助手)
H123,12/02/2025,游水,沙田,,沙田,,,,,,,,游水,,
H123,12/02/2025,踱步,沙田,內圈,沙田 內圈,,,,,,助手,,快踱一圈,H,內圈 快踱一圈 (助手)
H123,11/02/2025,踱步,從化,內圈,從化 內圈,,,,,,助手,,快踱一圈,H,內圈 快踱一圈 (助手)
H123,10/02/2025,游水,從化,,從化,,,,,,,,游水,,
H123,10/02/2025,快操,從化,草地,從化 草地,,54.9,54.9,28.8 26.1,,助手,,快操,H,28.8 26.1 (54.9) (助手)
H123,10/02/2025,踱步,從化,飛機場,從化 飛機場,,,,,,助手,,踱步,H,飛機場 踱步 (助手)
H123,09/02/2025,踱步,從化,內圈,從化 內圈,,,,,,助手,,快踱一圈,H,內圈 快踱一圈 (助手)
H123,08/02/2025,游水,從化,,從化,,,,,,,,游水,,
H123,08/02/2025,踱步,從化,內圈,從化 內圈,,,,,,助手,,快踱一圈,H,內圈 快踱一圈 (助手)
H123,07/02/2025,游水,從化,,從化,,,,,,,,游水,,
H123,07/02/2025,快操,從化,全天候,從化 全天候,,57.0,57.0,31.2 25.8,,助手,,快操,H,31.2 25.8 (57.0) (助手)
H123,07/02/2025,踱步,從化,飛機場,從化 飛機場,,,,,,助手,,踱步,H,飛機場 踱步 (助手)
H123,06/02/2025,游水,從化,,從化,,,,,,,,游水,,
H123,06/02/2025,踱步,從化,內圈,從化 內圈,,,,,,助手,,倒快一圈,H,內圈 倒快一圈 (助手)
H123,05/02/2025,游水,從化,,從化,,,,,,,,游水,,
H123,05/02/2025,踱步,從化,內圈,從化 內圈,,,,,,助手,,快踱一圈,H,內圈 快踱一圈 (助手)
H123,04/02/2025,快操,從化,全天候,從化 全天候,,58.4,58.4,32.1 26.3,,助手,,快操,H,32.1 26.3 (58.4) (助手)
H123,04/02/2025,踱步,從化,飛機場,從化 飛機場,,,,,,助手,,踱步,H,飛機場 踱步 (助手)
H123,03/02/2025,游水,從化,,從化,,,,,,,,游水,,
H123,03/02/2025,踱步,從化,內圈,從化 內圈,,,,,,助手,,倒快一圈,H,內圈 倒快一圈 (助手)
H123,02/02/2025,游水,從化,,從化,,,,,,,,游水,,
H123,02/02/2025,踱步,從化,內圈,從化 內圈,,,,,,助手,,快踱一圈,H,內圈 快踱一圈 (助手)
H123,01/02/2025,游水,從化,,從化,,,,,,,,游水,,
H123,01/02/2025,快操,從化,全天候,從化 全天候,,58.1,58.1,31.0 27.1,,助手,,快操,H,31.0 27.1 (58.1) (助手)
H123,01/02/2025,踱步,從化,飛機場,從化 飛機場,,,,,,助手,,踱步,H,飛機場 踱步 (助手)
H123,31/01/2025,游水,從化,,從化,,,,,,,,游水,,
H123,31/01/2025,踱步,從化,內圈,從化 內圈,,,,,,助手,,快踱一圈,H,內圈 快踱一圈 (助手)
H123,30/01/2025,游水,從化,,從化,,,,,,,,游水,,
H123,30/01/2025,踱步,從化,內圈,從化 內圈,,,,,,助手,,倒快一圈,H,內圈 倒快一圈 (助手)
H123,28/01/2025,游水,從化,,從化,,,,,,,,游水,,
H123,28/01/2025,快操,從化,全天候,從化 全天候,,58.5,58.5,31.9 26.6,,助手,,快操,H,31.9 26.6 (58.5) (助手)
H123,28/01/2025,踱步,從化,飛機場,從化 飛機場,,,,,,助手,,踱步,H,飛機場 踱步 (助手)
H123,27/01/2025,踱步,從化,內圈,從化 內圈,,,,,,助手,,倒快一圈,H,內圈 倒快一圈 (助手)
H123,26/01/2025,踱步,從化,內圈,從化 內圈,,,,,,助手,,快踱一圈,H,內圈 快踱一圈 (助手)
H123,25/01/2025,游水,從化,,從化,,,,,,,,游水,,
H123,25/01/2025,踱步,從化,內圈,從化 內圈,,,,,,助手,,快踱一圈,H,內圈 快踱一圈 (助手)
H123,24/01/2025,踱步,沙田,內圈,沙田 內圈,,,,,,副練馬師,,快踱一圈,H,內圈 快踱一圈 (副練馬師)
H123,23/01/2025,游水,沙田,,沙田,,,,,,,,游水,,
H123,23/01/2025,踱步,沙田,飛機場,沙田 飛機場,,,,,,助手,,踱步,H,飛機場 踱步 (助手)
H123,22/01/2025,游水,沙田,,沙田,,,,,,,,游水,,
H123,22/01/2025,快操,沙田,全天候,沙田 全天候,,28.2,28.2,28.2,,助手,,快操,H,28.2 (28.2) (助手)
H123,21/01/2025,游水,沙田,,沙田,,,,,,,,游水,,
H123,20/01/2025,游水,沙田,,沙田,,,,,,,,游水,,
H123,19/01/2025,出賽,沙田,草地,沙田 草地,1200M,,,,,賀銘年,4/14,出賽,CP-/PC2,1200M (賀銘年) (4/14)
H123,19/01/2025,踱步,沙田,內圈,沙田 內圈,,,,,,助手,,快踱一圈,H,內圈 快踱一圈 (助手)
H123,18/01/2025,游水,沙田,,沙田,,,,,,,,游水,,
H123,18/01/2025,踱步,沙田,內圈,沙田 內圈,,,,,,助手,,快踱一圈,H,內圈 快踱一圈 (助手)
H123,17/01/2025,游水,沙田,,沙田,,,,,,,,游水,,
H123,17/01/2025,踱步,沙田,內圈,沙田 內圈,,,,,,助手,,快踱一圈,H,內圈 快踱一圈 (助手)
H123,16/01/2025,游水,沙田,,沙田,,,,,,,,游水,,
H123,16/01/2025,快操,沙田,全天候,沙田 全天候,,56.2,56.2,29.9 26.3,,賀銘年,,快操,H,29.9 26.3 (56.2) (賀銘年)
H123,16/01/2025,踱步,沙田,飛機場,沙田 飛機場,,,,,,助手,,踱步,H,飛機場 踱步 (助手)
H123,15/01/2025,游水,沙田,,沙田,,,,,,,,游水,,
H123,15/01/2025,踱步,沙田,內圈,沙田 內圈,,,,,,副練馬師,,快踱一圈,H,內圈 快踱一圈 (副練馬師)
H123,14/01/2025,游水,沙田,,沙田,,,,,,,,游水,,
H123,14/01/2025,踱步,沙田,內圈,沙田 內圈,,,,,,助手,,快踱一圈,H,內圈 快踱一圈 (助手)
H123,13/01/2025,游水,沙田,,沙田,,,,,,,,游水,,
H123,13/01/2025,快操,沙田,全天候,沙田 全天候,,58.5,58.5,32.5 26.0,,助手,,快操,H,32.5 26.0 (58.5) (助手)
H123,13/01/2025,踱步,沙田,飛機場,沙田 飛機場,,,,,,助手,,踱步,H,飛機場 踱步 (助手)
H123,12/01/2025,游水,沙田,,沙田,,,,,,,,游水,,
H123,12/01/2025,踱步,沙田,內圈,沙田 內圈,,,,,,助手,,快踱一圈,H,內圈 快踱一圈 (助手)
H123,11/01/2025,游水,沙田,,沙田,,,,,,,,游水,,
H123,11/01/2025,踱步,沙田,內圈,沙田 內圈,,,,,,助手,,快踱一圈,H,內圈 快踱一圈 (助手)
H123,10/01/2025,游水,沙田,,沙田,,,,,,,,游水,,
H123,10/01/2025,快操,沙田,全天候,沙田 全天候,,57.6,57.6,31.5 26.1,,助手,,快操,H,31.5 26.1 (57.6) (助手)
H123,09/01/2025,游水,沙田,,沙田,,,,,,,,游水,,
H123,09/01/2025,踱步,沙田,內圈,沙田 內圈,,,,,,助手,,倒快一圈,H,內圈 倒快一圈 (助手)
H123,08/01/2025,游水,沙田,,沙田,,,,,,,,游水,,
H123,08/01/2025,踱步,沙田,內圈,沙田 內圈,,,,,,助手,,快踱一圈,H,內圈 快踱一圈 (助手)
H123,07/01/2025,游水,沙田,,沙田,,,,,,,,游水,,
H123,07/01/2025,踱步,沙田,內圈,沙田 內圈,,,,,,助手,,快踱一圈,H,內圈 快踱一圈 (助手)
H123,06/01/2025,游水,沙田,,沙田,,,,,,,,游水,,
H123,06/01/2025,快操,沙田,全天候,沙田 全天候,,57.5,57.5,32.3 25.2,,助手,,快操,H,32.3 25.2 (57.5) (助手)
H123,06/01/2025,踱步,沙田,飛機場,沙田 飛機場,,,,,,助手,,踱步,H,飛機場 踱步 (助手)
H123,05/01/2025,游水,沙田,,沙田,,,,,,,,游水,,
H123,05/01/2025,踱步,沙田,內圈,沙田 內圈,,,,,,助手,,快踱一圈,H,內圈 快踱一圈 (助手)
H123,04/01/2025,游水,沙田,,沙田,,,,,,,,游水,,
H123,04/01/2025,踱步,沙田,內圈,沙田 內圈,,,,,,助手,,快踱一圈,H,內圈 快踱一圈 (助手)
H123,03/01/2025,游水,沙田,,沙田,,,,,,,,游水,,
H123,03/01/2025,踱步,沙田,內圈,沙田 內圈,,,,,,助手,,快踱一圈,H,內圈 快踱一圈 (助手)
H123,02/01/2025,游水,沙田,,沙田,,,,,,,,游水,,
H123,02/01/2025,踱步,沙田,飛機場,沙田 飛機場,,,,,,助手,,踱步,H,飛機場 踱步 (助手)
H123,01/01/2025,游水,沙田,,沙田,,,,,,,,游水,,
H123,31/12/2024,游水,沙田,,沙田,,,,,,,,游水,,
H123,30/12/2024,游水,沙田,,沙田,,,,,,,,游水,,
H123,29/12/2024,出賽,沙田,草地,沙田 草地,1400M,,,,,田泰安,6/14,出賽,B-/CP1,1400M (田泰安) (6/14)
H123,29/12/2024,踱步,沙田,內圈,沙田 內圈,,,,,,助手,,快踱一圈,H,內圈 快踱一圈 (助手)
H123,28/12/2024,游水,沙田,,沙田,,,,,,,,游水,,
H123,28/12/2024,踱步,沙田,內圈,沙田 內圈,,,,,,助手,,快踱一圈,H,內圈 快踱一圈 (助手)
H123,27/12/2024,游水,沙田,,沙田,,,,,,,,游水,,
H123,27/12/2024,快操,沙田,全天候,沙田 全天候,,57.3,57.3,32.8 24.5,,助手,,快操,H,32.8 24.5 (57.3) (助手)
H123,26/12/2024,游水,沙田,,沙田,,,,,,,,游水,,
H123,26/12/2024,踱步,沙田,內圈,沙田 內圈,,,,,,副練馬師,,倒快一圈,H,內圈 倒快一圈 (副練馬師)
H123,25/12/2024,游水,沙田,,沙田,,,,,,,,游水,,
H123,25/12/2024,踱步,沙田,內圈,沙田 內圈,,,,,,助手,,快踱一圈,H,內圈 快踱一圈 (助手)
H123,24/12/2024,游水,沙田,,沙田,,,,,,,,游水,,
H123,24/12/2024,快操,沙田,全天候,沙田 全天候,,55.5,55.5,31.1 24.4,,田泰安,,勁好運,CP,31.1 24.4 (55.5) (田泰安) 勁好運
H123,24/12/2024,踱步,沙田,飛機場,沙田 飛機場,,,,,,助手,,踱步,CP,飛機場 踱步 (助手)
H123,23/12/2024,游水,沙田,,沙田,,,,,,,,游水,,
H123,23/12/2024,踱步,沙田,內圈,沙田 內圈,,,,,,助手,,倒快一圈,H,內圈 倒快一圈 (助手)
H123,22/12/2024,游水,沙田,,沙田,,,,,,,,游水,,
H123,22/12/2024,踱步,沙田,內圈,沙田 內圈,,,,,,助手,,快踱一圈,H,內圈 快踱一圈 (助手)
H123,21/12/2024,游水,沙田,,沙田,,,,,,,,游水,,
H123,21/12/2024,踱步,沙田,內圈,沙田 內圈,,,,,,副練馬師,,快踱一圈,H,內圈 快踱一圈 (副練馬師)
H123,20/12/2024,游水,沙田,,沙田,,,,,,,,游水,,
H123,20/12/2024,踱步,沙田,內圈,沙田 內圈,,,,,,助手,,快踱一圈,H,內圈 快踱一圈 (助手)
H123,19/12/2024,游水,沙田,,沙田,,,,,,,,游水,,
H123,19/12/2024,踱步,沙田,內圈,沙田 內圈,,,,,,助手,,倒快一圈,H,內圈 倒快一圈 (助手)
H123,17/12/2024,快操,沙田,全天候,沙田 全天候,,57.5,57.5,31.4 26.1,,助手,,快操,H,31.4 26.1 (57.5) (助手)
H123,17/12/2024,踱步,沙田,飛機場,沙田 飛機場,,,,,,助手,,踱步,H,飛機場 踱步 (助手)
H123,16/12/2024,游水,沙田,,沙田,,,,,,,,游水,,
H123,16/12/2024,踱步,沙田,內圈,沙田 內圈,,,,,,助手,,倒快一圈,H,內圈 倒快一圈 (助手)
H123,15/12/2024,游水,沙田,,沙田,,,,,,,,游水,,
H123,15/12/2024,踱步,沙田,內圈,沙田 內圈,,,,,,助手,,快踱一圈,H,內圈 快踱一圈 (助手)
H123,14/12/2024,游水,沙田,,沙田,,,,,,,,游水,,
H123,14/12/2024,踱步,沙田,內圈,沙田 內圈,,,,,,助手,,快踱一圈,H,內圈 快踱一圈 (助手)
H123,13/12/2024,游水,沙田,,沙田,,,,,,,,游水,,
H123,13/12/2024,快操,沙田,全天候,沙田 全天候,,58.2,58.2,32.1 26.1,,助手,,快操,CP,32.1 26.1 (58.2) (助手)
H123,13/12/2024,踱步,沙田,飛機場,沙田 飛機場,,,,,,助手,,踱步,CP,飛機場 踱步 (助手)
H123,12/12/2024,游水,沙田,,沙田,,,,,,,,游水,,
H123,12/12/2024,踱步,沙田,內圈,沙田 內圈,,,,,,助手,,倒快一圈,H,內圈 倒快一圈 (助手)
H123,11/12/2024,游水,沙田,,沙田,,,,,,,,游水,,
H123,11/12/2024,踱步,沙田,內圈,沙田 內圈,,,,,,助手,,快踱一圈,H,內圈 快踱一圈 (助手)
H123,10/12/2024,游水,沙田,,沙田,,,,,,,,游水,,
H123,10/12/2024,踱步,沙田,內圈,沙田 內圈,,,,,,助手,,快踱一圈,H,內圈 快踱一圈 (助手)
H123,09/12/2024,游水,沙田,,沙田,,,,,,,,游水,,
H123,09/12/2024,快操,沙田,全天候,沙田 全天候,,58.2,58.2,32.0 26.2,,助手,,快操,CP,32.0 26.2 (58.2) (助手)
H123,09/12/2024,踱步,沙田,飛機場,沙田 飛機場,,,,,,助手,,踱步,H,飛機場 踱步 (助手)
H123,08/12/2024,游水,沙田,,沙田,,,,,,,,游水,,
H123,08/12/2024,踱步,沙田,內圈,沙田 內圈,,,,,,助手,,快踱一圈,H,內圈 快踱一圈 (助手)
H123,07/12/2024,踱步,沙田,內圈,沙田 內圈,,,,,,助手,,快踱一圈,,內圈 快踱一圈 (助手)
H123,06/12/2024,游水,沙田,,沙田,,,,,,,,游水,,
H123,06/12/2024,踱步,沙田,內圈,沙田 內圈,,,,,,助手,,快踱一圈,H,內圈 快踱一圈 (助手)
H123,05/12/2024,游水,沙田,,沙田,,,,,,,,游水,,
H123,05/12/2024,踱步,沙田,飛機場,沙田 飛機場,,,,,,助手,,踱步,H,飛機場 踱步 (助手)
H123,04/12/2024,游水,沙田,,沙田,,,,,,,,游水,,
H123,03/12/2024,游水,沙田,,沙田,,,,,,,,游水,,
H123,02/12/2024,游水,沙田,,沙田,,,,,,,,游水,,
H123,01/12/2024,出賽,沙田,草地,沙田 草地,1400M,,,,,艾道拿,7/14,出賽,PC-/B2,1400M (艾道拿) (7/14)
H123,01/12/2024,踱步,沙田,內圈,沙田 內圈,,,,,,助手,,快踱一圈,H,內圈 快踱一圈 (助手)
H123,30/11/2024,游水,沙田,,沙田,,,,,,,,游水,,
H123,30/11/2024,踱步,沙田,內圈,沙田 內圈,,,,,,助手,,快踱一圈,H,內圈 快踱一圈 (助手)
H123,29/11/2024,游水,沙田,,沙田,,,,,,,,游水,,
H123,29/11/2024,踱步,沙田,內圈,沙田 內圈,,,,,,助手,,快踱一圈,H,內圈 快踱一圈 (助手)
H123,28/11/2024,游水,沙田,,沙田,,,,,,,,游水,,
H123,28/11/2024,快操,沙田,全天候,沙田 全天候,,57.9,57.9,32.0 25.9,,助手,,快操,H,32.0 25.9 (57.9) (助手)
H123,28/11/2024,踱步,沙田,飛機場,沙田 飛機場,,,,,,助手,,踱步,H,飛機場 踱步 (助手)
H123,27/11/2024,游水,沙田,,沙田,,,,,,,,游水,,
H123,27/11/2024,踱步,沙田,內圈,沙田 內圈,,,,,,副練馬師,,快踱一圈,H,內圈 快踱一圈 (副練馬師)
H123,26/11/2024,游水,沙田,,沙田,,,,,,,,游水,,
H123,26/11/2024,踱步,沙田,內圈,沙田 內圈,,,,,,助手,,快踱一圈,H,內圈 快踱一圈 (助手)
H123,25/11/2024,游水,沙田,,沙田,,,,,,,,游水,,
H123,25/11/2024,快操,沙田,全天候,沙田 全天候,,58.6,58.6,32.3 26.3,,助手,,快操,H,32.3 26.3 (58.6) (助手)
H123,25/11/2024,踱步,沙田,飛機場,沙田 飛機場,,,,,,助手,,踱步,H,飛機場 踱步 (助手)
H123,24/11/2024,游水,沙田,,沙田,,,,,,,,游水,,
H123,24/11/2024,踱步,沙田,內圈,沙田 內圈,,,,,,助手,,快踱一圈,H,內圈 快踱一圈 (助手)
H123,23/11/2024,游水,沙田,,沙田,,,,,,,,游水,,
H123,23/11/2024,踱步,沙田,內圈,沙田 內圈,,,,,,助手,,快踱一圈,H,內圈 快踱一圈 (助手)
H123,22/11/2024,游水,沙田,,沙田,,,,,,,,游水,,
H123,22/11/2024,踱步,沙田,內圈,沙田 內圈,,,,,,助手,,快踱一圈,H,內圈 快踱一圈 (助手)
H123,21/11/2024,游水,沙田,,沙田,,,,,,,,游水,,
H123,21/11/2024,踱步,沙田,飛機場,沙田 飛機場,,,,,,助手,,踱步,H,飛機場 踱步 (助手)
H123,20/11/2024,游水,沙田,,沙田,,,,,,,,游水,,
H123,19/11/2024,試閘,沙田,全天候,沙田 全天候,1200M,1.11.37,71.37,24.3 22.9 24.1,川河型駒,艾道拿,,第2組,B,第2組 (艾道拿) 1200M 川河型駒 24.3 22.9 24.1 (1.11.37)
H123,19/11/2024,游水,沙田,,沙田,,,,,,,,游水,,
H123,18/11/2024,游水,沙田,,沙田,,,,,,,,游水,,
H123,18/11/2024,踱步,沙田,內圈,沙田 內圈,,,,,,助手,,倒快一圈,H,內圈 倒快一圈 (助手)
H123,17/11/2024,游水,沙田,,沙田,,,,,,,,游水,,
H123,17/11/2024,踱步,沙田,內圈,沙田 內圈,,,,,,助手,,快踱一圈,H,內圈 快踱一圈 (助手)
H123,16/11/2024,游水,沙田,,沙田,,,,,,,,游水,,
H123,16/11/2024,快操,沙田,全天候,沙田 全天候,,59.4,59.4,32.7 26.7,,助手,,快操,H,32.7 26.7 (59.4) (助手)
H123,16/11/2024,踱步,沙田,飛機場,沙田 飛機場,,,,,,助手,,踱步,H,飛機場 踱步 (助手)
H123,15/11/2024,游水,沙田,,沙田,,,,,,,,游水,,
H123,15/11/2024,踱步,沙田,內圈,沙田 內圈,,,,,,助手,,快踱一圈,H,內圈 快踱一圈 (助手)
H123,13/11/2024,游水,沙田,,沙田,,,,,,,,游水,,
H123,13/11/2024,踱步,沙田,內圈,沙田 內圈,,,,,,助手,,快踱一圈,H,內圈 快踱一圈 (助手)
H123,12/11/2024,快操,沙田,全天候,沙田 全天候,,57.1,57.1,32.5 24.6,,助手,,快操,H,32.5 24.6 (57.1) (助手)
H123,11/11/2024,踱步,沙田,內圈,沙田 內圈,,,,,,助手,,倒快一圈,H,內圈 倒快一圈 (助手)
H123,10/11/2024,踱步,沙田,內圈,沙田 內圈,,,,,,助手,,快踱一圈,H,內圈 快踱一圈 (助手)
H123,09/11/2024,游水,沙田,,沙田,,,,,,,,游水,,
H123,09/11/2024,踱步,沙田,內圈,沙田 內圈,,,,,,助手,,快踱一圈,H,內圈 快踱一圈 (助手)
H123,08/11/2024,游水,沙田,,沙田,,,,,,,,游水,,
H123,08/11/2024,踱步,沙田,內圈,沙田 內圈,,,,,,助手,,快踱一圈,H,內圈 快踱一圈 (助手)
H123,07/11/2024,游水,沙田,,沙田,,,,,,,,游水,,
H123,07/11/2024,踱步,沙田,飛機場,沙田 飛機場,,,,,,助手,,踱步,H,飛機場 踱步 (助手)
H123,06/11/2024,游水,沙田,,沙田,,,,,,,,游水,,
H123,05/11/2024,游水,沙田,,沙田,,,,,,,,游水,,
H123,04/11/2024,游水,沙田,,沙田,,,,,,,,游水,,
H123,03/11/2024,出賽,沙田,草地,沙田 草地,1200M,,,,,賀銘年,9/12,出賽,PC,1200M (賀銘年) (9/12)
H123,03/11/2024,踱步,沙田,內圈,沙田 內圈,,,,,,副練馬師,,快踱一圈,H,內圈 快踱一圈 (副練馬師)
H123,02/11/2024,游水,沙田,,沙田,,,,,,,,游水,,
H123,02/11/2024,踱步,沙田,內圈,沙田 內圈,,,,,,副練馬師,,快踱一圈,H,內圈 快踱一圈 (副練馬師)
H123,01/11/2024,游水,沙田,,沙田,,,,,,,,游水,,
H123,01/11/2024,踱步,沙田,內圈,沙田 內圈,,,,,,助手,,快踱一圈,H,內圈 快踱一圈 (助手)
H123,31/10/2024,游水,沙田,,沙田,,,,,,,,游水,,
H123,31/10/2024,快操,沙田,全天候,沙田 全天候,,58.9,58.9,33.0 25.9,,助手,,快操,H,33.0 25.9 (58.9) (助手)
H123,31/10/2024,踱步,沙田,飛機場,沙田 飛機場,,,,,,助手,,踱步,H,飛機場 踱步 (助手)
H123,30/10/2024,游水,沙田,,沙田,,,,,,,,游水,,
H123,30/10/2024,踱步,沙田,內圈,沙田 內圈,,,,,,副練馬師,,快踱一圈,H,內圈 快踱一圈 (副練馬師)
H123,29/10/2024,游水,沙田,,沙田,,,,,,,,游水,,
H123,29/10/2024,踱步,沙田,內圈,沙田 內圈,,,,,,助手,,快踱一圈,H,內圈 快踱一圈 (助手)
H123,28/10/2024,游水,沙田,,沙田,,,,,,,,游水,,
H123,28/10/2024,快操,沙田,全天候,沙田 全天候,,56.7,56.7,31.9 24.8,,助手,,快操,H,31.9 24.8 (56.7) (助手)
H123,28/10/2024,踱步,沙田,飛機場,沙田 飛機場,,,,,,助手,,踱步,H,飛機場 踱步 (助手)
H123,27/10/2024,游水,沙田,,沙田,,,,,,,,游水,,
H123,27/10/2024,踱步,沙田,內圈,沙田 內圈,,,,,,助手,,快踱一圈,H,內圈 快踱一圈 (助手)
H123,26/10/2024,游水,沙田,,沙田,,,,,,,,游水,,
H123,26/10/2024,踱步,沙田,內圈,沙田 內圈,,,,,,助手,,快踱一圈,H,內圈 快踱一圈 (助手)
H123,25/10/2024,游水,沙田,,沙田,,,,,,,,游水,,
H123,25/10/2024,踱步,沙田,內圈,沙田 內圈,,,,,,助手,,快踱一圈,H,內圈 快踱一圈 (助手)
H123,24/10/2024,游水,沙田,,沙田,,,,,,,,游水,,
H123,24/10/2024,踱步,沙田,飛機場,沙田 飛機場,,,,,,助手,,踱步,H,飛機場 踱步 (助手)
H123,23/10/2024,游水,沙田,,沙田,,,,,,,,游水,,
H123,22/10/2024,游水,沙田,,沙田,,,,,,,,游水,,
H123,21/10/2024,游水,沙田,,沙田,,,,,,,,游水,,
H123,20/10/2024,出賽,沙田,草地,沙田 草地,1200M,,,,,賀銘年,5/14,出賽,PC,1200M (賀銘年) (5/14)
H123,20/10/2024,踱步,沙田,內圈,沙田 內圈,,,,,,助手,,快踱一圈,H,內圈 快踱一圈 (助手)
H123,19/10/2024,游水,沙田,,沙田,,,,,,,,游水,,
H123,19/10/2024,踱步,沙田,內圈,沙田 內圈,,,,,,副練馬師,,快踱一圈,H,內圈 快踱一圈 (副練馬師)
H123,18/10/2024,游水,沙田,,沙田,,,,,,,,游水,,
H123,18/10/2024,踱步,沙田,內圈,沙田 內圈,,,,,,助手,,快踱一圈,H,內圈 快踱一圈 (助手)
H123,17/10/2024,游水,沙田,,沙田,,,,,,,,游水,,
H123,17/10/2024,快操,沙田,全天候,沙田 全天候,,56.6,56.6,30.8 25.8,,賀銘年,,快操,H,30.8 25.8 (56.6) (賀銘年)
H123,17/10/2024,踱步,沙田,飛機場,沙田 飛機場,,,,,,助手,,踱步,H,飛機場 踱步 (助手)
H123,16/10/2024,游水,沙田,,沙田,,,,,,,,游水,,
H123,16/10/2024,踱步,沙田,內圈,沙田 內圈,,,,,,助手,,快踱一圈,H,內圈 快踱一圈 (助手)
H123,15/10/2024,游水,從化,,從化,,,,,,,,游水,,
H123,15/10/2024,踱步,從化,內圈,從化 內圈,,,,,,助手,,快踱一圈,H,內圈 快踱一圈 (助手)
H123,14/10/2024,游水,從化,,從化,,,,,,,,游水,,
H123,14/10/2024,踱步,從化,內圈,從化 內圈,,,,,,助手,,倒快一圈,H,內圈 倒快一圈 (助手)
H123,13/10/2024,游水,從化,,從化,,,,,,,,游水,,
H123,13/10/2024,踱步,從化,內圈,從化 內圈,,,,,,助手,,快踱一圈,H,內圈 快踱一圈 (助手)
H123,12/10/2024,游水,從化,,從化,,,,,,,,游水,,
H123,12/10/2024,踱步,從化,飛機場,從化 飛機場,,,,,,助手,,踱步,H,飛機場 踱步 (助手)
H123,11/10/2024,游水,從化,,從化,,,,,,,,游水,,
H123,10/10/2024,試閘,從化,草地,從化 草地,1200M,1.11.72,71.72,24.9 23.5 23.3,智智多寶,祖利曼,,第5組,PC,第5組 (祖利曼) 1200M 智智多寶 24.9 23.5 23.3 (1.11.72)
H123,10/10/2024,游水,從化,,從化,,,,,,,,游水,,
H123,10/10/2024,踱步,從化,飛機場,從化 飛機場,,,,,,助手,,踱步,PC,飛機場 踱步 (助手)
H123,09/10/2024,游水,從化,,從化,,,,,,,,游水,,
H123,09/10/2024,踱步,從化,內圈,從化 內圈,,,,,,助手,,快踱一圈,H,內圈 快踱一圈 (助手)
H123,08/10/2024,游水,從化,,從化,,,,,,,,游水,,
H123,08/10/2024,快操,從化,全天候,從化 全天候,,58.4,58.4,31.4 27.0,,助手,,快操,H,31.4 27.0 (58.4) (助手)
H123,08/10/2024,踱步,從化,飛機場,從化 飛機場,,,,,,助手,,踱步,H,飛機場 踱步 (助手)
H123,07/10/2024,游水,從化,,從化,,,,,,,,游水,,
H123,07/10/2024,踱步,從化,內圈,從化 內圈,,,,,,助手,,倒快一圈,H,內圈 倒快一圈 (助手)
H123,06/10/2024,游水,從化,,從化,,,,,,,,游水,,
H123,06/10/2024,踱步,從化,內圈,從化 內圈,,,,,,助手,,快踱一圈,H,內圈 快踱一圈 (助手)
H123,05/10/2024,游水,從化,,從化,,,,,,,,游水,,
H123,05/10/2024,快操,從化,草地,從化 草地,,56.2,56.2,30.2 26.0,,助手,,快操,H,30.2 26.0 (56.2) (助手)
H123,05/10/2024,踱步,從化,飛機場,從化 飛機場,,,,,,助手,,踱步,H,飛機場 踱步 (助手)
H123,04/10/2024,游水,從化,,從化,,,,,,,,游水,,
H123,04/10/2024,踱步,從化,內圈,從化 內圈,,,,,,助手,,快踱一圈,H,內圈 快踱一圈 (助手)
H123,03/10/2024,游水,從化,,從化,,,,,,,,游水,,
H123,03/10/2024,踱步,從化,內圈,從化 內圈,,,,,,助手,,倒快一圈,H,內圈 倒快一圈 (助手)
H123,02/10/2024,游水,從化,,從化,,,,,,,,游水,,
H123,02/10/2024,快操,從化,全天候,從化 全天候,,57.4,57.4,30.1 27.3,,助手,,快操,H,30.1 27.3 (57.4) (助手)
H123,02/10/2024,踱步,從化,飛機場,從化 飛機場,,,,,,助手,,踱步,H,飛機場 踱步 (助手)
H123,01/10/2024,游水,從化,,從化,,,,,,,,游水,,
H123,01/10/2024,踱步,從化,內圈,從化 內圈,,,,,,助手,,快踱一圈,H,內圈 快踱一圈 (助手)
H123,30/09/2024,游水,從化,,從化,,,,,,,,游水,,
H123,30/09/2024,踱步,從化,內圈,從化 內圈,,,,,,助手,,倒快一圈,H,內圈 倒快一圈 (助手)
H123,29/09/2024,游水,從化,,從化,,,,,,,,游水,,
H123,29/09/2024,快操,從化,全天候,從化 全天候,,58.2,58.2,31.2 27.0,,助手,,快操,H,31.2 27.0 (58.2) (助手)
H123,29/09/2024,踱步,從化,飛機場,從化 飛機場,,,,,,助手,,踱步,H,飛機場 踱步 (助手)
H123,28/09/2024,游水,從化,,從化,,,,,,,,游水,,
H123,28/09/2024,踱步,從化,內圈,從化 內圈,,,,,,助手,,快踱一圈,H,內圈 快踱一圈 (助手)
H123,27/09/2024,游水,從化,,從化,,,,,,,,游水,,
H123,27/09/2024,踱步,從化,內圈,從化 內圈,,,,,,助手,,快踱一圈,H,內圈 快踱一圈 (助手)
H123,26/09/2024,游水,從化,,從化,,,,,,,,游水,,
H123,26/09/2024,踱步,從化,內圈,從化 內圈,,,,,,助手,,倒快一圈,H,內圈 倒快一圈 (助手)
H123,25/09/2024,游水,從化,,從化,,,,,,,,游水,,
H123,25/09/2024,快操,從化,全天候,從化 全天候,,57.9,57.9,30.8 27.1,,助手,,快操,H,30.8 27.1 (57.9) (助手)
H123,25/09/2024,踱步,從化,飛機場,從化 飛機場,,,,,,助手,,踱步,H,飛機場 踱步 (助手)
H123,24/09/2024,游水,從化,,從化,,,,,,,,游水,,
H123,24/09/2024,踱步,從化,內圈,從化 內圈,,,,,,助手,,快踱一圈,H,內圈 快踱一圈 (助手)
H123,23/09/2024,游水,從化,,從化,,,,,,,,游水,,
H123,23/09/2024,踱步,從化,內圈,從化 內圈,,,,,,助手,,倒快一圈,H,內圈 倒快一圈 (助手)
H123,22/09/2024,游水,從化,,從化,,,,,,,,游水,,
H123,22/09/2024,踱步,從化,內圈,從化 內圈,,,,,,助手,,快踱一圈,H,內圈 快踱一圈 (助手)
H123,21/09/2024,游水,從化,,從化,,,,,,,,游水,,
H123,21/09/2024,快操,從化,全天候,從化 全天候,,57.3,57.3,30.8 26.5,,助手,,快操,H,30.8 26.5 (57.3) (助手)
H123,21/09/2024,踱步,從化,飛機場,從化 飛機場,,,,,,助手,,踱步,H,飛機場 踱步 (助手)
H123,20/09/2024,游水,從化,,從化,,,,,,,,游水,,
H123,20/09/2024,踱步,從化,內圈,從化 內圈,,,,,,助手,,快踱一圈,H,內圈 快踱一圈 (助手)
H123,19/09/2024,游水,從化,,從化,,,,,,,,游水,,
H123,19/09/2024,踱步,從化,內圈,從化 內圈,,,,,,助手,,倒快一圈,H,內圈 倒快一圈 (助手)
H123,18/09/2024,游水,從化,,從化,,,,,,,,游水,,
H123,18/09/2024,踱步,從化,內圈,從化 內圈,,,,,,助手,,快踱一圈,H,內圈 快踱一圈 (助手)
H123,17/09/2024,游水,從化,,從化,,,,,,,,游水,,
H123,17/09/2024,快操,從化,全天候,從化 全天候,,58.3,58.3,31.1 27.2,,助手,,快操,H,31.1 27.2 (58.3) (助手)
H123,17/09/2024,踱步,從化,飛機場,從化 飛機場,,,,,,助手,,踱步,H,飛機場 踱步 (助手)
H123,16/09/2024,游水,從化,,從化,,,,,,,,游水,,
H123,16/09/2024,踱步,從化,內圈,從化 內圈,,,,,,助手,,倒快一圈,H,內圈 倒快一圈 (助手)
H123,15/09/2024,游水,從化,,從化,,,,,,,,游水,,
H123,15/09/2024,踱步,從化,內圈,從化 內圈,,,,,,助手,,快踱一圈,H,內圈 快踱一圈 (助手)
H123,14/09/2024,游水,從化,,從化,,,,,,,,游水,,
H123,14/09/2024,踱步,從化,內圈,從化 內圈,,,,,,助手,,快踱一圈,H,內圈 快踱一圈 (助手)
H123,13/09/2024,游水,從化,,從化,,,,,,,,游水,,
H123,13/09/2024,快操,從化,全天候,從化 全天候,,59.8,59.8,32.1 27.7,,助手,,快操,H,32.1 27.7 (59.8) (助手)
H123,13/09/2024,踱步,從化,飛機場,從化 飛機場,,,,,,助手,,踱步,H,飛機場 踱步 (助手)
H123,12/09/2024,游水,從化,,從化,,,,,,,,游水,,
H123,12/09/2024,踱步,從化,內圈,從化 內圈,,,,,,助手,,倒快一圈,H,內圈 倒快一圈 (助手)
H123,11/09/2024,游水,從化,,從化,,,,,,,,游水,,
H123,11/09/2024,踱步,從化,內圈,從化 內圈,,,,,,助手,,快踱一圈,H,內圈 快踱一圈 (助手)
H123,10/09/2024,游水,從化,,從化,,,,,,,,游水,,
H123,10/09/2024,踱步,從化,內圈,從化 內圈,,,,,,助手,,快踱一圈,H,內圈 快踱一圈 (助手)
H123,09/09/2024,游水,從化,,從化,,,,,,,,游水,,
H123,09/09/2024,快操,從化,全天候,從化 全天候,,59.8,59.8,31.7 28.1,,助手,,快操,H,31.7 28.1 (59.8) (助手)
H123,09/09/2024,踱步,從化,飛機場,從化 飛機場,,,,,,助手,,踱步,H,飛機場 踱步 (助手)
H123,08/09/2024,游水,從化,,從化,,,,,,,,游水,,
H123,08/09/2024,踱步,從化,內圈,從化 內圈,,,,,,助手,,快踱一圈,H,內圈 快踱一圈 (助手)
H123,07/09/2024,游水,從化,,從化,,,,,,,,游水,,
H123,07/09/2024,踱步,從化,內圈,從化 內圈,,,,,,助手,,快踱一圈,H,內圈 快踱一圈 (助手)
H123,06/09/2024,游水,從化,,從化,,,,,,,,游水,,
H123,06/09/2024,踱步,從化,內圈,從化 內圈,,,,,,助手,,快踱一圈,H,內圈 快踱一圈 (助手)
H123,05/09/2024,游水,從化,,從化,,,,,,,,游水,,
H123,05/09/2024,踱步,從化,內圈,從化 內圈,,,,,,助手,,倒快一圈,H,內圈 倒快一圈 (助手)
H123,04/09/2024,游水,從化,,從化,,,,,,,,游水,,
H123,04/09/2024,踱步,從化,內圈,從化 內圈,,,,,,助手,,快踱一圈,H,內圈 快踱一圈 (助手)
H123,03/09/2024,游水,從化,,從化,,,,,,,,游水,,
H123,03/09/2024,快操,從化,全天候,從化 全天候,,30.7,30.7,30.7,,助手,,快操,H,30.7 (30.7) (助手)
H123,03/09/2024,踱步,從化,飛機場,從化 飛機場,,,,,,助手,,踱步,H,飛機場 踱步 (助手)
H123,02/09/2024,游水,從化,,從化,,,,,,,,游水,,
H123,02/09/2024,踱步,從化,內圈,從化 內圈,,,,,,助手,,倒快一圈,H,內圈 倒快一圈 (助手)
H123,01/09/2024,游水,從化,,從化,,,,,,,,游水,,
H123,01/09/2024,踱步,從化,內圈,從化 內圈,,,,,,助手,,快踱一圈,H,內圈 快踱一圈 (助手)
H123,31/08/2024,游水,從化,,從化,,,,,,,,游水,,
H123,31/08/2024,踱步,從化,內圈,從化 內圈,,,,,,助手,,快踱一圈,H,內圈 快踱一圈 (助手)
H123,30/08/2024,游水,從化,,從化,,,,,,,,游水,,
H123,30/08/2024,踱步,從化,內圈,從化 內圈,,,,,,助手,,快踱一圈,H,內圈 快踱一圈 (助手)
H123,29/08/2024,游水,從化,,從化,,,,,,,,游水,,
H123,29/08/2024,踱步,從化,內圈,從化 內圈,,,,,,助手,,倒快一圈,H,內圈 倒快一圈 (助手)
H123,28/08/2024,游水,從化,,從化,,,,,,,,游水,,
H123,28/08/2024,踱步,從化,內圈,從化 內圈,,,,,,助手,,快踱一圈,H,內圈 快踱一圈 (助手)
H123,27/08/2024,游水,從化,,從化,,,,,,,,游水,,
H123,27/08/2024,快操,從化,全天候,從化 全天候,,31.4,31.4,31.4,,助手,,快操,H,31.4 (31.4) (助手)
H123,27/08/2024,踱步,從化,飛機場,從化 飛機場,,,,,,助手,,踱步,H,飛機場 踱步 (助手)
H123,26/08/2024,游水,從化,,從化,,,,,,,,游水,,
H123,26/08/2024,踱步,從化,內圈,從化 內圈,,,,,,助手,,倒快一圈,H,內圈 倒快一圈 (助手)
H123,25/08/2024,游水,從化,,從化,,,,,,,,游水,,
H123,25/08/2024,踱步,從化,內圈,從化 內圈,,,,,,助手,,快踱一圈,H,內圈 快踱一圈 (助手)
H123,24/08/2024,游水,從化,,從化,,,,,,,,游水,,
H123,24/08/2024,踱步,從化,內圈,從化 內圈,,,,,,助手,,快踱一圈,H,內圈 快踱一圈 (助手)
H123,23/08/2024,游水,從化,,從化,,,,,,,,游水,,
H123,23/08/2024,踱步,從化,內圈,從化 內圈,,,,,,助手,,快踱一圈,H,內圈 快踱一圈 (助手)
H123,22/08/2024,游水,從化,,從化,,,,,,,,游水,,
H123,22/08/2024,踱步,從化,內圈,從化 內圈,,,,,,助手,,倒快一圈,H,內圈 倒快一圈 (助手)
H123,21/08/2024,游水,從化,,從化,,,,,,,,游水,,
H123,21/08/2024,踱步,從化,內圈,從化 內圈,,,,,,助手,,快踱一圈,H,內圈 快踱一圈 (助手)
H123,20/08/2024,游水,從化,,從化,,,,,,,,游水,,
H123,20/08/2024,踱步,從化,內圈,從化 內圈,,,,,,助手,,快踱一圈,H,內圈 快踱一圈 (助手)
H123,19/08/2024,游水,從化,,從化,,,,,,,,游水,,
H123,19/08/2024,踱步,從化,飛機場,從化 飛機場,,,,,,助手,,踱步,H,飛機場 踱步 (助手)
H123,18/08/2024,游水,從化,,從化,,,,,,,,游水,,
H123,18/08/2024,踱步,從化,飛機場,從化 飛機場,,,,,,助手,,踱步,H,飛機場 踱步 (助手)
H123,17/08/2024,游水,從化,,從化,,,,,,,,游水,,
H123,17/08/2024,踱步,從化,飛機場,從化 飛機場,,,,,,助手,,踱步,H,飛機場 踱步 (助手)
H123,16/08/2024,游水,從化,,從化,,,,,,,,游水,,
H123,16/08/2024,踱步,從化,飛機場,從化 飛機場,,,,,,助手,,踱步,H,飛機場 踱步 (助手)
H123,15/08/2024,游水,從化,,從化,,,,,,,,游水,,
H123,15/08/2024,踱步,從化,飛機場,從化 飛機場,,,,,,助手,,踱步,H,飛機場 踱步 (助手)
H123,14/08/2024,游水,從化,,從化,,,,,,,,游水,,
H123,14/08/2024,踱步,從化,飛機場,從化 飛機場,,,,,,助手,,踱步,H,飛機場 踱步 (助手)
H123,13/08/2024,游水,從化,,從化,,,,,,,,游水,,
H123,13/08/2024,踱步,從化,飛機場,從化 飛機場,,,,,,助手,,踱步,H,飛機場 踱步 (助手)
H123,12/08/2024,游水,從化,,從化,,,,,,,,游水,,
H123,12/08/2024,踱步,從化,飛機場,從化 飛機場,,,,,,助手,,踱步,H,飛機場 踱步 (助手)
H123,11/08/2024,游水,從化,,從化,,,,,,,,游水,,
H123,11/08/2024,踱步,從化,飛機場,從化 飛機場,,,,,,助手,,踱步,H,飛機場 踱步 (助手)
H123,10/08/2024,游水,從化,,從化,,,,,,,,游水,,
H123,10/08/2024,踱步,從化,飛機場,從化 飛機場,,,,,,助手,,踱步,H,飛機場 踱步 (助手)
H123,09/08/2024,游水,從化,,從化,,,,,,,,游水,,
H123,09/08/2024,踱步,從化,飛機場,從化 飛機場,,,,,,助手,,踱步,H,飛機場 踱步 (助手)
H123,08/08/2024,游水,從化,,從化,,,,,,,,游水,,
H123,08/08/2024,踱步,從化,飛機場,從化 飛機場,,,,,,助手,,踱步,H,飛機場 踱步 (助手)
H123,07/08/2024,游水,從化,,從化,,,,,,,,游水,,
H123,07/08/2024,踱步,從化,飛機場,從化 飛機場,,,,,,助手,,踱步,H,飛機場 踱步 (助手)
H123,06/08/2024,游水,從化,,從化,,,,,,,,游水,,
H123,06/08/2024,踱步,從化,飛機場,從化 飛機場,,,,,,助手,,踱步,H,飛機場 踱步 (助手)
H123,05/08/2024,游水,從化,,從化,,,,,,,,游水,,
H123,05/08/2024,踱步,從化,飛機場,從化 飛機場,,,,,,助手,,踱步,H,飛機場 踱步 (助手)
H123,04/08/2024,游水,從化,,從化,,,,,,,,游水,,
H123,04/08/2024,踱步,從化,飛機場,從化 飛機場,,,,,,助手,,踱步,H,飛機場 踱步 (助手)
H123,03/08/2024,游水,從化,,從化,,,,,,,,游水,,
H123,03/08/2024,踱步,從化,飛機場,從化 飛機場,,,,,,助手,,踱步,H,飛機場 踱步 (助手)
H123,02/08/2024,游水,從化,,從化,,,,,,,,游水,,
H123,02/08/2024,踱步,從化,飛機場,從化 飛機場,,,,,,助手,,踱步,H,飛機場 踱步 (助手)
H123,01/08/2024,游水,從化,,從化,,,,,,,,游水,,
H123,01/08/2024,踱步,從化,飛機場,從化 飛機場,,,,,,助手,,踱步,H,飛機場 踱步 (助手)
H123,31/07/2024,游水,從化,,從化,,,,,,,,游水,,
H123,31/07/2024,踱步,從化,飛機場,從化 飛機場,,,,,,助手,,踱步,H,飛機場 踱步 (助手)
H123,30/07/2024,游水,從化,,從化,,,,,,,,游水,,
H123,30/07/2024,踱步,從化,飛機場,從化 飛機場,,,,,,助手,,踱步,H,飛機場 踱步 (助手)
H123,29/07/2024,踱步,從化,飛機場,從化 飛機場,,,,,,助手,,踱步,H,飛機場 踱步 (助手)
H123,28/07/2024,踱步,從化,飛機場,從化 飛機場,,,,,,助手,,踱步,H,飛機場 踱步 (助手)
H123,27/07/2024,踱步,從化,飛機場,從化 飛機場,,,,,,助手,,踱步,H,飛機場 踱步 (助手)
H123,26/07/2024,踱步,從化,飛機場,從化 飛機場,,,,,,助手,,踱步,H,飛機場 踱步 (助手)
H123,25/07/2024,踱步,從化,飛機場,從化 飛機場,,,,,,助手,,踱步,H,飛機場 踱步 (助手)
H123,24/07/2024,踱步,從化,飛機場,從化 飛機場,,,,,,助手,,踱步,H,飛機場 踱步 (助手)
H123,11/07/2024,游水,從化,,從化,,,,,,,,游水,,
H123,10/07/2024,游水,從化,,從化,,,,,,,,游水,,
H123,08/07/2024,游水,從化,,從化,,,,,,,,游水,,
H123,07/07/2024,游水,從化,,從化,,,,,,,,游水,,
H123,06/07/2024,游水,從化,,從化,,,,,,,,游水,,
H123,05/07/2024,游水,從化,,從化,,,,,,,,游水,,
H123,04/07/2024,游水,從化,,從化,,,,,,,,游水,,
H123,03/07/2024,游水,從化,,從化,,,,,,,,游水,,
H123,02/07/2024,游水,從化,,從化,,,,,,,,游水,,
H123,30/06/2024,游水,沙田,,沙田,,,,,,,,游水,,
H123,29/06/2024,游水,沙田,,沙田,,,,,,,,游水,,
H123,28/06/2024,游水,沙田,,沙田,,,,,,,,游水,,
H123,27/06/2024,游水,沙田,,沙田,,,,,,,,游水,,
H123,26/06/2024,游水,沙田,,沙田,,,,,,,,游水,,
H123,25/06/2024,游水,沙田,,沙田,,,,,,,,游水,,
H123,24/06/2024,游水,沙田,,沙田,,,,,,,,游水,,
H123,23/06/2024,出賽,沙田,草地,沙田 草地,1200M,,,,,潘頓,3/14,出賽,PC,1200M (潘頓) (3/14)
H123,23/06/2024,踱步,沙田,內圈,沙田 內圈,,,,,,助手,,快踱一圈,H,內圈 快踱一圈 (助手)
H123,22/06/2024,游水,沙田,,沙田,,,,,,,,游水,,
H123,22/06/2024,踱步,沙田,內圈,沙田 內圈,,,,,,助手,,快踱一圈,H,內圈 快踱一圈 (助手)
H123,21/06/2024,游水,沙田,,沙田,,,,,,,,游水,,
H123,21/06/2024,踱步,沙田,內圈,沙田 內圈,,,,,,助手,,快踱一圈,H,內圈 快踱一圈 (助手)
H123,20/06/2024,游水,沙田,,沙田,,,,,,,,游水,,
H123,20/06/2024,踱步,沙田,飛機場,沙田 飛機場,,,,,,助手,,踱步,H,飛機場 踱步 (助手)
H123,19/06/2024,游水,沙田,,沙田,,,,,,,,游水,,
H123,18/06/2024,踱步,從化,飛機場,從化 飛機場,,,,,,助手,,踱步,H,飛機場 踱步 (助手)
H123,17/06/2024,游水,從化,,從化,,,,,,,,游水,,
H123,17/06/2024,快操,從化,全天候,從化 全天候,,58.5,58.5,31.8 26.7,,助手,,快操,H,31.8 26.7 (58.5) (助手)
H123,17/06/2024,踱步,從化,飛機場,從化 飛機場,,,,,,助手,,踱步,H,飛機場 踱步 (助手)
H123,16/06/2024,游水,從化,,從化,,,,,,,,游水,,
H123,16/06/2024,踱步,從化,內圈,從化 內圈,,,,,,助手,,快踱一圈,H,內圈 快踱一圈 (助手)
H123,15/06/2024,游水,從化,,從化,,,,,,,,游水,,
H123,15/06/2024,踱步,從化,內圈,從化 內圈,,,,,,助手,,快踱一圈,H,內圈 快踱一圈 (助手)
H123,14/06/2024,游水,從化,,從化,,,,,,,,游水,,
H123,14/06/2024,快操,從化,全天候,從化 全天候,,58.8,58.8,32.1 26.7,,助手,,快操,H,32.1 26.7 (58.8) (助手)
H123,14/06/2024,踱步,從化,飛機場,從化 飛機場,,,,,,助手,,踱步,H,飛機場 踱步 (助手)
H123,13/06/2024,游水,從化,,從化,,,,,,,,游水,,
H123,13/06/2024,踱步,從化,內圈,從化 內圈,,,,,,助手,,倒快一圈,H,內圈 倒快一圈 (助手)
H123,12/06/2024,游水,從化,,從化,,,,,,,,游水,,
H123,12/06/2024,踱步,從化,內圈,從化 內圈,,,,,,助手,,快踱一圈,H,內圈 快踱一圈 (助手)
H123,11/06/2024,游水,從化,,從化,,,,,,,,游水,,
H123,11/06/2024,快操,從化,全天候,從化 全天候,,58.4,58.4,31.7 26.7,,助手,,快操,H,31.7 26.7 (58.4) (助手)
H123,11/06/2024,踱步,從化,飛機場,從化 飛機場,,,,,,助手,,踱步,H,飛機場 踱步 (助手)
H123,10/06/2024,游水,從化,,從化,,,,,,,,游水,,
H123,10/06/2024,踱步,從化,內圈,從化 內圈,,,,,,助手,,倒快一圈,H,內圈 倒快一圈 (助手)
H123,09/06/2024,游水,從化,,從化,,,,,,,,游水,,
H123,09/06/2024,踱步,從化,內圈,從化 內圈,,,,,,助手,,快踱一圈,H,內圈 快踱一圈 (助手)
H123,08/06/2024,游水,從化,,從化,,,,,,,,游水,,
H123,08/06/2024,踱步,從化,內圈,從化 內圈,,,,,,助手,,快踱一圈,H,內圈 快踱一圈 (助手)
H123,07/06/2024,游水,從化,,從化,,,,,,,,游水,,
H123,07/06/2024,快操,從化,全天候,從化 全天候,,59.1,59.1,32.1 27.0,,助手,,快操,H,32.1 27.0 (59.1) (助手)
H123,07/06/2024,踱步,從化,飛機場,從化 飛機場,,,,,,助手,,踱步,H,飛機場 踱步 (助手)
H123,06/06/2024,游水,從化,,從化,,,,,,,,游水,,
H123,06/06/2024,踱步,從化,內圈,從化 內圈,,,,,,助手,,倒快一圈,H,內圈 倒快一圈 (助手)
H123,05/06/2024,游水,從化,,從化,,,,,,,,游水,,
H123,05/06/2024,踱步,從化,內圈,從化 內圈,,,,,,助手,,快踱一圈,H,內圈 快踱一圈 (助手)
H123,04/06/2024,游水,從化,,從化,,,,,,,,游水,,
H123,04/06/2024,踱步,從化,內圈,從化 內圈,,,,,,助手,,快踱一圈,H,內圈 快踱一圈 (助手)
H123,03/06/2024,游水,從化,,從化,,,,,,,,游水,,
H123,03/06/2024,快操,從化,全天候,從化 全天候,,58.1,58.1,31.6 26.5,,助手,,快操,H,31.6 26.5 (58.1) (助手)
H123,03/06/2024,踱步,從化,飛機場,從化 飛機場,,,,,,助手,,踱步,H,飛機場 踱步 (助手)
H123,02/06/2024,游水,從化,,從化,,,,,,,,游水,,
H123,02/06/2024,踱步,從化,內圈,從化 內圈,,,,,,助手,,快踱一圈,H,內圈 快踱一圈 (助手)
H123,01/06/2024,游水,從化,,從化,,,,,,,,游水,,
H123,01/06/2024,踱步,從化,內圈,從化 內圈,,,,,,助手,,快踱一圈,H,內圈 快踱一圈 (助手)
H123,31/05/2024,踱步,沙田,內圈,沙田 內圈,,,,,,助手,,快踱一圈,H,內圈 快踱一圈 (助手)
H123,30/05/2024,游水,沙田,,沙田,,,,,,,,游水,,
H123,30/05/2024,踱步,沙田,飛機場,沙田 飛機場,,,,,,助手,,踱步,H,飛機場 踱步 (助手)
H123,29/05/2024,游水,沙田,,沙田,,,,,,,,游水,,
H123,28/05/2024,游水,沙田,,沙田,,,,,,,,游水,,
H123,27/05/2024,游水,沙田,,沙田,,,,,,,,游水,,
H123,26/05/2024,出賽,沙田,草地,沙田 草地,1200M,,,,,賀銘年,4/14,出賽,PC,1200M (賀銘年) (4/14)
H123,26/05/2024,踱步,沙田,內圈,沙田 內圈,,,,,,助手,,快踱一圈,H,內圈 快踱一圈 (助手)
H123,25/05/2024,游水,沙田,,沙田,,,,,,,,游水,,
H123,25/05/2024,踱步,沙田,內圈,沙田 內圈,,,,,,助手,,快踱一圈,H,內圈 快踱一圈 (助手)
H123,24/05/2024,游水,沙田,,沙田,,,,,,,,游水,,
H123,24/05/2024,踱步,沙田,內圈,沙田 內圈,,,,,,助手,,快踱一圈,H,內圈 快踱一圈 (助手)
H123,23/05/2024,游水,沙田,,沙田,,,,,,,,游水,,
H123,23/05/2024,快操,沙田,全天候,沙田 全天候,,57.9,57.9,30.8 27.1,,副練馬師,,快操,H,30.8 27.1 (57.9) (副練馬師)
H123,23/05/2024,踱步,沙田,飛機場,沙田 飛機場,,,,,,副練馬師,,踱步,H,飛機場 踱步 (副練馬師)
H123,22/05/2024,游水,沙田,,沙田,,,,,,,,游水,,
H123,22/05/2024,踱步,沙田,內圈,沙田 內圈,,,,,,助手,,快踱一圈,H,內圈 快踱一圈 (助手)
H123,21/05/2024,游水,沙田,,沙田,,,,,,,,游水,,
H123,21/05/2024,踱步,沙田,內圈,沙田 內圈,,,,,,助手,,快踱一圈,H,內圈 快踱一圈 (助手)
H123,20/05/2024,游水,沙田,,沙田,,,,,,,,游水,,
H123,20/05/2024,快操,沙田,全天候,沙田 全天候,,58.5,58.5,32.5 26.0,,助手,,快操,H,32.5 26.0 (58.5) (助手)
H123,20/05/2024,踱步,沙田,飛機場,沙田 飛機場,,,,,,助手,,踱步,H,飛機場 踱步 (助手)
H123,19/05/2024,游水,沙田,,沙田,,,,,,,,游水,,
H123,19/05/2024,踱步,沙田,內圈,沙田 內圈,,,,,,助手,,快踱一圈,H,內圈 快踱一圈 (助手)
H123,18/05/2024,游水,沙田,,沙田,,,,,,,,游水,,
H123,18/05/2024,踱步,沙田,內圈,沙田 內圈,,,,,,助手,,快踱一圈,H,內圈 快踱一圈 (助手)
H123,17/05/2024,游水,沙田,,沙田,,,,,,,,游水,,
H123,17/05/2024,踱步,沙田,內圈,沙田 內圈,,,,,,助手,,快踱一圈,H,內圈 快踱一圈 (助手)
H123,16/05/2024,游水,沙田,,沙田,,,,,,,,游水,,
H123,16/05/2024,踱步,沙田,內圈,沙田 內圈,,,,,,助手,,倒快一圈,H,內圈 倒快一圈 (助手)
H123,15/05/2024,游水,沙田,,沙田,,,,,,,,游水,,
H123,15/05/2024,踱步,沙田,飛機場,沙田 飛機場,,,,,,助手,,踱步,H,飛機場 踱步 (助手)
H123,14/05/2024,游水,沙田,,沙田,,,,,,,,游水,,
H123,13/05/2024,游水,沙田,,沙田,,,,,,,,游水,,
H123,12/05/2024,游水,沙田,,沙田,,,,,,,,游水,,
H123,11/05/2024,出賽,沙田,草地,沙田 草地,1200M,,,,,賀銘年,6/12,出賽,PC,1200M (賀銘年) (6/12)
H123,11/05/2024,踱步,沙田,內圈,沙田 內圈,,,,,,助手,,快踱一圈,H,內圈 快踱一圈 (助手)
H123,10/05/2024,游水,沙田,,沙田,,,,,,,,游水,,
H123,10/05/2024,踱步,沙田,內圈,沙田 內圈,,,,,,助手,,快踱一圈,H,內圈 快踱一圈 (助手)
H123,09/05/2024,游水,沙田,,沙田,,,,,,,,游水,,
H123,09/05/2024,踱步,沙田,內圈,沙田 內圈,,,,,,助手,,倒快一圈,H,內圈 倒快一圈 (助手)
H123,08/05/2024,游水,沙田,,沙田,,,,,,,,游水,,
H123,08/05/2024,快操,沙田,全天候,沙田 全天候,,57.7,57.7,31.9 25.8,,副練馬師,,快操,H,31.9 25.8 (57.7) (副練馬師)
H123,08/05/2024,踱步,沙田,飛機場,沙田 飛機場,,,,,,副練馬師,,踱步,H,飛機場 踱步 (副練馬師)
H123,07/05/2024,游水,沙田,,沙田,,,,,,,,游水,,
H123,06/05/2024,踱步,從化,內圈,從化 內圈,,,,,,助手,,倒快一圈,H,內圈 倒快一圈 (助手)
H123,05/05/2024,游水,從化,,從化,,,,,,,,游水,,
H123,05/05/2024,快操,從化,全天候,從化 全天候,,59.3,59.3,32.7 26.6,,助手,,快操,H,32.7 26.6 (59.3) (助手)
H123,05/05/2024,踱步,從化,飛機場,從化 飛機場,,,,,,助手,,踱步,H,飛機場 踱步 (助手)
H123,04/05/2024,游水,從化,,從化,,,,,,,,游水,,
H123,04/05/2024,踱步,從化,內圈,從化 內圈,,,,,,助手,,快踱一圈,H,內圈 快踱一圈 (助手)
H123,03/05/2024,游水,從化,,從化,,,,,,,,游水,,
H123,03/05/2024,踱步,從化,內圈,從化 內圈,,,,,,助手,,快踱一圈,H,內圈 快踱一圈 (助手)
H123,02/05/2024,游水,從化,,從化,,,,,,,,游水,,
H123,02/05/2024,快操,從化,全天候,從化 全天候,,58.3,58.3,31.9 26.4,,助手,,快操,H,31.9 26.4 (58.3) (助手)
H123,02/05/2024,踱步,從化,飛機場,從化 飛機場,,,,,,助手,,踱步,H,飛機場 踱步 (助手)
H123,01/05/2024,游水,從化,,從化,,,,,,,,游水,,
H123,01/05/2024,踱步,從化,內圈,從化 內圈,,,,,,助手,,快踱一圈,H,內圈 快踱一圈 (助手)
H123,30/04/2024,游水,從化,,從化,,,,,,,,游水,,
H123,30/04/2024,踱步,從化,內圈,從化 內圈,,,,,,助手,,快踱一圈,H,內圈 快踱一圈 (助手)
H123,29/04/2024,游水,從化,,從化,,,,,,,,游水,,
H123,29/04/2024,快操,從化,全天候,從化 全天候,,58.2,58.2,32.0 26.2,,助手,,快操,H,32.0 26.2 (58.2) (助手)
H123,29/04/2024,踱步,從化,飛機場,從化 飛機場,,,,,,助手,,踱步,H,飛機場 踱步 (助手)
H123,28/04/2024,游水,從化,,從化,,,,,,,,游水,,
H123,28/04/2024,踱步,從化,內圈,從化 內圈,,,,,,助手,,快踱一圈,H,內圈 快踱一圈 (助手)
H123,27/04/2024,游水,從化,,從化,,,,,,,,游水,,
H123,27/04/2024,踱步,從化,內圈,從化 內圈,,,,,,助手,,快踱一圈,H,內圈 快踱一圈 (助手)
H123,26/04/2024,踱步,沙田,內圈,沙田 內圈,,,,,,助手,,快踱一圈,H,內圈 快踱一圈 (助手)
H123,25/04/2024,游水,沙田,,沙田,,,,,,,,游水,,
H123,25/04/2024,踱步,沙田,內圈,沙田 內圈,,,,,,助手,,倒快一圈,H,內圈 倒快一圈 (助手)
H123,24/04/2024,游水,沙田,,沙田,,,,,,,,游水,,
H123,24/04/2024,踱步,沙田,飛機場,沙田 飛機場,,,,,,助手,,踱步,H,飛機場 踱步 (助手)
H123,23/04/2024,游水,沙田,,沙田,,,,,,,,游水,,
H123,22/04/2024,游水,沙田,,沙田,,,,,,,,游水,,
H123,21/04/2024,游水,沙田,,沙田,,,,,,,,游水,,
H123,20/04/2024,出賽,沙田,草地,沙田 草地,1400M,,,,,田泰安,7/14,出賽,PC,1400M (田泰安) (7/14)
H123,20/04/2024,踱步,沙田,內圈,沙田 內圈,,,,,,助手,,快踱一圈,H,內圈 快踱一圈 (助手)
H123,19/04/2024,游水,沙田,,沙田,,,,,,,,游水,,
H123,19/04/2024,踱步,沙田,內圈,沙田 內圈,,,,,,助手,,快踱一圈,H,內圈 快踱一圈 (助手)
H123,18/04/2024,游水,沙田,,沙田,,,,,,,,游水,,
H123,18/04/2024,快操,沙田,全天候,沙田 全天候,,57.5,57.5,30.5 27.0,,副練馬師,,快操,H,30.5 27.0 (57.5) (副練馬師)
H123,17/04/2024,游水,沙田,,沙田,,,,,,,,游水,,
H123,17/04/2024,踱步,沙田,內圈,沙田 內圈,,,,,,助手,,快踱一圈,H,內圈 快踱一圈 (助手)
H123,16/04/2024,游水,沙田,,沙田,,,,,,,,游水,,
H123,16/04/2024,踱步,沙田,內圈,沙田 內圈,,,,,,助手,,快踱一圈,H,內圈 快踱一圈 (助手)
H123,15/04/2024,游水,沙田,,沙田,,,,,,,,游水,,
H123,15/04/2024,快操,沙田,全天候,沙田 全天候,,58.7,58.7,31.4 27.3,,副練馬師,,快操,H,31.4 27.3 (58.7) (副練馬師)
H123,15/04/2024,踱步,沙田,飛機場,沙田 飛機場,,,,,,副練馬師,,踱步,H,飛機場 踱步 (副練馬師)
H123,14/04/2024,游水,沙田,,沙田,,,,,,,,游水,,
H123,14/04/2024,踱步,沙田,內圈,沙田 內圈,,,,,,助手,,快踱一圈,H,內圈 快踱一圈 (助手)
H123,13/04/2024,踱步,從化,內圈,從化 內圈,,,,,,助手,,快踱一圈,H,內圈 快踱一圈 (助手)
H123,12/04/2024,游水,從化,,從化,,,,,,,,游水,,
H123,12/04/2024,快操,從化,全天候,從化 全天候,,57.3,57.3,32.3 25.0,,助手,,快操,H,32.3 25.0 (57.3) (助手)
H123,12/04/2024,踱步,從化,飛機場,從化 飛機場,,,,,,助手,,踱步,H,飛機場 踱步 (助手)
H123,11/04/2024,游水,從化,,從化,,,,,,,,游水,,
H123,11/04/2024,踱步,從化,內圈,從化 內圈,,,,,,助手,,倒快一圈,H,內圈 倒快一圈 (助手)
H123,10/04/2024,游水,從化,,從化,,,,,,,,游水,,
H123,10/04/2024,踱步,從化,內圈,從化 內圈,,,,,,助手,,快踱一圈,H,內圈 快踱一圈 (助手)
H123,09/04/2024,游水,從化,,從化,,,,,,,,游水,,
H123,09/04/2024,快操,從化,全天候,從化 全天候,,58.6,58.6,32.0 26.6,,助手,,快操,H,32.0 26.6 (58.6) (助手)
H123,09/04/2024,踱步,從化,飛機場,從化 飛機場,,,,,,助手,,踱步,H,飛機場 踱步 (助手)
H123,08/04/2024,游水,從化,,從化,,,,,,,,游水,,
H123,08/04/2024,踱步,從化,內圈,從化 內圈,,,,,,助手,,倒快一圈,H,內圈 倒快一圈 (助手)
H123,07/04/2024,游水,從化,,從化,,,,,,,,游水,,
H123,07/04/2024,踱步,從化,內圈,從化 內圈,,,,,,助手,,快踱一圈,H,內圈 快踱一圈 (助手)
H123,06/04/2024,游水,從化,,從化,,,,,,,,游水,,
H123,06/04/2024,踱步,從化,內圈,從化 內圈,,,,,,助手,,快踱一圈,H,內圈 快踱一圈 (助手)
H123,05/04/2024,踱步,沙田,內圈,沙田 內圈,,,,,,助手,,快踱一圈,H,內圈 快踱一圈 (助手)
H123,04/04/2024,游水,沙田,,沙田,,,,,,,,游水,,
H123,04/04/2024,踱步,沙田,飛機場,沙田 飛機場,,,,,,助手,,踱步,H,飛機場 踱步 (助手)
H123,03/04/2024,游水,沙田,,沙田,,,,,,,,游水,,
H123,02/04/2024,游水,沙田,,沙田,,,,,,,,游水,,
H123,01/04/2024,游水,沙田,,沙田,,,,,,,,游水,,
H123,31/03/2024,出賽,沙田,草地,沙田 草地,1400M,,,,,田泰安,2/12,出賽,PC,1400M (田泰安) (2/12)
H123,31/03/2024,踱步,沙田,內圈,沙田 內圈,,,,,,助手,,快踱一圈,H,內圈 快踱一圈 (助手)
H123,30/03/2024,游水,沙田,,沙田,,,,,,,,游水,,
H123,30/03/2024,踱步,沙田,內圈,沙田 內圈,,,,,,副練馬師,,快踱一圈,H,內圈 快踱一圈 (副練馬師)
H123,29/03/2024,游水,沙田,,沙田,,,,,,,,游水,,
H123,29/03/2024,踱步,沙田,內圈,沙田 內圈,,,,,,助手,,快踱一圈,H,內圈 快踱一圈 (助手)
H123,28/03/2024,游水,沙田,,沙田,,,,,,,,游水,,
H123,28/03/2024,快操,沙田,全天候,沙田 全天候,,1.00.5,60.5,32.7 27.8,,田泰安,,快操,H,32.7 27.8 (1.00.5) (田泰安)
H123,28/03/2024,踱步,沙田,飛機場,沙田 飛機場,,,,,,助手,,踱步,H,飛機場 踱步 (助手)
H123,27/03/2024,游水,沙田,,沙田,,,,,,,,游水,,
H123,27/03/2024,踱步,沙田,內圈,沙田 內圈,,,,,,助手,,快踱一圈,H,內圈 快踱一圈 (助手)
H123,26/03/2024,游水,沙田,,沙田,,,,,,,,游水,,
H123,26/03/2024,踱步,沙田,內圈,沙田 內圈,,,,,,助手,,快踱一圈,H,內圈 快踱一圈 (助手)
H123,25/03/2024,游水,沙田,,沙田,,,,,,,,游水,,
H123,25/03/2024,快操,沙田,全天候,沙田 全天候,,58.3,58.3,32.1 26.2,,助手,,快操,H,32.1 26.2 (58.3) (助手)
H123,25/03/2024,踱步,沙田,飛機場,沙田 飛機場,,,,,,助手,,踱步,H,飛機場 踱步 (助手)
H123,24/03/2024,游水,沙田,,沙田,,,,,,,,游水,,
H123,24/03/2024,踱步,沙田,內圈,沙田 內圈,,,,,,助手,,快踱一圈,H,內圈 快踱一圈 (助手)
H123,23/03/2024,游水,沙田,,沙田,,,,,,,,游水,,
H123,22/03/2024,游水,沙田,,沙田,,,,,,,,游水,,
H123,22/03/2024,踱步,沙田,內圈,沙田 內圈,,,,,,助手,,快踱一圈,H,內圈 快踱一圈 (助手)
H123,21/03/2024,游水,沙田,,沙田,,,,,,,,游水,,
H123,21/03/2024,踱步,沙田,內圈,沙田 內圈,,,,,,助手,,倒快一圈,H,內圈 倒快一圈 (助手)
H123,20/03/2024,游水,沙田,,沙田,,,,,,,,游水,,
H123,20/03/2024,踱步,沙田,飛機場,沙田 飛機場,,,,,,助手,,踱步,H,飛機場 踱步 (助手)
H123,19/03/2024,游水,沙田,,沙田,,,,,,,,游水,,
H123,18/03/2024,游水,沙田,,沙田,,,,,,,,游水,,
H123,17/03/2024,游水,沙田,,沙田,,,,,,,,游水,,
H123,16/03/2024,出賽,沙田,草地,沙田 草地,1200M,,,,,賀銘年,3/12,出賽,PC,1200M (賀銘年) (3/12)
H123,16/03/2024,踱步,沙田,內圈,沙田 內圈,,,,,,助手,,快踱一圈,H,內圈 快踱一圈 (助手)
H123,15/03/2024,游水,沙田,,沙田,,,,,,,,游水,,
H123,15/03/2024,踱步,沙田,內圈,沙田 內圈,,,,,,助手,,快踱一圈,H,內圈 快踱一圈 (助手)
H123,14/03/2024,游水,沙田,,沙田,,,,,,,,游水,,
H123,14/03/2024,快操,沙田,全天候,沙田 全天候,,56.5,56.5,30.5 26.0,,賀銘年,,快操,H,30.5 26.0 (56.5) (賀銘年)
H123,14/03/2024,踱步,沙田,飛機場,沙田 飛機場,,,,,,助手,,踱步,H,飛機場 踱步 (助手)
H123,13/03/2024,游水,沙田,,沙田,,,,,,,,游水,,
H123,13/03/2024,踱步,沙田,內圈,沙田 內圈,,,,,,助手,,快踱一圈,H,內圈 快踱一圈 (助手)
H123,12/03/2024,踱步,從化,內圈,從化 內圈,,,,,,助手,,快踱一圈,H,內圈 快踱一圈 (助手)
H123,11/03/2024,游水,從化,,從化,,,,,,,,游水,,
H123,11/03/2024,踱步,從化,內圈,從化 內圈,,,,,,助手,,倒快一圈,H,內圈 倒快一圈 (助手)
H123,10/03/2024,游水,從化,,從化,,,,,,,,游水,,
H123,10/03/2024,快操,從化,全天候,從化 全天候,,57.9,57.9,32.4 25.5,,助手,,揚揚大道,H,32.4 25.5 (57.9) (助手) 揚揚大道
H123,10/03/2024,踱步,從化,飛機場,從化 飛機場,,,,,,助手,,踱步,H,飛機場 踱步 (助手)
H123,09/03/2024,游水,從化,,從化,,,,,,,,游水,,
H123,09/03/2024,踱步,從化,內圈,從化 內圈,,,,,,助手,,快踱一圈,H,內圈 快踱一圈 (助手)
H123,08/03/2024,游水,從化,,從化,,,,,,,,游水,,
H123,08/03/2024,踱步,從化,內圈,從化 內圈,,,,,,助手,,快踱一圈,H,內圈 快踱一圈 (助手)
H123,07/03/2024,游水,從化,,從化,,,,,,,,游水,,
H123,07/03/2024,踱步,從化,內圈,從化 內圈,,,,,,助手,,倒快一圈,H,內圈 倒快一圈 (助手)
H123,06/03/2024,游水,從化,,從化,,,,,,,,游水,,
H123,06/03/2024,快操,從化,全天候,從化 全天候,,57.3,57.3,31.8 25.5,,助手,,快操,H,31.8 25.5 (57.3) (助手)
H123,06/03/2024,踱步,從化,飛機場,從化 飛機場,,,,,,助手,,踱步,H,飛機場 踱步 (助手)
H123,05/03/2024,游水,從化,,從化,,,,,,,,游水,,
H123,05/03/2024,踱步,從化,內圈,從化 內圈,,,,,,助手,,快踱一圈,H,內圈 快踱一圈 (助手)
H123,04/03/2024,游水,從化,,從化,,,,,,,,游水,,
H123,04/03/2024,踱步,從化,內圈,從化 內圈,,,,,,助手,,倒快一圈,H,內圈 倒快一圈 (助手)
H123,03/03/2024,游水,從化,,從化,,,,,,,,游水,,
H123,03/03/2024,踱步,從化,內圈,從化 內圈,,,,,,助手,,快踱一圈,H,內圈 快踱一圈 (助手)
H123,02/03/2024,游水,從化,,從化,,,,,,,,游水,,
H123,02/03/2024,踱步,從化,內圈,從化 內圈,,,,,,助手,,快踱一圈,H,內圈 快踱一圈 (助手)
H123,01/03/2024,踱步,沙田,內圈,沙田 內圈,,,,,,助手,,快踱一圈,H,內圈 快踱一圈 (助手)
H123,29/02/2024,游水,沙田,,沙田,,,,,,,,游水,,
H123,28/02/2024,游水,沙田,,沙田,,,,,,,,游水,,
H123,27/02/2024,游水,沙田,,沙田,,,,,,,,游水,,
H123,26/02/2024,游水,沙田,,沙田,,,,,,,,游水,,
H123,25/02/2024,出賽,沙田,草地,沙田 草地,1200M,,,,,賀銘年,2/14,出賽,PC,1200M (賀銘年) (2/14)
H123,25/02/2024,踱步,沙田,內圈,沙田 內圈,,,,,,助手,,快踱一圈,H,內圈 快踱一圈 (助手)
H123,24/02/2024,游水,沙田,,沙田,,,,,,,,游水,,
H123,24/02/2024,踱步,沙田,內圈,沙田 內圈,,,,,,助手,,快踱一圈,H,內圈 快踱一圈 (助手)
H123,23/02/2024,游水,沙田,,沙田,,,,,,,,游水,,
H123,23/02/2024,踱步,沙田,內圈,沙田 內圈,,,,,,助手,,快踱一圈,,內圈 快踱一圈 (助手)
H123,22/02/2024,游水,沙田,,沙田,,,,,,,,游水,,
H123,22/02/2024,快操,沙田,全天候,沙田 全天候,,58.2,58.2,31.9 26.3,,副練馬師,,快操,H,31.9 26.3 (58.2) (副練馬師)
H123,22/02/2024,踱步,沙田,飛機場,沙田 飛機場,,,,,,副練馬師,,踱步,H,飛機場 踱步 (副練馬師)
H123,21/02/2024,游水,沙田,,沙田,,,,,,,,游水,,
H123,21/02/2024,踱步,沙田,內圈,沙田 內圈,,,,,,助手,,快踱一圈,H,內圈 快踱一圈 (助手)
H123,20/02/2024,踱步,從化,內圈,從化 內圈,,,,,,助手,,快踱一圈,H,內圈 快踱一圈 (助手)
H123,19/02/2024,游水,從化,,從化,,,,,,,,游水,,
H123,19/02/2024,快操,從化,全天候,從化 全天候,,57.6,57.6,29.5 28.1,,助手,,快操,H,29.5 28.1 (57.6) (助手)
H123,19/02/2024,踱步,從化,飛機場,從化 飛機場,,,,,,助手,,踱步,H,飛機場 踱步 (助手)
H123,18/02/2024,游水,從化,,從化,,,,,,,,游水,,
H123,18/02/2024,踱步,從化,內圈,從化 內圈,,,,,,助手,,快踱一圈,H,內圈 快踱一圈 (助手)
H123,17/02/2024,游水,從化,,從化,,,,,,,,游水,,
H123,17/02/2024,踱步,從化,內圈,從化 內圈,,,,,,助手,,快踱一圈,H,內圈 快踱一圈 (助手)
H123,16/02/2024,游水,從化,,從化,,,,,,,,游水,,
H123,16/02/2024,快操,從化,全天候,從化 全天候,,58.5,58.5,32.5 26.0,,助手,,快操,H,32.5 26.0 (58.5) (助手)
H123,16/02/2024,踱步,從化,飛機場,從化 飛機場,,,,,,助手,,踱步,H,飛機場 踱步 (助手)
H123,15/02/2024,游水,從化,,從化,,,,,,,,游水,,
H123,15/02/2024,踱步,從化,內圈,從化 內圈,,,,,,助手,,倒快一圈,H,內圈 倒快一圈 (助手)
H123,14/02/2024,游水,從化,,從化,,,,,,,,游水,,
H123,14/02/2024,踱步,從化,內圈,從化 內圈,,,,,,助手,,快踱一圈,H,內圈 快踱一圈 (助手)
H123,13/02/2024,游水,從化,,從化,,,,,,,,游水,,
H123,13/02/2024,快操,從化,全天候,從化 全天候,,57.9,57.9,31.4 26.5,,助手,,快操,H,31.4 26.5 (57.9) (助手)
H123,13/02/2024,踱步,從化,飛機場,從化 飛機場,,,,,,助手,,踱步,H,飛機場 踱步 (助手)
H123,12/02/2024,游水,從化,,從化,,,,,,,,游水,,
H123,12/02/2024,踱步,從化,內圈,從化 內圈,,,,,,助手,,倒快一圈,H,內圈 倒快一圈 (助手)
H123,11/02/2024,游水,從化,,從化,,,,,,,,游水,,
H123,11/02/2024,踱步,從化,內圈,從化 內圈,,,,,,助手,,快踱一圈,H,內圈 快踱一圈 (助手)
H123,09/02/2024,快操,從化,全天候,從化 全天候,,59.4,59.4,33.4 26.0,,助手,,快操,H,33.4 26.0 (59.4) (助手)
H123,09/02/2024,踱步,從化,飛機場,從化 飛機場,,,,,,助手,,踱步,H,飛機場 踱步 (助手)
H123,08/02/2024,踱步,從化,內圈,從化 內圈,,,,,,助手,,倒快一圈,H,內圈 倒快一圈 (助手)
H123,07/02/2024,踱步,從化,內圈,從化 內圈,,,,,,助手,,快踱一圈,H,內圈 快踱一圈 (助手)
H123,06/02/2024,游水,從化,,從化,,,,,,,,游水,,
H123,06/02/2024,踱步,從化,內圈,從化 內圈,,,,,,助手,,快踱一圈,H,內圈 快踱一圈 (助手)
H123,05/02/2024,游水,從化,,從化,,,,,,,,游水,,
H123,05/02/2024,快操,從化,全天候,從化 全天候,,59.5,59.5,32.2 27.3,,助手,,快操,H,32.2 27.3 (59.5) (助手)
H123,05/02/2024,踱步,從化,飛機場,從化 飛機場,,,,,,助手,,踱步,H,飛機場 踱步 (助手)
H123,04/02/2024,游水,從化,,從化,,,,,,,,游水,,
H123,04/02/2024,踱步,從化,內圈,從化 內圈,,,,,,助手,,快踱一圈,H,內圈 快踱一圈 (助手)
H123,03/02/2024,游水,從化,,從化,,,,,,,,游水,,
H123,03/02/2024,踱步,從化,內圈,從化 內圈,,,,,,助手,,快踱一圈,H,內圈 快踱一圈 (助手)
H123,02/02/2024,踱步,沙田,內圈,沙田 內圈,,,,,,助手,,快踱一圈,H,內圈 快踱一圈 (助手)
H123,01/02/2024,游水,沙田,,沙田,,,,,,,,游水,,
H123,01/02/2024,踱步,沙田,飛機場,沙田 飛機場,,,,,,助手,,踱步,H,飛機場 踱步 (助手)
H123,31/01/2024,游水,沙田,,沙田,,,,,,,,游水,,
H123,30/01/2024,游水,沙田,,沙田,,,,,,,,游水,,
H123,29/01/2024,游水,沙田,,沙田,,,,,,,,游水,,
H123,28/01/2024,出賽,沙田,草地,沙田 草地,1600M,,,,,賀銘年,6/14,出賽,PC,1600M (賀銘年) (6/14)
H123,28/01/2024,踱步,沙田,內圈,沙田 內圈,,,,,,助手,,快踱一圈,H,內圈 快踱一圈 (助手)
H123,27/01/2024,游水,沙田,,沙田,,,,,,,,游水,,
H123,27/01/2024,踱步,沙田,內圈,沙田 內圈,,,,,,助手,,快踱一圈,H,內圈 快踱一圈 (助手)
H123,26/01/2024,游水,沙田,,沙田,,,,,,,,游水,,
H123,26/01/2024,踱步,沙田,內圈,沙田 內圈,,,,,,助手,,快踱一圈,H,內圈 快踱一圈 (助手)
H123,25/01/2024,游水,沙田,,沙田,,,,,,,,游水,,
H123,25/01/2024,快操,沙田,全天候,沙田 全天候,,55.9,55.9,29.3 26.6,,賀銘年,,快操,B,29.3 26.6 (55.9) (賀銘年)
H123,25/01/2024,踱步,沙田,飛機場,沙田 飛機場,,,,,,副練馬師,,踱步,H,飛機場 踱步 (副練馬師)
H123,24/01/2024,游水,沙田,,沙田,,,,,,,,游水,,
H123,24/01/2024,踱步,沙田,內圈,沙田 內圈,,,,,,助手,,快踱一圈,H,內圈 快踱一圈 (助手)
H123,23/01/2024,踱步,沙田,內圈,沙田 內圈,,,,,,助手,,快踱一圈,H,內圈 快踱一圈 (助手)
H123,22/01/2024,游水,沙田,,沙田,,,,,,,,游水,,
H123,22/01/2024,快操,沙田,全天候,沙田 全天候,,57.8,57.8,31.6 26.2,,副練馬師,,快操,H,31.6 26.2 (57.8) (副練馬師)
H123,22/01/2024,踱步,沙田,飛機場,沙田 飛機場,,,,,,副練馬師,,踱步,H,飛機場 踱步 (副練馬師)
H123,21/01/2024,游水,沙田,,沙田,,,,,,,,游水,,
H123,21/01/2024,踱步,沙田,內圈,沙田 內圈,,,,,,助手,,快踱一圈,H,內圈 快踱一圈 (助手)
H123,20/01/2024,游水,沙田,,沙田,,,,,,,,游水,,
H123,20/01/2024,踱步,沙田,內圈,沙田 內圈,,,,,,助手,,快踱一圈,H,內圈 快踱一圈 (助手)
H123,19/01/2024,游水,沙田,,沙田,,,,,,,,游水,,
H123,19/01/2024,踱步,沙田,內圈,沙田 內圈,,,,,,助手,,快踱一圈,H,內圈 快踱一圈 (助手)
H123,18/01/2024,游水,沙田,,沙田,,,,,,,,游水,,
H123,18/01/2024,踱步,沙田,內圈,沙田 內圈,,,,,,助手,,倒快一圈,H,內圈 倒快一圈 (助手)
H123,17/01/2024,游水,沙田,,沙田,,,,,,,,游水,,
H123,17/01/2024,踱步,沙田,飛機場,沙田 飛機場,,,,,,助手,,踱步,H,飛機場 踱步 (助手)
H123,16/01/2024,游水,沙田,,沙田,,,,,,,,游水,,
H123,15/01/2024,游水,沙田,,沙田,,,,,,,,游水,,
H123,14/01/2024,游水,沙田,,沙田,,,,,,,,游水,,
H123,13/01/2024,出賽,沙田,草地,沙田 草地,1600M,,,,,鍾易禮,6/14,出賽,B-/PC1,1600M (鍾易禮) (6/14)
H123,13/01/2024,踱步,沙田,內圈,沙田 內圈,,,,,,助手,,快踱一圈,H,內圈 快踱一圈 (助手)
H123,12/01/2024,游水,沙田,,沙田,,,,,,,,游水,,
H123,12/01/2024,踱步,沙田,內圈,沙田 內圈,,,,,,助手,,快踱一圈,H,內圈 快踱一圈 (助手)
H123,11/01/2024,游水,沙田,,沙田,,,,,,,,游水,,
H123,11/01/2024,踱步,沙田,內圈,沙田 內圈,,,,,,助手,,倒快一圈,H,內圈 倒快一圈 (助手)
H123,10/01/2024,游水,沙田,,沙田,,,,,,,,游水,,
H123,10/01/2024,踱步,沙田,內圈,沙田 內圈,,,,,,助手,,快踱一圈,H,內圈 快踱一圈 (助手)
H123,09/01/2024,游水,沙田,,沙田,,,,,,,,游水,,
H123,09/01/2024,踱步,沙田,飛機場,沙田 飛機場,,,,,,助手,,踱步,H,飛機場 踱步 (助手)
H123,08/01/2024,游水,沙田,,沙田,,,,,,,,游水,,
H123,08/01/2024,踱步,沙田,內圈,沙田 內圈,,,,,,助手,,倒快一圈,H,內圈 倒快一圈 (助手)
H123,07/01/2024,游水,沙田,,沙田,,,,,,,,游水,,
H123,07/01/2024,快操,沙田,全天候,沙田 全天候,,57.8,57.8,31.4 26.4,,助手,,快操,H,31.4 26.4 (57.8) (助手)
H123,06/01/2024,游水,沙田,,沙田,,,,,,,,游水,,
H123,06/01/2024,踱步,沙田,內圈,沙田 內圈,,,,,,助手,,快踱一圈,H,內圈 快踱一圈 (助手)
H123,05/01/2024,游水,沙田,,沙田,,,,,,,,游水,,
H123,05/01/2024,踱步,沙田,內圈,沙田 內圈,,,,,,助手,,快踱一圈,H,內圈 快踱一圈 (助手)
H123,04/01/2024,游水,沙田,,沙田,,,,,,,,游水,,
H123,04/01/2024,踱步,沙田,內圈,沙田 內圈,,,,,,助手,,倒快一圈,H,內圈 倒快一圈 (助手)
H123,03/01/2024,游水,沙田,,沙田,,,,,,,,游水,,
H123,03/01/2024,快操,沙田,全天候,沙田 全天候,,55.3,55.3,30.8 24.5,,副練馬師,,快操,PH,30.8 24.5 (55.3) (副練馬師) (伴跳馬)
H123,03/01/2024,踱步,沙田,飛機場,沙田 飛機場,,,,,,副練馬師,,踱步,B,飛機場 踱步 (副練馬師)
H123,02/01/2024,踱步,沙田,內圈,沙田 內圈,,,,,,助手,,快踱一圈,H,內圈 快踱一圈 (助手)
H123,01/01/2024,踱步,沙田,內圈,沙田 內圈,,,,,,助手,,倒快一圈,H,內圈 倒快一圈 (助手)
H123,31/12/2023,游水,沙田,,沙田,,,,,,,,游水,,
H123,31/12/2023,踱步,沙田,內圈,沙田 內圈,,,,,,助手,,快踱一圈,H,內圈 快踱一圈 (助手)
H123,30/12/2023,游水,沙田,,沙田,,,,,,,,游水,,
H123,30/12/2023,快操,沙田,全天候,沙田 全天候,,57.5,57.5,31.6 25.9,,副練馬師,,快操,P,31.6 25.9 (57.5) (副練馬師)
H123,30/12/2023,踱步,沙田,飛機場,沙田 飛機場,,,,,,副練馬師,,踱步,H,飛機場 踱步 (副練馬師)
H123,29/12/2023,游水,沙田,,沙田,,,,,,,,游水,,
H123,29/12/2023,踱步,沙田,內圈,沙田 內圈,,,,,,助手,,快踱一圈,H,內圈 快踱一圈 (助手)
H123,28/12/2023,游水,沙田,,沙田,,,,,,,,游水,,
H123,28/12/2023,踱步,沙田,內圈,沙田 內圈,,,,,,助手,,倒快一圈,H,內圈 倒快一圈 (助手)
H123,27/12/2023,游水,沙田,,沙田,,,,,,,,游水,,
H123,27/12/2023,踱步,沙田,內圈,沙田 內圈,,,,,,助手,,快踱一圈,H,內圈 快踱一圈 (助手)
H123,26/12/2023,游水,沙田,,沙田,,,,,,,,游水,,
H123,26/12/2023,快操,沙田,全天候,沙田 全天候,,57.9,57.9,31.0 26.9,,助手,,快操,H,31.0 26.9 (57.9) (助手)
H123,26/12/2023,踱步,沙田,飛機場,沙田 飛機場,,,,,,助手,,踱步,H,飛機場 踱步 (助手)
H123,25/12/2023,游水,沙田,,沙田,,,,,,,,游水,,
H123,25/12/2023,踱步,沙田,內圈,沙田 內圈,,,,,,助手,,倒快一圈,H,內圈 倒快一圈 (助手)
H123,24/12/2023,游水,沙田,,沙田,,,,,,,,游水,,
H123,24/12/2023,踱步,沙田,內圈,沙田 內圈,,,,,,助手,,快踱一圈,H,內圈 快踱一圈 (助手)
H123,23/12/2023,踱步,沙田,內圈,沙田 內圈,,,,,,助手,,快踱一圈,H,內圈 快踱一圈 (助手)
H123,22/12/2023,踱步,沙田,內圈,沙田 內圈,,,,,,助手,,快踱一圈,H,內圈 快踱一圈 (助手)
H123,21/12/2023,踱步,沙田,飛機場,沙田 飛機場,,,,,,助手,,踱步,H,飛機場 踱步 (助手)
H123,20/12/2023,游水,沙田,,沙田,,,,,,,,游水,,
H123,19/12/2023,游水,沙田,,沙田,,,,,,,,游水,,
H123,18/12/2023,游水,沙田,,沙田,,,,,,,,游水,,
H123,17/12/2023,出賽,沙田,草地,沙田 草地,1600M,,,,,艾道拿,6/14,出賽,B,1600M (艾道拿) (6/14)
H123,17/12/2023,踱步,沙田,內圈,沙田 內圈,,,,,,助手,,快踱一圈,H,內圈 快踱一圈 (助手)
H123,16/12/2023,游水,沙田,,沙田,,,,,,,,游水,,
H123,16/12/2023,踱步,沙田,內圈,沙田 內圈,,,,,,助手,,快踱一圈,H,內圈 快踱一圈 (助手)
H123,15/12/2023,游水,沙田,,沙田,,,,,,,,游水,,
H123,15/12/2023,踱步,沙田,內圈,沙田 內圈,,,,,,助手,,快踱一圈,H,內圈 快踱一圈 (助手)
H123,14/12/2023,游水,沙田,,沙田,,,,,,,,游水,,
H123,14/12/2023,快操,沙田,全天候,沙田 全天候,,56.9,56.9,30.5 26.4,,艾道拿,,快操,B,30.5 26.4 (56.9) (艾道拿)
H123,14/12/2023,踱步,沙田,飛機場,沙田 飛機場,,,,,,副練馬師,,踱步,B,飛機場 踱步 (副練馬師)
H123,13/12/2023,游水,沙田,,沙田,,,,,,,,游水,,
H123,13/12/2023,踱步,沙田,內圈,沙田 內圈,,,,,,助手,,快踱一圈,H,內圈 快踱一圈 (助手)
H123,12/12/2023,踱步,從化,內圈,從化 內圈,,,,,,助手,,快踱一圈,H,內圈 快踱一圈 (助手)
H123,11/12/2023,游水,從化,,從化,,,,,,,,游水,,
H123,11/12/2023,快操,從化,全天候,從化 全天候,,57.7,57.7,31.5 26.2,,助手,,快操,H,31.5 26.2 (57.7) (助手)
H123,11/12/2023,踱步,從化,飛機場,從化 飛機場,,,,,,助手,,踱步,H,飛機場 踱步 (助手)
H123,10/12/2023,游水,從化,,從化,,,,,,,,游水,,
H123,10/12/2023,踱步,從化,內圈,從化 內圈,,,,,,助手,,快踱一圈,H,內圈 快踱一圈 (助手)
H123,09/12/2023,游水,從化,,從化,,,,,,,,游水,,
H123,09/12/2023,踱步,從化,內圈,從化 內圈,,,,,,助手,,快踱一圈,H,內圈 快踱一圈 (助手)
H123,08/12/2023,游水,從化,,從化,,,,,,,,游水,,
H123,08/12/2023,踱步,從化,內圈,從化 內圈,,,,,,助手,,快踱一圈,H,內圈 快踱一圈 (助手)
H123,07/12/2023,游水,從化,,從化,,,,,,,,游水,,
H123,07/12/2023,踱步,從化,內圈,從化 內圈,,,,,,助手,,倒快一圈,H,內圈 倒快一圈 (助手)
H123,06/12/2023,游水,從化,,從化,,,,,,,,游水,,
H123,06/12/2023,踱步,從化,飛機場,從化 飛機場,,,,,,助手,,踱步,H,飛機場 踱步 (助手)
H123,05/12/2023,游水,從化,,從化,,,,,,,,游水,,
H123,04/12/2023,試閘,從化,草地,從化 草地,1600M,1.38.51,98.51,26.5 23.0 24.2 24.8,特別美麗,祖利曼,,第3組,B,第3組 (祖利曼) 1600M 特別美麗 26.5 23.0 24.2 24.8 (1.38.51)
H123,04/12/2023,游水,從化,,從化,,,,,,,,游水,,
H123,04/12/2023,踱步,從化,飛機場,從化 飛機場,,,,,,助手,,踱步,B,飛機場 踱步 (助手)
H123,03/12/2023,游水,從化,,從化,,,,,,,,游水,,
H123,03/12/2023,踱步,從化,內圈,從化 內圈,,,,,,助手,,快踱一圈,H,內圈 快踱一圈 (助手)
H123,02/12/2023,游水,從化,,從化,,,,,,,,游水,,
H123,02/12/2023,踱步,從化,內圈,從化 內圈,,,,,,助手,,快踱一圈,H,內圈 快踱一圈 (助手)
H123,01/12/2023,游水,從化,,從化,,,,,,,,游水,,
H123,01/12/2023,快操,從化,全天候,從化 全天候,,58.0,58.0,32.5 25.5,,助手,,快操,H,32.5 25.5 (58.0) (助手)
H123,01/12/2023,踱步,從化,飛機場,從化 飛機場,,,,,,助手,,踱步,H,飛機場 踱步 (助手)
H123,30/11/2023,游水,從化,,從化,,,,,,,,游水,,
H123,30/11/2023,踱步,從化,內圈,從化 內圈,,,,,,助手,,倒快一圈,H,內圈 倒快一圈 (助手)
H123,29/11/2023,游水,從化,,從化,,,,,,,,游水,,
H123,29/11/2023,踱步,從化,內圈,從化 內圈,,,,,,助手,,快踱一圈,H,內圈 快踱一圈 (助手)
H123,28/11/2023,游水,從化,,從化,,,,,,,,游水,,
H123,28/11/2023,快操,從化,全天候,從化 全天候,,58.2,58.2,31.6 26.6,,助手,,大眾開心,H,31.6 26.6 (58.2) (助手) 大眾開心
H123,28/11/2023,踱步,從化,飛機場,從化 飛機場,,,,,,助手,,踱步,H,飛機場 踱步 (助手)
H123,27/11/2023,游水,從化,,從化,,,,,,,,游水,,
H123,27/11/2023,踱步,從化,內圈,從化 內圈,,,,,,助手,,倒快一圈,H,內圈 倒快一圈 (助手)
H123,26/11/2023,游水,從化,,從化,,,,,,,,游水,,
H123,26/11/2023,踱步,從化,內圈,從化 內圈,,,,,,助手,,快踱一圈,H,內圈 快踱一圈 (助手)
H123,25/11/2023,游水,從化,,從化,,,,,,,,游水,,
H123,25/11/2023,快操,從化,全天候,從化 全天候,,57.3,57.3,30.7 26.6,,助手,,快操,H,30.7 26.6 (57.3) (助手)
H123,25/11/2023,踱步,從化,飛機場,從化 飛機場,,,,,,助手,,踱步,H,飛機場 踱步 (助手)
H123,24/11/2023,游水,從化,,從化,,,,,,,,游水,,
H123,24/11/2023,踱步,從化,內圈,從化 內圈,,,,,,助手,,快踱一圈,H,內圈 快踱一圈 (助手)
H123,23/11/2023,游水,從化,,從化,,,,,,,,游水,,
H123,23/11/2023,踱步,從化,內圈,從化 內圈,,,,,,助手,,倒快一圈,H,內圈 倒快一圈 (助手)
H123,22/11/2023,游水,從化,,從化,,,,,,,,游水,,
H123,22/11/2023,踱步,從化,內圈,從化 內圈,,,,,,助手,,快踱一圈,H,內圈 快踱一圈 (助手)
H123,21/11/2023,游水,從化,,從化,,,,,,,,游水,,
H123,21/11/2023,快操,從化,全天候,從化 全天候,,58.5,58.5,31.6 26.9,,助手,,快操,H,31.6 26.9 (58.5) (助手)
H123,21/11/2023,踱步,從化,飛機場,從化 飛機場,,,,,,助手,,踱步,H,飛機場 踱步 (助手)
H123,20/11/2023,游水,從化,,從化,,,,,,,,游水,,
H123,20/11/2023,踱步,從化,內圈,從化 內圈,,,,,,助手,,倒快一圈,H,內圈 倒快一圈 (助手)
H123,19/11/2023,游水,從化,,從化,,,,,,,,游水,,
H123,19/11/2023,踱步,從化,內圈,從化 內圈,,,,,,助手,,快踱一圈,H,內圈 快踱一圈 (助手)
H123,18/11/2023,游水,從化,,從化,,,,,,,,游水,,
H123,18/11/2023,踱步,從化,內圈,從化 內圈,,,,,,助手,,快踱一圈,H,內圈 快踱一圈 (助手)
H123,17/11/2023,游水,從化,,從化,,,,,,,,游水,,
H123,17/11/2023,快操,從化,全天候,從化 全天候,,57.4,57.4,32.1 25.3,,助手,,快操,H,32.1 25.3 (57.4) (助手)
H123,17/11/2023,踱步,從化,飛機場,從化 飛機場,,,,,,助手,,踱步,H,飛機場 踱步 (助手)
H123,16/11/2023,游水,從化,,從化,,,,,,,,游水,,
H123,16/11/2023,踱步,從化,內圈,從化 內圈,,,,,,助手,,倒快一圈,H,內圈 倒快一圈 (助手)
H123,15/11/2023,游水,從化,,從化,,,,,,,,游水,,
H123,15/11/2023,踱步,從化,內圈,從化 內圈,,,,,,助手,,快踱一圈,H,內圈 快踱一圈 (助手)
H123,14/11/2023,游水,從化,,從化,,,,,,,,游水,,
H123,14/11/2023,踱步,從化,內圈,從化 內圈,,,,,,助手,,快踱一圈,H,內圈 快踱一圈 (助手)
H123,13/11/2023,踱步,沙田,內圈,沙田 內圈,,,,,,助手,,倒快一圈,H,內圈 倒快一圈 (助手)
H123,08/11/2023,出賽,跑馬地,草地,跑馬地 草地,1800M,,,,,艾兆禮,12/12,出賽,V-/B2,1800M (艾兆禮) (12/12)
H123,08/11/2023,踱步,沙田,內圈,沙田 內圈,,,,,,助手,,快踱一圈,H,內圈 快踱一圈 (助手)
H123,07/11/2023,游水,沙田,,沙田,,,,,,,,游水,,
H123,07/11/2023,踱步,沙田,內圈,沙田 內圈,,,,,,助手,,快踱一圈,H,內圈 快踱一圈 (助手)
H123,06/11/2023,游水,沙田,,沙田,,,,,,,,游水,,
H123,06/11/2023,快操,沙田,全天候,沙田 全天候,,55.5,55.5,30.1 25.4,,艾兆禮,,快操,H,30.1 25.4 (55.5) (艾兆禮)
H123,06/11/2023,踱步,沙田,飛機場,沙田 飛機場,,,,,,副練馬師,,踱步,H,飛機場 踱步 (副練馬師)
H123,05/11/2023,游水,沙田,,沙田,,,,,,,,游水,,
H123,05/11/2023,踱步,沙田,內圈,沙田 內圈,,,,,,助手,,快踱一圈,H,內圈 快踱一圈 (助手)
H123,04/11/2023,游水,沙田,,沙田,,,,,,,,游水,,
H123,04/11/2023,踱步,沙田,內圈,沙田 內圈,,,,,,副練馬師,,快踱一圈,H,內圈 快踱一圈 (副練馬師)
H123,03/11/2023,游水,沙田,,沙田,,,,,,,,游水,,
H123,03/11/2023,快操,沙田,全天候,沙田 全天候,,59.0,59.0,32.8 26.2,,副練馬師,,開心高球,H,32.8 26.2 (59.0) (副練馬師) 開心高球
H123,03/11/2023,踱步,沙田,飛機場,沙田 飛機場,,,,,,副練馬師,,踱步,H,飛機場 踱步 (副練馬師)
H123,02/11/2023,游水,沙田,,沙田,,,,,,,,游水,,
H123,02/11/2023,踱步,沙田,內圈,沙田 內圈,,,,,,助手,,倒快一圈,H,內圈 倒快一圈 (助手)
H123,01/11/2023,游水,沙田,,沙田,,,,,,,,游水,,
H123,01/11/2023,踱步,沙田,內圈,沙田 內圈,,,,,,助手,,快踱一圈,H,內圈 快踱一圈 (助手)
H123,31/10/2023,游水,沙田,,沙田,,,,,,,,游水,,
H123,31/10/2023,踱步,沙田,內圈,沙田 內圈,,,,,,助手,,快踱一圈,H,內圈 快踱一圈 (助手)
H123,30/10/2023,游水,沙田,,沙田,,,,,,,,游水,,
H123,30/10/2023,踱步,沙田,內圈,沙田 內圈,,,,,,助手,,倒快一圈,H,內圈 倒快一圈 (助手)
H123,29/10/2023,游水,沙田,,沙田,,,,,,,,游水,,
H123,29/10/2023,踱步,沙田,飛機場,沙田 飛機場,,,,,,助手,,踱步,H,飛機場 踱步 (助手)
H123,28/10/2023,游水,沙田,,沙田,,,,,,,,游水,,
H123,27/10/2023,游水,沙田,,沙田,,,,,,,,游水,,
H123,25/10/2023,出賽,沙田,全天候,沙田 全天候,1650M,,,,,蔡明紹,11/14,出賽,V,1650M (蔡明紹) (11/14)
H123,25/10/2023,踱步,沙田,內圈,沙田 內圈,,,,,,副練馬師,,快踱一圈,H,內圈 快踱一圈 (副練馬師)
H123,24/10/2023,游水,沙田,,沙田,,,,,,,,游水,,
H123,24/10/2023,踱步,沙田,內圈,沙田 內圈,,,,,,助手,,快踱一圈,H,內圈 快踱一圈 (助手)
H123,23/10/2023,游水,沙田,,沙田,,,,,,,,游水,,
H123,23/10/2023,踱步,沙田,內圈,沙田 內圈,,,,,,助手,,倒快一圈,H,內圈 倒快一圈 (助手)
H123,22/10/2023,游水,沙田,,沙田,,,,,,,,游水,,
H123,22/10/2023,快操,沙田,全天候,沙田 全天候,,57.1,57.1,31.6 25.5,,助手,,快操,H,31.6 25.5 (57.1) (助手)
H123,22/10/2023,踱步,沙田,飛機場,沙田 飛機場,,,,,,助手,,踱步,H,飛機場 踱步 (助手)
H123,21/10/2023,游水,沙田,,沙田,,,,,,,,游水,,
H123,21/10/2023,踱步,沙田,內圈,沙田 內圈,,,,,,助手,,快踱一圈,H,內圈 快踱一圈 (助手)
H123,20/10/2023,游水,沙田,,沙田,,,,,,,,游水,,
H123,20/10/2023,踱步,沙田,內圈,沙田 內圈,,,,,,助手,,快踱一圈,H,內圈 快踱一圈 (助手)
H123,19/10/2023,游水,沙田,,沙田,,,,,,,,游水,,
H123,19/10/2023,快操,沙田,全天候,沙田 全天候,,58.7,58.7,32.8 25.9,,副練馬師,,快操,H,32.8 25.9 (58.7) (副練馬師)
H123,19/10/2023,踱步,沙田,飛機場,沙田 飛機場,,,,,,副練馬師,,踱步,H,飛機場 踱步 (副練馬師)
H123,18/10/2023,游水,沙田,,沙田,,,,,,,,游水,,
H123,18/10/2023,踱步,沙田,內圈,沙田 內圈,,,,,,助手,,快踱一圈,H,內圈 快踱一圈 (助手)
H123,17/10/2023,游水,沙田,,沙田,,,,,,,,游水,,
H123,17/10/2023,踱步,沙田,內圈,沙田 內圈,,,,,,助手,,快踱一圈,H,內圈 快踱一圈 (助手)
H123,16/10/2023,游水,沙田,,沙田,,,,,,,,游水,,
H123,16/10/2023,踱步,沙田,內圈,沙田 內圈,,,,,,助手,,倒快一圈,H,內圈 倒快一圈 (助手)
H123,15/10/2023,游水,沙田,,沙田,,,,,,,,游水,,
H123,15/10/2023,踱步,沙田,內圈,沙田 內圈,,,,,,助手,,快踱一圈,H,內圈 快踱一圈 (助手)
H123,14/10/2023,游水,沙田,,沙田,,,,,,,,游水,,
H123,14/10/2023,踱步,沙田,飛機場,沙田 飛機場,,,,,,助手,,踱步,H,飛機場 踱步 (助手)
H123,13/10/2023,游水,沙田,,沙田,,,,,,,,游水,,
H123,12/10/2023,試閘,沙田,全天候,沙田 全天候,1200M,1.10.39,70.39,24.4 23.1 22.8,火鑽,蔡明紹,,第2組,V,第2組 (蔡明紹) 1200M 火鑽 24.4 23.1 22.8 (1.10.39)
H123,12/10/2023,游水,沙田,,沙田,,,,,,,,游水,,
H123,11/10/2023,游水,沙田,,沙田,,,,,,,,游水,,
H123,11/10/2023,踱步,沙田,內圈,沙田 內圈,,,,,,助手,,快踱一圈,H,內圈 快踱一圈 (助手)
H123,10/10/2023,游水,沙田,,沙田,,,,,,,,游水,,
H123,10/10/2023,快操,沙田,全天候,沙田 全天候,,58.3,58.3,31.2 27.1,,副練馬師,,快操,H,31.2 27.1 (58.3) (副練馬師)
H123,10/10/2023,踱步,沙田,飛機場,沙田 飛機場,,,,,,副練馬師,,踱步,H,飛機場 踱步 (副練馬師)
H123,08/10/2023,游水,沙田,,沙田,,,,,,,,游水,,
H123,08/10/2023,踱步,沙田,內圈,沙田 內圈,,,,,,助手,,快踱一圈,H,內圈 快踱一圈 (助手)
H123,07/10/2023,游水,沙田,,沙田,,,,,,,,游水,,
H123,07/10/2023,踱步,沙田,內圈,沙田 內圈,,,,,,助手,,快踱一圈,H,內圈 快踱一圈 (助手)
H123,06/10/2023,游水,沙田,,沙田,,,,,,,,游水,,
H123,06/10/2023,快操,沙田,全天候,沙田 全天候,,57.7,57.7,32.7 25.0,,副練馬師,,快操,H,32.7 25.0 (57.7) (副練馬師)
H123,06/10/2023,踱步,沙田,飛機場,沙田 飛機場,,,,,,副練馬師,,踱步,H,飛機場 踱步 (副練馬師)
H123,05/10/2023,游水,沙田,,沙田,,,,,,,,游水,,
H123,05/10/2023,踱步,沙田,內圈,沙田 內圈,,,,,,助手,,倒快一圈,H,內圈 倒快一圈 (助手)
H123,04/10/2023,游水,沙田,,沙田,,,,,,,,游水,,
H123,04/10/2023,踱步,沙田,內圈,沙田 內圈,,,,,,助手,,快踱一圈,H,內圈 快踱一圈 (助手)
H123,03/10/2023,游水,沙田,,沙田,,,,,,,,游水,,
H123,03/10/2023,踱步,沙田,內圈,沙田 內圈,,,,,,助手,,快踱一圈,H,內圈 快踱一圈 (助手)
H123,02/10/2023,游水,沙田,,沙田,,,,,,,,游水,,
H123,02/10/2023,快操,沙田,全天候,沙田 全天候,,59.1,59.1,33.3 25.8,,副練馬師,,快操,H,33.3 25.8 (59.1) (副練馬師)
H123,02/10/2023,踱步,沙田,飛機場,沙田 飛機場,,,,,,副練馬師,,踱步,H,飛機場 踱步 (副練馬師)
H123,01/10/2023,游水,沙田,,沙田,,,,,,,,游水,,
H123,01/10/2023,踱步,沙田,內圈,沙田 內圈,,,,,,副練馬師,,快踱一圈,H,內圈 快踱一圈 (副練馬師)
H123,30/09/2023,游水,沙田,,沙田,,,,,,,,游水,,
H123,30/09/2023,踱步,沙田,內圈,沙田 內圈,,,,,,助手,,快踱一圈,H,內圈 快踱一圈 (助手)
H123,29/09/2023,游水,沙田,,沙田,,,,,,,,游水,,
H123,29/09/2023,踱步,沙田,內圈,沙田 內圈,,,,,,副練馬師,,快踱一圈,H,內圈 快踱一圈 (副練馬師)
H123,28/09/2023,游水,沙田,,沙田,,,,,,,,游水,,
H123,28/09/2023,踱步,沙田,飛機場,沙田 飛機場,,,,,,助手,,踱步,H,飛機場 踱步 (助手)
H123,27/09/2023,游水,沙田,,沙田,,,,,,,,游水,,
H123,26/09/2023,游水,沙田,,沙田,,,,,,,,游水,,
H123,25/09/2023,游水,沙田,,沙田,,,,,,,,游水,,
H123,24/09/2023,出賽,沙田,草地,沙田 草地,1400M,,,,,蔡明紹,9/10,出賽,B-/V1,1400M (蔡明紹) (9/10)
H123,24/09/2023,踱步,沙田,內圈,沙田 內圈,,,,,,助手,,快踱一圈,H,內圈 快踱一圈 (助手)
H123,23/09/2023,游水,沙田,,沙田,,,,,,,,游水,,
H123,23/09/2023,踱步,沙田,內圈,沙田 內圈,,,,,,助手,,快踱一圈,H,內圈 快踱一圈 (助手)
H123,22/09/2023,游水,沙田,,沙田,,,,,,,,游水,,
H123,22/09/2023,踱步,沙田,內圈,沙田 內圈,,,,,,助手,,快踱一圈,H,內圈 快踱一圈 (助手)
H123,21/09/2023,游水,沙田,,沙田,,,,,,,,游水,,
H123,21/09/2023,快操,沙田,全天候,沙田 全天候,,58.5,58.5,33.7 24.8,,副練馬師,,快操,H,33.7 24.8 (58.5) (副練馬師)
H123,21/09/2023,踱步,沙田,飛機場,沙田 飛機場,,,,,,助手,,踱步,H,飛機場 踱步 (助手)
H123,20/09/2023,游水,沙田,,沙田,,,,,,,,游水,,
H123,19/09/2023,游水,沙田,,沙田,,,,,,,,游水,,
H123,19/09/2023,踱步,沙田,內圈,沙田 內圈,,,,,,助手,,快踱一圈,H,內圈 快踱一圈 (助手)
H123,18/09/2023,游水,沙田,,沙田,,,,,,,,游水,,
H123,18/09/2023,快操,沙田,全天候,沙田 全天候,,58.3,58.3,31.8 26.5,,助手,,快操,H,31.8 26.5 (58.3) (助手)
H123,18/09/2023,踱步,沙田,飛機場,沙田 飛機場,,,,,,助手,,踱步,H,飛機場 踱步 (助手)
H123,17/09/2023,游水,沙田,,沙田,,,,,,,,游水,,
H123,17/09/2023,踱步,沙田,內圈,沙田 內圈,,,,,,助手,,快踱一圈,H,內圈 快踱一圈 (助手)
H123,16/09/2023,游水,沙田,,沙田,,,,,,,,游水,,
H123,16/09/2023,踱步,沙田,內圈,沙田 內圈,,,,,,助手,,快踱一圈,H,內圈 快踱一圈 (助手)
H123,15/09/2023,游水,沙田,,沙田,,,,,,,,游水,,
H123,15/09/2023,踱步,沙田,內圈,沙田 內圈,,,,,,助手,,快踱一圈,H,內圈 快踱一圈 (助手)
H123,14/09/2023,游水,沙田,,沙田,,,,,,,,游水,,
H123,13/09/2023,游水,沙田,,沙田,,,,,,,,游水,,
H123,12/09/2023,試閘,沙田,全天候,沙田 全天候,1200M,1.11.12,71.12,25.0 22.9 23.2,駿馬快車,蔡明紹,,第2組,V,第2組 (蔡明紹) 1200M 駿馬快車 25.0 22.9 23.2 (1.11.12)
H123,12/09/2023,游水,沙田,,沙田,,,,,,,,游水,,
H123,11/09/2023,游水,沙田,,沙田,,,,,,,,游水,,
H123,11/09/2023,踱步,沙田,內圈,沙田 內圈,,,,,,助手,,倒快一圈,H,內圈 倒快一圈 (助手)
H123,10/09/2023,游水,沙田,,沙田,,,,,,,,游水,,
H123,10/09/2023,踱步,沙田,內圈,沙田 內圈,,,,,,助手,,快踱一圈,H,內圈 快踱一圈 (助手)
H123,09/09/2023,游水,沙田,,沙田,,,,,,,,游水,,
H123,09/09/2023,快操,沙田,全天候,沙田 全天候,,54.8,54.8,30.5 24.3,,助手,,快操,H,30.5 24.3 (54.8) (助手)
H123,09/09/2023,踱步,沙田,飛機場,沙田 飛機場,,,,,,副練馬師,,踱步,B,飛機場 踱步 (副練馬師)
H123,07/09/2023,游水,沙田,,沙田,,,,,,,,游水,,
H123,07/09/2023,踱步,沙田,內圈,沙田 內圈,,,,,,助手,,倒快一圈,H,內圈 倒快一圈 (助手)
H123,06/09/2023,游水,沙田,,沙田,,,,,,,,游水,,
H123,06/09/2023,踱步,沙田,內圈,沙田 內圈,,,,,,助手,,快踱一圈,H,內圈 快踱一圈 (助手)
H123,05/09/2023,游水,沙田,,沙田,,,,,,,,游水,,
H123,05/09/2023,踱步,沙田,內圈,沙田 內圈,,,,,,助手,,快踱一圈,H,內圈 快踱一圈 (助手)
H123,04/09/2023,游水,沙田,,沙田,,,,,,,,游水,,
H123,04/09/2023,快操,沙田,全天候,沙田 全天候,,57.0,57.0,30.5 26.5,,副練馬師,,快操,H,30.5 26.5 (57.0) (副練馬師)
H123,04/09/2023,踱步,沙田,飛機場,沙田 飛機場,,,,,,副練馬師,,踱步,H,飛機場 踱步 (副練馬師)
H123,03/09/2023,游水,沙田,,沙田,,,,,,,,游水,,
H123,03/09/2023,踱步,沙田,內圈,沙田 內圈,,,,,,助手,,快踱一圈,H,內圈 快踱一圈 (助手)
H123,31/08/2023,游水,沙田,,沙田,,,,,,,,游水,,
H123,31/08/2023,踱步,沙田,內圈,沙田 內圈,,,,,,助手,,倒快一圈,H,內圈 倒快一圈 (助手)
H123,30/08/2023,游水,沙田,,沙田,,,,,,,,游水,,
H123,30/08/2023,踱步,沙田,內圈,沙田 內圈,,,,,,助手,,快踱一圈,H,內圈 快踱一圈 (助手)
H123,29/08/2023,游水,沙田,,沙田,,,,,,,,游水,,
H123,29/08/2023,踱步,沙田,內圈,沙田 內圈,,,,,,助手,,快踱一圈,H,內圈 快踱一圈 (助手)
H123,28/08/2023,游水,沙田,,沙田,,,,,,,,游水,,
H123,28/08/2023,快操,沙田,全天候,沙田 全天候,,58.2,58.2,31.6 26.6,,副練馬師,,快操,H,31.6 26.6 (58.2) (副練馬師)
H123,28/08/2023,踱步,沙田,飛機場,沙田 飛機場,,,,,,助手,,踱步,H,飛機場 踱步 (助手)
H123,27/08/2023,游水,沙田,,沙田,,,,,,,,游水,,
H123,27/08/2023,踱步,沙田,內圈,沙田 內圈,,,,,,助手,,快踱一圈,H,內圈 快踱一圈 (助手)
H123,26/08/2023,游水,沙田,,沙田,,,,,,,,游水,,
H123,25/08/2023,游水,沙田,,沙田,,,,,,,,游水,,
H123,25/08/2023,踱步,沙田,內圈,沙田 內圈,,,,,,助手,,快踱一圈,H,內圈 快踱一圈 (助手)
H123,24/08/2023,游水,沙田,,沙田,,,,,,,,游水,,
H123,24/08/2023,快操,沙田,全天候,沙田 全天候,,58.7,58.7,30.4 28.3,,助手,,快操,H,30.4 28.3 (58.7) (助手)
H123,24/08/2023,踱步,沙田,飛機場,沙田 飛機場,,,,,,助手,,踱步,H,飛機場 踱步 (助手)
H123,23/08/2023,游水,沙田,,沙田,,,,,,,,游水,,
H123,23/08/2023,踱步,沙田,內圈,沙田 內圈,,,,,,助手,,快踱一圈,H,內圈 快踱一圈 (助手)
H123,22/08/2023,游水,沙田,,沙田,,,,,,,,游水,,
H123,22/08/2023,踱步,沙田,內圈,沙田 內圈,,,,,,助手,,快踱一圈,H,內圈 快踱一圈 (助手)
H123,21/08/2023,游水,沙田,,沙田,,,,,,,,游水,,
H123,21/08/2023,踱步,沙田,內圈,沙田 內圈,,,,,,助手,,倒快一圈,H,內圈 倒快一圈 (助手)
H123,20/08/2023,游水,沙田,,沙田,,,,,,,,游水,,
H123,20/08/2023,快操,沙田,全天候,沙田 全天候,,1.00.5,60.5,33.7 26.8,,副練馬師,,快操,H,33.7 26.8 (1.00.5) (副練馬師)
H123,20/08/2023,踱步,沙田,飛機場,沙田 飛機場,,,,,,副練馬師,,踱步,H,飛機場 踱步 (副練馬師)
H123,19/08/2023,游水,沙田,,沙田,,,,,,,,游水,,
H123,18/08/2023,游水,沙田,,沙田,,,,,,,,游水,,
H123,18/08/2023,踱步,沙田,內圈,沙田 內圈,,,,,,助手,,快踱一圈,H,內圈 快踱一圈 (助手)
H123,17/08/2023,游水,沙田,,沙田,,,,,,,,游水,,
H123,17/08/2023,踱步,沙田,內圈,沙田 內圈,,,,,,助手,,倒快一圈,H,內圈 倒快一圈 (助手)
H123,16/08/2023,游水,沙田,,沙田,,,,,,,,游水,,
H123,16/08/2023,快操,沙田,全天候,沙田 全天候,,29.3,29.3,29.3,,助手,,快操,H,29.3 (29.3) (助手)
H123,16/08/2023,踱步,沙田,飛機場,沙田 飛機場,,,,,,助手,,踱步,H,飛機場 踱步 (助手)
H123,15/08/2023,游水,沙田,,沙田,,,,,,,,游水,,
H123,15/08/2023,踱步,沙田,內圈,沙田 內圈,,,,,,助手,,快踱一圈,H,內圈 快踱一圈 (助手)
H123,14/08/2023,游水,沙田,,沙田,,,,,,,,游水,,
H123,14/08/2023,踱步,沙田,內圈,沙田 內圈,,,,,,助手,,倒快一圈,H,內圈 倒快一圈 (助手)
H123,13/08/2023,游水,沙田,,沙田,,,,,,,,游水,,
H123,13/08/2023,踱步,沙田,內圈,沙田 內圈,,,,,,助手,,快踱一圈,H,內圈 快踱一圈 (助手)
H123,12/08/2023,游水,沙田,,沙田,,,,,,,,游水,,
H123,12/08/2023,踱步,沙田,內圈,沙田 內圈,,,,,,助手,,快踱一圈,H,內圈 快踱一圈 (助手)
H123,11/08/2023,游水,沙田,,沙田,,,,,,,,游水,,
H123,11/08/2023,快操,沙田,全天候,沙田 全天候,,29.4,29.4,29.4,,助手,,快操,H,29.4 (29.4) (助手)
H123,11/08/2023,踱步,沙田,飛機場,沙田 飛機場,,,,,,助手,,踱步,H,飛機場 踱步 (助手)
H123,10/08/2023,游水,沙田,,沙田,,,,,,,,游水,,
H123,10/08/2023,踱步,沙田,內圈,沙田 內圈,,,,,,助手,,快踱一圈,H,內圈 快踱一圈 (助手)
H123,09/08/2023,游水,沙田,,沙田,,,,,,,,游水,,
H123,09/08/2023,踱步,沙田,內圈,沙田 內圈,,,,,,助手,,快踱一圈,H,內圈 快踱一圈 (助手)
H123,08/08/2023,游水,沙田,,沙田,,,,,,,,游水,,
H123,08/08/2023,踱步,沙田,內圈,沙田 內圈,,,,,,助手,,快踱一圈,H,內圈 快踱一圈 (助手)
H123,07/08/2023,游水,沙田,,沙田,,,,,,,,游水,,
H123,07/08/2023,踱步,沙田,內圈,沙田 內圈,,,,,,助手,,快踱一圈,H,內圈 快踱一圈 (助手)
H123,06/08/2023,游水,沙田,,沙田,,,,,,,,游水,,
H123,06/08/2023,踱步,沙田,外圈,沙田 外圈,,,,,,助手,,快踱一圈,H,外圈 快踱一圈 (助手)
H123,05/08/2023,游水,沙田,,沙田,,,,,,,,游水,,
H123,05/08/2023,踱步,沙田,外圈,沙田 外圈,,,,,,助手,,快踱一圈,H,外圈 快踱一圈 (助手)
H123,04/08/2023,游水,沙田,,沙田,,,,,,,,游水,,
H123,04/08/2023,踱步,沙田,外圈,沙田 外圈,,,,,,助手,,快踱一圈,H,外圈 快踱一圈 (助手)
H123,03/08/2023,游水,沙田,,沙田,,,,,,,,游水,,
H123,03/08/2023,踱步,沙田,飛機場,沙田 飛機場,,,,,,助手,,踱步,H,飛機場 踱步 (助手)
H123,02/08/2023,游水,沙田,,沙田,,,,,,,,游水,,
H123,02/08/2023,踱步,沙田,飛機場,沙田 飛機場,,,,,,助手,,踱步,H,飛機場 踱步 (助手)
H123,01/08/2023,游水,沙田,,沙田,,,,,,,,游水,,
H123,01/08/2023,踱步,沙田,飛機場,沙田 飛機場,,,,,,助手,,踱步,H,飛機場 踱步 (助手)
H123,31/07/2023,游水,沙田,,沙田,,,,,,,,游水,,
H123,31/07/2023,踱步,沙田,飛機場,沙田 飛機場,,,,,,助手,,踱步,H,飛機場 踱步 (助手)
H123,16/07/2023,游水,沙田,,沙田,,,,,,,,游水,,
H123,15/07/2023,游水,沙田,,沙田,,,,,,,,游水,,
H123,15/07/2023,踱步,沙田,外圈,沙田 外圈,,,,,,助手,,快踱一圈,H,外圈 快踱一圈 (助手)
H123,14/07/2023,游水,沙田,,沙田,,,,,,,,游水,,
H123,14/07/2023,踱步,沙田,外圈,沙田 外圈,,,,,,助手,,快踱一圈,H,外圈 快踱一圈 (助手)
H123,13/07/2023,游水,沙田,,沙田,,,,,,,,游水,,
H123,13/07/2023,快操,沙田,全天候,沙田 全天候,,58.1,58.1,32.4 25.7,,助手,,快操,H,32.4 25.7 (58.1) (助手)
H123,13/07/2023,踱步,沙田,飛機場,沙田 飛機場,,,,,,助手,,踱步,H,飛機場 踱步 (助手)
H123,12/07/2023,游水,沙田,,沙田,,,,,,,,游水,,
H123,12/07/2023,踱步,沙田,外圈,沙田 外圈,,,,,,助手,,快踱一圈,H,外圈 快踱一圈 (助手)
H123,11/07/2023,游水,沙田,,沙田,,,,,,,,游水,,
H123,11/07/2023,踱步,沙田,外圈,沙田 外圈,,,,,,副練馬師,,快踱一圈,H,外圈 快踱一圈 (副練馬師)
H123,10/07/2023,游水,沙田,,沙田,,,,,,,,游水,,
H123,10/07/2023,踱步,沙田,外圈,沙田 外圈,,,,,,助手,,快踱一圈,H,外圈 快踱一圈 (助手)
H123,09/07/2023,游水,沙田,,沙田,,,,,,,,游水,,
H123,09/07/2023,踱步,沙田,外圈,沙田 外圈,,,,,,助手,,快踱一圈,H,外圈 快踱一圈 (助手)
H123,08/07/2023,游水,沙田,,沙田,,,,,,,,游水,,
H123,08/07/2023,踱步,沙田,外圈,沙田 外圈,,,,,,助手,,快踱一圈,H,外圈 快踱一圈 (助手)
H123,07/07/2023,游水,沙田,,沙田,,,,,,,,游水,,
H123,07/07/2023,踱步,沙田,飛機場,沙田 飛機場,,,,,,助手,,踱步,H,飛機場 踱步 (助手)
H123,06/07/2023,游水,沙田,,沙田,,,,,,,,游水,,
H123,05/07/2023,游水,沙田,,沙田,,,,,,,,游水,,
H123,04/07/2023,游水,沙田,,沙田,,,,,,,,游水,,
H123,03/07/2023,踱步,沙田,外圈,沙田 外圈,,,,,,助手,,快踱一圈,H,外圈 快踱一圈 (助手)
H123,02/07/2023,游水,沙田,,沙田,,,,,,,,游水,,
H123,02/07/2023,踱步,沙田,外圈,沙田 外圈,,,,,,助手,,快踱一圈,H,外圈 快踱一圈 (助手)
H123,01/07/2023,游水,沙田,,沙田,,,,,,,,游水,,
H123,01/07/2023,踱步,沙田,外圈,沙田 外圈,,,,,,助手,,快踱一圈,H,外圈 快踱一圈 (助手)
H123,30/06/2023,游水,沙田,,沙田,,,,,,,,游水,,
H123,30/06/2023,快操,沙田,全天候,沙田 全天候,,57.1,57.1,31.0 26.1,,布文,,幸運旅程,H,31.0 26.1 (57.1) (布文) 幸運旅程
H123,30/06/2023,踱步,沙田,飛機場,沙田 飛機場,,,,,,助手,,踱步,H,飛機場 踱步 (助手)
H123,29/06/2023,游水,沙田,,沙田,,,,,,,,游水,,
H123,29/06/2023,踱步,沙田,外圈,沙田 外圈,,,,,,助手,,快踱一圈,H,外圈 快踱一圈 (助手)
H123,28/06/2023,游水,沙田,,沙田,,,,,,,,游水,,
H123,28/06/2023,踱步,沙田,外圈,沙田 外圈,,,,,,助手,,快踱一圈,H,外圈 快踱一圈 (助手)
H123,27/06/2023,游水,沙田,,沙田,,,,,,,,游水,,
H123,27/06/2023,快操,沙田,全天候,沙田 全天候,,57.5,57.5,31.8 25.7,,助手,,快操,H,31.8 25.7 (57.5) (助手)
H123,27/06/2023,踱步,沙田,飛機場,沙田 飛機場,,,,,,助手,,踱步,H,飛機場 踱步 (助手)
H123,26/06/2023,游水,沙田,,沙田,,,,,,,,游水,,
H123,26/06/2023,踱步,沙田,內圈,沙田 內圈,,,,,,助手,,倒快一圈,H,內圈 倒快一圈 (助手)
H123,25/06/2023,游水,沙田,,沙田,,,,,,,,游水,,
H123,25/06/2023,踱步,沙田,內圈,沙田 內圈,,,,,,助手,,快踱一圈,H,內圈 快踱一圈 (助手)
H123,24/06/2023,游水,沙田,,沙田,,,,,,,,游水,,
H123,24/06/2023,踱步,沙田,內圈,沙田 內圈,,,,,,助手,,快踱一圈,H,內圈 快踱一圈 (助手)
H123,23/06/2023,游水,沙田,,沙田,,,,,,,,游水,,
H123,23/06/2023,快操,沙田,全天候,沙田 全天候,,58.3,58.3,31.8 26.5,,助手,,快操,B,31.8 26.5 (58.3) (助手)
H123,23/06/2023,踱步,沙田,飛機場,沙田 飛機場,,,,,,助手,,踱步,H,飛機場 踱步 (助手)
H123,22/06/2023,游水,沙田,,沙田,,,,,,,,游水,,
H123,22/06/2023,踱步,沙田,內圈,沙田 內圈,,,,,,助手,,倒快一圈,H,內圈 倒快一圈 (助手)
H123,21/06/2023,游水,沙田,,沙田,,,,,,,,游水,,
H123,21/06/2023,踱步,沙田,內圈,沙田 內圈,,,,,,助手,,快踱一圈,H,內圈 快踱一圈 (助手)
H123,20/06/2023,游水,沙田,,沙田,,,,,,,,游水,,
H123,20/06/2023,踱步,沙田,內圈,沙田 內圈,,,,,,助手,,快踱一圈,H,內圈 快踱一圈 (助手)
H123,19/06/2023,游水,沙田,,沙田,,,,,,,,游水,,
H123,19/06/2023,快操,沙田,全天候,沙田 全天候,,59.8,59.8,32.2 27.6,,助手,,快操,H,32.2 27.6 (59.8) (助手)
H123,19/06/2023,踱步,沙田,飛機場,沙田 飛機場,,,,,,助手,,踱步,H,飛機場 踱步 (助手)
H123,18/06/2023,游水,沙田,,沙田,,,,,,,,游水,,
H123,18/06/2023,踱步,沙田,內圈,沙田 內圈,,,,,,助手,,快踱一圈,H,內圈 快踱一圈 (助手)
H123,17/06/2023,游水,沙田,,沙田,,,,,,,,游水,,
H123,17/06/2023,踱步,沙田,內圈,沙田 內圈,,,,,,助手,,快踱一圈,H,內圈 快踱一圈 (助手)
H123,16/06/2023,游水,沙田,,沙田,,,,,,,,游水,,
H123,16/06/2023,踱步,沙田,內圈,沙田 內圈,,,,,,助手,,快踱一圈,H,內圈 快踱一圈 (助手)
H123,15/06/2023,游水,沙田,,沙田,,,,,,,,游水,,
H123,15/06/2023,踱步,沙田,內圈,沙田 內圈,,,,,,助手,,倒快一圈,H,內圈 倒快一圈 (助手)
H123,14/06/2023,游水,沙田,,沙田,,,,,,,,游水,,
H123,14/06/2023,踱步,沙田,飛機場,沙田 飛機場,,,,,,副練馬師,,踱步,H,飛機場 踱步 (副練馬師)
H123,13/06/2023,游水,沙田,,沙田,,,,,,,,游水,,
H123,12/06/2023,游水,沙田,,沙田,,,,,,,,游水,,
H123,11/06/2023,游水,沙田,,沙田,,,,,,,,游水,,
H123,10/06/2023,踱步,沙田,內圈,沙田 內圈,,,,,,助手,,快踱一圈,H,內圈 快踱一圈 (助手)
H123,09/06/2023,游水,沙田,,沙田,,,,,,,,游水,,
H123,09/06/2023,踱步,沙田,內圈,沙田 內圈,,,,,,助手,,快踱一圈,H,內圈 快踱一圈 (助手)
H123,08/06/2023,游水,沙田,,沙田,,,,,,,,游水,,
H123,08/06/2023,踱步,沙田,內圈,沙田 內圈,,,,,,助手,,倒快一圈,H,內圈 倒快一圈 (助手)
H123,07/06/2023,游水,沙田,,沙田,,,,,,,,游水,,
H123,07/06/2023,快操,沙田,全天候,沙田 全天候,,57.1,57.1,30.8 26.3,,助手,,快操,H,30.8 26.3 (57.1) (助手)
H123,07/06/2023,踱步,沙田,飛機場,沙田 飛機場,,,,,,助手,,踱步,H,飛機場 踱步 (助手)
H123,06/06/2023,游水,沙田,,沙田,,,,,,,,游水,,
H123,06/06/2023,踱步,沙田,內圈,沙田 內圈,,,,,,助手,,快踱一圈,H,內圈 快踱一圈 (助手)
H123,05/06/2023,游水,沙田,,沙田,,,,,,,,游水,,
H123,05/06/2023,踱步,沙田,內圈,沙田 內圈,,,,,,副練馬師,,倒快一圈,H,內圈 倒快一圈 (副練馬師)
H123,04/06/2023,游水,沙田,,沙田,,,,,,,,游水,,
H123,04/06/2023,快操,沙田,全天候,沙田 全天候,,57.9,57.9,31.6 26.3,,助手,,快操,H,31.6 26.3 (57.9) (助手)
H123,04/06/2023,踱步,沙田,飛機場,沙田 飛機場,,,,,,助手,,踱步,H,飛機場 踱步 (助手)
H123,03/06/2023,游水,沙田,,沙田,,,,,,,,游水,,
H123,03/06/2023,踱步,沙田,內圈,沙田 內圈,,,,,,助手,,快踱一圈,H,內圈 快踱一圈 (助手)
H123,02/06/2023,游水,沙田,,沙田,,,,,,,,游水,,
H123,02/06/2023,踱步,沙田,內圈,沙田 內圈,,,,,,助手,,快踱一圈,H,內圈 快踱一圈 (助手)
H123,01/06/2023,游水,沙田,,沙田,,,,,,,,游水,,
H123,01/06/2023,快操,沙田,全天候,沙田 全天候,,53.0,53.0,28.9 24.1,,布文,,快操,H,28.9 24.1 (53.0) (布文)
H123,01/06/2023,踱步,沙田,飛機場,沙田 飛機場,,,,,,助手,,踱步,H,飛機場 踱步 (助手)
H123,31/05/2023,游水,沙田,,沙田,,,,,,,,游水,,
H123,31/05/2023,踱步,沙田,內圈,沙田 內圈,,,,,,助手,,快踱一圈,H,內圈 快踱一圈 (助手)
H123,30/05/2023,游水,沙田,,沙田,,,,,,,,游水,,
H123,30/05/2023,踱步,沙田,內圈,沙田 內圈,,,,,,助手,,快踱一圈,H,內圈 快踱一圈 (助手)
H123,29/05/2023,游水,沙田,,沙田,,,,,,,,游水,,
H123,29/05/2023,快操,沙田,全天候,沙田 全天候,,58.2,58.2,31.5 26.7,,助手,,快操,H,31.5 26.7 (58.2) (助手)
H123,29/05/2023,踱步,沙田,飛機場,沙田 飛機場,,,,,,助手,,踱步,H,飛機場 踱步 (助手)
H123,28/05/2023,游水,沙田,,沙田,,,,,,,,游水,,
H123,28/05/2023,踱步,沙田,內圈,沙田 內圈,,,,,,助手,,快踱一圈,H,內圈 快踱一圈 (助手)
H123,27/05/2023,游水,沙田,,沙田,,,,,,,,游水,,
H123,27/05/2023,踱步,沙田,內圈,沙田 內圈,,,,,,助手,,快踱一圈,H,內圈 快踱一圈 (助手)
H123,26/05/2023,游水,沙田,,沙田,,,,,,,,游水,,
H123,26/05/2023,踱步,沙田,內圈,沙田 內圈,,,,,,助手,,快踱一圈,H,內圈 快踱一圈 (助手)
H123,25/05/2023,游水,沙田,,沙田,,,,,,,,游水,,
H123,24/05/2023,游水,沙田,,沙田,,,,,,,,游水,,
H123,23/05/2023,游水,沙田,,沙田,,,,,,,,游水,,
H123,22/05/2023,游水,沙田,,沙田,,,,,,,,游水,,
H123,21/05/2023,踱步,沙田,內圈,沙田 內圈,,,,,,助手,,快踱一圈,H,內圈 快踱一圈 (助手)
H123,20/05/2023,游水,沙田,,沙田,,,,,,,,游水,,
H123,20/05/2023,踱步,沙田,內圈,沙田 內圈,,,,,,助手,,快踱一圈,H,內圈 快踱一圈 (助手)
H123,19/05/2023,游水,沙田,,沙田,,,,,,,,游水,,
H123,19/05/2023,踱步,沙田,內圈,沙田 內圈,,,,,,助手,,快踱一圈,H,內圈 快踱一圈 (助手)
H123,18/05/2023,游水,沙田,,沙田,,,,,,,,游水,,
H123,18/05/2023,快操,沙田,全天候,沙田 全天候,,57.5,57.5,31.1 26.4,,助手,,快操,H,31.1 26.4 (57.5) (助手)
H123,18/05/2023,踱步,沙田,飛機場,沙田 飛機場,,,,,,助手,,踱步,H,飛機場 踱步 (助手)
H123,17/05/2023,游水,沙田,,沙田,,,,,,,,游水,,
H123,17/05/2023,踱步,沙田,內圈,沙田 內圈,,,,,,助手,,快踱一圈,H,內圈 快踱一圈 (助手)
H123,16/05/2023,游水,沙田,,沙田,,,,,,,,游水,,
H123,16/05/2023,踱步,沙田,內圈,沙田 內圈,,,,,,助手,,快踱一圈,H,內圈 快踱一圈 (助手)
H123,15/05/2023,游水,沙田,,沙田,,,,,,,,游水,,
H123,15/05/2023,快操,沙田,全天候,沙田 全天候,,59.0,59.0,32.3 26.7,,助手,,快操,H,32.3 26.7 (59.0) (助手)
H123,15/05/2023,踱步,沙田,飛機場,沙田 飛機場,,,,,,助手,,踱步,H,飛機場 踱步 (助手)
H123,14/05/2023,游水,沙田,,沙田,,,,,,,,游水,,
H123,14/05/2023,踱步,沙田,內圈,沙田 內圈,,,,,,助手,,快踱一圈,H,內圈 快踱一圈 (助手)
H123,13/05/2023,游水,沙田,,沙田,,,,,,,,游水,,
H123,13/05/2023,踱步,沙田,內圈,沙田 內圈,,,,,,助手,,快踱一圈,H,內圈 快踱一圈 (助手)
H123,12/05/2023,游水,沙田,,沙田,,,,,,,,游水,,
H123,12/05/2023,快操,沙田,全天候,沙田 全天候,,58.2,58.2,32.5 25.7,,助手,,快操,H,32.5 25.7 (58.2) (助手)
H123,12/05/2023,踱步,沙田,飛機場,沙田 飛機場,,,,,,助手,,踱步,H,飛機場 踱步 (助手)
H123,11/05/2023,游水,沙田,,沙田,,,,,,,,游水,,
H123,10/05/2023,游水,沙田,,沙田,,,,,,,,游水,,
H123,10/05/2023,踱步,沙田,內圈,沙田 內圈,,,,,,助手,,快踱一圈,H,內圈 快踱一圈 (助手)
H123,09/05/2023,游水,沙田,,沙田,,,,,,,,游水,,
H123,09/05/2023,踱步,沙田,內圈,沙田 內圈,,,,,,副練馬師,,快踱一圈,H,內圈 快踱一圈 (副練馬師)
H123,08/05/2023,游水,沙田,,沙田,,,,,,,,游水,,
H123,08/05/2023,快操,沙田,全天候,沙田 全天候,,58.7,58.7,31.4 27.3,,助手,,快操,H,31.4 27.3 (58.7) (助手)
H123,08/05/2023,踱步,沙田,飛機場,沙田 飛機場,,,,,,助手,,踱步,H,飛機場 踱步 (助手)
H123,07/05/2023,游水,沙田,,沙田,,,,,,,,游水,,
H123,06/05/2023,游水,沙田,,沙田,,,,,,,,游水,,
H123,06/05/2023,踱步,沙田,內圈,沙田 內圈,,,,,,助手,,快踱一圈,H,內圈 快踱一圈 (助手)
H123,05/05/2023,游水,沙田,,沙田,,,,,,,,游水,,
H123,05/05/2023,踱步,沙田,內圈,沙田 內圈,,,,,,副練馬師,,快踱一圈,H,內圈 快踱一圈 (副練馬師)
H123,04/05/2023,游水,沙田,,沙田,,,,,,,,游水,,
H123,04/05/2023,踱步,沙田,飛機場,沙田 飛機場,,,,,,助手,,踱步,H,飛機場 踱步 (助手)
H123,03/05/2023,游水,沙田,,沙田,,,,,,,,游水,,
H123,02/05/2023,游水,沙田,,沙田,,,,,,,,游水,,
H123,01/05/2023,游水,沙田,,沙田,,,,,,,,游水,,
H123,30/04/2023,踱步,沙田,內圈,沙田 內圈,,,,,,助手,,快踱一圈,H,內圈 快踱一圈 (助手)
H123,29/04/2023,游水,沙田,,沙田,,,,,,,,游水,,
H123,29/04/2023,踱步,沙田,內圈,沙田 內圈,,,,,,助手,,快踱一圈,H,內圈 快踱一圈 (助手)
H123,28/04/2023,游水,沙田,,沙田,,,,,,,,游水,,
H123,28/04/2023,踱步,沙田,內圈,沙田 內圈,,,,,,副練馬師,,快踱一圈,H,內圈 快踱一圈 (副練馬師)
H123,27/04/2023,游水,沙田,,沙田,,,,,,,,游水,,
H123,27/04/2023,快操,沙田,全天候,沙田 全天候,,56.4,56.4,29.6 26.8,,助手,,快操,H,29.6 26.8 (56.4) (助手)
H123,27/04/2023,踱步,沙田,飛機場,沙田 飛機場,,,,,,助手,,踱步,H,飛機場 踱步 (助手)
H123,26/04/2023,游水,沙田,,沙田,,,,,,,,游水,,
H123,26/04/2023,踱步,沙田,內圈,沙田 內圈,,,,,,助手,,快踱一圈,H,內圈 快踱一圈 (助手)
H123,25/04/2023,游水,沙田,,沙田,,,,,,,,游水,,
H123,25/04/2023,踱步,沙田,內圈,沙田 內圈,,,,,,助手,,快踱一圈,H,內圈 快踱一圈 (助手)
H123,24/04/2023,游水,沙田,,沙田,,,,,,,,游水,,
H123,24/04/2023,快操,沙田,全天候,沙田 全天候,,57.8,57.8,31.1 26.7,,助手,,快操,H,31.1 26.7 (57.8) (助手)
H123,24/04/2023,踱步,沙田,飛機場,沙田 飛機場,,,,,,助手,,踱步,H,飛機場 踱步 (助手)
H123,23/04/2023,游水,沙田,,沙田,,,,,,,,游水,,
H123,23/04/2023,踱步,沙田,內圈,沙田 內圈,,,,,,助手,,快踱一圈,H,內圈 快踱一圈 (助手)
H123,22/04/2023,游水,沙田,,沙田,,,,,,,,游水,,
H123,22/04/2023,踱步,沙田,內圈,沙田 內圈,,,,,,助手,,快踱一圈,H,內圈 快踱一圈 (助手)
H123,21/04/2023,游水,沙田,,沙田,,,,,,,,游水,,
H123,21/04/2023,踱步,沙田,內圈,沙田 內圈,,,,,,助手,,快踱一圈,H,內圈 快踱一圈 (助手)
H123,20/04/2023,游水,沙田,,沙田,,,,,,,,游水,,
H123,20/04/2023,踱步,沙田,飛機場,沙田 飛機場,,,,,,助手,,踱步,H,飛機場 踱步 (助手)
H123,19/04/2023,游水,沙田,,沙田,,,,,,,,游水,,
H123,18/04/2023,試閘,沙田,全天候,沙田 全天候,1200M,1.10.02,70.02,24.0 22.8 23.2,精算謀略,梁家俊,,第2組,B,第2組 (梁家俊) 1200M 精算謀略 24.0 22.8 23.2 (1.10.02)
H123,17/04/2023,游水,沙田,,沙田,,,,,,,,游水,,
H123,17/04/2023,踱步,沙田,內圈,沙田 內圈,,,,,,助手,,倒快一圈,H,內圈 倒快一圈 (助手)
H123,16/04/2023,游水,沙田,,沙田,,,,,,,,游水,,
H123,16/04/2023,踱步,沙田,內圈,沙田 內圈,,,,,,助手,,快踱一圈,H,內圈 快踱一圈 (助手)
H123,15/04/2023,游水,沙田,,沙田,,,,,,,,游水,,
H123,15/04/2023,踱步,沙田,內圈,沙田 內圈,,,,,,助手,,快踱一圈,H,內圈 快踱一圈 (助手)
H123,14/04/2023,游水,沙田,,沙田,,,,,,,,游水,,
H123,14/04/2023,快操,沙田,全天候,沙田 全天候,,59.2,59.2,32.8 26.4,,助手,,快操,H,32.8 26.4 (59.2) (助手)
H123,14/04/2023,踱步,沙田,飛機場,沙田 飛機場,,,,,,助手,,踱步,H,飛機場 踱步 (助手)
H123,13/04/2023,游水,沙田,,沙田,,,,,,,,游水,,
H123,13/04/2023,踱步,沙田,內圈,沙田 內圈,,,,,,助手,,倒快一圈,H,內圈 倒快一圈 (助手)
H123,12/04/2023,游水,沙田,,沙田,,,,,,,,游水,,
H123,12/04/2023,踱步,沙田,內圈,沙田 內圈,,,,,,助手,,快踱一圈,H,內圈 快踱一圈 (助手)
H123,11/04/2023,游水,沙田,,沙田,,,,,,,,游水,,
H123,11/04/2023,快操,沙田,全天候,沙田 全天候,,56.6,56.6,30.5 26.1,,助手,,快操,H,30.5 26.1 (56.6) (助手)
H123,11/04/2023,踱步,沙田,飛機場,沙田 飛機場,,,,,,助手,,踱步,H,飛機場 踱步 (助手)
H123,10/04/2023,游水,沙田,,沙田,,,,,,,,游水,,
H123,10/04/2023,踱步,沙田,內圈,沙田 內圈,,,,,,助手,,倒快一圈,H,內圈 倒快一圈 (助手)
H123,08/04/2023,踱步,沙田,內圈,沙田 內圈,,,,,,助手,,快踱一圈,H,內圈 快踱一圈 (助手)
H123,07/04/2023,快操,沙田,全天候,沙田 全天候,,58.1,58.1,30.8 27.3,,助手,,快操,H,30.8 27.3 (58.1) (助手)
H123,07/04/2023,踱步,沙田,飛機場,沙田 飛機場,,,,,,助手,,踱步,H,飛機場 踱步 (助手)
H123,06/04/2023,踱步,沙田,內圈,沙田 內圈,,,,,,助手,,倒快一圈,H,內圈 倒快一圈 (助手)
H123,05/04/2023,踱步,沙田,內圈,沙田 內圈,,,,,,助手,,快踱一圈,H,內圈 快踱一圈 (助手)
H123,04/04/2023,游水,沙田,,沙田,,,,,,,,游水,,
H123,03/04/2023,游水,沙田,,沙田,,,,,,,,游水,,
H123,03/04/2023,快操,沙田,全天候,沙田 全天候,,1.00.2,60.2,32.4 27.8,,助手,,快操,H,32.4 27.8 (1.00.2) (助手)
H123,03/04/2023,踱步,沙田,飛機場,沙田 飛機場,,,,,,助手,,踱步,H,飛機場 踱步 (助手)
H123,02/04/2023,游水,沙田,,沙田,,,,,,,,游水,,
H123,02/04/2023,踱步,沙田,內圈,沙田 內圈,,,,,,助手,,快踱一圈,H,內圈 快踱一圈 (助手)
H123,01/04/2023,游水,沙田,,沙田,,,,,,,,游水,,
H123,01/04/2023,踱步,沙田,內圈,沙田 內圈,,,,,,助手,,快踱一圈,H,內圈 快踱一圈 (助手)
H123,31/03/2023,游水,沙田,,沙田,,,,,,,,游水,,
H123,31/03/2023,踱步,沙田,內圈,沙田 內圈,,,,,,副練馬師,,快踱一圈,H,內圈 快踱一圈 (副練馬師)
H123,30/03/2023,游水,沙田,,沙田,,,,,,,,游水,,
H123,29/03/2023,游水,沙田,,沙田,,,,,,,,游水,,
H123,28/03/2023,游水,沙田,,沙田,,,,,,,,游水,,
H123,27/03/2023,游水,沙田,,沙田,,,,,,,,游水,,
H123,26/03/2023,踱步,沙田,內圈,沙田 內圈,,,,,,助手,,快踱一圈,H,內圈 快踱一圈 (助手)
H123,25/03/2023,游水,沙田,,沙田,,,,,,,,游水,,
H123,25/03/2023,踱步,沙田,內圈,沙田 內圈,,,,,,助手,,快踱一圈,H,內圈 快踱一圈 (助手)
H123,24/03/2023,踱步,沙田,內圈,沙田 內圈,,,,,,助手,,快踱一圈,H,內圈 快踱一圈 (助手)
H123,23/03/2023,游水,沙田,,沙田,,,,,,,,游水,,
H123,23/03/2023,快操,沙田,全天候,沙田 全天候,,56.3,56.3,30.5 25.8,,助手,,快操,H,30.5 25.8 (56.3) (助手)
H123,23/03/2023,踱步,沙田,飛機場,沙田 飛機場,,,,,,助手,,踱步,H,飛機場 踱步 (助手)
H123,22/03/2023,游水,沙田,,沙田,,,,,,,,游水,,
H123,22/03/2023,踱步,沙田,內圈,沙田 內圈,,,,,,助手,,快踱一圈,H,內圈 快踱一圈 (助手)
H123,21/03/2023,游水,沙田,,沙田,,,,,,,,游水,,
H123,21/03/2023,踱步,沙田,內圈,沙田 內圈,,,,,,助手,,快踱一圈,H,內圈 快踱一圈 (助手)
H123,20/03/2023,快操,沙田,全天候,沙田 全天候,,56.5,56.5,30.6 25.9,,潘頓,,快操,H,30.6 25.9 (56.5) (潘頓) (伴跳馬)
H123,20/03/2023,踱步,沙田,飛機場,沙田 飛機場,,,,,,助手,,踱步,H,飛機場 踱步 (助手)
H123,19/03/2023,游水,沙田,,沙田,,,,,,,,游水,,
H123,19/03/2023,踱步,沙田,內圈,沙田 內圈,,,,,,助手,,快踱一圈,H,內圈 快踱一圈 (助手)
H123,18/03/2023,游水,沙田,,沙田,,,,,,,,游水,,
H123,18/03/2023,踱步,沙田,內圈,沙田 內圈,,,,,,助手,,快踱一圈,H,內圈 快踱一圈 (助手)
H123,17/03/2023,游水,沙田,,沙田,,,,,,,,游水,,
H123,17/03/2023,快操,沙田,全天候,沙田 全天候,,58.3,58.3,32.2 26.1,,助手,,快操,H,32.2 26.1 (58.3) (助手)
H123,17/03/2023,踱步,沙田,飛機場,沙田 飛機場,,,,,,助手,,踱步,H,飛機場 踱步 (助手)
H123,16/03/2023,游水,沙田,,沙田,,,,,,,,游水,,
H123,16/03/2023,踱步,沙田,內圈,沙田 內圈,,,,,,助手,,倒快一圈,H,內圈 倒快一圈 (助手)
H123,15/03/2023,游水,沙田,,沙田,,,,,,,,游水,,
H123,15/03/2023,踱步,沙田,內圈,沙田 內圈,,,,,,助手,,快踱一圈,H,內圈 快踱一圈 (助手)
H123,14/03/2023,游水,沙田,,沙田,,,,,,,,游水,,
H123,14/03/2023,快操,沙田,全天候,沙田 全天候,,56.7,56.7,30.6 26.1,,助手,,快操,H,30.6 26.1 (56.7) (助手)
H123,14/03/2023,踱步,沙田,飛機場,沙田 飛機場,,,,,,助手,,踱步,H,飛機場 踱步 (助手)
H123,13/03/2023,游水,沙田,,沙田,,,,,,,,游水,,
H123,13/03/2023,踱步,沙田,內圈,沙田 內圈,,,,,,助手,,倒快一圈,H,內圈 倒快一圈 (助手)
H123,12/03/2023,游水,沙田,,沙田,,,,,,,,游水,,
H123,12/03/2023,踱步,沙田,內圈,沙田 內圈,,,,,,助手,,快踱一圈,H,內圈 快踱一圈 (助手)
H123,11/03/2023,游水,沙田,,沙田,,,,,,,,游水,,
H123,11/03/2023,踱步,沙田,內圈,沙田 內圈,,,,,,助手,,快踱一圈,H,內圈 快踱一圈 (助手)
H123,10/03/2023,游水,沙田,,沙田,,,,,,,,游水,,
H123,10/03/2023,快操,沙田,全天候,沙田 全天候,,59.5,59.5,32.9 26.6,,助手,,快操,H,32.9 26.6 (59.5) (助手)
H123,10/03/2023,踱步,沙田,飛機場,沙田 飛機場,,,,,,助手,,踱步,H,飛機場 踱步 (助手)
H123,09/03/2023,游水,沙田,,沙田,,,,,,,,游水,,
H123,09/03/2023,踱步,沙田,內圈,沙田 內圈,,,,,,助手,,倒快一圈,H,內圈 倒快一圈 (助手)
H123,08/03/2023,游水,沙田,,沙田,,,,,,,,游水,,
H123,08/03/2023,踱步,沙田,內圈,沙田 內圈,,,,,,助手,,快踱一圈,H,內圈 快踱一圈 (助手)
H123,07/03/2023,游水,沙田,,沙田,,,,,,,,游水,,
H123,07/03/2023,踱步,沙田,內圈,沙田 內圈,,,,,,助手,,快踱一圈,H,內圈 快踱一圈 (助手)
H123,06/03/2023,快操,沙田,全天候,沙田 全天候,,59.3,59.3,31.8 27.5,,助手,,快操,H,31.8 27.5 (59.3) (助手)
H123,06/03/2023,踱步,沙田,飛機場,沙田 飛機場,,,,,,助手,,踱步,H,飛機場 踱步 (助手)
H123,05/03/2023,踱步,沙田,內圈,沙田 內圈,,,,,,助手,,快踱一圈,H,內圈 快踱一圈 (助手)
H123,04/03/2023,踱步,沙田,內圈,沙田 內圈,,,,,,助手,,快踱一圈,H,內圈 快踱一圈 (助手)
H123,03/03/2023,踱步,沙田,內圈,沙田 內圈,,,,,,助手,,快踱一圈,H,內圈 快踱一圈 (助手)
H123,02/03/2023,踱步,沙田,飛機場,沙田 飛機場,,,,,,助手,,踱步,H,飛機場 踱步 (助手)
H123,26/02/2023,踱步,沙田,內圈,沙田 內圈,,,,,,助手,,快踱一圈,H,內圈 快踱一圈 (助手)
H123,25/02/2023,踱步,沙田,內圈,沙田 內圈,,,,,,助手,,快踱一圈,H,內圈 快踱一圈 (助手)
H123,24/02/2023,踱步,沙田,內圈,沙田 內圈,,,,,,助手,,快踱一圈,H,內圈 快踱一圈 (助手)
H123,23/02/2023,快操,沙田,全天候,沙田 全天候,,58.0,58.0,30.9 27.1,,助手,,快操,H,30.9 27.1 (58.0) (助手)
H123,23/02/2023,踱步,沙田,飛機場,沙田 飛機場,,,,,,助手,,踱步,H,飛機場 踱步 (助手)
H123,21/02/2023,踱步,沙田,內圈,沙田 內圈,,,,,,助手,,快踱一圈,H,內圈 快踱一圈 (助手)
H123,20/02/2023,快操,沙田,全天候,沙田 全天候,,58.6,58.6,30.9 27.7,,助手,,快操,H,30.9 27.7 (58.6) (助手)
H123,20/02/2023,踱步,沙田,飛機場,沙田 飛機場,,,,,,助手,,踱步,H,飛機場 踱步 (助手)
H123,19/02/2023,踱步,沙田,內圈,沙田 內圈,,,,,,助手,,快踱一圈,H,內圈 快踱一圈 (助手)
H123,18/02/2023,踱步,沙田,內圈,沙田 內圈,,,,,,助手,,快踱一圈,H,內圈 快踱一圈 (助手)
H123,17/02/2023,踱步,沙田,內圈,沙田 內圈,,,,,,助手,,快踱兩圈,H,內圈 快踱兩圈 (助手)
H123,16/02/2023,踱步,沙田,飛機場,沙田 飛機場,,,,,,助手,,踱步,H,飛機場 踱步 (助手)
H123,14/02/2023,試閘,沙田,全天候,沙田 全天候,1200M,1.11.22,71.22,24.7 22.7 23.8,特別美麗,潘頓,,第3組,B,第3組 (潘頓) 1200M 特別美麗 24.7 22.7 23.8 (1.11.22)
H123,13/02/2023,踱步,沙田,內圈,沙田 內圈,,,,,,助手,,倒快一圈,H,內圈 倒快一圈 (助手)
H123,12/02/2023,踱步,沙田,內圈,沙田 內圈,,,,,,助手,,快踱一圈,H,內圈 快踱一圈 (助手)
H123,11/02/2023,踱步,沙田,內圈,沙田 內圈,,,,,,助手,,快踱一圈,H,內圈 快踱一圈 (助手)
H123,10/02/2023,快操,沙田,全天候,沙田 全天候,,58.5,58.5,31.4 27.1,,助手,,快操,H,31.4 27.1 (58.5) (助手)
H123,10/02/2023,踱步,沙田,飛機場,沙田 飛機場,,,,,,助手,,踱步,H,飛機場 踱步 (助手)
H123,09/02/2023,踱步,沙田,內圈,沙田 內圈,,,,,,助手,,倒快一圈,H,內圈 倒快一圈 (助手)
H123,08/02/2023,踱步,沙田,內圈,沙田 內圈,,,,,,助手,,快踱一圈,H,內圈 快踱一圈 (助手)
H123,07/02/2023,踱步,沙田,內圈,沙田 內圈,,,,,,助手,,快踱一圈,H,內圈 快踱一圈 (助手)
H123,06/02/2023,快操,沙田,全天候,沙田 全天候,,57.9,57.9,31.0 26.9,,助手,,快操,H,31.0 26.9 (57.9) (助手)
H123,05/02/2023,踱步,沙田,內圈,沙田 內圈,,,,,,助手,,快踱一圈,H,內圈 快踱一圈 (助手)
H123,04/02/2023,踱步,沙田,內圈,沙田 內圈,,,,,,助手,,快踱一圈,H,內圈 快踱一圈 (助手)
H123,03/02/2023,踱步,沙田,內圈,沙田 內圈,,,,,,助手,,快踱一圈,H,內圈 快踱一圈 (助手)
H123,02/02/2023,踱步,沙田,飛機場,沙田 飛機場,,,,,,助手,,踱步,H,飛機場 踱步 (助手)
H123,29/01/2023,踱步,沙田,內圈,沙田 內圈,,,,,,助手,,快踱一圈,H,內圈 快踱一圈 (助手)
H123,28/01/2023,踱步,沙田,內圈,沙田 內圈,,,,,,助手,,快踱一圈,H,內圈 快踱一圈 (助手)
H123,27/01/2023,快操,沙田,全天候,沙田 全天候,,57.4,57.4,31.3 26.1,,助手,,爽快,PH,31.3 26.1 (57.4) (助手) 爽快
H123,27/01/2023,踱步,沙田,飛機場,沙田 飛機場,,,,,,助手,,踱步,H,飛機場 踱步 (助手)
H123,26/01/2023,踱步,沙田,內圈,沙田 內圈,,,,,,助手,,倒快一圈,H,內圈 倒快一圈 (助手)
H123,25/01/2023,踱步,沙田,內圈,沙田 內圈,,,,,,助手,,快踱一圈,H,內圈 快踱一圈 (助手)
H123,24/01/2023,快操,沙田,全天候,沙田 全天候,,58.8,58.8,31.9 26.9,,助手,,快操,H,31.9 26.9 (58.8) (助手)
H123,24/01/2023,踱步,沙田,飛機場,沙田 飛機場,,,,,,助手,,踱步,H,飛機場 踱步 (助手)
H123,23/01/2023,踱步,沙田,內圈,沙田 內圈,,,,,,助手,,倒快一圈,H,內圈 倒快一圈 (助手)
H123,21/01/2023,踱步,沙田,內圈,沙田 內圈,,,,,,助手,,快踱一圈,H,內圈 快踱一圈 (助手)
H123,20/01/2023,踱步,從化,內圈,從化 內圈,,,,,,助手,,快踱一圈,H,內圈 快踱一圈 (助手)
H123,19/01/2023,快操,從化,全天候,從化 全天候,,57.4,57.4,30.4 27.0,,助手,,快操,B/H,30.4 27.0 (57.4) (助手)
H123,19/01/2023,踱步,從化,飛機場,從化 飛機場,,,,,,助手,,踱步,B/H,飛機場 踱步 (助手)
H123,18/01/2023,踱步,從化,內圈,從化 內圈,,,,,,助手,,快踱一圈,H,內圈 快踱一圈 (助手)
H123,17/01/2023,踱步,從化,內圈,從化 內圈,,,,,,助手,,快踱一圈,H,內圈 快踱一圈 (助手)
H123,16/01/2023,踱步,從化,內圈,從化 內圈,,,,,,助手,,倒快一圈,H,內圈 倒快一圈 (助手)
H123,15/01/2023,踱步,從化,內圈,從化 內圈,,,,,,助手,,快踱一圈,H,內圈 快踱一圈 (助手)
H123,14/01/2023,游水,從化,,從化,,,,,,,,游水,,
H123,14/01/2023,踱步,從化,飛機場,從化 飛機場,,,,,,助手,,踱步,H,飛機場 踱步 (助手)
H123,12/01/2023,試閘,從化,草地,從化 草地,1200M,1.11.66,71.66,25.8 22.9 22.9,維港智能,祖利曼,,第2組,B,第2組 (祖利曼) 1200M 維港智能 25.8 22.9 22.9 (1.11.66)
H123,12/01/2023,踱步,從化,飛機場,從化 飛機場,,,,,,助手,,踱步,B,飛機場 踱步 (助手)
H123,11/01/2023,踱步,從化,內圈,從化 內圈,,,,,,助手,,快踱一圈,H,內圈 快踱一圈 (助手)
H123,10/01/2023,踱步,從化,內圈,從化 內圈,,,,,,助手,,快踱一圈,H,內圈 快踱一圈 (助手)
H123,09/01/2023,踱步,從化,內圈,從化 內圈,,,,,,助手,,倒快一圈,H,內圈 倒快一圈 (助手)
H123,08/01/2023,快操,從化,全天候,從化 全天候,,58.2,58.2,31.1 27.1,,助手,,快操,B,31.1 27.1 (58.2) (助手)
H123,08/01/2023,踱步,從化,飛機場,從化 飛機場,,,,,,助手,,踱步,B,飛機場 踱步 (助手)
H123,07/01/2023,踱步,從化,內圈,從化 內圈,,,,,,助手,,快踱一圈,H,內圈 快踱一圈 (助手)
H123,06/01/2023,踱步,從化,內圈,從化 內圈,,,,,,助手,,快踱一圈,H,內圈 快踱一圈 (助手)
H123,05/01/2023,踱步,從化,內圈,從化 內圈,,,,,,助手,,倒快一圈,H,內圈 倒快一圈 (助手)
H123,04/01/2023,快操,從化,全天候,從化 全天候,,58.2,58.2,31.6 26.6,,助手,,快操,H,31.6 26.6 (58.2) (助手)
H123,04/01/2023,踱步,從化,飛機場,從化 飛機場,,,,,,助手,,踱步,H,飛機場 踱步 (助手)
H123,03/01/2023,踱步,從化,內圈,從化 內圈,,,,,,助手,,快踱一圈,H,內圈 快踱一圈 (助手)
H123,02/01/2023,踱步,從化,內圈,從化 內圈,,,,,,助手,,倒快一圈,H,內圈 倒快一圈 (助手)
H123,01/01/2023,踱步,從化,內圈,從化 內圈,,,,,,助手,,快踱一圈,H,內圈 快踱一圈 (助手)
H123,31/12/2022,踱步,從化,飛機場,從化 飛機場,,,,,,助手,,踱步,H,飛機場 踱步 (助手)
H123,29/12/2022,試閘,從化,草地,從化 草地,1200M,1.13.40,73.4,26.7 23.3 23.4,人和家興,祖利曼,,第3組,B,第3組 (祖利曼) 1200M 人和家興 26.7 23.3 23.4 (1.13.40)
H123,29/12/2022,踱步,從化,飛機場,從化 飛機場,,,,,,助手,,踱步,B,飛機場 踱步 (助手)
H123,28/12/2022,踱步,從化,內圈,從化 內圈,,,,,,助手,,快踱一圈,H,內圈 快踱一圈 (助手)
H123,27/12/2022,踱步,從化,內圈,從化 內圈,,,,,,助手,,快踱一圈,H,內圈 快踱一圈 (助手)
H123,26/12/2022,快操,從化,全天候,從化 全天候,,56.6,56.6,30.2 26.4,,助手,,快操,H,30.2 26.4 (56.6) (助手)
H123,26/12/2022,踱步,從化,飛機場,從化 飛機場,,,,,,助手,,踱步,H,飛機場 踱步 (助手)
H123,25/12/2022,踱步,從化,內圈,從化 內圈,,,,,,助手,,快踱一圈,H,內圈 快踱一圈 (助手)
H123,24/12/2022,踱步,從化,內圈,從化 內圈,,,,,,助手,,快踱一圈,H,內圈 快踱一圈 (助手)
H123,23/12/2022,踱步,從化,內圈,從化 內圈,,,,,,助手,,快踱一圈,H,內圈 快踱一圈 (助手)
H123,22/12/2022,快操,從化,全天候,從化 全天候,,58.1,58.1,30.7 27.4,,助手,,快操,H,30.7 27.4 (58.1) (助手)
H123,22/12/2022,踱步,從化,飛機場,從化 飛機場,,,,,,助手,,踱步,H,飛機場 踱步 (助手)
H123,21/12/2022,踱步,從化,內圈,從化 內圈,,,,,,助手,,快踱一圈,H,內圈 快踱一圈 (助手)
H123,20/12/2022,踱步,從化,內圈,從化 內圈,,,,,,助手,,快踱一圈,H,內圈 快踱一圈 (助手)
H123,19/12/2022,踱步,從化,內圈,從化 內圈,,,,,,助手,,倒快一圈,H,內圈 倒快一圈 (助手)
H123,18/12/2022,快操,從化,全天候,從化 全天候,,58.7,58.7,31.9 26.8,,助手,,快操,H,31.9 26.8 (58.7) (助手)
H123,18/12/2022,踱步,從化,飛機場,從化 飛機場,,,,,,助手,,踱步,H,飛機場 踱步 (助手)
H123,17/12/2022,踱步,從化,內圈,從化 內圈,,,,,,助手,,快踱一圈,H,內圈 快踱一圈 (助手)
H123,16/12/2022,踱步,從化,內圈,從化 內圈,,,,,,助手,,快踱一圈,H,內圈 快踱一圈 (助手)
H123,15/12/2022,踱步,從化,內圈,從化 內圈,,,,,,助手,,倒快一圈,H,內圈 倒快一圈 (助手)
H123,14/12/2022,快操,從化,全天候,從化 全天候,,58.2,58.2,32.2 26.0,,助手,,快操,H,32.2 26.0 (58.2) (助手)
H123,14/12/2022,踱步,從化,飛機場,從化 飛機場,,,,,,助手,,踱步,H,飛機場 踱步 (助手)
H123,13/12/2022,踱步,從化,內圈,從化 內圈,,,,,,助手,,快踱一圈,H,內圈 快踱一圈 (助手)
H123,12/12/2022,踱步,從化,內圈,從化 內圈,,,,,,助手,,倒快一圈,H,內圈 倒快一圈 (助手)
H123,11/12/2022,踱步,從化,內圈,從化 內圈,,,,,,助手,,快踱一圈,H,內圈 快踱一圈 (助手)
H123,10/12/2022,踱步,從化,飛機場,從化 飛機場,,,,,,助手,,踱步,H,飛機場 踱步 (助手)
H123,08/12/2022,試閘,從化,草地,從化 草地,1200M,1.11.19,71.19,24.9 23.2 23.0,合夥雄心,楊東俊,,第4組,B,第4組 (楊東俊) 1200M 合夥雄心 24.9 23.2 23.0 (1.11.19)
H123,08/12/2022,踱步,從化,飛機場,從化 飛機場,,,,,,助手,,踱步,B,飛機場 踱步 (助手)
H123,07/12/2022,踱步,從化,內圈,從化 內圈,,,,,,助手,,快踱一圈,H,內圈 快踱一圈 (助手)
H123,06/12/2022,踱步,從化,內圈,從化 內圈,,,,,,助手,,快踱一圈,H,內圈 快踱一圈 (助手)
H123,05/12/2022,快操,從化,全天候,從化 全天候,,59.6,59.6,32.5 27.1,,助手,,快操,H,32.5 27.1 (59.6) (助手)
H123,05/12/2022,踱步,從化,飛機場,從化 飛機場,,,,,,助手,,踱步,H,飛機場 踱步 (助手)
H123,04/12/2022,踱步,從化,內圈,從化 內圈,,,,,,助手,,快踱一圈,H,內圈 快踱一圈 (助手)
H123,03/12/2022,踱步,從化,內圈,從化 內圈,,,,,,助手,,快踱一圈,H,內圈 快踱一圈 (助手)
H123,02/12/2022,快操,從化,全天候,從化 全天候,,57.2,57.2,31.1 26.1,,助手,,快操,H,31.1 26.1 (57.2) (助手)
H123,02/12/2022,踱步,從化,飛機場,從化 飛機場,,,,,,助手,,踱步,H,飛機場 踱步 (助手)
H123,01/12/2022,踱步,從化,內圈,從化 內圈,,,,,,助手,,倒快一圈,H,內圈 倒快一圈 (助手)
H123,30/11/2022,踱步,從化,內圈,從化 內圈,,,,,,助手,,快踱一圈,H,內圈 快踱一圈 (助手)
H123,29/11/2022,踱步,從化,內圈,從化 內圈,,,,,,助手,,快踱一圈,H,內圈 快踱一圈 (助手)
H123,28/11/2022,快操,從化,全天候,從化 全天候,,58.5,58.5,31.3 27.2,,助手,,快操,H,31.3 27.2 (58.5) (助手)
H123,28/11/2022,踱步,從化,飛機場,從化 飛機場,,,,,,助手,,踱步,H,飛機場 踱步 (助手)
H123,27/11/2022,踱步,從化,內圈,從化 內圈,,,,,,助手,,快踱一圈,H,內圈 快踱一圈 (助手)
H123,26/11/2022,踱步,從化,內圈,從化 內圈,,,,,,助手,,快踱一圈,H,內圈 快踱一圈 (助手)
H123,25/11/2022,踱步,從化,內圈,從化 內圈,,,,,,助手,,快踱一圈,H,內圈 快踱一圈 (助手)
H123,24/11/2022,快操,從化,全天候,從化 全天候,,59.9,59.9,32.3 27.6,,助手,,快操,H,32.3 27.6 (59.9) (助手)
H123,24/11/2022,踱步,從化,飛機場,從化 飛機場,,,,,,助手,,踱步,H,飛機場 踱步 (助手)
H123,23/11/2022,踱步,從化,內圈,從化 內圈,,,,,,助手,,快踱一圈,H,內圈 快踱一圈 (助手)
H123,22/11/2022,踱步,沙田,內圈,沙田 內圈,,,,,,助手,,快踱一圈,H,內圈 快踱一圈 (助手)
H123,21/11/2022,踱步,沙田,內圈,沙田 內圈,,,,,,助手,,倒快一圈,H,內圈 倒快一圈 (助手)
H123,20/11/2022,踱步,沙田,內圈,沙田 內圈,,,,,,助手,,快踱一圈,H,內圈 快踱一圈 (助手)
H123,19/11/2022,踱步,沙田,內圈,沙田 內圈,,,,,,助手,,快踱一圈,H,內圈 快踱一圈 (助手)
H123,18/11/2022,踱步,沙田,內圈,沙田 內圈,,,,,,助手,,快踱一圈,H,內圈 快踱一圈 (助手)
H123,17/11/2022,踱步,沙田,飛機場,沙田 飛機場,,,,,,助手,,踱步,H,飛機場 踱步 (助手)
H123,16/11/2022,踱步,沙田,飛機場,沙田 飛機場,,,,,,助手,,踱步,H,飛機場 踱步 (助手)
H123,15/11/2022,踱步,沙田,飛機場,沙田 飛機場,,,,,,助手,,踱步,H,飛機場 踱步 (助手)
H123,13/11/2022,踱步,沙田,內圈,沙田 內圈,,,,,,助手,,快踱一圈,H,內圈 快踱一圈 (助手)
H123,12/11/2022,踱步,沙田,內圈,沙田 內圈,,,,,,助手,,快踱一圈,H,內圈 快踱一圈 (助手)
H123,11/11/2022,踱步,沙田,內圈,沙田 內圈,,,,,,助手,,快踱一圈,H,內圈 快踱一圈 (助手)
H123,08/11/2022,試閘,沙田,草地,沙田 草地,1000M,0.58.38,58.38,13.7 21.9 22.7,金爵士,蔡明紹,,第2組,B,第2組 (蔡明紹) 1000M 金爵士 13.7 21.9 22.7 (0.58.38)
H123,07/11/2022,踱步,沙田,內圈,沙田 內圈,,,,,,助手,,倒快一圈,H,內圈 倒快一圈 (助手)
H123,06/11/2022,踱步,沙田,內圈,沙田 內圈,,,,,,助手,,快踱一圈,H,內圈 快踱一圈 (助手)
H123,05/11/2022,快操,沙田,全天候,沙田 全天候,,1.00.5,60.5,32.5 28.0,,助手,,獎星,H,32.5 28.0 (1.00.5) (助手) 獎星
H123,05/11/2022,踱步,沙田,飛機場,沙田 飛機場,,,,,,助手,,踱步,H,飛機場 踱步 (助手)
H123,04/11/2022,踱步,沙田,內圈,沙田 內圈,,,,,,助手,,快踱一圈,H,內圈 快踱一圈 (助手)
H123,03/11/2022,踱步,沙田,內圈,沙田 內圈,,,,,,助手,,倒快一圈,H,內圈 倒快一圈 (助手)
H123,02/11/2022,踱步,沙田,內圈,沙田 內圈,,,,,,助手,,快踱一圈,H,內圈 快踱一圈 (助手)
H123,01/11/2022,快操,沙田,全天候,沙田 全天候,,59.0,59.0,32.0 27.0,,助手,,快操,H,32.0 27.0 (59.0) (助手)
H123,01/11/2022,踱步,沙田,飛機場,沙田 飛機場,,,,,,助手,,踱步,H,飛機場 踱步 (助手)
H123,31/10/2022,踱步,沙田,內圈,沙田 內圈,,,,,,助手,,倒快一圈,H,內圈 倒快一圈 (助手)
H123,30/10/2022,踱步,沙田,內圈,沙田 內圈,,,,,,助手,,快踱一圈,H,內圈 快踱一圈 (助手)
H123,29/10/2022,踱步,沙田,內圈,沙田 內圈,,,,,,助手,,快踱一圈,H,內圈 快踱一圈 (助手)
H123,28/10/2022,快操,沙田,全天候,沙田 全天候,,58.4,58.4,31.8 26.6,,助手,,快操,H,31.8 26.6 (58.4) (助手)
H123,28/10/2022,踱步,沙田,飛機場,沙田 飛機場,,,,,,助手,,踱步,H,飛機場 踱步 (助手)
H123,27/10/2022,踱步,沙田,內圈,沙田 內圈,,,,,,助手,,倒快一圈,H,內圈 倒快一圈 (助手)
H123,26/10/2022,踱步,沙田,內圈,沙田 內圈,,,,,,助手,,快踱一圈,H,內圈 快踱一圈 (助手)
H123,25/10/2022,踱步,沙田,內圈,沙田 內圈,,,,,,助手,,快踱一圈,H,內圈 快踱一圈 (助手)
H123,24/10/2022,快操,沙田,草閘,沙田 草閘,,54.5,54.5,28.4 26.1,,潘頓,,大紅袍,H,28.4 26.1 (54.5) (潘頓) 大紅袍
H123,24/10/2022,踱步,沙田,飛機場,沙田 飛機場,,,,,,助手,,踱步,H,飛機場 踱步 (助手)
H123,23/10/2022,踱步,沙田,內圈,沙田 內圈,,,,,,助手,,快踱一圈,H,內圈 快踱一圈 (助手)
H123,22/10/2022,踱步,沙田,內圈,沙田 內圈,,,,,,助手,,快踱一圈,H,內圈 快踱一圈 (助手)
H123,21/10/2022,踱步,沙田,內圈,沙田 內圈,,,,,,助手,,快踱一圈,H,內圈 快踱一圈 (助手)
H123,20/10/2022,踱步,沙田,內圈,沙田 內圈,,,,,,助手,,倒快一圈,H,內圈 倒快一圈 (助手)
H123,19/10/2022,快操,沙田,全天候,沙田 全天候,,57.9,57.9,30.8 27.1,,助手,,快操,H,30.8 27.1 (57.9) (助手)
H123,19/10/2022,踱步,沙田,飛機場,沙田 飛機場,,,,,,助手,,踱步,H,飛機場 踱步 (助手)
H123,18/10/2022,踱步,沙田,內圈,沙田 內圈,,,,,,助手,,快踱一圈,H,內圈 快踱一圈 (助手)
H123,17/10/2022,踱步,沙田,內圈,沙田 內圈,,,,,,助手,,倒快一圈,H,內圈 倒快一圈 (助手)
H123,16/10/2022,踱步,沙田,內圈,沙田 內圈,,,,,,助手,,快踱一圈,H,內圈 快踱一圈 (助手)
H123,15/10/2022,快操,沙田,全天候,沙田 全天候,,59.5,59.5,32.0 27.5,,助手,,快操,H,32.0 27.5 (59.5) (助手)
H123,15/10/2022,踱步,沙田,飛機場,沙田 飛機場,,,,,,助手,,踱步,H,飛機場 踱步 (助手)
H123,14/10/2022,踱步,沙田,內圈,沙田 內圈,,,,,,助手,,快踱一圈,H,內圈 快踱一圈 (助手)
H123,13/10/2022,踱步,沙田,內圈,沙田 內圈,,,,,,助手,,倒快一圈,H,內圈 倒快一圈 (助手)
H123,12/10/2022,踱步,沙田,內圈,沙田 內圈,,,,,,助手,,快踱一圈,,內圈 快踱一圈 (助手)
H123,11/10/2022,快操,沙田,全天候,沙田 全天候,,58.7,58.7,31.2 27.5,,助手,,快操,H,31.2 27.5 (58.7) (助手)
H123,11/10/2022,踱步,沙田,飛機場,沙田 飛機場,,,,,,助手,,踱步,H,飛機場 踱步 (助手)
H123,09/10/2022,踱步,沙田,內圈,沙田 內圈,,,,,,助手,,快踱一圈,H,內圈 快踱一圈 (助手)
H123,08/10/2022,踱步,沙田,內圈,沙田 內圈,,,,,,助手,,快踱一圈,H,內圈 快踱一圈 (助手)
H123,07/10/2022,快操,沙田,全天候,沙田 全天候,,1.00.4,60.4,32.2 28.2,,助手,,快操,H,32.2 28.2 (1.00.4) (助手)
H123,07/10/2022,踱步,沙田,飛機場,沙田 飛機場,,,,,,助手,,踱步,H,飛機場 踱步 (助手)
H123,06/10/2022,踱步,沙田,內圈,沙田 內圈,,,,,,助手,,倒快一圈,H,內圈 倒快一圈 (助手)
H123,05/10/2022,踱步,沙田,內圈,沙田 內圈,,,,,,助手,,快踱一圈,H,內圈 快踱一圈 (助手)
H123,04/10/2022,踱步,沙田,內圈,沙田 內圈,,,,,,助手,,快踱一圈,H,內圈 快踱一圈 (助手)
H123,03/10/2022,快操,沙田,全天候,沙田 全天候,,59.4,59.4,32.1 27.3,,助手,,快操,H,32.1 27.3 (59.4) (助手)
H123,03/10/2022,踱步,沙田,飛機場,沙田 飛機場,,,,,,助手,,踱步,H,飛機場 踱步 (助手)
H123,02/10/2022,踱步,沙田,內圈,沙田 內圈,,,,,,助手,,快踱一圈,H,內圈 快踱一圈 (助手)
H123,01/10/2022,踱步,沙田,內圈,沙田 內圈,,,,,,助手,,快踱一圈,H,內圈 快踱一圈 (助手)
H123,30/09/2022,踱步,沙田,內圈,沙田 內圈,,,,,,助手,,快踱一圈,H,內圈 快踱一圈 (助手)
H123,29/09/2022,快操,沙田,全天候,沙田 全天候,,30.6,30.6,30.6,,助手,,快操,H,30.6 (30.6) (助手)
H123,29/09/2022,踱步,沙田,飛機場,沙田 飛機場,,,,,,助手,,踱步,H,飛機場 踱步 (助手)
H123,28/09/2022,踱步,沙田,內圈,沙田 內圈,,,,,,助手,,快踱一圈,H,內圈 快踱一圈 (助手)
H123,27/09/2022,踱步,沙田,內圈,沙田 內圈,,,,,,助手,,快踱一圈,H,內圈 快踱一圈 (助手)
H123,26/09/2022,踱步,沙田,內圈,沙田 內圈,,,,,,助手,,倒快一圈,H,內圈 倒快一圈 (助手)
H123,25/09/2022,踱步,沙田,內圈,沙田 內圈,,,,,,助手,,快踱一圈,H,內圈 快踱一圈 (助手)
H123,24/09/2022,踱步,沙田,內圈,沙田 內圈,,,,,,助手,,快踱一圈,H,內圈 快踱一圈 (助手)
H123,23/09/2022,快操,沙田,全天候,沙田 全天候,,30.2,30.2,30.2,,助手,,快操,H,30.2 (30.2) (助手)
H123,23/09/2022,踱步,沙田,飛機場,沙田 飛機場,,,,,,助手,,踱步,H,飛機場 踱步 (助手)
H123,22/09/2022,踱步,沙田,內圈,沙田 內圈,,,,,,助手,,倒快一圈,H,內圈 倒快一圈 (助手)
H123,21/09/2022,踱步,沙田,內圈,沙田 內圈,,,,,,助手,,快踱一圈,H,內圈 快踱一圈 (助手)
H123,20/09/2022,游水,沙田,,沙田,,,,,,,,游水,,
H123,20/09/2022,踱步,沙田,內圈,沙田 內圈,,,,,,助手,,快踱一圈,H,內圈 快踱一圈 (助手)
H123,19/09/2022,游水,沙田,,沙田,,,,,,,,游水,,
H123,19/09/2022,踱步,沙田,內圈,沙田 內圈,,,,,,助手,,倒快一圈,H,內圈 倒快一圈 (助手)
H123,18/09/2022,踱步,沙田,內圈,沙田 內圈,,,,,,助手,,快踱一圈,H,內圈 快踱一圈 (助手)
H123,17/09/2022,踱步,沙田,內圈,沙田 內圈,,,,,,助手,,快踱一圈,H,內圈 快踱一圈 (助手)
H123,16/09/2022,踱步,沙田,飛機場,沙田 飛機場,,,,,,助手,,踱步,H,飛機場 踱步 (助手)
H123,15/09/2022,踱步,沙田,飛機場,沙田 飛機場,,,,,,助手,,踱步,H,飛機場 踱步 (助手)
H123,14/09/2022,踱步,沙田,飛機場,沙田 飛機場,,,,,,助手,,踱步,H,飛機場 踱步 (助手)
H123,13/09/2022,踱步,沙田,飛機場,沙田 飛機場,,,,,,助手,,踱步,H,飛機場 踱步 (助手)
H123,12/09/2022,踱步,沙田,飛機場,沙田 飛機場,,,,,,助手,,踱步,H,飛機場 踱步 (助手)
