horse_no,date,work_type,racecourse,track,venue,distance,time,time_sec,splits,partner,rider,placing,comment,gear,workout_details
H165,09/09/2026,踱步,沙田,內圈,沙田 內圈,,,,,,助手,,快踱一圈,H,內圈 快踱一圈 (助手)
H165,08/09/2026,游水,沙田,,沙田,,,,,,,,游水,,
H165,08/09/2026,快操,沙田,全天候,沙田 全天候,,1.01.1,61.1,32.5 28.6,,助手,,快操,H,32.5 28.6 (1.01.1) (助手)
H165,08/09/2026,踱步,沙田,飛機場,沙田 飛機場,,,,,,助手,,踱步,H,飛機場 踱步 (助手)
H165,07/09/2026,游水,沙田,,沙田,,,,,,,,游水,,
H165,07/09/2026,踱步,沙田,內圈,沙田 內圈,,,,,,助手,,倒快兩圈,,內圈 倒快兩圈 (助手)
H165,06/09/2026,游水,沙田,,沙田,,,,,,,,游水,,
H165,06/09/2026,踱步,沙田,內圈,沙田 內圈,,,,,,助手,,快踱一圈,,內圈 快踱一圈 (助手)
H165,05/09/2026,游水,沙田,,沙田,,,,,,,,游水,,
H165,05/09/2026,踱步,沙田,內圈,沙田 內圈,,,,,,助手,,快踱一圈,,內圈 快踱一圈 (助手)
H165,04/09/2026,游水,沙田,,沙田,,,,,,,,游水,,
H165,04/09/2026,踱步,沙田,內圈,沙田 內圈,,,,,,助手,,快踱一圈,,內圈 快踱一圈 (助手)
H165,03/09/2026,游水,沙田,,沙田,,,,,,,,游水,,
H165,03/09/2026,踱步,沙田,飛機場,沙田 飛機場,,,,,,助手,,踱步,,飛機場 踱步 (助手)
H165,01/09/2026,試閘,沙田,全天候,沙田 全天候,1200M,1.11.93,71.93,24.7 23.4 23.8,風起雲湧,楊明綸,,第4組,PC,第4組 (楊明綸) 1200M 風起雲湧 24.7 23.4 23.8 (1.11.93)
H165,01/09/2026,踱步,沙田,飛機場,沙田 飛機場,,,,,,助手,,踱步,,飛機場 踱步 (助手)
H165,31/08/2026,游水,沙田,,沙田,,,,,,,,游水,,
H165,31/08/2026,踱步,沙田,內圈,沙田 內圈,,,,,,助手,,倒快兩圈,,內圈 倒快兩圈 (助手)
H165,30/08/2026,游水,沙田,,沙田,,,,,,,,游水,,
H165,30/08/2026,踱步,沙田,內圈,沙田 內圈,,,,,,助手,,快踱一圈,H,內圈 快踱一圈 (助手)
H165,29/08/2026,游水,沙田,,沙田,,,,,,,,游水,,
H165,29/08/2026,踱步,沙田,內圈,沙田 內圈,,,,,,助手,,快踱一圈,,內圈 快踱一圈 (助手)
H165,28/08/2026,游水,沙田,,沙田,,,,,,,,游水,,
H165,28/08/2026,快操,沙田,全天候,沙田 全天候,,55.1,55.1,29.8 25.3,,助手,,大浪圖田,H/P,29.8 25.3 (55.1) (助手) 大浪圖田
H165,28/08/2026,踱步,沙田,飛機場,沙田 飛機場,,,,,,助手,,踱步,H/P,飛機場 踱步 (助手)
H165,27/08/2026,游水,沙田,,沙田,,,,,,,,游水,,
H165,27/08/2026,踱步,沙田,內圈,沙田 內圈,,,,,,助手,,倒快兩圈,,內圈 倒快兩圈 (助手)
H165,26/08/2026,游水,沙田,,沙田,,,,,,,,游水,,
H165,26/08/2026,踱步,沙田,內圈,沙田 內圈,,,,,,助手,,快踱一圈,,內圈 快踱一圈 (助手)
H165,25/08/2026,游水,沙田,,沙田,,,,,,,,游水,,
H165,25/08/2026,踱步,沙田,內圈,沙田 內圈,,,,,,助手,,快踱一圈,,內圈 快踱一圈 (助手)
H165,24/08/2026,游水,沙田,,沙田,,,,,,,,游水,,
H165,24/08/2026,快操,沙田,全天候,沙田 全天候,,58.0,58.0,32.0 26.0,,副練馬師,,戰騎飛,H,32.0 26.0 (58.0) (副練馬師) 戰騎飛
H165,24/08/2026,踱步,沙田,飛機場,沙田 飛機場,,,,,,副練馬師,,踱步,H,飛機場 踱步 (副練馬師)
H165,23/08/2026,游水,沙田,,沙田,,,,,,,,游水,,
H165,23/08/2026,踱步,沙田,內圈,沙田 內圈,,,,,,助手,,快踱一圈,,內圈 快踱一圈 (助手)
H165,22/08/2026,游水,沙田,,沙田,,,,,,,,游水,,
H165,22/08/2026,踱步,沙田,內圈,沙田 內圈,,,,,,助手,,快踱兩圈,,內圈 快踱兩圈 (助手)
H165,21/08/2026,游水,沙田,,沙田,,,,,,,,游水,,
H165,21/08/2026,踱步,沙田,內圈,沙田 內圈,,,,,,助手,,快踱一圈,,內圈 快踱一圈 (助手)
H165,20/08/2026,游水,沙田,,沙田,,,,,,,,游水,,
H165,20/08/2026,快操,沙田,全天候,沙田 全天候,,59.0,59.0,31.7 27.3,,助手,,戰騎飛,H,31.7 27.3 (59.0) (助手) 戰騎飛
H165,20/08/2026,踱步,沙田,飛機場,沙田 飛機場,,,,,,助手,,踱步,H,飛機場 踱步 (助手)
H165,19/08/2026,游水,沙田,,沙田,,,,,,,,游水,,
H165,19/08/2026,踱步,沙田,內圈,沙田 內圈,,,,,,助手,,快踱一圈,,內圈 快踱一圈 (助手)
H165,18/08/2026,游水,沙田,,沙田,,,,,,,,游水,,
H165,18/08/2026,踱步,沙田,內圈,沙田 內圈,,,,,,助手,,快踱兩圈,,內圈 快踱兩圈 (助手)
H165,17/08/2026,游水,沙田,,沙田,,,,,,,,游水,,
H165,16/08/2026,游水,沙田,,沙田,,,,,,,,游水,,
H165,16/08/2026,快操,沙田,全天候,沙田 全天候,,55.2,55.2,30.1 25.1,,助手,,快操,,30.1 25.1 (55.2) (助手)
H165,16/08/2026,踱步,沙田,飛機場,沙田 飛機場,,,,,,助手,,踱步,,飛機場 踱步 (助手)
H165,15/08/2026,游水,沙田,,沙田,,,,,,,,游水,,
H165,15/08/2026,踱步,沙田,內圈,沙田 內圈,,,,,,助手,,快踱一圈,,內圈 快踱一圈 (助手)
H165,14/08/2026,游水,沙田,,沙田,,,,,,,,游水,,
H165,14/08/2026,踱步,沙田,內圈,沙田 內圈,,,,,,助手,,快踱一圈,,內圈 快踱一圈 (助手)
H165,13/08/2026,游水,沙田,,沙田,,,,,,,,游水,,
H165,13/08/2026,踱步,沙田,內圈,沙田 內圈,,,,,,助手,,倒快兩圈,,內圈 倒快兩圈 (助手)
H165,12/08/2026,游水,沙田,,沙田,,,,,,,,游水,,
H165,12/08/2026,快操,沙田,全天候,沙田 全天候,,58.9,58.9,32.0 26.9,,助手,,快操,H,32.0 26.9 (58.9) (助手)
H165,12/08/2026,踱步,沙田,飛機場,沙田 飛機場,,,,,,助手,,踱步,H,飛機場 踱步 (助手)
H165,11/08/2026,游水,沙田,,沙田,,,,,,,,游水,,
H165,11/08/2026,踱步,沙田,內圈,沙田 內圈,,,,,,助手,,快踱一圈,,內圈 快踱一圈 (助手)
H165,10/08/2026,游水,沙田,,沙田,,,,,,,,游水,,
H165,10/08/2026,踱步,沙田,內圈,沙田 內圈,,,,,,助手,,倒快兩圈,,內圈 倒快兩圈 (助手)
H165,09/08/2026,游水,沙田,,沙田,,,,,,,,游水,,
H165,09/08/2026,踱步,沙田,內圈,沙田 內圈,,,,,,助手,,快踱一圈,,內圈 快踱一圈 (助手)
H165,08/08/2026,游水,沙田,,沙田,,,,,,,,游水,,
H165,08/08/2026,快操,沙田,全天候,沙田 全天候,,1.03.9,63.9,33.9 30.0,,助手,,快操,H,33.9 30.0 (1.03.9) (助手)
H165,08/08/2026,踱步,沙田,飛機場,沙田 飛機場,,,,,,助手,,踱步,H,飛機場 踱步 (助手)
H165,07/08/2026,游水,沙田,,沙田,,,,,,,,游水,,
H165,07/08/2026,踱步,沙田,內圈,沙田 內圈,,,,,,助手,,快踱一圈,,內圈 快踱一圈 (助手)
H165,06/08/2026,游水,沙田,,沙田,,,,,,,,游水,,
H165,06/08/2026,踱步,沙田,內圈,沙田 內圈,,,,,,助手,,倒快一圈,,內圈 倒快一圈 (助手)
H165,05/08/2026,踱步,從化,內圈,從化 內圈,,,,,,助手,,快踱一圈,H,內圈 快踱一圈 (助手)
H165,04/08/2026,游水,從化,,從化,,,,,,,,游水,,
H165,04/08/2026,踱步,從化,內圈,從化 內圈,,,,,,助手,,快踱一圈,H,內圈 快踱一圈 (助手)
H165,03/08/2026,馬匹水中步行機,從化,,從化,,,,,,,,馬匹水中步行機,,
H165,03/08/2026,游水,從化,,從化,,,,,,,,游水,,
H165,02/08/2026,游水,從化,,從化,,,,,,,,游水,,
H165,02/08/2026,踱步,從化,內圈,從化 內圈,,,,,,助手,,快踱一圈,H,內圈 快踱一圈 (助手)
H165,01/08/2026,游水,從化,,從化,,,,,,,,游水,,
H165,01/08/2026,踱步,從化,內圈,從化 內圈,,,,,,助手,,快踱一圈,H,內圈 快踱一圈 (助手)
H165,31/07/2026,踱步,從化,內圈,從化 內圈,,,,,,助手,,快踱一圈,H,內圈 快踱一圈 (助手)
H165,30/07/2026,踱步,從化,內圈,從化 內圈,,,,,,助手,,快踱一圈,H,內圈 快踱一圈 (助手)
H165,29/07/2026,馬匹水中步行機,從化,,從化,,,,,,,,馬匹水中步行機,,
H165,29/07/2026,踱步,從化,飛機場,從化 飛機場,,,,,,助手,,踱步,H,飛機場 踱步 (助手)
H165,28/07/2026,踱步,從化,飛機場,從化 飛機場,,,,,,助手,,踱步,H,飛機場 踱步 (助手)
H165,27/07/2026,馬匹水中步行機,從化,,從化,,,,,,,,馬匹水中步行機,,
H165,27/07/2026,踱步,從化,飛機場,從化 飛機場,,,,,,助手,,踱步,H,飛機場 踱步 (助手)
H165,25/07/2026,踱步,從化,飛機場,從化 飛機場,,,,,,助手,,踱步,H,飛機場 踱步 (助手)
H165,24/07/2026,踱步,從化,飛機場,從化 飛機場,,,,,,助手,,踱步,H,飛機場 踱步 (助手)
H165,23/07/2026,踱步,從化,飛機場,從化 飛機場,,,,,,助手,,踱步,H,飛機場 踱步 (助手)
H165,22/07/2026,馬匹水中步行機,從化,,從化,,,,,,,,馬匹水中步行機,,
H165,20/07/2026,馬匹水中步行機,從化,,從化,,,,,,,,馬匹水中步行機,,
H165,19/07/2026,馬匹水中步行機,從化,,從化,,,,,,,,馬匹水中步行機,,
H165,17/07/2026,馬匹水中步行機,從化,,從化,,,,,,,,馬匹水中步行機,,
H165,27/06/2026,出賽,沙田,全天候,沙田 全天候,1650M,,,,,楊明綸,3/14,出賽,PC,1650M (楊明綸) (3/14)
H165,27/06/2026,踱步,沙田,飛機場,沙田 飛機場,,,,,,助手,,踱步,,飛機場 踱步 (助手)
H165,26/06/2026,踱步,沙田,內圈,沙田 內圈,,,,,,助手,,快踱一圈,,內圈 快踱一圈 (助手)
H165,25/06/2026,踱步,沙田,內圈,沙田 內圈,,,,,,助手,,倒快兩圈,,內圈 倒快兩圈 (助手)
H165,24/06/2026,踱步,沙田,內圈,沙田 內圈,,,,,,助手,,快踱一圈,,內圈 快踱一圈 (助手)
H165,23/06/2026,快操,沙田,全天候,沙田 全天候,,57.3,57.3,31.3 26.0,,楊明綸,,快操,B,31.3 26.0 (57.3) (楊明綸)
H165,22/06/2026,游水,沙田,,沙田,,,,,,,,游水,,
H165,22/06/2026,踱步,沙田,內圈,沙田 內圈,,,,,,助手,,倒快兩圈,,內圈 倒快兩圈 (助手)
H165,21/06/2026,游水,沙田,,沙田,,,,,,,,游水,,
H165,21/06/2026,踱步,沙田,內圈,沙田 內圈,,,,,,助手,,快踱一圈,,內圈 快踱一圈 (助手)
H165,20/06/2026,游水,沙田,,沙田,,,,,,,,游水,,
H165,20/06/2026,踱步,沙田,內圈,沙田 內圈,,,,,,助手,,快踱一圈,,內圈 快踱一圈 (助手)
H165,19/06/2026,游水,沙田,,沙田,,,,,,,,游水,,
H165,19/06/2026,踱步,沙田,內圈,沙田 內圈,,,,,,助手,,快踱一圈,,內圈 快踱一圈 (助手)
H165,18/06/2026,游水,沙田,,沙田,,,,,,,,游水,,
H165,18/06/2026,快操,沙田,全天候,沙田 全天候,,30.4,30.4,30.4,,助手,,快操,H,30.4 (30.4) (助手)
H165,18/06/2026,踱步,沙田,飛機場,沙田 飛機場,,,,,,助手,,踱步,H,飛機場 踱步 (助手)
H165,17/06/2026,游水,沙田,,沙田,,,,,,,,游水,,
H165,17/06/2026,踱步,沙田,內圈,沙田 內圈,,,,,,助手,,快踱一圈,,內圈 快踱一圈 (助手)
H165,16/06/2026,游水,沙田,,沙田,,,,,,,,游水,,
H165,16/06/2026,踱步,沙田,內圈,沙田 內圈,,,,,,助手,,快踱一圈,,內圈 快踱一圈 (助手)
H165,15/06/2026,游水,沙田,,沙田,,,,,,,,游水,,
H165,15/06/2026,踱步,沙田,內圈,沙田 內圈,,,,,,助手,,倒快一圈,,內圈 倒快一圈 (助手)
H165,14/06/2026,游水,沙田,,沙田,,,,,,,,游水,,
H165,14/06/2026,踱步,沙田,內圈,沙田 內圈,,,,,,助手,,快踱一圈,,內圈 快踱一圈 (助手)
H165,13/06/2026,游水,沙田,,沙田,,,,,,,,游水,,
H165,13/06/2026,踱步,沙田,飛機場,沙田 飛機場,,,,,,助手,,踱步,,飛機場 踱步 (助手)
H165,11/06/2026,試閘,沙田,全天候,沙田 全天候,1200M,1.10.66,70.66,25.4 23.0 22.2,手機錶霸,楊明綸,,第1組,PC,第1組 (楊明綸) 1200M 手機錶霸 25.4 23.0 22.2 (1.10.66)
H165,11/06/2026,踱步,沙田,飛機場,沙田 飛機場,,,,,,助手,,踱步,,飛機場 踱步 (助手)
H165,10/06/2026,游水,沙田,,沙田,,,,,,,,游水,,
H165,10/06/2026,踱步,沙田,內圈,沙田 內圈,,,,,,助手,,快踱一圈,,內圈 快踱一圈 (助手)
H165,09/06/2026,游水,沙田,,沙田,,,,,,,,游水,,
H165,09/06/2026,踱步,沙田,內圈,沙田 內圈,,,,,,助手,,快踱一圈,,內圈 快踱一圈 (助手)
H165,08/06/2026,游水,沙田,,沙田,,,,,,,,游水,,
H165,08/06/2026,踱步,沙田,內圈,沙田 內圈,,,,,,助手,,倒快兩圈,,內圈 倒快兩圈 (助手)
H165,07/06/2026,游水,沙田,,沙田,,,,,,,,游水,,
H165,06/06/2026,游水,沙田,,沙田,,,,,,,,游水,,
H165,06/06/2026,踱步,沙田,內圈,沙田 內圈,,,,,,助手,,快踱一圈,,內圈 快踱一圈 (助手)
H165,05/06/2026,游水,沙田,,沙田,,,,,,,,游水,,
H165,05/06/2026,踱步,沙田,內圈,沙田 內圈,,,,,,助手,,快踱一圈,,內圈 快踱一圈 (助手)
H165,04/06/2026,游水,沙田,,沙田,,,,,,,,游水,,
H165,04/06/2026,快操,沙田,全天候,沙田 全天候,,1.24.9,84.9,32.2 28.5 24.2,,楊明綸,,風雲,PC,32.2 28.5 24.2 (1.24.9) (楊明綸) 風雲
H165,04/06/2026,踱步,沙田,飛機場,沙田 飛機場,,,,,,助手,,踱步,PC,飛機場 踱步 (助手)
H165,03/06/2026,游水,沙田,,沙田,,,,,,,,游水,,
H165,03/06/2026,踱步,沙田,內圈,沙田 內圈,,,,,,助手,,快踱一圈,,內圈 快踱一圈 (助手)
H165,02/06/2026,游水,沙田,,沙田,,,,,,,,游水,,
H165,02/06/2026,踱步,沙田,內圈,沙田 內圈,,,,,,助手,,快踱一圈,,內圈 快踱一圈 (助手)
H165,01/06/2026,游水,沙田,,沙田,,,,,,,,游水,,
H165,01/06/2026,踱步,沙田,內圈,沙田 內圈,,,,,,助手,,倒快兩圈,,內圈 倒快兩圈 (助手)
H165,31/05/2026,游水,沙田,,沙田,,,,,,,,游水,,
H165,31/05/2026,快操,沙田,全天候,沙田 全天候,,52.9,52.9,28.4 24.5,,助手,,風雲,PC,28.4 24.5 (52.9) (助手) 風雲
H165,31/05/2026,踱步,沙田,飛機場,沙田 飛機場,,,,,,助手,,踱步,PC,飛機場 踱步 (助手)
H165,30/05/2026,游水,沙田,,沙田,,,,,,,,游水,,
H165,30/05/2026,踱步,沙田,內圈,沙田 內圈,,,,,,助手,,快踱一圈,,內圈 快踱一圈 (助手)
H165,29/05/2026,游水,沙田,,沙田,,,,,,,,游水,,
H165,29/05/2026,踱步,沙田,內圈,沙田 內圈,,,,,,助手,,快踱一圈,,內圈 快踱一圈 (助手)
H165,28/05/2026,游水,沙田,,沙田,,,,,,,,游水,,
H165,28/05/2026,踱步,沙田,內圈,沙田 內圈,,,,,,助手,,倒快兩圈,,內圈 倒快兩圈 (助手)
H165,27/05/2026,游水,沙田,,沙田,,,,,,,,游水,,
H165,27/05/2026,快操,沙田,全天候,沙田 全天候,,53.6,53.6,28.6 25.0,,助手,,文明福星,PC,28.6 25.0 (53.6) (助手) 文明福星
H165,27/05/2026,踱步,沙田,飛機場,沙田 飛機場,,,,,,助手,,踱步,PC,飛機場 踱步 (助手)
H165,26/05/2026,游水,沙田,,沙田,,,,,,,,游水,,
H165,26/05/2026,踱步,沙田,內圈,沙田 內圈,,,,,,助手,,快踱一圈,,內圈 快踱一圈 (助手)
H165,25/05/2026,游水,沙田,,沙田,,,,,,,,游水,,
H165,25/05/2026,踱步,沙田,內圈,沙田 內圈,,,,,,助手,,倒快兩圈,,內圈 倒快兩圈 (助手)
H165,24/05/2026,游水,沙田,,沙田,,,,,,,,游水,,
H165,23/05/2026,游水,沙田,,沙田,,,,,,,,游水,,
H165,23/05/2026,快操,沙田,全天候,沙田 全天候,,53.8,53.8,28.5 25.3,,助手,,天風雲,H,28.5 25.3 (53.8) (助手) 天風雲
H165,23/05/2026,踱步,沙田,飛機場,沙田 飛機場,,,,,,助手,,踱步,H,飛機場 踱步 (助手)
H165,22/05/2026,游水,沙田,,沙田,,,,,,,,游水,,
H165,22/05/2026,踱步,沙田,內圈,沙田 內圈,,,,,,助手,,快踱兩圈,,內圈 快踱兩圈 (助手)
H165,21/05/2026,游水,沙田,,沙田,,,,,,,,游水,,
H165,21/05/2026,踱步,沙田,內圈,沙田 內圈,,,,,,助手,,倒快兩圈,,內圈 倒快兩圈 (助手)
H165,20/05/2026,游水,沙田,,沙田,,,,,,,,游水,,
H165,20/05/2026,踱步,沙田,內圈,沙田 內圈,,,,,,助手,,快踱一圈,,內圈 快踱一圈 (助手)
H165,19/05/2026,游水,沙田,,沙田,,,,,,,,游水,,
H165,19/05/2026,快操,沙田,全天候,沙田 全天候,,57.1,57.1,31.0 26.1,,助手,,快操,H,31.0 26.1 (57.1) (助手)
H165,19/05/2026,踱步,沙田,飛機場,沙田 飛機場,,,,,,助手,,踱步,H,飛機場 踱步 (助手)
H165,18/05/2026,游水,沙田,,沙田,,,,,,,,游水,,
H165,18/05/2026,踱步,沙田,內圈,沙田 內圈,,,,,,助手,,倒快兩圈,,內圈 倒快兩圈 (助手)
H165,17/05/2026,踱步,沙田,內圈,沙田 內圈,,,,,,助手,,快踱一圈,,內圈 快踱一圈 (助手)
H165,16/05/2026,游水,沙田,,沙田,,,,,,,,游水,,
H165,16/05/2026,踱步,沙田,內圈,沙田 內圈,,,,,,助手,,快踱一圈,,內圈 快踱一圈 (助手)
H165,15/05/2026,游水,沙田,,沙田,,,,,,,,游水,,
H165,15/05/2026,快操,沙田,全天候,沙田 全天候,,59.8,59.8,31.6 28.2,,副練馬師,,快操,H,31.6 28.2 (59.8) (副練馬師)
H165,15/05/2026,踱步,沙田,飛機場,沙田 飛機場,,,,,,助手,,踱步,H,飛機場 踱步 (助手)
H165,14/05/2026,游水,沙田,,沙田,,,,,,,,游水,,
H165,14/05/2026,踱步,沙田,內圈,沙田 內圈,,,,,,助手,,倒快兩圈,,內圈 倒快兩圈 (助手)
H165,13/05/2026,游水,沙田,,沙田,,,,,,,,游水,,
H165,13/05/2026,踱步,沙田,內圈,沙田 內圈,,,,,,助手,,快踱一圈,,內圈 快踱一圈 (助手)
H165,12/05/2026,游水,沙田,,沙田,,,,,,,,游水,,
H165,12/05/2026,踱步,沙田,內圈,沙田 內圈,,,,,,副練馬師,,快踱一圈,,內圈 快踱一圈 (副練馬師)
H165,11/05/2026,游水,沙田,,沙田,,,,,,,,游水,,
H165,11/05/2026,踱步,沙田,內圈,沙田 內圈,,,,,,助手,,倒快一圈,,內圈 倒快一圈 (助手)
H165,10/05/2026,游水,沙田,,沙田,,,,,,,,游水,,
H165,10/05/2026,踱步,沙田,飛機場,沙田 飛機場,,,,,,助手,,踱步,,飛機場 踱步 (助手)
H165,09/05/2026,游水,沙田,,沙田,,,,,,,,游水,,
H165,06/05/2026,出賽,沙田,全天候,沙田 全天候,1650M,,,,,楊明綸,6/13,出賽,PC/TT-,1650M (楊明綸) (6/13)
H165,06/05/2026,踱步,沙田,飛機場,沙田 飛機場,,,,,,助手,,踱步,,飛機場 踱步 (助手)
H165,05/05/2026,游水,沙田,,沙田,,,,,,,,游水,,
H165,05/05/2026,踱步,沙田,內圈,沙田 內圈,,,,,,助手,,快踱一圈,,內圈 快踱一圈 (助手)
H165,04/05/2026,游水,沙田,,沙田,,,,,,,,游水,,
H165,04/05/2026,踱步,沙田,內圈,沙田 內圈,,,,,,助手,,倒快兩圈,,內圈 倒快兩圈 (助手)
H165,03/05/2026,游水,沙田,,沙田,,,,,,,,游水,,
H165,03/05/2026,踱步,沙田,內圈,沙田 內圈,,,,,,助手,,快踱一圈,,內圈 快踱一圈 (助手)
H165,02/05/2026,游水,沙田,,沙田,,,,,,,,游水,,
H165,02/05/2026,踱步,沙田,內圈,沙田 內圈,,,,,,助手,,快踱一圈,,內圈 快踱一圈 (助手)
H165,01/05/2026,游水,沙田,,沙田,,,,,,,,游水,,
H165,01/05/2026,快操,沙田,全天候,沙田 全天候,,1.26.1,86.1,33.2 28.5 24.4,,楊明綸,,紅日傾城,PC,33.2 28.5 24.4 (1.26.1) (楊明綸) 紅日傾城
H165,01/05/2026,踱步,沙田,飛機場,沙田 飛機場,,,,,,助手,,踱步,PC,飛機場 踱步 (助手)
H165,30/04/2026,游水,沙田,,沙田,,,,,,,,游水,,
H165,30/04/2026,踱步,沙田,內圈,沙田 內圈,,,,,,助手,,倒快兩圈,,內圈 倒快兩圈 (助手)
H165,29/04/2026,游水,沙田,,沙田,,,,,,,,游水,,
H165,29/04/2026,踱步,沙田,內圈,沙田 內圈,,,,,,助手,,快踱一圈,,內圈 快踱一圈 (助手)
H165,28/04/2026,游水,沙田,,沙田,,,,,,,,游水,,
H165,28/04/2026,踱步,沙田,內圈,沙田 內圈,,,,,,副練馬師,,快踱一圈,,內圈 快踱一圈 (副練馬師)
H165,27/04/2026,游水,沙田,,沙田,,,,,,,,游水,,
H165,27/04/2026,踱步,沙田,內圈,沙田 內圈,,,,,,助手,,倒快一圈,,內圈 倒快一圈 (助手)
H165,26/04/2026,游水,沙田,,沙田,,,,,,,,游水,,
H165,26/04/2026,踱步,沙田,飛機場,沙田 飛機場,,,,,,助手,,踱步,,飛機場 踱步 (助手)
H165,24/04/2026,游水,沙田,,沙田,,,,,,,,游水,,
H165,24/04/2026,快操,沙田,全天候,沙田 全天候,,1.01.4,61.4,32.2 29.2,,助手,,快操,H,32.2 29.2 (1.01.4) (助手)
H165,24/04/2026,踱步,沙田,飛機場,沙田 飛機場,,,,,,助手,,踱步,H,飛機場 踱步 (助手)
H165,23/04/2026,游水,沙田,,沙田,,,,,,,,游水,,
H165,23/04/2026,踱步,沙田,內圈,沙田 內圈,,,,,,助手,,倒快兩圈,,內圈 倒快兩圈 (助手)
H165,22/04/2026,游水,沙田,,沙田,,,,,,,,游水,,
H165,22/04/2026,踱步,沙田,內圈,沙田 內圈,,,,,,助手,,快踱一圈,,內圈 快踱一圈 (助手)
H165,21/04/2026,游水,沙田,,沙田,,,,,,,,游水,,
H165,21/04/2026,踱步,沙田,內圈,沙田 內圈,,,,,,助手,,快踱一圈,,內圈 快踱一圈 (助手)
H165,20/04/2026,游水,沙田,,沙田,,,,,,,,游水,,
H165,20/04/2026,踱步,沙田,內圈,沙田 內圈,,,,,,助手,,倒快一圈,,內圈 倒快一圈 (助手)
H165,19/04/2026,游水,沙田,,沙田,,,,,,,,游水,,
H165,19/04/2026,踱步,沙田,內圈,沙田 內圈,,,,,,助手,,快踱一圈,,內圈 快踱一圈 (助手)
H165,18/04/2026,馬匹跑步機,沙田,,沙田,,,,,,上斜,,馬匹跑步機 - 踱步,,馬匹跑步機 - 踱步 （上斜）
H165,18/04/2026,游水,沙田,,沙田,,,,,,,,游水,,
H165,16/04/2026,試閘,沙田,全天候,沙田 全天候,1200M,1.10.79,70.79,25.2 22.8 22.7,極上紗瓏,楊明綸,,第2組,PC,第2組 (楊明綸) 1200M 極上紗瓏 25.2 22.8 22.7 (1.10.79)
H165,16/04/2026,踱步,沙田,飛機場,沙田 飛機場,,,,,,助手,,踱步,PC,飛機場 踱步 (助手)
H165,15/04/2026,游水,沙田,,沙田,,,,,,,,游水,,
H165,15/04/2026,踱步,沙田,內圈,沙田 內圈,,,,,,助手,,快踱一圈,,內圈 快踱一圈 (助手)
H165,14/04/2026,馬匹跑步機,沙田,,沙田,,,,,,上斜,,馬匹跑步機 - 慢跑,,馬匹跑步機 - 慢跑 （上斜）
H165,14/04/2026,游水,沙田,,沙田,,,,,,,,游水,,
H165,14/04/2026,踱步,沙田,內圈,沙田 內圈,,,,,,助手,,快踱一圈,,內圈 快踱一圈 (助手)
H165,13/04/2026,游水,沙田,,沙田,,,,,,,,游水,,
H165,13/04/2026,踱步,沙田,外圈,沙田 外圈,,,,,,助手,,快踱一圈,H,外圈 快踱一圈 (助手)
H165,12/04/2026,游水,沙田,,沙田,,,,,,,,游水,,
H165,12/04/2026,快操,沙田,全天候,沙田 全天候,,53.7,53.7,29.3 24.4,,助手,,勁爽,PC,29.3 24.4 (53.7) (助手) 勁爽
H165,12/04/2026,踱步,沙田,飛機場,沙田 飛機場,,,,,,助手,,踱步,PC,飛機場 踱步 (助手)
H165,11/04/2026,游水,沙田,,沙田,,,,,,,,游水,,
H165,11/04/2026,踱步,沙田,內圈,沙田 內圈,,,,,,助手,,快踱一圈,,內圈 快踱一圈 (助手)
H165,10/04/2026,游水,沙田,,沙田,,,,,,,,游水,,
H165,10/04/2026,踱步,沙田,內圈,沙田 內圈,,,,,,助手,,快踱一圈,,內圈 快踱一圈 (助手)
H165,09/04/2026,游水,沙田,,沙田,,,,,,,,游水,,
H165,09/04/2026,踱步,沙田,內圈,沙田 內圈,,,,,,助手,,倒快兩圈,H,內圈 倒快兩圈 (助手)
H165,08/04/2026,游水,沙田,,沙田,,,,,,,,游水,,
H165,08/04/2026,快操,沙田,全天候,沙田 全天候,,53.8,53.8,29.9 23.9,,助手,,前衛火影,H,29.9 23.9 (53.8) (助手) 前衛火影
H165,08/04/2026,踱步,沙田,飛機場,沙田 飛機場,,,,,,助手,,踱步,H,飛機場 踱步 (助手)
H165,07/04/2026,游水,沙田,,沙田,,,,,,,,游水,,
H165,07/04/2026,踱步,沙田,內圈,沙田 內圈,,,,,,助手,,快踱兩圈,,內圈 快踱兩圈 (助手)
H165,06/04/2026,游水,沙田,,沙田,,,,,,,,游水,,
H165,05/04/2026,馬匹跑步機,沙田,,沙田,,,,,,上斜,,馬匹跑步機 - 踱步,,馬匹跑步機 - 踱步 （上斜）
H165,05/04/2026,游水,沙田,,沙田,,,,,,,,游水,,
H165,05/04/2026,踱步,沙田,內圈,沙田 內圈,,,,,,助手,,快踱一圈,,內圈 快踱一圈 (助手)
H165,04/04/2026,游水,沙田,,沙田,,,,,,,,游水,,
H165,04/04/2026,快操,沙田,全天候,沙田 全天候,,55.0,55.0,30.0 25.0,,助手,,天風雲,H,30.0 25.0 (55.0) (助手) 天風雲
H165,04/04/2026,踱步,沙田,飛機場,沙田 飛機場,,,,,,助手,,踱步,H,飛機場 踱步 (助手)
H165,03/04/2026,游水,沙田,,沙田,,,,,,,,游水,,
H165,03/04/2026,踱步,沙田,內圈,沙田 內圈,,,,,,助手,,快踱一圈,,內圈 快踱一圈 (助手)
H165,02/04/2026,游水,沙田,,沙田,,,,,,,,游水,,
H165,02/04/2026,踱步,沙田,內圈,沙田 內圈,,,,,,助手,,倒快兩圈,,內圈 倒快兩圈 (助手)
H165,01/04/2026,馬匹跑步機,沙田,,沙田,,,,,,上斜,,馬匹跑步機 - 慢跑,,馬匹跑步機 - 慢跑 （上斜）
H165,01/04/2026,游水,沙田,,沙田,,,,,,,,游水,,
H165,31/03/2026,游水,沙田,,沙田,,,,,,,,游水,,
H165,31/03/2026,快操,沙田,全天候,沙田 全天候,,55.5,55.5,30.4 25.1,,助手,,友得盈,H,30.4 25.1 (55.5) (助手) 友得盈
H165,31/03/2026,踱步,沙田,飛機場,沙田 飛機場,,,,,,助手,,踱步,H,飛機場 踱步 (助手)
H165,30/03/2026,游水,沙田,,沙田,,,,,,,,游水,,
H165,30/03/2026,踱步,沙田,內圈,沙田 內圈,,,,,,助手,,倒快兩圈,,內圈 倒快兩圈 (助手)
H165,29/03/2026,踱步,沙田,內圈,沙田 內圈,,,,,,助手,,快踱一圈,,內圈 快踱一圈 (助手)
H165,28/03/2026,馬匹跑步機,沙田,,沙田,,,,,,上斜,,馬匹跑步機 - 踱步,,馬匹跑步機 - 踱步 （上斜）
H165,28/03/2026,踱步,沙田,內圈,沙田 內圈,,,,,,助手,,快踱一圈,,內圈 快踱一圈 (助手)
H165,27/03/2026,游水,沙田,,沙田,,,,,,,,游水,,
H165,27/03/2026,快操,沙田,全天候,沙田 全天候,,1.00.1,60.1,32.2 27.9,,助手,,快操,H,32.2 27.9 (1.00.1) (助手)
H165,27/03/2026,踱步,沙田,飛機場,沙田 飛機場,,,,,,助手,,踱步,H,飛機場 踱步 (助手)
H165,26/03/2026,游水,沙田,,沙田,,,,,,,,游水,,
H165,26/03/2026,踱步,沙田,內圈,沙田 內圈,,,,,,助手,,倒快兩圈,,內圈 倒快兩圈 (助手)
H165,25/03/2026,游水,沙田,,沙田,,,,,,,,游水,,
H165,25/03/2026,踱步,沙田,內圈,沙田 內圈,,,,,,助手,,快踱一圈,,內圈 快踱一圈 (助手)
H165,24/03/2026,游水,沙田,,沙田,,,,,,,,游水,,
H165,24/03/2026,踱步,沙田,飛機場,沙田 飛機場,,,,,,助手,,踱步,,飛機場 踱步 (助手)
H165,20/03/2026,踱步,沙田,內圈,沙田 內圈,,,,,,助手,,快踱一圈,,內圈 快踱一圈 (助手)
H165,19/03/2026,踱步,沙田,內圈,沙田 內圈,,,,,,助手,,倒快兩圈,,內圈 倒快兩圈 (助手)
H165,18/03/2026,馬匹跑步機,沙田,,沙田,,,,,,上斜,,馬匹跑步機 - 慢跑,,馬匹跑步機 - 慢跑 （上斜）
H165,18/03/2026,游水,沙田,,沙田,,,,,,,,游水,,
H165,17/03/2026,游水,沙田,,沙田,,,,,,,,游水,,
H165,17/03/2026,快操,沙田,全天候,沙田 全天候,,54.2,54.2,28.7 25.5,,助手,,快操,H,28.7 25.5 (54.2) (助手)
H165,17/03/2026,踱步,沙田,飛機場,沙田 飛機場,,,,,,助手,,踱步,H,飛機場 踱步 (助手)
H165,16/03/2026,游水,沙田,,沙田,,,,,,,,游水,,
H165,16/03/2026,踱步,沙田,內圈,沙田 內圈,,,,,,助手,,倒快兩圈,,內圈 倒快兩圈 (助手)
H165,15/03/2026,游水,沙田,,沙田,,,,,,,,游水,,
H165,15/03/2026,踱步,沙田,內圈,沙田 內圈,,,,,,助手,,快踱一圈,,內圈 快踱一圈 (助手)
H165,14/03/2026,游水,沙田,,沙田,,,,,,,,游水,,
H165,14/03/2026,踱步,沙田,內圈,沙田 內圈,,,,,,助手,,快踱一圈,,內圈 快踱一圈 (助手)
H165,13/03/2026,馬匹跑步機,沙田,,沙田,,,,,,上斜,,馬匹跑步機 - 踱步,,馬匹跑步機 - 踱步 （上斜）
H165,12/03/2026,踱步,沙田,內圈,沙田 內圈,,,,,,助手,,倒快兩圈,,內圈 倒快兩圈 (助手)
H165,11/03/2026,游水,沙田,,沙田,,,,,,,,游水,,
H165,11/03/2026,快操,沙田,全天候,沙田 全天候,,53.1,53.1,29.0 24.1,,助手,,玄宇宙,H,29.0 24.1 (53.1) (助手) 玄宇宙
H165,11/03/2026,踱步,沙田,飛機場,沙田 飛機場,,,,,,助手,,踱步,H,飛機場 踱步 (助手)
H165,10/03/2026,游水,沙田,,沙田,,,,,,,,游水,,
H165,10/03/2026,踱步,沙田,內圈,沙田 內圈,,,,,,助手,,快踱一圈,,內圈 快踱一圈 (助手)
H165,09/03/2026,游水,沙田,,沙田,,,,,,,,游水,,
H165,09/03/2026,踱步,沙田,內圈,沙田 內圈,,,,,,助手,,倒快兩圈,,內圈 倒快兩圈 (助手)
H165,08/03/2026,游水,沙田,,沙田,,,,,,,,游水,,
H165,07/03/2026,游水,沙田,,沙田,,,,,,,,游水,,
H165,07/03/2026,快操,沙田,全天候,沙田 全天候,,54.7,54.7,29.0 25.7,,助手,,快操,H,29.0 25.7 (54.7) (助手)
H165,07/03/2026,踱步,沙田,飛機場,沙田 飛機場,,,,,,助手,,踱步,H,飛機場 踱步 (助手)
H165,06/03/2026,游水,沙田,,沙田,,,,,,,,游水,,
H165,06/03/2026,踱步,沙田,內圈,沙田 內圈,,,,,,助手,,快踱一圈,,內圈 快踱一圈 (助手)
H165,05/03/2026,游水,沙田,,沙田,,,,,,,,游水,,
H165,05/03/2026,踱步,沙田,內圈,沙田 內圈,,,,,,助手,,倒快兩圈,,內圈 倒快兩圈 (助手)
H165,04/03/2026,游水,沙田,,沙田,,,,,,,,游水,,
H165,04/03/2026,踱步,沙田,內圈,沙田 內圈,,,,,,助手,,快踱一圈,,內圈 快踱一圈 (助手)
H165,03/03/2026,游水,沙田,,沙田,,,,,,,,游水,,
H165,03/03/2026,快操,沙田,全天候,沙田 全天候,,1.01.0,61.0,33.4 27.6,,助手,,快操,H,33.4 27.6 (1.01.0) (助手)
H165,03/03/2026,踱步,沙田,飛機場,沙田 飛機場,,,,,,助手,,踱步,H,飛機場 踱步 (助手)
H165,02/03/2026,游水,沙田,,沙田,,,,,,,,游水,,
H165,02/03/2026,踱步,沙田,內圈,沙田 內圈,,,,,,助手,,倒快兩圈,,內圈 倒快兩圈 (助手)
H165,01/03/2026,游水,沙田,,沙田,,,,,,,,游水,,
H165,01/03/2026,踱步,沙田,內圈,沙田 內圈,,,,,,助手,,快踱一圈,,內圈 快踱一圈 (助手)
H165,28/02/2026,游水,沙田,,沙田,,,,,,,,游水,,
H165,28/02/2026,踱步,沙田,內圈,沙田 內圈,,,,,,助手,,快踱一圈,,內圈 快踱一圈 (助手)
H165,27/02/2026,游水,沙田,,沙田,,,,,,,,游水,,
H165,27/02/2026,踱步,沙田,內圈,沙田 內圈,,,,,,助手,,快踱一圈,,內圈 快踱一圈 (助手)
H165,26/02/2026,游水,沙田,,沙田,,,,,,,,游水,,
H165,26/02/2026,踱步,沙田,內圈,沙田 內圈,,,,,,助手,,倒快一圈,,內圈 倒快一圈 (助手)
H165,25/02/2026,游水,沙田,,沙田,,,,,,,,游水,,
H165,25/02/2026,踱步,沙田,飛機場,沙田 飛機場,,,,,,助手,,踱步,,飛機場 踱步 (助手)
H165,24/02/2026,踱步,沙田,飛機場,沙田 飛機場,,,,,,助手,,踱步,,飛機場 踱步 (助手)
H165,16/02/2026,游水,沙田,,沙田,,,,,,,,游水,,
H165,14/02/2026,出賽,沙田,全天候,沙田 全天候,1650M,,,,,希威森,9/14,出賽,PC/TT,1650M (希威森) (9/14)
H165,14/02/2026,踱步,沙田,飛機場,沙田 飛機場,,,,,,助手,,踱步,H/P,飛機場 踱步 (助手)
H165,13/02/2026,游水,沙田,,沙田,,,,,,,,游水,,
H165,13/02/2026,踱步,沙田,內圈,沙田 內圈,,,,,,助手,,快踱一圈,H/P,內圈 快踱一圈 (助手)
H165,12/02/2026,游水,從化,,從化,,,,,,,,游水,,
H165,12/02/2026,踱步,從化,內圈,從化 內圈,,,,,,助手,,倒快一圈,H/P,內圈 倒快一圈 (助手)
H165,11/02/2026,游水,從化,,從化,,,,,,,,游水,,
H165,11/02/2026,快操,從化,全天候,從化 全天候,,58.5,58.5,31.8 26.7,,助手,,快操,H/P,31.8 26.7 (58.5) (助手)
H165,11/02/2026,踱步,從化,飛機場,從化 飛機場,,,,,,助手,,踱步,H/P,飛機場 踱步 (助手)
H165,10/02/2026,游水,從化,,從化,,,,,,,,游水,,
H165,10/02/2026,踱步,從化,內圈,從化 內圈,,,,,,助手,,快踱一圈,H/P,內圈 快踱一圈 (助手)
H165,09/02/2026,游水,從化,,從化,,,,,,,,游水,,
H165,09/02/2026,踱步,從化,內圈,從化 內圈,,,,,,助手,,倒快一圈,H/P,內圈 倒快一圈 (助手)
H165,08/02/2026,游水,從化,,從化,,,,,,,,游水,,
H165,08/02/2026,踱步,從化,內圈,從化 內圈,,,,,,助手,,快踱一圈,H/P,內圈 快踱一圈 (助手)
H165,07/02/2026,游水,從化,,從化,,,,,,,,游水,,
H165,06/02/2026,試閘,從化,草地,從化 草地,1200M,1.10.84,70.84,24.8 22.0 24.0,雙子美麗,希威森,,第6組,PC,第6組 (希威森) 1200M 雙子美麗 24.8 22.0 24.0 (1.10.84)
H165,06/02/2026,踱步,從化,飛機場,從化 飛機場,,,,,,助手,,踱步,PC,飛機場 踱步 (助手)
H165,05/02/2026,游水,從化,,從化,,,,,,,,游水,,
H165,05/02/2026,踱步,從化,內圈,從化 內圈,,,,,,助手,,倒快一圈,H/P,內圈 倒快一圈 (助手)
H165,04/02/2026,游水,從化,,從化,,,,,,,,游水,,
H165,04/02/2026,踱步,從化,內圈,從化 內圈,,,,,,助手,,快踱一圈,H/P,內圈 快踱一圈 (助手)
H165,03/02/2026,游水,從化,,從化,,,,,,,,游水,,
H165,03/02/2026,踱步,從化,內圈,從化 內圈,,,,,,助手,,快踱一圈,H/P,內圈 快踱一圈 (助手)
H165,02/02/2026,游水,從化,,從化,,,,,,,,游水,,
H165,02/02/2026,快操,從化,全天候,從化 全天候,,58.9,58.9,31.8 27.1,,助手,,快操,H/P,31.8 27.1 (58.9) (助手)
H165,02/02/2026,踱步,從化,飛機場,從化 飛機場,,,,,,助手,,踱步,H/P,飛機場 踱步 (助手)
H165,01/02/2026,游水,從化,,從化,,,,,,,,游水,,
H165,01/02/2026,踱步,從化,內圈,從化 內圈,,,,,,助手,,快踱一圈,H/P,內圈 快踱一圈 (助手)
H165,31/01/2026,游水,從化,,從化,,,,,,,,游水,,
H165,31/01/2026,踱步,從化,內圈,從化 內圈,,,,,,助手,,快踱一圈,H/P,內圈 快踱一圈 (助手)
H165,30/01/2026,游水,從化,,從化,,,,,,,,游水,,
H165,30/01/2026,踱步,從化,內圈,從化 內圈,,,,,,助手,,快踱一圈,H/P,內圈 快踱一圈 (助手)
H165,29/01/2026,游水,從化,,從化,,,,,,,,游水,,
H165,29/01/2026,快操,從化,全天候,從化 全天候,,59.5,59.5,32.7 26.8,,助手,,快操,H/P,32.7 26.8 (59.5) (助手)
H165,29/01/2026,踱步,從化,飛機場,從化 飛機場,,,,,,助手,,踱步,H/P,飛機場 踱步 (助手)
H165,28/01/2026,游水,從化,,從化,,,,,,,,游水,,
H165,28/01/2026,踱步,從化,內圈,從化 內圈,,,,,,助手,,快踱一圈,H/P,內圈 快踱一圈 (助手)
H165,27/01/2026,游水,從化,,從化,,,,,,,,游水,,
H165,27/01/2026,踱步,從化,內圈,從化 內圈,,,,,,助手,,快踱一圈,H/P,內圈 快踱一圈 (助手)
H165,26/01/2026,踱步,從化,內圈,從化 內圈,,,,,,助手,,倒快一圈,H/P,內圈 倒快一圈 (助手)
H165,25/01/2026,游水,從化,,從化,,,,,,,,游水,,
H165,25/01/2026,踱步,從化,飛機場,從化 飛機場,,,,,,助手,,踱步,H,飛機場 踱步 (助手)
H165,24/01/2026,游水,從化,,從化,,,,,,,,游水,,
H165,21/01/2026,出賽,沙田,全天候,沙田 全天候,1650M,,,,,奧爾民,8/14,出賽,PC/TT,1650M (奧爾民) (8/14)
H165,21/01/2026,踱步,沙田,內圈,沙田 內圈,,,,,,助手,,快踱一圈,H/P,內圈 快踱一圈 (助手)
H165,20/01/2026,游水,沙田,,沙田,,,,,,,,游水,,
H165,20/01/2026,踱步,沙田,內圈,沙田 內圈,,,,,,助手,,快踱一圈,H/P,內圈 快踱一圈 (助手)
H165,19/01/2026,游水,沙田,,沙田,,,,,,,,游水,,
H165,19/01/2026,快操,沙田,全天候,沙田 全天候,,56.2,56.2,30.6 25.6,,奧爾民,,快操,H/P,30.6 25.6 (56.2) (奧爾民)
H165,19/01/2026,踱步,沙田,飛機場,沙田 飛機場,,,,,,助手,,踱步,H/P,飛機場 踱步 (助手)
H165,18/01/2026,游水,沙田,,沙田,,,,,,,,游水,,
H165,18/01/2026,踱步,沙田,內圈,沙田 內圈,,,,,,助手,,快踱一圈,H/P,內圈 快踱一圈 (助手)
H165,17/01/2026,游水,從化,,從化,,,,,,,,游水,,
H165,17/01/2026,踱步,從化,內圈,從化 內圈,,,,,,助手,,快踱一圈,H,內圈 快踱一圈 (助手)
H165,16/01/2026,游水,從化,,從化,,,,,,,,游水,,
H165,16/01/2026,踱步,從化,內圈,從化 內圈,,,,,,助手,,快踱一圈,H,內圈 快踱一圈 (助手)
H165,15/01/2026,游水,從化,,從化,,,,,,,,游水,,
H165,15/01/2026,快操,從化,全天候,從化 全天候,,57.9,57.9,30.8 27.1,,助手,,快操,H/P,30.8 27.1 (57.9) (助手)
H165,15/01/2026,踱步,從化,飛機場,從化 飛機場,,,,,,助手,,踱步,H/P,飛機場 踱步 (助手)
H165,14/01/2026,游水,從化,,從化,,,,,,,,游水,,
H165,14/01/2026,踱步,從化,內圈,從化 內圈,,,,,,助手,,快踱一圈,H,內圈 快踱一圈 (助手)
H165,13/01/2026,踱步,從化,內圈,從化 內圈,,,,,,助手,,快踱一圈,H/P,內圈 快踱一圈 (助手)
H165,12/01/2026,游水,從化,,從化,,,,,,,,游水,,
H165,12/01/2026,快操,從化,全天候,從化 全天候,,58.3,58.3,30.9 27.4,,助手,,快操,H/P,30.9 27.4 (58.3) (助手)
H165,12/01/2026,踱步,從化,飛機場,從化 飛機場,,,,,,助手,,踱步,H/P,飛機場 踱步 (助手)
H165,11/01/2026,游水,從化,,從化,,,,,,,,游水,,
H165,10/01/2026,游水,從化,,從化,,,,,,,,游水,,
H165,10/01/2026,踱步,從化,內圈,從化 內圈,,,,,,助手,,快踱一圈,H/P,內圈 快踱一圈 (助手)
H165,09/01/2026,游水,從化,,從化,,,,,,,,游水,,
H165,09/01/2026,踱步,從化,內圈,從化 內圈,,,,,,助手,,快踱一圈,H,內圈 快踱一圈 (助手)
H165,08/01/2026,快操,從化,全天候,從化 全天候,,58.3,58.3,30.8 27.5,,助手,,快操,H/P,30.8 27.5 (58.3) (助手)
H165,08/01/2026,踱步,從化,飛機場,從化 飛機場,,,,,,助手,,踱步,H/P,飛機場 踱步 (助手)
H165,07/01/2026,游水,從化,,從化,,,,,,,,游水,,
H165,07/01/2026,踱步,從化,內圈,從化 內圈,,,,,,助手,,快踱一圈,H/P,內圈 快踱一圈 (助手)
H165,06/01/2026,游水,從化,,從化,,,,,,,,游水,,
H165,06/01/2026,踱步,從化,內圈,從化 內圈,,,,,,助手,,快踱一圈,H/P,內圈 快踱一圈 (助手)
H165,05/01/2026,快操,從化,全天候,從化 全天候,,56.7,56.7,30.2 26.5,,助手,,快操,H/P,30.2 26.5 (56.7) (助手)
H165,05/01/2026,踱步,從化,飛機場,從化 飛機場,,,,,,助手,,踱步,H/P,飛機場 踱步 (助手)
H165,03/01/2026,游水,從化,,從化,,,,,,,,游水,,
H165,03/01/2026,踱步,從化,內圈,從化 內圈,,,,,,助手,,快踱一圈,H,內圈 快踱一圈 (助手)
H165,02/01/2026,游水,從化,,從化,,,,,,,,游水,,
H165,02/01/2026,踱步,從化,內圈,從化 內圈,,,,,,助手,,快踱一圈,H/P,內圈 快踱一圈 (助手)
H165,01/01/2026,游水,從化,,從化,,,,,,,,游水,,
H165,01/01/2026,快操,從化,全天候,從化 全天候,,58.1,58.1,31.2 26.9,,助手,,快操,H/P,31.2 26.9 (58.1) (助手)
H165,01/01/2026,踱步,從化,飛機場,從化 飛機場,,,,,,助手,,踱步,H/P,飛機場 踱步 (助手)
H165,31/12/2025,游水,從化,,從化,,,,,,,,游水,,
H165,31/12/2025,踱步,從化,內圈,從化 內圈,,,,,,助手,,快踱一圈,H/P,內圈 快踱一圈 (助手)
H165,30/12/2025,游水,從化,,從化,,,,,,,,游水,,
H165,30/12/2025,踱步,從化,內圈,從化 內圈,,,,,,助手,,快踱一圈,H/P,內圈 快踱一圈 (助手)
H165,29/12/2025,游水,從化,,從化,,,,,,,,游水,,
H165,29/12/2025,踱步,從化,內圈,從化 內圈,,,,,,助手,,倒快一圈,H/P,內圈 倒快一圈 (助手)
H165,28/12/2025,游水,從化,,從化,,,,,,,,游水,,
H165,27/12/2025,游水,從化,,從化,,,,,,,,游水,,
H165,27/12/2025,踱步,從化,飛機場,從化 飛機場,,,,,,助手,,踱步,H,飛機場 踱步 (助手)
H165,25/12/2025,游水,沙田,,沙田,,,,,,,,游水,,
H165,23/12/2025,出賽,跑馬地,草地,跑馬地 草地,2200M,,,,,奧爾民,10/12,出賽,PC/TT,2200M (奧爾民) (10/12)
H165,23/12/2025,游水,沙田,,沙田,,,,,,,,游水,,
H165,23/12/2025,踱步,沙田,飛機場,沙田 飛機場,,,,,,助手,,踱步,H/P,飛機場 踱步 (助手)
H165,22/12/2025,游水,沙田,,沙田,,,,,,,,游水,,
H165,22/12/2025,踱步,沙田,內圈,沙田 內圈,,,,,,助手,,倒快一圈,H/P,內圈 倒快一圈 (助手)
H165,21/12/2025,游水,沙田,,沙田,,,,,,,,游水,,
H165,21/12/2025,踱步,沙田,內圈,沙田 內圈,,,,,,助手,,快踱一圈,H/P,內圈 快踱一圈 (助手)
H165,20/12/2025,游水,從化,,從化,,,,,,,,游水,,
H165,20/12/2025,踱步,從化,內圈,從化 內圈,,,,,,助手,,快踱一圈,H/P,內圈 快踱一圈 (助手)
H165,19/12/2025,游水,從化,,從化,,,,,,,,游水,,
H165,19/12/2025,踱步,從化,內圈,從化 內圈,,,,,,助手,,快踱一圈,H/P,內圈 快踱一圈 (助手)
H165,18/12/2025,游水,從化,,從化,,,,,,,,游水,,
H165,18/12/2025,踱步,從化,內圈,從化 內圈,,,,,,助手,,倒快一圈,H/P,內圈 倒快一圈 (助手)
H165,17/12/2025,游水,從化,,從化,,,,,,,,游水,,
H165,17/12/2025,踱步,從化,內圈,從化 內圈,,,,,,助手,,快踱一圈,H,內圈 快踱一圈 (助手)
H165,16/12/2025,游水,從化,,從化,,,,,,,,游水,,
H165,15/12/2025,試閘,從化,草地,從化 草地,1200M,1.11.89,71.89,25.6 22.8 23.4,幸運奇兵,奧爾民,,第3組,PC,第3組 (奧爾民) 1200M 幸運奇兵 25.6 22.8 23.4 (1.11.89)
H165,15/12/2025,踱步,從化,飛機場,從化 飛機場,,,,,,助手,,踱步,PC,飛機場 踱步 (助手)
H165,14/12/2025,踱步,從化,內圈,從化 內圈,,,,,,助手,,快踱一圈,H,內圈 快踱一圈 (助手)
H165,13/12/2025,游水,從化,,從化,,,,,,,,游水,,
H165,13/12/2025,踱步,從化,內圈,從化 內圈,,,,,,助手,,快踱一圈,H/P,內圈 快踱一圈 (助手)
H165,12/12/2025,游水,從化,,從化,,,,,,,,游水,,
H165,12/12/2025,踱步,從化,內圈,從化 內圈,,,,,,助手,,快踱一圈,H/P,內圈 快踱一圈 (助手)
H165,11/12/2025,游水,從化,,從化,,,,,,,,游水,,
H165,11/12/2025,快操,從化,全天候,從化 全天候,,59.0,59.0,32.2 26.8,,助手,,快操,H/P,32.2 26.8 (59.0) (助手)
H165,11/12/2025,踱步,從化,飛機場,從化 飛機場,,,,,,助手,,踱步,H/P,飛機場 踱步 (助手)
H165,10/12/2025,游水,從化,,從化,,,,,,,,游水,,
H165,10/12/2025,踱步,從化,內圈,從化 內圈,,,,,,助手,,快踱一圈,H/P,內圈 快踱一圈 (助手)
H165,09/12/2025,游水,從化,,從化,,,,,,,,游水,,
H165,09/12/2025,踱步,從化,內圈,從化 內圈,,,,,,助手,,快踱一圈,H/P,內圈 快踱一圈 (助手)
H165,08/12/2025,游水,從化,,從化,,,,,,,,游水,,
H165,08/12/2025,快操,從化,全天候,從化 全天候,,57.4,57.4,31.0 26.4,,助手,,快操,H/P,31.0 26.4 (57.4) (助手)
H165,08/12/2025,踱步,從化,飛機場,從化 飛機場,,,,,,助手,,踱步,H/P,飛機場 踱步 (助手)
H165,07/12/2025,游水,從化,,從化,,,,,,,,游水,,
H165,06/12/2025,游水,從化,,從化,,,,,,,,游水,,
H165,06/12/2025,踱步,從化,內圈,從化 內圈,,,,,,助手,,快踱一圈,H/P,內圈 快踱一圈 (助手)
H165,05/12/2025,游水,從化,,從化,,,,,,,,游水,,
H165,05/12/2025,踱步,從化,內圈,從化 內圈,,,,,,助手,,快踱一圈,H/P,內圈 快踱一圈 (助手)
H165,04/12/2025,游水,從化,,從化,,,,,,,,游水,,
H165,04/12/2025,快操,從化,全天候,從化 全天候,,58.2,58.2,31.2 27.0,,助手,,快操,H/P,31.2 27.0 (58.2) (助手)
H165,04/12/2025,踱步,從化,飛機場,從化 飛機場,,,,,,助手,,踱步,H/P,飛機場 踱步 (助手)
H165,03/12/2025,游水,從化,,從化,,,,,,,,游水,,
H165,03/12/2025,踱步,從化,內圈,從化 內圈,,,,,,助手,,快踱一圈,H/P,內圈 快踱一圈 (助手)
H165,02/12/2025,游水,從化,,從化,,,,,,,,游水,,
H165,02/12/2025,踱步,從化,內圈,從化 內圈,,,,,,助手,,快踱一圈,H/P,內圈 快踱一圈 (助手)
H165,01/12/2025,游水,從化,,從化,,,,,,,,游水,,
H165,01/12/2025,快操,從化,全天候,從化 全天候,,57.1,57.1,30.9 26.2,,助手,,快操,H/P,30.9 26.2 (57.1) (助手)
H165,01/12/2025,踱步,從化,飛機場,從化 飛機場,,,,,,助手,,踱步,H/P,飛機場 踱步 (助手)
H165,30/11/2025,游水,從化,,從化,,,,,,,,游水,,
H165,29/11/2025,游水,從化,,從化,,,,,,,,游水,,
H165,29/11/2025,踱步,從化,內圈,從化 內圈,,,,,,助手,,快踱一圈,H/P,內圈 快踱一圈 (助手)
H165,28/11/2025,游水,從化,,從化,,,,,,,,游水,,
H165,28/11/2025,踱步,從化,內圈,從化 內圈,,,,,,助手,,快踱一圈,H/P,內圈 快踱一圈 (助手)
H165,27/11/2025,游水,從化,,從化,,,,,,,,游水,,
H165,27/11/2025,快操,從化,全天候,從化 全天候,,57.6,57.6,30.9 26.7,,助手,,快操,H/P,30.9 26.7 (57.6) (助手)
H165,27/11/2025,踱步,從化,飛機場,從化 飛機場,,,,,,助手,,踱步,H/P,飛機場 踱步 (助手)
H165,26/11/2025,游水,從化,,從化,,,,,,,,游水,,
H165,26/11/2025,踱步,從化,內圈,從化 內圈,,,,,,助手,,快踱一圈,H/P,內圈 快踱一圈 (助手)
H165,25/11/2025,游水,從化,,從化,,,,,,,,游水,,
H165,25/11/2025,踱步,從化,內圈,從化 內圈,,,,,,助手,,快踱一圈,H/P,內圈 快踱一圈 (助手)
H165,24/11/2025,游水,從化,,從化,,,,,,,,游水,,
H165,24/11/2025,快操,從化,全天候,從化 全天候,,58.7,58.7,31.9 26.8,,助手,,快操,H/P,31.9 26.8 (58.7) (助手)
H165,24/11/2025,踱步,從化,飛機場,從化 飛機場,,,,,,助手,,踱步,H/P,飛機場 踱步 (助手)
H165,23/11/2025,游水,從化,,從化,,,,,,,,游水,,
H165,22/11/2025,游水,從化,,從化,,,,,,,,游水,,
H165,22/11/2025,踱步,從化,內圈,從化 內圈,,,,,,助手,,快踱一圈,H,內圈 快踱一圈 (助手)
H165,21/11/2025,游水,從化,,從化,,,,,,,,游水,,
H165,21/11/2025,踱步,從化,內圈,從化 內圈,,,,,,助手,,快踱一圈,H/P,內圈 快踱一圈 (助手)
H165,20/11/2025,游水,從化,,從化,,,,,,,,游水,,
H165,20/11/2025,踱步,從化,內圈,從化 內圈,,,,,,助手,,倒快一圈,H/P,內圈 倒快一圈 (助手)
H165,19/11/2025,游水,從化,,從化,,,,,,,,游水,,
H165,19/11/2025,踱步,從化,飛機場,從化 飛機場,,,,,,助手,,踱步,H,飛機場 踱步 (助手)
H165,18/11/2025,游水,從化,,從化,,,,,,,,游水,,
H165,15/11/2025,出賽,沙田,全天候,沙田 全天候,1650M,,,,,麥道朗,11/14,出賽,PC/TT,1650M (麥道朗) (11/14)
H165,15/11/2025,踱步,沙田,飛機場,沙田 飛機場,,,,,,助手,,踱步,H/P,飛機場 踱步 (助手)
H165,14/11/2025,游水,沙田,,沙田,,,,,,,,游水,,
H165,14/11/2025,踱步,沙田,內圈,沙田 內圈,,,,,,助手,,快踱一圈,H/P,內圈 快踱一圈 (助手)
H165,13/11/2025,游水,沙田,,沙田,,,,,,,,游水,,
H165,13/11/2025,踱步,沙田,內圈,沙田 內圈,,,,,,助手,,倒快一圈,H/P,內圈 倒快一圈 (助手)
H165,12/11/2025,游水,沙田,,沙田,,,,,,,,游水,,
H165,12/11/2025,快操,沙田,全天候,沙田 全天候,,56.8,56.8,30.8 26.0,,助手,,快操,H,30.8 26.0 (56.8) (助手)
H165,12/11/2025,踱步,沙田,飛機場,沙田 飛機場,,,,,,助手,,踱步,H,飛機場 踱步 (助手)
H165,11/11/2025,游水,沙田,,沙田,,,,,,,,游水,,
H165,11/11/2025,踱步,沙田,內圈,沙田 內圈,,,,,,助手,,快踱一圈,H/P,內圈 快踱一圈 (助手)
H165,10/11/2025,游水,沙田,,沙田,,,,,,,,游水,,
H165,10/11/2025,踱步,沙田,內圈,沙田 內圈,,,,,,助手,,倒快一圈,H/P,內圈 倒快一圈 (助手)
H165,09/11/2025,游水,沙田,,沙田,,,,,,,,游水,,
H165,08/11/2025,游水,沙田,,沙田,,,,,,,,游水,,
H165,08/11/2025,踱步,沙田,內圈,沙田 內圈,,,,,,助手,,快踱一圈,H/P,內圈 快踱一圈 (助手)
H165,07/11/2025,游水,沙田,,沙田,,,,,,,,游水,,
H165,07/11/2025,踱步,沙田,內圈,沙田 內圈,,,,,,助手,,快踱一圈,H/P,內圈 快踱一圈 (助手)
H165,06/11/2025,游水,沙田,,沙田,,,,,,,,游水,,
H165,06/11/2025,踱步,沙田,內圈,沙田 內圈,,,,,,助手,,倒快一圈,H/P,內圈 倒快一圈 (助手)
H165,05/11/2025,游水,沙田,,沙田,,,,,,,,游水,,
H165,05/11/2025,踱步,沙田,飛機場,沙田 飛機場,,,,,,助手,,踱步,H/P,飛機場 踱步 (助手)
H165,04/11/2025,游水,沙田,,沙田,,,,,,,,游水,,
H165,04/11/2025,踱步,沙田,內圈,沙田 內圈,,,,,,助手,,快踱一圈,H/P,內圈 快踱一圈 (助手)
H165,03/11/2025,游水,沙田,,沙田,,,,,,,,游水,,
H165,03/11/2025,踱步,沙田,飛機場,沙田 飛機場,,,,,,助手,,踱步,H/P,飛機場 踱步 (助手)
H165,02/11/2025,游水,沙田,,沙田,,,,,,,,游水,,
H165,01/11/2025,游水,沙田,,沙田,,,,,,,,游水,,
H165,30/10/2025,出賽,沙田,全天候,沙田 全天候,1650M,,,,,奧爾民,4/14,出賽,PC/TT,1650M (奧爾民) (4/14)
H165,30/10/2025,踱步,沙田,飛機場,沙田 飛機場,,,,,,助手,,踱步,H/P,飛機場 踱步 (助手)
H165,29/10/2025,游水,沙田,,沙田,,,,,,,,游水,,
H165,29/10/2025,踱步,沙田,內圈,沙田 內圈,,,,,,奧爾民,,快踱一圈,H/P,內圈 快踱一圈 (奧爾民)
H165,28/10/2025,游水,沙田,,沙田,,,,,,,,游水,,
H165,28/10/2025,踱步,沙田,外圈,沙田 外圈,,,,,,助手,,快踱一圈,H/P,外圈 快踱一圈 (助手)
H165,27/10/2025,游水,沙田,,沙田,,,,,,,,游水,,
H165,27/10/2025,踱步,沙田,內圈,沙田 內圈,,,,,,助手,,倒快一圈,H/P,內圈 倒快一圈 (助手)
H165,26/10/2025,游水,沙田,,沙田,,,,,,,,游水,,
H165,26/10/2025,踱步,沙田,內圈,沙田 內圈,,,,,,助手,,快踱一圈,H/P,內圈 快踱一圈 (助手)
H165,25/10/2025,游水,沙田,,沙田,,,,,,,,游水,,
H165,25/10/2025,踱步,沙田,內圈,沙田 內圈,,,,,,助手,,快踱一圈,H/P,內圈 快踱一圈 (助手)
H165,24/10/2025,游水,沙田,,沙田,,,,,,,,游水,,
H165,23/10/2025,試閘,沙田,全天候,沙田 全天候,1200M,1.10.95,70.95,24.4 23.1 23.4,自強不息,奧爾民,,第1組,B,第1組 (奧爾民) 1200M 自強不息 24.4 23.1 23.4 (1.10.95)
H165,23/10/2025,踱步,沙田,飛機場,沙田 飛機場,,,,,,助手,,踱步,H/P,飛機場 踱步 (助手)
H165,22/10/2025,游水,沙田,,沙田,,,,,,,,游水,,
H165,22/10/2025,踱步,沙田,內圈,沙田 內圈,,,,,,助手,,快踱一圈,H/P,內圈 快踱一圈 (助手)
H165,21/10/2025,游水,從化,,從化,,,,,,,,游水,,
H165,21/10/2025,快操,從化,全天候,從化 全天候,,58.1,58.1,31.7 26.4,,助手,,快操,H/P,31.7 26.4 (58.1) (助手)
H165,21/10/2025,踱步,從化,飛機場,從化 飛機場,,,,,,助手,,踱步,H/P,飛機場 踱步 (助手)
H165,20/10/2025,游水,從化,,從化,,,,,,,,游水,,
H165,20/10/2025,踱步,從化,內圈,從化 內圈,,,,,,助手,,倒快兩圈,H/P,內圈 倒快兩圈 (助手)
H165,19/10/2025,游水,從化,,從化,,,,,,,,游水,,
H165,18/10/2025,游水,從化,,從化,,,,,,,,游水,,
H165,18/10/2025,踱步,從化,內圈,從化 內圈,,,,,,助手,,快踱一圈,H/P,內圈 快踱一圈 (助手)
H165,17/10/2025,游水,從化,,從化,,,,,,,,游水,,
H165,17/10/2025,踱步,從化,內圈,從化 內圈,,,,,,助手,,快踱一圈,H/P,內圈 快踱一圈 (助手)
H165,16/10/2025,游水,從化,,從化,,,,,,,,游水,,
H165,16/10/2025,踱步,從化,內圈,從化 內圈,,,,,,助手,,倒快兩圈,H/P,內圈 倒快兩圈 (助手)
H165,15/10/2025,游水,從化,,從化,,,,,,,,游水,,
H165,15/10/2025,踱步,從化,內圈,從化 內圈,,,,,,助手,,快踱一圈,H/P,內圈 快踱一圈 (助手)
H165,14/10/2025,游水,從化,,從化,,,,,,,,游水,,
H165,13/10/2025,試閘,從化,草地,從化 草地,1200M,1.10.37,70.37,24.5 22.4 23.4,氣勢,鍾易禮,,第7組,PC,第7組 (鍾易禮) 1200M 氣勢 24.5 22.4 23.4 (1.10.37)
H165,13/10/2025,踱步,從化,飛機場,從化 飛機場,,,,,,助手,,踱步,PC,飛機場 踱步 (助手)
H165,12/10/2025,游水,從化,,從化,,,,,,,,游水,,
H165,12/10/2025,踱步,從化,內圈,從化 內圈,,,,,,助手,,快踱一圈,H/P,內圈 快踱一圈 (助手)
H165,11/10/2025,游水,從化,,從化,,,,,,,,游水,,
H165,11/10/2025,踱步,從化,內圈,從化 內圈,,,,,,助手,,快踱一圈,H/P,內圈 快踱一圈 (助手)
H165,10/10/2025,游水,從化,,從化,,,,,,,,游水,,
H165,10/10/2025,踱步,從化,飛機場,從化 飛機場,,,,,,助手,,踱步,H,飛機場 踱步 (助手)
H165,09/10/2025,游水,從化,,從化,,,,,,,,游水,,
H165,09/10/2025,踱步,從化,內圈,從化 內圈,,,,,,助手,,倒快兩圈,H/P,內圈 倒快兩圈 (助手)
H165,08/10/2025,游水,從化,,從化,,,,,,,,游水,,
H165,08/10/2025,踱步,從化,內圈,從化 內圈,,,,,,助手,,快踱一圈,H/P,內圈 快踱一圈 (助手)
H165,07/10/2025,游水,從化,,從化,,,,,,,,游水,,
H165,07/10/2025,快操,從化,草地,從化 草地,,27.1,27.1,27.1,,助手,,快操,H/P,27.1 (27.1) (助手)
H165,07/10/2025,踱步,從化,飛機場,從化 飛機場,,,,,,助手,,踱步,H/P,飛機場 踱步 (助手)
H165,06/10/2025,游水,從化,,從化,,,,,,,,游水,,
H165,06/10/2025,踱步,從化,內圈,從化 內圈,,,,,,助手,,倒快兩圈,H/P,內圈 倒快兩圈 (助手)
H165,05/10/2025,游水,從化,,從化,,,,,,,,游水,,
H165,04/10/2025,游水,從化,,從化,,,,,,,,游水,,
H165,04/10/2025,踱步,從化,內圈,從化 內圈,,,,,,助手,,快踱一圈,H,內圈 快踱一圈 (助手)
H165,03/10/2025,游水,從化,,從化,,,,,,,,游水,,
H165,03/10/2025,快操,從化,全天候,從化 全天候,,59.2,59.2,33.0 26.2,,助手,,快操,H/P,33.0 26.2 (59.2) (助手)
H165,03/10/2025,踱步,從化,飛機場,從化 飛機場,,,,,,助手,,踱步,H/P,飛機場 踱步 (助手)
H165,02/10/2025,游水,從化,,從化,,,,,,,,游水,,
H165,02/10/2025,踱步,從化,內圈,從化 內圈,,,,,,助手,,倒快兩圈,H/P,內圈 倒快兩圈 (助手)
H165,01/10/2025,游水,從化,,從化,,,,,,,,游水,,
H165,01/10/2025,踱步,從化,內圈,從化 內圈,,,,,,助手,,快踱一圈,H/P,內圈 快踱一圈 (助手)
H165,30/09/2025,快操,沙田,全天候,沙田 全天候,,58.0,58.0,31.9 26.1,,助手,,快操,H/P,31.9 26.1 (58.0) (助手)
H165,30/09/2025,踱步,沙田,飛機場,沙田 飛機場,,,,,,助手,,踱步,H/P,飛機場 踱步 (助手)
H165,29/09/2025,游水,沙田,,沙田,,,,,,,,游水,,
H165,29/09/2025,踱步,沙田,內圈,沙田 內圈,,,,,,助手,,倒快兩圈,H/P,內圈 倒快兩圈 (助手)
H165,28/09/2025,游水,沙田,,沙田,,,,,,,,游水,,
H165,28/09/2025,踱步,沙田,內圈,沙田 內圈,,,,,,助手,,快踱一圈,H/P,內圈 快踱一圈 (助手)
H165,27/09/2025,游水,沙田,,沙田,,,,,,,,游水,,
H165,27/09/2025,踱步,沙田,內圈,沙田 內圈,,,,,,助手,,快踱一圈,H/P,內圈 快踱一圈 (助手)
H165,26/09/2025,游水,沙田,,沙田,,,,,,,,游水,,
H165,26/09/2025,踱步,沙田,內圈,沙田 內圈,,,,,,助手,,快踱一圈,H/P,內圈 快踱一圈 (助手)
H165,25/09/2025,游水,沙田,,沙田,,,,,,,,游水,,
H165,25/09/2025,踱步,沙田,飛機場,沙田 飛機場,,,,,,助手,,踱步,H/P,飛機場 踱步 (助手)
H165,23/09/2025,游水,沙田,,沙田,,,,,,,,游水,,
H165,21/09/2025,出賽,沙田,全天候,沙田 全天候,1650M,,,,,布文,6/12,出賽,PC/TT,1650M (布文) (6/12)
H165,21/09/2025,踱步,沙田,飛機場,沙田 飛機場,,,,,,助手,,踱步,H/P,飛機場 踱步 (助手)
H165,20/09/2025,游水,沙田,,沙田,,,,,,,,游水,,
H165,20/09/2025,踱步,沙田,內圈,沙田 內圈,,,,,,助手,,快踱一圈,H/P,內圈 快踱一圈 (助手)
H165,19/09/2025,游水,沙田,,沙田,,,,,,,,游水,,
H165,19/09/2025,踱步,沙田,內圈,沙田 內圈,,,,,,助手,,快踱一圈,H/P,內圈 快踱一圈 (助手)
H165,18/09/2025,游水,沙田,,沙田,,,,,,,,游水,,
H165,18/09/2025,快操,沙田,全天候,沙田 全天候,,59.6,59.6,33.1 26.5,,布文,,快操,H/P,33.1 26.5 (59.6) (布文)
H165,18/09/2025,踱步,沙田,飛機場,沙田 飛機場,,,,,,助手,,踱步,H/P,飛機場 踱步 (助手)
H165,17/09/2025,游水,沙田,,沙田,,,,,,,,游水,,
H165,17/09/2025,踱步,沙田,內圈,沙田 內圈,,,,,,助手,,快踱一圈,H/P,內圈 快踱一圈 (助手)
H165,16/09/2025,游水,沙田,,沙田,,,,,,,,游水,,
H165,16/09/2025,踱步,沙田,內圈,沙田 內圈,,,,,,助手,,快踱一圈,H/P,內圈 快踱一圈 (助手)
H165,15/09/2025,游水,沙田,,沙田,,,,,,,,游水,,
H165,15/09/2025,踱步,沙田,內圈,沙田 內圈,,,,,,助手,,倒快一圈,H/P,內圈 倒快一圈 (助手)
H165,14/09/2025,游水,沙田,,沙田,,,,,,,,游水,,
H165,14/09/2025,踱步,沙田,內圈,沙田 內圈,,,,,,助手,,快踱一圈,H/P,內圈 快踱一圈 (助手)
H165,13/09/2025,游水,沙田,,沙田,,,,,,,,游水,,
H165,13/09/2025,踱步,沙田,內圈,沙田 內圈,,,,,,助手,,快踱一圈,H/P,內圈 快踱一圈 (助手)
H165,12/09/2025,游水,沙田,,沙田,,,,,,,,游水,,
H165,11/09/2025,試閘,沙田,全天候,沙田 全天候,1200M,1.09.06,69.06,23.8 22.3 22.9,昇瀧駒,奧爾民,,第1組,PC,第1組 (奧爾民) 1200M 昇瀧駒 23.8 22.3 22.9 (1.09.06)
H165,11/09/2025,踱步,沙田,飛機場,沙田 飛機場,,,,,,助手,,踱步,H/P,飛機場 踱步 (助手)
H165,10/09/2025,游水,沙田,,沙田,,,,,,,,游水,,
H165,10/09/2025,踱步,沙田,內圈,沙田 內圈,,,,,,助手,,快踱一圈,H/P,內圈 快踱一圈 (助手)
H165,09/09/2025,游水,沙田,,沙田,,,,,,,,游水,,
H165,09/09/2025,快操,沙田,全天候,沙田 全天候,,59.7,59.7,30.8 28.9,,助手,,快操,H/P,30.8 28.9 (59.7) (助手)
H165,09/09/2025,踱步,沙田,飛機場,沙田 飛機場,,,,,,助手,,踱步,H/P,飛機場 踱步 (助手)
H165,08/09/2025,游水,沙田,,沙田,,,,,,,,游水,,
H165,08/09/2025,踱步,沙田,飛機場,沙田 飛機場,,,,,,助手,,踱步,H/P,飛機場 踱步 (助手)
H165,07/09/2025,游水,沙田,,沙田,,,,,,,,游水,,
H165,06/09/2025,游水,沙田,,沙田,,,,,,,,游水,,
H165,06/09/2025,踱步,沙田,內圈,沙田 內圈,,,,,,助手,,快踱一圈,H/P,內圈 快踱一圈 (助手)
H165,05/09/2025,游水,沙田,,沙田,,,,,,,,游水,,
H165,05/09/2025,踱步,沙田,內圈,沙田 內圈,,,,,,助手,,快踱一圈,H/P,內圈 快踱一圈 (助手)
H165,04/09/2025,游水,沙田,,沙田,,,,,,,,游水,,
H165,04/09/2025,快操,沙田,全天候,沙田 全天候,,57.2,57.2,32.0 25.2,,助手,,玩笑,H/P,32.0 25.2 (57.2) (助手) 玩笑
H165,04/09/2025,踱步,沙田,飛機場,沙田 飛機場,,,,,,助手,,踱步,H/P,飛機場 踱步 (助手)
H165,03/09/2025,游水,沙田,,沙田,,,,,,,,游水,,
H165,03/09/2025,踱步,沙田,內圈,沙田 內圈,,,,,,助手,,快踱一圈,H/P,內圈 快踱一圈 (助手)
H165,02/09/2025,游水,沙田,,沙田,,,,,,,,游水,,
H165,02/09/2025,踱步,沙田,內圈,沙田 內圈,,,,,,助手,,快踱一圈,H/P,內圈 快踱一圈 (助手)
H165,01/09/2025,游水,沙田,,沙田,,,,,,,,游水,,
H165,01/09/2025,踱步,沙田,內圈,沙田 內圈,,,,,,助手,,倒快一圈,H/P,內圈 倒快一圈 (助手)
H165,31/08/2025,游水,沙田,,沙田,,,,,,,,游水,,
H165,31/08/2025,踱步,沙田,內圈,沙田 內圈,,,,,,助手,,快踱一圈,H/P,內圈 快踱一圈 (助手)
H165,30/08/2025,游水,沙田,,沙田,,,,,,,,游水,,
H165,29/08/2025,試閘,沙田,全天候,沙田 全天候,1200M,1.09.73,69.73,24.6 22.6 22.5,太陽勇士,蔡明紹,,第1組,PC,第1組 (蔡明紹) 1200M 太陽勇士 24.6 22.6 22.5 (1.09.73)
H165,29/08/2025,踱步,沙田,飛機場,沙田 飛機場,,,,,,助手,,踱步,H/P,飛機場 踱步 (助手)
H165,28/08/2025,游水,沙田,,沙田,,,,,,,,游水,,
H165,28/08/2025,踱步,沙田,內圈,沙田 內圈,,,,,,助手,,倒快一圈,H/P,內圈 倒快一圈 (助手)
H165,27/08/2025,游水,沙田,,沙田,,,,,,,,游水,,
H165,27/08/2025,踱步,沙田,內圈,沙田 內圈,,,,,,助手,,快踱一圈,H/P,內圈 快踱一圈 (助手)
H165,26/08/2025,游水,沙田,,沙田,,,,,,,,游水,,
H165,26/08/2025,踱步,沙田,內圈,沙田 內圈,,,,,,助手,,快踱一圈,H/P,內圈 快踱一圈 (助手)
H165,25/08/2025,游水,沙田,,沙田,,,,,,,,游水,,
H165,25/08/2025,快操,沙田,全天候,沙田 全天候,,59.0,59.0,32.2 26.8,,助手,,快操,H/P,32.2 26.8 (59.0) (助手)
H165,25/08/2025,踱步,沙田,飛機場,沙田 飛機場,,,,,,助手,,踱步,H/P,飛機場 踱步 (助手)
H165,24/08/2025,游水,沙田,,沙田,,,,,,,,游水,,
H165,23/08/2025,游水,沙田,,沙田,,,,,,,,游水,,
H165,23/08/2025,踱步,沙田,內圈,沙田 內圈,,,,,,助手,,快踱一圈,H/P,內圈 快踱一圈 (助手)
H165,22/08/2025,游水,沙田,,沙田,,,,,,,,游水,,
H165,22/08/2025,踱步,沙田,內圈,沙田 內圈,,,,,,助手,,快踱一圈,H/P,內圈 快踱一圈 (助手)
H165,21/08/2025,游水,沙田,,沙田,,,,,,,,游水,,
H165,21/08/2025,快操,沙田,全天候,沙田 全天候,,59.4,59.4,33.8 25.6,,助手,,快操,H/P,33.8 25.6 (59.4) (助手)
H165,21/08/2025,踱步,沙田,飛機場,沙田 飛機場,,,,,,助手,,踱步,H/P,飛機場 踱步 (助手)
H165,20/08/2025,游水,沙田,,沙田,,,,,,,,游水,,
H165,20/08/2025,踱步,沙田,內圈,沙田 內圈,,,,,,助手,,快踱一圈,H/P,內圈 快踱一圈 (助手)
H165,19/08/2025,游水,沙田,,沙田,,,,,,,,游水,,
H165,19/08/2025,踱步,沙田,內圈,沙田 內圈,,,,,,助手,,快踱一圈,H/P,內圈 快踱一圈 (助手)
H165,18/08/2025,游水,沙田,,沙田,,,,,,,,游水,,
H165,18/08/2025,快操,沙田,全天候,沙田 全天候,,58.1,58.1,31.3 26.8,,助手,,快操,H/P,31.3 26.8 (58.1) (助手)
H165,18/08/2025,踱步,沙田,飛機場,沙田 飛機場,,,,,,助手,,踱步,H/P,飛機場 踱步 (助手)
H165,17/08/2025,游水,沙田,,沙田,,,,,,,,游水,,
H165,16/08/2025,游水,沙田,,沙田,,,,,,,,游水,,
H165,16/08/2025,踱步,沙田,內圈,沙田 內圈,,,,,,助手,,快踱一圈,H/P,內圈 快踱一圈 (助手)
H165,15/08/2025,游水,沙田,,沙田,,,,,,,,游水,,
H165,15/08/2025,踱步,沙田,內圈,沙田 內圈,,,,,,助手,,快踱一圈,H/P,內圈 快踱一圈 (助手)
H165,14/08/2025,游水,沙田,,沙田,,,,,,,,游水,,
H165,14/08/2025,快操,沙田,全天候,沙田 全天候,,58.1,58.1,31.1 27.0,,助手,,快操,H/P,31.1 27.0 (58.1) (助手)
H165,14/08/2025,踱步,沙田,飛機場,沙田 飛機場,,,,,,助手,,踱步,H/P,飛機場 踱步 (助手)
H165,13/08/2025,游水,沙田,,沙田,,,,,,,,游水,,
H165,13/08/2025,踱步,沙田,內圈,沙田 內圈,,,,,,助手,,快踱一圈,H/P,內圈 快踱一圈 (助手)
H165,12/08/2025,游水,沙田,,沙田,,,,,,,,游水,,
H165,12/08/2025,踱步,沙田,內圈,沙田 內圈,,,,,,助手,,快踱一圈,H/P,內圈 快踱一圈 (助手)
H165,11/08/2025,游水,沙田,,沙田,,,,,,,,游水,,
H165,11/08/2025,快操,沙田,全天候,沙田 全天候,,29.7,29.7,29.7,,助手,,快操,H/P,29.7 (29.7) (助手)
H165,11/08/2025,踱步,沙田,飛機場,沙田 飛機場,,,,,,助手,,踱步,H/P,飛機場 踱步 (助手)
H165,10/08/2025,游水,沙田,,沙田,,,,,,,,游水,,
H165,10/08/2025,踱步,沙田,內圈,沙田 內圈,,,,,,助手,,快踱一圈,H/P,內圈 快踱一圈 (助手)
H165,09/08/2025,游水,沙田,,沙田,,,,,,,,游水,,
H165,09/08/2025,踱步,沙田,內圈,沙田 內圈,,,,,,助手,,快踱一圈,H/P,內圈 快踱一圈 (助手)
H165,08/08/2025,游水,沙田,,沙田,,,,,,,,游水,,
H165,08/08/2025,踱步,沙田,內圈,沙田 內圈,,,,,,助手,,快踱一圈,H/P,內圈 快踱一圈 (助手)
H165,07/08/2025,游水,沙田,,沙田,,,,,,,,游水,,
H165,07/08/2025,快操,沙田,全天候,沙田 全天候,,30.5,30.5,30.5,,助手,,快操,H/P,30.5 (30.5) (助手)
H165,07/08/2025,踱步,沙田,飛機場,沙田 飛機場,,,,,,助手,,踱步,H/P,飛機場 踱步 (助手)
H165,06/08/2025,游水,沙田,,沙田,,,,,,,,游水,,
H165,06/08/2025,踱步,沙田,內圈,沙田 內圈,,,,,,助手,,快踱一圈,H/P,內圈 快踱一圈 (助手)
H165,05/08/2025,游水,沙田,,沙田,,,,,,,,游水,,
H165,05/08/2025,踱步,沙田,內圈,沙田 內圈,,,,,,助手,,快踱一圈,H/P,內圈 快踱一圈 (助手)
H165,04/08/2025,游水,沙田,,沙田,,,,,,,,游水,,
H165,04/08/2025,踱步,沙田,內圈,沙田 內圈,,,,,,助手,,快踱一圈,H/P,內圈 快踱一圈 (助手)
H165,03/08/2025,游水,沙田,,沙田,,,,,,,,游水,,
H165,03/08/2025,踱步,沙田,內圈,沙田 內圈,,,,,,助手,,快踱一圈,H/P,內圈 快踱一圈 (助手)
H165,02/08/2025,游水,沙田,,沙田,,,,,,,,游水,,
H165,02/08/2025,踱步,沙田,飛機場,沙田 飛機場,,,,,,助手,,踱步,H/P,飛機場 踱步 (助手)
H165,01/08/2025,踱步,沙田,飛機場,沙田 飛機場,,,,,,助手,,踱步,H/P,飛機場 踱步 (助手)
H165,30/06/2025,游水,沙田,,沙田,,,,,,,,游水,,
H165,28/06/2025,出賽,沙田,全天候,沙田 全天候,1650M,,,,,奧爾民,9/14,出賽,PC/TT,1650M (奧爾民) (9/14)
H165,28/06/2025,踱步,沙田,飛機場,沙田 飛機場,,,,,,助手,,踱步,PH,飛機場 踱步 (助手)
H165,27/06/2025,游水,沙田,,沙田,,,,,,,,游水,,
H165,27/06/2025,踱步,沙田,內圈,沙田 內圈,,,,,,助手,,快踱一圈,PH,內圈 快踱一圈 (助手)
H165,26/06/2025,游水,沙田,,沙田,,,,,,,,游水,,
H165,26/06/2025,踱步,沙田,內圈,沙田 內圈,,,,,,助手,,倒快一圈,PH,內圈 倒快一圈 (助手)
H165,25/06/2025,游水,沙田,,沙田,,,,,,,,游水,,
H165,25/06/2025,快操,沙田,全天候,沙田 全天候,,57.4,57.4,31.5 25.9,,助手,,快操,PH,31.5 25.9 (57.4) (助手)
H165,25/06/2025,踱步,沙田,飛機場,沙田 飛機場,,,,,,助手,,踱步,PH,飛機場 踱步 (助手)
H165,24/06/2025,游水,沙田,,沙田,,,,,,,,游水,,
H165,24/06/2025,踱步,沙田,內圈,沙田 內圈,,,,,,助手,,快踱一圈,PH,內圈 快踱一圈 (助手)
H165,23/06/2025,游水,沙田,,沙田,,,,,,,,游水,,
H165,23/06/2025,踱步,沙田,內圈,沙田 內圈,,,,,,助手,,倒快一圈,PH,內圈 倒快一圈 (助手)
H165,22/06/2025,游水,沙田,,沙田,,,,,,,,游水,,
H165,22/06/2025,快操,沙田,全天候,沙田 全天候,,58.7,58.7,32.1 26.6,,助手,,快操,PH,32.1 26.6 (58.7) (助手)
H165,22/06/2025,踱步,沙田,飛機場,沙田 飛機場,,,,,,助手,,踱步,PH,飛機場 踱步 (助手)
H165,21/06/2025,游水,沙田,,沙田,,,,,,,,游水,,
H165,21/06/2025,踱步,沙田,內圈,沙田 內圈,,,,,,助手,,快踱一圈,PH,內圈 快踱一圈 (助手)
H165,20/06/2025,游水,沙田,,沙田,,,,,,,,游水,,
H165,20/06/2025,踱步,沙田,內圈,沙田 內圈,,,,,,助手,,快踱一圈,PH,內圈 快踱一圈 (助手)
H165,19/06/2025,游水,沙田,,沙田,,,,,,,,游水,,
H165,19/06/2025,快操,沙田,草閘,沙田 草閘,,48.5,48.5,26.3 22.2,,助手,,"唯美主義, 比特星",PH,"26.3 22.2 (48.5) (助手) 唯美主義, 比特星"
H165,19/06/2025,踱步,沙田,飛機場,沙田 飛機場,,,,,,助手,,踱步,PH,飛機場 踱步 (助手)
H165,18/06/2025,游水,沙田,,沙田,,,,,,,,游水,,
H165,18/06/2025,踱步,沙田,內圈,沙田 內圈,,,,,,助手,,快踱一圈,PH,內圈 快踱一圈 (助手)
H165,17/06/2025,游水,沙田,,沙田,,,,,,,,游水,,
H165,17/06/2025,踱步,沙田,內圈,沙田 內圈,,,,,,助手,,快踱一圈,PH,內圈 快踱一圈 (助手)
H165,16/06/2025,游水,沙田,,沙田,,,,,,,,游水,,
H165,16/06/2025,快操,沙田,全天候,沙田 全天候,,59.9,59.9,33.3 26.6,,助手,,快操,PH,33.3 26.6 (59.9) (助手)
H165,16/06/2025,踱步,沙田,飛機場,沙田 飛機場,,,,,,助手,,踱步,PH,飛機場 踱步 (助手)
H165,15/06/2025,游水,沙田,,沙田,,,,,,,,游水,,
H165,14/06/2025,游水,沙田,,沙田,,,,,,,,游水,,
H165,14/06/2025,踱步,沙田,內圈,沙田 內圈,,,,,,助手,,快踱一圈,PH,內圈 快踱一圈 (助手)
H165,13/06/2025,游水,沙田,,沙田,,,,,,,,游水,,
H165,13/06/2025,踱步,沙田,內圈,沙田 內圈,,,,,,助手,,快踱一圈,PH,內圈 快踱一圈 (助手)
H165,12/06/2025,游水,沙田,,沙田,,,,,,,,游水,,
H165,12/06/2025,快操,沙田,全天候,沙田 全天候,,1.00.8,60.8,32.5 28.3,,奧爾民,,快操,PH,32.5 28.3 (1.00.8) (奧爾民)
H165,12/06/2025,踱步,沙田,飛機場,沙田 飛機場,,,,,,奧爾民,,踱步,PH,飛機場 踱步 (奧爾民)
H165,11/06/2025,游水,沙田,,沙田,,,,,,,,游水,,
H165,11/06/2025,踱步,沙田,內圈,沙田 內圈,,,,,,助手,,快踱一圈,PH,內圈 快踱一圈 (助手)
H165,10/06/2025,游水,沙田,,沙田,,,,,,,,游水,,
H165,10/06/2025,踱步,沙田,內圈,沙田 內圈,,,,,,助手,,快踱一圈,PH,內圈 快踱一圈 (助手)
H165,09/06/2025,游水,沙田,,沙田,,,,,,,,游水,,
H165,09/06/2025,快操,沙田,全天候,沙田 全天候,,57.8,57.8,33.0 24.8,,助手,,快操,PH,33.0 24.8 (57.8) (助手)
H165,08/06/2025,游水,沙田,,沙田,,,,,,,,游水,,
H165,07/06/2025,游水,沙田,,沙田,,,,,,,,游水,,
H165,07/06/2025,踱步,沙田,內圈,沙田 內圈,,,,,,助手,,快踱一圈,PH,內圈 快踱一圈 (助手)
H165,06/06/2025,游水,沙田,,沙田,,,,,,,,游水,,
H165,06/06/2025,踱步,沙田,內圈,沙田 內圈,,,,,,助手,,快踱一圈,PH,內圈 快踱一圈 (助手)
H165,05/06/2025,游水,沙田,,沙田,,,,,,,,游水,,
H165,05/06/2025,踱步,沙田,內圈,沙田 內圈,,,,,,助手,,倒快一圈,PH,內圈 倒快一圈 (助手)
H165,04/06/2025,游水,沙田,,沙田,,,,,,,,游水,,
H165,04/06/2025,踱步,沙田,飛機場,沙田 飛機場,,,,,,助手,,踱步,PH,飛機場 踱步 (助手)
H165,03/06/2025,游水,沙田,,沙田,,,,,,,,游水,,
H165,02/06/2025,游水,沙田,,沙田,,,,,,,,游水,,
H165,31/05/2025,出賽,沙田,全天候,沙田 全天候,1650M,,,,,田泰安,4/13,出賽,PC/TT,1650M (田泰安) (4/13)
H165,31/05/2025,踱步,沙田,飛機場,沙田 飛機場,,,,,,助手,,踱步,PH,飛機場 踱步 (助手)
H165,30/05/2025,游水,沙田,,沙田,,,,,,,,游水,,
H165,30/05/2025,踱步,沙田,內圈,沙田 內圈,,,,,,助手,,快踱一圈,PH,內圈 快踱一圈 (助手)
H165,29/05/2025,游水,沙田,,沙田,,,,,,,,游水,,
H165,28/05/2025,游水,沙田,,沙田,,,,,,,,游水,,
H165,28/05/2025,快操,沙田,全天候,沙田 全天候,,58.7,58.7,32.3 26.4,,田泰安,,快操,PH,32.3 26.4 (58.7) (田泰安)
H165,28/05/2025,踱步,沙田,飛機場,沙田 飛機場,,,,,,助手,,踱步,PH,飛機場 踱步 (助手)
H165,27/05/2025,游水,沙田,,沙田,,,,,,,,游水,,
H165,27/05/2025,踱步,沙田,內圈,沙田 內圈,,,,,,助手,,快踱一圈,PH,內圈 快踱一圈 (助手)
H165,26/05/2025,游水,沙田,,沙田,,,,,,,,游水,,
H165,26/05/2025,踱步,沙田,內圈,沙田 內圈,,,,,,助手,,倒快一圈,PH,內圈 倒快一圈 (助手)
H165,25/05/2025,游水,沙田,,沙田,,,,,,,,游水,,
H165,25/05/2025,快操,沙田,全天候,沙田 全天候,,59.4,59.4,33.5 25.9,,助手,,快操,PH,33.5 25.9 (59.4) (助手)
H165,25/05/2025,踱步,沙田,飛機場,沙田 飛機場,,,,,,助手,,踱步,PH,飛機場 踱步 (助手)
H165,24/05/2025,游水,沙田,,沙田,,,,,,,,游水,,
H165,24/05/2025,踱步,沙田,內圈,沙田 內圈,,,,,,助手,,快踱一圈,PH,內圈 快踱一圈 (助手)
H165,23/05/2025,游水,沙田,,沙田,,,,,,,,游水,,
H165,23/05/2025,踱步,沙田,內圈,沙田 內圈,,,,,,助手,,快踱一圈,PH,內圈 快踱一圈 (助手)
H165,22/05/2025,游水,沙田,,沙田,,,,,,,,游水,,
H165,22/05/2025,快操,沙田,全天候,沙田 全天候,,1.00.4,60.4,32.1 28.3,,巴度,,快操,PH,32.1 28.3 (1.00.4) (巴度)
H165,21/05/2025,游水,沙田,,沙田,,,,,,,,游水,,
H165,21/05/2025,踱步,沙田,內圈,沙田 內圈,,,,,,助手,,快踱一圈,H,內圈 快踱一圈 (助手)
H165,20/05/2025,游水,沙田,,沙田,,,,,,,,游水,,
H165,19/05/2025,游水,沙田,,沙田,,,,,,,,游水,,
H165,19/05/2025,快操,沙田,全天候,沙田 全天候,,58.9,58.9,32.7 26.2,,助手,,快操,PH,32.7 26.2 (58.9) (助手)
H165,19/05/2025,踱步,沙田,飛機場,沙田 飛機場,,,,,,助手,,踱步,PH,飛機場 踱步 (助手)
H165,18/05/2025,游水,沙田,,沙田,,,,,,,,游水,,
H165,17/05/2025,游水,沙田,,沙田,,,,,,,,游水,,
H165,17/05/2025,踱步,沙田,內圈,沙田 內圈,,,,,,助手,,快踱一圈,PH,內圈 快踱一圈 (助手)
H165,16/05/2025,游水,沙田,,沙田,,,,,,,,游水,,
H165,16/05/2025,踱步,沙田,內圈,沙田 內圈,,,,,,助手,,快踱一圈,PH,內圈 快踱一圈 (助手)
H165,15/05/2025,游水,沙田,,沙田,,,,,,,,游水,,
H165,15/05/2025,踱步,沙田,內圈,沙田 內圈,,,,,,助手,,倒快一圈,PH,內圈 倒快一圈 (助手)
H165,14/05/2025,游水,沙田,,沙田,,,,,,,,游水,,
H165,14/05/2025,踱步,沙田,飛機場,沙田 飛機場,,,,,,助手,,踱步,PH,飛機場 踱步 (助手)
H165,12/05/2025,游水,沙田,,沙田,,,,,,,,游水,,
H165,10/05/2025,出賽,沙田,全天候,沙田 全天候,1650M,,,,,奧爾民,5/11,出賽,PC/TT,1650M (奧爾民) (5/11)
H165,10/05/2025,踱步,沙田,飛機場,沙田 飛機場,,,,,,助手,,踱步,PH,飛機場 踱步 (助手)
H165,09/05/2025,游水,沙田,,沙田,,,,,,,,游水,,
H165,09/05/2025,踱步,沙田,內圈,沙田 內圈,,,,,,助手,,快踱一圈,PH,內圈 快踱一圈 (助手)
H165,08/05/2025,游水,沙田,,沙田,,,,,,,,游水,,
H165,08/05/2025,踱步,沙田,內圈,沙田 內圈,,,,,,助手,,倒快一圈,PH,內圈 倒快一圈 (助手)
H165,07/05/2025,游水,沙田,,沙田,,,,,,,,游水,,
H165,07/05/2025,快操,沙田,全天候,沙田 全天候,,57.3,57.3,31.6 25.7,,奧爾民,,快操,PH,31.6 25.7 (57.3) (奧爾民)
H165,07/05/2025,踱步,沙田,飛機場,沙田 飛機場,,,,,,奧爾民,,踱步,PH,飛機場 踱步 (奧爾民)
H165,06/05/2025,游水,沙田,,沙田,,,,,,,,游水,,
H165,06/05/2025,踱步,沙田,內圈,沙田 內圈,,,,,,助手,,快踱一圈,PH,內圈 快踱一圈 (助手)
H165,05/05/2025,游水,沙田,,沙田,,,,,,,,游水,,
H165,05/05/2025,踱步,沙田,內圈,沙田 內圈,,,,,,助手,,倒快一圈,PH,內圈 倒快一圈 (助手)
H165,04/05/2025,快操,沙田,全天候,沙田 全天候,,59.3,59.3,33.2 26.1,,助手,,快操,PH,33.2 26.1 (59.3) (助手)
H165,04/05/2025,踱步,沙田,飛機場,沙田 飛機場,,,,,,助手,,踱步,PH,飛機場 踱步 (助手)
H165,03/05/2025,游水,沙田,,沙田,,,,,,,,游水,,
H165,03/05/2025,踱步,沙田,內圈,沙田 內圈,,,,,,助手,,快踱一圈,PH,內圈 快踱一圈 (助手)
H165,02/05/2025,游水,沙田,,沙田,,,,,,,,游水,,
H165,02/05/2025,踱步,沙田,內圈,沙田 內圈,,,,,,助手,,快踱一圈,PH,內圈 快踱一圈 (助手)
H165,01/05/2025,游水,沙田,,沙田,,,,,,,,游水,,
H165,01/05/2025,快操,沙田,全天候,沙田 全天候,,58.9,58.9,31.8 27.1,,助手,,快操,PH,31.8 27.1 (58.9) (助手)
H165,01/05/2025,踱步,沙田,飛機場,沙田 飛機場,,,,,,助手,,踱步,PH,飛機場 踱步 (助手)
H165,30/04/2025,游水,沙田,,沙田,,,,,,,,游水,,
H165,30/04/2025,踱步,沙田,內圈,沙田 內圈,,,,,,助手,,快踱一圈,PH,內圈 快踱一圈 (助手)
H165,29/04/2025,游水,沙田,,沙田,,,,,,,,游水,,
H165,29/04/2025,踱步,沙田,內圈,沙田 內圈,,,,,,助手,,快踱一圈,PH,內圈 快踱一圈 (助手)
H165,28/04/2025,游水,沙田,,沙田,,,,,,,,游水,,
H165,28/04/2025,踱步,沙田,內圈,沙田 內圈,,,,,,助手,,倒快一圈,PH,內圈 倒快一圈 (助手)
H165,27/04/2025,游水,沙田,,沙田,,,,,,,,游水,,
H165,27/04/2025,踱步,沙田,飛機場,沙田 飛機場,,,,,,助手,,踱步,PH,飛機場 踱步 (助手)
H165,26/04/2025,游水,沙田,,沙田,,,,,,,,游水,,
H165,25/04/2025,游水,沙田,,沙田,,,,,,,,游水,,
H165,23/04/2025,出賽,跑馬地,草地,跑馬地 草地,1800M,,,,,潘頓,11/12,出賽,PC/TT,1800M (潘頓) (11/12)
H165,23/04/2025,踱步,沙田,飛機場,沙田 飛機場,,,,,,助手,,踱步,PH,飛機場 踱步 (助手)
H165,22/04/2025,游水,沙田,,沙田,,,,,,,,游水,,
H165,22/04/2025,踱步,沙田,內圈,沙田 內圈,,,,,,助手,,快踱一圈,PH,內圈 快踱一圈 (助手)
H165,21/04/2025,游水,沙田,,沙田,,,,,,,,游水,,
H165,21/04/2025,踱步,沙田,內圈,沙田 內圈,,,,,,助手,,倒快一圈,PH,內圈 倒快一圈 (助手)
H165,20/04/2025,游水,沙田,,沙田,,,,,,,,游水,,
H165,20/04/2025,快操,沙田,全天候,沙田 全天候,,1.00.4,60.4,32.7 27.7,,助手,,快操,PH,32.7 27.7 (1.00.4) (助手)
H165,20/04/2025,踱步,沙田,飛機場,沙田 飛機場,,,,,,助手,,踱步,PH,飛機場 踱步 (助手)
H165,19/04/2025,游水,沙田,,沙田,,,,,,,,游水,,
H165,19/04/2025,踱步,沙田,內圈,沙田 內圈,,,,,,助手,,快踱一圈,PH,內圈 快踱一圈 (助手)
H165,18/04/2025,游水,沙田,,沙田,,,,,,,,游水,,
H165,18/04/2025,踱步,沙田,內圈,沙田 內圈,,,,,,助手,,快踱一圈,PH,內圈 快踱一圈 (助手)
H165,17/04/2025,游水,沙田,,沙田,,,,,,,,游水,,
H165,17/04/2025,踱步,沙田,內圈,沙田 內圈,,,,,,助手,,倒快一圈,PH,內圈 倒快一圈 (助手)
H165,16/04/2025,游水,沙田,,沙田,,,,,,,,游水,,
H165,16/04/2025,踱步,沙田,內圈,沙田 內圈,,,,,,助手,,快踱一圈,PH,內圈 快踱一圈 (助手)
H165,15/04/2025,游水,沙田,,沙田,,,,,,,,游水,,
H165,14/04/2025,試閘,沙田,全天候,沙田 全天候,1200M,1.10.09,70.09,24.9 22.9 22.2,維港智能,潘頓,,第1組,PC,第1組 (潘頓) 1200M 維港智能 24.9 22.9 22.2 (1.10.09)
H165,13/04/2025,游水,沙田,,沙田,,,,,,,,游水,,
H165,12/04/2025,游水,沙田,,沙田,,,,,,,,游水,,
H165,12/04/2025,踱步,沙田,內圈,沙田 內圈,,,,,,助手,,快踱一圈,PH,內圈 快踱一圈 (助手)
H165,11/04/2025,游水,沙田,,沙田,,,,,,,,游水,,
H165,11/04/2025,踱步,沙田,內圈,沙田 內圈,,,,,,助手,,快踱一圈,PH,內圈 快踱一圈 (助手)
H165,10/04/2025,游水,沙田,,沙田,,,,,,,,游水,,
H165,10/04/2025,快操,沙田,全天候,沙田 全天候,,57.8,57.8,32.4 25.4,,助手,,快操,PH,32.4 25.4 (57.8) (助手)
H165,10/04/2025,踱步,沙田,飛機場,沙田 飛機場,,,,,,助手,,踱步,PH,飛機場 踱步 (助手)
H165,09/04/2025,游水,沙田,,沙田,,,,,,,,游水,,
H165,09/04/2025,踱步,沙田,內圈,沙田 內圈,,,,,,助手,,快踱一圈,PH,內圈 快踱一圈 (助手)
H165,08/04/2025,游水,沙田,,沙田,,,,,,,,游水,,
H165,08/04/2025,踱步,沙田,內圈,沙田 內圈,,,,,,助手,,快踱一圈,PH,內圈 快踱一圈 (助手)
H165,07/04/2025,游水,沙田,,沙田,,,,,,,,游水,,
H165,07/04/2025,快操,沙田,全天候,沙田 全天候,,57.7,57.7,31.6 26.1,,助手,,快操,PH,31.6 26.1 (57.7) (助手)
H165,07/04/2025,踱步,沙田,飛機場,沙田 飛機場,,,,,,助手,,踱步,PH,飛機場 踱步 (助手)
H165,06/04/2025,游水,沙田,,沙田,,,,,,,,游水,,
H165,05/04/2025,游水,沙田,,沙田,,,,,,,,游水,,
H165,05/04/2025,踱步,沙田,內圈,沙田 內圈,,,,,,助手,,快踱一圈,PH,內圈 快踱一圈 (助手)
H165,04/04/2025,游水,沙田,,沙田,,,,,,,,游水,,
H165,04/04/2025,踱步,沙田,內圈,沙田 內圈,,,,,,助手,,快踱一圈,H,內圈 快踱一圈 (助手)
H165,03/04/2025,游水,沙田,,沙田,,,,,,,,游水,,
H165,03/04/2025,快操,沙田,全天候,沙田 全天候,,57.6,57.6,31.9 25.7,,助手,,快操,PH,31.9 25.7 (57.6) (助手)
H165,03/04/2025,踱步,沙田,飛機場,沙田 飛機場,,,,,,助手,,踱步,PH,飛機場 踱步 (助手)
H165,02/04/2025,游水,沙田,,沙田,,,,,,,,游水,,
H165,02/04/2025,踱步,沙田,內圈,沙田 內圈,,,,,,助手,,快踱一圈,PH,內圈 快踱一圈 (助手)
H165,01/04/2025,游水,沙田,,沙田,,,,,,,,游水,,
H165,01/04/2025,踱步,沙田,內圈,沙田 內圈,,,,,,助手,,快踱一圈,PH,內圈 快踱一圈 (助手)
H165,31/03/2025,游水,沙田,,沙田,,,,,,,,游水,,
H165,31/03/2025,踱步,沙田,內圈,沙田 內圈,,,,,,助手,,倒快一圈,PH,內圈 倒快一圈 (助手)
H165,30/03/2025,游水,沙田,,沙田,,,,,,,,游水,,
H165,30/03/2025,踱步,沙田,飛機場,沙田 飛機場,,,,,,助手,,踱步,PH,飛機場 踱步 (助手)
H165,29/03/2025,游水,沙田,,沙田,,,,,,,,游水,,
H165,28/03/2025,游水,沙田,,沙田,,,,,,,,游水,,
H165,26/03/2025,出賽,沙田,全天候,沙田 全天候,1650M,,,,,奧爾民,6/14,出賽,PC/TT,1650M (奧爾民) (6/14)
H165,26/03/2025,踱步,沙田,飛機場,沙田 飛機場,,,,,,助手,,踱步,PH,飛機場 踱步 (助手)
H165,25/03/2025,游水,沙田,,沙田,,,,,,,,游水,,
H165,25/03/2025,踱步,沙田,內圈,沙田 內圈,,,,,,助手,,快踱一圈,PH,內圈 快踱一圈 (助手)
H165,24/03/2025,游水,沙田,,沙田,,,,,,,,游水,,
H165,24/03/2025,踱步,沙田,內圈,沙田 內圈,,,,,,助手,,倒快一圈,PH,內圈 倒快一圈 (助手)
H165,23/03/2025,游水,沙田,,沙田,,,,,,,,游水,,
H165,23/03/2025,快操,沙田,全天候,沙田 全天候,,57.6,57.6,32.3 25.3,,奧爾民,,快操,PH,32.3 25.3 (57.6) (奧爾民)
H165,23/03/2025,踱步,沙田,飛機場,沙田 飛機場,,,,,,奧爾民,,踱步,PH,飛機場 踱步 (奧爾民)
H165,22/03/2025,游水,沙田,,沙田,,,,,,,,游水,,
H165,22/03/2025,踱步,沙田,內圈,沙田 內圈,,,,,,助手,,快踱一圈,PH,內圈 快踱一圈 (助手)
H165,21/03/2025,游水,沙田,,沙田,,,,,,,,游水,,
H165,21/03/2025,踱步,沙田,內圈,沙田 內圈,,,,,,助手,,快踱一圈,PH,內圈 快踱一圈 (助手)
H165,20/03/2025,游水,沙田,,沙田,,,,,,,,游水,,
H165,20/03/2025,踱步,沙田,內圈,沙田 內圈,,,,,,助手,,倒快一圈,PH,內圈 倒快一圈 (助手)
H165,19/03/2025,游水,沙田,,沙田,,,,,,,,游水,,
H165,18/03/2025,試閘,沙田,全天候,沙田 全天候,1200M,1.09.70,69.7,24.7 22.4 22.6,昇瀧駒,奧爾民,,第1組,PC,第1組 (奧爾民) 1200M 昇瀧駒 24.7 22.4 22.6 (1.09.70)
H165,17/03/2025,游水,沙田,,沙田,,,,,,,,游水,,
H165,17/03/2025,踱步,沙田,內圈,沙田 內圈,,,,,,助手,,倒快一圈,PH,內圈 倒快一圈 (助手)
H165,16/03/2025,游水,沙田,,沙田,,,,,,,,游水,,
H165,15/03/2025,游水,沙田,,沙田,,,,,,,,游水,,
H165,15/03/2025,踱步,沙田,內圈,沙田 內圈,,,,,,助手,,快踱一圈,PH,內圈 快踱一圈 (助手)
H165,14/03/2025,游水,沙田,,沙田,,,,,,,,游水,,
H165,14/03/2025,踱步,沙田,內圈,沙田 內圈,,,,,,助手,,快踱一圈,PH,內圈 快踱一圈 (助手)
H165,13/03/2025,游水,沙田,,沙田,,,,,,,,游水,,
H165,13/03/2025,快操,沙田,全天候,沙田 全天候,,57.6,57.6,31.3 26.3,,助手,,快操,PH,31.3 26.3 (57.6) (助手)
H165,13/03/2025,踱步,沙田,飛機場,沙田 飛機場,,,,,,助手,,踱步,PH,飛機場 踱步 (助手)
H165,12/03/2025,游水,沙田,,沙田,,,,,,,,游水,,
H165,12/03/2025,踱步,沙田,內圈,沙田 內圈,,,,,,助手,,快踱一圈,PH,內圈 快踱一圈 (助手)
H165,11/03/2025,游水,沙田,,沙田,,,,,,,,游水,,
H165,11/03/2025,踱步,沙田,內圈,沙田 內圈,,,,,,助手,,快踱一圈,PH,內圈 快踱一圈 (助手)
H165,10/03/2025,游水,沙田,,沙田,,,,,,,,游水,,
H165,10/03/2025,快操,沙田,全天候,沙田 全天候,,57.9,57.9,31.3 26.6,,助手,,快操,PH,31.3 26.6 (57.9) (助手)
H165,10/03/2025,踱步,沙田,飛機場,沙田 飛機場,,,,,,助手,,踱步,PH,飛機場 踱步 (助手)
H165,09/03/2025,游水,沙田,,沙田,,,,,,,,游水,,
H165,08/03/2025,游水,沙田,,沙田,,,,,,,,游水,,
H165,08/03/2025,踱步,沙田,內圈,沙田 內圈,,,,,,助手,,快踱一圈,PH,內圈 快踱一圈 (助手)
H165,07/03/2025,游水,沙田,,沙田,,,,,,,,游水,,
H165,07/03/2025,踱步,沙田,內圈,沙田 內圈,,,,,,助手,,快踱一圈,PH,內圈 快踱一圈 (助手)
H165,06/03/2025,游水,沙田,,沙田,,,,,,,,游水,,
H165,06/03/2025,快操,沙田,草地,沙田 草地,,49.9,49.9,26.5 23.4,,助手,,逐步贏,PH,26.5 23.4 (49.9) (助手) 逐步贏
H165,06/03/2025,踱步,沙田,飛機場,沙田 飛機場,,,,,,助手,,踱步,PH,飛機場 踱步 (助手)
H165,05/03/2025,游水,沙田,,沙田,,,,,,,,游水,,
H165,05/03/2025,踱步,沙田,內圈,沙田 內圈,,,,,,助手,,快踱一圈,PH,內圈 快踱一圈 (助手)
H165,04/03/2025,游水,沙田,,沙田,,,,,,,,游水,,
H165,04/03/2025,踱步,沙田,內圈,沙田 內圈,,,,,,助手,,快踱一圈,PH,內圈 快踱一圈 (助手)
H165,03/03/2025,游水,沙田,,沙田,,,,,,,,游水,,
H165,03/03/2025,快操,沙田,全天候,沙田 全天候,,58.6,58.6,32.2 26.4,,助手,,快操,PH,32.2 26.4 (58.6) (助手)
H165,03/03/2025,踱步,沙田,飛機場,沙田 飛機場,,,,,,助手,,踱步,PH,飛機場 踱步 (助手)
H165,02/03/2025,游水,沙田,,沙田,,,,,,,,游水,,
H165,01/03/2025,游水,沙田,,沙田,,,,,,,,游水,,
H165,01/03/2025,踱步,沙田,內圈,沙田 內圈,,,,,,助手,,快踱一圈,PH,內圈 快踱一圈 (助手)
H165,28/02/2025,游水,沙田,,沙田,,,,,,,,游水,,
H165,28/02/2025,踱步,沙田,內圈,沙田 內圈,,,,,,助手,,快踱一圈,PH,內圈 快踱一圈 (助手)
H165,27/02/2025,游水,沙田,,沙田,,,,,,,,游水,,
H165,27/02/2025,快操,沙田,全天候,沙田 全天候,,59.4,59.4,33.0 26.4,,助手,,快操,PH,33.0 26.4 (59.4) (助手)
H165,27/02/2025,踱步,沙田,飛機場,沙田 飛機場,,,,,,助手,,踱步,PH,飛機場 踱步 (助手)
H165,26/02/2025,游水,沙田,,沙田,,,,,,,,游水,,
H165,26/02/2025,踱步,沙田,內圈,沙田 內圈,,,,,,助手,,快踱一圈,PH,內圈 快踱一圈 (助手)
H165,25/02/2025,游水,沙田,,沙田,,,,,,,,游水,,
H165,25/02/2025,踱步,沙田,內圈,沙田 內圈,,,,,,助手,,快踱一圈,PH,內圈 快踱一圈 (助手)
H165,24/02/2025,游水,沙田,,沙田,,,,,,,,游水,,
H165,24/02/2025,快操,沙田,全天候,沙田 全天候,,58.8,58.8,32.2 26.6,,助手,,快操,PH,32.2 26.6 (58.8) (助手)
H165,24/02/2025,踱步,沙田,飛機場,沙田 飛機場,,,,,,副練馬師,,踱步,PH,飛機場 踱步 (副練馬師)
H165,23/02/2025,游水,沙田,,沙田,,,,,,,,游水,,
H165,22/02/2025,游水,沙田,,沙田,,,,,,,,游水,,
H165,22/02/2025,踱步,沙田,內圈,沙田 內圈,,,,,,助手,,快踱一圈,PH,內圈 快踱一圈 (助手)
H165,21/02/2025,游水,沙田,,沙田,,,,,,,,游水,,
H165,21/02/2025,踱步,沙田,內圈,沙田 內圈,,,,,,助手,,快踱一圈,PH,內圈 快踱一圈 (助手)
H165,20/02/2025,游水,沙田,,沙田,,,,,,,,游水,,
H165,20/02/2025,踱步,沙田,內圈,沙田 內圈,,,,,,助手,,倒快一圈,PH,內圈 倒快一圈 (助手)
H165,19/02/2025,游水,沙田,,沙田,,,,,,,,游水,,
H165,19/02/2025,踱步,沙田,內圈,沙田 內圈,,,,,,助手,,快踱一圈,PH,內圈 快踱一圈 (助手)
H165,18/02/2025,游水,沙田,,沙田,,,,,,,,游水,,
H165,18/02/2025,踱步,沙田,內圈,沙田 內圈,,,,,,助手,,快踱一圈,PH,內圈 快踱一圈 (助手)
H165,17/02/2025,游水,沙田,,沙田,,,,,,,,游水,,
H165,17/02/2025,踱步,沙田,內圈,沙田 內圈,,,,,,助手,,倒快一圈,H,內圈 倒快一圈 (助手)
H165,16/02/2025,游水,沙田,,沙田,,,,,,,,游水,,
H165,16/02/2025,踱步,沙田,飛機場,沙田 飛機場,,,,,,助手,,踱步,PH,飛機場 踱步 (助手)
H165,15/02/2025,游水,沙田,,沙田,,,,,,,,游水,,
H165,14/02/2025,游水,沙田,,沙田,,,,,,,,游水,,
H165,12/02/2025,出賽,沙田,全天候,沙田 全天候,1650M,,,,,艾兆禮,9/13,出賽,PC/TT,1650M (艾兆禮) (9/13)
H165,12/02/2025,踱步,沙田,飛機場,沙田 飛機場,,,,,,助手,,踱步,PH,飛機場 踱步 (助手)
H165,11/02/2025,游水,沙田,,沙田,,,,,,,,游水,,
H165,11/02/2025,踱步,沙田,內圈,沙田 內圈,,,,,,助手,,快踱一圈,PH,內圈 快踱一圈 (助手)
H165,10/02/2025,游水,沙田,,沙田,,,,,,,,游水,,
H165,10/02/2025,快操,沙田,全天候,沙田 全天候,,58.1,58.1,32.3 25.8,,助手,,快操,PH,32.3 25.8 (58.1) (助手)
H165,10/02/2025,踱步,沙田,飛機場,沙田 飛機場,,,,,,助手,,踱步,PH,飛機場 踱步 (助手)
H165,09/02/2025,游水,沙田,,沙田,,,,,,,,游水,,
H165,09/02/2025,踱步,沙田,內圈,沙田 內圈,,,,,,助手,,快踱一圈,PH,內圈 快踱一圈 (助手)
H165,08/02/2025,游水,沙田,,沙田,,,,,,,,游水,,
H165,08/02/2025,踱步,沙田,內圈,沙田 內圈,,,,,,助手,,快踱一圈,PH,內圈 快踱一圈 (助手)
H165,07/02/2025,游水,沙田,,沙田,,,,,,,,游水,,
H165,07/02/2025,快操,沙田,全天候,沙田 全天候,,57.3,57.3,31.3 26.0,,助手,,快操,PH,31.3 26.0 (57.3) (助手)
H165,07/02/2025,踱步,沙田,飛機場,沙田 飛機場,,,,,,助手,,踱步,PH,飛機場 踱步 (助手)
H165,06/02/2025,游水,沙田,,沙田,,,,,,,,游水,,
H165,06/02/2025,踱步,沙田,內圈,沙田 內圈,,,,,,助手,,倒快一圈,PH,內圈 倒快一圈 (助手)
H165,05/02/2025,游水,沙田,,沙田,,,,,,,,游水,,
H165,05/02/2025,踱步,沙田,內圈,沙田 內圈,,,,,,助手,,快踱一圈,PH,內圈 快踱一圈 (助手)
H165,04/02/2025,游水,沙田,,沙田,,,,,,,,游水,,
H165,04/02/2025,快操,沙田,全天候,沙田 全天候,,58.1,58.1,32.3 25.8,,助手,,快操,PH,32.3 25.8 (58.1) (助手)
H165,04/02/2025,踱步,沙田,飛機場,沙田 飛機場,,,,,,助手,,踱步,PH,飛機場 踱步 (助手)
H165,03/02/2025,游水,沙田,,沙田,,,,,,,,游水,,
H165,03/02/2025,踱步,沙田,內圈,沙田 內圈,,,,,,助手,,倒快一圈,PH,內圈 倒快一圈 (助手)
H165,02/02/2025,游水,沙田,,沙田,,,,,,,,游水,,
H165,01/02/2025,游水,沙田,,沙田,,,,,,,,游水,,
H165,01/02/2025,踱步,沙田,內圈,沙田 內圈,,,,,,助手,,快踱一圈,PH,內圈 快踱一圈 (助手)
H165,31/01/2025,游水,沙田,,沙田,,,,,,,,游水,,
H165,31/01/2025,快操,沙田,全天候,沙田 全天候,,57.0,57.0,31.3 25.7,,助手,,快操,PH,31.3 25.7 (57.0) (助手)
H165,31/01/2025,踱步,沙田,飛機場,沙田 飛機場,,,,,,助手,,踱步,PH,飛機場 踱步 (助手)
H165,30/01/2025,游水,沙田,,沙田,,,,,,,,游水,,
H165,30/01/2025,踱步,沙田,內圈,沙田 內圈,,,,,,助手,,倒快一圈,PH,內圈 倒快一圈 (助手)
H165,28/01/2025,游水,沙田,,沙田,,,,,,,,游水,,
H165,28/01/2025,踱步,沙田,內圈,沙田 內圈,,,,,,助手,,快踱一圈,PH,內圈 快踱一圈 (助手)
H165,27/01/2025,游水,沙田,,沙田,,,,,,,,游水,,
H165,27/01/2025,快操,沙田,全天候,沙田 全天候,,57.5,57.5,31.3 26.2,,助手,,快操,PH,31.3 26.2 (57.5) (助手)
H165,27/01/2025,踱步,沙田,飛機場,沙田 飛機場,,,,,,助手,,踱步,PH,飛機場 踱步 (助手)
H165,26/01/2025,游水,沙田,,沙田,,,,,,,,游水,,
H165,25/01/2025,游水,沙田,,沙田,,,,,,,,游水,,
H165,25/01/2025,踱步,沙田,內圈,沙田 內圈,,,,,,助手,,快踱一圈,PH,內圈 快踱一圈 (助手)
H165,24/01/2025,游水,沙田,,沙田,,,,,,,,游水,,
H165,24/01/2025,踱步,沙田,內圈,沙田 內圈,,,,,,助手,,快踱一圈,PH,內圈 快踱一圈 (助手)
H165,23/01/2025,游水,沙田,,沙田,,,,,,,,游水,,
H165,23/01/2025,快操,沙田,全天候,沙田 全天候,,58.8,58.8,32.8 26.0,,助手,,快操,PH,32.8 26.0 (58.8) (助手)
H165,23/01/2025,踱步,沙田,飛機場,沙田 飛機場,,,,,,助手,,踱步,PH,飛機場 踱步 (助手)
H165,22/01/2025,游水,沙田,,沙田,,,,,,,,游水,,
H165,22/01/2025,踱步,沙田,內圈,沙田 內圈,,,,,,助手,,快踱一圈,PH,內圈 快踱一圈 (助手)
H165,21/01/2025,游水,沙田,,沙田,,,,,,,,游水,,
H165,21/01/2025,踱步,沙田,內圈,沙田 內圈,,,,,,助手,,快踱一圈,PH,內圈 快踱一圈 (助手)
H165,20/01/2025,游水,沙田,,沙田,,,,,,,,游水,,
H165,20/01/2025,快操,沙田,草閘,沙田 草閘,,46.5,46.5,23.5 23.0,,巴度,,"手到齊來, 爆熱",PH,"23.5 23.0 (46.5) (巴度) 手到齊來, 爆熱"
H165,20/01/2025,踱步,沙田,飛機場,沙田 飛機場,,,,,,助手,,踱步,PH,飛機場 踱步 (助手)
H165,19/01/2025,游水,沙田,,沙田,,,,,,,,游水,,
H165,18/01/2025,游水,沙田,,沙田,,,,,,,,游水,,
H165,18/01/2025,踱步,沙田,內圈,沙田 內圈,,,,,,助手,,快踱一圈,PH,內圈 快踱一圈 (助手)
H165,17/01/2025,游水,沙田,,沙田,,,,,,,,游水,,
H165,17/01/2025,踱步,沙田,內圈,沙田 內圈,,,,,,助手,,快踱一圈,PH,內圈 快踱一圈 (助手)
H165,16/01/2025,游水,沙田,,沙田,,,,,,,,游水,,
H165,16/01/2025,快操,沙田,全天候,沙田 全天候,,58.8,58.8,32.1 26.7,,助手,,快操,PH,32.1 26.7 (58.8) (助手)
H165,16/01/2025,踱步,沙田,飛機場,沙田 飛機場,,,,,,助手,,踱步,PH,飛機場 踱步 (助手)
H165,15/01/2025,游水,沙田,,沙田,,,,,,,,游水,,
H165,15/01/2025,踱步,沙田,內圈,沙田 內圈,,,,,,助手,,快踱一圈,PH,內圈 快踱一圈 (助手)
H165,14/01/2025,游水,沙田,,沙田,,,,,,,,游水,,
H165,14/01/2025,踱步,沙田,內圈,沙田 內圈,,,,,,助手,,快踱一圈,PH,內圈 快踱一圈 (助手)
H165,13/01/2025,游水,沙田,,沙田,,,,,,,,游水,,
H165,13/01/2025,快操,沙田,全天候,沙田 全天候,,59.6,59.6,32.6 27.0,,助手,,快操,PH,32.6 27.0 (59.6) (助手)
H165,13/01/2025,踱步,沙田,飛機場,沙田 飛機場,,,,,,助手,,踱步,PH,飛機場 踱步 (助手)
H165,12/01/2025,游水,沙田,,沙田,,,,,,,,游水,,
H165,11/01/2025,游水,沙田,,沙田,,,,,,,,游水,,
H165,11/01/2025,踱步,沙田,內圈,沙田 內圈,,,,,,助手,,快踱一圈,PH,內圈 快踱一圈 (助手)
H165,10/01/2025,游水,沙田,,沙田,,,,,,,,游水,,
H165,10/01/2025,踱步,沙田,內圈,沙田 內圈,,,,,,助手,,快踱一圈,PH,內圈 快踱一圈 (助手)
H165,09/01/2025,游水,沙田,,沙田,,,,,,,,游水,,
H165,09/01/2025,踱步,沙田,飛機場,沙田 飛機場,,,,,,助手,,踱步,PH,飛機場 踱步 (助手)
H165,08/01/2025,游水,沙田,,沙田,,,,,,,,游水,,
H165,07/01/2025,游水,沙田,,沙田,,,,,,,,游水,,
H165,05/01/2025,出賽,沙田,全天候,沙田 全天候,1650M,,,,,潘明輝,7/8,出賽,PC/TT,1650M (潘明輝) (7/8)
H165,05/01/2025,踱步,沙田,飛機場,沙田 飛機場,,,,,,助手,,踱步,PH,飛機場 踱步 (助手)
H165,04/01/2025,游水,沙田,,沙田,,,,,,,,游水,,
H165,04/01/2025,踱步,沙田,內圈,沙田 內圈,,,,,,助手,,快踱一圈,PH,內圈 快踱一圈 (助手)
H165,03/01/2025,游水,沙田,,沙田,,,,,,,,游水,,
H165,03/01/2025,踱步,沙田,內圈,沙田 內圈,,,,,,助手,,快踱一圈,PH,內圈 快踱一圈 (助手)
H165,02/01/2025,游水,沙田,,沙田,,,,,,,,游水,,
H165,02/01/2025,快操,沙田,全天候,沙田 全天候,,57.1,57.1,30.7 26.4,,潘明輝,,快操,PH,30.7 26.4 (57.1) (潘明輝)
H165,02/01/2025,踱步,沙田,飛機場,沙田 飛機場,,,,,,助手,,踱步,PH,飛機場 踱步 (助手)
H165,01/01/2025,游水,沙田,,沙田,,,,,,,,游水,,
H165,01/01/2025,踱步,沙田,內圈,沙田 內圈,,,,,,助手,,快踱一圈,PH,內圈 快踱一圈 (助手)
H165,31/12/2024,游水,沙田,,沙田,,,,,,,,游水,,
H165,31/12/2024,踱步,沙田,內圈,沙田 內圈,,,,,,助手,,快踱一圈,PH,內圈 快踱一圈 (助手)
H165,30/12/2024,游水,沙田,,沙田,,,,,,,,游水,,
H165,30/12/2024,踱步,沙田,內圈,沙田 內圈,,,,,,助手,,倒快一圈,PH,內圈 倒快一圈 (助手)
H165,29/12/2024,游水,沙田,,沙田,,,,,,,,游水,,
H165,29/12/2024,踱步,沙田,內圈,沙田 內圈,,,,,,助手,,快踱一圈,H,內圈 快踱一圈 (助手)
H165,27/12/2024,試閘,沙田,全天候,沙田 全天候,1200M,1.10.76,70.76,24.4 23.4 22.9,仁心星,潘頓,,第1組,PC,第1組 (潘頓) 1200M 仁心星 24.4 23.4 22.9 (1.10.76)
H165,26/12/2024,游水,沙田,,沙田,,,,,,,,游水,,
H165,26/12/2024,踱步,沙田,內圈,沙田 內圈,,,,,,助手,,倒快一圈,PH,內圈 倒快一圈 (助手)
H165,25/12/2024,游水,沙田,,沙田,,,,,,,,游水,,
H165,25/12/2024,踱步,沙田,內圈,沙田 內圈,,,,,,助手,,快踱一圈,PH,內圈 快踱一圈 (助手)
H165,24/12/2024,游水,沙田,,沙田,,,,,,,,游水,,
H165,24/12/2024,踱步,沙田,內圈,沙田 內圈,,,,,,助手,,快踱一圈,PH,內圈 快踱一圈 (助手)
H165,23/12/2024,游水,沙田,,沙田,,,,,,,,游水,,
H165,23/12/2024,快操,沙田,全天候,沙田 全天候,,56.6,56.6,30.5 26.1,,助手,,快操,PH,30.5 26.1 (56.6) (助手)
H165,23/12/2024,踱步,沙田,飛機場,沙田 飛機場,,,,,,助手,,踱步,PH,飛機場 踱步 (助手)
H165,22/12/2024,游水,沙田,,沙田,,,,,,,,游水,,
H165,21/12/2024,游水,沙田,,沙田,,,,,,,,游水,,
H165,21/12/2024,踱步,沙田,內圈,沙田 內圈,,,,,,助手,,快踱一圈,PH,內圈 快踱一圈 (助手)
H165,20/12/2024,游水,沙田,,沙田,,,,,,,,游水,,
H165,20/12/2024,踱步,沙田,內圈,沙田 內圈,,,,,,助手,,快踱一圈,PH,內圈 快踱一圈 (助手)
H165,19/12/2024,游水,沙田,,沙田,,,,,,,,游水,,
H165,19/12/2024,快操,沙田,全天候,沙田 全天候,,57.2,57.2,31.2 26.0,,助手,,快操,PH,31.2 26.0 (57.2) (助手)
H165,19/12/2024,踱步,沙田,飛機場,沙田 飛機場,,,,,,助手,,踱步,PH,飛機場 踱步 (助手)
H165,18/12/2024,游水,沙田,,沙田,,,,,,,,游水,,
H165,18/12/2024,踱步,沙田,內圈,沙田 內圈,,,,,,助手,,快踱一圈,PH,內圈 快踱一圈 (助手)
H165,17/12/2024,游水,沙田,,沙田,,,,,,,,游水,,
H165,17/12/2024,踱步,沙田,內圈,沙田 內圈,,,,,,助手,,快踱一圈,PH,內圈 快踱一圈 (助手)
H165,16/12/2024,游水,沙田,,沙田,,,,,,,,游水,,
H165,16/12/2024,踱步,沙田,內圈,沙田 內圈,,,,,,助手,,倒快一圈,PH,內圈 倒快一圈 (助手)
H165,15/12/2024,游水,沙田,,沙田,,,,,,,,游水,,
H165,15/12/2024,踱步,沙田,內圈,沙田 內圈,,,,,,助手,,快踱一圈,PH,內圈 快踱一圈 (助手)
H165,14/12/2024,游水,沙田,,沙田,,,,,,,,游水,,
H165,14/12/2024,踱步,沙田,內圈,沙田 內圈,,,,,,助手,,快踱一圈,PH,內圈 快踱一圈 (助手)
H165,12/12/2024,游水,沙田,,沙田,,,,,,,,游水,,
H165,12/12/2024,快操,沙田,全天候,沙田 全天候,,57.1,57.1,30.3 26.8,,助手,,快操,PH,30.3 26.8 (57.1) (助手)
H165,12/12/2024,踱步,沙田,飛機場,沙田 飛機場,,,,,,助手,,踱步,PH,飛機場 踱步 (助手)
H165,11/12/2024,游水,沙田,,沙田,,,,,,,,游水,,
H165,11/12/2024,踱步,沙田,內圈,沙田 內圈,,,,,,助手,,快踱一圈,H,內圈 快踱一圈 (助手)
H165,10/12/2024,游水,沙田,,沙田,,,,,,,,游水,,
H165,10/12/2024,踱步,沙田,內圈,沙田 內圈,,,,,,助手,,快踱一圈,PH,內圈 快踱一圈 (助手)
H165,09/12/2024,游水,沙田,,沙田,,,,,,,,游水,,
H165,09/12/2024,踱步,沙田,內圈,沙田 內圈,,,,,,助手,,倒快一圈,PH,內圈 倒快一圈 (助手)
H165,08/12/2024,游水,沙田,,沙田,,,,,,,,游水,,
H165,08/12/2024,踱步,沙田,飛機場,沙田 飛機場,,,,,,助手,,踱步,PH,飛機場 踱步 (助手)
H165,07/12/2024,游水,沙田,,沙田,,,,,,,,游水,,
H165,04/12/2024,出賽,跑馬地,草地,跑馬地 草地,1800M,,,,,田泰安,12/12,出賽,PC/TT,1800M (田泰安) (12/12)
H165,03/12/2024,游水,沙田,,沙田,,,,,,,,游水,,
H165,03/12/2024,踱步,沙田,內圈,沙田 內圈,,,,,,助手,,快踱一圈,PH,內圈 快踱一圈 (助手)
H165,02/12/2024,游水,沙田,,沙田,,,,,,,,游水,,
H165,02/12/2024,踱步,沙田,內圈,沙田 內圈,,,,,,助手,,倒快一圈,PH,內圈 倒快一圈 (助手)
H165,01/12/2024,游水,沙田,,沙田,,,,,,,,游水,,
H165,01/12/2024,快操,沙田,全天候,沙田 全天候,,58.8,58.8,32.3 26.5,,助手,,快操,PH,32.3 26.5 (58.8) (助手)
H165,01/12/2024,踱步,沙田,飛機場,沙田 飛機場,,,,,,助手,,踱步,PH,飛機場 踱步 (助手)
H165,30/11/2024,游水,沙田,,沙田,,,,,,,,游水,,
H165,30/11/2024,踱步,沙田,內圈,沙田 內圈,,,,,,助手,,快踱一圈,PH,內圈 快踱一圈 (助手)
H165,29/11/2024,游水,沙田,,沙田,,,,,,,,游水,,
H165,29/11/2024,踱步,沙田,內圈,沙田 內圈,,,,,,助手,,快踱一圈,PH,內圈 快踱一圈 (助手)
H165,28/11/2024,游水,沙田,,沙田,,,,,,,,游水,,
H165,28/11/2024,踱步,沙田,內圈,沙田 內圈,,,,,,助手,,倒快一圈,PH,內圈 倒快一圈 (助手)
H165,27/11/2024,游水,沙田,,沙田,,,,,,,,游水,,
H165,26/11/2024,試閘,沙田,全天候,沙田 全天候,1200M,1.10.23,70.23,23.9 22.6 23.7,光年魅力,何澤堯,,第4組,PC,第4組 (何澤堯) 1200M 光年魅力 23.9 22.6 23.7 (1.10.23)
H165,25/11/2024,游水,沙田,,沙田,,,,,,,,游水,,
H165,25/11/2024,踱步,沙田,內圈,沙田 內圈,,,,,,助手,,倒快一圈,PH,內圈 倒快一圈 (助手)
H165,24/11/2024,游水,沙田,,沙田,,,,,,,,游水,,
H165,23/11/2024,游水,沙田,,沙田,,,,,,,,游水,,
H165,23/11/2024,踱步,沙田,內圈,沙田 內圈,,,,,,助手,,快踱一圈,PH,內圈 快踱一圈 (助手)
H165,22/11/2024,游水,沙田,,沙田,,,,,,,,游水,,
H165,22/11/2024,踱步,沙田,內圈,沙田 內圈,,,,,,助手,,快踱一圈,PH,內圈 快踱一圈 (助手)
H165,21/11/2024,游水,沙田,,沙田,,,,,,,,游水,,
H165,21/11/2024,快操,沙田,全天候,沙田 全天候,,58.5,58.5,31.0 27.5,,助手,,快操,PH,31.0 27.5 (58.5) (助手)
H165,21/11/2024,踱步,沙田,飛機場,沙田 飛機場,,,,,,助手,,踱步,PH,飛機場 踱步 (助手)
H165,20/11/2024,游水,沙田,,沙田,,,,,,,,游水,,
H165,20/11/2024,踱步,沙田,內圈,沙田 內圈,,,,,,助手,,快踱一圈,PH,內圈 快踱一圈 (助手)
H165,19/11/2024,游水,沙田,,沙田,,,,,,,,游水,,
H165,19/11/2024,踱步,沙田,內圈,沙田 內圈,,,,,,助手,,快踱一圈,PH,內圈 快踱一圈 (助手)
H165,18/11/2024,游水,沙田,,沙田,,,,,,,,游水,,
H165,18/11/2024,快操,沙田,全天候,沙田 全天候,,58.9,58.9,32.0 26.9,,助手,,快操,PH,32.0 26.9 (58.9) (助手)
H165,18/11/2024,踱步,沙田,飛機場,沙田 飛機場,,,,,,助手,,踱步,PH,飛機場 踱步 (助手)
H165,17/11/2024,游水,沙田,,沙田,,,,,,,,游水,,
H165,17/11/2024,踱步,沙田,內圈,沙田 內圈,,,,,,助手,,快踱一圈,PH,內圈 快踱一圈 (助手)
H165,16/11/2024,游水,沙田,,沙田,,,,,,,,游水,,
H165,16/11/2024,踱步,沙田,內圈,沙田 內圈,,,,,,助手,,快踱一圈,PH,內圈 快踱一圈 (助手)
H165,15/11/2024,游水,沙田,,沙田,,,,,,,,游水,,
H165,15/11/2024,快操,沙田,全天候,沙田 全天候,,1.00.0,60.0,33.8 26.2,,助手,,快操,PH,33.8 26.2 (1.00.0) (助手)
H165,15/11/2024,踱步,沙田,飛機場,沙田 飛機場,,,,,,助手,,踱步,PH,飛機場 踱步 (助手)
H165,14/11/2024,游水,沙田,,沙田,,,,,,,,游水,,
H165,13/11/2024,游水,沙田,,沙田,,,,,,,,游水,,
H165,13/11/2024,踱步,沙田,內圈,沙田 內圈,,,,,,助手,,快踱一圈,PH,內圈 快踱一圈 (助手)
H165,12/11/2024,游水,沙田,,沙田,,,,,,,,游水,,
H165,12/11/2024,踱步,沙田,內圈,沙田 內圈,,,,,,助手,,快踱一圈,PH,內圈 快踱一圈 (助手)
H165,11/11/2024,游水,沙田,,沙田,,,,,,,,游水,,
H165,11/11/2024,踱步,沙田,內圈,沙田 內圈,,,,,,助手,,倒快一圈,PH,內圈 倒快一圈 (助手)
H165,10/11/2024,游水,沙田,,沙田,,,,,,,,游水,,
H165,10/11/2024,踱步,沙田,飛機場,沙田 飛機場,,,,,,助手,,踱步,PH,飛機場 踱步 (助手)
H165,09/11/2024,游水,沙田,,沙田,,,,,,,,游水,,
H165,06/11/2024,出賽,跑馬地,草地,跑馬地 草地,1650M,,,,,巴度,10/12,出賽,PC/TT,1650M (巴度) (10/12)
H165,06/11/2024,踱步,沙田,內圈,沙田 內圈,,,,,,助手,,快踱一圈,PH,內圈 快踱一圈 (助手)
H165,05/11/2024,游水,沙田,,沙田,,,,,,,,游水,,
H165,05/11/2024,踱步,沙田,內圈,沙田 內圈,,,,,,助手,,快踱一圈,PH,內圈 快踱一圈 (助手)
H165,04/11/2024,游水,沙田,,沙田,,,,,,,,游水,,
H165,04/11/2024,踱步,沙田,內圈,沙田 內圈,,,,,,助手,,倒快一圈,H,內圈 倒快一圈 (助手)
H165,03/11/2024,游水,沙田,,沙田,,,,,,,,游水,,
H165,03/11/2024,快操,沙田,全天候,沙田 全天候,,57.8,57.8,31.9 25.9,,助手,,快操,PH,31.9 25.9 (57.8) (助手)
H165,03/11/2024,踱步,沙田,飛機場,沙田 飛機場,,,,,,助手,,踱步,PH,飛機場 踱步 (助手)
H165,02/11/2024,游水,沙田,,沙田,,,,,,,,游水,,
H165,02/11/2024,踱步,沙田,內圈,沙田 內圈,,,,,,助手,,快踱一圈,PH,內圈 快踱一圈 (助手)
H165,01/11/2024,游水,沙田,,沙田,,,,,,,,游水,,
H165,01/11/2024,踱步,沙田,內圈,沙田 內圈,,,,,,助手,,快踱一圈,PH,內圈 快踱一圈 (助手)
H165,31/10/2024,游水,沙田,,沙田,,,,,,,,游水,,
H165,31/10/2024,快操,沙田,全天候,沙田 全天候,,59.3,59.3,32.6 26.7,,助手,,快操,PH,32.6 26.7 (59.3) (助手)
H165,31/10/2024,踱步,沙田,飛機場,沙田 飛機場,,,,,,助手,,踱步,PH,飛機場 踱步 (助手)
H165,30/10/2024,游水,沙田,,沙田,,,,,,,,游水,,
H165,30/10/2024,踱步,沙田,內圈,沙田 內圈,,,,,,助手,,快踱一圈,PH,內圈 快踱一圈 (助手)
H165,29/10/2024,游水,沙田,,沙田,,,,,,,,游水,,
H165,29/10/2024,踱步,沙田,內圈,沙田 內圈,,,,,,助手,,快踱一圈,PH,內圈 快踱一圈 (助手)
H165,28/10/2024,游水,沙田,,沙田,,,,,,,,游水,,
H165,28/10/2024,踱步,沙田,內圈,沙田 內圈,,,,,,助手,,倒快一圈,PH,內圈 倒快一圈 (助手)
H165,27/10/2024,游水,沙田,,沙田,,,,,,,,游水,,
H165,27/10/2024,踱步,沙田,飛機場,沙田 飛機場,,,,,,助手,,踱步,PH,飛機場 踱步 (助手)
H165,26/10/2024,游水,沙田,,沙田,,,,,,,,游水,,
H165,25/10/2024,游水,沙田,,沙田,,,,,,,,游水,,
H165,23/10/2024,出賽,沙田,全天候,沙田 全天候,1650M,,,,,潘頓,1/12,出賽,PC/TT,1650M (潘頓) (1/12)
H165,23/10/2024,踱步,沙田,飛機場,沙田 飛機場,,,,,,助手,,踱步,PH,飛機場 踱步 (助手)
H165,22/10/2024,游水,沙田,,沙田,,,,,,,,游水,,
H165,22/10/2024,踱步,沙田,內圈,沙田 內圈,,,,,,助手,,快踱一圈,PH,內圈 快踱一圈 (助手)
H165,21/10/2024,游水,沙田,,沙田,,,,,,,,游水,,
H165,21/10/2024,踱步,沙田,內圈,沙田 內圈,,,,,,助手,,倒快一圈,PH,內圈 倒快一圈 (助手)
H165,20/10/2024,游水,沙田,,沙田,,,,,,,,游水,,
H165,20/10/2024,快操,沙田,全天候,沙田 全天候,,59.1,59.1,31.8 27.3,,助手,,快操,PH,31.8 27.3 (59.1) (助手)
H165,20/10/2024,踱步,沙田,飛機場,沙田 飛機場,,,,,,助手,,踱步,PH,飛機場 踱步 (助手)
H165,19/10/2024,游水,沙田,,沙田,,,,,,,,游水,,
H165,19/10/2024,踱步,沙田,內圈,沙田 內圈,,,,,,助手,,快踱一圈,PH,內圈 快踱一圈 (助手)
H165,18/10/2024,游水,沙田,,沙田,,,,,,,,游水,,
H165,18/10/2024,踱步,沙田,內圈,沙田 內圈,,,,,,助手,,快踱一圈,PH,內圈 快踱一圈 (助手)
H165,17/10/2024,游水,沙田,,沙田,,,,,,,,游水,,
H165,17/10/2024,快操,沙田,草閘,沙田 草閘,,49.0,49.0,25.4 23.6,,潘頓,,"千里如飛, 美麗第一",PH,"25.4 23.6 (49.0) (潘頓) 千里如飛, 美麗第一"
H165,17/10/2024,踱步,沙田,飛機場,沙田 飛機場,,,,,,助手,,踱步,PH,飛機場 踱步 (助手)
H165,16/10/2024,游水,沙田,,沙田,,,,,,,,游水,,
H165,16/10/2024,踱步,沙田,內圈,沙田 內圈,,,,,,助手,,快踱一圈,PH,內圈 快踱一圈 (助手)
H165,15/10/2024,游水,沙田,,沙田,,,,,,,,游水,,
H165,15/10/2024,踱步,沙田,內圈,沙田 內圈,,,,,,助手,,快踱一圈,PH,內圈 快踱一圈 (助手)
H165,14/10/2024,游水,沙田,,沙田,,,,,,,,游水,,
H165,14/10/2024,快操,沙田,全天候,沙田 全天候,,1.01.1,61.1,33.6 27.5,,助手,,快操,PH,33.6 27.5 (1.01.1) (助手)
H165,14/10/2024,踱步,沙田,飛機場,沙田 飛機場,,,,,,助手,,踱步,PH,飛機場 踱步 (助手)
H165,13/10/2024,游水,沙田,,沙田,,,,,,,,游水,,
H165,12/10/2024,游水,沙田,,沙田,,,,,,,,游水,,
H165,12/10/2024,踱步,沙田,內圈,沙田 內圈,,,,,,助手,,快踱一圈,PH,內圈 快踱一圈 (助手)
H165,11/10/2024,游水,沙田,,沙田,,,,,,,,游水,,
H165,11/10/2024,踱步,沙田,內圈,沙田 內圈,,,,,,助手,,快踱一圈,PH,內圈 快踱一圈 (助手)
H165,10/10/2024,游水,沙田,,沙田,,,,,,,,游水,,
H165,10/10/2024,踱步,沙田,飛機場,沙田 飛機場,,,,,,助手,,踱步,PH,飛機場 踱步 (助手)
H165,09/10/2024,游水,沙田,,沙田,,,,,,,,游水,,
H165,06/10/2024,出賽,沙田,全天候,沙田 全天候,1650M,,,,,巴度,3/13,出賽,PC/TT,1650M (巴度) (3/13)
H165,06/10/2024,踱步,沙田,內圈,沙田 內圈,,,,,,助手,,快踱一圈,PH,內圈 快踱一圈 (助手)
H165,05/10/2024,游水,沙田,,沙田,,,,,,,,游水,,
H165,05/10/2024,踱步,沙田,內圈,沙田 內圈,,,,,,助手,,快踱一圈,PH,內圈 快踱一圈 (助手)
H165,04/10/2024,游水,沙田,,沙田,,,,,,,,游水,,
H165,04/10/2024,踱步,沙田,內圈,沙田 內圈,,,,,,助手,,快踱一圈,PH,內圈 快踱一圈 (助手)
H165,03/10/2024,游水,沙田,,沙田,,,,,,,,游水,,
H165,03/10/2024,快操,沙田,全天候,沙田 全天候,,58.3,58.3,32.5 25.8,,助手,,快操,PH,32.5 25.8 (58.3) (助手)
H165,03/10/2024,踱步,沙田,飛機場,沙田 飛機場,,,,,,助手,,踱步,PH,飛機場 踱步 (助手)
H165,02/10/2024,游水,沙田,,沙田,,,,,,,,游水,,
H165,02/10/2024,踱步,沙田,內圈,沙田 內圈,,,,,,助手,,快踱一圈,PH,內圈 快踱一圈 (助手)
H165,01/10/2024,游水,沙田,,沙田,,,,,,,,游水,,
H165,01/10/2024,踱步,沙田,內圈,沙田 內圈,,,,,,助手,,快踱一圈,PH,內圈 快踱一圈 (助手)
H165,30/09/2024,游水,沙田,,沙田,,,,,,,,游水,,
H165,30/09/2024,踱步,沙田,內圈,沙田 內圈,,,,,,助手,,倒快一圈,PH,內圈 倒快一圈 (助手)
H165,29/09/2024,游水,沙田,,沙田,,,,,,,,游水,,
H165,29/09/2024,踱步,沙田,內圈,沙田 內圈,,,,,,助手,,快踱一圈,PH,內圈 快踱一圈 (助手)
H165,28/09/2024,游水,沙田,,沙田,,,,,,,,游水,,
H165,27/09/2024,試閘,沙田,全天候,沙田 全天候,1200M,1.11.44,71.44,24.7 23.5 23.2,幸運夥伴,巴度,,第2組,PC,第2組 (巴度) 1200M 幸運夥伴 24.7 23.5 23.2 (1.11.44)
H165,26/09/2024,游水,沙田,,沙田,,,,,,,,游水,,
H165,26/09/2024,踱步,沙田,內圈,沙田 內圈,,,,,,助手,,倒快一圈,PH,內圈 倒快一圈 (助手)
H165,25/09/2024,游水,沙田,,沙田,,,,,,,,游水,,
H165,25/09/2024,踱步,沙田,內圈,沙田 內圈,,,,,,助手,,快踱一圈,PH,內圈 快踱一圈 (助手)
H165,24/09/2024,游水,沙田,,沙田,,,,,,,,游水,,
H165,24/09/2024,踱步,沙田,內圈,沙田 內圈,,,,,,助手,,快踱一圈,PH,內圈 快踱一圈 (助手)
H165,23/09/2024,游水,沙田,,沙田,,,,,,,,游水,,
H165,23/09/2024,快操,沙田,全天候,沙田 全天候,,1.00.4,60.4,33.3 27.1,,助手,,快操,PH,33.3 27.1 (1.00.4) (助手)
H165,23/09/2024,踱步,沙田,飛機場,沙田 飛機場,,,,,,助手,,踱步,PH,飛機場 踱步 (助手)
H165,22/09/2024,游水,沙田,,沙田,,,,,,,,游水,,
H165,21/09/2024,游水,沙田,,沙田,,,,,,,,游水,,
H165,21/09/2024,踱步,沙田,內圈,沙田 內圈,,,,,,助手,,快踱一圈,PH,內圈 快踱一圈 (助手)
H165,20/09/2024,游水,沙田,,沙田,,,,,,,,游水,,
H165,20/09/2024,踱步,沙田,內圈,沙田 內圈,,,,,,助手,,快踱一圈,PH,內圈 快踱一圈 (助手)
H165,19/09/2024,游水,沙田,,沙田,,,,,,,,游水,,
H165,19/09/2024,快操,沙田,全天候,沙田 全天候,,1.00.6,60.6,33.5 27.1,,助手,,快操,PH,33.5 27.1 (1.00.6) (助手)
H165,19/09/2024,踱步,沙田,飛機場,沙田 飛機場,,,,,,助手,,踱步,PH,飛機場 踱步 (助手)
H165,18/09/2024,游水,沙田,,沙田,,,,,,,,游水,,
H165,18/09/2024,踱步,沙田,內圈,沙田 內圈,,,,,,助手,,快踱一圈,PH,內圈 快踱一圈 (助手)
H165,17/09/2024,游水,沙田,,沙田,,,,,,,,游水,,
H165,17/09/2024,踱步,沙田,內圈,沙田 內圈,,,,,,助手,,快踱一圈,PH,內圈 快踱一圈 (助手)
H165,16/09/2024,游水,沙田,,沙田,,,,,,,,游水,,
H165,16/09/2024,踱步,沙田,內圈,沙田 內圈,,,,,,助手,,倒快一圈,PH,內圈 倒快一圈 (助手)
H165,15/09/2024,游水,沙田,,沙田,,,,,,,,游水,,
H165,15/09/2024,踱步,沙田,內圈,沙田 內圈,,,,,,助手,,快踱一圈,PH,內圈 快踱一圈 (助手)
H165,14/09/2024,游水,沙田,,沙田,,,,,,,,游水,,
H165,14/09/2024,踱步,沙田,內圈,沙田 內圈,,,,,,助手,,快踱一圈,PH,內圈 快踱一圈 (助手)
H165,13/09/2024,游水,沙田,,沙田,,,,,,,,游水,,
H165,12/09/2024,試閘,沙田,全天候,沙田 全天候,1200M,1.11.52,71.52,24.8 23.1 23.6,都靈福星,田泰安,,第3組,PC,第3組 (田泰安) 1200M 都靈福星 24.8 23.1 23.6 (1.11.52)
H165,11/09/2024,游水,沙田,,沙田,,,,,,,,游水,,
H165,11/09/2024,踱步,沙田,內圈,沙田 內圈,,,,,,助手,,快踱一圈,PH,內圈 快踱一圈 (助手)
H165,10/09/2024,游水,沙田,,沙田,,,,,,,,游水,,
H165,10/09/2024,踱步,沙田,內圈,沙田 內圈,,,,,,助手,,快踱一圈,PH,內圈 快踱一圈 (助手)
H165,09/09/2024,游水,沙田,,沙田,,,,,,,,游水,,
H165,09/09/2024,快操,沙田,全天候,沙田 全天候,,1.00.2,60.2,33.7 26.5,,助手,,快操,PH,33.7 26.5 (1.00.2) (助手)
H165,09/09/2024,踱步,沙田,飛機場,沙田 飛機場,,,,,,助手,,踱步,PH,飛機場 踱步 (助手)
H165,08/09/2024,游水,沙田,,沙田,,,,,,,,游水,,
H165,07/09/2024,游水,沙田,,沙田,,,,,,,,游水,,
H165,07/09/2024,踱步,沙田,內圈,沙田 內圈,,,,,,助手,,快踱一圈,PH,內圈 快踱一圈 (助手)
H165,06/09/2024,游水,沙田,,沙田,,,,,,,,游水,,
H165,05/09/2024,游水,沙田,,沙田,,,,,,,,游水,,
H165,05/09/2024,踱步,沙田,內圈,沙田 內圈,,,,,,助手,,倒快一圈,PH,內圈 倒快一圈 (助手)
H165,04/09/2024,游水,沙田,,沙田,,,,,,,,游水,,
H165,03/09/2024,試閘,沙田,全天候,沙田 全天候,1200M,1.10.57,70.57,24.7 22.9 22.9,勝意龍,田泰安,,第2組,PC,第2組 (田泰安) 1200M 勝意龍 24.7 22.9 22.9 (1.10.57)
H165,02/09/2024,游水,沙田,,沙田,,,,,,,,游水,,
H165,02/09/2024,踱步,沙田,內圈,沙田 內圈,,,,,,助手,,倒快一圈,PH,內圈 倒快一圈 (助手)
H165,01/09/2024,游水,沙田,,沙田,,,,,,,,游水,,
H165,31/08/2024,游水,沙田,,沙田,,,,,,,,游水,,
H165,31/08/2024,踱步,沙田,內圈,沙田 內圈,,,,,,助手,,快踱一圈,PH,內圈 快踱一圈 (助手)
H165,30/08/2024,游水,沙田,,沙田,,,,,,,,游水,,
H165,30/08/2024,踱步,沙田,內圈,沙田 內圈,,,,,,助手,,快踱一圈,PH,內圈 快踱一圈 (助手)
H165,29/08/2024,游水,沙田,,沙田,,,,,,,,游水,,
H165,29/08/2024,快操,沙田,全天候,沙田 全天候,,59.3,59.3,32.8 26.5,,助手,,快操,PH,32.8 26.5 (59.3) (助手)
H165,29/08/2024,踱步,沙田,飛機場,沙田 飛機場,,,,,,助手,,踱步,PH,飛機場 踱步 (助手)
H165,28/08/2024,游水,沙田,,沙田,,,,,,,,游水,,
H165,28/08/2024,踱步,沙田,內圈,沙田 內圈,,,,,,助手,,快踱一圈,PH,內圈 快踱一圈 (助手)
H165,27/08/2024,游水,沙田,,沙田,,,,,,,,游水,,
H165,27/08/2024,踱步,沙田,內圈,沙田 內圈,,,,,,助手,,快踱一圈,PH,內圈 快踱一圈 (助手)
H165,26/08/2024,游水,沙田,,沙田,,,,,,,,游水,,
H165,26/08/2024,快操,沙田,全天候,沙田 全天候,,59.9,59.9,32.8 27.1,,助手,,快操,PH,32.8 27.1 (59.9) (助手)
H165,26/08/2024,踱步,沙田,飛機場,沙田 飛機場,,,,,,助手,,踱步,PH,飛機場 踱步 (助手)
H165,25/08/2024,游水,沙田,,沙田,,,,,,,,游水,,
H165,24/08/2024,游水,沙田,,沙田,,,,,,,,游水,,
H165,24/08/2024,踱步,沙田,內圈,沙田 內圈,,,,,,助手,,快踱一圈,PH,內圈 快踱一圈 (助手)
H165,23/08/2024,游水,沙田,,沙田,,,,,,,,游水,,
H165,23/08/2024,踱步,沙田,內圈,沙田 內圈,,,,,,助手,,快踱一圈,PH,內圈 快踱一圈 (助手)
H165,22/08/2024,游水,沙田,,沙田,,,,,,,,游水,,
H165,22/08/2024,快操,沙田,全天候,沙田 全天候,,59.9,59.9,33.2 26.7,,助手,,快操,PH,33.2 26.7 (59.9) (助手)
H165,22/08/2024,踱步,沙田,飛機場,沙田 飛機場,,,,,,助手,,踱步,PH,飛機場 踱步 (助手)
H165,21/08/2024,游水,沙田,,沙田,,,,,,,,游水,,
H165,21/08/2024,踱步,沙田,內圈,沙田 內圈,,,,,,助手,,快踱一圈,PH,內圈 快踱一圈 (助手)
H165,20/08/2024,游水,沙田,,沙田,,,,,,,,游水,,
H165,20/08/2024,踱步,沙田,內圈,沙田 內圈,,,,,,助手,,快踱一圈,H,內圈 快踱一圈 (助手)
H165,19/08/2024,游水,沙田,,沙田,,,,,,,,游水,,
H165,19/08/2024,快操,沙田,全天候,沙田 全天候,,59.6,59.6,31.9 27.7,,助手,,快操,PH,31.9 27.7 (59.6) (助手)
H165,19/08/2024,踱步,沙田,飛機場,沙田 飛機場,,,,,,助手,,踱步,PH,飛機場 踱步 (助手)
H165,18/08/2024,游水,沙田,,沙田,,,,,,,,游水,,
H165,17/08/2024,游水,沙田,,沙田,,,,,,,,游水,,
H165,17/08/2024,踱步,沙田,內圈,沙田 內圈,,,,,,助手,,快踱一圈,PH,內圈 快踱一圈 (助手)
H165,16/08/2024,游水,沙田,,沙田,,,,,,,,游水,,
H165,16/08/2024,踱步,沙田,內圈,沙田 內圈,,,,,,助手,,快踱一圈,PH,內圈 快踱一圈 (助手)
H165,15/08/2024,游水,沙田,,沙田,,,,,,,,游水,,
H165,15/08/2024,快操,沙田,全天候,沙田 全天候,,27.4,27.4,27.4,,助手,,快操,PH,27.4 (27.4) (助手)
H165,15/08/2024,踱步,沙田,飛機場,沙田 飛機場,,,,,,助手,,踱步,PH,飛機場 踱步 (助手)
H165,14/08/2024,游水,沙田,,沙田,,,,,,,,游水,,
H165,14/08/2024,踱步,沙田,內圈,沙田 內圈,,,,,,助手,,快踱一圈,PH,內圈 快踱一圈 (助手)
H165,13/08/2024,游水,沙田,,沙田,,,,,,,,游水,,
H165,13/08/2024,踱步,沙田,內圈,沙田 內圈,,,,,,助手,,快踱一圈,PH,內圈 快踱一圈 (助手)
H165,12/08/2024,游水,沙田,,沙田,,,,,,,,游水,,
H165,12/08/2024,快操,沙田,全天候,沙田 全天候,,1.00.5,60.5,33.4 27.1,,助手,,快操,PH,33.4 27.1 (1.00.5) (助手)
H165,12/08/2024,踱步,沙田,飛機場,沙田 飛機場,,,,,,助手,,踱步,PH,飛機場 踱步 (助手)
H165,11/08/2024,游水,沙田,,沙田,,,,,,,,游水,,
H165,10/08/2024,游水,沙田,,沙田,,,,,,,,游水,,
H165,10/08/2024,踱步,沙田,內圈,沙田 內圈,,,,,,助手,,快踱一圈,PH,內圈 快踱一圈 (助手)
H165,09/08/2024,游水,沙田,,沙田,,,,,,,,游水,,
H165,09/08/2024,踱步,沙田,內圈,沙田 內圈,,,,,,助手,,快踱一圈,PH,內圈 快踱一圈 (助手)
H165,08/08/2024,游水,沙田,,沙田,,,,,,,,游水,,
H165,08/08/2024,快操,沙田,全天候,沙田 全天候,,1.01.3,61.3,33.6 27.7,,助手,,快操,PH,33.6 27.7 (1.01.3) (助手)
H165,08/08/2024,踱步,沙田,飛機場,沙田 飛機場,,,,,,助手,,踱步,PH,飛機場 踱步 (助手)
H165,07/08/2024,游水,沙田,,沙田,,,,,,,,游水,,
H165,07/08/2024,踱步,沙田,內圈,沙田 內圈,,,,,,助手,,快踱一圈,PH,內圈 快踱一圈 (助手)
H165,06/08/2024,游水,沙田,,沙田,,,,,,,,游水,,
H165,06/08/2024,踱步,沙田,內圈,沙田 內圈,,,,,,助手,,快踱一圈,H,內圈 快踱一圈 (助手)
H165,05/08/2024,游水,沙田,,沙田,,,,,,,,游水,,
H165,05/08/2024,快操,沙田,全天候,沙田 全天候,,30.0,30.0,30.0,,助手,,快操,PH,30.0 (30.0) (助手)
H165,05/08/2024,踱步,沙田,飛機場,沙田 飛機場,,,,,,助手,,踱步,PH,飛機場 踱步 (助手)
H165,04/08/2024,游水,沙田,,沙田,,,,,,,,游水,,
H165,03/08/2024,游水,沙田,,沙田,,,,,,,,游水,,
H165,03/08/2024,踱步,沙田,內圈,沙田 內圈,,,,,,助手,,快踱一圈,PH,內圈 快踱一圈 (助手)
H165,02/08/2024,游水,沙田,,沙田,,,,,,,,游水,,
H165,02/08/2024,踱步,沙田,內圈,沙田 內圈,,,,,,助手,,快踱一圈,PH,內圈 快踱一圈 (助手)
H165,01/08/2024,踱步,沙田,內圈,沙田 內圈,,,,,,助手,,快踱一圈,PH,內圈 快踱一圈 (助手)
H165,31/07/2024,踱步,沙田,飛機場,沙田 飛機場,,,,,,助手,,踱步,PH,飛機場 踱步 (助手)
H165,30/07/2024,踱步,沙田,飛機場,沙田 飛機場,,,,,,助手,,踱步,PH,飛機場 踱步 (助手)
H165,29/07/2024,踱步,沙田,飛機場,沙田 飛機場,,,,,,助手,,踱步,PH,飛機場 踱步 (助手)
H165,10/07/2024,出賽,跑馬地,草地,跑馬地 草地,1650M,,,,,何澤堯,5/10,出賽,PC/TT,1650M (何澤堯) (5/10)
H165,10/07/2024,踱步,沙田,內圈,沙田 內圈,,,,,,助手,,快踱一圈,PH,內圈 快踱一圈 (助手)
H165,09/07/2024,踱步,沙田,內圈,沙田 內圈,,,,,,助手,,快踱一圈,HP,內圈 快踱一圈 (助手)
H165,08/07/2024,游水,沙田,,沙田,,,,,,,,游水,,
H165,08/07/2024,踱步,沙田,內圈,沙田 內圈,,,,,,助手,,倒快一圈,PH,內圈 倒快一圈 (助手)
H165,07/07/2024,游水,沙田,,沙田,,,,,,,,游水,,
H165,07/07/2024,快操,沙田,全天候,沙田 全天候,,57.8,57.8,31.1 26.7,,助手,,快操,PH,31.1 26.7 (57.8) (助手)
H165,07/07/2024,踱步,沙田,飛機場,沙田 飛機場,,,,,,助手,,踱步,PH,飛機場 踱步 (助手)
H165,06/07/2024,游水,沙田,,沙田,,,,,,,,游水,,
H165,06/07/2024,踱步,沙田,內圈,沙田 內圈,,,,,,助手,,快踱一圈,PH,內圈 快踱一圈 (助手)
H165,05/07/2024,游水,沙田,,沙田,,,,,,,,游水,,
H165,05/07/2024,踱步,沙田,內圈,沙田 內圈,,,,,,助手,,快踱一圈,PH,內圈 快踱一圈 (助手)
H165,04/07/2024,游水,沙田,,沙田,,,,,,,,游水,,
H165,04/07/2024,快操,沙田,全天候,沙田 全天候,,57.1,57.1,30.7 26.4,,助手,,快操,PH,30.7 26.4 (57.1) (助手)
H165,04/07/2024,踱步,沙田,飛機場,沙田 飛機場,,,,,,助手,,踱步,PH,飛機場 踱步 (助手)
H165,03/07/2024,游水,沙田,,沙田,,,,,,,,游水,,
H165,03/07/2024,踱步,沙田,內圈,沙田 內圈,,,,,,助手,,快踱一圈,PH,內圈 快踱一圈 (助手)
H165,02/07/2024,游水,沙田,,沙田,,,,,,,,游水,,
H165,02/07/2024,踱步,沙田,內圈,沙田 內圈,,,,,,助手,,快踱一圈,PH,內圈 快踱一圈 (助手)
H165,01/07/2024,游水,沙田,,沙田,,,,,,,,游水,,
H165,01/07/2024,快操,沙田,全天候,沙田 全天候,,59.5,59.5,32.6 26.9,,助手,,快操,PH,32.6 26.9 (59.5) (助手)
H165,01/07/2024,踱步,沙田,飛機場,沙田 飛機場,,,,,,助手,,踱步,PH,飛機場 踱步 (助手)
H165,30/06/2024,游水,沙田,,沙田,,,,,,,,游水,,
H165,29/06/2024,游水,沙田,,沙田,,,,,,,,游水,,
H165,29/06/2024,踱步,沙田,內圈,沙田 內圈,,,,,,助手,,快踱一圈,PH,內圈 快踱一圈 (助手)
H165,28/06/2024,游水,沙田,,沙田,,,,,,,,游水,,
H165,28/06/2024,踱步,沙田,內圈,沙田 內圈,,,,,,助手,,快踱一圈,PH,內圈 快踱一圈 (助手)
H165,27/06/2024,游水,沙田,,沙田,,,,,,,,游水,,
H165,27/06/2024,踱步,沙田,飛機場,沙田 飛機場,,,,,,助手,,踱步,PH,飛機場 踱步 (助手)
H165,26/06/2024,游水,沙田,,沙田,,,,,,,,游水,,
H165,23/06/2024,出賽,沙田,草地,沙田 草地,2000M,,,,,布文,3/14,出賽,PC/TT,2000M (布文) (3/14)
H165,23/06/2024,踱步,沙田,飛機場,沙田 飛機場,,,,,,助手,,踱步,PH,飛機場 踱步 (助手)
H165,22/06/2024,游水,沙田,,沙田,,,,,,,,游水,,
H165,22/06/2024,踱步,沙田,內圈,沙田 內圈,,,,,,助手,,快踱一圈,PH,內圈 快踱一圈 (助手)
H165,21/06/2024,游水,沙田,,沙田,,,,,,,,游水,,
H165,21/06/2024,踱步,沙田,內圈,沙田 內圈,,,,,,助手,,快踱一圈,PH,內圈 快踱一圈 (助手)
H165,20/06/2024,游水,沙田,,沙田,,,,,,,,游水,,
H165,20/06/2024,快操,沙田,全天候,沙田 全天候,,26.7,26.7,26.7,,助手,,快操,PH,26.7 (26.7) (助手)
H165,20/06/2024,踱步,沙田,飛機場,沙田 飛機場,,,,,,助手,,踱步,PH,飛機場 踱步 (助手)
H165,19/06/2024,游水,沙田,,沙田,,,,,,,,游水,,
H165,19/06/2024,踱步,沙田,內圈,沙田 內圈,,,,,,助手,,快踱一圈,PH,內圈 快踱一圈 (助手)
H165,18/06/2024,游水,沙田,,沙田,,,,,,,,游水,,
H165,18/06/2024,踱步,沙田,內圈,沙田 內圈,,,,,,助手,,快踱一圈,PH,內圈 快踱一圈 (助手)
H165,17/06/2024,游水,沙田,,沙田,,,,,,,,游水,,
H165,17/06/2024,踱步,沙田,內圈,沙田 內圈,,,,,,助手,,倒快一圈,PH,內圈 倒快一圈 (助手)
H165,16/06/2024,游水,沙田,,沙田,,,,,,,,游水,,
H165,16/06/2024,踱步,沙田,內圈,沙田 內圈,,,,,,助手,,快踱一圈,PH,內圈 快踱一圈 (助手)
H165,15/06/2024,游水,沙田,,沙田,,,,,,,,游水,,
H165,15/06/2024,踱步,沙田,內圈,沙田 內圈,,,,,,助手,,快踱一圈,PH,內圈 快踱一圈 (助手)
H165,14/06/2024,游水,沙田,,沙田,,,,,,,,游水,,
H165,13/06/2024,試閘,沙田,全天候,沙田 全天候,1200M,1.10.09,70.09,25.0 22.7 22.3,昇瀧駒,布文,,第1組,PC,第1組 (布文) 1200M 昇瀧駒 25.0 22.7 22.3 (1.10.09)
H165,13/06/2024,踱步,沙田,飛機場,沙田 飛機場,,,,,,副練馬師,,踱步,H,飛機場 踱步 (副練馬師)
H165,12/06/2024,游水,沙田,,沙田,,,,,,,,游水,,
H165,12/06/2024,踱步,沙田,內圈,沙田 內圈,,,,,,助手,,快踱一圈,PH,內圈 快踱一圈 (助手)
H165,11/06/2024,游水,沙田,,沙田,,,,,,,,游水,,
H165,11/06/2024,踱步,沙田,內圈,沙田 內圈,,,,,,助手,,快踱一圈,PH,內圈 快踱一圈 (助手)
H165,10/06/2024,游水,沙田,,沙田,,,,,,,,游水,,
H165,10/06/2024,快操,沙田,全天候,沙田 全天候,,57.4,57.4,31.9 25.5,,助手,,快操,PH,31.9 25.5 (57.4) (助手)
H165,10/06/2024,踱步,沙田,飛機場,沙田 飛機場,,,,,,助手,,踱步,PH,飛機場 踱步 (助手)
H165,09/06/2024,游水,沙田,,沙田,,,,,,,,游水,,
H165,08/06/2024,游水,沙田,,沙田,,,,,,,,游水,,
H165,08/06/2024,踱步,沙田,內圈,沙田 內圈,,,,,,助手,,快踱一圈,PH,內圈 快踱一圈 (助手)
H165,07/06/2024,游水,沙田,,沙田,,,,,,,,游水,,
H165,07/06/2024,踱步,沙田,內圈,沙田 內圈,,,,,,助手,,快踱一圈,PH,內圈 快踱一圈 (助手)
H165,06/06/2024,游水,沙田,,沙田,,,,,,,,游水,,
H165,06/06/2024,快操,沙田,全天候,沙田 全天候,,1.00.0,60.0,32.9 27.1,,助手,,快操,PH,32.9 27.1 (1.00.0) (助手)
H165,06/06/2024,踱步,沙田,飛機場,沙田 飛機場,,,,,,助手,,踱步,PH,飛機場 踱步 (助手)
H165,05/06/2024,游水,沙田,,沙田,,,,,,,,游水,,
H165,05/06/2024,踱步,沙田,內圈,沙田 內圈,,,,,,助手,,快踱一圈,PH,內圈 快踱一圈 (助手)
H165,04/06/2024,游水,沙田,,沙田,,,,,,,,游水,,
H165,04/06/2024,踱步,沙田,內圈,沙田 內圈,,,,,,助手,,快踱一圈,PH,內圈 快踱一圈 (助手)
H165,03/06/2024,游水,沙田,,沙田,,,,,,,,游水,,
H165,03/06/2024,快操,沙田,全天候,沙田 全天候,,58.8,58.8,31.8 27.0,,助手,,快操,PH,31.8 27.0 (58.8) (助手)
H165,03/06/2024,踱步,沙田,飛機場,沙田 飛機場,,,,,,助手,,踱步,PH,飛機場 踱步 (助手)
H165,02/06/2024,游水,沙田,,沙田,,,,,,,,游水,,
H165,01/06/2024,游水,沙田,,沙田,,,,,,,,游水,,
H165,01/06/2024,踱步,沙田,內圈,沙田 內圈,,,,,,助手,,快踱一圈,PH,內圈 快踱一圈 (助手)
H165,31/05/2024,游水,沙田,,沙田,,,,,,,,游水,,
H165,31/05/2024,踱步,沙田,內圈,沙田 內圈,,,,,,助手,,快踱一圈,PH,內圈 快踱一圈 (助手)
H165,30/05/2024,游水,沙田,,沙田,,,,,,,,游水,,
H165,30/05/2024,踱步,沙田,飛機場,沙田 飛機場,,,,,,助手,,踱步,PH,飛機場 踱步 (助手)
H165,29/05/2024,游水,沙田,,沙田,,,,,,,,游水,,
H165,28/05/2024,游水,沙田,,沙田,,,,,,,,游水,,
H165,26/05/2024,出賽,沙田,草地,沙田 草地,2000M,,,,,田泰安,6/11,出賽,PC/TT,2000M (田泰安) (6/11)
H165,26/05/2024,踱步,沙田,飛機場,沙田 飛機場,,,,,,助手,,踱步,PH,飛機場 踱步 (助手)
H165,25/05/2024,游水,沙田,,沙田,,,,,,,,游水,,
H165,25/05/2024,踱步,沙田,內圈,沙田 內圈,,,,,,助手,,快踱一圈,PH,內圈 快踱一圈 (助手)
H165,24/05/2024,游水,沙田,,沙田,,,,,,,,游水,,
H165,24/05/2024,踱步,沙田,內圈,沙田 內圈,,,,,,助手,,快踱一圈,PH,內圈 快踱一圈 (助手)
H165,23/05/2024,游水,沙田,,沙田,,,,,,,,游水,,
H165,23/05/2024,快操,沙田,全天候,沙田 全天候,,59.8,59.8,33.1 26.7,,助手,,快操,PH,33.1 26.7 (59.8) (助手)
H165,23/05/2024,踱步,沙田,飛機場,沙田 飛機場,,,,,,助手,,踱步,PH,飛機場 踱步 (助手)
H165,22/05/2024,游水,沙田,,沙田,,,,,,,,游水,,
H165,22/05/2024,踱步,沙田,內圈,沙田 內圈,,,,,,助手,,快踱一圈,PH,內圈 快踱一圈 (助手)
H165,21/05/2024,游水,沙田,,沙田,,,,,,,,游水,,
H165,21/05/2024,踱步,沙田,內圈,沙田 內圈,,,,,,助手,,快踱一圈,PH,內圈 快踱一圈 (助手)
H165,20/05/2024,游水,沙田,,沙田,,,,,,,,游水,,
H165,20/05/2024,快操,沙田,草閘,沙田 草閘,,49.3,49.3,26.3 23.0,,田泰安,,"燈胆皇, 奮鬥心",PH,"26.3 23.0 (49.3) (田泰安) 燈胆皇, 奮鬥心"
H165,20/05/2024,踱步,沙田,飛機場,沙田 飛機場,,,,,,助手,,踱步,PH,飛機場 踱步 (助手)
H165,18/05/2024,游水,沙田,,沙田,,,,,,,,游水,,
H165,18/05/2024,踱步,沙田,內圈,沙田 內圈,,,,,,助手,,快踱一圈,PH,內圈 快踱一圈 (助手)
H165,17/05/2024,游水,沙田,,沙田,,,,,,,,游水,,
H165,17/05/2024,踱步,沙田,內圈,沙田 內圈,,,,,,助手,,快踱一圈,PH,內圈 快踱一圈 (助手)
H165,16/05/2024,游水,沙田,,沙田,,,,,,,,游水,,
H165,16/05/2024,快操,沙田,全天候,沙田 全天候,,58.1,58.1,31.8 26.3,,助手,,快操,PH,31.8 26.3 (58.1) (助手)
H165,16/05/2024,踱步,沙田,飛機場,沙田 飛機場,,,,,,助手,,踱步,PH,飛機場 踱步 (助手)
H165,15/05/2024,游水,沙田,,沙田,,,,,,,,游水,,
H165,15/05/2024,踱步,沙田,內圈,沙田 內圈,,,,,,助手,,快踱一圈,PH,內圈 快踱一圈 (助手)
H165,14/05/2024,游水,沙田,,沙田,,,,,,,,游水,,
H165,14/05/2024,踱步,沙田,內圈,沙田 內圈,,,,,,助手,,快踱一圈,PH,內圈 快踱一圈 (助手)
H165,13/05/2024,游水,沙田,,沙田,,,,,,,,游水,,
H165,13/05/2024,快操,沙田,全天候,沙田 全天候,,57.8,57.8,31.0 26.8,,助手,,快操,PH,31.0 26.8 (57.8) (助手)
H165,13/05/2024,踱步,沙田,飛機場,沙田 飛機場,,,,,,助手,,踱步,PH,飛機場 踱步 (助手)
H165,11/05/2024,游水,沙田,,沙田,,,,,,,,游水,,
H165,11/05/2024,踱步,沙田,內圈,沙田 內圈,,,,,,助手,,快踱一圈,PH,內圈 快踱一圈 (助手)
H165,10/05/2024,游水,沙田,,沙田,,,,,,,,游水,,
H165,10/05/2024,踱步,沙田,內圈,沙田 內圈,,,,,,助手,,快踱一圈,PH,內圈 快踱一圈 (助手)
H165,09/05/2024,踱步,沙田,飛機場,沙田 飛機場,,,,,,助手,,踱步,PH,飛機場 踱步 (助手)
H165,05/05/2024,出賽,沙田,草地,沙田 草地,2400M,,,,,田泰安,6/11,出賽,PC/TT,2400M (田泰安) (6/11)
H165,05/05/2024,踱步,沙田,內圈,沙田 內圈,,,,,,助手,,快踱一圈,H,內圈 快踱一圈 (助手)
H165,04/05/2024,游水,沙田,,沙田,,,,,,,,游水,,
H165,04/05/2024,踱步,沙田,內圈,沙田 內圈,,,,,,助手,,快踱一圈,PH,內圈 快踱一圈 (助手)
H165,03/05/2024,游水,沙田,,沙田,,,,,,,,游水,,
H165,03/05/2024,踱步,沙田,內圈,沙田 內圈,,,,,,助手,,快踱一圈,PH,內圈 快踱一圈 (助手)
H165,02/05/2024,游水,沙田,,沙田,,,,,,,,游水,,
H165,02/05/2024,快操,沙田,全天候,沙田 全天候,,57.5,57.5,31.9 25.6,,助手,,快操,PH,31.9 25.6 (57.5) (助手)
H165,02/05/2024,踱步,沙田,飛機場,沙田 飛機場,,,,,,助手,,踱步,PH,飛機場 踱步 (助手)
H165,01/05/2024,游水,沙田,,沙田,,,,,,,,游水,,
H165,01/05/2024,踱步,沙田,內圈,沙田 內圈,,,,,,助手,,快踱一圈,PH,內圈 快踱一圈 (助手)
H165,30/04/2024,游水,沙田,,沙田,,,,,,,,游水,,
H165,30/04/2024,踱步,沙田,內圈,沙田 內圈,,,,,,助手,,快踱一圈,H,內圈 快踱一圈 (助手)
H165,29/04/2024,游水,沙田,,沙田,,,,,,,,游水,,
H165,29/04/2024,快操,沙田,全天候,沙田 全天候,,1.01.1,61.1,33.5 27.6,,助手,,快操,PH,33.5 27.6 (1.01.1) (助手)
H165,29/04/2024,踱步,沙田,飛機場,沙田 飛機場,,,,,,助手,,踱步,PH,飛機場 踱步 (助手)
H165,28/04/2024,游水,沙田,,沙田,,,,,,,,游水,,
H165,27/04/2024,游水,沙田,,沙田,,,,,,,,游水,,
H165,27/04/2024,踱步,沙田,內圈,沙田 內圈,,,,,,助手,,快踱一圈,H,內圈 快踱一圈 (助手)
H165,26/04/2024,游水,沙田,,沙田,,,,,,,,游水,,
H165,26/04/2024,踱步,沙田,內圈,沙田 內圈,,,,,,助手,,快踱一圈,H,內圈 快踱一圈 (助手)
H165,25/04/2024,游水,沙田,,沙田,,,,,,,,游水,,
H165,25/04/2024,踱步,沙田,內圈,沙田 內圈,,,,,,助手,,倒快一圈,H,內圈 倒快一圈 (助手)
H165,24/04/2024,游水,沙田,,沙田,,,,,,,,游水,,
H165,24/04/2024,踱步,沙田,飛機場,沙田 飛機場,,,,,,助手,,踱步,PH,飛機場 踱步 (助手)
H165,23/04/2024,游水,沙田,,沙田,,,,,,,,游水,,
H165,20/04/2024,出賽,沙田,草地,沙田 草地,1800M,,,,,潘明輝,8/13,出賽,PC/TT,1800M (潘明輝) (8/13)
H165,20/04/2024,踱步,沙田,飛機場,沙田 飛機場,,,,,,助手,,踱步,PH,飛機場 踱步 (助手)
H165,19/04/2024,游水,沙田,,沙田,,,,,,,,游水,,
H165,19/04/2024,踱步,沙田,內圈,沙田 內圈,,,,,,助手,,快踱一圈,PH,內圈 快踱一圈 (助手)
H165,18/04/2024,游水,沙田,,沙田,,,,,,,,游水,,
H165,18/04/2024,踱步,沙田,內圈,沙田 內圈,,,,,,助手,,倒快一圈,PH,內圈 倒快一圈 (助手)
H165,17/04/2024,游水,沙田,,沙田,,,,,,,,游水,,
H165,17/04/2024,快操,沙田,全天候,沙田 全天候,,57.9,57.9,32.4 25.5,,潘明輝,,快操,PH,32.4 25.5 (57.9) (潘明輝)
H165,17/04/2024,踱步,沙田,飛機場,沙田 飛機場,,,,,,助手,,踱步,PH,飛機場 踱步 (助手)
H165,16/04/2024,游水,沙田,,沙田,,,,,,,,游水,,
H165,16/04/2024,踱步,沙田,內圈,沙田 內圈,,,,,,助手,,快踱一圈,H,內圈 快踱一圈 (助手)
H165,15/04/2024,游水,沙田,,沙田,,,,,,,,游水,,
H165,15/04/2024,踱步,沙田,內圈,沙田 內圈,,,,,,助手,,倒快一圈,H,內圈 倒快一圈 (助手)
H165,14/04/2024,游水,沙田,,沙田,,,,,,,,游水,,
H165,14/04/2024,快操,沙田,全天候,沙田 全天候,,1.00.1,60.1,32.6 27.5,,助手,,快操,PH,32.6 27.5 (1.00.1) (助手)
H165,14/04/2024,踱步,沙田,飛機場,沙田 飛機場,,,,,,助手,,踱步,PH,飛機場 踱步 (助手)
H165,13/04/2024,游水,沙田,,沙田,,,,,,,,游水,,
H165,13/04/2024,踱步,沙田,內圈,沙田 內圈,,,,,,助手,,快踱一圈,H,內圈 快踱一圈 (助手)
H165,12/04/2024,游水,沙田,,沙田,,,,,,,,游水,,
H165,12/04/2024,踱步,沙田,內圈,沙田 內圈,,,,,,助手,,快踱一圈,PH,內圈 快踱一圈 (助手)
H165,11/04/2024,游水,沙田,,沙田,,,,,,,,游水,,
H165,11/04/2024,快操,沙田,全天候,沙田 全天候,,58.6,58.6,31.4 27.2,,助手,,快操,PH,31.4 27.2 (58.6) (助手)
H165,11/04/2024,踱步,沙田,飛機場,沙田 飛機場,,,,,,助手,,踱步,PH,飛機場 踱步 (助手)
H165,10/04/2024,游水,沙田,,沙田,,,,,,,,游水,,
H165,10/04/2024,踱步,沙田,內圈,沙田 內圈,,,,,,助手,,快踱一圈,H,內圈 快踱一圈 (助手)
H165,09/04/2024,游水,沙田,,沙田,,,,,,,,游水,,
H165,09/04/2024,踱步,沙田,內圈,沙田 內圈,,,,,,助手,,快踱一圈,H,內圈 快踱一圈 (助手)
H165,08/04/2024,游水,沙田,,沙田,,,,,,,,游水,,
H165,08/04/2024,踱步,沙田,內圈,沙田 內圈,,,,,,助手,,倒快一圈,H,內圈 倒快一圈 (助手)
H165,07/04/2024,游水,沙田,,沙田,,,,,,,,游水,,
H165,07/04/2024,踱步,沙田,飛機場,沙田 飛機場,,,,,,助手,,踱步,PH,飛機場 踱步 (助手)
H165,06/04/2024,游水,沙田,,沙田,,,,,,,,游水,,
H165,03/04/2024,出賽,沙田,全天候,沙田 全天候,1650M,,,,,田泰安,2/13,出賽,PC/TT,1650M (田泰安) (2/13)
H165,03/04/2024,踱步,沙田,飛機場,沙田 飛機場,,,,,,助手,,踱步,PH,飛機場 踱步 (助手)
H165,02/04/2024,游水,沙田,,沙田,,,,,,,,游水,,
H165,02/04/2024,踱步,沙田,內圈,沙田 內圈,,,,,,助手,,快踱一圈,PH,內圈 快踱一圈 (助手)
H165,01/04/2024,游水,沙田,,沙田,,,,,,,,游水,,
H165,01/04/2024,踱步,沙田,內圈,沙田 內圈,,,,,,助手,,倒快一圈,H,內圈 倒快一圈 (助手)
H165,31/03/2024,游水,沙田,,沙田,,,,,,,,游水,,
H165,31/03/2024,快操,沙田,全天候,沙田 全天候,,56.2,56.2,31.5 24.7,,助手,,快操,PH,31.5 24.7 (56.2) (助手)
H165,31/03/2024,踱步,沙田,飛機場,沙田 飛機場,,,,,,助手,,踱步,PH,飛機場 踱步 (助手)
H165,30/03/2024,游水,沙田,,沙田,,,,,,,,游水,,
H165,30/03/2024,踱步,沙田,內圈,沙田 內圈,,,,,,助手,,快踱一圈,H,內圈 快踱一圈 (助手)
H165,29/03/2024,游水,沙田,,沙田,,,,,,,,游水,,
H165,29/03/2024,踱步,沙田,內圈,沙田 內圈,,,,,,助手,,快踱一圈,H,內圈 快踱一圈 (助手)
H165,28/03/2024,游水,沙田,,沙田,,,,,,,,游水,,
H165,28/03/2024,踱步,沙田,內圈,沙田 內圈,,,,,,助手,,倒快一圈,H,內圈 倒快一圈 (助手)
H165,27/03/2024,游水,沙田,,沙田,,,,,,,,游水,,
H165,26/03/2024,試閘,沙田,全天候,沙田 全天候,1200M,1.10.21,70.21,25.0 22.3 22.9,彩虹千里,田泰安,,第1組,PC,第1組 (田泰安) 1200M 彩虹千里 25.0 22.3 22.9 (1.10.21)
H165,25/03/2024,游水,沙田,,沙田,,,,,,,,游水,,
H165,25/03/2024,踱步,沙田,內圈,沙田 內圈,,,,,,助手,,倒快一圈,H,內圈 倒快一圈 (助手)
H165,24/03/2024,游水,沙田,,沙田,,,,,,,,游水,,
H165,23/03/2024,游水,沙田,,沙田,,,,,,,,游水,,
H165,23/03/2024,踱步,沙田,內圈,沙田 內圈,,,,,,助手,,快踱一圈,H,內圈 快踱一圈 (助手)
H165,22/03/2024,游水,沙田,,沙田,,,,,,,,游水,,
H165,22/03/2024,踱步,沙田,內圈,沙田 內圈,,,,,,助手,,快踱一圈,H,內圈 快踱一圈 (助手)
H165,21/03/2024,游水,沙田,,沙田,,,,,,,,游水,,
H165,21/03/2024,快操,沙田,全天候,沙田 全天候,,58.0,58.0,32.1 25.9,,助手,,快操,PH,32.1 25.9 (58.0) (助手)
H165,21/03/2024,踱步,沙田,飛機場,沙田 飛機場,,,,,,助手,,踱步,PH,飛機場 踱步 (助手)
H165,20/03/2024,游水,沙田,,沙田,,,,,,,,游水,,
H165,20/03/2024,踱步,沙田,內圈,沙田 內圈,,,,,,助手,,快踱一圈,H,內圈 快踱一圈 (助手)
H165,19/03/2024,游水,沙田,,沙田,,,,,,,,游水,,
H165,19/03/2024,踱步,沙田,內圈,沙田 內圈,,,,,,助手,,快踱一圈,H,內圈 快踱一圈 (助手)
H165,18/03/2024,游水,沙田,,沙田,,,,,,,,游水,,
H165,18/03/2024,踱步,沙田,內圈,沙田 內圈,,,,,,助手,,倒快一圈,H,內圈 倒快一圈 (助手)
H165,17/03/2024,游水,沙田,,沙田,,,,,,,,游水,,
H165,17/03/2024,踱步,沙田,飛機場,沙田 飛機場,,,,,,助手,,踱步,PH,飛機場 踱步 (助手)
H165,16/03/2024,游水,沙田,,沙田,,,,,,,,游水,,
H165,15/03/2024,游水,沙田,,沙田,,,,,,,,游水,,
H165,13/03/2024,出賽,跑馬地,草地,跑馬地 草地,1800M,,,,,田泰安,9/12,出賽,PC/TT,1800M (田泰安) (9/12)
H165,13/03/2024,踱步,沙田,飛機場,沙田 飛機場,,,,,,助手,,踱步,PH,飛機場 踱步 (助手)
H165,12/03/2024,游水,沙田,,沙田,,,,,,,,游水,,
H165,12/03/2024,踱步,沙田,內圈,沙田 內圈,,,,,,助手,,快踱一圈,PH,內圈 快踱一圈 (助手)
H165,11/03/2024,游水,沙田,,沙田,,,,,,,,游水,,
H165,11/03/2024,踱步,沙田,內圈,沙田 內圈,,,,,,助手,,倒快一圈,H,內圈 倒快一圈 (助手)
H165,10/03/2024,游水,沙田,,沙田,,,,,,,,游水,,
H165,10/03/2024,快操,沙田,全天候,沙田 全天候,,58.5,58.5,32.1 26.4,,助手,,快操,PH,32.1 26.4 (58.5) (助手)
H165,10/03/2024,踱步,沙田,飛機場,沙田 飛機場,,,,,,助手,,踱步,PH,飛機場 踱步 (助手)
H165,09/03/2024,游水,沙田,,沙田,,,,,,,,游水,,
H165,09/03/2024,踱步,沙田,內圈,沙田 內圈,,,,,,助手,,快踱一圈,H,內圈 快踱一圈 (助手)
H165,08/03/2024,游水,沙田,,沙田,,,,,,,,游水,,
H165,08/03/2024,踱步,沙田,內圈,沙田 內圈,,,,,,助手,,快踱一圈,H,內圈 快踱一圈 (助手)
H165,07/03/2024,游水,沙田,,沙田,,,,,,,,游水,,
H165,07/03/2024,快操,沙田,草閘,沙田 草閘,,50.1,50.1,25.8 24.3,,助手,,旋風傳奇,PH,25.8 24.3 (50.1) (助手) 旋風傳奇
H165,07/03/2024,踱步,沙田,飛機場,沙田 飛機場,,,,,,助手,,踱步,PH,飛機場 踱步 (助手)
H165,06/03/2024,游水,沙田,,沙田,,,,,,,,游水,,
H165,06/03/2024,踱步,沙田,內圈,沙田 內圈,,,,,,助手,,快踱一圈,H,內圈 快踱一圈 (助手)
H165,05/03/2024,游水,沙田,,沙田,,,,,,,,游水,,
H165,05/03/2024,踱步,沙田,內圈,沙田 內圈,,,,,,助手,,快踱一圈,H,內圈 快踱一圈 (助手)
H165,04/03/2024,游水,沙田,,沙田,,,,,,,,游水,,
H165,04/03/2024,快操,沙田,全天候,沙田 全天候,,58.1,58.1,32.1 26.0,,助手,,快操,PH,32.1 26.0 (58.1) (助手)
H165,04/03/2024,踱步,沙田,飛機場,沙田 飛機場,,,,,,助手,,踱步,PH,飛機場 踱步 (助手)
H165,03/03/2024,游水,沙田,,沙田,,,,,,,,游水,,
H165,02/03/2024,游水,沙田,,沙田,,,,,,,,游水,,
H165,02/03/2024,踱步,沙田,內圈,沙田 內圈,,,,,,助手,,快踱一圈,H,內圈 快踱一圈 (助手)
H165,01/03/2024,游水,沙田,,沙田,,,,,,,,游水,,
H165,01/03/2024,踱步,沙田,內圈,沙田 內圈,,,,,,助手,,快踱一圈,H,內圈 快踱一圈 (助手)
H165,29/02/2024,游水,沙田,,沙田,,,,,,,,游水,,
H165,29/02/2024,快操,沙田,全天候,沙田 全天候,,57.8,57.8,31.8 26.0,,助手,,快操,PH,31.8 26.0 (57.8) (助手)
H165,28/02/2024,游水,沙田,,沙田,,,,,,,,游水,,
H165,28/02/2024,踱步,沙田,內圈,沙田 內圈,,,,,,助手,,快踱一圈,H,內圈 快踱一圈 (助手)
H165,27/02/2024,游水,沙田,,沙田,,,,,,,,游水,,
H165,27/02/2024,踱步,沙田,內圈,沙田 內圈,,,,,,助手,,快踱一圈,H,內圈 快踱一圈 (助手)
H165,26/02/2024,游水,沙田,,沙田,,,,,,,,游水,,
H165,26/02/2024,快操,沙田,全天候,沙田 全天候,,57.9,57.9,31.7 26.2,,助手,,快操,PH,31.7 26.2 (57.9) (助手)
H165,26/02/2024,踱步,沙田,飛機場,沙田 飛機場,,,,,,助手,,踱步,PH,飛機場 踱步 (助手)
H165,25/02/2024,游水,沙田,,沙田,,,,,,,,游水,,
H165,24/02/2024,游水,沙田,,沙田,,,,,,,,游水,,
H165,24/02/2024,踱步,沙田,內圈,沙田 內圈,,,,,,助手,,快踱一圈,H,內圈 快踱一圈 (助手)
H165,23/02/2024,游水,沙田,,沙田,,,,,,,,游水,,
H165,23/02/2024,快操,沙田,全天候,沙田 全天候,,1.00.0,60.0,33.3 26.7,,助手,,快操,PH,33.3 26.7 (1.00.0) (助手)
H165,23/02/2024,踱步,沙田,飛機場,沙田 飛機場,,,,,,助手,,踱步,PH,飛機場 踱步 (助手)
H165,22/02/2024,游水,沙田,,沙田,,,,,,,,游水,,
H165,22/02/2024,踱步,沙田,內圈,沙田 內圈,,,,,,助手,,倒快一圈,H,內圈 倒快一圈 (助手)
H165,21/02/2024,游水,沙田,,沙田,,,,,,,,游水,,
H165,21/02/2024,踱步,沙田,內圈,沙田 內圈,,,,,,助手,,快踱一圈,H,內圈 快踱一圈 (助手)
H165,20/02/2024,游水,沙田,,沙田,,,,,,,,游水,,
H165,19/02/2024,游水,沙田,,沙田,,,,,,,,游水,,
H165,19/02/2024,踱步,沙田,飛機場,沙田 飛機場,,,,,,助手,,踱步,H,飛機場 踱步 (助手)
H165,18/02/2024,游水,沙田,,沙田,,,,,,,,游水,,
H165,17/02/2024,游水,沙田,,沙田,,,,,,,,游水,,
H165,15/02/2024,出賽,跑馬地,草地,跑馬地 草地,1800M,,,,,田泰安,2/12,出賽,PC/TT,1800M (田泰安) (2/12)
H165,15/02/2024,踱步,沙田,飛機場,沙田 飛機場,,,,,,助手,,踱步,PH,飛機場 踱步 (助手)
H165,14/02/2024,游水,沙田,,沙田,,,,,,,,游水,,
H165,14/02/2024,踱步,沙田,內圈,沙田 內圈,,,,,,助手,,快踱一圈,PH,內圈 快踱一圈 (助手)
H165,13/02/2024,游水,沙田,,沙田,,,,,,,,游水,,
H165,13/02/2024,踱步,沙田,內圈,沙田 內圈,,,,,,助手,,快踱一圈,H,內圈 快踱一圈 (助手)
H165,12/02/2024,游水,沙田,,沙田,,,,,,,,游水,,
H165,12/02/2024,快操,沙田,全天候,沙田 全天候,,56.8,56.8,31.6 25.2,,助手,,快操,PH,31.6 25.2 (56.8) (助手)
H165,12/02/2024,踱步,沙田,飛機場,沙田 飛機場,,,,,,助手,,踱步,PH,飛機場 踱步 (助手)
H165,11/02/2024,游水,沙田,,沙田,,,,,,,,游水,,
H165,11/02/2024,踱步,沙田,內圈,沙田 內圈,,,,,,助手,,快踱一圈,H,內圈 快踱一圈 (助手)
H165,09/02/2024,游水,沙田,,沙田,,,,,,,,游水,,
H165,09/02/2024,踱步,沙田,內圈,沙田 內圈,,,,,,助手,,快踱一圈,H,內圈 快踱一圈 (助手)
H165,08/02/2024,游水,沙田,,沙田,,,,,,,,游水,,
H165,08/02/2024,快操,沙田,全天候,沙田 全天候,,57.8,57.8,31.8 26.0,,助手,,快操,PH,31.8 26.0 (57.8) (助手)
H165,08/02/2024,踱步,沙田,飛機場,沙田 飛機場,,,,,,助手,,踱步,PH,飛機場 踱步 (助手)
H165,07/02/2024,游水,沙田,,沙田,,,,,,,,游水,,
H165,07/02/2024,踱步,沙田,內圈,沙田 內圈,,,,,,助手,,快踱一圈,H,內圈 快踱一圈 (助手)
H165,06/02/2024,游水,沙田,,沙田,,,,,,,,游水,,
H165,06/02/2024,踱步,沙田,內圈,沙田 內圈,,,,,,助手,,快踱一圈,H,內圈 快踱一圈 (助手)
H165,05/02/2024,游水,沙田,,沙田,,,,,,,,游水,,
H165,05/02/2024,踱步,沙田,內圈,沙田 內圈,,,,,,助手,,倒快一圈,H,內圈 倒快一圈 (助手)
H165,04/02/2024,游水,沙田,,沙田,,,,,,,,游水,,
H165,04/02/2024,踱步,沙田,飛機場,沙田 飛機場,,,,,,助手,,踱步,H,飛機場 踱步 (助手)
H165,03/02/2024,游水,沙田,,沙田,,,,,,,,游水,,
H165,01/02/2024,踱步,沙田,飛機場,沙田 飛機場,,,,,,助手,,踱步,,飛機場 踱步 (助手)
H165,31/01/2024,出賽,跑馬地,草地,跑馬地 草地,1650M,,,,,田泰安,3/11,出賽,PC/TT,1650M (田泰安) (3/11)
H165,31/01/2024,踱步,沙田,飛機場,沙田 飛機場,,,,,,助手,,踱步,SR,飛機場 踱步 (助手)
H165,30/01/2024,游水,沙田,,沙田,,,,,,,,游水,,
H165,30/01/2024,踱步,沙田,內圈,沙田 內圈,,,,,,助手,,快踱一圈,H,內圈 快踱一圈 (助手)
H165,29/01/2024,游水,沙田,,沙田,,,,,,,,游水,,
H165,29/01/2024,踱步,沙田,內圈,沙田 內圈,,,,,,助手,,倒快一圈,H,內圈 倒快一圈 (助手)
H165,28/01/2024,游水,沙田,,沙田,,,,,,,,游水,,
H165,28/01/2024,快操,沙田,全天候,沙田 全天候,,59.8,59.8,33.9 25.9,,助手,,快操,PH,33.9 25.9 (59.8) (助手)
H165,28/01/2024,踱步,沙田,飛機場,沙田 飛機場,,,,,,助手,,踱步,PH,飛機場 踱步 (助手)
H165,27/01/2024,游水,沙田,,沙田,,,,,,,,游水,,
H165,27/01/2024,踱步,沙田,內圈,沙田 內圈,,,,,,助手,,快踱一圈,H,內圈 快踱一圈 (助手)
H165,26/01/2024,游水,沙田,,沙田,,,,,,,,游水,,
H165,26/01/2024,踱步,沙田,內圈,沙田 內圈,,,,,,助手,,快踱一圈,H,內圈 快踱一圈 (助手)
H165,25/01/2024,游水,沙田,,沙田,,,,,,,,游水,,
H165,25/01/2024,快操,沙田,全天候,沙田 全天候,,58.7,58.7,32.0 26.7,,助手,,快操,PH,32.0 26.7 (58.7) (助手)
H165,25/01/2024,踱步,沙田,飛機場,沙田 飛機場,,,,,,助手,,踱步,SR,飛機場 踱步 (助手)
H165,24/01/2024,踱步,沙田,內圈,沙田 內圈,,,,,,助手,,快踱一圈,H,內圈 快踱一圈 (助手)
H165,23/01/2024,踱步,沙田,內圈,沙田 內圈,,,,,,助手,,快踱一圈,H,內圈 快踱一圈 (助手)
H165,22/01/2024,游水,沙田,,沙田,,,,,,,,游水,,
H165,22/01/2024,快操,沙田,全天候,沙田 全天候,,59.2,59.2,33.2 26.0,,助手,,快操,PH,33.2 26.0 (59.2) (助手)
H165,22/01/2024,踱步,沙田,飛機場,沙田 飛機場,,,,,,助手,,踱步,PH,飛機場 踱步 (助手)
H165,21/01/2024,游水,沙田,,沙田,,,,,,,,游水,,
H165,20/01/2024,游水,沙田,,沙田,,,,,,,,游水,,
H165,20/01/2024,踱步,沙田,內圈,沙田 內圈,,,,,,助手,,快踱一圈,H,內圈 快踱一圈 (助手)
H165,19/01/2024,游水,沙田,,沙田,,,,,,,,游水,,
H165,19/01/2024,踱步,沙田,內圈,沙田 內圈,,,,,,助手,,快踱一圈,H,內圈 快踱一圈 (助手)
H165,18/01/2024,游水,沙田,,沙田,,,,,,,,游水,,
H165,18/01/2024,快操,沙田,全天候,沙田 全天候,,59.1,59.1,32.0 27.1,,助手,,快操,PH,32.0 27.1 (59.1) (助手)
H165,18/01/2024,踱步,沙田,飛機場,沙田 飛機場,,,,,,助手,,踱步,H,飛機場 踱步 (助手)
H165,17/01/2024,游水,沙田,,沙田,,,,,,,,游水,,
H165,17/01/2024,踱步,沙田,內圈,沙田 內圈,,,,,,助手,,快踱一圈,H,內圈 快踱一圈 (助手)
H165,16/01/2024,游水,沙田,,沙田,,,,,,,,游水,,
H165,16/01/2024,踱步,沙田,內圈,沙田 內圈,,,,,,助手,,快踱一圈,PH,內圈 快踱一圈 (助手)
H165,15/01/2024,游水,沙田,,沙田,,,,,,,,游水,,
H165,15/01/2024,踱步,沙田,內圈,沙田 內圈,,,,,,助手,,倒快一圈,H,內圈 倒快一圈 (助手)
H165,14/01/2024,游水,沙田,,沙田,,,,,,,,游水,,
H165,14/01/2024,踱步,沙田,飛機場,沙田 飛機場,,,,,,助手,,踱步,H,飛機場 踱步 (助手)
H165,13/01/2024,游水,沙田,,沙田,,,,,,,,游水,,
H165,10/01/2024,出賽,跑馬地,草地,跑馬地 草地,1800M,,,,,何澤堯,5/12,出賽,SR-/PC1/TT,1800M (何澤堯) (5/12)
H165,10/01/2024,踱步,沙田,飛機場,沙田 飛機場,,,,,,助手,,踱步,SR,飛機場 踱步 (助手)
H165,09/01/2024,游水,沙田,,沙田,,,,,,,,游水,,
H165,09/01/2024,踱步,沙田,內圈,沙田 內圈,,,,,,助手,,快踱一圈,H,內圈 快踱一圈 (助手)
H165,08/01/2024,游水,沙田,,沙田,,,,,,,,游水,,
H165,08/01/2024,踱步,沙田,內圈,沙田 內圈,,,,,,助手,,倒快一圈,H,內圈 倒快一圈 (助手)
H165,07/01/2024,游水,沙田,,沙田,,,,,,,,游水,,
H165,07/01/2024,快操,沙田,全天候,沙田 全天候,,57.7,57.7,32.3 25.4,,助手,,快操,PH,32.3 25.4 (57.7) (助手)
H165,06/01/2024,游水,沙田,,沙田,,,,,,,,游水,,
H165,06/01/2024,踱步,沙田,內圈,沙田 內圈,,,,,,助手,,快踱一圈,H,內圈 快踱一圈 (助手)
H165,05/01/2024,游水,沙田,,沙田,,,,,,,,游水,,
H165,05/01/2024,踱步,沙田,內圈,沙田 內圈,,,,,,助手,,快踱一圈,H,內圈 快踱一圈 (助手)
H165,04/01/2024,游水,沙田,,沙田,,,,,,,,游水,,
H165,04/01/2024,快操,沙田,草閘,沙田 草閘,,49.6,49.6,25.1 24.5,,何澤堯,,"添喜運, 旭日昇",PH,"25.1 24.5 (49.6) (何澤堯) 添喜運, 旭日昇"
H165,04/01/2024,踱步,沙田,飛機場,沙田 飛機場,,,,,,助手,,踱步,SR,飛機場 踱步 (助手)
H165,03/01/2024,游水,沙田,,沙田,,,,,,,,游水,,
H165,03/01/2024,踱步,沙田,內圈,沙田 內圈,,,,,,助手,,快踱一圈,H,內圈 快踱一圈 (助手)
H165,02/01/2024,游水,沙田,,沙田,,,,,,,,游水,,
H165,02/01/2024,踱步,沙田,內圈,沙田 內圈,,,,,,助手,,快踱一圈,H,內圈 快踱一圈 (助手)
H165,01/01/2024,游水,沙田,,沙田,,,,,,,,游水,,
H165,01/01/2024,快操,沙田,全天候,沙田 全天候,,57.3,57.3,31.2 26.1,,助手,,快操,PH,31.2 26.1 (57.3) (助手)
H165,01/01/2024,踱步,沙田,飛機場,沙田 飛機場,,,,,,助手,,踱步,PH,飛機場 踱步 (助手)
H165,31/12/2023,游水,沙田,,沙田,,,,,,,,游水,,
H165,30/12/2023,游水,沙田,,沙田,,,,,,,,游水,,
H165,30/12/2023,踱步,沙田,內圈,沙田 內圈,,,,,,助手,,快踱一圈,H,內圈 快踱一圈 (助手)
H165,29/12/2023,游水,沙田,,沙田,,,,,,,,游水,,
H165,29/12/2023,踱步,沙田,內圈,沙田 內圈,,,,,,助手,,快踱一圈,H,內圈 快踱一圈 (助手)
H165,28/12/2023,游水,沙田,,沙田,,,,,,,,游水,,
H165,28/12/2023,快操,沙田,全天候,沙田 全天候,,57.0,57.0,30.9 26.1,,助手,,快操,PH,30.9 26.1 (57.0) (助手)
H165,28/12/2023,踱步,沙田,飛機場,沙田 飛機場,,,,,,助手,,踱步,SR,飛機場 踱步 (助手)
H165,27/12/2023,游水,沙田,,沙田,,,,,,,,游水,,
H165,27/12/2023,踱步,沙田,內圈,沙田 內圈,,,,,,助手,,快踱一圈,H,內圈 快踱一圈 (助手)
H165,26/12/2023,游水,沙田,,沙田,,,,,,,,游水,,
H165,26/12/2023,踱步,沙田,內圈,沙田 內圈,,,,,,助手,,快踱一圈,H,內圈 快踱一圈 (助手)
H165,25/12/2023,游水,沙田,,沙田,,,,,,,,游水,,
H165,25/12/2023,踱步,沙田,內圈,沙田 內圈,,,,,,助手,,倒快一圈,H,內圈 倒快一圈 (助手)
H165,24/12/2023,游水,沙田,,沙田,,,,,,,,游水,,
H165,24/12/2023,踱步,沙田,飛機場,沙田 飛機場,,,,,,助手,,踱步,SR,飛機場 踱步 (助手)
H165,21/12/2023,踱步,沙田,飛機場,沙田 飛機場,,,,,,副練馬師,,踱步,H,飛機場 踱步 (副練馬師)
H165,20/12/2023,出賽,跑馬地,草地,跑馬地 草地,2200M,,,,,潘頓,3/8,出賽,SR/TT,2200M (潘頓) (3/8)
H165,20/12/2023,踱步,沙田,飛機場,沙田 飛機場,,,,,,助手,,踱步,SR,飛機場 踱步 (助手)
H165,19/12/2023,游水,沙田,,沙田,,,,,,,,游水,,
H165,19/12/2023,踱步,沙田,內圈,沙田 內圈,,,,,,助手,,快踱一圈,H,內圈 快踱一圈 (助手)
H165,18/12/2023,游水,沙田,,沙田,,,,,,,,游水,,
H165,18/12/2023,踱步,沙田,內圈,沙田 內圈,,,,,,助手,,倒快一圈,H,內圈 倒快一圈 (助手)
H165,17/12/2023,快操,沙田,全天候,沙田 全天候,,56.4,56.4,31.7 24.7,,助手,,快操,H,31.7 24.7 (56.4) (助手)
H165,17/12/2023,踱步,沙田,飛機場,沙田 飛機場,,,,,,助手,,踱步,H,飛機場 踱步 (助手)
H165,16/12/2023,游水,沙田,,沙田,,,,,,,,游水,,
H165,16/12/2023,踱步,沙田,內圈,沙田 內圈,,,,,,助手,,快踱一圈,H,內圈 快踱一圈 (助手)
H165,15/12/2023,游水,沙田,,沙田,,,,,,,,游水,,
H165,15/12/2023,踱步,沙田,內圈,沙田 內圈,,,,,,助手,,快踱一圈,H,內圈 快踱一圈 (助手)
H165,14/12/2023,游水,沙田,,沙田,,,,,,,,游水,,
H165,14/12/2023,踱步,沙田,內圈,沙田 內圈,,,,,,助手,,倒快一圈,H,內圈 倒快一圈 (助手)
H165,13/12/2023,游水,沙田,,沙田,,,,,,,,游水,,
H165,12/12/2023,試閘,沙田,全天候,沙田 全天候,1200M,1.10.02,70.02,24.1 22.7 23.2,撼天鐵翼,田泰安,,第10組,SR,第10組 (田泰安) 1200M 撼天鐵翼 24.1 22.7 23.2 (1.10.02)
H165,11/12/2023,游水,沙田,,沙田,,,,,,,,游水,,
H165,11/12/2023,踱步,沙田,內圈,沙田 內圈,,,,,,助手,,倒快一圈,H,內圈 倒快一圈 (助手)
H165,10/12/2023,游水,沙田,,沙田,,,,,,,,游水,,
H165,09/12/2023,游水,沙田,,沙田,,,,,,,,游水,,
H165,09/12/2023,踱步,沙田,內圈,沙田 內圈,,,,,,助手,,快踱一圈,H,內圈 快踱一圈 (助手)
H165,08/12/2023,游水,沙田,,沙田,,,,,,,,游水,,
H165,08/12/2023,踱步,沙田,內圈,沙田 內圈,,,,,,助手,,快踱一圈,H,內圈 快踱一圈 (助手)
H165,07/12/2023,游水,沙田,,沙田,,,,,,,,游水,,
H165,07/12/2023,快操,沙田,全天候,沙田 全天候,,57.5,57.5,31.2 26.3,,助手,,快操,SR,31.2 26.3 (57.5) (助手)
H165,07/12/2023,踱步,沙田,飛機場,沙田 飛機場,,,,,,助手,,踱步,SR,飛機場 踱步 (助手)
H165,06/12/2023,游水,沙田,,沙田,,,,,,,,游水,,
H165,06/12/2023,踱步,沙田,內圈,沙田 內圈,,,,,,助手,,快踱一圈,H,內圈 快踱一圈 (助手)
H165,05/12/2023,游水,沙田,,沙田,,,,,,,,游水,,
H165,05/12/2023,踱步,沙田,內圈,沙田 內圈,,,,,,助手,,快踱一圈,H,內圈 快踱一圈 (助手)
H165,04/12/2023,游水,沙田,,沙田,,,,,,,,游水,,
H165,04/12/2023,快操,沙田,全天候,沙田 全天候,,57.8,57.8,31.1 26.7,,助手,,快操,SR,31.1 26.7 (57.8) (助手)
H165,04/12/2023,踱步,沙田,飛機場,沙田 飛機場,,,,,,助手,,踱步,SR,飛機場 踱步 (助手)
H165,03/12/2023,游水,沙田,,沙田,,,,,,,,游水,,
H165,02/12/2023,游水,沙田,,沙田,,,,,,,,游水,,
H165,02/12/2023,踱步,沙田,內圈,沙田 內圈,,,,,,助手,,快踱一圈,H,內圈 快踱一圈 (助手)
H165,01/12/2023,游水,沙田,,沙田,,,,,,,,游水,,
H165,01/12/2023,踱步,沙田,內圈,沙田 內圈,,,,,,助手,,快踱一圈,H,內圈 快踱一圈 (助手)
H165,30/11/2023,游水,沙田,,沙田,,,,,,,,游水,,
H165,30/11/2023,快操,沙田,全天候,沙田 全天候,,58.5,58.5,32.4 26.1,,助手,,快操,SR,32.4 26.1 (58.5) (助手)
H165,30/11/2023,踱步,沙田,飛機場,沙田 飛機場,,,,,,助手,,踱步,SR,飛機場 踱步 (助手)
H165,29/11/2023,游水,沙田,,沙田,,,,,,,,游水,,
H165,29/11/2023,踱步,沙田,內圈,沙田 內圈,,,,,,助手,,快踱一圈,H,內圈 快踱一圈 (助手)
H165,28/11/2023,游水,沙田,,沙田,,,,,,,,游水,,
H165,28/11/2023,踱步,沙田,內圈,沙田 內圈,,,,,,助手,,快踱一圈,H,內圈 快踱一圈 (助手)
H165,27/11/2023,游水,沙田,,沙田,,,,,,,,游水,,
H165,27/11/2023,快操,沙田,全天候,沙田 全天候,,58.8,58.8,33.3 25.5,,助手,,快操,SR,33.3 25.5 (58.8) (助手)
H165,27/11/2023,踱步,沙田,飛機場,沙田 飛機場,,,,,,助手,,踱步,SR,飛機場 踱步 (助手)
H165,26/11/2023,游水,沙田,,沙田,,,,,,,,游水,,
H165,25/11/2023,游水,沙田,,沙田,,,,,,,,游水,,
H165,25/11/2023,踱步,沙田,內圈,沙田 內圈,,,,,,助手,,快踱一圈,H,內圈 快踱一圈 (助手)
H165,24/11/2023,游水,沙田,,沙田,,,,,,,,游水,,
H165,24/11/2023,踱步,沙田,內圈,沙田 內圈,,,,,,助手,,快踱一圈,H,內圈 快踱一圈 (助手)
H165,23/11/2023,游水,沙田,,沙田,,,,,,,,游水,,
H165,23/11/2023,踱步,沙田,飛機場,沙田 飛機場,,,,,,助手,,踱步,SR,飛機場 踱步 (助手)
H165,22/11/2023,游水,沙田,,沙田,,,,,,,,游水,,
H165,19/11/2023,出賽,沙田,草地,沙田 草地,2000M,,,,,潘頓,7/13,出賽,SR/TT,2000M (潘頓) (7/13)
H165,19/11/2023,踱步,沙田,飛機場,沙田 飛機場,,,,,,助手,,踱步,H,飛機場 踱步 (助手)
H165,18/11/2023,踱步,沙田,內圈,沙田 內圈,,,,,,助手,,快踱一圈,H,內圈 快踱一圈 (助手)
H165,17/11/2023,踱步,沙田,內圈,沙田 內圈,,,,,,助手,,快踱一圈,H,內圈 快踱一圈 (助手)
H165,16/11/2023,游水,沙田,,沙田,,,,,,,,游水,,
H165,16/11/2023,快操,沙田,全天候,沙田 全天候,,58.4,58.4,32.7 25.7,,助手,,快操,SR,32.7 25.7 (58.4) (助手)
H165,16/11/2023,踱步,沙田,飛機場,沙田 飛機場,,,,,,助手,,踱步,SR,飛機場 踱步 (助手)
H165,15/11/2023,游水,沙田,,沙田,,,,,,,,游水,,
H165,15/11/2023,踱步,沙田,內圈,沙田 內圈,,,,,,助手,,快踱一圈,H,內圈 快踱一圈 (助手)
H165,14/11/2023,游水,沙田,,沙田,,,,,,,,游水,,
H165,14/11/2023,踱步,沙田,內圈,沙田 內圈,,,,,,助手,,快踱一圈,H,內圈 快踱一圈 (助手)
H165,13/11/2023,游水,沙田,,沙田,,,,,,,,游水,,
H165,13/11/2023,快操,沙田,全天候,沙田 全天候,,57.2,57.2,30.8 26.4,,助手,,快操,SR,30.8 26.4 (57.2) (助手)
H165,13/11/2023,踱步,沙田,飛機場,沙田 飛機場,,,,,,助手,,踱步,SR,飛機場 踱步 (助手)
H165,12/11/2023,游水,沙田,,沙田,,,,,,,,游水,,
H165,11/11/2023,游水,沙田,,沙田,,,,,,,,游水,,
H165,11/11/2023,踱步,沙田,內圈,沙田 內圈,,,,,,助手,,快踱一圈,H,內圈 快踱一圈 (助手)
H165,10/11/2023,游水,沙田,,沙田,,,,,,,,游水,,
H165,10/11/2023,踱步,沙田,內圈,沙田 內圈,,,,,,助手,,快踱一圈,H,內圈 快踱一圈 (助手)
H165,09/11/2023,游水,沙田,,沙田,,,,,,,,游水,,
H165,09/11/2023,快操,沙田,全天候,沙田 全天候,,56.8,56.8,32.0 24.8,,助手,,快操,SR,32.0 24.8 (56.8) (助手)
H165,09/11/2023,踱步,沙田,飛機場,沙田 飛機場,,,,,,助手,,踱步,SR,飛機場 踱步 (助手)
H165,08/11/2023,游水,沙田,,沙田,,,,,,,,游水,,
H165,08/11/2023,踱步,沙田,內圈,沙田 內圈,,,,,,助手,,快踱一圈,H,內圈 快踱一圈 (助手)
H165,07/11/2023,游水,沙田,,沙田,,,,,,,,游水,,
H165,07/11/2023,踱步,沙田,內圈,沙田 內圈,,,,,,助手,,快踱一圈,H,內圈 快踱一圈 (助手)
H165,06/11/2023,游水,沙田,,沙田,,,,,,,,游水,,
H165,06/11/2023,快操,沙田,全天候,沙田 全天候,,58.1,58.1,32.2 25.9,,助手,,快操,SR,32.2 25.9 (58.1) (助手)
H165,06/11/2023,踱步,沙田,飛機場,沙田 飛機場,,,,,,助手,,踱步,SR,飛機場 踱步 (助手)
H165,05/11/2023,游水,沙田,,沙田,,,,,,,,游水,,
H165,04/11/2023,游水,沙田,,沙田,,,,,,,,游水,,
H165,04/11/2023,踱步,沙田,內圈,沙田 內圈,,,,,,助手,,快踱一圈,H,內圈 快踱一圈 (助手)
H165,03/11/2023,游水,沙田,,沙田,,,,,,,,游水,,
H165,03/11/2023,踱步,沙田,內圈,沙田 內圈,,,,,,助手,,快踱一圈,H,內圈 快踱一圈 (助手)
H165,02/11/2023,踱步,沙田,飛機場,沙田 飛機場,,,,,,助手,,踱步,SR,飛機場 踱步 (助手)
H165,29/10/2023,出賽,跑馬地,草地,跑馬地 草地,2200M,,,,,潘頓,1/8,出賽,SR/TT,2200M (潘頓) (1/8)
H165,29/10/2023,踱步,沙田,飛機場,沙田 飛機場,,,,,,助手,,踱步,H,飛機場 踱步 (助手)
H165,28/10/2023,游水,沙田,,沙田,,,,,,,,游水,,
H165,28/10/2023,踱步,沙田,內圈,沙田 內圈,,,,,,助手,,快踱一圈,H,內圈 快踱一圈 (助手)
H165,27/10/2023,游水,沙田,,沙田,,,,,,,,游水,,
H165,27/10/2023,踱步,沙田,內圈,沙田 內圈,,,,,,助手,,快踱一圈,H,內圈 快踱一圈 (助手)
H165,26/10/2023,游水,沙田,,沙田,,,,,,,,游水,,
H165,26/10/2023,快操,沙田,全天候,沙田 全天候,,57.9,57.9,32.0 25.9,,潘頓,,快操,CP,32.0 25.9 (57.9) (潘頓)
H165,26/10/2023,踱步,沙田,飛機場,沙田 飛機場,,,,,,助手,,踱步,SR,飛機場 踱步 (助手)
H165,25/10/2023,游水,沙田,,沙田,,,,,,,,游水,,
H165,25/10/2023,踱步,沙田,內圈,沙田 內圈,,,,,,助手,,快踱一圈,H,內圈 快踱一圈 (助手)
H165,24/10/2023,游水,沙田,,沙田,,,,,,,,游水,,
H165,24/10/2023,踱步,沙田,內圈,沙田 內圈,,,,,,助手,,快踱一圈,H,內圈 快踱一圈 (助手)
H165,23/10/2023,游水,沙田,,沙田,,,,,,,,游水,,
H165,23/10/2023,快操,沙田,全天候,沙田 全天候,,56.6,56.6,31.1 25.5,,助手,,快操,SR,31.1 25.5 (56.6) (助手)
H165,23/10/2023,踱步,沙田,飛機場,沙田 飛機場,,,,,,助手,,踱步,PH,飛機場 踱步 (助手)
H165,22/10/2023,游水,沙田,,沙田,,,,,,,,游水,,
H165,21/10/2023,踱步,沙田,內圈,沙田 內圈,,,,,,助手,,快踱一圈,H,內圈 快踱一圈 (助手)
H165,20/10/2023,踱步,沙田,內圈,沙田 內圈,,,,,,助手,,快踱一圈,H,內圈 快踱一圈 (助手)
H165,19/10/2023,踱步,沙田,內圈,沙田 內圈,,,,,,助手,,倒快一圈,H,內圈 倒快一圈 (助手)
H165,17/10/2023,試閘,沙田,全天候,沙田 全天候,1200M,1.09.46,69.46,24.4 22.5 22.5,魅影獵飛,潘頓,,第8組,SR,第8組 (潘頓) 1200M 魅影獵飛 24.4 22.5 22.5 (1.09.46)
H165,16/10/2023,游水,沙田,,沙田,,,,,,,,游水,,
H165,16/10/2023,踱步,沙田,內圈,沙田 內圈,,,,,,助手,,倒快一圈,H,內圈 倒快一圈 (助手)
H165,15/10/2023,游水,沙田,,沙田,,,,,,,,游水,,
H165,14/10/2023,游水,沙田,,沙田,,,,,,,,游水,,
H165,14/10/2023,踱步,沙田,內圈,沙田 內圈,,,,,,助手,,快踱一圈,H,內圈 快踱一圈 (助手)
H165,13/10/2023,游水,沙田,,沙田,,,,,,,,游水,,
H165,13/10/2023,快操,沙田,全天候,沙田 全天候,,57.7,57.7,32.4 25.3,,助手,,快操,SR,32.4 25.3 (57.7) (助手)
H165,13/10/2023,踱步,沙田,飛機場,沙田 飛機場,,,,,,助手,,踱步,SR,飛機場 踱步 (助手)
H165,12/10/2023,游水,沙田,,沙田,,,,,,,,游水,,
H165,12/10/2023,踱步,沙田,內圈,沙田 內圈,,,,,,助手,,倒快一圈,H,內圈 倒快一圈 (助手)
H165,11/10/2023,游水,沙田,,沙田,,,,,,,,游水,,
H165,11/10/2023,踱步,沙田,內圈,沙田 內圈,,,,,,助手,,快踱一圈,H,內圈 快踱一圈 (助手)
H165,10/10/2023,游水,沙田,,沙田,,,,,,,,游水,,
H165,10/10/2023,踱步,沙田,內圈,沙田 內圈,,,,,,助手,,快踱一圈,H,內圈 快踱一圈 (助手)
H165,09/10/2023,游水,沙田,,沙田,,,,,,,,游水,,
H165,08/10/2023,游水,沙田,,沙田,,,,,,,,游水,,
H165,07/10/2023,游水,沙田,,沙田,,,,,,,,游水,,
H165,07/10/2023,踱步,沙田,內圈,沙田 內圈,,,,,,助手,,快踱一圈,H,內圈 快踱一圈 (助手)
H165,06/10/2023,游水,沙田,,沙田,,,,,,,,游水,,
H165,06/10/2023,踱步,沙田,內圈,沙田 內圈,,,,,,助手,,快踱一圈,H,內圈 快踱一圈 (助手)
H165,05/10/2023,游水,沙田,,沙田,,,,,,,,游水,,
H165,05/10/2023,快操,沙田,全天候,沙田 全天候,,59.7,59.7,32.8 26.9,,助手,,快操,SR,32.8 26.9 (59.7) (助手)
H165,05/10/2023,踱步,沙田,飛機場,沙田 飛機場,,,,,,助手,,踱步,SR,飛機場 踱步 (助手)
H165,04/10/2023,游水,沙田,,沙田,,,,,,,,游水,,
H165,04/10/2023,踱步,沙田,內圈,沙田 內圈,,,,,,助手,,快踱一圈,H,內圈 快踱一圈 (助手)
H165,03/10/2023,游水,沙田,,沙田,,,,,,,,游水,,
H165,03/10/2023,踱步,沙田,內圈,沙田 內圈,,,,,,助手,,快踱一圈,H,內圈 快踱一圈 (助手)
H165,02/10/2023,游水,沙田,,沙田,,,,,,,,游水,,
H165,02/10/2023,踱步,沙田,內圈,沙田 內圈,,,,,,助手,,倒快一圈,H,內圈 倒快一圈 (助手)
H165,01/10/2023,游水,沙田,,沙田,,,,,,,,游水,,
H165,01/10/2023,踱步,沙田,飛機場,沙田 飛機場,,,,,,助手,,踱步,H,飛機場 踱步 (助手)
H165,30/09/2023,游水,沙田,,沙田,,,,,,,,游水,,
H165,29/09/2023,游水,沙田,,沙田,,,,,,,,游水,,
H165,27/09/2023,出賽,跑馬地,草地,跑馬地 草地,1800M,,,,,潘頓,5/8,出賽,SR/TT,1800M (潘頓) (5/8)
H165,27/09/2023,踱步,沙田,飛機場,沙田 飛機場,,,,,,助手,,踱步,SR,飛機場 踱步 (助手)
H165,26/09/2023,踱步,沙田,內圈,沙田 內圈,,,,,,助手,,快踱一圈,H,內圈 快踱一圈 (助手)
H165,25/09/2023,游水,沙田,,沙田,,,,,,,,游水,,
H165,25/09/2023,踱步,沙田,內圈,沙田 內圈,,,,,,助手,,倒快一圈,H,內圈 倒快一圈 (助手)
H165,24/09/2023,游水,沙田,,沙田,,,,,,,,游水,,
H165,24/09/2023,快操,沙田,全天候,沙田 全天候,,58.2,58.2,32.8 25.4,,助手,,快操,H,32.8 25.4 (58.2) (助手)
H165,24/09/2023,踱步,沙田,飛機場,沙田 飛機場,,,,,,助手,,踱步,H,飛機場 踱步 (助手)
H165,23/09/2023,踱步,沙田,內圈,沙田 內圈,,,,,,助手,,快踱一圈,H,內圈 快踱一圈 (助手)
H165,22/09/2023,踱步,沙田,內圈,沙田 內圈,,,,,,助手,,快踱一圈,H,內圈 快踱一圈 (助手)
H165,21/09/2023,游水,沙田,,沙田,,,,,,,,游水,,
H165,21/09/2023,踱步,沙田,內圈,沙田 內圈,,,,,,助手,,倒快一圈,H,內圈 倒快一圈 (助手)
H165,20/09/2023,游水,沙田,,沙田,,,,,,,,游水,,
H165,19/09/2023,試閘,沙田,全天候,沙田 全天候,1200M,1.10.70,70.7,25.4 22.4 22.9,知足常樂,梁家俊,,第1組,SR,第1組 (梁家俊) 1200M 知足常樂 25.4 22.4 22.9 (1.10.70)
H165,18/09/2023,游水,沙田,,沙田,,,,,,,,游水,,
H165,18/09/2023,踱步,沙田,內圈,沙田 內圈,,,,,,助手,,倒快一圈,H,內圈 倒快一圈 (助手)
H165,17/09/2023,游水,沙田,,沙田,,,,,,,,游水,,
H165,16/09/2023,游水,沙田,,沙田,,,,,,,,游水,,
H165,16/09/2023,踱步,沙田,內圈,沙田 內圈,,,,,,助手,,快踱一圈,H,內圈 快踱一圈 (助手)
H165,15/09/2023,游水,沙田,,沙田,,,,,,,,游水,,
H165,15/09/2023,踱步,沙田,內圈,沙田 內圈,,,,,,助手,,快踱一圈,H,內圈 快踱一圈 (助手)
H165,14/09/2023,游水,沙田,,沙田,,,,,,,,游水,,
H165,14/09/2023,快操,沙田,全天候,沙田 全天候,,59.7,59.7,32.4 27.3,,助手,,快操,SR,32.4 27.3 (59.7) (助手)
H165,14/09/2023,踱步,沙田,飛機場,沙田 飛機場,,,,,,助手,,踱步,SR,飛機場 踱步 (助手)
H165,13/09/2023,游水,沙田,,沙田,,,,,,,,游水,,
H165,13/09/2023,踱步,沙田,內圈,沙田 內圈,,,,,,助手,,快踱一圈,H,內圈 快踱一圈 (助手)
H165,12/09/2023,踱步,沙田,內圈,沙田 內圈,,,,,,助手,,快踱一圈,H,內圈 快踱一圈 (助手)
H165,09/09/2023,試閘,沙田,全天候,沙田 全天候,1200M,1.10.52,70.52,24.5 22.8 23.2,幸運遇見,潘頓,,第1組,SR,第1組 (潘頓) 1200M 幸運遇見 24.5 22.8 23.2 (1.10.52)
H165,07/09/2023,游水,沙田,,沙田,,,,,,,,游水,,
H165,07/09/2023,踱步,沙田,內圈,沙田 內圈,,,,,,助手,,倒快一圈,H,內圈 倒快一圈 (助手)
H165,06/09/2023,游水,沙田,,沙田,,,,,,,,游水,,
H165,06/09/2023,踱步,沙田,內圈,沙田 內圈,,,,,,助手,,快踱一圈,H,內圈 快踱一圈 (助手)
H165,05/09/2023,游水,沙田,,沙田,,,,,,,,游水,,
H165,05/09/2023,踱步,沙田,內圈,沙田 內圈,,,,,,助手,,快踱一圈,H,內圈 快踱一圈 (助手)
H165,04/09/2023,游水,沙田,,沙田,,,,,,,,游水,,
H165,04/09/2023,踱步,沙田,內圈,沙田 內圈,,,,,,助手,,倒快一圈,H,內圈 倒快一圈 (助手)
H165,03/09/2023,游水,沙田,,沙田,,,,,,,,游水,,
H165,03/09/2023,踱步,沙田,內圈,沙田 內圈,,,,,,助手,,快踱一圈,PH,內圈 快踱一圈 (助手)
H165,31/08/2023,游水,沙田,,沙田,,,,,,,,游水,,
H165,31/08/2023,踱步,沙田,內圈,沙田 內圈,,,,,,助手,,倒快一圈,H,內圈 倒快一圈 (助手)
H165,30/08/2023,游水,沙田,,沙田,,,,,,,,游水,,
H165,29/08/2023,試閘,沙田,全天候,沙田 全天候,1200M,1.09.44,69.44,24.1 22.3 23.0,自強不息,田泰安,,第1組,SR,第1組 (田泰安) 1200M 自強不息 24.1 22.3 23.0 (1.09.44)
H165,29/08/2023,游水,沙田,,沙田,,,,,,,,游水,,
H165,28/08/2023,游水,沙田,,沙田,,,,,,,,游水,,
H165,28/08/2023,踱步,沙田,內圈,沙田 內圈,,,,,,助手,,倒快一圈,H,內圈 倒快一圈 (助手)
H165,27/08/2023,游水,沙田,,沙田,,,,,,,,游水,,
H165,26/08/2023,游水,沙田,,沙田,,,,,,,,游水,,
H165,26/08/2023,踱步,沙田,內圈,沙田 內圈,,,,,,助手,,快踱一圈,H,內圈 快踱一圈 (助手)
H165,25/08/2023,游水,沙田,,沙田,,,,,,,,游水,,
H165,25/08/2023,踱步,沙田,內圈,沙田 內圈,,,,,,助手,,快踱一圈,H,內圈 快踱一圈 (助手)
H165,24/08/2023,游水,沙田,,沙田,,,,,,,,游水,,
H165,24/08/2023,快操,沙田,全天候,沙田 全天候,,26.9,26.9,26.9,,助手,,快操,SR,26.9 (26.9) (助手)
H165,24/08/2023,踱步,沙田,飛機場,沙田 飛機場,,,,,,助手,,踱步,SR,飛機場 踱步 (助手)
H165,23/08/2023,游水,沙田,,沙田,,,,,,,,游水,,
H165,23/08/2023,踱步,沙田,內圈,沙田 內圈,,,,,,助手,,快踱一圈,H,內圈 快踱一圈 (助手)
H165,22/08/2023,游水,沙田,,沙田,,,,,,,,游水,,
H165,22/08/2023,踱步,沙田,內圈,沙田 內圈,,,,,,助手,,快踱一圈,H,內圈 快踱一圈 (助手)
H165,21/08/2023,游水,沙田,,沙田,,,,,,,,游水,,
H165,21/08/2023,快操,沙田,全天候,沙田 全天候,,58.5,58.5,32.8 25.7,,助手,,快操,SR,32.8 25.7 (58.5) (助手)
H165,21/08/2023,踱步,沙田,飛機場,沙田 飛機場,,,,,,助手,,踱步,SR,飛機場 踱步 (助手)
H165,19/08/2023,游水,沙田,,沙田,,,,,,,,游水,,
H165,19/08/2023,踱步,沙田,內圈,沙田 內圈,,,,,,助手,,快踱一圈,H,內圈 快踱一圈 (助手)
H165,18/08/2023,游水,沙田,,沙田,,,,,,,,游水,,
H165,18/08/2023,踱步,沙田,內圈,沙田 內圈,,,,,,助手,,快踱一圈,H,內圈 快踱一圈 (助手)
H165,17/08/2023,游水,沙田,,沙田,,,,,,,,游水,,
H165,17/08/2023,快操,沙田,全天候,沙田 全天候,,58.6,58.6,32.9 25.7,,助手,,快操,SR,32.9 25.7 (58.6) (助手)
H165,17/08/2023,踱步,沙田,飛機場,沙田 飛機場,,,,,,助手,,踱步,SR,飛機場 踱步 (助手)
H165,16/08/2023,游水,沙田,,沙田,,,,,,,,游水,,
H165,16/08/2023,踱步,沙田,內圈,沙田 內圈,,,,,,助手,,快踱一圈,H,內圈 快踱一圈 (助手)
H165,15/08/2023,游水,沙田,,沙田,,,,,,,,游水,,
H165,15/08/2023,踱步,沙田,內圈,沙田 內圈,,,,,,助手,,快踱一圈,H,內圈 快踱一圈 (助手)
H165,14/08/2023,游水,沙田,,沙田,,,,,,,,游水,,
H165,14/08/2023,快操,沙田,全天候,沙田 全天候,,27.2,27.2,27.2,,助手,,快操,SR,27.2 (27.2) (助手)
H165,14/08/2023,踱步,沙田,飛機場,沙田 飛機場,,,,,,助手,,踱步,SR,飛機場 踱步 (助手)
H165,13/08/2023,游水,沙田,,沙田,,,,,,,,游水,,
H165,12/08/2023,游水,沙田,,沙田,,,,,,,,游水,,
H165,12/08/2023,踱步,沙田,內圈,沙田 內圈,,,,,,助手,,快踱一圈,H,內圈 快踱一圈 (助手)
H165,11/08/2023,踱步,沙田,內圈,沙田 內圈,,,,,,助手,,快踱一圈,H,內圈 快踱一圈 (助手)
H165,10/08/2023,游水,沙田,,沙田,,,,,,,,游水,,
H165,10/08/2023,快操,沙田,全天候,沙田 全天候,,58.2,58.2,32.6 25.6,,助手,,快操,SR,32.6 25.6 (58.2) (助手)
H165,10/08/2023,踱步,沙田,飛機場,沙田 飛機場,,,,,,助手,,踱步,SR,飛機場 踱步 (助手)
H165,09/08/2023,游水,沙田,,沙田,,,,,,,,游水,,
H165,09/08/2023,踱步,沙田,內圈,沙田 內圈,,,,,,助手,,快踱一圈,H,內圈 快踱一圈 (助手)
H165,08/08/2023,游水,沙田,,沙田,,,,,,,,游水,,
H165,08/08/2023,踱步,沙田,內圈,沙田 內圈,,,,,,助手,,快踱一圈,H,內圈 快踱一圈 (助手)
H165,07/08/2023,游水,沙田,,沙田,,,,,,,,游水,,
H165,07/08/2023,快操,沙田,全天候,沙田 全天候,,27.5,27.5,27.5,,助手,,快操,H,27.5 (27.5) (助手)
H165,07/08/2023,踱步,沙田,飛機場,沙田 飛機場,,,,,,助手,,踱步,H,飛機場 踱步 (助手)
H165,06/08/2023,游水,沙田,,沙田,,,,,,,,游水,,
H165,05/08/2023,游水,沙田,,沙田,,,,,,,,游水,,
H165,04/08/2023,游水,沙田,,沙田,,,,,,,,游水,,
H165,04/08/2023,踱步,沙田,外圈,沙田 外圈,,,,,,助手,,快踱一圈,H,外圈 快踱一圈 (助手)
H165,03/08/2023,游水,沙田,,沙田,,,,,,,,游水,,
H165,03/08/2023,踱步,沙田,外圈,沙田 外圈,,,,,,助手,,快踱一圈,H,外圈 快踱一圈 (助手)
H165,02/08/2023,游水,沙田,,沙田,,,,,,,,游水,,
H165,02/08/2023,踱步,沙田,外圈,沙田 外圈,,,,,,助手,,快踱一圈,H,外圈 快踱一圈 (助手)
H165,01/08/2023,游水,沙田,,沙田,,,,,,,,游水,,
H165,01/08/2023,踱步,沙田,外圈,沙田 外圈,,,,,,助手,,快踱一圈,H,外圈 快踱一圈 (助手)
H165,31/07/2023,游水,沙田,,沙田,,,,,,,,游水,,
H165,31/07/2023,踱步,沙田,外圈,沙田 外圈,,,,,,助手,,快踱一圈,H,外圈 快踱一圈 (助手)
H165,30/07/2023,踱步,沙田,飛機場,沙田 飛機場,,,,,,助手,,踱步,H,飛機場 踱步 (助手)
H165,29/07/2023,踱步,沙田,飛機場,沙田 飛機場,,,,,,助手,,踱步,H,飛機場 踱步 (助手)
H165,28/07/2023,踱步,沙田,飛機場,沙田 飛機場,,,,,,助手,,踱步,H,飛機場 踱步 (助手)
H165,27/07/2023,踱步,沙田,飛機場,沙田 飛機場,,,,,,助手,,踱步,H,飛機場 踱步 (助手)
H165,10/07/2023,游水,沙田,,沙田,,,,,,,,游水,,
H165,09/07/2023,游水,沙田,,沙田,,,,,,,,游水,,
H165,08/07/2023,游水,沙田,,沙田,,,,,,,,游水,,
H165,07/07/2023,游水,沙田,,沙田,,,,,,,,游水,,
H165,06/07/2023,游水,沙田,,沙田,,,,,,,,游水,,
H165,05/07/2023,游水,沙田,,沙田,,,,,,,,游水,,
H165,04/07/2023,游水,沙田,,沙田,,,,,,,,游水,,
H165,03/07/2023,游水,沙田,,沙田,,,,,,,,游水,,
H165,02/07/2023,游水,沙田,,沙田,,,,,,,,游水,,
H165,01/07/2023,游水,沙田,,沙田,,,,,,,,游水,,
H165,30/06/2023,游水,沙田,,沙田,,,,,,,,游水,,
H165,28/06/2023,踱步,沙田,飛機場,沙田 飛機場,,,,,,助手,,踱步,SR,飛機場 踱步 (助手)
H165,27/06/2023,游水,沙田,,沙田,,,,,,,,游水,,
H165,27/06/2023,踱步,沙田,外圈,沙田 外圈,,,,,,助手,,快踱一圈,H,外圈 快踱一圈 (助手)
H165,26/06/2023,游水,沙田,,沙田,,,,,,,,游水,,
H165,26/06/2023,踱步,沙田,內圈,沙田 內圈,,,,,,助手,,倒快一圈,H,內圈 倒快一圈 (助手)
H165,25/06/2023,游水,沙田,,沙田,,,,,,,,游水,,
H165,25/06/2023,快操,沙田,全天候,沙田 全天候,,56.8,56.8,31.1 25.7,,助手,,錶之量子,H,31.1 25.7 (56.8) (助手) 錶之量子
H165,25/06/2023,踱步,沙田,飛機場,沙田 飛機場,,,,,,助手,,踱步,H,飛機場 踱步 (助手)
H165,24/06/2023,游水,沙田,,沙田,,,,,,,,游水,,
H165,24/06/2023,踱步,沙田,內圈,沙田 內圈,,,,,,助手,,快踱一圈,H,內圈 快踱一圈 (助手)
H165,23/06/2023,踱步,沙田,內圈,沙田 內圈,,,,,,助手,,快踱一圈,H,內圈 快踱一圈 (助手)
H165,22/06/2023,快操,沙田,草地,沙田 草地,,48.7,48.7,25.1 23.6,,副練馬師,,錶之量子,SR,25.1 23.6 (48.7) (副練馬師) 錶之量子
H165,22/06/2023,踱步,沙田,飛機場,沙田 飛機場,,,,,,副練馬師,,踱步,SR,飛機場 踱步 (副練馬師)
H165,21/06/2023,游水,沙田,,沙田,,,,,,,,游水,,
H165,21/06/2023,踱步,沙田,內圈,沙田 內圈,,,,,,助手,,快踱一圈,H,內圈 快踱一圈 (助手)
H165,20/06/2023,游水,沙田,,沙田,,,,,,,,游水,,
H165,20/06/2023,快操,沙田,全天候,沙田 全天候,,31.0,31.0,31.0,,助手,,快操,SR,31.0 (31.0) (助手)
H165,20/06/2023,踱步,沙田,飛機場,沙田 飛機場,,,,,,助手,,踱步,SR,飛機場 踱步 (助手)
H165,19/06/2023,踱步,沙田,內圈,沙田 內圈,,,,,,助手,,倒快一圈,H,內圈 倒快一圈 (助手)
H165,18/06/2023,游水,沙田,,沙田,,,,,,,,游水,,
H165,17/06/2023,游水,沙田,,沙田,,,,,,,,游水,,
H165,17/06/2023,踱步,沙田,內圈,沙田 內圈,,,,,,助手,,快踱一圈,H,內圈 快踱一圈 (助手)
H165,16/06/2023,游水,沙田,,沙田,,,,,,,,游水,,
H165,16/06/2023,踱步,沙田,內圈,沙田 內圈,,,,,,助手,,快踱一圈,H,內圈 快踱一圈 (助手)
H165,15/06/2023,游水,沙田,,沙田,,,,,,,,游水,,
H165,15/06/2023,快操,沙田,全天候,沙田 全天候,,58.6,58.6,31.4 27.2,,助手,,快操,SR,31.4 27.2 (58.6) (助手)
H165,15/06/2023,踱步,沙田,飛機場,沙田 飛機場,,,,,,助手,,踱步,SR,飛機場 踱步 (助手)
H165,14/06/2023,游水,沙田,,沙田,,,,,,,,游水,,
H165,14/06/2023,踱步,沙田,內圈,沙田 內圈,,,,,,助手,,快踱一圈,H,內圈 快踱一圈 (助手)
H165,13/06/2023,游水,沙田,,沙田,,,,,,,,游水,,
H165,13/06/2023,踱步,沙田,內圈,沙田 內圈,,,,,,助手,,快踱一圈,H,內圈 快踱一圈 (助手)
H165,12/06/2023,游水,沙田,,沙田,,,,,,,,游水,,
H165,12/06/2023,踱步,沙田,內圈,沙田 內圈,,,,,,助手,,倒快一圈,H,內圈 倒快一圈 (助手)
H165,11/06/2023,游水,沙田,,沙田,,,,,,,,游水,,
H165,11/06/2023,踱步,沙田,飛機場,沙田 飛機場,,,,,,助手,,踱步,H,飛機場 踱步 (助手)
H165,10/06/2023,游水,沙田,,沙田,,,,,,,,游水,,
H165,07/06/2023,踱步,沙田,飛機場,沙田 飛機場,,,,,,副練馬師,,踱步,SR,飛機場 踱步 (副練馬師)
H165,06/06/2023,踱步,沙田,內圈,沙田 內圈,,,,,,助手,,快踱一圈,H,內圈 快踱一圈 (助手)
H165,05/06/2023,踱步,沙田,內圈,沙田 內圈,,,,,,助手,,倒快一圈,H,內圈 倒快一圈 (助手)
H165,04/06/2023,快操,沙田,全天候,沙田 全天候,,57.8,57.8,32.4 25.4,,助手,,快操,H,32.4 25.4 (57.8) (助手)
H165,04/06/2023,踱步,沙田,飛機場,沙田 飛機場,,,,,,助手,,踱步,H,飛機場 踱步 (助手)
H165,03/06/2023,踱步,沙田,內圈,沙田 內圈,,,,,,助手,,快踱一圈,H,內圈 快踱一圈 (助手)
H165,02/06/2023,踱步,沙田,內圈,沙田 內圈,,,,,,助手,,快踱一圈,H,內圈 快踱一圈 (助手)
H165,01/06/2023,快操,沙田,全天候,沙田 全天候,,57.7,57.7,31.1 26.6,,田泰安,,快操,SR,31.1 26.6 (57.7) (田泰安)
H165,01/06/2023,踱步,沙田,飛機場,沙田 飛機場,,,,,,助手,,踱步,SR,飛機場 踱步 (助手)
H165,31/05/2023,踱步,沙田,內圈,沙田 內圈,,,,,,助手,,快踱一圈,H,內圈 快踱一圈 (助手)
H165,30/05/2023,踱步,沙田,內圈,沙田 內圈,,,,,,助手,,快踱一圈,H,內圈 快踱一圈 (助手)
H165,29/05/2023,快操,沙田,全天候,沙田 全天候,,57.6,57.6,31.7 25.9,,助手,,快操,SR,31.7 25.9 (57.6) (助手)
H165,29/05/2023,踱步,沙田,飛機場,沙田 飛機場,,,,,,助手,,踱步,SR,飛機場 踱步 (助手)
H165,27/05/2023,踱步,沙田,內圈,沙田 內圈,,,,,,助手,,快踱一圈,H,內圈 快踱一圈 (助手)
H165,26/05/2023,踱步,沙田,內圈,沙田 內圈,,,,,,助手,,快踱一圈,H,內圈 快踱一圈 (助手)
H165,25/05/2023,快操,沙田,全天候,沙田 全天候,,58.4,58.4,31.2 27.2,,助手,,快操,SR,31.2 27.2 (58.4) (助手)
H165,24/05/2023,踱步,沙田,內圈,沙田 內圈,,,,,,助手,,快踱一圈,H,內圈 快踱一圈 (助手)
H165,23/05/2023,踱步,沙田,內圈,沙田 內圈,,,,,,助手,,快踱一圈,H,內圈 快踱一圈 (助手)
H165,22/05/2023,踱步,沙田,內圈,沙田 內圈,,,,,,助手,,倒快一圈,H,內圈 倒快一圈 (助手)
H165,21/05/2023,踱步,沙田,飛機場,沙田 飛機場,,,,,,助手,,踱步,H,飛機場 踱步 (助手)
H165,17/05/2023,踱步,沙田,飛機場,沙田 飛機場,,,,,,助手,,踱步,SR,飛機場 踱步 (助手)
H165,16/05/2023,踱步,沙田,內圈,沙田 內圈,,,,,,助手,,快踱一圈,H,內圈 快踱一圈 (助手)
H165,15/05/2023,踱步,沙田,內圈,沙田 內圈,,,,,,助手,,倒快一圈,H,內圈 倒快一圈 (助手)
H165,14/05/2023,快操,沙田,全天候,沙田 全天候,,59.9,59.9,33.3 26.6,,助手,,快操,H,33.3 26.6 (59.9) (助手)
H165,13/05/2023,踱步,沙田,內圈,沙田 內圈,,,,,,助手,,快踱一圈,H,內圈 快踱一圈 (助手)
H165,12/05/2023,踱步,沙田,內圈,沙田 內圈,,,,,,助手,,快踱一圈,H,內圈 快踱一圈 (助手)
H165,11/05/2023,踱步,沙田,內圈,沙田 內圈,,,,,,助手,,倒快一圈,H,內圈 倒快一圈 (助手)
H165,09/05/2023,試閘,沙田,全天候,沙田 全天候,1200M,1.09.84,69.84,24.3 22.3 23.2,綠色有料,田泰安,,第10組,SR,第10組 (田泰安) 1200M 綠色有料 24.3 22.3 23.2 (1.09.84)
H165,08/05/2023,踱步,沙田,內圈,沙田 內圈,,,,,,助手,,倒快一圈,H,內圈 倒快一圈 (助手)
H165,06/05/2023,踱步,沙田,內圈,沙田 內圈,,,,,,助手,,快踱一圈,H,內圈 快踱一圈 (助手)
H165,05/05/2023,踱步,沙田,內圈,沙田 內圈,,,,,,助手,,快踱一圈,H,內圈 快踱一圈 (助手)
H165,04/05/2023,快操,沙田,全天候,沙田 全天候,,1.00.1,60.1,34.1 26.0,,助手,,快操,SR,34.1 26.0 (1.00.1) (助手)
H165,04/05/2023,踱步,沙田,飛機場,沙田 飛機場,,,,,,助手,,踱步,SR,飛機場 踱步 (助手)
H165,03/05/2023,踱步,沙田,內圈,沙田 內圈,,,,,,助手,,快踱一圈,H,內圈 快踱一圈 (助手)
H165,01/05/2023,快操,沙田,全天候,沙田 全天候,,58.6,58.6,33.2 25.4,,助手,,快操,SR,33.2 25.4 (58.6) (助手)
H165,01/05/2023,踱步,沙田,飛機場,沙田 飛機場,,,,,,助手,,踱步,SR,飛機場 踱步 (助手)
H165,29/04/2023,踱步,沙田,內圈,沙田 內圈,,,,,,助手,,快踱一圈,H,內圈 快踱一圈 (助手)
H165,28/04/2023,快操,沙田,草地,沙田 草地,,57.7,57.7,32.0 25.7,,助手,,龍鼓飛揚,SR,32.0 25.7 (57.7) (助手) 龍鼓飛揚
H165,28/04/2023,踱步,沙田,飛機場,沙田 飛機場,,,,,,助手,,踱步,SR,飛機場 踱步 (助手)
H165,27/04/2023,踱步,沙田,內圈,沙田 內圈,,,,,,助手,,倒快一圈,H,內圈 倒快一圈 (助手)
H165,26/04/2023,踱步,沙田,內圈,沙田 內圈,,,,,,助手,,快踱一圈,H,內圈 快踱一圈 (助手)
H165,24/04/2023,游水,沙田,,沙田,,,,,,,,游水,,
H165,24/04/2023,踱步,沙田,內圈,沙田 內圈,,,,,,助手,,倒快兩圈,H,內圈 倒快兩圈 (助手)
H165,23/04/2023,踱步,沙田,內圈,沙田 內圈,,,,,,助手,,快踱一圈,H,內圈 快踱一圈 (助手)
H165,18/04/2023,踱步,沙田,內圈,沙田 內圈,,,,,,助手,,快踱一圈,H,內圈 快踱一圈 (助手)
H165,17/04/2023,踱步,沙田,內圈,沙田 內圈,,,,,,助手,,倒快兩圈,H,內圈 倒快兩圈 (助手)
H165,16/04/2023,踱步,沙田,內圈,沙田 內圈,,,,,,助手,,快踱一圈,H,內圈 快踱一圈 (助手)
H165,15/04/2023,踱步,沙田,內圈,沙田 內圈,,,,,,助手,,快踱一圈,H,內圈 快踱一圈 (助手)
H165,14/04/2023,踱步,沙田,內圈,沙田 內圈,,,,,,助手,,快踱一圈,SR,內圈 快踱一圈 (助手)
H165,13/04/2023,踱步,沙田,內圈,沙田 內圈,,,,,,助手,,倒快兩圈,H,內圈 倒快兩圈 (助手)
H165,12/04/2023,踱步,沙田,奧運踱步圈,沙田 奧運踱步圈,,,,,,助手,,踱步,,奧運踱步圈 踱步 (助手)
H165,08/04/2023,踱步,沙田,內圈,沙田 內圈,,,,,,助手,,快踱一圈,H,內圈 快踱一圈 (助手)
H165,07/04/2023,踱步,沙田,內圈,沙田 內圈,,,,,,助手,,快踱一圈,H,內圈 快踱一圈 (助手)
H165,06/04/2023,快操,沙田,全天候,沙田 全天候,,56.2,56.2,30.6 25.6,,助手,,天火同人,B,30.6 25.6 (56.2) (助手) 天火同人
H165,05/04/2023,踱步,沙田,內圈,沙田 內圈,,,,,,助手,,快踱一圈,H,內圈 快踱一圈 (助手)
H165,04/04/2023,踱步,沙田,內圈,沙田 內圈,,,,,,助手,,快踱一圈,H,內圈 快踱一圈 (助手)
H165,03/04/2023,踱步,沙田,內圈,沙田 內圈,,,,,,助手,,倒快兩圈,H,內圈 倒快兩圈 (助手)
H165,02/04/2023,踱步,沙田,內圈,沙田 內圈,,,,,,助手,,快踱一圈,H,內圈 快踱一圈 (助手)
H165,31/03/2023,試閘,沙田,全天候,沙田 全天候,1200M,1.10.85,70.85,24.3 22.7 23.8,亞機拉,希威森,,第3組,B,第3組 (希威森) 1200M 亞機拉 24.3 22.7 23.8 (1.10.85)
H165,30/03/2023,游水,沙田,,沙田,,,,,,,,游水,,
H165,30/03/2023,踱步,沙田,內圈,沙田 內圈,,,,,,助手,,倒快一圈,H,內圈 倒快一圈 (助手)
H165,28/03/2023,快操,沙田,全天候,沙田 全天候,,55.3,55.3,30.1 25.2,,助手,,快操,,30.1 25.2 (55.3) (助手)
H165,27/03/2023,踱步,沙田,內圈,沙田 內圈,,,,,,助手,,倒快一圈,H,內圈 倒快一圈 (助手)
H165,26/03/2023,踱步,沙田,內圈,沙田 內圈,,,,,,助手,,快踱一圈,H,內圈 快踱一圈 (助手)
H165,25/03/2023,踱步,沙田,內圈,沙田 內圈,,,,,,助手,,快踱一圈,H,內圈 快踱一圈 (助手)
H165,24/03/2023,踱步,沙田,內圈,沙田 內圈,,,,,,助手,,快踱一圈,H,內圈 快踱一圈 (助手)
H165,23/03/2023,踱步,沙田,內圈,沙田 內圈,,,,,,助手,,倒快一圈,H,內圈 倒快一圈 (助手)
H165,22/03/2023,游水,沙田,,沙田,,,,,,,,游水,,
H165,22/03/2023,踱步,沙田,內圈,沙田 內圈,,,,,,助手,,快踱一圈,H,內圈 快踱一圈 (助手)
H165,21/03/2023,游水,沙田,,沙田,,,,,,,,游水,,
H165,21/03/2023,踱步,沙田,內圈,沙田 內圈,,,,,,助手,,快踱一圈,H,內圈 快踱一圈 (助手)
H165,20/03/2023,游水,沙田,,沙田,,,,,,,,游水,,
H165,20/03/2023,踱步,沙田,內圈,沙田 內圈,,,,,,助手,,倒快兩圈,H,內圈 倒快兩圈 (助手)
H165,19/03/2023,游水,沙田,,沙田,,,,,,,,游水,,
H165,18/03/2023,游水,沙田,,沙田,,,,,,,,游水,,
H165,18/03/2023,快操,沙田,全天候,沙田 全天候,,55.9,55.9,29.7 26.2,,希威森,,都靈太陽,B,29.7 26.2 (55.9) (希威森) 都靈太陽
H165,17/03/2023,游水,沙田,,沙田,,,,,,,,游水,,
H165,17/03/2023,踱步,沙田,內圈,沙田 內圈,,,,,,助手,,快踱一圈,H,內圈 快踱一圈 (助手)
H165,16/03/2023,游水,沙田,,沙田,,,,,,,,游水,,
H165,16/03/2023,踱步,沙田,內圈,沙田 內圈,,,,,,助手,,倒快兩圈,H,內圈 倒快兩圈 (助手)
H165,15/03/2023,游水,沙田,,沙田,,,,,,,,游水,,
H165,15/03/2023,踱步,沙田,內圈,沙田 內圈,,,,,,助手,,快踱一圈,H,內圈 快踱一圈 (助手)
H165,14/03/2023,游水,沙田,,沙田,,,,,,,,游水,,
H165,14/03/2023,踱步,沙田,內圈,沙田 內圈,,,,,,助手,,快踱一圈,H,內圈 快踱一圈 (助手)
H165,13/03/2023,游水,沙田,,沙田,,,,,,,,游水,,
H165,12/03/2023,游水,沙田,,沙田,,,,,,,,游水,,
H165,12/03/2023,快操,沙田,全天候,沙田 全天候,,57.0,57.0,31.4 25.6,,助手,,自來金,H,31.4 25.6 (57.0) (助手) 自來金
H165,11/03/2023,游水,沙田,,沙田,,,,,,,,游水,,
H165,11/03/2023,踱步,沙田,內圈,沙田 內圈,,,,,,助手,,快踱一圈,H,內圈 快踱一圈 (助手)
H165,10/03/2023,游水,沙田,,沙田,,,,,,,,游水,,
H165,10/03/2023,踱步,沙田,內圈,沙田 內圈,,,,,,助手,,快踱一圈,H,內圈 快踱一圈 (助手)
H165,09/03/2023,游水,沙田,,沙田,,,,,,,,游水,,
H165,09/03/2023,踱步,沙田,內圈,沙田 內圈,,,,,,助手,,倒快一圈,H,內圈 倒快一圈 (助手)
H165,08/03/2023,游水,沙田,,沙田,,,,,,,,游水,,
H165,07/03/2023,試閘,沙田,草地,沙田 草地,1000M,0.57.92,57.92,14.1 21.6 22.2,加州星球,希威森,,第1組,B,第1組 (希威森) 1000M 加州星球 14.1 21.6 22.2 (0.57.92)
H165,07/03/2023,游水,沙田,,沙田,,,,,,,,游水,,
H165,06/03/2023,游水,沙田,,沙田,,,,,,,,游水,,
H165,06/03/2023,踱步,沙田,內圈,沙田 內圈,,,,,,助手,,倒快兩圈,PH,內圈 倒快兩圈 (助手)
H165,05/03/2023,游水,沙田,,沙田,,,,,,,,游水,,
H165,05/03/2023,踱步,沙田,內圈,沙田 內圈,,,,,,助手,,快踱一圈,H,內圈 快踱一圈 (助手)
H165,04/03/2023,游水,沙田,,沙田,,,,,,,,游水,,
H165,03/03/2023,游水,沙田,,沙田,,,,,,,,游水,,
H165,03/03/2023,快操,沙田,全天候,沙田 全天候,,55.7,55.7,29.2 26.5,,希威森,,快操,SR,29.2 26.5 (55.7) (希威森)
H165,02/03/2023,游水,沙田,,沙田,,,,,,,,游水,,
H165,02/03/2023,踱步,沙田,內圈,沙田 內圈,,,,,,助手,,倒快一圈,H,內圈 倒快一圈 (助手)
H165,01/03/2023,游水,沙田,,沙田,,,,,,,,游水,,
H165,01/03/2023,踱步,沙田,內圈,沙田 內圈,,,,,,助手,,快踱一圈,H,內圈 快踱一圈 (助手)
H165,28/02/2023,游水,沙田,,沙田,,,,,,,,游水,,
H165,27/02/2023,游水,沙田,,沙田,,,,,,,,游水,,
H165,27/02/2023,快操,沙田,全天候,沙田 全天候,,1.25.8,85.8,29.2 29.8 26.8,,希威森,,快操,SR,29.2 29.8 26.8 (1.25.8) (希威森)
H165,26/02/2023,游水,沙田,,沙田,,,,,,,,游水,,
H165,26/02/2023,踱步,沙田,內圈,沙田 內圈,,,,,,助手,,快踱一圈,H,內圈 快踱一圈 (助手)
H165,25/02/2023,游水,沙田,,沙田,,,,,,,,游水,,
H165,25/02/2023,踱步,沙田,內圈,沙田 內圈,,,,,,助手,,快踱一圈,H,內圈 快踱一圈 (助手)
H165,24/02/2023,游水,沙田,,沙田,,,,,,,,游水,,
H165,24/02/2023,踱步,沙田,內圈,沙田 內圈,,,,,,助手,,快踱一圈,H,內圈 快踱一圈 (助手)
H165,23/02/2023,游水,沙田,,沙田,,,,,,,,游水,,
H165,23/02/2023,踱步,沙田,內圈,沙田 內圈,,,,,,助手,,倒快兩圈,H,內圈 倒快兩圈 (助手)
H165,22/02/2023,游水,沙田,,沙田,,,,,,,,游水,,
H165,22/02/2023,踱步,沙田,內圈,沙田 內圈,,,,,,助手,,快踱一圈,H,內圈 快踱一圈 (助手)
H165,21/02/2023,游水,沙田,,沙田,,,,,,,,游水,,
H165,20/02/2023,游水,沙田,,沙田,,,,,,,,游水,,
H165,20/02/2023,快操,沙田,全天候,沙田 全天候,,54.5,54.5,29.3 25.2,,助手,,快操,,29.3 25.2 (54.5) (助手)
H165,19/02/2023,游水,沙田,,沙田,,,,,,,,游水,,
H165,19/02/2023,踱步,沙田,內圈,沙田 內圈,,,,,,助手,,快踱一圈,H,內圈 快踱一圈 (助手)
H165,18/02/2023,游水,沙田,,沙田,,,,,,,,游水,,
H165,18/02/2023,踱步,沙田,內圈,沙田 內圈,,,,,,助手,,快踱一圈,H,內圈 快踱一圈 (助手)
H165,17/02/2023,游水,沙田,,沙田,,,,,,,,游水,,
H165,17/02/2023,踱步,沙田,內圈,沙田 內圈,,,,,,助手,,快踱一圈,H,內圈 快踱一圈 (助手)
H165,16/02/2023,游水,沙田,,沙田,,,,,,,,游水,,
H165,16/02/2023,踱步,沙田,內圈,沙田 內圈,,,,,,助手,,倒快一圈,H,內圈 倒快一圈 (助手)
H165,15/02/2023,游水,沙田,,沙田,,,,,,,,游水,,
H165,15/02/2023,踱步,沙田,內圈,沙田 內圈,,,,,,助手,,快踱一圈,H,內圈 快踱一圈 (助手)
H165,14/02/2023,游水,沙田,,沙田,,,,,,,,游水,,
H165,13/02/2023,游水,沙田,,沙田,,,,,,,,游水,,
H165,13/02/2023,快操,沙田,全天候,沙田 全天候,,1.26.6,86.6,30.6 29.4 26.6,,希威森,,快操,,30.6 29.4 26.6 (1.26.6) (希威森) (伴跳馬)
H165,12/02/2023,游水,沙田,,沙田,,,,,,,,游水,,
H165,11/02/2023,游水,沙田,,沙田,,,,,,,,游水,,
H165,11/02/2023,踱步,沙田,內圈,沙田 內圈,,,,,,助手,,快踱一圈,H,內圈 快踱一圈 (助手)
H165,10/02/2023,游水,沙田,,沙田,,,,,,,,游水,,
H165,10/02/2023,踱步,沙田,內圈,沙田 內圈,,,,,,助手,,快踱一圈,H,內圈 快踱一圈 (助手)
H165,09/02/2023,游水,沙田,,沙田,,,,,,,,游水,,
H165,09/02/2023,踱步,沙田,內圈,沙田 內圈,,,,,,助手,,倒快兩圈,H,內圈 倒快兩圈 (助手)
H165,08/02/2023,游水,沙田,,沙田,,,,,,,,游水,,
H165,07/02/2023,游水,沙田,,沙田,,,,,,,,游水,,
H165,07/02/2023,快操,沙田,全天候,沙田 全天候,,56.1,56.1,28.5 27.6,,助手,,快操,,28.5 27.6 (56.1) (助手)
H165,06/02/2023,游水,沙田,,沙田,,,,,,,,游水,,
H165,05/02/2023,游水,沙田,,沙田,,,,,,,,游水,,
H165,05/02/2023,踱步,沙田,內圈,沙田 內圈,,,,,,助手,,快踱一圈,H,內圈 快踱一圈 (助手)
H165,04/02/2023,游水,沙田,,沙田,,,,,,,,游水,,
H165,04/02/2023,踱步,沙田,內圈,沙田 內圈,,,,,,助手,,快踱一圈,H,內圈 快踱一圈 (助手)
H165,03/02/2023,游水,沙田,,沙田,,,,,,,,游水,,
H165,03/02/2023,踱步,沙田,內圈,沙田 內圈,,,,,,助手,,快踱一圈,H,內圈 快踱一圈 (助手)
H165,02/02/2023,游水,沙田,,沙田,,,,,,,,游水,,
H165,01/02/2023,游水,沙田,,沙田,,,,,,,,游水,,
H165,01/02/2023,快操,沙田,全天候,沙田 全天候,,55.9,55.9,30.0 25.9,,助手,,快操,,30.0 25.9 (55.9) (助手)
H165,31/01/2023,游水,沙田,,沙田,,,,,,,,游水,,
H165,31/01/2023,踱步,沙田,內圈,沙田 內圈,,,,,,助手,,快踱一圈,H,內圈 快踱一圈 (助手)
H165,30/01/2023,游水,沙田,,沙田,,,,,,,,游水,,
H165,30/01/2023,踱步,沙田,內圈,沙田 內圈,,,,,,助手,,倒快一圈,H,內圈 倒快一圈 (助手)
H165,29/01/2023,游水,沙田,,沙田,,,,,,,,游水,,
H165,29/01/2023,踱步,沙田,內圈,沙田 內圈,,,,,,助手,,快踱一圈,H,內圈 快踱一圈 (助手)
H165,28/01/2023,游水,沙田,,沙田,,,,,,,,游水,,
H165,28/01/2023,踱步,沙田,內圈,沙田 內圈,,,,,,助手,,快踱一圈,H,內圈 快踱一圈 (助手)
H165,27/01/2023,游水,沙田,,沙田,,,,,,,,游水,,
H165,26/01/2023,游水,沙田,,沙田,,,,,,,,游水,,
H165,23/01/2023,游水,沙田,,沙田,,,,,,,,游水,,
H165,23/01/2023,踱步,沙田,內圈,沙田 內圈,,,,,,助手,,倒快兩圈,H,內圈 倒快兩圈 (助手)
H165,21/01/2023,游水,沙田,,沙田,,,,,,,,游水,,
H165,21/01/2023,快操,沙田,全天候,沙田 全天候,,57.4,57.4,31.3 26.1,,助手,,快操,B,31.3 26.1 (57.4) (助手)
H165,20/01/2023,游水,沙田,,沙田,,,,,,,,游水,,
H165,20/01/2023,踱步,沙田,內圈,沙田 內圈,,,,,,助手,,快踱一圈,H,內圈 快踱一圈 (助手)
H165,19/01/2023,游水,沙田,,沙田,,,,,,,,游水,,
H165,19/01/2023,踱步,沙田,內圈,沙田 內圈,,,,,,助手,,倒快兩圈,H,內圈 倒快兩圈 (助手)
H165,18/01/2023,游水,沙田,,沙田,,,,,,,,游水,,
H165,17/01/2023,快操,沙田,草地,沙田 草地,,1.29.3,89.3,32.9 31.9 24.5,,助手,,將王,SR,32.9 31.9 24.5 (1.29.3) (助手) 將王
H165,16/01/2023,游水,沙田,,沙田,,,,,,,,游水,,
H165,16/01/2023,踱步,沙田,內圈,沙田 內圈,,,,,,助手,,倒快兩圈,H,內圈 倒快兩圈 (助手)
H165,15/01/2023,游水,沙田,,沙田,,,,,,,,游水,,
H165,15/01/2023,踱步,沙田,內圈,沙田 內圈,,,,,,助手,,快踱一圈,H,內圈 快踱一圈 (助手)
H165,14/01/2023,游水,沙田,,沙田,,,,,,,,游水,,
H165,14/01/2023,踱步,沙田,內圈,沙田 內圈,,,,,,助手,,快踱一圈,H,內圈 快踱一圈 (助手)
H165,13/01/2023,游水,沙田,,沙田,,,,,,,,游水,,
H165,12/01/2023,游水,沙田,,沙田,,,,,,,,游水,,
H165,12/01/2023,快操,沙田,全天候,沙田 全天候,,57.1,57.1,31.0 26.1,,助手,,快操,H,31.0 26.1 (57.1) (助手)
H165,11/01/2023,游水,沙田,,沙田,,,,,,,,游水,,
H165,11/01/2023,踱步,沙田,內圈,沙田 內圈,,,,,,助手,,快踱一圈,H,內圈 快踱一圈 (助手)
H165,10/01/2023,游水,沙田,,沙田,,,,,,,,游水,,
H165,10/01/2023,踱步,沙田,內圈,沙田 內圈,,,,,,助手,,快踱一圈,H,內圈 快踱一圈 (助手)
H165,09/01/2023,游水,沙田,,沙田,,,,,,,,游水,,
H165,09/01/2023,踱步,沙田,內圈,沙田 內圈,,,,,,助手,,倒快一圈,H,內圈 倒快一圈 (助手)
H165,08/01/2023,游水,沙田,,沙田,,,,,,,,游水,,
H165,08/01/2023,踱步,沙田,內圈,沙田 內圈,,,,,,助手,,快踱一圈,H,內圈 快踱一圈 (助手)
H165,07/01/2023,游水,沙田,,沙田,,,,,,,,游水,,
H165,06/01/2023,試閘,沙田,全天候,沙田 全天候,1200M,1.11.16,71.16,24.7 22.8 23.6,勇戰神駒,班德禮,,第1組,B,第1組 (班德禮) 1200M 勇戰神駒 24.7 22.8 23.6 (1.11.16)
H165,05/01/2023,游水,沙田,,沙田,,,,,,,,游水,,
H165,04/01/2023,踱步,沙田,奧運踱步圈,沙田 奧運踱步圈,,,,,,助手,,踱步,,奧運踱步圈 踱步 (助手)
H165,03/01/2023,游水,沙田,,沙田,,,,,,,,游水,,
H165,03/01/2023,快操,沙田,全天候,沙田 全天候,,57.2,57.2,30.7 26.5,,助手,,高韻,B,30.7 26.5 (57.2) (助手) 高韻
H165,02/01/2023,游水,沙田,,沙田,,,,,,,,游水,,
H165,02/01/2023,踱步,沙田,內圈,沙田 內圈,,,,,,助手,,倒快兩圈,H,內圈 倒快兩圈 (助手)
H165,01/01/2023,游水,沙田,,沙田,,,,,,,,游水,,
H165,01/01/2023,踱步,沙田,內圈,沙田 內圈,,,,,,助手,,快踱一圈,H,內圈 快踱一圈 (助手)
H165,31/12/2022,游水,沙田,,沙田,,,,,,,,游水,,
H165,31/12/2022,踱步,沙田,內圈,沙田 內圈,,,,,,助手,,快踱一圈,H,內圈 快踱一圈 (助手)
H165,30/12/2022,游水,沙田,,沙田,,,,,,,,游水,,
H165,30/12/2022,踱步,沙田,內圈,沙田 內圈,,,,,,助手,,快踱一圈,H,內圈 快踱一圈 (助手)
H165,29/12/2022,游水,沙田,,沙田,,,,,,,,游水,,
H165,28/12/2022,游水,沙田,,沙田,,,,,,,,游水,,
H165,28/12/2022,快操,沙田,全天候,沙田 全天候,,55.3,55.3,30.1 25.2,,助手,,吉龍,B,30.1 25.2 (55.3) (助手) 吉龍
H165,27/12/2022,游水,沙田,,沙田,,,,,,,,游水,,
H165,27/12/2022,踱步,沙田,內圈,沙田 內圈,,,,,,助手,,快踱一圈,H,內圈 快踱一圈 (助手)
H165,26/12/2022,游水,沙田,,沙田,,,,,,,,游水,,
H165,26/12/2022,踱步,沙田,內圈,沙田 內圈,,,,,,助手,,倒快一圈,H,內圈 倒快一圈 (助手)
H165,25/12/2022,游水,沙田,,沙田,,,,,,,,游水,,
H165,25/12/2022,踱步,沙田,內圈,沙田 內圈,,,,,,助手,,快踱一圈,H,內圈 快踱一圈 (助手)
H165,24/12/2022,游水,沙田,,沙田,,,,,,,,游水,,
H165,23/12/2022,試閘,跑馬地,草地,跑馬地 草地,1200M,1.11.45,71.45,25.2 22.6 23.6,卓諾人生,田泰安,,第3組,SR,第3組 (田泰安) 1200M 卓諾人生 25.2 22.6 23.6 (1.11.45)
H165,22/12/2022,游水,沙田,,沙田,,,,,,,,游水,,
H165,22/12/2022,踱步,沙田,內圈,沙田 內圈,,,,,,助手,,倒快兩圈,H,內圈 倒快兩圈 (助手)
H165,21/12/2022,游水,沙田,,沙田,,,,,,,,游水,,
H165,21/12/2022,踱步,沙田,內圈,沙田 內圈,,,,,,助手,,快踱一圈,H,內圈 快踱一圈 (助手)
H165,20/12/2022,游水,沙田,,沙田,,,,,,,,游水,,
H165,20/12/2022,踱步,沙田,內圈,沙田 內圈,,,,,,助手,,快踱一圈,H,內圈 快踱一圈 (助手)
H165,19/12/2022,游水,沙田,,沙田,,,,,,,,游水,,
H165,19/12/2022,快操,沙田,全天候,沙田 全天候,,58.6,58.6,32.4 26.2,,助手,,快操,SR,32.4 26.2 (58.6) (助手)
H165,18/12/2022,游水,沙田,,沙田,,,,,,,,游水,,
H165,18/12/2022,踱步,沙田,內圈,沙田 內圈,,,,,,助手,,快踱一圈,H,內圈 快踱一圈 (助手)
H165,17/12/2022,游水,沙田,,沙田,,,,,,,,游水,,
H165,17/12/2022,踱步,沙田,內圈,沙田 內圈,,,,,,助手,,快踱一圈,H,內圈 快踱一圈 (助手)
H165,16/12/2022,游水,沙田,,沙田,,,,,,,,游水,,
H165,16/12/2022,踱步,沙田,內圈,沙田 內圈,,,,,,助手,,快踱一圈,H,內圈 快踱一圈 (助手)
H165,15/12/2022,游水,沙田,,沙田,,,,,,,,游水,,
H165,15/12/2022,踱步,沙田,內圈,沙田 內圈,,,,,,助手,,倒快兩圈,H,內圈 倒快兩圈 (助手)
H165,14/12/2022,游水,沙田,,沙田,,,,,,,,游水,,
H165,13/12/2022,試閘,沙田,草地,沙田 草地,800M,0.46.51,46.51,24.4 22.1,好友寶,麥利奧,,第6組,SR,第6組 (麥利奧) 800M 好友寶 24.4 22.1 (0.46.51)
H165,12/12/2022,游水,沙田,,沙田,,,,,,,,游水,,
H165,12/12/2022,踱步,沙田,內圈,沙田 內圈,,,,,,助手,,倒快兩圈,H,內圈 倒快兩圈 (助手)
H165,11/12/2022,游水,沙田,,沙田,,,,,,,,游水,,
H165,11/12/2022,踱步,沙田,內圈,沙田 內圈,,,,,,助手,,快踱一圈,H,內圈 快踱一圈 (助手)
H165,10/12/2022,游水,沙田,,沙田,,,,,,,,游水,,
H165,10/12/2022,快操,沙田,全天候,沙田 全天候,,57.4,57.4,31.3 26.1,,助手,,進力之城,SR,31.3 26.1 (57.4) (助手) 進力之城
H165,09/12/2022,游水,沙田,,沙田,,,,,,,,游水,,
H165,09/12/2022,踱步,沙田,內圈,沙田 內圈,,,,,,助手,,快踱一圈,H,內圈 快踱一圈 (助手)
H165,08/12/2022,游水,沙田,,沙田,,,,,,,,游水,,
H165,08/12/2022,踱步,沙田,內圈,沙田 內圈,,,,,,助手,,倒快兩圈,H,內圈 倒快兩圈 (助手)
H165,07/12/2022,游水,沙田,,沙田,,,,,,,,游水,,
H165,06/12/2022,游水,沙田,,沙田,,,,,,,,游水,,
H165,06/12/2022,快操,沙田,全天候,沙田 全天候,,54.2,54.2,28.5 25.7,,助手,,快操,,28.5 25.7 (54.2) (助手)
H165,05/12/2022,游水,沙田,,沙田,,,,,,,,游水,,
H165,05/12/2022,踱步,沙田,內圈,沙田 內圈,,,,,,助手,,倒快兩圈,H,內圈 倒快兩圈 (助手)
H165,04/12/2022,游水,沙田,,沙田,,,,,,,,游水,,
H165,04/12/2022,踱步,沙田,內圈,沙田 內圈,,,,,,助手,,快踱一圈,H,內圈 快踱一圈 (助手)
H165,03/12/2022,游水,沙田,,沙田,,,,,,,,游水,,
H165,03/12/2022,踱步,沙田,內圈,沙田 內圈,,,,,,助手,,快踱一圈,H,內圈 快踱一圈 (助手)
H165,02/12/2022,游水,沙田,,沙田,,,,,,,,游水,,
H165,02/12/2022,踱步,沙田,內圈,沙田 內圈,,,,,,助手,,快踱一圈,H,內圈 快踱一圈 (助手)
H165,01/12/2022,游水,沙田,,沙田,,,,,,,,游水,,
H165,30/11/2022,快操,沙田,全天候,沙田 全天候,,52.8,52.8,27.6 25.2,,助手,,快操,SR,27.6 25.2 (52.8) (助手)
H165,29/11/2022,游水,沙田,,沙田,,,,,,,,游水,,
H165,29/11/2022,踱步,沙田,內圈,沙田 內圈,,,,,,助手,,快踱一圈,H,內圈 快踱一圈 (助手)
H165,28/11/2022,游水,沙田,,沙田,,,,,,,,游水,,
H165,28/11/2022,踱步,沙田,內圈,沙田 內圈,,,,,,助手,,倒快兩圈,H,內圈 倒快兩圈 (助手)
H165,27/11/2022,游水,沙田,,沙田,,,,,,,,游水,,
H165,26/11/2022,游水,沙田,,沙田,,,,,,,,游水,,
H165,26/11/2022,快操,沙田,全天候,沙田 全天候,,58.1,58.1,32.6 25.5,,練馬師,,快操,SR,32.6 25.5 (58.1) (練馬師) (伴跳馬)
H165,25/11/2022,游水,沙田,,沙田,,,,,,,,游水,,
H165,25/11/2022,踱步,沙田,內圈,沙田 內圈,,,,,,助手,,快踱一圈,H,內圈 快踱一圈 (助手)
H165,24/11/2022,游水,沙田,,沙田,,,,,,,,游水,,
H165,24/11/2022,踱步,沙田,內圈,沙田 內圈,,,,,,助手,,倒快兩圈,H,內圈 倒快兩圈 (助手)
H165,23/11/2022,游水,沙田,,沙田,,,,,,,,游水,,
H165,22/11/2022,游水,沙田,,沙田,,,,,,,,游水,,
H165,22/11/2022,快操,沙田,全天候,沙田 全天候,,55.7,55.7,29.8 25.9,,練馬師,,對衡之星,,29.8 25.9 (55.7) (練馬師) 對衡之星
H165,21/11/2022,游水,沙田,,沙田,,,,,,,,游水,,
H165,21/11/2022,踱步,沙田,內圈,沙田 內圈,,,,,,助手,,倒快兩圈,H,內圈 倒快兩圈 (助手)
H165,20/11/2022,游水,沙田,,沙田,,,,,,,,游水,,
H165,20/11/2022,踱步,沙田,內圈,沙田 內圈,,,,,,助手,,快踱一圈,H,內圈 快踱一圈 (助手)
H165,19/11/2022,游水,沙田,,沙田,,,,,,,,游水,,
H165,19/11/2022,踱步,沙田,內圈,沙田 內圈,,,,,,助手,,快踱一圈,H,內圈 快踱一圈 (助手)
H165,18/11/2022,游水,沙田,,沙田,,,,,,,,游水,,
H165,18/11/2022,踱步,沙田,內圈,沙田 內圈,,,,,,助手,,快踱一圈,H,內圈 快踱一圈 (助手)
H165,17/11/2022,游水,沙田,,沙田,,,,,,,,游水,,
H165,17/11/2022,踱步,沙田,內圈,沙田 內圈,,,,,,助手,,倒快一圈,H,內圈 倒快一圈 (助手)
H165,16/11/2022,游水,沙田,,沙田,,,,,,,,游水,,
H165,16/11/2022,快操,沙田,全天候,沙田 全天候,,55.7,55.7,29.8 25.9,,練馬師,,飛躍凱旋,,29.8 25.9 (55.7) (練馬師) 飛躍凱旋
H165,15/11/2022,游水,沙田,,沙田,,,,,,,,游水,,
H165,15/11/2022,踱步,沙田,內圈,沙田 內圈,,,,,,助手,,快踱一圈,H,內圈 快踱一圈 (助手)
H165,14/11/2022,游水,沙田,,沙田,,,,,,,,游水,,
H165,14/11/2022,踱步,沙田,內圈,沙田 內圈,,,,,,助手,,倒快兩圈,H,內圈 倒快兩圈 (助手)
H165,13/11/2022,游水,沙田,,沙田,,,,,,,,游水,,
H165,13/11/2022,踱步,沙田,內圈,沙田 內圈,,,,,,助手,,快踱一圈,H,內圈 快踱一圈 (助手)
H165,12/11/2022,游水,沙田,,沙田,,,,,,,,游水,,
H165,12/11/2022,踱步,沙田,內圈,沙田 內圈,,,,,,助手,,快踱一圈,H,內圈 快踱一圈 (助手)
H165,11/11/2022,游水,沙田,,沙田,,,,,,,,游水,,
H165,11/11/2022,快操,沙田,全天候,沙田 全天候,,1.01.4,61.4,32.7 28.7,,助手,,快操,H,32.7 28.7 (1.01.4) (助手)
H165,10/11/2022,游水,沙田,,沙田,,,,,,,,游水,,
H165,10/11/2022,踱步,沙田,內圈,沙田 內圈,,,,,,助手,,倒快兩圈,H,內圈 倒快兩圈 (助手)
H165,09/11/2022,游水,沙田,,沙田,,,,,,,,游水,,
H165,09/11/2022,踱步,沙田,內圈,沙田 內圈,,,,,,助手,,快踱一圈,H,內圈 快踱一圈 (助手)
H165,08/11/2022,游水,沙田,,沙田,,,,,,,,游水,,
H165,08/11/2022,踱步,沙田,內圈,沙田 內圈,,,,,,助手,,快踱一圈,H,內圈 快踱一圈 (助手)
H165,07/11/2022,踱步,沙田,奧運踱步圈,沙田 奧運踱步圈,,,,,,助手,,踱步,,奧運踱步圈 踱步 (助手)
H165,05/11/2022,游水,沙田,,沙田,,,,,,,,游水,,
H165,05/11/2022,踱步,沙田,內圈,沙田 內圈,,,,,,助手,,快踱一圈,H,內圈 快踱一圈 (助手)
H165,04/11/2022,快操,沙田,全天候,沙田 全天候,,29.3,29.3,29.3,,助手,,快操,H,29.3 (29.3) (助手)
H165,03/11/2022,踱步,沙田,內圈,沙田 內圈,,,,,,助手,,倒快兩圈,H,內圈 倒快兩圈 (助手)
H165,02/11/2022,踱步,沙田,內圈,沙田 內圈,,,,,,助手,,快踱一圈,H,內圈 快踱一圈 (助手)
H165,01/11/2022,踱步,沙田,內圈,沙田 內圈,,,,,,助手,,快踱一圈,H,內圈 快踱一圈 (助手)
H165,31/10/2022,踱步,沙田,內圈,沙田 內圈,,,,,,助手,,倒快兩圈,H,內圈 倒快兩圈 (助手)
H165,30/10/2022,踱步,沙田,內圈,沙田 內圈,,,,,,助手,,快踱一圈,H,內圈 快踱一圈 (助手)
H165,29/10/2022,踱步,沙田,內圈,沙田 內圈,,,,,,助手,,快踱一圈,H,內圈 快踱一圈 (助手)
H165,28/10/2022,游水,沙田,,沙田,,,,,,,,游水,,
H165,28/10/2022,踱步,沙田,內圈,沙田 內圈,,,,,,助手,,快踱一圈,H,內圈 快踱一圈 (助手)
H165,27/10/2022,踱步,沙田,內圈,沙田 內圈,,,,,,助手,,倒快兩圈,H,內圈 倒快兩圈 (助手)
H165,26/10/2022,踱步,沙田,內圈,沙田 內圈,,,,,,助手,,快踱一圈,H,內圈 快踱一圈 (助手)
H165,25/10/2022,踱步,沙田,奧運踱步圈,沙田 奧運踱步圈,,,,,,助手,,踱步,,奧運踱步圈 踱步 (助手)
H165,22/10/2022,游水,沙田,,沙田,,,,,,,,游水,,
