horse_no,date,work_type,racecourse,track,venue,distance,time,time_sec,splits,partner,rider,placing,comment,gear,workout_details
H317,09/09/2026,踱步,從化,內圈,從化 內圈,,,,,,助手,,快踱一圈,H/XB,內圈 快踱一圈 (助手)
H317,08/09/2026,馬匹水中步行機,從化,,從化,,,,,,,,馬匹水中步行機,,
H317,08/09/2026,游水,從化,,從化,,,,,,,,游水,,
H317,08/09/2026,踱步,從化,內圈,從化 內圈,,,,,,助手,,快踱一圈,H/XB,內圈 快踱一圈 (助手)
H317,07/09/2026,馬匹水中步行機,從化,,從化,,,,,,,,馬匹水中步行機,,
H317,07/09/2026,游水,從化,,從化,,,,,,,,游水,,
H317,07/09/2026,踱步,從化,內圈,從化 內圈,,,,,,助手,,倒快兩圈,H/XB,內圈 倒快兩圈 (助手)
H317,06/09/2026,馬匹水中步行機,從化,,從化,,,,,,,,馬匹水中步行機,,
H317,06/09/2026,游水,從化,,從化,,,,,,,,游水,,
H317,05/09/2026,馬匹水中步行機,從化,,從化,,,,,,,,馬匹水中步行機,,
H317,05/09/2026,游水,從化,,從化,,,,,,,,游水,,
H317,05/09/2026,快操,從化,草地,從化 草地,,51.6,51.6,28.2 23.4,,助手,,快操,XB,28.2 23.4 (51.6) (助手)
H317,05/09/2026,踱步,從化,飛機場,從化 飛機場,,,,,,助手,,踱步,XB,飛機場 踱步 (助手)
H317,04/09/2026,馬匹水中步行機,從化,,從化,,,,,,,,馬匹水中步行機,,
H317,04/09/2026,游水,從化,,從化,,,,,,,,游水,,
H317,04/09/2026,踱步,從化,內圈,從化 內圈,,,,,,助手,,快踱一圈,H/XB,內圈 快踱一圈 (助手)
H317,03/09/2026,馬匹水中步行機,從化,,從化,,,,,,,,馬匹水中步行機,,
H317,03/09/2026,游水,從化,,從化,,,,,,,,游水,,
H317,03/09/2026,踱步,從化,內圈,從化 內圈,,,,,,助手,,倒快兩圈,H/XB,內圈 倒快兩圈 (助手)
H317,02/09/2026,馬匹水中步行機,從化,,從化,,,,,,,,馬匹水中步行機,,
H317,02/09/2026,游水,從化,,從化,,,,,,,,游水,,
H317,02/09/2026,踱步,從化,內圈,從化 內圈,,,,,,助手,,快踱一圈,H/XB,內圈 快踱一圈 (助手)
H317,01/09/2026,馬匹水中步行機,從化,,從化,,,,,,,,馬匹水中步行機,,
H317,01/09/2026,游水,從化,,從化,,,,,,,,游水,,
H317,31/08/2026,馬匹水中步行機,從化,,從化,,,,,,,,馬匹水中步行機,,
H317,31/08/2026,試閘,從化,草地,從化 草地,1000M,0.57.82,57.82,13.7 21.4 22.7,紅錢到,周俊樂,,第3組,XB,第3組 (周俊樂) 1000M 紅錢到 13.7 21.4 22.7 (0.57.82)
H317,31/08/2026,游水,從化,,從化,,,,,,,,游水,,
H317,31/08/2026,踱步,從化,飛機場,從化 飛機場,,,,,,助手,,踱步,XB,飛機場 踱步 (助手)
H317,30/08/2026,游水,從化,,從化,,,,,,,,游水,,
H317,30/08/2026,踱步,從化,內圈,從化 內圈,,,,,,助手,,快踱一圈,H/XB,內圈 快踱一圈 (助手)
H317,29/08/2026,馬匹水中步行機,從化,,從化,,,,,,,,馬匹水中步行機,,
H317,29/08/2026,游水,從化,,從化,,,,,,,,游水,,
H317,29/08/2026,踱步,從化,內圈,從化 內圈,,,,,,助手,,快踱一圈,H/XB,內圈 快踱一圈 (助手)
H317,28/08/2026,馬匹水中步行機,從化,,從化,,,,,,,,馬匹水中步行機,,
H317,28/08/2026,游水,從化,,從化,,,,,,,,游水,,
H317,28/08/2026,踱步,從化,內圈,從化 內圈,,,,,,助手,,快踱一圈,H/XB,內圈 快踱一圈 (助手)
H317,27/08/2026,馬匹水中步行機,從化,,從化,,,,,,,,馬匹水中步行機,,
H317,27/08/2026,游水,從化,,從化,,,,,,,,游水,,
H317,27/08/2026,踱步,從化,內圈,從化 內圈,,,,,,助手,,倒快兩圈,H/XB,內圈 倒快兩圈 (助手)
H317,26/08/2026,馬匹水中步行機,從化,,從化,,,,,,,,馬匹水中步行機,,
H317,26/08/2026,游水,從化,,從化,,,,,,,,游水,,
H317,25/08/2026,馬匹水中步行機,從化,,從化,,,,,,,,馬匹水中步行機,,
H317,25/08/2026,游水,從化,,從化,,,,,,,,游水,,
H317,25/08/2026,快操,從化,草地,從化 草地,,54.9,54.9,28.8 26.1,,助手,,快操,XB,28.8 26.1 (54.9) (助手)
H317,25/08/2026,踱步,從化,飛機場,從化 飛機場,,,,,,助手,,踱步,XB,飛機場 踱步 (助手)
H317,24/08/2026,馬匹水中步行機,從化,,從化,,,,,,,,馬匹水中步行機,,
H317,24/08/2026,游水,從化,,從化,,,,,,,,游水,,
H317,24/08/2026,踱步,從化,內圈,從化 內圈,,,,,,助手,,倒快兩圈,H/XB,內圈 倒快兩圈 (助手)
H317,23/08/2026,馬匹水中步行機,從化,,從化,,,,,,,,馬匹水中步行機,,
H317,23/08/2026,游水,從化,,從化,,,,,,,,游水,,
H317,23/08/2026,踱步,從化,內圈,從化 內圈,,,,,,助手,,快踱一圈,H,內圈 快踱一圈 (助手)
H317,22/08/2026,馬匹水中步行機,從化,,從化,,,,,,,,馬匹水中步行機,,
H317,22/08/2026,游水,從化,,從化,,,,,,,,游水,,
H317,22/08/2026,踱步,從化,內圈,從化 內圈,,,,,,助手,,快踱一圈,H/XB,內圈 快踱一圈 (助手)
H317,21/08/2026,馬匹水中步行機,從化,,從化,,,,,,,,馬匹水中步行機,,
H317,21/08/2026,游水,從化,,從化,,,,,,,,游水,,
H317,20/08/2026,馬匹水中步行機,從化,,從化,,,,,,,,馬匹水中步行機,,
H317,20/08/2026,游水,從化,,從化,,,,,,,,游水,,
H317,20/08/2026,快操,從化,草地,從化 草地,,53.1,53.1,28.3 24.8,,助手,,快操,XB,28.3 24.8 (53.1) (助手)
H317,20/08/2026,踱步,從化,飛機場,從化 飛機場,,,,,,助手,,踱步,XB,飛機場 踱步 (助手)
H317,19/08/2026,游水,從化,,從化,,,,,,,,游水,,
H317,19/08/2026,踱步,從化,內圈,從化 內圈,,,,,,助手,,快踱一圈,H,內圈 快踱一圈 (助手)
H317,18/08/2026,馬匹水中步行機,從化,,從化,,,,,,,,馬匹水中步行機,,
H317,18/08/2026,游水,從化,,從化,,,,,,,,游水,,
H317,18/08/2026,踱步,從化,內圈,從化 內圈,,,,,,助手,,快踱一圈,H,內圈 快踱一圈 (助手)
H317,17/08/2026,馬匹水中步行機,從化,,從化,,,,,,,,馬匹水中步行機,,
H317,17/08/2026,游水,從化,,從化,,,,,,,,游水,,
H317,17/08/2026,踱步,從化,內圈,從化 內圈,,,,,,助手,,倒快兩圈,H,內圈 倒快兩圈 (助手)
H317,16/08/2026,馬匹水中步行機,從化,,從化,,,,,,,,馬匹水中步行機,,
H317,16/08/2026,游水,從化,,從化,,,,,,,,游水,,
H317,15/08/2026,游水,從化,,從化,,,,,,,,游水,,
H317,15/08/2026,快操,從化,登山跑道,從化 登山跑道,,56.8,56.8,29.6 27.2,,助手,,快操,XB,29.6 27.2 (56.8) (助手)
H317,15/08/2026,踱步,從化,飛機場,從化 飛機場,,,,,,助手,,踱步,XB,飛機場 踱步 (助手)
H317,14/08/2026,馬匹水中步行機,從化,,從化,,,,,,,,馬匹水中步行機,,
H317,14/08/2026,游水,從化,,從化,,,,,,,,游水,,
H317,14/08/2026,踱步,從化,內圈,從化 內圈,,,,,,助手,,快踱一圈,H/XB,內圈 快踱一圈 (助手)
H317,13/08/2026,游水,從化,,從化,,,,,,,,游水,,
H317,13/08/2026,踱步,從化,內圈,從化 內圈,,,,,,助手,,倒快兩圈,H/XB,內圈 倒快兩圈 (助手)
H317,12/08/2026,馬匹水中步行機,從化,,從化,,,,,,,,馬匹水中步行機,,
H317,12/08/2026,游水,從化,,從化,,,,,,,,游水,,
H317,12/08/2026,踱步,從化,內圈,從化 內圈,,,,,,助手,,快踱一圈,H/XB,內圈 快踱一圈 (助手)
H317,11/08/2026,馬匹水中步行機,從化,,從化,,,,,,,,馬匹水中步行機,,
H317,11/08/2026,游水,從化,,從化,,,,,,,,游水,,
H317,11/08/2026,快操,從化,全天候,從化 全天候,,30.3,30.3,30.3,,助手,,快操,H/XB,30.3 (30.3) (助手)
H317,11/08/2026,踱步,從化,飛機場,從化 飛機場,,,,,,助手,,踱步,H/XB,飛機場 踱步 (助手)
H317,10/08/2026,游水,從化,,從化,,,,,,,,游水,,
H317,10/08/2026,踱步,從化,內圈,從化 內圈,,,,,,助手,,倒快兩圈,H/XB,內圈 倒快兩圈 (助手)
H317,09/08/2026,馬匹水中步行機,從化,,從化,,,,,,,,馬匹水中步行機,,
H317,09/08/2026,游水,從化,,從化,,,,,,,,游水,,
H317,09/08/2026,踱步,從化,內圈,從化 內圈,,,,,,助手,,快踱一圈,H/XB,內圈 快踱一圈 (助手)
H317,08/08/2026,游水,從化,,從化,,,,,,,,游水,,
H317,08/08/2026,踱步,從化,內圈,從化 內圈,,,,,,助手,,快踱一圈,H/XB,內圈 快踱一圈 (助手)
H317,07/08/2026,游水,從化,,從化,,,,,,,,游水,,
H317,07/08/2026,踱步,從化,內圈,從化 內圈,,,,,,助手,,快踱一圈,H,內圈 快踱一圈 (助手)
H317,06/08/2026,踱步,沙田,內圈,沙田 內圈,,,,,,助手,,倒快兩圈,H/XB,內圈 倒快兩圈 (助手)
H317,05/08/2026,踱步,沙田,內圈,沙田 內圈,,,,,,助手,,快踱一圈,H/XB,內圈 快踱一圈 (助手)
H317,04/08/2026,踱步,沙田,內圈,沙田 內圈,,,,,,助手,,快踱一圈,H/XB,內圈 快踱一圈 (助手)
H317,03/08/2026,踱步,沙田,內圈,沙田 內圈,,,,,,助手,,快踱一圈,H/XB,內圈 快踱一圈 (助手)
H317,02/08/2026,踱步,沙田,奧運馬房沙地練習場,沙田 奧運馬房沙地練習場,,,,,,助手,,踱步,H/XB,奧運馬房沙地練習場 踱步 (助手)
H317,01/08/2026,踱步,沙田,奧運馬房沙地練習場,沙田 奧運馬房沙地練習場,,,,,,助手,,踱步,H/XB,奧運馬房沙地練習場 踱步 (助手)
H317,31/07/2026,踱步,沙田,奧運馬房沙地練習場,沙田 奧運馬房沙地練習場,,,,,,助手,,踱步,H/XB,奧運馬房沙地練習場 踱步 (助手)
H317,15/07/2026,游水,沙田,,沙田,,,,,,,,游水,,
H317,14/07/2026,游水,沙田,,沙田,,,,,,,,游水,,
H317,14/07/2026,踱步,沙田,內圈,沙田 內圈,,,,,,助手,,快踱一圈,H/XB,內圈 快踱一圈 (助手)
H317,13/07/2026,游水,沙田,,沙田,,,,,,,,游水,,
H317,13/07/2026,踱步,沙田,內圈,沙田 內圈,,,,,,助手,,倒快一圈,H/XB,內圈 倒快一圈 (助手)
H317,12/07/2026,游水,沙田,,沙田,,,,,,,,游水,,
H317,11/07/2026,快操,從化,登山跑道,從化 登山跑道,,52.4,52.4,28.5 23.9,,助手,,快操,XB,28.5 23.9 (52.4) (助手)
H317,11/07/2026,踱步,從化,飛機場,從化 飛機場,,,,,,助手,,踱步,XB,飛機場 踱步 (助手)
H317,10/07/2026,馬匹水中步行機,從化,,從化,,,,,,,,馬匹水中步行機,,
H317,10/07/2026,游水,從化,,從化,,,,,,,,游水,,
H317,10/07/2026,踱步,從化,內圈,從化 內圈,,,,,,助手,,快踱一圈,H/XB,內圈 快踱一圈 (助手)
H317,09/07/2026,馬匹水中步行機,從化,,從化,,,,,,,,馬匹水中步行機,,
H317,09/07/2026,游水,從化,,從化,,,,,,,,游水,,
H317,09/07/2026,踱步,從化,內圈,從化 內圈,,,,,,助手,,倒快兩圈,H/XB,內圈 倒快兩圈 (助手)
H317,08/07/2026,馬匹水中步行機,從化,,從化,,,,,,,,馬匹水中步行機,,
H317,08/07/2026,游水,從化,,從化,,,,,,,,游水,,
H317,08/07/2026,踱步,從化,內圈,從化 內圈,,,,,,助手,,快踱一圈,H,內圈 快踱一圈 (助手)
H317,07/07/2026,馬匹水中步行機,從化,,從化,,,,,,,,馬匹水中步行機,,
H317,07/07/2026,游水,從化,,從化,,,,,,,,游水,,
H317,07/07/2026,踱步,從化,內圈,從化 內圈,,,,,,助手,,快踱一圈,H/XB,內圈 快踱一圈 (助手)
H317,06/07/2026,馬匹水中步行機,從化,,從化,,,,,,,,馬匹水中步行機,,
H317,06/07/2026,游水,從化,,從化,,,,,,,,游水,,
H317,06/07/2026,踱步,從化,內圈,從化 內圈,,,,,,助手,,倒快一圈,H/XB,內圈 倒快一圈 (助手)
H317,04/07/2026,馬匹水中步行機,從化,,從化,,,,,,,,馬匹水中步行機,,
H317,04/07/2026,游水,從化,,從化,,,,,,,,游水,,
H317,04/07/2026,踱步,從化,內圈,從化 內圈,,,,,,助手,,快踱一圈,H/XB,內圈 快踱一圈 (助手)
H317,03/07/2026,馬匹水中步行機,從化,,從化,,,,,,,,馬匹水中步行機,,
H317,03/07/2026,游水,從化,,從化,,,,,,,,游水,,
H317,02/07/2026,馬匹水中步行機,從化,,從化,,,,,,,,馬匹水中步行機,,
H317,02/07/2026,快操,從化,草地,從化 草地,,54.7,54.7,29.2 25.5,,助手,,快操,,29.2 25.5 (54.7) (助手)
H317,02/07/2026,踱步,從化,飛機場,從化 飛機場,,,,,,助手,,踱步,,飛機場 踱步 (助手)
H317,01/07/2026,馬匹水中步行機,從化,,從化,,,,,,,,馬匹水中步行機,,
H317,01/07/2026,游水,從化,,從化,,,,,,,,游水,,
H317,01/07/2026,踱步,從化,內圈,從化 內圈,,,,,,助手,,快踱一圈,H/XB,內圈 快踱一圈 (助手)
H317,30/06/2026,馬匹水中步行機,從化,,從化,,,,,,,,馬匹水中步行機,,
H317,30/06/2026,游水,從化,,從化,,,,,,,,游水,,
H317,30/06/2026,踱步,從化,內圈,從化 內圈,,,,,,助手,,快踱一圈,H,內圈 快踱一圈 (助手)
H317,29/06/2026,馬匹水中步行機,從化,,從化,,,,,,,,馬匹水中步行機,,
H317,29/06/2026,游水,從化,,從化,,,,,,,,游水,,
H317,29/06/2026,踱步,從化,內圈,從化 內圈,,,,,,助手,,倒快一圈,H/XB,內圈 倒快一圈 (助手)
H317,28/06/2026,馬匹水中步行機,從化,,從化,,,,,,,,馬匹水中步行機,,
H317,28/06/2026,游水,從化,,從化,,,,,,,,游水,,
H317,28/06/2026,踱步,從化,內圈,從化 內圈,,,,,,助手,,快踱一圈,H/XB,內圈 快踱一圈 (助手)
H317,27/06/2026,馬匹水中步行機,從化,,從化,,,,,,,,馬匹水中步行機,,
H317,27/06/2026,游水,從化,,從化,,,,,,,,游水,,
H317,26/06/2026,馬匹水中步行機,從化,,從化,,,,,,,,馬匹水中步行機,,
H317,26/06/2026,試閘,從化,草地,從化 草地,1000M,0.58.80,58.8,13.9 22.5 22.4,花好月盈,霍宏聲,,第3組,XB,第3組 (霍宏聲) 1000M 花好月盈 13.9 22.5 22.4 (0.58.80)
H317,26/06/2026,踱步,從化,飛機場,從化 飛機場,,,,,,助手,,踱步,XB,飛機場 踱步 (助手)
H317,25/06/2026,馬匹水中步行機,從化,,從化,,,,,,,,馬匹水中步行機,,
H317,25/06/2026,游水,從化,,從化,,,,,,,,游水,,
H317,25/06/2026,踱步,從化,內圈,從化 內圈,,,,,,助手,,倒快一圈,H/XB,內圈 倒快一圈 (助手)
H317,24/06/2026,馬匹水中步行機,從化,,從化,,,,,,,,馬匹水中步行機,,
H317,24/06/2026,游水,從化,,從化,,,,,,,,游水,,
H317,24/06/2026,踱步,從化,內圈,從化 內圈,,,,,,助手,,快踱一圈,H/XB,內圈 快踱一圈 (助手)
H317,23/06/2026,馬匹水中步行機,從化,,從化,,,,,,,,馬匹水中步行機,,
H317,23/06/2026,游水,從化,,從化,,,,,,,,游水,,
H317,23/06/2026,踱步,從化,內圈,從化 內圈,,,,,,助手,,快踱一圈,H,內圈 快踱一圈 (助手)
H317,22/06/2026,馬匹水中步行機,從化,,從化,,,,,,,,馬匹水中步行機,,
H317,22/06/2026,游水,從化,,從化,,,,,,,,游水,,
H317,22/06/2026,踱步,從化,內圈,從化 內圈,,,,,,助手,,倒快一圈,H/XB,內圈 倒快一圈 (助手)
H317,21/06/2026,馬匹水中步行機,從化,,從化,,,,,,,,馬匹水中步行機,,
H317,21/06/2026,游水,從化,,從化,,,,,,,,游水,,
H317,20/06/2026,游水,從化,,從化,,,,,,,,游水,,
H317,20/06/2026,快操,從化,草地,從化 草地,,26.4,26.4,26.4,,助手,,快操,XB,26.4 (26.4) (助手)
H317,20/06/2026,踱步,從化,飛機場,從化 飛機場,,,,,,助手,,踱步,XB,飛機場 踱步 (助手)
H317,19/06/2026,游水,從化,,從化,,,,,,,,游水,,
H317,19/06/2026,踱步,從化,內圈,從化 內圈,,,,,,助手,,快踱一圈,H,內圈 快踱一圈 (助手)
H317,18/06/2026,馬匹水中步行機,從化,,從化,,,,,,,,馬匹水中步行機,,
H317,18/06/2026,游水,從化,,從化,,,,,,,,游水,,
H317,18/06/2026,踱步,從化,內圈,從化 內圈,,,,,,助手,,倒快一圈,H/XB,內圈 倒快一圈 (助手)
H317,17/06/2026,游水,從化,,從化,,,,,,,,游水,,
H317,17/06/2026,踱步,從化,內圈,從化 內圈,,,,,,助手,,快踱一圈,H/XB,內圈 快踱一圈 (助手)
H317,16/06/2026,馬匹水中步行機,從化,,從化,,,,,,,,馬匹水中步行機,,
H317,16/06/2026,游水,從化,,從化,,,,,,,,游水,,
H317,15/06/2026,快操,從化,草地,從化 草地,,55.1,55.1,29.4 25.7,,助手,,快操,XB,29.4 25.7 (55.1) (助手)
H317,15/06/2026,踱步,從化,飛機場,從化 飛機場,,,,,,助手,,踱步,XB,飛機場 踱步 (助手)
H317,14/06/2026,馬匹水中步行機,從化,,從化,,,,,,,,馬匹水中步行機,,
H317,14/06/2026,游水,從化,,從化,,,,,,,,游水,,
H317,14/06/2026,踱步,從化,內圈,從化 內圈,,,,,,助手,,快踱一圈,H/XB,內圈 快踱一圈 (助手)
H317,13/06/2026,馬匹水中步行機,從化,,從化,,,,,,,,馬匹水中步行機,,
H317,13/06/2026,游水,從化,,從化,,,,,,,,游水,,
H317,13/06/2026,踱步,從化,內圈,從化 內圈,,,,,,助手,,快踱一圈,H,內圈 快踱一圈 (助手)
H317,12/06/2026,游水,從化,,從化,,,,,,,,游水,,
H317,12/06/2026,踱步,從化,內圈,從化 內圈,,,,,,助手,,快踱一圈,H/XB,內圈 快踱一圈 (助手)
H317,11/06/2026,馬匹水中步行機,從化,,從化,,,,,,,,馬匹水中步行機,,
H317,11/06/2026,游水,從化,,從化,,,,,,,,游水,,
H317,11/06/2026,踱步,從化,內圈,從化 內圈,,,,,,助手,,倒快一圈,H/XB,內圈 倒快一圈 (助手)
H317,10/06/2026,馬匹水中步行機,從化,,從化,,,,,,,,馬匹水中步行機,,
H317,10/06/2026,游水,從化,,從化,,,,,,,,游水,,
H317,09/06/2026,馬匹水中步行機,從化,,從化,,,,,,,,馬匹水中步行機,,
H317,09/06/2026,快操,從化,草地,從化 草地,,55.6,55.6,29.7 25.9,,助手,,快操,XB,29.7 25.9 (55.6) (助手)
H317,09/06/2026,踱步,從化,飛機場,從化 飛機場,,,,,,助手,,踱步,XB,飛機場 踱步 (助手)
H317,08/06/2026,馬匹水中步行機,從化,,從化,,,,,,,,馬匹水中步行機,,
H317,08/06/2026,游水,從化,,從化,,,,,,,,游水,,
H317,08/06/2026,踱步,從化,內圈,從化 內圈,,,,,,助手,,倒快一圈,H/XB,內圈 倒快一圈 (助手)
H317,07/06/2026,馬匹水中步行機,從化,,從化,,,,,,,,馬匹水中步行機,,
H317,07/06/2026,游水,從化,,從化,,,,,,,,游水,,
H317,07/06/2026,踱步,從化,內圈,從化 內圈,,,,,,助手,,快踱一圈,H/XB,內圈 快踱一圈 (助手)
H317,06/06/2026,馬匹水中步行機,從化,,從化,,,,,,,,馬匹水中步行機,,
H317,06/06/2026,游水,從化,,從化,,,,,,,,游水,,
H317,06/06/2026,踱步,從化,內圈,從化 內圈,,,,,,助手,,快踱一圈,H/XB,內圈 快踱一圈 (助手)
H317,05/06/2026,馬匹水中步行機,從化,,從化,,,,,,,,馬匹水中步行機,,
H317,05/06/2026,游水,從化,,從化,,,,,,,,游水,,
H317,04/06/2026,馬匹水中步行機,從化,,從化,,,,,,,,馬匹水中步行機,,
H317,04/06/2026,快操,從化,草地,從化 草地,,59.1,59.1,31.6 27.5,,助手,,快操,H/XB,31.6 27.5 (59.1) (助手)
H317,04/06/2026,踱步,從化,飛機場,從化 飛機場,,,,,,助手,,踱步,H/XB,飛機場 踱步 (助手)
H317,03/06/2026,游水,沙田,,沙田,,,,,,,,游水,,
H317,03/06/2026,踱步,沙田,內圈,沙田 內圈,,,,,,助手,,快踱一圈,H/XB,內圈 快踱一圈 (助手)
H317,02/06/2026,游水,沙田,,沙田,,,,,,,,游水,,
H317,02/06/2026,踱步,沙田,內圈,沙田 內圈,,,,,,助手,,快踱一圈,H/XB,內圈 快踱一圈 (助手)
H317,01/06/2026,游水,沙田,,沙田,,,,,,,,游水,,
H317,01/06/2026,踱步,沙田,內圈,沙田 內圈,,,,,,助手,,倒快一圈,H/XB,內圈 倒快一圈 (助手)
H317,31/05/2026,游水,沙田,,沙田,,,,,,,,游水,,
H317,31/05/2026,踱步,沙田,內圈,沙田 內圈,,,,,,助手,,快踱一圈,H/XB,內圈 快踱一圈 (助手)
H317,30/05/2026,游水,沙田,,沙田,,,,,,,,游水,,
H317,29/05/2026,游水,沙田,,沙田,,,,,,,,游水,,
H317,27/05/2026,出賽,跑馬地,草地,跑馬地 草地,1200M,,,,,班德禮,2/12,出賽,XB,1200M (班德禮) (2/12)
H317,27/05/2026,游水,沙田,,沙田,,,,,,,,游水,,
H317,27/05/2026,踱步,沙田,河畔跑道,沙田 河畔跑道,,,,,,助手,,踱步,H/XB,河畔跑道 踱步 (助手)
H317,26/05/2026,游水,沙田,,沙田,,,,,,,,游水,,
H317,26/05/2026,踱步,沙田,內圈,沙田 內圈,,,,,,助手,,快踱一圈,H/XB,內圈 快踱一圈 (助手)
H317,25/05/2026,游水,沙田,,沙田,,,,,,,,游水,,
H317,25/05/2026,踱步,沙田,內圈,沙田 內圈,,,,,,助手,,倒快一圈,H/XB,內圈 倒快一圈 (助手)
H317,24/05/2026,游水,沙田,,沙田,,,,,,,,游水,,
H317,24/05/2026,踱步,沙田,內圈,沙田 內圈,,,,,,助手,,快踱一圈,H/XB,內圈 快踱一圈 (助手)
H317,23/05/2026,游水,從化,,從化,,,,,,,,游水,,
H317,23/05/2026,踱步,從化,內圈,從化 內圈,,,,,,助手,,快踱一圈,H/XB,內圈 快踱一圈 (助手)
H317,22/05/2026,馬匹水中步行機,從化,,從化,,,,,,,,馬匹水中步行機,,
H317,22/05/2026,游水,從化,,從化,,,,,,,,游水,,
H317,21/05/2026,馬匹水中步行機,從化,,從化,,,,,,,,馬匹水中步行機,,
H317,21/05/2026,游水,從化,,從化,,,,,,,,游水,,
H317,21/05/2026,快操,從化,草地,從化 草地,,55.0,55.0,30.5 24.5,,助手,,快操,XB,30.5 24.5 (55.0) (助手)
H317,21/05/2026,踱步,從化,飛機場,從化 飛機場,,,,,,助手,,踱步,XB,飛機場 踱步 (助手)
H317,20/05/2026,馬匹水中步行機,從化,,從化,,,,,,,,馬匹水中步行機,,
H317,20/05/2026,游水,從化,,從化,,,,,,,,游水,,
H317,20/05/2026,踱步,從化,內圈,從化 內圈,,,,,,助手,,快踱一圈,H/XB,內圈 快踱一圈 (助手)
H317,19/05/2026,馬匹水中步行機,從化,,從化,,,,,,,,馬匹水中步行機,,
H317,19/05/2026,游水,從化,,從化,,,,,,,,游水,,
H317,19/05/2026,快操,從化,全天候,從化 全天候,,1.05.9,65.9,33.7 32.2,,助手,,快操,H/XB,33.7 32.2 (1.05.9) (助手)
H317,19/05/2026,踱步,從化,飛機場,從化 飛機場,,,,,,助手,,踱步,H/XB,飛機場 踱步 (助手)
H317,18/05/2026,馬匹水中步行機,從化,,從化,,,,,,,,馬匹水中步行機,,
H317,18/05/2026,游水,從化,,從化,,,,,,,,游水,,
H317,18/05/2026,踱步,從化,內圈,從化 內圈,,,,,,助手,,倒快兩圈,H/XB,內圈 倒快兩圈 (助手)
H317,17/05/2026,馬匹水中步行機,從化,,從化,,,,,,,,馬匹水中步行機,,
H317,17/05/2026,游水,從化,,從化,,,,,,,,游水,,
H317,17/05/2026,踱步,從化,內圈,從化 內圈,,,,,,助手,,快踱一圈,H/XB,內圈 快踱一圈 (助手)
H317,16/05/2026,馬匹水中步行機,從化,,從化,,,,,,,,馬匹水中步行機,,
H317,16/05/2026,游水,從化,,從化,,,,,,,,游水,,
H317,16/05/2026,踱步,從化,內圈,從化 內圈,,,,,,助手,,快踱一圈,H,內圈 快踱一圈 (助手)
H317,15/05/2026,馬匹水中步行機,從化,,從化,,,,,,,,馬匹水中步行機,,
H317,15/05/2026,游水,從化,,從化,,,,,,,,游水,,
H317,15/05/2026,踱步,從化,內圈,從化 內圈,,,,,,助手,,快踱一圈,H/XB,內圈 快踱一圈 (助手)
H317,14/05/2026,馬匹水中步行機,從化,,從化,,,,,,,,馬匹水中步行機,,
H317,14/05/2026,游水,從化,,從化,,,,,,,,游水,,
H317,14/05/2026,踱步,從化,內圈,從化 內圈,,,,,,助手,,倒快一圈,H/XB,內圈 倒快一圈 (助手)
H317,13/05/2026,馬匹水中步行機,從化,,從化,,,,,,,,馬匹水中步行機,,
H317,13/05/2026,游水,從化,,從化,,,,,,,,游水,,
H317,13/05/2026,踱步,從化,內圈,從化 內圈,,,,,,助手,,快踱一圈,H/XB,內圈 快踱一圈 (助手)
H317,12/05/2026,馬匹水中步行機,從化,,從化,,,,,,,,馬匹水中步行機,,
H317,12/05/2026,游水,從化,,從化,,,,,,,,游水,,
H317,11/05/2026,馬匹水中步行機,從化,,從化,,,,,,,,馬匹水中步行機,,
H317,11/05/2026,試閘,從化,草地,從化 草地,1000M,0.58.49,58.49,13.9 21.7 22.8,花好月盈,駱泰尼,,第3組,XB,第3組 (駱泰尼) 1000M 花好月盈 13.9 21.7 22.8 (0.58.49)
H317,11/05/2026,踱步,從化,飛機場,從化 飛機場,,,,,,助手,,踱步,XB,飛機場 踱步 (助手)
H317,10/05/2026,馬匹水中步行機,從化,,從化,,,,,,,,馬匹水中步行機,,
H317,10/05/2026,游水,從化,,從化,,,,,,,,游水,,
H317,10/05/2026,踱步,從化,內圈,從化 內圈,,,,,,助手,,快踱一圈,H,內圈 快踱一圈 (助手)
H317,09/05/2026,馬匹水中步行機,從化,,從化,,,,,,,,馬匹水中步行機,,
H317,09/05/2026,游水,從化,,從化,,,,,,,,游水,,
H317,09/05/2026,踱步,從化,內圈,從化 內圈,,,,,,助手,,快踱一圈,H/XB,內圈 快踱一圈 (助手)
H317,08/05/2026,馬匹水中步行機,從化,,從化,,,,,,,,馬匹水中步行機,,
H317,08/05/2026,游水,從化,,從化,,,,,,,,游水,,
H317,07/05/2026,馬匹水中步行機,從化,,從化,,,,,,,,馬匹水中步行機,,
H317,07/05/2026,游水,從化,,從化,,,,,,,,游水,,
H317,07/05/2026,快操,從化,草地,從化 草地,,55.4,55.4,30.6 24.8,,助手,,快操,XB,30.6 24.8 (55.4) (助手)
H317,07/05/2026,踱步,從化,飛機場,從化 飛機場,,,,,,助手,,踱步,XB,飛機場 踱步 (助手)
H317,06/05/2026,馬匹水中步行機,從化,,從化,,,,,,,,馬匹水中步行機,,
H317,06/05/2026,游水,從化,,從化,,,,,,,,游水,,
H317,06/05/2026,踱步,從化,內圈,從化 內圈,,,,,,助手,,快踱一圈,H/XB,內圈 快踱一圈 (助手)
H317,05/05/2026,馬匹水中步行機,從化,,從化,,,,,,,,馬匹水中步行機,,
H317,05/05/2026,游水,從化,,從化,,,,,,,,游水,,
H317,05/05/2026,踱步,從化,內圈,從化 內圈,,,,,,助手,,快踱一圈,H/XB,內圈 快踱一圈 (助手)
H317,04/05/2026,游水,從化,,從化,,,,,,,,游水,,
H317,04/05/2026,踱步,從化,內圈,從化 內圈,,,,,,助手,,倒快兩圈,H/XB,內圈 倒快兩圈 (助手)
H317,03/05/2026,馬匹水中步行機,從化,,從化,,,,,,,,馬匹水中步行機,,
H317,03/05/2026,游水,從化,,從化,,,,,,,,游水,,
H317,02/05/2026,馬匹水中步行機,從化,,從化,,,,,,,,馬匹水中步行機,,
H317,02/05/2026,游水,從化,,從化,,,,,,,,游水,,
H317,02/05/2026,快操,從化,草地,從化 草地,,55.5,55.5,30.4 25.1,,助手,,快操,XB,30.4 25.1 (55.5) (助手)
H317,02/05/2026,踱步,從化,飛機場,從化 飛機場,,,,,,助手,,踱步,XB,飛機場 踱步 (助手)
H317,01/05/2026,馬匹水中步行機,從化,,從化,,,,,,,,馬匹水中步行機,,
H317,01/05/2026,游水,從化,,從化,,,,,,,,游水,,
H317,01/05/2026,踱步,從化,內圈,從化 內圈,,,,,,助手,,快踱一圈,H/XB,內圈 快踱一圈 (助手)
H317,30/04/2026,馬匹水中步行機,從化,,從化,,,,,,,,馬匹水中步行機,,
H317,30/04/2026,踱步,從化,內圈,從化 內圈,,,,,,助手,,倒快兩圈,H/XB,內圈 倒快兩圈 (助手)
H317,29/04/2026,馬匹水中步行機,從化,,從化,,,,,,,,馬匹水中步行機,,
H317,29/04/2026,游水,從化,,從化,,,,,,,,游水,,
H317,28/04/2026,馬匹水中步行機,從化,,從化,,,,,,,,馬匹水中步行機,,
H317,28/04/2026,游水,從化,,從化,,,,,,,,游水,,
H317,28/04/2026,快操,從化,草地,從化 草地,,57.4,57.4,32.5 24.9,,助手,,快操,H/XB,32.5 24.9 (57.4) (助手)
H317,28/04/2026,踱步,從化,飛機場,從化 飛機場,,,,,,助手,,踱步,H/XB,飛機場 踱步 (助手)
H317,27/04/2026,馬匹水中步行機,從化,,從化,,,,,,,,馬匹水中步行機,,
H317,27/04/2026,游水,從化,,從化,,,,,,,,游水,,
H317,27/04/2026,踱步,從化,內圈,從化 內圈,,,,,,助手,,倒快兩圈,H/XB,內圈 倒快兩圈 (助手)
H317,26/04/2026,馬匹水中步行機,從化,,從化,,,,,,,,馬匹水中步行機,,
H317,26/04/2026,游水,從化,,從化,,,,,,,,游水,,
H317,26/04/2026,踱步,從化,內圈,從化 內圈,,,,,,助手,,快踱一圈,H/XB,內圈 快踱一圈 (助手)
H317,25/04/2026,馬匹水中步行機,從化,,從化,,,,,,,,馬匹水中步行機,,
H317,25/04/2026,游水,從化,,從化,,,,,,,,游水,,
H317,25/04/2026,踱步,從化,內圈,從化 內圈,,,,,,助手,,快踱一圈,H/XB,內圈 快踱一圈 (助手)
H317,24/04/2026,馬匹水中步行機,從化,,從化,,,,,,,,馬匹水中步行機,,
H317,24/04/2026,游水,從化,,從化,,,,,,,,游水,,
H317,23/04/2026,馬匹水中步行機,從化,,從化,,,,,,,,馬匹水中步行機,,
H317,23/04/2026,游水,從化,,從化,,,,,,,,游水,,
H317,23/04/2026,快操,從化,草地,從化 草地,,51.6,51.6,28.4 23.2,,助手,,快操,XB,28.4 23.2 (51.6) (助手)
H317,23/04/2026,踱步,從化,飛機場,從化 飛機場,,,,,,助手,,踱步,XB,飛機場 踱步 (助手)
H317,22/04/2026,馬匹水中步行機,從化,,從化,,,,,,,,馬匹水中步行機,,
H317,22/04/2026,游水,從化,,從化,,,,,,,,游水,,
H317,22/04/2026,踱步,從化,內圈,從化 內圈,,,,,,助手,,快踱一圈,H/XB,內圈 快踱一圈 (助手)
H317,21/04/2026,馬匹水中步行機,從化,,從化,,,,,,,,馬匹水中步行機,,
H317,21/04/2026,游水,從化,,從化,,,,,,,,游水,,
H317,21/04/2026,踱步,從化,內圈,從化 內圈,,,,,,助手,,快踱一圈,H/XB,內圈 快踱一圈 (助手)
H317,20/04/2026,馬匹水中步行機,從化,,從化,,,,,,,,馬匹水中步行機,,
H317,20/04/2026,游水,從化,,從化,,,,,,,,游水,,
H317,20/04/2026,踱步,從化,內圈,從化 內圈,,,,,,助手,,倒快兩圈,H/XB,內圈 倒快兩圈 (助手)
H317,19/04/2026,馬匹水中步行機,從化,,從化,,,,,,,,馬匹水中步行機,,
H317,19/04/2026,游水,從化,,從化,,,,,,,,游水,,
H317,18/04/2026,馬匹水中步行機,從化,,從化,,,,,,,,馬匹水中步行機,,
H317,18/04/2026,游水,從化,,從化,,,,,,,,游水,,
H317,18/04/2026,快操,從化,草地,從化 草地,,55.3,55.3,30.6 24.7,,助手,,快操,XB,30.6 24.7 (55.3) (助手)
H317,18/04/2026,踱步,從化,飛機場,從化 飛機場,,,,,,助手,,踱步,XB,飛機場 踱步 (助手)
H317,17/04/2026,馬匹水中步行機,從化,,從化,,,,,,,,馬匹水中步行機,,
H317,17/04/2026,游水,從化,,從化,,,,,,,,游水,,
H317,17/04/2026,踱步,從化,內圈,從化 內圈,,,,,,助手,,快踱一圈,H/XB,內圈 快踱一圈 (助手)
H317,16/04/2026,游水,從化,,從化,,,,,,,,游水,,
H317,16/04/2026,踱步,從化,內圈,從化 內圈,,,,,,助手,,倒快兩圈,H/XB,內圈 倒快兩圈 (助手)
H317,15/04/2026,游水,沙田,,沙田,,,,,,,,游水,,
H317,15/04/2026,踱步,沙田,內圈,沙田 內圈,,,,,,助手,,快踱一圈,H,內圈 快踱一圈 (助手)
H317,14/04/2026,馬匹跑步機,沙田,,沙田,,,,,,上斜,,馬匹跑步機 - 步行,,馬匹跑步機 - 步行 （上斜）
H317,14/04/2026,游水,沙田,,沙田,,,,,,,,游水,,
H317,13/04/2026,馬匹跑步機,沙田,,沙田,,,,,,上斜,,馬匹跑步機 - 步行,,馬匹跑步機 - 步行 （上斜）
H317,13/04/2026,游水,沙田,,沙田,,,,,,,,游水,,
H317,13/04/2026,快操,沙田,草地,沙田 草地,,57.8,57.8,31.3 26.5,,助手,,快操,H,31.3 26.5 (57.8) (助手)
H317,12/04/2026,游水,沙田,,沙田,,,,,,,,游水,,
H317,12/04/2026,踱步,沙田,內圈,沙田 內圈,,,,,,助手,,快踱一圈,H,內圈 快踱一圈 (助手)
H317,11/04/2026,馬匹跑步機,沙田,,沙田,,,,,,上斜,,馬匹跑步機 - 步行,,馬匹跑步機 - 步行 （上斜）
H317,11/04/2026,游水,沙田,,沙田,,,,,,,,游水,,
H317,10/04/2026,馬匹跑步機,沙田,,沙田,,,,,,上斜,,馬匹跑步機 - 步行,,馬匹跑步機 - 步行 （上斜）
H317,10/04/2026,游水,沙田,,沙田,,,,,,,,游水,,
H317,10/04/2026,快操,沙田,全天候,沙田 全天候,,28.5,28.5,28.5,,助手,,快操,H/XB,28.5 (28.5) (助手)
H317,09/04/2026,馬匹跑步機,沙田,,沙田,,,,,,上斜,,馬匹跑步機 - 步行,,馬匹跑步機 - 步行 （上斜）
H317,09/04/2026,游水,沙田,,沙田,,,,,,,,游水,,
H317,09/04/2026,踱步,沙田,內圈,沙田 內圈,,,,,,助手,,倒快一圈,H,內圈 倒快一圈 (助手)
H317,08/04/2026,馬匹跑步機,沙田,,沙田,,,,,,上斜,,馬匹跑步機 - 踱步,,馬匹跑步機 - 踱步 （上斜）
H317,08/04/2026,游水,沙田,,沙田,,,,,,,,游水,,
H317,07/04/2026,馬匹跑步機,沙田,,沙田,,,,,,上斜,,馬匹跑步機 - 步行,,馬匹跑步機 - 步行 （上斜）
H317,07/04/2026,游水,沙田,,沙田,,,,,,,,游水,,
H317,07/04/2026,踱步,沙田,內圈,沙田 內圈,,,,,,助手,,快踱一圈,H,內圈 快踱一圈 (助手)
H317,06/04/2026,游水,沙田,,沙田,,,,,,,,游水,,
H317,06/04/2026,踱步,沙田,內圈,沙田 內圈,,,,,,助手,,倒快一圈,H,內圈 倒快一圈 (助手)
H317,05/04/2026,馬匹跑步機,沙田,,沙田,,,,,,上斜,,馬匹跑步機 - 步行,,馬匹跑步機 - 步行 （上斜）
H317,05/04/2026,游水,沙田,,沙田,,,,,,,,游水,,
H317,05/04/2026,踱步,沙田,內圈,沙田 內圈,,,,,,助手,,快踱一圈,H,內圈 快踱一圈 (助手)
H317,04/04/2026,馬匹跑步機,沙田,,沙田,,,,,,上斜,,馬匹跑步機 - 步行,,馬匹跑步機 - 步行 （上斜）
H317,04/04/2026,游水,沙田,,沙田,,,,,,,,游水,,
H317,04/04/2026,踱步,沙田,內圈,沙田 內圈,,,,,,助手,,快踱一圈,H,內圈 快踱一圈 (助手)
H317,03/04/2026,馬匹跑步機,沙田,,沙田,,,,,,上斜,,馬匹跑步機 - 步行,,馬匹跑步機 - 步行 （上斜）
H317,03/04/2026,游水,沙田,,沙田,,,,,,,,游水,,
H317,03/04/2026,踱步,沙田,內圈,沙田 內圈,,,,,,助手,,快踱一圈,H,內圈 快踱一圈 (助手)
H317,02/04/2026,游水,沙田,,沙田,,,,,,,,游水,,
H317,02/04/2026,踱步,沙田,內圈,沙田 內圈,,,,,,助手,,倒快一圈,H,內圈 倒快一圈 (助手)
H317,01/04/2026,游水,沙田,,沙田,,,,,,,,游水,,
H317,01/04/2026,踱步,沙田,內圈,沙田 內圈,,,,,,助手,,快踱一圈,H,內圈 快踱一圈 (助手)
H317,31/03/2026,游水,沙田,,沙田,,,,,,,,游水,,
H317,31/03/2026,踱步,沙田,內圈,沙田 內圈,,,,,,助手,,快踱一圈,H,內圈 快踱一圈 (助手)
H317,30/03/2026,游水,沙田,,沙田,,,,,,,,游水,,
H317,30/03/2026,踱步,沙田,內圈,沙田 內圈,,,,,,助手,,倒快一圈,H,內圈 倒快一圈 (助手)
H317,29/03/2026,游水,沙田,,沙田,,,,,,,,游水,,
H317,29/03/2026,踱步,沙田,內圈,沙田 內圈,,,,,,助手,,快踱一圈,H,內圈 快踱一圈 (助手)
H317,28/03/2026,游水,沙田,,沙田,,,,,,,,游水,,
H317,27/03/2026,游水,沙田,,沙田,,,,,,,,游水,,
H317,25/03/2026,出賽,跑馬地,草地,跑馬地 草地,1200M,,,,,班德禮,4/11,出賽,XB,1200M (班德禮) (4/11)
H317,25/03/2026,游水,沙田,,沙田,,,,,,,,游水,,
H317,25/03/2026,踱步,沙田,河畔跑道,沙田 河畔跑道,,,,,,助手,,踱步,H,河畔跑道 踱步 (助手)
H317,24/03/2026,游水,沙田,,沙田,,,,,,,,游水,,
H317,24/03/2026,踱步,沙田,內圈,沙田 內圈,,,,,,助手,,快踱一圈,H,內圈 快踱一圈 (助手)
H317,23/03/2026,游水,沙田,,沙田,,,,,,,,游水,,
H317,23/03/2026,踱步,沙田,內圈,沙田 內圈,,,,,,助手,,倒快一圈,H,內圈 倒快一圈 (助手)
H317,22/03/2026,游水,沙田,,沙田,,,,,,,,游水,,
H317,22/03/2026,踱步,沙田,內圈,沙田 內圈,,,,,,助手,,快踱一圈,H,內圈 快踱一圈 (助手)
H317,21/03/2026,踱步,從化,內圈,從化 內圈,,,,,,助手,,快踱一圈,H/XB,內圈 快踱一圈 (助手)
H317,20/03/2026,馬匹水中步行機,從化,,從化,,,,,,,,馬匹水中步行機,,
H317,19/03/2026,馬匹水中步行機,從化,,從化,,,,,,,,馬匹水中步行機,,
H317,19/03/2026,快操,從化,草地,從化 草地,,54.0,54.0,29.2 24.8,,助手,,快操,XB,29.2 24.8 (54.0) (助手)
H317,19/03/2026,踱步,從化,飛機場,從化 飛機場,,,,,,助手,,踱步,XB,飛機場 踱步 (助手)
H317,18/03/2026,馬匹水中步行機,從化,,從化,,,,,,,,馬匹水中步行機,,
H317,18/03/2026,游水,從化,,從化,,,,,,,,游水,,
H317,18/03/2026,踱步,從化,內圈,從化 內圈,,,,,,助手,,快踱一圈,H/XB,內圈 快踱一圈 (助手)
H317,17/03/2026,馬匹水中步行機,從化,,從化,,,,,,,,馬匹水中步行機,,
H317,17/03/2026,游水,從化,,從化,,,,,,,,游水,,
H317,17/03/2026,踱步,從化,內圈,從化 內圈,,,,,,助手,,快踱一圈,H,內圈 快踱一圈 (助手)
H317,16/03/2026,馬匹水中步行機,從化,,從化,,,,,,,,馬匹水中步行機,,
H317,16/03/2026,游水,從化,,從化,,,,,,,,游水,,
H317,16/03/2026,踱步,從化,內圈,從化 內圈,,,,,,助手,,倒快兩圈,H/XB,內圈 倒快兩圈 (助手)
H317,15/03/2026,馬匹水中步行機,從化,,從化,,,,,,,,馬匹水中步行機,,
H317,15/03/2026,游水,從化,,從化,,,,,,,,游水,,
H317,15/03/2026,踱步,從化,內圈,從化 內圈,,,,,,助手,,快踱一圈,H/XB,內圈 快踱一圈 (助手)
H317,14/03/2026,游水,從化,,從化,,,,,,,,游水,,
H317,14/03/2026,踱步,從化,內圈,從化 內圈,,,,,,助手,,快踱一圈,H,內圈 快踱一圈 (助手)
H317,12/03/2026,游水,從化,,從化,,,,,,,,游水,,
H317,12/03/2026,快操,從化,草地,從化 草地,,1.21.4,81.4,28.8 28.4 24.2,,助手,,快操,XB,28.8 28.4 24.2 (1.21.4) (助手)
H317,12/03/2026,踱步,從化,飛機場,從化 飛機場,,,,,,助手,,踱步,XB,飛機場 踱步 (助手)
H317,11/03/2026,游水,從化,,從化,,,,,,,,游水,,
H317,11/03/2026,踱步,從化,內圈,從化 內圈,,,,,,助手,,快踱一圈,H/XB,內圈 快踱一圈 (助手)
H317,10/03/2026,馬匹水中步行機,從化,,從化,,,,,,,,馬匹水中步行機,,
H317,10/03/2026,游水,從化,,從化,,,,,,,,游水,,
H317,10/03/2026,踱步,從化,內圈,從化 內圈,,,,,,助手,,快踱一圈,H/XB,內圈 快踱一圈 (助手)
H317,09/03/2026,馬匹水中步行機,從化,,從化,,,,,,,,馬匹水中步行機,,
H317,09/03/2026,游水,從化,,從化,,,,,,,,游水,,
H317,09/03/2026,踱步,從化,內圈,從化 內圈,,,,,,助手,,倒快兩圈,H/XB,內圈 倒快兩圈 (助手)
H317,08/03/2026,馬匹水中步行機,從化,,從化,,,,,,,,馬匹水中步行機,,
H317,08/03/2026,游水,從化,,從化,,,,,,,,游水,,
H317,07/03/2026,游水,從化,,從化,,,,,,,,游水,,
H317,07/03/2026,快操,從化,登山跑道,從化 登山跑道,,57.9,57.9,31.1 26.8,,助手,,快操,H/XB,31.1 26.8 (57.9) (助手)
H317,07/03/2026,踱步,從化,飛機場,從化 飛機場,,,,,,助手,,踱步,H/XB,飛機場 踱步 (助手)
H317,06/03/2026,馬匹水中步行機,從化,,從化,,,,,,,,馬匹水中步行機,,
H317,06/03/2026,踱步,從化,內圈,從化 內圈,,,,,,助手,,快踱一圈,H/XB,內圈 快踱一圈 (助手)
H317,05/03/2026,馬匹水中步行機,從化,,從化,,,,,,,,馬匹水中步行機,,
H317,05/03/2026,踱步,從化,內圈,從化 內圈,,,,,,助手,,倒快兩圈,H/XB,內圈 倒快兩圈 (助手)
H317,04/03/2026,游水,沙田,,沙田,,,,,,,,游水,,
H317,04/03/2026,踱步,沙田,內圈,沙田 內圈,,,,,,助手,,快踱一圈,H,內圈 快踱一圈 (助手)
H317,03/03/2026,游水,沙田,,沙田,,,,,,,,游水,,
H317,03/03/2026,踱步,沙田,內圈,沙田 內圈,,,,,,助手,,快踱一圈,H,內圈 快踱一圈 (助手)
H317,02/03/2026,游水,沙田,,沙田,,,,,,,,游水,,
H317,02/03/2026,踱步,沙田,內圈,沙田 內圈,,,,,,助手,,倒快一圈,H,內圈 倒快一圈 (助手)
H317,01/03/2026,游水,沙田,,沙田,,,,,,,,游水,,
H317,01/03/2026,踱步,沙田,內圈,沙田 內圈,,,,,,助手,,快踱一圈,H,內圈 快踱一圈 (助手)
H317,28/02/2026,游水,沙田,,沙田,,,,,,,,游水,,
H317,27/02/2026,游水,沙田,,沙田,,,,,,,,游水,,
H317,26/02/2026,游水,沙田,,沙田,,,,,,,,游水,,
H317,25/02/2026,出賽,跑馬地,草地,跑馬地 草地,1200M,,,,,班德禮,5/12,出賽,XB,1200M (班德禮) (5/12)
H317,25/02/2026,游水,沙田,,沙田,,,,,,,,游水,,
H317,25/02/2026,踱步,沙田,河畔跑道,沙田 河畔跑道,,,,,,助手,,踱步,H,河畔跑道 踱步 (助手)
H317,24/02/2026,游水,沙田,,沙田,,,,,,,,游水,,
H317,24/02/2026,踱步,沙田,內圈,沙田 內圈,,,,,,助手,,快踱一圈,H,內圈 快踱一圈 (助手)
H317,23/02/2026,游水,沙田,,沙田,,,,,,,,游水,,
H317,23/02/2026,踱步,沙田,內圈,沙田 內圈,,,,,,助手,,倒快一圈,H,內圈 倒快一圈 (助手)
H317,22/02/2026,游水,沙田,,沙田,,,,,,,,游水,,
H317,21/02/2026,游水,沙田,,沙田,,,,,,,,游水,,
H317,20/02/2026,游水,沙田,,沙田,,,,,,,,游水,,
H317,20/02/2026,快操,沙田,草地,沙田 草地,,55.9,55.9,31.4 24.5,,助手,,快操,,31.4 24.5 (55.9) (助手)
H317,19/02/2026,游水,沙田,,沙田,,,,,,,,游水,,
H317,19/02/2026,踱步,沙田,內圈,沙田 內圈,,,,,,助手,,倒快一圈,H,內圈 倒快一圈 (助手)
H317,18/02/2026,游水,沙田,,沙田,,,,,,,,游水,,
H317,18/02/2026,踱步,沙田,內圈,沙田 內圈,,,,,,助手,,快踱一圈,H,內圈 快踱一圈 (助手)
H317,16/02/2026,游水,沙田,,沙田,,,,,,,,游水,,
H317,16/02/2026,快操,沙田,草地,沙田 草地,,56.0,56.0,30.9 25.1,,助手,,快操,XB,30.9 25.1 (56.0) (助手)
H317,15/02/2026,游水,沙田,,沙田,,,,,,,,游水,,
H317,15/02/2026,踱步,沙田,內圈,沙田 內圈,,,,,,助手,,快踱一圈,H,內圈 快踱一圈 (助手)
H317,14/02/2026,游水,從化,,從化,,,,,,,,游水,,
H317,14/02/2026,踱步,從化,內圈,從化 內圈,,,,,,助手,,快踱一圈,H/XB,內圈 快踱一圈 (助手)
H317,13/02/2026,馬匹水中步行機,從化,,從化,,,,,,,,馬匹水中步行機,,
H317,13/02/2026,游水,從化,,從化,,,,,,,,游水,,
H317,12/02/2026,馬匹水中步行機,從化,,從化,,,,,,,,馬匹水中步行機,,
H317,12/02/2026,游水,從化,,從化,,,,,,,,游水,,
H317,12/02/2026,快操,從化,草地,從化 草地,,53.5,53.5,28.7 24.8,,助手,,快操,XB,28.7 24.8 (53.5) (助手)
H317,12/02/2026,踱步,從化,飛機場,從化 飛機場,,,,,,助手,,踱步,XB,飛機場 踱步 (助手)
H317,11/02/2026,馬匹水中步行機,從化,,從化,,,,,,,,馬匹水中步行機,,
H317,11/02/2026,游水,從化,,從化,,,,,,,,游水,,
H317,11/02/2026,踱步,從化,內圈,從化 內圈,,,,,,助手,,快踱一圈,H/XB,內圈 快踱一圈 (助手)
H317,10/02/2026,馬匹水中步行機,從化,,從化,,,,,,,,馬匹水中步行機,,
H317,10/02/2026,游水,從化,,從化,,,,,,,,游水,,
H317,10/02/2026,踱步,從化,內圈,從化 內圈,,,,,,助手,,快踱一圈,H/XB,內圈 快踱一圈 (助手)
H317,09/02/2026,馬匹水中步行機,從化,,從化,,,,,,,,馬匹水中步行機,,
H317,09/02/2026,踱步,從化,內圈,從化 內圈,,,,,,助手,,倒快一圈,H/XB,內圈 倒快一圈 (助手)
H317,08/02/2026,馬匹水中步行機,從化,,從化,,,,,,,,馬匹水中步行機,,
H317,08/02/2026,游水,從化,,從化,,,,,,,,游水,,
H317,08/02/2026,踱步,從化,內圈,從化 內圈,,,,,,助手,,快踱一圈,H/XB,內圈 快踱一圈 (助手)
H317,07/02/2026,馬匹水中步行機,從化,,從化,,,,,,,,馬匹水中步行機,,
H317,07/02/2026,游水,從化,,從化,,,,,,,,游水,,
H317,06/02/2026,馬匹水中步行機,從化,,從化,,,,,,,,馬匹水中步行機,,
H317,06/02/2026,試閘,從化,草地,從化 草地,1000M,0.58.49,58.49,13.9 21.8 22.7,環球英雄,駱泰尼,,第3組,XB,第3組 (駱泰尼) 1000M 環球英雄 13.9 21.8 22.7 (0.58.49)
H317,06/02/2026,踱步,從化,飛機場,從化 飛機場,,,,,,助手,,踱步,XB,飛機場 踱步 (助手)
H317,05/02/2026,馬匹水中步行機,從化,,從化,,,,,,,,馬匹水中步行機,,
H317,05/02/2026,游水,從化,,從化,,,,,,,,游水,,
H317,05/02/2026,踱步,從化,內圈,從化 內圈,,,,,,助手,,倒快兩圈,H,內圈 倒快兩圈 (助手)
H317,04/02/2026,馬匹水中步行機,從化,,從化,,,,,,,,馬匹水中步行機,,
H317,04/02/2026,游水,從化,,從化,,,,,,,,游水,,
H317,04/02/2026,踱步,從化,內圈,從化 內圈,,,,,,助手,,快踱一圈,H/XB,內圈 快踱一圈 (助手)
H317,03/02/2026,馬匹水中步行機,從化,,從化,,,,,,,,馬匹水中步行機,,
H317,03/02/2026,游水,從化,,從化,,,,,,,,游水,,
H317,03/02/2026,踱步,從化,內圈,從化 內圈,,,,,,助手,,快踱一圈,H/XB,內圈 快踱一圈 (助手)
H317,02/02/2026,馬匹水中步行機,從化,,從化,,,,,,,,馬匹水中步行機,,
H317,02/02/2026,游水,從化,,從化,,,,,,,,游水,,
H317,02/02/2026,踱步,從化,內圈,從化 內圈,,,,,,助手,,倒快兩圈,H,內圈 倒快兩圈 (助手)
H317,01/02/2026,馬匹水中步行機,從化,,從化,,,,,,,,馬匹水中步行機,,
H317,01/02/2026,游水,從化,,從化,,,,,,,,游水,,
H317,31/01/2026,馬匹水中步行機,從化,,從化,,,,,,,,馬匹水中步行機,,
H317,31/01/2026,游水,從化,,從化,,,,,,,,游水,,
H317,31/01/2026,快操,從化,登山跑道,從化 登山跑道,,54.3,54.3,29.9 24.4,,助手,,快操,XB,29.9 24.4 (54.3) (助手)
H317,31/01/2026,踱步,從化,飛機場,從化 飛機場,,,,,,助手,,踱步,XB,飛機場 踱步 (助手)
H317,30/01/2026,馬匹水中步行機,從化,,從化,,,,,,,,馬匹水中步行機,,
H317,30/01/2026,游水,從化,,從化,,,,,,,,游水,,
H317,30/01/2026,踱步,從化,內圈,從化 內圈,,,,,,助手,,快踱一圈,H/XB,內圈 快踱一圈 (助手)
H317,29/01/2026,馬匹水中步行機,從化,,從化,,,,,,,,馬匹水中步行機,,
H317,29/01/2026,游水,從化,,從化,,,,,,,,游水,,
H317,29/01/2026,踱步,從化,內圈,從化 內圈,,,,,,助手,,倒快兩圈,H/XB,內圈 倒快兩圈 (助手)
H317,28/01/2026,馬匹水中步行機,從化,,從化,,,,,,,,馬匹水中步行機,,
H317,28/01/2026,游水,從化,,從化,,,,,,,,游水,,
H317,27/01/2026,游水,從化,,從化,,,,,,,,游水,,
H317,27/01/2026,快操,從化,草地,從化 草地,,59.3,59.3,32.6 26.7,,助手,,快操,H/XB,32.6 26.7 (59.3) (助手)
H317,27/01/2026,踱步,從化,飛機場,從化 飛機場,,,,,,助手,,踱步,H/XB,飛機場 踱步 (助手)
H317,26/01/2026,馬匹水中步行機,從化,,從化,,,,,,,,馬匹水中步行機,,
H317,26/01/2026,游水,從化,,從化,,,,,,,,游水,,
H317,26/01/2026,踱步,從化,內圈,從化 內圈,,,,,,助手,,倒快兩圈,H/XB,內圈 倒快兩圈 (助手)
H317,25/01/2026,馬匹水中步行機,從化,,從化,,,,,,,,馬匹水中步行機,,
H317,25/01/2026,游水,從化,,從化,,,,,,,,游水,,
H317,25/01/2026,踱步,從化,內圈,從化 內圈,,,,,,助手,,快踱一圈,H/XB,內圈 快踱一圈 (助手)
H317,24/01/2026,馬匹水中步行機,從化,,從化,,,,,,,,馬匹水中步行機,,
H317,24/01/2026,游水,從化,,從化,,,,,,,,游水,,
H317,24/01/2026,踱步,從化,內圈,從化 內圈,,,,,,助手,,快踱一圈,H/XB,內圈 快踱一圈 (助手)
H317,23/01/2026,馬匹水中步行機,從化,,從化,,,,,,,,馬匹水中步行機,,
H317,22/01/2026,馬匹水中步行機,從化,,從化,,,,,,,,馬匹水中步行機,,
H317,22/01/2026,游水,從化,,從化,,,,,,,,游水,,
H317,22/01/2026,快操,從化,全天候,從化 全天候,,56.4,56.4,29.2 27.2,,助手,,快操,H/XB,29.2 27.2 (56.4) (助手)
H317,22/01/2026,踱步,從化,飛機場,從化 飛機場,,,,,,助手,,踱步,H/XB,飛機場 踱步 (助手)
H317,21/01/2026,馬匹水中步行機,從化,,從化,,,,,,,,馬匹水中步行機,,
H317,21/01/2026,游水,從化,,從化,,,,,,,,游水,,
H317,21/01/2026,踱步,從化,內圈,從化 內圈,,,,,,助手,,快踱一圈,H,內圈 快踱一圈 (助手)
H317,20/01/2026,馬匹水中步行機,從化,,從化,,,,,,,,馬匹水中步行機,,
H317,20/01/2026,游水,從化,,從化,,,,,,,,游水,,
H317,20/01/2026,踱步,從化,內圈,從化 內圈,,,,,,助手,,快踱一圈,H/XB,內圈 快踱一圈 (助手)
H317,19/01/2026,游水,沙田,,沙田,,,,,,,,游水,,
H317,19/01/2026,踱步,沙田,內圈,沙田 內圈,,,,,,助手,,倒快一圈,H,內圈 倒快一圈 (助手)
H317,18/01/2026,游水,沙田,,沙田,,,,,,,,游水,,
H317,18/01/2026,踱步,沙田,內圈,沙田 內圈,,,,,,助手,,快踱一圈,H,內圈 快踱一圈 (助手)
H317,17/01/2026,游水,沙田,,沙田,,,,,,,,游水,,
H317,16/01/2026,游水,沙田,,沙田,,,,,,,,游水,,
H317,15/01/2026,游水,沙田,,沙田,,,,,,,,游水,,
H317,14/01/2026,出賽,跑馬地,草地,跑馬地 草地,1200M,,,,,布文,2/12,出賽,XB,1200M (布文) (2/12)
H317,14/01/2026,踱步,沙田,河畔跑道,沙田 河畔跑道,,,,,,助手,,踱步,H,河畔跑道 踱步 (助手)
H317,13/01/2026,游水,沙田,,沙田,,,,,,,,游水,,
H317,13/01/2026,踱步,沙田,內圈,沙田 內圈,,,,,,助手,,快踱一圈,H,內圈 快踱一圈 (助手)
H317,12/01/2026,游水,沙田,,沙田,,,,,,,,游水,,
H317,12/01/2026,踱步,沙田,內圈,沙田 內圈,,,,,,助手,,倒快一圈,H,內圈 倒快一圈 (助手)
H317,11/01/2026,游水,沙田,,沙田,,,,,,,,游水,,
H317,11/01/2026,踱步,沙田,內圈,沙田 內圈,,,,,,助手,,快踱一圈,H,內圈 快踱一圈 (助手)
H317,10/01/2026,游水,沙田,,沙田,,,,,,,,游水,,
H317,10/01/2026,踱步,沙田,內圈,沙田 內圈,,,,,,助手,,快踱一圈,H,內圈 快踱一圈 (助手)
H317,09/01/2026,游水,沙田,,沙田,,,,,,,,游水,,
H317,08/01/2026,快操,從化,草地,從化 草地,,55.5,55.5,30.1 25.4,,助手,,快操,H/XB,30.1 25.4 (55.5) (助手)
H317,08/01/2026,踱步,從化,飛機場,從化 飛機場,,,,,,助手,,踱步,H/XB,飛機場 踱步 (助手)
H317,07/01/2026,馬匹水中步行機,從化,,從化,,,,,,,,馬匹水中步行機,,
H317,07/01/2026,踱步,從化,內圈,從化 內圈,,,,,,助手,,快踱一圈,H/XB,內圈 快踱一圈 (助手)
H317,06/01/2026,馬匹水中步行機,從化,,從化,,,,,,,,馬匹水中步行機,,
H317,06/01/2026,踱步,從化,內圈,從化 內圈,,,,,,助手,,快踱一圈,H,內圈 快踱一圈 (助手)
H317,05/01/2026,馬匹水中步行機,從化,,從化,,,,,,,,馬匹水中步行機,,
H317,05/01/2026,踱步,從化,內圈,從化 內圈,,,,,,助手,,倒快兩圈,H/XB,內圈 倒快兩圈 (助手)
H317,04/01/2026,馬匹水中步行機,從化,,從化,,,,,,,,馬匹水中步行機,,
H317,04/01/2026,踱步,從化,內圈,從化 內圈,,,,,,助手,,快踱一圈,H/XB,內圈 快踱一圈 (助手)
H317,03/01/2026,馬匹水中步行機,從化,,從化,,,,,,,,馬匹水中步行機,,
H317,03/01/2026,游水,從化,,從化,,,,,,,,游水,,
H317,03/01/2026,踱步,從化,內圈,從化 內圈,,,,,,助手,,快踱一圈,H/XB,內圈 快踱一圈 (助手)
H317,02/01/2026,馬匹水中步行機,從化,,從化,,,,,,,,馬匹水中步行機,,
H317,02/01/2026,游水,從化,,從化,,,,,,,,游水,,
H317,02/01/2026,踱步,從化,內圈,從化 內圈,,,,,,助手,,快踱一圈,H/XB,內圈 快踱一圈 (助手)
H317,01/01/2026,馬匹水中步行機,從化,,從化,,,,,,,,馬匹水中步行機,,
H317,01/01/2026,游水,從化,,從化,,,,,,,,游水,,
H317,01/01/2026,踱步,從化,內圈,從化 內圈,,,,,,助手,,倒快一圈,H/XB,內圈 倒快一圈 (助手)
H317,30/12/2025,試閘,從化,草地,從化 草地,1200M,1.11.15,71.15,25.0 22.6 23.5,花好月盈,楊明綸,,第9組,XB,第9組 (楊明綸) 1200M 花好月盈 25.0 22.6 23.5 (1.11.15)
H317,30/12/2025,踱步,從化,飛機場,從化 飛機場,,,,,,助手,,踱步,XB,飛機場 踱步 (助手)
H317,29/12/2025,游水,從化,,從化,,,,,,,,游水,,
H317,29/12/2025,踱步,從化,內圈,從化 內圈,,,,,,助手,,倒快兩圈,H/XB,內圈 倒快兩圈 (助手)
H317,28/12/2025,馬匹水中步行機,從化,,從化,,,,,,,,馬匹水中步行機,,
H317,28/12/2025,游水,從化,,從化,,,,,,,,游水,,
H317,28/12/2025,踱步,從化,內圈,從化 內圈,,,,,,助手,,快踱一圈,H/XB,內圈 快踱一圈 (助手)
H317,27/12/2025,馬匹水中步行機,從化,,從化,,,,,,,,馬匹水中步行機,,
H317,27/12/2025,游水,從化,,從化,,,,,,,,游水,,
H317,27/12/2025,踱步,從化,內圈,從化 內圈,,,,,,助手,,快踱一圈,H/XB,內圈 快踱一圈 (助手)
H317,26/12/2025,馬匹水中步行機,從化,,從化,,,,,,,,馬匹水中步行機,,
H317,25/12/2025,游水,從化,,從化,,,,,,,,游水,,
H317,25/12/2025,快操,從化,草地,從化 草地,,54.7,54.7,28.7 26.0,,助手,,快操,XB,28.7 26.0 (54.7) (助手)
H317,25/12/2025,踱步,從化,飛機場,從化 飛機場,,,,,,助手,,踱步,XB,飛機場 踱步 (助手)
H317,24/12/2025,馬匹水中步行機,從化,,從化,,,,,,,,馬匹水中步行機,,
H317,24/12/2025,游水,從化,,從化,,,,,,,,游水,,
H317,24/12/2025,踱步,從化,內圈,從化 內圈,,,,,,助手,,快踱一圈,H/XB,內圈 快踱一圈 (助手)
H317,23/12/2025,馬匹水中步行機,從化,,從化,,,,,,,,馬匹水中步行機,,
H317,23/12/2025,游水,從化,,從化,,,,,,,,游水,,
H317,23/12/2025,踱步,從化,內圈,從化 內圈,,,,,,助手,,快踱一圈,H/XB,內圈 快踱一圈 (助手)
H317,22/12/2025,馬匹水中步行機,從化,,從化,,,,,,,,馬匹水中步行機,,
H317,22/12/2025,游水,從化,,從化,,,,,,,,游水,,
H317,22/12/2025,踱步,從化,內圈,從化 內圈,,,,,,助手,,倒快兩圈,H/XB,內圈 倒快兩圈 (助手)
H317,21/12/2025,馬匹水中步行機,從化,,從化,,,,,,,,馬匹水中步行機,,
H317,21/12/2025,游水,從化,,從化,,,,,,,,游水,,
H317,20/12/2025,馬匹水中步行機,從化,,從化,,,,,,,,馬匹水中步行機,,
H317,20/12/2025,游水,從化,,從化,,,,,,,,游水,,
H317,20/12/2025,快操,從化,草地,從化 草地,,55.4,55.4,29.5 25.9,,助手,,快操,H/XB,29.5 25.9 (55.4) (助手)
H317,20/12/2025,踱步,從化,飛機場,從化 飛機場,,,,,,助手,,踱步,H/XB,飛機場 踱步 (助手)
H317,19/12/2025,馬匹水中步行機,從化,,從化,,,,,,,,馬匹水中步行機,,
H317,19/12/2025,游水,從化,,從化,,,,,,,,游水,,
H317,19/12/2025,踱步,從化,內圈,從化 內圈,,,,,,助手,,快踱一圈,H/XB,內圈 快踱一圈 (助手)
H317,18/12/2025,馬匹水中步行機,從化,,從化,,,,,,,,馬匹水中步行機,,
H317,18/12/2025,游水,從化,,從化,,,,,,,,游水,,
H317,18/12/2025,踱步,從化,內圈,從化 內圈,,,,,,助手,,倒快兩圈,H/XB,內圈 倒快兩圈 (助手)
H317,17/12/2025,馬匹水中步行機,從化,,從化,,,,,,,,馬匹水中步行機,,
H317,17/12/2025,游水,從化,,從化,,,,,,,,游水,,
H317,16/12/2025,馬匹水中步行機,從化,,從化,,,,,,,,馬匹水中步行機,,
H317,16/12/2025,游水,從化,,從化,,,,,,,,游水,,
H317,16/12/2025,快操,從化,登山跑道,從化 登山跑道,,57.7,57.7,31.4 26.3,,助手,,快操,H/XB,31.4 26.3 (57.7) (助手)
H317,16/12/2025,踱步,從化,飛機場,從化 飛機場,,,,,,助手,,踱步,H/XB,飛機場 踱步 (助手)
H317,15/12/2025,馬匹水中步行機,從化,,從化,,,,,,,,馬匹水中步行機,,
H317,15/12/2025,游水,從化,,從化,,,,,,,,游水,,
H317,15/12/2025,踱步,從化,內圈,從化 內圈,,,,,,助手,,倒快兩圈,H/XB,內圈 倒快兩圈 (助手)
H317,14/12/2025,馬匹水中步行機,從化,,從化,,,,,,,,馬匹水中步行機,,
H317,14/12/2025,游水,從化,,從化,,,,,,,,游水,,
H317,14/12/2025,踱步,從化,內圈,從化 內圈,,,,,,助手,,快踱一圈,H/XB,內圈 快踱一圈 (助手)
H317,13/12/2025,馬匹水中步行機,從化,,從化,,,,,,,,馬匹水中步行機,,
H317,13/12/2025,游水,從化,,從化,,,,,,,,游水,,
H317,13/12/2025,踱步,從化,內圈,從化 內圈,,,,,,助手,,快踱一圈,H/XB,內圈 快踱一圈 (助手)
H317,12/12/2025,馬匹水中步行機,從化,,從化,,,,,,,,馬匹水中步行機,,
H317,12/12/2025,游水,從化,,從化,,,,,,,,游水,,
H317,12/12/2025,踱步,從化,內圈,從化 內圈,,,,,,助手,,快踱一圈,H/XB,內圈 快踱一圈 (助手)
H317,11/12/2025,游水,從化,,從化,,,,,,,,游水,,
H317,11/12/2025,踱步,從化,內圈,從化 內圈,,,,,,助手,,倒快一圈,H/XB,內圈 倒快一圈 (助手)
H317,10/12/2025,馬匹水中步行機,從化,,從化,,,,,,,,馬匹水中步行機,,
H317,10/12/2025,游水,從化,,從化,,,,,,,,游水,,
H317,09/12/2025,馬匹水中步行機,從化,,從化,,,,,,,,馬匹水中步行機,,
H317,09/12/2025,游水,從化,,從化,,,,,,,,游水,,
H317,08/12/2025,馬匹水中步行機,從化,,從化,,,,,,,,馬匹水中步行機,,
H317,08/12/2025,游水,從化,,從化,,,,,,,,游水,,
H317,07/12/2025,馬匹水中步行機,從化,,從化,,,,,,,,馬匹水中步行機,,
H317,06/12/2025,快操,從化,登山跑道,從化 登山跑道,,29.4,29.4,29.4,,助手,,快操,H/XB,29.4 (29.4) (助手)
H317,06/12/2025,踱步,從化,飛機場,從化 飛機場,,,,,,助手,,踱步,H/XB,飛機場 踱步 (助手)
H317,05/12/2025,馬匹水中步行機,從化,,從化,,,,,,,,馬匹水中步行機,,
H317,05/12/2025,游水,從化,,從化,,,,,,,,游水,,
H317,05/12/2025,踱步,從化,內圈,從化 內圈,,,,,,助手,,快踱一圈,H,內圈 快踱一圈 (助手)
H317,04/12/2025,馬匹水中步行機,從化,,從化,,,,,,,,馬匹水中步行機,,
H317,04/12/2025,游水,從化,,從化,,,,,,,,游水,,
H317,04/12/2025,踱步,從化,內圈,從化 內圈,,,,,,助手,,倒快兩圈,H,內圈 倒快兩圈 (助手)
H317,03/12/2025,馬匹水中步行機,從化,,從化,,,,,,,,馬匹水中步行機,,
H317,03/12/2025,踱步,從化,內圈,從化 內圈,,,,,,助手,,快踱一圈,H/XB,內圈 快踱一圈 (助手)
H317,02/12/2025,馬匹水中步行機,從化,,從化,,,,,,,,馬匹水中步行機,,
H317,02/12/2025,踱步,從化,內圈,從化 內圈,,,,,,助手,,快踱一圈,H/XB,內圈 快踱一圈 (助手)
H317,01/12/2025,馬匹水中步行機,從化,,從化,,,,,,,,馬匹水中步行機,,
H317,01/12/2025,踱步,從化,內圈,從化 內圈,,,,,,助手,,倒快一圈,H/XB,內圈 倒快一圈 (助手)
H317,30/11/2025,踱步,從化,飛機場,從化 飛機場,,,,,,助手,,踱步,H,飛機場 踱步 (助手)
H317,28/11/2025,游水,沙田,,沙田,,,,,,,,游水,,
H317,27/11/2025,游水,沙田,,沙田,,,,,,,,游水,,
H317,26/11/2025,出賽,跑馬地,草地,跑馬地 草地,1200M,,,,,班德禮,3/12,出賽,XB,1200M (班德禮) (3/12)
H317,26/11/2025,踱步,沙田,河畔跑道,沙田 河畔跑道,,,,,,助手,,踱步,H,河畔跑道 踱步 (助手)
H317,25/11/2025,游水,沙田,,沙田,,,,,,,,游水,,
H317,25/11/2025,踱步,沙田,內圈,沙田 內圈,,,,,,助手,,快踱一圈,H,內圈 快踱一圈 (助手)
H317,24/11/2025,游水,沙田,,沙田,,,,,,,,游水,,
H317,24/11/2025,踱步,沙田,內圈,沙田 內圈,,,,,,助手,,倒快一圈,H,內圈 倒快一圈 (助手)
H317,23/11/2025,游水,沙田,,沙田,,,,,,,,游水,,
H317,23/11/2025,踱步,沙田,內圈,沙田 內圈,,,,,,助手,,快踱一圈,H,內圈 快踱一圈 (助手)
H317,22/11/2025,游水,從化,,從化,,,,,,,,游水,,
H317,22/11/2025,踱步,從化,內圈,從化 內圈,,,,,,助手,,快踱一圈,H/XB,內圈 快踱一圈 (助手)
H317,21/11/2025,馬匹水中步行機,從化,,從化,,,,,,,,馬匹水中步行機,,
H317,21/11/2025,游水,從化,,從化,,,,,,,,游水,,
H317,20/11/2025,馬匹水中步行機,從化,,從化,,,,,,,,馬匹水中步行機,,
H317,20/11/2025,游水,從化,,從化,,,,,,,,游水,,
H317,20/11/2025,快操,從化,草地,從化 草地,,54.3,54.3,28.9 25.4,,助手,,快操,XB,28.9 25.4 (54.3) (助手)
H317,20/11/2025,踱步,從化,飛機場,從化 飛機場,,,,,,助手,,踱步,XB,飛機場 踱步 (助手)
H317,19/11/2025,馬匹水中步行機,從化,,從化,,,,,,,,馬匹水中步行機,,
H317,19/11/2025,游水,從化,,從化,,,,,,,,游水,,
H317,19/11/2025,踱步,從化,內圈,從化 內圈,,,,,,助手,,快踱一圈,H/XB,內圈 快踱一圈 (助手)
H317,18/11/2025,馬匹水中步行機,從化,,從化,,,,,,,,馬匹水中步行機,,
H317,18/11/2025,游水,從化,,從化,,,,,,,,游水,,
H317,18/11/2025,踱步,從化,內圈,從化 內圈,,,,,,助手,,快踱一圈,H/XB,內圈 快踱一圈 (助手)
H317,17/11/2025,馬匹水中步行機,從化,,從化,,,,,,,,馬匹水中步行機,,
H317,17/11/2025,游水,從化,,從化,,,,,,,,游水,,
H317,17/11/2025,踱步,從化,內圈,從化 內圈,,,,,,助手,,倒快兩圈,H,內圈 倒快兩圈 (助手)
H317,16/11/2025,馬匹水中步行機,從化,,從化,,,,,,,,馬匹水中步行機,,
H317,16/11/2025,游水,從化,,從化,,,,,,,,游水,,
H317,15/11/2025,馬匹水中步行機,從化,,從化,,,,,,,,馬匹水中步行機,,
H317,15/11/2025,游水,從化,,從化,,,,,,,,游水,,
H317,15/11/2025,快操,從化,登山跑道,從化 登山跑道,,59.4,59.4,32.0 27.4,,助手,,快操,XB,32.0 27.4 (59.4) (助手)
H317,15/11/2025,踱步,從化,飛機場,從化 飛機場,,,,,,助手,,踱步,XB,飛機場 踱步 (助手)
H317,14/11/2025,游水,從化,,從化,,,,,,,,游水,,
H317,14/11/2025,踱步,從化,內圈,從化 內圈,,,,,,助手,,快踱一圈,H,內圈 快踱一圈 (助手)
H317,13/11/2025,馬匹水中步行機,從化,,從化,,,,,,,,馬匹水中步行機,,
H317,13/11/2025,游水,從化,,從化,,,,,,,,游水,,
H317,13/11/2025,踱步,從化,內圈,從化 內圈,,,,,,助手,,倒快兩圈,H/XB,內圈 倒快兩圈 (助手)
H317,12/11/2025,馬匹水中步行機,從化,,從化,,,,,,,,馬匹水中步行機,,
H317,12/11/2025,游水,從化,,從化,,,,,,,,游水,,
H317,12/11/2025,踱步,從化,內圈,從化 內圈,,,,,,助手,,快踱一圈,H,內圈 快踱一圈 (助手)
H317,11/11/2025,馬匹水中步行機,從化,,從化,,,,,,,,馬匹水中步行機,,
H317,11/11/2025,游水,從化,,從化,,,,,,,,游水,,
H317,10/11/2025,馬匹水中步行機,從化,,從化,,,,,,,,馬匹水中步行機,,
H317,10/11/2025,游水,從化,,從化,,,,,,,,游水,,
H317,10/11/2025,快操,從化,全天候,從化 全天候,,56.0,56.0,29.9 26.1,,助手,,快操,H/XB,29.9 26.1 (56.0) (助手)
H317,10/11/2025,踱步,從化,飛機場,從化 飛機場,,,,,,助手,,踱步,H/XB,飛機場 踱步 (助手)
H317,09/11/2025,馬匹水中步行機,從化,,從化,,,,,,,,馬匹水中步行機,,
H317,09/11/2025,游水,從化,,從化,,,,,,,,游水,,
H317,09/11/2025,踱步,從化,內圈,從化 內圈,,,,,,助手,,快踱一圈,H,內圈 快踱一圈 (助手)
H317,08/11/2025,馬匹水中步行機,從化,,從化,,,,,,,,馬匹水中步行機,,
H317,08/11/2025,游水,從化,,從化,,,,,,,,游水,,
H317,08/11/2025,踱步,從化,內圈,從化 內圈,,,,,,助手,,快踱一圈,H/XB,內圈 快踱一圈 (助手)
H317,07/11/2025,游水,沙田,,沙田,,,,,,,,游水,,
H317,07/11/2025,踱步,沙田,內圈,沙田 內圈,,,,,,助手,,快踱一圈,H,內圈 快踱一圈 (助手)
H317,06/11/2025,游水,沙田,,沙田,,,,,,,,游水,,
H317,06/11/2025,踱步,沙田,內圈,沙田 內圈,,,,,,助手,,倒快一圈,H,內圈 倒快一圈 (助手)
H317,05/11/2025,游水,沙田,,沙田,,,,,,,,游水,,
H317,04/11/2025,游水,沙田,,沙田,,,,,,,,游水,,
H317,02/11/2025,出賽,跑馬地,草地,跑馬地 草地,1200M,,,,,班德禮,1/11,出賽,XB,1200M (班德禮) (1/11)
H317,02/11/2025,踱步,沙田,河畔跑道,沙田 河畔跑道,,,,,,助手,,踱步,H,河畔跑道 踱步 (助手)
H317,01/11/2025,游水,沙田,,沙田,,,,,,,,游水,,
H317,01/11/2025,踱步,沙田,內圈,沙田 內圈,,,,,,助手,,快踱一圈,H,內圈 快踱一圈 (助手)
H317,31/10/2025,游水,沙田,,沙田,,,,,,,,游水,,
H317,31/10/2025,踱步,沙田,內圈,沙田 內圈,,,,,,助手,,快踱一圈,H,內圈 快踱一圈 (助手)
H317,30/10/2025,游水,從化,,從化,,,,,,,,游水,,
H317,29/10/2025,馬匹水中步行機,從化,,從化,,,,,,,,馬匹水中步行機,,
H317,29/10/2025,游水,從化,,從化,,,,,,,,游水,,
H317,29/10/2025,快操,從化,登山跑道,從化 登山跑道,,58.7,58.7,32.5 26.2,,助手,,快操,,32.5 26.2 (58.7) (助手)
H317,29/10/2025,踱步,從化,飛機場,從化 飛機場,,,,,,助手,,踱步,,飛機場 踱步 (助手)
H317,28/10/2025,馬匹水中步行機,從化,,從化,,,,,,,,馬匹水中步行機,,
H317,28/10/2025,游水,從化,,從化,,,,,,,,游水,,
H317,28/10/2025,踱步,從化,內圈,從化 內圈,,,,,,助手,,快踱一圈,H/XB,內圈 快踱一圈 (助手)
H317,27/10/2025,馬匹水中步行機,從化,,從化,,,,,,,,馬匹水中步行機,,
H317,27/10/2025,游水,從化,,從化,,,,,,,,游水,,
H317,27/10/2025,踱步,從化,內圈,從化 內圈,,,,,,助手,,倒快兩圈,H/XB,內圈 倒快兩圈 (助手)
H317,26/10/2025,馬匹水中步行機,從化,,從化,,,,,,,,馬匹水中步行機,,
H317,26/10/2025,游水,從化,,從化,,,,,,,,游水,,
H317,25/10/2025,游水,從化,,從化,,,,,,,,游水,,
H317,25/10/2025,快操,從化,登山跑道,從化 登山跑道,,59.1,59.1,31.4 27.7,,助手,,快操,H,31.4 27.7 (59.1) (助手)
H317,25/10/2025,踱步,從化,飛機場,從化 飛機場,,,,,,助手,,踱步,H,飛機場 踱步 (助手)
H317,24/10/2025,馬匹水中步行機,從化,,從化,,,,,,,,馬匹水中步行機,,
H317,24/10/2025,游水,從化,,從化,,,,,,,,游水,,
H317,24/10/2025,踱步,從化,內圈,從化 內圈,,,,,,助手,,快踱一圈,H/XB,內圈 快踱一圈 (助手)
H317,23/10/2025,馬匹水中步行機,從化,,從化,,,,,,,,馬匹水中步行機,,
H317,23/10/2025,游水,從化,,從化,,,,,,,,游水,,
H317,23/10/2025,踱步,從化,內圈,從化 內圈,,,,,,助手,,倒快一圈,H,內圈 倒快一圈 (助手)
H317,22/10/2025,馬匹水中步行機,從化,,從化,,,,,,,,馬匹水中步行機,,
H317,22/10/2025,游水,從化,,從化,,,,,,,,游水,,
H317,21/10/2025,馬匹水中步行機,從化,,從化,,,,,,,,馬匹水中步行機,,
H317,21/10/2025,游水,從化,,從化,,,,,,,,游水,,
H317,21/10/2025,快操,從化,登山跑道,從化 登山跑道,,57.7,57.7,31.1 26.6,,助手,,快操,,31.1 26.6 (57.7) (助手)
H317,21/10/2025,踱步,從化,飛機場,從化 飛機場,,,,,,助手,,踱步,,飛機場 踱步 (助手)
H317,20/10/2025,馬匹水中步行機,從化,,從化,,,,,,,,馬匹水中步行機,,
H317,20/10/2025,游水,從化,,從化,,,,,,,,游水,,
H317,20/10/2025,踱步,從化,內圈,從化 內圈,,,,,,助手,,倒快兩圈,H/XB,內圈 倒快兩圈 (助手)
H317,19/10/2025,馬匹水中步行機,從化,,從化,,,,,,,,馬匹水中步行機,,
H317,19/10/2025,游水,從化,,從化,,,,,,,,游水,,
H317,19/10/2025,踱步,從化,內圈,從化 內圈,,,,,,助手,,快踱一圈,H/XB,內圈 快踱一圈 (助手)
H317,18/10/2025,馬匹水中步行機,從化,,從化,,,,,,,,馬匹水中步行機,,
H317,18/10/2025,游水,從化,,從化,,,,,,,,游水,,
H317,18/10/2025,踱步,從化,內圈,從化 內圈,,,,,,助手,,快踱一圈,H,內圈 快踱一圈 (助手)
H317,17/10/2025,馬匹水中步行機,從化,,從化,,,,,,,,馬匹水中步行機,,
H317,17/10/2025,游水,從化,,從化,,,,,,,,游水,,
H317,16/10/2025,游水,從化,,從化,,,,,,,,游水,,
H317,16/10/2025,快操,從化,全天候,從化 全天候,,28.9,28.9,28.9,,助手,,快操,H/XB,28.9 (28.9) (助手)
H317,16/10/2025,踱步,從化,飛機場,從化 飛機場,,,,,,助手,,踱步,H/XB,飛機場 踱步 (助手)
H317,15/10/2025,馬匹水中步行機,從化,,從化,,,,,,,,馬匹水中步行機,,
H317,15/10/2025,游水,從化,,從化,,,,,,,,游水,,
H317,15/10/2025,踱步,從化,內圈,從化 內圈,,,,,,助手,,快踱一圈,H,內圈 快踱一圈 (助手)
H317,14/10/2025,馬匹水中步行機,從化,,從化,,,,,,,,馬匹水中步行機,,
H317,14/10/2025,游水,從化,,從化,,,,,,,,游水,,
H317,14/10/2025,踱步,從化,內圈,從化 內圈,,,,,,助手,,快踱一圈,H,內圈 快踱一圈 (助手)
H317,13/10/2025,游水,從化,,從化,,,,,,,,游水,,
H317,13/10/2025,踱步,從化,內圈,從化 內圈,,,,,,助手,,倒快一圈,H,內圈 倒快一圈 (助手)
H317,12/10/2025,馬匹水中步行機,從化,,從化,,,,,,,,馬匹水中步行機,,
H317,12/10/2025,游水,從化,,從化,,,,,,,,游水,,
H317,12/10/2025,踱步,從化,內圈,從化 內圈,,,,,,助手,,快踱一圈,H,內圈 快踱一圈 (助手)
H317,11/10/2025,馬匹水中步行機,從化,,從化,,,,,,,,馬匹水中步行機,,
H317,10/10/2025,游水,沙田,,沙田,,,,,,,,游水,,
H317,08/10/2025,出賽,跑馬地,草地,跑馬地 草地,1200M,,,,,艾兆禮,4/12,出賽,XB,1200M (艾兆禮) (4/12)
H317,08/10/2025,游水,沙田,,沙田,,,,,,,,游水,,
H317,08/10/2025,踱步,沙田,河畔跑道,沙田 河畔跑道,,,,,,助手,,踱步,H,河畔跑道 踱步 (助手)
H317,07/10/2025,游水,沙田,,沙田,,,,,,,,游水,,
H317,07/10/2025,踱步,沙田,內圈,沙田 內圈,,,,,,助手,,快踱一圈,H,內圈 快踱一圈 (助手)
H317,06/10/2025,游水,沙田,,沙田,,,,,,,,游水,,
H317,06/10/2025,踱步,沙田,內圈,沙田 內圈,,,,,,助手,,倒快一圈,H,內圈 倒快一圈 (助手)
H317,05/10/2025,游水,沙田,,沙田,,,,,,,,游水,,
H317,05/10/2025,踱步,沙田,內圈,沙田 內圈,,,,,,助手,,快踱一圈,H,內圈 快踱一圈 (助手)
H317,04/10/2025,游水,沙田,,沙田,,,,,,,,游水,,
H317,04/10/2025,踱步,沙田,內圈,沙田 內圈,,,,,,助手,,快踱一圈,H,內圈 快踱一圈 (助手)
H317,03/10/2025,游水,沙田,,沙田,,,,,,,,游水,,
H317,02/10/2025,游水,沙田,,沙田,,,,,,,,游水,,
H317,02/10/2025,快操,沙田,草地,沙田 草地,,55.4,55.4,30.8 24.6,,助手,,快操,,30.8 24.6 (55.4) (助手)
H317,01/10/2025,游水,沙田,,沙田,,,,,,,,游水,,
H317,01/10/2025,踱步,沙田,內圈,沙田 內圈,,,,,,助手,,快踱一圈,H,內圈 快踱一圈 (助手)
H317,30/09/2025,游水,沙田,,沙田,,,,,,,,游水,,
H317,30/09/2025,踱步,沙田,內圈,沙田 內圈,,,,,,助手,,快踱一圈,H,內圈 快踱一圈 (助手)
H317,29/09/2025,游水,沙田,,沙田,,,,,,,,游水,,
H317,29/09/2025,踱步,沙田,內圈,沙田 內圈,,,,,,助手,,倒快一圈,H,內圈 倒快一圈 (助手)
H317,27/09/2025,試閘,跑馬地,草地,跑馬地 草地,1200M,1.12.25,72.25,25.7 23.4 23.1,怡昌光輝,巴度,,第5組,XB,第5組 (巴度) 1200M 怡昌光輝 25.7 23.4 23.1 (1.12.25)
H317,27/09/2025,游水,沙田,,沙田,,,,,,,,游水,,
H317,26/09/2025,游水,沙田,,沙田,,,,,,,,游水,,
H317,26/09/2025,踱步,沙田,內圈,沙田 內圈,,,,,,助手,,快踱一圈,H,內圈 快踱一圈 (助手)
H317,25/09/2025,游水,沙田,,沙田,,,,,,,,游水,,
H317,25/09/2025,踱步,沙田,內圈,沙田 內圈,,,,,,助手,,倒快一圈,H,內圈 倒快一圈 (助手)
H317,23/09/2025,游水,沙田,,沙田,,,,,,,,游水,,
H317,23/09/2025,快操,沙田,全天候,沙田 全天候,,55.1,55.1,29.4 25.7,,助手,,快操,H/XB,29.4 25.7 (55.1) (助手)
H317,22/09/2025,游水,沙田,,沙田,,,,,,,,游水,,
H317,22/09/2025,踱步,沙田,內圈,沙田 內圈,,,,,,助手,,倒快兩圈,H,內圈 倒快兩圈 (助手)
H317,21/09/2025,游水,沙田,,沙田,,,,,,,,游水,,
H317,21/09/2025,踱步,沙田,內圈,沙田 內圈,,,,,,助手,,快踱一圈,H,內圈 快踱一圈 (助手)
H317,20/09/2025,游水,沙田,,沙田,,,,,,,,游水,,
H317,20/09/2025,踱步,沙田,內圈,沙田 內圈,,,,,,助手,,快踱一圈,H,內圈 快踱一圈 (助手)
H317,19/09/2025,游水,沙田,,沙田,,,,,,,,游水,,
H317,18/09/2025,快操,沙田,草地,沙田 草地,,50.2,50.2,27.5 22.7,,助手,,快操,XB,27.5 22.7 (50.2) (助手)
H317,17/09/2025,游水,沙田,,沙田,,,,,,,,游水,,
H317,17/09/2025,踱步,沙田,內圈,沙田 內圈,,,,,,助手,,快踱一圈,H,內圈 快踱一圈 (助手)
H317,16/09/2025,游水,沙田,,沙田,,,,,,,,游水,,
H317,16/09/2025,踱步,沙田,內圈,沙田 內圈,,,,,,助手,,快踱一圈,H,內圈 快踱一圈 (助手)
H317,15/09/2025,游水,沙田,,沙田,,,,,,,,游水,,
H317,15/09/2025,踱步,沙田,內圈,沙田 內圈,,,,,,助手,,倒快一圈,H,內圈 倒快一圈 (助手)
H317,14/09/2025,游水,沙田,,沙田,,,,,,,,游水,,
H317,14/09/2025,踱步,沙田,內圈,沙田 內圈,,,,,,助手,,快踱一圈,H,內圈 快踱一圈 (助手)
H317,13/09/2025,游水,沙田,,沙田,,,,,,,,游水,,
H317,12/09/2025,游水,沙田,,沙田,,,,,,,,游水,,
H317,10/09/2025,出賽,跑馬地,草地,跑馬地 草地,1200M,,,,,布文,1/12,出賽,XB,1200M (布文) (1/12)
H317,10/09/2025,踱步,沙田,河畔跑道,沙田 河畔跑道,,,,,,助手,,踱步,H,河畔跑道 踱步 (助手)
H317,09/09/2025,游水,沙田,,沙田,,,,,,,,游水,,
H317,09/09/2025,踱步,沙田,內圈,沙田 內圈,,,,,,助手,,快踱一圈,H,內圈 快踱一圈 (助手)
H317,08/09/2025,游水,沙田,,沙田,,,,,,,,游水,,
H317,08/09/2025,踱步,沙田,河畔跑道,沙田 河畔跑道,,,,,,助手,,踱步,H,河畔跑道 踱步 (助手)
H317,07/09/2025,游水,沙田,,沙田,,,,,,,,游水,,
H317,06/09/2025,游水,從化,,從化,,,,,,,,游水,,
H317,06/09/2025,快操,從化,草地,從化 草地,,57.1,57.1,30.8 26.3,,助手,,快操,H,30.8 26.3 (57.1) (助手)
H317,06/09/2025,踱步,從化,飛機場,從化 飛機場,,,,,,助手,,踱步,H,飛機場 踱步 (助手)
H317,05/09/2025,游水,從化,,從化,,,,,,,,游水,,
H317,05/09/2025,踱步,從化,內圈,從化 內圈,,,,,,助手,,快踱一圈,H,內圈 快踱一圈 (助手)
H317,04/09/2025,游水,從化,,從化,,,,,,,,游水,,
H317,04/09/2025,踱步,從化,內圈,從化 內圈,,,,,,助手,,倒快兩圈,H,內圈 倒快兩圈 (助手)
H317,03/09/2025,游水,從化,,從化,,,,,,,,游水,,
H317,03/09/2025,踱步,從化,內圈,從化 內圈,,,,,,助手,,快踱一圈,H,內圈 快踱一圈 (助手)
H317,02/09/2025,游水,從化,,從化,,,,,,,,游水,,
H317,02/09/2025,踱步,從化,內圈,從化 內圈,,,,,,助手,,快踱一圈,H,內圈 快踱一圈 (助手)
H317,01/09/2025,游水,從化,,從化,,,,,,,,游水,,
H317,01/09/2025,踱步,從化,內圈,從化 內圈,,,,,,助手,,倒快一圈,H,內圈 倒快一圈 (助手)
H317,31/08/2025,游水,從化,,從化,,,,,,,,游水,,
H317,31/08/2025,踱步,從化,內圈,從化 內圈,,,,,,助手,,快踱一圈,H,內圈 快踱一圈 (助手)
H317,29/08/2025,試閘,從化,草地,從化 草地,1200M,1.10.88,70.88,25.4 22.4 23.0,花好月盈,董明朗,,第10組,XB,第10組 (董明朗) 1200M 花好月盈 25.4 22.4 23.0 (1.10.88)
H317,29/08/2025,踱步,從化,飛機場,從化 飛機場,,,,,,助手,,踱步,XB,飛機場 踱步 (助手)
H317,28/08/2025,游水,沙田,,沙田,,,,,,,,游水,,
H317,28/08/2025,踱步,沙田,內圈,沙田 內圈,,,,,,助手,,倒快一圈,H,內圈 倒快一圈 (助手)
H317,27/08/2025,游水,沙田,,沙田,,,,,,,,游水,,
H317,26/08/2025,游水,沙田,,沙田,,,,,,,,游水,,
H317,26/08/2025,快操,沙田,全天候,沙田 全天候,,26.8,26.8,26.8,,助手,,快操,XB,26.8 (26.8) (助手)
H317,25/08/2025,游水,沙田,,沙田,,,,,,,,游水,,
H317,25/08/2025,踱步,沙田,內圈,沙田 內圈,,,,,,助手,,倒快一圈,H,內圈 倒快一圈 (助手)
H317,24/08/2025,游水,沙田,,沙田,,,,,,,,游水,,
H317,24/08/2025,踱步,沙田,內圈,沙田 內圈,,,,,,助手,,快踱一圈,H,內圈 快踱一圈 (助手)
H317,23/08/2025,游水,沙田,,沙田,,,,,,,,游水,,
H317,22/08/2025,游水,沙田,,沙田,,,,,,,,游水,,
H317,22/08/2025,快操,沙田,全天候,沙田 全天候,,52.4,52.4,27.9 24.5,,助手,,快操,XB,27.9 24.5 (52.4) (助手)
H317,21/08/2025,游水,沙田,,沙田,,,,,,,,游水,,
H317,21/08/2025,踱步,沙田,內圈,沙田 內圈,,,,,,助手,,倒快一圈,H,內圈 倒快一圈 (助手)
H317,20/08/2025,游水,沙田,,沙田,,,,,,,,游水,,
H317,20/08/2025,踱步,沙田,內圈,沙田 內圈,,,,,,助手,,快踱一圈,H,內圈 快踱一圈 (助手)
H317,19/08/2025,游水,沙田,,沙田,,,,,,,,游水,,
H317,18/08/2025,游水,沙田,,沙田,,,,,,,,游水,,
H317,18/08/2025,快操,沙田,全天候,沙田 全天候,,53.9,53.9,29.7 24.2,,助手,,快操,,29.7 24.2 (53.9) (助手)
H317,17/08/2025,游水,沙田,,沙田,,,,,,,,游水,,
H317,17/08/2025,踱步,沙田,內圈,沙田 內圈,,,,,,助手,,快踱一圈,H,內圈 快踱一圈 (助手)
H317,16/08/2025,游水,沙田,,沙田,,,,,,,,游水,,
H317,16/08/2025,踱步,沙田,內圈,沙田 內圈,,,,,,助手,,快踱一圈,H,內圈 快踱一圈 (助手)
H317,15/08/2025,游水,沙田,,沙田,,,,,,,,游水,,
H317,15/08/2025,踱步,沙田,奧運馬房沙地練習場,沙田 奧運馬房沙地練習場,,,,,,助手,,踱步,H,奧運馬房沙地練習場 踱步 (助手)
H317,14/08/2025,游水,沙田,,沙田,,,,,,,,游水,,
H317,14/08/2025,快操,沙田,全天候,沙田 全天候,,28.3,28.3,28.3,,助手,,快操,H/XB,28.3 (28.3) (助手)
H317,13/08/2025,游水,沙田,,沙田,,,,,,,,游水,,
H317,13/08/2025,踱步,沙田,內圈,沙田 內圈,,,,,,助手,,快踱一圈,H,內圈 快踱一圈 (助手)
H317,12/08/2025,游水,沙田,,沙田,,,,,,,,游水,,
H317,12/08/2025,踱步,沙田,內圈,沙田 內圈,,,,,,助手,,快踱一圈,H,內圈 快踱一圈 (助手)
H317,11/08/2025,游水,沙田,,沙田,,,,,,,,游水,,
H317,11/08/2025,踱步,沙田,內圈,沙田 內圈,,,,,,助手,,倒快一圈,H,內圈 倒快一圈 (助手)
H317,10/08/2025,游水,沙田,,沙田,,,,,,,,游水,,
H317,10/08/2025,踱步,沙田,內圈,沙田 內圈,,,,,,助手,,快踱一圈,H,內圈 快踱一圈 (助手)
H317,09/08/2025,游水,沙田,,沙田,,,,,,,,游水,,
H317,09/08/2025,踱步,沙田,內圈,沙田 內圈,,,,,,助手,,快踱一圈,H,內圈 快踱一圈 (助手)
H317,08/08/2025,游水,沙田,,沙田,,,,,,,,游水,,
H317,08/08/2025,踱步,沙田,奧運馬房沙地練習場,沙田 奧運馬房沙地練習場,,,,,,助手,,踱步,H,奧運馬房沙地練習場 踱步 (助手)
H317,07/08/2025,游水,沙田,,沙田,,,,,,,,游水,,
H317,07/08/2025,踱步,沙田,奧運馬房沙地練習場,沙田 奧運馬房沙地練習場,,,,,,助手,,踱步,H,奧運馬房沙地練習場 踱步 (助手)
H317,06/08/2025,游水,沙田,,沙田,,,,,,,,游水,,
H317,06/08/2025,踱步,沙田,奧運馬房沙地練習場,沙田 奧運馬房沙地練習場,,,,,,助手,,踱步,H,奧運馬房沙地練習場 踱步 (助手)
H317,04/08/2025,游水,沙田,,沙田,,,,,,,,游水,,
H317,03/08/2025,游水,沙田,,沙田,,,,,,,,游水,,
H317,02/08/2025,游水,沙田,,沙田,,,,,,,,游水,,
H317,01/08/2025,游水,沙田,,沙田,,,,,,,,游水,,
H317,16/07/2025,出賽,跑馬地,草地,跑馬地 草地,1200M,,,,,布文,3/12,出賽,B-/XB2/TT-,1200M (布文) (3/12)
H317,15/07/2025,踱步,沙田,內圈,沙田 內圈,,,,,,助手,,快踱一圈,H,內圈 快踱一圈 (助手)
H317,14/07/2025,踱步,沙田,內圈,沙田 內圈,,,,,,助手,,倒快一圈,H,內圈 倒快一圈 (助手)
H317,13/07/2025,踱步,沙田,內圈,沙田 內圈,,,,,,助手,,快踱一圈,H,內圈 快踱一圈 (助手)
H317,12/07/2025,快操,沙田,全天候,沙田 全天候,,28.9,28.9,28.9,,助手,,快操,H,28.9 (28.9) (助手)
H317,11/07/2025,踱步,沙田,內圈,沙田 內圈,,,,,,助手,,快踱一圈,H,內圈 快踱一圈 (助手)
H317,10/07/2025,踱步,沙田,內圈,沙田 內圈,,,,,,助手,,倒快一圈,H,內圈 倒快一圈 (助手)
H317,09/07/2025,踱步,沙田,內圈,沙田 內圈,,,,,,助手,,快踱一圈,H,內圈 快踱一圈 (助手)
H317,08/07/2025,踱步,沙田,內圈,沙田 內圈,,,,,,助手,,快踱一圈,H,內圈 快踱一圈 (助手)
H317,07/07/2025,踱步,沙田,內圈,沙田 內圈,,,,,,助手,,倒快一圈,H,內圈 倒快一圈 (助手)
H317,06/07/2025,踱步,沙田,內圈,沙田 內圈,,,,,,助手,,快踱一圈,H,內圈 快踱一圈 (助手)
H317,04/07/2025,試閘,沙田,全天候,沙田 全天候,1200M,1.10.40,70.4,24.7 23.0 22.7,建測精英,布文,,第3組,XB,第3組 (布文) 1200M 建測精英 24.7 23.0 22.7 (1.10.40)
H317,03/07/2025,踱步,沙田,內圈,沙田 內圈,,,,,,助手,,倒快一圈,H,內圈 倒快一圈 (助手)
H317,02/07/2025,踱步,沙田,內圈,沙田 內圈,,,,,,助手,,快踱一圈,H,內圈 快踱一圈 (助手)
H317,30/06/2025,快操,沙田,草地,沙田 草地,,48.0,48.0,25.5 22.5,,助手,,新幹線,,25.5 22.5 (48.0) (助手) 新幹線
H317,29/06/2025,踱步,沙田,內圈,沙田 內圈,,,,,,助手,,快踱一圈,H,內圈 快踱一圈 (助手)
H317,28/06/2025,踱步,沙田,內圈,沙田 內圈,,,,,,助手,,快踱一圈,H,內圈 快踱一圈 (助手)
H317,26/06/2025,快操,沙田,草地,沙田 草地,,50.2,50.2,27.2 23.0,,助手,,超霸勝,,27.2 23.0 (50.2) (助手) 超霸勝
H317,25/06/2025,踱步,沙田,內圈,沙田 內圈,,,,,,助手,,快踱一圈,H,內圈 快踱一圈 (助手)
H317,24/06/2025,踱步,沙田,內圈,沙田 內圈,,,,,,助手,,快踱一圈,H,內圈 快踱一圈 (助手)
H317,23/06/2025,快操,沙田,全天候,沙田 全天候,,24.7,24.7,24.7,,助手,,快操,,24.7 (24.7) (助手)
H317,22/06/2025,踱步,沙田,內圈,沙田 內圈,,,,,,助手,,快踱一圈,H,內圈 快踱一圈 (助手)
H317,21/06/2025,踱步,沙田,內圈,沙田 內圈,,,,,,助手,,快踱一圈,H,內圈 快踱一圈 (助手)
H317,19/06/2025,快操,從化,草地,從化 草地,,54.9,54.9,29.3 25.6,,助手,,快操,XB,29.3 25.6 (54.9) (助手)
H317,19/06/2025,踱步,從化,飛機場,從化 飛機場,,,,,,助手,,踱步,XB,飛機場 踱步 (助手)
H317,18/06/2025,踱步,從化,內圈,從化 內圈,,,,,,助手,,快踱一圈,H,內圈 快踱一圈 (助手)
H317,17/06/2025,踱步,從化,內圈,從化 內圈,,,,,,助手,,快踱一圈,H,內圈 快踱一圈 (助手)
H317,16/06/2025,踱步,從化,內圈,從化 內圈,,,,,,助手,,倒快兩圈,H,內圈 倒快兩圈 (助手)
H317,15/06/2025,踱步,從化,內圈,從化 內圈,,,,,,助手,,快踱一圈,H,內圈 快踱一圈 (助手)
H317,13/06/2025,試閘,從化,草地,從化 草地,1200M,1.11.74,71.74,25.2 22.7 23.8,花好月盈,駱泰尼,,第9組,XB,第9組 (駱泰尼) 1200M 花好月盈 25.2 22.7 23.8 (1.11.74)
H317,13/06/2025,踱步,從化,飛機場,從化 飛機場,,,,,,助手,,踱步,XB,飛機場 踱步 (助手)
H317,12/06/2025,踱步,從化,內圈,從化 內圈,,,,,,助手,,倒快兩圈,H,內圈 倒快兩圈 (助手)
H317,11/06/2025,踱步,從化,內圈,從化 內圈,,,,,,助手,,快踱一圈,H,內圈 快踱一圈 (助手)
H317,09/06/2025,快操,從化,草地,從化 草地,,57.5,57.5,32.1 25.4,,助手,,快操,XB,32.1 25.4 (57.5) (助手)
H317,09/06/2025,踱步,從化,飛機場,從化 飛機場,,,,,,助手,,踱步,XB,飛機場 踱步 (助手)
H317,08/06/2025,踱步,從化,內圈,從化 內圈,,,,,,助手,,快踱一圈,H,內圈 快踱一圈 (助手)
H317,07/06/2025,踱步,從化,內圈,從化 內圈,,,,,,助手,,快踱一圈,H,內圈 快踱一圈 (助手)
H317,06/06/2025,踱步,從化,內圈,從化 內圈,,,,,,助手,,快踱一圈,H,內圈 快踱一圈 (助手)
H317,05/06/2025,踱步,從化,內圈,從化 內圈,,,,,,助手,,倒快一圈,H,內圈 倒快一圈 (助手)
H317,03/06/2025,快操,從化,草地,從化 草地,,54.7,54.7,28.7 26.0,,助手,,快操,XB,28.7 26.0 (54.7) (助手)
H317,03/06/2025,踱步,從化,飛機場,從化 飛機場,,,,,,助手,,踱步,XB,飛機場 踱步 (助手)
H317,02/06/2025,踱步,從化,內圈,從化 內圈,,,,,,助手,,倒快兩圈,H,內圈 倒快兩圈 (助手)
H317,01/06/2025,踱步,從化,內圈,從化 內圈,,,,,,助手,,快踱一圈,H,內圈 快踱一圈 (助手)
H317,31/05/2025,踱步,從化,內圈,從化 內圈,,,,,,助手,,快踱一圈,H,內圈 快踱一圈 (助手)
H317,29/05/2025,快操,從化,草地,從化 草地,,55.3,55.3,30.2 25.1,,助手,,快操,XB,30.2 25.1 (55.3) (助手)
H317,29/05/2025,踱步,從化,飛機場,從化 飛機場,,,,,,助手,,踱步,XB,飛機場 踱步 (助手)
H317,28/05/2025,踱步,從化,內圈,從化 內圈,,,,,,助手,,快踱一圈,H,內圈 快踱一圈 (助手)
H317,27/05/2025,踱步,從化,內圈,從化 內圈,,,,,,助手,,快踱一圈,H,內圈 快踱一圈 (助手)
H317,26/05/2025,踱步,從化,內圈,從化 內圈,,,,,,助手,,倒快兩圈,H,內圈 倒快兩圈 (助手)
H317,24/05/2025,快操,從化,草地,從化 草地,,54.6,54.6,29.4 25.2,,助手,,快操,XB,29.4 25.2 (54.6) (助手)
H317,24/05/2025,踱步,從化,飛機場,從化 飛機場,,,,,,助手,,踱步,XB,飛機場 踱步 (助手)
H317,23/05/2025,踱步,從化,內圈,從化 內圈,,,,,,助手,,快踱一圈,H,內圈 快踱一圈 (助手)
H317,22/05/2025,踱步,從化,內圈,從化 內圈,,,,,,助手,,倒快兩圈,H,內圈 倒快兩圈 (助手)
H317,21/05/2025,踱步,從化,內圈,從化 內圈,,,,,,助手,,快踱一圈,H,內圈 快踱一圈 (助手)
H317,19/05/2025,快操,從化,草地,從化 草地,,56.6,56.6,30.2 26.4,,助手,,快操,H/XB,30.2 26.4 (56.6) (助手)
H317,19/05/2025,踱步,從化,飛機場,從化 飛機場,,,,,,助手,,踱步,H/XB,飛機場 踱步 (助手)
H317,18/05/2025,踱步,從化,內圈,從化 內圈,,,,,,助手,,快踱一圈,H,內圈 快踱一圈 (助手)
H317,17/05/2025,踱步,從化,內圈,從化 內圈,,,,,,助手,,快踱一圈,H,內圈 快踱一圈 (助手)
H317,16/05/2025,踱步,從化,內圈,從化 內圈,,,,,,助手,,快踱一圈,H,內圈 快踱一圈 (助手)
H317,15/05/2025,踱步,從化,內圈,從化 內圈,,,,,,助手,,倒快兩圈,H/XB,內圈 倒快兩圈 (助手)
H317,13/05/2025,試閘,從化,草地,從化 草地,800M,0.46.39,46.39,24.2 22.1,花好月盈,駱泰尼,,第5組,XB,第5組 (駱泰尼) 800M 花好月盈 24.2 22.1 (0.46.39)
H317,13/05/2025,踱步,從化,飛機場,從化 飛機場,,,,,,助手,,踱步,XB,飛機場 踱步 (助手)
H317,12/05/2025,踱步,從化,內圈,從化 內圈,,,,,,助手,,倒快兩圈,H,內圈 倒快兩圈 (助手)
H317,10/05/2025,快操,從化,草地,從化 草地,,56.4,56.4,30.6 25.8,,助手,,快操,XB,30.6 25.8 (56.4) (助手)
H317,10/05/2025,踱步,從化,飛機場,從化 飛機場,,,,,,助手,,踱步,XB,飛機場 踱步 (助手)
H317,09/05/2025,踱步,從化,內圈,從化 內圈,,,,,,助手,,快踱一圈,H,內圈 快踱一圈 (助手)
H317,08/05/2025,踱步,從化,內圈,從化 內圈,,,,,,助手,,倒快兩圈,H,內圈 倒快兩圈 (助手)
H317,06/05/2025,快操,從化,草地,從化 草地,,56.4,56.4,30.5 25.9,,助手,,快操,,30.5 25.9 (56.4) (助手)
H317,06/05/2025,踱步,從化,飛機場,從化 飛機場,,,,,,助手,,踱步,,飛機場 踱步 (助手)
H317,05/05/2025,踱步,從化,內圈,從化 內圈,,,,,,助手,,倒快兩圈,H,內圈 倒快兩圈 (助手)
H317,04/05/2025,踱步,從化,內圈,從化 內圈,,,,,,助手,,快踱一圈,H,內圈 快踱一圈 (助手)
H317,03/05/2025,踱步,從化,內圈,從化 內圈,,,,,,助手,,快踱一圈,H,內圈 快踱一圈 (助手)
H317,01/05/2025,快操,從化,全天候,從化 全天候,,56.7,56.7,30.2 26.5,,助手,,快操,,30.2 26.5 (56.7) (助手)
H317,01/05/2025,踱步,從化,飛機場,從化 飛機場,,,,,,助手,,踱步,,飛機場 踱步 (助手)
H317,30/04/2025,踱步,從化,內圈,從化 內圈,,,,,,助手,,快踱一圈,H,內圈 快踱一圈 (助手)
H317,29/04/2025,游水,從化,,從化,,,,,,,,游水,,
H317,29/04/2025,踱步,從化,內圈,從化 內圈,,,,,,助手,,快踱一圈,H,內圈 快踱一圈 (助手)
H317,28/04/2025,游水,從化,,從化,,,,,,,,游水,,
H317,28/04/2025,踱步,從化,內圈,從化 內圈,,,,,,助手,,倒快兩圈,H,內圈 倒快兩圈 (助手)
H317,27/04/2025,游水,從化,,從化,,,,,,,,游水,,
H317,26/04/2025,游水,從化,,從化,,,,,,,,游水,,
H317,26/04/2025,快操,從化,全天候,從化 全天候,,29.0,29.0,29.0,,助手,,快操,H,29.0 (29.0) (助手)
H317,26/04/2025,踱步,從化,飛機場,從化 飛機場,,,,,,助手,,踱步,H,飛機場 踱步 (助手)
H317,25/04/2025,游水,從化,,從化,,,,,,,,游水,,
H317,25/04/2025,踱步,從化,內圈,從化 內圈,,,,,,助手,,快踱一圈,H,內圈 快踱一圈 (助手)
H317,24/04/2025,游水,從化,,從化,,,,,,,,游水,,
H317,24/04/2025,踱步,從化,內圈,從化 內圈,,,,,,助手,,倒快兩圈,H,內圈 倒快兩圈 (助手)
H317,23/04/2025,游水,從化,,從化,,,,,,,,游水,,
H317,23/04/2025,踱步,從化,內圈,從化 內圈,,,,,,助手,,快踱一圈,H,內圈 快踱一圈 (助手)
H317,22/04/2025,游水,從化,,從化,,,,,,,,游水,,
H317,22/04/2025,踱步,從化,內圈,從化 內圈,,,,,,助手,,快踱一圈,H,內圈 快踱一圈 (助手)
H317,21/04/2025,游水,從化,,從化,,,,,,,,游水,,
H317,21/04/2025,踱步,從化,內圈,從化 內圈,,,,,,助手,,倒快兩圈,H,內圈 倒快兩圈 (助手)
H317,20/04/2025,游水,從化,,從化,,,,,,,,游水,,
H317,20/04/2025,踱步,從化,內圈,從化 內圈,,,,,,助手,,快踱一圈,H,內圈 快踱一圈 (助手)
H317,19/04/2025,游水,從化,,從化,,,,,,,,游水,,
H317,19/04/2025,踱步,從化,內圈,從化 內圈,,,,,,助手,,快踱一圈,H,內圈 快踱一圈 (助手)
H317,18/04/2025,游水,從化,,從化,,,,,,,,游水,,
H317,18/04/2025,踱步,從化,內圈,從化 內圈,,,,,,助手,,快踱一圈,H/XB,內圈 快踱一圈 (助手)
H317,17/04/2025,游水,從化,,從化,,,,,,,,游水,,
H317,17/04/2025,踱步,從化,內圈,從化 內圈,,,,,,助手,,倒快一圈,H/XB,內圈 倒快一圈 (助手)
H317,16/04/2025,游水,從化,,從化,,,,,,,,游水,,
H317,16/04/2025,踱步,從化,內圈,從化 內圈,,,,,,助手,,快踱一圈,H,內圈 快踱一圈 (助手)
H317,15/04/2025,游水,從化,,從化,,,,,,,,游水,,
H317,15/04/2025,踱步,從化,內圈,從化 內圈,,,,,,助手,,快踱一圈,H,內圈 快踱一圈 (助手)
H317,14/04/2025,游水,從化,,從化,,,,,,,,游水,,
H317,14/04/2025,踱步,從化,內圈,從化 內圈,,,,,,助手,,倒快一圈,H,內圈 倒快一圈 (助手)
H317,13/04/2025,游水,從化,,從化,,,,,,,,游水,,
H317,13/04/2025,踱步,從化,內圈,從化 內圈,,,,,,助手,,快踱一圈,H,內圈 快踱一圈 (助手)
H317,12/04/2025,游水,從化,,從化,,,,,,,,游水,,
H317,12/04/2025,踱步,從化,內圈,從化 內圈,,,,,,助手,,快踱一圈,H,內圈 快踱一圈 (助手)
H317,11/04/2025,游水,從化,,從化,,,,,,,,游水,,
H317,11/04/2025,踱步,從化,內圈,從化 內圈,,,,,,助手,,快踱一圈,H,內圈 快踱一圈 (助手)
H317,10/04/2025,游水,從化,,從化,,,,,,,,游水,,
H317,10/04/2025,踱步,從化,內圈,從化 內圈,,,,,,助手,,倒快一圈,H,內圈 倒快一圈 (助手)
H317,09/04/2025,游水,從化,,從化,,,,,,,,游水,,
H317,09/04/2025,踱步,從化,內圈,從化 內圈,,,,,,助手,,快踱一圈,H,內圈 快踱一圈 (助手)
H317,08/04/2025,游水,從化,,從化,,,,,,,,游水,,
H317,08/04/2025,踱步,從化,內圈,從化 內圈,,,,,,助手,,快踱一圈,H,內圈 快踱一圈 (助手)
H317,07/04/2025,游水,從化,,從化,,,,,,,,游水,,
H317,07/04/2025,踱步,從化,飛機場,從化 飛機場,,,,,,助手,,踱步,H,飛機場 踱步 (助手)
H317,06/04/2025,游水,從化,,從化,,,,,,,,游水,,
H317,06/04/2025,踱步,從化,飛機場,從化 飛機場,,,,,,助手,,踱步,H,飛機場 踱步 (助手)
H317,05/04/2025,游水,從化,,從化,,,,,,,,游水,,
H317,05/04/2025,踱步,從化,飛機場,從化 飛機場,,,,,,助手,,踱步,H,飛機場 踱步 (助手)
H317,04/04/2025,游水,從化,,從化,,,,,,,,游水,,
H317,04/04/2025,踱步,從化,飛機場,從化 飛機場,,,,,,助手,,踱步,H,飛機場 踱步 (助手)
H317,03/04/2025,游水,從化,,從化,,,,,,,,游水,,
H317,03/04/2025,踱步,從化,飛機場,從化 飛機場,,,,,,助手,,踱步,H,飛機場 踱步 (助手)
H317,02/04/2025,游水,從化,,從化,,,,,,,,游水,,
H317,02/04/2025,踱步,從化,飛機場,從化 飛機場,,,,,,助手,,踱步,H,飛機場 踱步 (助手)
H317,01/04/2025,游水,從化,,從化,,,,,,,,游水,,
H317,01/04/2025,踱步,從化,飛機場,從化 飛機場,,,,,,助手,,踱步,H,飛機場 踱步 (助手)
H317,31/03/2025,游水,從化,,從化,,,,,,,,游水,,
H317,31/03/2025,踱步,從化,飛機場,從化 飛機場,,,,,,助手,,踱步,H,飛機場 踱步 (助手)
H317,30/03/2025,游水,從化,,從化,,,,,,,,游水,,
H317,30/03/2025,踱步,從化,飛機場,從化 飛機場,,,,,,助手,,踱步,H,飛機場 踱步 (助手)
H317,29/03/2025,游水,從化,,從化,,,,,,,,游水,,
H317,29/03/2025,踱步,從化,飛機場,從化 飛機場,,,,,,助手,,踱步,H,飛機場 踱步 (助手)
H317,28/03/2025,游水,從化,,從化,,,,,,,,游水,,
H317,28/03/2025,踱步,從化,飛機場,從化 飛機場,,,,,,助手,,踱步,H,飛機場 踱步 (助手)
H317,27/03/2025,游水,從化,,從化,,,,,,,,游水,,
H317,27/03/2025,踱步,從化,飛機場,從化 飛機場,,,,,,助手,,踱步,H,飛機場 踱步 (助手)
H317,26/03/2025,游水,從化,,從化,,,,,,,,游水,,
H317,26/03/2025,踱步,從化,飛機場,從化 飛機場,,,,,,助手,,踱步,H,飛機場 踱步 (助手)
H317,25/03/2025,游水,從化,,從化,,,,,,,,游水,,
H317,25/03/2025,踱步,從化,飛機場,從化 飛機場,,,,,,助手,,踱步,H,飛機場 踱步 (助手)
H317,24/03/2025,游水,從化,,從化,,,,,,,,游水,,
H317,24/03/2025,踱步,從化,飛機場,從化 飛機場,,,,,,助手,,踱步,H,飛機場 踱步 (助手)
H317,23/03/2025,游水,從化,,從化,,,,,,,,游水,,
H317,23/03/2025,踱步,從化,飛機場,從化 飛機場,,,,,,助手,,踱步,H,飛機場 踱步 (助手)
H317,22/03/2025,游水,從化,,從化,,,,,,,,游水,,
H317,22/03/2025,踱步,從化,飛機場,從化 飛機場,,,,,,助手,,踱步,H,飛機場 踱步 (助手)
H317,21/03/2025,游水,從化,,從化,,,,,,,,游水,,
H317,21/03/2025,踱步,從化,飛機場,從化 飛機場,,,,,,助手,,踱步,H,飛機場 踱步 (助手)
H317,20/03/2025,游水,從化,,從化,,,,,,,,游水,,
H317,20/03/2025,踱步,從化,飛機場,從化 飛機場,,,,,,助手,,踱步,H,飛機場 踱步 (助手)
H317,19/03/2025,游水,從化,,從化,,,,,,,,游水,,
H317,19/03/2025,踱步,從化,飛機場,從化 飛機場,,,,,,助手,,踱步,,飛機場 踱步 (助手)
H317,18/03/2025,游水,從化,,從化,,,,,,,,游水,,
H317,18/03/2025,踱步,從化,飛機場,從化 飛機場,,,,,,助手,,踱步,,飛機場 踱步 (助手)
H317,17/03/2025,游水,從化,,從化,,,,,,,,游水,,
H317,17/03/2025,踱步,從化,飛機場,從化 飛機場,,,,,,助手,,踱步,,飛機場 踱步 (助手)
H317,16/03/2025,游水,從化,,從化,,,,,,,,游水,,
H317,16/03/2025,踱步,從化,飛機場,從化 飛機場,,,,,,助手,,踱步,,飛機場 踱步 (助手)
H317,15/03/2025,游水,從化,,從化,,,,,,,,游水,,
H317,15/03/2025,踱步,從化,飛機場,從化 飛機場,,,,,,助手,,踱步,,飛機場 踱步 (助手)
H317,14/03/2025,游水,從化,,從化,,,,,,,,游水,,
H317,14/03/2025,踱步,從化,飛機場,從化 飛機場,,,,,,助手,,踱步,,飛機場 踱步 (助手)
H317,13/03/2025,游水,從化,,從化,,,,,,,,游水,,
H317,12/03/2025,游水,從化,,從化,,,,,,,,游水,,
H317,11/03/2025,游水,從化,,從化,,,,,,,,游水,,
H317,10/03/2025,游水,從化,,從化,,,,,,,,游水,,
H317,09/03/2025,游水,從化,,從化,,,,,,,,游水,,
H317,08/03/2025,游水,從化,,從化,,,,,,,,游水,,
H317,07/03/2025,游水,從化,,從化,,,,,,,,游水,,
H317,06/03/2025,游水,從化,,從化,,,,,,,,游水,,
H317,05/03/2025,游水,從化,,從化,,,,,,,,游水,,
H317,04/03/2025,游水,從化,,從化,,,,,,,,游水,,
H317,03/03/2025,游水,從化,,從化,,,,,,,,游水,,
H317,02/03/2025,游水,從化,,從化,,,,,,,,游水,,
H317,01/03/2025,游水,從化,,從化,,,,,,,,游水,,
H317,28/02/2025,游水,從化,,從化,,,,,,,,游水,,
H317,27/02/2025,游水,從化,,從化,,,,,,,,游水,,
H317,26/02/2025,游水,從化,,從化,,,,,,,,游水,,
H317,25/02/2025,游水,從化,,從化,,,,,,,,游水,,
H317,24/02/2025,游水,從化,,從化,,,,,,,,游水,,
H317,23/02/2025,游水,從化,,從化,,,,,,,,游水,,
H317,22/02/2025,游水,從化,,從化,,,,,,,,游水,,
H317,21/02/2025,游水,從化,,從化,,,,,,,,游水,,
H317,20/02/2025,游水,從化,,從化,,,,,,,,游水,,
H317,10/02/2025,快操,沙田,全天候,沙田 全天候,,56.5,56.5,31.3 25.2,,助手,,快操,,31.3 25.2 (56.5) (助手)
H317,09/02/2025,踱步,沙田,內圈,沙田 內圈,,,,,,助手,,快踱一圈,H,內圈 快踱一圈 (助手)
H317,08/02/2025,踱步,沙田,內圈,沙田 內圈,,,,,,助手,,快踱一圈,H,內圈 快踱一圈 (助手)
H317,06/02/2025,快操,沙田,全天候,沙田 全天候,,55.7,55.7,29.4 26.3,,助手,,快操,H,29.4 26.3 (55.7) (助手)
H317,05/02/2025,踱步,沙田,內圈,沙田 內圈,,,,,,助手,,快踱一圈,H,內圈 快踱一圈 (助手)
H317,04/02/2025,踱步,沙田,內圈,沙田 內圈,,,,,,助手,,快踱一圈,H,內圈 快踱一圈 (助手)
H317,02/02/2025,快操,沙田,全天候,沙田 全天候,,27.8,27.8,27.8,,助手,,快操,H,27.8 (27.8) (助手)
H317,01/02/2025,踱步,沙田,內圈,沙田 內圈,,,,,,助手,,快踱一圈,H,內圈 快踱一圈 (助手)
H317,31/01/2025,踱步,沙田,內圈,沙田 內圈,,,,,,助手,,快踱一圈,H,內圈 快踱一圈 (助手)
H317,30/01/2025,踱步,沙田,內圈,沙田 內圈,,,,,,助手,,倒快一圈,H,內圈 倒快一圈 (助手)
H317,28/01/2025,踱步,沙田,奧運踱步圈,沙田 奧運踱步圈,,,,,,助手,,踱步,,奧運踱步圈 踱步 (助手)
H317,22/01/2025,出賽,跑馬地,草地,跑馬地 草地,1000M,,,,,布文,8/12,出賽,B/TT,1000M (布文) (8/12)
H317,22/01/2025,踱步,沙田,奧運踱步圈,沙田 奧運踱步圈,,,,,,助手,,踱步,,奧運踱步圈 踱步 (助手)
H317,21/01/2025,踱步,沙田,內圈,沙田 內圈,,,,,,助手,,快踱一圈,H,內圈 快踱一圈 (助手)
H317,20/01/2025,踱步,沙田,內圈,沙田 內圈,,,,,,助手,,倒快一圈,H,內圈 倒快一圈 (助手)
H317,19/01/2025,快操,沙田,全天候,沙田 全天候,,28.7,28.7,28.7,,助手,,快操,H,28.7 (28.7) (助手)
H317,18/01/2025,踱步,沙田,內圈,沙田 內圈,,,,,,助手,,快踱一圈,H,內圈 快踱一圈 (助手)
H317,17/01/2025,踱步,沙田,內圈,沙田 內圈,,,,,,助手,,快踱一圈,H,內圈 快踱一圈 (助手)
H317,16/01/2025,快操,沙田,全天候,沙田 全天候,,55.1,55.1,28.8 26.3,,助手,,快操,H,28.8 26.3 (55.1) (助手)
H317,15/01/2025,踱步,沙田,內圈,沙田 內圈,,,,,,助手,,快踱一圈,H,內圈 快踱一圈 (助手)
H317,14/01/2025,踱步,沙田,內圈,沙田 內圈,,,,,,助手,,快踱一圈,H,內圈 快踱一圈 (助手)
H317,13/01/2025,快操,沙田,全天候,沙田 全天候,,58.7,58.7,32.1 26.6,,助手,,快操,H,32.1 26.6 (58.7) (助手)
H317,12/01/2025,踱步,沙田,內圈,沙田 內圈,,,,,,助手,,快踱一圈,H,內圈 快踱一圈 (助手)
H317,11/01/2025,踱步,沙田,內圈,沙田 內圈,,,,,,助手,,快踱一圈,H,內圈 快踱一圈 (助手)
H317,10/01/2025,踱步,沙田,內圈,沙田 內圈,,,,,,助手,,快踱一圈,H,內圈 快踱一圈 (助手)
H317,09/01/2025,快操,沙田,全天候,沙田 全天候,,56.5,56.5,31.0 25.5,,助手,,快操,H,31.0 25.5 (56.5) (助手)
H317,08/01/2025,踱步,沙田,內圈,沙田 內圈,,,,,,助手,,快踱一圈,H,內圈 快踱一圈 (助手)
H317,07/01/2025,踱步,沙田,內圈,沙田 內圈,,,,,,助手,,快踱一圈,H,內圈 快踱一圈 (助手)
H317,06/01/2025,快操,沙田,全天候,沙田 全天候,,28.2,28.2,28.2,,助手,,快操,H,28.2 (28.2) (助手)
H317,05/01/2025,踱步,沙田,內圈,沙田 內圈,,,,,,助手,,快踱一圈,H,內圈 快踱一圈 (助手)
H317,04/01/2025,踱步,沙田,內圈,沙田 內圈,,,,,,助手,,快踱一圈,H,內圈 快踱一圈 (助手)
H317,02/01/2025,踱步,沙田,奧運踱步圈,沙田 奧運踱步圈,,,,,,助手,,踱步,,奧運踱步圈 踱步 (助手)
H317,29/12/2024,出賽,沙田,草地,沙田 草地,1200M,,,,,巴度,12/14,出賽,B/TT,1200M (巴度) (12/14)
H317,29/12/2024,踱步,沙田,奧運踱步圈,沙田 奧運踱步圈,,,,,,助手,,踱步,,奧運踱步圈 踱步 (助手)
H317,28/12/2024,踱步,沙田,內圈,沙田 內圈,,,,,,助手,,快踱一圈,H,內圈 快踱一圈 (助手)
H317,27/12/2024,踱步,沙田,內圈,沙田 內圈,,,,,,助手,,快踱一圈,H,內圈 快踱一圈 (助手)
H317,26/12/2024,快操,沙田,全天候,沙田 全天候,,57.7,57.7,31.5 26.2,,助手,,快操,H,31.5 26.2 (57.7) (助手)
H317,25/12/2024,踱步,沙田,內圈,沙田 內圈,,,,,,助手,,快踱一圈,H,內圈 快踱一圈 (助手)
H317,24/12/2024,踱步,沙田,內圈,沙田 內圈,,,,,,助手,,快踱一圈,H,內圈 快踱一圈 (助手)
H317,23/12/2024,快操,沙田,全天候,沙田 全天候,,58.5,58.5,32.9 25.6,,巴度,,快操,H,32.9 25.6 (58.5) (巴度)
H317,22/12/2024,踱步,沙田,內圈,沙田 內圈,,,,,,助手,,快踱一圈,H,內圈 快踱一圈 (助手)
H317,21/12/2024,踱步,沙田,內圈,沙田 內圈,,,,,,助手,,快踱一圈,H,內圈 快踱一圈 (助手)
H317,20/12/2024,踱步,沙田,內圈,沙田 內圈,,,,,,助手,,快踱一圈,H,內圈 快踱一圈 (助手)
H317,18/12/2024,快操,沙田,全天候,沙田 全天候,,57.7,57.7,31.1 26.6,,助手,,快操,H,31.1 26.6 (57.7) (助手)
H317,17/12/2024,踱步,沙田,內圈,沙田 內圈,,,,,,助手,,快踱一圈,H,內圈 快踱一圈 (助手)
H317,16/12/2024,踱步,沙田,內圈,沙田 內圈,,,,,,助手,,倒快一圈,H,內圈 倒快一圈 (助手)
H317,15/12/2024,踱步,沙田,奧運踱步圈,沙田 奧運踱步圈,,,,,,助手,,踱步,,奧運踱步圈 踱步 (助手)
H317,11/12/2024,出賽,跑馬地,草地,跑馬地 草地,1000M,,,,,麥道朗,5/10,出賽,B/TT,1000M (麥道朗) (5/10)
H317,11/12/2024,踱步,沙田,奧運踱步圈,沙田 奧運踱步圈,,,,,,助手,,踱步,,奧運踱步圈 踱步 (助手)
H317,10/12/2024,踱步,沙田,內圈,沙田 內圈,,,,,,助手,,快踱一圈,H,內圈 快踱一圈 (助手)
H317,09/12/2024,踱步,沙田,內圈,沙田 內圈,,,,,,助手,,倒快一圈,H,內圈 倒快一圈 (助手)
H317,08/12/2024,快操,沙田,全天候,沙田 全天候,,59.4,59.4,32.7 26.7,,助手,,快操,H,32.7 26.7 (59.4) (助手)
H317,07/12/2024,踱步,沙田,內圈,沙田 內圈,,,,,,助手,,快踱一圈,H,內圈 快踱一圈 (助手)
H317,06/12/2024,踱步,沙田,內圈,沙田 內圈,,,,,,助手,,快踱一圈,H,內圈 快踱一圈 (助手)
H317,05/12/2024,踱步,沙田,內圈,沙田 內圈,,,,,,助手,,倒快一圈,H,內圈 倒快一圈 (助手)
H317,04/12/2024,快操,沙田,全天候,沙田 全天候,,1.00.8,60.8,32.0 28.8,,助手,,快操,H,32.0 28.8 (1.00.8) (助手)
H317,03/12/2024,踱步,沙田,內圈,沙田 內圈,,,,,,助手,,快踱一圈,H,內圈 快踱一圈 (助手)
H317,02/12/2024,踱步,沙田,內圈,沙田 內圈,,,,,,助手,,倒快一圈,H,內圈 倒快一圈 (助手)
H317,01/12/2024,快操,沙田,全天候,沙田 全天候,,58.0,58.0,31.3 26.7,,助手,,快操,H,31.3 26.7 (58.0) (助手)
H317,30/11/2024,踱步,沙田,內圈,沙田 內圈,,,,,,助手,,快踱一圈,H,內圈 快踱一圈 (助手)
H317,29/11/2024,踱步,沙田,內圈,沙田 內圈,,,,,,助手,,快踱一圈,H,內圈 快踱一圈 (助手)
H317,28/11/2024,踱步,沙田,奧運踱步圈,沙田 奧運踱步圈,,,,,,助手,,踱步,,奧運踱步圈 踱步 (助手)
H317,24/11/2024,出賽,沙田,草地,沙田 草地,1000M,,,,,黃寶妮,7/14,出賽,B/TT,1000M (黃寶妮) (7/14)
H317,24/11/2024,踱步,沙田,奧運踱步圈,沙田 奧運踱步圈,,,,,,助手,,踱步,,奧運踱步圈 踱步 (助手)
H317,23/11/2024,踱步,沙田,內圈,沙田 內圈,,,,,,助手,,快踱一圈,H,內圈 快踱一圈 (助手)
H317,22/11/2024,踱步,沙田,內圈,沙田 內圈,,,,,,助手,,快踱一圈,H,內圈 快踱一圈 (助手)
H317,21/11/2024,快操,沙田,全天候,沙田 全天候,,57.1,57.1,30.7 26.4,,助手,,快操,H,30.7 26.4 (57.1) (助手)
H317,20/11/2024,踱步,沙田,內圈,沙田 內圈,,,,,,助手,,快踱一圈,H,內圈 快踱一圈 (助手)
H317,19/11/2024,踱步,沙田,內圈,沙田 內圈,,,,,,助手,,快踱一圈,H,內圈 快踱一圈 (助手)
H317,18/11/2024,踱步,沙田,內圈,沙田 內圈,,,,,,助手,,倒快一圈,H,內圈 倒快一圈 (助手)
H317,17/11/2024,踱步,沙田,內圈,沙田 內圈,,,,,,助手,,快踱一圈,H,內圈 快踱一圈 (助手)
H317,15/11/2024,試閘,沙田,全天候,沙田 全天候,1050M,1.02.71,62.71,16.5 22.3 23.9,鴻圖新星,黃寶妮,,第3組,,第3組 (黃寶妮) 1050M 鴻圖新星 16.5 22.3 23.9 (1.02.71)
H317,14/11/2024,踱步,沙田,河畔跑道,沙田 河畔跑道,,,,,,助手,,踱步,,河畔跑道 踱步 (助手)
H317,13/11/2024,踱步,沙田,內圈,沙田 內圈,,,,,,助手,,快踱一圈,H,內圈 快踱一圈 (助手)
H317,12/11/2024,踱步,沙田,內圈,沙田 內圈,,,,,,助手,,快踱一圈,H,內圈 快踱一圈 (助手)
H317,11/11/2024,快操,沙田,全天候,沙田 全天候,,1.00.4,60.4,31.5 28.9,,黃寶妮,,快操,H,31.5 28.9 (1.00.4) (黃寶妮)
H317,10/11/2024,踱步,沙田,內圈,沙田 內圈,,,,,,助手,,快踱一圈,H,內圈 快踱一圈 (助手)
H317,09/11/2024,踱步,沙田,內圈,沙田 內圈,,,,,,助手,,快踱一圈,H,內圈 快踱一圈 (助手)
H317,08/11/2024,踱步,沙田,內圈,沙田 內圈,,,,,,助手,,快踱一圈,H,內圈 快踱一圈 (助手)
H317,07/11/2024,快操,沙田,全天候,沙田 全天候,,55.2,55.2,29.7 25.5,,助手,,快操,H,29.7 25.5 (55.2) (助手)
H317,06/11/2024,踱步,沙田,內圈,沙田 內圈,,,,,,助手,,快踱一圈,H,內圈 快踱一圈 (助手)
H317,05/11/2024,踱步,沙田,內圈,沙田 內圈,,,,,,助手,,快踱一圈,H,內圈 快踱一圈 (助手)
H317,04/11/2024,踱步,沙田,內圈,沙田 內圈,,,,,,助手,,倒快一圈,H,內圈 倒快一圈 (助手)
H317,03/11/2024,踱步,沙田,內圈,沙田 內圈,,,,,,助手,,快踱一圈,H,內圈 快踱一圈 (助手)
H317,30/10/2024,出賽,跑馬地,草地,跑馬地 草地,1000M,,,,,布文,2/12,出賽,B1/TT,1000M (布文) (2/12)
H317,30/10/2024,踱步,沙田,奧運踱步圈,沙田 奧運踱步圈,,,,,,助手,,踱步,,奧運踱步圈 踱步 (助手)
H317,29/10/2024,踱步,沙田,內圈,沙田 內圈,,,,,,助手,,快踱一圈,H,內圈 快踱一圈 (助手)
H317,28/10/2024,踱步,沙田,內圈,沙田 內圈,,,,,,助手,,倒快一圈,H,內圈 倒快一圈 (助手)
H317,27/10/2024,快操,沙田,全天候,沙田 全天候,,56.3,56.3,31.3 25.0,,助手,,快操,H,31.3 25.0 (56.3) (助手)
H317,26/10/2024,踱步,沙田,內圈,沙田 內圈,,,,,,助手,,快踱一圈,H,內圈 快踱一圈 (助手)
H317,25/10/2024,踱步,沙田,內圈,沙田 內圈,,,,,,助手,,快踱一圈,H,內圈 快踱一圈 (助手)
H317,24/10/2024,快操,沙田,全天候,沙田 全天候,,56.7,56.7,30.3 26.4,,助手,,快操,H,30.3 26.4 (56.7) (助手)
H317,23/10/2024,踱步,沙田,內圈,沙田 內圈,,,,,,助手,,快踱一圈,H,內圈 快踱一圈 (助手)
H317,22/10/2024,踱步,沙田,內圈,沙田 內圈,,,,,,助手,,快踱一圈,H,內圈 快踱一圈 (助手)
H317,21/10/2024,踱步,沙田,外圈,沙田 外圈,,,,,,助手,,快踱一圈,H,外圈 快踱一圈 (助手)
H317,20/10/2024,踱步,沙田,內圈,沙田 內圈,,,,,,助手,,快踱一圈,H,內圈 快踱一圈 (助手)
H317,18/10/2024,踱步,沙田,內圈,沙田 內圈,,,,,,助手,,快踱一圈,H,內圈 快踱一圈 (助手)
H317,17/10/2024,踱步,沙田,奧運踱步圈,沙田 奧運踱步圈,,,,,,助手,,踱步,,奧運踱步圈 踱步 (助手)
H317,15/10/2024,試閘,沙田,全天候,沙田 全天候,1050M,1.00.51,60.51,16.3 21.5 22.7,花好月盈,張文軍,,第12組,B,第12組 (張文軍) 1050M 花好月盈 16.3 21.5 22.7 (1.00.51)
H317,14/10/2024,踱步,沙田,內圈,沙田 內圈,,,,,,助手,,倒快一圈,H,內圈 倒快一圈 (助手)
H317,13/10/2024,踱步,沙田,內圈,沙田 內圈,,,,,,助手,,快踱一圈,H,內圈 快踱一圈 (助手)
H317,12/10/2024,踱步,沙田,內圈,沙田 內圈,,,,,,助手,,快踱一圈,H,內圈 快踱一圈 (助手)
H317,11/10/2024,快操,沙田,全天候,沙田 全天候,,58.3,58.3,31.3 27.0,,布文,,快操,H,31.3 27.0 (58.3) (布文)
H317,10/10/2024,踱步,沙田,內圈,沙田 內圈,,,,,,助手,,倒快一圈,H,內圈 倒快一圈 (助手)
H317,09/10/2024,踱步,沙田,內圈,沙田 內圈,,,,,,助手,,快踱一圈,H,內圈 快踱一圈 (助手)
H317,08/10/2024,快操,沙田,全天候,沙田 全天候,,58.2,58.2,31.4 26.8,,助手,,快操,H,31.4 26.8 (58.2) (助手)
H317,07/10/2024,踱步,沙田,內圈,沙田 內圈,,,,,,助手,,倒快一圈,PH,內圈 倒快一圈 (助手)
H317,06/10/2024,踱步,沙田,內圈,沙田 內圈,,,,,,助手,,快踱一圈,H,內圈 快踱一圈 (助手)
H317,05/10/2024,踱步,沙田,內圈,沙田 內圈,,,,,,助手,,快踱一圈,H,內圈 快踱一圈 (助手)
H317,04/10/2024,踱步,沙田,內圈,沙田 內圈,,,,,,助手,,快踱一圈,H,內圈 快踱一圈 (助手)
H317,03/10/2024,快操,沙田,全天候,沙田 全天候,,56.3,56.3,30.1 26.2,,助手,,快操,H,30.1 26.2 (56.3) (助手)
H317,02/10/2024,踱步,沙田,內圈,沙田 內圈,,,,,,助手,,快踱一圈,H,內圈 快踱一圈 (助手)
H317,01/10/2024,踱步,沙田,內圈,沙田 內圈,,,,,,助手,,快踱一圈,H,內圈 快踱一圈 (助手)
H317,30/09/2024,踱步,沙田,內圈,沙田 內圈,,,,,,助手,,倒快一圈,H,內圈 倒快一圈 (助手)
H317,29/09/2024,踱步,沙田,奧運踱步圈,沙田 奧運踱步圈,,,,,,助手,,踱步,,奧運踱步圈 踱步 (助手)
H317,25/09/2024,出賽,跑馬地,草地,跑馬地 草地,1200M,,,,,潘頓,4/12,出賽,TT,1200M (潘頓) (4/12)
H317,25/09/2024,踱步,沙田,奧運踱步圈,沙田 奧運踱步圈,,,,,,助手,,踱步,,奧運踱步圈 踱步 (助手)
H317,24/09/2024,踱步,沙田,內圈,沙田 內圈,,,,,,助手,,快踱一圈,H,內圈 快踱一圈 (助手)
H317,23/09/2024,快操,沙田,全天候,沙田 全天候,,55.9,55.9,30.0 25.9,,潘頓,,快操,H,30.0 25.9 (55.9) (潘頓)
H317,22/09/2024,游水,沙田,,沙田,,,,,,,,游水,,
H317,22/09/2024,踱步,沙田,內圈,沙田 內圈,,,,,,助手,,快踱一圈,H,內圈 快踱一圈 (助手)
H317,21/09/2024,踱步,沙田,內圈,沙田 內圈,,,,,,助手,,快踱一圈,H,內圈 快踱一圈 (助手)
H317,20/09/2024,踱步,沙田,內圈,沙田 內圈,,,,,,助手,,快踱一圈,H,內圈 快踱一圈 (助手)
H317,19/09/2024,踱步,從化,飛機場,從化 飛機場,,,,,,助手,,踱步,H,飛機場 踱步 (助手)
H317,18/09/2024,踱步,從化,飛機場,從化 飛機場,,,,,,助手,,踱步,H,飛機場 踱步 (助手)
H317,16/09/2024,試閘,從化,草地,從化 草地,1000M,0.57.39,57.39,12.9 21.0 23.4,花好月盈,張文軍,,第5組,,第5組 (張文軍) 1000M 花好月盈 12.9 21.0 23.4 (0.57.39)
H317,16/09/2024,踱步,從化,飛機場,從化 飛機場,,,,,,助手,,踱步,,飛機場 踱步 (助手)
H317,15/09/2024,踱步,從化,內圈,從化 內圈,,,,,,助手,,快踱一圈,H,內圈 快踱一圈 (助手)
H317,14/09/2024,踱步,從化,內圈,從化 內圈,,,,,,助手,,快踱一圈,H,內圈 快踱一圈 (助手)
H317,13/09/2024,踱步,從化,內圈,從化 內圈,,,,,,助手,,快踱一圈,H,內圈 快踱一圈 (助手)
H317,12/09/2024,快操,從化,全天候,從化 全天候,,59.1,59.1,31.8 27.3,,助手,,快操,H,31.8 27.3 (59.1) (助手)
H317,12/09/2024,踱步,從化,飛機場,從化 飛機場,,,,,,助手,,踱步,H,飛機場 踱步 (助手)
H317,11/09/2024,踱步,從化,內圈,從化 內圈,,,,,,助手,,快踱一圈,H,內圈 快踱一圈 (助手)
H317,10/09/2024,踱步,從化,內圈,從化 內圈,,,,,,助手,,快踱一圈,H,內圈 快踱一圈 (助手)
H317,09/09/2024,快操,從化,全天候,從化 全天候,,56.1,56.1,29.0 27.1,,助手,,快操,H,29.0 27.1 (56.1) (助手)
H317,09/09/2024,踱步,從化,飛機場,從化 飛機場,,,,,,助手,,踱步,H,飛機場 踱步 (助手)
H317,08/09/2024,踱步,從化,內圈,從化 內圈,,,,,,助手,,快踱一圈,H/XB,內圈 快踱一圈 (助手)
H317,07/09/2024,踱步,從化,內圈,從化 內圈,,,,,,助手,,快踱一圈,H,內圈 快踱一圈 (助手)
H317,06/09/2024,踱步,從化,內圈,從化 內圈,,,,,,助手,,快踱一圈,H,內圈 快踱一圈 (助手)
H317,05/09/2024,踱步,從化,內圈,從化 內圈,,,,,,助手,,倒快一圈,H,內圈 倒快一圈 (助手)
H317,04/09/2024,踱步,從化,飛機場,從化 飛機場,,,,,,助手,,踱步,H,飛機場 踱步 (助手)
H317,02/09/2024,試閘,從化,草地,從化 草地,1000M,0.57.62,57.62,13.8 21.5 22.3,精明選擇,霍宏聲,,第4組,,第4組 (霍宏聲) 1000M 精明選擇 13.8 21.5 22.3 (0.57.62)
H317,02/09/2024,踱步,從化,飛機場,從化 飛機場,,,,,,助手,,踱步,,飛機場 踱步 (助手)
H317,01/09/2024,踱步,從化,內圈,從化 內圈,,,,,,助手,,快踱一圈,H,內圈 快踱一圈 (助手)
H317,31/08/2024,踱步,從化,內圈,從化 內圈,,,,,,助手,,快踱一圈,H,內圈 快踱一圈 (助手)
H317,30/08/2024,踱步,從化,內圈,從化 內圈,,,,,,助手,,快踱一圈,H,內圈 快踱一圈 (助手)
H317,29/08/2024,快操,從化,全天候,從化 全天候,,57.9,57.9,32.0 25.9,,助手,,快操,H,32.0 25.9 (57.9) (助手)
H317,29/08/2024,踱步,從化,飛機場,從化 飛機場,,,,,,助手,,踱步,H,飛機場 踱步 (助手)
H317,28/08/2024,踱步,從化,內圈,從化 內圈,,,,,,助手,,快踱一圈,H,內圈 快踱一圈 (助手)
H317,27/08/2024,踱步,從化,內圈,從化 內圈,,,,,,助手,,快踱一圈,H,內圈 快踱一圈 (助手)
H317,26/08/2024,快操,從化,草地,從化 草地,,33.7,33.7,33.7,,助手,,快操,H,33.7 (33.7) (助手)
H317,26/08/2024,踱步,從化,飛機場,從化 飛機場,,,,,,助手,,踱步,H,飛機場 踱步 (助手)
H317,24/08/2024,踱步,從化,內圈,從化 內圈,,,,,,助手,,快踱一圈,H,內圈 快踱一圈 (助手)
H317,23/08/2024,踱步,從化,內圈,從化 內圈,,,,,,助手,,快踱一圈,H,內圈 快踱一圈 (助手)
H317,22/08/2024,快操,從化,全天候,從化 全天候,,59.1,59.1,31.2 27.9,,助手,,快操,H,31.2 27.9 (59.1) (助手)
H317,22/08/2024,踱步,從化,飛機場,從化 飛機場,,,,,,助手,,踱步,H,飛機場 踱步 (助手)
H317,21/08/2024,踱步,從化,內圈,從化 內圈,,,,,,助手,,快踱一圈,H,內圈 快踱一圈 (助手)
H317,20/08/2024,踱步,從化,內圈,從化 內圈,,,,,,助手,,快踱一圈,H,內圈 快踱一圈 (助手)
H317,19/08/2024,快操,從化,全天候,從化 全天候,,58.0,58.0,30.5 27.5,,助手,,快操,H,30.5 27.5 (58.0) (助手)
H317,19/08/2024,踱步,從化,飛機場,從化 飛機場,,,,,,助手,,踱步,H,飛機場 踱步 (助手)
H317,17/08/2024,踱步,從化,內圈,從化 內圈,,,,,,助手,,快踱一圈,H,內圈 快踱一圈 (助手)
H317,16/08/2024,踱步,從化,內圈,從化 內圈,,,,,,助手,,快踱一圈,H,內圈 快踱一圈 (助手)
H317,15/08/2024,快操,從化,全天候,從化 全天候,,30.0,30.0,30.0,,助手,,快操,H,30.0 (30.0) (助手)
H317,15/08/2024,踱步,從化,飛機場,從化 飛機場,,,,,,助手,,踱步,H,飛機場 踱步 (助手)
H317,14/08/2024,踱步,從化,內圈,從化 內圈,,,,,,助手,,快踱一圈,H,內圈 快踱一圈 (助手)
H317,13/08/2024,踱步,從化,內圈,從化 內圈,,,,,,副練馬師,,快踱一圈,H,內圈 快踱一圈 (副練馬師)
H317,12/08/2024,快操,從化,全天候,從化 全天候,,29.3,29.3,29.3,,助手,,快操,H,29.3 (29.3) (助手)
H317,12/08/2024,踱步,從化,飛機場,從化 飛機場,,,,,,助手,,踱步,H,飛機場 踱步 (助手)
H317,11/08/2024,踱步,從化,內圈,從化 內圈,,,,,,副練馬師,,快踱一圈,H,內圈 快踱一圈 (副練馬師)
H317,10/08/2024,踱步,從化,內圈,從化 內圈,,,,,,助手,,快踱一圈,H,內圈 快踱一圈 (助手)
H317,09/08/2024,踱步,從化,內圈,從化 內圈,,,,,,助手,,快踱一圈,H,內圈 快踱一圈 (助手)
H317,08/08/2024,踱步,從化,內圈,從化 內圈,,,,,,助手,,倒快一圈,H,內圈 倒快一圈 (助手)
H317,07/08/2024,踱步,從化,內圈,從化 內圈,,,,,,助手,,快踱一圈,H,內圈 快踱一圈 (助手)
H317,06/08/2024,踱步,從化,內圈,從化 內圈,,,,,,助手,,快踱一圈,H,內圈 快踱一圈 (助手)
H317,05/08/2024,踱步,從化,內圈,從化 內圈,,,,,,助手,,倒快一圈,H,內圈 倒快一圈 (助手)
H317,04/08/2024,踱步,從化,飛機場,從化 飛機場,,,,,,助手,,踱步,H,飛機場 踱步 (助手)
H317,03/08/2024,踱步,從化,飛機場,從化 飛機場,,,,,,助手,,踱步,H,飛機場 踱步 (助手)
H317,02/08/2024,踱步,從化,飛機場,從化 飛機場,,,,,,助手,,踱步,H,飛機場 踱步 (助手)
H317,01/08/2024,踱步,從化,飛機場,從化 飛機場,,,,,,助手,,踱步,H,飛機場 踱步 (助手)
H317,29/07/2024,踱步,從化,飛機場,從化 飛機場,,,,,,助手,,踱步,H,飛機場 踱步 (助手)
H317,26/06/2024,出賽,跑馬地,草地,跑馬地 草地,1200M,,,,,賀銘年,8/12,出賽,TT,1200M (賀銘年) (8/12)
H317,26/06/2024,踱步,沙田,奧運踱步圈,沙田 奧運踱步圈,,,,,,助手,,踱步,,奧運踱步圈 踱步 (助手)
H317,25/06/2024,踱步,沙田,內圈,沙田 內圈,,,,,,助手,,快踱一圈,H,內圈 快踱一圈 (助手)
H317,24/06/2024,快操,沙田,全天候,沙田 全天候,,58.6,58.6,31.8 26.8,,助手,,快操,H,31.8 26.8 (58.6) (助手)
H317,23/06/2024,踱步,沙田,內圈,沙田 內圈,,,,,,助手,,快踱一圈,H,內圈 快踱一圈 (助手)
H317,22/06/2024,踱步,沙田,內圈,沙田 內圈,,,,,,助手,,快踱一圈,H,內圈 快踱一圈 (助手)
H317,21/06/2024,踱步,沙田,內圈,沙田 內圈,,,,,,助手,,快踱一圈,H,內圈 快踱一圈 (助手)
H317,20/06/2024,快操,沙田,全天候,沙田 全天候,,57.4,57.4,30.7 26.7,,助手,,快操,H,30.7 26.7 (57.4) (助手)
H317,19/06/2024,踱步,沙田,內圈,沙田 內圈,,,,,,助手,,快踱一圈,H,內圈 快踱一圈 (助手)
H317,18/06/2024,踱步,沙田,內圈,沙田 內圈,,,,,,助手,,快踱一圈,H,內圈 快踱一圈 (助手)
H317,17/06/2024,快操,沙田,全天候,沙田 全天候,,55.7,55.7,29.3 26.4,,助手,,快操,H,29.3 26.4 (55.7) (助手)
H317,16/06/2024,踱步,沙田,內圈,沙田 內圈,,,,,,助手,,快踱一圈,H,內圈 快踱一圈 (助手)
H317,15/06/2024,踱步,沙田,內圈,沙田 內圈,,,,,,助手,,快踱一圈,H,內圈 快踱一圈 (助手)
H317,14/06/2024,踱步,沙田,內圈,沙田 內圈,,,,,,助手,,快踱一圈,H,內圈 快踱一圈 (助手)
H317,13/06/2024,快操,沙田,全天候,沙田 全天候,,57.1,57.1,30.8 26.3,,助手,,快操,H,30.8 26.3 (57.1) (助手)
H317,12/06/2024,踱步,沙田,內圈,沙田 內圈,,,,,,助手,,快踱一圈,H,內圈 快踱一圈 (助手)
H317,11/06/2024,踱步,沙田,內圈,沙田 內圈,,,,,,助手,,快踱一圈,H,內圈 快踱一圈 (助手)
H317,10/06/2024,踱步,沙田,內圈,沙田 內圈,,,,,,助手,,倒快一圈,H,內圈 倒快一圈 (助手)
H317,09/06/2024,游水,沙田,,沙田,,,,,,,,游水,,
H317,09/06/2024,踱步,沙田,奧運踱步圈,沙田 奧運踱步圈,,,,,,助手,,踱步,,奧運踱步圈 踱步 (助手)
H317,05/06/2024,出賽,跑馬地,草地,跑馬地 草地,1200M,,,,,賀銘年,6/12,出賽,CP-/TT,1200M (賀銘年) (6/12)
H317,05/06/2024,踱步,沙田,奧運踱步圈,沙田 奧運踱步圈,,,,,,助手,,踱步,,奧運踱步圈 踱步 (助手)
H317,04/06/2024,踱步,沙田,內圈,沙田 內圈,,,,,,助手,,快踱一圈,H,內圈 快踱一圈 (助手)
H317,03/06/2024,踱步,沙田,內圈,沙田 內圈,,,,,,助手,,倒快一圈,H,內圈 倒快一圈 (助手)
H317,02/06/2024,快操,沙田,全天候,沙田 全天候,,58.1,58.1,31.5 26.6,,助手,,快操,H,31.5 26.6 (58.1) (助手)
H317,01/06/2024,踱步,沙田,內圈,沙田 內圈,,,,,,助手,,快踱一圈,H,內圈 快踱一圈 (助手)
H317,31/05/2024,踱步,沙田,內圈,沙田 內圈,,,,,,助手,,快踱一圈,H,內圈 快踱一圈 (助手)
H317,30/05/2024,快操,沙田,全天候,沙田 全天候,,57.5,57.5,32.3 25.2,,助手,,快操,H,32.3 25.2 (57.5) (助手)
H317,29/05/2024,踱步,沙田,內圈,沙田 內圈,,,,,,助手,,快踱一圈,H,內圈 快踱一圈 (助手)
H317,28/05/2024,踱步,沙田,內圈,沙田 內圈,,,,,,助手,,快踱一圈,H,內圈 快踱一圈 (助手)
H317,27/05/2024,踱步,沙田,內圈,沙田 內圈,,,,,,助手,,倒快一圈,H,內圈 倒快一圈 (助手)
H317,26/05/2024,踱步,沙田,內圈,沙田 內圈,,,,,,助手,,快踱一圈,H,內圈 快踱一圈 (助手)
H317,24/05/2024,踱步,沙田,奧運踱步圈,沙田 奧運踱步圈,,,,,,助手,,踱步,,奧運踱步圈 踱步 (助手)
H317,23/05/2024,試閘,沙田,全天候,沙田 全天候,1200M,1.12.00,72.0,24.1 22.9 25.0,馬利奧,賀銘年,,第3組,P,第3組 (賀銘年) 1200M 馬利奧 24.1 22.9 25.0 (1.12.00)
H317,22/05/2024,踱步,沙田,內圈,沙田 內圈,,,,,,助手,,快踱一圈,H,內圈 快踱一圈 (助手)
H317,21/05/2024,踱步,沙田,內圈,沙田 內圈,,,,,,助手,,快踱一圈,H,內圈 快踱一圈 (助手)
H317,20/05/2024,快操,沙田,全天候,沙田 全天候,,57.0,57.0,31.2 25.8,,助手,,快操,H,31.2 25.8 (57.0) (助手)
H317,19/05/2024,踱步,沙田,內圈,沙田 內圈,,,,,,助手,,快踱一圈,H,內圈 快踱一圈 (助手)
H317,18/05/2024,踱步,沙田,內圈,沙田 內圈,,,,,,助手,,快踱一圈,H,內圈 快踱一圈 (助手)
H317,17/05/2024,踱步,沙田,內圈,沙田 內圈,,,,,,助手,,快踱一圈,H,內圈 快踱一圈 (助手)
H317,16/05/2024,快操,沙田,全天候,沙田 全天候,,25.9,25.9,25.9,,助手,,快操,H,25.9 (25.9) (助手)
H317,15/05/2024,踱步,沙田,內圈,沙田 內圈,,,,,,助手,,快踱一圈,H,內圈 快踱一圈 (助手)
H317,14/05/2024,踱步,沙田,內圈,沙田 內圈,,,,,,助手,,快踱一圈,H,內圈 快踱一圈 (助手)
H317,13/05/2024,踱步,沙田,內圈,沙田 內圈,,,,,,助手,,倒快一圈,H,內圈 倒快一圈 (助手)
H317,08/05/2024,出賽,跑馬地,草地,跑馬地 草地,1200M,,,,,賀銘年,10/12,出賽,CP/TT,1200M (賀銘年) (10/12)
H317,08/05/2024,踱步,沙田,奧運踱步圈,沙田 奧運踱步圈,,,,,,助手,,踱步,,奧運踱步圈 踱步 (助手)
H317,06/05/2024,踱步,從化,飛機場,從化 飛機場,,,,,,助手,,踱步,H,飛機場 踱步 (助手)
H317,05/05/2024,快操,從化,全天候,從化 全天候,,58.3,58.3,31.0 27.3,,助手,,快操,H,31.0 27.3 (58.3) (助手)
H317,05/05/2024,踱步,從化,飛機場,從化 飛機場,,,,,,助手,,踱步,H,飛機場 踱步 (助手)
H317,04/05/2024,踱步,從化,內圈,從化 內圈,,,,,,助手,,快踱一圈,H,內圈 快踱一圈 (助手)
H317,03/05/2024,踱步,從化,內圈,從化 內圈,,,,,,副練馬師,,快踱一圈,H,內圈 快踱一圈 (副練馬師)
H317,02/05/2024,快操,從化,全天候,從化 全天候,,57.3,57.3,31.4 25.9,,助手,,快操,H,31.4 25.9 (57.3) (助手)
H317,02/05/2024,踱步,從化,飛機場,從化 飛機場,,,,,,助手,,踱步,H,飛機場 踱步 (助手)
H317,01/05/2024,踱步,從化,內圈,從化 內圈,,,,,,助手,,快踱一圈,H,內圈 快踱一圈 (助手)
H317,29/04/2024,快操,從化,全天候,從化 全天候,,56.4,56.4,30.9 25.5,,助手,,快操,H,30.9 25.5 (56.4) (助手)
H317,29/04/2024,踱步,從化,飛機場,從化 飛機場,,,,,,助手,,踱步,H,飛機場 踱步 (助手)
H317,28/04/2024,踱步,從化,內圈,從化 內圈,,,,,,助手,,快踱一圈,H,內圈 快踱一圈 (助手)
H317,27/04/2024,踱步,從化,內圈,從化 內圈,,,,,,助手,,快踱一圈,H,內圈 快踱一圈 (助手)
H317,26/04/2024,踱步,從化,內圈,從化 內圈,,,,,,助手,,快踱一圈,H,內圈 快踱一圈 (助手)
H317,24/04/2024,快操,從化,全天候,從化 全天候,,57.9,57.9,30.6 27.3,,副練馬師,,快操,H,30.6 27.3 (57.9) (副練馬師)
H317,24/04/2024,踱步,從化,飛機場,從化 飛機場,,,,,,副練馬師,,踱步,H,飛機場 踱步 (副練馬師)
H317,23/04/2024,游水,從化,,從化,,,,,,,,游水,,
H317,23/04/2024,踱步,從化,內圈,從化 內圈,,,,,,助手,,快踱一圈,H,內圈 快踱一圈 (助手)
H317,22/04/2024,踱步,沙田,奧運踱步圈,沙田 奧運踱步圈,,,,,,助手,,踱步,,奧運踱步圈 踱步 (助手)
H317,21/04/2024,踱步,沙田,奧運踱步圈,沙田 奧運踱步圈,,,,,,助手,,踱步,,奧運踱步圈 踱步 (助手)
H317,17/04/2024,出賽,跑馬地,草地,跑馬地 草地,1200M,,,,,賀銘年,4/12,出賽,CP1/TT,1200M (賀銘年) (4/12)
H317,17/04/2024,踱步,沙田,奧運踱步圈,沙田 奧運踱步圈,,,,,,助手,,踱步,,奧運踱步圈 踱步 (助手)
H317,16/04/2024,踱步,沙田,內圈,沙田 內圈,,,,,,助手,,快踱一圈,H,內圈 快踱一圈 (助手)
H317,15/04/2024,快操,沙田,全天候,沙田 全天候,,56.4,56.4,31.3 25.1,,助手,,快操,CP,31.3 25.1 (56.4) (助手)
H317,14/04/2024,踱步,沙田,內圈,沙田 內圈,,,,,,助手,,快踱一圈,H,內圈 快踱一圈 (助手)
H317,13/04/2024,踱步,沙田,內圈,沙田 內圈,,,,,,助手,,快踱一圈,H,內圈 快踱一圈 (助手)
H317,12/04/2024,踱步,沙田,奧運踱步圈,沙田 奧運踱步圈,,,,,,助手,,踱步,,奧運踱步圈 踱步 (助手)
H317,11/04/2024,快操,沙田,全天候,沙田 全天候,,59.4,59.4,32.8 26.6,,助手,,快操,CP,32.8 26.6 (59.4) (助手)
H317,10/04/2024,踱步,沙田,內圈,沙田 內圈,,,,,,助手,,快踱一圈,H,內圈 快踱一圈 (助手)
H317,09/04/2024,踱步,沙田,內圈,沙田 內圈,,,,,,助手,,快踱一圈,H,內圈 快踱一圈 (助手)
H317,08/04/2024,踱步,沙田,內圈,沙田 內圈,,,,,,助手,,倒快一圈,H,內圈 倒快一圈 (助手)
H317,07/04/2024,踱步,沙田,奧運踱步圈,沙田 奧運踱步圈,,,,,,助手,,踱步,,奧運踱步圈 踱步 (助手)
H317,05/04/2024,試閘,沙田,全天候,沙田 全天候,1200M,1.10.01,70.01,24.2 22.2 23.6,喜喜利高,賀銘年,,第3組,CP,第3組 (賀銘年) 1200M 喜喜利高 24.2 22.2 23.6 (1.10.01)
H317,04/04/2024,踱步,沙田,奧運踱步圈,沙田 奧運踱步圈,,,,,,助手,,踱步,,奧運踱步圈 踱步 (助手)
H317,03/04/2024,踱步,沙田,內圈,沙田 內圈,,,,,,助手,,快踱一圈,H,內圈 快踱一圈 (助手)
H317,02/04/2024,踱步,沙田,內圈,沙田 內圈,,,,,,助手,,快踱一圈,H,內圈 快踱一圈 (助手)
H317,01/04/2024,快操,沙田,全天候,沙田 全天候,,55.4,55.4,30.8 24.6,,助手,,快操,H,30.8 24.6 (55.4) (助手)
H317,31/03/2024,踱步,沙田,內圈,沙田 內圈,,,,,,助手,,快踱一圈,H,內圈 快踱一圈 (助手)
H317,30/03/2024,踱步,沙田,內圈,沙田 內圈,,,,,,助手,,快踱一圈,H,內圈 快踱一圈 (助手)
H317,29/03/2024,踱步,沙田,奧運踱步圈,沙田 奧運踱步圈,,,,,,助手,,踱步,,奧運踱步圈 踱步 (助手)
H317,28/03/2024,快操,沙田,全天候,沙田 全天候,,56.1,56.1,30.6 25.5,,助手,,快操,H,30.6 25.5 (56.1) (助手)
H317,27/03/2024,踱步,沙田,內圈,沙田 內圈,,,,,,助手,,快踱一圈,H,內圈 快踱一圈 (助手)
H317,26/03/2024,踱步,沙田,內圈,沙田 內圈,,,,,,助手,,快踱一圈,H,內圈 快踱一圈 (助手)
H317,25/03/2024,踱步,沙田,內圈,沙田 內圈,,,,,,助手,,倒快一圈,H,內圈 倒快一圈 (助手)
H317,24/03/2024,踱步,沙田,奧運踱步圈,沙田 奧運踱步圈,,,,,,助手,,踱步,,奧運踱步圈 踱步 (助手)
H317,20/03/2024,出賽,跑馬地,草地,跑馬地 草地,1200M,,,,,賀銘年,3/12,出賽,TT,1200M (賀銘年) (3/12)
H317,20/03/2024,踱步,沙田,奧運踱步圈,沙田 奧運踱步圈,,,,,,助手,,踱步,,奧運踱步圈 踱步 (助手)
H317,19/03/2024,踱步,沙田,內圈,沙田 內圈,,,,,,助手,,快踱一圈,H,內圈 快踱一圈 (助手)
H317,18/03/2024,快操,沙田,全天候,沙田 全天候,,57.1,57.1,31.3 25.8,,助手,,快操,H,31.3 25.8 (57.1) (助手)
H317,17/03/2024,踱步,沙田,內圈,沙田 內圈,,,,,,助手,,快踱一圈,H,內圈 快踱一圈 (助手)
H317,16/03/2024,踱步,沙田,內圈,沙田 內圈,,,,,,助手,,快踱一圈,H,內圈 快踱一圈 (助手)
H317,14/03/2024,快操,沙田,全天候,沙田 全天候,,57.5,57.5,31.4 26.1,,助手,,快操,H,31.4 26.1 (57.5) (助手)
H317,13/03/2024,踱步,沙田,內圈,沙田 內圈,,,,,,助手,,快踱一圈,H,內圈 快踱一圈 (助手)
H317,12/03/2024,踱步,沙田,內圈,沙田 內圈,,,,,,助手,,快踱一圈,H,內圈 快踱一圈 (助手)
H317,11/03/2024,快操,沙田,全天候,沙田 全天候,,59.6,59.6,31.9 27.7,,助手,,快操,H,31.9 27.7 (59.6) (助手)
H317,10/03/2024,踱步,沙田,內圈,沙田 內圈,,,,,,助手,,快踱一圈,H,內圈 快踱一圈 (助手)
H317,09/03/2024,踱步,沙田,內圈,沙田 內圈,,,,,,助手,,快踱一圈,H,內圈 快踱一圈 (助手)
H317,08/03/2024,踱步,沙田,奧運踱步圈,沙田 奧運踱步圈,,,,,,助手,,踱步,,奧運踱步圈 踱步 (助手)
H317,07/03/2024,快操,沙田,全天候,沙田 全天候,,56.1,56.1,30.5 25.6,,助手,,快操,H,30.5 25.6 (56.1) (助手)
H317,06/03/2024,踱步,沙田,內圈,沙田 內圈,,,,,,助手,,快踱一圈,H,內圈 快踱一圈 (助手)
H317,05/03/2024,踱步,沙田,內圈,沙田 內圈,,,,,,助手,,快踱一圈,H,內圈 快踱一圈 (助手)
H317,04/03/2024,踱步,沙田,內圈,沙田 內圈,,,,,,助手,,倒快一圈,H,內圈 倒快一圈 (助手)
H317,03/03/2024,游水,沙田,,沙田,,,,,,,,游水,,
H317,28/02/2024,出賽,跑馬地,草地,跑馬地 草地,1200M,,,,,賀銘年,3/12,出賽,TT,1200M (賀銘年) (3/12)
H317,28/02/2024,游水,沙田,,沙田,,,,,,,,游水,,
H317,28/02/2024,踱步,沙田,奧運踱步圈,沙田 奧運踱步圈,,,,,,助手,,踱步,,奧運踱步圈 踱步 (助手)
H317,27/02/2024,踱步,沙田,內圈,沙田 內圈,,,,,,助手,,快踱一圈,H,內圈 快踱一圈 (助手)
H317,26/02/2024,快操,沙田,全天候,沙田 全天候,,57.1,57.1,30.9 26.2,,助手,,快操,H,30.9 26.2 (57.1) (助手)
H317,25/02/2024,踱步,沙田,內圈,沙田 內圈,,,,,,助手,,快踱一圈,H,內圈 快踱一圈 (助手)
H317,24/02/2024,踱步,沙田,內圈,沙田 內圈,,,,,,助手,,快踱一圈,H,內圈 快踱一圈 (助手)
H317,23/02/2024,踱步,沙田,內圈,沙田 內圈,,,,,,助手,,快踱一圈,H,內圈 快踱一圈 (助手)
H317,22/02/2024,快操,沙田,全天候,沙田 全天候,,55.9,55.9,30.9 25.0,,助手,,快操,H,30.9 25.0 (55.9) (助手)
H317,21/02/2024,踱步,沙田,奧運踱步圈,沙田 奧運踱步圈,,,,,,助手,,踱步,,奧運踱步圈 踱步 (助手)
H317,20/02/2024,踱步,沙田,內圈,沙田 內圈,,,,,,助手,,快踱一圈,H,內圈 快踱一圈 (助手)
H317,19/02/2024,快操,沙田,全天候,沙田 全天候,,55.6,55.6,30.7 24.9,,助手,,快操,H,30.7 24.9 (55.6) (助手)
H317,18/02/2024,游水,沙田,,沙田,,,,,,,,游水,,
H317,18/02/2024,踱步,沙田,內圈,沙田 內圈,,,,,,助手,,快踱一圈,H,內圈 快踱一圈 (助手)
H317,17/02/2024,踱步,沙田,內圈,沙田 內圈,,,,,,助手,,快踱一圈,H,內圈 快踱一圈 (助手)
H317,16/02/2024,踱步,沙田,奧運踱步圈,沙田 奧運踱步圈,,,,,,助手,,踱步,,奧運踱步圈 踱步 (助手)
H317,15/02/2024,快操,沙田,全天候,沙田 全天候,,56.4,56.4,30.4 26.0,,助手,,快操,H,30.4 26.0 (56.4) (助手)
H317,14/02/2024,踱步,沙田,內圈,沙田 內圈,,,,,,助手,,快踱一圈,H,內圈 快踱一圈 (助手)
H317,13/02/2024,踱步,沙田,內圈,沙田 內圈,,,,,,助手,,快踱一圈,H,內圈 快踱一圈 (助手)
H317,12/02/2024,踱步,沙田,內圈,沙田 內圈,,,,,,助手,,倒快一圈,H,內圈 倒快一圈 (助手)
H317,11/02/2024,踱步,沙田,奧運踱步圈,沙田 奧運踱步圈,,,,,,助手,,踱步,,奧運踱步圈 踱步 (助手)
H317,08/02/2024,游水,沙田,,沙田,,,,,,,,游水,,
H317,07/02/2024,出賽,跑馬地,草地,跑馬地 草地,1200M,,,,,賀銘年,1/12,出賽,TT,1200M (賀銘年) (1/12)
H317,07/02/2024,踱步,沙田,奧運踱步圈,沙田 奧運踱步圈,,,,,,助手,,踱步,,奧運踱步圈 踱步 (助手)
H317,06/02/2024,踱步,沙田,內圈,沙田 內圈,,,,,,助手,,快踱一圈,H,內圈 快踱一圈 (助手)
H317,05/02/2024,游水,沙田,,沙田,,,,,,,,游水,,
H317,05/02/2024,快操,沙田,全天候,沙田 全天候,,26.1,26.1,26.1,,助手,,快操,H,26.1 (26.1) (助手)
H317,04/02/2024,踱步,沙田,內圈,沙田 內圈,,,,,,助手,,快踱一圈,H,內圈 快踱一圈 (助手)
H317,03/02/2024,踱步,沙田,內圈,沙田 內圈,,,,,,助手,,快踱一圈,H,內圈 快踱一圈 (助手)
H317,02/02/2024,踱步,沙田,內圈,沙田 內圈,,,,,,助手,,快踱一圈,H,內圈 快踱一圈 (助手)
H317,01/02/2024,快操,沙田,全天候,沙田 全天候,,55.5,55.5,29.1 26.4,,助手,,快操,H,29.1 26.4 (55.5) (助手)
H317,31/01/2024,踱步,沙田,奧運踱步圈,沙田 奧運踱步圈,,,,,,助手,,踱步,,奧運踱步圈 踱步 (助手)
H317,30/01/2024,踱步,沙田,內圈,沙田 內圈,,,,,,助手,,快踱一圈,H,內圈 快踱一圈 (助手)
H317,29/01/2024,快操,沙田,全天候,沙田 全天候,,56.5,56.5,30.5 26.0,,助手,,快操,H,30.5 26.0 (56.5) (助手)
H317,28/01/2024,踱步,沙田,內圈,沙田 內圈,,,,,,助手,,快踱一圈,H,內圈 快踱一圈 (助手)
H317,27/01/2024,踱步,沙田,內圈,沙田 內圈,,,,,,助手,,快踱一圈,H,內圈 快踱一圈 (助手)
H317,26/01/2024,踱步,沙田,奧運踱步圈,沙田 奧運踱步圈,,,,,,助手,,踱步,,奧運踱步圈 踱步 (助手)
H317,25/01/2024,快操,沙田,全天候,沙田 全天候,,57.4,57.4,31.3 26.1,,助手,,快操,H,31.3 26.1 (57.4) (助手)
H317,24/01/2024,踱步,沙田,內圈,沙田 內圈,,,,,,助手,,快踱一圈,H,內圈 快踱一圈 (助手)
H317,23/01/2024,踱步,沙田,內圈,沙田 內圈,,,,,,助手,,快踱一圈,H,內圈 快踱一圈 (助手)
H317,22/01/2024,踱步,沙田,內圈,沙田 內圈,,,,,,助手,,倒快一圈,H,內圈 倒快一圈 (助手)
H317,21/01/2024,踱步,沙田,奧運踱步圈,沙田 奧運踱步圈,,,,,,助手,,踱步,,奧運踱步圈 踱步 (助手)
H317,17/01/2024,出賽,跑馬地,草地,跑馬地 草地,1200M,,,,,賀銘年,6/12,出賽,H-/P-/XB-/TT,1200M (賀銘年) (6/12)
H317,17/01/2024,踱步,沙田,奧運踱步圈,沙田 奧運踱步圈,,,,,,助手,,踱步,,奧運踱步圈 踱步 (助手)
H317,16/01/2024,踱步,沙田,內圈,沙田 內圈,,,,,,助手,,快踱一圈,H,內圈 快踱一圈 (助手)
H317,15/01/2024,踱步,沙田,內圈,沙田 內圈,,,,,,助手,,倒快一圈,H,內圈 倒快一圈 (助手)
H317,14/01/2024,快操,沙田,全天候,沙田 全天候,,55.8,55.8,31.0 24.8,,助手,,快操,H,31.0 24.8 (55.8) (助手)
H317,13/01/2024,踱步,沙田,內圈,沙田 內圈,,,,,,助手,,快踱一圈,H,內圈 快踱一圈 (助手)
H317,12/01/2024,踱步,沙田,內圈,沙田 內圈,,,,,,助手,,快踱一圈,H,內圈 快踱一圈 (助手)
H317,11/01/2024,踱步,沙田,內圈,沙田 內圈,,,,,,助手,,倒快一圈,H,內圈 倒快一圈 (助手)
H317,10/01/2024,游水,沙田,,沙田,,,,,,,,游水,,
H317,10/01/2024,快操,沙田,全天候,沙田 全天候,,1.00.0,60.0,32.0 28.0,,助手,,快操,H,32.0 28.0 (1.00.0) (助手)
H317,09/01/2024,踱步,沙田,奧運踱步圈,沙田 奧運踱步圈,,,,,,助手,,踱步,,奧運踱步圈 踱步 (助手)
H317,08/01/2024,踱步,沙田,內圈,沙田 內圈,,,,,,助手,,倒快一圈,H,內圈 倒快一圈 (助手)
H317,07/01/2024,踱步,沙田,內圈,沙田 內圈,,,,,,助手,,快踱一圈,H,內圈 快踱一圈 (助手)
H317,06/01/2024,踱步,沙田,內圈,沙田 內圈,,,,,,助手,,快踱一圈,H,內圈 快踱一圈 (助手)
H317,05/01/2024,踱步,沙田,內圈,沙田 內圈,,,,,,助手,,快踱一圈,H,內圈 快踱一圈 (助手)
H317,03/01/2024,踱步,沙田,奧運踱步圈,沙田 奧運踱步圈,,,,,,助手,,踱步,,奧運踱步圈 踱步 (助手)
H317,02/01/2024,試閘,沙田,全天候,沙田 全天候,1200M,1.10.22,70.22,24.0 22.8 23.4,昇瀧駒,賀銘年,,第1組,,第1組 (賀銘年) 1200M 昇瀧駒 24.0 22.8 23.4 (1.10.22)
H317,01/01/2024,踱步,沙田,奧運踱步圈,沙田 奧運踱步圈,,,,,,助手,,踱步,,奧運踱步圈 踱步 (助手)
H317,31/12/2023,踱步,沙田,內圈,沙田 內圈,,,,,,助手,,快踱一圈,H,內圈 快踱一圈 (助手)
H317,30/12/2023,踱步,沙田,內圈,沙田 內圈,,,,,,助手,,快踱一圈,H,內圈 快踱一圈 (助手)
H317,29/12/2023,快操,沙田,全天候,沙田 全天候,,58.4,58.4,31.0 27.4,,助手,,快操,H,31.0 27.4 (58.4) (助手)
H317,28/12/2023,踱步,沙田,內圈,沙田 內圈,,,,,,助手,,倒快一圈,H,內圈 倒快一圈 (助手)
H317,27/12/2023,踱步,沙田,內圈,沙田 內圈,,,,,,助手,,快踱一圈,H,內圈 快踱一圈 (助手)
H317,26/12/2023,游水,沙田,,沙田,,,,,,,,游水,,
H317,26/12/2023,快操,沙田,全天候,沙田 全天候,,55.7,55.7,29.8 25.9,,助手,,快操,H,29.8 25.9 (55.7) (助手)
H317,25/12/2023,踱步,沙田,內圈,沙田 內圈,,,,,,助手,,倒快一圈,H,內圈 倒快一圈 (助手)
H317,24/12/2023,踱步,沙田,內圈,沙田 內圈,,,,,,助手,,快踱一圈,H,內圈 快踱一圈 (助手)
H317,23/12/2023,踱步,沙田,內圈,沙田 內圈,,,,,,助手,,快踱一圈,H,內圈 快踱一圈 (助手)
H317,22/12/2023,踱步,沙田,內圈,沙田 內圈,,,,,,助手,,快踱一圈,H,內圈 快踱一圈 (助手)
H317,21/12/2023,踱步,沙田,奧運踱步圈,沙田 奧運踱步圈,,,,,,助手,,踱步,,奧運踱步圈 踱步 (助手)
H317,19/12/2023,試閘,沙田,全天候,沙田 全天候,1200M,1.10.88,70.88,24.1 23.1 23.6,欣樂人生,賀銘年,,第2組,,第2組 (賀銘年) 1200M 欣樂人生 24.1 23.1 23.6 (1.10.88)
H317,18/12/2023,游水,沙田,,沙田,,,,,,,,游水,,
H317,18/12/2023,踱步,沙田,奧運踱步圈,沙田 奧運踱步圈,,,,,,助手,,踱步,,奧運踱步圈 踱步 (助手)
H317,17/12/2023,游水,沙田,,沙田,,,,,,,,游水,,
H317,17/12/2023,踱步,沙田,內圈,沙田 內圈,,,,,,助手,,快踱一圈,H,內圈 快踱一圈 (助手)
H317,16/12/2023,游水,沙田,,沙田,,,,,,,,游水,,
H317,16/12/2023,快操,沙田,全天候,沙田 全天候,,52.9,52.9,29.7 23.2,,助手,,快操,,29.7 23.2 (52.9) (助手)
H317,15/12/2023,游水,沙田,,沙田,,,,,,,,游水,,
H317,15/12/2023,踱步,沙田,內圈,沙田 內圈,,,,,,助手,,快踱一圈,H,內圈 快踱一圈 (助手)
H317,14/12/2023,游水,沙田,,沙田,,,,,,,,游水,,
H317,14/12/2023,踱步,沙田,內圈,沙田 內圈,,,,,,助手,,倒快一圈,,內圈 倒快一圈 (助手)
H317,13/12/2023,游水,沙田,,沙田,,,,,,,,游水,,
H317,13/12/2023,踱步,沙田,奧運踱步圈,沙田 奧運踱步圈,,,,,,助手,,踱步,,奧運踱步圈 踱步 (助手)
H317,12/12/2023,游水,沙田,,沙田,,,,,,,,游水,,
H317,12/12/2023,快操,沙田,全天候,沙田 全天候,,58.3,58.3,30.8 27.5,,助手,,快操,,30.8 27.5 (58.3) (助手)
H317,11/12/2023,游水,沙田,,沙田,,,,,,,,游水,,
H317,11/12/2023,踱步,沙田,內圈,沙田 內圈,,,,,,助手,,倒快一圈,,內圈 倒快一圈 (助手)
H317,10/12/2023,游水,沙田,,沙田,,,,,,,,游水,,
H317,10/12/2023,踱步,沙田,內圈,沙田 內圈,,,,,,助手,,快踱一圈,,內圈 快踱一圈 (助手)
H317,09/12/2023,游水,沙田,,沙田,,,,,,,,游水,,
H317,09/12/2023,踱步,沙田,內圈,沙田 內圈,,,,,,助手,,快踱一圈,H,內圈 快踱一圈 (助手)
H317,08/12/2023,游水,沙田,,沙田,,,,,,,,游水,,
H317,08/12/2023,踱步,沙田,內圈,沙田 內圈,,,,,,助手,,快踱一圈,,內圈 快踱一圈 (助手)
H317,07/12/2023,游水,沙田,,沙田,,,,,,,,游水,,
H317,06/12/2023,游水,沙田,,沙田,,,,,,,,游水,,
H317,05/12/2023,游水,沙田,,沙田,,,,,,,,游水,,
H317,04/12/2023,游水,沙田,,沙田,,,,,,,,游水,,
H317,03/12/2023,出賽,沙田,全天候,沙田 全天候,1200M,,,,,艾兆禮,11/12,出賽,H/P/XB/TT,1200M (艾兆禮) (11/12)
H317,03/12/2023,游水,沙田,,沙田,,,,,,,,游水,,
H317,02/12/2023,游水,沙田,,沙田,,,,,,,,游水,,
H317,02/12/2023,踱步,沙田,奧運踱步圈,沙田 奧運踱步圈,,,,,,助手,,踱步,,奧運踱步圈 踱步 (助手)
H317,01/12/2023,游水,沙田,,沙田,,,,,,,,游水,,
H317,01/12/2023,踱步,沙田,內圈,沙田 內圈,,,,,,助手,,快踱一圈,H,內圈 快踱一圈 (助手)
H317,30/11/2023,游水,沙田,,沙田,,,,,,,,游水,,
H317,30/11/2023,快操,沙田,全天候,沙田 全天候,,56.9,56.9,31.2 25.7,,助手,,快操,PH,31.2 25.7 (56.9) (助手)
H317,29/11/2023,游水,沙田,,沙田,,,,,,,,游水,,
H317,29/11/2023,踱步,沙田,內圈,沙田 內圈,,,,,,助手,,快踱一圈,PH,內圈 快踱一圈 (助手)
H317,28/11/2023,游水,沙田,,沙田,,,,,,,,游水,,
H317,28/11/2023,踱步,沙田,內圈,沙田 內圈,,,,,,助手,,快踱一圈,H,內圈 快踱一圈 (助手)
H317,27/11/2023,游水,沙田,,沙田,,,,,,,,游水,,
H317,27/11/2023,快操,沙田,全天候,沙田 全天候,,59.5,59.5,33.0 26.5,,助手,,快操,PH,33.0 26.5 (59.5) (助手)
H317,26/11/2023,游水,沙田,,沙田,,,,,,,,游水,,
H317,26/11/2023,踱步,沙田,內圈,沙田 內圈,,,,,,助手,,快踱一圈,H,內圈 快踱一圈 (助手)
H317,25/11/2023,游水,沙田,,沙田,,,,,,,,游水,,
H317,24/11/2023,游水,沙田,,沙田,,,,,,,,游水,,
H317,23/11/2023,游水,沙田,,沙田,,,,,,,,游水,,
H317,22/11/2023,游水,從化,,從化,,,,,,,,游水,,
H317,22/11/2023,快操,從化,全天候,從化 全天候,,55.2,55.2,30.5 24.7,,助手,,快操,H/P/XB,30.5 24.7 (55.2) (助手)
H317,22/11/2023,踱步,從化,飛機場,從化 飛機場,,,,,,助手,,踱步,H/P/XB,飛機場 踱步 (助手)
H317,21/11/2023,游水,從化,,從化,,,,,,,,游水,,
H317,21/11/2023,踱步,從化,內圈,從化 內圈,,,,,,助手,,快踱一圈,H/P/XB,內圈 快踱一圈 (助手)
H317,20/11/2023,游水,從化,,從化,,,,,,,,游水,,
H317,20/11/2023,踱步,從化,內圈,從化 內圈,,,,,,助手,,倒快一圈,H/P/XB,內圈 倒快一圈 (助手)
H317,19/11/2023,游水,從化,,從化,,,,,,,,游水,,
H317,19/11/2023,踱步,從化,飛機場,從化 飛機場,,,,,,助手,,踱步,H/P,飛機場 踱步 (助手)
H317,18/11/2023,游水,從化,,從化,,,,,,,,游水,,
H317,17/11/2023,試閘,從化,草地,從化 草地,1200M,1.12.79,72.79,25.2 23.1 24.4,花好月盈,艾道拿,,第10組,P/H/XB,第10組 (艾道拿) 1200M 花好月盈 25.2 23.1 24.4 (1.12.79)
H317,17/11/2023,踱步,從化,飛機場,從化 飛機場,,,,,,助手,,踱步,H/P/XB,飛機場 踱步 (助手)
H317,16/11/2023,游水,從化,,從化,,,,,,,,游水,,
H317,15/11/2023,游水,從化,,從化,,,,,,,,游水,,
H317,15/11/2023,踱步,從化,內圈,從化 內圈,,,,,,助手,,快踱一圈,H/P/XB,內圈 快踱一圈 (助手)
H317,14/11/2023,游水,從化,,從化,,,,,,,,游水,,
H317,14/11/2023,踱步,從化,內圈,從化 內圈,,,,,,助手,,快踱一圈,H/P/XB,內圈 快踱一圈 (助手)
H317,13/11/2023,游水,從化,,從化,,,,,,,,游水,,
H317,13/11/2023,快操,從化,全天候,從化 全天候,,57.2,57.2,32.3 24.9,,助手,,快操,H/P/XB,32.3 24.9 (57.2) (助手)
H317,13/11/2023,踱步,從化,飛機場,從化 飛機場,,,,,,助手,,踱步,H/P/XB,飛機場 踱步 (助手)
H317,12/11/2023,游水,從化,,從化,,,,,,,,游水,,
H317,12/11/2023,踱步,從化,內圈,從化 內圈,,,,,,助手,,快踱一圈,H/P/XB,內圈 快踱一圈 (助手)
H317,11/11/2023,游水,從化,,從化,,,,,,,,游水,,
H317,11/11/2023,踱步,從化,內圈,從化 內圈,,,,,,助手,,快踱一圈,H/P/XB,內圈 快踱一圈 (助手)
H317,10/11/2023,游水,從化,,從化,,,,,,,,游水,,
H317,09/11/2023,游水,從化,,從化,,,,,,,,游水,,
H317,09/11/2023,快操,從化,全天候,從化 全天候,,57.4,57.4,31.0 26.4,,助手,,快操,H/P/XB,31.0 26.4 (57.4) (助手)
H317,09/11/2023,踱步,從化,飛機場,從化 飛機場,,,,,,助手,,踱步,H/P/XB,飛機場 踱步 (助手)
H317,08/11/2023,游水,從化,,從化,,,,,,,,游水,,
H317,08/11/2023,踱步,從化,內圈,從化 內圈,,,,,,助手,,快踱一圈,H/P/XB,內圈 快踱一圈 (助手)
H317,07/11/2023,游水,從化,,從化,,,,,,,,游水,,
H317,07/11/2023,踱步,從化,內圈,從化 內圈,,,,,,助手,,快踱一圈,H/P/XB,內圈 快踱一圈 (助手)
H317,06/11/2023,游水,從化,,從化,,,,,,,,游水,,
H317,06/11/2023,快操,從化,全天候,從化 全天候,,57.0,57.0,30.7 26.3,,副練馬師,,快操,H/P/XB,30.7 26.3 (57.0) (副練馬師)
H317,06/11/2023,踱步,從化,飛機場,從化 飛機場,,,,,,副練馬師,,踱步,H/P/XB,飛機場 踱步 (副練馬師)
H317,05/11/2023,游水,從化,,從化,,,,,,,,游水,,
H317,04/11/2023,游水,從化,,從化,,,,,,,,游水,,
H317,04/11/2023,踱步,從化,內圈,從化 內圈,,,,,,助手,,快踱一圈,H,內圈 快踱一圈 (助手)
H317,03/11/2023,游水,從化,,從化,,,,,,,,游水,,
H317,02/11/2023,游水,從化,,從化,,,,,,,,游水,,
H317,02/11/2023,快操,從化,全天候,從化 全天候,,56.8,56.8,31.4 25.4,,副練馬師,,快操,H/P/XB,31.4 25.4 (56.8) (副練馬師)
H317,02/11/2023,踱步,從化,飛機場,從化 飛機場,,,,,,副練馬師,,踱步,H/P/XB,飛機場 踱步 (副練馬師)
H317,01/11/2023,游水,從化,,從化,,,,,,,,游水,,
H317,31/10/2023,游水,從化,,從化,,,,,,,,游水,,
H317,31/10/2023,踱步,從化,內圈,從化 內圈,,,,,,助手,,快踱一圈,H/P/XB,內圈 快踱一圈 (助手)
H317,30/10/2023,游水,從化,,從化,,,,,,,,游水,,
H317,30/10/2023,快操,從化,全天候,從化 全天候,,57.7,57.7,31.1 26.6,,助手,,快操,H/P/XB,31.1 26.6 (57.7) (助手)
H317,30/10/2023,踱步,從化,飛機場,從化 飛機場,,,,,,助手,,踱步,H/P/XB,飛機場 踱步 (助手)
H317,29/10/2023,游水,從化,,從化,,,,,,,,游水,,
H317,29/10/2023,踱步,從化,內圈,從化 內圈,,,,,,助手,,快踱一圈,H/P/XB,內圈 快踱一圈 (助手)
H317,28/10/2023,游水,從化,,從化,,,,,,,,游水,,
H317,28/10/2023,踱步,從化,內圈,從化 內圈,,,,,,助手,,快踱一圈,H/P/XB,內圈 快踱一圈 (助手)
H317,26/10/2023,游水,沙田,,沙田,,,,,,,,游水,,
H317,26/10/2023,踱步,沙田,奧運踱步圈,沙田 奧運踱步圈,,,,,,助手,,踱步,,奧運踱步圈 踱步 (助手)
H317,25/10/2023,游水,沙田,,沙田,,,,,,,,游水,,
H317,24/10/2023,游水,沙田,,沙田,,,,,,,,游水,,
H317,22/10/2023,出賽,沙田,草地,沙田 草地,1200M,,,,,巴度,13/14,出賽,H/P1/XB1/TT,1200M (巴度) (13/14)
H317,22/10/2023,游水,沙田,,沙田,,,,,,,,游水,,
H317,21/10/2023,游水,沙田,,沙田,,,,,,,,游水,,
H317,21/10/2023,踱步,沙田,奧運踱步圈,沙田 奧運踱步圈,,,,,,助手,,踱步,,奧運踱步圈 踱步 (助手)
H317,20/10/2023,游水,沙田,,沙田,,,,,,,,游水,,
H317,20/10/2023,踱步,沙田,內圈,沙田 內圈,,,,,,助手,,快踱一圈,H,內圈 快踱一圈 (助手)
H317,19/10/2023,游水,沙田,,沙田,,,,,,,,游水,,
H317,19/10/2023,快操,沙田,全天候,沙田 全天候,,58.6,58.6,32.4 26.2,,助手,,快操,PH,32.4 26.2 (58.6) (助手)
H317,18/10/2023,游水,沙田,,沙田,,,,,,,,游水,,
H317,18/10/2023,踱步,沙田,內圈,沙田 內圈,,,,,,助手,,快踱一圈,H,內圈 快踱一圈 (助手)
H317,17/10/2023,游水,沙田,,沙田,,,,,,,,游水,,
H317,17/10/2023,踱步,沙田,內圈,沙田 內圈,,,,,,助手,,快踱一圈,H,內圈 快踱一圈 (助手)
H317,16/10/2023,游水,沙田,,沙田,,,,,,,,游水,,
H317,16/10/2023,踱步,沙田,內圈,沙田 內圈,,,,,,助手,,倒快一圈,H,內圈 倒快一圈 (助手)
H317,15/10/2023,游水,沙田,,沙田,,,,,,,,游水,,
H317,15/10/2023,踱步,沙田,內圈,沙田 內圈,,,,,,助手,,快踱一圈,H,內圈 快踱一圈 (助手)
H317,14/10/2023,游水,沙田,,沙田,,,,,,,,游水,,
H317,14/10/2023,踱步,沙田,奧運踱步圈,沙田 奧運踱步圈,,,,,,助手,,踱步,,奧運踱步圈 踱步 (助手)
H317,13/10/2023,游水,沙田,,沙田,,,,,,,,游水,,
H317,12/10/2023,試閘,沙田,全天候,沙田 全天候,1200M,1.10.63,70.63,23.7 22.7 24.2,花好月盈,蔡明紹,,第6組,H/P,第6組 (蔡明紹) 1200M 花好月盈 23.7 22.7 24.2 (1.10.63)
H317,11/10/2023,游水,沙田,,沙田,,,,,,,,游水,,
H317,11/10/2023,踱步,沙田,內圈,沙田 內圈,,,,,,助手,,快踱一圈,H,內圈 快踱一圈 (助手)
H317,10/10/2023,游水,沙田,,沙田,,,,,,,,游水,,
H317,10/10/2023,踱步,沙田,內圈,沙田 內圈,,,,,,助手,,快踱一圈,H,內圈 快踱一圈 (助手)
H317,09/10/2023,游水,沙田,,沙田,,,,,,,,游水,,
H317,07/10/2023,游水,沙田,,沙田,,,,,,,,游水,,
H317,07/10/2023,踱步,沙田,奧運踱步圈,沙田 奧運踱步圈,,,,,,助手,,踱步,,奧運踱步圈 踱步 (助手)
H317,06/10/2023,游水,沙田,,沙田,,,,,,,,游水,,
H317,05/10/2023,游水,沙田,,沙田,,,,,,,,游水,,
H317,05/10/2023,快操,沙田,全天候,沙田 全天候,,57.7,57.7,31.6 26.1,,助手,,快操,PH,31.6 26.1 (57.7) (助手)
H317,04/10/2023,游水,沙田,,沙田,,,,,,,,游水,,
H317,04/10/2023,踱步,沙田,內圈,沙田 內圈,,,,,,助手,,快踱一圈,H,內圈 快踱一圈 (助手)
H317,03/10/2023,游水,沙田,,沙田,,,,,,,,游水,,
H317,03/10/2023,踱步,沙田,內圈,沙田 內圈,,,,,,助手,,快踱一圈,PH,內圈 快踱一圈 (助手)
H317,02/10/2023,游水,沙田,,沙田,,,,,,,,游水,,
H317,02/10/2023,踱步,沙田,內圈,沙田 內圈,,,,,,助手,,倒快一圈,PH,內圈 倒快一圈 (助手)
H317,01/10/2023,游水,沙田,,沙田,,,,,,,,游水,,
H317,30/09/2023,游水,沙田,,沙田,,,,,,,,游水,,
H317,29/09/2023,試閘,沙田,全天候,沙田 全天候,1200M,1.11.13,71.13,24.1 23.2 23.8,金運來,蔡明紹,,第3組,H/P/XB,第3組 (蔡明紹) 1200M 金運來 24.1 23.2 23.8 (1.11.13)
H317,28/09/2023,游水,沙田,,沙田,,,,,,,,游水,,
H317,28/09/2023,踱步,沙田,奧運踱步圈,沙田 奧運踱步圈,,,,,,助手,,踱步,,奧運踱步圈 踱步 (助手)
H317,27/09/2023,游水,沙田,,沙田,,,,,,,,游水,,
H317,27/09/2023,踱步,沙田,內圈,沙田 內圈,,,,,,助手,,快踱一圈,H,內圈 快踱一圈 (助手)
H317,26/09/2023,游水,沙田,,沙田,,,,,,,,游水,,
H317,26/09/2023,快操,沙田,全天候,沙田 全天候,,55.5,55.5,30.0 25.5,,助手,,快操,PH,30.0 25.5 (55.5) (助手)
H317,25/09/2023,游水,沙田,,沙田,,,,,,,,游水,,
H317,25/09/2023,踱步,沙田,內圈,沙田 內圈,,,,,,助手,,倒快一圈,H,內圈 倒快一圈 (助手)
H317,24/09/2023,游水,沙田,,沙田,,,,,,,,游水,,
H317,24/09/2023,踱步,沙田,內圈,沙田 內圈,,,,,,助手,,快踱一圈,H,內圈 快踱一圈 (助手)
H317,23/09/2023,游水,沙田,,沙田,,,,,,,,游水,,
H317,23/09/2023,踱步,沙田,內圈,沙田 內圈,,,,,,助手,,快踱一圈,H,內圈 快踱一圈 (助手)
H317,22/09/2023,游水,沙田,,沙田,,,,,,,,游水,,
H317,22/09/2023,踱步,沙田,內圈,沙田 內圈,,,,,,助手,,快踱一圈,PH,內圈 快踱一圈 (助手)
H317,20/09/2023,游水,從化,,從化,,,,,,,,游水,,
H317,20/09/2023,踱步,從化,飛機場,從化 飛機場,,,,,,助手,,踱步,H/P,飛機場 踱步 (助手)
H317,19/09/2023,游水,從化,,從化,,,,,,,,游水,,
H317,18/09/2023,試閘,從化,草地,從化 草地,1000M,0.58.80,58.8,14.0 21.4 23.4,花好月盈,查本楠,,第7組,P/H/XB,第7組 (查本楠) 1000M 花好月盈 14.0 21.4 23.4 (0.58.80)
H317,18/09/2023,踱步,從化,飛機場,從化 飛機場,,,,,,助手,,踱步,H/P/XB,飛機場 踱步 (助手)
H317,17/09/2023,游水,從化,,從化,,,,,,,,游水,,
H317,17/09/2023,踱步,從化,內圈,從化 內圈,,,,,,助手,,快踱一圈,H/P/XB,內圈 快踱一圈 (助手)
H317,16/09/2023,游水,從化,,從化,,,,,,,,游水,,
H317,16/09/2023,踱步,從化,內圈,從化 內圈,,,,,,助手,,快踱一圈,H/P/XB,內圈 快踱一圈 (助手)
H317,15/09/2023,游水,從化,,從化,,,,,,,,游水,,
H317,15/09/2023,踱步,從化,內圈,從化 內圈,,,,,,助手,,快踱一圈,H/P/XB,內圈 快踱一圈 (助手)
H317,14/09/2023,游水,從化,,從化,,,,,,,,游水,,
H317,14/09/2023,快操,從化,全天候,從化 全天候,,58.1,58.1,32.5 25.6,,助手,,快操,H/P/XB,32.5 25.6 (58.1) (助手)
H317,14/09/2023,踱步,從化,飛機場,從化 飛機場,,,,,,助手,,踱步,H/P/XB,飛機場 踱步 (助手)
H317,13/09/2023,游水,從化,,從化,,,,,,,,游水,,
H317,13/09/2023,踱步,從化,內圈,從化 內圈,,,,,,助手,,快踱一圈,H/P/XB,內圈 快踱一圈 (助手)
H317,12/09/2023,游水,從化,,從化,,,,,,,,游水,,
H317,11/09/2023,游水,從化,,從化,,,,,,,,游水,,
H317,11/09/2023,快操,從化,全天候,從化 全天候,,59.1,59.1,32.3 26.8,,助手,,快操,H/P/XB,32.3 26.8 (59.1) (助手)
H317,11/09/2023,踱步,從化,飛機場,從化 飛機場,,,,,,助手,,踱步,H/P/XB,飛機場 踱步 (助手)
H317,10/09/2023,游水,從化,,從化,,,,,,,,游水,,
H317,10/09/2023,踱步,從化,內圈,從化 內圈,,,,,,助手,,快踱一圈,H/P/XB,內圈 快踱一圈 (助手)
H317,09/09/2023,游水,從化,,從化,,,,,,,,游水,,
H317,09/09/2023,踱步,從化,內圈,從化 內圈,,,,,,助手,,快踱一圈,H/P/XB,內圈 快踱一圈 (助手)
H317,08/09/2023,游水,從化,,從化,,,,,,,,游水,,
H317,08/09/2023,踱步,從化,內圈,從化 內圈,,,,,,助手,,快踱一圈,H/P/XB,內圈 快踱一圈 (助手)
H317,07/09/2023,游水,從化,,從化,,,,,,,,游水,,
H317,07/09/2023,快操,從化,全天候,從化 全天候,,58.3,58.3,31.6 26.7,,助手,,快操,H/P/XB,31.6 26.7 (58.3) (助手)
H317,07/09/2023,踱步,從化,飛機場,從化 飛機場,,,,,,助手,,踱步,H/P/XB,飛機場 踱步 (助手)
H317,06/09/2023,游水,從化,,從化,,,,,,,,游水,,
H317,06/09/2023,踱步,從化,內圈,從化 內圈,,,,,,助手,,快踱一圈,H/P/XB,內圈 快踱一圈 (助手)
H317,05/09/2023,游水,從化,,從化,,,,,,,,游水,,
H317,04/09/2023,游水,從化,,從化,,,,,,,,游水,,
H317,04/09/2023,踱步,從化,內圈,從化 內圈,,,,,,助手,,倒快一圈,H/P/XB,內圈 倒快一圈 (助手)
H317,03/09/2023,游水,從化,,從化,,,,,,,,游水,,
H317,03/09/2023,踱步,從化,內圈,從化 內圈,,,,,,助手,,快踱一圈,H/P/XB,內圈 快踱一圈 (助手)
H317,02/09/2023,游水,從化,,從化,,,,,,,,游水,,
H317,02/09/2023,踱步,從化,飛機場,從化 飛機場,,,,,,助手,,踱步,H/P,飛機場 踱步 (助手)
H317,31/08/2023,試閘,從化,草地,從化 草地,800M,0.46.95,46.95,24.7 22.2,奮鬥雄才,黃智弘,,第3組,H/P/XB,第3組 (黃智弘) 800M 奮鬥雄才 24.7 22.2 (0.46.95)
H317,31/08/2023,踱步,從化,飛機場,從化 飛機場,,,,,,助手,,踱步,H/P/XB,飛機場 踱步 (助手)
H317,30/08/2023,游水,從化,,從化,,,,,,,,游水,,
H317,29/08/2023,游水,從化,,從化,,,,,,,,游水,,
H317,29/08/2023,踱步,從化,內圈,從化 內圈,,,,,,助手,,快踱一圈,H/P/XB,內圈 快踱一圈 (助手)
H317,28/08/2023,游水,從化,,從化,,,,,,,,游水,,
H317,28/08/2023,快操,從化,全天候,從化 全天候,,57.5,57.5,30.9 26.6,,助手,,快操,H/P/XB,30.9 26.6 (57.5) (助手)
H317,28/08/2023,踱步,從化,飛機場,從化 飛機場,,,,,,助手,,踱步,H/P/XB,飛機場 踱步 (助手)
H317,27/08/2023,游水,從化,,從化,,,,,,,,游水,,
H317,27/08/2023,踱步,從化,內圈,從化 內圈,,,,,,助手,,快踱一圈,H/P/XB,內圈 快踱一圈 (助手)
H317,26/08/2023,游水,從化,,從化,,,,,,,,游水,,
H317,25/08/2023,游水,從化,,從化,,,,,,,,游水,,
H317,25/08/2023,踱步,從化,內圈,從化 內圈,,,,,,助手,,快踱一圈,H/P/XB,內圈 快踱一圈 (助手)
H317,24/08/2023,游水,從化,,從化,,,,,,,,游水,,
H317,24/08/2023,快操,從化,草地,從化 草地,,54.8,54.8,28.5 26.3,,助手,,快操,H/P/XB,28.5 26.3 (54.8) (助手)
H317,24/08/2023,踱步,從化,飛機場,從化 飛機場,,,,,,助手,,踱步,H/P/XB,飛機場 踱步 (助手)
H317,23/08/2023,游水,從化,,從化,,,,,,,,游水,,
H317,23/08/2023,踱步,從化,內圈,從化 內圈,,,,,,助手,,快踱一圈,H/P/XB,內圈 快踱一圈 (助手)
H317,22/08/2023,游水,從化,,從化,,,,,,,,游水,,
H317,21/08/2023,游水,從化,,從化,,,,,,,,游水,,
H317,21/08/2023,快操,從化,全天候,從化 全天候,,56.9,56.9,30.4 26.5,,助手,,快操,H/P/XB,30.4 26.5 (56.9) (助手)
H317,21/08/2023,踱步,從化,飛機場,從化 飛機場,,,,,,助手,,踱步,H/P/XB,飛機場 踱步 (助手)
H317,20/08/2023,游水,從化,,從化,,,,,,,,游水,,
H317,20/08/2023,踱步,從化,內圈,從化 內圈,,,,,,助手,,快踱一圈,H/P/XB,內圈 快踱一圈 (助手)
H317,19/08/2023,游水,從化,,從化,,,,,,,,游水,,
H317,19/08/2023,踱步,從化,內圈,從化 內圈,,,,,,助手,,快踱一圈,H/P/XB,內圈 快踱一圈 (助手)
H317,18/08/2023,游水,從化,,從化,,,,,,,,游水,,
H317,18/08/2023,踱步,從化,內圈,從化 內圈,,,,,,助手,,快踱一圈,H/P/XB,內圈 快踱一圈 (助手)
H317,17/08/2023,游水,從化,,從化,,,,,,,,游水,,
H317,17/08/2023,快操,從化,全天候,從化 全天候,,55.0,55.0,29.9 25.1,,助手,,快操,H/P/XB,29.9 25.1 (55.0) (助手)
H317,17/08/2023,踱步,從化,飛機場,從化 飛機場,,,,,,助手,,踱步,H/P/XB,飛機場 踱步 (助手)
H317,16/08/2023,游水,從化,,從化,,,,,,,,游水,,
H317,15/08/2023,游水,從化,,從化,,,,,,,,游水,,
H317,15/08/2023,踱步,從化,內圈,從化 內圈,,,,,,助手,,快踱一圈,H/P/XB,內圈 快踱一圈 (助手)
H317,14/08/2023,游水,從化,,從化,,,,,,,,游水,,
H317,14/08/2023,快操,從化,全天候,從化 全天候,,32.4,32.4,32.4,,助手,,快操,H/P/XB,32.4 (32.4) (助手)
H317,14/08/2023,踱步,從化,飛機場,從化 飛機場,,,,,,助手,,踱步,H/P/XB,飛機場 踱步 (助手)
H317,13/08/2023,游水,從化,,從化,,,,,,,,游水,,
H317,13/08/2023,踱步,從化,內圈,從化 內圈,,,,,,助手,,快踱一圈,H/P/XB,內圈 快踱一圈 (助手)
H317,12/08/2023,游水,從化,,從化,,,,,,,,游水,,
H317,12/08/2023,踱步,從化,內圈,從化 內圈,,,,,,助手,,快踱一圈,H/P/XB,內圈 快踱一圈 (助手)
H317,11/08/2023,游水,從化,,從化,,,,,,,,游水,,
H317,11/08/2023,踱步,從化,內圈,從化 內圈,,,,,,助手,,快踱一圈,H/P,內圈 快踱一圈 (助手)
H317,10/08/2023,游水,從化,,從化,,,,,,,,游水,,
H317,10/08/2023,快操,從化,全天候,從化 全天候,,28.7,28.7,28.7,,助手,,快操,H/P,28.7 (28.7) (助手)
H317,10/08/2023,踱步,從化,飛機場,從化 飛機場,,,,,,助手,,踱步,H/P,飛機場 踱步 (助手)
H317,09/08/2023,游水,從化,,從化,,,,,,,,游水,,
H317,08/08/2023,游水,從化,,從化,,,,,,,,游水,,
H317,08/08/2023,踱步,從化,內圈,從化 內圈,,,,,,助手,,快踱一圈,H/P,內圈 快踱一圈 (助手)
H317,07/08/2023,游水,從化,,從化,,,,,,,,游水,,
H317,07/08/2023,快操,從化,全天候,從化 全天候,,29.6,29.6,29.6,,助手,,快操,H/P/XB,29.6 (29.6) (助手)
H317,07/08/2023,踱步,從化,飛機場,從化 飛機場,,,,,,助手,,踱步,H/P/XB,飛機場 踱步 (助手)
H317,06/08/2023,游水,從化,,從化,,,,,,,,游水,,
H317,06/08/2023,踱步,從化,內圈,從化 內圈,,,,,,助手,,快踱一圈,H/P/XB,內圈 快踱一圈 (助手)
H317,05/08/2023,游水,從化,,從化,,,,,,,,游水,,
H317,05/08/2023,踱步,從化,外圈,從化 外圈,,,,,,助手,,快踱一圈,H/P,外圈 快踱一圈 (助手)
H317,04/08/2023,游水,從化,,從化,,,,,,,,游水,,
H317,04/08/2023,踱步,從化,內圈,從化 內圈,,,,,,助手,,快踱一圈,H/P,內圈 快踱一圈 (助手)
H317,03/08/2023,游水,從化,,從化,,,,,,,,游水,,
H317,02/08/2023,游水,從化,,從化,,,,,,,,游水,,
H317,02/08/2023,踱步,從化,內圈,從化 內圈,,,,,,助手,,快踱一圈,H/P,內圈 快踱一圈 (助手)
H317,01/08/2023,游水,從化,,從化,,,,,,,,游水,,
H317,01/08/2023,踱步,從化,內圈,從化 內圈,,,,,,助手,,快踱一圈,H/P,內圈 快踱一圈 (助手)
H317,31/07/2023,游水,從化,,從化,,,,,,,,游水,,
H317,31/07/2023,踱步,從化,內圈,從化 內圈,,,,,,助手,,倒快一圈,H/P,內圈 倒快一圈 (助手)
H317,30/07/2023,踱步,從化,內圈,從化 內圈,,,,,,助手,,快踱一圈,H,內圈 快踱一圈 (助手)
H317,29/07/2023,踱步,從化,內圈,從化 內圈,,,,,,助手,,快踱一圈,H/P,內圈 快踱一圈 (助手)
H317,27/07/2023,踱步,從化,內圈,從化 內圈,,,,,,助手,,倒快一圈,H/P,內圈 倒快一圈 (助手)
H317,26/07/2023,踱步,從化,內圈,從化 內圈,,,,,,助手,,快踱一圈,H/P,內圈 快踱一圈 (助手)
H317,25/07/2023,踱步,從化,內圈,從化 內圈,,,,,,助手,,快踱一圈,H/P,內圈 快踱一圈 (助手)
H317,24/07/2023,踱步,從化,內圈,從化 內圈,,,,,,助手,,快踱一圈,H/P,內圈 快踱一圈 (助手)
H317,23/07/2023,踱步,從化,飛機場,從化 飛機場,,,,,,助手,,踱步,H/P,飛機場 踱步 (助手)
H317,21/07/2023,踱步,從化,飛機場,從化 飛機場,,,,,,助手,,踱步,H/P,飛機場 踱步 (助手)
H317,20/07/2023,踱步,從化,飛機場,從化 飛機場,,,,,,助手,,踱步,H/P,飛機場 踱步 (助手)
H317,19/07/2023,踱步,從化,飛機場,從化 飛機場,,,,,,助手,,踱步,H/P,飛機場 踱步 (助手)
H317,18/07/2023,踱步,從化,飛機場,從化 飛機場,,,,,,助手,,踱步,H/P,飛機場 踱步 (助手)
H317,17/07/2023,踱步,從化,飛機場,從化 飛機場,,,,,,助手,,踱步,H/P,飛機場 踱步 (助手)
H317,18/06/2023,游水,沙田,,沙田,,,,,,,,游水,,
H317,17/06/2023,游水,沙田,,沙田,,,,,,,,游水,,
H317,17/06/2023,踱步,沙田,奧運踱步圈,沙田 奧運踱步圈,,,,,,助手,,踱步,,奧運踱步圈 踱步 (助手)
H317,16/06/2023,游水,沙田,,沙田,,,,,,,,游水,,
H317,16/06/2023,踱步,沙田,內圈,沙田 內圈,,,,,,助手,,快踱一圈,H,內圈 快踱一圈 (助手)
H317,15/06/2023,游水,沙田,,沙田,,,,,,,,游水,,
H317,15/06/2023,快操,沙田,全天候,沙田 全天候,,26.9,26.9,26.9,,助手,,快操,PH,26.9 (26.9) (助手)
H317,14/06/2023,游水,沙田,,沙田,,,,,,,,游水,,
H317,14/06/2023,踱步,沙田,內圈,沙田 內圈,,,,,,助手,,快踱一圈,PH,內圈 快踱一圈 (助手)
H317,13/06/2023,游水,沙田,,沙田,,,,,,,,游水,,
H317,13/06/2023,踱步,沙田,內圈,沙田 內圈,,,,,,助手,,快踱一圈,PH,內圈 快踱一圈 (助手)
H317,12/06/2023,游水,沙田,,沙田,,,,,,,,游水,,
H317,12/06/2023,快操,沙田,全天候,沙田 全天候,,56.2,56.2,31.5 24.7,,助手,,快操,H,31.5 24.7 (56.2) (助手)
H317,11/06/2023,游水,沙田,,沙田,,,,,,,,游水,,
H317,11/06/2023,踱步,沙田,內圈,沙田 內圈,,,,,,助手,,快踱一圈,H,內圈 快踱一圈 (助手)
H317,10/06/2023,游水,沙田,,沙田,,,,,,,,游水,,
H317,10/06/2023,踱步,沙田,內圈,沙田 內圈,,,,,,助手,,快踱一圈,PH,內圈 快踱一圈 (助手)
H317,09/06/2023,游水,沙田,,沙田,,,,,,,,游水,,
H317,09/06/2023,踱步,沙田,內圈,沙田 內圈,,,,,,助手,,快踱一圈,PH,內圈 快踱一圈 (助手)
H317,08/06/2023,游水,沙田,,沙田,,,,,,,,游水,,
H317,08/06/2023,快操,沙田,全天候,沙田 全天候,,56.2,56.2,31.7 24.5,,助手,,快操,PH,31.7 24.5 (56.2) (助手)
H317,07/06/2023,游水,沙田,,沙田,,,,,,,,游水,,
H317,07/06/2023,踱步,沙田,內圈,沙田 內圈,,,,,,助手,,快踱一圈,PH,內圈 快踱一圈 (助手)
H317,06/06/2023,游水,沙田,,沙田,,,,,,,,游水,,
H317,06/06/2023,踱步,沙田,奧運踱步圈,沙田 奧運踱步圈,,,,,,助手,,踱步,,奧運踱步圈 踱步 (助手)
H317,05/06/2023,游水,沙田,,沙田,,,,,,,,游水,,
H317,05/06/2023,快操,沙田,全天候,沙田 全天候,,59.8,59.8,31.8 28.0,,助手,,快操,PH,31.8 28.0 (59.8) (助手)
H317,04/06/2023,游水,沙田,,沙田,,,,,,,,游水,,
H317,04/06/2023,踱步,沙田,內圈,沙田 內圈,,,,,,助手,,快踱一圈,PH,內圈 快踱一圈 (助手)
H317,03/06/2023,游水,沙田,,沙田,,,,,,,,游水,,
H317,03/06/2023,踱步,沙田,內圈,沙田 內圈,,,,,,助手,,快踱一圈,H,內圈 快踱一圈 (助手)
H317,02/06/2023,游水,沙田,,沙田,,,,,,,,游水,,
H317,02/06/2023,踱步,沙田,內圈,沙田 內圈,,,,,,助手,,快踱一圈,PH,內圈 快踱一圈 (助手)
H317,01/06/2023,游水,沙田,,沙田,,,,,,,,游水,,
H317,01/06/2023,踱步,沙田,奧運踱步圈,沙田 奧運踱步圈,,,,,,助手,,踱步,,奧運踱步圈 踱步 (助手)
H317,31/05/2023,游水,沙田,,沙田,,,,,,,,游水,,
H317,30/05/2023,游水,沙田,,沙田,,,,,,,,游水,,
H317,27/05/2023,游水,沙田,,沙田,,,,,,,,游水,,
H317,27/05/2023,踱步,沙田,奧運踱步圈,沙田 奧運踱步圈,,,,,,助手,,踱步,,奧運踱步圈 踱步 (助手)
H317,26/05/2023,游水,沙田,,沙田,,,,,,,,游水,,
H317,26/05/2023,踱步,沙田,內圈,沙田 內圈,,,,,,助手,,快踱一圈,PH,內圈 快踱一圈 (助手)
H317,25/05/2023,游水,沙田,,沙田,,,,,,,,游水,,
H317,25/05/2023,快操,沙田,全天候,沙田 全天候,,1.02.1,62.1,33.9 28.2,,助手,,快操,PH,33.9 28.2 (1.02.1) (助手)
H317,24/05/2023,游水,沙田,,沙田,,,,,,,,游水,,
H317,24/05/2023,踱步,沙田,內圈,沙田 內圈,,,,,,助手,,快踱一圈,PH,內圈 快踱一圈 (助手)
H317,23/05/2023,游水,沙田,,沙田,,,,,,,,游水,,
H317,23/05/2023,踱步,沙田,內圈,沙田 內圈,,,,,,助手,,快踱一圈,PH,內圈 快踱一圈 (助手)
H317,22/05/2023,游水,沙田,,沙田,,,,,,,,游水,,
H317,22/05/2023,快操,沙田,全天候,沙田 全天候,,57.1,57.1,32.5 24.6,,助手,,快操,PH,32.5 24.6 (57.1) (助手)
H317,21/05/2023,游水,沙田,,沙田,,,,,,,,游水,,
H317,21/05/2023,踱步,沙田,內圈,沙田 內圈,,,,,,助手,,快踱一圈,H,內圈 快踱一圈 (助手)
H317,20/05/2023,游水,沙田,,沙田,,,,,,,,游水,,
H317,20/05/2023,踱步,沙田,內圈,沙田 內圈,,,,,,助手,,快踱一圈,H,內圈 快踱一圈 (助手)
H317,19/05/2023,游水,沙田,,沙田,,,,,,,,游水,,
H317,19/05/2023,踱步,沙田,內圈,沙田 內圈,,,,,,助手,,快踱一圈,PH,內圈 快踱一圈 (助手)
H317,18/05/2023,游水,沙田,,沙田,,,,,,,,游水,,
H317,18/05/2023,踱步,沙田,奧運踱步圈,沙田 奧運踱步圈,,,,,,助手,,踱步,,奧運踱步圈 踱步 (助手)
H317,17/05/2023,游水,沙田,,沙田,,,,,,,,游水,,
H317,16/05/2023,試閘,沙田,全天候,沙田 全天候,1050M,1.01.35,61.35,16.0 21.8 23.5,四季醒,希威森,,第4組,H,第4組 (希威森) 1050M 四季醒 16.0 21.8 23.5 (1.01.35)
H317,15/05/2023,游水,沙田,,沙田,,,,,,,,游水,,
H317,15/05/2023,踱步,沙田,奧運踱步圈,沙田 奧運踱步圈,,,,,,助手,,踱步,,奧運踱步圈 踱步 (助手)
H317,14/05/2023,游水,沙田,,沙田,,,,,,,,游水,,
H317,14/05/2023,踱步,沙田,內圈,沙田 內圈,,,,,,助手,,快踱一圈,H,內圈 快踱一圈 (助手)
H317,13/05/2023,游水,沙田,,沙田,,,,,,,,游水,,
H317,13/05/2023,快操,沙田,全天候,沙田 全天候,,57.8,57.8,32.4 25.4,,助手,,快操,PH,32.4 25.4 (57.8) (助手)
H317,12/05/2023,游水,沙田,,沙田,,,,,,,,游水,,
H317,12/05/2023,踱步,沙田,內圈,沙田 內圈,,,,,,助手,,快踱一圈,PH,內圈 快踱一圈 (助手)
H317,11/05/2023,游水,沙田,,沙田,,,,,,,,游水,,
H317,11/05/2023,踱步,沙田,內圈,沙田 內圈,,,,,,助手,,倒快一圈,PH,內圈 倒快一圈 (助手)
H317,10/05/2023,游水,沙田,,沙田,,,,,,,,游水,,
H317,09/05/2023,游水,沙田,,沙田,,,,,,,,游水,,
H317,09/05/2023,快操,沙田,全天候,沙田 全天候,,57.9,57.9,31.1 26.8,,助手,,快操,PH,31.1 26.8 (57.9) (助手)
H317,08/05/2023,游水,沙田,,沙田,,,,,,,,游水,,
H317,08/05/2023,踱步,沙田,內圈,沙田 內圈,,,,,,助手,,倒快一圈,H,內圈 倒快一圈 (助手)
H317,07/05/2023,游水,沙田,,沙田,,,,,,,,游水,,
H317,06/05/2023,游水,沙田,,沙田,,,,,,,,游水,,
H317,06/05/2023,快操,沙田,全天候,沙田 全天候,,56.9,56.9,31.4 25.5,,助手,,快操,PH,31.4 25.5 (56.9) (助手)
H317,05/05/2023,游水,沙田,,沙田,,,,,,,,游水,,
H317,05/05/2023,踱步,沙田,內圈,沙田 內圈,,,,,,助手,,快踱一圈,H,內圈 快踱一圈 (助手)
H317,04/05/2023,游水,沙田,,沙田,,,,,,,,游水,,
H317,03/05/2023,游水,沙田,,沙田,,,,,,,,游水,,
H317,03/05/2023,踱步,沙田,奧運踱步圈,沙田 奧運踱步圈,,,,,,助手,,踱步,,奧運踱步圈 踱步 (助手)
H317,02/05/2023,游水,沙田,,沙田,,,,,,,,游水,,
H317,02/05/2023,快操,沙田,全天候,沙田 全天候,,57.0,57.0,30.4 26.6,,助手,,快操,PH,30.4 26.6 (57.0) (助手)
H317,01/05/2023,游水,沙田,,沙田,,,,,,,,游水,,
H317,01/05/2023,踱步,沙田,內圈,沙田 內圈,,,,,,助手,,倒快一圈,PH,內圈 倒快一圈 (助手)
H317,30/04/2023,游水,沙田,,沙田,,,,,,,,游水,,
H317,30/04/2023,踱步,沙田,內圈,沙田 內圈,,,,,,助手,,快踱一圈,H,內圈 快踱一圈 (助手)
H317,29/04/2023,游水,沙田,,沙田,,,,,,,,游水,,
H317,29/04/2023,踱步,沙田,內圈,沙田 內圈,,,,,,助手,,快踱一圈,PH,內圈 快踱一圈 (助手)
H317,28/04/2023,游水,沙田,,沙田,,,,,,,,游水,,
H317,28/04/2023,踱步,沙田,內圈,沙田 內圈,,,,,,助手,,快踱一圈,H,內圈 快踱一圈 (助手)
H317,27/04/2023,游水,沙田,,沙田,,,,,,,,游水,,
H317,27/04/2023,踱步,沙田,奧運踱步圈,沙田 奧運踱步圈,,,,,,助手,,踱步,,奧運踱步圈 踱步 (助手)
H317,26/04/2023,游水,沙田,,沙田,,,,,,,,游水,,
H317,25/04/2023,游水,沙田,,沙田,,,,,,,,游水,,
H317,23/04/2023,游水,沙田,,沙田,,,,,,,,游水,,
H317,22/04/2023,游水,沙田,,沙田,,,,,,,,游水,,
H317,22/04/2023,踱步,沙田,奧運踱步圈,沙田 奧運踱步圈,,,,,,助手,,踱步,,奧運踱步圈 踱步 (助手)
H317,21/04/2023,游水,沙田,,沙田,,,,,,,,游水,,
H317,21/04/2023,踱步,沙田,內圈,沙田 內圈,,,,,,助手,,快踱一圈,H,內圈 快踱一圈 (助手)
H317,20/04/2023,游水,沙田,,沙田,,,,,,,,游水,,
H317,20/04/2023,快操,沙田,全天候,沙田 全天候,,1.00.4,60.4,33.1 27.3,,助手,,快操,H,33.1 27.3 (1.00.4) (助手)
H317,19/04/2023,游水,沙田,,沙田,,,,,,,,游水,,
H317,19/04/2023,踱步,沙田,內圈,沙田 內圈,,,,,,助手,,快踱一圈,H,內圈 快踱一圈 (助手)
H317,18/04/2023,游水,沙田,,沙田,,,,,,,,游水,,
H317,18/04/2023,踱步,沙田,內圈,沙田 內圈,,,,,,助手,,快踱一圈,H,內圈 快踱一圈 (助手)
H317,17/04/2023,游水,沙田,,沙田,,,,,,,,游水,,
H317,17/04/2023,快操,沙田,全天候,沙田 全天候,,55.7,55.7,30.6 25.1,,助手,,快操,H,30.6 25.1 (55.7) (助手)
H317,16/04/2023,游水,沙田,,沙田,,,,,,,,游水,,
H317,16/04/2023,踱步,沙田,內圈,沙田 內圈,,,,,,助手,,快踱一圈,H,內圈 快踱一圈 (助手)
H317,15/04/2023,游水,沙田,,沙田,,,,,,,,游水,,
H317,15/04/2023,踱步,沙田,內圈,沙田 內圈,,,,,,助手,,快踱一圈,H,內圈 快踱一圈 (助手)
H317,14/04/2023,游水,沙田,,沙田,,,,,,,,游水,,
H317,14/04/2023,踱步,沙田,內圈,沙田 內圈,,,,,,助手,,快踱一圈,H,內圈 快踱一圈 (助手)
H317,13/04/2023,游水,沙田,,沙田,,,,,,,,游水,,
H317,13/04/2023,踱步,沙田,奧運踱步圈,沙田 奧運踱步圈,,,,,,助手,,踱步,,奧運踱步圈 踱步 (助手)
H317,12/04/2023,游水,沙田,,沙田,,,,,,,,游水,,
H317,11/04/2023,試閘,沙田,草地,沙田 草地,1000M,0.58.19,58.19,13.6 21.9 22.6,花好月盈,潘頓,,第3組,,第3組 (潘頓) 1000M 花好月盈 13.6 21.9 22.6 (0.58.19)
H317,10/04/2023,游水,沙田,,沙田,,,,,,,,游水,,
H317,10/04/2023,踱步,沙田,奧運踱步圈,沙田 奧運踱步圈,,,,,,助手,,踱步,,奧運踱步圈 踱步 (助手)
H317,09/04/2023,游水,沙田,,沙田,,,,,,,,游水,,
H317,09/04/2023,踱步,沙田,內圈,沙田 內圈,,,,,,助手,,快踱一圈,H,內圈 快踱一圈 (助手)
H317,08/04/2023,游水,沙田,,沙田,,,,,,,,游水,,
H317,08/04/2023,快操,沙田,全天候,沙田 全天候,,55.8,55.8,30.7 25.1,,助手,,快操,H,30.7 25.1 (55.8) (助手)
H317,07/04/2023,游水,沙田,,沙田,,,,,,,,游水,,
H317,07/04/2023,踱步,沙田,內圈,沙田 內圈,,,,,,助手,,快踱一圈,H,內圈 快踱一圈 (助手)
H317,06/04/2023,游水,沙田,,沙田,,,,,,,,游水,,
H317,06/04/2023,踱步,沙田,內圈,沙田 內圈,,,,,,助手,,倒快一圈,H,內圈 倒快一圈 (助手)
H317,05/04/2023,游水,沙田,,沙田,,,,,,,,游水,,
H317,05/04/2023,踱步,沙田,奧運踱步圈,沙田 奧運踱步圈,,,,,,助手,,踱步,,奧運踱步圈 踱步 (助手)
H317,04/04/2023,游水,沙田,,沙田,,,,,,,,游水,,
H317,04/04/2023,快操,沙田,全天候,沙田 全天候,,1.00.8,60.8,31.4 29.4,,助手,,快操,H,31.4 29.4 (1.00.8) (助手)
H317,03/04/2023,游水,沙田,,沙田,,,,,,,,游水,,
H317,03/04/2023,踱步,沙田,內圈,沙田 內圈,,,,,,助手,,倒快一圈,H,內圈 倒快一圈 (助手)
H317,02/04/2023,游水,沙田,,沙田,,,,,,,,游水,,
H317,02/04/2023,踱步,沙田,內圈,沙田 內圈,,,,,,助手,,快踱一圈,H,內圈 快踱一圈 (助手)
H317,01/04/2023,游水,沙田,,沙田,,,,,,,,游水,,
H317,01/04/2023,快操,沙田,全天候,沙田 全天候,,57.0,57.0,31.7 25.3,,助手,,快操,H,31.7 25.3 (57.0) (助手)
H317,31/03/2023,游水,沙田,,沙田,,,,,,,,游水,,
H317,31/03/2023,踱步,沙田,內圈,沙田 內圈,,,,,,助手,,快踱一圈,H,內圈 快踱一圈 (助手)
H317,30/03/2023,游水,沙田,,沙田,,,,,,,,游水,,
H317,30/03/2023,踱步,沙田,奧運踱步圈,沙田 奧運踱步圈,,,,,,助手,,踱步,,奧運踱步圈 踱步 (助手)
H317,29/03/2023,游水,沙田,,沙田,,,,,,,,游水,,
H317,29/03/2023,踱步,沙田,內圈,沙田 內圈,,,,,,助手,,快踱一圈,H,內圈 快踱一圈 (助手)
H317,28/03/2023,游水,沙田,,沙田,,,,,,,,游水,,
H317,28/03/2023,踱步,沙田,內圈,沙田 內圈,,,,,,助手,,快踱一圈,H,內圈 快踱一圈 (助手)
H317,27/03/2023,游水,沙田,,沙田,,,,,,,,游水,,
H317,27/03/2023,踱步,沙田,內圈,沙田 內圈,,,,,,助手,,倒快一圈,H,內圈 倒快一圈 (助手)
H317,26/03/2023,游水,沙田,,沙田,,,,,,,,游水,,
H317,26/03/2023,踱步,沙田,奧運踱步圈,沙田 奧運踱步圈,,,,,,助手,,踱步,,奧運踱步圈 踱步 (助手)
H317,25/03/2023,游水,沙田,,沙田,,,,,,,,游水,,
H317,24/03/2023,試閘,跑馬地,草地,跑馬地 草地,1000M,0.58.82,58.82,13.2 22.2 23.4,美麗緣分,蔡明紹,,第8組,,第8組 (蔡明紹) 1000M 美麗緣分 13.2 22.2 23.4 (0.58.82)
H317,23/03/2023,游水,沙田,,沙田,,,,,,,,游水,,
H317,23/03/2023,踱步,沙田,內圈,沙田 內圈,,,,,,助手,,倒快一圈,H,內圈 倒快一圈 (助手)
H317,22/03/2023,游水,沙田,,沙田,,,,,,,,游水,,
H317,21/03/2023,游水,沙田,,沙田,,,,,,,,游水,,
H317,21/03/2023,快操,沙田,全天候,沙田 全天候,,57.5,57.5,31.3 26.2,,助手,,快操,H,31.3 26.2 (57.5) (助手)
H317,20/03/2023,游水,沙田,,沙田,,,,,,,,游水,,
H317,20/03/2023,踱步,沙田,內圈,沙田 內圈,,,,,,助手,,倒快一圈,H,內圈 倒快一圈 (助手)
H317,19/03/2023,游水,沙田,,沙田,,,,,,,,游水,,
H317,19/03/2023,踱步,沙田,內圈,沙田 內圈,,,,,,助手,,快踱一圈,H,內圈 快踱一圈 (助手)
H317,18/03/2023,游水,沙田,,沙田,,,,,,,,游水,,
H317,18/03/2023,快操,沙田,全天候,沙田 全天候,,55.1,55.1,30.5 24.6,,助手,,快操,H,30.5 24.6 (55.1) (助手)
H317,17/03/2023,游水,沙田,,沙田,,,,,,,,游水,,
H317,17/03/2023,踱步,沙田,奧運踱步圈,沙田 奧運踱步圈,,,,,,助手,,踱步,,奧運踱步圈 踱步 (助手)
H317,16/03/2023,游水,沙田,,沙田,,,,,,,,游水,,
H317,16/03/2023,踱步,沙田,內圈,沙田 內圈,,,,,,助手,,倒快一圈,H,內圈 倒快一圈 (助手)
H317,15/03/2023,游水,沙田,,沙田,,,,,,,,游水,,
H317,15/03/2023,踱步,沙田,內圈,沙田 內圈,,,,,,助手,,快踱一圈,H,內圈 快踱一圈 (助手)
H317,14/03/2023,游水,沙田,,沙田,,,,,,,,游水,,
H317,14/03/2023,踱步,沙田,內圈,沙田 內圈,,,,,,助手,,快踱一圈,H,內圈 快踱一圈 (助手)
H317,13/03/2023,游水,沙田,,沙田,,,,,,,,游水,,
H317,13/03/2023,踱步,沙田,內圈,沙田 內圈,,,,,,助手,,倒快一圈,H,內圈 倒快一圈 (助手)
H317,12/03/2023,游水,沙田,,沙田,,,,,,,,游水,,
H317,12/03/2023,踱步,沙田,奧運踱步圈,沙田 奧運踱步圈,,,,,,助手,,踱步,,奧運踱步圈 踱步 (助手)
H317,11/03/2023,游水,沙田,,沙田,,,,,,,,游水,,
H317,10/03/2023,試閘,沙田,全天候,沙田 全天候,1050M,1.01.19,61.19,16.5 21.8 22.8,運高八斗,潘頓,,第4組,,第4組 (潘頓) 1050M 運高八斗 16.5 21.8 22.8 (1.01.19)
H317,09/03/2023,游水,沙田,,沙田,,,,,,,,游水,,
H317,09/03/2023,踱步,沙田,奧運踱步圈,沙田 奧運踱步圈,,,,,,助手,,踱步,,奧運踱步圈 踱步 (助手)
H317,08/03/2023,游水,沙田,,沙田,,,,,,,,游水,,
H317,08/03/2023,踱步,沙田,內圈,沙田 內圈,,,,,,助手,,快踱一圈,H,內圈 快踱一圈 (助手)
H317,07/03/2023,游水,沙田,,沙田,,,,,,,,游水,,
H317,07/03/2023,快操,沙田,全天候,沙田 全天候,,57.1,57.1,32.0 25.1,,助手,,快操,H,32.0 25.1 (57.1) (助手)
H317,06/03/2023,游水,沙田,,沙田,,,,,,,,游水,,
H317,06/03/2023,踱步,沙田,內圈,沙田 內圈,,,,,,助手,,倒快一圈,H,內圈 倒快一圈 (助手)
H317,05/03/2023,游水,沙田,,沙田,,,,,,,,游水,,
H317,04/03/2023,游水,沙田,,沙田,,,,,,,,游水,,
H317,04/03/2023,快操,沙田,全天候,沙田 全天候,,57.8,57.8,31.6 26.2,,助手,,快操,H,31.6 26.2 (57.8) (助手)
H317,03/03/2023,游水,沙田,,沙田,,,,,,,,游水,,
H317,03/03/2023,踱步,沙田,內圈,沙田 內圈,,,,,,助手,,快踱一圈,H,內圈 快踱一圈 (助手)
H317,02/03/2023,游水,沙田,,沙田,,,,,,,,游水,,
H317,02/03/2023,踱步,沙田,內圈,沙田 內圈,,,,,,助手,,倒快一圈,H,內圈 倒快一圈 (助手)
H317,01/03/2023,游水,沙田,,沙田,,,,,,,,游水,,
H317,01/03/2023,踱步,沙田,奧運踱步圈,沙田 奧運踱步圈,,,,,,助手,,踱步,,奧運踱步圈 踱步 (助手)
H317,28/02/2023,游水,沙田,,沙田,,,,,,,,游水,,
H317,28/02/2023,快操,沙田,全天候,沙田 全天候,,58.1,58.1,31.8 26.3,,助手,,快操,H,31.8 26.3 (58.1) (助手)
H317,27/02/2023,游水,沙田,,沙田,,,,,,,,游水,,
H317,27/02/2023,踱步,沙田,內圈,沙田 內圈,,,,,,助手,,倒快一圈,H,內圈 倒快一圈 (助手)
H317,26/02/2023,游水,沙田,,沙田,,,,,,,,游水,,
H317,26/02/2023,踱步,沙田,內圈,沙田 內圈,,,,,,助手,,快踱一圈,H,內圈 快踱一圈 (助手)
H317,25/02/2023,游水,沙田,,沙田,,,,,,,,游水,,
H317,25/02/2023,踱步,沙田,內圈,沙田 內圈,,,,,,助手,,快踱一圈,H,內圈 快踱一圈 (助手)
H317,24/02/2023,游水,沙田,,沙田,,,,,,,,游水,,
H317,24/02/2023,踱步,沙田,內圈,沙田 內圈,,,,,,助手,,快踱一圈,H,內圈 快踱一圈 (助手)
H317,23/02/2023,游水,沙田,,沙田,,,,,,,,游水,,
H317,23/02/2023,踱步,沙田,奧運踱步圈,沙田 奧運踱步圈,,,,,,助手,,踱步,,奧運踱步圈 踱步 (助手)
H317,22/02/2023,游水,沙田,,沙田,,,,,,,,游水,,
H317,21/02/2023,試閘,沙田,草地,沙田 草地,800M,0.46.34,46.34,24.2 22.1,馬上發達,蔡明紹,,第6組,,第6組 (蔡明紹) 800M 馬上發達 24.2 22.1 (0.46.34)
H317,20/02/2023,游水,沙田,,沙田,,,,,,,,游水,,
H317,19/02/2023,游水,沙田,,沙田,,,,,,,,游水,,
H317,19/02/2023,踱步,沙田,內圈,沙田 內圈,,,,,,助手,,快踱一圈,H,內圈 快踱一圈 (助手)
H317,18/02/2023,游水,沙田,,沙田,,,,,,,,游水,,
H317,18/02/2023,快操,沙田,全天候,沙田 全天候,,24.4,24.4,24.4,,助手,,快操,H,24.4 (24.4) (助手) (伴跳馬)
H317,17/02/2023,游水,沙田,,沙田,,,,,,,,游水,,
H317,17/02/2023,踱步,沙田,內圈,沙田 內圈,,,,,,助手,,快踱一圈,H,內圈 快踱一圈 (助手)
H317,16/02/2023,游水,沙田,,沙田,,,,,,,,游水,,
H317,16/02/2023,踱步,沙田,內圈,沙田 內圈,,,,,,助手,,倒快一圈,H,內圈 倒快一圈 (助手)
H317,15/02/2023,游水,沙田,,沙田,,,,,,,,游水,,
H317,15/02/2023,踱步,沙田,奧運踱步圈,沙田 奧運踱步圈,,,,,,助手,,踱步,,奧運踱步圈 踱步 (助手)
H317,14/02/2023,游水,沙田,,沙田,,,,,,,,游水,,
H317,14/02/2023,快操,沙田,全天候,沙田 全天候,,58.8,58.8,33.8 25.0,,助手,,快操,H,33.8 25.0 (58.8) (助手) (伴跳馬)
H317,13/02/2023,游水,沙田,,沙田,,,,,,,,游水,,
H317,13/02/2023,踱步,沙田,內圈,沙田 內圈,,,,,,助手,,倒快一圈,H,內圈 倒快一圈 (助手)
H317,12/02/2023,游水,沙田,,沙田,,,,,,,,游水,,
H317,12/02/2023,踱步,沙田,內圈,沙田 內圈,,,,,,助手,,快踱一圈,H,內圈 快踱一圈 (助手)
H317,11/02/2023,游水,沙田,,沙田,,,,,,,,游水,,
H317,11/02/2023,踱步,沙田,內圈,沙田 內圈,,,,,,助手,,快踱一圈,H,內圈 快踱一圈 (助手)
H317,10/02/2023,游水,沙田,,沙田,,,,,,,,游水,,
H317,09/02/2023,游水,沙田,,沙田,,,,,,,,游水,,
H317,09/02/2023,快操,沙田,草閘,沙田 草閘,,26.6,26.6,26.6,,助手,,"勇冠皇子, 魔法速遞",H,"26.6 (26.6) (助手) 勇冠皇子, 魔法速遞"
H317,08/02/2023,游水,沙田,,沙田,,,,,,,,游水,,
H317,07/02/2023,游水,沙田,,沙田,,,,,,,,游水,,
H317,07/02/2023,踱步,沙田,奧運踱步圈,沙田 奧運踱步圈,,,,,,助手,,踱步,,奧運踱步圈 踱步 (助手)
H317,06/02/2023,游水,沙田,,沙田,,,,,,,,游水,,
H317,06/02/2023,快操,沙田,全天候,沙田 全天候,,59.1,59.1,32.2 26.9,,助手,,快操,H,32.2 26.9 (59.1) (助手)
H317,05/02/2023,游水,沙田,,沙田,,,,,,,,游水,,
H317,05/02/2023,踱步,沙田,內圈,沙田 內圈,,,,,,助手,,快踱一圈,H,內圈 快踱一圈 (助手)
H317,04/02/2023,游水,沙田,,沙田,,,,,,,,游水,,
H317,04/02/2023,踱步,沙田,內圈,沙田 內圈,,,,,,助手,,快踱一圈,H,內圈 快踱一圈 (助手)
H317,03/02/2023,游水,沙田,,沙田,,,,,,,,游水,,
H317,03/02/2023,踱步,沙田,內圈,沙田 內圈,,,,,,助手,,快踱一圈,H,內圈 快踱一圈 (助手)
H317,02/02/2023,游水,沙田,,沙田,,,,,,,,游水,,
H317,02/02/2023,快操,沙田,草閘,沙田 草閘,,57.6,57.6,26.3 31.3,,助手,,快操,H,26.3 31.3 (57.6) (助手) (伴跳馬)
H317,01/02/2023,游水,沙田,,沙田,,,,,,,,游水,,
H317,01/02/2023,踱步,沙田,奧運踱步圈,沙田 奧運踱步圈,,,,,,助手,,踱步,,奧運踱步圈 踱步 (助手)
H317,31/01/2023,游水,沙田,,沙田,,,,,,,,游水,,
H317,31/01/2023,快操,沙田,全天候,沙田 全天候,,56.9,56.9,29.6 27.3,,助手,,識途好馬,H,29.6 27.3 (56.9) (助手) 識途好馬
H317,30/01/2023,游水,沙田,,沙田,,,,,,,,游水,,
H317,29/01/2023,游水,沙田,,沙田,,,,,,,,游水,,
H317,29/01/2023,踱步,沙田,內圈,沙田 內圈,,,,,,助手,,快踱一圈,PH,內圈 快踱一圈 (助手)
H317,28/01/2023,游水,沙田,,沙田,,,,,,,,游水,,
H317,28/01/2023,快操,沙田,全天候,沙田 全天候,,1.01.5,61.5,32.3 29.2,,助手,,快操,H,32.3 29.2 (1.01.5) (助手)
H317,27/01/2023,游水,沙田,,沙田,,,,,,,,游水,,
H317,27/01/2023,踱步,沙田,內圈,沙田 內圈,,,,,,助手,,快踱一圈,H,內圈 快踱一圈 (助手)
H317,26/01/2023,游水,沙田,,沙田,,,,,,,,游水,,
H317,26/01/2023,踱步,沙田,內圈,沙田 內圈,,,,,,助手,,倒快一圈,PH,內圈 倒快一圈 (助手)
H317,25/01/2023,游水,沙田,,沙田,,,,,,,,游水,,
H317,25/01/2023,踱步,沙田,內圈,沙田 內圈,,,,,,助手,,快踱一圈,H,內圈 快踱一圈 (助手)
H317,24/01/2023,游水,沙田,,沙田,,,,,,,,游水,,
H317,23/01/2023,游水,沙田,,沙田,,,,,,,,游水,,
H317,21/01/2023,游水,沙田,,沙田,,,,,,,,游水,,
H317,20/01/2023,游水,沙田,,沙田,,,,,,,,游水,,
H317,19/01/2023,游水,沙田,,沙田,,,,,,,,游水,,
