horse_no,date,work_type,racecourse,track,venue,distance,time,time_sec,splits,partner,rider,placing,comment,gear,workout_details
H382,09/09/2026,踱步,沙田,內圈,沙田 內圈,,,,,,助手,,快踱一圈,H,內圈 快踱一圈 (助手)
H382,08/09/2026,踱步,沙田,飛機場,沙田 飛機場,,,,,,助手,,踱步,,飛機場 踱步 (助手)
H382,07/09/2026,踱步,沙田,飛機場,沙田 飛機場,,,,,,助手,,踱步,H,飛機場 踱步 (助手)
H382,06/09/2026,踱步,沙田,飛機場,沙田 飛機場,,,,,,助手,,踱步,H,飛機場 踱步 (助手)
H382,05/09/2026,踱步,沙田,飛機場,沙田 飛機場,,,,,,助手,,踱步,H,飛機場 踱步 (助手)
H382,04/09/2026,馬匹跑步機,沙田,,沙田,,,,,,,,馬匹跑步機 - 踱步,,馬匹跑步機 - 踱步
H382,03/09/2026,馬匹跑步機,沙田,,沙田,,,,,,,,馬匹跑步機 - 踱步,,馬匹跑步機 - 踱步
H382,28/08/2026,游水,沙田,,沙田,,,,,,,,游水,,
H382,28/08/2026,踱步,沙田,飛機場,沙田 飛機場,,,,,,助手,,踱步,H,飛機場 踱步 (助手)
H382,27/08/2026,游水,沙田,,沙田,,,,,,,,游水,,
H382,27/08/2026,踱步,沙田,內圈,沙田 內圈,,,,,,助手,,倒快一圈,H,內圈 倒快一圈 (助手)
H382,26/08/2026,游水,沙田,,沙田,,,,,,,,游水,,
H382,26/08/2026,踱步,沙田,內圈,沙田 內圈,,,,,,助手,,快踱一圈,H,內圈 快踱一圈 (助手)
H382,25/08/2026,游水,沙田,,沙田,,,,,,,,游水,,
H382,25/08/2026,踱步,沙田,內圈,沙田 內圈,,,,,,助手,,快踱一圈,H,內圈 快踱一圈 (助手)
H382,24/08/2026,游水,沙田,,沙田,,,,,,,,游水,,
H382,24/08/2026,踱步,沙田,內圈,沙田 內圈,,,,,,助手,,倒快一圈,H,內圈 倒快一圈 (助手)
H382,23/08/2026,游水,沙田,,沙田,,,,,,,,游水,,
H382,22/08/2026,游水,沙田,,沙田,,,,,,,,游水,,
H382,22/08/2026,踱步,沙田,內圈,沙田 內圈,,,,,,助手,,快踱一圈,H,內圈 快踱一圈 (助手)
H382,21/08/2026,游水,沙田,,沙田,,,,,,,,游水,,
H382,21/08/2026,踱步,沙田,內圈,沙田 內圈,,,,,,助手,,快踱一圈,H,內圈 快踱一圈 (助手)
H382,20/08/2026,快操,沙田,全天候,沙田 全天候,,59.6,59.6,31.3 28.3,,助手,,快操,H,31.3 28.3 (59.6) (助手)
H382,20/08/2026,踱步,沙田,飛機場,沙田 飛機場,,,,,,助手,,踱步,H,飛機場 踱步 (助手)
H382,19/08/2026,游水,沙田,,沙田,,,,,,,,游水,,
H382,19/08/2026,踱步,沙田,內圈,沙田 內圈,,,,,,助手,,快踱一圈,H,內圈 快踱一圈 (助手)
H382,18/08/2026,游水,沙田,,沙田,,,,,,,,游水,,
H382,18/08/2026,踱步,沙田,內圈,沙田 內圈,,,,,,助手,,快踱一圈,H,內圈 快踱一圈 (助手)
H382,17/08/2026,游水,沙田,,沙田,,,,,,,,游水,,
H382,17/08/2026,踱步,沙田,內圈,沙田 內圈,,,,,,助手,,倒快一圈,H,內圈 倒快一圈 (助手)
H382,16/08/2026,游水,沙田,,沙田,,,,,,,,游水,,
H382,16/08/2026,踱步,沙田,內圈,沙田 內圈,,,,,,助手,,快踱一圈,H,內圈 快踱一圈 (助手)
H382,15/08/2026,游水,沙田,,沙田,,,,,,,,游水,,
H382,15/08/2026,踱步,沙田,內圈,沙田 內圈,,,,,,助手,,快踱一圈,H,內圈 快踱一圈 (助手)
H382,14/08/2026,游水,沙田,,沙田,,,,,,,,游水,,
H382,14/08/2026,踱步,沙田,內圈,沙田 內圈,,,,,,助手,,快踱一圈,H,內圈 快踱一圈 (助手)
H382,13/08/2026,馬匹跑步機,沙田,,沙田,,,,,,上斜,,馬匹跑步機 - 慢跑,,馬匹跑步機 - 慢跑 （上斜）
H382,13/08/2026,游水,沙田,,沙田,,,,,,,,游水,,
H382,13/08/2026,踱步,沙田,內圈,沙田 內圈,,,,,,助手,,倒快一圈,H,內圈 倒快一圈 (助手)
H382,12/08/2026,馬匹跑步機,沙田,,沙田,,,,,,上斜,,馬匹跑步機 - 慢跑,,馬匹跑步機 - 慢跑 （上斜）
H382,12/08/2026,游水,沙田,,沙田,,,,,,,,游水,,
H382,12/08/2026,踱步,沙田,飛機場,沙田 飛機場,,,,,,助手,,踱步,H,飛機場 踱步 (助手)
H382,11/08/2026,游水,沙田,,沙田,,,,,,,,游水,,
H382,11/08/2026,踱步,沙田,飛機場,沙田 飛機場,,,,,,助手,,踱步,H,飛機場 踱步 (助手)
H382,10/08/2026,馬匹跑步機,沙田,,沙田,,,,,,上斜,,馬匹跑步機 - 踱步,,馬匹跑步機 - 踱步 （上斜）
H382,10/08/2026,游水,沙田,,沙田,,,,,,,,游水,,
H382,10/08/2026,踱步,沙田,飛機場,沙田 飛機場,,,,,,助手,,踱步,H,飛機場 踱步 (助手)
H382,14/07/2026,游水,沙田,,沙田,,,,,,,,游水,,
H382,13/07/2026,游水,沙田,,沙田,,,,,,,,游水,,
H382,11/07/2026,快操,沙田,全天候,沙田 全天候,,53.9,53.9,29.6 24.3,,助手,,繼往開來,H,29.6 24.3 (53.9) (助手) 繼往開來
H382,11/07/2026,踱步,沙田,飛機場,沙田 飛機場,,,,,,助手,,踱步,H,飛機場 踱步 (助手)
H382,10/07/2026,游水,沙田,,沙田,,,,,,,,游水,,
H382,10/07/2026,踱步,沙田,內圈,沙田 內圈,,,,,,助手,,快踱一圈,H,內圈 快踱一圈 (助手)
H382,09/07/2026,游水,沙田,,沙田,,,,,,,,游水,,
H382,09/07/2026,踱步,沙田,內圈,沙田 內圈,,,,,,助手,,倒快一圈,H,內圈 倒快一圈 (助手)
H382,08/07/2026,游水,沙田,,沙田,,,,,,,,游水,,
H382,08/07/2026,踱步,沙田,內圈,沙田 內圈,,,,,,助手,,快踱一圈,H,內圈 快踱一圈 (助手)
H382,07/07/2026,游水,沙田,,沙田,,,,,,,,游水,,
H382,07/07/2026,快操,沙田,全天候,沙田 全天候,,1.03.6,63.6,33.6 30.0,,助手,,快操,H,33.6 30.0 (1.03.6) (助手)
H382,07/07/2026,踱步,沙田,飛機場,沙田 飛機場,,,,,,助手,,踱步,H,飛機場 踱步 (助手)
H382,06/07/2026,游水,沙田,,沙田,,,,,,,,游水,,
H382,06/07/2026,踱步,沙田,內圈,沙田 內圈,,,,,,助手,,倒快兩圈,H,內圈 倒快兩圈 (助手)
H382,05/07/2026,游水,沙田,,沙田,,,,,,,,游水,,
H382,05/07/2026,踱步,沙田,內圈,沙田 內圈,,,,,,助手,,快踱一圈,H,內圈 快踱一圈 (助手)
H382,04/07/2026,游水,沙田,,沙田,,,,,,,,游水,,
H382,04/07/2026,踱步,沙田,內圈,沙田 內圈,,,,,,助手,,快踱一圈,H,內圈 快踱一圈 (助手)
H382,03/07/2026,快操,沙田,全天候,沙田 全天候,,55.6,55.6,28.5 27.1,,助手,,快操,H,28.5 27.1 (55.6) (助手)
H382,03/07/2026,踱步,沙田,飛機場,沙田 飛機場,,,,,,助手,,踱步,H,飛機場 踱步 (助手)
H382,02/07/2026,游水,沙田,,沙田,,,,,,,,游水,,
H382,02/07/2026,踱步,沙田,內圈,沙田 內圈,,,,,,助手,,倒快一圈,H,內圈 倒快一圈 (助手)
H382,01/07/2026,游水,沙田,,沙田,,,,,,,,游水,,
H382,01/07/2026,踱步,沙田,內圈,沙田 內圈,,,,,,助手,,快踱一圈,H,內圈 快踱一圈 (助手)
H382,30/06/2026,游水,沙田,,沙田,,,,,,,,游水,,
H382,30/06/2026,踱步,沙田,內圈,沙田 內圈,,,,,,助手,,快踱一圈,H,內圈 快踱一圈 (助手)
H382,29/06/2026,游水,沙田,,沙田,,,,,,,,游水,,
H382,29/06/2026,踱步,沙田,飛機場,沙田 飛機場,,,,,,助手,,踱步,H,飛機場 踱步 (助手)
H382,28/06/2026,游水,沙田,,沙田,,,,,,,,游水,,
H382,27/06/2026,出賽,沙田,草地,沙田 草地,2000M,,,,,何澤堯,8/14,出賽,V/XB/TT,2000M (何澤堯) (8/14)
H382,27/06/2026,踱步,沙田,飛機場,沙田 飛機場,,,,,,助手,,踱步,H,飛機場 踱步 (助手)
H382,26/06/2026,踱步,沙田,內圈,沙田 內圈,,,,,,助手,,快踱一圈,H,內圈 快踱一圈 (助手)
H382,25/06/2026,踱步,沙田,內圈,沙田 內圈,,,,,,助手,,倒快一圈,H,內圈 倒快一圈 (助手)
H382,24/06/2026,游水,沙田,,沙田,,,,,,,,游水,,
H382,24/06/2026,踱步,沙田,內圈,沙田 內圈,,,,,,助手,,快踱一圈,H,內圈 快踱一圈 (助手)
H382,23/06/2026,快操,沙田,全天候,沙田 全天候,,1.31.5,91.5,33.3 31.0 27.2,,何澤堯,,快操,H,33.3 31.0 27.2 (1.31.5) (何澤堯)
H382,23/06/2026,踱步,沙田,飛機場,沙田 飛機場,,,,,,助手,,踱步,H,飛機場 踱步 (助手)
H382,22/06/2026,游水,沙田,,沙田,,,,,,,,游水,,
H382,22/06/2026,踱步,沙田,內圈,沙田 內圈,,,,,,助手,,倒快兩圈,H,內圈 倒快兩圈 (助手)
H382,21/06/2026,踱步,沙田,內圈,沙田 內圈,,,,,,助手,,快踱一圈,H,內圈 快踱一圈 (助手)
H382,20/06/2026,游水,沙田,,沙田,,,,,,,,游水,,
H382,20/06/2026,踱步,沙田,內圈,沙田 內圈,,,,,,助手,,快踱一圈,H,內圈 快踱一圈 (助手)
H382,19/06/2026,游水,沙田,,沙田,,,,,,,,游水,,
H382,19/06/2026,踱步,沙田,內圈,沙田 內圈,,,,,,助手,,快踱一圈,H,內圈 快踱一圈 (助手)
H382,18/06/2026,快操,沙田,草閘,沙田 草閘,,47.7,47.7,24.7 23.0,,助手,,"開心指數, 紅海風帆",H,"24.7 23.0 (47.7) (助手) 開心指數, 紅海風帆"
H382,18/06/2026,踱步,沙田,飛機場,沙田 飛機場,,,,,,助手,,踱步,H,飛機場 踱步 (助手)
H382,17/06/2026,游水,沙田,,沙田,,,,,,,,游水,,
H382,17/06/2026,踱步,沙田,內圈,沙田 內圈,,,,,,助手,,快踱一圈,H,內圈 快踱一圈 (助手)
H382,16/06/2026,游水,從化,,從化,,,,,,,,游水,,
H382,16/06/2026,踱步,從化,內圈,從化 內圈,,,,,,助手,,快踱一圈,H,內圈 快踱一圈 (助手)
H382,15/06/2026,游水,從化,,從化,,,,,,,,游水,,
H382,15/06/2026,踱步,從化,內圈,從化 內圈,,,,,,助手,,倒快一圈,H,內圈 倒快一圈 (助手)
H382,14/06/2026,游水,從化,,從化,,,,,,,,游水,,
H382,14/06/2026,快操,從化,全天候,從化 全天候,,59.1,59.1,30.9 28.2,,助手,,快操,H,30.9 28.2 (59.1) (助手)
H382,14/06/2026,踱步,從化,飛機場,從化 飛機場,,,,,,助手,,踱步,H,飛機場 踱步 (助手)
H382,13/06/2026,馬匹水中步行機,從化,,從化,,,,,,,,馬匹水中步行機,,
H382,13/06/2026,游水,從化,,從化,,,,,,,,游水,,
H382,13/06/2026,踱步,從化,內圈,從化 內圈,,,,,,助手,,快踱一圈,H,內圈 快踱一圈 (助手)
H382,12/06/2026,游水,從化,,從化,,,,,,,,游水,,
H382,12/06/2026,踱步,從化,內圈,從化 內圈,,,,,,助手,,快踱一圈,H,內圈 快踱一圈 (助手)
H382,11/06/2026,游水,從化,,從化,,,,,,,,游水,,
H382,11/06/2026,踱步,從化,內圈,從化 內圈,,,,,,助手,,倒快一圈,H,內圈 倒快一圈 (助手)
H382,10/06/2026,游水,從化,,從化,,,,,,,,游水,,
H382,10/06/2026,快操,從化,登山跑道,從化 登山跑道,,54.8,54.8,28.7 26.1,,助手,,快操,H,28.7 26.1 (54.8) (助手)
H382,10/06/2026,踱步,從化,飛機場,從化 飛機場,,,,,,助手,,踱步,H,飛機場 踱步 (助手)
H382,09/06/2026,游水,從化,,從化,,,,,,,,游水,,
H382,09/06/2026,踱步,從化,內圈,從化 內圈,,,,,,助手,,快踱一圈,H,內圈 快踱一圈 (助手)
H382,08/06/2026,游水,從化,,從化,,,,,,,,游水,,
H382,08/06/2026,踱步,從化,內圈,從化 內圈,,,,,,助手,,倒快一圈,H,內圈 倒快一圈 (助手)
H382,07/06/2026,游水,從化,,從化,,,,,,,,游水,,
H382,07/06/2026,快操,從化,全天候,從化 全天候,,58.3,58.3,31.2 27.1,,助手,,快操,H,31.2 27.1 (58.3) (助手)
H382,07/06/2026,踱步,從化,飛機場,從化 飛機場,,,,,,助手,,踱步,H,飛機場 踱步 (助手)
H382,06/06/2026,馬匹水中步行機,從化,,從化,,,,,,,,馬匹水中步行機,,
H382,06/06/2026,游水,從化,,從化,,,,,,,,游水,,
H382,06/06/2026,踱步,從化,內圈,從化 內圈,,,,,,助手,,快踱一圈,H,內圈 快踱一圈 (助手)
H382,05/06/2026,游水,從化,,從化,,,,,,,,游水,,
H382,05/06/2026,踱步,從化,內圈,從化 內圈,,,,,,助手,,快踱一圈,H,內圈 快踱一圈 (助手)
H382,04/06/2026,游水,從化,,從化,,,,,,,,游水,,
H382,04/06/2026,踱步,從化,內圈,從化 內圈,,,,,,助手,,倒快一圈,H,內圈 倒快一圈 (助手)
H382,03/06/2026,游水,沙田,,沙田,,,,,,,,游水,,
H382,03/06/2026,踱步,沙田,內圈,沙田 內圈,,,,,,助手,,快踱一圈,H,內圈 快踱一圈 (助手)
H382,02/06/2026,游水,沙田,,沙田,,,,,,,,游水,,
H382,02/06/2026,踱步,沙田,飛機場,沙田 飛機場,,,,,,助手,,踱步,H,飛機場 踱步 (助手)
H382,01/06/2026,游水,沙田,,沙田,,,,,,,,游水,,
H382,31/05/2026,出賽,沙田,草地,沙田 草地,2000M,,,,,何澤堯,1/14,出賽,V/XB/TT,2000M (何澤堯) (1/14)
H382,31/05/2026,踱步,沙田,飛機場,沙田 飛機場,,,,,,助手,,踱步,H,飛機場 踱步 (助手)
H382,30/05/2026,踱步,沙田,內圈,沙田 內圈,,,,,,助手,,快踱一圈,H,內圈 快踱一圈 (助手)
H382,29/05/2026,踱步,沙田,內圈,沙田 內圈,,,,,,助手,,快踱一圈,H,內圈 快踱一圈 (助手)
H382,28/05/2026,快操,沙田,全天候,沙田 全天候,,1.30.2,90.2,33.9 29.7 26.6,,何澤堯,,快操,H,33.9 29.7 26.6 (1.30.2) (何澤堯)
H382,28/05/2026,踱步,沙田,飛機場,沙田 飛機場,,,,,,助手,,踱步,H,飛機場 踱步 (助手)
H382,27/05/2026,游水,沙田,,沙田,,,,,,,,游水,,
H382,27/05/2026,踱步,沙田,內圈,沙田 內圈,,,,,,助手,,快踱一圈,H,內圈 快踱一圈 (助手)
H382,26/05/2026,游水,沙田,,沙田,,,,,,,,游水,,
H382,26/05/2026,踱步,沙田,內圈,沙田 內圈,,,,,,助手,,快踱一圈,H,內圈 快踱一圈 (助手)
H382,25/05/2026,游水,沙田,,沙田,,,,,,,,游水,,
H382,25/05/2026,踱步,沙田,內圈,沙田 內圈,,,,,,助手,,倒快一圈,H,內圈 倒快一圈 (助手)
H382,24/05/2026,快操,沙田,全天候,沙田 全天候,,1.28.8,88.8,33.2 29.8 25.8,,助手,,快操,H,33.2 29.8 25.8 (1.28.8) (助手)
H382,24/05/2026,踱步,沙田,飛機場,沙田 飛機場,,,,,,助手,,踱步,H,飛機場 踱步 (助手)
H382,23/05/2026,游水,沙田,,沙田,,,,,,,,游水,,
H382,23/05/2026,踱步,沙田,內圈,沙田 內圈,,,,,,助手,,快踱一圈,H,內圈 快踱一圈 (助手)
H382,22/05/2026,游水,沙田,,沙田,,,,,,,,游水,,
H382,22/05/2026,踱步,沙田,內圈,沙田 內圈,,,,,,助手,,快踱一圈,H,內圈 快踱一圈 (助手)
H382,21/05/2026,游水,沙田,,沙田,,,,,,,,游水,,
H382,21/05/2026,踱步,沙田,內圈,沙田 內圈,,,,,,助手,,倒快一圈,H,內圈 倒快一圈 (助手)
H382,20/05/2026,游水,沙田,,沙田,,,,,,,,游水,,
H382,20/05/2026,踱步,沙田,飛機場,沙田 飛機場,,,,,,助手,,踱步,H,飛機場 踱步 (助手)
H382,19/05/2026,試閘,沙田,全天候,沙田 全天候,1200M,1.12.93,72.93,24.8 23.4 24.7,穿甲戰鷹,何澤堯,,第2組,V/XB,第2組 (何澤堯) 1200M 穿甲戰鷹 24.8 23.4 24.7 (1.12.93)
H382,19/05/2026,踱步,沙田,飛機場,沙田 飛機場,,,,,,助手,,踱步,V/XB,飛機場 踱步 (助手)
H382,18/05/2026,游水,沙田,,沙田,,,,,,,,游水,,
H382,18/05/2026,踱步,沙田,內圈,沙田 內圈,,,,,,助手,,倒快一圈,H,內圈 倒快一圈 (助手)
H382,17/05/2026,踱步,沙田,內圈,沙田 內圈,,,,,,助手,,快踱一圈,H,內圈 快踱一圈 (助手)
H382,16/05/2026,游水,從化,,從化,,,,,,,,游水,,
H382,16/05/2026,踱步,從化,內圈,從化 內圈,,,,,,助手,,快踱一圈,H,內圈 快踱一圈 (助手)
H382,15/05/2026,游水,從化,,從化,,,,,,,,游水,,
H382,15/05/2026,踱步,從化,內圈,從化 內圈,,,,,,助手,,快踱一圈,H,內圈 快踱一圈 (助手)
H382,14/05/2026,游水,從化,,從化,,,,,,,,游水,,
H382,14/05/2026,快操,從化,草地,從化 草地,,55.8,55.8,30.3 25.5,,助手,,快操,H,30.3 25.5 (55.8) (助手)
H382,14/05/2026,踱步,從化,飛機場,從化 飛機場,,,,,,助手,,踱步,H,飛機場 踱步 (助手)
H382,13/05/2026,游水,從化,,從化,,,,,,,,游水,,
H382,13/05/2026,踱步,從化,內圈,從化 內圈,,,,,,助手,,快踱一圈,H,內圈 快踱一圈 (助手)
H382,12/05/2026,游水,從化,,從化,,,,,,,,游水,,
H382,12/05/2026,踱步,從化,內圈,從化 內圈,,,,,,助手,,快踱一圈,H,內圈 快踱一圈 (助手)
H382,11/05/2026,游水,從化,,從化,,,,,,,,游水,,
H382,11/05/2026,踱步,從化,內圈,從化 內圈,,,,,,助手,,倒快一圈,H,內圈 倒快一圈 (助手)
H382,10/05/2026,游水,從化,,從化,,,,,,,,游水,,
H382,10/05/2026,快操,從化,全天候,從化 全天候,,54.9,54.9,29.3 25.6,,助手,,快操,H,29.3 25.6 (54.9) (助手)
H382,10/05/2026,踱步,從化,飛機場,從化 飛機場,,,,,,助手,,踱步,H,飛機場 踱步 (助手)
H382,09/05/2026,馬匹水中步行機,從化,,從化,,,,,,,,馬匹水中步行機,,
H382,09/05/2026,游水,從化,,從化,,,,,,,,游水,,
H382,09/05/2026,踱步,從化,內圈,從化 內圈,,,,,,助手,,快踱一圈,H,內圈 快踱一圈 (助手)
H382,08/05/2026,游水,從化,,從化,,,,,,,,游水,,
H382,08/05/2026,踱步,從化,內圈,從化 內圈,,,,,,助手,,快踱一圈,H,內圈 快踱一圈 (助手)
H382,07/05/2026,游水,從化,,從化,,,,,,,,游水,,
H382,07/05/2026,踱步,從化,內圈,從化 內圈,,,,,,助手,,倒快一圈,H,內圈 倒快一圈 (助手)
H382,06/05/2026,游水,從化,,從化,,,,,,,,游水,,
H382,06/05/2026,快操,從化,全天候,從化 全天候,,58.5,58.5,30.0 28.5,,助手,,快操,H,30.0 28.5 (58.5) (助手)
H382,06/05/2026,踱步,從化,飛機場,從化 飛機場,,,,,,助手,,踱步,H,飛機場 踱步 (助手)
H382,05/05/2026,游水,從化,,從化,,,,,,,,游水,,
H382,05/05/2026,踱步,從化,內圈,從化 內圈,,,,,,助手,,快踱一圈,H,內圈 快踱一圈 (助手)
H382,04/05/2026,游水,從化,,從化,,,,,,,,游水,,
H382,04/05/2026,踱步,從化,內圈,從化 內圈,,,,,,助手,,倒快一圈,H,內圈 倒快一圈 (助手)
H382,03/05/2026,馬匹水中步行機,從化,,從化,,,,,,,,馬匹水中步行機,,
H382,03/05/2026,游水,從化,,從化,,,,,,,,游水,,
H382,03/05/2026,踱步,從化,內圈,從化 內圈,,,,,,助手,,快踱一圈,H,內圈 快踱一圈 (助手)
H382,02/05/2026,游水,從化,,從化,,,,,,,,游水,,
H382,02/05/2026,踱步,從化,內圈,從化 內圈,,,,,,助手,,快踱一圈,H,內圈 快踱一圈 (助手)
H382,01/05/2026,踱步,沙田,飛機場,沙田 飛機場,,,,,,助手,,踱步,H,飛機場 踱步 (助手)
H382,30/04/2026,游水,沙田,,沙田,,,,,,,,游水,,
H382,29/04/2026,出賽,跑馬地,草地,跑馬地 草地,2200M,,,,,何澤堯,2/12,出賽,V/XB/TT,2200M (何澤堯) (2/12)
H382,29/04/2026,踱步,沙田,飛機場,沙田 飛機場,,,,,,助手,,踱步,H,飛機場 踱步 (助手)
H382,28/04/2026,踱步,沙田,內圈,沙田 內圈,,,,,,助手,,快踱一圈,H,內圈 快踱一圈 (助手)
H382,27/04/2026,踱步,沙田,內圈,沙田 內圈,,,,,,助手,,倒快一圈,H,內圈 倒快一圈 (助手)
H382,26/04/2026,踱步,沙田,內圈,沙田 內圈,,,,,,助手,,快踱一圈,H,內圈 快踱一圈 (助手)
H382,25/04/2026,快操,沙田,全天候,沙田 全天候,,1.30.2,90.2,33.8 30.0 26.4,,何澤堯,,快操,H,33.8 30.0 26.4 (1.30.2) (何澤堯)
H382,25/04/2026,踱步,沙田,飛機場,沙田 飛機場,,,,,,助手,,踱步,H,飛機場 踱步 (助手)
H382,24/04/2026,游水,沙田,,沙田,,,,,,,,游水,,
H382,24/04/2026,踱步,沙田,內圈,沙田 內圈,,,,,,助手,,快踱一圈,H,內圈 快踱一圈 (助手)
H382,23/04/2026,游水,沙田,,沙田,,,,,,,,游水,,
H382,23/04/2026,踱步,沙田,內圈,沙田 內圈,,,,,,助手,,倒快一圈,H,內圈 倒快一圈 (助手)
H382,22/04/2026,游水,沙田,,沙田,,,,,,,,游水,,
H382,22/04/2026,踱步,沙田,內圈,沙田 內圈,,,,,,助手,,快踱一圈,H,內圈 快踱一圈 (助手)
H382,21/04/2026,快操,沙田,全天候,沙田 全天候,,56.9,56.9,29.9 27.0,,何澤堯,,快操,H,29.9 27.0 (56.9) (何澤堯)
H382,21/04/2026,踱步,沙田,飛機場,沙田 飛機場,,,,,,助手,,踱步,H,飛機場 踱步 (助手)
H382,20/04/2026,游水,沙田,,沙田,,,,,,,,游水,,
H382,20/04/2026,踱步,沙田,內圈,沙田 內圈,,,,,,助手,,倒快一圈,H,內圈 倒快一圈 (助手)
H382,19/04/2026,踱步,沙田,內圈,沙田 內圈,,,,,,助手,,快踱一圈,H,內圈 快踱一圈 (助手)
H382,18/04/2026,游水,沙田,,沙田,,,,,,,,游水,,
H382,18/04/2026,踱步,沙田,內圈,沙田 內圈,,,,,,助手,,快踱一圈,H,內圈 快踱一圈 (助手)
H382,17/04/2026,游水,沙田,,沙田,,,,,,,,游水,,
H382,17/04/2026,踱步,沙田,內圈,沙田 內圈,,,,,,助手,,快踱一圈,H,內圈 快踱一圈 (助手)
H382,16/04/2026,快操,沙田,草閘,沙田 草閘,,46.7,46.7,24.2 22.5,,助手,,銳高,,24.2 22.5 (46.7) (助手) 銳高
H382,16/04/2026,踱步,沙田,飛機場,沙田 飛機場,,,,,,助手,,踱步,,飛機場 踱步 (助手)
H382,15/04/2026,游水,沙田,,沙田,,,,,,,,游水,,
H382,15/04/2026,踱步,沙田,內圈,沙田 內圈,,,,,,助手,,快踱一圈,H,內圈 快踱一圈 (助手)
H382,14/04/2026,游水,沙田,,沙田,,,,,,,,游水,,
H382,14/04/2026,踱步,沙田,內圈,沙田 內圈,,,,,,助手,,快踱一圈,H,內圈 快踱一圈 (助手)
H382,13/04/2026,游水,沙田,,沙田,,,,,,,,游水,,
H382,13/04/2026,踱步,沙田,飛機場,沙田 飛機場,,,,,,助手,,踱步,H,飛機場 踱步 (助手)
H382,11/04/2026,游水,沙田,,沙田,,,,,,,,游水,,
H382,11/04/2026,踱步,沙田,內圈,沙田 內圈,,,,,,助手,,快踱一圈,H,內圈 快踱一圈 (助手)
H382,10/04/2026,游水,沙田,,沙田,,,,,,,,游水,,
H382,10/04/2026,踱步,沙田,內圈,沙田 內圈,,,,,,助手,,快踱一圈,H,內圈 快踱一圈 (助手)
H382,09/04/2026,快操,沙田,全天候,沙田 全天候,,55.8,55.8,30.1 25.7,,助手,,快操,H,30.1 25.7 (55.8) (助手)
H382,09/04/2026,踱步,沙田,飛機場,沙田 飛機場,,,,,,助手,,踱步,H,飛機場 踱步 (助手)
H382,08/04/2026,游水,沙田,,沙田,,,,,,,,游水,,
H382,08/04/2026,踱步,沙田,內圈,沙田 內圈,,,,,,助手,,快踱一圈,H,內圈 快踱一圈 (助手)
H382,07/04/2026,游水,沙田,,沙田,,,,,,,,游水,,
H382,07/04/2026,踱步,沙田,內圈,沙田 內圈,,,,,,助手,,快踱一圈,H,內圈 快踱一圈 (助手)
H382,06/04/2026,游水,沙田,,沙田,,,,,,,,游水,,
H382,06/04/2026,踱步,沙田,內圈,沙田 內圈,,,,,,助手,,倒快一圈,H,內圈 倒快一圈 (助手)
H382,05/04/2026,快操,沙田,全天候,沙田 全天候,,55.5,55.5,29.0 26.5,,助手,,快操,H,29.0 26.5 (55.5) (助手)
H382,05/04/2026,踱步,沙田,飛機場,沙田 飛機場,,,,,,助手,,踱步,H,飛機場 踱步 (助手)
H382,04/04/2026,游水,沙田,,沙田,,,,,,,,游水,,
H382,04/04/2026,踱步,沙田,內圈,沙田 內圈,,,,,,助手,,快踱一圈,H,內圈 快踱一圈 (助手)
H382,03/04/2026,游水,沙田,,沙田,,,,,,,,游水,,
H382,03/04/2026,踱步,沙田,內圈,沙田 內圈,,,,,,助手,,快踱一圈,H,內圈 快踱一圈 (助手)
H382,02/04/2026,游水,沙田,,沙田,,,,,,,,游水,,
H382,02/04/2026,踱步,沙田,內圈,沙田 內圈,,,,,,助手,,倒快一圈,H,內圈 倒快一圈 (助手)
H382,01/04/2026,游水,沙田,,沙田,,,,,,,,游水,,
H382,01/04/2026,踱步,沙田,內圈,沙田 內圈,,,,,,助手,,快踱一圈,H,內圈 快踱一圈 (助手)
H382,31/03/2026,游水,沙田,,沙田,,,,,,,,游水,,
H382,31/03/2026,踱步,沙田,飛機場,沙田 飛機場,,,,,,助手,,踱步,H,飛機場 踱步 (助手)
H382,30/03/2026,游水,沙田,,沙田,,,,,,,,游水,,
H382,29/03/2026,出賽,沙田,草地,沙田 草地,2000M,,,,,何澤堯,5/12,出賽,V/XB/TT,2000M (何澤堯) (5/12)
H382,29/03/2026,踱步,沙田,飛機場,沙田 飛機場,,,,,,助手,,踱步,H,飛機場 踱步 (助手)
H382,28/03/2026,踱步,沙田,內圈,沙田 內圈,,,,,,助手,,快踱一圈,H,內圈 快踱一圈 (助手)
H382,27/03/2026,踱步,沙田,內圈,沙田 內圈,,,,,,助手,,快踱一圈,H,內圈 快踱一圈 (助手)
H382,26/03/2026,快操,沙田,全天候,沙田 全天候,,57.8,57.8,30.9 26.9,,何澤堯,,快操,H,30.9 26.9 (57.8) (何澤堯)
H382,26/03/2026,踱步,沙田,飛機場,沙田 飛機場,,,,,,助手,,踱步,H,飛機場 踱步 (助手)
H382,25/03/2026,游水,沙田,,沙田,,,,,,,,游水,,
H382,25/03/2026,踱步,沙田,內圈,沙田 內圈,,,,,,助手,,快踱一圈,H,內圈 快踱一圈 (助手)
H382,24/03/2026,游水,沙田,,沙田,,,,,,,,游水,,
H382,24/03/2026,踱步,沙田,內圈,沙田 內圈,,,,,,助手,,快踱一圈,H,內圈 快踱一圈 (助手)
H382,23/03/2026,游水,沙田,,沙田,,,,,,,,游水,,
H382,23/03/2026,踱步,沙田,內圈,沙田 內圈,,,,,,何澤堯,,倒快一圈,H,內圈 倒快一圈 (何澤堯)
H382,22/03/2026,踱步,沙田,內圈,沙田 內圈,,,,,,助手,,快踱一圈,H,內圈 快踱一圈 (助手)
H382,21/03/2026,快操,沙田,全天候,沙田 全天候,,52.5,52.5,28.2 24.3,,助手,,佳福駒,H,28.2 24.3 (52.5) (助手) 佳福駒
H382,21/03/2026,踱步,沙田,飛機場,沙田 飛機場,,,,,,助手,,踱步,H,飛機場 踱步 (助手)
H382,20/03/2026,游水,沙田,,沙田,,,,,,,,游水,,
H382,20/03/2026,踱步,沙田,內圈,沙田 內圈,,,,,,助手,,快踱一圈,H,內圈 快踱一圈 (助手)
H382,19/03/2026,游水,沙田,,沙田,,,,,,,,游水,,
H382,19/03/2026,踱步,沙田,內圈,沙田 內圈,,,,,,助手,,倒快一圈,H,內圈 倒快一圈 (助手)
H382,18/03/2026,游水,沙田,,沙田,,,,,,,,游水,,
H382,18/03/2026,踱步,沙田,內圈,沙田 內圈,,,,,,助手,,快踱一圈,H,內圈 快踱一圈 (助手)
H382,17/03/2026,快操,沙田,全天候,沙田 全天候,,1.25.3,85.3,30.1 28.6 26.6,,何澤堯,,快操,H,30.1 28.6 26.6 (1.25.3) (何澤堯)
H382,17/03/2026,踱步,沙田,飛機場,沙田 飛機場,,,,,,助手,,踱步,H,飛機場 踱步 (助手)
H382,16/03/2026,游水,沙田,,沙田,,,,,,,,游水,,
H382,16/03/2026,踱步,沙田,內圈,沙田 內圈,,,,,,助手,,倒快一圈,H,內圈 倒快一圈 (助手)
H382,15/03/2026,踱步,沙田,內圈,沙田 內圈,,,,,,助手,,快踱一圈,H,內圈 快踱一圈 (助手)
H382,14/03/2026,游水,沙田,,沙田,,,,,,,,游水,,
H382,14/03/2026,踱步,沙田,內圈,沙田 內圈,,,,,,助手,,快踱一圈,H,內圈 快踱一圈 (助手)
H382,13/03/2026,快操,沙田,全天候,沙田 全天候,,1.00.4,60.4,32.4 28.0,,助手,,快操,H,32.4 28.0 (1.00.4) (助手)
H382,13/03/2026,踱步,沙田,飛機場,沙田 飛機場,,,,,,助手,,踱步,H,飛機場 踱步 (助手)
H382,12/03/2026,游水,沙田,,沙田,,,,,,,,游水,,
H382,12/03/2026,踱步,沙田,內圈,沙田 內圈,,,,,,助手,,倒快一圈,H,內圈 倒快一圈 (助手)
H382,11/03/2026,游水,沙田,,沙田,,,,,,,,游水,,
H382,11/03/2026,踱步,沙田,內圈,沙田 內圈,,,,,,助手,,快踱一圈,H,內圈 快踱一圈 (助手)
H382,10/03/2026,游水,沙田,,沙田,,,,,,,,游水,,
H382,10/03/2026,踱步,沙田,內圈,沙田 內圈,,,,,,助手,,快踱一圈,H,內圈 快踱一圈 (助手)
H382,09/03/2026,游水,沙田,,沙田,,,,,,,,游水,,
H382,09/03/2026,踱步,沙田,內圈,沙田 內圈,,,,,,助手,,倒快一圈,H,內圈 倒快一圈 (助手)
H382,07/03/2026,游水,沙田,,沙田,,,,,,,,游水,,
H382,07/03/2026,踱步,沙田,內圈,沙田 內圈,,,,,,助手,,快踱一圈,H,內圈 快踱一圈 (助手)
H382,06/03/2026,游水,沙田,,沙田,,,,,,,,游水,,
H382,06/03/2026,踱步,沙田,飛機場,沙田 飛機場,,,,,,助手,,踱步,H,飛機場 踱步 (助手)
H382,05/03/2026,游水,沙田,,沙田,,,,,,,,游水,,
H382,04/03/2026,出賽,跑馬地,草地,跑馬地 草地,2200M,,,,,麥文堅,3/12,出賽,V/XB/TT,2200M (麥文堅) (3/12)
H382,04/03/2026,踱步,沙田,飛機場,沙田 飛機場,,,,,,助手,,踱步,H,飛機場 踱步 (助手)
H382,03/03/2026,踱步,沙田,內圈,沙田 內圈,,,,,,助手,,快踱一圈,H,內圈 快踱一圈 (助手)
H382,02/03/2026,踱步,沙田,內圈,沙田 內圈,,,,,,助手,,倒快一圈,H,內圈 倒快一圈 (助手)
H382,01/03/2026,踱步,沙田,內圈,沙田 內圈,,,,,,助手,,快踱一圈,H,內圈 快踱一圈 (助手)
H382,28/02/2026,快操,沙田,全天候,沙田 全天候,,58.8,58.8,30.6 28.2,,麥文堅,,快操,H,30.6 28.2 (58.8) (麥文堅)
H382,28/02/2026,踱步,沙田,飛機場,沙田 飛機場,,,,,,助手,,踱步,H,飛機場 踱步 (助手)
H382,27/02/2026,游水,沙田,,沙田,,,,,,,,游水,,
H382,27/02/2026,踱步,沙田,內圈,沙田 內圈,,,,,,助手,,快踱一圈,H,內圈 快踱一圈 (助手)
H382,26/02/2026,游水,沙田,,沙田,,,,,,,,游水,,
H382,26/02/2026,踱步,沙田,內圈,沙田 內圈,,,,,,助手,,倒快一圈,H,內圈 倒快一圈 (助手)
H382,25/02/2026,踱步,沙田,內圈,沙田 內圈,,,,,,助手,,快踱一圈,H,內圈 快踱一圈 (助手)
H382,24/02/2026,快操,沙田,全天候,沙田 全天候,,1.29.1,89.1,32.7 28.9 27.5,,助手,,快操,H,32.7 28.9 27.5 (1.29.1) (助手)
H382,24/02/2026,踱步,沙田,飛機場,沙田 飛機場,,,,,,助手,,踱步,H,飛機場 踱步 (助手)
H382,23/02/2026,游水,沙田,,沙田,,,,,,,,游水,,
H382,23/02/2026,踱步,沙田,內圈,沙田 內圈,,,,,,助手,,倒快一圈,H,內圈 倒快一圈 (助手)
H382,22/02/2026,踱步,沙田,內圈,沙田 內圈,,,,,,助手,,快踱一圈,H,內圈 快踱一圈 (助手)
H382,21/02/2026,游水,沙田,,沙田,,,,,,,,游水,,
H382,21/02/2026,踱步,沙田,內圈,沙田 內圈,,,,,,助手,,快踱一圈,H,內圈 快踱一圈 (助手)
H382,20/02/2026,快操,沙田,全天候,沙田 全天候,,56.3,56.3,31.2 25.1,,助手,,快操,H,31.2 25.1 (56.3) (助手)
H382,20/02/2026,踱步,沙田,飛機場,沙田 飛機場,,,,,,助手,,踱步,H,飛機場 踱步 (助手)
H382,19/02/2026,踱步,沙田,內圈,沙田 內圈,,,,,,助手,,倒快一圈,H,內圈 倒快一圈 (助手)
H382,18/02/2026,踱步,沙田,內圈,沙田 內圈,,,,,,助手,,快踱一圈,H,內圈 快踱一圈 (助手)
H382,16/02/2026,踱步,沙田,內圈,沙田 內圈,,,,,,助手,,倒快一圈,H,內圈 倒快一圈 (助手)
H382,14/02/2026,踱步,沙田,飛機場,沙田 飛機場,,,,,,助手,,踱步,H,飛機場 踱步 (助手)
H382,13/02/2026,試閘,跑馬地,草地,跑馬地 草地,1700M,1.49.02,109.02,35.2 25.4 24.7 23.7,加州動員,黃智弘,,第1組,V/XB,第1組 (黃智弘) 1700M 加州動員 35.2 25.4 24.7 23.7 (1.49.02)
H382,12/02/2026,游水,沙田,,沙田,,,,,,,,游水,,
H382,12/02/2026,踱步,沙田,內圈,沙田 內圈,,,,,,助手,,倒快一圈,H,內圈 倒快一圈 (助手)
H382,11/02/2026,游水,沙田,,沙田,,,,,,,,游水,,
H382,11/02/2026,踱步,沙田,內圈,沙田 內圈,,,,,,助手,,快踱一圈,H,內圈 快踱一圈 (助手)
H382,10/02/2026,快操,沙田,全天候,沙田 全天候,,56.6,56.6,30.5 26.1,,助手,,快操,H,30.5 26.1 (56.6) (助手)
H382,10/02/2026,踱步,沙田,飛機場,沙田 飛機場,,,,,,助手,,踱步,H,飛機場 踱步 (助手)
H382,09/02/2026,游水,沙田,,沙田,,,,,,,,游水,,
H382,09/02/2026,踱步,沙田,內圈,沙田 內圈,,,,,,助手,,倒快一圈,H,內圈 倒快一圈 (助手)
H382,08/02/2026,踱步,沙田,內圈,沙田 內圈,,,,,,助手,,快踱一圈,H,內圈 快踱一圈 (助手)
H382,07/02/2026,游水,沙田,,沙田,,,,,,,,游水,,
H382,07/02/2026,踱步,沙田,內圈,沙田 內圈,,,,,,助手,,快踱一圈,H,內圈 快踱一圈 (助手)
H382,06/02/2026,快操,沙田,全天候,沙田 全天候,,56.4,56.4,30.6 25.8,,助手,,快操,H,30.6 25.8 (56.4) (助手)
H382,06/02/2026,踱步,沙田,飛機場,沙田 飛機場,,,,,,助手,,踱步,H,飛機場 踱步 (助手)
H382,05/02/2026,游水,沙田,,沙田,,,,,,,,游水,,
H382,05/02/2026,踱步,沙田,內圈,沙田 內圈,,,,,,助手,,倒快一圈,H,內圈 倒快一圈 (助手)
H382,04/02/2026,游水,沙田,,沙田,,,,,,,,游水,,
H382,04/02/2026,踱步,沙田,內圈,沙田 內圈,,,,,,助手,,快踱一圈,H,內圈 快踱一圈 (助手)
H382,03/02/2026,游水,沙田,,沙田,,,,,,,,游水,,
H382,03/02/2026,踱步,沙田,內圈,沙田 內圈,,,,,,副練馬師,,快踱一圈,H,內圈 快踱一圈 (副練馬師)
H382,02/02/2026,快操,沙田,全天候,沙田 全天候,,56.2,56.2,30.6 25.6,,副練馬師,,快操,H,30.6 25.6 (56.2) (副練馬師)
H382,02/02/2026,踱步,沙田,飛機場,沙田 飛機場,,,,,,副練馬師,,踱步,H,飛機場 踱步 (副練馬師)
H382,01/02/2026,踱步,沙田,內圈,沙田 內圈,,,,,,助手,,快踱一圈,H,內圈 快踱一圈 (助手)
H382,31/01/2026,游水,沙田,,沙田,,,,,,,,游水,,
H382,31/01/2026,踱步,沙田,內圈,沙田 內圈,,,,,,助手,,快踱一圈,H,內圈 快踱一圈 (助手)
H382,30/01/2026,游水,沙田,,沙田,,,,,,,,游水,,
H382,30/01/2026,踱步,沙田,內圈,沙田 內圈,,,,,,助手,,快踱一圈,H,內圈 快踱一圈 (助手)
H382,29/01/2026,快操,沙田,全天候,沙田 全天候,,55.4,55.4,29.4 26.0,,助手,,快操,H,29.4 26.0 (55.4) (助手)
H382,29/01/2026,踱步,沙田,飛機場,沙田 飛機場,,,,,,助手,,踱步,H,飛機場 踱步 (助手)
H382,28/01/2026,游水,沙田,,沙田,,,,,,,,游水,,
H382,28/01/2026,踱步,沙田,內圈,沙田 內圈,,,,,,助手,,快踱兩圈,H,內圈 快踱兩圈 (助手)
H382,27/01/2026,游水,沙田,,沙田,,,,,,,,游水,,
H382,27/01/2026,踱步,沙田,內圈,沙田 內圈,,,,,,助手,,快踱一圈,H,內圈 快踱一圈 (助手)
H382,26/01/2026,游水,沙田,,沙田,,,,,,,,游水,,
H382,26/01/2026,踱步,沙田,內圈,沙田 內圈,,,,,,助手,,倒快一圈,H,內圈 倒快一圈 (助手)
H382,24/01/2026,游水,沙田,,沙田,,,,,,,,游水,,
H382,24/01/2026,踱步,沙田,內圈,沙田 內圈,,,,,,助手,,快踱一圈,H,內圈 快踱一圈 (助手)
H382,23/01/2026,游水,沙田,,沙田,,,,,,,,游水,,
H382,23/01/2026,踱步,沙田,飛機場,沙田 飛機場,,,,,,助手,,踱步,H,飛機場 踱步 (助手)
H382,22/01/2026,游水,沙田,,沙田,,,,,,,,游水,,
H382,21/01/2026,出賽,沙田,全天候,沙田 全天候,1800M,,,,,麥文堅,10/14,出賽,V/XB/TT,1800M (麥文堅) (10/14)
H382,21/01/2026,踱步,沙田,飛機場,沙田 飛機場,,,,,,助手,,踱步,H,飛機場 踱步 (助手)
H382,20/01/2026,踱步,沙田,內圈,沙田 內圈,,,,,,助手,,快踱一圈,H,內圈 快踱一圈 (助手)
H382,19/01/2026,踱步,沙田,內圈,沙田 內圈,,,,,,助手,,倒快一圈,H,內圈 倒快一圈 (助手)
H382,18/01/2026,踱步,沙田,內圈,沙田 內圈,,,,,,助手,,快踱一圈,H,內圈 快踱一圈 (助手)
H382,17/01/2026,快操,沙田,全天候,沙田 全天候,,55.3,55.3,29.4 25.9,,麥文堅,,快操,H,29.4 25.9 (55.3) (麥文堅)
H382,17/01/2026,踱步,沙田,飛機場,沙田 飛機場,,,,,,助手,,踱步,H,飛機場 踱步 (助手)
H382,16/01/2026,游水,沙田,,沙田,,,,,,,,游水,,
H382,16/01/2026,踱步,沙田,內圈,沙田 內圈,,,,,,助手,,快踱一圈,H,內圈 快踱一圈 (助手)
H382,15/01/2026,游水,從化,,從化,,,,,,,,游水,,
H382,15/01/2026,踱步,從化,內圈,從化 內圈,,,,,,助手,,倒快一圈,H,內圈 倒快一圈 (助手)
H382,14/01/2026,游水,從化,,從化,,,,,,,,游水,,
H382,14/01/2026,踱步,從化,內圈,從化 內圈,,,,,,助手,,快踱一圈,H,內圈 快踱一圈 (助手)
H382,13/01/2026,游水,從化,,從化,,,,,,,,游水,,
H382,13/01/2026,快操,從化,全天候,從化 全天候,,1.03.7,63.7,32.7 31.0,,助手,,快操,H,32.7 31.0 (1.03.7) (助手)
H382,13/01/2026,踱步,從化,飛機場,從化 飛機場,,,,,,助手,,踱步,H,飛機場 踱步 (助手)
H382,12/01/2026,游水,從化,,從化,,,,,,,,游水,,
H382,12/01/2026,踱步,從化,內圈,從化 內圈,,,,,,助手,,倒快一圈,H,內圈 倒快一圈 (助手)
H382,11/01/2026,馬匹水中步行機,從化,,從化,,,,,,,,馬匹水中步行機,,
H382,11/01/2026,游水,從化,,從化,,,,,,,,游水,,
H382,11/01/2026,踱步,從化,內圈,從化 內圈,,,,,,助手,,快踱一圈,H,內圈 快踱一圈 (助手)
H382,10/01/2026,游水,從化,,從化,,,,,,,,游水,,
H382,10/01/2026,快操,從化,全天候,從化 全天候,,54.2,54.2,29.6 24.6,,助手,,快操,H,29.6 24.6 (54.2) (助手)
H382,10/01/2026,踱步,從化,飛機場,從化 飛機場,,,,,,助手,,踱步,H,飛機場 踱步 (助手)
H382,09/01/2026,游水,從化,,從化,,,,,,,,游水,,
H382,09/01/2026,踱步,從化,內圈,從化 內圈,,,,,,助手,,快踱一圈,H,內圈 快踱一圈 (助手)
H382,08/01/2026,馬匹水中步行機,從化,,從化,,,,,,,,馬匹水中步行機,,
H382,08/01/2026,游水,從化,,從化,,,,,,,,游水,,
H382,08/01/2026,踱步,從化,內圈,從化 內圈,,,,,,助手,,倒快一圈,H,內圈 倒快一圈 (助手)
H382,07/01/2026,游水,從化,,從化,,,,,,,,游水,,
H382,07/01/2026,踱步,從化,內圈,從化 內圈,,,,,,助手,,快踱一圈,H,內圈 快踱一圈 (助手)
H382,06/01/2026,游水,從化,,從化,,,,,,,,游水,,
H382,06/01/2026,踱步,從化,內圈,從化 內圈,,,,,,助手,,快踱一圈,H,內圈 快踱一圈 (助手)
H382,05/01/2026,游水,從化,,從化,,,,,,,,游水,,
H382,05/01/2026,踱步,從化,內圈,從化 內圈,,,,,,助手,,倒快一圈,H,內圈 倒快一圈 (助手)
H382,03/01/2026,踱步,沙田,飛機場,沙田 飛機場,,,,,,助手,,踱步,H,飛機場 踱步 (助手)
H382,01/01/2026,出賽,沙田,草地,沙田 草地,2000M,,,,,周俊樂,6/14,出賽,V/XB/TT,2000M (周俊樂) (6/14)
H382,01/01/2026,踱步,沙田,飛機場,沙田 飛機場,,,,,,助手,,踱步,H,飛機場 踱步 (助手)
H382,31/12/2025,踱步,沙田,內圈,沙田 內圈,,,,,,助手,,快踱一圈,H,內圈 快踱一圈 (助手)
H382,30/12/2025,踱步,沙田,內圈,沙田 內圈,,,,,,助手,,快踱一圈,H,內圈 快踱一圈 (助手)
H382,29/12/2025,踱步,沙田,內圈,沙田 內圈,,,,,,助手,,倒快一圈,H,內圈 倒快一圈 (助手)
H382,28/12/2025,快操,沙田,全天候,沙田 全天候,,56.9,56.9,30.8 26.1,,助手,,快操,H,30.8 26.1 (56.9) (助手)
H382,28/12/2025,踱步,沙田,飛機場,沙田 飛機場,,,,,,助手,,踱步,H,飛機場 踱步 (助手)
H382,27/12/2025,游水,沙田,,沙田,,,,,,,,游水,,
H382,27/12/2025,踱步,沙田,內圈,沙田 內圈,,,,,,助手,,快踱一圈,H,內圈 快踱一圈 (助手)
H382,26/12/2025,游水,沙田,,沙田,,,,,,,,游水,,
H382,26/12/2025,踱步,沙田,內圈,沙田 內圈,,,,,,助手,,快踱一圈,H,內圈 快踱一圈 (助手)
H382,25/12/2025,游水,沙田,,沙田,,,,,,,,游水,,
H382,25/12/2025,踱步,沙田,內圈,沙田 內圈,,,,,,助手,,倒快一圈,H,內圈 倒快一圈 (助手)
H382,24/12/2025,快操,沙田,全天候,沙田 全天候,,51.8,51.8,27.7 24.1,,助手,,快操,H,27.7 24.1 (51.8) (助手)
H382,24/12/2025,踱步,沙田,飛機場,沙田 飛機場,,,,,,助手,,踱步,H,飛機場 踱步 (助手)
H382,23/12/2025,游水,沙田,,沙田,,,,,,,,游水,,
H382,23/12/2025,踱步,沙田,內圈,沙田 內圈,,,,,,助手,,快踱一圈,H,內圈 快踱一圈 (助手)
H382,22/12/2025,游水,沙田,,沙田,,,,,,,,游水,,
H382,22/12/2025,踱步,沙田,內圈,沙田 內圈,,,,,,助手,,倒快一圈,H,內圈 倒快一圈 (助手)
H382,21/12/2025,游水,沙田,,沙田,,,,,,,,游水,,
H382,20/12/2025,游水,沙田,,沙田,,,,,,,,游水,,
H382,20/12/2025,踱步,沙田,內圈,沙田 內圈,,,,,,助手,,快踱一圈,H,內圈 快踱一圈 (助手)
H382,19/12/2025,游水,沙田,,沙田,,,,,,,,游水,,
H382,19/12/2025,踱步,沙田,飛機場,沙田 飛機場,,,,,,助手,,踱步,H,飛機場 踱步 (助手)
H382,18/12/2025,游水,沙田,,沙田,,,,,,,,游水,,
H382,17/12/2025,出賽,跑馬地,草地,跑馬地 草地,1800M,,,,,杜苑欣,9/12,出賽,V/XB/TT,1800M (杜苑欣) (9/12)
H382,17/12/2025,踱步,沙田,飛機場,沙田 飛機場,,,,,,助手,,踱步,H,飛機場 踱步 (助手)
H382,16/12/2025,踱步,沙田,內圈,沙田 內圈,,,,,,助手,,快踱一圈,H,內圈 快踱一圈 (助手)
H382,15/12/2025,踱步,沙田,內圈,沙田 內圈,,,,,,助手,,倒快一圈,H,內圈 倒快一圈 (助手)
H382,14/12/2025,踱步,沙田,內圈,沙田 內圈,,,,,,助手,,快踱一圈,H,內圈 快踱一圈 (助手)
H382,13/12/2025,快操,沙田,全天候,沙田 全天候,,28.2,28.2,28.2,,助手,,快操,H,28.2 (28.2) (助手)
H382,13/12/2025,踱步,沙田,飛機場,沙田 飛機場,,,,,,助手,,踱步,H,飛機場 踱步 (助手)
H382,12/12/2025,踱步,沙田,內圈,沙田 內圈,,,,,,助手,,快踱一圈,H,內圈 快踱一圈 (助手)
H382,11/12/2025,踱步,沙田,內圈,沙田 內圈,,,,,,助手,,倒快一圈,H,內圈 倒快一圈 (助手)
H382,10/12/2025,踱步,沙田,內圈,沙田 內圈,,,,,,助手,,快踱一圈,H,內圈 快踱一圈 (助手)
H382,09/12/2025,快操,沙田,全天候,沙田 全天候,,1.22.8,82.8,30.7 27.5 24.6,,助手,,快操,H,30.7 27.5 24.6 (1.22.8) (助手)
H382,09/12/2025,踱步,沙田,飛機場,沙田 飛機場,,,,,,助手,,踱步,H,飛機場 踱步 (助手)
H382,08/12/2025,踱步,沙田,內圈,沙田 內圈,,,,,,助手,,倒快一圈,H,內圈 倒快一圈 (助手)
H382,06/12/2025,踱步,沙田,內圈,沙田 內圈,,,,,,助手,,快踱一圈,H,內圈 快踱一圈 (助手)
H382,05/12/2025,游水,沙田,,沙田,,,,,,,,游水,,
H382,05/12/2025,踱步,沙田,飛機場,沙田 飛機場,,,,,,助手,,踱步,H,飛機場 踱步 (助手)
H382,04/12/2025,游水,沙田,,沙田,,,,,,,,游水,,
H382,03/12/2025,出賽,跑馬地,草地,跑馬地 草地,2200M,,,,,杜苑欣,1/12,出賽,V/XB/TT,2200M (杜苑欣) (1/12)
H382,03/12/2025,踱步,沙田,飛機場,沙田 飛機場,,,,,,助手,,踱步,H,飛機場 踱步 (助手)
H382,02/12/2025,踱步,沙田,內圈,沙田 內圈,,,,,,助手,,快踱一圈,H,內圈 快踱一圈 (助手)
H382,01/12/2025,踱步,沙田,內圈,沙田 內圈,,,,,,助手,,倒快一圈,H,內圈 倒快一圈 (助手)
H382,30/11/2025,踱步,沙田,內圈,沙田 內圈,,,,,,助手,,快踱一圈,H,內圈 快踱一圈 (助手)
H382,29/11/2025,游水,沙田,,沙田,,,,,,,,游水,,
H382,29/11/2025,踱步,沙田,內圈,沙田 內圈,,,,,,助手,,快踱一圈,H,內圈 快踱一圈 (助手)
H382,28/11/2025,游水,沙田,,沙田,,,,,,,,游水,,
H382,28/11/2025,踱步,沙田,內圈,沙田 內圈,,,,,,助手,,快踱一圈,H,內圈 快踱一圈 (助手)
H382,27/11/2025,快操,沙田,草閘,沙田 草閘,,58.0,58.0,29.4 28.6,,杜苑欣,,快操,H,29.4 28.6 (58.0) (杜苑欣)
H382,27/11/2025,踱步,沙田,飛機場,沙田 飛機場,,,,,,助手,,踱步,H,飛機場 踱步 (助手)
H382,26/11/2025,游水,沙田,,沙田,,,,,,,,游水,,
H382,26/11/2025,踱步,沙田,內圈,沙田 內圈,,,,,,助手,,快踱一圈,H,內圈 快踱一圈 (助手)
H382,25/11/2025,游水,沙田,,沙田,,,,,,,,游水,,
H382,25/11/2025,踱步,沙田,內圈,沙田 內圈,,,,,,助手,,快踱一圈,H,內圈 快踱一圈 (助手)
H382,24/11/2025,游水,沙田,,沙田,,,,,,,,游水,,
H382,24/11/2025,踱步,沙田,內圈,沙田 內圈,,,,,,助手,,倒快一圈,H,內圈 倒快一圈 (助手)
H382,23/11/2025,快操,沙田,全天候,沙田 全天候,,54.2,54.2,28.6 25.6,,助手,,快操,H,28.6 25.6 (54.2) (助手)
H382,23/11/2025,踱步,沙田,飛機場,沙田 飛機場,,,,,,助手,,踱步,H,飛機場 踱步 (助手)
H382,22/11/2025,游水,沙田,,沙田,,,,,,,,游水,,
H382,22/11/2025,踱步,沙田,內圈,沙田 內圈,,,,,,助手,,快踱一圈,H,內圈 快踱一圈 (助手)
H382,21/11/2025,游水,沙田,,沙田,,,,,,,,游水,,
H382,21/11/2025,踱步,沙田,內圈,沙田 內圈,,,,,,助手,,快踱一圈,H,內圈 快踱一圈 (助手)
H382,20/11/2025,游水,沙田,,沙田,,,,,,,,游水,,
H382,20/11/2025,踱步,沙田,內圈,沙田 內圈,,,,,,助手,,倒快一圈,H,內圈 倒快一圈 (助手)
H382,19/11/2025,游水,沙田,,沙田,,,,,,,,游水,,
H382,19/11/2025,踱步,沙田,內圈,沙田 內圈,,,,,,助手,,快踱一圈,H,內圈 快踱一圈 (助手)
H382,18/11/2025,游水,沙田,,沙田,,,,,,,,游水,,
H382,18/11/2025,踱步,沙田,內圈,沙田 內圈,,,,,,助手,,快踱一圈,H,內圈 快踱一圈 (助手)
H382,17/11/2025,游水,沙田,,沙田,,,,,,,,游水,,
H382,17/11/2025,踱步,沙田,飛機場,沙田 飛機場,,,,,,助手,,踱步,H,飛機場 踱步 (助手)
H382,16/11/2025,游水,沙田,,沙田,,,,,,,,游水,,
H382,15/11/2025,出賽,沙田,草地,沙田 草地,2000M,,,,,杜苑欣,1/14,出賽,V/XB/TT,2000M (杜苑欣) (1/14)
H382,15/11/2025,踱步,沙田,飛機場,沙田 飛機場,,,,,,助手,,踱步,H,飛機場 踱步 (助手)
H382,14/11/2025,踱步,沙田,內圈,沙田 內圈,,,,,,助手,,快踱一圈,H,內圈 快踱一圈 (助手)
H382,13/11/2025,踱步,沙田,內圈,沙田 內圈,,,,,,助手,,倒快一圈,H,內圈 倒快一圈 (助手)
H382,12/11/2025,游水,沙田,,沙田,,,,,,,,游水,,
H382,12/11/2025,踱步,沙田,內圈,沙田 內圈,,,,,,助手,,快踱一圈,H,內圈 快踱一圈 (助手)
H382,11/11/2025,快操,沙田,全天候,沙田 全天候,,55.4,55.4,29.5 25.9,,杜苑欣,,快操,H,29.5 25.9 (55.4) (杜苑欣)
H382,10/11/2025,游水,沙田,,沙田,,,,,,,,游水,,
H382,10/11/2025,踱步,沙田,內圈,沙田 內圈,,,,,,助手,,倒快一圈,H,內圈 倒快一圈 (助手)
H382,09/11/2025,踱步,沙田,內圈,沙田 內圈,,,,,,助手,,快踱一圈,H,內圈 快踱一圈 (助手)
H382,08/11/2025,游水,沙田,,沙田,,,,,,,,游水,,
H382,08/11/2025,踱步,沙田,內圈,沙田 內圈,,,,,,助手,,快踱一圈,H,內圈 快踱一圈 (助手)
H382,07/11/2025,游水,沙田,,沙田,,,,,,,,游水,,
H382,07/11/2025,踱步,沙田,內圈,沙田 內圈,,,,,,助手,,快踱一圈,H,內圈 快踱一圈 (助手)
H382,06/11/2025,游水,沙田,,沙田,,,,,,,,游水,,
H382,06/11/2025,踱步,沙田,內圈,沙田 內圈,,,,,,助手,,倒快一圈,H,內圈 倒快一圈 (助手)
H382,05/11/2025,游水,沙田,,沙田,,,,,,,,游水,,
H382,05/11/2025,踱步,沙田,飛機場,沙田 飛機場,,,,,,助手,,踱步,H,飛機場 踱步 (助手)
H382,04/11/2025,試閘,沙田,全天候,沙田 全天候,1200M,1.09.63,69.63,23.7 22.0 23.9,加州勇勝,杜苑欣,,第3組,V/XB,第3組 (杜苑欣) 1200M 加州勇勝 23.7 22.0 23.9 (1.09.63)
H382,04/11/2025,踱步,沙田,飛機場,沙田 飛機場,,,,,,助手,,踱步,V/XB,飛機場 踱步 (助手)
H382,03/11/2025,游水,沙田,,沙田,,,,,,,,游水,,
H382,03/11/2025,踱步,沙田,內圈,沙田 內圈,,,,,,助手,,倒快一圈,H,內圈 倒快一圈 (助手)
H382,02/11/2025,踱步,沙田,內圈,沙田 內圈,,,,,,助手,,快踱一圈,H,內圈 快踱一圈 (助手)
H382,01/11/2025,游水,沙田,,沙田,,,,,,,,游水,,
H382,01/11/2025,踱步,沙田,內圈,沙田 內圈,,,,,,助手,,快踱一圈,H,內圈 快踱一圈 (助手)
H382,31/10/2025,快操,沙田,全天候,沙田 全天候,,53.5,53.5,28.5 25.0,,助手,,快操,H,28.5 25.0 (53.5) (助手)
H382,31/10/2025,踱步,沙田,飛機場,沙田 飛機場,,,,,,助手,,踱步,H,飛機場 踱步 (助手)
H382,30/10/2025,游水,沙田,,沙田,,,,,,,,游水,,
H382,30/10/2025,踱步,沙田,內圈,沙田 內圈,,,,,,助手,,倒快一圈,H,內圈 倒快一圈 (助手)
H382,29/10/2025,游水,沙田,,沙田,,,,,,,,游水,,
H382,29/10/2025,踱步,沙田,內圈,沙田 內圈,,,,,,助手,,快踱一圈,H,內圈 快踱一圈 (助手)
H382,28/10/2025,游水,沙田,,沙田,,,,,,,,游水,,
H382,28/10/2025,踱步,沙田,內圈,沙田 內圈,,,,,,助手,,快踱一圈,H,內圈 快踱一圈 (助手)
H382,27/10/2025,快操,沙田,全天候,沙田 全天候,,54.5,54.5,29.1 25.4,,助手,,快操,H,29.1 25.4 (54.5) (助手)
H382,27/10/2025,踱步,沙田,飛機場,沙田 飛機場,,,,,,助手,,踱步,H,飛機場 踱步 (助手)
H382,26/10/2025,踱步,沙田,內圈,沙田 內圈,,,,,,助手,,快踱一圈,H,內圈 快踱一圈 (助手)
H382,25/10/2025,游水,沙田,,沙田,,,,,,,,游水,,
H382,25/10/2025,踱步,沙田,內圈,沙田 內圈,,,,,,助手,,快踱一圈,H,內圈 快踱一圈 (助手)
H382,24/10/2025,游水,沙田,,沙田,,,,,,,,游水,,
H382,24/10/2025,踱步,沙田,內圈,沙田 內圈,,,,,,助手,,快踱一圈,H,內圈 快踱一圈 (助手)
H382,23/10/2025,游水,沙田,,沙田,,,,,,,,游水,,
H382,23/10/2025,踱步,沙田,內圈,沙田 內圈,,,,,,助手,,倒快一圈,H,內圈 倒快一圈 (助手)
H382,22/10/2025,游水,沙田,,沙田,,,,,,,,游水,,
H382,22/10/2025,踱步,沙田,內圈,沙田 內圈,,,,,,助手,,快踱一圈,H,內圈 快踱一圈 (助手)
H382,21/10/2025,踱步,沙田,飛機場,沙田 飛機場,,,,,,助手,,踱步,H,飛機場 踱步 (助手)
H382,20/10/2025,游水,沙田,,沙田,,,,,,,,游水,,
H382,19/10/2025,出賽,沙田,草地,沙田 草地,1800M,,,,,梁家俊,10/14,出賽,V/XB/TT,1800M (梁家俊) (10/14)
H382,19/10/2025,踱步,沙田,飛機場,沙田 飛機場,,,,,,助手,,踱步,H,飛機場 踱步 (助手)
H382,18/10/2025,踱步,沙田,內圈,沙田 內圈,,,,,,助手,,快踱一圈,H,內圈 快踱一圈 (助手)
H382,17/10/2025,踱步,沙田,內圈,沙田 內圈,,,,,,助手,,快踱一圈,H,內圈 快踱一圈 (助手)
H382,16/10/2025,游水,沙田,,沙田,,,,,,,,游水,,
H382,16/10/2025,踱步,沙田,內圈,沙田 內圈,,,,,,助手,,倒快一圈,H,內圈 倒快一圈 (助手)
H382,15/10/2025,快操,沙田,全天候,沙田 全天候,,1.23.5,83.5,33.5 26.8 23.2,,梁家俊,,快操,H,33.5 26.8 23.2 (1.23.5) (梁家俊)
H382,15/10/2025,踱步,沙田,飛機場,沙田 飛機場,,,,,,助手,,踱步,H,飛機場 踱步 (助手)
H382,14/10/2025,游水,沙田,,沙田,,,,,,,,游水,,
H382,14/10/2025,踱步,沙田,內圈,沙田 內圈,,,,,,助手,,快踱一圈,H,內圈 快踱一圈 (助手)
H382,13/10/2025,游水,沙田,,沙田,,,,,,,,游水,,
H382,13/10/2025,踱步,沙田,內圈,沙田 內圈,,,,,,助手,,倒快一圈,H,內圈 倒快一圈 (助手)
H382,12/10/2025,踱步,沙田,內圈,沙田 內圈,,,,,,助手,,快踱一圈,H,內圈 快踱一圈 (助手)
H382,11/10/2025,快操,沙田,全天候,沙田 全天候,,50.7,50.7,27.3 23.4,,梁家俊,,良駒好友,H,27.3 23.4 (50.7) (梁家俊) 良駒好友
H382,11/10/2025,踱步,沙田,飛機場,沙田 飛機場,,,,,,助手,,踱步,H,飛機場 踱步 (助手)
H382,10/10/2025,游水,沙田,,沙田,,,,,,,,游水,,
H382,10/10/2025,踱步,沙田,內圈,沙田 內圈,,,,,,助手,,快踱一圈,H,內圈 快踱一圈 (助手)
H382,09/10/2025,游水,沙田,,沙田,,,,,,,,游水,,
H382,09/10/2025,踱步,沙田,內圈,沙田 內圈,,,,,,助手,,倒快一圈,H,內圈 倒快一圈 (助手)
H382,08/10/2025,游水,沙田,,沙田,,,,,,,,游水,,
H382,08/10/2025,踱步,沙田,內圈,沙田 內圈,,,,,,助手,,快踱一圈,H,內圈 快踱一圈 (助手)
H382,07/10/2025,快操,沙田,全天候,沙田 全天候,,55.5,55.5,29.5 26.0,,助手,,快操,H,29.5 26.0 (55.5) (助手)
H382,07/10/2025,踱步,沙田,飛機場,沙田 飛機場,,,,,,助手,,踱步,H,飛機場 踱步 (助手)
H382,06/10/2025,游水,沙田,,沙田,,,,,,,,游水,,
H382,06/10/2025,踱步,沙田,內圈,沙田 內圈,,,,,,助手,,倒快一圈,H,內圈 倒快一圈 (助手)
H382,05/10/2025,游水,沙田,,沙田,,,,,,,,游水,,
H382,04/10/2025,游水,沙田,,沙田,,,,,,,,游水,,
H382,04/10/2025,踱步,沙田,內圈,沙田 內圈,,,,,,助手,,快踱一圈,H,內圈 快踱一圈 (助手)
H382,03/10/2025,游水,沙田,,沙田,,,,,,,,游水,,
H382,03/10/2025,踱步,沙田,飛機場,沙田 飛機場,,,,,,助手,,踱步,H,飛機場 踱步 (助手)
H382,02/10/2025,游水,沙田,,沙田,,,,,,,,游水,,
H382,01/10/2025,出賽,沙田,草地,沙田 草地,1800M,,,,,潘明輝,3/14,出賽,V/XB/TT,1800M (潘明輝) (3/14)
H382,01/10/2025,踱步,沙田,飛機場,沙田 飛機場,,,,,,助手,,踱步,H,飛機場 踱步 (助手)
H382,30/09/2025,踱步,沙田,內圈,沙田 內圈,,,,,,助手,,快踱一圈,H,內圈 快踱一圈 (助手)
H382,29/09/2025,踱步,沙田,內圈,沙田 內圈,,,,,,助手,,倒快一圈,H,內圈 倒快一圈 (助手)
H382,28/09/2025,踱步,沙田,內圈,沙田 內圈,,,,,,助手,,快踱一圈,H,內圈 快踱一圈 (助手)
H382,27/09/2025,快操,沙田,全天候,沙田 全天候,,1.27.1,87.1,33.0 27.9 26.2,,潘明輝,,快操,H,33.0 27.9 26.2 (1.27.1) (潘明輝)
H382,27/09/2025,踱步,沙田,飛機場,沙田 飛機場,,,,,,助手,,踱步,H,飛機場 踱步 (助手)
H382,26/09/2025,游水,沙田,,沙田,,,,,,,,游水,,
H382,26/09/2025,踱步,沙田,內圈,沙田 內圈,,,,,,助手,,快踱一圈,H,內圈 快踱一圈 (助手)
H382,25/09/2025,游水,沙田,,沙田,,,,,,,,游水,,
H382,25/09/2025,踱步,沙田,內圈,沙田 內圈,,,,,,助手,,倒快一圈,H,內圈 倒快一圈 (助手)
H382,23/09/2025,快操,沙田,全天候,沙田 全天候,,58.2,58.2,31.6 26.6,,助手,,快操,H,31.6 26.6 (58.2) (助手)
H382,23/09/2025,踱步,沙田,飛機場,沙田 飛機場,,,,,,助手,,踱步,H,飛機場 踱步 (助手)
H382,22/09/2025,游水,沙田,,沙田,,,,,,,,游水,,
H382,22/09/2025,踱步,沙田,內圈,沙田 內圈,,,,,,助手,,倒快一圈,H,內圈 倒快一圈 (助手)
H382,21/09/2025,踱步,沙田,內圈,沙田 內圈,,,,,,助手,,快踱一圈,H,內圈 快踱一圈 (助手)
H382,20/09/2025,游水,沙田,,沙田,,,,,,,,游水,,
H382,20/09/2025,踱步,沙田,內圈,沙田 內圈,,,,,,助手,,快踱一圈,H,內圈 快踱一圈 (助手)
H382,19/09/2025,游水,沙田,,沙田,,,,,,,,游水,,
H382,19/09/2025,踱步,沙田,內圈,沙田 內圈,,,,,,助手,,快踱一圈,H,內圈 快踱一圈 (助手)
H382,18/09/2025,游水,沙田,,沙田,,,,,,,,游水,,
H382,18/09/2025,踱步,沙田,內圈,沙田 內圈,,,,,,助手,,倒快一圈,H,內圈 倒快一圈 (助手)
H382,17/09/2025,游水,沙田,,沙田,,,,,,,,游水,,
H382,17/09/2025,踱步,沙田,飛機場,沙田 飛機場,,,,,,助手,,踱步,H,飛機場 踱步 (助手)
H382,16/09/2025,試閘,沙田,草地,沙田 草地,1600M,1.35.57,95.57,25.4 22.9 23.9 23.3,君子傳承,黃寶妮,,第9組,V/XB,第9組 (黃寶妮) 1600M 君子傳承 25.4 22.9 23.9 23.3 (1.35.57)
H382,16/09/2025,踱步,沙田,飛機場,沙田 飛機場,,,,,,助手,,踱步,V,飛機場 踱步 (助手)
H382,15/09/2025,游水,沙田,,沙田,,,,,,,,游水,,
H382,15/09/2025,踱步,沙田,內圈,沙田 內圈,,,,,,助手,,倒快一圈,H,內圈 倒快一圈 (助手)
H382,14/09/2025,踱步,沙田,內圈,沙田 內圈,,,,,,助手,,快踱一圈,H,內圈 快踱一圈 (助手)
H382,13/09/2025,游水,沙田,,沙田,,,,,,,,游水,,
H382,13/09/2025,踱步,沙田,內圈,沙田 內圈,,,,,,助手,,快踱一圈,H,內圈 快踱一圈 (助手)
H382,12/09/2025,快操,沙田,全天候,沙田 全天候,,51.0,51.0,26.9 24.1,,助手,,快操,H,26.9 24.1 (51.0) (助手)
H382,12/09/2025,踱步,沙田,飛機場,沙田 飛機場,,,,,,助手,,踱步,H,飛機場 踱步 (助手)
H382,11/09/2025,游水,沙田,,沙田,,,,,,,,游水,,
H382,11/09/2025,踱步,沙田,內圈,沙田 內圈,,,,,,助手,,倒快一圈,H,內圈 倒快一圈 (助手)
H382,10/09/2025,游水,沙田,,沙田,,,,,,,,游水,,
H382,10/09/2025,踱步,沙田,內圈,沙田 內圈,,,,,,助手,,快踱一圈,H,內圈 快踱一圈 (助手)
H382,09/09/2025,快操,沙田,全天候,沙田 全天候,,1.01.6,61.6,33.9 27.7,,副練馬師,,快操,H,33.9 27.7 (1.01.6) (副練馬師)
H382,09/09/2025,踱步,沙田,飛機場,沙田 飛機場,,,,,,副練馬師,,踱步,H,飛機場 踱步 (副練馬師)
H382,08/09/2025,游水,沙田,,沙田,,,,,,,,游水,,
H382,07/09/2025,踱步,沙田,內圈,沙田 內圈,,,,,,助手,,快踱一圈,H,內圈 快踱一圈 (助手)
H382,06/09/2025,游水,沙田,,沙田,,,,,,,,游水,,
H382,06/09/2025,踱步,沙田,內圈,沙田 內圈,,,,,,助手,,快踱一圈,H,內圈 快踱一圈 (助手)
H382,05/09/2025,游水,沙田,,沙田,,,,,,,,游水,,
H382,05/09/2025,踱步,沙田,內圈,沙田 內圈,,,,,,助手,,快踱一圈,H,內圈 快踱一圈 (助手)
H382,04/09/2025,游水,沙田,,沙田,,,,,,,,游水,,
H382,04/09/2025,踱步,沙田,內圈,沙田 內圈,,,,,,助手,,倒快一圈,H,內圈 倒快一圈 (助手)
H382,03/09/2025,游水,沙田,,沙田,,,,,,,,游水,,
H382,03/09/2025,踱步,沙田,飛機場,沙田 飛機場,,,,,,助手,,踱步,H,飛機場 踱步 (助手)
H382,02/09/2025,試閘,沙田,全天候,沙田 全天候,1200M,1.09.76,69.76,24.0 22.6 23.1,天天更好,潘明輝,,第5組,V/XB,第5組 (潘明輝) 1200M 天天更好 24.0 22.6 23.1 (1.09.76)
H382,02/09/2025,踱步,沙田,飛機場,沙田 飛機場,,,,,,助手,,踱步,V,飛機場 踱步 (助手)
H382,01/09/2025,游水,沙田,,沙田,,,,,,,,游水,,
H382,01/09/2025,踱步,沙田,內圈,沙田 內圈,,,,,,助手,,倒快一圈,H,內圈 倒快一圈 (助手)
H382,31/08/2025,游水,沙田,,沙田,,,,,,,,游水,,
H382,31/08/2025,踱步,沙田,內圈,沙田 內圈,,,,,,助手,,快踱一圈,H,內圈 快踱一圈 (助手)
H382,30/08/2025,游水,沙田,,沙田,,,,,,,,游水,,
H382,30/08/2025,踱步,沙田,內圈,沙田 內圈,,,,,,助手,,快踱一圈,H,內圈 快踱一圈 (助手)
H382,29/08/2025,游水,沙田,,沙田,,,,,,,,游水,,
H382,29/08/2025,踱步,沙田,內圈,沙田 內圈,,,,,,助手,,快踱一圈,H,內圈 快踱一圈 (助手)
H382,28/08/2025,快操,沙田,草閘,沙田 草閘,,48.3,48.3,25.1 23.2,,助手,,"朗日自強, 傲視同群",H,"25.1 23.2 (48.3) (助手) 朗日自強, 傲視同群"
H382,28/08/2025,踱步,沙田,飛機場,沙田 飛機場,,,,,,助手,,踱步,H,飛機場 踱步 (助手)
H382,27/08/2025,游水,沙田,,沙田,,,,,,,,游水,,
H382,27/08/2025,踱步,沙田,內圈,沙田 內圈,,,,,,助手,,快踱一圈,H,內圈 快踱一圈 (助手)
H382,26/08/2025,游水,沙田,,沙田,,,,,,,,游水,,
H382,26/08/2025,踱步,沙田,內圈,沙田 內圈,,,,,,助手,,快踱一圈,H,內圈 快踱一圈 (助手)
H382,25/08/2025,游水,沙田,,沙田,,,,,,,,游水,,
H382,25/08/2025,踱步,沙田,內圈,沙田 內圈,,,,,,助手,,倒快一圈,H,內圈 倒快一圈 (助手)
H382,24/08/2025,游水,沙田,,沙田,,,,,,,,游水,,
H382,24/08/2025,踱步,沙田,內圈,沙田 內圈,,,,,,助手,,快踱一圈,H,內圈 快踱一圈 (助手)
H382,23/08/2025,快操,沙田,全天候,沙田 全天候,,52.0,52.0,27.6 24.4,,助手,,幸運多彩,H,27.6 24.4 (52.0) (助手) 幸運多彩
H382,22/08/2025,游水,沙田,,沙田,,,,,,,,游水,,
H382,22/08/2025,踱步,沙田,內圈,沙田 內圈,,,,,,助手,,快踱一圈,H,內圈 快踱一圈 (助手)
H382,21/08/2025,游水,沙田,,沙田,,,,,,,,游水,,
H382,21/08/2025,踱步,沙田,內圈,沙田 內圈,,,,,,助手,,倒快一圈,H,內圈 倒快一圈 (助手)
H382,20/08/2025,游水,沙田,,沙田,,,,,,,,游水,,
H382,20/08/2025,踱步,沙田,內圈,沙田 內圈,,,,,,助手,,快踱一圈,H,內圈 快踱一圈 (助手)
H382,19/08/2025,快操,沙田,全天候,沙田 全天候,,56.2,56.2,30.5 25.7,,助手,,快操,H,30.5 25.7 (56.2) (助手)
H382,19/08/2025,踱步,沙田,飛機場,沙田 飛機場,,,,,,助手,,踱步,H,飛機場 踱步 (助手)
H382,18/08/2025,游水,沙田,,沙田,,,,,,,,游水,,
H382,18/08/2025,踱步,沙田,內圈,沙田 內圈,,,,,,助手,,倒快一圈,H,內圈 倒快一圈 (助手)
H382,17/08/2025,游水,沙田,,沙田,,,,,,,,游水,,
H382,17/08/2025,踱步,沙田,內圈,沙田 內圈,,,,,,助手,,快踱一圈,H,內圈 快踱一圈 (助手)
H382,16/08/2025,游水,沙田,,沙田,,,,,,,,游水,,
H382,16/08/2025,踱步,沙田,內圈,沙田 內圈,,,,,,助手,,快踱一圈,H,內圈 快踱一圈 (助手)
H382,15/08/2025,快操,沙田,全天候,沙田 全天候,,29.0,29.0,29.0,,助手,,快操,H,29.0 (29.0) (助手)
H382,15/08/2025,踱步,沙田,飛機場,沙田 飛機場,,,,,,助手,,踱步,H,飛機場 踱步 (助手)
H382,14/08/2025,踱步,沙田,內圈,沙田 內圈,,,,,,助手,,倒快一圈,H,內圈 倒快一圈 (助手)
H382,13/08/2025,踱步,沙田,內圈,沙田 內圈,,,,,,助手,,快踱一圈,H,內圈 快踱一圈 (助手)
H382,12/08/2025,踱步,沙田,內圈,沙田 內圈,,,,,,助手,,快踱一圈,H,內圈 快踱一圈 (助手)
H382,11/08/2025,快操,沙田,全天候,沙田 全天候,,1.00.3,60.3,32.1 28.2,,助手,,快操,H,32.1 28.2 (1.00.3) (助手)
H382,11/08/2025,踱步,沙田,飛機場,沙田 飛機場,,,,,,助手,,踱步,H,飛機場 踱步 (助手)
H382,10/08/2025,踱步,沙田,內圈,沙田 內圈,,,,,,助手,,快踱一圈,H,內圈 快踱一圈 (助手)
H382,09/08/2025,踱步,沙田,內圈,沙田 內圈,,,,,,助手,,快踱一圈,H,內圈 快踱一圈 (助手)
H382,08/08/2025,踱步,沙田,內圈,沙田 內圈,,,,,,助手,,快踱一圈,H,內圈 快踱一圈 (助手)
H382,07/08/2025,踱步,沙田,內圈,沙田 內圈,,,,,,助手,,倒快一圈,H,內圈 倒快一圈 (助手)
H382,06/08/2025,踱步,沙田,內圈,沙田 內圈,,,,,,助手,,快踱一圈,H,內圈 快踱一圈 (助手)
H382,04/08/2025,踱步,沙田,內圈,沙田 內圈,,,,,,助手,,快踱一圈,H,內圈 快踱一圈 (助手)
H382,03/08/2025,踱步,沙田,飛機場,沙田 飛機場,,,,,,助手,,踱步,H,飛機場 踱步 (助手)
H382,02/08/2025,踱步,沙田,飛機場,沙田 飛機場,,,,,,助手,,踱步,H,飛機場 踱步 (助手)
H382,01/08/2025,踱步,沙田,飛機場,沙田 飛機場,,,,,,助手,,踱步,H,飛機場 踱步 (助手)
H382,31/07/2025,踱步,沙田,飛機場,沙田 飛機場,,,,,,助手,,踱步,,飛機場 踱步 (助手)
H382,28/06/2025,出賽,沙田,草地,沙田 草地,2000M,,,,,潘頓,4/12,出賽,B-/XB/V1/TT,2000M (潘頓) (4/12)
H382,28/06/2025,踱步,沙田,內圈,沙田 內圈,,,,,,助手,,快踱一圈,H,內圈 快踱一圈 (助手)
H382,27/06/2025,游水,沙田,,沙田,,,,,,,,游水,,
H382,27/06/2025,踱步,沙田,內圈,沙田 內圈,,,,,,助手,,快踱一圈,H,內圈 快踱一圈 (助手)
H382,26/06/2025,游水,沙田,,沙田,,,,,,,,游水,,
H382,26/06/2025,踱步,沙田,內圈,沙田 內圈,,,,,,助手,,倒快一圈,H,內圈 倒快一圈 (助手)
H382,25/06/2025,游水,沙田,,沙田,,,,,,,,游水,,
H382,25/06/2025,踱步,沙田,內圈,沙田 內圈,,,,,,助手,,快踱一圈,H,內圈 快踱一圈 (助手)
H382,24/06/2025,快操,沙田,全天候,沙田 全天候,,1.00.3,60.3,32.2 28.1,,助手,,快操,H,32.2 28.1 (1.00.3) (助手)
H382,24/06/2025,踱步,沙田,飛機場,沙田 飛機場,,,,,,助手,,踱步,H,飛機場 踱步 (助手)
H382,23/06/2025,游水,沙田,,沙田,,,,,,,,游水,,
H382,23/06/2025,踱步,沙田,內圈,沙田 內圈,,,,,,助手,,倒快一圈,H,內圈 倒快一圈 (助手)
H382,22/06/2025,游水,沙田,,沙田,,,,,,,,游水,,
H382,22/06/2025,踱步,沙田,內圈,沙田 內圈,,,,,,助手,,快踱一圈,H,內圈 快踱一圈 (助手)
H382,21/06/2025,游水,沙田,,沙田,,,,,,,,游水,,
H382,21/06/2025,踱步,沙田,內圈,沙田 內圈,,,,,,助手,,快踱一圈,H,內圈 快踱一圈 (助手)
H382,20/06/2025,游水,沙田,,沙田,,,,,,,,游水,,
H382,20/06/2025,踱步,沙田,內圈,沙田 內圈,,,,,,助手,,快踱一圈,H,內圈 快踱一圈 (助手)
H382,19/06/2025,游水,沙田,,沙田,,,,,,,,游水,,
H382,19/06/2025,踱步,沙田,內圈,沙田 內圈,,,,,,助手,,倒快一圈,H,內圈 倒快一圈 (助手)
H382,18/06/2025,游水,沙田,,沙田,,,,,,,,游水,,
H382,18/06/2025,踱步,沙田,飛機場,沙田 飛機場,,,,,,助手,,踱步,H,飛機場 踱步 (助手)
H382,14/06/2025,出賽,沙田,草地,沙田 草地,1800M,,,,,蔡明紹,4/14,出賽,B/XB/TT,1800M (蔡明紹) (4/14)
H382,14/06/2025,踱步,沙田,內圈,沙田 內圈,,,,,,助手,,快踱一圈,H,內圈 快踱一圈 (助手)
H382,13/06/2025,游水,沙田,,沙田,,,,,,,,游水,,
H382,13/06/2025,踱步,沙田,內圈,沙田 內圈,,,,,,助手,,快踱一圈,H,內圈 快踱一圈 (助手)
H382,12/06/2025,游水,沙田,,沙田,,,,,,,,游水,,
H382,12/06/2025,踱步,沙田,內圈,沙田 內圈,,,,,,助手,,倒快一圈,H,內圈 倒快一圈 (助手)
H382,11/06/2025,游水,沙田,,沙田,,,,,,,,游水,,
H382,11/06/2025,踱步,沙田,內圈,沙田 內圈,,,,,,助手,,快踱一圈,H,內圈 快踱一圈 (助手)
H382,10/06/2025,快操,沙田,全天候,沙田 全天候,,25.3,25.3,25.3,,副練馬師,,快操,H,25.3 (25.3) (副練馬師)
H382,10/06/2025,踱步,沙田,飛機場,沙田 飛機場,,,,,,副練馬師,,踱步,H,飛機場 踱步 (副練馬師)
H382,09/06/2025,游水,沙田,,沙田,,,,,,,,游水,,
H382,09/06/2025,踱步,沙田,內圈,沙田 內圈,,,,,,助手,,倒快一圈,H,內圈 倒快一圈 (助手)
H382,08/06/2025,游水,沙田,,沙田,,,,,,,,游水,,
H382,08/06/2025,踱步,沙田,飛機場,沙田 飛機場,,,,,,助手,,踱步,H,飛機場 踱步 (助手)
H382,07/06/2025,游水,從化,,從化,,,,,,,,游水,,
H382,07/06/2025,踱步,從化,內圈,從化 內圈,,,,,,助手,,快踱一圈,H/XB,內圈 快踱一圈 (助手)
H382,06/06/2025,快操,從化,全天候,從化 全天候,,26.2,26.2,26.2,,助手,,快操,H/XB,26.2 (26.2) (助手)
H382,06/06/2025,踱步,從化,飛機場,從化 飛機場,,,,,,助手,,踱步,H/XB,飛機場 踱步 (助手)
H382,05/06/2025,游水,從化,,從化,,,,,,,,游水,,
H382,05/06/2025,踱步,從化,內圈,從化 內圈,,,,,,助手,,倒快一圈,H/XB,內圈 倒快一圈 (助手)
H382,04/06/2025,游水,從化,,從化,,,,,,,,游水,,
H382,04/06/2025,踱步,從化,內圈,從化 內圈,,,,,,助手,,快踱一圈,H/XB,內圈 快踱一圈 (助手)
H382,03/06/2025,游水,從化,,從化,,,,,,,,游水,,
H382,03/06/2025,踱步,從化,登山跑道,從化 登山跑道,,,,,,助手,,快踱,H,登山跑道 快踱 (助手)
H382,02/06/2025,快操,從化,全天候,從化 全天候,,53.0,53.0,27.9 25.1,,助手,,快操,H/XB,27.9 25.1 (53.0) (助手)
H382,02/06/2025,踱步,從化,飛機場,從化 飛機場,,,,,,助手,,踱步,H/XB,飛機場 踱步 (助手)
H382,01/06/2025,游水,從化,,從化,,,,,,,,游水,,
H382,01/06/2025,踱步,從化,內圈,從化 內圈,,,,,,助手,,快踱一圈,H/XB,內圈 快踱一圈 (助手)
H382,31/05/2025,游水,從化,,從化,,,,,,,,游水,,
H382,31/05/2025,踱步,從化,登山跑道,從化 登山跑道,,,,,,助手,,快踱,H/XB,登山跑道 快踱 (助手)
H382,30/05/2025,游水,從化,,從化,,,,,,,,游水,,
H382,30/05/2025,踱步,從化,內圈,從化 內圈,,,,,,助手,,快踱一圈,H/XB,內圈 快踱一圈 (助手)
H382,29/05/2025,快操,從化,全天候,從化 全天候,,55.2,55.2,29.3 25.9,,助手,,快操,H/XB,29.3 25.9 (55.2) (助手)
H382,29/05/2025,踱步,從化,飛機場,從化 飛機場,,,,,,助手,,踱步,H/XB,飛機場 踱步 (助手)
H382,28/05/2025,游水,從化,,從化,,,,,,,,游水,,
H382,28/05/2025,踱步,從化,內圈,從化 內圈,,,,,,助手,,快踱一圈,H/XB,內圈 快踱一圈 (助手)
H382,27/05/2025,游水,從化,,從化,,,,,,,,游水,,
H382,27/05/2025,踱步,從化,登山跑道,從化 登山跑道,,,,,,助手,,快踱,H,登山跑道 快踱 (助手)
H382,26/05/2025,游水,從化,,從化,,,,,,,,游水,,
H382,26/05/2025,踱步,從化,內圈,從化 內圈,,,,,,助手,,倒快一圈,H/XB,內圈 倒快一圈 (助手)
H382,25/05/2025,游水,從化,,從化,,,,,,,,游水,,
H382,25/05/2025,快操,從化,全天候,從化 全天候,,28.4,28.4,28.4,,助手,,快操,H/XB,28.4 (28.4) (助手)
H382,25/05/2025,踱步,從化,飛機場,從化 飛機場,,,,,,助手,,踱步,H/XB,飛機場 踱步 (助手)
H382,24/05/2025,游水,從化,,從化,,,,,,,,游水,,
H382,24/05/2025,踱步,從化,內圈,從化 內圈,,,,,,助手,,快踱一圈,H/XB,內圈 快踱一圈 (助手)
H382,23/05/2025,游水,從化,,從化,,,,,,,,游水,,
H382,23/05/2025,踱步,從化,飛機場,從化 飛機場,,,,,,助手,,踱步,,飛機場 踱步 (助手)
H382,21/05/2025,游水,沙田,,沙田,,,,,,,,游水,,
H382,18/05/2025,出賽,沙田,草地,沙田 草地,1800M,,,,,蔡明紹,2/14,出賽,B/XB/TT,1800M (蔡明紹) (2/14)
H382,18/05/2025,踱步,沙田,內圈,沙田 內圈,,,,,,助手,,快踱一圈,H,內圈 快踱一圈 (助手)
H382,17/05/2025,游水,沙田,,沙田,,,,,,,,游水,,
H382,17/05/2025,踱步,沙田,內圈,沙田 內圈,,,,,,助手,,快踱一圈,H,內圈 快踱一圈 (助手)
H382,16/05/2025,游水,沙田,,沙田,,,,,,,,游水,,
H382,16/05/2025,踱步,沙田,內圈,沙田 內圈,,,,,,助手,,快踱一圈,H,內圈 快踱一圈 (助手)
H382,15/05/2025,游水,沙田,,沙田,,,,,,,,游水,,
H382,15/05/2025,踱步,沙田,內圈,沙田 內圈,,,,,,助手,,倒快一圈,H,內圈 倒快一圈 (助手)
H382,14/05/2025,快操,沙田,全天候,沙田 全天候,,26.3,26.3,26.3,,副練馬師,,快操,H,26.3 (26.3) (副練馬師)
H382,14/05/2025,踱步,沙田,飛機場,沙田 飛機場,,,,,,副練馬師,,踱步,H,飛機場 踱步 (副練馬師)
H382,13/05/2025,游水,沙田,,沙田,,,,,,,,游水,,
H382,13/05/2025,踱步,沙田,內圈,沙田 內圈,,,,,,助手,,快踱一圈,H,內圈 快踱一圈 (助手)
H382,12/05/2025,游水,沙田,,沙田,,,,,,,,游水,,
H382,12/05/2025,踱步,沙田,內圈,沙田 內圈,,,,,,助手,,倒快一圈,H,內圈 倒快一圈 (助手)
H382,11/05/2025,游水,沙田,,沙田,,,,,,,,游水,,
H382,10/05/2025,快操,從化,全天候,從化 全天候,,59.5,59.5,33.3 26.2,,助手,,快操,H/XB,33.3 26.2 (59.5) (助手)
H382,10/05/2025,踱步,從化,飛機場,從化 飛機場,,,,,,助手,,踱步,H/XB,飛機場 踱步 (助手)
H382,09/05/2025,游水,從化,,從化,,,,,,,,游水,,
H382,09/05/2025,踱步,從化,內圈,從化 內圈,,,,,,助手,,快踱一圈,H/XB,內圈 快踱一圈 (助手)
H382,08/05/2025,游水,從化,,從化,,,,,,,,游水,,
H382,08/05/2025,踱步,從化,內圈,從化 內圈,,,,,,助手,,倒快一圈,H/XB,內圈 倒快一圈 (助手)
H382,07/05/2025,游水,從化,,從化,,,,,,,,游水,,
H382,07/05/2025,踱步,從化,登山跑道,從化 登山跑道,,,,,,助手,,快踱,H,登山跑道 快踱 (助手)
H382,06/05/2025,快操,從化,全天候,從化 全天候,,54.5,54.5,28.6 25.9,,助手,,快操,H,28.6 25.9 (54.5) (助手)
H382,06/05/2025,踱步,從化,飛機場,從化 飛機場,,,,,,助手,,踱步,H,飛機場 踱步 (助手)
H382,05/05/2025,游水,從化,,從化,,,,,,,,游水,,
H382,05/05/2025,踱步,從化,內圈,從化 內圈,,,,,,助手,,倒快一圈,H/XB,內圈 倒快一圈 (助手)
H382,04/05/2025,游水,從化,,從化,,,,,,,,游水,,
H382,04/05/2025,踱步,從化,內圈,從化 內圈,,,,,,助手,,快踱一圈,H/XB,內圈 快踱一圈 (助手)
H382,03/05/2025,游水,從化,,從化,,,,,,,,游水,,
H382,03/05/2025,踱步,從化,登山跑道,從化 登山跑道,,,,,,助手,,快踱,H/XB,登山跑道 快踱 (助手)
H382,02/05/2025,快操,從化,全天候,從化 全天候,,54.9,54.9,29.5 25.4,,助手,,快操,H/XB,29.5 25.4 (54.9) (助手)
H382,02/05/2025,踱步,從化,飛機場,從化 飛機場,,,,,,助手,,踱步,H/XB,飛機場 踱步 (助手)
H382,01/05/2025,游水,從化,,從化,,,,,,,,游水,,
H382,01/05/2025,踱步,從化,內圈,從化 內圈,,,,,,助手,,倒快一圈,H/XB,內圈 倒快一圈 (助手)
H382,30/04/2025,游水,從化,,從化,,,,,,,,游水,,
H382,30/04/2025,踱步,從化,內圈,從化 內圈,,,,,,助手,,快踱一圈,H/XB,內圈 快踱一圈 (助手)
H382,29/04/2025,游水,從化,,從化,,,,,,,,游水,,
H382,29/04/2025,踱步,從化,登山跑道,從化 登山跑道,,,,,,助手,,快踱,H/XB,登山跑道 快踱 (助手)
H382,28/04/2025,游水,從化,,從化,,,,,,,,游水,,
H382,28/04/2025,快操,從化,全天候,從化 全天候,,28.3,28.3,28.3,,助手,,快操,H/XB,28.3 (28.3) (助手)
H382,28/04/2025,踱步,從化,飛機場,從化 飛機場,,,,,,助手,,踱步,H/XB,飛機場 踱步 (助手)
H382,27/04/2025,游水,從化,,從化,,,,,,,,游水,,
H382,27/04/2025,踱步,從化,內圈,從化 內圈,,,,,,助手,,快踱一圈,H/XB,內圈 快踱一圈 (助手)
H382,26/04/2025,游水,從化,,從化,,,,,,,,游水,,
H382,26/04/2025,踱步,從化,內圈,從化 內圈,,,,,,助手,,快踱一圈,H/XB,內圈 快踱一圈 (助手)
H382,25/04/2025,游水,從化,,從化,,,,,,,,游水,,
H382,25/04/2025,踱步,從化,內圈,從化 內圈,,,,,,助手,,快踱一圈,H/XB,內圈 快踱一圈 (助手)
H382,24/04/2025,游水,從化,,從化,,,,,,,,游水,,
H382,24/04/2025,踱步,從化,飛機場,從化 飛機場,,,,,,助手,,踱步,,飛機場 踱步 (助手)
H382,23/04/2025,游水,沙田,,沙田,,,,,,,,游水,,
H382,20/04/2025,出賽,沙田,草地,沙田 草地,1600M,,,,,蔡明紹,4/14,出賽,XB/B1/TT,1600M (蔡明紹) (4/14)
H382,20/04/2025,踱步,沙田,內圈,沙田 內圈,,,,,,助手,,快踱一圈,H,內圈 快踱一圈 (助手)
H382,19/04/2025,游水,沙田,,沙田,,,,,,,,游水,,
H382,19/04/2025,踱步,沙田,內圈,沙田 內圈,,,,,,助手,,快踱一圈,H,內圈 快踱一圈 (助手)
H382,18/04/2025,游水,沙田,,沙田,,,,,,,,游水,,
H382,18/04/2025,踱步,沙田,內圈,沙田 內圈,,,,,,助手,,快踱一圈,H,內圈 快踱一圈 (助手)
H382,17/04/2025,游水,沙田,,沙田,,,,,,,,游水,,
H382,17/04/2025,踱步,沙田,內圈,沙田 內圈,,,,,,助手,,倒快一圈,H,內圈 倒快一圈 (助手)
H382,16/04/2025,快操,沙田,全天候,沙田 全天候,,26.5,26.5,26.5,,副練馬師,,快操,H,26.5 (26.5) (副練馬師)
H382,16/04/2025,踱步,沙田,飛機場,沙田 飛機場,,,,,,副練馬師,,踱步,H,飛機場 踱步 (副練馬師)
H382,15/04/2025,游水,沙田,,沙田,,,,,,,,游水,,
H382,15/04/2025,踱步,沙田,內圈,沙田 內圈,,,,,,助手,,快踱一圈,H,內圈 快踱一圈 (助手)
H382,14/04/2025,游水,沙田,,沙田,,,,,,,,游水,,
H382,14/04/2025,踱步,沙田,內圈,沙田 內圈,,,,,,助手,,倒快一圈,H,內圈 倒快一圈 (助手)
H382,13/04/2025,游水,沙田,,沙田,,,,,,,,游水,,
H382,12/04/2025,快操,從化,全天候,從化 全天候,,56.4,56.4,30.5 25.9,,助手,,快操,B/XB,30.5 25.9 (56.4) (助手)
H382,12/04/2025,踱步,從化,飛機場,從化 飛機場,,,,,,助手,,踱步,B/XB,飛機場 踱步 (助手)
H382,11/04/2025,游水,從化,,從化,,,,,,,,游水,,
H382,11/04/2025,踱步,從化,內圈,從化 內圈,,,,,,助手,,快踱一圈,H,內圈 快踱一圈 (助手)
H382,10/04/2025,游水,從化,,從化,,,,,,,,游水,,
H382,10/04/2025,踱步,從化,內圈,從化 內圈,,,,,,助手,,倒快一圈,H,內圈 倒快一圈 (助手)
H382,09/04/2025,游水,從化,,從化,,,,,,,,游水,,
H382,09/04/2025,踱步,從化,內圈,從化 內圈,,,,,,助手,,快踱一圈,H,內圈 快踱一圈 (助手)
H382,08/04/2025,快操,從化,草閘,從化 草閘,,52.1,52.1,27.8 24.3,,助手,,快操,B/XB,27.8 24.3 (52.1) (助手)
H382,08/04/2025,踱步,從化,飛機場,從化 飛機場,,,,,,助手,,踱步,B/XB,飛機場 踱步 (助手)
H382,07/04/2025,游水,從化,,從化,,,,,,,,游水,,
H382,07/04/2025,踱步,從化,內圈,從化 內圈,,,,,,助手,,倒快一圈,H/XB,內圈 倒快一圈 (助手)
H382,06/04/2025,游水,從化,,從化,,,,,,,,游水,,
H382,06/04/2025,踱步,從化,內圈,從化 內圈,,,,,,助手,,快踱一圈,H,內圈 快踱一圈 (助手)
H382,05/04/2025,游水,從化,,從化,,,,,,,,游水,,
H382,05/04/2025,踱步,從化,登山跑道,從化 登山跑道,,,,,,助手,,快踱,H,登山跑道 快踱 (助手)
H382,04/04/2025,快操,從化,全天候,從化 全天候,,53.7,53.7,27.7 26.0,,助手,,快操,H,27.7 26.0 (53.7) (助手)
H382,04/04/2025,踱步,從化,飛機場,從化 飛機場,,,,,,助手,,踱步,H,飛機場 踱步 (助手)
H382,03/04/2025,游水,從化,,從化,,,,,,,,游水,,
H382,03/04/2025,踱步,從化,內圈,從化 內圈,,,,,,助手,,倒快一圈,H,內圈 倒快一圈 (助手)
H382,02/04/2025,游水,從化,,從化,,,,,,,,游水,,
H382,02/04/2025,踱步,從化,登山跑道,從化 登山跑道,,,,,,助手,,快踱,H,登山跑道 快踱 (助手)
H382,01/04/2025,游水,從化,,從化,,,,,,,,游水,,
H382,01/04/2025,踱步,從化,登山跑道,從化 登山跑道,,,,,,助手,,快踱,H,登山跑道 快踱 (助手)
H382,31/03/2025,游水,從化,,從化,,,,,,,,游水,,
H382,31/03/2025,快操,從化,全天候,從化 全天候,,29.2,29.2,29.2,,助手,,快操,H,29.2 (29.2) (助手)
H382,31/03/2025,踱步,從化,飛機場,從化 飛機場,,,,,,助手,,踱步,H,飛機場 踱步 (助手)
H382,30/03/2025,游水,從化,,從化,,,,,,,,游水,,
H382,30/03/2025,踱步,從化,內圈,從化 內圈,,,,,,助手,,快踱一圈,H,內圈 快踱一圈 (助手)
H382,29/03/2025,游水,從化,,從化,,,,,,,,游水,,
H382,29/03/2025,踱步,從化,登山跑道,從化 登山跑道,,,,,,助手,,快踱,H,登山跑道 快踱 (助手)
H382,28/03/2025,游水,從化,,從化,,,,,,,,游水,,
H382,28/03/2025,踱步,從化,內圈,從化 內圈,,,,,,助手,,快踱一圈,H,內圈 快踱一圈 (助手)
H382,27/03/2025,游水,從化,,從化,,,,,,,,游水,,
H382,27/03/2025,踱步,從化,飛機場,從化 飛機場,,,,,,助手,,踱步,,飛機場 踱步 (助手)
H382,26/03/2025,游水,沙田,,沙田,,,,,,,,游水,,
H382,23/03/2025,出賽,沙田,草地,沙田 草地,1400M,,,,,蔡明紹,14/14,出賽,XB/TT,1400M (蔡明紹) (14/14)
H382,23/03/2025,踱步,沙田,內圈,沙田 內圈,,,,,,助手,,快踱一圈,H,內圈 快踱一圈 (助手)
H382,22/03/2025,游水,沙田,,沙田,,,,,,,,游水,,
H382,22/03/2025,踱步,沙田,內圈,沙田 內圈,,,,,,助手,,快踱一圈,H,內圈 快踱一圈 (助手)
H382,21/03/2025,游水,沙田,,沙田,,,,,,,,游水,,
H382,21/03/2025,踱步,沙田,內圈,沙田 內圈,,,,,,助手,,快踱一圈,H,內圈 快踱一圈 (助手)
H382,20/03/2025,游水,沙田,,沙田,,,,,,,,游水,,
H382,20/03/2025,踱步,沙田,內圈,沙田 內圈,,,,,,助手,,倒快一圈,H,內圈 倒快一圈 (助手)
H382,19/03/2025,快操,沙田,全天候,沙田 全天候,,26.2,26.2,26.2,,副練馬師,,快操,H,26.2 (26.2) (副練馬師)
H382,19/03/2025,踱步,沙田,飛機場,沙田 飛機場,,,,,,副練馬師,,踱步,H,飛機場 踱步 (副練馬師)
H382,18/03/2025,游水,沙田,,沙田,,,,,,,,游水,,
H382,17/03/2025,游水,沙田,,沙田,,,,,,,,游水,,
H382,17/03/2025,踱步,沙田,內圈,沙田 內圈,,,,,,助手,,倒快一圈,H,內圈 倒快一圈 (助手)
H382,16/03/2025,游水,沙田,,沙田,,,,,,,,游水,,
H382,16/03/2025,踱步,沙田,飛機場,沙田 飛機場,,,,,,助手,,踱步,H,飛機場 踱步 (助手)
H382,15/03/2025,快操,從化,全天候,從化 全天候,,53.8,53.8,28.0 25.8,,助手,,快操,H,28.0 25.8 (53.8) (助手)
H382,15/03/2025,踱步,從化,飛機場,從化 飛機場,,,,,,助手,,踱步,H,飛機場 踱步 (助手)
H382,14/03/2025,游水,從化,,從化,,,,,,,,游水,,
H382,14/03/2025,踱步,從化,內圈,從化 內圈,,,,,,助手,,快踱一圈,H/XB,內圈 快踱一圈 (助手)
H382,13/03/2025,游水,從化,,從化,,,,,,,,游水,,
H382,13/03/2025,踱步,從化,內圈,從化 內圈,,,,,,助手,,倒快一圈,H/XB,內圈 倒快一圈 (助手)
H382,12/03/2025,游水,從化,,從化,,,,,,,,游水,,
H382,12/03/2025,踱步,從化,登山跑道,從化 登山跑道,,,,,,助手,,快踱,H,登山跑道 快踱 (助手)
H382,11/03/2025,快操,從化,登山跑道,從化 登山跑道,,55.4,55.4,29.5 25.9,,助手,,快操,H,29.5 25.9 (55.4) (助手)
H382,11/03/2025,踱步,從化,飛機場,從化 飛機場,,,,,,助手,,踱步,H,飛機場 踱步 (助手)
H382,10/03/2025,游水,從化,,從化,,,,,,,,游水,,
H382,10/03/2025,踱步,從化,內圈,從化 內圈,,,,,,助手,,倒快一圈,H/XB,內圈 倒快一圈 (助手)
H382,09/03/2025,游水,從化,,從化,,,,,,,,游水,,
H382,09/03/2025,踱步,從化,內圈,從化 內圈,,,,,,助手,,快踱一圈,H/XB,內圈 快踱一圈 (助手)
H382,08/03/2025,游水,從化,,從化,,,,,,,,游水,,
H382,08/03/2025,踱步,從化,登山跑道,從化 登山跑道,,,,,,助手,,快踱,H/XB,登山跑道 快踱 (助手)
H382,07/03/2025,快操,從化,全天候,從化 全天候,,53.1,53.1,28.0 25.1,,助手,,快操,H,28.0 25.1 (53.1) (助手)
H382,07/03/2025,踱步,從化,飛機場,從化 飛機場,,,,,,助手,,踱步,H,飛機場 踱步 (助手)
H382,06/03/2025,游水,從化,,從化,,,,,,,,游水,,
H382,06/03/2025,踱步,從化,內圈,從化 內圈,,,,,,助手,,倒快一圈,H,內圈 倒快一圈 (助手)
H382,05/03/2025,游水,從化,,從化,,,,,,,,游水,,
H382,05/03/2025,踱步,從化,登山跑道,從化 登山跑道,,,,,,助手,,快踱,H,登山跑道 快踱 (助手)
H382,04/03/2025,游水,從化,,從化,,,,,,,,游水,,
H382,04/03/2025,踱步,從化,登山跑道,從化 登山跑道,,,,,,助手,,快踱,H/XB,登山跑道 快踱 (助手)
H382,03/03/2025,快操,從化,全天候,從化 全天候,,53.5,53.5,29.0 24.5,,助手,,快操,H/XB,29.0 24.5 (53.5) (助手)
H382,03/03/2025,踱步,從化,飛機場,從化 飛機場,,,,,,助手,,踱步,H/XB,飛機場 踱步 (助手)
H382,02/03/2025,游水,從化,,從化,,,,,,,,游水,,
H382,02/03/2025,踱步,從化,內圈,從化 內圈,,,,,,助手,,快踱一圈,H/XB,內圈 快踱一圈 (助手)
H382,01/03/2025,游水,從化,,從化,,,,,,,,游水,,
H382,01/03/2025,踱步,從化,登山跑道,從化 登山跑道,,,,,,助手,,快踱,H,登山跑道 快踱 (助手)
H382,28/02/2025,快操,從化,全天候,從化 全天候,,54.8,54.8,28.5 26.3,,助手,,快操,H/XB,28.5 26.3 (54.8) (助手)
H382,28/02/2025,踱步,從化,飛機場,從化 飛機場,,,,,,助手,,踱步,H/XB,飛機場 踱步 (助手)
H382,27/02/2025,游水,從化,,從化,,,,,,,,游水,,
H382,27/02/2025,踱步,從化,內圈,從化 內圈,,,,,,助手,,倒快一圈,H,內圈 倒快一圈 (助手)
H382,26/02/2025,游水,從化,,從化,,,,,,,,游水,,
H382,26/02/2025,踱步,從化,登山跑道,從化 登山跑道,,,,,,助手,,快踱,H,登山跑道 快踱 (助手)
H382,25/02/2025,游水,從化,,從化,,,,,,,,游水,,
H382,25/02/2025,踱步,從化,登山跑道,從化 登山跑道,,,,,,助手,,快踱,H,登山跑道 快踱 (助手)
H382,24/02/2025,游水,從化,,從化,,,,,,,,游水,,
H382,24/02/2025,踱步,從化,內圈,從化 內圈,,,,,,助手,,倒快一圈,H,內圈 倒快一圈 (助手)
H382,23/02/2025,游水,從化,,從化,,,,,,,,游水,,
H382,23/02/2025,踱步,從化,內圈,從化 內圈,,,,,,助手,,快踱一圈,H,內圈 快踱一圈 (助手)
H382,22/02/2025,游水,從化,,從化,,,,,,,,游水,,
H382,22/02/2025,踱步,從化,登山跑道,從化 登山跑道,,,,,,助手,,快踱,H,登山跑道 快踱 (助手)
H382,21/02/2025,游水,從化,,從化,,,,,,,,游水,,
H382,20/02/2025,試閘,從化,全天候,從化 全天候,1200M,1.11.14,71.14,25.7 22.7 22.7,雙贏,曾佳興,,第3組,XB,第3組 (曾佳興) 1200M 雙贏 25.7 22.7 22.7 (1.11.14)
H382,20/02/2025,踱步,從化,飛機場,從化 飛機場,,,,,,助手,,踱步,XB,飛機場 踱步 (助手)
H382,19/02/2025,游水,從化,,從化,,,,,,,,游水,,
H382,19/02/2025,踱步,從化,登山跑道,從化 登山跑道,,,,,,助手,,快踱,H/XB,登山跑道 快踱 (助手)
H382,18/02/2025,游水,從化,,從化,,,,,,,,游水,,
H382,18/02/2025,踱步,從化,登山跑道,從化 登山跑道,,,,,,助手,,快踱,H/XB,登山跑道 快踱 (助手)
H382,17/02/2025,游水,從化,,從化,,,,,,,,游水,,
H382,17/02/2025,踱步,從化,內圈,從化 內圈,,,,,,助手,,倒快一圈,H/XB,內圈 倒快一圈 (助手)
H382,16/02/2025,快操,從化,全天候,從化 全天候,,52.8,52.8,28.4 24.4,,助手,,快操,H/XB,28.4 24.4 (52.8) (助手)
H382,16/02/2025,踱步,從化,飛機場,從化 飛機場,,,,,,助手,,踱步,H/XB,飛機場 踱步 (助手)
H382,15/02/2025,游水,從化,,從化,,,,,,,,游水,,
H382,15/02/2025,踱步,從化,登山跑道,從化 登山跑道,,,,,,助手,,快踱,H/XB,登山跑道 快踱 (助手)
H382,14/02/2025,游水,從化,,從化,,,,,,,,游水,,
H382,14/02/2025,踱步,從化,內圈,從化 內圈,,,,,,助手,,快踱一圈,H,內圈 快踱一圈 (助手)
H382,13/02/2025,游水,從化,,從化,,,,,,,,游水,,
H382,13/02/2025,踱步,從化,內圈,從化 內圈,,,,,,助手,,倒快一圈,H,內圈 倒快一圈 (助手)
H382,12/02/2025,快操,從化,全天候,從化 全天候,,51.7,51.7,27.4 24.3,,助手,,快操,H,27.4 24.3 (51.7) (助手)
H382,12/02/2025,踱步,從化,飛機場,從化 飛機場,,,,,,助手,,踱步,H,飛機場 踱步 (助手)
H382,11/02/2025,游水,從化,,從化,,,,,,,,游水,,
H382,11/02/2025,踱步,從化,登山跑道,從化 登山跑道,,,,,,助手,,快踱,H,登山跑道 快踱 (助手)
H382,10/02/2025,游水,從化,,從化,,,,,,,,游水,,
H382,10/02/2025,踱步,從化,內圈,從化 內圈,,,,,,助手,,倒快一圈,H/XB,內圈 倒快一圈 (助手)
H382,09/02/2025,游水,從化,,從化,,,,,,,,游水,,
H382,09/02/2025,踱步,從化,內圈,從化 內圈,,,,,,助手,,快踱一圈,H,內圈 快踱一圈 (助手)
H382,08/02/2025,游水,從化,,從化,,,,,,,,游水,,
H382,08/02/2025,踱步,從化,登山跑道,從化 登山跑道,,,,,,助手,,快踱,H,登山跑道 快踱 (助手)
H382,07/02/2025,游水,從化,,從化,,,,,,,,游水,,
H382,06/02/2025,試閘,從化,全天候,從化 全天候,1200M,1.11.69,71.69,26.2 23.2 22.2,嘉應勇士,查本楠,,第3組,XB,第3組 (查本楠) 1200M 嘉應勇士 26.2 23.2 22.2 (1.11.69)
H382,06/02/2025,踱步,從化,飛機場,從化 飛機場,,,,,,助手,,踱步,XB,飛機場 踱步 (助手)
H382,05/02/2025,游水,從化,,從化,,,,,,,,游水,,
H382,05/02/2025,踱步,從化,登山跑道,從化 登山跑道,,,,,,助手,,快踱,H,登山跑道 快踱 (助手)
H382,04/02/2025,游水,從化,,從化,,,,,,,,游水,,
H382,04/02/2025,踱步,從化,登山跑道,從化 登山跑道,,,,,,助手,,快踱,H/XB,登山跑道 快踱 (助手)
H382,03/02/2025,游水,從化,,從化,,,,,,,,游水,,
H382,03/02/2025,踱步,從化,內圈,從化 內圈,,,,,,助手,,倒快一圈,H/XB,內圈 倒快一圈 (助手)
H382,02/02/2025,游水,從化,,從化,,,,,,,,游水,,
H382,02/02/2025,踱步,從化,內圈,從化 內圈,,,,,,助手,,快踱一圈,H/XB,內圈 快踱一圈 (助手)
H382,01/02/2025,快操,從化,全天候,從化 全天候,,53.8,53.8,29.6 24.2,,助手,,快操,H/XB,29.6 24.2 (53.8) (助手)
H382,01/02/2025,踱步,從化,飛機場,從化 飛機場,,,,,,助手,,踱步,H/XB,飛機場 踱步 (助手)
H382,31/01/2025,游水,從化,,從化,,,,,,,,游水,,
H382,31/01/2025,踱步,從化,內圈,從化 內圈,,,,,,助手,,快踱一圈,H/XB,內圈 快踱一圈 (助手)
H382,30/01/2025,游水,從化,,從化,,,,,,,,游水,,
H382,30/01/2025,踱步,從化,內圈,從化 內圈,,,,,,助手,,倒快一圈,H/XB,內圈 倒快一圈 (助手)
H382,28/01/2025,快操,從化,全天候,從化 全天候,,56.2,56.2,30.6 25.6,,助手,,快操,H/XB,30.6 25.6 (56.2) (助手)
H382,28/01/2025,踱步,從化,飛機場,從化 飛機場,,,,,,助手,,踱步,H/XB,飛機場 踱步 (助手)
H382,27/01/2025,游水,從化,,從化,,,,,,,,游水,,
H382,27/01/2025,踱步,從化,內圈,從化 內圈,,,,,,助手,,倒快一圈,H/XB,內圈 倒快一圈 (助手)
H382,26/01/2025,游水,從化,,從化,,,,,,,,游水,,
H382,26/01/2025,踱步,從化,內圈,從化 內圈,,,,,,助手,,快踱一圈,H/XB,內圈 快踱一圈 (助手)
H382,25/01/2025,游水,從化,,從化,,,,,,,,游水,,
H382,25/01/2025,踱步,從化,登山跑道,從化 登山跑道,,,,,,助手,,快踱,H,登山跑道 快踱 (助手)
H382,24/01/2025,快操,從化,全天候,從化 全天候,,59.2,59.2,32.3 26.9,,助手,,快操,H,32.3 26.9 (59.2) (助手)
H382,24/01/2025,踱步,從化,飛機場,從化 飛機場,,,,,,助手,,踱步,H,飛機場 踱步 (助手)
H382,23/01/2025,游水,從化,,從化,,,,,,,,游水,,
H382,23/01/2025,踱步,從化,內圈,從化 內圈,,,,,,助手,,倒快一圈,H/XB,內圈 倒快一圈 (助手)
H382,22/01/2025,游水,從化,,從化,,,,,,,,游水,,
H382,22/01/2025,踱步,從化,登山跑道,從化 登山跑道,,,,,,助手,,快踱,H/XB,登山跑道 快踱 (助手)
H382,21/01/2025,游水,從化,,從化,,,,,,,,游水,,
H382,21/01/2025,踱步,從化,登山跑道,從化 登山跑道,,,,,,助手,,快踱,H,登山跑道 快踱 (助手)
H382,20/01/2025,快操,從化,全天候,從化 全天候,,55.7,55.7,30.7 25.0,,助手,,快操,H,30.7 25.0 (55.7) (助手)
H382,20/01/2025,踱步,從化,飛機場,從化 飛機場,,,,,,助手,,踱步,H,飛機場 踱步 (助手)
H382,19/01/2025,游水,從化,,從化,,,,,,,,游水,,
H382,19/01/2025,踱步,從化,內圈,從化 內圈,,,,,,助手,,快踱一圈,H,內圈 快踱一圈 (助手)
H382,18/01/2025,游水,從化,,從化,,,,,,,,游水,,
H382,18/01/2025,踱步,從化,登山跑道,從化 登山跑道,,,,,,助手,,快踱,H,登山跑道 快踱 (助手)
H382,17/01/2025,游水,從化,,從化,,,,,,,,游水,,
H382,17/01/2025,踱步,從化,內圈,從化 內圈,,,,,,助手,,快踱一圈,H,內圈 快踱一圈 (助手)
H382,16/01/2025,快操,從化,全天候,從化 全天候,,55.7,55.7,30.3 25.4,,助手,,快操,H/XB,30.3 25.4 (55.7) (助手)
H382,16/01/2025,踱步,從化,飛機場,從化 飛機場,,,,,,助手,,踱步,H/XB,飛機場 踱步 (助手)
H382,15/01/2025,游水,從化,,從化,,,,,,,,游水,,
H382,15/01/2025,踱步,從化,內圈,從化 內圈,,,,,,助手,,快踱一圈,H,內圈 快踱一圈 (助手)
H382,14/01/2025,游水,從化,,從化,,,,,,,,游水,,
H382,14/01/2025,踱步,從化,內圈,從化 內圈,,,,,,助手,,快踱一圈,H,內圈 快踱一圈 (助手)
H382,13/01/2025,游水,從化,,從化,,,,,,,,游水,,
H382,13/01/2025,踱步,從化,內圈,從化 內圈,,,,,,助手,,倒快一圈,H,內圈 倒快一圈 (助手)
H382,12/01/2025,快操,從化,全天候,從化 全天候,,59.1,59.1,33.8 25.3,,助手,,快操,H/XB,33.8 25.3 (59.1) (助手)
H382,12/01/2025,踱步,從化,飛機場,從化 飛機場,,,,,,助手,,踱步,H/XB,飛機場 踱步 (助手)
H382,11/01/2025,游水,從化,,從化,,,,,,,,游水,,
H382,11/01/2025,踱步,從化,登山跑道,從化 登山跑道,,,,,,助手,,快踱,H,登山跑道 快踱 (助手)
H382,10/01/2025,游水,從化,,從化,,,,,,,,游水,,
H382,10/01/2025,踱步,從化,內圈,從化 內圈,,,,,,助手,,快踱一圈,H,內圈 快踱一圈 (助手)
H382,09/01/2025,游水,從化,,從化,,,,,,,,游水,,
H382,09/01/2025,踱步,從化,內圈,從化 內圈,,,,,,助手,,倒快一圈,H,內圈 倒快一圈 (助手)
H382,08/01/2025,快操,從化,全天候,從化 全天候,,28.2,28.2,28.2,,助手,,快操,H,28.2 (28.2) (助手)
H382,08/01/2025,踱步,從化,飛機場,從化 飛機場,,,,,,助手,,踱步,H,飛機場 踱步 (助手)
H382,07/01/2025,游水,從化,,從化,,,,,,,,游水,,
H382,07/01/2025,踱步,從化,登山跑道,從化 登山跑道,,,,,,助手,,快踱,H,登山跑道 快踱 (助手)
H382,06/01/2025,游水,從化,,從化,,,,,,,,游水,,
H382,06/01/2025,踱步,從化,內圈,從化 內圈,,,,,,助手,,倒快一圈,H,內圈 倒快一圈 (助手)
H382,05/01/2025,游水,從化,,從化,,,,,,,,游水,,
H382,05/01/2025,踱步,從化,內圈,從化 內圈,,,,,,助手,,快踱一圈,H,內圈 快踱一圈 (助手)
H382,04/01/2025,游水,從化,,從化,,,,,,,,游水,,
H382,04/01/2025,快操,從化,全天候,從化 全天候,,28.7,28.7,28.7,,助手,,快操,H/XB,28.7 (28.7) (助手)
H382,04/01/2025,踱步,從化,飛機場,從化 飛機場,,,,,,助手,,踱步,H/XB,飛機場 踱步 (助手)
H382,03/01/2025,游水,從化,,從化,,,,,,,,游水,,
H382,03/01/2025,踱步,從化,內圈,從化 內圈,,,,,,助手,,快踱一圈,H,內圈 快踱一圈 (助手)
H382,02/01/2025,游水,從化,,從化,,,,,,,,游水,,
H382,02/01/2025,踱步,從化,內圈,從化 內圈,,,,,,助手,,倒快一圈,H,內圈 倒快一圈 (助手)
H382,01/01/2025,游水,從化,,從化,,,,,,,,游水,,
H382,01/01/2025,踱步,從化,登山跑道,從化 登山跑道,,,,,,助手,,快踱,H,登山跑道 快踱 (助手)
H382,31/12/2024,游水,從化,,從化,,,,,,,,游水,,
H382,31/12/2024,快操,從化,全天候,從化 全天候,,31.5,31.5,31.5,,助手,,快操,H,31.5 (31.5) (助手)
H382,31/12/2024,踱步,從化,飛機場,從化 飛機場,,,,,,助手,,踱步,H,飛機場 踱步 (助手)
H382,30/12/2024,游水,從化,,從化,,,,,,,,游水,,
H382,30/12/2024,踱步,從化,內圈,從化 內圈,,,,,,助手,,倒快一圈,H,內圈 倒快一圈 (助手)
H382,29/12/2024,游水,從化,,從化,,,,,,,,游水,,
H382,29/12/2024,踱步,從化,內圈,從化 內圈,,,,,,助手,,快踱一圈,H,內圈 快踱一圈 (助手)
H382,28/12/2024,游水,從化,,從化,,,,,,,,游水,,
H382,28/12/2024,踱步,從化,登山跑道,從化 登山跑道,,,,,,助手,,快踱,H,登山跑道 快踱 (助手)
H382,27/12/2024,游水,從化,,從化,,,,,,,,游水,,
H382,27/12/2024,踱步,從化,內圈,從化 內圈,,,,,,助手,,快踱一圈,H,內圈 快踱一圈 (助手)
H382,26/12/2024,游水,從化,,從化,,,,,,,,游水,,
H382,26/12/2024,踱步,從化,內圈,從化 內圈,,,,,,助手,,倒快一圈,H,內圈 倒快一圈 (助手)
H382,25/12/2024,游水,從化,,從化,,,,,,,,游水,,
H382,25/12/2024,踱步,從化,內圈,從化 內圈,,,,,,助手,,快踱一圈,H,內圈 快踱一圈 (助手)
H382,24/12/2024,游水,從化,,從化,,,,,,,,游水,,
H382,24/12/2024,踱步,從化,內圈,從化 內圈,,,,,,助手,,快踱一圈,H,內圈 快踱一圈 (助手)
H382,23/12/2024,游水,從化,,從化,,,,,,,,游水,,
H382,23/12/2024,踱步,從化,內圈,從化 內圈,,,,,,助手,,倒快一圈,H,內圈 倒快一圈 (助手)
H382,22/12/2024,游水,從化,,從化,,,,,,,,游水,,
H382,22/12/2024,踱步,從化,內圈,從化 內圈,,,,,,助手,,快踱一圈,H,內圈 快踱一圈 (助手)
H382,21/12/2024,踱步,從化,內圈,從化 內圈,,,,,,助手,,快踱一圈,H,內圈 快踱一圈 (助手)
H382,20/12/2024,踱步,從化,飛機場,從化 飛機場,,,,,,助手,,踱步,,飛機場 踱步 (助手)
H382,19/12/2024,踱步,從化,飛機場,從化 飛機場,,,,,,助手,,踱步,,飛機場 踱步 (助手)
H382,18/12/2024,踱步,從化,飛機場,從化 飛機場,,,,,,助手,,踱步,,飛機場 踱步 (助手)
H382,17/12/2024,踱步,從化,飛機場,從化 飛機場,,,,,,助手,,踱步,,飛機場 踱步 (助手)
H382,16/12/2024,踱步,從化,飛機場,從化 飛機場,,,,,,助手,,踱步,,飛機場 踱步 (助手)
H382,15/12/2024,踱步,從化,飛機場,從化 飛機場,,,,,,助手,,踱步,,飛機場 踱步 (助手)
H382,20/11/2024,出賽,跑馬地,草地,跑馬地 草地,1650M,,,,,希威森,7/12,出賽,XB/TT,1650M (希威森) (7/12)
H382,20/11/2024,踱步,沙田,內圈,沙田 內圈,,,,,,助手,,快踱一圈,H,內圈 快踱一圈 (助手)
H382,19/11/2024,游水,沙田,,沙田,,,,,,,,游水,,
H382,19/11/2024,踱步,沙田,內圈,沙田 內圈,,,,,,助手,,快踱一圈,H,內圈 快踱一圈 (助手)
H382,18/11/2024,游水,沙田,,沙田,,,,,,,,游水,,
H382,18/11/2024,踱步,沙田,內圈,沙田 內圈,,,,,,助手,,倒快一圈,H,內圈 倒快一圈 (助手)
H382,17/11/2024,游水,沙田,,沙田,,,,,,,,游水,,
H382,17/11/2024,踱步,沙田,內圈,沙田 內圈,,,,,,助手,,快踱一圈,H,內圈 快踱一圈 (助手)
H382,16/11/2024,快操,沙田,全天候,沙田 全天候,,59.4,59.4,33.5 25.9,,希威森,,快操,H,33.5 25.9 (59.4) (希威森)
H382,16/11/2024,踱步,沙田,飛機場,沙田 飛機場,,,,,,希威森,,踱步,,飛機場 踱步 (希威森)
H382,15/11/2024,游水,沙田,,沙田,,,,,,,,游水,,
H382,15/11/2024,踱步,沙田,內圈,沙田 內圈,,,,,,助手,,快踱一圈,H,內圈 快踱一圈 (助手)
H382,14/11/2024,游水,沙田,,沙田,,,,,,,,游水,,
H382,13/11/2024,游水,沙田,,沙田,,,,,,,,游水,,
H382,13/11/2024,踱步,沙田,內圈,沙田 內圈,,,,,,助手,,快踱一圈,H,內圈 快踱一圈 (助手)
H382,12/11/2024,快操,沙田,全天候,沙田 全天候,,27.9,27.9,27.9,,助手,,快操,H,27.9 (27.9) (助手)
H382,12/11/2024,踱步,沙田,飛機場,沙田 飛機場,,,,,,助手,,踱步,H,飛機場 踱步 (助手)
H382,11/11/2024,游水,沙田,,沙田,,,,,,,,游水,,
H382,11/11/2024,踱步,沙田,內圈,沙田 內圈,,,,,,助手,,倒快一圈,H,內圈 倒快一圈 (助手)
H382,10/11/2024,游水,沙田,,沙田,,,,,,,,游水,,
H382,10/11/2024,踱步,沙田,內圈,沙田 內圈,,,,,,助手,,快踱一圈,H,內圈 快踱一圈 (助手)
H382,09/11/2024,游水,沙田,,沙田,,,,,,,,游水,,
H382,09/11/2024,踱步,沙田,內圈,沙田 內圈,,,,,,助手,,快踱一圈,H,內圈 快踱一圈 (助手)
H382,08/11/2024,游水,沙田,,沙田,,,,,,,,游水,,
H382,08/11/2024,踱步,沙田,內圈,沙田 內圈,,,,,,助手,,快踱一圈,H,內圈 快踱一圈 (助手)
H382,07/11/2024,游水,沙田,,沙田,,,,,,,,游水,,
H382,07/11/2024,踱步,沙田,飛機場,沙田 飛機場,,,,,,助手,,踱步,H,飛機場 踱步 (助手)
H382,06/11/2024,游水,沙田,,沙田,,,,,,,,游水,,
H382,05/11/2024,游水,沙田,,沙田,,,,,,,,游水,,
H382,03/11/2024,出賽,沙田,草地,沙田 草地,1400M,,,,,希威森,11/14,出賽,XB/TT,1400M (希威森) (11/14)
H382,03/11/2024,踱步,沙田,內圈,沙田 內圈,,,,,,助手,,快踱一圈,H,內圈 快踱一圈 (助手)
H382,02/11/2024,游水,沙田,,沙田,,,,,,,,游水,,
H382,02/11/2024,踱步,沙田,內圈,沙田 內圈,,,,,,助手,,快踱一圈,H,內圈 快踱一圈 (助手)
H382,01/11/2024,游水,沙田,,沙田,,,,,,,,游水,,
H382,01/11/2024,踱步,沙田,內圈,沙田 內圈,,,,,,助手,,快踱一圈,H,內圈 快踱一圈 (助手)
H382,31/10/2024,游水,沙田,,沙田,,,,,,,,游水,,
H382,31/10/2024,踱步,沙田,內圈,沙田 內圈,,,,,,助手,,倒快一圈,H,內圈 倒快一圈 (助手)
H382,30/10/2024,快操,沙田,全天候,沙田 全天候,,26.0,26.0,26.0,,副練馬師,,快操,H,26.0 (26.0) (副練馬師)
H382,30/10/2024,踱步,沙田,飛機場,沙田 飛機場,,,,,,副練馬師,,踱步,H,飛機場 踱步 (副練馬師)
H382,29/10/2024,游水,沙田,,沙田,,,,,,,,游水,,
H382,29/10/2024,踱步,沙田,內圈,沙田 內圈,,,,,,助手,,快踱一圈,H,內圈 快踱一圈 (助手)
H382,28/10/2024,游水,沙田,,沙田,,,,,,,,游水,,
H382,28/10/2024,踱步,沙田,內圈,沙田 內圈,,,,,,助手,,倒快一圈,H,內圈 倒快一圈 (助手)
H382,27/10/2024,游水,沙田,,沙田,,,,,,,,游水,,
H382,27/10/2024,踱步,沙田,內圈,沙田 內圈,,,,,,助手,,快踱一圈,H,內圈 快踱一圈 (助手)
H382,26/10/2024,快操,沙田,全天候,沙田 全天候,,25.7,25.7,25.7,,副練馬師,,快操,H,25.7 (25.7) (副練馬師)
H382,26/10/2024,踱步,沙田,飛機場,沙田 飛機場,,,,,,副練馬師,,踱步,H,飛機場 踱步 (副練馬師)
H382,25/10/2024,游水,沙田,,沙田,,,,,,,,游水,,
H382,25/10/2024,踱步,沙田,內圈,沙田 內圈,,,,,,助手,,快踱一圈,H,內圈 快踱一圈 (助手)
H382,24/10/2024,游水,沙田,,沙田,,,,,,,,游水,,
H382,23/10/2024,游水,沙田,,沙田,,,,,,,,游水,,
H382,23/10/2024,踱步,沙田,內圈,沙田 內圈,,,,,,助手,,快踱一圈,H,內圈 快踱一圈 (助手)
H382,22/10/2024,游水,沙田,,沙田,,,,,,,,游水,,
H382,22/10/2024,快操,沙田,全天候,沙田 全天候,,29.4,29.4,29.4,,助手,,快操,H,29.4 (29.4) (助手)
H382,22/10/2024,踱步,沙田,飛機場,沙田 飛機場,,,,,,助手,,踱步,H,飛機場 踱步 (助手)
H382,21/10/2024,游水,沙田,,沙田,,,,,,,,游水,,
H382,21/10/2024,踱步,沙田,內圈,沙田 內圈,,,,,,助手,,倒快一圈,H,內圈 倒快一圈 (助手)
H382,20/10/2024,游水,沙田,,沙田,,,,,,,,游水,,
H382,20/10/2024,踱步,沙田,內圈,沙田 內圈,,,,,,助手,,快踱一圈,H,內圈 快踱一圈 (助手)
H382,19/10/2024,游水,沙田,,沙田,,,,,,,,游水,,
H382,19/10/2024,踱步,沙田,內圈,沙田 內圈,,,,,,助手,,快踱一圈,H,內圈 快踱一圈 (助手)
H382,18/10/2024,游水,沙田,,沙田,,,,,,,,游水,,
H382,18/10/2024,踱步,沙田,內圈,沙田 內圈,,,,,,助手,,快踱一圈,H,內圈 快踱一圈 (助手)
H382,17/10/2024,游水,沙田,,沙田,,,,,,,,游水,,
H382,17/10/2024,踱步,沙田,飛機場,沙田 飛機場,,,,,,助手,,踱步,H,飛機場 踱步 (助手)
H382,16/10/2024,游水,沙田,,沙田,,,,,,,,游水,,
H382,13/10/2024,出賽,沙田,草地,沙田 草地,1400M,,,,,希威森,4/14,出賽,XB/TT,1400M (希威森) (4/14)
H382,13/10/2024,踱步,沙田,內圈,沙田 內圈,,,,,,助手,,快踱一圈,H,內圈 快踱一圈 (助手)
H382,12/10/2024,游水,沙田,,沙田,,,,,,,,游水,,
H382,12/10/2024,踱步,沙田,內圈,沙田 內圈,,,,,,助手,,快踱一圈,H,內圈 快踱一圈 (助手)
H382,11/10/2024,游水,沙田,,沙田,,,,,,,,游水,,
H382,11/10/2024,踱步,沙田,飛機場,沙田 飛機場,,,,,,助手,,踱步,H,飛機場 踱步 (助手)
H382,10/10/2024,游水,從化,,從化,,,,,,,,游水,,
H382,10/10/2024,踱步,從化,內圈,從化 內圈,,,,,,助手,,倒快一圈,H,內圈 倒快一圈 (助手)
H382,09/10/2024,快操,從化,全天候,從化 全天候,,25.8,25.8,25.8,,助手,,快操,H,25.8 (25.8) (助手)
H382,09/10/2024,踱步,從化,飛機場,從化 飛機場,,,,,,助手,,踱步,H,飛機場 踱步 (助手)
H382,08/10/2024,游水,從化,,從化,,,,,,,,游水,,
H382,08/10/2024,踱步,從化,內圈,從化 內圈,,,,,,助手,,快踱一圈,H,內圈 快踱一圈 (助手)
H382,07/10/2024,游水,從化,,從化,,,,,,,,游水,,
H382,07/10/2024,踱步,從化,內圈,從化 內圈,,,,,,助手,,倒快一圈,H,內圈 倒快一圈 (助手)
H382,06/10/2024,游水,從化,,從化,,,,,,,,游水,,
H382,06/10/2024,踱步,從化,內圈,從化 內圈,,,,,,助手,,快踱一圈,H,內圈 快踱一圈 (助手)
H382,05/10/2024,快操,從化,全天候,從化 全天候,,55.3,55.3,29.8 25.5,,助手,,快操,H,29.8 25.5 (55.3) (助手)
H382,05/10/2024,踱步,從化,飛機場,從化 飛機場,,,,,,助手,,踱步,H,飛機場 踱步 (助手)
H382,04/10/2024,游水,從化,,從化,,,,,,,,游水,,
H382,04/10/2024,踱步,從化,內圈,從化 內圈,,,,,,助手,,快踱一圈,H,內圈 快踱一圈 (助手)
H382,03/10/2024,游水,從化,,從化,,,,,,,,游水,,
H382,03/10/2024,踱步,從化,內圈,從化 內圈,,,,,,助手,,倒快一圈,H,內圈 倒快一圈 (助手)
H382,02/10/2024,游水,從化,,從化,,,,,,,,游水,,
H382,02/10/2024,踱步,從化,內圈,從化 內圈,,,,,,助手,,快踱一圈,H,內圈 快踱一圈 (助手)
H382,01/10/2024,快操,從化,全天候,從化 全天候,,25.9,25.9,25.9,,助手,,快操,H,25.9 (25.9) (助手)
H382,01/10/2024,踱步,從化,飛機場,從化 飛機場,,,,,,助手,,踱步,H,飛機場 踱步 (助手)
H382,30/09/2024,游水,從化,,從化,,,,,,,,游水,,
H382,30/09/2024,踱步,從化,內圈,從化 內圈,,,,,,助手,,倒快一圈,H,內圈 倒快一圈 (助手)
H382,29/09/2024,游水,從化,,從化,,,,,,,,游水,,
H382,29/09/2024,踱步,從化,內圈,從化 內圈,,,,,,助手,,快踱一圈,H,內圈 快踱一圈 (助手)
H382,28/09/2024,游水,從化,,從化,,,,,,,,游水,,
H382,28/09/2024,踱步,從化,內圈,從化 內圈,,,,,,助手,,快踱一圈,H,內圈 快踱一圈 (助手)
H382,27/09/2024,快操,從化,全天候,從化 全天候,,59.3,59.3,33.8 25.5,,助手,,快操,H,33.8 25.5 (59.3) (助手)
H382,27/09/2024,踱步,從化,飛機場,從化 飛機場,,,,,,助手,,踱步,H,飛機場 踱步 (助手)
H382,26/09/2024,游水,從化,,從化,,,,,,,,游水,,
H382,26/09/2024,踱步,從化,內圈,從化 內圈,,,,,,助手,,倒快一圈,H,內圈 倒快一圈 (助手)
H382,25/09/2024,游水,從化,,從化,,,,,,,,游水,,
H382,25/09/2024,踱步,從化,內圈,從化 內圈,,,,,,助手,,快踱一圈,H,內圈 快踱一圈 (助手)
H382,24/09/2024,游水,從化,,從化,,,,,,,,游水,,
H382,24/09/2024,踱步,從化,內圈,從化 內圈,,,,,,助手,,快踱一圈,H,內圈 快踱一圈 (助手)
H382,23/09/2024,游水,從化,,從化,,,,,,,,游水,,
H382,23/09/2024,快操,從化,全天候,從化 全天候,,28.3,28.3,28.3,,助手,,快操,H,28.3 (28.3) (助手)
H382,23/09/2024,踱步,從化,飛機場,從化 飛機場,,,,,,助手,,踱步,H,飛機場 踱步 (助手)
H382,22/09/2024,游水,從化,,從化,,,,,,,,游水,,
H382,22/09/2024,踱步,從化,內圈,從化 內圈,,,,,,助手,,快踱一圈,H,內圈 快踱一圈 (助手)
H382,21/09/2024,游水,從化,,從化,,,,,,,,游水,,
H382,21/09/2024,踱步,從化,內圈,從化 內圈,,,,,,助手,,快踱一圈,H,內圈 快踱一圈 (助手)
H382,20/09/2024,游水,從化,,從化,,,,,,,,游水,,
H382,20/09/2024,踱步,從化,內圈,從化 內圈,,,,,,助手,,快踱一圈,H,內圈 快踱一圈 (助手)
H382,19/09/2024,游水,從化,,從化,,,,,,,,游水,,
H382,19/09/2024,踱步,從化,飛機場,從化 飛機場,,,,,,助手,,踱步,,飛機場 踱步 (助手)
H382,18/09/2024,踱步,沙田,內圈,沙田 內圈,,,,,,助手,,快踱一圈,H,內圈 快踱一圈 (助手)
H382,17/09/2024,踱步,沙田,內圈,沙田 內圈,,,,,,助手,,快踱一圈,H,內圈 快踱一圈 (助手)
H382,15/09/2024,踱步,沙田,飛機場,沙田 飛機場,,,,,,助手,,踱步,H,飛機場 踱步 (助手)
H382,11/09/2024,出賽,跑馬地,草地,跑馬地 草地,1650M,,,,,周俊樂,10/12,出賽,XB/TT,1650M (周俊樂) (10/12)
H382,11/09/2024,踱步,沙田,內圈,沙田 內圈,,,,,,助手,,快踱一圈,H,內圈 快踱一圈 (助手)
H382,10/09/2024,游水,沙田,,沙田,,,,,,,,游水,,
H382,10/09/2024,踱步,沙田,內圈,沙田 內圈,,,,,,助手,,快踱一圈,H,內圈 快踱一圈 (助手)
H382,09/09/2024,游水,沙田,,沙田,,,,,,,,游水,,
H382,09/09/2024,踱步,沙田,內圈,沙田 內圈,,,,,,助手,,倒快一圈,H,內圈 倒快一圈 (助手)
H382,08/09/2024,快操,沙田,全天候,沙田 全天候,,26.5,26.5,26.5,,副練馬師,,快操,H,26.5 (26.5) (副練馬師)
H382,08/09/2024,踱步,沙田,飛機場,沙田 飛機場,,,,,,副練馬師,,踱步,H,飛機場 踱步 (副練馬師)
H382,07/09/2024,游水,沙田,,沙田,,,,,,,,游水,,
H382,07/09/2024,踱步,沙田,內圈,沙田 內圈,,,,,,助手,,快踱一圈,H,內圈 快踱一圈 (助手)
H382,06/09/2024,游水,沙田,,沙田,,,,,,,,游水,,
H382,05/09/2024,游水,從化,,從化,,,,,,,,游水,,
H382,05/09/2024,踱步,從化,內圈,從化 內圈,,,,,,助手,,倒快一圈,H,內圈 倒快一圈 (助手)
H382,04/09/2024,游水,從化,,從化,,,,,,,,游水,,
H382,04/09/2024,踱步,從化,內圈,從化 內圈,,,,,,助手,,快踱一圈,H,內圈 快踱一圈 (助手)
H382,03/09/2024,快操,從化,全天候,從化 全天候,,25.8,25.8,25.8,,助手,,快操,H,25.8 (25.8) (助手)
H382,03/09/2024,踱步,從化,飛機場,從化 飛機場,,,,,,助手,,踱步,H,飛機場 踱步 (助手)
H382,02/09/2024,游水,從化,,從化,,,,,,,,游水,,
H382,02/09/2024,踱步,從化,內圈,從化 內圈,,,,,,助手,,倒快一圈,H,內圈 倒快一圈 (助手)
H382,01/09/2024,游水,從化,,從化,,,,,,,,游水,,
H382,01/09/2024,踱步,從化,內圈,從化 內圈,,,,,,助手,,快踱一圈,H,內圈 快踱一圈 (助手)
H382,31/08/2024,游水,從化,,從化,,,,,,,,游水,,
H382,31/08/2024,踱步,從化,內圈,從化 內圈,,,,,,助手,,快踱一圈,H,內圈 快踱一圈 (助手)
H382,30/08/2024,游水,從化,,從化,,,,,,,,游水,,
H382,30/08/2024,踱步,從化,內圈,從化 內圈,,,,,,助手,,快踱一圈,H,內圈 快踱一圈 (助手)
H382,29/08/2024,游水,從化,,從化,,,,,,,,游水,,
H382,29/08/2024,踱步,從化,內圈,從化 內圈,,,,,,助手,,倒快一圈,H,內圈 倒快一圈 (助手)
H382,28/08/2024,游水,從化,,從化,,,,,,,,游水,,
H382,28/08/2024,踱步,從化,內圈,從化 內圈,,,,,,助手,,快踱一圈,H,內圈 快踱一圈 (助手)
H382,27/08/2024,游水,從化,,從化,,,,,,,,游水,,
H382,26/08/2024,試閘,從化,草地,從化 草地,1000M,0.58.36,58.36,13.9 21.8 22.6,非凡達,周俊樂,,第4組,XB,第4組 (周俊樂) 1000M 非凡達 13.9 21.8 22.6 (0.58.36)
H382,26/08/2024,踱步,從化,飛機場,從化 飛機場,,,,,,助手,,踱步,XB,飛機場 踱步 (助手)
H382,25/08/2024,游水,從化,,從化,,,,,,,,游水,,
H382,25/08/2024,踱步,從化,內圈,從化 內圈,,,,,,助手,,快踱一圈,H,內圈 快踱一圈 (助手)
H382,24/08/2024,游水,從化,,從化,,,,,,,,游水,,
H382,24/08/2024,踱步,從化,內圈,從化 內圈,,,,,,助手,,快踱一圈,H,內圈 快踱一圈 (助手)
H382,23/08/2024,游水,從化,,從化,,,,,,,,游水,,
H382,23/08/2024,踱步,從化,內圈,從化 內圈,,,,,,助手,,快踱一圈,H,內圈 快踱一圈 (助手)
H382,22/08/2024,快操,從化,全天候,從化 全天候,,26.1,26.1,26.1,,助手,,快操,H,26.1 (26.1) (助手)
H382,22/08/2024,踱步,從化,飛機場,從化 飛機場,,,,,,助手,,踱步,H,飛機場 踱步 (助手)
H382,21/08/2024,游水,從化,,從化,,,,,,,,游水,,
H382,21/08/2024,踱步,從化,內圈,從化 內圈,,,,,,助手,,快踱一圈,H,內圈 快踱一圈 (助手)
H382,20/08/2024,游水,從化,,從化,,,,,,,,游水,,
H382,20/08/2024,踱步,從化,內圈,從化 內圈,,,,,,助手,,快踱一圈,H,內圈 快踱一圈 (助手)
H382,19/08/2024,游水,從化,,從化,,,,,,,,游水,,
H382,19/08/2024,踱步,從化,內圈,從化 內圈,,,,,,助手,,倒快一圈,H,內圈 倒快一圈 (助手)
H382,18/08/2024,快操,從化,全天候,從化 全天候,,1.00.5,60.5,34.0 26.5,,助手,,快操,H,34.0 26.5 (1.00.5) (助手)
H382,18/08/2024,踱步,從化,飛機場,從化 飛機場,,,,,,助手,,踱步,H,飛機場 踱步 (助手)
H382,17/08/2024,游水,從化,,從化,,,,,,,,游水,,
H382,17/08/2024,踱步,從化,內圈,從化 內圈,,,,,,助手,,快踱一圈,H,內圈 快踱一圈 (助手)
H382,16/08/2024,游水,從化,,從化,,,,,,,,游水,,
H382,16/08/2024,踱步,從化,內圈,從化 內圈,,,,,,助手,,快踱一圈,H,內圈 快踱一圈 (助手)
H382,15/08/2024,游水,從化,,從化,,,,,,,,游水,,
H382,15/08/2024,踱步,從化,內圈,從化 內圈,,,,,,助手,,倒快一圈,H,內圈 倒快一圈 (助手)
H382,14/08/2024,快操,從化,全天候,從化 全天候,,26.4,26.4,26.4,,助手,,快操,H,26.4 (26.4) (助手)
H382,14/08/2024,踱步,從化,飛機場,從化 飛機場,,,,,,助手,,踱步,H,飛機場 踱步 (助手)
H382,13/08/2024,游水,從化,,從化,,,,,,,,游水,,
H382,13/08/2024,踱步,從化,內圈,從化 內圈,,,,,,助手,,快踱一圈,H,內圈 快踱一圈 (助手)
H382,12/08/2024,游水,從化,,從化,,,,,,,,游水,,
H382,12/08/2024,踱步,從化,內圈,從化 內圈,,,,,,助手,,倒快一圈,H,內圈 倒快一圈 (助手)
H382,11/08/2024,游水,從化,,從化,,,,,,,,游水,,
H382,11/08/2024,踱步,從化,內圈,從化 內圈,,,,,,助手,,快踱一圈,H,內圈 快踱一圈 (助手)
H382,10/08/2024,快操,從化,全天候,從化 全天候,,25.9,25.9,25.9,,助手,,快操,H,25.9 (25.9) (助手)
H382,10/08/2024,踱步,從化,飛機場,從化 飛機場,,,,,,助手,,踱步,H,飛機場 踱步 (助手)
H382,09/08/2024,游水,從化,,從化,,,,,,,,游水,,
H382,09/08/2024,踱步,從化,內圈,從化 內圈,,,,,,助手,,快踱一圈,H,內圈 快踱一圈 (助手)
H382,08/08/2024,游水,從化,,從化,,,,,,,,游水,,
H382,08/08/2024,踱步,從化,內圈,從化 內圈,,,,,,助手,,倒快一圈,H,內圈 倒快一圈 (助手)
H382,07/08/2024,游水,從化,,從化,,,,,,,,游水,,
H382,07/08/2024,踱步,從化,內圈,從化 內圈,,,,,,助手,,快踱一圈,H/XB,內圈 快踱一圈 (助手)
H382,06/08/2024,游水,從化,,從化,,,,,,,,游水,,
H382,06/08/2024,快操,從化,全天候,從化 全天候,,28.3,28.3,28.3,,助手,,快操,H/XB,28.3 (28.3) (助手)
H382,06/08/2024,踱步,從化,飛機場,從化 飛機場,,,,,,助手,,踱步,H/XB,飛機場 踱步 (助手)
H382,05/08/2024,游水,從化,,從化,,,,,,,,游水,,
H382,05/08/2024,踱步,從化,內圈,從化 內圈,,,,,,助手,,倒快一圈,H/XB,內圈 倒快一圈 (助手)
H382,04/08/2024,游水,從化,,從化,,,,,,,,游水,,
H382,04/08/2024,踱步,從化,內圈,從化 內圈,,,,,,助手,,快踱一圈,H/XB,內圈 快踱一圈 (助手)
H382,03/08/2024,游水,從化,,從化,,,,,,,,游水,,
H382,03/08/2024,踱步,從化,內圈,從化 內圈,,,,,,助手,,快踱一圈,H/XB,內圈 快踱一圈 (助手)
H382,02/08/2024,游水,從化,,從化,,,,,,,,游水,,
H382,02/08/2024,快操,從化,全天候,從化 全天候,,28.2,28.2,28.2,,助手,,快操,H/XB,28.2 (28.2) (助手)
H382,02/08/2024,踱步,從化,飛機場,從化 飛機場,,,,,,助手,,踱步,H/XB,飛機場 踱步 (助手)
H382,01/08/2024,游水,從化,,從化,,,,,,,,游水,,
H382,01/08/2024,踱步,從化,內圈,從化 內圈,,,,,,助手,,倒快一圈,H,內圈 倒快一圈 (助手)
H382,31/07/2024,游水,從化,,從化,,,,,,,,游水,,
H382,31/07/2024,踱步,從化,內圈,從化 內圈,,,,,,助手,,快踱一圈,H,內圈 快踱一圈 (助手)
H382,30/07/2024,游水,從化,,從化,,,,,,,,游水,,
H382,30/07/2024,踱步,從化,內圈,從化 內圈,,,,,,助手,,快踱一圈,H,內圈 快踱一圈 (助手)
H382,29/07/2024,踱步,從化,內圈,從化 內圈,,,,,,助手,,倒快一圈,H,內圈 倒快一圈 (助手)
H382,28/07/2024,踱步,從化,內圈,從化 內圈,,,,,,助手,,快踱一圈,H,內圈 快踱一圈 (助手)
H382,27/07/2024,踱步,從化,內圈,從化 內圈,,,,,,助手,,快踱一圈,H,內圈 快踱一圈 (助手)
H382,26/07/2024,踱步,從化,內圈,從化 內圈,,,,,,助手,,快踱一圈,H,內圈 快踱一圈 (助手)
H382,25/07/2024,踱步,從化,內圈,從化 內圈,,,,,,助手,,倒快一圈,H,內圈 倒快一圈 (助手)
H382,24/07/2024,踱步,從化,內圈,從化 內圈,,,,,,助手,,快踱一圈,H,內圈 快踱一圈 (助手)
H382,23/07/2024,踱步,從化,內圈,從化 內圈,,,,,,助手,,快踱一圈,H,內圈 快踱一圈 (助手)
H382,22/07/2024,踱步,從化,飛機場,從化 飛機場,,,,,,助手,,踱步,H,飛機場 踱步 (助手)
H382,21/07/2024,踱步,從化,飛機場,從化 飛機場,,,,,,助手,,踱步,H,飛機場 踱步 (助手)
H382,20/07/2024,踱步,從化,飛機場,從化 飛機場,,,,,,助手,,踱步,H,飛機場 踱步 (助手)
H382,19/07/2024,踱步,從化,飛機場,從化 飛機場,,,,,,助手,,踱步,H,飛機場 踱步 (助手)
H382,18/07/2024,踱步,從化,飛機場,從化 飛機場,,,,,,助手,,踱步,H,飛機場 踱步 (助手)
H382,17/07/2024,踱步,從化,飛機場,從化 飛機場,,,,,,助手,,踱步,H,飛機場 踱步 (助手)
H382,16/07/2024,踱步,從化,飛機場,從化 飛機場,,,,,,助手,,踱步,H,飛機場 踱步 (助手)
H382,15/07/2024,踱步,從化,飛機場,從化 飛機場,,,,,,助手,,踱步,H,飛機場 踱步 (助手)
H382,14/07/2024,游水,從化,,從化,,,,,,,,游水,,
H382,14/07/2024,踱步,從化,內圈,從化 內圈,,,,,,助手,,快踱一圈,H,內圈 快踱一圈 (助手)
H382,13/07/2024,游水,從化,,從化,,,,,,,,游水,,
H382,13/07/2024,踱步,從化,內圈,從化 內圈,,,,,,助手,,快踱一圈,H,內圈 快踱一圈 (助手)
H382,12/07/2024,游水,從化,,從化,,,,,,,,游水,,
H382,12/07/2024,踱步,從化,內圈,從化 內圈,,,,,,助手,,快踱一圈,H,內圈 快踱一圈 (助手)
H382,11/07/2024,游水,從化,,從化,,,,,,,,游水,,
H382,11/07/2024,踱步,從化,飛機場,從化 飛機場,,,,,,助手,,踱步,,飛機場 踱步 (助手)
H382,10/07/2024,游水,沙田,,沙田,,,,,,,,游水,,
H382,08/07/2024,游水,沙田,,沙田,,,,,,,,游水,,
H382,07/07/2024,游水,沙田,,沙田,,,,,,,,游水,,
H382,06/07/2024,游水,沙田,,沙田,,,,,,,,游水,,
H382,04/07/2024,出賽,跑馬地,草地,跑馬地 草地,1650M,,,,,周俊樂,2/12,出賽,XB/TT,1650M (周俊樂) (2/12)
H382,04/07/2024,游水,沙田,,沙田,,,,,,,,游水,,
H382,04/07/2024,踱步,沙田,內圈,沙田 內圈,,,,,,助手,,倒快一圈,H,內圈 倒快一圈 (助手)
H382,03/07/2024,游水,沙田,,沙田,,,,,,,,游水,,
H382,03/07/2024,踱步,沙田,內圈,沙田 內圈,,,,,,助手,,快踱一圈,H,內圈 快踱一圈 (助手)
H382,02/07/2024,游水,沙田,,沙田,,,,,,,,游水,,
H382,02/07/2024,踱步,沙田,內圈,沙田 內圈,,,,,,助手,,快踱一圈,H,內圈 快踱一圈 (助手)
H382,01/07/2024,快操,沙田,全天候,沙田 全天候,,24.9,24.9,24.9,,周俊樂,,快操,H,24.9 (24.9) (周俊樂)
H382,01/07/2024,踱步,沙田,飛機場,沙田 飛機場,,,,,,周俊樂,,踱步,H,飛機場 踱步 (周俊樂)
H382,30/06/2024,游水,沙田,,沙田,,,,,,,,游水,,
H382,30/06/2024,踱步,沙田,內圈,沙田 內圈,,,,,,助手,,快踱一圈,H,內圈 快踱一圈 (助手)
H382,29/06/2024,游水,沙田,,沙田,,,,,,,,游水,,
H382,29/06/2024,踱步,沙田,內圈,沙田 內圈,,,,,,助手,,快踱一圈,H,內圈 快踱一圈 (助手)
H382,28/06/2024,游水,沙田,,沙田,,,,,,,,游水,,
H382,28/06/2024,踱步,沙田,內圈,沙田 內圈,,,,,,助手,,快踱一圈,H,內圈 快踱一圈 (助手)
H382,27/06/2024,快操,沙田,全天候,沙田 全天候,,24.9,24.9,24.9,,助手,,快操,H,24.9 (24.9) (助手)
H382,27/06/2024,踱步,沙田,飛機場,沙田 飛機場,,,,,,助手,,踱步,H,飛機場 踱步 (助手)
H382,26/06/2024,游水,沙田,,沙田,,,,,,,,游水,,
H382,26/06/2024,踱步,沙田,內圈,沙田 內圈,,,,,,助手,,快踱一圈,H,內圈 快踱一圈 (助手)
H382,25/06/2024,游水,沙田,,沙田,,,,,,,,游水,,
H382,25/06/2024,踱步,沙田,內圈,沙田 內圈,,,,,,助手,,快踱一圈,H,內圈 快踱一圈 (助手)
H382,24/06/2024,游水,沙田,,沙田,,,,,,,,游水,,
H382,24/06/2024,踱步,沙田,內圈,沙田 內圈,,,,,,助手,,倒快一圈,H,內圈 倒快一圈 (助手)
H382,23/06/2024,游水,沙田,,沙田,,,,,,,,游水,,
H382,23/06/2024,踱步,沙田,內圈,沙田 內圈,,,,,,助手,,快踱一圈,H,內圈 快踱一圈 (助手)
H382,22/06/2024,游水,沙田,,沙田,,,,,,,,游水,,
H382,22/06/2024,踱步,沙田,內圈,沙田 內圈,,,,,,助手,,快踱一圈,H,內圈 快踱一圈 (助手)
H382,21/06/2024,踱步,沙田,內圈,沙田 內圈,,,,,,助手,,快踱一圈,H,內圈 快踱一圈 (助手)
H382,20/06/2024,踱步,沙田,內圈,沙田 內圈,,,,,,助手,,倒快一圈,H,內圈 倒快一圈 (助手)
H382,18/06/2024,試閘,沙田,全天候,沙田 全天候,1200M,1.11.75,71.75,24.8 22.9 24.0,跑得好快,曾佳興,,第1組,XB,第1組 (曾佳興) 1200M 跑得好快 24.8 22.9 24.0 (1.11.75)
H382,17/06/2024,游水,沙田,,沙田,,,,,,,,游水,,
H382,17/06/2024,踱步,沙田,內圈,沙田 內圈,,,,,,助手,,倒快一圈,H,內圈 倒快一圈 (助手)
H382,16/06/2024,游水,沙田,,沙田,,,,,,,,游水,,
H382,16/06/2024,踱步,沙田,內圈,沙田 內圈,,,,,,助手,,快踱一圈,H,內圈 快踱一圈 (助手)
H382,15/06/2024,游水,沙田,,沙田,,,,,,,,游水,,
H382,15/06/2024,踱步,沙田,內圈,沙田 內圈,,,,,,助手,,快踱一圈,H,內圈 快踱一圈 (助手)
H382,14/06/2024,快操,沙田,全天候,沙田 全天候,,26.0,26.0,26.0,,助手,,快操,H,26.0 (26.0) (助手)
H382,14/06/2024,踱步,沙田,飛機場,沙田 飛機場,,,,,,助手,,踱步,H,飛機場 踱步 (助手)
H382,13/06/2024,游水,沙田,,沙田,,,,,,,,游水,,
H382,13/06/2024,踱步,沙田,內圈,沙田 內圈,,,,,,助手,,倒快一圈,H,內圈 倒快一圈 (助手)
H382,12/06/2024,游水,沙田,,沙田,,,,,,,,游水,,
H382,12/06/2024,踱步,沙田,內圈,沙田 內圈,,,,,,助手,,快踱一圈,H,內圈 快踱一圈 (助手)
H382,11/06/2024,游水,沙田,,沙田,,,,,,,,游水,,
H382,11/06/2024,踱步,沙田,內圈,沙田 內圈,,,,,,助手,,快踱一圈,H,內圈 快踱一圈 (助手)
H382,10/06/2024,快操,沙田,全天候,沙田 全天候,,24.4,24.4,24.4,,周俊樂,,快操,H,24.4 (24.4) (周俊樂)
H382,10/06/2024,踱步,沙田,飛機場,沙田 飛機場,,,,,,周俊樂,,踱步,H,飛機場 踱步 (周俊樂)
H382,09/06/2024,游水,沙田,,沙田,,,,,,,,游水,,
H382,09/06/2024,踱步,沙田,內圈,沙田 內圈,,,,,,助手,,快踱一圈,H,內圈 快踱一圈 (助手)
H382,08/06/2024,游水,沙田,,沙田,,,,,,,,游水,,
H382,08/06/2024,踱步,沙田,內圈,沙田 內圈,,,,,,助手,,快踱一圈,H,內圈 快踱一圈 (助手)
H382,07/06/2024,游水,沙田,,沙田,,,,,,,,游水,,
H382,07/06/2024,踱步,沙田,內圈,沙田 內圈,,,,,,助手,,快踱一圈,H,內圈 快踱一圈 (助手)
H382,06/06/2024,快操,沙田,全天候,沙田 全天候,,25.7,25.7,25.7,,助手,,快操,H,25.7 (25.7) (助手)
H382,06/06/2024,踱步,沙田,飛機場,沙田 飛機場,,,,,,助手,,踱步,H,飛機場 踱步 (助手)
H382,05/06/2024,游水,沙田,,沙田,,,,,,,,游水,,
H382,05/06/2024,踱步,沙田,內圈,沙田 內圈,,,,,,助手,,快踱一圈,H,內圈 快踱一圈 (助手)
H382,04/06/2024,游水,沙田,,沙田,,,,,,,,游水,,
H382,04/06/2024,踱步,沙田,內圈,沙田 內圈,,,,,,助手,,快踱一圈,H,內圈 快踱一圈 (助手)
H382,03/06/2024,游水,沙田,,沙田,,,,,,,,游水,,
H382,03/06/2024,踱步,沙田,內圈,沙田 內圈,,,,,,助手,,倒快一圈,H,內圈 倒快一圈 (助手)
H382,02/06/2024,快操,沙田,全天候,沙田 全天候,,25.4,25.4,25.4,,助手,,快操,H,25.4 (25.4) (助手)
H382,02/06/2024,踱步,沙田,飛機場,沙田 飛機場,,,,,,助手,,踱步,H,飛機場 踱步 (助手)
H382,01/06/2024,游水,沙田,,沙田,,,,,,,,游水,,
H382,01/06/2024,踱步,沙田,內圈,沙田 內圈,,,,,,助手,,快踱一圈,H,內圈 快踱一圈 (助手)
H382,31/05/2024,游水,沙田,,沙田,,,,,,,,游水,,
H382,31/05/2024,踱步,沙田,內圈,沙田 內圈,,,,,,助手,,快踱一圈,H,內圈 快踱一圈 (助手)
H382,30/05/2024,快操,沙田,全天候,沙田 全天候,,26.1,26.1,26.1,,周俊樂,,快操,H,26.1 (26.1) (周俊樂)
H382,29/05/2024,游水,沙田,,沙田,,,,,,,,游水,,
H382,29/05/2024,踱步,沙田,內圈,沙田 內圈,,,,,,助手,,快踱一圈,H,內圈 快踱一圈 (助手)
H382,28/05/2024,游水,沙田,,沙田,,,,,,,,游水,,
H382,28/05/2024,踱步,沙田,內圈,沙田 內圈,,,,,,助手,,快踱一圈,H,內圈 快踱一圈 (助手)
H382,27/05/2024,游水,沙田,,沙田,,,,,,,,游水,,
H382,27/05/2024,踱步,沙田,內圈,沙田 內圈,,,,,,助手,,倒快一圈,H,內圈 倒快一圈 (助手)
H382,26/05/2024,游水,沙田,,沙田,,,,,,,,游水,,
H382,26/05/2024,踱步,沙田,內圈,沙田 內圈,,,,,,助手,,快踱一圈,H,內圈 快踱一圈 (助手)
H382,25/05/2024,游水,沙田,,沙田,,,,,,,,游水,,
H382,25/05/2024,快操,沙田,全天候,沙田 全天候,,1.02.1,62.1,32.6 29.5,,助手,,快操,H,32.6 29.5 (1.02.1) (助手)
H382,25/05/2024,踱步,沙田,飛機場,沙田 飛機場,,,,,,助手,,踱步,H,飛機場 踱步 (助手)
H382,24/05/2024,游水,沙田,,沙田,,,,,,,,游水,,
H382,24/05/2024,踱步,沙田,內圈,沙田 內圈,,,,,,助手,,快踱一圈,H,內圈 快踱一圈 (助手)
H382,23/05/2024,游水,沙田,,沙田,,,,,,,,游水,,
H382,23/05/2024,踱步,沙田,內圈,沙田 內圈,,,,,,助手,,倒快一圈,H,內圈 倒快一圈 (助手)
H382,22/05/2024,游水,沙田,,沙田,,,,,,,,游水,,
H382,22/05/2024,踱步,沙田,內圈,沙田 內圈,,,,,,助手,,快踱一圈,H,內圈 快踱一圈 (助手)
H382,21/05/2024,游水,沙田,,沙田,,,,,,,,游水,,
H382,21/05/2024,快操,沙田,全天候,沙田 全天候,,31.1,31.1,31.1,,助手,,快操,H,31.1 (31.1) (助手)
H382,21/05/2024,踱步,沙田,飛機場,沙田 飛機場,,,,,,助手,,踱步,H,飛機場 踱步 (助手)
H382,20/05/2024,游水,沙田,,沙田,,,,,,,,游水,,
H382,20/05/2024,踱步,沙田,內圈,沙田 內圈,,,,,,助手,,倒快一圈,H,內圈 倒快一圈 (助手)
H382,19/05/2024,游水,沙田,,沙田,,,,,,,,游水,,
H382,19/05/2024,踱步,沙田,內圈,沙田 內圈,,,,,,助手,,快踱一圈,H,內圈 快踱一圈 (助手)
H382,18/05/2024,游水,沙田,,沙田,,,,,,,,游水,,
H382,18/05/2024,踱步,沙田,外圈,沙田 外圈,,,,,,助手,,快踱一圈,H,外圈 快踱一圈 (助手)
H382,17/05/2024,游水,沙田,,沙田,,,,,,,,游水,,
H382,17/05/2024,踱步,沙田,內圈,沙田 內圈,,,,,,助手,,快踱一圈,H,內圈 快踱一圈 (助手)
H382,16/05/2024,游水,沙田,,沙田,,,,,,,,游水,,
H382,16/05/2024,踱步,沙田,內圈,沙田 內圈,,,,,,助手,,倒快一圈,H,內圈 倒快一圈 (助手)
H382,15/05/2024,游水,沙田,,沙田,,,,,,,,游水,,
H382,15/05/2024,踱步,沙田,內圈,沙田 內圈,,,,,,助手,,快踱一圈,H,內圈 快踱一圈 (助手)
H382,14/05/2024,踱步,沙田,內圈,沙田 內圈,,,,,,助手,,快踱一圈,H,內圈 快踱一圈 (助手)
H382,13/05/2024,踱步,沙田,飛機場,沙田 飛機場,,,,,,助手,,踱步,H,飛機場 踱步 (助手)
H382,12/05/2024,踱步,沙田,飛機場,沙田 飛機場,,,,,,助手,,踱步,H,飛機場 踱步 (助手)
H382,11/05/2024,踱步,沙田,飛機場,沙田 飛機場,,,,,,助手,,踱步,H,飛機場 踱步 (助手)
H382,10/05/2024,游水,沙田,,沙田,,,,,,,,游水,,
H382,10/05/2024,踱步,沙田,飛機場,沙田 飛機場,,,,,,助手,,踱步,H,飛機場 踱步 (助手)
H382,27/03/2024,游水,沙田,,沙田,,,,,,,,游水,,
H382,24/03/2024,出賽,沙田,草地,沙田 草地,1400M,,,,,周俊樂,14/14,出賽,XB/TT,1400M (周俊樂) (14/14)
H382,24/03/2024,踱步,沙田,內圈,沙田 內圈,,,,,,助手,,快踱一圈,H,內圈 快踱一圈 (助手)
H382,23/03/2024,游水,沙田,,沙田,,,,,,,,游水,,
H382,23/03/2024,踱步,沙田,內圈,沙田 內圈,,,,,,助手,,快踱一圈,H,內圈 快踱一圈 (助手)
H382,22/03/2024,游水,沙田,,沙田,,,,,,,,游水,,
H382,22/03/2024,踱步,沙田,內圈,沙田 內圈,,,,,,助手,,快踱一圈,H,內圈 快踱一圈 (助手)
H382,21/03/2024,游水,沙田,,沙田,,,,,,,,游水,,
H382,21/03/2024,踱步,沙田,內圈,沙田 內圈,,,,,,助手,,倒快一圈,H,內圈 倒快一圈 (助手)
H382,20/03/2024,快操,沙田,全天候,沙田 全天候,,58.2,58.2,33.3 24.9,,周俊樂,,快操,H,33.3 24.9 (58.2) (周俊樂)
H382,20/03/2024,踱步,沙田,飛機場,沙田 飛機場,,,,,,周俊樂,,踱步,H,飛機場 踱步 (周俊樂)
H382,19/03/2024,游水,沙田,,沙田,,,,,,,,游水,,
H382,18/03/2024,游水,沙田,,沙田,,,,,,,,游水,,
H382,18/03/2024,踱步,沙田,內圈,沙田 內圈,,,,,,助手,,倒快一圈,H,內圈 倒快一圈 (助手)
H382,17/03/2024,游水,沙田,,沙田,,,,,,,,游水,,
H382,17/03/2024,踱步,沙田,內圈,沙田 內圈,,,,,,助手,,快踱一圈,H,內圈 快踱一圈 (助手)
H382,16/03/2024,快操,沙田,全天候,沙田 全天候,,26.9,26.9,26.9,,助手,,快操,H,26.9 (26.9) (助手)
H382,16/03/2024,踱步,沙田,飛機場,沙田 飛機場,,,,,,助手,,踱步,H,飛機場 踱步 (助手)
H382,15/03/2024,游水,沙田,,沙田,,,,,,,,游水,,
H382,15/03/2024,踱步,沙田,內圈,沙田 內圈,,,,,,助手,,快踱一圈,H,內圈 快踱一圈 (助手)
H382,14/03/2024,游水,沙田,,沙田,,,,,,,,游水,,
H382,14/03/2024,踱步,沙田,內圈,沙田 內圈,,,,,,助手,,倒快一圈,H,內圈 倒快一圈 (助手)
H382,13/03/2024,游水,沙田,,沙田,,,,,,,,游水,,
H382,13/03/2024,踱步,沙田,內圈,沙田 內圈,,,,,,助手,,快踱一圈,H,內圈 快踱一圈 (助手)
H382,12/03/2024,游水,沙田,,沙田,,,,,,,,游水,,
H382,12/03/2024,踱步,沙田,內圈,沙田 內圈,,,,,,助手,,快踱一圈,H,內圈 快踱一圈 (助手)
H382,11/03/2024,游水,沙田,,沙田,,,,,,,,游水,,
H382,11/03/2024,踱步,沙田,內圈,沙田 內圈,,,,,,助手,,倒快一圈,H,內圈 倒快一圈 (助手)
H382,10/03/2024,游水,沙田,,沙田,,,,,,,,游水,,
H382,08/03/2024,試閘,從化,草地,從化 草地,1200M,1.12.49,72.49,24.9 23.7 23.8,開心勇駒,周俊樂,,第7組,XB,第7組 (周俊樂) 1200M 開心勇駒 24.9 23.7 23.8 (1.12.49)
H382,08/03/2024,踱步,從化,飛機場,從化 飛機場,,,,,,助手,,踱步,XB,飛機場 踱步 (助手)
H382,07/03/2024,游水,從化,,從化,,,,,,,,游水,,
H382,07/03/2024,踱步,從化,內圈,從化 內圈,,,,,,助手,,倒快一圈,H,內圈 倒快一圈 (助手)
H382,06/03/2024,游水,從化,,從化,,,,,,,,游水,,
H382,06/03/2024,踱步,從化,內圈,從化 內圈,,,,,,助手,,快踱一圈,H,內圈 快踱一圈 (助手)
H382,05/03/2024,游水,從化,,從化,,,,,,,,游水,,
H382,05/03/2024,踱步,從化,內圈,從化 內圈,,,,,,助手,,快踱一圈,H,內圈 快踱一圈 (助手)
H382,04/03/2024,快操,從化,全天候,從化 全天候,,25.7,25.7,25.7,,助手,,快操,H,25.7 (25.7) (助手)
H382,04/03/2024,踱步,從化,飛機場,從化 飛機場,,,,,,助手,,踱步,H,飛機場 踱步 (助手)
H382,03/03/2024,游水,從化,,從化,,,,,,,,游水,,
H382,03/03/2024,踱步,從化,內圈,從化 內圈,,,,,,助手,,快踱一圈,H,內圈 快踱一圈 (助手)
H382,02/03/2024,游水,從化,,從化,,,,,,,,游水,,
H382,02/03/2024,踱步,從化,內圈,從化 內圈,,,,,,助手,,快踱一圈,H,內圈 快踱一圈 (助手)
H382,01/03/2024,游水,從化,,從化,,,,,,,,游水,,
H382,01/03/2024,踱步,從化,內圈,從化 內圈,,,,,,助手,,快踱一圈,H,內圈 快踱一圈 (助手)
H382,29/02/2024,游水,從化,,從化,,,,,,,,游水,,
H382,29/02/2024,踱步,從化,內圈,從化 內圈,,,,,,助手,,倒快一圈,H,內圈 倒快一圈 (助手)
H382,28/02/2024,快操,從化,全天候,從化 全天候,,26.3,26.3,26.3,,助手,,快操,H/XB,26.3 (26.3) (助手)
H382,28/02/2024,踱步,從化,飛機場,從化 飛機場,,,,,,助手,,踱步,H/XB,飛機場 踱步 (助手)
H382,27/02/2024,游水,從化,,從化,,,,,,,,游水,,
H382,27/02/2024,踱步,從化,內圈,從化 內圈,,,,,,助手,,快踱一圈,H,內圈 快踱一圈 (助手)
H382,26/02/2024,游水,從化,,從化,,,,,,,,游水,,
H382,26/02/2024,踱步,從化,內圈,從化 內圈,,,,,,助手,,倒快一圈,H,內圈 倒快一圈 (助手)
H382,25/02/2024,游水,從化,,從化,,,,,,,,游水,,
H382,25/02/2024,踱步,從化,內圈,從化 內圈,,,,,,助手,,快踱一圈,H,內圈 快踱一圈 (助手)
H382,24/02/2024,游水,從化,,從化,,,,,,,,游水,,
H382,24/02/2024,踱步,從化,飛機場,從化 飛機場,,,,,,助手,,踱步,,飛機場 踱步 (助手)
H382,23/02/2024,快操,沙田,全天候,沙田 全天候,,29.4,29.4,29.4,,助手,,快操,H,29.4 (29.4) (助手)
H382,23/02/2024,踱步,沙田,飛機場,沙田 飛機場,,,,,,助手,,踱步,H,飛機場 踱步 (助手)
H382,22/02/2024,游水,沙田,,沙田,,,,,,,,游水,,
H382,22/02/2024,踱步,沙田,內圈,沙田 內圈,,,,,,助手,,倒快一圈,H,內圈 倒快一圈 (助手)
H382,21/02/2024,游水,沙田,,沙田,,,,,,,,游水,,
H382,21/02/2024,踱步,沙田,內圈,沙田 內圈,,,,,,助手,,快踱一圈,H,內圈 快踱一圈 (助手)
H382,20/02/2024,游水,沙田,,沙田,,,,,,,,游水,,
H382,20/02/2024,踱步,沙田,內圈,沙田 內圈,,,,,,助手,,快踱一圈,H,內圈 快踱一圈 (助手)
H382,19/02/2024,游水,沙田,,沙田,,,,,,,,游水,,
H382,19/02/2024,踱步,沙田,內圈,沙田 內圈,,,,,,助手,,倒快一圈,H,內圈 倒快一圈 (助手)
H382,18/02/2024,游水,沙田,,沙田,,,,,,,,游水,,
H382,18/02/2024,踱步,沙田,內圈,沙田 內圈,,,,,,助手,,快踱一圈,H,內圈 快踱一圈 (助手)
H382,17/02/2024,游水,沙田,,沙田,,,,,,,,游水,,
H382,17/02/2024,踱步,沙田,內圈,沙田 內圈,,,,,,助手,,快踱一圈,H,內圈 快踱一圈 (助手)
H382,16/02/2024,踱步,沙田,飛機場,沙田 飛機場,,,,,,助手,,踱步,H,飛機場 踱步 (助手)
H382,15/02/2024,游水,沙田,,沙田,,,,,,,,游水,,
H382,14/02/2024,游水,沙田,,沙田,,,,,,,,游水,,
H382,12/02/2024,出賽,沙田,草地,沙田 草地,1400M,,,,,周俊樂,7/13,出賽,XB/TT,1400M (周俊樂) (7/13)
H382,12/02/2024,踱步,沙田,內圈,沙田 內圈,,,,,,助手,,倒快一圈,H,內圈 倒快一圈 (助手)
H382,11/02/2024,游水,沙田,,沙田,,,,,,,,游水,,
H382,11/02/2024,踱步,沙田,內圈,沙田 內圈,,,,,,助手,,快踱一圈,H,內圈 快踱一圈 (助手)
H382,09/02/2024,游水,沙田,,沙田,,,,,,,,游水,,
H382,09/02/2024,踱步,沙田,飛機場,沙田 飛機場,,,,,,助手,,踱步,H,飛機場 踱步 (助手)
H382,08/02/2024,快操,從化,全天候,從化 全天候,,25.2,25.2,25.2,,助手,,快操,H/XB,25.2 (25.2) (助手)
H382,08/02/2024,踱步,從化,飛機場,從化 飛機場,,,,,,助手,,踱步,H/XB,飛機場 踱步 (助手)
H382,07/02/2024,游水,從化,,從化,,,,,,,,游水,,
H382,07/02/2024,踱步,從化,內圈,從化 內圈,,,,,,助手,,快踱一圈,H,內圈 快踱一圈 (助手)
H382,06/02/2024,游水,從化,,從化,,,,,,,,游水,,
H382,06/02/2024,踱步,從化,內圈,從化 內圈,,,,,,助手,,快踱一圈,H,內圈 快踱一圈 (助手)
H382,05/02/2024,游水,從化,,從化,,,,,,,,游水,,
H382,05/02/2024,踱步,從化,內圈,從化 內圈,,,,,,助手,,倒快一圈,H,內圈 倒快一圈 (助手)
H382,04/02/2024,快操,從化,全天候,從化 全天候,,25.8,25.8,25.8,,助手,,快操,H,25.8 (25.8) (助手)
H382,04/02/2024,踱步,從化,飛機場,從化 飛機場,,,,,,助手,,踱步,H,飛機場 踱步 (助手)
H382,03/02/2024,游水,從化,,從化,,,,,,,,游水,,
H382,03/02/2024,踱步,從化,內圈,從化 內圈,,,,,,助手,,快踱一圈,H,內圈 快踱一圈 (助手)
H382,02/02/2024,游水,從化,,從化,,,,,,,,游水,,
H382,02/02/2024,踱步,從化,內圈,從化 內圈,,,,,,助手,,快踱一圈,H,內圈 快踱一圈 (助手)
H382,01/02/2024,游水,從化,,從化,,,,,,,,游水,,
H382,01/02/2024,踱步,從化,內圈,從化 內圈,,,,,,助手,,倒快一圈,H,內圈 倒快一圈 (助手)
H382,31/01/2024,快操,從化,全天候,從化 全天候,,25.7,25.7,25.7,,助手,,快操,H,25.7 (25.7) (助手)
H382,31/01/2024,踱步,從化,飛機場,從化 飛機場,,,,,,助手,,踱步,H,飛機場 踱步 (助手)
H382,30/01/2024,游水,從化,,從化,,,,,,,,游水,,
H382,30/01/2024,踱步,從化,內圈,從化 內圈,,,,,,助手,,快踱一圈,H,內圈 快踱一圈 (助手)
H382,29/01/2024,游水,從化,,從化,,,,,,,,游水,,
H382,29/01/2024,踱步,從化,內圈,從化 內圈,,,,,,助手,,倒快一圈,H,內圈 倒快一圈 (助手)
H382,28/01/2024,游水,從化,,從化,,,,,,,,游水,,
H382,28/01/2024,踱步,從化,內圈,從化 內圈,,,,,,助手,,快踱一圈,H,內圈 快踱一圈 (助手)
H382,27/01/2024,游水,從化,,從化,,,,,,,,游水,,
H382,27/01/2024,踱步,從化,內圈,從化 內圈,,,,,,助手,,快踱一圈,H,內圈 快踱一圈 (助手)
H382,25/01/2024,快操,從化,全天候,從化 全天候,,25.8,25.8,25.8,,助手,,快操,H/XB,25.8 (25.8) (助手)
H382,25/01/2024,踱步,從化,飛機場,從化 飛機場,,,,,,助手,,踱步,H/XB,飛機場 踱步 (助手)
H382,24/01/2024,游水,從化,,從化,,,,,,,,游水,,
H382,24/01/2024,踱步,從化,內圈,從化 內圈,,,,,,助手,,快踱一圈,H,內圈 快踱一圈 (助手)
H382,23/01/2024,游水,從化,,從化,,,,,,,,游水,,
H382,23/01/2024,踱步,從化,飛機場,從化 飛機場,,,,,,助手,,踱步,,飛機場 踱步 (助手)
H382,22/01/2024,踱步,沙田,內圈,沙田 內圈,,,,,,助手,,倒快一圈,H,內圈 倒快一圈 (助手)
H382,21/01/2024,游水,沙田,,沙田,,,,,,,,游水,,
H382,21/01/2024,踱步,沙田,內圈,沙田 內圈,,,,,,助手,,快踱一圈,H,內圈 快踱一圈 (助手)
H382,20/01/2024,游水,沙田,,沙田,,,,,,,,游水,,
H382,20/01/2024,踱步,沙田,內圈,沙田 內圈,,,,,,助手,,快踱一圈,H,內圈 快踱一圈 (助手)
H382,19/01/2024,游水,沙田,,沙田,,,,,,,,游水,,
H382,19/01/2024,快操,沙田,全天候,沙田 全天候,,30.9,30.9,30.9,,助手,,快操,H,30.9 (30.9) (助手)
H382,19/01/2024,踱步,沙田,飛機場,沙田 飛機場,,,,,,助手,,踱步,H,飛機場 踱步 (助手)
H382,18/01/2024,游水,沙田,,沙田,,,,,,,,游水,,
H382,18/01/2024,踱步,沙田,內圈,沙田 內圈,,,,,,助手,,倒快一圈,H,內圈 倒快一圈 (助手)
H382,17/01/2024,游水,沙田,,沙田,,,,,,,,游水,,
H382,17/01/2024,踱步,沙田,內圈,沙田 內圈,,,,,,助手,,快踱一圈,H,內圈 快踱一圈 (助手)
H382,16/01/2024,游水,沙田,,沙田,,,,,,,,游水,,
H382,16/01/2024,踱步,沙田,內圈,沙田 內圈,,,,,,助手,,快踱一圈,H,內圈 快踱一圈 (助手)
H382,15/01/2024,游水,沙田,,沙田,,,,,,,,游水,,
H382,15/01/2024,踱步,沙田,內圈,沙田 內圈,,,,,,助手,,倒快一圈,H,內圈 倒快一圈 (助手)
H382,10/01/2024,出賽,跑馬地,草地,跑馬地 草地,1650M,,,,,賀銘年,6/11,出賽,XB/TT,1650M (賀銘年) (6/11)
H382,10/01/2024,踱步,沙田,內圈,沙田 內圈,,,,,,助手,,快踱一圈,H,內圈 快踱一圈 (助手)
H382,09/01/2024,游水,沙田,,沙田,,,,,,,,游水,,
H382,09/01/2024,踱步,沙田,內圈,沙田 內圈,,,,,,助手,,快踱一圈,H,內圈 快踱一圈 (助手)
H382,08/01/2024,游水,沙田,,沙田,,,,,,,,游水,,
H382,08/01/2024,踱步,沙田,內圈,沙田 內圈,,,,,,助手,,倒快一圈,H,內圈 倒快一圈 (助手)
H382,07/01/2024,游水,沙田,,沙田,,,,,,,,游水,,
H382,07/01/2024,踱步,沙田,內圈,沙田 內圈,,,,,,副練馬師,,快踱一圈,H,內圈 快踱一圈 (副練馬師)
H382,06/01/2024,踱步,沙田,內圈,沙田 內圈,,,,,,助手,,快踱一圈,H,內圈 快踱一圈 (助手)
H382,05/01/2024,快操,沙田,全天候,沙田 全天候,,26.9,26.9,26.9,,助手,,快操,H,26.9 (26.9) (助手)
H382,05/01/2024,踱步,沙田,飛機場,沙田 飛機場,,,,,,助手,,踱步,H,飛機場 踱步 (助手)
H382,04/01/2024,踱步,沙田,內圈,沙田 內圈,,,,,,助手,,倒快一圈,H,內圈 倒快一圈 (助手)
H382,03/01/2024,踱步,沙田,內圈,沙田 內圈,,,,,,助手,,快踱一圈,H,內圈 快踱一圈 (助手)
H382,02/01/2024,踱步,沙田,內圈,沙田 內圈,,,,,,助手,,快踱一圈,H,內圈 快踱一圈 (助手)
H382,01/01/2024,踱步,沙田,內圈,沙田 內圈,,,,,,助手,,倒快一圈,H,內圈 倒快一圈 (助手)
H382,28/12/2023,試閘,沙田,全天候,沙田 全天候,1050M,1.01.37,61.37,16.1 22.1 23.1,聚才,周俊樂,,第5組,XB,第5組 (周俊樂) 1050M 聚才 16.1 22.1 23.1 (1.01.37)
H382,27/12/2023,踱步,沙田,內圈,沙田 內圈,,,,,,助手,,快踱一圈,H,內圈 快踱一圈 (助手)
H382,26/12/2023,踱步,沙田,內圈,沙田 內圈,,,,,,助手,,快踱一圈,H,內圈 快踱一圈 (助手)
H382,25/12/2023,踱步,沙田,內圈,沙田 內圈,,,,,,助手,,倒快一圈,H,內圈 倒快一圈 (助手)
H382,24/12/2023,快操,沙田,全天候,沙田 全天候,,27.1,27.1,27.1,,助手,,快操,H,27.1 (27.1) (助手)
H382,24/12/2023,踱步,沙田,飛機場,沙田 飛機場,,,,,,助手,,踱步,H,飛機場 踱步 (助手)
H382,23/12/2023,踱步,沙田,內圈,沙田 內圈,,,,,,助手,,快踱一圈,H,內圈 快踱一圈 (助手)
H382,21/12/2023,快操,沙田,全天候,沙田 全天候,,28.5,28.5,28.5,,助手,,快操,H,28.5 (28.5) (助手)
H382,20/12/2023,踱步,沙田,內圈,沙田 內圈,,,,,,助手,,快踱一圈,H,內圈 快踱一圈 (助手)
H382,19/12/2023,踱步,沙田,內圈,沙田 內圈,,,,,,助手,,快踱一圈,H,內圈 快踱一圈 (助手)
H382,18/12/2023,踱步,沙田,內圈,沙田 內圈,,,,,,助手,,倒快一圈,H,內圈 倒快一圈 (助手)
H382,17/12/2023,快操,沙田,全天候,沙田 全天候,,23.6,23.6,23.6,,助手,,快操,H,23.6 (23.6) (助手)
H382,17/12/2023,踱步,沙田,飛機場,沙田 飛機場,,,,,,助手,,踱步,H,飛機場 踱步 (助手)
H382,16/12/2023,踱步,沙田,內圈,沙田 內圈,,,,,,助手,,快踱一圈,H,內圈 快踱一圈 (助手)
H382,15/12/2023,踱步,沙田,內圈,沙田 內圈,,,,,,助手,,快踱一圈,H,內圈 快踱一圈 (助手)
H382,14/12/2023,踱步,沙田,內圈,沙田 內圈,,,,,,助手,,倒快一圈,H,內圈 倒快一圈 (助手)
H382,13/12/2023,踱步,沙田,內圈,沙田 內圈,,,,,,助手,,快踱一圈,H,內圈 快踱一圈 (助手)
H382,12/12/2023,快操,沙田,全天候,沙田 全天候,,59.2,59.2,34.0 25.2,,副練馬師,,快操,H,34.0 25.2 (59.2) (副練馬師)
H382,12/12/2023,踱步,沙田,飛機場,沙田 飛機場,,,,,,副練馬師,,踱步,H,飛機場 踱步 (副練馬師)
H382,11/12/2023,踱步,沙田,內圈,沙田 內圈,,,,,,助手,,倒快一圈,H,內圈 倒快一圈 (助手)
H382,10/12/2023,踱步,沙田,內圈,沙田 內圈,,,,,,助手,,快踱一圈,H,內圈 快踱一圈 (助手)
H382,09/12/2023,踱步,沙田,內圈,沙田 內圈,,,,,,助手,,快踱一圈,H,內圈 快踱一圈 (助手)
H382,08/12/2023,快操,沙田,全天候,沙田 全天候,,25.7,25.7,25.7,,助手,,快操,H,25.7 (25.7) (助手)
H382,07/12/2023,踱步,沙田,內圈,沙田 內圈,,,,,,助手,,倒快一圈,H,內圈 倒快一圈 (助手)
H382,06/12/2023,踱步,沙田,內圈,沙田 內圈,,,,,,助手,,快踱一圈,H,內圈 快踱一圈 (助手)
H382,04/12/2023,踱步,沙田,內圈,沙田 內圈,,,,,,助手,,倒快一圈,H,內圈 倒快一圈 (助手)
H382,03/12/2023,踱步,沙田,飛機場,沙田 飛機場,,,,,,助手,,踱步,H,飛機場 踱步 (助手)
H382,02/12/2023,踱步,沙田,飛機場,沙田 飛機場,,,,,,助手,,踱步,H,飛機場 踱步 (助手)
H382,01/12/2023,踱步,沙田,飛機場,沙田 飛機場,,,,,,助手,,踱步,H,飛機場 踱步 (助手)
H382,30/11/2023,踱步,沙田,飛機場,沙田 飛機場,,,,,,助手,,踱步,H,飛機場 踱步 (助手)
H382,29/11/2023,踱步,沙田,內圈,沙田 內圈,,,,,,助手,,快踱一圈,H,內圈 快踱一圈 (助手)
H382,28/11/2023,踱步,沙田,內圈,沙田 內圈,,,,,,助手,,快踱一圈,H,內圈 快踱一圈 (助手)
H382,27/11/2023,踱步,沙田,內圈,沙田 內圈,,,,,,助手,,倒快一圈,H,內圈 倒快一圈 (助手)
H382,26/11/2023,踱步,沙田,飛機場,沙田 飛機場,,,,,,助手,,踱步,H,飛機場 踱步 (助手)
H382,25/11/2023,踱步,沙田,飛機場,沙田 飛機場,,,,,,助手,,踱步,H,飛機場 踱步 (助手)
H382,24/11/2023,踱步,沙田,飛機場,沙田 飛機場,,,,,,助手,,踱步,H,飛機場 踱步 (助手)
H382,19/11/2023,出賽,沙田,草地,沙田 草地,1200M,,,,,周俊樂,2/14,出賽,XB/TT,1200M (周俊樂) (2/14)
H382,19/11/2023,踱步,沙田,內圈,沙田 內圈,,,,,,副練馬師,,快踱一圈,,內圈 快踱一圈 (副練馬師)
H382,18/11/2023,游水,沙田,,沙田,,,,,,,,游水,,
H382,18/11/2023,踱步,沙田,內圈,沙田 內圈,,,,,,助手,,快踱一圈,H,內圈 快踱一圈 (助手)
H382,17/11/2023,游水,沙田,,沙田,,,,,,,,游水,,
H382,17/11/2023,踱步,沙田,內圈,沙田 內圈,,,,,,助手,,快踱一圈,H,內圈 快踱一圈 (助手)
H382,16/11/2023,游水,沙田,,沙田,,,,,,,,游水,,
H382,16/11/2023,踱步,沙田,內圈,沙田 內圈,,,,,,副練馬師,,倒快一圈,H,內圈 倒快一圈 (副練馬師)
H382,15/11/2023,快操,沙田,全天候,沙田 全天候,,25.5,25.5,25.5,,副練馬師,,快操,H,25.5 (25.5) (副練馬師)
H382,15/11/2023,踱步,沙田,飛機場,沙田 飛機場,,,,,,副練馬師,,踱步,H,飛機場 踱步 (副練馬師)
H382,14/11/2023,游水,沙田,,沙田,,,,,,,,游水,,
H382,14/11/2023,踱步,沙田,內圈,沙田 內圈,,,,,,助手,,快踱一圈,H,內圈 快踱一圈 (助手)
H382,13/11/2023,游水,沙田,,沙田,,,,,,,,游水,,
H382,13/11/2023,踱步,沙田,內圈,沙田 內圈,,,,,,副練馬師,,倒快一圈,H,內圈 倒快一圈 (副練馬師)
H382,12/11/2023,游水,沙田,,沙田,,,,,,,,游水,,
H382,12/11/2023,踱步,沙田,內圈,沙田 內圈,,,,,,副練馬師,,快踱一圈,H,內圈 快踱一圈 (副練馬師)
H382,11/11/2023,游水,沙田,,沙田,,,,,,,,游水,,
H382,11/11/2023,踱步,沙田,內圈,沙田 內圈,,,,,,助手,,快踱一圈,H,內圈 快踱一圈 (助手)
H382,10/11/2023,游水,沙田,,沙田,,,,,,,,游水,,
H382,10/11/2023,踱步,沙田,內圈,沙田 內圈,,,,,,助手,,快踱一圈,H,內圈 快踱一圈 (助手)
H382,09/11/2023,游水,沙田,,沙田,,,,,,,,游水,,
H382,09/11/2023,踱步,沙田,內圈,沙田 內圈,,,,,,助手,,倒快一圈,H,內圈 倒快一圈 (助手)
H382,08/11/2023,游水,沙田,,沙田,,,,,,,,游水,,
H382,07/11/2023,試閘,沙田,全天候,沙田 全天候,1200M,1.11.18,71.18,24.0 22.3 24.8,添開心,周俊樂,,第3組,XB,第3組 (周俊樂) 1200M 添開心 24.0 22.3 24.8 (1.11.18)
H382,06/11/2023,游水,沙田,,沙田,,,,,,,,游水,,
H382,06/11/2023,踱步,沙田,內圈,沙田 內圈,,,,,,助手,,倒快一圈,H,內圈 倒快一圈 (助手)
H382,05/11/2023,游水,沙田,,沙田,,,,,,,,游水,,
H382,05/11/2023,踱步,沙田,內圈,沙田 內圈,,,,,,助手,,快踱一圈,H,內圈 快踱一圈 (助手)
H382,04/11/2023,游水,沙田,,沙田,,,,,,,,游水,,
H382,04/11/2023,踱步,沙田,內圈,沙田 內圈,,,,,,助手,,快踱一圈,H,內圈 快踱一圈 (助手)
H382,03/11/2023,快操,沙田,全天候,沙田 全天候,,26.9,26.9,26.9,,副練馬師,,快操,H,26.9 (26.9) (副練馬師)
H382,03/11/2023,踱步,沙田,飛機場,沙田 飛機場,,,,,,副練馬師,,踱步,H,飛機場 踱步 (副練馬師)
H382,02/11/2023,游水,沙田,,沙田,,,,,,,,游水,,
H382,02/11/2023,踱步,沙田,內圈,沙田 內圈,,,,,,助手,,倒快一圈,H,內圈 倒快一圈 (助手)
H382,01/11/2023,游水,沙田,,沙田,,,,,,,,游水,,
H382,01/11/2023,踱步,沙田,內圈,沙田 內圈,,,,,,助手,,快踱一圈,H,內圈 快踱一圈 (助手)
H382,31/10/2023,游水,沙田,,沙田,,,,,,,,游水,,
H382,31/10/2023,踱步,沙田,內圈,沙田 內圈,,,,,,助手,,快踱一圈,H,內圈 快踱一圈 (助手)
H382,30/10/2023,快操,沙田,全天候,沙田 全天候,,24.9,24.9,24.9,,副練馬師,,快操,H,24.9 (24.9) (副練馬師)
H382,30/10/2023,踱步,沙田,飛機場,沙田 飛機場,,,,,,副練馬師,,踱步,H,飛機場 踱步 (副練馬師)
H382,29/10/2023,游水,沙田,,沙田,,,,,,,,游水,,
H382,29/10/2023,踱步,沙田,內圈,沙田 內圈,,,,,,助手,,快踱一圈,H,內圈 快踱一圈 (助手)
H382,28/10/2023,游水,沙田,,沙田,,,,,,,,游水,,
H382,28/10/2023,踱步,沙田,內圈,沙田 內圈,,,,,,助手,,快踱一圈,H,內圈 快踱一圈 (助手)
H382,27/10/2023,游水,沙田,,沙田,,,,,,,,游水,,
H382,27/10/2023,踱步,沙田,內圈,沙田 內圈,,,,,,助手,,快踱一圈,H,內圈 快踱一圈 (助手)
H382,26/10/2023,游水,沙田,,沙田,,,,,,,,游水,,
H382,26/10/2023,快操,沙田,全天候,沙田 全天候,,30.2,30.2,30.2,,副練馬師,,快操,H,30.2 (30.2) (副練馬師)
H382,26/10/2023,踱步,沙田,飛機場,沙田 飛機場,,,,,,副練馬師,,踱步,H,飛機場 踱步 (副練馬師)
H382,25/10/2023,游水,沙田,,沙田,,,,,,,,游水,,
H382,25/10/2023,踱步,沙田,內圈,沙田 內圈,,,,,,助手,,快踱一圈,H,內圈 快踱一圈 (助手)
H382,24/10/2023,游水,沙田,,沙田,,,,,,,,游水,,
H382,24/10/2023,踱步,沙田,內圈,沙田 內圈,,,,,,助手,,快踱一圈,H,內圈 快踱一圈 (助手)
H382,23/10/2023,游水,沙田,,沙田,,,,,,,,游水,,
H382,23/10/2023,踱步,沙田,內圈,沙田 內圈,,,,,,助手,,倒快一圈,H,內圈 倒快一圈 (助手)
H382,22/10/2023,踱步,沙田,飛機場,沙田 飛機場,,,,,,助手,,踱步,H,飛機場 踱步 (助手)
H382,18/10/2023,出賽,跑馬地,草地,跑馬地 草地,1200M,,,,,董明朗,9/12,出賽,XB1/TT1,1200M (董明朗) (9/12)
H382,18/10/2023,踱步,沙田,內圈,沙田 內圈,,,,,,助手,,快踱一圈,H,內圈 快踱一圈 (助手)
H382,17/10/2023,游水,沙田,,沙田,,,,,,,,游水,,
H382,17/10/2023,踱步,沙田,內圈,沙田 內圈,,,,,,助手,,快踱一圈,H,內圈 快踱一圈 (助手)
H382,16/10/2023,游水,沙田,,沙田,,,,,,,,游水,,
H382,16/10/2023,踱步,沙田,內圈,沙田 內圈,,,,,,副練馬師,,倒快一圈,H,內圈 倒快一圈 (副練馬師)
H382,15/10/2023,游水,沙田,,沙田,,,,,,,,游水,,
H382,15/10/2023,踱步,沙田,內圈,沙田 內圈,,,,,,副練馬師,,快踱一圈,H,內圈 快踱一圈 (副練馬師)
H382,14/10/2023,快操,沙田,全天候,沙田 全天候,,25.6,25.6,25.6,,副練馬師,,快操,H,25.6 (25.6) (副練馬師)
H382,14/10/2023,踱步,沙田,飛機場,沙田 飛機場,,,,,,副練馬師,,踱步,H,飛機場 踱步 (副練馬師)
H382,13/10/2023,游水,沙田,,沙田,,,,,,,,游水,,
H382,13/10/2023,踱步,沙田,內圈,沙田 內圈,,,,,,助手,,快踱一圈,H,內圈 快踱一圈 (助手)
H382,12/10/2023,游水,沙田,,沙田,,,,,,,,游水,,
H382,12/10/2023,踱步,沙田,內圈,沙田 內圈,,,,,,助手,,倒快一圈,H,內圈 倒快一圈 (助手)
H382,11/10/2023,游水,沙田,,沙田,,,,,,,,游水,,
H382,11/10/2023,踱步,沙田,內圈,沙田 內圈,,,,,,副練馬師,,快踱一圈,H,內圈 快踱一圈 (副練馬師)
H382,10/10/2023,游水,沙田,,沙田,,,,,,,,游水,,
H382,10/10/2023,快操,沙田,全天候,沙田 全天候,,25.7,25.7,25.7,,副練馬師,,快操,H,25.7 (25.7) (副練馬師)
H382,10/10/2023,踱步,沙田,飛機場,沙田 飛機場,,,,,,副練馬師,,踱步,H,飛機場 踱步 (副練馬師)
H382,08/10/2023,踱步,沙田,內圈,沙田 內圈,,,,,,助手,,快踱一圈,H,內圈 快踱一圈 (助手)
H382,07/10/2023,游水,沙田,,沙田,,,,,,,,游水,,
H382,07/10/2023,踱步,沙田,內圈,沙田 內圈,,,,,,助手,,快踱一圈,H,內圈 快踱一圈 (助手)
H382,06/10/2023,游水,沙田,,沙田,,,,,,,,游水,,
H382,06/10/2023,踱步,沙田,內圈,沙田 內圈,,,,,,助手,,快踱一圈,H,內圈 快踱一圈 (助手)
H382,05/10/2023,游水,沙田,,沙田,,,,,,,,游水,,
H382,05/10/2023,踱步,沙田,內圈,沙田 內圈,,,,,,助手,,倒快一圈,H,內圈 倒快一圈 (助手)
H382,04/10/2023,游水,沙田,,沙田,,,,,,,,游水,,
H382,04/10/2023,快操,沙田,全天候,沙田 全天候,,26.8,26.8,26.8,,副練馬師,,快操,H,26.8 (26.8) (副練馬師)
H382,04/10/2023,踱步,沙田,飛機場,沙田 飛機場,,,,,,副練馬師,,踱步,H,飛機場 踱步 (副練馬師)
H382,03/10/2023,游水,沙田,,沙田,,,,,,,,游水,,
H382,03/10/2023,踱步,沙田,內圈,沙田 內圈,,,,,,助手,,快踱一圈,H,內圈 快踱一圈 (助手)
H382,02/10/2023,游水,沙田,,沙田,,,,,,,,游水,,
H382,02/10/2023,踱步,沙田,內圈,沙田 內圈,,,,,,副練馬師,,倒快一圈,H,內圈 倒快一圈 (副練馬師)
H382,01/10/2023,游水,沙田,,沙田,,,,,,,,游水,,
H382,01/10/2023,快操,沙田,全天候,沙田 全天候,,25.3,25.3,25.3,,副練馬師,,快操,H,25.3 (25.3) (副練馬師)
H382,01/10/2023,踱步,沙田,飛機場,沙田 飛機場,,,,,,副練馬師,,踱步,H,飛機場 踱步 (副練馬師)
H382,30/09/2023,游水,沙田,,沙田,,,,,,,,游水,,
H382,30/09/2023,踱步,沙田,內圈,沙田 內圈,,,,,,助手,,快踱一圈,H,內圈 快踱一圈 (助手)
H382,29/09/2023,游水,沙田,,沙田,,,,,,,,游水,,
H382,29/09/2023,踱步,沙田,內圈,沙田 內圈,,,,,,助手,,快踱一圈,H,內圈 快踱一圈 (助手)
H382,28/09/2023,游水,沙田,,沙田,,,,,,,,游水,,
H382,28/09/2023,踱步,沙田,內圈,沙田 內圈,,,,,,助手,,倒快一圈,H,內圈 倒快一圈 (助手)
H382,27/09/2023,游水,沙田,,沙田,,,,,,,,游水,,
H382,27/09/2023,快操,沙田,全天候,沙田 全天候,,25.3,25.3,25.3,,副練馬師,,快操,H,25.3 (25.3) (副練馬師)
H382,27/09/2023,踱步,沙田,飛機場,沙田 飛機場,,,,,,副練馬師,,踱步,H,飛機場 踱步 (副練馬師)
H382,26/09/2023,游水,沙田,,沙田,,,,,,,,游水,,
H382,26/09/2023,踱步,沙田,內圈,沙田 內圈,,,,,,助手,,快踱一圈,H,內圈 快踱一圈 (助手)
H382,25/09/2023,游水,沙田,,沙田,,,,,,,,游水,,
H382,25/09/2023,踱步,沙田,內圈,沙田 內圈,,,,,,助手,,倒快一圈,H,內圈 倒快一圈 (助手)
H382,24/09/2023,游水,沙田,,沙田,,,,,,,,游水,,
H382,24/09/2023,踱步,沙田,內圈,沙田 內圈,,,,,,助手,,快踱一圈,H,內圈 快踱一圈 (助手)
H382,23/09/2023,游水,沙田,,沙田,,,,,,,,游水,,
H382,23/09/2023,快操,沙田,全天候,沙田 全天候,,25.5,25.5,25.5,,副練馬師,,快操,H,25.5 (25.5) (副練馬師)
H382,23/09/2023,踱步,沙田,飛機場,沙田 飛機場,,,,,,副練馬師,,踱步,H,飛機場 踱步 (副練馬師)
H382,22/09/2023,游水,沙田,,沙田,,,,,,,,游水,,
H382,22/09/2023,踱步,沙田,內圈,沙田 內圈,,,,,,助手,,快踱一圈,H,內圈 快踱一圈 (助手)
H382,21/09/2023,游水,沙田,,沙田,,,,,,,,游水,,
H382,21/09/2023,踱步,沙田,內圈,沙田 內圈,,,,,,助手,,倒快一圈,H,內圈 倒快一圈 (助手)
H382,20/09/2023,游水,沙田,,沙田,,,,,,,,游水,,
H382,19/09/2023,游水,沙田,,沙田,,,,,,,,游水,,
H382,19/09/2023,踱步,沙田,內圈,沙田 內圈,,,,,,助手,,快踱一圈,H,內圈 快踱一圈 (助手)
H382,18/09/2023,游水,沙田,,沙田,,,,,,,,游水,,
H382,18/09/2023,踱步,沙田,內圈,沙田 內圈,,,,,,副練馬師,,倒快一圈,H,內圈 倒快一圈 (副練馬師)
H382,17/09/2023,游水,沙田,,沙田,,,,,,,,游水,,
H382,16/09/2023,試閘,跑馬地,草地,跑馬地 草地,1200M,1.12.41,72.41,25.2 24.1 23.1,水晶酒杯,希威森,,第6組,XB,第6組 (希威森) 1200M 水晶酒杯 25.2 24.1 23.1 (1.12.41)
H382,15/09/2023,游水,沙田,,沙田,,,,,,,,游水,,
H382,15/09/2023,踱步,沙田,內圈,沙田 內圈,,,,,,助手,,快踱一圈,H,內圈 快踱一圈 (助手)
H382,14/09/2023,游水,沙田,,沙田,,,,,,,,游水,,
H382,14/09/2023,踱步,沙田,內圈,沙田 內圈,,,,,,助手,,倒快一圈,H,內圈 倒快一圈 (助手)
H382,13/09/2023,游水,沙田,,沙田,,,,,,,,游水,,
H382,13/09/2023,踱步,沙田,內圈,沙田 內圈,,,,,,助手,,快踱一圈,H,內圈 快踱一圈 (助手)
H382,12/09/2023,游水,沙田,,沙田,,,,,,,,游水,,
H382,12/09/2023,快操,沙田,全天候,沙田 全天候,,25.3,25.3,25.3,,副練馬師,,快操,H,25.3 (25.3) (副練馬師)
H382,12/09/2023,踱步,沙田,飛機場,沙田 飛機場,,,,,,副練馬師,,踱步,H,飛機場 踱步 (副練馬師)
H382,11/09/2023,游水,沙田,,沙田,,,,,,,,游水,,
H382,11/09/2023,踱步,沙田,內圈,沙田 內圈,,,,,,助手,,倒快一圈,H,內圈 倒快一圈 (助手)
H382,10/09/2023,游水,沙田,,沙田,,,,,,,,游水,,
H382,10/09/2023,踱步,沙田,內圈,沙田 內圈,,,,,,助手,,快踱一圈,H,內圈 快踱一圈 (助手)
H382,09/09/2023,游水,沙田,,沙田,,,,,,,,游水,,
H382,09/09/2023,踱步,沙田,內圈,沙田 內圈,,,,,,副練馬師,,快踱一圈,H,內圈 快踱一圈 (副練馬師)
H382,07/09/2023,游水,沙田,,沙田,,,,,,,,游水,,
H382,07/09/2023,踱步,沙田,內圈,沙田 內圈,,,,,,助手,,倒快一圈,H,內圈 倒快一圈 (助手)
H382,06/09/2023,游水,沙田,,沙田,,,,,,,,游水,,
H382,06/09/2023,踱步,沙田,內圈,沙田 內圈,,,,,,助手,,快踱一圈,H,內圈 快踱一圈 (助手)
H382,05/09/2023,游水,沙田,,沙田,,,,,,,,游水,,
H382,05/09/2023,踱步,沙田,內圈,沙田 內圈,,,,,,助手,,快踱一圈,H,內圈 快踱一圈 (助手)
H382,04/09/2023,游水,沙田,,沙田,,,,,,,,游水,,
H382,04/09/2023,快操,沙田,全天候,沙田 全天候,,58.6,58.6,32.3 26.3,,副練馬師,,快操,H,32.3 26.3 (58.6) (副練馬師)
H382,04/09/2023,踱步,沙田,飛機場,沙田 飛機場,,,,,,副練馬師,,踱步,H,飛機場 踱步 (副練馬師)
H382,03/09/2023,游水,沙田,,沙田,,,,,,,,游水,,
H382,03/09/2023,踱步,沙田,內圈,沙田 內圈,,,,,,助手,,快踱一圈,H,內圈 快踱一圈 (助手)
H382,31/08/2023,游水,沙田,,沙田,,,,,,,,游水,,
H382,31/08/2023,快操,沙田,全天候,沙田 全天候,,27.4,27.4,27.4,,副練馬師,,快操,H,27.4 (27.4) (副練馬師)
H382,31/08/2023,踱步,沙田,飛機場,沙田 飛機場,,,,,,副練馬師,,踱步,H,飛機場 踱步 (副練馬師)
H382,30/08/2023,游水,沙田,,沙田,,,,,,,,游水,,
H382,30/08/2023,踱步,沙田,內圈,沙田 內圈,,,,,,助手,,快踱一圈,H,內圈 快踱一圈 (助手)
H382,29/08/2023,游水,沙田,,沙田,,,,,,,,游水,,
H382,29/08/2023,踱步,沙田,內圈,沙田 內圈,,,,,,助手,,快踱一圈,H,內圈 快踱一圈 (助手)
H382,28/08/2023,游水,沙田,,沙田,,,,,,,,游水,,
H382,28/08/2023,踱步,沙田,內圈,沙田 內圈,,,,,,助手,,倒快一圈,H,內圈 倒快一圈 (助手)
H382,27/08/2023,游水,沙田,,沙田,,,,,,,,游水,,
H382,27/08/2023,踱步,沙田,內圈,沙田 內圈,,,,,,助手,,快踱一圈,H,內圈 快踱一圈 (助手)
H382,26/08/2023,游水,沙田,,沙田,,,,,,,,游水,,
H382,26/08/2023,踱步,沙田,內圈,沙田 內圈,,,,,,助手,,快踱一圈,H,內圈 快踱一圈 (助手)
H382,25/08/2023,游水,沙田,,沙田,,,,,,,,游水,,
H382,25/08/2023,踱步,沙田,內圈,沙田 內圈,,,,,,助手,,快踱一圈,H,內圈 快踱一圈 (助手)
H382,24/08/2023,游水,沙田,,沙田,,,,,,,,游水,,
H382,23/08/2023,試閘,沙田,全天候,沙田 全天候,1050M,1.00.95,60.95,16.1 22.1 22.7,縱橫萬里,希威森,,第1組,,第1組 (希威森) 1050M 縱橫萬里 16.1 22.1 22.7 (1.00.95)
H382,22/08/2023,游水,沙田,,沙田,,,,,,,,游水,,
H382,22/08/2023,踱步,沙田,內圈,沙田 內圈,,,,,,助手,,快踱一圈,H,內圈 快踱一圈 (助手)
H382,21/08/2023,游水,沙田,,沙田,,,,,,,,游水,,
H382,21/08/2023,踱步,沙田,內圈,沙田 內圈,,,,,,副練馬師,,倒快一圈,H,內圈 倒快一圈 (副練馬師)
H382,20/08/2023,游水,沙田,,沙田,,,,,,,,游水,,
H382,20/08/2023,踱步,沙田,內圈,沙田 內圈,,,,,,副練馬師,,快踱一圈,H,內圈 快踱一圈 (副練馬師)
H382,19/08/2023,游水,沙田,,沙田,,,,,,,,游水,,
H382,19/08/2023,快操,沙田,全天候,沙田 全天候,,26.0,26.0,26.0,,副練馬師,,快操,H,26.0 (26.0) (副練馬師)
H382,19/08/2023,踱步,沙田,飛機場,沙田 飛機場,,,,,,副練馬師,,踱步,H,飛機場 踱步 (副練馬師)
H382,18/08/2023,游水,沙田,,沙田,,,,,,,,游水,,
H382,18/08/2023,踱步,沙田,內圈,沙田 內圈,,,,,,助手,,快踱一圈,H,內圈 快踱一圈 (助手)
H382,17/08/2023,游水,沙田,,沙田,,,,,,,,游水,,
H382,17/08/2023,踱步,沙田,內圈,沙田 內圈,,,,,,副練馬師,,倒快一圈,H,內圈 倒快一圈 (副練馬師)
H382,16/08/2023,游水,沙田,,沙田,,,,,,,,游水,,
H382,16/08/2023,踱步,沙田,內圈,沙田 內圈,,,,,,助手,,快踱一圈,H,內圈 快踱一圈 (助手)
H382,15/08/2023,游水,沙田,,沙田,,,,,,,,游水,,
H382,15/08/2023,快操,沙田,全天候,沙田 全天候,,25.6,25.6,25.6,,副練馬師,,快操,H,25.6 (25.6) (副練馬師)
H382,15/08/2023,踱步,沙田,飛機場,沙田 飛機場,,,,,,副練馬師,,踱步,H,飛機場 踱步 (副練馬師)
H382,14/08/2023,游水,沙田,,沙田,,,,,,,,游水,,
H382,14/08/2023,踱步,沙田,內圈,沙田 內圈,,,,,,副練馬師,,倒快兩圈,H,內圈 倒快兩圈 (副練馬師)
H382,13/08/2023,游水,沙田,,沙田,,,,,,,,游水,,
H382,13/08/2023,踱步,沙田,內圈,沙田 內圈,,,,,,助手,,快踱一圈,H,內圈 快踱一圈 (助手)
H382,12/08/2023,游水,沙田,,沙田,,,,,,,,游水,,
H382,12/08/2023,踱步,沙田,內圈,沙田 內圈,,,,,,助手,,快踱一圈,H,內圈 快踱一圈 (助手)
H382,11/08/2023,游水,沙田,,沙田,,,,,,,,游水,,
H382,11/08/2023,快操,沙田,全天候,沙田 全天候,,26.3,26.3,26.3,,助手,,快操,H,26.3 (26.3) (助手)
H382,11/08/2023,踱步,沙田,飛機場,沙田 飛機場,,,,,,助手,,踱步,H,飛機場 踱步 (助手)
H382,10/08/2023,游水,沙田,,沙田,,,,,,,,游水,,
H382,10/08/2023,踱步,沙田,內圈,沙田 內圈,,,,,,副練馬師,,快踱一圈,H,內圈 快踱一圈 (副練馬師)
H382,09/08/2023,游水,沙田,,沙田,,,,,,,,游水,,
H382,09/08/2023,踱步,沙田,內圈,沙田 內圈,,,,,,助手,,快踱一圈,H,內圈 快踱一圈 (助手)
H382,08/08/2023,游水,沙田,,沙田,,,,,,,,游水,,
H382,08/08/2023,踱步,沙田,內圈,沙田 內圈,,,,,,助手,,快踱一圈,H,內圈 快踱一圈 (助手)
H382,07/08/2023,游水,沙田,,沙田,,,,,,,,游水,,
H382,07/08/2023,快操,沙田,全天候,沙田 全天候,,26.6,26.6,26.6,,助手,,快操,H,26.6 (26.6) (助手)
H382,07/08/2023,踱步,沙田,飛機場,沙田 飛機場,,,,,,助手,,踱步,H,飛機場 踱步 (助手)
H382,06/08/2023,游水,沙田,,沙田,,,,,,,,游水,,
H382,06/08/2023,踱步,沙田,外圈,沙田 外圈,,,,,,助手,,快踱一圈,H,外圈 快踱一圈 (助手)
H382,05/08/2023,游水,沙田,,沙田,,,,,,,,游水,,
H382,05/08/2023,踱步,沙田,外圈,沙田 外圈,,,,,,助手,,快踱一圈,H,外圈 快踱一圈 (助手)
H382,04/08/2023,游水,沙田,,沙田,,,,,,,,游水,,
H382,04/08/2023,踱步,沙田,外圈,沙田 外圈,,,,,,助手,,快踱一圈,H,外圈 快踱一圈 (助手)
H382,03/08/2023,游水,沙田,,沙田,,,,,,,,游水,,
H382,03/08/2023,踱步,沙田,外圈,沙田 外圈,,,,,,助手,,快踱一圈,H,外圈 快踱一圈 (助手)
H382,02/08/2023,游水,沙田,,沙田,,,,,,,,游水,,
H382,02/08/2023,踱步,沙田,外圈,沙田 外圈,,,,,,助手,,快踱一圈,H,外圈 快踱一圈 (助手)
H382,01/08/2023,游水,沙田,,沙田,,,,,,,,游水,,
H382,01/08/2023,踱步,沙田,外圈,沙田 外圈,,,,,,助手,,快踱一圈,H,外圈 快踱一圈 (助手)
H382,31/07/2023,游水,沙田,,沙田,,,,,,,,游水,,
H382,31/07/2023,踱步,沙田,外圈,沙田 外圈,,,,,,助手,,快踱一圈,H,外圈 快踱一圈 (助手)
H382,30/07/2023,踱步,沙田,飛機場,沙田 飛機場,,,,,,助手,,踱步,H,飛機場 踱步 (助手)
H382,29/07/2023,踱步,沙田,飛機場,沙田 飛機場,,,,,,助手,,踱步,H,飛機場 踱步 (助手)
H382,28/07/2023,踱步,沙田,飛機場,沙田 飛機場,,,,,,助手,,踱步,H,飛機場 踱步 (助手)
H382,27/07/2023,踱步,沙田,飛機場,沙田 飛機場,,,,,,助手,,踱步,H,飛機場 踱步 (助手)
H382,26/07/2023,踱步,沙田,飛機場,沙田 飛機場,,,,,,助手,,踱步,H,飛機場 踱步 (助手)
H382,25/07/2023,踱步,沙田,飛機場,沙田 飛機場,,,,,,助手,,踱步,H,飛機場 踱步 (助手)
H382,24/07/2023,踱步,沙田,飛機場,沙田 飛機場,,,,,,助手,,踱步,H,飛機場 踱步 (助手)
H382,16/07/2023,游水,沙田,,沙田,,,,,,,,游水,,
H382,16/07/2023,踱步,沙田,外圈,沙田 外圈,,,,,,助手,,快踱一圈,H,外圈 快踱一圈 (助手)
H382,15/07/2023,游水,沙田,,沙田,,,,,,,,游水,,
H382,15/07/2023,踱步,沙田,外圈,沙田 外圈,,,,,,助手,,快踱一圈,H,外圈 快踱一圈 (助手)
H382,14/07/2023,游水,沙田,,沙田,,,,,,,,游水,,
H382,14/07/2023,踱步,沙田,外圈,沙田 外圈,,,,,,助手,,快踱一圈,H,外圈 快踱一圈 (助手)
H382,13/07/2023,游水,沙田,,沙田,,,,,,,,游水,,
H382,13/07/2023,踱步,沙田,外圈,沙田 外圈,,,,,,助手,,快踱一圈,H,外圈 快踱一圈 (助手)
H382,12/07/2023,游水,沙田,,沙田,,,,,,,,游水,,
H382,12/07/2023,踱步,沙田,外圈,沙田 外圈,,,,,,助手,,快踱一圈,H,外圈 快踱一圈 (助手)
H382,11/07/2023,游水,沙田,,沙田,,,,,,,,游水,,
H382,11/07/2023,踱步,沙田,外圈,沙田 外圈,,,,,,助手,,快踱一圈,,外圈 快踱一圈 (助手)
H382,10/07/2023,游水,沙田,,沙田,,,,,,,,游水,,
H382,10/07/2023,踱步,沙田,外圈,沙田 外圈,,,,,,助手,,快踱一圈,H,外圈 快踱一圈 (助手)
H382,09/07/2023,游水,沙田,,沙田,,,,,,,,游水,,
H382,09/07/2023,踱步,沙田,外圈,沙田 外圈,,,,,,助手,,快踱一圈,H,外圈 快踱一圈 (助手)
H382,08/07/2023,游水,沙田,,沙田,,,,,,,,游水,,
H382,08/07/2023,踱步,沙田,飛機場,沙田 飛機場,,,,,,助手,,踱步,H,飛機場 踱步 (助手)
H382,07/07/2023,游水,沙田,,沙田,,,,,,,,游水,,
H382,07/07/2023,踱步,沙田,飛機場,沙田 飛機場,,,,,,助手,,踱步,H,飛機場 踱步 (助手)
H382,06/07/2023,游水,沙田,,沙田,,,,,,,,游水,,
H382,06/07/2023,踱步,沙田,飛機場,沙田 飛機場,,,,,,助手,,踱步,H,飛機場 踱步 (助手)
H382,05/07/2023,踱步,從化,內圈,從化 內圈,,,,,,助手,,快踱一圈,H,內圈 快踱一圈 (助手)
H382,04/07/2023,游水,從化,,從化,,,,,,,,游水,,
H382,04/07/2023,踱步,從化,內圈,從化 內圈,,,,,,助手,,快踱一圈,H,內圈 快踱一圈 (助手)
H382,03/07/2023,踱步,從化,內圈,從化 內圈,,,,,,助手,,倒快一圈,H,內圈 倒快一圈 (助手)
H382,02/07/2023,游水,從化,,從化,,,,,,,,游水,,
H382,02/07/2023,踱步,從化,內圈,從化 內圈,,,,,,助手,,快踱一圈,H,內圈 快踱一圈 (助手)
H382,01/07/2023,游水,從化,,從化,,,,,,,,游水,,
H382,01/07/2023,踱步,從化,內圈,從化 內圈,,,,,,助手,,快踱一圈,H,內圈 快踱一圈 (助手)
H382,29/06/2023,試閘,從化,草地,從化 草地,1200M,1.12.83,72.83,25.1 23.0 24.7,凌厲,祖利曼,,第5組,,第5組 (祖利曼) 1200M 凌厲 25.1 23.0 24.7 (1.12.83)
H382,29/06/2023,踱步,從化,飛機場,從化 飛機場,,,,,,助手,,踱步,,飛機場 踱步 (助手)
H382,28/06/2023,游水,從化,,從化,,,,,,,,游水,,
H382,28/06/2023,踱步,從化,內圈,從化 內圈,,,,,,助手,,快踱一圈,H,內圈 快踱一圈 (助手)
H382,27/06/2023,游水,從化,,從化,,,,,,,,游水,,
H382,27/06/2023,踱步,從化,內圈,從化 內圈,,,,,,助手,,快踱一圈,H,內圈 快踱一圈 (助手)
H382,26/06/2023,游水,從化,,從化,,,,,,,,游水,,
H382,26/06/2023,踱步,從化,內圈,從化 內圈,,,,,,助手,,倒快一圈,H,內圈 倒快一圈 (助手)
H382,25/06/2023,快操,從化,全天候,從化 全天候,,54.4,54.4,29.9 24.5,,助手,,開心摯友,H,29.9 24.5 (54.4) (助手) 開心摯友
H382,25/06/2023,踱步,從化,飛機場,從化 飛機場,,,,,,助手,,踱步,H,飛機場 踱步 (助手)
H382,24/06/2023,游水,從化,,從化,,,,,,,,游水,,
H382,24/06/2023,踱步,從化,內圈,從化 內圈,,,,,,助手,,快踱一圈,H,內圈 快踱一圈 (助手)
H382,23/06/2023,游水,從化,,從化,,,,,,,,游水,,
H382,23/06/2023,踱步,從化,內圈,從化 內圈,,,,,,助手,,快踱一圈,H,內圈 快踱一圈 (助手)
H382,22/06/2023,游水,從化,,從化,,,,,,,,游水,,
H382,22/06/2023,踱步,從化,內圈,從化 內圈,,,,,,助手,,倒快一圈,H,內圈 倒快一圈 (助手)
H382,21/06/2023,快操,從化,全天候,從化 全天候,,58.2,58.2,30.8 27.4,,助手,,快操,H,30.8 27.4 (58.2) (助手)
H382,21/06/2023,踱步,從化,飛機場,從化 飛機場,,,,,,助手,,踱步,H,飛機場 踱步 (助手)
H382,20/06/2023,游水,從化,,從化,,,,,,,,游水,,
H382,20/06/2023,踱步,從化,內圈,從化 內圈,,,,,,助手,,快踱一圈,H,內圈 快踱一圈 (助手)
H382,19/06/2023,游水,從化,,從化,,,,,,,,游水,,
H382,19/06/2023,踱步,從化,內圈,從化 內圈,,,,,,助手,,倒快一圈,H,內圈 倒快一圈 (助手)
H382,18/06/2023,游水,從化,,從化,,,,,,,,游水,,
H382,18/06/2023,踱步,從化,內圈,從化 內圈,,,,,,助手,,快踱一圈,H,內圈 快踱一圈 (助手)
H382,17/06/2023,快操,從化,全天候,從化 全天候,,27.1,27.1,27.1,,助手,,快操,H,27.1 (27.1) (助手)
H382,17/06/2023,踱步,從化,飛機場,從化 飛機場,,,,,,助手,,踱步,H,飛機場 踱步 (助手)
H382,16/06/2023,游水,從化,,從化,,,,,,,,游水,,
H382,16/06/2023,踱步,從化,內圈,從化 內圈,,,,,,助手,,快踱一圈,H,內圈 快踱一圈 (助手)
H382,15/06/2023,游水,從化,,從化,,,,,,,,游水,,
H382,15/06/2023,踱步,從化,內圈,從化 內圈,,,,,,助手,,倒快一圈,H,內圈 倒快一圈 (助手)
H382,14/06/2023,游水,從化,,從化,,,,,,,,游水,,
H382,14/06/2023,踱步,從化,內圈,從化 內圈,,,,,,助手,,快踱一圈,H,內圈 快踱一圈 (助手)
H382,13/06/2023,游水,從化,,從化,,,,,,,,游水,,
H382,13/06/2023,踱步,從化,內圈,從化 內圈,,,,,,助手,,快踱一圈,H,內圈 快踱一圈 (助手)
H382,12/06/2023,踱步,從化,內圈,從化 內圈,,,,,,助手,,倒快一圈,H,內圈 倒快一圈 (助手)
H382,11/06/2023,踱步,從化,內圈,從化 內圈,,,,,,助手,,快踱一圈,H,內圈 快踱一圈 (助手)
H382,10/06/2023,踱步,從化,內圈,從化 內圈,,,,,,助手,,快踱一圈,H,內圈 快踱一圈 (助手)
H382,08/06/2023,試閘,從化,草地,從化 草地,800M,0.46.38,46.38,23.7 22.6,電路七號,周俊樂,,第3組,,第3組 (周俊樂) 800M 電路七號 23.7 22.6 (0.46.38)
H382,08/06/2023,游水,從化,,從化,,,,,,,,游水,,
H382,08/06/2023,踱步,從化,飛機場,從化 飛機場,,,,,,助手,,踱步,,飛機場 踱步 (助手)
H382,07/06/2023,游水,從化,,從化,,,,,,,,游水,,
H382,07/06/2023,踱步,從化,內圈,從化 內圈,,,,,,助手,,快踱一圈,H,內圈 快踱一圈 (助手)
H382,06/06/2023,游水,從化,,從化,,,,,,,,游水,,
H382,06/06/2023,踱步,從化,內圈,從化 內圈,,,,,,助手,,快踱一圈,H,內圈 快踱一圈 (助手)
H382,05/06/2023,游水,從化,,從化,,,,,,,,游水,,
H382,05/06/2023,踱步,從化,內圈,從化 內圈,,,,,,助手,,倒快一圈,H,內圈 倒快一圈 (助手)
H382,04/06/2023,游水,從化,,從化,,,,,,,,游水,,
H382,04/06/2023,快操,從化,全天候,從化 全天候,,25.5,25.5,25.5,,助手,,快操,H,25.5 (25.5) (助手)
H382,04/06/2023,踱步,從化,飛機場,從化 飛機場,,,,,,助手,,踱步,H,飛機場 踱步 (助手)
H382,03/06/2023,游水,從化,,從化,,,,,,,,游水,,
H382,03/06/2023,踱步,從化,內圈,從化 內圈,,,,,,助手,,快踱一圈,H,內圈 快踱一圈 (助手)
H382,02/06/2023,游水,從化,,從化,,,,,,,,游水,,
H382,02/06/2023,踱步,從化,內圈,從化 內圈,,,,,,助手,,快踱一圈,H,內圈 快踱一圈 (助手)
H382,01/06/2023,游水,從化,,從化,,,,,,,,游水,,
H382,01/06/2023,快操,從化,全天候,從化 全天候,,26.2,26.2,26.2,,助手,,快操,H,26.2 (26.2) (助手)
H382,01/06/2023,踱步,從化,飛機場,從化 飛機場,,,,,,助手,,踱步,H,飛機場 踱步 (助手)
H382,31/05/2023,游水,從化,,從化,,,,,,,,游水,,
H382,31/05/2023,踱步,從化,內圈,從化 內圈,,,,,,助手,,快踱一圈,H,內圈 快踱一圈 (助手)
H382,30/05/2023,游水,從化,,從化,,,,,,,,游水,,
H382,30/05/2023,踱步,從化,內圈,從化 內圈,,,,,,助手,,快踱一圈,H,內圈 快踱一圈 (助手)
H382,29/05/2023,游水,從化,,從化,,,,,,,,游水,,
H382,29/05/2023,踱步,從化,內圈,從化 內圈,,,,,,助手,,倒快一圈,H,內圈 倒快一圈 (助手)
H382,28/05/2023,游水,從化,,從化,,,,,,,,游水,,
H382,28/05/2023,快操,從化,全天候,從化 全天候,,26.6,26.6,26.6,,助手,,快操,H,26.6 (26.6) (助手)
H382,28/05/2023,踱步,從化,飛機場,從化 飛機場,,,,,,助手,,踱步,H,飛機場 踱步 (助手)
H382,27/05/2023,踱步,從化,內圈,從化 內圈,,,,,,助手,,快踱一圈,H,內圈 快踱一圈 (助手)
H382,26/05/2023,踱步,從化,飛機場,從化 飛機場,,,,,,助手,,踱步,,飛機場 踱步 (助手)
H382,24/05/2023,游水,沙田,,沙田,,,,,,,,游水,,
H382,24/05/2023,踱步,沙田,內圈,沙田 內圈,,,,,,助手,,快踱一圈,H,內圈 快踱一圈 (助手)
H382,23/05/2023,游水,沙田,,沙田,,,,,,,,游水,,
H382,23/05/2023,快操,沙田,全天候,沙田 全天候,,26.0,26.0,26.0,,助手,,快操,H,26.0 (26.0) (助手)
H382,22/05/2023,游水,沙田,,沙田,,,,,,,,游水,,
H382,22/05/2023,踱步,沙田,內圈,沙田 內圈,,,,,,助手,,倒快一圈,H,內圈 倒快一圈 (助手)
H382,21/05/2023,游水,沙田,,沙田,,,,,,,,游水,,
H382,21/05/2023,踱步,沙田,內圈,沙田 內圈,,,,,,助手,,快踱一圈,H,內圈 快踱一圈 (助手)
H382,20/05/2023,游水,沙田,,沙田,,,,,,,,游水,,
H382,20/05/2023,踱步,沙田,內圈,沙田 內圈,,,,,,助手,,快踱一圈,H,內圈 快踱一圈 (助手)
H382,19/05/2023,快操,沙田,全天候,沙田 全天候,,59.3,59.3,32.9 26.4,,助手,,快操,H,32.9 26.4 (59.3) (助手)
H382,19/05/2023,踱步,沙田,飛機場,沙田 飛機場,,,,,,助手,,踱步,H,飛機場 踱步 (助手)
H382,18/05/2023,踱步,沙田,內圈,沙田 內圈,,,,,,助手,,倒快一圈,H,內圈 倒快一圈 (助手)
H382,17/05/2023,踱步,沙田,內圈,沙田 內圈,,,,,,助手,,快踱一圈,H,內圈 快踱一圈 (助手)
H382,16/05/2023,踱步,沙田,內圈,沙田 內圈,,,,,,助手,,快踱一圈,H,內圈 快踱一圈 (助手)
H382,15/05/2023,游水,沙田,,沙田,,,,,,,,游水,,
H382,15/05/2023,快操,沙田,全天候,沙田 全天候,,28.6,28.6,28.6,,助手,,快操,H,28.6 (28.6) (助手)
H382,14/05/2023,游水,沙田,,沙田,,,,,,,,游水,,
H382,14/05/2023,踱步,沙田,內圈,沙田 內圈,,,,,,助手,,快踱一圈,H,內圈 快踱一圈 (助手)
H382,13/05/2023,游水,沙田,,沙田,,,,,,,,游水,,
H382,13/05/2023,踱步,沙田,內圈,沙田 內圈,,,,,,助手,,快踱一圈,H,內圈 快踱一圈 (助手)
H382,12/05/2023,游水,沙田,,沙田,,,,,,,,游水,,
H382,12/05/2023,踱步,沙田,內圈,沙田 內圈,,,,,,助手,,快踱一圈,H,內圈 快踱一圈 (助手)
H382,11/05/2023,游水,沙田,,沙田,,,,,,,,游水,,
H382,11/05/2023,快操,沙田,全天候,沙田 全天候,,28.9,28.9,28.9,,助手,,快操,H,28.9 (28.9) (助手)
H382,10/05/2023,游水,沙田,,沙田,,,,,,,,游水,,
H382,10/05/2023,踱步,沙田,內圈,沙田 內圈,,,,,,助手,,快踱一圈,H,內圈 快踱一圈 (助手)
H382,09/05/2023,游水,沙田,,沙田,,,,,,,,游水,,
H382,09/05/2023,踱步,沙田,內圈,沙田 內圈,,,,,,助手,,快踱一圈,H,內圈 快踱一圈 (助手)
H382,08/05/2023,游水,沙田,,沙田,,,,,,,,游水,,
H382,08/05/2023,踱步,沙田,內圈,沙田 內圈,,,,,,助手,,倒快一圈,H,內圈 倒快一圈 (助手)
H382,07/05/2023,游水,沙田,,沙田,,,,,,,,游水,,
H382,06/05/2023,游水,沙田,,沙田,,,,,,,,游水,,
H382,06/05/2023,快操,沙田,全天候,沙田 全天候,,30.4,30.4,30.4,,助手,,快操,H,30.4 (30.4) (助手)
H382,06/05/2023,踱步,沙田,飛機場,沙田 飛機場,,,,,,助手,,踱步,H,飛機場 踱步 (助手)
H382,05/05/2023,踱步,沙田,內圈,沙田 內圈,,,,,,助手,,快踱一圈,H,內圈 快踱一圈 (助手)
H382,04/05/2023,踱步,沙田,內圈,沙田 內圈,,,,,,助手,,倒快一圈,H,內圈 倒快一圈 (助手)
H382,03/05/2023,游水,沙田,,沙田,,,,,,,,游水,,
H382,03/05/2023,踱步,沙田,內圈,沙田 內圈,,,,,,助手,,快踱一圈,H,內圈 快踱一圈 (助手)
H382,02/05/2023,游水,沙田,,沙田,,,,,,,,游水,,
H382,01/05/2023,游水,沙田,,沙田,,,,,,,,游水,,
H382,01/05/2023,踱步,沙田,內圈,沙田 內圈,,,,,,助手,,倒快一圈,H,內圈 倒快一圈 (助手)
H382,30/04/2023,游水,沙田,,沙田,,,,,,,,游水,,
H382,30/04/2023,踱步,沙田,內圈,沙田 內圈,,,,,,助手,,快踱一圈,H,內圈 快踱一圈 (助手)
H382,29/04/2023,游水,沙田,,沙田,,,,,,,,游水,,
H382,29/04/2023,快操,沙田,全天候,沙田 全天候,,30.4,30.4,30.4,,助手,,快操,H,30.4 (30.4) (助手)
H382,29/04/2023,踱步,沙田,彭福公園,沙田 彭福公園,,,,,,助手,,踱步,H,彭福公園 踱步 (助手)
H382,28/04/2023,游水,沙田,,沙田,,,,,,,,游水,,
H382,28/04/2023,踱步,沙田,內圈,沙田 內圈,,,,,,助手,,快踱一圈,H,內圈 快踱一圈 (助手)
H382,27/04/2023,游水,沙田,,沙田,,,,,,,,游水,,
H382,27/04/2023,踱步,沙田,內圈,沙田 內圈,,,,,,助手,,倒快一圈,H,內圈 倒快一圈 (助手)
H382,26/04/2023,游水,沙田,,沙田,,,,,,,,游水,,
H382,26/04/2023,踱步,沙田,內圈,沙田 內圈,,,,,,助手,,快踱一圈,H,內圈 快踱一圈 (助手)
H382,25/04/2023,游水,沙田,,沙田,,,,,,,,游水,,
H382,25/04/2023,踱步,沙田,內圈,沙田 內圈,,,,,,助手,,快踱一圈,,內圈 快踱一圈 (助手)
H382,24/04/2023,游水,沙田,,沙田,,,,,,,,游水,,
H382,24/04/2023,踱步,沙田,內圈,沙田 內圈,,,,,,助手,,倒快一圈,H,內圈 倒快一圈 (助手)
H382,23/04/2023,游水,沙田,,沙田,,,,,,,,游水,,
H382,23/04/2023,踱步,沙田,內圈,沙田 內圈,,,,,,助手,,快踱一圈,H,內圈 快踱一圈 (助手)
H382,22/04/2023,游水,沙田,,沙田,,,,,,,,游水,,
H382,22/04/2023,踱步,沙田,內圈,沙田 內圈,,,,,,助手,,快踱一圈,H,內圈 快踱一圈 (助手)
H382,21/04/2023,游水,沙田,,沙田,,,,,,,,游水,,
H382,21/04/2023,踱步,沙田,內圈,沙田 內圈,,,,,,助手,,快踱一圈,H,內圈 快踱一圈 (助手)
H382,20/04/2023,游水,沙田,,沙田,,,,,,,,游水,,
H382,20/04/2023,踱步,沙田,內圈,沙田 內圈,,,,,,助手,,倒快一圈,H,內圈 倒快一圈 (助手)
H382,19/04/2023,游水,沙田,,沙田,,,,,,,,游水,,
H382,19/04/2023,踱步,沙田,內圈,沙田 內圈,,,,,,助手,,快踱一圈,H,內圈 快踱一圈 (助手)
H382,18/04/2023,游水,沙田,,沙田,,,,,,,,游水,,
H382,18/04/2023,踱步,沙田,內圈,沙田 內圈,,,,,,助手,,快踱一圈,H,內圈 快踱一圈 (助手)
H382,17/04/2023,游水,沙田,,沙田,,,,,,,,游水,,
H382,17/04/2023,踱步,沙田,內圈,沙田 內圈,,,,,,助手,,倒快一圈,H,內圈 倒快一圈 (助手)
H382,16/04/2023,游水,沙田,,沙田,,,,,,,,游水,,
H382,16/04/2023,踱步,沙田,內圈,沙田 內圈,,,,,,助手,,快踱一圈,H,內圈 快踱一圈 (助手)
H382,15/04/2023,游水,沙田,,沙田,,,,,,,,游水,,
H382,15/04/2023,踱步,沙田,彭福公園,沙田 彭福公園,,,,,,助手,,踱步,H,彭福公園 踱步 (助手)
H382,14/04/2023,游水,沙田,,沙田,,,,,,,,游水,,
H382,14/04/2023,踱步,沙田,彭福公園,沙田 彭福公園,,,,,,助手,,踱步,H,彭福公園 踱步 (助手)
H382,13/04/2023,游水,沙田,,沙田,,,,,,,,游水,,
H382,13/04/2023,踱步,沙田,彭福公園,沙田 彭福公園,,,,,,助手,,踱步,H,彭福公園 踱步 (助手)
H382,12/04/2023,游水,沙田,,沙田,,,,,,,,游水,,
H382,12/04/2023,踱步,沙田,彭福公園,沙田 彭福公園,,,,,,助手,,踱步,H,彭福公園 踱步 (助手)
H382,11/04/2023,游水,沙田,,沙田,,,,,,,,游水,,
H382,11/04/2023,踱步,沙田,彭福公園,沙田 彭福公園,,,,,,助手,,踱步,H,彭福公園 踱步 (助手)
H382,10/04/2023,游水,沙田,,沙田,,,,,,,,游水,,
H382,10/04/2023,踱步,沙田,彭福公園,沙田 彭福公園,,,,,,助手,,踱步,H,彭福公園 踱步 (助手)
H382,09/04/2023,踱步,沙田,飛機場,沙田 飛機場,,,,,,助手,,踱步,H,飛機場 踱步 (助手)
H382,08/04/2023,踱步,沙田,飛機場,沙田 飛機場,,,,,,助手,,踱步,,飛機場 踱步 (助手)
