horse_no,date,work_type,racecourse,track,venue,distance,time,time_sec,splits,partner,rider,placing,comment,gear,workout_details
H011,04/08/2026,快操,從化,全天候,從化 全天候,,1.01.2,61.2,32.9 28.3,,助手,,快操,P,32.9 28.3 (1.01.2) (助手)
H011,04/08/2026,踱步,從化,飛機場,從化 飛機場,,,,,,助手,,踱步,P,飛機場 踱步 (助手)
H011,03/08/2026,踱步,從化,內圈,從化 內圈,,,,,,助手,,倒快兩圈,,內圈 倒快兩圈 (助手)
H011,02/08/2026,踱步,從化,內圈,從化 內圈,,,,,,助手,,快踱一圈,,內圈 快踱一圈 (助手)
H011,01/08/2026,踱步,從化,內圈,從化 內圈,,,,,,助手,,快踱一圈,,內圈 快踱一圈 (助手)
H011,31/07/2026,踱步,從化,內圈,從化 內圈,,,,,,助手,,快踱一圈,,內圈 快踱一圈 (助手)
H011,30/07/2026,踱步,從化,飛機場,從化 飛機場,,,,,,助手,,踱步,,飛機場 踱步 (助手)
H011,29/07/2026,踱步,從化,飛機場,從化 飛機場,,,,,,助手,,踱步,,飛機場 踱步 (助手)
H011,28/07/2026,踱步,從化,內圈,從化 內圈,,,,,,助手,,快踱一圈,,內圈 快踱一圈 (助手)
H011,27/07/2026,踱步,從化,飛機場,從化 飛機場,,,,,,助手,,踱步,,飛機場 踱步 (助手)
H011,25/07/2026,踱步,從化,飛機場,從化 飛機場,,,,,,助手,,踱步,,飛機場 踱步 (助手)
H011,24/07/2026,踱步,從化,飛機場,從化 飛機場,,,,,,助手,,踱步,,飛機場 踱步 (助手)
H011,15/07/2026,踱步,從化,內圈,從化 內圈,,,,,,助手,,快踱一圈,,內圈 快踱一圈 (助手)
H011,14/07/2026,踱步,從化,內圈,從化 內圈,,,,,,助手,,快踱一圈,,內圈 快踱一圈 (助手)
H011,13/07/2026,踱步,從化,內圈,從化 內圈,,,,,,助手,,倒快兩圈,,內圈 倒快兩圈 (助手)
H011,12/07/2026,踱步,從化,內圈,從化 內圈,,,,,,助手,,快踱一圈,,內圈 快踱一圈 (助手)
H011,11/07/2026,踱步,從化,內圈,從化 內圈,,,,,,助手,,快踱一圈,,內圈 快踱一圈 (助手)
H011,10/07/2026,踱步,從化,內圈,從化 內圈,,,,,,助手,,快踱一圈,,內圈 快踱一圈 (助手)
H011,09/07/2026,踱步,從化,內圈,從化 內圈,,,,,,助手,,倒快兩圈,H,內圈 倒快兩圈 (助手)
H011,08/07/2026,踱步,從化,內圈,從化 內圈,,,,,,助手,,快踱一圈,H,內圈 快踱一圈 (助手)
H011,07/07/2026,踱步,從化,內圈,從化 內圈,,,,,,助手,,快踱一圈,H,內圈 快踱一圈 (助手)
H011,06/07/2026,踱步,從化,內圈,從化 內圈,,,,,,助手,,倒快兩圈,H,內圈 倒快兩圈 (助手)
H011,05/07/2026,踱步,從化,內圈,從化 內圈,,,,,,助手,,快踱一圈,H,內圈 快踱一圈 (助手)
H011,04/07/2026,踱步,從化,內圈,從化 內圈,,,,,,助手,,快踱一圈,H,內圈 快踱一圈 (助手)
H011,03/07/2026,踱步,從化,內圈,從化 內圈,,,,,,助手,,快踱一圈,H,內圈 快踱一圈 (助手)
H011,02/07/2026,踱步,從化,內圈,從化 內圈,,,,,,助手,,倒快一圈,H,內圈 倒快一圈 (助手)
H011,01/07/2026,踱步,從化,內圈,從化 內圈,,,,,,助手,,快踱一圈,H,內圈 快踱一圈 (助手)
H011,30/06/2026,踱步,從化,內圈,從化 內圈,,,,,,助手,,快踱一圈,H,內圈 快踱一圈 (助手)
H011,29/06/2026,踱步,從化,飛機場,從化 飛機場,,,,,,助手,,踱步,,飛機場 踱步 (助手)
H011,28/06/2026,踱步,從化,飛機場,從化 飛機場,,,,,,助手,,踱步,,飛機場 踱步 (助手)
H011,27/06/2026,踱步,從化,飛機場,從化 飛機場,,,,,,助手,,踱步,,飛機場 踱步 (助手)
H011,26/06/2026,踱步,從化,飛機場,從化 飛機場,,,,,,助手,,踱步,,飛機場 踱步 (助手)
H011,25/06/2026,踱步,從化,飛機場,從化 飛機場,,,,,,助手,,踱步,,飛機場 踱步 (助手)
H011,24/06/2026,踱步,從化,飛機場,從化 飛機場,,,,,,助手,,踱步,,飛機場 踱步 (助手)
H011,23/06/2026,踱步,從化,飛機場,從化 飛機場,,,,,,助手,,踱步,,飛機場 踱步 (助手)
H011,06/05/2026,游水,從化,,從化,,,,,,,,游水,,
H011,06/05/2026,踱步,從化,飛機場,從化 飛機場,,,,,,助手,,踱步,,飛機場 踱步 (助手)
H011,05/05/2026,游水,從化,,從化,,,,,,,,游水,,
H011,05/05/2026,踱步,從化,飛機場,從化 飛機場,,,,,,助手,,踱步,,飛機場 踱步 (助手)
H011,04/05/2026,游水,從化,,從化,,,,,,,,游水,,
H011,04/05/2026,踱步,從化,飛機場,從化 飛機場,,,,,,助手,,踱步,,飛機場 踱步 (助手)
H011,03/05/2026,游水,從化,,從化,,,,,,,,游水,,
H011,03/05/2026,踱步,從化,飛機場,從化 飛機場,,,,,,助手,,踱步,,飛機場 踱步 (助手)
H011,02/05/2026,游水,從化,,從化,,,,,,,,游水,,
H011,02/05/2026,踱步,從化,內圈,從化 內圈,,,,,,助手,,快踱一圈,,內圈 快踱一圈 (助手)
H011,01/05/2026,游水,從化,,從化,,,,,,,,游水,,
H011,01/05/2026,踱步,從化,內圈,從化 內圈,,,,,,助手,,快踱一圈,,內圈 快踱一圈 (助手)
H011,30/04/2026,游水,從化,,從化,,,,,,,,游水,,
H011,30/04/2026,踱步,從化,內圈,從化 內圈,,,,,,助手,,倒快一圈,,內圈 倒快一圈 (助手)
H011,29/04/2026,游水,從化,,從化,,,,,,,,游水,,
H011,29/04/2026,踱步,從化,內圈,從化 內圈,,,,,,助手,,快踱一圈,,內圈 快踱一圈 (助手)
H011,28/04/2026,馬匹水中步行機,從化,,從化,,,,,,,,馬匹水中步行機,,
H011,28/04/2026,游水,從化,,從化,,,,,,,,游水,,
H011,28/04/2026,快操,從化,全天候,從化 全天候,,55.3,55.3,29.8 25.5,,助手,,快操,P,29.8 25.5 (55.3) (助手)
H011,28/04/2026,踱步,從化,飛機場,從化 飛機場,,,,,,助手,,踱步,P,飛機場 踱步 (助手)
H011,27/04/2026,游水,從化,,從化,,,,,,,,游水,,
H011,27/04/2026,踱步,從化,內圈,從化 內圈,,,,,,助手,,倒快一圈,,內圈 倒快一圈 (助手)
H011,26/04/2026,馬匹水中步行機,從化,,從化,,,,,,,,馬匹水中步行機,,
H011,26/04/2026,游水,從化,,從化,,,,,,,,游水,,
H011,26/04/2026,踱步,從化,內圈,從化 內圈,,,,,,助手,,快踱一圈,,內圈 快踱一圈 (助手)
H011,25/04/2026,游水,從化,,從化,,,,,,,,游水,,
H011,25/04/2026,踱步,從化,內圈,從化 內圈,,,,,,助手,,快踱一圈,,內圈 快踱一圈 (助手)
H011,24/04/2026,游水,從化,,從化,,,,,,,,游水,,
H011,24/04/2026,踱步,從化,內圈,從化 內圈,,,,,,助手,,快踱一圈,,內圈 快踱一圈 (助手)
H011,23/04/2026,游水,從化,,從化,,,,,,,,游水,,
H011,23/04/2026,踱步,從化,內圈,從化 內圈,,,,,,助手,,倒快兩圈,,內圈 倒快兩圈 (助手)
H011,22/04/2026,馬匹水中步行機,從化,,從化,,,,,,,,馬匹水中步行機,,
H011,22/04/2026,游水,從化,,從化,,,,,,,,游水,,
H011,22/04/2026,踱步,從化,內圈,從化 內圈,,,,,,助手,,快踱一圈,,內圈 快踱一圈 (助手)
H011,21/04/2026,游水,從化,,從化,,,,,,,,游水,,
H011,21/04/2026,踱步,從化,內圈,從化 內圈,,,,,,助手,,快踱一圈,,內圈 快踱一圈 (助手)
H011,20/04/2026,游水,從化,,從化,,,,,,,,游水,,
H011,20/04/2026,踱步,從化,內圈,從化 內圈,,,,,,助手,,倒快兩圈,,內圈 倒快兩圈 (助手)
H011,19/04/2026,踱步,從化,內圈,從化 內圈,,,,,,助手,,快踱一圈,,內圈 快踱一圈 (助手)
H011,18/04/2026,踱步,從化,內圈,從化 內圈,,,,,,助手,,快踱一圈,,內圈 快踱一圈 (助手)
H011,17/04/2026,踱步,從化,內圈,從化 內圈,,,,,,助手,,快踱一圈,,內圈 快踱一圈 (助手)
H011,16/04/2026,踱步,從化,飛機場,從化 飛機場,,,,,,助手,,踱步,,飛機場 踱步 (助手)
H011,14/04/2026,游水,沙田,,沙田,,,,,,,,游水,,
H011,12/04/2026,出賽,沙田,草地,沙田 草地,1600M,,,,,蔡明紹,4/14,出賽,E/P/TT,1600M (蔡明紹) (4/14)
H011,12/04/2026,踱步,沙田,飛機場,沙田 飛機場,,,,,,助手,,踱步,E/P,飛機場 踱步 (助手)
H011,11/04/2026,游水,沙田,,沙田,,,,,,,,游水,,
H011,11/04/2026,踱步,沙田,內圈,沙田 內圈,,,,,,助手,,快踱一圈,E/P,內圈 快踱一圈 (助手)
H011,10/04/2026,游水,沙田,,沙田,,,,,,,,游水,,
H011,10/04/2026,踱步,沙田,飛機場,沙田 飛機場,,,,,,助手,,踱步,E/P,飛機場 踱步 (助手)
H011,09/04/2026,游水,從化,,從化,,,,,,,,游水,,
H011,09/04/2026,踱步,從化,飛機場,從化 飛機場,,,,,,助手,,踱步,,飛機場 踱步 (助手)
H011,08/04/2026,游水,從化,,從化,,,,,,,,游水,,
H011,08/04/2026,踱步,從化,飛機場,從化 飛機場,,,,,,助手,,踱步,,飛機場 踱步 (助手)
H011,07/04/2026,馬匹水中步行機,從化,,從化,,,,,,,,馬匹水中步行機,,
H011,07/04/2026,游水,從化,,從化,,,,,,,,游水,,
H011,07/04/2026,快操,從化,全天候,從化 全天候,,25.3,25.3,25.3,,助手,,快操,P,25.3 (25.3) (助手)
H011,07/04/2026,踱步,從化,飛機場,從化 飛機場,,,,,,助手,,踱步,P,飛機場 踱步 (助手)
H011,06/04/2026,游水,從化,,從化,,,,,,,,游水,,
H011,06/04/2026,踱步,從化,內圈,從化 內圈,,,,,,助手,,倒快兩圈,,內圈 倒快兩圈 (助手)
H011,05/04/2026,游水,從化,,從化,,,,,,,,游水,,
H011,05/04/2026,踱步,從化,內圈,從化 內圈,,,,,,助手,,快踱一圈,,內圈 快踱一圈 (助手)
H011,04/04/2026,游水,從化,,從化,,,,,,,,游水,,
H011,04/04/2026,踱步,從化,飛機場,從化 飛機場,,,,,,助手,,踱步,,飛機場 踱步 (助手)
H011,03/04/2026,游水,從化,,從化,,,,,,,,游水,,
H011,03/04/2026,快操,從化,全天候,從化 全天候,,57.4,57.4,31.0 26.4,,助手,,快操,P,31.0 26.4 (57.4) (助手)
H011,03/04/2026,踱步,從化,飛機場,從化 飛機場,,,,,,助手,,踱步,P,飛機場 踱步 (助手)
H011,02/04/2026,游水,從化,,從化,,,,,,,,游水,,
H011,02/04/2026,踱步,從化,內圈,從化 內圈,,,,,,助手,,倒快兩圈,,內圈 倒快兩圈 (助手)
H011,01/04/2026,游水,從化,,從化,,,,,,,,游水,,
H011,01/04/2026,踱步,從化,內圈,從化 內圈,,,,,,助手,,快踱一圈,,內圈 快踱一圈 (助手)
H011,31/03/2026,游水,從化,,從化,,,,,,,,游水,,
H011,31/03/2026,踱步,從化,內圈,從化 內圈,,,,,,助手,,快踱一圈,,內圈 快踱一圈 (助手)
H011,30/03/2026,馬匹水中步行機,從化,,從化,,,,,,,,馬匹水中步行機,,
H011,30/03/2026,游水,從化,,從化,,,,,,,,游水,,
H011,30/03/2026,踱步,從化,內圈,從化 內圈,,,,,,助手,,倒快一圈,,內圈 倒快一圈 (助手)
H011,29/03/2026,游水,從化,,從化,,,,,,,,游水,,
H011,29/03/2026,踱步,從化,飛機場,從化 飛機場,,,,,,助手,,踱步,,飛機場 踱步 (助手)
H011,28/03/2026,馬匹水中步行機,從化,,從化,,,,,,,,馬匹水中步行機,,
H011,28/03/2026,游水,從化,,從化,,,,,,,,游水,,
H011,27/03/2026,試閘,從化,草地,從化 草地,1200M,1.12.22,72.22,25.7 23.3 23.2,魅力知福,蔡明紹,,第6組,E/P,第6組 (蔡明紹) 1200M 魅力知福 25.7 23.3 23.2 (1.12.22)
H011,27/03/2026,踱步,從化,飛機場,從化 飛機場,,,,,,助手,,踱步,E/PC,飛機場 踱步 (助手)
H011,26/03/2026,游水,從化,,從化,,,,,,,,游水,,
H011,26/03/2026,踱步,從化,內圈,從化 內圈,,,,,,助手,,倒快一圈,,內圈 倒快一圈 (助手)
H011,25/03/2026,游水,從化,,從化,,,,,,,,游水,,
H011,25/03/2026,踱步,從化,內圈,從化 內圈,,,,,,助手,,快踱一圈,,內圈 快踱一圈 (助手)
H011,24/03/2026,馬匹水中步行機,從化,,從化,,,,,,,,馬匹水中步行機,,
H011,24/03/2026,游水,從化,,從化,,,,,,,,游水,,
H011,24/03/2026,踱步,從化,飛機場,從化 飛機場,,,,,,助手,,踱步,,飛機場 踱步 (助手)
H011,23/03/2026,馬匹水中步行機,從化,,從化,,,,,,,,馬匹水中步行機,,
H011,23/03/2026,游水,從化,,從化,,,,,,,,游水,,
H011,23/03/2026,快操,從化,全天候,從化 全天候,,55.9,55.9,29.7 26.2,,助手,,快操,P,29.7 26.2 (55.9) (助手)
H011,23/03/2026,踱步,從化,飛機場,從化 飛機場,,,,,,助手,,踱步,P,飛機場 踱步 (助手)
H011,22/03/2026,游水,從化,,從化,,,,,,,,游水,,
H011,22/03/2026,踱步,從化,內圈,從化 內圈,,,,,,助手,,快踱一圈,,內圈 快踱一圈 (助手)
H011,21/03/2026,游水,從化,,從化,,,,,,,,游水,,
H011,21/03/2026,踱步,從化,內圈,從化 內圈,,,,,,助手,,快踱一圈,,內圈 快踱一圈 (助手)
H011,20/03/2026,馬匹水中步行機,從化,,從化,,,,,,,,馬匹水中步行機,,
H011,20/03/2026,游水,從化,,從化,,,,,,,,游水,,
H011,20/03/2026,踱步,從化,飛機場,從化 飛機場,,,,,,助手,,踱步,,飛機場 踱步 (助手)
H011,19/03/2026,馬匹水中步行機,從化,,從化,,,,,,,,馬匹水中步行機,,
H011,19/03/2026,游水,從化,,從化,,,,,,,,游水,,
H011,19/03/2026,快操,從化,全天候,從化 全天候,,58.4,58.4,32.3 26.1,,助手,,快操,P,32.3 26.1 (58.4) (助手)
H011,19/03/2026,踱步,從化,飛機場,從化 飛機場,,,,,,助手,,踱步,P,飛機場 踱步 (助手)
H011,18/03/2026,游水,從化,,從化,,,,,,,,游水,,
H011,18/03/2026,踱步,從化,內圈,從化 內圈,,,,,,助手,,快踱一圈,,內圈 快踱一圈 (助手)
H011,17/03/2026,馬匹水中步行機,從化,,從化,,,,,,,,馬匹水中步行機,,
H011,17/03/2026,游水,從化,,從化,,,,,,,,游水,,
H011,17/03/2026,踱步,從化,內圈,從化 內圈,,,,,,助手,,快踱一圈,,內圈 快踱一圈 (助手)
H011,16/03/2026,游水,從化,,從化,,,,,,,,游水,,
H011,16/03/2026,踱步,從化,內圈,從化 內圈,,,,,,助手,,倒快兩圈,,內圈 倒快兩圈 (助手)
H011,15/03/2026,游水,從化,,從化,,,,,,,,游水,,
H011,15/03/2026,踱步,從化,飛機場,從化 飛機場,,,,,,助手,,踱步,,飛機場 踱步 (助手)
H011,14/03/2026,馬匹水中步行機,從化,,從化,,,,,,,,馬匹水中步行機,,
H011,14/03/2026,游水,從化,,從化,,,,,,,,游水,,
H011,14/03/2026,快操,從化,全天候,從化 全天候,,1.27.1,87.1,32.5 29.0 25.6,,助手,,快操,P,32.5 29.0 25.6 (1.27.1) (助手)
H011,14/03/2026,踱步,從化,飛機場,從化 飛機場,,,,,,助手,,踱步,P,飛機場 踱步 (助手)
H011,13/03/2026,游水,從化,,從化,,,,,,,,游水,,
H011,13/03/2026,踱步,從化,內圈,從化 內圈,,,,,,助手,,快踱一圈,,內圈 快踱一圈 (助手)
H011,12/03/2026,游水,從化,,從化,,,,,,,,游水,,
H011,12/03/2026,踱步,從化,內圈,從化 內圈,,,,,,助手,,倒快一圈,,內圈 倒快一圈 (助手)
H011,11/03/2026,游水,從化,,從化,,,,,,,,游水,,
H011,11/03/2026,踱步,從化,飛機場,從化 飛機場,,,,,,助手,,踱步,,飛機場 踱步 (助手)
H011,10/03/2026,游水,從化,,從化,,,,,,,,游水,,
H011,10/03/2026,快操,從化,全天候,從化 全天候,,58.2,58.2,32.1 26.1,,助手,,快操,P,32.1 26.1 (58.2) (助手)
H011,10/03/2026,踱步,從化,飛機場,從化 飛機場,,,,,,助手,,踱步,P,飛機場 踱步 (助手)
H011,09/03/2026,游水,從化,,從化,,,,,,,,游水,,
H011,09/03/2026,踱步,從化,內圈,從化 內圈,,,,,,助手,,倒快兩圈,,內圈 倒快兩圈 (助手)
H011,08/03/2026,游水,從化,,從化,,,,,,,,游水,,
H011,08/03/2026,踱步,從化,內圈,從化 內圈,,,,,,助手,,快踱一圈,,內圈 快踱一圈 (助手)
H011,07/03/2026,游水,從化,,從化,,,,,,,,游水,,
H011,07/03/2026,踱步,從化,飛機場,從化 飛機場,,,,,,助手,,踱步,,飛機場 踱步 (助手)
H011,06/03/2026,游水,從化,,從化,,,,,,,,游水,,
H011,06/03/2026,快操,從化,全天候,從化 全天候,,59.8,59.8,33.1 26.7,,助手,,快操,P,33.1 26.7 (59.8) (助手)
H011,06/03/2026,踱步,從化,飛機場,從化 飛機場,,,,,,助手,,踱步,P,飛機場 踱步 (助手)
H011,05/03/2026,游水,從化,,從化,,,,,,,,游水,,
H011,05/03/2026,踱步,從化,內圈,從化 內圈,,,,,,助手,,倒快兩圈,,內圈 倒快兩圈 (助手)
H011,04/03/2026,游水,從化,,從化,,,,,,,,游水,,
H011,04/03/2026,踱步,從化,內圈,從化 內圈,,,,,,助手,,快踱一圈,,內圈 快踱一圈 (助手)
H011,03/03/2026,游水,從化,,從化,,,,,,,,游水,,
H011,03/03/2026,踱步,從化,內圈,從化 內圈,,,,,,助手,,快踱一圈,,內圈 快踱一圈 (助手)
H011,02/03/2026,游水,從化,,從化,,,,,,,,游水,,
H011,02/03/2026,踱步,從化,內圈,從化 內圈,,,,,,助手,,倒快一圈,,內圈 倒快一圈 (助手)
H011,01/03/2026,游水,從化,,從化,,,,,,,,游水,,
H011,01/03/2026,踱步,從化,內圈,從化 內圈,,,,,,助手,,快踱一圈,,內圈 快踱一圈 (助手)
H011,28/02/2026,游水,從化,,從化,,,,,,,,游水,,
H011,28/02/2026,踱步,從化,內圈,從化 內圈,,,,,,助手,,快踱一圈,,內圈 快踱一圈 (助手)
H011,27/02/2026,游水,從化,,從化,,,,,,,,游水,,
H011,27/02/2026,踱步,從化,內圈,從化 內圈,,,,,,助手,,快踱一圈,,內圈 快踱一圈 (助手)
H011,26/02/2026,游水,從化,,從化,,,,,,,,游水,,
H011,26/02/2026,踱步,從化,飛機場,從化 飛機場,,,,,,助手,,踱步,,飛機場 踱步 (助手)
H011,24/02/2026,游水,沙田,,沙田,,,,,,,,游水,,
H011,22/02/2026,出賽,沙田,草地,沙田 草地,1800M,,,,,潘頓,1/14,出賽,E/P/TT,1800M (潘頓) (1/14)
H011,22/02/2026,踱步,沙田,飛機場,沙田 飛機場,,,,,,助手,,踱步,E/P,飛機場 踱步 (助手)
H011,21/02/2026,游水,沙田,,沙田,,,,,,,,游水,,
H011,21/02/2026,踱步,沙田,內圈,沙田 內圈,,,,,,助手,,快踱一圈,E/P,內圈 快踱一圈 (助手)
H011,20/02/2026,游水,沙田,,沙田,,,,,,,,游水,,
H011,20/02/2026,踱步,沙田,飛機場,沙田 飛機場,,,,,,助手,,踱步,E/P,飛機場 踱步 (助手)
H011,19/02/2026,游水,沙田,,沙田,,,,,,,,游水,,
H011,19/02/2026,快操,沙田,全天候,沙田 全天候,,23.7,23.7,23.7,,助手,,快操,E/P,23.7 (23.7) (助手)
H011,19/02/2026,踱步,沙田,飛機場,沙田 飛機場,,,,,,助手,,踱步,E/P,飛機場 踱步 (助手)
H011,18/02/2026,游水,沙田,,沙田,,,,,,,,游水,,
H011,18/02/2026,踱步,沙田,內圈,沙田 內圈,,,,,,助手,,快踱一圈,E/P,內圈 快踱一圈 (助手)
H011,16/02/2026,游水,沙田,,沙田,,,,,,,,游水,,
H011,16/02/2026,踱步,沙田,內圈,沙田 內圈,,,,,,助手,,倒快兩圈,E/P,內圈 倒快兩圈 (助手)
H011,15/02/2026,游水,沙田,,沙田,,,,,,,,游水,,
H011,15/02/2026,踱步,沙田,飛機場,沙田 飛機場,,,,,,助手,,踱步,E/P,飛機場 踱步 (助手)
H011,14/02/2026,游水,從化,,從化,,,,,,,,游水,,
H011,14/02/2026,踱步,從化,飛機場,從化 飛機場,,,,,,助手,,踱步,,飛機場 踱步 (助手)
H011,13/02/2026,馬匹水中步行機,從化,,從化,,,,,,,,馬匹水中步行機,,
H011,13/02/2026,游水,從化,,從化,,,,,,,,游水,,
H011,12/02/2026,試閘,從化,全天候,從化 全天候,1200M,1.12.36,72.36,25.8 23.4 23.1,開心三多,湯瑪善,,第5組,E/P,第5組 (湯瑪善) 1200M 開心三多 25.8 23.4 23.1 (1.12.36)
H011,12/02/2026,踱步,從化,飛機場,從化 飛機場,,,,,,助手,,踱步,E/P,飛機場 踱步 (助手)
H011,11/02/2026,游水,從化,,從化,,,,,,,,游水,,
H011,11/02/2026,踱步,從化,內圈,從化 內圈,,,,,,助手,,快踱一圈,,內圈 快踱一圈 (助手)
H011,10/02/2026,游水,從化,,從化,,,,,,,,游水,,
H011,10/02/2026,踱步,從化,內圈,從化 內圈,,,,,,助手,,快踱一圈,,內圈 快踱一圈 (助手)
H011,09/02/2026,游水,從化,,從化,,,,,,,,游水,,
H011,09/02/2026,踱步,從化,飛機場,從化 飛機場,,,,,,助手,,踱步,,飛機場 踱步 (助手)
H011,08/02/2026,游水,從化,,從化,,,,,,,,游水,,
H011,08/02/2026,快操,從化,全天候,從化 全天候,,58.0,58.0,32.1 25.9,,助手,,快操,P,32.1 25.9 (58.0) (助手)
H011,08/02/2026,踱步,從化,飛機場,從化 飛機場,,,,,,助手,,踱步,P,飛機場 踱步 (助手)
H011,07/02/2026,游水,從化,,從化,,,,,,,,游水,,
H011,07/02/2026,踱步,從化,內圈,從化 內圈,,,,,,助手,,快踱一圈,,內圈 快踱一圈 (助手)
H011,06/02/2026,游水,從化,,從化,,,,,,,,游水,,
H011,06/02/2026,踱步,從化,內圈,從化 內圈,,,,,,助手,,快踱一圈,,內圈 快踱一圈 (助手)
H011,05/02/2026,游水,從化,,從化,,,,,,,,游水,,
H011,05/02/2026,踱步,從化,飛機場,從化 飛機場,,,,,,助手,,踱步,,飛機場 踱步 (助手)
H011,04/02/2026,游水,從化,,從化,,,,,,,,游水,,
H011,04/02/2026,快操,從化,全天候,從化 全天候,,57.8,57.8,31.9 25.9,,助手,,快操,P,31.9 25.9 (57.8) (助手)
H011,04/02/2026,踱步,從化,飛機場,從化 飛機場,,,,,,助手,,踱步,P,飛機場 踱步 (助手)
H011,03/02/2026,游水,從化,,從化,,,,,,,,游水,,
H011,03/02/2026,踱步,從化,內圈,從化 內圈,,,,,,助手,,快踱一圈,,內圈 快踱一圈 (助手)
H011,02/02/2026,游水,從化,,從化,,,,,,,,游水,,
H011,02/02/2026,踱步,從化,內圈,從化 內圈,,,,,,助手,,倒快一圈,,內圈 倒快一圈 (助手)
H011,01/02/2026,游水,從化,,從化,,,,,,,,游水,,
H011,01/02/2026,踱步,從化,飛機場,從化 飛機場,,,,,,助手,,踱步,,飛機場 踱步 (助手)
H011,31/01/2026,游水,從化,,從化,,,,,,,,游水,,
H011,31/01/2026,快操,從化,全天候,從化 全天候,,50.7,50.7,27.7 23.0,,助手,,快操,P,27.7 23.0 (50.7) (助手)
H011,31/01/2026,踱步,從化,飛機場,從化 飛機場,,,,,,助手,,踱步,P,飛機場 踱步 (助手)
H011,30/01/2026,馬匹水中步行機,從化,,從化,,,,,,,,馬匹水中步行機,,
H011,30/01/2026,游水,從化,,從化,,,,,,,,游水,,
H011,30/01/2026,踱步,從化,內圈,從化 內圈,,,,,,助手,,快踱一圈,,內圈 快踱一圈 (助手)
H011,29/01/2026,游水,從化,,從化,,,,,,,,游水,,
H011,29/01/2026,踱步,從化,內圈,從化 內圈,,,,,,助手,,倒快一圈,,內圈 倒快一圈 (助手)
H011,28/01/2026,游水,從化,,從化,,,,,,,,游水,,
H011,28/01/2026,踱步,從化,飛機場,從化 飛機場,,,,,,助手,,踱步,,飛機場 踱步 (助手)
H011,27/01/2026,馬匹水中步行機,從化,,從化,,,,,,,,馬匹水中步行機,,
H011,27/01/2026,游水,從化,,從化,,,,,,,,游水,,
H011,27/01/2026,快操,從化,全天候,從化 全天候,,28.2,28.2,28.2,,助手,,快操,P,28.2 (28.2) (助手)
H011,27/01/2026,踱步,從化,飛機場,從化 飛機場,,,,,,助手,,踱步,P,飛機場 踱步 (助手)
H011,26/01/2026,游水,從化,,從化,,,,,,,,游水,,
H011,26/01/2026,踱步,從化,內圈,從化 內圈,,,,,,助手,,倒快兩圈,,內圈 倒快兩圈 (助手)
H011,25/01/2026,踱步,從化,內圈,從化 內圈,,,,,,助手,,快踱一圈,,內圈 快踱一圈 (助手)
H011,24/01/2026,踱步,從化,內圈,從化 內圈,,,,,,助手,,快踱一圈,,內圈 快踱一圈 (助手)
H011,22/01/2026,踱步,從化,飛機場,從化 飛機場,,,,,,助手,,踱步,,飛機場 踱步 (助手)
H011,20/01/2026,游水,沙田,,沙田,,,,,,,,游水,,
H011,18/01/2026,出賽,沙田,草地,沙田 草地,2000M,,,,,潘頓,4/14,出賽,E/P/TT,2000M (潘頓) (4/14)
H011,18/01/2026,踱步,沙田,飛機場,沙田 飛機場,,,,,,助手,,踱步,E/P,飛機場 踱步 (助手)
H011,17/01/2026,游水,沙田,,沙田,,,,,,,,游水,,
H011,17/01/2026,踱步,沙田,內圈,沙田 內圈,,,,,,助手,,快踱一圈,E/P,內圈 快踱一圈 (助手)
H011,16/01/2026,游水,沙田,,沙田,,,,,,,,游水,,
H011,16/01/2026,踱步,沙田,飛機場,沙田 飛機場,,,,,,助手,,踱步,E/P,飛機場 踱步 (助手)
H011,15/01/2026,踱步,從化,飛機場,從化 飛機場,,,,,,助手,,踱步,,飛機場 踱步 (助手)
H011,14/01/2026,快操,從化,全天候,從化 全天候,,56.2,56.2,29.7 26.5,,助手,,快操,P,29.7 26.5 (56.2) (助手)
H011,14/01/2026,踱步,從化,飛機場,從化 飛機場,,,,,,助手,,踱步,P,飛機場 踱步 (助手)
H011,13/01/2026,游水,從化,,從化,,,,,,,,游水,,
H011,13/01/2026,踱步,從化,內圈,從化 內圈,,,,,,助手,,快踱一圈,,內圈 快踱一圈 (助手)
H011,12/01/2026,游水,從化,,從化,,,,,,,,游水,,
H011,12/01/2026,踱步,從化,內圈,從化 內圈,,,,,,助手,,倒快兩圈,,內圈 倒快兩圈 (助手)
H011,11/01/2026,游水,從化,,從化,,,,,,,,游水,,
H011,11/01/2026,踱步,從化,內圈,從化 內圈,,,,,,助手,,快踱一圈,,內圈 快踱一圈 (助手)
H011,10/01/2026,游水,從化,,從化,,,,,,,,游水,,
H011,10/01/2026,踱步,從化,飛機場,從化 飛機場,,,,,,助手,,踱步,,飛機場 踱步 (助手)
H011,09/01/2026,馬匹水中步行機,從化,,從化,,,,,,,,馬匹水中步行機,,
H011,09/01/2026,游水,從化,,從化,,,,,,,,游水,,
H011,08/01/2026,試閘,從化,全天候,從化 全天候,1200M,1.11.61,71.61,25.6 22.3 23.7,獵寶勤,湯瑪善,,第4組,P/E,第4組 (湯瑪善) 1200M 獵寶勤 25.6 22.3 23.7 (1.11.61)
H011,08/01/2026,踱步,從化,飛機場,從化 飛機場,,,,,,助手,,踱步,E/P,飛機場 踱步 (助手)
H011,07/01/2026,游水,從化,,從化,,,,,,,,游水,,
H011,07/01/2026,踱步,從化,內圈,從化 內圈,,,,,,助手,,快踱一圈,,內圈 快踱一圈 (助手)
H011,06/01/2026,游水,從化,,從化,,,,,,,,游水,,
H011,06/01/2026,踱步,從化,內圈,從化 內圈,,,,,,助手,,快踱一圈,,內圈 快踱一圈 (助手)
H011,05/01/2026,游水,從化,,從化,,,,,,,,游水,,
H011,05/01/2026,踱步,從化,飛機場,從化 飛機場,,,,,,助手,,踱步,,飛機場 踱步 (助手)
H011,04/01/2026,快操,從化,全天候,從化 全天候,,57.0,57.0,30.5 26.5,,助手,,快操,P,30.5 26.5 (57.0) (助手)
H011,04/01/2026,踱步,從化,飛機場,從化 飛機場,,,,,,助手,,踱步,P,飛機場 踱步 (助手)
H011,03/01/2026,游水,從化,,從化,,,,,,,,游水,,
H011,03/01/2026,踱步,從化,內圈,從化 內圈,,,,,,助手,,快踱一圈,,內圈 快踱一圈 (助手)
H011,02/01/2026,游水,從化,,從化,,,,,,,,游水,,
H011,02/01/2026,踱步,從化,內圈,從化 內圈,,,,,,助手,,快踱一圈,,內圈 快踱一圈 (助手)
H011,01/01/2026,馬匹水中步行機,從化,,從化,,,,,,,,馬匹水中步行機,,
H011,01/01/2026,游水,從化,,從化,,,,,,,,游水,,
H011,01/01/2026,踱步,從化,飛機場,從化 飛機場,,,,,,助手,,踱步,,飛機場 踱步 (助手)
H011,31/12/2025,馬匹水中步行機,從化,,從化,,,,,,,,馬匹水中步行機,,
H011,31/12/2025,游水,從化,,從化,,,,,,,,游水,,
H011,31/12/2025,快操,從化,全天候,從化 全天候,,58.4,58.4,31.8 26.6,,助手,,快操,P,31.8 26.6 (58.4) (助手)
H011,31/12/2025,踱步,從化,飛機場,從化 飛機場,,,,,,助手,,踱步,P,飛機場 踱步 (助手)
H011,30/12/2025,游水,從化,,從化,,,,,,,,游水,,
H011,30/12/2025,踱步,從化,內圈,從化 內圈,,,,,,助手,,快踱一圈,,內圈 快踱一圈 (助手)
H011,29/12/2025,游水,從化,,從化,,,,,,,,游水,,
H011,29/12/2025,踱步,從化,內圈,從化 內圈,,,,,,助手,,倒快兩圈,,內圈 倒快兩圈 (助手)
H011,28/12/2025,馬匹水中步行機,從化,,從化,,,,,,,,馬匹水中步行機,,
H011,28/12/2025,游水,從化,,從化,,,,,,,,游水,,
H011,28/12/2025,踱步,從化,內圈,從化 內圈,,,,,,助手,,快踱一圈,,內圈 快踱一圈 (助手)
H011,27/12/2025,游水,從化,,從化,,,,,,,,游水,,
H011,27/12/2025,踱步,從化,飛機場,從化 飛機場,,,,,,助手,,踱步,,飛機場 踱步 (助手)
H011,26/12/2025,游水,從化,,從化,,,,,,,,游水,,
H011,25/12/2025,試閘,從化,全天候,從化 全天候,1200M,1.12.66,72.66,24.9 22.4 25.3,五福星,湯瑪善,,第3組,E/P,第3組 (湯瑪善) 1200M 五福星 24.9 22.4 25.3 (1.12.66)
H011,25/12/2025,踱步,從化,飛機場,從化 飛機場,,,,,,助手,,踱步,E/P,飛機場 踱步 (助手)
H011,24/12/2025,游水,從化,,從化,,,,,,,,游水,,
H011,24/12/2025,踱步,從化,內圈,從化 內圈,,,,,,助手,,快踱一圈,,內圈 快踱一圈 (助手)
H011,23/12/2025,游水,從化,,從化,,,,,,,,游水,,
H011,23/12/2025,踱步,從化,內圈,從化 內圈,,,,,,助手,,快踱一圈,,內圈 快踱一圈 (助手)
H011,22/12/2025,游水,從化,,從化,,,,,,,,游水,,
H011,22/12/2025,踱步,從化,飛機場,從化 飛機場,,,,,,助手,,踱步,,飛機場 踱步 (助手)
H011,21/12/2025,游水,從化,,從化,,,,,,,,游水,,
H011,21/12/2025,快操,從化,全天候,從化 全天候,,55.5,55.5,30.2 25.3,,助手,,快操,P,30.2 25.3 (55.5) (助手)
H011,21/12/2025,踱步,從化,飛機場,從化 飛機場,,,,,,助手,,踱步,P,飛機場 踱步 (助手)
H011,20/12/2025,游水,從化,,從化,,,,,,,,游水,,
H011,20/12/2025,踱步,從化,內圈,從化 內圈,,,,,,助手,,快踱一圈,,內圈 快踱一圈 (助手)
H011,19/12/2025,游水,從化,,從化,,,,,,,,游水,,
H011,19/12/2025,踱步,從化,內圈,從化 內圈,,,,,,助手,,快踱一圈,,內圈 快踱一圈 (助手)
H011,18/12/2025,游水,從化,,從化,,,,,,,,游水,,
H011,18/12/2025,踱步,從化,飛機場,從化 飛機場,,,,,,助手,,踱步,,飛機場 踱步 (助手)
H011,17/12/2025,游水,從化,,從化,,,,,,,,游水,,
H011,17/12/2025,快操,從化,全天候,從化 全天候,,58.7,58.7,32.0 26.7,,助手,,快操,P,32.0 26.7 (58.7) (助手)
H011,17/12/2025,踱步,從化,飛機場,從化 飛機場,,,,,,助手,,踱步,P,飛機場 踱步 (助手)
H011,16/12/2025,游水,從化,,從化,,,,,,,,游水,,
H011,16/12/2025,踱步,從化,內圈,從化 內圈,,,,,,助手,,快踱一圈,,內圈 快踱一圈 (助手)
H011,15/12/2025,游水,從化,,從化,,,,,,,,游水,,
H011,15/12/2025,踱步,從化,內圈,從化 內圈,,,,,,助手,,倒快兩圈,,內圈 倒快兩圈 (助手)
H011,14/12/2025,游水,從化,,從化,,,,,,,,游水,,
H011,14/12/2025,踱步,從化,飛機場,從化 飛機場,,,,,,助手,,踱步,,飛機場 踱步 (助手)
H011,13/12/2025,游水,從化,,從化,,,,,,,,游水,,
H011,13/12/2025,快操,從化,全天候,從化 全天候,,1.00.6,60.6,33.1 27.5,,助手,,快操,P,33.1 27.5 (1.00.6) (助手)
H011,13/12/2025,踱步,從化,飛機場,從化 飛機場,,,,,,助手,,踱步,P,飛機場 踱步 (助手)
H011,12/12/2025,游水,從化,,從化,,,,,,,,游水,,
H011,12/12/2025,踱步,從化,內圈,從化 內圈,,,,,,助手,,快踱一圈,,內圈 快踱一圈 (助手)
H011,11/12/2025,游水,從化,,從化,,,,,,,,游水,,
H011,11/12/2025,踱步,從化,飛機場,從化 飛機場,,,,,,助手,,踱步,,飛機場 踱步 (助手)
H011,09/12/2025,游水,沙田,,沙田,,,,,,,,游水,,
H011,09/12/2025,踱步,沙田,內圈,沙田 內圈,,,,,,助手,,快踱一圈,E/P,內圈 快踱一圈 (助手)
H011,08/12/2025,游水,沙田,,沙田,,,,,,,,游水,,
H011,08/12/2025,踱步,沙田,內圈,沙田 內圈,,,,,,助手,,倒快兩圈,E/P,內圈 倒快兩圈 (助手)
H011,07/12/2025,踱步,沙田,內圈,沙田 內圈,,,,,,助手,,快踱一圈,E/P,內圈 快踱一圈 (助手)
H011,06/12/2025,踱步,沙田,飛機場,沙田 飛機場,,,,,,助手,,踱步,E/P,飛機場 踱步 (助手)
H011,03/12/2025,出賽,跑馬地,草地,跑馬地 草地,1800M,,,,,金誠剛,7/12,出賽,E/P/TT,1800M (金誠剛) (7/12)
H011,03/12/2025,踱步,沙田,飛機場,沙田 飛機場,,,,,,助手,,踱步,E/P,飛機場 踱步 (助手)
H011,02/12/2025,游水,沙田,,沙田,,,,,,,,游水,,
H011,02/12/2025,踱步,沙田,內圈,沙田 內圈,,,,,,助手,,快踱一圈,E/P,內圈 快踱一圈 (助手)
H011,01/12/2025,游水,沙田,,沙田,,,,,,,,游水,,
H011,01/12/2025,踱步,沙田,飛機場,沙田 飛機場,,,,,,助手,,踱步,E/P,飛機場 踱步 (助手)
H011,30/11/2025,快操,沙田,全天候,沙田 全天候,,23.4,23.4,23.4,,助手,,快操,E/P,23.4 (23.4) (助手)
H011,30/11/2025,踱步,沙田,飛機場,沙田 飛機場,,,,,,助手,,踱步,E/P,飛機場 踱步 (助手)
H011,29/11/2025,游水,沙田,,沙田,,,,,,,,游水,,
H011,29/11/2025,踱步,沙田,內圈,沙田 內圈,,,,,,助手,,快踱一圈,E/P,內圈 快踱一圈 (助手)
H011,28/11/2025,游水,沙田,,沙田,,,,,,,,游水,,
H011,28/11/2025,踱步,沙田,內圈,沙田 內圈,,,,,,助手,,快踱一圈,E/P,內圈 快踱一圈 (助手)
H011,27/11/2025,游水,沙田,,沙田,,,,,,,,游水,,
H011,27/11/2025,踱步,沙田,飛機場,沙田 飛機場,,,,,,助手,,踱步,E/P,飛機場 踱步 (助手)
H011,26/11/2025,游水,沙田,,沙田,,,,,,,,游水,,
H011,26/11/2025,快操,沙田,全天候,沙田 全天候,,54.7,54.7,30.2 24.5,,助手,,快操,E/P,30.2 24.5 (54.7) (助手)
H011,26/11/2025,踱步,沙田,飛機場,沙田 飛機場,,,,,,助手,,踱步,E/P,飛機場 踱步 (助手)
H011,25/11/2025,游水,沙田,,沙田,,,,,,,,游水,,
H011,25/11/2025,踱步,沙田,內圈,沙田 內圈,,,,,,助手,,快踱一圈,E/P,內圈 快踱一圈 (助手)
H011,24/11/2025,游水,沙田,,沙田,,,,,,,,游水,,
H011,24/11/2025,踱步,沙田,內圈,沙田 內圈,,,,,,助手,,倒快兩圈,E/P,內圈 倒快兩圈 (助手)
H011,23/11/2025,游水,沙田,,沙田,,,,,,,,游水,,
H011,23/11/2025,踱步,沙田,飛機場,沙田 飛機場,,,,,,助手,,踱步,E/P,飛機場 踱步 (助手)
H011,22/11/2025,游水,沙田,,沙田,,,,,,,,游水,,
H011,22/11/2025,快操,沙田,全天候,沙田 全天候,,28.7,28.7,28.7,,助手,,快操,E/P,28.7 (28.7) (助手)
H011,22/11/2025,踱步,沙田,飛機場,沙田 飛機場,,,,,,助手,,踱步,E/P,飛機場 踱步 (助手)
H011,21/11/2025,游水,沙田,,沙田,,,,,,,,游水,,
H011,21/11/2025,踱步,沙田,內圈,沙田 內圈,,,,,,助手,,快踱一圈,E/P,內圈 快踱一圈 (助手)
H011,20/11/2025,游水,沙田,,沙田,,,,,,,,游水,,
H011,20/11/2025,踱步,沙田,內圈,沙田 內圈,,,,,,助手,,倒快兩圈,E/P,內圈 倒快兩圈 (助手)
H011,19/11/2025,游水,沙田,,沙田,,,,,,,,游水,,
H011,19/11/2025,踱步,沙田,內圈,沙田 內圈,,,,,,助手,,快踱一圈,E/P,內圈 快踱一圈 (助手)
H011,18/11/2025,游水,沙田,,沙田,,,,,,,,游水,,
H011,18/11/2025,踱步,沙田,飛機場,沙田 飛機場,,,,,,助手,,踱步,E/P,飛機場 踱步 (助手)
H011,17/11/2025,游水,沙田,,沙田,,,,,,,,游水,,
H011,15/11/2025,出賽,沙田,草地,沙田 草地,1800M,,,,,金誠剛,2/14,出賽,E/P/TT,1800M (金誠剛) (2/14)
H011,15/11/2025,踱步,沙田,飛機場,沙田 飛機場,,,,,,助手,,踱步,E/P,飛機場 踱步 (助手)
H011,14/11/2025,游水,沙田,,沙田,,,,,,,,游水,,
H011,14/11/2025,踱步,沙田,內圈,沙田 內圈,,,,,,助手,,快踱一圈,E/P,內圈 快踱一圈 (助手)
H011,13/11/2025,游水,沙田,,沙田,,,,,,,,游水,,
H011,13/11/2025,踱步,沙田,飛機場,沙田 飛機場,,,,,,助手,,踱步,E/P,飛機場 踱步 (助手)
H011,12/11/2025,游水,沙田,,沙田,,,,,,,,游水,,
H011,12/11/2025,快操,沙田,全天候,沙田 全天候,,24.4,24.4,24.4,,助手,,快操,E/P,24.4 (24.4) (助手)
H011,12/11/2025,踱步,沙田,飛機場,沙田 飛機場,,,,,,助手,,踱步,E/P,飛機場 踱步 (助手)
H011,11/11/2025,游水,沙田,,沙田,,,,,,,,游水,,
H011,11/11/2025,踱步,沙田,內圈,沙田 內圈,,,,,,助手,,快踱一圈,E/P,內圈 快踱一圈 (助手)
H011,10/11/2025,游水,沙田,,沙田,,,,,,,,游水,,
H011,10/11/2025,踱步,沙田,內圈,沙田 內圈,,,,,,助手,,倒快兩圈,E/P,內圈 倒快兩圈 (助手)
H011,09/11/2025,游水,沙田,,沙田,,,,,,,,游水,,
H011,09/11/2025,踱步,沙田,飛機場,沙田 飛機場,,,,,,助手,,踱步,E/P,飛機場 踱步 (助手)
H011,08/11/2025,游水,沙田,,沙田,,,,,,,,游水,,
H011,08/11/2025,快操,沙田,全天候,沙田 全天候,,53.7,53.7,28.9 24.8,,助手,,快操,E/P,28.9 24.8 (53.7) (助手)
H011,08/11/2025,踱步,沙田,飛機場,沙田 飛機場,,,,,,助手,,踱步,E/P,飛機場 踱步 (助手)
H011,07/11/2025,游水,沙田,,沙田,,,,,,,,游水,,
H011,07/11/2025,踱步,沙田,內圈,沙田 內圈,,,,,,助手,,快踱一圈,E/P,內圈 快踱一圈 (助手)
H011,06/11/2025,游水,沙田,,沙田,,,,,,,,游水,,
H011,06/11/2025,踱步,沙田,內圈,沙田 內圈,,,,,,助手,,倒快兩圈,E/P,內圈 倒快兩圈 (助手)
H011,05/11/2025,游水,沙田,,沙田,,,,,,,,游水,,
H011,05/11/2025,踱步,沙田,飛機場,沙田 飛機場,,,,,,助手,,踱步,E/P,飛機場 踱步 (助手)
H011,04/11/2025,游水,沙田,,沙田,,,,,,,,游水,,
H011,04/11/2025,快操,沙田,全天候,沙田 全天候,,1.02.1,62.1,34.0 28.1,,助手,,快操,E/P,34.0 28.1 (1.02.1) (助手)
H011,04/11/2025,踱步,沙田,飛機場,沙田 飛機場,,,,,,助手,,踱步,E/P,飛機場 踱步 (助手)
H011,03/11/2025,游水,沙田,,沙田,,,,,,,,游水,,
H011,03/11/2025,踱步,沙田,內圈,沙田 內圈,,,,,,助手,,倒快兩圈,E/P,內圈 倒快兩圈 (助手)
H011,02/11/2025,游水,沙田,,沙田,,,,,,,,游水,,
H011,02/11/2025,踱步,沙田,內圈,沙田 內圈,,,,,,助手,,快踱一圈,E/P,內圈 快踱一圈 (助手)
H011,01/11/2025,游水,沙田,,沙田,,,,,,,,游水,,
H011,01/11/2025,踱步,沙田,內圈,沙田 內圈,,,,,,助手,,快踱一圈,E/P,內圈 快踱一圈 (助手)
H011,31/10/2025,游水,沙田,,沙田,,,,,,,,游水,,
H011,31/10/2025,踱步,沙田,內圈,沙田 內圈,,,,,,助手,,快踱一圈,E/P,內圈 快踱一圈 (助手)
H011,30/10/2025,游水,沙田,,沙田,,,,,,,,游水,,
H011,30/10/2025,踱步,沙田,內圈,沙田 內圈,,,,,,助手,,倒快一圈,E/P,內圈 倒快一圈 (助手)
H011,29/10/2025,游水,沙田,,沙田,,,,,,,,游水,,
H011,29/10/2025,踱步,沙田,飛機場,沙田 飛機場,,,,,,助手,,踱步,E/P,飛機場 踱步 (助手)
H011,28/10/2025,游水,沙田,,沙田,,,,,,,,游水,,
H011,26/10/2025,出賽,沙田,草地,沙田 草地,1800M,,,,,金誠剛,2/13,出賽,E/P/TT,1800M (金誠剛) (2/13)
H011,26/10/2025,踱步,沙田,飛機場,沙田 飛機場,,,,,,助手,,踱步,E/P,飛機場 踱步 (助手)
H011,25/10/2025,游水,沙田,,沙田,,,,,,,,游水,,
H011,25/10/2025,踱步,沙田,內圈,沙田 內圈,,,,,,助手,,快踱一圈,E/P,內圈 快踱一圈 (助手)
H011,24/10/2025,游水,沙田,,沙田,,,,,,,,游水,,
H011,24/10/2025,踱步,沙田,飛機場,沙田 飛機場,,,,,,助手,,踱步,E/P,飛機場 踱步 (助手)
H011,23/10/2025,游水,沙田,,沙田,,,,,,,,游水,,
H011,23/10/2025,快操,沙田,全天候,沙田 全天候,,56.1,56.1,32.9 23.2,,金誠剛,,快操,E/P,32.9 23.2 (56.1) (金誠剛)
H011,23/10/2025,踱步,沙田,飛機場,沙田 飛機場,,,,,,助手,,踱步,E/P,飛機場 踱步 (助手)
H011,22/10/2025,游水,沙田,,沙田,,,,,,,,游水,,
H011,22/10/2025,踱步,沙田,內圈,沙田 內圈,,,,,,助手,,快踱一圈,E/P,內圈 快踱一圈 (助手)
H011,21/10/2025,游水,沙田,,沙田,,,,,,,,游水,,
H011,21/10/2025,踱步,沙田,內圈,沙田 內圈,,,,,,助手,,快踱一圈,E/P,內圈 快踱一圈 (助手)
H011,20/10/2025,游水,沙田,,沙田,,,,,,,,游水,,
H011,20/10/2025,踱步,沙田,飛機場,沙田 飛機場,,,,,,助手,,踱步,E/P,飛機場 踱步 (助手)
H011,19/10/2025,游水,沙田,,沙田,,,,,,,,游水,,
H011,19/10/2025,快操,沙田,全天候,沙田 全天候,,53.2,53.2,28.4 24.8,,助手,,快操,E/P,28.4 24.8 (53.2) (助手)
H011,19/10/2025,踱步,沙田,飛機場,沙田 飛機場,,,,,,助手,,踱步,E/P,飛機場 踱步 (助手)
H011,18/10/2025,游水,沙田,,沙田,,,,,,,,游水,,
H011,18/10/2025,踱步,沙田,內圈,沙田 內圈,,,,,,助手,,快踱一圈,,內圈 快踱一圈 (助手)
H011,17/10/2025,游水,沙田,,沙田,,,,,,,,游水,,
H011,17/10/2025,踱步,沙田,內圈,沙田 內圈,,,,,,助手,,快踱一圈,,內圈 快踱一圈 (助手)
H011,16/10/2025,游水,沙田,,沙田,,,,,,,,游水,,
H011,16/10/2025,踱步,沙田,飛機場,沙田 飛機場,,,,,,助手,,踱步,,飛機場 踱步 (助手)
H011,15/10/2025,游水,沙田,,沙田,,,,,,,,游水,,
H011,15/10/2025,快操,沙田,全天候,沙田 全天候,,1.00.2,60.2,31.7 28.5,,助手,,快操,B,31.7 28.5 (1.00.2) (助手)
H011,15/10/2025,踱步,沙田,飛機場,沙田 飛機場,,,,,,助手,,踱步,B,飛機場 踱步 (助手)
H011,14/10/2025,游水,沙田,,沙田,,,,,,,,游水,,
H011,14/10/2025,踱步,沙田,內圈,沙田 內圈,,,,,,助手,,快踱一圈,,內圈 快踱一圈 (助手)
H011,13/10/2025,游水,沙田,,沙田,,,,,,,,游水,,
H011,13/10/2025,踱步,沙田,內圈,沙田 內圈,,,,,,助手,,倒快兩圈,,內圈 倒快兩圈 (助手)
H011,12/10/2025,游水,沙田,,沙田,,,,,,,,游水,,
H011,12/10/2025,踱步,沙田,飛機場,沙田 飛機場,,,,,,助手,,踱步,,飛機場 踱步 (助手)
H011,11/10/2025,游水,沙田,,沙田,,,,,,,,游水,,
H011,11/10/2025,快操,沙田,全天候,沙田 全天候,,1.01.2,61.2,32.5 28.7,,助手,,快操,B,32.5 28.7 (1.01.2) (助手)
H011,11/10/2025,踱步,沙田,飛機場,沙田 飛機場,,,,,,助手,,踱步,B,飛機場 踱步 (助手)
H011,10/10/2025,游水,沙田,,沙田,,,,,,,,游水,,
H011,10/10/2025,踱步,沙田,內圈,沙田 內圈,,,,,,助手,,快踱一圈,,內圈 快踱一圈 (助手)
H011,09/10/2025,游水,沙田,,沙田,,,,,,,,游水,,
H011,09/10/2025,踱步,沙田,內圈,沙田 內圈,,,,,,助手,,倒快兩圈,,內圈 倒快兩圈 (助手)
H011,08/10/2025,游水,沙田,,沙田,,,,,,,,游水,,
H011,08/10/2025,踱步,沙田,內圈,沙田 內圈,,,,,,助手,,快踱一圈,,內圈 快踱一圈 (助手)
H011,07/10/2025,游水,沙田,,沙田,,,,,,,,游水,,
H011,07/10/2025,踱步,沙田,飛機場,沙田 飛機場,,,,,,助手,,踱步,,飛機場 踱步 (助手)
H011,06/10/2025,游水,沙田,,沙田,,,,,,,,游水,,
H011,04/10/2025,出賽,沙田,全天候,沙田 全天候,1650M,,,,,蔡明紹,9/13,出賽,E/P/TT,1650M (蔡明紹) (9/13)
H011,04/10/2025,踱步,沙田,飛機場,沙田 飛機場,,,,,,助手,,踱步,,飛機場 踱步 (助手)
H011,03/10/2025,游水,沙田,,沙田,,,,,,,,游水,,
H011,03/10/2025,踱步,沙田,內圈,沙田 內圈,,,,,,助手,,快踱一圈,,內圈 快踱一圈 (助手)
H011,02/10/2025,游水,沙田,,沙田,,,,,,,,游水,,
H011,02/10/2025,踱步,沙田,內圈,沙田 內圈,,,,,,助手,,倒快兩圈,,內圈 倒快兩圈 (助手)
H011,01/10/2025,游水,沙田,,沙田,,,,,,,,游水,,
H011,01/10/2025,踱步,沙田,飛機場,沙田 飛機場,,,,,,助手,,踱步,,飛機場 踱步 (助手)
H011,30/09/2025,游水,沙田,,沙田,,,,,,,,游水,,
H011,30/09/2025,快操,沙田,全天候,沙田 全天候,,24.6,24.6,24.6,,助手,,快操,B/E,24.6 (24.6) (助手)
H011,30/09/2025,踱步,沙田,飛機場,沙田 飛機場,,,,,,助手,,踱步,B/E,飛機場 踱步 (助手)
H011,29/09/2025,游水,沙田,,沙田,,,,,,,,游水,,
H011,29/09/2025,踱步,沙田,內圈,沙田 內圈,,,,,,助手,,倒快兩圈,,內圈 倒快兩圈 (助手)
H011,28/09/2025,游水,沙田,,沙田,,,,,,,,游水,,
H011,28/09/2025,踱步,沙田,內圈,沙田 內圈,,,,,,助手,,快踱一圈,,內圈 快踱一圈 (助手)
H011,27/09/2025,游水,沙田,,沙田,,,,,,,,游水,,
H011,27/09/2025,踱步,沙田,飛機場,沙田 飛機場,,,,,,助手,,踱步,,飛機場 踱步 (助手)
H011,26/09/2025,游水,沙田,,沙田,,,,,,,,游水,,
H011,26/09/2025,快操,沙田,全天候,沙田 全天候,,49.5,49.5,26.2 23.3,,蔡明紹,,快操,E/P,26.2 23.3 (49.5) (蔡明紹)
H011,26/09/2025,踱步,沙田,飛機場,沙田 飛機場,,,,,,助手,,踱步,E/P,飛機場 踱步 (助手)
H011,25/09/2025,游水,沙田,,沙田,,,,,,,,游水,,
H011,25/09/2025,踱步,沙田,內圈,沙田 內圈,,,,,,助手,,倒快兩圈,,內圈 倒快兩圈 (助手)
H011,23/09/2025,游水,沙田,,沙田,,,,,,,,游水,,
H011,23/09/2025,踱步,沙田,內圈,沙田 內圈,,,,,,助手,,快踱一圈,,內圈 快踱一圈 (助手)
H011,22/09/2025,游水,沙田,,沙田,,,,,,,,游水,,
H011,22/09/2025,踱步,沙田,飛機場,沙田 飛機場,,,,,,助手,,踱步,,飛機場 踱步 (助手)
H011,21/09/2025,游水,沙田,,沙田,,,,,,,,游水,,
H011,21/09/2025,快操,沙田,全天候,沙田 全天候,,59.4,59.4,32.7 26.7,,助手,,快操,B,32.7 26.7 (59.4) (助手)
H011,21/09/2025,踱步,沙田,飛機場,沙田 飛機場,,,,,,助手,,踱步,B,飛機場 踱步 (助手)
H011,20/09/2025,游水,沙田,,沙田,,,,,,,,游水,,
H011,20/09/2025,踱步,沙田,內圈,沙田 內圈,,,,,,助手,,快踱一圈,,內圈 快踱一圈 (助手)
H011,19/09/2025,游水,沙田,,沙田,,,,,,,,游水,,
H011,19/09/2025,踱步,沙田,內圈,沙田 內圈,,,,,,助手,,快踱一圈,,內圈 快踱一圈 (助手)
H011,18/09/2025,游水,沙田,,沙田,,,,,,,,游水,,
H011,18/09/2025,踱步,沙田,飛機場,沙田 飛機場,,,,,,助手,,踱步,,飛機場 踱步 (助手)
H011,17/09/2025,游水,沙田,,沙田,,,,,,,,游水,,
H011,17/09/2025,快操,沙田,全天候,沙田 全天候,,29.5,29.5,29.5,,助手,,快操,P,29.5 (29.5) (助手)
H011,17/09/2025,踱步,沙田,飛機場,沙田 飛機場,,,,,,助手,,踱步,P,飛機場 踱步 (助手)
H011,16/09/2025,游水,沙田,,沙田,,,,,,,,游水,,
H011,16/09/2025,踱步,沙田,內圈,沙田 內圈,,,,,,助手,,快踱一圈,,內圈 快踱一圈 (助手)
H011,15/09/2025,游水,沙田,,沙田,,,,,,,,游水,,
H011,15/09/2025,踱步,沙田,內圈,沙田 內圈,,,,,,助手,,倒快兩圈,,內圈 倒快兩圈 (助手)
H011,14/09/2025,游水,沙田,,沙田,,,,,,,,游水,,
H011,14/09/2025,踱步,沙田,內圈,沙田 內圈,,,,,,助手,,快踱一圈,,內圈 快踱一圈 (助手)
H011,13/09/2025,游水,沙田,,沙田,,,,,,,,游水,,
H011,13/09/2025,踱步,沙田,飛機場,沙田 飛機場,,,,,,助手,,踱步,,飛機場 踱步 (助手)
H011,12/09/2025,游水,沙田,,沙田,,,,,,,,游水,,
H011,10/09/2025,出賽,跑馬地,草地,跑馬地 草地,1650M,,,,,蔡明紹,4/9,出賽,E/P/TT,1650M (蔡明紹) (4/9)
H011,10/09/2025,踱步,沙田,飛機場,沙田 飛機場,,,,,,助手,,踱步,,飛機場 踱步 (助手)
H011,09/09/2025,游水,沙田,,沙田,,,,,,,,游水,,
H011,09/09/2025,踱步,沙田,內圈,沙田 內圈,,,,,,助手,,快踱一圈,,內圈 快踱一圈 (助手)
H011,08/09/2025,踱步,沙田,飛機場,沙田 飛機場,,,,,,助手,,踱步,,飛機場 踱步 (助手)
H011,07/09/2025,游水,沙田,,沙田,,,,,,,,游水,,
H011,07/09/2025,踱步,沙田,內圈,沙田 內圈,,,,,,助手,,快踱一圈,,內圈 快踱一圈 (助手)
H011,06/09/2025,游水,從化,,從化,,,,,,,,游水,,
H011,06/09/2025,踱步,從化,內圈,從化 內圈,,,,,,助手,,快踱一圈,,內圈 快踱一圈 (助手)
H011,05/09/2025,游水,從化,,從化,,,,,,,,游水,,
H011,05/09/2025,踱步,從化,飛機場,從化 飛機場,,,,,,助手,,踱步,,飛機場 踱步 (助手)
H011,04/09/2025,游水,從化,,從化,,,,,,,,游水,,
H011,04/09/2025,快操,從化,草地,從化 草地,,55.0,55.0,29.5 25.5,,助手,,快操,P,29.5 25.5 (55.0) (助手)
H011,04/09/2025,踱步,從化,飛機場,從化 飛機場,,,,,,助手,,踱步,P,飛機場 踱步 (助手)
H011,03/09/2025,游水,從化,,從化,,,,,,,,游水,,
H011,03/09/2025,踱步,從化,內圈,從化 內圈,,,,,,助手,,快踱一圈,,內圈 快踱一圈 (助手)
H011,02/09/2025,游水,從化,,從化,,,,,,,,游水,,
H011,02/09/2025,踱步,從化,內圈,從化 內圈,,,,,,助手,,快踱一圈,,內圈 快踱一圈 (助手)
H011,01/09/2025,游水,從化,,從化,,,,,,,,游水,,
H011,01/09/2025,踱步,從化,內圈,從化 內圈,,,,,,助手,,倒快兩圈,,內圈 倒快兩圈 (助手)
H011,31/08/2025,踱步,從化,飛機場,從化 飛機場,,,,,,助手,,踱步,,飛機場 踱步 (助手)
H011,29/08/2025,試閘,從化,草地,從化 草地,1200M,1.10.88,70.88,25.4 22.4 23.0,花好月盈,查本楠,,第10組,E/P,第10組 (查本楠) 1200M 花好月盈 25.4 22.4 23.0 (1.10.88)
H011,29/08/2025,踱步,從化,飛機場,從化 飛機場,,,,,,助手,,踱步,E/P,飛機場 踱步 (助手)
H011,28/08/2025,游水,從化,,從化,,,,,,,,游水,,
H011,28/08/2025,踱步,從化,內圈,從化 內圈,,,,,,助手,,倒快一圈,,內圈 倒快一圈 (助手)
H011,27/08/2025,游水,從化,,從化,,,,,,,,游水,,
H011,27/08/2025,踱步,從化,飛機場,從化 飛機場,,,,,,助手,,踱步,,飛機場 踱步 (助手)
H011,26/08/2025,游水,從化,,從化,,,,,,,,游水,,
H011,26/08/2025,快操,從化,全天候,從化 全天候,,57.9,57.9,31.9 26.0,,助手,,快操,P,31.9 26.0 (57.9) (助手)
H011,26/08/2025,踱步,從化,飛機場,從化 飛機場,,,,,,助手,,踱步,P,飛機場 踱步 (助手)
H011,25/08/2025,游水,從化,,從化,,,,,,,,游水,,
H011,25/08/2025,踱步,從化,內圈,從化 內圈,,,,,,助手,,倒快兩圈,,內圈 倒快兩圈 (助手)
H011,24/08/2025,游水,從化,,從化,,,,,,,,游水,,
H011,24/08/2025,踱步,從化,內圈,從化 內圈,,,,,,助手,,快踱一圈,,內圈 快踱一圈 (助手)
H011,23/08/2025,游水,從化,,從化,,,,,,,,游水,,
H011,23/08/2025,踱步,從化,飛機場,從化 飛機場,,,,,,助手,,踱步,,飛機場 踱步 (助手)
H011,22/08/2025,游水,從化,,從化,,,,,,,,游水,,
H011,22/08/2025,快操,從化,全天候,從化 全天候,,53.5,53.5,28.4 25.1,,助手,,快操,P,28.4 25.1 (53.5) (助手)
H011,22/08/2025,踱步,從化,飛機場,從化 飛機場,,,,,,助手,,踱步,P,飛機場 踱步 (助手)
H011,21/08/2025,游水,從化,,從化,,,,,,,,游水,,
H011,21/08/2025,踱步,從化,內圈,從化 內圈,,,,,,助手,,倒快兩圈,,內圈 倒快兩圈 (助手)
H011,20/08/2025,游水,從化,,從化,,,,,,,,游水,,
H011,20/08/2025,踱步,從化,飛機場,從化 飛機場,,,,,,助手,,踱步,,飛機場 踱步 (助手)
H011,19/08/2025,游水,從化,,從化,,,,,,,,游水,,
H011,19/08/2025,快操,從化,全天候,從化 全天候,,56.7,56.7,31.1 25.6,,助手,,快操,P,31.1 25.6 (56.7) (助手)
H011,19/08/2025,踱步,從化,飛機場,從化 飛機場,,,,,,助手,,踱步,P,飛機場 踱步 (助手)
H011,18/08/2025,游水,從化,,從化,,,,,,,,游水,,
H011,18/08/2025,踱步,從化,內圈,從化 內圈,,,,,,助手,,倒快兩圈,,內圈 倒快兩圈 (助手)
H011,17/08/2025,游水,從化,,從化,,,,,,,,游水,,
H011,17/08/2025,踱步,從化,內圈,從化 內圈,,,,,,助手,,快踱一圈,,內圈 快踱一圈 (助手)
H011,16/08/2025,游水,從化,,從化,,,,,,,,游水,,
H011,16/08/2025,踱步,從化,飛機場,從化 飛機場,,,,,,助手,,踱步,,飛機場 踱步 (助手)
H011,15/08/2025,游水,從化,,從化,,,,,,,,游水,,
H011,15/08/2025,快操,從化,全天候,從化 全天候,,55.1,55.1,30.6 24.5,,助手,,快操,P,30.6 24.5 (55.1) (助手)
H011,15/08/2025,踱步,從化,飛機場,從化 飛機場,,,,,,助手,,踱步,P,飛機場 踱步 (助手)
H011,14/08/2025,游水,從化,,從化,,,,,,,,游水,,
H011,14/08/2025,踱步,從化,內圈,從化 內圈,,,,,,助手,,倒快一圈,,內圈 倒快一圈 (助手)
H011,13/08/2025,游水,從化,,從化,,,,,,,,游水,,
H011,13/08/2025,踱步,從化,內圈,從化 內圈,,,,,,助手,,快踱一圈,,內圈 快踱一圈 (助手)
H011,12/08/2025,游水,從化,,從化,,,,,,,,游水,,
H011,12/08/2025,踱步,從化,內圈,從化 內圈,,,,,,助手,,快踱一圈,,內圈 快踱一圈 (助手)
H011,11/08/2025,游水,從化,,從化,,,,,,,,游水,,
H011,11/08/2025,快操,從化,全天候,從化 全天候,,57.7,57.7,32.1 25.6,,助手,,快操,P,32.1 25.6 (57.7) (助手)
H011,11/08/2025,踱步,從化,飛機場,從化 飛機場,,,,,,助手,,踱步,P,飛機場 踱步 (助手)
H011,10/08/2025,游水,從化,,從化,,,,,,,,游水,,
H011,10/08/2025,踱步,從化,內圈,從化 內圈,,,,,,助手,,快踱一圈,,內圈 快踱一圈 (助手)
H011,09/08/2025,踱步,從化,內圈,從化 內圈,,,,,,助手,,快踱一圈,,內圈 快踱一圈 (助手)
H011,08/08/2025,快操,從化,全天候,從化 全天候,,27.1,27.1,27.1,,助手,,快操,P,27.1 (27.1) (助手)
H011,08/08/2025,踱步,從化,飛機場,從化 飛機場,,,,,,助手,,踱步,P,飛機場 踱步 (助手)
H011,07/08/2025,踱步,從化,內圈,從化 內圈,,,,,,助手,,倒快兩圈,,內圈 倒快兩圈 (助手)
H011,06/08/2025,踱步,從化,內圈,從化 內圈,,,,,,助手,,快踱一圈,,內圈 快踱一圈 (助手)
H011,05/08/2025,快操,從化,全天候,從化 全天候,,27.8,27.8,27.8,,助手,,快操,P,27.8 (27.8) (助手)
H011,05/08/2025,踱步,從化,飛機場,從化 飛機場,,,,,,助手,,踱步,P,飛機場 踱步 (助手)
H011,04/08/2025,踱步,從化,內圈,從化 內圈,,,,,,助手,,倒快一圈,,內圈 倒快一圈 (助手)
H011,03/08/2025,踱步,從化,內圈,從化 內圈,,,,,,助手,,快踱一圈,,內圈 快踱一圈 (助手)
H011,02/08/2025,快操,從化,全天候,從化 全天候,,26.6,26.6,26.6,,助手,,快操,H/P,26.6 (26.6) (助手)
H011,02/08/2025,踱步,從化,飛機場,從化 飛機場,,,,,,助手,,踱步,H/P,飛機場 踱步 (助手)
H011,01/08/2025,踱步,從化,內圈,從化 內圈,,,,,,助手,,快踱一圈,H,內圈 快踱一圈 (助手)
H011,31/07/2025,踱步,從化,內圈,從化 內圈,,,,,,助手,,快踱一圈,H,內圈 快踱一圈 (助手)
H011,30/07/2025,踱步,從化,內圈,從化 內圈,,,,,,助手,,快踱一圈,H,內圈 快踱一圈 (助手)
H011,29/07/2025,踱步,從化,內圈,從化 內圈,,,,,,助手,,快踱一圈,H,內圈 快踱一圈 (助手)
H011,28/07/2025,踱步,從化,內圈,從化 內圈,,,,,,助手,,快踱一圈,H,內圈 快踱一圈 (助手)
H011,27/07/2025,踱步,從化,飛機場,從化 飛機場,,,,,,助手,,踱步,,飛機場 踱步 (助手)
H011,26/07/2025,踱步,從化,飛機場,從化 飛機場,,,,,,助手,,踱步,,飛機場 踱步 (助手)
H011,25/07/2025,踱步,從化,飛機場,從化 飛機場,,,,,,助手,,踱步,,飛機場 踱步 (助手)
H011,24/07/2025,踱步,從化,飛機場,從化 飛機場,,,,,,助手,,踱步,,飛機場 踱步 (助手)
H011,23/07/2025,踱步,從化,飛機場,從化 飛機場,,,,,,助手,,踱步,,飛機場 踱步 (助手)
H011,22/07/2025,踱步,從化,飛機場,從化 飛機場,,,,,,助手,,踱步,,飛機場 踱步 (助手)
H011,21/07/2025,踱步,從化,飛機場,從化 飛機場,,,,,,助手,,踱步,,飛機場 踱步 (助手)
H011,20/07/2025,踱步,從化,飛機場,從化 飛機場,,,,,,助手,,踱步,,飛機場 踱步 (助手)
H011,19/07/2025,踱步,從化,飛機場,從化 飛機場,,,,,,助手,,踱步,,飛機場 踱步 (助手)
H011,18/07/2025,踱步,從化,飛機場,從化 飛機場,,,,,,助手,,踱步,,飛機場 踱步 (助手)
H011,16/07/2025,踱步,從化,內圈,從化 內圈,,,,,,助手,,快踱一圈,H,內圈 快踱一圈 (助手)
H011,15/07/2025,踱步,從化,內圈,從化 內圈,,,,,,助手,,快踱一圈,H,內圈 快踱一圈 (助手)
H011,14/07/2025,踱步,從化,內圈,從化 內圈,,,,,,助手,,倒快一圈,H,內圈 倒快一圈 (助手)
H011,13/07/2025,踱步,從化,內圈,從化 內圈,,,,,,助手,,快踱一圈,H,內圈 快踱一圈 (助手)
H011,12/07/2025,踱步,從化,內圈,從化 內圈,,,,,,助手,,快踱一圈,H,內圈 快踱一圈 (助手)
H011,11/07/2025,踱步,從化,內圈,從化 內圈,,,,,,助手,,快踱一圈,H,內圈 快踱一圈 (助手)
H011,10/07/2025,踱步,從化,內圈,從化 內圈,,,,,,助手,,倒快一圈,H,內圈 倒快一圈 (助手)
H011,09/07/2025,踱步,從化,內圈,從化 內圈,,,,,,助手,,快踱一圈,H,內圈 快踱一圈 (助手)
H011,08/07/2025,踱步,從化,內圈,從化 內圈,,,,,,助手,,快踱一圈,H,內圈 快踱一圈 (助手)
H011,07/07/2025,踱步,從化,內圈,從化 內圈,,,,,,助手,,倒快一圈,H,內圈 倒快一圈 (助手)
H011,06/07/2025,踱步,從化,飛機場,從化 飛機場,,,,,,助手,,踱步,,飛機場 踱步 (助手)
H011,05/07/2025,踱步,從化,飛機場,從化 飛機場,,,,,,助手,,踱步,,飛機場 踱步 (助手)
H011,04/07/2025,踱步,從化,飛機場,從化 飛機場,,,,,,助手,,踱步,,飛機場 踱步 (助手)
H011,03/07/2025,踱步,從化,飛機場,從化 飛機場,,,,,,助手,,踱步,,飛機場 踱步 (助手)
H011,02/07/2025,踱步,從化,飛機場,從化 飛機場,,,,,,助手,,踱步,,飛機場 踱步 (助手)
H011,01/07/2025,踱步,從化,飛機場,從化 飛機場,,,,,,助手,,踱步,,飛機場 踱步 (助手)
H011,30/06/2025,踱步,從化,飛機場,從化 飛機場,,,,,,助手,,踱步,,飛機場 踱步 (助手)
H011,04/06/2025,游水,沙田,,沙田,,,,,,,,游水,,
H011,04/06/2025,踱步,沙田,內圈,沙田 內圈,,,,,,助手,,快踱一圈,,內圈 快踱一圈 (助手)
H011,03/06/2025,游水,沙田,,沙田,,,,,,,,游水,,
H011,03/06/2025,踱步,沙田,飛機場,沙田 飛機場,,,,,,助手,,踱步,,飛機場 踱步 (助手)
H011,02/06/2025,游水,沙田,,沙田,,,,,,,,游水,,
H011,02/06/2025,快操,沙田,全天候,沙田 全天候,,58.5,58.5,32.1 26.4,,助手,,快操,P,32.1 26.4 (58.5) (助手)
H011,02/06/2025,踱步,沙田,飛機場,沙田 飛機場,,,,,,助手,,踱步,P,飛機場 踱步 (助手)
H011,01/06/2025,游水,沙田,,沙田,,,,,,,,游水,,
H011,01/06/2025,踱步,沙田,內圈,沙田 內圈,,,,,,助手,,快踱一圈,,內圈 快踱一圈 (助手)
H011,31/05/2025,游水,沙田,,沙田,,,,,,,,游水,,
H011,31/05/2025,踱步,沙田,內圈,沙田 內圈,,,,,,助手,,快踱一圈,,內圈 快踱一圈 (助手)
H011,30/05/2025,游水,沙田,,沙田,,,,,,,,游水,,
H011,29/05/2025,游水,沙田,,沙田,,,,,,,,游水,,
H011,28/05/2025,游水,沙田,,沙田,,,,,,,,游水,,
H011,28/05/2025,踱步,沙田,內圈,沙田 內圈,,,,,,助手,,快踱一圈,,內圈 快踱一圈 (助手)
H011,26/05/2025,游水,沙田,,沙田,,,,,,,,游水,,
H011,26/05/2025,踱步,沙田,內圈,沙田 內圈,,,,,,助手,,倒快兩圈,,內圈 倒快兩圈 (助手)
H011,25/05/2025,游水,沙田,,沙田,,,,,,,,游水,,
H011,25/05/2025,踱步,沙田,內圈,沙田 內圈,,,,,,助手,,快踱一圈,,內圈 快踱一圈 (助手)
H011,24/05/2025,游水,沙田,,沙田,,,,,,,,游水,,
H011,24/05/2025,踱步,沙田,飛機場,沙田 飛機場,,,,,,助手,,踱步,,飛機場 踱步 (助手)
H011,23/05/2025,游水,沙田,,沙田,,,,,,,,游水,,
H011,21/05/2025,出賽,跑馬地,草地,跑馬地 草地,1650M,,,,,艾兆禮,3/12,出賽,E/P/TT,1650M (艾兆禮) (3/12)
H011,21/05/2025,踱步,沙田,飛機場,沙田 飛機場,,,,,,助手,,踱步,,飛機場 踱步 (助手)
H011,20/05/2025,游水,沙田,,沙田,,,,,,,,游水,,
H011,19/05/2025,游水,沙田,,沙田,,,,,,,,游水,,
H011,19/05/2025,踱步,沙田,飛機場,沙田 飛機場,,,,,,助手,,踱步,,飛機場 踱步 (助手)
H011,18/05/2025,游水,沙田,,沙田,,,,,,,,游水,,
H011,18/05/2025,快操,沙田,全天候,沙田 全天候,,23.9,23.9,23.9,,助手,,快操,P,23.9 (23.9) (助手)
H011,18/05/2025,踱步,沙田,飛機場,沙田 飛機場,,,,,,助手,,踱步,PH,飛機場 踱步 (助手)
H011,17/05/2025,游水,沙田,,沙田,,,,,,,,游水,,
H011,17/05/2025,踱步,沙田,內圈,沙田 內圈,,,,,,助手,,快踱一圈,,內圈 快踱一圈 (助手)
H011,16/05/2025,游水,沙田,,沙田,,,,,,,,游水,,
H011,16/05/2025,踱步,沙田,內圈,沙田 內圈,,,,,,助手,,快踱一圈,,內圈 快踱一圈 (助手)
H011,15/05/2025,游水,沙田,,沙田,,,,,,,,游水,,
H011,15/05/2025,踱步,沙田,飛機場,沙田 飛機場,,,,,,助手,,踱步,,飛機場 踱步 (助手)
H011,14/05/2025,游水,沙田,,沙田,,,,,,,,游水,,
H011,14/05/2025,快操,沙田,全天候,沙田 全天候,,57.3,57.3,31.7 25.6,,助手,,快操,P,31.7 25.6 (57.3) (助手)
H011,14/05/2025,踱步,沙田,飛機場,沙田 飛機場,,,,,,助手,,踱步,P,飛機場 踱步 (助手)
H011,13/05/2025,游水,沙田,,沙田,,,,,,,,游水,,
H011,13/05/2025,踱步,沙田,內圈,沙田 內圈,,,,,,助手,,快踱一圈,,內圈 快踱一圈 (助手)
H011,12/05/2025,游水,沙田,,沙田,,,,,,,,游水,,
H011,12/05/2025,踱步,沙田,內圈,沙田 內圈,,,,,,助手,,倒快兩圈,,內圈 倒快兩圈 (助手)
H011,11/05/2025,游水,沙田,,沙田,,,,,,,,游水,,
H011,11/05/2025,踱步,沙田,內圈,沙田 內圈,,,,,,助手,,快踱一圈,,內圈 快踱一圈 (助手)
H011,10/05/2025,游水,沙田,,沙田,,,,,,,,游水,,
H011,10/05/2025,踱步,沙田,飛機場,沙田 飛機場,,,,,,助手,,踱步,,飛機場 踱步 (助手)
H011,09/05/2025,游水,沙田,,沙田,,,,,,,,游水,,
H011,07/05/2025,出賽,跑馬地,草地,跑馬地 草地,1650M,,,,,蔡明紹,1/11,出賽,E/P/TT,1650M (蔡明紹) (1/11)
H011,07/05/2025,踱步,沙田,飛機場,沙田 飛機場,,,,,,助手,,踱步,,飛機場 踱步 (助手)
H011,06/05/2025,游水,沙田,,沙田,,,,,,,,游水,,
H011,06/05/2025,踱步,沙田,內圈,沙田 內圈,,,,,,助手,,快踱一圈,,內圈 快踱一圈 (助手)
H011,05/05/2025,游水,沙田,,沙田,,,,,,,,游水,,
H011,05/05/2025,踱步,沙田,飛機場,沙田 飛機場,,,,,,助手,,踱步,,飛機場 踱步 (助手)
H011,04/05/2025,游水,沙田,,沙田,,,,,,,,游水,,
H011,04/05/2025,快操,沙田,全天候,沙田 全天候,,23.3,23.3,23.3,,助手,,快操,P,23.3 (23.3) (助手)
H011,03/05/2025,游水,沙田,,沙田,,,,,,,,游水,,
H011,03/05/2025,踱步,沙田,內圈,沙田 內圈,,,,,,助手,,快踱一圈,,內圈 快踱一圈 (助手)
H011,02/05/2025,游水,沙田,,沙田,,,,,,,,游水,,
H011,02/05/2025,踱步,沙田,內圈,沙田 內圈,,,,,,助手,,快踱一圈,,內圈 快踱一圈 (助手)
H011,01/05/2025,游水,沙田,,沙田,,,,,,,,游水,,
H011,01/05/2025,踱步,沙田,飛機場,沙田 飛機場,,,,,,助手,,踱步,,飛機場 踱步 (助手)
H011,30/04/2025,游水,沙田,,沙田,,,,,,,,游水,,
H011,29/04/2025,試閘,沙田,全天候,沙田 全天候,1200M,1.09.93,69.93,23.8 23.2 22.9,嘉應駿馬,蔡明紹,,第4組,E/P,第4組 (蔡明紹) 1200M 嘉應駿馬 23.8 23.2 22.9 (1.09.93)
H011,28/04/2025,游水,沙田,,沙田,,,,,,,,游水,,
H011,28/04/2025,踱步,沙田,內圈,沙田 內圈,,,,,,助手,,倒快兩圈,,內圈 倒快兩圈 (助手)
H011,27/04/2025,游水,沙田,,沙田,,,,,,,,游水,,
H011,27/04/2025,踱步,沙田,內圈,沙田 內圈,,,,,,助手,,快踱一圈,,內圈 快踱一圈 (助手)
H011,26/04/2025,游水,沙田,,沙田,,,,,,,,游水,,
H011,26/04/2025,踱步,沙田,飛機場,沙田 飛機場,,,,,,助手,,踱步,,飛機場 踱步 (助手)
H011,25/04/2025,游水,沙田,,沙田,,,,,,,,游水,,
H011,25/04/2025,快操,沙田,全天候,沙田 全天候,,59.6,59.6,32.7 26.9,,助手,,快操,P,32.7 26.9 (59.6) (助手)
H011,25/04/2025,踱步,沙田,飛機場,沙田 飛機場,,,,,,助手,,踱步,P,飛機場 踱步 (助手)
H011,24/04/2025,游水,沙田,,沙田,,,,,,,,游水,,
H011,24/04/2025,踱步,沙田,內圈,沙田 內圈,,,,,,助手,,倒快兩圈,,內圈 倒快兩圈 (助手)
H011,23/04/2025,游水,沙田,,沙田,,,,,,,,游水,,
H011,23/04/2025,踱步,沙田,內圈,沙田 內圈,,,,,,助手,,快踱一圈,,內圈 快踱一圈 (助手)
H011,22/04/2025,游水,沙田,,沙田,,,,,,,,游水,,
H011,22/04/2025,踱步,沙田,飛機場,沙田 飛機場,,,,,,助手,,踱步,,飛機場 踱步 (助手)
H011,21/04/2025,游水,沙田,,沙田,,,,,,,,游水,,
H011,21/04/2025,快操,沙田,全天候,沙田 全天候,,58.2,58.2,31.6 26.6,,助手,,快操,P,31.6 26.6 (58.2) (助手)
H011,21/04/2025,踱步,沙田,飛機場,沙田 飛機場,,,,,,助手,,踱步,P,飛機場 踱步 (助手)
H011,20/04/2025,游水,沙田,,沙田,,,,,,,,游水,,
H011,20/04/2025,踱步,沙田,內圈,沙田 內圈,,,,,,助手,,快踱一圈,,內圈 快踱一圈 (助手)
H011,19/04/2025,游水,沙田,,沙田,,,,,,,,游水,,
H011,19/04/2025,踱步,沙田,內圈,沙田 內圈,,,,,,助手,,快踱一圈,H,內圈 快踱一圈 (助手)
H011,18/04/2025,游水,沙田,,沙田,,,,,,,,游水,,
H011,18/04/2025,踱步,沙田,內圈,沙田 內圈,,,,,,助手,,快踱一圈,,內圈 快踱一圈 (助手)
H011,17/04/2025,游水,沙田,,沙田,,,,,,,,游水,,
H011,17/04/2025,踱步,沙田,飛機場,沙田 飛機場,,,,,,助手,,踱步,,飛機場 踱步 (助手)
H011,16/04/2025,游水,沙田,,沙田,,,,,,,,游水,,
H011,16/04/2025,快操,沙田,全天候,沙田 全天候,,57.4,57.4,31.2 26.2,,助手,,快操,P,31.2 26.2 (57.4) (助手)
H011,16/04/2025,踱步,沙田,飛機場,沙田 飛機場,,,,,,助手,,踱步,PH,飛機場 踱步 (助手)
H011,15/04/2025,游水,沙田,,沙田,,,,,,,,游水,,
H011,15/04/2025,踱步,沙田,內圈,沙田 內圈,,,,,,助手,,快踱一圈,,內圈 快踱一圈 (助手)
H011,14/04/2025,游水,沙田,,沙田,,,,,,,,游水,,
H011,14/04/2025,踱步,沙田,內圈,沙田 內圈,,,,,,助手,,倒快兩圈,,內圈 倒快兩圈 (助手)
H011,13/04/2025,踱步,沙田,內圈,沙田 內圈,,,,,,助手,,快踱一圈,,內圈 快踱一圈 (助手)
H011,12/04/2025,游水,沙田,,沙田,,,,,,,,游水,,
H011,12/04/2025,踱步,沙田,飛機場,沙田 飛機場,,,,,,助手,,踱步,,飛機場 踱步 (助手)
H011,11/04/2025,游水,沙田,,沙田,,,,,,,,游水,,
H011,11/04/2025,快操,沙田,全天候,沙田 全天候,,52.3,52.3,28.6 23.7,,助手,,快操,P,28.6 23.7 (52.3) (助手)
H011,11/04/2025,踱步,沙田,飛機場,沙田 飛機場,,,,,,助手,,踱步,P,飛機場 踱步 (助手)
H011,10/04/2025,游水,沙田,,沙田,,,,,,,,游水,,
H011,10/04/2025,踱步,沙田,內圈,沙田 內圈,,,,,,助手,,倒快兩圈,,內圈 倒快兩圈 (助手)
H011,09/04/2025,游水,沙田,,沙田,,,,,,,,游水,,
H011,09/04/2025,踱步,沙田,內圈,沙田 內圈,,,,,,助手,,快踱兩圈,,內圈 快踱兩圈 (助手)
H011,08/04/2025,游水,沙田,,沙田,,,,,,,,游水,,
H011,08/04/2025,踱步,沙田,飛機場,沙田 飛機場,,,,,,助手,,踱步,,飛機場 踱步 (助手)
H011,07/04/2025,游水,沙田,,沙田,,,,,,,,游水,,
H011,07/04/2025,快操,沙田,全天候,沙田 全天候,,26.6,26.6,26.6,,助手,,快操,P,26.6 (26.6) (助手)
H011,07/04/2025,踱步,沙田,飛機場,沙田 飛機場,,,,,,助手,,踱步,P,飛機場 踱步 (助手)
H011,06/04/2025,游水,沙田,,沙田,,,,,,,,游水,,
H011,06/04/2025,踱步,沙田,內圈,沙田 內圈,,,,,,助手,,快踱一圈,,內圈 快踱一圈 (助手)
H011,05/04/2025,游水,沙田,,沙田,,,,,,,,游水,,
H011,05/04/2025,踱步,沙田,內圈,沙田 內圈,,,,,,助手,,快踱一圈,,內圈 快踱一圈 (助手)
H011,04/04/2025,游水,沙田,,沙田,,,,,,,,游水,,
H011,04/04/2025,踱步,沙田,內圈,沙田 內圈,,,,,,助手,,快踱一圈,,內圈 快踱一圈 (助手)
H011,03/04/2025,游水,沙田,,沙田,,,,,,,,游水,,
H011,03/04/2025,踱步,沙田,飛機場,沙田 飛機場,,,,,,助手,,踱步,,飛機場 踱步 (助手)
H011,02/04/2025,游水,沙田,,沙田,,,,,,,,游水,,
H011,02/04/2025,快操,沙田,全天候,沙田 全天候,,1.00.6,60.6,30.9 29.7,,助手,,快操,P,30.9 29.7 (1.00.6) (助手)
H011,02/04/2025,踱步,沙田,飛機場,沙田 飛機場,,,,,,助手,,踱步,P,飛機場 踱步 (助手)
H011,01/04/2025,游水,沙田,,沙田,,,,,,,,游水,,
H011,01/04/2025,踱步,沙田,內圈,沙田 內圈,,,,,,助手,,快踱一圈,,內圈 快踱一圈 (助手)
H011,31/03/2025,游水,沙田,,沙田,,,,,,,,游水,,
H011,31/03/2025,踱步,沙田,內圈,沙田 內圈,,,,,,助手,,倒快兩圈,,內圈 倒快兩圈 (助手)
H011,30/03/2025,游水,沙田,,沙田,,,,,,,,游水,,
H011,30/03/2025,踱步,沙田,內圈,沙田 內圈,,,,,,助手,,快踱一圈,,內圈 快踱一圈 (助手)
H011,29/03/2025,游水,沙田,,沙田,,,,,,,,游水,,
H011,29/03/2025,踱步,沙田,飛機場,沙田 飛機場,,,,,,助手,,踱步,,飛機場 踱步 (助手)
H011,28/03/2025,游水,沙田,,沙田,,,,,,,,游水,,
H011,26/03/2025,出賽,沙田,全天候,沙田 全天候,1200M,,,,,班德禮,10/12,出賽,B-/E1/P1/TT,1200M (班德禮) (10/12)
H011,26/03/2025,踱步,沙田,飛機場,沙田 飛機場,,,,,,助手,,踱步,,飛機場 踱步 (助手)
H011,25/03/2025,游水,沙田,,沙田,,,,,,,,游水,,
H011,24/03/2025,游水,沙田,,沙田,,,,,,,,游水,,
H011,24/03/2025,快操,沙田,草閘,沙田 草閘,,52.0,52.0,24.5 27.5,,班德禮,,快操,P,24.5 27.5 (52.0) (班德禮)
H011,24/03/2025,踱步,沙田,飛機場,沙田 飛機場,,,,,,助手,,踱步,P,飛機場 踱步 (助手)
H011,23/03/2025,游水,沙田,,沙田,,,,,,,,游水,,
H011,23/03/2025,踱步,沙田,內圈,沙田 內圈,,,,,,助手,,快踱一圈,,內圈 快踱一圈 (助手)
H011,22/03/2025,游水,沙田,,沙田,,,,,,,,游水,,
H011,22/03/2025,踱步,沙田,內圈,沙田 內圈,,,,,,助手,,快踱一圈,,內圈 快踱一圈 (助手)
H011,21/03/2025,游水,沙田,,沙田,,,,,,,,游水,,
H011,21/03/2025,踱步,沙田,飛機場,沙田 飛機場,,,,,,助手,,踱步,,飛機場 踱步 (助手)
H011,20/03/2025,游水,沙田,,沙田,,,,,,,,游水,,
H011,20/03/2025,快操,沙田,草閘,沙田 草閘,,51.9,51.9,26.1 25.8,,蔡明紹,,快操,P,26.1 25.8 (51.9) (蔡明紹)
H011,20/03/2025,踱步,沙田,飛機場,沙田 飛機場,,,,,,助手,,踱步,P,飛機場 踱步 (助手)
H011,19/03/2025,游水,沙田,,沙田,,,,,,,,游水,,
H011,19/03/2025,踱步,沙田,內圈,沙田 內圈,,,,,,助手,,快踱一圈,,內圈 快踱一圈 (助手)
H011,18/03/2025,游水,沙田,,沙田,,,,,,,,游水,,
H011,18/03/2025,踱步,沙田,內圈,沙田 內圈,,,,,,助手,,快踱一圈,,內圈 快踱一圈 (助手)
H011,17/03/2025,游水,沙田,,沙田,,,,,,,,游水,,
H011,17/03/2025,踱步,沙田,內圈,沙田 內圈,,,,,,助手,,倒快兩圈,,內圈 倒快兩圈 (助手)
H011,16/03/2025,游水,沙田,,沙田,,,,,,,,游水,,
H011,16/03/2025,踱步,沙田,飛機場,沙田 飛機場,,,,,,助手,,踱步,,飛機場 踱步 (助手)
H011,15/03/2025,游水,沙田,,沙田,,,,,,,,游水,,
H011,14/03/2025,試閘,跑馬地,草地,跑馬地 草地,1000M,0.59.35,59.35,13.4 22.3 23.6,日冲天,蔡明紹,,第7組,E/P,第7組 (蔡明紹) 1000M 日冲天 13.4 22.3 23.6 (0.59.35)
H011,13/03/2025,游水,沙田,,沙田,,,,,,,,游水,,
H011,13/03/2025,踱步,沙田,內圈,沙田 內圈,,,,,,助手,,倒快兩圈,,內圈 倒快兩圈 (助手)
H011,12/03/2025,游水,沙田,,沙田,,,,,,,,游水,,
H011,12/03/2025,踱步,沙田,飛機場,沙田 飛機場,,,,,,助手,,踱步,,飛機場 踱步 (助手)
H011,11/03/2025,游水,沙田,,沙田,,,,,,,,游水,,
H011,11/03/2025,快操,沙田,全天候,沙田 全天候,,56.8,56.8,31.4 25.4,,助手,,快操,P,31.4 25.4 (56.8) (助手)
H011,11/03/2025,踱步,沙田,飛機場,沙田 飛機場,,,,,,助手,,踱步,P,飛機場 踱步 (助手)
H011,10/03/2025,游水,沙田,,沙田,,,,,,,,游水,,
H011,10/03/2025,踱步,沙田,內圈,沙田 內圈,,,,,,助手,,倒快兩圈,H,內圈 倒快兩圈 (助手)
H011,09/03/2025,游水,沙田,,沙田,,,,,,,,游水,,
H011,09/03/2025,踱步,沙田,飛機場,沙田 飛機場,,,,,,助手,,踱步,,飛機場 踱步 (助手)
H011,08/03/2025,游水,沙田,,沙田,,,,,,,,游水,,
H011,08/03/2025,快操,沙田,全天候,沙田 全天候,,55.7,55.7,29.8 25.9,,助手,,快操,P,29.8 25.9 (55.7) (助手)
H011,08/03/2025,踱步,沙田,飛機場,沙田 飛機場,,,,,,助手,,踱步,P,飛機場 踱步 (助手)
H011,07/03/2025,游水,沙田,,沙田,,,,,,,,游水,,
H011,07/03/2025,踱步,沙田,內圈,沙田 內圈,,,,,,助手,,快踱一圈,,內圈 快踱一圈 (助手)
H011,06/03/2025,游水,沙田,,沙田,,,,,,,,游水,,
H011,06/03/2025,踱步,沙田,內圈,沙田 內圈,,,,,,助手,,倒快兩圈,H,內圈 倒快兩圈 (助手)
H011,05/03/2025,游水,沙田,,沙田,,,,,,,,游水,,
H011,04/03/2025,游水,沙田,,沙田,,,,,,,,游水,,
H011,04/03/2025,快操,沙田,全天候,沙田 全天候,,57.1,57.1,33.1 24.0,,助手,,快操,P,33.1 24.0 (57.1) (助手)
H011,04/03/2025,踱步,沙田,飛機場,沙田 飛機場,,,,,,助手,,踱步,P,飛機場 踱步 (助手)
H011,03/03/2025,游水,沙田,,沙田,,,,,,,,游水,,
H011,03/03/2025,踱步,沙田,內圈,沙田 內圈,,,,,,助手,,倒快兩圈,,內圈 倒快兩圈 (助手)
H011,02/03/2025,游水,沙田,,沙田,,,,,,,,游水,,
H011,02/03/2025,踱步,沙田,內圈,沙田 內圈,,,,,,助手,,快踱一圈,P,內圈 快踱一圈 (助手)
H011,01/03/2025,游水,沙田,,沙田,,,,,,,,游水,,
H011,28/02/2025,游水,沙田,,沙田,,,,,,,,游水,,
H011,28/02/2025,快操,沙田,全天候,沙田 全天候,,1.03.1,63.1,33.8 29.3,,助手,,快操,P,33.8 29.3 (1.03.1) (助手)
H011,28/02/2025,踱步,沙田,飛機場,沙田 飛機場,,,,,,助手,,踱步,B,飛機場 踱步 (助手)
H011,27/02/2025,游水,沙田,,沙田,,,,,,,,游水,,
H011,27/02/2025,踱步,沙田,內圈,沙田 內圈,,,,,,助手,,倒快兩圈,,內圈 倒快兩圈 (助手)
H011,26/02/2025,游水,沙田,,沙田,,,,,,,,游水,,
H011,26/02/2025,踱步,沙田,內圈,沙田 內圈,,,,,,助手,,快踱一圈,,內圈 快踱一圈 (助手)
H011,25/02/2025,游水,沙田,,沙田,,,,,,,,游水,,
H011,24/02/2025,游水,沙田,,沙田,,,,,,,,游水,,
H011,24/02/2025,快操,沙田,全天候,沙田 全天候,,1.03.9,63.9,34.4 29.5,,助手,,快操,P,34.4 29.5 (1.03.9) (助手)
H011,24/02/2025,踱步,沙田,飛機場,沙田 飛機場,,,,,,助手,,踱步,P,飛機場 踱步 (助手)
H011,23/02/2025,游水,沙田,,沙田,,,,,,,,游水,,
H011,23/02/2025,踱步,沙田,內圈,沙田 內圈,,,,,,助手,,快踱一圈,,內圈 快踱一圈 (助手)
H011,22/02/2025,游水,沙田,,沙田,,,,,,,,游水,,
H011,22/02/2025,踱步,沙田,內圈,沙田 內圈,,,,,,助手,,快踱一圈,,內圈 快踱一圈 (助手)
H011,21/02/2025,游水,沙田,,沙田,,,,,,,,游水,,
H011,21/02/2025,踱步,沙田,飛機場,沙田 飛機場,,,,,,助手,,踱步,H,飛機場 踱步 (助手)
H011,20/02/2025,游水,沙田,,沙田,,,,,,,,游水,,
H011,20/02/2025,快操,沙田,全天候,沙田 全天候,,59.6,59.6,33.3 26.3,,助手,,快操,,33.3 26.3 (59.6) (助手)
H011,20/02/2025,踱步,沙田,飛機場,沙田 飛機場,,,,,,助手,,踱步,,飛機場 踱步 (助手)
H011,19/02/2025,游水,沙田,,沙田,,,,,,,,游水,,
H011,19/02/2025,踱步,沙田,內圈,沙田 內圈,,,,,,助手,,快踱一圈,,內圈 快踱一圈 (助手)
H011,18/02/2025,游水,沙田,,沙田,,,,,,,,游水,,
H011,18/02/2025,踱步,沙田,內圈,沙田 內圈,,,,,,助手,,快踱一圈,,內圈 快踱一圈 (助手)
H011,17/02/2025,游水,沙田,,沙田,,,,,,,,游水,,
H011,17/02/2025,踱步,沙田,內圈,沙田 內圈,,,,,,助手,,倒快兩圈,,內圈 倒快兩圈 (助手)
H011,16/02/2025,游水,沙田,,沙田,,,,,,,,游水,,
H011,16/02/2025,踱步,沙田,內圈,沙田 內圈,,,,,,助手,,快踱一圈,,內圈 快踱一圈 (助手)
H011,15/02/2025,踱步,沙田,內圈,沙田 內圈,,,,,,助手,,快踱一圈,,內圈 快踱一圈 (助手)
H011,14/02/2025,游水,沙田,,沙田,,,,,,,,游水,,
H011,14/02/2025,踱步,沙田,內圈,沙田 內圈,,,,,,助手,,快踱一圈,,內圈 快踱一圈 (助手)
H011,13/02/2025,游水,沙田,,沙田,,,,,,,,游水,,
H011,13/02/2025,踱步,沙田,內圈,沙田 內圈,,,,,,助手,,倒快一圈,,內圈 倒快一圈 (助手)
H011,12/02/2025,游水,沙田,,沙田,,,,,,,,游水,,
H011,12/02/2025,踱步,沙田,飛機場,沙田 飛機場,,,,,,助手,,踱步,,飛機場 踱步 (助手)
H011,07/02/2025,游水,沙田,,沙田,,,,,,,,游水,,
H011,07/02/2025,踱步,沙田,內圈,沙田 內圈,,,,,,助手,,快踱一圈,H,內圈 快踱一圈 (助手)
H011,06/02/2025,游水,沙田,,沙田,,,,,,,,游水,,
H011,06/02/2025,踱步,沙田,內圈,沙田 內圈,,,,,,助手,,倒快一圈,H,內圈 倒快一圈 (助手)
H011,05/02/2025,游水,沙田,,沙田,,,,,,,,游水,,
H011,05/02/2025,快操,沙田,全天候,沙田 全天候,,58.0,58.0,29.9 28.1,,助手,,快操,H,29.9 28.1 (58.0) (助手)
H011,05/02/2025,踱步,沙田,飛機場,沙田 飛機場,,,,,,助手,,踱步,H,飛機場 踱步 (助手)
H011,04/02/2025,游水,沙田,,沙田,,,,,,,,游水,,
H011,04/02/2025,踱步,沙田,內圈,沙田 內圈,,,,,,助手,,快踱一圈,H,內圈 快踱一圈 (助手)
H011,03/02/2025,游水,沙田,,沙田,,,,,,,,游水,,
H011,03/02/2025,踱步,沙田,內圈,沙田 內圈,,,,,,助手,,倒快一圈,H,內圈 倒快一圈 (助手)
H011,02/02/2025,游水,沙田,,沙田,,,,,,,,游水,,
H011,01/02/2025,游水,沙田,,沙田,,,,,,,,游水,,
H011,01/02/2025,踱步,沙田,內圈,沙田 內圈,,,,,,助手,,快踱一圈,H,內圈 快踱一圈 (助手)
H011,31/01/2025,游水,沙田,,沙田,,,,,,,,游水,,
H011,31/01/2025,踱步,沙田,內圈,沙田 內圈,,,,,,助手,,快踱一圈,H,內圈 快踱一圈 (助手)
H011,30/01/2025,游水,沙田,,沙田,,,,,,,,游水,,
H011,30/01/2025,踱步,沙田,內圈,沙田 內圈,,,,,,助手,,倒快一圈,H,內圈 倒快一圈 (助手)
H011,28/01/2025,游水,沙田,,沙田,,,,,,,,游水,,
H011,26/01/2025,出賽,沙田,全天候,沙田 全天候,1650M,,,,,田泰安,6/14,出賽,B/TT,1650M (田泰安) (6/14)
H011,26/01/2025,游水,沙田,,沙田,,,,,,,,游水,,
H011,26/01/2025,踱步,沙田,內圈,沙田 內圈,,,,,,助手,,快踱一圈,H,內圈 快踱一圈 (助手)
H011,25/01/2025,游水,沙田,,沙田,,,,,,,,游水,,
H011,25/01/2025,踱步,沙田,內圈,沙田 內圈,,,,,,助手,,快踱一圈,H,內圈 快踱一圈 (助手)
H011,24/01/2025,游水,沙田,,沙田,,,,,,,,游水,,
H011,24/01/2025,踱步,沙田,內圈,沙田 內圈,,,,,,助手,,快踱一圈,H,內圈 快踱一圈 (助手)
H011,23/01/2025,游水,沙田,,沙田,,,,,,,,游水,,
H011,23/01/2025,快操,沙田,全天候,沙田 全天候,,56.2,56.2,29.5 26.7,,助手,,快操,H,29.5 26.7 (56.2) (助手)
H011,23/01/2025,踱步,沙田,飛機場,沙田 飛機場,,,,,,助手,,踱步,H,飛機場 踱步 (助手)
H011,22/01/2025,游水,沙田,,沙田,,,,,,,,游水,,
H011,22/01/2025,踱步,沙田,內圈,沙田 內圈,,,,,,助手,,快踱一圈,H,內圈 快踱一圈 (助手)
H011,21/01/2025,游水,沙田,,沙田,,,,,,,,游水,,
H011,21/01/2025,踱步,沙田,內圈,沙田 內圈,,,,,,助手,,快踱一圈,H,內圈 快踱一圈 (助手)
H011,20/01/2025,游水,沙田,,沙田,,,,,,,,游水,,
H011,20/01/2025,踱步,沙田,內圈,沙田 內圈,,,,,,助手,,倒快一圈,H,內圈 倒快一圈 (助手)
H011,19/01/2025,游水,沙田,,沙田,,,,,,,,游水,,
H011,18/01/2025,游水,沙田,,沙田,,,,,,,,游水,,
H011,18/01/2025,踱步,沙田,內圈,沙田 內圈,,,,,,助手,,快踱一圈,H,內圈 快踱一圈 (助手)
H011,17/01/2025,游水,沙田,,沙田,,,,,,,,游水,,
H011,17/01/2025,踱步,沙田,內圈,沙田 內圈,,,,,,助手,,快踱一圈,H,內圈 快踱一圈 (助手)
H011,16/01/2025,踱步,沙田,飛機場,沙田 飛機場,,,,,,助手,,踱步,H,飛機場 踱步 (助手)
H011,14/01/2025,試閘,沙田,全天候,沙田 全天候,1200M,1.10.39,70.39,24.1 22.7 23.5,有心意,田泰安,,第3組,B,第3組 (田泰安) 1200M 有心意 24.1 22.7 23.5 (1.10.39)
H011,13/01/2025,游水,沙田,,沙田,,,,,,,,游水,,
H011,13/01/2025,踱步,沙田,內圈,沙田 內圈,,,,,,助手,,倒快一圈,H,內圈 倒快一圈 (助手)
H011,11/01/2025,游水,沙田,,沙田,,,,,,,,游水,,
H011,11/01/2025,踱步,沙田,內圈,沙田 內圈,,,,,,助手,,快踱一圈,H,內圈 快踱一圈 (助手)
H011,10/01/2025,游水,沙田,,沙田,,,,,,,,游水,,
H011,10/01/2025,踱步,沙田,內圈,沙田 內圈,,,,,,助手,,快踱一圈,H,內圈 快踱一圈 (助手)
H011,09/01/2025,游水,沙田,,沙田,,,,,,,,游水,,
H011,09/01/2025,快操,沙田,全天候,沙田 全天候,,57.0,57.0,30.0 27.0,,助手,,快操,H,30.0 27.0 (57.0) (助手)
H011,09/01/2025,踱步,沙田,飛機場,沙田 飛機場,,,,,,助手,,踱步,H,飛機場 踱步 (助手)
H011,08/01/2025,游水,沙田,,沙田,,,,,,,,游水,,
H011,08/01/2025,踱步,沙田,內圈,沙田 內圈,,,,,,助手,,快踱一圈,H,內圈 快踱一圈 (助手)
H011,07/01/2025,游水,沙田,,沙田,,,,,,,,游水,,
H011,07/01/2025,踱步,沙田,內圈,沙田 內圈,,,,,,助手,,快踱一圈,H,內圈 快踱一圈 (助手)
H011,06/01/2025,游水,沙田,,沙田,,,,,,,,游水,,
H011,06/01/2025,踱步,沙田,內圈,沙田 內圈,,,,,,助手,,倒快一圈,H,內圈 倒快一圈 (助手)
H011,05/01/2025,游水,沙田,,沙田,,,,,,,,游水,,
H011,04/01/2025,游水,沙田,,沙田,,,,,,,,游水,,
H011,04/01/2025,踱步,沙田,內圈,沙田 內圈,,,,,,助手,,快踱一圈,H,內圈 快踱一圈 (助手)
H011,03/01/2025,游水,沙田,,沙田,,,,,,,,游水,,
H011,03/01/2025,踱步,沙田,內圈,沙田 內圈,,,,,,助手,,快踱一圈,H,內圈 快踱一圈 (助手)
H011,02/01/2025,游水,沙田,,沙田,,,,,,,,游水,,
H011,02/01/2025,踱步,沙田,內圈,沙田 內圈,,,,,,助手,,倒快一圈,H,內圈 倒快一圈 (助手)
H011,01/01/2025,游水,沙田,,沙田,,,,,,,,游水,,
H011,31/12/2024,游水,沙田,,沙田,,,,,,,,游水,,
H011,29/12/2024,出賽,沙田,草地,沙田 草地,1400M,,,,,蔡明紹,5/14,出賽,B/TT,1400M (蔡明紹) (5/14)
H011,29/12/2024,踱步,沙田,內圈,沙田 內圈,,,,,,助手,,快踱一圈,H,內圈 快踱一圈 (助手)
H011,28/12/2024,游水,沙田,,沙田,,,,,,,,游水,,
H011,28/12/2024,踱步,沙田,內圈,沙田 內圈,,,,,,助手,,快踱一圈,H,內圈 快踱一圈 (助手)
H011,27/12/2024,游水,沙田,,沙田,,,,,,,,游水,,
H011,27/12/2024,踱步,沙田,內圈,沙田 內圈,,,,,,助手,,快踱一圈,H,內圈 快踱一圈 (助手)
H011,26/12/2024,游水,沙田,,沙田,,,,,,,,游水,,
H011,26/12/2024,快操,沙田,全天候,沙田 全天候,,57.6,57.6,29.6 28.0,,助手,,快操,H,29.6 28.0 (57.6) (助手)
H011,26/12/2024,踱步,沙田,飛機場,沙田 飛機場,,,,,,助手,,踱步,H,飛機場 踱步 (助手)
H011,25/12/2024,游水,沙田,,沙田,,,,,,,,游水,,
H011,25/12/2024,踱步,沙田,內圈,沙田 內圈,,,,,,助手,,快踱一圈,H,內圈 快踱一圈 (助手)
H011,24/12/2024,游水,沙田,,沙田,,,,,,,,游水,,
H011,24/12/2024,踱步,沙田,內圈,沙田 內圈,,,,,,助手,,快踱一圈,H,內圈 快踱一圈 (助手)
H011,23/12/2024,游水,沙田,,沙田,,,,,,,,游水,,
H011,23/12/2024,踱步,沙田,內圈,沙田 內圈,,,,,,助手,,倒快一圈,H,內圈 倒快一圈 (助手)
H011,22/12/2024,快操,沙田,全天候,沙田 全天候,,56.0,56.0,31.3 24.7,,助手,,快操,H,31.3 24.7 (56.0) (助手)
H011,22/12/2024,踱步,沙田,飛機場,沙田 飛機場,,,,,,助手,,踱步,H,飛機場 踱步 (助手)
H011,21/12/2024,游水,沙田,,沙田,,,,,,,,游水,,
H011,21/12/2024,踱步,沙田,內圈,沙田 內圈,,,,,,助手,,快踱一圈,H,內圈 快踱一圈 (助手)
H011,20/12/2024,游水,沙田,,沙田,,,,,,,,游水,,
H011,20/12/2024,踱步,沙田,內圈,沙田 內圈,,,,,,助手,,快踱一圈,H,內圈 快踱一圈 (助手)
H011,19/12/2024,游水,沙田,,沙田,,,,,,,,游水,,
H011,19/12/2024,踱步,沙田,內圈,沙田 內圈,,,,,,助手,,倒快一圈,H,內圈 倒快一圈 (助手)
H011,18/12/2024,游水,沙田,,沙田,,,,,,,,游水,,
H011,18/12/2024,快操,沙田,全天候,沙田 全天候,,56.9,56.9,29.8 27.1,,助手,,快操,H,29.8 27.1 (56.9) (助手)
H011,18/12/2024,踱步,沙田,飛機場,沙田 飛機場,,,,,,助手,,踱步,H,飛機場 踱步 (助手)
H011,17/12/2024,游水,沙田,,沙田,,,,,,,,游水,,
H011,17/12/2024,踱步,沙田,內圈,沙田 內圈,,,,,,助手,,快踱一圈,H,內圈 快踱一圈 (助手)
H011,16/12/2024,游水,沙田,,沙田,,,,,,,,游水,,
H011,16/12/2024,踱步,沙田,內圈,沙田 內圈,,,,,,助手,,倒快一圈,H,內圈 倒快一圈 (助手)
H011,15/12/2024,游水,沙田,,沙田,,,,,,,,游水,,
H011,14/12/2024,游水,沙田,,沙田,,,,,,,,游水,,
H011,14/12/2024,快操,沙田,全天候,沙田 全天候,,56.5,56.5,29.0 27.5,,助手,,快操,H,29.0 27.5 (56.5) (助手)
H011,14/12/2024,踱步,沙田,飛機場,沙田 飛機場,,,,,,助手,,踱步,H,飛機場 踱步 (助手)
H011,13/12/2024,游水,沙田,,沙田,,,,,,,,游水,,
H011,13/12/2024,踱步,沙田,內圈,沙田 內圈,,,,,,助手,,快踱一圈,H,內圈 快踱一圈 (助手)
H011,12/12/2024,游水,沙田,,沙田,,,,,,,,游水,,
H011,12/12/2024,踱步,沙田,內圈,沙田 內圈,,,,,,助手,,倒快一圈,H,內圈 倒快一圈 (助手)
H011,11/12/2024,游水,沙田,,沙田,,,,,,,,游水,,
H011,11/12/2024,踱步,沙田,內圈,沙田 內圈,,,,,,助手,,快踱一圈,H,內圈 快踱一圈 (助手)
H011,10/12/2024,游水,沙田,,沙田,,,,,,,,游水,,
H011,10/12/2024,踱步,沙田,內圈,沙田 內圈,,,,,,助手,,快踱一圈,H,內圈 快踱一圈 (助手)
H011,09/12/2024,游水,沙田,,沙田,,,,,,,,游水,,
H011,09/12/2024,踱步,沙田,內圈,沙田 內圈,,,,,,助手,,倒快一圈,H,內圈 倒快一圈 (助手)
H011,08/12/2024,游水,沙田,,沙田,,,,,,,,游水,,
H011,07/12/2024,游水,沙田,,沙田,,,,,,,,游水,,
H011,06/12/2024,游水,沙田,,沙田,,,,,,,,游水,,
H011,04/12/2024,出賽,跑馬地,草地,跑馬地 草地,1650M,,,,,蔡明紹,5/11,出賽,B/TT,1650M (蔡明紹) (5/11)
H011,04/12/2024,游水,沙田,,沙田,,,,,,,,游水,,
H011,03/12/2024,游水,沙田,,沙田,,,,,,,,游水,,
H011,03/12/2024,踱步,沙田,內圈,沙田 內圈,,,,,,助手,,快踱一圈,H,內圈 快踱一圈 (助手)
H011,02/12/2024,游水,沙田,,沙田,,,,,,,,游水,,
H011,02/12/2024,踱步,沙田,內圈,沙田 內圈,,,,,,助手,,倒快一圈,H,內圈 倒快一圈 (助手)
H011,01/12/2024,游水,沙田,,沙田,,,,,,,,游水,,
H011,01/12/2024,快操,沙田,全天候,沙田 全天候,,56.3,56.3,29.4 26.9,,助手,,快操,H,29.4 26.9 (56.3) (助手)
H011,01/12/2024,踱步,沙田,飛機場,沙田 飛機場,,,,,,助手,,踱步,H,飛機場 踱步 (助手)
H011,30/11/2024,游水,沙田,,沙田,,,,,,,,游水,,
H011,30/11/2024,踱步,沙田,內圈,沙田 內圈,,,,,,助手,,快踱一圈,H,內圈 快踱一圈 (助手)
H011,29/11/2024,游水,沙田,,沙田,,,,,,,,游水,,
H011,29/11/2024,踱步,沙田,內圈,沙田 內圈,,,,,,助手,,快踱一圈,H,內圈 快踱一圈 (助手)
H011,28/11/2024,游水,沙田,,沙田,,,,,,,,游水,,
H011,28/11/2024,踱步,沙田,內圈,沙田 內圈,,,,,,助手,,倒快一圈,H,內圈 倒快一圈 (助手)
H011,27/11/2024,游水,沙田,,沙田,,,,,,,,游水,,
H011,27/11/2024,踱步,沙田,內圈,沙田 內圈,,,,,,助手,,快踱一圈,H,內圈 快踱一圈 (助手)
H011,26/11/2024,游水,沙田,,沙田,,,,,,,,游水,,
H011,26/11/2024,踱步,沙田,內圈,沙田 內圈,,,,,,助手,,快踱一圈,H,內圈 快踱一圈 (助手)
H011,25/11/2024,游水,沙田,,沙田,,,,,,,,游水,,
H011,25/11/2024,踱步,沙田,內圈,沙田 內圈,,,,,,助手,,倒快一圈,H,內圈 倒快一圈 (助手)
H011,24/11/2024,游水,沙田,,沙田,,,,,,,,游水,,
H011,23/11/2024,游水,沙田,,沙田,,,,,,,,游水,,
H011,22/11/2024,游水,沙田,,沙田,,,,,,,,游水,,
H011,20/11/2024,出賽,跑馬地,草地,跑馬地 草地,1650M,,,,,田泰安,4/12,出賽,B/TT,1650M (田泰安) (4/12)
H011,20/11/2024,游水,沙田,,沙田,,,,,,,,游水,,
H011,20/11/2024,踱步,沙田,內圈,沙田 內圈,,,,,,助手,,快踱一圈,H,內圈 快踱一圈 (助手)
H011,19/11/2024,游水,沙田,,沙田,,,,,,,,游水,,
H011,19/11/2024,踱步,沙田,內圈,沙田 內圈,,,,,,助手,,快踱一圈,H,內圈 快踱一圈 (助手)
H011,18/11/2024,游水,沙田,,沙田,,,,,,,,游水,,
H011,18/11/2024,踱步,沙田,內圈,沙田 內圈,,,,,,助手,,倒快一圈,H,內圈 倒快一圈 (助手)
H011,17/11/2024,游水,沙田,,沙田,,,,,,,,游水,,
H011,17/11/2024,快操,沙田,全天候,沙田 全天候,,57.3,57.3,30.8 26.5,,助手,,快操,H,30.8 26.5 (57.3) (助手)
H011,17/11/2024,踱步,沙田,飛機場,沙田 飛機場,,,,,,助手,,踱步,H,飛機場 踱步 (助手)
H011,16/11/2024,游水,沙田,,沙田,,,,,,,,游水,,
H011,16/11/2024,踱步,沙田,內圈,沙田 內圈,,,,,,助手,,快踱一圈,H,內圈 快踱一圈 (助手)
H011,15/11/2024,游水,沙田,,沙田,,,,,,,,游水,,
H011,15/11/2024,踱步,沙田,內圈,沙田 內圈,,,,,,助手,,快踱一圈,H,內圈 快踱一圈 (助手)
H011,13/11/2024,游水,沙田,,沙田,,,,,,,,游水,,
H011,13/11/2024,踱步,沙田,內圈,沙田 內圈,,,,,,助手,,快踱一圈,H,內圈 快踱一圈 (助手)
H011,12/11/2024,游水,沙田,,沙田,,,,,,,,游水,,
H011,12/11/2024,踱步,沙田,內圈,沙田 內圈,,,,,,助手,,快踱一圈,H,內圈 快踱一圈 (助手)
H011,11/11/2024,游水,沙田,,沙田,,,,,,,,游水,,
H011,11/11/2024,踱步,沙田,內圈,沙田 內圈,,,,,,助手,,倒快一圈,H,內圈 倒快一圈 (助手)
H011,06/11/2024,出賽,跑馬地,草地,跑馬地 草地,1200M,,,,,蔡明紹,7/12,出賽,V-/B2/TT,1200M (蔡明紹) (7/12)
H011,06/11/2024,游水,沙田,,沙田,,,,,,,,游水,,
H011,06/11/2024,踱步,沙田,內圈,沙田 內圈,,,,,,助手,,快踱一圈,H,內圈 快踱一圈 (助手)
H011,05/11/2024,游水,沙田,,沙田,,,,,,,,游水,,
H011,05/11/2024,踱步,沙田,內圈,沙田 內圈,,,,,,助手,,快踱一圈,H,內圈 快踱一圈 (助手)
H011,04/11/2024,游水,沙田,,沙田,,,,,,,,游水,,
H011,04/11/2024,踱步,沙田,內圈,沙田 內圈,,,,,,助手,,倒快一圈,H,內圈 倒快一圈 (助手)
H011,03/11/2024,游水,沙田,,沙田,,,,,,,,游水,,
H011,03/11/2024,快操,沙田,全天候,沙田 全天候,,56.4,56.4,29.4 27.0,,助手,,快操,H,29.4 27.0 (56.4) (助手)
H011,03/11/2024,踱步,沙田,飛機場,沙田 飛機場,,,,,,助手,,踱步,H,飛機場 踱步 (助手)
H011,02/11/2024,游水,沙田,,沙田,,,,,,,,游水,,
H011,02/11/2024,踱步,沙田,內圈,沙田 內圈,,,,,,助手,,快踱一圈,H,內圈 快踱一圈 (助手)
H011,01/11/2024,游水,沙田,,沙田,,,,,,,,游水,,
H011,01/11/2024,踱步,沙田,內圈,沙田 內圈,,,,,,助手,,快踱一圈,H,內圈 快踱一圈 (助手)
H011,31/10/2024,游水,沙田,,沙田,,,,,,,,游水,,
H011,31/10/2024,踱步,沙田,內圈,沙田 內圈,,,,,,助手,,倒快一圈,H,內圈 倒快一圈 (助手)
H011,30/10/2024,游水,沙田,,沙田,,,,,,,,游水,,
H011,30/10/2024,踱步,沙田,內圈,沙田 內圈,,,,,,助手,,快踱一圈,H,內圈 快踱一圈 (助手)
H011,29/10/2024,游水,沙田,,沙田,,,,,,,,游水,,
H011,29/10/2024,快操,沙田,全天候,沙田 全天候,,55.7,55.7,29.7 26.0,,助手,,快操,H,29.7 26.0 (55.7) (助手)
H011,29/10/2024,踱步,沙田,飛機場,沙田 飛機場,,,,,,助手,,踱步,H,飛機場 踱步 (助手)
H011,28/10/2024,游水,沙田,,沙田,,,,,,,,游水,,
H011,28/10/2024,踱步,沙田,內圈,沙田 內圈,,,,,,助手,,倒快一圈,H,內圈 倒快一圈 (助手)
H011,27/10/2024,游水,沙田,,沙田,,,,,,,,游水,,
H011,26/10/2024,游水,沙田,,沙田,,,,,,,,游水,,
H011,26/10/2024,踱步,沙田,內圈,沙田 內圈,,,,,,助手,,快踱一圈,H,內圈 快踱一圈 (助手)
H011,25/10/2024,游水,沙田,,沙田,,,,,,,,游水,,
H011,25/10/2024,踱步,沙田,內圈,沙田 內圈,,,,,,助手,,快踱一圈,H,內圈 快踱一圈 (助手)
H011,24/10/2024,游水,沙田,,沙田,,,,,,,,游水,,
H011,24/10/2024,快操,沙田,全天候,沙田 全天候,,58.8,58.8,30.5 28.3,,助手,,快操,H,30.5 28.3 (58.8) (助手)
H011,24/10/2024,踱步,沙田,飛機場,沙田 飛機場,,,,,,助手,,踱步,H,飛機場 踱步 (助手)
H011,23/10/2024,游水,沙田,,沙田,,,,,,,,游水,,
H011,23/10/2024,踱步,沙田,內圈,沙田 內圈,,,,,,助手,,快踱一圈,H,內圈 快踱一圈 (助手)
H011,22/10/2024,游水,沙田,,沙田,,,,,,,,游水,,
H011,22/10/2024,踱步,沙田,內圈,沙田 內圈,,,,,,助手,,快踱一圈,H,內圈 快踱一圈 (助手)
H011,21/10/2024,游水,沙田,,沙田,,,,,,,,游水,,
H011,21/10/2024,踱步,沙田,內圈,沙田 內圈,,,,,,助手,,倒快一圈,H,內圈 倒快一圈 (助手)
H011,20/10/2024,游水,沙田,,沙田,,,,,,,,游水,,
H011,20/10/2024,快操,沙田,全天候,沙田 全天候,,54.9,54.9,29.8 25.1,,助手,,快操,H,29.8 25.1 (54.9) (助手)
H011,20/10/2024,踱步,沙田,飛機場,沙田 飛機場,,,,,,助手,,踱步,H,飛機場 踱步 (助手)
H011,19/10/2024,游水,沙田,,沙田,,,,,,,,游水,,
H011,19/10/2024,踱步,沙田,內圈,沙田 內圈,,,,,,助手,,快踱一圈,H,內圈 快踱一圈 (助手)
H011,18/10/2024,游水,沙田,,沙田,,,,,,,,游水,,
H011,18/10/2024,踱步,沙田,內圈,沙田 內圈,,,,,,助手,,快踱一圈,H,內圈 快踱一圈 (助手)
H011,17/10/2024,游水,沙田,,沙田,,,,,,,,游水,,
H011,17/10/2024,踱步,沙田,內圈,沙田 內圈,,,,,,助手,,倒快一圈,H,內圈 倒快一圈 (助手)
H011,16/10/2024,游水,沙田,,沙田,,,,,,,,游水,,
H011,16/10/2024,快操,沙田,全天候,沙田 全天候,,55.6,55.6,28.8 26.8,,助手,,快操,H,28.8 26.8 (55.6) (助手)
H011,16/10/2024,踱步,沙田,飛機場,沙田 飛機場,,,,,,助手,,踱步,H,飛機場 踱步 (助手)
H011,15/10/2024,游水,沙田,,沙田,,,,,,,,游水,,
H011,15/10/2024,踱步,沙田,內圈,沙田 內圈,,,,,,助手,,快踱一圈,H,內圈 快踱一圈 (助手)
H011,14/10/2024,游水,沙田,,沙田,,,,,,,,游水,,
H011,14/10/2024,踱步,沙田,內圈,沙田 內圈,,,,,,助手,,倒快一圈,H,內圈 倒快一圈 (助手)
H011,13/10/2024,游水,沙田,,沙田,,,,,,,,游水,,
H011,12/10/2024,游水,沙田,,沙田,,,,,,,,游水,,
H011,12/10/2024,踱步,沙田,內圈,沙田 內圈,,,,,,助手,,快踱一圈,H,內圈 快踱一圈 (助手)
H011,11/10/2024,游水,沙田,,沙田,,,,,,,,游水,,
H011,11/10/2024,踱步,沙田,內圈,沙田 內圈,,,,,,助手,,快踱一圈,H,內圈 快踱一圈 (助手)
H011,10/10/2024,游水,沙田,,沙田,,,,,,,,游水,,
H011,10/10/2024,踱步,沙田,內圈,沙田 內圈,,,,,,助手,,倒快一圈,H,內圈 倒快一圈 (助手)
H011,09/10/2024,游水,沙田,,沙田,,,,,,,,游水,,
H011,09/10/2024,踱步,沙田,飛機場,沙田 飛機場,,,,,,助手,,踱步,H,飛機場 踱步 (助手)
H011,08/10/2024,游水,沙田,,沙田,,,,,,,,游水,,
H011,08/10/2024,踱步,沙田,飛機場,沙田 飛機場,,,,,,助手,,踱步,H,飛機場 踱步 (助手)
H011,07/10/2024,游水,沙田,,沙田,,,,,,,,游水,,
H011,06/10/2024,游水,沙田,,沙田,,,,,,,,游水,,
H011,05/10/2024,試閘,跑馬地,草地,跑馬地 草地,1200M,1.13.01,73.01,25.2 24.2 23.6,銳高,蔡明紹,,第6組,V,第6組 (蔡明紹) 1200M 銳高 25.2 24.2 23.6 (1.13.01)
H011,04/10/2024,游水,沙田,,沙田,,,,,,,,游水,,
H011,04/10/2024,踱步,沙田,內圈,沙田 內圈,,,,,,助手,,快踱一圈,H,內圈 快踱一圈 (助手)
H011,03/10/2024,游水,沙田,,沙田,,,,,,,,游水,,
H011,03/10/2024,踱步,沙田,內圈,沙田 內圈,,,,,,助手,,倒快一圈,H,內圈 倒快一圈 (助手)
H011,02/10/2024,游水,沙田,,沙田,,,,,,,,游水,,
H011,02/10/2024,快操,沙田,全天候,沙田 全天候,,57.0,57.0,29.7 27.3,,助手,,快操,H,29.7 27.3 (57.0) (助手)
H011,02/10/2024,踱步,沙田,飛機場,沙田 飛機場,,,,,,助手,,踱步,H,飛機場 踱步 (助手)
H011,01/10/2024,游水,沙田,,沙田,,,,,,,,游水,,
H011,01/10/2024,踱步,沙田,內圈,沙田 內圈,,,,,,助手,,快踱一圈,H,內圈 快踱一圈 (助手)
H011,30/09/2024,游水,沙田,,沙田,,,,,,,,游水,,
H011,30/09/2024,踱步,沙田,內圈,沙田 內圈,,,,,,助手,,倒快一圈,H,內圈 倒快一圈 (助手)
H011,29/09/2024,游水,沙田,,沙田,,,,,,,,游水,,
H011,28/09/2024,游水,沙田,,沙田,,,,,,,,游水,,
H011,28/09/2024,快操,沙田,全天候,沙田 全天候,,56.4,56.4,30.4 26.0,,助手,,快操,H,30.4 26.0 (56.4) (助手)
H011,28/09/2024,踱步,沙田,飛機場,沙田 飛機場,,,,,,助手,,踱步,H,飛機場 踱步 (助手)
H011,27/09/2024,游水,沙田,,沙田,,,,,,,,游水,,
H011,27/09/2024,踱步,沙田,內圈,沙田 內圈,,,,,,助手,,快踱一圈,H,內圈 快踱一圈 (助手)
H011,26/09/2024,游水,沙田,,沙田,,,,,,,,游水,,
H011,26/09/2024,踱步,沙田,內圈,沙田 內圈,,,,,,助手,,倒快一圈,H,內圈 倒快一圈 (助手)
H011,25/09/2024,游水,沙田,,沙田,,,,,,,,游水,,
H011,25/09/2024,踱步,沙田,內圈,沙田 內圈,,,,,,助手,,快踱一圈,H,內圈 快踱一圈 (助手)
H011,24/09/2024,游水,沙田,,沙田,,,,,,,,游水,,
H011,23/09/2024,游水,沙田,,沙田,,,,,,,,游水,,
H011,23/09/2024,踱步,沙田,內圈,沙田 內圈,,,,,,助手,,倒快一圈,H,內圈 倒快一圈 (助手)
H011,22/09/2024,游水,沙田,,沙田,,,,,,,,游水,,
H011,21/09/2024,游水,沙田,,沙田,,,,,,,,游水,,
H011,21/09/2024,踱步,沙田,內圈,沙田 內圈,,,,,,助手,,快踱一圈,H,內圈 快踱一圈 (助手)
H011,20/09/2024,游水,沙田,,沙田,,,,,,,,游水,,
H011,20/09/2024,踱步,沙田,內圈,沙田 內圈,,,,,,助手,,快踱一圈,H,內圈 快踱一圈 (助手)
H011,19/09/2024,游水,沙田,,沙田,,,,,,,,游水,,
H011,18/09/2024,游水,沙田,,沙田,,,,,,,,游水,,
H011,17/09/2024,游水,沙田,,沙田,,,,,,,,游水,,
H011,16/09/2024,游水,沙田,,沙田,,,,,,,,游水,,
H011,15/09/2024,出賽,沙田,草地,沙田 草地,1400M,,,,,何澤堯,9/13,出賽,V/TT,1400M (何澤堯) (9/13)
H011,15/09/2024,游水,沙田,,沙田,,,,,,,,游水,,
H011,15/09/2024,踱步,沙田,內圈,沙田 內圈,,,,,,助手,,快踱一圈,H,內圈 快踱一圈 (助手)
H011,14/09/2024,游水,沙田,,沙田,,,,,,,,游水,,
H011,14/09/2024,踱步,沙田,內圈,沙田 內圈,,,,,,助手,,快踱一圈,H,內圈 快踱一圈 (助手)
H011,13/09/2024,游水,沙田,,沙田,,,,,,,,游水,,
H011,13/09/2024,踱步,沙田,內圈,沙田 內圈,,,,,,助手,,快踱一圈,H,內圈 快踱一圈 (助手)
H011,12/09/2024,游水,沙田,,沙田,,,,,,,,游水,,
H011,12/09/2024,快操,沙田,全天候,沙田 全天候,,57.5,57.5,29.9 27.6,,助手,,快操,H,29.9 27.6 (57.5) (助手)
H011,12/09/2024,踱步,沙田,飛機場,沙田 飛機場,,,,,,助手,,踱步,H,飛機場 踱步 (助手)
H011,11/09/2024,游水,沙田,,沙田,,,,,,,,游水,,
H011,11/09/2024,踱步,沙田,內圈,沙田 內圈,,,,,,助手,,快踱一圈,H,內圈 快踱一圈 (助手)
H011,10/09/2024,游水,沙田,,沙田,,,,,,,,游水,,
H011,10/09/2024,踱步,沙田,內圈,沙田 內圈,,,,,,助手,,快踱一圈,H,內圈 快踱一圈 (助手)
H011,09/09/2024,游水,沙田,,沙田,,,,,,,,游水,,
H011,09/09/2024,踱步,沙田,內圈,沙田 內圈,,,,,,助手,,倒快一圈,H,內圈 倒快一圈 (助手)
H011,08/09/2024,游水,沙田,,沙田,,,,,,,,游水,,
H011,08/09/2024,踱步,沙田,內圈,沙田 內圈,,,,,,助手,,快踱一圈,H,內圈 快踱一圈 (助手)
H011,07/09/2024,游水,沙田,,沙田,,,,,,,,游水,,
H011,07/09/2024,踱步,沙田,內圈,沙田 內圈,,,,,,助手,,快踱一圈,H,內圈 快踱一圈 (助手)
H011,06/09/2024,游水,沙田,,沙田,,,,,,,,游水,,
H011,05/09/2024,游水,沙田,,沙田,,,,,,,,游水,,
H011,04/09/2024,游水,沙田,,沙田,,,,,,,,游水,,
H011,03/09/2024,試閘,沙田,全天候,沙田 全天候,1200M,1.09.90,69.9,24.8 22.4 22.7,喜駿之星,鍾易禮,,第5組,V,第5組 (鍾易禮) 1200M 喜駿之星 24.8 22.4 22.7 (1.09.90)
H011,03/09/2024,游水,沙田,,沙田,,,,,,,,游水,,
H011,02/09/2024,游水,沙田,,沙田,,,,,,,,游水,,
H011,02/09/2024,踱步,沙田,內圈,沙田 內圈,,,,,,助手,,倒快一圈,H,內圈 倒快一圈 (助手)
H011,01/09/2024,游水,沙田,,沙田,,,,,,,,游水,,
H011,31/08/2024,游水,沙田,,沙田,,,,,,,,游水,,
H011,31/08/2024,快操,沙田,全天候,沙田 全天候,,58.0,58.0,30.8 27.2,,助手,,快操,H,30.8 27.2 (58.0) (助手)
H011,31/08/2024,踱步,沙田,飛機場,沙田 飛機場,,,,,,助手,,踱步,H,飛機場 踱步 (助手)
H011,30/08/2024,游水,沙田,,沙田,,,,,,,,游水,,
H011,30/08/2024,踱步,沙田,內圈,沙田 內圈,,,,,,助手,,快踱一圈,H,內圈 快踱一圈 (助手)
H011,29/08/2024,游水,沙田,,沙田,,,,,,,,游水,,
H011,29/08/2024,踱步,沙田,內圈,沙田 內圈,,,,,,助手,,倒快兩圈,H,內圈 倒快兩圈 (助手)
H011,28/08/2024,游水,沙田,,沙田,,,,,,,,游水,,
H011,28/08/2024,快操,沙田,全天候,沙田 全天候,,57.2,57.2,30.8 26.4,,助手,,快操,H,30.8 26.4 (57.2) (助手)
H011,28/08/2024,踱步,沙田,飛機場,沙田 飛機場,,,,,,助手,,踱步,H,飛機場 踱步 (助手)
H011,27/08/2024,游水,沙田,,沙田,,,,,,,,游水,,
H011,27/08/2024,踱步,沙田,內圈,沙田 內圈,,,,,,助手,,快踱一圈,H,內圈 快踱一圈 (助手)
H011,26/08/2024,游水,沙田,,沙田,,,,,,,,游水,,
H011,26/08/2024,踱步,沙田,內圈,沙田 內圈,,,,,,助手,,倒快兩圈,H,內圈 倒快兩圈 (助手)
H011,25/08/2024,游水,沙田,,沙田,,,,,,,,游水,,
H011,25/08/2024,快操,沙田,全天候,沙田 全天候,,56.3,56.3,29.5 26.8,,助手,,快操,H,29.5 26.8 (56.3) (助手)
H011,25/08/2024,踱步,沙田,飛機場,沙田 飛機場,,,,,,助手,,踱步,H,飛機場 踱步 (助手)
H011,24/08/2024,游水,沙田,,沙田,,,,,,,,游水,,
H011,24/08/2024,踱步,沙田,內圈,沙田 內圈,,,,,,助手,,快踱一圈,H,內圈 快踱一圈 (助手)
H011,23/08/2024,游水,沙田,,沙田,,,,,,,,游水,,
H011,23/08/2024,踱步,沙田,內圈,沙田 內圈,,,,,,助手,,快踱一圈,H,內圈 快踱一圈 (助手)
H011,22/08/2024,游水,沙田,,沙田,,,,,,,,游水,,
H011,22/08/2024,踱步,沙田,內圈,沙田 內圈,,,,,,助手,,倒快兩圈,H,內圈 倒快兩圈 (助手)
H011,21/08/2024,游水,沙田,,沙田,,,,,,,,游水,,
H011,21/08/2024,快操,沙田,全天候,沙田 全天候,,57.4,57.4,30.9 26.5,,助手,,快操,H,30.9 26.5 (57.4) (助手)
H011,21/08/2024,踱步,沙田,飛機場,沙田 飛機場,,,,,,助手,,踱步,H,飛機場 踱步 (助手)
H011,20/08/2024,游水,沙田,,沙田,,,,,,,,游水,,
H011,20/08/2024,踱步,沙田,內圈,沙田 內圈,,,,,,助手,,快踱一圈,H,內圈 快踱一圈 (助手)
H011,19/08/2024,游水,沙田,,沙田,,,,,,,,游水,,
H011,19/08/2024,踱步,沙田,內圈,沙田 內圈,,,,,,助手,,倒快兩圈,H,內圈 倒快兩圈 (助手)
H011,18/08/2024,游水,沙田,,沙田,,,,,,,,游水,,
H011,18/08/2024,快操,沙田,全天候,沙田 全天候,,59.4,59.4,31.5 27.9,,助手,,快操,H,31.5 27.9 (59.4) (助手)
H011,18/08/2024,踱步,沙田,飛機場,沙田 飛機場,,,,,,助手,,踱步,H,飛機場 踱步 (助手)
H011,17/08/2024,游水,沙田,,沙田,,,,,,,,游水,,
H011,17/08/2024,踱步,沙田,內圈,沙田 內圈,,,,,,助手,,快踱一圈,H,內圈 快踱一圈 (助手)
H011,16/08/2024,游水,沙田,,沙田,,,,,,,,游水,,
H011,16/08/2024,踱步,沙田,內圈,沙田 內圈,,,,,,助手,,快踱一圈,H,內圈 快踱一圈 (助手)
H011,15/08/2024,游水,沙田,,沙田,,,,,,,,游水,,
H011,15/08/2024,踱步,沙田,內圈,沙田 內圈,,,,,,助手,,倒快兩圈,H,內圈 倒快兩圈 (助手)
H011,14/08/2024,游水,沙田,,沙田,,,,,,,,游水,,
H011,14/08/2024,快操,沙田,全天候,沙田 全天候,,57.8,57.8,31.0 26.8,,助手,,快操,H,31.0 26.8 (57.8) (助手)
H011,14/08/2024,踱步,沙田,飛機場,沙田 飛機場,,,,,,助手,,踱步,H,飛機場 踱步 (助手)
H011,13/08/2024,游水,沙田,,沙田,,,,,,,,游水,,
H011,13/08/2024,踱步,沙田,內圈,沙田 內圈,,,,,,助手,,快踱一圈,H,內圈 快踱一圈 (助手)
H011,12/08/2024,游水,沙田,,沙田,,,,,,,,游水,,
H011,12/08/2024,踱步,沙田,內圈,沙田 內圈,,,,,,助手,,倒快兩圈,H,內圈 倒快兩圈 (助手)
H011,11/08/2024,游水,沙田,,沙田,,,,,,,,游水,,
H011,11/08/2024,踱步,沙田,內圈,沙田 內圈,,,,,,助手,,快踱一圈,H,內圈 快踱一圈 (助手)
H011,10/08/2024,游水,沙田,,沙田,,,,,,,,游水,,
H011,10/08/2024,快操,沙田,全天候,沙田 全天候,,29.5,29.5,29.5,,助手,,快操,H,29.5 (29.5) (助手)
H011,10/08/2024,踱步,沙田,飛機場,沙田 飛機場,,,,,,助手,,踱步,H,飛機場 踱步 (助手)
H011,09/08/2024,游水,沙田,,沙田,,,,,,,,游水,,
H011,09/08/2024,踱步,沙田,內圈,沙田 內圈,,,,,,助手,,快踱一圈,H,內圈 快踱一圈 (助手)
H011,08/08/2024,游水,沙田,,沙田,,,,,,,,游水,,
H011,08/08/2024,踱步,沙田,內圈,沙田 內圈,,,,,,助手,,倒快兩圈,H,內圈 倒快兩圈 (助手)
H011,07/08/2024,游水,沙田,,沙田,,,,,,,,游水,,
H011,07/08/2024,踱步,沙田,內圈,沙田 內圈,,,,,,助手,,快踱一圈,H,內圈 快踱一圈 (助手)
H011,06/08/2024,游水,沙田,,沙田,,,,,,,,游水,,
H011,06/08/2024,踱步,沙田,內圈,沙田 內圈,,,,,,助手,,快踱一圈,H,內圈 快踱一圈 (助手)
H011,05/08/2024,游水,沙田,,沙田,,,,,,,,游水,,
H011,05/08/2024,踱步,沙田,內圈,沙田 內圈,,,,,,助手,,倒快兩圈,H,內圈 倒快兩圈 (助手)
H011,04/08/2024,游水,沙田,,沙田,,,,,,,,游水,,
H011,04/08/2024,踱步,沙田,內圈,沙田 內圈,,,,,,助手,,快踱一圈,H,內圈 快踱一圈 (助手)
H011,03/08/2024,游水,沙田,,沙田,,,,,,,,游水,,
H011,03/08/2024,踱步,沙田,內圈,沙田 內圈,,,,,,助手,,快踱一圈,H,內圈 快踱一圈 (助手)
H011,02/08/2024,游水,沙田,,沙田,,,,,,,,游水,,
H011,02/08/2024,踱步,沙田,內圈,沙田 內圈,,,,,,助手,,快踱一圈,H,內圈 快踱一圈 (助手)
H011,01/08/2024,踱步,沙田,飛機場,沙田 飛機場,,,,,,助手,,踱步,H,飛機場 踱步 (助手)
H011,06/07/2024,出賽,沙田,全天候,沙田 全天候,1200M,,,,,田泰安,11/12,出賽,V/TT,1200M (田泰安) (11/12)
H011,06/07/2024,踱步,沙田,內圈,沙田 內圈,,,,,,助手,,快踱一圈,H,內圈 快踱一圈 (助手)
H011,05/07/2024,游水,沙田,,沙田,,,,,,,,游水,,
H011,05/07/2024,踱步,沙田,內圈,沙田 內圈,,,,,,助手,,快踱一圈,H,內圈 快踱一圈 (助手)
H011,04/07/2024,游水,沙田,,沙田,,,,,,,,游水,,
H011,04/07/2024,踱步,沙田,內圈,沙田 內圈,,,,,,助手,,倒快一圈,H,內圈 倒快一圈 (助手)
H011,03/07/2024,游水,沙田,,沙田,,,,,,,,游水,,
H011,03/07/2024,快操,沙田,全天候,沙田 全天候,,57.8,57.8,31.6 26.2,,助手,,快操,H,31.6 26.2 (57.8) (助手)
H011,03/07/2024,踱步,沙田,飛機場,沙田 飛機場,,,,,,助手,,踱步,H,飛機場 踱步 (助手)
H011,02/07/2024,游水,沙田,,沙田,,,,,,,,游水,,
H011,02/07/2024,踱步,沙田,內圈,沙田 內圈,,,,,,助手,,快踱一圈,H,內圈 快踱一圈 (助手)
H011,01/07/2024,游水,沙田,,沙田,,,,,,,,游水,,
H011,01/07/2024,踱步,沙田,內圈,沙田 內圈,,,,,,助手,,倒快一圈,H,內圈 倒快一圈 (助手)
H011,30/06/2024,游水,沙田,,沙田,,,,,,,,游水,,
H011,30/06/2024,踱步,沙田,內圈,沙田 內圈,,,,,,助手,,快踱一圈,H,內圈 快踱一圈 (助手)
H011,29/06/2024,游水,沙田,,沙田,,,,,,,,游水,,
H011,29/06/2024,踱步,沙田,內圈,沙田 內圈,,,,,,助手,,快踱一圈,H,內圈 快踱一圈 (助手)
H011,28/06/2024,游水,沙田,,沙田,,,,,,,,游水,,
H011,28/06/2024,踱步,沙田,內圈,沙田 內圈,,,,,,助手,,快踱一圈,H,內圈 快踱一圈 (助手)
H011,27/06/2024,游水,沙田,,沙田,,,,,,,,游水,,
H011,27/06/2024,踱步,沙田,飛機場,沙田 飛機場,,,,,,助手,,踱步,H,飛機場 踱步 (助手)
H011,26/06/2024,游水,沙田,,沙田,,,,,,,,游水,,
H011,25/06/2024,試閘,沙田,全天候,沙田 全天候,1200M,1.10.26,70.26,24.0 22.7 23.5,型到爆,田泰安,,第4組,V,第4組 (田泰安) 1200M 型到爆 24.0 22.7 23.5 (1.10.26)
H011,25/06/2024,游水,沙田,,沙田,,,,,,,,游水,,
H011,24/06/2024,游水,沙田,,沙田,,,,,,,,游水,,
H011,24/06/2024,踱步,沙田,內圈,沙田 內圈,,,,,,助手,,倒快一圈,H,內圈 倒快一圈 (助手)
H011,23/06/2024,游水,沙田,,沙田,,,,,,,,游水,,
H011,23/06/2024,踱步,沙田,內圈,沙田 內圈,,,,,,助手,,快踱一圈,H,內圈 快踱一圈 (助手)
H011,22/06/2024,游水,從化,,從化,,,,,,,,游水,,
H011,22/06/2024,快操,從化,全天候,從化 全天候,,56.7,56.7,32.1 24.6,,助手,,快操,H,32.1 24.6 (56.7) (助手)
H011,22/06/2024,踱步,從化,飛機場,從化 飛機場,,,,,,助手,,踱步,H,飛機場 踱步 (助手)
H011,21/06/2024,游水,從化,,從化,,,,,,,,游水,,
H011,21/06/2024,踱步,從化,內圈,從化 內圈,,,,,,助手,,快踱一圈,H,內圈 快踱一圈 (助手)
H011,20/06/2024,游水,從化,,從化,,,,,,,,游水,,
H011,20/06/2024,踱步,從化,內圈,從化 內圈,,,,,,助手,,倒快一圈,H,內圈 倒快一圈 (助手)
H011,19/06/2024,游水,從化,,從化,,,,,,,,游水,,
H011,19/06/2024,快操,從化,全天候,從化 全天候,,56.2,56.2,31.2 25.0,,助手,,快操,H,31.2 25.0 (56.2) (助手)
H011,19/06/2024,踱步,從化,飛機場,從化 飛機場,,,,,,助手,,踱步,H,飛機場 踱步 (助手)
H011,18/06/2024,游水,從化,,從化,,,,,,,,游水,,
H011,18/06/2024,踱步,從化,內圈,從化 內圈,,,,,,助手,,快踱一圈,H,內圈 快踱一圈 (助手)
H011,17/06/2024,游水,從化,,從化,,,,,,,,游水,,
H011,17/06/2024,踱步,從化,內圈,從化 內圈,,,,,,助手,,倒快一圈,H,內圈 倒快一圈 (助手)
H011,16/06/2024,游水,從化,,從化,,,,,,,,游水,,
H011,16/06/2024,踱步,從化,內圈,從化 內圈,,,,,,助手,,快踱一圈,H,內圈 快踱一圈 (助手)
H011,15/06/2024,游水,從化,,從化,,,,,,,,游水,,
H011,15/06/2024,快操,從化,全天候,從化 全天候,,58.9,58.9,32.4 26.5,,助手,,快操,H,32.4 26.5 (58.9) (助手)
H011,15/06/2024,踱步,從化,飛機場,從化 飛機場,,,,,,助手,,踱步,H,飛機場 踱步 (助手)
H011,14/06/2024,游水,從化,,從化,,,,,,,,游水,,
H011,14/06/2024,踱步,從化,內圈,從化 內圈,,,,,,助手,,快踱一圈,H,內圈 快踱一圈 (助手)
H011,13/06/2024,游水,從化,,從化,,,,,,,,游水,,
H011,13/06/2024,踱步,從化,內圈,從化 內圈,,,,,,助手,,倒快一圈,H,內圈 倒快一圈 (助手)
H011,12/06/2024,游水,從化,,從化,,,,,,,,游水,,
H011,12/06/2024,踱步,從化,內圈,從化 內圈,,,,,,助手,,快踱一圈,H,內圈 快踱一圈 (助手)
H011,11/06/2024,游水,從化,,從化,,,,,,,,游水,,
H011,11/06/2024,快操,從化,全天候,從化 全天候,,57.2,57.2,31.5 25.7,,助手,,快操,H,31.5 25.7 (57.2) (助手)
H011,11/06/2024,踱步,從化,飛機場,從化 飛機場,,,,,,助手,,踱步,H,飛機場 踱步 (助手)
H011,10/06/2024,游水,從化,,從化,,,,,,,,游水,,
H011,10/06/2024,踱步,從化,內圈,從化 內圈,,,,,,助手,,倒快一圈,H,內圈 倒快一圈 (助手)
H011,09/06/2024,游水,從化,,從化,,,,,,,,游水,,
H011,09/06/2024,踱步,從化,內圈,從化 內圈,,,,,,助手,,快踱一圈,H,內圈 快踱一圈 (助手)
H011,08/06/2024,游水,從化,,從化,,,,,,,,游水,,
H011,08/06/2024,踱步,從化,內圈,從化 內圈,,,,,,助手,,快踱一圈,H,內圈 快踱一圈 (助手)
H011,07/06/2024,游水,從化,,從化,,,,,,,,游水,,
H011,07/06/2024,快操,從化,全天候,從化 全天候,,27.5,27.5,27.5,,助手,,快操,H,27.5 (27.5) (助手)
H011,07/06/2024,踱步,從化,飛機場,從化 飛機場,,,,,,助手,,踱步,H,飛機場 踱步 (助手)
H011,06/06/2024,游水,從化,,從化,,,,,,,,游水,,
H011,06/06/2024,踱步,從化,內圈,從化 內圈,,,,,,助手,,倒快一圈,H,內圈 倒快一圈 (助手)
H011,05/06/2024,游水,從化,,從化,,,,,,,,游水,,
H011,05/06/2024,踱步,從化,內圈,從化 內圈,,,,,,助手,,快踱一圈,H,內圈 快踱一圈 (助手)
H011,04/06/2024,游水,從化,,從化,,,,,,,,游水,,
H011,04/06/2024,踱步,從化,內圈,從化 內圈,,,,,,助手,,快踱一圈,H,內圈 快踱一圈 (助手)
H011,03/06/2024,踱步,沙田,內圈,沙田 內圈,,,,,,助手,,倒快一圈,H,內圈 倒快一圈 (助手)
H011,02/06/2024,游水,沙田,,沙田,,,,,,,,游水,,
H011,02/06/2024,踱步,沙田,飛機場,沙田 飛機場,,,,,,助手,,踱步,H,飛機場 踱步 (助手)
H011,01/06/2024,游水,沙田,,沙田,,,,,,,,游水,,
H011,29/05/2024,出賽,沙田,全天候,沙田 全天候,1200M,,,,,田泰安,3/12,出賽,V2/TT,1200M (田泰安) (3/12)
H011,29/05/2024,踱步,沙田,內圈,沙田 內圈,,,,,,助手,,快踱一圈,H,內圈 快踱一圈 (助手)
H011,28/05/2024,游水,沙田,,沙田,,,,,,,,游水,,
H011,28/05/2024,踱步,沙田,內圈,沙田 內圈,,,,,,助手,,快踱一圈,H,內圈 快踱一圈 (助手)
H011,27/05/2024,游水,沙田,,沙田,,,,,,,,游水,,
H011,27/05/2024,踱步,沙田,內圈,沙田 內圈,,,,,,助手,,倒快一圈,H,內圈 倒快一圈 (助手)
H011,26/05/2024,游水,沙田,,沙田,,,,,,,,游水,,
H011,26/05/2024,快操,沙田,全天候,沙田 全天候,,59.4,59.4,33.2 26.2,,助手,,快操,H,33.2 26.2 (59.4) (助手)
H011,26/05/2024,踱步,沙田,飛機場,沙田 飛機場,,,,,,助手,,踱步,H,飛機場 踱步 (助手)
H011,25/05/2024,游水,沙田,,沙田,,,,,,,,游水,,
H011,25/05/2024,踱步,沙田,外圈,沙田 外圈,,,,,,助手,,快踱一圈,H,外圈 快踱一圈 (助手)
H011,24/05/2024,游水,沙田,,沙田,,,,,,,,游水,,
H011,24/05/2024,踱步,沙田,外圈,沙田 外圈,,,,,,助手,,快踱一圈,,外圈 快踱一圈 (助手)
H011,23/05/2024,游水,沙田,,沙田,,,,,,,,游水,,
H011,23/05/2024,快操,沙田,全天候,沙田 全天候,,57.9,57.9,31.6 26.3,,助手,,快操,H,31.6 26.3 (57.9) (助手)
H011,23/05/2024,踱步,沙田,飛機場,沙田 飛機場,,,,,,助手,,踱步,H,飛機場 踱步 (助手)
H011,22/05/2024,游水,沙田,,沙田,,,,,,,,游水,,
H011,22/05/2024,踱步,沙田,外圈,沙田 外圈,,,,,,助手,,快踱一圈,H,外圈 快踱一圈 (助手)
H011,21/05/2024,游水,沙田,,沙田,,,,,,,,游水,,
H011,21/05/2024,踱步,沙田,外圈,沙田 外圈,,,,,,助手,,快踱一圈,H,外圈 快踱一圈 (助手)
H011,20/05/2024,游水,沙田,,沙田,,,,,,,,游水,,
H011,20/05/2024,踱步,沙田,內圈,沙田 內圈,,,,,,助手,,倒快一圈,H,內圈 倒快一圈 (助手)
H011,19/05/2024,游水,沙田,,沙田,,,,,,,,游水,,
H011,19/05/2024,踱步,沙田,外圈,沙田 外圈,,,,,,助手,,快踱一圈,H,外圈 快踱一圈 (助手)
H011,18/05/2024,游水,沙田,,沙田,,,,,,,,游水,,
H011,17/05/2024,游水,沙田,,沙田,,,,,,,,游水,,
H011,16/05/2024,試閘,沙田,全天候,沙田 全天候,1200M,1.10.91,70.91,24.4 23.4 23.1,魅影獵飛,潘明輝,,第4組,V,第4組 (潘明輝) 1200M 魅影獵飛 24.4 23.4 23.1 (1.10.91)
H011,15/05/2024,游水,沙田,,沙田,,,,,,,,游水,,
H011,15/05/2024,踱步,沙田,外圈,沙田 外圈,,,,,,助手,,快踱一圈,H,外圈 快踱一圈 (助手)
H011,14/05/2024,游水,沙田,,沙田,,,,,,,,游水,,
H011,14/05/2024,踱步,沙田,外圈,沙田 外圈,,,,,,助手,,快踱一圈,H,外圈 快踱一圈 (助手)
H011,13/05/2024,游水,沙田,,沙田,,,,,,,,游水,,
H011,13/05/2024,踱步,沙田,外圈,沙田 外圈,,,,,,助手,,快踱一圈,H,外圈 快踱一圈 (助手)
H011,12/05/2024,游水,沙田,,沙田,,,,,,,,游水,,
H011,12/05/2024,踱步,沙田,外圈,沙田 外圈,,,,,,助手,,快踱一圈,H,外圈 快踱一圈 (助手)
H011,11/05/2024,游水,沙田,,沙田,,,,,,,,游水,,
H011,11/05/2024,快操,沙田,全天候,沙田 全天候,,59.0,59.0,32.5 26.5,,助手,,快操,H,32.5 26.5 (59.0) (助手)
H011,10/05/2024,游水,沙田,,沙田,,,,,,,,游水,,
H011,10/05/2024,踱步,沙田,外圈,沙田 外圈,,,,,,助手,,快踱一圈,H,外圈 快踱一圈 (助手)
H011,09/05/2024,游水,沙田,,沙田,,,,,,,,游水,,
H011,09/05/2024,踱步,沙田,外圈,沙田 外圈,,,,,,助手,,快踱一圈,H,外圈 快踱一圈 (助手)
H011,08/05/2024,游水,沙田,,沙田,,,,,,,,游水,,
H011,08/05/2024,踱步,沙田,外圈,沙田 外圈,,,,,,助手,,快踱一圈,H,外圈 快踱一圈 (助手)
H011,07/05/2024,游水,沙田,,沙田,,,,,,,,游水,,
H011,07/05/2024,快操,沙田,全天候,沙田 全天候,,57.9,57.9,32.0 25.9,,助手,,快操,H,32.0 25.9 (57.9) (助手)
H011,06/05/2024,游水,沙田,,沙田,,,,,,,,游水,,
H011,06/05/2024,踱步,沙田,外圈,沙田 外圈,,,,,,助手,,快踱一圈,H,外圈 快踱一圈 (助手)
H011,05/05/2024,游水,沙田,,沙田,,,,,,,,游水,,
H011,05/05/2024,踱步,沙田,內圈,沙田 內圈,,,,,,助手,,快踱一圈,H,內圈 快踱一圈 (助手)
H011,04/05/2024,游水,沙田,,沙田,,,,,,,,游水,,
H011,04/05/2024,踱步,沙田,外圈,沙田 外圈,,,,,,助手,,快踱一圈,H,外圈 快踱一圈 (助手)
H011,03/05/2024,游水,沙田,,沙田,,,,,,,,游水,,
H011,03/05/2024,快操,沙田,全天候,沙田 全天候,,25.1,25.1,25.1,,助手,,快操,H,25.1 (25.1) (助手)
H011,02/05/2024,游水,沙田,,沙田,,,,,,,,游水,,
H011,02/05/2024,踱步,沙田,內圈,沙田 內圈,,,,,,助手,,倒快一圈,H,內圈 倒快一圈 (助手)
H011,01/05/2024,游水,沙田,,沙田,,,,,,,,游水,,
H011,01/05/2024,踱步,沙田,外圈,沙田 外圈,,,,,,助手,,快踱一圈,H,外圈 快踱一圈 (助手)
H011,30/04/2024,游水,沙田,,沙田,,,,,,,,游水,,
H011,30/04/2024,踱步,沙田,內圈,沙田 內圈,,,,,,助手,,快踱一圈,H,內圈 快踱一圈 (助手)
H011,29/04/2024,游水,沙田,,沙田,,,,,,,,游水,,
H011,29/04/2024,快操,沙田,全天候,沙田 全天候,,58.1,58.1,32.3 25.8,,助手,,快操,H,32.3 25.8 (58.1) (助手)
H011,29/04/2024,踱步,沙田,飛機場,沙田 飛機場,,,,,,助手,,踱步,H,飛機場 踱步 (助手)
H011,28/04/2024,游水,沙田,,沙田,,,,,,,,游水,,
H011,28/04/2024,踱步,沙田,內圈,沙田 內圈,,,,,,助手,,快踱一圈,H,內圈 快踱一圈 (助手)
H011,27/04/2024,游水,沙田,,沙田,,,,,,,,游水,,
H011,27/04/2024,踱步,沙田,內圈,沙田 內圈,,,,,,助手,,快踱一圈,H,內圈 快踱一圈 (助手)
H011,26/04/2024,游水,沙田,,沙田,,,,,,,,游水,,
H011,26/04/2024,踱步,沙田,內圈,沙田 內圈,,,,,,助手,,快踱一圈,H,內圈 快踱一圈 (助手)
H011,25/04/2024,游水,沙田,,沙田,,,,,,,,游水,,
H011,25/04/2024,踱步,沙田,內圈,沙田 內圈,,,,,,助手,,倒快一圈,H,內圈 倒快一圈 (助手)
H011,24/04/2024,游水,沙田,,沙田,,,,,,,,游水,,
H011,23/04/2024,游水,沙田,,沙田,,,,,,,,游水,,
H011,22/04/2024,游水,沙田,,沙田,,,,,,,,游水,,
H011,21/04/2024,游水,沙田,,沙田,,,,,,,,游水,,
H011,20/04/2024,出賽,沙田,全天候,沙田 全天候,1650M,,,,,田泰安,10/14,出賽,V-/TT,1650M (田泰安) (10/14)
H011,19/04/2024,游水,沙田,,沙田,,,,,,,,游水,,
H011,19/04/2024,踱步,沙田,內圈,沙田 內圈,,,,,,助手,,快踱一圈,H,內圈 快踱一圈 (助手)
H011,18/04/2024,游水,沙田,,沙田,,,,,,,,游水,,
H011,18/04/2024,踱步,沙田,內圈,沙田 內圈,,,,,,助手,,倒快一圈,H,內圈 倒快一圈 (助手)
H011,17/04/2024,游水,沙田,,沙田,,,,,,,,游水,,
H011,17/04/2024,踱步,沙田,內圈,沙田 內圈,,,,,,助手,,快踱一圈,H,內圈 快踱一圈 (助手)
H011,16/04/2024,游水,沙田,,沙田,,,,,,,,游水,,
H011,16/04/2024,快操,沙田,全天候,沙田 全天候,,56.1,56.1,31.9 24.2,,助手,,快操,H,31.9 24.2 (56.1) (助手)
H011,16/04/2024,踱步,沙田,飛機場,沙田 飛機場,,,,,,助手,,踱步,H,飛機場 踱步 (助手)
H011,15/04/2024,游水,沙田,,沙田,,,,,,,,游水,,
H011,15/04/2024,踱步,沙田,內圈,沙田 內圈,,,,,,助手,,倒快一圈,H,內圈 倒快一圈 (助手)
H011,14/04/2024,游水,沙田,,沙田,,,,,,,,游水,,
H011,14/04/2024,踱步,沙田,內圈,沙田 內圈,,,,,,助手,,快踱一圈,H,內圈 快踱一圈 (助手)
H011,13/04/2024,游水,沙田,,沙田,,,,,,,,游水,,
H011,13/04/2024,踱步,沙田,內圈,沙田 內圈,,,,,,助手,,快踱一圈,H,內圈 快踱一圈 (助手)
H011,12/04/2024,游水,沙田,,沙田,,,,,,,,游水,,
H011,12/04/2024,快操,沙田,全天候,沙田 全天候,,57.3,57.3,32.8 24.5,,助手,,快操,H,32.8 24.5 (57.3) (助手)
H011,12/04/2024,踱步,沙田,飛機場,沙田 飛機場,,,,,,助手,,踱步,H,飛機場 踱步 (助手)
H011,11/04/2024,游水,沙田,,沙田,,,,,,,,游水,,
H011,11/04/2024,踱步,沙田,內圈,沙田 內圈,,,,,,助手,,倒快一圈,H,內圈 倒快一圈 (助手)
H011,10/04/2024,游水,沙田,,沙田,,,,,,,,游水,,
H011,10/04/2024,踱步,沙田,內圈,沙田 內圈,,,,,,助手,,快踱一圈,H,內圈 快踱一圈 (助手)
H011,09/04/2024,游水,沙田,,沙田,,,,,,,,游水,,
H011,09/04/2024,踱步,沙田,內圈,沙田 內圈,,,,,,助手,,快踱一圈,H,內圈 快踱一圈 (助手)
H011,08/04/2024,游水,沙田,,沙田,,,,,,,,游水,,
H011,08/04/2024,踱步,沙田,內圈,沙田 內圈,,,,,,助手,,倒快一圈,H,內圈 倒快一圈 (助手)
H011,07/04/2024,游水,沙田,,沙田,,,,,,,,游水,,
H011,07/04/2024,踱步,沙田,飛機場,沙田 飛機場,,,,,,助手,,踱步,H,飛機場 踱步 (助手)
H011,06/04/2024,游水,沙田,,沙田,,,,,,,,游水,,
H011,05/04/2024,游水,沙田,,沙田,,,,,,,,游水,,
H011,04/04/2024,游水,沙田,,沙田,,,,,,,,游水,,
H011,03/04/2024,出賽,沙田,全天候,沙田 全天候,1200M,,,,,田泰安,4/11,出賽,V/TT,1200M (田泰安) (4/11)
H011,03/04/2024,踱步,沙田,內圈,沙田 內圈,,,,,,助手,,快踱一圈,H,內圈 快踱一圈 (助手)
H011,02/04/2024,游水,沙田,,沙田,,,,,,,,游水,,
H011,02/04/2024,踱步,沙田,內圈,沙田 內圈,,,,,,助手,,快踱一圈,H,內圈 快踱一圈 (助手)
H011,01/04/2024,游水,沙田,,沙田,,,,,,,,游水,,
H011,01/04/2024,踱步,沙田,內圈,沙田 內圈,,,,,,助手,,倒快一圈,H,內圈 倒快一圈 (助手)
H011,31/03/2024,游水,沙田,,沙田,,,,,,,,游水,,
H011,31/03/2024,快操,沙田,全天候,沙田 全天候,,58.4,58.4,31.7 26.7,,助手,,快操,H,31.7 26.7 (58.4) (助手)
H011,31/03/2024,踱步,沙田,飛機場,沙田 飛機場,,,,,,助手,,踱步,H,飛機場 踱步 (助手)
H011,30/03/2024,游水,沙田,,沙田,,,,,,,,游水,,
H011,30/03/2024,踱步,沙田,內圈,沙田 內圈,,,,,,助手,,快踱一圈,H,內圈 快踱一圈 (助手)
H011,29/03/2024,游水,沙田,,沙田,,,,,,,,游水,,
H011,29/03/2024,踱步,沙田,內圈,沙田 內圈,,,,,,助手,,快踱一圈,H,內圈 快踱一圈 (助手)
H011,28/03/2024,游水,沙田,,沙田,,,,,,,,游水,,
H011,28/03/2024,快操,沙田,全天候,沙田 全天候,,1.00.9,60.9,33.6 27.3,,助手,,快操,H,33.6 27.3 (1.00.9) (助手)
H011,28/03/2024,踱步,沙田,飛機場,沙田 飛機場,,,,,,助手,,踱步,H,飛機場 踱步 (助手)
H011,27/03/2024,游水,沙田,,沙田,,,,,,,,游水,,
H011,27/03/2024,踱步,沙田,內圈,沙田 內圈,,,,,,助手,,快踱一圈,H,內圈 快踱一圈 (助手)
H011,26/03/2024,游水,沙田,,沙田,,,,,,,,游水,,
H011,26/03/2024,踱步,沙田,內圈,沙田 內圈,,,,,,助手,,快踱一圈,H,內圈 快踱一圈 (助手)
H011,25/03/2024,游水,沙田,,沙田,,,,,,,,游水,,
H011,25/03/2024,快操,沙田,全天候,沙田 全天候,,56.3,56.3,29.7 26.6,,助手,,快操,H,29.7 26.6 (56.3) (助手)
H011,25/03/2024,踱步,沙田,飛機場,沙田 飛機場,,,,,,助手,,踱步,H,飛機場 踱步 (助手)
H011,24/03/2024,游水,沙田,,沙田,,,,,,,,游水,,
H011,24/03/2024,踱步,沙田,內圈,沙田 內圈,,,,,,助手,,快踱一圈,H,內圈 快踱一圈 (助手)
H011,23/03/2024,游水,沙田,,沙田,,,,,,,,游水,,
H011,23/03/2024,踱步,沙田,內圈,沙田 內圈,,,,,,助手,,快踱一圈,H,內圈 快踱一圈 (助手)
H011,22/03/2024,游水,沙田,,沙田,,,,,,,,游水,,
H011,22/03/2024,踱步,沙田,內圈,沙田 內圈,,,,,,助手,,快踱一圈,H,內圈 快踱一圈 (助手)
H011,21/03/2024,游水,沙田,,沙田,,,,,,,,游水,,
H011,21/03/2024,踱步,沙田,內圈,沙田 內圈,,,,,,助手,,倒快一圈,H,內圈 倒快一圈 (助手)
H011,20/03/2024,游水,沙田,,沙田,,,,,,,,游水,,
H011,20/03/2024,踱步,沙田,飛機場,沙田 飛機場,,,,,,助手,,踱步,H,飛機場 踱步 (助手)
H011,19/03/2024,游水,沙田,,沙田,,,,,,,,游水,,
H011,18/03/2024,游水,沙田,,沙田,,,,,,,,游水,,
H011,16/03/2024,出賽,沙田,草地,沙田 草地,1400M,,,,,巴度,8/14,出賽,V/TT,1400M (巴度) (8/14)
H011,16/03/2024,踱步,沙田,內圈,沙田 內圈,,,,,,助手,,快踱一圈,H,內圈 快踱一圈 (助手)
H011,15/03/2024,游水,沙田,,沙田,,,,,,,,游水,,
H011,15/03/2024,踱步,沙田,內圈,沙田 內圈,,,,,,助手,,快踱一圈,H,內圈 快踱一圈 (助手)
H011,14/03/2024,游水,沙田,,沙田,,,,,,,,游水,,
H011,14/03/2024,踱步,沙田,內圈,沙田 內圈,,,,,,助手,,倒快一圈,H,內圈 倒快一圈 (助手)
H011,13/03/2024,游水,沙田,,沙田,,,,,,,,游水,,
H011,13/03/2024,快操,沙田,全天候,沙田 全天候,,59.2,59.2,31.8 27.4,,助手,,快操,H,31.8 27.4 (59.2) (助手)
H011,13/03/2024,踱步,沙田,飛機場,沙田 飛機場,,,,,,助手,,踱步,H,飛機場 踱步 (助手)
H011,12/03/2024,游水,沙田,,沙田,,,,,,,,游水,,
H011,12/03/2024,踱步,沙田,內圈,沙田 內圈,,,,,,助手,,快踱一圈,H,內圈 快踱一圈 (助手)
H011,11/03/2024,游水,沙田,,沙田,,,,,,,,游水,,
H011,11/03/2024,踱步,沙田,內圈,沙田 內圈,,,,,,助手,,倒快一圈,H,內圈 倒快一圈 (助手)
H011,10/03/2024,游水,沙田,,沙田,,,,,,,,游水,,
H011,10/03/2024,快操,沙田,全天候,沙田 全天候,,59.3,59.3,32.5 26.8,,助手,,快操,H,32.5 26.8 (59.3) (助手)
H011,10/03/2024,踱步,沙田,飛機場,沙田 飛機場,,,,,,助手,,踱步,H,飛機場 踱步 (助手)
H011,09/03/2024,游水,沙田,,沙田,,,,,,,,游水,,
H011,09/03/2024,踱步,沙田,內圈,沙田 內圈,,,,,,助手,,快踱一圈,H,內圈 快踱一圈 (助手)
H011,08/03/2024,游水,沙田,,沙田,,,,,,,,游水,,
H011,08/03/2024,踱步,沙田,內圈,沙田 內圈,,,,,,助手,,快踱一圈,H,內圈 快踱一圈 (助手)
H011,07/03/2024,游水,沙田,,沙田,,,,,,,,游水,,
H011,07/03/2024,踱步,沙田,內圈,沙田 內圈,,,,,,助手,,倒快一圈,H,內圈 倒快一圈 (助手)
H011,06/03/2024,游水,沙田,,沙田,,,,,,,,游水,,
H011,06/03/2024,快操,沙田,全天候,沙田 全天候,,28.6,28.6,28.6,,助手,,快操,H,28.6 (28.6) (助手)
H011,06/03/2024,踱步,沙田,飛機場,沙田 飛機場,,,,,,助手,,踱步,H,飛機場 踱步 (助手)
H011,05/03/2024,游水,沙田,,沙田,,,,,,,,游水,,
H011,05/03/2024,踱步,沙田,內圈,沙田 內圈,,,,,,助手,,快踱一圈,H,內圈 快踱一圈 (助手)
H011,04/03/2024,游水,沙田,,沙田,,,,,,,,游水,,
H011,04/03/2024,踱步,沙田,內圈,沙田 內圈,,,,,,助手,,倒快一圈,H,內圈 倒快一圈 (助手)
H011,03/03/2024,游水,沙田,,沙田,,,,,,,,游水,,
H011,03/03/2024,踱步,沙田,內圈,沙田 內圈,,,,,,助手,,快踱一圈,H,內圈 快踱一圈 (助手)
H011,02/03/2024,游水,沙田,,沙田,,,,,,,,游水,,
H011,02/03/2024,快操,沙田,全天候,沙田 全天候,,59.0,59.0,32.4 26.6,,助手,,快操,H,32.4 26.6 (59.0) (助手)
H011,02/03/2024,踱步,沙田,飛機場,沙田 飛機場,,,,,,助手,,踱步,H,飛機場 踱步 (助手)
H011,01/03/2024,游水,沙田,,沙田,,,,,,,,游水,,
H011,01/03/2024,踱步,沙田,內圈,沙田 內圈,,,,,,助手,,快踱一圈,H,內圈 快踱一圈 (助手)
H011,29/02/2024,游水,沙田,,沙田,,,,,,,,游水,,
H011,28/02/2024,游水,沙田,,沙田,,,,,,,,游水,,
H011,28/02/2024,踱步,沙田,內圈,沙田 內圈,,,,,,助手,,快踱一圈,H,內圈 快踱一圈 (助手)
H011,27/02/2024,游水,沙田,,沙田,,,,,,,,游水,,
H011,27/02/2024,快操,沙田,全天候,沙田 全天候,,58.4,58.4,31.5 26.9,,助手,,快操,H,31.5 26.9 (58.4) (助手)
H011,26/02/2024,游水,沙田,,沙田,,,,,,,,游水,,
H011,26/02/2024,踱步,沙田,內圈,沙田 內圈,,,,,,助手,,倒快一圈,H,內圈 倒快一圈 (助手)
H011,25/02/2024,游水,沙田,,沙田,,,,,,,,游水,,
H011,25/02/2024,踱步,沙田,內圈,沙田 內圈,,,,,,助手,,快踱一圈,H,內圈 快踱一圈 (助手)
H011,24/02/2024,游水,沙田,,沙田,,,,,,,,游水,,
H011,24/02/2024,踱步,沙田,內圈,沙田 內圈,,,,,,助手,,快踱一圈,H,內圈 快踱一圈 (助手)
H011,23/02/2024,游水,沙田,,沙田,,,,,,,,游水,,
H011,23/02/2024,踱步,沙田,內圈,沙田 內圈,,,,,,助手,,快踱一圈,H,內圈 快踱一圈 (助手)
H011,22/02/2024,游水,沙田,,沙田,,,,,,,,游水,,
H011,22/02/2024,踱步,沙田,飛機場,沙田 飛機場,,,,,,助手,,踱步,H,飛機場 踱步 (助手)
H011,21/02/2024,游水,沙田,,沙田,,,,,,,,游水,,
H011,20/02/2024,游水,沙田,,沙田,,,,,,,,游水,,
H011,18/02/2024,出賽,沙田,全天候,沙田 全天候,1200M,,,,,巴度,6/12,出賽,V/TT,1200M (巴度) (6/12)
H011,18/02/2024,踱步,沙田,內圈,沙田 內圈,,,,,,助手,,快踱一圈,H,內圈 快踱一圈 (助手)
H011,17/02/2024,游水,沙田,,沙田,,,,,,,,游水,,
H011,17/02/2024,踱步,沙田,內圈,沙田 內圈,,,,,,助手,,快踱一圈,H,內圈 快踱一圈 (助手)
H011,16/02/2024,游水,沙田,,沙田,,,,,,,,游水,,
H011,16/02/2024,踱步,沙田,內圈,沙田 內圈,,,,,,助手,,快踱一圈,H,內圈 快踱一圈 (助手)
H011,15/02/2024,游水,沙田,,沙田,,,,,,,,游水,,
H011,15/02/2024,快操,沙田,全天候,沙田 全天候,,57.1,57.1,31.4 25.7,,助手,,快操,H,31.4 25.7 (57.1) (助手)
H011,15/02/2024,踱步,沙田,飛機場,沙田 飛機場,,,,,,助手,,踱步,H,飛機場 踱步 (助手)
H011,14/02/2024,游水,沙田,,沙田,,,,,,,,游水,,
H011,14/02/2024,踱步,沙田,內圈,沙田 內圈,,,,,,助手,,快踱一圈,H,內圈 快踱一圈 (助手)
H011,13/02/2024,游水,沙田,,沙田,,,,,,,,游水,,
H011,13/02/2024,踱步,沙田,內圈,沙田 內圈,,,,,,助手,,快踱一圈,H,內圈 快踱一圈 (助手)
H011,12/02/2024,游水,沙田,,沙田,,,,,,,,游水,,
H011,12/02/2024,快操,沙田,全天候,沙田 全天候,,50.6,50.6,26.3 24.3,,巴度,,快操,H,26.3 24.3 (50.6) (巴度)
H011,12/02/2024,踱步,沙田,飛機場,沙田 飛機場,,,,,,助手,,踱步,H,飛機場 踱步 (助手)
H011,11/02/2024,游水,沙田,,沙田,,,,,,,,游水,,
H011,11/02/2024,踱步,沙田,內圈,沙田 內圈,,,,,,助手,,快踱一圈,H,內圈 快踱一圈 (助手)
H011,09/02/2024,游水,沙田,,沙田,,,,,,,,游水,,
H011,09/02/2024,快操,沙田,全天候,沙田 全天候,,58.6,58.6,31.7 26.9,,助手,,快操,H,31.7 26.9 (58.6) (助手)
H011,09/02/2024,踱步,沙田,飛機場,沙田 飛機場,,,,,,助手,,踱步,H,飛機場 踱步 (助手)
H011,08/02/2024,游水,沙田,,沙田,,,,,,,,游水,,
H011,08/02/2024,踱步,沙田,內圈,沙田 內圈,,,,,,助手,,倒快一圈,H,內圈 倒快一圈 (助手)
H011,07/02/2024,游水,沙田,,沙田,,,,,,,,游水,,
H011,07/02/2024,踱步,沙田,內圈,沙田 內圈,,,,,,助手,,快踱一圈,H,內圈 快踱一圈 (助手)
H011,06/02/2024,游水,沙田,,沙田,,,,,,,,游水,,
H011,06/02/2024,快操,沙田,全天候,沙田 全天候,,58.8,58.8,32.1 26.7,,助手,,快操,H,32.1 26.7 (58.8) (助手)
H011,06/02/2024,踱步,沙田,飛機場,沙田 飛機場,,,,,,助手,,踱步,H,飛機場 踱步 (助手)
H011,05/02/2024,游水,沙田,,沙田,,,,,,,,游水,,
H011,05/02/2024,踱步,沙田,內圈,沙田 內圈,,,,,,助手,,倒快一圈,H,內圈 倒快一圈 (助手)
H011,04/02/2024,游水,沙田,,沙田,,,,,,,,游水,,
H011,04/02/2024,踱步,沙田,內圈,沙田 內圈,,,,,,助手,,快踱一圈,H,內圈 快踱一圈 (助手)
H011,03/02/2024,游水,沙田,,沙田,,,,,,,,游水,,
H011,03/02/2024,踱步,沙田,內圈,沙田 內圈,,,,,,助手,,快踱一圈,H,內圈 快踱一圈 (助手)
H011,02/02/2024,游水,沙田,,沙田,,,,,,,,游水,,
H011,02/02/2024,快操,沙田,全天候,沙田 全天候,,57.6,57.6,31.5 26.1,,助手,,快操,H,31.5 26.1 (57.6) (助手)
H011,02/02/2024,踱步,沙田,飛機場,沙田 飛機場,,,,,,助手,,踱步,H,飛機場 踱步 (助手)
H011,01/02/2024,游水,沙田,,沙田,,,,,,,,游水,,
H011,01/02/2024,踱步,沙田,內圈,沙田 內圈,,,,,,助手,,倒快一圈,H,內圈 倒快一圈 (助手)
H011,31/01/2024,游水,沙田,,沙田,,,,,,,,游水,,
H011,31/01/2024,踱步,沙田,內圈,沙田 內圈,,,,,,助手,,快踱一圈,H,內圈 快踱一圈 (助手)
H011,30/01/2024,游水,沙田,,沙田,,,,,,,,游水,,
H011,30/01/2024,踱步,沙田,內圈,沙田 內圈,,,,,,助手,,快踱一圈,H,內圈 快踱一圈 (助手)
H011,29/01/2024,游水,沙田,,沙田,,,,,,,,游水,,
H011,29/01/2024,踱步,沙田,內圈,沙田 內圈,,,,,,助手,,倒快一圈,H,內圈 倒快一圈 (助手)
H011,28/01/2024,游水,沙田,,沙田,,,,,,,,游水,,
H011,28/01/2024,踱步,沙田,飛機場,沙田 飛機場,,,,,,助手,,踱步,H,飛機場 踱步 (助手)
H011,27/01/2024,游水,沙田,,沙田,,,,,,,,游水,,
H011,26/01/2024,游水,沙田,,沙田,,,,,,,,游水,,
H011,25/01/2024,游水,沙田,,沙田,,,,,,,,游水,,
H011,25/01/2024,踱步,沙田,飛機場,沙田 飛機場,,,,,,助手,,踱步,SR,飛機場 踱步 (助手)
H011,24/01/2024,出賽,沙田,全天候,沙田 全天候,1200M,,,,,田泰安,2/12,出賽,B-/V1/TT,1200M (田泰安) (2/12)
H011,24/01/2024,踱步,沙田,內圈,沙田 內圈,,,,,,助手,,快踱一圈,H,內圈 快踱一圈 (助手)
H011,23/01/2024,踱步,沙田,內圈,沙田 內圈,,,,,,助手,,快踱一圈,H,內圈 快踱一圈 (助手)
H011,22/01/2024,游水,沙田,,沙田,,,,,,,,游水,,
H011,22/01/2024,快操,沙田,全天候,沙田 全天候,,58.3,58.3,32.4 25.9,,助手,,快操,H,32.4 25.9 (58.3) (助手)
H011,22/01/2024,踱步,沙田,飛機場,沙田 飛機場,,,,,,助手,,踱步,H,飛機場 踱步 (助手)
H011,21/01/2024,游水,沙田,,沙田,,,,,,,,游水,,
H011,21/01/2024,踱步,沙田,內圈,沙田 內圈,,,,,,助手,,快踱一圈,H,內圈 快踱一圈 (助手)
H011,20/01/2024,游水,沙田,,沙田,,,,,,,,游水,,
H011,20/01/2024,踱步,沙田,內圈,沙田 內圈,,,,,,助手,,快踱一圈,H,內圈 快踱一圈 (助手)
H011,19/01/2024,游水,沙田,,沙田,,,,,,,,游水,,
H011,19/01/2024,快操,沙田,全天候,沙田 全天候,,58.8,58.8,32.5 26.3,,助手,,快操,H,32.5 26.3 (58.8) (助手)
H011,19/01/2024,踱步,沙田,飛機場,沙田 飛機場,,,,,,助手,,踱步,H,飛機場 踱步 (助手)
H011,18/01/2024,游水,沙田,,沙田,,,,,,,,游水,,
H011,18/01/2024,踱步,沙田,內圈,沙田 內圈,,,,,,助手,,倒快一圈,H,內圈 倒快一圈 (助手)
H011,17/01/2024,游水,沙田,,沙田,,,,,,,,游水,,
H011,17/01/2024,踱步,沙田,內圈,沙田 內圈,,,,,,助手,,快踱一圈,H,內圈 快踱一圈 (助手)
H011,16/01/2024,游水,沙田,,沙田,,,,,,,,游水,,
H011,16/01/2024,踱步,沙田,內圈,沙田 內圈,,,,,,助手,,快踱一圈,H,內圈 快踱一圈 (助手)
H011,15/01/2024,踱步,沙田,內圈,沙田 內圈,,,,,,助手,,倒快一圈,H,內圈 倒快一圈 (助手)
H011,13/01/2024,游水,沙田,,沙田,,,,,,,,游水,,
H011,12/01/2024,試閘,沙田,全天候,沙田 全天候,1200M,1.10.61,70.61,24.2 23.0 23.4,皇者烽火,田泰安,,第3組,V,第3組 (田泰安) 1200M 皇者烽火 24.2 23.0 23.4 (1.10.61)
H011,12/01/2024,游水,沙田,,沙田,,,,,,,,游水,,
H011,11/01/2024,游水,沙田,,沙田,,,,,,,,游水,,
H011,11/01/2024,踱步,沙田,內圈,沙田 內圈,,,,,,助手,,倒快一圈,H,內圈 倒快一圈 (助手)
H011,10/01/2024,游水,沙田,,沙田,,,,,,,,游水,,
H011,10/01/2024,踱步,沙田,內圈,沙田 內圈,,,,,,助手,,快踱一圈,H,內圈 快踱一圈 (助手)
H011,09/01/2024,游水,沙田,,沙田,,,,,,,,游水,,
H011,09/01/2024,踱步,沙田,內圈,沙田 內圈,,,,,,助手,,快踱一圈,H,內圈 快踱一圈 (助手)
H011,08/01/2024,游水,沙田,,沙田,,,,,,,,游水,,
H011,08/01/2024,快操,沙田,全天候,沙田 全天候,,59.1,59.1,30.8 28.3,,助手,,快操,H,30.8 28.3 (59.1) (助手)
H011,08/01/2024,踱步,沙田,飛機場,沙田 飛機場,,,,,,助手,,踱步,H,飛機場 踱步 (助手)
H011,07/01/2024,游水,沙田,,沙田,,,,,,,,游水,,
H011,07/01/2024,踱步,沙田,內圈,沙田 內圈,,,,,,助手,,快踱一圈,H,內圈 快踱一圈 (助手)
H011,06/01/2024,游水,沙田,,沙田,,,,,,,,游水,,
H011,06/01/2024,踱步,沙田,內圈,沙田 內圈,,,,,,助手,,快踱一圈,H,內圈 快踱一圈 (助手)
H011,05/01/2024,游水,沙田,,沙田,,,,,,,,游水,,
H011,05/01/2024,踱步,沙田,內圈,沙田 內圈,,,,,,助手,,快踱一圈,H,內圈 快踱一圈 (助手)
H011,04/01/2024,游水,沙田,,沙田,,,,,,,,游水,,
H011,04/01/2024,快操,沙田,全天候,沙田 全天候,,58.7,58.7,30.8 27.9,,助手,,快操,H,30.8 27.9 (58.7) (助手)
H011,04/01/2024,踱步,沙田,飛機場,沙田 飛機場,,,,,,助手,,踱步,H,飛機場 踱步 (助手)
H011,03/01/2024,游水,沙田,,沙田,,,,,,,,游水,,
H011,03/01/2024,踱步,沙田,內圈,沙田 內圈,,,,,,助手,,快踱一圈,H,內圈 快踱一圈 (助手)
H011,02/01/2024,游水,沙田,,沙田,,,,,,,,游水,,
H011,02/01/2024,踱步,沙田,內圈,沙田 內圈,,,,,,助手,,快踱一圈,H,內圈 快踱一圈 (助手)
H011,01/01/2024,游水,沙田,,沙田,,,,,,,,游水,,
H011,01/01/2024,踱步,沙田,內圈,沙田 內圈,,,,,,助手,,倒快一圈,H,內圈 倒快一圈 (助手)
H011,31/12/2023,游水,沙田,,沙田,,,,,,,,游水,,
H011,31/12/2023,踱步,沙田,內圈,沙田 內圈,,,,,,助手,,快踱一圈,H,內圈 快踱一圈 (助手)
H011,30/12/2023,游水,沙田,,沙田,,,,,,,,游水,,
H011,30/12/2023,踱步,沙田,飛機場,沙田 飛機場,,,,,,助手,,踱步,H,飛機場 踱步 (助手)
H011,26/12/2023,出賽,沙田,全天候,沙田 全天候,1200M,,,,,田泰安,7/12,出賽,CP-/B1/TT,1200M (田泰安) (7/12)
H011,26/12/2023,踱步,沙田,內圈,沙田 內圈,,,,,,助手,,快踱一圈,H,內圈 快踱一圈 (助手)
H011,25/12/2023,游水,沙田,,沙田,,,,,,,,游水,,
H011,25/12/2023,踱步,沙田,內圈,沙田 內圈,,,,,,助手,,倒快一圈,H,內圈 倒快一圈 (助手)
H011,24/12/2023,游水,沙田,,沙田,,,,,,,,游水,,
H011,24/12/2023,踱步,沙田,內圈,沙田 內圈,,,,,,助手,,快踱一圈,H,內圈 快踱一圈 (助手)
H011,23/12/2023,踱步,沙田,內圈,沙田 內圈,,,,,,助手,,快踱一圈,H,內圈 快踱一圈 (助手)
H011,22/12/2023,踱步,沙田,內圈,沙田 內圈,,,,,,助手,,快踱一圈,H,內圈 快踱一圈 (助手)
H011,21/12/2023,快操,沙田,草閘,沙田 草閘,,48.4,48.4,24.8 23.6,,助手,,快操,H,24.8 23.6 (48.4) (助手)
H011,21/12/2023,踱步,沙田,飛機場,沙田 飛機場,,,,,,助手,,踱步,B,飛機場 踱步 (助手)
H011,20/12/2023,游水,沙田,,沙田,,,,,,,,游水,,
H011,20/12/2023,踱步,沙田,內圈,沙田 內圈,,,,,,助手,,快踱一圈,H,內圈 快踱一圈 (助手)
H011,19/12/2023,游水,沙田,,沙田,,,,,,,,游水,,
H011,19/12/2023,踱步,沙田,內圈,沙田 內圈,,,,,,助手,,快踱一圈,H,內圈 快踱一圈 (助手)
H011,18/12/2023,游水,沙田,,沙田,,,,,,,,游水,,
H011,18/12/2023,踱步,沙田,內圈,沙田 內圈,,,,,,助手,,倒快一圈,H,內圈 倒快一圈 (助手)
H011,17/12/2023,游水,沙田,,沙田,,,,,,,,游水,,
H011,17/12/2023,踱步,沙田,內圈,沙田 內圈,,,,,,助手,,快踱一圈,H,內圈 快踱一圈 (助手)
H011,16/12/2023,游水,沙田,,沙田,,,,,,,,游水,,
H011,16/12/2023,踱步,沙田,飛機場,沙田 飛機場,,,,,,助手,,踱步,H,飛機場 踱步 (助手)
H011,15/12/2023,游水,沙田,,沙田,,,,,,,,游水,,
H011,14/12/2023,試閘,沙田,全天候,沙田 全天候,1050M,1.01.01,61.01,16.2 22.1 22.7,時時滿意,田泰安,,第4組,CP,第4組 (田泰安) 1050M 時時滿意 16.2 22.1 22.7 (1.01.01)
H011,14/12/2023,游水,沙田,,沙田,,,,,,,,游水,,
H011,13/12/2023,游水,沙田,,沙田,,,,,,,,游水,,
H011,13/12/2023,踱步,沙田,內圈,沙田 內圈,,,,,,助手,,快踱一圈,H,內圈 快踱一圈 (助手)
H011,12/12/2023,游水,沙田,,沙田,,,,,,,,游水,,
H011,12/12/2023,踱步,沙田,內圈,沙田 內圈,,,,,,助手,,快踱一圈,H,內圈 快踱一圈 (助手)
H011,11/12/2023,游水,沙田,,沙田,,,,,,,,游水,,
H011,11/12/2023,快操,沙田,全天候,沙田 全天候,,57.7,57.7,32.2 25.5,,助手,,快操,H,32.2 25.5 (57.7) (助手)
H011,11/12/2023,踱步,沙田,飛機場,沙田 飛機場,,,,,,助手,,踱步,H,飛機場 踱步 (助手)
H011,10/12/2023,游水,沙田,,沙田,,,,,,,,游水,,
H011,10/12/2023,踱步,沙田,內圈,沙田 內圈,,,,,,助手,,快踱一圈,H,內圈 快踱一圈 (助手)
H011,09/12/2023,游水,沙田,,沙田,,,,,,,,游水,,
H011,09/12/2023,踱步,沙田,內圈,沙田 內圈,,,,,,助手,,快踱一圈,H,內圈 快踱一圈 (助手)
H011,08/12/2023,游水,沙田,,沙田,,,,,,,,游水,,
H011,08/12/2023,快操,沙田,全天候,沙田 全天候,,59.0,59.0,32.1 26.9,,助手,,快操,H,32.1 26.9 (59.0) (助手)
H011,08/12/2023,踱步,沙田,飛機場,沙田 飛機場,,,,,,助手,,踱步,H,飛機場 踱步 (助手)
H011,07/12/2023,游水,沙田,,沙田,,,,,,,,游水,,
H011,07/12/2023,踱步,沙田,內圈,沙田 內圈,,,,,,助手,,倒快一圈,H,內圈 倒快一圈 (助手)
H011,06/12/2023,游水,沙田,,沙田,,,,,,,,游水,,
H011,06/12/2023,踱步,沙田,內圈,沙田 內圈,,,,,,助手,,快踱一圈,H,內圈 快踱一圈 (助手)
H011,05/12/2023,游水,沙田,,沙田,,,,,,,,游水,,
H011,05/12/2023,快操,沙田,全天候,沙田 全天候,,57.9,57.9,31.9 26.0,,助手,,快操,H,31.9 26.0 (57.9) (助手)
H011,05/12/2023,踱步,沙田,飛機場,沙田 飛機場,,,,,,助手,,踱步,H,飛機場 踱步 (助手)
H011,04/12/2023,游水,沙田,,沙田,,,,,,,,游水,,
H011,04/12/2023,踱步,沙田,內圈,沙田 內圈,,,,,,助手,,倒快一圈,H,內圈 倒快一圈 (助手)
H011,03/12/2023,游水,沙田,,沙田,,,,,,,,游水,,
H011,03/12/2023,踱步,沙田,內圈,沙田 內圈,,,,,,助手,,快踱一圈,H,內圈 快踱一圈 (助手)
H011,02/12/2023,游水,沙田,,沙田,,,,,,,,游水,,
H011,02/12/2023,踱步,沙田,內圈,沙田 內圈,,,,,,助手,,快踱一圈,H,內圈 快踱一圈 (助手)
H011,01/12/2023,游水,沙田,,沙田,,,,,,,,游水,,
H011,01/12/2023,踱步,沙田,內圈,沙田 內圈,,,,,,助手,,快踱一圈,H,內圈 快踱一圈 (助手)
H011,30/11/2023,游水,沙田,,沙田,,,,,,,,游水,,
H011,30/11/2023,踱步,沙田,飛機場,沙田 飛機場,,,,,,助手,,踱步,H,飛機場 踱步 (助手)
H011,29/11/2023,游水,沙田,,沙田,,,,,,,,游水,,
H011,26/11/2023,出賽,沙田,全天候,沙田 全天候,1200M,,,,,潘頓,4/12,出賽,CP/TT,1200M (潘頓) (4/12)
H011,26/11/2023,踱步,沙田,內圈,沙田 內圈,,,,,,助手,,快踱一圈,H,內圈 快踱一圈 (助手)
H011,25/11/2023,游水,沙田,,沙田,,,,,,,,游水,,
H011,25/11/2023,踱步,沙田,內圈,沙田 內圈,,,,,,助手,,快踱一圈,H,內圈 快踱一圈 (助手)
H011,24/11/2023,游水,沙田,,沙田,,,,,,,,游水,,
H011,24/11/2023,踱步,沙田,內圈,沙田 內圈,,,,,,助手,,快踱一圈,H,內圈 快踱一圈 (助手)
H011,23/11/2023,游水,沙田,,沙田,,,,,,,,游水,,
H011,23/11/2023,快操,沙田,全天候,沙田 全天候,,56.7,56.7,32.8 23.9,,助手,,快操,H,32.8 23.9 (56.7) (助手)
H011,23/11/2023,踱步,沙田,飛機場,沙田 飛機場,,,,,,助手,,踱步,H,飛機場 踱步 (助手)
H011,22/11/2023,游水,沙田,,沙田,,,,,,,,游水,,
H011,22/11/2023,踱步,沙田,內圈,沙田 內圈,,,,,,助手,,快踱一圈,H,內圈 快踱一圈 (助手)
H011,21/11/2023,游水,沙田,,沙田,,,,,,,,游水,,
H011,21/11/2023,踱步,沙田,內圈,沙田 內圈,,,,,,助手,,快踱一圈,H,內圈 快踱一圈 (助手)
H011,20/11/2023,游水,沙田,,沙田,,,,,,,,游水,,
H011,20/11/2023,快操,沙田,全天候,沙田 全天候,,57.3,57.3,31.0 26.3,,助手,,快操,H,31.0 26.3 (57.3) (助手)
H011,20/11/2023,踱步,沙田,飛機場,沙田 飛機場,,,,,,助手,,踱步,H,飛機場 踱步 (助手)
H011,19/11/2023,游水,沙田,,沙田,,,,,,,,游水,,
H011,19/11/2023,踱步,沙田,內圈,沙田 內圈,,,,,,助手,,快踱一圈,H,內圈 快踱一圈 (助手)
H011,18/11/2023,游水,沙田,,沙田,,,,,,,,游水,,
H011,18/11/2023,踱步,沙田,內圈,沙田 內圈,,,,,,助手,,快踱一圈,H,內圈 快踱一圈 (助手)
H011,17/11/2023,游水,沙田,,沙田,,,,,,,,游水,,
H011,17/11/2023,快操,沙田,全天候,沙田 全天候,,57.3,57.3,32.0 25.3,,助手,,快操,H,32.0 25.3 (57.3) (助手)
H011,17/11/2023,踱步,沙田,飛機場,沙田 飛機場,,,,,,助手,,踱步,H,飛機場 踱步 (助手)
H011,16/11/2023,游水,沙田,,沙田,,,,,,,,游水,,
H011,16/11/2023,踱步,沙田,內圈,沙田 內圈,,,,,,助手,,倒快一圈,H,內圈 倒快一圈 (助手)
H011,15/11/2023,游水,沙田,,沙田,,,,,,,,游水,,
H011,15/11/2023,踱步,沙田,內圈,沙田 內圈,,,,,,助手,,快踱一圈,H,內圈 快踱一圈 (助手)
H011,14/11/2023,游水,沙田,,沙田,,,,,,,,游水,,
H011,14/11/2023,快操,沙田,全天候,沙田 全天候,,57.5,57.5,31.4 26.1,,助手,,快操,H,31.4 26.1 (57.5) (助手)
H011,14/11/2023,踱步,沙田,飛機場,沙田 飛機場,,,,,,助手,,踱步,H,飛機場 踱步 (助手)
H011,13/11/2023,游水,沙田,,沙田,,,,,,,,游水,,
H011,13/11/2023,踱步,沙田,內圈,沙田 內圈,,,,,,助手,,倒快一圈,H,內圈 倒快一圈 (助手)
H011,12/11/2023,游水,沙田,,沙田,,,,,,,,游水,,
H011,12/11/2023,踱步,沙田,內圈,沙田 內圈,,,,,,助手,,快踱一圈,H,內圈 快踱一圈 (助手)
H011,11/11/2023,游水,沙田,,沙田,,,,,,,,游水,,
H011,11/11/2023,快操,沙田,全天候,沙田 全天候,,58.4,58.4,31.1 27.3,,助手,,快操,H,31.1 27.3 (58.4) (助手)
H011,11/11/2023,踱步,沙田,飛機場,沙田 飛機場,,,,,,助手,,踱步,H,飛機場 踱步 (助手)
H011,10/11/2023,游水,沙田,,沙田,,,,,,,,游水,,
H011,10/11/2023,踱步,沙田,內圈,沙田 內圈,,,,,,助手,,快踱一圈,H,內圈 快踱一圈 (助手)
H011,09/11/2023,游水,沙田,,沙田,,,,,,,,游水,,
H011,09/11/2023,踱步,沙田,內圈,沙田 內圈,,,,,,助手,,倒快一圈,H,內圈 倒快一圈 (助手)
H011,08/11/2023,游水,沙田,,沙田,,,,,,,,游水,,
H011,08/11/2023,踱步,沙田,內圈,沙田 內圈,,,,,,助手,,快踱一圈,H,內圈 快踱一圈 (助手)
H011,07/11/2023,游水,沙田,,沙田,,,,,,,,游水,,
H011,07/11/2023,快操,沙田,全天候,沙田 全天候,,59.6,59.6,32.9 26.7,,助手,,快操,H,32.9 26.7 (59.6) (助手)
H011,07/11/2023,踱步,沙田,飛機場,沙田 飛機場,,,,,,助手,,踱步,H,飛機場 踱步 (助手)
H011,06/11/2023,游水,沙田,,沙田,,,,,,,,游水,,
H011,06/11/2023,踱步,沙田,內圈,沙田 內圈,,,,,,助手,,倒快一圈,H,內圈 倒快一圈 (助手)
H011,05/11/2023,游水,沙田,,沙田,,,,,,,,游水,,
H011,05/11/2023,踱步,沙田,內圈,沙田 內圈,,,,,,助手,,快踱一圈,H,內圈 快踱一圈 (助手)
H011,04/11/2023,游水,沙田,,沙田,,,,,,,,游水,,
H011,04/11/2023,踱步,沙田,內圈,沙田 內圈,,,,,,助手,,快踱一圈,H,內圈 快踱一圈 (助手)
H011,03/11/2023,游水,沙田,,沙田,,,,,,,,游水,,
H011,03/11/2023,快操,沙田,全天候,沙田 全天候,,59.6,59.6,32.4 27.2,,助手,,快操,H,32.4 27.2 (59.6) (助手)
H011,03/11/2023,踱步,沙田,飛機場,沙田 飛機場,,,,,,助手,,踱步,H,飛機場 踱步 (助手)
H011,02/11/2023,游水,沙田,,沙田,,,,,,,,游水,,
H011,02/11/2023,踱步,沙田,內圈,沙田 內圈,,,,,,助手,,倒快一圈,H,內圈 倒快一圈 (助手)
H011,01/11/2023,游水,沙田,,沙田,,,,,,,,游水,,
H011,01/11/2023,踱步,沙田,內圈,沙田 內圈,,,,,,助手,,快踱一圈,H,內圈 快踱一圈 (助手)
H011,31/10/2023,游水,沙田,,沙田,,,,,,,,游水,,
H011,31/10/2023,踱步,沙田,內圈,沙田 內圈,,,,,,助手,,快踱一圈,H,內圈 快踱一圈 (助手)
H011,30/10/2023,游水,沙田,,沙田,,,,,,,,游水,,
H011,30/10/2023,踱步,沙田,內圈,沙田 內圈,,,,,,助手,,倒快一圈,H,內圈 倒快一圈 (助手)
H011,29/10/2023,游水,沙田,,沙田,,,,,,,,游水,,
H011,28/10/2023,游水,沙田,,沙田,,,,,,,,游水,,
H011,27/10/2023,游水,沙田,,沙田,,,,,,,,游水,,
H011,25/10/2023,出賽,沙田,全天候,沙田 全天候,1200M,,,,,潘頓,4/12,出賽,CP1/TT,1200M (潘頓) (4/12)
H011,25/10/2023,踱步,沙田,內圈,沙田 內圈,,,,,,助手,,快踱一圈,H,內圈 快踱一圈 (助手)
H011,24/10/2023,游水,沙田,,沙田,,,,,,,,游水,,
H011,24/10/2023,踱步,沙田,內圈,沙田 內圈,,,,,,助手,,快踱一圈,H,內圈 快踱一圈 (助手)
H011,23/10/2023,游水,沙田,,沙田,,,,,,,,游水,,
H011,23/10/2023,踱步,沙田,內圈,沙田 內圈,,,,,,助手,,倒快一圈,H,內圈 倒快一圈 (助手)
H011,22/10/2023,游水,沙田,,沙田,,,,,,,,游水,,
H011,22/10/2023,快操,沙田,全天候,沙田 全天候,,25.3,25.3,25.3,,助手,,快操,H,25.3 (25.3) (助手)
H011,22/10/2023,踱步,沙田,飛機場,沙田 飛機場,,,,,,助手,,踱步,H,飛機場 踱步 (助手)
H011,21/10/2023,游水,沙田,,沙田,,,,,,,,游水,,
H011,21/10/2023,踱步,沙田,內圈,沙田 內圈,,,,,,助手,,快踱一圈,H,內圈 快踱一圈 (助手)
H011,20/10/2023,游水,沙田,,沙田,,,,,,,,游水,,
H011,20/10/2023,踱步,沙田,內圈,沙田 內圈,,,,,,助手,,快踱一圈,H,內圈 快踱一圈 (助手)
H011,19/10/2023,游水,沙田,,沙田,,,,,,,,游水,,
H011,19/10/2023,快操,沙田,全天候,沙田 全天候,,58.7,58.7,30.5 28.2,,助手,,快操,CP,30.5 28.2 (58.7) (助手)
H011,19/10/2023,踱步,沙田,飛機場,沙田 飛機場,,,,,,助手,,踱步,CP,飛機場 踱步 (助手)
H011,18/10/2023,游水,沙田,,沙田,,,,,,,,游水,,
H011,18/10/2023,踱步,沙田,內圈,沙田 內圈,,,,,,助手,,快踱一圈,H,內圈 快踱一圈 (助手)
H011,17/10/2023,游水,沙田,,沙田,,,,,,,,游水,,
H011,17/10/2023,踱步,沙田,內圈,沙田 內圈,,,,,,助手,,快踱一圈,H,內圈 快踱一圈 (助手)
H011,16/10/2023,游水,沙田,,沙田,,,,,,,,游水,,
H011,16/10/2023,踱步,沙田,內圈,沙田 內圈,,,,,,助手,,倒快一圈,H,內圈 倒快一圈 (助手)
H011,15/10/2023,游水,沙田,,沙田,,,,,,,,游水,,
H011,15/10/2023,踱步,沙田,內圈,沙田 內圈,,,,,,助手,,快踱一圈,H,內圈 快踱一圈 (助手)
H011,14/10/2023,游水,沙田,,沙田,,,,,,,,游水,,
H011,14/10/2023,踱步,沙田,內圈,沙田 內圈,,,,,,助手,,快踱一圈,H,內圈 快踱一圈 (助手)
H011,13/10/2023,游水,沙田,,沙田,,,,,,,,游水,,
H011,13/10/2023,踱步,沙田,內圈,沙田 內圈,,,,,,助手,,快踱一圈,H,內圈 快踱一圈 (助手)
H011,12/10/2023,游水,沙田,,沙田,,,,,,,,游水,,
H011,12/10/2023,踱步,沙田,飛機場,沙田 飛機場,,,,,,助手,,踱步,H,飛機場 踱步 (助手)
H011,11/10/2023,游水,沙田,,沙田,,,,,,,,游水,,
H011,10/10/2023,試閘,沙田,全天候,沙田 全天候,1050M,1.01.72,61.72,16.7 22.0 23.0,快錢,潘頓,,第3組,,第3組 (潘頓) 1050M 快錢 16.7 22.0 23.0 (1.01.72)
H011,10/10/2023,游水,沙田,,沙田,,,,,,,,游水,,
H011,08/10/2023,游水,沙田,,沙田,,,,,,,,游水,,
H011,08/10/2023,踱步,沙田,內圈,沙田 內圈,,,,,,助手,,快踱一圈,H,內圈 快踱一圈 (助手)
H011,07/10/2023,游水,沙田,,沙田,,,,,,,,游水,,
H011,07/10/2023,快操,沙田,全天候,沙田 全天候,,58.5,58.5,32.2 26.3,,助手,,快操,H,32.2 26.3 (58.5) (助手)
H011,07/10/2023,踱步,沙田,飛機場,沙田 飛機場,,,,,,助手,,踱步,H,飛機場 踱步 (助手)
H011,06/10/2023,游水,沙田,,沙田,,,,,,,,游水,,
H011,06/10/2023,踱步,沙田,內圈,沙田 內圈,,,,,,助手,,快踱一圈,H,內圈 快踱一圈 (助手)
H011,05/10/2023,游水,沙田,,沙田,,,,,,,,游水,,
H011,05/10/2023,踱步,沙田,內圈,沙田 內圈,,,,,,助手,,倒快一圈,H,內圈 倒快一圈 (助手)
H011,04/10/2023,游水,沙田,,沙田,,,,,,,,游水,,
H011,04/10/2023,踱步,沙田,內圈,沙田 內圈,,,,,,助手,,快踱一圈,H,內圈 快踱一圈 (助手)
H011,03/10/2023,游水,沙田,,沙田,,,,,,,,游水,,
H011,03/10/2023,快操,沙田,全天候,沙田 全天候,,59.9,59.9,32.9 27.0,,助手,,快操,H,32.9 27.0 (59.9) (助手)
H011,03/10/2023,踱步,沙田,飛機場,沙田 飛機場,,,,,,助手,,踱步,H,飛機場 踱步 (助手)
H011,02/10/2023,游水,沙田,,沙田,,,,,,,,游水,,
H011,02/10/2023,踱步,沙田,內圈,沙田 內圈,,,,,,助手,,倒快一圈,H,內圈 倒快一圈 (助手)
H011,01/10/2023,游水,沙田,,沙田,,,,,,,,游水,,
H011,01/10/2023,踱步,沙田,內圈,沙田 內圈,,,,,,助手,,快踱一圈,H,內圈 快踱一圈 (助手)
H011,30/09/2023,游水,沙田,,沙田,,,,,,,,游水,,
H011,30/09/2023,踱步,沙田,內圈,沙田 內圈,,,,,,助手,,快踱一圈,H,內圈 快踱一圈 (助手)
H011,29/09/2023,游水,沙田,,沙田,,,,,,,,游水,,
H011,29/09/2023,快操,沙田,全天候,沙田 全天候,,59.0,59.0,32.3 26.7,,助手,,快操,H,32.3 26.7 (59.0) (助手)
H011,29/09/2023,踱步,沙田,飛機場,沙田 飛機場,,,,,,助手,,踱步,H,飛機場 踱步 (助手)
H011,28/09/2023,游水,沙田,,沙田,,,,,,,,游水,,
H011,28/09/2023,踱步,沙田,內圈,沙田 內圈,,,,,,助手,,倒快一圈,H,內圈 倒快一圈 (助手)
H011,27/09/2023,游水,沙田,,沙田,,,,,,,,游水,,
H011,27/09/2023,踱步,沙田,內圈,沙田 內圈,,,,,,助手,,快踱一圈,H,內圈 快踱一圈 (助手)
H011,26/09/2023,游水,沙田,,沙田,,,,,,,,游水,,
H011,26/09/2023,踱步,沙田,內圈,沙田 內圈,,,,,,助手,,快踱一圈,H,內圈 快踱一圈 (助手)
H011,25/09/2023,游水,沙田,,沙田,,,,,,,,游水,,
H011,25/09/2023,快操,沙田,全天候,沙田 全天候,,58.3,58.3,31.4 26.9,,助手,,快操,H,31.4 26.9 (58.3) (助手)
H011,25/09/2023,踱步,沙田,飛機場,沙田 飛機場,,,,,,助手,,踱步,H,飛機場 踱步 (助手)
H011,24/09/2023,游水,沙田,,沙田,,,,,,,,游水,,
H011,24/09/2023,踱步,沙田,內圈,沙田 內圈,,,,,,助手,,快踱一圈,H,內圈 快踱一圈 (助手)
H011,23/09/2023,游水,沙田,,沙田,,,,,,,,游水,,
H011,23/09/2023,踱步,沙田,內圈,沙田 內圈,,,,,,助手,,快踱一圈,H,內圈 快踱一圈 (助手)
H011,22/09/2023,游水,沙田,,沙田,,,,,,,,游水,,
H011,22/09/2023,踱步,沙田,內圈,沙田 內圈,,,,,,助手,,快踱一圈,H,內圈 快踱一圈 (助手)
H011,21/09/2023,游水,沙田,,沙田,,,,,,,,游水,,
H011,21/09/2023,踱步,沙田,飛機場,沙田 飛機場,,,,,,助手,,踱步,H,飛機場 踱步 (助手)
H011,20/09/2023,游水,沙田,,沙田,,,,,,,,游水,,
H011,19/09/2023,游水,沙田,,沙田,,,,,,,,游水,,
H011,18/09/2023,游水,沙田,,沙田,,,,,,,,游水,,
H011,17/09/2023,出賽,沙田,全天候,沙田 全天候,1200M,,,,,梁家俊,5/12,出賽,TT,1200M (梁家俊) (5/12)
H011,17/09/2023,踱步,沙田,內圈,沙田 內圈,,,,,,助手,,快踱一圈,H,內圈 快踱一圈 (助手)
H011,16/09/2023,游水,沙田,,沙田,,,,,,,,游水,,
H011,16/09/2023,踱步,沙田,內圈,沙田 內圈,,,,,,助手,,快踱一圈,H,內圈 快踱一圈 (助手)
H011,15/09/2023,游水,沙田,,沙田,,,,,,,,游水,,
H011,15/09/2023,踱步,沙田,內圈,沙田 內圈,,,,,,助手,,快踱一圈,H,內圈 快踱一圈 (助手)
H011,14/09/2023,游水,沙田,,沙田,,,,,,,,游水,,
H011,14/09/2023,快操,沙田,全天候,沙田 全天候,,58.5,58.5,32.5 26.0,,助手,,快操,,32.5 26.0 (58.5) (助手)
H011,14/09/2023,踱步,沙田,飛機場,沙田 飛機場,,,,,,助手,,踱步,H,飛機場 踱步 (助手)
H011,13/09/2023,游水,沙田,,沙田,,,,,,,,游水,,
H011,13/09/2023,踱步,沙田,內圈,沙田 內圈,,,,,,助手,,快踱一圈,H,內圈 快踱一圈 (助手)
H011,12/09/2023,游水,沙田,,沙田,,,,,,,,游水,,
H011,12/09/2023,踱步,沙田,內圈,沙田 內圈,,,,,,助手,,快踱一圈,H,內圈 快踱一圈 (助手)
H011,11/09/2023,游水,沙田,,沙田,,,,,,,,游水,,
H011,11/09/2023,快操,沙田,全天候,沙田 全天候,,56.6,56.6,30.8 25.8,,助手,,快操,H,30.8 25.8 (56.6) (助手)
H011,11/09/2023,踱步,沙田,飛機場,沙田 飛機場,,,,,,助手,,踱步,H,飛機場 踱步 (助手)
H011,10/09/2023,游水,沙田,,沙田,,,,,,,,游水,,
H011,10/09/2023,踱步,沙田,內圈,沙田 內圈,,,,,,助手,,快踱一圈,H,內圈 快踱一圈 (助手)
H011,09/09/2023,游水,沙田,,沙田,,,,,,,,游水,,
H011,09/09/2023,踱步,沙田,內圈,沙田 內圈,,,,,,助手,,快踱一圈,H,內圈 快踱一圈 (助手)
H011,07/09/2023,游水,沙田,,沙田,,,,,,,,游水,,
H011,07/09/2023,踱步,沙田,飛機場,沙田 飛機場,,,,,,助手,,踱步,H,飛機場 踱步 (助手)
H011,06/09/2023,游水,沙田,,沙田,,,,,,,,游水,,
H011,05/09/2023,試閘,沙田,全天候,沙田 全天候,1050M,1.01.52,61.52,16.3 22.3 22.9,紅運大師,梁家俊,,第8組,,第8組 (梁家俊) 1050M 紅運大師 16.3 22.3 22.9 (1.01.52)
H011,05/09/2023,游水,沙田,,沙田,,,,,,,,游水,,
H011,04/09/2023,游水,沙田,,沙田,,,,,,,,游水,,
H011,04/09/2023,踱步,沙田,內圈,沙田 內圈,,,,,,助手,,倒快一圈,H,內圈 倒快一圈 (助手)
H011,03/09/2023,游水,沙田,,沙田,,,,,,,,游水,,
H011,03/09/2023,踱步,沙田,內圈,沙田 內圈,,,,,,助手,,快踱一圈,H,內圈 快踱一圈 (助手)
H011,31/08/2023,游水,沙田,,沙田,,,,,,,,游水,,
H011,31/08/2023,踱步,沙田,內圈,沙田 內圈,,,,,,助手,,倒快一圈,H,內圈 倒快一圈 (助手)
H011,30/08/2023,游水,沙田,,沙田,,,,,,,,游水,,
H011,30/08/2023,踱步,沙田,內圈,沙田 內圈,,,,,,助手,,快踱一圈,H,內圈 快踱一圈 (助手)
H011,29/08/2023,游水,沙田,,沙田,,,,,,,,游水,,
H011,29/08/2023,踱步,沙田,內圈,沙田 內圈,,,,,,助手,,快踱一圈,H,內圈 快踱一圈 (助手)
H011,28/08/2023,游水,沙田,,沙田,,,,,,,,游水,,
H011,28/08/2023,快操,沙田,全天候,沙田 全天候,,59.9,59.9,32.8 27.1,,助手,,快操,H,32.8 27.1 (59.9) (助手)
H011,28/08/2023,踱步,沙田,飛機場,沙田 飛機場,,,,,,助手,,踱步,H,飛機場 踱步 (助手)
H011,27/08/2023,游水,沙田,,沙田,,,,,,,,游水,,
H011,27/08/2023,踱步,沙田,內圈,沙田 內圈,,,,,,助手,,快踱一圈,H,內圈 快踱一圈 (助手)
H011,26/08/2023,游水,沙田,,沙田,,,,,,,,游水,,
H011,26/08/2023,踱步,沙田,內圈,沙田 內圈,,,,,,助手,,快踱一圈,H,內圈 快踱一圈 (助手)
H011,25/08/2023,游水,沙田,,沙田,,,,,,,,游水,,
H011,25/08/2023,踱步,沙田,內圈,沙田 內圈,,,,,,助手,,快踱一圈,H,內圈 快踱一圈 (助手)
H011,24/08/2023,游水,沙田,,沙田,,,,,,,,游水,,
H011,24/08/2023,快操,沙田,全天候,沙田 全天候,,1.00.7,60.7,32.0 28.7,,助手,,快操,H,32.0 28.7 (1.00.7) (助手)
H011,24/08/2023,踱步,沙田,飛機場,沙田 飛機場,,,,,,助手,,踱步,H,飛機場 踱步 (助手)
H011,23/08/2023,游水,沙田,,沙田,,,,,,,,游水,,
H011,23/08/2023,踱步,沙田,內圈,沙田 內圈,,,,,,助手,,快踱一圈,H,內圈 快踱一圈 (助手)
H011,22/08/2023,游水,沙田,,沙田,,,,,,,,游水,,
H011,22/08/2023,踱步,沙田,內圈,沙田 內圈,,,,,,助手,,快踱一圈,H,內圈 快踱一圈 (助手)
H011,21/08/2023,游水,沙田,,沙田,,,,,,,,游水,,
H011,21/08/2023,踱步,沙田,內圈,沙田 內圈,,,,,,助手,,倒快一圈,H,內圈 倒快一圈 (助手)
H011,20/08/2023,游水,沙田,,沙田,,,,,,,,游水,,
H011,20/08/2023,快操,沙田,全天候,沙田 全天候,,59.0,59.0,32.2 26.8,,助手,,快操,H,32.2 26.8 (59.0) (助手)
H011,20/08/2023,踱步,沙田,飛機場,沙田 飛機場,,,,,,助手,,踱步,H,飛機場 踱步 (助手)
H011,19/08/2023,游水,沙田,,沙田,,,,,,,,游水,,
H011,19/08/2023,踱步,沙田,內圈,沙田 內圈,,,,,,助手,,快踱一圈,H,內圈 快踱一圈 (助手)
H011,18/08/2023,游水,沙田,,沙田,,,,,,,,游水,,
H011,18/08/2023,踱步,沙田,內圈,沙田 內圈,,,,,,助手,,快踱一圈,H,內圈 快踱一圈 (助手)
H011,17/08/2023,游水,沙田,,沙田,,,,,,,,游水,,
H011,17/08/2023,踱步,沙田,內圈,沙田 內圈,,,,,,助手,,倒快一圈,H,內圈 倒快一圈 (助手)
H011,16/08/2023,游水,沙田,,沙田,,,,,,,,游水,,
H011,16/08/2023,快操,沙田,全天候,沙田 全天候,,1.00.2,60.2,33.3 26.9,,助手,,快操,H,33.3 26.9 (1.00.2) (助手)
H011,16/08/2023,踱步,沙田,飛機場,沙田 飛機場,,,,,,助手,,踱步,H,飛機場 踱步 (助手)
H011,15/08/2023,游水,沙田,,沙田,,,,,,,,游水,,
H011,15/08/2023,踱步,沙田,內圈,沙田 內圈,,,,,,助手,,快踱一圈,H,內圈 快踱一圈 (助手)
H011,14/08/2023,游水,沙田,,沙田,,,,,,,,游水,,
H011,14/08/2023,踱步,沙田,內圈,沙田 內圈,,,,,,助手,,倒快一圈,H,內圈 倒快一圈 (助手)
H011,13/08/2023,游水,沙田,,沙田,,,,,,,,游水,,
H011,13/08/2023,踱步,沙田,內圈,沙田 內圈,,,,,,助手,,快踱一圈,H,內圈 快踱一圈 (助手)
H011,12/08/2023,游水,沙田,,沙田,,,,,,,,游水,,
H011,12/08/2023,快操,沙田,全天候,沙田 全天候,,30.2,30.2,30.2,,助手,,快操,H,30.2 (30.2) (助手)
H011,12/08/2023,踱步,沙田,飛機場,沙田 飛機場,,,,,,助手,,踱步,H,飛機場 踱步 (助手)
H011,11/08/2023,游水,沙田,,沙田,,,,,,,,游水,,
H011,11/08/2023,踱步,沙田,內圈,沙田 內圈,,,,,,助手,,快踱一圈,H,內圈 快踱一圈 (助手)
H011,10/08/2023,游水,沙田,,沙田,,,,,,,,游水,,
H011,10/08/2023,踱步,沙田,內圈,沙田 內圈,,,,,,助手,,快踱一圈,H,內圈 快踱一圈 (助手)
H011,09/08/2023,游水,沙田,,沙田,,,,,,,,游水,,
H011,09/08/2023,踱步,沙田,內圈,沙田 內圈,,,,,,助手,,快踱一圈,H,內圈 快踱一圈 (助手)
H011,08/08/2023,游水,沙田,,沙田,,,,,,,,游水,,
H011,08/08/2023,踱步,沙田,內圈,沙田 內圈,,,,,,助手,,快踱一圈,H,內圈 快踱一圈 (助手)
H011,07/08/2023,游水,沙田,,沙田,,,,,,,,游水,,
H011,07/08/2023,快操,沙田,全天候,沙田 全天候,,28.4,28.4,28.4,,助手,,快操,H,28.4 (28.4) (助手)
H011,07/08/2023,踱步,沙田,飛機場,沙田 飛機場,,,,,,助手,,踱步,H,飛機場 踱步 (助手)
H011,06/08/2023,游水,沙田,,沙田,,,,,,,,游水,,
H011,06/08/2023,踱步,沙田,外圈,沙田 外圈,,,,,,助手,,快踱一圈,H,外圈 快踱一圈 (助手)
H011,05/08/2023,游水,沙田,,沙田,,,,,,,,游水,,
H011,05/08/2023,踱步,沙田,外圈,沙田 外圈,,,,,,助手,,快踱一圈,H,外圈 快踱一圈 (助手)
H011,04/08/2023,游水,沙田,,沙田,,,,,,,,游水,,
H011,04/08/2023,踱步,沙田,外圈,沙田 外圈,,,,,,助手,,快踱一圈,H,外圈 快踱一圈 (助手)
H011,03/08/2023,游水,沙田,,沙田,,,,,,,,游水,,
H011,03/08/2023,踱步,沙田,外圈,沙田 外圈,,,,,,助手,,快踱一圈,H,外圈 快踱一圈 (助手)
H011,02/08/2023,游水,沙田,,沙田,,,,,,,,游水,,
H011,02/08/2023,踱步,沙田,外圈,沙田 外圈,,,,,,助手,,快踱一圈,H,外圈 快踱一圈 (助手)
H011,01/08/2023,游水,沙田,,沙田,,,,,,,,游水,,
H011,01/08/2023,踱步,沙田,外圈,沙田 外圈,,,,,,助手,,快踱一圈,H,外圈 快踱一圈 (助手)
H011,31/07/2023,游水,沙田,,沙田,,,,,,,,游水,,
H011,31/07/2023,踱步,沙田,外圈,沙田 外圈,,,,,,助手,,快踱一圈,H,外圈 快踱一圈 (助手)
H011,30/07/2023,踱步,沙田,飛機場,沙田 飛機場,,,,,,助手,,踱步,H,飛機場 踱步 (助手)
H011,29/07/2023,踱步,沙田,飛機場,沙田 飛機場,,,,,,助手,,踱步,H,飛機場 踱步 (助手)
H011,28/07/2023,踱步,沙田,飛機場,沙田 飛機場,,,,,,助手,,踱步,H,飛機場 踱步 (助手)
H011,27/07/2023,踱步,沙田,飛機場,沙田 飛機場,,,,,,助手,,踱步,H,飛機場 踱步 (助手)
H011,16/07/2023,游水,沙田,,沙田,,,,,,,,游水,,
H011,15/07/2023,游水,沙田,,沙田,,,,,,,,游水,,
H011,14/07/2023,游水,沙田,,沙田,,,,,,,,游水,,
H011,13/07/2023,游水,沙田,,沙田,,,,,,,,游水,,
H011,12/07/2023,游水,沙田,,沙田,,,,,,,,游水,,
H011,11/07/2023,游水,沙田,,沙田,,,,,,,,游水,,
H011,10/07/2023,游水,沙田,,沙田,,,,,,,,游水,,
H011,09/07/2023,游水,沙田,,沙田,,,,,,,,游水,,
H011,08/07/2023,游水,沙田,,沙田,,,,,,,,游水,,
H011,07/07/2023,游水,沙田,,沙田,,,,,,,,游水,,
H011,06/07/2023,游水,沙田,,沙田,,,,,,,,游水,,
H011,05/07/2023,游水,沙田,,沙田,,,,,,,,游水,,
H011,04/07/2023,游水,沙田,,沙田,,,,,,,,游水,,
H011,03/07/2023,游水,沙田,,沙田,,,,,,,,游水,,
H011,01/07/2023,踱步,沙田,外圈,沙田 外圈,,,,,,副練馬師,,快踱一圈,H,外圈 快踱一圈 (副練馬師)
H011,30/06/2023,游水,沙田,,沙田,,,,,,,,游水,,
H011,30/06/2023,踱步,沙田,外圈,沙田 外圈,,,,,,副練馬師,,快踱一圈,H,外圈 快踱一圈 (副練馬師)
H011,29/06/2023,游水,沙田,,沙田,,,,,,,,游水,,
H011,29/06/2023,踱步,沙田,外圈,沙田 外圈,,,,,,副練馬師,,快踱一圈,H,外圈 快踱一圈 (副練馬師)
H011,28/06/2023,游水,沙田,,沙田,,,,,,,,游水,,
H011,28/06/2023,快操,沙田,全天候,沙田 全天候,,59.5,59.5,31.4 28.1,,副練馬師,,快操,H,31.4 28.1 (59.5) (副練馬師)
H011,28/06/2023,踱步,沙田,飛機場,沙田 飛機場,,,,,,副練馬師,,踱步,H,飛機場 踱步 (副練馬師)
H011,27/06/2023,游水,沙田,,沙田,,,,,,,,游水,,
H011,27/06/2023,踱步,沙田,外圈,沙田 外圈,,,,,,副練馬師,,快踱一圈,H,外圈 快踱一圈 (副練馬師)
H011,26/06/2023,游水,沙田,,沙田,,,,,,,,游水,,
H011,26/06/2023,踱步,沙田,內圈,沙田 內圈,,,,,,副練馬師,,倒快一圈,H,內圈 倒快一圈 (副練馬師)
H011,25/06/2023,游水,沙田,,沙田,,,,,,,,游水,,
H011,25/06/2023,快操,沙田,全天候,沙田 全天候,,57.4,57.4,31.5 25.9,,助手,,快操,H,31.5 25.9 (57.4) (助手)
H011,25/06/2023,踱步,沙田,飛機場,沙田 飛機場,,,,,,助手,,踱步,H,飛機場 踱步 (助手)
H011,24/06/2023,游水,沙田,,沙田,,,,,,,,游水,,
H011,24/06/2023,踱步,沙田,內圈,沙田 內圈,,,,,,助手,,快踱一圈,H,內圈 快踱一圈 (助手)
H011,23/06/2023,游水,沙田,,沙田,,,,,,,,游水,,
H011,23/06/2023,踱步,沙田,內圈,沙田 內圈,,,,,,副練馬師,,快踱一圈,H,內圈 快踱一圈 (副練馬師)
H011,22/06/2023,游水,沙田,,沙田,,,,,,,,游水,,
H011,22/06/2023,踱步,沙田,內圈,沙田 內圈,,,,,,副練馬師,,倒快一圈,H,內圈 倒快一圈 (副練馬師)
H011,21/06/2023,游水,沙田,,沙田,,,,,,,,游水,,
H011,21/06/2023,快操,沙田,全天候,沙田 全天候,,55.6,55.6,29.1 26.5,,副練馬師,,快操,H,29.1 26.5 (55.6) (副練馬師)
H011,21/06/2023,踱步,沙田,飛機場,沙田 飛機場,,,,,,副練馬師,,踱步,H,飛機場 踱步 (副練馬師)
H011,20/06/2023,游水,沙田,,沙田,,,,,,,,游水,,
H011,20/06/2023,踱步,沙田,內圈,沙田 內圈,,,,,,助手,,快踱一圈,H,內圈 快踱一圈 (助手)
H011,19/06/2023,游水,沙田,,沙田,,,,,,,,游水,,
H011,19/06/2023,踱步,沙田,內圈,沙田 內圈,,,,,,助手,,倒快一圈,H,內圈 倒快一圈 (助手)
H011,18/06/2023,游水,沙田,,沙田,,,,,,,,游水,,
H011,18/06/2023,踱步,沙田,內圈,沙田 內圈,,,,,,助手,,快踱一圈,H,內圈 快踱一圈 (助手)
H011,17/06/2023,游水,沙田,,沙田,,,,,,,,游水,,
H011,17/06/2023,快操,沙田,全天候,沙田 全天候,,58.0,58.0,32.5 25.5,,助手,,快操,H,32.5 25.5 (58.0) (助手)
H011,17/06/2023,踱步,沙田,飛機場,沙田 飛機場,,,,,,助手,,踱步,H,飛機場 踱步 (助手)
H011,16/06/2023,游水,沙田,,沙田,,,,,,,,游水,,
H011,16/06/2023,踱步,沙田,內圈,沙田 內圈,,,,,,助手,,快踱一圈,H,內圈 快踱一圈 (助手)
H011,15/06/2023,游水,沙田,,沙田,,,,,,,,游水,,
H011,15/06/2023,踱步,沙田,內圈,沙田 內圈,,,,,,助手,,倒快一圈,H,內圈 倒快一圈 (助手)
H011,14/06/2023,游水,沙田,,沙田,,,,,,,,游水,,
H011,14/06/2023,踱步,沙田,內圈,沙田 內圈,,,,,,副練馬師,,快踱一圈,H,內圈 快踱一圈 (副練馬師)
H011,13/06/2023,游水,沙田,,沙田,,,,,,,,游水,,
H011,13/06/2023,快操,沙田,全天候,沙田 全天候,,58.8,58.8,31.7 27.1,,副練馬師,,快操,H,31.7 27.1 (58.8) (副練馬師)
H011,13/06/2023,踱步,沙田,飛機場,沙田 飛機場,,,,,,副練馬師,,踱步,H,飛機場 踱步 (副練馬師)
H011,12/06/2023,游水,沙田,,沙田,,,,,,,,游水,,
H011,12/06/2023,踱步,沙田,內圈,沙田 內圈,,,,,,副練馬師,,倒快一圈,H,內圈 倒快一圈 (副練馬師)
H011,11/06/2023,游水,沙田,,沙田,,,,,,,,游水,,
H011,11/06/2023,踱步,沙田,內圈,沙田 內圈,,,,,,助手,,快踱一圈,H,內圈 快踱一圈 (助手)
H011,10/06/2023,游水,沙田,,沙田,,,,,,,,游水,,
H011,10/06/2023,踱步,沙田,內圈,沙田 內圈,,,,,,助手,,快踱一圈,H,內圈 快踱一圈 (助手)
H011,09/06/2023,游水,沙田,,沙田,,,,,,,,游水,,
H011,09/06/2023,踱步,沙田,內圈,沙田 內圈,,,,,,副練馬師,,快踱一圈,H,內圈 快踱一圈 (副練馬師)
H011,08/06/2023,游水,沙田,,沙田,,,,,,,,游水,,
H011,07/06/2023,游水,沙田,,沙田,,,,,,,,游水,,
H011,06/06/2023,游水,沙田,,沙田,,,,,,,,游水,,
H011,05/06/2023,游水,沙田,,沙田,,,,,,,,游水,,
H011,04/06/2023,游水,沙田,,沙田,,,,,,,,游水,,
H011,04/06/2023,踱步,沙田,內圈,沙田 內圈,,,,,,助手,,快踱一圈,H,內圈 快踱一圈 (助手)
H011,03/06/2023,游水,沙田,,沙田,,,,,,,,游水,,
H011,03/06/2023,踱步,沙田,內圈,沙田 內圈,,,,,,助手,,快踱一圈,H,內圈 快踱一圈 (助手)
H011,02/06/2023,游水,沙田,,沙田,,,,,,,,游水,,
H011,02/06/2023,踱步,沙田,內圈,沙田 內圈,,,,,,副練馬師,,快踱一圈,H,內圈 快踱一圈 (副練馬師)
H011,01/06/2023,游水,沙田,,沙田,,,,,,,,游水,,
H011,01/06/2023,快操,沙田,全天候,沙田 全天候,,56.3,56.3,30.1 26.2,,副練馬師,,快操,H,30.1 26.2 (56.3) (副練馬師)
H011,01/06/2023,踱步,沙田,飛機場,沙田 飛機場,,,,,,副練馬師,,踱步,H,飛機場 踱步 (副練馬師)
H011,31/05/2023,游水,沙田,,沙田,,,,,,,,游水,,
H011,31/05/2023,踱步,沙田,內圈,沙田 內圈,,,,,,助手,,快踱一圈,H,內圈 快踱一圈 (助手)
H011,30/05/2023,游水,沙田,,沙田,,,,,,,,游水,,
H011,30/05/2023,踱步,沙田,內圈,沙田 內圈,,,,,,助手,,快踱一圈,H,內圈 快踱一圈 (助手)
H011,29/05/2023,游水,沙田,,沙田,,,,,,,,游水,,
H011,29/05/2023,快操,沙田,全天候,沙田 全天候,,57.7,57.7,31.8 25.9,,助手,,快操,H,31.8 25.9 (57.7) (助手)
H011,29/05/2023,踱步,沙田,飛機場,沙田 飛機場,,,,,,助手,,踱步,H,飛機場 踱步 (助手)
H011,28/05/2023,游水,沙田,,沙田,,,,,,,,游水,,
H011,28/05/2023,踱步,沙田,內圈,沙田 內圈,,,,,,助手,,快踱一圈,H,內圈 快踱一圈 (助手)
H011,27/05/2023,游水,沙田,,沙田,,,,,,,,游水,,
H011,27/05/2023,踱步,沙田,內圈,沙田 內圈,,,,,,助手,,快踱一圈,H,內圈 快踱一圈 (助手)
H011,26/05/2023,游水,沙田,,沙田,,,,,,,,游水,,
H011,26/05/2023,踱步,沙田,內圈,沙田 內圈,,,,,,助手,,快踱一圈,H,內圈 快踱一圈 (助手)
H011,25/05/2023,游水,沙田,,沙田,,,,,,,,游水,,
H011,25/05/2023,快操,沙田,全天候,沙田 全天候,,56.2,56.2,30.9 25.3,,助手,,快操,H,30.9 25.3 (56.2) (助手)
H011,24/05/2023,游水,沙田,,沙田,,,,,,,,游水,,
H011,24/05/2023,踱步,沙田,內圈,沙田 內圈,,,,,,助手,,快踱一圈,H,內圈 快踱一圈 (助手)
H011,23/05/2023,游水,沙田,,沙田,,,,,,,,游水,,
H011,23/05/2023,踱步,沙田,內圈,沙田 內圈,,,,,,副練馬師,,快踱一圈,H,內圈 快踱一圈 (副練馬師)
H011,22/05/2023,游水,沙田,,沙田,,,,,,,,游水,,
H011,22/05/2023,踱步,沙田,內圈,沙田 內圈,,,,,,副練馬師,,倒快一圈,H,內圈 倒快一圈 (副練馬師)
H011,21/05/2023,游水,沙田,,沙田,,,,,,,,游水,,
H011,21/05/2023,踱步,沙田,內圈,沙田 內圈,,,,,,助手,,快踱一圈,H,內圈 快踱一圈 (助手)
H011,20/05/2023,游水,沙田,,沙田,,,,,,,,游水,,
H011,20/05/2023,快操,沙田,全天候,沙田 全天候,,57.5,57.5,31.4 26.1,,助手,,快操,H,31.4 26.1 (57.5) (助手)
H011,19/05/2023,游水,沙田,,沙田,,,,,,,,游水,,
H011,19/05/2023,踱步,沙田,內圈,沙田 內圈,,,,,,副練馬師,,快踱一圈,H,內圈 快踱一圈 (副練馬師)
H011,18/05/2023,游水,沙田,,沙田,,,,,,,,游水,,
H011,18/05/2023,踱步,沙田,內圈,沙田 內圈,,,,,,副練馬師,,倒快一圈,H,內圈 倒快一圈 (副練馬師)
H011,17/05/2023,游水,沙田,,沙田,,,,,,,,游水,,
H011,17/05/2023,踱步,沙田,內圈,沙田 內圈,,,,,,助手,,快踱一圈,H,內圈 快踱一圈 (助手)
H011,16/05/2023,游水,沙田,,沙田,,,,,,,,游水,,
H011,16/05/2023,踱步,沙田,內圈,沙田 內圈,,,,,,助手,,快踱一圈,H,內圈 快踱一圈 (助手)
H011,15/05/2023,游水,沙田,,沙田,,,,,,,,游水,,
H011,15/05/2023,踱步,沙田,內圈,沙田 內圈,,,,,,助手,,倒快一圈,H,內圈 倒快一圈 (助手)
H011,14/05/2023,游水,沙田,,沙田,,,,,,,,游水,,
H011,14/05/2023,踱步,沙田,飛機場,沙田 飛機場,,,,,,助手,,踱步,H,飛機場 踱步 (助手)
H011,13/05/2023,游水,沙田,,沙田,,,,,,,,游水,,
H011,12/05/2023,游水,沙田,,沙田,,,,,,,,游水,,
H011,10/05/2023,踱步,沙田,內圈,沙田 內圈,,,,,,助手,,快踱一圈,H,內圈 快踱一圈 (助手)
H011,09/05/2023,游水,沙田,,沙田,,,,,,,,游水,,
H011,09/05/2023,踱步,沙田,內圈,沙田 內圈,,,,,,副練馬師,,快踱一圈,H,內圈 快踱一圈 (副練馬師)
H011,08/05/2023,游水,沙田,,沙田,,,,,,,,游水,,
H011,08/05/2023,踱步,沙田,內圈,沙田 內圈,,,,,,副練馬師,,倒快一圈,H,內圈 倒快一圈 (副練馬師)
H011,07/05/2023,游水,沙田,,沙田,,,,,,,,游水,,
H011,06/05/2023,游水,沙田,,沙田,,,,,,,,游水,,
H011,06/05/2023,快操,沙田,全天候,沙田 全天候,,57.6,57.6,31.7 25.9,,助手,,快操,H,31.7 25.9 (57.6) (助手)
H011,05/05/2023,游水,沙田,,沙田,,,,,,,,游水,,
H011,05/05/2023,踱步,沙田,內圈,沙田 內圈,,,,,,副練馬師,,快踱一圈,H,內圈 快踱一圈 (副練馬師)
H011,04/05/2023,游水,沙田,,沙田,,,,,,,,游水,,
H011,04/05/2023,踱步,沙田,內圈,沙田 內圈,,,,,,助手,,倒快一圈,H,內圈 倒快一圈 (助手)
H011,03/05/2023,游水,沙田,,沙田,,,,,,,,游水,,
H011,03/05/2023,踱步,沙田,內圈,沙田 內圈,,,,,,助手,,快踱一圈,H,內圈 快踱一圈 (助手)
H011,02/05/2023,游水,沙田,,沙田,,,,,,,,游水,,
H011,01/05/2023,游水,沙田,,沙田,,,,,,,,游水,,
H011,01/05/2023,踱步,沙田,內圈,沙田 內圈,,,,,,副練馬師,,倒快一圈,H,內圈 倒快一圈 (副練馬師)
H011,28/04/2023,試閘,沙田,全天候,沙田 全天候,1200M,1.09.21,69.21,23.7 21.8 23.7,勇戰神駒,梁家俊,,第2組,,第2組 (梁家俊) 1200M 勇戰神駒 23.7 21.8 23.7 (1.09.21)
H011,27/04/2023,游水,沙田,,沙田,,,,,,,,游水,,
H011,27/04/2023,踱步,沙田,內圈,沙田 內圈,,,,,,助手,,倒快一圈,H,內圈 倒快一圈 (助手)
H011,26/04/2023,踱步,沙田,內圈,沙田 內圈,,,,,,助手,,快踱一圈,H,內圈 快踱一圈 (助手)
H011,25/04/2023,游水,沙田,,沙田,,,,,,,,游水,,
H011,25/04/2023,快操,沙田,全天候,沙田 全天候,,57.5,57.5,31.3 26.2,,助手,,快操,H,31.3 26.2 (57.5) (助手)
H011,25/04/2023,踱步,沙田,飛機場,沙田 飛機場,,,,,,助手,,踱步,H,飛機場 踱步 (助手)
H011,24/04/2023,游水,沙田,,沙田,,,,,,,,游水,,
H011,24/04/2023,踱步,沙田,內圈,沙田 內圈,,,,,,副練馬師,,倒快一圈,H,內圈 倒快一圈 (副練馬師)
H011,23/04/2023,游水,沙田,,沙田,,,,,,,,游水,,
H011,23/04/2023,踱步,沙田,內圈,沙田 內圈,,,,,,助手,,快踱一圈,H,內圈 快踱一圈 (助手)
H011,22/04/2023,游水,沙田,,沙田,,,,,,,,游水,,
H011,22/04/2023,快操,沙田,全天候,沙田 全天候,,58.6,58.6,32.8 25.8,,助手,,快操,H,32.8 25.8 (58.6) (助手)
H011,22/04/2023,踱步,沙田,飛機場,沙田 飛機場,,,,,,助手,,踱步,H,飛機場 踱步 (助手)
H011,21/04/2023,游水,沙田,,沙田,,,,,,,,游水,,
H011,21/04/2023,踱步,沙田,內圈,沙田 內圈,,,,,,助手,,快踱一圈,H,內圈 快踱一圈 (助手)
H011,20/04/2023,游水,沙田,,沙田,,,,,,,,游水,,
H011,20/04/2023,踱步,沙田,內圈,沙田 內圈,,,,,,助手,,倒快一圈,H,內圈 倒快一圈 (助手)
H011,19/04/2023,游水,沙田,,沙田,,,,,,,,游水,,
H011,19/04/2023,踱步,沙田,內圈,沙田 內圈,,,,,,助手,,快踱一圈,H,內圈 快踱一圈 (助手)
H011,18/04/2023,游水,沙田,,沙田,,,,,,,,游水,,
H011,18/04/2023,快操,沙田,全天候,沙田 全天候,,58.4,58.4,32.4 26.0,,助手,,快操,H,32.4 26.0 (58.4) (助手)
H011,18/04/2023,踱步,沙田,飛機場,沙田 飛機場,,,,,,助手,,踱步,H,飛機場 踱步 (助手)
H011,17/04/2023,游水,沙田,,沙田,,,,,,,,游水,,
H011,17/04/2023,踱步,沙田,內圈,沙田 內圈,,,,,,副練馬師,,倒快一圈,H,內圈 倒快一圈 (副練馬師)
H011,16/04/2023,游水,沙田,,沙田,,,,,,,,游水,,
H011,16/04/2023,踱步,沙田,內圈,沙田 內圈,,,,,,助手,,快踱一圈,H,內圈 快踱一圈 (助手)
H011,15/04/2023,游水,沙田,,沙田,,,,,,,,游水,,
H011,15/04/2023,踱步,沙田,內圈,沙田 內圈,,,,,,助手,,快踱一圈,H,內圈 快踱一圈 (助手)
H011,14/04/2023,游水,沙田,,沙田,,,,,,,,游水,,
H011,14/04/2023,踱步,沙田,內圈,沙田 內圈,,,,,,助手,,快踱一圈,H,內圈 快踱一圈 (助手)
H011,13/04/2023,游水,沙田,,沙田,,,,,,,,游水,,
H011,13/04/2023,踱步,沙田,內圈,沙田 內圈,,,,,,助手,,倒快一圈,H,內圈 倒快一圈 (助手)
H011,12/04/2023,游水,沙田,,沙田,,,,,,,,游水,,
H011,12/04/2023,快操,沙田,全天候,沙田 全天候,,56.7,56.7,31.8 24.9,,助手,,快操,H,31.8 24.9 (56.7) (助手)
H011,12/04/2023,踱步,沙田,飛機場,沙田 飛機場,,,,,,助手,,踱步,H,飛機場 踱步 (助手)
H011,11/04/2023,游水,沙田,,沙田,,,,,,,,游水,,
H011,11/04/2023,踱步,沙田,內圈,沙田 內圈,,,,,,助手,,快踱一圈,H,內圈 快踱一圈 (助手)
H011,10/04/2023,游水,沙田,,沙田,,,,,,,,游水,,
H011,10/04/2023,踱步,沙田,內圈,沙田 內圈,,,,,,副練馬師,,倒快一圈,H,內圈 倒快一圈 (副練馬師)
H011,09/04/2023,游水,沙田,,沙田,,,,,,,,游水,,
H011,09/04/2023,踱步,沙田,內圈,沙田 內圈,,,,,,助手,,快踱一圈,H,內圈 快踱一圈 (助手)
H011,08/04/2023,游水,沙田,,沙田,,,,,,,,游水,,
H011,08/04/2023,快操,沙田,全天候,沙田 全天候,,58.8,58.8,32.6 26.2,,助手,,快操,H,32.6 26.2 (58.8) (助手)
H011,07/04/2023,游水,沙田,,沙田,,,,,,,,游水,,
H011,07/04/2023,踱步,沙田,內圈,沙田 內圈,,,,,,副練馬師,,快踱一圈,H,內圈 快踱一圈 (副練馬師)
H011,06/04/2023,游水,沙田,,沙田,,,,,,,,游水,,
H011,06/04/2023,踱步,沙田,內圈,沙田 內圈,,,,,,副練馬師,,倒快一圈,H,內圈 倒快一圈 (副練馬師)
H011,05/04/2023,游水,沙田,,沙田,,,,,,,,游水,,
H011,05/04/2023,踱步,沙田,內圈,沙田 內圈,,,,,,副練馬師,,快踱一圈,H,內圈 快踱一圈 (副練馬師)
H011,04/04/2023,游水,沙田,,沙田,,,,,,,,游水,,
H011,04/04/2023,踱步,沙田,內圈,沙田 內圈,,,,,,副練馬師,,快踱一圈,H,內圈 快踱一圈 (副練馬師)
H011,03/04/2023,游水,沙田,,沙田,,,,,,,,游水,,
H011,03/04/2023,踱步,沙田,內圈,沙田 內圈,,,,,,副練馬師,,倒快一圈,H,內圈 倒快一圈 (副練馬師)
H011,02/04/2023,游水,沙田,,沙田,,,,,,,,游水,,
H011,02/04/2023,踱步,沙田,飛機場,沙田 飛機場,,,,,,助手,,踱步,H,飛機場 踱步 (助手)
H011,01/04/2023,游水,沙田,,沙田,,,,,,,,游水,,
H011,31/03/2023,游水,沙田,,沙田,,,,,,,,游水,,
H011,29/03/2023,踱步,沙田,內圈,沙田 內圈,,,,,,助手,,快踱一圈,H,內圈 快踱一圈 (助手)
H011,28/03/2023,游水,沙田,,沙田,,,,,,,,游水,,
H011,28/03/2023,踱步,沙田,內圈,沙田 內圈,,,,,,副練馬師,,快踱一圈,H,內圈 快踱一圈 (副練馬師)
H011,27/03/2023,游水,沙田,,沙田,,,,,,,,游水,,
H011,27/03/2023,踱步,沙田,內圈,沙田 內圈,,,,,,副練馬師,,倒快一圈,H,內圈 倒快一圈 (副練馬師)
H011,26/03/2023,游水,沙田,,沙田,,,,,,,,游水,,
H011,26/03/2023,踱步,沙田,內圈,沙田 內圈,,,,,,助手,,快踱一圈,H,內圈 快踱一圈 (助手)
H011,25/03/2023,游水,沙田,,沙田,,,,,,,,游水,,
H011,25/03/2023,快操,沙田,全天候,沙田 全天候,,50.8,50.8,27.6 23.2,,梁家俊,,快操,H,27.6 23.2 (50.8) (梁家俊)
H011,25/03/2023,踱步,沙田,飛機場,沙田 飛機場,,,,,,梁家俊,,踱步,H,飛機場 踱步 (梁家俊)
H011,24/03/2023,游水,沙田,,沙田,,,,,,,,游水,,
H011,24/03/2023,踱步,沙田,內圈,沙田 內圈,,,,,,助手,,快踱一圈,H,內圈 快踱一圈 (助手)
H011,23/03/2023,游水,沙田,,沙田,,,,,,,,游水,,
H011,23/03/2023,踱步,沙田,內圈,沙田 內圈,,,,,,副練馬師,,倒快一圈,H,內圈 倒快一圈 (副練馬師)
H011,22/03/2023,游水,沙田,,沙田,,,,,,,,游水,,
H011,22/03/2023,踱步,沙田,內圈,沙田 內圈,,,,,,助手,,快踱一圈,H,內圈 快踱一圈 (助手)
H011,21/03/2023,游水,沙田,,沙田,,,,,,,,游水,,
H011,21/03/2023,踱步,沙田,內圈,沙田 內圈,,,,,,副練馬師,,快踱一圈,H,內圈 快踱一圈 (副練馬師)
H011,20/03/2023,游水,沙田,,沙田,,,,,,,,游水,,
H011,20/03/2023,踱步,沙田,內圈,沙田 內圈,,,,,,副練馬師,,倒快一圈,H,內圈 倒快一圈 (副練馬師)
H011,19/03/2023,踱步,沙田,飛機場,沙田 飛機場,,,,,,副練馬師,,踱步,H,飛機場 踱步 (副練馬師)
H011,17/03/2023,試閘,沙田,全天候,沙田 全天候,1050M,0.59.54,59.54,16.0 21.1 22.4,緊張大師,蔡明紹,,第3組,,第3組 (蔡明紹) 1050M 緊張大師 16.0 21.1 22.4 (0.59.54)
H011,16/03/2023,游水,沙田,,沙田,,,,,,,,游水,,
H011,16/03/2023,踱步,沙田,內圈,沙田 內圈,,,,,,副練馬師,,倒快一圈,H,內圈 倒快一圈 (副練馬師)
H011,15/03/2023,游水,沙田,,沙田,,,,,,,,游水,,
H011,15/03/2023,踱步,沙田,內圈,沙田 內圈,,,,,,副練馬師,,快踱一圈,H,內圈 快踱一圈 (副練馬師)
H011,14/03/2023,游水,沙田,,沙田,,,,,,,,游水,,
H011,14/03/2023,快操,沙田,全天候,沙田 全天候,,58.7,58.7,31.5 27.2,,副練馬師,,快操,H,31.5 27.2 (58.7) (副練馬師)
H011,14/03/2023,踱步,沙田,飛機場,沙田 飛機場,,,,,,副練馬師,,踱步,H,飛機場 踱步 (副練馬師)
H011,13/03/2023,踱步,沙田,內圈,沙田 內圈,,,,,,副練馬師,,倒快一圈,H,內圈 倒快一圈 (副練馬師)
H011,12/03/2023,踱步,沙田,內圈,沙田 內圈,,,,,,助手,,快踱一圈,H,內圈 快踱一圈 (助手)
H011,11/03/2023,踱步,沙田,內圈,沙田 內圈,,,,,,助手,,快踱一圈,H,內圈 快踱一圈 (助手)
H011,10/03/2023,快操,沙田,全天候,沙田 全天候,,56.1,56.1,28.9 27.2,,副練馬師,,快操,H,28.9 27.2 (56.1) (副練馬師)
H011,10/03/2023,踱步,沙田,飛機場,沙田 飛機場,,,,,,副練馬師,,踱步,H,飛機場 踱步 (副練馬師)
H011,09/03/2023,踱步,沙田,內圈,沙田 內圈,,,,,,副練馬師,,倒快一圈,H,內圈 倒快一圈 (副練馬師)
H011,08/03/2023,踱步,沙田,內圈,沙田 內圈,,,,,,助手,,快踱一圈,H,內圈 快踱一圈 (助手)
H011,07/03/2023,踱步,沙田,內圈,沙田 內圈,,,,,,副練馬師,,快踱一圈,H,內圈 快踱一圈 (副練馬師)
H011,06/03/2023,踱步,沙田,內圈,沙田 內圈,,,,,,副練馬師,,倒快一圈,H,內圈 倒快一圈 (副練馬師)
H011,05/03/2023,踱步,沙田,內圈,沙田 內圈,,,,,,副練馬師,,快踱一圈,H,內圈 快踱一圈 (副練馬師)
H011,04/03/2023,踱步,沙田,飛機場,沙田 飛機場,,,,,,助手,,踱步,H,飛機場 踱步 (助手)
H011,01/03/2023,游水,沙田,,沙田,,,,,,,,游水,,
H011,01/03/2023,踱步,沙田,內圈,沙田 內圈,,,,,,助手,,快踱一圈,H,內圈 快踱一圈 (助手)
H011,28/02/2023,游水,沙田,,沙田,,,,,,,,游水,,
H011,28/02/2023,踱步,沙田,內圈,沙田 內圈,,,,,,助手,,快踱一圈,H,內圈 快踱一圈 (助手)
H011,27/02/2023,游水,沙田,,沙田,,,,,,,,游水,,
H011,27/02/2023,快操,沙田,全天候,沙田 全天候,,1.30.1,90.1,32.2 30.3 27.6,,副練馬師,,快操,H,32.2 30.3 27.6 (1.30.1) (副練馬師)
H011,27/02/2023,踱步,沙田,飛機場,沙田 飛機場,,,,,,副練馬師,,踱步,H,飛機場 踱步 (副練馬師)
H011,26/02/2023,游水,沙田,,沙田,,,,,,,,游水,,
H011,26/02/2023,踱步,沙田,內圈,沙田 內圈,,,,,,副練馬師,,快踱一圈,H,內圈 快踱一圈 (副練馬師)
H011,25/02/2023,游水,沙田,,沙田,,,,,,,,游水,,
H011,25/02/2023,踱步,沙田,內圈,沙田 內圈,,,,,,助手,,快踱一圈,H,內圈 快踱一圈 (助手)
H011,24/02/2023,游水,沙田,,沙田,,,,,,,,游水,,
H011,24/02/2023,踱步,沙田,內圈,沙田 內圈,,,,,,副練馬師,,快踱一圈,H,內圈 快踱一圈 (副練馬師)
H011,23/02/2023,游水,沙田,,沙田,,,,,,,,游水,,
H011,23/02/2023,踱步,沙田,飛機場,沙田 飛機場,,,,,,副練馬師,,踱步,H,飛機場 踱步 (副練馬師)
H011,22/02/2023,游水,沙田,,沙田,,,,,,,,游水,,
H011,21/02/2023,游水,沙田,,沙田,,,,,,,,游水,,
H011,19/02/2023,踱步,沙田,內圈,沙田 內圈,,,,,,副練馬師,,快踱一圈,H,內圈 快踱一圈 (副練馬師)
H011,18/02/2023,游水,沙田,,沙田,,,,,,,,游水,,
H011,18/02/2023,踱步,沙田,內圈,沙田 內圈,,,,,,助手,,快踱一圈,H,內圈 快踱一圈 (助手)
H011,17/02/2023,游水,沙田,,沙田,,,,,,,,游水,,
H011,17/02/2023,踱步,沙田,內圈,沙田 內圈,,,,,,副練馬師,,快踱一圈,H,內圈 快踱一圈 (副練馬師)
H011,16/02/2023,游水,沙田,,沙田,,,,,,,,游水,,
H011,16/02/2023,快操,沙田,全天候,沙田 全天候,,58.3,58.3,32.0 26.3,,副練馬師,,快操,H,32.0 26.3 (58.3) (副練馬師)
H011,16/02/2023,踱步,沙田,飛機場,沙田 飛機場,,,,,,副練馬師,,踱步,H,飛機場 踱步 (副練馬師)
H011,15/02/2023,游水,沙田,,沙田,,,,,,,,游水,,
H011,15/02/2023,踱步,沙田,內圈,沙田 內圈,,,,,,副練馬師,,快踱一圈,H,內圈 快踱一圈 (副練馬師)
H011,14/02/2023,游水,沙田,,沙田,,,,,,,,游水,,
H011,14/02/2023,踱步,沙田,內圈,沙田 內圈,,,,,,副練馬師,,快踱一圈,H,內圈 快踱一圈 (副練馬師)
H011,13/02/2023,游水,沙田,,沙田,,,,,,,,游水,,
H011,13/02/2023,快操,沙田,全天候,沙田 全天候,,59.0,59.0,32.0 27.0,,副練馬師,,快操,H,32.0 27.0 (59.0) (副練馬師)
H011,13/02/2023,踱步,沙田,飛機場,沙田 飛機場,,,,,,副練馬師,,踱步,H,飛機場 踱步 (副練馬師)
H011,12/02/2023,游水,沙田,,沙田,,,,,,,,游水,,
H011,12/02/2023,踱步,沙田,內圈,沙田 內圈,,,,,,副練馬師,,快踱一圈,H,內圈 快踱一圈 (副練馬師)
H011,11/02/2023,游水,沙田,,沙田,,,,,,,,游水,,
H011,11/02/2023,踱步,沙田,內圈,沙田 內圈,,,,,,助手,,快踱一圈,H,內圈 快踱一圈 (助手)
H011,10/02/2023,游水,沙田,,沙田,,,,,,,,游水,,
H011,10/02/2023,踱步,沙田,內圈,沙田 內圈,,,,,,副練馬師,,快踱一圈,H,內圈 快踱一圈 (副練馬師)
H011,09/02/2023,游水,沙田,,沙田,,,,,,,,游水,,
H011,09/02/2023,踱步,沙田,飛機場,沙田 飛機場,,,,,,助手,,踱步,H,飛機場 踱步 (助手)
H011,08/02/2023,游水,沙田,,沙田,,,,,,,,游水,,
H011,07/02/2023,試閘,沙田,草地,沙田 草地,1000M,0.58.13,58.13,13.6 20.9 23.6,添開心,布文,,第4組,,第4組 (布文) 1000M 添開心 13.6 20.9 23.6 (0.58.13)
H011,07/02/2023,游水,沙田,,沙田,,,,,,,,游水,,
H011,06/02/2023,游水,沙田,,沙田,,,,,,,,游水,,
H011,06/02/2023,踱步,沙田,內圈,沙田 內圈,,,,,,副練馬師,,倒快一圈,H,內圈 倒快一圈 (副練馬師)
H011,05/02/2023,游水,沙田,,沙田,,,,,,,,游水,,
H011,05/02/2023,踱步,沙田,內圈,沙田 內圈,,,,,,副練馬師,,快踱一圈,H,內圈 快踱一圈 (副練馬師)
H011,04/02/2023,游水,沙田,,沙田,,,,,,,,游水,,
H011,04/02/2023,踱步,沙田,內圈,沙田 內圈,,,,,,副練馬師,,快踱一圈,H,內圈 快踱一圈 (副練馬師)
H011,03/02/2023,游水,沙田,,沙田,,,,,,,,游水,,
H011,03/02/2023,快操,沙田,全天候,沙田 全天候,,56.5,56.5,31.0 25.5,,助手,,快操,H,31.0 25.5 (56.5) (助手)
H011,03/02/2023,踱步,沙田,飛機場,沙田 飛機場,,,,,,助手,,踱步,H,飛機場 踱步 (助手)
H011,02/02/2023,游水,沙田,,沙田,,,,,,,,游水,,
H011,02/02/2023,踱步,沙田,內圈,沙田 內圈,,,,,,副練馬師,,倒快一圈,H,內圈 倒快一圈 (副練馬師)
H011,01/02/2023,游水,沙田,,沙田,,,,,,,,游水,,
H011,01/02/2023,踱步,沙田,內圈,沙田 內圈,,,,,,副練馬師,,快踱一圈,H,內圈 快踱一圈 (副練馬師)
H011,31/01/2023,游水,沙田,,沙田,,,,,,,,游水,,
H011,31/01/2023,踱步,沙田,內圈,沙田 內圈,,,,,,助手,,快踱一圈,H,內圈 快踱一圈 (助手)
H011,30/01/2023,游水,沙田,,沙田,,,,,,,,游水,,
H011,30/01/2023,快操,沙田,全天候,沙田 全天候,,57.4,57.4,32.0 25.4,,助手,,快操,H,32.0 25.4 (57.4) (助手)
H011,30/01/2023,踱步,沙田,飛機場,沙田 飛機場,,,,,,助手,,踱步,H,飛機場 踱步 (助手)
H011,29/01/2023,游水,沙田,,沙田,,,,,,,,游水,,
H011,29/01/2023,踱步,沙田,內圈,沙田 內圈,,,,,,助手,,快踱一圈,H,內圈 快踱一圈 (助手)
H011,28/01/2023,游水,沙田,,沙田,,,,,,,,游水,,
H011,28/01/2023,踱步,沙田,內圈,沙田 內圈,,,,,,助手,,快踱一圈,H,內圈 快踱一圈 (助手)
H011,27/01/2023,游水,沙田,,沙田,,,,,,,,游水,,
H011,27/01/2023,踱步,沙田,內圈,沙田 內圈,,,,,,助手,,快踱一圈,H,內圈 快踱一圈 (助手)
H011,26/01/2023,游水,沙田,,沙田,,,,,,,,游水,,
H011,26/01/2023,快操,沙田,全天候,沙田 全天候,,59.0,59.0,33.2 25.8,,助手,,快操,H,33.2 25.8 (59.0) (助手)
H011,26/01/2023,踱步,沙田,飛機場,沙田 飛機場,,,,,,助手,,踱步,H,飛機場 踱步 (助手)
H011,25/01/2023,游水,沙田,,沙田,,,,,,,,游水,,
H011,25/01/2023,踱步,沙田,內圈,沙田 內圈,,,,,,助手,,快踱一圈,H,內圈 快踱一圈 (助手)
H011,24/01/2023,游水,沙田,,沙田,,,,,,,,游水,,
H011,24/01/2023,踱步,沙田,內圈,沙田 內圈,,,,,,助手,,快踱一圈,H,內圈 快踱一圈 (助手)
H011,23/01/2023,游水,沙田,,沙田,,,,,,,,游水,,
H011,23/01/2023,踱步,沙田,內圈,沙田 內圈,,,,,,助手,,倒快一圈,H,內圈 倒快一圈 (助手)
H011,21/01/2023,游水,沙田,,沙田,,,,,,,,游水,,
H011,21/01/2023,快操,沙田,全天候,沙田 全天候,,25.9,25.9,25.9,,助手,,快操,H,25.9 (25.9) (助手)
H011,21/01/2023,踱步,沙田,飛機場,沙田 飛機場,,,,,,助手,,踱步,H,飛機場 踱步 (助手)
H011,20/01/2023,游水,沙田,,沙田,,,,,,,,游水,,
H011,20/01/2023,踱步,沙田,內圈,沙田 內圈,,,,,,助手,,快踱一圈,H,內圈 快踱一圈 (助手)
H011,19/01/2023,游水,沙田,,沙田,,,,,,,,游水,,
H011,19/01/2023,踱步,沙田,內圈,沙田 內圈,,,,,,副練馬師,,倒快一圈,H,內圈 倒快一圈 (副練馬師)
H011,18/01/2023,游水,沙田,,沙田,,,,,,,,游水,,
H011,18/01/2023,踱步,沙田,內圈,沙田 內圈,,,,,,助手,,快踱一圈,H,內圈 快踱一圈 (助手)
H011,17/01/2023,游水,沙田,,沙田,,,,,,,,游水,,
H011,17/01/2023,踱步,沙田,內圈,沙田 內圈,,,,,,助手,,快踱一圈,H,內圈 快踱一圈 (助手)
H011,16/01/2023,游水,沙田,,沙田,,,,,,,,游水,,
H011,16/01/2023,踱步,沙田,內圈,沙田 內圈,,,,,,助手,,倒快一圈,H,內圈 倒快一圈 (助手)
H011,15/01/2023,游水,沙田,,沙田,,,,,,,,游水,,
H011,15/01/2023,踱步,沙田,飛機場,沙田 飛機場,,,,,,助手,,踱步,H,飛機場 踱步 (助手)
H011,14/01/2023,游水,沙田,,沙田,,,,,,,,游水,,
H011,13/01/2023,游水,沙田,,沙田,,,,,,,,游水,,
H011,11/01/2023,踱步,沙田,內圈,沙田 內圈,,,,,,副練馬師,,快踱一圈,H,內圈 快踱一圈 (副練馬師)
H011,10/01/2023,游水,沙田,,沙田,,,,,,,,游水,,
H011,10/01/2023,踱步,沙田,內圈,沙田 內圈,,,,,,助手,,快踱一圈,H,內圈 快踱一圈 (助手)
H011,09/01/2023,游水,沙田,,沙田,,,,,,,,游水,,
H011,09/01/2023,快操,沙田,全天候,沙田 全天候,,56.1,56.1,29.5 26.6,,潘頓,,快操,H,29.5 26.6 (56.1) (潘頓)
H011,09/01/2023,踱步,沙田,飛機場,沙田 飛機場,,,,,,副練馬師,,踱步,H,飛機場 踱步 (副練馬師)
H011,08/01/2023,游水,沙田,,沙田,,,,,,,,游水,,
H011,08/01/2023,踱步,沙田,內圈,沙田 內圈,,,,,,助手,,快踱一圈,H,內圈 快踱一圈 (助手)
H011,07/01/2023,游水,沙田,,沙田,,,,,,,,游水,,
H011,07/01/2023,踱步,沙田,內圈,沙田 內圈,,,,,,助手,,快踱一圈,H,內圈 快踱一圈 (助手)
H011,06/01/2023,游水,沙田,,沙田,,,,,,,,游水,,
H011,06/01/2023,踱步,沙田,內圈,沙田 內圈,,,,,,助手,,快踱一圈,H,內圈 快踱一圈 (助手)
H011,05/01/2023,游水,沙田,,沙田,,,,,,,,游水,,
H011,05/01/2023,快操,沙田,全天候,沙田 全天候,,32.7,32.7,32.7,,副練馬師,,快操,H,32.7 (32.7) (副練馬師)
H011,05/01/2023,踱步,沙田,飛機場,沙田 飛機場,,,,,,副練馬師,,踱步,H,飛機場 踱步 (副練馬師)
H011,04/01/2023,游水,沙田,,沙田,,,,,,,,游水,,
H011,04/01/2023,踱步,沙田,內圈,沙田 內圈,,,,,,助手,,快踱一圈,H,內圈 快踱一圈 (助手)
H011,03/01/2023,游水,沙田,,沙田,,,,,,,,游水,,
H011,03/01/2023,踱步,沙田,內圈,沙田 內圈,,,,,,助手,,快踱一圈,H,內圈 快踱一圈 (助手)
H011,02/01/2023,游水,沙田,,沙田,,,,,,,,游水,,
H011,02/01/2023,踱步,沙田,內圈,沙田 內圈,,,,,,助手,,倒快一圈,H,內圈 倒快一圈 (助手)
H011,01/01/2023,游水,沙田,,沙田,,,,,,,,游水,,
H011,01/01/2023,快操,沙田,全天候,沙田 全天候,,57.9,57.9,32.2 25.7,,助手,,快操,H,32.2 25.7 (57.9) (助手)
H011,01/01/2023,踱步,沙田,飛機場,沙田 飛機場,,,,,,助手,,踱步,H,飛機場 踱步 (助手)
H011,31/12/2022,游水,沙田,,沙田,,,,,,,,游水,,
H011,31/12/2022,踱步,沙田,內圈,沙田 內圈,,,,,,助手,,快踱一圈,H,內圈 快踱一圈 (助手)
H011,30/12/2022,游水,沙田,,沙田,,,,,,,,游水,,
H011,30/12/2022,踱步,沙田,內圈,沙田 內圈,,,,,,助手,,快踱一圈,H,內圈 快踱一圈 (助手)
H011,29/12/2022,游水,沙田,,沙田,,,,,,,,游水,,
H011,29/12/2022,踱步,沙田,內圈,沙田 內圈,,,,,,助手,,倒快一圈,H,內圈 倒快一圈 (助手)
H011,28/12/2022,游水,沙田,,沙田,,,,,,,,游水,,
H011,28/12/2022,快操,沙田,全天候,沙田 全天候,,1.01.7,61.7,32.8 28.9,,副練馬師,,快操,H,32.8 28.9 (1.01.7) (副練馬師)
H011,28/12/2022,踱步,沙田,飛機場,沙田 飛機場,,,,,,副練馬師,,踱步,H,飛機場 踱步 (副練馬師)
H011,27/12/2022,踱步,沙田,內圈,沙田 內圈,,,,,,助手,,快踱一圈,H,內圈 快踱一圈 (助手)
H011,26/12/2022,踱步,沙田,內圈,沙田 內圈,,,,,,副練馬師,,倒快一圈,H,內圈 倒快一圈 (副練馬師)
H011,25/12/2022,踱步,沙田,內圈,沙田 內圈,,,,,,助手,,快踱一圈,H,內圈 快踱一圈 (助手)
H011,24/12/2022,踱步,沙田,內圈,沙田 內圈,,,,,,助手,,快踱一圈,H,內圈 快踱一圈 (助手)
H011,23/12/2022,踱步,沙田,內圈,沙田 內圈,,,,,,助手,,快踱一圈,H,內圈 快踱一圈 (助手)
H011,22/12/2022,游水,沙田,,沙田,,,,,,,,游水,,
H011,21/12/2022,游水,沙田,,沙田,,,,,,,,游水,,
H011,21/12/2022,踱步,沙田,內圈,沙田 內圈,,,,,,助手,,快踱一圈,H,內圈 快踱一圈 (助手)
H011,20/12/2022,游水,沙田,,沙田,,,,,,,,游水,,
H011,18/12/2022,踱步,沙田,內圈,沙田 內圈,,,,,,助手,,快踱一圈,H,內圈 快踱一圈 (助手)
H011,17/12/2022,游水,沙田,,沙田,,,,,,,,游水,,
H011,17/12/2022,踱步,沙田,內圈,沙田 內圈,,,,,,助手,,快踱一圈,H,內圈 快踱一圈 (助手)
H011,16/12/2022,游水,沙田,,沙田,,,,,,,,游水,,
H011,16/12/2022,踱步,沙田,內圈,沙田 內圈,,,,,,助手,,快踱一圈,H,內圈 快踱一圈 (助手)
H011,15/12/2022,游水,沙田,,沙田,,,,,,,,游水,,
H011,15/12/2022,快操,沙田,全天候,沙田 全天候,,57.5,57.5,30.9 26.6,,布文,,快操,H,30.9 26.6 (57.5) (布文)
H011,14/12/2022,游水,沙田,,沙田,,,,,,,,游水,,
H011,14/12/2022,踱步,沙田,內圈,沙田 內圈,,,,,,助手,,快踱一圈,H,內圈 快踱一圈 (助手)
H011,13/12/2022,游水,沙田,,沙田,,,,,,,,游水,,
H011,13/12/2022,踱步,沙田,內圈,沙田 內圈,,,,,,助手,,快踱一圈,H,內圈 快踱一圈 (助手)
H011,12/12/2022,游水,沙田,,沙田,,,,,,,,游水,,
H011,12/12/2022,快操,沙田,全天候,沙田 全天候,,1.00.7,60.7,32.7 28.0,,助手,,快操,H,32.7 28.0 (1.00.7) (助手)
H011,12/12/2022,踱步,沙田,飛機場,沙田 飛機場,,,,,,助手,,踱步,H,飛機場 踱步 (助手)
H011,11/12/2022,游水,沙田,,沙田,,,,,,,,游水,,
H011,11/12/2022,踱步,沙田,內圈,沙田 內圈,,,,,,助手,,快踱一圈,H,內圈 快踱一圈 (助手)
H011,10/12/2022,游水,沙田,,沙田,,,,,,,,游水,,
H011,10/12/2022,踱步,沙田,內圈,沙田 內圈,,,,,,助手,,快踱一圈,H,內圈 快踱一圈 (助手)
H011,09/12/2022,游水,沙田,,沙田,,,,,,,,游水,,
H011,09/12/2022,快操,沙田,全天候,沙田 全天候,,59.3,59.3,33.2 26.1,,助手,,快操,H,33.2 26.1 (59.3) (助手)
H011,09/12/2022,踱步,沙田,飛機場,沙田 飛機場,,,,,,助手,,踱步,H,飛機場 踱步 (助手)
H011,08/12/2022,游水,沙田,,沙田,,,,,,,,游水,,
H011,08/12/2022,踱步,沙田,內圈,沙田 內圈,,,,,,助手,,倒快一圈,H,內圈 倒快一圈 (助手)
H011,07/12/2022,游水,沙田,,沙田,,,,,,,,游水,,
H011,07/12/2022,踱步,沙田,內圈,沙田 內圈,,,,,,助手,,快踱一圈,H,內圈 快踱一圈 (助手)
H011,06/12/2022,游水,沙田,,沙田,,,,,,,,游水,,
H011,06/12/2022,快操,沙田,全天候,沙田 全天候,,59.2,59.2,32.6 26.6,,助手,,快操,H,32.6 26.6 (59.2) (助手)
H011,06/12/2022,踱步,沙田,飛機場,沙田 飛機場,,,,,,助手,,踱步,H,飛機場 踱步 (助手)
H011,05/12/2022,踱步,沙田,內圈,沙田 內圈,,,,,,助手,,倒快一圈,H,內圈 倒快一圈 (助手)
H011,04/12/2022,踱步,沙田,內圈,沙田 內圈,,,,,,助手,,快踱一圈,H,內圈 快踱一圈 (助手)
H011,03/12/2022,游水,沙田,,沙田,,,,,,,,游水,,
H011,03/12/2022,快操,沙田,全天候,沙田 全天候,,58.1,58.1,31.2 26.9,,助手,,日日友,H,31.2 26.9 (58.1) (助手) 日日友
H011,03/12/2022,踱步,沙田,飛機場,沙田 飛機場,,,,,,助手,,踱步,H,飛機場 踱步 (助手)
H011,02/12/2022,游水,沙田,,沙田,,,,,,,,游水,,
H011,02/12/2022,踱步,沙田,內圈,沙田 內圈,,,,,,助手,,快踱一圈,H,內圈 快踱一圈 (助手)
H011,01/12/2022,游水,沙田,,沙田,,,,,,,,游水,,
H011,01/12/2022,踱步,沙田,內圈,沙田 內圈,,,,,,助手,,倒快一圈,H,內圈 倒快一圈 (助手)
H011,30/11/2022,游水,沙田,,沙田,,,,,,,,游水,,
H011,30/11/2022,踱步,沙田,內圈,沙田 內圈,,,,,,助手,,快踱一圈,H,內圈 快踱一圈 (助手)
H011,29/11/2022,游水,沙田,,沙田,,,,,,,,游水,,
H011,29/11/2022,快操,沙田,全天候,沙田 全天候,,57.8,57.8,31.5 26.3,,助手,,快操,H,31.5 26.3 (57.8) (助手)
H011,29/11/2022,踱步,沙田,飛機場,沙田 飛機場,,,,,,助手,,踱步,H,飛機場 踱步 (助手)
H011,28/11/2022,游水,沙田,,沙田,,,,,,,,游水,,
H011,28/11/2022,踱步,沙田,內圈,沙田 內圈,,,,,,助手,,倒快一圈,H,內圈 倒快一圈 (助手)
H011,27/11/2022,游水,沙田,,沙田,,,,,,,,游水,,
H011,27/11/2022,踱步,沙田,內圈,沙田 內圈,,,,,,助手,,快踱一圈,H,內圈 快踱一圈 (助手)
H011,26/11/2022,游水,沙田,,沙田,,,,,,,,游水,,
H011,26/11/2022,踱步,沙田,內圈,沙田 內圈,,,,,,助手,,快踱一圈,H,內圈 快踱一圈 (助手)
H011,25/11/2022,游水,沙田,,沙田,,,,,,,,游水,,
H011,25/11/2022,快操,沙田,全天候,沙田 全天候,,59.0,59.0,32.1 26.9,,助手,,快操,H,32.1 26.9 (59.0) (助手)
H011,25/11/2022,踱步,沙田,飛機場,沙田 飛機場,,,,,,助手,,踱步,H,飛機場 踱步 (助手)
H011,24/11/2022,游水,沙田,,沙田,,,,,,,,游水,,
H011,24/11/2022,踱步,沙田,內圈,沙田 內圈,,,,,,助手,,倒快一圈,H,內圈 倒快一圈 (助手)
H011,23/11/2022,游水,沙田,,沙田,,,,,,,,游水,,
H011,23/11/2022,踱步,沙田,內圈,沙田 內圈,,,,,,助手,,快踱一圈,H,內圈 快踱一圈 (助手)
H011,22/11/2022,游水,沙田,,沙田,,,,,,,,游水,,
H011,22/11/2022,踱步,沙田,內圈,沙田 內圈,,,,,,助手,,快踱一圈,H,內圈 快踱一圈 (助手)
H011,21/11/2022,游水,沙田,,沙田,,,,,,,,游水,,
H011,21/11/2022,快操,沙田,全天候,沙田 全天候,,58.5,58.5,31.6 26.9,,助手,,快操,H,31.6 26.9 (58.5) (助手)
H011,21/11/2022,踱步,沙田,飛機場,沙田 飛機場,,,,,,助手,,踱步,H,飛機場 踱步 (助手)
H011,20/11/2022,游水,沙田,,沙田,,,,,,,,游水,,
H011,20/11/2022,踱步,沙田,內圈,沙田 內圈,,,,,,助手,,快踱一圈,H,內圈 快踱一圈 (助手)
H011,19/11/2022,游水,沙田,,沙田,,,,,,,,游水,,
H011,19/11/2022,踱步,沙田,內圈,沙田 內圈,,,,,,助手,,快踱一圈,H,內圈 快踱一圈 (助手)
H011,18/11/2022,游水,沙田,,沙田,,,,,,,,游水,,
H011,18/11/2022,踱步,沙田,內圈,沙田 內圈,,,,,,助手,,快踱一圈,H,內圈 快踱一圈 (助手)
H011,17/11/2022,游水,沙田,,沙田,,,,,,,,游水,,
H011,17/11/2022,踱步,沙田,飛機場,沙田 飛機場,,,,,,助手,,踱步,PH,飛機場 踱步 (助手)
H011,15/11/2022,試閘,沙田,全天候,沙田 全天候,1050M,1.01.39,61.39,16.0 21.7 23.6,威力奔騰,蔡明紹,,第4組,,第4組 (蔡明紹) 1050M 威力奔騰 16.0 21.7 23.6 (1.01.39)
H011,15/11/2022,游水,沙田,,沙田,,,,,,,,游水,,
H011,14/11/2022,游水,沙田,,沙田,,,,,,,,游水,,
H011,14/11/2022,踱步,沙田,內圈,沙田 內圈,,,,,,助手,,倒快一圈,H,內圈 倒快一圈 (助手)
H011,13/11/2022,游水,沙田,,沙田,,,,,,,,游水,,
H011,13/11/2022,踱步,沙田,內圈,沙田 內圈,,,,,,助手,,快踱一圈,H,內圈 快踱一圈 (助手)
H011,12/11/2022,游水,沙田,,沙田,,,,,,,,游水,,
H011,12/11/2022,踱步,沙田,內圈,沙田 內圈,,,,,,助手,,快踱一圈,H,內圈 快踱一圈 (助手)
H011,11/11/2022,游水,沙田,,沙田,,,,,,,,游水,,
H011,11/11/2022,快操,沙田,全天候,沙田 全天候,,58.8,58.8,30.9 27.9,,助手,,快操,H,30.9 27.9 (58.8) (助手)
H011,11/11/2022,踱步,沙田,飛機場,沙田 飛機場,,,,,,助手,,踱步,H,飛機場 踱步 (助手)
H011,10/11/2022,游水,沙田,,沙田,,,,,,,,游水,,
H011,10/11/2022,踱步,沙田,內圈,沙田 內圈,,,,,,助手,,倒快一圈,H,內圈 倒快一圈 (助手)
H011,09/11/2022,游水,沙田,,沙田,,,,,,,,游水,,
H011,09/11/2022,踱步,沙田,內圈,沙田 內圈,,,,,,助手,,快踱一圈,H,內圈 快踱一圈 (助手)
H011,08/11/2022,游水,沙田,,沙田,,,,,,,,游水,,
H011,08/11/2022,踱步,沙田,內圈,沙田 內圈,,,,,,助手,,快踱一圈,H,內圈 快踱一圈 (助手)
H011,07/11/2022,游水,沙田,,沙田,,,,,,,,游水,,
H011,07/11/2022,快操,沙田,全天候,沙田 全天候,,56.4,56.4,32.6 23.8,,助手,,快操,H,32.6 23.8 (56.4) (助手)
H011,07/11/2022,踱步,沙田,飛機場,沙田 飛機場,,,,,,助手,,踱步,H,飛機場 踱步 (助手)
H011,06/11/2022,游水,沙田,,沙田,,,,,,,,游水,,
H011,06/11/2022,踱步,沙田,內圈,沙田 內圈,,,,,,助手,,快踱一圈,H,內圈 快踱一圈 (助手)
H011,05/11/2022,游水,沙田,,沙田,,,,,,,,游水,,
H011,05/11/2022,踱步,沙田,內圈,沙田 內圈,,,,,,助手,,快踱一圈,H,內圈 快踱一圈 (助手)
H011,04/11/2022,踱步,從化,內圈,從化 內圈,,,,,,助手,,快踱一圈,H,內圈 快踱一圈 (助手)
H011,03/11/2022,游水,從化,,從化,,,,,,,,游水,,
H011,03/11/2022,快操,從化,全天候,從化 全天候,,1.01.0,61.0,32.6 28.4,,助手,,快操,H,32.6 28.4 (1.01.0) (助手)
H011,03/11/2022,踱步,從化,飛機場,從化 飛機場,,,,,,助手,,踱步,H,飛機場 踱步 (助手)
H011,02/11/2022,游水,從化,,從化,,,,,,,,游水,,
H011,02/11/2022,踱步,從化,內圈,從化 內圈,,,,,,助手,,快踱一圈,H,內圈 快踱一圈 (助手)
H011,01/11/2022,游水,從化,,從化,,,,,,,,游水,,
H011,01/11/2022,踱步,從化,內圈,從化 內圈,,,,,,助手,,快踱一圈,H,內圈 快踱一圈 (助手)
H011,31/10/2022,游水,從化,,從化,,,,,,,,游水,,
H011,31/10/2022,踱步,從化,內圈,從化 內圈,,,,,,助手,,倒快一圈,H,內圈 倒快一圈 (助手)
H011,30/10/2022,游水,從化,,從化,,,,,,,,游水,,
H011,30/10/2022,踱步,從化,內圈,從化 內圈,,,,,,助手,,快踱一圈,H,內圈 快踱一圈 (助手)
H011,29/10/2022,游水,從化,,從化,,,,,,,,游水,,
H011,29/10/2022,踱步,從化,內圈,從化 內圈,,,,,,助手,,快踱一圈,H,內圈 快踱一圈 (助手)
H011,28/10/2022,游水,從化,,從化,,,,,,,,游水,,
H011,28/10/2022,踱步,從化,飛機場,從化 飛機場,,,,,,助手,,踱步,H,飛機場 踱步 (助手)
H011,27/10/2022,游水,從化,,從化,,,,,,,,游水,,
H011,26/10/2022,游水,從化,,從化,,,,,,,,游水,,
H011,26/10/2022,踱步,從化,飛機場,從化 飛機場,,,,,,助手,,踱步,H,飛機場 踱步 (助手)
H011,25/10/2022,游水,從化,,從化,,,,,,,,游水,,
H011,24/10/2022,試閘,從化,草地,從化 草地,1000M,0.59.20,59.2,13.7 21.4 24.1,盛世名駒,楊東俊,,第2組,,第2組 (楊東俊) 1000M 盛世名駒 13.7 21.4 24.1 (0.59.20)
H011,24/10/2022,游水,從化,,從化,,,,,,,,游水,,
H011,24/10/2022,踱步,從化,飛機場,從化 飛機場,,,,,,助手,,踱步,,飛機場 踱步 (助手)
H011,23/10/2022,游水,從化,,從化,,,,,,,,游水,,
H011,23/10/2022,踱步,從化,內圈,從化 內圈,,,,,,助手,,快踱一圈,H,內圈 快踱一圈 (助手)
H011,22/10/2022,游水,從化,,從化,,,,,,,,游水,,
H011,22/10/2022,踱步,從化,內圈,從化 內圈,,,,,,助手,,快踱一圈,H,內圈 快踱一圈 (助手)
H011,21/10/2022,游水,從化,,從化,,,,,,,,游水,,
H011,21/10/2022,快操,從化,全天候,從化 全天候,,58.4,58.4,31.8 26.6,,助手,,快操,H,31.8 26.6 (58.4) (助手)
H011,21/10/2022,踱步,從化,飛機場,從化 飛機場,,,,,,助手,,踱步,H,飛機場 踱步 (助手)
H011,20/10/2022,游水,從化,,從化,,,,,,,,游水,,
H011,20/10/2022,踱步,從化,內圈,從化 內圈,,,,,,助手,,倒快一圈,H,內圈 倒快一圈 (助手)
H011,19/10/2022,游水,從化,,從化,,,,,,,,游水,,
H011,19/10/2022,踱步,從化,內圈,從化 內圈,,,,,,助手,,快踱一圈,H,內圈 快踱一圈 (助手)
H011,18/10/2022,游水,從化,,從化,,,,,,,,游水,,
H011,18/10/2022,踱步,從化,內圈,從化 內圈,,,,,,助手,,快踱一圈,H,內圈 快踱一圈 (助手)
H011,17/10/2022,游水,從化,,從化,,,,,,,,游水,,
H011,17/10/2022,快操,從化,全天候,從化 全天候,,58.0,58.0,31.8 26.2,,助手,,快操,H,31.8 26.2 (58.0) (助手)
H011,17/10/2022,踱步,從化,飛機場,從化 飛機場,,,,,,助手,,踱步,H,飛機場 踱步 (助手)
H011,16/10/2022,游水,從化,,從化,,,,,,,,游水,,
H011,16/10/2022,踱步,從化,內圈,從化 內圈,,,,,,助手,,快踱一圈,H,內圈 快踱一圈 (助手)
H011,15/10/2022,游水,從化,,從化,,,,,,,,游水,,
H011,15/10/2022,踱步,從化,內圈,從化 內圈,,,,,,助手,,快踱一圈,H,內圈 快踱一圈 (助手)
H011,14/10/2022,游水,從化,,從化,,,,,,,,游水,,
H011,14/10/2022,踱步,從化,內圈,從化 內圈,,,,,,助手,,快踱一圈,H,內圈 快踱一圈 (助手)
H011,13/10/2022,游水,從化,,從化,,,,,,,,游水,,
H011,13/10/2022,快操,從化,全天候,從化 全天候,,54.0,54.0,30.7 23.3,,助手,,快操,H,30.7 23.3 (54.0) (助手)
H011,13/10/2022,踱步,從化,飛機場,從化 飛機場,,,,,,助手,,踱步,H,飛機場 踱步 (助手)
H011,12/10/2022,游水,從化,,從化,,,,,,,,游水,,
H011,12/10/2022,踱步,從化,內圈,從化 內圈,,,,,,助手,,快踱一圈,H,內圈 快踱一圈 (助手)
H011,11/10/2022,游水,從化,,從化,,,,,,,,游水,,
H011,11/10/2022,踱步,從化,內圈,從化 內圈,,,,,,助手,,快踱一圈,H,內圈 快踱一圈 (助手)
H011,10/10/2022,游水,從化,,從化,,,,,,,,游水,,
H011,10/10/2022,踱步,從化,內圈,從化 內圈,,,,,,助手,,倒快一圈,H,內圈 倒快一圈 (助手)
H011,09/10/2022,游水,從化,,從化,,,,,,,,游水,,
H011,09/10/2022,快操,從化,全天候,從化 全天候,,58.3,58.3,31.7 26.6,,助手,,快操,H,31.7 26.6 (58.3) (助手)
H011,09/10/2022,踱步,從化,飛機場,從化 飛機場,,,,,,助手,,踱步,H,飛機場 踱步 (助手)
H011,08/10/2022,游水,從化,,從化,,,,,,,,游水,,
H011,08/10/2022,踱步,從化,內圈,從化 內圈,,,,,,助手,,快踱一圈,H,內圈 快踱一圈 (助手)
H011,07/10/2022,游水,從化,,從化,,,,,,,,游水,,
H011,07/10/2022,踱步,從化,內圈,從化 內圈,,,,,,助手,,快踱一圈,H,內圈 快踱一圈 (助手)
H011,06/10/2022,游水,從化,,從化,,,,,,,,游水,,
H011,06/10/2022,踱步,從化,內圈,從化 內圈,,,,,,助手,,倒快一圈,H,內圈 倒快一圈 (助手)
H011,05/10/2022,游水,從化,,從化,,,,,,,,游水,,
H011,05/10/2022,快操,從化,全天候,從化 全天候,,58.2,58.2,32.0 26.2,,助手,,快操,H,32.0 26.2 (58.2) (助手)
H011,05/10/2022,踱步,從化,飛機場,從化 飛機場,,,,,,助手,,踱步,H,飛機場 踱步 (助手)
H011,04/10/2022,游水,從化,,從化,,,,,,,,游水,,
H011,04/10/2022,踱步,從化,內圈,從化 內圈,,,,,,助手,,快踱一圈,H,內圈 快踱一圈 (助手)
H011,03/10/2022,游水,從化,,從化,,,,,,,,游水,,
H011,03/10/2022,踱步,從化,內圈,從化 內圈,,,,,,助手,,倒快一圈,H,內圈 倒快一圈 (助手)
H011,02/10/2022,游水,從化,,從化,,,,,,,,游水,,
H011,02/10/2022,踱步,從化,內圈,從化 內圈,,,,,,助手,,快踱一圈,H,內圈 快踱一圈 (助手)
H011,01/10/2022,游水,從化,,從化,,,,,,,,游水,,
H011,01/10/2022,踱步,從化,飛機場,從化 飛機場,,,,,,助手,,踱步,H,飛機場 踱步 (助手)
H011,30/09/2022,游水,從化,,從化,,,,,,,,游水,,
H011,29/09/2022,試閘,從化,草地,從化 草地,800M,0.46.38,46.38,23.6 22.7,奇妙之春,楊東俊,,第2組,,第2組 (楊東俊) 800M 奇妙之春 23.6 22.7 (0.46.38)
H011,29/09/2022,游水,從化,,從化,,,,,,,,游水,,
H011,29/09/2022,踱步,從化,飛機場,從化 飛機場,,,,,,助手,,踱步,,飛機場 踱步 (助手)
H011,28/09/2022,游水,從化,,從化,,,,,,,,游水,,
H011,28/09/2022,踱步,從化,內圈,從化 內圈,,,,,,助手,,快踱一圈,H,內圈 快踱一圈 (助手)
H011,27/09/2022,游水,從化,,從化,,,,,,,,游水,,
H011,27/09/2022,踱步,從化,內圈,從化 內圈,,,,,,助手,,快踱一圈,H,內圈 快踱一圈 (助手)
H011,26/09/2022,游水,從化,,從化,,,,,,,,游水,,
H011,26/09/2022,快操,從化,全天候,從化 全天候,,55.8,55.8,31.1 24.7,,助手,,快操,H,31.1 24.7 (55.8) (助手)
H011,26/09/2022,踱步,從化,飛機場,從化 飛機場,,,,,,助手,,踱步,H,飛機場 踱步 (助手)
H011,25/09/2022,游水,從化,,從化,,,,,,,,游水,,
H011,25/09/2022,踱步,從化,內圈,從化 內圈,,,,,,助手,,快踱一圈,H,內圈 快踱一圈 (助手)
H011,24/09/2022,游水,從化,,從化,,,,,,,,游水,,
H011,24/09/2022,踱步,從化,內圈,從化 內圈,,,,,,助手,,快踱一圈,H,內圈 快踱一圈 (助手)
H011,23/09/2022,游水,從化,,從化,,,,,,,,游水,,
H011,23/09/2022,踱步,從化,內圈,從化 內圈,,,,,,助手,,快踱一圈,H,內圈 快踱一圈 (助手)
H011,22/09/2022,游水,從化,,從化,,,,,,,,游水,,
H011,22/09/2022,快操,從化,全天候,從化 全天候,,58.2,58.2,32.8 25.4,,助手,,快操,H,32.8 25.4 (58.2) (助手)
H011,22/09/2022,踱步,從化,飛機場,從化 飛機場,,,,,,助手,,踱步,H,飛機場 踱步 (助手)
H011,21/09/2022,游水,從化,,從化,,,,,,,,游水,,
H011,21/09/2022,踱步,從化,內圈,從化 內圈,,,,,,助手,,快踱一圈,H,內圈 快踱一圈 (助手)
H011,20/09/2022,游水,從化,,從化,,,,,,,,游水,,
H011,20/09/2022,踱步,從化,內圈,從化 內圈,,,,,,助手,,快踱一圈,H,內圈 快踱一圈 (助手)
H011,19/09/2022,游水,從化,,從化,,,,,,,,游水,,
H011,19/09/2022,踱步,從化,內圈,從化 內圈,,,,,,助手,,倒快一圈,H,內圈 倒快一圈 (助手)
H011,18/09/2022,游水,從化,,從化,,,,,,,,游水,,
H011,18/09/2022,踱步,從化,內圈,從化 內圈,,,,,,助手,,快踱一圈,H,內圈 快踱一圈 (助手)
H011,17/09/2022,游水,從化,,從化,,,,,,,,游水,,
H011,17/09/2022,快操,從化,全天候,從化 全天候,,58.3,58.3,32.2 26.1,,助手,,快操,H,32.2 26.1 (58.3) (助手)
H011,17/09/2022,踱步,從化,飛機場,從化 飛機場,,,,,,助手,,踱步,H,飛機場 踱步 (助手)
H011,16/09/2022,游水,從化,,從化,,,,,,,,游水,,
H011,16/09/2022,踱步,從化,內圈,從化 內圈,,,,,,助手,,快踱一圈,H,內圈 快踱一圈 (助手)
H011,15/09/2022,踱步,沙田,內圈,沙田 內圈,,,,,,助手,,倒快一圈,H,內圈 倒快一圈 (助手)
H011,14/09/2022,游水,沙田,,沙田,,,,,,,,游水,,
H011,14/09/2022,踱步,沙田,內圈,沙田 內圈,,,,,,助手,,快踱一圈,H,內圈 快踱一圈 (助手)
H011,13/09/2022,游水,沙田,,沙田,,,,,,,,游水,,
H011,13/09/2022,踱步,沙田,內圈,沙田 內圈,,,,,,助手,,快踱一圈,H,內圈 快踱一圈 (助手)
H011,12/09/2022,快操,沙田,全天候,沙田 全天候,,57.7,57.7,31.9 25.8,,助手,,快操,H,31.9 25.8 (57.7) (助手)
H011,12/09/2022,踱步,沙田,飛機場,沙田 飛機場,,,,,,助手,,踱步,H,飛機場 踱步 (助手)
H011,11/09/2022,踱步,沙田,內圈,沙田 內圈,,,,,,助手,,快踱一圈,H,內圈 快踱一圈 (助手)
H011,10/09/2022,踱步,沙田,內圈,沙田 內圈,,,,,,助手,,快踱一圈,,內圈 快踱一圈 (助手)
H011,09/09/2022,踱步,沙田,內圈,沙田 內圈,,,,,,助手,,快踱一圈,H,內圈 快踱一圈 (助手)
H011,08/09/2022,快操,沙田,草閘,沙田 草閘,,49.9,49.9,25.6 24.3,,潘明輝,,日日友,H,25.6 24.3 (49.9) (潘明輝) 日日友
H011,08/09/2022,踱步,沙田,飛機場,沙田 飛機場,,,,,,助手,,踱步,H,飛機場 踱步 (助手)
H011,07/09/2022,踱步,沙田,內圈,沙田 內圈,,,,,,助手,,快踱一圈,H,內圈 快踱一圈 (助手)
H011,06/09/2022,踱步,沙田,內圈,沙田 內圈,,,,,,助手,,快踱一圈,H,內圈 快踱一圈 (助手)
H011,05/09/2022,游水,沙田,,沙田,,,,,,,,游水,,
H011,05/09/2022,踱步,沙田,內圈,沙田 內圈,,,,,,助手,,倒快一圈,H,內圈 倒快一圈 (助手)
H011,04/09/2022,游水,沙田,,沙田,,,,,,,,游水,,
H011,04/09/2022,快操,沙田,全天候,沙田 全天候,,1.00.4,60.4,32.0 28.4,,助手,,日日友,H,32.0 28.4 (1.00.4) (助手) 日日友
H011,04/09/2022,踱步,沙田,飛機場,沙田 飛機場,,,,,,助手,,踱步,H,飛機場 踱步 (助手)
H011,03/09/2022,游水,沙田,,沙田,,,,,,,,游水,,
H011,03/09/2022,踱步,沙田,內圈,沙田 內圈,,,,,,助手,,快踱一圈,H,內圈 快踱一圈 (助手)
H011,02/09/2022,游水,沙田,,沙田,,,,,,,,游水,,
H011,02/09/2022,踱步,沙田,內圈,沙田 內圈,,,,,,助手,,快踱一圈,H,內圈 快踱一圈 (助手)
H011,01/09/2022,游水,沙田,,沙田,,,,,,,,游水,,
H011,01/09/2022,踱步,沙田,內圈,沙田 內圈,,,,,,助手,,倒快一圈,H,內圈 倒快一圈 (助手)
H011,31/08/2022,游水,沙田,,沙田,,,,,,,,游水,,
H011,31/08/2022,快操,沙田,全天候,沙田 全天候,,56.5,56.5,31.2 25.3,,助手,,日日友,H,31.2 25.3 (56.5) (助手) 日日友
H011,31/08/2022,踱步,沙田,飛機場,沙田 飛機場,,,,,,助手,,踱步,H,飛機場 踱步 (助手)
H011,30/08/2022,游水,沙田,,沙田,,,,,,,,游水,,
H011,30/08/2022,踱步,沙田,內圈,沙田 內圈,,,,,,助手,,快踱一圈,H,內圈 快踱一圈 (助手)
H011,29/08/2022,游水,沙田,,沙田,,,,,,,,游水,,
H011,29/08/2022,踱步,沙田,內圈,沙田 內圈,,,,,,助手,,倒快一圈,H,內圈 倒快一圈 (助手)
H011,28/08/2022,游水,沙田,,沙田,,,,,,,,游水,,
H011,27/08/2022,游水,沙田,,沙田,,,,,,,,游水,,
H011,27/08/2022,快操,沙田,全天候,沙田 全天候,,1.02.3,62.3,33.4 28.9,,副練馬師,,快操,H,33.4 28.9 (1.02.3) (副練馬師)
H011,27/08/2022,踱步,沙田,飛機場,沙田 飛機場,,,,,,副練馬師,,踱步,H,飛機場 踱步 (副練馬師)
H011,26/08/2022,游水,沙田,,沙田,,,,,,,,游水,,
H011,26/08/2022,踱步,沙田,內圈,沙田 內圈,,,,,,助手,,快踱一圈,H,內圈 快踱一圈 (助手)
H011,24/08/2022,游水,沙田,,沙田,,,,,,,,游水,,
H011,24/08/2022,踱步,沙田,內圈,沙田 內圈,,,,,,助手,,快踱一圈,H,內圈 快踱一圈 (助手)
H011,23/08/2022,游水,沙田,,沙田,,,,,,,,游水,,
H011,23/08/2022,快操,沙田,全天候,沙田 全天候,,1.01.8,61.8,32.9 28.9,,副練馬師,,快操,H,32.9 28.9 (1.01.8) (副練馬師)
H011,23/08/2022,踱步,沙田,飛機場,沙田 飛機場,,,,,,副練馬師,,踱步,H,飛機場 踱步 (副練馬師)
H011,22/08/2022,游水,沙田,,沙田,,,,,,,,游水,,
H011,22/08/2022,踱步,沙田,內圈,沙田 內圈,,,,,,助手,,倒快一圈,H,內圈 倒快一圈 (助手)
H011,21/08/2022,游水,沙田,,沙田,,,,,,,,游水,,
H011,21/08/2022,踱步,沙田,內圈,沙田 內圈,,,,,,副練馬師,,快踱一圈,H,內圈 快踱一圈 (副練馬師)
H011,20/08/2022,游水,沙田,,沙田,,,,,,,,游水,,
H011,20/08/2022,踱步,沙田,內圈,沙田 內圈,,,,,,助手,,快踱一圈,H,內圈 快踱一圈 (助手)
H011,19/08/2022,游水,沙田,,沙田,,,,,,,,游水,,
H011,19/08/2022,快操,沙田,全天候,沙田 全天候,,1.02.9,62.9,33.4 29.5,,助手,,快操,H,33.4 29.5 (1.02.9) (助手)
H011,18/08/2022,游水,沙田,,沙田,,,,,,,,游水,,
H011,18/08/2022,踱步,沙田,內圈,沙田 內圈,,,,,,助手,,倒快一圈,H,內圈 倒快一圈 (助手)
H011,17/08/2022,游水,沙田,,沙田,,,,,,,,游水,,
H011,17/08/2022,踱步,沙田,內圈,沙田 內圈,,,,,,助手,,快踱一圈,H,內圈 快踱一圈 (助手)
H011,16/08/2022,游水,沙田,,沙田,,,,,,,,游水,,
H011,16/08/2022,踱步,沙田,內圈,沙田 內圈,,,,,,助手,,快踱一圈,H,內圈 快踱一圈 (助手)
H011,15/08/2022,游水,沙田,,沙田,,,,,,,,游水,,
H011,15/08/2022,踱步,沙田,內圈,沙田 內圈,,,,,,助手,,倒快一圈,H,內圈 倒快一圈 (助手)
H011,14/08/2022,游水,沙田,,沙田,,,,,,,,游水,,
H011,14/08/2022,快操,沙田,全天候,沙田 全天候,,29.2,29.2,29.2,,助手,,快操,H,29.2 (29.2) (助手)
H011,14/08/2022,踱步,沙田,飛機場,沙田 飛機場,,,,,,助手,,踱步,H,飛機場 踱步 (助手)
H011,13/08/2022,游水,沙田,,沙田,,,,,,,,游水,,
H011,13/08/2022,踱步,沙田,內圈,沙田 內圈,,,,,,助手,,快踱一圈,H,內圈 快踱一圈 (助手)
H011,12/08/2022,游水,沙田,,沙田,,,,,,,,游水,,
H011,12/08/2022,踱步,沙田,內圈,沙田 內圈,,,,,,助手,,快踱一圈,H,內圈 快踱一圈 (助手)
H011,11/08/2022,游水,沙田,,沙田,,,,,,,,游水,,
H011,11/08/2022,踱步,沙田,內圈,沙田 內圈,,,,,,助手,,倒快一圈,H,內圈 倒快一圈 (助手)
H011,10/08/2022,游水,沙田,,沙田,,,,,,,,游水,,
H011,10/08/2022,踱步,沙田,內圈,沙田 內圈,,,,,,助手,,快踱一圈,H,內圈 快踱一圈 (助手)
H011,09/08/2022,游水,沙田,,沙田,,,,,,,,游水,,
H011,09/08/2022,踱步,沙田,內圈,沙田 內圈,,,,,,助手,,快踱一圈,H,內圈 快踱一圈 (助手)
H011,08/08/2022,游水,沙田,,沙田,,,,,,,,游水,,
H011,08/08/2022,快操,沙田,全天候,沙田 全天候,,30.4,30.4,30.4,,助手,,快操,H,30.4 (30.4) (助手)
H011,08/08/2022,踱步,沙田,飛機場,沙田 飛機場,,,,,,助手,,踱步,H,飛機場 踱步 (助手)
H011,07/08/2022,游水,沙田,,沙田,,,,,,,,游水,,
H011,07/08/2022,踱步,沙田,內圈,沙田 內圈,,,,,,助手,,快踱一圈,H,內圈 快踱一圈 (助手)
H011,06/08/2022,游水,沙田,,沙田,,,,,,,,游水,,
H011,06/08/2022,踱步,沙田,內圈,沙田 內圈,,,,,,助手,,快踱一圈,H,內圈 快踱一圈 (助手)
H011,05/08/2022,游水,沙田,,沙田,,,,,,,,游水,,
H011,05/08/2022,踱步,沙田,內圈,沙田 內圈,,,,,,助手,,快踱一圈,H,內圈 快踱一圈 (助手)
H011,04/08/2022,游水,沙田,,沙田,,,,,,,,游水,,
H011,04/08/2022,踱步,沙田,內圈,沙田 內圈,,,,,,助手,,快踱一圈,H,內圈 快踱一圈 (助手)
H011,03/08/2022,游水,沙田,,沙田,,,,,,,,游水,,
H011,03/08/2022,踱步,沙田,內圈,沙田 內圈,,,,,,助手,,快踱一圈,H,內圈 快踱一圈 (助手)
H011,02/08/2022,游水,沙田,,沙田,,,,,,,,游水,,
H011,02/08/2022,踱步,沙田,內圈,沙田 內圈,,,,,,助手,,快踱一圈,H,內圈 快踱一圈 (助手)
H011,01/08/2022,游水,沙田,,沙田,,,,,,,,游水,,
H011,01/08/2022,踱步,沙田,內圈,沙田 內圈,,,,,,助手,,快踱一圈,H,內圈 快踱一圈 (助手)
H011,31/07/2022,踱步,沙田,飛機場,沙田 飛機場,,,,,,助手,,踱步,H,飛機場 踱步 (助手)
H011,30/07/2022,踱步,沙田,飛機場,沙田 飛機場,,,,,,助手,,踱步,H,飛機場 踱步 (助手)
H011,28/07/2022,踱步,沙田,飛機場,沙田 飛機場,,,,,,助手,,踱步,H,飛機場 踱步 (助手)
H011,27/07/2022,踱步,沙田,飛機場,沙田 飛機場,,,,,,助手,,踱步,H,飛機場 踱步 (助手)
H011,26/07/2022,踱步,沙田,飛機場,沙田 飛機場,,,,,,助手,,踱步,H,飛機場 踱步 (助手)
H011,25/07/2022,踱步,沙田,飛機場,沙田 飛機場,,,,,,助手,,踱步,H,飛機場 踱步 (助手)
H011,16/07/2022,游水,沙田,,沙田,,,,,,,,游水,,
H011,16/07/2022,踱步,沙田,內圈,沙田 內圈,,,,,,助手,,快踱一圈,H,內圈 快踱一圈 (助手)
H011,15/07/2022,游水,沙田,,沙田,,,,,,,,游水,,
H011,15/07/2022,踱步,沙田,內圈,沙田 內圈,,,,,,助手,,快踱一圈,H,內圈 快踱一圈 (助手)
H011,14/07/2022,踱步,沙田,內圈,沙田 內圈,,,,,,助手,,倒快一圈,H,內圈 倒快一圈 (助手)
H011,13/07/2022,踱步,沙田,外圈,沙田 外圈,,,,,,助手,,快踱一圈,H,外圈 快踱一圈 (助手)
H011,12/07/2022,游水,沙田,,沙田,,,,,,,,游水,,
H011,12/07/2022,踱步,沙田,內圈,沙田 內圈,,,,,,助手,,快踱一圈,H,內圈 快踱一圈 (助手)
H011,11/07/2022,踱步,沙田,內圈,沙田 內圈,,,,,,助手,,倒快一圈,H,內圈 倒快一圈 (助手)
H011,10/07/2022,踱步,沙田,內圈,沙田 內圈,,,,,,助手,,快踱一圈,H,內圈 快踱一圈 (助手)
H011,09/07/2022,踱步,沙田,內圈,沙田 內圈,,,,,,助手,,快踱一圈,H,內圈 快踱一圈 (助手)
H011,08/07/2022,踱步,沙田,內圈,沙田 內圈,,,,,,助手,,快踱一圈,H,內圈 快踱一圈 (助手)
H011,07/07/2022,踱步,沙田,內圈,沙田 內圈,,,,,,助手,,倒快一圈,H,內圈 倒快一圈 (助手)
H011,06/07/2022,踱步,沙田,內圈,沙田 內圈,,,,,,助手,,快踱一圈,H,內圈 快踱一圈 (助手)
H011,05/07/2022,踱步,沙田,內圈,沙田 內圈,,,,,,助手,,快踱一圈,H,內圈 快踱一圈 (助手)
H011,03/07/2022,踱步,沙田,飛機場,沙田 飛機場,,,,,,助手,,踱步,,飛機場 踱步 (助手)
H011,01/07/2022,踱步,沙田,飛機場,沙田 飛機場,,,,,,助手,,踱步,,飛機場 踱步 (助手)
H011,30/06/2022,踱步,沙田,飛機場,沙田 飛機場,,,,,,助手,,踱步,,飛機場 踱步 (助手)
H011,29/06/2022,踱步,沙田,飛機場,沙田 飛機場,,,,,,助手,,踱步,,飛機場 踱步 (助手)
H011,28/06/2022,踱步,沙田,飛機場,沙田 飛機場,,,,,,助手,,踱步,,飛機場 踱步 (助手)
