horse_no,date,work_type,racecourse,track,venue,distance,time,time_sec,splits,partner,rider,placing,comment,gear,workout_details
G392,04/09/2026,試閘,從化,草地,從化 草地,1200M,1.11.39,71.39,25.0 23.2 23.1,包裝天將,霍宏聲,,第6組,,第6組 (霍宏聲) 1200M 包裝天將 25.0 23.2 23.1 (1.11.39)
G392,03/09/2026,游水,從化,,從化,,,,,,,,游水,,
G392,03/09/2026,踱步,從化,內圈,從化 內圈,,,,,,助手,,倒快兩圈,H,內圈 倒快兩圈 (助手)
G392,02/09/2026,游水,從化,,從化,,,,,,,,游水,,
G392,02/09/2026,踱步,從化,內圈,從化 內圈,,,,,,助手,,快踱兩圈,H,內圈 快踱兩圈 (助手)
G392,01/09/2026,快操,從化,草地,從化 草地,,1.19.7,79.7,28.3 27.2 24.2,,助手,,共享富裕,H,28.3 27.2 24.2 (1.19.7) (助手) 共享富裕
G392,01/09/2026,踱步,從化,飛機場,從化 飛機場,,,,,,助手,,踱步,H,飛機場 踱步 (助手)
G392,31/08/2026,游水,從化,,從化,,,,,,,,游水,,
G392,31/08/2026,踱步,從化,內圈,從化 內圈,,,,,,助手,,倒快兩圈,H,內圈 倒快兩圈 (助手)
G392,30/08/2026,游水,從化,,從化,,,,,,,,游水,,
G392,30/08/2026,踱步,從化,內圈,從化 內圈,,,,,,助手,,快踱一圈,H,內圈 快踱一圈 (助手)
G392,29/08/2026,游水,從化,,從化,,,,,,,,游水,,
G392,29/08/2026,踱步,從化,內圈,從化 內圈,,,,,,助手,,快踱兩圈,H,內圈 快踱兩圈 (助手)
G392,28/08/2026,游水,從化,,從化,,,,,,,,游水,,
G392,28/08/2026,踱步,從化,內圈,從化 內圈,,,,,,助手,,快踱兩圈,H,內圈 快踱兩圈 (助手)
G392,27/08/2026,游水,從化,,從化,,,,,,,,游水,,
G392,27/08/2026,踱步,從化,內圈,從化 內圈,,,,,,助手,,倒快兩圈,H,內圈 倒快兩圈 (助手)
G392,26/08/2026,游水,從化,,從化,,,,,,,,游水,,
G392,26/08/2026,踱步,從化,內圈,從化 內圈,,,,,,助手,,快踱兩圈,H,內圈 快踱兩圈 (助手)
G392,25/08/2026,快操,從化,登山跑道,從化 登山跑道,,49.4,49.4,25.3 24.1,,助手,,快操,H,25.3 24.1 (49.4) (助手)
G392,25/08/2026,踱步,從化,飛機場,從化 飛機場,,,,,,助手,,踱步,H,飛機場 踱步 (助手)
G392,24/08/2026,游水,從化,,從化,,,,,,,,游水,,
G392,24/08/2026,踱步,從化,內圈,從化 內圈,,,,,,助手,,倒快兩圈,H,內圈 倒快兩圈 (助手)
G392,23/08/2026,游水,從化,,從化,,,,,,,,游水,,
G392,23/08/2026,踱步,從化,內圈,從化 內圈,,,,,,助手,,快踱一圈,H,內圈 快踱一圈 (助手)
G392,22/08/2026,游水,從化,,從化,,,,,,,,游水,,
G392,22/08/2026,踱步,從化,內圈,從化 內圈,,,,,,助手,,快踱兩圈,H,內圈 快踱兩圈 (助手)
G392,21/08/2026,游水,從化,,從化,,,,,,,,游水,,
G392,21/08/2026,踱步,從化,內圈,從化 內圈,,,,,,助手,,快踱兩圈,H,內圈 快踱兩圈 (助手)
G392,20/08/2026,游水,從化,,從化,,,,,,,,游水,,
G392,20/08/2026,踱步,從化,內圈,從化 內圈,,,,,,助手,,倒快兩圈,H,內圈 倒快兩圈 (助手)
G392,19/08/2026,快操,從化,登山跑道,從化 登山跑道,,52.3,52.3,26.2 26.1,,助手,,快操,H,26.2 26.1 (52.3) (助手)
G392,19/08/2026,踱步,從化,飛機場,從化 飛機場,,,,,,助手,,踱步,H,飛機場 踱步 (助手)
G392,18/08/2026,游水,從化,,從化,,,,,,,,游水,,
G392,18/08/2026,踱步,從化,內圈,從化 內圈,,,,,,助手,,快踱兩圈,H,內圈 快踱兩圈 (助手)
G392,17/08/2026,游水,從化,,從化,,,,,,,,游水,,
G392,17/08/2026,踱步,從化,內圈,從化 內圈,,,,,,助手,,倒快兩圈,H,內圈 倒快兩圈 (助手)
G392,16/08/2026,游水,從化,,從化,,,,,,,,游水,,
G392,16/08/2026,踱步,從化,內圈,從化 內圈,,,,,,助手,,快踱一圈,H,內圈 快踱一圈 (助手)
G392,15/08/2026,游水,從化,,從化,,,,,,,,游水,,
G392,15/08/2026,快操,從化,登山跑道,從化 登山跑道,,54.3,54.3,26.7 27.6,,助手,,快操,H,26.7 27.6 (54.3) (助手)
G392,15/08/2026,踱步,從化,飛機場,從化 飛機場,,,,,,助手,,踱步,H,飛機場 踱步 (助手)
G392,14/08/2026,游水,從化,,從化,,,,,,,,游水,,
G392,14/08/2026,踱步,從化,內圈,從化 內圈,,,,,,助手,,快踱兩圈,H,內圈 快踱兩圈 (助手)
G392,13/08/2026,游水,從化,,從化,,,,,,,,游水,,
G392,13/08/2026,踱步,從化,內圈,從化 內圈,,,,,,助手,,倒快兩圈,H,內圈 倒快兩圈 (助手)
G392,12/08/2026,游水,從化,,從化,,,,,,,,游水,,
G392,12/08/2026,快操,從化,登山跑道,從化 登山跑道,,58.1,58.1,30.2 27.9,,助手,,快操,H,30.2 27.9 (58.1) (助手)
G392,12/08/2026,踱步,從化,飛機場,從化 飛機場,,,,,,助手,,踱步,H,飛機場 踱步 (助手)
G392,11/08/2026,游水,從化,,從化,,,,,,,,游水,,
G392,11/08/2026,踱步,從化,內圈,從化 內圈,,,,,,助手,,快踱兩圈,H,內圈 快踱兩圈 (助手)
G392,10/08/2026,游水,從化,,從化,,,,,,,,游水,,
G392,10/08/2026,踱步,從化,內圈,從化 內圈,,,,,,助手,,倒快兩圈,H,內圈 倒快兩圈 (助手)
G392,09/08/2026,游水,從化,,從化,,,,,,,,游水,,
G392,09/08/2026,踱步,從化,內圈,從化 內圈,,,,,,助手,,快踱兩圈,H,內圈 快踱兩圈 (助手)
G392,08/08/2026,游水,從化,,從化,,,,,,,,游水,,
G392,08/08/2026,踱步,從化,內圈,從化 內圈,,,,,,助手,,快踱兩圈,H,內圈 快踱兩圈 (助手)
G392,07/08/2026,游水,從化,,從化,,,,,,,,游水,,
G392,07/08/2026,踱步,從化,內圈,從化 內圈,,,,,,助手,,快踱兩圈,H,內圈 快踱兩圈 (助手)
G392,06/08/2026,踱步,從化,內圈,從化 內圈,,,,,,助手,,倒快一圈,H,內圈 倒快一圈 (助手)
G392,05/08/2026,踱步,從化,內圈,從化 內圈,,,,,,助手,,快踱一圈,H,內圈 快踱一圈 (助手)
G392,04/08/2026,踱步,從化,飛機場,從化 飛機場,,,,,,助手,,踱步,H,飛機場 踱步 (助手)
G392,03/08/2026,踱步,從化,飛機場,從化 飛機場,,,,,,助手,,踱步,H,飛機場 踱步 (助手)
G392,02/08/2026,踱步,從化,飛機場,從化 飛機場,,,,,,助手,,踱步,H,飛機場 踱步 (助手)
G392,01/08/2026,踱步,從化,飛機場,從化 飛機場,,,,,,助手,,踱步,H,飛機場 踱步 (助手)
G392,31/07/2026,馬匹跑步機,從化,,從化,,,,,,上斜,,馬匹跑步機 - 踱步,,馬匹跑步機 - 踱步 （上斜）
G392,30/07/2026,馬匹水中步行機,從化,,從化,,,,,,,,馬匹水中步行機,,
G392,29/07/2026,馬匹跑步機,從化,,從化,,,,,,上斜,,馬匹跑步機 - 踱步,,馬匹跑步機 - 踱步 （上斜）
G392,28/07/2026,馬匹水中步行機,從化,,從化,,,,,,,,馬匹水中步行機,,
G392,27/07/2026,馬匹跑步機,從化,,從化,,,,,,上斜,,馬匹跑步機 - 踱步,,馬匹跑步機 - 踱步 （上斜）
G392,25/07/2026,馬匹水中步行機,從化,,從化,,,,,,,,馬匹水中步行機,,
G392,24/07/2026,馬匹跑步機,從化,,從化,,,,,,上斜,,馬匹跑步機 - 踱步,,馬匹跑步機 - 踱步 （上斜）
G392,23/07/2026,馬匹水中步行機,從化,,從化,,,,,,,,馬匹水中步行機,,
G392,22/07/2026,馬匹跑步機,從化,,從化,,,,,,上斜,,馬匹跑步機 - 踱步,,馬匹跑步機 - 踱步 （上斜）
G392,21/07/2026,馬匹水中步行機,從化,,從化,,,,,,,,馬匹水中步行機,,
G392,20/07/2026,馬匹跑步機,從化,,從化,,,,,,上斜,,馬匹跑步機 - 踱步,,馬匹跑步機 - 踱步 （上斜）
G392,17/07/2026,馬匹跑步機,從化,,從化,,,,,,上斜,,馬匹跑步機 - 踱步,,馬匹跑步機 - 踱步 （上斜）
G392,15/07/2026,馬匹跑步機,從化,,從化,,,,,,上斜,,馬匹跑步機 - 踱步,,馬匹跑步機 - 踱步 （上斜）
G392,13/07/2026,馬匹水中步行機,從化,,從化,,,,,,,,馬匹水中步行機,,
G392,12/07/2026,馬匹水中步行機,從化,,從化,,,,,,,,馬匹水中步行機,,
G392,11/07/2026,馬匹水中步行機,從化,,從化,,,,,,,,馬匹水中步行機,,
G392,09/07/2026,馬匹水中步行機,從化,,從化,,,,,,,,馬匹水中步行機,,
G392,08/07/2026,馬匹水中步行機,從化,,從化,,,,,,,,馬匹水中步行機,,
G392,06/07/2026,馬匹水中步行機,從化,,從化,,,,,,,,馬匹水中步行機,,
G392,05/07/2026,馬匹水中步行機,從化,,從化,,,,,,,,馬匹水中步行機,,
G392,04/07/2026,馬匹水中步行機,從化,,從化,,,,,,,,馬匹水中步行機,,
G392,03/07/2026,馬匹水中步行機,從化,,從化,,,,,,,,馬匹水中步行機,,
G392,02/07/2026,馬匹水中步行機,從化,,從化,,,,,,,,馬匹水中步行機,,
G392,01/07/2026,馬匹水中步行機,從化,,從化,,,,,,,,馬匹水中步行機,,
G392,30/06/2026,馬匹水中步行機,從化,,從化,,,,,,,,馬匹水中步行機,,
G392,29/06/2026,馬匹水中步行機,從化,,從化,,,,,,,,馬匹水中步行機,,
G392,28/06/2026,馬匹水中步行機,從化,,從化,,,,,,,,馬匹水中步行機,,
G392,27/06/2026,馬匹水中步行機,從化,,從化,,,,,,,,馬匹水中步行機,,
G392,26/06/2026,馬匹水中步行機,從化,,從化,,,,,,,,馬匹水中步行機,,
G392,25/06/2026,馬匹水中步行機,從化,,從化,,,,,,,,馬匹水中步行機,,
G392,24/06/2026,馬匹水中步行機,從化,,從化,,,,,,,,馬匹水中步行機,,
G392,23/06/2026,馬匹水中步行機,從化,,從化,,,,,,,,馬匹水中步行機,,
G392,22/06/2026,馬匹水中步行機,從化,,從化,,,,,,,,馬匹水中步行機,,
G392,21/06/2026,馬匹水中步行機,從化,,從化,,,,,,,,馬匹水中步行機,,
G392,20/06/2026,馬匹水中步行機,從化,,從化,,,,,,,,馬匹水中步行機,,
G392,19/06/2026,馬匹水中步行機,從化,,從化,,,,,,,,馬匹水中步行機,,
G392,18/06/2026,馬匹水中步行機,從化,,從化,,,,,,,,馬匹水中步行機,,
G392,17/06/2026,馬匹水中步行機,從化,,從化,,,,,,,,馬匹水中步行機,,
G392,16/06/2026,馬匹水中步行機,從化,,從化,,,,,,,,馬匹水中步行機,,
G392,15/06/2026,馬匹水中步行機,從化,,從化,,,,,,,,馬匹水中步行機,,
G392,14/06/2026,馬匹水中步行機,從化,,從化,,,,,,,,馬匹水中步行機,,
G392,13/06/2026,馬匹水中步行機,從化,,從化,,,,,,,,馬匹水中步行機,,
G392,12/06/2026,馬匹水中步行機,從化,,從化,,,,,,,,馬匹水中步行機,,
G392,11/06/2026,馬匹水中步行機,從化,,從化,,,,,,,,馬匹水中步行機,,
G392,10/06/2026,馬匹水中步行機,從化,,從化,,,,,,,,馬匹水中步行機,,
G392,09/06/2026,馬匹水中步行機,從化,,從化,,,,,,,,馬匹水中步行機,,
G392,10/05/2026,游水,沙田,,沙田,,,,,,,,游水,,
G392,10/05/2026,踱步,沙田,飛機場,沙田 飛機場,,,,,,助手,,踱步,H,飛機場 踱步 (助手)
G392,09/05/2026,踱步,從化,飛機場,從化 飛機場,,,,,,助手,,踱步,,飛機場 踱步 (助手)
G392,08/05/2026,游水,從化,,從化,,,,,,,,游水,,
G392,07/05/2026,快操,從化,草地,從化 草地,,53.2,53.2,27.5 25.7,,助手,,快操,H,27.5 25.7 (53.2) (助手)
G392,07/05/2026,踱步,從化,飛機場,從化 飛機場,,,,,,助手,,踱步,H,飛機場 踱步 (助手)
G392,06/05/2026,游水,從化,,從化,,,,,,,,游水,,
G392,06/05/2026,踱步,從化,內圈,從化 內圈,,,,,,助手,,快踱兩圈,H,內圈 快踱兩圈 (助手)
G392,05/05/2026,游水,從化,,從化,,,,,,,,游水,,
G392,05/05/2026,踱步,從化,內圈,從化 內圈,,,,,,助手,,快踱兩圈,H,內圈 快踱兩圈 (助手)
G392,04/05/2026,游水,從化,,從化,,,,,,,,游水,,
G392,04/05/2026,踱步,從化,內圈,從化 內圈,,,,,,助手,,倒快兩圈,H,內圈 倒快兩圈 (助手)
G392,03/05/2026,游水,從化,,從化,,,,,,,,游水,,
G392,03/05/2026,踱步,從化,內圈,從化 內圈,,,,,,助手,,快踱一圈,H,內圈 快踱一圈 (助手)
G392,02/05/2026,游水,從化,,從化,,,,,,,,游水,,
G392,02/05/2026,踱步,從化,內圈,從化 內圈,,,,,,助手,,快踱兩圈,H,內圈 快踱兩圈 (助手)
G392,01/05/2026,游水,從化,,從化,,,,,,,,游水,,
G392,01/05/2026,踱步,從化,內圈,從化 內圈,,,,,,助手,,快踱兩圈,H,內圈 快踱兩圈 (助手)
G392,30/04/2026,游水,從化,,從化,,,,,,,,游水,,
G392,30/04/2026,踱步,從化,內圈,從化 內圈,,,,,,助手,,倒快兩圈,H,內圈 倒快兩圈 (助手)
G392,29/04/2026,游水,從化,,從化,,,,,,,,游水,,
G392,29/04/2026,踱步,從化,內圈,從化 內圈,,,,,,助手,,快踱一圈,H,內圈 快踱一圈 (助手)
G392,28/04/2026,游水,從化,,從化,,,,,,,,游水,,
G392,28/04/2026,踱步,從化,內圈,從化 內圈,,,,,,助手,,快踱一圈,H,內圈 快踱一圈 (助手)
G392,27/04/2026,踱步,從化,飛機場,從化 飛機場,,,,,,助手,,踱步,H,飛機場 踱步 (助手)
G392,25/04/2026,踱步,從化,內圈,從化 內圈,,,,,,助手,,快踱一圈,H,內圈 快踱一圈 (助手)
G392,23/04/2026,試閘,從化,全天候,從化 全天候,1200M,1.11.44,71.44,26.3 22.8 22.3,話你知,陳嘉熙,,第1組,B,第1組 (陳嘉熙) 1200M 話你知 26.3 22.8 22.3 (1.11.44)
G392,22/04/2026,游水,從化,,從化,,,,,,,,游水,,
G392,22/04/2026,踱步,從化,內圈,從化 內圈,,,,,,助手,,快踱兩圈,H,內圈 快踱兩圈 (助手)
G392,21/04/2026,快操,從化,草地,從化 草地,,54.1,54.1,28.0 26.1,,助手,,快操,H,28.0 26.1 (54.1) (助手)
G392,21/04/2026,踱步,從化,飛機場,從化 飛機場,,,,,,助手,,踱步,H,飛機場 踱步 (助手)
G392,20/04/2026,游水,從化,,從化,,,,,,,,游水,,
G392,20/04/2026,踱步,從化,內圈,從化 內圈,,,,,,助手,,倒快兩圈,H,內圈 倒快兩圈 (助手)
G392,19/04/2026,游水,從化,,從化,,,,,,,,游水,,
G392,19/04/2026,踱步,從化,內圈,從化 內圈,,,,,,助手,,快踱一圈,H,內圈 快踱一圈 (助手)
G392,18/04/2026,游水,從化,,從化,,,,,,,,游水,,
G392,18/04/2026,踱步,從化,內圈,從化 內圈,,,,,,助手,,快踱兩圈,H,內圈 快踱兩圈 (助手)
G392,17/04/2026,游水,從化,,從化,,,,,,,,游水,,
G392,17/04/2026,踱步,從化,內圈,從化 內圈,,,,,,助手,,快踱兩圈,H,內圈 快踱兩圈 (助手)
G392,16/04/2026,游水,從化,,從化,,,,,,,,游水,,
G392,16/04/2026,踱步,從化,內圈,從化 內圈,,,,,,助手,,倒快兩圈,H,內圈 倒快兩圈 (助手)
G392,15/04/2026,游水,從化,,從化,,,,,,,,游水,,
G392,15/04/2026,踱步,從化,內圈,從化 內圈,,,,,,助手,,快踱兩圈,H,內圈 快踱兩圈 (助手)
G392,14/04/2026,游水,從化,,從化,,,,,,,,游水,,
G392,14/04/2026,踱步,從化,內圈,從化 內圈,,,,,,助手,,快踱兩圈,H,內圈 快踱兩圈 (助手)
G392,13/04/2026,游水,從化,,從化,,,,,,,,游水,,
G392,13/04/2026,踱步,從化,內圈,從化 內圈,,,,,,助手,,倒快兩圈,H,內圈 倒快兩圈 (助手)
G392,12/04/2026,游水,從化,,從化,,,,,,,,游水,,
G392,12/04/2026,踱步,從化,內圈,從化 內圈,,,,,,助手,,快踱一圈,H,內圈 快踱一圈 (助手)
G392,11/04/2026,游水,從化,,從化,,,,,,,,游水,,
G392,11/04/2026,踱步,從化,內圈,從化 內圈,,,,,,助手,,快踱兩圈,H,內圈 快踱兩圈 (助手)
G392,10/04/2026,游水,從化,,從化,,,,,,,,游水,,
G392,10/04/2026,踱步,從化,內圈,從化 內圈,,,,,,助手,,快踱兩圈,H,內圈 快踱兩圈 (助手)
G392,09/04/2026,游水,從化,,從化,,,,,,,,游水,,
G392,09/04/2026,踱步,從化,內圈,從化 內圈,,,,,,助手,,倒快一圈,H,內圈 倒快一圈 (助手)
G392,08/04/2026,踱步,沙田,飛機場,沙田 飛機場,,,,,,助手,,踱步,H,飛機場 踱步 (助手)
G392,06/04/2026,出賽,沙田,草地,沙田 草地,2000M,,,,,何澤堯,8/11,出賽,TT,2000M (何澤堯) (8/11)
G392,05/04/2026,踱步,沙田,內圈,沙田 內圈,,,,,,助手,,快踱一圈,H,內圈 快踱一圈 (助手)
G392,04/04/2026,游水,沙田,,沙田,,,,,,,,游水,,
G392,04/04/2026,踱步,沙田,內圈,沙田 內圈,,,,,,助手,,快踱兩圈,H,內圈 快踱兩圈 (助手)
G392,03/04/2026,游水,沙田,,沙田,,,,,,,,游水,,
G392,02/04/2026,游水,沙田,,沙田,,,,,,,,游水,,
G392,02/04/2026,踱步,沙田,內圈,沙田 內圈,,,,,,助手,,倒快兩圈,H,內圈 倒快兩圈 (助手)
G392,01/04/2026,游水,沙田,,沙田,,,,,,,,游水,,
G392,01/04/2026,踱步,沙田,內圈,沙田 內圈,,,,,,助手,,快踱兩圈,H,內圈 快踱兩圈 (助手)
G392,31/03/2026,游水,沙田,,沙田,,,,,,,,游水,,
G392,31/03/2026,踱步,沙田,內圈,沙田 內圈,,,,,,助手,,快踱兩圈,H,內圈 快踱兩圈 (助手)
G392,30/03/2026,游水,沙田,,沙田,,,,,,,,游水,,
G392,30/03/2026,踱步,沙田,內圈,沙田 內圈,,,,,,助手,,倒快兩圈,H,內圈 倒快兩圈 (助手)
G392,29/03/2026,踱步,沙田,內圈,沙田 內圈,,,,,,助手,,快踱一圈,H,內圈 快踱一圈 (助手)
G392,28/03/2026,游水,沙田,,沙田,,,,,,,,游水,,
G392,28/03/2026,踱步,沙田,內圈,沙田 內圈,,,,,,助手,,快踱一圈,H,內圈 快踱一圈 (助手)
G392,27/03/2026,游水,沙田,,沙田,,,,,,,,游水,,
G392,27/03/2026,踱步,沙田,內圈,沙田 內圈,,,,,,助手,,快踱一圈,H,內圈 快踱一圈 (助手)
G392,26/03/2026,踱步,沙田,飛機場,沙田 飛機場,,,,,,助手,,踱步,H,飛機場 踱步 (助手)
G392,24/03/2026,游水,沙田,,沙田,,,,,,,,游水,,
G392,22/03/2026,出賽,沙田,草地,沙田 草地,1800M,,,,,麥文堅,11/13,出賽,TT,1800M (麥文堅) (11/13)
G392,21/03/2026,游水,沙田,,沙田,,,,,,,,游水,,
G392,21/03/2026,踱步,沙田,內圈,沙田 內圈,,,,,,助手,,快踱兩圈,H,內圈 快踱兩圈 (助手)
G392,20/03/2026,游水,沙田,,沙田,,,,,,,,游水,,
G392,20/03/2026,踱步,沙田,外圈,沙田 外圈,,,,,,黃智弘,,快踱一圈,H,外圈 快踱一圈 (黃智弘)
G392,19/03/2026,踱步,從化,內圈,從化 內圈,,,,,,助手,,倒快兩圈,H,內圈 倒快兩圈 (助手)
G392,18/03/2026,游水,從化,,從化,,,,,,,,游水,,
G392,18/03/2026,踱步,從化,內圈,從化 內圈,,,,,,助手,,快踱兩圈,H,內圈 快踱兩圈 (助手)
G392,17/03/2026,快操,從化,草地,從化 草地,,1.21.4,81.4,29.6 27.5 24.3,,助手,,快操,H,29.6 27.5 24.3 (1.21.4) (助手)
G392,17/03/2026,踱步,從化,飛機場,從化 飛機場,,,,,,助手,,踱步,H,飛機場 踱步 (助手)
G392,16/03/2026,游水,從化,,從化,,,,,,,,游水,,
G392,16/03/2026,踱步,從化,內圈,從化 內圈,,,,,,助手,,倒快兩圈,H,內圈 倒快兩圈 (助手)
G392,15/03/2026,游水,從化,,從化,,,,,,,,游水,,
G392,15/03/2026,踱步,從化,內圈,從化 內圈,,,,,,助手,,快踱一圈,H,內圈 快踱一圈 (助手)
G392,14/03/2026,游水,從化,,從化,,,,,,,,游水,,
G392,14/03/2026,踱步,從化,內圈,從化 內圈,,,,,,助手,,快踱兩圈,H,內圈 快踱兩圈 (助手)
G392,13/03/2026,游水,從化,,從化,,,,,,,,游水,,
G392,13/03/2026,踱步,從化,內圈,從化 內圈,,,,,,助手,,快踱兩圈,H,內圈 快踱兩圈 (助手)
G392,12/03/2026,游水,從化,,從化,,,,,,,,游水,,
G392,12/03/2026,快操,從化,草地,從化 草地,,51.8,51.8,27.6 24.2,,助手,,鈦易搵,H,27.6 24.2 (51.8) (助手) 鈦易搵
G392,12/03/2026,踱步,從化,飛機場,從化 飛機場,,,,,,助手,,踱步,H,飛機場 踱步 (助手)
G392,11/03/2026,游水,從化,,從化,,,,,,,,游水,,
G392,11/03/2026,踱步,從化,內圈,從化 內圈,,,,,,助手,,快踱兩圈,H,內圈 快踱兩圈 (助手)
G392,10/03/2026,游水,從化,,從化,,,,,,,,游水,,
G392,10/03/2026,踱步,從化,內圈,從化 內圈,,,,,,助手,,快踱兩圈,H,內圈 快踱兩圈 (助手)
G392,09/03/2026,游水,從化,,從化,,,,,,,,游水,,
G392,09/03/2026,踱步,從化,內圈,從化 內圈,,,,,,助手,,倒快兩圈,H,內圈 倒快兩圈 (助手)
G392,08/03/2026,游水,從化,,從化,,,,,,,,游水,,
G392,08/03/2026,踱步,從化,內圈,從化 內圈,,,,,,助手,,快踱一圈,H,內圈 快踱一圈 (助手)
G392,07/03/2026,游水,從化,,從化,,,,,,,,游水,,
G392,07/03/2026,踱步,從化,內圈,從化 內圈,,,,,,助手,,快踱兩圈,H,內圈 快踱兩圈 (助手)
G392,06/03/2026,游水,從化,,從化,,,,,,,,游水,,
G392,06/03/2026,踱步,從化,內圈,從化 內圈,,,,,,助手,,快踱一圈,H,內圈 快踱一圈 (助手)
G392,05/03/2026,游水,從化,,從化,,,,,,,,游水,,
G392,05/03/2026,踱步,從化,內圈,從化 內圈,,,,,,助手,,倒快一圈,H,內圈 倒快一圈 (助手)
G392,04/03/2026,踱步,沙田,內圈,沙田 內圈,,,,,,助手,,快踱一圈,H,內圈 快踱一圈 (助手)
G392,03/03/2026,踱步,沙田,飛機場,沙田 飛機場,,,,,,助手,,踱步,H,飛機場 踱步 (助手)
G392,01/03/2026,出賽,沙田,草地,沙田 草地,2000M,,,,,麥文堅,8/14,出賽,TT,2000M (麥文堅) (8/14)
G392,28/02/2026,游水,沙田,,沙田,,,,,,,,游水,,
G392,28/02/2026,踱步,沙田,內圈,沙田 內圈,,,,,,助手,,快踱一圈,H,內圈 快踱一圈 (助手)
G392,27/02/2026,快操,沙田,全天候,沙田 全天候,,1.30.1,90.1,31.3 31.2 27.6,,助手,,快操,H,31.3 31.2 27.6 (1.30.1) (助手)
G392,26/02/2026,游水,沙田,,沙田,,,,,,,,游水,,
G392,26/02/2026,踱步,沙田,內圈,沙田 內圈,,,,,,助手,,倒快兩圈,H,內圈 倒快兩圈 (助手)
G392,25/02/2026,游水,沙田,,沙田,,,,,,,,游水,,
G392,25/02/2026,踱步,沙田,內圈,沙田 內圈,,,,,,助手,,快踱兩圈,H,內圈 快踱兩圈 (助手)
G392,24/02/2026,游水,沙田,,沙田,,,,,,,,游水,,
G392,24/02/2026,踱步,沙田,內圈,沙田 內圈,,,,,,助手,,快踱兩圈,H,內圈 快踱兩圈 (助手)
G392,23/02/2026,快操,沙田,全天候,沙田 全天候,,50.3,50.3,27.5 22.8,,助手,,快操,H,27.5 22.8 (50.3) (助手)
G392,23/02/2026,踱步,沙田,飛機場,沙田 飛機場,,,,,,助手,,踱步,H,飛機場 踱步 (助手)
G392,22/02/2026,游水,沙田,,沙田,,,,,,,,游水,,
G392,22/02/2026,踱步,沙田,內圈,沙田 內圈,,,,,,助手,,快踱一圈,H,內圈 快踱一圈 (助手)
G392,21/02/2026,游水,沙田,,沙田,,,,,,,,游水,,
G392,21/02/2026,踱步,沙田,內圈,沙田 內圈,,,,,,助手,,快踱兩圈,H,內圈 快踱兩圈 (助手)
G392,20/02/2026,游水,沙田,,沙田,,,,,,,,游水,,
G392,20/02/2026,踱步,沙田,內圈,沙田 內圈,,,,,,助手,,快踱兩圈,H,內圈 快踱兩圈 (助手)
G392,19/02/2026,游水,沙田,,沙田,,,,,,,,游水,,
G392,19/02/2026,踱步,沙田,內圈,沙田 內圈,,,,,,助手,,倒快兩圈,H,內圈 倒快兩圈 (助手)
G392,18/02/2026,踱步,沙田,飛機場,沙田 飛機場,,,,,,助手,,踱步,H,飛機場 踱步 (助手)
G392,16/02/2026,踱步,沙田,內圈,沙田 內圈,,,,,,助手,,倒快兩圈,H,內圈 倒快兩圈 (助手)
G392,15/02/2026,游水,沙田,,沙田,,,,,,,,游水,,
G392,15/02/2026,踱步,沙田,內圈,沙田 內圈,,,,,,助手,,快踱兩圈,H,內圈 快踱兩圈 (助手)
G392,14/02/2026,游水,沙田,,沙田,,,,,,,,游水,,
G392,14/02/2026,踱步,沙田,內圈,沙田 內圈,,,,,,助手,,快踱一圈,H,內圈 快踱一圈 (助手)
G392,13/02/2026,快操,沙田,全天候,沙田 全天候,,29.1,29.1,29.1,,助手,,快操,H,29.1 (29.1) (助手)
G392,13/02/2026,踱步,沙田,飛機場,沙田 飛機場,,,,,,助手,,踱步,H,飛機場 踱步 (助手)
G392,12/02/2026,游水,沙田,,沙田,,,,,,,,游水,,
G392,12/02/2026,踱步,沙田,內圈,沙田 內圈,,,,,,助手,,倒快一圈,H,內圈 倒快一圈 (助手)
G392,11/02/2026,游水,沙田,,沙田,,,,,,,,游水,,
G392,11/02/2026,踱步,沙田,飛機場,沙田 飛機場,,,,,,助手,,踱步,H,飛機場 踱步 (助手)
G392,10/02/2026,游水,沙田,,沙田,,,,,,,,游水,,
G392,08/02/2026,出賽,沙田,草地,沙田 草地,1800M,,,,,麥文堅,2/14,出賽,TT,1800M (麥文堅) (2/14)
G392,07/02/2026,游水,沙田,,沙田,,,,,,,,游水,,
G392,07/02/2026,踱步,沙田,內圈,沙田 內圈,,,,,,助手,,快踱兩圈,H,內圈 快踱兩圈 (助手)
G392,06/02/2026,游水,沙田,,沙田,,,,,,,,游水,,
G392,06/02/2026,踱步,沙田,內圈,沙田 內圈,,,,,,助手,,快踱兩圈,H,內圈 快踱兩圈 (助手)
G392,05/02/2026,快操,沙田,草地,沙田 草地,,57.5,57.5,31.2 26.3,,助手,,快操,H,31.2 26.3 (57.5) (助手)
G392,04/02/2026,馬匹跑步機,沙田,,沙田,,,,,,上斜,,馬匹跑步機 - 踱步,,馬匹跑步機 - 踱步 （上斜）
G392,04/02/2026,踱步,沙田,內圈,沙田 內圈,,,,,,助手,,快踱兩圈,H,內圈 快踱兩圈 (助手)
G392,03/02/2026,馬匹跑步機,沙田,,沙田,,,,,,上斜,,馬匹跑步機 - 步行,,馬匹跑步機 - 步行 （上斜）
G392,03/02/2026,踱步,沙田,內圈,沙田 內圈,,,,,,助手,,快踱兩圈,H,內圈 快踱兩圈 (助手)
G392,02/02/2026,踱步,沙田,內圈,沙田 內圈,,,,,,助手,,倒快兩圈,H,內圈 倒快兩圈 (助手)
G392,01/02/2026,踱步,沙田,內圈,沙田 內圈,,,,,,助手,,快踱一圈,H,內圈 快踱一圈 (助手)
G392,31/01/2026,踱步,沙田,飛機場,沙田 飛機場,,,,,,助手,,踱步,H,飛機場 踱步 (助手)
G392,29/01/2026,踱步,沙田,內圈,沙田 內圈,,,,,,助手,,倒快兩圈,H,內圈 倒快兩圈 (助手)
G392,28/01/2026,游水,沙田,,沙田,,,,,,,,游水,,
G392,28/01/2026,踱步,沙田,內圈,沙田 內圈,,,,,,助手,,快踱一圈,H,內圈 快踱一圈 (助手)
G392,27/01/2026,踱步,沙田,飛機場,沙田 飛機場,,,,,,助手,,踱步,H,飛機場 踱步 (助手)
G392,25/01/2026,出賽,沙田,草地,沙田 草地,2000M,,,,,何澤堯,4/10,出賽,TT,2000M (何澤堯) (4/10)
G392,24/01/2026,游水,沙田,,沙田,,,,,,,,游水,,
G392,24/01/2026,踱步,沙田,內圈,沙田 內圈,,,,,,助手,,快踱兩圈,H,內圈 快踱兩圈 (助手)
G392,23/01/2026,游水,沙田,,沙田,,,,,,,,游水,,
G392,23/01/2026,踱步,沙田,內圈,沙田 內圈,,,,,,助手,,快踱兩圈,H,內圈 快踱兩圈 (助手)
G392,22/01/2026,踱步,從化,內圈,從化 內圈,,,,,,助手,,倒快兩圈,H,內圈 倒快兩圈 (助手)
G392,21/01/2026,游水,從化,,從化,,,,,,,,游水,,
G392,21/01/2026,踱步,從化,內圈,從化 內圈,,,,,,助手,,快踱兩圈,H,內圈 快踱兩圈 (助手)
G392,20/01/2026,游水,從化,,從化,,,,,,,,游水,,
G392,20/01/2026,踱步,從化,內圈,從化 內圈,,,,,,助手,,快踱兩圈,H,內圈 快踱兩圈 (助手)
G392,19/01/2026,游水,從化,,從化,,,,,,,,游水,,
G392,19/01/2026,踱步,從化,內圈,從化 內圈,,,,,,助手,,倒快兩圈,H,內圈 倒快兩圈 (助手)
G392,18/01/2026,游水,從化,,從化,,,,,,,,游水,,
G392,18/01/2026,踱步,從化,內圈,從化 內圈,,,,,,助手,,快踱一圈,H,內圈 快踱一圈 (助手)
G392,16/01/2026,試閘,從化,草地,從化 草地,1600M,1.39.26,99.26,26.6 24.0 24.3 24.3,話你知,陳嘉熙,,第4組,,第4組 (陳嘉熙) 1600M 話你知 26.6 24.0 24.3 24.3 (1.39.26)
G392,15/01/2026,游水,從化,,從化,,,,,,,,游水,,
G392,15/01/2026,踱步,從化,內圈,從化 內圈,,,,,,助手,,倒快兩圈,H,內圈 倒快兩圈 (助手)
G392,14/01/2026,游水,從化,,從化,,,,,,,,游水,,
G392,14/01/2026,踱步,從化,內圈,從化 內圈,,,,,,助手,,快踱兩圈,H,內圈 快踱兩圈 (助手)
G392,13/01/2026,游水,從化,,從化,,,,,,,,游水,,
G392,13/01/2026,快操,從化,草地,從化 草地,,1.24.1,84.1,30.6 29.0 24.5,,助手,,快操,H,30.6 29.0 24.5 (1.24.1) (助手)
G392,13/01/2026,踱步,從化,飛機場,從化 飛機場,,,,,,助手,,踱步,H,飛機場 踱步 (助手)
G392,12/01/2026,游水,從化,,從化,,,,,,,,游水,,
G392,12/01/2026,踱步,從化,內圈,從化 內圈,,,,,,助手,,倒快兩圈,H,內圈 倒快兩圈 (助手)
G392,11/01/2026,游水,從化,,從化,,,,,,,,游水,,
G392,11/01/2026,踱步,從化,內圈,從化 內圈,,,,,,助手,,快踱一圈,H,內圈 快踱一圈 (助手)
G392,10/01/2026,游水,從化,,從化,,,,,,,,游水,,
G392,10/01/2026,踱步,從化,內圈,從化 內圈,,,,,,助手,,快踱兩圈,H,內圈 快踱兩圈 (助手)
G392,09/01/2026,游水,從化,,從化,,,,,,,,游水,,
G392,09/01/2026,踱步,從化,內圈,從化 內圈,,,,,,助手,,快踱兩圈,H,內圈 快踱兩圈 (助手)
G392,08/01/2026,游水,從化,,從化,,,,,,,,游水,,
G392,08/01/2026,踱步,從化,內圈,從化 內圈,,,,,,助手,,倒快一圈,H,內圈 倒快一圈 (助手)
G392,07/01/2026,踱步,沙田,內圈,沙田 內圈,,,,,,助手,,快踱一圈,H,內圈 快踱一圈 (助手)
G392,06/01/2026,踱步,沙田,飛機場,沙田 飛機場,,,,,,助手,,踱步,H,飛機場 踱步 (助手)
G392,04/01/2026,出賽,沙田,草地,沙田 草地,1600M,,,,,楊明綸,6/10,出賽,TT,1600M (楊明綸) (6/10)
G392,03/01/2026,游水,沙田,,沙田,,,,,,,,游水,,
G392,03/01/2026,踱步,沙田,內圈,沙田 內圈,,,,,,助手,,快踱兩圈,H,內圈 快踱兩圈 (助手)
G392,02/01/2026,游水,沙田,,沙田,,,,,,,,游水,,
G392,02/01/2026,踱步,沙田,內圈,沙田 內圈,,,,,,助手,,快踱兩圈,H,內圈 快踱兩圈 (助手)
G392,01/01/2026,游水,沙田,,沙田,,,,,,,,游水,,
G392,01/01/2026,踱步,沙田,內圈,沙田 內圈,,,,,,助手,,倒快兩圈,H,內圈 倒快兩圈 (助手)
G392,31/12/2025,馬匹跑步機,沙田,,沙田,,,,,,上斜,,馬匹跑步機 - 慢跑,,馬匹跑步機 - 慢跑 （上斜）
G392,31/12/2025,游水,沙田,,沙田,,,,,,,,游水,,
G392,30/12/2025,快操,沙田,全天候,沙田 全天候,,1.24.0,84.0,31.2 28.1 24.7,,助手,,快操,H,31.2 28.1 24.7 (1.24.0) (助手)
G392,30/12/2025,踱步,沙田,飛機場,沙田 飛機場,,,,,,助手,,踱步,H,飛機場 踱步 (助手)
G392,29/12/2025,游水,沙田,,沙田,,,,,,,,游水,,
G392,29/12/2025,踱步,沙田,內圈,沙田 內圈,,,,,,助手,,倒快兩圈,H,內圈 倒快兩圈 (助手)
G392,28/12/2025,游水,沙田,,沙田,,,,,,,,游水,,
G392,28/12/2025,踱步,沙田,內圈,沙田 內圈,,,,,,助手,,快踱一圈,H,內圈 快踱一圈 (助手)
G392,27/12/2025,游水,沙田,,沙田,,,,,,,,游水,,
G392,27/12/2025,踱步,沙田,內圈,沙田 內圈,,,,,,助手,,快踱兩圈,H,內圈 快踱兩圈 (助手)
G392,26/12/2025,踱步,沙田,內圈,沙田 內圈,,,,,,助手,,快踱兩圈,H,內圈 快踱兩圈 (助手)
G392,25/12/2025,快操,沙田,草地,沙田 草地,,54.1,54.1,29.0 25.1,,助手,,快操,H,29.0 25.1 (54.1) (助手)
G392,24/12/2025,游水,沙田,,沙田,,,,,,,,游水,,
G392,24/12/2025,踱步,沙田,內圈,沙田 內圈,,,,,,助手,,快踱兩圈,H,內圈 快踱兩圈 (助手)
G392,23/12/2025,馬匹跑步機,沙田,,沙田,,,,,,上斜,,馬匹跑步機 - 慢跑,,馬匹跑步機 - 慢跑 （上斜）
G392,23/12/2025,游水,沙田,,沙田,,,,,,,,游水,,
G392,22/12/2025,馬匹跑步機,沙田,,沙田,,,,,,上斜,,馬匹跑步機 - 慢跑,,馬匹跑步機 - 慢跑 （上斜）
G392,22/12/2025,踱步,沙田,內圈,沙田 內圈,,,,,,助手,,倒快兩圈,H,內圈 倒快兩圈 (助手)
G392,21/12/2025,游水,沙田,,沙田,,,,,,,,游水,,
G392,21/12/2025,踱步,沙田,內圈,沙田 內圈,,,,,,助手,,快踱一圈,H,內圈 快踱一圈 (助手)
G392,20/12/2025,游水,沙田,,沙田,,,,,,,,游水,,
G392,20/12/2025,踱步,沙田,內圈,沙田 內圈,,,,,,助手,,快踱兩圈,H,內圈 快踱兩圈 (助手)
G392,19/12/2025,游水,沙田,,沙田,,,,,,,,游水,,
G392,19/12/2025,踱步,沙田,內圈,沙田 內圈,,,,,,助手,,快踱兩圈,H,內圈 快踱兩圈 (助手)
G392,18/12/2025,游水,沙田,,沙田,,,,,,,,游水,,
G392,18/12/2025,踱步,沙田,內圈,沙田 內圈,,,,,,助手,,倒快兩圈,H,內圈 倒快兩圈 (助手)
G392,17/12/2025,游水,沙田,,沙田,,,,,,,,游水,,
G392,17/12/2025,踱步,沙田,內圈,沙田 內圈,,,,,,助手,,快踱一圈,H,內圈 快踱一圈 (助手)
G392,16/12/2025,踱步,沙田,飛機場,沙田 飛機場,,,,,,助手,,踱步,H,飛機場 踱步 (助手)
G392,14/12/2025,出賽,沙田,草地,沙田 草地,1400M,,,,,楊明綸,8/14,出賽,TT,1400M (楊明綸) (8/14)
G392,13/12/2025,游水,沙田,,沙田,,,,,,,,游水,,
G392,13/12/2025,踱步,沙田,內圈,沙田 內圈,,,,,,助手,,快踱兩圈,H,內圈 快踱兩圈 (助手)
G392,12/12/2025,游水,沙田,,沙田,,,,,,,,游水,,
G392,12/12/2025,踱步,沙田,內圈,沙田 內圈,,,,,,助手,,快踱兩圈,H,內圈 快踱兩圈 (助手)
G392,11/12/2025,游水,沙田,,沙田,,,,,,,,游水,,
G392,11/12/2025,踱步,沙田,內圈,沙田 內圈,,,,,,助手,,倒快兩圈,H,內圈 倒快兩圈 (助手)
G392,10/12/2025,馬匹跑步機,沙田,,沙田,,,,,,上斜,,馬匹跑步機 - 慢跑,,馬匹跑步機 - 慢跑 （上斜）
G392,10/12/2025,踱步,沙田,內圈,沙田 內圈,,,,,,助手,,快踱兩圈,H,內圈 快踱兩圈 (助手)
G392,09/12/2025,踱步,沙田,內圈,沙田 內圈,,,,,,助手,,快踱兩圈,H,內圈 快踱兩圈 (助手)
G392,08/12/2025,馬匹跑步機,沙田,,沙田,,,,,,上斜,,馬匹跑步機 - 快操,,馬匹跑步機 - 快操 （上斜）
G392,07/12/2025,踱步,沙田,內圈,沙田 內圈,,,,,,助手,,快踱一圈,H,內圈 快踱一圈 (助手)
G392,06/12/2025,馬匹跑步機,沙田,,沙田,,,,,,上斜,,馬匹跑步機 - 慢跑,,馬匹跑步機 - 慢跑 （上斜）
G392,06/12/2025,踱步,沙田,內圈,沙田 內圈,,,,,,助手,,快踱兩圈,H,內圈 快踱兩圈 (助手)
G392,05/12/2025,馬匹跑步機,沙田,,沙田,,,,,,上斜,,馬匹跑步機 - 慢跑,,馬匹跑步機 - 慢跑 （上斜）
G392,05/12/2025,踱步,沙田,內圈,沙田 內圈,,,,,,助手,,快踱兩圈,H,內圈 快踱兩圈 (助手)
G392,04/12/2025,馬匹跑步機,沙田,,沙田,,,,,,上斜,,馬匹跑步機 - 慢跑,,馬匹跑步機 - 慢跑 （上斜）
G392,04/12/2025,踱步,沙田,內圈,沙田 內圈,,,,,,助手,,倒快兩圈,H,內圈 倒快兩圈 (助手)
G392,03/12/2025,馬匹跑步機,沙田,,沙田,,,,,,上斜,,馬匹跑步機 - 慢跑,,馬匹跑步機 - 慢跑 （上斜）
G392,03/12/2025,踱步,沙田,內圈,沙田 內圈,,,,,,助手,,快踱兩圈,H,內圈 快踱兩圈 (助手)
G392,02/12/2025,馬匹跑步機,沙田,,沙田,,,,,,上斜,,馬匹跑步機 - 慢跑,,馬匹跑步機 - 慢跑 （上斜）
G392,02/12/2025,踱步,沙田,內圈,沙田 內圈,,,,,,助手,,快踱兩圈,H,內圈 快踱兩圈 (助手)
G392,01/12/2025,馬匹跑步機,沙田,,沙田,,,,,,上斜,,馬匹跑步機 - 慢跑,,馬匹跑步機 - 慢跑 （上斜）
G392,01/12/2025,踱步,沙田,內圈,沙田 內圈,,,,,,助手,,倒快兩圈,H,內圈 倒快兩圈 (助手)
G392,30/11/2025,踱步,沙田,內圈,沙田 內圈,,,,,,助手,,快踱一圈,H,內圈 快踱一圈 (助手)
G392,28/11/2025,試閘,沙田,全天候,沙田 全天候,1200M,1.09.98,69.98,24.9 22.5 22.5,偵探傳奇,黃智弘,,第1組,,第1組 (黃智弘) 1200M 偵探傳奇 24.9 22.5 22.5 (1.09.98)
G392,28/11/2025,踱步,沙田,飛機場,沙田 飛機場,,,,,,助手,,踱步,H,飛機場 踱步 (助手)
G392,27/11/2025,馬匹跑步機,沙田,,沙田,,,,,,上斜,,馬匹跑步機 - 慢跑,,馬匹跑步機 - 慢跑 （上斜）
G392,27/11/2025,踱步,沙田,內圈,沙田 內圈,,,,,,助手,,倒快兩圈,H,內圈 倒快兩圈 (助手)
G392,26/11/2025,馬匹跑步機,沙田,,沙田,,,,,,上斜,,馬匹跑步機 - 慢跑,,馬匹跑步機 - 慢跑 （上斜）
G392,26/11/2025,踱步,沙田,內圈,沙田 內圈,,,,,,助手,,快踱兩圈,H,內圈 快踱兩圈 (助手)
G392,25/11/2025,快操,沙田,全天候,沙田 全天候,,1.23.3,83.3,28.3 27.9 27.1,,黃智弘,,快操,H,28.3 27.9 27.1 (1.23.3) (黃智弘)
G392,25/11/2025,踱步,沙田,飛機場,沙田 飛機場,,,,,,黃智弘,,踱步,H,飛機場 踱步 (黃智弘)
G392,24/11/2025,馬匹跑步機,沙田,,沙田,,,,,,上斜,,馬匹跑步機 - 慢跑,,馬匹跑步機 - 慢跑 （上斜）
G392,24/11/2025,踱步,沙田,內圈,沙田 內圈,,,,,,助手,,倒快兩圈,H,內圈 倒快兩圈 (助手)
G392,23/11/2025,游水,沙田,,沙田,,,,,,,,游水,,
G392,23/11/2025,踱步,沙田,內圈,沙田 內圈,,,,,,助手,,快踱兩圈,H,內圈 快踱兩圈 (助手)
G392,22/11/2025,馬匹跑步機,沙田,,沙田,,,,,,上斜,,馬匹跑步機 - 慢跑,,馬匹跑步機 - 慢跑 （上斜）
G392,22/11/2025,踱步,沙田,內圈,沙田 內圈,,,,,,助手,,快踱兩圈,H,內圈 快踱兩圈 (助手)
G392,21/11/2025,馬匹跑步機,沙田,,沙田,,,,,,上斜,,馬匹跑步機 - 慢跑,,馬匹跑步機 - 慢跑 （上斜）
G392,21/11/2025,踱步,沙田,內圈,沙田 內圈,,,,,,助手,,快踱兩圈,H,內圈 快踱兩圈 (助手)
G392,20/11/2025,快操,沙田,全天候,沙田 全天候,,1.21.8,81.8,28.5 28.2 25.1,,助手,,快操,H,28.5 28.2 25.1 (1.21.8) (助手)
G392,19/11/2025,游水,沙田,,沙田,,,,,,,,游水,,
G392,19/11/2025,踱步,沙田,外圈,沙田 外圈,,,,,,助手,,快踱一圈,H,外圈 快踱一圈 (助手)
G392,18/11/2025,馬匹跑步機,沙田,,沙田,,,,,,上斜,,馬匹跑步機 - 慢跑,,馬匹跑步機 - 慢跑 （上斜）
G392,18/11/2025,踱步,沙田,內圈,沙田 內圈,,,,,,助手,,快踱兩圈,H,內圈 快踱兩圈 (助手)
G392,17/11/2025,馬匹跑步機,沙田,,沙田,,,,,,上斜,,馬匹跑步機 - 慢跑,,馬匹跑步機 - 慢跑 （上斜）
G392,17/11/2025,踱步,沙田,內圈,沙田 內圈,,,,,,助手,,倒快兩圈,H,內圈 倒快兩圈 (助手)
G392,16/11/2025,馬匹跑步機,沙田,,沙田,,,,,,上斜,,馬匹跑步機 - 慢跑,,馬匹跑步機 - 慢跑 （上斜）
G392,16/11/2025,踱步,沙田,內圈,沙田 內圈,,,,,,助手,,快踱一圈,H,內圈 快踱一圈 (助手)
G392,15/11/2025,快操,沙田,全天候,沙田 全天候,,1.20.1,80.1,27.9 27.1 25.1,,助手,,快操,,27.9 27.1 25.1 (1.20.1) (助手)
G392,15/11/2025,踱步,沙田,飛機場,沙田 飛機場,,,,,,助手,,踱步,,飛機場 踱步 (助手)
G392,14/11/2025,游水,沙田,,沙田,,,,,,,,游水,,
G392,14/11/2025,踱步,沙田,內圈,沙田 內圈,,,,,,助手,,快踱兩圈,H,內圈 快踱兩圈 (助手)
G392,13/11/2025,游水,沙田,,沙田,,,,,,,,游水,,
G392,13/11/2025,踱步,沙田,內圈,沙田 內圈,,,,,,助手,,倒快兩圈,H,內圈 倒快兩圈 (助手)
G392,12/11/2025,游水,沙田,,沙田,,,,,,,,游水,,
G392,12/11/2025,踱步,沙田,內圈,沙田 內圈,,,,,,助手,,快踱兩圈,H,內圈 快踱兩圈 (助手)
G392,11/11/2025,游水,沙田,,沙田,,,,,,,,游水,,
G392,11/11/2025,踱步,沙田,內圈,沙田 內圈,,,,,,助手,,快踱兩圈,H,內圈 快踱兩圈 (助手)
G392,10/11/2025,游水,沙田,,沙田,,,,,,,,游水,,
G392,10/11/2025,踱步,沙田,內圈,沙田 內圈,,,,,,助手,,倒快兩圈,H,內圈 倒快兩圈 (助手)
G392,09/11/2025,游水,沙田,,沙田,,,,,,,,游水,,
G392,09/11/2025,踱步,沙田,內圈,沙田 內圈,,,,,,助手,,快踱一圈,H,內圈 快踱一圈 (助手)
G392,08/11/2025,快操,沙田,全天候,沙田 全天候,,56.0,56.0,30.0 26.0,,助手,,快操,H,30.0 26.0 (56.0) (助手)
G392,08/11/2025,踱步,沙田,飛機場,沙田 飛機場,,,,,,助手,,踱步,H,飛機場 踱步 (助手)
G392,07/11/2025,游水,沙田,,沙田,,,,,,,,游水,,
G392,07/11/2025,踱步,沙田,內圈,沙田 內圈,,,,,,助手,,快踱兩圈,H,內圈 快踱兩圈 (助手)
G392,06/11/2025,游水,沙田,,沙田,,,,,,,,游水,,
G392,06/11/2025,踱步,沙田,內圈,沙田 內圈,,,,,,助手,,倒快兩圈,H,內圈 倒快兩圈 (助手)
G392,05/11/2025,游水,沙田,,沙田,,,,,,,,游水,,
G392,05/11/2025,踱步,沙田,外圈,沙田 外圈,,,,,,助手,,快踱一圈,H,外圈 快踱一圈 (助手)
G392,04/11/2025,游水,沙田,,沙田,,,,,,,,游水,,
G392,04/11/2025,踱步,沙田,內圈,沙田 內圈,,,,,,助手,,快踱兩圈,H,內圈 快踱兩圈 (助手)
G392,03/11/2025,游水,沙田,,沙田,,,,,,,,游水,,
G392,03/11/2025,踱步,沙田,內圈,沙田 內圈,,,,,,助手,,倒快兩圈,H,內圈 倒快兩圈 (助手)
G392,02/11/2025,游水,沙田,,沙田,,,,,,,,游水,,
G392,02/11/2025,踱步,沙田,內圈,沙田 內圈,,,,,,助手,,快踱一圈,H,內圈 快踱一圈 (助手)
G392,01/11/2025,踱步,沙田,飛機場,沙田 飛機場,,,,,,黃智弘,,踱步,H,飛機場 踱步 (黃智弘)
G392,30/10/2025,出賽,沙田,全天候,沙田 全天候,1650M,,,,,何澤堯,5/14,出賽,TT,1650M (何澤堯) (5/14)
G392,29/10/2025,游水,沙田,,沙田,,,,,,,,游水,,
G392,29/10/2025,踱步,沙田,內圈,沙田 內圈,,,,,,助手,,快踱兩圈,H,內圈 快踱兩圈 (助手)
G392,28/10/2025,游水,沙田,,沙田,,,,,,,,游水,,
G392,28/10/2025,踱步,沙田,內圈,沙田 內圈,,,,,,助手,,快踱兩圈,H,內圈 快踱兩圈 (助手)
G392,27/10/2025,游水,沙田,,沙田,,,,,,,,游水,,
G392,27/10/2025,踱步,沙田,內圈,沙田 內圈,,,,,,助手,,倒快兩圈,H,內圈 倒快兩圈 (助手)
G392,26/10/2025,游水,沙田,,沙田,,,,,,,,游水,,
G392,26/10/2025,踱步,沙田,內圈,沙田 內圈,,,,,,助手,,快踱一圈,H,內圈 快踱一圈 (助手)
G392,25/10/2025,游水,沙田,,沙田,,,,,,,,游水,,
G392,25/10/2025,踱步,沙田,內圈,沙田 內圈,,,,,,助手,,快踱兩圈,H,內圈 快踱兩圈 (助手)
G392,24/10/2025,游水,沙田,,沙田,,,,,,,,游水,,
G392,24/10/2025,踱步,沙田,內圈,沙田 內圈,,,,,,助手,,快踱兩圈,H,內圈 快踱兩圈 (助手)
G392,23/10/2025,游水,沙田,,沙田,,,,,,,,游水,,
G392,23/10/2025,踱步,沙田,內圈,沙田 內圈,,,,,,助手,,倒快兩圈,H,內圈 倒快兩圈 (助手)
G392,22/10/2025,踱步,沙田,內圈,沙田 內圈,,,,,,助手,,快踱兩圈,H,內圈 快踱兩圈 (助手)
G392,21/10/2025,踱步,沙田,內圈,沙田 內圈,,,,,,助手,,快踱兩圈,H,內圈 快踱兩圈 (助手)
G392,20/10/2025,游水,沙田,,沙田,,,,,,,,游水,,
G392,20/10/2025,踱步,沙田,內圈,沙田 內圈,,,,,,助手,,倒快兩圈,H,內圈 倒快兩圈 (助手)
G392,19/10/2025,踱步,沙田,內圈,沙田 內圈,,,,,,助手,,快踱一圈,H,內圈 快踱一圈 (助手)
G392,17/10/2025,試閘,沙田,全天候,沙田 全天候,1200M,1.12.26,72.26,25.7 23.4 23.1,一定超,何澤堯,,第1組,,第1組 (何澤堯) 1200M 一定超 25.7 23.4 23.1 (1.12.26)
G392,17/10/2025,踱步,沙田,飛機場,沙田 飛機場,,,,,,助手,,踱步,H,飛機場 踱步 (助手)
G392,16/10/2025,游水,沙田,,沙田,,,,,,,,游水,,
G392,16/10/2025,踱步,沙田,內圈,沙田 內圈,,,,,,助手,,倒快兩圈,H,內圈 倒快兩圈 (助手)
G392,15/10/2025,游水,沙田,,沙田,,,,,,,,游水,,
G392,15/10/2025,踱步,沙田,內圈,沙田 內圈,,,,,,助手,,快踱兩圈,H,內圈 快踱兩圈 (助手)
G392,14/10/2025,游水,沙田,,沙田,,,,,,,,游水,,
G392,14/10/2025,踱步,沙田,內圈,沙田 內圈,,,,,,助手,,快踱兩圈,H,內圈 快踱兩圈 (助手)
G392,13/10/2025,快操,沙田,草地,沙田 草地,,58.4,58.4,31.0 27.4,,助手,,快操,H,31.0 27.4 (58.4) (助手)
G392,12/10/2025,踱步,沙田,內圈,沙田 內圈,,,,,,助手,,快踱一圈,H,內圈 快踱一圈 (助手)
G392,11/10/2025,踱步,從化,內圈,從化 內圈,,,,,,助手,,快踱兩圈,H,內圈 快踱兩圈 (助手)
G392,10/10/2025,游水,從化,,從化,,,,,,,,游水,,
G392,10/10/2025,踱步,從化,內圈,從化 內圈,,,,,,助手,,快踱兩圈,H,內圈 快踱兩圈 (助手)
G392,09/10/2025,游水,從化,,從化,,,,,,,,游水,,
G392,09/10/2025,踱步,從化,內圈,從化 內圈,,,,,,助手,,倒快兩圈,H,內圈 倒快兩圈 (助手)
G392,08/10/2025,游水,從化,,從化,,,,,,,,游水,,
G392,08/10/2025,踱步,從化,內圈,從化 內圈,,,,,,助手,,快踱兩圈,H,內圈 快踱兩圈 (助手)
G392,07/10/2025,游水,從化,,從化,,,,,,,,游水,,
G392,07/10/2025,快操,從化,草地,從化 草地,,1.25.4,85.4,31.0 28.4 26.0,,助手,,快操,H,31.0 28.4 26.0 (1.25.4) (助手)
G392,07/10/2025,踱步,從化,飛機場,從化 飛機場,,,,,,助手,,踱步,H,飛機場 踱步 (助手)
G392,06/10/2025,游水,從化,,從化,,,,,,,,游水,,
G392,06/10/2025,踱步,從化,內圈,從化 內圈,,,,,,助手,,倒快兩圈,H,內圈 倒快兩圈 (助手)
G392,05/10/2025,游水,從化,,從化,,,,,,,,游水,,
G392,05/10/2025,踱步,從化,內圈,從化 內圈,,,,,,助手,,快踱一圈,H,內圈 快踱一圈 (助手)
G392,04/10/2025,游水,從化,,從化,,,,,,,,游水,,
G392,04/10/2025,踱步,從化,內圈,從化 內圈,,,,,,助手,,快踱兩圈,H,內圈 快踱兩圈 (助手)
G392,03/10/2025,游水,從化,,從化,,,,,,,,游水,,
G392,03/10/2025,踱步,從化,內圈,從化 內圈,,,,,,助手,,快踱兩圈,H,內圈 快踱兩圈 (助手)
G392,02/10/2025,游水,從化,,從化,,,,,,,,游水,,
G392,02/10/2025,踱步,從化,內圈,從化 內圈,,,,,,助手,,倒快兩圈,H,內圈 倒快兩圈 (助手)
G392,01/10/2025,游水,從化,,從化,,,,,,,,游水,,
G392,01/10/2025,踱步,從化,內圈,從化 內圈,,,,,,助手,,快踱兩圈,H,內圈 快踱兩圈 (助手)
G392,30/09/2025,游水,從化,,從化,,,,,,,,游水,,
G392,30/09/2025,踱步,從化,內圈,從化 內圈,,,,,,助手,,快踱兩圈,H,內圈 快踱兩圈 (助手)
G392,29/09/2025,游水,從化,,從化,,,,,,,,游水,,
G392,29/09/2025,踱步,從化,內圈,從化 內圈,,,,,,助手,,倒快兩圈,H,內圈 倒快兩圈 (助手)
G392,28/09/2025,游水,從化,,從化,,,,,,,,游水,,
G392,28/09/2025,踱步,從化,內圈,從化 內圈,,,,,,助手,,快踱一圈,H,內圈 快踱一圈 (助手)
G392,26/09/2025,試閘,從化,草地,從化 草地,1200M,1.12.01,72.01,25.6 23.1 23.3,開心勇駒,何澤堯,,第6組,,第6組 (何澤堯) 1200M 開心勇駒 25.6 23.1 23.3 (1.12.01)
G392,25/09/2025,游水,從化,,從化,,,,,,,,游水,,
G392,25/09/2025,踱步,從化,內圈,從化 內圈,,,,,,助手,,倒快一圈,H,內圈 倒快一圈 (助手)
G392,23/09/2025,游水,從化,,從化,,,,,,,,游水,,
G392,23/09/2025,快操,從化,草地,從化 草地,,1.20.2,80.2,28.8 26.9 24.5,,助手,,葳莉非凡,H,28.8 26.9 24.5 (1.20.2) (助手) 葳莉非凡
G392,23/09/2025,踱步,從化,飛機場,從化 飛機場,,,,,,助手,,踱步,H,飛機場 踱步 (助手)
G392,22/09/2025,游水,從化,,從化,,,,,,,,游水,,
G392,22/09/2025,踱步,從化,內圈,從化 內圈,,,,,,助手,,倒快兩圈,H,內圈 倒快兩圈 (助手)
G392,21/09/2025,游水,從化,,從化,,,,,,,,游水,,
G392,21/09/2025,踱步,從化,內圈,從化 內圈,,,,,,助手,,快踱一圈,H,內圈 快踱一圈 (助手)
G392,20/09/2025,游水,從化,,從化,,,,,,,,游水,,
G392,20/09/2025,踱步,從化,內圈,從化 內圈,,,,,,助手,,快踱兩圈,H,內圈 快踱兩圈 (助手)
G392,19/09/2025,游水,從化,,從化,,,,,,,,游水,,
G392,19/09/2025,踱步,從化,內圈,從化 內圈,,,,,,助手,,快踱兩圈,H,內圈 快踱兩圈 (助手)
G392,18/09/2025,游水,從化,,從化,,,,,,,,游水,,
G392,18/09/2025,踱步,從化,內圈,從化 內圈,,,,,,助手,,倒快兩圈,H,內圈 倒快兩圈 (助手)
G392,17/09/2025,游水,從化,,從化,,,,,,,,游水,,
G392,17/09/2025,踱步,從化,內圈,從化 內圈,,,,,,助手,,快踱兩圈,H,內圈 快踱兩圈 (助手)
G392,16/09/2025,游水,從化,,從化,,,,,,,,游水,,
G392,16/09/2025,踱步,從化,內圈,從化 內圈,,,,,,助手,,快踱兩圈,H,內圈 快踱兩圈 (助手)
G392,15/09/2025,游水,從化,,從化,,,,,,,,游水,,
G392,15/09/2025,踱步,從化,內圈,從化 內圈,,,,,,助手,,倒快兩圈,H,內圈 倒快兩圈 (助手)
G392,14/09/2025,游水,從化,,從化,,,,,,,,游水,,
G392,14/09/2025,踱步,從化,內圈,從化 內圈,,,,,,助手,,快踱一圈,H,內圈 快踱一圈 (助手)
G392,12/09/2025,試閘,從化,草地,從化 草地,1200M,1.11.18,71.18,25.2 22.7 23.2,話你知,黃智弘,,第7組,,第7組 (黃智弘) 1200M 話你知 25.2 22.7 23.2 (1.11.18)
G392,11/09/2025,游水,從化,,從化,,,,,,,,游水,,
G392,11/09/2025,踱步,從化,內圈,從化 內圈,,,,,,助手,,倒快兩圈,H,內圈 倒快兩圈 (助手)
G392,10/09/2025,游水,從化,,從化,,,,,,,,游水,,
G392,10/09/2025,踱步,從化,內圈,從化 內圈,,,,,,助手,,快踱兩圈,H,內圈 快踱兩圈 (助手)
G392,09/09/2025,游水,從化,,從化,,,,,,,,游水,,
G392,09/09/2025,踱步,從化,內圈,從化 內圈,,,,,,助手,,快踱兩圈,H,內圈 快踱兩圈 (助手)
G392,08/09/2025,游水,從化,,從化,,,,,,,,游水,,
G392,08/09/2025,踱步,從化,內圈,從化 內圈,,,,,,助手,,倒快兩圈,H,內圈 倒快兩圈 (助手)
G392,07/09/2025,游水,從化,,從化,,,,,,,,游水,,
G392,07/09/2025,踱步,從化,內圈,從化 內圈,,,,,,助手,,快踱一圈,H,內圈 快踱一圈 (助手)
G392,06/09/2025,游水,從化,,從化,,,,,,,,游水,,
G392,06/09/2025,快操,從化,草地,從化 草地,,50.5,50.5,26.6 23.9,,助手,,共享富裕,H,26.6 23.9 (50.5) (助手) 共享富裕
G392,06/09/2025,踱步,從化,飛機場,從化 飛機場,,,,,,助手,,踱步,H,飛機場 踱步 (助手)
G392,05/09/2025,游水,從化,,從化,,,,,,,,游水,,
G392,05/09/2025,踱步,從化,內圈,從化 內圈,,,,,,助手,,快踱兩圈,H,內圈 快踱兩圈 (助手)
G392,04/09/2025,游水,從化,,從化,,,,,,,,游水,,
G392,04/09/2025,踱步,從化,內圈,從化 內圈,,,,,,助手,,倒快兩圈,H,內圈 倒快兩圈 (助手)
G392,03/09/2025,游水,從化,,從化,,,,,,,,游水,,
G392,03/09/2025,踱步,從化,內圈,從化 內圈,,,,,,助手,,快踱兩圈,H,內圈 快踱兩圈 (助手)
G392,02/09/2025,游水,從化,,從化,,,,,,,,游水,,
G392,02/09/2025,快操,從化,草地,從化 草地,,1.21.2,81.2,29.0 27.4 24.8,,助手,,快操,H,29.0 27.4 24.8 (1.21.2) (助手)
G392,02/09/2025,踱步,從化,飛機場,從化 飛機場,,,,,,助手,,踱步,H,飛機場 踱步 (助手)
G392,01/09/2025,游水,從化,,從化,,,,,,,,游水,,
G392,01/09/2025,踱步,從化,內圈,從化 內圈,,,,,,助手,,倒快兩圈,H,內圈 倒快兩圈 (助手)
G392,31/08/2025,游水,從化,,從化,,,,,,,,游水,,
G392,31/08/2025,踱步,從化,內圈,從化 內圈,,,,,,助手,,快踱一圈,H,內圈 快踱一圈 (助手)
G392,30/08/2025,游水,從化,,從化,,,,,,,,游水,,
G392,30/08/2025,踱步,從化,內圈,從化 內圈,,,,,,助手,,快踱兩圈,H,內圈 快踱兩圈 (助手)
G392,29/08/2025,游水,從化,,從化,,,,,,,,游水,,
G392,29/08/2025,踱步,從化,內圈,從化 內圈,,,,,,助手,,快踱兩圈,H,內圈 快踱兩圈 (助手)
G392,28/08/2025,游水,從化,,從化,,,,,,,,游水,,
G392,28/08/2025,快操,從化,草地,從化 草地,,53.1,53.1,27.8 25.3,,助手,,快操,H,27.8 25.3 (53.1) (助手)
G392,28/08/2025,踱步,從化,飛機場,從化 飛機場,,,,,,助手,,踱步,H,飛機場 踱步 (助手)
G392,27/08/2025,游水,從化,,從化,,,,,,,,游水,,
G392,27/08/2025,踱步,從化,內圈,從化 內圈,,,,,,助手,,快踱兩圈,H,內圈 快踱兩圈 (助手)
G392,26/08/2025,游水,從化,,從化,,,,,,,,游水,,
G392,26/08/2025,踱步,從化,內圈,從化 內圈,,,,,,助手,,快踱兩圈,H,內圈 快踱兩圈 (助手)
G392,25/08/2025,游水,從化,,從化,,,,,,,,游水,,
G392,25/08/2025,踱步,從化,內圈,從化 內圈,,,,,,助手,,倒快兩圈,H,內圈 倒快兩圈 (助手)
G392,24/08/2025,游水,從化,,從化,,,,,,,,游水,,
G392,24/08/2025,踱步,從化,內圈,從化 內圈,,,,,,助手,,快踱兩圈,H,內圈 快踱兩圈 (助手)
G392,23/08/2025,游水,從化,,從化,,,,,,,,游水,,
G392,23/08/2025,快操,從化,草地,從化 草地,,53.6,53.6,27.6 26.0,,助手,,快操,H,27.6 26.0 (53.6) (助手)
G392,23/08/2025,踱步,從化,飛機場,從化 飛機場,,,,,,助手,,踱步,H,飛機場 踱步 (助手)
G392,22/08/2025,游水,從化,,從化,,,,,,,,游水,,
G392,22/08/2025,踱步,從化,內圈,從化 內圈,,,,,,助手,,快踱兩圈,H,內圈 快踱兩圈 (助手)
G392,21/08/2025,游水,從化,,從化,,,,,,,,游水,,
G392,21/08/2025,踱步,從化,內圈,從化 內圈,,,,,,助手,,倒快兩圈,H,內圈 倒快兩圈 (助手)
G392,20/08/2025,游水,從化,,從化,,,,,,,,游水,,
G392,20/08/2025,踱步,從化,內圈,從化 內圈,,,,,,助手,,快踱兩圈,H,內圈 快踱兩圈 (助手)
G392,19/08/2025,游水,從化,,從化,,,,,,,,游水,,
G392,19/08/2025,踱步,從化,內圈,從化 內圈,,,,,,助手,,快踱兩圈,H,內圈 快踱兩圈 (助手)
G392,18/08/2025,游水,從化,,從化,,,,,,,,游水,,
G392,18/08/2025,快操,從化,草地,從化 草地,,55.5,55.5,29.3 26.2,,助手,,快操,H,29.3 26.2 (55.5) (助手)
G392,18/08/2025,踱步,從化,飛機場,從化 飛機場,,,,,,助手,,踱步,H,飛機場 踱步 (助手)
G392,17/08/2025,游水,從化,,從化,,,,,,,,游水,,
G392,17/08/2025,踱步,從化,內圈,從化 內圈,,,,,,助手,,快踱兩圈,H,內圈 快踱兩圈 (助手)
G392,16/08/2025,游水,從化,,從化,,,,,,,,游水,,
G392,16/08/2025,踱步,從化,內圈,從化 內圈,,,,,,助手,,快踱兩圈,H,內圈 快踱兩圈 (助手)
G392,15/08/2025,游水,從化,,從化,,,,,,,,游水,,
G392,15/08/2025,踱步,從化,內圈,從化 內圈,,,,,,助手,,快踱兩圈,H,內圈 快踱兩圈 (助手)
G392,14/08/2025,游水,從化,,從化,,,,,,,,游水,,
G392,14/08/2025,踱步,從化,內圈,從化 內圈,,,,,,助手,,倒快兩圈,H,內圈 倒快兩圈 (助手)
G392,13/08/2025,游水,從化,,從化,,,,,,,,游水,,
G392,13/08/2025,快操,從化,登山跑道,從化 登山跑道,,58.5,58.5,29.2 29.3,,助手,,快操,H,29.2 29.3 (58.5) (助手)
G392,13/08/2025,踱步,從化,飛機場,從化 飛機場,,,,,,助手,,踱步,H,飛機場 踱步 (助手)
G392,12/08/2025,游水,從化,,從化,,,,,,,,游水,,
G392,12/08/2025,踱步,從化,內圈,從化 內圈,,,,,,助手,,快踱兩圈,H,內圈 快踱兩圈 (助手)
G392,11/08/2025,游水,從化,,從化,,,,,,,,游水,,
G392,11/08/2025,踱步,從化,內圈,從化 內圈,,,,,,助手,,倒快兩圈,H,內圈 倒快兩圈 (助手)
G392,10/08/2025,游水,從化,,從化,,,,,,,,游水,,
G392,10/08/2025,踱步,從化,內圈,從化 內圈,,,,,,助手,,快踱兩圈,H,內圈 快踱兩圈 (助手)
G392,09/08/2025,游水,從化,,從化,,,,,,,,游水,,
G392,09/08/2025,踱步,從化,內圈,從化 內圈,,,,,,助手,,快踱兩圈,H,內圈 快踱兩圈 (助手)
G392,08/08/2025,游水,從化,,從化,,,,,,,,游水,,
G392,08/08/2025,踱步,從化,內圈,從化 內圈,,,,,,助手,,快踱兩圈,H,內圈 快踱兩圈 (助手)
G392,07/08/2025,游水,從化,,從化,,,,,,,,游水,,
G392,07/08/2025,踱步,從化,內圈,從化 內圈,,,,,,助手,,倒快兩圈,H,內圈 倒快兩圈 (助手)
G392,06/08/2025,游水,從化,,從化,,,,,,,,游水,,
G392,06/08/2025,踱步,從化,內圈,從化 內圈,,,,,,助手,,快踱兩圈,H,內圈 快踱兩圈 (助手)
G392,05/08/2025,踱步,從化,內圈,從化 內圈,,,,,,助手,,快踱兩圈,H,內圈 快踱兩圈 (助手)
G392,04/08/2025,踱步,從化,內圈,從化 內圈,,,,,,助手,,倒快一圈,H,內圈 倒快一圈 (助手)
G392,03/08/2025,踱步,從化,內圈,從化 內圈,,,,,,助手,,快踱兩圈,H,內圈 快踱兩圈 (助手)
G392,02/08/2025,踱步,從化,內圈,從化 內圈,,,,,,助手,,快踱一圈,H,內圈 快踱一圈 (助手)
G392,01/08/2025,踱步,從化,內圈,從化 內圈,,,,,,助手,,快踱一圈,H,內圈 快踱一圈 (助手)
G392,31/07/2025,踱步,從化,內圈,從化 內圈,,,,,,助手,,快踱一圈,H,內圈 快踱一圈 (助手)
G392,30/07/2025,踱步,從化,內圈,從化 內圈,,,,,,助手,,快踱一圈,H,內圈 快踱一圈 (助手)
G392,29/07/2025,踱步,從化,內圈,從化 內圈,,,,,,助手,,快踱一圈,H,內圈 快踱一圈 (助手)
G392,28/07/2025,踱步,從化,內圈,從化 內圈,,,,,,助手,,快踱一圈,H,內圈 快踱一圈 (助手)
G392,27/07/2025,踱步,從化,飛機場,從化 飛機場,,,,,,助手,,踱步,,飛機場 踱步 (助手)
G392,26/07/2025,踱步,從化,飛機場,從化 飛機場,,,,,,助手,,踱步,,飛機場 踱步 (助手)
G392,25/07/2025,踱步,從化,飛機場,從化 飛機場,,,,,,助手,,踱步,,飛機場 踱步 (助手)
G392,23/07/2025,踱步,從化,飛機場,從化 飛機場,,,,,,助手,,踱步,,飛機場 踱步 (助手)
G392,22/07/2025,踱步,從化,飛機場,從化 飛機場,,,,,,助手,,踱步,,飛機場 踱步 (助手)
G392,21/07/2025,踱步,從化,飛機場,從化 飛機場,,,,,,助手,,踱步,,飛機場 踱步 (助手)
G392,20/07/2025,踱步,從化,飛機場,從化 飛機場,,,,,,助手,,踱步,,飛機場 踱步 (助手)
G392,19/07/2025,踱步,從化,飛機場,從化 飛機場,,,,,,助手,,踱步,,飛機場 踱步 (助手)
G392,18/07/2025,踱步,從化,飛機場,從化 飛機場,,,,,,助手,,踱步,,飛機場 踱步 (助手)
G392,16/07/2025,踱步,從化,內圈,從化 內圈,,,,,,助手,,快踱兩圈,H,內圈 快踱兩圈 (助手)
G392,15/07/2025,踱步,從化,內圈,從化 內圈,,,,,,助手,,快踱兩圈,H,內圈 快踱兩圈 (助手)
G392,14/07/2025,踱步,從化,內圈,從化 內圈,,,,,,助手,,倒快兩圈,H,內圈 倒快兩圈 (助手)
G392,13/07/2025,游水,從化,,從化,,,,,,,,游水,,
G392,13/07/2025,踱步,從化,內圈,從化 內圈,,,,,,助手,,快踱一圈,H,內圈 快踱一圈 (助手)
G392,12/07/2025,游水,從化,,從化,,,,,,,,游水,,
G392,12/07/2025,踱步,從化,內圈,從化 內圈,,,,,,助手,,快踱兩圈,H,內圈 快踱兩圈 (助手)
G392,11/07/2025,游水,從化,,從化,,,,,,,,游水,,
G392,11/07/2025,踱步,從化,內圈,從化 內圈,,,,,,助手,,快踱兩圈,H,內圈 快踱兩圈 (助手)
G392,10/07/2025,游水,從化,,從化,,,,,,,,游水,,
G392,10/07/2025,踱步,從化,內圈,從化 內圈,,,,,,助手,,倒快兩圈,H,內圈 倒快兩圈 (助手)
G392,09/07/2025,游水,從化,,從化,,,,,,,,游水,,
G392,09/07/2025,踱步,從化,內圈,從化 內圈,,,,,,助手,,快踱兩圈,H,內圈 快踱兩圈 (助手)
G392,08/07/2025,游水,從化,,從化,,,,,,,,游水,,
G392,08/07/2025,踱步,從化,內圈,從化 內圈,,,,,,助手,,快踱兩圈,H,內圈 快踱兩圈 (助手)
G392,07/07/2025,游水,從化,,從化,,,,,,,,游水,,
G392,07/07/2025,踱步,從化,內圈,從化 內圈,,,,,,助手,,倒快兩圈,H,內圈 倒快兩圈 (助手)
G392,06/07/2025,游水,從化,,從化,,,,,,,,游水,,
G392,06/07/2025,踱步,從化,內圈,從化 內圈,,,,,,助手,,快踱一圈,H,內圈 快踱一圈 (助手)
G392,05/07/2025,游水,從化,,從化,,,,,,,,游水,,
G392,05/07/2025,踱步,從化,內圈,從化 內圈,,,,,,助手,,快踱兩圈,H,內圈 快踱兩圈 (助手)
G392,04/07/2025,游水,從化,,從化,,,,,,,,游水,,
G392,04/07/2025,踱步,從化,內圈,從化 內圈,,,,,,助手,,快踱兩圈,H,內圈 快踱兩圈 (助手)
G392,03/07/2025,游水,從化,,從化,,,,,,,,游水,,
G392,03/07/2025,踱步,從化,內圈,從化 內圈,,,,,,助手,,倒快一圈,H,內圈 倒快一圈 (助手)
G392,02/07/2025,游水,從化,,從化,,,,,,,,游水,,
G392,02/07/2025,踱步,從化,內圈,從化 內圈,,,,,,助手,,快踱一圈,H,內圈 快踱一圈 (助手)
G392,01/07/2025,游水,從化,,從化,,,,,,,,游水,,
G392,01/07/2025,踱步,從化,飛機場,從化 飛機場,,,,,,助手,,踱步,,飛機場 踱步 (助手)
G392,30/06/2025,游水,從化,,從化,,,,,,,,游水,,
G392,30/06/2025,踱步,從化,飛機場,從化 飛機場,,,,,,助手,,踱步,,飛機場 踱步 (助手)
G392,29/06/2025,游水,從化,,從化,,,,,,,,游水,,
G392,29/06/2025,踱步,從化,飛機場,從化 飛機場,,,,,,助手,,踱步,,飛機場 踱步 (助手)
G392,28/06/2025,游水,從化,,從化,,,,,,,,游水,,
G392,28/06/2025,踱步,從化,飛機場,從化 飛機場,,,,,,助手,,踱步,,飛機場 踱步 (助手)
G392,27/06/2025,游水,從化,,從化,,,,,,,,游水,,
G392,27/06/2025,踱步,從化,飛機場,從化 飛機場,,,,,,助手,,踱步,,飛機場 踱步 (助手)
G392,26/06/2025,游水,從化,,從化,,,,,,,,游水,,
G392,26/06/2025,踱步,從化,飛機場,從化 飛機場,,,,,,助手,,踱步,,飛機場 踱步 (助手)
G392,25/06/2025,游水,從化,,從化,,,,,,,,游水,,
G392,25/06/2025,踱步,從化,飛機場,從化 飛機場,,,,,,助手,,踱步,,飛機場 踱步 (助手)
G392,24/06/2025,游水,從化,,從化,,,,,,,,游水,,
G392,24/06/2025,踱步,從化,飛機場,從化 飛機場,,,,,,助手,,踱步,,飛機場 踱步 (助手)
G392,23/06/2025,游水,從化,,從化,,,,,,,,游水,,
G392,23/06/2025,踱步,從化,飛機場,從化 飛機場,,,,,,助手,,踱步,,飛機場 踱步 (助手)
G392,22/06/2025,游水,從化,,從化,,,,,,,,游水,,
G392,22/06/2025,踱步,從化,飛機場,從化 飛機場,,,,,,助手,,踱步,,飛機場 踱步 (助手)
G392,21/06/2025,游水,從化,,從化,,,,,,,,游水,,
G392,21/06/2025,踱步,從化,飛機場,從化 飛機場,,,,,,助手,,踱步,,飛機場 踱步 (助手)
G392,20/06/2025,游水,從化,,從化,,,,,,,,游水,,
G392,20/06/2025,踱步,從化,飛機場,從化 飛機場,,,,,,助手,,踱步,,飛機場 踱步 (助手)
G392,19/06/2025,游水,從化,,從化,,,,,,,,游水,,
G392,19/06/2025,踱步,從化,飛機場,從化 飛機場,,,,,,助手,,踱步,,飛機場 踱步 (助手)
G392,18/06/2025,游水,從化,,從化,,,,,,,,游水,,
G392,18/06/2025,踱步,從化,飛機場,從化 飛機場,,,,,,助手,,踱步,,飛機場 踱步 (助手)
G392,17/06/2025,游水,從化,,從化,,,,,,,,游水,,
G392,17/06/2025,踱步,從化,飛機場,從化 飛機場,,,,,,助手,,踱步,,飛機場 踱步 (助手)
G392,16/06/2025,游水,從化,,從化,,,,,,,,游水,,
G392,16/06/2025,踱步,從化,飛機場,從化 飛機場,,,,,,助手,,踱步,,飛機場 踱步 (助手)
G392,15/06/2025,游水,從化,,從化,,,,,,,,游水,,
G392,15/06/2025,踱步,從化,飛機場,從化 飛機場,,,,,,助手,,踱步,,飛機場 踱步 (助手)
G392,14/06/2025,游水,從化,,從化,,,,,,,,游水,,
G392,14/06/2025,踱步,從化,飛機場,從化 飛機場,,,,,,助手,,踱步,,飛機場 踱步 (助手)
G392,13/06/2025,游水,從化,,從化,,,,,,,,游水,,
G392,13/06/2025,踱步,從化,飛機場,從化 飛機場,,,,,,助手,,踱步,,飛機場 踱步 (助手)
G392,12/06/2025,游水,從化,,從化,,,,,,,,游水,,
G392,12/06/2025,踱步,從化,飛機場,從化 飛機場,,,,,,助手,,踱步,,飛機場 踱步 (助手)
G392,10/05/2025,踱步,從化,飛機場,從化 飛機場,,,,,,助手,,踱步,,飛機場 踱步 (助手)
G392,31/03/2025,游水,沙田,,沙田,,,,,,,,游水,,
G392,29/03/2025,游水,沙田,,沙田,,,,,,,,游水,,
G392,28/03/2025,游水,沙田,,沙田,,,,,,,,游水,,
G392,27/03/2025,游水,沙田,,沙田,,,,,,,,游水,,
G392,26/03/2025,游水,沙田,,沙田,,,,,,,,游水,,
G392,26/03/2025,踱步,沙田,飛機場,沙田 飛機場,,,,,,助手,,踱步,PH,飛機場 踱步 (助手)
G392,24/03/2025,游水,沙田,,沙田,,,,,,,,游水,,
G392,24/03/2025,踱步,沙田,內圈,沙田 內圈,,,,,,助手,,倒快兩圈,H,內圈 倒快兩圈 (助手)
G392,23/03/2025,游水,沙田,,沙田,,,,,,,,游水,,
G392,22/03/2025,游水,沙田,,沙田,,,,,,,,游水,,
G392,22/03/2025,踱步,沙田,內圈,沙田 內圈,,,,,,助手,,快踱兩圈,H,內圈 快踱兩圈 (助手)
G392,21/03/2025,游水,沙田,,沙田,,,,,,,,游水,,
G392,21/03/2025,踱步,沙田,內圈,沙田 內圈,,,,,,助手,,快踱兩圈,H,內圈 快踱兩圈 (助手)
G392,20/03/2025,游水,沙田,,沙田,,,,,,,,游水,,
G392,20/03/2025,踱步,沙田,內圈,沙田 內圈,,,,,,助手,,倒快兩圈,H,內圈 倒快兩圈 (助手)
G392,19/03/2025,游水,沙田,,沙田,,,,,,,,游水,,
G392,19/03/2025,踱步,沙田,內圈,沙田 內圈,,,,,,助手,,快踱兩圈,H,內圈 快踱兩圈 (助手)
G392,18/03/2025,游水,沙田,,沙田,,,,,,,,游水,,
G392,18/03/2025,踱步,沙田,內圈,沙田 內圈,,,,,,助手,,快踱一圈,H,內圈 快踱一圈 (助手)
G392,17/03/2025,踱步,沙田,飛機場,沙田 飛機場,,,,,,助手,,踱步,H,飛機場 踱步 (助手)
G392,15/03/2025,出賽,沙田,草地,沙田 草地,1600M,,,,,班德禮,5/9,出賽,TT,1600M (班德禮) (5/9)
G392,14/03/2025,快操,沙田,全天候,沙田 全天候,,53.7,53.7,29.1 24.6,,助手,,快操,H,29.1 24.6 (53.7) (助手)
G392,13/03/2025,踱步,從化,內圈,從化 內圈,,,,,,助手,,倒快兩圈,H,內圈 倒快兩圈 (助手)
G392,12/03/2025,游水,從化,,從化,,,,,,,,游水,,
G392,12/03/2025,踱步,從化,內圈,從化 內圈,,,,,,助手,,快踱兩圈,H,內圈 快踱兩圈 (助手)
G392,11/03/2025,游水,從化,,從化,,,,,,,,游水,,
G392,11/03/2025,踱步,從化,內圈,從化 內圈,,,,,,助手,,快踱兩圈,H,內圈 快踱兩圈 (助手)
G392,10/03/2025,游水,從化,,從化,,,,,,,,游水,,
G392,10/03/2025,踱步,從化,內圈,從化 內圈,,,,,,助手,,倒快兩圈,H,內圈 倒快兩圈 (助手)
G392,09/03/2025,游水,從化,,從化,,,,,,,,游水,,
G392,09/03/2025,踱步,從化,內圈,從化 內圈,,,,,,助手,,快踱一圈,H,內圈 快踱一圈 (助手)
G392,08/03/2025,游水,從化,,從化,,,,,,,,游水,,
G392,08/03/2025,快操,從化,草地,從化 草地,,1.17.9,77.9,27.8 27.1 23.0,,助手,,漣心星,H,27.8 27.1 23.0 (1.17.9) (助手) 漣心星
G392,08/03/2025,踱步,從化,飛機場,從化 飛機場,,,,,,助手,,踱步,H,飛機場 踱步 (助手)
G392,07/03/2025,游水,從化,,從化,,,,,,,,游水,,
G392,07/03/2025,踱步,從化,內圈,從化 內圈,,,,,,助手,,快踱兩圈,H,內圈 快踱兩圈 (助手)
G392,06/03/2025,游水,從化,,從化,,,,,,,,游水,,
G392,06/03/2025,踱步,從化,內圈,從化 內圈,,,,,,助手,,倒快兩圈,H,內圈 倒快兩圈 (助手)
G392,05/03/2025,游水,從化,,從化,,,,,,,,游水,,
G392,05/03/2025,踱步,從化,內圈,從化 內圈,,,,,,助手,,快踱兩圈,H,內圈 快踱兩圈 (助手)
G392,04/03/2025,游水,從化,,從化,,,,,,,,游水,,
G392,04/03/2025,快操,從化,草地,從化 草地,,1.18.9,78.9,28.3 26.5 24.1,,助手,,快操,H,28.3 26.5 24.1 (1.18.9) (助手)
G392,04/03/2025,踱步,從化,飛機場,從化 飛機場,,,,,,助手,,踱步,H,飛機場 踱步 (助手)
G392,03/03/2025,游水,從化,,從化,,,,,,,,游水,,
G392,03/03/2025,踱步,從化,內圈,從化 內圈,,,,,,助手,,倒快兩圈,H,內圈 倒快兩圈 (助手)
G392,02/03/2025,游水,從化,,從化,,,,,,,,游水,,
G392,02/03/2025,踱步,從化,內圈,從化 內圈,,,,,,助手,,快踱一圈,H,內圈 快踱一圈 (助手)
G392,01/03/2025,游水,從化,,從化,,,,,,,,游水,,
G392,01/03/2025,踱步,從化,內圈,從化 內圈,,,,,,助手,,快踱兩圈,H,內圈 快踱兩圈 (助手)
G392,28/02/2025,游水,從化,,從化,,,,,,,,游水,,
G392,28/02/2025,踱步,從化,內圈,從化 內圈,,,,,,助手,,快踱兩圈,H,內圈 快踱兩圈 (助手)
G392,27/02/2025,游水,從化,,從化,,,,,,,,游水,,
G392,27/02/2025,快操,從化,草地,從化 草地,,1.24.4,84.4,29.5 28.6 26.3,,助手,,快操,H,29.5 28.6 26.3 (1.24.4) (助手)
G392,27/02/2025,踱步,從化,飛機場,從化 飛機場,,,,,,助手,,踱步,H,飛機場 踱步 (助手)
G392,26/02/2025,游水,從化,,從化,,,,,,,,游水,,
G392,26/02/2025,踱步,從化,內圈,從化 內圈,,,,,,助手,,快踱兩圈,H,內圈 快踱兩圈 (助手)
G392,25/02/2025,游水,從化,,從化,,,,,,,,游水,,
G392,25/02/2025,踱步,從化,內圈,從化 內圈,,,,,,助手,,快踱兩圈,H,內圈 快踱兩圈 (助手)
G392,24/02/2025,游水,從化,,從化,,,,,,,,游水,,
G392,24/02/2025,踱步,從化,內圈,從化 內圈,,,,,,助手,,倒快兩圈,H,內圈 倒快兩圈 (助手)
G392,23/02/2025,游水,從化,,從化,,,,,,,,游水,,
G392,23/02/2025,踱步,從化,內圈,從化 內圈,,,,,,助手,,快踱一圈,H,內圈 快踱一圈 (助手)
G392,22/02/2025,游水,從化,,從化,,,,,,,,游水,,
G392,22/02/2025,踱步,從化,內圈,從化 內圈,,,,,,助手,,快踱兩圈,H,內圈 快踱兩圈 (助手)
G392,21/02/2025,游水,從化,,從化,,,,,,,,游水,,
G392,21/02/2025,踱步,從化,內圈,從化 內圈,,,,,,助手,,快踱一圈,H,內圈 快踱一圈 (助手)
G392,20/02/2025,游水,從化,,從化,,,,,,,,游水,,
G392,20/02/2025,踱步,從化,飛機場,從化 飛機場,,,,,,助手,,踱步,,飛機場 踱步 (助手)
G392,16/02/2025,出賽,沙田,草地,沙田 草地,1600M,,,,,馬昆,6/14,出賽,TT,1600M (馬昆) (6/14)
G392,15/02/2025,游水,沙田,,沙田,,,,,,,,游水,,
G392,15/02/2025,踱步,沙田,內圈,沙田 內圈,,,,,,助手,,快踱一圈,H,內圈 快踱一圈 (助手)
G392,14/02/2025,游水,沙田,,沙田,,,,,,,,游水,,
G392,14/02/2025,踱步,沙田,內圈,沙田 內圈,,,,,,助手,,快踱兩圈,H,內圈 快踱兩圈 (助手)
G392,13/02/2025,游水,沙田,,沙田,,,,,,,,游水,,
G392,13/02/2025,踱步,沙田,內圈,沙田 內圈,,,,,,助手,,倒快兩圈,H,內圈 倒快兩圈 (助手)
G392,12/02/2025,游水,沙田,,沙田,,,,,,,,游水,,
G392,12/02/2025,踱步,沙田,內圈,沙田 內圈,,,,,,助手,,快踱兩圈,H,內圈 快踱兩圈 (助手)
G392,11/02/2025,游水,沙田,,沙田,,,,,,,,游水,,
G392,11/02/2025,踱步,沙田,內圈,沙田 內圈,,,,,,助手,,快踱兩圈,H,內圈 快踱兩圈 (助手)
G392,10/02/2025,游水,沙田,,沙田,,,,,,,,游水,,
G392,10/02/2025,踱步,沙田,內圈,沙田 內圈,,,,,,助手,,倒快兩圈,H,內圈 倒快兩圈 (助手)
G392,09/02/2025,游水,沙田,,沙田,,,,,,,,游水,,
G392,09/02/2025,踱步,沙田,內圈,沙田 內圈,,,,,,助手,,快踱一圈,H,內圈 快踱一圈 (助手)
G392,08/02/2025,快操,沙田,全天候,沙田 全天候,,55.0,55.0,30.6 24.4,,助手,,快操,H,30.6 24.4 (55.0) (助手)
G392,07/02/2025,游水,沙田,,沙田,,,,,,,,游水,,
G392,07/02/2025,踱步,沙田,內圈,沙田 內圈,,,,,,助手,,快踱兩圈,H,內圈 快踱兩圈 (助手)
G392,06/02/2025,游水,沙田,,沙田,,,,,,,,游水,,
G392,06/02/2025,踱步,沙田,內圈,沙田 內圈,,,,,,助手,,倒快兩圈,H,內圈 倒快兩圈 (助手)
G392,05/02/2025,游水,沙田,,沙田,,,,,,,,游水,,
G392,05/02/2025,踱步,沙田,內圈,沙田 內圈,,,,,,助手,,快踱兩圈,H,內圈 快踱兩圈 (助手)
G392,04/02/2025,游水,沙田,,沙田,,,,,,,,游水,,
G392,04/02/2025,踱步,沙田,內圈,沙田 內圈,,,,,,助手,,快踱一圈,H,內圈 快踱一圈 (助手)
G392,03/02/2025,游水,沙田,,沙田,,,,,,,,游水,,
G392,03/02/2025,踱步,沙田,飛機場,沙田 飛機場,,,,,,助手,,踱步,H,飛機場 踱步 (助手)
G392,01/02/2025,踱步,沙田,內圈,沙田 內圈,,,,,,助手,,快踱兩圈,H,內圈 快踱兩圈 (助手)
G392,31/01/2025,踱步,沙田,內圈,沙田 內圈,,,,,,助手,,快踱一圈,H,內圈 快踱一圈 (助手)
G392,30/01/2025,踱步,沙田,飛機場,沙田 飛機場,,,,,,助手,,踱步,H,飛機場 踱步 (助手)
G392,28/01/2025,踱步,沙田,飛機場,沙田 飛機場,,,,,,助手,,踱步,PH,飛機場 踱步 (助手)
G392,26/01/2025,出賽,沙田,草地,沙田 草地,1600M,,,,,何澤堯,3/8,出賽,TT,1600M (何澤堯) (3/8)
G392,25/01/2025,游水,沙田,,沙田,,,,,,,,游水,,
G392,25/01/2025,踱步,沙田,內圈,沙田 內圈,,,,,,助手,,快踱一圈,H,內圈 快踱一圈 (助手)
G392,24/01/2025,游水,沙田,,沙田,,,,,,,,游水,,
G392,24/01/2025,踱步,沙田,內圈,沙田 內圈,,,,,,助手,,快踱兩圈,H,內圈 快踱兩圈 (助手)
G392,23/01/2025,游水,沙田,,沙田,,,,,,,,游水,,
G392,23/01/2025,踱步,沙田,內圈,沙田 內圈,,,,,,助手,,倒快兩圈,H,內圈 倒快兩圈 (助手)
G392,22/01/2025,游水,沙田,,沙田,,,,,,,,游水,,
G392,22/01/2025,踱步,沙田,內圈,沙田 內圈,,,,,,助手,,快踱兩圈,PH,內圈 快踱兩圈 (助手)
G392,21/01/2025,游水,沙田,,沙田,,,,,,,,游水,,
G392,21/01/2025,踱步,沙田,內圈,沙田 內圈,,,,,,助手,,快踱兩圈,H,內圈 快踱兩圈 (助手)
G392,20/01/2025,游水,沙田,,沙田,,,,,,,,游水,,
G392,20/01/2025,踱步,沙田,內圈,沙田 內圈,,,,,,助手,,倒快兩圈,H,內圈 倒快兩圈 (助手)
G392,19/01/2025,游水,沙田,,沙田,,,,,,,,游水,,
G392,19/01/2025,踱步,沙田,內圈,沙田 內圈,,,,,,助手,,快踱兩圈,H,內圈 快踱兩圈 (助手)
G392,18/01/2025,游水,沙田,,沙田,,,,,,,,游水,,
G392,18/01/2025,踱步,沙田,內圈,沙田 內圈,,,,,,助手,,快踱兩圈,H,內圈 快踱兩圈 (助手)
G392,17/01/2025,游水,沙田,,沙田,,,,,,,,游水,,
G392,17/01/2025,踱步,沙田,內圈,沙田 內圈,,,,,,助手,,快踱兩圈,H,內圈 快踱兩圈 (助手)
G392,16/01/2025,踱步,沙田,飛機場,沙田 飛機場,,,,,,助手,,踱步,H,飛機場 踱步 (助手)
G392,14/01/2025,踱步,沙田,內圈,沙田 內圈,,,,,,助手,,快踱一圈,H,內圈 快踱一圈 (助手)
G392,13/01/2025,踱步,沙田,內圈,沙田 內圈,,,,,,助手,,倒快兩圈,H,內圈 倒快兩圈 (助手)
G392,12/01/2025,游水,沙田,,沙田,,,,,,,,游水,,
G392,12/01/2025,踱步,沙田,內圈,沙田 內圈,,,,,,助手,,快踱一圈,H,內圈 快踱一圈 (助手)
G392,10/01/2025,試閘,跑馬地,草地,跑馬地 草地,1200M,1.12.01,72.01,24.8 24.3 22.9,維港智能,何澤堯,,第3組,,第3組 (何澤堯) 1200M 維港智能 24.8 24.3 22.9 (1.12.01)
G392,09/01/2025,游水,沙田,,沙田,,,,,,,,游水,,
G392,09/01/2025,踱步,沙田,內圈,沙田 內圈,,,,,,助手,,倒快兩圈,H,內圈 倒快兩圈 (助手)
G392,08/01/2025,游水,沙田,,沙田,,,,,,,,游水,,
G392,08/01/2025,踱步,沙田,內圈,沙田 內圈,,,,,,助手,,快踱兩圈,H,內圈 快踱兩圈 (助手)
G392,07/01/2025,踱步,從化,內圈,從化 內圈,,,,,,助手,,快踱兩圈,H,內圈 快踱兩圈 (助手)
G392,06/01/2025,游水,從化,,從化,,,,,,,,游水,,
G392,06/01/2025,踱步,從化,內圈,從化 內圈,,,,,,助手,,倒快兩圈,H,內圈 倒快兩圈 (助手)
G392,05/01/2025,游水,從化,,從化,,,,,,,,游水,,
G392,05/01/2025,踱步,從化,內圈,從化 內圈,,,,,,助手,,快踱一圈,H,內圈 快踱一圈 (助手)
G392,04/01/2025,游水,從化,,從化,,,,,,,,游水,,
G392,04/01/2025,快操,從化,草地,從化 草地,,1.23.3,83.3,30.2 27.3 25.8,,助手,,快操,H,30.2 27.3 25.8 (1.23.3) (助手)
G392,04/01/2025,踱步,從化,飛機場,從化 飛機場,,,,,,助手,,踱步,H,飛機場 踱步 (助手)
G392,03/01/2025,游水,從化,,從化,,,,,,,,游水,,
G392,03/01/2025,踱步,從化,內圈,從化 內圈,,,,,,助手,,快踱兩圈,H,內圈 快踱兩圈 (助手)
G392,02/01/2025,游水,從化,,從化,,,,,,,,游水,,
G392,02/01/2025,踱步,從化,內圈,從化 內圈,,,,,,助手,,倒快兩圈,H,內圈 倒快兩圈 (助手)
G392,01/01/2025,游水,從化,,從化,,,,,,,,游水,,
G392,01/01/2025,踱步,從化,內圈,從化 內圈,,,,,,助手,,快踱兩圈,H,內圈 快踱兩圈 (助手)
G392,31/12/2024,游水,從化,,從化,,,,,,,,游水,,
G392,31/12/2024,踱步,從化,內圈,從化 內圈,,,,,,助手,,快踱兩圈,H,內圈 快踱兩圈 (助手)
G392,30/12/2024,游水,從化,,從化,,,,,,,,游水,,
G392,30/12/2024,快操,從化,草地,從化 草地,,1.19.7,79.7,27.2 27.7 24.8,,助手,,"喜勝駿駒, 賢心星",H,"27.2 27.7 24.8 (1.19.7) (助手) 喜勝駿駒, 賢心星"
G392,30/12/2024,踱步,從化,飛機場,從化 飛機場,,,,,,助手,,踱步,H,飛機場 踱步 (助手)
G392,29/12/2024,游水,從化,,從化,,,,,,,,游水,,
G392,29/12/2024,踱步,從化,內圈,從化 內圈,,,,,,助手,,快踱一圈,H,內圈 快踱一圈 (助手)
G392,28/12/2024,游水,從化,,從化,,,,,,,,游水,,
G392,28/12/2024,踱步,從化,內圈,從化 內圈,,,,,,助手,,快踱兩圈,H,內圈 快踱兩圈 (助手)
G392,27/12/2024,游水,從化,,從化,,,,,,,,游水,,
G392,27/12/2024,踱步,從化,內圈,從化 內圈,,,,,,助手,,快踱兩圈,H,內圈 快踱兩圈 (助手)
G392,26/12/2024,游水,從化,,從化,,,,,,,,游水,,
G392,26/12/2024,快操,從化,草地,從化 草地,,1.27.3,87.3,30.7 29.9 26.7,,助手,,快操,H,30.7 29.9 26.7 (1.27.3) (助手)
G392,26/12/2024,踱步,從化,飛機場,從化 飛機場,,,,,,助手,,踱步,H,飛機場 踱步 (助手)
G392,25/12/2024,游水,從化,,從化,,,,,,,,游水,,
G392,25/12/2024,踱步,從化,內圈,從化 內圈,,,,,,助手,,快踱兩圈,H,內圈 快踱兩圈 (助手)
G392,24/12/2024,游水,從化,,從化,,,,,,,,游水,,
G392,24/12/2024,踱步,從化,內圈,從化 內圈,,,,,,助手,,快踱兩圈,H,內圈 快踱兩圈 (助手)
G392,23/12/2024,游水,從化,,從化,,,,,,,,游水,,
G392,23/12/2024,踱步,從化,內圈,從化 內圈,,,,,,助手,,倒快兩圈,H,內圈 倒快兩圈 (助手)
G392,22/12/2024,游水,從化,,從化,,,,,,,,游水,,
G392,22/12/2024,踱步,從化,內圈,從化 內圈,,,,,,助手,,快踱一圈,H,內圈 快踱一圈 (助手)
G392,21/12/2024,游水,從化,,從化,,,,,,,,游水,,
G392,21/12/2024,快操,從化,草地,從化 草地,,54.1,54.1,27.8 26.3,,助手,,快操,H,27.8 26.3 (54.1) (助手)
G392,21/12/2024,踱步,從化,飛機場,從化 飛機場,,,,,,助手,,踱步,H,飛機場 踱步 (助手)
G392,20/12/2024,游水,從化,,從化,,,,,,,,游水,,
G392,20/12/2024,踱步,從化,內圈,從化 內圈,,,,,,助手,,快踱兩圈,H,內圈 快踱兩圈 (助手)
G392,19/12/2024,游水,從化,,從化,,,,,,,,游水,,
G392,19/12/2024,踱步,從化,內圈,從化 內圈,,,,,,助手,,倒快兩圈,H,內圈 倒快兩圈 (助手)
G392,18/12/2024,游水,從化,,從化,,,,,,,,游水,,
G392,18/12/2024,踱步,從化,內圈,從化 內圈,,,,,,助手,,快踱兩圈,H,內圈 快踱兩圈 (助手)
G392,17/12/2024,游水,從化,,從化,,,,,,,,游水,,
G392,17/12/2024,踱步,從化,內圈,從化 內圈,,,,,,助手,,快踱兩圈,H,內圈 快踱兩圈 (助手)
G392,16/12/2024,游水,從化,,從化,,,,,,,,游水,,
G392,16/12/2024,踱步,從化,內圈,從化 內圈,,,,,,助手,,倒快兩圈,H,內圈 倒快兩圈 (助手)
G392,15/12/2024,游水,從化,,從化,,,,,,,,游水,,
G392,15/12/2024,踱步,從化,內圈,從化 內圈,,,,,,助手,,快踱一圈,H,內圈 快踱一圈 (助手)
G392,14/12/2024,游水,從化,,從化,,,,,,,,游水,,
G392,14/12/2024,踱步,從化,內圈,從化 內圈,,,,,,助手,,快踱兩圈,H,內圈 快踱兩圈 (助手)
G392,13/12/2024,游水,從化,,從化,,,,,,,,游水,,
G392,13/12/2024,踱步,從化,內圈,從化 內圈,,,,,,助手,,快踱兩圈,H,內圈 快踱兩圈 (助手)
G392,12/12/2024,游水,從化,,從化,,,,,,,,游水,,
G392,12/12/2024,踱步,從化,內圈,從化 內圈,,,,,,助手,,倒快兩圈,H,內圈 倒快兩圈 (助手)
G392,11/12/2024,游水,從化,,從化,,,,,,,,游水,,
G392,11/12/2024,踱步,從化,內圈,從化 內圈,,,,,,助手,,快踱兩圈,H,內圈 快踱兩圈 (助手)
G392,10/12/2024,游水,從化,,從化,,,,,,,,游水,,
G392,10/12/2024,踱步,從化,內圈,從化 內圈,,,,,,助手,,快踱兩圈,H,內圈 快踱兩圈 (助手)
G392,09/12/2024,游水,從化,,從化,,,,,,,,游水,,
G392,09/12/2024,踱步,從化,內圈,從化 內圈,,,,,,助手,,倒快兩圈,H,內圈 倒快兩圈 (助手)
G392,08/12/2024,游水,從化,,從化,,,,,,,,游水,,
G392,08/12/2024,踱步,從化,內圈,從化 內圈,,,,,,助手,,快踱一圈,H,內圈 快踱一圈 (助手)
G392,07/12/2024,游水,從化,,從化,,,,,,,,游水,,
G392,07/12/2024,踱步,從化,飛機場,從化 飛機場,,,,,,助手,,踱步,,飛機場 踱步 (助手)
G392,04/12/2024,出賽,跑馬地,草地,跑馬地 草地,1800M,,,,,何澤堯,7/12,出賽,TT,1800M (何澤堯) (7/12)
G392,03/12/2024,游水,沙田,,沙田,,,,,,,,游水,,
G392,03/12/2024,踱步,沙田,內圈,沙田 內圈,,,,,,助手,,快踱兩圈,H,內圈 快踱兩圈 (助手)
G392,02/12/2024,游水,沙田,,沙田,,,,,,,,游水,,
G392,02/12/2024,踱步,沙田,內圈,沙田 內圈,,,,,,助手,,倒快兩圈,H,內圈 倒快兩圈 (助手)
G392,01/12/2024,游水,沙田,,沙田,,,,,,,,游水,,
G392,01/12/2024,踱步,沙田,內圈,沙田 內圈,,,,,,助手,,快踱一圈,H,內圈 快踱一圈 (助手)
G392,30/11/2024,游水,沙田,,沙田,,,,,,,,游水,,
G392,30/11/2024,踱步,沙田,內圈,沙田 內圈,,,,,,助手,,快踱兩圈,H,內圈 快踱兩圈 (助手)
G392,29/11/2024,游水,沙田,,沙田,,,,,,,,游水,,
G392,29/11/2024,踱步,沙田,內圈,沙田 內圈,,,,,,助手,,快踱兩圈,H,內圈 快踱兩圈 (助手)
G392,28/11/2024,游水,沙田,,沙田,,,,,,,,游水,,
G392,28/11/2024,踱步,沙田,內圈,沙田 內圈,,,,,,助手,,倒快兩圈,H,內圈 倒快兩圈 (助手)
G392,27/11/2024,游水,沙田,,沙田,,,,,,,,游水,,
G392,27/11/2024,踱步,沙田,內圈,沙田 內圈,,,,,,助手,,快踱一圈,H,內圈 快踱一圈 (助手)
G392,26/11/2024,踱步,沙田,飛機場,沙田 飛機場,,,,,,助手,,踱步,H,飛機場 踱步 (助手)
G392,24/11/2024,出賽,沙田,草地,沙田 草地,1600M,,,,,何澤堯,7/14,出賽,TT,1600M (何澤堯) (7/14)
G392,23/11/2024,游水,沙田,,沙田,,,,,,,,游水,,
G392,23/11/2024,踱步,沙田,內圈,沙田 內圈,,,,,,助手,,快踱兩圈,H,內圈 快踱兩圈 (助手)
G392,22/11/2024,游水,沙田,,沙田,,,,,,,,游水,,
G392,22/11/2024,踱步,沙田,內圈,沙田 內圈,,,,,,陳嘉熙,,快踱兩圈,H,內圈 快踱兩圈 (陳嘉熙)
G392,21/11/2024,快操,沙田,草地,沙田 草地,,55.3,55.3,28.9 26.4,,助手,,快操,H,28.9 26.4 (55.3) (助手)
G392,20/11/2024,游水,沙田,,沙田,,,,,,,,游水,,
G392,20/11/2024,踱步,沙田,內圈,沙田 內圈,,,,,,助手,,快踱一圈,H,內圈 快踱一圈 (助手)
G392,19/11/2024,游水,沙田,,沙田,,,,,,,,游水,,
G392,19/11/2024,踱步,沙田,內圈,沙田 內圈,,,,,,助手,,快踱兩圈,H,內圈 快踱兩圈 (助手)
G392,18/11/2024,快操,沙田,全天候,沙田 全天候,,1.28.5,88.5,30.8 30.5 27.2,,助手,,快操,H,30.8 30.5 27.2 (1.28.5) (助手)
G392,17/11/2024,游水,沙田,,沙田,,,,,,,,游水,,
G392,17/11/2024,踱步,沙田,內圈,沙田 內圈,,,,,,助手,,快踱一圈,H,內圈 快踱一圈 (助手)
G392,16/11/2024,游水,沙田,,沙田,,,,,,,,游水,,
G392,16/11/2024,踱步,沙田,內圈,沙田 內圈,,,,,,助手,,快踱兩圈,H,內圈 快踱兩圈 (助手)
G392,15/11/2024,游水,沙田,,沙田,,,,,,,,游水,,
G392,15/11/2024,踱步,沙田,內圈,沙田 內圈,,,,,,助手,,快踱兩圈,H,內圈 快踱兩圈 (助手)
G392,13/11/2024,游水,沙田,,沙田,,,,,,,,游水,,
G392,13/11/2024,踱步,沙田,內圈,沙田 內圈,,,,,,助手,,快踱一圈,PH,內圈 快踱一圈 (助手)
G392,12/11/2024,快操,沙田,全天候,沙田 全天候,,55.1,55.1,29.8 25.3,,黃智弘,,快操,H,29.8 25.3 (55.1) (黃智弘)
G392,11/11/2024,游水,沙田,,沙田,,,,,,,,游水,,
G392,11/11/2024,踱步,沙田,內圈,沙田 內圈,,,,,,助手,,倒快兩圈,H,內圈 倒快兩圈 (助手)
G392,10/11/2024,游水,沙田,,沙田,,,,,,,,游水,,
G392,10/11/2024,踱步,沙田,內圈,沙田 內圈,,,,,,助手,,快踱一圈,H,內圈 快踱一圈 (助手)
G392,09/11/2024,游水,沙田,,沙田,,,,,,,,游水,,
G392,09/11/2024,踱步,沙田,內圈,沙田 內圈,,,,,,助手,,快踱兩圈,H,內圈 快踱兩圈 (助手)
G392,08/11/2024,游水,沙田,,沙田,,,,,,,,游水,,
G392,08/11/2024,踱步,沙田,內圈,沙田 內圈,,,,,,助手,,快踱兩圈,H,內圈 快踱兩圈 (助手)
G392,07/11/2024,游水,沙田,,沙田,,,,,,,,游水,,
G392,07/11/2024,踱步,沙田,內圈,沙田 內圈,,,,,,助手,,倒快兩圈,H,內圈 倒快兩圈 (助手)
G392,06/11/2024,踱步,沙田,內圈,沙田 內圈,,,,,,助手,,快踱一圈,H,內圈 快踱一圈 (助手)
G392,05/11/2024,踱步,沙田,飛機場,沙田 飛機場,,,,,,助手,,踱步,H,飛機場 踱步 (助手)
G392,03/11/2024,出賽,沙田,草地,沙田 草地,1800M,,,,,巴度,9/14,出賽,TT,1800M (巴度) (9/14)
G392,02/11/2024,游水,沙田,,沙田,,,,,,,,游水,,
G392,02/11/2024,踱步,沙田,內圈,沙田 內圈,,,,,,助手,,快踱一圈,H,內圈 快踱一圈 (助手)
G392,01/11/2024,快操,沙田,全天候,沙田 全天候,,1.22.9,82.9,29.0 28.5 25.4,,助手,,快操,H,29.0 28.5 25.4 (1.22.9) (助手)
G392,31/10/2024,游水,沙田,,沙田,,,,,,,,游水,,
G392,31/10/2024,踱步,沙田,外圈,沙田 外圈,,,,,,助手,,快踱兩圈,H,外圈 快踱兩圈 (助手)
G392,30/10/2024,游水,沙田,,沙田,,,,,,,,游水,,
G392,30/10/2024,踱步,沙田,內圈,沙田 內圈,,,,,,助手,,快踱兩圈,H,內圈 快踱兩圈 (助手)
G392,29/10/2024,快操,沙田,全天候,沙田 全天候,,1.27.9,87.9,30.4 30.2 27.3,,助手,,快操,H,30.4 30.2 27.3 (1.27.9) (助手)
G392,29/10/2024,踱步,沙田,飛機場,沙田 飛機場,,,,,,助手,,踱步,H,飛機場 踱步 (助手)
G392,28/10/2024,游水,沙田,,沙田,,,,,,,,游水,,
G392,28/10/2024,踱步,沙田,內圈,沙田 內圈,,,,,,助手,,倒快兩圈,H,內圈 倒快兩圈 (助手)
G392,27/10/2024,游水,沙田,,沙田,,,,,,,,游水,,
G392,27/10/2024,踱步,沙田,內圈,沙田 內圈,,,,,,助手,,快踱一圈,H,內圈 快踱一圈 (助手)
G392,26/10/2024,游水,沙田,,沙田,,,,,,,,游水,,
G392,26/10/2024,踱步,沙田,內圈,沙田 內圈,,,,,,助手,,快踱兩圈,H,內圈 快踱兩圈 (助手)
G392,25/10/2024,游水,沙田,,沙田,,,,,,,,游水,,
G392,25/10/2024,踱步,沙田,外圈,沙田 外圈,,,,,,助手,,快踱一圈,H,外圈 快踱一圈 (助手)
G392,24/10/2024,游水,沙田,,沙田,,,,,,,,游水,,
G392,24/10/2024,踱步,沙田,內圈,沙田 內圈,,,,,,助手,,倒快兩圈,H,內圈 倒快兩圈 (助手)
G392,23/10/2024,游水,沙田,,沙田,,,,,,,,游水,,
G392,23/10/2024,踱步,沙田,內圈,沙田 內圈,,,,,,助手,,快踱一圈,H,內圈 快踱一圈 (助手)
G392,22/10/2024,踱步,沙田,飛機場,沙田 飛機場,,,,,,助手,,踱步,H,飛機場 踱步 (助手)
G392,20/10/2024,出賽,沙田,草地,沙田 草地,1600M,,,,,何澤堯,1/12,出賽,TT,1600M (何澤堯) (1/12)
G392,19/10/2024,游水,沙田,,沙田,,,,,,,,游水,,
G392,19/10/2024,踱步,沙田,內圈,沙田 內圈,,,,,,助手,,快踱兩圈,H,內圈 快踱兩圈 (助手)
G392,18/10/2024,快操,沙田,全天候,沙田 全天候,,1.24.3,84.3,31.1 27.7 25.5,,助手,,快操,H,31.1 27.7 25.5 (1.24.3) (助手)
G392,17/10/2024,踱步,從化,內圈,從化 內圈,,,,,,助手,,倒快兩圈,H,內圈 倒快兩圈 (助手)
G392,16/10/2024,游水,從化,,從化,,,,,,,,游水,,
G392,16/10/2024,踱步,從化,內圈,從化 內圈,,,,,,助手,,快踱兩圈,H,內圈 快踱兩圈 (助手)
G392,15/10/2024,游水,從化,,從化,,,,,,,,游水,,
G392,15/10/2024,踱步,從化,內圈,從化 內圈,,,,,,助手,,快踱兩圈,H,內圈 快踱兩圈 (助手)
G392,14/10/2024,游水,從化,,從化,,,,,,,,游水,,
G392,14/10/2024,快操,從化,草地,從化 草地,,55.1,55.1,28.0 27.1,,助手,,快操,H,28.0 27.1 (55.1) (助手)
G392,14/10/2024,踱步,從化,飛機場,從化 飛機場,,,,,,助手,,踱步,H,飛機場 踱步 (助手)
G392,13/10/2024,游水,從化,,從化,,,,,,,,游水,,
G392,13/10/2024,踱步,從化,內圈,從化 內圈,,,,,,助手,,快踱一圈,H,內圈 快踱一圈 (助手)
G392,12/10/2024,游水,從化,,從化,,,,,,,,游水,,
G392,12/10/2024,踱步,從化,內圈,從化 內圈,,,,,,助手,,快踱兩圈,H,內圈 快踱兩圈 (助手)
G392,11/10/2024,游水,從化,,從化,,,,,,,,游水,,
G392,11/10/2024,踱步,從化,內圈,從化 內圈,,,,,,助手,,快踱兩圈,H,內圈 快踱兩圈 (助手)
G392,10/10/2024,游水,從化,,從化,,,,,,,,游水,,
G392,10/10/2024,踱步,從化,內圈,從化 內圈,,,,,,助手,,倒快兩圈,H,內圈 倒快兩圈 (助手)
G392,09/10/2024,游水,從化,,從化,,,,,,,,游水,,
G392,09/10/2024,踱步,從化,內圈,從化 內圈,,,,,,助手,,快踱一圈,H,內圈 快踱一圈 (助手)
G392,07/10/2024,試閘,從化,草地,從化 草地,1600M,1.37.64,97.64,24.6 23.5 24.8 24.7,話你知,巴度,,第8組,,第8組 (巴度) 1600M 話你知 24.6 23.5 24.8 24.7 (1.37.64)
G392,06/10/2024,游水,從化,,從化,,,,,,,,游水,,
G392,06/10/2024,踱步,從化,內圈,從化 內圈,,,,,,助手,,快踱兩圈,H,內圈 快踱兩圈 (助手)
G392,05/10/2024,游水,從化,,從化,,,,,,,,游水,,
G392,05/10/2024,踱步,從化,內圈,從化 內圈,,,,,,助手,,快踱兩圈,H,內圈 快踱兩圈 (助手)
G392,04/10/2024,游水,從化,,從化,,,,,,,,游水,,
G392,04/10/2024,踱步,從化,內圈,從化 內圈,,,,,,助手,,快踱兩圈,H,內圈 快踱兩圈 (助手)
G392,03/10/2024,游水,從化,,從化,,,,,,,,游水,,
G392,03/10/2024,快操,從化,草地,從化 草地,,1.22.0,82.0,29.7 27.8 24.5,,助手,,歡笑福星,H,29.7 27.8 24.5 (1.22.0) (助手) 歡笑福星
G392,03/10/2024,踱步,從化,飛機場,從化 飛機場,,,,,,助手,,踱步,H,飛機場 踱步 (助手)
G392,02/10/2024,游水,從化,,從化,,,,,,,,游水,,
G392,02/10/2024,踱步,從化,內圈,從化 內圈,,,,,,助手,,快踱兩圈,H,內圈 快踱兩圈 (助手)
G392,01/10/2024,游水,從化,,從化,,,,,,,,游水,,
G392,01/10/2024,踱步,從化,內圈,從化 內圈,,,,,,助手,,快踱兩圈,H,內圈 快踱兩圈 (助手)
G392,30/09/2024,游水,從化,,從化,,,,,,,,游水,,
G392,30/09/2024,踱步,從化,內圈,從化 內圈,,,,,,助手,,倒快兩圈,H,內圈 倒快兩圈 (助手)
G392,29/09/2024,游水,從化,,從化,,,,,,,,游水,,
G392,29/09/2024,踱步,從化,內圈,從化 內圈,,,,,,助手,,快踱一圈,H,內圈 快踱一圈 (助手)
G392,28/09/2024,游水,從化,,從化,,,,,,,,游水,,
G392,28/09/2024,快操,從化,草地,從化 草地,,1.23.2,83.2,30.5 28.7 24.0,,助手,,歡笑福星,H,30.5 28.7 24.0 (1.23.2) (助手) 歡笑福星
G392,28/09/2024,踱步,從化,飛機場,從化 飛機場,,,,,,助手,,踱步,H,飛機場 踱步 (助手)
G392,27/09/2024,游水,從化,,從化,,,,,,,,游水,,
G392,27/09/2024,踱步,從化,內圈,從化 內圈,,,,,,助手,,快踱兩圈,H,內圈 快踱兩圈 (助手)
G392,26/09/2024,游水,從化,,從化,,,,,,,,游水,,
G392,26/09/2024,踱步,從化,內圈,從化 內圈,,,,,,助手,,倒快兩圈,H,內圈 倒快兩圈 (助手)
G392,25/09/2024,游水,從化,,從化,,,,,,,,游水,,
G392,25/09/2024,踱步,從化,內圈,從化 內圈,,,,,,助手,,快踱兩圈,H,內圈 快踱兩圈 (助手)
G392,24/09/2024,游水,從化,,從化,,,,,,,,游水,,
G392,24/09/2024,快操,從化,草地,從化 草地,,56.1,56.1,29.2 26.9,,助手,,快操,H,29.2 26.9 (56.1) (助手)
G392,24/09/2024,踱步,從化,飛機場,從化 飛機場,,,,,,助手,,踱步,H,飛機場 踱步 (助手)
G392,23/09/2024,游水,從化,,從化,,,,,,,,游水,,
G392,23/09/2024,踱步,從化,內圈,從化 內圈,,,,,,助手,,倒快兩圈,H,內圈 倒快兩圈 (助手)
G392,22/09/2024,游水,從化,,從化,,,,,,,,游水,,
G392,22/09/2024,踱步,從化,內圈,從化 內圈,,,,,,助手,,快踱一圈,H,內圈 快踱一圈 (助手)
G392,21/09/2024,游水,從化,,從化,,,,,,,,游水,,
G392,21/09/2024,踱步,從化,內圈,從化 內圈,,,,,,助手,,快踱兩圈,H,內圈 快踱兩圈 (助手)
G392,20/09/2024,游水,從化,,從化,,,,,,,,游水,,
G392,20/09/2024,踱步,從化,內圈,從化 內圈,,,,,,助手,,快踱兩圈,H,內圈 快踱兩圈 (助手)
G392,19/09/2024,游水,從化,,從化,,,,,,,,游水,,
G392,19/09/2024,快操,從化,草地,從化 草地,,1.31.0,91.0,30.5 30.3 30.2,,助手,,快操,H,30.5 30.3 30.2 (1.31.0) (助手)
G392,19/09/2024,踱步,從化,飛機場,從化 飛機場,,,,,,助手,,踱步,H,飛機場 踱步 (助手)
G392,18/09/2024,游水,從化,,從化,,,,,,,,游水,,
G392,18/09/2024,踱步,從化,內圈,從化 內圈,,,,,,助手,,快踱兩圈,H,內圈 快踱兩圈 (助手)
G392,17/09/2024,游水,從化,,從化,,,,,,,,游水,,
G392,17/09/2024,踱步,從化,內圈,從化 內圈,,,,,,助手,,快踱兩圈,H,內圈 快踱兩圈 (助手)
G392,16/09/2024,游水,從化,,從化,,,,,,,,游水,,
G392,16/09/2024,踱步,從化,內圈,從化 內圈,,,,,,助手,,倒快一圈,H,內圈 倒快一圈 (助手)
G392,15/09/2024,踱步,沙田,內圈,沙田 內圈,,,,,,助手,,快踱一圈,H,內圈 快踱一圈 (助手)
G392,14/09/2024,游水,沙田,,沙田,,,,,,,,游水,,
G392,14/09/2024,踱步,沙田,內圈,沙田 內圈,,,,,,助手,,快踱兩圈,H,內圈 快踱兩圈 (助手)
G392,13/09/2024,游水,沙田,,沙田,,,,,,,,游水,,
G392,13/09/2024,踱步,沙田,內圈,沙田 內圈,,,,,,助手,,快踱兩圈,H,內圈 快踱兩圈 (助手)
G392,12/09/2024,游水,沙田,,沙田,,,,,,,,游水,,
G392,12/09/2024,踱步,沙田,內圈,沙田 內圈,,,,,,助手,,倒快兩圈,H,內圈 倒快兩圈 (助手)
G392,11/09/2024,游水,沙田,,沙田,,,,,,,,游水,,
G392,11/09/2024,踱步,沙田,內圈,沙田 內圈,,,,,,助手,,快踱兩圈,H,內圈 快踱兩圈 (助手)
G392,10/09/2024,踱步,沙田,飛機場,沙田 飛機場,,,,,,助手,,踱步,H,飛機場 踱步 (助手)
G392,08/09/2024,出賽,沙田,草地,沙田 草地,1400M,,,,,何澤堯,3/8,出賽,TT,1400M (何澤堯) (3/8)
G392,07/09/2024,游水,沙田,,沙田,,,,,,,,游水,,
G392,07/09/2024,踱步,沙田,內圈,沙田 內圈,,,,,,助手,,快踱一圈,H,內圈 快踱一圈 (助手)
G392,05/09/2024,游水,沙田,,沙田,,,,,,,,游水,,
G392,05/09/2024,踱步,沙田,內圈,沙田 內圈,,,,,,助手,,倒快兩圈,H,內圈 倒快兩圈 (助手)
G392,04/09/2024,游水,沙田,,沙田,,,,,,,,游水,,
G392,04/09/2024,踱步,沙田,內圈,沙田 內圈,,,,,,助手,,快踱兩圈,H,內圈 快踱兩圈 (助手)
G392,03/09/2024,游水,沙田,,沙田,,,,,,,,游水,,
G392,03/09/2024,踱步,沙田,內圈,沙田 內圈,,,,,,助手,,快踱兩圈,H,內圈 快踱兩圈 (助手)
G392,02/09/2024,快操,沙田,草閘,沙田 草閘,,47.1,47.1,24.3 22.8,,何澤堯,,精彩駿將,H,24.3 22.8 (47.1) (何澤堯) 精彩駿將
G392,01/09/2024,游水,沙田,,沙田,,,,,,,,游水,,
G392,01/09/2024,踱步,沙田,內圈,沙田 內圈,,,,,,助手,,快踱一圈,H,內圈 快踱一圈 (助手)
G392,31/08/2024,游水,沙田,,沙田,,,,,,,,游水,,
G392,31/08/2024,踱步,沙田,內圈,沙田 內圈,,,,,,助手,,快踱兩圈,H,內圈 快踱兩圈 (助手)
G392,30/08/2024,快操,沙田,全天候,沙田 全天候,,55.7,55.7,29.2 26.5,,助手,,快操,H,29.2 26.5 (55.7) (助手)
G392,30/08/2024,踱步,沙田,飛機場,沙田 飛機場,,,,,,助手,,踱步,H,飛機場 踱步 (助手)
G392,29/08/2024,游水,沙田,,沙田,,,,,,,,游水,,
G392,29/08/2024,踱步,沙田,內圈,沙田 內圈,,,,,,助手,,倒快兩圈,H,內圈 倒快兩圈 (助手)
G392,28/08/2024,游水,沙田,,沙田,,,,,,,,游水,,
G392,28/08/2024,踱步,沙田,內圈,沙田 內圈,,,,,,助手,,快踱兩圈,H,內圈 快踱兩圈 (助手)
G392,27/08/2024,游水,沙田,,沙田,,,,,,,,游水,,
G392,27/08/2024,踱步,沙田,內圈,沙田 內圈,,,,,,助手,,快踱兩圈,H,內圈 快踱兩圈 (助手)
G392,26/08/2024,快操,沙田,全天候,沙田 全天候,,51.1,51.1,27.2 23.9,,助手,,"漣心星, 鈦易搵",H,"27.2 23.9 (51.1) (助手) 漣心星, 鈦易搵"
G392,26/08/2024,踱步,沙田,飛機場,沙田 飛機場,,,,,,助手,,踱步,H,飛機場 踱步 (助手)
G392,25/08/2024,游水,沙田,,沙田,,,,,,,,游水,,
G392,25/08/2024,踱步,沙田,內圈,沙田 內圈,,,,,,助手,,快踱一圈,H,內圈 快踱一圈 (助手)
G392,24/08/2024,游水,沙田,,沙田,,,,,,,,游水,,
G392,24/08/2024,踱步,沙田,內圈,沙田 內圈,,,,,,助手,,快踱兩圈,H,內圈 快踱兩圈 (助手)
G392,23/08/2024,游水,沙田,,沙田,,,,,,,,游水,,
G392,23/08/2024,踱步,沙田,內圈,沙田 內圈,,,,,,助手,,快踱兩圈,H,內圈 快踱兩圈 (助手)
G392,22/08/2024,快操,沙田,草地,沙田 草地,,54.8,54.8,29.7 25.1,,助手,,快操,H,29.7 25.1 (54.8) (助手)
G392,21/08/2024,游水,沙田,,沙田,,,,,,,,游水,,
G392,21/08/2024,踱步,沙田,內圈,沙田 內圈,,,,,,助手,,快踱兩圈,H,內圈 快踱兩圈 (助手)
G392,20/08/2024,游水,沙田,,沙田,,,,,,,,游水,,
G392,20/08/2024,踱步,沙田,內圈,沙田 內圈,,,,,,助手,,快踱兩圈,H,內圈 快踱兩圈 (助手)
G392,19/08/2024,快操,沙田,全天候,沙田 全天候,,56.4,56.4,30.7 25.7,,助手,,快操,H,30.7 25.7 (56.4) (助手)
G392,19/08/2024,踱步,沙田,飛機場,沙田 飛機場,,,,,,助手,,踱步,PH,飛機場 踱步 (助手)
G392,18/08/2024,游水,沙田,,沙田,,,,,,,,游水,,
G392,18/08/2024,踱步,沙田,內圈,沙田 內圈,,,,,,助手,,快踱兩圈,H,內圈 快踱兩圈 (助手)
G392,17/08/2024,游水,沙田,,沙田,,,,,,,,游水,,
G392,17/08/2024,踱步,沙田,內圈,沙田 內圈,,,,,,助手,,快踱兩圈,H,內圈 快踱兩圈 (助手)
G392,16/08/2024,游水,沙田,,沙田,,,,,,,,游水,,
G392,16/08/2024,踱步,沙田,內圈,沙田 內圈,,,,,,助手,,快踱兩圈,H,內圈 快踱兩圈 (助手)
G392,15/08/2024,踱步,沙田,內圈,沙田 內圈,,,,,,助手,,倒快兩圈,,內圈 倒快兩圈 (助手)
G392,14/08/2024,踱步,從化,內圈,從化 內圈,,,,,,助手,,快踱兩圈,H,內圈 快踱兩圈 (助手)
G392,13/08/2024,游水,從化,,從化,,,,,,,,游水,,
G392,13/08/2024,踱步,從化,內圈,從化 內圈,,,,,,助手,,快踱兩圈,H,內圈 快踱兩圈 (助手)
G392,12/08/2024,游水,從化,,從化,,,,,,,,游水,,
G392,12/08/2024,快操,從化,草地,從化 草地,,56.2,56.2,29.8 26.4,,助手,,快操,H,29.8 26.4 (56.2) (助手)
G392,12/08/2024,踱步,從化,飛機場,從化 飛機場,,,,,,助手,,踱步,H,飛機場 踱步 (助手)
G392,11/08/2024,游水,從化,,從化,,,,,,,,游水,,
G392,11/08/2024,踱步,從化,內圈,從化 內圈,,,,,,助手,,快踱兩圈,H,內圈 快踱兩圈 (助手)
G392,10/08/2024,游水,從化,,從化,,,,,,,,游水,,
G392,10/08/2024,踱步,從化,內圈,從化 內圈,,,,,,助手,,快踱兩圈,H,內圈 快踱兩圈 (助手)
G392,09/08/2024,游水,從化,,從化,,,,,,,,游水,,
G392,09/08/2024,踱步,從化,內圈,從化 內圈,,,,,,助手,,快踱兩圈,H,內圈 快踱兩圈 (助手)
G392,08/08/2024,游水,從化,,從化,,,,,,,,游水,,
G392,08/08/2024,踱步,從化,內圈,從化 內圈,,,,,,助手,,倒快兩圈,H,內圈 倒快兩圈 (助手)
G392,07/08/2024,游水,從化,,從化,,,,,,,,游水,,
G392,07/08/2024,踱步,從化,內圈,從化 內圈,,,,,,助手,,快踱兩圈,H,內圈 快踱兩圈 (助手)
G392,06/08/2024,游水,從化,,從化,,,,,,,,游水,,
G392,06/08/2024,踱步,從化,內圈,從化 內圈,,,,,,助手,,快踱兩圈,H,內圈 快踱兩圈 (助手)
G392,05/08/2024,游水,從化,,從化,,,,,,,,游水,,
G392,05/08/2024,踱步,從化,內圈,從化 內圈,,,,,,助手,,倒快兩圈,H,內圈 倒快兩圈 (助手)
G392,04/08/2024,游水,從化,,從化,,,,,,,,游水,,
G392,04/08/2024,踱步,從化,內圈,從化 內圈,,,,,,助手,,快踱一圈,H,內圈 快踱一圈 (助手)
G392,03/08/2024,游水,從化,,從化,,,,,,,,游水,,
G392,03/08/2024,踱步,從化,內圈,從化 內圈,,,,,,助手,,快踱兩圈,H,內圈 快踱兩圈 (助手)
G392,02/08/2024,游水,從化,,從化,,,,,,,,游水,,
G392,02/08/2024,踱步,從化,內圈,從化 內圈,,,,,,助手,,快踱兩圈,H,內圈 快踱兩圈 (助手)
G392,01/08/2024,游水,從化,,從化,,,,,,,,游水,,
G392,01/08/2024,踱步,從化,內圈,從化 內圈,,,,,,助手,,倒快兩圈,H,內圈 倒快兩圈 (助手)
G392,31/07/2024,游水,從化,,從化,,,,,,,,游水,,
G392,31/07/2024,踱步,從化,內圈,從化 內圈,,,,,,助手,,快踱兩圈,H,內圈 快踱兩圈 (助手)
G392,30/07/2024,游水,從化,,從化,,,,,,,,游水,,
G392,30/07/2024,踱步,從化,內圈,從化 內圈,,,,,,助手,,快踱兩圈,H,內圈 快踱兩圈 (助手)
G392,29/07/2024,踱步,從化,內圈,從化 內圈,,,,,,助手,,倒快兩圈,H,內圈 倒快兩圈 (助手)
G392,28/07/2024,踱步,從化,內圈,從化 內圈,,,,,,助手,,快踱兩圈,H,內圈 快踱兩圈 (助手)
G392,27/07/2024,踱步,從化,內圈,從化 內圈,,,,,,助手,,快踱兩圈,H,內圈 快踱兩圈 (助手)
G392,26/07/2024,踱步,從化,內圈,從化 內圈,,,,,,助手,,快踱兩圈,H,內圈 快踱兩圈 (助手)
G392,25/07/2024,踱步,從化,內圈,從化 內圈,,,,,,助手,,倒快兩圈,H,內圈 倒快兩圈 (助手)
G392,24/07/2024,踱步,從化,內圈,從化 內圈,,,,,,助手,,快踱一圈,H,內圈 快踱一圈 (助手)
G392,23/07/2024,踱步,從化,內圈,從化 內圈,,,,,,助手,,快踱一圈,H,內圈 快踱一圈 (助手)
G392,22/07/2024,踱步,從化,飛機場,從化 飛機場,,,,,,助手,,踱步,,飛機場 踱步 (助手)
G392,21/07/2024,踱步,從化,飛機場,從化 飛機場,,,,,,助手,,踱步,,飛機場 踱步 (助手)
G392,20/07/2024,踱步,從化,飛機場,從化 飛機場,,,,,,助手,,踱步,,飛機場 踱步 (助手)
G392,19/07/2024,踱步,從化,飛機場,從化 飛機場,,,,,,助手,,踱步,,飛機場 踱步 (助手)
G392,18/07/2024,踱步,從化,飛機場,從化 飛機場,,,,,,助手,,踱步,,飛機場 踱步 (助手)
G392,17/07/2024,踱步,從化,飛機場,從化 飛機場,,,,,,助手,,踱步,,飛機場 踱步 (助手)
G392,16/07/2024,踱步,從化,飛機場,從化 飛機場,,,,,,助手,,踱步,,飛機場 踱步 (助手)
G392,05/07/2024,游水,從化,,從化,,,,,,,,游水,,
G392,05/07/2024,踱步,從化,內圈,從化 內圈,,,,,,助手,,快踱兩圈,H,內圈 快踱兩圈 (助手)
G392,04/07/2024,游水,從化,,從化,,,,,,,,游水,,
G392,04/07/2024,踱步,從化,內圈,從化 內圈,,,,,,助手,,倒快兩圈,H,內圈 倒快兩圈 (助手)
G392,03/07/2024,游水,從化,,從化,,,,,,,,游水,,
G392,03/07/2024,踱步,從化,內圈,從化 內圈,,,,,,助手,,快踱兩圈,H,內圈 快踱兩圈 (助手)
G392,02/07/2024,游水,從化,,從化,,,,,,,,游水,,
G392,02/07/2024,踱步,從化,內圈,從化 內圈,,,,,,助手,,快踱兩圈,H,內圈 快踱兩圈 (助手)
G392,01/07/2024,游水,從化,,從化,,,,,,,,游水,,
G392,01/07/2024,踱步,從化,內圈,從化 內圈,,,,,,助手,,倒快兩圈,H,內圈 倒快兩圈 (助手)
G392,30/06/2024,游水,從化,,從化,,,,,,,,游水,,
G392,30/06/2024,踱步,從化,內圈,從化 內圈,,,,,,助手,,快踱一圈,H,內圈 快踱一圈 (助手)
G392,29/06/2024,游水,從化,,從化,,,,,,,,游水,,
G392,29/06/2024,快操,從化,草地,從化 草地,,1.24.5,84.5,29.0 29.3 26.2,,助手,,快操,H,29.0 29.3 26.2 (1.24.5) (助手)
G392,29/06/2024,踱步,從化,飛機場,從化 飛機場,,,,,,助手,,踱步,H,飛機場 踱步 (助手)
G392,28/06/2024,游水,從化,,從化,,,,,,,,游水,,
G392,28/06/2024,踱步,從化,內圈,從化 內圈,,,,,,助手,,快踱兩圈,H,內圈 快踱兩圈 (助手)
G392,27/06/2024,游水,從化,,從化,,,,,,,,游水,,
G392,27/06/2024,踱步,從化,內圈,從化 內圈,,,,,,助手,,倒快兩圈,H,內圈 倒快兩圈 (助手)
G392,26/06/2024,游水,從化,,從化,,,,,,,,游水,,
G392,26/06/2024,踱步,從化,內圈,從化 內圈,,,,,,助手,,快踱兩圈,H,內圈 快踱兩圈 (助手)
G392,25/06/2024,游水,從化,,從化,,,,,,,,游水,,
G392,25/06/2024,踱步,從化,內圈,從化 內圈,,,,,,助手,,快踱兩圈,H,內圈 快踱兩圈 (助手)
G392,24/06/2024,游水,從化,,從化,,,,,,,,游水,,
G392,24/06/2024,踱步,從化,內圈,從化 內圈,,,,,,助手,,倒快兩圈,H,內圈 倒快兩圈 (助手)
G392,23/06/2024,游水,從化,,從化,,,,,,,,游水,,
G392,23/06/2024,踱步,從化,內圈,從化 內圈,,,,,,助手,,快踱一圈,H,內圈 快踱一圈 (助手)
G392,22/06/2024,游水,從化,,從化,,,,,,,,游水,,
G392,22/06/2024,踱步,從化,內圈,從化 內圈,,,,,,助手,,快踱一圈,H,內圈 快踱一圈 (助手)
G392,21/06/2024,踱步,沙田,內圈,沙田 內圈,,,,,,助手,,快踱兩圈,H,內圈 快踱兩圈 (助手)
G392,20/06/2024,游水,沙田,,沙田,,,,,,,,游水,,
G392,20/06/2024,踱步,沙田,內圈,沙田 內圈,,,,,,助手,,倒快兩圈,H,內圈 倒快兩圈 (助手)
G392,19/06/2024,游水,沙田,,沙田,,,,,,,,游水,,
G392,19/06/2024,踱步,沙田,內圈,沙田 內圈,,,,,,助手,,快踱一圈,H,內圈 快踱一圈 (助手)
G392,18/06/2024,游水,沙田,,沙田,,,,,,,,游水,,
G392,18/06/2024,踱步,沙田,飛機場,沙田 飛機場,,,,,,助手,,踱步,PH,飛機場 踱步 (助手)
G392,17/06/2024,游水,沙田,,沙田,,,,,,,,游水,,
G392,15/06/2024,出賽,沙田,草地,沙田 草地,1600M,,,,,何澤堯,1/13,出賽,TT,1600M (何澤堯) (1/13)
G392,14/06/2024,游水,沙田,,沙田,,,,,,,,游水,,
G392,14/06/2024,踱步,沙田,內圈,沙田 內圈,,,,,,助手,,快踱兩圈,H,內圈 快踱兩圈 (助手)
G392,13/06/2024,游水,沙田,,沙田,,,,,,,,游水,,
G392,13/06/2024,踱步,沙田,內圈,沙田 內圈,,,,,,助手,,倒快兩圈,H,內圈 倒快兩圈 (助手)
G392,12/06/2024,游水,沙田,,沙田,,,,,,,,游水,,
G392,12/06/2024,踱步,沙田,內圈,沙田 內圈,,,,,,助手,,快踱兩圈,H,內圈 快踱兩圈 (助手)
G392,11/06/2024,游水,沙田,,沙田,,,,,,,,游水,,
G392,11/06/2024,踱步,沙田,內圈,沙田 內圈,,,,,,助手,,快踱兩圈,H,內圈 快踱兩圈 (助手)
G392,10/06/2024,游水,沙田,,沙田,,,,,,,,游水,,
G392,10/06/2024,踱步,沙田,內圈,沙田 內圈,,,,,,助手,,倒快兩圈,H,內圈 倒快兩圈 (助手)
G392,09/06/2024,游水,沙田,,沙田,,,,,,,,游水,,
G392,09/06/2024,踱步,沙田,內圈,沙田 內圈,,,,,,助手,,快踱一圈,H,內圈 快踱一圈 (助手)
G392,07/06/2024,試閘,沙田,全天候,沙田 全天候,1200M,1.11.38,71.38,24.6 23.0 23.7,好如意,何澤堯,,第2組,,第2組 (何澤堯) 1200M 好如意 24.6 23.0 23.7 (1.11.38)
G392,06/06/2024,游水,沙田,,沙田,,,,,,,,游水,,
G392,06/06/2024,踱步,沙田,內圈,沙田 內圈,,,,,,助手,,倒快兩圈,H,內圈 倒快兩圈 (助手)
G392,05/06/2024,游水,沙田,,沙田,,,,,,,,游水,,
G392,05/06/2024,踱步,沙田,外圈,沙田 外圈,,,,,,助手,,快踱一圈,H,外圈 快踱一圈 (助手)
G392,04/06/2024,踱步,從化,內圈,從化 內圈,,,,,,助手,,快踱兩圈,H,內圈 快踱兩圈 (助手)
G392,03/06/2024,游水,從化,,從化,,,,,,,,游水,,
G392,03/06/2024,踱步,從化,內圈,從化 內圈,,,,,,助手,,倒快兩圈,H,內圈 倒快兩圈 (助手)
G392,02/06/2024,游水,從化,,從化,,,,,,,,游水,,
G392,02/06/2024,踱步,從化,內圈,從化 內圈,,,,,,助手,,快踱一圈,H,內圈 快踱一圈 (助手)
G392,01/06/2024,游水,從化,,從化,,,,,,,,游水,,
G392,01/06/2024,踱步,從化,內圈,從化 內圈,,,,,,助手,,快踱兩圈,H,內圈 快踱兩圈 (助手)
G392,31/05/2024,游水,從化,,從化,,,,,,,,游水,,
G392,31/05/2024,踱步,從化,內圈,從化 內圈,,,,,,助手,,快踱兩圈,H,內圈 快踱兩圈 (助手)
G392,30/05/2024,游水,從化,,從化,,,,,,,,游水,,
G392,30/05/2024,快操,從化,草地,從化 草地,,49.7,49.7,26.6 23.1,,助手,,精彩戰將,H,26.6 23.1 (49.7) (助手) 精彩戰將
G392,30/05/2024,踱步,從化,飛機場,從化 飛機場,,,,,,助手,,踱步,H,飛機場 踱步 (助手)
G392,29/05/2024,游水,從化,,從化,,,,,,,,游水,,
G392,29/05/2024,踱步,從化,內圈,從化 內圈,,,,,,助手,,快踱兩圈,H,內圈 快踱兩圈 (助手)
G392,28/05/2024,游水,從化,,從化,,,,,,,,游水,,
G392,28/05/2024,踱步,從化,內圈,從化 內圈,,,,,,助手,,快踱兩圈,H,內圈 快踱兩圈 (助手)
G392,27/05/2024,游水,從化,,從化,,,,,,,,游水,,
G392,27/05/2024,快操,從化,草地,從化 草地,,1.24.8,84.8,30.0 28.8 26.0,,助手,,快操,H,30.0 28.8 26.0 (1.24.8) (助手)
G392,27/05/2024,踱步,從化,飛機場,從化 飛機場,,,,,,助手,,踱步,H,飛機場 踱步 (助手)
G392,26/05/2024,游水,從化,,從化,,,,,,,,游水,,
G392,26/05/2024,踱步,從化,內圈,從化 內圈,,,,,,助手,,快踱一圈,H,內圈 快踱一圈 (助手)
G392,25/05/2024,游水,從化,,從化,,,,,,,,游水,,
G392,25/05/2024,踱步,從化,內圈,從化 內圈,,,,,,助手,,快踱兩圈,H,內圈 快踱兩圈 (助手)
G392,24/05/2024,游水,從化,,從化,,,,,,,,游水,,
G392,24/05/2024,踱步,從化,內圈,從化 內圈,,,,,,助手,,快踱兩圈,H,內圈 快踱兩圈 (助手)
G392,23/05/2024,游水,從化,,從化,,,,,,,,游水,,
G392,23/05/2024,踱步,從化,內圈,從化 內圈,,,,,,助手,,倒快兩圈,H,內圈 倒快兩圈 (助手)
G392,22/05/2024,游水,從化,,從化,,,,,,,,游水,,
G392,22/05/2024,踱步,從化,內圈,從化 內圈,,,,,,助手,,快踱兩圈,H,內圈 快踱兩圈 (助手)
G392,21/05/2024,游水,從化,,從化,,,,,,,,游水,,
G392,21/05/2024,快操,從化,草地,從化 草地,,53.9,53.9,28.5 25.4,,助手,,快操,H,28.5 25.4 (53.9) (助手)
G392,21/05/2024,踱步,從化,飛機場,從化 飛機場,,,,,,助手,,踱步,H,飛機場 踱步 (助手)
G392,20/05/2024,游水,從化,,從化,,,,,,,,游水,,
G392,20/05/2024,踱步,從化,內圈,從化 內圈,,,,,,助手,,倒快兩圈,H,內圈 倒快兩圈 (助手)
G392,19/05/2024,游水,從化,,從化,,,,,,,,游水,,
G392,19/05/2024,踱步,從化,內圈,從化 內圈,,,,,,助手,,快踱一圈,H,內圈 快踱一圈 (助手)
G392,18/05/2024,游水,從化,,從化,,,,,,,,游水,,
G392,18/05/2024,踱步,從化,內圈,從化 內圈,,,,,,助手,,快踱兩圈,H,內圈 快踱兩圈 (助手)
G392,17/05/2024,游水,從化,,從化,,,,,,,,游水,,
G392,17/05/2024,踱步,從化,內圈,從化 內圈,,,,,,助手,,快踱兩圈,H,內圈 快踱兩圈 (助手)
G392,16/05/2024,游水,從化,,從化,,,,,,,,游水,,
G392,16/05/2024,快操,從化,草地,從化 草地,,1.24.9,84.9,31.0 27.4 26.5,,助手,,快操,H,31.0 27.4 26.5 (1.24.9) (助手)
G392,16/05/2024,踱步,從化,飛機場,從化 飛機場,,,,,,助手,,踱步,H,飛機場 踱步 (助手)
G392,15/05/2024,游水,從化,,從化,,,,,,,,游水,,
G392,15/05/2024,踱步,從化,內圈,從化 內圈,,,,,,助手,,快踱兩圈,H,內圈 快踱兩圈 (助手)
G392,14/05/2024,游水,從化,,從化,,,,,,,,游水,,
G392,14/05/2024,踱步,從化,內圈,從化 內圈,,,,,,助手,,快踱兩圈,H,內圈 快踱兩圈 (助手)
G392,13/05/2024,游水,從化,,從化,,,,,,,,游水,,
G392,13/05/2024,踱步,從化,內圈,從化 內圈,,,,,,助手,,倒快兩圈,H,內圈 倒快兩圈 (助手)
G392,12/05/2024,游水,從化,,從化,,,,,,,,游水,,
G392,12/05/2024,踱步,從化,內圈,從化 內圈,,,,,,助手,,快踱一圈,H,內圈 快踱一圈 (助手)
G392,11/05/2024,游水,從化,,從化,,,,,,,,游水,,
G392,11/05/2024,快操,從化,草地,從化 草地,,1.23.3,83.3,29.2 27.8 26.3,,助手,,快操,H,29.2 27.8 26.3 (1.23.3) (助手)
G392,11/05/2024,踱步,從化,飛機場,從化 飛機場,,,,,,助手,,踱步,H,飛機場 踱步 (助手)
G392,10/05/2024,踱步,從化,內圈,從化 內圈,,,,,,助手,,快踱兩圈,H,內圈 快踱兩圈 (助手)
G392,09/05/2024,游水,從化,,從化,,,,,,,,游水,,
G392,09/05/2024,踱步,從化,內圈,從化 內圈,,,,,,助手,,倒快兩圈,H,內圈 倒快兩圈 (助手)
G392,08/05/2024,游水,從化,,從化,,,,,,,,游水,,
G392,08/05/2024,踱步,從化,內圈,從化 內圈,,,,,,助手,,快踱兩圈,H,內圈 快踱兩圈 (助手)
G392,07/05/2024,游水,從化,,從化,,,,,,,,游水,,
G392,07/05/2024,踱步,從化,內圈,從化 內圈,,,,,,助手,,快踱兩圈,H,內圈 快踱兩圈 (助手)
G392,06/05/2024,游水,從化,,從化,,,,,,,,游水,,
G392,06/05/2024,踱步,從化,內圈,從化 內圈,,,,,,助手,,倒快一圈,H,內圈 倒快一圈 (助手)
G392,05/05/2024,踱步,沙田,內圈,沙田 內圈,,,,,,助手,,快踱一圈,H,內圈 快踱一圈 (助手)
G392,04/05/2024,游水,沙田,,沙田,,,,,,,,游水,,
G392,04/05/2024,踱步,沙田,內圈,沙田 內圈,,,,,,助手,,快踱兩圈,H,內圈 快踱兩圈 (助手)
G392,03/05/2024,游水,沙田,,沙田,,,,,,,,游水,,
G392,03/05/2024,踱步,沙田,內圈,沙田 內圈,,,,,,助手,,快踱兩圈,H,內圈 快踱兩圈 (助手)
G392,02/05/2024,游水,沙田,,沙田,,,,,,,,游水,,
G392,02/05/2024,踱步,沙田,內圈,沙田 內圈,,,,,,助手,,倒快兩圈,H,內圈 倒快兩圈 (助手)
G392,01/05/2024,游水,沙田,,沙田,,,,,,,,游水,,
G392,01/05/2024,踱步,沙田,飛機場,沙田 飛機場,,,,,,助手,,踱步,PH,飛機場 踱步 (助手)
G392,30/04/2024,踱步,沙田,飛機場,沙田 飛機場,,,,,,助手,,踱步,PH,飛機場 踱步 (助手)
G392,28/04/2024,出賽,沙田,草地,沙田 草地,1600M,,,,,薛恩,1/11,出賽,TT,1600M (薛恩) (1/11)
G392,27/04/2024,游水,沙田,,沙田,,,,,,,,游水,,
G392,27/04/2024,踱步,沙田,內圈,沙田 內圈,,,,,,助手,,快踱兩圈,H,內圈 快踱兩圈 (助手)
G392,26/04/2024,踱步,沙田,內圈,沙田 內圈,,,,,,助手,,快踱兩圈,H,內圈 快踱兩圈 (助手)
G392,25/04/2024,快操,沙田,草地,沙田 草地,,52.6,52.6,27.0 25.6,,助手,,快操,,27.0 25.6 (52.6) (助手)
G392,24/04/2024,踱步,沙田,內圈,沙田 內圈,,,,,,助手,,快踱兩圈,H,內圈 快踱兩圈 (助手)
G392,23/04/2024,游水,沙田,,沙田,,,,,,,,游水,,
G392,23/04/2024,踱步,沙田,外圈,沙田 外圈,,,,,,助手,,快踱一圈,H,外圈 快踱一圈 (助手)
G392,22/04/2024,游水,沙田,,沙田,,,,,,,,游水,,
G392,22/04/2024,踱步,沙田,內圈,沙田 內圈,,,,,,助手,,倒快兩圈,H,內圈 倒快兩圈 (助手)
G392,21/04/2024,游水,沙田,,沙田,,,,,,,,游水,,
G392,21/04/2024,踱步,沙田,內圈,沙田 內圈,,,,,,助手,,快踱一圈,H,內圈 快踱一圈 (助手)
G392,20/04/2024,游水,沙田,,沙田,,,,,,,,游水,,
G392,20/04/2024,踱步,沙田,外圈,沙田 外圈,,,,,,助手,,快踱一圈,H,外圈 快踱一圈 (助手)
G392,19/04/2024,踱步,沙田,內圈,沙田 內圈,,,,,,助手,,快踱兩圈,H,內圈 快踱兩圈 (助手)
G392,18/04/2024,踱步,沙田,內圈,沙田 內圈,,,,,,助手,,倒快兩圈,H,內圈 倒快兩圈 (助手)
G392,17/04/2024,踱步,沙田,內圈,沙田 內圈,,,,,,助手,,快踱兩圈,H,內圈 快踱兩圈 (助手)
G392,16/04/2024,踱步,沙田,飛機場,沙田 飛機場,,,,,,助手,,踱步,H,飛機場 踱步 (助手)
G392,14/04/2024,出賽,沙田,草地,沙田 草地,1400M,,,,,何澤堯,11/14,出賽,TT,1400M (何澤堯) (11/14)
G392,13/04/2024,踱步,沙田,內圈,沙田 內圈,,,,,,助手,,快踱兩圈,H,內圈 快踱兩圈 (助手)
G392,12/04/2024,踱步,沙田,外圈,沙田 外圈,,,,,,助手,,快踱一圈,H,外圈 快踱一圈 (助手)
G392,11/04/2024,踱步,沙田,內圈,沙田 內圈,,,,,,助手,,倒快兩圈,H,內圈 倒快兩圈 (助手)
G392,10/04/2024,踱步,沙田,內圈,沙田 內圈,,,,,,助手,,快踱兩圈,H,內圈 快踱兩圈 (助手)
G392,09/04/2024,踱步,沙田,內圈,沙田 內圈,,,,,,助手,,快踱一圈,H,內圈 快踱一圈 (助手)
G392,08/04/2024,快操,沙田,草閘,沙田 草閘,,47.1,47.1,24.7 22.4,,何澤堯,,"大千氣象, 春風萬里",H,"24.7 22.4 (47.1) (何澤堯) 大千氣象, 春風萬里"
G392,07/04/2024,游水,沙田,,沙田,,,,,,,,游水,,
G392,07/04/2024,踱步,沙田,內圈,沙田 內圈,,,,,,助手,,快踱一圈,H,內圈 快踱一圈 (助手)
G392,06/04/2024,游水,沙田,,沙田,,,,,,,,游水,,
G392,06/04/2024,踱步,沙田,內圈,沙田 內圈,,,,,,助手,,快踱兩圈,H,內圈 快踱兩圈 (助手)
G392,05/04/2024,游水,沙田,,沙田,,,,,,,,游水,,
G392,05/04/2024,踱步,沙田,內圈,沙田 內圈,,,,,,助手,,快踱兩圈,H,內圈 快踱兩圈 (助手)
G392,04/04/2024,游水,沙田,,沙田,,,,,,,,游水,,
G392,04/04/2024,踱步,沙田,內圈,沙田 內圈,,,,,,助手,,倒快兩圈,H,內圈 倒快兩圈 (助手)
G392,03/04/2024,游水,沙田,,沙田,,,,,,,,游水,,
G392,03/04/2024,踱步,沙田,內圈,沙田 內圈,,,,,,助手,,快踱一圈,H,內圈 快踱一圈 (助手)
G392,02/04/2024,踱步,沙田,內圈,沙田 內圈,,,,,,助手,,快踱兩圈,H,內圈 快踱兩圈 (助手)
G392,01/04/2024,快操,沙田,草地,沙田 草地,,53.6,53.6,27.8 25.8,,助手,,快操,H,27.8 25.8 (53.6) (助手)
G392,31/03/2024,游水,沙田,,沙田,,,,,,,,游水,,
G392,31/03/2024,踱步,沙田,內圈,沙田 內圈,,,,,,助手,,快踱兩圈,H,內圈 快踱兩圈 (助手)
G392,30/03/2024,游水,沙田,,沙田,,,,,,,,游水,,
G392,30/03/2024,踱步,沙田,內圈,沙田 內圈,,,,,,助手,,快踱兩圈,H,內圈 快踱兩圈 (助手)
G392,29/03/2024,游水,沙田,,沙田,,,,,,,,游水,,
G392,29/03/2024,踱步,沙田,內圈,沙田 內圈,,,,,,助手,,快踱兩圈,H,內圈 快踱兩圈 (助手)
G392,28/03/2024,游水,沙田,,沙田,,,,,,,,游水,,
G392,28/03/2024,踱步,沙田,內圈,沙田 內圈,,,,,,助手,,倒快兩圈,H,內圈 倒快兩圈 (助手)
G392,27/03/2024,游水,沙田,,沙田,,,,,,,,游水,,
G392,27/03/2024,踱步,沙田,內圈,沙田 內圈,,,,,,助手,,快踱兩圈,H,內圈 快踱兩圈 (助手)
G392,26/03/2024,踱步,沙田,內圈,沙田 內圈,,,,,,助手,,快踱兩圈,H,內圈 快踱兩圈 (助手)
G392,25/03/2024,快操,沙田,草閘,沙田 草閘,,46.1,46.1,23.7 22.4,,助手,,朗日雪峰,H,23.7 22.4 (46.1) (助手) 朗日雪峰
G392,24/03/2024,游水,沙田,,沙田,,,,,,,,游水,,
G392,24/03/2024,踱步,沙田,內圈,沙田 內圈,,,,,,助手,,快踱兩圈,H,內圈 快踱兩圈 (助手)
G392,23/03/2024,游水,沙田,,沙田,,,,,,,,游水,,
G392,23/03/2024,踱步,沙田,內圈,沙田 內圈,,,,,,助手,,快踱兩圈,H,內圈 快踱兩圈 (助手)
G392,22/03/2024,游水,沙田,,沙田,,,,,,,,游水,,
G392,22/03/2024,踱步,沙田,內圈,沙田 內圈,,,,,,助手,,快踱兩圈,H,內圈 快踱兩圈 (助手)
G392,21/03/2024,游水,沙田,,沙田,,,,,,,,游水,,
G392,21/03/2024,踱步,沙田,內圈,沙田 內圈,,,,,,助手,,倒快兩圈,H,內圈 倒快兩圈 (助手)
G392,20/03/2024,游水,沙田,,沙田,,,,,,,,游水,,
G392,20/03/2024,踱步,沙田,內圈,沙田 內圈,,,,,,助手,,快踱兩圈,H,內圈 快踱兩圈 (助手)
G392,19/03/2024,游水,沙田,,沙田,,,,,,,,游水,,
G392,19/03/2024,踱步,沙田,內圈,沙田 內圈,,,,,,助手,,快踱兩圈,H,內圈 快踱兩圈 (助手)
G392,18/03/2024,游水,沙田,,沙田,,,,,,,,游水,,
G392,18/03/2024,踱步,沙田,內圈,沙田 內圈,,,,,,助手,,倒快兩圈,H,內圈 倒快兩圈 (助手)
G392,17/03/2024,游水,沙田,,沙田,,,,,,,,游水,,
G392,17/03/2024,踱步,沙田,內圈,沙田 內圈,,,,,,助手,,快踱一圈,PH,內圈 快踱一圈 (助手)
G392,16/03/2024,游水,沙田,,沙田,,,,,,,,游水,,
G392,16/03/2024,踱步,沙田,內圈,沙田 內圈,,,,,,助手,,快踱兩圈,H,內圈 快踱兩圈 (助手)
G392,15/03/2024,游水,沙田,,沙田,,,,,,,,游水,,
G392,15/03/2024,踱步,沙田,內圈,沙田 內圈,,,,,,助手,,快踱兩圈,H,內圈 快踱兩圈 (助手)
G392,14/03/2024,游水,沙田,,沙田,,,,,,,,游水,,
G392,14/03/2024,踱步,沙田,內圈,沙田 內圈,,,,,,助手,,倒快兩圈,H,內圈 倒快兩圈 (助手)
G392,13/03/2024,游水,沙田,,沙田,,,,,,,,游水,,
G392,13/03/2024,踱步,沙田,河畔跑道,沙田 河畔跑道,,,,,,助手,,踱步,H,河畔跑道 踱步 (助手)
G392,13/03/2024,踱步,沙田,內圈,沙田 內圈,,,,,,助手,,快踱一圈,H,內圈 快踱一圈 (助手)
G392,12/03/2024,踱步,沙田,飛機場,沙田 飛機場,,,,,,助手,,踱步,H,飛機場 踱步 (助手)
G392,10/03/2024,出賽,沙田,草地,沙田 草地,1600M,,,,,布文,4/14,出賽,TT,1600M (布文) (4/14)
G392,09/03/2024,游水,沙田,,沙田,,,,,,,,游水,,
G392,09/03/2024,踱步,沙田,內圈,沙田 內圈,,,,,,助手,,快踱兩圈,H,內圈 快踱兩圈 (助手)
G392,08/03/2024,快操,沙田,全天候,沙田 全天候,,58.4,58.4,30.0 28.4,,助手,,快操,H,30.0 28.4 (58.4) (助手)
G392,07/03/2024,游水,沙田,,沙田,,,,,,,,游水,,
G392,07/03/2024,踱步,沙田,內圈,沙田 內圈,,,,,,助手,,倒快兩圈,H,內圈 倒快兩圈 (助手)
G392,06/03/2024,游水,沙田,,沙田,,,,,,,,游水,,
G392,06/03/2024,踱步,沙田,內圈,沙田 內圈,,,,,,助手,,快踱兩圈,H,內圈 快踱兩圈 (助手)
G392,05/03/2024,游水,沙田,,沙田,,,,,,,,游水,,
G392,05/03/2024,踱步,沙田,外圈,沙田 外圈,,,,,,助手,,快踱兩圈,H,外圈 快踱兩圈 (助手)
G392,04/03/2024,游水,沙田,,沙田,,,,,,,,游水,,
G392,04/03/2024,踱步,沙田,內圈,沙田 內圈,,,,,,助手,,倒快兩圈,H,內圈 倒快兩圈 (助手)
G392,03/03/2024,游水,沙田,,沙田,,,,,,,,游水,,
G392,03/03/2024,踱步,沙田,內圈,沙田 內圈,,,,,,助手,,快踱一圈,H,內圈 快踱一圈 (助手)
G392,02/03/2024,踱步,沙田,內圈,沙田 內圈,,,,,,助手,,快踱兩圈,H,內圈 快踱兩圈 (助手)
G392,01/03/2024,踱步,沙田,內圈,沙田 內圈,,,,,,助手,,快踱兩圈,H,內圈 快踱兩圈 (助手)
G392,29/02/2024,游水,沙田,,沙田,,,,,,,,游水,,
G392,28/02/2024,游水,沙田,,沙田,,,,,,,,游水,,
G392,25/02/2024,出賽,沙田,草地,沙田 草地,1600M,,,,,麥道朗,2/13,出賽,TT,1600M (麥道朗) (2/13)
G392,25/02/2024,踱步,沙田,飛機場,沙田 飛機場,,,,,,助手,,踱步,PH,飛機場 踱步 (助手)
G392,24/02/2024,游水,沙田,,沙田,,,,,,,,游水,,
G392,24/02/2024,踱步,沙田,內圈,沙田 內圈,,,,,,助手,,快踱兩圈,H,內圈 快踱兩圈 (助手)
G392,23/02/2024,踱步,沙田,內圈,沙田 內圈,,,,,,助手,,快踱兩圈,H,內圈 快踱兩圈 (助手)
G392,22/02/2024,游水,沙田,,沙田,,,,,,,,游水,,
G392,22/02/2024,踱步,沙田,內圈,沙田 內圈,,,,,,助手,,倒快兩圈,H,內圈 倒快兩圈 (助手)
G392,21/02/2024,游水,沙田,,沙田,,,,,,,,游水,,
G392,21/02/2024,踱步,沙田,內圈,沙田 內圈,,,,,,助手,,快踱兩圈,H,內圈 快踱兩圈 (助手)
G392,20/02/2024,游水,沙田,,沙田,,,,,,,,游水,,
G392,20/02/2024,踱步,沙田,內圈,沙田 內圈,,,,,,助手,,快踱兩圈,H,內圈 快踱兩圈 (助手)
G392,19/02/2024,游水,沙田,,沙田,,,,,,,,游水,,
G392,19/02/2024,踱步,沙田,內圈,沙田 內圈,,,,,,助手,,倒快兩圈,H,內圈 倒快兩圈 (助手)
G392,18/02/2024,游水,沙田,,沙田,,,,,,,,游水,,
G392,18/02/2024,踱步,沙田,內圈,沙田 內圈,,,,,,助手,,快踱兩圈,H,內圈 快踱兩圈 (助手)
G392,17/02/2024,游水,沙田,,沙田,,,,,,,,游水,,
G392,17/02/2024,踱步,沙田,內圈,沙田 內圈,,,,,,助手,,快踱兩圈,H,內圈 快踱兩圈 (助手)
G392,16/02/2024,游水,沙田,,沙田,,,,,,,,游水,,
G392,16/02/2024,踱步,沙田,內圈,沙田 內圈,,,,,,助手,,快踱兩圈,H,內圈 快踱兩圈 (助手)
G392,15/02/2024,游水,沙田,,沙田,,,,,,,,游水,,
G392,15/02/2024,踱步,沙田,內圈,沙田 內圈,,,,,,助手,,倒快兩圈,H,內圈 倒快兩圈 (助手)
G392,14/02/2024,踱步,沙田,飛機場,沙田 飛機場,,,,,,助手,,踱步,PH,飛機場 踱步 (助手)
G392,12/02/2024,出賽,沙田,草地,沙田 草地,1400M,,,,,楊明綸,5/14,出賽,TT,1400M (楊明綸) (5/14)
G392,12/02/2024,踱步,沙田,飛機場,沙田 飛機場,,,,,,助手,,踱步,PH,飛機場 踱步 (助手)
G392,11/02/2024,游水,沙田,,沙田,,,,,,,,游水,,
G392,11/02/2024,踱步,沙田,河畔跑道,沙田 河畔跑道,,,,,,助手,,踱步,H,河畔跑道 踱步 (助手)
G392,11/02/2024,踱步,沙田,內圈,沙田 內圈,,,,,,助手,,快踱一圈,H,內圈 快踱一圈 (助手)
G392,09/02/2024,踱步,沙田,內圈,沙田 內圈,,,,,,助手,,快踱兩圈,H,內圈 快踱兩圈 (助手)
G392,08/02/2024,踱步,從化,內圈,從化 內圈,,,,,,助手,,倒快兩圈,H,內圈 倒快兩圈 (助手)
G392,07/02/2024,踱步,從化,內圈,從化 內圈,,,,,,助手,,快踱兩圈,H,內圈 快踱兩圈 (助手)
G392,06/02/2024,快操,從化,草地,從化 草地,,53.4,53.4,28.5 24.9,,助手,,快操,H,28.5 24.9 (53.4) (助手)
G392,06/02/2024,踱步,從化,飛機場,從化 飛機場,,,,,,助手,,踱步,H,飛機場 踱步 (助手)
G392,05/02/2024,踱步,從化,內圈,從化 內圈,,,,,,助手,,倒快兩圈,H,內圈 倒快兩圈 (助手)
G392,04/02/2024,踱步,從化,內圈,從化 內圈,,,,,,助手,,快踱一圈,H,內圈 快踱一圈 (助手)
G392,03/02/2024,快操,從化,草地,從化 草地,,1.26.3,86.3,31.2 28.8 26.3,,助手,,快操,H,31.2 28.8 26.3 (1.26.3) (助手)
G392,03/02/2024,踱步,從化,飛機場,從化 飛機場,,,,,,助手,,踱步,H,飛機場 踱步 (助手)
G392,02/02/2024,踱步,從化,內圈,從化 內圈,,,,,,助手,,快踱兩圈,H,內圈 快踱兩圈 (助手)
G392,01/02/2024,踱步,從化,內圈,從化 內圈,,,,,,助手,,倒快兩圈,H,內圈 倒快兩圈 (助手)
G392,31/01/2024,踱步,從化,內圈,從化 內圈,,,,,,助手,,快踱兩圈,H,內圈 快踱兩圈 (助手)
G392,30/01/2024,踱步,從化,內圈,從化 內圈,,,,,,助手,,快踱兩圈,H,內圈 快踱兩圈 (助手)
G392,29/01/2024,快操,從化,草地,從化 草地,,54.6,54.6,28.1 26.5,,助手,,快操,H,28.1 26.5 (54.6) (助手)
G392,29/01/2024,踱步,從化,飛機場,從化 飛機場,,,,,,助手,,踱步,H,飛機場 踱步 (助手)
G392,28/01/2024,踱步,從化,內圈,從化 內圈,,,,,,助手,,快踱一圈,H,內圈 快踱一圈 (助手)
G392,27/01/2024,踱步,從化,內圈,從化 內圈,,,,,,助手,,快踱兩圈,H,內圈 快踱兩圈 (助手)
G392,26/01/2024,踱步,從化,內圈,從化 內圈,,,,,,助手,,快踱一圈,H,內圈 快踱一圈 (助手)
G392,25/01/2024,踱步,從化,內圈,從化 內圈,,,,,,助手,,倒快一圈,H,內圈 倒快一圈 (助手)
G392,24/01/2024,踱步,從化,飛機場,從化 飛機場,,,,,,助手,,踱步,,飛機場 踱步 (助手)
G392,23/01/2024,踱步,從化,飛機場,從化 飛機場,,,,,,助手,,踱步,,飛機場 踱步 (助手)
G392,21/01/2024,踱步,從化,內圈,從化 內圈,,,,,,助手,,快踱一圈,H,內圈 快踱一圈 (助手)
G392,19/01/2024,試閘,從化,草地,從化 草地,1200M,1.12.77,72.77,26.2 23.7 22.8,快狠準,班德禮,,第9組,,第9組 (班德禮) 1200M 快狠準 26.2 23.7 22.8 (1.12.77)
G392,18/01/2024,踱步,從化,內圈,從化 內圈,,,,,,助手,,倒快兩圈,H,內圈 倒快兩圈 (助手)
G392,17/01/2024,踱步,從化,內圈,從化 內圈,,,,,,助手,,快踱兩圈,H,內圈 快踱兩圈 (助手)
G392,16/01/2024,踱步,從化,內圈,從化 內圈,,,,,,助手,,快踱兩圈,H,內圈 快踱兩圈 (助手)
G392,15/01/2024,踱步,從化,內圈,從化 內圈,,,,,,助手,,倒快兩圈,H,內圈 倒快兩圈 (助手)
G392,14/01/2024,踱步,從化,內圈,從化 內圈,,,,,,助手,,快踱一圈,H,內圈 快踱一圈 (助手)
G392,13/01/2024,快操,從化,草地,從化 草地,,1.22.5,82.5,28.1 28.3 26.1,,助手,,快操,H,28.1 28.3 26.1 (1.22.5) (助手)
G392,13/01/2024,踱步,從化,飛機場,從化 飛機場,,,,,,助手,,踱步,H,飛機場 踱步 (助手)
G392,12/01/2024,踱步,從化,內圈,從化 內圈,,,,,,助手,,快踱兩圈,H,內圈 快踱兩圈 (助手)
G392,11/01/2024,踱步,從化,內圈,從化 內圈,,,,,,助手,,倒快兩圈,H,內圈 倒快兩圈 (助手)
G392,10/01/2024,踱步,從化,內圈,從化 內圈,,,,,,助手,,快踱兩圈,H,內圈 快踱兩圈 (助手)
G392,09/01/2024,快操,從化,草閘,從化 草閘,,53.3,53.3,27.9 25.4,,助手,,快操,H,27.9 25.4 (53.3) (助手)
G392,09/01/2024,踱步,從化,飛機場,從化 飛機場,,,,,,助手,,踱步,H,飛機場 踱步 (助手)
G392,08/01/2024,踱步,從化,內圈,從化 內圈,,,,,,助手,,倒快兩圈,H,內圈 倒快兩圈 (助手)
G392,07/01/2024,踱步,從化,內圈,從化 內圈,,,,,,助手,,快踱一圈,H,內圈 快踱一圈 (助手)
G392,06/01/2024,踱步,從化,內圈,從化 內圈,,,,,,助手,,快踱兩圈,H,內圈 快踱兩圈 (助手)
G392,05/01/2024,踱步,從化,內圈,從化 內圈,,,,,,助手,,快踱兩圈,H,內圈 快踱兩圈 (助手)
G392,04/01/2024,快操,從化,草地,從化 草地,,1.21.5,81.5,29.5 28.1 23.9,,助手,,富裕君子,H,29.5 28.1 23.9 (1.21.5) (助手) 富裕君子
G392,04/01/2024,踱步,從化,飛機場,從化 飛機場,,,,,,助手,,踱步,H,飛機場 踱步 (助手)
G392,03/01/2024,踱步,從化,內圈,從化 內圈,,,,,,助手,,快踱兩圈,H,內圈 快踱兩圈 (助手)
G392,02/01/2024,踱步,從化,內圈,從化 內圈,,,,,,助手,,快踱兩圈,H,內圈 快踱兩圈 (助手)
G392,01/01/2024,踱步,從化,內圈,從化 內圈,,,,,,助手,,倒快兩圈,H,內圈 倒快兩圈 (助手)
G392,31/12/2023,踱步,從化,內圈,從化 內圈,,,,,,助手,,快踱一圈,H,內圈 快踱一圈 (助手)
G392,30/12/2023,快操,從化,草地,從化 草地,,55.4,55.4,30.4 25.0,,助手,,快操,H,30.4 25.0 (55.4) (助手)
G392,30/12/2023,踱步,從化,飛機場,從化 飛機場,,,,,,助手,,踱步,H,飛機場 踱步 (助手)
G392,29/12/2023,踱步,從化,內圈,從化 內圈,,,,,,助手,,快踱兩圈,H,內圈 快踱兩圈 (助手)
G392,28/12/2023,踱步,從化,內圈,從化 內圈,,,,,,助手,,倒快兩圈,H,內圈 倒快兩圈 (助手)
G392,27/12/2023,踱步,從化,內圈,從化 內圈,,,,,,助手,,快踱兩圈,H,內圈 快踱兩圈 (助手)
G392,26/12/2023,踱步,從化,內圈,從化 內圈,,,,,,助手,,快踱兩圈,H,內圈 快踱兩圈 (助手)
G392,25/12/2023,踱步,從化,內圈,從化 內圈,,,,,,助手,,倒快兩圈,H,內圈 倒快兩圈 (助手)
G392,24/12/2023,踱步,從化,內圈,從化 內圈,,,,,,助手,,快踱一圈,H,內圈 快踱一圈 (助手)
G392,23/12/2023,踱步,從化,內圈,從化 內圈,,,,,,助手,,快踱一圈,H,內圈 快踱一圈 (助手)
G392,22/12/2023,踱步,沙田,內圈,沙田 內圈,,,,,,助手,,快踱兩圈,H,內圈 快踱兩圈 (助手)
G392,21/12/2023,踱步,沙田,內圈,沙田 內圈,,,,,,助手,,倒快兩圈,H,內圈 倒快兩圈 (助手)
G392,20/12/2023,踱步,沙田,飛機場,沙田 飛機場,,,,,,助手,,踱步,PH,飛機場 踱步 (助手)
G392,19/12/2023,踱步,沙田,飛機場,沙田 飛機場,,,,,,助手,,踱步,PH,飛機場 踱步 (助手)
G392,17/12/2023,出賽,沙田,草地,沙田 草地,1600M,,,,,何澤堯,4/14,出賽,TT,1600M (何澤堯) (4/14)
G392,16/12/2023,踱步,沙田,內圈,沙田 內圈,,,,,,助手,,快踱兩圈,PH,內圈 快踱兩圈 (助手)
G392,15/12/2023,踱步,沙田,內圈,沙田 內圈,,,,,,助手,,快踱兩圈,PH,內圈 快踱兩圈 (助手)
G392,14/12/2023,游水,沙田,,沙田,,,,,,,,游水,,
G392,14/12/2023,踱步,沙田,內圈,沙田 內圈,,,,,,助手,,倒快兩圈,PH,內圈 倒快兩圈 (助手)
G392,13/12/2023,游水,沙田,,沙田,,,,,,,,游水,,
G392,13/12/2023,踱步,沙田,內圈,沙田 內圈,,,,,,助手,,快踱一圈,PH,內圈 快踱一圈 (助手)
G392,12/12/2023,快操,沙田,全天候,沙田 全天候,,50.6,50.6,27.5 23.1,,助手,,駿行星,H,27.5 23.1 (50.6) (助手) 駿行星
G392,12/12/2023,踱步,沙田,飛機場,沙田 飛機場,,,,,,助手,,踱步,PH,飛機場 踱步 (助手)
G392,11/12/2023,游水,沙田,,沙田,,,,,,,,游水,,
G392,11/12/2023,踱步,沙田,內圈,沙田 內圈,,,,,,助手,,倒快兩圈,PH,內圈 倒快兩圈 (助手)
G392,10/12/2023,游水,沙田,,沙田,,,,,,,,游水,,
G392,10/12/2023,踱步,沙田,內圈,沙田 內圈,,,,,,助手,,快踱一圈,PH,內圈 快踱一圈 (助手)
G392,09/12/2023,游水,沙田,,沙田,,,,,,,,游水,,
G392,09/12/2023,踱步,沙田,內圈,沙田 內圈,,,,,,助手,,快踱兩圈,H,內圈 快踱兩圈 (助手)
G392,08/12/2023,游水,沙田,,沙田,,,,,,,,游水,,
G392,08/12/2023,踱步,沙田,內圈,沙田 內圈,,,,,,助手,,快踱兩圈,PH,內圈 快踱兩圈 (助手)
G392,07/12/2023,游水,沙田,,沙田,,,,,,,,游水,,
G392,07/12/2023,踱步,沙田,內圈,沙田 內圈,,,,,,助手,,倒快兩圈,PH,內圈 倒快兩圈 (助手)
G392,06/12/2023,快操,沙田,全天候,沙田 全天候,,1.21.8,81.8,30.6 26.1 25.1,,助手,,快操,PH,30.6 26.1 25.1 (1.21.8) (助手)
G392,06/12/2023,踱步,沙田,飛機場,沙田 飛機場,,,,,,助手,,踱步,PH,飛機場 踱步 (助手)
G392,05/12/2023,游水,沙田,,沙田,,,,,,,,游水,,
G392,05/12/2023,踱步,沙田,外圈,沙田 外圈,,,,,,助手,,快踱一圈,H,外圈 快踱一圈 (助手)
G392,04/12/2023,游水,沙田,,沙田,,,,,,,,游水,,
G392,04/12/2023,踱步,沙田,內圈,沙田 內圈,,,,,,助手,,倒快兩圈,PH,內圈 倒快兩圈 (助手)
G392,03/12/2023,游水,沙田,,沙田,,,,,,,,游水,,
G392,03/12/2023,踱步,沙田,內圈,沙田 內圈,,,,,,助手,,快踱一圈,H,內圈 快踱一圈 (助手)
G392,02/12/2023,游水,沙田,,沙田,,,,,,,,游水,,
G392,02/12/2023,踱步,沙田,內圈,沙田 內圈,,,,,,助手,,快踱兩圈,PH,內圈 快踱兩圈 (助手)
G392,01/12/2023,游水,沙田,,沙田,,,,,,,,游水,,
G392,01/12/2023,踱步,沙田,內圈,沙田 內圈,,,,,,助手,,快踱兩圈,PH,內圈 快踱兩圈 (助手)
G392,30/11/2023,游水,沙田,,沙田,,,,,,,,游水,,
G392,30/11/2023,踱步,沙田,內圈,沙田 內圈,,,,,,助手,,倒快兩圈,PH,內圈 倒快兩圈 (助手)
G392,29/11/2023,游水,沙田,,沙田,,,,,,,,游水,,
G392,29/11/2023,踱步,沙田,內圈,沙田 內圈,,,,,,助手,,快踱兩圈,PH,內圈 快踱兩圈 (助手)
G392,28/11/2023,游水,沙田,,沙田,,,,,,,,游水,,
G392,28/11/2023,踱步,沙田,內圈,沙田 內圈,,,,,,助手,,快踱一圈,PH,內圈 快踱一圈 (助手)
G392,27/11/2023,游水,沙田,,沙田,,,,,,,,游水,,
G392,27/11/2023,快操,沙田,草閘,沙田 草閘,,51.7,51.7,26.9 24.8,,何澤堯,,快操,,26.9 24.8 (51.7) (何澤堯)
G392,26/11/2023,游水,沙田,,沙田,,,,,,,,游水,,
G392,26/11/2023,踱步,沙田,內圈,沙田 內圈,,,,,,助手,,快踱一圈,PH,內圈 快踱一圈 (助手)
G392,25/11/2023,游水,沙田,,沙田,,,,,,,,游水,,
G392,25/11/2023,踱步,沙田,內圈,沙田 內圈,,,,,,助手,,快踱兩圈,PH,內圈 快踱兩圈 (助手)
G392,24/11/2023,游水,沙田,,沙田,,,,,,,,游水,,
G392,24/11/2023,踱步,沙田,內圈,沙田 內圈,,,,,,助手,,快踱兩圈,PH,內圈 快踱兩圈 (助手)
G392,23/11/2023,游水,沙田,,沙田,,,,,,,,游水,,
G392,23/11/2023,踱步,沙田,內圈,沙田 內圈,,,,,,助手,,倒快兩圈,PH,內圈 倒快兩圈 (助手)
G392,22/11/2023,游水,沙田,,沙田,,,,,,,,游水,,
G392,22/11/2023,踱步,沙田,內圈,沙田 內圈,,,,,,助手,,快踱兩圈,PH,內圈 快踱兩圈 (助手)
G392,21/11/2023,游水,沙田,,沙田,,,,,,,,游水,,
G392,21/11/2023,踱步,沙田,內圈,沙田 內圈,,,,,,助手,,快踱兩圈,PH,內圈 快踱兩圈 (助手)
G392,20/11/2023,游水,沙田,,沙田,,,,,,,,游水,,
G392,20/11/2023,踱步,沙田,內圈,沙田 內圈,,,,,,助手,,倒快兩圈,PH,內圈 倒快兩圈 (助手)
G392,19/11/2023,游水,沙田,,沙田,,,,,,,,游水,,
G392,19/11/2023,踱步,沙田,內圈,沙田 內圈,,,,,,助手,,快踱一圈,PH,內圈 快踱一圈 (助手)
G392,18/11/2023,游水,沙田,,沙田,,,,,,,,游水,,
G392,18/11/2023,踱步,沙田,內圈,沙田 內圈,,,,,,助手,,快踱一圈,PH,內圈 快踱一圈 (助手)
G392,17/11/2023,踱步,沙田,飛機場,沙田 飛機場,,,,,,助手,,踱步,PH,飛機場 踱步 (助手)
G392,15/11/2023,出賽,跑馬地,草地,跑馬地 草地,1650M,,,,,何澤堯,2/12,出賽,TT,1650M (何澤堯) (2/12)
G392,15/11/2023,踱步,沙田,飛機場,沙田 飛機場,,,,,,助手,,踱步,PH,飛機場 踱步 (助手)
G392,14/11/2023,游水,沙田,,沙田,,,,,,,,游水,,
G392,14/11/2023,踱步,沙田,內圈,沙田 內圈,,,,,,助手,,快踱兩圈,PH,內圈 快踱兩圈 (助手)
G392,13/11/2023,游水,沙田,,沙田,,,,,,,,游水,,
G392,13/11/2023,踱步,沙田,內圈,沙田 內圈,,,,,,助手,,倒快兩圈,PH,內圈 倒快兩圈 (助手)
G392,12/11/2023,游水,沙田,,沙田,,,,,,,,游水,,
G392,12/11/2023,踱步,沙田,內圈,沙田 內圈,,,,,,助手,,快踱兩圈,H,內圈 快踱兩圈 (助手)
G392,11/11/2023,游水,沙田,,沙田,,,,,,,,游水,,
G392,11/11/2023,踱步,沙田,內圈,沙田 內圈,,,,,,助手,,快踱兩圈,PH,內圈 快踱兩圈 (助手)
G392,10/11/2023,游水,沙田,,沙田,,,,,,,,游水,,
G392,10/11/2023,踱步,沙田,內圈,沙田 內圈,,,,,,助手,,快踱兩圈,PH,內圈 快踱兩圈 (助手)
G392,09/11/2023,游水,沙田,,沙田,,,,,,,,游水,,
G392,09/11/2023,踱步,沙田,內圈,沙田 內圈,,,,,,助手,,倒快兩圈,PH,內圈 倒快兩圈 (助手)
G392,08/11/2023,游水,沙田,,沙田,,,,,,,,游水,,
G392,07/11/2023,試閘,沙田,全天候,沙田 全天候,1200M,1.11.70,71.7,25.0 23.3 23.4,美麗奔馳,何澤堯,,第2組,,第2組 (何澤堯) 1200M 美麗奔馳 25.0 23.3 23.4 (1.11.70)
G392,06/11/2023,游水,沙田,,沙田,,,,,,,,游水,,
G392,06/11/2023,踱步,沙田,內圈,沙田 內圈,,,,,,助手,,倒快兩圈,PH,內圈 倒快兩圈 (助手)
G392,05/11/2023,游水,沙田,,沙田,,,,,,,,游水,,
G392,05/11/2023,踱步,沙田,內圈,沙田 內圈,,,,,,助手,,快踱一圈,H,內圈 快踱一圈 (助手)
G392,04/11/2023,游水,沙田,,沙田,,,,,,,,游水,,
G392,04/11/2023,踱步,沙田,外圈,沙田 外圈,,,,,,助手,,快踱兩圈,PH,外圈 快踱兩圈 (助手)
G392,03/11/2023,游水,沙田,,沙田,,,,,,,,游水,,
G392,03/11/2023,踱步,沙田,內圈,沙田 內圈,,,,,,助手,,快踱兩圈,PH,內圈 快踱兩圈 (助手)
G392,02/11/2023,快操,沙田,全天候,沙田 全天候,,55.7,55.7,29.6 26.1,,助手,,快操,PH,29.6 26.1 (55.7) (助手)
G392,01/11/2023,游水,沙田,,沙田,,,,,,,,游水,,
G392,01/11/2023,踱步,沙田,內圈,沙田 內圈,,,,,,助手,,快踱兩圈,PH,內圈 快踱兩圈 (助手)
G392,31/10/2023,游水,沙田,,沙田,,,,,,,,游水,,
G392,31/10/2023,踱步,沙田,內圈,沙田 內圈,,,,,,助手,,快踱兩圈,PH,內圈 快踱兩圈 (助手)
G392,30/10/2023,游水,沙田,,沙田,,,,,,,,游水,,
G392,30/10/2023,踱步,沙田,內圈,沙田 內圈,,,,,,助手,,倒快兩圈,PH,內圈 倒快兩圈 (助手)
G392,29/10/2023,游水,沙田,,沙田,,,,,,,,游水,,
G392,29/10/2023,踱步,沙田,內圈,沙田 內圈,,,,,,助手,,快踱兩圈,H,內圈 快踱兩圈 (助手)
G392,28/10/2023,游水,沙田,,沙田,,,,,,,,游水,,
G392,28/10/2023,快操,沙田,全天候,沙田 全天候,,1.26.9,86.9,30.5 30.1 26.3,,助手,,快操,PH,30.5 30.1 26.3 (1.26.9) (助手)
G392,27/10/2023,游水,沙田,,沙田,,,,,,,,游水,,
G392,27/10/2023,踱步,沙田,內圈,沙田 內圈,,,,,,助手,,快踱兩圈,PH,內圈 快踱兩圈 (助手)
G392,26/10/2023,游水,沙田,,沙田,,,,,,,,游水,,
G392,26/10/2023,踱步,沙田,內圈,沙田 內圈,,,,,,助手,,倒快兩圈,PH,內圈 倒快兩圈 (助手)
G392,25/10/2023,游水,沙田,,沙田,,,,,,,,游水,,
G392,25/10/2023,踱步,沙田,內圈,沙田 內圈,,,,,,助手,,快踱一圈,PH,內圈 快踱一圈 (助手)
G392,24/10/2023,游水,沙田,,沙田,,,,,,,,游水,,
G392,24/10/2023,踱步,沙田,內圈,沙田 內圈,,,,,,助手,,快踱兩圈,PH,內圈 快踱兩圈 (助手)
G392,23/10/2023,快操,沙田,全天候,沙田 全天候,,1.26.9,86.9,29.9 29.9 27.1,,黃智弘,,快操,PH,29.9 29.9 27.1 (1.26.9) (黃智弘)
G392,22/10/2023,游水,沙田,,沙田,,,,,,,,游水,,
G392,22/10/2023,踱步,沙田,內圈,沙田 內圈,,,,,,助手,,快踱一圈,PH,內圈 快踱一圈 (助手)
G392,21/10/2023,游水,沙田,,沙田,,,,,,,,游水,,
G392,21/10/2023,踱步,沙田,內圈,沙田 內圈,,,,,,助手,,快踱兩圈,PH,內圈 快踱兩圈 (助手)
G392,20/10/2023,游水,沙田,,沙田,,,,,,,,游水,,
G392,20/10/2023,踱步,沙田,內圈,沙田 內圈,,,,,,助手,,快踱兩圈,PH,內圈 快踱兩圈 (助手)
G392,19/10/2023,游水,沙田,,沙田,,,,,,,,游水,,
G392,19/10/2023,踱步,沙田,內圈,沙田 內圈,,,,,,助手,,倒快兩圈,PH,內圈 倒快兩圈 (助手)
G392,18/10/2023,踱步,沙田,內圈,沙田 內圈,,,,,,助手,,快踱一圈,PH,內圈 快踱一圈 (助手)
G392,17/10/2023,快操,沙田,全天候,沙田 全天候,,53.6,53.6,28.2 25.4,,助手,,快操,PH,28.2 25.4 (53.6) (助手)
G392,16/10/2023,游水,沙田,,沙田,,,,,,,,游水,,
G392,16/10/2023,踱步,沙田,內圈,沙田 內圈,,,,,,助手,,倒快兩圈,PH,內圈 倒快兩圈 (助手)
G392,15/10/2023,游水,沙田,,沙田,,,,,,,,游水,,
G392,15/10/2023,踱步,沙田,內圈,沙田 內圈,,,,,,助手,,快踱一圈,H,內圈 快踱一圈 (助手)
G392,14/10/2023,游水,沙田,,沙田,,,,,,,,游水,,
G392,14/10/2023,踱步,沙田,內圈,沙田 內圈,,,,,,助手,,快踱兩圈,PH,內圈 快踱兩圈 (助手)
G392,13/10/2023,快操,沙田,全天候,沙田 全天候,,1.29.3,89.3,31.2 31.2 26.9,,助手,,快操,PH,31.2 31.2 26.9 (1.29.3) (助手)
G392,13/10/2023,踱步,沙田,飛機場,沙田 飛機場,,,,,,助手,,踱步,PH,飛機場 踱步 (助手)
G392,12/10/2023,游水,沙田,,沙田,,,,,,,,游水,,
G392,12/10/2023,踱步,沙田,內圈,沙田 內圈,,,,,,助手,,倒快兩圈,PH,內圈 倒快兩圈 (助手)
G392,11/10/2023,游水,沙田,,沙田,,,,,,,,游水,,
G392,11/10/2023,踱步,沙田,外圈,沙田 外圈,,,,,,助手,,快踱一圈,PH,外圈 快踱一圈 (助手)
G392,10/10/2023,游水,沙田,,沙田,,,,,,,,游水,,
G392,10/10/2023,踱步,沙田,內圈,沙田 內圈,,,,,,助手,,快踱一圈,PH,內圈 快踱一圈 (助手)
G392,08/10/2023,踱步,沙田,內圈,沙田 內圈,,,,,,助手,,快踱一圈,PH,內圈 快踱一圈 (助手)
G392,07/10/2023,游水,沙田,,沙田,,,,,,,,游水,,
G392,07/10/2023,踱步,沙田,內圈,沙田 內圈,,,,,,助手,,快踱兩圈,PH,內圈 快踱兩圈 (助手)
G392,06/10/2023,游水,沙田,,沙田,,,,,,,,游水,,
G392,06/10/2023,踱步,沙田,內圈,沙田 內圈,,,,,,助手,,快踱兩圈,H,內圈 快踱兩圈 (助手)
G392,05/10/2023,游水,沙田,,沙田,,,,,,,,游水,,
G392,05/10/2023,踱步,沙田,內圈,沙田 內圈,,,,,,助手,,倒快兩圈,PH,內圈 倒快兩圈 (助手)
G392,04/10/2023,游水,沙田,,沙田,,,,,,,,游水,,
G392,04/10/2023,踱步,沙田,內圈,沙田 內圈,,,,,,助手,,快踱一圈,PH,內圈 快踱一圈 (助手)
G392,03/10/2023,游水,沙田,,沙田,,,,,,,,游水,,
G392,03/10/2023,踱步,沙田,飛機場,沙田 飛機場,,,,,,助手,,踱步,PH,飛機場 踱步 (助手)
G392,01/10/2023,出賽,沙田,草地,沙田 草地,1400M,,,,,何澤堯,1/14,出賽,TT,1400M (何澤堯) (1/14)
G392,30/09/2023,游水,沙田,,沙田,,,,,,,,游水,,
G392,30/09/2023,踱步,沙田,內圈,沙田 內圈,,,,,,助手,,快踱兩圈,PH,內圈 快踱兩圈 (助手)
G392,29/09/2023,游水,沙田,,沙田,,,,,,,,游水,,
G392,29/09/2023,踱步,沙田,內圈,沙田 內圈,,,,,,助手,,快踱兩圈,PH,內圈 快踱兩圈 (助手)
G392,28/09/2023,游水,沙田,,沙田,,,,,,,,游水,,
G392,28/09/2023,踱步,沙田,內圈,沙田 內圈,,,,,,助手,,倒快兩圈,PH,內圈 倒快兩圈 (助手)
G392,27/09/2023,游水,沙田,,沙田,,,,,,,,游水,,
G392,27/09/2023,踱步,沙田,內圈,沙田 內圈,,,,,,助手,,快踱一圈,H,內圈 快踱一圈 (助手)
G392,26/09/2023,游水,沙田,,沙田,,,,,,,,游水,,
G392,26/09/2023,踱步,沙田,內圈,沙田 內圈,,,,,,助手,,快踱兩圈,PH,內圈 快踱兩圈 (助手)
G392,25/09/2023,快操,沙田,草地,沙田 草地,,47.2,47.2,24.4 22.8,,助手,,快操,PH,24.4 22.8 (47.2) (助手)
G392,24/09/2023,游水,沙田,,沙田,,,,,,,,游水,,
G392,24/09/2023,踱步,沙田,內圈,沙田 內圈,,,,,,助手,,快踱一圈,PH,內圈 快踱一圈 (助手)
G392,23/09/2023,游水,沙田,,沙田,,,,,,,,游水,,
G392,23/09/2023,踱步,沙田,內圈,沙田 內圈,,,,,,黃智弘,,快踱兩圈,PH,內圈 快踱兩圈 (黃智弘)
G392,22/09/2023,游水,沙田,,沙田,,,,,,,,游水,,
G392,22/09/2023,踱步,沙田,內圈,沙田 內圈,,,,,,黃智弘,,快踱兩圈,PH,內圈 快踱兩圈 (黃智弘)
G392,21/09/2023,游水,沙田,,沙田,,,,,,,,游水,,
G392,21/09/2023,踱步,沙田,內圈,沙田 內圈,,,,,,黃智弘,,倒快兩圈,H,內圈 倒快兩圈 (黃智弘)
G392,20/09/2023,快操,沙田,全天候,沙田 全天候,,1.27.2,87.2,31.6 29.0 26.6,,黃智弘,,快操,PH,31.6 29.0 26.6 (1.27.2) (黃智弘)
G392,19/09/2023,踱步,沙田,內圈,沙田 內圈,,,,,,助手,,快踱兩圈,PH,內圈 快踱兩圈 (助手)
G392,18/09/2023,游水,沙田,,沙田,,,,,,,,游水,,
G392,18/09/2023,踱步,沙田,內圈,沙田 內圈,,,,,,助手,,倒快兩圈,PH,內圈 倒快兩圈 (助手)
G392,17/09/2023,游水,沙田,,沙田,,,,,,,,游水,,
G392,17/09/2023,踱步,沙田,內圈,沙田 內圈,,,,,,助手,,快踱一圈,PH,內圈 快踱一圈 (助手)
G392,16/09/2023,游水,沙田,,沙田,,,,,,,,游水,,
G392,16/09/2023,踱步,沙田,內圈,沙田 內圈,,,,,,助手,,快踱兩圈,PH,內圈 快踱兩圈 (助手)
G392,15/09/2023,游水,沙田,,沙田,,,,,,,,游水,,
G392,15/09/2023,踱步,沙田,內圈,沙田 內圈,,,,,,助手,,快踱兩圈,PH,內圈 快踱兩圈 (助手)
G392,14/09/2023,游水,沙田,,沙田,,,,,,,,游水,,
G392,14/09/2023,踱步,沙田,內圈,沙田 內圈,,,,,,助手,,倒快兩圈,PH,內圈 倒快兩圈 (助手)
G392,13/09/2023,游水,沙田,,沙田,,,,,,,,游水,,
G392,13/09/2023,踱步,沙田,內圈,沙田 內圈,,,,,,助手,,快踱兩圈,PH,內圈 快踱兩圈 (助手)
G392,12/09/2023,踱步,沙田,內圈,沙田 內圈,,,,,,助手,,快踱一圈,PH,內圈 快踱一圈 (助手)
G392,10/09/2023,出賽,沙田,草地,沙田 草地,1000M,,,,,黃智弘,10/10,出賽,TT,1000M (黃智弘) (10/10)
G392,09/09/2023,踱步,沙田,外圈,沙田 外圈,,,,,,助手,,快踱一圈,PH,外圈 快踱一圈 (助手)
G392,07/09/2023,游水,沙田,,沙田,,,,,,,,游水,,
G392,07/09/2023,踱步,沙田,內圈,沙田 內圈,,,,,,助手,,倒快兩圈,PH,內圈 倒快兩圈 (助手)
G392,06/09/2023,游水,沙田,,沙田,,,,,,,,游水,,
G392,06/09/2023,踱步,沙田,內圈,沙田 內圈,,,,,,助手,,快踱兩圈,PH,內圈 快踱兩圈 (助手)
G392,05/09/2023,快操,沙田,全天候,沙田 全天候,,1.21.8,81.8,29.5 27.0 25.3,,黃智弘,,快操,PH,29.5 27.0 25.3 (1.21.8) (黃智弘)
G392,04/09/2023,踱步,沙田,內圈,沙田 內圈,,,,,,助手,,倒快兩圈,PH,內圈 倒快兩圈 (助手)
G392,03/09/2023,踱步,沙田,飛機場,沙田 飛機場,,,,,,助手,,踱步,PH,飛機場 踱步 (助手)
G392,31/08/2023,快操,沙田,全天候,沙田 全天候,,53.3,53.3,28.4 24.9,,陳嘉熙,,快操,PH,28.4 24.9 (53.3) (陳嘉熙)
G392,30/08/2023,游水,沙田,,沙田,,,,,,,,游水,,
G392,30/08/2023,踱步,沙田,內圈,沙田 內圈,,,,,,助手,,快踱兩圈,PH,內圈 快踱兩圈 (助手)
G392,29/08/2023,游水,沙田,,沙田,,,,,,,,游水,,
G392,29/08/2023,踱步,沙田,內圈,沙田 內圈,,,,,,助手,,快踱兩圈,PH,內圈 快踱兩圈 (助手)
G392,28/08/2023,游水,沙田,,沙田,,,,,,,,游水,,
G392,28/08/2023,踱步,沙田,內圈,沙田 內圈,,,,,,助手,,倒快兩圈,PH,內圈 倒快兩圈 (助手)
G392,27/08/2023,游水,沙田,,沙田,,,,,,,,游水,,
G392,27/08/2023,踱步,沙田,內圈,沙田 內圈,,,,,,助手,,快踱一圈,PH,內圈 快踱一圈 (助手)
G392,26/08/2023,游水,沙田,,沙田,,,,,,,,游水,,
G392,26/08/2023,踱步,沙田,內圈,沙田 內圈,,,,,,助手,,快踱兩圈,PH,內圈 快踱兩圈 (助手)
G392,25/08/2023,快操,沙田,全天候,沙田 全天候,,53.9,53.9,28.7 25.2,,助手,,快操,PH,28.7 25.2 (53.9) (助手)
G392,25/08/2023,踱步,沙田,飛機場,沙田 飛機場,,,,,,助手,,踱步,PH,飛機場 踱步 (助手)
G392,24/08/2023,游水,沙田,,沙田,,,,,,,,游水,,
G392,24/08/2023,踱步,沙田,內圈,沙田 內圈,,,,,,助手,,倒快兩圈,PH,內圈 倒快兩圈 (助手)
G392,23/08/2023,游水,沙田,,沙田,,,,,,,,游水,,
G392,23/08/2023,踱步,沙田,內圈,沙田 內圈,,,,,,助手,,快踱兩圈,PH,內圈 快踱兩圈 (助手)
G392,22/08/2023,游水,沙田,,沙田,,,,,,,,游水,,
G392,22/08/2023,踱步,沙田,內圈,沙田 內圈,,,,,,助手,,快踱兩圈,PH,內圈 快踱兩圈 (助手)
G392,21/08/2023,游水,沙田,,沙田,,,,,,,,游水,,
G392,21/08/2023,踱步,沙田,內圈,沙田 內圈,,,,,,助手,,倒快兩圈,PH,內圈 倒快兩圈 (助手)
G392,20/08/2023,快操,沙田,全天候,沙田 全天候,,56.0,56.0,29.8 26.2,,助手,,快操,PH,29.8 26.2 (56.0) (助手)
G392,19/08/2023,游水,沙田,,沙田,,,,,,,,游水,,
G392,19/08/2023,踱步,沙田,內圈,沙田 內圈,,,,,,助手,,快踱兩圈,PH,內圈 快踱兩圈 (助手)
G392,18/08/2023,游水,沙田,,沙田,,,,,,,,游水,,
G392,18/08/2023,踱步,沙田,內圈,沙田 內圈,,,,,,助手,,快踱兩圈,PH,內圈 快踱兩圈 (助手)
G392,17/08/2023,游水,沙田,,沙田,,,,,,,,游水,,
G392,17/08/2023,踱步,沙田,內圈,沙田 內圈,,,,,,助手,,倒快兩圈,PH,內圈 倒快兩圈 (助手)
G392,16/08/2023,游水,沙田,,沙田,,,,,,,,游水,,
G392,16/08/2023,踱步,沙田,內圈,沙田 內圈,,,,,,助手,,快踱兩圈,PH,內圈 快踱兩圈 (助手)
G392,15/08/2023,快操,沙田,全天候,沙田 全天候,,1.31.0,91.0,34.2 29.8 27.0,,助手,,快操,PH,34.2 29.8 27.0 (1.31.0) (助手)
G392,14/08/2023,游水,沙田,,沙田,,,,,,,,游水,,
G392,14/08/2023,踱步,沙田,內圈,沙田 內圈,,,,,,助手,,倒快兩圈,PH,內圈 倒快兩圈 (助手)
G392,13/08/2023,游水,沙田,,沙田,,,,,,,,游水,,
G392,13/08/2023,踱步,沙田,內圈,沙田 內圈,,,,,,助手,,快踱兩圈,H,內圈 快踱兩圈 (助手)
G392,12/08/2023,游水,沙田,,沙田,,,,,,,,游水,,
G392,12/08/2023,踱步,沙田,內圈,沙田 內圈,,,,,,助手,,快踱兩圈,PH,內圈 快踱兩圈 (助手)
G392,11/08/2023,游水,沙田,,沙田,,,,,,,,游水,,
G392,11/08/2023,踱步,沙田,內圈,沙田 內圈,,,,,,助手,,快踱兩圈,PH,內圈 快踱兩圈 (助手)
G392,10/08/2023,游水,沙田,,沙田,,,,,,,,游水,,
G392,10/08/2023,踱步,沙田,內圈,沙田 內圈,,,,,,助手,,快踱兩圈,H,內圈 快踱兩圈 (助手)
G392,09/08/2023,游水,沙田,,沙田,,,,,,,,游水,,
G392,09/08/2023,踱步,沙田,內圈,沙田 內圈,,,,,,助手,,快踱兩圈,PH,內圈 快踱兩圈 (助手)
G392,08/08/2023,游水,沙田,,沙田,,,,,,,,游水,,
G392,08/08/2023,踱步,沙田,內圈,沙田 內圈,,,,,,助手,,快踱兩圈,PH,內圈 快踱兩圈 (助手)
G392,07/08/2023,游水,沙田,,沙田,,,,,,,,游水,,
G392,07/08/2023,踱步,沙田,外圈,沙田 外圈,,,,,,助手,,快踱一圈,PH,外圈 快踱一圈 (助手)
G392,04/08/2023,游水,沙田,,沙田,,,,,,,,游水,,
G392,04/08/2023,踱步,沙田,外圈,沙田 外圈,,,,,,助手,,快踱一圈,PH,外圈 快踱一圈 (助手)
G392,03/08/2023,踱步,沙田,外圈,沙田 外圈,,,,,,助手,,快踱一圈,H,外圈 快踱一圈 (助手)
G392,02/08/2023,踱步,沙田,外圈,沙田 外圈,,,,,,助手,,快踱一圈,HP,外圈 快踱一圈 (助手)
G392,01/08/2023,踱步,沙田,外圈,沙田 外圈,,,,,,助手,,快踱一圈,PH,外圈 快踱一圈 (助手)
G392,31/07/2023,踱步,沙田,外圈,沙田 外圈,,,,,,助手,,快踱一圈,H,外圈 快踱一圈 (助手)
G392,30/07/2023,踱步,沙田,飛機場,沙田 飛機場,,,,,,助手,,踱步,PH,飛機場 踱步 (助手)
G392,29/07/2023,踱步,沙田,飛機場,沙田 飛機場,,,,,,助手,,踱步,PH,飛機場 踱步 (助手)
G392,28/07/2023,踱步,沙田,飛機場,沙田 飛機場,,,,,,助手,,踱步,PH,飛機場 踱步 (助手)
G392,27/07/2023,踱步,沙田,飛機場,沙田 飛機場,,,,,,助手,,踱步,PH,飛機場 踱步 (助手)
G392,26/07/2023,踱步,沙田,飛機場,沙田 飛機場,,,,,,助手,,踱步,PH,飛機場 踱步 (助手)
G392,25/07/2023,踱步,沙田,飛機場,沙田 飛機場,,,,,,助手,,踱步,PH,飛機場 踱步 (助手)
G392,24/07/2023,踱步,沙田,飛機場,沙田 飛機場,,,,,,助手,,踱步,PH,飛機場 踱步 (助手)
G392,15/07/2023,游水,沙田,,沙田,,,,,,,,游水,,
G392,15/07/2023,踱步,沙田,外圈,沙田 外圈,,,,,,助手,,快踱一圈,PH,外圈 快踱一圈 (助手)
G392,14/07/2023,游水,沙田,,沙田,,,,,,,,游水,,
G392,14/07/2023,踱步,沙田,外圈,沙田 外圈,,,,,,助手,,快踱一圈,PH,外圈 快踱一圈 (助手)
G392,13/07/2023,游水,沙田,,沙田,,,,,,,,游水,,
G392,13/07/2023,踱步,沙田,外圈,沙田 外圈,,,,,,助手,,快踱一圈,PH,外圈 快踱一圈 (助手)
G392,12/07/2023,游水,沙田,,沙田,,,,,,,,游水,,
G392,12/07/2023,踱步,沙田,外圈,沙田 外圈,,,,,,助手,,快踱一圈,PH,外圈 快踱一圈 (助手)
G392,11/07/2023,快操,沙田,全天候,沙田 全天候,,54.7,54.7,28.9 25.8,,助手,,快操,BH,28.9 25.8 (54.7) (助手)
G392,10/07/2023,游水,沙田,,沙田,,,,,,,,游水,,
G392,10/07/2023,踱步,沙田,外圈,沙田 外圈,,,,,,助手,,快踱一圈,PH,外圈 快踱一圈 (助手)
G392,09/07/2023,游水,沙田,,沙田,,,,,,,,游水,,
G392,09/07/2023,踱步,沙田,飛機場,沙田 飛機場,,,,,,助手,,踱步,PH,飛機場 踱步 (助手)
G392,08/07/2023,踱步,沙田,外圈,沙田 外圈,,,,,,助手,,快踱一圈,PH,外圈 快踱一圈 (助手)
G392,07/07/2023,快操,沙田,全天候,沙田 全天候,,1.24.7,84.7,30.3 28.6 25.8,,助手,,快操,PH,30.3 28.6 25.8 (1.24.7) (助手)
G392,06/07/2023,游水,沙田,,沙田,,,,,,,,游水,,
G392,06/07/2023,踱步,沙田,外圈,沙田 外圈,,,,,,助手,,快踱一圈,PH,外圈 快踱一圈 (助手)
G392,05/07/2023,游水,沙田,,沙田,,,,,,,,游水,,
G392,05/07/2023,踱步,沙田,外圈,沙田 外圈,,,,,,助手,,快踱一圈,PH,外圈 快踱一圈 (助手)
G392,04/07/2023,快操,沙田,全天候,沙田 全天候,,1.24.0,84.0,29.8 28.6 25.6,,助手,,快操,PH,29.8 28.6 25.6 (1.24.0) (助手)
G392,03/07/2023,游水,沙田,,沙田,,,,,,,,游水,,
G392,03/07/2023,踱步,沙田,外圈,沙田 外圈,,,,,,助手,,快踱一圈,PH,外圈 快踱一圈 (助手)
G392,02/07/2023,游水,沙田,,沙田,,,,,,,,游水,,
G392,02/07/2023,踱步,沙田,外圈,沙田 外圈,,,,,,助手,,快踱一圈,PH,外圈 快踱一圈 (助手)
G392,01/07/2023,游水,沙田,,沙田,,,,,,,,游水,,
G392,01/07/2023,踱步,沙田,外圈,沙田 外圈,,,,,,助手,,快踱一圈,PH,外圈 快踱一圈 (助手)
G392,30/06/2023,游水,沙田,,沙田,,,,,,,,游水,,
G392,30/06/2023,踱步,沙田,外圈,沙田 外圈,,,,,,助手,,快踱一圈,PH,外圈 快踱一圈 (助手)
G392,29/06/2023,游水,沙田,,沙田,,,,,,,,游水,,
G392,29/06/2023,踱步,沙田,外圈,沙田 外圈,,,,,,助手,,快踱一圈,PH,外圈 快踱一圈 (助手)
G392,28/06/2023,游水,沙田,,沙田,,,,,,,,游水,,
G392,28/06/2023,踱步,沙田,外圈,沙田 外圈,,,,,,助手,,快踱一圈,PH,外圈 快踱一圈 (助手)
G392,27/06/2023,游水,沙田,,沙田,,,,,,,,游水,,
G392,25/06/2023,踱步,沙田,內圈,沙田 內圈,,,,,,助手,,快踱一圈,H,內圈 快踱一圈 (助手)
G392,24/06/2023,游水,沙田,,沙田,,,,,,,,游水,,
G392,24/06/2023,踱步,沙田,內圈,沙田 內圈,,,,,,助手,,快踱兩圈,PH,內圈 快踱兩圈 (助手)
G392,23/06/2023,游水,沙田,,沙田,,,,,,,,游水,,
G392,23/06/2023,踱步,沙田,內圈,沙田 內圈,,,,,,助手,,快踱兩圈,PH,內圈 快踱兩圈 (助手)
G392,22/06/2023,游水,沙田,,沙田,,,,,,,,游水,,
G392,22/06/2023,踱步,沙田,內圈,沙田 內圈,,,,,,助手,,倒快兩圈,PH,內圈 倒快兩圈 (助手)
G392,21/06/2023,游水,沙田,,沙田,,,,,,,,游水,,
G392,21/06/2023,踱步,沙田,內圈,沙田 內圈,,,,,,助手,,快踱兩圈,PH,內圈 快踱兩圈 (助手)
G392,20/06/2023,游水,沙田,,沙田,,,,,,,,游水,,
G392,20/06/2023,踱步,沙田,內圈,沙田 內圈,,,,,,助手,,快踱一圈,PH,內圈 快踱一圈 (助手)
G392,19/06/2023,快操,沙田,草閘,沙田 草閘,,47.5,47.5,24.1 23.4,,助手,,尋寶勇士,,24.1 23.4 (47.5) (助手) 尋寶勇士
G392,18/06/2023,游水,沙田,,沙田,,,,,,,,游水,,
G392,18/06/2023,踱步,沙田,內圈,沙田 內圈,,,,,,助手,,快踱一圈,H,內圈 快踱一圈 (助手)
G392,17/06/2023,游水,沙田,,沙田,,,,,,,,游水,,
G392,17/06/2023,踱步,沙田,內圈,沙田 內圈,,,,,,助手,,快踱兩圈,PH,內圈 快踱兩圈 (助手)
G392,16/06/2023,游水,沙田,,沙田,,,,,,,,游水,,
G392,16/06/2023,踱步,沙田,內圈,沙田 內圈,,,,,,助手,,快踱兩圈,PH,內圈 快踱兩圈 (助手)
G392,15/06/2023,游水,沙田,,沙田,,,,,,,,游水,,
G392,15/06/2023,踱步,沙田,內圈,沙田 內圈,,,,,,助手,,倒快兩圈,PH,內圈 倒快兩圈 (助手)
G392,14/06/2023,游水,沙田,,沙田,,,,,,,,游水,,
G392,14/06/2023,踱步,沙田,內圈,沙田 內圈,,,,,,助手,,快踱一圈,PH,內圈 快踱一圈 (助手)
G392,13/06/2023,游水,沙田,,沙田,,,,,,,,游水,,
G392,13/06/2023,踱步,沙田,內圈,沙田 內圈,,,,,,助手,,快踱兩圈,PH,內圈 快踱兩圈 (助手)
G392,12/06/2023,游水,沙田,,沙田,,,,,,,,游水,,
G392,12/06/2023,踱步,沙田,內圈,沙田 內圈,,,,,,助手,,倒快兩圈,PH,內圈 倒快兩圈 (助手)
G392,11/06/2023,游水,沙田,,沙田,,,,,,,,游水,,
G392,11/06/2023,踱步,沙田,內圈,沙田 內圈,,,,,,助手,,快踱一圈,H,內圈 快踱一圈 (助手)
G392,10/06/2023,游水,沙田,,沙田,,,,,,,,游水,,
G392,10/06/2023,踱步,沙田,內圈,沙田 內圈,,,,,,助手,,快踱兩圈,PH,內圈 快踱兩圈 (助手)
G392,09/06/2023,游水,沙田,,沙田,,,,,,,,游水,,
G392,09/06/2023,踱步,沙田,內圈,沙田 內圈,,,,,,助手,,快踱兩圈,PH,內圈 快踱兩圈 (助手)
G392,08/06/2023,游水,沙田,,沙田,,,,,,,,游水,,
G392,08/06/2023,踱步,沙田,內圈,沙田 內圈,,,,,,助手,,倒快兩圈,PH,內圈 倒快兩圈 (助手)
G392,07/06/2023,游水,沙田,,沙田,,,,,,,,游水,,
G392,07/06/2023,踱步,沙田,內圈,沙田 內圈,,,,,,助手,,快踱兩圈,PH,內圈 快踱兩圈 (助手)
G392,06/06/2023,游水,沙田,,沙田,,,,,,,,游水,,
G392,06/06/2023,踱步,沙田,內圈,沙田 內圈,,,,,,助手,,快踱一圈,PH,內圈 快踱一圈 (助手)
G392,05/06/2023,游水,沙田,,沙田,,,,,,,,游水,,
G392,05/06/2023,踱步,沙田,內圈,沙田 內圈,,,,,,助手,,倒快兩圈,PH,內圈 倒快兩圈 (助手)
G392,03/06/2023,試閘,跑馬地,草地,跑馬地 草地,1200M,1.11.62,71.62,24.6 22.8 24.2,龍之心,黃智弘,,第4組,,第4組 (黃智弘) 1200M 龍之心 24.6 22.8 24.2 (1.11.62)
G392,02/06/2023,游水,沙田,,沙田,,,,,,,,游水,,
G392,02/06/2023,踱步,沙田,內圈,沙田 內圈,,,,,,助手,,快踱兩圈,PH,內圈 快踱兩圈 (助手)
G392,01/06/2023,游水,沙田,,沙田,,,,,,,,游水,,
G392,01/06/2023,踱步,沙田,內圈,沙田 內圈,,,,,,助手,,倒快兩圈,PH,內圈 倒快兩圈 (助手)
G392,31/05/2023,游水,沙田,,沙田,,,,,,,,游水,,
G392,31/05/2023,踱步,沙田,內圈,沙田 內圈,,,,,,助手,,快踱一圈,PH,內圈 快踱一圈 (助手)
G392,30/05/2023,游水,沙田,,沙田,,,,,,,,游水,,
G392,30/05/2023,踱步,沙田,內圈,沙田 內圈,,,,,,助手,,快踱兩圈,PH,內圈 快踱兩圈 (助手)
G392,29/05/2023,快操,沙田,全天候,沙田 全天候,,1.20.0,80.0,29.1 27.0 23.9,,助手,,快操,PH,29.1 27.0 23.9 (1.20.0) (助手)
G392,28/05/2023,游水,沙田,,沙田,,,,,,,,游水,,
G392,28/05/2023,踱步,沙田,內圈,沙田 內圈,,,,,,助手,,快踱兩圈,PH,內圈 快踱兩圈 (助手)
G392,27/05/2023,游水,沙田,,沙田,,,,,,,,游水,,
G392,27/05/2023,踱步,沙田,內圈,沙田 內圈,,,,,,助手,,快踱兩圈,PH,內圈 快踱兩圈 (助手)
G392,26/05/2023,踱步,沙田,內圈,沙田 內圈,,,,,,助手,,快踱兩圈,PH,內圈 快踱兩圈 (助手)
G392,25/05/2023,游水,沙田,,沙田,,,,,,,,游水,,
G392,24/05/2023,游水,沙田,,沙田,,,,,,,,游水,,
G392,24/05/2023,踱步,沙田,內圈,沙田 內圈,,,,,,助手,,快踱兩圈,PH,內圈 快踱兩圈 (助手)
G392,23/05/2023,游水,沙田,,沙田,,,,,,,,游水,,
G392,23/05/2023,踱步,沙田,內圈,沙田 內圈,,,,,,助手,,快踱兩圈,PH,內圈 快踱兩圈 (助手)
G392,22/05/2023,游水,沙田,,沙田,,,,,,,,游水,,
G392,22/05/2023,踱步,沙田,內圈,沙田 內圈,,,,,,助手,,倒快兩圈,PH,內圈 倒快兩圈 (助手)
G392,21/05/2023,游水,沙田,,沙田,,,,,,,,游水,,
G392,21/05/2023,踱步,沙田,飛機場,沙田 飛機場,,,,,,助手,,踱步,H,飛機場 踱步 (助手)
G392,20/05/2023,游水,沙田,,沙田,,,,,,,,游水,,
G392,20/05/2023,踱步,沙田,內圈,沙田 內圈,,,,,,助手,,快踱兩圈,PH,內圈 快踱兩圈 (助手)
G392,19/05/2023,快操,沙田,全天候,沙田 全天候,,1.22.7,82.7,29.9 27.6 25.2,,助手,,快操,PH,29.9 27.6 25.2 (1.22.7) (助手)
G392,18/05/2023,游水,沙田,,沙田,,,,,,,,游水,,
G392,18/05/2023,踱步,沙田,內圈,沙田 內圈,,,,,,助手,,倒快兩圈,PH,內圈 倒快兩圈 (助手)
G392,17/05/2023,游水,沙田,,沙田,,,,,,,,游水,,
G392,17/05/2023,踱步,沙田,內圈,沙田 內圈,,,,,,助手,,快踱兩圈,PH,內圈 快踱兩圈 (助手)
G392,16/05/2023,游水,沙田,,沙田,,,,,,,,游水,,
G392,16/05/2023,踱步,沙田,內圈,沙田 內圈,,,,,,助手,,快踱兩圈,PH,內圈 快踱兩圈 (助手)
G392,15/05/2023,游水,沙田,,沙田,,,,,,,,游水,,
G392,15/05/2023,踱步,沙田,內圈,沙田 內圈,,,,,,助手,,倒快兩圈,PH,內圈 倒快兩圈 (助手)
G392,14/05/2023,游水,沙田,,沙田,,,,,,,,游水,,
G392,14/05/2023,踱步,沙田,內圈,沙田 內圈,,,,,,助手,,快踱一圈,PH,內圈 快踱一圈 (助手)
G392,13/05/2023,游水,沙田,,沙田,,,,,,,,游水,,
G392,13/05/2023,踱步,沙田,內圈,沙田 內圈,,,,,,助手,,快踱兩圈,PH,內圈 快踱兩圈 (助手)
G392,12/05/2023,游水,沙田,,沙田,,,,,,,,游水,,
G392,12/05/2023,踱步,沙田,內圈,沙田 內圈,,,,,,助手,,快踱兩圈,PH,內圈 快踱兩圈 (助手)
G392,11/05/2023,游水,沙田,,沙田,,,,,,,,游水,,
G392,11/05/2023,踱步,沙田,內圈,沙田 內圈,,,,,,助手,,倒快兩圈,PH,內圈 倒快兩圈 (助手)
G392,09/05/2023,試閘,沙田,草地,沙田 草地,1000M,0.58.95,58.95,14.2 22.0 22.7,龍的風采,陳嘉熙,,第3組,,第3組 (陳嘉熙) 1000M 龍的風采 14.2 22.0 22.7 (0.58.95)
G392,08/05/2023,踱步,沙田,內圈,沙田 內圈,,,,,,助手,,倒快兩圈,PH,內圈 倒快兩圈 (助手)
G392,07/05/2023,游水,沙田,,沙田,,,,,,,,游水,,
G392,06/05/2023,踱步,沙田,內圈,沙田 內圈,,,,,,助手,,快踱兩圈,PH,內圈 快踱兩圈 (助手)
G392,05/05/2023,踱步,沙田,內圈,沙田 內圈,,,,,,助手,,快踱兩圈,PH,內圈 快踱兩圈 (助手)
G392,04/05/2023,踱步,沙田,內圈,沙田 內圈,,,,,,助手,,倒快兩圈,PH,內圈 倒快兩圈 (助手)
G392,03/05/2023,踱步,沙田,內圈,沙田 內圈,,,,,,助手,,快踱一圈,PH,內圈 快踱一圈 (助手)
G392,02/05/2023,快操,沙田,全天候,沙田 全天候,,1.22.8,82.8,30.4 28.1 24.3,,助手,,果然駿,PH,30.4 28.1 24.3 (1.22.8) (助手) 果然駿
G392,01/05/2023,游水,沙田,,沙田,,,,,,,,游水,,
G392,30/04/2023,游水,沙田,,沙田,,,,,,,,游水,,
G392,30/04/2023,踱步,沙田,內圈,沙田 內圈,,,,,,助手,,快踱兩圈,H,內圈 快踱兩圈 (助手)
G392,29/04/2023,游水,沙田,,沙田,,,,,,,,游水,,
G392,29/04/2023,踱步,沙田,內圈,沙田 內圈,,,,,,助手,,快踱兩圈,PH,內圈 快踱兩圈 (助手)
G392,28/04/2023,游水,沙田,,沙田,,,,,,,,游水,,
G392,28/04/2023,踱步,沙田,內圈,沙田 內圈,,,,,,助手,,快踱兩圈,PH,內圈 快踱兩圈 (助手)
G392,27/04/2023,快操,沙田,全天候,沙田 全天候,,1.23.1,83.1,31.3 26.0 25.8,,助手,,快操,PH,31.3 26.0 25.8 (1.23.1) (助手)
G392,26/04/2023,游水,沙田,,沙田,,,,,,,,游水,,
G392,26/04/2023,踱步,沙田,內圈,沙田 內圈,,,,,,助手,,快踱一圈,PH,內圈 快踱一圈 (助手)
G392,25/04/2023,游水,沙田,,沙田,,,,,,,,游水,,
G392,25/04/2023,踱步,沙田,內圈,沙田 內圈,,,,,,助手,,快踱兩圈,H,內圈 快踱兩圈 (助手)
G392,24/04/2023,游水,沙田,,沙田,,,,,,,,游水,,
G392,24/04/2023,踱步,沙田,內圈,沙田 內圈,,,,,,助手,,倒快兩圈,H,內圈 倒快兩圈 (助手)
G392,23/04/2023,游水,沙田,,沙田,,,,,,,,游水,,
G392,23/04/2023,踱步,沙田,內圈,沙田 內圈,,,,,,助手,,快踱一圈,H,內圈 快踱一圈 (助手)
G392,21/04/2023,踱步,沙田,內圈,沙田 內圈,,,,,,助手,,快踱一圈,H,內圈 快踱一圈 (助手)
G392,20/04/2023,踱步,沙田,飛機場,沙田 飛機場,,,,,,助手,,踱步,H,飛機場 踱步 (助手)
G392,19/04/2023,踱步,從化,內圈,從化 內圈,,,,,,助手,,快踱兩圈,H,內圈 快踱兩圈 (助手)
G392,18/04/2023,游水,從化,,從化,,,,,,,,游水,,
G392,18/04/2023,踱步,從化,內圈,從化 內圈,,,,,,助手,,快踱兩圈,H,內圈 快踱兩圈 (助手)
G392,17/04/2023,游水,從化,,從化,,,,,,,,游水,,
G392,17/04/2023,踱步,從化,內圈,從化 內圈,,,,,,助手,,倒快兩圈,H,內圈 倒快兩圈 (助手)
G392,16/04/2023,游水,從化,,從化,,,,,,,,游水,,
G392,16/04/2023,踱步,從化,內圈,從化 內圈,,,,,,助手,,快踱一圈,H,內圈 快踱一圈 (助手)
G392,15/04/2023,游水,從化,,從化,,,,,,,,游水,,
G392,15/04/2023,踱步,從化,內圈,從化 內圈,,,,,,助手,,快踱兩圈,H,內圈 快踱兩圈 (助手)
G392,14/04/2023,游水,從化,,從化,,,,,,,,游水,,
G392,14/04/2023,踱步,從化,內圈,從化 內圈,,,,,,助手,,快踱兩圈,H,內圈 快踱兩圈 (助手)
G392,13/04/2023,游水,從化,,從化,,,,,,,,游水,,
G392,13/04/2023,快操,從化,草地,從化 草地,,1.13.2,73.2,24.8 24.1 24.3,,助手,,快操,H,24.8 24.1 24.3 (1.13.2) (助手)
G392,13/04/2023,踱步,從化,飛機場,從化 飛機場,,,,,,助手,,踱步,H,飛機場 踱步 (助手)
G392,12/04/2023,游水,從化,,從化,,,,,,,,游水,,
G392,12/04/2023,踱步,從化,內圈,從化 內圈,,,,,,助手,,快踱兩圈,H,內圈 快踱兩圈 (助手)
G392,11/04/2023,游水,從化,,從化,,,,,,,,游水,,
G392,11/04/2023,踱步,從化,內圈,從化 內圈,,,,,,助手,,快踱兩圈,H,內圈 快踱兩圈 (助手)
G392,10/04/2023,游水,從化,,從化,,,,,,,,游水,,
G392,10/04/2023,踱步,從化,內圈,從化 內圈,,,,,,助手,,倒快兩圈,H,內圈 倒快兩圈 (助手)
G392,09/04/2023,游水,從化,,從化,,,,,,,,游水,,
G392,09/04/2023,踱步,從化,內圈,從化 內圈,,,,,,助手,,快踱一圈,H,內圈 快踱一圈 (助手)
G392,08/04/2023,游水,從化,,從化,,,,,,,,游水,,
G392,08/04/2023,快操,從化,草地,從化 草地,,1.21.2,81.2,30.1 28.0 23.1,,助手,,獨角獸,H,30.1 28.0 23.1 (1.21.2) (助手) 獨角獸
G392,08/04/2023,踱步,從化,飛機場,從化 飛機場,,,,,,助手,,踱步,H,飛機場 踱步 (助手)
G392,07/04/2023,游水,從化,,從化,,,,,,,,游水,,
G392,07/04/2023,踱步,從化,內圈,從化 內圈,,,,,,助手,,快踱兩圈,H,內圈 快踱兩圈 (助手)
G392,06/04/2023,游水,從化,,從化,,,,,,,,游水,,
G392,06/04/2023,踱步,從化,內圈,從化 內圈,,,,,,助手,,倒快兩圈,H,內圈 倒快兩圈 (助手)
G392,05/04/2023,游水,從化,,從化,,,,,,,,游水,,
G392,05/04/2023,踱步,從化,內圈,從化 內圈,,,,,,助手,,快踱兩圈,H,內圈 快踱兩圈 (助手)
G392,04/04/2023,游水,從化,,從化,,,,,,,,游水,,
G392,04/04/2023,快操,從化,草地,從化 草地,,51.7,51.7,27.0 24.7,,助手,,"飛雲, 大千氣象",H,"27.0 24.7 (51.7) (助手) 飛雲, 大千氣象"
G392,04/04/2023,踱步,從化,飛機場,從化 飛機場,,,,,,助手,,踱步,H,飛機場 踱步 (助手)
G392,03/04/2023,游水,從化,,從化,,,,,,,,游水,,
G392,03/04/2023,踱步,從化,內圈,從化 內圈,,,,,,助手,,倒快兩圈,H,內圈 倒快兩圈 (助手)
G392,02/04/2023,游水,從化,,從化,,,,,,,,游水,,
G392,02/04/2023,踱步,從化,內圈,從化 內圈,,,,,,助手,,快踱一圈,H,內圈 快踱一圈 (助手)
G392,01/04/2023,游水,從化,,從化,,,,,,,,游水,,
G392,01/04/2023,踱步,從化,內圈,從化 內圈,,,,,,助手,,快踱兩圈,H,內圈 快踱兩圈 (助手)
G392,31/03/2023,游水,從化,,從化,,,,,,,,游水,,
G392,31/03/2023,踱步,從化,內圈,從化 內圈,,,,,,助手,,快踱兩圈,H,內圈 快踱兩圈 (助手)
G392,30/03/2023,游水,從化,,從化,,,,,,,,游水,,
G392,30/03/2023,快操,從化,草地,從化 草地,,52.7,52.7,27.8 24.9,,助手,,"飛雲, 大千氣象",H,"27.8 24.9 (52.7) (助手) 飛雲, 大千氣象"
G392,30/03/2023,踱步,從化,飛機場,從化 飛機場,,,,,,助手,,踱步,H,飛機場 踱步 (助手)
G392,29/03/2023,游水,從化,,從化,,,,,,,,游水,,
G392,29/03/2023,踱步,從化,內圈,從化 內圈,,,,,,助手,,快踱兩圈,H,內圈 快踱兩圈 (助手)
G392,28/03/2023,游水,從化,,從化,,,,,,,,游水,,
G392,28/03/2023,踱步,從化,內圈,從化 內圈,,,,,,助手,,快踱兩圈,H,內圈 快踱兩圈 (助手)
G392,27/03/2023,游水,從化,,從化,,,,,,,,游水,,
G392,27/03/2023,踱步,從化,內圈,從化 內圈,,,,,,助手,,倒快兩圈,H,內圈 倒快兩圈 (助手)
G392,26/03/2023,游水,從化,,從化,,,,,,,,游水,,
G392,26/03/2023,踱步,從化,內圈,從化 內圈,,,,,,助手,,快踱一圈,H,內圈 快踱一圈 (助手)
G392,25/03/2023,游水,從化,,從化,,,,,,,,游水,,
G392,25/03/2023,快操,從化,草地,從化 草地,,55.4,55.4,29.0 26.4,,助手,,快操,H,29.0 26.4 (55.4) (助手)
G392,25/03/2023,踱步,從化,飛機場,從化 飛機場,,,,,,助手,,踱步,H,飛機場 踱步 (助手)
G392,24/03/2023,游水,從化,,從化,,,,,,,,游水,,
G392,24/03/2023,踱步,從化,內圈,從化 內圈,,,,,,助手,,快踱一圈,H,內圈 快踱一圈 (助手)
G392,23/03/2023,踱步,沙田,內圈,沙田 內圈,,,,,,助手,,倒快兩圈,H,內圈 倒快兩圈 (助手)
G392,22/03/2023,踱步,沙田,內圈,沙田 內圈,,,,,,助手,,快踱兩圈,H,內圈 快踱兩圈 (助手)
G392,20/03/2023,踱步,沙田,內圈,沙田 內圈,,,,,,助手,,倒快兩圈,H,內圈 倒快兩圈 (助手)
G392,19/03/2023,踱步,沙田,內圈,沙田 內圈,,,,,,助手,,快踱兩圈,H,內圈 快踱兩圈 (助手)
G392,18/03/2023,踱步,沙田,內圈,沙田 內圈,,,,,,助手,,快踱兩圈,H,內圈 快踱兩圈 (助手)
G392,17/03/2023,踱步,沙田,外圈,沙田 外圈,,,,,,助手,,快踱一圈,H,外圈 快踱一圈 (助手)
G392,16/03/2023,踱步,沙田,內圈,沙田 內圈,,,,,,助手,,倒快兩圈,H,內圈 倒快兩圈 (助手)
G392,15/03/2023,踱步,沙田,內圈,沙田 內圈,,,,,,助手,,快踱兩圈,H,內圈 快踱兩圈 (助手)
G392,14/03/2023,踱步,沙田,內圈,沙田 內圈,,,,,,助手,,快踱兩圈,H,內圈 快踱兩圈 (助手)
G392,13/03/2023,踱步,沙田,內圈,沙田 內圈,,,,,,助手,,倒快兩圈,H,內圈 倒快兩圈 (助手)
G392,12/03/2023,踱步,沙田,內圈,沙田 內圈,,,,,,助手,,快踱兩圈,H,內圈 快踱兩圈 (助手)
G392,11/03/2023,踱步,沙田,內圈,沙田 內圈,,,,,,助手,,快踱兩圈,H,內圈 快踱兩圈 (助手)
G392,10/03/2023,踱步,沙田,內圈,沙田 內圈,,,,,,助手,,快踱兩圈,H,內圈 快踱兩圈 (助手)
G392,09/03/2023,踱步,沙田,內圈,沙田 內圈,,,,,,助手,,倒快兩圈,H,內圈 倒快兩圈 (助手)
G392,08/03/2023,踱步,從化,內圈,從化 內圈,,,,,,助手,,快踱兩圈,H,內圈 快踱兩圈 (助手)
G392,07/03/2023,游水,從化,,從化,,,,,,,,游水,,
G392,07/03/2023,踱步,從化,內圈,從化 內圈,,,,,,助手,,快踱兩圈,H,內圈 快踱兩圈 (助手)
G392,06/03/2023,游水,從化,,從化,,,,,,,,游水,,
G392,06/03/2023,踱步,從化,內圈,從化 內圈,,,,,,助手,,倒快兩圈,H,內圈 倒快兩圈 (助手)
G392,05/03/2023,游水,從化,,從化,,,,,,,,游水,,
G392,05/03/2023,踱步,從化,內圈,從化 內圈,,,,,,助手,,快踱一圈,H,內圈 快踱一圈 (助手)
G392,04/03/2023,游水,從化,,從化,,,,,,,,游水,,
G392,04/03/2023,踱步,從化,內圈,從化 內圈,,,,,,助手,,快踱一圈,H,內圈 快踱一圈 (助手)
G392,02/03/2023,試閘,從化,草地,從化 草地,1200M,1.11.29,71.29,24.1 22.7 24.4,馬林,湯瑪善,,第4組,,第4組 (湯瑪善) 1200M 馬林 24.1 22.7 24.4 (1.11.29)
G392,01/03/2023,游水,從化,,從化,,,,,,,,游水,,
G392,01/03/2023,踱步,從化,內圈,從化 內圈,,,,,,助手,,快踱兩圈,H,內圈 快踱兩圈 (助手)
G392,28/02/2023,游水,從化,,從化,,,,,,,,游水,,
G392,28/02/2023,踱步,從化,內圈,從化 內圈,,,,,,助手,,快踱兩圈,H,內圈 快踱兩圈 (助手)
G392,27/02/2023,游水,從化,,從化,,,,,,,,游水,,
G392,27/02/2023,踱步,從化,內圈,從化 內圈,,,,,,助手,,倒快兩圈,H,內圈 倒快兩圈 (助手)
G392,26/02/2023,游水,從化,,從化,,,,,,,,游水,,
G392,26/02/2023,踱步,從化,內圈,從化 內圈,,,,,,助手,,快踱一圈,H,內圈 快踱一圈 (助手)
G392,25/02/2023,游水,從化,,從化,,,,,,,,游水,,
G392,25/02/2023,快操,從化,草地,從化 草地,,1.24.5,84.5,30.7 28.3 25.5,,助手,,快操,H,30.7 28.3 25.5 (1.24.5) (助手)
G392,25/02/2023,踱步,從化,飛機場,從化 飛機場,,,,,,助手,,踱步,H,飛機場 踱步 (助手)
G392,24/02/2023,游水,從化,,從化,,,,,,,,游水,,
G392,24/02/2023,踱步,從化,內圈,從化 內圈,,,,,,助手,,快踱兩圈,H,內圈 快踱兩圈 (助手)
G392,23/02/2023,游水,從化,,從化,,,,,,,,游水,,
G392,23/02/2023,踱步,從化,內圈,從化 內圈,,,,,,助手,,倒快兩圈,H,內圈 倒快兩圈 (助手)
G392,22/02/2023,游水,從化,,從化,,,,,,,,游水,,
G392,22/02/2023,踱步,從化,內圈,從化 內圈,,,,,,助手,,快踱兩圈,H,內圈 快踱兩圈 (助手)
G392,21/02/2023,游水,從化,,從化,,,,,,,,游水,,
G392,21/02/2023,踱步,從化,內圈,從化 內圈,,,,,,助手,,快踱兩圈,H,內圈 快踱兩圈 (助手)
G392,20/02/2023,游水,從化,,從化,,,,,,,,游水,,
G392,20/02/2023,踱步,從化,內圈,從化 內圈,,,,,,助手,,倒快兩圈,H,內圈 倒快兩圈 (助手)
G392,19/02/2023,游水,從化,,從化,,,,,,,,游水,,
G392,19/02/2023,踱步,從化,內圈,從化 內圈,,,,,,助手,,快踱一圈,H,內圈 快踱一圈 (助手)
G392,18/02/2023,游水,從化,,從化,,,,,,,,游水,,
G392,18/02/2023,快操,從化,草地,從化 草地,,1.23.5,83.5,30.3 27.8 25.4,,助手,,快操,H,30.3 27.8 25.4 (1.23.5) (助手)
G392,18/02/2023,踱步,從化,飛機場,從化 飛機場,,,,,,助手,,踱步,H,飛機場 踱步 (助手)
G392,17/02/2023,游水,從化,,從化,,,,,,,,游水,,
G392,17/02/2023,踱步,從化,內圈,從化 內圈,,,,,,助手,,快踱兩圈,H,內圈 快踱兩圈 (助手)
G392,16/02/2023,游水,從化,,從化,,,,,,,,游水,,
G392,16/02/2023,踱步,從化,內圈,從化 內圈,,,,,,助手,,倒快兩圈,H,內圈 倒快兩圈 (助手)
G392,15/02/2023,游水,從化,,從化,,,,,,,,游水,,
G392,15/02/2023,踱步,從化,內圈,從化 內圈,,,,,,助手,,快踱兩圈,H,內圈 快踱兩圈 (助手)
G392,14/02/2023,游水,從化,,從化,,,,,,,,游水,,
G392,14/02/2023,踱步,從化,內圈,從化 內圈,,,,,,助手,,快踱兩圈,H,內圈 快踱兩圈 (助手)
G392,13/02/2023,游水,從化,,從化,,,,,,,,游水,,
G392,13/02/2023,踱步,從化,內圈,從化 內圈,,,,,,助手,,倒快兩圈,H,內圈 倒快兩圈 (助手)
G392,12/02/2023,游水,從化,,從化,,,,,,,,游水,,
G392,12/02/2023,踱步,從化,內圈,從化 內圈,,,,,,助手,,快踱一圈,H,內圈 快踱一圈 (助手)
G392,11/02/2023,游水,從化,,從化,,,,,,,,游水,,
G392,11/02/2023,踱步,從化,內圈,從化 內圈,,,,,,助手,,快踱兩圈,H,內圈 快踱兩圈 (助手)
G392,10/02/2023,游水,從化,,從化,,,,,,,,游水,,
G392,10/02/2023,踱步,從化,內圈,從化 內圈,,,,,,助手,,快踱一圈,H,內圈 快踱一圈 (助手)
G392,09/02/2023,踱步,沙田,內圈,沙田 內圈,,,,,,助手,,倒快兩圈,H,內圈 倒快兩圈 (助手)
G392,08/02/2023,游水,沙田,,沙田,,,,,,,,游水,,
G392,08/02/2023,踱步,沙田,內圈,沙田 內圈,,,,,,助手,,快踱兩圈,H,內圈 快踱兩圈 (助手)
G392,07/02/2023,游水,沙田,,沙田,,,,,,,,游水,,
G392,07/02/2023,踱步,沙田,內圈,沙田 內圈,,,,,,助手,,快踱兩圈,H,內圈 快踱兩圈 (助手)
G392,06/02/2023,游水,沙田,,沙田,,,,,,,,游水,,
G392,06/02/2023,踱步,沙田,內圈,沙田 內圈,,,,,,助手,,倒快兩圈,H,內圈 倒快兩圈 (助手)
G392,05/02/2023,踱步,沙田,內圈,沙田 內圈,,,,,,助手,,快踱兩圈,H,內圈 快踱兩圈 (助手)
G392,04/02/2023,踱步,沙田,內圈,沙田 內圈,,,,,,助手,,快踱兩圈,H,內圈 快踱兩圈 (助手)
G392,03/02/2023,踱步,沙田,飛機場,沙田 飛機場,,,,,,助手,,踱步,H,飛機場 踱步 (助手)
G392,01/02/2023,踱步,沙田,飛機場,沙田 飛機場,,,,,,助手,,踱步,H,飛機場 踱步 (助手)
G392,28/01/2023,踱步,沙田,外圈,沙田 外圈,,,,,,助手,,快踱兩圈,H,外圈 快踱兩圈 (助手)
G392,27/01/2023,快操,沙田,全天候,沙田 全天候,,1.31.5,91.5,33.1 29.8 28.6,,助手,,快操,H,33.1 29.8 28.6 (1.31.5) (助手)
G392,26/01/2023,游水,沙田,,沙田,,,,,,,,游水,,
G392,26/01/2023,踱步,沙田,內圈,沙田 內圈,,,,,,助手,,倒快兩圈,H,內圈 倒快兩圈 (助手)
G392,25/01/2023,游水,沙田,,沙田,,,,,,,,游水,,
G392,25/01/2023,踱步,沙田,內圈,沙田 內圈,,,,,,助手,,快踱兩圈,H,內圈 快踱兩圈 (助手)
G392,24/01/2023,快操,沙田,全天候,沙田 全天候,,1.18.9,78.9,27.5 27.3 24.1,,嘉里,,快操,H,27.5 27.3 24.1 (1.18.9) (嘉里)
G392,23/01/2023,游水,沙田,,沙田,,,,,,,,游水,,
G392,23/01/2023,踱步,沙田,內圈,沙田 內圈,,,,,,助手,,倒快兩圈,H,內圈 倒快兩圈 (助手)
G392,21/01/2023,游水,沙田,,沙田,,,,,,,,游水,,
G392,21/01/2023,踱步,沙田,內圈,沙田 內圈,,,,,,助手,,快踱兩圈,H,內圈 快踱兩圈 (助手)
G392,20/01/2023,踱步,沙田,內圈,沙田 內圈,,,,,,助手,,快踱兩圈,H,內圈 快踱兩圈 (助手)
G392,19/01/2023,游水,沙田,,沙田,,,,,,,,游水,,
G392,19/01/2023,踱步,沙田,內圈,沙田 內圈,,,,,,助手,,倒快兩圈,H,內圈 倒快兩圈 (助手)
G392,18/01/2023,游水,沙田,,沙田,,,,,,,,游水,,
G392,18/01/2023,踱步,沙田,內圈,沙田 內圈,,,,,,助手,,快踱兩圈,H,內圈 快踱兩圈 (助手)
G392,17/01/2023,踱步,沙田,內圈,沙田 內圈,,,,,,助手,,快踱兩圈,H,內圈 快踱兩圈 (助手)
G392,16/01/2023,踱步,沙田,內圈,沙田 內圈,,,,,,助手,,倒快一圈,H,內圈 倒快一圈 (助手)
G392,15/01/2023,游水,沙田,,沙田,,,,,,,,游水,,
G392,15/01/2023,踱步,沙田,內圈,沙田 內圈,,,,,,助手,,快踱兩圈,H,內圈 快踱兩圈 (助手)
G392,14/01/2023,游水,沙田,,沙田,,,,,,,,游水,,
G392,14/01/2023,踱步,沙田,內圈,沙田 內圈,,,,,,助手,,快踱兩圈,H,內圈 快踱兩圈 (助手)
G392,13/01/2023,游水,沙田,,沙田,,,,,,,,游水,,
G392,13/01/2023,踱步,沙田,內圈,沙田 內圈,,,,,,助手,,快踱兩圈,H,內圈 快踱兩圈 (助手)
G392,12/01/2023,踱步,沙田,內圈,沙田 內圈,,,,,,助手,,倒快兩圈,H,內圈 倒快兩圈 (助手)
G392,10/01/2023,試閘,沙田,草地,沙田 草地,1000M,0.58.32,58.32,14.0 21.3 23.0,還看今朝,嘉里,,第3組,,第3組 (嘉里) 1000M 還看今朝 14.0 21.3 23.0 (0.58.32)
G392,09/01/2023,游水,沙田,,沙田,,,,,,,,游水,,
G392,09/01/2023,踱步,沙田,內圈,沙田 內圈,,,,,,助手,,倒快兩圈,H,內圈 倒快兩圈 (助手)
G392,08/01/2023,踱步,沙田,內圈,沙田 內圈,,,,,,助手,,快踱一圈,H,內圈 快踱一圈 (助手)
G392,07/01/2023,快操,沙田,全天候,沙田 全天候,,1.24.2,84.2,31.5 27.3 25.4,,助手,,快操,H,31.5 27.3 25.4 (1.24.2) (助手)
G392,06/01/2023,游水,沙田,,沙田,,,,,,,,游水,,
G392,06/01/2023,踱步,沙田,內圈,沙田 內圈,,,,,,助手,,快踱兩圈,H,內圈 快踱兩圈 (助手)
G392,05/01/2023,游水,沙田,,沙田,,,,,,,,游水,,
G392,05/01/2023,踱步,沙田,內圈,沙田 內圈,,,,,,助手,,倒快兩圈,H,內圈 倒快兩圈 (助手)
G392,04/01/2023,踱步,從化,內圈,從化 內圈,,,,,,助手,,快踱兩圈,H,內圈 快踱兩圈 (助手)
G392,03/01/2023,游水,從化,,從化,,,,,,,,游水,,
G392,03/01/2023,踱步,從化,內圈,從化 內圈,,,,,,助手,,快踱兩圈,H,內圈 快踱兩圈 (助手)
G392,02/01/2023,游水,從化,,從化,,,,,,,,游水,,
G392,02/01/2023,踱步,從化,內圈,從化 內圈,,,,,,助手,,倒快兩圈,H,內圈 倒快兩圈 (助手)
G392,01/01/2023,游水,從化,,從化,,,,,,,,游水,,
G392,01/01/2023,踱步,從化,內圈,從化 內圈,,,,,,助手,,快踱一圈,H,內圈 快踱一圈 (助手)
G392,31/12/2022,快操,從化,草地,從化 草地,,1.21.4,81.4,28.4 28.2 24.8,,助手,,快操,H,28.4 28.2 24.8 (1.21.4) (助手)
G392,31/12/2022,踱步,從化,飛機場,從化 飛機場,,,,,,助手,,踱步,H,飛機場 踱步 (助手)
G392,30/12/2022,游水,從化,,從化,,,,,,,,游水,,
G392,30/12/2022,踱步,從化,內圈,從化 內圈,,,,,,助手,,快踱兩圈,H,內圈 快踱兩圈 (助手)
G392,29/12/2022,游水,從化,,從化,,,,,,,,游水,,
G392,29/12/2022,踱步,從化,內圈,從化 內圈,,,,,,助手,,倒快兩圈,H,內圈 倒快兩圈 (助手)
G392,28/12/2022,游水,從化,,從化,,,,,,,,游水,,
G392,28/12/2022,踱步,從化,內圈,從化 內圈,,,,,,助手,,快踱兩圈,H,內圈 快踱兩圈 (助手)
G392,27/12/2022,游水,從化,,從化,,,,,,,,游水,,
G392,27/12/2022,踱步,從化,內圈,從化 內圈,,,,,,助手,,快踱兩圈,H,內圈 快踱兩圈 (助手)
G392,26/12/2022,游水,從化,,從化,,,,,,,,游水,,
G392,26/12/2022,踱步,從化,內圈,從化 內圈,,,,,,助手,,倒快兩圈,H,內圈 倒快兩圈 (助手)
G392,25/12/2022,游水,從化,,從化,,,,,,,,游水,,
G392,25/12/2022,踱步,從化,內圈,從化 內圈,,,,,,助手,,快踱一圈,H,內圈 快踱一圈 (助手)
G392,24/12/2022,游水,從化,,從化,,,,,,,,游水,,
G392,24/12/2022,踱步,從化,內圈,從化 內圈,,,,,,助手,,快踱一圈,H,內圈 快踱一圈 (助手)
G392,22/12/2022,試閘,從化,草地,從化 草地,800M,0.47.19,47.19,24.6 22.5,勁無敵,王聲虎,,第1組,,第1組 (王聲虎) 800M 勁無敵 24.6 22.5 (0.47.19)
G392,21/12/2022,游水,從化,,從化,,,,,,,,游水,,
G392,21/12/2022,踱步,從化,內圈,從化 內圈,,,,,,助手,,快踱兩圈,H,內圈 快踱兩圈 (助手)
G392,20/12/2022,游水,從化,,從化,,,,,,,,游水,,
G392,20/12/2022,踱步,從化,內圈,從化 內圈,,,,,,助手,,快踱兩圈,H,內圈 快踱兩圈 (助手)
G392,19/12/2022,游水,從化,,從化,,,,,,,,游水,,
G392,19/12/2022,踱步,從化,內圈,從化 內圈,,,,,,助手,,倒快兩圈,H,內圈 倒快兩圈 (助手)
G392,18/12/2022,游水,從化,,從化,,,,,,,,游水,,
G392,18/12/2022,踱步,從化,內圈,從化 內圈,,,,,,助手,,快踱一圈,H,內圈 快踱一圈 (助手)
G392,17/12/2022,游水,從化,,從化,,,,,,,,游水,,
G392,17/12/2022,快操,從化,草地,從化 草地,,1.22.4,82.4,29.3 28.6 24.5,,助手,,"祥華孝寬, 舞林密碼",H,"29.3 28.6 24.5 (1.22.4) (助手) 祥華孝寬, 舞林密碼"
G392,17/12/2022,踱步,從化,飛機場,從化 飛機場,,,,,,助手,,踱步,H,飛機場 踱步 (助手)
G392,16/12/2022,游水,從化,,從化,,,,,,,,游水,,
G392,16/12/2022,踱步,從化,內圈,從化 內圈,,,,,,助手,,快踱兩圈,H,內圈 快踱兩圈 (助手)
G392,15/12/2022,游水,從化,,從化,,,,,,,,游水,,
G392,15/12/2022,踱步,從化,內圈,從化 內圈,,,,,,助手,,倒快兩圈,H,內圈 倒快兩圈 (助手)
G392,14/12/2022,游水,從化,,從化,,,,,,,,游水,,
G392,14/12/2022,踱步,從化,內圈,從化 內圈,,,,,,助手,,快踱兩圈,H,內圈 快踱兩圈 (助手)
G392,13/12/2022,游水,從化,,從化,,,,,,,,游水,,
G392,13/12/2022,快操,從化,草地,從化 草地,,1.22.5,82.5,28.4 28.0 26.1,,助手,,快操,H,28.4 28.0 26.1 (1.22.5) (助手)
G392,12/12/2022,游水,從化,,從化,,,,,,,,游水,,
G392,12/12/2022,踱步,從化,內圈,從化 內圈,,,,,,助手,,倒快兩圈,H,內圈 倒快兩圈 (助手)
G392,11/12/2022,游水,從化,,從化,,,,,,,,游水,,
G392,11/12/2022,踱步,從化,內圈,從化 內圈,,,,,,助手,,快踱一圈,H,內圈 快踱一圈 (助手)
G392,10/12/2022,游水,從化,,從化,,,,,,,,游水,,
G392,10/12/2022,踱步,從化,內圈,從化 內圈,,,,,,助手,,快踱兩圈,H,內圈 快踱兩圈 (助手)
G392,09/12/2022,游水,從化,,從化,,,,,,,,游水,,
G392,09/12/2022,踱步,從化,內圈,從化 內圈,,,,,,助手,,快踱兩圈,H,內圈 快踱兩圈 (助手)
G392,08/12/2022,游水,從化,,從化,,,,,,,,游水,,
G392,08/12/2022,快操,從化,草地,從化 草地,,1.26.6,86.6,29.2 30.7 26.7,,助手,,快操,H,29.2 30.7 26.7 (1.26.6) (助手)
G392,07/12/2022,游水,從化,,從化,,,,,,,,游水,,
G392,07/12/2022,踱步,從化,內圈,從化 內圈,,,,,,助手,,快踱兩圈,H,內圈 快踱兩圈 (助手)
G392,06/12/2022,游水,從化,,從化,,,,,,,,游水,,
G392,06/12/2022,踱步,從化,內圈,從化 內圈,,,,,,助手,,快踱兩圈,H,內圈 快踱兩圈 (助手)
G392,05/12/2022,游水,從化,,從化,,,,,,,,游水,,
G392,05/12/2022,踱步,從化,內圈,從化 內圈,,,,,,助手,,倒快兩圈,H,內圈 倒快兩圈 (助手)
G392,04/12/2022,游水,從化,,從化,,,,,,,,游水,,
G392,04/12/2022,踱步,從化,內圈,從化 內圈,,,,,,助手,,快踱一圈,H,內圈 快踱一圈 (助手)
G392,03/12/2022,游水,從化,,從化,,,,,,,,游水,,
G392,03/12/2022,快操,從化,草地,從化 草地,,1.26.6,86.6,30.8 29.9 25.9,,助手,,快操,H,30.8 29.9 25.9 (1.26.6) (助手)
G392,03/12/2022,踱步,從化,飛機場,從化 飛機場,,,,,,助手,,踱步,H,飛機場 踱步 (助手)
G392,02/12/2022,游水,從化,,從化,,,,,,,,游水,,
G392,02/12/2022,踱步,從化,內圈,從化 內圈,,,,,,助手,,快踱兩圈,H,內圈 快踱兩圈 (助手)
G392,01/12/2022,游水,從化,,從化,,,,,,,,游水,,
G392,01/12/2022,踱步,從化,內圈,從化 內圈,,,,,,助手,,倒快兩圈,H,內圈 倒快兩圈 (助手)
G392,30/11/2022,游水,從化,,從化,,,,,,,,游水,,
G392,30/11/2022,踱步,從化,內圈,從化 內圈,,,,,,助手,,快踱兩圈,H,內圈 快踱兩圈 (助手)
G392,29/11/2022,游水,從化,,從化,,,,,,,,游水,,
G392,29/11/2022,快操,從化,草地,從化 草地,,59.4,59.4,31.1 28.3,,助手,,快操,H,31.1 28.3 (59.4) (助手)
G392,28/11/2022,游水,從化,,從化,,,,,,,,游水,,
G392,28/11/2022,踱步,從化,內圈,從化 內圈,,,,,,助手,,倒快兩圈,H,內圈 倒快兩圈 (助手)
G392,27/11/2022,游水,從化,,從化,,,,,,,,游水,,
G392,27/11/2022,踱步,從化,內圈,從化 內圈,,,,,,助手,,快踱一圈,H,內圈 快踱一圈 (助手)
G392,26/11/2022,游水,從化,,從化,,,,,,,,游水,,
G392,26/11/2022,踱步,從化,內圈,從化 內圈,,,,,,助手,,快踱兩圈,H,內圈 快踱兩圈 (助手)
G392,25/11/2022,游水,從化,,從化,,,,,,,,游水,,
G392,25/11/2022,踱步,從化,內圈,從化 內圈,,,,,,助手,,快踱兩圈,H,內圈 快踱兩圈 (助手)
G392,24/11/2022,游水,從化,,從化,,,,,,,,游水,,
G392,24/11/2022,踱步,從化,內圈,從化 內圈,,,,,,助手,,倒快兩圈,H,內圈 倒快兩圈 (助手)
G392,23/11/2022,游水,從化,,從化,,,,,,,,游水,,
G392,23/11/2022,踱步,從化,內圈,從化 內圈,,,,,,助手,,快踱一圈,H,內圈 快踱一圈 (助手)
G392,22/11/2022,游水,從化,,從化,,,,,,,,游水,,
G392,22/11/2022,踱步,從化,內圈,從化 內圈,,,,,,助手,,快踱一圈,H,內圈 快踱一圈 (助手)
G392,21/11/2022,游水,從化,,從化,,,,,,,,游水,,
G392,21/11/2022,踱步,從化,內圈,從化 內圈,,,,,,助手,,倒快一圈,H,內圈 倒快一圈 (助手)
G392,20/11/2022,游水,從化,,從化,,,,,,,,游水,,
G392,20/11/2022,踱步,從化,內圈,從化 內圈,,,,,,助手,,快踱一圈,H,內圈 快踱一圈 (助手)
G392,19/11/2022,游水,從化,,從化,,,,,,,,游水,,
G392,19/11/2022,踱步,從化,飛機場,從化 飛機場,,,,,,助手,,踱步,,飛機場 踱步 (助手)
G392,18/11/2022,游水,從化,,從化,,,,,,,,游水,,
G392,18/11/2022,踱步,從化,飛機場,從化 飛機場,,,,,,助手,,踱步,,飛機場 踱步 (助手)
G392,17/11/2022,游水,從化,,從化,,,,,,,,游水,,
G392,17/11/2022,踱步,從化,飛機場,從化 飛機場,,,,,,助手,,踱步,,飛機場 踱步 (助手)
G392,16/11/2022,游水,從化,,從化,,,,,,,,游水,,
G392,16/11/2022,踱步,從化,飛機場,從化 飛機場,,,,,,助手,,踱步,,飛機場 踱步 (助手)
G392,15/11/2022,游水,從化,,從化,,,,,,,,游水,,
G392,15/11/2022,踱步,從化,飛機場,從化 飛機場,,,,,,助手,,踱步,,飛機場 踱步 (助手)
G392,14/11/2022,游水,從化,,從化,,,,,,,,游水,,
G392,14/11/2022,踱步,從化,飛機場,從化 飛機場,,,,,,助手,,踱步,,飛機場 踱步 (助手)
G392,13/11/2022,游水,從化,,從化,,,,,,,,游水,,
G392,13/11/2022,踱步,從化,飛機場,從化 飛機場,,,,,,助手,,踱步,,飛機場 踱步 (助手)
G392,12/11/2022,游水,從化,,從化,,,,,,,,游水,,
G392,12/11/2022,踱步,從化,飛機場,從化 飛機場,,,,,,助手,,踱步,,飛機場 踱步 (助手)
G392,11/11/2022,游水,從化,,從化,,,,,,,,游水,,
G392,11/11/2022,踱步,從化,飛機場,從化 飛機場,,,,,,助手,,踱步,,飛機場 踱步 (助手)
G392,10/11/2022,游水,從化,,從化,,,,,,,,游水,,
G392,10/11/2022,踱步,從化,飛機場,從化 飛機場,,,,,,助手,,踱步,,飛機場 踱步 (助手)
G392,09/11/2022,游水,從化,,從化,,,,,,,,游水,,
G392,09/11/2022,踱步,從化,飛機場,從化 飛機場,,,,,,助手,,踱步,,飛機場 踱步 (助手)
G392,08/11/2022,游水,從化,,從化,,,,,,,,游水,,
G392,08/11/2022,踱步,從化,飛機場,從化 飛機場,,,,,,助手,,踱步,,飛機場 踱步 (助手)
G392,07/11/2022,游水,從化,,從化,,,,,,,,游水,,
G392,07/11/2022,踱步,從化,飛機場,從化 飛機場,,,,,,助手,,踱步,,飛機場 踱步 (助手)
G392,06/11/2022,游水,從化,,從化,,,,,,,,游水,,
G392,06/11/2022,踱步,從化,飛機場,從化 飛機場,,,,,,助手,,踱步,,飛機場 踱步 (助手)
G392,05/11/2022,游水,從化,,從化,,,,,,,,游水,,
G392,05/11/2022,踱步,從化,飛機場,從化 飛機場,,,,,,助手,,踱步,,飛機場 踱步 (助手)
G392,04/11/2022,游水,從化,,從化,,,,,,,,游水,,
G392,03/11/2022,游水,從化,,從化,,,,,,,,游水,,
G392,02/11/2022,游水,從化,,從化,,,,,,,,游水,,
G392,01/11/2022,游水,從化,,從化,,,,,,,,游水,,
G392,31/10/2022,游水,從化,,從化,,,,,,,,游水,,
G392,29/09/2022,踱步,沙田,內圈,沙田 內圈,,,,,,助手,,倒快兩圈,H,內圈 倒快兩圈 (助手)
G392,28/09/2022,游水,沙田,,沙田,,,,,,,,游水,,
G392,28/09/2022,踱步,沙田,內圈,沙田 內圈,,,,,,助手,,快踱兩圈,H,內圈 快踱兩圈 (助手)
G392,27/09/2022,快操,沙田,全天候,沙田 全天候,,1.22.7,82.7,29.5 28.1 25.1,,陳嘉熙,,快操,H,29.5 28.1 25.1 (1.22.7) (陳嘉熙)
G392,27/09/2022,踱步,沙田,飛機場,沙田 飛機場,,,,,,陳嘉熙,,踱步,H,飛機場 踱步 (陳嘉熙)
G392,26/09/2022,游水,沙田,,沙田,,,,,,,,游水,,
G392,26/09/2022,踱步,沙田,內圈,沙田 內圈,,,,,,助手,,倒快兩圈,H,內圈 倒快兩圈 (助手)
G392,25/09/2022,游水,沙田,,沙田,,,,,,,,游水,,
G392,25/09/2022,踱步,沙田,內圈,沙田 內圈,,,,,,助手,,快踱一圈,H,內圈 快踱一圈 (助手)
G392,24/09/2022,游水,沙田,,沙田,,,,,,,,游水,,
G392,24/09/2022,踱步,沙田,內圈,沙田 內圈,,,,,,助手,,快踱兩圈,H,內圈 快踱兩圈 (助手)
G392,23/09/2022,游水,沙田,,沙田,,,,,,,,游水,,
G392,23/09/2022,踱步,沙田,內圈,沙田 內圈,,,,,,助手,,快踱兩圈,H,內圈 快踱兩圈 (助手)
G392,22/09/2022,快操,沙田,全天候,沙田 全天候,,1.21.1,81.1,30.4 27.5 23.2,,助手,,"國士無雙, 特醒",H,"30.4 27.5 23.2 (1.21.1) (助手) 國士無雙, 特醒"
G392,21/09/2022,游水,沙田,,沙田,,,,,,,,游水,,
G392,21/09/2022,踱步,沙田,內圈,沙田 內圈,,,,,,助手,,快踱一圈,H,內圈 快踱一圈 (助手)
G392,20/09/2022,游水,沙田,,沙田,,,,,,,,游水,,
G392,20/09/2022,踱步,沙田,內圈,沙田 內圈,,,,,,助手,,快踱一圈,H,內圈 快踱一圈 (助手)
G392,19/09/2022,游水,沙田,,沙田,,,,,,,,游水,,
G392,19/09/2022,踱步,沙田,內圈,沙田 內圈,,,,,,助手,,倒快兩圈,H,內圈 倒快兩圈 (助手)
G392,18/09/2022,游水,沙田,,沙田,,,,,,,,游水,,
G392,17/09/2022,游水,沙田,,沙田,,,,,,,,游水,,
G392,17/09/2022,踱步,沙田,內圈,沙田 內圈,,,,,,助手,,快踱兩圈,H,內圈 快踱兩圈 (助手)
G392,16/09/2022,游水,沙田,,沙田,,,,,,,,游水,,
G392,16/09/2022,踱步,沙田,內圈,沙田 內圈,,,,,,陳嘉熙,,快踱兩圈,H,內圈 快踱兩圈 (陳嘉熙)
G392,15/09/2022,游水,沙田,,沙田,,,,,,,,游水,,
G392,15/09/2022,踱步,沙田,內圈,沙田 內圈,,,,,,陳嘉熙,,倒快兩圈,H,內圈 倒快兩圈 (陳嘉熙)
G392,14/09/2022,游水,沙田,,沙田,,,,,,,,游水,,
G392,14/09/2022,快操,沙田,全天候,沙田 全天候,,57.7,57.7,30.3 27.4,,陳嘉熙,,快操,H,30.3 27.4 (57.7) (陳嘉熙)
G392,13/09/2022,游水,沙田,,沙田,,,,,,,,游水,,
G392,13/09/2022,踱步,沙田,內圈,沙田 內圈,,,,,,助手,,快踱兩圈,H,內圈 快踱兩圈 (助手)
G392,12/09/2022,游水,沙田,,沙田,,,,,,,,游水,,
G392,12/09/2022,踱步,沙田,內圈,沙田 內圈,,,,,,助手,,倒快兩圈,H,內圈 倒快兩圈 (助手)
G392,11/09/2022,游水,沙田,,沙田,,,,,,,,游水,,
G392,11/09/2022,踱步,沙田,內圈,沙田 內圈,,,,,,助手,,快踱一圈,H,內圈 快踱一圈 (助手)
G392,10/09/2022,游水,沙田,,沙田,,,,,,,,游水,,
G392,10/09/2022,踱步,沙田,內圈,沙田 內圈,,,,,,助手,,快踱兩圈,H,內圈 快踱兩圈 (助手)
G392,09/09/2022,游水,沙田,,沙田,,,,,,,,游水,,
G392,09/09/2022,踱步,沙田,內圈,沙田 內圈,,,,,,助手,,快踱兩圈,H,內圈 快踱兩圈 (助手)
G392,08/09/2022,游水,沙田,,沙田,,,,,,,,游水,,
G392,08/09/2022,踱步,沙田,內圈,沙田 內圈,,,,,,助手,,倒快兩圈,,內圈 倒快兩圈 (助手)
G392,07/09/2022,踱步,從化,內圈,從化 內圈,,,,,,助手,,快踱兩圈,H,內圈 快踱兩圈 (助手)
G392,06/09/2022,游水,從化,,從化,,,,,,,,游水,,
G392,06/09/2022,踱步,從化,內圈,從化 內圈,,,,,,助手,,快踱兩圈,H,內圈 快踱兩圈 (助手)
G392,05/09/2022,游水,從化,,從化,,,,,,,,游水,,
G392,05/09/2022,踱步,從化,內圈,從化 內圈,,,,,,助手,,倒快兩圈,H,內圈 倒快兩圈 (助手)
G392,04/09/2022,游水,從化,,從化,,,,,,,,游水,,
G392,04/09/2022,踱步,從化,內圈,從化 內圈,,,,,,助手,,快踱一圈,H,內圈 快踱一圈 (助手)
G392,02/09/2022,試閘,從化,草地,從化 草地,800M,0.46.74,46.74,24.9 21.8,必跑得,湯瑪善,,第4組,,第4組 (湯瑪善) 800M 必跑得 24.9 21.8 (0.46.74)
G392,01/09/2022,游水,從化,,從化,,,,,,,,游水,,
G392,01/09/2022,踱步,從化,內圈,從化 內圈,,,,,,助手,,倒快兩圈,H,內圈 倒快兩圈 (助手)
G392,31/08/2022,游水,從化,,從化,,,,,,,,游水,,
G392,31/08/2022,踱步,從化,內圈,從化 內圈,,,,,,助手,,快踱兩圈,H,內圈 快踱兩圈 (助手)
G392,30/08/2022,游水,從化,,從化,,,,,,,,游水,,
G392,30/08/2022,踱步,從化,內圈,從化 內圈,,,,,,助手,,快踱兩圈,H,內圈 快踱兩圈 (助手)
G392,29/08/2022,游水,從化,,從化,,,,,,,,游水,,
G392,29/08/2022,踱步,從化,內圈,從化 內圈,,,,,,助手,,倒快兩圈,H,內圈 倒快兩圈 (助手)
G392,28/08/2022,游水,從化,,從化,,,,,,,,游水,,
G392,28/08/2022,踱步,從化,內圈,從化 內圈,,,,,,助手,,快踱兩圈,H,內圈 快踱兩圈 (助手)
G392,27/08/2022,游水,從化,,從化,,,,,,,,游水,,
G392,27/08/2022,快操,從化,草地,從化 草地,,1.23.6,83.6,30.2 27.8 25.6,,助手,,快操,H,30.2 27.8 25.6 (1.23.6) (助手)
G392,27/08/2022,踱步,從化,飛機場,從化 飛機場,,,,,,助手,,踱步,H,飛機場 踱步 (助手)
G392,26/08/2022,游水,從化,,從化,,,,,,,,游水,,
G392,26/08/2022,踱步,從化,內圈,從化 內圈,,,,,,助手,,快踱兩圈,H,內圈 快踱兩圈 (助手)
G392,25/08/2022,游水,從化,,從化,,,,,,,,游水,,
G392,25/08/2022,踱步,從化,內圈,從化 內圈,,,,,,助手,,倒快兩圈,H,內圈 倒快兩圈 (助手)
G392,24/08/2022,游水,從化,,從化,,,,,,,,游水,,
G392,24/08/2022,踱步,從化,內圈,從化 內圈,,,,,,助手,,快踱一圈,H,內圈 快踱一圈 (助手)
G392,23/08/2022,游水,從化,,從化,,,,,,,,游水,,
G392,23/08/2022,踱步,從化,內圈,從化 內圈,,,,,,助手,,快踱兩圈,H,內圈 快踱兩圈 (助手)
G392,22/08/2022,游水,從化,,從化,,,,,,,,游水,,
G392,22/08/2022,快操,從化,草地,從化 草地,,51.6,51.6,27.1 24.5,,助手,,快操,H,27.1 24.5 (51.6) (助手)
G392,22/08/2022,踱步,從化,飛機場,從化 飛機場,,,,,,助手,,踱步,H,飛機場 踱步 (助手)
G392,21/08/2022,游水,從化,,從化,,,,,,,,游水,,
G392,21/08/2022,踱步,從化,內圈,從化 內圈,,,,,,助手,,快踱兩圈,H,內圈 快踱兩圈 (助手)
G392,20/08/2022,游水,從化,,從化,,,,,,,,游水,,
G392,20/08/2022,踱步,從化,內圈,從化 內圈,,,,,,助手,,快踱兩圈,H,內圈 快踱兩圈 (助手)
G392,19/08/2022,游水,從化,,從化,,,,,,,,游水,,
G392,19/08/2022,踱步,從化,內圈,從化 內圈,,,,,,助手,,快踱兩圈,H,內圈 快踱兩圈 (助手)
G392,18/08/2022,游水,從化,,從化,,,,,,,,游水,,
G392,18/08/2022,快操,從化,草地,從化 草地,,54.9,54.9,29.0 25.9,,助手,,快操,H,29.0 25.9 (54.9) (助手)
G392,18/08/2022,踱步,從化,飛機場,從化 飛機場,,,,,,助手,,踱步,H,飛機場 踱步 (助手)
G392,17/08/2022,游水,從化,,從化,,,,,,,,游水,,
G392,17/08/2022,踱步,從化,內圈,從化 內圈,,,,,,助手,,快踱兩圈,H,內圈 快踱兩圈 (助手)
G392,16/08/2022,游水,從化,,從化,,,,,,,,游水,,
G392,16/08/2022,踱步,從化,內圈,從化 內圈,,,,,,助手,,快踱兩圈,H,內圈 快踱兩圈 (助手)
G392,15/08/2022,游水,從化,,從化,,,,,,,,游水,,
G392,15/08/2022,踱步,從化,內圈,從化 內圈,,,,,,助手,,倒快兩圈,H,內圈 倒快兩圈 (助手)
G392,14/08/2022,游水,從化,,從化,,,,,,,,游水,,
G392,14/08/2022,踱步,從化,內圈,從化 內圈,,,,,,助手,,快踱兩圈,H,內圈 快踱兩圈 (助手)
G392,13/08/2022,游水,從化,,從化,,,,,,,,游水,,
G392,13/08/2022,快操,從化,草地,從化 草地,,55.7,55.7,29.6 26.1,,助手,,快操,H,29.6 26.1 (55.7) (助手)
G392,13/08/2022,踱步,從化,飛機場,從化 飛機場,,,,,,助手,,踱步,H,飛機場 踱步 (助手)
G392,12/08/2022,游水,從化,,從化,,,,,,,,游水,,
G392,12/08/2022,踱步,從化,內圈,從化 內圈,,,,,,助手,,快踱兩圈,H,內圈 快踱兩圈 (助手)
G392,11/08/2022,游水,從化,,從化,,,,,,,,游水,,
G392,11/08/2022,踱步,從化,內圈,從化 內圈,,,,,,助手,,倒快兩圈,H,內圈 倒快兩圈 (助手)
G392,10/08/2022,游水,從化,,從化,,,,,,,,游水,,
G392,10/08/2022,踱步,從化,內圈,從化 內圈,,,,,,助手,,快踱兩圈,H,內圈 快踱兩圈 (助手)
G392,09/08/2022,游水,從化,,從化,,,,,,,,游水,,
G392,09/08/2022,快操,從化,草地,從化 草地,,59.5,59.5,32.5 27.0,,助手,,快操,H,32.5 27.0 (59.5) (助手)
G392,09/08/2022,踱步,從化,飛機場,從化 飛機場,,,,,,助手,,踱步,H,飛機場 踱步 (助手)
G392,08/08/2022,游水,從化,,從化,,,,,,,,游水,,
G392,08/08/2022,踱步,從化,內圈,從化 內圈,,,,,,助手,,倒快兩圈,H,內圈 倒快兩圈 (助手)
G392,07/08/2022,游水,從化,,從化,,,,,,,,游水,,
G392,07/08/2022,踱步,從化,內圈,從化 內圈,,,,,,助手,,快踱兩圈,H,內圈 快踱兩圈 (助手)
G392,06/08/2022,游水,從化,,從化,,,,,,,,游水,,
G392,06/08/2022,踱步,從化,內圈,從化 內圈,,,,,,助手,,快踱兩圈,H,內圈 快踱兩圈 (助手)
G392,05/08/2022,游水,從化,,從化,,,,,,,,游水,,
G392,05/08/2022,踱步,從化,內圈,從化 內圈,,,,,,助手,,快踱兩圈,H,內圈 快踱兩圈 (助手)
G392,04/08/2022,踱步,從化,內圈,從化 內圈,,,,,,助手,,倒快兩圈,H,內圈 倒快兩圈 (助手)
G392,03/08/2022,踱步,從化,內圈,從化 內圈,,,,,,助手,,快踱兩圈,H,內圈 快踱兩圈 (助手)
G392,02/08/2022,踱步,從化,內圈,從化 內圈,,,,,,助手,,快踱兩圈,H,內圈 快踱兩圈 (助手)
G392,01/08/2022,踱步,從化,內圈,從化 內圈,,,,,,助手,,倒快兩圈,H,內圈 倒快兩圈 (助手)
G392,31/07/2022,踱步,從化,內圈,從化 內圈,,,,,,助手,,快踱兩圈,H,內圈 快踱兩圈 (助手)
G392,30/07/2022,踱步,從化,內圈,從化 內圈,,,,,,助手,,快踱兩圈,H,內圈 快踱兩圈 (助手)
G392,29/07/2022,踱步,從化,內圈,從化 內圈,,,,,,助手,,快踱兩圈,H,內圈 快踱兩圈 (助手)
G392,28/07/2022,踱步,從化,內圈,從化 內圈,,,,,,助手,,倒快兩圈,H,內圈 倒快兩圈 (助手)
G392,27/07/2022,踱步,從化,內圈,從化 內圈,,,,,,助手,,快踱兩圈,H,內圈 快踱兩圈 (助手)
G392,26/07/2022,踱步,從化,內圈,從化 內圈,,,,,,助手,,快踱一圈,H,內圈 快踱一圈 (助手)
G392,25/07/2022,踱步,從化,內圈,從化 內圈,,,,,,助手,,倒快一圈,H,內圈 倒快一圈 (助手)
G392,24/07/2022,踱步,從化,飛機場,從化 飛機場,,,,,,助手,,踱步,,飛機場 踱步 (助手)
G392,23/07/2022,踱步,從化,飛機場,從化 飛機場,,,,,,助手,,踱步,,飛機場 踱步 (助手)
G392,22/07/2022,踱步,從化,飛機場,從化 飛機場,,,,,,助手,,踱步,,飛機場 踱步 (助手)
G392,21/07/2022,踱步,從化,飛機場,從化 飛機場,,,,,,助手,,踱步,,飛機場 踱步 (助手)
G392,20/07/2022,踱步,從化,飛機場,從化 飛機場,,,,,,助手,,踱步,,飛機場 踱步 (助手)
G392,19/07/2022,踱步,從化,飛機場,從化 飛機場,,,,,,助手,,踱步,,飛機場 踱步 (助手)
G392,18/07/2022,踱步,從化,飛機場,從化 飛機場,,,,,,助手,,踱步,,飛機場 踱步 (助手)
G392,17/07/2022,踱步,從化,飛機場,從化 飛機場,,,,,,助手,,踱步,,飛機場 踱步 (助手)
G392,16/07/2022,踱步,從化,飛機場,從化 飛機場,,,,,,助手,,踱步,,飛機場 踱步 (助手)
G392,15/07/2022,踱步,從化,飛機場,從化 飛機場,,,,,,助手,,踱步,,飛機場 踱步 (助手)
G392,13/07/2022,游水,從化,,從化,,,,,,,,游水,,
G392,10/07/2022,游水,從化,,從化,,,,,,,,游水,,
G392,09/07/2022,游水,從化,,從化,,,,,,,,游水,,
G392,08/07/2022,游水,從化,,從化,,,,,,,,游水,,
G392,07/07/2022,踱步,從化,內圈,從化 內圈,,,,,,助手,,倒快兩圈,H,內圈 倒快兩圈 (助手)
G392,06/07/2022,游水,從化,,從化,,,,,,,,游水,,
G392,06/07/2022,踱步,從化,內圈,從化 內圈,,,,,,助手,,快踱一圈,H,內圈 快踱一圈 (助手)
G392,05/07/2022,踱步,沙田,內圈,沙田 內圈,,,,,,助手,,快踱兩圈,H,內圈 快踱兩圈 (助手)
G392,04/07/2022,游水,沙田,,沙田,,,,,,,,游水,,
G392,04/07/2022,踱步,沙田,內圈,沙田 內圈,,,,,,助手,,倒快兩圈,H,內圈 倒快兩圈 (助手)
G392,03/07/2022,踱步,沙田,內圈,沙田 內圈,,,,,,助手,,快踱一圈,H,內圈 快踱一圈 (助手)
G392,01/07/2022,踱步,沙田,內圈,沙田 內圈,,,,,,助手,,快踱兩圈,H,內圈 快踱兩圈 (助手)
G392,30/06/2022,踱步,沙田,內圈,沙田 內圈,,,,,,助手,,倒快兩圈,H,內圈 倒快兩圈 (助手)
G392,29/06/2022,踱步,沙田,內圈,沙田 內圈,,,,,,助手,,快踱兩圈,H,內圈 快踱兩圈 (助手)
G392,28/06/2022,快操,沙田,全天候,沙田 全天候,,1.23.9,83.9,33.1 26.8 24.0,,助手,,快操,H,33.1 26.8 24.0 (1.23.9) (助手)
G392,27/06/2022,踱步,沙田,內圈,沙田 內圈,,,,,,助手,,倒快兩圈,H,內圈 倒快兩圈 (助手)
G392,26/06/2022,踱步,沙田,內圈,沙田 內圈,,,,,,助手,,快踱兩圈,H,內圈 快踱兩圈 (助手)
G392,25/06/2022,踱步,沙田,內圈,沙田 內圈,,,,,,助手,,快踱兩圈,H,內圈 快踱兩圈 (助手)
G392,24/06/2022,踱步,沙田,內圈,沙田 內圈,,,,,,助手,,快踱兩圈,H,內圈 快踱兩圈 (助手)
G392,23/06/2022,游水,沙田,,沙田,,,,,,,,游水,,
G392,23/06/2022,踱步,沙田,內圈,沙田 內圈,,,,,,陳嘉熙,,倒快兩圈,H,內圈 倒快兩圈 (陳嘉熙)
G392,22/06/2022,快操,沙田,全天候,沙田 全天候,,1.21.9,81.9,31.2 26.8 23.9,,陳嘉熙,,快操,H,31.2 26.8 23.9 (1.21.9) (陳嘉熙)
G392,22/06/2022,踱步,沙田,飛機場,沙田 飛機場,,,,,,陳嘉熙,,踱步,H,飛機場 踱步 (陳嘉熙)
G392,21/06/2022,游水,沙田,,沙田,,,,,,,,游水,,
G392,21/06/2022,踱步,沙田,內圈,沙田 內圈,,,,,,助手,,快踱一圈,H,內圈 快踱一圈 (助手)
G392,20/06/2022,游水,沙田,,沙田,,,,,,,,游水,,
G392,20/06/2022,踱步,沙田,內圈,沙田 內圈,,,,,,助手,,倒快兩圈,H,內圈 倒快兩圈 (助手)
G392,19/06/2022,游水,沙田,,沙田,,,,,,,,游水,,
G392,19/06/2022,踱步,沙田,內圈,沙田 內圈,,,,,,助手,,快踱兩圈,H,內圈 快踱兩圈 (助手)
G392,18/06/2022,游水,沙田,,沙田,,,,,,,,游水,,
G392,18/06/2022,踱步,沙田,內圈,沙田 內圈,,,,,,助手,,快踱兩圈,H,內圈 快踱兩圈 (助手)
G392,17/06/2022,游水,沙田,,沙田,,,,,,,,游水,,
G392,17/06/2022,踱步,沙田,內圈,沙田 內圈,,,,,,助手,,快踱兩圈,H,內圈 快踱兩圈 (助手)
G392,16/06/2022,游水,沙田,,沙田,,,,,,,,游水,,
G392,16/06/2022,踱步,沙田,內圈,沙田 內圈,,,,,,助手,,倒快兩圈,H,內圈 倒快兩圈 (助手)
G392,15/06/2022,游水,沙田,,沙田,,,,,,,,游水,,
G392,15/06/2022,踱步,沙田,內圈,沙田 內圈,,,,,,助手,,快踱兩圈,H,內圈 快踱兩圈 (助手)
G392,14/06/2022,游水,沙田,,沙田,,,,,,,,游水,,
G392,14/06/2022,踱步,沙田,內圈,沙田 內圈,,,,,,助手,,快踱兩圈,H,內圈 快踱兩圈 (助手)
G392,13/06/2022,快操,沙田,全天候,沙田 全天候,,1.19.7,79.7,29.5 26.1 24.1,,助手,,快操,H,29.5 26.1 24.1 (1.19.7) (助手)
G392,12/06/2022,游水,沙田,,沙田,,,,,,,,游水,,
G392,12/06/2022,踱步,沙田,內圈,沙田 內圈,,,,,,助手,,快踱兩圈,H,內圈 快踱兩圈 (助手)
G392,11/06/2022,游水,沙田,,沙田,,,,,,,,游水,,
G392,11/06/2022,踱步,沙田,內圈,沙田 內圈,,,,,,助手,,快踱兩圈,H,內圈 快踱兩圈 (助手)
G392,10/06/2022,游水,沙田,,沙田,,,,,,,,游水,,
G392,10/06/2022,踱步,沙田,內圈,沙田 內圈,,,,,,助手,,快踱兩圈,H,內圈 快踱兩圈 (助手)
G392,09/06/2022,游水,沙田,,沙田,,,,,,,,游水,,
G392,09/06/2022,踱步,沙田,內圈,沙田 內圈,,,,,,助手,,倒快兩圈,H,內圈 倒快兩圈 (助手)
G392,08/06/2022,踱步,沙田,內圈,沙田 內圈,,,,,,助手,,快踱兩圈,H,內圈 快踱兩圈 (助手)
G392,07/06/2022,游水,沙田,,沙田,,,,,,,,游水,,
G392,07/06/2022,踱步,沙田,內圈,沙田 內圈,,,,,,助手,,快踱一圈,H,內圈 快踱一圈 (助手)
G392,06/06/2022,踱步,沙田,內圈,沙田 內圈,,,,,,陳嘉熙,,倒快兩圈,H,內圈 倒快兩圈 (陳嘉熙)
G392,05/06/2022,游水,沙田,,沙田,,,,,,,,游水,,
G392,05/06/2022,踱步,沙田,內圈,沙田 內圈,,,,,,助手,,快踱兩圈,H,內圈 快踱兩圈 (助手)
G392,04/06/2022,游水,沙田,,沙田,,,,,,,,游水,,
G392,04/06/2022,踱步,沙田,內圈,沙田 內圈,,,,,,助手,,快踱兩圈,H,內圈 快踱兩圈 (助手)
G392,03/06/2022,游水,沙田,,沙田,,,,,,,,游水,,
G392,03/06/2022,踱步,沙田,內圈,沙田 內圈,,,,,,陳嘉熙,,快踱兩圈,H,內圈 快踱兩圈 (陳嘉熙)
G392,02/06/2022,游水,沙田,,沙田,,,,,,,,游水,,
G392,02/06/2022,踱步,沙田,內圈,沙田 內圈,,,,,,助手,,倒快兩圈,H,內圈 倒快兩圈 (助手)
G392,01/06/2022,游水,沙田,,沙田,,,,,,,,游水,,
G392,01/06/2022,踱步,沙田,內圈,沙田 內圈,,,,,,助手,,快踱兩圈,H,內圈 快踱兩圈 (助手)
G392,31/05/2022,游水,沙田,,沙田,,,,,,,,游水,,
G392,31/05/2022,踱步,沙田,內圈,沙田 內圈,,,,,,助手,,快踱兩圈,H,內圈 快踱兩圈 (助手)
G392,30/05/2022,快操,沙田,草閘,沙田 草閘,,44.8,44.8,22.7 22.1,,莫雷拉,,"川河冠駒, 紫雲冰",H,"22.7 22.1 (44.8) (莫雷拉) 川河冠駒, 紫雲冰"
G392,29/05/2022,游水,沙田,,沙田,,,,,,,,游水,,
G392,29/05/2022,踱步,沙田,內圈,沙田 內圈,,,,,,助手,,快踱一圈,H,內圈 快踱一圈 (助手)
G392,28/05/2022,游水,沙田,,沙田,,,,,,,,游水,,
G392,28/05/2022,踱步,沙田,內圈,沙田 內圈,,,,,,助手,,快踱兩圈,H,內圈 快踱兩圈 (助手)
G392,27/05/2022,踱步,沙田,內圈,沙田 內圈,,,,,,助手,,快踱兩圈,H,內圈 快踱兩圈 (助手)
G392,26/05/2022,踱步,沙田,內圈,沙田 內圈,,,,,,助手,,倒快兩圈,H,內圈 倒快兩圈 (助手)
G392,25/05/2022,踱步,沙田,飛機場,沙田 飛機場,,,,,,助手,,踱步,H,飛機場 踱步 (助手)
G392,23/05/2022,快操,沙田,草地,沙田 草地,,50.0,50.0,25.8 24.2,,陳嘉熙,,快操,H,25.8 24.2 (50.0) (陳嘉熙)
G392,22/05/2022,游水,沙田,,沙田,,,,,,,,游水,,
G392,21/05/2022,游水,沙田,,沙田,,,,,,,,游水,,
G392,21/05/2022,踱步,沙田,內圈,沙田 內圈,,,,,,助手,,快踱兩圈,H,內圈 快踱兩圈 (助手)
G392,20/05/2022,游水,沙田,,沙田,,,,,,,,游水,,
G392,20/05/2022,踱步,沙田,內圈,沙田 內圈,,,,,,助手,,快踱兩圈,H,內圈 快踱兩圈 (助手)
G392,19/05/2022,游水,沙田,,沙田,,,,,,,,游水,,
G392,19/05/2022,踱步,沙田,內圈,沙田 內圈,,,,,,助手,,倒快兩圈,H,內圈 倒快兩圈 (助手)
G392,18/05/2022,快操,沙田,全天候,沙田 全天候,,52.6,52.6,28.1 24.5,,陳嘉熙,,大醇威,H,28.1 24.5 (52.6) (陳嘉熙) 大醇威
G392,18/05/2022,踱步,沙田,飛機場,沙田 飛機場,,,,,,陳嘉熙,,踱步,H,飛機場 踱步 (陳嘉熙)
G392,17/05/2022,游水,沙田,,沙田,,,,,,,,游水,,
G392,17/05/2022,踱步,沙田,內圈,沙田 內圈,,,,,,陳嘉熙,,快踱兩圈,H,內圈 快踱兩圈 (陳嘉熙)
G392,16/05/2022,游水,沙田,,沙田,,,,,,,,游水,,
G392,16/05/2022,踱步,沙田,內圈,沙田 內圈,,,,,,陳嘉熙,,倒快兩圈,H,內圈 倒快兩圈 (陳嘉熙)
G392,15/05/2022,游水,沙田,,沙田,,,,,,,,游水,,
G392,15/05/2022,踱步,沙田,內圈,沙田 內圈,,,,,,助手,,快踱兩圈,H,內圈 快踱兩圈 (助手)
G392,14/05/2022,快操,沙田,全天候,沙田 全天候,,1.28.2,88.2,30.7 29.7 27.8,,助手,,快操,H,30.7 29.7 27.8 (1.28.2) (助手)
G392,14/05/2022,踱步,沙田,飛機場,沙田 飛機場,,,,,,助手,,踱步,H,飛機場 踱步 (助手)
G392,13/05/2022,游水,沙田,,沙田,,,,,,,,游水,,
G392,13/05/2022,踱步,沙田,外圈,沙田 外圈,,,,,,助手,,快踱一圈,H,外圈 快踱一圈 (助手)
G392,12/05/2022,游水,沙田,,沙田,,,,,,,,游水,,
G392,12/05/2022,踱步,沙田,內圈,沙田 內圈,,,,,,助手,,倒快兩圈,H,內圈 倒快兩圈 (助手)
G392,11/05/2022,游水,沙田,,沙田,,,,,,,,游水,,
G392,11/05/2022,踱步,沙田,內圈,沙田 內圈,,,,,,助手,,快踱兩圈,H,內圈 快踱兩圈 (助手)
G392,10/05/2022,游水,沙田,,沙田,,,,,,,,游水,,
G392,10/05/2022,踱步,沙田,內圈,沙田 內圈,,,,,,助手,,快踱兩圈,H,內圈 快踱兩圈 (助手)
G392,09/05/2022,游水,沙田,,沙田,,,,,,,,游水,,
G392,09/05/2022,踱步,沙田,內圈,沙田 內圈,,,,,,助手,,倒快兩圈,H,內圈 倒快兩圈 (助手)
G392,08/05/2022,游水,沙田,,沙田,,,,,,,,游水,,
G392,08/05/2022,踱步,沙田,內圈,沙田 內圈,,,,,,助手,,快踱兩圈,H,內圈 快踱兩圈 (助手)
G392,07/05/2022,游水,沙田,,沙田,,,,,,,,游水,,
G392,07/05/2022,踱步,沙田,內圈,沙田 內圈,,,,,,助手,,快踱兩圈,H,內圈 快踱兩圈 (助手)
G392,06/05/2022,快操,沙田,全天候,沙田 全天候,,53.1,53.1,27.3 25.8,,陳嘉熙,,快操,H,27.3 25.8 (53.1) (陳嘉熙)
G392,05/05/2022,游水,沙田,,沙田,,,,,,,,游水,,
G392,05/05/2022,踱步,沙田,內圈,沙田 內圈,,,,,,助手,,倒快兩圈,H,內圈 倒快兩圈 (助手)
G392,04/05/2022,游水,沙田,,沙田,,,,,,,,游水,,
G392,03/05/2022,游水,沙田,,沙田,,,,,,,,游水,,
G392,03/05/2022,踱步,沙田,內圈,沙田 內圈,,,,,,助手,,快踱兩圈,H,內圈 快踱兩圈 (助手)
G392,02/05/2022,游水,沙田,,沙田,,,,,,,,游水,,
G392,02/05/2022,踱步,沙田,內圈,沙田 內圈,,,,,,助手,,倒快兩圈,H,內圈 倒快兩圈 (助手)
G392,01/05/2022,游水,沙田,,沙田,,,,,,,,游水,,
G392,01/05/2022,踱步,沙田,內圈,沙田 內圈,,,,,,助手,,快踱一圈,H,內圈 快踱一圈 (助手)
G392,30/04/2022,快操,沙田,全天候,沙田 全天候,,58.7,58.7,30.3 28.4,,助手,,快操,,30.3 28.4 (58.7) (助手)
G392,30/04/2022,踱步,沙田,飛機場,沙田 飛機場,,,,,,助手,,踱步,H,飛機場 踱步 (助手)
G392,29/04/2022,游水,沙田,,沙田,,,,,,,,游水,,
G392,29/04/2022,踱步,沙田,內圈,沙田 內圈,,,,,,陳嘉熙,,快踱兩圈,H,內圈 快踱兩圈 (陳嘉熙)
G392,28/04/2022,游水,沙田,,沙田,,,,,,,,游水,,
G392,28/04/2022,踱步,沙田,內圈,沙田 內圈,,,,,,助手,,倒快一圈,H,內圈 倒快一圈 (助手)
G392,27/04/2022,游水,沙田,,沙田,,,,,,,,游水,,
G392,27/04/2022,踱步,沙田,內圈,沙田 內圈,,,,,,助手,,快踱兩圈,H,內圈 快踱兩圈 (助手)
G392,26/04/2022,游水,沙田,,沙田,,,,,,,,游水,,
G392,26/04/2022,踱步,沙田,內圈,沙田 內圈,,,,,,助手,,快踱兩圈,H,內圈 快踱兩圈 (助手)
G392,25/04/2022,踱步,沙田,內圈,沙田 內圈,,,,,,助手,,倒快一圈,H,內圈 倒快一圈 (助手)
G392,23/04/2022,快操,沙田,全天候,沙田 全天候,,56.6,56.6,30.4 26.2,,助手,,齊心兄弟,H,30.4 26.2 (56.6) (助手) 齊心兄弟
G392,22/04/2022,游水,沙田,,沙田,,,,,,,,游水,,
G392,22/04/2022,踱步,沙田,內圈,沙田 內圈,,,,,,助手,,快踱兩圈,H,內圈 快踱兩圈 (助手)
G392,21/04/2022,游水,沙田,,沙田,,,,,,,,游水,,
G392,21/04/2022,踱步,沙田,內圈,沙田 內圈,,,,,,助手,,倒快兩圈,H,內圈 倒快兩圈 (助手)
G392,20/04/2022,游水,沙田,,沙田,,,,,,,,游水,,
G392,20/04/2022,踱步,沙田,內圈,沙田 內圈,,,,,,助手,,快踱一圈,H,內圈 快踱一圈 (助手)
G392,19/04/2022,游水,沙田,,沙田,,,,,,,,游水,,
G392,19/04/2022,踱步,沙田,內圈,沙田 內圈,,,,,,助手,,快踱兩圈,H,內圈 快踱兩圈 (助手)
G392,18/04/2022,游水,沙田,,沙田,,,,,,,,游水,,
G392,18/04/2022,踱步,沙田,內圈,沙田 內圈,,,,,,助手,,倒快兩圈,H,內圈 倒快兩圈 (助手)
G392,17/04/2022,游水,沙田,,沙田,,,,,,,,游水,,
G392,17/04/2022,踱步,沙田,內圈,沙田 內圈,,,,,,助手,,快踱兩圈,H,內圈 快踱兩圈 (助手)
G392,16/04/2022,踱步,沙田,內圈,沙田 內圈,,,,,,助手,,快踱兩圈,H,內圈 快踱兩圈 (助手)
G392,15/04/2022,踱步,沙田,內圈,沙田 內圈,,,,,,助手,,快踱兩圈,H,內圈 快踱兩圈 (助手)
G392,14/04/2022,踱步,沙田,內圈,沙田 內圈,,,,,,助手,,倒快兩圈,H,內圈 倒快兩圈 (助手)
G392,13/04/2022,踱步,沙田,飛機場,沙田 飛機場,,,,,,助手,,踱步,H,飛機場 踱步 (助手)
G392,12/04/2022,踱步,沙田,內圈,沙田 內圈,,,,,,助手,,快踱一圈,H,內圈 快踱一圈 (助手)
G392,11/04/2022,踱步,沙田,飛機場,沙田 飛機場,,,,,,助手,,踱步,H,飛機場 踱步 (助手)
G392,10/04/2022,踱步,沙田,飛機場,沙田 飛機場,,,,,,助手,,踱步,H,飛機場 踱步 (助手)
G392,09/04/2022,踱步,沙田,飛機場,沙田 飛機場,,,,,,助手,,踱步,H,飛機場 踱步 (助手)
