horse_no,date,work_type,racecourse,track,venue,distance,time,time_sec,splits,partner,rider,placing,comment,gear,workout_details
H303,05/09/2026,踱步,沙田,內圈,沙田 內圈,,,,,,助手,,快踱一圈,H,內圈 快踱一圈 (助手)
H303,04/09/2026,游水,沙田,,沙田,,,,,,,,游水,,
H303,04/09/2026,踱步,沙田,內圈,沙田 內圈,,,,,,助手,,快踱一圈,H,內圈 快踱一圈 (助手)
H303,03/09/2026,游水,從化,,從化,,,,,,,,游水,,
H303,03/09/2026,踱步,從化,內圈,從化 內圈,,,,,,助手,,倒快兩圈,H,內圈 倒快兩圈 (助手)
H303,02/09/2026,游水,從化,,從化,,,,,,,,游水,,
H303,01/09/2026,游水,從化,,從化,,,,,,,,游水,,
H303,01/09/2026,快操,從化,草地,從化 草地,,57.1,57.1,33.6 23.5,,助手,,快操,H,33.6 23.5 (57.1) (助手)
H303,01/09/2026,踱步,從化,飛機場,從化 飛機場,,,,,,助手,,踱步,H,飛機場 踱步 (助手)
H303,31/08/2026,游水,從化,,從化,,,,,,,,游水,,
H303,31/08/2026,踱步,從化,內圈,從化 內圈,,,,,,助手,,倒快兩圈,H,內圈 倒快兩圈 (助手)
H303,30/08/2026,馬匹水中步行機,從化,,從化,,,,,,,,馬匹水中步行機,,
H303,30/08/2026,游水,從化,,從化,,,,,,,,游水,,
H303,29/08/2026,游水,從化,,從化,,,,,,,,游水,,
H303,29/08/2026,快操,從化,草地,從化 草地,,29.5,29.5,29.5,,助手,,快操,H,29.5 (29.5) (助手)
H303,29/08/2026,踱步,從化,飛機場,從化 飛機場,,,,,,助手,,踱步,H,飛機場 踱步 (助手)
H303,28/08/2026,游水,從化,,從化,,,,,,,,游水,,
H303,28/08/2026,踱步,從化,內圈,從化 內圈,,,,,,助手,,快踱一圈,H,內圈 快踱一圈 (助手)
H303,27/08/2026,游水,從化,,從化,,,,,,,,游水,,
H303,27/08/2026,踱步,從化,內圈,從化 內圈,,,,,,助手,,倒快兩圈,H,內圈 倒快兩圈 (助手)
H303,26/08/2026,游水,從化,,從化,,,,,,,,游水,,
H303,26/08/2026,踱步,從化,內圈,從化 內圈,,,,,,助手,,快踱一圈,H,內圈 快踱一圈 (助手)
H303,25/08/2026,馬匹水中步行機,從化,,從化,,,,,,,,馬匹水中步行機,,
H303,25/08/2026,游水,從化,,從化,,,,,,,,游水,,
H303,24/08/2026,試閘,從化,草地,從化 草地,800M,0.46.44,46.44,24.3 22.1,好友心得,班德禮,,第5組,,第5組 (班德禮) 800M 好友心得 24.3 22.1 (0.46.44)
H303,24/08/2026,踱步,從化,飛機場,從化 飛機場,,,,,,助手,,踱步,H,飛機場 踱步 (助手)
H303,23/08/2026,游水,從化,,從化,,,,,,,,游水,,
H303,23/08/2026,踱步,從化,內圈,從化 內圈,,,,,,助手,,快踱一圈,H,內圈 快踱一圈 (助手)
H303,22/08/2026,馬匹水中步行機,從化,,從化,,,,,,,,馬匹水中步行機,,
H303,22/08/2026,游水,從化,,從化,,,,,,,,游水,,
H303,21/08/2026,游水,從化,,從化,,,,,,,,游水,,
H303,21/08/2026,快操,從化,全天候,從化 全天候,,24.5,24.5,24.5,,助手,,快操,,24.5 (24.5) (助手)
H303,21/08/2026,踱步,從化,飛機場,從化 飛機場,,,,,,助手,,踱步,,飛機場 踱步 (助手)
H303,20/08/2026,游水,從化,,從化,,,,,,,,游水,,
H303,20/08/2026,踱步,從化,內圈,從化 內圈,,,,,,助手,,倒快兩圈,H,內圈 倒快兩圈 (助手)
H303,19/08/2026,游水,從化,,從化,,,,,,,,游水,,
H303,19/08/2026,踱步,從化,內圈,從化 內圈,,,,,,助手,,快踱一圈,H,內圈 快踱一圈 (助手)
H303,18/08/2026,馬匹水中步行機,從化,,從化,,,,,,,,馬匹水中步行機,,
H303,18/08/2026,游水,從化,,從化,,,,,,,,游水,,
H303,17/08/2026,游水,從化,,從化,,,,,,,,游水,,
H303,17/08/2026,快操,從化,全天候,從化 全天候,,22.9,22.9,22.9,,助手,,快操,,22.9 (22.9) (助手)
H303,17/08/2026,踱步,從化,飛機場,從化 飛機場,,,,,,助手,,踱步,,飛機場 踱步 (助手)
H303,16/08/2026,馬匹水中步行機,從化,,從化,,,,,,,,馬匹水中步行機,,
H303,16/08/2026,游水,從化,,從化,,,,,,,,游水,,
H303,15/08/2026,游水,從化,,從化,,,,,,,,游水,,
H303,15/08/2026,踱步,從化,內圈,從化 內圈,,,,,,助手,,快踱一圈,H,內圈 快踱一圈 (助手)
H303,14/08/2026,游水,從化,,從化,,,,,,,,游水,,
H303,14/08/2026,踱步,從化,內圈,從化 內圈,,,,,,助手,,快踱一圈,H,內圈 快踱一圈 (助手)
H303,13/08/2026,游水,從化,,從化,,,,,,,,游水,,
H303,13/08/2026,快操,從化,草地,從化 草地,,28.0,28.0,28.0,,助手,,快操,H,28.0 (28.0) (助手)
H303,13/08/2026,踱步,從化,飛機場,從化 飛機場,,,,,,助手,,踱步,H,飛機場 踱步 (助手)
H303,12/08/2026,游水,從化,,從化,,,,,,,,游水,,
H303,12/08/2026,踱步,從化,內圈,從化 內圈,,,,,,助手,,快踱一圈,H,內圈 快踱一圈 (助手)
H303,11/08/2026,馬匹水中步行機,從化,,從化,,,,,,,,馬匹水中步行機,,
H303,11/08/2026,游水,從化,,從化,,,,,,,,游水,,
H303,10/08/2026,游水,從化,,從化,,,,,,,,游水,,
H303,10/08/2026,快操,從化,全天候,從化 全天候,,30.2,30.2,30.2,,助手,,快操,H,30.2 (30.2) (助手)
H303,10/08/2026,踱步,從化,飛機場,從化 飛機場,,,,,,助手,,踱步,H,飛機場 踱步 (助手)
H303,09/08/2026,馬匹水中步行機,從化,,從化,,,,,,,,馬匹水中步行機,,
H303,09/08/2026,游水,從化,,從化,,,,,,,,游水,,
H303,08/08/2026,游水,從化,,從化,,,,,,,,游水,,
H303,08/08/2026,踱步,從化,內圈,從化 內圈,,,,,,助手,,快踱一圈,H,內圈 快踱一圈 (助手)
H303,07/08/2026,游水,從化,,從化,,,,,,,,游水,,
H303,07/08/2026,快操,從化,全天候,從化 全天候,,30.8,30.8,30.8,,助手,,快操,H,30.8 (30.8) (助手)
H303,07/08/2026,踱步,從化,飛機場,從化 飛機場,,,,,,助手,,踱步,H,飛機場 踱步 (助手)
H303,06/08/2026,游水,從化,,從化,,,,,,,,游水,,
H303,06/08/2026,踱步,從化,內圈,從化 內圈,,,,,,助手,,倒快兩圈,H,內圈 倒快兩圈 (助手)
H303,05/08/2026,游水,從化,,從化,,,,,,,,游水,,
H303,05/08/2026,踱步,從化,內圈,從化 內圈,,,,,,助手,,快踱一圈,H,內圈 快踱一圈 (助手)
H303,04/08/2026,游水,從化,,從化,,,,,,,,游水,,
H303,04/08/2026,踱步,從化,內圈,從化 內圈,,,,,,助手,,快踱一圈,H,內圈 快踱一圈 (助手)
H303,03/08/2026,踱步,從化,內圈,從化 內圈,,,,,,助手,,倒快一圈,H,內圈 倒快一圈 (助手)
H303,02/08/2026,踱步,從化,飛機場,從化 飛機場,,,,,,助手,,踱步,H,飛機場 踱步 (助手)
H303,01/08/2026,踱步,從化,飛機場,從化 飛機場,,,,,,助手,,踱步,H,飛機場 踱步 (助手)
H303,30/07/2026,踱步,從化,飛機場,從化 飛機場,,,,,,助手,,踱步,H,飛機場 踱步 (助手)
H303,24/07/2026,踱步,從化,飛機場,從化 飛機場,,,,,,助手,,踱步,H,飛機場 踱步 (助手)
H303,23/07/2026,踱步,從化,飛機場,從化 飛機場,,,,,,助手,,踱步,H,飛機場 踱步 (助手)
H303,27/06/2026,馬匹水中步行機,從化,,從化,,,,,,,,馬匹水中步行機,,
H303,27/06/2026,游水,從化,,從化,,,,,,,,游水,,
H303,25/06/2026,游水,沙田,,沙田,,,,,,,,游水,,
H303,24/06/2026,游水,沙田,,沙田,,,,,,,,游水,,
H303,23/06/2026,游水,沙田,,沙田,,,,,,,,游水,,
H303,21/06/2026,出賽,沙田,草地,沙田 草地,1400M,,,,,何澤堯,7/10,出賽,B/TT,1400M (何澤堯) (7/10)
H303,21/06/2026,踱步,沙田,彭福公園,沙田 彭福公園,,,,,,助手,,踱步,H,彭福公園 踱步 (助手)
H303,20/06/2026,馬匹跑步機,沙田,,沙田,,,,,,上斜,,馬匹跑步機 - 慢跑,,馬匹跑步機 - 慢跑 （上斜）
H303,20/06/2026,游水,沙田,,沙田,,,,,,,,游水,,
H303,19/06/2026,游水,沙田,,沙田,,,,,,,,游水,,
H303,19/06/2026,快操,沙田,全天候,沙田 全天候,,27.8,27.8,27.8,,助手,,快操,H,27.8 (27.8) (助手)
H303,19/06/2026,踱步,沙田,飛機場,沙田 飛機場,,,,,,助手,,踱步,H,飛機場 踱步 (助手)
H303,18/06/2026,游水,沙田,,沙田,,,,,,,,游水,,
H303,18/06/2026,踱步,沙田,內圈,沙田 內圈,,,,,,助手,,倒快兩圈,H,內圈 倒快兩圈 (助手)
H303,17/06/2026,游水,沙田,,沙田,,,,,,,,游水,,
H303,16/06/2026,游水,沙田,,沙田,,,,,,,,游水,,
H303,16/06/2026,快操,沙田,全天候,沙田 全天候,,55.8,55.8,30.0 25.8,,助手,,快操,H,30.0 25.8 (55.8) (助手)
H303,16/06/2026,踱步,沙田,飛機場,沙田 飛機場,,,,,,助手,,踱步,H,飛機場 踱步 (助手)
H303,15/06/2026,游水,沙田,,沙田,,,,,,,,游水,,
H303,15/06/2026,踱步,沙田,內圈,沙田 內圈,,,,,,助手,,倒快兩圈,H,內圈 倒快兩圈 (助手)
H303,14/06/2026,游水,沙田,,沙田,,,,,,,,游水,,
H303,13/06/2026,游水,沙田,,沙田,,,,,,,,游水,,
H303,12/06/2026,游水,沙田,,沙田,,,,,,,,游水,,
H303,12/06/2026,快操,沙田,全天候,沙田 全天候,,58.8,58.8,34.0 24.8,,班德禮,,快操,H,34.0 24.8 (58.8) (班德禮)
H303,12/06/2026,踱步,沙田,飛機場,沙田 飛機場,,,,,,班德禮,,踱步,H,飛機場 踱步 (班德禮)
H303,11/06/2026,馬匹跑步機,沙田,,沙田,,,,,,上斜,,馬匹跑步機 - 慢跑,,馬匹跑步機 - 慢跑 （上斜）
H303,11/06/2026,游水,沙田,,沙田,,,,,,,,游水,,
H303,10/06/2026,馬匹跑步機,沙田,,沙田,,,,,,上斜,,馬匹跑步機 - 慢跑,,馬匹跑步機 - 慢跑 （上斜）
H303,10/06/2026,游水,沙田,,沙田,,,,,,,,游水,,
H303,09/06/2026,游水,沙田,,沙田,,,,,,,,游水,,
H303,09/06/2026,快操,沙田,全天候,沙田 全天候,,57.7,57.7,29.3 28.4,,助手,,快操,H,29.3 28.4 (57.7) (助手)
H303,09/06/2026,踱步,沙田,飛機場,沙田 飛機場,,,,,,助手,,踱步,H,飛機場 踱步 (助手)
H303,08/06/2026,游水,沙田,,沙田,,,,,,,,游水,,
H303,08/06/2026,踱步,沙田,內圈,沙田 內圈,,,,,,助手,,倒快兩圈,H,內圈 倒快兩圈 (助手)
H303,07/06/2026,游水,沙田,,沙田,,,,,,,,游水,,
H303,06/06/2026,游水,沙田,,沙田,,,,,,,,游水,,
H303,06/06/2026,快操,沙田,全天候,沙田 全天候,,29.7,29.7,29.7,,助手,,快操,H,29.7 (29.7) (助手)
H303,06/06/2026,踱步,沙田,飛機場,沙田 飛機場,,,,,,助手,,踱步,H,飛機場 踱步 (助手)
H303,05/06/2026,游水,沙田,,沙田,,,,,,,,游水,,
H303,05/06/2026,踱步,沙田,內圈,沙田 內圈,,,,,,助手,,快踱一圈,H,內圈 快踱一圈 (助手)
H303,04/06/2026,馬匹跑步機,沙田,,沙田,,,,,,上斜,,馬匹跑步機 - 慢跑,,馬匹跑步機 - 慢跑 （上斜）
H303,04/06/2026,游水,沙田,,沙田,,,,,,,,游水,,
H303,03/06/2026,馬匹跑步機,沙田,,沙田,,,,,,上斜,,馬匹跑步機 - 慢跑,,馬匹跑步機 - 慢跑 （上斜）
H303,03/06/2026,游水,沙田,,沙田,,,,,,,,游水,,
H303,02/06/2026,游水,沙田,,沙田,,,,,,,,游水,,
H303,31/05/2026,出賽,沙田,草地,沙田 草地,1200M,,,,,班德禮,3/10,出賽,B/TT,1200M (班德禮) (3/10)
H303,31/05/2026,踱步,沙田,彭福公園,沙田 彭福公園,,,,,,助手,,踱步,H,彭福公園 踱步 (助手)
H303,30/05/2026,馬匹跑步機,沙田,,沙田,,,,,,上斜,,馬匹跑步機 - 慢跑,,馬匹跑步機 - 慢跑 （上斜）
H303,30/05/2026,游水,沙田,,沙田,,,,,,,,游水,,
H303,29/05/2026,游水,沙田,,沙田,,,,,,,,游水,,
H303,29/05/2026,踱步,沙田,內圈,沙田 內圈,,,,,,助手,,快踱一圈,H,內圈 快踱一圈 (助手)
H303,28/05/2026,游水,從化,,從化,,,,,,,,游水,,
H303,27/05/2026,游水,從化,,從化,,,,,,,,游水,,
H303,27/05/2026,快操,從化,全天候,從化 全天候,,25.7,25.7,25.7,,助手,,快操,H,25.7 (25.7) (助手)
H303,27/05/2026,踱步,從化,飛機場,從化 飛機場,,,,,,助手,,踱步,H,飛機場 踱步 (助手)
H303,26/05/2026,游水,從化,,從化,,,,,,,,游水,,
H303,26/05/2026,踱步,從化,內圈,從化 內圈,,,,,,助手,,快踱一圈,H,內圈 快踱一圈 (助手)
H303,25/05/2026,游水,從化,,從化,,,,,,,,游水,,
H303,25/05/2026,踱步,從化,內圈,從化 內圈,,,,,,助手,,倒快兩圈,H,內圈 倒快兩圈 (助手)
H303,24/05/2026,游水,從化,,從化,,,,,,,,游水,,
H303,24/05/2026,踱步,從化,內圈,從化 內圈,,,,,,助手,,快踱一圈,H,內圈 快踱一圈 (助手)
H303,23/05/2026,游水,從化,,從化,,,,,,,,游水,,
H303,23/05/2026,踱步,從化,內圈,從化 內圈,,,,,,助手,,快踱一圈,H,內圈 快踱一圈 (助手)
H303,22/05/2026,游水,從化,,從化,,,,,,,,游水,,
H303,21/05/2026,試閘,從化,全天候,從化 全天候,1200M,1.10.34,70.34,25.7 21.6 23.0,熾烈神駒,哥拉利,,第1組,,第1組 (哥拉利) 1200M 熾烈神駒 25.7 21.6 23.0 (1.10.34)
H303,21/05/2026,游水,從化,,從化,,,,,,,,游水,,
H303,21/05/2026,踱步,從化,飛機場,從化 飛機場,,,,,,助手,,踱步,,飛機場 踱步 (助手)
H303,20/05/2026,游水,從化,,從化,,,,,,,,游水,,
H303,20/05/2026,踱步,從化,內圈,從化 內圈,,,,,,助手,,快踱一圈,H,內圈 快踱一圈 (助手)
H303,19/05/2026,游水,從化,,從化,,,,,,,,游水,,
H303,19/05/2026,快操,從化,草地,從化 草地,,29.5,29.5,29.5,,助手,,快操,H,29.5 (29.5) (助手)
H303,19/05/2026,踱步,從化,飛機場,從化 飛機場,,,,,,助手,,踱步,H,飛機場 踱步 (助手)
H303,18/05/2026,游水,從化,,從化,,,,,,,,游水,,
H303,18/05/2026,踱步,從化,內圈,從化 內圈,,,,,,助手,,倒快兩圈,H,內圈 倒快兩圈 (助手)
H303,17/05/2026,游水,從化,,從化,,,,,,,,游水,,
H303,17/05/2026,踱步,從化,內圈,從化 內圈,,,,,,助手,,快踱一圈,H,內圈 快踱一圈 (助手)
H303,16/05/2026,游水,從化,,從化,,,,,,,,游水,,
H303,16/05/2026,快操,從化,登山跑道,從化 登山跑道,,27.6,27.6,27.6,,助手,,快操,H,27.6 (27.6) (助手)
H303,16/05/2026,踱步,從化,飛機場,從化 飛機場,,,,,,助手,,踱步,H,飛機場 踱步 (助手)
H303,15/05/2026,游水,從化,,從化,,,,,,,,游水,,
H303,15/05/2026,踱步,從化,內圈,從化 內圈,,,,,,助手,,快踱一圈,H,內圈 快踱一圈 (助手)
H303,14/05/2026,馬匹水中步行機,從化,,從化,,,,,,,,馬匹水中步行機,,
H303,14/05/2026,游水,從化,,從化,,,,,,,,游水,,
H303,13/05/2026,游水,從化,,從化,,,,,,,,游水,,
H303,13/05/2026,快操,從化,登山跑道,從化 登山跑道,,1.00.6,60.6,33.5 27.1,,助手,,快操,H,33.5 27.1 (1.00.6) (助手)
H303,13/05/2026,踱步,從化,飛機場,從化 飛機場,,,,,,助手,,踱步,H,飛機場 踱步 (助手)
H303,12/05/2026,游水,從化,,從化,,,,,,,,游水,,
H303,12/05/2026,踱步,從化,內圈,從化 內圈,,,,,,助手,,快踱一圈,H,內圈 快踱一圈 (助手)
H303,11/05/2026,游水,從化,,從化,,,,,,,,游水,,
H303,11/05/2026,踱步,從化,內圈,從化 內圈,,,,,,助手,,倒快兩圈,H,內圈 倒快兩圈 (助手)
H303,10/05/2026,游水,從化,,從化,,,,,,,,游水,,
H303,10/05/2026,踱步,從化,內圈,從化 內圈,,,,,,助手,,快踱一圈,H,內圈 快踱一圈 (助手)
H303,09/05/2026,游水,從化,,從化,,,,,,,,游水,,
H303,09/05/2026,踱步,從化,內圈,從化 內圈,,,,,,助手,,快踱一圈,H,內圈 快踱一圈 (助手)
H303,08/05/2026,游水,從化,,從化,,,,,,,,游水,,
H303,08/05/2026,踱步,從化,飛機場,從化 飛機場,,,,,,助手,,踱步,H,飛機場 踱步 (助手)
H303,07/05/2026,游水,從化,,從化,,,,,,,,游水,,
H303,07/05/2026,踱步,從化,飛機場,從化 飛機場,,,,,,助手,,踱步,H,飛機場 踱步 (助手)
H303,06/05/2026,馬匹水中步行機,從化,,從化,,,,,,,,馬匹水中步行機,,
H303,06/05/2026,游水,從化,,從化,,,,,,,,游水,,
H303,05/05/2026,馬匹水中步行機,從化,,從化,,,,,,,,馬匹水中步行機,,
H303,05/05/2026,游水,從化,,從化,,,,,,,,游水,,
H303,04/05/2026,馬匹水中步行機,從化,,從化,,,,,,,,馬匹水中步行機,,
H303,04/05/2026,游水,從化,,從化,,,,,,,,游水,,
H303,03/05/2026,馬匹水中步行機,從化,,從化,,,,,,,,馬匹水中步行機,,
H303,03/05/2026,游水,從化,,從化,,,,,,,,游水,,
H303,02/05/2026,馬匹水中步行機,從化,,從化,,,,,,,,馬匹水中步行機,,
H303,02/05/2026,游水,從化,,從化,,,,,,,,游水,,
H303,01/05/2026,馬匹跑步機,沙田,,沙田,,,,,,上斜,,馬匹跑步機 - 慢跑,,馬匹跑步機 - 慢跑 （上斜）
H303,30/04/2026,馬匹跑步機,沙田,,沙田,,,,,,上斜,,馬匹跑步機 - 慢跑,,馬匹跑步機 - 慢跑 （上斜）
H303,30/04/2026,游水,沙田,,沙田,,,,,,,,游水,,
H303,29/04/2026,馬匹跑步機,沙田,,沙田,,,,,,上斜,,馬匹跑步機 - 慢跑,,馬匹跑步機 - 慢跑 （上斜）
H303,29/04/2026,游水,沙田,,沙田,,,,,,,,游水,,
H303,28/04/2026,游水,沙田,,沙田,,,,,,,,游水,,
H303,26/04/2026,出賽,沙田,草地,沙田 草地,1200M,,,,,班德禮,7/8,出賽,BO-/B1/TT,1200M (班德禮) (7/8)
H303,25/04/2026,游水,沙田,,沙田,,,,,,,,游水,,
H303,24/04/2026,游水,沙田,,沙田,,,,,,,,游水,,
H303,24/04/2026,快操,沙田,全天候,沙田 全天候,,28.0,28.0,28.0,,班德禮,,快操,H,28.0 (28.0) (班德禮)
H303,24/04/2026,踱步,沙田,飛機場,沙田 飛機場,,,,,,班德禮,,踱步,H,飛機場 踱步 (班德禮)
H303,23/04/2026,游水,沙田,,沙田,,,,,,,,游水,,
H303,23/04/2026,踱步,沙田,內圈,沙田 內圈,,,,,,助手,,倒快兩圈,H,內圈 倒快兩圈 (助手)
H303,22/04/2026,游水,沙田,,沙田,,,,,,,,游水,,
H303,21/04/2026,游水,沙田,,沙田,,,,,,,,游水,,
H303,21/04/2026,快操,沙田,全天候,沙田 全天候,,24.3,24.3,24.3,,班德禮,,快操,H,24.3 (24.3) (班德禮)
H303,21/04/2026,踱步,沙田,飛機場,沙田 飛機場,,,,,,班德禮,,踱步,H,飛機場 踱步 (班德禮)
H303,20/04/2026,游水,沙田,,沙田,,,,,,,,游水,,
H303,20/04/2026,踱步,沙田,內圈,沙田 內圈,,,,,,助手,,倒快兩圈,H,內圈 倒快兩圈 (助手)
H303,19/04/2026,游水,沙田,,沙田,,,,,,,,游水,,
H303,19/04/2026,踱步,沙田,內圈,沙田 內圈,,,,,,助手,,快踱一圈,H,內圈 快踱一圈 (助手)
H303,18/04/2026,游水,沙田,,沙田,,,,,,,,游水,,
H303,17/04/2026,游水,沙田,,沙田,,,,,,,,游水,,
H303,17/04/2026,快操,沙田,草地,沙田 草地,,22.9,22.9,22.9,,班德禮,,快操,H,22.9 (22.9) (班德禮)
H303,17/04/2026,踱步,沙田,飛機場,沙田 飛機場,,,,,,班德禮,,踱步,H,飛機場 踱步 (班德禮)
H303,16/04/2026,游水,沙田,,沙田,,,,,,,,游水,,
H303,16/04/2026,踱步,沙田,內圈,沙田 內圈,,,,,,助手,,倒快兩圈,H,內圈 倒快兩圈 (助手)
H303,15/04/2026,游水,沙田,,沙田,,,,,,,,游水,,
H303,14/04/2026,游水,沙田,,沙田,,,,,,,,游水,,
H303,14/04/2026,快操,沙田,全天候,沙田 全天候,,29.7,29.7,29.7,,助手,,快操,H,29.7 (29.7) (助手)
H303,14/04/2026,踱步,沙田,飛機場,沙田 飛機場,,,,,,助手,,踱步,H,飛機場 踱步 (助手)
H303,13/04/2026,游水,沙田,,沙田,,,,,,,,游水,,
H303,13/04/2026,踱步,沙田,內圈,沙田 內圈,,,,,,助手,,倒快兩圈,H,內圈 倒快兩圈 (助手)
H303,12/04/2026,游水,沙田,,沙田,,,,,,,,游水,,
H303,11/04/2026,游水,沙田,,沙田,,,,,,,,游水,,
H303,11/04/2026,踱步,沙田,內圈,沙田 內圈,,,,,,助手,,快踱一圈,H,內圈 快踱一圈 (助手)
H303,10/04/2026,馬匹跑步機,沙田,,沙田,,,,,,上斜,,馬匹跑步機 - 慢跑,,馬匹跑步機 - 慢跑 （上斜）
H303,10/04/2026,游水,沙田,,沙田,,,,,,,,游水,,
H303,09/04/2026,馬匹跑步機,沙田,,沙田,,,,,,上斜,,馬匹跑步機 - 慢跑,,馬匹跑步機 - 慢跑 （上斜）
H303,09/04/2026,游水,沙田,,沙田,,,,,,,,游水,,
H303,08/04/2026,游水,沙田,,沙田,,,,,,,,游水,,
H303,06/04/2026,出賽,沙田,草地,沙田 草地,1200M,,,,,班德禮,6/7,出賽,BO/TT,1200M (班德禮) (6/7)
H303,05/04/2026,游水,沙田,,沙田,,,,,,,,游水,,
H303,05/04/2026,踱步,沙田,內圈,沙田 內圈,,,,,,助手,,快踱一圈,H,內圈 快踱一圈 (助手)
H303,04/04/2026,游水,從化,,從化,,,,,,,,游水,,
H303,04/04/2026,踱步,從化,內圈,從化 內圈,,,,,,助手,,快踱一圈,H,內圈 快踱一圈 (助手)
H303,03/04/2026,游水,從化,,從化,,,,,,,,游水,,
H303,02/04/2026,游水,從化,,從化,,,,,,,,游水,,
H303,02/04/2026,快操,從化,草地,從化 草地,,26.4,26.4,26.4,,助手,,快操,H,26.4 (26.4) (助手)
H303,02/04/2026,踱步,從化,飛機場,從化 飛機場,,,,,,助手,,踱步,H,飛機場 踱步 (助手)
H303,01/04/2026,游水,從化,,從化,,,,,,,,游水,,
H303,01/04/2026,踱步,從化,內圈,從化 內圈,,,,,,助手,,快踱一圈,H,內圈 快踱一圈 (助手)
H303,31/03/2026,游水,從化,,從化,,,,,,,,游水,,
H303,31/03/2026,踱步,從化,內圈,從化 內圈,,,,,,助手,,快踱一圈,H,內圈 快踱一圈 (助手)
H303,30/03/2026,游水,從化,,從化,,,,,,,,游水,,
H303,30/03/2026,踱步,從化,內圈,從化 內圈,,,,,,助手,,倒快兩圈,H,內圈 倒快兩圈 (助手)
H303,29/03/2026,游水,從化,,從化,,,,,,,,游水,,
H303,29/03/2026,踱步,從化,內圈,從化 內圈,,,,,,助手,,快踱一圈,H,內圈 快踱一圈 (助手)
H303,28/03/2026,游水,從化,,從化,,,,,,,,游水,,
H303,27/03/2026,試閘,從化,草地,從化 草地,1000M,0.57.99,57.99,13.7 21.5 22.7,好友心得,班德禮,,第7組,,第7組 (班德禮) 1000M 好友心得 13.7 21.5 22.7 (0.57.99)
H303,27/03/2026,踱步,從化,飛機場,從化 飛機場,,,,,,助手,,踱步,,飛機場 踱步 (助手)
H303,26/03/2026,游水,從化,,從化,,,,,,,,游水,,
H303,26/03/2026,踱步,從化,內圈,從化 內圈,,,,,,助手,,倒快兩圈,H,內圈 倒快兩圈 (助手)
H303,25/03/2026,游水,從化,,從化,,,,,,,,游水,,
H303,25/03/2026,踱步,從化,內圈,從化 內圈,,,,,,助手,,快踱一圈,H,內圈 快踱一圈 (助手)
H303,24/03/2026,游水,從化,,從化,,,,,,,,游水,,
H303,24/03/2026,快操,從化,草地,從化 草地,,27.8,27.8,27.8,,助手,,快操,H,27.8 (27.8) (助手)
H303,24/03/2026,踱步,從化,飛機場,從化 飛機場,,,,,,助手,,踱步,H,飛機場 踱步 (助手)
H303,23/03/2026,游水,從化,,從化,,,,,,,,游水,,
H303,23/03/2026,踱步,從化,內圈,從化 內圈,,,,,,助手,,倒快兩圈,H,內圈 倒快兩圈 (助手)
H303,22/03/2026,馬匹水中步行機,從化,,從化,,,,,,,,馬匹水中步行機,,
H303,22/03/2026,游水,從化,,從化,,,,,,,,游水,,
H303,21/03/2026,游水,從化,,從化,,,,,,,,游水,,
H303,21/03/2026,快操,從化,草地,從化 草地,,24.3,24.3,24.3,,助手,,快操,H,24.3 (24.3) (助手)
H303,21/03/2026,踱步,從化,飛機場,從化 飛機場,,,,,,助手,,踱步,H,飛機場 踱步 (助手)
H303,20/03/2026,游水,從化,,從化,,,,,,,,游水,,
H303,20/03/2026,踱步,從化,內圈,從化 內圈,,,,,,助手,,快踱一圈,H,內圈 快踱一圈 (助手)
H303,19/03/2026,游水,從化,,從化,,,,,,,,游水,,
H303,19/03/2026,踱步,從化,內圈,從化 內圈,,,,,,助手,,倒快兩圈,H,內圈 倒快兩圈 (助手)
H303,18/03/2026,馬匹水中步行機,從化,,從化,,,,,,,,馬匹水中步行機,,
H303,18/03/2026,游水,從化,,從化,,,,,,,,游水,,
H303,17/03/2026,游水,從化,,從化,,,,,,,,游水,,
H303,17/03/2026,快操,從化,草地,從化 草地,,29.2,29.2,29.2,,助手,,快操,H,29.2 (29.2) (助手)
H303,17/03/2026,踱步,從化,飛機場,從化 飛機場,,,,,,助手,,踱步,H,飛機場 踱步 (助手)
H303,16/03/2026,游水,從化,,從化,,,,,,,,游水,,
H303,16/03/2026,踱步,從化,內圈,從化 內圈,,,,,,助手,,倒快兩圈,H,內圈 倒快兩圈 (助手)
H303,15/03/2026,游水,從化,,從化,,,,,,,,游水,,
H303,15/03/2026,踱步,從化,內圈,從化 內圈,,,,,,助手,,快踱一圈,H,內圈 快踱一圈 (助手)
H303,14/03/2026,游水,從化,,從化,,,,,,,,游水,,
H303,14/03/2026,踱步,從化,內圈,從化 內圈,,,,,,助手,,快踱一圈,H,內圈 快踱一圈 (助手)
H303,13/03/2026,馬匹水中步行機,從化,,從化,,,,,,,,馬匹水中步行機,,
H303,13/03/2026,游水,從化,,從化,,,,,,,,游水,,
H303,12/03/2026,馬匹水中步行機,從化,,從化,,,,,,,,馬匹水中步行機,,
H303,12/03/2026,游水,從化,,從化,,,,,,,,游水,,
H303,11/03/2026,馬匹跑步機,沙田,,沙田,,,,,,上斜,,馬匹跑步機 - 慢跑,,馬匹跑步機 - 慢跑 （上斜）
H303,10/03/2026,游水,沙田,,沙田,,,,,,,,游水,,
H303,08/03/2026,出賽,沙田,草地,沙田 草地,1200M,,,,,班德禮,4/12,出賽,BO/TT,1200M (班德禮) (4/12)
H303,07/03/2026,游水,沙田,,沙田,,,,,,,,游水,,
H303,07/03/2026,踱步,沙田,內圈,沙田 內圈,,,,,,助手,,快踱一圈,H,內圈 快踱一圈 (助手)
H303,06/03/2026,游水,沙田,,沙田,,,,,,,,游水,,
H303,06/03/2026,快操,沙田,全天候,沙田 全天候,,28.1,28.1,28.1,,班德禮,,快操,H,28.1 (28.1) (班德禮)
H303,06/03/2026,踱步,沙田,飛機場,沙田 飛機場,,,,,,班德禮,,踱步,H,飛機場 踱步 (班德禮)
H303,05/03/2026,游水,從化,,從化,,,,,,,,游水,,
H303,05/03/2026,踱步,從化,內圈,從化 內圈,,,,,,助手,,倒快兩圈,H,內圈 倒快兩圈 (助手)
H303,04/03/2026,游水,從化,,從化,,,,,,,,游水,,
H303,04/03/2026,踱步,從化,內圈,從化 內圈,,,,,,助手,,快踱一圈,H,內圈 快踱一圈 (助手)
H303,03/03/2026,游水,從化,,從化,,,,,,,,游水,,
H303,02/03/2026,游水,從化,,從化,,,,,,,,游水,,
H303,02/03/2026,快操,從化,全天候,從化 全天候,,23.9,23.9,23.9,,助手,,快操,H,23.9 (23.9) (助手)
H303,02/03/2026,踱步,從化,飛機場,從化 飛機場,,,,,,助手,,踱步,H,飛機場 踱步 (助手)
H303,01/03/2026,游水,從化,,從化,,,,,,,,游水,,
H303,01/03/2026,踱步,從化,內圈,從化 內圈,,,,,,助手,,快踱一圈,H,內圈 快踱一圈 (助手)
H303,28/02/2026,游水,從化,,從化,,,,,,,,游水,,
H303,28/02/2026,踱步,從化,內圈,從化 內圈,,,,,,助手,,快踱一圈,H,內圈 快踱一圈 (助手)
H303,27/02/2026,游水,從化,,從化,,,,,,,,游水,,
H303,27/02/2026,快操,從化,全天候,從化 全天候,,29.6,29.6,29.6,,助手,,快操,H,29.6 (29.6) (助手)
H303,27/02/2026,踱步,從化,飛機場,從化 飛機場,,,,,,助手,,踱步,H,飛機場 踱步 (助手)
H303,26/02/2026,游水,從化,,從化,,,,,,,,游水,,
H303,26/02/2026,踱步,從化,內圈,從化 內圈,,,,,,助手,,倒快兩圈,H,內圈 倒快兩圈 (助手)
H303,25/02/2026,游水,從化,,從化,,,,,,,,游水,,
H303,25/02/2026,踱步,從化,內圈,從化 內圈,,,,,,助手,,快踱一圈,H,內圈 快踱一圈 (助手)
H303,24/02/2026,游水,從化,,從化,,,,,,,,游水,,
H303,24/02/2026,快操,從化,草地,從化 草地,,29.1,29.1,29.1,,助手,,快操,H,29.1 (29.1) (助手)
H303,24/02/2026,踱步,從化,飛機場,從化 飛機場,,,,,,助手,,踱步,H,飛機場 踱步 (助手)
H303,23/02/2026,游水,從化,,從化,,,,,,,,游水,,
H303,23/02/2026,踱步,從化,內圈,從化 內圈,,,,,,助手,,倒快一圈,H,內圈 倒快一圈 (助手)
H303,22/02/2026,游水,從化,,從化,,,,,,,,游水,,
H303,22/02/2026,踱步,從化,飛機場,從化 飛機場,,,,,,助手,,踱步,H,飛機場 踱步 (助手)
H303,21/02/2026,游水,從化,,從化,,,,,,,,游水,,
H303,21/02/2026,踱步,從化,飛機場,從化 飛機場,,,,,,助手,,踱步,H,飛機場 踱步 (助手)
H303,20/02/2026,游水,從化,,從化,,,,,,,,游水,,
H303,20/02/2026,踱步,從化,飛機場,從化 飛機場,,,,,,助手,,踱步,H,飛機場 踱步 (助手)
H303,19/02/2026,游水,從化,,從化,,,,,,,,游水,,
H303,19/02/2026,踱步,從化,飛機場,從化 飛機場,,,,,,助手,,踱步,H,飛機場 踱步 (助手)
H303,18/02/2026,游水,從化,,從化,,,,,,,,游水,,
H303,18/02/2026,踱步,從化,飛機場,從化 飛機場,,,,,,助手,,踱步,H,飛機場 踱步 (助手)
H303,16/02/2026,馬匹水中步行機,從化,,從化,,,,,,,,馬匹水中步行機,,
H303,16/02/2026,游水,從化,,從化,,,,,,,,游水,,
H303,15/02/2026,馬匹水中步行機,從化,,從化,,,,,,,,馬匹水中步行機,,
H303,15/02/2026,游水,從化,,從化,,,,,,,,游水,,
H303,14/02/2026,馬匹水中步行機,從化,,從化,,,,,,,,馬匹水中步行機,,
H303,14/02/2026,游水,從化,,從化,,,,,,,,游水,,
H303,13/02/2026,馬匹水中步行機,從化,,從化,,,,,,,,馬匹水中步行機,,
H303,13/02/2026,游水,從化,,從化,,,,,,,,游水,,
H303,12/02/2026,馬匹水中步行機,從化,,從化,,,,,,,,馬匹水中步行機,,
H303,12/02/2026,游水,從化,,從化,,,,,,,,游水,,
H303,11/02/2026,馬匹水中步行機,從化,,從化,,,,,,,,馬匹水中步行機,,
H303,11/02/2026,游水,從化,,從化,,,,,,,,游水,,
H303,10/02/2026,馬匹水中步行機,從化,,從化,,,,,,,,馬匹水中步行機,,
H303,10/02/2026,游水,從化,,從化,,,,,,,,游水,,
H303,09/02/2026,馬匹水中步行機,從化,,從化,,,,,,,,馬匹水中步行機,,
H303,09/02/2026,游水,從化,,從化,,,,,,,,游水,,
H303,08/02/2026,馬匹水中步行機,從化,,從化,,,,,,,,馬匹水中步行機,,
H303,08/02/2026,游水,從化,,從化,,,,,,,,游水,,
H303,07/02/2026,馬匹水中步行機,從化,,從化,,,,,,,,馬匹水中步行機,,
H303,07/02/2026,游水,從化,,從化,,,,,,,,游水,,
H303,06/02/2026,馬匹水中步行機,從化,,從化,,,,,,,,馬匹水中步行機,,
H303,06/02/2026,游水,從化,,從化,,,,,,,,游水,,
H303,05/02/2026,馬匹水中步行機,從化,,從化,,,,,,,,馬匹水中步行機,,
H303,05/02/2026,游水,從化,,從化,,,,,,,,游水,,
H303,04/02/2026,馬匹跑步機,沙田,,沙田,,,,,,上斜,,馬匹跑步機 - 慢跑,,馬匹跑步機 - 慢跑 （上斜）
H303,03/02/2026,游水,沙田,,沙田,,,,,,,,游水,,
H303,01/02/2026,出賽,沙田,草地,沙田 草地,1400M,,,,,班德禮,6/6,出賽,BO/TT,1400M (班德禮) (6/6)
H303,31/01/2026,游水,沙田,,沙田,,,,,,,,游水,,
H303,31/01/2026,踱步,沙田,內圈,沙田 內圈,,,,,,助手,,快踱一圈,H,內圈 快踱一圈 (助手)
H303,30/01/2026,游水,沙田,,沙田,,,,,,,,游水,,
H303,30/01/2026,快操,沙田,全天候,沙田 全天候,,28.0,28.0,28.0,,班德禮,,快操,H,28.0 (28.0) (班德禮)
H303,30/01/2026,踱步,沙田,飛機場,沙田 飛機場,,,,,,班德禮,,踱步,H,飛機場 踱步 (班德禮)
H303,29/01/2026,游水,沙田,,沙田,,,,,,,,游水,,
H303,29/01/2026,踱步,沙田,內圈,沙田 內圈,,,,,,助手,,倒快兩圈,H,內圈 倒快兩圈 (助手)
H303,28/01/2026,馬匹跑步機,沙田,,沙田,,,,,,上斜,,馬匹跑步機 - 慢跑,,馬匹跑步機 - 慢跑 （上斜）
H303,28/01/2026,游水,沙田,,沙田,,,,,,,,游水,,
H303,27/01/2026,游水,沙田,,沙田,,,,,,,,游水,,
H303,25/01/2026,出賽,沙田,草地,沙田 草地,1200M,,,,,班德禮,5/7,出賽,BO/TT,1200M (班德禮) (5/7)
H303,25/01/2026,踱步,沙田,彭福公園,沙田 彭福公園,,,,,,助手,,踱步,H,彭福公園 踱步 (助手)
H303,24/01/2026,游水,沙田,,沙田,,,,,,,,游水,,
H303,24/01/2026,踱步,沙田,內圈,沙田 內圈,,,,,,助手,,快踱一圈,H,內圈 快踱一圈 (助手)
H303,23/01/2026,游水,沙田,,沙田,,,,,,,,游水,,
H303,23/01/2026,踱步,沙田,飛機場,沙田 飛機場,,,,,,助手,,踱步,H,飛機場 踱步 (助手)
H303,22/01/2026,游水,從化,,從化,,,,,,,,游水,,
H303,22/01/2026,快操,從化,草地,從化 草地,,26.4,26.4,26.4,,助手,,快操,H,26.4 (26.4) (助手)
H303,22/01/2026,踱步,從化,飛機場,從化 飛機場,,,,,,助手,,踱步,H,飛機場 踱步 (助手)
H303,21/01/2026,游水,從化,,從化,,,,,,,,游水,,
H303,21/01/2026,踱步,從化,內圈,從化 內圈,,,,,,助手,,快踱一圈,H,內圈 快踱一圈 (助手)
H303,20/01/2026,游水,從化,,從化,,,,,,,,游水,,
H303,20/01/2026,踱步,從化,內圈,從化 內圈,,,,,,助手,,快踱一圈,H,內圈 快踱一圈 (助手)
H303,19/01/2026,游水,從化,,從化,,,,,,,,游水,,
H303,19/01/2026,踱步,從化,內圈,從化 內圈,,,,,,助手,,倒快兩圈,H,內圈 倒快兩圈 (助手)
H303,18/01/2026,游水,從化,,從化,,,,,,,,游水,,
H303,18/01/2026,踱步,從化,內圈,從化 內圈,,,,,,助手,,快踱一圈,H,內圈 快踱一圈 (助手)
H303,17/01/2026,游水,從化,,從化,,,,,,,,游水,,
H303,16/01/2026,試閘,從化,草地,從化 草地,1000M,0.57.90,57.9,13.7 21.5 22.7,舉步生風,班德禮,,第1組,,第1組 (班德禮) 1000M 舉步生風 13.7 21.5 22.7 (0.57.90)
H303,16/01/2026,踱步,從化,飛機場,從化 飛機場,,,,,,助手,,踱步,,飛機場 踱步 (助手)
H303,15/01/2026,游水,從化,,從化,,,,,,,,游水,,
H303,15/01/2026,踱步,從化,內圈,從化 內圈,,,,,,助手,,倒快兩圈,H,內圈 倒快兩圈 (助手)
H303,14/01/2026,馬匹水中步行機,從化,,從化,,,,,,,,馬匹水中步行機,,
H303,14/01/2026,游水,從化,,從化,,,,,,,,游水,,
H303,13/01/2026,游水,從化,,從化,,,,,,,,游水,,
H303,13/01/2026,快操,從化,草地,從化 草地,,29.3,29.3,29.3,,助手,,快操,H,29.3 (29.3) (助手)
H303,13/01/2026,踱步,從化,飛機場,從化 飛機場,,,,,,助手,,踱步,H,飛機場 踱步 (助手)
H303,12/01/2026,游水,從化,,從化,,,,,,,,游水,,
H303,12/01/2026,踱步,從化,內圈,從化 內圈,,,,,,助手,,倒快兩圈,H,內圈 倒快兩圈 (助手)
H303,11/01/2026,游水,從化,,從化,,,,,,,,游水,,
H303,11/01/2026,踱步,從化,內圈,從化 內圈,,,,,,助手,,快踱一圈,H,內圈 快踱一圈 (助手)
H303,10/01/2026,游水,從化,,從化,,,,,,,,游水,,
H303,10/01/2026,踱步,從化,內圈,從化 內圈,,,,,,助手,,快踱一圈,H,內圈 快踱一圈 (助手)
H303,09/01/2026,游水,從化,,從化,,,,,,,,游水,,
H303,09/01/2026,踱步,從化,內圈,從化 內圈,,,,,,助手,,快踱一圈,H,內圈 快踱一圈 (助手)
H303,08/01/2026,游水,從化,,從化,,,,,,,,游水,,
H303,08/01/2026,踱步,從化,內圈,從化 內圈,,,,,,助手,,倒快兩圈,H,內圈 倒快兩圈 (助手)
H303,07/01/2026,游水,從化,,從化,,,,,,,,游水,,
H303,07/01/2026,踱步,從化,飛機場,從化 飛機場,,,,,,助手,,踱步,H,飛機場 踱步 (助手)
H303,06/01/2026,馬匹水中步行機,從化,,從化,,,,,,,,馬匹水中步行機,,
H303,06/01/2026,游水,從化,,從化,,,,,,,,游水,,
H303,05/01/2026,馬匹水中步行機,從化,,從化,,,,,,,,馬匹水中步行機,,
H303,05/01/2026,游水,從化,,從化,,,,,,,,游水,,
H303,03/01/2026,游水,沙田,,沙田,,,,,,,,游水,,
H303,01/01/2026,出賽,沙田,草地,沙田 草地,1400M,,,,,班德禮,5/12,出賽,BO/TT,1400M (班德禮) (5/12)
H303,01/01/2026,踱步,沙田,內圈,沙田 內圈,,,,,,助手,,倒快一圈,H,內圈 倒快一圈 (助手)
H303,31/12/2025,游水,沙田,,沙田,,,,,,,,游水,,
H303,31/12/2025,踱步,沙田,內圈,沙田 內圈,,,,,,助手,,快踱一圈,H,內圈 快踱一圈 (助手)
H303,30/12/2025,游水,沙田,,沙田,,,,,,,,游水,,
H303,30/12/2025,快操,沙田,全天候,沙田 全天候,,28.1,28.1,28.1,,班德禮,,快操,H,28.1 (28.1) (班德禮)
H303,30/12/2025,踱步,沙田,飛機場,沙田 飛機場,,,,,,班德禮,,踱步,H,飛機場 踱步 (班德禮)
H303,29/12/2025,游水,沙田,,沙田,,,,,,,,游水,,
H303,29/12/2025,踱步,沙田,內圈,沙田 內圈,,,,,,助手,,倒快兩圈,H,內圈 倒快兩圈 (助手)
H303,28/12/2025,游水,沙田,,沙田,,,,,,,,游水,,
H303,28/12/2025,踱步,沙田,內圈,沙田 內圈,,,,,,助手,,快踱一圈,H,內圈 快踱一圈 (助手)
H303,27/12/2025,游水,沙田,,沙田,,,,,,,,游水,,
H303,27/12/2025,踱步,沙田,內圈,沙田 內圈,,,,,,助手,,快踱一圈,H,內圈 快踱一圈 (助手)
H303,26/12/2025,游水,沙田,,沙田,,,,,,,,游水,,
H303,25/12/2025,游水,沙田,,沙田,,,,,,,,游水,,
H303,25/12/2025,快操,沙田,全天候,沙田 全天候,,57.2,57.2,33.7 23.5,,助手,,快操,H,33.7 23.5 (57.2) (助手)
H303,25/12/2025,踱步,沙田,飛機場,沙田 飛機場,,,,,,助手,,踱步,H,飛機場 踱步 (助手)
H303,24/12/2025,游水,沙田,,沙田,,,,,,,,游水,,
H303,24/12/2025,踱步,沙田,內圈,沙田 內圈,,,,,,助手,,快踱一圈,H,內圈 快踱一圈 (助手)
H303,23/12/2025,馬匹跑步機,沙田,,沙田,,,,,,上斜,,馬匹跑步機 - 慢跑,,馬匹跑步機 - 慢跑 （上斜）
H303,23/12/2025,游水,沙田,,沙田,,,,,,,,游水,,
H303,22/12/2025,游水,沙田,,沙田,,,,,,,,游水,,
H303,22/12/2025,快操,沙田,全天候,沙田 全天候,,1.25.2,85.2,31.4 27.5 26.3,,班德禮,,快操,H,31.4 27.5 26.3 (1.25.2) (班德禮)
H303,22/12/2025,踱步,沙田,飛機場,沙田 飛機場,,,,,,班德禮,,踱步,H,飛機場 踱步 (班德禮)
H303,21/12/2025,游水,沙田,,沙田,,,,,,,,游水,,
H303,21/12/2025,踱步,沙田,內圈,沙田 內圈,,,,,,助手,,快踱一圈,H,內圈 快踱一圈 (助手)
H303,20/12/2025,游水,沙田,,沙田,,,,,,,,游水,,
H303,20/12/2025,踱步,沙田,內圈,沙田 內圈,,,,,,助手,,快踱一圈,H,內圈 快踱一圈 (助手)
H303,19/12/2025,馬匹跑步機,沙田,,沙田,,,,,,上斜,,馬匹跑步機 - 慢跑,,馬匹跑步機 - 慢跑 （上斜）
H303,19/12/2025,游水,沙田,,沙田,,,,,,,,游水,,
H303,18/12/2025,馬匹跑步機,沙田,,沙田,,,,,,上斜,,馬匹跑步機 - 慢跑,,馬匹跑步機 - 慢跑 （上斜）
H303,18/12/2025,游水,沙田,,沙田,,,,,,,,游水,,
H303,17/12/2025,馬匹跑步機,沙田,,沙田,,,,,,上斜,,馬匹跑步機 - 慢跑,,馬匹跑步機 - 慢跑 （上斜）
H303,17/12/2025,游水,沙田,,沙田,,,,,,,,游水,,
H303,16/12/2025,游水,沙田,,沙田,,,,,,,,游水,,
H303,14/12/2025,出賽,沙田,草地,沙田 草地,1200M,,,,,班德禮,6/13,出賽,BO/TT,1200M (班德禮) (6/13)
H303,13/12/2025,游水,沙田,,沙田,,,,,,,,游水,,
H303,13/12/2025,踱步,沙田,內圈,沙田 內圈,,,,,,助手,,快踱一圈,H,內圈 快踱一圈 (助手)
H303,12/12/2025,游水,沙田,,沙田,,,,,,,,游水,,
H303,12/12/2025,快操,沙田,全天候,沙田 全天候,,59.0,59.0,32.5 26.5,,助手,,快操,H,32.5 26.5 (59.0) (助手)
H303,12/12/2025,踱步,沙田,飛機場,沙田 飛機場,,,,,,助手,,踱步,H,飛機場 踱步 (助手)
H303,11/12/2025,游水,沙田,,沙田,,,,,,,,游水,,
H303,11/12/2025,踱步,沙田,內圈,沙田 內圈,,,,,,助手,,倒快兩圈,H,內圈 倒快兩圈 (助手)
H303,10/12/2025,游水,沙田,,沙田,,,,,,,,游水,,
H303,09/12/2025,游水,沙田,,沙田,,,,,,,,游水,,
H303,09/12/2025,快操,沙田,全天候,沙田 全天候,,26.3,26.3,26.3,,班德禮,,快操,H,26.3 (26.3) (班德禮)
H303,09/12/2025,踱步,沙田,飛機場,沙田 飛機場,,,,,,班德禮,,踱步,H,飛機場 踱步 (班德禮)
H303,08/12/2025,游水,沙田,,沙田,,,,,,,,游水,,
H303,08/12/2025,踱步,沙田,內圈,沙田 內圈,,,,,,助手,,倒快兩圈,H,內圈 倒快兩圈 (助手)
H303,07/12/2025,游水,沙田,,沙田,,,,,,,,游水,,
H303,07/12/2025,踱步,沙田,內圈,沙田 內圈,,,,,,助手,,快踱一圈,H,內圈 快踱一圈 (助手)
H303,06/12/2025,游水,沙田,,沙田,,,,,,,,游水,,
H303,05/12/2025,游水,沙田,,沙田,,,,,,,,游水,,
H303,05/12/2025,快操,沙田,草地,沙田 草地,,23.8,23.8,23.8,,班德禮,,快操,,23.8 (23.8) (班德禮)
H303,05/12/2025,踱步,沙田,飛機場,沙田 飛機場,,,,,,班德禮,,踱步,,飛機場 踱步 (班德禮)
H303,04/12/2025,游水,沙田,,沙田,,,,,,,,游水,,
H303,04/12/2025,踱步,沙田,內圈,沙田 內圈,,,,,,助手,,倒快兩圈,H,內圈 倒快兩圈 (助手)
H303,03/12/2025,游水,沙田,,沙田,,,,,,,,游水,,
H303,03/12/2025,踱步,沙田,內圈,沙田 內圈,,,,,,助手,,快踱一圈,H,內圈 快踱一圈 (助手)
H303,02/12/2025,游水,沙田,,沙田,,,,,,,,游水,,
H303,02/12/2025,踱步,沙田,內圈,沙田 內圈,,,,,,助手,,快踱一圈,H,內圈 快踱一圈 (助手)
H303,01/12/2025,游水,沙田,,沙田,,,,,,,,游水,,
H303,01/12/2025,踱步,沙田,內圈,沙田 內圈,,,,,,助手,,倒快兩圈,H,內圈 倒快兩圈 (助手)
H303,29/11/2025,游水,沙田,,沙田,,,,,,,,游水,,
H303,29/11/2025,快操,沙田,全天候,沙田 全天候,,28.2,28.2,28.2,,班德禮,,快操,H,28.2 (28.2) (班德禮)
H303,29/11/2025,踱步,沙田,飛機場,沙田 飛機場,,,,,,助手,,踱步,H,飛機場 踱步 (助手)
H303,28/11/2025,游水,沙田,,沙田,,,,,,,,游水,,
H303,28/11/2025,踱步,沙田,內圈,沙田 內圈,,,,,,助手,,快踱一圈,H,內圈 快踱一圈 (助手)
H303,27/11/2025,游水,沙田,,沙田,,,,,,,,游水,,
H303,27/11/2025,踱步,沙田,內圈,沙田 內圈,,,,,,助手,,倒快兩圈,H,內圈 倒快兩圈 (助手)
H303,26/11/2025,游水,沙田,,沙田,,,,,,,,游水,,
H303,26/11/2025,踱步,沙田,飛機場,沙田 飛機場,,,,,,助手,,踱步,H,飛機場 踱步 (助手)
H303,25/11/2025,游水,沙田,,沙田,,,,,,,,游水,,
H303,23/11/2025,出賽,沙田,草地,沙田 草地,1200M,,,,,班德禮,7/10,出賽,BO/TT,1200M (班德禮) (7/10)
H303,23/11/2025,踱步,沙田,彭福公園,沙田 彭福公園,,,,,,助手,,踱步,H,彭福公園 踱步 (助手)
H303,22/11/2025,游水,沙田,,沙田,,,,,,,,游水,,
H303,22/11/2025,踱步,沙田,內圈,沙田 內圈,,,,,,助手,,快踱一圈,H,內圈 快踱一圈 (助手)
H303,21/11/2025,游水,沙田,,沙田,,,,,,,,游水,,
H303,21/11/2025,快操,沙田,全天候,沙田 全天候,,27.6,27.6,27.6,,班德禮,,快操,H,27.6 (27.6) (班德禮)
H303,21/11/2025,踱步,沙田,飛機場,沙田 飛機場,,,,,,班德禮,,踱步,H,飛機場 踱步 (班德禮)
H303,20/11/2025,游水,沙田,,沙田,,,,,,,,游水,,
H303,20/11/2025,踱步,沙田,內圈,沙田 內圈,,,,,,助手,,倒快兩圈,H,內圈 倒快兩圈 (助手)
H303,19/11/2025,游水,沙田,,沙田,,,,,,,,游水,,
H303,18/11/2025,游水,沙田,,沙田,,,,,,,,游水,,
H303,18/11/2025,快操,沙田,全天候,沙田 全天候,,25.1,25.1,25.1,,班德禮,,快操,H,25.1 (25.1) (班德禮)
H303,18/11/2025,踱步,沙田,飛機場,沙田 飛機場,,,,,,班德禮,,踱步,H,飛機場 踱步 (班德禮)
H303,17/11/2025,游水,沙田,,沙田,,,,,,,,游水,,
H303,17/11/2025,踱步,沙田,內圈,沙田 內圈,,,,,,助手,,倒快兩圈,H,內圈 倒快兩圈 (助手)
H303,16/11/2025,游水,沙田,,沙田,,,,,,,,游水,,
H303,16/11/2025,踱步,沙田,內圈,沙田 內圈,,,,,,助手,,快踱一圈,H,內圈 快踱一圈 (助手)
H303,15/11/2025,游水,沙田,,沙田,,,,,,,,游水,,
H303,15/11/2025,踱步,沙田,內圈,沙田 內圈,,,,,,助手,,快踱一圈,H,內圈 快踱一圈 (助手)
H303,14/11/2025,游水,沙田,,沙田,,,,,,,,游水,,
H303,13/11/2025,游水,沙田,,沙田,,,,,,,,游水,,
H303,13/11/2025,快操,沙田,草閘,沙田 草閘,,47.7,47.7,25.6 22.1,,班德禮,,威利金箭,H,25.6 22.1 (47.7) (班德禮) 威利金箭
H303,13/11/2025,踱步,沙田,飛機場,沙田 飛機場,,,,,,班德禮,,踱步,H,飛機場 踱步 (班德禮)
H303,12/11/2025,游水,沙田,,沙田,,,,,,,,游水,,
H303,12/11/2025,踱步,沙田,內圈,沙田 內圈,,,,,,助手,,快踱一圈,H,內圈 快踱一圈 (助手)
H303,11/11/2025,游水,沙田,,沙田,,,,,,,,游水,,
H303,11/11/2025,踱步,沙田,內圈,沙田 內圈,,,,,,助手,,快踱一圈,H,內圈 快踱一圈 (助手)
H303,10/11/2025,游水,沙田,,沙田,,,,,,,,游水,,
H303,10/11/2025,快操,沙田,全天候,沙田 全天候,,27.8,27.8,27.8,,班德禮,,快操,H,27.8 (27.8) (班德禮)
H303,10/11/2025,踱步,沙田,飛機場,沙田 飛機場,,,,,,班德禮,,踱步,H,飛機場 踱步 (班德禮)
H303,09/11/2025,游水,沙田,,沙田,,,,,,,,游水,,
H303,09/11/2025,踱步,沙田,內圈,沙田 內圈,,,,,,助手,,快踱一圈,H,內圈 快踱一圈 (助手)
H303,08/11/2025,游水,沙田,,沙田,,,,,,,,游水,,
H303,07/11/2025,游水,沙田,,沙田,,,,,,,,游水,,
H303,07/11/2025,快操,沙田,全天候,沙田 全天候,,26.1,26.1,26.1,,班德禮,,快操,H,26.1 (26.1) (班德禮)
H303,07/11/2025,踱步,沙田,飛機場,沙田 飛機場,,,,,,班德禮,,踱步,H,飛機場 踱步 (班德禮)
H303,06/11/2025,游水,沙田,,沙田,,,,,,,,游水,,
H303,06/11/2025,踱步,沙田,內圈,沙田 內圈,,,,,,助手,,倒快兩圈,H,內圈 倒快兩圈 (助手)
H303,05/11/2025,游水,沙田,,沙田,,,,,,,,游水,,
H303,05/11/2025,踱步,沙田,內圈,沙田 內圈,,,,,,助手,,快踱一圈,H,內圈 快踱一圈 (助手)
H303,04/11/2025,游水,沙田,,沙田,,,,,,,,游水,,
H303,04/11/2025,快操,沙田,全天候,沙田 全天候,,28.7,28.7,28.7,,班德禮,,快操,H,28.7 (28.7) (班德禮)
H303,04/11/2025,踱步,沙田,飛機場,沙田 飛機場,,,,,,班德禮,,踱步,H,飛機場 踱步 (班德禮)
H303,03/11/2025,游水,沙田,,沙田,,,,,,,,游水,,
H303,03/11/2025,踱步,沙田,內圈,沙田 內圈,,,,,,助手,,倒快兩圈,H,內圈 倒快兩圈 (助手)
H303,02/11/2025,游水,沙田,,沙田,,,,,,,,游水,,
H303,01/11/2025,游水,沙田,,沙田,,,,,,,,游水,,
H303,01/11/2025,快操,沙田,全天候,沙田 全天候,,28.1,28.1,28.1,,班德禮,,快操,H,28.1 (28.1) (班德禮)
H303,01/11/2025,踱步,沙田,飛機場,沙田 飛機場,,,,,,助手,,踱步,H,飛機場 踱步 (助手)
H303,31/10/2025,游水,沙田,,沙田,,,,,,,,游水,,
H303,31/10/2025,踱步,沙田,內圈,沙田 內圈,,,,,,助手,,快踱一圈,H,內圈 快踱一圈 (助手)
H303,30/10/2025,游水,沙田,,沙田,,,,,,,,游水,,
H303,30/10/2025,踱步,沙田,內圈,沙田 內圈,,,,,,助手,,倒快兩圈,H,內圈 倒快兩圈 (助手)
H303,29/10/2025,游水,沙田,,沙田,,,,,,,,游水,,
H303,29/10/2025,踱步,沙田,飛機場,沙田 飛機場,,,,,,助手,,踱步,H,飛機場 踱步 (助手)
H303,28/10/2025,游水,沙田,,沙田,,,,,,,,游水,,
H303,26/10/2025,出賽,沙田,草地,沙田 草地,1200M,,,,,班德禮,1/14,出賽,BO/TT,1200M (班德禮) (1/14)
H303,26/10/2025,踱步,沙田,彭福公園,沙田 彭福公園,,,,,,助手,,踱步,H,彭福公園 踱步 (助手)
H303,25/10/2025,游水,沙田,,沙田,,,,,,,,游水,,
H303,25/10/2025,踱步,沙田,內圈,沙田 內圈,,,,,,助手,,快踱一圈,H,內圈 快踱一圈 (助手)
H303,24/10/2025,游水,沙田,,沙田,,,,,,,,游水,,
H303,24/10/2025,快操,沙田,全天候,沙田 全天候,,27.2,27.2,27.2,,班德禮,,快操,H,27.2 (27.2) (班德禮)
H303,24/10/2025,踱步,沙田,飛機場,沙田 飛機場,,,,,,班德禮,,踱步,H,飛機場 踱步 (班德禮)
H303,23/10/2025,游水,沙田,,沙田,,,,,,,,游水,,
H303,23/10/2025,踱步,沙田,內圈,沙田 內圈,,,,,,助手,,倒快兩圈,H,內圈 倒快兩圈 (助手)
H303,22/10/2025,游水,沙田,,沙田,,,,,,,,游水,,
H303,22/10/2025,踱步,沙田,內圈,沙田 內圈,,,,,,助手,,快踱一圈,H,內圈 快踱一圈 (助手)
H303,21/10/2025,游水,沙田,,沙田,,,,,,,,游水,,
H303,20/10/2025,游水,沙田,,沙田,,,,,,,,游水,,
H303,20/10/2025,快操,沙田,全天候,沙田 全天候,,25.7,25.7,25.7,,班德禮,,快操,H,25.7 (25.7) (班德禮)
H303,20/10/2025,踱步,沙田,飛機場,沙田 飛機場,,,,,,班德禮,,踱步,H,飛機場 踱步 (班德禮)
H303,19/10/2025,游水,沙田,,沙田,,,,,,,,游水,,
H303,19/10/2025,踱步,沙田,內圈,沙田 內圈,,,,,,助手,,快踱一圈,H,內圈 快踱一圈 (助手)
H303,18/10/2025,游水,沙田,,沙田,,,,,,,,游水,,
H303,18/10/2025,踱步,沙田,內圈,沙田 內圈,,,,,,助手,,快踱一圈,H,內圈 快踱一圈 (助手)
H303,17/10/2025,游水,沙田,,沙田,,,,,,,,游水,,
H303,17/10/2025,踱步,沙田,內圈,沙田 內圈,,,,,,助手,,快踱一圈,H,內圈 快踱一圈 (助手)
H303,16/10/2025,游水,沙田,,沙田,,,,,,,,游水,,
H303,16/10/2025,踱步,沙田,飛機場,沙田 飛機場,,,,,,助手,,踱步,H,飛機場 踱步 (助手)
H303,15/10/2025,游水,沙田,,沙田,,,,,,,,游水,,
H303,14/10/2025,游水,沙田,,沙田,,,,,,,,游水,,
H303,12/10/2025,出賽,沙田,草地,沙田 草地,1200M,,,,,班德禮,1/12,出賽,BO/TT,1200M (班德禮) (1/12)
H303,11/10/2025,游水,沙田,,沙田,,,,,,,,游水,,
H303,11/10/2025,踱步,沙田,內圈,沙田 內圈,,,,,,助手,,快踱一圈,H,內圈 快踱一圈 (助手)
H303,10/10/2025,快操,沙田,全天候,沙田 全天候,,27.0,27.0,27.0,,班德禮,,快操,H,27.0 (27.0) (班德禮)
H303,10/10/2025,踱步,沙田,飛機場,沙田 飛機場,,,,,,助手,,踱步,H,飛機場 踱步 (助手)
H303,09/10/2025,游水,沙田,,沙田,,,,,,,,游水,,
H303,09/10/2025,踱步,沙田,內圈,沙田 內圈,,,,,,助手,,倒快兩圈,H,內圈 倒快兩圈 (助手)
H303,08/10/2025,游水,沙田,,沙田,,,,,,,,游水,,
H303,07/10/2025,游水,沙田,,沙田,,,,,,,,游水,,
H303,07/10/2025,快操,沙田,全天候,沙田 全天候,,25.1,25.1,25.1,,班德禮,,快操,,25.1 (25.1) (班德禮)
H303,07/10/2025,踱步,沙田,飛機場,沙田 飛機場,,,,,,班德禮,,踱步,,飛機場 踱步 (班德禮)
H303,06/10/2025,游水,沙田,,沙田,,,,,,,,游水,,
H303,06/10/2025,踱步,沙田,內圈,沙田 內圈,,,,,,助手,,倒快兩圈,H,內圈 倒快兩圈 (助手)
H303,05/10/2025,游水,沙田,,沙田,,,,,,,,游水,,
H303,04/10/2025,游水,沙田,,沙田,,,,,,,,游水,,
H303,04/10/2025,快操,沙田,全天候,沙田 全天候,,27.6,27.6,27.6,,班德禮,,快操,H,27.6 (27.6) (班德禮)
H303,04/10/2025,踱步,沙田,飛機場,沙田 飛機場,,,,,,班德禮,,踱步,H,飛機場 踱步 (班德禮)
H303,03/10/2025,游水,沙田,,沙田,,,,,,,,游水,,
H303,03/10/2025,踱步,沙田,內圈,沙田 內圈,,,,,,助手,,快踱一圈,H,內圈 快踱一圈 (助手)
H303,02/10/2025,游水,沙田,,沙田,,,,,,,,游水,,
H303,02/10/2025,踱步,沙田,內圈,沙田 內圈,,,,,,助手,,倒快兩圈,H,內圈 倒快兩圈 (助手)
H303,01/10/2025,游水,沙田,,沙田,,,,,,,,游水,,
H303,01/10/2025,踱步,沙田,內圈,沙田 內圈,,,,,,助手,,快踱一圈,H,內圈 快踱一圈 (助手)
H303,28/09/2025,出賽,沙田,草地,沙田 草地,1200M,,,,,班德禮,1/11,出賽,BO/TT,1200M (班德禮) (1/11)
H303,28/09/2025,踱步,沙田,彭福公園,沙田 彭福公園,,,,,,助手,,踱步,H,彭福公園 踱步 (助手)
H303,27/09/2025,游水,沙田,,沙田,,,,,,,,游水,,
H303,27/09/2025,踱步,沙田,內圈,沙田 內圈,,,,,,助手,,快踱一圈,H,內圈 快踱一圈 (助手)
H303,26/09/2025,游水,沙田,,沙田,,,,,,,,游水,,
H303,26/09/2025,快操,沙田,全天候,沙田 全天候,,27.6,27.6,27.6,,班德禮,,快操,H,27.6 (27.6) (班德禮)
H303,26/09/2025,踱步,沙田,飛機場,沙田 飛機場,,,,,,助手,,踱步,H,飛機場 踱步 (助手)
H303,25/09/2025,游水,沙田,,沙田,,,,,,,,游水,,
H303,25/09/2025,踱步,沙田,內圈,沙田 內圈,,,,,,助手,,倒快兩圈,H,內圈 倒快兩圈 (助手)
H303,23/09/2025,游水,沙田,,沙田,,,,,,,,游水,,
H303,23/09/2025,快操,沙田,全天候,沙田 全天候,,22.5,22.5,22.5,,助手,,快操,,22.5 (22.5) (助手)
H303,23/09/2025,踱步,沙田,飛機場,沙田 飛機場,,,,,,助手,,踱步,,飛機場 踱步 (助手)
H303,22/09/2025,踱步,沙田,內圈,沙田 內圈,,,,,,助手,,倒快兩圈,H,內圈 倒快兩圈 (助手)
H303,21/09/2025,踱步,沙田,彭福公園,沙田 彭福公園,,,,,,助手,,踱步,H,彭福公園 踱步 (助手)
H303,20/09/2025,游水,沙田,,沙田,,,,,,,,游水,,
H303,20/09/2025,踱步,沙田,內圈,沙田 內圈,,,,,,助手,,快踱一圈,H,內圈 快踱一圈 (助手)
H303,19/09/2025,游水,沙田,,沙田,,,,,,,,游水,,
H303,18/09/2025,游水,從化,,從化,,,,,,,,游水,,
H303,18/09/2025,快操,從化,草地,從化 草地,,29.0,29.0,29.0,,助手,,快操,H,29.0 (29.0) (助手)
H303,18/09/2025,踱步,從化,飛機場,從化 飛機場,,,,,,助手,,踱步,H,飛機場 踱步 (助手)
H303,17/09/2025,游水,從化,,從化,,,,,,,,游水,,
H303,17/09/2025,踱步,從化,內圈,從化 內圈,,,,,,助手,,快踱一圈,H,內圈 快踱一圈 (助手)
H303,16/09/2025,游水,從化,,從化,,,,,,,,游水,,
H303,16/09/2025,踱步,從化,內圈,從化 內圈,,,,,,助手,,快踱一圈,H,內圈 快踱一圈 (助手)
H303,15/09/2025,游水,從化,,從化,,,,,,,,游水,,
H303,15/09/2025,踱步,從化,內圈,從化 內圈,,,,,,助手,,倒快兩圈,H,內圈 倒快兩圈 (助手)
H303,14/09/2025,游水,從化,,從化,,,,,,,,游水,,
H303,14/09/2025,踱步,從化,內圈,從化 內圈,,,,,,助手,,快踱一圈,H,內圈 快踱一圈 (助手)
H303,13/09/2025,游水,從化,,從化,,,,,,,,游水,,
H303,12/09/2025,試閘,從化,草地,從化 草地,1000M,0.58.33,58.33,13.9 22.7 21.7,好友心得,黃智弘,,第2組,,第2組 (黃智弘) 1000M 好友心得 13.9 22.7 21.7 (0.58.33)
H303,12/09/2025,踱步,從化,飛機場,從化 飛機場,,,,,,助手,,踱步,,飛機場 踱步 (助手)
H303,11/09/2025,游水,從化,,從化,,,,,,,,游水,,
H303,11/09/2025,踱步,從化,內圈,從化 內圈,,,,,,助手,,倒快兩圈,H,內圈 倒快兩圈 (助手)
H303,10/09/2025,游水,從化,,從化,,,,,,,,游水,,
H303,10/09/2025,踱步,從化,內圈,從化 內圈,,,,,,助手,,快踱一圈,H,內圈 快踱一圈 (助手)
H303,09/09/2025,游水,從化,,從化,,,,,,,,游水,,
H303,08/09/2025,游水,從化,,從化,,,,,,,,游水,,
H303,08/09/2025,快操,從化,全天候,從化 全天候,,25.5,25.5,25.5,,助手,,快操,H,25.5 (25.5) (助手)
H303,08/09/2025,踱步,從化,飛機場,從化 飛機場,,,,,,助手,,踱步,H,飛機場 踱步 (助手)
H303,07/09/2025,游水,從化,,從化,,,,,,,,游水,,
H303,07/09/2025,踱步,從化,內圈,從化 內圈,,,,,,助手,,快踱一圈,H,內圈 快踱一圈 (助手)
H303,06/09/2025,游水,從化,,從化,,,,,,,,游水,,
H303,06/09/2025,踱步,從化,內圈,從化 內圈,,,,,,助手,,快踱一圈,H,內圈 快踱一圈 (助手)
H303,05/09/2025,踱步,沙田,內圈,沙田 內圈,,,,,,助手,,快踱一圈,H,內圈 快踱一圈 (助手)
H303,04/09/2025,踱步,沙田,內圈,沙田 內圈,,,,,,助手,,倒快兩圈,H,內圈 倒快兩圈 (助手)
H303,02/09/2025,試閘,沙田,全天候,沙田 全天候,1050M,1.00.70,60.7,16.0 22.0 22.7,好友心得,班德禮,,第7組,,第7組 (班德禮) 1050M 好友心得 16.0 22.0 22.7 (1.00.70)
H303,02/09/2025,踱步,沙田,飛機場,沙田 飛機場,,,,,,助手,,踱步,H,飛機場 踱步 (助手)
H303,01/09/2025,游水,沙田,,沙田,,,,,,,,游水,,
H303,01/09/2025,踱步,沙田,內圈,沙田 內圈,,,,,,助手,,倒快兩圈,H,內圈 倒快兩圈 (助手)
H303,31/08/2025,游水,沙田,,沙田,,,,,,,,游水,,
H303,30/08/2025,游水,沙田,,沙田,,,,,,,,游水,,
H303,30/08/2025,快操,沙田,全天候,沙田 全天候,,27.8,27.8,27.8,,助手,,快操,H,27.8 (27.8) (助手)
H303,30/08/2025,踱步,沙田,飛機場,沙田 飛機場,,,,,,助手,,踱步,H,飛機場 踱步 (助手)
H303,29/08/2025,游水,沙田,,沙田,,,,,,,,游水,,
H303,29/08/2025,踱步,沙田,內圈,沙田 內圈,,,,,,助手,,快踱一圈,H,內圈 快踱一圈 (助手)
H303,28/08/2025,游水,沙田,,沙田,,,,,,,,游水,,
H303,28/08/2025,踱步,沙田,內圈,沙田 內圈,,,,,,助手,,倒快兩圈,H,內圈 倒快兩圈 (助手)
H303,27/08/2025,游水,沙田,,沙田,,,,,,,,游水,,
H303,26/08/2025,游水,沙田,,沙田,,,,,,,,游水,,
H303,26/08/2025,快操,沙田,全天候,沙田 全天候,,26.4,26.4,26.4,,楊明綸,,快操,H,26.4 (26.4) (楊明綸)
H303,26/08/2025,踱步,沙田,飛機場,沙田 飛機場,,,,,,楊明綸,,踱步,H,飛機場 踱步 (楊明綸)
H303,25/08/2025,游水,沙田,,沙田,,,,,,,,游水,,
H303,25/08/2025,踱步,沙田,內圈,沙田 內圈,,,,,,助手,,倒快兩圈,H,內圈 倒快兩圈 (助手)
H303,24/08/2025,游水,沙田,,沙田,,,,,,,,游水,,
H303,23/08/2025,游水,沙田,,沙田,,,,,,,,游水,,
H303,23/08/2025,快操,沙田,全天候,沙田 全天候,,26.7,26.7,26.7,,楊明綸,,快操,H,26.7 (26.7) (楊明綸)
H303,23/08/2025,踱步,沙田,飛機場,沙田 飛機場,,,,,,助手,,踱步,H,飛機場 踱步 (助手)
H303,22/08/2025,游水,沙田,,沙田,,,,,,,,游水,,
H303,22/08/2025,踱步,沙田,內圈,沙田 內圈,,,,,,助手,,快踱一圈,H,內圈 快踱一圈 (助手)
H303,21/08/2025,游水,沙田,,沙田,,,,,,,,游水,,
H303,21/08/2025,踱步,沙田,內圈,沙田 內圈,,,,,,助手,,倒快兩圈,H,內圈 倒快兩圈 (助手)
H303,20/08/2025,游水,沙田,,沙田,,,,,,,,游水,,
H303,20/08/2025,踱步,沙田,內圈,沙田 內圈,,,,,,助手,,快踱一圈,H,內圈 快踱一圈 (助手)
H303,19/08/2025,游水,沙田,,沙田,,,,,,,,游水,,
H303,19/08/2025,快操,沙田,全天候,沙田 全天候,,28.7,28.7,28.7,,楊明綸,,快操,H,28.7 (28.7) (楊明綸)
H303,19/08/2025,踱步,沙田,飛機場,沙田 飛機場,,,,,,楊明綸,,踱步,H,飛機場 踱步 (楊明綸)
H303,18/08/2025,游水,沙田,,沙田,,,,,,,,游水,,
H303,18/08/2025,踱步,沙田,內圈,沙田 內圈,,,,,,助手,,倒快兩圈,H,內圈 倒快兩圈 (助手)
H303,17/08/2025,游水,沙田,,沙田,,,,,,,,游水,,
H303,16/08/2025,游水,沙田,,沙田,,,,,,,,游水,,
H303,16/08/2025,踱步,沙田,內圈,沙田 內圈,,,,,,助手,,快踱一圈,H,內圈 快踱一圈 (助手)
H303,15/08/2025,游水,沙田,,沙田,,,,,,,,游水,,
H303,15/08/2025,踱步,沙田,內圈,沙田 內圈,,,,,,助手,,快踱一圈,H,內圈 快踱一圈 (助手)
H303,14/08/2025,游水,沙田,,沙田,,,,,,,,游水,,
H303,14/08/2025,快操,沙田,全天候,沙田 全天候,,28.4,28.4,28.4,,助手,,快操,H,28.4 (28.4) (助手)
H303,14/08/2025,踱步,沙田,飛機場,沙田 飛機場,,,,,,助手,,踱步,H,飛機場 踱步 (助手)
H303,13/08/2025,游水,沙田,,沙田,,,,,,,,游水,,
H303,13/08/2025,踱步,沙田,內圈,沙田 內圈,,,,,,助手,,快踱一圈,H,內圈 快踱一圈 (助手)
H303,12/08/2025,游水,沙田,,沙田,,,,,,,,游水,,
H303,12/08/2025,踱步,沙田,內圈,沙田 內圈,,,,,,助手,,快踱一圈,H,內圈 快踱一圈 (助手)
H303,11/08/2025,游水,沙田,,沙田,,,,,,,,游水,,
H303,11/08/2025,快操,沙田,全天候,沙田 全天候,,30.6,30.6,30.6,,田泰安,,快操,H,30.6 (30.6) (田泰安)
H303,11/08/2025,踱步,沙田,飛機場,沙田 飛機場,,,,,,助手,,踱步,H,飛機場 踱步 (助手)
H303,10/08/2025,游水,沙田,,沙田,,,,,,,,游水,,
H303,10/08/2025,踱步,沙田,內圈,沙田 內圈,,,,,,助手,,快踱一圈,H,內圈 快踱一圈 (助手)
H303,09/08/2025,游水,沙田,,沙田,,,,,,,,游水,,
H303,09/08/2025,踱步,沙田,內圈,沙田 內圈,,,,,,助手,,快踱一圈,H,內圈 快踱一圈 (助手)
H303,08/08/2025,游水,沙田,,沙田,,,,,,,,游水,,
H303,08/08/2025,快操,沙田,全天候,沙田 全天候,,29.6,29.6,29.6,,助手,,快操,H,29.6 (29.6) (助手)
H303,08/08/2025,踱步,沙田,飛機場,沙田 飛機場,,,,,,助手,,踱步,H,飛機場 踱步 (助手)
H303,07/08/2025,游水,沙田,,沙田,,,,,,,,游水,,
H303,07/08/2025,踱步,沙田,內圈,沙田 內圈,,,,,,助手,,倒快一圈,H,內圈 倒快一圈 (助手)
H303,06/08/2025,游水,沙田,,沙田,,,,,,,,游水,,
H303,06/08/2025,踱步,沙田,內圈,沙田 內圈,,,,,,助手,,快踱一圈,H,內圈 快踱一圈 (助手)
H303,04/08/2025,游水,沙田,,沙田,,,,,,,,游水,,
H303,04/08/2025,踱步,沙田,內圈,沙田 內圈,,,,,,助手,,快踱一圈,H,內圈 快踱一圈 (助手)
H303,03/08/2025,游水,沙田,,沙田,,,,,,,,游水,,
H303,03/08/2025,踱步,沙田,飛機場,沙田 飛機場,,,,,,助手,,踱步,H,飛機場 踱步 (助手)
H303,02/08/2025,游水,沙田,,沙田,,,,,,,,游水,,
H303,02/08/2025,踱步,沙田,飛機場,沙田 飛機場,,,,,,助手,,踱步,H,飛機場 踱步 (助手)
H303,01/08/2025,游水,沙田,,沙田,,,,,,,,游水,,
H303,16/07/2025,出賽,跑馬地,草地,跑馬地 草地,1200M,,,,,班德禮,2/12,出賽,BO1/TT,1200M (班德禮) (2/12)
H303,16/07/2025,踱步,沙田,彭福公園,沙田 彭福公園,,,,,,助手,,踱步,H,彭福公園 踱步 (助手)
H303,15/07/2025,游水,沙田,,沙田,,,,,,,,游水,,
H303,14/07/2025,游水,沙田,,沙田,,,,,,,,游水,,
H303,14/07/2025,踱步,沙田,內圈,沙田 內圈,,,,,,助手,,倒快兩圈,H,內圈 倒快兩圈 (助手)
H303,13/07/2025,游水,沙田,,沙田,,,,,,,,游水,,
H303,13/07/2025,踱步,沙田,內圈,沙田 內圈,,,,,,助手,,快踱一圈,H,內圈 快踱一圈 (助手)
H303,12/07/2025,游水,沙田,,沙田,,,,,,,,游水,,
H303,12/07/2025,快操,沙田,全天候,沙田 全天候,,27.8,27.8,27.8,,助手,,快操,H,27.8 (27.8) (助手)
H303,12/07/2025,踱步,沙田,飛機場,沙田 飛機場,,,,,,助手,,踱步,H,飛機場 踱步 (助手)
H303,11/07/2025,游水,沙田,,沙田,,,,,,,,游水,,
H303,10/07/2025,游水,沙田,,沙田,,,,,,,,游水,,
H303,10/07/2025,踱步,沙田,內圈,沙田 內圈,,,,,,助手,,倒快兩圈,H,內圈 倒快兩圈 (助手)
H303,09/07/2025,游水,沙田,,沙田,,,,,,,,游水,,
H303,09/07/2025,踱步,沙田,飛機場,沙田 飛機場,,,,,,助手,,踱步,H,飛機場 踱步 (助手)
H303,08/07/2025,游水,沙田,,沙田,,,,,,,,游水,,
H303,07/07/2025,游水,沙田,,沙田,,,,,,,,游水,,
H303,05/07/2025,出賽,沙田,草地,沙田 草地,1200M,,,,,霍宏聲,6/11,出賽,TT,1200M (霍宏聲) (6/11)
H303,05/07/2025,踱步,沙田,彭福公園,沙田 彭福公園,,,,,,助手,,踱步,H,彭福公園 踱步 (助手)
H303,04/07/2025,游水,沙田,,沙田,,,,,,,,游水,,
H303,04/07/2025,踱步,沙田,內圈,沙田 內圈,,,,,,助手,,快踱一圈,H,內圈 快踱一圈 (助手)
H303,03/07/2025,游水,沙田,,沙田,,,,,,,,游水,,
H303,03/07/2025,踱步,沙田,內圈,沙田 內圈,,,,,,助手,,倒快兩圈,H,內圈 倒快兩圈 (助手)
H303,02/07/2025,游水,沙田,,沙田,,,,,,,,游水,,
H303,01/07/2025,游水,沙田,,沙田,,,,,,,,游水,,
H303,01/07/2025,快操,沙田,全天候,沙田 全天候,,57.5,57.5,33.6 23.9,,霍宏聲,,快操,,33.6 23.9 (57.5) (霍宏聲)
H303,01/07/2025,踱步,沙田,飛機場,沙田 飛機場,,,,,,霍宏聲,,踱步,,飛機場 踱步 (霍宏聲)
H303,30/06/2025,游水,沙田,,沙田,,,,,,,,游水,,
H303,30/06/2025,踱步,沙田,內圈,沙田 內圈,,,,,,助手,,倒快兩圈,H,內圈 倒快兩圈 (助手)
H303,29/06/2025,游水,沙田,,沙田,,,,,,,,游水,,
H303,28/06/2025,游水,沙田,,沙田,,,,,,,,游水,,
H303,28/06/2025,踱步,沙田,內圈,沙田 內圈,,,,,,助手,,快踱一圈,H,內圈 快踱一圈 (助手)
H303,27/06/2025,游水,沙田,,沙田,,,,,,,,游水,,
H303,26/06/2025,游水,沙田,,沙田,,,,,,,,游水,,
H303,26/06/2025,快操,沙田,草閘,沙田 草閘,,47.0,47.0,24.5 22.5,,霍宏聲,,快操,B,24.5 22.5 (47.0) (霍宏聲)
H303,26/06/2025,踱步,沙田,飛機場,沙田 飛機場,,,,,,霍宏聲,,踱步,BO,飛機場 踱步 (霍宏聲)
H303,25/06/2025,游水,沙田,,沙田,,,,,,,,游水,,
H303,25/06/2025,踱步,沙田,內圈,沙田 內圈,,,,,,助手,,快踱一圈,H,內圈 快踱一圈 (助手)
H303,24/06/2025,游水,沙田,,沙田,,,,,,,,游水,,
H303,24/06/2025,踱步,沙田,內圈,沙田 內圈,,,,,,助手,,快踱一圈,H,內圈 快踱一圈 (助手)
H303,23/06/2025,游水,沙田,,沙田,,,,,,,,游水,,
H303,23/06/2025,踱步,沙田,內圈,沙田 內圈,,,,,,助手,,倒快兩圈,H,內圈 倒快兩圈 (助手)
H303,22/06/2025,游水,沙田,,沙田,,,,,,,,游水,,
H303,21/06/2025,游水,沙田,,沙田,,,,,,,,游水,,
H303,21/06/2025,踱步,沙田,內圈,沙田 內圈,,,,,,助手,,快踱一圈,H,內圈 快踱一圈 (助手)
H303,20/06/2025,游水,沙田,,沙田,,,,,,,,游水,,
H303,20/06/2025,踱步,沙田,內圈,沙田 內圈,,,,,,助手,,快踱一圈,H,內圈 快踱一圈 (助手)
H303,19/06/2025,游水,沙田,,沙田,,,,,,,,游水,,
H303,19/06/2025,踱步,沙田,內圈,沙田 內圈,,,,,,助手,,倒快兩圈,H,內圈 倒快兩圈 (助手)
H303,18/06/2025,游水,沙田,,沙田,,,,,,,,游水,,
H303,17/06/2025,游水,沙田,,沙田,,,,,,,,游水,,
H303,16/06/2025,游水,沙田,,沙田,,,,,,,,游水,,
H303,14/06/2025,出賽,沙田,草地,沙田 草地,1200M,,,,,霍宏聲,5/11,出賽,TT,1200M (霍宏聲) (5/11)
H303,14/06/2025,踱步,沙田,彭福公園,沙田 彭福公園,,,,,,助手,,踱步,H,彭福公園 踱步 (助手)
H303,13/06/2025,游水,沙田,,沙田,,,,,,,,游水,,
H303,13/06/2025,踱步,沙田,內圈,沙田 內圈,,,,,,助手,,快踱一圈,H,內圈 快踱一圈 (助手)
H303,12/06/2025,游水,沙田,,沙田,,,,,,,,游水,,
H303,11/06/2025,游水,沙田,,沙田,,,,,,,,游水,,
H303,11/06/2025,快操,沙田,全天候,沙田 全天候,,26.9,26.9,26.9,,霍宏聲,,快操,H,26.9 (26.9) (霍宏聲)
H303,11/06/2025,踱步,沙田,飛機場,沙田 飛機場,,,,,,霍宏聲,,踱步,H,飛機場 踱步 (霍宏聲)
H303,10/06/2025,游水,沙田,,沙田,,,,,,,,游水,,
H303,10/06/2025,踱步,沙田,內圈,沙田 內圈,,,,,,助手,,快踱一圈,H,內圈 快踱一圈 (助手)
H303,09/06/2025,游水,沙田,,沙田,,,,,,,,游水,,
H303,09/06/2025,踱步,沙田,內圈,沙田 內圈,,,,,,助手,,倒快兩圈,H,內圈 倒快兩圈 (助手)
H303,08/06/2025,游水,沙田,,沙田,,,,,,,,游水,,
H303,07/06/2025,游水,沙田,,沙田,,,,,,,,游水,,
H303,06/06/2025,游水,沙田,,沙田,,,,,,,,游水,,
H303,04/06/2025,出賽,跑馬地,草地,跑馬地 草地,1200M,,,,,霍宏聲,3/12,出賽,TT,1200M (霍宏聲) (3/12)
H303,04/06/2025,踱步,沙田,彭福公園,沙田 彭福公園,,,,,,助手,,踱步,H,彭福公園 踱步 (助手)
H303,03/06/2025,游水,沙田,,沙田,,,,,,,,游水,,
H303,03/06/2025,踱步,沙田,內圈,沙田 內圈,,,,,,助手,,快踱一圈,H,內圈 快踱一圈 (助手)
H303,02/06/2025,游水,沙田,,沙田,,,,,,,,游水,,
H303,02/06/2025,踱步,沙田,內圈,沙田 內圈,,,,,,助手,,倒快兩圈,H,內圈 倒快兩圈 (助手)
H303,01/06/2025,游水,沙田,,沙田,,,,,,,,游水,,
H303,01/06/2025,踱步,沙田,內圈,沙田 內圈,,,,,,助手,,快踱一圈,H,內圈 快踱一圈 (助手)
H303,31/05/2025,游水,從化,,從化,,,,,,,,游水,,
H303,31/05/2025,踱步,從化,內圈,從化 內圈,,,,,,助手,,快踱一圈,H,內圈 快踱一圈 (助手)
H303,30/05/2025,游水,從化,,從化,,,,,,,,游水,,
H303,30/05/2025,踱步,從化,內圈,從化 內圈,,,,,,助手,,快踱一圈,H,內圈 快踱一圈 (助手)
H303,29/05/2025,游水,從化,,從化,,,,,,,,游水,,
H303,29/05/2025,踱步,從化,內圈,從化 內圈,,,,,,助手,,倒快兩圈,H,內圈 倒快兩圈 (助手)
H303,28/05/2025,游水,從化,,從化,,,,,,,,游水,,
H303,28/05/2025,踱步,從化,內圈,從化 內圈,,,,,,助手,,快踱一圈,H,內圈 快踱一圈 (助手)
H303,27/05/2025,游水,從化,,從化,,,,,,,,游水,,
H303,26/05/2025,試閘,從化,草地,從化 草地,1000M,0.58.47,58.47,13.7 22.0 22.7,氣勢,哥拉利,,第1組,,第1組 (哥拉利) 1000M 氣勢 13.7 22.0 22.7 (0.58.47)
H303,26/05/2025,踱步,從化,飛機場,從化 飛機場,,,,,,助手,,踱步,,飛機場 踱步 (助手)
H303,25/05/2025,游水,從化,,從化,,,,,,,,游水,,
H303,24/05/2025,游水,從化,,從化,,,,,,,,游水,,
H303,24/05/2025,快操,從化,草地,從化 草地,,27.2,27.2,27.2,,助手,,快操,H,27.2 (27.2) (助手)
H303,24/05/2025,踱步,從化,飛機場,從化 飛機場,,,,,,助手,,踱步,H,飛機場 踱步 (助手)
H303,23/05/2025,游水,從化,,從化,,,,,,,,游水,,
H303,23/05/2025,踱步,從化,內圈,從化 內圈,,,,,,助手,,快踱一圈,H,內圈 快踱一圈 (助手)
H303,22/05/2025,游水,從化,,從化,,,,,,,,游水,,
H303,22/05/2025,踱步,從化,內圈,從化 內圈,,,,,,助手,,倒快兩圈,H,內圈 倒快兩圈 (助手)
H303,21/05/2025,游水,從化,,從化,,,,,,,,游水,,
H303,21/05/2025,快操,從化,登山跑道,從化 登山跑道,,31.9,31.9,31.9,,助手,,快操,H,31.9 (31.9) (助手)
H303,21/05/2025,踱步,從化,飛機場,從化 飛機場,,,,,,助手,,踱步,H,飛機場 踱步 (助手)
H303,20/05/2025,游水,從化,,從化,,,,,,,,游水,,
H303,20/05/2025,踱步,從化,內圈,從化 內圈,,,,,,助手,,快踱一圈,H,內圈 快踱一圈 (助手)
H303,19/05/2025,游水,從化,,從化,,,,,,,,游水,,
H303,19/05/2025,踱步,從化,內圈,從化 內圈,,,,,,助手,,倒快兩圈,H,內圈 倒快兩圈 (助手)
H303,18/05/2025,游水,從化,,從化,,,,,,,,游水,,
H303,18/05/2025,踱步,從化,飛機場,從化 飛機場,,,,,,助手,,踱步,H,飛機場 踱步 (助手)
H303,17/05/2025,游水,從化,,從化,,,,,,,,游水,,
H303,16/05/2025,踱步,沙田,內圈,沙田 內圈,,,,,,助手,,快踱一圈,H,內圈 快踱一圈 (助手)
H303,15/05/2025,游水,沙田,,沙田,,,,,,,,游水,,
H303,15/05/2025,踱步,沙田,內圈,沙田 內圈,,,,,,助手,,倒快兩圈,H,內圈 倒快兩圈 (助手)
H303,14/05/2025,游水,沙田,,沙田,,,,,,,,游水,,
H303,14/05/2025,踱步,沙田,內圈,沙田 內圈,,,,,,助手,,快踱一圈,H,內圈 快踱一圈 (助手)
H303,13/05/2025,游水,沙田,,沙田,,,,,,,,游水,,
H303,12/05/2025,游水,沙田,,沙田,,,,,,,,游水,,
H303,10/05/2025,出賽,沙田,草地,沙田 草地,1200M,,,,,霍宏聲,3/12,出賽,CP-/TT,1200M (霍宏聲) (3/12)
H303,10/05/2025,踱步,沙田,內圈,沙田 內圈,,,,,,助手,,快踱一圈,H,內圈 快踱一圈 (助手)
H303,09/05/2025,游水,沙田,,沙田,,,,,,,,游水,,
H303,09/05/2025,踱步,沙田,內圈,沙田 內圈,,,,,,助手,,快踱一圈,H,內圈 快踱一圈 (助手)
H303,08/05/2025,游水,從化,,從化,,,,,,,,游水,,
H303,08/05/2025,快操,從化,草地,從化 草地,,28.4,28.4,28.4,,助手,,快操,H,28.4 (28.4) (助手)
H303,08/05/2025,踱步,從化,飛機場,從化 飛機場,,,,,,助手,,踱步,H,飛機場 踱步 (助手)
H303,07/05/2025,游水,從化,,從化,,,,,,,,游水,,
H303,07/05/2025,踱步,從化,內圈,從化 內圈,,,,,,助手,,快踱一圈,H,內圈 快踱一圈 (助手)
H303,06/05/2025,游水,從化,,從化,,,,,,,,游水,,
H303,05/05/2025,游水,從化,,從化,,,,,,,,游水,,
H303,05/05/2025,快操,從化,全天候,從化 全天候,,24.2,24.2,24.2,,助手,,快操,,24.2 (24.2) (助手)
H303,05/05/2025,踱步,從化,飛機場,從化 飛機場,,,,,,助手,,踱步,,飛機場 踱步 (助手)
H303,04/05/2025,游水,從化,,從化,,,,,,,,游水,,
H303,04/05/2025,踱步,從化,內圈,從化 內圈,,,,,,助手,,快踱一圈,H,內圈 快踱一圈 (助手)
H303,03/05/2025,游水,從化,,從化,,,,,,,,游水,,
H303,03/05/2025,踱步,從化,內圈,從化 內圈,,,,,,助手,,快踱一圈,H,內圈 快踱一圈 (助手)
H303,02/05/2025,游水,從化,,從化,,,,,,,,游水,,
H303,01/05/2025,游水,從化,,從化,,,,,,,,游水,,
H303,01/05/2025,快操,從化,草地,從化 草地,,27.2,27.2,27.2,,助手,,快操,H,27.2 (27.2) (助手)
H303,01/05/2025,踱步,從化,飛機場,從化 飛機場,,,,,,助手,,踱步,H,飛機場 踱步 (助手)
H303,30/04/2025,游水,從化,,從化,,,,,,,,游水,,
H303,30/04/2025,踱步,從化,內圈,從化 內圈,,,,,,助手,,快踱一圈,H,內圈 快踱一圈 (助手)
H303,29/04/2025,游水,從化,,從化,,,,,,,,游水,,
H303,29/04/2025,踱步,從化,內圈,從化 內圈,,,,,,助手,,快踱一圈,H,內圈 快踱一圈 (助手)
H303,28/04/2025,游水,從化,,從化,,,,,,,,游水,,
H303,28/04/2025,踱步,從化,內圈,從化 內圈,,,,,,助手,,倒快兩圈,H,內圈 倒快兩圈 (助手)
H303,27/04/2025,游水,從化,,從化,,,,,,,,游水,,
H303,27/04/2025,踱步,從化,飛機場,從化 飛機場,,,,,,助手,,踱步,H,飛機場 踱步 (助手)
H303,26/04/2025,游水,從化,,從化,,,,,,,,游水,,
H303,25/04/2025,試閘,從化,草地,從化 草地,1000M,0.57.28,57.28,13.4 20.9 22.9,氣勢,黃寶妮,,第1組,,第1組 (黃寶妮) 1000M 氣勢 13.4 20.9 22.9 (0.57.28)
H303,25/04/2025,踱步,從化,飛機場,從化 飛機場,,,,,,助手,,踱步,,飛機場 踱步 (助手)
H303,24/04/2025,游水,從化,,從化,,,,,,,,游水,,
H303,24/04/2025,踱步,從化,內圈,從化 內圈,,,,,,助手,,倒快兩圈,H,內圈 倒快兩圈 (助手)
H303,23/04/2025,游水,從化,,從化,,,,,,,,游水,,
H303,23/04/2025,踱步,從化,內圈,從化 內圈,,,,,,助手,,快踱一圈,H,內圈 快踱一圈 (助手)
H303,22/04/2025,游水,從化,,從化,,,,,,,,游水,,
H303,21/04/2025,游水,從化,,從化,,,,,,,,游水,,
H303,21/04/2025,快操,從化,草地,從化 草地,,58.0,58.0,33.1 24.9,,助手,,快操,,33.1 24.9 (58.0) (助手)
H303,21/04/2025,踱步,從化,飛機場,從化 飛機場,,,,,,助手,,踱步,,飛機場 踱步 (助手)
H303,20/04/2025,游水,從化,,從化,,,,,,,,游水,,
H303,20/04/2025,踱步,從化,內圈,從化 內圈,,,,,,助手,,快踱一圈,H,內圈 快踱一圈 (助手)
H303,19/04/2025,游水,從化,,從化,,,,,,,,游水,,
H303,18/04/2025,游水,從化,,從化,,,,,,,,游水,,
H303,18/04/2025,快操,從化,全天候,從化 全天候,,28.6,28.6,28.6,,助手,,快操,H,28.6 (28.6) (助手)
H303,18/04/2025,踱步,從化,飛機場,從化 飛機場,,,,,,助手,,踱步,H,飛機場 踱步 (助手)
H303,17/04/2025,游水,從化,,從化,,,,,,,,游水,,
H303,17/04/2025,踱步,從化,內圈,從化 內圈,,,,,,助手,,倒快兩圈,H,內圈 倒快兩圈 (助手)
H303,16/04/2025,游水,從化,,從化,,,,,,,,游水,,
H303,15/04/2025,游水,從化,,從化,,,,,,,,游水,,
H303,15/04/2025,快操,從化,草地,從化 草地,,30.3,30.3,30.3,,助手,,快操,H,30.3 (30.3) (助手)
H303,15/04/2025,踱步,從化,飛機場,從化 飛機場,,,,,,助手,,踱步,H,飛機場 踱步 (助手)
H303,14/04/2025,游水,從化,,從化,,,,,,,,游水,,
H303,14/04/2025,踱步,從化,內圈,從化 內圈,,,,,,助手,,倒快兩圈,H,內圈 倒快兩圈 (助手)
H303,13/04/2025,游水,從化,,從化,,,,,,,,游水,,
H303,13/04/2025,踱步,從化,內圈,從化 內圈,,,,,,助手,,快踱一圈,H,內圈 快踱一圈 (助手)
H303,12/04/2025,游水,從化,,從化,,,,,,,,游水,,
H303,12/04/2025,踱步,從化,內圈,從化 內圈,,,,,,助手,,快踱一圈,H,內圈 快踱一圈 (助手)
H303,11/04/2025,游水,從化,,從化,,,,,,,,游水,,
H303,10/04/2025,游水,從化,,從化,,,,,,,,游水,,
H303,10/04/2025,快操,從化,全天候,從化 全天候,,29.7,29.7,29.7,,助手,,快操,H,29.7 (29.7) (助手)
H303,10/04/2025,踱步,從化,飛機場,從化 飛機場,,,,,,助手,,踱步,H,飛機場 踱步 (助手)
H303,09/04/2025,游水,從化,,從化,,,,,,,,游水,,
H303,09/04/2025,踱步,從化,內圈,從化 內圈,,,,,,助手,,快踱一圈,H,內圈 快踱一圈 (助手)
H303,08/04/2025,游水,從化,,從化,,,,,,,,游水,,
H303,08/04/2025,踱步,從化,內圈,從化 內圈,,,,,,助手,,快踱一圈,H,內圈 快踱一圈 (助手)
H303,07/04/2025,游水,從化,,從化,,,,,,,,游水,,
H303,07/04/2025,踱步,從化,內圈,從化 內圈,,,,,,助手,,倒快兩圈,H,內圈 倒快兩圈 (助手)
H303,06/04/2025,游水,從化,,從化,,,,,,,,游水,,
H303,06/04/2025,踱步,從化,內圈,從化 內圈,,,,,,助手,,快踱一圈,H,內圈 快踱一圈 (助手)
H303,05/04/2025,游水,從化,,從化,,,,,,,,游水,,
H303,05/04/2025,踱步,從化,內圈,從化 內圈,,,,,,助手,,快踱一圈,H,內圈 快踱一圈 (助手)
H303,04/04/2025,游水,從化,,從化,,,,,,,,游水,,
H303,04/04/2025,踱步,從化,內圈,從化 內圈,,,,,,助手,,快踱一圈,H,內圈 快踱一圈 (助手)
H303,03/04/2025,游水,從化,,從化,,,,,,,,游水,,
H303,03/04/2025,踱步,從化,飛機場,從化 飛機場,,,,,,助手,,踱步,H,飛機場 踱步 (助手)
H303,02/04/2025,踱步,從化,飛機場,從化 飛機場,,,,,,助手,,踱步,H,飛機場 踱步 (助手)
H303,01/04/2025,踱步,從化,飛機場,從化 飛機場,,,,,,助手,,踱步,,飛機場 踱步 (助手)
H303,31/03/2025,踱步,從化,飛機場,從化 飛機場,,,,,,助手,,踱步,,飛機場 踱步 (助手)
H303,14/03/2025,游水,從化,,從化,,,,,,,,游水,,
H303,14/03/2025,踱步,從化,飛機場,從化 飛機場,,,,,,助手,,踱步,H,飛機場 踱步 (助手)
H303,17/02/2025,游水,沙田,,沙田,,,,,,,,游水,,
H303,12/02/2025,出賽,沙田,全天候,沙田 全天候,1200M,,,,,田泰安,9/9,出賽,CP/TT,1200M (田泰安) (9/9)
H303,12/02/2025,踱步,沙田,彭福公園,沙田 彭福公園,,,,,,助手,,踱步,H,彭福公園 踱步 (助手)
H303,11/02/2025,游水,沙田,,沙田,,,,,,,,游水,,
H303,11/02/2025,踱步,沙田,內圈,沙田 內圈,,,,,,助手,,快踱一圈,H,內圈 快踱一圈 (助手)
H303,10/02/2025,游水,沙田,,沙田,,,,,,,,游水,,
H303,10/02/2025,踱步,沙田,外圈,沙田 外圈,,,,,,助手,,快踱一圈,H,外圈 快踱一圈 (助手)
H303,09/02/2025,游水,沙田,,沙田,,,,,,,,游水,,
H303,09/02/2025,踱步,沙田,內圈,沙田 內圈,,,,,,助手,,快踱一圈,H,內圈 快踱一圈 (助手)
H303,08/02/2025,游水,從化,,從化,,,,,,,,游水,,
H303,08/02/2025,快操,從化,草地,從化 草地,,26.1,26.1,26.1,,助手,,快操,H,26.1 (26.1) (助手)
H303,08/02/2025,踱步,從化,飛機場,從化 飛機場,,,,,,助手,,踱步,H,飛機場 踱步 (助手)
H303,07/02/2025,游水,從化,,從化,,,,,,,,游水,,
H303,07/02/2025,踱步,從化,內圈,從化 內圈,,,,,,助手,,快踱一圈,H,內圈 快踱一圈 (助手)
H303,06/02/2025,游水,從化,,從化,,,,,,,,游水,,
H303,06/02/2025,踱步,從化,內圈,從化 內圈,,,,,,助手,,倒快兩圈,H,內圈 倒快兩圈 (助手)
H303,05/02/2025,游水,從化,,從化,,,,,,,,游水,,
H303,04/02/2025,游水,從化,,從化,,,,,,,,游水,,
H303,04/02/2025,快操,從化,草地,從化 草地,,27.0,27.0,27.0,,助手,,快操,H,27.0 (27.0) (助手)
H303,04/02/2025,踱步,從化,飛機場,從化 飛機場,,,,,,助手,,踱步,H,飛機場 踱步 (助手)
H303,03/02/2025,游水,從化,,從化,,,,,,,,游水,,
H303,03/02/2025,踱步,從化,內圈,從化 內圈,,,,,,助手,,倒快兩圈,H,內圈 倒快兩圈 (助手)
H303,02/02/2025,游水,從化,,從化,,,,,,,,游水,,
H303,01/02/2025,游水,從化,,從化,,,,,,,,游水,,
H303,31/01/2025,游水,從化,,從化,,,,,,,,游水,,
H303,31/01/2025,快操,從化,全天候,從化 全天候,,59.0,59.0,33.6 25.4,,助手,,快操,H,33.6 25.4 (59.0) (助手)
H303,31/01/2025,踱步,從化,飛機場,從化 飛機場,,,,,,助手,,踱步,H,飛機場 踱步 (助手)
H303,30/01/2025,游水,從化,,從化,,,,,,,,游水,,
H303,30/01/2025,踱步,從化,內圈,從化 內圈,,,,,,助手,,倒快兩圈,H,內圈 倒快兩圈 (助手)
H303,28/01/2025,游水,從化,,從化,,,,,,,,游水,,
H303,28/01/2025,踱步,從化,內圈,從化 內圈,,,,,,助手,,快踱一圈,H,內圈 快踱一圈 (助手)
H303,27/01/2025,游水,從化,,從化,,,,,,,,游水,,
H303,27/01/2025,踱步,從化,內圈,從化 內圈,,,,,,助手,,倒快兩圈,H,內圈 倒快兩圈 (助手)
H303,26/01/2025,游水,從化,,從化,,,,,,,,游水,,
H303,26/01/2025,踱步,從化,內圈,從化 內圈,,,,,,助手,,快踱一圈,H,內圈 快踱一圈 (助手)
H303,25/01/2025,游水,從化,,從化,,,,,,,,游水,,
H303,25/01/2025,踱步,從化,內圈,從化 內圈,,,,,,助手,,快踱一圈,H,內圈 快踱一圈 (助手)
H303,23/01/2025,游水,沙田,,沙田,,,,,,,,游水,,
H303,23/01/2025,快操,沙田,全天候,沙田 全天候,,26.9,26.9,26.9,,助手,,快操,H,26.9 (26.9) (助手)
H303,23/01/2025,踱步,沙田,飛機場,沙田 飛機場,,,,,,助手,,踱步,H,飛機場 踱步 (助手)
H303,22/01/2025,游水,沙田,,沙田,,,,,,,,游水,,
H303,22/01/2025,踱步,沙田,內圈,沙田 內圈,,,,,,助手,,快踱一圈,H,內圈 快踱一圈 (助手)
H303,21/01/2025,游水,沙田,,沙田,,,,,,,,游水,,
H303,21/01/2025,踱步,沙田,內圈,沙田 內圈,,,,,,助手,,快踱一圈,H,內圈 快踱一圈 (助手)
H303,20/01/2025,游水,沙田,,沙田,,,,,,,,游水,,
H303,20/01/2025,踱步,沙田,內圈,沙田 內圈,,,,,,助手,,倒快兩圈,H,內圈 倒快兩圈 (助手)
H303,19/01/2025,游水,沙田,,沙田,,,,,,,,游水,,
H303,18/01/2025,游水,沙田,,沙田,,,,,,,,游水,,
H303,17/01/2025,游水,沙田,,沙田,,,,,,,,游水,,
H303,15/01/2025,出賽,跑馬地,草地,跑馬地 草地,1000M,,,,,霍宏聲,5/9,出賽,CP2/TT,1000M (霍宏聲) (5/9)
H303,15/01/2025,踱步,沙田,彭福公園,沙田 彭福公園,,,,,,助手,,踱步,H,彭福公園 踱步 (助手)
H303,14/01/2025,游水,沙田,,沙田,,,,,,,,游水,,
H303,13/01/2025,游水,沙田,,沙田,,,,,,,,游水,,
H303,13/01/2025,踱步,沙田,內圈,沙田 內圈,,,,,,助手,,倒快兩圈,H,內圈 倒快兩圈 (助手)
H303,12/01/2025,游水,沙田,,沙田,,,,,,,,游水,,
H303,12/01/2025,踱步,沙田,內圈,沙田 內圈,,,,,,助手,,快踱一圈,H,內圈 快踱一圈 (助手)
H303,11/01/2025,游水,沙田,,沙田,,,,,,,,游水,,
H303,11/01/2025,踱步,沙田,外圈,沙田 外圈,,,,,,助手,,快踱一圈,H,外圈 快踱一圈 (助手)
H303,10/01/2025,游水,沙田,,沙田,,,,,,,,游水,,
H303,10/01/2025,踱步,沙田,內圈,沙田 內圈,,,,,,助手,,快踱一圈,H,內圈 快踱一圈 (助手)
H303,09/01/2025,游水,沙田,,沙田,,,,,,,,游水,,
H303,09/01/2025,踱步,沙田,內圈,沙田 內圈,,,,,,助手,,倒快兩圈,H,內圈 倒快兩圈 (助手)
H303,08/01/2025,游水,沙田,,沙田,,,,,,,,游水,,
H303,08/01/2025,快操,沙田,全天候,沙田 全天候,,27.3,27.3,27.3,,助手,,快操,H,27.3 (27.3) (助手)
H303,08/01/2025,踱步,沙田,飛機場,沙田 飛機場,,,,,,助手,,踱步,,飛機場 踱步 (助手)
H303,07/01/2025,游水,沙田,,沙田,,,,,,,,游水,,
H303,07/01/2025,踱步,沙田,內圈,沙田 內圈,,,,,,助手,,快踱一圈,H,內圈 快踱一圈 (助手)
H303,06/01/2025,游水,沙田,,沙田,,,,,,,,游水,,
H303,06/01/2025,踱步,沙田,內圈,沙田 內圈,,,,,,助手,,倒快一圈,H,內圈 倒快一圈 (助手)
H303,05/01/2025,游水,沙田,,沙田,,,,,,,,游水,,
H303,04/01/2025,游水,沙田,,沙田,,,,,,,,游水,,
H303,03/01/2025,游水,沙田,,沙田,,,,,,,,游水,,
H303,01/01/2025,出賽,沙田,草地,沙田 草地,1400M,,,,,希威森,8/11,出賽,TT,1400M (希威森) (8/11)
H303,01/01/2025,踱步,沙田,彭福公園,沙田 彭福公園,,,,,,助手,,踱步,H,彭福公園 踱步 (助手)
H303,31/12/2024,游水,沙田,,沙田,,,,,,,,游水,,
H303,31/12/2024,踱步,沙田,內圈,沙田 內圈,,,,,,助手,,快踱一圈,H,內圈 快踱一圈 (助手)
H303,30/12/2024,游水,沙田,,沙田,,,,,,,,游水,,
H303,30/12/2024,踱步,沙田,內圈,沙田 內圈,,,,,,助手,,倒快兩圈,H,內圈 倒快兩圈 (助手)
H303,29/12/2024,游水,沙田,,沙田,,,,,,,,游水,,
H303,29/12/2024,快操,沙田,全天候,沙田 全天候,,26.7,26.7,26.7,,助手,,快操,H,26.7 (26.7) (助手)
H303,29/12/2024,踱步,沙田,飛機場,沙田 飛機場,,,,,,助手,,踱步,H,飛機場 踱步 (助手)
H303,28/12/2024,游水,沙田,,沙田,,,,,,,,游水,,
H303,28/12/2024,踱步,沙田,內圈,沙田 內圈,,,,,,助手,,快踱一圈,H,內圈 快踱一圈 (助手)
H303,27/12/2024,游水,沙田,,沙田,,,,,,,,游水,,
H303,27/12/2024,踱步,沙田,飛機場,沙田 飛機場,,,,,,助手,,踱步,H,飛機場 踱步 (助手)
H303,26/12/2024,游水,沙田,,沙田,,,,,,,,游水,,
H303,26/12/2024,快操,沙田,全天候,沙田 全天候,,23.0,23.0,23.0,,助手,,快操,H,23.0 (23.0) (助手)
H303,26/12/2024,踱步,沙田,飛機場,沙田 飛機場,,,,,,助手,,踱步,H,飛機場 踱步 (助手)
H303,25/12/2024,游水,沙田,,沙田,,,,,,,,游水,,
H303,25/12/2024,踱步,沙田,內圈,沙田 內圈,,,,,,助手,,快踱一圈,H,內圈 快踱一圈 (助手)
H303,24/12/2024,游水,沙田,,沙田,,,,,,,,游水,,
H303,24/12/2024,踱步,沙田,內圈,沙田 內圈,,,,,,助手,,快踱一圈,H,內圈 快踱一圈 (助手)
H303,23/12/2024,游水,沙田,,沙田,,,,,,,,游水,,
H303,23/12/2024,踱步,沙田,內圈,沙田 內圈,,,,,,助手,,倒快兩圈,H,內圈 倒快兩圈 (助手)
H303,22/12/2024,游水,沙田,,沙田,,,,,,,,游水,,
H303,22/12/2024,踱步,沙田,內圈,沙田 內圈,,,,,,助手,,快踱一圈,H,內圈 快踱一圈 (助手)
H303,21/12/2024,游水,沙田,,沙田,,,,,,,,游水,,
H303,20/12/2024,試閘,沙田,全天候,沙田 全天候,1200M,1.08.98,68.98,24.2 22.2 22.5,手機錶霸,希威森,,第1組,,第1組 (希威森) 1200M 手機錶霸 24.2 22.2 22.5 (1.08.98)
H303,19/12/2024,游水,沙田,,沙田,,,,,,,,游水,,
H303,19/12/2024,踱步,沙田,內圈,沙田 內圈,,,,,,助手,,倒快兩圈,H,內圈 倒快兩圈 (助手)
H303,18/12/2024,游水,沙田,,沙田,,,,,,,,游水,,
H303,18/12/2024,踱步,沙田,內圈,沙田 內圈,,,,,,助手,,快踱一圈,H,內圈 快踱一圈 (助手)
H303,17/12/2024,游水,沙田,,沙田,,,,,,,,游水,,
H303,17/12/2024,快操,沙田,全天候,沙田 全天候,,54.4,54.4,28.4 26.0,,助手,,快操,H,28.4 26.0 (54.4) (助手)
H303,17/12/2024,踱步,沙田,飛機場,沙田 飛機場,,,,,,助手,,踱步,H,飛機場 踱步 (助手)
H303,16/12/2024,游水,沙田,,沙田,,,,,,,,游水,,
H303,16/12/2024,踱步,沙田,內圈,沙田 內圈,,,,,,助手,,倒快兩圈,H,內圈 倒快兩圈 (助手)
H303,15/12/2024,游水,沙田,,沙田,,,,,,,,游水,,
H303,14/12/2024,游水,沙田,,沙田,,,,,,,,游水,,
H303,14/12/2024,踱步,沙田,內圈,沙田 內圈,,,,,,助手,,快踱一圈,H,內圈 快踱一圈 (助手)
H303,13/12/2024,游水,沙田,,沙田,,,,,,,,游水,,
H303,12/12/2024,游水,沙田,,沙田,,,,,,,,游水,,
H303,12/12/2024,快操,沙田,草地,沙田 草地,,22.6,22.6,22.6,,田泰安,,快操,,22.6 (22.6) (田泰安)
H303,12/12/2024,踱步,沙田,飛機場,沙田 飛機場,,,,,,助手,,踱步,,飛機場 踱步 (助手)
H303,11/12/2024,踱步,沙田,內圈,沙田 內圈,,,,,,助手,,快踱一圈,H,內圈 快踱一圈 (助手)
H303,10/12/2024,踱步,沙田,內圈,沙田 內圈,,,,,,助手,,快踱一圈,H,內圈 快踱一圈 (助手)
H303,09/12/2024,快操,沙田,全天候,沙田 全天候,,28.8,28.8,28.8,,助手,,快操,H,28.8 (28.8) (助手)
H303,09/12/2024,踱步,沙田,飛機場,沙田 飛機場,,,,,,助手,,踱步,H,飛機場 踱步 (助手)
H303,08/12/2024,踱步,沙田,內圈,沙田 內圈,,,,,,助手,,快踱一圈,H,內圈 快踱一圈 (助手)
H303,07/12/2024,踱步,沙田,內圈,沙田 內圈,,,,,,助手,,快踱一圈,H,內圈 快踱一圈 (助手)
H303,06/12/2024,踱步,沙田,內圈,沙田 內圈,,,,,,助手,,快踱一圈,H,內圈 快踱一圈 (助手)
H303,05/12/2024,踱步,沙田,內圈,沙田 內圈,,,,,,助手,,倒快兩圈,H,內圈 倒快兩圈 (助手)
H303,01/12/2024,出賽,沙田,全天候,沙田 全天候,1200M,,,,,潘頓,4/12,出賽,TT,1200M (潘頓) (4/12)
H303,01/12/2024,踱步,沙田,彭福公園,沙田 彭福公園,,,,,,助手,,踱步,H,彭福公園 踱步 (助手)
H303,30/11/2024,踱步,沙田,飛機場,沙田 飛機場,,,,,,助手,,踱步,H,飛機場 踱步 (助手)
H303,29/11/2024,快操,沙田,全天候,沙田 全天候,,28.1,28.1,28.1,,潘頓,,快操,H,28.1 (28.1) (潘頓)
H303,29/11/2024,踱步,沙田,飛機場,沙田 飛機場,,,,,,潘頓,,踱步,H,飛機場 踱步 (潘頓)
H303,28/11/2024,游水,沙田,,沙田,,,,,,,,游水,,
H303,28/11/2024,踱步,沙田,內圈,沙田 內圈,,,,,,助手,,倒快兩圈,H,內圈 倒快兩圈 (助手)
H303,27/11/2024,游水,沙田,,沙田,,,,,,,,游水,,
H303,27/11/2024,踱步,沙田,內圈,沙田 內圈,,,,,,助手,,快踱一圈,H,內圈 快踱一圈 (助手)
H303,26/11/2024,游水,沙田,,沙田,,,,,,,,游水,,
H303,25/11/2024,游水,沙田,,沙田,,,,,,,,游水,,
H303,25/11/2024,快操,沙田,全天候,沙田 全天候,,22.9,22.9,22.9,,潘頓,,快操,,22.9 (22.9) (潘頓)
H303,25/11/2024,踱步,沙田,飛機場,沙田 飛機場,,,,,,潘頓,,踱步,,飛機場 踱步 (潘頓)
H303,24/11/2024,游水,沙田,,沙田,,,,,,,,游水,,
H303,24/11/2024,踱步,沙田,內圈,沙田 內圈,,,,,,助手,,快踱一圈,H,內圈 快踱一圈 (助手)
H303,23/11/2024,游水,沙田,,沙田,,,,,,,,游水,,
H303,23/11/2024,踱步,沙田,內圈,沙田 內圈,,,,,,助手,,快踱一圈,H,內圈 快踱一圈 (助手)
H303,22/11/2024,游水,沙田,,沙田,,,,,,,,游水,,
H303,22/11/2024,快操,沙田,全天候,沙田 全天候,,1.00.0,60.0,34.0 26.0,,助手,,快操,H,34.0 26.0 (1.00.0) (助手)
H303,22/11/2024,踱步,沙田,飛機場,沙田 飛機場,,,,,,助手,,踱步,H,飛機場 踱步 (助手)
H303,21/11/2024,游水,沙田,,沙田,,,,,,,,游水,,
H303,21/11/2024,踱步,沙田,內圈,沙田 內圈,,,,,,助手,,倒快兩圈,H,內圈 倒快兩圈 (助手)
H303,20/11/2024,游水,沙田,,沙田,,,,,,,,游水,,
H303,20/11/2024,踱步,沙田,內圈,沙田 內圈,,,,,,助手,,快踱一圈,H,內圈 快踱一圈 (助手)
H303,19/11/2024,游水,沙田,,沙田,,,,,,,,游水,,
H303,19/11/2024,快操,沙田,全天候,沙田 全天候,,27.3,27.3,27.3,,助手,,快操,H,27.3 (27.3) (助手)
H303,19/11/2024,踱步,沙田,飛機場,沙田 飛機場,,,,,,助手,,踱步,H,飛機場 踱步 (助手)
H303,18/11/2024,游水,沙田,,沙田,,,,,,,,游水,,
H303,17/11/2024,游水,沙田,,沙田,,,,,,,,游水,,
H303,16/11/2024,游水,沙田,,沙田,,,,,,,,游水,,
H303,16/11/2024,快操,沙田,全天候,沙田 全天候,,27.3,27.3,27.3,,助手,,快操,H,27.3 (27.3) (助手)
H303,16/11/2024,踱步,沙田,飛機場,沙田 飛機場,,,,,,助手,,踱步,H,飛機場 踱步 (助手)
H303,15/11/2024,游水,沙田,,沙田,,,,,,,,游水,,
H303,15/11/2024,踱步,沙田,內圈,沙田 內圈,,,,,,助手,,快踱一圈,H,內圈 快踱一圈 (助手)
H303,14/11/2024,游水,沙田,,沙田,,,,,,,,游水,,
H303,13/11/2024,游水,沙田,,沙田,,,,,,,,游水,,
H303,13/11/2024,踱步,沙田,內圈,沙田 內圈,,,,,,助手,,快踱一圈,H,內圈 快踱一圈 (助手)
H303,12/11/2024,游水,沙田,,沙田,,,,,,,,游水,,
H303,11/11/2024,游水,沙田,,沙田,,,,,,,,游水,,
H303,09/11/2024,出賽,沙田,草地,沙田 草地,1000M,,,,,田泰安,7/9,出賽,TT,1000M (田泰安) (7/9)
H303,09/11/2024,踱步,沙田,彭福公園,沙田 彭福公園,,,,,,助手,,踱步,H,彭福公園 踱步 (助手)
H303,08/11/2024,游水,沙田,,沙田,,,,,,,,游水,,
H303,08/11/2024,踱步,沙田,內圈,沙田 內圈,,,,,,助手,,快踱一圈,H,內圈 快踱一圈 (助手)
H303,07/11/2024,游水,沙田,,沙田,,,,,,,,游水,,
H303,07/11/2024,踱步,沙田,內圈,沙田 內圈,,,,,,助手,,倒快兩圈,H,內圈 倒快兩圈 (助手)
H303,06/11/2024,游水,沙田,,沙田,,,,,,,,游水,,
H303,05/11/2024,游水,沙田,,沙田,,,,,,,,游水,,
H303,05/11/2024,快操,沙田,全天候,沙田 全天候,,25.3,25.3,25.3,,助手,,快操,,25.3 (25.3) (助手)
H303,05/11/2024,踱步,沙田,飛機場,沙田 飛機場,,,,,,助手,,踱步,,飛機場 踱步 (助手)
H303,04/11/2024,游水,沙田,,沙田,,,,,,,,游水,,
H303,04/11/2024,踱步,沙田,內圈,沙田 內圈,,,,,,助手,,倒快兩圈,H,內圈 倒快兩圈 (助手)
H303,03/11/2024,游水,沙田,,沙田,,,,,,,,游水,,
H303,03/11/2024,踱步,沙田,內圈,沙田 內圈,,,,,,助手,,快踱一圈,H,內圈 快踱一圈 (助手)
H303,02/11/2024,游水,沙田,,沙田,,,,,,,,游水,,
H303,02/11/2024,快操,沙田,全天候,沙田 全天候,,27.2,27.2,27.2,,助手,,快操,H,27.2 (27.2) (助手)
H303,02/11/2024,踱步,沙田,飛機場,沙田 飛機場,,,,,,助手,,踱步,H,飛機場 踱步 (助手)
H303,01/11/2024,游水,沙田,,沙田,,,,,,,,游水,,
H303,01/11/2024,踱步,沙田,內圈,沙田 內圈,,,,,,助手,,快踱一圈,H,內圈 快踱一圈 (助手)
H303,31/10/2024,游水,沙田,,沙田,,,,,,,,游水,,
H303,31/10/2024,踱步,沙田,內圈,沙田 內圈,,,,,,助手,,倒快兩圈,H,內圈 倒快兩圈 (助手)
H303,30/10/2024,游水,沙田,,沙田,,,,,,,,游水,,
H303,30/10/2024,踱步,沙田,內圈,沙田 內圈,,,,,,助手,,快踱一圈,H,內圈 快踱一圈 (助手)
H303,29/10/2024,游水,沙田,,沙田,,,,,,,,游水,,
H303,27/10/2024,出賽,跑馬地,草地,跑馬地 草地,1200M,,,,,田泰安,4/12,出賽,TT,1200M (田泰安) (4/12)
H303,27/10/2024,踱步,沙田,彭福公園,沙田 彭福公園,,,,,,助手,,踱步,H,彭福公園 踱步 (助手)
H303,26/10/2024,游水,沙田,,沙田,,,,,,,,游水,,
H303,26/10/2024,踱步,沙田,內圈,沙田 內圈,,,,,,助手,,快踱一圈,H,內圈 快踱一圈 (助手)
H303,25/10/2024,游水,沙田,,沙田,,,,,,,,游水,,
H303,25/10/2024,快操,沙田,全天候,沙田 全天候,,26.9,26.9,26.9,,助手,,快操,H,26.9 (26.9) (助手)
H303,25/10/2024,踱步,沙田,飛機場,沙田 飛機場,,,,,,助手,,踱步,H,飛機場 踱步 (助手)
H303,24/10/2024,游水,沙田,,沙田,,,,,,,,游水,,
H303,24/10/2024,踱步,沙田,內圈,沙田 內圈,,,,,,助手,,倒快兩圈,H,內圈 倒快兩圈 (助手)
H303,23/10/2024,游水,沙田,,沙田,,,,,,,,游水,,
H303,23/10/2024,踱步,沙田,內圈,沙田 內圈,,,,,,助手,,快踱一圈,H,內圈 快踱一圈 (助手)
H303,22/10/2024,游水,沙田,,沙田,,,,,,,,游水,,
H303,22/10/2024,快操,沙田,全天候,沙田 全天候,,24.5,24.5,24.5,,田泰安,,快操,,24.5 (24.5) (田泰安)
H303,22/10/2024,踱步,沙田,飛機場,沙田 飛機場,,,,,,田泰安,,踱步,H,飛機場 踱步 (田泰安)
H303,21/10/2024,游水,沙田,,沙田,,,,,,,,游水,,
H303,21/10/2024,踱步,沙田,內圈,沙田 內圈,,,,,,助手,,倒快兩圈,H,內圈 倒快兩圈 (助手)
H303,20/10/2024,游水,沙田,,沙田,,,,,,,,游水,,
H303,19/10/2024,游水,沙田,,沙田,,,,,,,,游水,,
H303,19/10/2024,踱步,沙田,內圈,沙田 內圈,,,,,,助手,,快踱一圈,H,內圈 快踱一圈 (助手)
H303,18/10/2024,游水,沙田,,沙田,,,,,,,,游水,,
H303,18/10/2024,踱步,沙田,內圈,沙田 內圈,,,,,,助手,,快踱一圈,H,內圈 快踱一圈 (助手)
H303,17/10/2024,游水,沙田,,沙田,,,,,,,,游水,,
H303,17/10/2024,踱步,沙田,內圈,沙田 內圈,,,,,,助手,,倒快兩圈,H,內圈 倒快兩圈 (助手)
H303,16/10/2024,游水,沙田,,沙田,,,,,,,,游水,,
H303,15/10/2024,試閘,沙田,草地,沙田 草地,1000M,0.57.65,57.65,13.8 21.3 22.5,好友心得,田泰安,,第1組,,第1組 (田泰安) 1000M 好友心得 13.8 21.3 22.5 (0.57.65)
H303,14/10/2024,游水,沙田,,沙田,,,,,,,,游水,,
H303,14/10/2024,踱步,沙田,內圈,沙田 內圈,,,,,,助手,,倒快兩圈,H,內圈 倒快兩圈 (助手)
H303,13/10/2024,游水,沙田,,沙田,,,,,,,,游水,,
H303,12/10/2024,游水,沙田,,沙田,,,,,,,,游水,,
H303,11/10/2024,游水,沙田,,沙田,,,,,,,,游水,,
H303,11/10/2024,快操,沙田,全天候,沙田 全天候,,26.0,26.0,26.0,,田泰安,,快操,,26.0 (26.0) (田泰安)
H303,11/10/2024,踱步,沙田,飛機場,沙田 飛機場,,,,,,田泰安,,踱步,H,飛機場 踱步 (田泰安)
H303,10/10/2024,游水,沙田,,沙田,,,,,,,,游水,,
H303,10/10/2024,踱步,沙田,內圈,沙田 內圈,,,,,,助手,,倒快兩圈,H,內圈 倒快兩圈 (助手)
H303,09/10/2024,游水,沙田,,沙田,,,,,,,,游水,,
H303,09/10/2024,踱步,沙田,內圈,沙田 內圈,,,,,,助手,,快踱一圈,H,內圈 快踱一圈 (助手)
H303,08/10/2024,游水,沙田,,沙田,,,,,,,,游水,,
H303,08/10/2024,踱步,沙田,內圈,沙田 內圈,,,,,,助手,,快踱一圈,H,內圈 快踱一圈 (助手)
H303,07/10/2024,游水,沙田,,沙田,,,,,,,,游水,,
H303,07/10/2024,踱步,沙田,內圈,沙田 內圈,,,,,,助手,,倒快兩圈,H,內圈 倒快兩圈 (助手)
H303,06/10/2024,游水,沙田,,沙田,,,,,,,,游水,,
H303,05/10/2024,游水,沙田,,沙田,,,,,,,,游水,,
H303,04/10/2024,試閘,沙田,全天候,沙田 全天候,1200M,1.11.08,71.08,24.9 23.1 23.0,加州星球,田泰安,,第1組,,第1組 (田泰安) 1200M 加州星球 24.9 23.1 23.0 (1.11.08)
H303,03/10/2024,游水,沙田,,沙田,,,,,,,,游水,,
H303,03/10/2024,踱步,沙田,內圈,沙田 內圈,,,,,,助手,,倒快兩圈,H,內圈 倒快兩圈 (助手)
H303,02/10/2024,游水,沙田,,沙田,,,,,,,,游水,,
H303,02/10/2024,踱步,沙田,內圈,沙田 內圈,,,,,,助手,,快踱一圈,H,內圈 快踱一圈 (助手)
H303,01/10/2024,游水,沙田,,沙田,,,,,,,,游水,,
H303,30/09/2024,游水,從化,,從化,,,,,,,,游水,,
H303,30/09/2024,快操,從化,草地,從化 草地,,55.8,55.8,30.2 25.6,,助手,,快操,,30.2 25.6 (55.8) (助手)
H303,30/09/2024,踱步,從化,飛機場,從化 飛機場,,,,,,助手,,踱步,,飛機場 踱步 (助手)
H303,29/09/2024,游水,從化,,從化,,,,,,,,游水,,
H303,29/09/2024,踱步,從化,內圈,從化 內圈,,,,,,助手,,快踱一圈,H,內圈 快踱一圈 (助手)
H303,28/09/2024,游水,從化,,從化,,,,,,,,游水,,
H303,28/09/2024,踱步,從化,內圈,從化 內圈,,,,,,助手,,快踱一圈,H,內圈 快踱一圈 (助手)
H303,27/09/2024,游水,從化,,從化,,,,,,,,游水,,
H303,27/09/2024,踱步,從化,內圈,從化 內圈,,,,,,助手,,快踱一圈,H,內圈 快踱一圈 (助手)
H303,26/09/2024,游水,從化,,從化,,,,,,,,游水,,
H303,26/09/2024,踱步,從化,內圈,從化 內圈,,,,,,助手,,倒快兩圈,H,內圈 倒快兩圈 (助手)
H303,24/09/2024,試閘,從化,草地,從化 草地,800M,0.45.61,45.61,24.1 21.5,好友心得,艾兆禮,,第4組,,第4組 (艾兆禮) 800M 好友心得 24.1 21.5 (0.45.61)
H303,24/09/2024,踱步,從化,飛機場,從化 飛機場,,,,,,助手,,踱步,,飛機場 踱步 (助手)
H303,23/09/2024,游水,從化,,從化,,,,,,,,游水,,
H303,23/09/2024,踱步,從化,內圈,從化 內圈,,,,,,助手,,倒快兩圈,H,內圈 倒快兩圈 (助手)
H303,22/09/2024,游水,從化,,從化,,,,,,,,游水,,
H303,22/09/2024,踱步,從化,內圈,從化 內圈,,,,,,助手,,快踱一圈,H,內圈 快踱一圈 (助手)
H303,21/09/2024,游水,從化,,從化,,,,,,,,游水,,
H303,21/09/2024,踱步,從化,飛機場,從化 飛機場,,,,,,助手,,踱步,H,飛機場 踱步 (助手)
H303,20/09/2024,游水,從化,,從化,,,,,,,,游水,,
H303,20/09/2024,快操,從化,全天候,從化 全天候,,24.6,24.6,24.6,,助手,,快操,H,24.6 (24.6) (助手)
H303,20/09/2024,踱步,從化,飛機場,從化 飛機場,,,,,,助手,,踱步,H,飛機場 踱步 (助手)
H303,19/09/2024,游水,從化,,從化,,,,,,,,游水,,
H303,19/09/2024,踱步,從化,內圈,從化 內圈,,,,,,助手,,倒快兩圈,H,內圈 倒快兩圈 (助手)
H303,18/09/2024,游水,從化,,從化,,,,,,,,游水,,
H303,18/09/2024,踱步,從化,內圈,從化 內圈,,,,,,助手,,快踱一圈,H,內圈 快踱一圈 (助手)
H303,17/09/2024,游水,從化,,從化,,,,,,,,游水,,
H303,17/09/2024,快操,從化,草地,從化 草地,,30.0,30.0,30.0,,助手,,快操,H,30.0 (30.0) (助手)
H303,17/09/2024,踱步,從化,飛機場,從化 飛機場,,,,,,助手,,踱步,H,飛機場 踱步 (助手)
H303,16/09/2024,游水,從化,,從化,,,,,,,,游水,,
H303,16/09/2024,踱步,從化,內圈,從化 內圈,,,,,,助手,,倒快兩圈,H,內圈 倒快兩圈 (助手)
H303,15/09/2024,游水,從化,,從化,,,,,,,,游水,,
H303,15/09/2024,踱步,從化,內圈,從化 內圈,,,,,,助手,,快踱一圈,H,內圈 快踱一圈 (助手)
H303,14/09/2024,游水,從化,,從化,,,,,,,,游水,,
H303,14/09/2024,快操,從化,草地,從化 草地,,32.8,32.8,32.8,,助手,,快操,H,32.8 (32.8) (助手)
H303,14/09/2024,踱步,從化,飛機場,從化 飛機場,,,,,,助手,,踱步,H,飛機場 踱步 (助手)
H303,13/09/2024,游水,從化,,從化,,,,,,,,游水,,
H303,13/09/2024,踱步,從化,內圈,從化 內圈,,,,,,助手,,快踱一圈,H,內圈 快踱一圈 (助手)
H303,12/09/2024,游水,從化,,從化,,,,,,,,游水,,
H303,12/09/2024,踱步,從化,內圈,從化 內圈,,,,,,助手,,倒快兩圈,H,內圈 倒快兩圈 (助手)
H303,11/09/2024,游水,從化,,從化,,,,,,,,游水,,
H303,11/09/2024,踱步,從化,登山跑道,從化 登山跑道,,,,,,助手,,快踱,H,登山跑道 快踱 (助手)
H303,10/09/2024,游水,從化,,從化,,,,,,,,游水,,
H303,10/09/2024,踱步,從化,內圈,從化 內圈,,,,,,助手,,快踱一圈,H,內圈 快踱一圈 (助手)
H303,09/09/2024,快操,沙田,全天候,沙田 全天候,,29.9,29.9,29.9,,助手,,快操,H,29.9 (29.9) (助手)
H303,09/09/2024,踱步,沙田,飛機場,沙田 飛機場,,,,,,助手,,踱步,H,飛機場 踱步 (助手)
H303,08/09/2024,游水,沙田,,沙田,,,,,,,,游水,,
H303,08/09/2024,踱步,沙田,內圈,沙田 內圈,,,,,,助手,,快踱一圈,H,內圈 快踱一圈 (助手)
H303,07/09/2024,游水,沙田,,沙田,,,,,,,,游水,,
H303,07/09/2024,踱步,沙田,內圈,沙田 內圈,,,,,,助手,,快踱一圈,H,內圈 快踱一圈 (助手)
H303,06/09/2024,游水,沙田,,沙田,,,,,,,,游水,,
H303,05/09/2024,游水,沙田,,沙田,,,,,,,,游水,,
H303,05/09/2024,快操,沙田,全天候,沙田 全天候,,29.1,29.1,29.1,,助手,,快操,H,29.1 (29.1) (助手)
H303,05/09/2024,踱步,沙田,飛機場,沙田 飛機場,,,,,,助手,,踱步,H,飛機場 踱步 (助手)
H303,04/09/2024,游水,沙田,,沙田,,,,,,,,游水,,
H303,03/09/2024,游水,沙田,,沙田,,,,,,,,游水,,
H303,03/09/2024,快操,沙田,全天候,沙田 全天候,,1.03.5,63.5,34.0 29.5,,田泰安,,快操,H,34.0 29.5 (1.03.5) (田泰安)
H303,03/09/2024,踱步,沙田,飛機場,沙田 飛機場,,,,,,副練馬師,,踱步,H,飛機場 踱步 (副練馬師)
H303,02/09/2024,游水,沙田,,沙田,,,,,,,,游水,,
H303,02/09/2024,踱步,沙田,內圈,沙田 內圈,,,,,,助手,,倒快兩圈,H,內圈 倒快兩圈 (助手)
H303,01/09/2024,游水,沙田,,沙田,,,,,,,,游水,,
H303,31/08/2024,游水,沙田,,沙田,,,,,,,,游水,,
H303,31/08/2024,快操,沙田,全天候,沙田 全天候,,32.7,32.7,32.7,,田泰安,,快操,H,32.7 (32.7) (田泰安)
H303,31/08/2024,踱步,沙田,飛機場,沙田 飛機場,,,,,,田泰安,,踱步,H,飛機場 踱步 (田泰安)
H303,30/08/2024,游水,沙田,,沙田,,,,,,,,游水,,
H303,30/08/2024,踱步,沙田,內圈,沙田 內圈,,,,,,助手,,快踱一圈,H,內圈 快踱一圈 (助手)
H303,29/08/2024,游水,沙田,,沙田,,,,,,,,游水,,
H303,29/08/2024,踱步,沙田,內圈,沙田 內圈,,,,,,助手,,倒快兩圈,H,內圈 倒快兩圈 (助手)
H303,28/08/2024,游水,沙田,,沙田,,,,,,,,游水,,
H303,28/08/2024,踱步,沙田,內圈,沙田 內圈,,,,,,助手,,快踱一圈,H,內圈 快踱一圈 (助手)
H303,27/08/2024,游水,沙田,,沙田,,,,,,,,游水,,
H303,27/08/2024,踱步,沙田,內圈,沙田 內圈,,,,,,助手,,快踱一圈,H,內圈 快踱一圈 (助手)
H303,26/08/2024,游水,沙田,,沙田,,,,,,,,游水,,
H303,26/08/2024,踱步,沙田,內圈,沙田 內圈,,,,,,助手,,倒快一圈,H,內圈 倒快一圈 (助手)
H303,25/08/2024,游水,沙田,,沙田,,,,,,,,游水,,
H303,24/08/2024,游水,沙田,,沙田,,,,,,,,游水,,
H303,24/08/2024,踱步,沙田,內圈,沙田 內圈,,,,,,助手,,快踱一圈,H,內圈 快踱一圈 (助手)
H303,23/08/2024,游水,沙田,,沙田,,,,,,,,游水,,
H303,23/08/2024,踱步,沙田,內圈,沙田 內圈,,,,,,助手,,快踱一圈,H,內圈 快踱一圈 (助手)
H303,19/08/2024,游水,沙田,,沙田,,,,,,,,游水,,
H303,19/08/2024,踱步,沙田,內圈,沙田 內圈,,,,,,助手,,倒快兩圈,H,內圈 倒快兩圈 (助手)
H303,18/08/2024,游水,沙田,,沙田,,,,,,,,游水,,
H303,17/08/2024,游水,沙田,,沙田,,,,,,,,游水,,
H303,17/08/2024,踱步,沙田,內圈,沙田 內圈,,,,,,助手,,快踱一圈,H,內圈 快踱一圈 (助手)
H303,16/08/2024,游水,沙田,,沙田,,,,,,,,游水,,
H303,16/08/2024,踱步,沙田,內圈,沙田 內圈,,,,,,黃智弘,,快踱一圈,H,內圈 快踱一圈 (黃智弘)
H303,15/08/2024,游水,沙田,,沙田,,,,,,,,游水,,
H303,15/08/2024,踱步,沙田,內圈,沙田 內圈,,,,,,助手,,倒快兩圈,H,內圈 倒快兩圈 (助手)
H303,14/08/2024,游水,沙田,,沙田,,,,,,,,游水,,
H303,14/08/2024,踱步,沙田,內圈,沙田 內圈,,,,,,助手,,快踱一圈,H,內圈 快踱一圈 (助手)
H303,13/08/2024,游水,沙田,,沙田,,,,,,,,游水,,
H303,12/08/2024,游水,沙田,,沙田,,,,,,,,游水,,
H303,11/08/2024,游水,沙田,,沙田,,,,,,,,游水,,
H303,10/08/2024,游水,沙田,,沙田,,,,,,,,游水,,
H303,09/08/2024,游水,沙田,,沙田,,,,,,,,游水,,
H303,08/08/2024,游水,沙田,,沙田,,,,,,,,游水,,
H303,07/08/2024,游水,沙田,,沙田,,,,,,,,游水,,
H303,06/08/2024,游水,沙田,,沙田,,,,,,,,游水,,
H303,05/08/2024,游水,沙田,,沙田,,,,,,,,游水,,
H303,04/08/2024,游水,沙田,,沙田,,,,,,,,游水,,
H303,03/08/2024,游水,沙田,,沙田,,,,,,,,游水,,
H303,02/08/2024,游水,沙田,,沙田,,,,,,,,游水,,
H303,10/07/2024,出賽,跑馬地,草地,跑馬地 草地,1650M,,,,,潘頓,10/10,出賽,TT,1650M (潘頓) (10/10)
H303,10/07/2024,踱步,沙田,彭福公園,沙田 彭福公園,,,,,,助手,,踱步,H,彭福公園 踱步 (助手)
H303,09/07/2024,游水,沙田,,沙田,,,,,,,,游水,,
H303,09/07/2024,踱步,沙田,內圈,沙田 內圈,,,,,,助手,,快踱一圈,H,內圈 快踱一圈 (助手)
H303,08/07/2024,游水,沙田,,沙田,,,,,,,,游水,,
H303,08/07/2024,快操,沙田,全天候,沙田 全天候,,27.9,27.9,27.9,,助手,,快操,H,27.9 (27.9) (助手)
H303,08/07/2024,踱步,沙田,飛機場,沙田 飛機場,,,,,,助手,,踱步,H,飛機場 踱步 (助手)
H303,07/07/2024,游水,沙田,,沙田,,,,,,,,游水,,
H303,07/07/2024,踱步,沙田,內圈,沙田 內圈,,,,,,助手,,快踱一圈,H,內圈 快踱一圈 (助手)
H303,06/07/2024,游水,沙田,,沙田,,,,,,,,游水,,
H303,06/07/2024,踱步,沙田,外圈,沙田 外圈,,,,,,助手,,快踱一圈,H,外圈 快踱一圈 (助手)
H303,05/07/2024,游水,沙田,,沙田,,,,,,,,游水,,
H303,05/07/2024,踱步,沙田,內圈,沙田 內圈,,,,,,助手,,快踱一圈,H,內圈 快踱一圈 (助手)
H303,04/07/2024,游水,沙田,,沙田,,,,,,,,游水,,
H303,04/07/2024,踱步,沙田,內圈,沙田 內圈,,,,,,助手,,倒快兩圈,H,內圈 倒快兩圈 (助手)
H303,03/07/2024,游水,沙田,,沙田,,,,,,,,游水,,
H303,01/07/2024,出賽,沙田,草地,沙田 草地,1400M,,,,,艾兆禮,2/9,出賽,TT,1400M (艾兆禮) (2/9)
H303,01/07/2024,踱步,沙田,彭福公園,沙田 彭福公園,,,,,,助手,,踱步,H,彭福公園 踱步 (助手)
H303,30/06/2024,游水,沙田,,沙田,,,,,,,,游水,,
H303,30/06/2024,踱步,沙田,內圈,沙田 內圈,,,,,,助手,,快踱一圈,H,內圈 快踱一圈 (助手)
H303,29/06/2024,游水,沙田,,沙田,,,,,,,,游水,,
H303,29/06/2024,快操,沙田,全天候,沙田 全天候,,27.7,27.7,27.7,,艾兆禮,,快操,H,27.7 (27.7) (艾兆禮)
H303,29/06/2024,踱步,沙田,飛機場,沙田 飛機場,,,,,,艾兆禮,,踱步,H,飛機場 踱步 (艾兆禮)
H303,28/06/2024,游水,沙田,,沙田,,,,,,,,游水,,
H303,28/06/2024,踱步,沙田,內圈,沙田 內圈,,,,,,助手,,快踱一圈,H,內圈 快踱一圈 (助手)
H303,27/06/2024,游水,沙田,,沙田,,,,,,,,游水,,
H303,27/06/2024,踱步,沙田,內圈,沙田 內圈,,,,,,助手,,倒快兩圈,H,內圈 倒快兩圈 (助手)
H303,26/06/2024,游水,沙田,,沙田,,,,,,,,游水,,
H303,25/06/2024,游水,沙田,,沙田,,,,,,,,游水,,
H303,25/06/2024,快操,沙田,全天候,沙田 全天候,,24.5,24.5,24.5,,艾兆禮,,快操,,24.5 (24.5) (艾兆禮)
H303,25/06/2024,踱步,沙田,飛機場,沙田 飛機場,,,,,,艾兆禮,,踱步,,飛機場 踱步 (艾兆禮)
H303,24/06/2024,游水,沙田,,沙田,,,,,,,,游水,,
H303,24/06/2024,踱步,沙田,內圈,沙田 內圈,,,,,,助手,,倒快兩圈,H,內圈 倒快兩圈 (助手)
H303,23/06/2024,游水,沙田,,沙田,,,,,,,,游水,,
H303,23/06/2024,踱步,沙田,內圈,沙田 內圈,,,,,,助手,,快踱一圈,H,內圈 快踱一圈 (助手)
H303,22/06/2024,游水,沙田,,沙田,,,,,,,,游水,,
H303,21/06/2024,快操,沙田,全天候,沙田 全天候,,24.5,24.5,24.5,,助手,,快操,H,24.5 (24.5) (助手)
H303,21/06/2024,踱步,沙田,飛機場,沙田 飛機場,,,,,,助手,,踱步,H,飛機場 踱步 (助手)
H303,20/06/2024,游水,沙田,,沙田,,,,,,,,游水,,
H303,20/06/2024,踱步,沙田,內圈,沙田 內圈,,,,,,助手,,倒快兩圈,H,內圈 倒快兩圈 (助手)
H303,19/06/2024,踱步,沙田,內圈,沙田 內圈,,,,,,助手,,快踱一圈,H,內圈 快踱一圈 (助手)
H303,18/06/2024,踱步,沙田,內圈,沙田 內圈,,,,,,助手,,快踱一圈,H,內圈 快踱一圈 (助手)
H303,17/06/2024,游水,沙田,,沙田,,,,,,,,游水,,
H303,17/06/2024,踱步,沙田,內圈,沙田 內圈,,,,,,助手,,倒快兩圈,H,內圈 倒快兩圈 (助手)
H303,16/06/2024,游水,沙田,,沙田,,,,,,,,游水,,
H303,15/06/2024,游水,沙田,,沙田,,,,,,,,游水,,
H303,15/06/2024,踱步,沙田,內圈,沙田 內圈,,,,,,助手,,快踱一圈,H,內圈 快踱一圈 (助手)
H303,14/06/2024,游水,沙田,,沙田,,,,,,,,游水,,
H303,14/06/2024,踱步,沙田,內圈,沙田 內圈,,,,,,助手,,快踱一圈,H,內圈 快踱一圈 (助手)
H303,13/06/2024,游水,沙田,,沙田,,,,,,,,游水,,
H303,13/06/2024,踱步,沙田,內圈,沙田 內圈,,,,,,助手,,倒快兩圈,H,內圈 倒快兩圈 (助手)
H303,12/06/2024,游水,沙田,,沙田,,,,,,,,游水,,
H303,11/06/2024,游水,沙田,,沙田,,,,,,,,游水,,
H303,10/06/2024,游水,沙田,,沙田,,,,,,,,游水,,
H303,08/06/2024,出賽,沙田,草地,沙田 草地,1200M,,,,,艾兆禮,7/9,出賽,TT,1200M (艾兆禮) (7/9)
H303,08/06/2024,踱步,沙田,彭福公園,沙田 彭福公園,,,,,,助手,,踱步,H,彭福公園 踱步 (助手)
H303,07/06/2024,游水,沙田,,沙田,,,,,,,,游水,,
H303,07/06/2024,踱步,沙田,內圈,沙田 內圈,,,,,,助手,,快踱一圈,H,內圈 快踱一圈 (助手)
H303,06/06/2024,游水,沙田,,沙田,,,,,,,,游水,,
H303,06/06/2024,快操,沙田,全天候,沙田 全天候,,27.5,27.5,27.5,,艾兆禮,,快操,H,27.5 (27.5) (艾兆禮)
H303,06/06/2024,踱步,沙田,飛機場,沙田 飛機場,,,,,,艾兆禮,,踱步,H,飛機場 踱步 (艾兆禮)
H303,05/06/2024,游水,沙田,,沙田,,,,,,,,游水,,
H303,05/06/2024,踱步,沙田,內圈,沙田 內圈,,,,,,助手,,快踱一圈,H,內圈 快踱一圈 (助手)
H303,04/06/2024,游水,沙田,,沙田,,,,,,,,游水,,
H303,03/06/2024,游水,沙田,,沙田,,,,,,,,游水,,
H303,03/06/2024,快操,沙田,全天候,沙田 全天候,,24.7,24.7,24.7,,田泰安,,快操,,24.7 (24.7) (田泰安)
H303,03/06/2024,踱步,沙田,飛機場,沙田 飛機場,,,,,,田泰安,,踱步,,飛機場 踱步 (田泰安)
H303,02/06/2024,游水,沙田,,沙田,,,,,,,,游水,,
H303,02/06/2024,踱步,沙田,內圈,沙田 內圈,,,,,,助手,,快踱一圈,H,內圈 快踱一圈 (助手)
H303,01/06/2024,游水,沙田,,沙田,,,,,,,,游水,,
H303,01/06/2024,踱步,沙田,內圈,沙田 內圈,,,,,,助手,,快踱一圈,H,內圈 快踱一圈 (助手)
H303,31/05/2024,游水,沙田,,沙田,,,,,,,,游水,,
H303,31/05/2024,快操,沙田,全天候,沙田 全天候,,28.8,28.8,28.8,,田泰安,,快操,,28.8 (28.8) (田泰安)
H303,31/05/2024,踱步,沙田,飛機場,沙田 飛機場,,,,,,田泰安,,踱步,H,飛機場 踱步 (田泰安)
H303,30/05/2024,游水,沙田,,沙田,,,,,,,,游水,,
H303,30/05/2024,踱步,沙田,內圈,沙田 內圈,,,,,,助手,,倒快兩圈,H,內圈 倒快兩圈 (助手)
H303,29/05/2024,游水,沙田,,沙田,,,,,,,,游水,,
H303,29/05/2024,踱步,沙田,內圈,沙田 內圈,,,,,,助手,,快踱一圈,H,內圈 快踱一圈 (助手)
H303,28/05/2024,游水,沙田,,沙田,,,,,,,,游水,,
H303,28/05/2024,踱步,沙田,內圈,沙田 內圈,,,,,,助手,,快踱一圈,H,內圈 快踱一圈 (助手)
H303,27/05/2024,游水,沙田,,沙田,,,,,,,,游水,,
H303,27/05/2024,踱步,沙田,內圈,沙田 內圈,,,,,,助手,,倒快兩圈,H,內圈 倒快兩圈 (助手)
H303,26/05/2024,游水,沙田,,沙田,,,,,,,,游水,,
H303,25/05/2024,游水,沙田,,沙田,,,,,,,,游水,,
H303,24/05/2024,游水,沙田,,沙田,,,,,,,,游水,,
H303,22/05/2024,出賽,跑馬地,草地,跑馬地 草地,1200M,,,,,田泰安,5/12,出賽,TT,1200M (田泰安) (5/12)
H303,22/05/2024,踱步,沙田,內圈,沙田 內圈,,,,,,助手,,快踱一圈,H,內圈 快踱一圈 (助手)
H303,21/05/2024,游水,沙田,,沙田,,,,,,,,游水,,
H303,21/05/2024,踱步,沙田,內圈,沙田 內圈,,,,,,助手,,快踱一圈,H,內圈 快踱一圈 (助手)
H303,20/05/2024,游水,沙田,,沙田,,,,,,,,游水,,
H303,20/05/2024,快操,沙田,全天候,沙田 全天候,,29.0,29.0,29.0,,田泰安,,快操,H,29.0 (29.0) (田泰安)
H303,20/05/2024,踱步,沙田,飛機場,沙田 飛機場,,,,,,田泰安,,踱步,H,飛機場 踱步 (田泰安)
H303,19/05/2024,游水,沙田,,沙田,,,,,,,,游水,,
H303,19/05/2024,踱步,沙田,內圈,沙田 內圈,,,,,,助手,,快踱一圈,H,內圈 快踱一圈 (助手)
H303,18/05/2024,踱步,從化,內圈,從化 內圈,,,,,,助手,,快踱一圈,H,內圈 快踱一圈 (助手)
H303,17/05/2024,游水,從化,,從化,,,,,,,,游水,,
H303,16/05/2024,游水,從化,,從化,,,,,,,,游水,,
H303,16/05/2024,快操,從化,草地,從化 草地,,24.1,24.1,24.1,,助手,,快操,H,24.1 (24.1) (助手)
H303,16/05/2024,踱步,從化,飛機場,從化 飛機場,,,,,,助手,,踱步,H,飛機場 踱步 (助手)
H303,15/05/2024,游水,從化,,從化,,,,,,,,游水,,
H303,15/05/2024,踱步,從化,內圈,從化 內圈,,,,,,助手,,快踱一圈,H,內圈 快踱一圈 (助手)
H303,14/05/2024,游水,從化,,從化,,,,,,,,游水,,
H303,14/05/2024,踱步,從化,內圈,從化 內圈,,,,,,助手,,快踱一圈,H,內圈 快踱一圈 (助手)
H303,13/05/2024,游水,從化,,從化,,,,,,,,游水,,
H303,13/05/2024,踱步,從化,內圈,從化 內圈,,,,,,助手,,倒快兩圈,H,內圈 倒快兩圈 (助手)
H303,12/05/2024,游水,從化,,從化,,,,,,,,游水,,
H303,12/05/2024,踱步,從化,內圈,從化 內圈,,,,,,助手,,快踱一圈,H,內圈 快踱一圈 (助手)
H303,11/05/2024,游水,從化,,從化,,,,,,,,游水,,
H303,11/05/2024,踱步,從化,內圈,從化 內圈,,,,,,助手,,快踱一圈,H,內圈 快踱一圈 (助手)
H303,10/05/2024,游水,從化,,從化,,,,,,,,游水,,
H303,09/05/2024,試閘,從化,草地,從化 草地,800M,0.45.87,45.87,23.8 22.0,好友心得,曾佳興,,第1組,,第1組 (曾佳興) 800M 好友心得 23.8 22.0 (0.45.87)
H303,09/05/2024,踱步,從化,飛機場,從化 飛機場,,,,,,助手,,踱步,,飛機場 踱步 (助手)
H303,08/05/2024,游水,從化,,從化,,,,,,,,游水,,
H303,08/05/2024,踱步,從化,內圈,從化 內圈,,,,,,助手,,快踱一圈,H,內圈 快踱一圈 (助手)
H303,07/05/2024,游水,從化,,從化,,,,,,,,游水,,
H303,07/05/2024,踱步,從化,內圈,從化 內圈,,,,,,助手,,快踱一圈,H,內圈 快踱一圈 (助手)
H303,06/05/2024,游水,從化,,從化,,,,,,,,游水,,
H303,06/05/2024,踱步,從化,內圈,從化 內圈,,,,,,助手,,倒快兩圈,H,內圈 倒快兩圈 (助手)
H303,05/05/2024,游水,從化,,從化,,,,,,,,游水,,
H303,04/05/2024,游水,從化,,從化,,,,,,,,游水,,
H303,04/05/2024,快操,從化,草地,從化 草地,,22.9,22.9,22.9,,助手,,快操,H,22.9 (22.9) (助手)
H303,04/05/2024,踱步,從化,飛機場,從化 飛機場,,,,,,助手,,踱步,H,飛機場 踱步 (助手)
H303,03/05/2024,游水,從化,,從化,,,,,,,,游水,,
H303,03/05/2024,踱步,從化,內圈,從化 內圈,,,,,,助手,,快踱一圈,H,內圈 快踱一圈 (助手)
H303,02/05/2024,游水,從化,,從化,,,,,,,,游水,,
H303,02/05/2024,踱步,從化,內圈,從化 內圈,,,,,,助手,,倒快兩圈,H,內圈 倒快兩圈 (助手)
H303,01/05/2024,游水,從化,,從化,,,,,,,,游水,,
H303,01/05/2024,踱步,從化,內圈,從化 內圈,,,,,,助手,,快踱一圈,H,內圈 快踱一圈 (助手)
H303,30/04/2024,游水,從化,,從化,,,,,,,,游水,,
H303,30/04/2024,快操,從化,草地,從化 草地,,28.9,28.9,28.9,,助手,,快操,H,28.9 (28.9) (助手)
H303,30/04/2024,踱步,從化,飛機場,從化 飛機場,,,,,,助手,,踱步,H,飛機場 踱步 (助手)
H303,29/04/2024,游水,從化,,從化,,,,,,,,游水,,
H303,29/04/2024,踱步,從化,內圈,從化 內圈,,,,,,助手,,倒快兩圈,H,內圈 倒快兩圈 (助手)
H303,28/04/2024,游水,從化,,從化,,,,,,,,游水,,
H303,28/04/2024,踱步,從化,內圈,從化 內圈,,,,,,助手,,快踱一圈,H,內圈 快踱一圈 (助手)
H303,27/04/2024,游水,從化,,從化,,,,,,,,游水,,
H303,27/04/2024,快操,從化,草地,從化 草地,,28.4,28.4,28.4,,助手,,快操,H,28.4 (28.4) (助手)
H303,27/04/2024,踱步,從化,飛機場,從化 飛機場,,,,,,助手,,踱步,H,飛機場 踱步 (助手)
H303,26/04/2024,游水,從化,,從化,,,,,,,,游水,,
H303,26/04/2024,踱步,從化,內圈,從化 內圈,,,,,,助手,,快踱一圈,H,內圈 快踱一圈 (助手)
H303,25/04/2024,游水,從化,,從化,,,,,,,,游水,,
H303,25/04/2024,踱步,從化,內圈,從化 內圈,,,,,,助手,,倒快兩圈,H,內圈 倒快兩圈 (助手)
H303,24/04/2024,游水,從化,,從化,,,,,,,,游水,,
H303,24/04/2024,踱步,從化,飛機場,從化 飛機場,,,,,,助手,,踱步,H,飛機場 踱步 (助手)
H303,23/04/2024,游水,從化,,從化,,,,,,,,游水,,
H303,23/04/2024,快操,從化,草地,從化 草地,,29.7,29.7,29.7,,助手,,快操,H,29.7 (29.7) (助手)
H303,23/04/2024,踱步,從化,飛機場,從化 飛機場,,,,,,助手,,踱步,H,飛機場 踱步 (助手)
H303,22/04/2024,游水,從化,,從化,,,,,,,,游水,,
H303,22/04/2024,踱步,從化,內圈,從化 內圈,,,,,,助手,,倒快兩圈,H,內圈 倒快兩圈 (助手)
H303,21/04/2024,游水,從化,,從化,,,,,,,,游水,,
H303,21/04/2024,踱步,從化,內圈,從化 內圈,,,,,,助手,,快踱一圈,H,內圈 快踱一圈 (助手)
H303,20/04/2024,游水,從化,,從化,,,,,,,,游水,,
H303,20/04/2024,踱步,從化,內圈,從化 內圈,,,,,,助手,,快踱一圈,H,內圈 快踱一圈 (助手)
H303,19/04/2024,快操,沙田,全天候,沙田 全天候,,26.7,26.7,26.7,,助手,,快操,,26.7 (26.7) (助手)
H303,19/04/2024,踱步,沙田,飛機場,沙田 飛機場,,,,,,助手,,踱步,H,飛機場 踱步 (助手)
H303,18/04/2024,踱步,沙田,內圈,沙田 內圈,,,,,,助手,,倒快兩圈,H,內圈 倒快兩圈 (助手)
H303,16/04/2024,快操,沙田,全天候,沙田 全天候,,31.0,31.0,31.0,,助手,,快操,H,31.0 (31.0) (助手)
H303,15/04/2024,游水,沙田,,沙田,,,,,,,,游水,,
H303,15/04/2024,踱步,沙田,內圈,沙田 內圈,,,,,,助手,,倒快兩圈,H,內圈 倒快兩圈 (助手)
H303,14/04/2024,游水,沙田,,沙田,,,,,,,,游水,,
H303,13/04/2024,游水,沙田,,沙田,,,,,,,,游水,,
H303,13/04/2024,快操,沙田,全天候,沙田 全天候,,27.7,27.7,27.7,,助手,,快操,H,27.7 (27.7) (助手)
H303,13/04/2024,踱步,沙田,飛機場,沙田 飛機場,,,,,,助手,,踱步,H,飛機場 踱步 (助手)
H303,12/04/2024,游水,沙田,,沙田,,,,,,,,游水,,
H303,12/04/2024,踱步,沙田,內圈,沙田 內圈,,,,,,助手,,快踱一圈,H,內圈 快踱一圈 (助手)
H303,11/04/2024,游水,沙田,,沙田,,,,,,,,游水,,
H303,11/04/2024,踱步,沙田,內圈,沙田 內圈,,,,,,助手,,倒快兩圈,H,內圈 倒快兩圈 (助手)
H303,10/04/2024,游水,沙田,,沙田,,,,,,,,游水,,
H303,10/04/2024,踱步,沙田,飛機場,沙田 飛機場,,,,,,助手,,踱步,H,飛機場 踱步 (助手)
H303,09/04/2024,游水,沙田,,沙田,,,,,,,,游水,,
H303,07/04/2024,出賽,沙田,草地,沙田 草地,1200M,,,,,田泰安,10/11,出賽,TT,1200M (田泰安) (10/11)
H303,07/04/2024,踱步,沙田,內圈,沙田 內圈,,,,,,助手,,快踱一圈,H,內圈 快踱一圈 (助手)
H303,06/04/2024,游水,沙田,,沙田,,,,,,,,游水,,
H303,06/04/2024,踱步,沙田,內圈,沙田 內圈,,,,,,助手,,快踱一圈,H,內圈 快踱一圈 (助手)
H303,05/04/2024,游水,沙田,,沙田,,,,,,,,游水,,
H303,05/04/2024,快操,沙田,全天候,沙田 全天候,,30.3,30.3,30.3,,田泰安,,快操,H,30.3 (30.3) (田泰安)
H303,05/04/2024,踱步,沙田,飛機場,沙田 飛機場,,,,,,田泰安,,踱步,H,飛機場 踱步 (田泰安)
H303,04/04/2024,游水,沙田,,沙田,,,,,,,,游水,,
H303,04/04/2024,踱步,沙田,內圈,沙田 內圈,,,,,,助手,,倒快兩圈,H,內圈 倒快兩圈 (助手)
H303,03/04/2024,游水,沙田,,沙田,,,,,,,,游水,,
H303,02/04/2024,游水,沙田,,沙田,,,,,,,,游水,,
H303,02/04/2024,快操,沙田,全天候,沙田 全天候,,25.1,25.1,25.1,,田泰安,,快操,,25.1 (25.1) (田泰安)
H303,02/04/2024,踱步,沙田,飛機場,沙田 飛機場,,,,,,田泰安,,踱步,,飛機場 踱步 (田泰安)
H303,01/04/2024,游水,沙田,,沙田,,,,,,,,游水,,
H303,01/04/2024,踱步,沙田,內圈,沙田 內圈,,,,,,助手,,倒快兩圈,H,內圈 倒快兩圈 (助手)
H303,31/03/2024,游水,沙田,,沙田,,,,,,,,游水,,
H303,30/03/2024,游水,沙田,,沙田,,,,,,,,游水,,
H303,30/03/2024,踱步,沙田,內圈,沙田 內圈,,,,,,助手,,快踱一圈,H,內圈 快踱一圈 (助手)
H303,29/03/2024,游水,沙田,,沙田,,,,,,,,游水,,
H303,28/03/2024,游水,沙田,,沙田,,,,,,,,游水,,
H303,28/03/2024,快操,沙田,草地,沙田 草地,,49.3,49.3,27.5 21.8,,田泰安,,快操,,27.5 21.8 (49.3) (田泰安)
H303,28/03/2024,踱步,沙田,飛機場,沙田 飛機場,,,,,,田泰安,,踱步,,飛機場 踱步 (田泰安)
H303,27/03/2024,游水,沙田,,沙田,,,,,,,,游水,,
H303,27/03/2024,踱步,沙田,內圈,沙田 內圈,,,,,,助手,,快踱一圈,H,內圈 快踱一圈 (助手)
H303,26/03/2024,游水,沙田,,沙田,,,,,,,,游水,,
H303,26/03/2024,踱步,沙田,內圈,沙田 內圈,,,,,,助手,,快踱一圈,H,內圈 快踱一圈 (助手)
H303,25/03/2024,游水,沙田,,沙田,,,,,,,,游水,,
H303,25/03/2024,踱步,沙田,內圈,沙田 內圈,,,,,,助手,,倒快兩圈,H,內圈 倒快兩圈 (助手)
H303,24/03/2024,游水,沙田,,沙田,,,,,,,,游水,,
H303,23/03/2024,游水,沙田,,沙田,,,,,,,,游水,,
H303,23/03/2024,快操,沙田,全天候,沙田 全天候,,27.8,27.8,27.8,,田泰安,,快操,H,27.8 (27.8) (田泰安)
H303,23/03/2024,踱步,沙田,飛機場,沙田 飛機場,,,,,,田泰安,,踱步,H,飛機場 踱步 (田泰安)
H303,22/03/2024,游水,沙田,,沙田,,,,,,,,游水,,
H303,22/03/2024,踱步,沙田,內圈,沙田 內圈,,,,,,助手,,快踱一圈,H,內圈 快踱一圈 (助手)
H303,21/03/2024,游水,沙田,,沙田,,,,,,,,游水,,
H303,21/03/2024,踱步,沙田,內圈,沙田 內圈,,,,,,助手,,倒快兩圈,H,內圈 倒快兩圈 (助手)
H303,20/03/2024,游水,沙田,,沙田,,,,,,,,游水,,
H303,20/03/2024,快操,沙田,全天候,沙田 全天候,,30.1,30.1,30.1,,田泰安,,快操,H,30.1 (30.1) (田泰安)
H303,20/03/2024,踱步,沙田,飛機場,沙田 飛機場,,,,,,田泰安,,踱步,H,飛機場 踱步 (田泰安)
H303,19/03/2024,游水,沙田,,沙田,,,,,,,,游水,,
H303,19/03/2024,踱步,沙田,內圈,沙田 內圈,,,,,,助手,,快踱一圈,H,內圈 快踱一圈 (助手)
H303,18/03/2024,游水,沙田,,沙田,,,,,,,,游水,,
H303,18/03/2024,踱步,沙田,內圈,沙田 內圈,,,,,,助手,,倒快兩圈,H,內圈 倒快兩圈 (助手)
H303,17/03/2024,游水,沙田,,沙田,,,,,,,,游水,,
H303,16/03/2024,游水,沙田,,沙田,,,,,,,,游水,,
H303,16/03/2024,踱步,沙田,內圈,沙田 內圈,,,,,,助手,,快踱一圈,H,內圈 快踱一圈 (助手)
H303,15/03/2024,游水,沙田,,沙田,,,,,,,,游水,,
H303,13/03/2024,出賽,跑馬地,草地,跑馬地 草地,1200M,,,,,田泰安,2/11,出賽,TT,1200M (田泰安) (2/11)
H303,13/03/2024,踱步,沙田,內圈,沙田 內圈,,,,,,助手,,快踱一圈,H,內圈 快踱一圈 (助手)
H303,12/03/2024,游水,沙田,,沙田,,,,,,,,游水,,
H303,12/03/2024,踱步,沙田,內圈,沙田 內圈,,,,,,助手,,快踱一圈,H,內圈 快踱一圈 (助手)
H303,11/03/2024,游水,沙田,,沙田,,,,,,,,游水,,
H303,11/03/2024,快操,沙田,全天候,沙田 全天候,,28.5,28.5,28.5,,助手,,快操,H,28.5 (28.5) (助手)
H303,10/03/2024,游水,沙田,,沙田,,,,,,,,游水,,
H303,10/03/2024,踱步,沙田,內圈,沙田 內圈,,,,,,助手,,快踱一圈,H,內圈 快踱一圈 (助手)
H303,09/03/2024,游水,沙田,,沙田,,,,,,,,游水,,
H303,09/03/2024,踱步,沙田,內圈,沙田 內圈,,,,,,助手,,快踱一圈,H,內圈 快踱一圈 (助手)
H303,08/03/2024,游水,沙田,,沙田,,,,,,,,游水,,
H303,08/03/2024,快操,沙田,全天候,沙田 全天候,,26.2,26.2,26.2,,助手,,快操,H,26.2 (26.2) (助手)
H303,08/03/2024,踱步,沙田,飛機場,沙田 飛機場,,,,,,助手,,踱步,H,飛機場 踱步 (助手)
H303,07/03/2024,游水,沙田,,沙田,,,,,,,,游水,,
H303,07/03/2024,踱步,沙田,內圈,沙田 內圈,,,,,,助手,,倒快兩圈,H,內圈 倒快兩圈 (助手)
H303,06/03/2024,游水,沙田,,沙田,,,,,,,,游水,,
H303,05/03/2024,游水,沙田,,沙田,,,,,,,,游水,,
H303,05/03/2024,快操,沙田,全天候,沙田 全天候,,55.3,55.3,31.4 23.9,,助手,,快操,,31.4 23.9 (55.3) (助手)
H303,05/03/2024,踱步,沙田,飛機場,沙田 飛機場,,,,,,助手,,踱步,,飛機場 踱步 (助手)
H303,04/03/2024,游水,沙田,,沙田,,,,,,,,游水,,
H303,04/03/2024,踱步,沙田,內圈,沙田 內圈,,,,,,助手,,倒快兩圈,H,內圈 倒快兩圈 (助手)
H303,03/03/2024,游水,沙田,,沙田,,,,,,,,游水,,
H303,02/03/2024,游水,沙田,,沙田,,,,,,,,游水,,
H303,02/03/2024,快操,沙田,全天候,沙田 全天候,,25.7,25.7,25.7,,助手,,快操,H,25.7 (25.7) (助手)
H303,02/03/2024,踱步,沙田,飛機場,沙田 飛機場,,,,,,助手,,踱步,H,飛機場 踱步 (助手)
H303,01/03/2024,游水,沙田,,沙田,,,,,,,,游水,,
H303,01/03/2024,踱步,沙田,內圈,沙田 內圈,,,,,,助手,,快踱一圈,H,內圈 快踱一圈 (助手)
H303,28/02/2024,快操,沙田,全天候,沙田 全天候,,29.4,29.4,29.4,,田泰安,,快操,H,29.4 (29.4) (田泰安)
H303,28/02/2024,踱步,沙田,飛機場,沙田 飛機場,,,,,,助手,,踱步,H,飛機場 踱步 (助手)
H303,27/02/2024,踱步,沙田,內圈,沙田 內圈,,,,,,助手,,快踱一圈,H,內圈 快踱一圈 (助手)
H303,26/02/2024,踱步,沙田,內圈,沙田 內圈,,,,,,助手,,倒快兩圈,H,內圈 倒快兩圈 (助手)
H303,25/02/2024,踱步,沙田,飛機場,沙田 飛機場,,,,,,助手,,踱步,H,飛機場 踱步 (助手)
H303,21/02/2024,出賽,跑馬地,草地,跑馬地 草地,1200M,,,,,田泰安,1/8,出賽,TT,1200M (田泰安) (1/8)
H303,21/02/2024,踱步,沙田,內圈,沙田 內圈,,,,,,助手,,快踱一圈,H,內圈 快踱一圈 (助手)
H303,20/02/2024,游水,沙田,,沙田,,,,,,,,游水,,
H303,20/02/2024,踱步,沙田,內圈,沙田 內圈,,,,,,助手,,快踱一圈,H,內圈 快踱一圈 (助手)
H303,19/02/2024,游水,沙田,,沙田,,,,,,,,游水,,
H303,19/02/2024,快操,沙田,全天候,沙田 全天候,,28.6,28.6,28.6,,助手,,快操,H,28.6 (28.6) (助手)
H303,19/02/2024,踱步,沙田,飛機場,沙田 飛機場,,,,,,助手,,踱步,H,飛機場 踱步 (助手)
H303,18/02/2024,游水,沙田,,沙田,,,,,,,,游水,,
H303,18/02/2024,踱步,沙田,內圈,沙田 內圈,,,,,,助手,,快踱一圈,H,內圈 快踱一圈 (助手)
H303,17/02/2024,游水,沙田,,沙田,,,,,,,,游水,,
H303,17/02/2024,踱步,沙田,內圈,沙田 內圈,,,,,,助手,,快踱一圈,H,內圈 快踱一圈 (助手)
H303,15/02/2024,游水,從化,,從化,,,,,,,,游水,,
H303,15/02/2024,快操,從化,草地,從化 草地,,55.8,55.8,31.9 23.9,,副練馬師,,快操,,31.9 23.9 (55.8) (副練馬師)
H303,15/02/2024,踱步,從化,飛機場,從化 飛機場,,,,,,副練馬師,,踱步,,飛機場 踱步 (副練馬師)
H303,14/02/2024,游水,從化,,從化,,,,,,,,游水,,
H303,14/02/2024,踱步,從化,飛機場,從化 飛機場,,,,,,助手,,踱步,H,飛機場 踱步 (助手)
H303,13/02/2024,游水,從化,,從化,,,,,,,,游水,,
H303,13/02/2024,快操,從化,草地,從化 草地,,28.0,28.0,28.0,,助手,,快操,H,28.0 (28.0) (助手)
H303,13/02/2024,踱步,從化,飛機場,從化 飛機場,,,,,,助手,,踱步,H,飛機場 踱步 (助手)
H303,12/02/2024,游水,從化,,從化,,,,,,,,游水,,
H303,12/02/2024,踱步,從化,內圈,從化 內圈,,,,,,助手,,倒快兩圈,H,內圈 倒快兩圈 (助手)
H303,11/02/2024,游水,從化,,從化,,,,,,,,游水,,
H303,11/02/2024,踱步,從化,內圈,從化 內圈,,,,,,助手,,快踱一圈,H,內圈 快踱一圈 (助手)
H303,09/02/2024,游水,從化,,從化,,,,,,,,游水,,
H303,09/02/2024,踱步,從化,內圈,從化 內圈,,,,,,助手,,快踱一圈,H,內圈 快踱一圈 (助手)
H303,08/02/2024,游水,從化,,從化,,,,,,,,游水,,
H303,08/02/2024,踱步,從化,飛機場,從化 飛機場,,,,,,助手,,踱步,,飛機場 踱步 (助手)
H303,07/02/2024,快操,沙田,全天候,沙田 全天候,,30.4,30.4,30.4,,田泰安,,快操,H,30.4 (30.4) (田泰安)
H303,07/02/2024,踱步,沙田,飛機場,沙田 飛機場,,,,,,田泰安,,踱步,H,飛機場 踱步 (田泰安)
H303,06/02/2024,游水,沙田,,沙田,,,,,,,,游水,,
H303,06/02/2024,踱步,沙田,內圈,沙田 內圈,,,,,,助手,,快踱一圈,H,內圈 快踱一圈 (助手)
H303,05/02/2024,游水,沙田,,沙田,,,,,,,,游水,,
H303,05/02/2024,踱步,沙田,內圈,沙田 內圈,,,,,,助手,,倒快兩圈,H,內圈 倒快兩圈 (助手)
H303,04/02/2024,游水,沙田,,沙田,,,,,,,,游水,,
H303,03/02/2024,游水,沙田,,沙田,,,,,,,,游水,,
H303,03/02/2024,踱步,沙田,飛機場,沙田 飛機場,,,,,,助手,,踱步,H,飛機場 踱步 (助手)
H303,02/02/2024,游水,沙田,,沙田,,,,,,,,游水,,
H303,31/01/2024,出賽,跑馬地,草地,跑馬地 草地,1200M,,,,,田泰安,1/12,出賽,TT,1200M (田泰安) (1/12)
H303,31/01/2024,踱步,沙田,內圈,沙田 內圈,,,,,,助手,,快踱一圈,H,內圈 快踱一圈 (助手)
H303,30/01/2024,游水,沙田,,沙田,,,,,,,,游水,,
H303,30/01/2024,踱步,沙田,內圈,沙田 內圈,,,,,,助手,,快踱一圈,H,內圈 快踱一圈 (助手)
H303,29/01/2024,游水,沙田,,沙田,,,,,,,,游水,,
H303,29/01/2024,踱步,沙田,外圈,沙田 外圈,,,,,,助手,,快踱一圈,H,外圈 快踱一圈 (助手)
H303,28/01/2024,游水,沙田,,沙田,,,,,,,,游水,,
H303,28/01/2024,踱步,沙田,飛機場,沙田 飛機場,,,,,,助手,,踱步,H,飛機場 踱步 (助手)
H303,27/01/2024,游水,沙田,,沙田,,,,,,,,游水,,
H303,27/01/2024,快操,從化,草地,從化 草地,,54.6,54.6,31.0 23.6,,助手,,快操,,31.0 23.6 (54.6) (助手)
H303,27/01/2024,踱步,從化,飛機場,從化 飛機場,,,,,,助手,,踱步,,飛機場 踱步 (助手)
H303,26/01/2024,游水,從化,,從化,,,,,,,,游水,,
H303,26/01/2024,踱步,從化,內圈,從化 內圈,,,,,,助手,,快踱一圈,H,內圈 快踱一圈 (助手)
H303,25/01/2024,游水,從化,,從化,,,,,,,,游水,,
H303,25/01/2024,踱步,從化,內圈,從化 內圈,,,,,,助手,,倒快兩圈,H,內圈 倒快兩圈 (助手)
H303,24/01/2024,游水,從化,,從化,,,,,,,,游水,,
H303,24/01/2024,踱步,從化,內圈,從化 內圈,,,,,,助手,,快踱一圈,H,內圈 快踱一圈 (助手)
H303,23/01/2024,游水,從化,,從化,,,,,,,,游水,,
H303,22/01/2024,試閘,從化,草地,從化 草地,1000M,0.57.92,57.92,14.0 21.7 22.2,好友心得,漢特日,,第1組,,第1組 (漢特日) 1000M 好友心得 14.0 21.7 22.2 (0.57.92)
H303,22/01/2024,游水,從化,,從化,,,,,,,,游水,,
H303,22/01/2024,踱步,從化,飛機場,從化 飛機場,,,,,,助手,,踱步,,飛機場 踱步 (助手)
H303,21/01/2024,游水,從化,,從化,,,,,,,,游水,,
H303,21/01/2024,踱步,從化,內圈,從化 內圈,,,,,,副練馬師,,快踱一圈,H,內圈 快踱一圈 (副練馬師)
H303,20/01/2024,游水,從化,,從化,,,,,,,,游水,,
H303,20/01/2024,踱步,從化,內圈,從化 內圈,,,,,,助手,,快踱一圈,H,內圈 快踱一圈 (助手)
H303,18/01/2024,游水,沙田,,沙田,,,,,,,,游水,,
H303,18/01/2024,快操,沙田,全天候,沙田 全天候,,26.7,26.7,26.7,,助手,,快操,H,26.7 (26.7) (助手)
H303,18/01/2024,踱步,沙田,飛機場,沙田 飛機場,,,,,,助手,,踱步,H,飛機場 踱步 (助手)
H303,17/01/2024,游水,沙田,,沙田,,,,,,,,游水,,
H303,17/01/2024,踱步,沙田,內圈,沙田 內圈,,,,,,助手,,快踱一圈,H,內圈 快踱一圈 (助手)
H303,16/01/2024,游水,沙田,,沙田,,,,,,,,游水,,
H303,16/01/2024,踱步,沙田,內圈,沙田 內圈,,,,,,助手,,快踱一圈,H,內圈 快踱一圈 (助手)
H303,15/01/2024,游水,沙田,,沙田,,,,,,,,游水,,
H303,15/01/2024,踱步,沙田,外圈,沙田 外圈,,,,,,助手,,快踱一圈,H,外圈 快踱一圈 (助手)
H303,14/01/2024,游水,沙田,,沙田,,,,,,,,游水,,
H303,13/01/2024,游水,沙田,,沙田,,,,,,,,游水,,
H303,13/01/2024,快操,沙田,全天候,沙田 全天候,,26.0,26.0,26.0,,助手,,快操,H,26.0 (26.0) (助手)
H303,13/01/2024,踱步,沙田,飛機場,沙田 飛機場,,,,,,助手,,踱步,H,飛機場 踱步 (助手)
H303,12/01/2024,游水,沙田,,沙田,,,,,,,,游水,,
H303,12/01/2024,踱步,沙田,內圈,沙田 內圈,,,,,,助手,,快踱一圈,H,內圈 快踱一圈 (助手)
H303,11/01/2024,游水,沙田,,沙田,,,,,,,,游水,,
H303,11/01/2024,踱步,沙田,內圈,沙田 內圈,,,,,,助手,,倒快兩圈,H,內圈 倒快兩圈 (助手)
H303,10/01/2024,游水,沙田,,沙田,,,,,,,,游水,,
H303,10/01/2024,快操,沙田,全天候,沙田 全天候,,29.3,29.3,29.3,,霍宏聲,,快操,H,29.3 (29.3) (霍宏聲)
H303,10/01/2024,踱步,沙田,飛機場,沙田 飛機場,,,,,,霍宏聲,,踱步,H,飛機場 踱步 (霍宏聲)
H303,09/01/2024,游水,沙田,,沙田,,,,,,,,游水,,
H303,09/01/2024,踱步,沙田,內圈,沙田 內圈,,,,,,助手,,快踱一圈,H,內圈 快踱一圈 (助手)
H303,08/01/2024,游水,沙田,,沙田,,,,,,,,游水,,
H303,08/01/2024,踱步,沙田,內圈,沙田 內圈,,,,,,助手,,倒快兩圈,H,內圈 倒快兩圈 (助手)
H303,07/01/2024,游水,沙田,,沙田,,,,,,,,游水,,
H303,06/01/2024,游水,沙田,,沙田,,,,,,,,游水,,
H303,04/01/2024,出賽,跑馬地,草地,跑馬地 草地,1200M,,,,,何澤堯,5/11,出賽,H-/TT,1200M (何澤堯) (5/11)
H303,04/01/2024,踱步,沙田,飛機場,沙田 飛機場,,,,,,助手,,踱步,H,飛機場 踱步 (助手)
H303,03/01/2024,游水,沙田,,沙田,,,,,,,,游水,,
H303,03/01/2024,踱步,沙田,內圈,沙田 內圈,,,,,,助手,,快踱一圈,H,內圈 快踱一圈 (助手)
H303,02/01/2024,游水,沙田,,沙田,,,,,,,,游水,,
H303,02/01/2024,快操,沙田,全天候,沙田 全天候,,58.1,58.1,32.0 26.1,,何澤堯,,快操,H,32.0 26.1 (58.1) (何澤堯)
H303,02/01/2024,踱步,沙田,飛機場,沙田 飛機場,,,,,,何澤堯,,踱步,H,飛機場 踱步 (何澤堯)
H303,01/01/2024,游水,沙田,,沙田,,,,,,,,游水,,
H303,01/01/2024,踱步,沙田,內圈,沙田 內圈,,,,,,助手,,倒快兩圈,H,內圈 倒快兩圈 (助手)
H303,31/12/2023,游水,沙田,,沙田,,,,,,,,游水,,
H303,31/12/2023,踱步,沙田,內圈,沙田 內圈,,,,,,助手,,快踱一圈,H,內圈 快踱一圈 (助手)
H303,30/12/2023,游水,沙田,,沙田,,,,,,,,游水,,
H303,30/12/2023,快操,沙田,全天候,沙田 全天候,,23.0,23.0,23.0,,助手,,快操,,23.0 (23.0) (助手)
H303,30/12/2023,踱步,沙田,飛機場,沙田 飛機場,,,,,,助手,,踱步,,飛機場 踱步 (助手)
H303,29/12/2023,游水,沙田,,沙田,,,,,,,,游水,,
H303,29/12/2023,踱步,沙田,內圈,沙田 內圈,,,,,,助手,,快踱一圈,H,內圈 快踱一圈 (助手)
H303,28/12/2023,游水,沙田,,沙田,,,,,,,,游水,,
H303,28/12/2023,踱步,沙田,內圈,沙田 內圈,,,,,,助手,,倒快兩圈,H,內圈 倒快兩圈 (助手)
H303,27/12/2023,游水,沙田,,沙田,,,,,,,,游水,,
H303,27/12/2023,快操,沙田,全天候,沙田 全天候,,27.1,27.1,27.1,,助手,,快操,H,27.1 (27.1) (助手)
H303,27/12/2023,踱步,沙田,飛機場,沙田 飛機場,,,,,,助手,,踱步,H,飛機場 踱步 (助手)
H303,26/12/2023,游水,沙田,,沙田,,,,,,,,游水,,
H303,26/12/2023,踱步,沙田,內圈,沙田 內圈,,,,,,助手,,快踱一圈,H,內圈 快踱一圈 (助手)
H303,25/12/2023,游水,沙田,,沙田,,,,,,,,游水,,
H303,25/12/2023,踱步,沙田,內圈,沙田 內圈,,,,,,助手,,倒快一圈,H,內圈 倒快一圈 (助手)
H303,24/12/2023,游水,沙田,,沙田,,,,,,,,游水,,
H303,23/12/2023,游水,沙田,,沙田,,,,,,,,游水,,
H303,22/12/2023,游水,沙田,,沙田,,,,,,,,游水,,
H303,20/12/2023,出賽,跑馬地,草地,跑馬地 草地,1200M,,,,,何澤堯,5/12,出賽,H/TT,1200M (何澤堯) (5/12)
H303,20/12/2023,踱步,沙田,內圈,沙田 內圈,,,,,,助手,,快踱一圈,H,內圈 快踱一圈 (助手)
H303,19/12/2023,游水,沙田,,沙田,,,,,,,,游水,,
H303,19/12/2023,踱步,沙田,內圈,沙田 內圈,,,,,,助手,,快踱一圈,H,內圈 快踱一圈 (助手)
H303,18/12/2023,游水,沙田,,沙田,,,,,,,,游水,,
H303,18/12/2023,快操,沙田,全天候,沙田 全天候,,1.00.8,60.8,32.5 28.3,,何澤堯,,快操,H,32.5 28.3 (1.00.8) (何澤堯)
H303,18/12/2023,踱步,沙田,飛機場,沙田 飛機場,,,,,,何澤堯,,踱步,H,飛機場 踱步 (何澤堯)
H303,17/12/2023,游水,沙田,,沙田,,,,,,,,游水,,
H303,17/12/2023,踱步,沙田,內圈,沙田 內圈,,,,,,助手,,快踱一圈,H,內圈 快踱一圈 (助手)
H303,16/12/2023,游水,沙田,,沙田,,,,,,,,游水,,
H303,16/12/2023,踱步,沙田,內圈,沙田 內圈,,,,,,助手,,快踱一圈,H,內圈 快踱一圈 (助手)
H303,15/12/2023,游水,沙田,,沙田,,,,,,,,游水,,
H303,15/12/2023,快操,沙田,全天候,沙田 全天候,,25.9,25.9,25.9,,助手,,快操,H,25.9 (25.9) (助手)
H303,15/12/2023,踱步,沙田,飛機場,沙田 飛機場,,,,,,助手,,踱步,H,飛機場 踱步 (助手)
H303,14/12/2023,游水,沙田,,沙田,,,,,,,,游水,,
H303,14/12/2023,踱步,沙田,內圈,沙田 內圈,,,,,,助手,,倒快兩圈,H,內圈 倒快兩圈 (助手)
H303,13/12/2023,游水,沙田,,沙田,,,,,,,,游水,,
H303,13/12/2023,踱步,沙田,內圈,沙田 內圈,,,,,,助手,,快踱一圈,H,內圈 快踱一圈 (助手)
H303,12/12/2023,游水,沙田,,沙田,,,,,,,,游水,,
H303,12/12/2023,快操,沙田,全天候,沙田 全天候,,28.1,28.1,28.1,,助手,,快操,H,28.1 (28.1) (助手)
H303,12/12/2023,踱步,沙田,飛機場,沙田 飛機場,,,,,,助手,,踱步,H,飛機場 踱步 (助手)
H303,11/12/2023,游水,沙田,,沙田,,,,,,,,游水,,
H303,11/12/2023,踱步,沙田,內圈,沙田 內圈,,,,,,助手,,倒快兩圈,H,內圈 倒快兩圈 (助手)
H303,10/12/2023,游水,沙田,,沙田,,,,,,,,游水,,
H303,09/12/2023,游水,沙田,,沙田,,,,,,,,游水,,
H303,09/12/2023,踱步,沙田,飛機場,沙田 飛機場,,,,,,助手,,踱步,H,飛機場 踱步 (助手)
H303,08/12/2023,游水,沙田,,沙田,,,,,,,,游水,,
H303,06/12/2023,出賽,跑馬地,草地,跑馬地 草地,1200M,,,,,何澤堯,1/12,出賽,H/TT,1200M (何澤堯) (1/12)
H303,06/12/2023,踱步,沙田,飛機場,沙田 飛機場,,,,,,助手,,踱步,H,飛機場 踱步 (助手)
H303,05/12/2023,游水,沙田,,沙田,,,,,,,,游水,,
H303,05/12/2023,踱步,沙田,內圈,沙田 內圈,,,,,,助手,,快踱一圈,H,內圈 快踱一圈 (助手)
H303,04/12/2023,游水,沙田,,沙田,,,,,,,,游水,,
H303,04/12/2023,踱步,沙田,外圈,沙田 外圈,,,,,,助手,,快踱一圈,H,外圈 快踱一圈 (助手)
H303,03/12/2023,游水,沙田,,沙田,,,,,,,,游水,,
H303,03/12/2023,踱步,沙田,內圈,沙田 內圈,,,,,,助手,,快踱一圈,H,內圈 快踱一圈 (助手)
H303,02/12/2023,游水,沙田,,沙田,,,,,,,,游水,,
H303,02/12/2023,快操,沙田,全天候,沙田 全天候,,26.1,26.1,26.1,,助手,,肥仔醒醒,,26.1 (26.1) (助手) 肥仔醒醒
H303,02/12/2023,踱步,沙田,飛機場,沙田 飛機場,,,,,,助手,,踱步,,飛機場 踱步 (助手)
H303,01/12/2023,游水,沙田,,沙田,,,,,,,,游水,,
H303,01/12/2023,踱步,沙田,內圈,沙田 內圈,,,,,,助手,,快踱一圈,H,內圈 快踱一圈 (助手)
H303,30/11/2023,游水,沙田,,沙田,,,,,,,,游水,,
H303,30/11/2023,踱步,沙田,內圈,沙田 內圈,,,,,,助手,,倒快兩圈,H,內圈 倒快兩圈 (助手)
H303,29/11/2023,游水,沙田,,沙田,,,,,,,,游水,,
H303,28/11/2023,游水,沙田,,沙田,,,,,,,,游水,,
H303,28/11/2023,快操,沙田,全天候,沙田 全天候,,25.1,25.1,25.1,,助手,,快操,,25.1 (25.1) (助手)
H303,28/11/2023,踱步,沙田,飛機場,沙田 飛機場,,,,,,助手,,踱步,,飛機場 踱步 (助手)
H303,27/11/2023,游水,沙田,,沙田,,,,,,,,游水,,
H303,27/11/2023,踱步,沙田,內圈,沙田 內圈,,,,,,助手,,倒快兩圈,H,內圈 倒快兩圈 (助手)
H303,26/11/2023,游水,沙田,,沙田,,,,,,,,游水,,
H303,25/11/2023,游水,沙田,,沙田,,,,,,,,游水,,
H303,25/11/2023,快操,沙田,全天候,沙田 全天候,,26.4,26.4,26.4,,助手,,快操,H,26.4 (26.4) (助手)
H303,25/11/2023,踱步,沙田,飛機場,沙田 飛機場,,,,,,助手,,踱步,H,飛機場 踱步 (助手)
H303,24/11/2023,游水,沙田,,沙田,,,,,,,,游水,,
H303,24/11/2023,踱步,沙田,內圈,沙田 內圈,,,,,,助手,,快踱一圈,H,內圈 快踱一圈 (助手)
H303,23/11/2023,游水,沙田,,沙田,,,,,,,,游水,,
H303,23/11/2023,踱步,沙田,內圈,沙田 內圈,,,,,,助手,,倒快兩圈,H,內圈 倒快兩圈 (助手)
H303,22/11/2023,游水,沙田,,沙田,,,,,,,,游水,,
H303,22/11/2023,快操,沙田,全天候,沙田 全天候,,26.3,26.3,26.3,,助手,,快操,H,26.3 (26.3) (助手)
H303,22/11/2023,踱步,沙田,飛機場,沙田 飛機場,,,,,,助手,,踱步,H,飛機場 踱步 (助手)
H303,21/11/2023,游水,沙田,,沙田,,,,,,,,游水,,
H303,21/11/2023,踱步,沙田,內圈,沙田 內圈,,,,,,助手,,快踱一圈,H,內圈 快踱一圈 (助手)
H303,20/11/2023,游水,沙田,,沙田,,,,,,,,游水,,
H303,20/11/2023,踱步,沙田,內圈,沙田 內圈,,,,,,助手,,倒快兩圈,H,內圈 倒快兩圈 (助手)
H303,19/11/2023,游水,沙田,,沙田,,,,,,,,游水,,
H303,18/11/2023,游水,沙田,,沙田,,,,,,,,游水,,
H303,18/11/2023,踱步,沙田,內圈,沙田 內圈,,,,,,助手,,快踱一圈,H,內圈 快踱一圈 (助手)
H303,17/11/2023,游水,沙田,,沙田,,,,,,,,游水,,
H303,15/11/2023,出賽,跑馬地,草地,跑馬地 草地,1200M,,,,,潘頓,2/12,出賽,H/TT,1200M (潘頓) (2/12)
H303,15/11/2023,踱步,沙田,內圈,沙田 內圈,,,,,,助手,,快踱一圈,H,內圈 快踱一圈 (助手)
H303,14/11/2023,游水,沙田,,沙田,,,,,,,,游水,,
H303,14/11/2023,踱步,沙田,內圈,沙田 內圈,,,,,,助手,,快踱一圈,H,內圈 快踱一圈 (助手)
H303,13/11/2023,游水,沙田,,沙田,,,,,,,,游水,,
H303,13/11/2023,快操,沙田,全天候,沙田 全天候,,26.9,26.9,26.9,,潘頓,,快操,H,26.9 (26.9) (潘頓)
H303,13/11/2023,踱步,沙田,飛機場,沙田 飛機場,,,,,,潘頓,,踱步,H,飛機場 踱步 (潘頓)
H303,12/11/2023,游水,沙田,,沙田,,,,,,,,游水,,
H303,12/11/2023,踱步,沙田,內圈,沙田 內圈,,,,,,助手,,快踱一圈,H,內圈 快踱一圈 (助手)
H303,11/11/2023,游水,沙田,,沙田,,,,,,,,游水,,
H303,11/11/2023,踱步,沙田,內圈,沙田 內圈,,,,,,助手,,快踱一圈,H,內圈 快踱一圈 (助手)
H303,10/11/2023,游水,沙田,,沙田,,,,,,,,游水,,
H303,09/11/2023,游水,沙田,,沙田,,,,,,,,游水,,
H303,09/11/2023,快操,沙田,草地,沙田 草地,,48.8,48.8,24.3 24.5,,助手,,快操,,24.3 24.5 (48.8) (助手)
H303,09/11/2023,踱步,沙田,飛機場,沙田 飛機場,,,,,,助手,,踱步,,飛機場 踱步 (助手)
H303,08/11/2023,游水,沙田,,沙田,,,,,,,,游水,,
H303,08/11/2023,踱步,沙田,內圈,沙田 內圈,,,,,,助手,,快踱一圈,H,內圈 快踱一圈 (助手)
H303,07/11/2023,游水,沙田,,沙田,,,,,,,,游水,,
H303,07/11/2023,踱步,沙田,內圈,沙田 內圈,,,,,,助手,,快踱一圈,H,內圈 快踱一圈 (助手)
H303,06/11/2023,游水,沙田,,沙田,,,,,,,,游水,,
H303,06/11/2023,快操,沙田,全天候,沙田 全天候,,26.6,26.6,26.6,,助手,,快操,H,26.6 (26.6) (助手)
H303,06/11/2023,踱步,沙田,飛機場,沙田 飛機場,,,,,,助手,,踱步,H,飛機場 踱步 (助手)
H303,05/11/2023,游水,沙田,,沙田,,,,,,,,游水,,
H303,05/11/2023,踱步,沙田,內圈,沙田 內圈,,,,,,助手,,快踱一圈,H,內圈 快踱一圈 (助手)
H303,04/11/2023,游水,沙田,,沙田,,,,,,,,游水,,
H303,04/11/2023,踱步,沙田,內圈,沙田 內圈,,,,,,助手,,快踱一圈,H,內圈 快踱一圈 (助手)
H303,03/11/2023,游水,沙田,,沙田,,,,,,,,游水,,
H303,03/11/2023,踱步,沙田,內圈,沙田 內圈,,,,,,助手,,快踱一圈,H,內圈 快踱一圈 (助手)
H303,02/11/2023,游水,沙田,,沙田,,,,,,,,游水,,
H303,02/11/2023,踱步,沙田,內圈,沙田 內圈,,,,,,助手,,倒快兩圈,H,內圈 倒快兩圈 (助手)
H303,01/11/2023,游水,沙田,,沙田,,,,,,,,游水,,
H303,01/11/2023,踱步,沙田,飛機場,沙田 飛機場,,,,,,助手,,踱步,H,飛機場 踱步 (助手)
H303,31/10/2023,游水,沙田,,沙田,,,,,,,,游水,,
H303,29/10/2023,出賽,跑馬地,草地,跑馬地 草地,1200M,,,,,潘頓,1/12,出賽,H/TT,1200M (潘頓) (1/12)
H303,29/10/2023,踱步,沙田,內圈,沙田 內圈,,,,,,助手,,快踱一圈,H,內圈 快踱一圈 (助手)
H303,28/10/2023,游水,沙田,,沙田,,,,,,,,游水,,
H303,28/10/2023,踱步,沙田,內圈,沙田 內圈,,,,,,助手,,快踱一圈,H,內圈 快踱一圈 (助手)
H303,27/10/2023,游水,沙田,,沙田,,,,,,,,游水,,
H303,27/10/2023,快操,沙田,全天候,沙田 全天候,,28.2,28.2,28.2,,助手,,快操,H,28.2 (28.2) (助手)
H303,27/10/2023,踱步,沙田,飛機場,沙田 飛機場,,,,,,助手,,踱步,H,飛機場 踱步 (助手)
H303,26/10/2023,踱步,從化,內圈,從化 內圈,,,,,,助手,,倒快兩圈,H,內圈 倒快兩圈 (助手)
H303,25/10/2023,游水,從化,,從化,,,,,,,,游水,,
H303,24/10/2023,游水,從化,,從化,,,,,,,,游水,,
H303,24/10/2023,快操,從化,草地,從化 草地,,24.6,24.6,24.6,,助手,,快操,H,24.6 (24.6) (助手)
H303,24/10/2023,踱步,從化,飛機場,從化 飛機場,,,,,,助手,,踱步,H,飛機場 踱步 (助手)
H303,23/10/2023,游水,從化,,從化,,,,,,,,游水,,
H303,23/10/2023,踱步,從化,內圈,從化 內圈,,,,,,助手,,倒快兩圈,H,內圈 倒快兩圈 (助手)
H303,22/10/2023,游水,從化,,從化,,,,,,,,游水,,
H303,21/10/2023,游水,從化,,從化,,,,,,,,游水,,
H303,21/10/2023,快操,從化,草地,從化 草地,,58.9,58.9,34.0 24.9,,助手,,快操,,34.0 24.9 (58.9) (助手)
H303,21/10/2023,踱步,從化,飛機場,從化 飛機場,,,,,,助手,,踱步,,飛機場 踱步 (助手)
H303,20/10/2023,游水,從化,,從化,,,,,,,,游水,,
H303,20/10/2023,踱步,從化,內圈,從化 內圈,,,,,,助手,,快踱一圈,H,內圈 快踱一圈 (助手)
H303,19/10/2023,游水,從化,,從化,,,,,,,,游水,,
H303,19/10/2023,踱步,從化,內圈,從化 內圈,,,,,,助手,,倒快兩圈,H,內圈 倒快兩圈 (助手)
H303,18/10/2023,游水,從化,,從化,,,,,,,,游水,,
H303,18/10/2023,踱步,從化,內圈,從化 內圈,,,,,,副練馬師,,快踱一圈,H,內圈 快踱一圈 (副練馬師)
H303,17/10/2023,游水,從化,,從化,,,,,,,,游水,,
H303,17/10/2023,快操,從化,登山跑道,從化 登山跑道,,31.1,31.1,31.1,,助手,,快操,H,31.1 (31.1) (助手)
H303,17/10/2023,踱步,從化,飛機場,從化 飛機場,,,,,,助手,,踱步,H,飛機場 踱步 (助手)
H303,16/10/2023,游水,從化,,從化,,,,,,,,游水,,
H303,16/10/2023,踱步,從化,內圈,從化 內圈,,,,,,助手,,倒快兩圈,H,內圈 倒快兩圈 (助手)
H303,15/10/2023,游水,從化,,從化,,,,,,,,游水,,
H303,14/10/2023,游水,從化,,從化,,,,,,,,游水,,
H303,14/10/2023,快操,從化,草地,從化 草地,,28.4,28.4,28.4,,助手,,快操,H,28.4 (28.4) (助手)
H303,14/10/2023,踱步,從化,飛機場,從化 飛機場,,,,,,助手,,踱步,H,飛機場 踱步 (助手)
H303,13/10/2023,游水,從化,,從化,,,,,,,,游水,,
H303,13/10/2023,踱步,從化,內圈,從化 內圈,,,,,,助手,,快踱一圈,H,內圈 快踱一圈 (助手)
H303,12/10/2023,游水,從化,,從化,,,,,,,,游水,,
H303,12/10/2023,踱步,從化,飛機場,從化 飛機場,,,,,,助手,,踱步,,飛機場 踱步 (助手)
H303,11/10/2023,踱步,沙田,內圈,沙田 內圈,,,,,,助手,,快踱一圈,H,內圈 快踱一圈 (助手)
H303,10/10/2023,游水,沙田,,沙田,,,,,,,,游水,,
H303,10/10/2023,踱步,沙田,內圈,沙田 內圈,,,,,,助手,,快踱一圈,H,內圈 快踱一圈 (助手)
H303,09/10/2023,游水,沙田,,沙田,,,,,,,,游水,,
H303,08/10/2023,游水,沙田,,沙田,,,,,,,,游水,,
H303,08/10/2023,踱步,沙田,飛機場,沙田 飛機場,,,,,,助手,,踱步,H,飛機場 踱步 (助手)
H303,07/10/2023,游水,沙田,,沙田,,,,,,,,游水,,
H303,06/10/2023,游水,沙田,,沙田,,,,,,,,游水,,
H303,04/10/2023,出賽,跑馬地,草地,跑馬地 草地,1200M,,,,,梁家俊,5/8,出賽,H2/TT,1200M (梁家俊) (5/8)
H303,04/10/2023,踱步,沙田,內圈,沙田 內圈,,,,,,助手,,快踱一圈,H,內圈 快踱一圈 (助手)
H303,03/10/2023,游水,沙田,,沙田,,,,,,,,游水,,
H303,03/10/2023,踱步,沙田,飛機場,沙田 飛機場,,,,,,助手,,踱步,H,飛機場 踱步 (助手)
H303,02/10/2023,游水,沙田,,沙田,,,,,,,,游水,,
H303,02/10/2023,踱步,沙田,內圈,沙田 內圈,,,,,,助手,,倒快兩圈,H,內圈 倒快兩圈 (助手)
H303,01/10/2023,游水,沙田,,沙田,,,,,,,,游水,,
H303,01/10/2023,踱步,沙田,內圈,沙田 內圈,,,,,,助手,,快踱一圈,H,內圈 快踱一圈 (助手)
H303,30/09/2023,游水,沙田,,沙田,,,,,,,,游水,,
H303,30/09/2023,踱步,沙田,內圈,沙田 內圈,,,,,,助手,,快踱一圈,H,內圈 快踱一圈 (助手)
H303,29/09/2023,游水,沙田,,沙田,,,,,,,,游水,,
H303,27/09/2023,出賽,跑馬地,草地,跑馬地 草地,1200M,,,,,田泰安,6/10,出賽,H-/TT,1200M (田泰安) (6/10)
H303,27/09/2023,踱步,沙田,內圈,沙田 內圈,,,,,,助手,,快踱一圈,H,內圈 快踱一圈 (助手)
H303,26/09/2023,游水,沙田,,沙田,,,,,,,,游水,,
H303,26/09/2023,踱步,沙田,內圈,沙田 內圈,,,,,,助手,,快踱一圈,H,內圈 快踱一圈 (助手)
H303,25/09/2023,游水,沙田,,沙田,,,,,,,,游水,,
H303,25/09/2023,快操,沙田,全天候,沙田 全天候,,29.3,29.3,29.3,,田泰安,,快操,H,29.3 (29.3) (田泰安)
H303,25/09/2023,踱步,沙田,飛機場,沙田 飛機場,,,,,,田泰安,,踱步,H,飛機場 踱步 (田泰安)
H303,24/09/2023,游水,沙田,,沙田,,,,,,,,游水,,
H303,24/09/2023,踱步,沙田,內圈,沙田 內圈,,,,,,助手,,快踱一圈,H,內圈 快踱一圈 (助手)
H303,23/09/2023,游水,沙田,,沙田,,,,,,,,游水,,
H303,23/09/2023,踱步,沙田,內圈,沙田 內圈,,,,,,助手,,快踱一圈,H,內圈 快踱一圈 (助手)
H303,22/09/2023,游水,沙田,,沙田,,,,,,,,游水,,
H303,22/09/2023,踱步,沙田,內圈,沙田 內圈,,,,,,助手,,快踱一圈,,內圈 快踱一圈 (助手)
H303,21/09/2023,游水,沙田,,沙田,,,,,,,,游水,,
H303,21/09/2023,快操,沙田,全天候,沙田 全天候,,26.4,26.4,26.4,,助手,,快操,H,26.4 (26.4) (助手)
H303,21/09/2023,踱步,沙田,飛機場,沙田 飛機場,,,,,,助手,,踱步,H,飛機場 踱步 (助手)
H303,20/09/2023,游水,沙田,,沙田,,,,,,,,游水,,
H303,20/09/2023,踱步,沙田,內圈,沙田 內圈,,,,,,助手,,快踱一圈,H,內圈 快踱一圈 (助手)
H303,19/09/2023,游水,沙田,,沙田,,,,,,,,游水,,
H303,19/09/2023,踱步,沙田,內圈,沙田 內圈,,,,,,助手,,快踱一圈,H,內圈 快踱一圈 (助手)
H303,18/09/2023,游水,沙田,,沙田,,,,,,,,游水,,
H303,18/09/2023,踱步,沙田,內圈,沙田 內圈,,,,,,助手,,倒快一圈,H,內圈 倒快一圈 (助手)
H303,17/09/2023,游水,沙田,,沙田,,,,,,,,游水,,
H303,16/09/2023,試閘,跑馬地,草地,跑馬地 草地,1200M,1.12.15,72.15,24.9 22.9 24.3,好友心得,田泰安,,第3組,H,第3組 (田泰安) 1200M 好友心得 24.9 22.9 24.3 (1.12.15)
H303,15/09/2023,游水,沙田,,沙田,,,,,,,,游水,,
H303,15/09/2023,踱步,沙田,內圈,沙田 內圈,,,,,,助手,,快踱一圈,H,內圈 快踱一圈 (助手)
H303,14/09/2023,踱步,從化,內圈,從化 內圈,,,,,,助手,,倒快兩圈,H,內圈 倒快兩圈 (助手)
H303,13/09/2023,游水,從化,,從化,,,,,,,,游水,,
H303,13/09/2023,快操,從化,登山跑道,從化 登山跑道,,31.2,31.2,31.2,,助手,,快操,H,31.2 (31.2) (助手)
H303,13/09/2023,踱步,從化,飛機場,從化 飛機場,,,,,,助手,,踱步,H,飛機場 踱步 (助手)
H303,12/09/2023,游水,從化,,從化,,,,,,,,游水,,
H303,12/09/2023,踱步,從化,內圈,從化 內圈,,,,,,助手,,快踱一圈,H,內圈 快踱一圈 (助手)
H303,11/09/2023,游水,從化,,從化,,,,,,,,游水,,
H303,11/09/2023,踱步,從化,內圈,從化 內圈,,,,,,副練馬師,,倒快兩圈,H,內圈 倒快兩圈 (副練馬師)
H303,10/09/2023,游水,從化,,從化,,,,,,,,游水,,
H303,09/09/2023,游水,從化,,從化,,,,,,,,游水,,
H303,09/09/2023,踱步,從化,內圈,從化 內圈,,,,,,副練馬師,,快踱一圈,H,內圈 快踱一圈 (副練馬師)
H303,08/09/2023,游水,從化,,從化,,,,,,,,游水,,
H303,07/09/2023,試閘,從化,草地,從化 草地,800M,0.46.49,46.49,24.5 21.9,好友心得,曾佳興,,第2組,,第2組 (曾佳興) 800M 好友心得 24.5 21.9 (0.46.49)
H303,07/09/2023,踱步,從化,飛機場,從化 飛機場,,,,,,助手,,踱步,,飛機場 踱步 (助手)
H303,06/09/2023,游水,從化,,從化,,,,,,,,游水,,
H303,06/09/2023,踱步,從化,內圈,從化 內圈,,,,,,助手,,快踱一圈,H,內圈 快踱一圈 (助手)
H303,05/09/2023,游水,從化,,從化,,,,,,,,游水,,
H303,05/09/2023,踱步,從化,內圈,從化 內圈,,,,,,助手,,快踱一圈,H,內圈 快踱一圈 (助手)
H303,04/09/2023,游水,從化,,從化,,,,,,,,游水,,
H303,04/09/2023,快操,從化,全天候,從化 全天候,,26.5,26.5,26.5,,助手,,快操,H,26.5 (26.5) (助手)
H303,04/09/2023,踱步,從化,飛機場,從化 飛機場,,,,,,助手,,踱步,H,飛機場 踱步 (助手)
H303,03/09/2023,游水,從化,,從化,,,,,,,,游水,,
H303,03/09/2023,踱步,從化,內圈,從化 內圈,,,,,,副練馬師,,快踱一圈,H,內圈 快踱一圈 (副練馬師)
H303,02/09/2023,游水,從化,,從化,,,,,,,,游水,,
H303,02/09/2023,踱步,從化,內圈,從化 內圈,,,,,,助手,,快踱一圈,H,內圈 快踱一圈 (助手)
H303,01/09/2023,游水,從化,,從化,,,,,,,,游水,,
H303,01/09/2023,快操,從化,全天候,從化 全天候,,59.6,59.6,33.3 26.3,,助手,,快操,H,33.3 26.3 (59.6) (助手)
H303,01/09/2023,踱步,從化,飛機場,從化 飛機場,,,,,,助手,,踱步,H,飛機場 踱步 (助手)
H303,31/08/2023,游水,從化,,從化,,,,,,,,游水,,
H303,31/08/2023,踱步,從化,內圈,從化 內圈,,,,,,助手,,倒快兩圈,H,內圈 倒快兩圈 (助手)
H303,30/08/2023,游水,從化,,從化,,,,,,,,游水,,
H303,30/08/2023,踱步,從化,飛機場,從化 飛機場,,,,,,助手,,踱步,H,飛機場 踱步 (助手)
H303,29/08/2023,游水,從化,,從化,,,,,,,,游水,,
H303,29/08/2023,快操,從化,草地,從化 草地,,59.9,59.9,32.7 27.2,,助手,,快操,H,32.7 27.2 (59.9) (助手)
H303,28/08/2023,游水,從化,,從化,,,,,,,,游水,,
H303,28/08/2023,踱步,從化,內圈,從化 內圈,,,,,,助手,,倒快兩圈,H,內圈 倒快兩圈 (助手)
H303,27/08/2023,游水,從化,,從化,,,,,,,,游水,,
H303,26/08/2023,游水,從化,,從化,,,,,,,,游水,,
H303,26/08/2023,快操,從化,登山跑道,從化 登山跑道,,1.00.4,60.4,32.7 27.7,,副練馬師,,快操,H,32.7 27.7 (1.00.4) (副練馬師)
H303,26/08/2023,踱步,從化,飛機場,從化 飛機場,,,,,,副練馬師,,踱步,H,飛機場 踱步 (副練馬師)
H303,25/08/2023,游水,從化,,從化,,,,,,,,游水,,
H303,25/08/2023,踱步,從化,內圈,從化 內圈,,,,,,助手,,快踱一圈,H,內圈 快踱一圈 (助手)
H303,24/08/2023,游水,從化,,從化,,,,,,,,游水,,
H303,24/08/2023,踱步,從化,內圈,從化 內圈,,,,,,助手,,倒快兩圈,H,內圈 倒快兩圈 (助手)
H303,23/08/2023,游水,從化,,從化,,,,,,,,游水,,
H303,23/08/2023,踱步,從化,內圈,從化 內圈,,,,,,助手,,快踱一圈,H,內圈 快踱一圈 (助手)
H303,22/08/2023,游水,從化,,從化,,,,,,,,游水,,
H303,22/08/2023,快操,從化,登山跑道,從化 登山跑道,,55.1,55.1,28.5 26.6,,副練馬師,,快操,H,28.5 26.6 (55.1) (副練馬師)
H303,22/08/2023,踱步,從化,飛機場,從化 飛機場,,,,,,副練馬師,,踱步,H,飛機場 踱步 (副練馬師)
H303,21/08/2023,游水,從化,,從化,,,,,,,,游水,,
H303,21/08/2023,踱步,從化,內圈,從化 內圈,,,,,,副練馬師,,倒快兩圈,H,內圈 倒快兩圈 (副練馬師)
H303,20/08/2023,游水,從化,,從化,,,,,,,,游水,,
H303,19/08/2023,游水,從化,,從化,,,,,,,,游水,,
H303,19/08/2023,快操,從化,登山跑道,從化 登山跑道,,31.5,31.5,31.5,,副練馬師,,快操,H,31.5 (31.5) (副練馬師)
H303,19/08/2023,踱步,從化,飛機場,從化 飛機場,,,,,,副練馬師,,踱步,H,飛機場 踱步 (副練馬師)
H303,18/08/2023,游水,從化,,從化,,,,,,,,游水,,
H303,18/08/2023,踱步,從化,內圈,從化 內圈,,,,,,副練馬師,,快踱一圈,H,內圈 快踱一圈 (副練馬師)
H303,17/08/2023,游水,從化,,從化,,,,,,,,游水,,
H303,17/08/2023,踱步,從化,內圈,從化 內圈,,,,,,助手,,倒快兩圈,H,內圈 倒快兩圈 (助手)
H303,16/08/2023,游水,從化,,從化,,,,,,,,游水,,
H303,16/08/2023,快操,從化,登山跑道,從化 登山跑道,,32.4,32.4,32.4,,副練馬師,,快操,H,32.4 (32.4) (副練馬師)
H303,16/08/2023,踱步,從化,飛機場,從化 飛機場,,,,,,副練馬師,,踱步,H,飛機場 踱步 (副練馬師)
H303,15/08/2023,游水,從化,,從化,,,,,,,,游水,,
H303,15/08/2023,踱步,從化,內圈,從化 內圈,,,,,,副練馬師,,快踱一圈,H,內圈 快踱一圈 (副練馬師)
H303,14/08/2023,游水,從化,,從化,,,,,,,,游水,,
H303,14/08/2023,踱步,從化,內圈,從化 內圈,,,,,,副練馬師,,倒快兩圈,H,內圈 倒快兩圈 (副練馬師)
H303,13/08/2023,游水,從化,,從化,,,,,,,,游水,,
H303,12/08/2023,游水,從化,,從化,,,,,,,,游水,,
H303,12/08/2023,踱步,從化,內圈,從化 內圈,,,,,,副練馬師,,快踱一圈,H,內圈 快踱一圈 (副練馬師)
H303,11/08/2023,游水,從化,,從化,,,,,,,,游水,,
H303,11/08/2023,踱步,從化,內圈,從化 內圈,,,,,,副練馬師,,快踱一圈,H,內圈 快踱一圈 (副練馬師)
H303,10/08/2023,游水,從化,,從化,,,,,,,,游水,,
H303,10/08/2023,踱步,從化,內圈,從化 內圈,,,,,,助手,,倒快兩圈,H,內圈 倒快兩圈 (助手)
H303,09/08/2023,游水,從化,,從化,,,,,,,,游水,,
H303,09/08/2023,踱步,從化,飛機場,從化 飛機場,,,,,,助手,,踱步,H,飛機場 踱步 (助手)
H303,08/08/2023,游水,從化,,從化,,,,,,,,游水,,
H303,08/08/2023,踱步,從化,內圈,從化 內圈,,,,,,助手,,快踱一圈,H,內圈 快踱一圈 (助手)
H303,07/08/2023,游水,從化,,從化,,,,,,,,游水,,
H303,07/08/2023,踱步,從化,內圈,從化 內圈,,,,,,副練馬師,,倒快兩圈,H,內圈 倒快兩圈 (副練馬師)
H303,06/08/2023,游水,從化,,從化,,,,,,,,游水,,
H303,05/08/2023,游水,從化,,從化,,,,,,,,游水,,
H303,05/08/2023,踱步,從化,內圈,從化 內圈,,,,,,副練馬師,,快踱一圈,H,內圈 快踱一圈 (副練馬師)
H303,04/08/2023,游水,從化,,從化,,,,,,,,游水,,
H303,04/08/2023,踱步,從化,飛機場,從化 飛機場,,,,,,助手,,踱步,,飛機場 踱步 (助手)
H303,03/08/2023,游水,從化,,從化,,,,,,,,游水,,
H303,03/08/2023,踱步,從化,飛機場,從化 飛機場,,,,,,副練馬師,,踱步,,飛機場 踱步 (副練馬師)
H303,02/08/2023,游水,從化,,從化,,,,,,,,游水,,
H303,02/08/2023,踱步,從化,飛機場,從化 飛機場,,,,,,副練馬師,,踱步,,飛機場 踱步 (副練馬師)
H303,01/08/2023,游水,從化,,從化,,,,,,,,游水,,
H303,01/08/2023,踱步,從化,飛機場,從化 飛機場,,,,,,副練馬師,,踱步,,飛機場 踱步 (副練馬師)
H303,31/07/2023,踱步,從化,飛機場,從化 飛機場,,,,,,副練馬師,,踱步,,飛機場 踱步 (副練馬師)
H303,09/07/2023,踱步,沙田,飛機場,沙田 飛機場,,,,,,助手,,踱步,H,飛機場 踱步 (助手)
H303,08/07/2023,游水,沙田,,沙田,,,,,,,,游水,,
H303,08/07/2023,踱步,沙田,外圈,沙田 外圈,,,,,,助手,,快踱一圈,H,外圈 快踱一圈 (助手)
H303,07/07/2023,游水,沙田,,沙田,,,,,,,,游水,,
H303,07/07/2023,快操,沙田,全天候,沙田 全天候,,59.0,59.0,31.7 27.3,,田泰安,,快操,H,31.7 27.3 (59.0) (田泰安)
H303,07/07/2023,踱步,沙田,飛機場,沙田 飛機場,,,,,,田泰安,,踱步,H,飛機場 踱步 (田泰安)
H303,06/07/2023,游水,沙田,,沙田,,,,,,,,游水,,
H303,06/07/2023,踱步,沙田,外圈,沙田 外圈,,,,,,助手,,快踱一圈,H,外圈 快踱一圈 (助手)
H303,05/07/2023,游水,沙田,,沙田,,,,,,,,游水,,
H303,05/07/2023,踱步,沙田,外圈,沙田 外圈,,,,,,助手,,快踱一圈,H,外圈 快踱一圈 (助手)
H303,04/07/2023,游水,沙田,,沙田,,,,,,,,游水,,
H303,03/07/2023,游水,沙田,,沙田,,,,,,,,游水,,
H303,03/07/2023,快操,沙田,全天候,沙田 全天候,,23.9,23.9,23.9,,田泰安,,快操,H,23.9 (23.9) (田泰安)
H303,03/07/2023,踱步,沙田,飛機場,沙田 飛機場,,,,,,助手,,踱步,H,飛機場 踱步 (助手)
H303,02/07/2023,游水,沙田,,沙田,,,,,,,,游水,,
H303,02/07/2023,踱步,沙田,外圈,沙田 外圈,,,,,,助手,,快踱一圈,H,外圈 快踱一圈 (助手)
H303,01/07/2023,游水,沙田,,沙田,,,,,,,,游水,,
H303,01/07/2023,踱步,沙田,外圈,沙田 外圈,,,,,,助手,,快踱一圈,H,外圈 快踱一圈 (助手)
H303,30/06/2023,游水,沙田,,沙田,,,,,,,,游水,,
H303,30/06/2023,踱步,沙田,外圈,沙田 外圈,,,,,,助手,,快踱一圈,H,外圈 快踱一圈 (助手)
H303,29/06/2023,游水,沙田,,沙田,,,,,,,,游水,,
H303,29/06/2023,踱步,沙田,外圈,沙田 外圈,,,,,,助手,,快踱一圈,H,外圈 快踱一圈 (助手)
H303,28/06/2023,游水,沙田,,沙田,,,,,,,,游水,,
H303,28/06/2023,踱步,沙田,外圈,沙田 外圈,,,,,,助手,,快踱一圈,H,外圈 快踱一圈 (助手)
H303,27/06/2023,游水,沙田,,沙田,,,,,,,,游水,,
H303,25/06/2023,踱步,沙田,內圈,沙田 內圈,,,,,,助手,,快踱一圈,H,內圈 快踱一圈 (助手)
H303,24/06/2023,游水,沙田,,沙田,,,,,,,,游水,,
H303,24/06/2023,踱步,沙田,內圈,沙田 內圈,,,,,,助手,,快踱一圈,H,內圈 快踱一圈 (助手)
H303,23/06/2023,游水,沙田,,沙田,,,,,,,,游水,,
H303,23/06/2023,快操,沙田,全天候,沙田 全天候,,1.00.1,60.1,33.1 27.0,,潘明輝,,快操,H,33.1 27.0 (1.00.1) (潘明輝)
H303,23/06/2023,踱步,沙田,飛機場,沙田 飛機場,,,,,,潘明輝,,踱步,H,飛機場 踱步 (潘明輝)
H303,22/06/2023,游水,沙田,,沙田,,,,,,,,游水,,
H303,22/06/2023,踱步,沙田,內圈,沙田 內圈,,,,,,助手,,倒快兩圈,H,內圈 倒快兩圈 (助手)
H303,21/06/2023,游水,沙田,,沙田,,,,,,,,游水,,
H303,21/06/2023,踱步,沙田,內圈,沙田 內圈,,,,,,助手,,快踱一圈,H,內圈 快踱一圈 (助手)
H303,20/06/2023,游水,沙田,,沙田,,,,,,,,游水,,
H303,19/06/2023,游水,沙田,,沙田,,,,,,,,游水,,
H303,19/06/2023,快操,沙田,草地,沙田 草地,,57.2,57.2,33.5 23.7,,助手,,快操,H,33.5 23.7 (57.2) (助手)
H303,19/06/2023,踱步,沙田,飛機場,沙田 飛機場,,,,,,助手,,踱步,H,飛機場 踱步 (助手)
H303,18/06/2023,游水,沙田,,沙田,,,,,,,,游水,,
H303,18/06/2023,踱步,沙田,內圈,沙田 內圈,,,,,,助手,,快踱一圈,H,內圈 快踱一圈 (助手)
H303,17/06/2023,踱步,沙田,內圈,沙田 內圈,,,,,,助手,,快踱一圈,H,內圈 快踱一圈 (助手)
H303,16/06/2023,游水,沙田,,沙田,,,,,,,,游水,,
H303,16/06/2023,快操,沙田,全天候,沙田 全天候,,27.6,27.6,27.6,,助手,,快操,H,27.6 (27.6) (助手)
H303,16/06/2023,踱步,沙田,飛機場,沙田 飛機場,,,,,,助手,,踱步,H,飛機場 踱步 (助手)
H303,15/06/2023,游水,沙田,,沙田,,,,,,,,游水,,
H303,15/06/2023,踱步,沙田,內圈,沙田 內圈,,,,,,助手,,倒快兩圈,H,內圈 倒快兩圈 (助手)
H303,14/06/2023,游水,沙田,,沙田,,,,,,,,游水,,
H303,14/06/2023,踱步,沙田,內圈,沙田 內圈,,,,,,助手,,快踱一圈,H,內圈 快踱一圈 (助手)
H303,13/06/2023,游水,沙田,,沙田,,,,,,,,游水,,
H303,13/06/2023,快操,沙田,全天候,沙田 全天候,,28.2,28.2,28.2,,希威森,,快操,H,28.2 (28.2) (希威森)
H303,13/06/2023,踱步,沙田,飛機場,沙田 飛機場,,,,,,希威森,,踱步,H,飛機場 踱步 (希威森)
H303,12/06/2023,游水,沙田,,沙田,,,,,,,,游水,,
H303,12/06/2023,踱步,沙田,內圈,沙田 內圈,,,,,,助手,,倒快兩圈,H,內圈 倒快兩圈 (助手)
H303,11/06/2023,游水,沙田,,沙田,,,,,,,,游水,,
H303,10/06/2023,游水,沙田,,沙田,,,,,,,,游水,,
H303,10/06/2023,踱步,沙田,內圈,沙田 內圈,,,,,,助手,,快踱一圈,H,內圈 快踱一圈 (助手)
H303,09/06/2023,游水,沙田,,沙田,,,,,,,,游水,,
H303,09/06/2023,踱步,沙田,飛機場,沙田 飛機場,,,,,,助手,,踱步,CP,飛機場 踱步 (助手)
H303,07/06/2023,踱步,沙田,內圈,沙田 內圈,,,,,,助手,,快踱一圈,H,內圈 快踱一圈 (助手)
H303,06/06/2023,游水,沙田,,沙田,,,,,,,,游水,,
H303,06/06/2023,踱步,沙田,內圈,沙田 內圈,,,,,,助手,,快踱一圈,H,內圈 快踱一圈 (助手)
H303,05/06/2023,游水,沙田,,沙田,,,,,,,,游水,,
H303,05/06/2023,快操,沙田,全天候,沙田 全天候,,30.2,30.2,30.2,,助手,,快操,H,30.2 (30.2) (助手)
H303,05/06/2023,踱步,沙田,飛機場,沙田 飛機場,,,,,,助手,,踱步,CP,飛機場 踱步 (助手)
H303,04/06/2023,游水,沙田,,沙田,,,,,,,,游水,,
H303,04/06/2023,踱步,沙田,內圈,沙田 內圈,,,,,,助手,,快踱一圈,H,內圈 快踱一圈 (助手)
H303,03/06/2023,游水,沙田,,沙田,,,,,,,,游水,,
H303,03/06/2023,踱步,沙田,內圈,沙田 內圈,,,,,,助手,,快踱一圈,H,內圈 快踱一圈 (助手)
H303,02/06/2023,游水,沙田,,沙田,,,,,,,,游水,,
H303,02/06/2023,快操,沙田,全天候,沙田 全天候,,24.4,24.4,24.4,,戴文高,,快操,CP,24.4 (24.4) (戴文高)
H303,02/06/2023,踱步,沙田,飛機場,沙田 飛機場,,,,,,戴文高,,踱步,CP,飛機場 踱步 (戴文高)
H303,01/06/2023,游水,沙田,,沙田,,,,,,,,游水,,
H303,01/06/2023,踱步,沙田,內圈,沙田 內圈,,,,,,助手,,倒快兩圈,H,內圈 倒快兩圈 (助手)
H303,31/05/2023,游水,沙田,,沙田,,,,,,,,游水,,
H303,31/05/2023,踱步,沙田,內圈,沙田 內圈,,,,,,助手,,快踱一圈,H,內圈 快踱一圈 (助手)
H303,30/05/2023,游水,沙田,,沙田,,,,,,,,游水,,
H303,30/05/2023,快操,沙田,全天候,沙田 全天候,,1.00.2,60.2,33.6 26.6,,戴文高,,快操,CP,33.6 26.6 (1.00.2) (戴文高)
H303,30/05/2023,踱步,沙田,飛機場,沙田 飛機場,,,,,,戴文高,,踱步,CP,飛機場 踱步 (戴文高)
H303,29/05/2023,游水,沙田,,沙田,,,,,,,,游水,,
H303,29/05/2023,踱步,沙田,內圈,沙田 內圈,,,,,,助手,,倒快兩圈,H,內圈 倒快兩圈 (助手)
H303,28/05/2023,游水,沙田,,沙田,,,,,,,,游水,,
H303,27/05/2023,游水,沙田,,沙田,,,,,,,,游水,,
H303,27/05/2023,快操,沙田,全天候,沙田 全天候,,27.4,27.4,27.4,,戴文高,,快操,H,27.4 (27.4) (戴文高)
H303,27/05/2023,踱步,沙田,飛機場,沙田 飛機場,,,,,,戴文高,,踱步,CP,飛機場 踱步 (戴文高)
H303,26/05/2023,游水,沙田,,沙田,,,,,,,,游水,,
H303,26/05/2023,踱步,沙田,內圈,沙田 內圈,,,,,,助手,,快踱一圈,H,內圈 快踱一圈 (助手)
H303,25/05/2023,游水,沙田,,沙田,,,,,,,,游水,,
H303,24/05/2023,游水,沙田,,沙田,,,,,,,,游水,,
H303,24/05/2023,踱步,沙田,內圈,沙田 內圈,,,,,,助手,,快踱一圈,H,內圈 快踱一圈 (助手)
H303,23/05/2023,游水,沙田,,沙田,,,,,,,,游水,,
H303,21/05/2023,踱步,沙田,內圈,沙田 內圈,,,,,,助手,,快踱一圈,H,內圈 快踱一圈 (助手)
H303,20/05/2023,游水,沙田,,沙田,,,,,,,,游水,,
H303,20/05/2023,踱步,沙田,內圈,沙田 內圈,,,,,,助手,,快踱一圈,H,內圈 快踱一圈 (助手)
H303,19/05/2023,游水,沙田,,沙田,,,,,,,,游水,,
H303,19/05/2023,快操,沙田,全天候,沙田 全天候,,29.1,29.1,29.1,,希威森,,快操,H,29.1 (29.1) (希威森)
H303,19/05/2023,踱步,沙田,飛機場,沙田 飛機場,,,,,,希威森,,踱步,H,飛機場 踱步 (希威森)
H303,18/05/2023,游水,沙田,,沙田,,,,,,,,游水,,
H303,18/05/2023,踱步,沙田,內圈,沙田 內圈,,,,,,助手,,倒快兩圈,H,內圈 倒快兩圈 (助手)
H303,17/05/2023,游水,沙田,,沙田,,,,,,,,游水,,
H303,17/05/2023,踱步,沙田,內圈,沙田 內圈,,,,,,助手,,快踱一圈,H,內圈 快踱一圈 (助手)
H303,16/05/2023,游水,沙田,,沙田,,,,,,,,游水,,
H303,15/05/2023,游水,沙田,,沙田,,,,,,,,游水,,
H303,15/05/2023,快操,沙田,草地,沙田 草地,,51.9,51.9,29.6 22.3,,希威森,,團結精神,,29.6 22.3 (51.9) (希威森) 團結精神
H303,15/05/2023,踱步,沙田,飛機場,沙田 飛機場,,,,,,希威森,,踱步,,飛機場 踱步 (希威森)
H303,14/05/2023,游水,沙田,,沙田,,,,,,,,游水,,
H303,14/05/2023,踱步,沙田,內圈,沙田 內圈,,,,,,助手,,快踱一圈,H,內圈 快踱一圈 (助手)
H303,13/05/2023,游水,沙田,,沙田,,,,,,,,游水,,
H303,13/05/2023,踱步,沙田,內圈,沙田 內圈,,,,,,助手,,快踱一圈,H,內圈 快踱一圈 (助手)
H303,12/05/2023,游水,沙田,,沙田,,,,,,,,游水,,
H303,12/05/2023,快操,沙田,全天候,沙田 全天候,,27.8,27.8,27.8,,助手,,快操,H,27.8 (27.8) (助手)
H303,12/05/2023,踱步,沙田,飛機場,沙田 飛機場,,,,,,助手,,踱步,H,飛機場 踱步 (助手)
H303,11/05/2023,游水,沙田,,沙田,,,,,,,,游水,,
H303,11/05/2023,踱步,沙田,內圈,沙田 內圈,,,,,,助手,,倒快兩圈,H,內圈 倒快兩圈 (助手)
H303,10/05/2023,游水,沙田,,沙田,,,,,,,,游水,,
H303,10/05/2023,踱步,沙田,飛機場,沙田 飛機場,,,,,,助手,,踱步,H,飛機場 踱步 (助手)
H303,09/05/2023,游水,沙田,,沙田,,,,,,,,游水,,
H303,06/05/2023,游水,沙田,,沙田,,,,,,,,游水,,
H303,06/05/2023,踱步,沙田,內圈,沙田 內圈,,,,,,助手,,快踱一圈,H,內圈 快踱一圈 (助手)
H303,05/05/2023,游水,沙田,,沙田,,,,,,,,游水,,
H303,05/05/2023,快操,沙田,全天候,沙田 全天候,,29.0,29.0,29.0,,希威森,,快操,H,29.0 (29.0) (希威森)
H303,05/05/2023,踱步,沙田,飛機場,沙田 飛機場,,,,,,希威森,,踱步,H,飛機場 踱步 (希威森)
H303,04/05/2023,游水,沙田,,沙田,,,,,,,,游水,,
H303,04/05/2023,踱步,沙田,內圈,沙田 內圈,,,,,,助手,,倒快兩圈,H,內圈 倒快兩圈 (助手)
H303,03/05/2023,游水,沙田,,沙田,,,,,,,,游水,,
H303,03/05/2023,踱步,沙田,內圈,沙田 內圈,,,,,,助手,,快踱一圈,H,內圈 快踱一圈 (助手)
H303,02/05/2023,游水,沙田,,沙田,,,,,,,,游水,,
H303,01/05/2023,游水,沙田,,沙田,,,,,,,,游水,,
H303,01/05/2023,快操,沙田,草地,沙田 草地,,47.9,47.9,25.4 22.5,,希威森,,競駿天下,,25.4 22.5 (47.9) (希威森) 競駿天下
H303,01/05/2023,踱步,沙田,飛機場,沙田 飛機場,,,,,,希威森,,踱步,,飛機場 踱步 (希威森)
H303,30/04/2023,游水,沙田,,沙田,,,,,,,,游水,,
H303,30/04/2023,踱步,沙田,內圈,沙田 內圈,,,,,,助手,,快踱一圈,H,內圈 快踱一圈 (助手)
H303,29/04/2023,游水,沙田,,沙田,,,,,,,,游水,,
H303,29/04/2023,踱步,沙田,內圈,沙田 內圈,,,,,,助手,,快踱一圈,H,內圈 快踱一圈 (助手)
H303,28/04/2023,游水,沙田,,沙田,,,,,,,,游水,,
H303,28/04/2023,踱步,沙田,內圈,沙田 內圈,,,,,,助手,,快踱一圈,H,內圈 快踱一圈 (助手)
H303,27/04/2023,游水,沙田,,沙田,,,,,,,,游水,,
H303,27/04/2023,快操,沙田,全天候,沙田 全天候,,26.7,26.7,26.7,,希威森,,東方精神,H,26.7 (26.7) (希威森) 東方精神
H303,27/04/2023,踱步,沙田,飛機場,沙田 飛機場,,,,,,希威森,,踱步,H,飛機場 踱步 (希威森)
H303,26/04/2023,游水,沙田,,沙田,,,,,,,,游水,,
H303,26/04/2023,踱步,沙田,內圈,沙田 內圈,,,,,,助手,,快踱一圈,H,內圈 快踱一圈 (助手)
H303,25/04/2023,游水,沙田,,沙田,,,,,,,,游水,,
H303,25/04/2023,踱步,沙田,內圈,沙田 內圈,,,,,,助手,,快踱一圈,H,內圈 快踱一圈 (助手)
H303,24/04/2023,游水,沙田,,沙田,,,,,,,,游水,,
H303,24/04/2023,踱步,沙田,內圈,沙田 內圈,,,,,,助手,,倒快兩圈,H,內圈 倒快兩圈 (助手)
H303,23/04/2023,游水,沙田,,沙田,,,,,,,,游水,,
H303,23/04/2023,踱步,沙田,內圈,沙田 內圈,,,,,,助手,,快踱一圈,H,內圈 快踱一圈 (助手)
H303,22/04/2023,游水,沙田,,沙田,,,,,,,,游水,,
H303,21/04/2023,試閘,跑馬地,草地,跑馬地 草地,1000M,0.58.78,58.78,13.4 21.9 23.4,好友心得,希威森,,第5組,,第5組 (希威森) 1000M 好友心得 13.4 21.9 23.4 (0.58.78)
H303,20/04/2023,游水,沙田,,沙田,,,,,,,,游水,,
H303,20/04/2023,踱步,沙田,內圈,沙田 內圈,,,,,,助手,,倒快兩圈,H,內圈 倒快兩圈 (助手)
H303,19/04/2023,踱步,從化,內圈,從化 內圈,,,,,,助手,,快踱一圈,H,內圈 快踱一圈 (助手)
H303,18/04/2023,游水,從化,,從化,,,,,,,,游水,,
H303,17/04/2023,游水,從化,,從化,,,,,,,,游水,,
H303,17/04/2023,快操,從化,草地,從化 草地,,25.4,25.4,25.4,,助手,,快操,H,25.4 (25.4) (助手)
H303,17/04/2023,踱步,從化,飛機場,從化 飛機場,,,,,,助手,,踱步,H,飛機場 踱步 (助手)
H303,16/04/2023,游水,從化,,從化,,,,,,,,游水,,
H303,16/04/2023,踱步,從化,內圈,從化 內圈,,,,,,助手,,快踱一圈,H,內圈 快踱一圈 (助手)
H303,15/04/2023,游水,從化,,從化,,,,,,,,游水,,
H303,15/04/2023,快操,從化,草地,從化 草地,,27.8,27.8,27.8,,助手,,快操,H,27.8 (27.8) (助手)
H303,15/04/2023,踱步,從化,飛機場,從化 飛機場,,,,,,助手,,踱步,H,飛機場 踱步 (助手)
H303,14/04/2023,游水,從化,,從化,,,,,,,,游水,,
H303,14/04/2023,踱步,從化,內圈,從化 內圈,,,,,,助手,,快踱一圈,H,內圈 快踱一圈 (助手)
H303,13/04/2023,游水,從化,,從化,,,,,,,,游水,,
H303,13/04/2023,踱步,從化,內圈,從化 內圈,,,,,,助手,,倒快兩圈,H,內圈 倒快兩圈 (助手)
H303,12/04/2023,游水,從化,,從化,,,,,,,,游水,,
H303,12/04/2023,踱步,從化,內圈,從化 內圈,,,,,,助手,,快踱一圈,H,內圈 快踱一圈 (助手)
H303,11/04/2023,游水,從化,,從化,,,,,,,,游水,,
H303,10/04/2023,試閘,從化,草地,從化 草地,1000M,0.58.01,58.01,14.0 21.3 22.7,好友心得,祖利曼,,第1組,,第1組 (祖利曼) 1000M 好友心得 14.0 21.3 22.7 (0.58.01)
H303,10/04/2023,游水,從化,,從化,,,,,,,,游水,,
H303,10/04/2023,踱步,從化,飛機場,從化 飛機場,,,,,,助手,,踱步,,飛機場 踱步 (助手)
H303,09/04/2023,游水,從化,,從化,,,,,,,,游水,,
H303,09/04/2023,踱步,從化,內圈,從化 內圈,,,,,,助手,,快踱一圈,H,內圈 快踱一圈 (助手)
H303,08/04/2023,游水,從化,,從化,,,,,,,,游水,,
H303,08/04/2023,踱步,從化,內圈,從化 內圈,,,,,,助手,,快踱一圈,H,內圈 快踱一圈 (助手)
H303,07/04/2023,游水,從化,,從化,,,,,,,,游水,,
H303,07/04/2023,快操,從化,全天候,從化 全天候,,28.9,28.9,28.9,,助手,,快操,H,28.9 (28.9) (助手)
H303,07/04/2023,踱步,從化,飛機場,從化 飛機場,,,,,,助手,,踱步,H,飛機場 踱步 (助手)
H303,06/04/2023,游水,從化,,從化,,,,,,,,游水,,
H303,06/04/2023,踱步,從化,內圈,從化 內圈,,,,,,助手,,倒快兩圈,H,內圈 倒快兩圈 (助手)
H303,05/04/2023,游水,從化,,從化,,,,,,,,游水,,
H303,05/04/2023,踱步,從化,內圈,從化 內圈,,,,,,助手,,快踱一圈,H,內圈 快踱一圈 (助手)
H303,03/04/2023,游水,沙田,,沙田,,,,,,,,游水,,
H303,03/04/2023,踱步,沙田,內圈,沙田 內圈,,,,,,助手,,倒快兩圈,H,內圈 倒快兩圈 (助手)
H303,02/04/2023,游水,沙田,,沙田,,,,,,,,游水,,
H303,01/04/2023,游水,沙田,,沙田,,,,,,,,游水,,
H303,01/04/2023,踱步,沙田,內圈,沙田 內圈,,,,,,助手,,快踱一圈,H,內圈 快踱一圈 (助手)
H303,31/03/2023,游水,沙田,,沙田,,,,,,,,游水,,
H303,30/03/2023,快操,沙田,草閘,沙田 草閘,,46.5,46.5,24.5 22.0,,希威森,,無可限量,,24.5 22.0 (46.5) (希威森) 無可限量
H303,30/03/2023,踱步,沙田,飛機場,沙田 飛機場,,,,,,希威森,,踱步,,飛機場 踱步 (希威森)
H303,29/03/2023,游水,沙田,,沙田,,,,,,,,游水,,
H303,29/03/2023,踱步,沙田,內圈,沙田 內圈,,,,,,助手,,快踱一圈,H,內圈 快踱一圈 (助手)
H303,28/03/2023,游水,沙田,,沙田,,,,,,,,游水,,
H303,28/03/2023,踱步,沙田,內圈,沙田 內圈,,,,,,助手,,快踱一圈,H,內圈 快踱一圈 (助手)
H303,27/03/2023,快操,沙田,全天候,沙田 全天候,,27.8,27.8,27.8,,希威森,,快操,H,27.8 (27.8) (希威森)
H303,27/03/2023,踱步,沙田,飛機場,沙田 飛機場,,,,,,希威森,,踱步,H,飛機場 踱步 (希威森)
H303,26/03/2023,游水,沙田,,沙田,,,,,,,,游水,,
H303,26/03/2023,踱步,沙田,內圈,沙田 內圈,,,,,,助手,,快踱一圈,H,內圈 快踱一圈 (助手)
H303,24/03/2023,快操,沙田,全天候,沙田 全天候,,58.4,58.4,33.9 24.5,,助手,,團結精神,,33.9 24.5 (58.4) (助手) 團結精神
H303,24/03/2023,踱步,沙田,飛機場,沙田 飛機場,,,,,,助手,,踱步,,飛機場 踱步 (助手)
H303,23/03/2023,踱步,沙田,內圈,沙田 內圈,,,,,,助手,,倒快兩圈,H,內圈 倒快兩圈 (助手)
H303,22/03/2023,踱步,沙田,內圈,沙田 內圈,,,,,,助手,,快踱一圈,H,內圈 快踱一圈 (助手)
H303,21/03/2023,踱步,沙田,飛機場,沙田 飛機場,,,,,,助手,,踱步,H,飛機場 踱步 (助手)
H303,20/03/2023,快操,沙田,全天候,沙田 全天候,,58.6,58.6,31.9 26.7,,助手,,無可限量,H,31.9 26.7 (58.6) (助手) 無可限量
H303,20/03/2023,踱步,沙田,飛機場,沙田 飛機場,,,,,,助手,,踱步,H,飛機場 踱步 (助手)
H303,19/03/2023,踱步,沙田,內圈,沙田 內圈,,,,,,助手,,快踱一圈,,內圈 快踱一圈 (助手)
H303,18/03/2023,踱步,沙田,內圈,沙田 內圈,,,,,,助手,,快踱一圈,H,內圈 快踱一圈 (助手)
H303,17/03/2023,游水,沙田,,沙田,,,,,,,,游水,,
H303,17/03/2023,快操,沙田,全天候,沙田 全天候,,59.1,59.1,33.2 25.9,,助手,,無可限量,H,33.2 25.9 (59.1) (助手) 無可限量
H303,17/03/2023,踱步,沙田,飛機場,沙田 飛機場,,,,,,助手,,踱步,H,飛機場 踱步 (助手)
H303,16/03/2023,游水,沙田,,沙田,,,,,,,,游水,,
H303,16/03/2023,踱步,沙田,內圈,沙田 內圈,,,,,,助手,,倒快兩圈,H,內圈 倒快兩圈 (助手)
H303,15/03/2023,游水,沙田,,沙田,,,,,,,,游水,,
H303,15/03/2023,踱步,沙田,內圈,沙田 內圈,,,,,,助手,,快踱一圈,H,內圈 快踱一圈 (助手)
H303,14/03/2023,游水,沙田,,沙田,,,,,,,,游水,,
H303,14/03/2023,快操,沙田,全天候,沙田 全天候,,27.6,27.6,27.6,,助手,,快操,H,27.6 (27.6) (助手)
H303,14/03/2023,踱步,沙田,飛機場,沙田 飛機場,,,,,,助手,,踱步,H,飛機場 踱步 (助手)
H303,13/03/2023,游水,沙田,,沙田,,,,,,,,游水,,
H303,13/03/2023,踱步,沙田,內圈,沙田 內圈,,,,,,助手,,倒快兩圈,H,內圈 倒快兩圈 (助手)
H303,12/03/2023,游水,沙田,,沙田,,,,,,,,游水,,
H303,11/03/2023,游水,沙田,,沙田,,,,,,,,游水,,
H303,11/03/2023,踱步,沙田,內圈,沙田 內圈,,,,,,助手,,快踱一圈,H,內圈 快踱一圈 (助手)
H303,10/03/2023,游水,沙田,,沙田,,,,,,,,游水,,
H303,10/03/2023,快操,沙田,全天候,沙田 全天候,,30.2,30.2,30.2,,助手,,快操,H,30.2 (30.2) (助手)
H303,10/03/2023,踱步,沙田,飛機場,沙田 飛機場,,,,,,助手,,踱步,H,飛機場 踱步 (助手)
H303,09/03/2023,游水,沙田,,沙田,,,,,,,,游水,,
H303,09/03/2023,踱步,沙田,內圈,沙田 內圈,,,,,,助手,,倒快兩圈,H,內圈 倒快兩圈 (助手)
H303,08/03/2023,游水,沙田,,沙田,,,,,,,,游水,,
H303,08/03/2023,踱步,沙田,內圈,沙田 內圈,,,,,,助手,,快踱一圈,H,內圈 快踱一圈 (助手)
H303,07/03/2023,游水,沙田,,沙田,,,,,,,,游水,,
H303,07/03/2023,快操,沙田,全天候,沙田 全天候,,28.9,28.9,28.9,,助手,,快操,H,28.9 (28.9) (助手)
H303,07/03/2023,踱步,沙田,飛機場,沙田 飛機場,,,,,,助手,,踱步,H,飛機場 踱步 (助手)
H303,06/03/2023,游水,沙田,,沙田,,,,,,,,游水,,
H303,06/03/2023,踱步,沙田,內圈,沙田 內圈,,,,,,助手,,倒快兩圈,H,內圈 倒快兩圈 (助手)
H303,05/03/2023,游水,沙田,,沙田,,,,,,,,游水,,
H303,04/03/2023,游水,沙田,,沙田,,,,,,,,游水,,
H303,04/03/2023,踱步,沙田,內圈,沙田 內圈,,,,,,助手,,快踱一圈,H,內圈 快踱一圈 (助手)
H303,03/03/2023,游水,沙田,,沙田,,,,,,,,游水,,
H303,03/03/2023,踱步,沙田,內圈,沙田 內圈,,,,,,助手,,快踱一圈,H,內圈 快踱一圈 (助手)
H303,02/03/2023,游水,沙田,,沙田,,,,,,,,游水,,
H303,02/03/2023,快操,沙田,全天候,沙田 全天候,,1.00.6,60.6,32.9 27.7,,助手,,快操,H,32.9 27.7 (1.00.6) (助手)
H303,02/03/2023,踱步,沙田,飛機場,沙田 飛機場,,,,,,助手,,踱步,H,飛機場 踱步 (助手)
H303,01/03/2023,游水,沙田,,沙田,,,,,,,,游水,,
H303,01/03/2023,踱步,沙田,內圈,沙田 內圈,,,,,,助手,,快踱一圈,H,內圈 快踱一圈 (助手)
H303,28/02/2023,游水,沙田,,沙田,,,,,,,,游水,,
H303,28/02/2023,踱步,沙田,外圈,沙田 外圈,,,,,,助手,,快踱一圈,H,外圈 快踱一圈 (助手)
H303,27/02/2023,游水,沙田,,沙田,,,,,,,,游水,,
H303,27/02/2023,踱步,沙田,內圈,沙田 內圈,,,,,,助手,,倒快兩圈,H,內圈 倒快兩圈 (助手)
H303,26/02/2023,游水,沙田,,沙田,,,,,,,,游水,,
H303,25/02/2023,游水,沙田,,沙田,,,,,,,,游水,,
H303,25/02/2023,踱步,沙田,外圈,沙田 外圈,,,,,,助手,,快踱一圈,H,外圈 快踱一圈 (助手)
H303,24/02/2023,游水,沙田,,沙田,,,,,,,,游水,,
H303,24/02/2023,踱步,沙田,內圈,沙田 內圈,,,,,,助手,,快踱一圈,H,內圈 快踱一圈 (助手)
H303,23/02/2023,游水,沙田,,沙田,,,,,,,,游水,,
H303,23/02/2023,踱步,沙田,內圈,沙田 內圈,,,,,,助手,,倒快兩圈,H,內圈 倒快兩圈 (助手)
H303,22/02/2023,游水,沙田,,沙田,,,,,,,,游水,,
H303,22/02/2023,踱步,沙田,內圈,沙田 內圈,,,,,,助手,,快踱一圈,H,內圈 快踱一圈 (助手)
H303,21/02/2023,游水,沙田,,沙田,,,,,,,,游水,,
H303,21/02/2023,踱步,沙田,外圈,沙田 外圈,,,,,,助手,,快踱一圈,H,外圈 快踱一圈 (助手)
H303,20/02/2023,游水,沙田,,沙田,,,,,,,,游水,,
H303,20/02/2023,踱步,沙田,內圈,沙田 內圈,,,,,,助手,,倒快兩圈,H,內圈 倒快兩圈 (助手)
H303,19/02/2023,游水,沙田,,沙田,,,,,,,,游水,,
H303,18/02/2023,游水,沙田,,沙田,,,,,,,,游水,,
H303,18/02/2023,踱步,沙田,內圈,沙田 內圈,,,,,,助手,,快踱一圈,H,內圈 快踱一圈 (助手)
H303,17/02/2023,游水,沙田,,沙田,,,,,,,,游水,,
H303,17/02/2023,踱步,沙田,內圈,沙田 內圈,,,,,,助手,,快踱一圈,H,內圈 快踱一圈 (助手)
H303,16/02/2023,游水,沙田,,沙田,,,,,,,,游水,,
H303,16/02/2023,踱步,沙田,內圈,沙田 內圈,,,,,,助手,,倒快兩圈,H,內圈 倒快兩圈 (助手)
H303,15/02/2023,游水,沙田,,沙田,,,,,,,,游水,,
H303,15/02/2023,踱步,沙田,內圈,沙田 內圈,,,,,,助手,,快踱一圈,H,內圈 快踱一圈 (助手)
H303,14/02/2023,游水,沙田,,沙田,,,,,,,,游水,,
H303,14/02/2023,踱步,沙田,內圈,沙田 內圈,,,,,,助手,,快踱一圈,H,內圈 快踱一圈 (助手)
H303,13/02/2023,游水,沙田,,沙田,,,,,,,,游水,,
H303,12/02/2023,游水,沙田,,沙田,,,,,,,,游水,,
H303,11/02/2023,游水,沙田,,沙田,,,,,,,,游水,,
H303,10/02/2023,游水,沙田,,沙田,,,,,,,,游水,,
H303,10/02/2023,踱步,沙田,飛機場,沙田 飛機場,,,,,,助手,,踱步,H,飛機場 踱步 (助手)
H303,09/02/2023,游水,沙田,,沙田,,,,,,,,游水,,
H303,09/02/2023,踱步,沙田,內圈,沙田 內圈,,,,,,助手,,倒快兩圈,H,內圈 倒快兩圈 (助手)
H303,08/02/2023,游水,沙田,,沙田,,,,,,,,游水,,
H303,08/02/2023,踱步,沙田,內圈,沙田 內圈,,,,,,助手,,快踱一圈,H,內圈 快踱一圈 (助手)
H303,07/02/2023,游水,沙田,,沙田,,,,,,,,游水,,
H303,07/02/2023,踱步,沙田,內圈,沙田 內圈,,,,,,助手,,快踱一圈,H,內圈 快踱一圈 (助手)
H303,06/02/2023,游水,沙田,,沙田,,,,,,,,游水,,
H303,06/02/2023,踱步,沙田,內圈,沙田 內圈,,,,,,助手,,倒快一圈,H,內圈 倒快一圈 (助手)
H303,05/02/2023,游水,沙田,,沙田,,,,,,,,游水,,
H303,04/02/2023,游水,沙田,,沙田,,,,,,,,游水,,
H303,04/02/2023,踱步,沙田,內圈,沙田 內圈,,,,,,助手,,快踱一圈,H,內圈 快踱一圈 (助手)
H303,03/02/2023,游水,沙田,,沙田,,,,,,,,游水,,
H303,02/02/2023,踱步,沙田,飛機場,沙田 飛機場,,,,,,助手,,踱步,H,飛機場 踱步 (助手)
H303,01/02/2023,踱步,沙田,飛機場,沙田 飛機場,,,,,,助手,,踱步,H,飛機場 踱步 (助手)
