horse_no,date,work_type,racecourse,track,venue,distance,time,time_sec,splits,partner,rider,placing,comment,gear,workout_details
E356,10/09/2026,踱步,從化,飛機場,從化 飛機場,,,,,,助手,,踱步,H,飛機場 踱步 (助手)
E356,06/09/2026,出賽,沙田,草地,沙田 草地,1200M,,,,,潘明輝,5/6,出賽,,1200M (潘明輝) (5/6)
E356,06/09/2026,踱步,沙田,內圈,沙田 內圈,,,,,,助手,,快踱一圈,H,內圈 快踱一圈 (助手)
E356,05/09/2026,游水,沙田,,沙田,,,,,,,,游水,,
E356,05/09/2026,踱步,沙田,內圈,沙田 內圈,,,,,,助手,,快踱一圈,H,內圈 快踱一圈 (助手)
E356,04/09/2026,游水,沙田,,沙田,,,,,,,,游水,,
E356,04/09/2026,踱步,沙田,內圈,沙田 內圈,,,,,,副練馬師,,快踱一圈,H,內圈 快踱一圈 (副練馬師)
E356,03/09/2026,游水,沙田,,沙田,,,,,,,,游水,,
E356,03/09/2026,快操,沙田,全天候,沙田 全天候,,56.9,56.9,30.6 26.3,,潘明輝,,快操,H,30.6 26.3 (56.9) (潘明輝)
E356,03/09/2026,踱步,沙田,飛機場,沙田 飛機場,,,,,,助手,,踱步,H,飛機場 踱步 (助手)
E356,02/09/2026,游水,沙田,,沙田,,,,,,,,游水,,
E356,02/09/2026,踱步,沙田,內圈,沙田 內圈,,,,,,助手,,快踱一圈,H,內圈 快踱一圈 (助手)
E356,01/09/2026,游水,沙田,,沙田,,,,,,,,游水,,
E356,01/09/2026,踱步,沙田,內圈,沙田 內圈,,,,,,助手,,快踱一圈,H,內圈 快踱一圈 (助手)
E356,31/08/2026,游水,沙田,,沙田,,,,,,,,游水,,
E356,31/08/2026,快操,沙田,全天候,沙田 全天候,,59.6,59.6,33.3 26.3,,助手,,快操,H,33.3 26.3 (59.6) (助手)
E356,31/08/2026,踱步,沙田,飛機場,沙田 飛機場,,,,,,助手,,踱步,H,飛機場 踱步 (助手)
E356,30/08/2026,游水,沙田,,沙田,,,,,,,,游水,,
E356,30/08/2026,踱步,沙田,內圈,沙田 內圈,,,,,,助手,,快踱一圈,H,內圈 快踱一圈 (助手)
E356,29/08/2026,踱步,沙田,內圈,沙田 內圈,,,,,,助手,,快踱一圈,,內圈 快踱一圈 (助手)
E356,28/08/2026,游水,從化,,從化,,,,,,,,游水,,
E356,28/08/2026,踱步,從化,內圈,從化 內圈,,,,,,助手,,快踱一圈,H,內圈 快踱一圈 (助手)
E356,27/08/2026,游水,從化,,從化,,,,,,,,游水,,
E356,27/08/2026,踱步,從化,內圈,從化 內圈,,,,,,助手,,倒快一圈,H,內圈 倒快一圈 (助手)
E356,26/08/2026,游水,從化,,從化,,,,,,,,游水,,
E356,26/08/2026,踱步,從化,飛機場,從化 飛機場,,,,,,助手,,踱步,H,飛機場 踱步 (助手)
E356,25/08/2026,游水,從化,,從化,,,,,,,,游水,,
E356,24/08/2026,試閘,從化,草地,從化 草地,1000M,0.57.93,57.93,13.8 21.4 22.7,金金小子,潘明輝,,第1組,,第1組 (潘明輝) 1000M 金金小子 13.8 21.4 22.7 (0.57.93)
E356,24/08/2026,游水,從化,,從化,,,,,,,,游水,,
E356,24/08/2026,踱步,從化,飛機場,從化 飛機場,,,,,,助手,,踱步,,飛機場 踱步 (助手)
E356,23/08/2026,游水,從化,,從化,,,,,,,,游水,,
E356,23/08/2026,踱步,從化,內圈,從化 內圈,,,,,,助手,,快踱一圈,H,內圈 快踱一圈 (助手)
E356,22/08/2026,馬匹水中步行機,從化,,從化,,,,,,,,馬匹水中步行機,,
E356,22/08/2026,游水,從化,,從化,,,,,,,,游水,,
E356,22/08/2026,踱步,從化,內圈,從化 內圈,,,,,,助手,,快踱一圈,H,內圈 快踱一圈 (助手)
E356,21/08/2026,游水,從化,,從化,,,,,,,,游水,,
E356,21/08/2026,快操,從化,全天候,從化 全天候,,57.8,57.8,31.6 26.2,,助手,,快操,H,31.6 26.2 (57.8) (助手)
E356,21/08/2026,踱步,從化,飛機場,從化 飛機場,,,,,,助手,,踱步,H,飛機場 踱步 (助手)
E356,20/08/2026,游水,從化,,從化,,,,,,,,游水,,
E356,20/08/2026,踱步,從化,內圈,從化 內圈,,,,,,助手,,倒快一圈,H,內圈 倒快一圈 (助手)
E356,19/08/2026,游水,從化,,從化,,,,,,,,游水,,
E356,19/08/2026,踱步,從化,內圈,從化 內圈,,,,,,助手,,快踱一圈,H,內圈 快踱一圈 (助手)
E356,18/08/2026,游水,從化,,從化,,,,,,,,游水,,
E356,18/08/2026,快操,從化,全天候,從化 全天候,,59.9,59.9,31.7 28.2,,助手,,快操,H,31.7 28.2 (59.9) (助手)
E356,18/08/2026,踱步,從化,飛機場,從化 飛機場,,,,,,助手,,踱步,H,飛機場 踱步 (助手)
E356,17/08/2026,馬匹水中步行機,從化,,從化,,,,,,,,馬匹水中步行機,,
E356,17/08/2026,游水,從化,,從化,,,,,,,,游水,,
E356,17/08/2026,踱步,從化,內圈,從化 內圈,,,,,,助手,,倒快一圈,H,內圈 倒快一圈 (助手)
E356,16/08/2026,游水,從化,,從化,,,,,,,,游水,,
E356,16/08/2026,踱步,從化,內圈,從化 內圈,,,,,,助手,,快踱一圈,H,內圈 快踱一圈 (助手)
E356,15/08/2026,游水,從化,,從化,,,,,,,,游水,,
E356,15/08/2026,快操,從化,全天候,從化 全天候,,59.5,59.5,31.8 27.7,,助手,,快操,H,31.8 27.7 (59.5) (助手)
E356,15/08/2026,踱步,從化,飛機場,從化 飛機場,,,,,,助手,,踱步,H,飛機場 踱步 (助手)
E356,14/08/2026,游水,從化,,從化,,,,,,,,游水,,
E356,14/08/2026,踱步,從化,內圈,從化 內圈,,,,,,助手,,快踱一圈,H,內圈 快踱一圈 (助手)
E356,13/08/2026,馬匹水中步行機,從化,,從化,,,,,,,,馬匹水中步行機,,
E356,13/08/2026,游水,從化,,從化,,,,,,,,游水,,
E356,13/08/2026,踱步,從化,內圈,從化 內圈,,,,,,助手,,倒快一圈,H,內圈 倒快一圈 (助手)
E356,12/08/2026,游水,從化,,從化,,,,,,,,游水,,
E356,12/08/2026,快操,從化,全天候,從化 全天候,,30.5,30.5,30.5,,助手,,快操,H,30.5 (30.5) (助手)
E356,12/08/2026,踱步,從化,飛機場,從化 飛機場,,,,,,助手,,踱步,H,飛機場 踱步 (助手)
E356,11/08/2026,馬匹水中步行機,從化,,從化,,,,,,,,馬匹水中步行機,,
E356,11/08/2026,游水,從化,,從化,,,,,,,,游水,,
E356,11/08/2026,踱步,從化,內圈,從化 內圈,,,,,,助手,,快踱一圈,H,內圈 快踱一圈 (助手)
E356,10/08/2026,游水,從化,,從化,,,,,,,,游水,,
E356,10/08/2026,踱步,從化,內圈,從化 內圈,,,,,,助手,,倒快一圈,H,內圈 倒快一圈 (助手)
E356,09/08/2026,游水,從化,,從化,,,,,,,,游水,,
E356,09/08/2026,踱步,從化,內圈,從化 內圈,,,,,,助手,,快踱一圈,H,內圈 快踱一圈 (助手)
E356,08/08/2026,游水,從化,,從化,,,,,,,,游水,,
E356,08/08/2026,快操,從化,全天候,從化 全天候,,31.8,31.8,31.8,,助手,,快操,H,31.8 (31.8) (助手)
E356,08/08/2026,踱步,從化,飛機場,從化 飛機場,,,,,,助手,,踱步,H,飛機場 踱步 (助手)
E356,07/08/2026,馬匹水中步行機,從化,,從化,,,,,,,,馬匹水中步行機,,
E356,07/08/2026,游水,從化,,從化,,,,,,,,游水,,
E356,07/08/2026,踱步,從化,內圈,從化 內圈,,,,,,助手,,快踱一圈,H,內圈 快踱一圈 (助手)
E356,06/08/2026,游水,從化,,從化,,,,,,,,游水,,
E356,06/08/2026,踱步,從化,內圈,從化 內圈,,,,,,助手,,倒快一圈,H,內圈 倒快一圈 (助手)
E356,05/08/2026,游水,從化,,從化,,,,,,,,游水,,
E356,05/08/2026,踱步,從化,內圈,從化 內圈,,,,,,助手,,快踱一圈,H,內圈 快踱一圈 (助手)
E356,04/08/2026,游水,從化,,從化,,,,,,,,游水,,
E356,04/08/2026,踱步,從化,內圈,從化 內圈,,,,,,助手,,快踱一圈,H,內圈 快踱一圈 (助手)
E356,03/08/2026,游水,從化,,從化,,,,,,,,游水,,
E356,03/08/2026,踱步,從化,內圈,從化 內圈,,,,,,助手,,倒快一圈,H,內圈 倒快一圈 (助手)
E356,02/08/2026,游水,從化,,從化,,,,,,,,游水,,
E356,02/08/2026,踱步,從化,飛機場,從化 飛機場,,,,,,助手,,踱步,H,飛機場 踱步 (助手)
E356,01/08/2026,游水,從化,,從化,,,,,,,,游水,,
E356,01/08/2026,踱步,從化,飛機場,從化 飛機場,,,,,,助手,,踱步,H,飛機場 踱步 (助手)
E356,31/07/2026,踱步,從化,飛機場,從化 飛機場,,,,,,助手,,踱步,H,飛機場 踱步 (助手)
E356,30/07/2026,踱步,從化,飛機場,從化 飛機場,,,,,,助手,,踱步,H,飛機場 踱步 (助手)
E356,15/07/2026,出賽,跑馬地,草地,跑馬地 草地,1200M,,,,,霍宏聲,2/11,出賽,,1200M (霍宏聲) (2/11)
E356,15/07/2026,踱步,沙田,內圈,沙田 內圈,,,,,,助手,,快踱一圈,H,內圈 快踱一圈 (助手)
E356,14/07/2026,游水,沙田,,沙田,,,,,,,,游水,,
E356,14/07/2026,踱步,沙田,內圈,沙田 內圈,,,,,,助手,,快踱一圈,H,內圈 快踱一圈 (助手)
E356,13/07/2026,游水,沙田,,沙田,,,,,,,,游水,,
E356,13/07/2026,快操,沙田,全天候,沙田 全天候,,57.9,57.9,32.0 25.9,,助手,,快操,H,32.0 25.9 (57.9) (助手)
E356,13/07/2026,踱步,沙田,飛機場,沙田 飛機場,,,,,,助手,,踱步,H,飛機場 踱步 (助手)
E356,12/07/2026,游水,沙田,,沙田,,,,,,,,游水,,
E356,12/07/2026,踱步,沙田,內圈,沙田 內圈,,,,,,助手,,快踱一圈,H,內圈 快踱一圈 (助手)
E356,11/07/2026,游水,沙田,,沙田,,,,,,,,游水,,
E356,11/07/2026,踱步,沙田,內圈,沙田 內圈,,,,,,助手,,快踱一圈,H,內圈 快踱一圈 (助手)
E356,10/07/2026,踱步,沙田,內圈,沙田 內圈,,,,,,助手,,快踱一圈,,內圈 快踱一圈 (助手)
E356,09/07/2026,快操,從化,全天候,從化 全天候,,58.2,58.2,32.1 26.1,,助手,,快操,H,32.1 26.1 (58.2) (助手)
E356,09/07/2026,踱步,從化,飛機場,從化 飛機場,,,,,,助手,,踱步,H,飛機場 踱步 (助手)
E356,08/07/2026,游水,從化,,從化,,,,,,,,游水,,
E356,08/07/2026,踱步,從化,內圈,從化 內圈,,,,,,助手,,快踱一圈,H,內圈 快踱一圈 (助手)
E356,07/07/2026,游水,從化,,從化,,,,,,,,游水,,
E356,07/07/2026,踱步,從化,內圈,從化 內圈,,,,,,助手,,快踱一圈,H,內圈 快踱一圈 (助手)
E356,06/07/2026,馬匹水中步行機,從化,,從化,,,,,,,,馬匹水中步行機,,
E356,06/07/2026,游水,從化,,從化,,,,,,,,游水,,
E356,06/07/2026,快操,從化,全天候,從化 全天候,,57.8,57.8,31.4 26.4,,助手,,快操,H,31.4 26.4 (57.8) (助手)
E356,06/07/2026,踱步,從化,飛機場,從化 飛機場,,,,,,助手,,踱步,H,飛機場 踱步 (助手)
E356,05/07/2026,游水,從化,,從化,,,,,,,,游水,,
E356,05/07/2026,踱步,從化,內圈,從化 內圈,,,,,,助手,,快踱一圈,H,內圈 快踱一圈 (助手)
E356,04/07/2026,游水,從化,,從化,,,,,,,,游水,,
E356,04/07/2026,踱步,從化,內圈,從化 內圈,,,,,,助手,,快踱一圈,H,內圈 快踱一圈 (助手)
E356,03/07/2026,游水,從化,,從化,,,,,,,,游水,,
E356,03/07/2026,快操,從化,全天候,從化 全天候,,58.1,58.1,31.5 26.6,,助手,,快操,H,31.5 26.6 (58.1) (助手)
E356,03/07/2026,踱步,從化,飛機場,從化 飛機場,,,,,,助手,,踱步,H,飛機場 踱步 (助手)
E356,02/07/2026,游水,從化,,從化,,,,,,,,游水,,
E356,02/07/2026,踱步,從化,內圈,從化 內圈,,,,,,助手,,倒快一圈,H,內圈 倒快一圈 (助手)
E356,01/07/2026,游水,從化,,從化,,,,,,,,游水,,
E356,01/07/2026,踱步,從化,內圈,從化 內圈,,,,,,助手,,快踱一圈,H,內圈 快踱一圈 (助手)
E356,30/06/2026,游水,從化,,從化,,,,,,,,游水,,
E356,30/06/2026,踱步,從化,內圈,從化 內圈,,,,,,助手,,快踱一圈,H,內圈 快踱一圈 (助手)
E356,29/06/2026,游水,從化,,從化,,,,,,,,游水,,
E356,29/06/2026,快操,從化,全天候,從化 全天候,,59.6,59.6,32.6 27.0,,助手,,快操,H,32.6 27.0 (59.6) (助手)
E356,29/06/2026,踱步,從化,飛機場,從化 飛機場,,,,,,助手,,踱步,H,飛機場 踱步 (助手)
E356,28/06/2026,馬匹水中步行機,從化,,從化,,,,,,,,馬匹水中步行機,,
E356,28/06/2026,游水,從化,,從化,,,,,,,,游水,,
E356,28/06/2026,踱步,從化,內圈,從化 內圈,,,,,,助手,,快踱一圈,H,內圈 快踱一圈 (助手)
E356,27/06/2026,馬匹水中步行機,從化,,從化,,,,,,,,馬匹水中步行機,,
E356,27/06/2026,游水,從化,,從化,,,,,,,,游水,,
E356,27/06/2026,踱步,從化,內圈,從化 內圈,,,,,,助手,,快踱一圈,H,內圈 快踱一圈 (助手)
E356,26/06/2026,游水,從化,,從化,,,,,,,,游水,,
E356,26/06/2026,踱步,從化,內圈,從化 內圈,,,,,,助手,,快踱一圈,H,內圈 快踱一圈 (助手)
E356,25/06/2026,游水,從化,,從化,,,,,,,,游水,,
E356,25/06/2026,踱步,從化,飛機場,從化 飛機場,,,,,,助手,,踱步,H,飛機場 踱步 (助手)
E356,23/06/2026,游水,沙田,,沙田,,,,,,,,游水,,
E356,22/06/2026,游水,沙田,,沙田,,,,,,,,游水,,
E356,21/06/2026,出賽,沙田,草地,沙田 草地,1400M,,,,,周俊樂,3/10,出賽,,1400M (周俊樂) (3/10)
E356,21/06/2026,踱步,沙田,內圈,沙田 內圈,,,,,,助手,,快踱一圈,H,內圈 快踱一圈 (助手)
E356,20/06/2026,游水,沙田,,沙田,,,,,,,,游水,,
E356,20/06/2026,踱步,沙田,內圈,沙田 內圈,,,,,,助手,,快踱一圈,H,內圈 快踱一圈 (助手)
E356,19/06/2026,游水,沙田,,沙田,,,,,,,,游水,,
E356,19/06/2026,踱步,沙田,內圈,沙田 內圈,,,,,,助手,,快踱一圈,H,內圈 快踱一圈 (助手)
E356,18/06/2026,快操,沙田,全天候,沙田 全天候,,59.5,59.5,32.5 27.0,,助手,,快操,H,32.5 27.0 (59.5) (助手)
E356,18/06/2026,踱步,沙田,飛機場,沙田 飛機場,,,,,,助手,,踱步,H,飛機場 踱步 (助手)
E356,17/06/2026,踱步,沙田,內圈,沙田 內圈,,,,,,助手,,快踱一圈,H,內圈 快踱一圈 (助手)
E356,16/06/2026,游水,從化,,從化,,,,,,,,游水,,
E356,16/06/2026,踱步,從化,內圈,從化 內圈,,,,,,助手,,快踱一圈,H,內圈 快踱一圈 (助手)
E356,15/06/2026,馬匹水中步行機,從化,,從化,,,,,,,,馬匹水中步行機,,
E356,15/06/2026,快操,從化,全天候,從化 全天候,,1.00.7,60.7,32.8 27.9,,助手,,快操,H,32.8 27.9 (1.00.7) (助手)
E356,15/06/2026,踱步,從化,飛機場,從化 飛機場,,,,,,助手,,踱步,H,飛機場 踱步 (助手)
E356,14/06/2026,馬匹水中步行機,從化,,從化,,,,,,,,馬匹水中步行機,,
E356,14/06/2026,游水,從化,,從化,,,,,,,,游水,,
E356,14/06/2026,踱步,從化,內圈,從化 內圈,,,,,,助手,,快踱一圈,H,內圈 快踱一圈 (助手)
E356,13/06/2026,馬匹水中步行機,從化,,從化,,,,,,,,馬匹水中步行機,,
E356,13/06/2026,游水,從化,,從化,,,,,,,,游水,,
E356,13/06/2026,踱步,從化,內圈,從化 內圈,,,,,,助手,,快踱一圈,H,內圈 快踱一圈 (助手)
E356,12/06/2026,游水,從化,,從化,,,,,,,,游水,,
E356,12/06/2026,快操,從化,全天候,從化 全天候,,58.0,58.0,31.1 26.9,,助手,,快操,H,31.1 26.9 (58.0) (助手)
E356,12/06/2026,踱步,從化,飛機場,從化 飛機場,,,,,,助手,,踱步,H,飛機場 踱步 (助手)
E356,11/06/2026,馬匹水中步行機,從化,,從化,,,,,,,,馬匹水中步行機,,
E356,11/06/2026,游水,從化,,從化,,,,,,,,游水,,
E356,11/06/2026,踱步,從化,內圈,從化 內圈,,,,,,助手,,倒快一圈,H,內圈 倒快一圈 (助手)
E356,10/06/2026,游水,從化,,從化,,,,,,,,游水,,
E356,10/06/2026,踱步,從化,內圈,從化 內圈,,,,,,助手,,快踱一圈,H,內圈 快踱一圈 (助手)
E356,09/06/2026,馬匹水中步行機,從化,,從化,,,,,,,,馬匹水中步行機,,
E356,09/06/2026,游水,從化,,從化,,,,,,,,游水,,
E356,09/06/2026,踱步,從化,內圈,從化 內圈,,,,,,助手,,快踱一圈,H,內圈 快踱一圈 (助手)
E356,08/06/2026,馬匹水中步行機,從化,,從化,,,,,,,,馬匹水中步行機,,
E356,08/06/2026,快操,從化,全天候,從化 全天候,,59.3,59.3,32.3 27.0,,助手,,快操,H,32.3 27.0 (59.3) (助手)
E356,08/06/2026,踱步,從化,飛機場,從化 飛機場,,,,,,助手,,踱步,H,飛機場 踱步 (助手)
E356,07/06/2026,馬匹水中步行機,從化,,從化,,,,,,,,馬匹水中步行機,,
E356,07/06/2026,游水,從化,,從化,,,,,,,,游水,,
E356,07/06/2026,踱步,從化,內圈,從化 內圈,,,,,,助手,,快踱一圈,H,內圈 快踱一圈 (助手)
E356,06/06/2026,馬匹水中步行機,從化,,從化,,,,,,,,馬匹水中步行機,,
E356,06/06/2026,游水,從化,,從化,,,,,,,,游水,,
E356,06/06/2026,踱步,從化,內圈,從化 內圈,,,,,,助手,,快踱一圈,H,內圈 快踱一圈 (助手)
E356,05/06/2026,游水,從化,,從化,,,,,,,,游水,,
E356,05/06/2026,踱步,從化,內圈,從化 內圈,,,,,,助手,,快踱一圈,H,內圈 快踱一圈 (助手)
E356,04/06/2026,游水,從化,,從化,,,,,,,,游水,,
E356,04/06/2026,踱步,從化,飛機場,從化 飛機場,,,,,,助手,,踱步,H,飛機場 踱步 (助手)
E356,02/06/2026,游水,沙田,,沙田,,,,,,,,游水,,
E356,01/06/2026,游水,沙田,,沙田,,,,,,,,游水,,
E356,31/05/2026,出賽,沙田,草地,沙田 草地,1200M,,,,,霍宏聲,8/10,出賽,,1200M (霍宏聲) (8/10)
E356,31/05/2026,踱步,沙田,內圈,沙田 內圈,,,,,,助手,,快踱一圈,H,內圈 快踱一圈 (助手)
E356,30/05/2026,游水,沙田,,沙田,,,,,,,,游水,,
E356,30/05/2026,踱步,沙田,內圈,沙田 內圈,,,,,,助手,,快踱一圈,H,內圈 快踱一圈 (助手)
E356,29/05/2026,游水,沙田,,沙田,,,,,,,,游水,,
E356,29/05/2026,踱步,沙田,內圈,沙田 內圈,,,,,,助手,,快踱一圈,H,內圈 快踱一圈 (助手)
E356,28/05/2026,快操,沙田,全天候,沙田 全天候,,55.3,55.3,29.7 25.6,,霍宏聲,,快操,H,29.7 25.6 (55.3) (霍宏聲)
E356,28/05/2026,踱步,沙田,飛機場,沙田 飛機場,,,,,,助手,,踱步,H,飛機場 踱步 (助手)
E356,27/05/2026,踱步,沙田,內圈,沙田 內圈,,,,,,助手,,快踱一圈,,內圈 快踱一圈 (助手)
E356,26/05/2026,游水,從化,,從化,,,,,,,,游水,,
E356,26/05/2026,踱步,從化,內圈,從化 內圈,,,,,,助手,,快踱一圈,H,內圈 快踱一圈 (助手)
E356,25/05/2026,馬匹水中步行機,從化,,從化,,,,,,,,馬匹水中步行機,,
E356,25/05/2026,快操,從化,全天候,從化 全天候,,57.7,57.7,31.4 26.3,,助手,,快操,H,31.4 26.3 (57.7) (助手)
E356,25/05/2026,踱步,從化,飛機場,從化 飛機場,,,,,,助手,,踱步,H,飛機場 踱步 (助手)
E356,24/05/2026,馬匹水中步行機,從化,,從化,,,,,,,,馬匹水中步行機,,
E356,24/05/2026,游水,從化,,從化,,,,,,,,游水,,
E356,24/05/2026,踱步,從化,內圈,從化 內圈,,,,,,助手,,快踱一圈,H,內圈 快踱一圈 (助手)
E356,23/05/2026,馬匹水中步行機,從化,,從化,,,,,,,,馬匹水中步行機,,
E356,23/05/2026,游水,從化,,從化,,,,,,,,游水,,
E356,23/05/2026,踱步,從化,內圈,從化 內圈,,,,,,助手,,快踱一圈,H,內圈 快踱一圈 (助手)
E356,22/05/2026,游水,從化,,從化,,,,,,,,游水,,
E356,22/05/2026,快操,從化,全天候,從化 全天候,,58.0,58.0,31.4 26.6,,助手,,快操,H,31.4 26.6 (58.0) (助手)
E356,22/05/2026,踱步,從化,飛機場,從化 飛機場,,,,,,助手,,踱步,H,飛機場 踱步 (助手)
E356,21/05/2026,馬匹水中步行機,從化,,從化,,,,,,,,馬匹水中步行機,,
E356,21/05/2026,游水,從化,,從化,,,,,,,,游水,,
E356,21/05/2026,踱步,從化,內圈,從化 內圈,,,,,,助手,,倒快一圈,H,內圈 倒快一圈 (助手)
E356,20/05/2026,馬匹水中步行機,從化,,從化,,,,,,,,馬匹水中步行機,,
E356,20/05/2026,游水,從化,,從化,,,,,,,,游水,,
E356,20/05/2026,踱步,從化,內圈,從化 內圈,,,,,,助手,,快踱一圈,H,內圈 快踱一圈 (助手)
E356,19/05/2026,馬匹水中步行機,從化,,從化,,,,,,,,馬匹水中步行機,,
E356,19/05/2026,游水,從化,,從化,,,,,,,,游水,,
E356,19/05/2026,踱步,從化,內圈,從化 內圈,,,,,,助手,,快踱一圈,H,內圈 快踱一圈 (助手)
E356,18/05/2026,游水,從化,,從化,,,,,,,,游水,,
E356,18/05/2026,快操,從化,全天候,從化 全天候,,58.0,58.0,30.2 27.8,,助手,,快操,H,30.2 27.8 (58.0) (助手)
E356,18/05/2026,踱步,從化,飛機場,從化 飛機場,,,,,,助手,,踱步,H,飛機場 踱步 (助手)
E356,17/05/2026,游水,從化,,從化,,,,,,,,游水,,
E356,17/05/2026,踱步,從化,內圈,從化 內圈,,,,,,助手,,快踱一圈,H,內圈 快踱一圈 (助手)
E356,16/05/2026,馬匹水中步行機,從化,,從化,,,,,,,,馬匹水中步行機,,
E356,16/05/2026,游水,從化,,從化,,,,,,,,游水,,
E356,16/05/2026,踱步,從化,內圈,從化 內圈,,,,,,助手,,快踱一圈,H,內圈 快踱一圈 (助手)
E356,15/05/2026,游水,從化,,從化,,,,,,,,游水,,
E356,15/05/2026,踱步,從化,內圈,從化 內圈,,,,,,助手,,快踱一圈,H,內圈 快踱一圈 (助手)
E356,14/05/2026,游水,從化,,從化,,,,,,,,游水,,
E356,14/05/2026,踱步,從化,內圈,從化 內圈,,,,,,助手,,倒快一圈,H,內圈 倒快一圈 (助手)
E356,13/05/2026,踱步,沙田,飛機場,沙田 飛機場,,,,,,副練馬師,,踱步,H,飛機場 踱步 (副練馬師)
E356,12/05/2026,游水,沙田,,沙田,,,,,,,,游水,,
E356,11/05/2026,游水,沙田,,沙田,,,,,,,,游水,,
E356,10/05/2026,游水,沙田,,沙田,,,,,,,,游水,,
E356,09/05/2026,出賽,沙田,草地,沙田 草地,1200M,,,,,袁幸堯,5/12,出賽,,1200M (袁幸堯) (5/12)
E356,09/05/2026,踱步,沙田,內圈,沙田 內圈,,,,,,助手,,快踱一圈,H,內圈 快踱一圈 (助手)
E356,08/05/2026,游水,沙田,,沙田,,,,,,,,游水,,
E356,08/05/2026,踱步,沙田,內圈,沙田 內圈,,,,,,助手,,快踱一圈,H,內圈 快踱一圈 (助手)
E356,07/05/2026,游水,沙田,,沙田,,,,,,,,游水,,
E356,07/05/2026,踱步,沙田,內圈,沙田 內圈,,,,,,助手,,倒快一圈,H,內圈 倒快一圈 (助手)
E356,06/05/2026,游水,沙田,,沙田,,,,,,,,游水,,
E356,06/05/2026,踱步,沙田,內圈,沙田 內圈,,,,,,助手,,快踱一圈,H,內圈 快踱一圈 (助手)
E356,05/05/2026,快操,沙田,全天候,沙田 全天候,,59.6,59.6,32.1 27.5,,袁幸堯,,快操,H,32.1 27.5 (59.6) (袁幸堯)
E356,05/05/2026,踱步,沙田,飛機場,沙田 飛機場,,,,,,助手,,踱步,H,飛機場 踱步 (助手)
E356,04/05/2026,游水,沙田,,沙田,,,,,,,,游水,,
E356,04/05/2026,踱步,沙田,內圈,沙田 內圈,,,,,,助手,,倒快一圈,H,內圈 倒快一圈 (助手)
E356,03/05/2026,踱步,沙田,內圈,沙田 內圈,,,,,,助手,,快踱一圈,,內圈 快踱一圈 (助手)
E356,02/05/2026,游水,從化,,從化,,,,,,,,游水,,
E356,02/05/2026,踱步,從化,內圈,從化 內圈,,,,,,助手,,快踱一圈,H,內圈 快踱一圈 (助手)
E356,01/05/2026,游水,從化,,從化,,,,,,,,游水,,
E356,01/05/2026,踱步,從化,內圈,從化 內圈,,,,,,助手,,快踱一圈,H,內圈 快踱一圈 (助手)
E356,30/04/2026,馬匹水中步行機,從化,,從化,,,,,,,,馬匹水中步行機,,
E356,30/04/2026,游水,從化,,從化,,,,,,,,游水,,
E356,30/04/2026,踱步,從化,內圈,從化 內圈,,,,,,助手,,倒快一圈,H,內圈 倒快一圈 (助手)
E356,29/04/2026,游水,從化,,從化,,,,,,,,游水,,
E356,29/04/2026,踱步,從化,飛機場,從化 飛機場,,,,,,助手,,踱步,H,飛機場 踱步 (助手)
E356,28/04/2026,游水,從化,,從化,,,,,,,,游水,,
E356,27/04/2026,馬匹水中步行機,從化,,從化,,,,,,,,馬匹水中步行機,,
E356,27/04/2026,試閘,從化,草地,從化 草地,1000M,0.58.04,58.04,13.9 21.6 22.5,路飛駒,祖利曼,,第1組,,第1組 (祖利曼) 1000M 路飛駒 13.9 21.6 22.5 (0.58.04)
E356,27/04/2026,踱步,從化,飛機場,從化 飛機場,,,,,,助手,,踱步,,飛機場 踱步 (助手)
E356,26/04/2026,游水,從化,,從化,,,,,,,,游水,,
E356,26/04/2026,踱步,從化,內圈,從化 內圈,,,,,,助手,,快踱一圈,H,內圈 快踱一圈 (助手)
E356,25/04/2026,游水,從化,,從化,,,,,,,,游水,,
E356,25/04/2026,踱步,從化,內圈,從化 內圈,,,,,,助手,,快踱一圈,H,內圈 快踱一圈 (助手)
E356,24/04/2026,游水,從化,,從化,,,,,,,,游水,,
E356,24/04/2026,快操,從化,全天候,從化 全天候,,58.3,58.3,31.6 26.7,,助手,,快操,H,31.6 26.7 (58.3) (助手)
E356,24/04/2026,踱步,從化,飛機場,從化 飛機場,,,,,,助手,,踱步,H,飛機場 踱步 (助手)
E356,23/04/2026,馬匹水中步行機,從化,,從化,,,,,,,,馬匹水中步行機,,
E356,23/04/2026,游水,從化,,從化,,,,,,,,游水,,
E356,23/04/2026,踱步,從化,內圈,從化 內圈,,,,,,助手,,倒快一圈,H,內圈 倒快一圈 (助手)
E356,22/04/2026,游水,從化,,從化,,,,,,,,游水,,
E356,22/04/2026,踱步,從化,內圈,從化 內圈,,,,,,助手,,快踱一圈,H,內圈 快踱一圈 (助手)
E356,21/04/2026,游水,從化,,從化,,,,,,,,游水,,
E356,21/04/2026,快操,從化,全天候,從化 全天候,,57.2,57.2,31.4 25.8,,助手,,快操,H,31.4 25.8 (57.2) (助手)
E356,21/04/2026,踱步,從化,飛機場,從化 飛機場,,,,,,助手,,踱步,H,飛機場 踱步 (助手)
E356,20/04/2026,馬匹水中步行機,從化,,從化,,,,,,,,馬匹水中步行機,,
E356,20/04/2026,游水,從化,,從化,,,,,,,,游水,,
E356,20/04/2026,踱步,從化,內圈,從化 內圈,,,,,,助手,,倒快一圈,H,內圈 倒快一圈 (助手)
E356,19/04/2026,游水,從化,,從化,,,,,,,,游水,,
E356,19/04/2026,踱步,從化,內圈,從化 內圈,,,,,,助手,,快踱一圈,H,內圈 快踱一圈 (助手)
E356,18/04/2026,游水,從化,,從化,,,,,,,,游水,,
E356,18/04/2026,踱步,從化,內圈,從化 內圈,,,,,,助手,,快踱一圈,H,內圈 快踱一圈 (助手)
E356,17/04/2026,快操,沙田,全天候,沙田 全天候,,57.3,57.3,31.0 26.3,,助手,,快操,H,31.0 26.3 (57.3) (助手)
E356,17/04/2026,踱步,沙田,飛機場,沙田 飛機場,,,,,,助手,,踱步,H,飛機場 踱步 (助手)
E356,16/04/2026,游水,沙田,,沙田,,,,,,,,游水,,
E356,16/04/2026,踱步,沙田,內圈,沙田 內圈,,,,,,助手,,倒快一圈,H,內圈 倒快一圈 (助手)
E356,15/04/2026,游水,沙田,,沙田,,,,,,,,游水,,
E356,15/04/2026,踱步,沙田,內圈,沙田 內圈,,,,,,助手,,快踱一圈,H,內圈 快踱一圈 (助手)
E356,14/04/2026,游水,沙田,,沙田,,,,,,,,游水,,
E356,14/04/2026,快操,沙田,全天候,沙田 全天候,,1.00.8,60.8,32.8 28.0,,助手,,快操,H,32.8 28.0 (1.00.8) (助手)
E356,14/04/2026,踱步,沙田,飛機場,沙田 飛機場,,,,,,助手,,踱步,H,飛機場 踱步 (助手)
E356,13/04/2026,游水,沙田,,沙田,,,,,,,,游水,,
E356,13/04/2026,踱步,沙田,內圈,沙田 內圈,,,,,,助手,,倒快一圈,H,內圈 倒快一圈 (助手)
E356,12/04/2026,游水,沙田,,沙田,,,,,,,,游水,,
E356,12/04/2026,踱步,沙田,內圈,沙田 內圈,,,,,,助手,,快踱一圈,H,內圈 快踱一圈 (助手)
E356,11/04/2026,游水,沙田,,沙田,,,,,,,,游水,,
E356,11/04/2026,踱步,沙田,內圈,沙田 內圈,,,,,,助手,,快踱一圈,H,內圈 快踱一圈 (助手)
E356,10/04/2026,游水,沙田,,沙田,,,,,,,,游水,,
E356,10/04/2026,踱步,沙田,飛機場,沙田 飛機場,,,,,,副練馬師,,踱步,H,飛機場 踱步 (副練馬師)
E356,09/04/2026,游水,沙田,,沙田,,,,,,,,游水,,
E356,08/04/2026,游水,沙田,,沙田,,,,,,,,游水,,
E356,07/04/2026,游水,沙田,,沙田,,,,,,,,游水,,
E356,06/04/2026,出賽,沙田,草地,沙田 草地,1200M,,,,,田泰安,4/7,出賽,,1200M (田泰安) (4/7)
E356,06/04/2026,踱步,沙田,內圈,沙田 內圈,,,,,,副練馬師,,倒快一圈,H,內圈 倒快一圈 (副練馬師)
E356,05/04/2026,游水,沙田,,沙田,,,,,,,,游水,,
E356,05/04/2026,踱步,沙田,內圈,沙田 內圈,,,,,,助手,,快踱一圈,H,內圈 快踱一圈 (助手)
E356,04/04/2026,游水,沙田,,沙田,,,,,,,,游水,,
E356,04/04/2026,踱步,沙田,內圈,沙田 內圈,,,,,,副練馬師,,快踱一圈,H,內圈 快踱一圈 (副練馬師)
E356,03/04/2026,游水,沙田,,沙田,,,,,,,,游水,,
E356,03/04/2026,踱步,沙田,內圈,沙田 內圈,,,,,,副練馬師,,快踱一圈,H,內圈 快踱一圈 (副練馬師)
E356,02/04/2026,游水,沙田,,沙田,,,,,,,,游水,,
E356,02/04/2026,快操,沙田,全天候,沙田 全天候,,57.3,57.3,31.2 26.1,,霍宏聲,,快操,H,31.2 26.1 (57.3) (霍宏聲)
E356,02/04/2026,踱步,沙田,飛機場,沙田 飛機場,,,,,,助手,,踱步,H,飛機場 踱步 (助手)
E356,01/04/2026,游水,沙田,,沙田,,,,,,,,游水,,
E356,01/04/2026,踱步,沙田,內圈,沙田 內圈,,,,,,助手,,快踱一圈,H,內圈 快踱一圈 (助手)
E356,31/03/2026,游水,沙田,,沙田,,,,,,,,游水,,
E356,31/03/2026,踱步,沙田,內圈,沙田 內圈,,,,,,助手,,快踱一圈,H,內圈 快踱一圈 (助手)
E356,30/03/2026,游水,沙田,,沙田,,,,,,,,游水,,
E356,30/03/2026,踱步,沙田,內圈,沙田 內圈,,,,,,助手,,倒快一圈,H,內圈 倒快一圈 (助手)
E356,29/03/2026,踱步,沙田,內圈,沙田 內圈,,,,,,助手,,快踱一圈,H,內圈 快踱一圈 (助手)
E356,28/03/2026,游水,沙田,,沙田,,,,,,,,游水,,
E356,28/03/2026,踱步,沙田,飛機場,沙田 飛機場,,,,,,助手,,踱步,H,飛機場 踱步 (助手)
E356,27/03/2026,游水,沙田,,沙田,,,,,,,,游水,,
E356,26/03/2026,試閘,沙田,全天候,沙田 全天候,1200M,1.10.04,70.04,24.3 22.5 23.2,連連幸運,霍宏聲,,第2組,,第2組 (霍宏聲) 1200M 連連幸運 24.3 22.5 23.2 (1.10.04)
E356,26/03/2026,游水,沙田,,沙田,,,,,,,,游水,,
E356,26/03/2026,踱步,沙田,飛機場,沙田 飛機場,,,,,,助手,,踱步,H,飛機場 踱步 (助手)
E356,25/03/2026,游水,沙田,,沙田,,,,,,,,游水,,
E356,25/03/2026,踱步,沙田,內圈,沙田 內圈,,,,,,副練馬師,,快踱一圈,H,內圈 快踱一圈 (副練馬師)
E356,24/03/2026,游水,沙田,,沙田,,,,,,,,游水,,
E356,24/03/2026,踱步,沙田,內圈,沙田 內圈,,,,,,助手,,快踱一圈,H,內圈 快踱一圈 (助手)
E356,23/03/2026,游水,沙田,,沙田,,,,,,,,游水,,
E356,23/03/2026,快操,沙田,全天候,沙田 全天候,,30.0,30.0,30.0,,副練馬師,,快操,H,30.0 (30.0) (副練馬師)
E356,23/03/2026,踱步,沙田,飛機場,沙田 飛機場,,,,,,副練馬師,,踱步,H,飛機場 踱步 (副練馬師)
E356,22/03/2026,游水,沙田,,沙田,,,,,,,,游水,,
E356,22/03/2026,踱步,沙田,內圈,沙田 內圈,,,,,,助手,,快踱一圈,H,內圈 快踱一圈 (助手)
E356,21/03/2026,游水,沙田,,沙田,,,,,,,,游水,,
E356,21/03/2026,踱步,沙田,內圈,沙田 內圈,,,,,,助手,,快踱一圈,H,內圈 快踱一圈 (助手)
E356,20/03/2026,踱步,沙田,飛機場,沙田 飛機場,,,,,,助手,,踱步,,飛機場 踱步 (助手)
E356,19/03/2026,踱步,從化,飛機場,從化 飛機場,,,,,,助手,,踱步,H,飛機場 踱步 (助手)
E356,17/03/2026,游水,從化,,從化,,,,,,,,游水,,
E356,17/03/2026,踱步,從化,內圈,從化 內圈,,,,,,助手,,快踱一圈,H,內圈 快踱一圈 (助手)
E356,16/03/2026,游水,從化,,從化,,,,,,,,游水,,
E356,16/03/2026,踱步,從化,內圈,從化 內圈,,,,,,助手,,倒快一圈,H,內圈 倒快一圈 (助手)
E356,15/03/2026,馬匹水中步行機,從化,,從化,,,,,,,,馬匹水中步行機,,
E356,15/03/2026,快操,從化,全天候,從化 全天候,,58.4,58.4,31.4 27.0,,助手,,快操,H,31.4 27.0 (58.4) (助手)
E356,15/03/2026,踱步,從化,飛機場,從化 飛機場,,,,,,助手,,踱步,H,飛機場 踱步 (助手)
E356,14/03/2026,游水,從化,,從化,,,,,,,,游水,,
E356,14/03/2026,踱步,從化,內圈,從化 內圈,,,,,,助手,,快踱一圈,H,內圈 快踱一圈 (助手)
E356,13/03/2026,游水,從化,,從化,,,,,,,,游水,,
E356,13/03/2026,踱步,從化,內圈,從化 內圈,,,,,,助手,,快踱一圈,H,內圈 快踱一圈 (助手)
E356,12/03/2026,游水,從化,,從化,,,,,,,,游水,,
E356,12/03/2026,踱步,從化,內圈,從化 內圈,,,,,,助手,,倒快一圈,H,內圈 倒快一圈 (助手)
E356,11/03/2026,游水,從化,,從化,,,,,,,,游水,,
E356,11/03/2026,快操,從化,全天候,從化 全天候,,57.5,57.5,31.3 26.2,,助手,,快操,H,31.3 26.2 (57.5) (助手)
E356,11/03/2026,踱步,從化,飛機場,從化 飛機場,,,,,,助手,,踱步,H,飛機場 踱步 (助手)
E356,10/03/2026,馬匹水中步行機,從化,,從化,,,,,,,,馬匹水中步行機,,
E356,10/03/2026,游水,從化,,從化,,,,,,,,游水,,
E356,10/03/2026,踱步,從化,內圈,從化 內圈,,,,,,助手,,快踱一圈,H,內圈 快踱一圈 (助手)
E356,09/03/2026,游水,從化,,從化,,,,,,,,游水,,
E356,09/03/2026,踱步,從化,內圈,從化 內圈,,,,,,助手,,倒快一圈,H,內圈 倒快一圈 (助手)
E356,08/03/2026,游水,從化,,從化,,,,,,,,游水,,
E356,08/03/2026,踱步,從化,內圈,從化 內圈,,,,,,助手,,快踱一圈,H,內圈 快踱一圈 (助手)
E356,07/03/2026,游水,從化,,從化,,,,,,,,游水,,
E356,07/03/2026,快操,從化,全天候,從化 全天候,,58.2,58.2,31.9 26.3,,助手,,快操,H,31.9 26.3 (58.2) (助手)
E356,07/03/2026,踱步,從化,飛機場,從化 飛機場,,,,,,助手,,踱步,H,飛機場 踱步 (助手)
E356,06/03/2026,游水,從化,,從化,,,,,,,,游水,,
E356,06/03/2026,踱步,從化,內圈,從化 內圈,,,,,,助手,,快踱一圈,H,內圈 快踱一圈 (助手)
E356,05/03/2026,游水,從化,,從化,,,,,,,,游水,,
E356,05/03/2026,踱步,從化,內圈,從化 內圈,,,,,,助手,,倒快一圈,H,內圈 倒快一圈 (助手)
E356,04/03/2026,游水,從化,,從化,,,,,,,,游水,,
E356,04/03/2026,踱步,從化,內圈,從化 內圈,,,,,,助手,,快踱一圈,H,內圈 快踱一圈 (助手)
E356,03/03/2026,游水,從化,,從化,,,,,,,,游水,,
E356,03/03/2026,快操,從化,全天候,從化 全天候,,57.7,57.7,31.8 25.9,,助手,,快操,H,31.8 25.9 (57.7) (助手)
E356,03/03/2026,踱步,從化,飛機場,從化 飛機場,,,,,,助手,,踱步,H,飛機場 踱步 (助手)
E356,02/03/2026,馬匹水中步行機,從化,,從化,,,,,,,,馬匹水中步行機,,
E356,02/03/2026,游水,從化,,從化,,,,,,,,游水,,
E356,02/03/2026,踱步,從化,內圈,從化 內圈,,,,,,助手,,倒快一圈,H,內圈 倒快一圈 (助手)
E356,01/03/2026,游水,從化,,從化,,,,,,,,游水,,
E356,01/03/2026,踱步,從化,內圈,從化 內圈,,,,,,助手,,快踱一圈,H,內圈 快踱一圈 (助手)
E356,28/02/2026,馬匹水中步行機,從化,,從化,,,,,,,,馬匹水中步行機,,
E356,28/02/2026,游水,從化,,從化,,,,,,,,游水,,
E356,28/02/2026,踱步,從化,內圈,從化 內圈,,,,,,助手,,快踱一圈,H,內圈 快踱一圈 (助手)
E356,27/02/2026,游水,從化,,從化,,,,,,,,游水,,
E356,27/02/2026,快操,從化,全天候,從化 全天候,,1.00.3,60.3,32.6 27.7,,助手,,快操,H,32.6 27.7 (1.00.3) (助手)
E356,27/02/2026,踱步,從化,飛機場,從化 飛機場,,,,,,助手,,踱步,H,飛機場 踱步 (助手)
E356,26/02/2026,馬匹水中步行機,從化,,從化,,,,,,,,馬匹水中步行機,,
E356,26/02/2026,踱步,從化,內圈,從化 內圈,,,,,,助手,,倒快一圈,H,內圈 倒快一圈 (助手)
E356,25/02/2026,游水,從化,,從化,,,,,,,,游水,,
E356,25/02/2026,踱步,從化,內圈,從化 內圈,,,,,,助手,,快踱一圈,H,內圈 快踱一圈 (助手)
E356,24/02/2026,游水,從化,,從化,,,,,,,,游水,,
E356,24/02/2026,踱步,從化,內圈,從化 內圈,,,,,,助手,,快踱一圈,H,內圈 快踱一圈 (助手)
E356,23/02/2026,踱步,從化,內圈,從化 內圈,,,,,,助手,,倒快一圈,H,內圈 倒快一圈 (助手)
E356,22/02/2026,踱步,沙田,內圈,沙田 內圈,,,,,,助手,,快踱一圈,H,內圈 快踱一圈 (助手)
E356,21/02/2026,踱步,沙田,內圈,沙田 內圈,,,,,,助手,,快踱一圈,H,內圈 快踱一圈 (助手)
E356,20/02/2026,踱步,沙田,內圈,沙田 內圈,,,,,,助手,,快踱一圈,H,內圈 快踱一圈 (助手)
E356,19/02/2026,踱步,沙田,內圈,沙田 內圈,,,,,,助手,,倒快一圈,H,內圈 倒快一圈 (助手)
E356,18/02/2026,踱步,沙田,飛機場,沙田 飛機場,,,,,,助手,,踱步,H,飛機場 踱步 (助手)
E356,14/02/2026,出賽,沙田,草地,沙田 草地,1200M,,,,,霍宏聲,11/11,出賽,,1200M (霍宏聲) (11/11)
E356,14/02/2026,踱步,沙田,飛機場,沙田 飛機場,,,,,,助手,,踱步,H,飛機場 踱步 (助手)
E356,13/02/2026,游水,沙田,,沙田,,,,,,,,游水,,
E356,13/02/2026,踱步,沙田,內圈,沙田 內圈,,,,,,副練馬師,,快踱一圈,H,內圈 快踱一圈 (副練馬師)
E356,12/02/2026,游水,沙田,,沙田,,,,,,,,游水,,
E356,12/02/2026,踱步,沙田,內圈,沙田 內圈,,,,,,助手,,倒快一圈,H,內圈 倒快一圈 (助手)
E356,11/02/2026,游水,沙田,,沙田,,,,,,,,游水,,
E356,11/02/2026,踱步,沙田,內圈,沙田 內圈,,,,,,助手,,快踱一圈,H,內圈 快踱一圈 (助手)
E356,10/02/2026,快操,從化,草地,從化 草地,,55.6,55.6,30.6 25.0,,助手,,快操,H,30.6 25.0 (55.6) (助手)
E356,10/02/2026,踱步,從化,飛機場,從化 飛機場,,,,,,助手,,踱步,H,飛機場 踱步 (助手)
E356,09/02/2026,游水,從化,,從化,,,,,,,,游水,,
E356,09/02/2026,踱步,從化,內圈,從化 內圈,,,,,,助手,,倒快一圈,H,內圈 倒快一圈 (助手)
E356,08/02/2026,馬匹水中步行機,從化,,從化,,,,,,,,馬匹水中步行機,,
E356,08/02/2026,游水,從化,,從化,,,,,,,,游水,,
E356,08/02/2026,踱步,從化,內圈,從化 內圈,,,,,,助手,,快踱一圈,H,內圈 快踱一圈 (助手)
E356,07/02/2026,游水,從化,,從化,,,,,,,,游水,,
E356,07/02/2026,快操,從化,全天候,從化 全天候,,58.3,58.3,31.9 26.4,,助手,,快操,H,31.9 26.4 (58.3) (助手)
E356,07/02/2026,踱步,從化,飛機場,從化 飛機場,,,,,,助手,,踱步,H,飛機場 踱步 (助手)
E356,06/02/2026,游水,從化,,從化,,,,,,,,游水,,
E356,06/02/2026,踱步,從化,內圈,從化 內圈,,,,,,助手,,快踱一圈,H,內圈 快踱一圈 (助手)
E356,05/02/2026,馬匹水中步行機,從化,,從化,,,,,,,,馬匹水中步行機,,
E356,05/02/2026,游水,從化,,從化,,,,,,,,游水,,
E356,05/02/2026,踱步,從化,內圈,從化 內圈,,,,,,助手,,倒快一圈,H,內圈 倒快一圈 (助手)
E356,04/02/2026,游水,從化,,從化,,,,,,,,游水,,
E356,04/02/2026,快操,從化,全天候,從化 全天候,,58.1,58.1,31.8 26.3,,助手,,快操,H,31.8 26.3 (58.1) (助手)
E356,04/02/2026,踱步,從化,飛機場,從化 飛機場,,,,,,助手,,踱步,H,飛機場 踱步 (助手)
E356,03/02/2026,游水,從化,,從化,,,,,,,,游水,,
E356,03/02/2026,踱步,從化,內圈,從化 內圈,,,,,,助手,,快踱一圈,H,內圈 快踱一圈 (助手)
E356,02/02/2026,游水,從化,,從化,,,,,,,,游水,,
E356,02/02/2026,踱步,從化,內圈,從化 內圈,,,,,,助手,,倒快一圈,H,內圈 倒快一圈 (助手)
E356,01/02/2026,馬匹水中步行機,從化,,從化,,,,,,,,馬匹水中步行機,,
E356,01/02/2026,踱步,從化,內圈,從化 內圈,,,,,,助手,,快踱一圈,H,內圈 快踱一圈 (助手)
E356,31/01/2026,游水,從化,,從化,,,,,,,,游水,,
E356,31/01/2026,踱步,從化,內圈,從化 內圈,,,,,,助手,,快踱一圈,H,內圈 快踱一圈 (助手)
E356,30/01/2026,游水,從化,,從化,,,,,,,,游水,,
E356,30/01/2026,踱步,從化,內圈,從化 內圈,,,,,,助手,,快踱一圈,H,內圈 快踱一圈 (助手)
E356,29/01/2026,游水,從化,,從化,,,,,,,,游水,,
E356,29/01/2026,踱步,從化,飛機場,從化 飛機場,,,,,,助手,,踱步,H,飛機場 踱步 (助手)
E356,27/01/2026,游水,沙田,,沙田,,,,,,,,游水,,
E356,26/01/2026,游水,沙田,,沙田,,,,,,,,游水,,
E356,25/01/2026,出賽,沙田,草地,沙田 草地,1200M,,,,,霍宏聲,6/7,出賽,,1200M (霍宏聲) (6/7)
E356,25/01/2026,踱步,沙田,內圈,沙田 內圈,,,,,,助手,,快踱一圈,H,內圈 快踱一圈 (助手)
E356,24/01/2026,游水,沙田,,沙田,,,,,,,,游水,,
E356,24/01/2026,踱步,沙田,內圈,沙田 內圈,,,,,,助手,,快踱一圈,H,內圈 快踱一圈 (助手)
E356,23/01/2026,游水,沙田,,沙田,,,,,,,,游水,,
E356,23/01/2026,踱步,沙田,內圈,沙田 內圈,,,,,,助手,,快踱一圈,H,內圈 快踱一圈 (助手)
E356,22/01/2026,游水,沙田,,沙田,,,,,,,,游水,,
E356,22/01/2026,快操,沙田,全天候,沙田 全天候,,57.9,57.9,31.2 26.7,,霍宏聲,,快操,H,31.2 26.7 (57.9) (霍宏聲)
E356,22/01/2026,踱步,沙田,飛機場,沙田 飛機場,,,,,,助手,,踱步,H,飛機場 踱步 (助手)
E356,21/01/2026,游水,沙田,,沙田,,,,,,,,游水,,
E356,21/01/2026,踱步,沙田,內圈,沙田 內圈,,,,,,助手,,快踱一圈,,內圈 快踱一圈 (助手)
E356,20/01/2026,游水,從化,,從化,,,,,,,,游水,,
E356,20/01/2026,踱步,從化,內圈,從化 內圈,,,,,,助手,,快踱一圈,H,內圈 快踱一圈 (助手)
E356,19/01/2026,游水,從化,,從化,,,,,,,,游水,,
E356,19/01/2026,快操,從化,全天候,從化 全天候,,58.8,58.8,32.3 26.5,,助手,,快操,H,32.3 26.5 (58.8) (助手)
E356,19/01/2026,踱步,從化,飛機場,從化 飛機場,,,,,,助手,,踱步,H,飛機場 踱步 (助手)
E356,18/01/2026,馬匹水中步行機,從化,,從化,,,,,,,,馬匹水中步行機,,
E356,18/01/2026,游水,從化,,從化,,,,,,,,游水,,
E356,18/01/2026,踱步,從化,內圈,從化 內圈,,,,,,助手,,快踱一圈,H,內圈 快踱一圈 (助手)
E356,17/01/2026,馬匹水中步行機,從化,,從化,,,,,,,,馬匹水中步行機,,
E356,17/01/2026,游水,從化,,從化,,,,,,,,游水,,
E356,17/01/2026,踱步,從化,內圈,從化 內圈,,,,,,助手,,快踱一圈,H,內圈 快踱一圈 (助手)
E356,16/01/2026,游水,從化,,從化,,,,,,,,游水,,
E356,16/01/2026,踱步,從化,內圈,從化 內圈,,,,,,助手,,快踱一圈,H,內圈 快踱一圈 (助手)
E356,15/01/2026,游水,從化,,從化,,,,,,,,游水,,
E356,15/01/2026,踱步,從化,內圈,從化 內圈,,,,,,助手,,倒快一圈,H,內圈 倒快一圈 (助手)
E356,14/01/2026,游水,從化,,從化,,,,,,,,游水,,
E356,14/01/2026,踱步,從化,飛機場,從化 飛機場,,,,,,助手,,踱步,H,飛機場 踱步 (助手)
E356,12/01/2026,試閘,從化,草地,從化 草地,1200M,1.14.06,74.06,27.8 23.9 22.3,君子傳承,祖利曼,,第7組,,第7組 (祖利曼) 1200M 君子傳承 27.8 23.9 22.3 (1.14.06)
E356,12/01/2026,游水,從化,,從化,,,,,,,,游水,,
E356,12/01/2026,踱步,從化,飛機場,從化 飛機場,,,,,,助手,,踱步,,飛機場 踱步 (助手)
E356,11/01/2026,馬匹水中步行機,從化,,從化,,,,,,,,馬匹水中步行機,,
E356,11/01/2026,踱步,從化,內圈,從化 內圈,,,,,,助手,,快踱一圈,H,內圈 快踱一圈 (助手)
E356,10/01/2026,馬匹水中步行機,從化,,從化,,,,,,,,馬匹水中步行機,,
E356,10/01/2026,游水,從化,,從化,,,,,,,,游水,,
E356,10/01/2026,踱步,從化,內圈,從化 內圈,,,,,,助手,,快踱一圈,H,內圈 快踱一圈 (助手)
E356,09/01/2026,游水,從化,,從化,,,,,,,,游水,,
E356,09/01/2026,快操,從化,全天候,從化 全天候,,57.9,57.9,31.0 26.9,,助手,,快操,H,31.0 26.9 (57.9) (助手)
E356,09/01/2026,踱步,從化,飛機場,從化 飛機場,,,,,,助手,,踱步,H,飛機場 踱步 (助手)
E356,08/01/2026,馬匹水中步行機,從化,,從化,,,,,,,,馬匹水中步行機,,
E356,08/01/2026,踱步,從化,內圈,從化 內圈,,,,,,助手,,倒快一圈,H,內圈 倒快一圈 (助手)
E356,07/01/2026,游水,從化,,從化,,,,,,,,游水,,
E356,07/01/2026,踱步,從化,內圈,從化 內圈,,,,,,助手,,快踱一圈,H,內圈 快踱一圈 (助手)
E356,06/01/2026,游水,從化,,從化,,,,,,,,游水,,
E356,06/01/2026,快操,從化,全天候,從化 全天候,,58.6,58.6,32.4 26.2,,助手,,快操,H,32.4 26.2 (58.6) (助手)
E356,06/01/2026,踱步,從化,飛機場,從化 飛機場,,,,,,助手,,踱步,H,飛機場 踱步 (助手)
E356,05/01/2026,游水,從化,,從化,,,,,,,,游水,,
E356,05/01/2026,踱步,從化,內圈,從化 內圈,,,,,,助手,,倒快一圈,H,內圈 倒快一圈 (助手)
E356,04/01/2026,馬匹水中步行機,從化,,從化,,,,,,,,馬匹水中步行機,,
E356,04/01/2026,游水,從化,,從化,,,,,,,,游水,,
E356,04/01/2026,踱步,從化,內圈,從化 內圈,,,,,,助手,,快踱一圈,H,內圈 快踱一圈 (助手)
E356,03/01/2026,馬匹水中步行機,從化,,從化,,,,,,,,馬匹水中步行機,,
E356,03/01/2026,快操,從化,全天候,從化 全天候,,58.7,58.7,32.0 26.7,,助手,,快操,H,32.0 26.7 (58.7) (助手)
E356,03/01/2026,踱步,從化,飛機場,從化 飛機場,,,,,,助手,,踱步,H,飛機場 踱步 (助手)
E356,02/01/2026,游水,從化,,從化,,,,,,,,游水,,
E356,02/01/2026,踱步,從化,內圈,從化 內圈,,,,,,助手,,快踱一圈,H,內圈 快踱一圈 (助手)
E356,01/01/2026,馬匹水中步行機,從化,,從化,,,,,,,,馬匹水中步行機,,
E356,01/01/2026,游水,從化,,從化,,,,,,,,游水,,
E356,01/01/2026,踱步,從化,內圈,從化 內圈,,,,,,助手,,倒快一圈,H,內圈 倒快一圈 (助手)
E356,31/12/2025,游水,從化,,從化,,,,,,,,游水,,
E356,31/12/2025,踱步,從化,內圈,從化 內圈,,,,,,助手,,快踱一圈,H,內圈 快踱一圈 (助手)
E356,30/12/2025,馬匹水中步行機,從化,,從化,,,,,,,,馬匹水中步行機,,
E356,30/12/2025,快操,從化,全天候,從化 全天候,,58.4,58.4,31.0 27.4,,助手,,快操,H,31.0 27.4 (58.4) (助手)
E356,30/12/2025,踱步,從化,飛機場,從化 飛機場,,,,,,助手,,踱步,H,飛機場 踱步 (助手)
E356,29/12/2025,游水,從化,,從化,,,,,,,,游水,,
E356,29/12/2025,踱步,從化,內圈,從化 內圈,,,,,,助手,,倒快一圈,H,內圈 倒快一圈 (助手)
E356,28/12/2025,馬匹水中步行機,從化,,從化,,,,,,,,馬匹水中步行機,,
E356,28/12/2025,游水,從化,,從化,,,,,,,,游水,,
E356,28/12/2025,踱步,從化,內圈,從化 內圈,,,,,,助手,,快踱一圈,H,內圈 快踱一圈 (助手)
E356,27/12/2025,馬匹水中步行機,從化,,從化,,,,,,,,馬匹水中步行機,,
E356,27/12/2025,游水,從化,,從化,,,,,,,,游水,,
E356,27/12/2025,踱步,從化,內圈,從化 內圈,,,,,,助手,,快踱一圈,H,內圈 快踱一圈 (助手)
E356,26/12/2025,快操,從化,全天候,從化 全天候,,58.8,58.8,32.0 26.8,,助手,,快操,H,32.0 26.8 (58.8) (助手)
E356,26/12/2025,踱步,從化,飛機場,從化 飛機場,,,,,,助手,,踱步,H,飛機場 踱步 (助手)
E356,25/12/2025,游水,從化,,從化,,,,,,,,游水,,
E356,25/12/2025,踱步,從化,內圈,從化 內圈,,,,,,助手,,倒快一圈,H,內圈 倒快一圈 (助手)
E356,24/12/2025,游水,從化,,從化,,,,,,,,游水,,
E356,24/12/2025,踱步,從化,內圈,從化 內圈,,,,,,助手,,快踱一圈,H,內圈 快踱一圈 (助手)
E356,23/12/2025,馬匹水中步行機,從化,,從化,,,,,,,,馬匹水中步行機,,
E356,23/12/2025,游水,從化,,從化,,,,,,,,游水,,
E356,23/12/2025,踱步,從化,內圈,從化 內圈,,,,,,助手,,快踱一圈,H,內圈 快踱一圈 (助手)
E356,22/12/2025,游水,從化,,從化,,,,,,,,游水,,
E356,22/12/2025,快操,從化,全天候,從化 全天候,,58.3,58.3,31.7 26.6,,助手,,快操,H,31.7 26.6 (58.3) (助手)
E356,22/12/2025,踱步,從化,飛機場,從化 飛機場,,,,,,助手,,踱步,H,飛機場 踱步 (助手)
E356,21/12/2025,馬匹水中步行機,從化,,從化,,,,,,,,馬匹水中步行機,,
E356,21/12/2025,游水,從化,,從化,,,,,,,,游水,,
E356,21/12/2025,踱步,從化,內圈,從化 內圈,,,,,,助手,,快踱一圈,H,內圈 快踱一圈 (助手)
E356,20/12/2025,游水,從化,,從化,,,,,,,,游水,,
E356,20/12/2025,踱步,從化,內圈,從化 內圈,,,,,,助手,,快踱一圈,H,內圈 快踱一圈 (助手)
E356,19/12/2025,游水,從化,,從化,,,,,,,,游水,,
E356,19/12/2025,踱步,從化,內圈,從化 內圈,,,,,,助手,,快踱一圈,H,內圈 快踱一圈 (助手)
E356,18/12/2025,游水,從化,,從化,,,,,,,,游水,,
E356,18/12/2025,踱步,從化,飛機場,從化 飛機場,,,,,,助手,,踱步,H,飛機場 踱步 (助手)
E356,16/12/2025,游水,沙田,,沙田,,,,,,,,游水,,
E356,15/12/2025,游水,沙田,,沙田,,,,,,,,游水,,
E356,14/12/2025,出賽,沙田,草地,沙田 草地,1200M,,,,,霍宏聲,7/13,出賽,,1200M (霍宏聲) (7/13)
E356,14/12/2025,踱步,沙田,內圈,沙田 內圈,,,,,,助手,,快踱一圈,H,內圈 快踱一圈 (助手)
E356,13/12/2025,游水,沙田,,沙田,,,,,,,,游水,,
E356,13/12/2025,踱步,沙田,內圈,沙田 內圈,,,,,,助手,,快踱一圈,H,內圈 快踱一圈 (助手)
E356,12/12/2025,游水,沙田,,沙田,,,,,,,,游水,,
E356,12/12/2025,踱步,沙田,內圈,沙田 內圈,,,,,,助手,,快踱一圈,H,內圈 快踱一圈 (助手)
E356,11/12/2025,快操,沙田,全天候,沙田 全天候,,57.4,57.4,31.2 26.2,,霍宏聲,,快操,H,31.2 26.2 (57.4) (霍宏聲)
E356,11/12/2025,踱步,沙田,飛機場,沙田 飛機場,,,,,,助手,,踱步,H,飛機場 踱步 (助手)
E356,10/12/2025,游水,沙田,,沙田,,,,,,,,游水,,
E356,10/12/2025,踱步,沙田,內圈,沙田 內圈,,,,,,助手,,快踱一圈,,內圈 快踱一圈 (助手)
E356,09/12/2025,游水,從化,,從化,,,,,,,,游水,,
E356,09/12/2025,踱步,從化,內圈,從化 內圈,,,,,,助手,,快踱一圈,H,內圈 快踱一圈 (助手)
E356,08/12/2025,游水,從化,,從化,,,,,,,,游水,,
E356,08/12/2025,快操,從化,草地,從化 草地,,56.4,56.4,30.3 26.1,,助手,,發財先鋒,H,30.3 26.1 (56.4) (助手) 發財先鋒
E356,08/12/2025,踱步,從化,飛機場,從化 飛機場,,,,,,助手,,踱步,H,飛機場 踱步 (助手)
E356,07/12/2025,馬匹水中步行機,從化,,從化,,,,,,,,馬匹水中步行機,,
E356,07/12/2025,游水,從化,,從化,,,,,,,,游水,,
E356,07/12/2025,踱步,從化,內圈,從化 內圈,,,,,,助手,,快踱一圈,H,內圈 快踱一圈 (助手)
E356,06/12/2025,游水,從化,,從化,,,,,,,,游水,,
E356,06/12/2025,踱步,從化,內圈,從化 內圈,,,,,,助手,,快踱一圈,H,內圈 快踱一圈 (助手)
E356,05/12/2025,游水,從化,,從化,,,,,,,,游水,,
E356,05/12/2025,快操,從化,全天候,從化 全天候,,58.1,58.1,31.7 26.4,,助手,,快操,H,31.7 26.4 (58.1) (助手)
E356,05/12/2025,踱步,從化,飛機場,從化 飛機場,,,,,,助手,,踱步,H,飛機場 踱步 (助手)
E356,04/12/2025,馬匹水中步行機,從化,,從化,,,,,,,,馬匹水中步行機,,
E356,04/12/2025,游水,從化,,從化,,,,,,,,游水,,
E356,04/12/2025,踱步,從化,內圈,從化 內圈,,,,,,助手,,倒快一圈,H,內圈 倒快一圈 (助手)
E356,03/12/2025,游水,從化,,從化,,,,,,,,游水,,
E356,03/12/2025,踱步,從化,內圈,從化 內圈,,,,,,助手,,快踱一圈,H,內圈 快踱一圈 (助手)
E356,02/12/2025,游水,從化,,從化,,,,,,,,游水,,
E356,02/12/2025,踱步,從化,內圈,從化 內圈,,,,,,助手,,快踱一圈,H,內圈 快踱一圈 (助手)
E356,01/12/2025,快操,從化,全天候,從化 全天候,,58.2,58.2,31.9 26.3,,助手,,快操,H,31.9 26.3 (58.2) (助手)
E356,01/12/2025,踱步,從化,飛機場,從化 飛機場,,,,,,助手,,踱步,H,飛機場 踱步 (助手)
E356,30/11/2025,游水,從化,,從化,,,,,,,,游水,,
E356,30/11/2025,踱步,從化,內圈,從化 內圈,,,,,,助手,,快踱一圈,H,內圈 快踱一圈 (助手)
E356,29/11/2025,馬匹水中步行機,從化,,從化,,,,,,,,馬匹水中步行機,,
E356,29/11/2025,踱步,從化,內圈,從化 內圈,,,,,,助手,,快踱一圈,H,內圈 快踱一圈 (助手)
E356,28/11/2025,游水,從化,,從化,,,,,,,,游水,,
E356,28/11/2025,踱步,從化,內圈,從化 內圈,,,,,,助手,,快踱一圈,H,內圈 快踱一圈 (助手)
E356,27/11/2025,游水,從化,,從化,,,,,,,,游水,,
E356,27/11/2025,踱步,從化,飛機場,從化 飛機場,,,,,,助手,,踱步,H,飛機場 踱步 (助手)
E356,25/11/2025,游水,沙田,,沙田,,,,,,,,游水,,
E356,24/11/2025,游水,沙田,,沙田,,,,,,,,游水,,
E356,23/11/2025,出賽,沙田,草地,沙田 草地,1200M,,,,,霍宏聲,6/10,出賽,,1200M (霍宏聲) (6/10)
E356,23/11/2025,踱步,沙田,飛機場,沙田 飛機場,,,,,,助手,,踱步,H,飛機場 踱步 (助手)
E356,22/11/2025,游水,沙田,,沙田,,,,,,,,游水,,
E356,22/11/2025,踱步,沙田,內圈,沙田 內圈,,,,,,助手,,快踱一圈,H,內圈 快踱一圈 (助手)
E356,21/11/2025,游水,沙田,,沙田,,,,,,,,游水,,
E356,21/11/2025,踱步,沙田,內圈,沙田 內圈,,,,,,助手,,快踱一圈,H,內圈 快踱一圈 (助手)
E356,20/11/2025,游水,沙田,,沙田,,,,,,,,游水,,
E356,20/11/2025,快操,沙田,全天候,沙田 全天候,,59.4,59.4,31.6 27.8,,霍宏聲,,快操,H,31.6 27.8 (59.4) (霍宏聲)
E356,20/11/2025,踱步,沙田,飛機場,沙田 飛機場,,,,,,助手,,踱步,H,飛機場 踱步 (助手)
E356,19/11/2025,游水,沙田,,沙田,,,,,,,,游水,,
E356,19/11/2025,踱步,沙田,內圈,沙田 內圈,,,,,,助手,,快踱一圈,,內圈 快踱一圈 (助手)
E356,18/11/2025,游水,從化,,從化,,,,,,,,游水,,
E356,18/11/2025,踱步,從化,內圈,從化 內圈,,,,,,助手,,快踱一圈,H,內圈 快踱一圈 (助手)
E356,17/11/2025,游水,從化,,從化,,,,,,,,游水,,
E356,17/11/2025,踱步,從化,內圈,從化 內圈,,,,,,助手,,倒快一圈,H,內圈 倒快一圈 (助手)
E356,16/11/2025,馬匹水中步行機,從化,,從化,,,,,,,,馬匹水中步行機,,
E356,16/11/2025,游水,從化,,從化,,,,,,,,游水,,
E356,16/11/2025,踱步,從化,內圈,從化 內圈,,,,,,助手,,快踱一圈,H,內圈 快踱一圈 (助手)
E356,15/11/2025,馬匹水中步行機,從化,,從化,,,,,,,,馬匹水中步行機,,
E356,15/11/2025,游水,從化,,從化,,,,,,,,游水,,
E356,15/11/2025,踱步,從化,飛機場,從化 飛機場,,,,,,助手,,踱步,H,飛機場 踱步 (助手)
E356,14/11/2025,游水,從化,,從化,,,,,,,,游水,,
E356,13/11/2025,馬匹水中步行機,從化,,從化,,,,,,,,馬匹水中步行機,,
E356,13/11/2025,試閘,從化,全天候,從化 全天候,1200M,1.10.66,70.66,24.3 22.3 24.0,天賜喜,祖利曼,,第1組,,第1組 (祖利曼) 1200M 天賜喜 24.3 22.3 24.0 (1.10.66)
E356,13/11/2025,踱步,從化,飛機場,從化 飛機場,,,,,,助手,,踱步,,飛機場 踱步 (助手)
E356,12/11/2025,游水,從化,,從化,,,,,,,,游水,,
E356,12/11/2025,踱步,從化,內圈,從化 內圈,,,,,,助手,,快踱一圈,H,內圈 快踱一圈 (助手)
E356,11/11/2025,游水,從化,,從化,,,,,,,,游水,,
E356,11/11/2025,踱步,從化,內圈,從化 內圈,,,,,,助手,,快踱一圈,H,內圈 快踱一圈 (助手)
E356,10/11/2025,游水,從化,,從化,,,,,,,,游水,,
E356,10/11/2025,快操,從化,全天候,從化 全天候,,58.7,58.7,32.0 26.7,,助手,,快操,H,32.0 26.7 (58.7) (助手)
E356,10/11/2025,踱步,從化,飛機場,從化 飛機場,,,,,,助手,,踱步,H,飛機場 踱步 (助手)
E356,09/11/2025,游水,從化,,從化,,,,,,,,游水,,
E356,09/11/2025,踱步,從化,內圈,從化 內圈,,,,,,助手,,快踱一圈,H,內圈 快踱一圈 (助手)
E356,08/11/2025,馬匹水中步行機,從化,,從化,,,,,,,,馬匹水中步行機,,
E356,08/11/2025,游水,從化,,從化,,,,,,,,游水,,
E356,08/11/2025,踱步,從化,內圈,從化 內圈,,,,,,助手,,快踱一圈,H,內圈 快踱一圈 (助手)
E356,07/11/2025,游水,從化,,從化,,,,,,,,游水,,
E356,07/11/2025,快操,從化,全天候,從化 全天候,,58.1,58.1,32.0 26.1,,助手,,快操,H,32.0 26.1 (58.1) (助手)
E356,07/11/2025,踱步,從化,飛機場,從化 飛機場,,,,,,助手,,踱步,H,飛機場 踱步 (助手)
E356,06/11/2025,馬匹水中步行機,從化,,從化,,,,,,,,馬匹水中步行機,,
E356,06/11/2025,游水,從化,,從化,,,,,,,,游水,,
E356,06/11/2025,踱步,從化,內圈,從化 內圈,,,,,,助手,,倒快一圈,H,內圈 倒快一圈 (助手)
E356,05/11/2025,游水,從化,,從化,,,,,,,,游水,,
E356,05/11/2025,踱步,從化,內圈,從化 內圈,,,,,,助手,,快踱一圈,H,內圈 快踱一圈 (助手)
E356,04/11/2025,馬匹水中步行機,從化,,從化,,,,,,,,馬匹水中步行機,,
E356,04/11/2025,游水,從化,,從化,,,,,,,,游水,,
E356,04/11/2025,踱步,從化,內圈,從化 內圈,,,,,,助手,,快踱一圈,H,內圈 快踱一圈 (助手)
E356,03/11/2025,游水,從化,,從化,,,,,,,,游水,,
E356,03/11/2025,快操,從化,全天候,從化 全天候,,58.0,58.0,31.7 26.3,,助手,,快操,H,31.7 26.3 (58.0) (助手)
E356,03/11/2025,踱步,從化,飛機場,從化 飛機場,,,,,,助手,,踱步,H,飛機場 踱步 (助手)
E356,02/11/2025,游水,從化,,從化,,,,,,,,游水,,
E356,02/11/2025,踱步,從化,內圈,從化 內圈,,,,,,助手,,快踱一圈,H,內圈 快踱一圈 (助手)
E356,01/11/2025,馬匹水中步行機,從化,,從化,,,,,,,,馬匹水中步行機,,
E356,01/11/2025,游水,從化,,從化,,,,,,,,游水,,
E356,01/11/2025,踱步,從化,內圈,從化 內圈,,,,,,助手,,快踱一圈,H,內圈 快踱一圈 (助手)
E356,31/10/2025,游水,從化,,從化,,,,,,,,游水,,
E356,31/10/2025,踱步,從化,內圈,從化 內圈,,,,,,助手,,快踱一圈,H,內圈 快踱一圈 (助手)
E356,30/10/2025,游水,從化,,從化,,,,,,,,游水,,
E356,30/10/2025,踱步,從化,飛機場,從化 飛機場,,,,,,助手,,踱步,H,飛機場 踱步 (助手)
E356,28/10/2025,游水,沙田,,沙田,,,,,,,,游水,,
E356,27/10/2025,游水,沙田,,沙田,,,,,,,,游水,,
E356,26/10/2025,出賽,沙田,草地,沙田 草地,1200M,,,,,霍宏聲,7/14,出賽,,1200M (霍宏聲) (7/14)
E356,26/10/2025,踱步,沙田,內圈,沙田 內圈,,,,,,助手,,快踱一圈,H,內圈 快踱一圈 (助手)
E356,25/10/2025,游水,沙田,,沙田,,,,,,,,游水,,
E356,25/10/2025,踱步,沙田,內圈,沙田 內圈,,,,,,助手,,快踱一圈,H,內圈 快踱一圈 (助手)
E356,24/10/2025,游水,沙田,,沙田,,,,,,,,游水,,
E356,24/10/2025,踱步,沙田,內圈,沙田 內圈,,,,,,助手,,快踱一圈,H,內圈 快踱一圈 (助手)
E356,23/10/2025,快操,沙田,全天候,沙田 全天候,,57.1,57.1,30.8 26.3,,霍宏聲,,快操,H,30.8 26.3 (57.1) (霍宏聲)
E356,23/10/2025,踱步,沙田,飛機場,沙田 飛機場,,,,,,助手,,踱步,H,飛機場 踱步 (助手)
E356,22/10/2025,游水,沙田,,沙田,,,,,,,,游水,,
E356,22/10/2025,踱步,沙田,內圈,沙田 內圈,,,,,,助手,,快踱一圈,,內圈 快踱一圈 (助手)
E356,21/10/2025,游水,從化,,從化,,,,,,,,游水,,
E356,21/10/2025,踱步,從化,內圈,從化 內圈,,,,,,助手,,快踱一圈,H,內圈 快踱一圈 (助手)
E356,20/10/2025,游水,從化,,從化,,,,,,,,游水,,
E356,20/10/2025,快操,從化,全天候,從化 全天候,,58.4,58.4,31.0 27.4,,助手,,快操,H,31.0 27.4 (58.4) (助手)
E356,20/10/2025,踱步,從化,飛機場,從化 飛機場,,,,,,助手,,踱步,H,飛機場 踱步 (助手)
E356,19/10/2025,游水,從化,,從化,,,,,,,,游水,,
E356,19/10/2025,踱步,從化,內圈,從化 內圈,,,,,,助手,,快踱一圈,H,內圈 快踱一圈 (助手)
E356,18/10/2025,游水,從化,,從化,,,,,,,,游水,,
E356,18/10/2025,踱步,從化,內圈,從化 內圈,,,,,,助手,,快踱一圈,H,內圈 快踱一圈 (助手)
E356,17/10/2025,游水,從化,,從化,,,,,,,,游水,,
E356,17/10/2025,踱步,從化,內圈,從化 內圈,,,,,,助手,,快踱一圈,H,內圈 快踱一圈 (助手)
E356,16/10/2025,馬匹水中步行機,從化,,從化,,,,,,,,馬匹水中步行機,,
E356,16/10/2025,游水,從化,,從化,,,,,,,,游水,,
E356,16/10/2025,踱步,從化,內圈,從化 內圈,,,,,,助手,,倒快一圈,H,內圈 倒快一圈 (助手)
E356,15/10/2025,游水,從化,,從化,,,,,,,,游水,,
E356,15/10/2025,踱步,從化,飛機場,從化 飛機場,,,,,,助手,,踱步,H,飛機場 踱步 (助手)
E356,14/10/2025,游水,從化,,從化,,,,,,,,游水,,
E356,13/10/2025,馬匹水中步行機,從化,,從化,,,,,,,,馬匹水中步行機,,
E356,13/10/2025,試閘,從化,草地,從化 草地,1200M,1.10.37,70.37,24.5 22.4 23.4,氣勢,祖利曼,,第7組,,第7組 (祖利曼) 1200M 氣勢 24.5 22.4 23.4 (1.10.37)
E356,13/10/2025,踱步,從化,飛機場,從化 飛機場,,,,,,助手,,踱步,,飛機場 踱步 (助手)
E356,12/10/2025,游水,從化,,從化,,,,,,,,游水,,
E356,12/10/2025,踱步,從化,內圈,從化 內圈,,,,,,助手,,快踱一圈,H,內圈 快踱一圈 (助手)
E356,11/10/2025,馬匹水中步行機,從化,,從化,,,,,,,,馬匹水中步行機,,
E356,11/10/2025,游水,從化,,從化,,,,,,,,游水,,
E356,11/10/2025,踱步,從化,內圈,從化 內圈,,,,,,助手,,快踱一圈,H,內圈 快踱一圈 (助手)
E356,10/10/2025,游水,從化,,從化,,,,,,,,游水,,
E356,10/10/2025,踱步,從化,內圈,從化 內圈,,,,,,助手,,快踱一圈,H,內圈 快踱一圈 (助手)
E356,09/10/2025,馬匹水中步行機,從化,,從化,,,,,,,,馬匹水中步行機,,
E356,09/10/2025,游水,從化,,從化,,,,,,,,游水,,
E356,09/10/2025,快操,從化,全天候,從化 全天候,,57.7,57.7,31.6 26.1,,助手,,快操,H,31.6 26.1 (57.7) (助手)
E356,09/10/2025,踱步,從化,飛機場,從化 飛機場,,,,,,助手,,踱步,H,飛機場 踱步 (助手)
E356,08/10/2025,游水,從化,,從化,,,,,,,,游水,,
E356,08/10/2025,踱步,從化,內圈,從化 內圈,,,,,,助手,,快踱一圈,H,內圈 快踱一圈 (助手)
E356,07/10/2025,馬匹水中步行機,從化,,從化,,,,,,,,馬匹水中步行機,,
E356,07/10/2025,游水,從化,,從化,,,,,,,,游水,,
E356,07/10/2025,踱步,從化,內圈,從化 內圈,,,,,,助手,,快踱一圈,H,內圈 快踱一圈 (助手)
E356,06/10/2025,游水,從化,,從化,,,,,,,,游水,,
E356,06/10/2025,踱步,從化,內圈,從化 內圈,,,,,,助手,,倒快一圈,H,內圈 倒快一圈 (助手)
E356,05/10/2025,快操,從化,全天候,從化 全天候,,57.9,57.9,31.7 26.2,,助手,,快操,H,31.7 26.2 (57.9) (助手)
E356,05/10/2025,踱步,從化,飛機場,從化 飛機場,,,,,,助手,,踱步,H,飛機場 踱步 (助手)
E356,04/10/2025,游水,從化,,從化,,,,,,,,游水,,
E356,04/10/2025,踱步,從化,內圈,從化 內圈,,,,,,助手,,快踱一圈,H,內圈 快踱一圈 (助手)
E356,03/10/2025,游水,從化,,從化,,,,,,,,游水,,
E356,03/10/2025,踱步,從化,內圈,從化 內圈,,,,,,助手,,快踱一圈,H,內圈 快踱一圈 (助手)
E356,02/10/2025,游水,從化,,從化,,,,,,,,游水,,
E356,02/10/2025,踱步,從化,內圈,從化 內圈,,,,,,助手,,倒快一圈,H,內圈 倒快一圈 (助手)
E356,01/10/2025,游水,從化,,從化,,,,,,,,游水,,
E356,01/10/2025,快操,從化,全天候,從化 全天候,,58.2,58.2,31.5 26.7,,助手,,快操,H,31.5 26.7 (58.2) (助手)
E356,01/10/2025,踱步,從化,飛機場,從化 飛機場,,,,,,助手,,踱步,H,飛機場 踱步 (助手)
E356,30/09/2025,游水,從化,,從化,,,,,,,,游水,,
E356,30/09/2025,踱步,從化,內圈,從化 內圈,,,,,,助手,,快踱一圈,H,內圈 快踱一圈 (助手)
E356,29/09/2025,游水,從化,,從化,,,,,,,,游水,,
E356,29/09/2025,踱步,從化,內圈,從化 內圈,,,,,,助手,,倒快一圈,H,內圈 倒快一圈 (助手)
E356,28/09/2025,游水,從化,,從化,,,,,,,,游水,,
E356,28/09/2025,踱步,從化,內圈,從化 內圈,,,,,,助手,,快踱一圈,H,內圈 快踱一圈 (助手)
E356,27/09/2025,游水,從化,,從化,,,,,,,,游水,,
E356,27/09/2025,快操,從化,全天候,從化 全天候,,57.5,57.5,31.5 26.0,,助手,,快操,H,31.5 26.0 (57.5) (助手)
E356,27/09/2025,踱步,從化,飛機場,從化 飛機場,,,,,,助手,,踱步,H,飛機場 踱步 (助手)
E356,26/09/2025,游水,從化,,從化,,,,,,,,游水,,
E356,26/09/2025,踱步,從化,內圈,從化 內圈,,,,,,助手,,快踱一圈,H,內圈 快踱一圈 (助手)
E356,25/09/2025,游水,從化,,從化,,,,,,,,游水,,
E356,25/09/2025,踱步,從化,內圈,從化 內圈,,,,,,助手,,倒快一圈,H,內圈 倒快一圈 (助手)
E356,23/09/2025,游水,從化,,從化,,,,,,,,游水,,
E356,23/09/2025,快操,從化,全天候,從化 全天候,,55.4,55.4,31.2 24.2,,助手,,快操,H,31.2 24.2 (55.4) (助手)
E356,23/09/2025,踱步,從化,飛機場,從化 飛機場,,,,,,助手,,踱步,H,飛機場 踱步 (助手)
E356,22/09/2025,游水,從化,,從化,,,,,,,,游水,,
E356,22/09/2025,踱步,從化,內圈,從化 內圈,,,,,,助手,,倒快一圈,H,內圈 倒快一圈 (助手)
E356,21/09/2025,游水,從化,,從化,,,,,,,,游水,,
E356,21/09/2025,踱步,從化,內圈,從化 內圈,,,,,,助手,,快踱一圈,H,內圈 快踱一圈 (助手)
E356,20/09/2025,游水,從化,,從化,,,,,,,,游水,,
E356,20/09/2025,踱步,從化,內圈,從化 內圈,,,,,,助手,,快踱一圈,H,內圈 快踱一圈 (助手)
E356,19/09/2025,游水,從化,,從化,,,,,,,,游水,,
E356,19/09/2025,快操,從化,全天候,從化 全天候,,58.0,58.0,32.0 26.0,,助手,,快操,H,32.0 26.0 (58.0) (助手)
E356,19/09/2025,踱步,從化,飛機場,從化 飛機場,,,,,,助手,,踱步,H,飛機場 踱步 (助手)
E356,18/09/2025,游水,從化,,從化,,,,,,,,游水,,
E356,18/09/2025,踱步,從化,內圈,從化 內圈,,,,,,助手,,倒快一圈,H,內圈 倒快一圈 (助手)
E356,17/09/2025,游水,從化,,從化,,,,,,,,游水,,
E356,17/09/2025,踱步,從化,內圈,從化 內圈,,,,,,助手,,快踱一圈,H,內圈 快踱一圈 (助手)
E356,16/09/2025,游水,從化,,從化,,,,,,,,游水,,
E356,16/09/2025,踱步,從化,內圈,從化 內圈,,,,,,助手,,快踱一圈,H,內圈 快踱一圈 (助手)
E356,15/09/2025,游水,從化,,從化,,,,,,,,游水,,
E356,15/09/2025,快操,從化,全天候,從化 全天候,,57.7,57.7,30.9 26.8,,助手,,快操,H,30.9 26.8 (57.7) (助手)
E356,15/09/2025,踱步,從化,飛機場,從化 飛機場,,,,,,助手,,踱步,H,飛機場 踱步 (助手)
E356,14/09/2025,游水,從化,,從化,,,,,,,,游水,,
E356,14/09/2025,踱步,從化,內圈,從化 內圈,,,,,,助手,,快踱一圈,H,內圈 快踱一圈 (助手)
E356,13/09/2025,游水,從化,,從化,,,,,,,,游水,,
E356,13/09/2025,踱步,從化,內圈,從化 內圈,,,,,,助手,,快踱一圈,H,內圈 快踱一圈 (助手)
E356,12/09/2025,游水,從化,,從化,,,,,,,,游水,,
E356,12/09/2025,踱步,從化,內圈,從化 內圈,,,,,,助手,,快踱一圈,H,內圈 快踱一圈 (助手)
E356,11/09/2025,游水,從化,,從化,,,,,,,,游水,,
E356,11/09/2025,踱步,從化,飛機場,從化 飛機場,,,,,,助手,,踱步,H,飛機場 踱步 (助手)
E356,09/09/2025,游水,沙田,,沙田,,,,,,,,游水,,
E356,07/09/2025,出賽,沙田,草地,沙田 草地,1200M,,,,,艾兆禮,9/12,出賽,,1200M (艾兆禮) (9/12)
E356,07/09/2025,踱步,沙田,內圈,沙田 內圈,,,,,,助手,,快踱一圈,H,內圈 快踱一圈 (助手)
E356,06/09/2025,游水,沙田,,沙田,,,,,,,,游水,,
E356,06/09/2025,踱步,沙田,內圈,沙田 內圈,,,,,,助手,,快踱一圈,H,內圈 快踱一圈 (助手)
E356,05/09/2025,游水,沙田,,沙田,,,,,,,,游水,,
E356,05/09/2025,踱步,沙田,內圈,沙田 內圈,,,,,,副練馬師,,快踱一圈,H,內圈 快踱一圈 (副練馬師)
E356,04/09/2025,游水,沙田,,沙田,,,,,,,,游水,,
E356,04/09/2025,快操,沙田,全天候,沙田 全天候,,58.4,58.4,32.0 26.4,,副練馬師,,快操,H,32.0 26.4 (58.4) (副練馬師)
E356,04/09/2025,踱步,沙田,飛機場,沙田 飛機場,,,,,,副練馬師,,踱步,H,飛機場 踱步 (副練馬師)
E356,03/09/2025,游水,沙田,,沙田,,,,,,,,游水,,
E356,03/09/2025,踱步,沙田,內圈,沙田 內圈,,,,,,助手,,快踱一圈,H,內圈 快踱一圈 (助手)
E356,02/09/2025,游水,從化,,從化,,,,,,,,游水,,
E356,02/09/2025,踱步,從化,內圈,從化 內圈,,,,,,助手,,快踱一圈,H,內圈 快踱一圈 (助手)
E356,01/09/2025,游水,從化,,從化,,,,,,,,游水,,
E356,01/09/2025,快操,從化,全天候,從化 全天候,,58.3,58.3,31.9 26.4,,助手,,快操,H,31.9 26.4 (58.3) (助手)
E356,01/09/2025,踱步,從化,飛機場,從化 飛機場,,,,,,助手,,踱步,H,飛機場 踱步 (助手)
E356,31/08/2025,游水,從化,,從化,,,,,,,,游水,,
E356,31/08/2025,踱步,從化,內圈,從化 內圈,,,,,,助手,,快踱一圈,H,內圈 快踱一圈 (助手)
E356,30/08/2025,游水,從化,,從化,,,,,,,,游水,,
E356,30/08/2025,踱步,從化,內圈,從化 內圈,,,,,,助手,,快踱一圈,H,內圈 快踱一圈 (助手)
E356,29/08/2025,游水,從化,,從化,,,,,,,,游水,,
E356,29/08/2025,踱步,從化,內圈,從化 內圈,,,,,,助手,,快踱一圈,H,內圈 快踱一圈 (助手)
E356,28/08/2025,游水,從化,,從化,,,,,,,,游水,,
E356,28/08/2025,踱步,從化,內圈,從化 內圈,,,,,,助手,,倒快一圈,H,內圈 倒快一圈 (助手)
E356,27/08/2025,游水,從化,,從化,,,,,,,,游水,,
E356,27/08/2025,踱步,從化,飛機場,從化 飛機場,,,,,,助手,,踱步,H,飛機場 踱步 (助手)
E356,26/08/2025,游水,從化,,從化,,,,,,,,游水,,
E356,25/08/2025,試閘,從化,草地,從化 草地,1200M,1.09.38,69.38,24.2 22.1 23.0,和平波,祖利曼,,第6組,,第6組 (祖利曼) 1200M 和平波 24.2 22.1 23.0 (1.09.38)
E356,25/08/2025,踱步,從化,飛機場,從化 飛機場,,,,,,助手,,踱步,,飛機場 踱步 (助手)
E356,24/08/2025,游水,從化,,從化,,,,,,,,游水,,
E356,24/08/2025,踱步,從化,內圈,從化 內圈,,,,,,助手,,快踱一圈,H,內圈 快踱一圈 (助手)
E356,23/08/2025,游水,從化,,從化,,,,,,,,游水,,
E356,23/08/2025,踱步,從化,內圈,從化 內圈,,,,,,助手,,快踱一圈,H,內圈 快踱一圈 (助手)
E356,22/08/2025,快操,從化,全天候,從化 全天候,,57.9,57.9,31.9 26.0,,助手,,快操,H,31.9 26.0 (57.9) (助手)
E356,22/08/2025,踱步,從化,飛機場,從化 飛機場,,,,,,助手,,踱步,H,飛機場 踱步 (助手)
E356,21/08/2025,游水,從化,,從化,,,,,,,,游水,,
E356,21/08/2025,踱步,從化,內圈,從化 內圈,,,,,,助手,,倒快一圈,H,內圈 倒快一圈 (助手)
E356,20/08/2025,游水,從化,,從化,,,,,,,,游水,,
E356,20/08/2025,踱步,從化,內圈,從化 內圈,,,,,,助手,,快踱一圈,H,內圈 快踱一圈 (助手)
E356,19/08/2025,游水,從化,,從化,,,,,,,,游水,,
E356,19/08/2025,快操,從化,全天候,從化 全天候,,55.5,55.5,30.5 25.0,,助手,,快操,H,30.5 25.0 (55.5) (助手)
E356,19/08/2025,踱步,從化,飛機場,從化 飛機場,,,,,,助手,,踱步,H,飛機場 踱步 (助手)
E356,18/08/2025,游水,從化,,從化,,,,,,,,游水,,
E356,18/08/2025,踱步,從化,內圈,從化 內圈,,,,,,助手,,倒快一圈,H,內圈 倒快一圈 (助手)
E356,17/08/2025,游水,從化,,從化,,,,,,,,游水,,
E356,17/08/2025,踱步,從化,內圈,從化 內圈,,,,,,助手,,快踱一圈,H,內圈 快踱一圈 (助手)
E356,16/08/2025,游水,從化,,從化,,,,,,,,游水,,
E356,16/08/2025,踱步,從化,內圈,從化 內圈,,,,,,助手,,快踱一圈,H,內圈 快踱一圈 (助手)
E356,15/08/2025,游水,從化,,從化,,,,,,,,游水,,
E356,15/08/2025,快操,從化,全天候,從化 全天候,,59.9,59.9,32.2 27.7,,助手,,快操,H,32.2 27.7 (59.9) (助手)
E356,15/08/2025,踱步,從化,飛機場,從化 飛機場,,,,,,助手,,踱步,H,飛機場 踱步 (助手)
E356,14/08/2025,游水,從化,,從化,,,,,,,,游水,,
E356,14/08/2025,踱步,從化,內圈,從化 內圈,,,,,,助手,,倒快一圈,H,內圈 倒快一圈 (助手)
E356,13/08/2025,踱步,從化,內圈,從化 內圈,,,,,,助手,,快踱一圈,H,內圈 快踱一圈 (助手)
E356,12/08/2025,踱步,從化,內圈,從化 內圈,,,,,,助手,,快踱一圈,H,內圈 快踱一圈 (助手)
E356,11/08/2025,快操,從化,全天候,從化 全天候,,59.9,59.9,32.0 27.9,,助手,,快操,H,32.0 27.9 (59.9) (助手)
E356,11/08/2025,踱步,從化,飛機場,從化 飛機場,,,,,,助手,,踱步,H,飛機場 踱步 (助手)
E356,10/08/2025,踱步,從化,內圈,從化 內圈,,,,,,助手,,快踱一圈,H,內圈 快踱一圈 (助手)
E356,09/08/2025,踱步,從化,內圈,從化 內圈,,,,,,助手,,快踱一圈,H,內圈 快踱一圈 (助手)
E356,08/08/2025,踱步,從化,內圈,從化 內圈,,,,,,助手,,快踱一圈,H,內圈 快踱一圈 (助手)
E356,07/08/2025,快操,從化,全天候,從化 全天候,,30.5,30.5,30.5,,助手,,快操,H,30.5 (30.5) (助手)
E356,07/08/2025,踱步,從化,飛機場,從化 飛機場,,,,,,助手,,踱步,H,飛機場 踱步 (助手)
E356,06/08/2025,踱步,從化,內圈,從化 內圈,,,,,,助手,,快踱一圈,H,內圈 快踱一圈 (助手)
E356,05/08/2025,踱步,從化,內圈,從化 內圈,,,,,,助手,,快踱一圈,H,內圈 快踱一圈 (助手)
E356,04/08/2025,游水,從化,,從化,,,,,,,,游水,,
E356,04/08/2025,踱步,從化,內圈,從化 內圈,,,,,,助手,,倒快一圈,H,內圈 倒快一圈 (助手)
E356,03/08/2025,游水,從化,,從化,,,,,,,,游水,,
E356,03/08/2025,踱步,從化,內圈,從化 內圈,,,,,,助手,,快踱一圈,H,內圈 快踱一圈 (助手)
E356,02/08/2025,快操,從化,全天候,從化 全天候,,30.6,30.6,30.6,,助手,,快操,H,30.6 (30.6) (助手)
E356,02/08/2025,踱步,從化,飛機場,從化 飛機場,,,,,,助手,,踱步,H,飛機場 踱步 (助手)
E356,01/08/2025,游水,從化,,從化,,,,,,,,游水,,
E356,01/08/2025,踱步,從化,內圈,從化 內圈,,,,,,助手,,快踱一圈,H,內圈 快踱一圈 (助手)
E356,31/07/2025,踱步,從化,內圈,從化 內圈,,,,,,助手,,快踱一圈,H,內圈 快踱一圈 (助手)
E356,30/07/2025,踱步,從化,內圈,從化 內圈,,,,,,助手,,快踱一圈,H,內圈 快踱一圈 (助手)
E356,29/07/2025,踱步,從化,內圈,從化 內圈,,,,,,助手,,快踱一圈,H,內圈 快踱一圈 (助手)
E356,28/07/2025,踱步,從化,內圈,從化 內圈,,,,,,助手,,快踱一圈,H,內圈 快踱一圈 (助手)
E356,27/07/2025,踱步,從化,飛機場,從化 飛機場,,,,,,助手,,踱步,H,飛機場 踱步 (助手)
E356,26/07/2025,踱步,從化,飛機場,從化 飛機場,,,,,,助手,,踱步,H,飛機場 踱步 (助手)
E356,25/07/2025,踱步,從化,飛機場,從化 飛機場,,,,,,助手,,踱步,H,飛機場 踱步 (助手)
E356,24/07/2025,踱步,從化,飛機場,從化 飛機場,,,,,,助手,,踱步,H,飛機場 踱步 (助手)
E356,23/07/2025,踱步,從化,飛機場,從化 飛機場,,,,,,助手,,踱步,H,飛機場 踱步 (助手)
E356,22/07/2025,踱步,從化,飛機場,從化 飛機場,,,,,,助手,,踱步,H,飛機場 踱步 (助手)
E356,21/07/2025,踱步,從化,飛機場,從化 飛機場,,,,,,助手,,踱步,H,飛機場 踱步 (助手)
E356,31/05/2025,出賽,沙田,草地,沙田 草地,1200M,,,,,霍宏聲,8/11,出賽,,1200M (霍宏聲) (8/11)
E356,31/05/2025,踱步,沙田,內圈,沙田 內圈,,,,,,助手,,快踱一圈,H,內圈 快踱一圈 (助手)
E356,30/05/2025,游水,沙田,,沙田,,,,,,,,游水,,
E356,30/05/2025,踱步,沙田,內圈,沙田 內圈,,,,,,副練馬師,,快踱一圈,H,內圈 快踱一圈 (副練馬師)
E356,29/05/2025,游水,沙田,,沙田,,,,,,,,游水,,
E356,28/05/2025,游水,沙田,,沙田,,,,,,,,游水,,
E356,28/05/2025,踱步,沙田,內圈,沙田 內圈,,,,,,助手,,快踱一圈,H,內圈 快踱一圈 (助手)
E356,27/05/2025,游水,沙田,,沙田,,,,,,,,游水,,
E356,27/05/2025,快操,沙田,全天候,沙田 全天候,,57.7,57.7,31.7 26.0,,副練馬師,,快操,H,31.7 26.0 (57.7) (副練馬師)
E356,27/05/2025,踱步,沙田,飛機場,沙田 飛機場,,,,,,副練馬師,,踱步,H,飛機場 踱步 (副練馬師)
E356,26/05/2025,游水,沙田,,沙田,,,,,,,,游水,,
E356,25/05/2025,游水,沙田,,沙田,,,,,,,,游水,,
E356,25/05/2025,踱步,沙田,內圈,沙田 內圈,,,,,,助手,,快踱一圈,H,內圈 快踱一圈 (助手)
E356,24/05/2025,游水,沙田,,沙田,,,,,,,,游水,,
E356,24/05/2025,踱步,沙田,內圈,沙田 內圈,,,,,,助手,,快踱一圈,H,內圈 快踱一圈 (助手)
E356,23/05/2025,游水,沙田,,沙田,,,,,,,,游水,,
E356,23/05/2025,踱步,沙田,內圈,沙田 內圈,,,,,,助手,,快踱一圈,H,內圈 快踱一圈 (助手)
E356,22/05/2025,游水,沙田,,沙田,,,,,,,,游水,,
E356,21/05/2025,游水,沙田,,沙田,,,,,,,,游水,,
E356,20/05/2025,試閘,沙田,全天候,沙田 全天候,1200M,1.09.49,69.49,24.5 22.0 22.9,魔術控制,霍宏聲,,第1組,,第1組 (霍宏聲) 1200M 魔術控制 24.5 22.0 22.9 (1.09.49)
E356,20/05/2025,游水,沙田,,沙田,,,,,,,,游水,,
E356,19/05/2025,游水,沙田,,沙田,,,,,,,,游水,,
E356,19/05/2025,踱步,沙田,內圈,沙田 內圈,,,,,,助手,,倒快一圈,H,內圈 倒快一圈 (助手)
E356,18/05/2025,游水,沙田,,沙田,,,,,,,,游水,,
E356,18/05/2025,踱步,沙田,內圈,沙田 內圈,,,,,,助手,,快踱一圈,H,內圈 快踱一圈 (助手)
E356,17/05/2025,快操,從化,全天候,從化 全天候,,58.2,58.2,31.9 26.3,,助手,,快操,H,31.9 26.3 (58.2) (助手)
E356,17/05/2025,踱步,從化,飛機場,從化 飛機場,,,,,,助手,,踱步,H,飛機場 踱步 (助手)
E356,16/05/2025,游水,從化,,從化,,,,,,,,游水,,
E356,16/05/2025,踱步,從化,內圈,從化 內圈,,,,,,助手,,快踱一圈,H,內圈 快踱一圈 (助手)
E356,15/05/2025,游水,從化,,從化,,,,,,,,游水,,
E356,15/05/2025,踱步,從化,內圈,從化 內圈,,,,,,助手,,倒快一圈,H,內圈 倒快一圈 (助手)
E356,14/05/2025,游水,從化,,從化,,,,,,,,游水,,
E356,14/05/2025,快操,從化,全天候,從化 全天候,,58.4,58.4,32.8 25.6,,助手,,快操,H,32.8 25.6 (58.4) (助手)
E356,14/05/2025,踱步,從化,飛機場,從化 飛機場,,,,,,助手,,踱步,H,飛機場 踱步 (助手)
E356,13/05/2025,踱步,從化,內圈,從化 內圈,,,,,,助手,,快踱一圈,H,內圈 快踱一圈 (助手)
E356,12/05/2025,踱步,從化,內圈,從化 內圈,,,,,,助手,,倒快一圈,H,內圈 倒快一圈 (助手)
E356,11/05/2025,游水,從化,,從化,,,,,,,,游水,,
E356,11/05/2025,踱步,從化,內圈,從化 內圈,,,,,,助手,,快踱一圈,H,內圈 快踱一圈 (助手)
E356,10/05/2025,游水,從化,,從化,,,,,,,,游水,,
E356,10/05/2025,快操,從化,全天候,從化 全天候,,58.2,58.2,31.9 26.3,,助手,,快操,H,31.9 26.3 (58.2) (助手)
E356,10/05/2025,踱步,從化,飛機場,從化 飛機場,,,,,,助手,,踱步,H,飛機場 踱步 (助手)
E356,09/05/2025,游水,從化,,從化,,,,,,,,游水,,
E356,09/05/2025,踱步,從化,內圈,從化 內圈,,,,,,助手,,快踱一圈,H,內圈 快踱一圈 (助手)
E356,08/05/2025,游水,從化,,從化,,,,,,,,游水,,
E356,08/05/2025,踱步,從化,內圈,從化 內圈,,,,,,助手,,倒快一圈,H,內圈 倒快一圈 (助手)
E356,07/05/2025,游水,從化,,從化,,,,,,,,游水,,
E356,07/05/2025,踱步,從化,內圈,從化 內圈,,,,,,助手,,快踱一圈,H,內圈 快踱一圈 (助手)
E356,06/05/2025,快操,從化,全天候,從化 全天候,,57.9,57.9,32.1 25.8,,助手,,快操,H,32.1 25.8 (57.9) (助手)
E356,06/05/2025,踱步,從化,飛機場,從化 飛機場,,,,,,助手,,踱步,H,飛機場 踱步 (助手)
E356,05/05/2025,游水,從化,,從化,,,,,,,,游水,,
E356,05/05/2025,踱步,從化,內圈,從化 內圈,,,,,,助手,,倒快一圈,H,內圈 倒快一圈 (助手)
E356,04/05/2025,游水,從化,,從化,,,,,,,,游水,,
E356,04/05/2025,踱步,從化,內圈,從化 內圈,,,,,,助手,,快踱一圈,H,內圈 快踱一圈 (助手)
E356,03/05/2025,游水,從化,,從化,,,,,,,,游水,,
E356,03/05/2025,踱步,從化,內圈,從化 內圈,,,,,,助手,,快踱一圈,H,內圈 快踱一圈 (助手)
E356,02/05/2025,游水,從化,,從化,,,,,,,,游水,,
E356,02/05/2025,踱步,從化,內圈,從化 內圈,,,,,,助手,,快踱一圈,H,內圈 快踱一圈 (助手)
E356,01/05/2025,游水,從化,,從化,,,,,,,,游水,,
E356,01/05/2025,踱步,從化,飛機場,從化 飛機場,,,,,,助手,,踱步,H,飛機場 踱步 (助手)
E356,30/04/2025,游水,從化,,從化,,,,,,,,游水,,
E356,28/04/2025,游水,沙田,,沙田,,,,,,,,游水,,
E356,27/04/2025,出賽,沙田,草地,沙田 草地,1200M,,,,,霍宏聲,11/13,出賽,,1200M (霍宏聲) (11/13)
E356,27/04/2025,踱步,沙田,內圈,沙田 內圈,,,,,,助手,,快踱一圈,H,內圈 快踱一圈 (助手)
E356,26/04/2025,游水,沙田,,沙田,,,,,,,,游水,,
E356,26/04/2025,踱步,沙田,內圈,沙田 內圈,,,,,,副練馬師,,快踱一圈,H,內圈 快踱一圈 (副練馬師)
E356,25/04/2025,游水,沙田,,沙田,,,,,,,,游水,,
E356,25/04/2025,踱步,沙田,內圈,沙田 內圈,,,,,,副練馬師,,快踱一圈,H,內圈 快踱一圈 (副練馬師)
E356,24/04/2025,快操,沙田,全天候,沙田 全天候,,57.2,57.2,31.7 25.5,,霍宏聲,,快操,H,31.7 25.5 (57.2) (霍宏聲)
E356,24/04/2025,踱步,沙田,飛機場,沙田 飛機場,,,,,,副練馬師,,踱步,H,飛機場 踱步 (副練馬師)
E356,23/04/2025,游水,沙田,,沙田,,,,,,,,游水,,
E356,23/04/2025,踱步,沙田,內圈,沙田 內圈,,,,,,助手,,快踱一圈,H,內圈 快踱一圈 (助手)
E356,22/04/2025,踱步,從化,內圈,從化 內圈,,,,,,助手,,快踱一圈,H,內圈 快踱一圈 (助手)
E356,21/04/2025,快操,從化,草地,從化 草地,,57.1,57.1,31.8 25.3,,助手,,快操,H,31.8 25.3 (57.1) (助手)
E356,21/04/2025,踱步,從化,飛機場,從化 飛機場,,,,,,助手,,踱步,H,飛機場 踱步 (助手)
E356,20/04/2025,踱步,從化,內圈,從化 內圈,,,,,,助手,,快踱一圈,H,內圈 快踱一圈 (助手)
E356,19/04/2025,踱步,從化,內圈,從化 內圈,,,,,,助手,,快踱一圈,H,內圈 快踱一圈 (助手)
E356,18/04/2025,快操,從化,全天候,從化 全天候,,57.6,57.6,32.1 25.5,,助手,,快操,H,32.1 25.5 (57.6) (助手)
E356,18/04/2025,踱步,從化,飛機場,從化 飛機場,,,,,,助手,,踱步,H,飛機場 踱步 (助手)
E356,17/04/2025,游水,從化,,從化,,,,,,,,游水,,
E356,17/04/2025,踱步,從化,內圈,從化 內圈,,,,,,助手,,倒快一圈,H,內圈 倒快一圈 (助手)
E356,16/04/2025,游水,從化,,從化,,,,,,,,游水,,
E356,16/04/2025,踱步,從化,內圈,從化 內圈,,,,,,助手,,快踱一圈,H,內圈 快踱一圈 (助手)
E356,15/04/2025,游水,從化,,從化,,,,,,,,游水,,
E356,15/04/2025,快操,從化,全天候,從化 全天候,,57.5,57.5,31.6 25.9,,助手,,快操,H,31.6 25.9 (57.5) (助手)
E356,15/04/2025,踱步,從化,飛機場,從化 飛機場,,,,,,助手,,踱步,H,飛機場 踱步 (助手)
E356,14/04/2025,游水,從化,,從化,,,,,,,,游水,,
E356,14/04/2025,踱步,從化,內圈,從化 內圈,,,,,,助手,,倒快一圈,H,內圈 倒快一圈 (助手)
E356,13/04/2025,游水,從化,,從化,,,,,,,,游水,,
E356,13/04/2025,踱步,從化,內圈,從化 內圈,,,,,,助手,,快踱一圈,H,內圈 快踱一圈 (助手)
E356,12/04/2025,游水,從化,,從化,,,,,,,,游水,,
E356,12/04/2025,快操,從化,全天候,從化 全天候,,59.5,59.5,31.7 27.8,,助手,,快操,H,31.7 27.8 (59.5) (助手)
E356,12/04/2025,踱步,從化,飛機場,從化 飛機場,,,,,,助手,,踱步,H,飛機場 踱步 (助手)
E356,11/04/2025,游水,從化,,從化,,,,,,,,游水,,
E356,11/04/2025,踱步,從化,內圈,從化 內圈,,,,,,助手,,快踱一圈,H,內圈 快踱一圈 (助手)
E356,10/04/2025,游水,從化,,從化,,,,,,,,游水,,
E356,10/04/2025,踱步,從化,內圈,從化 內圈,,,,,,助手,,倒快一圈,H,內圈 倒快一圈 (助手)
E356,09/04/2025,游水,從化,,從化,,,,,,,,游水,,
E356,09/04/2025,踱步,從化,內圈,從化 內圈,,,,,,助手,,快踱一圈,H,內圈 快踱一圈 (助手)
E356,08/04/2025,游水,從化,,從化,,,,,,,,游水,,
E356,08/04/2025,快操,從化,全天候,從化 全天候,,58.8,58.8,31.8 27.0,,助手,,快操,H,31.8 27.0 (58.8) (助手)
E356,08/04/2025,踱步,從化,飛機場,從化 飛機場,,,,,,助手,,踱步,H,飛機場 踱步 (助手)
E356,07/04/2025,游水,從化,,從化,,,,,,,,游水,,
E356,07/04/2025,踱步,從化,內圈,從化 內圈,,,,,,助手,,倒快一圈,H,內圈 倒快一圈 (助手)
E356,06/04/2025,游水,從化,,從化,,,,,,,,游水,,
E356,06/04/2025,踱步,從化,內圈,從化 內圈,,,,,,助手,,快踱一圈,H,內圈 快踱一圈 (助手)
E356,05/04/2025,游水,從化,,從化,,,,,,,,游水,,
E356,05/04/2025,踱步,從化,內圈,從化 內圈,,,,,,助手,,快踱一圈,H,內圈 快踱一圈 (助手)
E356,04/04/2025,游水,從化,,從化,,,,,,,,游水,,
E356,04/04/2025,踱步,從化,內圈,從化 內圈,,,,,,助手,,快踱一圈,H,內圈 快踱一圈 (助手)
E356,03/04/2025,游水,從化,,從化,,,,,,,,游水,,
E356,03/04/2025,踱步,從化,飛機場,從化 飛機場,,,,,,助手,,踱步,,飛機場 踱步 (助手)
E356,01/04/2025,游水,沙田,,沙田,,,,,,,,游水,,
E356,31/03/2025,游水,沙田,,沙田,,,,,,,,游水,,
E356,30/03/2025,出賽,沙田,草地,沙田 草地,1200M,,,,,霍宏聲,3/7,出賽,,1200M (霍宏聲) (3/7)
E356,30/03/2025,踱步,沙田,內圈,沙田 內圈,,,,,,助手,,快踱一圈,H,內圈 快踱一圈 (助手)
E356,29/03/2025,游水,沙田,,沙田,,,,,,,,游水,,
E356,29/03/2025,踱步,沙田,內圈,沙田 內圈,,,,,,助手,,快踱一圈,H,內圈 快踱一圈 (助手)
E356,28/03/2025,游水,沙田,,沙田,,,,,,,,游水,,
E356,28/03/2025,踱步,沙田,內圈,沙田 內圈,,,,,,助手,,快踱一圈,H,內圈 快踱一圈 (助手)
E356,27/03/2025,快操,沙田,全天候,沙田 全天候,,55.0,55.0,29.6 25.4,,霍宏聲,,快操,H,29.6 25.4 (55.0) (霍宏聲)
E356,27/03/2025,踱步,沙田,飛機場,沙田 飛機場,,,,,,助手,,踱步,H,飛機場 踱步 (助手)
E356,26/03/2025,游水,沙田,,沙田,,,,,,,,游水,,
E356,26/03/2025,踱步,沙田,內圈,沙田 內圈,,,,,,助手,,快踱一圈,H,內圈 快踱一圈 (助手)
E356,25/03/2025,游水,從化,,從化,,,,,,,,游水,,
E356,25/03/2025,踱步,從化,內圈,從化 內圈,,,,,,助手,,快踱一圈,H,內圈 快踱一圈 (助手)
E356,24/03/2025,游水,從化,,從化,,,,,,,,游水,,
E356,24/03/2025,快操,從化,全天候,從化 全天候,,58.4,58.4,31.6 26.8,,助手,,快操,H,31.6 26.8 (58.4) (助手)
E356,24/03/2025,踱步,從化,飛機場,從化 飛機場,,,,,,助手,,踱步,H,飛機場 踱步 (助手)
E356,23/03/2025,游水,從化,,從化,,,,,,,,游水,,
E356,23/03/2025,踱步,從化,內圈,從化 內圈,,,,,,助手,,快踱一圈,H,內圈 快踱一圈 (助手)
E356,22/03/2025,游水,從化,,從化,,,,,,,,游水,,
E356,22/03/2025,踱步,從化,內圈,從化 內圈,,,,,,助手,,快踱一圈,H,內圈 快踱一圈 (助手)
E356,21/03/2025,游水,從化,,從化,,,,,,,,游水,,
E356,21/03/2025,快操,從化,全天候,從化 全天候,,58.2,58.2,32.5 25.7,,助手,,快操,H,32.5 25.7 (58.2) (助手)
E356,21/03/2025,踱步,從化,飛機場,從化 飛機場,,,,,,助手,,踱步,H,飛機場 踱步 (助手)
E356,20/03/2025,踱步,從化,內圈,從化 內圈,,,,,,助手,,倒快一圈,H,內圈 倒快一圈 (助手)
E356,19/03/2025,游水,從化,,從化,,,,,,,,游水,,
E356,19/03/2025,踱步,從化,內圈,從化 內圈,,,,,,助手,,快踱一圈,H,內圈 快踱一圈 (助手)
E356,18/03/2025,游水,從化,,從化,,,,,,,,游水,,
E356,18/03/2025,踱步,從化,內圈,從化 內圈,,,,,,助手,,快踱一圈,H,內圈 快踱一圈 (助手)
E356,17/03/2025,游水,從化,,從化,,,,,,,,游水,,
E356,17/03/2025,快操,從化,全天候,從化 全天候,,57.7,57.7,31.7 26.0,,助手,,快操,H,31.7 26.0 (57.7) (助手)
E356,17/03/2025,踱步,從化,飛機場,從化 飛機場,,,,,,助手,,踱步,H,飛機場 踱步 (助手)
E356,16/03/2025,游水,從化,,從化,,,,,,,,游水,,
E356,16/03/2025,踱步,從化,內圈,從化 內圈,,,,,,助手,,快踱一圈,H,內圈 快踱一圈 (助手)
E356,15/03/2025,游水,從化,,從化,,,,,,,,游水,,
E356,15/03/2025,踱步,從化,內圈,從化 內圈,,,,,,助手,,快踱一圈,H,內圈 快踱一圈 (助手)
E356,14/03/2025,踱步,沙田,內圈,沙田 內圈,,,,,,助手,,快踱一圈,H,內圈 快踱一圈 (助手)
E356,13/03/2025,游水,沙田,,沙田,,,,,,,,游水,,
E356,13/03/2025,踱步,沙田,飛機場,沙田 飛機場,,,,,,副練馬師,,踱步,H,飛機場 踱步 (副練馬師)
E356,12/03/2025,游水,沙田,,沙田,,,,,,,,游水,,
E356,11/03/2025,游水,沙田,,沙田,,,,,,,,游水,,
E356,10/03/2025,游水,沙田,,沙田,,,,,,,,游水,,
E356,09/03/2025,出賽,沙田,草地,沙田 草地,1200M,,,,,霍宏聲,1/8,出賽,,1200M (霍宏聲) (1/8)
E356,09/03/2025,踱步,沙田,內圈,沙田 內圈,,,,,,助手,,快踱一圈,H,內圈 快踱一圈 (助手)
E356,08/03/2025,游水,沙田,,沙田,,,,,,,,游水,,
E356,08/03/2025,踱步,沙田,內圈,沙田 內圈,,,,,,助手,,快踱一圈,H,內圈 快踱一圈 (助手)
E356,07/03/2025,游水,沙田,,沙田,,,,,,,,游水,,
E356,07/03/2025,踱步,沙田,內圈,沙田 內圈,,,,,,助手,,快踱一圈,H,內圈 快踱一圈 (助手)
E356,06/03/2025,快操,沙田,全天候,沙田 全天候,,55.7,55.7,30.8 24.9,,霍宏聲,,快操,H,30.8 24.9 (55.7) (霍宏聲)
E356,06/03/2025,踱步,沙田,飛機場,沙田 飛機場,,,,,,助手,,踱步,H,飛機場 踱步 (助手)
E356,05/03/2025,游水,沙田,,沙田,,,,,,,,游水,,
E356,05/03/2025,踱步,沙田,內圈,沙田 內圈,,,,,,助手,,快踱一圈,H,內圈 快踱一圈 (助手)
E356,04/03/2025,游水,從化,,從化,,,,,,,,游水,,
E356,04/03/2025,踱步,從化,內圈,從化 內圈,,,,,,助手,,快踱一圈,H,內圈 快踱一圈 (助手)
E356,03/03/2025,游水,從化,,從化,,,,,,,,游水,,
E356,03/03/2025,快操,從化,全天候,從化 全天候,,58.3,58.3,32.4 25.9,,助手,,快操,H,32.4 25.9 (58.3) (助手)
E356,03/03/2025,踱步,從化,飛機場,從化 飛機場,,,,,,助手,,踱步,H,飛機場 踱步 (助手)
E356,02/03/2025,游水,從化,,從化,,,,,,,,游水,,
E356,02/03/2025,踱步,從化,內圈,從化 內圈,,,,,,助手,,快踱一圈,H,內圈 快踱一圈 (助手)
E356,01/03/2025,游水,從化,,從化,,,,,,,,游水,,
E356,01/03/2025,踱步,從化,內圈,從化 內圈,,,,,,助手,,快踱一圈,H,內圈 快踱一圈 (助手)
E356,28/02/2025,游水,從化,,從化,,,,,,,,游水,,
E356,28/02/2025,快操,從化,全天候,從化 全天候,,57.8,57.8,31.3 26.5,,助手,,快操,H,31.3 26.5 (57.8) (助手)
E356,28/02/2025,踱步,從化,飛機場,從化 飛機場,,,,,,助手,,踱步,H,飛機場 踱步 (助手)
E356,27/02/2025,游水,從化,,從化,,,,,,,,游水,,
E356,27/02/2025,踱步,從化,內圈,從化 內圈,,,,,,助手,,倒快一圈,H,內圈 倒快一圈 (助手)
E356,26/02/2025,游水,從化,,從化,,,,,,,,游水,,
E356,26/02/2025,踱步,從化,內圈,從化 內圈,,,,,,助手,,快踱一圈,H,內圈 快踱一圈 (助手)
E356,25/02/2025,游水,從化,,從化,,,,,,,,游水,,
E356,25/02/2025,快操,從化,全天候,從化 全天候,,58.2,58.2,31.4 26.8,,助手,,快操,H,31.4 26.8 (58.2) (助手)
E356,25/02/2025,踱步,從化,飛機場,從化 飛機場,,,,,,助手,,踱步,H,飛機場 踱步 (助手)
E356,24/02/2025,游水,從化,,從化,,,,,,,,游水,,
E356,24/02/2025,踱步,從化,內圈,從化 內圈,,,,,,助手,,倒快一圈,H,內圈 倒快一圈 (助手)
E356,23/02/2025,踱步,從化,內圈,從化 內圈,,,,,,助手,,快踱一圈,H,內圈 快踱一圈 (助手)
E356,22/02/2025,游水,從化,,從化,,,,,,,,游水,,
E356,22/02/2025,踱步,從化,內圈,從化 內圈,,,,,,助手,,快踱一圈,H,內圈 快踱一圈 (助手)
E356,21/02/2025,快操,從化,全天候,從化 全天候,,57.3,57.3,31.8 25.5,,助手,,快操,H,31.8 25.5 (57.3) (助手)
E356,21/02/2025,踱步,從化,飛機場,從化 飛機場,,,,,,助手,,踱步,H,飛機場 踱步 (助手)
E356,20/02/2025,游水,從化,,從化,,,,,,,,游水,,
E356,20/02/2025,踱步,從化,內圈,從化 內圈,,,,,,助手,,倒快一圈,H,內圈 倒快一圈 (助手)
E356,19/02/2025,游水,從化,,從化,,,,,,,,游水,,
E356,19/02/2025,踱步,從化,內圈,從化 內圈,,,,,,助手,,快踱一圈,H,內圈 快踱一圈 (助手)
E356,18/02/2025,游水,從化,,從化,,,,,,,,游水,,
E356,18/02/2025,踱步,從化,內圈,從化 內圈,,,,,,助手,,快踱一圈,H,內圈 快踱一圈 (助手)
E356,17/02/2025,游水,從化,,從化,,,,,,,,游水,,
E356,17/02/2025,快操,從化,全天候,從化 全天候,,59.1,59.1,32.3 26.8,,助手,,快操,H,32.3 26.8 (59.1) (助手)
E356,17/02/2025,踱步,從化,飛機場,從化 飛機場,,,,,,助手,,踱步,H,飛機場 踱步 (助手)
E356,16/02/2025,游水,從化,,從化,,,,,,,,游水,,
E356,16/02/2025,踱步,從化,內圈,從化 內圈,,,,,,助手,,快踱一圈,H,內圈 快踱一圈 (助手)
E356,15/02/2025,游水,從化,,從化,,,,,,,,游水,,
E356,15/02/2025,踱步,從化,內圈,從化 內圈,,,,,,助手,,快踱一圈,H,內圈 快踱一圈 (助手)
E356,14/02/2025,游水,從化,,從化,,,,,,,,游水,,
E356,14/02/2025,踱步,從化,內圈,從化 內圈,,,,,,助手,,快踱一圈,H,內圈 快踱一圈 (助手)
E356,13/02/2025,游水,從化,,從化,,,,,,,,游水,,
E356,13/02/2025,踱步,從化,飛機場,從化 飛機場,,,,,,助手,,踱步,H,飛機場 踱步 (助手)
E356,11/02/2025,游水,沙田,,沙田,,,,,,,,游水,,
E356,10/02/2025,游水,沙田,,沙田,,,,,,,,游水,,
E356,09/02/2025,出賽,沙田,草地,沙田 草地,1200M,,,,,霍宏聲,1/8,出賽,,1200M (霍宏聲) (1/8)
E356,09/02/2025,踱步,沙田,內圈,沙田 內圈,,,,,,助手,,快踱一圈,H,內圈 快踱一圈 (助手)
E356,08/02/2025,游水,沙田,,沙田,,,,,,,,游水,,
E356,08/02/2025,踱步,沙田,內圈,沙田 內圈,,,,,,助手,,快踱一圈,H,內圈 快踱一圈 (助手)
E356,07/02/2025,游水,沙田,,沙田,,,,,,,,游水,,
E356,07/02/2025,踱步,沙田,內圈,沙田 內圈,,,,,,助手,,快踱一圈,H,內圈 快踱一圈 (助手)
E356,06/02/2025,游水,沙田,,沙田,,,,,,,,游水,,
E356,06/02/2025,快操,沙田,全天候,沙田 全天候,,54.8,54.8,29.5 25.3,,霍宏聲,,快操,H,29.5 25.3 (54.8) (霍宏聲)
E356,06/02/2025,踱步,沙田,飛機場,沙田 飛機場,,,,,,副練馬師,,踱步,H,飛機場 踱步 (副練馬師)
E356,05/02/2025,游水,沙田,,沙田,,,,,,,,游水,,
E356,05/02/2025,踱步,沙田,內圈,沙田 內圈,,,,,,助手,,快踱一圈,H,內圈 快踱一圈 (助手)
E356,04/02/2025,游水,沙田,,沙田,,,,,,,,游水,,
E356,04/02/2025,踱步,沙田,內圈,沙田 內圈,,,,,,助手,,快踱一圈,H,內圈 快踱一圈 (助手)
E356,03/02/2025,快操,從化,全天候,從化 全天候,,58.4,58.4,31.8 26.6,,助手,,快操,H,31.8 26.6 (58.4) (助手)
E356,03/02/2025,踱步,從化,飛機場,從化 飛機場,,,,,,助手,,踱步,H,飛機場 踱步 (助手)
E356,02/02/2025,游水,從化,,從化,,,,,,,,游水,,
E356,02/02/2025,踱步,從化,內圈,從化 內圈,,,,,,助手,,快踱一圈,H,內圈 快踱一圈 (助手)
E356,01/02/2025,游水,從化,,從化,,,,,,,,游水,,
E356,01/02/2025,踱步,從化,內圈,從化 內圈,,,,,,助手,,快踱一圈,H,內圈 快踱一圈 (助手)
E356,31/01/2025,快操,從化,全天候,從化 全天候,,58.6,58.6,32.2 26.4,,助手,,快操,H,32.2 26.4 (58.6) (助手)
E356,31/01/2025,踱步,從化,飛機場,從化 飛機場,,,,,,助手,,踱步,H,飛機場 踱步 (助手)
E356,30/01/2025,游水,從化,,從化,,,,,,,,游水,,
E356,30/01/2025,踱步,從化,內圈,從化 內圈,,,,,,助手,,倒快一圈,H,內圈 倒快一圈 (助手)
E356,28/01/2025,游水,從化,,從化,,,,,,,,游水,,
E356,28/01/2025,快操,從化,全天候,從化 全天候,,58.6,58.6,33.0 25.6,,助手,,快操,H,33.0 25.6 (58.6) (助手)
E356,28/01/2025,踱步,從化,飛機場,從化 飛機場,,,,,,助手,,踱步,H,飛機場 踱步 (助手)
E356,27/01/2025,踱步,從化,內圈,從化 內圈,,,,,,助手,,倒快一圈,H,內圈 倒快一圈 (助手)
E356,26/01/2025,踱步,從化,內圈,從化 內圈,,,,,,助手,,快踱一圈,H,內圈 快踱一圈 (助手)
E356,25/01/2025,游水,從化,,從化,,,,,,,,游水,,
E356,25/01/2025,踱步,從化,內圈,從化 內圈,,,,,,助手,,快踱一圈,H,內圈 快踱一圈 (助手)
E356,24/01/2025,踱步,沙田,內圈,沙田 內圈,,,,,,助手,,快踱一圈,H,內圈 快踱一圈 (助手)
E356,23/01/2025,游水,沙田,,沙田,,,,,,,,游水,,
E356,23/01/2025,踱步,沙田,飛機場,沙田 飛機場,,,,,,助手,,踱步,H,飛機場 踱步 (助手)
E356,22/01/2025,游水,沙田,,沙田,,,,,,,,游水,,
E356,21/01/2025,游水,沙田,,沙田,,,,,,,,游水,,
E356,19/01/2025,出賽,沙田,草地,沙田 草地,1200M,,,,,艾兆禮,5/8,出賽,,1200M (艾兆禮) (5/8)
E356,19/01/2025,踱步,沙田,內圈,沙田 內圈,,,,,,助手,,快踱一圈,H,內圈 快踱一圈 (助手)
E356,18/01/2025,踱步,沙田,內圈,沙田 內圈,,,,,,助手,,快踱一圈,H,內圈 快踱一圈 (助手)
E356,17/01/2025,踱步,沙田,內圈,沙田 內圈,,,,,,助手,,快踱一圈,H,內圈 快踱一圈 (助手)
E356,16/01/2025,快操,沙田,全天候,沙田 全天候,,58.5,58.5,33.0 25.5,,艾兆禮,,快操,H,33.0 25.5 (58.5) (艾兆禮)
E356,16/01/2025,踱步,沙田,飛機場,沙田 飛機場,,,,,,助手,,踱步,H,飛機場 踱步 (助手)
E356,15/01/2025,游水,沙田,,沙田,,,,,,,,游水,,
E356,15/01/2025,踱步,沙田,內圈,沙田 內圈,,,,,,助手,,快踱一圈,H,內圈 快踱一圈 (助手)
E356,14/01/2025,游水,從化,,從化,,,,,,,,游水,,
E356,14/01/2025,踱步,從化,內圈,從化 內圈,,,,,,助手,,快踱一圈,H,內圈 快踱一圈 (助手)
E356,13/01/2025,游水,從化,,從化,,,,,,,,游水,,
E356,13/01/2025,快操,從化,全天候,從化 全天候,,58.1,58.1,32.5 25.6,,助手,,快操,H,32.5 25.6 (58.1) (助手)
E356,13/01/2025,踱步,從化,飛機場,從化 飛機場,,,,,,助手,,踱步,H,飛機場 踱步 (助手)
E356,12/01/2025,踱步,從化,內圈,從化 內圈,,,,,,助手,,快踱一圈,H,內圈 快踱一圈 (助手)
E356,11/01/2025,游水,從化,,從化,,,,,,,,游水,,
E356,11/01/2025,踱步,從化,內圈,從化 內圈,,,,,,助手,,快踱一圈,H,內圈 快踱一圈 (助手)
E356,10/01/2025,踱步,從化,內圈,從化 內圈,,,,,,助手,,快踱一圈,H,內圈 快踱一圈 (助手)
E356,09/01/2025,游水,從化,,從化,,,,,,,,游水,,
E356,09/01/2025,踱步,從化,內圈,從化 內圈,,,,,,助手,,倒快一圈,H,內圈 倒快一圈 (助手)
E356,08/01/2025,游水,從化,,從化,,,,,,,,游水,,
E356,08/01/2025,踱步,從化,飛機場,從化 飛機場,,,,,,助手,,踱步,H,飛機場 踱步 (助手)
E356,07/01/2025,游水,從化,,從化,,,,,,,,游水,,
E356,06/01/2025,試閘,從化,草地,從化 草地,1000M,0.57.92,57.92,12.8 20.8 24.3,年少多好,鄭志勇,,第1組,,第1組 (鄭志勇) 1000M 年少多好 12.8 20.8 24.3 (0.57.92)
E356,06/01/2025,游水,從化,,從化,,,,,,,,游水,,
E356,06/01/2025,踱步,從化,飛機場,從化 飛機場,,,,,,助手,,踱步,,飛機場 踱步 (助手)
E356,05/01/2025,游水,從化,,從化,,,,,,,,游水,,
E356,05/01/2025,踱步,從化,內圈,從化 內圈,,,,,,助手,,快踱一圈,H,內圈 快踱一圈 (助手)
E356,04/01/2025,游水,從化,,從化,,,,,,,,游水,,
E356,04/01/2025,踱步,從化,內圈,從化 內圈,,,,,,助手,,快踱一圈,H,內圈 快踱一圈 (助手)
E356,03/01/2025,游水,從化,,從化,,,,,,,,游水,,
E356,03/01/2025,快操,從化,全天候,從化 全天候,,58.1,58.1,31.4 26.7,,助手,,快操,H,31.4 26.7 (58.1) (助手)
E356,03/01/2025,踱步,從化,飛機場,從化 飛機場,,,,,,助手,,踱步,H,飛機場 踱步 (助手)
E356,02/01/2025,踱步,從化,內圈,從化 內圈,,,,,,助手,,倒快一圈,H,內圈 倒快一圈 (助手)
E356,01/01/2025,游水,從化,,從化,,,,,,,,游水,,
E356,01/01/2025,踱步,從化,內圈,從化 內圈,,,,,,助手,,快踱一圈,H,內圈 快踱一圈 (助手)
E356,31/12/2024,游水,從化,,從化,,,,,,,,游水,,
E356,31/12/2024,快操,從化,全天候,從化 全天候,,58.9,58.9,32.6 26.3,,助手,,快操,H,32.6 26.3 (58.9) (助手)
E356,31/12/2024,踱步,從化,飛機場,從化 飛機場,,,,,,助手,,踱步,H,飛機場 踱步 (助手)
E356,30/12/2024,游水,從化,,從化,,,,,,,,游水,,
E356,30/12/2024,踱步,從化,內圈,從化 內圈,,,,,,助手,,倒快一圈,H,內圈 倒快一圈 (助手)
E356,29/12/2024,踱步,從化,內圈,從化 內圈,,,,,,助手,,快踱一圈,H,內圈 快踱一圈 (助手)
E356,28/12/2024,游水,從化,,從化,,,,,,,,游水,,
E356,28/12/2024,快操,從化,全天候,從化 全天候,,58.6,58.6,32.0 26.6,,助手,,快操,H,32.0 26.6 (58.6) (助手)
E356,28/12/2024,踱步,從化,飛機場,從化 飛機場,,,,,,助手,,踱步,H,飛機場 踱步 (助手)
E356,27/12/2024,游水,從化,,從化,,,,,,,,游水,,
E356,27/12/2024,踱步,從化,內圈,從化 內圈,,,,,,助手,,快踱一圈,H,內圈 快踱一圈 (助手)
E356,26/12/2024,游水,從化,,從化,,,,,,,,游水,,
E356,26/12/2024,踱步,從化,內圈,從化 內圈,,,,,,助手,,倒快一圈,H,內圈 倒快一圈 (助手)
E356,25/12/2024,游水,從化,,從化,,,,,,,,游水,,
E356,25/12/2024,踱步,從化,內圈,從化 內圈,,,,,,助手,,快踱一圈,H,內圈 快踱一圈 (助手)
E356,24/12/2024,游水,從化,,從化,,,,,,,,游水,,
E356,24/12/2024,快操,從化,全天候,從化 全天候,,57.5,57.5,32.4 25.1,,助手,,快操,H,32.4 25.1 (57.5) (助手)
E356,24/12/2024,踱步,從化,飛機場,從化 飛機場,,,,,,助手,,踱步,H,飛機場 踱步 (助手)
E356,23/12/2024,游水,從化,,從化,,,,,,,,游水,,
E356,23/12/2024,踱步,從化,內圈,從化 內圈,,,,,,助手,,倒快一圈,H,內圈 倒快一圈 (助手)
E356,22/12/2024,踱步,從化,內圈,從化 內圈,,,,,,助手,,快踱一圈,H,內圈 快踱一圈 (助手)
E356,21/12/2024,游水,從化,,從化,,,,,,,,游水,,
E356,21/12/2024,踱步,從化,內圈,從化 內圈,,,,,,助手,,快踱一圈,H,內圈 快踱一圈 (助手)
E356,20/12/2024,游水,從化,,從化,,,,,,,,游水,,
E356,20/12/2024,快操,從化,全天候,從化 全天候,,57.0,57.0,31.8 25.2,,助手,,快操,H,31.8 25.2 (57.0) (助手)
E356,20/12/2024,踱步,從化,飛機場,從化 飛機場,,,,,,助手,,踱步,H,飛機場 踱步 (助手)
E356,19/12/2024,踱步,從化,內圈,從化 內圈,,,,,,助手,,倒快一圈,H,內圈 倒快一圈 (助手)
E356,18/12/2024,游水,從化,,從化,,,,,,,,游水,,
E356,18/12/2024,踱步,從化,內圈,從化 內圈,,,,,,助手,,快踱一圈,H,內圈 快踱一圈 (助手)
E356,17/12/2024,游水,從化,,從化,,,,,,,,游水,,
E356,17/12/2024,踱步,從化,內圈,從化 內圈,,,,,,助手,,快踱一圈,H,內圈 快踱一圈 (助手)
E356,16/12/2024,游水,從化,,從化,,,,,,,,游水,,
E356,16/12/2024,快操,從化,全天候,從化 全天候,,59.0,59.0,31.8 27.2,,助手,,快操,H,31.8 27.2 (59.0) (助手)
E356,16/12/2024,踱步,從化,飛機場,從化 飛機場,,,,,,助手,,踱步,H,飛機場 踱步 (助手)
E356,15/12/2024,游水,從化,,從化,,,,,,,,游水,,
E356,15/12/2024,踱步,從化,內圈,從化 內圈,,,,,,助手,,快踱一圈,H,內圈 快踱一圈 (助手)
E356,14/12/2024,游水,從化,,從化,,,,,,,,游水,,
E356,14/12/2024,踱步,從化,內圈,從化 內圈,,,,,,助手,,快踱一圈,H,內圈 快踱一圈 (助手)
E356,13/12/2024,游水,從化,,從化,,,,,,,,游水,,
E356,13/12/2024,踱步,從化,內圈,從化 內圈,,,,,,助手,,快踱一圈,H,內圈 快踱一圈 (助手)
E356,12/12/2024,游水,從化,,從化,,,,,,,,游水,,
E356,12/12/2024,踱步,從化,飛機場,從化 飛機場,,,,,,助手,,踱步,H,飛機場 踱步 (助手)
E356,10/12/2024,游水,沙田,,沙田,,,,,,,,游水,,
E356,09/12/2024,游水,沙田,,沙田,,,,,,,,游水,,
E356,08/12/2024,出賽,沙田,草地,沙田 草地,1200M,,,,,艾兆禮,8/14,出賽,,1200M (艾兆禮) (8/14)
E356,08/12/2024,踱步,沙田,內圈,沙田 內圈,,,,,,助手,,快踱一圈,H,內圈 快踱一圈 (助手)
E356,07/12/2024,游水,沙田,,沙田,,,,,,,,游水,,
E356,07/12/2024,踱步,沙田,內圈,沙田 內圈,,,,,,助手,,快踱一圈,H,內圈 快踱一圈 (助手)
E356,06/12/2024,游水,沙田,,沙田,,,,,,,,游水,,
E356,06/12/2024,踱步,沙田,內圈,沙田 內圈,,,,,,助手,,快踱一圈,H,內圈 快踱一圈 (助手)
E356,05/12/2024,快操,沙田,全天候,沙田 全天候,,58.0,58.0,29.9 28.1,,艾兆禮,,快操,H,29.9 28.1 (58.0) (艾兆禮)
E356,05/12/2024,踱步,沙田,飛機場,沙田 飛機場,,,,,,助手,,踱步,H,飛機場 踱步 (助手)
E356,04/12/2024,游水,沙田,,沙田,,,,,,,,游水,,
E356,03/12/2024,游水,從化,,從化,,,,,,,,游水,,
E356,03/12/2024,踱步,從化,內圈,從化 內圈,,,,,,助手,,快踱一圈,H,內圈 快踱一圈 (助手)
E356,02/12/2024,游水,從化,,從化,,,,,,,,游水,,
E356,02/12/2024,快操,從化,草地,從化 草地,,57.8,57.8,31.7 26.1,,助手,,快操,H,31.7 26.1 (57.8) (助手)
E356,02/12/2024,踱步,從化,飛機場,從化 飛機場,,,,,,助手,,踱步,H,飛機場 踱步 (助手)
E356,01/12/2024,踱步,從化,內圈,從化 內圈,,,,,,助手,,快踱一圈,H,內圈 快踱一圈 (助手)
E356,30/11/2024,游水,從化,,從化,,,,,,,,游水,,
E356,30/11/2024,踱步,從化,內圈,從化 內圈,,,,,,助手,,快踱一圈,H,內圈 快踱一圈 (助手)
E356,29/11/2024,游水,從化,,從化,,,,,,,,游水,,
E356,29/11/2024,快操,從化,全天候,從化 全天候,,57.6,57.6,32.1 25.5,,助手,,快操,H,32.1 25.5 (57.6) (助手)
E356,29/11/2024,踱步,從化,飛機場,從化 飛機場,,,,,,助手,,踱步,H,飛機場 踱步 (助手)
E356,28/11/2024,游水,從化,,從化,,,,,,,,游水,,
E356,28/11/2024,踱步,從化,內圈,從化 內圈,,,,,,助手,,倒快一圈,H,內圈 倒快一圈 (助手)
E356,27/11/2024,游水,從化,,從化,,,,,,,,游水,,
E356,27/11/2024,踱步,從化,內圈,從化 內圈,,,,,,助手,,快踱一圈,H,內圈 快踱一圈 (助手)
E356,26/11/2024,游水,從化,,從化,,,,,,,,游水,,
E356,26/11/2024,踱步,從化,內圈,從化 內圈,,,,,,助手,,快踱一圈,H,內圈 快踱一圈 (助手)
E356,25/11/2024,游水,從化,,從化,,,,,,,,游水,,
E356,25/11/2024,快操,從化,全天候,從化 全天候,,56.9,56.9,31.1 25.8,,助手,,快操,H,31.1 25.8 (56.9) (助手)
E356,25/11/2024,踱步,從化,飛機場,從化 飛機場,,,,,,助手,,踱步,H,飛機場 踱步 (助手)
E356,24/11/2024,游水,從化,,從化,,,,,,,,游水,,
E356,24/11/2024,踱步,從化,內圈,從化 內圈,,,,,,助手,,快踱一圈,H,內圈 快踱一圈 (助手)
E356,23/11/2024,游水,從化,,從化,,,,,,,,游水,,
E356,23/11/2024,踱步,從化,內圈,從化 內圈,,,,,,助手,,快踱一圈,H,內圈 快踱一圈 (助手)
E356,22/11/2024,踱步,沙田,內圈,沙田 內圈,,,,,,助手,,快踱一圈,H,內圈 快踱一圈 (助手)
E356,21/11/2024,游水,沙田,,沙田,,,,,,,,游水,,
E356,21/11/2024,踱步,沙田,飛機場,沙田 飛機場,,,,,,助手,,踱步,H,飛機場 踱步 (助手)
E356,20/11/2024,游水,沙田,,沙田,,,,,,,,游水,,
E356,19/11/2024,游水,沙田,,沙田,,,,,,,,游水,,
E356,18/11/2024,游水,沙田,,沙田,,,,,,,,游水,,
E356,17/11/2024,出賽,沙田,草地,沙田 草地,1200M,,,,,艾兆禮,6/12,出賽,,1200M (艾兆禮) (6/12)
E356,17/11/2024,踱步,沙田,內圈,沙田 內圈,,,,,,助手,,快踱一圈,H,內圈 快踱一圈 (助手)
E356,16/11/2024,游水,沙田,,沙田,,,,,,,,游水,,
E356,16/11/2024,踱步,沙田,內圈,沙田 內圈,,,,,,副練馬師,,快踱一圈,H,內圈 快踱一圈 (副練馬師)
E356,15/11/2024,游水,沙田,,沙田,,,,,,,,游水,,
E356,15/11/2024,快操,沙田,全天候,沙田 全天候,,59.6,59.6,31.1 28.5,,艾兆禮,,快操,H,31.1 28.5 (59.6) (艾兆禮)
E356,15/11/2024,踱步,沙田,飛機場,沙田 飛機場,,,,,,副練馬師,,踱步,H,飛機場 踱步 (副練馬師)
E356,13/11/2024,游水,沙田,,沙田,,,,,,,,游水,,
E356,13/11/2024,踱步,沙田,內圈,沙田 內圈,,,,,,副練馬師,,快踱一圈,H,內圈 快踱一圈 (副練馬師)
E356,12/11/2024,游水,從化,,從化,,,,,,,,游水,,
E356,12/11/2024,踱步,從化,內圈,從化 內圈,,,,,,助手,,快踱一圈,H,內圈 快踱一圈 (助手)
E356,11/11/2024,游水,從化,,從化,,,,,,,,游水,,
E356,11/11/2024,快操,從化,草地,從化 草地,,54.2,54.2,29.6 24.6,,助手,,英雄豪邁,H,29.6 24.6 (54.2) (助手) 英雄豪邁
E356,11/11/2024,踱步,從化,飛機場,從化 飛機場,,,,,,助手,,踱步,H,飛機場 踱步 (助手)
E356,10/11/2024,游水,從化,,從化,,,,,,,,游水,,
E356,10/11/2024,踱步,從化,內圈,從化 內圈,,,,,,助手,,快踱一圈,H,內圈 快踱一圈 (助手)
E356,09/11/2024,游水,從化,,從化,,,,,,,,游水,,
E356,09/11/2024,踱步,從化,內圈,從化 內圈,,,,,,助手,,快踱一圈,H,內圈 快踱一圈 (助手)
E356,08/11/2024,游水,從化,,從化,,,,,,,,游水,,
E356,08/11/2024,快操,從化,全天候,從化 全天候,,58.8,58.8,32.3 26.5,,助手,,快操,H,32.3 26.5 (58.8) (助手)
E356,08/11/2024,踱步,從化,飛機場,從化 飛機場,,,,,,助手,,踱步,H,飛機場 踱步 (助手)
E356,07/11/2024,游水,從化,,從化,,,,,,,,游水,,
E356,07/11/2024,踱步,從化,內圈,從化 內圈,,,,,,助手,,倒快一圈,H,內圈 倒快一圈 (助手)
E356,06/11/2024,游水,從化,,從化,,,,,,,,游水,,
E356,06/11/2024,踱步,從化,內圈,從化 內圈,,,,,,助手,,快踱一圈,H,內圈 快踱一圈 (助手)
E356,05/11/2024,快操,從化,全天候,從化 全天候,,58.1,58.1,32.1 26.0,,助手,,快操,H,32.1 26.0 (58.1) (助手)
E356,05/11/2024,踱步,從化,飛機場,從化 飛機場,,,,,,助手,,踱步,H,飛機場 踱步 (助手)
E356,04/11/2024,游水,從化,,從化,,,,,,,,游水,,
E356,04/11/2024,踱步,從化,內圈,從化 內圈,,,,,,助手,,倒快一圈,H,內圈 倒快一圈 (助手)
E356,03/11/2024,游水,從化,,從化,,,,,,,,游水,,
E356,03/11/2024,踱步,從化,內圈,從化 內圈,,,,,,助手,,快踱一圈,H,內圈 快踱一圈 (助手)
E356,02/11/2024,游水,從化,,從化,,,,,,,,游水,,
E356,02/11/2024,踱步,從化,內圈,從化 內圈,,,,,,助手,,快踱一圈,H,內圈 快踱一圈 (助手)
E356,01/11/2024,游水,從化,,從化,,,,,,,,游水,,
E356,01/11/2024,快操,從化,全天候,從化 全天候,,59.0,59.0,32.7 26.3,,助手,,快操,H,32.7 26.3 (59.0) (助手)
E356,01/11/2024,踱步,從化,飛機場,從化 飛機場,,,,,,助手,,踱步,H,飛機場 踱步 (助手)
E356,31/10/2024,游水,從化,,從化,,,,,,,,游水,,
E356,31/10/2024,踱步,從化,內圈,從化 內圈,,,,,,助手,,倒快一圈,H,內圈 倒快一圈 (助手)
E356,30/10/2024,游水,從化,,從化,,,,,,,,游水,,
E356,30/10/2024,踱步,從化,內圈,從化 內圈,,,,,,助手,,快踱一圈,H,內圈 快踱一圈 (助手)
E356,29/10/2024,游水,從化,,從化,,,,,,,,游水,,
E356,29/10/2024,踱步,從化,內圈,從化 內圈,,,,,,助手,,快踱一圈,H,內圈 快踱一圈 (助手)
E356,28/10/2024,游水,從化,,從化,,,,,,,,游水,,
E356,28/10/2024,快操,從化,全天候,從化 全天候,,58.2,58.2,32.2 26.0,,助手,,快操,H,32.2 26.0 (58.2) (助手)
E356,28/10/2024,踱步,從化,飛機場,從化 飛機場,,,,,,助手,,踱步,H,飛機場 踱步 (助手)
E356,27/10/2024,游水,從化,,從化,,,,,,,,游水,,
E356,27/10/2024,踱步,從化,內圈,從化 內圈,,,,,,助手,,快踱一圈,H,內圈 快踱一圈 (助手)
E356,26/10/2024,游水,從化,,從化,,,,,,,,游水,,
E356,26/10/2024,踱步,從化,內圈,從化 內圈,,,,,,助手,,快踱一圈,H,內圈 快踱一圈 (助手)
E356,25/10/2024,踱步,沙田,內圈,沙田 內圈,,,,,,助手,,快踱一圈,H,內圈 快踱一圈 (助手)
E356,24/10/2024,游水,沙田,,沙田,,,,,,,,游水,,
E356,24/10/2024,踱步,沙田,飛機場,沙田 飛機場,,,,,,助手,,踱步,H,飛機場 踱步 (助手)
E356,23/10/2024,游水,沙田,,沙田,,,,,,,,游水,,
E356,22/10/2024,游水,沙田,,沙田,,,,,,,,游水,,
E356,21/10/2024,游水,沙田,,沙田,,,,,,,,游水,,
E356,20/10/2024,出賽,沙田,草地,沙田 草地,1200M,,,,,艾兆禮,5/13,出賽,,1200M (艾兆禮) (5/13)
E356,20/10/2024,踱步,沙田,內圈,沙田 內圈,,,,,,助手,,快踱一圈,H,內圈 快踱一圈 (助手)
E356,19/10/2024,游水,沙田,,沙田,,,,,,,,游水,,
E356,19/10/2024,踱步,沙田,內圈,沙田 內圈,,,,,,助手,,快踱一圈,H,內圈 快踱一圈 (助手)
E356,18/10/2024,游水,沙田,,沙田,,,,,,,,游水,,
E356,18/10/2024,踱步,沙田,內圈,沙田 內圈,,,,,,助手,,快踱一圈,H,內圈 快踱一圈 (助手)
E356,17/10/2024,快操,沙田,全天候,沙田 全天候,,56.2,56.2,29.7 26.5,,艾兆禮,,快操,H,29.7 26.5 (56.2) (艾兆禮)
E356,17/10/2024,踱步,沙田,飛機場,沙田 飛機場,,,,,,助手,,踱步,H,飛機場 踱步 (助手)
E356,16/10/2024,游水,沙田,,沙田,,,,,,,,游水,,
E356,16/10/2024,踱步,沙田,內圈,沙田 內圈,,,,,,助手,,快踱一圈,H,內圈 快踱一圈 (助手)
E356,15/10/2024,游水,從化,,從化,,,,,,,,游水,,
E356,15/10/2024,踱步,從化,內圈,從化 內圈,,,,,,助手,,快踱一圈,H,內圈 快踱一圈 (助手)
E356,14/10/2024,游水,從化,,從化,,,,,,,,游水,,
E356,14/10/2024,踱步,從化,內圈,從化 內圈,,,,,,助手,,倒快一圈,H,內圈 倒快一圈 (助手)
E356,13/10/2024,快操,從化,全天候,從化 全天候,,58.1,58.1,31.0 27.1,,助手,,快操,H,31.0 27.1 (58.1) (助手)
E356,13/10/2024,踱步,從化,飛機場,從化 飛機場,,,,,,助手,,踱步,H,飛機場 踱步 (助手)
E356,12/10/2024,游水,從化,,從化,,,,,,,,游水,,
E356,12/10/2024,踱步,從化,內圈,從化 內圈,,,,,,助手,,快踱一圈,H,內圈 快踱一圈 (助手)
E356,11/10/2024,游水,從化,,從化,,,,,,,,游水,,
E356,11/10/2024,踱步,從化,內圈,從化 內圈,,,,,,助手,,快踱一圈,H,內圈 快踱一圈 (助手)
E356,10/10/2024,游水,從化,,從化,,,,,,,,游水,,
E356,10/10/2024,踱步,從化,內圈,從化 內圈,,,,,,助手,,倒快一圈,H,內圈 倒快一圈 (助手)
E356,09/10/2024,游水,從化,,從化,,,,,,,,游水,,
E356,09/10/2024,踱步,從化,飛機場,從化 飛機場,,,,,,助手,,踱步,H,飛機場 踱步 (助手)
E356,08/10/2024,游水,從化,,從化,,,,,,,,游水,,
E356,07/10/2024,試閘,從化,草地,從化 草地,1000M,0.58.22,58.22,13.3 21.8 23.1,精算暴雪,祖利曼,,第1組,,第1組 (祖利曼) 1000M 精算暴雪 13.3 21.8 23.1 (0.58.22)
E356,07/10/2024,游水,從化,,從化,,,,,,,,游水,,
E356,07/10/2024,踱步,從化,飛機場,從化 飛機場,,,,,,助手,,踱步,,飛機場 踱步 (助手)
E356,06/10/2024,游水,從化,,從化,,,,,,,,游水,,
E356,06/10/2024,踱步,從化,內圈,從化 內圈,,,,,,助手,,快踱一圈,H,內圈 快踱一圈 (助手)
E356,05/10/2024,游水,從化,,從化,,,,,,,,游水,,
E356,05/10/2024,踱步,從化,內圈,從化 內圈,,,,,,助手,,快踱一圈,H,內圈 快踱一圈 (助手)
E356,04/10/2024,游水,從化,,從化,,,,,,,,游水,,
E356,04/10/2024,快操,從化,全天候,從化 全天候,,57.4,57.4,31.0 26.4,,助手,,快操,H,31.0 26.4 (57.4) (助手)
E356,04/10/2024,踱步,從化,飛機場,從化 飛機場,,,,,,助手,,踱步,H,飛機場 踱步 (助手)
E356,03/10/2024,游水,從化,,從化,,,,,,,,游水,,
E356,03/10/2024,踱步,從化,內圈,從化 內圈,,,,,,助手,,倒快一圈,H,內圈 倒快一圈 (助手)
E356,02/10/2024,游水,從化,,從化,,,,,,,,游水,,
E356,02/10/2024,踱步,從化,內圈,從化 內圈,,,,,,助手,,快踱一圈,H,內圈 快踱一圈 (助手)
E356,01/10/2024,快操,從化,全天候,從化 全天候,,57.8,57.8,31.9 25.9,,助手,,快操,H,31.9 25.9 (57.8) (助手)
E356,01/10/2024,踱步,從化,飛機場,從化 飛機場,,,,,,助手,,踱步,H,飛機場 踱步 (助手)
E356,30/09/2024,游水,從化,,從化,,,,,,,,游水,,
E356,30/09/2024,踱步,從化,內圈,從化 內圈,,,,,,助手,,倒快一圈,H,內圈 倒快一圈 (助手)
E356,29/09/2024,游水,從化,,從化,,,,,,,,游水,,
E356,29/09/2024,踱步,從化,內圈,從化 內圈,,,,,,助手,,快踱一圈,H,內圈 快踱一圈 (助手)
E356,28/09/2024,游水,從化,,從化,,,,,,,,游水,,
E356,28/09/2024,快操,從化,全天候,從化 全天候,,58.0,58.0,32.1 25.9,,助手,,快操,H,32.1 25.9 (58.0) (助手)
E356,28/09/2024,踱步,從化,飛機場,從化 飛機場,,,,,,助手,,踱步,H,飛機場 踱步 (助手)
E356,27/09/2024,游水,從化,,從化,,,,,,,,游水,,
E356,27/09/2024,踱步,從化,內圈,從化 內圈,,,,,,助手,,快踱一圈,H,內圈 快踱一圈 (助手)
E356,26/09/2024,游水,從化,,從化,,,,,,,,游水,,
E356,26/09/2024,踱步,從化,內圈,從化 內圈,,,,,,助手,,倒快一圈,H,內圈 倒快一圈 (助手)
E356,25/09/2024,游水,從化,,從化,,,,,,,,游水,,
E356,25/09/2024,快操,從化,全天候,從化 全天候,,57.3,57.3,32.1 25.2,,助手,,快操,H,32.1 25.2 (57.3) (助手)
E356,25/09/2024,踱步,從化,飛機場,從化 飛機場,,,,,,助手,,踱步,H,飛機場 踱步 (助手)
E356,24/09/2024,游水,從化,,從化,,,,,,,,游水,,
E356,24/09/2024,踱步,從化,內圈,從化 內圈,,,,,,助手,,快踱一圈,H,內圈 快踱一圈 (助手)
E356,23/09/2024,游水,從化,,從化,,,,,,,,游水,,
E356,23/09/2024,踱步,從化,內圈,從化 內圈,,,,,,助手,,倒快一圈,H,內圈 倒快一圈 (助手)
E356,22/09/2024,快操,從化,全天候,從化 全天候,,59.4,59.4,32.5 26.9,,助手,,快操,H,32.5 26.9 (59.4) (助手)
E356,22/09/2024,踱步,從化,飛機場,從化 飛機場,,,,,,助手,,踱步,H,飛機場 踱步 (助手)
E356,21/09/2024,游水,從化,,從化,,,,,,,,游水,,
E356,21/09/2024,踱步,從化,內圈,從化 內圈,,,,,,助手,,快踱一圈,H,內圈 快踱一圈 (助手)
E356,20/09/2024,游水,從化,,從化,,,,,,,,游水,,
E356,20/09/2024,踱步,從化,內圈,從化 內圈,,,,,,助手,,快踱一圈,H,內圈 快踱一圈 (助手)
E356,19/09/2024,快操,從化,全天候,從化 全天候,,58.1,58.1,31.6 26.5,,助手,,快操,H,31.6 26.5 (58.1) (助手)
E356,19/09/2024,踱步,從化,飛機場,從化 飛機場,,,,,,助手,,踱步,H,飛機場 踱步 (助手)
E356,18/09/2024,游水,從化,,從化,,,,,,,,游水,,
E356,18/09/2024,踱步,從化,內圈,從化 內圈,,,,,,助手,,快踱一圈,H,內圈 快踱一圈 (助手)
E356,17/09/2024,游水,從化,,從化,,,,,,,,游水,,
E356,17/09/2024,踱步,從化,內圈,從化 內圈,,,,,,助手,,快踱一圈,H,內圈 快踱一圈 (助手)
E356,16/09/2024,游水,從化,,從化,,,,,,,,游水,,
E356,16/09/2024,快操,從化,全天候,從化 全天候,,57.7,57.7,31.6 26.1,,助手,,快操,H,31.6 26.1 (57.7) (助手)
E356,16/09/2024,踱步,從化,飛機場,從化 飛機場,,,,,,助手,,踱步,H,飛機場 踱步 (助手)
E356,15/09/2024,游水,從化,,從化,,,,,,,,游水,,
E356,15/09/2024,踱步,從化,內圈,從化 內圈,,,,,,助手,,快踱一圈,H,內圈 快踱一圈 (助手)
E356,14/09/2024,游水,從化,,從化,,,,,,,,游水,,
E356,14/09/2024,踱步,從化,內圈,從化 內圈,,,,,,助手,,快踱一圈,H,內圈 快踱一圈 (助手)
E356,13/09/2024,踱步,沙田,內圈,沙田 內圈,,,,,,助手,,快踱一圈,H,內圈 快踱一圈 (助手)
E356,12/09/2024,游水,沙田,,沙田,,,,,,,,游水,,
E356,12/09/2024,踱步,沙田,飛機場,沙田 飛機場,,,,,,助手,,踱步,H,飛機場 踱步 (助手)
E356,11/09/2024,游水,沙田,,沙田,,,,,,,,游水,,
E356,10/09/2024,游水,沙田,,沙田,,,,,,,,游水,,
E356,09/09/2024,游水,沙田,,沙田,,,,,,,,游水,,
E356,08/09/2024,出賽,沙田,草地,沙田 草地,1200M,,,,,艾兆禮,6/10,出賽,,1200M (艾兆禮) (6/10)
E356,08/09/2024,踱步,沙田,內圈,沙田 內圈,,,,,,助手,,快踱一圈,H,內圈 快踱一圈 (助手)
E356,07/09/2024,游水,沙田,,沙田,,,,,,,,游水,,
E356,07/09/2024,踱步,沙田,內圈,沙田 內圈,,,,,,助手,,快踱一圈,H,內圈 快踱一圈 (助手)
E356,05/09/2024,快操,沙田,全天候,沙田 全天候,,55.9,55.9,30.2 25.7,,助手,,快操,H,30.2 25.7 (55.9) (助手)
E356,05/09/2024,踱步,沙田,飛機場,沙田 飛機場,,,,,,助手,,踱步,H,飛機場 踱步 (助手)
E356,04/09/2024,游水,沙田,,沙田,,,,,,,,游水,,
E356,04/09/2024,踱步,沙田,內圈,沙田 內圈,,,,,,助手,,快踱一圈,H,內圈 快踱一圈 (助手)
E356,03/09/2024,游水,從化,,從化,,,,,,,,游水,,
E356,03/09/2024,踱步,從化,內圈,從化 內圈,,,,,,助手,,快踱一圈,H,內圈 快踱一圈 (助手)
E356,02/09/2024,游水,從化,,從化,,,,,,,,游水,,
E356,02/09/2024,踱步,從化,內圈,從化 內圈,,,,,,助手,,倒快一圈,H,內圈 倒快一圈 (助手)
E356,01/09/2024,游水,從化,,從化,,,,,,,,游水,,
E356,01/09/2024,快操,從化,全天候,從化 全天候,,57.5,57.5,30.4 27.1,,助手,,快操,H,30.4 27.1 (57.5) (助手)
E356,01/09/2024,踱步,從化,飛機場,從化 飛機場,,,,,,助手,,踱步,H,飛機場 踱步 (助手)
E356,31/08/2024,游水,從化,,從化,,,,,,,,游水,,
E356,31/08/2024,踱步,從化,內圈,從化 內圈,,,,,,助手,,快踱一圈,H,內圈 快踱一圈 (助手)
E356,30/08/2024,游水,從化,,從化,,,,,,,,游水,,
E356,30/08/2024,踱步,從化,內圈,從化 內圈,,,,,,助手,,快踱一圈,H,內圈 快踱一圈 (助手)
E356,29/08/2024,游水,從化,,從化,,,,,,,,游水,,
E356,29/08/2024,踱步,從化,內圈,從化 內圈,,,,,,助手,,倒快一圈,H,內圈 倒快一圈 (助手)
E356,28/08/2024,游水,從化,,從化,,,,,,,,游水,,
E356,28/08/2024,踱步,從化,飛機場,從化 飛機場,,,,,,助手,,踱步,H,飛機場 踱步 (助手)
E356,27/08/2024,游水,從化,,從化,,,,,,,,游水,,
E356,26/08/2024,試閘,從化,草地,從化 草地,1000M,0.57.09,57.09,13.0 21.1 22.9,維港智能,祖利曼,,第1組,,第1組 (祖利曼) 1000M 維港智能 13.0 21.1 22.9 (0.57.09)
E356,26/08/2024,游水,從化,,從化,,,,,,,,游水,,
E356,26/08/2024,踱步,從化,飛機場,從化 飛機場,,,,,,助手,,踱步,,飛機場 踱步 (助手)
E356,25/08/2024,游水,從化,,從化,,,,,,,,游水,,
E356,25/08/2024,踱步,從化,內圈,從化 內圈,,,,,,助手,,快踱一圈,H,內圈 快踱一圈 (助手)
E356,24/08/2024,快操,從化,全天候,從化 全天候,,58.4,58.4,32.1 26.3,,助手,,快操,H,32.1 26.3 (58.4) (助手)
E356,24/08/2024,踱步,從化,飛機場,從化 飛機場,,,,,,助手,,踱步,H,飛機場 踱步 (助手)
E356,23/08/2024,游水,從化,,從化,,,,,,,,游水,,
E356,23/08/2024,踱步,從化,內圈,從化 內圈,,,,,,助手,,快踱一圈,H,內圈 快踱一圈 (助手)
E356,22/08/2024,踱步,從化,內圈,從化 內圈,,,,,,助手,,倒快一圈,H,內圈 倒快一圈 (助手)
E356,21/08/2024,快操,從化,全天候,從化 全天候,,1.01.3,61.3,33.0 28.3,,助手,,快操,H,33.0 28.3 (1.01.3) (助手)
E356,21/08/2024,踱步,從化,飛機場,從化 飛機場,,,,,,助手,,踱步,H,飛機場 踱步 (助手)
E356,20/08/2024,游水,從化,,從化,,,,,,,,游水,,
E356,20/08/2024,踱步,從化,內圈,從化 內圈,,,,,,助手,,快踱一圈,H,內圈 快踱一圈 (助手)
E356,19/08/2024,游水,從化,,從化,,,,,,,,游水,,
E356,19/08/2024,踱步,從化,內圈,從化 內圈,,,,,,助手,,倒快一圈,H,內圈 倒快一圈 (助手)
E356,18/08/2024,游水,從化,,從化,,,,,,,,游水,,
E356,18/08/2024,快操,從化,全天候,從化 全天候,,59.9,59.9,32.5 27.4,,助手,,快操,H,32.5 27.4 (59.9) (助手)
E356,18/08/2024,踱步,從化,飛機場,從化 飛機場,,,,,,助手,,踱步,H,飛機場 踱步 (助手)
E356,17/08/2024,游水,從化,,從化,,,,,,,,游水,,
E356,17/08/2024,踱步,從化,內圈,從化 內圈,,,,,,助手,,快踱一圈,H,內圈 快踱一圈 (助手)
E356,16/08/2024,游水,從化,,從化,,,,,,,,游水,,
E356,16/08/2024,踱步,從化,內圈,從化 內圈,,,,,,助手,,快踱一圈,H,內圈 快踱一圈 (助手)
E356,15/08/2024,游水,從化,,從化,,,,,,,,游水,,
E356,15/08/2024,快操,從化,全天候,從化 全天候,,58.6,58.6,32.2 26.4,,助手,,快操,H,32.2 26.4 (58.6) (助手)
E356,15/08/2024,踱步,從化,飛機場,從化 飛機場,,,,,,助手,,踱步,H,飛機場 踱步 (助手)
E356,14/08/2024,游水,從化,,從化,,,,,,,,游水,,
E356,14/08/2024,踱步,從化,內圈,從化 內圈,,,,,,助手,,快踱一圈,H,內圈 快踱一圈 (助手)
E356,13/08/2024,游水,從化,,從化,,,,,,,,游水,,
E356,13/08/2024,踱步,從化,內圈,從化 內圈,,,,,,助手,,快踱一圈,H,內圈 快踱一圈 (助手)
E356,12/08/2024,游水,從化,,從化,,,,,,,,游水,,
E356,12/08/2024,快操,從化,全天候,從化 全天候,,1.00.5,60.5,33.1 27.4,,助手,,快操,H,33.1 27.4 (1.00.5) (助手)
E356,12/08/2024,踱步,從化,飛機場,從化 飛機場,,,,,,助手,,踱步,H,飛機場 踱步 (助手)
E356,11/08/2024,游水,從化,,從化,,,,,,,,游水,,
E356,11/08/2024,踱步,從化,內圈,從化 內圈,,,,,,助手,,快踱一圈,H,內圈 快踱一圈 (助手)
E356,10/08/2024,游水,從化,,從化,,,,,,,,游水,,
E356,10/08/2024,踱步,從化,內圈,從化 內圈,,,,,,助手,,快踱一圈,H,內圈 快踱一圈 (助手)
E356,09/08/2024,游水,從化,,從化,,,,,,,,游水,,
E356,09/08/2024,踱步,從化,內圈,從化 內圈,,,,,,助手,,快踱一圈,H,內圈 快踱一圈 (助手)
E356,08/08/2024,游水,從化,,從化,,,,,,,,游水,,
E356,08/08/2024,快操,從化,全天候,從化 全天候,,1.00.6,60.6,32.4 28.2,,助手,,快操,H,32.4 28.2 (1.00.6) (助手)
E356,08/08/2024,踱步,從化,飛機場,從化 飛機場,,,,,,助手,,踱步,H,飛機場 踱步 (助手)
E356,07/08/2024,游水,從化,,從化,,,,,,,,游水,,
E356,07/08/2024,踱步,從化,內圈,從化 內圈,,,,,,助手,,快踱一圈,H,內圈 快踱一圈 (助手)
E356,06/08/2024,游水,從化,,從化,,,,,,,,游水,,
E356,06/08/2024,踱步,從化,內圈,從化 內圈,,,,,,助手,,快踱一圈,H,內圈 快踱一圈 (助手)
E356,05/08/2024,游水,從化,,從化,,,,,,,,游水,,
E356,05/08/2024,踱步,從化,內圈,從化 內圈,,,,,,助手,,倒快一圈,H,內圈 倒快一圈 (助手)
E356,04/08/2024,游水,從化,,從化,,,,,,,,游水,,
E356,04/08/2024,快操,從化,全天候,從化 全天候,,30.3,30.3,30.3,,助手,,快操,H,30.3 (30.3) (助手)
E356,04/08/2024,踱步,從化,飛機場,從化 飛機場,,,,,,助手,,踱步,H,飛機場 踱步 (助手)
E356,03/08/2024,游水,從化,,從化,,,,,,,,游水,,
E356,03/08/2024,踱步,從化,內圈,從化 內圈,,,,,,助手,,快踱一圈,H,內圈 快踱一圈 (助手)
E356,02/08/2024,游水,從化,,從化,,,,,,,,游水,,
E356,02/08/2024,踱步,從化,內圈,從化 內圈,,,,,,助手,,快踱一圈,H,內圈 快踱一圈 (助手)
E356,01/08/2024,游水,從化,,從化,,,,,,,,游水,,
E356,01/08/2024,踱步,從化,內圈,從化 內圈,,,,,,助手,,倒快一圈,H,內圈 倒快一圈 (助手)
E356,31/07/2024,游水,從化,,從化,,,,,,,,游水,,
E356,31/07/2024,踱步,從化,內圈,從化 內圈,,,,,,助手,,快踱一圈,H,內圈 快踱一圈 (助手)
E356,30/07/2024,游水,從化,,從化,,,,,,,,游水,,
E356,30/07/2024,踱步,從化,內圈,從化 內圈,,,,,,助手,,快踱一圈,H,內圈 快踱一圈 (助手)
E356,29/07/2024,快操,從化,全天候,從化 全天候,,30.2,30.2,30.2,,助手,,快操,H,30.2 (30.2) (助手)
E356,29/07/2024,踱步,從化,飛機場,從化 飛機場,,,,,,助手,,踱步,H,飛機場 踱步 (助手)
E356,28/07/2024,踱步,從化,內圈,從化 內圈,,,,,,助手,,快踱一圈,H,內圈 快踱一圈 (助手)
E356,27/07/2024,踱步,從化,內圈,從化 內圈,,,,,,助手,,快踱一圈,H,內圈 快踱一圈 (助手)
E356,26/07/2024,踱步,從化,內圈,從化 內圈,,,,,,助手,,快踱一圈,H,內圈 快踱一圈 (助手)
E356,25/07/2024,踱步,從化,內圈,從化 內圈,,,,,,助手,,倒快一圈,H,內圈 倒快一圈 (助手)
E356,24/07/2024,踱步,從化,內圈,從化 內圈,,,,,,助手,,快踱一圈,H,內圈 快踱一圈 (助手)
E356,23/07/2024,踱步,從化,內圈,從化 內圈,,,,,,助手,,快踱一圈,H,內圈 快踱一圈 (助手)
E356,22/07/2024,踱步,從化,飛機場,從化 飛機場,,,,,,助手,,踱步,H,飛機場 踱步 (助手)
E356,21/07/2024,踱步,從化,飛機場,從化 飛機場,,,,,,助手,,踱步,H,飛機場 踱步 (助手)
E356,20/07/2024,踱步,從化,飛機場,從化 飛機場,,,,,,助手,,踱步,H,飛機場 踱步 (助手)
E356,19/07/2024,踱步,從化,飛機場,從化 飛機場,,,,,,助手,,踱步,H,飛機場 踱步 (助手)
E356,18/07/2024,踱步,從化,飛機場,從化 飛機場,,,,,,助手,,踱步,H,飛機場 踱步 (助手)
E356,17/07/2024,踱步,從化,飛機場,從化 飛機場,,,,,,助手,,踱步,H,飛機場 踱步 (助手)
E356,16/06/2024,游水,從化,,從化,,,,,,,,游水,,
E356,16/06/2024,踱步,從化,內圈,從化 內圈,,,,,,助手,,快踱一圈,H,內圈 快踱一圈 (助手)
E356,15/06/2024,游水,從化,,從化,,,,,,,,游水,,
E356,15/06/2024,踱步,從化,內圈,從化 內圈,,,,,,助手,,快踱一圈,H,內圈 快踱一圈 (助手)
E356,14/06/2024,游水,從化,,從化,,,,,,,,游水,,
E356,14/06/2024,踱步,從化,內圈,從化 內圈,,,,,,助手,,快踱一圈,H,內圈 快踱一圈 (助手)
E356,13/06/2024,游水,從化,,從化,,,,,,,,游水,,
E356,13/06/2024,快操,從化,全天候,從化 全天候,,59.4,59.4,32.6 26.8,,助手,,快操,H,32.6 26.8 (59.4) (助手)
E356,13/06/2024,踱步,從化,飛機場,從化 飛機場,,,,,,助手,,踱步,H,飛機場 踱步 (助手)
E356,12/06/2024,游水,從化,,從化,,,,,,,,游水,,
E356,12/06/2024,踱步,從化,內圈,從化 內圈,,,,,,助手,,快踱一圈,H,內圈 快踱一圈 (助手)
E356,11/06/2024,游水,從化,,從化,,,,,,,,游水,,
E356,11/06/2024,踱步,從化,內圈,從化 內圈,,,,,,助手,,快踱一圈,H,內圈 快踱一圈 (助手)
E356,10/06/2024,踱步,從化,內圈,從化 內圈,,,,,,助手,,倒快一圈,H,內圈 倒快一圈 (助手)
E356,09/06/2024,游水,從化,,從化,,,,,,,,游水,,
E356,09/06/2024,快操,從化,全天候,從化 全天候,,1.00.1,60.1,32.3 27.8,,助手,,快操,H,32.3 27.8 (1.00.1) (助手)
E356,09/06/2024,踱步,從化,飛機場,從化 飛機場,,,,,,助手,,踱步,H,飛機場 踱步 (助手)
E356,08/06/2024,游水,從化,,從化,,,,,,,,游水,,
E356,08/06/2024,踱步,從化,內圈,從化 內圈,,,,,,助手,,快踱一圈,H,內圈 快踱一圈 (助手)
E356,07/06/2024,游水,從化,,從化,,,,,,,,游水,,
E356,07/06/2024,踱步,從化,內圈,從化 內圈,,,,,,助手,,快踱一圈,H,內圈 快踱一圈 (助手)
E356,06/06/2024,游水,從化,,從化,,,,,,,,游水,,
E356,06/06/2024,踱步,從化,內圈,從化 內圈,,,,,,助手,,倒快一圈,H,內圈 倒快一圈 (助手)
E356,05/06/2024,游水,從化,,從化,,,,,,,,游水,,
E356,05/06/2024,快操,從化,全天候,從化 全天候,,58.9,58.9,32.0 26.9,,助手,,快操,H,32.0 26.9 (58.9) (助手)
E356,05/06/2024,踱步,從化,飛機場,從化 飛機場,,,,,,助手,,踱步,H,飛機場 踱步 (助手)
E356,04/06/2024,游水,從化,,從化,,,,,,,,游水,,
E356,04/06/2024,踱步,從化,內圈,從化 內圈,,,,,,助手,,快踱一圈,H,內圈 快踱一圈 (助手)
E356,03/06/2024,踱步,沙田,內圈,沙田 內圈,,,,,,助手,,倒快一圈,H,內圈 倒快一圈 (助手)
E356,02/06/2024,游水,沙田,,沙田,,,,,,,,游水,,
E356,02/06/2024,踱步,沙田,內圈,沙田 內圈,,,,,,助手,,快踱一圈,H,內圈 快踱一圈 (助手)
E356,01/06/2024,游水,沙田,,沙田,,,,,,,,游水,,
E356,01/06/2024,踱步,沙田,內圈,沙田 內圈,,,,,,助手,,快踱一圈,H,內圈 快踱一圈 (助手)
E356,31/05/2024,游水,沙田,,沙田,,,,,,,,游水,,
E356,31/05/2024,快操,沙田,全天候,沙田 全天候,,26.8,26.8,26.8,,助手,,快操,H,26.8 (26.8) (助手)
E356,30/05/2024,游水,沙田,,沙田,,,,,,,,游水,,
E356,30/05/2024,踱步,沙田,內圈,沙田 內圈,,,,,,助手,,倒快一圈,H,內圈 倒快一圈 (助手)
E356,29/05/2024,游水,沙田,,沙田,,,,,,,,游水,,
E356,29/05/2024,踱步,沙田,內圈,沙田 內圈,,,,,,助手,,快踱一圈,H,內圈 快踱一圈 (助手)
E356,28/05/2024,游水,沙田,,沙田,,,,,,,,游水,,
E356,28/05/2024,踱步,沙田,內圈,沙田 內圈,,,,,,助手,,快踱一圈,H,內圈 快踱一圈 (助手)
E356,27/05/2024,快操,沙田,全天候,沙田 全天候,,1.02.1,62.1,34.0 28.1,,助手,,快操,H,34.0 28.1 (1.02.1) (助手)
E356,27/05/2024,踱步,沙田,飛機場,沙田 飛機場,,,,,,助手,,踱步,H,飛機場 踱步 (助手)
E356,26/05/2024,踱步,沙田,內圈,沙田 內圈,,,,,,助手,,快踱一圈,H,內圈 快踱一圈 (助手)
E356,25/05/2024,踱步,沙田,內圈,沙田 內圈,,,,,,助手,,快踱一圈,H,內圈 快踱一圈 (助手)
E356,24/05/2024,游水,沙田,,沙田,,,,,,,,游水,,
E356,24/05/2024,踱步,沙田,內圈,沙田 內圈,,,,,,助手,,快踱一圈,H,內圈 快踱一圈 (助手)
E356,23/05/2024,快操,沙田,全天候,沙田 全天候,,28.8,28.8,28.8,,助手,,快操,H,28.8 (28.8) (助手)
E356,23/05/2024,踱步,沙田,飛機場,沙田 飛機場,,,,,,助手,,踱步,H,飛機場 踱步 (助手)
E356,22/05/2024,踱步,沙田,內圈,沙田 內圈,,,,,,助手,,快踱一圈,H,內圈 快踱一圈 (助手)
E356,21/05/2024,踱步,沙田,內圈,沙田 內圈,,,,,,助手,,快踱一圈,H,內圈 快踱一圈 (助手)
E356,20/05/2024,踱步,沙田,內圈,沙田 內圈,,,,,,助手,,倒快一圈,H,內圈 倒快一圈 (助手)
E356,19/05/2024,踱步,沙田,內圈,沙田 內圈,,,,,,助手,,快踱一圈,H,內圈 快踱一圈 (助手)
E356,18/05/2024,踱步,沙田,內圈,沙田 內圈,,,,,,助手,,快踱一圈,H,內圈 快踱一圈 (助手)
E356,17/05/2024,踱步,沙田,內圈,沙田 內圈,,,,,,助手,,快踱一圈,H,內圈 快踱一圈 (助手)
E356,16/05/2024,踱步,沙田,飛機場,沙田 飛機場,,,,,,助手,,踱步,H,飛機場 踱步 (助手)
E356,15/05/2024,踱步,沙田,飛機場,沙田 飛機場,,,,,,助手,,踱步,H,飛機場 踱步 (助手)
E356,14/05/2024,踱步,沙田,飛機場,沙田 飛機場,,,,,,助手,,踱步,H,飛機場 踱步 (助手)
E356,13/05/2024,踱步,沙田,飛機場,沙田 飛機場,,,,,,助手,,踱步,H,飛機場 踱步 (助手)
E356,01/05/2024,游水,沙田,,沙田,,,,,,,,游水,,
E356,30/04/2024,游水,沙田,,沙田,,,,,,,,游水,,
E356,29/04/2024,游水,沙田,,沙田,,,,,,,,游水,,
E356,28/04/2024,踱步,沙田,內圈,沙田 內圈,,,,,,助手,,快踱一圈,H,內圈 快踱一圈 (助手)
E356,27/04/2024,游水,沙田,,沙田,,,,,,,,游水,,
E356,27/04/2024,踱步,沙田,內圈,沙田 內圈,,,,,,助手,,快踱一圈,H,內圈 快踱一圈 (助手)
E356,26/04/2024,游水,沙田,,沙田,,,,,,,,游水,,
E356,26/04/2024,踱步,沙田,內圈,沙田 內圈,,,,,,助手,,快踱一圈,H,內圈 快踱一圈 (助手)
E356,25/04/2024,游水,沙田,,沙田,,,,,,,,游水,,
E356,25/04/2024,快操,沙田,全天候,沙田 全天候,,58.5,58.5,31.8 26.7,,助手,,快操,H,31.8 26.7 (58.5) (助手)
E356,25/04/2024,踱步,沙田,飛機場,沙田 飛機場,,,,,,副練馬師,,踱步,H,飛機場 踱步 (副練馬師)
E356,24/04/2024,游水,沙田,,沙田,,,,,,,,游水,,
E356,24/04/2024,踱步,沙田,內圈,沙田 內圈,,,,,,助手,,快踱一圈,H,內圈 快踱一圈 (助手)
E356,23/04/2024,游水,沙田,,沙田,,,,,,,,游水,,
E356,23/04/2024,踱步,沙田,內圈,沙田 內圈,,,,,,助手,,快踱一圈,H,內圈 快踱一圈 (助手)
E356,22/04/2024,游水,沙田,,沙田,,,,,,,,游水,,
E356,22/04/2024,快操,沙田,草閘,沙田 草閘,,50.6,50.6,26.4 24.2,,艾兆禮,,美麗在線,H,26.4 24.2 (50.6) (艾兆禮) 美麗在線
E356,22/04/2024,踱步,沙田,飛機場,沙田 飛機場,,,,,,副練馬師,,踱步,H,飛機場 踱步 (副練馬師)
E356,21/04/2024,游水,沙田,,沙田,,,,,,,,游水,,
E356,21/04/2024,踱步,沙田,內圈,沙田 內圈,,,,,,助手,,快踱一圈,H,內圈 快踱一圈 (助手)
E356,20/04/2024,游水,沙田,,沙田,,,,,,,,游水,,
E356,20/04/2024,踱步,沙田,內圈,沙田 內圈,,,,,,助手,,快踱一圈,H,內圈 快踱一圈 (助手)
E356,19/04/2024,游水,沙田,,沙田,,,,,,,,游水,,
E356,19/04/2024,快操,沙田,全天候,沙田 全天候,,58.5,58.5,31.6 26.9,,助手,,快操,H,31.6 26.9 (58.5) (助手)
E356,19/04/2024,踱步,沙田,飛機場,沙田 飛機場,,,,,,助手,,踱步,H,飛機場 踱步 (助手)
E356,18/04/2024,游水,沙田,,沙田,,,,,,,,游水,,
E356,18/04/2024,踱步,沙田,內圈,沙田 內圈,,,,,,助手,,倒快一圈,H,內圈 倒快一圈 (助手)
E356,17/04/2024,游水,沙田,,沙田,,,,,,,,游水,,
E356,17/04/2024,踱步,沙田,內圈,沙田 內圈,,,,,,助手,,快踱一圈,H,內圈 快踱一圈 (助手)
E356,16/04/2024,游水,沙田,,沙田,,,,,,,,游水,,
E356,16/04/2024,踱步,沙田,內圈,沙田 內圈,,,,,,助手,,快踱一圈,H,內圈 快踱一圈 (助手)
E356,15/04/2024,游水,沙田,,沙田,,,,,,,,游水,,
E356,15/04/2024,快操,沙田,全天候,沙田 全天候,,59.0,59.0,32.4 26.6,,助手,,快操,H,32.4 26.6 (59.0) (助手)
E356,15/04/2024,踱步,沙田,飛機場,沙田 飛機場,,,,,,助手,,踱步,H,飛機場 踱步 (助手)
E356,14/04/2024,游水,沙田,,沙田,,,,,,,,游水,,
E356,14/04/2024,踱步,沙田,內圈,沙田 內圈,,,,,,助手,,快踱一圈,H,內圈 快踱一圈 (助手)
E356,13/04/2024,游水,沙田,,沙田,,,,,,,,游水,,
E356,13/04/2024,踱步,沙田,內圈,沙田 內圈,,,,,,助手,,快踱一圈,H,內圈 快踱一圈 (助手)
E356,12/04/2024,游水,沙田,,沙田,,,,,,,,游水,,
E356,12/04/2024,踱步,沙田,內圈,沙田 內圈,,,,,,助手,,快踱一圈,H,內圈 快踱一圈 (助手)
E356,11/04/2024,游水,沙田,,沙田,,,,,,,,游水,,
E356,11/04/2024,踱步,沙田,飛機場,沙田 飛機場,,,,,,助手,,踱步,H,飛機場 踱步 (助手)
E356,10/04/2024,游水,沙田,,沙田,,,,,,,,游水,,
E356,09/04/2024,游水,沙田,,沙田,,,,,,,,游水,,
E356,08/04/2024,游水,沙田,,沙田,,,,,,,,游水,,
E356,07/04/2024,踱步,沙田,內圈,沙田 內圈,,,,,,助手,,快踱一圈,H,內圈 快踱一圈 (助手)
E356,06/04/2024,踱步,沙田,內圈,沙田 內圈,,,,,,助手,,快踱一圈,H,內圈 快踱一圈 (助手)
E356,05/04/2024,踱步,沙田,飛機場,沙田 飛機場,,,,,,助手,,踱步,H,飛機場 踱步 (助手)
E356,04/04/2024,游水,沙田,,沙田,,,,,,,,游水,,
E356,04/04/2024,快操,沙田,全天候,沙田 全天候,,56.4,56.4,30.5 25.9,,助手,,追風,H,30.5 25.9 (56.4) (助手) 追風
E356,04/04/2024,踱步,沙田,飛機場,沙田 飛機場,,,,,,助手,,踱步,H,飛機場 踱步 (助手)
E356,03/04/2024,游水,沙田,,沙田,,,,,,,,游水,,
E356,03/04/2024,踱步,沙田,內圈,沙田 內圈,,,,,,助手,,快踱一圈,H,內圈 快踱一圈 (助手)
E356,02/04/2024,游水,沙田,,沙田,,,,,,,,游水,,
E356,02/04/2024,踱步,沙田,內圈,沙田 內圈,,,,,,助手,,快踱一圈,H,內圈 快踱一圈 (助手)
E356,01/04/2024,游水,沙田,,沙田,,,,,,,,游水,,
E356,01/04/2024,快操,沙田,草地,沙田 草地,,54.0,54.0,29.2 24.8,,艾兆禮,,快操,H,29.2 24.8 (54.0) (艾兆禮)
E356,01/04/2024,踱步,沙田,飛機場,沙田 飛機場,,,,,,助手,,踱步,H,飛機場 踱步 (助手)
E356,31/03/2024,游水,沙田,,沙田,,,,,,,,游水,,
E356,31/03/2024,踱步,沙田,內圈,沙田 內圈,,,,,,助手,,快踱一圈,H,內圈 快踱一圈 (助手)
E356,30/03/2024,游水,沙田,,沙田,,,,,,,,游水,,
E356,30/03/2024,踱步,沙田,內圈,沙田 內圈,,,,,,助手,,快踱一圈,H,內圈 快踱一圈 (助手)
E356,29/03/2024,快操,沙田,全天候,沙田 全天候,,59.5,59.5,32.8 26.7,,助手,,快操,H,32.8 26.7 (59.5) (助手)
E356,29/03/2024,踱步,沙田,飛機場,沙田 飛機場,,,,,,助手,,踱步,H,飛機場 踱步 (助手)
E356,28/03/2024,踱步,沙田,內圈,沙田 內圈,,,,,,助手,,倒快一圈,H,內圈 倒快一圈 (助手)
E356,27/03/2024,踱步,沙田,內圈,沙田 內圈,,,,,,助手,,快踱一圈,H,內圈 快踱一圈 (助手)
E356,26/03/2024,快操,沙田,全天候,沙田 全天候,,59.1,59.1,31.9 27.2,,助手,,快操,H,31.9 27.2 (59.1) (助手)
E356,25/03/2024,踱步,沙田,內圈,沙田 內圈,,,,,,助手,,倒快一圈,H,內圈 倒快一圈 (助手)
E356,24/03/2024,踱步,沙田,內圈,沙田 內圈,,,,,,助手,,快踱一圈,H,內圈 快踱一圈 (助手)
E356,23/03/2024,快操,沙田,全天候,沙田 全天候,,58.5,58.5,32.3 26.2,,助手,,快操,H,32.3 26.2 (58.5) (助手)
E356,23/03/2024,踱步,沙田,飛機場,沙田 飛機場,,,,,,助手,,踱步,H,飛機場 踱步 (助手)
E356,22/03/2024,踱步,沙田,內圈,沙田 內圈,,,,,,助手,,快踱一圈,H,內圈 快踱一圈 (助手)
E356,21/03/2024,踱步,沙田,內圈,沙田 內圈,,,,,,助手,,倒快一圈,H,內圈 倒快一圈 (助手)
E356,20/03/2024,踱步,沙田,內圈,沙田 內圈,,,,,,助手,,快踱一圈,H,內圈 快踱一圈 (助手)
E356,19/03/2024,快操,沙田,全天候,沙田 全天候,,58.8,58.8,31.5 27.3,,助手,,快操,H,31.5 27.3 (58.8) (助手)
E356,19/03/2024,踱步,沙田,內圈,沙田 內圈,,,,,,助手,,快踱一圈,H,內圈 快踱一圈 (助手)
E356,18/03/2024,踱步,沙田,內圈,沙田 內圈,,,,,,助手,,倒快一圈,H,內圈 倒快一圈 (助手)
E356,17/03/2024,踱步,沙田,內圈,沙田 內圈,,,,,,助手,,快踱一圈,H,內圈 快踱一圈 (助手)
E356,16/03/2024,踱步,沙田,內圈,沙田 內圈,,,,,,助手,,快踱一圈,H,內圈 快踱一圈 (助手)
E356,15/03/2024,踱步,沙田,內圈,沙田 內圈,,,,,,助手,,快踱一圈,H,內圈 快踱一圈 (助手)
E356,14/03/2024,踱步,沙田,飛機場,沙田 飛機場,,,,,,助手,,踱步,H,飛機場 踱步 (助手)
E356,10/03/2024,踱步,沙田,內圈,沙田 內圈,,,,,,助手,,快踱一圈,H,內圈 快踱一圈 (助手)
E356,09/03/2024,游水,沙田,,沙田,,,,,,,,游水,,
E356,09/03/2024,踱步,沙田,內圈,沙田 內圈,,,,,,助手,,快踱一圈,H,內圈 快踱一圈 (助手)
E356,08/03/2024,游水,沙田,,沙田,,,,,,,,游水,,
E356,08/03/2024,踱步,沙田,內圈,沙田 內圈,,,,,,助手,,快踱一圈,H,內圈 快踱一圈 (助手)
E356,07/03/2024,游水,沙田,,沙田,,,,,,,,游水,,
E356,07/03/2024,快操,沙田,草地,沙田 草地,,58.8,58.8,32.2 26.6,,副練馬師,,快操,H,32.2 26.6 (58.8) (副練馬師)
E356,07/03/2024,踱步,沙田,飛機場,沙田 飛機場,,,,,,副練馬師,,踱步,H,飛機場 踱步 (副練馬師)
E356,06/03/2024,游水,沙田,,沙田,,,,,,,,游水,,
E356,06/03/2024,踱步,沙田,內圈,沙田 內圈,,,,,,助手,,快踱一圈,H,內圈 快踱一圈 (助手)
E356,05/03/2024,游水,沙田,,沙田,,,,,,,,游水,,
E356,05/03/2024,踱步,沙田,內圈,沙田 內圈,,,,,,助手,,快踱一圈,H,內圈 快踱一圈 (助手)
E356,04/03/2024,游水,沙田,,沙田,,,,,,,,游水,,
E356,04/03/2024,快操,沙田,全天候,沙田 全天候,,58.5,58.5,32.1 26.4,,艾兆禮,,快操,H,32.1 26.4 (58.5) (艾兆禮)
E356,04/03/2024,踱步,沙田,內圈,沙田 內圈,,,,,,助手,,倒快一圈,H,內圈 倒快一圈 (助手)
E356,03/03/2024,游水,沙田,,沙田,,,,,,,,游水,,
E356,03/03/2024,踱步,沙田,內圈,沙田 內圈,,,,,,助手,,快踱一圈,H,內圈 快踱一圈 (助手)
E356,02/03/2024,游水,沙田,,沙田,,,,,,,,游水,,
E356,02/03/2024,踱步,沙田,內圈,沙田 內圈,,,,,,助手,,快踱一圈,H,內圈 快踱一圈 (助手)
E356,01/03/2024,游水,沙田,,沙田,,,,,,,,游水,,
E356,01/03/2024,踱步,沙田,內圈,沙田 內圈,,,,,,助手,,快踱一圈,H,內圈 快踱一圈 (助手)
E356,29/02/2024,游水,沙田,,沙田,,,,,,,,游水,,
E356,28/02/2024,游水,沙田,,沙田,,,,,,,,游水,,
E356,27/02/2024,試閘,沙田,全天候,沙田 全天候,1200M,1.09.55,69.55,23.8 21.8 23.9,美麗第一,艾兆禮,,第1組,,第1組 (艾兆禮) 1200M 美麗第一 23.8 21.8 23.9 (1.09.55)
E356,27/02/2024,游水,沙田,,沙田,,,,,,,,游水,,
E356,26/02/2024,游水,沙田,,沙田,,,,,,,,游水,,
E356,26/02/2024,踱步,沙田,內圈,沙田 內圈,,,,,,助手,,倒快一圈,H,內圈 倒快一圈 (助手)
E356,25/02/2024,游水,沙田,,沙田,,,,,,,,游水,,
E356,25/02/2024,踱步,沙田,內圈,沙田 內圈,,,,,,助手,,快踱一圈,H,內圈 快踱一圈 (助手)
E356,24/02/2024,游水,沙田,,沙田,,,,,,,,游水,,
E356,24/02/2024,快操,沙田,全天候,沙田 全天候,,58.4,58.4,33.0 25.4,,助手,,快操,H,33.0 25.4 (58.4) (助手)
E356,24/02/2024,踱步,沙田,飛機場,沙田 飛機場,,,,,,助手,,踱步,H,飛機場 踱步 (助手)
E356,23/02/2024,游水,沙田,,沙田,,,,,,,,游水,,
E356,23/02/2024,踱步,沙田,內圈,沙田 內圈,,,,,,助手,,快踱一圈,H,內圈 快踱一圈 (助手)
E356,22/02/2024,游水,沙田,,沙田,,,,,,,,游水,,
E356,22/02/2024,踱步,沙田,內圈,沙田 內圈,,,,,,助手,,倒快一圈,H,內圈 倒快一圈 (助手)
E356,21/02/2024,游水,沙田,,沙田,,,,,,,,游水,,
E356,21/02/2024,快操,沙田,全天候,沙田 全天候,,57.8,57.8,31.8 26.0,,助手,,快操,H,31.8 26.0 (57.8) (助手)
E356,21/02/2024,踱步,沙田,飛機場,沙田 飛機場,,,,,,助手,,踱步,H,飛機場 踱步 (助手)
E356,20/02/2024,游水,沙田,,沙田,,,,,,,,游水,,
E356,20/02/2024,踱步,沙田,內圈,沙田 內圈,,,,,,助手,,快踱一圈,H,內圈 快踱一圈 (助手)
E356,19/02/2024,游水,沙田,,沙田,,,,,,,,游水,,
E356,19/02/2024,踱步,沙田,內圈,沙田 內圈,,,,,,助手,,倒快一圈,H,內圈 倒快一圈 (助手)
E356,18/02/2024,游水,沙田,,沙田,,,,,,,,游水,,
E356,18/02/2024,踱步,沙田,內圈,沙田 內圈,,,,,,助手,,快踱一圈,H,內圈 快踱一圈 (助手)
E356,17/02/2024,游水,沙田,,沙田,,,,,,,,游水,,
E356,17/02/2024,快操,沙田,全天候,沙田 全天候,,58.5,58.5,32.2 26.3,,助手,,快操,H,32.2 26.3 (58.5) (助手)
E356,17/02/2024,踱步,沙田,飛機場,沙田 飛機場,,,,,,助手,,踱步,H,飛機場 踱步 (助手)
E356,16/02/2024,游水,沙田,,沙田,,,,,,,,游水,,
E356,16/02/2024,踱步,沙田,內圈,沙田 內圈,,,,,,助手,,快踱一圈,H,內圈 快踱一圈 (助手)
E356,15/02/2024,游水,沙田,,沙田,,,,,,,,游水,,
E356,15/02/2024,踱步,沙田,內圈,沙田 內圈,,,,,,助手,,倒快一圈,H,內圈 倒快一圈 (助手)
E356,14/02/2024,游水,沙田,,沙田,,,,,,,,游水,,
E356,14/02/2024,踱步,沙田,內圈,沙田 內圈,,,,,,助手,,快踱一圈,H,內圈 快踱一圈 (助手)
E356,13/02/2024,游水,沙田,,沙田,,,,,,,,游水,,
E356,13/02/2024,快操,沙田,全天候,沙田 全天候,,58.9,58.9,31.9 27.0,,助手,,快操,H,31.9 27.0 (58.9) (助手)
E356,13/02/2024,踱步,沙田,飛機場,沙田 飛機場,,,,,,助手,,踱步,H,飛機場 踱步 (助手)
E356,12/02/2024,游水,沙田,,沙田,,,,,,,,游水,,
E356,12/02/2024,踱步,沙田,內圈,沙田 內圈,,,,,,助手,,倒快一圈,H,內圈 倒快一圈 (助手)
E356,11/02/2024,游水,沙田,,沙田,,,,,,,,游水,,
E356,11/02/2024,踱步,沙田,內圈,沙田 內圈,,,,,,助手,,快踱一圈,H,內圈 快踱一圈 (助手)
E356,09/02/2024,游水,沙田,,沙田,,,,,,,,游水,,
E356,09/02/2024,快操,沙田,全天候,沙田 全天候,,57.6,57.6,31.7 25.9,,助手,,快操,H,31.7 25.9 (57.6) (助手)
E356,09/02/2024,踱步,沙田,飛機場,沙田 飛機場,,,,,,助手,,踱步,H,飛機場 踱步 (助手)
E356,08/02/2024,游水,沙田,,沙田,,,,,,,,游水,,
E356,08/02/2024,踱步,沙田,內圈,沙田 內圈,,,,,,助手,,倒快一圈,H,內圈 倒快一圈 (助手)
E356,07/02/2024,游水,沙田,,沙田,,,,,,,,游水,,
E356,07/02/2024,踱步,沙田,內圈,沙田 內圈,,,,,,助手,,快踱一圈,H,內圈 快踱一圈 (助手)
E356,06/02/2024,游水,沙田,,沙田,,,,,,,,游水,,
E356,06/02/2024,踱步,沙田,內圈,沙田 內圈,,,,,,助手,,快踱一圈,H,內圈 快踱一圈 (助手)
E356,05/02/2024,游水,沙田,,沙田,,,,,,,,游水,,
E356,05/02/2024,快操,沙田,全天候,沙田 全天候,,58.0,58.0,31.6 26.4,,助手,,快操,H,31.6 26.4 (58.0) (助手)
E356,05/02/2024,踱步,沙田,飛機場,沙田 飛機場,,,,,,助手,,踱步,H,飛機場 踱步 (助手)
E356,04/02/2024,游水,沙田,,沙田,,,,,,,,游水,,
E356,04/02/2024,踱步,沙田,內圈,沙田 內圈,,,,,,助手,,快踱一圈,H,內圈 快踱一圈 (助手)
E356,03/02/2024,游水,沙田,,沙田,,,,,,,,游水,,
E356,03/02/2024,踱步,沙田,內圈,沙田 內圈,,,,,,助手,,快踱一圈,H,內圈 快踱一圈 (助手)
E356,02/02/2024,游水,沙田,,沙田,,,,,,,,游水,,
E356,02/02/2024,踱步,沙田,內圈,沙田 內圈,,,,,,助手,,快踱一圈,H,內圈 快踱一圈 (助手)
E356,01/02/2024,游水,沙田,,沙田,,,,,,,,游水,,
E356,01/02/2024,踱步,沙田,飛機場,沙田 飛機場,,,,,,助手,,踱步,H,飛機場 踱步 (助手)
E356,31/01/2024,游水,沙田,,沙田,,,,,,,,游水,,
E356,30/01/2024,游水,沙田,,沙田,,,,,,,,游水,,
E356,29/01/2024,游水,沙田,,沙田,,,,,,,,游水,,
E356,28/01/2024,踱步,沙田,內圈,沙田 內圈,,,,,,助手,,快踱一圈,H,內圈 快踱一圈 (助手)
E356,27/01/2024,游水,沙田,,沙田,,,,,,,,游水,,
E356,27/01/2024,踱步,沙田,內圈,沙田 內圈,,,,,,助手,,快踱一圈,H,內圈 快踱一圈 (助手)
E356,26/01/2024,游水,沙田,,沙田,,,,,,,,游水,,
E356,26/01/2024,踱步,沙田,內圈,沙田 內圈,,,,,,助手,,快踱一圈,H,內圈 快踱一圈 (助手)
E356,25/01/2024,游水,沙田,,沙田,,,,,,,,游水,,
E356,25/01/2024,快操,沙田,全天候,沙田 全天候,,57.4,57.4,32.1 25.3,,副練馬師,,快操,H,32.1 25.3 (57.4) (副練馬師)
E356,25/01/2024,踱步,沙田,飛機場,沙田 飛機場,,,,,,副練馬師,,踱步,H,飛機場 踱步 (副練馬師)
E356,24/01/2024,游水,沙田,,沙田,,,,,,,,游水,,
E356,24/01/2024,踱步,沙田,內圈,沙田 內圈,,,,,,助手,,快踱一圈,H,內圈 快踱一圈 (助手)
E356,23/01/2024,踱步,沙田,內圈,沙田 內圈,,,,,,助手,,快踱一圈,H,內圈 快踱一圈 (助手)
E356,22/01/2024,快操,沙田,草閘,沙田 草閘,,54.0,54.0,28.2 25.8,,副練馬師,,快操,H,28.2 25.8 (54.0) (副練馬師)
E356,22/01/2024,踱步,沙田,飛機場,沙田 飛機場,,,,,,助手,,踱步,H,飛機場 踱步 (助手)
E356,21/01/2024,游水,沙田,,沙田,,,,,,,,游水,,
E356,21/01/2024,踱步,沙田,內圈,沙田 內圈,,,,,,助手,,快踱一圈,H,內圈 快踱一圈 (助手)
E356,20/01/2024,游水,沙田,,沙田,,,,,,,,游水,,
E356,20/01/2024,踱步,沙田,內圈,沙田 內圈,,,,,,助手,,快踱一圈,H,內圈 快踱一圈 (助手)
E356,19/01/2024,快操,沙田,全天候,沙田 全天候,,58.8,58.8,33.2 25.6,,助手,,快操,H,33.2 25.6 (58.8) (助手)
E356,19/01/2024,踱步,沙田,飛機場,沙田 飛機場,,,,,,助手,,踱步,H,飛機場 踱步 (助手)
E356,18/01/2024,游水,沙田,,沙田,,,,,,,,游水,,
E356,18/01/2024,踱步,沙田,內圈,沙田 內圈,,,,,,助手,,倒快一圈,H,內圈 倒快一圈 (助手)
E356,17/01/2024,游水,沙田,,沙田,,,,,,,,游水,,
E356,17/01/2024,踱步,沙田,內圈,沙田 內圈,,,,,,助手,,快踱一圈,H,內圈 快踱一圈 (助手)
E356,16/01/2024,游水,沙田,,沙田,,,,,,,,游水,,
E356,16/01/2024,快操,沙田,全天候,沙田 全天候,,57.3,57.3,32.7 24.6,,助手,,快操,H,32.7 24.6 (57.3) (助手)
E356,16/01/2024,踱步,沙田,飛機場,沙田 飛機場,,,,,,助手,,踱步,H,飛機場 踱步 (助手)
E356,15/01/2024,游水,沙田,,沙田,,,,,,,,游水,,
E356,15/01/2024,踱步,沙田,內圈,沙田 內圈,,,,,,助手,,倒快一圈,H,內圈 倒快一圈 (助手)
E356,14/01/2024,踱步,沙田,內圈,沙田 內圈,,,,,,助手,,快踱一圈,H,內圈 快踱一圈 (助手)
E356,13/01/2024,踱步,沙田,內圈,沙田 內圈,,,,,,助手,,快踱一圈,H,內圈 快踱一圈 (助手)
E356,12/01/2024,踱步,沙田,內圈,沙田 內圈,,,,,,助手,,快踱一圈,H,內圈 快踱一圈 (助手)
E356,11/01/2024,踱步,沙田,飛機場,沙田 飛機場,,,,,,助手,,踱步,H,飛機場 踱步 (助手)
E356,09/01/2024,試閘,沙田,草地,沙田 草地,1000M,0.58.76,58.76,14.3 21.7 22.7,金鑽貴人,艾兆禮,,第1組,,第1組 (艾兆禮) 1000M 金鑽貴人 14.3 21.7 22.7 (0.58.76)
E356,08/01/2024,游水,沙田,,沙田,,,,,,,,游水,,
E356,08/01/2024,踱步,沙田,內圈,沙田 內圈,,,,,,助手,,倒快一圈,H,內圈 倒快一圈 (助手)
E356,07/01/2024,游水,沙田,,沙田,,,,,,,,游水,,
E356,07/01/2024,快操,沙田,全天候,沙田 全天候,,56.9,56.9,31.2 25.7,,助手,,快操,H,31.2 25.7 (56.9) (助手)
E356,07/01/2024,踱步,沙田,飛機場,沙田 飛機場,,,,,,助手,,踱步,H,飛機場 踱步 (助手)
E356,06/01/2024,游水,沙田,,沙田,,,,,,,,游水,,
E356,06/01/2024,踱步,沙田,內圈,沙田 內圈,,,,,,助手,,快踱一圈,H,內圈 快踱一圈 (助手)
E356,05/01/2024,游水,沙田,,沙田,,,,,,,,游水,,
E356,05/01/2024,踱步,沙田,內圈,沙田 內圈,,,,,,助手,,快踱一圈,H,內圈 快踱一圈 (助手)
E356,04/01/2024,游水,沙田,,沙田,,,,,,,,游水,,
E356,04/01/2024,快操,沙田,全天候,沙田 全天候,,55.6,55.6,30.3 25.3,,助手,,快操,H,30.3 25.3 (55.6) (助手)
E356,04/01/2024,踱步,沙田,飛機場,沙田 飛機場,,,,,,助手,,踱步,H,飛機場 踱步 (助手)
E356,03/01/2024,游水,沙田,,沙田,,,,,,,,游水,,
E356,03/01/2024,踱步,沙田,內圈,沙田 內圈,,,,,,助手,,快踱一圈,H,內圈 快踱一圈 (助手)
E356,02/01/2024,游水,沙田,,沙田,,,,,,,,游水,,
E356,02/01/2024,踱步,沙田,內圈,沙田 內圈,,,,,,助手,,快踱一圈,H,內圈 快踱一圈 (助手)
E356,01/01/2024,游水,沙田,,沙田,,,,,,,,游水,,
E356,01/01/2024,踱步,沙田,內圈,沙田 內圈,,,,,,助手,,倒快一圈,H,內圈 倒快一圈 (助手)
E356,31/12/2023,游水,沙田,,沙田,,,,,,,,游水,,
E356,31/12/2023,快操,沙田,全天候,沙田 全天候,,57.4,57.4,31.7 25.7,,助手,,快操,H,31.7 25.7 (57.4) (助手)
E356,31/12/2023,踱步,沙田,飛機場,沙田 飛機場,,,,,,助手,,踱步,H,飛機場 踱步 (助手)
E356,30/12/2023,游水,沙田,,沙田,,,,,,,,游水,,
E356,30/12/2023,踱步,沙田,內圈,沙田 內圈,,,,,,助手,,快踱一圈,H,內圈 快踱一圈 (助手)
E356,29/12/2023,游水,沙田,,沙田,,,,,,,,游水,,
E356,29/12/2023,踱步,沙田,內圈,沙田 內圈,,,,,,助手,,快踱一圈,H,內圈 快踱一圈 (助手)
E356,28/12/2023,游水,沙田,,沙田,,,,,,,,游水,,
E356,28/12/2023,踱步,沙田,內圈,沙田 內圈,,,,,,助手,,倒快一圈,H,內圈 倒快一圈 (助手)
E356,27/12/2023,游水,沙田,,沙田,,,,,,,,游水,,
E356,27/12/2023,快操,沙田,全天候,沙田 全天候,,57.5,57.5,31.9 25.6,,助手,,快操,H,31.9 25.6 (57.5) (助手)
E356,27/12/2023,踱步,沙田,飛機場,沙田 飛機場,,,,,,助手,,踱步,H,飛機場 踱步 (助手)
E356,26/12/2023,游水,沙田,,沙田,,,,,,,,游水,,
E356,26/12/2023,踱步,沙田,內圈,沙田 內圈,,,,,,助手,,快踱一圈,H,內圈 快踱一圈 (助手)
E356,25/12/2023,游水,沙田,,沙田,,,,,,,,游水,,
E356,25/12/2023,踱步,沙田,內圈,沙田 內圈,,,,,,助手,,倒快一圈,H,內圈 倒快一圈 (助手)
E356,24/12/2023,游水,沙田,,沙田,,,,,,,,游水,,
E356,24/12/2023,踱步,沙田,內圈,沙田 內圈,,,,,,助手,,快踱一圈,H,內圈 快踱一圈 (助手)
E356,23/12/2023,快操,沙田,全天候,沙田 全天候,,57.9,57.9,32.3 25.6,,助手,,快操,H,32.3 25.6 (57.9) (助手)
E356,23/12/2023,踱步,沙田,飛機場,沙田 飛機場,,,,,,助手,,踱步,H,飛機場 踱步 (助手)
E356,22/12/2023,踱步,沙田,內圈,沙田 內圈,,,,,,助手,,快踱一圈,H,內圈 快踱一圈 (助手)
E356,21/12/2023,踱步,沙田,內圈,沙田 內圈,,,,,,助手,,倒快一圈,H,內圈 倒快一圈 (助手)
E356,20/12/2023,游水,沙田,,沙田,,,,,,,,游水,,
E356,20/12/2023,踱步,沙田,內圈,沙田 內圈,,,,,,助手,,快踱一圈,H,內圈 快踱一圈 (助手)
E356,19/12/2023,游水,沙田,,沙田,,,,,,,,游水,,
E356,19/12/2023,快操,沙田,全天候,沙田 全天候,,56.4,56.4,30.3 26.1,,助手,,快操,H,30.3 26.1 (56.4) (助手)
E356,19/12/2023,踱步,沙田,飛機場,沙田 飛機場,,,,,,助手,,踱步,H,飛機場 踱步 (助手)
E356,18/12/2023,游水,沙田,,沙田,,,,,,,,游水,,
E356,18/12/2023,踱步,沙田,內圈,沙田 內圈,,,,,,助手,,倒快一圈,H,內圈 倒快一圈 (助手)
E356,17/12/2023,游水,沙田,,沙田,,,,,,,,游水,,
E356,17/12/2023,踱步,沙田,內圈,沙田 內圈,,,,,,助手,,快踱一圈,H,內圈 快踱一圈 (助手)
E356,16/12/2023,游水,沙田,,沙田,,,,,,,,游水,,
E356,16/12/2023,踱步,沙田,內圈,沙田 內圈,,,,,,助手,,快踱一圈,H,內圈 快踱一圈 (助手)
E356,15/12/2023,游水,沙田,,沙田,,,,,,,,游水,,
E356,15/12/2023,踱步,沙田,內圈,沙田 內圈,,,,,,助手,,快踱一圈,H,內圈 快踱一圈 (助手)
E356,14/12/2023,游水,沙田,,沙田,,,,,,,,游水,,
E356,14/12/2023,踱步,沙田,飛機場,沙田 飛機場,,,,,,助手,,踱步,H,飛機場 踱步 (助手)
E356,13/12/2023,游水,沙田,,沙田,,,,,,,,游水,,
E356,12/12/2023,游水,沙田,,沙田,,,,,,,,游水,,
E356,11/12/2023,游水,沙田,,沙田,,,,,,,,游水,,
E356,10/12/2023,踱步,沙田,內圈,沙田 內圈,,,,,,助手,,快踱一圈,H,內圈 快踱一圈 (助手)
E356,09/12/2023,游水,沙田,,沙田,,,,,,,,游水,,
E356,09/12/2023,踱步,沙田,內圈,沙田 內圈,,,,,,助手,,快踱一圈,H,內圈 快踱一圈 (助手)
E356,08/12/2023,游水,沙田,,沙田,,,,,,,,游水,,
E356,08/12/2023,踱步,沙田,內圈,沙田 內圈,,,,,,助手,,快踱一圈,H,內圈 快踱一圈 (助手)
E356,07/12/2023,快操,沙田,全天候,沙田 全天候,,1.23.4,83.4,30.6 28.1 24.7,,艾兆禮,,快操,H,30.6 28.1 24.7 (1.23.4) (艾兆禮)
E356,07/12/2023,踱步,沙田,飛機場,沙田 飛機場,,,,,,副練馬師,,踱步,H,飛機場 踱步 (副練馬師)
E356,06/12/2023,游水,沙田,,沙田,,,,,,,,游水,,
E356,06/12/2023,踱步,沙田,內圈,沙田 內圈,,,,,,助手,,快踱一圈,H,內圈 快踱一圈 (助手)
E356,05/12/2023,游水,沙田,,沙田,,,,,,,,游水,,
E356,05/12/2023,踱步,沙田,內圈,沙田 內圈,,,,,,助手,,快踱一圈,H,內圈 快踱一圈 (助手)
E356,04/12/2023,游水,沙田,,沙田,,,,,,,,游水,,
E356,04/12/2023,快操,沙田,草地,沙田 草地,,52.8,52.8,27.8 25.0,,助手,,快操,H,27.8 25.0 (52.8) (助手)
E356,04/12/2023,踱步,沙田,飛機場,沙田 飛機場,,,,,,副練馬師,,踱步,H,飛機場 踱步 (副練馬師)
E356,03/12/2023,游水,沙田,,沙田,,,,,,,,游水,,
E356,03/12/2023,踱步,沙田,內圈,沙田 內圈,,,,,,助手,,快踱一圈,H,內圈 快踱一圈 (助手)
E356,02/12/2023,游水,沙田,,沙田,,,,,,,,游水,,
E356,02/12/2023,踱步,沙田,內圈,沙田 內圈,,,,,,助手,,快踱一圈,H,內圈 快踱一圈 (助手)
E356,01/12/2023,游水,沙田,,沙田,,,,,,,,游水,,
E356,01/12/2023,快操,沙田,全天候,沙田 全天候,,58.8,58.8,33.5 25.3,,副練馬師,,快操,H,33.5 25.3 (58.8) (副練馬師)
E356,01/12/2023,踱步,沙田,飛機場,沙田 飛機場,,,,,,副練馬師,,踱步,H,飛機場 踱步 (副練馬師)
E356,30/11/2023,游水,沙田,,沙田,,,,,,,,游水,,
E356,30/11/2023,踱步,沙田,內圈,沙田 內圈,,,,,,助手,,倒快一圈,H,內圈 倒快一圈 (助手)
E356,29/11/2023,游水,沙田,,沙田,,,,,,,,游水,,
E356,29/11/2023,踱步,沙田,內圈,沙田 內圈,,,,,,助手,,快踱一圈,H,內圈 快踱一圈 (助手)
E356,28/11/2023,游水,沙田,,沙田,,,,,,,,游水,,
E356,28/11/2023,快操,沙田,全天候,沙田 全天候,,57.5,57.5,32.2 25.3,,助手,,快操,H,32.2 25.3 (57.5) (助手)
E356,28/11/2023,踱步,沙田,飛機場,沙田 飛機場,,,,,,助手,,踱步,H,飛機場 踱步 (助手)
E356,27/11/2023,游水,沙田,,沙田,,,,,,,,游水,,
E356,27/11/2023,踱步,沙田,內圈,沙田 內圈,,,,,,助手,,倒快一圈,H,內圈 倒快一圈 (助手)
E356,26/11/2023,游水,沙田,,沙田,,,,,,,,游水,,
E356,26/11/2023,踱步,沙田,內圈,沙田 內圈,,,,,,助手,,快踱一圈,H,內圈 快踱一圈 (助手)
E356,25/11/2023,游水,沙田,,沙田,,,,,,,,游水,,
E356,25/11/2023,踱步,沙田,內圈,沙田 內圈,,,,,,助手,,快踱一圈,H,內圈 快踱一圈 (助手)
E356,24/11/2023,游水,沙田,,沙田,,,,,,,,游水,,
E356,24/11/2023,踱步,沙田,內圈,沙田 內圈,,,,,,助手,,快踱一圈,H,內圈 快踱一圈 (助手)
E356,23/11/2023,游水,沙田,,沙田,,,,,,,,游水,,
E356,23/11/2023,踱步,沙田,飛機場,沙田 飛機場,,,,,,助手,,踱步,H,飛機場 踱步 (助手)
E356,22/11/2023,游水,沙田,,沙田,,,,,,,,游水,,
E356,21/11/2023,游水,沙田,,沙田,,,,,,,,游水,,
E356,20/11/2023,游水,沙田,,沙田,,,,,,,,游水,,
E356,19/11/2023,踱步,沙田,內圈,沙田 內圈,,,,,,助手,,快踱一圈,H,內圈 快踱一圈 (助手)
E356,18/11/2023,游水,沙田,,沙田,,,,,,,,游水,,
E356,18/11/2023,踱步,沙田,內圈,沙田 內圈,,,,,,助手,,快踱一圈,H,內圈 快踱一圈 (助手)
E356,17/11/2023,游水,沙田,,沙田,,,,,,,,游水,,
E356,17/11/2023,踱步,沙田,內圈,沙田 內圈,,,,,,助手,,快踱一圈,H,內圈 快踱一圈 (助手)
E356,16/11/2023,游水,沙田,,沙田,,,,,,,,游水,,
E356,16/11/2023,快操,沙田,全天候,沙田 全天候,,57.9,57.9,31.8 26.1,,助手,,快操,H,31.8 26.1 (57.9) (助手)
E356,16/11/2023,踱步,沙田,飛機場,沙田 飛機場,,,,,,助手,,踱步,H,飛機場 踱步 (助手)
E356,15/11/2023,游水,沙田,,沙田,,,,,,,,游水,,
E356,15/11/2023,踱步,沙田,內圈,沙田 內圈,,,,,,助手,,快踱一圈,H,內圈 快踱一圈 (助手)
E356,14/11/2023,游水,沙田,,沙田,,,,,,,,游水,,
E356,14/11/2023,踱步,沙田,內圈,沙田 內圈,,,,,,助手,,快踱一圈,H,內圈 快踱一圈 (助手)
E356,13/11/2023,踱步,沙田,內圈,沙田 內圈,,,,,,助手,,倒快一圈,H,內圈 倒快一圈 (助手)
E356,12/11/2023,游水,沙田,,沙田,,,,,,,,游水,,
E356,12/11/2023,踱步,沙田,內圈,沙田 內圈,,,,,,助手,,快踱一圈,H,內圈 快踱一圈 (助手)
E356,11/11/2023,游水,沙田,,沙田,,,,,,,,游水,,
E356,11/11/2023,踱步,沙田,內圈,沙田 內圈,,,,,,助手,,快踱一圈,H,內圈 快踱一圈 (助手)
E356,10/11/2023,踱步,沙田,內圈,沙田 內圈,,,,,,助手,,快踱一圈,H,內圈 快踱一圈 (助手)
E356,09/11/2023,踱步,沙田,飛機場,沙田 飛機場,,,,,,助手,,踱步,H,飛機場 踱步 (助手)
E356,07/11/2023,試閘,沙田,全天候,沙田 全天候,1200M,1.10.11,70.11,24.4 22.4 23.3,加州星球,艾兆禮,,第1組,,第1組 (艾兆禮) 1200M 加州星球 24.4 22.4 23.3 (1.10.11)
E356,07/11/2023,游水,沙田,,沙田,,,,,,,,游水,,
E356,07/11/2023,踱步,沙田,飛機場,沙田 飛機場,,,,,,助手,,踱步,H,飛機場 踱步 (助手)
E356,06/11/2023,游水,沙田,,沙田,,,,,,,,游水,,
E356,06/11/2023,踱步,沙田,內圈,沙田 內圈,,,,,,助手,,倒快一圈,H,內圈 倒快一圈 (助手)
E356,05/11/2023,游水,沙田,,沙田,,,,,,,,游水,,
E356,05/11/2023,踱步,沙田,內圈,沙田 內圈,,,,,,助手,,快踱一圈,H,內圈 快踱一圈 (助手)
E356,04/11/2023,游水,沙田,,沙田,,,,,,,,游水,,
E356,04/11/2023,快操,沙田,全天候,沙田 全天候,,58.4,58.4,32.3 26.1,,助手,,快操,H,32.3 26.1 (58.4) (助手)
E356,04/11/2023,踱步,沙田,飛機場,沙田 飛機場,,,,,,助手,,踱步,H,飛機場 踱步 (助手)
E356,03/11/2023,游水,沙田,,沙田,,,,,,,,游水,,
E356,03/11/2023,踱步,沙田,內圈,沙田 內圈,,,,,,助手,,快踱一圈,H,內圈 快踱一圈 (助手)
E356,02/11/2023,游水,沙田,,沙田,,,,,,,,游水,,
E356,02/11/2023,踱步,沙田,內圈,沙田 內圈,,,,,,助手,,倒快一圈,H,內圈 倒快一圈 (助手)
E356,01/11/2023,游水,沙田,,沙田,,,,,,,,游水,,
E356,01/11/2023,快操,沙田,全天候,沙田 全天候,,59.0,59.0,32.8 26.2,,助手,,快操,H,32.8 26.2 (59.0) (助手)
E356,01/11/2023,踱步,沙田,飛機場,沙田 飛機場,,,,,,助手,,踱步,H,飛機場 踱步 (助手)
E356,31/10/2023,游水,沙田,,沙田,,,,,,,,游水,,
E356,31/10/2023,踱步,沙田,內圈,沙田 內圈,,,,,,助手,,快踱一圈,H,內圈 快踱一圈 (助手)
E356,30/10/2023,游水,沙田,,沙田,,,,,,,,游水,,
E356,30/10/2023,踱步,沙田,內圈,沙田 內圈,,,,,,助手,,倒快一圈,H,內圈 倒快一圈 (助手)
E356,29/10/2023,游水,沙田,,沙田,,,,,,,,游水,,
E356,29/10/2023,踱步,沙田,內圈,沙田 內圈,,,,,,助手,,快踱一圈,H,內圈 快踱一圈 (助手)
E356,28/10/2023,游水,沙田,,沙田,,,,,,,,游水,,
E356,28/10/2023,快操,沙田,全天候,沙田 全天候,,57.5,57.5,31.3 26.2,,助手,,快操,H,31.3 26.2 (57.5) (助手)
E356,28/10/2023,踱步,沙田,飛機場,沙田 飛機場,,,,,,助手,,踱步,H,飛機場 踱步 (助手)
E356,27/10/2023,游水,沙田,,沙田,,,,,,,,游水,,
E356,27/10/2023,踱步,沙田,內圈,沙田 內圈,,,,,,助手,,快踱一圈,H,內圈 快踱一圈 (助手)
E356,26/10/2023,游水,沙田,,沙田,,,,,,,,游水,,
E356,25/10/2023,游水,沙田,,沙田,,,,,,,,游水,,
E356,25/10/2023,踱步,沙田,內圈,沙田 內圈,,,,,,助手,,快踱一圈,H,內圈 快踱一圈 (助手)
E356,24/10/2023,游水,沙田,,沙田,,,,,,,,游水,,
E356,24/10/2023,快操,沙田,全天候,沙田 全天候,,58.7,58.7,32.3 26.4,,副練馬師,,快操,H,32.3 26.4 (58.7) (副練馬師)
E356,24/10/2023,踱步,沙田,飛機場,沙田 飛機場,,,,,,助手,,踱步,H,飛機場 踱步 (助手)
E356,23/10/2023,游水,沙田,,沙田,,,,,,,,游水,,
E356,23/10/2023,踱步,沙田,內圈,沙田 內圈,,,,,,助手,,倒快一圈,H,內圈 倒快一圈 (助手)
E356,22/10/2023,游水,沙田,,沙田,,,,,,,,游水,,
E356,22/10/2023,踱步,沙田,內圈,沙田 內圈,,,,,,助手,,快踱一圈,H,內圈 快踱一圈 (助手)
E356,21/10/2023,游水,沙田,,沙田,,,,,,,,游水,,
E356,21/10/2023,踱步,沙田,內圈,沙田 內圈,,,,,,助手,,快踱一圈,H,內圈 快踱一圈 (助手)
E356,20/10/2023,游水,沙田,,沙田,,,,,,,,游水,,
E356,20/10/2023,踱步,沙田,內圈,沙田 內圈,,,,,,助手,,快踱一圈,H,內圈 快踱一圈 (助手)
E356,19/10/2023,游水,沙田,,沙田,,,,,,,,游水,,
E356,19/10/2023,踱步,沙田,飛機場,沙田 飛機場,,,,,,助手,,踱步,H,飛機場 踱步 (助手)
E356,18/10/2023,游水,沙田,,沙田,,,,,,,,游水,,
E356,17/10/2023,游水,沙田,,沙田,,,,,,,,游水,,
E356,15/10/2023,踱步,沙田,內圈,沙田 內圈,,,,,,助手,,快踱一圈,H,內圈 快踱一圈 (助手)
E356,14/10/2023,游水,沙田,,沙田,,,,,,,,游水,,
E356,14/10/2023,踱步,沙田,內圈,沙田 內圈,,,,,,助手,,快踱一圈,H,內圈 快踱一圈 (助手)
E356,13/10/2023,游水,沙田,,沙田,,,,,,,,游水,,
E356,13/10/2023,快操,沙田,全天候,沙田 全天候,,58.2,58.2,31.8 26.4,,助手,,快操,H,31.8 26.4 (58.2) (助手)
E356,13/10/2023,踱步,沙田,飛機場,沙田 飛機場,,,,,,助手,,踱步,H,飛機場 踱步 (助手)
E356,12/10/2023,游水,沙田,,沙田,,,,,,,,游水,,
E356,12/10/2023,踱步,沙田,內圈,沙田 內圈,,,,,,助手,,倒快一圈,H,內圈 倒快一圈 (助手)
E356,11/10/2023,游水,沙田,,沙田,,,,,,,,游水,,
E356,11/10/2023,踱步,沙田,內圈,沙田 內圈,,,,,,助手,,快踱一圈,H,內圈 快踱一圈 (助手)
E356,10/10/2023,快操,沙田,全天候,沙田 全天候,,57.5,57.5,30.2 27.3,,艾兆禮,,快操,H,30.2 27.3 (57.5) (艾兆禮)
E356,10/10/2023,踱步,沙田,飛機場,沙田 飛機場,,,,,,助手,,踱步,H,飛機場 踱步 (助手)
E356,08/10/2023,游水,沙田,,沙田,,,,,,,,游水,,
E356,08/10/2023,踱步,沙田,內圈,沙田 內圈,,,,,,助手,,快踱一圈,H,內圈 快踱一圈 (助手)
E356,07/10/2023,游水,沙田,,沙田,,,,,,,,游水,,
E356,07/10/2023,踱步,沙田,內圈,沙田 內圈,,,,,,助手,,快踱一圈,H,內圈 快踱一圈 (助手)
E356,06/10/2023,游水,沙田,,沙田,,,,,,,,游水,,
E356,06/10/2023,踱步,沙田,內圈,沙田 內圈,,,,,,助手,,快踱一圈,H,內圈 快踱一圈 (助手)
E356,05/10/2023,游水,沙田,,沙田,,,,,,,,游水,,
E356,05/10/2023,快操,沙田,全天候,沙田 全天候,,56.8,56.8,31.6 25.2,,助手,,快操,H,31.6 25.2 (56.8) (助手)
E356,05/10/2023,踱步,沙田,飛機場,沙田 飛機場,,,,,,助手,,踱步,H,飛機場 踱步 (助手)
E356,04/10/2023,游水,沙田,,沙田,,,,,,,,游水,,
E356,04/10/2023,踱步,沙田,內圈,沙田 內圈,,,,,,助手,,快踱一圈,H,內圈 快踱一圈 (助手)
E356,03/10/2023,游水,沙田,,沙田,,,,,,,,游水,,
E356,03/10/2023,踱步,沙田,內圈,沙田 內圈,,,,,,助手,,快踱一圈,H,內圈 快踱一圈 (助手)
E356,02/10/2023,游水,沙田,,沙田,,,,,,,,游水,,
E356,02/10/2023,踱步,沙田,內圈,沙田 內圈,,,,,,助手,,倒快一圈,H,內圈 倒快一圈 (助手)
E356,01/10/2023,踱步,沙田,內圈,沙田 內圈,,,,,,助手,,快踱一圈,H,內圈 快踱一圈 (助手)
E356,30/09/2023,踱步,沙田,內圈,沙田 內圈,,,,,,助手,,快踱一圈,H,內圈 快踱一圈 (助手)
E356,29/09/2023,踱步,沙田,內圈,沙田 內圈,,,,,,助手,,快踱一圈,H,內圈 快踱一圈 (助手)
E356,28/09/2023,踱步,沙田,飛機場,沙田 飛機場,,,,,,助手,,踱步,H,飛機場 踱步 (助手)
E356,26/09/2023,試閘,沙田,全天候,沙田 全天候,1200M,1.10.82,70.82,24.4 22.9 23.5,年少有威,蔡明紹,,第10組,,第10組 (蔡明紹) 1200M 年少有威 24.4 22.9 23.5 (1.10.82)
E356,25/09/2023,游水,沙田,,沙田,,,,,,,,游水,,
E356,25/09/2023,踱步,沙田,內圈,沙田 內圈,,,,,,助手,,倒快一圈,H,內圈 倒快一圈 (助手)
E356,24/09/2023,游水,沙田,,沙田,,,,,,,,游水,,
E356,24/09/2023,踱步,沙田,內圈,沙田 內圈,,,,,,助手,,快踱一圈,H,內圈 快踱一圈 (助手)
E356,23/09/2023,游水,沙田,,沙田,,,,,,,,游水,,
E356,23/09/2023,踱步,沙田,內圈,沙田 內圈,,,,,,助手,,快踱一圈,H,內圈 快踱一圈 (助手)
E356,22/09/2023,游水,沙田,,沙田,,,,,,,,游水,,
E356,22/09/2023,快操,沙田,全天候,沙田 全天候,,57.3,57.3,31.4 25.9,,助手,,快操,H,31.4 25.9 (57.3) (助手)
E356,22/09/2023,踱步,沙田,飛機場,沙田 飛機場,,,,,,助手,,踱步,H,飛機場 踱步 (助手)
E356,21/09/2023,游水,沙田,,沙田,,,,,,,,游水,,
E356,21/09/2023,踱步,沙田,內圈,沙田 內圈,,,,,,助手,,倒快一圈,H,內圈 倒快一圈 (助手)
E356,20/09/2023,游水,沙田,,沙田,,,,,,,,游水,,
E356,20/09/2023,踱步,沙田,內圈,沙田 內圈,,,,,,助手,,快踱一圈,H,內圈 快踱一圈 (助手)
E356,19/09/2023,游水,沙田,,沙田,,,,,,,,游水,,
E356,19/09/2023,踱步,沙田,內圈,沙田 內圈,,,,,,助手,,快踱一圈,H,內圈 快踱一圈 (助手)
E356,18/09/2023,游水,沙田,,沙田,,,,,,,,游水,,
E356,18/09/2023,快操,沙田,全天候,沙田 全天候,,58.3,58.3,33.5 24.8,,助手,,快操,H,33.5 24.8 (58.3) (助手)
E356,18/09/2023,踱步,沙田,飛機場,沙田 飛機場,,,,,,助手,,踱步,H,飛機場 踱步 (助手)
E356,17/09/2023,游水,沙田,,沙田,,,,,,,,游水,,
E356,17/09/2023,踱步,沙田,內圈,沙田 內圈,,,,,,助手,,快踱一圈,H,內圈 快踱一圈 (助手)
E356,16/09/2023,游水,沙田,,沙田,,,,,,,,游水,,
E356,16/09/2023,踱步,沙田,內圈,沙田 內圈,,,,,,助手,,快踱一圈,H,內圈 快踱一圈 (助手)
E356,15/09/2023,游水,沙田,,沙田,,,,,,,,游水,,
E356,15/09/2023,踱步,沙田,內圈,沙田 內圈,,,,,,助手,,快踱一圈,H,內圈 快踱一圈 (助手)
E356,14/09/2023,游水,沙田,,沙田,,,,,,,,游水,,
E356,14/09/2023,快操,沙田,全天候,沙田 全天候,,59.0,59.0,32.5 26.5,,助手,,快操,H,32.5 26.5 (59.0) (助手)
E356,13/09/2023,游水,沙田,,沙田,,,,,,,,游水,,
E356,13/09/2023,踱步,沙田,內圈,沙田 內圈,,,,,,助手,,快踱一圈,H,內圈 快踱一圈 (助手)
E356,12/09/2023,游水,沙田,,沙田,,,,,,,,游水,,
E356,12/09/2023,踱步,沙田,內圈,沙田 內圈,,,,,,助手,,快踱一圈,H,內圈 快踱一圈 (助手)
E356,10/09/2023,踱步,沙田,內圈,沙田 內圈,,,,,,助手,,快踱一圈,H,內圈 快踱一圈 (助手)
E356,09/09/2023,踱步,沙田,內圈,沙田 內圈,,,,,,助手,,快踱一圈,H,內圈 快踱一圈 (助手)
E356,06/09/2023,踱步,沙田,內圈,沙田 內圈,,,,,,助手,,快踱一圈,H,內圈 快踱一圈 (助手)
E356,05/09/2023,游水,沙田,,沙田,,,,,,,,游水,,
E356,05/09/2023,快操,沙田,全天候,沙田 全天候,,57.5,57.5,31.6 25.9,,助手,,快操,H,31.6 25.9 (57.5) (助手)
E356,05/09/2023,踱步,沙田,飛機場,沙田 飛機場,,,,,,助手,,踱步,H,飛機場 踱步 (助手)
E356,04/09/2023,游水,沙田,,沙田,,,,,,,,游水,,
E356,04/09/2023,踱步,沙田,內圈,沙田 內圈,,,,,,助手,,倒快一圈,H,內圈 倒快一圈 (助手)
E356,03/09/2023,游水,沙田,,沙田,,,,,,,,游水,,
E356,03/09/2023,踱步,沙田,內圈,沙田 內圈,,,,,,助手,,快踱一圈,H,內圈 快踱一圈 (助手)
E356,31/08/2023,游水,沙田,,沙田,,,,,,,,游水,,
E356,31/08/2023,踱步,沙田,內圈,沙田 內圈,,,,,,助手,,倒快一圈,H,內圈 倒快一圈 (助手)
E356,30/08/2023,游水,沙田,,沙田,,,,,,,,游水,,
E356,30/08/2023,踱步,沙田,內圈,沙田 內圈,,,,,,助手,,快踱一圈,H,內圈 快踱一圈 (助手)
E356,29/08/2023,游水,沙田,,沙田,,,,,,,,游水,,
E356,29/08/2023,踱步,沙田,內圈,沙田 內圈,,,,,,助手,,快踱一圈,H,內圈 快踱一圈 (助手)
E356,28/08/2023,游水,沙田,,沙田,,,,,,,,游水,,
E356,28/08/2023,快操,沙田,全天候,沙田 全天候,,58.3,58.3,31.6 26.7,,助手,,開心高球,H,31.6 26.7 (58.3) (助手) 開心高球
E356,28/08/2023,踱步,沙田,飛機場,沙田 飛機場,,,,,,助手,,踱步,H,飛機場 踱步 (助手)
E356,27/08/2023,游水,沙田,,沙田,,,,,,,,游水,,
E356,27/08/2023,踱步,沙田,內圈,沙田 內圈,,,,,,助手,,快踱一圈,H,內圈 快踱一圈 (助手)
E356,26/08/2023,游水,沙田,,沙田,,,,,,,,游水,,
E356,26/08/2023,踱步,沙田,內圈,沙田 內圈,,,,,,助手,,快踱一圈,H,內圈 快踱一圈 (助手)
E356,25/08/2023,游水,沙田,,沙田,,,,,,,,游水,,
E356,25/08/2023,踱步,沙田,內圈,沙田 內圈,,,,,,助手,,快踱一圈,H,內圈 快踱一圈 (助手)
E356,24/08/2023,游水,沙田,,沙田,,,,,,,,游水,,
E356,24/08/2023,快操,沙田,全天候,沙田 全天候,,1.01.0,61.0,33.1 27.9,,助手,,快操,,33.1 27.9 (1.01.0) (助手)
E356,24/08/2023,踱步,沙田,飛機場,沙田 飛機場,,,,,,助手,,踱步,H,飛機場 踱步 (助手)
E356,23/08/2023,游水,沙田,,沙田,,,,,,,,游水,,
E356,23/08/2023,踱步,沙田,內圈,沙田 內圈,,,,,,副練馬師,,快踱一圈,H,內圈 快踱一圈 (副練馬師)
E356,22/08/2023,游水,沙田,,沙田,,,,,,,,游水,,
E356,22/08/2023,踱步,沙田,內圈,沙田 內圈,,,,,,助手,,快踱一圈,H,內圈 快踱一圈 (助手)
E356,21/08/2023,游水,沙田,,沙田,,,,,,,,游水,,
E356,21/08/2023,踱步,沙田,內圈,沙田 內圈,,,,,,助手,,倒快一圈,H,內圈 倒快一圈 (助手)
E356,20/08/2023,快操,沙田,全天候,沙田 全天候,,27.4,27.4,27.4,,副練馬師,,開心高球,H,27.4 (27.4) (副練馬師) 開心高球
E356,20/08/2023,踱步,沙田,飛機場,沙田 飛機場,,,,,,副練馬師,,踱步,H,飛機場 踱步 (副練馬師)
E356,19/08/2023,游水,沙田,,沙田,,,,,,,,游水,,
E356,19/08/2023,踱步,沙田,內圈,沙田 內圈,,,,,,助手,,快踱一圈,H,內圈 快踱一圈 (助手)
E356,18/08/2023,游水,沙田,,沙田,,,,,,,,游水,,
E356,18/08/2023,踱步,沙田,內圈,沙田 內圈,,,,,,副練馬師,,快踱一圈,H,內圈 快踱一圈 (副練馬師)
E356,17/08/2023,游水,沙田,,沙田,,,,,,,,游水,,
E356,17/08/2023,踱步,沙田,內圈,沙田 內圈,,,,,,助手,,倒快一圈,H,內圈 倒快一圈 (助手)
E356,16/08/2023,游水,沙田,,沙田,,,,,,,,游水,,
E356,16/08/2023,快操,沙田,全天候,沙田 全天候,,31.0,31.0,31.0,,副練馬師,,快操,H,31.0 (31.0) (副練馬師)
E356,16/08/2023,踱步,沙田,飛機場,沙田 飛機場,,,,,,副練馬師,,踱步,H,飛機場 踱步 (副練馬師)
E356,15/08/2023,游水,沙田,,沙田,,,,,,,,游水,,
E356,15/08/2023,踱步,沙田,內圈,沙田 內圈,,,,,,助手,,快踱一圈,H,內圈 快踱一圈 (助手)
E356,14/08/2023,游水,沙田,,沙田,,,,,,,,游水,,
E356,14/08/2023,踱步,沙田,內圈,沙田 內圈,,,,,,助手,,倒快一圈,H,內圈 倒快一圈 (助手)
E356,13/08/2023,游水,沙田,,沙田,,,,,,,,游水,,
E356,13/08/2023,踱步,沙田,內圈,沙田 內圈,,,,,,助手,,快踱一圈,H,內圈 快踱一圈 (助手)
E356,12/08/2023,游水,沙田,,沙田,,,,,,,,游水,,
E356,12/08/2023,踱步,沙田,內圈,沙田 內圈,,,,,,助手,,快踱一圈,H,內圈 快踱一圈 (助手)
E356,11/08/2023,游水,沙田,,沙田,,,,,,,,游水,,
E356,11/08/2023,快操,沙田,全天候,沙田 全天候,,30.2,30.2,30.2,,助手,,快操,H,30.2 (30.2) (助手)
E356,11/08/2023,踱步,沙田,飛機場,沙田 飛機場,,,,,,助手,,踱步,H,飛機場 踱步 (助手)
E356,10/08/2023,游水,沙田,,沙田,,,,,,,,游水,,
E356,10/08/2023,踱步,沙田,內圈,沙田 內圈,,,,,,助手,,快踱一圈,H,內圈 快踱一圈 (助手)
E356,09/08/2023,游水,沙田,,沙田,,,,,,,,游水,,
E356,09/08/2023,踱步,沙田,內圈,沙田 內圈,,,,,,助手,,快踱一圈,H,內圈 快踱一圈 (助手)
E356,08/08/2023,游水,沙田,,沙田,,,,,,,,游水,,
E356,08/08/2023,踱步,沙田,內圈,沙田 內圈,,,,,,助手,,快踱一圈,H,內圈 快踱一圈 (助手)
E356,07/08/2023,游水,沙田,,沙田,,,,,,,,游水,,
E356,07/08/2023,踱步,沙田,內圈,沙田 內圈,,,,,,助手,,快踱兩圈,H,內圈 快踱兩圈 (助手)
E356,06/08/2023,游水,沙田,,沙田,,,,,,,,游水,,
E356,06/08/2023,踱步,沙田,外圈,沙田 外圈,,,,,,助手,,快踱一圈,H,外圈 快踱一圈 (助手)
E356,05/08/2023,踱步,沙田,飛機場,沙田 飛機場,,,,,,助手,,踱步,H,飛機場 踱步 (助手)
E356,04/08/2023,游水,沙田,,沙田,,,,,,,,游水,,
E356,03/08/2023,游水,沙田,,沙田,,,,,,,,游水,,
E356,03/08/2023,踱步,沙田,飛機場,沙田 飛機場,,,,,,助手,,踱步,H,飛機場 踱步 (助手)
E356,02/08/2023,游水,沙田,,沙田,,,,,,,,游水,,
E356,02/08/2023,踱步,沙田,飛機場,沙田 飛機場,,,,,,助手,,踱步,H,飛機場 踱步 (助手)
E356,01/08/2023,游水,沙田,,沙田,,,,,,,,游水,,
E356,01/08/2023,踱步,沙田,飛機場,沙田 飛機場,,,,,,助手,,踱步,H,飛機場 踱步 (助手)
E356,31/07/2023,游水,沙田,,沙田,,,,,,,,游水,,
E356,31/07/2023,踱步,沙田,飛機場,沙田 飛機場,,,,,,助手,,踱步,H,飛機場 踱步 (助手)
E356,21/07/2023,踱步,從化,飛機場,從化 飛機場,,,,,,助手,,踱步,H,飛機場 踱步 (助手)
E356,20/07/2023,踱步,從化,飛機場,從化 飛機場,,,,,,助手,,踱步,H,飛機場 踱步 (助手)
E356,19/07/2023,踱步,從化,飛機場,從化 飛機場,,,,,,助手,,踱步,H,飛機場 踱步 (助手)
E356,18/07/2023,踱步,從化,飛機場,從化 飛機場,,,,,,助手,,踱步,H,飛機場 踱步 (助手)
E356,17/07/2023,踱步,從化,飛機場,從化 飛機場,,,,,,助手,,踱步,H,飛機場 踱步 (助手)
E356,25/06/2023,踱步,沙田,內圈,沙田 內圈,,,,,,助手,,快踱一圈,H,內圈 快踱一圈 (助手)
E356,23/06/2023,快操,沙田,全天候,沙田 全天候,,28.9,28.9,28.9,,助手,,快操,H,28.9 (28.9) (助手)
E356,23/06/2023,踱步,沙田,飛機場,沙田 飛機場,,,,,,助手,,踱步,H,飛機場 踱步 (助手)
E356,22/06/2023,踱步,沙田,內圈,沙田 內圈,,,,,,助手,,倒快兩圈,H,內圈 倒快兩圈 (助手)
E356,21/06/2023,踱步,沙田,內圈,沙田 內圈,,,,,,助手,,快踱一圈,H,內圈 快踱一圈 (助手)
E356,20/06/2023,踱步,沙田,飛機場,沙田 飛機場,,,,,,助手,,踱步,H,飛機場 踱步 (助手)
E356,19/06/2023,快操,沙田,全天候,沙田 全天候,,24.1,24.1,24.1,,助手,,快操,,24.1 (24.1) (助手)
E356,19/06/2023,踱步,沙田,飛機場,沙田 飛機場,,,,,,助手,,踱步,,飛機場 踱步 (助手)
E356,18/06/2023,踱步,沙田,內圈,沙田 內圈,,,,,,助手,,快踱一圈,H,內圈 快踱一圈 (助手)
E356,17/06/2023,踱步,沙田,內圈,沙田 內圈,,,,,,助手,,快踱一圈,H,內圈 快踱一圈 (助手)
E356,16/06/2023,踱步,沙田,內圈,沙田 內圈,,,,,,助手,,快踱一圈,H,內圈 快踱一圈 (助手)
E356,15/06/2023,踱步,沙田,內圈,沙田 內圈,,,,,,助手,,倒快兩圈,H,內圈 倒快兩圈 (助手)
E356,14/06/2023,踱步,沙田,內圈,沙田 內圈,,,,,,助手,,快踱一圈,H,內圈 快踱一圈 (助手)
E356,12/06/2023,快操,沙田,草閘,沙田 草閘,,47.6,47.6,24.6 23.0,,田泰安,,快操,B,24.6 23.0 (47.6) (田泰安)
E356,12/06/2023,踱步,沙田,飛機場,沙田 飛機場,,,,,,助手,,踱步,B,飛機場 踱步 (助手)
E356,11/06/2023,踱步,沙田,內圈,沙田 內圈,,,,,,助手,,快踱一圈,H,內圈 快踱一圈 (助手)
E356,10/06/2023,游水,沙田,,沙田,,,,,,,,游水,,
E356,10/06/2023,踱步,沙田,內圈,沙田 內圈,,,,,,助手,,快踱一圈,H,內圈 快踱一圈 (助手)
E356,09/06/2023,踱步,沙田,內圈,沙田 內圈,,,,,,助手,,快踱一圈,H,內圈 快踱一圈 (助手)
E356,08/06/2023,踱步,沙田,飛機場,沙田 飛機場,,,,,,助手,,踱步,H,飛機場 踱步 (助手)
E356,04/06/2023,踱步,沙田,內圈,沙田 內圈,,,,,,助手,,快踱一圈,H,內圈 快踱一圈 (助手)
E356,03/06/2023,踱步,沙田,內圈,沙田 內圈,,,,,,助手,,快踱一圈,H,內圈 快踱一圈 (助手)
E356,02/06/2023,快操,沙田,全天候,沙田 全天候,,28.5,28.5,28.5,,助手,,快操,H,28.5 (28.5) (助手)
E356,02/06/2023,踱步,沙田,飛機場,沙田 飛機場,,,,,,助手,,踱步,H,飛機場 踱步 (助手)
E356,01/06/2023,踱步,沙田,內圈,沙田 內圈,,,,,,助手,,倒快一圈,H,內圈 倒快一圈 (助手)
E356,31/05/2023,踱步,沙田,內圈,沙田 內圈,,,,,,助手,,快踱一圈,H,內圈 快踱一圈 (助手)
E356,29/05/2023,快操,沙田,全天候,沙田 全天候,,57.5,57.5,33.7 23.8,,助手,,快操,,33.7 23.8 (57.5) (助手)
E356,29/05/2023,踱步,沙田,飛機場,沙田 飛機場,,,,,,助手,,踱步,,飛機場 踱步 (助手)
E356,28/05/2023,踱步,沙田,內圈,沙田 內圈,,,,,,助手,,快踱一圈,H,內圈 快踱一圈 (助手)
E356,27/05/2023,踱步,沙田,內圈,沙田 內圈,,,,,,助手,,快踱一圈,H,內圈 快踱一圈 (助手)
E356,25/05/2023,快操,沙田,全天候,沙田 全天候,,27.0,27.0,27.0,,助手,,快操,H,27.0 (27.0) (助手)
E356,24/05/2023,踱步,沙田,內圈,沙田 內圈,,,,,,助手,,快踱一圈,H,內圈 快踱一圈 (助手)
E356,23/05/2023,踱步,沙田,內圈,沙田 內圈,,,,,,助手,,快踱一圈,H,內圈 快踱一圈 (助手)
E356,22/05/2023,踱步,沙田,內圈,沙田 內圈,,,,,,助手,,倒快兩圈,H,內圈 倒快兩圈 (助手)
E356,21/05/2023,踱步,沙田,飛機場,沙田 飛機場,,,,,,助手,,踱步,H,飛機場 踱步 (助手)
E356,19/05/2023,試閘,沙田,全天候,沙田 全天候,1200M,1.10.47,70.47,25.4 23.5 21.5,時時滿意,田泰安,,第1組,,第1組 (田泰安) 1200M 時時滿意 25.4 23.5 21.5 (1.10.47)
E356,17/05/2023,踱步,沙田,內圈,沙田 內圈,,,,,,助手,,快踱一圈,H,內圈 快踱一圈 (助手)
E356,15/05/2023,快操,沙田,全天候,沙田 全天候,,23.8,23.8,23.8,,助手,,快操,,23.8 (23.8) (助手)
E356,15/05/2023,踱步,沙田,飛機場,沙田 飛機場,,,,,,助手,,踱步,,飛機場 踱步 (助手)
E356,14/05/2023,踱步,沙田,內圈,沙田 內圈,,,,,,助手,,快踱一圈,H,內圈 快踱一圈 (助手)
E356,13/05/2023,踱步,沙田,飛機場,沙田 飛機場,,,,,,助手,,踱步,H,飛機場 踱步 (助手)
E356,12/05/2023,快操,沙田,全天候,沙田 全天候,,24.2,24.2,24.2,,助手,,快操,H,24.2 (24.2) (助手)
E356,12/05/2023,踱步,沙田,飛機場,沙田 飛機場,,,,,,助手,,踱步,H,飛機場 踱步 (助手)
E356,11/05/2023,踱步,沙田,內圈,沙田 內圈,,,,,,助手,,倒快兩圈,H,內圈 倒快兩圈 (助手)
E356,10/05/2023,踱步,沙田,飛機場,沙田 飛機場,,,,,,助手,,踱步,H,飛機場 踱步 (助手)
E356,09/05/2023,快操,沙田,全天候,沙田 全天候,,29.5,29.5,29.5,,助手,,快操,H,29.5 (29.5) (助手)
E356,09/05/2023,踱步,沙田,飛機場,沙田 飛機場,,,,,,助手,,踱步,H,飛機場 踱步 (助手)
E356,08/05/2023,踱步,沙田,內圈,沙田 內圈,,,,,,助手,,倒快兩圈,H,內圈 倒快兩圈 (助手)
E356,06/05/2023,快操,沙田,全天候,沙田 全天候,,30.7,30.7,30.7,,助手,,快操,H,30.7 (30.7) (助手)
E356,05/05/2023,踱步,沙田,內圈,沙田 內圈,,,,,,助手,,快踱一圈,H,內圈 快踱一圈 (助手)
E356,04/05/2023,踱步,沙田,內圈,沙田 內圈,,,,,,助手,,倒快兩圈,H,內圈 倒快兩圈 (助手)
E356,03/05/2023,踱步,沙田,內圈,沙田 內圈,,,,,,助手,,快踱一圈,H,內圈 快踱一圈 (助手)
E356,01/05/2023,踱步,沙田,內圈,沙田 內圈,,,,,,助手,,倒快一圈,H,內圈 倒快一圈 (助手)
E356,28/04/2023,踱步,沙田,飛機場,沙田 飛機場,,,,,,助手,,踱步,H,飛機場 踱步 (助手)
E356,27/04/2023,踱步,沙田,飛機場,沙田 飛機場,,,,,,助手,,踱步,H,飛機場 踱步 (助手)
E356,26/04/2023,踱步,沙田,飛機場,沙田 飛機場,,,,,,助手,,踱步,H,飛機場 踱步 (助手)
E356,25/04/2023,踱步,沙田,飛機場,沙田 飛機場,,,,,,助手,,踱步,H,飛機場 踱步 (助手)
E356,09/04/2023,踱步,沙田,內圈,沙田 內圈,,,,,,助手,,快踱一圈,H,內圈 快踱一圈 (助手)
E356,08/04/2023,踱步,沙田,內圈,沙田 內圈,,,,,,助手,,快踱一圈,H,內圈 快踱一圈 (助手)
E356,07/04/2023,快操,沙田,全天候,沙田 全天候,,1.28.9,88.9,32.6 28.8 27.5,,潘明輝,,快操,H,32.6 28.8 27.5 (1.28.9) (潘明輝)
E356,07/04/2023,踱步,沙田,飛機場,沙田 飛機場,,,,,,潘明輝,,踱步,H,飛機場 踱步 (潘明輝)
E356,06/04/2023,踱步,沙田,內圈,沙田 內圈,,,,,,助手,,倒快兩圈,H,內圈 倒快兩圈 (助手)
E356,05/04/2023,踱步,沙田,內圈,沙田 內圈,,,,,,助手,,快踱一圈,H,內圈 快踱一圈 (助手)
E356,03/04/2023,快操,沙田,全天候,沙田 全天候,,53.3,53.3,29.4 23.9,,助手,,快操,,29.4 23.9 (53.3) (助手)
E356,02/04/2023,踱步,沙田,內圈,沙田 內圈,,,,,,助手,,快踱一圈,H,內圈 快踱一圈 (助手)
E356,01/04/2023,踱步,沙田,內圈,沙田 內圈,,,,,,助手,,快踱一圈,H,內圈 快踱一圈 (助手)
E356,31/03/2023,踱步,沙田,內圈,沙田 內圈,,,,,,助手,,快踱一圈,H,內圈 快踱一圈 (助手)
E356,30/03/2023,踱步,沙田,飛機場,沙田 飛機場,,,,,,助手,,踱步,H,飛機場 踱步 (助手)
E356,28/03/2023,快操,沙田,全天候,沙田 全天候,,57.2,57.2,31.8 25.4,,田泰安,,快操,,31.8 25.4 (57.2) (田泰安)
E356,28/03/2023,踱步,沙田,飛機場,沙田 飛機場,,,,,,田泰安,,踱步,,飛機場 踱步 (田泰安)
E356,27/03/2023,踱步,沙田,內圈,沙田 內圈,,,,,,助手,,倒快兩圈,H,內圈 倒快兩圈 (助手)
E356,25/03/2023,快操,沙田,全天候,沙田 全天候,,57.6,57.6,30.8 26.8,,助手,,快操,H,30.8 26.8 (57.6) (助手)
E356,25/03/2023,踱步,沙田,飛機場,沙田 飛機場,,,,,,助手,,踱步,H,飛機場 踱步 (助手)
E356,24/03/2023,踱步,沙田,內圈,沙田 內圈,,,,,,助手,,快踱一圈,H,內圈 快踱一圈 (助手)
E356,23/03/2023,踱步,沙田,飛機場,沙田 飛機場,,,,,,助手,,踱步,H,飛機場 踱步 (助手)
E356,22/03/2023,踱步,沙田,飛機場,沙田 飛機場,,,,,,助手,,踱步,H,飛機場 踱步 (助手)
E356,19/03/2023,踱步,沙田,內圈,沙田 內圈,,,,,,助手,,快踱一圈,H,內圈 快踱一圈 (助手)
E356,18/03/2023,踱步,沙田,內圈,沙田 內圈,,,,,,助手,,快踱一圈,H,內圈 快踱一圈 (助手)
E356,17/03/2023,快操,沙田,全天候,沙田 全天候,,26.8,26.8,26.8,,田泰安,,快操,H,26.8 (26.8) (田泰安)
E356,17/03/2023,踱步,沙田,飛機場,沙田 飛機場,,,,,,田泰安,,踱步,H,飛機場 踱步 (田泰安)
E356,16/03/2023,踱步,沙田,內圈,沙田 內圈,,,,,,助手,,倒快兩圈,H,內圈 倒快兩圈 (助手)
E356,15/03/2023,踱步,沙田,飛機場,沙田 飛機場,,,,,,助手,,踱步,H,飛機場 踱步 (助手)
E356,14/03/2023,快操,沙田,全天候,沙田 全天候,,24.5,24.5,24.5,,田泰安,,快操,,24.5 (24.5) (田泰安)
E356,14/03/2023,踱步,沙田,飛機場,沙田 飛機場,,,,,,田泰安,,踱步,,飛機場 踱步 (田泰安)
E356,13/03/2023,踱步,沙田,內圈,沙田 內圈,,,,,,助手,,倒快一圈,H,內圈 倒快一圈 (助手)
E356,11/03/2023,踱步,沙田,內圈,沙田 內圈,,,,,,助手,,快踱一圈,H,內圈 快踱一圈 (助手)
E356,10/03/2023,踱步,沙田,內圈,沙田 內圈,,,,,,助手,,快踱一圈,H,內圈 快踱一圈 (助手)
E356,09/03/2023,踱步,沙田,內圈,沙田 內圈,,,,,,助手,,倒快兩圈,H,內圈 倒快兩圈 (助手)
E356,08/03/2023,踱步,沙田,飛機場,沙田 飛機場,,,,,,助手,,踱步,H,飛機場 踱步 (助手)
E356,07/03/2023,踱步,沙田,飛機場,沙田 飛機場,,,,,,助手,,踱步,H,飛機場 踱步 (助手)
E356,05/03/2023,踱步,沙田,內圈,沙田 內圈,,,,,,助手,,快踱一圈,H,內圈 快踱一圈 (助手)
E356,04/03/2023,踱步,沙田,內圈,沙田 內圈,,,,,,助手,,快踱一圈,H,內圈 快踱一圈 (助手)
E356,03/03/2023,快操,沙田,全天候,沙田 全天候,,27.9,27.9,27.9,,田泰安,,快操,H,27.9 (27.9) (田泰安)
E356,03/03/2023,踱步,沙田,飛機場,沙田 飛機場,,,,,,田泰安,,踱步,H,飛機場 踱步 (田泰安)
E356,02/03/2023,踱步,沙田,內圈,沙田 內圈,,,,,,助手,,倒快兩圈,H,內圈 倒快兩圈 (助手)
E356,01/03/2023,踱步,沙田,內圈,沙田 內圈,,,,,,助手,,快踱一圈,H,內圈 快踱一圈 (助手)
E356,28/02/2023,踱步,沙田,飛機場,沙田 飛機場,,,,,,助手,,踱步,H,飛機場 踱步 (助手)
E356,27/02/2023,快操,沙田,全天候,沙田 全天候,,54.2,54.2,30.1 24.1,,田泰安,,快操,H,30.1 24.1 (54.2) (田泰安)
E356,27/02/2023,踱步,沙田,飛機場,沙田 飛機場,,,,,,田泰安,,踱步,H,飛機場 踱步 (田泰安)
E356,26/02/2023,踱步,沙田,內圈,沙田 內圈,,,,,,助手,,快踱一圈,H,內圈 快踱一圈 (助手)
E356,25/02/2023,踱步,沙田,內圈,沙田 內圈,,,,,,助手,,快踱一圈,H,內圈 快踱一圈 (助手)
E356,24/02/2023,踱步,沙田,內圈,沙田 內圈,,,,,,助手,,快踱一圈,H,內圈 快踱一圈 (助手)
E356,23/02/2023,踱步,沙田,內圈,沙田 內圈,,,,,,助手,,倒快兩圈,H,內圈 倒快兩圈 (助手)
E356,22/02/2023,踱步,沙田,飛機場,沙田 飛機場,,,,,,助手,,踱步,H,飛機場 踱步 (助手)
E356,21/02/2023,試閘,沙田,草地,沙田 草地,1000M,0.58.15,58.15,14.0 21.5 22.6,加州星球,田泰安,,第1組,,第1組 (田泰安) 1000M 加州星球 14.0 21.5 22.6 (0.58.15)
E356,20/02/2023,踱步,沙田,外圈,沙田 外圈,,,,,,助手,,快踱一圈,H,外圈 快踱一圈 (助手)
E356,18/02/2023,踱步,沙田,內圈,沙田 內圈,,,,,,助手,,快踱一圈,H,內圈 快踱一圈 (助手)
E356,16/02/2023,快操,沙田,全天候,沙田 全天候,,58.0,58.0,33.0 25.0,,田泰安,,快操,,33.0 25.0 (58.0) (田泰安)
E356,16/02/2023,踱步,沙田,飛機場,沙田 飛機場,,,,,,田泰安,,踱步,,飛機場 踱步 (田泰安)
E356,15/02/2023,踱步,沙田,內圈,沙田 內圈,,,,,,助手,,快踱一圈,H,內圈 快踱一圈 (助手)
E356,14/02/2023,踱步,沙田,飛機場,沙田 飛機場,,,,,,助手,,踱步,H,飛機場 踱步 (助手)
E356,13/02/2023,快操,沙田,全天候,沙田 全天候,,27.2,27.2,27.2,,助手,,快操,H,27.2 (27.2) (助手)
E356,13/02/2023,踱步,沙田,飛機場,沙田 飛機場,,,,,,助手,,踱步,H,飛機場 踱步 (助手)
E356,12/02/2023,踱步,沙田,內圈,沙田 內圈,,,,,,助手,,快踱一圈,H,內圈 快踱一圈 (助手)
E356,11/02/2023,踱步,沙田,內圈,沙田 內圈,,,,,,助手,,快踱一圈,H,內圈 快踱一圈 (助手)
E356,10/02/2023,快操,沙田,全天候,沙田 全天候,,1.00.0,60.0,33.4 26.6,,助手,,快操,H,33.4 26.6 (1.00.0) (助手)
E356,10/02/2023,踱步,沙田,飛機場,沙田 飛機場,,,,,,助手,,踱步,H,飛機場 踱步 (助手)
E356,09/02/2023,踱步,沙田,內圈,沙田 內圈,,,,,,助手,,倒快兩圈,H,內圈 倒快兩圈 (助手)
E356,08/02/2023,踱步,沙田,內圈,沙田 內圈,,,,,,助手,,快踱一圈,H,內圈 快踱一圈 (助手)
E356,07/02/2023,踱步,沙田,內圈,沙田 內圈,,,,,,助手,,快踱一圈,H,內圈 快踱一圈 (助手)
E356,06/02/2023,快操,沙田,全天候,沙田 全天候,,27.4,27.4,27.4,,助手,,快操,H,27.4 (27.4) (助手)
E356,06/02/2023,踱步,沙田,飛機場,沙田 飛機場,,,,,,助手,,踱步,H,飛機場 踱步 (助手)
E356,05/02/2023,踱步,沙田,內圈,沙田 內圈,,,,,,助手,,快踱一圈,H,內圈 快踱一圈 (助手)
E356,04/02/2023,踱步,沙田,飛機場,沙田 飛機場,,,,,,助手,,踱步,H,飛機場 踱步 (助手)
E356,03/02/2023,踱步,從化,內圈,從化 內圈,,,,,,助手,,快踱一圈,H,內圈 快踱一圈 (助手)
E356,02/02/2023,踱步,從化,內圈,從化 內圈,,,,,,助手,,倒快兩圈,H,內圈 倒快兩圈 (助手)
E356,01/02/2023,踱步,從化,內圈,從化 內圈,,,,,,助手,,快踱一圈,H,內圈 快踱一圈 (助手)
E356,30/01/2023,試閘,從化,草地,從化 草地,1000M,0.59.57,59.57,13.6 21.6 24.3,川河冠駒,漢特日,,第1組,H,第1組 (漢特日) 1000M 川河冠駒 13.6 21.6 24.3 (0.59.57)
E356,30/01/2023,踱步,從化,飛機場,從化 飛機場,,,,,,助手,,踱步,H,飛機場 踱步 (助手)
E356,29/01/2023,踱步,從化,內圈,從化 內圈,,,,,,助手,,快踱一圈,H,內圈 快踱一圈 (助手)
E356,28/01/2023,踱步,從化,內圈,從化 內圈,,,,,,助手,,快踱一圈,H,內圈 快踱一圈 (助手)
E356,27/01/2023,快操,從化,全天候,從化 全天候,,24.1,24.1,24.1,,助手,,快操,H,24.1 (24.1) (助手)
E356,27/01/2023,踱步,從化,飛機場,從化 飛機場,,,,,,助手,,踱步,H,飛機場 踱步 (助手)
E356,26/01/2023,踱步,從化,內圈,從化 內圈,,,,,,助手,,倒快兩圈,H,內圈 倒快兩圈 (助手)
E356,25/01/2023,踱步,從化,飛機場,從化 飛機場,,,,,,助手,,踱步,H,飛機場 踱步 (助手)
E356,24/01/2023,快操,從化,草地,從化 草地,,26.7,26.7,26.7,,助手,,快操,H,26.7 (26.7) (助手)
E356,24/01/2023,踱步,從化,飛機場,從化 飛機場,,,,,,助手,,踱步,H,飛機場 踱步 (助手)
E356,23/01/2023,踱步,從化,內圈,從化 內圈,,,,,,助手,,倒快兩圈,H,內圈 倒快兩圈 (助手)
E356,21/01/2023,踱步,從化,內圈,從化 內圈,,,,,,助手,,快踱一圈,H,內圈 快踱一圈 (助手)
E356,20/01/2023,踱步,從化,內圈,從化 內圈,,,,,,助手,,快踱一圈,H,內圈 快踱一圈 (助手)
E356,19/01/2023,踱步,從化,內圈,從化 內圈,,,,,,助手,,倒快一圈,H,內圈 倒快一圈 (助手)
E356,18/01/2023,踱步,從化,內圈,從化 內圈,,,,,,助手,,快踱一圈,H,內圈 快踱一圈 (助手)
E356,17/01/2023,踱步,從化,內圈,從化 內圈,,,,,,助手,,快踱一圈,H,內圈 快踱一圈 (助手)
E356,16/01/2023,踱步,從化,飛機場,從化 飛機場,,,,,,助手,,踱步,H,飛機場 踱步 (助手)
E356,14/01/2023,踱步,從化,飛機場,從化 飛機場,,,,,,助手,,踱步,H,飛機場 踱步 (助手)
E356,13/01/2023,踱步,從化,飛機場,從化 飛機場,,,,,,助手,,踱步,H,飛機場 踱步 (助手)
E356,12/01/2023,踱步,沙田,內圈,沙田 內圈,,,,,,助手,,倒快兩圈,H,內圈 倒快兩圈 (助手)
E356,11/01/2023,踱步,沙田,飛機場,沙田 飛機場,,,,,,助手,,踱步,H,飛機場 踱步 (助手)
E356,06/01/2023,踱步,沙田,內圈,沙田 內圈,,,,,,助手,,快踱一圈,H,內圈 快踱一圈 (助手)
E356,05/01/2023,踱步,沙田,飛機場,沙田 飛機場,,,,,,助手,,踱步,H,飛機場 踱步 (助手)
E356,04/01/2023,快操,沙田,全天候,沙田 全天候,,59.9,59.9,34.1 25.8,,希威森,,快操,H,34.1 25.8 (59.9) (希威森)
E356,04/01/2023,踱步,沙田,飛機場,沙田 飛機場,,,,,,希威森,,踱步,H,飛機場 踱步 (希威森)
E356,03/01/2023,踱步,沙田,內圈,沙田 內圈,,,,,,助手,,快踱一圈,H,內圈 快踱一圈 (助手)
E356,02/01/2023,踱步,沙田,內圈,沙田 內圈,,,,,,助手,,倒快兩圈,H,內圈 倒快兩圈 (助手)
E356,31/12/2022,快操,沙田,全天候,沙田 全天候,,24.8,24.8,24.8,,希威森,,快操,H,24.8 (24.8) (希威森)
E356,31/12/2022,踱步,沙田,飛機場,沙田 飛機場,,,,,,希威森,,踱步,H,飛機場 踱步 (希威森)
E356,30/12/2022,踱步,沙田,內圈,沙田 內圈,,,,,,助手,,快踱一圈,H,內圈 快踱一圈 (助手)
E356,29/12/2022,踱步,沙田,內圈,沙田 內圈,,,,,,助手,,倒快兩圈,H,內圈 倒快兩圈 (助手)
E356,27/12/2022,快操,沙田,全天候,沙田 全天候,,26.9,26.9,26.9,,希威森,,快操,H,26.9 (26.9) (希威森)
E356,27/12/2022,踱步,沙田,飛機場,沙田 飛機場,,,,,,希威森,,踱步,H,飛機場 踱步 (希威森)
E356,26/12/2022,踱步,沙田,內圈,沙田 內圈,,,,,,助手,,倒快兩圈,H,內圈 倒快兩圈 (助手)
E356,24/12/2022,快操,沙田,全天候,沙田 全天候,,27.5,27.5,27.5,,希威森,,快操,H,27.5 (27.5) (希威森)
E356,24/12/2022,踱步,沙田,飛機場,沙田 飛機場,,,,,,希威森,,踱步,H,飛機場 踱步 (希威森)
E356,23/12/2022,踱步,沙田,內圈,沙田 內圈,,,,,,助手,,快踱一圈,H,內圈 快踱一圈 (助手)
E356,22/12/2022,踱步,沙田,內圈,沙田 內圈,,,,,,助手,,倒快兩圈,H,內圈 倒快兩圈 (助手)
E356,20/12/2022,快操,沙田,全天候,沙田 全天候,,27.2,27.2,27.2,,助手,,快操,H,27.2 (27.2) (助手)
E356,20/12/2022,踱步,沙田,飛機場,沙田 飛機場,,,,,,助手,,踱步,H,飛機場 踱步 (助手)
E356,19/12/2022,踱步,沙田,內圈,沙田 內圈,,,,,,助手,,倒快兩圈,H,內圈 倒快兩圈 (助手)
E356,17/12/2022,踱步,沙田,內圈,沙田 內圈,,,,,,助手,,快踱一圈,H,內圈 快踱一圈 (助手)
E356,16/12/2022,踱步,沙田,飛機場,沙田 飛機場,,,,,,助手,,踱步,H,飛機場 踱步 (助手)
E356,14/12/2022,踱步,沙田,飛機場,沙田 飛機場,,,,,,助手,,踱步,H,飛機場 踱步 (助手)
E356,11/12/2022,踱步,沙田,內圈,沙田 內圈,,,,,,助手,,快踱一圈,H,內圈 快踱一圈 (助手)
E356,10/12/2022,踱步,沙田,內圈,沙田 內圈,,,,,,助手,,快踱兩圈,H,內圈 快踱兩圈 (助手)
E356,09/12/2022,快操,沙田,全天候,沙田 全天候,,29.7,29.7,29.7,,助手,,快操,H,29.7 (29.7) (助手)
E356,09/12/2022,踱步,沙田,飛機場,沙田 飛機場,,,,,,助手,,踱步,H,飛機場 踱步 (助手)
E356,08/12/2022,踱步,沙田,內圈,沙田 內圈,,,,,,助手,,倒快兩圈,H,內圈 倒快兩圈 (助手)
E356,06/12/2022,快操,沙田,全天候,沙田 全天候,,25.0,25.0,25.0,,布文,,快操,H,25.0 (25.0) (布文)
E356,06/12/2022,踱步,沙田,飛機場,沙田 飛機場,,,,,,布文,,踱步,H,飛機場 踱步 (布文)
E356,05/12/2022,踱步,沙田,內圈,沙田 內圈,,,,,,助手,,倒快兩圈,H,內圈 倒快兩圈 (助手)
E356,04/12/2022,踱步,沙田,內圈,沙田 內圈,,,,,,助手,,快踱一圈,H,內圈 快踱一圈 (助手)
E356,03/12/2022,踱步,沙田,飛機場,沙田 飛機場,,,,,,助手,,踱步,H,飛機場 踱步 (助手)
E356,02/12/2022,快操,沙田,全天候,沙田 全天候,,24.0,24.0,24.0,,布文,,快操,H,24.0 (24.0) (布文)
E356,02/12/2022,踱步,沙田,飛機場,沙田 飛機場,,,,,,布文,,踱步,H,飛機場 踱步 (布文)
E356,01/12/2022,踱步,沙田,內圈,沙田 內圈,,,,,,助手,,倒快兩圈,H,內圈 倒快兩圈 (助手)
E356,30/11/2022,踱步,沙田,飛機場,沙田 飛機場,,,,,,助手,,踱步,H,飛機場 踱步 (助手)
E356,29/11/2022,快操,沙田,全天候,沙田 全天候,,28.0,28.0,28.0,,布文,,快操,H,28.0 (28.0) (布文)
E356,29/11/2022,踱步,沙田,飛機場,沙田 飛機場,,,,,,希威森,,踱步,H,飛機場 踱步 (希威森)
E356,28/11/2022,踱步,沙田,內圈,沙田 內圈,,,,,,助手,,倒快兩圈,H,內圈 倒快兩圈 (助手)
E356,26/11/2022,游水,沙田,,沙田,,,,,,,,游水,,
E356,26/11/2022,踱步,沙田,內圈,沙田 內圈,,,,,,助手,,快踱一圈,H,內圈 快踱一圈 (助手)
E356,25/11/2022,踱步,沙田,內圈,沙田 內圈,,,,,,助手,,快踱一圈,H,內圈 快踱一圈 (助手)
E356,24/11/2022,踱步,沙田,內圈,沙田 內圈,,,,,,助手,,倒快兩圈,H,內圈 倒快兩圈 (助手)
E356,23/11/2022,踱步,沙田,內圈,沙田 內圈,,,,,,助手,,快踱一圈,H,內圈 快踱一圈 (助手)
E356,22/11/2022,踱步,沙田,飛機場,沙田 飛機場,,,,,,助手,,踱步,H,飛機場 踱步 (助手)
E356,20/11/2022,踱步,沙田,內圈,沙田 內圈,,,,,,助手,,快踱一圈,H,內圈 快踱一圈 (助手)
E356,19/11/2022,踱步,沙田,內圈,沙田 內圈,,,,,,助手,,快踱一圈,H,內圈 快踱一圈 (助手)
E356,18/11/2022,快操,沙田,全天候,沙田 全天候,,1.02.2,62.2,33.3 28.9,,助手,,快操,H,33.3 28.9 (1.02.2) (助手)
E356,18/11/2022,踱步,沙田,飛機場,沙田 飛機場,,,,,,助手,,踱步,H,飛機場 踱步 (助手)
E356,17/11/2022,踱步,沙田,內圈,沙田 內圈,,,,,,助手,,倒快兩圈,H,內圈 倒快兩圈 (助手)
E356,16/11/2022,踱步,沙田,飛機場,沙田 飛機場,,,,,,助手,,踱步,H,飛機場 踱步 (助手)
E356,14/11/2022,快操,沙田,全天候,沙田 全天候,,24.7,24.7,24.7,,助手,,快操,H,24.7 (24.7) (助手)
E356,14/11/2022,踱步,沙田,飛機場,沙田 飛機場,,,,,,助手,,踱步,H,飛機場 踱步 (助手)
E356,13/11/2022,踱步,沙田,內圈,沙田 內圈,,,,,,助手,,快踱一圈,H,內圈 快踱一圈 (助手)
E356,12/11/2022,踱步,沙田,內圈,沙田 內圈,,,,,,助手,,快踱一圈,H,內圈 快踱一圈 (助手)
E356,11/11/2022,踱步,沙田,內圈,沙田 內圈,,,,,,助手,,快踱一圈,H,內圈 快踱一圈 (助手)
E356,10/11/2022,踱步,沙田,內圈,沙田 內圈,,,,,,助手,,倒快兩圈,H,內圈 倒快兩圈 (助手)
E356,08/11/2022,試閘,沙田,全天候,沙田 全天候,1200M,1.10.75,70.75,24.6 23.0 23.1,幸運有您,楊明綸,,第10組,H,第10組 (楊明綸) 1200M 幸運有您 24.6 23.0 23.1 (1.10.75)
E356,07/11/2022,踱步,沙田,內圈,沙田 內圈,,,,,,助手,,倒快兩圈,H,內圈 倒快兩圈 (助手)
E356,06/11/2022,踱步,沙田,內圈,沙田 內圈,,,,,,助手,,快踱一圈,H,內圈 快踱一圈 (助手)
E356,05/11/2022,快操,沙田,全天候,沙田 全天候,,27.4,27.4,27.4,,助手,,快操,H,27.4 (27.4) (助手)
E356,05/11/2022,踱步,沙田,飛機場,沙田 飛機場,,,,,,助手,,踱步,H,飛機場 踱步 (助手)
E356,04/11/2022,踱步,沙田,內圈,沙田 內圈,,,,,,助手,,快踱一圈,H,內圈 快踱一圈 (助手)
E356,03/11/2022,踱步,沙田,內圈,沙田 內圈,,,,,,助手,,倒快一圈,H,內圈 倒快一圈 (助手)
E356,02/11/2022,踱步,沙田,內圈,沙田 內圈,,,,,,助手,,快踱一圈,H,內圈 快踱一圈 (助手)
E356,01/11/2022,快操,沙田,全天候,沙田 全天候,,26.4,26.4,26.4,,助手,,快操,H,26.4 (26.4) (助手)
E356,01/11/2022,踱步,沙田,飛機場,沙田 飛機場,,,,,,助手,,踱步,H,飛機場 踱步 (助手)
E356,31/10/2022,踱步,沙田,內圈,沙田 內圈,,,,,,助手,,倒快兩圈,H,內圈 倒快兩圈 (助手)
E356,29/10/2022,踱步,沙田,內圈,沙田 內圈,,,,,,助手,,快踱一圈,H,內圈 快踱一圈 (助手)
E356,28/10/2022,快操,沙田,全天候,沙田 全天候,,58.2,58.2,31.7 26.5,,助手,,快操,H,31.7 26.5 (58.2) (助手)
E356,28/10/2022,踱步,沙田,飛機場,沙田 飛機場,,,,,,助手,,踱步,H,飛機場 踱步 (助手)
E356,27/10/2022,踱步,沙田,內圈,沙田 內圈,,,,,,助手,,倒快兩圈,H,內圈 倒快兩圈 (助手)
E356,26/10/2022,踱步,沙田,內圈,沙田 內圈,,,,,,助手,,快踱一圈,H,內圈 快踱一圈 (助手)
E356,25/10/2022,快操,沙田,全天候,沙田 全天候,,28.2,28.2,28.2,,助手,,快操,H,28.2 (28.2) (助手)
E356,25/10/2022,踱步,沙田,飛機場,沙田 飛機場,,,,,,助手,,踱步,H,飛機場 踱步 (助手)
E356,24/10/2022,踱步,沙田,內圈,沙田 內圈,,,,,,助手,,倒快一圈,H,內圈 倒快一圈 (助手)
E356,22/10/2022,踱步,沙田,內圈,沙田 內圈,,,,,,助手,,快踱一圈,H,內圈 快踱一圈 (助手)
E356,21/10/2022,踱步,沙田,內圈,沙田 內圈,,,,,,助手,,快踱一圈,H,內圈 快踱一圈 (助手)
E356,20/10/2022,踱步,沙田,內圈,沙田 內圈,,,,,,助手,,倒快兩圈,H,內圈 倒快兩圈 (助手)
E356,19/10/2022,踱步,沙田,飛機場,沙田 飛機場,,,,,,助手,,踱步,H,飛機場 踱步 (助手)
E356,16/10/2022,踱步,沙田,內圈,沙田 內圈,,,,,,助手,,快踱一圈,H,內圈 快踱一圈 (助手)
E356,15/10/2022,踱步,沙田,內圈,沙田 內圈,,,,,,助手,,快踱一圈,H,內圈 快踱一圈 (助手)
E356,14/10/2022,快操,沙田,全天候,沙田 全天候,,28.5,28.5,28.5,,助手,,快操,H,28.5 (28.5) (助手)
E356,14/10/2022,踱步,沙田,飛機場,沙田 飛機場,,,,,,助手,,踱步,H,飛機場 踱步 (助手)
E356,13/10/2022,踱步,沙田,內圈,沙田 內圈,,,,,,助手,,倒快兩圈,H,內圈 倒快兩圈 (助手)
E356,12/10/2022,踱步,沙田,內圈,沙田 內圈,,,,,,助手,,快踱一圈,H,內圈 快踱一圈 (助手)
E356,10/10/2022,快操,沙田,全天候,沙田 全天候,,24.0,24.0,24.0,,潘頓,,快操,H,24.0 (24.0) (潘頓)
E356,10/10/2022,踱步,沙田,飛機場,沙田 飛機場,,,,,,潘頓,,踱步,H,飛機場 踱步 (潘頓)
E356,09/10/2022,踱步,沙田,內圈,沙田 內圈,,,,,,助手,,快踱一圈,H,內圈 快踱一圈 (助手)
E356,08/10/2022,踱步,沙田,內圈,沙田 內圈,,,,,,助手,,快踱一圈,H,內圈 快踱一圈 (助手)
E356,07/10/2022,快操,沙田,全天候,沙田 全天候,,26.6,26.6,26.6,,潘頓,,快操,H,26.6 (26.6) (潘頓)
E356,07/10/2022,踱步,沙田,飛機場,沙田 飛機場,,,,,,潘頓,,踱步,H,飛機場 踱步 (潘頓)
E356,06/10/2022,踱步,沙田,內圈,沙田 內圈,,,,,,助手,,倒快兩圈,H,內圈 倒快兩圈 (助手)
E356,05/10/2022,踱步,沙田,內圈,沙田 內圈,,,,,,助手,,快踱一圈,H,內圈 快踱一圈 (助手)
E356,03/10/2022,快操,沙田,草地,沙田 草地,,55.2,55.2,31.8 23.4,,潘頓,,東方精神,,31.8 23.4 (55.2) (潘頓) 東方精神
E356,03/10/2022,踱步,沙田,飛機場,沙田 飛機場,,,,,,助手,,踱步,,飛機場 踱步 (助手)
E356,02/10/2022,踱步,沙田,內圈,沙田 內圈,,,,,,助手,,快踱一圈,H,內圈 快踱一圈 (助手)
E356,01/10/2022,踱步,沙田,內圈,沙田 內圈,,,,,,助手,,快踱一圈,H,內圈 快踱一圈 (助手)
E356,30/09/2022,踱步,沙田,內圈,沙田 內圈,,,,,,助手,,快踱一圈,H,內圈 快踱一圈 (助手)
E356,28/09/2022,快操,沙田,全天候,沙田 全天候,,25.5,25.5,25.5,,潘頓,,快操,H,25.5 (25.5) (潘頓)
E356,28/09/2022,踱步,沙田,飛機場,沙田 飛機場,,,,,,潘頓,,踱步,H,飛機場 踱步 (潘頓)
E356,27/09/2022,踱步,沙田,內圈,沙田 內圈,,,,,,助手,,快踱一圈,H,內圈 快踱一圈 (助手)
E356,26/09/2022,踱步,沙田,內圈,沙田 內圈,,,,,,助手,,倒快兩圈,,內圈 倒快兩圈 (助手)
E356,24/09/2022,踱步,沙田,內圈,沙田 內圈,,,,,,助手,,快踱一圈,H,內圈 快踱一圈 (助手)
E356,23/09/2022,踱步,沙田,內圈,沙田 內圈,,,,,,助手,,快踱一圈,H,內圈 快踱一圈 (助手)
E356,22/09/2022,踱步,沙田,飛機場,沙田 飛機場,,,,,,助手,,踱步,H,飛機場 踱步 (助手)
E356,21/09/2022,踱步,沙田,飛機場,沙田 飛機場,,,,,,助手,,踱步,H,飛機場 踱步 (助手)
E356,20/09/2022,踱步,沙田,飛機場,沙田 飛機場,,,,,,助手,,踱步,H,飛機場 踱步 (助手)
E356,17/09/2022,踱步,沙田,內圈,沙田 內圈,,,,,,助手,,快踱一圈,H,內圈 快踱一圈 (助手)
E356,16/09/2022,游水,沙田,,沙田,,,,,,,,游水,,
E356,16/09/2022,快操,沙田,全天候,沙田 全天候,,29.6,29.6,29.6,,潘頓,,快操,H,29.6 (29.6) (潘頓)
E356,16/09/2022,踱步,沙田,飛機場,沙田 飛機場,,,,,,潘頓,,踱步,H,飛機場 踱步 (潘頓)
E356,15/09/2022,踱步,沙田,內圈,沙田 內圈,,,,,,助手,,倒快兩圈,H,內圈 倒快兩圈 (助手)
E356,14/09/2022,踱步,沙田,飛機場,沙田 飛機場,,,,,,助手,,踱步,H,飛機場 踱步 (助手)
E356,13/09/2022,快操,沙田,全天候,沙田 全天候,,57.3,57.3,32.9 24.4,,潘頓,,快操,H,32.9 24.4 (57.3) (潘頓)
E356,13/09/2022,踱步,沙田,飛機場,沙田 飛機場,,,,,,潘頓,,踱步,H,飛機場 踱步 (潘頓)
E356,11/09/2022,踱步,沙田,內圈,沙田 內圈,,,,,,助手,,快踱一圈,H,內圈 快踱一圈 (助手)
E356,10/09/2022,踱步,沙田,飛機場,沙田 飛機場,,,,,,助手,,踱步,H,飛機場 踱步 (助手)
E356,09/09/2022,游水,沙田,,沙田,,,,,,,,游水,,
E356,09/09/2022,快操,沙田,全天候,沙田 全天候,,25.1,25.1,25.1,,潘頓,,快操,H,25.1 (25.1) (潘頓)
E356,09/09/2022,踱步,沙田,飛機場,沙田 飛機場,,,,,,潘頓,,踱步,H,飛機場 踱步 (潘頓)
E356,08/09/2022,踱步,沙田,內圈,沙田 內圈,,,,,,助手,,倒快兩圈,H,內圈 倒快兩圈 (助手)
E356,07/09/2022,踱步,沙田,內圈,沙田 內圈,,,,,,助手,,快踱兩圈,H,內圈 快踱兩圈 (助手)
E356,06/09/2022,踱步,沙田,內圈,沙田 內圈,,,,,,助手,,快踱一圈,H,內圈 快踱一圈 (助手)
E356,05/09/2022,踱步,沙田,內圈,沙田 內圈,,,,,,助手,,倒快兩圈,H,內圈 倒快兩圈 (助手)
E356,03/09/2022,試閘,沙田,草地,沙田 草地,1000M,0.58.31,58.31,14.0 21.3 23.0,幸運有您,田泰安,,第1組,,第1組 (田泰安) 1000M 幸運有您 14.0 21.3 23.0 (0.58.31)
E356,02/09/2022,踱步,沙田,內圈,沙田 內圈,,,,,,助手,,快踱一圈,H,內圈 快踱一圈 (助手)
E356,01/09/2022,踱步,沙田,內圈,沙田 內圈,,,,,,助手,,倒快兩圈,H,內圈 倒快兩圈 (助手)
E356,31/08/2022,踱步,從化,飛機場,從化 飛機場,,,,,,助手,,踱步,H,飛機場 踱步 (助手)
E356,30/08/2022,快操,從化,全天候,從化 全天候,,24.1,24.1,24.1,,助手,,快操,H,24.1 (24.1) (助手)
E356,30/08/2022,踱步,從化,飛機場,從化 飛機場,,,,,,助手,,踱步,H,飛機場 踱步 (助手)
E356,29/08/2022,踱步,從化,內圈,從化 內圈,,,,,,助手,,倒快兩圈,H,內圈 倒快兩圈 (助手)
E356,28/08/2022,踱步,從化,飛機場,從化 飛機場,,,,,,助手,,踱步,H,飛機場 踱步 (助手)
E356,27/08/2022,踱步,從化,飛機場,從化 飛機場,,,,,,助手,,踱步,H,飛機場 踱步 (助手)
E356,26/08/2022,踱步,從化,飛機場,從化 飛機場,,,,,,助手,,踱步,H,飛機場 踱步 (助手)
E356,25/08/2022,試閘,從化,草地,從化 草地,800M,0.46.26,46.26,24.4 21.8,幸運有您,漢特日,,第1組,,第1組 (漢特日) 800M 幸運有您 24.4 21.8 (0.46.26)
E356,25/08/2022,踱步,從化,飛機場,從化 飛機場,,,,,,助手,,踱步,,飛機場 踱步 (助手)
E356,24/08/2022,游水,從化,,從化,,,,,,,,游水,,
E356,24/08/2022,踱步,從化,內圈,從化 內圈,,,,,,助手,,快踱一圈,H,內圈 快踱一圈 (助手)
E356,23/08/2022,踱步,從化,內圈,從化 內圈,,,,,,助手,,快踱一圈,H,內圈 快踱一圈 (助手)
E356,22/08/2022,踱步,從化,內圈,從化 內圈,,,,,,助手,,倒快兩圈,H,內圈 倒快兩圈 (助手)
E356,20/08/2022,快操,從化,草地,從化 草地,,26.1,26.1,26.1,,助手,,快操,H,26.1 (26.1) (助手)
E356,20/08/2022,踱步,從化,飛機場,從化 飛機場,,,,,,助手,,踱步,H,飛機場 踱步 (助手)
E356,19/08/2022,踱步,從化,內圈,從化 內圈,,,,,,助手,,快踱一圈,H,內圈 快踱一圈 (助手)
E356,18/08/2022,踱步,從化,內圈,從化 內圈,,,,,,助手,,倒快兩圈,H,內圈 倒快兩圈 (助手)
E356,17/08/2022,踱步,從化,飛機場,從化 飛機場,,,,,,助手,,踱步,H,飛機場 踱步 (助手)
E356,16/08/2022,快操,從化,全天候,從化 全天候,,57.5,57.5,30.0 27.5,,助手,,快操,H,30.0 27.5 (57.5) (助手)
E356,16/08/2022,踱步,從化,飛機場,從化 飛機場,,,,,,助手,,踱步,H,飛機場 踱步 (助手)
E356,15/08/2022,踱步,從化,內圈,從化 內圈,,,,,,助手,,倒快兩圈,H,內圈 倒快兩圈 (助手)
E356,13/08/2022,快操,從化,草地,從化 草地,,57.8,57.8,30.4 27.4,,助手,,快操,H,30.4 27.4 (57.8) (助手)
E356,13/08/2022,踱步,從化,飛機場,從化 飛機場,,,,,,助手,,踱步,H,飛機場 踱步 (助手)
E356,12/08/2022,踱步,從化,內圈,從化 內圈,,,,,,助手,,快踱一圈,H,內圈 快踱一圈 (助手)
E356,11/08/2022,踱步,從化,內圈,從化 內圈,,,,,,助手,,倒快兩圈,H,內圈 倒快兩圈 (助手)
E356,10/08/2022,踱步,從化,飛機場,從化 飛機場,,,,,,助手,,踱步,H,飛機場 踱步 (助手)
E356,09/08/2022,快操,從化,全天候,從化 全天候,,1.00.3,60.3,31.9 28.4,,助手,,快操,H,31.9 28.4 (1.00.3) (助手)
E356,09/08/2022,踱步,從化,飛機場,從化 飛機場,,,,,,助手,,踱步,H,飛機場 踱步 (助手)
E356,08/08/2022,踱步,從化,內圈,從化 內圈,,,,,,助手,,倒快兩圈,H,內圈 倒快兩圈 (助手)
E356,06/08/2022,快操,從化,全天候,從化 全天候,,1.01.7,61.7,31.8 29.9,,助手,,快操,H,31.8 29.9 (1.01.7) (助手)
E356,06/08/2022,踱步,從化,飛機場,從化 飛機場,,,,,,助手,,踱步,H,飛機場 踱步 (助手)
E356,05/08/2022,踱步,從化,內圈,從化 內圈,,,,,,助手,,快踱一圈,H,內圈 快踱一圈 (助手)
E356,04/08/2022,踱步,從化,內圈,從化 內圈,,,,,,助手,,倒快兩圈,H,內圈 倒快兩圈 (助手)
E356,03/08/2022,踱步,從化,飛機場,從化 飛機場,,,,,,助手,,踱步,H,飛機場 踱步 (助手)
E356,02/08/2022,快操,從化,全天候,從化 全天候,,1.00.1,60.1,30.8 29.3,,助手,,快操,H,30.8 29.3 (1.00.1) (助手)
E356,02/08/2022,踱步,從化,飛機場,從化 飛機場,,,,,,助手,,踱步,H,飛機場 踱步 (助手)
E356,01/08/2022,踱步,從化,內圈,從化 內圈,,,,,,助手,,倒快兩圈,H,內圈 倒快兩圈 (助手)
E356,30/07/2022,踱步,從化,內圈,從化 內圈,,,,,,助手,,快踱一圈,H,內圈 快踱一圈 (助手)
E356,29/07/2022,踱步,從化,內圈,從化 內圈,,,,,,助手,,快踱一圈,H,內圈 快踱一圈 (助手)
E356,28/07/2022,踱步,從化,內圈,從化 內圈,,,,,,助手,,倒快一圈,H,內圈 倒快一圈 (助手)
E356,27/07/2022,踱步,從化,內圈,從化 內圈,,,,,,助手,,快踱一圈,H,內圈 快踱一圈 (助手)
E356,26/07/2022,踱步,從化,內圈,從化 內圈,,,,,,助手,,快踱一圈,H,內圈 快踱一圈 (助手)
E356,25/07/2022,踱步,從化,內圈,從化 內圈,,,,,,助手,,倒快一圈,H,內圈 倒快一圈 (助手)
E356,23/07/2022,踱步,從化,飛機場,從化 飛機場,,,,,,助手,,踱步,,飛機場 踱步 (助手)
E356,22/07/2022,踱步,從化,飛機場,從化 飛機場,,,,,,助手,,踱步,,飛機場 踱步 (助手)
E356,21/07/2022,踱步,從化,飛機場,從化 飛機場,,,,,,助手,,踱步,,飛機場 踱步 (助手)
E356,20/07/2022,踱步,從化,飛機場,從化 飛機場,,,,,,助手,,踱步,,飛機場 踱步 (助手)
E356,19/07/2022,踱步,從化,飛機場,從化 飛機場,,,,,,助手,,踱步,,飛機場 踱步 (助手)
E356,18/07/2022,踱步,從化,飛機場,從化 飛機場,,,,,,助手,,踱步,,飛機場 踱步 (助手)
E356,16/07/2022,踱步,從化,飛機場,從化 飛機場,,,,,,助手,,踱步,H,飛機場 踱步 (助手)
E356,15/07/2022,踱步,從化,內圈,從化 內圈,,,,,,助手,,快踱一圈,H,內圈 快踱一圈 (助手)
E356,14/07/2022,踱步,從化,飛機場,從化 飛機場,,,,,,助手,,踱步,H,飛機場 踱步 (助手)
E356,13/07/2022,踱步,從化,內圈,從化 內圈,,,,,,助手,,快踱一圈,H,內圈 快踱一圈 (助手)
E356,12/07/2022,踱步,從化,飛機場,從化 飛機場,,,,,,助手,,踱步,H,飛機場 踱步 (助手)
E356,11/07/2022,踱步,從化,內圈,從化 內圈,,,,,,助手,,倒快一圈,H,內圈 倒快一圈 (助手)
E356,09/07/2022,踱步,從化,飛機場,從化 飛機場,,,,,,助手,,踱步,,飛機場 踱步 (助手)
E356,07/07/2022,踱步,從化,飛機場,從化 飛機場,,,,,,助手,,踱步,,飛機場 踱步 (助手)
E356,05/07/2022,踱步,從化,飛機場,從化 飛機場,,,,,,助手,,踱步,,飛機場 踱步 (助手)
E356,07/06/2022,游水,沙田,,沙田,,,,,,,,游水,,
E356,05/06/2022,踱步,沙田,內圈,沙田 內圈,,,,,,助手,,快踱一圈,H,內圈 快踱一圈 (助手)
E356,04/06/2022,踱步,沙田,內圈,沙田 內圈,,,,,,助手,,快踱一圈,H,內圈 快踱一圈 (助手)
E356,03/06/2022,快操,沙田,全天候,沙田 全天候,,58.2,58.2,31.1 27.1,,助手,,快操,H,31.1 27.1 (58.2) (助手)
E356,03/06/2022,踱步,沙田,飛機場,沙田 飛機場,,,,,,助手,,踱步,H,飛機場 踱步 (助手)
E356,02/06/2022,踱步,沙田,內圈,沙田 內圈,,,,,,助手,,倒快兩圈,H,內圈 倒快兩圈 (助手)
E356,31/05/2022,快操,沙田,全天候,沙田 全天候,,1.22.9,82.9,30.5 28.6 23.8,,潘頓,,快操,,30.5 28.6 23.8 (1.22.9) (潘頓)
E356,31/05/2022,踱步,沙田,飛機場,沙田 飛機場,,,,,,潘頓,,踱步,,飛機場 踱步 (潘頓)
E356,30/05/2022,踱步,沙田,內圈,沙田 內圈,,,,,,助手,,倒快兩圈,H,內圈 倒快兩圈 (助手)
E356,28/05/2022,快操,沙田,全天候,沙田 全天候,,1.25.4,85.4,29.6 27.8 28.0,,潘頓,,快操,H,29.6 27.8 28.0 (1.25.4) (潘頓)
E356,28/05/2022,踱步,沙田,飛機場,沙田 飛機場,,,,,,助手,,踱步,H,飛機場 踱步 (助手)
E356,27/05/2022,踱步,沙田,內圈,沙田 內圈,,,,,,助手,,快踱一圈,H,內圈 快踱一圈 (助手)
E356,25/05/2022,快操,沙田,全天候,沙田 全天候,,1.28.6,88.6,30.0 31.1 27.5,,助手,,快操,H,30.0 31.1 27.5 (1.28.6) (助手)
E356,25/05/2022,踱步,沙田,飛機場,沙田 飛機場,,,,,,助手,,踱步,H,飛機場 踱步 (助手)
E356,24/05/2022,踱步,沙田,內圈,沙田 內圈,,,,,,助手,,快踱一圈,H,內圈 快踱一圈 (助手)
E356,23/05/2022,踱步,沙田,內圈,沙田 內圈,,,,,,助手,,倒快兩圈,H,內圈 倒快兩圈 (助手)
E356,21/05/2022,踱步,沙田,飛機場,沙田 飛機場,,,,,,助手,,踱步,H,飛機場 踱步 (助手)
E356,20/05/2022,踱步,沙田,飛機場,沙田 飛機場,,,,,,助手,,踱步,H,飛機場 踱步 (助手)
E356,18/05/2022,踱步,沙田,內圈,沙田 內圈,,,,,,助手,,快踱一圈,H,內圈 快踱一圈 (助手)
E356,17/05/2022,踱步,沙田,內圈,沙田 內圈,,,,,,助手,,快踱一圈,H,內圈 快踱一圈 (助手)
E356,16/05/2022,快操,沙田,全天候,沙田 全天候,,58.7,58.7,29.6 29.1,,田泰安,,快操,H,29.6 29.1 (58.7) (田泰安)
E356,16/05/2022,踱步,沙田,飛機場,沙田 飛機場,,,,,,田泰安,,踱步,H,飛機場 踱步 (田泰安)
E356,15/05/2022,踱步,沙田,內圈,沙田 內圈,,,,,,助手,,快踱一圈,H,內圈 快踱一圈 (助手)
E356,14/05/2022,踱步,沙田,飛機場,沙田 飛機場,,,,,,助手,,踱步,H,飛機場 踱步 (助手)
E356,13/05/2022,踱步,沙田,飛機場,沙田 飛機場,,,,,,助手,,踱步,H,飛機場 踱步 (助手)
E356,12/05/2022,快操,沙田,草閘,沙田 草閘,,55.1,55.1,30.8 24.3,,田泰安,,快操,,30.8 24.3 (55.1) (田泰安)
E356,12/05/2022,踱步,沙田,飛機場,沙田 飛機場,,,,,,助手,,踱步,,飛機場 踱步 (助手)
E356,11/05/2022,踱步,沙田,內圈,沙田 內圈,,,,,,助手,,快踱一圈,H,內圈 快踱一圈 (助手)
E356,10/05/2022,踱步,沙田,內圈,沙田 內圈,,,,,,助手,,快踱一圈,H,內圈 快踱一圈 (助手)
E356,09/05/2022,快操,沙田,全天候,沙田 全天候,,57.7,57.7,29.2 28.5,,田泰安,,快操,H,29.2 28.5 (57.7) (田泰安)
E356,09/05/2022,踱步,沙田,飛機場,沙田 飛機場,,,,,,田泰安,,踱步,H,飛機場 踱步 (田泰安)
E356,08/05/2022,踱步,沙田,內圈,沙田 內圈,,,,,,助手,,快踱一圈,H,內圈 快踱一圈 (助手)
E356,07/05/2022,踱步,沙田,內圈,沙田 內圈,,,,,,助手,,快踱一圈,H,內圈 快踱一圈 (助手)
E356,06/05/2022,快操,沙田,全天候,沙田 全天候,,58.7,58.7,29.8 28.9,,田泰安,,快操,H,29.8 28.9 (58.7) (田泰安)
E356,06/05/2022,踱步,沙田,飛機場,沙田 飛機場,,,,,,田泰安,,踱步,H,飛機場 踱步 (田泰安)
E356,05/05/2022,踱步,沙田,內圈,沙田 內圈,,,,,,助手,,倒快兩圈,H,內圈 倒快兩圈 (助手)
E356,04/05/2022,踱步,沙田,內圈,沙田 內圈,,,,,,助手,,快踱一圈,H,內圈 快踱一圈 (助手)
E356,03/05/2022,踱步,沙田,飛機場,沙田 飛機場,,,,,,助手,,踱步,H,飛機場 踱步 (助手)
E356,02/05/2022,踱步,沙田,內圈,沙田 內圈,,,,,,助手,,倒快兩圈,H,內圈 倒快兩圈 (助手)
E356,30/04/2022,踱步,沙田,內圈,沙田 內圈,,,,,,助手,,快踱一圈,H,內圈 快踱一圈 (助手)
E356,28/04/2022,踱步,沙田,飛機場,沙田 飛機場,,,,,,助手,,踱步,H,飛機場 踱步 (助手)
E356,27/04/2022,踱步,沙田,飛機場,沙田 飛機場,,,,,,助手,,踱步,H,飛機場 踱步 (助手)
E356,24/04/2022,踱步,沙田,內圈,沙田 內圈,,,,,,助手,,快踱一圈,H,內圈 快踱一圈 (助手)
E356,23/04/2022,踱步,沙田,內圈,沙田 內圈,,,,,,助手,,快踱一圈,H,內圈 快踱一圈 (助手)
E356,22/04/2022,快操,沙田,全天候,沙田 全天候,,1.01.0,61.0,31.8 29.2,,田泰安,,快操,H,31.8 29.2 (1.01.0) (田泰安)
E356,22/04/2022,踱步,沙田,飛機場,沙田 飛機場,,,,,,田泰安,,踱步,H,飛機場 踱步 (田泰安)
E356,21/04/2022,踱步,沙田,內圈,沙田 內圈,,,,,,助手,,倒快一圈,H,內圈 倒快一圈 (助手)
E356,20/04/2022,踱步,沙田,飛機場,沙田 飛機場,,,,,,助手,,踱步,B,飛機場 踱步 (助手)
E356,19/04/2022,快操,沙田,全天候,沙田 全天候,,1.26.7,86.7,33.9 28.8 24.0,,助手,,快操,,33.9 28.8 24.0 (1.26.7) (助手)
E356,19/04/2022,踱步,沙田,飛機場,沙田 飛機場,,,,,,助手,,踱步,H,飛機場 踱步 (助手)
E356,18/04/2022,踱步,沙田,內圈,沙田 內圈,,,,,,助手,,倒快兩圈,H,內圈 倒快兩圈 (助手)
E356,16/04/2022,踱步,沙田,內圈,沙田 內圈,,,,,,助手,,快踱一圈,H,內圈 快踱一圈 (助手)
E356,15/04/2022,踱步,沙田,內圈,沙田 內圈,,,,,,助手,,快踱一圈,,內圈 快踱一圈 (助手)
E356,14/04/2022,游水,沙田,,沙田,,,,,,,,游水,,
E356,12/04/2022,試閘,沙田,草地,沙田 草地,1000M,0.57.77,57.77,14.2 21.6 21.9,加州雷電,田泰安,,第2組,,第2組 (田泰安) 1000M 加州雷電 14.2 21.6 21.9 (0.57.77)
E356,11/04/2022,踱步,沙田,內圈,沙田 內圈,,,,,,助手,,倒快兩圈,H,內圈 倒快兩圈 (助手)
E356,09/04/2022,快操,沙田,全天候,沙田 全天候,,58.4,58.4,29.9 28.5,,田泰安,,快操,H,29.9 28.5 (58.4) (田泰安)
E356,09/04/2022,踱步,沙田,飛機場,沙田 飛機場,,,,,,田泰安,,踱步,H,飛機場 踱步 (田泰安)
E356,08/04/2022,踱步,沙田,內圈,沙田 內圈,,,,,,助手,,快踱一圈,H,內圈 快踱一圈 (助手)
E356,07/04/2022,踱步,沙田,內圈,沙田 內圈,,,,,,助手,,倒快兩圈,H,內圈 倒快兩圈 (助手)
E356,06/04/2022,踱步,沙田,飛機場,沙田 飛機場,,,,,,助手,,踱步,H,飛機場 踱步 (助手)
E356,05/04/2022,快操,沙田,全天候,沙田 全天候,,59.6,59.6,30.0 29.6,,田泰安,,快操,H,30.0 29.6 (59.6) (田泰安)
E356,05/04/2022,踱步,沙田,飛機場,沙田 飛機場,,,,,,田泰安,,踱步,H,飛機場 踱步 (田泰安)
E356,04/04/2022,踱步,沙田,內圈,沙田 內圈,,,,,,助手,,倒快兩圈,H,內圈 倒快兩圈 (助手)
E356,03/04/2022,快操,沙田,全天候,沙田 全天候,,58.2,58.2,30.5 27.7,,助手,,快操,H,30.5 27.7 (58.2) (助手)
E356,03/04/2022,踱步,沙田,飛機場,沙田 飛機場,,,,,,助手,,踱步,H,飛機場 踱步 (助手)
E356,02/04/2022,踱步,沙田,內圈,沙田 內圈,,,,,,助手,,快踱一圈,H,內圈 快踱一圈 (助手)
E356,01/04/2022,踱步,沙田,內圈,沙田 內圈,,,,,,助手,,快踱一圈,H,內圈 快踱一圈 (助手)
E356,31/03/2022,踱步,沙田,內圈,沙田 內圈,,,,,,助手,,倒快兩圈,H,內圈 倒快兩圈 (助手)
E356,30/03/2022,踱步,沙田,飛機場,沙田 飛機場,,,,,,助手,,踱步,H,飛機場 踱步 (助手)
E356,29/03/2022,快操,沙田,全天候,沙田 全天候,,58.9,58.9,30.6 28.3,,田泰安,,快操,H,30.6 28.3 (58.9) (田泰安)
E356,28/03/2022,踱步,沙田,內圈,沙田 內圈,,,,,,助手,,倒快兩圈,H,內圈 倒快兩圈 (助手)
E356,26/03/2022,踱步,沙田,內圈,沙田 內圈,,,,,,助手,,快踱一圈,H,內圈 快踱一圈 (助手)
E356,25/03/2022,踱步,沙田,內圈,沙田 內圈,,,,,,助手,,快踱一圈,H,內圈 快踱一圈 (助手)
E356,24/03/2022,踱步,沙田,內圈,沙田 內圈,,,,,,助手,,倒快兩圈,H,內圈 倒快兩圈 (助手)
E356,23/03/2022,踱步,沙田,內圈,沙田 內圈,,,,,,助手,,快踱一圈,H,內圈 快踱一圈 (助手)
E356,20/03/2022,踱步,沙田,內圈,沙田 內圈,,,,,,助手,,快踱一圈,H,內圈 快踱一圈 (助手)
E356,19/03/2022,踱步,沙田,內圈,沙田 內圈,,,,,,助手,,快踱一圈,H,內圈 快踱一圈 (助手)
E356,18/03/2022,快操,沙田,全天候,沙田 全天候,,57.7,57.7,30.3 27.4,,田泰安,,快操,H,30.3 27.4 (57.7) (田泰安)
E356,18/03/2022,踱步,沙田,飛機場,沙田 飛機場,,,,,,田泰安,,踱步,H,飛機場 踱步 (田泰安)
E356,17/03/2022,踱步,沙田,內圈,沙田 內圈,,,,,,助手,,倒快兩圈,H,內圈 倒快兩圈 (助手)
E356,16/03/2022,踱步,沙田,內圈,沙田 內圈,,,,,,助手,,快踱一圈,H,內圈 快踱一圈 (助手)
E356,14/03/2022,快操,沙田,草地,沙田 草地,,53.7,53.7,30.3 23.4,,田泰安,,快操,,30.3 23.4 (53.7) (田泰安)
E356,14/03/2022,踱步,沙田,飛機場,沙田 飛機場,,,,,,田泰安,,踱步,,飛機場 踱步 (田泰安)
E356,13/03/2022,踱步,沙田,內圈,沙田 內圈,,,,,,助手,,快踱一圈,H,內圈 快踱一圈 (助手)
E356,12/03/2022,踱步,沙田,內圈,沙田 內圈,,,,,,助手,,快踱一圈,H,內圈 快踱一圈 (助手)
E356,10/03/2022,試閘,從化,草地,從化 草地,800M,0.46.54,46.54,24.4 22.1,幸運有您,漢特日,,第1組,,第1組 (漢特日) 800M 幸運有您 24.4 22.1 (0.46.54)
E356,10/03/2022,踱步,從化,飛機場,從化 飛機場,,,,,,助手,,踱步,,飛機場 踱步 (助手)
E356,09/03/2022,踱步,從化,內圈,從化 內圈,,,,,,助手,,快踱一圈,H,內圈 快踱一圈 (助手)
E356,08/03/2022,踱步,從化,內圈,從化 內圈,,,,,,助手,,快踱一圈,H,內圈 快踱一圈 (助手)
E356,07/03/2022,快操,從化,全天候,從化 全天候,,1.01.7,61.7,32.6 29.1,,助手,,快操,H,32.6 29.1 (1.01.7) (助手)
E356,07/03/2022,踱步,從化,飛機場,從化 飛機場,,,,,,助手,,踱步,H,飛機場 踱步 (助手)
E356,06/03/2022,踱步,從化,飛機場,從化 飛機場,,,,,,助手,,踱步,H,飛機場 踱步 (助手)
E356,05/03/2022,快操,從化,草地,從化 草地,,1.00.8,60.8,33.2 27.6,,助手,,快操,H,33.2 27.6 (1.00.8) (助手)
E356,05/03/2022,踱步,從化,飛機場,從化 飛機場,,,,,,助手,,踱步,H,飛機場 踱步 (助手)
E356,04/03/2022,踱步,從化,內圈,從化 內圈,,,,,,助手,,快踱一圈,H,內圈 快踱一圈 (助手)
E356,03/03/2022,踱步,從化,內圈,從化 內圈,,,,,,助手,,倒快兩圈,H,內圈 倒快兩圈 (助手)
E356,02/03/2022,踱步,從化,飛機場,從化 飛機場,,,,,,助手,,踱步,H,飛機場 踱步 (助手)
E356,01/03/2022,快操,從化,草地,從化 草地,,29.5,29.5,29.5,,助手,,快操,H,29.5 (29.5) (助手)
E356,01/03/2022,踱步,從化,飛機場,從化 飛機場,,,,,,助手,,踱步,H,飛機場 踱步 (助手)
E356,28/02/2022,踱步,從化,內圈,從化 內圈,,,,,,助手,,倒快兩圈,H,內圈 倒快兩圈 (助手)
E356,26/02/2022,踱步,從化,飛機場,從化 飛機場,,,,,,助手,,踱步,H,飛機場 踱步 (助手)
E356,25/02/2022,踱步,從化,內圈,從化 內圈,,,,,,助手,,快踱一圈,H,內圈 快踱一圈 (助手)
E356,24/02/2022,踱步,從化,飛機場,從化 飛機場,,,,,,助手,,踱步,H,飛機場 踱步 (助手)
E356,23/02/2022,踱步,從化,內圈,從化 內圈,,,,,,助手,,快踱一圈,H,內圈 快踱一圈 (助手)
E356,22/02/2022,踱步,從化,飛機場,從化 飛機場,,,,,,助手,,踱步,H,飛機場 踱步 (助手)
E356,21/02/2022,踱步,從化,內圈,從化 內圈,,,,,,助手,,倒快兩圈,H,內圈 倒快兩圈 (助手)
E356,19/02/2022,踱步,從化,飛機場,從化 飛機場,,,,,,助手,,踱步,H,飛機場 踱步 (助手)
E356,18/02/2022,踱步,從化,內圈,從化 內圈,,,,,,助手,,快踱一圈,H,內圈 快踱一圈 (助手)
E356,17/02/2022,踱步,從化,內圈,從化 內圈,,,,,,助手,,倒快兩圈,H,內圈 倒快兩圈 (助手)
E356,16/02/2022,踱步,從化,飛機場,從化 飛機場,,,,,,助手,,踱步,H,飛機場 踱步 (助手)
E356,15/02/2022,踱步,從化,飛機場,從化 飛機場,,,,,,助手,,踱步,H,飛機場 踱步 (助手)
E356,14/02/2022,踱步,從化,內圈,從化 內圈,,,,,,助手,,倒快兩圈,H,內圈 倒快兩圈 (助手)
E356,12/02/2022,踱步,從化,內圈,從化 內圈,,,,,,助手,,快踱一圈,H,內圈 快踱一圈 (助手)
E356,11/02/2022,踱步,從化,內圈,從化 內圈,,,,,,助手,,快踱一圈,H,內圈 快踱一圈 (助手)
E356,10/02/2022,踱步,從化,飛機場,從化 飛機場,,,,,,助手,,踱步,H,飛機場 踱步 (助手)
E356,09/02/2022,踱步,從化,內圈,從化 內圈,,,,,,助手,,快踱一圈,H,內圈 快踱一圈 (助手)
E356,08/02/2022,踱步,從化,飛機場,從化 飛機場,,,,,,助手,,踱步,H,飛機場 踱步 (助手)
E356,07/02/2022,踱步,從化,內圈,從化 內圈,,,,,,助手,,倒快兩圈,H,內圈 倒快兩圈 (助手)
E356,05/02/2022,踱步,沙田,飛機場,沙田 飛機場,,,,,,助手,,踱步,H,飛機場 踱步 (助手)
E356,04/02/2022,踱步,沙田,飛機場,沙田 飛機場,,,,,,助手,,踱步,H,飛機場 踱步 (助手)
E356,02/02/2022,踱步,沙田,內圈,沙田 內圈,,,,,,助手,,快踱一圈,H,內圈 快踱一圈 (助手)
E356,30/01/2022,踱步,沙田,內圈,沙田 內圈,,,,,,助手,,快踱一圈,H,內圈 快踱一圈 (助手)
E356,29/01/2022,踱步,沙田,內圈,沙田 內圈,,,,,,助手,,快踱一圈,H,內圈 快踱一圈 (助手)
E356,28/01/2022,快操,沙田,全天候,沙田 全天候,,56.4,56.4,29.5 26.9,,助手,,快操,H,29.5 26.9 (56.4) (助手)
E356,28/01/2022,踱步,沙田,飛機場,沙田 飛機場,,,,,,助手,,踱步,H,飛機場 踱步 (助手)
E356,27/01/2022,踱步,沙田,內圈,沙田 內圈,,,,,,助手,,倒快兩圈,H,內圈 倒快兩圈 (助手)
E356,26/01/2022,踱步,沙田,內圈,沙田 內圈,,,,,,助手,,快踱一圈,H,內圈 快踱一圈 (助手)
E356,25/01/2022,快操,沙田,全天候,沙田 全天候,,1.23.8,83.8,29.9 26.8 27.1,,班德禮,,快操,,29.9 26.8 27.1 (1.23.8) (班德禮)
E356,25/01/2022,踱步,沙田,飛機場,沙田 飛機場,,,,,,班德禮,,踱步,H,飛機場 踱步 (班德禮)
E356,24/01/2022,踱步,沙田,內圈,沙田 內圈,,,,,,助手,,倒快兩圈,H,內圈 倒快兩圈 (助手)
E356,23/01/2022,快操,沙田,全天候,沙田 全天候,,58.4,58.4,30.8 27.6,,助手,,快操,H,30.8 27.6 (58.4) (助手)
E356,23/01/2022,踱步,沙田,飛機場,沙田 飛機場,,,,,,助手,,踱步,H,飛機場 踱步 (助手)
E356,22/01/2022,踱步,沙田,內圈,沙田 內圈,,,,,,助手,,快踱兩圈,H,內圈 快踱兩圈 (助手)
E356,21/01/2022,踱步,沙田,內圈,沙田 內圈,,,,,,助手,,快踱一圈,H,內圈 快踱一圈 (助手)
E356,20/01/2022,踱步,沙田,內圈,沙田 內圈,,,,,,助手,,倒快兩圈,H,內圈 倒快兩圈 (助手)
E356,19/01/2022,踱步,沙田,內圈,沙田 內圈,,,,,,助手,,快踱一圈,H,內圈 快踱一圈 (助手)
E356,16/01/2022,踱步,沙田,內圈,沙田 內圈,,,,,,助手,,快踱一圈,H,內圈 快踱一圈 (助手)
E356,15/01/2022,踱步,沙田,內圈,沙田 內圈,,,,,,田泰安,,快踱一圈,H,內圈 快踱一圈 (田泰安)
E356,14/01/2022,快操,沙田,全天候,沙田 全天候,,1.30.2,90.2,32.3 30.3 27.6,,田泰安,,快操,H,32.3 30.3 27.6 (1.30.2) (田泰安)
E356,14/01/2022,踱步,沙田,飛機場,沙田 飛機場,,,,,,田泰安,,踱步,H,飛機場 踱步 (田泰安)
E356,13/01/2022,踱步,沙田,內圈,沙田 內圈,,,,,,助手,,倒快兩圈,H,內圈 倒快兩圈 (助手)
E356,12/01/2022,踱步,沙田,內圈,沙田 內圈,,,,,,助手,,快踱一圈,H,內圈 快踱一圈 (助手)
E356,10/01/2022,快操,沙田,全天候,沙田 全天候,,1.27.1,87.1,33.5 29.5 24.1,,田泰安,,快操,,33.5 29.5 24.1 (1.27.1) (田泰安)
E356,10/01/2022,踱步,沙田,飛機場,沙田 飛機場,,,,,,田泰安,,踱步,H,飛機場 踱步 (田泰安)
E356,09/01/2022,踱步,沙田,內圈,沙田 內圈,,,,,,助手,,快踱一圈,H,內圈 快踱一圈 (助手)
E356,08/01/2022,游水,沙田,,沙田,,,,,,,,游水,,
E356,08/01/2022,踱步,沙田,內圈,沙田 內圈,,,,,,田泰安,,快踱一圈,H,內圈 快踱一圈 (田泰安)
E356,07/01/2022,快操,沙田,全天候,沙田 全天候,,1.31.2,91.2,32.8 30.7 27.7,,助手,,快操,H,32.8 30.7 27.7 (1.31.2) (助手)
E356,07/01/2022,踱步,沙田,飛機場,沙田 飛機場,,,,,,助手,,踱步,H,飛機場 踱步 (助手)
E356,06/01/2022,踱步,沙田,內圈,沙田 內圈,,,,,,助手,,倒快兩圈,H,內圈 倒快兩圈 (助手)
E356,05/01/2022,踱步,沙田,內圈,沙田 內圈,,,,,,助手,,快踱一圈,H,內圈 快踱一圈 (助手)
E356,04/01/2022,踱步,沙田,內圈,沙田 內圈,,,,,,助手,,快踱一圈,H,內圈 快踱一圈 (助手)
E356,01/01/2022,踱步,沙田,內圈,沙田 內圈,,,,,,助手,,快踱一圈,H,內圈 快踱一圈 (助手)
E356,31/12/2021,踱步,沙田,內圈,沙田 內圈,,,,,,助手,,快踱一圈,H,內圈 快踱一圈 (助手)
E356,29/12/2021,快操,沙田,全天候,沙田 全天候,,54.2,54.2,29.9 24.3,,田泰安,,快操,,29.9 24.3 (54.2) (田泰安)
E356,29/12/2021,踱步,沙田,飛機場,沙田 飛機場,,,,,,田泰安,,踱步,,飛機場 踱步 (田泰安)
E356,28/12/2021,踱步,沙田,內圈,沙田 內圈,,,,,,助手,,快踱一圈,H,內圈 快踱一圈 (助手)
E356,27/12/2021,踱步,沙田,內圈,沙田 內圈,,,,,,助手,,倒快兩圈,H,內圈 倒快兩圈 (助手)
E356,25/12/2021,踱步,沙田,內圈,沙田 內圈,,,,,,助手,,快踱一圈,H,內圈 快踱一圈 (助手)
E356,24/12/2021,快操,沙田,全天候,沙田 全天候,,51.4,51.4,28.5 22.9,,田泰安,,快操,,28.5 22.9 (51.4) (田泰安)
E356,23/12/2021,踱步,沙田,內圈,沙田 內圈,,,,,,助手,,倒快兩圈,H,內圈 倒快兩圈 (助手)
E356,22/12/2021,踱步,沙田,飛機場,沙田 飛機場,,,,,,助手,,踱步,H,飛機場 踱步 (助手)
E356,21/12/2021,快操,沙田,全天候,沙田 全天候,,57.0,57.0,29.9 27.1,,田泰安,,快操,H,29.9 27.1 (57.0) (田泰安)
E356,21/12/2021,踱步,沙田,飛機場,沙田 飛機場,,,,,,田泰安,,踱步,H,飛機場 踱步 (田泰安)
E356,20/12/2021,踱步,沙田,內圈,沙田 內圈,,,,,,助手,,倒快兩圈,H,內圈 倒快兩圈 (助手)
E356,18/12/2021,快操,沙田,全天候,沙田 全天候,,1.00.5,60.5,32.4 28.1,,助手,,快操,H,32.4 28.1 (1.00.5) (助手)
E356,18/12/2021,踱步,沙田,飛機場,沙田 飛機場,,,,,,助手,,踱步,H,飛機場 踱步 (助手)
E356,17/12/2021,踱步,沙田,內圈,沙田 內圈,,,,,,助手,,快踱一圈,H,內圈 快踱一圈 (助手)
E356,16/12/2021,踱步,沙田,內圈,沙田 內圈,,,,,,助手,,倒快兩圈,H,內圈 倒快兩圈 (助手)
E356,15/12/2021,踱步,沙田,內圈,沙田 內圈,,,,,,助手,,快踱一圈,H,內圈 快踱一圈 (助手)
E356,14/12/2021,踱步,沙田,飛機場,沙田 飛機場,,,,,,助手,,踱步,H,飛機場 踱步 (助手)
E356,12/12/2021,踱步,沙田,內圈,沙田 內圈,,,,,,助手,,快踱一圈,H,內圈 快踱一圈 (助手)
E356,11/12/2021,踱步,沙田,內圈,沙田 內圈,,,,,,助手,,快踱一圈,H,內圈 快踱一圈 (助手)
E356,10/12/2021,踱步,沙田,內圈,沙田 內圈,,,,,,助手,,快踱一圈,H,內圈 快踱一圈 (助手)
E356,09/12/2021,踱步,沙田,飛機場,沙田 飛機場,,,,,,助手,,踱步,H,飛機場 踱步 (助手)
E356,08/12/2021,快操,沙田,全天候,沙田 全天候,,52.6,52.6,29.5 23.1,,田泰安,,快操,,29.5 23.1 (52.6) (田泰安)
E356,08/12/2021,踱步,沙田,飛機場,沙田 飛機場,,,,,,田泰安,,踱步,,飛機場 踱步 (田泰安)
E356,07/12/2021,踱步,沙田,內圈,沙田 內圈,,,,,,助手,,快踱一圈,H,內圈 快踱一圈 (助手)
E356,06/12/2021,踱步,沙田,內圈,沙田 內圈,,,,,,助手,,倒快兩圈,H,內圈 倒快兩圈 (助手)
E356,05/12/2021,快操,沙田,全天候,沙田 全天候,,1.00.1,60.1,31.8 28.3,,助手,,快操,H,31.8 28.3 (1.00.1) (助手)
E356,05/12/2021,踱步,沙田,飛機場,沙田 飛機場,,,,,,助手,,踱步,H,飛機場 踱步 (助手)
E356,04/12/2021,踱步,沙田,內圈,沙田 內圈,,,,,,助手,,快踱一圈,H,內圈 快踱一圈 (助手)
E356,03/12/2021,踱步,沙田,內圈,沙田 內圈,,,,,,助手,,快踱一圈,H,內圈 快踱一圈 (助手)
E356,02/12/2021,踱步,沙田,內圈,沙田 內圈,,,,,,助手,,倒快兩圈,H,內圈 倒快兩圈 (助手)
E356,01/12/2021,踱步,沙田,飛機場,沙田 飛機場,,,,,,助手,,踱步,H,飛機場 踱步 (助手)
E356,30/11/2021,試閘,沙田,全天候,沙田 全天候,1200M,1.11.67,71.67,25.4 23.3 22.9,金哥兒,楊明綸,,第2組,,第2組 (楊明綸) 1200M 金哥兒 25.4 23.3 22.9 (1.11.67)
E356,29/11/2021,踱步,沙田,內圈,沙田 內圈,,,,,,助手,,倒快兩圈,H,內圈 倒快兩圈 (助手)
E356,27/11/2021,踱步,沙田,飛機場,沙田 飛機場,,,,,,助手,,踱步,H,飛機場 踱步 (助手)
E356,26/11/2021,快操,沙田,全天候,沙田 全天候,,57.1,57.1,30.3 26.8,,助手,,快操,H,30.3 26.8 (57.1) (助手)
E356,26/11/2021,踱步,沙田,飛機場,沙田 飛機場,,,,,,助手,,踱步,H,飛機場 踱步 (助手)
E356,25/11/2021,踱步,沙田,內圈,沙田 內圈,,,,,,助手,,倒快兩圈,H,內圈 倒快兩圈 (助手)
E356,23/11/2021,快操,沙田,全天候,沙田 全天候,,57.1,57.1,29.5 27.6,,田泰安,,快操,,29.5 27.6 (57.1) (田泰安)
E356,23/11/2021,踱步,沙田,飛機場,沙田 飛機場,,,,,,田泰安,,踱步,,飛機場 踱步 (田泰安)
E356,22/11/2021,踱步,沙田,內圈,沙田 內圈,,,,,,楊明綸,,倒快兩圈,H,內圈 倒快兩圈 (楊明綸)
E356,21/11/2021,踱步,沙田,外圈,沙田 外圈,,,,,,助手,,快踱一圈,H,外圈 快踱一圈 (助手)
E356,20/11/2021,踱步,沙田,內圈,沙田 內圈,,,,,,楊明綸,,快踱一圈,H,內圈 快踱一圈 (楊明綸)
E356,19/11/2021,踱步,沙田,內圈,沙田 內圈,,,,,,楊明綸,,快踱一圈,H,內圈 快踱一圈 (楊明綸)
E356,18/11/2021,踱步,沙田,內圈,沙田 內圈,,,,,,助手,,倒快兩圈,H,內圈 倒快兩圈 (助手)
E356,16/11/2021,試閘,沙田,草地,沙田 草地,1000M,0.57.53,57.53,14.2 20.9 22.4,幸運有您,楊明綸,,第2組,,第2組 (楊明綸) 1000M 幸運有您 14.2 20.9 22.4 (0.57.53)
E356,15/11/2021,踱步,沙田,內圈,沙田 內圈,,,,,,助手,,倒快兩圈,H,內圈 倒快兩圈 (助手)
E356,13/11/2021,踱步,沙田,內圈,沙田 內圈,,,,,,助手,,快踱一圈,H,內圈 快踱一圈 (助手)
E356,11/11/2021,快操,沙田,全天候,沙田 全天候,,55.6,55.6,30.2 25.4,,楊明綸,,快操,,30.2 25.4 (55.6) (楊明綸)
E356,11/11/2021,踱步,沙田,飛機場,沙田 飛機場,,,,,,楊明綸,,踱步,H,飛機場 踱步 (楊明綸)
E356,10/11/2021,踱步,沙田,內圈,沙田 內圈,,,,,,楊明綸,,快踱一圈,H,內圈 快踱一圈 (楊明綸)
E356,09/11/2021,踱步,沙田,內圈,沙田 內圈,,,,,,助手,,快踱一圈,H,內圈 快踱一圈 (助手)
E356,08/11/2021,快操,沙田,全天候,沙田 全天候,,55.4,55.4,30.2 25.2,,助手,,快操,H,30.2 25.2 (55.4) (助手)
E356,08/11/2021,踱步,沙田,飛機場,沙田 飛機場,,,,,,助手,,踱步,H,飛機場 踱步 (助手)
E356,07/11/2021,踱步,沙田,內圈,沙田 內圈,,,,,,助手,,快踱一圈,H,內圈 快踱一圈 (助手)
E356,06/11/2021,踱步,沙田,內圈,沙田 內圈,,,,,,助手,,快踱一圈,H,內圈 快踱一圈 (助手)
E356,05/11/2021,快操,沙田,全天候,沙田 全天候,,58.4,58.4,31.2 27.2,,助手,,快操,H,31.2 27.2 (58.4) (助手)
E356,05/11/2021,踱步,沙田,飛機場,沙田 飛機場,,,,,,助手,,踱步,H,飛機場 踱步 (助手)
E356,04/11/2021,踱步,沙田,內圈,沙田 內圈,,,,,,助手,,倒快兩圈,H,內圈 倒快兩圈 (助手)
E356,03/11/2021,踱步,沙田,內圈,沙田 內圈,,,,,,助手,,快踱一圈,H,內圈 快踱一圈 (助手)
E356,02/11/2021,踱步,沙田,內圈,沙田 內圈,,,,,,助手,,快踱一圈,H,內圈 快踱一圈 (助手)
E356,01/11/2021,踱步,沙田,內圈,沙田 內圈,,,,,,助手,,倒快一圈,H,內圈 倒快一圈 (助手)
E356,31/10/2021,踱步,沙田,飛機場,沙田 飛機場,,,,,,助手,,踱步,H,飛機場 踱步 (助手)
E356,22/10/2021,踱步,沙田,內圈,沙田 內圈,,,,,,助手,,快踱一圈,H,內圈 快踱一圈 (助手)
E356,20/10/2021,快操,沙田,全天候,沙田 全天候,,1.26.1,86.1,33.8 28.2 24.1,,助手,,快操,,33.8 28.2 24.1 (1.26.1) (助手)
E356,20/10/2021,踱步,沙田,飛機場,沙田 飛機場,,,,,,助手,,踱步,,飛機場 踱步 (助手)
E356,19/10/2021,踱步,沙田,內圈,沙田 內圈,,,,,,助手,,快踱一圈,H,內圈 快踱一圈 (助手)
E356,18/10/2021,踱步,沙田,內圈,沙田 內圈,,,,,,助手,,倒快兩圈,H,內圈 倒快兩圈 (助手)
E356,17/10/2021,踱步,沙田,飛機場,沙田 飛機場,,,,,,助手,,踱步,H,飛機場 踱步 (助手)
E356,15/10/2021,試閘,沙田,全天候,沙田 全天候,1200M,1.10.87,70.87,24.1 23.2 23.5,幸運有您,巴度,,第2組,,第2組 (巴度) 1200M 幸運有您 24.1 23.2 23.5 (1.10.87)
E356,14/10/2021,踱步,沙田,內圈,沙田 內圈,,,,,,助手,,倒快兩圈,H,內圈 倒快兩圈 (助手)
E356,12/10/2021,快操,沙田,全天候,沙田 全天候,,56.8,56.8,29.6 27.2,,助手,,快操,H,29.6 27.2 (56.8) (助手)
E356,12/10/2021,踱步,沙田,飛機場,沙田 飛機場,,,,,,助手,,踱步,H,飛機場 踱步 (助手)
E356,11/10/2021,踱步,沙田,內圈,沙田 內圈,,,,,,楊明綸,,倒快兩圈,H,內圈 倒快兩圈 (楊明綸)
E356,10/10/2021,踱步,沙田,內圈,沙田 內圈,,,,,,助手,,快踱一圈,H,內圈 快踱一圈 (助手)
E356,08/10/2021,踱步,沙田,內圈,沙田 內圈,,,,,,助手,,快踱一圈,H,內圈 快踱一圈 (助手)
E356,07/10/2021,踱步,沙田,內圈,沙田 內圈,,,,,,助手,,倒快兩圈,H,內圈 倒快兩圈 (助手)
E356,05/10/2021,試閘,沙田,草地,沙田 草地,1000M,0.58.19,58.19,14.2 21.4 22.5,紅鬃烈馬,莫雷拉,,第3組,,第3組 (莫雷拉) 1000M 紅鬃烈馬 14.2 21.4 22.5 (0.58.19)
E356,04/10/2021,踱步,沙田,內圈,沙田 內圈,,,,,,助手,,倒快兩圈,H,內圈 倒快兩圈 (助手)
E356,02/10/2021,快操,沙田,全天候,沙田 全天候,,1.01.2,61.2,32.3 28.9,,助手,,快操,H,32.3 28.9 (1.01.2) (助手)
E356,02/10/2021,踱步,沙田,飛機場,沙田 飛機場,,,,,,助手,,踱步,H,飛機場 踱步 (助手)
E356,01/10/2021,踱步,沙田,內圈,沙田 內圈,,,,,,助手,,快踱一圈,H,內圈 快踱一圈 (助手)
E356,30/09/2021,踱步,沙田,內圈,沙田 內圈,,,,,,助手,,倒快兩圈,H,內圈 倒快兩圈 (助手)
E356,28/09/2021,快操,沙田,全天候,沙田 全天候,,55.6,55.6,30.2 25.4,,楊明綸,,快操,,30.2 25.4 (55.6) (楊明綸)
E356,28/09/2021,踱步,沙田,飛機場,沙田 飛機場,,,,,,楊明綸,,踱步,,飛機場 踱步 (楊明綸)
E356,27/09/2021,踱步,沙田,內圈,沙田 內圈,,,,,,助手,,倒快兩圈,H,內圈 倒快兩圈 (助手)
E356,25/09/2021,快操,沙田,全天候,沙田 全天候,,1.00.3,60.3,33.7 26.6,,助手,,快操,H,33.7 26.6 (1.00.3) (助手)
E356,25/09/2021,踱步,沙田,飛機場,沙田 飛機場,,,,,,助手,,踱步,H,飛機場 踱步 (助手)
E356,24/09/2021,踱步,沙田,內圈,沙田 內圈,,,,,,助手,,快踱一圈,H,內圈 快踱一圈 (助手)
E356,23/09/2021,踱步,沙田,內圈,沙田 內圈,,,,,,助手,,倒快兩圈,H,內圈 倒快兩圈 (助手)
E356,22/09/2021,踱步,沙田,內圈,沙田 內圈,,,,,,助手,,快踱一圈,H,內圈 快踱一圈 (助手)
E356,21/09/2021,快操,沙田,全天候,沙田 全天候,,57.9,57.9,30.0 27.9,,助手,,快操,H,30.0 27.9 (57.9) (助手)
E356,21/09/2021,踱步,沙田,飛機場,沙田 飛機場,,,,,,助手,,踱步,H,飛機場 踱步 (助手)
E356,20/09/2021,踱步,沙田,內圈,沙田 內圈,,,,,,助手,,倒快兩圈,H,內圈 倒快兩圈 (助手)
E356,18/09/2021,快操,沙田,全天候,沙田 全天候,,59.1,59.1,30.3 28.8,,助手,,快操,H,30.3 28.8 (59.1) (助手)
E356,18/09/2021,踱步,沙田,飛機場,沙田 飛機場,,,,,,助手,,踱步,H,飛機場 踱步 (助手)
E356,17/09/2021,踱步,沙田,內圈,沙田 內圈,,,,,,助手,,快踱一圈,H,內圈 快踱一圈 (助手)
E356,16/09/2021,踱步,沙田,內圈,沙田 內圈,,,,,,助手,,倒快兩圈,H,內圈 倒快兩圈 (助手)
E356,15/09/2021,踱步,沙田,內圈,沙田 內圈,,,,,,助手,,快踱一圈,H,內圈 快踱一圈 (助手)
E356,14/09/2021,快操,沙田,全天候,沙田 全天候,,1.03.9,63.9,34.0 29.9,,助手,,快操,H,34.0 29.9 (1.03.9) (助手)
E356,14/09/2021,踱步,沙田,飛機場,沙田 飛機場,,,,,,助手,,踱步,H,飛機場 踱步 (助手)
E356,13/09/2021,踱步,沙田,內圈,沙田 內圈,,,,,,助手,,倒快兩圈,H,內圈 倒快兩圈 (助手)
E356,11/09/2021,快操,沙田,全天候,沙田 全天候,,30.1,30.1,30.1,,助手,,快操,H,30.1 (30.1) (助手)
E356,11/09/2021,踱步,沙田,飛機場,沙田 飛機場,,,,,,助手,,踱步,H,飛機場 踱步 (助手)
E356,10/09/2021,踱步,沙田,內圈,沙田 內圈,,,,,,助手,,快踱一圈,H,內圈 快踱一圈 (助手)
E356,09/09/2021,踱步,沙田,內圈,沙田 內圈,,,,,,助手,,倒快兩圈,H,內圈 倒快兩圈 (助手)
E356,08/09/2021,踱步,沙田,內圈,沙田 內圈,,,,,,助手,,快踱一圈,H,內圈 快踱一圈 (助手)
E356,07/09/2021,踱步,沙田,內圈,沙田 內圈,,,,,,助手,,快踱一圈,H,內圈 快踱一圈 (助手)
E356,06/09/2021,踱步,沙田,內圈,沙田 內圈,,,,,,助手,,倒快兩圈,H,內圈 倒快兩圈 (助手)
E356,04/09/2021,踱步,沙田,內圈,沙田 內圈,,,,,,助手,,快踱一圈,H,內圈 快踱一圈 (助手)
E356,03/09/2021,踱步,沙田,內圈,沙田 內圈,,,,,,助手,,快踱一圈,H,內圈 快踱一圈 (助手)
E356,02/09/2021,踱步,沙田,內圈,沙田 內圈,,,,,,助手,,倒快兩圈,H,內圈 倒快兩圈 (助手)
E356,01/09/2021,踱步,沙田,內圈,沙田 內圈,,,,,,助手,,快踱一圈,H,內圈 快踱一圈 (助手)
E356,31/08/2021,踱步,沙田,內圈,沙田 內圈,,,,,,助手,,快踱一圈,H,內圈 快踱一圈 (助手)
E356,30/08/2021,踱步,沙田,內圈,沙田 內圈,,,,,,助手,,倒快兩圈,H,內圈 倒快兩圈 (助手)
E356,28/08/2021,踱步,沙田,內圈,沙田 內圈,,,,,,助手,,快踱一圈,H,內圈 快踱一圈 (助手)
E356,27/08/2021,踱步,沙田,內圈,沙田 內圈,,,,,,助手,,快踱一圈,H,內圈 快踱一圈 (助手)
E356,26/08/2021,踱步,沙田,內圈,沙田 內圈,,,,,,助手,,倒快一圈,H,內圈 倒快一圈 (助手)
E356,25/08/2021,踱步,沙田,彭福公園,沙田 彭福公園,,,,,,助手,,踱步,H,彭福公園 踱步 (助手)
E356,24/08/2021,踱步,沙田,彭福公園,沙田 彭福公園,,,,,,助手,,踱步,H,彭福公園 踱步 (助手)
E356,23/08/2021,踱步,沙田,彭福公園,沙田 彭福公園,,,,,,助手,,踱步,H,彭福公園 踱步 (助手)
E356,21/08/2021,踱步,沙田,飛機場,沙田 飛機場,,,,,,助手,,踱步,H,飛機場 踱步 (助手)
E356,20/08/2021,游水,沙田,,沙田,,,,,,,,游水,,
E356,19/08/2021,踱步,沙田,飛機場,沙田 飛機場,,,,,,助手,,踱步,H,飛機場 踱步 (助手)
E356,18/08/2021,踱步,沙田,飛機場,沙田 飛機場,,,,,,助手,,踱步,H,飛機場 踱步 (助手)
E356,17/08/2021,踱步,沙田,飛機場,沙田 飛機場,,,,,,助手,,踱步,H,飛機場 踱步 (助手)
E356,12/08/2021,踱步,沙田,內圈,沙田 內圈,,,,,,助手,,倒快兩圈,H,內圈 倒快兩圈 (助手)
E356,11/08/2021,踱步,沙田,內圈,沙田 內圈,,,,,,助手,,快踱一圈,H,內圈 快踱一圈 (助手)
E356,10/08/2021,踱步,沙田,內圈,沙田 內圈,,,,,,助手,,快踱一圈,H,內圈 快踱一圈 (助手)
E356,09/08/2021,踱步,沙田,內圈,沙田 內圈,,,,,,助手,,倒快兩圈,H,內圈 倒快兩圈 (助手)
E356,07/08/2021,踱步,沙田,飛機場,沙田 飛機場,,,,,,助手,,踱步,H,飛機場 踱步 (助手)
E356,06/08/2021,踱步,沙田,飛機場,沙田 飛機場,,,,,,助手,,踱步,H,飛機場 踱步 (助手)
E356,05/08/2021,踱步,沙田,飛機場,沙田 飛機場,,,,,,助手,,踱步,H,飛機場 踱步 (助手)
E356,04/08/2021,踱步,沙田,飛機場,沙田 飛機場,,,,,,助手,,踱步,H,飛機場 踱步 (助手)
E356,03/08/2021,踱步,沙田,飛機場,沙田 飛機場,,,,,,助手,,踱步,H,飛機場 踱步 (助手)
E356,02/08/2021,踱步,沙田,飛機場,沙田 飛機場,,,,,,助手,,踱步,H,飛機場 踱步 (助手)
E356,11/07/2021,踱步,沙田,內圈,沙田 內圈,,,,,,助手,,快踱一圈,H,內圈 快踱一圈 (助手)
E356,10/07/2021,踱步,沙田,內圈,沙田 內圈,,,,,,史卓豐,,快踱一圈,H,內圈 快踱一圈 (史卓豐)
E356,09/07/2021,踱步,沙田,內圈,沙田 內圈,,,,,,史卓豐,,快踱一圈,H,內圈 快踱一圈 (史卓豐)
E356,07/07/2021,快操,沙田,全天候,沙田 全天候,,1.24.8,84.8,33.5 28.3 23.0,,助手,,快操,,33.5 28.3 23.0 (1.24.8) (助手)
E356,07/07/2021,踱步,沙田,飛機場,沙田 飛機場,,,,,,助手,,踱步,H,飛機場 踱步 (助手)
E356,06/07/2021,踱步,沙田,內圈,沙田 內圈,,,,,,助手,,快踱一圈,H,內圈 快踱一圈 (助手)
E356,05/07/2021,踱步,沙田,內圈,沙田 內圈,,,,,,助手,,倒快兩圈,H,內圈 倒快兩圈 (助手)
E356,04/07/2021,踱步,沙田,內圈,沙田 內圈,,,,,,助手,,快踱一圈,H,內圈 快踱一圈 (助手)
E356,02/07/2021,試閘,沙田,全天候,沙田 全天候,1200M,1.10.45,70.45,24.9 23.8 21.7,幸運有您,潘頓,,第1組,,第1組 (潘頓) 1200M 幸運有您 24.9 23.8 21.7 (1.10.45)
E356,01/07/2021,踱步,沙田,內圈,沙田 內圈,,,,,,助手,,倒快兩圈,H,內圈 倒快兩圈 (助手)
E356,30/06/2021,踱步,沙田,內圈,沙田 內圈,,,,,,助手,,快踱一圈,H,內圈 快踱一圈 (助手)
E356,29/06/2021,踱步,沙田,內圈,沙田 內圈,,,,,,助手,,快踱一圈,H,內圈 快踱一圈 (助手)
E356,28/06/2021,快操,沙田,全天候,沙田 全天候,,56.9,56.9,30.4 26.5,,史卓豐,,快操,H,30.4 26.5 (56.9) (史卓豐)
E356,28/06/2021,踱步,沙田,飛機場,沙田 飛機場,,,,,,史卓豐,,踱步,H,飛機場 踱步 (史卓豐)
E356,27/06/2021,踱步,沙田,內圈,沙田 內圈,,,,,,助手,,快踱一圈,H,內圈 快踱一圈 (助手)
E356,26/06/2021,游水,沙田,,沙田,,,,,,,,游水,,
E356,26/06/2021,踱步,沙田,內圈,沙田 內圈,,,,,,助手,,快踱一圈,H,內圈 快踱一圈 (助手)
E356,25/06/2021,踱步,沙田,內圈,沙田 內圈,,,,,,助手,,快踱一圈,H,內圈 快踱一圈 (助手)
E356,24/06/2021,游水,沙田,,沙田,,,,,,,,游水,,
E356,23/06/2021,游水,沙田,,沙田,,,,,,,,游水,,
E356,21/06/2021,踱步,沙田,內圈,沙田 內圈,,,,,,助手,,倒快兩圈,H,內圈 倒快兩圈 (助手)
E356,19/06/2021,快操,沙田,全天候,沙田 全天候,,50.7,50.7,27.3 23.4,,史卓豐,,無可估計,,27.3 23.4 (50.7) (史卓豐) 無可估計
E356,19/06/2021,踱步,沙田,飛機場,沙田 飛機場,,,,,,助手,,踱步,H,飛機場 踱步 (助手)
E356,18/06/2021,踱步,沙田,內圈,沙田 內圈,,,,,,助手,,快踱一圈,H,內圈 快踱一圈 (助手)
E356,16/06/2021,快操,沙田,全天候,沙田 全天候,,28.1,28.1,28.1,,助手,,快操,H,28.1 (28.1) (助手)
E356,16/06/2021,踱步,沙田,飛機場,沙田 飛機場,,,,,,助手,,踱步,H,飛機場 踱步 (助手)
E356,15/06/2021,踱步,沙田,內圈,沙田 內圈,,,,,,助手,,快踱一圈,H,內圈 快踱一圈 (助手)
E356,14/06/2021,踱步,沙田,內圈,沙田 內圈,,,,,,助手,,倒快兩圈,,內圈 倒快兩圈 (助手)
E356,12/06/2021,踱步,沙田,內圈,沙田 內圈,,,,,,助手,,快踱一圈,H,內圈 快踱一圈 (助手)
E356,11/06/2021,踱步,沙田,內圈,沙田 內圈,,,,,,助手,,快踱一圈,H,內圈 快踱一圈 (助手)
E356,10/06/2021,踱步,沙田,飛機場,沙田 飛機場,,,,,,助手,,踱步,H,飛機場 踱步 (助手)
E356,09/06/2021,踱步,沙田,飛機場,沙田 飛機場,,,,,,助手,,踱步,H,飛機場 踱步 (助手)
E356,06/06/2021,踱步,沙田,內圈,沙田 內圈,,,,,,助手,,快踱一圈,H,內圈 快踱一圈 (助手)
E356,05/06/2021,踱步,沙田,內圈,沙田 內圈,,,,,,助手,,快踱一圈,H,內圈 快踱一圈 (助手)
E356,04/06/2021,快操,沙田,全天候,沙田 全天候,,1.00.9,60.9,31.4 29.5,,史卓豐,,快操,H,31.4 29.5 (1.00.9) (史卓豐)
E356,04/06/2021,踱步,沙田,飛機場,沙田 飛機場,,,,,,史卓豐,,踱步,H,飛機場 踱步 (史卓豐)
E356,03/06/2021,踱步,沙田,內圈,沙田 內圈,,,,,,助手,,倒快兩圈,,內圈 倒快兩圈 (助手)
E356,02/06/2021,游水,沙田,,沙田,,,,,,,,游水,,
E356,02/06/2021,踱步,沙田,飛機場,沙田 飛機場,,,,,,助手,,踱步,H,飛機場 踱步 (助手)
E356,01/06/2021,快操,沙田,全天候,沙田 全天候,,54.4,54.4,28.8 25.6,,史卓豐,,寶麗生輝,,28.8 25.6 (54.4) (史卓豐) 寶麗生輝
E356,01/06/2021,踱步,沙田,飛機場,沙田 飛機場,,,,,,史卓豐,,踱步,H,飛機場 踱步 (史卓豐)
E356,31/05/2021,踱步,沙田,內圈,沙田 內圈,,,,,,助手,,倒快兩圈,H,內圈 倒快兩圈 (助手)
E356,30/05/2021,踱步,沙田,內圈,沙田 內圈,,,,,,助手,,快踱一圈,H,內圈 快踱一圈 (助手)
E356,29/05/2021,踱步,沙田,內圈,沙田 內圈,,,,,,助手,,快踱一圈,H,內圈 快踱一圈 (助手)
E356,27/05/2021,快操,沙田,草閘,沙田 草閘,,45.7,45.7,23.1 22.6,,史卓豐,,"倍增勝數, 飛天劍",,"23.1 22.6 (45.7) (史卓豐) 倍增勝數, 飛天劍"
E356,27/05/2021,踱步,沙田,飛機場,沙田 飛機場,,,,,,史卓豐,,踱步,,飛機場 踱步 (史卓豐)
E356,26/05/2021,踱步,沙田,內圈,沙田 內圈,,,,,,助手,,快踱一圈,H,內圈 快踱一圈 (助手)
E356,25/05/2021,游水,沙田,,沙田,,,,,,,,游水,,
E356,25/05/2021,踱步,沙田,內圈,沙田 內圈,,,,,,助手,,快踱一圈,H,內圈 快踱一圈 (助手)
E356,24/05/2021,快操,沙田,全天候,沙田 全天候,,56.5,56.5,28.3 28.2,,史卓豐,,快操,H,28.3 28.2 (56.5) (史卓豐)
E356,24/05/2021,踱步,沙田,飛機場,沙田 飛機場,,,,,,史卓豐,,踱步,H,飛機場 踱步 (史卓豐)
E356,23/05/2021,踱步,沙田,內圈,沙田 內圈,,,,,,助手,,快踱一圈,H,內圈 快踱一圈 (助手)
E356,22/05/2021,踱步,沙田,內圈,沙田 內圈,,,,,,助手,,快踱一圈,H,內圈 快踱一圈 (助手)
E356,21/05/2021,踱步,沙田,內圈,沙田 內圈,,,,,,助手,,快踱一圈,H,內圈 快踱一圈 (助手)
E356,20/05/2021,踱步,沙田,內圈,沙田 內圈,,,,,,助手,,倒快兩圈,H,內圈 倒快兩圈 (助手)
E356,18/05/2021,試閘,沙田,全天候,沙田 全天候,1200M,1.10.47,70.47,24.2 22.9 23.3,常拼常勇,史卓豐,,第2組,,第2組 (史卓豐) 1200M 常拼常勇 24.2 22.9 23.3 (1.10.47)
E356,17/05/2021,踱步,沙田,內圈,沙田 內圈,,,,,,助手,,倒快兩圈,H,內圈 倒快兩圈 (助手)
E356,16/05/2021,踱步,沙田,內圈,沙田 內圈,,,,,,助手,,快踱一圈,H,內圈 快踱一圈 (助手)
E356,15/05/2021,踱步,沙田,內圈,沙田 內圈,,,,,,助手,,快踱一圈,H,內圈 快踱一圈 (助手)
E356,13/05/2021,快操,沙田,全天候,沙田 全天候,,52.0,52.0,28.7 23.3,,史卓豐,,金獅大將,,28.7 23.3 (52.0) (史卓豐) 金獅大將
E356,13/05/2021,踱步,沙田,飛機場,沙田 飛機場,,,,,,史卓豐,,踱步,,飛機場 踱步 (史卓豐)
E356,12/05/2021,踱步,沙田,內圈,沙田 內圈,,,,,,助手,,快踱一圈,H,內圈 快踱一圈 (助手)
E356,11/05/2021,快操,沙田,全天候,沙田 全天候,,55.0,55.0,29.1 25.9,,史卓豐,,伊貝,H,29.1 25.9 (55.0) (史卓豐) 伊貝
E356,11/05/2021,踱步,沙田,飛機場,沙田 飛機場,,,,,,史卓豐,,踱步,H,飛機場 踱步 (史卓豐)
E356,10/05/2021,踱步,沙田,內圈,沙田 內圈,,,,,,助手,,倒快兩圈,H,內圈 倒快兩圈 (助手)
E356,08/05/2021,快操,沙田,全天候,沙田 全天候,,54.6,54.6,28.1 26.5,,助手,,快操,H,28.1 26.5 (54.6) (助手)
E356,08/05/2021,踱步,沙田,飛機場,沙田 飛機場,,,,,,助手,,踱步,H,飛機場 踱步 (助手)
E356,07/05/2021,踱步,沙田,內圈,沙田 內圈,,,,,,史卓豐,,快踱一圈,H,內圈 快踱一圈 (史卓豐)
E356,06/05/2021,踱步,沙田,內圈,沙田 內圈,,,,,,史卓豐,,倒快兩圈,H,內圈 倒快兩圈 (史卓豐)
E356,05/05/2021,踱步,沙田,飛機場,沙田 飛機場,,,,,,助手,,踱步,H,飛機場 踱步 (助手)
E356,04/05/2021,試閘,沙田,草地,沙田 草地,1000M,0.58.04,58.04,13.7 21.9 22.4,安田之寶,史卓豐,,第3組,,第3組 (史卓豐) 1000M 安田之寶 13.7 21.9 22.4 (0.58.04)
E356,03/05/2021,踱步,沙田,內圈,沙田 內圈,,,,,,助手,,倒快兩圈,H,內圈 倒快兩圈 (助手)
E356,02/05/2021,踱步,沙田,內圈,沙田 內圈,,,,,,助手,,快踱一圈,H,內圈 快踱一圈 (助手)
E356,01/05/2021,快操,沙田,全天候,沙田 全天候,,55.9,55.9,28.7 27.2,,史卓豐,,快操,H,28.7 27.2 (55.9) (史卓豐)
E356,01/05/2021,踱步,沙田,飛機場,沙田 飛機場,,,,,,史卓豐,,踱步,H,飛機場 踱步 (史卓豐)
E356,30/04/2021,踱步,沙田,內圈,沙田 內圈,,,,,,助手,,快踱一圈,H,內圈 快踱一圈 (助手)
E356,29/04/2021,踱步,沙田,內圈,沙田 內圈,,,,,,助手,,倒快一圈,H,內圈 倒快一圈 (助手)
E356,28/04/2021,踱步,沙田,內圈,沙田 內圈,,,,,,助手,,快踱一圈,H,內圈 快踱一圈 (助手)
E356,26/04/2021,游水,沙田,,沙田,,,,,,,,游水,,
E356,26/04/2021,踱步,沙田,內圈,沙田 內圈,,,,,,助手,,倒快兩圈,H,內圈 倒快兩圈 (助手)
E356,25/04/2021,游水,沙田,,沙田,,,,,,,,游水,,
E356,25/04/2021,踱步,沙田,內圈,沙田 內圈,,,,,,助手,,快踱一圈,H,內圈 快踱一圈 (助手)
E356,24/04/2021,游水,沙田,,沙田,,,,,,,,游水,,
E356,24/04/2021,踱步,沙田,內圈,沙田 內圈,,,,,,助手,,快踱一圈,H,內圈 快踱一圈 (助手)
E356,23/04/2021,游水,沙田,,沙田,,,,,,,,游水,,
E356,22/04/2021,游水,沙田,,沙田,,,,,,,,游水,,
E356,22/04/2021,快操,沙田,全天候,沙田 全天候,,55.8,55.8,29.7 26.1,,史卓豐,,快操,H,29.7 26.1 (55.8) (史卓豐)
E356,22/04/2021,踱步,沙田,飛機場,沙田 飛機場,,,,,,史卓豐,,踱步,H,飛機場 踱步 (史卓豐)
E356,21/04/2021,游水,沙田,,沙田,,,,,,,,游水,,
E356,21/04/2021,踱步,沙田,內圈,沙田 內圈,,,,,,助手,,快踱一圈,H,內圈 快踱一圈 (助手)
E356,20/04/2021,游水,沙田,,沙田,,,,,,,,游水,,
E356,20/04/2021,踱步,沙田,內圈,沙田 內圈,,,,,,助手,,快踱一圈,H,內圈 快踱一圈 (助手)
E356,19/04/2021,游水,沙田,,沙田,,,,,,,,游水,,
E356,19/04/2021,踱步,沙田,內圈,沙田 內圈,,,,,,楊明綸,,倒快兩圈,H,內圈 倒快兩圈 (楊明綸)
E356,18/04/2021,游水,沙田,,沙田,,,,,,,,游水,,
E356,18/04/2021,踱步,沙田,內圈,沙田 內圈,,,,,,助手,,快踱一圈,H,內圈 快踱一圈 (助手)
E356,17/04/2021,游水,沙田,,沙田,,,,,,,,游水,,
E356,16/04/2021,試閘,跑馬地,草地,跑馬地 草地,1000M,0.58.93,58.93,12.7 23.1 23.1,好玩大少,史卓豐,,第5組,,第5組 (史卓豐) 1000M 好玩大少 12.7 23.1 23.1 (0.58.93)
E356,15/04/2021,游水,沙田,,沙田,,,,,,,,游水,,
E356,15/04/2021,踱步,沙田,內圈,沙田 內圈,,,,,,助手,,倒快兩圈,H,內圈 倒快兩圈 (助手)
E356,14/04/2021,游水,沙田,,沙田,,,,,,,,游水,,
E356,14/04/2021,踱步,沙田,內圈,沙田 內圈,,,,,,楊明綸,,快踱一圈,H,內圈 快踱一圈 (楊明綸)
E356,13/04/2021,游水,沙田,,沙田,,,,,,,,游水,,
E356,12/04/2021,游水,沙田,,沙田,,,,,,,,游水,,
E356,12/04/2021,快操,沙田,全天候,沙田 全天候,,53.4,53.4,29.6 23.8,,史卓豐,,戰臣,,29.6 23.8 (53.4) (史卓豐) 戰臣
E356,12/04/2021,踱步,沙田,飛機場,沙田 飛機場,,,,,,史卓豐,,踱步,,飛機場 踱步 (史卓豐)
E356,11/04/2021,游水,沙田,,沙田,,,,,,,,游水,,
E356,11/04/2021,踱步,沙田,內圈,沙田 內圈,,,,,,助手,,快踱一圈,H,內圈 快踱一圈 (助手)
E356,10/04/2021,游水,沙田,,沙田,,,,,,,,游水,,
E356,10/04/2021,踱步,沙田,內圈,沙田 內圈,,,,,,助手,,快踱一圈,H,內圈 快踱一圈 (助手)
E356,09/04/2021,游水,沙田,,沙田,,,,,,,,游水,,
E356,09/04/2021,踱步,沙田,內圈,沙田 內圈,,,,,,助手,,快踱一圈,H,內圈 快踱一圈 (助手)
E356,08/04/2021,游水,沙田,,沙田,,,,,,,,游水,,
E356,08/04/2021,快操,沙田,全天候,沙田 全天候,,55.6,55.6,29.4 26.2,,史卓豐,,快操,H,29.4 26.2 (55.6) (史卓豐)
E356,08/04/2021,踱步,沙田,飛機場,沙田 飛機場,,,,,,史卓豐,,踱步,H,飛機場 踱步 (史卓豐)
E356,07/04/2021,游水,沙田,,沙田,,,,,,,,游水,,
E356,07/04/2021,踱步,沙田,內圈,沙田 內圈,,,,,,助手,,快踱一圈,H,內圈 快踱一圈 (助手)
E356,06/04/2021,游水,沙田,,沙田,,,,,,,,游水,,
E356,06/04/2021,踱步,沙田,內圈,沙田 內圈,,,,,,楊明綸,,快踱一圈,H,內圈 快踱一圈 (楊明綸)
E356,05/04/2021,游水,沙田,,沙田,,,,,,,,游水,,
E356,04/04/2021,游水,沙田,,沙田,,,,,,,,游水,,
E356,04/04/2021,踱步,沙田,內圈,沙田 內圈,,,,,,助手,,快踱一圈,H,內圈 快踱一圈 (助手)
E356,03/04/2021,游水,沙田,,沙田,,,,,,,,游水,,
E356,03/04/2021,踱步,沙田,內圈,沙田 內圈,,,,,,助手,,快踱一圈,H,內圈 快踱一圈 (助手)
E356,02/04/2021,游水,沙田,,沙田,,,,,,,,游水,,
E356,02/04/2021,踱步,沙田,內圈,沙田 內圈,,,,,,助手,,快踱一圈,H,內圈 快踱一圈 (助手)
E356,01/04/2021,游水,沙田,,沙田,,,,,,,,游水,,
E356,01/04/2021,踱步,沙田,內圈,沙田 內圈,,,,,,助手,,倒快兩圈,,內圈 倒快兩圈 (助手)
E356,31/03/2021,游水,沙田,,沙田,,,,,,,,游水,,
E356,31/03/2021,踱步,沙田,內圈,沙田 內圈,,,,,,助手,,快踱一圈,H,內圈 快踱一圈 (助手)
E356,30/03/2021,游水,沙田,,沙田,,,,,,,,游水,,
E356,29/03/2021,游水,沙田,,沙田,,,,,,,,游水,,
E356,29/03/2021,快操,沙田,草閘,沙田 草閘,,45.5,45.5,23.7 21.8,,楊明綸,,喜蓮心星,,23.7 21.8 (45.5) (楊明綸) 喜蓮心星
E356,29/03/2021,踱步,沙田,飛機場,沙田 飛機場,,,,,,楊明綸,,踱步,,飛機場 踱步 (楊明綸)
E356,28/03/2021,游水,沙田,,沙田,,,,,,,,游水,,
E356,28/03/2021,踱步,沙田,內圈,沙田 內圈,,,,,,助手,,快踱一圈,H,內圈 快踱一圈 (助手)
E356,27/03/2021,游水,沙田,,沙田,,,,,,,,游水,,
E356,26/03/2021,游水,沙田,,沙田,,,,,,,,游水,,
E356,26/03/2021,快操,沙田,全天候,沙田 全天候,,59.9,59.9,31.5 28.4,,助手,,"E354, 喜蓮心星",H,"31.5 28.4 (59.9) (助手) E354, 喜蓮心星"
E356,26/03/2021,踱步,沙田,飛機場,沙田 飛機場,,,,,,助手,,踱步,H,飛機場 踱步 (助手)
E356,25/03/2021,游水,沙田,,沙田,,,,,,,,游水,,
E356,25/03/2021,踱步,沙田,內圈,沙田 內圈,,,,,,楊明綸,,倒快兩圈,H,內圈 倒快兩圈 (楊明綸)
E356,24/03/2021,游水,沙田,,沙田,,,,,,,,游水,,
E356,24/03/2021,踱步,沙田,內圈,沙田 內圈,,,,,,助手,,快踱一圈,H,內圈 快踱一圈 (助手)
E356,23/03/2021,游水,沙田,,沙田,,,,,,,,游水,,
E356,22/03/2021,游水,沙田,,沙田,,,,,,,,游水,,
E356,22/03/2021,快操,沙田,全天候,沙田 全天候,,53.3,53.3,28.5 24.8,,楊明綸,,喜蓮心星,,28.5 24.8 (53.3) (楊明綸) 喜蓮心星
E356,22/03/2021,踱步,沙田,飛機場,沙田 飛機場,,,,,,楊明綸,,踱步,,飛機場 踱步 (楊明綸)
E356,21/03/2021,游水,沙田,,沙田,,,,,,,,游水,,
E356,21/03/2021,踱步,沙田,內圈,沙田 內圈,,,,,,助手,,快踱一圈,H,內圈 快踱一圈 (助手)
E356,20/03/2021,游水,沙田,,沙田,,,,,,,,游水,,
E356,20/03/2021,踱步,沙田,內圈,沙田 內圈,,,,,,助手,,快踱一圈,H,內圈 快踱一圈 (助手)
E356,19/03/2021,游水,沙田,,沙田,,,,,,,,游水,,
E356,19/03/2021,快操,沙田,全天候,沙田 全天候,,1.01.3,61.3,34.0 27.3,,助手,,喜蓮心星,H,34.0 27.3 (1.01.3) (助手) 喜蓮心星
E356,19/03/2021,踱步,沙田,飛機場,沙田 飛機場,,,,,,助手,,踱步,H,飛機場 踱步 (助手)
E356,18/03/2021,游水,沙田,,沙田,,,,,,,,游水,,
E356,18/03/2021,踱步,沙田,內圈,沙田 內圈,,,,,,助手,,倒快兩圈,H,內圈 倒快兩圈 (助手)
E356,17/03/2021,游水,沙田,,沙田,,,,,,,,游水,,
E356,17/03/2021,踱步,沙田,內圈,沙田 內圈,,,,,,助手,,快踱一圈,H,內圈 快踱一圈 (助手)
E356,16/03/2021,游水,沙田,,沙田,,,,,,,,游水,,
E356,16/03/2021,快操,沙田,全天候,沙田 全天候,,56.6,56.6,28.4 28.2,,楊明綸,,快操,H,28.4 28.2 (56.6) (楊明綸)
E356,16/03/2021,踱步,沙田,飛機場,沙田 飛機場,,,,,,楊明綸,,踱步,H,飛機場 踱步 (楊明綸)
E356,15/03/2021,游水,沙田,,沙田,,,,,,,,游水,,
E356,15/03/2021,踱步,沙田,內圈,沙田 內圈,,,,,,助手,,倒快兩圈,H,內圈 倒快兩圈 (助手)
E356,14/03/2021,游水,沙田,,沙田,,,,,,,,游水,,
E356,13/03/2021,游水,沙田,,沙田,,,,,,,,游水,,
E356,13/03/2021,踱步,沙田,內圈,沙田 內圈,,,,,,助手,,快踱一圈,H,內圈 快踱一圈 (助手)
E356,12/03/2021,游水,沙田,,沙田,,,,,,,,游水,,
E356,12/03/2021,快操,沙田,全天候,沙田 全天候,,1.02.4,62.4,31.9 30.5,,史卓豐,,快操,H,31.9 30.5 (1.02.4) (史卓豐)
E356,12/03/2021,踱步,沙田,飛機場,沙田 飛機場,,,,,,史卓豐,,踱步,H,飛機場 踱步 (史卓豐)
E356,11/03/2021,游水,沙田,,沙田,,,,,,,,游水,,
E356,11/03/2021,踱步,沙田,內圈,沙田 內圈,,,,,,助手,,倒快兩圈,,內圈 倒快兩圈 (助手)
E356,10/03/2021,游水,沙田,,沙田,,,,,,,,游水,,
E356,10/03/2021,踱步,沙田,內圈,沙田 內圈,,,,,,助手,,快踱一圈,H,內圈 快踱一圈 (助手)
E356,09/03/2021,游水,沙田,,沙田,,,,,,,,游水,,
E356,09/03/2021,游水,沙田,,沙田,,,,,,,,游水,,
E356,09/03/2021,快操,沙田,全天候,沙田 全天候,,58.3,58.3,29.2 29.1,,助手,,快操,H,29.2 29.1 (58.3) (助手)
E356,09/03/2021,踱步,沙田,飛機場,沙田 飛機場,,,,,,助手,,踱步,H,飛機場 踱步 (助手)
E356,08/03/2021,踱步,沙田,內圈,沙田 內圈,,,,,,助手,,倒快兩圈,H,內圈 倒快兩圈 (助手)
E356,07/03/2021,游水,沙田,,沙田,,,,,,,,游水,,
E356,06/03/2021,游水,沙田,,沙田,,,,,,,,游水,,
E356,06/03/2021,快操,沙田,全天候,沙田 全天候,,59.7,59.7,31.3 28.4,,楊明綸,,快操,H,31.3 28.4 (59.7) (楊明綸)
E356,06/03/2021,踱步,沙田,飛機場,沙田 飛機場,,,,,,楊明綸,,踱步,H,飛機場 踱步 (楊明綸)
E356,05/03/2021,游水,沙田,,沙田,,,,,,,,游水,,
E356,05/03/2021,踱步,沙田,內圈,沙田 內圈,,,,,,助手,,快踱一圈,H,內圈 快踱一圈 (助手)
E356,04/03/2021,游水,沙田,,沙田,,,,,,,,游水,,
E356,04/03/2021,踱步,沙田,內圈,沙田 內圈,,,,,,楊明綸,,倒快兩圈,H,內圈 倒快兩圈 (楊明綸)
E356,03/03/2021,游水,沙田,,沙田,,,,,,,,游水,,
E356,03/03/2021,踱步,沙田,內圈,沙田 內圈,,,,,,波健士,,快踱一圈,H,內圈 快踱一圈 (波健士)
E356,02/03/2021,游水,沙田,,沙田,,,,,,,,游水,,
E356,02/03/2021,快操,沙田,全天候,沙田 全天候,,1.00.3,60.3,29.8 30.5,,波健士,,快操,H,29.8 30.5 (1.00.3) (波健士)
E356,02/03/2021,踱步,沙田,飛機場,沙田 飛機場,,,,,,波健士,,踱步,H,飛機場 踱步 (波健士)
E356,01/03/2021,游水,沙田,,沙田,,,,,,,,游水,,
E356,01/03/2021,踱步,沙田,內圈,沙田 內圈,,,,,,助手,,倒快兩圈,H,內圈 倒快兩圈 (助手)
E356,28/02/2021,游水,沙田,,沙田,,,,,,,,游水,,
E356,27/02/2021,游水,沙田,,沙田,,,,,,,,游水,,
E356,27/02/2021,快操,沙田,全天候,沙田 全天候,,1.00.0,60.0,30.5 29.5,,助手,,快操,H,30.5 29.5 (1.00.0) (助手)
E356,27/02/2021,踱步,沙田,飛機場,沙田 飛機場,,,,,,助手,,踱步,H,飛機場 踱步 (助手)
E356,26/02/2021,游水,沙田,,沙田,,,,,,,,游水,,
E356,26/02/2021,踱步,沙田,內圈,沙田 內圈,,,,,,助手,,快踱一圈,H,內圈 快踱一圈 (助手)
E356,25/02/2021,游水,沙田,,沙田,,,,,,,,游水,,
E356,24/02/2021,游水,沙田,,沙田,,,,,,,,游水,,
E356,24/02/2021,踱步,沙田,內圈,沙田 內圈,,,,,,助手,,快踱一圈,H,內圈 快踱一圈 (助手)
E356,23/02/2021,游水,沙田,,沙田,,,,,,,,游水,,
E356,23/02/2021,踱步,沙田,內圈,沙田 內圈,,,,,,助手,,快踱一圈,H,內圈 快踱一圈 (助手)
E356,22/02/2021,游水,沙田,,沙田,,,,,,,,游水,,
E356,22/02/2021,踱步,沙田,外圈,沙田 外圈,,,,,,薛恩,,快踱一圈,H,外圈 快踱一圈 (薛恩)
E356,21/02/2021,游水,沙田,,沙田,,,,,,,,游水,,
E356,20/02/2021,游水,沙田,,沙田,,,,,,,,游水,,
E356,20/02/2021,踱步,沙田,內圈,沙田 內圈,,,,,,薛恩,,快踱一圈,H,內圈 快踱一圈 (薛恩)
E356,19/02/2021,游水,沙田,,沙田,,,,,,,,游水,,
E356,19/02/2021,踱步,沙田,外圈,沙田 外圈,,,,,,助手,,快踱一圈,H,外圈 快踱一圈 (助手)
E356,18/02/2021,游水,沙田,,沙田,,,,,,,,游水,,
E356,18/02/2021,踱步,沙田,內圈,沙田 內圈,,,,,,薛恩,,倒快兩圈,H,內圈 倒快兩圈 (薛恩)
E356,17/02/2021,游水,沙田,,沙田,,,,,,,,游水,,
E356,17/02/2021,踱步,沙田,內圈,沙田 內圈,,,,,,助手,,快踱一圈,H,內圈 快踱一圈 (助手)
E356,16/02/2021,游水,沙田,,沙田,,,,,,,,游水,,
E356,16/02/2021,踱步,沙田,內圈,沙田 內圈,,,,,,薛恩,,快踱一圈,H,內圈 快踱一圈 (薛恩)
E356,15/02/2021,游水,沙田,,沙田,,,,,,,,游水,,
E356,15/02/2021,踱步,沙田,內圈,沙田 內圈,,,,,,薛恩,,倒快兩圈,H,內圈 倒快兩圈 (薛恩)
E356,14/02/2021,游水,沙田,,沙田,,,,,,,,游水,,
E356,13/02/2021,游水,沙田,,沙田,,,,,,,,游水,,
E356,13/02/2021,踱步,沙田,內圈,沙田 內圈,,,,,,助手,,快踱一圈,H,內圈 快踱一圈 (助手)
E356,11/02/2021,游水,沙田,,沙田,,,,,,,,游水,,
E356,11/02/2021,踱步,沙田,內圈,沙田 內圈,,,,,,助手,,倒快兩圈,,內圈 倒快兩圈 (助手)
E356,10/02/2021,游水,沙田,,沙田,,,,,,,,游水,,
E356,10/02/2021,踱步,沙田,內圈,沙田 內圈,,,,,,助手,,快踱一圈,H,內圈 快踱一圈 (助手)
E356,09/02/2021,游水,沙田,,沙田,,,,,,,,游水,,
E356,09/02/2021,踱步,沙田,內圈,沙田 內圈,,,,,,助手,,快踱一圈,H,內圈 快踱一圈 (助手)
E356,08/02/2021,游水,沙田,,沙田,,,,,,,,游水,,
E356,08/02/2021,踱步,沙田,內圈,沙田 內圈,,,,,,助手,,倒快兩圈,H,內圈 倒快兩圈 (助手)
E356,07/02/2021,游水,沙田,,沙田,,,,,,,,游水,,
E356,07/02/2021,踱步,沙田,飛機場,沙田 飛機場,,,,,,助手,,踱步,H,飛機場 踱步 (助手)
E356,06/02/2021,踱步,沙田,彭福公園,沙田 彭福公園,,,,,,助手,,踱步,H,彭福公園 踱步 (助手)
E356,05/02/2021,游水,沙田,,沙田,,,,,,,,游水,,
E356,05/02/2021,踱步,沙田,彭福公園,沙田 彭福公園,,,,,,助手,,踱步,H,彭福公園 踱步 (助手)
E356,04/02/2021,游水,沙田,,沙田,,,,,,,,游水,,
E356,04/02/2021,踱步,沙田,飛機場,沙田 飛機場,,,,,,助手,,踱步,H,飛機場 踱步 (助手)
E356,03/02/2021,踱步,沙田,飛機場,沙田 飛機場,,,,,,助手,,踱步,H,飛機場 踱步 (助手)
