horse_no,date,work_type,racecourse,track,venue,distance,time,time_sec,splits,partner,rider,placing,comment,gear,workout_details
H454,09/09/2026,踱步,沙田,內圈,沙田 內圈,,,,,,助手,,快踱一圈,H,內圈 快踱一圈 (助手)
H454,08/09/2026,游水,沙田,,沙田,,,,,,,,游水,,
H454,08/09/2026,踱步,沙田,飛機場,沙田 飛機場,,,,,,助手,,踱步,H,飛機場 踱步 (助手)
H454,07/09/2026,游水,沙田,,沙田,,,,,,,,游水,,
H454,06/09/2026,出賽,沙田,草地,沙田 草地,1200M,,,,,黃寶妮,6/14,出賽,V/TT,1200M (黃寶妮) (6/14)
H454,06/09/2026,踱步,沙田,飛機場,沙田 飛機場,,,,,,助手,,踱步,H,飛機場 踱步 (助手)
H454,05/09/2026,踱步,沙田,內圈,沙田 內圈,,,,,,助手,,快踱一圈,H,內圈 快踱一圈 (助手)
H454,04/09/2026,游水,沙田,,沙田,,,,,,,,游水,,
H454,04/09/2026,踱步,沙田,內圈,沙田 內圈,,,,,,助手,,快踱一圈,H,內圈 快踱一圈 (助手)
H454,03/09/2026,快操,沙田,全天候,沙田 全天候,,55.1,55.1,29.3 25.8,,黃寶妮,,快操,H,29.3 25.8 (55.1) (黃寶妮)
H454,03/09/2026,踱步,沙田,飛機場,沙田 飛機場,,,,,,助手,,踱步,H,飛機場 踱步 (助手)
H454,02/09/2026,游水,沙田,,沙田,,,,,,,,游水,,
H454,02/09/2026,踱步,沙田,內圈,沙田 內圈,,,,,,助手,,快踱一圈,H,內圈 快踱一圈 (助手)
H454,01/09/2026,游水,沙田,,沙田,,,,,,,,游水,,
H454,01/09/2026,踱步,沙田,內圈,沙田 內圈,,,,,,助手,,快踱一圈,H,內圈 快踱一圈 (助手)
H454,31/08/2026,游水,沙田,,沙田,,,,,,,,游水,,
H454,31/08/2026,踱步,沙田,內圈,沙田 內圈,,,,,,助手,,倒快一圈,H,內圈 倒快一圈 (助手)
H454,30/08/2026,快操,沙田,全天候,沙田 全天候,,53.0,53.0,28.1 24.9,,助手,,快操,H,28.1 24.9 (53.0) (助手)
H454,30/08/2026,踱步,沙田,飛機場,沙田 飛機場,,,,,,助手,,踱步,H,飛機場 踱步 (助手)
H454,29/08/2026,游水,沙田,,沙田,,,,,,,,游水,,
H454,29/08/2026,踱步,沙田,內圈,沙田 內圈,,,,,,助手,,快踱一圈,H,內圈 快踱一圈 (助手)
H454,28/08/2026,游水,沙田,,沙田,,,,,,,,游水,,
H454,28/08/2026,踱步,沙田,內圈,沙田 內圈,,,,,,助手,,快踱一圈,H,內圈 快踱一圈 (助手)
H454,27/08/2026,游水,沙田,,沙田,,,,,,,,游水,,
H454,27/08/2026,踱步,沙田,內圈,沙田 內圈,,,,,,助手,,倒快一圈,H,內圈 倒快一圈 (助手)
H454,26/08/2026,游水,沙田,,沙田,,,,,,,,游水,,
H454,26/08/2026,踱步,沙田,飛機場,沙田 飛機場,,,,,,助手,,踱步,H,飛機場 踱步 (助手)
H454,25/08/2026,試閘,沙田,全天候,沙田 全天候,1200M,1.10.66,70.66,24.2 22.5 23.9,良駒好友,黃寶妮,,第3組,V,第3組 (黃寶妮) 1200M 良駒好友 24.2 22.5 23.9 (1.10.66)
H454,25/08/2026,踱步,沙田,飛機場,沙田 飛機場,,,,,,助手,,踱步,V,飛機場 踱步 (助手)
H454,24/08/2026,游水,沙田,,沙田,,,,,,,,游水,,
H454,24/08/2026,踱步,沙田,內圈,沙田 內圈,,,,,,助手,,倒快一圈,H,內圈 倒快一圈 (助手)
H454,23/08/2026,游水,沙田,,沙田,,,,,,,,游水,,
H454,23/08/2026,踱步,沙田,內圈,沙田 內圈,,,,,,助手,,快踱一圈,H,內圈 快踱一圈 (助手)
H454,22/08/2026,快操,沙田,全天候,沙田 全天候,,57.9,57.9,30.9 27.0,,助手,,快操,H,30.9 27.0 (57.9) (助手)
H454,22/08/2026,踱步,沙田,飛機場,沙田 飛機場,,,,,,助手,,踱步,H,飛機場 踱步 (助手)
H454,21/08/2026,游水,沙田,,沙田,,,,,,,,游水,,
H454,21/08/2026,踱步,沙田,內圈,沙田 內圈,,,,,,助手,,快踱一圈,H,內圈 快踱一圈 (助手)
H454,20/08/2026,游水,沙田,,沙田,,,,,,,,游水,,
H454,20/08/2026,踱步,沙田,內圈,沙田 內圈,,,,,,助手,,倒快一圈,H,內圈 倒快一圈 (助手)
H454,19/08/2026,游水,沙田,,沙田,,,,,,,,游水,,
H454,19/08/2026,踱步,沙田,內圈,沙田 內圈,,,,,,助手,,快踱一圈,H,內圈 快踱一圈 (助手)
H454,18/08/2026,快操,沙田,全天候,沙田 全天候,,1.27.5,87.5,33.8 28.7 25.0,,助手,,快操,H,33.8 28.7 25.0 (1.27.5) (助手)
H454,18/08/2026,踱步,沙田,飛機場,沙田 飛機場,,,,,,助手,,踱步,H,飛機場 踱步 (助手)
H454,17/08/2026,游水,沙田,,沙田,,,,,,,,游水,,
H454,17/08/2026,踱步,沙田,內圈,沙田 內圈,,,,,,助手,,倒快一圈,H,內圈 倒快一圈 (助手)
H454,16/08/2026,游水,沙田,,沙田,,,,,,,,游水,,
H454,16/08/2026,踱步,沙田,內圈,沙田 內圈,,,,,,助手,,快踱一圈,H,內圈 快踱一圈 (助手)
H454,15/08/2026,游水,沙田,,沙田,,,,,,,,游水,,
H454,15/08/2026,踱步,沙田,內圈,沙田 內圈,,,,,,助手,,快踱一圈,H,內圈 快踱一圈 (助手)
H454,14/08/2026,快操,沙田,全天候,沙田 全天候,,54.5,54.5,29.6 24.9,,副練馬師,,紅海勁,H,29.6 24.9 (54.5) (副練馬師) 紅海勁
H454,14/08/2026,踱步,沙田,飛機場,沙田 飛機場,,,,,,副練馬師,,踱步,H,飛機場 踱步 (副練馬師)
H454,13/08/2026,游水,沙田,,沙田,,,,,,,,游水,,
H454,13/08/2026,踱步,沙田,內圈,沙田 內圈,,,,,,副練馬師,,倒快一圈,H,內圈 倒快一圈 (副練馬師)
H454,12/08/2026,游水,沙田,,沙田,,,,,,,,游水,,
H454,12/08/2026,踱步,沙田,內圈,沙田 內圈,,,,,,助手,,快踱一圈,H,內圈 快踱一圈 (助手)
H454,11/08/2026,游水,沙田,,沙田,,,,,,,,游水,,
H454,11/08/2026,踱步,沙田,內圈,沙田 內圈,,,,,,助手,,快踱一圈,H,內圈 快踱一圈 (助手)
H454,10/08/2026,游水,沙田,,沙田,,,,,,,,游水,,
H454,10/08/2026,快操,沙田,全天候,沙田 全天候,,56.6,56.6,30.6 26.0,,助手,,快操,H,30.6 26.0 (56.6) (助手)
H454,10/08/2026,踱步,沙田,飛機場,沙田 飛機場,,,,,,助手,,踱步,H,飛機場 踱步 (助手)
H454,09/08/2026,游水,沙田,,沙田,,,,,,,,游水,,
H454,09/08/2026,踱步,沙田,內圈,沙田 內圈,,,,,,助手,,快踱一圈,H,內圈 快踱一圈 (助手)
H454,08/08/2026,游水,沙田,,沙田,,,,,,,,游水,,
H454,08/08/2026,踱步,沙田,內圈,沙田 內圈,,,,,,助手,,快踱一圈,H,內圈 快踱一圈 (助手)
H454,07/08/2026,游水,沙田,,沙田,,,,,,,,游水,,
H454,07/08/2026,踱步,沙田,內圈,沙田 內圈,,,,,,助手,,快踱一圈,H,內圈 快踱一圈 (助手)
H454,06/08/2026,游水,沙田,,沙田,,,,,,,,游水,,
H454,06/08/2026,踱步,沙田,內圈,沙田 內圈,,,,,,助手,,倒快一圈,H,內圈 倒快一圈 (助手)
H454,05/08/2026,快操,沙田,全天候,沙田 全天候,,57.0,57.0,30.3 26.7,,助手,,快操,H,30.3 26.7 (57.0) (助手)
H454,05/08/2026,踱步,沙田,飛機場,沙田 飛機場,,,,,,助手,,踱步,H,飛機場 踱步 (助手)
H454,04/08/2026,踱步,沙田,內圈,沙田 內圈,,,,,,助手,,快踱一圈,H,內圈 快踱一圈 (助手)
H454,03/08/2026,踱步,沙田,內圈,沙田 內圈,,,,,,助手,,快踱一圈,H,內圈 快踱一圈 (助手)
H454,02/08/2026,踱步,沙田,內圈,沙田 內圈,,,,,,助手,,快踱一圈,H,內圈 快踱一圈 (助手)
H454,01/08/2026,踱步,沙田,內圈,沙田 內圈,,,,,,助手,,快踱一圈,H,內圈 快踱一圈 (助手)
H454,31/07/2026,踱步,沙田,內圈,沙田 內圈,,,,,,助手,,快踱一圈,H,內圈 快踱一圈 (助手)
H454,30/07/2026,踱步,沙田,飛機場,沙田 飛機場,,,,,,助手,,踱步,H,飛機場 踱步 (助手)
H454,29/07/2026,踱步,沙田,飛機場,沙田 飛機場,,,,,,助手,,踱步,H,飛機場 踱步 (助手)
H454,28/07/2026,踱步,沙田,飛機場,沙田 飛機場,,,,,,助手,,踱步,H,飛機場 踱步 (助手)
H454,15/07/2026,出賽,跑馬地,草地,跑馬地 草地,1200M,,,,,梁家俊,9/12,出賽,V/TT,1200M (梁家俊) (9/12)
H454,15/07/2026,踱步,沙田,飛機場,沙田 飛機場,,,,,,助手,,踱步,H,飛機場 踱步 (助手)
H454,14/07/2026,踱步,沙田,內圈,沙田 內圈,,,,,,助手,,快踱一圈,H,內圈 快踱一圈 (助手)
H454,13/07/2026,踱步,沙田,內圈,沙田 內圈,,,,,,助手,,倒快一圈,H,內圈 倒快一圈 (助手)
H454,12/07/2026,踱步,沙田,內圈,沙田 內圈,,,,,,助手,,快踱一圈,H,內圈 快踱一圈 (助手)
H454,11/07/2026,快操,沙田,全天候,沙田 全天候,,51.9,51.9,27.5 24.4,,助手,,快操,H,27.5 24.4 (51.9) (助手)
H454,11/07/2026,踱步,沙田,飛機場,沙田 飛機場,,,,,,助手,,踱步,H,飛機場 踱步 (助手)
H454,10/07/2026,游水,沙田,,沙田,,,,,,,,游水,,
H454,10/07/2026,踱步,沙田,內圈,沙田 內圈,,,,,,助手,,快踱一圈,H,內圈 快踱一圈 (助手)
H454,09/07/2026,踱步,沙田,內圈,沙田 內圈,,,,,,助手,,倒快一圈,H,內圈 倒快一圈 (助手)
H454,08/07/2026,游水,沙田,,沙田,,,,,,,,游水,,
H454,08/07/2026,踱步,沙田,內圈,沙田 內圈,,,,,,助手,,快踱一圈,H,內圈 快踱一圈 (助手)
H454,07/07/2026,游水,沙田,,沙田,,,,,,,,游水,,
H454,07/07/2026,快操,沙田,全天候,沙田 全天候,,56.5,56.5,29.0 27.5,,助手,,快操,H,29.0 27.5 (56.5) (助手)
H454,07/07/2026,踱步,沙田,飛機場,沙田 飛機場,,,,,,助手,,踱步,H,飛機場 踱步 (助手)
H454,06/07/2026,游水,沙田,,沙田,,,,,,,,游水,,
H454,06/07/2026,踱步,沙田,內圈,沙田 內圈,,,,,,助手,,倒快一圈,H,內圈 倒快一圈 (助手)
H454,05/07/2026,游水,沙田,,沙田,,,,,,,,游水,,
H454,05/07/2026,踱步,沙田,內圈,沙田 內圈,,,,,,助手,,快踱一圈,H,內圈 快踱一圈 (助手)
H454,04/07/2026,踱步,沙田,內圈,沙田 內圈,,,,,,助手,,快踱一圈,H,內圈 快踱一圈 (助手)
H454,03/07/2026,游水,沙田,,沙田,,,,,,,,游水,,
H454,03/07/2026,踱步,沙田,內圈,沙田 內圈,,,,,,助手,,快踱一圈,H,內圈 快踱一圈 (助手)
H454,02/07/2026,游水,沙田,,沙田,,,,,,,,游水,,
H454,02/07/2026,踱步,沙田,內圈,沙田 內圈,,,,,,助手,,倒快一圈,H,內圈 倒快一圈 (助手)
H454,01/07/2026,踱步,沙田,內圈,沙田 內圈,,,,,,助手,,快踱一圈,H,內圈 快踱一圈 (助手)
H454,30/06/2026,游水,沙田,,沙田,,,,,,,,游水,,
H454,30/06/2026,踱步,沙田,內圈,沙田 內圈,,,,,,助手,,快踱一圈,H,內圈 快踱一圈 (助手)
H454,29/06/2026,快操,沙田,草地,沙田 草地,,50.6,50.6,27.8 22.8,,助手,,快操,H,27.8 22.8 (50.6) (助手)
H454,29/06/2026,踱步,沙田,飛機場,沙田 飛機場,,,,,,助手,,踱步,H,飛機場 踱步 (助手)
H454,28/06/2026,踱步,沙田,內圈,沙田 內圈,,,,,,助手,,快踱一圈,H,內圈 快踱一圈 (助手)
H454,27/06/2026,踱步,沙田,內圈,沙田 內圈,,,,,,助手,,快踱一圈,H,內圈 快踱一圈 (助手)
H454,26/06/2026,游水,沙田,,沙田,,,,,,,,游水,,
H454,26/06/2026,踱步,沙田,內圈,沙田 內圈,,,,,,助手,,快踱一圈,H,內圈 快踱一圈 (助手)
H454,25/06/2026,快操,沙田,全天候,沙田 全天候,,56.7,56.7,29.9 26.8,,助手,,快操,H,29.9 26.8 (56.7) (助手)
H454,25/06/2026,踱步,沙田,飛機場,沙田 飛機場,,,,,,助手,,踱步,H,飛機場 踱步 (助手)
H454,24/06/2026,游水,沙田,,沙田,,,,,,,,游水,,
H454,24/06/2026,踱步,沙田,內圈,沙田 內圈,,,,,,助手,,快踱一圈,H,內圈 快踱一圈 (助手)
H454,23/06/2026,游水,沙田,,沙田,,,,,,,,游水,,
H454,23/06/2026,踱步,沙田,內圈,沙田 內圈,,,,,,助手,,快踱一圈,H,內圈 快踱一圈 (助手)
H454,22/06/2026,游水,沙田,,沙田,,,,,,,,游水,,
H454,22/06/2026,踱步,沙田,內圈,沙田 內圈,,,,,,助手,,倒快一圈,H,內圈 倒快一圈 (助手)
H454,21/06/2026,快操,沙田,全天候,沙田 全天候,,57.6,57.6,30.9 26.7,,助手,,快操,H,30.9 26.7 (57.6) (助手)
H454,21/06/2026,踱步,沙田,飛機場,沙田 飛機場,,,,,,助手,,踱步,H,飛機場 踱步 (助手)
H454,20/06/2026,踱步,沙田,內圈,沙田 內圈,,,,,,助手,,快踱一圈,H,內圈 快踱一圈 (助手)
H454,19/06/2026,踱步,沙田,內圈,沙田 內圈,,,,,,助手,,快踱一圈,H,內圈 快踱一圈 (助手)
H454,18/06/2026,踱步,沙田,內圈,沙田 內圈,,,,,,助手,,倒快一圈,H,內圈 倒快一圈 (助手)
H454,17/06/2026,踱步,沙田,內圈,沙田 內圈,,,,,,助手,,快踱一圈,H,內圈 快踱一圈 (助手)
H454,16/06/2026,踱步,沙田,內圈,沙田 內圈,,,,,,助手,,快踱一圈,H,內圈 快踱一圈 (助手)
H454,15/06/2026,踱步,沙田,內圈,沙田 內圈,,,,,,助手,,倒快一圈,H,內圈 倒快一圈 (助手)
H454,13/06/2026,游水,沙田,,沙田,,,,,,,,游水,,
H454,13/06/2026,踱步,沙田,內圈,沙田 內圈,,,,,,助手,,快踱一圈,H,內圈 快踱一圈 (助手)
H454,12/06/2026,踱步,沙田,飛機場,沙田 飛機場,,,,,,助手,,踱步,H,飛機場 踱步 (助手)
H454,11/06/2026,游水,沙田,,沙田,,,,,,,,游水,,
H454,10/06/2026,出賽,跑馬地,草地,跑馬地 草地,1200M,,,,,梁家俊,6/12,出賽,V/TT,1200M (梁家俊) (6/12)
H454,10/06/2026,踱步,沙田,飛機場,沙田 飛機場,,,,,,助手,,踱步,H,飛機場 踱步 (助手)
H454,09/06/2026,踱步,沙田,內圈,沙田 內圈,,,,,,助手,,快踱一圈,H,內圈 快踱一圈 (助手)
H454,08/06/2026,踱步,沙田,內圈,沙田 內圈,,,,,,助手,,倒快一圈,H,內圈 倒快一圈 (助手)
H454,07/06/2026,踱步,沙田,內圈,沙田 內圈,,,,,,助手,,快踱一圈,H,內圈 快踱一圈 (助手)
H454,06/06/2026,快操,沙田,全天候,沙田 全天候,,1.26.5,86.5,32.4 28.4 25.7,,副練馬師,,快操,H,32.4 28.4 25.7 (1.26.5) (副練馬師)
H454,06/06/2026,踱步,沙田,飛機場,沙田 飛機場,,,,,,副練馬師,,踱步,H,飛機場 踱步 (副練馬師)
H454,05/06/2026,游水,沙田,,沙田,,,,,,,,游水,,
H454,05/06/2026,踱步,沙田,內圈,沙田 內圈,,,,,,助手,,快踱一圈,H,內圈 快踱一圈 (助手)
H454,04/06/2026,游水,沙田,,沙田,,,,,,,,游水,,
H454,04/06/2026,踱步,沙田,內圈,沙田 內圈,,,,,,助手,,倒快一圈,H,內圈 倒快一圈 (助手)
H454,03/06/2026,游水,沙田,,沙田,,,,,,,,游水,,
H454,03/06/2026,踱步,沙田,內圈,沙田 內圈,,,,,,助手,,快踱一圈,H,內圈 快踱一圈 (助手)
H454,02/06/2026,踱步,沙田,內圈,沙田 內圈,,,,,,助手,,快踱一圈,H,內圈 快踱一圈 (助手)
H454,01/06/2026,踱步,沙田,內圈,沙田 內圈,,,,,,助手,,倒快一圈,H,內圈 倒快一圈 (助手)
H454,30/05/2026,游水,沙田,,沙田,,,,,,,,游水,,
H454,30/05/2026,踱步,沙田,內圈,沙田 內圈,,,,,,助手,,快踱一圈,H,內圈 快踱一圈 (助手)
H454,29/05/2026,游水,沙田,,沙田,,,,,,,,游水,,
H454,29/05/2026,踱步,沙田,飛機場,沙田 飛機場,,,,,,助手,,踱步,H,飛機場 踱步 (助手)
H454,28/05/2026,游水,沙田,,沙田,,,,,,,,游水,,
H454,27/05/2026,出賽,跑馬地,草地,跑馬地 草地,1200M,,,,,何澤堯,5/11,出賽,B-/V1/TT,1200M (何澤堯) (5/11)
H454,27/05/2026,踱步,沙田,飛機場,沙田 飛機場,,,,,,助手,,踱步,H,飛機場 踱步 (助手)
H454,26/05/2026,踱步,沙田,內圈,沙田 內圈,,,,,,助手,,快踱一圈,H,內圈 快踱一圈 (助手)
H454,25/05/2026,踱步,沙田,內圈,沙田 內圈,,,,,,助手,,倒快一圈,H,內圈 倒快一圈 (助手)
H454,24/05/2026,踱步,沙田,內圈,沙田 內圈,,,,,,助手,,快踱一圈,H,內圈 快踱一圈 (助手)
H454,23/05/2026,快操,沙田,全天候,沙田 全天候,,57.5,57.5,30.8 26.7,,何澤堯,,快操,H,30.8 26.7 (57.5) (何澤堯)
H454,23/05/2026,踱步,沙田,飛機場,沙田 飛機場,,,,,,助手,,踱步,H,飛機場 踱步 (助手)
H454,22/05/2026,游水,沙田,,沙田,,,,,,,,游水,,
H454,22/05/2026,踱步,沙田,內圈,沙田 內圈,,,,,,助手,,快踱一圈,H,內圈 快踱一圈 (助手)
H454,21/05/2026,游水,沙田,,沙田,,,,,,,,游水,,
H454,21/05/2026,踱步,沙田,內圈,沙田 內圈,,,,,,助手,,倒快一圈,H,內圈 倒快一圈 (助手)
H454,20/05/2026,游水,沙田,,沙田,,,,,,,,游水,,
H454,20/05/2026,踱步,沙田,內圈,沙田 內圈,,,,,,助手,,快踱一圈,H,內圈 快踱一圈 (助手)
H454,19/05/2026,快操,沙田,全天候,沙田 全天候,,58.8,58.8,30.1 28.7,,助手,,快操,H,30.1 28.7 (58.8) (助手)
H454,19/05/2026,踱步,沙田,飛機場,沙田 飛機場,,,,,,助手,,踱步,H,飛機場 踱步 (助手)
H454,18/05/2026,游水,沙田,,沙田,,,,,,,,游水,,
H454,18/05/2026,踱步,沙田,內圈,沙田 內圈,,,,,,助手,,倒快一圈,H,內圈 倒快一圈 (助手)
H454,16/05/2026,游水,沙田,,沙田,,,,,,,,游水,,
H454,16/05/2026,踱步,沙田,內圈,沙田 內圈,,,,,,助手,,快踱一圈,H,內圈 快踱一圈 (助手)
H454,15/05/2026,游水,沙田,,沙田,,,,,,,,游水,,
H454,15/05/2026,踱步,沙田,飛機場,沙田 飛機場,,,,,,助手,,踱步,H,飛機場 踱步 (助手)
H454,14/05/2026,游水,沙田,,沙田,,,,,,,,游水,,
H454,13/05/2026,出賽,跑馬地,草地,跑馬地 草地,1200M,,,,,何澤堯,6/12,出賽,B/TT,1200M (何澤堯) (6/12)
H454,13/05/2026,踱步,沙田,飛機場,沙田 飛機場,,,,,,助手,,踱步,H,飛機場 踱步 (助手)
H454,12/05/2026,踱步,沙田,內圈,沙田 內圈,,,,,,助手,,快踱一圈,H,內圈 快踱一圈 (助手)
H454,11/05/2026,踱步,沙田,內圈,沙田 內圈,,,,,,助手,,倒快一圈,H,內圈 倒快一圈 (助手)
H454,10/05/2026,踱步,沙田,內圈,沙田 內圈,,,,,,助手,,快踱一圈,H,內圈 快踱一圈 (助手)
H454,09/05/2026,快操,沙田,全天候,沙田 全天候,,57.9,57.9,30.2 27.7,,助手,,快操,H,30.2 27.7 (57.9) (助手)
H454,09/05/2026,踱步,沙田,飛機場,沙田 飛機場,,,,,,助手,,踱步,H,飛機場 踱步 (助手)
H454,08/05/2026,游水,沙田,,沙田,,,,,,,,游水,,
H454,08/05/2026,踱步,沙田,內圈,沙田 內圈,,,,,,助手,,快踱一圈,H,內圈 快踱一圈 (助手)
H454,07/05/2026,游水,沙田,,沙田,,,,,,,,游水,,
H454,07/05/2026,踱步,沙田,內圈,沙田 內圈,,,,,,助手,,倒快一圈,H,內圈 倒快一圈 (助手)
H454,06/05/2026,游水,沙田,,沙田,,,,,,,,游水,,
H454,06/05/2026,踱步,沙田,內圈,沙田 內圈,,,,,,助手,,快踱一圈,H,內圈 快踱一圈 (助手)
H454,05/05/2026,快操,沙田,全天候,沙田 全天候,,57.1,57.1,30.8 26.3,,何澤堯,,快操,H,30.8 26.3 (57.1) (何澤堯)
H454,05/05/2026,踱步,沙田,飛機場,沙田 飛機場,,,,,,助手,,踱步,H,飛機場 踱步 (助手)
H454,04/05/2026,游水,沙田,,沙田,,,,,,,,游水,,
H454,04/05/2026,踱步,沙田,內圈,沙田 內圈,,,,,,助手,,倒快一圈,H,內圈 倒快一圈 (助手)
H454,03/05/2026,踱步,沙田,內圈,沙田 內圈,,,,,,助手,,快踱一圈,H,內圈 快踱一圈 (助手)
H454,02/05/2026,游水,從化,,從化,,,,,,,,游水,,
H454,02/05/2026,踱步,從化,內圈,從化 內圈,,,,,,助手,,快踱一圈,H,內圈 快踱一圈 (助手)
H454,01/05/2026,游水,從化,,從化,,,,,,,,游水,,
H454,01/05/2026,快操,從化,全天候,從化 全天候,,56.8,56.8,30.5 26.3,,助手,,快操,H,30.5 26.3 (56.8) (助手)
H454,01/05/2026,踱步,從化,飛機場,從化 飛機場,,,,,,助手,,踱步,H,飛機場 踱步 (助手)
H454,30/04/2026,游水,從化,,從化,,,,,,,,游水,,
H454,30/04/2026,踱步,從化,內圈,從化 內圈,,,,,,助手,,倒快一圈,H,內圈 倒快一圈 (助手)
H454,29/04/2026,游水,從化,,從化,,,,,,,,游水,,
H454,29/04/2026,踱步,從化,內圈,從化 內圈,,,,,,助手,,快踱一圈,H,內圈 快踱一圈 (助手)
H454,28/04/2026,游水,從化,,從化,,,,,,,,游水,,
H454,28/04/2026,踱步,從化,內圈,從化 內圈,,,,,,助手,,快踱一圈,H,內圈 快踱一圈 (助手)
H454,27/04/2026,游水,沙田,,沙田,,,,,,,,游水,,
H454,27/04/2026,踱步,沙田,內圈,沙田 內圈,,,,,,助手,,倒快一圈,H,內圈 倒快一圈 (助手)
H454,25/04/2026,游水,沙田,,沙田,,,,,,,,游水,,
H454,25/04/2026,踱步,沙田,內圈,沙田 內圈,,,,,,助手,,快踱一圈,H,內圈 快踱一圈 (助手)
H454,24/04/2026,游水,沙田,,沙田,,,,,,,,游水,,
H454,24/04/2026,踱步,沙田,飛機場,沙田 飛機場,,,,,,助手,,踱步,H,飛機場 踱步 (助手)
H454,23/04/2026,游水,沙田,,沙田,,,,,,,,游水,,
H454,22/04/2026,出賽,跑馬地,草地,跑馬地 草地,1200M,,,,,何澤堯,6/12,出賽,B/TT,1200M (何澤堯) (6/12)
H454,22/04/2026,踱步,沙田,飛機場,沙田 飛機場,,,,,,助手,,踱步,H,飛機場 踱步 (助手)
H454,21/04/2026,踱步,沙田,內圈,沙田 內圈,,,,,,助手,,快踱一圈,H,內圈 快踱一圈 (助手)
H454,20/04/2026,踱步,沙田,內圈,沙田 內圈,,,,,,助手,,倒快一圈,H,內圈 倒快一圈 (助手)
H454,19/04/2026,踱步,沙田,內圈,沙田 內圈,,,,,,助手,,快踱一圈,H,內圈 快踱一圈 (助手)
H454,18/04/2026,快操,沙田,全天候,沙田 全天候,,55.9,55.9,30.0 25.9,,助手,,快操,H,30.0 25.9 (55.9) (助手)
H454,18/04/2026,踱步,沙田,飛機場,沙田 飛機場,,,,,,助手,,踱步,H,飛機場 踱步 (助手)
H454,17/04/2026,游水,沙田,,沙田,,,,,,,,游水,,
H454,17/04/2026,踱步,沙田,內圈,沙田 內圈,,,,,,助手,,快踱一圈,H,內圈 快踱一圈 (助手)
H454,16/04/2026,游水,沙田,,沙田,,,,,,,,游水,,
H454,16/04/2026,踱步,沙田,內圈,沙田 內圈,,,,,,助手,,倒快一圈,H,內圈 倒快一圈 (助手)
H454,15/04/2026,游水,沙田,,沙田,,,,,,,,游水,,
H454,15/04/2026,踱步,沙田,內圈,沙田 內圈,,,,,,助手,,快踱一圈,H,內圈 快踱一圈 (助手)
H454,14/04/2026,快操,沙田,全天候,沙田 全天候,,56.1,56.1,29.5 26.6,,助手,,快操,H,29.5 26.6 (56.1) (助手)
H454,14/04/2026,踱步,沙田,飛機場,沙田 飛機場,,,,,,助手,,踱步,H,飛機場 踱步 (助手)
H454,13/04/2026,游水,沙田,,沙田,,,,,,,,游水,,
H454,13/04/2026,踱步,沙田,飛機場,沙田 飛機場,,,,,,助手,,踱步,H,飛機場 踱步 (助手)
H454,11/04/2026,游水,沙田,,沙田,,,,,,,,游水,,
H454,11/04/2026,踱步,沙田,內圈,沙田 內圈,,,,,,助手,,快踱一圈,H,內圈 快踱一圈 (助手)
H454,10/04/2026,快操,沙田,全天候,沙田 全天候,,54.4,54.4,29.7 24.7,,助手,,快操,H,29.7 24.7 (54.4) (助手)
H454,10/04/2026,踱步,沙田,飛機場,沙田 飛機場,,,,,,助手,,踱步,H,飛機場 踱步 (助手)
H454,09/04/2026,游水,沙田,,沙田,,,,,,,,游水,,
H454,09/04/2026,踱步,沙田,內圈,沙田 內圈,,,,,,助手,,倒快一圈,H,內圈 倒快一圈 (助手)
H454,08/04/2026,游水,沙田,,沙田,,,,,,,,游水,,
H454,08/04/2026,踱步,沙田,內圈,沙田 內圈,,,,,,助手,,快踱一圈,H,內圈 快踱一圈 (助手)
H454,07/04/2026,游水,沙田,,沙田,,,,,,,,游水,,
H454,07/04/2026,踱步,沙田,內圈,沙田 內圈,,,,,,助手,,快踱一圈,H,內圈 快踱一圈 (助手)
H454,06/04/2026,游水,沙田,,沙田,,,,,,,,游水,,
H454,06/04/2026,踱步,沙田,內圈,沙田 內圈,,,,,,助手,,倒快一圈,H,內圈 倒快一圈 (助手)
H454,05/04/2026,游水,沙田,,沙田,,,,,,,,游水,,
H454,04/04/2026,游水,沙田,,沙田,,,,,,,,游水,,
H454,04/04/2026,踱步,沙田,內圈,沙田 內圈,,,,,,助手,,快踱一圈,H,內圈 快踱一圈 (助手)
H454,03/04/2026,游水,沙田,,沙田,,,,,,,,游水,,
H454,03/04/2026,踱步,沙田,飛機場,沙田 飛機場,,,,,,助手,,踱步,H,飛機場 踱步 (助手)
H454,02/04/2026,游水,沙田,,沙田,,,,,,,,游水,,
H454,01/04/2026,出賽,沙田,全天候,沙田 全天候,1200M,,,,,梁家俊,5/12,出賽,B/TT,1200M (梁家俊) (5/12)
H454,01/04/2026,踱步,沙田,飛機場,沙田 飛機場,,,,,,助手,,踱步,H,飛機場 踱步 (助手)
H454,31/03/2026,踱步,沙田,內圈,沙田 內圈,,,,,,助手,,快踱一圈,H,內圈 快踱一圈 (助手)
H454,30/03/2026,踱步,沙田,內圈,沙田 內圈,,,,,,助手,,倒快一圈,H,內圈 倒快一圈 (助手)
H454,29/03/2026,踱步,沙田,內圈,沙田 內圈,,,,,,助手,,快踱一圈,H,內圈 快踱一圈 (助手)
H454,28/03/2026,快操,沙田,全天候,沙田 全天候,,56.5,56.5,31.5 25.0,,梁家俊,,快操,H,31.5 25.0 (56.5) (梁家俊)
H454,28/03/2026,踱步,沙田,飛機場,沙田 飛機場,,,,,,助手,,踱步,H,飛機場 踱步 (助手)
H454,27/03/2026,游水,沙田,,沙田,,,,,,,,游水,,
H454,27/03/2026,踱步,沙田,內圈,沙田 內圈,,,,,,助手,,快踱一圈,H,內圈 快踱一圈 (助手)
H454,26/03/2026,游水,沙田,,沙田,,,,,,,,游水,,
H454,26/03/2026,踱步,沙田,內圈,沙田 內圈,,,,,,助手,,倒快一圈,H,內圈 倒快一圈 (助手)
H454,25/03/2026,游水,沙田,,沙田,,,,,,,,游水,,
H454,25/03/2026,踱步,沙田,內圈,沙田 內圈,,,,,,助手,,快踱一圈,H,內圈 快踱一圈 (助手)
H454,24/03/2026,快操,沙田,全天候,沙田 全天候,,1.27.6,87.6,33.8 28.3 25.5,,助手,,快操,H,33.8 28.3 25.5 (1.27.6) (助手)
H454,24/03/2026,踱步,沙田,飛機場,沙田 飛機場,,,,,,助手,,踱步,H,飛機場 踱步 (助手)
H454,23/03/2026,游水,沙田,,沙田,,,,,,,,游水,,
H454,23/03/2026,踱步,沙田,內圈,沙田 內圈,,,,,,助手,,倒快一圈,H,內圈 倒快一圈 (助手)
H454,21/03/2026,游水,沙田,,沙田,,,,,,,,游水,,
H454,21/03/2026,踱步,沙田,內圈,沙田 內圈,,,,,,助手,,快踱一圈,H,內圈 快踱一圈 (助手)
H454,20/03/2026,游水,沙田,,沙田,,,,,,,,游水,,
H454,20/03/2026,踱步,沙田,飛機場,沙田 飛機場,,,,,,助手,,踱步,H,飛機場 踱步 (助手)
H454,19/03/2026,游水,沙田,,沙田,,,,,,,,游水,,
H454,18/03/2026,出賽,跑馬地,草地,跑馬地 草地,1200M,,,,,何澤堯,5/12,出賽,B/TT,1200M (何澤堯) (5/12)
H454,18/03/2026,踱步,沙田,飛機場,沙田 飛機場,,,,,,助手,,踱步,H,飛機場 踱步 (助手)
H454,17/03/2026,踱步,沙田,內圈,沙田 內圈,,,,,,助手,,快踱一圈,H,內圈 快踱一圈 (助手)
H454,16/03/2026,踱步,沙田,內圈,沙田 內圈,,,,,,助手,,倒快一圈,H,內圈 倒快一圈 (助手)
H454,15/03/2026,踱步,沙田,內圈,沙田 內圈,,,,,,助手,,快踱一圈,H,內圈 快踱一圈 (助手)
H454,14/03/2026,快操,沙田,全天候,沙田 全天候,,56.4,56.4,30.2 26.2,,何澤堯,,快操,H,30.2 26.2 (56.4) (何澤堯)
H454,14/03/2026,踱步,沙田,飛機場,沙田 飛機場,,,,,,助手,,踱步,H,飛機場 踱步 (助手)
H454,13/03/2026,游水,沙田,,沙田,,,,,,,,游水,,
H454,13/03/2026,踱步,沙田,內圈,沙田 內圈,,,,,,助手,,快踱一圈,H,內圈 快踱一圈 (助手)
H454,12/03/2026,游水,沙田,,沙田,,,,,,,,游水,,
H454,12/03/2026,踱步,沙田,內圈,沙田 內圈,,,,,,助手,,倒快一圈,H,內圈 倒快一圈 (助手)
H454,11/03/2026,游水,沙田,,沙田,,,,,,,,游水,,
H454,11/03/2026,踱步,沙田,內圈,沙田 內圈,,,,,,助手,,快踱一圈,H,內圈 快踱一圈 (助手)
H454,10/03/2026,快操,沙田,全天候,沙田 全天候,,1.24.0,84.0,32.6 27.5 23.9,,助手,,錶之宇宙,H,32.6 27.5 23.9 (1.24.0) (助手) 錶之宇宙
H454,10/03/2026,踱步,沙田,飛機場,沙田 飛機場,,,,,,助手,,踱步,H,飛機場 踱步 (助手)
H454,09/03/2026,游水,沙田,,沙田,,,,,,,,游水,,
H454,09/03/2026,踱步,沙田,內圈,沙田 內圈,,,,,,助手,,倒快一圈,H,內圈 倒快一圈 (助手)
H454,08/03/2026,踱步,沙田,內圈,沙田 內圈,,,,,,助手,,快踱一圈,H,內圈 快踱一圈 (助手)
H454,07/03/2026,游水,從化,,從化,,,,,,,,游水,,
H454,07/03/2026,踱步,從化,內圈,從化 內圈,,,,,,助手,,快踱一圈,H,內圈 快踱一圈 (助手)
H454,06/03/2026,游水,從化,,從化,,,,,,,,游水,,
H454,06/03/2026,快操,從化,全天候,從化 全天候,,56.6,56.6,30.1 26.5,,助手,,快操,H,30.1 26.5 (56.6) (助手)
H454,06/03/2026,踱步,從化,飛機場,從化 飛機場,,,,,,助手,,踱步,H,飛機場 踱步 (助手)
H454,05/03/2026,游水,從化,,從化,,,,,,,,游水,,
H454,05/03/2026,踱步,從化,內圈,從化 內圈,,,,,,助手,,倒快一圈,H,內圈 倒快一圈 (助手)
H454,04/03/2026,游水,從化,,從化,,,,,,,,游水,,
H454,04/03/2026,踱步,從化,內圈,從化 內圈,,,,,,助手,,快踱一圈,H,內圈 快踱一圈 (助手)
H454,03/03/2026,游水,從化,,從化,,,,,,,,游水,,
H454,03/03/2026,踱步,從化,內圈,從化 內圈,,,,,,助手,,快踱一圈,H,內圈 快踱一圈 (助手)
H454,02/03/2026,游水,從化,,從化,,,,,,,,游水,,
H454,02/03/2026,踱步,從化,內圈,從化 內圈,,,,,,助手,,倒快一圈,H,內圈 倒快一圈 (助手)
H454,01/03/2026,游水,從化,,從化,,,,,,,,游水,,
H454,01/03/2026,踱步,從化,內圈,從化 內圈,,,,,,助手,,快踱一圈,H,內圈 快踱一圈 (助手)
H454,28/02/2026,游水,從化,,從化,,,,,,,,游水,,
H454,28/02/2026,踱步,從化,內圈,從化 內圈,,,,,,助手,,快踱一圈,H,內圈 快踱一圈 (助手)
H454,27/02/2026,游水,沙田,,沙田,,,,,,,,游水,,
H454,27/02/2026,踱步,沙田,飛機場,沙田 飛機場,,,,,,助手,,踱步,H,飛機場 踱步 (助手)
H454,26/02/2026,游水,沙田,,沙田,,,,,,,,游水,,
H454,25/02/2026,出賽,跑馬地,草地,跑馬地 草地,1200M,,,,,何澤堯,9/12,出賽,B/TT,1200M (何澤堯) (9/12)
H454,25/02/2026,踱步,沙田,飛機場,沙田 飛機場,,,,,,助手,,踱步,H,飛機場 踱步 (助手)
H454,24/02/2026,踱步,沙田,內圈,沙田 內圈,,,,,,助手,,快踱一圈,H,內圈 快踱一圈 (助手)
H454,23/02/2026,游水,沙田,,沙田,,,,,,,,游水,,
H454,23/02/2026,踱步,沙田,內圈,沙田 內圈,,,,,,助手,,倒快一圈,H,內圈 倒快一圈 (助手)
H454,22/02/2026,踱步,沙田,內圈,沙田 內圈,,,,,,助手,,快踱一圈,H,內圈 快踱一圈 (助手)
H454,21/02/2026,游水,沙田,,沙田,,,,,,,,游水,,
H454,21/02/2026,快操,沙田,全天候,沙田 全天候,,56.0,56.0,29.3 26.7,,助手,,快操,H,29.3 26.7 (56.0) (助手)
H454,21/02/2026,踱步,沙田,飛機場,沙田 飛機場,,,,,,助手,,踱步,H,飛機場 踱步 (助手)
H454,20/02/2026,游水,沙田,,沙田,,,,,,,,游水,,
H454,20/02/2026,踱步,沙田,內圈,沙田 內圈,,,,,,助手,,快踱一圈,H,內圈 快踱一圈 (助手)
H454,19/02/2026,踱步,沙田,內圈,沙田 內圈,,,,,,助手,,倒快一圈,H,內圈 倒快一圈 (助手)
H454,18/02/2026,快操,沙田,全天候,沙田 全天候,,56.8,56.8,30.7 26.1,,助手,,佳福駒,H,30.7 26.1 (56.8) (助手) 佳福駒
H454,18/02/2026,踱步,沙田,飛機場,沙田 飛機場,,,,,,助手,,踱步,H,飛機場 踱步 (助手)
H454,16/02/2026,游水,沙田,,沙田,,,,,,,,游水,,
H454,16/02/2026,踱步,沙田,內圈,沙田 內圈,,,,,,助手,,倒快一圈,H,內圈 倒快一圈 (助手)
H454,15/02/2026,游水,沙田,,沙田,,,,,,,,游水,,
H454,14/02/2026,游水,從化,,從化,,,,,,,,游水,,
H454,14/02/2026,快操,從化,全天候,從化 全天候,,54.3,54.3,29.0 25.3,,助手,,快操,H,29.0 25.3 (54.3) (助手)
H454,14/02/2026,踱步,從化,飛機場,從化 飛機場,,,,,,助手,,踱步,H,飛機場 踱步 (助手)
H454,13/02/2026,游水,從化,,從化,,,,,,,,游水,,
H454,13/02/2026,踱步,從化,內圈,從化 內圈,,,,,,助手,,快踱一圈,H,內圈 快踱一圈 (助手)
H454,12/02/2026,游水,從化,,從化,,,,,,,,游水,,
H454,12/02/2026,踱步,從化,內圈,從化 內圈,,,,,,助手,,倒快一圈,H,內圈 倒快一圈 (助手)
H454,11/02/2026,游水,從化,,從化,,,,,,,,游水,,
H454,11/02/2026,踱步,從化,內圈,從化 內圈,,,,,,助手,,快踱一圈,H,內圈 快踱一圈 (助手)
H454,10/02/2026,游水,從化,,從化,,,,,,,,游水,,
H454,10/02/2026,快操,從化,全天候,從化 全天候,,57.6,57.6,30.5 27.1,,助手,,快操,H,30.5 27.1 (57.6) (助手)
H454,10/02/2026,踱步,從化,飛機場,從化 飛機場,,,,,,助手,,踱步,H,飛機場 踱步 (助手)
H454,09/02/2026,游水,從化,,從化,,,,,,,,游水,,
H454,09/02/2026,踱步,從化,內圈,從化 內圈,,,,,,助手,,倒快一圈,H,內圈 倒快一圈 (助手)
H454,08/02/2026,馬匹水中步行機,從化,,從化,,,,,,,,馬匹水中步行機,,
H454,08/02/2026,游水,從化,,從化,,,,,,,,游水,,
H454,08/02/2026,踱步,從化,內圈,從化 內圈,,,,,,助手,,快踱一圈,H,內圈 快踱一圈 (助手)
H454,07/02/2026,游水,從化,,從化,,,,,,,,游水,,
H454,07/02/2026,踱步,從化,內圈,從化 內圈,,,,,,助手,,快踱一圈,H,內圈 快踱一圈 (助手)
H454,06/02/2026,踱步,沙田,飛機場,沙田 飛機場,,,,,,助手,,踱步,H,飛機場 踱步 (助手)
H454,04/02/2026,出賽,跑馬地,草地,跑馬地 草地,1200M,,,,,何澤堯,2/12,出賽,B/TT,1200M (何澤堯) (2/12)
H454,04/02/2026,踱步,沙田,飛機場,沙田 飛機場,,,,,,助手,,踱步,H,飛機場 踱步 (助手)
H454,03/02/2026,踱步,沙田,內圈,沙田 內圈,,,,,,助手,,快踱一圈,H,內圈 快踱一圈 (助手)
H454,02/02/2026,踱步,沙田,內圈,沙田 內圈,,,,,,何澤堯,,倒快一圈,H,內圈 倒快一圈 (何澤堯)
H454,01/02/2026,踱步,沙田,內圈,沙田 內圈,,,,,,助手,,快踱一圈,H,內圈 快踱一圈 (助手)
H454,31/01/2026,快操,沙田,全天候,沙田 全天候,,56.4,56.4,29.7 26.7,,助手,,快操,H,29.7 26.7 (56.4) (助手)
H454,31/01/2026,踱步,沙田,飛機場,沙田 飛機場,,,,,,助手,,踱步,H,飛機場 踱步 (助手)
H454,30/01/2026,游水,沙田,,沙田,,,,,,,,游水,,
H454,30/01/2026,踱步,沙田,內圈,沙田 內圈,,,,,,助手,,快踱一圈,H,內圈 快踱一圈 (助手)
H454,29/01/2026,游水,從化,,從化,,,,,,,,游水,,
H454,29/01/2026,踱步,從化,內圈,從化 內圈,,,,,,助手,,倒快一圈,H,內圈 倒快一圈 (助手)
H454,28/01/2026,游水,從化,,從化,,,,,,,,游水,,
H454,28/01/2026,踱步,從化,內圈,從化 內圈,,,,,,助手,,快踱一圈,H,內圈 快踱一圈 (助手)
H454,27/01/2026,游水,從化,,從化,,,,,,,,游水,,
H454,27/01/2026,快操,從化,草地,從化 草地,,56.2,56.2,30.3 25.9,,助手,,快操,H,30.3 25.9 (56.2) (助手)
H454,27/01/2026,踱步,從化,飛機場,從化 飛機場,,,,,,助手,,踱步,H,飛機場 踱步 (助手)
H454,26/01/2026,游水,從化,,從化,,,,,,,,游水,,
H454,26/01/2026,踱步,從化,內圈,從化 內圈,,,,,,助手,,倒快一圈,H,內圈 倒快一圈 (助手)
H454,25/01/2026,游水,從化,,從化,,,,,,,,游水,,
H454,25/01/2026,踱步,從化,內圈,從化 內圈,,,,,,助手,,快踱一圈,H,內圈 快踱一圈 (助手)
H454,24/01/2026,游水,從化,,從化,,,,,,,,游水,,
H454,24/01/2026,踱步,從化,內圈,從化 內圈,,,,,,副練馬師,,快踱一圈,H,內圈 快踱一圈 (副練馬師)
H454,23/01/2026,游水,從化,,從化,,,,,,,,游水,,
H454,23/01/2026,快操,從化,全天候,從化 全天候,,52.5,52.5,28.3 24.2,,副練馬師,,快操,H,28.3 24.2 (52.5) (副練馬師)
H454,23/01/2026,踱步,從化,飛機場,從化 飛機場,,,,,,副練馬師,,踱步,H,飛機場 踱步 (副練馬師)
H454,22/01/2026,游水,從化,,從化,,,,,,,,游水,,
H454,22/01/2026,踱步,從化,內圈,從化 內圈,,,,,,助手,,倒快一圈,H,內圈 倒快一圈 (助手)
H454,21/01/2026,游水,從化,,從化,,,,,,,,游水,,
H454,21/01/2026,踱步,從化,內圈,從化 內圈,,,,,,助手,,快踱一圈,H,內圈 快踱一圈 (助手)
H454,20/01/2026,游水,從化,,從化,,,,,,,,游水,,
H454,20/01/2026,踱步,從化,內圈,從化 內圈,,,,,,助手,,快踱一圈,H,內圈 快踱一圈 (助手)
H454,19/01/2026,游水,從化,,從化,,,,,,,,游水,,
H454,19/01/2026,快操,從化,草地,從化 草地,,57.4,57.4,31.5 25.9,,助手,,快操,H,31.5 25.9 (57.4) (助手)
H454,19/01/2026,踱步,從化,飛機場,從化 飛機場,,,,,,助手,,踱步,H,飛機場 踱步 (助手)
H454,18/01/2026,游水,從化,,從化,,,,,,,,游水,,
H454,18/01/2026,踱步,從化,內圈,從化 內圈,,,,,,助手,,快踱一圈,H,內圈 快踱一圈 (助手)
H454,17/01/2026,游水,從化,,從化,,,,,,,,游水,,
H454,17/01/2026,踱步,從化,內圈,從化 內圈,,,,,,助手,,快踱一圈,H,內圈 快踱一圈 (助手)
H454,16/01/2026,游水,從化,,從化,,,,,,,,游水,,
H454,16/01/2026,踱步,從化,內圈,從化 內圈,,,,,,助手,,快踱一圈,H,內圈 快踱一圈 (助手)
H454,15/01/2026,游水,從化,,從化,,,,,,,,游水,,
H454,15/01/2026,快操,從化,全天候,從化 全天候,,59.5,59.5,32.5 27.0,,助手,,快操,H,32.5 27.0 (59.5) (助手)
H454,15/01/2026,踱步,從化,飛機場,從化 飛機場,,,,,,助手,,踱步,H,飛機場 踱步 (助手)
H454,14/01/2026,游水,從化,,從化,,,,,,,,游水,,
H454,14/01/2026,踱步,從化,內圈,從化 內圈,,,,,,助手,,快踱一圈,H,內圈 快踱一圈 (助手)
H454,13/01/2026,游水,從化,,從化,,,,,,,,游水,,
H454,13/01/2026,踱步,從化,內圈,從化 內圈,,,,,,助手,,快踱一圈,H,內圈 快踱一圈 (助手)
H454,12/01/2026,游水,沙田,,沙田,,,,,,,,游水,,
H454,12/01/2026,踱步,沙田,內圈,沙田 內圈,,,,,,助手,,倒快一圈,H,內圈 倒快一圈 (助手)
H454,10/01/2026,游水,沙田,,沙田,,,,,,,,游水,,
H454,10/01/2026,踱步,沙田,內圈,沙田 內圈,,,,,,助手,,快踱一圈,H,內圈 快踱一圈 (助手)
H454,09/01/2026,游水,沙田,,沙田,,,,,,,,游水,,
H454,09/01/2026,踱步,沙田,飛機場,沙田 飛機場,,,,,,助手,,踱步,H,飛機場 踱步 (助手)
H454,08/01/2026,游水,沙田,,沙田,,,,,,,,游水,,
H454,07/01/2026,出賽,跑馬地,草地,跑馬地 草地,1200M,,,,,何澤堯,1/12,出賽,B/TT,1200M (何澤堯) (1/12)
H454,07/01/2026,踱步,沙田,飛機場,沙田 飛機場,,,,,,助手,,踱步,H,飛機場 踱步 (助手)
H454,06/01/2026,踱步,沙田,內圈,沙田 內圈,,,,,,助手,,快踱一圈,H,內圈 快踱一圈 (助手)
H454,05/01/2026,踱步,沙田,內圈,沙田 內圈,,,,,,何澤堯,,倒快一圈,H,內圈 倒快一圈 (何澤堯)
H454,04/01/2026,踱步,沙田,內圈,沙田 內圈,,,,,,助手,,快踱一圈,H,內圈 快踱一圈 (助手)
H454,03/01/2026,快操,沙田,全天候,沙田 全天候,,57.1,57.1,29.8 27.3,,助手,,快操,H,29.8 27.3 (57.1) (助手)
H454,03/01/2026,踱步,沙田,飛機場,沙田 飛機場,,,,,,助手,,踱步,H,飛機場 踱步 (助手)
H454,02/01/2026,游水,沙田,,沙田,,,,,,,,游水,,
H454,02/01/2026,踱步,沙田,內圈,沙田 內圈,,,,,,助手,,快踱一圈,H,內圈 快踱一圈 (助手)
H454,01/01/2026,游水,沙田,,沙田,,,,,,,,游水,,
H454,01/01/2026,踱步,沙田,內圈,沙田 內圈,,,,,,助手,,倒快一圈,H,內圈 倒快一圈 (助手)
H454,31/12/2025,游水,沙田,,沙田,,,,,,,,游水,,
H454,31/12/2025,踱步,沙田,內圈,沙田 內圈,,,,,,助手,,快踱一圈,H,內圈 快踱一圈 (助手)
H454,30/12/2025,快操,沙田,全天候,沙田 全天候,,56.2,56.2,29.3 26.9,,助手,,快操,H,29.3 26.9 (56.2) (助手)
H454,30/12/2025,踱步,沙田,飛機場,沙田 飛機場,,,,,,助手,,踱步,H,飛機場 踱步 (助手)
H454,29/12/2025,游水,沙田,,沙田,,,,,,,,游水,,
H454,29/12/2025,踱步,沙田,內圈,沙田 內圈,,,,,,助手,,倒快一圈,H,內圈 倒快一圈 (助手)
H454,28/12/2025,游水,沙田,,沙田,,,,,,,,游水,,
H454,28/12/2025,踱步,沙田,內圈,沙田 內圈,,,,,,助手,,快踱一圈,H,內圈 快踱一圈 (助手)
H454,27/12/2025,游水,沙田,,沙田,,,,,,,,游水,,
H454,27/12/2025,踱步,沙田,內圈,沙田 內圈,,,,,,助手,,快踱一圈,H,內圈 快踱一圈 (助手)
H454,26/12/2025,游水,沙田,,沙田,,,,,,,,游水,,
H454,26/12/2025,踱步,沙田,內圈,沙田 內圈,,,,,,助手,,快踱一圈,H,內圈 快踱一圈 (助手)
H454,25/12/2025,游水,沙田,,沙田,,,,,,,,游水,,
H454,25/12/2025,踱步,沙田,飛機場,沙田 飛機場,,,,,,助手,,踱步,H,飛機場 踱步 (助手)
H454,24/12/2025,游水,沙田,,沙田,,,,,,,,游水,,
H454,23/12/2025,出賽,跑馬地,草地,跑馬地 草地,1200M,,,,,杜苑欣,9/12,出賽,CP-/B2/TT,1200M (杜苑欣) (9/12)
H454,23/12/2025,踱步,沙田,飛機場,沙田 飛機場,,,,,,助手,,踱步,H,飛機場 踱步 (助手)
H454,22/12/2025,踱步,沙田,內圈,沙田 內圈,,,,,,助手,,倒快一圈,H,內圈 倒快一圈 (助手)
H454,21/12/2025,踱步,沙田,內圈,沙田 內圈,,,,,,助手,,快踱一圈,H,內圈 快踱一圈 (助手)
H454,20/12/2025,游水,沙田,,沙田,,,,,,,,游水,,
H454,20/12/2025,踱步,沙田,內圈,沙田 內圈,,,,,,助手,,快踱一圈,H,內圈 快踱一圈 (助手)
H454,19/12/2025,快操,沙田,全天候,沙田 全天候,,1.28.1,88.1,33.5 29.1 25.5,,杜苑欣,,快操,H,33.5 29.1 25.5 (1.28.1) (杜苑欣)
H454,19/12/2025,踱步,沙田,飛機場,沙田 飛機場,,,,,,助手,,踱步,H,飛機場 踱步 (助手)
H454,18/12/2025,游水,沙田,,沙田,,,,,,,,游水,,
H454,18/12/2025,踱步,沙田,內圈,沙田 內圈,,,,,,助手,,倒快一圈,H,內圈 倒快一圈 (助手)
H454,17/12/2025,游水,沙田,,沙田,,,,,,,,游水,,
H454,17/12/2025,踱步,沙田,內圈,沙田 內圈,,,,,,助手,,快踱一圈,H,內圈 快踱一圈 (助手)
H454,16/12/2025,游水,沙田,,沙田,,,,,,,,游水,,
H454,16/12/2025,踱步,沙田,飛機場,沙田 飛機場,,,,,,助手,,踱步,H,飛機場 踱步 (助手)
H454,15/12/2025,快操,沙田,全天候,沙田 全天候,,1.28.0,88.0,34.0 28.5 25.5,,助手,,快操,H,34.0 28.5 25.5 (1.28.0) (助手)
H454,15/12/2025,踱步,沙田,飛機場,沙田 飛機場,,,,,,助手,,踱步,H,飛機場 踱步 (助手)
H454,14/12/2025,踱步,沙田,內圈,沙田 內圈,,,,,,助手,,快踱一圈,H,內圈 快踱一圈 (助手)
H454,13/12/2025,游水,沙田,,沙田,,,,,,,,游水,,
H454,13/12/2025,踱步,沙田,內圈,沙田 內圈,,,,,,助手,,快踱一圈,H,內圈 快踱一圈 (助手)
H454,12/12/2025,游水,沙田,,沙田,,,,,,,,游水,,
H454,12/12/2025,踱步,沙田,內圈,沙田 內圈,,,,,,助手,,快踱一圈,H,內圈 快踱一圈 (助手)
H454,11/12/2025,游水,沙田,,沙田,,,,,,,,游水,,
H454,11/12/2025,踱步,沙田,內圈,沙田 內圈,,,,,,助手,,倒快一圈,H,內圈 倒快一圈 (助手)
H454,10/12/2025,踱步,沙田,內圈,沙田 內圈,,,,,,助手,,快踱一圈,H,內圈 快踱一圈 (助手)
H454,09/12/2025,游水,沙田,,沙田,,,,,,,,游水,,
H454,09/12/2025,踱步,沙田,飛機場,沙田 飛機場,,,,,,助手,,踱步,H,飛機場 踱步 (助手)
H454,08/12/2025,游水,沙田,,沙田,,,,,,,,游水,,
H454,07/12/2025,出賽,沙田,全天候,沙田 全天候,1200M,,,,,紀仁安,8/12,出賽,CP/TT,1200M (紀仁安) (8/12)
H454,07/12/2025,踱步,沙田,飛機場,沙田 飛機場,,,,,,助手,,踱步,H,飛機場 踱步 (助手)
H454,06/12/2025,踱步,沙田,內圈,沙田 內圈,,,,,,助手,,快踱一圈,H,內圈 快踱一圈 (助手)
H454,05/12/2025,踱步,沙田,內圈,沙田 內圈,,,,,,助手,,快踱一圈,H,內圈 快踱一圈 (助手)
H454,04/12/2025,快操,沙田,全天候,沙田 全天候,,1.26.6,86.6,33.7 27.0 25.9,,紀仁安,,快操,H,33.7 27.0 25.9 (1.26.6) (紀仁安)
H454,04/12/2025,踱步,沙田,飛機場,沙田 飛機場,,,,,,助手,,踱步,H,飛機場 踱步 (助手)
H454,03/12/2025,游水,沙田,,沙田,,,,,,,,游水,,
H454,03/12/2025,踱步,沙田,內圈,沙田 內圈,,,,,,助手,,快踱一圈,H,內圈 快踱一圈 (助手)
H454,02/12/2025,游水,沙田,,沙田,,,,,,,,游水,,
H454,02/12/2025,踱步,沙田,內圈,沙田 內圈,,,,,,助手,,快踱一圈,H,內圈 快踱一圈 (助手)
H454,01/12/2025,游水,沙田,,沙田,,,,,,,,游水,,
H454,01/12/2025,踱步,沙田,內圈,沙田 內圈,,,,,,助手,,倒快一圈,H,內圈 倒快一圈 (助手)
H454,30/11/2025,快操,沙田,全天候,沙田 全天候,,56.7,56.7,29.8 26.9,,助手,,快操,H,29.8 26.9 (56.7) (助手)
H454,30/11/2025,踱步,沙田,飛機場,沙田 飛機場,,,,,,助手,,踱步,H,飛機場 踱步 (助手)
H454,29/11/2025,游水,從化,,從化,,,,,,,,游水,,
H454,29/11/2025,踱步,從化,內圈,從化 內圈,,,,,,助手,,快踱一圈,H,內圈 快踱一圈 (助手)
H454,28/11/2025,游水,從化,,從化,,,,,,,,游水,,
H454,28/11/2025,踱步,從化,內圈,從化 內圈,,,,,,助手,,快踱一圈,H,內圈 快踱一圈 (助手)
H454,27/11/2025,游水,從化,,從化,,,,,,,,游水,,
H454,27/11/2025,踱步,從化,內圈,從化 內圈,,,,,,助手,,倒快一圈,H,內圈 倒快一圈 (助手)
H454,26/11/2025,游水,從化,,從化,,,,,,,,游水,,
H454,26/11/2025,快操,從化,全天候,從化 全天候,,57.1,57.1,31.1 26.0,,助手,,快操,H,31.1 26.0 (57.1) (助手)
H454,26/11/2025,踱步,從化,飛機場,從化 飛機場,,,,,,助手,,踱步,H,飛機場 踱步 (助手)
H454,25/11/2025,游水,從化,,從化,,,,,,,,游水,,
H454,25/11/2025,踱步,從化,內圈,從化 內圈,,,,,,助手,,快踱一圈,H,內圈 快踱一圈 (助手)
H454,24/11/2025,游水,從化,,從化,,,,,,,,游水,,
H454,24/11/2025,踱步,從化,內圈,從化 內圈,,,,,,助手,,倒快一圈,H,內圈 倒快一圈 (助手)
H454,23/11/2025,馬匹水中步行機,從化,,從化,,,,,,,,馬匹水中步行機,,
H454,23/11/2025,游水,從化,,從化,,,,,,,,游水,,
H454,23/11/2025,踱步,從化,內圈,從化 內圈,,,,,,助手,,快踱一圈,H,內圈 快踱一圈 (助手)
H454,22/11/2025,游水,從化,,從化,,,,,,,,游水,,
H454,22/11/2025,踱步,從化,飛機場,從化 飛機場,,,,,,助手,,踱步,H,飛機場 踱步 (助手)
H454,21/11/2025,試閘,從化,草地,從化 草地,1200M,1.11.27,71.27,24.3 23.0 23.9,良駒好友,黃寶妮,,第4組,B,第4組 (黃寶妮) 1200M 良駒好友 24.3 23.0 23.9 (1.11.27)
H454,21/11/2025,踱步,從化,飛機場,從化 飛機場,,,,,,助手,,踱步,B,飛機場 踱步 (助手)
H454,20/11/2025,游水,從化,,從化,,,,,,,,游水,,
H454,20/11/2025,踱步,從化,內圈,從化 內圈,,,,,,助手,,倒快一圈,H,內圈 倒快一圈 (助手)
H454,19/11/2025,游水,從化,,從化,,,,,,,,游水,,
H454,19/11/2025,踱步,從化,內圈,從化 內圈,,,,,,助手,,快踱一圈,H,內圈 快踱一圈 (助手)
H454,18/11/2025,游水,從化,,從化,,,,,,,,游水,,
H454,18/11/2025,快操,從化,全天候,從化 全天候,,29.4,29.4,29.4,,助手,,快操,H,29.4 (29.4) (助手)
H454,18/11/2025,踱步,從化,飛機場,從化 飛機場,,,,,,助手,,踱步,H,飛機場 踱步 (助手)
H454,17/11/2025,游水,從化,,從化,,,,,,,,游水,,
H454,17/11/2025,踱步,從化,內圈,從化 內圈,,,,,,助手,,倒快一圈,H,內圈 倒快一圈 (助手)
H454,16/11/2025,游水,從化,,從化,,,,,,,,游水,,
H454,16/11/2025,踱步,從化,內圈,從化 內圈,,,,,,助手,,快踱一圈,H,內圈 快踱一圈 (助手)
H454,15/11/2025,游水,從化,,從化,,,,,,,,游水,,
H454,15/11/2025,快操,從化,全天候,從化 全天候,,55.6,55.6,29.6 26.0,,助手,,快操,H,29.6 26.0 (55.6) (助手)
H454,15/11/2025,踱步,從化,飛機場,從化 飛機場,,,,,,助手,,踱步,H,飛機場 踱步 (助手)
H454,14/11/2025,馬匹水中步行機,從化,,從化,,,,,,,,馬匹水中步行機,,
H454,14/11/2025,游水,從化,,從化,,,,,,,,游水,,
H454,14/11/2025,踱步,從化,內圈,從化 內圈,,,,,,助手,,快踱一圈,H,內圈 快踱一圈 (助手)
H454,13/11/2025,游水,從化,,從化,,,,,,,,游水,,
H454,13/11/2025,踱步,從化,內圈,從化 內圈,,,,,,助手,,倒快一圈,H,內圈 倒快一圈 (助手)
H454,12/11/2025,游水,從化,,從化,,,,,,,,游水,,
H454,12/11/2025,踱步,從化,內圈,從化 內圈,,,,,,助手,,快踱一圈,H,內圈 快踱一圈 (助手)
H454,11/11/2025,游水,從化,,從化,,,,,,,,游水,,
H454,11/11/2025,快操,從化,泥閘,從化 泥閘,,47.8,47.8,24.3 23.5,,助手,,快操,B,24.3 23.5 (47.8) (助手)
H454,11/11/2025,踱步,從化,飛機場,從化 飛機場,,,,,,助手,,踱步,B,飛機場 踱步 (助手)
H454,10/11/2025,游水,從化,,從化,,,,,,,,游水,,
H454,10/11/2025,踱步,從化,內圈,從化 內圈,,,,,,助手,,倒快一圈,H,內圈 倒快一圈 (助手)
H454,09/11/2025,馬匹水中步行機,從化,,從化,,,,,,,,馬匹水中步行機,,
H454,09/11/2025,游水,從化,,從化,,,,,,,,游水,,
H454,09/11/2025,踱步,從化,內圈,從化 內圈,,,,,,助手,,快踱一圈,H,內圈 快踱一圈 (助手)
H454,08/11/2025,游水,從化,,從化,,,,,,,,游水,,
H454,08/11/2025,踱步,從化,內圈,從化 內圈,,,,,,助手,,快踱一圈,H,內圈 快踱一圈 (助手)
H454,07/11/2025,游水,從化,,從化,,,,,,,,游水,,
H454,07/11/2025,快操,從化,全天候,從化 全天候,,57.1,57.1,30.6 26.5,,助手,,快操,H,30.6 26.5 (57.1) (助手)
H454,07/11/2025,踱步,從化,飛機場,從化 飛機場,,,,,,助手,,踱步,H,飛機場 踱步 (助手)
H454,06/11/2025,游水,從化,,從化,,,,,,,,游水,,
H454,06/11/2025,踱步,從化,內圈,從化 內圈,,,,,,助手,,倒快一圈,H,內圈 倒快一圈 (助手)
H454,05/11/2025,游水,從化,,從化,,,,,,,,游水,,
H454,05/11/2025,踱步,從化,內圈,從化 內圈,,,,,,助手,,快踱一圈,H,內圈 快踱一圈 (助手)
H454,04/11/2025,游水,從化,,從化,,,,,,,,游水,,
H454,04/11/2025,踱步,從化,內圈,從化 內圈,,,,,,助手,,快踱一圈,H,內圈 快踱一圈 (助手)
H454,03/11/2025,游水,沙田,,沙田,,,,,,,,游水,,
H454,03/11/2025,踱步,沙田,內圈,沙田 內圈,,,,,,助手,,倒快一圈,H,內圈 倒快一圈 (助手)
H454,01/11/2025,游水,沙田,,沙田,,,,,,,,游水,,
H454,01/11/2025,踱步,沙田,飛機場,沙田 飛機場,,,,,,助手,,踱步,H,飛機場 踱步 (助手)
H454,31/10/2025,游水,沙田,,沙田,,,,,,,,游水,,
H454,30/10/2025,出賽,沙田,全天候,沙田 全天候,1200M,,,,,黃寶妮,4/12,出賽,CP/TT,1200M (黃寶妮) (4/12)
H454,30/10/2025,踱步,沙田,飛機場,沙田 飛機場,,,,,,助手,,踱步,H,飛機場 踱步 (助手)
H454,29/10/2025,踱步,沙田,內圈,沙田 內圈,,,,,,助手,,快踱一圈,H,內圈 快踱一圈 (助手)
H454,28/10/2025,踱步,沙田,內圈,沙田 內圈,,,,,,助手,,快踱一圈,H,內圈 快踱一圈 (助手)
H454,27/10/2025,游水,沙田,,沙田,,,,,,,,游水,,
H454,27/10/2025,踱步,沙田,內圈,沙田 內圈,,,,,,助手,,倒快一圈,H,內圈 倒快一圈 (助手)
H454,26/10/2025,快操,沙田,全天候,沙田 全天候,,57.3,57.3,29.7 27.6,,助手,,快操,H,29.7 27.6 (57.3) (助手)
H454,26/10/2025,踱步,沙田,飛機場,沙田 飛機場,,,,,,助手,,踱步,H,飛機場 踱步 (助手)
H454,25/10/2025,游水,沙田,,沙田,,,,,,,,游水,,
H454,25/10/2025,踱步,沙田,內圈,沙田 內圈,,,,,,助手,,快踱一圈,H,內圈 快踱一圈 (助手)
H454,24/10/2025,游水,沙田,,沙田,,,,,,,,游水,,
H454,24/10/2025,踱步,沙田,內圈,沙田 內圈,,,,,,助手,,快踱一圈,H,內圈 快踱一圈 (助手)
H454,23/10/2025,游水,沙田,,沙田,,,,,,,,游水,,
H454,23/10/2025,踱步,沙田,內圈,沙田 內圈,,,,,,助手,,倒快一圈,H,內圈 倒快一圈 (助手)
H454,22/10/2025,快操,沙田,全天候,沙田 全天候,,56.6,56.6,30.3 26.3,,助手,,快操,H,30.3 26.3 (56.6) (助手)
H454,22/10/2025,踱步,沙田,飛機場,沙田 飛機場,,,,,,助手,,踱步,H,飛機場 踱步 (助手)
H454,21/10/2025,游水,沙田,,沙田,,,,,,,,游水,,
H454,21/10/2025,踱步,沙田,內圈,沙田 內圈,,,,,,助手,,快踱一圈,H,內圈 快踱一圈 (助手)
H454,20/10/2025,游水,沙田,,沙田,,,,,,,,游水,,
H454,20/10/2025,踱步,沙田,內圈,沙田 內圈,,,,,,助手,,倒快一圈,H,內圈 倒快一圈 (助手)
H454,18/10/2025,踱步,沙田,內圈,沙田 內圈,,,,,,助手,,快踱一圈,H,內圈 快踱一圈 (助手)
H454,17/10/2025,踱步,沙田,飛機場,沙田 飛機場,,,,,,助手,,踱步,H,飛機場 踱步 (助手)
H454,16/10/2025,游水,沙田,,沙田,,,,,,,,游水,,
H454,15/10/2025,出賽,跑馬地,草地,跑馬地 草地,1200M,,,,,何澤堯,3/12,出賽,CP/TT,1200M (何澤堯) (3/12)
H454,15/10/2025,踱步,沙田,飛機場,沙田 飛機場,,,,,,助手,,踱步,H,飛機場 踱步 (助手)
H454,14/10/2025,踱步,沙田,內圈,沙田 內圈,,,,,,何澤堯,,快踱一圈,H,內圈 快踱一圈 (何澤堯)
H454,13/10/2025,游水,沙田,,沙田,,,,,,,,游水,,
H454,13/10/2025,踱步,沙田,內圈,沙田 內圈,,,,,,助手,,倒快一圈,H,內圈 倒快一圈 (助手)
H454,12/10/2025,踱步,沙田,內圈,沙田 內圈,,,,,,助手,,快踱一圈,H,內圈 快踱一圈 (助手)
H454,11/10/2025,快操,沙田,全天候,沙田 全天候,,53.3,53.3,28.8 24.5,,助手,,雙贏,H,28.8 24.5 (53.3) (助手) 雙贏
H454,11/10/2025,踱步,沙田,飛機場,沙田 飛機場,,,,,,助手,,踱步,H,飛機場 踱步 (助手)
H454,10/10/2025,游水,沙田,,沙田,,,,,,,,游水,,
H454,10/10/2025,踱步,沙田,內圈,沙田 內圈,,,,,,助手,,快踱一圈,H,內圈 快踱一圈 (助手)
H454,09/10/2025,游水,從化,,從化,,,,,,,,游水,,
H454,09/10/2025,踱步,從化,內圈,從化 內圈,,,,,,助手,,倒快一圈,H,內圈 倒快一圈 (助手)
H454,08/10/2025,游水,從化,,從化,,,,,,,,游水,,
H454,08/10/2025,踱步,從化,內圈,從化 內圈,,,,,,助手,,快踱一圈,H,內圈 快踱一圈 (助手)
H454,07/10/2025,游水,從化,,從化,,,,,,,,游水,,
H454,07/10/2025,快操,從化,全天候,從化 全天候,,58.7,58.7,32.0 26.7,,助手,,快操,H,32.0 26.7 (58.7) (助手)
H454,07/10/2025,踱步,從化,飛機場,從化 飛機場,,,,,,助手,,踱步,H,飛機場 踱步 (助手)
H454,06/10/2025,游水,從化,,從化,,,,,,,,游水,,
H454,06/10/2025,踱步,從化,內圈,從化 內圈,,,,,,助手,,倒快一圈,H,內圈 倒快一圈 (助手)
H454,05/10/2025,游水,從化,,從化,,,,,,,,游水,,
H454,05/10/2025,踱步,從化,內圈,從化 內圈,,,,,,助手,,快踱一圈,H,內圈 快踱一圈 (助手)
H454,04/10/2025,游水,從化,,從化,,,,,,,,游水,,
H454,04/10/2025,踱步,從化,內圈,從化 內圈,,,,,,助手,,快踱一圈,H,內圈 快踱一圈 (助手)
H454,03/10/2025,游水,從化,,從化,,,,,,,,游水,,
H454,03/10/2025,踱步,從化,內圈,從化 內圈,,,,,,助手,,快踱一圈,H,內圈 快踱一圈 (助手)
H454,02/10/2025,游水,從化,,從化,,,,,,,,游水,,
H454,02/10/2025,踱步,從化,內圈,從化 內圈,,,,,,助手,,倒快一圈,H,內圈 倒快一圈 (助手)
H454,01/10/2025,游水,從化,,從化,,,,,,,,游水,,
H454,01/10/2025,踱步,從化,內圈,從化 內圈,,,,,,助手,,快踱一圈,H,內圈 快踱一圈 (助手)
H454,30/09/2025,踱步,沙田,飛機場,沙田 飛機場,,,,,,助手,,踱步,H,飛機場 踱步 (助手)
H454,29/09/2025,游水,沙田,,沙田,,,,,,,,游水,,
H454,28/09/2025,出賽,沙田,全天候,沙田 全天候,1200M,,,,,黃寶妮,12/12,出賽,CP/TT,1200M (黃寶妮) (12/12)
H454,28/09/2025,踱步,沙田,飛機場,沙田 飛機場,,,,,,助手,,踱步,H,飛機場 踱步 (助手)
H454,27/09/2025,踱步,沙田,內圈,沙田 內圈,,,,,,助手,,快踱一圈,H,內圈 快踱一圈 (助手)
H454,26/09/2025,踱步,沙田,內圈,沙田 內圈,,,,,,助手,,快踱一圈,H,內圈 快踱一圈 (助手)
H454,25/09/2025,快操,沙田,全天候,沙田 全天候,,55.3,55.3,29.3 26.0,,黃寶妮,,快操,H,29.3 26.0 (55.3) (黃寶妮)
H454,25/09/2025,踱步,沙田,飛機場,沙田 飛機場,,,,,,助手,,踱步,H,飛機場 踱步 (助手)
H454,23/09/2025,游水,沙田,,沙田,,,,,,,,游水,,
H454,23/09/2025,踱步,沙田,內圈,沙田 內圈,,,,,,助手,,快踱一圈,H,內圈 快踱一圈 (助手)
H454,22/09/2025,游水,沙田,,沙田,,,,,,,,游水,,
H454,22/09/2025,踱步,沙田,內圈,沙田 內圈,,,,,,助手,,倒快一圈,H,內圈 倒快一圈 (助手)
H454,21/09/2025,踱步,沙田,內圈,沙田 內圈,,,,,,助手,,快踱一圈,H,內圈 快踱一圈 (助手)
H454,20/09/2025,快操,沙田,全天候,沙田 全天候,,57.0,57.0,29.8 27.2,,黃寶妮,,快操,H,29.8 27.2 (57.0) (黃寶妮)
H454,20/09/2025,踱步,沙田,飛機場,沙田 飛機場,,,,,,助手,,踱步,H,飛機場 踱步 (助手)
H454,19/09/2025,游水,沙田,,沙田,,,,,,,,游水,,
H454,19/09/2025,踱步,沙田,內圈,沙田 內圈,,,,,,助手,,快踱一圈,H,內圈 快踱一圈 (助手)
H454,18/09/2025,游水,沙田,,沙田,,,,,,,,游水,,
H454,18/09/2025,踱步,沙田,內圈,沙田 內圈,,,,,,助手,,倒快一圈,H,內圈 倒快一圈 (助手)
H454,17/09/2025,游水,沙田,,沙田,,,,,,,,游水,,
H454,17/09/2025,踱步,沙田,內圈,沙田 內圈,,,,,,助手,,快踱一圈,H,內圈 快踱一圈 (助手)
H454,16/09/2025,游水,沙田,,沙田,,,,,,,,游水,,
H454,16/09/2025,踱步,沙田,飛機場,沙田 飛機場,,,,,,助手,,踱步,H,飛機場 踱步 (助手)
H454,15/09/2025,游水,沙田,,沙田,,,,,,,,游水,,
H454,14/09/2025,出賽,沙田,全天候,沙田 全天候,1200M,,,,,黃寶妮,5/10,出賽,CP/TT,1200M (黃寶妮) (5/10)
H454,14/09/2025,踱步,沙田,飛機場,沙田 飛機場,,,,,,助手,,踱步,H,飛機場 踱步 (助手)
H454,13/09/2025,踱步,沙田,內圈,沙田 內圈,,,,,,助手,,快踱一圈,H,內圈 快踱一圈 (助手)
H454,12/09/2025,踱步,沙田,內圈,沙田 內圈,,,,,,助手,,快踱一圈,H,內圈 快踱一圈 (助手)
H454,11/09/2025,游水,沙田,,沙田,,,,,,,,游水,,
H454,11/09/2025,踱步,沙田,內圈,沙田 內圈,,,,,,助手,,倒快一圈,H,內圈 倒快一圈 (助手)
H454,10/09/2025,快操,沙田,全天候,沙田 全天候,,53.8,53.8,29.4 24.4,,黃寶妮,,快操,H,29.4 24.4 (53.8) (黃寶妮)
H454,10/09/2025,踱步,沙田,飛機場,沙田 飛機場,,,,,,助手,,踱步,H,飛機場 踱步 (助手)
H454,09/09/2025,游水,沙田,,沙田,,,,,,,,游水,,
H454,09/09/2025,踱步,沙田,內圈,沙田 內圈,,,,,,助手,,快踱一圈,H,內圈 快踱一圈 (助手)
H454,08/09/2025,游水,沙田,,沙田,,,,,,,,游水,,
H454,08/09/2025,踱步,沙田,飛機場,沙田 飛機場,,,,,,助手,,踱步,H,飛機場 踱步 (助手)
H454,07/09/2025,踱步,沙田,內圈,沙田 內圈,,,,,,助手,,快踱一圈,H,內圈 快踱一圈 (助手)
H454,06/09/2025,快操,沙田,全天候,沙田 全天候,,56.8,56.8,30.2 26.6,,助手,,快操,H,30.2 26.6 (56.8) (助手)
H454,06/09/2025,踱步,沙田,飛機場,沙田 飛機場,,,,,,助手,,踱步,H,飛機場 踱步 (助手)
H454,05/09/2025,游水,沙田,,沙田,,,,,,,,游水,,
H454,05/09/2025,踱步,沙田,內圈,沙田 內圈,,,,,,助手,,快踱一圈,H,內圈 快踱一圈 (助手)
H454,04/09/2025,游水,沙田,,沙田,,,,,,,,游水,,
H454,04/09/2025,踱步,沙田,內圈,沙田 內圈,,,,,,助手,,倒快一圈,H,內圈 倒快一圈 (助手)
H454,03/09/2025,游水,沙田,,沙田,,,,,,,,游水,,
H454,03/09/2025,踱步,沙田,內圈,沙田 內圈,,,,,,助手,,快踱一圈,H,內圈 快踱一圈 (助手)
H454,02/09/2025,快操,沙田,全天候,沙田 全天候,,57.4,57.4,30.1 27.3,,助手,,快操,H,30.1 27.3 (57.4) (助手)
H454,02/09/2025,踱步,沙田,飛機場,沙田 飛機場,,,,,,助手,,踱步,H,飛機場 踱步 (助手)
H454,01/09/2025,游水,沙田,,沙田,,,,,,,,游水,,
H454,01/09/2025,踱步,沙田,內圈,沙田 內圈,,,,,,助手,,倒快一圈,H,內圈 倒快一圈 (助手)
H454,31/08/2025,游水,沙田,,沙田,,,,,,,,游水,,
H454,31/08/2025,踱步,沙田,內圈,沙田 內圈,,,,,,助手,,快踱一圈,H,內圈 快踱一圈 (助手)
H454,30/08/2025,游水,沙田,,沙田,,,,,,,,游水,,
H454,30/08/2025,踱步,沙田,內圈,沙田 內圈,,,,,,助手,,快踱一圈,H,內圈 快踱一圈 (助手)
H454,29/08/2025,游水,沙田,,沙田,,,,,,,,游水,,
H454,29/08/2025,踱步,沙田,內圈,沙田 內圈,,,,,,助手,,快踱一圈,H,內圈 快踱一圈 (助手)
H454,28/08/2025,游水,沙田,,沙田,,,,,,,,游水,,
H454,28/08/2025,踱步,沙田,內圈,沙田 內圈,,,,,,助手,,倒快一圈,H,內圈 倒快一圈 (助手)
H454,27/08/2025,游水,沙田,,沙田,,,,,,,,游水,,
H454,27/08/2025,踱步,沙田,飛機場,沙田 飛機場,,,,,,助手,,踱步,H,飛機場 踱步 (助手)
H454,26/08/2025,試閘,沙田,全天候,沙田 全天候,1200M,1.09.06,69.06,24.0 21.8 23.2,良駒好友,黃寶妮,,第3組,CP,第3組 (黃寶妮) 1200M 良駒好友 24.0 21.8 23.2 (1.09.06)
H454,26/08/2025,踱步,沙田,飛機場,沙田 飛機場,,,,,,助手,,踱步,CP,飛機場 踱步 (助手)
H454,25/08/2025,游水,沙田,,沙田,,,,,,,,游水,,
H454,25/08/2025,踱步,沙田,內圈,沙田 內圈,,,,,,助手,,倒快一圈,H,內圈 倒快一圈 (助手)
H454,24/08/2025,游水,沙田,,沙田,,,,,,,,游水,,
H454,24/08/2025,踱步,沙田,內圈,沙田 內圈,,,,,,助手,,快踱一圈,H,內圈 快踱一圈 (助手)
H454,23/08/2025,游水,沙田,,沙田,,,,,,,,游水,,
H454,23/08/2025,踱步,沙田,內圈,沙田 內圈,,,,,,助手,,快踱一圈,H,內圈 快踱一圈 (助手)
H454,22/08/2025,快操,沙田,全天候,沙田 全天候,,54.0,54.0,29.4 24.6,,助手,,佳福駒,H,29.4 24.6 (54.0) (助手) 佳福駒
H454,22/08/2025,踱步,沙田,飛機場,沙田 飛機場,,,,,,助手,,踱步,H,飛機場 踱步 (助手)
H454,21/08/2025,踱步,沙田,內圈,沙田 內圈,,,,,,副練馬師,,倒快一圈,H,內圈 倒快一圈 (副練馬師)
H454,20/08/2025,踱步,沙田,內圈,沙田 內圈,,,,,,助手,,快踱一圈,H,內圈 快踱一圈 (助手)
H454,19/08/2025,游水,沙田,,沙田,,,,,,,,游水,,
H454,19/08/2025,踱步,沙田,內圈,沙田 內圈,,,,,,助手,,快踱一圈,H,內圈 快踱一圈 (助手)
H454,18/08/2025,快操,沙田,全天候,沙田 全天候,,57.7,57.7,30.8 26.9,,助手,,快操,H,30.8 26.9 (57.7) (助手)
H454,18/08/2025,踱步,沙田,飛機場,沙田 飛機場,,,,,,助手,,踱步,H,飛機場 踱步 (助手)
H454,17/08/2025,游水,沙田,,沙田,,,,,,,,游水,,
H454,17/08/2025,踱步,沙田,內圈,沙田 內圈,,,,,,助手,,快踱一圈,H,內圈 快踱一圈 (助手)
H454,16/08/2025,游水,沙田,,沙田,,,,,,,,游水,,
H454,16/08/2025,踱步,沙田,內圈,沙田 內圈,,,,,,助手,,快踱一圈,H,內圈 快踱一圈 (助手)
H454,15/08/2025,游水,沙田,,沙田,,,,,,,,游水,,
H454,15/08/2025,踱步,沙田,內圈,沙田 內圈,,,,,,助手,,快踱一圈,H,內圈 快踱一圈 (助手)
H454,14/08/2025,快操,沙田,全天候,沙田 全天候,,58.9,58.9,31.5 27.4,,助手,,快操,H,31.5 27.4 (58.9) (助手)
H454,14/08/2025,踱步,沙田,飛機場,沙田 飛機場,,,,,,助手,,踱步,H,飛機場 踱步 (助手)
H454,13/08/2025,游水,沙田,,沙田,,,,,,,,游水,,
H454,13/08/2025,踱步,沙田,內圈,沙田 內圈,,,,,,助手,,快踱一圈,H,內圈 快踱一圈 (助手)
H454,12/08/2025,游水,沙田,,沙田,,,,,,,,游水,,
H454,12/08/2025,踱步,沙田,內圈,沙田 內圈,,,,,,助手,,快踱一圈,H,內圈 快踱一圈 (助手)
H454,11/08/2025,游水,沙田,,沙田,,,,,,,,游水,,
H454,11/08/2025,踱步,沙田,內圈,沙田 內圈,,,,,,助手,,倒快一圈,H,內圈 倒快一圈 (助手)
H454,10/08/2025,快操,沙田,全天候,沙田 全天候,,57.9,57.9,30.4 27.5,,助手,,快操,H,30.4 27.5 (57.9) (助手)
H454,10/08/2025,踱步,沙田,飛機場,沙田 飛機場,,,,,,助手,,踱步,H,飛機場 踱步 (助手)
H454,09/08/2025,游水,沙田,,沙田,,,,,,,,游水,,
H454,09/08/2025,踱步,沙田,內圈,沙田 內圈,,,,,,副練馬師,,快踱一圈,H,內圈 快踱一圈 (副練馬師)
H454,08/08/2025,游水,沙田,,沙田,,,,,,,,游水,,
H454,08/08/2025,踱步,沙田,內圈,沙田 內圈,,,,,,助手,,快踱一圈,H,內圈 快踱一圈 (助手)
H454,07/08/2025,快操,沙田,全天候,沙田 全天候,,58.8,58.8,32.6 26.2,,副練馬師,,快操,H,32.6 26.2 (58.8) (副練馬師)
H454,07/08/2025,踱步,沙田,飛機場,沙田 飛機場,,,,,,副練馬師,,踱步,H,飛機場 踱步 (副練馬師)
H454,06/08/2025,游水,沙田,,沙田,,,,,,,,游水,,
H454,06/08/2025,踱步,沙田,內圈,沙田 內圈,,,,,,助手,,快踱一圈,H,內圈 快踱一圈 (助手)
H454,05/08/2025,游水,沙田,,沙田,,,,,,,,游水,,
H454,05/08/2025,踱步,沙田,內圈,沙田 內圈,,,,,,助手,,快踱一圈,H,內圈 快踱一圈 (助手)
H454,04/08/2025,游水,沙田,,沙田,,,,,,,,游水,,
H454,04/08/2025,踱步,沙田,內圈,沙田 內圈,,,,,,助手,,快踱一圈,H,內圈 快踱一圈 (助手)
H454,03/08/2025,游水,沙田,,沙田,,,,,,,,游水,,
H454,03/08/2025,踱步,沙田,內圈,沙田 內圈,,,,,,助手,,快踱一圈,H,內圈 快踱一圈 (助手)
H454,02/08/2025,游水,沙田,,沙田,,,,,,,,游水,,
H454,02/08/2025,踱步,沙田,飛機場,沙田 飛機場,,,,,,助手,,踱步,H,飛機場 踱步 (助手)
H454,01/08/2025,游水,沙田,,沙田,,,,,,,,游水,,
H454,01/08/2025,踱步,沙田,飛機場,沙田 飛機場,,,,,,助手,,踱步,H,飛機場 踱步 (助手)
H454,31/07/2025,踱步,沙田,飛機場,沙田 飛機場,,,,,,助手,,踱步,H,飛機場 踱步 (助手)
H454,16/07/2025,出賽,跑馬地,草地,跑馬地 草地,1200M,,,,,霍宏聲,4/11,出賽,CP/TT,1200M (霍宏聲) (4/11)
H454,16/07/2025,踱步,沙田,飛機場,沙田 飛機場,,,,,,助手,,踱步,H,飛機場 踱步 (助手)
H454,15/07/2025,踱步,沙田,內圈,沙田 內圈,,,,,,助手,,快踱一圈,H,內圈 快踱一圈 (助手)
H454,14/07/2025,踱步,沙田,內圈,沙田 內圈,,,,,,助手,,倒快一圈,H,內圈 倒快一圈 (助手)
H454,13/07/2025,踱步,沙田,內圈,沙田 內圈,,,,,,助手,,快踱一圈,H,內圈 快踱一圈 (助手)
H454,12/07/2025,游水,沙田,,沙田,,,,,,,,游水,,
H454,12/07/2025,踱步,沙田,內圈,沙田 內圈,,,,,,助手,,快踱一圈,H,內圈 快踱一圈 (助手)
H454,11/07/2025,快操,沙田,全天候,沙田 全天候,,53.6,53.6,29.3 24.3,,助手,,快操,H,29.3 24.3 (53.6) (助手)
H454,11/07/2025,踱步,沙田,飛機場,沙田 飛機場,,,,,,助手,,踱步,H,飛機場 踱步 (助手)
H454,10/07/2025,游水,沙田,,沙田,,,,,,,,游水,,
H454,10/07/2025,踱步,沙田,內圈,沙田 內圈,,,,,,助手,,倒快一圈,H,內圈 倒快一圈 (助手)
H454,09/07/2025,游水,沙田,,沙田,,,,,,,,游水,,
H454,09/07/2025,踱步,沙田,內圈,沙田 內圈,,,,,,助手,,快踱一圈,H,內圈 快踱一圈 (助手)
H454,08/07/2025,游水,沙田,,沙田,,,,,,,,游水,,
H454,08/07/2025,踱步,沙田,內圈,沙田 內圈,,,,,,助手,,快踱一圈,H,內圈 快踱一圈 (助手)
H454,07/07/2025,游水,沙田,,沙田,,,,,,,,游水,,
H454,07/07/2025,踱步,沙田,內圈,沙田 內圈,,,,,,助手,,倒快一圈,H,內圈 倒快一圈 (助手)
H454,06/07/2025,快操,沙田,全天候,沙田 全天候,,54.0,54.0,29.9 24.1,,助手,,快操,H,29.9 24.1 (54.0) (助手)
H454,06/07/2025,踱步,沙田,飛機場,沙田 飛機場,,,,,,助手,,踱步,H,飛機場 踱步 (助手)
H454,05/07/2025,游水,沙田,,沙田,,,,,,,,游水,,
H454,05/07/2025,踱步,沙田,內圈,沙田 內圈,,,,,,助手,,快踱一圈,H,內圈 快踱一圈 (助手)
H454,04/07/2025,游水,沙田,,沙田,,,,,,,,游水,,
H454,04/07/2025,踱步,沙田,內圈,沙田 內圈,,,,,,助手,,快踱一圈,H,內圈 快踱一圈 (助手)
H454,03/07/2025,游水,沙田,,沙田,,,,,,,,游水,,
H454,03/07/2025,踱步,沙田,內圈,沙田 內圈,,,,,,助手,,倒快一圈,H,內圈 倒快一圈 (助手)
H454,02/07/2025,游水,沙田,,沙田,,,,,,,,游水,,
H454,02/07/2025,踱步,沙田,內圈,沙田 內圈,,,,,,助手,,快踱一圈,H,內圈 快踱一圈 (助手)
H454,01/07/2025,快操,沙田,全天候,沙田 全天候,,57.6,57.6,30.7 26.9,,助手,,快操,H,30.7 26.9 (57.6) (助手)
H454,01/07/2025,踱步,沙田,飛機場,沙田 飛機場,,,,,,助手,,踱步,H,飛機場 踱步 (助手)
H454,30/06/2025,游水,沙田,,沙田,,,,,,,,游水,,
H454,30/06/2025,踱步,沙田,內圈,沙田 內圈,,,,,,助手,,倒快一圈,H,內圈 倒快一圈 (助手)
H454,29/06/2025,游水,沙田,,沙田,,,,,,,,游水,,
H454,28/06/2025,游水,沙田,,沙田,,,,,,,,游水,,
H454,28/06/2025,踱步,沙田,內圈,沙田 內圈,,,,,,助手,,快踱一圈,H,內圈 快踱一圈 (助手)
H454,27/06/2025,游水,沙田,,沙田,,,,,,,,游水,,
H454,27/06/2025,踱步,沙田,飛機場,沙田 飛機場,,,,,,助手,,踱步,H,飛機場 踱步 (助手)
H454,26/06/2025,試閘,沙田,全天候,沙田 全天候,1200M,1.10.21,70.21,24.4 22.6 23.2,良駒好友,黃寶妮,,第3組,CP,第3組 (黃寶妮) 1200M 良駒好友 24.4 22.6 23.2 (1.10.21)
H454,25/06/2025,游水,沙田,,沙田,,,,,,,,游水,,
H454,25/06/2025,踱步,沙田,內圈,沙田 內圈,,,,,,助手,,快踱一圈,H,內圈 快踱一圈 (助手)
H454,24/06/2025,游水,沙田,,沙田,,,,,,,,游水,,
H454,24/06/2025,踱步,沙田,內圈,沙田 內圈,,,,,,助手,,快踱一圈,H,內圈 快踱一圈 (助手)
H454,23/06/2025,游水,沙田,,沙田,,,,,,,,游水,,
H454,23/06/2025,踱步,沙田,內圈,沙田 內圈,,,,,,助手,,倒快一圈,H,內圈 倒快一圈 (助手)
H454,22/06/2025,踱步,沙田,內圈,沙田 內圈,,,,,,助手,,快踱一圈,H,內圈 快踱一圈 (助手)
H454,21/06/2025,快操,沙田,全天候,沙田 全天候,,53.9,53.9,28.9 25.0,,助手,,快操,H,28.9 25.0 (53.9) (助手)
H454,21/06/2025,踱步,沙田,飛機場,沙田 飛機場,,,,,,助手,,踱步,H,飛機場 踱步 (助手)
H454,20/06/2025,游水,沙田,,沙田,,,,,,,,游水,,
H454,20/06/2025,踱步,沙田,內圈,沙田 內圈,,,,,,助手,,快踱一圈,H,內圈 快踱一圈 (助手)
H454,19/06/2025,游水,從化,,從化,,,,,,,,游水,,
H454,19/06/2025,踱步,從化,內圈,從化 內圈,,,,,,助手,,倒快一圈,H,內圈 倒快一圈 (助手)
H454,18/06/2025,游水,從化,,從化,,,,,,,,游水,,
H454,18/06/2025,踱步,從化,內圈,從化 內圈,,,,,,助手,,快踱一圈,H,內圈 快踱一圈 (助手)
H454,17/06/2025,游水,從化,,從化,,,,,,,,游水,,
H454,17/06/2025,快操,從化,草地,從化 草地,,54.8,54.8,28.4 26.4,,助手,,快操,H,28.4 26.4 (54.8) (助手)
H454,17/06/2025,踱步,從化,飛機場,從化 飛機場,,,,,,助手,,踱步,H,飛機場 踱步 (助手)
H454,16/06/2025,踱步,從化,內圈,從化 內圈,,,,,,助手,,倒快一圈,H,內圈 倒快一圈 (助手)
H454,15/06/2025,游水,從化,,從化,,,,,,,,游水,,
H454,15/06/2025,踱步,從化,內圈,從化 內圈,,,,,,助手,,快踱一圈,H,內圈 快踱一圈 (助手)
H454,14/06/2025,游水,從化,,從化,,,,,,,,游水,,
H454,14/06/2025,踱步,從化,內圈,從化 內圈,,,,,,助手,,快踱一圈,H,內圈 快踱一圈 (助手)
H454,13/06/2025,游水,從化,,從化,,,,,,,,游水,,
H454,13/06/2025,快操,從化,全天候,從化 全天候,,56.0,56.0,29.4 26.6,,助手,,快操,H,29.4 26.6 (56.0) (助手)
H454,13/06/2025,踱步,從化,飛機場,從化 飛機場,,,,,,助手,,踱步,H,飛機場 踱步 (助手)
H454,12/06/2025,游水,從化,,從化,,,,,,,,游水,,
H454,12/06/2025,踱步,從化,內圈,從化 內圈,,,,,,助手,,倒快一圈,H,內圈 倒快一圈 (助手)
H454,11/06/2025,游水,從化,,從化,,,,,,,,游水,,
H454,11/06/2025,踱步,從化,內圈,從化 內圈,,,,,,助手,,快踱一圈,H,內圈 快踱一圈 (助手)
H454,10/06/2025,游水,從化,,從化,,,,,,,,游水,,
H454,10/06/2025,踱步,從化,內圈,從化 內圈,,,,,,助手,,快踱一圈,H,內圈 快踱一圈 (助手)
H454,09/06/2025,游水,從化,,從化,,,,,,,,游水,,
H454,09/06/2025,踱步,從化,內圈,從化 內圈,,,,,,助手,,倒快一圈,H,內圈 倒快一圈 (助手)
H454,08/06/2025,游水,從化,,從化,,,,,,,,游水,,
H454,08/06/2025,踱步,從化,內圈,從化 內圈,,,,,,助手,,快踱一圈,H,內圈 快踱一圈 (助手)
H454,07/06/2025,游水,從化,,從化,,,,,,,,游水,,
H454,07/06/2025,踱步,從化,內圈,從化 內圈,,,,,,助手,,快踱一圈,H,內圈 快踱一圈 (助手)
H454,06/06/2025,游水,沙田,,沙田,,,,,,,,游水,,
H454,06/06/2025,踱步,沙田,飛機場,沙田 飛機場,,,,,,助手,,踱步,H,飛機場 踱步 (助手)
H454,05/06/2025,游水,沙田,,沙田,,,,,,,,游水,,
H454,04/06/2025,出賽,跑馬地,草地,跑馬地 草地,1200M,,,,,周俊樂,9/12,出賽,CP/TT,1200M (周俊樂) (9/12)
H454,04/06/2025,踱步,沙田,飛機場,沙田 飛機場,,,,,,助手,,踱步,H,飛機場 踱步 (助手)
H454,03/06/2025,踱步,沙田,內圈,沙田 內圈,,,,,,助手,,快踱一圈,H,內圈 快踱一圈 (助手)
H454,02/06/2025,踱步,沙田,內圈,沙田 內圈,,,,,,助手,,倒快一圈,H,內圈 倒快一圈 (助手)
H454,01/06/2025,游水,沙田,,沙田,,,,,,,,游水,,
H454,01/06/2025,踱步,沙田,內圈,沙田 內圈,,,,,,助手,,快踱一圈,H,內圈 快踱一圈 (助手)
H454,31/05/2025,快操,沙田,全天候,沙田 全天候,,51.9,51.9,27.3 24.6,,副練馬師,,快操,H,27.3 24.6 (51.9) (副練馬師)
H454,31/05/2025,踱步,沙田,飛機場,沙田 飛機場,,,,,,副練馬師,,踱步,H,飛機場 踱步 (副練馬師)
H454,30/05/2025,游水,沙田,,沙田,,,,,,,,游水,,
H454,30/05/2025,踱步,沙田,內圈,沙田 內圈,,,,,,助手,,快踱一圈,H,內圈 快踱一圈 (助手)
H454,29/05/2025,游水,沙田,,沙田,,,,,,,,游水,,
H454,28/05/2025,游水,沙田,,沙田,,,,,,,,游水,,
H454,28/05/2025,踱步,沙田,內圈,沙田 內圈,,,,,,助手,,快踱一圈,H,內圈 快踱一圈 (助手)
H454,27/05/2025,快操,沙田,全天候,沙田 全天候,,56.5,56.5,30.3 26.2,,助手,,快操,H,30.3 26.2 (56.5) (助手)
H454,27/05/2025,踱步,沙田,飛機場,沙田 飛機場,,,,,,助手,,踱步,H,飛機場 踱步 (助手)
H454,26/05/2025,游水,沙田,,沙田,,,,,,,,游水,,
H454,26/05/2025,踱步,沙田,內圈,沙田 內圈,,,,,,助手,,倒快一圈,H,內圈 倒快一圈 (助手)
H454,25/05/2025,踱步,沙田,內圈,沙田 內圈,,,,,,助手,,快踱一圈,H,內圈 快踱一圈 (助手)
H454,24/05/2025,游水,沙田,,沙田,,,,,,,,游水,,
H454,24/05/2025,踱步,沙田,內圈,沙田 內圈,,,,,,助手,,快踱一圈,H,內圈 快踱一圈 (助手)
H454,23/05/2025,游水,沙田,,沙田,,,,,,,,游水,,
H454,23/05/2025,踱步,沙田,內圈,沙田 內圈,,,,,,助手,,快踱一圈,H,內圈 快踱一圈 (助手)
H454,22/05/2025,游水,沙田,,沙田,,,,,,,,游水,,
H454,21/05/2025,游水,沙田,,沙田,,,,,,,,游水,,
H454,21/05/2025,踱步,沙田,飛機場,沙田 飛機場,,,,,,助手,,踱步,H,飛機場 踱步 (助手)
H454,18/05/2025,出賽,沙田,草地,沙田 草地,1200M,,,,,黃寶妮,10/12,出賽,CP/TT,1200M (黃寶妮) (10/12)
H454,18/05/2025,踱步,沙田,飛機場,沙田 飛機場,,,,,,助手,,踱步,H,飛機場 踱步 (助手)
H454,17/05/2025,踱步,沙田,內圈,沙田 內圈,,,,,,助手,,快踱一圈,H,內圈 快踱一圈 (助手)
H454,16/05/2025,游水,沙田,,沙田,,,,,,,,游水,,
H454,16/05/2025,踱步,沙田,內圈,沙田 內圈,,,,,,助手,,快踱一圈,H,內圈 快踱一圈 (助手)
H454,15/05/2025,快操,沙田,全天候,沙田 全天候,,56.4,56.4,30.4 26.0,,黃寶妮,,快操,H,30.4 26.0 (56.4) (黃寶妮)
H454,14/05/2025,游水,沙田,,沙田,,,,,,,,游水,,
H454,14/05/2025,踱步,沙田,內圈,沙田 內圈,,,,,,助手,,快踱一圈,H,內圈 快踱一圈 (助手)
H454,13/05/2025,游水,沙田,,沙田,,,,,,,,游水,,
H454,13/05/2025,踱步,沙田,內圈,沙田 內圈,,,,,,助手,,快踱一圈,H,內圈 快踱一圈 (助手)
H454,12/05/2025,游水,沙田,,沙田,,,,,,,,游水,,
H454,12/05/2025,踱步,沙田,內圈,沙田 內圈,,,,,,助手,,倒快一圈,H,內圈 倒快一圈 (助手)
H454,11/05/2025,快操,沙田,全天候,沙田 全天候,,59.2,59.2,32.2 27.0,,助手,,快操,H,32.2 27.0 (59.2) (助手)
H454,11/05/2025,踱步,沙田,飛機場,沙田 飛機場,,,,,,助手,,踱步,H,飛機場 踱步 (助手)
H454,10/05/2025,游水,沙田,,沙田,,,,,,,,游水,,
H454,10/05/2025,踱步,沙田,內圈,沙田 內圈,,,,,,助手,,快踱一圈,H,內圈 快踱一圈 (助手)
H454,09/05/2025,游水,沙田,,沙田,,,,,,,,游水,,
H454,09/05/2025,踱步,沙田,內圈,沙田 內圈,,,,,,助手,,快踱一圈,H,內圈 快踱一圈 (助手)
H454,08/05/2025,游水,沙田,,沙田,,,,,,,,游水,,
H454,08/05/2025,踱步,沙田,內圈,沙田 內圈,,,,,,助手,,倒快一圈,H,內圈 倒快一圈 (助手)
H454,07/05/2025,游水,沙田,,沙田,,,,,,,,游水,,
H454,07/05/2025,踱步,沙田,內圈,沙田 內圈,,,,,,助手,,快踱一圈,H,內圈 快踱一圈 (助手)
H454,06/05/2025,游水,沙田,,沙田,,,,,,,,游水,,
H454,06/05/2025,踱步,沙田,內圈,沙田 內圈,,,,,,助手,,快踱一圈,H,內圈 快踱一圈 (助手)
H454,05/05/2025,快操,沙田,草地,沙田 草地,,52.5,52.5,29.7 22.8,,助手,,"品德寶寶, 錶之星河",H,"29.7 22.8 (52.5) (助手) 品德寶寶, 錶之星河"
H454,05/05/2025,踱步,沙田,飛機場,沙田 飛機場,,,,,,助手,,踱步,H,飛機場 踱步 (助手)
H454,04/05/2025,踱步,沙田,內圈,沙田 內圈,,,,,,助手,,快踱一圈,H,內圈 快踱一圈 (助手)
H454,03/05/2025,游水,沙田,,沙田,,,,,,,,游水,,
H454,03/05/2025,踱步,沙田,內圈,沙田 內圈,,,,,,助手,,快踱一圈,H,內圈 快踱一圈 (助手)
H454,02/05/2025,游水,沙田,,沙田,,,,,,,,游水,,
H454,02/05/2025,踱步,沙田,內圈,沙田 內圈,,,,,,助手,,快踱一圈,,內圈 快踱一圈 (助手)
H454,01/05/2025,快操,沙田,全天候,沙田 全天候,,55.8,55.8,30.6 25.2,,助手,,喜駿銀星,H,30.6 25.2 (55.8) (助手) 喜駿銀星
H454,01/05/2025,踱步,沙田,飛機場,沙田 飛機場,,,,,,助手,,踱步,H,飛機場 踱步 (助手)
H454,30/04/2025,游水,沙田,,沙田,,,,,,,,游水,,
H454,30/04/2025,踱步,沙田,內圈,沙田 內圈,,,,,,助手,,快踱一圈,H,內圈 快踱一圈 (助手)
H454,29/04/2025,游水,沙田,,沙田,,,,,,,,游水,,
H454,29/04/2025,踱步,沙田,內圈,沙田 內圈,,,,,,助手,,快踱一圈,H,內圈 快踱一圈 (助手)
H454,28/04/2025,游水,沙田,,沙田,,,,,,,,游水,,
H454,28/04/2025,踱步,沙田,內圈,沙田 內圈,,,,,,助手,,倒快一圈,H,內圈 倒快一圈 (助手)
H454,27/04/2025,快操,沙田,全天候,沙田 全天候,,28.0,28.0,28.0,,助手,,快操,H,28.0 (28.0) (助手)
H454,27/04/2025,踱步,沙田,飛機場,沙田 飛機場,,,,,,助手,,踱步,H,飛機場 踱步 (助手)
H454,26/04/2025,游水,沙田,,沙田,,,,,,,,游水,,
H454,26/04/2025,踱步,沙田,內圈,沙田 內圈,,,,,,助手,,快踱一圈,H,內圈 快踱一圈 (助手)
H454,25/04/2025,游水,沙田,,沙田,,,,,,,,游水,,
H454,25/04/2025,踱步,沙田,內圈,沙田 內圈,,,,,,助手,,快踱一圈,H,內圈 快踱一圈 (助手)
H454,24/04/2025,游水,沙田,,沙田,,,,,,,,游水,,
H454,24/04/2025,踱步,沙田,內圈,沙田 內圈,,,,,,助手,,倒快一圈,H,內圈 倒快一圈 (助手)
H454,23/04/2025,游水,沙田,,沙田,,,,,,,,游水,,
H454,23/04/2025,踱步,沙田,內圈,沙田 內圈,,,,,,助手,,快踱一圈,H,內圈 快踱一圈 (助手)
H454,22/04/2025,游水,沙田,,沙田,,,,,,,,游水,,
H454,22/04/2025,踱步,沙田,飛機場,沙田 飛機場,,,,,,助手,,踱步,H,飛機場 踱步 (助手)
H454,21/04/2025,游水,沙田,,沙田,,,,,,,,游水,,
H454,20/04/2025,出賽,沙田,全天候,沙田 全天候,1200M,,,,,潘明輝,6/12,出賽,CP/TT,1200M (潘明輝) (6/12)
H454,20/04/2025,踱步,沙田,飛機場,沙田 飛機場,,,,,,助手,,踱步,H,飛機場 踱步 (助手)
H454,19/04/2025,踱步,沙田,內圈,沙田 內圈,,,,,,助手,,快踱一圈,H,內圈 快踱一圈 (助手)
H454,18/04/2025,踱步,沙田,內圈,沙田 內圈,,,,,,助手,,快踱一圈,H,內圈 快踱一圈 (助手)
H454,17/04/2025,快操,沙田,全天候,沙田 全天候,,55.8,55.8,29.3 26.5,,潘明輝,,快操,H,29.3 26.5 (55.8) (潘明輝)
H454,17/04/2025,踱步,沙田,飛機場,沙田 飛機場,,,,,,助手,,踱步,H,飛機場 踱步 (助手)
H454,16/04/2025,游水,沙田,,沙田,,,,,,,,游水,,
H454,16/04/2025,踱步,沙田,內圈,沙田 內圈,,,,,,助手,,快踱一圈,H,內圈 快踱一圈 (助手)
H454,15/04/2025,游水,沙田,,沙田,,,,,,,,游水,,
H454,15/04/2025,踱步,沙田,內圈,沙田 內圈,,,,,,助手,,快踱一圈,H,內圈 快踱一圈 (助手)
H454,14/04/2025,游水,沙田,,沙田,,,,,,,,游水,,
H454,14/04/2025,踱步,沙田,內圈,沙田 內圈,,,,,,助手,,倒快一圈,H,內圈 倒快一圈 (助手)
H454,13/04/2025,快操,沙田,全天候,沙田 全天候,,56.9,56.9,30.7 26.2,,助手,,快操,H,30.7 26.2 (56.9) (助手)
H454,13/04/2025,踱步,沙田,飛機場,沙田 飛機場,,,,,,助手,,踱步,H,飛機場 踱步 (助手)
H454,12/04/2025,游水,沙田,,沙田,,,,,,,,游水,,
H454,12/04/2025,踱步,沙田,內圈,沙田 內圈,,,,,,助手,,快踱一圈,H,內圈 快踱一圈 (助手)
H454,11/04/2025,游水,沙田,,沙田,,,,,,,,游水,,
H454,11/04/2025,踱步,沙田,內圈,沙田 內圈,,,,,,助手,,快踱一圈,H,內圈 快踱一圈 (助手)
H454,10/04/2025,游水,沙田,,沙田,,,,,,,,游水,,
H454,10/04/2025,踱步,沙田,內圈,沙田 內圈,,,,,,助手,,倒快一圈,H,內圈 倒快一圈 (助手)
H454,09/04/2025,游水,沙田,,沙田,,,,,,,,游水,,
H454,08/04/2025,試閘,沙田,全天候,沙田 全天候,1200M,1.09.77,69.77,24.1 22.6 23.0,良駒好友,潘明輝,,第9組,CP,第9組 (潘明輝) 1200M 良駒好友 24.1 22.6 23.0 (1.09.77)
H454,07/04/2025,游水,沙田,,沙田,,,,,,,,游水,,
H454,07/04/2025,踱步,沙田,內圈,沙田 內圈,,,,,,助手,,倒快一圈,H,內圈 倒快一圈 (助手)
H454,06/04/2025,踱步,沙田,內圈,沙田 內圈,,,,,,助手,,快踱一圈,H,內圈 快踱一圈 (助手)
H454,05/04/2025,游水,沙田,,沙田,,,,,,,,游水,,
H454,05/04/2025,踱步,沙田,內圈,沙田 內圈,,,,,,助手,,快踱一圈,H,內圈 快踱一圈 (助手)
H454,04/04/2025,快操,沙田,全天候,沙田 全天候,,56.0,56.0,29.5 26.5,,助手,,快操,H,29.5 26.5 (56.0) (助手)
H454,04/04/2025,踱步,沙田,飛機場,沙田 飛機場,,,,,,助手,,踱步,H,飛機場 踱步 (助手)
H454,03/04/2025,游水,沙田,,沙田,,,,,,,,游水,,
H454,03/04/2025,踱步,沙田,內圈,沙田 內圈,,,,,,助手,,倒快一圈,H,內圈 倒快一圈 (助手)
H454,02/04/2025,游水,沙田,,沙田,,,,,,,,游水,,
H454,02/04/2025,踱步,沙田,內圈,沙田 內圈,,,,,,助手,,快踱一圈,H,內圈 快踱一圈 (助手)
H454,01/04/2025,游水,沙田,,沙田,,,,,,,,游水,,
H454,01/04/2025,踱步,沙田,內圈,沙田 內圈,,,,,,助手,,快踱一圈,H,內圈 快踱一圈 (助手)
H454,31/03/2025,快操,沙田,全天候,沙田 全天候,,56.7,56.7,30.1 26.6,,助手,,快操,H,30.1 26.6 (56.7) (助手)
H454,30/03/2025,踱步,沙田,內圈,沙田 內圈,,,,,,助手,,快踱一圈,H,內圈 快踱一圈 (助手)
H454,29/03/2025,游水,沙田,,沙田,,,,,,,,游水,,
H454,29/03/2025,踱步,沙田,內圈,沙田 內圈,,,,,,助手,,快踱一圈,H,內圈 快踱一圈 (助手)
H454,28/03/2025,游水,沙田,,沙田,,,,,,,,游水,,
H454,28/03/2025,踱步,沙田,內圈,沙田 內圈,,,,,,助手,,快踱一圈,H,內圈 快踱一圈 (助手)
H454,27/03/2025,快操,沙田,草地,沙田 草地,,52.2,52.2,28.8 23.4,,助手,,"籐王駒, 金運來",H,"28.8 23.4 (52.2) (助手) 籐王駒, 金運來"
H454,27/03/2025,踱步,沙田,飛機場,沙田 飛機場,,,,,,助手,,踱步,H,飛機場 踱步 (助手)
H454,26/03/2025,游水,沙田,,沙田,,,,,,,,游水,,
H454,26/03/2025,踱步,沙田,內圈,沙田 內圈,,,,,,助手,,快踱一圈,H,內圈 快踱一圈 (助手)
H454,25/03/2025,踱步,沙田,內圈,沙田 內圈,,,,,,助手,,快踱一圈,H,內圈 快踱一圈 (助手)
H454,24/03/2025,踱步,沙田,內圈,沙田 內圈,,,,,,助手,,倒快一圈,H,內圈 倒快一圈 (助手)
H454,23/03/2025,踱步,沙田,內圈,沙田 內圈,,,,,,助手,,快踱一圈,H,內圈 快踱一圈 (助手)
H454,22/03/2025,快操,沙田,全天候,沙田 全天候,,56.2,56.2,30.6 25.6,,助手,,快操,H,30.6 25.6 (56.2) (助手)
H454,22/03/2025,踱步,沙田,飛機場,沙田 飛機場,,,,,,助手,,踱步,H,飛機場 踱步 (助手)
H454,21/03/2025,游水,沙田,,沙田,,,,,,,,游水,,
H454,21/03/2025,踱步,沙田,內圈,沙田 內圈,,,,,,助手,,快踱一圈,H,內圈 快踱一圈 (助手)
H454,20/03/2025,游水,沙田,,沙田,,,,,,,,游水,,
H454,20/03/2025,踱步,沙田,內圈,沙田 內圈,,,,,,助手,,倒快一圈,H,內圈 倒快一圈 (助手)
H454,19/03/2025,游水,沙田,,沙田,,,,,,,,游水,,
H454,19/03/2025,踱步,沙田,內圈,沙田 內圈,,,,,,助手,,快踱一圈,H,內圈 快踱一圈 (助手)
H454,18/03/2025,快操,沙田,全天候,沙田 全天候,,53.6,53.6,28.6 25.0,,助手,,自強不息,H,28.6 25.0 (53.6) (助手) 自強不息
H454,17/03/2025,游水,沙田,,沙田,,,,,,,,游水,,
H454,17/03/2025,踱步,沙田,內圈,沙田 內圈,,,,,,助手,,倒快一圈,H,內圈 倒快一圈 (助手)
H454,16/03/2025,游水,沙田,,沙田,,,,,,,,游水,,
H454,16/03/2025,踱步,沙田,內圈,沙田 內圈,,,,,,助手,,快踱一圈,H,內圈 快踱一圈 (助手)
H454,15/03/2025,游水,沙田,,沙田,,,,,,,,游水,,
H454,15/03/2025,踱步,沙田,內圈,沙田 內圈,,,,,,助手,,快踱一圈,H,內圈 快踱一圈 (助手)
H454,14/03/2025,游水,沙田,,沙田,,,,,,,,游水,,
H454,14/03/2025,踱步,沙田,內圈,沙田 內圈,,,,,,助手,,快踱一圈,H,內圈 快踱一圈 (助手)
H454,13/03/2025,游水,沙田,,沙田,,,,,,,,游水,,
H454,13/03/2025,踱步,沙田,內圈,沙田 內圈,,,,,,助手,,倒快一圈,H,內圈 倒快一圈 (助手)
H454,12/03/2025,游水,沙田,,沙田,,,,,,,,游水,,
H454,12/03/2025,踱步,沙田,內圈,沙田 內圈,,,,,,助手,,快踱一圈,H,內圈 快踱一圈 (助手)
H454,11/03/2025,游水,沙田,,沙田,,,,,,,,游水,,
H454,11/03/2025,踱步,沙田,飛機場,沙田 飛機場,,,,,,助手,,踱步,H,飛機場 踱步 (助手)
H454,10/03/2025,游水,沙田,,沙田,,,,,,,,游水,,
H454,09/03/2025,出賽,沙田,全天候,沙田 全天候,1200M,,,,,奧爾民,9/12,出賽,CP/TT,1200M (奧爾民) (9/12)
H454,09/03/2025,踱步,沙田,飛機場,沙田 飛機場,,,,,,助手,,踱步,H,飛機場 踱步 (助手)
H454,08/03/2025,踱步,沙田,內圈,沙田 內圈,,,,,,助手,,快踱一圈,H,內圈 快踱一圈 (助手)
H454,07/03/2025,踱步,沙田,內圈,沙田 內圈,,,,,,助手,,快踱一圈,H,內圈 快踱一圈 (助手)
H454,06/03/2025,游水,沙田,,沙田,,,,,,,,游水,,
H454,06/03/2025,踱步,沙田,內圈,沙田 內圈,,,,,,助手,,倒快一圈,H,內圈 倒快一圈 (助手)
H454,05/03/2025,快操,沙田,全天候,沙田 全天候,,56.4,56.4,30.9 25.5,,奧爾民,,快操,H,30.9 25.5 (56.4) (奧爾民)
H454,05/03/2025,踱步,沙田,飛機場,沙田 飛機場,,,,,,助手,,踱步,H,飛機場 踱步 (助手)
H454,04/03/2025,游水,沙田,,沙田,,,,,,,,游水,,
H454,04/03/2025,踱步,沙田,內圈,沙田 內圈,,,,,,助手,,快踱一圈,H,內圈 快踱一圈 (助手)
H454,03/03/2025,游水,沙田,,沙田,,,,,,,,游水,,
H454,03/03/2025,踱步,沙田,內圈,沙田 內圈,,,,,,助手,,倒快一圈,H,內圈 倒快一圈 (助手)
H454,02/03/2025,踱步,沙田,內圈,沙田 內圈,,,,,,助手,,快踱一圈,H,內圈 快踱一圈 (助手)
H454,01/03/2025,游水,沙田,,沙田,,,,,,,,游水,,
H454,01/03/2025,踱步,沙田,內圈,沙田 內圈,,,,,,助手,,快踱一圈,H,內圈 快踱一圈 (助手)
H454,28/02/2025,游水,沙田,,沙田,,,,,,,,游水,,
H454,28/02/2025,踱步,沙田,內圈,沙田 內圈,,,,,,助手,,快踱一圈,H,內圈 快踱一圈 (助手)
H454,27/02/2025,快操,沙田,草地,沙田 草地,,49.7,49.7,25.7 24.0,,助手,,快操,H,25.7 24.0 (49.7) (助手)
H454,27/02/2025,踱步,沙田,飛機場,沙田 飛機場,,,,,,助手,,踱步,H,飛機場 踱步 (助手)
H454,26/02/2025,游水,沙田,,沙田,,,,,,,,游水,,
H454,26/02/2025,踱步,沙田,內圈,沙田 內圈,,,,,,助手,,快踱兩圈,H,內圈 快踱兩圈 (助手)
H454,25/02/2025,游水,沙田,,沙田,,,,,,,,游水,,
H454,25/02/2025,踱步,沙田,內圈,沙田 內圈,,,,,,助手,,快踱一圈,H,內圈 快踱一圈 (助手)
H454,24/02/2025,游水,沙田,,沙田,,,,,,,,游水,,
H454,24/02/2025,踱步,沙田,內圈,沙田 內圈,,,,,,助手,,倒快一圈,H,內圈 倒快一圈 (助手)
H454,23/02/2025,快操,沙田,全天候,沙田 全天候,,56.2,56.2,29.6 26.6,,助手,,綫路神驊,H,29.6 26.6 (56.2) (助手) 綫路神驊
H454,23/02/2025,踱步,沙田,飛機場,沙田 飛機場,,,,,,助手,,踱步,H,飛機場 踱步 (助手)
H454,22/02/2025,游水,沙田,,沙田,,,,,,,,游水,,
H454,22/02/2025,踱步,沙田,內圈,沙田 內圈,,,,,,助手,,快踱一圈,H,內圈 快踱一圈 (助手)
H454,21/02/2025,游水,沙田,,沙田,,,,,,,,游水,,
H454,20/02/2025,游水,沙田,,沙田,,,,,,,,游水,,
H454,20/02/2025,踱步,沙田,內圈,沙田 內圈,,,,,,助手,,倒快一圈,H,內圈 倒快一圈 (助手)
H454,19/02/2025,快操,沙田,全天候,沙田 全天候,,54.1,54.1,28.4 25.7,,助手,,快操,H,28.4 25.7 (54.1) (助手)
H454,19/02/2025,踱步,沙田,飛機場,沙田 飛機場,,,,,,助手,,踱步,H,飛機場 踱步 (助手)
H454,18/02/2025,游水,沙田,,沙田,,,,,,,,游水,,
H454,18/02/2025,踱步,沙田,內圈,沙田 內圈,,,,,,助手,,快踱一圈,H,內圈 快踱一圈 (助手)
H454,17/02/2025,游水,沙田,,沙田,,,,,,,,游水,,
H454,17/02/2025,踱步,沙田,內圈,沙田 內圈,,,,,,助手,,倒快一圈,H,內圈 倒快一圈 (助手)
H454,15/02/2025,游水,沙田,,沙田,,,,,,,,游水,,
H454,15/02/2025,踱步,沙田,內圈,沙田 內圈,,,,,,助手,,快踱一圈,H,內圈 快踱一圈 (助手)
H454,14/02/2025,游水,沙田,,沙田,,,,,,,,游水,,
H454,14/02/2025,踱步,沙田,飛機場,沙田 飛機場,,,,,,助手,,踱步,H,飛機場 踱步 (助手)
H454,13/02/2025,游水,沙田,,沙田,,,,,,,,游水,,
H454,12/02/2025,出賽,沙田,全天候,沙田 全天候,1200M,,,,,艾兆禮,5/12,出賽,CP/TT,1200M (艾兆禮) (5/12)
H454,12/02/2025,踱步,沙田,飛機場,沙田 飛機場,,,,,,助手,,踱步,H,飛機場 踱步 (助手)
H454,11/02/2025,踱步,沙田,內圈,沙田 內圈,,,,,,助手,,快踱一圈,H,內圈 快踱一圈 (助手)
H454,10/02/2025,踱步,沙田,內圈,沙田 內圈,,,,,,助手,,倒快一圈,H,內圈 倒快一圈 (助手)
H454,09/02/2025,踱步,沙田,內圈,沙田 內圈,,,,,,助手,,快踱一圈,H,內圈 快踱一圈 (助手)
H454,08/02/2025,快操,沙田,全天候,沙田 全天候,,56.1,56.1,28.5 27.6,,助手,,快操,H,28.5 27.6 (56.1) (助手)
H454,08/02/2025,踱步,沙田,飛機場,沙田 飛機場,,,,,,助手,,踱步,H,飛機場 踱步 (助手)
H454,07/02/2025,游水,沙田,,沙田,,,,,,,,游水,,
H454,07/02/2025,踱步,沙田,內圈,沙田 內圈,,,,,,助手,,快踱一圈,H,內圈 快踱一圈 (助手)
H454,06/02/2025,游水,沙田,,沙田,,,,,,,,游水,,
H454,06/02/2025,踱步,沙田,內圈,沙田 內圈,,,,,,助手,,倒快一圈,H,內圈 倒快一圈 (助手)
H454,05/02/2025,游水,沙田,,沙田,,,,,,,,游水,,
H454,05/02/2025,踱步,沙田,內圈,沙田 內圈,,,,,,助手,,快踱一圈,H,內圈 快踱一圈 (助手)
H454,04/02/2025,快操,沙田,全天候,沙田 全天候,,55.0,55.0,29.5 25.5,,副練馬師,,快操,H,29.5 25.5 (55.0) (副練馬師)
H454,04/02/2025,踱步,沙田,飛機場,沙田 飛機場,,,,,,副練馬師,,踱步,H,飛機場 踱步 (副練馬師)
H454,03/02/2025,游水,沙田,,沙田,,,,,,,,游水,,
H454,03/02/2025,踱步,沙田,內圈,沙田 內圈,,,,,,助手,,倒快一圈,H,內圈 倒快一圈 (助手)
H454,02/02/2025,游水,沙田,,沙田,,,,,,,,游水,,
H454,02/02/2025,踱步,沙田,內圈,沙田 內圈,,,,,,助手,,快踱一圈,H,內圈 快踱一圈 (助手)
H454,01/02/2025,游水,沙田,,沙田,,,,,,,,游水,,
H454,01/02/2025,踱步,沙田,內圈,沙田 內圈,,,,,,副練馬師,,快踱一圈,H,內圈 快踱一圈 (副練馬師)
H454,31/01/2025,游水,沙田,,沙田,,,,,,,,游水,,
H454,31/01/2025,踱步,沙田,內圈,沙田 內圈,,,,,,副練馬師,,快踱一圈,H,內圈 快踱一圈 (副練馬師)
H454,30/01/2025,游水,沙田,,沙田,,,,,,,,游水,,
H454,30/01/2025,踱步,沙田,飛機場,沙田 飛機場,,,,,,助手,,踱步,H,飛機場 踱步 (助手)
H454,28/01/2025,試閘,沙田,全天候,沙田 全天候,1200M,1.08.92,68.92,23.9 22.5 22.5,良駒好友,黃寶妮,,第3組,CP,第3組 (黃寶妮) 1200M 良駒好友 23.9 22.5 22.5 (1.08.92)
H454,27/01/2025,游水,沙田,,沙田,,,,,,,,游水,,
H454,27/01/2025,踱步,沙田,內圈,沙田 內圈,,,,,,助手,,倒快一圈,H,內圈 倒快一圈 (助手)
H454,26/01/2025,踱步,沙田,內圈,沙田 內圈,,,,,,助手,,快踱一圈,H,內圈 快踱一圈 (助手)
H454,25/01/2025,游水,沙田,,沙田,,,,,,,,游水,,
H454,25/01/2025,踱步,沙田,內圈,沙田 內圈,,,,,,助手,,快踱一圈,H,內圈 快踱一圈 (助手)
H454,24/01/2025,快操,沙田,全天候,沙田 全天候,,52.7,52.7,28.2 24.5,,助手,,騰龍四海,H,28.2 24.5 (52.7) (助手) 騰龍四海
H454,24/01/2025,踱步,沙田,飛機場,沙田 飛機場,,,,,,助手,,踱步,,飛機場 踱步 (助手)
H454,23/01/2025,游水,沙田,,沙田,,,,,,,,游水,,
H454,23/01/2025,踱步,沙田,內圈,沙田 內圈,,,,,,助手,,倒快兩圈,H,內圈 倒快兩圈 (助手)
H454,22/01/2025,游水,沙田,,沙田,,,,,,,,游水,,
H454,22/01/2025,踱步,沙田,內圈,沙田 內圈,,,,,,助手,,快踱一圈,H,內圈 快踱一圈 (助手)
H454,21/01/2025,游水,沙田,,沙田,,,,,,,,游水,,
H454,21/01/2025,踱步,沙田,內圈,沙田 內圈,,,,,,助手,,快踱一圈,H,內圈 快踱一圈 (助手)
H454,20/01/2025,快操,沙田,全天候,沙田 全天候,,56.7,56.7,30.5 26.2,,助手,,快操,H,30.5 26.2 (56.7) (助手)
H454,20/01/2025,踱步,沙田,飛機場,沙田 飛機場,,,,,,助手,,踱步,H,飛機場 踱步 (助手)
H454,19/01/2025,踱步,沙田,內圈,沙田 內圈,,,,,,助手,,快踱一圈,H,內圈 快踱一圈 (助手)
H454,18/01/2025,游水,沙田,,沙田,,,,,,,,游水,,
H454,18/01/2025,踱步,沙田,內圈,沙田 內圈,,,,,,助手,,快踱一圈,H,內圈 快踱一圈 (助手)
H454,17/01/2025,游水,沙田,,沙田,,,,,,,,游水,,
H454,17/01/2025,踱步,沙田,內圈,沙田 內圈,,,,,,助手,,快踱一圈,H,內圈 快踱一圈 (助手)
H454,16/01/2025,游水,沙田,,沙田,,,,,,,,游水,,
H454,16/01/2025,踱步,沙田,內圈,沙田 內圈,,,,,,助手,,倒快一圈,H,內圈 倒快一圈 (助手)
H454,15/01/2025,游水,沙田,,沙田,,,,,,,,游水,,
H454,15/01/2025,踱步,沙田,飛機場,沙田 飛機場,,,,,,助手,,踱步,H,飛機場 踱步 (助手)
H454,14/01/2025,游水,沙田,,沙田,,,,,,,,游水,,
H454,14/01/2025,踱步,沙田,飛機場,沙田 飛機場,,,,,,助手,,踱步,H,飛機場 踱步 (助手)
H454,13/01/2025,游水,沙田,,沙田,,,,,,,,游水,,
H454,12/01/2025,出賽,沙田,全天候,沙田 全天候,1200M,,,,,黃智弘,11/12,出賽,CP/TT,1200M (黃智弘) (11/12)
H454,12/01/2025,踱步,沙田,飛機場,沙田 飛機場,,,,,,助手,,踱步,H,飛機場 踱步 (助手)
H454,11/01/2025,踱步,沙田,內圈,沙田 內圈,,,,,,助手,,快踱一圈,H,內圈 快踱一圈 (助手)
H454,10/01/2025,踱步,沙田,內圈,沙田 內圈,,,,,,助手,,快踱一圈,H,內圈 快踱一圈 (助手)
H454,09/01/2025,游水,沙田,,沙田,,,,,,,,游水,,
H454,09/01/2025,踱步,沙田,內圈,沙田 內圈,,,,,,助手,,倒快一圈,H,內圈 倒快一圈 (助手)
H454,08/01/2025,快操,沙田,全天候,沙田 全天候,,54.8,54.8,29.3 25.5,,黃智弘,,快操,H,29.3 25.5 (54.8) (黃智弘)
H454,08/01/2025,踱步,沙田,飛機場,沙田 飛機場,,,,,,助手,,踱步,H,飛機場 踱步 (助手)
H454,07/01/2025,游水,沙田,,沙田,,,,,,,,游水,,
H454,07/01/2025,踱步,沙田,內圈,沙田 內圈,,,,,,副練馬師,,快踱一圈,H,內圈 快踱一圈 (副練馬師)
H454,06/01/2025,游水,沙田,,沙田,,,,,,,,游水,,
H454,06/01/2025,踱步,沙田,內圈,沙田 內圈,,,,,,副練馬師,,倒快一圈,H,內圈 倒快一圈 (副練馬師)
H454,05/01/2025,踱步,沙田,內圈,沙田 內圈,,,,,,助手,,快踱一圈,H,內圈 快踱一圈 (助手)
H454,04/01/2025,游水,沙田,,沙田,,,,,,,,游水,,
H454,04/01/2025,踱步,沙田,內圈,沙田 內圈,,,,,,助手,,快踱一圈,H,內圈 快踱一圈 (助手)
H454,03/01/2025,游水,沙田,,沙田,,,,,,,,游水,,
H454,03/01/2025,踱步,沙田,內圈,沙田 內圈,,,,,,助手,,快踱一圈,H,內圈 快踱一圈 (助手)
H454,02/01/2025,游水,沙田,,沙田,,,,,,,,游水,,
H454,02/01/2025,踱步,沙田,內圈,沙田 內圈,,,,,,助手,,倒快一圈,H,內圈 倒快一圈 (助手)
H454,01/01/2025,游水,沙田,,沙田,,,,,,,,游水,,
H454,01/01/2025,踱步,沙田,內圈,沙田 內圈,,,,,,助手,,快踱一圈,H,內圈 快踱一圈 (助手)
H454,31/12/2024,游水,沙田,,沙田,,,,,,,,游水,,
H454,31/12/2024,踱步,沙田,飛機場,沙田 飛機場,,,,,,助手,,踱步,H,飛機場 踱步 (助手)
H454,30/12/2024,游水,沙田,,沙田,,,,,,,,游水,,
H454,29/12/2024,出賽,沙田,全天候,沙田 全天候,1200M,,,,,黃寶妮,1/12,出賽,CP/TT,1200M (黃寶妮) (1/12)
H454,29/12/2024,踱步,沙田,飛機場,沙田 飛機場,,,,,,助手,,踱步,H,飛機場 踱步 (助手)
H454,28/12/2024,踱步,沙田,內圈,沙田 內圈,,,,,,助手,,快踱一圈,H,內圈 快踱一圈 (助手)
H454,27/12/2024,游水,沙田,,沙田,,,,,,,,游水,,
H454,27/12/2024,踱步,沙田,內圈,沙田 內圈,,,,,,助手,,快踱一圈,H,內圈 快踱一圈 (助手)
H454,26/12/2024,游水,沙田,,沙田,,,,,,,,游水,,
H454,26/12/2024,踱步,沙田,內圈,沙田 內圈,,,,,,助手,,倒快一圈,H,內圈 倒快一圈 (助手)
H454,25/12/2024,快操,沙田,全天候,沙田 全天候,,53.2,53.2,28.3 24.9,,黃寶妮,,快操,H,28.3 24.9 (53.2) (黃寶妮)
H454,25/12/2024,踱步,沙田,飛機場,沙田 飛機場,,,,,,助手,,踱步,H,飛機場 踱步 (助手)
H454,24/12/2024,游水,沙田,,沙田,,,,,,,,游水,,
H454,24/12/2024,踱步,沙田,內圈,沙田 內圈,,,,,,助手,,快踱一圈,H,內圈 快踱一圈 (助手)
H454,23/12/2024,游水,沙田,,沙田,,,,,,,,游水,,
H454,23/12/2024,踱步,沙田,內圈,沙田 內圈,,,,,,助手,,倒快一圈,H,內圈 倒快一圈 (助手)
H454,22/12/2024,踱步,沙田,內圈,沙田 內圈,,,,,,助手,,快踱一圈,H,內圈 快踱一圈 (助手)
H454,21/12/2024,游水,沙田,,沙田,,,,,,,,游水,,
H454,21/12/2024,踱步,沙田,內圈,沙田 內圈,,,,,,助手,,快踱一圈,H,內圈 快踱一圈 (助手)
H454,20/12/2024,游水,沙田,,沙田,,,,,,,,游水,,
H454,20/12/2024,踱步,沙田,內圈,沙田 內圈,,,,,,助手,,快踱一圈,H,內圈 快踱一圈 (助手)
H454,19/12/2024,快操,沙田,草地,沙田 草地,,52.0,52.0,29.8 22.2,,助手,,綫路神驊,H,29.8 22.2 (52.0) (助手) 綫路神驊
H454,19/12/2024,踱步,沙田,飛機場,沙田 飛機場,,,,,,助手,,踱步,H,飛機場 踱步 (助手)
H454,18/12/2024,游水,沙田,,沙田,,,,,,,,游水,,
H454,18/12/2024,踱步,沙田,內圈,沙田 內圈,,,,,,助手,,快踱一圈,H,內圈 快踱一圈 (助手)
H454,17/12/2024,游水,沙田,,沙田,,,,,,,,游水,,
H454,17/12/2024,踱步,沙田,內圈,沙田 內圈,,,,,,助手,,快踱一圈,H,內圈 快踱一圈 (助手)
H454,16/12/2024,游水,沙田,,沙田,,,,,,,,游水,,
H454,16/12/2024,踱步,沙田,內圈,沙田 內圈,,,,,,助手,,倒快一圈,H,內圈 倒快一圈 (助手)
H454,15/12/2024,踱步,沙田,內圈,沙田 內圈,,,,,,助手,,快踱一圈,H,內圈 快踱一圈 (助手)
H454,14/12/2024,快操,沙田,全天候,沙田 全天候,,56.6,56.6,30.7 25.9,,助手,,快操,H,30.7 25.9 (56.6) (助手)
H454,14/12/2024,踱步,沙田,飛機場,沙田 飛機場,,,,,,助手,,踱步,H,飛機場 踱步 (助手)
H454,13/12/2024,游水,沙田,,沙田,,,,,,,,游水,,
H454,13/12/2024,踱步,沙田,內圈,沙田 內圈,,,,,,助手,,快踱一圈,H,內圈 快踱一圈 (助手)
H454,12/12/2024,游水,沙田,,沙田,,,,,,,,游水,,
H454,12/12/2024,踱步,沙田,內圈,沙田 內圈,,,,,,助手,,倒快一圈,H,內圈 倒快一圈 (助手)
H454,11/12/2024,游水,沙田,,沙田,,,,,,,,游水,,
H454,11/12/2024,踱步,沙田,內圈,沙田 內圈,,,,,,助手,,快踱一圈,H,內圈 快踱一圈 (助手)
H454,10/12/2024,快操,沙田,全天候,沙田 全天候,,56.3,56.3,30.9 25.4,,助手,,品德寶寶,H,30.9 25.4 (56.3) (助手) 品德寶寶
H454,10/12/2024,踱步,沙田,飛機場,沙田 飛機場,,,,,,助手,,踱步,H,飛機場 踱步 (助手)
H454,09/12/2024,游水,沙田,,沙田,,,,,,,,游水,,
H454,09/12/2024,踱步,沙田,內圈,沙田 內圈,,,,,,助手,,倒快一圈,H,內圈 倒快一圈 (助手)
H454,08/12/2024,踱步,沙田,內圈,沙田 內圈,,,,,,助手,,快踱一圈,H,內圈 快踱一圈 (助手)
H454,07/12/2024,游水,沙田,,沙田,,,,,,,,游水,,
H454,07/12/2024,踱步,沙田,內圈,沙田 內圈,,,,,,助手,,快踱一圈,H,內圈 快踱一圈 (助手)
H454,06/12/2024,快操,沙田,全天候,沙田 全天候,,55.8,55.8,30.5 25.3,,助手,,快操,H,30.5 25.3 (55.8) (助手)
H454,06/12/2024,踱步,沙田,飛機場,沙田 飛機場,,,,,,助手,,踱步,H,飛機場 踱步 (助手)
H454,05/12/2024,游水,沙田,,沙田,,,,,,,,游水,,
H454,05/12/2024,踱步,沙田,內圈,沙田 內圈,,,,,,助手,,倒快一圈,H,內圈 倒快一圈 (助手)
H454,04/12/2024,游水,沙田,,沙田,,,,,,,,游水,,
H454,03/12/2024,游水,沙田,,沙田,,,,,,,,游水,,
H454,03/12/2024,踱步,沙田,內圈,沙田 內圈,,,,,,助手,,快踱一圈,H,內圈 快踱一圈 (助手)
H454,02/12/2024,快操,沙田,全天候,沙田 全天候,,57.7,57.7,32.2 25.5,,助手,,快操,H,32.2 25.5 (57.7) (助手)
H454,02/12/2024,踱步,沙田,飛機場,沙田 飛機場,,,,,,助手,,踱步,H,飛機場 踱步 (助手)
H454,01/12/2024,踱步,沙田,內圈,沙田 內圈,,,,,,助手,,快踱一圈,H,內圈 快踱一圈 (助手)
H454,30/11/2024,游水,沙田,,沙田,,,,,,,,游水,,
H454,30/11/2024,踱步,沙田,內圈,沙田 內圈,,,,,,助手,,快踱一圈,H,內圈 快踱一圈 (助手)
H454,29/11/2024,游水,沙田,,沙田,,,,,,,,游水,,
H454,29/11/2024,踱步,沙田,內圈,沙田 內圈,,,,,,助手,,快踱一圈,H,內圈 快踱一圈 (助手)
H454,28/11/2024,游水,沙田,,沙田,,,,,,,,游水,,
H454,28/11/2024,踱步,沙田,內圈,沙田 內圈,,,,,,助手,,倒快一圈,H,內圈 倒快一圈 (助手)
H454,27/11/2024,游水,沙田,,沙田,,,,,,,,游水,,
H454,27/11/2024,踱步,沙田,內圈,沙田 內圈,,,,,,助手,,快踱一圈,H,內圈 快踱一圈 (助手)
H454,26/11/2024,游水,沙田,,沙田,,,,,,,,游水,,
H454,26/11/2024,踱步,沙田,飛機場,沙田 飛機場,,,,,,助手,,踱步,H,飛機場 踱步 (助手)
H454,25/11/2024,游水,沙田,,沙田,,,,,,,,游水,,
H454,24/11/2024,出賽,沙田,全天候,沙田 全天候,1200M,,,,,何澤堯,12/12,出賽,CP/TT,1200M (何澤堯) (12/12)
H454,24/11/2024,踱步,沙田,飛機場,沙田 飛機場,,,,,,助手,,踱步,H,飛機場 踱步 (助手)
H454,23/11/2024,游水,沙田,,沙田,,,,,,,,游水,,
H454,23/11/2024,踱步,沙田,內圈,沙田 內圈,,,,,,助手,,快踱一圈,H,內圈 快踱一圈 (助手)
H454,22/11/2024,游水,沙田,,沙田,,,,,,,,游水,,
H454,22/11/2024,踱步,沙田,內圈,沙田 內圈,,,,,,助手,,快踱一圈,H,內圈 快踱一圈 (助手)
H454,21/11/2024,快操,沙田,全天候,沙田 全天候,,55.3,55.3,29.8 25.5,,何澤堯,,快操,H,29.8 25.5 (55.3) (何澤堯)
H454,20/11/2024,游水,沙田,,沙田,,,,,,,,游水,,
H454,20/11/2024,踱步,沙田,內圈,沙田 內圈,,,,,,助手,,快踱一圈,H,內圈 快踱一圈 (助手)
H454,19/11/2024,游水,沙田,,沙田,,,,,,,,游水,,
H454,19/11/2024,踱步,沙田,內圈,沙田 內圈,,,,,,助手,,快踱一圈,H,內圈 快踱一圈 (助手)
H454,18/11/2024,游水,沙田,,沙田,,,,,,,,游水,,
H454,18/11/2024,踱步,沙田,內圈,沙田 內圈,,,,,,助手,,倒快一圈,H,內圈 倒快一圈 (助手)
H454,17/11/2024,快操,沙田,全天候,沙田 全天候,,1.01.1,61.1,33.1 28.0,,助手,,快操,H,33.1 28.0 (1.01.1) (助手)
H454,17/11/2024,踱步,沙田,飛機場,沙田 飛機場,,,,,,助手,,踱步,H,飛機場 踱步 (助手)
H454,16/11/2024,游水,沙田,,沙田,,,,,,,,游水,,
H454,16/11/2024,踱步,沙田,內圈,沙田 內圈,,,,,,助手,,快踱一圈,H,內圈 快踱一圈 (助手)
H454,15/11/2024,游水,沙田,,沙田,,,,,,,,游水,,
H454,15/11/2024,踱步,沙田,內圈,沙田 內圈,,,,,,助手,,快踱一圈,H,內圈 快踱一圈 (助手)
H454,14/11/2024,游水,沙田,,沙田,,,,,,,,游水,,
H454,13/11/2024,游水,沙田,,沙田,,,,,,,,游水,,
H454,13/11/2024,踱步,沙田,飛機場,沙田 飛機場,,,,,,助手,,踱步,H,飛機場 踱步 (助手)
H454,12/11/2024,試閘,沙田,全天候,沙田 全天候,1200M,1.09.35,69.35,24.0 22.0 23.3,良駒好友,楊明綸,,第3組,V,第3組 (楊明綸) 1200M 良駒好友 24.0 22.0 23.3 (1.09.35)
H454,11/11/2024,游水,沙田,,沙田,,,,,,,,游水,,
H454,11/11/2024,踱步,沙田,內圈,沙田 內圈,,,,,,助手,,倒快一圈,H,內圈 倒快一圈 (助手)
H454,10/11/2024,游水,沙田,,沙田,,,,,,,,游水,,
H454,10/11/2024,踱步,沙田,內圈,沙田 內圈,,,,,,助手,,快踱一圈,H,內圈 快踱一圈 (助手)
H454,09/11/2024,快操,沙田,全天候,沙田 全天候,,57.0,57.0,32.0 25.0,,助手,,快操,H,32.0 25.0 (57.0) (助手)
H454,09/11/2024,踱步,沙田,飛機場,沙田 飛機場,,,,,,助手,,踱步,H,飛機場 踱步 (助手)
H454,08/11/2024,游水,沙田,,沙田,,,,,,,,游水,,
H454,08/11/2024,踱步,沙田,內圈,沙田 內圈,,,,,,助手,,快踱一圈,H,內圈 快踱一圈 (助手)
H454,07/11/2024,游水,沙田,,沙田,,,,,,,,游水,,
H454,07/11/2024,踱步,沙田,內圈,沙田 內圈,,,,,,助手,,倒快一圈,H,內圈 倒快一圈 (助手)
H454,06/11/2024,游水,沙田,,沙田,,,,,,,,游水,,
H454,06/11/2024,踱步,沙田,內圈,沙田 內圈,,,,,,助手,,快踱一圈,H,內圈 快踱一圈 (助手)
H454,05/11/2024,快操,沙田,全天候,沙田 全天候,,54.5,54.5,28.6 25.9,,助手,,快操,H,28.6 25.9 (54.5) (助手)
H454,05/11/2024,踱步,沙田,飛機場,沙田 飛機場,,,,,,助手,,踱步,H,飛機場 踱步 (助手)
H454,04/11/2024,游水,沙田,,沙田,,,,,,,,游水,,
H454,04/11/2024,踱步,沙田,內圈,沙田 內圈,,,,,,助手,,倒快一圈,H,內圈 倒快一圈 (助手)
H454,03/11/2024,踱步,沙田,內圈,沙田 內圈,,,,,,助手,,快踱一圈,H,內圈 快踱一圈 (助手)
H454,02/11/2024,踱步,沙田,內圈,沙田 內圈,,,,,,助手,,快踱一圈,H,內圈 快踱一圈 (助手)
H454,01/11/2024,游水,沙田,,沙田,,,,,,,,游水,,
H454,01/11/2024,踱步,沙田,飛機場,沙田 飛機場,,,,,,助手,,踱步,H,飛機場 踱步 (助手)
H454,31/10/2024,快操,沙田,全天候,沙田 全天候,,57.1,57.1,30.0 27.1,,助手,,快操,H,30.0 27.1 (57.1) (助手)
H454,31/10/2024,踱步,沙田,飛機場,沙田 飛機場,,,,,,助手,,踱步,H,飛機場 踱步 (助手)
H454,30/10/2024,游水,沙田,,沙田,,,,,,,,游水,,
H454,30/10/2024,踱步,沙田,內圈,沙田 內圈,,,,,,助手,,快踱一圈,H,內圈 快踱一圈 (助手)
H454,29/10/2024,游水,沙田,,沙田,,,,,,,,游水,,
H454,29/10/2024,踱步,沙田,內圈,沙田 內圈,,,,,,助手,,快踱一圈,H,內圈 快踱一圈 (助手)
H454,28/10/2024,游水,沙田,,沙田,,,,,,,,游水,,
H454,28/10/2024,踱步,沙田,內圈,沙田 內圈,,,,,,助手,,倒快一圈,H,內圈 倒快一圈 (助手)
H454,27/10/2024,游水,沙田,,沙田,,,,,,,,游水,,
H454,26/10/2024,游水,沙田,,沙田,,,,,,,,游水,,
H454,26/10/2024,踱步,沙田,內圈,沙田 內圈,,,,,,助手,,快踱一圈,H,內圈 快踱一圈 (助手)
H454,25/10/2024,游水,沙田,,沙田,,,,,,,,游水,,
H454,25/10/2024,踱步,沙田,飛機場,沙田 飛機場,,,,,,助手,,踱步,H,飛機場 踱步 (助手)
H454,24/10/2024,游水,沙田,,沙田,,,,,,,,游水,,
H454,23/10/2024,出賽,沙田,全天候,沙田 全天候,1200M,,,,,黃寶妮,6/12,出賽,CP/TT,1200M (黃寶妮) (6/12)
H454,23/10/2024,踱步,沙田,飛機場,沙田 飛機場,,,,,,助手,,踱步,H,飛機場 踱步 (助手)
H454,22/10/2024,踱步,沙田,內圈,沙田 內圈,,,,,,副練馬師,,快踱一圈,H,內圈 快踱一圈 (副練馬師)
H454,21/10/2024,踱步,沙田,內圈,沙田 內圈,,,,,,助手,,倒快一圈,H,內圈 倒快一圈 (助手)
H454,20/10/2024,踱步,沙田,內圈,沙田 內圈,,,,,,助手,,快踱一圈,H,內圈 快踱一圈 (助手)
H454,19/10/2024,快操,沙田,全天候,沙田 全天候,,55.0,55.0,31.1 23.9,,黃寶妮,,快操,H,31.1 23.9 (55.0) (黃寶妮)
H454,19/10/2024,踱步,沙田,飛機場,沙田 飛機場,,,,,,助手,,踱步,H,飛機場 踱步 (助手)
H454,18/10/2024,游水,沙田,,沙田,,,,,,,,游水,,
H454,18/10/2024,踱步,沙田,內圈,沙田 內圈,,,,,,助手,,快踱一圈,H,內圈 快踱一圈 (助手)
H454,17/10/2024,游水,沙田,,沙田,,,,,,,,游水,,
H454,17/10/2024,踱步,沙田,內圈,沙田 內圈,,,,,,助手,,倒快一圈,H,內圈 倒快一圈 (助手)
H454,16/10/2024,游水,沙田,,沙田,,,,,,,,游水,,
H454,16/10/2024,踱步,沙田,內圈,沙田 內圈,,,,,,助手,,快踱一圈,H,內圈 快踱一圈 (助手)
H454,15/10/2024,快操,沙田,全天候,沙田 全天候,,52.2,52.2,29.9 22.3,,黃寶妮,,快操,H,29.9 22.3 (52.2) (黃寶妮)
H454,15/10/2024,踱步,沙田,飛機場,沙田 飛機場,,,,,,助手,,踱步,H,飛機場 踱步 (助手)
H454,14/10/2024,游水,沙田,,沙田,,,,,,,,游水,,
H454,14/10/2024,踱步,沙田,內圈,沙田 內圈,,,,,,助手,,倒快一圈,H,內圈 倒快一圈 (助手)
H454,13/10/2024,踱步,沙田,內圈,沙田 內圈,,,,,,助手,,快踱一圈,H,內圈 快踱一圈 (助手)
H454,12/10/2024,游水,沙田,,沙田,,,,,,,,游水,,
H454,12/10/2024,踱步,沙田,內圈,沙田 內圈,,,,,,助手,,快踱一圈,H,內圈 快踱一圈 (助手)
H454,11/10/2024,快操,沙田,全天候,沙田 全天候,,57.8,57.8,30.7 27.1,,助手,,快操,H,30.7 27.1 (57.8) (助手)
H454,11/10/2024,踱步,沙田,飛機場,沙田 飛機場,,,,,,副練馬師,,踱步,H,飛機場 踱步 (副練馬師)
H454,10/10/2024,踱步,沙田,內圈,沙田 內圈,,,,,,助手,,倒快一圈,H,內圈 倒快一圈 (助手)
H454,09/10/2024,游水,沙田,,沙田,,,,,,,,游水,,
H454,09/10/2024,踱步,沙田,內圈,沙田 內圈,,,,,,助手,,快踱一圈,H,內圈 快踱一圈 (助手)
H454,08/10/2024,游水,沙田,,沙田,,,,,,,,游水,,
H454,08/10/2024,踱步,沙田,內圈,沙田 內圈,,,,,,助手,,快踱一圈,H,內圈 快踱一圈 (助手)
H454,07/10/2024,快操,沙田,全天候,沙田 全天候,,1.01.7,61.7,34.0 27.7,,助手,,快操,H,34.0 27.7 (1.01.7) (助手)
H454,07/10/2024,踱步,沙田,飛機場,沙田 飛機場,,,,,,助手,,踱步,H,飛機場 踱步 (助手)
H454,06/10/2024,踱步,沙田,內圈,沙田 內圈,,,,,,助手,,快踱一圈,H,內圈 快踱一圈 (助手)
H454,05/10/2024,游水,沙田,,沙田,,,,,,,,游水,,
H454,05/10/2024,踱步,沙田,內圈,沙田 內圈,,,,,,助手,,快踱一圈,H,內圈 快踱一圈 (助手)
H454,04/10/2024,游水,沙田,,沙田,,,,,,,,游水,,
H454,04/10/2024,踱步,沙田,內圈,沙田 內圈,,,,,,助手,,快踱一圈,H,內圈 快踱一圈 (助手)
H454,03/10/2024,游水,沙田,,沙田,,,,,,,,游水,,
H454,03/10/2024,踱步,沙田,內圈,沙田 內圈,,,,,,助手,,倒快一圈,H,內圈 倒快一圈 (助手)
H454,02/10/2024,游水,沙田,,沙田,,,,,,,,游水,,
H454,02/10/2024,踱步,沙田,內圈,沙田 內圈,,,,,,助手,,快踱一圈,H,內圈 快踱一圈 (助手)
H454,01/10/2024,游水,沙田,,沙田,,,,,,,,游水,,
H454,01/10/2024,踱步,沙田,飛機場,沙田 飛機場,,,,,,助手,,踱步,H,飛機場 踱步 (助手)
H454,30/09/2024,游水,沙田,,沙田,,,,,,,,游水,,
H454,29/09/2024,游水,沙田,,沙田,,,,,,,,游水,,
H454,28/09/2024,出賽,沙田,全天候,沙田 全天候,1200M,,,,,黃寶妮,1/12,出賽,CP/TT,1200M (黃寶妮) (1/12)
H454,28/09/2024,踱步,沙田,飛機場,沙田 飛機場,,,,,,助手,,踱步,H,飛機場 踱步 (助手)
H454,27/09/2024,踱步,沙田,內圈,沙田 內圈,,,,,,助手,,快踱一圈,H,內圈 快踱一圈 (助手)
H454,26/09/2024,踱步,沙田,內圈,沙田 內圈,,,,,,副練馬師,,倒快一圈,H,內圈 倒快一圈 (副練馬師)
H454,25/09/2024,游水,沙田,,沙田,,,,,,,,游水,,
H454,25/09/2024,踱步,沙田,內圈,沙田 內圈,,,,,,助手,,快踱一圈,H,內圈 快踱一圈 (助手)
H454,24/09/2024,快操,沙田,全天候,沙田 全天候,,54.6,54.6,29.5 25.1,,黃寶妮,,快操,H,29.5 25.1 (54.6) (黃寶妮)
H454,24/09/2024,踱步,沙田,飛機場,沙田 飛機場,,,,,,助手,,踱步,H,飛機場 踱步 (助手)
H454,23/09/2024,游水,沙田,,沙田,,,,,,,,游水,,
H454,23/09/2024,踱步,沙田,內圈,沙田 內圈,,,,,,助手,,倒快一圈,H,內圈 倒快一圈 (助手)
H454,22/09/2024,踱步,沙田,內圈,沙田 內圈,,,,,,助手,,快踱一圈,H,內圈 快踱一圈 (助手)
H454,21/09/2024,游水,沙田,,沙田,,,,,,,,游水,,
H454,21/09/2024,踱步,沙田,內圈,沙田 內圈,,,,,,助手,,快踱一圈,H,內圈 快踱一圈 (助手)
H454,20/09/2024,游水,沙田,,沙田,,,,,,,,游水,,
H454,20/09/2024,踱步,沙田,內圈,沙田 內圈,,,,,,助手,,快踱一圈,H,內圈 快踱一圈 (助手)
H454,19/09/2024,游水,沙田,,沙田,,,,,,,,游水,,
H454,19/09/2024,踱步,沙田,內圈,沙田 內圈,,,,,,助手,,倒快一圈,H,內圈 倒快一圈 (助手)
H454,18/09/2024,游水,沙田,,沙田,,,,,,,,游水,,
H454,18/09/2024,踱步,沙田,飛機場,沙田 飛機場,,,,,,助手,,踱步,H,飛機場 踱步 (助手)
H454,16/09/2024,游水,沙田,,沙田,,,,,,,,游水,,
H454,15/09/2024,出賽,沙田,草地,沙田 草地,1400M,,,,,梁家俊,8/12,出賽,CP/TT,1400M (梁家俊) (8/12)
H454,15/09/2024,踱步,沙田,飛機場,沙田 飛機場,,,,,,助手,,踱步,H,飛機場 踱步 (助手)
H454,14/09/2024,踱步,沙田,內圈,沙田 內圈,,,,,,助手,,快踱一圈,H,內圈 快踱一圈 (助手)
H454,13/09/2024,踱步,沙田,內圈,沙田 內圈,,,,,,助手,,快踱一圈,H,內圈 快踱一圈 (助手)
H454,12/09/2024,快操,沙田,全天候,沙田 全天候,,52.0,52.0,29.0 23.0,,梁家俊,,快操,H,29.0 23.0 (52.0) (梁家俊)
H454,12/09/2024,踱步,沙田,飛機場,沙田 飛機場,,,,,,助手,,踱步,H,飛機場 踱步 (助手)
H454,11/09/2024,游水,沙田,,沙田,,,,,,,,游水,,
H454,11/09/2024,踱步,沙田,內圈,沙田 內圈,,,,,,副練馬師,,快踱一圈,H,內圈 快踱一圈 (副練馬師)
H454,10/09/2024,游水,沙田,,沙田,,,,,,,,游水,,
H454,10/09/2024,踱步,沙田,內圈,沙田 內圈,,,,,,助手,,快踱一圈,H,內圈 快踱一圈 (助手)
H454,09/09/2024,游水,沙田,,沙田,,,,,,,,游水,,
H454,09/09/2024,踱步,沙田,內圈,沙田 內圈,,,,,,助手,,倒快一圈,H,內圈 倒快一圈 (助手)
H454,08/09/2024,快操,沙田,全天候,沙田 全天候,,27.9,27.9,27.9,,助手,,快操,H,27.9 (27.9) (助手)
H454,08/09/2024,踱步,沙田,飛機場,沙田 飛機場,,,,,,助手,,踱步,H,飛機場 踱步 (助手)
H454,07/09/2024,游水,沙田,,沙田,,,,,,,,游水,,
H454,07/09/2024,踱步,沙田,內圈,沙田 內圈,,,,,,助手,,快踱一圈,H,內圈 快踱一圈 (助手)
H454,06/09/2024,游水,沙田,,沙田,,,,,,,,游水,,
H454,05/09/2024,游水,沙田,,沙田,,,,,,,,游水,,
H454,05/09/2024,踱步,沙田,內圈,沙田 內圈,,,,,,助手,,倒快一圈,H,內圈 倒快一圈 (助手)
H454,04/09/2024,快操,沙田,全天候,沙田 全天候,,53.9,53.9,30.6 23.3,,梁家俊,,快操,H,30.6 23.3 (53.9) (梁家俊)
H454,04/09/2024,踱步,沙田,飛機場,沙田 飛機場,,,,,,助手,,踱步,H,飛機場 踱步 (助手)
H454,03/09/2024,游水,沙田,,沙田,,,,,,,,游水,,
H454,03/09/2024,踱步,沙田,內圈,沙田 內圈,,,,,,助手,,快踱一圈,H,內圈 快踱一圈 (助手)
H454,02/09/2024,游水,沙田,,沙田,,,,,,,,游水,,
H454,02/09/2024,踱步,沙田,內圈,沙田 內圈,,,,,,助手,,倒快一圈,H,內圈 倒快一圈 (助手)
H454,01/09/2024,快操,沙田,全天候,沙田 全天候,,1.01.5,61.5,33.9 27.6,,助手,,快操,H,33.9 27.6 (1.01.5) (助手)
H454,01/09/2024,踱步,沙田,飛機場,沙田 飛機場,,,,,,助手,,踱步,H,飛機場 踱步 (助手)
H454,31/08/2024,游水,沙田,,沙田,,,,,,,,游水,,
H454,31/08/2024,踱步,沙田,內圈,沙田 內圈,,,,,,助手,,快踱一圈,H,內圈 快踱一圈 (助手)
H454,30/08/2024,游水,沙田,,沙田,,,,,,,,游水,,
H454,30/08/2024,踱步,沙田,內圈,沙田 內圈,,,,,,助手,,快踱一圈,H,內圈 快踱一圈 (助手)
H454,29/08/2024,游水,沙田,,沙田,,,,,,,,游水,,
H454,29/08/2024,踱步,沙田,內圈,沙田 內圈,,,,,,助手,,倒快一圈,H,內圈 倒快一圈 (助手)
H454,28/08/2024,游水,沙田,,沙田,,,,,,,,游水,,
H454,28/08/2024,踱步,沙田,飛機場,沙田 飛機場,,,,,,助手,,踱步,H,飛機場 踱步 (助手)
H454,27/08/2024,試閘,沙田,全天候,沙田 全天候,1200M,1.09.60,69.6,24.2 22.6 22.8,錶之多多,梁家俊,,第2組,CP,第2組 (梁家俊) 1200M 錶之多多 24.2 22.6 22.8 (1.09.60)
H454,26/08/2024,游水,沙田,,沙田,,,,,,,,游水,,
H454,26/08/2024,踱步,沙田,內圈,沙田 內圈,,,,,,助手,,倒快兩圈,H,內圈 倒快兩圈 (助手)
H454,25/08/2024,游水,沙田,,沙田,,,,,,,,游水,,
H454,25/08/2024,踱步,沙田,內圈,沙田 內圈,,,,,,助手,,快踱一圈,H,內圈 快踱一圈 (助手)
H454,24/08/2024,游水,沙田,,沙田,,,,,,,,游水,,
H454,24/08/2024,踱步,沙田,內圈,沙田 內圈,,,,,,助手,,快踱兩圈,H,內圈 快踱兩圈 (助手)
H454,23/08/2024,游水,沙田,,沙田,,,,,,,,游水,,
H454,23/08/2024,踱步,沙田,內圈,沙田 內圈,,,,,,助手,,快踱一圈,H,內圈 快踱一圈 (助手)
H454,22/08/2024,快操,沙田,全天候,沙田 全天候,,55.3,55.3,29.9 25.4,,助手,,品德寶寶,H,29.9 25.4 (55.3) (助手) 品德寶寶
H454,22/08/2024,踱步,沙田,飛機場,沙田 飛機場,,,,,,助手,,踱步,H,飛機場 踱步 (助手)
H454,21/08/2024,游水,沙田,,沙田,,,,,,,,游水,,
H454,21/08/2024,踱步,沙田,內圈,沙田 內圈,,,,,,助手,,快踱一圈,H,內圈 快踱一圈 (助手)
H454,20/08/2024,游水,沙田,,沙田,,,,,,,,游水,,
H454,20/08/2024,踱步,沙田,內圈,沙田 內圈,,,,,,助手,,快踱一圈,H,內圈 快踱一圈 (助手)
H454,19/08/2024,游水,沙田,,沙田,,,,,,,,游水,,
H454,19/08/2024,踱步,沙田,內圈,沙田 內圈,,,,,,助手,,倒快一圈,H,內圈 倒快一圈 (助手)
H454,18/08/2024,快操,沙田,全天候,沙田 全天候,,56.5,56.5,31.4 25.1,,助手,,快操,H,31.4 25.1 (56.5) (助手)
H454,18/08/2024,踱步,沙田,飛機場,沙田 飛機場,,,,,,助手,,踱步,H,飛機場 踱步 (助手)
H454,17/08/2024,游水,沙田,,沙田,,,,,,,,游水,,
H454,17/08/2024,踱步,沙田,內圈,沙田 內圈,,,,,,助手,,快踱一圈,H,內圈 快踱一圈 (助手)
H454,16/08/2024,游水,沙田,,沙田,,,,,,,,游水,,
H454,16/08/2024,踱步,沙田,內圈,沙田 內圈,,,,,,助手,,快踱一圈,H,內圈 快踱一圈 (助手)
H454,15/08/2024,游水,沙田,,沙田,,,,,,,,游水,,
H454,15/08/2024,踱步,沙田,內圈,沙田 內圈,,,,,,助手,,倒快一圈,H,內圈 倒快一圈 (助手)
H454,14/08/2024,快操,沙田,全天候,沙田 全天候,,24.9,24.9,24.9,,助手,,快操,H,24.9 (24.9) (助手)
H454,14/08/2024,踱步,沙田,飛機場,沙田 飛機場,,,,,,助手,,踱步,H,飛機場 踱步 (助手)
H454,13/08/2024,游水,沙田,,沙田,,,,,,,,游水,,
H454,13/08/2024,踱步,沙田,內圈,沙田 內圈,,,,,,助手,,快踱一圈,H,內圈 快踱一圈 (助手)
H454,12/08/2024,游水,沙田,,沙田,,,,,,,,游水,,
H454,12/08/2024,踱步,沙田,飛機場,沙田 飛機場,,,,,,助手,,踱步,H,飛機場 踱步 (助手)
H454,11/08/2024,游水,沙田,,沙田,,,,,,,,游水,,
H454,11/08/2024,踱步,沙田,內圈,沙田 內圈,,,,,,助手,,快踱一圈,H,內圈 快踱一圈 (助手)
H454,10/08/2024,快操,沙田,全天候,沙田 全天候,,55.1,55.1,30.2 24.9,,助手,,快操,H,30.2 24.9 (55.1) (助手)
H454,10/08/2024,踱步,沙田,飛機場,沙田 飛機場,,,,,,助手,,踱步,H,飛機場 踱步 (助手)
H454,09/08/2024,游水,沙田,,沙田,,,,,,,,游水,,
H454,09/08/2024,踱步,沙田,內圈,沙田 內圈,,,,,,助手,,快踱一圈,H,內圈 快踱一圈 (助手)
H454,08/08/2024,游水,沙田,,沙田,,,,,,,,游水,,
H454,08/08/2024,踱步,沙田,內圈,沙田 內圈,,,,,,助手,,倒快一圈,H,內圈 倒快一圈 (助手)
H454,07/08/2024,游水,沙田,,沙田,,,,,,,,游水,,
H454,07/08/2024,踱步,沙田,內圈,沙田 內圈,,,,,,助手,,快踱一圈,H,內圈 快踱一圈 (助手)
H454,06/08/2024,踱步,沙田,內圈,沙田 內圈,,,,,,助手,,快踱一圈,H,內圈 快踱一圈 (助手)
H454,05/08/2024,游水,沙田,,沙田,,,,,,,,游水,,
H454,05/08/2024,踱步,沙田,內圈,沙田 內圈,,,,,,助手,,倒快一圈,H,內圈 倒快一圈 (助手)
H454,04/08/2024,踱步,沙田,飛機場,沙田 飛機場,,,,,,助手,,踱步,H,飛機場 踱步 (助手)
H454,03/08/2024,踱步,沙田,飛機場,沙田 飛機場,,,,,,助手,,踱步,H,飛機場 踱步 (助手)
H454,02/08/2024,踱步,沙田,飛機場,沙田 飛機場,,,,,,助手,,踱步,H,飛機場 踱步 (助手)
H454,01/08/2024,踱步,沙田,飛機場,沙田 飛機場,,,,,,助手,,踱步,H,飛機場 踱步 (助手)
H454,31/07/2024,踱步,沙田,飛機場,沙田 飛機場,,,,,,副練馬師,,踱步,H,飛機場 踱步 (副練馬師)
H454,30/07/2024,踱步,沙田,飛機場,沙田 飛機場,,,,,,副練馬師,,踱步,H,飛機場 踱步 (副練馬師)
H454,29/07/2024,踱步,沙田,飛機場,沙田 飛機場,,,,,,副練馬師,,踱步,H,飛機場 踱步 (副練馬師)
H454,10/07/2024,踱步,沙田,飛機場,沙田 飛機場,,,,,,助手,,踱步,H,飛機場 踱步 (助手)
H454,09/07/2024,踱步,沙田,內圈,沙田 內圈,,,,,,助手,,快踱一圈,H,內圈 快踱一圈 (助手)
H454,08/07/2024,踱步,沙田,內圈,沙田 內圈,,,,,,助手,,倒快一圈,H,內圈 倒快一圈 (助手)
H454,07/07/2024,踱步,沙田,內圈,沙田 內圈,,,,,,助手,,快踱一圈,H,內圈 快踱一圈 (助手)
H454,06/07/2024,快操,沙田,全天候,沙田 全天候,,55.6,55.6,31.2 24.4,,梁家俊,,快操,H,31.2 24.4 (55.6) (梁家俊)
H454,06/07/2024,踱步,沙田,飛機場,沙田 飛機場,,,,,,助手,,踱步,H,飛機場 踱步 (助手)
H454,05/07/2024,踱步,沙田,內圈,沙田 內圈,,,,,,助手,,快踱一圈,H,內圈 快踱一圈 (助手)
H454,04/07/2024,踱步,沙田,內圈,沙田 內圈,,,,,,助手,,倒快一圈,H,內圈 倒快一圈 (助手)
H454,03/07/2024,踱步,沙田,內圈,沙田 內圈,,,,,,助手,,快踱一圈,H,內圈 快踱一圈 (助手)
H454,02/07/2024,踱步,沙田,內圈,沙田 內圈,,,,,,助手,,快踱一圈,H,內圈 快踱一圈 (助手)
H454,01/07/2024,踱步,沙田,內圈,沙田 內圈,,,,,,助手,,倒快一圈,H,內圈 倒快一圈 (助手)
H454,29/06/2024,踱步,沙田,飛機場,沙田 飛機場,,,,,,助手,,踱步,H,飛機場 踱步 (助手)
H454,26/06/2024,踱步,沙田,飛機場,沙田 飛機場,,,,,,助手,,踱步,H,飛機場 踱步 (助手)
H454,25/06/2024,踱步,沙田,內圈,沙田 內圈,,,,,,助手,,快踱一圈,H,內圈 快踱一圈 (助手)
H454,24/06/2024,踱步,沙田,內圈,沙田 內圈,,,,,,副練馬師,,倒快一圈,H,內圈 倒快一圈 (副練馬師)
H454,23/06/2024,踱步,沙田,內圈,沙田 內圈,,,,,,助手,,快踱一圈,H,內圈 快踱一圈 (助手)
H454,22/06/2024,快操,沙田,全天候,沙田 全天候,,59.3,59.3,31.7 27.6,,副練馬師,,快操,H,31.7 27.6 (59.3) (副練馬師)
H454,22/06/2024,踱步,沙田,飛機場,沙田 飛機場,,,,,,副練馬師,,踱步,H,飛機場 踱步 (副練馬師)
H454,21/06/2024,游水,沙田,,沙田,,,,,,,,游水,,
H454,21/06/2024,踱步,沙田,內圈,沙田 內圈,,,,,,助手,,快踱一圈,H,內圈 快踱一圈 (助手)
H454,20/06/2024,游水,沙田,,沙田,,,,,,,,游水,,
H454,20/06/2024,踱步,沙田,內圈,沙田 內圈,,,,,,助手,,倒快一圈,H,內圈 倒快一圈 (助手)
H454,19/06/2024,游水,沙田,,沙田,,,,,,,,游水,,
H454,19/06/2024,踱步,沙田,內圈,沙田 內圈,,,,,,助手,,快踱一圈,H,內圈 快踱一圈 (助手)
H454,18/06/2024,快操,沙田,全天候,沙田 全天候,,54.4,54.4,30.3 24.1,,副練馬師,,快操,H,30.3 24.1 (54.4) (副練馬師)
H454,18/06/2024,踱步,沙田,飛機場,沙田 飛機場,,,,,,副練馬師,,踱步,H,飛機場 踱步 (副練馬師)
H454,17/06/2024,游水,沙田,,沙田,,,,,,,,游水,,
H454,17/06/2024,踱步,沙田,內圈,沙田 內圈,,,,,,助手,,倒快一圈,H,內圈 倒快一圈 (助手)
H454,15/06/2024,快操,沙田,全天候,沙田 全天候,,53.5,53.5,28.6 24.9,,助手,,快操,H,28.6 24.9 (53.5) (助手)
H454,15/06/2024,踱步,沙田,飛機場,沙田 飛機場,,,,,,助手,,踱步,H,飛機場 踱步 (助手)
H454,14/06/2024,游水,沙田,,沙田,,,,,,,,游水,,
H454,14/06/2024,踱步,沙田,內圈,沙田 內圈,,,,,,助手,,快踱一圈,H,內圈 快踱一圈 (助手)
H454,13/06/2024,游水,沙田,,沙田,,,,,,,,游水,,
H454,13/06/2024,踱步,沙田,內圈,沙田 內圈,,,,,,助手,,倒快一圈,H,內圈 倒快一圈 (助手)
H454,12/06/2024,游水,沙田,,沙田,,,,,,,,游水,,
H454,12/06/2024,踱步,沙田,內圈,沙田 內圈,,,,,,助手,,快踱一圈,H,內圈 快踱一圈 (助手)
H454,11/06/2024,快操,沙田,全天候,沙田 全天候,,54.6,54.6,28.9 25.7,,助手,,快操,H,28.9 25.7 (54.6) (助手)
H454,11/06/2024,踱步,沙田,飛機場,沙田 飛機場,,,,,,助手,,踱步,H,飛機場 踱步 (助手)
H454,10/06/2024,游水,沙田,,沙田,,,,,,,,游水,,
H454,10/06/2024,踱步,沙田,內圈,沙田 內圈,,,,,,助手,,倒快一圈,H,內圈 倒快一圈 (助手)
H454,08/06/2024,踱步,沙田,內圈,沙田 內圈,,,,,,助手,,快踱一圈,H,內圈 快踱一圈 (助手)
H454,07/06/2024,游水,沙田,,沙田,,,,,,,,游水,,
H454,07/06/2024,踱步,沙田,內圈,沙田 內圈,,,,,,助手,,快踱一圈,H,內圈 快踱一圈 (助手)
H454,06/06/2024,踱步,沙田,飛機場,沙田 飛機場,,,,,,助手,,踱步,H,飛機場 踱步 (助手)
H454,05/06/2024,游水,沙田,,沙田,,,,,,,,游水,,
H454,05/06/2024,踱步,沙田,飛機場,沙田 飛機場,,,,,,助手,,踱步,H,飛機場 踱步 (助手)
H454,04/06/2024,游水,沙田,,沙田,,,,,,,,游水,,
H454,03/06/2024,游水,沙田,,沙田,,,,,,,,游水,,
H454,02/06/2024,踱步,沙田,飛機場,沙田 飛機場,,,,,,助手,,踱步,H,飛機場 踱步 (助手)
H454,01/06/2024,踱步,沙田,內圈,沙田 內圈,,,,,,助手,,快踱一圈,H,內圈 快踱一圈 (助手)
H454,31/05/2024,踱步,沙田,內圈,沙田 內圈,,,,,,助手,,快踱一圈,H,內圈 快踱一圈 (助手)
H454,30/05/2024,快操,沙田,全天候,沙田 全天候,,53.0,53.0,30.6 22.4,,梁家俊,,快操,H,30.6 22.4 (53.0) (梁家俊)
H454,30/05/2024,踱步,沙田,飛機場,沙田 飛機場,,,,,,助手,,踱步,H,飛機場 踱步 (助手)
H454,29/05/2024,游水,沙田,,沙田,,,,,,,,游水,,
H454,29/05/2024,踱步,沙田,內圈,沙田 內圈,,,,,,助手,,快踱一圈,H,內圈 快踱一圈 (助手)
H454,28/05/2024,游水,沙田,,沙田,,,,,,,,游水,,
H454,28/05/2024,踱步,沙田,內圈,沙田 內圈,,,,,,助手,,快踱一圈,H,內圈 快踱一圈 (助手)
H454,27/05/2024,快操,沙田,全天候,沙田 全天候,,52.6,52.6,28.4 24.2,,助手,,喜駿之星,H,28.4 24.2 (52.6) (助手) 喜駿之星
H454,27/05/2024,踱步,沙田,飛機場,沙田 飛機場,,,,,,助手,,踱步,H,飛機場 踱步 (助手)
H454,26/05/2024,踱步,沙田,內圈,沙田 內圈,,,,,,助手,,快踱一圈,H,內圈 快踱一圈 (助手)
H454,25/05/2024,游水,沙田,,沙田,,,,,,,,游水,,
H454,24/05/2024,游水,沙田,,沙田,,,,,,,,游水,,
H454,24/05/2024,踱步,沙田,內圈,沙田 內圈,,,,,,助手,,快踱一圈,H,內圈 快踱一圈 (助手)
H454,23/05/2024,快操,沙田,全天候,沙田 全天候,,54.2,54.2,29.5 24.7,,助手,,快操,H,29.5 24.7 (54.2) (助手)
H454,23/05/2024,踱步,沙田,飛機場,沙田 飛機場,,,,,,助手,,踱步,H,飛機場 踱步 (助手)
H454,22/05/2024,游水,沙田,,沙田,,,,,,,,游水,,
H454,22/05/2024,踱步,沙田,內圈,沙田 內圈,,,,,,助手,,快踱一圈,H,內圈 快踱一圈 (助手)
H454,21/05/2024,游水,沙田,,沙田,,,,,,,,游水,,
H454,21/05/2024,踱步,沙田,內圈,沙田 內圈,,,,,,助手,,快踱一圈,H,內圈 快踱一圈 (助手)
H454,20/05/2024,游水,沙田,,沙田,,,,,,,,游水,,
H454,20/05/2024,踱步,沙田,內圈,沙田 內圈,,,,,,助手,,倒快一圈,H,內圈 倒快一圈 (助手)
H454,19/05/2024,快操,沙田,全天候,沙田 全天候,,57.1,57.1,32.0 25.1,,助手,,快操,H,32.0 25.1 (57.1) (助手)
H454,19/05/2024,踱步,沙田,飛機場,沙田 飛機場,,,,,,助手,,踱步,H,飛機場 踱步 (助手)
H454,18/05/2024,踱步,沙田,內圈,沙田 內圈,,,,,,助手,,快踱一圈,H,內圈 快踱一圈 (助手)
H454,17/05/2024,游水,沙田,,沙田,,,,,,,,游水,,
H454,17/05/2024,踱步,沙田,內圈,沙田 內圈,,,,,,助手,,快踱一圈,H,內圈 快踱一圈 (助手)
H454,16/05/2024,游水,沙田,,沙田,,,,,,,,游水,,
H454,16/05/2024,踱步,沙田,內圈,沙田 內圈,,,,,,副練馬師,,倒快一圈,H,內圈 倒快一圈 (副練馬師)
H454,15/05/2024,游水,沙田,,沙田,,,,,,,,游水,,
H454,15/05/2024,踱步,沙田,內圈,沙田 內圈,,,,,,助手,,快踱一圈,H,內圈 快踱一圈 (助手)
H454,14/05/2024,游水,沙田,,沙田,,,,,,,,游水,,
H454,14/05/2024,踱步,沙田,飛機場,沙田 飛機場,,,,,,助手,,踱步,H,飛機場 踱步 (助手)
H454,13/05/2024,快操,沙田,草地,沙田 草地,,48.3,48.3,26.2 22.1,,副練馬師,,"綫路神驊, 金運來",H,"26.2 22.1 (48.3) (副練馬師) 綫路神驊, 金運來"
H454,13/05/2024,踱步,沙田,飛機場,沙田 飛機場,,,,,,副練馬師,,踱步,H,飛機場 踱步 (副練馬師)
H454,12/05/2024,游水,沙田,,沙田,,,,,,,,游水,,
H454,12/05/2024,踱步,沙田,內圈,沙田 內圈,,,,,,助手,,快踱一圈,H,內圈 快踱一圈 (助手)
H454,11/05/2024,游水,沙田,,沙田,,,,,,,,游水,,
H454,11/05/2024,踱步,沙田,內圈,沙田 內圈,,,,,,助手,,快踱一圈,H,內圈 快踱一圈 (助手)
H454,10/05/2024,游水,沙田,,沙田,,,,,,,,游水,,
H454,10/05/2024,踱步,沙田,內圈,沙田 內圈,,,,,,副練馬師,,快踱一圈,H,內圈 快踱一圈 (副練馬師)
H454,09/05/2024,快操,沙田,全天候,沙田 全天候,,54.9,54.9,30.4 24.5,,助手,,快操,H,30.4 24.5 (54.9) (助手)
H454,09/05/2024,踱步,沙田,飛機場,沙田 飛機場,,,,,,助手,,踱步,H,飛機場 踱步 (助手)
H454,08/05/2024,游水,沙田,,沙田,,,,,,,,游水,,
H454,08/05/2024,踱步,沙田,內圈,沙田 內圈,,,,,,副練馬師,,快踱一圈,H,內圈 快踱一圈 (副練馬師)
H454,07/05/2024,游水,沙田,,沙田,,,,,,,,游水,,
H454,06/05/2024,游水,沙田,,沙田,,,,,,,,游水,,
H454,06/05/2024,踱步,沙田,內圈,沙田 內圈,,,,,,副練馬師,,倒快一圈,H,內圈 倒快一圈 (副練馬師)
H454,05/05/2024,踱步,沙田,內圈,沙田 內圈,,,,,,助手,,快踱一圈,H,內圈 快踱一圈 (助手)
H454,04/05/2024,快操,沙田,全天候,沙田 全天候,,54.2,54.2,29.2 25.0,,副練馬師,,綫路神驊,H,29.2 25.0 (54.2) (副練馬師) 綫路神驊
H454,04/05/2024,踱步,沙田,飛機場,沙田 飛機場,,,,,,副練馬師,,踱步,H,飛機場 踱步 (副練馬師)
H454,03/05/2024,游水,沙田,,沙田,,,,,,,,游水,,
H454,03/05/2024,踱步,沙田,內圈,沙田 內圈,,,,,,助手,,快踱一圈,H,內圈 快踱一圈 (助手)
H454,02/05/2024,游水,沙田,,沙田,,,,,,,,游水,,
H454,02/05/2024,踱步,沙田,內圈,沙田 內圈,,,,,,助手,,倒快一圈,H,內圈 倒快一圈 (助手)
H454,01/05/2024,游水,沙田,,沙田,,,,,,,,游水,,
H454,01/05/2024,踱步,沙田,外圈,沙田 外圈,,,,,,助手,,快踱一圈,H,外圈 快踱一圈 (助手)
H454,30/04/2024,游水,沙田,,沙田,,,,,,,,游水,,
H454,30/04/2024,踱步,沙田,內圈,沙田 內圈,,,,,,助手,,快踱一圈,H,內圈 快踱一圈 (助手)
H454,29/04/2024,快操,沙田,全天候,沙田 全天候,,51.8,51.8,28.3 23.5,,副練馬師,,快操,H,28.3 23.5 (51.8) (副練馬師)
H454,29/04/2024,踱步,沙田,飛機場,沙田 飛機場,,,,,,副練馬師,,踱步,H,飛機場 踱步 (副練馬師)
H454,28/04/2024,踱步,沙田,內圈,沙田 內圈,,,,,,助手,,快踱一圈,H,內圈 快踱一圈 (助手)
H454,27/04/2024,游水,沙田,,沙田,,,,,,,,游水,,
H454,27/04/2024,踱步,沙田,內圈,沙田 內圈,,,,,,助手,,快踱一圈,H,內圈 快踱一圈 (助手)
H454,26/04/2024,游水,沙田,,沙田,,,,,,,,游水,,
H454,26/04/2024,踱步,沙田,內圈,沙田 內圈,,,,,,助手,,快踱一圈,H,內圈 快踱一圈 (助手)
H454,25/04/2024,游水,沙田,,沙田,,,,,,,,游水,,
H454,25/04/2024,踱步,沙田,內圈,沙田 內圈,,,,,,助手,,倒快一圈,H,內圈 倒快一圈 (助手)
H454,24/04/2024,游水,沙田,,沙田,,,,,,,,游水,,
H454,24/04/2024,踱步,沙田,內圈,沙田 內圈,,,,,,助手,,快踱一圈,H,內圈 快踱一圈 (助手)
H454,23/04/2024,游水,沙田,,沙田,,,,,,,,游水,,
H454,23/04/2024,踱步,沙田,飛機場,沙田 飛機場,,,,,,助手,,踱步,H,飛機場 踱步 (助手)
H454,22/04/2024,游水,沙田,,沙田,,,,,,,,游水,,
H454,21/04/2024,游水,沙田,,沙田,,,,,,,,游水,,
H454,20/04/2024,踱步,沙田,飛機場,沙田 飛機場,,,,,,助手,,踱步,H,飛機場 踱步 (助手)
H454,19/04/2024,踱步,沙田,內圈,沙田 內圈,,,,,,助手,,快踱一圈,H,內圈 快踱一圈 (助手)
H454,18/04/2024,踱步,沙田,內圈,沙田 內圈,,,,,,助手,,倒快一圈,H,內圈 倒快一圈 (助手)
H454,17/04/2024,快操,沙田,全天候,沙田 全天候,,56.4,56.4,30.8 25.6,,班德禮,,快操,H,30.8 25.6 (56.4) (班德禮)
H454,17/04/2024,踱步,沙田,飛機場,沙田 飛機場,,,,,,助手,,踱步,H,飛機場 踱步 (助手)
H454,16/04/2024,游水,沙田,,沙田,,,,,,,,游水,,
H454,16/04/2024,踱步,沙田,內圈,沙田 內圈,,,,,,助手,,快踱一圈,H,內圈 快踱一圈 (助手)
H454,15/04/2024,游水,沙田,,沙田,,,,,,,,游水,,
H454,15/04/2024,踱步,沙田,內圈,沙田 內圈,,,,,,助手,,倒快兩圈,H,內圈 倒快兩圈 (助手)
H454,14/04/2024,踱步,沙田,內圈,沙田 內圈,,,,,,助手,,快踱一圈,H,內圈 快踱一圈 (助手)
H454,13/04/2024,快操,沙田,全天候,沙田 全天候,,54.5,54.5,30.3 24.2,,副練馬師,,機械鬥士,H,30.3 24.2 (54.5) (副練馬師) 機械鬥士
H454,13/04/2024,踱步,沙田,飛機場,沙田 飛機場,,,,,,副練馬師,,踱步,H,飛機場 踱步 (副練馬師)
H454,12/04/2024,游水,沙田,,沙田,,,,,,,,游水,,
H454,12/04/2024,踱步,沙田,內圈,沙田 內圈,,,,,,副練馬師,,快踱一圈,H,內圈 快踱一圈 (副練馬師)
H454,11/04/2024,游水,沙田,,沙田,,,,,,,,游水,,
H454,11/04/2024,踱步,沙田,內圈,沙田 內圈,,,,,,副練馬師,,倒快一圈,H,內圈 倒快一圈 (副練馬師)
H454,10/04/2024,游水,沙田,,沙田,,,,,,,,游水,,
H454,10/04/2024,踱步,沙田,內圈,沙田 內圈,,,,,,副練馬師,,快踱一圈,H,內圈 快踱一圈 (副練馬師)
H454,09/04/2024,游水,沙田,,沙田,,,,,,,,游水,,
H454,09/04/2024,踱步,沙田,內圈,沙田 內圈,,,,,,副練馬師,,快踱一圈,H,內圈 快踱一圈 (副練馬師)
H454,08/04/2024,游水,沙田,,沙田,,,,,,,,游水,,
H454,08/04/2024,踱步,沙田,飛機場,沙田 飛機場,,,,,,助手,,踱步,H,飛機場 踱步 (助手)
H454,06/04/2024,游水,沙田,,沙田,,,,,,,,游水,,
H454,05/04/2024,游水,沙田,,沙田,,,,,,,,游水,,
H454,04/04/2024,游水,沙田,,沙田,,,,,,,,游水,,
H454,03/04/2024,踱步,沙田,飛機場,沙田 飛機場,,,,,,助手,,踱步,,飛機場 踱步 (助手)
H454,02/04/2024,踱步,沙田,內圈,沙田 內圈,,,,,,副練馬師,,快踱一圈,H,內圈 快踱一圈 (副練馬師)
H454,01/04/2024,踱步,沙田,內圈,沙田 內圈,,,,,,副練馬師,,倒快一圈,H,內圈 倒快一圈 (副練馬師)
H454,31/03/2024,快操,沙田,全天候,沙田 全天候,,1.00.2,60.2,33.0 27.2,,助手,,快操,H,33.0 27.2 (1.00.2) (助手)
H454,31/03/2024,踱步,沙田,飛機場,沙田 飛機場,,,,,,助手,,踱步,H,飛機場 踱步 (助手)
H454,30/03/2024,游水,沙田,,沙田,,,,,,,,游水,,
H454,30/03/2024,踱步,沙田,內圈,沙田 內圈,,,,,,副練馬師,,快踱一圈,H,內圈 快踱一圈 (副練馬師)
H454,29/03/2024,游水,沙田,,沙田,,,,,,,,游水,,
H454,29/03/2024,踱步,沙田,內圈,沙田 內圈,,,,,,副練馬師,,快踱一圈,H,內圈 快踱一圈 (副練馬師)
H454,28/03/2024,快操,沙田,草閘,沙田 草閘,,45.4,45.4,23.8 21.6,,副練馬師,,綫路光驊,CP,23.8 21.6 (45.4) (副練馬師) 綫路光驊
H454,28/03/2024,踱步,沙田,飛機場,沙田 飛機場,,,,,,副練馬師,,踱步,CP,飛機場 踱步 (副練馬師)
H454,27/03/2024,游水,沙田,,沙田,,,,,,,,游水,,
H454,27/03/2024,踱步,沙田,內圈,沙田 內圈,,,,,,助手,,快踱一圈,H,內圈 快踱一圈 (助手)
H454,26/03/2024,游水,沙田,,沙田,,,,,,,,游水,,
H454,26/03/2024,踱步,沙田,內圈,沙田 內圈,,,,,,助手,,快踱一圈,H,內圈 快踱一圈 (助手)
H454,25/03/2024,游水,沙田,,沙田,,,,,,,,游水,,
H454,25/03/2024,踱步,沙田,內圈,沙田 內圈,,,,,,副練馬師,,倒快一圈,H,內圈 倒快一圈 (副練馬師)
H454,24/03/2024,快操,沙田,全天候,沙田 全天候,,56.1,56.1,31.1 25.0,,助手,,快操,H,31.1 25.0 (56.1) (助手)
H454,24/03/2024,踱步,沙田,飛機場,沙田 飛機場,,,,,,助手,,踱步,H,飛機場 踱步 (助手)
H454,23/03/2024,游水,沙田,,沙田,,,,,,,,游水,,
H454,23/03/2024,踱步,沙田,內圈,沙田 內圈,,,,,,副練馬師,,快踱一圈,H,內圈 快踱一圈 (副練馬師)
H454,22/03/2024,游水,沙田,,沙田,,,,,,,,游水,,
H454,22/03/2024,踱步,沙田,內圈,沙田 內圈,,,,,,副練馬師,,快踱一圈,H,內圈 快踱一圈 (副練馬師)
H454,21/03/2024,游水,沙田,,沙田,,,,,,,,游水,,
H454,21/03/2024,踱步,沙田,內圈,沙田 內圈,,,,,,助手,,倒快一圈,H,內圈 倒快一圈 (助手)
H454,20/03/2024,游水,沙田,,沙田,,,,,,,,游水,,
H454,20/03/2024,踱步,沙田,內圈,沙田 內圈,,,,,,副練馬師,,快踱一圈,H,內圈 快踱一圈 (副練馬師)
H454,19/03/2024,游水,沙田,,沙田,,,,,,,,游水,,
H454,19/03/2024,踱步,沙田,飛機場,沙田 飛機場,,,,,,助手,,踱步,H,飛機場 踱步 (助手)
H454,18/03/2024,游水,沙田,,沙田,,,,,,,,游水,,
H454,17/03/2024,游水,沙田,,沙田,,,,,,,,游水,,
H454,16/03/2024,踱步,沙田,飛機場,沙田 飛機場,,,,,,助手,,踱步,,飛機場 踱步 (助手)
H454,15/03/2024,踱步,沙田,內圈,沙田 內圈,,,,,,助手,,快踱一圈,H,內圈 快踱一圈 (助手)
H454,14/03/2024,踱步,沙田,內圈,沙田 內圈,,,,,,助手,,倒快一圈,H,內圈 倒快一圈 (助手)
H454,13/03/2024,游水,沙田,,沙田,,,,,,,,游水,,
H454,13/03/2024,踱步,沙田,內圈,沙田 內圈,,,,,,助手,,快踱一圈,H,內圈 快踱一圈 (助手)
H454,12/03/2024,快操,沙田,全天候,沙田 全天候,,54.9,54.9,29.2 25.7,,周俊樂,,快操,H,29.2 25.7 (54.9) (周俊樂)
H454,12/03/2024,踱步,沙田,飛機場,沙田 飛機場,,,,,,周俊樂,,踱步,H,飛機場 踱步 (周俊樂)
H454,11/03/2024,游水,沙田,,沙田,,,,,,,,游水,,
H454,11/03/2024,踱步,沙田,內圈,沙田 內圈,,,,,,助手,,倒快一圈,H,內圈 倒快一圈 (助手)
H454,10/03/2024,踱步,沙田,內圈,沙田 內圈,,,,,,助手,,快踱一圈,H,內圈 快踱一圈 (助手)
H454,09/03/2024,游水,沙田,,沙田,,,,,,,,游水,,
H454,09/03/2024,踱步,沙田,內圈,沙田 內圈,,,,,,助手,,快踱一圈,H,內圈 快踱一圈 (助手)
H454,08/03/2024,游水,沙田,,沙田,,,,,,,,游水,,
H454,08/03/2024,踱步,沙田,內圈,沙田 內圈,,,,,,助手,,快踱一圈,,內圈 快踱一圈 (助手)
H454,07/03/2024,快操,沙田,草閘,沙田 草閘,,46.5,46.5,24.8 21.7,,助手,,閃耀威龍,B,24.8 21.7 (46.5) (助手) 閃耀威龍
H454,07/03/2024,踱步,沙田,飛機場,沙田 飛機場,,,,,,副練馬師,,踱步,B,飛機場 踱步 (副練馬師)
H454,06/03/2024,游水,沙田,,沙田,,,,,,,,游水,,
H454,06/03/2024,踱步,沙田,內圈,沙田 內圈,,,,,,助手,,快踱一圈,H,內圈 快踱一圈 (助手)
H454,05/03/2024,游水,沙田,,沙田,,,,,,,,游水,,
H454,05/03/2024,踱步,沙田,內圈,沙田 內圈,,,,,,助手,,快踱一圈,H,內圈 快踱一圈 (助手)
H454,04/03/2024,游水,沙田,,沙田,,,,,,,,游水,,
H454,04/03/2024,踱步,沙田,內圈,沙田 內圈,,,,,,助手,,倒快一圈,H,內圈 倒快一圈 (助手)
H454,03/03/2024,快操,沙田,全天候,沙田 全天候,,55.6,55.6,30.1 25.5,,助手,,快操,B,30.1 25.5 (55.6) (助手)
H454,03/03/2024,踱步,沙田,飛機場,沙田 飛機場,,,,,,助手,,踱步,B,飛機場 踱步 (助手)
H454,02/03/2024,游水,沙田,,沙田,,,,,,,,游水,,
H454,02/03/2024,踱步,沙田,內圈,沙田 內圈,,,,,,助手,,快踱一圈,H,內圈 快踱一圈 (助手)
H454,01/03/2024,游水,沙田,,沙田,,,,,,,,游水,,
H454,01/03/2024,踱步,沙田,內圈,沙田 內圈,,,,,,助手,,快踱一圈,H,內圈 快踱一圈 (助手)
H454,29/02/2024,游水,沙田,,沙田,,,,,,,,游水,,
H454,28/02/2024,快操,沙田,全天候,沙田 全天候,,55.7,55.7,29.9 25.8,,助手,,快操,H,29.9 25.8 (55.7) (助手)
H454,28/02/2024,踱步,沙田,飛機場,沙田 飛機場,,,,,,助手,,踱步,H,飛機場 踱步 (助手)
H454,27/02/2024,游水,沙田,,沙田,,,,,,,,游水,,
H454,27/02/2024,踱步,沙田,內圈,沙田 內圈,,,,,,助手,,快踱一圈,H,內圈 快踱一圈 (助手)
H454,26/02/2024,游水,沙田,,沙田,,,,,,,,游水,,
H454,26/02/2024,踱步,沙田,內圈,沙田 內圈,,,,,,助手,,倒快一圈,H,內圈 倒快一圈 (助手)
H454,24/02/2024,游水,沙田,,沙田,,,,,,,,游水,,
H454,24/02/2024,踱步,沙田,飛機場,沙田 飛機場,,,,,,助手,,踱步,H,飛機場 踱步 (助手)
H454,21/02/2024,踱步,沙田,飛機場,沙田 飛機場,,,,,,助手,,踱步,H,飛機場 踱步 (助手)
H454,20/02/2024,踱步,沙田,內圈,沙田 內圈,,,,,,助手,,快踱一圈,H,內圈 快踱一圈 (助手)
H454,19/02/2024,踱步,沙田,內圈,沙田 內圈,,,,,,副練馬師,,倒快一圈,H,內圈 倒快一圈 (副練馬師)
H454,18/02/2024,踱步,沙田,內圈,沙田 內圈,,,,,,助手,,快踱一圈,H,內圈 快踱一圈 (助手)
H454,17/02/2024,快操,沙田,全天候,沙田 全天候,,56.2,56.2,30.8 25.4,,副練馬師,,快操,H,30.8 25.4 (56.2) (副練馬師)
H454,17/02/2024,踱步,沙田,飛機場,沙田 飛機場,,,,,,副練馬師,,踱步,H,飛機場 踱步 (副練馬師)
H454,16/02/2024,游水,沙田,,沙田,,,,,,,,游水,,
H454,16/02/2024,踱步,沙田,內圈,沙田 內圈,,,,,,助手,,快踱一圈,H,內圈 快踱一圈 (助手)
H454,15/02/2024,游水,沙田,,沙田,,,,,,,,游水,,
H454,15/02/2024,踱步,沙田,內圈,沙田 內圈,,,,,,助手,,倒快一圈,H,內圈 倒快一圈 (助手)
H454,14/02/2024,游水,沙田,,沙田,,,,,,,,游水,,
H454,14/02/2024,踱步,沙田,內圈,沙田 內圈,,,,,,助手,,快踱一圈,H,內圈 快踱一圈 (助手)
H454,13/02/2024,快操,沙田,全天候,沙田 全天候,,55.1,55.1,30.1 25.0,,助手,,快操,H,30.1 25.0 (55.1) (助手)
H454,13/02/2024,踱步,沙田,飛機場,沙田 飛機場,,,,,,助手,,踱步,H,飛機場 踱步 (助手)
H454,12/02/2024,游水,沙田,,沙田,,,,,,,,游水,,
H454,12/02/2024,踱步,沙田,內圈,沙田 內圈,,,,,,助手,,倒快兩圈,H,內圈 倒快兩圈 (助手)
H454,11/02/2024,游水,沙田,,沙田,,,,,,,,游水,,
H454,11/02/2024,踱步,沙田,內圈,沙田 內圈,,,,,,助手,,快踱一圈,H,內圈 快踱一圈 (助手)
H454,09/02/2024,游水,沙田,,沙田,,,,,,,,游水,,
H454,09/02/2024,踱步,沙田,內圈,沙田 內圈,,,,,,助手,,快踱一圈,H,內圈 快踱一圈 (助手)
H454,08/02/2024,游水,沙田,,沙田,,,,,,,,游水,,
H454,08/02/2024,踱步,沙田,內圈,沙田 內圈,,,,,,副練馬師,,倒快一圈,H,內圈 倒快一圈 (副練馬師)
H454,07/02/2024,游水,沙田,,沙田,,,,,,,,游水,,
H454,06/02/2024,游水,沙田,,沙田,,,,,,,,游水,,
H454,05/02/2024,游水,沙田,,沙田,,,,,,,,游水,,
H454,04/02/2024,踱步,沙田,飛機場,沙田 飛機場,,,,,,助手,,踱步,H,飛機場 踱步 (助手)
H454,03/02/2024,踱步,沙田,內圈,沙田 內圈,,,,,,副練馬師,,快踱一圈,H,內圈 快踱一圈 (副練馬師)
H454,02/02/2024,踱步,沙田,內圈,沙田 內圈,,,,,,助手,,快踱一圈,H,內圈 快踱一圈 (助手)
H454,01/02/2024,踱步,沙田,內圈,沙田 內圈,,,,,,助手,,倒快一圈,H,內圈 倒快一圈 (助手)
H454,31/01/2024,快操,沙田,全天候,沙田 全天候,,54.7,54.7,28.7 26.0,,周俊樂,,快操,H,28.7 26.0 (54.7) (周俊樂)
H454,31/01/2024,踱步,沙田,飛機場,沙田 飛機場,,,,,,助手,,踱步,H,飛機場 踱步 (助手)
H454,30/01/2024,游水,沙田,,沙田,,,,,,,,游水,,
H454,30/01/2024,踱步,沙田,內圈,沙田 內圈,,,,,,助手,,快踱一圈,H,內圈 快踱一圈 (助手)
H454,29/01/2024,游水,沙田,,沙田,,,,,,,,游水,,
H454,29/01/2024,踱步,沙田,內圈,沙田 內圈,,,,,,助手,,倒快一圈,H,內圈 倒快一圈 (助手)
H454,27/01/2024,踱步,沙田,飛機場,沙田 飛機場,,,,,,助手,,踱步,H,飛機場 踱步 (助手)
H454,24/01/2024,踱步,沙田,飛機場,沙田 飛機場,,,,,,助手,,踱步,H,飛機場 踱步 (助手)
H454,23/01/2024,踱步,沙田,內圈,沙田 內圈,,,,,,助手,,快踱一圈,H,內圈 快踱一圈 (助手)
H454,22/01/2024,踱步,沙田,內圈,沙田 內圈,,,,,,助手,,倒快一圈,H,內圈 倒快一圈 (助手)
H454,21/01/2024,踱步,沙田,內圈,沙田 內圈,,,,,,助手,,快踱一圈,H,內圈 快踱一圈 (助手)
H454,20/01/2024,踱步,沙田,內圈,沙田 內圈,,,,,,助手,,快踱一圈,H,內圈 快踱一圈 (助手)
H454,19/01/2024,快操,沙田,全天候,沙田 全天候,,56.7,56.7,29.5 27.2,,黃智弘,,快操,H,29.5 27.2 (56.7) (黃智弘)
H454,19/01/2024,踱步,沙田,飛機場,沙田 飛機場,,,,,,助手,,踱步,H,飛機場 踱步 (助手)
H454,18/01/2024,游水,沙田,,沙田,,,,,,,,游水,,
H454,18/01/2024,踱步,沙田,內圈,沙田 內圈,,,,,,助手,,倒快一圈,H,內圈 倒快一圈 (助手)
H454,17/01/2024,游水,沙田,,沙田,,,,,,,,游水,,
H454,17/01/2024,踱步,沙田,內圈,沙田 內圈,,,,,,助手,,快踱一圈,H,內圈 快踱一圈 (助手)
H454,16/01/2024,游水,沙田,,沙田,,,,,,,,游水,,
H454,16/01/2024,踱步,沙田,內圈,沙田 內圈,,,,,,助手,,快踱一圈,H,內圈 快踱一圈 (助手)
H454,15/01/2024,游水,沙田,,沙田,,,,,,,,游水,,
H454,15/01/2024,踱步,沙田,內圈,沙田 內圈,,,,,,助手,,倒快一圈,H,內圈 倒快一圈 (助手)
H454,14/01/2024,游水,沙田,,沙田,,,,,,,,游水,,
H454,14/01/2024,踱步,沙田,內圈,沙田 內圈,,,,,,助手,,快踱一圈,H,內圈 快踱一圈 (助手)
H454,13/01/2024,踱步,沙田,飛機場,沙田 飛機場,,,,,,助手,,踱步,H,飛機場 踱步 (助手)
H454,12/01/2024,試閘,沙田,全天候,沙田 全天候,1200M,1.09.85,69.85,24.1 22.5 23.2,魅影獵飛,黃智弘,,第1組,XB,第1組 (黃智弘) 1200M 魅影獵飛 24.1 22.5 23.2 (1.09.85)
H454,11/01/2024,游水,沙田,,沙田,,,,,,,,游水,,
H454,11/01/2024,踱步,沙田,內圈,沙田 內圈,,,,,,副練馬師,,倒快一圈,H,內圈 倒快一圈 (副練馬師)
H454,10/01/2024,游水,沙田,,沙田,,,,,,,,游水,,
H454,10/01/2024,踱步,沙田,內圈,沙田 內圈,,,,,,副練馬師,,快踱一圈,H,內圈 快踱一圈 (副練馬師)
H454,09/01/2024,游水,沙田,,沙田,,,,,,,,游水,,
H454,09/01/2024,踱步,沙田,內圈,沙田 內圈,,,,,,副練馬師,,快踱一圈,H,內圈 快踱一圈 (副練馬師)
H454,08/01/2024,快操,沙田,全天候,沙田 全天候,,56.0,56.0,30.5 25.5,,副練馬師,,快操,H,30.5 25.5 (56.0) (副練馬師)
H454,08/01/2024,踱步,沙田,飛機場,沙田 飛機場,,,,,,副練馬師,,踱步,H,飛機場 踱步 (副練馬師)
H454,07/01/2024,踱步,沙田,內圈,沙田 內圈,,,,,,助手,,快踱一圈,H,內圈 快踱一圈 (助手)
H454,06/01/2024,游水,沙田,,沙田,,,,,,,,游水,,
H454,06/01/2024,踱步,沙田,內圈,沙田 內圈,,,,,,副練馬師,,快踱一圈,H,內圈 快踱一圈 (副練馬師)
H454,05/01/2024,游水,沙田,,沙田,,,,,,,,游水,,
H454,05/01/2024,踱步,沙田,內圈,沙田 內圈,,,,,,副練馬師,,快踱一圈,H,內圈 快踱一圈 (副練馬師)
H454,04/01/2024,快操,沙田,全天候,沙田 全天候,,1.23.9,83.9,31.5 28.2 24.2,,副練馬師,,快操,H,31.5 28.2 24.2 (1.23.9) (副練馬師)
H454,04/01/2024,踱步,沙田,飛機場,沙田 飛機場,,,,,,副練馬師,,踱步,H,飛機場 踱步 (副練馬師)
H454,03/01/2024,游水,沙田,,沙田,,,,,,,,游水,,
H454,03/01/2024,踱步,沙田,內圈,沙田 內圈,,,,,,副練馬師,,快踱一圈,H,內圈 快踱一圈 (副練馬師)
H454,02/01/2024,游水,沙田,,沙田,,,,,,,,游水,,
H454,02/01/2024,踱步,沙田,內圈,沙田 內圈,,,,,,副練馬師,,快踱一圈,H,內圈 快踱一圈 (副練馬師)
H454,01/01/2024,游水,沙田,,沙田,,,,,,,,游水,,
H454,01/01/2024,踱步,沙田,內圈,沙田 內圈,,,,,,副練馬師,,倒快一圈,H,內圈 倒快一圈 (副練馬師)
H454,31/12/2023,游水,沙田,,沙田,,,,,,,,游水,,
H454,31/12/2023,踱步,沙田,內圈,沙田 內圈,,,,,,助手,,快踱一圈,H,內圈 快踱一圈 (助手)
H454,30/12/2023,游水,沙田,,沙田,,,,,,,,游水,,
H454,30/12/2023,踱步,沙田,內圈,沙田 內圈,,,,,,副練馬師,,快踱一圈,H,內圈 快踱一圈 (副練馬師)
H454,29/12/2023,游水,沙田,,沙田,,,,,,,,游水,,
H454,29/12/2023,踱步,沙田,飛機場,沙田 飛機場,,,,,,助手,,踱步,H,飛機場 踱步 (助手)
H454,28/12/2023,游水,沙田,,沙田,,,,,,,,游水,,
H454,27/12/2023,游水,沙田,,沙田,,,,,,,,游水,,
H454,26/12/2023,踱步,沙田,飛機場,沙田 飛機場,,,,,,助手,,踱步,,飛機場 踱步 (助手)
H454,25/12/2023,踱步,沙田,內圈,沙田 內圈,,,,,,副練馬師,,倒快一圈,H,內圈 倒快一圈 (副練馬師)
H454,24/12/2023,踱步,沙田,內圈,沙田 內圈,,,,,,助手,,快踱一圈,H,內圈 快踱一圈 (助手)
H454,23/12/2023,踱步,沙田,內圈,沙田 內圈,,,,,,副練馬師,,快踱一圈,H,內圈 快踱一圈 (副練馬師)
H454,22/12/2023,快操,沙田,全天候,沙田 全天候,,58.7,58.7,31.7 27.0,,楊明綸,,快操,H,31.7 27.0 (58.7) (楊明綸)
H454,22/12/2023,踱步,沙田,飛機場,沙田 飛機場,,,,,,助手,,踱步,H,飛機場 踱步 (助手)
H454,21/12/2023,游水,沙田,,沙田,,,,,,,,游水,,
H454,21/12/2023,踱步,沙田,內圈,沙田 內圈,,,,,,副練馬師,,倒快一圈,H,內圈 倒快一圈 (副練馬師)
H454,20/12/2023,游水,沙田,,沙田,,,,,,,,游水,,
H454,20/12/2023,踱步,沙田,內圈,沙田 內圈,,,,,,副練馬師,,快踱一圈,H,內圈 快踱一圈 (副練馬師)
H454,19/12/2023,游水,沙田,,沙田,,,,,,,,游水,,
H454,19/12/2023,踱步,沙田,內圈,沙田 內圈,,,,,,副練馬師,,快踱一圈,H,內圈 快踱一圈 (副練馬師)
H454,18/12/2023,快操,沙田,全天候,沙田 全天候,,54.6,54.6,29.3 25.3,,副練馬師,,快操,H,29.3 25.3 (54.6) (副練馬師)
H454,18/12/2023,踱步,沙田,飛機場,沙田 飛機場,,,,,,副練馬師,,踱步,H,飛機場 踱步 (副練馬師)
H454,17/12/2023,踱步,沙田,內圈,沙田 內圈,,,,,,助手,,快踱一圈,H,內圈 快踱一圈 (助手)
H454,16/12/2023,游水,沙田,,沙田,,,,,,,,游水,,
H454,16/12/2023,踱步,沙田,內圈,沙田 內圈,,,,,,副練馬師,,快踱一圈,H,內圈 快踱一圈 (副練馬師)
H454,15/12/2023,游水,沙田,,沙田,,,,,,,,游水,,
H454,15/12/2023,踱步,沙田,內圈,沙田 內圈,,,,,,副練馬師,,快踱一圈,H,內圈 快踱一圈 (副練馬師)
H454,14/12/2023,游水,沙田,,沙田,,,,,,,,游水,,
H454,13/12/2023,游水,沙田,,沙田,,,,,,,,游水,,
H454,13/12/2023,踱步,沙田,飛機場,沙田 飛機場,,,,,,助手,,踱步,H,飛機場 踱步 (助手)
H454,10/12/2023,踱步,沙田,飛機場,沙田 飛機場,,,,,,助手,,踱步,H,飛機場 踱步 (助手)
H454,09/12/2023,踱步,沙田,內圈,沙田 內圈,,,,,,助手,,快踱一圈,H,內圈 快踱一圈 (助手)
H454,08/12/2023,踱步,沙田,內圈,沙田 內圈,,,,,,副練馬師,,快踱一圈,H,內圈 快踱一圈 (副練馬師)
H454,07/12/2023,踱步,沙田,內圈,沙田 內圈,,,,,,副練馬師,,倒快一圈,H,內圈 倒快一圈 (副練馬師)
H454,06/12/2023,快操,沙田,全天候,沙田 全天候,,53.1,53.1,28.1 25.0,,周俊樂,,快操,H,28.1 25.0 (53.1) (周俊樂)
H454,06/12/2023,踱步,沙田,飛機場,沙田 飛機場,,,,,,助手,,踱步,H,飛機場 踱步 (助手)
H454,05/12/2023,游水,沙田,,沙田,,,,,,,,游水,,
H454,05/12/2023,踱步,沙田,內圈,沙田 內圈,,,,,,助手,,快踱一圈,H,內圈 快踱一圈 (助手)
H454,04/12/2023,游水,沙田,,沙田,,,,,,,,游水,,
H454,04/12/2023,踱步,沙田,內圈,沙田 內圈,,,,,,助手,,倒快一圈,H,內圈 倒快一圈 (助手)
H454,03/12/2023,踱步,沙田,內圈,沙田 內圈,,,,,,助手,,快踱一圈,H,內圈 快踱一圈 (助手)
H454,02/12/2023,快操,沙田,全天候,沙田 全天候,,54.7,54.7,29.5 25.2,,副練馬師,,快操,H,29.5 25.2 (54.7) (副練馬師)
H454,02/12/2023,踱步,沙田,飛機場,沙田 飛機場,,,,,,副練馬師,,踱步,H,飛機場 踱步 (副練馬師)
H454,01/12/2023,游水,沙田,,沙田,,,,,,,,游水,,
H454,01/12/2023,踱步,沙田,內圈,沙田 內圈,,,,,,副練馬師,,快踱一圈,H,內圈 快踱一圈 (副練馬師)
H454,30/11/2023,游水,沙田,,沙田,,,,,,,,游水,,
H454,30/11/2023,踱步,沙田,內圈,沙田 內圈,,,,,,副練馬師,,倒快一圈,H,內圈 倒快一圈 (副練馬師)
H454,29/11/2023,游水,沙田,,沙田,,,,,,,,游水,,
H454,29/11/2023,踱步,沙田,內圈,沙田 內圈,,,,,,副練馬師,,快踱一圈,H,內圈 快踱一圈 (副練馬師)
H454,28/11/2023,游水,沙田,,沙田,,,,,,,,游水,,
H454,28/11/2023,踱步,沙田,內圈,沙田 內圈,,,,,,副練馬師,,快踱一圈,H,內圈 快踱一圈 (副練馬師)
H454,27/11/2023,快操,沙田,草地,沙田 草地,,52.6,52.6,29.0 23.6,,周俊樂,,逐夢年代,H,29.0 23.6 (52.6) (周俊樂) 逐夢年代
H454,27/11/2023,踱步,沙田,飛機場,沙田 飛機場,,,,,,助手,,踱步,H,飛機場 踱步 (助手)
H454,26/11/2023,踱步,沙田,內圈,沙田 內圈,,,,,,助手,,快踱一圈,H,內圈 快踱一圈 (助手)
H454,25/11/2023,游水,沙田,,沙田,,,,,,,,游水,,
H454,25/11/2023,踱步,沙田,內圈,沙田 內圈,,,,,,助手,,快踱一圈,,內圈 快踱一圈 (助手)
H454,24/11/2023,游水,沙田,,沙田,,,,,,,,游水,,
H454,24/11/2023,踱步,沙田,內圈,沙田 內圈,,,,,,副練馬師,,快踱一圈,,內圈 快踱一圈 (副練馬師)
H454,23/11/2023,快操,沙田,全天候,沙田 全天候,,55.8,55.8,29.4 26.4,,周俊樂,,快操,,29.4 26.4 (55.8) (周俊樂)
H454,23/11/2023,踱步,沙田,飛機場,沙田 飛機場,,,,,,助手,,踱步,,飛機場 踱步 (助手)
H454,22/11/2023,游水,沙田,,沙田,,,,,,,,游水,,
H454,22/11/2023,踱步,沙田,內圈,沙田 內圈,,,,,,副練馬師,,快踱一圈,,內圈 快踱一圈 (副練馬師)
H454,21/11/2023,踱步,沙田,內圈,沙田 內圈,,,,,,副練馬師,,快踱一圈,,內圈 快踱一圈 (副練馬師)
H454,20/11/2023,踱步,沙田,內圈,沙田 內圈,,,,,,助手,,倒快一圈,H,內圈 倒快一圈 (助手)
H454,19/11/2023,快操,沙田,全天候,沙田 全天候,,57.3,57.3,30.6 26.7,,助手,,快操,,30.6 26.7 (57.3) (助手)
H454,19/11/2023,踱步,沙田,飛機場,沙田 飛機場,,,,,,助手,,踱步,,飛機場 踱步 (助手)
H454,18/11/2023,游水,沙田,,沙田,,,,,,,,游水,,
H454,18/11/2023,踱步,沙田,內圈,沙田 內圈,,,,,,副練馬師,,快踱一圈,,內圈 快踱一圈 (副練馬師)
H454,17/11/2023,游水,沙田,,沙田,,,,,,,,游水,,
H454,17/11/2023,踱步,沙田,內圈,沙田 內圈,,,,,,副練馬師,,快踱一圈,,內圈 快踱一圈 (副練馬師)
H454,16/11/2023,游水,沙田,,沙田,,,,,,,,游水,,
H454,16/11/2023,踱步,沙田,內圈,沙田 內圈,,,,,,副練馬師,,倒快兩圈,,內圈 倒快兩圈 (副練馬師)
H454,15/11/2023,游水,沙田,,沙田,,,,,,,,游水,,
H454,15/11/2023,踱步,沙田,內圈,沙田 內圈,,,,,,副練馬師,,快踱一圈,H,內圈 快踱一圈 (副練馬師)
H454,14/11/2023,游水,沙田,,沙田,,,,,,,,游水,,
H454,14/11/2023,踱步,沙田,飛機場,沙田 飛機場,,,,,,助手,,踱步,,飛機場 踱步 (助手)
H454,13/11/2023,游水,沙田,,沙田,,,,,,,,游水,,
H454,12/11/2023,游水,沙田,,沙田,,,,,,,,游水,,
H454,11/11/2023,踱步,沙田,飛機場,沙田 飛機場,,,,,,助手,,踱步,H,飛機場 踱步 (助手)
H454,10/11/2023,踱步,沙田,內圈,沙田 內圈,,,,,,副練馬師,,快踱一圈,,內圈 快踱一圈 (副練馬師)
H454,09/11/2023,踱步,沙田,內圈,沙田 內圈,,,,,,副練馬師,,倒快一圈,,內圈 倒快一圈 (副練馬師)
H454,08/11/2023,踱步,沙田,內圈,沙田 內圈,,,,,,副練馬師,,快踱一圈,,內圈 快踱一圈 (副練馬師)
H454,07/11/2023,游水,沙田,,沙田,,,,,,,,游水,,
H454,07/11/2023,踱步,沙田,內圈,沙田 內圈,,,,,,助手,,快踱一圈,,內圈 快踱一圈 (助手)
H454,06/11/2023,快操,沙田,草閘,沙田 草閘,,46.9,46.9,23.5 23.4,,周俊樂,,快操,,23.5 23.4 (46.9) (周俊樂)
H454,05/11/2023,游水,沙田,,沙田,,,,,,,,游水,,
H454,05/11/2023,踱步,沙田,內圈,沙田 內圈,,,,,,助手,,快踱一圈,,內圈 快踱一圈 (助手)
H454,04/11/2023,游水,沙田,,沙田,,,,,,,,游水,,
H454,04/11/2023,踱步,沙田,內圈,沙田 內圈,,,,,,助手,,快踱一圈,H,內圈 快踱一圈 (助手)
H454,03/11/2023,游水,沙田,,沙田,,,,,,,,游水,,
H454,03/11/2023,踱步,沙田,內圈,沙田 內圈,,,,,,副練馬師,,快踱一圈,,內圈 快踱一圈 (副練馬師)
H454,02/11/2023,快操,沙田,全天候,沙田 全天候,,57.4,57.4,30.8 26.6,,副練馬師,,快操,,30.8 26.6 (57.4) (副練馬師)
H454,02/11/2023,踱步,沙田,飛機場,沙田 飛機場,,,,,,副練馬師,,踱步,,飛機場 踱步 (副練馬師)
H454,01/11/2023,游水,沙田,,沙田,,,,,,,,游水,,
H454,01/11/2023,踱步,沙田,內圈,沙田 內圈,,,,,,助手,,快踱一圈,,內圈 快踱一圈 (助手)
H454,31/10/2023,游水,沙田,,沙田,,,,,,,,游水,,
H454,31/10/2023,踱步,沙田,內圈,沙田 內圈,,,,,,助手,,快踱一圈,,內圈 快踱一圈 (助手)
H454,30/10/2023,游水,沙田,,沙田,,,,,,,,游水,,
H454,30/10/2023,踱步,沙田,內圈,沙田 內圈,,,,,,副練馬師,,倒快一圈,H,內圈 倒快一圈 (副練馬師)
H454,29/10/2023,快操,沙田,全天候,沙田 全天候,,58.5,58.5,31.8 26.7,,助手,,快操,,31.8 26.7 (58.5) (助手)
H454,29/10/2023,踱步,沙田,飛機場,沙田 飛機場,,,,,,助手,,踱步,,飛機場 踱步 (助手)
H454,28/10/2023,游水,沙田,,沙田,,,,,,,,游水,,
H454,28/10/2023,踱步,沙田,內圈,沙田 內圈,,,,,,助手,,快踱一圈,,內圈 快踱一圈 (助手)
H454,27/10/2023,游水,沙田,,沙田,,,,,,,,游水,,
H454,27/10/2023,踱步,沙田,內圈,沙田 內圈,,,,,,副練馬師,,快踱一圈,H,內圈 快踱一圈 (副練馬師)
H454,26/10/2023,快操,沙田,全天候,沙田 全天候,,57.5,57.5,30.7 26.8,,副練馬師,,快操,H,30.7 26.8 (57.5) (副練馬師)
H454,26/10/2023,踱步,沙田,飛機場,沙田 飛機場,,,,,,副練馬師,,踱步,,飛機場 踱步 (副練馬師)
H454,25/10/2023,游水,沙田,,沙田,,,,,,,,游水,,
H454,25/10/2023,踱步,沙田,內圈,沙田 內圈,,,,,,助手,,快踱一圈,,內圈 快踱一圈 (助手)
H454,24/10/2023,快操,沙田,全天候,沙田 全天候,,53.1,53.1,28.5 24.6,,副練馬師,,快操,,28.5 24.6 (53.1) (副練馬師)
H454,24/10/2023,踱步,沙田,飛機場,沙田 飛機場,,,,,,副練馬師,,踱步,,飛機場 踱步 (副練馬師)
H454,23/10/2023,游水,沙田,,沙田,,,,,,,,游水,,
H454,23/10/2023,踱步,沙田,內圈,沙田 內圈,,,,,,副練馬師,,倒快兩圈,H,內圈 倒快兩圈 (副練馬師)
H454,22/10/2023,踱步,沙田,內圈,沙田 內圈,,,,,,助手,,快踱一圈,,內圈 快踱一圈 (助手)
H454,21/10/2023,游水,沙田,,沙田,,,,,,,,游水,,
H454,21/10/2023,踱步,沙田,內圈,沙田 內圈,,,,,,副練馬師,,快踱一圈,,內圈 快踱一圈 (副練馬師)
H454,20/10/2023,游水,沙田,,沙田,,,,,,,,游水,,
H454,20/10/2023,踱步,沙田,內圈,沙田 內圈,,,,,,副練馬師,,快踱一圈,H,內圈 快踱一圈 (副練馬師)
H454,19/10/2023,游水,沙田,,沙田,,,,,,,,游水,,
H454,19/10/2023,踱步,沙田,內圈,沙田 內圈,,,,,,副練馬師,,倒快一圈,,內圈 倒快一圈 (副練馬師)
H454,18/10/2023,踱步,沙田,飛機場,沙田 飛機場,,,,,,助手,,踱步,,飛機場 踱步 (助手)
H454,17/10/2023,試閘,沙田,全天候,沙田 全天候,1200M,1.09.46,69.46,24.4 22.5 22.5,魅影獵飛,周俊樂,,第8組,XB,第8組 (周俊樂) 1200M 魅影獵飛 24.4 22.5 22.5 (1.09.46)
H454,16/10/2023,游水,沙田,,沙田,,,,,,,,游水,,
H454,16/10/2023,踱步,沙田,內圈,沙田 內圈,,,,,,副練馬師,,倒快一圈,,內圈 倒快一圈 (副練馬師)
H454,15/10/2023,踱步,沙田,內圈,沙田 內圈,,,,,,助手,,快踱一圈,,內圈 快踱一圈 (助手)
H454,14/10/2023,游水,沙田,,沙田,,,,,,,,游水,,
H454,14/10/2023,踱步,沙田,內圈,沙田 內圈,,,,,,副練馬師,,快踱一圈,H,內圈 快踱一圈 (副練馬師)
H454,13/10/2023,快操,沙田,全天候,沙田 全天候,,52.3,52.3,27.7 24.6,,副練馬師,,快操,,27.7 24.6 (52.3) (副練馬師)
H454,13/10/2023,踱步,沙田,飛機場,沙田 飛機場,,,,,,副練馬師,,踱步,H,飛機場 踱步 (副練馬師)
H454,12/10/2023,游水,沙田,,沙田,,,,,,,,游水,,
H454,12/10/2023,踱步,沙田,內圈,沙田 內圈,,,,,,副練馬師,,倒快兩圈,H,內圈 倒快兩圈 (副練馬師)
H454,11/10/2023,游水,沙田,,沙田,,,,,,,,游水,,
H454,11/10/2023,踱步,沙田,內圈,沙田 內圈,,,,,,副練馬師,,快踱一圈,H,內圈 快踱一圈 (副練馬師)
H454,10/10/2023,快操,沙田,全天候,沙田 全天候,,54.5,54.5,29.0 25.5,,副練馬師,,快操,,29.0 25.5 (54.5) (副練馬師)
H454,10/10/2023,踱步,沙田,飛機場,沙田 飛機場,,,,,,副練馬師,,踱步,,飛機場 踱步 (副練馬師)
H454,08/10/2023,踱步,沙田,內圈,沙田 內圈,,,,,,助手,,快踱一圈,,內圈 快踱一圈 (助手)
H454,07/10/2023,游水,沙田,,沙田,,,,,,,,游水,,
H454,07/10/2023,踱步,沙田,內圈,沙田 內圈,,,,,,副練馬師,,快踱一圈,,內圈 快踱一圈 (副練馬師)
H454,06/10/2023,游水,沙田,,沙田,,,,,,,,游水,,
H454,06/10/2023,踱步,沙田,內圈,沙田 內圈,,,,,,副練馬師,,快踱一圈,,內圈 快踱一圈 (副練馬師)
H454,05/10/2023,快操,沙田,草閘,沙田 草閘,,46.1,46.1,23.5 22.6,,副練馬師,,辣得傲,,23.5 22.6 (46.1) (副練馬師) 辣得傲
H454,05/10/2023,踱步,沙田,飛機場,沙田 飛機場,,,,,,副練馬師,,踱步,,飛機場 踱步 (副練馬師)
H454,04/10/2023,游水,沙田,,沙田,,,,,,,,游水,,
H454,04/10/2023,踱步,沙田,內圈,沙田 內圈,,,,,,副練馬師,,快踱一圈,,內圈 快踱一圈 (副練馬師)
H454,03/10/2023,游水,沙田,,沙田,,,,,,,,游水,,
H454,03/10/2023,踱步,沙田,內圈,沙田 內圈,,,,,,副練馬師,,快踱一圈,,內圈 快踱一圈 (副練馬師)
H454,02/10/2023,游水,沙田,,沙田,,,,,,,,游水,,
H454,02/10/2023,踱步,沙田,內圈,沙田 內圈,,,,,,副練馬師,,倒快一圈,H,內圈 倒快一圈 (副練馬師)
H454,01/10/2023,快操,沙田,全天候,沙田 全天候,,55.7,55.7,30.3 25.4,,助手,,快操,,30.3 25.4 (55.7) (助手)
H454,01/10/2023,踱步,沙田,飛機場,沙田 飛機場,,,,,,助手,,踱步,,飛機場 踱步 (助手)
H454,30/09/2023,游水,沙田,,沙田,,,,,,,,游水,,
H454,30/09/2023,踱步,沙田,內圈,沙田 內圈,,,,,,助手,,快踱一圈,,內圈 快踱一圈 (助手)
H454,29/09/2023,游水,沙田,,沙田,,,,,,,,游水,,
H454,29/09/2023,踱步,沙田,內圈,沙田 內圈,,,,,,助手,,快踱一圈,H,內圈 快踱一圈 (助手)
H454,28/09/2023,游水,沙田,,沙田,,,,,,,,游水,,
H454,28/09/2023,踱步,沙田,內圈,沙田 內圈,,,,,,助手,,倒快一圈,H,內圈 倒快一圈 (助手)
H454,26/09/2023,試閘,沙田,草地,沙田 草地,1000M,0.58.16,58.16,14.3 21.7 22.1,朗朗乾坤,周俊樂,,第2組,,第2組 (周俊樂) 1000M 朗朗乾坤 14.3 21.7 22.1 (0.58.16)
H454,25/09/2023,游水,沙田,,沙田,,,,,,,,游水,,
H454,25/09/2023,踱步,沙田,內圈,沙田 內圈,,,,,,助手,,倒快一圈,,內圈 倒快一圈 (助手)
H454,24/09/2023,踱步,沙田,內圈,沙田 內圈,,,,,,助手,,快踱一圈,,內圈 快踱一圈 (助手)
H454,23/09/2023,游水,沙田,,沙田,,,,,,,,游水,,
H454,23/09/2023,踱步,沙田,內圈,沙田 內圈,,,,,,助手,,快踱一圈,H,內圈 快踱一圈 (助手)
H454,22/09/2023,快操,沙田,全天候,沙田 全天候,,1.27.2,87.2,33.0 29.2 25.0,,副練馬師,,快操,,33.0 29.2 25.0 (1.27.2) (副練馬師)
H454,21/09/2023,游水,沙田,,沙田,,,,,,,,游水,,
H454,21/09/2023,踱步,沙田,內圈,沙田 內圈,,,,,,副練馬師,,倒快兩圈,,內圈 倒快兩圈 (副練馬師)
H454,20/09/2023,游水,沙田,,沙田,,,,,,,,游水,,
H454,20/09/2023,踱步,沙田,內圈,沙田 內圈,,,,,,副練馬師,,快踱一圈,,內圈 快踱一圈 (副練馬師)
H454,19/09/2023,游水,沙田,,沙田,,,,,,,,游水,,
H454,19/09/2023,踱步,沙田,內圈,沙田 內圈,,,,,,助手,,快踱一圈,H,內圈 快踱一圈 (助手)
H454,18/09/2023,游水,沙田,,沙田,,,,,,,,游水,,
H454,18/09/2023,踱步,沙田,內圈,沙田 內圈,,,,,,副練馬師,,倒快兩圈,,內圈 倒快兩圈 (副練馬師)
H454,17/09/2023,踱步,沙田,內圈,沙田 內圈,,,,,,助手,,快踱一圈,,內圈 快踱一圈 (助手)
H454,16/09/2023,試閘,跑馬地,草地,跑馬地 草地,1200M,1.11.64,71.64,24.6 23.8 23.2,傑出漢子,周俊樂,,第4組,,第4組 (周俊樂) 1200M 傑出漢子 24.6 23.8 23.2 (1.11.64)
H454,15/09/2023,游水,沙田,,沙田,,,,,,,,游水,,
H454,15/09/2023,踱步,沙田,內圈,沙田 內圈,,,,,,助手,,快踱一圈,,內圈 快踱一圈 (助手)
H454,14/09/2023,游水,沙田,,沙田,,,,,,,,游水,,
H454,14/09/2023,踱步,沙田,內圈,沙田 內圈,,,,,,副練馬師,,倒快一圈,,內圈 倒快一圈 (副練馬師)
H454,13/09/2023,快操,沙田,全天候,沙田 全天候,,55.6,55.6,30.7 24.9,,助手,,開心馬,,30.7 24.9 (55.6) (助手) 開心馬
H454,13/09/2023,踱步,沙田,飛機場,沙田 飛機場,,,,,,副練馬師,,踱步,,飛機場 踱步 (副練馬師)
H454,12/09/2023,游水,沙田,,沙田,,,,,,,,游水,,
H454,12/09/2023,踱步,沙田,內圈,沙田 內圈,,,,,,副練馬師,,快踱一圈,,內圈 快踱一圈 (副練馬師)
H454,11/09/2023,游水,沙田,,沙田,,,,,,,,游水,,
H454,11/09/2023,踱步,沙田,內圈,沙田 內圈,,,,,,副練馬師,,倒快兩圈,,內圈 倒快兩圈 (副練馬師)
H454,10/09/2023,踱步,沙田,內圈,沙田 內圈,,,,,,助手,,快踱一圈,,內圈 快踱一圈 (助手)
H454,09/09/2023,快操,沙田,全天候,沙田 全天候,,59.3,59.3,33.1 26.2,,副練馬師,,快操,,33.1 26.2 (59.3) (副練馬師)
H454,09/09/2023,踱步,沙田,飛機場,沙田 飛機場,,,,,,副練馬師,,踱步,,飛機場 踱步 (副練馬師)
H454,07/09/2023,游水,沙田,,沙田,,,,,,,,游水,,
H454,07/09/2023,踱步,沙田,內圈,沙田 內圈,,,,,,助手,,倒快一圈,,內圈 倒快一圈 (助手)
H454,06/09/2023,游水,沙田,,沙田,,,,,,,,游水,,
H454,06/09/2023,踱步,沙田,內圈,沙田 內圈,,,,,,助手,,快踱一圈,,內圈 快踱一圈 (助手)
H454,05/09/2023,快操,沙田,草閘,沙田 草閘,,45.8,45.8,23.5 22.3,,副練馬師,,善傳香江,,23.5 22.3 (45.8) (副練馬師) 善傳香江
H454,05/09/2023,踱步,沙田,飛機場,沙田 飛機場,,,,,,副練馬師,,踱步,,飛機場 踱步 (副練馬師)
H454,04/09/2023,游水,沙田,,沙田,,,,,,,,游水,,
H454,04/09/2023,踱步,沙田,內圈,沙田 內圈,,,,,,副練馬師,,倒快兩圈,,內圈 倒快兩圈 (副練馬師)
H454,03/09/2023,游水,沙田,,沙田,,,,,,,,游水,,
H454,03/09/2023,踱步,沙田,內圈,沙田 內圈,,,,,,助手,,快踱一圈,,內圈 快踱一圈 (助手)
H454,31/08/2023,快操,沙田,全天候,沙田 全天候,,55.9,55.9,30.6 25.3,,副練馬師,,機械鬥士,H,30.6 25.3 (55.9) (副練馬師) 機械鬥士
H454,31/08/2023,踱步,沙田,飛機場,沙田 飛機場,,,,,,副練馬師,,踱步,,飛機場 踱步 (副練馬師)
H454,30/08/2023,游水,沙田,,沙田,,,,,,,,游水,,
H454,30/08/2023,踱步,沙田,內圈,沙田 內圈,,,,,,副練馬師,,快踱一圈,,內圈 快踱一圈 (副練馬師)
H454,29/08/2023,游水,沙田,,沙田,,,,,,,,游水,,
H454,29/08/2023,踱步,沙田,內圈,沙田 內圈,,,,,,副練馬師,,快踱一圈,,內圈 快踱一圈 (副練馬師)
H454,28/08/2023,游水,沙田,,沙田,,,,,,,,游水,,
H454,28/08/2023,踱步,沙田,內圈,沙田 內圈,,,,,,助手,,倒快兩圈,,內圈 倒快兩圈 (助手)
H454,27/08/2023,游水,沙田,,沙田,,,,,,,,游水,,
H454,27/08/2023,踱步,沙田,內圈,沙田 內圈,,,,,,助手,,快踱一圈,,內圈 快踱一圈 (助手)
H454,26/08/2023,快操,沙田,全天候,沙田 全天候,,55.8,55.8,30.4 25.4,,副練馬師,,快操,,30.4 25.4 (55.8) (副練馬師)
H454,26/08/2023,踱步,沙田,飛機場,沙田 飛機場,,,,,,副練馬師,,踱步,,飛機場 踱步 (副練馬師)
H454,25/08/2023,游水,沙田,,沙田,,,,,,,,游水,,
H454,25/08/2023,踱步,沙田,內圈,沙田 內圈,,,,,,助手,,快踱一圈,,內圈 快踱一圈 (助手)
H454,24/08/2023,游水,沙田,,沙田,,,,,,,,游水,,
H454,24/08/2023,踱步,沙田,內圈,沙田 內圈,,,,,,副練馬師,,倒快一圈,,內圈 倒快一圈 (副練馬師)
H454,23/08/2023,游水,沙田,,沙田,,,,,,,,游水,,
H454,23/08/2023,踱步,沙田,內圈,沙田 內圈,,,,,,助手,,快踱一圈,,內圈 快踱一圈 (助手)
H454,22/08/2023,快操,沙田,全天候,沙田 全天候,,1.01.6,61.6,32.7 28.9,,副練馬師,,星叻無敵,,32.7 28.9 (1.01.6) (副練馬師) 星叻無敵
H454,21/08/2023,游水,沙田,,沙田,,,,,,,,游水,,
H454,21/08/2023,踱步,沙田,內圈,沙田 內圈,,,,,,副練馬師,,倒快兩圈,,內圈 倒快兩圈 (副練馬師)
H454,20/08/2023,游水,沙田,,沙田,,,,,,,,游水,,
H454,20/08/2023,踱步,沙田,內圈,沙田 內圈,,,,,,助手,,快踱一圈,,內圈 快踱一圈 (助手)
H454,19/08/2023,游水,沙田,,沙田,,,,,,,,游水,,
H454,19/08/2023,踱步,沙田,內圈,沙田 內圈,,,,,,助手,,快踱一圈,H,內圈 快踱一圈 (助手)
H454,18/08/2023,快操,沙田,全天候,沙田 全天候,,58.9,58.9,30.5 28.4,,副練馬師,,快操,,30.5 28.4 (58.9) (副練馬師)
H454,18/08/2023,踱步,沙田,飛機場,沙田 飛機場,,,,,,副練馬師,,踱步,,飛機場 踱步 (副練馬師)
H454,17/08/2023,游水,沙田,,沙田,,,,,,,,游水,,
H454,17/08/2023,踱步,沙田,內圈,沙田 內圈,,,,,,副練馬師,,倒快兩圈,,內圈 倒快兩圈 (副練馬師)
H454,16/08/2023,游水,沙田,,沙田,,,,,,,,游水,,
H454,16/08/2023,踱步,沙田,內圈,沙田 內圈,,,,,,副練馬師,,快踱兩圈,,內圈 快踱兩圈 (副練馬師)
H454,15/08/2023,游水,沙田,,沙田,,,,,,,,游水,,
H454,15/08/2023,踱步,沙田,內圈,沙田 內圈,,,,,,副練馬師,,快踱一圈,,內圈 快踱一圈 (副練馬師)
H454,14/08/2023,快操,沙田,全天候,沙田 全天候,,32.4,32.4,32.4,,副練馬師,,快操,,32.4 (32.4) (副練馬師)
H454,14/08/2023,踱步,沙田,飛機場,沙田 飛機場,,,,,,副練馬師,,踱步,,飛機場 踱步 (副練馬師)
H454,13/08/2023,游水,沙田,,沙田,,,,,,,,游水,,
H454,13/08/2023,踱步,沙田,內圈,沙田 內圈,,,,,,助手,,快踱一圈,,內圈 快踱一圈 (助手)
H454,12/08/2023,游水,沙田,,沙田,,,,,,,,游水,,
H454,12/08/2023,踱步,沙田,內圈,沙田 內圈,,,,,,副練馬師,,快踱一圈,H,內圈 快踱一圈 (副練馬師)
H454,11/08/2023,游水,沙田,,沙田,,,,,,,,游水,,
H454,11/08/2023,踱步,沙田,內圈,沙田 內圈,,,,,,副練馬師,,快踱一圈,H,內圈 快踱一圈 (副練馬師)
H454,10/08/2023,游水,沙田,,沙田,,,,,,,,游水,,
H454,10/08/2023,踱步,沙田,內圈,沙田 內圈,,,,,,助手,,快踱一圈,,內圈 快踱一圈 (助手)
H454,09/08/2023,游水,沙田,,沙田,,,,,,,,游水,,
H454,09/08/2023,踱步,沙田,內圈,沙田 內圈,,,,,,助手,,快踱一圈,,內圈 快踱一圈 (助手)
H454,08/08/2023,踱步,沙田,內圈,沙田 內圈,,,,,,助手,,快踱一圈,,內圈 快踱一圈 (助手)
H454,07/08/2023,游水,沙田,,沙田,,,,,,,,游水,,
H454,06/08/2023,踱步,沙田,外圈,沙田 外圈,,,,,,助手,,快踱一圈,,外圈 快踱一圈 (助手)
H454,05/08/2023,踱步,沙田,外圈,沙田 外圈,,,,,,助手,,快踱一圈,,外圈 快踱一圈 (助手)
H454,04/08/2023,踱步,沙田,外圈,沙田 外圈,,,,,,助手,,快踱一圈,,外圈 快踱一圈 (助手)
H454,03/08/2023,游水,沙田,,沙田,,,,,,,,游水,,
H454,03/08/2023,踱步,沙田,外圈,沙田 外圈,,,,,,助手,,快踱一圈,,外圈 快踱一圈 (助手)
H454,02/08/2023,踱步,沙田,外圈,沙田 外圈,,,,,,助手,,快踱一圈,,外圈 快踱一圈 (助手)
H454,01/08/2023,踱步,沙田,外圈,沙田 外圈,,,,,,助手,,快踱一圈,,外圈 快踱一圈 (助手)
H454,31/07/2023,踱步,沙田,飛機場,沙田 飛機場,,,,,,助手,,踱步,,飛機場 踱步 (助手)
H454,30/07/2023,踱步,沙田,飛機場,沙田 飛機場,,,,,,助手,,踱步,,飛機場 踱步 (助手)
H454,29/07/2023,踱步,沙田,飛機場,沙田 飛機場,,,,,,助手,,踱步,,飛機場 踱步 (助手)
H454,28/07/2023,踱步,沙田,飛機場,沙田 飛機場,,,,,,助手,,踱步,,飛機場 踱步 (助手)
H454,27/07/2023,踱步,沙田,飛機場,沙田 飛機場,,,,,,助手,,踱步,H,飛機場 踱步 (助手)
H454,26/07/2023,踱步,沙田,飛機場,沙田 飛機場,,,,,,助手,,踱步,,飛機場 踱步 (助手)
