horse_no,date,work_type,racecourse,track,venue,distance,time,time_sec,splits,partner,rider,placing,comment,gear,workout_details
J174,05/09/2026,踱步,從化,內圈,從化 內圈,,,,,,助手,,快踱一圈,H,內圈 快踱一圈 (助手)
J174,04/09/2026,游水,從化,,從化,,,,,,,,游水,,
J174,04/09/2026,踱步,從化,內圈,從化 內圈,,,,,,助手,,快踱一圈,H,內圈 快踱一圈 (助手)
J174,03/09/2026,游水,從化,,從化,,,,,,,,游水,,
J174,03/09/2026,快操,從化,全天候,從化 全天候,,1.00.4,60.4,31.6 28.8,,助手,,快操,H,31.6 28.8 (1.00.4) (助手)
J174,03/09/2026,踱步,從化,飛機場,從化 飛機場,,,,,,助手,,踱步,H,飛機場 踱步 (助手)
J174,02/09/2026,馬匹水中步行機,從化,,從化,,,,,,,,馬匹水中步行機,,
J174,02/09/2026,游水,從化,,從化,,,,,,,,游水,,
J174,02/09/2026,踱步,從化,內圈,從化 內圈,,,,,,助手,,快踱一圈,H,內圈 快踱一圈 (助手)
J174,01/09/2026,游水,從化,,從化,,,,,,,,游水,,
J174,01/09/2026,踱步,從化,內圈,從化 內圈,,,,,,助手,,快踱一圈,H,內圈 快踱一圈 (助手)
J174,31/08/2026,馬匹水中步行機,從化,,從化,,,,,,,,馬匹水中步行機,,
J174,31/08/2026,游水,從化,,從化,,,,,,,,游水,,
J174,31/08/2026,踱步,從化,內圈,從化 內圈,,,,,,助手,,倒快一圈,H,內圈 倒快一圈 (助手)
J174,30/08/2026,游水,從化,,從化,,,,,,,,游水,,
J174,30/08/2026,快操,從化,全天候,從化 全天候,,1.00.9,60.9,31.9 29.0,,助手,,快操,H,31.9 29.0 (1.00.9) (助手)
J174,30/08/2026,踱步,從化,飛機場,從化 飛機場,,,,,,助手,,踱步,H,飛機場 踱步 (助手)
J174,29/08/2026,游水,從化,,從化,,,,,,,,游水,,
J174,29/08/2026,踱步,從化,內圈,從化 內圈,,,,,,助手,,快踱一圈,H,內圈 快踱一圈 (助手)
J174,28/08/2026,游水,從化,,從化,,,,,,,,游水,,
J174,28/08/2026,踱步,從化,內圈,從化 內圈,,,,,,助手,,快踱一圈,H,內圈 快踱一圈 (助手)
J174,27/08/2026,馬匹水中步行機,從化,,從化,,,,,,,,馬匹水中步行機,,
J174,27/08/2026,游水,從化,,從化,,,,,,,,游水,,
J174,27/08/2026,踱步,從化,內圈,從化 內圈,,,,,,助手,,倒快一圈,H,內圈 倒快一圈 (助手)
J174,26/08/2026,游水,從化,,從化,,,,,,,,游水,,
J174,26/08/2026,踱步,從化,內圈,從化 內圈,,,,,,助手,,快踱一圈,H,內圈 快踱一圈 (助手)
J174,25/08/2026,游水,從化,,從化,,,,,,,,游水,,
J174,25/08/2026,快操,從化,全天候,從化 全天候,,29.9,29.9,29.9,,助手,,快操,H,29.9 (29.9) (助手)
J174,25/08/2026,踱步,從化,飛機場,從化 飛機場,,,,,,助手,,踱步,H,飛機場 踱步 (助手)
J174,24/08/2026,游水,從化,,從化,,,,,,,,游水,,
J174,24/08/2026,踱步,從化,內圈,從化 內圈,,,,,,助手,,倒快一圈,H,內圈 倒快一圈 (助手)
J174,23/08/2026,游水,從化,,從化,,,,,,,,游水,,
J174,23/08/2026,踱步,從化,內圈,從化 內圈,,,,,,助手,,快踱一圈,H,內圈 快踱一圈 (助手)
J174,22/08/2026,游水,從化,,從化,,,,,,,,游水,,
J174,22/08/2026,踱步,從化,內圈,從化 內圈,,,,,,助手,,快踱一圈,H,內圈 快踱一圈 (助手)
J174,21/08/2026,馬匹水中步行機,從化,,從化,,,,,,,,馬匹水中步行機,,
J174,21/08/2026,游水,從化,,從化,,,,,,,,游水,,
J174,21/08/2026,踱步,從化,內圈,從化 內圈,,,,,,助手,,快踱一圈,H,內圈 快踱一圈 (助手)
J174,20/08/2026,游水,從化,,從化,,,,,,,,游水,,
J174,20/08/2026,踱步,從化,內圈,從化 內圈,,,,,,助手,,倒快一圈,H,內圈 倒快一圈 (助手)
J174,19/08/2026,游水,從化,,從化,,,,,,,,游水,,
J174,19/08/2026,快操,從化,全天候,從化 全天候,,32.9,32.9,32.9,,助手,,快操,H,32.9 (32.9) (助手)
J174,19/08/2026,踱步,從化,飛機場,從化 飛機場,,,,,,助手,,踱步,H,飛機場 踱步 (助手)
J174,18/08/2026,游水,從化,,從化,,,,,,,,游水,,
J174,18/08/2026,踱步,從化,內圈,從化 內圈,,,,,,助手,,快踱一圈,H,內圈 快踱一圈 (助手)
J174,17/08/2026,游水,從化,,從化,,,,,,,,游水,,
J174,17/08/2026,踱步,從化,內圈,從化 內圈,,,,,,助手,,倒快一圈,H,內圈 倒快一圈 (助手)
J174,16/08/2026,游水,從化,,從化,,,,,,,,游水,,
J174,16/08/2026,踱步,從化,內圈,從化 內圈,,,,,,助手,,快踱一圈,H,內圈 快踱一圈 (助手)
J174,15/08/2026,游水,從化,,從化,,,,,,,,游水,,
J174,15/08/2026,踱步,從化,內圈,從化 內圈,,,,,,助手,,快踱一圈,H,內圈 快踱一圈 (助手)
J174,14/08/2026,游水,從化,,從化,,,,,,,,游水,,
J174,14/08/2026,踱步,從化,內圈,從化 內圈,,,,,,助手,,快踱一圈,H,內圈 快踱一圈 (助手)
J174,13/08/2026,游水,從化,,從化,,,,,,,,游水,,
J174,13/08/2026,踱步,從化,內圈,從化 內圈,,,,,,助手,,倒快一圈,H,內圈 倒快一圈 (助手)
J174,12/08/2026,游水,從化,,從化,,,,,,,,游水,,
J174,12/08/2026,踱步,從化,內圈,從化 內圈,,,,,,助手,,快踱一圈,H,內圈 快踱一圈 (助手)
J174,11/08/2026,游水,從化,,從化,,,,,,,,游水,,
J174,11/08/2026,踱步,從化,飛機場,從化 飛機場,,,,,,助手,,踱步,H,飛機場 踱步 (助手)
J174,10/08/2026,馬匹水中步行機,從化,,從化,,,,,,,,馬匹水中步行機,,
J174,10/08/2026,游水,從化,,從化,,,,,,,,游水,,
J174,10/08/2026,踱步,從化,飛機場,從化 飛機場,,,,,,助手,,踱步,H,飛機場 踱步 (助手)
J174,09/08/2026,游水,從化,,從化,,,,,,,,游水,,
J174,09/08/2026,踱步,從化,飛機場,從化 飛機場,,,,,,助手,,踱步,H,飛機場 踱步 (助手)
J174,08/08/2026,馬匹水中步行機,從化,,從化,,,,,,,,馬匹水中步行機,,
J174,08/08/2026,游水,從化,,從化,,,,,,,,游水,,
J174,08/08/2026,踱步,從化,飛機場,從化 飛機場,,,,,,助手,,踱步,H,飛機場 踱步 (助手)
J174,07/08/2026,游水,從化,,從化,,,,,,,,游水,,
J174,07/08/2026,踱步,從化,飛機場,從化 飛機場,,,,,,助手,,踱步,H,飛機場 踱步 (助手)
J174,06/08/2026,馬匹水中步行機,從化,,從化,,,,,,,,馬匹水中步行機,,
J174,06/08/2026,游水,從化,,從化,,,,,,,,游水,,
J174,06/08/2026,踱步,從化,飛機場,從化 飛機場,,,,,,助手,,踱步,H,飛機場 踱步 (助手)
J174,05/08/2026,馬匹水中步行機,從化,,從化,,,,,,,,馬匹水中步行機,,
J174,05/08/2026,游水,從化,,從化,,,,,,,,游水,,
J174,05/08/2026,踱步,從化,飛機場,從化 飛機場,,,,,,助手,,踱步,H,飛機場 踱步 (助手)
J174,04/08/2026,游水,從化,,從化,,,,,,,,游水,,
J174,04/08/2026,踱步,從化,飛機場,從化 飛機場,,,,,,助手,,踱步,H,飛機場 踱步 (助手)
J174,03/08/2026,游水,從化,,從化,,,,,,,,游水,,
J174,03/08/2026,踱步,從化,飛機場,從化 飛機場,,,,,,助手,,踱步,H,飛機場 踱步 (助手)
J174,02/08/2026,游水,從化,,從化,,,,,,,,游水,,
J174,02/08/2026,踱步,從化,飛機場,從化 飛機場,,,,,,助手,,踱步,H,飛機場 踱步 (助手)
J174,01/08/2026,游水,從化,,從化,,,,,,,,游水,,
J174,01/08/2026,踱步,從化,飛機場,從化 飛機場,,,,,,助手,,踱步,H,飛機場 踱步 (助手)
J174,31/07/2026,踱步,從化,飛機場,從化 飛機場,,,,,,助手,,踱步,H,飛機場 踱步 (助手)
J174,30/07/2026,踱步,從化,飛機場,從化 飛機場,,,,,,助手,,踱步,H,飛機場 踱步 (助手)
J174,29/07/2026,踱步,從化,飛機場,從化 飛機場,,,,,,助手,,踱步,H,飛機場 踱步 (助手)
J174,28/07/2026,踱步,從化,飛機場,從化 飛機場,,,,,,助手,,踱步,H,飛機場 踱步 (助手)
J174,27/07/2026,踱步,從化,飛機場,從化 飛機場,,,,,,助手,,踱步,H,飛機場 踱步 (助手)
J174,17/07/2026,馬匹水中步行機,從化,,從化,,,,,,,,馬匹水中步行機,,
J174,16/07/2026,馬匹水中步行機,從化,,從化,,,,,,,,馬匹水中步行機,,
J174,15/07/2026,馬匹水中步行機,從化,,從化,,,,,,,,馬匹水中步行機,,
J174,15/07/2026,游水,從化,,從化,,,,,,,,游水,,
J174,14/07/2026,馬匹水中步行機,從化,,從化,,,,,,,,馬匹水中步行機,,
J174,14/07/2026,游水,從化,,從化,,,,,,,,游水,,
J174,13/07/2026,游水,從化,,從化,,,,,,,,游水,,
J174,12/07/2026,馬匹水中步行機,從化,,從化,,,,,,,,馬匹水中步行機,,
J174,12/07/2026,游水,從化,,從化,,,,,,,,游水,,
J174,11/07/2026,馬匹水中步行機,從化,,從化,,,,,,,,馬匹水中步行機,,
J174,11/07/2026,游水,從化,,從化,,,,,,,,游水,,
J174,10/07/2026,游水,從化,,從化,,,,,,,,游水,,
J174,09/07/2026,馬匹水中步行機,從化,,從化,,,,,,,,馬匹水中步行機,,
J174,09/07/2026,游水,從化,,從化,,,,,,,,游水,,
J174,08/07/2026,游水,從化,,從化,,,,,,,,游水,,
J174,07/07/2026,馬匹水中步行機,從化,,從化,,,,,,,,馬匹水中步行機,,
J174,07/07/2026,游水,從化,,從化,,,,,,,,游水,,
J174,06/07/2026,游水,從化,,從化,,,,,,,,游水,,
J174,05/07/2026,馬匹水中步行機,從化,,從化,,,,,,,,馬匹水中步行機,,
J174,05/07/2026,游水,從化,,從化,,,,,,,,游水,,
J174,04/07/2026,游水,從化,,從化,,,,,,,,游水,,
J174,03/07/2026,游水,從化,,從化,,,,,,,,游水,,
J174,03/07/2026,踱步,從化,飛機場,從化 飛機場,,,,,,助手,,踱步,H,飛機場 踱步 (助手)
J174,02/07/2026,游水,從化,,從化,,,,,,,,游水,,
J174,02/07/2026,踱步,從化,飛機場,從化 飛機場,,,,,,助手,,踱步,H,飛機場 踱步 (助手)
J174,01/07/2026,馬匹水中步行機,從化,,從化,,,,,,,,馬匹水中步行機,,
J174,01/07/2026,游水,從化,,從化,,,,,,,,游水,,
J174,01/07/2026,踱步,從化,飛機場,從化 飛機場,,,,,,助手,,踱步,H,飛機場 踱步 (助手)
J174,30/06/2026,游水,從化,,從化,,,,,,,,游水,,
J174,30/06/2026,踱步,從化,飛機場,從化 飛機場,,,,,,助手,,踱步,H,飛機場 踱步 (助手)
J174,29/06/2026,游水,從化,,從化,,,,,,,,游水,,
J174,29/06/2026,踱步,從化,飛機場,從化 飛機場,,,,,,助手,,踱步,H,飛機場 踱步 (助手)
J174,28/06/2026,馬匹水中步行機,從化,,從化,,,,,,,,馬匹水中步行機,,
J174,28/06/2026,游水,從化,,從化,,,,,,,,游水,,
J174,28/06/2026,踱步,從化,飛機場,從化 飛機場,,,,,,助手,,踱步,H,飛機場 踱步 (助手)
J174,27/06/2026,游水,從化,,從化,,,,,,,,游水,,
J174,27/06/2026,踱步,從化,飛機場,從化 飛機場,,,,,,助手,,踱步,H,飛機場 踱步 (助手)
J174,26/06/2026,游水,從化,,從化,,,,,,,,游水,,
J174,26/06/2026,踱步,從化,飛機場,從化 飛機場,,,,,,助手,,踱步,H,飛機場 踱步 (助手)
J174,25/06/2026,馬匹水中步行機,從化,,從化,,,,,,,,馬匹水中步行機,,
J174,25/06/2026,游水,從化,,從化,,,,,,,,游水,,
J174,25/06/2026,踱步,從化,飛機場,從化 飛機場,,,,,,助手,,踱步,H,飛機場 踱步 (助手)
J174,24/06/2026,游水,從化,,從化,,,,,,,,游水,,
J174,24/06/2026,踱步,從化,飛機場,從化 飛機場,,,,,,助手,,踱步,H,飛機場 踱步 (助手)
J174,23/06/2026,馬匹水中步行機,從化,,從化,,,,,,,,馬匹水中步行機,,
J174,23/06/2026,游水,從化,,從化,,,,,,,,游水,,
J174,23/06/2026,踱步,從化,飛機場,從化 飛機場,,,,,,助手,,踱步,H,飛機場 踱步 (助手)
J174,22/06/2026,游水,從化,,從化,,,,,,,,游水,,
J174,22/06/2026,踱步,從化,飛機場,從化 飛機場,,,,,,助手,,踱步,H,飛機場 踱步 (助手)
J174,21/06/2026,馬匹水中步行機,從化,,從化,,,,,,,,馬匹水中步行機,,
J174,21/06/2026,游水,從化,,從化,,,,,,,,游水,,
J174,21/06/2026,踱步,從化,內圈,從化 內圈,,,,,,助手,,快踱一圈,H,內圈 快踱一圈 (助手)
J174,20/06/2026,馬匹水中步行機,從化,,從化,,,,,,,,馬匹水中步行機,,
J174,20/06/2026,游水,從化,,從化,,,,,,,,游水,,
J174,20/06/2026,踱步,從化,內圈,從化 內圈,,,,,,助手,,快踱一圈,H,內圈 快踱一圈 (助手)
J174,19/06/2026,游水,從化,,從化,,,,,,,,游水,,
J174,19/06/2026,踱步,從化,內圈,從化 內圈,,,,,,助手,,快踱一圈,H,內圈 快踱一圈 (助手)
J174,18/06/2026,游水,從化,,從化,,,,,,,,游水,,
J174,18/06/2026,踱步,從化,內圈,從化 內圈,,,,,,助手,,倒快一圈,H,內圈 倒快一圈 (助手)
J174,17/06/2026,游水,從化,,從化,,,,,,,,游水,,
J174,17/06/2026,踱步,從化,內圈,從化 內圈,,,,,,助手,,快踱一圈,H,內圈 快踱一圈 (助手)
J174,16/06/2026,游水,從化,,從化,,,,,,,,游水,,
J174,16/06/2026,踱步,從化,內圈,從化 內圈,,,,,,助手,,快踱一圈,H,內圈 快踱一圈 (助手)
J174,15/06/2026,馬匹水中步行機,從化,,從化,,,,,,,,馬匹水中步行機,,
J174,15/06/2026,游水,從化,,從化,,,,,,,,游水,,
J174,15/06/2026,踱步,從化,內圈,從化 內圈,,,,,,助手,,倒快一圈,H,內圈 倒快一圈 (助手)
J174,14/06/2026,游水,從化,,從化,,,,,,,,游水,,
J174,14/06/2026,踱步,從化,內圈,從化 內圈,,,,,,助手,,快踱一圈,H,內圈 快踱一圈 (助手)
J174,13/06/2026,游水,從化,,從化,,,,,,,,游水,,
J174,13/06/2026,踱步,從化,內圈,從化 內圈,,,,,,助手,,快踱一圈,H,內圈 快踱一圈 (助手)
J174,12/06/2026,游水,從化,,從化,,,,,,,,游水,,
J174,12/06/2026,踱步,從化,內圈,從化 內圈,,,,,,助手,,快踱一圈,H,內圈 快踱一圈 (助手)
J174,11/06/2026,游水,從化,,從化,,,,,,,,游水,,
J174,11/06/2026,踱步,從化,內圈,從化 內圈,,,,,,助手,,倒快一圈,H,內圈 倒快一圈 (助手)
J174,10/06/2026,游水,從化,,從化,,,,,,,,游水,,
J174,10/06/2026,踱步,從化,內圈,從化 內圈,,,,,,助手,,快踱一圈,H,內圈 快踱一圈 (助手)
J174,09/06/2026,馬匹水中步行機,從化,,從化,,,,,,,,馬匹水中步行機,,
J174,09/06/2026,游水,從化,,從化,,,,,,,,游水,,
J174,09/06/2026,踱步,從化,內圈,從化 內圈,,,,,,助手,,快踱一圈,H,內圈 快踱一圈 (助手)
J174,08/06/2026,馬匹水中步行機,從化,,從化,,,,,,,,馬匹水中步行機,,
J174,08/06/2026,游水,從化,,從化,,,,,,,,游水,,
J174,08/06/2026,踱步,從化,內圈,從化 內圈,,,,,,助手,,倒快一圈,H,內圈 倒快一圈 (助手)
J174,07/06/2026,游水,從化,,從化,,,,,,,,游水,,
J174,07/06/2026,踱步,從化,內圈,從化 內圈,,,,,,助手,,快踱一圈,H,內圈 快踱一圈 (助手)
J174,06/06/2026,馬匹水中步行機,從化,,從化,,,,,,,,馬匹水中步行機,,
J174,06/06/2026,游水,從化,,從化,,,,,,,,游水,,
J174,06/06/2026,踱步,從化,內圈,從化 內圈,,,,,,助手,,快踱一圈,H,內圈 快踱一圈 (助手)
J174,05/06/2026,游水,從化,,從化,,,,,,,,游水,,
J174,05/06/2026,踱步,從化,內圈,從化 內圈,,,,,,助手,,快踱一圈,H,內圈 快踱一圈 (助手)
J174,04/06/2026,馬匹水中步行機,從化,,從化,,,,,,,,馬匹水中步行機,,
J174,04/06/2026,游水,從化,,從化,,,,,,,,游水,,
J174,04/06/2026,踱步,從化,內圈,從化 內圈,,,,,,助手,,倒快一圈,H,內圈 倒快一圈 (助手)
J174,03/06/2026,游水,從化,,從化,,,,,,,,游水,,
J174,03/06/2026,踱步,從化,內圈,從化 內圈,,,,,,助手,,快踱一圈,H,內圈 快踱一圈 (助手)
J174,02/06/2026,馬匹水中步行機,從化,,從化,,,,,,,,馬匹水中步行機,,
J174,02/06/2026,游水,從化,,從化,,,,,,,,游水,,
J174,02/06/2026,踱步,從化,內圈,從化 內圈,,,,,,助手,,快踱一圈,H,內圈 快踱一圈 (助手)
J174,01/06/2026,馬匹水中步行機,從化,,從化,,,,,,,,馬匹水中步行機,,
J174,01/06/2026,游水,從化,,從化,,,,,,,,游水,,
J174,01/06/2026,踱步,從化,內圈,從化 內圈,,,,,,助手,,倒快一圈,H,內圈 倒快一圈 (助手)
J174,31/05/2026,馬匹水中步行機,從化,,從化,,,,,,,,馬匹水中步行機,,
J174,31/05/2026,游水,從化,,從化,,,,,,,,游水,,
J174,31/05/2026,踱步,從化,內圈,從化 內圈,,,,,,助手,,快踱一圈,H,內圈 快踱一圈 (助手)
J174,30/05/2026,游水,從化,,從化,,,,,,,,游水,,
J174,30/05/2026,踱步,從化,內圈,從化 內圈,,,,,,助手,,快踱一圈,H,內圈 快踱一圈 (助手)
J174,29/05/2026,游水,從化,,從化,,,,,,,,游水,,
J174,29/05/2026,踱步,從化,內圈,從化 內圈,,,,,,助手,,快踱一圈,H,內圈 快踱一圈 (助手)
J174,28/05/2026,馬匹水中步行機,從化,,從化,,,,,,,,馬匹水中步行機,,
J174,28/05/2026,游水,從化,,從化,,,,,,,,游水,,
J174,28/05/2026,踱步,從化,內圈,從化 內圈,,,,,,助手,,倒快一圈,H,內圈 倒快一圈 (助手)
J174,27/05/2026,游水,從化,,從化,,,,,,,,游水,,
J174,27/05/2026,踱步,從化,飛機場,從化 飛機場,,,,,,助手,,踱步,H,飛機場 踱步 (助手)
J174,26/05/2026,游水,從化,,從化,,,,,,,,游水,,
J174,26/05/2026,踱步,從化,飛機場,從化 飛機場,,,,,,助手,,踱步,H,飛機場 踱步 (助手)
J174,25/05/2026,馬匹水中步行機,從化,,從化,,,,,,,,馬匹水中步行機,,
J174,25/05/2026,游水,從化,,從化,,,,,,,,游水,,
J174,25/05/2026,踱步,從化,飛機場,從化 飛機場,,,,,,助手,,踱步,H,飛機場 踱步 (助手)
J174,24/05/2026,馬匹水中步行機,從化,,從化,,,,,,,,馬匹水中步行機,,
J174,24/05/2026,游水,從化,,從化,,,,,,,,游水,,
J174,24/05/2026,踱步,從化,飛機場,從化 飛機場,,,,,,助手,,踱步,H,飛機場 踱步 (助手)
J174,23/05/2026,游水,從化,,從化,,,,,,,,游水,,
J174,23/05/2026,踱步,從化,飛機場,從化 飛機場,,,,,,助手,,踱步,H,飛機場 踱步 (助手)
J174,22/05/2026,游水,從化,,從化,,,,,,,,游水,,
J174,22/05/2026,踱步,從化,飛機場,從化 飛機場,,,,,,助手,,踱步,H,飛機場 踱步 (助手)
J174,21/05/2026,馬匹水中步行機,從化,,從化,,,,,,,,馬匹水中步行機,,
J174,21/05/2026,游水,從化,,從化,,,,,,,,游水,,
J174,21/05/2026,踱步,從化,飛機場,從化 飛機場,,,,,,助手,,踱步,H,飛機場 踱步 (助手)
J174,20/05/2026,馬匹水中步行機,從化,,從化,,,,,,,,馬匹水中步行機,,
J174,20/05/2026,游水,從化,,從化,,,,,,,,游水,,
J174,20/05/2026,踱步,從化,飛機場,從化 飛機場,,,,,,助手,,踱步,H,飛機場 踱步 (助手)
J174,19/05/2026,游水,從化,,從化,,,,,,,,游水,,
J174,19/05/2026,踱步,從化,飛機場,從化 飛機場,,,,,,助手,,踱步,H,飛機場 踱步 (助手)
J174,18/05/2026,游水,從化,,從化,,,,,,,,游水,,
J174,18/05/2026,踱步,從化,飛機場,從化 飛機場,,,,,,助手,,踱步,H,飛機場 踱步 (助手)
J174,17/05/2026,馬匹水中步行機,從化,,從化,,,,,,,,馬匹水中步行機,,
J174,17/05/2026,游水,從化,,從化,,,,,,,,游水,,
J174,17/05/2026,踱步,從化,飛機場,從化 飛機場,,,,,,助手,,踱步,H,飛機場 踱步 (助手)
J174,16/05/2026,游水,從化,,從化,,,,,,,,游水,,
J174,16/05/2026,踱步,從化,飛機場,從化 飛機場,,,,,,助手,,踱步,H,飛機場 踱步 (助手)
J174,15/05/2026,游水,從化,,從化,,,,,,,,游水,,
J174,15/05/2026,踱步,從化,飛機場,從化 飛機場,,,,,,助手,,踱步,H,飛機場 踱步 (助手)
J174,14/05/2026,馬匹水中步行機,從化,,從化,,,,,,,,馬匹水中步行機,,
J174,14/05/2026,游水,從化,,從化,,,,,,,,游水,,
J174,14/05/2026,踱步,從化,飛機場,從化 飛機場,,,,,,助手,,踱步,H,飛機場 踱步 (助手)
J174,13/05/2026,游水,從化,,從化,,,,,,,,游水,,
J174,13/05/2026,踱步,從化,飛機場,從化 飛機場,,,,,,助手,,踱步,H,飛機場 踱步 (助手)
J174,12/05/2026,馬匹水中步行機,從化,,從化,,,,,,,,馬匹水中步行機,,
J174,12/05/2026,游水,從化,,從化,,,,,,,,游水,,
J174,12/05/2026,踱步,從化,飛機場,從化 飛機場,,,,,,助手,,踱步,H,飛機場 踱步 (助手)
J174,11/05/2026,馬匹水中步行機,從化,,從化,,,,,,,,馬匹水中步行機,,
J174,11/05/2026,游水,從化,,從化,,,,,,,,游水,,
J174,11/05/2026,踱步,從化,飛機場,從化 飛機場,,,,,,助手,,踱步,H,飛機場 踱步 (助手)
J174,10/05/2026,馬匹水中步行機,從化,,從化,,,,,,,,馬匹水中步行機,,
J174,10/05/2026,游水,從化,,從化,,,,,,,,游水,,
J174,10/05/2026,踱步,從化,飛機場,從化 飛機場,,,,,,助手,,踱步,H,飛機場 踱步 (助手)
J174,09/05/2026,馬匹水中步行機,從化,,從化,,,,,,,,馬匹水中步行機,,
J174,09/05/2026,游水,從化,,從化,,,,,,,,游水,,
J174,09/05/2026,踱步,從化,飛機場,從化 飛機場,,,,,,助手,,踱步,H,飛機場 踱步 (助手)
J174,08/05/2026,游水,從化,,從化,,,,,,,,游水,,
J174,08/05/2026,踱步,從化,飛機場,從化 飛機場,,,,,,助手,,踱步,H,飛機場 踱步 (助手)
J174,07/05/2026,馬匹水中步行機,從化,,從化,,,,,,,,馬匹水中步行機,,
J174,07/05/2026,游水,從化,,從化,,,,,,,,游水,,
J174,07/05/2026,踱步,從化,飛機場,從化 飛機場,,,,,,助手,,踱步,H,飛機場 踱步 (助手)
J174,06/05/2026,游水,從化,,從化,,,,,,,,游水,,
J174,06/05/2026,踱步,從化,飛機場,從化 飛機場,,,,,,助手,,踱步,H,飛機場 踱步 (助手)
J174,05/05/2026,游水,從化,,從化,,,,,,,,游水,,
J174,05/05/2026,踱步,從化,飛機場,從化 飛機場,,,,,,助手,,踱步,H,飛機場 踱步 (助手)
J174,04/05/2026,馬匹水中步行機,從化,,從化,,,,,,,,馬匹水中步行機,,
J174,04/05/2026,游水,從化,,從化,,,,,,,,游水,,
J174,04/05/2026,踱步,從化,飛機場,從化 飛機場,,,,,,助手,,踱步,H,飛機場 踱步 (助手)
J174,03/05/2026,游水,從化,,從化,,,,,,,,游水,,
J174,03/05/2026,踱步,從化,飛機場,從化 飛機場,,,,,,助手,,踱步,H,飛機場 踱步 (助手)
J174,02/05/2026,馬匹水中步行機,從化,,從化,,,,,,,,馬匹水中步行機,,
J174,02/05/2026,游水,從化,,從化,,,,,,,,游水,,
J174,02/05/2026,踱步,從化,飛機場,從化 飛機場,,,,,,助手,,踱步,H,飛機場 踱步 (助手)
J174,01/05/2026,游水,從化,,從化,,,,,,,,游水,,
J174,01/05/2026,踱步,從化,飛機場,從化 飛機場,,,,,,助手,,踱步,H,飛機場 踱步 (助手)
J174,30/04/2026,馬匹水中步行機,從化,,從化,,,,,,,,馬匹水中步行機,,
J174,30/04/2026,游水,從化,,從化,,,,,,,,游水,,
J174,30/04/2026,踱步,從化,飛機場,從化 飛機場,,,,,,助手,,踱步,H,飛機場 踱步 (助手)
J174,29/04/2026,游水,從化,,從化,,,,,,,,游水,,
J174,29/04/2026,踱步,從化,飛機場,從化 飛機場,,,,,,助手,,踱步,H,飛機場 踱步 (助手)
J174,28/04/2026,游水,從化,,從化,,,,,,,,游水,,
J174,28/04/2026,踱步,從化,飛機場,從化 飛機場,,,,,,助手,,踱步,H,飛機場 踱步 (助手)
J174,27/04/2026,游水,從化,,從化,,,,,,,,游水,,
J174,26/04/2026,馬匹水中步行機,從化,,從化,,,,,,,,馬匹水中步行機,,
J174,26/04/2026,游水,從化,,從化,,,,,,,,游水,,
J174,25/04/2026,游水,從化,,從化,,,,,,,,游水,,
J174,24/04/2026,游水,從化,,從化,,,,,,,,游水,,
J174,23/04/2026,游水,從化,,從化,,,,,,,,游水,,
J174,21/04/2026,游水,沙田,,沙田,,,,,,,,游水,,
J174,20/04/2026,游水,沙田,,沙田,,,,,,,,游水,,
J174,19/04/2026,游水,沙田,,沙田,,,,,,,,游水,,
J174,18/04/2026,游水,沙田,,沙田,,,,,,,,游水,,
J174,17/04/2026,游水,沙田,,沙田,,,,,,,,游水,,
J174,16/04/2026,游水,沙田,,沙田,,,,,,,,游水,,
J174,15/04/2026,游水,沙田,,沙田,,,,,,,,游水,,
J174,14/04/2026,踱步,沙田,內圈,沙田 內圈,,,,,,助手,,快踱一圈,H,內圈 快踱一圈 (助手)
J174,13/04/2026,踱步,沙田,外圈,沙田 外圈,,,,,,副練馬師,,快踱一圈,H,外圈 快踱一圈 (副練馬師)
J174,12/04/2026,踱步,沙田,內圈,沙田 內圈,,,,,,助手,,快踱一圈,H,內圈 快踱一圈 (助手)
J174,11/04/2026,踱步,沙田,內圈,沙田 內圈,,,,,,助手,,快踱一圈,H,內圈 快踱一圈 (助手)
J174,10/04/2026,踱步,沙田,內圈,沙田 內圈,,,,,,助手,,快踱一圈,H,內圈 快踱一圈 (助手)
J174,09/04/2026,快操,沙田,全天候,沙田 全天候,,57.8,57.8,32.4 25.4,,助手,,快操,H,32.4 25.4 (57.8) (助手)
J174,09/04/2026,踱步,沙田,飛機場,沙田 飛機場,,,,,,助手,,踱步,H,飛機場 踱步 (助手)
J174,08/04/2026,游水,沙田,,沙田,,,,,,,,游水,,
J174,08/04/2026,踱步,沙田,內圈,沙田 內圈,,,,,,助手,,快踱一圈,H,內圈 快踱一圈 (助手)
J174,07/04/2026,游水,沙田,,沙田,,,,,,,,游水,,
J174,07/04/2026,踱步,沙田,內圈,沙田 內圈,,,,,,助手,,快踱一圈,H,內圈 快踱一圈 (助手)
J174,06/04/2026,游水,沙田,,沙田,,,,,,,,游水,,
J174,06/04/2026,快操,沙田,全天候,沙田 全天候,,57.3,57.3,31.2 26.1,,副練馬師,,快操,H,31.2 26.1 (57.3) (副練馬師)
J174,06/04/2026,踱步,沙田,飛機場,沙田 飛機場,,,,,,副練馬師,,踱步,H,飛機場 踱步 (副練馬師)
J174,05/04/2026,游水,沙田,,沙田,,,,,,,,游水,,
J174,05/04/2026,踱步,沙田,內圈,沙田 內圈,,,,,,助手,,快踱一圈,H,內圈 快踱一圈 (助手)
J174,04/04/2026,游水,沙田,,沙田,,,,,,,,游水,,
J174,04/04/2026,踱步,沙田,內圈,沙田 內圈,,,,,,副練馬師,,快踱一圈,H,內圈 快踱一圈 (副練馬師)
J174,03/04/2026,游水,沙田,,沙田,,,,,,,,游水,,
J174,03/04/2026,踱步,沙田,內圈,沙田 內圈,,,,,,助手,,快踱一圈,H,內圈 快踱一圈 (助手)
J174,02/04/2026,游水,沙田,,沙田,,,,,,,,游水,,
J174,02/04/2026,踱步,沙田,飛機場,沙田 飛機場,,,,,,助手,,踱步,H,飛機場 踱步 (助手)
J174,01/04/2026,游水,沙田,,沙田,,,,,,,,游水,,
J174,31/03/2026,游水,沙田,,沙田,,,,,,,,游水,,
J174,30/03/2026,游水,沙田,,沙田,,,,,,,,游水,,
J174,29/03/2026,出賽,沙田,草地,沙田 草地,1400M,,,,,巴度,9/14,出賽,B,1400M (巴度) (9/14)
J174,29/03/2026,踱步,沙田,飛機場,沙田 飛機場,,,,,,助手,,踱步,H,飛機場 踱步 (助手)
J174,28/03/2026,游水,沙田,,沙田,,,,,,,,游水,,
J174,28/03/2026,踱步,沙田,內圈,沙田 內圈,,,,,,助手,,快踱一圈,H,內圈 快踱一圈 (助手)
J174,27/03/2026,游水,沙田,,沙田,,,,,,,,游水,,
J174,27/03/2026,踱步,沙田,內圈,沙田 內圈,,,,,,助手,,快踱一圈,H,內圈 快踱一圈 (助手)
J174,26/03/2026,游水,沙田,,沙田,,,,,,,,游水,,
J174,26/03/2026,快操,沙田,全天候,沙田 全天候,,59.0,59.0,32.5 26.5,,助手,,快操,H,32.5 26.5 (59.0) (助手)
J174,26/03/2026,踱步,沙田,飛機場,沙田 飛機場,,,,,,助手,,踱步,H,飛機場 踱步 (助手)
J174,25/03/2026,游水,沙田,,沙田,,,,,,,,游水,,
J174,25/03/2026,踱步,沙田,內圈,沙田 內圈,,,,,,助手,,快踱一圈,H,內圈 快踱一圈 (助手)
J174,24/03/2026,游水,沙田,,沙田,,,,,,,,游水,,
J174,24/03/2026,踱步,沙田,內圈,沙田 內圈,,,,,,助手,,快踱一圈,H,內圈 快踱一圈 (助手)
J174,23/03/2026,游水,沙田,,沙田,,,,,,,,游水,,
J174,23/03/2026,快操,沙田,全天候,沙田 全天候,,58.1,58.1,32.3 25.8,,副練馬師,,快操,H,32.3 25.8 (58.1) (副練馬師)
J174,23/03/2026,踱步,沙田,飛機場,沙田 飛機場,,,,,,副練馬師,,踱步,H,飛機場 踱步 (副練馬師)
J174,22/03/2026,游水,沙田,,沙田,,,,,,,,游水,,
J174,22/03/2026,踱步,沙田,內圈,沙田 內圈,,,,,,助手,,快踱一圈,H,內圈 快踱一圈 (助手)
J174,21/03/2026,游水,沙田,,沙田,,,,,,,,游水,,
J174,21/03/2026,踱步,沙田,內圈,沙田 內圈,,,,,,助手,,快踱一圈,H,內圈 快踱一圈 (助手)
J174,20/03/2026,游水,沙田,,沙田,,,,,,,,游水,,
J174,20/03/2026,踱步,沙田,內圈,沙田 內圈,,,,,,副練馬師,,快踱一圈,H,內圈 快踱一圈 (副練馬師)
J174,19/03/2026,游水,沙田,,沙田,,,,,,,,游水,,
J174,19/03/2026,踱步,沙田,飛機場,沙田 飛機場,,,,,,助手,,踱步,H,飛機場 踱步 (助手)
J174,18/03/2026,游水,沙田,,沙田,,,,,,,,游水,,
J174,17/03/2026,試閘,沙田,全天候,沙田 全天候,1200M,1.10.62,70.62,24.7 22.8 23.1,杰遜仔,巴度,,第2組,B,第2組 (巴度) 1200M 杰遜仔 24.7 22.8 23.1 (1.10.62)
J174,17/03/2026,游水,沙田,,沙田,,,,,,,,游水,,
J174,17/03/2026,踱步,沙田,飛機場,沙田 飛機場,,,,,,助手,,踱步,H,飛機場 踱步 (助手)
J174,16/03/2026,游水,沙田,,沙田,,,,,,,,游水,,
J174,16/03/2026,踱步,沙田,內圈,沙田 內圈,,,,,,助手,,倒快一圈,H,內圈 倒快一圈 (助手)
J174,15/03/2026,游水,沙田,,沙田,,,,,,,,游水,,
J174,15/03/2026,踱步,沙田,內圈,沙田 內圈,,,,,,助手,,快踱一圈,H,內圈 快踱一圈 (助手)
J174,14/03/2026,游水,沙田,,沙田,,,,,,,,游水,,
J174,14/03/2026,踱步,沙田,內圈,沙田 內圈,,,,,,助手,,快踱一圈,H,內圈 快踱一圈 (助手)
J174,13/03/2026,游水,沙田,,沙田,,,,,,,,游水,,
J174,13/03/2026,快操,沙田,全天候,沙田 全天候,,1.00.2,60.2,33.1 27.1,,助手,,快操,H,33.1 27.1 (1.00.2) (助手)
J174,13/03/2026,踱步,沙田,飛機場,沙田 飛機場,,,,,,助手,,踱步,H,飛機場 踱步 (助手)
J174,12/03/2026,游水,沙田,,沙田,,,,,,,,游水,,
J174,12/03/2026,踱步,沙田,內圈,沙田 內圈,,,,,,助手,,倒快一圈,H,內圈 倒快一圈 (助手)
J174,11/03/2026,游水,沙田,,沙田,,,,,,,,游水,,
J174,11/03/2026,踱步,沙田,內圈,沙田 內圈,,,,,,助手,,快踱一圈,H,內圈 快踱一圈 (助手)
J174,10/03/2026,游水,沙田,,沙田,,,,,,,,游水,,
J174,10/03/2026,踱步,沙田,內圈,沙田 內圈,,,,,,助手,,快踱一圈,H,內圈 快踱一圈 (助手)
J174,09/03/2026,游水,沙田,,沙田,,,,,,,,游水,,
J174,09/03/2026,快操,沙田,全天候,沙田 全天候,,54.8,54.8,29.5 25.3,,助手,,森林之王,H,29.5 25.3 (54.8) (助手) 森林之王
J174,09/03/2026,踱步,沙田,飛機場,沙田 飛機場,,,,,,助手,,踱步,H,飛機場 踱步 (助手)
J174,08/03/2026,游水,沙田,,沙田,,,,,,,,游水,,
J174,08/03/2026,踱步,沙田,內圈,沙田 內圈,,,,,,助手,,快踱一圈,H,內圈 快踱一圈 (助手)
J174,07/03/2026,游水,沙田,,沙田,,,,,,,,游水,,
J174,07/03/2026,踱步,沙田,內圈,沙田 內圈,,,,,,助手,,快踱一圈,H,內圈 快踱一圈 (助手)
J174,06/03/2026,游水,沙田,,沙田,,,,,,,,游水,,
J174,06/03/2026,踱步,沙田,內圈,沙田 內圈,,,,,,助手,,快踱一圈,H,內圈 快踱一圈 (助手)
J174,05/03/2026,游水,沙田,,沙田,,,,,,,,游水,,
J174,05/03/2026,快操,沙田,全天候,沙田 全天候,,1.01.3,61.3,33.8 27.5,,副練馬師,,快操,H,33.8 27.5 (1.01.3) (副練馬師)
J174,05/03/2026,踱步,沙田,飛機場,沙田 飛機場,,,,,,助手,,踱步,H,飛機場 踱步 (助手)
J174,04/03/2026,游水,沙田,,沙田,,,,,,,,游水,,
J174,04/03/2026,踱步,沙田,內圈,沙田 內圈,,,,,,助手,,快踱一圈,H,內圈 快踱一圈 (助手)
J174,03/03/2026,游水,沙田,,沙田,,,,,,,,游水,,
J174,03/03/2026,踱步,沙田,內圈,沙田 內圈,,,,,,助手,,快踱一圈,H,內圈 快踱一圈 (助手)
J174,02/03/2026,游水,沙田,,沙田,,,,,,,,游水,,
J174,02/03/2026,踱步,沙田,內圈,沙田 內圈,,,,,,助手,,倒快一圈,H,內圈 倒快一圈 (助手)
J174,01/03/2026,游水,沙田,,沙田,,,,,,,,游水,,
J174,01/03/2026,踱步,沙田,飛機場,沙田 飛機場,,,,,,助手,,踱步,H,飛機場 踱步 (助手)
J174,28/02/2026,游水,沙田,,沙田,,,,,,,,游水,,
J174,27/02/2026,游水,沙田,,沙田,,,,,,,,游水,,
J174,26/02/2026,游水,沙田,,沙田,,,,,,,,游水,,
J174,25/02/2026,出賽,跑馬地,草地,跑馬地 草地,1200M,,,,,巴度,6/12,出賽,B,1200M (巴度) (6/12)
J174,25/02/2026,踱步,沙田,飛機場,沙田 飛機場,,,,,,助手,,踱步,H,飛機場 踱步 (助手)
J174,24/02/2026,游水,沙田,,沙田,,,,,,,,游水,,
J174,24/02/2026,踱步,沙田,內圈,沙田 內圈,,,,,,助手,,快踱一圈,H,內圈 快踱一圈 (助手)
J174,23/02/2026,游水,沙田,,沙田,,,,,,,,游水,,
J174,23/02/2026,踱步,沙田,內圈,沙田 內圈,,,,,,助手,,倒快一圈,H,內圈 倒快一圈 (助手)
J174,22/02/2026,游水,沙田,,沙田,,,,,,,,游水,,
J174,22/02/2026,快操,沙田,全天候,沙田 全天候,,58.7,58.7,32.8 25.9,,助手,,快操,H,32.8 25.9 (58.7) (助手)
J174,22/02/2026,踱步,沙田,飛機場,沙田 飛機場,,,,,,助手,,踱步,H,飛機場 踱步 (助手)
J174,21/02/2026,游水,沙田,,沙田,,,,,,,,游水,,
J174,21/02/2026,踱步,沙田,內圈,沙田 內圈,,,,,,助手,,快踱一圈,H,內圈 快踱一圈 (助手)
J174,20/02/2026,游水,沙田,,沙田,,,,,,,,游水,,
J174,20/02/2026,踱步,沙田,內圈,沙田 內圈,,,,,,助手,,快踱一圈,H,內圈 快踱一圈 (助手)
J174,19/02/2026,游水,沙田,,沙田,,,,,,,,游水,,
J174,19/02/2026,快操,沙田,全天候,沙田 全天候,,57.6,57.6,31.3 26.3,,助手,,快操,H,31.3 26.3 (57.6) (助手)
J174,19/02/2026,踱步,沙田,飛機場,沙田 飛機場,,,,,,助手,,踱步,H,飛機場 踱步 (助手)
J174,18/02/2026,游水,沙田,,沙田,,,,,,,,游水,,
J174,18/02/2026,踱步,沙田,內圈,沙田 內圈,,,,,,助手,,快踱一圈,H,內圈 快踱一圈 (助手)
J174,16/02/2026,游水,沙田,,沙田,,,,,,,,游水,,
J174,16/02/2026,快操,沙田,全天候,沙田 全天候,,58.6,58.6,32.6 26.0,,助手,,快操,H,32.6 26.0 (58.6) (助手)
J174,16/02/2026,踱步,沙田,飛機場,沙田 飛機場,,,,,,助手,,踱步,H,飛機場 踱步 (助手)
J174,15/02/2026,游水,沙田,,沙田,,,,,,,,游水,,
J174,15/02/2026,踱步,沙田,內圈,沙田 內圈,,,,,,助手,,快踱一圈,H,內圈 快踱一圈 (助手)
J174,14/02/2026,游水,沙田,,沙田,,,,,,,,游水,,
J174,14/02/2026,踱步,沙田,內圈,沙田 內圈,,,,,,助手,,快踱一圈,H,內圈 快踱一圈 (助手)
J174,13/02/2026,游水,沙田,,沙田,,,,,,,,游水,,
J174,13/02/2026,踱步,沙田,內圈,沙田 內圈,,,,,,助手,,快踱一圈,H,內圈 快踱一圈 (助手)
J174,12/02/2026,游水,沙田,,沙田,,,,,,,,游水,,
J174,12/02/2026,踱步,沙田,飛機場,沙田 飛機場,,,,,,助手,,踱步,H,飛機場 踱步 (助手)
J174,11/02/2026,游水,沙田,,沙田,,,,,,,,游水,,
J174,10/02/2026,游水,沙田,,沙田,,,,,,,,游水,,
J174,09/02/2026,游水,沙田,,沙田,,,,,,,,游水,,
J174,08/02/2026,出賽,沙田,草地,沙田 草地,1400M,,,,,巴度,4/14,出賽,B,1400M (巴度) (4/14)
J174,08/02/2026,踱步,沙田,內圈,沙田 內圈,,,,,,助手,,快踱一圈,H,內圈 快踱一圈 (助手)
J174,07/02/2026,游水,沙田,,沙田,,,,,,,,游水,,
J174,07/02/2026,踱步,沙田,內圈,沙田 內圈,,,,,,助手,,快踱一圈,H,內圈 快踱一圈 (助手)
J174,06/02/2026,游水,沙田,,沙田,,,,,,,,游水,,
J174,06/02/2026,踱步,沙田,內圈,沙田 內圈,,,,,,助手,,快踱一圈,H,內圈 快踱一圈 (助手)
J174,05/02/2026,游水,沙田,,沙田,,,,,,,,游水,,
J174,05/02/2026,快操,沙田,全天候,沙田 全天候,,58.7,58.7,33.1 25.6,,助手,,快操,H,33.1 25.6 (58.7) (助手)
J174,05/02/2026,踱步,沙田,飛機場,沙田 飛機場,,,,,,助手,,踱步,H,飛機場 踱步 (助手)
J174,04/02/2026,游水,沙田,,沙田,,,,,,,,游水,,
J174,04/02/2026,踱步,沙田,內圈,沙田 內圈,,,,,,助手,,快踱一圈,H,內圈 快踱一圈 (助手)
J174,03/02/2026,游水,沙田,,沙田,,,,,,,,游水,,
J174,03/02/2026,踱步,沙田,內圈,沙田 內圈,,,,,,助手,,快踱一圈,H,內圈 快踱一圈 (助手)
J174,02/02/2026,游水,沙田,,沙田,,,,,,,,游水,,
J174,02/02/2026,快操,沙田,草地,沙田 草地,,26.7,26.7,26.7,,巴度,,快操,H,26.7 (26.7) (巴度)
J174,02/02/2026,踱步,沙田,飛機場,沙田 飛機場,,,,,,助手,,踱步,H,飛機場 踱步 (助手)
J174,01/02/2026,游水,沙田,,沙田,,,,,,,,游水,,
J174,01/02/2026,踱步,沙田,內圈,沙田 內圈,,,,,,助手,,快踱一圈,H,內圈 快踱一圈 (助手)
J174,31/01/2026,游水,沙田,,沙田,,,,,,,,游水,,
J174,31/01/2026,踱步,沙田,內圈,沙田 內圈,,,,,,助手,,快踱一圈,H,內圈 快踱一圈 (助手)
J174,30/01/2026,游水,沙田,,沙田,,,,,,,,游水,,
J174,30/01/2026,快操,沙田,全天候,沙田 全天候,,57.7,57.7,31.2 26.5,,助手,,快操,H,31.2 26.5 (57.7) (助手)
J174,30/01/2026,踱步,沙田,飛機場,沙田 飛機場,,,,,,助手,,踱步,H,飛機場 踱步 (助手)
J174,29/01/2026,游水,沙田,,沙田,,,,,,,,游水,,
J174,29/01/2026,踱步,沙田,內圈,沙田 內圈,,,,,,助手,,倒快一圈,H,內圈 倒快一圈 (助手)
J174,28/01/2026,游水,沙田,,沙田,,,,,,,,游水,,
J174,28/01/2026,踱步,沙田,內圈,沙田 內圈,,,,,,助手,,快踱一圈,H,內圈 快踱一圈 (助手)
J174,27/01/2026,游水,沙田,,沙田,,,,,,,,游水,,
J174,27/01/2026,快操,沙田,全天候,沙田 全天候,,59.4,59.4,32.0 27.4,,助手,,快操,H,32.0 27.4 (59.4) (助手)
J174,27/01/2026,踱步,沙田,飛機場,沙田 飛機場,,,,,,助手,,踱步,H,飛機場 踱步 (助手)
J174,26/01/2026,游水,沙田,,沙田,,,,,,,,游水,,
J174,26/01/2026,踱步,沙田,內圈,沙田 內圈,,,,,,助手,,倒快一圈,H,內圈 倒快一圈 (助手)
J174,25/01/2026,游水,沙田,,沙田,,,,,,,,游水,,
J174,25/01/2026,踱步,沙田,內圈,沙田 內圈,,,,,,助手,,快踱一圈,H,內圈 快踱一圈 (助手)
J174,24/01/2026,游水,沙田,,沙田,,,,,,,,游水,,
J174,24/01/2026,踱步,沙田,內圈,沙田 內圈,,,,,,助手,,快踱一圈,H,內圈 快踱一圈 (助手)
J174,23/01/2026,游水,沙田,,沙田,,,,,,,,游水,,
J174,23/01/2026,快操,沙田,全天候,沙田 全天候,,59.3,59.3,32.7 26.6,,助手,,快操,H,32.7 26.6 (59.3) (助手)
J174,23/01/2026,踱步,沙田,飛機場,沙田 飛機場,,,,,,助手,,踱步,H,飛機場 踱步 (助手)
J174,22/01/2026,游水,沙田,,沙田,,,,,,,,游水,,
J174,22/01/2026,踱步,沙田,內圈,沙田 內圈,,,,,,助手,,倒快一圈,H,內圈 倒快一圈 (助手)
J174,21/01/2026,游水,沙田,,沙田,,,,,,,,游水,,
J174,21/01/2026,踱步,沙田,內圈,沙田 內圈,,,,,,助手,,快踱一圈,H,內圈 快踱一圈 (助手)
J174,20/01/2026,游水,沙田,,沙田,,,,,,,,游水,,
J174,20/01/2026,踱步,沙田,內圈,沙田 內圈,,,,,,助手,,快踱一圈,H,內圈 快踱一圈 (助手)
J174,19/01/2026,游水,沙田,,沙田,,,,,,,,游水,,
J174,19/01/2026,快操,沙田,全天候,沙田 全天候,,58.2,58.2,32.2 26.0,,助手,,快操,H,32.2 26.0 (58.2) (助手)
J174,19/01/2026,踱步,沙田,飛機場,沙田 飛機場,,,,,,助手,,踱步,H,飛機場 踱步 (助手)
J174,18/01/2026,游水,沙田,,沙田,,,,,,,,游水,,
J174,18/01/2026,踱步,沙田,內圈,沙田 內圈,,,,,,助手,,快踱一圈,H,內圈 快踱一圈 (助手)
J174,17/01/2026,游水,沙田,,沙田,,,,,,,,游水,,
J174,17/01/2026,踱步,沙田,內圈,沙田 內圈,,,,,,助手,,快踱一圈,H,內圈 快踱一圈 (助手)
J174,16/01/2026,游水,沙田,,沙田,,,,,,,,游水,,
J174,16/01/2026,踱步,沙田,內圈,沙田 內圈,,,,,,助手,,快踱一圈,H,內圈 快踱一圈 (助手)
J174,15/01/2026,游水,沙田,,沙田,,,,,,,,游水,,
J174,15/01/2026,踱步,沙田,飛機場,沙田 飛機場,,,,,,助手,,踱步,H,飛機場 踱步 (助手)
J174,14/01/2026,游水,沙田,,沙田,,,,,,,,游水,,
J174,13/01/2026,游水,沙田,,沙田,,,,,,,,游水,,
J174,12/01/2026,游水,沙田,,沙田,,,,,,,,游水,,
J174,11/01/2026,出賽,沙田,草地,沙田 草地,1200M,,,,,巴度,5/12,出賽,B,1200M (巴度) (5/12)
J174,11/01/2026,踱步,沙田,飛機場,沙田 飛機場,,,,,,助手,,踱步,H,飛機場 踱步 (助手)
J174,10/01/2026,游水,沙田,,沙田,,,,,,,,游水,,
J174,10/01/2026,踱步,沙田,內圈,沙田 內圈,,,,,,助手,,快踱一圈,H,內圈 快踱一圈 (助手)
J174,09/01/2026,游水,沙田,,沙田,,,,,,,,游水,,
J174,09/01/2026,踱步,沙田,內圈,沙田 內圈,,,,,,助手,,快踱一圈,H,內圈 快踱一圈 (助手)
J174,08/01/2026,游水,沙田,,沙田,,,,,,,,游水,,
J174,08/01/2026,快操,沙田,全天候,沙田 全天候,,58.6,58.6,32.4 26.2,,助手,,發財先鋒,H,32.4 26.2 (58.6) (助手) 發財先鋒
J174,08/01/2026,踱步,沙田,飛機場,沙田 飛機場,,,,,,助手,,踱步,H,飛機場 踱步 (助手)
J174,07/01/2026,游水,沙田,,沙田,,,,,,,,游水,,
J174,07/01/2026,踱步,沙田,內圈,沙田 內圈,,,,,,助手,,快踱一圈,H,內圈 快踱一圈 (助手)
J174,06/01/2026,踱步,沙田,內圈,沙田 內圈,,,,,,助手,,快踱一圈,H,內圈 快踱一圈 (助手)
J174,05/01/2026,游水,沙田,,沙田,,,,,,,,游水,,
J174,05/01/2026,快操,沙田,全天候,沙田 全天候,,54.6,54.6,28.9 25.7,,巴度,,快操,H,28.9 25.7 (54.6) (巴度)
J174,05/01/2026,踱步,沙田,飛機場,沙田 飛機場,,,,,,助手,,踱步,H,飛機場 踱步 (助手)
J174,04/01/2026,游水,沙田,,沙田,,,,,,,,游水,,
J174,04/01/2026,踱步,沙田,內圈,沙田 內圈,,,,,,助手,,快踱一圈,H,內圈 快踱一圈 (助手)
J174,03/01/2026,游水,沙田,,沙田,,,,,,,,游水,,
J174,03/01/2026,踱步,沙田,內圈,沙田 內圈,,,,,,助手,,快踱一圈,H,內圈 快踱一圈 (助手)
J174,02/01/2026,游水,沙田,,沙田,,,,,,,,游水,,
J174,02/01/2026,快操,沙田,全天候,沙田 全天候,,58.3,58.3,32.2 26.1,,助手,,快操,H,32.2 26.1 (58.3) (助手)
J174,02/01/2026,踱步,沙田,飛機場,沙田 飛機場,,,,,,助手,,踱步,H,飛機場 踱步 (助手)
J174,01/01/2026,游水,沙田,,沙田,,,,,,,,游水,,
J174,01/01/2026,踱步,沙田,內圈,沙田 內圈,,,,,,助手,,倒快一圈,H,內圈 倒快一圈 (助手)
J174,31/12/2025,游水,沙田,,沙田,,,,,,,,游水,,
J174,31/12/2025,踱步,沙田,內圈,沙田 內圈,,,,,,助手,,快踱一圈,H,內圈 快踱一圈 (助手)
J174,30/12/2025,游水,沙田,,沙田,,,,,,,,游水,,
J174,30/12/2025,踱步,沙田,內圈,沙田 內圈,,,,,,助手,,快踱一圈,H,內圈 快踱一圈 (助手)
J174,29/12/2025,游水,沙田,,沙田,,,,,,,,游水,,
J174,29/12/2025,快操,沙田,全天候,沙田 全天候,,57.5,57.5,31.6 25.9,,助手,,快操,H,31.6 25.9 (57.5) (助手)
J174,29/12/2025,踱步,沙田,飛機場,沙田 飛機場,,,,,,助手,,踱步,H,飛機場 踱步 (助手)
J174,28/12/2025,游水,沙田,,沙田,,,,,,,,游水,,
J174,28/12/2025,踱步,沙田,內圈,沙田 內圈,,,,,,助手,,快踱一圈,H,內圈 快踱一圈 (助手)
J174,27/12/2025,游水,沙田,,沙田,,,,,,,,游水,,
J174,27/12/2025,踱步,沙田,內圈,沙田 內圈,,,,,,助手,,快踱一圈,H,內圈 快踱一圈 (助手)
J174,26/12/2025,游水,沙田,,沙田,,,,,,,,游水,,
J174,26/12/2025,踱步,沙田,內圈,沙田 內圈,,,,,,助手,,快踱一圈,H,內圈 快踱一圈 (助手)
J174,25/12/2025,游水,沙田,,沙田,,,,,,,,游水,,
J174,25/12/2025,踱步,沙田,內圈,沙田 內圈,,,,,,助手,,倒快一圈,H,內圈 倒快一圈 (助手)
J174,24/12/2025,游水,沙田,,沙田,,,,,,,,游水,,
J174,24/12/2025,踱步,沙田,飛機場,沙田 飛機場,,,,,,助手,,踱步,H,飛機場 踱步 (助手)
J174,23/12/2025,游水,沙田,,沙田,,,,,,,,游水,,
J174,22/12/2025,游水,沙田,,沙田,,,,,,,,游水,,
J174,21/12/2025,游水,沙田,,沙田,,,,,,,,游水,,
J174,20/12/2025,出賽,沙田,草地,沙田 草地,1400M,,,,,何澤堯,4/14,出賽,B,1400M (何澤堯) (4/14)
J174,20/12/2025,踱步,沙田,飛機場,沙田 飛機場,,,,,,助手,,踱步,H,飛機場 踱步 (助手)
J174,19/12/2025,游水,沙田,,沙田,,,,,,,,游水,,
J174,19/12/2025,踱步,沙田,內圈,沙田 內圈,,,,,,助手,,快踱一圈,H,內圈 快踱一圈 (助手)
J174,18/12/2025,游水,沙田,,沙田,,,,,,,,游水,,
J174,18/12/2025,快操,沙田,全天候,沙田 全天候,,56.0,56.0,30.6 25.4,,何澤堯,,快操,H,30.6 25.4 (56.0) (何澤堯)
J174,18/12/2025,踱步,沙田,飛機場,沙田 飛機場,,,,,,助手,,踱步,H,飛機場 踱步 (助手)
J174,17/12/2025,游水,沙田,,沙田,,,,,,,,游水,,
J174,17/12/2025,踱步,沙田,內圈,沙田 內圈,,,,,,助手,,快踱一圈,H,內圈 快踱一圈 (助手)
J174,16/12/2025,游水,沙田,,沙田,,,,,,,,游水,,
J174,16/12/2025,踱步,沙田,內圈,沙田 內圈,,,,,,助手,,快踱一圈,H,內圈 快踱一圈 (助手)
J174,15/12/2025,游水,沙田,,沙田,,,,,,,,游水,,
J174,15/12/2025,快操,沙田,全天候,沙田 全天候,,59.5,59.5,33.0 26.5,,巴度,,快操,H,33.0 26.5 (59.5) (巴度)
J174,15/12/2025,踱步,沙田,飛機場,沙田 飛機場,,,,,,助手,,踱步,H,飛機場 踱步 (助手)
J174,14/12/2025,游水,沙田,,沙田,,,,,,,,游水,,
J174,14/12/2025,踱步,沙田,內圈,沙田 內圈,,,,,,助手,,快踱一圈,H,內圈 快踱一圈 (助手)
J174,13/12/2025,游水,沙田,,沙田,,,,,,,,游水,,
J174,13/12/2025,踱步,沙田,內圈,沙田 內圈,,,,,,助手,,快踱一圈,H,內圈 快踱一圈 (助手)
J174,12/12/2025,游水,沙田,,沙田,,,,,,,,游水,,
J174,12/12/2025,快操,沙田,全天候,沙田 全天候,,27.2,27.2,27.2,,助手,,醒目高球,H,27.2 (27.2) (助手) 醒目高球
J174,12/12/2025,踱步,沙田,飛機場,沙田 飛機場,,,,,,助手,,踱步,H,飛機場 踱步 (助手)
J174,11/12/2025,游水,沙田,,沙田,,,,,,,,游水,,
J174,11/12/2025,踱步,沙田,內圈,沙田 內圈,,,,,,助手,,倒快一圈,H,內圈 倒快一圈 (助手)
J174,10/12/2025,游水,沙田,,沙田,,,,,,,,游水,,
J174,10/12/2025,踱步,沙田,內圈,沙田 內圈,,,,,,助手,,快踱一圈,H,內圈 快踱一圈 (助手)
J174,09/12/2025,游水,沙田,,沙田,,,,,,,,游水,,
J174,09/12/2025,踱步,沙田,內圈,沙田 內圈,,,,,,助手,,快踱一圈,H,內圈 快踱一圈 (助手)
J174,08/12/2025,游水,沙田,,沙田,,,,,,,,游水,,
J174,08/12/2025,快操,沙田,全天候,沙田 全天候,,58.8,58.8,32.4 26.4,,助手,,快操,H,32.4 26.4 (58.8) (助手)
J174,08/12/2025,踱步,沙田,飛機場,沙田 飛機場,,,,,,助手,,踱步,H,飛機場 踱步 (助手)
J174,07/12/2025,游水,沙田,,沙田,,,,,,,,游水,,
J174,07/12/2025,踱步,沙田,內圈,沙田 內圈,,,,,,助手,,快踱一圈,H,內圈 快踱一圈 (助手)
J174,06/12/2025,游水,沙田,,沙田,,,,,,,,游水,,
J174,06/12/2025,踱步,沙田,內圈,沙田 內圈,,,,,,助手,,快踱一圈,H,內圈 快踱一圈 (助手)
J174,05/12/2025,游水,沙田,,沙田,,,,,,,,游水,,
J174,05/12/2025,踱步,沙田,內圈,沙田 內圈,,,,,,助手,,快踱一圈,H,內圈 快踱一圈 (助手)
J174,04/12/2025,游水,沙田,,沙田,,,,,,,,游水,,
J174,04/12/2025,踱步,沙田,飛機場,沙田 飛機場,,,,,,助手,,踱步,H,飛機場 踱步 (助手)
J174,30/11/2025,出賽,沙田,草地,沙田 草地,1400M,,,,,巴度,5/14,出賽,B,1400M (巴度) (5/14)
J174,30/11/2025,踱步,沙田,飛機場,沙田 飛機場,,,,,,助手,,踱步,H,飛機場 踱步 (助手)
J174,29/11/2025,游水,沙田,,沙田,,,,,,,,游水,,
J174,29/11/2025,踱步,沙田,內圈,沙田 內圈,,,,,,助手,,快踱一圈,H,內圈 快踱一圈 (助手)
J174,28/11/2025,游水,沙田,,沙田,,,,,,,,游水,,
J174,28/11/2025,踱步,沙田,內圈,沙田 內圈,,,,,,助手,,快踱一圈,H,內圈 快踱一圈 (助手)
J174,27/11/2025,游水,沙田,,沙田,,,,,,,,游水,,
J174,27/11/2025,快操,沙田,全天候,沙田 全天候,,56.1,56.1,29.9 26.2,,巴度,,快操,H,29.9 26.2 (56.1) (巴度)
J174,27/11/2025,踱步,沙田,飛機場,沙田 飛機場,,,,,,助手,,踱步,H,飛機場 踱步 (助手)
J174,26/11/2025,游水,沙田,,沙田,,,,,,,,游水,,
J174,26/11/2025,踱步,沙田,內圈,沙田 內圈,,,,,,助手,,快踱一圈,H,內圈 快踱一圈 (助手)
J174,25/11/2025,游水,沙田,,沙田,,,,,,,,游水,,
J174,25/11/2025,踱步,沙田,內圈,沙田 內圈,,,,,,助手,,快踱一圈,H,內圈 快踱一圈 (助手)
J174,24/11/2025,游水,沙田,,沙田,,,,,,,,游水,,
J174,24/11/2025,快操,沙田,全天候,沙田 全天候,,58.0,58.0,32.4 25.6,,助手,,醒目高球,H,32.4 25.6 (58.0) (助手) 醒目高球
J174,24/11/2025,踱步,沙田,飛機場,沙田 飛機場,,,,,,助手,,踱步,H,飛機場 踱步 (助手)
J174,23/11/2025,游水,沙田,,沙田,,,,,,,,游水,,
J174,23/11/2025,踱步,沙田,內圈,沙田 內圈,,,,,,助手,,快踱一圈,H,內圈 快踱一圈 (助手)
J174,22/11/2025,游水,沙田,,沙田,,,,,,,,游水,,
J174,22/11/2025,踱步,沙田,內圈,沙田 內圈,,,,,,助手,,快踱一圈,H,內圈 快踱一圈 (助手)
J174,21/11/2025,游水,沙田,,沙田,,,,,,,,游水,,
J174,21/11/2025,快操,沙田,全天候,沙田 全天候,,56.3,56.3,30.5 25.8,,助手,,快操,H,30.5 25.8 (56.3) (助手)
J174,21/11/2025,踱步,沙田,飛機場,沙田 飛機場,,,,,,助手,,踱步,H,飛機場 踱步 (助手)
J174,20/11/2025,游水,沙田,,沙田,,,,,,,,游水,,
J174,20/11/2025,踱步,沙田,內圈,沙田 內圈,,,,,,助手,,倒快一圈,H,內圈 倒快一圈 (助手)
J174,19/11/2025,游水,沙田,,沙田,,,,,,,,游水,,
J174,19/11/2025,踱步,沙田,內圈,沙田 內圈,,,,,,助手,,快踱一圈,H,內圈 快踱一圈 (助手)
J174,18/11/2025,游水,沙田,,沙田,,,,,,,,游水,,
J174,18/11/2025,踱步,沙田,內圈,沙田 內圈,,,,,,助手,,快踱一圈,H,內圈 快踱一圈 (助手)
J174,17/11/2025,游水,沙田,,沙田,,,,,,,,游水,,
J174,17/11/2025,快操,沙田,全天候,沙田 全天候,,1.00.4,60.4,32.7 27.7,,助手,,紫荊盛勢,H,32.7 27.7 (1.00.4) (助手) 紫荊盛勢
J174,17/11/2025,踱步,沙田,飛機場,沙田 飛機場,,,,,,助手,,踱步,H,飛機場 踱步 (助手)
J174,16/11/2025,游水,沙田,,沙田,,,,,,,,游水,,
J174,16/11/2025,踱步,沙田,內圈,沙田 內圈,,,,,,助手,,快踱一圈,H,內圈 快踱一圈 (助手)
J174,15/11/2025,游水,沙田,,沙田,,,,,,,,游水,,
J174,15/11/2025,踱步,沙田,內圈,沙田 內圈,,,,,,助手,,快踱一圈,H,內圈 快踱一圈 (助手)
J174,14/11/2025,游水,沙田,,沙田,,,,,,,,游水,,
J174,14/11/2025,踱步,沙田,內圈,沙田 內圈,,,,,,助手,,快踱一圈,H,內圈 快踱一圈 (助手)
J174,13/11/2025,游水,沙田,,沙田,,,,,,,,游水,,
J174,13/11/2025,踱步,沙田,飛機場,沙田 飛機場,,,,,,助手,,踱步,H,飛機場 踱步 (助手)
J174,12/11/2025,游水,沙田,,沙田,,,,,,,,游水,,
J174,11/11/2025,游水,沙田,,沙田,,,,,,,,游水,,
J174,10/11/2025,游水,沙田,,沙田,,,,,,,,游水,,
J174,09/11/2025,出賽,沙田,草地,沙田 草地,1400M,,,,,巴度,3/13,出賽,B,1400M (巴度) (3/13)
J174,09/11/2025,踱步,沙田,飛機場,沙田 飛機場,,,,,,助手,,踱步,H,飛機場 踱步 (助手)
J174,08/11/2025,游水,沙田,,沙田,,,,,,,,游水,,
J174,08/11/2025,踱步,沙田,內圈,沙田 內圈,,,,,,助手,,快踱一圈,H,內圈 快踱一圈 (助手)
J174,07/11/2025,游水,沙田,,沙田,,,,,,,,游水,,
J174,07/11/2025,踱步,沙田,內圈,沙田 內圈,,,,,,助手,,快踱一圈,H,內圈 快踱一圈 (助手)
J174,06/11/2025,游水,沙田,,沙田,,,,,,,,游水,,
J174,06/11/2025,快操,沙田,全天候,沙田 全天候,,58.7,58.7,31.5 27.2,,巴度,,快操,H,31.5 27.2 (58.7) (巴度)
J174,06/11/2025,踱步,沙田,飛機場,沙田 飛機場,,,,,,助手,,踱步,H,飛機場 踱步 (助手)
J174,05/11/2025,游水,沙田,,沙田,,,,,,,,游水,,
J174,05/11/2025,踱步,沙田,內圈,沙田 內圈,,,,,,助手,,快踱一圈,H,內圈 快踱一圈 (助手)
J174,04/11/2025,游水,沙田,,沙田,,,,,,,,游水,,
J174,04/11/2025,踱步,沙田,內圈,沙田 內圈,,,,,,助手,,快踱一圈,H,內圈 快踱一圈 (助手)
J174,03/11/2025,游水,沙田,,沙田,,,,,,,,游水,,
J174,03/11/2025,踱步,沙田,內圈,沙田 內圈,,,,,,助手,,倒快一圈,H,內圈 倒快一圈 (助手)
J174,02/11/2025,游水,沙田,,沙田,,,,,,,,游水,,
J174,02/11/2025,快操,沙田,全天候,沙田 全天候,,59.4,59.4,32.8 26.6,,助手,,快操,H,32.8 26.6 (59.4) (助手)
J174,02/11/2025,踱步,沙田,飛機場,沙田 飛機場,,,,,,助手,,踱步,H,飛機場 踱步 (助手)
J174,01/11/2025,游水,沙田,,沙田,,,,,,,,游水,,
J174,01/11/2025,踱步,沙田,內圈,沙田 內圈,,,,,,助手,,快踱一圈,H,內圈 快踱一圈 (助手)
J174,31/10/2025,游水,沙田,,沙田,,,,,,,,游水,,
J174,31/10/2025,踱步,沙田,內圈,沙田 內圈,,,,,,助手,,快踱一圈,H,內圈 快踱一圈 (助手)
J174,30/10/2025,游水,沙田,,沙田,,,,,,,,游水,,
J174,30/10/2025,踱步,沙田,內圈,沙田 內圈,,,,,,助手,,倒快一圈,H,內圈 倒快一圈 (助手)
J174,29/10/2025,游水,沙田,,沙田,,,,,,,,游水,,
J174,29/10/2025,踱步,沙田,飛機場,沙田 飛機場,,,,,,助手,,踱步,H,飛機場 踱步 (助手)
J174,28/10/2025,游水,沙田,,沙田,,,,,,,,游水,,
J174,27/10/2025,試閘,沙田,全天候,沙田 全天候,1200M,1.12.22,72.22,24.3 23.5 24.4,雷神太保,巴度,,第5組,B,第5組 (巴度) 1200M 雷神太保 24.3 23.5 24.4 (1.12.22)
J174,27/10/2025,游水,沙田,,沙田,,,,,,,,游水,,
J174,27/10/2025,踱步,沙田,飛機場,沙田 飛機場,,,,,,助手,,踱步,B,飛機場 踱步 (助手)
J174,26/10/2025,游水,沙田,,沙田,,,,,,,,游水,,
J174,26/10/2025,踱步,沙田,內圈,沙田 內圈,,,,,,助手,,快踱一圈,H,內圈 快踱一圈 (助手)
J174,25/10/2025,游水,沙田,,沙田,,,,,,,,游水,,
J174,25/10/2025,踱步,沙田,內圈,沙田 內圈,,,,,,助手,,快踱一圈,H,內圈 快踱一圈 (助手)
J174,24/10/2025,游水,沙田,,沙田,,,,,,,,游水,,
J174,24/10/2025,快操,沙田,全天候,沙田 全天候,,58.7,58.7,31.3 27.4,,助手,,快操,H,31.3 27.4 (58.7) (助手)
J174,24/10/2025,踱步,沙田,飛機場,沙田 飛機場,,,,,,助手,,踱步,H,飛機場 踱步 (助手)
J174,23/10/2025,游水,沙田,,沙田,,,,,,,,游水,,
J174,23/10/2025,踱步,沙田,內圈,沙田 內圈,,,,,,助手,,倒快一圈,H,內圈 倒快一圈 (助手)
J174,22/10/2025,游水,沙田,,沙田,,,,,,,,游水,,
J174,22/10/2025,踱步,沙田,內圈,沙田 內圈,,,,,,助手,,快踱一圈,H,內圈 快踱一圈 (助手)
J174,21/10/2025,游水,沙田,,沙田,,,,,,,,游水,,
J174,21/10/2025,踱步,沙田,內圈,沙田 內圈,,,,,,助手,,快踱一圈,H,內圈 快踱一圈 (助手)
J174,20/10/2025,游水,沙田,,沙田,,,,,,,,游水,,
J174,20/10/2025,快操,沙田,全天候,沙田 全天候,,57.3,57.3,31.8 25.5,,助手,,快操,H,31.8 25.5 (57.3) (助手)
J174,20/10/2025,踱步,沙田,飛機場,沙田 飛機場,,,,,,助手,,踱步,H,飛機場 踱步 (助手)
J174,19/10/2025,游水,沙田,,沙田,,,,,,,,游水,,
J174,19/10/2025,踱步,沙田,內圈,沙田 內圈,,,,,,助手,,快踱一圈,H,內圈 快踱一圈 (助手)
J174,18/10/2025,游水,沙田,,沙田,,,,,,,,游水,,
J174,18/10/2025,踱步,沙田,內圈,沙田 內圈,,,,,,助手,,快踱一圈,H,內圈 快踱一圈 (助手)
J174,17/10/2025,游水,沙田,,沙田,,,,,,,,游水,,
J174,17/10/2025,踱步,沙田,內圈,沙田 內圈,,,,,,助手,,快踱一圈,H,內圈 快踱一圈 (助手)
J174,16/10/2025,游水,沙田,,沙田,,,,,,,,游水,,
J174,16/10/2025,快操,沙田,全天候,沙田 全天候,,58.4,58.4,32.9 25.5,,助手,,快操,H,32.9 25.5 (58.4) (助手)
J174,16/10/2025,踱步,沙田,飛機場,沙田 飛機場,,,,,,助手,,踱步,H,飛機場 踱步 (助手)
J174,15/10/2025,游水,沙田,,沙田,,,,,,,,游水,,
J174,15/10/2025,踱步,沙田,內圈,沙田 內圈,,,,,,助手,,快踱一圈,H,內圈 快踱一圈 (助手)
J174,14/10/2025,游水,沙田,,沙田,,,,,,,,游水,,
J174,14/10/2025,踱步,沙田,內圈,沙田 內圈,,,,,,助手,,快踱一圈,H,內圈 快踱一圈 (助手)
J174,13/10/2025,游水,沙田,,沙田,,,,,,,,游水,,
J174,13/10/2025,踱步,沙田,內圈,沙田 內圈,,,,,,助手,,倒快一圈,H,內圈 倒快一圈 (助手)
J174,12/10/2025,游水,沙田,,沙田,,,,,,,,游水,,
J174,12/10/2025,快操,沙田,全天候,沙田 全天候,,57.5,57.5,31.2 26.3,,助手,,快操,H,31.2 26.3 (57.5) (助手)
J174,12/10/2025,踱步,沙田,飛機場,沙田 飛機場,,,,,,助手,,踱步,H,飛機場 踱步 (助手)
J174,11/10/2025,游水,沙田,,沙田,,,,,,,,游水,,
J174,11/10/2025,踱步,沙田,內圈,沙田 內圈,,,,,,助手,,快踱一圈,H,內圈 快踱一圈 (助手)
J174,10/10/2025,游水,沙田,,沙田,,,,,,,,游水,,
J174,10/10/2025,踱步,沙田,內圈,沙田 內圈,,,,,,助手,,快踱一圈,H,內圈 快踱一圈 (助手)
J174,09/10/2025,游水,沙田,,沙田,,,,,,,,游水,,
J174,09/10/2025,踱步,沙田,內圈,沙田 內圈,,,,,,助手,,倒快一圈,H,內圈 倒快一圈 (助手)
J174,08/10/2025,游水,沙田,,沙田,,,,,,,,游水,,
J174,08/10/2025,踱步,沙田,飛機場,沙田 飛機場,,,,,,助手,,踱步,H,飛機場 踱步 (助手)
J174,07/10/2025,游水,沙田,,沙田,,,,,,,,游水,,
J174,06/10/2025,游水,沙田,,沙田,,,,,,,,游水,,
J174,05/10/2025,游水,沙田,,沙田,,,,,,,,游水,,
J174,04/10/2025,出賽,沙田,草地,沙田 草地,1400M,,,,,巴度,8/14,出賽,B,1400M (巴度) (8/14)
J174,04/10/2025,踱步,沙田,飛機場,沙田 飛機場,,,,,,助手,,踱步,H,飛機場 踱步 (助手)
J174,03/10/2025,游水,沙田,,沙田,,,,,,,,游水,,
J174,03/10/2025,踱步,沙田,內圈,沙田 內圈,,,,,,助手,,快踱一圈,H,內圈 快踱一圈 (助手)
J174,02/10/2025,游水,沙田,,沙田,,,,,,,,游水,,
J174,02/10/2025,踱步,沙田,內圈,沙田 內圈,,,,,,助手,,倒快一圈,H,內圈 倒快一圈 (助手)
J174,01/10/2025,游水,沙田,,沙田,,,,,,,,游水,,
J174,01/10/2025,踱步,沙田,內圈,沙田 內圈,,,,,,助手,,快踱一圈,H,內圈 快踱一圈 (助手)
J174,30/09/2025,快操,沙田,全天候,沙田 全天候,,59.4,59.4,31.5 27.9,,巴度,,快操,H,31.5 27.9 (59.4) (巴度)
J174,30/09/2025,踱步,沙田,飛機場,沙田 飛機場,,,,,,助手,,踱步,H,飛機場 踱步 (助手)
J174,29/09/2025,游水,沙田,,沙田,,,,,,,,游水,,
J174,29/09/2025,踱步,沙田,內圈,沙田 內圈,,,,,,副練馬師,,倒快一圈,H,內圈 倒快一圈 (副練馬師)
J174,28/09/2025,游水,沙田,,沙田,,,,,,,,游水,,
J174,28/09/2025,踱步,沙田,內圈,沙田 內圈,,,,,,助手,,快踱一圈,H,內圈 快踱一圈 (助手)
J174,27/09/2025,游水,沙田,,沙田,,,,,,,,游水,,
J174,27/09/2025,踱步,沙田,內圈,沙田 內圈,,,,,,助手,,快踱一圈,H,內圈 快踱一圈 (助手)
J174,26/09/2025,游水,沙田,,沙田,,,,,,,,游水,,
J174,26/09/2025,快操,沙田,全天候,沙田 全天候,,59.5,59.5,32.6 26.9,,助手,,紫荊盛勢,H,32.6 26.9 (59.5) (助手) 紫荊盛勢
J174,26/09/2025,踱步,沙田,飛機場,沙田 飛機場,,,,,,助手,,踱步,H,飛機場 踱步 (助手)
J174,25/09/2025,游水,沙田,,沙田,,,,,,,,游水,,
J174,25/09/2025,踱步,沙田,內圈,沙田 內圈,,,,,,助手,,倒快一圈,H,內圈 倒快一圈 (助手)
J174,23/09/2025,游水,沙田,,沙田,,,,,,,,游水,,
J174,23/09/2025,踱步,沙田,內圈,沙田 內圈,,,,,,助手,,快踱一圈,H,內圈 快踱一圈 (助手)
J174,22/09/2025,游水,沙田,,沙田,,,,,,,,游水,,
J174,22/09/2025,快操,沙田,全天候,沙田 全天候,,58.9,58.9,33.0 25.9,,助手,,快操,H,33.0 25.9 (58.9) (助手)
J174,22/09/2025,踱步,沙田,飛機場,沙田 飛機場,,,,,,助手,,踱步,H,飛機場 踱步 (助手)
J174,21/09/2025,游水,沙田,,沙田,,,,,,,,游水,,
J174,21/09/2025,踱步,沙田,內圈,沙田 內圈,,,,,,助手,,快踱一圈,H,內圈 快踱一圈 (助手)
J174,20/09/2025,游水,沙田,,沙田,,,,,,,,游水,,
J174,20/09/2025,踱步,沙田,內圈,沙田 內圈,,,,,,助手,,快踱一圈,H,內圈 快踱一圈 (助手)
J174,19/09/2025,游水,沙田,,沙田,,,,,,,,游水,,
J174,19/09/2025,踱步,沙田,內圈,沙田 內圈,,,,,,助手,,快踱一圈,H,內圈 快踱一圈 (助手)
J174,18/09/2025,游水,沙田,,沙田,,,,,,,,游水,,
J174,18/09/2025,踱步,沙田,飛機場,沙田 飛機場,,,,,,助手,,踱步,H,飛機場 踱步 (助手)
J174,17/09/2025,游水,沙田,,沙田,,,,,,,,游水,,
J174,16/09/2025,游水,沙田,,沙田,,,,,,,,游水,,
J174,15/09/2025,游水,沙田,,沙田,,,,,,,,游水,,
J174,14/09/2025,出賽,沙田,草地,沙田 草地,1400M,,,,,巴度,1/14,出賽,B,1400M (巴度) (1/14)
J174,14/09/2025,踱步,沙田,飛機場,沙田 飛機場,,,,,,助手,,踱步,H,飛機場 踱步 (助手)
J174,13/09/2025,游水,沙田,,沙田,,,,,,,,游水,,
J174,13/09/2025,踱步,沙田,內圈,沙田 內圈,,,,,,助手,,快踱一圈,H,內圈 快踱一圈 (助手)
J174,12/09/2025,游水,沙田,,沙田,,,,,,,,游水,,
J174,12/09/2025,快操,沙田,全天候,沙田 全天候,,59.0,59.0,32.2 26.8,,副練馬師,,快操,H,32.2 26.8 (59.0) (副練馬師)
J174,12/09/2025,踱步,沙田,飛機場,沙田 飛機場,,,,,,副練馬師,,踱步,H,飛機場 踱步 (副練馬師)
J174,11/09/2025,游水,沙田,,沙田,,,,,,,,游水,,
J174,11/09/2025,踱步,沙田,內圈,沙田 內圈,,,,,,助手,,倒快一圈,H,內圈 倒快一圈 (助手)
J174,10/09/2025,游水,沙田,,沙田,,,,,,,,游水,,
J174,10/09/2025,踱步,沙田,內圈,沙田 內圈,,,,,,副練馬師,,快踱一圈,H,內圈 快踱一圈 (副練馬師)
J174,09/09/2025,游水,沙田,,沙田,,,,,,,,游水,,
J174,09/09/2025,快操,沙田,全天候,沙田 全天候,,1.00.2,60.2,32.8 27.4,,助手,,快操,H,32.8 27.4 (1.00.2) (助手)
J174,09/09/2025,踱步,沙田,飛機場,沙田 飛機場,,,,,,助手,,踱步,H,飛機場 踱步 (助手)
J174,08/09/2025,踱步,沙田,飛機場,沙田 飛機場,,,,,,副練馬師,,踱步,H,飛機場 踱步 (副練馬師)
J174,07/09/2025,游水,沙田,,沙田,,,,,,,,游水,,
J174,07/09/2025,踱步,沙田,內圈,沙田 內圈,,,,,,助手,,快踱一圈,H,內圈 快踱一圈 (助手)
J174,06/09/2025,游水,沙田,,沙田,,,,,,,,游水,,
J174,06/09/2025,踱步,沙田,內圈,沙田 內圈,,,,,,助手,,快踱一圈,H,內圈 快踱一圈 (助手)
J174,05/09/2025,游水,沙田,,沙田,,,,,,,,游水,,
J174,05/09/2025,踱步,沙田,內圈,沙田 內圈,,,,,,助手,,快踱一圈,H,內圈 快踱一圈 (助手)
J174,04/09/2025,游水,沙田,,沙田,,,,,,,,游水,,
J174,04/09/2025,踱步,沙田,飛機場,沙田 飛機場,,,,,,助手,,踱步,H,飛機場 踱步 (助手)
J174,03/09/2025,游水,沙田,,沙田,,,,,,,,游水,,
J174,02/09/2025,試閘,沙田,全天候,沙田 全天候,1200M,1.10.45,70.45,24.9 22.8 22.7,勝在有型,巴度,,第6組,B,第6組 (巴度) 1200M 勝在有型 24.9 22.8 22.7 (1.10.45)
J174,02/09/2025,游水,沙田,,沙田,,,,,,,,游水,,
J174,02/09/2025,踱步,沙田,飛機場,沙田 飛機場,,,,,,助手,,踱步,B,飛機場 踱步 (助手)
J174,01/09/2025,游水,沙田,,沙田,,,,,,,,游水,,
J174,01/09/2025,踱步,沙田,內圈,沙田 內圈,,,,,,助手,,倒快一圈,H,內圈 倒快一圈 (助手)
J174,31/08/2025,游水,沙田,,沙田,,,,,,,,游水,,
J174,31/08/2025,踱步,沙田,內圈,沙田 內圈,,,,,,助手,,快踱一圈,H,內圈 快踱一圈 (助手)
J174,30/08/2025,游水,沙田,,沙田,,,,,,,,游水,,
J174,30/08/2025,快操,沙田,全天候,沙田 全天候,,26.6,26.6,26.6,,助手,,快操,H,26.6 (26.6) (助手)
J174,30/08/2025,踱步,沙田,飛機場,沙田 飛機場,,,,,,助手,,踱步,H,飛機場 踱步 (助手)
J174,29/08/2025,游水,沙田,,沙田,,,,,,,,游水,,
J174,29/08/2025,踱步,沙田,內圈,沙田 內圈,,,,,,助手,,快踱一圈,H,內圈 快踱一圈 (助手)
J174,28/08/2025,游水,沙田,,沙田,,,,,,,,游水,,
J174,28/08/2025,踱步,沙田,內圈,沙田 內圈,,,,,,助手,,倒快一圈,H,內圈 倒快一圈 (助手)
J174,27/08/2025,游水,沙田,,沙田,,,,,,,,游水,,
J174,27/08/2025,快操,沙田,全天候,沙田 全天候,,57.9,57.9,32.1 25.8,,副練馬師,,快操,H,32.1 25.8 (57.9) (副練馬師)
J174,27/08/2025,踱步,沙田,飛機場,沙田 飛機場,,,,,,副練馬師,,踱步,H,飛機場 踱步 (副練馬師)
J174,26/08/2025,游水,沙田,,沙田,,,,,,,,游水,,
J174,26/08/2025,踱步,沙田,內圈,沙田 內圈,,,,,,助手,,快踱一圈,H,內圈 快踱一圈 (助手)
J174,25/08/2025,游水,沙田,,沙田,,,,,,,,游水,,
J174,25/08/2025,踱步,沙田,內圈,沙田 內圈,,,,,,助手,,倒快一圈,H,內圈 倒快一圈 (助手)
J174,24/08/2025,游水,沙田,,沙田,,,,,,,,游水,,
J174,24/08/2025,快操,沙田,全天候,沙田 全天候,,58.2,58.2,32.8 25.4,,助手,,快操,H,32.8 25.4 (58.2) (助手)
J174,24/08/2025,踱步,沙田,飛機場,沙田 飛機場,,,,,,助手,,踱步,H,飛機場 踱步 (助手)
J174,23/08/2025,游水,沙田,,沙田,,,,,,,,游水,,
J174,23/08/2025,踱步,沙田,內圈,沙田 內圈,,,,,,助手,,快踱一圈,H,內圈 快踱一圈 (助手)
J174,22/08/2025,游水,沙田,,沙田,,,,,,,,游水,,
J174,22/08/2025,踱步,沙田,內圈,沙田 內圈,,,,,,助手,,快踱一圈,H,內圈 快踱一圈 (助手)
J174,21/08/2025,游水,沙田,,沙田,,,,,,,,游水,,
J174,21/08/2025,快操,沙田,全天候,沙田 全天候,,27.8,27.8,27.8,,助手,,快操,H,27.8 (27.8) (助手)
J174,21/08/2025,踱步,沙田,飛機場,沙田 飛機場,,,,,,助手,,踱步,H,飛機場 踱步 (助手)
J174,20/08/2025,游水,沙田,,沙田,,,,,,,,游水,,
J174,20/08/2025,踱步,沙田,內圈,沙田 內圈,,,,,,助手,,快踱一圈,H,內圈 快踱一圈 (助手)
J174,19/08/2025,游水,沙田,,沙田,,,,,,,,游水,,
J174,19/08/2025,踱步,沙田,內圈,沙田 內圈,,,,,,助手,,快踱一圈,H,內圈 快踱一圈 (助手)
J174,18/08/2025,游水,沙田,,沙田,,,,,,,,游水,,
J174,18/08/2025,踱步,沙田,內圈,沙田 內圈,,,,,,助手,,倒快一圈,H,內圈 倒快一圈 (助手)
J174,17/08/2025,游水,沙田,,沙田,,,,,,,,游水,,
J174,17/08/2025,快操,沙田,全天候,沙田 全天候,,59.8,59.8,33.7 26.1,,助手,,快操,H,33.7 26.1 (59.8) (助手)
J174,17/08/2025,踱步,沙田,飛機場,沙田 飛機場,,,,,,助手,,踱步,H,飛機場 踱步 (助手)
J174,16/08/2025,游水,沙田,,沙田,,,,,,,,游水,,
J174,16/08/2025,踱步,沙田,內圈,沙田 內圈,,,,,,助手,,快踱一圈,H,內圈 快踱一圈 (助手)
J174,15/08/2025,游水,沙田,,沙田,,,,,,,,游水,,
J174,15/08/2025,踱步,沙田,內圈,沙田 內圈,,,,,,助手,,快踱一圈,H,內圈 快踱一圈 (助手)
J174,14/08/2025,游水,沙田,,沙田,,,,,,,,游水,,
J174,14/08/2025,踱步,沙田,內圈,沙田 內圈,,,,,,助手,,倒快一圈,H,內圈 倒快一圈 (助手)
J174,13/08/2025,游水,沙田,,沙田,,,,,,,,游水,,
J174,13/08/2025,快操,沙田,全天候,沙田 全天候,,30.2,30.2,30.2,,助手,,快操,H,30.2 (30.2) (助手)
J174,13/08/2025,踱步,沙田,飛機場,沙田 飛機場,,,,,,助手,,踱步,H,飛機場 踱步 (助手)
J174,12/08/2025,游水,沙田,,沙田,,,,,,,,游水,,
J174,12/08/2025,踱步,沙田,內圈,沙田 內圈,,,,,,助手,,快踱一圈,H,內圈 快踱一圈 (助手)
J174,11/08/2025,游水,沙田,,沙田,,,,,,,,游水,,
J174,11/08/2025,踱步,沙田,內圈,沙田 內圈,,,,,,助手,,倒快一圈,H,內圈 倒快一圈 (助手)
J174,10/08/2025,游水,沙田,,沙田,,,,,,,,游水,,
J174,10/08/2025,踱步,沙田,內圈,沙田 內圈,,,,,,助手,,快踱一圈,H,內圈 快踱一圈 (助手)
J174,09/08/2025,游水,沙田,,沙田,,,,,,,,游水,,
J174,09/08/2025,踱步,沙田,內圈,沙田 內圈,,,,,,助手,,快踱一圈,H,內圈 快踱一圈 (助手)
J174,08/08/2025,游水,沙田,,沙田,,,,,,,,游水,,
J174,08/08/2025,踱步,沙田,外圈,沙田 外圈,,,,,,助手,,快踱一圈,H,外圈 快踱一圈 (助手)
J174,07/08/2025,游水,沙田,,沙田,,,,,,,,游水,,
J174,07/08/2025,踱步,沙田,內圈,沙田 內圈,,,,,,助手,,倒快一圈,H,內圈 倒快一圈 (助手)
J174,06/08/2025,游水,沙田,,沙田,,,,,,,,游水,,
J174,06/08/2025,踱步,沙田,內圈,沙田 內圈,,,,,,助手,,快踱一圈,H,內圈 快踱一圈 (助手)
J174,04/08/2025,游水,沙田,,沙田,,,,,,,,游水,,
J174,04/08/2025,踱步,沙田,內圈,沙田 內圈,,,,,,助手,,快踱一圈,H,內圈 快踱一圈 (助手)
J174,03/08/2025,游水,沙田,,沙田,,,,,,,,游水,,
J174,03/08/2025,踱步,沙田,內圈,沙田 內圈,,,,,,助手,,快踱一圈,H,內圈 快踱一圈 (助手)
J174,02/08/2025,游水,沙田,,沙田,,,,,,,,游水,,
J174,02/08/2025,踱步,沙田,飛機場,沙田 飛機場,,,,,,助手,,踱步,H,飛機場 踱步 (助手)
J174,01/08/2025,游水,沙田,,沙田,,,,,,,,游水,,
J174,01/08/2025,踱步,沙田,飛機場,沙田 飛機場,,,,,,助手,,踱步,H,飛機場 踱步 (助手)
J174,31/07/2025,踱步,沙田,飛機場,沙田 飛機場,,,,,,助手,,踱步,H,飛機場 踱步 (助手)
J174,16/07/2025,游水,沙田,,沙田,,,,,,,,游水,,
J174,15/07/2025,游水,沙田,,沙田,,,,,,,,游水,,
J174,14/07/2025,游水,沙田,,沙田,,,,,,,,游水,,
J174,13/07/2025,出賽,沙田,草地,沙田 草地,1400M,,,,,艾兆禮,4/13,出賽,B,1400M (艾兆禮) (4/13)
J174,13/07/2025,踱步,沙田,內圈,沙田 內圈,,,,,,助手,,快踱一圈,H,內圈 快踱一圈 (助手)
J174,12/07/2025,游水,沙田,,沙田,,,,,,,,游水,,
J174,12/07/2025,踱步,沙田,內圈,沙田 內圈,,,,,,助手,,快踱一圈,H,內圈 快踱一圈 (助手)
J174,11/07/2025,游水,沙田,,沙田,,,,,,,,游水,,
J174,11/07/2025,踱步,沙田,內圈,沙田 內圈,,,,,,副練馬師,,快踱一圈,H,內圈 快踱一圈 (副練馬師)
J174,10/07/2025,游水,沙田,,沙田,,,,,,,,游水,,
J174,10/07/2025,快操,沙田,全天候,沙田 全天候,,58.9,58.9,32.2 26.7,,助手,,快操,H,32.2 26.7 (58.9) (助手)
J174,10/07/2025,踱步,沙田,飛機場,沙田 飛機場,,,,,,助手,,踱步,H,飛機場 踱步 (助手)
J174,09/07/2025,游水,沙田,,沙田,,,,,,,,游水,,
J174,09/07/2025,踱步,沙田,內圈,沙田 內圈,,,,,,助手,,快踱一圈,H,內圈 快踱一圈 (助手)
J174,08/07/2025,游水,沙田,,沙田,,,,,,,,游水,,
J174,08/07/2025,踱步,沙田,內圈,沙田 內圈,,,,,,助手,,快踱一圈,H,內圈 快踱一圈 (助手)
J174,07/07/2025,游水,沙田,,沙田,,,,,,,,游水,,
J174,07/07/2025,踱步,沙田,內圈,沙田 內圈,,,,,,助手,,倒快一圈,,內圈 倒快一圈 (助手)
J174,06/07/2025,游水,沙田,,沙田,,,,,,,,游水,,
J174,06/07/2025,快操,沙田,全天候,沙田 全天候,,59.0,59.0,33.5 25.5,,助手,,快操,H,33.5 25.5 (59.0) (助手)
J174,06/07/2025,踱步,沙田,飛機場,沙田 飛機場,,,,,,助手,,踱步,H,飛機場 踱步 (助手)
J174,05/07/2025,游水,沙田,,沙田,,,,,,,,游水,,
J174,05/07/2025,踱步,沙田,內圈,沙田 內圈,,,,,,助手,,快踱一圈,H,內圈 快踱一圈 (助手)
J174,04/07/2025,游水,沙田,,沙田,,,,,,,,游水,,
J174,03/07/2025,游水,沙田,,沙田,,,,,,,,游水,,
J174,03/07/2025,踱步,沙田,內圈,沙田 內圈,,,,,,助手,,倒快一圈,H,內圈 倒快一圈 (助手)
J174,02/07/2025,游水,沙田,,沙田,,,,,,,,游水,,
J174,02/07/2025,踱步,沙田,飛機場,沙田 飛機場,,,,,,助手,,踱步,H,飛機場 踱步 (助手)
J174,01/07/2025,游水,沙田,,沙田,,,,,,,,游水,,
J174,30/06/2025,游水,沙田,,沙田,,,,,,,,游水,,
J174,29/06/2025,游水,沙田,,沙田,,,,,,,,游水,,
J174,28/06/2025,出賽,沙田,草地,沙田 草地,1200M,,,,,鍾易禮,14/14,出賽,B,1200M (鍾易禮) (14/14)
J174,28/06/2025,踱步,沙田,內圈,沙田 內圈,,,,,,助手,,快踱一圈,H,內圈 快踱一圈 (助手)
J174,27/06/2025,游水,沙田,,沙田,,,,,,,,游水,,
J174,27/06/2025,踱步,沙田,內圈,沙田 內圈,,,,,,助手,,快踱一圈,H,內圈 快踱一圈 (助手)
J174,26/06/2025,游水,沙田,,沙田,,,,,,,,游水,,
J174,26/06/2025,踱步,沙田,內圈,沙田 內圈,,,,,,助手,,倒快一圈,H,內圈 倒快一圈 (助手)
J174,25/06/2025,游水,沙田,,沙田,,,,,,,,游水,,
J174,25/06/2025,踱步,沙田,內圈,沙田 內圈,,,,,,助手,,快踱一圈,H,內圈 快踱一圈 (助手)
J174,24/06/2025,快操,沙田,全天候,沙田 全天候,,57.7,57.7,31.9 25.8,,副練馬師,,八仟財陞,H,31.9 25.8 (57.7) (副練馬師) 八仟財陞
J174,24/06/2025,踱步,沙田,飛機場,沙田 飛機場,,,,,,副練馬師,,踱步,H,飛機場 踱步 (副練馬師)
J174,23/06/2025,游水,沙田,,沙田,,,,,,,,游水,,
J174,23/06/2025,踱步,沙田,內圈,沙田 內圈,,,,,,助手,,倒快一圈,H,內圈 倒快一圈 (助手)
J174,22/06/2025,游水,沙田,,沙田,,,,,,,,游水,,
J174,22/06/2025,踱步,沙田,內圈,沙田 內圈,,,,,,助手,,快踱一圈,H,內圈 快踱一圈 (助手)
J174,21/06/2025,游水,沙田,,沙田,,,,,,,,游水,,
J174,21/06/2025,踱步,沙田,內圈,沙田 內圈,,,,,,助手,,快踱一圈,H,內圈 快踱一圈 (助手)
J174,20/06/2025,游水,沙田,,沙田,,,,,,,,游水,,
J174,20/06/2025,快操,沙田,全天候,沙田 全天候,,58.1,58.1,31.5 26.6,,副練馬師,,快操,H,31.5 26.6 (58.1) (副練馬師)
J174,20/06/2025,踱步,沙田,飛機場,沙田 飛機場,,,,,,副練馬師,,踱步,H,飛機場 踱步 (副練馬師)
J174,19/06/2025,游水,沙田,,沙田,,,,,,,,游水,,
J174,19/06/2025,踱步,沙田,內圈,沙田 內圈,,,,,,助手,,倒快一圈,H,內圈 倒快一圈 (助手)
J174,18/06/2025,游水,沙田,,沙田,,,,,,,,游水,,
J174,18/06/2025,踱步,沙田,內圈,沙田 內圈,,,,,,助手,,快踱一圈,H,內圈 快踱一圈 (助手)
J174,17/06/2025,游水,沙田,,沙田,,,,,,,,游水,,
J174,17/06/2025,踱步,沙田,內圈,沙田 內圈,,,,,,副練馬師,,快踱一圈,H,內圈 快踱一圈 (副練馬師)
J174,16/06/2025,游水,沙田,,沙田,,,,,,,,游水,,
J174,16/06/2025,快操,沙田,全天候,沙田 全天候,,57.2,57.2,31.3 25.9,,助手,,快操,H,31.3 25.9 (57.2) (助手)
J174,16/06/2025,踱步,沙田,飛機場,沙田 飛機場,,,,,,助手,,踱步,H,飛機場 踱步 (助手)
J174,15/06/2025,游水,沙田,,沙田,,,,,,,,游水,,
J174,15/06/2025,踱步,沙田,內圈,沙田 內圈,,,,,,助手,,快踱一圈,H,內圈 快踱一圈 (助手)
J174,14/06/2025,游水,沙田,,沙田,,,,,,,,游水,,
J174,14/06/2025,踱步,沙田,內圈,沙田 內圈,,,,,,助手,,快踱一圈,H,內圈 快踱一圈 (助手)
J174,13/06/2025,游水,沙田,,沙田,,,,,,,,游水,,
J174,13/06/2025,踱步,沙田,內圈,沙田 內圈,,,,,,助手,,快踱一圈,H,內圈 快踱一圈 (助手)
J174,12/06/2025,踱步,沙田,飛機場,沙田 飛機場,,,,,,助手,,踱步,H,飛機場 踱步 (助手)
J174,11/06/2025,游水,沙田,,沙田,,,,,,,,游水,,
J174,08/06/2025,出賽,沙田,草地,沙田 草地,1200M,,,,,潘頓,5/12,出賽,B,1200M (潘頓) (5/12)
J174,08/06/2025,踱步,沙田,飛機場,沙田 飛機場,,,,,,助手,,踱步,H,飛機場 踱步 (助手)
J174,07/06/2025,踱步,沙田,內圈,沙田 內圈,,,,,,助手,,快踱一圈,H,內圈 快踱一圈 (助手)
J174,06/06/2025,踱步,沙田,內圈,沙田 內圈,,,,,,助手,,快踱一圈,H,內圈 快踱一圈 (助手)
J174,05/06/2025,快操,沙田,全天候,沙田 全天候,,57.9,57.9,31.6 26.3,,副練馬師,,快操,H,31.6 26.3 (57.9) (副練馬師)
J174,05/06/2025,踱步,沙田,飛機場,沙田 飛機場,,,,,,副練馬師,,踱步,H,飛機場 踱步 (副練馬師)
J174,04/06/2025,踱步,沙田,內圈,沙田 內圈,,,,,,助手,,快踱一圈,H,內圈 快踱一圈 (助手)
J174,03/06/2025,踱步,沙田,內圈,沙田 內圈,,,,,,助手,,快踱一圈,H,內圈 快踱一圈 (助手)
J174,02/06/2025,快操,沙田,全天候,沙田 全天候,,56.9,56.9,31.7 25.2,,潘頓,,凱旋時光,H,31.7 25.2 (56.9) (潘頓) 凱旋時光
J174,02/06/2025,踱步,沙田,飛機場,沙田 飛機場,,,,,,助手,,踱步,H,飛機場 踱步 (助手)
J174,01/06/2025,游水,沙田,,沙田,,,,,,,,游水,,
J174,01/06/2025,踱步,沙田,內圈,沙田 內圈,,,,,,助手,,快踱一圈,H,內圈 快踱一圈 (助手)
J174,31/05/2025,游水,沙田,,沙田,,,,,,,,游水,,
J174,31/05/2025,踱步,沙田,內圈,沙田 內圈,,,,,,助手,,快踱一圈,H,內圈 快踱一圈 (助手)
J174,30/05/2025,游水,沙田,,沙田,,,,,,,,游水,,
J174,30/05/2025,快操,沙田,全天候,沙田 全天候,,58.3,58.3,32.5 25.8,,副練馬師,,快操,H,32.5 25.8 (58.3) (副練馬師)
J174,30/05/2025,踱步,沙田,飛機場,沙田 飛機場,,,,,,副練馬師,,踱步,H,飛機場 踱步 (副練馬師)
J174,29/05/2025,游水,沙田,,沙田,,,,,,,,游水,,
J174,28/05/2025,游水,沙田,,沙田,,,,,,,,游水,,
J174,28/05/2025,踱步,沙田,內圈,沙田 內圈,,,,,,助手,,快踱一圈,H,內圈 快踱一圈 (助手)
J174,27/05/2025,游水,沙田,,沙田,,,,,,,,游水,,
J174,27/05/2025,快操,沙田,全天候,沙田 全天候,,56.9,56.9,31.2 25.7,,助手,,快操,H,31.2 25.7 (56.9) (助手)
J174,27/05/2025,踱步,沙田,飛機場,沙田 飛機場,,,,,,助手,,踱步,H,飛機場 踱步 (助手)
J174,26/05/2025,游水,沙田,,沙田,,,,,,,,游水,,
J174,26/05/2025,踱步,沙田,內圈,沙田 內圈,,,,,,助手,,倒快一圈,H,內圈 倒快一圈 (助手)
J174,25/05/2025,游水,沙田,,沙田,,,,,,,,游水,,
J174,25/05/2025,踱步,沙田,內圈,沙田 內圈,,,,,,助手,,快踱一圈,H,內圈 快踱一圈 (助手)
J174,24/05/2025,游水,沙田,,沙田,,,,,,,,游水,,
J174,24/05/2025,踱步,沙田,內圈,沙田 內圈,,,,,,助手,,快踱一圈,H,內圈 快踱一圈 (助手)
J174,23/05/2025,游水,沙田,,沙田,,,,,,,,游水,,
J174,23/05/2025,快操,沙田,全天候,沙田 全天候,,58.0,58.0,31.8 26.2,,副練馬師,,快操,H,31.8 26.2 (58.0) (副練馬師)
J174,23/05/2025,踱步,沙田,飛機場,沙田 飛機場,,,,,,助手,,踱步,H,飛機場 踱步 (助手)
J174,22/05/2025,游水,沙田,,沙田,,,,,,,,游水,,
J174,21/05/2025,游水,沙田,,沙田,,,,,,,,游水,,
J174,21/05/2025,踱步,沙田,內圈,沙田 內圈,,,,,,助手,,快踱一圈,H,內圈 快踱一圈 (助手)
J174,20/05/2025,游水,沙田,,沙田,,,,,,,,游水,,
J174,19/05/2025,游水,沙田,,沙田,,,,,,,,游水,,
J174,19/05/2025,踱步,沙田,內圈,沙田 內圈,,,,,,助手,,倒快一圈,H,內圈 倒快一圈 (助手)
J174,18/05/2025,游水,沙田,,沙田,,,,,,,,游水,,
J174,18/05/2025,踱步,沙田,飛機場,沙田 飛機場,,,,,,助手,,踱步,H,飛機場 踱步 (助手)
J174,17/05/2025,游水,沙田,,沙田,,,,,,,,游水,,
J174,16/05/2025,游水,沙田,,沙田,,,,,,,,游水,,
J174,15/05/2025,游水,沙田,,沙田,,,,,,,,游水,,
J174,14/05/2025,出賽,跑馬地,草地,跑馬地 草地,1200M,,,,,鍾易禮,8/12,出賽,B,1200M (鍾易禮) (8/12)
J174,14/05/2025,踱步,沙田,內圈,沙田 內圈,,,,,,助手,,快踱一圈,H,內圈 快踱一圈 (助手)
J174,13/05/2025,游水,沙田,,沙田,,,,,,,,游水,,
J174,13/05/2025,踱步,沙田,內圈,沙田 內圈,,,,,,助手,,快踱一圈,H,內圈 快踱一圈 (助手)
J174,12/05/2025,游水,沙田,,沙田,,,,,,,,游水,,
J174,12/05/2025,踱步,沙田,內圈,沙田 內圈,,,,,,助手,,倒快一圈,H,內圈 倒快一圈 (助手)
J174,11/05/2025,游水,沙田,,沙田,,,,,,,,游水,,
J174,11/05/2025,快操,沙田,全天候,沙田 全天候,,59.4,59.4,30.8 28.6,,鍾易禮,,快操,H,30.8 28.6 (59.4) (鍾易禮)
J174,11/05/2025,踱步,沙田,飛機場,沙田 飛機場,,,,,,鍾易禮,,踱步,H,飛機場 踱步 (鍾易禮)
J174,10/05/2025,游水,沙田,,沙田,,,,,,,,游水,,
J174,10/05/2025,踱步,沙田,內圈,沙田 內圈,,,,,,助手,,快踱一圈,H,內圈 快踱一圈 (助手)
J174,09/05/2025,游水,沙田,,沙田,,,,,,,,游水,,
J174,09/05/2025,踱步,沙田,內圈,沙田 內圈,,,,,,助手,,快踱一圈,H,內圈 快踱一圈 (助手)
J174,08/05/2025,游水,沙田,,沙田,,,,,,,,游水,,
J174,08/05/2025,踱步,沙田,飛機場,沙田 飛機場,,,,,,助手,,踱步,H,飛機場 踱步 (助手)
J174,07/05/2025,游水,沙田,,沙田,,,,,,,,游水,,
J174,06/05/2025,游水,沙田,,沙田,,,,,,,,游水,,
J174,06/05/2025,踱步,沙田,內圈,沙田 內圈,,,,,,助手,,快踱一圈,H,內圈 快踱一圈 (助手)
J174,05/05/2025,游水,沙田,,沙田,,,,,,,,游水,,
J174,05/05/2025,快操,沙田,全天候,沙田 全天候,,57.6,57.6,32.5 25.1,,助手,,快操,H,32.5 25.1 (57.6) (助手)
J174,05/05/2025,踱步,沙田,飛機場,沙田 飛機場,,,,,,助手,,踱步,H,飛機場 踱步 (助手)
J174,04/05/2025,游水,沙田,,沙田,,,,,,,,游水,,
J174,04/05/2025,踱步,沙田,內圈,沙田 內圈,,,,,,助手,,快踱一圈,H,內圈 快踱一圈 (助手)
J174,03/05/2025,游水,沙田,,沙田,,,,,,,,游水,,
J174,03/05/2025,踱步,沙田,內圈,沙田 內圈,,,,,,助手,,快踱一圈,H,內圈 快踱一圈 (助手)
J174,02/05/2025,游水,沙田,,沙田,,,,,,,,游水,,
J174,02/05/2025,快操,沙田,全天候,沙田 全天候,,59.1,59.1,32.3 26.8,,助手,,快操,H,32.3 26.8 (59.1) (助手)
J174,02/05/2025,踱步,沙田,飛機場,沙田 飛機場,,,,,,助手,,踱步,H,飛機場 踱步 (助手)
J174,01/05/2025,游水,沙田,,沙田,,,,,,,,游水,,
J174,01/05/2025,踱步,沙田,內圈,沙田 內圈,,,,,,助手,,倒快一圈,H,內圈 倒快一圈 (助手)
J174,30/04/2025,游水,沙田,,沙田,,,,,,,,游水,,
J174,30/04/2025,踱步,沙田,內圈,沙田 內圈,,,,,,助手,,快踱一圈,H,內圈 快踱一圈 (助手)
J174,29/04/2025,游水,沙田,,沙田,,,,,,,,游水,,
J174,29/04/2025,踱步,沙田,內圈,沙田 內圈,,,,,,助手,,快踱一圈,H,內圈 快踱一圈 (助手)
J174,28/04/2025,游水,沙田,,沙田,,,,,,,,游水,,
J174,28/04/2025,快操,沙田,全天候,沙田 全天候,,57.9,57.9,30.9 27.0,,副練馬師,,天天更好,H,30.9 27.0 (57.9) (副練馬師) 天天更好
J174,28/04/2025,踱步,沙田,飛機場,沙田 飛機場,,,,,,副練馬師,,踱步,H,飛機場 踱步 (副練馬師)
J174,27/04/2025,游水,沙田,,沙田,,,,,,,,游水,,
J174,27/04/2025,踱步,沙田,內圈,沙田 內圈,,,,,,助手,,快踱一圈,H,內圈 快踱一圈 (助手)
J174,26/04/2025,游水,沙田,,沙田,,,,,,,,游水,,
J174,26/04/2025,踱步,沙田,內圈,沙田 內圈,,,,,,助手,,快踱一圈,H,內圈 快踱一圈 (助手)
J174,25/04/2025,游水,沙田,,沙田,,,,,,,,游水,,
J174,25/04/2025,踱步,沙田,內圈,沙田 內圈,,,,,,助手,,快踱一圈,H,內圈 快踱一圈 (助手)
J174,24/04/2025,游水,沙田,,沙田,,,,,,,,游水,,
J174,24/04/2025,快操,沙田,全天候,沙田 全天候,,57.8,57.8,32.3 25.5,,副練馬師,,快操,H,32.3 25.5 (57.8) (副練馬師)
J174,24/04/2025,踱步,沙田,飛機場,沙田 飛機場,,,,,,副練馬師,,踱步,H,飛機場 踱步 (副練馬師)
J174,23/04/2025,游水,沙田,,沙田,,,,,,,,游水,,
J174,23/04/2025,踱步,沙田,內圈,沙田 內圈,,,,,,助手,,快踱一圈,H,內圈 快踱一圈 (助手)
J174,22/04/2025,游水,沙田,,沙田,,,,,,,,游水,,
J174,22/04/2025,踱步,沙田,內圈,沙田 內圈,,,,,,助手,,快踱一圈,H,內圈 快踱一圈 (助手)
J174,21/04/2025,游水,沙田,,沙田,,,,,,,,游水,,
J174,21/04/2025,踱步,沙田,內圈,沙田 內圈,,,,,,助手,,倒快一圈,H,內圈 倒快一圈 (助手)
J174,20/04/2025,游水,沙田,,沙田,,,,,,,,游水,,
J174,20/04/2025,踱步,沙田,飛機場,沙田 飛機場,,,,,,助手,,踱步,H,飛機場 踱步 (助手)
J174,19/04/2025,游水,沙田,,沙田,,,,,,,,游水,,
J174,18/04/2025,游水,沙田,,沙田,,,,,,,,游水,,
J174,16/04/2025,出賽,跑馬地,草地,跑馬地 草地,1200M,,,,,潘明輝,6/12,出賽,B,1200M (潘明輝) (6/12)
J174,16/04/2025,踱步,沙田,內圈,沙田 內圈,,,,,,助手,,快踱一圈,H,內圈 快踱一圈 (助手)
J174,15/04/2025,游水,沙田,,沙田,,,,,,,,游水,,
J174,15/04/2025,踱步,沙田,內圈,沙田 內圈,,,,,,助手,,快踱一圈,H,內圈 快踱一圈 (助手)
J174,14/04/2025,游水,沙田,,沙田,,,,,,,,游水,,
J174,14/04/2025,快操,沙田,全天候,沙田 全天候,,59.7,59.7,32.4 27.3,,潘明輝,,快操,H,32.4 27.3 (59.7) (潘明輝)
J174,14/04/2025,踱步,沙田,飛機場,沙田 飛機場,,,,,,助手,,踱步,H,飛機場 踱步 (助手)
J174,13/04/2025,游水,沙田,,沙田,,,,,,,,游水,,
J174,13/04/2025,踱步,沙田,內圈,沙田 內圈,,,,,,助手,,快踱一圈,H,內圈 快踱一圈 (助手)
J174,12/04/2025,游水,沙田,,沙田,,,,,,,,游水,,
J174,12/04/2025,踱步,沙田,內圈,沙田 內圈,,,,,,助手,,快踱一圈,H,內圈 快踱一圈 (助手)
J174,11/04/2025,游水,沙田,,沙田,,,,,,,,游水,,
J174,11/04/2025,踱步,沙田,內圈,沙田 內圈,,,,,,助手,,快踱一圈,H,內圈 快踱一圈 (助手)
J174,10/04/2025,游水,沙田,,沙田,,,,,,,,游水,,
J174,10/04/2025,快操,沙田,全天候,沙田 全天候,,57.7,57.7,32.0 25.7,,助手,,快操,H,32.0 25.7 (57.7) (助手)
J174,09/04/2025,游水,沙田,,沙田,,,,,,,,游水,,
J174,09/04/2025,踱步,沙田,內圈,沙田 內圈,,,,,,助手,,快踱一圈,H,內圈 快踱一圈 (助手)
J174,08/04/2025,游水,沙田,,沙田,,,,,,,,游水,,
J174,08/04/2025,踱步,沙田,內圈,沙田 內圈,,,,,,助手,,快踱一圈,H,內圈 快踱一圈 (助手)
J174,07/04/2025,游水,沙田,,沙田,,,,,,,,游水,,
J174,07/04/2025,快操,沙田,全天候,沙田 全天候,,57.3,57.3,32.1 25.2,,助手,,快操,H,32.1 25.2 (57.3) (助手)
J174,07/04/2025,踱步,沙田,飛機場,沙田 飛機場,,,,,,助手,,踱步,H,飛機場 踱步 (助手)
J174,06/04/2025,游水,沙田,,沙田,,,,,,,,游水,,
J174,06/04/2025,踱步,沙田,內圈,沙田 內圈,,,,,,助手,,快踱一圈,H,內圈 快踱一圈 (助手)
J174,05/04/2025,游水,沙田,,沙田,,,,,,,,游水,,
J174,05/04/2025,踱步,沙田,內圈,沙田 內圈,,,,,,助手,,快踱一圈,H,內圈 快踱一圈 (助手)
J174,04/04/2025,游水,沙田,,沙田,,,,,,,,游水,,
J174,04/04/2025,踱步,沙田,內圈,沙田 內圈,,,,,,助手,,快踱一圈,H,內圈 快踱一圈 (助手)
J174,03/04/2025,游水,沙田,,沙田,,,,,,,,游水,,
J174,03/04/2025,踱步,沙田,內圈,沙田 內圈,,,,,,助手,,倒快一圈,H,內圈 倒快一圈 (助手)
J174,02/04/2025,游水,沙田,,沙田,,,,,,,,游水,,
J174,02/04/2025,快操,沙田,全天候,沙田 全天候,,58.5,58.5,33.0 25.5,,副練馬師,,快操,H,33.0 25.5 (58.5) (副練馬師)
J174,02/04/2025,踱步,沙田,飛機場,沙田 飛機場,,,,,,副練馬師,,踱步,H,飛機場 踱步 (副練馬師)
J174,01/04/2025,游水,沙田,,沙田,,,,,,,,游水,,
J174,01/04/2025,踱步,沙田,內圈,沙田 內圈,,,,,,助手,,快踱一圈,H,內圈 快踱一圈 (助手)
J174,31/03/2025,游水,沙田,,沙田,,,,,,,,游水,,
J174,31/03/2025,踱步,沙田,內圈,沙田 內圈,,,,,,助手,,倒快一圈,H,內圈 倒快一圈 (助手)
J174,30/03/2025,游水,沙田,,沙田,,,,,,,,游水,,
J174,30/03/2025,踱步,沙田,內圈,沙田 內圈,,,,,,助手,,快踱一圈,H,內圈 快踱一圈 (助手)
J174,29/03/2025,游水,沙田,,沙田,,,,,,,,游水,,
J174,29/03/2025,快操,沙田,全天候,沙田 全天候,,27.3,27.3,27.3,,助手,,快操,H,27.3 (27.3) (助手)
J174,28/03/2025,踱步,沙田,內圈,沙田 內圈,,,,,,助手,,快踱一圈,H,內圈 快踱一圈 (助手)
J174,27/03/2025,踱步,沙田,內圈,沙田 內圈,,,,,,助手,,倒快一圈,H,內圈 倒快一圈 (助手)
J174,26/03/2025,踱步,沙田,內圈,沙田 內圈,,,,,,助手,,快踱一圈,H,內圈 快踱一圈 (助手)
J174,25/03/2025,踱步,沙田,內圈,沙田 內圈,,,,,,助手,,快踱一圈,H,內圈 快踱一圈 (助手)
J174,24/03/2025,踱步,沙田,內圈,沙田 內圈,,,,,,助手,,倒快一圈,H,內圈 倒快一圈 (助手)
J174,23/03/2025,踱步,沙田,飛機場,沙田 飛機場,,,,,,助手,,踱步,H,飛機場 踱步 (助手)
J174,19/03/2025,出賽,跑馬地,草地,跑馬地 草地,1200M,,,,,霍宏聲,11/12,出賽,B,1200M (霍宏聲) (11/12)
J174,19/03/2025,踱步,沙田,內圈,沙田 內圈,,,,,,助手,,快踱一圈,H,內圈 快踱一圈 (助手)
J174,18/03/2025,游水,沙田,,沙田,,,,,,,,游水,,
J174,18/03/2025,踱步,沙田,內圈,沙田 內圈,,,,,,助手,,快踱一圈,H,內圈 快踱一圈 (助手)
J174,17/03/2025,游水,沙田,,沙田,,,,,,,,游水,,
J174,17/03/2025,踱步,沙田,內圈,沙田 內圈,,,,,,助手,,倒快一圈,H,內圈 倒快一圈 (助手)
J174,16/03/2025,游水,沙田,,沙田,,,,,,,,游水,,
J174,16/03/2025,快操,沙田,全天候,沙田 全天候,,1.00.3,60.3,32.2 28.1,,助手,,快操,H,32.2 28.1 (1.00.3) (助手)
J174,16/03/2025,踱步,沙田,飛機場,沙田 飛機場,,,,,,助手,,踱步,H,飛機場 踱步 (助手)
J174,15/03/2025,游水,沙田,,沙田,,,,,,,,游水,,
J174,15/03/2025,踱步,沙田,內圈,沙田 內圈,,,,,,助手,,快踱一圈,H,內圈 快踱一圈 (助手)
J174,14/03/2025,游水,沙田,,沙田,,,,,,,,游水,,
J174,14/03/2025,踱步,沙田,內圈,沙田 內圈,,,,,,助手,,快踱一圈,H,內圈 快踱一圈 (助手)
J174,13/03/2025,游水,沙田,,沙田,,,,,,,,游水,,
J174,13/03/2025,快操,沙田,草閘,沙田 草閘,,48.1,48.1,25.3 22.8,,霍宏聲,,至尊瑰寶,H,25.3 22.8 (48.1) (霍宏聲) 至尊瑰寶
J174,13/03/2025,踱步,沙田,飛機場,沙田 飛機場,,,,,,助手,,踱步,H,飛機場 踱步 (助手)
J174,12/03/2025,游水,沙田,,沙田,,,,,,,,游水,,
J174,12/03/2025,踱步,沙田,內圈,沙田 內圈,,,,,,助手,,快踱一圈,H,內圈 快踱一圈 (助手)
J174,11/03/2025,游水,沙田,,沙田,,,,,,,,游水,,
J174,11/03/2025,踱步,沙田,內圈,沙田 內圈,,,,,,助手,,快踱一圈,H,內圈 快踱一圈 (助手)
J174,10/03/2025,游水,沙田,,沙田,,,,,,,,游水,,
J174,10/03/2025,快操,沙田,全天候,沙田 全天候,,58.8,58.8,32.5 26.3,,助手,,快操,H,32.5 26.3 (58.8) (助手)
J174,10/03/2025,踱步,沙田,飛機場,沙田 飛機場,,,,,,助手,,踱步,H,飛機場 踱步 (助手)
J174,09/03/2025,游水,沙田,,沙田,,,,,,,,游水,,
J174,08/03/2025,游水,沙田,,沙田,,,,,,,,游水,,
J174,08/03/2025,踱步,沙田,內圈,沙田 內圈,,,,,,助手,,快踱一圈,H,內圈 快踱一圈 (助手)
J174,07/03/2025,游水,沙田,,沙田,,,,,,,,游水,,
J174,07/03/2025,踱步,沙田,內圈,沙田 內圈,,,,,,助手,,快踱一圈,H,內圈 快踱一圈 (助手)
J174,06/03/2025,游水,沙田,,沙田,,,,,,,,游水,,
J174,06/03/2025,快操,沙田,全天候,沙田 全天候,,58.7,58.7,32.9 25.8,,副練馬師,,快操,H,32.9 25.8 (58.7) (副練馬師)
J174,06/03/2025,踱步,沙田,飛機場,沙田 飛機場,,,,,,副練馬師,,踱步,H,飛機場 踱步 (副練馬師)
J174,05/03/2025,游水,沙田,,沙田,,,,,,,,游水,,
J174,05/03/2025,踱步,沙田,內圈,沙田 內圈,,,,,,助手,,快踱一圈,H,內圈 快踱一圈 (助手)
J174,04/03/2025,游水,沙田,,沙田,,,,,,,,游水,,
J174,04/03/2025,踱步,沙田,內圈,沙田 內圈,,,,,,助手,,快踱一圈,H,內圈 快踱一圈 (助手)
J174,03/03/2025,游水,沙田,,沙田,,,,,,,,游水,,
J174,03/03/2025,快操,沙田,全天候,沙田 全天候,,58.0,58.0,32.1 25.9,,副練馬師,,快操,H,32.1 25.9 (58.0) (副練馬師)
J174,03/03/2025,踱步,沙田,飛機場,沙田 飛機場,,,,,,副練馬師,,踱步,H,飛機場 踱步 (副練馬師)
J174,02/03/2025,游水,沙田,,沙田,,,,,,,,游水,,
J174,02/03/2025,踱步,沙田,內圈,沙田 內圈,,,,,,助手,,快踱一圈,H,內圈 快踱一圈 (助手)
J174,01/03/2025,游水,沙田,,沙田,,,,,,,,游水,,
J174,01/03/2025,踱步,沙田,內圈,沙田 內圈,,,,,,助手,,快踱一圈,H,內圈 快踱一圈 (助手)
J174,28/02/2025,游水,沙田,,沙田,,,,,,,,游水,,
J174,28/02/2025,快操,沙田,全天候,沙田 全天候,,25.4,25.4,25.4,,副練馬師,,快操,H,25.4 (25.4) (副練馬師)
J174,28/02/2025,踱步,沙田,飛機場,沙田 飛機場,,,,,,副練馬師,,踱步,H,飛機場 踱步 (副練馬師)
J174,27/02/2025,游水,沙田,,沙田,,,,,,,,游水,,
J174,26/02/2025,游水,沙田,,沙田,,,,,,,,游水,,
J174,26/02/2025,踱步,沙田,內圈,沙田 內圈,,,,,,助手,,快踱一圈,H,內圈 快踱一圈 (助手)
J174,25/02/2025,游水,沙田,,沙田,,,,,,,,游水,,
J174,25/02/2025,快操,沙田,全天候,沙田 全天候,,56.1,56.1,31.0 25.1,,助手,,快操,H,31.0 25.1 (56.1) (助手)
J174,24/02/2025,游水,沙田,,沙田,,,,,,,,游水,,
J174,23/02/2025,游水,沙田,,沙田,,,,,,,,游水,,
J174,23/02/2025,踱步,沙田,內圈,沙田 內圈,,,,,,助手,,快踱一圈,H,內圈 快踱一圈 (助手)
J174,22/02/2025,游水,沙田,,沙田,,,,,,,,游水,,
J174,22/02/2025,踱步,沙田,內圈,沙田 內圈,,,,,,助手,,快踱一圈,H,內圈 快踱一圈 (助手)
J174,21/02/2025,游水,沙田,,沙田,,,,,,,,游水,,
J174,21/02/2025,快操,沙田,全天候,沙田 全天候,,56.8,56.8,32.6 24.2,,助手,,遨遊波士,H,32.6 24.2 (56.8) (助手) 遨遊波士
J174,21/02/2025,踱步,沙田,飛機場,沙田 飛機場,,,,,,助手,,踱步,H,飛機場 踱步 (助手)
J174,20/02/2025,游水,沙田,,沙田,,,,,,,,游水,,
J174,20/02/2025,踱步,沙田,內圈,沙田 內圈,,,,,,助手,,倒快一圈,H,內圈 倒快一圈 (助手)
J174,19/02/2025,游水,沙田,,沙田,,,,,,,,游水,,
J174,19/02/2025,踱步,沙田,內圈,沙田 內圈,,,,,,助手,,快踱一圈,H,內圈 快踱一圈 (助手)
J174,18/02/2025,游水,沙田,,沙田,,,,,,,,游水,,
J174,18/02/2025,踱步,沙田,內圈,沙田 內圈,,,,,,助手,,快踱一圈,H,內圈 快踱一圈 (助手)
J174,17/02/2025,游水,沙田,,沙田,,,,,,,,游水,,
J174,17/02/2025,快操,沙田,全天候,沙田 全天候,,57.2,57.2,31.6 25.6,,助手,,快操,H,31.6 25.6 (57.2) (助手)
J174,17/02/2025,踱步,沙田,飛機場,沙田 飛機場,,,,,,助手,,踱步,H,飛機場 踱步 (助手)
J174,16/02/2025,游水,沙田,,沙田,,,,,,,,游水,,
J174,16/02/2025,踱步,沙田,內圈,沙田 內圈,,,,,,助手,,快踱一圈,H,內圈 快踱一圈 (助手)
J174,15/02/2025,游水,沙田,,沙田,,,,,,,,游水,,
J174,15/02/2025,踱步,沙田,內圈,沙田 內圈,,,,,,助手,,快踱一圈,H,內圈 快踱一圈 (助手)
J174,14/02/2025,游水,沙田,,沙田,,,,,,,,游水,,
J174,13/02/2025,游水,沙田,,沙田,,,,,,,,游水,,
J174,13/02/2025,踱步,沙田,飛機場,沙田 飛機場,,,,,,助手,,踱步,H,飛機場 踱步 (助手)
J174,12/02/2025,游水,沙田,,沙田,,,,,,,,游水,,
J174,11/02/2025,游水,沙田,,沙田,,,,,,,,游水,,
J174,10/02/2025,游水,沙田,,沙田,,,,,,,,游水,,
J174,09/02/2025,出賽,沙田,草地,沙田 草地,1200M,,,,,巴度,7/12,出賽,B,1200M (巴度) (7/12)
J174,09/02/2025,踱步,沙田,內圈,沙田 內圈,,,,,,助手,,快踱一圈,H,內圈 快踱一圈 (助手)
J174,08/02/2025,游水,沙田,,沙田,,,,,,,,游水,,
J174,08/02/2025,踱步,沙田,內圈,沙田 內圈,,,,,,助手,,快踱一圈,H,內圈 快踱一圈 (助手)
J174,07/02/2025,游水,沙田,,沙田,,,,,,,,游水,,
J174,07/02/2025,踱步,沙田,內圈,沙田 內圈,,,,,,助手,,快踱一圈,H,內圈 快踱一圈 (助手)
J174,06/02/2025,游水,沙田,,沙田,,,,,,,,游水,,
J174,06/02/2025,快操,沙田,全天候,沙田 全天候,,57.4,57.4,30.9 26.5,,助手,,快操,H,30.9 26.5 (57.4) (助手)
J174,06/02/2025,踱步,沙田,飛機場,沙田 飛機場,,,,,,助手,,踱步,H,飛機場 踱步 (助手)
J174,05/02/2025,游水,沙田,,沙田,,,,,,,,游水,,
J174,05/02/2025,踱步,沙田,內圈,沙田 內圈,,,,,,助手,,快踱一圈,H,內圈 快踱一圈 (助手)
J174,04/02/2025,游水,沙田,,沙田,,,,,,,,游水,,
J174,04/02/2025,踱步,沙田,內圈,沙田 內圈,,,,,,助手,,快踱一圈,H,內圈 快踱一圈 (助手)
J174,03/02/2025,快操,沙田,草地,沙田 草地,,54.2,54.2,28.3 25.9,,巴度,,健而快,H,28.3 25.9 (54.2) (巴度) 健而快
J174,03/02/2025,踱步,沙田,飛機場,沙田 飛機場,,,,,,助手,,踱步,H,飛機場 踱步 (助手)
J174,02/02/2025,踱步,沙田,內圈,沙田 內圈,,,,,,助手,,快踱一圈,H,內圈 快踱一圈 (助手)
J174,01/02/2025,踱步,沙田,內圈,沙田 內圈,,,,,,助手,,快踱一圈,H,內圈 快踱一圈 (助手)
J174,31/01/2025,踱步,沙田,內圈,沙田 內圈,,,,,,助手,,快踱一圈,H,內圈 快踱一圈 (助手)
J174,30/01/2025,游水,沙田,,沙田,,,,,,,,游水,,
J174,28/01/2025,游水,沙田,,沙田,,,,,,,,游水,,
J174,28/01/2025,踱步,沙田,內圈,沙田 內圈,,,,,,助手,,快踱一圈,H,內圈 快踱一圈 (助手)
J174,27/01/2025,快操,從化,全天候,從化 全天候,,59.1,59.1,32.7 26.4,,助手,,快操,H,32.7 26.4 (59.1) (助手)
J174,27/01/2025,踱步,從化,飛機場,從化 飛機場,,,,,,助手,,踱步,H,飛機場 踱步 (助手)
J174,26/01/2025,游水,從化,,從化,,,,,,,,游水,,
J174,26/01/2025,踱步,從化,內圈,從化 內圈,,,,,,助手,,快踱一圈,H,內圈 快踱一圈 (助手)
J174,25/01/2025,游水,從化,,從化,,,,,,,,游水,,
J174,25/01/2025,踱步,從化,內圈,從化 內圈,,,,,,助手,,快踱一圈,H,內圈 快踱一圈 (助手)
J174,24/01/2025,游水,從化,,從化,,,,,,,,游水,,
J174,24/01/2025,快操,從化,全天候,從化 全天候,,57.5,57.5,32.4 25.1,,助手,,快操,H,32.4 25.1 (57.5) (助手)
J174,24/01/2025,踱步,從化,飛機場,從化 飛機場,,,,,,助手,,踱步,H,飛機場 踱步 (助手)
J174,23/01/2025,游水,從化,,從化,,,,,,,,游水,,
J174,23/01/2025,踱步,從化,內圈,從化 內圈,,,,,,助手,,倒快一圈,H,內圈 倒快一圈 (助手)
J174,22/01/2025,游水,從化,,從化,,,,,,,,游水,,
J174,22/01/2025,踱步,從化,內圈,從化 內圈,,,,,,助手,,快踱一圈,H,內圈 快踱一圈 (助手)
J174,21/01/2025,游水,從化,,從化,,,,,,,,游水,,
J174,21/01/2025,快操,從化,全天候,從化 全天候,,58.2,58.2,31.2 27.0,,助手,,快操,H,31.2 27.0 (58.2) (助手)
J174,21/01/2025,踱步,從化,飛機場,從化 飛機場,,,,,,助手,,踱步,H,飛機場 踱步 (助手)
J174,20/01/2025,踱步,從化,內圈,從化 內圈,,,,,,助手,,倒快一圈,H,內圈 倒快一圈 (助手)
J174,19/01/2025,游水,從化,,從化,,,,,,,,游水,,
J174,19/01/2025,踱步,從化,內圈,從化 內圈,,,,,,助手,,快踱一圈,H,內圈 快踱一圈 (助手)
J174,18/01/2025,游水,從化,,從化,,,,,,,,游水,,
J174,18/01/2025,踱步,從化,內圈,從化 內圈,,,,,,助手,,快踱一圈,H,內圈 快踱一圈 (助手)
J174,17/01/2025,游水,從化,,從化,,,,,,,,游水,,
J174,17/01/2025,踱步,從化,內圈,從化 內圈,,,,,,助手,,快踱一圈,H,內圈 快踱一圈 (助手)
J174,16/01/2025,踱步,從化,飛機場,從化 飛機場,,,,,,助手,,踱步,H,飛機場 踱步 (助手)
J174,14/01/2025,游水,沙田,,沙田,,,,,,,,游水,,
J174,13/01/2025,游水,沙田,,沙田,,,,,,,,游水,,
J174,12/01/2025,出賽,沙田,草地,沙田 草地,1200M,,,,,巴度,3/12,出賽,B,1200M (巴度) (3/12)
J174,12/01/2025,踱步,沙田,內圈,沙田 內圈,,,,,,助手,,快踱一圈,H,內圈 快踱一圈 (助手)
J174,11/01/2025,游水,沙田,,沙田,,,,,,,,游水,,
J174,11/01/2025,踱步,沙田,內圈,沙田 內圈,,,,,,助手,,快踱一圈,H,內圈 快踱一圈 (助手)
J174,10/01/2025,游水,沙田,,沙田,,,,,,,,游水,,
J174,10/01/2025,踱步,沙田,內圈,沙田 內圈,,,,,,助手,,快踱一圈,H,內圈 快踱一圈 (助手)
J174,09/01/2025,游水,沙田,,沙田,,,,,,,,游水,,
J174,09/01/2025,快操,沙田,全天候,沙田 全天候,,57.0,57.0,30.3 26.7,,助手,,快操,H,30.3 26.7 (57.0) (助手)
J174,09/01/2025,踱步,沙田,飛機場,沙田 飛機場,,,,,,助手,,踱步,H,飛機場 踱步 (助手)
J174,08/01/2025,游水,沙田,,沙田,,,,,,,,游水,,
J174,08/01/2025,踱步,沙田,內圈,沙田 內圈,,,,,,助手,,快踱一圈,H,內圈 快踱一圈 (助手)
J174,07/01/2025,游水,沙田,,沙田,,,,,,,,游水,,
J174,07/01/2025,踱步,沙田,內圈,沙田 內圈,,,,,,助手,,快踱一圈,H,內圈 快踱一圈 (助手)
J174,06/01/2025,游水,沙田,,沙田,,,,,,,,游水,,
J174,06/01/2025,快操,沙田,全天候,沙田 全天候,,57.9,57.9,32.2 25.7,,助手,,快操,H,32.2 25.7 (57.9) (助手)
J174,06/01/2025,踱步,沙田,飛機場,沙田 飛機場,,,,,,助手,,踱步,H,飛機場 踱步 (助手)
J174,05/01/2025,游水,沙田,,沙田,,,,,,,,游水,,
J174,05/01/2025,踱步,沙田,內圈,沙田 內圈,,,,,,助手,,快踱一圈,H,內圈 快踱一圈 (助手)
J174,04/01/2025,游水,沙田,,沙田,,,,,,,,游水,,
J174,04/01/2025,踱步,沙田,內圈,沙田 內圈,,,,,,助手,,快踱一圈,H,內圈 快踱一圈 (助手)
J174,03/01/2025,游水,沙田,,沙田,,,,,,,,游水,,
J174,03/01/2025,踱步,沙田,內圈,沙田 內圈,,,,,,助手,,快踱一圈,H,內圈 快踱一圈 (助手)
J174,02/01/2025,游水,沙田,,沙田,,,,,,,,游水,,
J174,02/01/2025,踱步,沙田,飛機場,沙田 飛機場,,,,,,助手,,踱步,H,飛機場 踱步 (助手)
J174,01/01/2025,游水,沙田,,沙田,,,,,,,,游水,,
J174,31/12/2024,游水,沙田,,沙田,,,,,,,,游水,,
J174,30/12/2024,游水,沙田,,沙田,,,,,,,,游水,,
J174,29/12/2024,出賽,沙田,草地,沙田 草地,1400M,,,,,艾兆禮,14/14,出賽,B,1400M (艾兆禮) (14/14)
J174,29/12/2024,踱步,沙田,內圈,沙田 內圈,,,,,,助手,,快踱一圈,H,內圈 快踱一圈 (助手)
J174,28/12/2024,游水,沙田,,沙田,,,,,,,,游水,,
J174,28/12/2024,踱步,沙田,內圈,沙田 內圈,,,,,,助手,,快踱一圈,H,內圈 快踱一圈 (助手)
J174,27/12/2024,游水,沙田,,沙田,,,,,,,,游水,,
J174,27/12/2024,踱步,沙田,內圈,沙田 內圈,,,,,,助手,,快踱一圈,H,內圈 快踱一圈 (助手)
J174,26/12/2024,游水,沙田,,沙田,,,,,,,,游水,,
J174,26/12/2024,快操,沙田,全天候,沙田 全天候,,58.2,58.2,30.4 27.8,,助手,,快操,H,30.4 27.8 (58.2) (助手)
J174,26/12/2024,踱步,沙田,飛機場,沙田 飛機場,,,,,,助手,,踱步,H,飛機場 踱步 (助手)
J174,25/12/2024,游水,沙田,,沙田,,,,,,,,游水,,
J174,25/12/2024,踱步,沙田,內圈,沙田 內圈,,,,,,助手,,快踱一圈,H,內圈 快踱一圈 (助手)
J174,24/12/2024,游水,沙田,,沙田,,,,,,,,游水,,
J174,24/12/2024,踱步,沙田,內圈,沙田 內圈,,,,,,助手,,快踱一圈,H,內圈 快踱一圈 (助手)
J174,23/12/2024,游水,沙田,,沙田,,,,,,,,游水,,
J174,23/12/2024,快操,沙田,全天候,沙田 全天候,,57.4,57.4,31.8 25.6,,助手,,快操,H,31.8 25.6 (57.4) (助手)
J174,23/12/2024,踱步,沙田,飛機場,沙田 飛機場,,,,,,助手,,踱步,H,飛機場 踱步 (助手)
J174,22/12/2024,游水,沙田,,沙田,,,,,,,,游水,,
J174,22/12/2024,踱步,沙田,內圈,沙田 內圈,,,,,,助手,,快踱一圈,H,內圈 快踱一圈 (助手)
J174,21/12/2024,游水,沙田,,沙田,,,,,,,,游水,,
J174,21/12/2024,踱步,沙田,內圈,沙田 內圈,,,,,,助手,,快踱一圈,H,內圈 快踱一圈 (助手)
J174,20/12/2024,游水,沙田,,沙田,,,,,,,,游水,,
J174,20/12/2024,快操,沙田,全天候,沙田 全天候,,59.0,59.0,33.0 26.0,,助手,,快操,H,33.0 26.0 (59.0) (助手)
J174,20/12/2024,踱步,沙田,飛機場,沙田 飛機場,,,,,,助手,,踱步,H,飛機場 踱步 (助手)
J174,19/12/2024,游水,沙田,,沙田,,,,,,,,游水,,
J174,19/12/2024,踱步,沙田,內圈,沙田 內圈,,,,,,助手,,倒快一圈,H,內圈 倒快一圈 (助手)
J174,18/12/2024,游水,沙田,,沙田,,,,,,,,游水,,
J174,18/12/2024,踱步,沙田,內圈,沙田 內圈,,,,,,助手,,快踱一圈,H,內圈 快踱一圈 (助手)
J174,17/12/2024,游水,沙田,,沙田,,,,,,,,游水,,
J174,17/12/2024,快操,沙田,全天候,沙田 全天候,,56.9,56.9,30.9 26.0,,助手,,快操,H,30.9 26.0 (56.9) (助手)
J174,17/12/2024,踱步,沙田,飛機場,沙田 飛機場,,,,,,助手,,踱步,H,飛機場 踱步 (助手)
J174,16/12/2024,游水,沙田,,沙田,,,,,,,,游水,,
J174,16/12/2024,踱步,沙田,內圈,沙田 內圈,,,,,,助手,,倒快一圈,H,內圈 倒快一圈 (助手)
J174,15/12/2024,游水,沙田,,沙田,,,,,,,,游水,,
J174,15/12/2024,踱步,沙田,內圈,沙田 內圈,,,,,,助手,,快踱一圈,H,內圈 快踱一圈 (助手)
J174,14/12/2024,游水,沙田,,沙田,,,,,,,,游水,,
J174,13/12/2024,游水,沙田,,沙田,,,,,,,,游水,,
J174,13/12/2024,快操,沙田,全天候,沙田 全天候,,57.7,57.7,32.5 25.2,,助手,,快操,H,32.5 25.2 (57.7) (助手)
J174,13/12/2024,踱步,沙田,飛機場,沙田 飛機場,,,,,,助手,,踱步,H,飛機場 踱步 (助手)
J174,12/12/2024,游水,沙田,,沙田,,,,,,,,游水,,
J174,12/12/2024,踱步,沙田,內圈,沙田 內圈,,,,,,助手,,倒快一圈,H,內圈 倒快一圈 (助手)
J174,11/12/2024,游水,沙田,,沙田,,,,,,,,游水,,
J174,11/12/2024,踱步,沙田,內圈,沙田 內圈,,,,,,助手,,快踱一圈,H,內圈 快踱一圈 (助手)
J174,10/12/2024,游水,沙田,,沙田,,,,,,,,游水,,
J174,10/12/2024,踱步,沙田,內圈,沙田 內圈,,,,,,助手,,快踱一圈,H,內圈 快踱一圈 (助手)
J174,09/12/2024,游水,沙田,,沙田,,,,,,,,游水,,
J174,09/12/2024,快操,沙田,全天候,沙田 全天候,,59.2,59.2,33.2 26.0,,助手,,快操,H,33.2 26.0 (59.2) (助手)
J174,08/12/2024,游水,沙田,,沙田,,,,,,,,游水,,
J174,08/12/2024,踱步,沙田,內圈,沙田 內圈,,,,,,助手,,快踱一圈,H,內圈 快踱一圈 (助手)
J174,07/12/2024,游水,沙田,,沙田,,,,,,,,游水,,
J174,07/12/2024,踱步,沙田,內圈,沙田 內圈,,,,,,助手,,快踱一圈,H,內圈 快踱一圈 (助手)
J174,06/12/2024,游水,沙田,,沙田,,,,,,,,游水,,
J174,06/12/2024,踱步,沙田,內圈,沙田 內圈,,,,,,助手,,快踱一圈,H,內圈 快踱一圈 (助手)
J174,05/12/2024,游水,沙田,,沙田,,,,,,,,游水,,
J174,05/12/2024,踱步,沙田,飛機場,沙田 飛機場,,,,,,助手,,踱步,H,飛機場 踱步 (助手)
J174,04/12/2024,游水,沙田,,沙田,,,,,,,,游水,,
J174,03/12/2024,游水,沙田,,沙田,,,,,,,,游水,,
J174,02/12/2024,游水,沙田,,沙田,,,,,,,,游水,,
J174,01/12/2024,出賽,沙田,全天候,沙田 全天候,1200M,,,,,艾兆禮,9/12,出賽,B,1200M (艾兆禮) (9/12)
J174,01/12/2024,踱步,沙田,內圈,沙田 內圈,,,,,,助手,,快踱一圈,H,內圈 快踱一圈 (助手)
J174,30/11/2024,游水,沙田,,沙田,,,,,,,,游水,,
J174,30/11/2024,踱步,沙田,內圈,沙田 內圈,,,,,,助手,,快踱一圈,H,內圈 快踱一圈 (助手)
J174,29/11/2024,游水,沙田,,沙田,,,,,,,,游水,,
J174,29/11/2024,踱步,沙田,內圈,沙田 內圈,,,,,,助手,,快踱一圈,H,內圈 快踱一圈 (助手)
J174,28/11/2024,游水,沙田,,沙田,,,,,,,,游水,,
J174,28/11/2024,快操,沙田,全天候,沙田 全天候,,58.5,58.5,33.4 25.1,,副練馬師,,快操,B,33.4 25.1 (58.5) (副練馬師)
J174,28/11/2024,踱步,沙田,飛機場,沙田 飛機場,,,,,,副練馬師,,踱步,B,飛機場 踱步 (副練馬師)
J174,27/11/2024,游水,沙田,,沙田,,,,,,,,游水,,
J174,27/11/2024,踱步,沙田,內圈,沙田 內圈,,,,,,助手,,快踱一圈,H,內圈 快踱一圈 (助手)
J174,26/11/2024,游水,沙田,,沙田,,,,,,,,游水,,
J174,26/11/2024,踱步,沙田,內圈,沙田 內圈,,,,,,助手,,快踱一圈,H,內圈 快踱一圈 (助手)
J174,25/11/2024,游水,沙田,,沙田,,,,,,,,游水,,
J174,25/11/2024,快操,沙田,全天候,沙田 全天候,,59.7,59.7,32.2 27.5,,助手,,快操,H,32.2 27.5 (59.7) (助手)
J174,24/11/2024,游水,沙田,,沙田,,,,,,,,游水,,
J174,24/11/2024,踱步,沙田,內圈,沙田 內圈,,,,,,助手,,快踱一圈,H,內圈 快踱一圈 (助手)
J174,23/11/2024,游水,沙田,,沙田,,,,,,,,游水,,
J174,23/11/2024,踱步,沙田,內圈,沙田 內圈,,,,,,助手,,快踱一圈,H,內圈 快踱一圈 (助手)
J174,22/11/2024,游水,沙田,,沙田,,,,,,,,游水,,
J174,22/11/2024,踱步,沙田,內圈,沙田 內圈,,,,,,助手,,快踱一圈,H,內圈 快踱一圈 (助手)
J174,21/11/2024,游水,沙田,,沙田,,,,,,,,游水,,
J174,21/11/2024,踱步,沙田,飛機場,沙田 飛機場,,,,,,助手,,踱步,H,飛機場 踱步 (助手)
J174,20/11/2024,游水,沙田,,沙田,,,,,,,,游水,,
J174,19/11/2024,游水,沙田,,沙田,,,,,,,,游水,,
J174,18/11/2024,游水,沙田,,沙田,,,,,,,,游水,,
J174,17/11/2024,出賽,沙田,草地,沙田 草地,1400M,,,,,艾兆禮,5/14,出賽,CP-/B1,1400M (艾兆禮) (5/14)
J174,17/11/2024,踱步,沙田,內圈,沙田 內圈,,,,,,助手,,快踱一圈,H,內圈 快踱一圈 (助手)
J174,16/11/2024,游水,沙田,,沙田,,,,,,,,游水,,
J174,16/11/2024,踱步,沙田,內圈,沙田 內圈,,,,,,助手,,快踱一圈,H,內圈 快踱一圈 (助手)
J174,15/11/2024,游水,沙田,,沙田,,,,,,,,游水,,
J174,15/11/2024,快操,沙田,全天候,沙田 全天候,,58.8,58.8,31.3 27.5,,助手,,快操,H,31.3 27.5 (58.8) (助手)
J174,15/11/2024,踱步,沙田,飛機場,沙田 飛機場,,,,,,助手,,踱步,H,飛機場 踱步 (助手)
J174,13/11/2024,游水,沙田,,沙田,,,,,,,,游水,,
J174,13/11/2024,踱步,沙田,內圈,沙田 內圈,,,,,,助手,,快踱一圈,H,內圈 快踱一圈 (助手)
J174,12/11/2024,游水,沙田,,沙田,,,,,,,,游水,,
J174,12/11/2024,踱步,沙田,內圈,沙田 內圈,,,,,,助手,,快踱一圈,H,內圈 快踱一圈 (助手)
J174,11/11/2024,游水,沙田,,沙田,,,,,,,,游水,,
J174,11/11/2024,踱步,沙田,內圈,沙田 內圈,,,,,,副練馬師,,倒快一圈,H,內圈 倒快一圈 (副練馬師)
J174,10/11/2024,游水,沙田,,沙田,,,,,,,,游水,,
J174,10/11/2024,踱步,沙田,內圈,沙田 內圈,,,,,,助手,,快踱一圈,H,內圈 快踱一圈 (助手)
J174,09/11/2024,游水,沙田,,沙田,,,,,,,,游水,,
J174,09/11/2024,踱步,沙田,飛機場,沙田 飛機場,,,,,,助手,,踱步,H,飛機場 踱步 (助手)
J174,08/11/2024,游水,沙田,,沙田,,,,,,,,游水,,
J174,07/11/2024,試閘,沙田,全天候,沙田 全天候,1200M,1.10.76,70.76,24.8 23.0 22.9,美神來,蔡明紹,,第4組,B,第4組 (蔡明紹) 1200M 美神來 24.8 23.0 22.9 (1.10.76)
J174,07/11/2024,游水,沙田,,沙田,,,,,,,,游水,,
J174,06/11/2024,游水,沙田,,沙田,,,,,,,,游水,,
J174,06/11/2024,踱步,沙田,內圈,沙田 內圈,,,,,,助手,,快踱一圈,H,內圈 快踱一圈 (助手)
J174,05/11/2024,游水,沙田,,沙田,,,,,,,,游水,,
J174,04/11/2024,游水,沙田,,沙田,,,,,,,,游水,,
J174,04/11/2024,快操,沙田,全天候,沙田 全天候,,57.3,57.3,31.2 26.1,,助手,,快操,H,31.2 26.1 (57.3) (助手)
J174,04/11/2024,踱步,沙田,飛機場,沙田 飛機場,,,,,,助手,,踱步,H,飛機場 踱步 (助手)
J174,03/11/2024,游水,沙田,,沙田,,,,,,,,游水,,
J174,03/11/2024,踱步,沙田,內圈,沙田 內圈,,,,,,助手,,快踱一圈,H,內圈 快踱一圈 (助手)
J174,02/11/2024,游水,沙田,,沙田,,,,,,,,游水,,
J174,02/11/2024,踱步,沙田,內圈,沙田 內圈,,,,,,助手,,快踱一圈,H,內圈 快踱一圈 (助手)
J174,01/11/2024,游水,沙田,,沙田,,,,,,,,游水,,
J174,01/11/2024,踱步,沙田,內圈,沙田 內圈,,,,,,助手,,快踱一圈,H,內圈 快踱一圈 (助手)
J174,31/10/2024,游水,沙田,,沙田,,,,,,,,游水,,
J174,31/10/2024,快操,沙田,全天候,沙田 全天候,,57.5,57.5,32.1 25.4,,助手,,快操,H,32.1 25.4 (57.5) (助手)
J174,31/10/2024,踱步,沙田,飛機場,沙田 飛機場,,,,,,助手,,踱步,H,飛機場 踱步 (助手)
J174,30/10/2024,游水,沙田,,沙田,,,,,,,,游水,,
J174,30/10/2024,踱步,沙田,內圈,沙田 內圈,,,,,,助手,,快踱一圈,H,內圈 快踱一圈 (助手)
J174,29/10/2024,游水,從化,,從化,,,,,,,,游水,,
J174,29/10/2024,踱步,從化,內圈,從化 內圈,,,,,,助手,,快踱一圈,H,內圈 快踱一圈 (助手)
J174,28/10/2024,游水,從化,,從化,,,,,,,,游水,,
J174,28/10/2024,快操,從化,全天候,從化 全天候,,58.5,58.5,32.3 26.2,,助手,,快操,H,32.3 26.2 (58.5) (助手)
J174,28/10/2024,踱步,從化,飛機場,從化 飛機場,,,,,,助手,,踱步,H,飛機場 踱步 (助手)
J174,27/10/2024,游水,從化,,從化,,,,,,,,游水,,
J174,27/10/2024,踱步,從化,內圈,從化 內圈,,,,,,助手,,快踱一圈,H,內圈 快踱一圈 (助手)
J174,26/10/2024,游水,從化,,從化,,,,,,,,游水,,
J174,26/10/2024,踱步,從化,內圈,從化 內圈,,,,,,助手,,快踱一圈,H,內圈 快踱一圈 (助手)
J174,25/10/2024,游水,從化,,從化,,,,,,,,游水,,
J174,25/10/2024,踱步,從化,內圈,從化 內圈,,,,,,助手,,快踱一圈,H,內圈 快踱一圈 (助手)
J174,24/10/2024,游水,從化,,從化,,,,,,,,游水,,
J174,24/10/2024,踱步,從化,內圈,從化 內圈,,,,,,助手,,倒快一圈,H,內圈 倒快一圈 (助手)
J174,23/10/2024,游水,從化,,從化,,,,,,,,游水,,
J174,23/10/2024,踱步,從化,飛機場,從化 飛機場,,,,,,助手,,踱步,H,飛機場 踱步 (助手)
J174,22/10/2024,游水,從化,,從化,,,,,,,,游水,,
J174,21/10/2024,試閘,從化,草地,從化 草地,1000M,0.59.15,59.15,13.6 21.6 23.9,美神來,鄭志勇,,第3組,B,第3組 (鄭志勇) 1000M 美神來 13.6 21.6 23.9 (0.59.15)
J174,21/10/2024,游水,從化,,從化,,,,,,,,游水,,
J174,21/10/2024,踱步,從化,飛機場,從化 飛機場,,,,,,助手,,踱步,B,飛機場 踱步 (助手)
J174,20/10/2024,游水,從化,,從化,,,,,,,,游水,,
J174,20/10/2024,踱步,從化,內圈,從化 內圈,,,,,,助手,,快踱一圈,H,內圈 快踱一圈 (助手)
J174,19/10/2024,游水,從化,,從化,,,,,,,,游水,,
J174,19/10/2024,踱步,從化,內圈,從化 內圈,,,,,,助手,,快踱一圈,H,內圈 快踱一圈 (助手)
J174,18/10/2024,游水,從化,,從化,,,,,,,,游水,,
J174,18/10/2024,快操,從化,全天候,從化 全天候,,58.1,58.1,32.2 25.9,,助手,,快操,H,32.2 25.9 (58.1) (助手)
J174,18/10/2024,踱步,從化,飛機場,從化 飛機場,,,,,,助手,,踱步,H,飛機場 踱步 (助手)
J174,17/10/2024,游水,從化,,從化,,,,,,,,游水,,
J174,17/10/2024,踱步,從化,內圈,從化 內圈,,,,,,助手,,倒快一圈,H,內圈 倒快一圈 (助手)
J174,16/10/2024,游水,從化,,從化,,,,,,,,游水,,
J174,16/10/2024,踱步,從化,內圈,從化 內圈,,,,,,助手,,快踱一圈,H,內圈 快踱一圈 (助手)
J174,15/10/2024,游水,從化,,從化,,,,,,,,游水,,
J174,15/10/2024,快操,從化,登山跑道,從化 登山跑道,,27.3,27.3,27.3,,助手,,快操,H,27.3 (27.3) (助手)
J174,15/10/2024,踱步,從化,飛機場,從化 飛機場,,,,,,助手,,踱步,H,飛機場 踱步 (助手)
J174,14/10/2024,游水,從化,,從化,,,,,,,,游水,,
J174,14/10/2024,踱步,從化,內圈,從化 內圈,,,,,,助手,,倒快一圈,H,內圈 倒快一圈 (助手)
J174,13/10/2024,游水,從化,,從化,,,,,,,,游水,,
J174,13/10/2024,踱步,從化,內圈,從化 內圈,,,,,,助手,,快踱一圈,H,內圈 快踱一圈 (助手)
J174,12/10/2024,游水,從化,,從化,,,,,,,,游水,,
J174,12/10/2024,快操,從化,全天候,從化 全天候,,58.6,58.6,32.8 25.8,,助手,,快操,H,32.8 25.8 (58.6) (助手)
J174,12/10/2024,踱步,從化,飛機場,從化 飛機場,,,,,,助手,,踱步,H,飛機場 踱步 (助手)
J174,11/10/2024,游水,從化,,從化,,,,,,,,游水,,
J174,11/10/2024,踱步,從化,內圈,從化 內圈,,,,,,助手,,快踱一圈,H,內圈 快踱一圈 (助手)
J174,10/10/2024,游水,從化,,從化,,,,,,,,游水,,
J174,10/10/2024,踱步,從化,內圈,從化 內圈,,,,,,助手,,倒快一圈,H,內圈 倒快一圈 (助手)
J174,09/10/2024,游水,從化,,從化,,,,,,,,游水,,
J174,09/10/2024,踱步,從化,內圈,從化 內圈,,,,,,助手,,快踱一圈,H,內圈 快踱一圈 (助手)
J174,08/10/2024,游水,從化,,從化,,,,,,,,游水,,
J174,08/10/2024,快操,從化,全天候,從化 全天候,,58.5,58.5,32.2 26.3,,助手,,快操,H,32.2 26.3 (58.5) (助手)
J174,08/10/2024,踱步,從化,飛機場,從化 飛機場,,,,,,助手,,踱步,H,飛機場 踱步 (助手)
J174,07/10/2024,游水,從化,,從化,,,,,,,,游水,,
J174,07/10/2024,踱步,從化,內圈,從化 內圈,,,,,,助手,,倒快一圈,H,內圈 倒快一圈 (助手)
J174,06/10/2024,踱步,沙田,內圈,沙田 內圈,,,,,,助手,,快踱一圈,H,內圈 快踱一圈 (助手)
J174,05/10/2024,游水,沙田,,沙田,,,,,,,,游水,,
J174,05/10/2024,踱步,沙田,內圈,沙田 內圈,,,,,,助手,,快踱一圈,H,內圈 快踱一圈 (助手)
J174,04/10/2024,游水,沙田,,沙田,,,,,,,,游水,,
J174,04/10/2024,踱步,沙田,內圈,沙田 內圈,,,,,,助手,,快踱一圈,H,內圈 快踱一圈 (助手)
J174,03/10/2024,游水,沙田,,沙田,,,,,,,,游水,,
J174,03/10/2024,踱步,沙田,內圈,沙田 內圈,,,,,,助手,,倒快一圈,H,內圈 倒快一圈 (助手)
J174,02/10/2024,游水,沙田,,沙田,,,,,,,,游水,,
J174,02/10/2024,踱步,沙田,飛機場,沙田 飛機場,,,,,,助手,,踱步,H,飛機場 踱步 (助手)
J174,01/10/2024,游水,沙田,,沙田,,,,,,,,游水,,
J174,30/09/2024,游水,沙田,,沙田,,,,,,,,游水,,
J174,29/09/2024,游水,沙田,,沙田,,,,,,,,游水,,
J174,28/09/2024,出賽,沙田,草地,沙田 草地,1400M,,,,,黃智弘,10/12,出賽,CP,1400M (黃智弘) (10/12)
J174,28/09/2024,踱步,沙田,內圈,沙田 內圈,,,,,,助手,,快踱一圈,H,內圈 快踱一圈 (助手)
J174,27/09/2024,游水,沙田,,沙田,,,,,,,,游水,,
J174,27/09/2024,踱步,沙田,內圈,沙田 內圈,,,,,,助手,,快踱一圈,H,內圈 快踱一圈 (助手)
J174,26/09/2024,游水,沙田,,沙田,,,,,,,,游水,,
J174,26/09/2024,快操,沙田,全天候,沙田 全天候,,57.2,57.2,31.2 26.0,,黃智弘,,快操,CP,31.2 26.0 (57.2) (黃智弘)
J174,26/09/2024,踱步,沙田,飛機場,沙田 飛機場,,,,,,助手,,踱步,H,飛機場 踱步 (助手)
J174,25/09/2024,游水,沙田,,沙田,,,,,,,,游水,,
J174,25/09/2024,踱步,沙田,內圈,沙田 內圈,,,,,,助手,,快踱一圈,H,內圈 快踱一圈 (助手)
J174,24/09/2024,踱步,沙田,內圈,沙田 內圈,,,,,,助手,,快踱一圈,H,內圈 快踱一圈 (助手)
J174,23/09/2024,快操,沙田,全天候,沙田 全天候,,58.1,58.1,32.0 26.1,,助手,,快操,H,32.0 26.1 (58.1) (助手)
J174,23/09/2024,踱步,沙田,飛機場,沙田 飛機場,,,,,,助手,,踱步,H,飛機場 踱步 (助手)
J174,22/09/2024,踱步,沙田,內圈,沙田 內圈,,,,,,助手,,快踱一圈,H,內圈 快踱一圈 (助手)
J174,21/09/2024,踱步,沙田,內圈,沙田 內圈,,,,,,助手,,快踱一圈,H,內圈 快踱一圈 (助手)
J174,20/09/2024,游水,沙田,,沙田,,,,,,,,游水,,
J174,20/09/2024,踱步,沙田,內圈,沙田 內圈,,,,,,助手,,快踱一圈,H,內圈 快踱一圈 (助手)
J174,19/09/2024,游水,沙田,,沙田,,,,,,,,游水,,
J174,19/09/2024,踱步,沙田,飛機場,沙田 飛機場,,,,,,助手,,踱步,H,飛機場 踱步 (助手)
J174,18/09/2024,游水,沙田,,沙田,,,,,,,,游水,,
J174,17/09/2024,游水,沙田,,沙田,,,,,,,,游水,,
J174,15/09/2024,出賽,沙田,草地,沙田 草地,1200M,,,,,梁家俊,11/11,出賽,CP,1200M (梁家俊) (11/11)
J174,15/09/2024,踱步,沙田,內圈,沙田 內圈,,,,,,助手,,快踱一圈,H,內圈 快踱一圈 (助手)
J174,14/09/2024,游水,沙田,,沙田,,,,,,,,游水,,
J174,14/09/2024,踱步,沙田,內圈,沙田 內圈,,,,,,助手,,快踱一圈,H,內圈 快踱一圈 (助手)
J174,13/09/2024,游水,沙田,,沙田,,,,,,,,游水,,
J174,13/09/2024,踱步,沙田,內圈,沙田 內圈,,,,,,助手,,快踱一圈,H,內圈 快踱一圈 (助手)
J174,12/09/2024,游水,沙田,,沙田,,,,,,,,游水,,
J174,12/09/2024,快操,沙田,全天候,沙田 全天候,,57.0,57.0,31.3 25.7,,梁家俊,,快操,H,31.3 25.7 (57.0) (梁家俊)
J174,12/09/2024,踱步,沙田,飛機場,沙田 飛機場,,,,,,助手,,踱步,H,飛機場 踱步 (助手)
J174,11/09/2024,游水,沙田,,沙田,,,,,,,,游水,,
J174,11/09/2024,踱步,沙田,內圈,沙田 內圈,,,,,,助手,,快踱一圈,H,內圈 快踱一圈 (助手)
J174,10/09/2024,游水,沙田,,沙田,,,,,,,,游水,,
J174,10/09/2024,踱步,沙田,內圈,沙田 內圈,,,,,,助手,,快踱一圈,H,內圈 快踱一圈 (助手)
J174,09/09/2024,游水,沙田,,沙田,,,,,,,,游水,,
J174,09/09/2024,快操,沙田,全天候,沙田 全天候,,58.3,58.3,30.9 27.4,,助手,,快操,H,30.9 27.4 (58.3) (助手)
J174,09/09/2024,踱步,沙田,飛機場,沙田 飛機場,,,,,,助手,,踱步,H,飛機場 踱步 (助手)
J174,08/09/2024,游水,沙田,,沙田,,,,,,,,游水,,
J174,08/09/2024,踱步,沙田,內圈,沙田 內圈,,,,,,助手,,快踱一圈,H,內圈 快踱一圈 (助手)
J174,07/09/2024,游水,沙田,,沙田,,,,,,,,游水,,
J174,07/09/2024,踱步,沙田,內圈,沙田 內圈,,,,,,助手,,快踱一圈,H,內圈 快踱一圈 (助手)
J174,05/09/2024,游水,沙田,,沙田,,,,,,,,游水,,
J174,05/09/2024,踱步,沙田,飛機場,沙田 飛機場,,,,,,助手,,踱步,H,飛機場 踱步 (助手)
J174,04/09/2024,游水,沙田,,沙田,,,,,,,,游水,,
J174,03/09/2024,試閘,沙田,全天候,沙田 全天候,1200M,1.10.53,70.53,24.5 23.3 22.7,千里如飛,布文,,第4組,CP,第4組 (布文) 1200M 千里如飛 24.5 23.3 22.7 (1.10.53)
J174,03/09/2024,游水,沙田,,沙田,,,,,,,,游水,,
J174,02/09/2024,游水,沙田,,沙田,,,,,,,,游水,,
J174,01/09/2024,游水,沙田,,沙田,,,,,,,,游水,,
J174,01/09/2024,快操,沙田,全天候,沙田 全天候,,59.0,59.0,32.7 26.3,,助手,,快操,H,32.7 26.3 (59.0) (助手)
J174,01/09/2024,踱步,沙田,飛機場,沙田 飛機場,,,,,,助手,,踱步,H,飛機場 踱步 (助手)
J174,31/08/2024,游水,沙田,,沙田,,,,,,,,游水,,
J174,31/08/2024,踱步,沙田,內圈,沙田 內圈,,,,,,助手,,快踱一圈,H,內圈 快踱一圈 (助手)
J174,30/08/2024,游水,沙田,,沙田,,,,,,,,游水,,
J174,30/08/2024,踱步,沙田,內圈,沙田 內圈,,,,,,助手,,快踱兩圈,H,內圈 快踱兩圈 (助手)
J174,29/08/2024,游水,沙田,,沙田,,,,,,,,游水,,
J174,29/08/2024,快操,沙田,全天候,沙田 全天候,,58.7,58.7,32.0 26.7,,助手,,快操,H,32.0 26.7 (58.7) (助手)
J174,29/08/2024,踱步,沙田,飛機場,沙田 飛機場,,,,,,助手,,踱步,H,飛機場 踱步 (助手)
J174,28/08/2024,游水,沙田,,沙田,,,,,,,,游水,,
J174,28/08/2024,踱步,沙田,內圈,沙田 內圈,,,,,,助手,,快踱一圈,H,內圈 快踱一圈 (助手)
J174,27/08/2024,游水,沙田,,沙田,,,,,,,,游水,,
J174,27/08/2024,踱步,沙田,內圈,沙田 內圈,,,,,,助手,,快踱一圈,H,內圈 快踱一圈 (助手)
J174,26/08/2024,游水,沙田,,沙田,,,,,,,,游水,,
J174,26/08/2024,快操,沙田,全天候,沙田 全天候,,57.5,57.5,31.8 25.7,,助手,,美麗在線,H,31.8 25.7 (57.5) (助手) 美麗在線
J174,26/08/2024,踱步,沙田,飛機場,沙田 飛機場,,,,,,助手,,踱步,H,飛機場 踱步 (助手)
J174,25/08/2024,游水,沙田,,沙田,,,,,,,,游水,,
J174,25/08/2024,踱步,沙田,內圈,沙田 內圈,,,,,,助手,,快踱一圈,H,內圈 快踱一圈 (助手)
J174,24/08/2024,游水,沙田,,沙田,,,,,,,,游水,,
J174,24/08/2024,踱步,沙田,內圈,沙田 內圈,,,,,,助手,,快踱一圈,H,內圈 快踱一圈 (助手)
J174,23/08/2024,游水,沙田,,沙田,,,,,,,,游水,,
J174,23/08/2024,快操,沙田,全天候,沙田 全天候,,58.6,58.6,32.7 25.9,,助手,,快操,H,32.7 25.9 (58.6) (助手)
J174,23/08/2024,踱步,沙田,飛機場,沙田 飛機場,,,,,,助手,,踱步,H,飛機場 踱步 (助手)
J174,22/08/2024,游水,沙田,,沙田,,,,,,,,游水,,
J174,22/08/2024,踱步,沙田,內圈,沙田 內圈,,,,,,助手,,倒快一圈,H,內圈 倒快一圈 (助手)
J174,21/08/2024,游水,沙田,,沙田,,,,,,,,游水,,
J174,21/08/2024,踱步,沙田,內圈,沙田 內圈,,,,,,助手,,快踱一圈,H,內圈 快踱一圈 (助手)
J174,20/08/2024,游水,沙田,,沙田,,,,,,,,游水,,
J174,20/08/2024,快操,沙田,全天候,沙田 全天候,,58.2,58.2,31.4 26.8,,助手,,快操,H,31.4 26.8 (58.2) (助手)
J174,20/08/2024,踱步,沙田,飛機場,沙田 飛機場,,,,,,助手,,踱步,H,飛機場 踱步 (助手)
J174,19/08/2024,游水,沙田,,沙田,,,,,,,,游水,,
J174,19/08/2024,踱步,沙田,內圈,沙田 內圈,,,,,,助手,,倒快一圈,H,內圈 倒快一圈 (助手)
J174,18/08/2024,游水,沙田,,沙田,,,,,,,,游水,,
J174,18/08/2024,踱步,沙田,內圈,沙田 內圈,,,,,,助手,,快踱一圈,H,內圈 快踱一圈 (助手)
J174,17/08/2024,游水,沙田,,沙田,,,,,,,,游水,,
J174,17/08/2024,快操,沙田,全天候,沙田 全天候,,59.8,59.8,31.6 28.2,,助手,,快操,H,31.6 28.2 (59.8) (助手)
J174,17/08/2024,踱步,沙田,飛機場,沙田 飛機場,,,,,,助手,,踱步,H,飛機場 踱步 (助手)
J174,16/08/2024,游水,沙田,,沙田,,,,,,,,游水,,
J174,16/08/2024,踱步,沙田,內圈,沙田 內圈,,,,,,助手,,快踱一圈,H,內圈 快踱一圈 (助手)
J174,15/08/2024,游水,沙田,,沙田,,,,,,,,游水,,
J174,15/08/2024,踱步,沙田,內圈,沙田 內圈,,,,,,助手,,倒快一圈,H,內圈 倒快一圈 (助手)
J174,14/08/2024,游水,沙田,,沙田,,,,,,,,游水,,
J174,14/08/2024,踱步,沙田,內圈,沙田 內圈,,,,,,助手,,快踱一圈,H,內圈 快踱一圈 (助手)
J174,13/08/2024,游水,沙田,,沙田,,,,,,,,游水,,
J174,13/08/2024,快操,沙田,全天候,沙田 全天候,,1.00.6,60.6,32.7 27.9,,助手,,快操,H,32.7 27.9 (1.00.6) (助手)
J174,13/08/2024,踱步,沙田,飛機場,沙田 飛機場,,,,,,助手,,踱步,H,飛機場 踱步 (助手)
J174,12/08/2024,游水,沙田,,沙田,,,,,,,,游水,,
J174,12/08/2024,踱步,沙田,內圈,沙田 內圈,,,,,,助手,,倒快一圈,H,內圈 倒快一圈 (助手)
J174,11/08/2024,游水,沙田,,沙田,,,,,,,,游水,,
J174,11/08/2024,踱步,沙田,內圈,沙田 內圈,,,,,,助手,,快踱一圈,H,內圈 快踱一圈 (助手)
J174,10/08/2024,游水,沙田,,沙田,,,,,,,,游水,,
J174,10/08/2024,踱步,沙田,內圈,沙田 內圈,,,,,,助手,,快踱一圈,H,內圈 快踱一圈 (助手)
J174,09/08/2024,游水,沙田,,沙田,,,,,,,,游水,,
J174,09/08/2024,快操,沙田,全天候,沙田 全天候,,1.04.1,64.1,34.1 30.0,,助手,,快操,H,34.1 30.0 (1.04.1) (助手)
J174,09/08/2024,踱步,沙田,飛機場,沙田 飛機場,,,,,,助手,,踱步,H,飛機場 踱步 (助手)
J174,08/08/2024,游水,沙田,,沙田,,,,,,,,游水,,
J174,08/08/2024,踱步,沙田,內圈,沙田 內圈,,,,,,助手,,倒快一圈,H,內圈 倒快一圈 (助手)
J174,07/08/2024,游水,沙田,,沙田,,,,,,,,游水,,
J174,06/08/2024,游水,沙田,,沙田,,,,,,,,游水,,
J174,05/08/2024,游水,沙田,,沙田,,,,,,,,游水,,
J174,05/08/2024,踱步,沙田,內圈,沙田 內圈,,,,,,助手,,倒快一圈,H,內圈 倒快一圈 (助手)
J174,04/08/2024,游水,沙田,,沙田,,,,,,,,游水,,
J174,04/08/2024,快操,沙田,全天候,沙田 全天候,,30.5,30.5,30.5,,助手,,快操,H,30.5 (30.5) (助手)
J174,04/08/2024,踱步,沙田,飛機場,沙田 飛機場,,,,,,助手,,踱步,H,飛機場 踱步 (助手)
J174,03/08/2024,游水,沙田,,沙田,,,,,,,,游水,,
J174,03/08/2024,踱步,沙田,內圈,沙田 內圈,,,,,,助手,,快踱一圈,H,內圈 快踱一圈 (助手)
J174,02/08/2024,游水,沙田,,沙田,,,,,,,,游水,,
J174,02/08/2024,踱步,沙田,內圈,沙田 內圈,,,,,,助手,,快踱一圈,H,內圈 快踱一圈 (助手)
J174,31/07/2024,踱步,沙田,內圈,沙田 內圈,,,,,,助手,,快踱一圈,H,內圈 快踱一圈 (助手)
J174,30/07/2024,踱步,沙田,內圈,沙田 內圈,,,,,,助手,,快踱一圈,H,內圈 快踱一圈 (助手)
J174,29/07/2024,踱步,沙田,飛機場,沙田 飛機場,,,,,,助手,,踱步,H,飛機場 踱步 (助手)
J174,28/07/2024,踱步,沙田,飛機場,沙田 飛機場,,,,,,助手,,踱步,H,飛機場 踱步 (助手)
J174,27/07/2024,踱步,沙田,飛機場,沙田 飛機場,,,,,,助手,,踱步,H,飛機場 踱步 (助手)
J174,26/07/2024,踱步,沙田,飛機場,沙田 飛機場,,,,,,助手,,踱步,H,飛機場 踱步 (助手)
J174,25/07/2024,踱步,沙田,飛機場,沙田 飛機場,,,,,,助手,,踱步,H,飛機場 踱步 (助手)
J174,14/07/2024,游水,沙田,,沙田,,,,,,,,游水,,
J174,13/07/2024,游水,沙田,,沙田,,,,,,,,游水,,
J174,12/07/2024,游水,沙田,,沙田,,,,,,,,游水,,
J174,11/07/2024,游水,沙田,,沙田,,,,,,,,游水,,
J174,10/07/2024,游水,沙田,,沙田,,,,,,,,游水,,
J174,09/07/2024,游水,沙田,,沙田,,,,,,,,游水,,
J174,01/07/2024,出賽,沙田,草地,沙田 草地,1400M,,,,,潘頓,11/14,出賽,CP,1400M (潘頓) (11/14)
J174,01/07/2024,踱步,沙田,內圈,沙田 內圈,,,,,,助手,,倒快一圈,H,內圈 倒快一圈 (助手)
J174,30/06/2024,游水,沙田,,沙田,,,,,,,,游水,,
J174,30/06/2024,踱步,沙田,內圈,沙田 內圈,,,,,,助手,,快踱一圈,H,內圈 快踱一圈 (助手)
J174,29/06/2024,游水,沙田,,沙田,,,,,,,,游水,,
J174,29/06/2024,踱步,沙田,內圈,沙田 內圈,,,,,,助手,,快踱一圈,H,內圈 快踱一圈 (助手)
J174,28/06/2024,游水,沙田,,沙田,,,,,,,,游水,,
J174,28/06/2024,快操,沙田,全天候,沙田 全天候,,59.8,59.8,32.7 27.1,,助手,,快操,H,32.7 27.1 (59.8) (助手)
J174,28/06/2024,踱步,沙田,飛機場,沙田 飛機場,,,,,,助手,,踱步,H,飛機場 踱步 (助手)
J174,27/06/2024,游水,沙田,,沙田,,,,,,,,游水,,
J174,27/06/2024,踱步,沙田,內圈,沙田 內圈,,,,,,助手,,倒快一圈,H,內圈 倒快一圈 (助手)
J174,26/06/2024,游水,沙田,,沙田,,,,,,,,游水,,
J174,26/06/2024,踱步,沙田,內圈,沙田 內圈,,,,,,助手,,快踱一圈,H,內圈 快踱一圈 (助手)
J174,25/06/2024,游水,沙田,,沙田,,,,,,,,游水,,
J174,25/06/2024,快操,沙田,全天候,沙田 全天候,,26.2,26.2,26.2,,潘頓,,快操,CP,26.2 (26.2) (潘頓)
J174,25/06/2024,踱步,沙田,飛機場,沙田 飛機場,,,,,,助手,,踱步,CP,飛機場 踱步 (助手)
J174,24/06/2024,游水,沙田,,沙田,,,,,,,,游水,,
J174,24/06/2024,踱步,沙田,內圈,沙田 內圈,,,,,,助手,,倒快一圈,H,內圈 倒快一圈 (助手)
J174,23/06/2024,游水,沙田,,沙田,,,,,,,,游水,,
J174,23/06/2024,踱步,沙田,內圈,沙田 內圈,,,,,,助手,,快踱一圈,H,內圈 快踱一圈 (助手)
J174,22/06/2024,游水,沙田,,沙田,,,,,,,,游水,,
J174,22/06/2024,快操,沙田,全天候,沙田 全天候,,57.7,57.7,31.5 26.2,,副練馬師,,快操,H,31.5 26.2 (57.7) (副練馬師)
J174,22/06/2024,踱步,沙田,飛機場,沙田 飛機場,,,,,,副練馬師,,踱步,H,飛機場 踱步 (副練馬師)
J174,21/06/2024,游水,沙田,,沙田,,,,,,,,游水,,
J174,21/06/2024,踱步,沙田,內圈,沙田 內圈,,,,,,助手,,快踱一圈,H,內圈 快踱一圈 (助手)
J174,20/06/2024,游水,沙田,,沙田,,,,,,,,游水,,
J174,20/06/2024,踱步,沙田,內圈,沙田 內圈,,,,,,助手,,倒快一圈,H,內圈 倒快一圈 (助手)
J174,19/06/2024,游水,沙田,,沙田,,,,,,,,游水,,
J174,19/06/2024,踱步,沙田,內圈,沙田 內圈,,,,,,助手,,快踱一圈,H,內圈 快踱一圈 (助手)
J174,18/06/2024,游水,沙田,,沙田,,,,,,,,游水,,
J174,18/06/2024,快操,沙田,全天候,沙田 全天候,,58.9,58.9,32.3 26.6,,助手,,快操,H,32.3 26.6 (58.9) (助手)
J174,18/06/2024,踱步,沙田,飛機場,沙田 飛機場,,,,,,助手,,踱步,H,飛機場 踱步 (助手)
J174,17/06/2024,游水,沙田,,沙田,,,,,,,,游水,,
J174,17/06/2024,踱步,沙田,內圈,沙田 內圈,,,,,,助手,,倒快一圈,H,內圈 倒快一圈 (助手)
J174,16/06/2024,游水,沙田,,沙田,,,,,,,,游水,,
J174,16/06/2024,踱步,沙田,內圈,沙田 內圈,,,,,,助手,,快踱一圈,H,內圈 快踱一圈 (助手)
J174,15/06/2024,游水,沙田,,沙田,,,,,,,,游水,,
J174,15/06/2024,踱步,沙田,內圈,沙田 內圈,,,,,,助手,,快踱一圈,H,內圈 快踱一圈 (助手)
J174,14/06/2024,游水,沙田,,沙田,,,,,,,,游水,,
J174,14/06/2024,快操,沙田,全天候,沙田 全天候,,58.5,58.5,32.2 26.3,,副練馬師,,快操,H,32.2 26.3 (58.5) (副練馬師)
J174,14/06/2024,踱步,沙田,飛機場,沙田 飛機場,,,,,,副練馬師,,踱步,H,飛機場 踱步 (副練馬師)
J174,13/06/2024,游水,沙田,,沙田,,,,,,,,游水,,
J174,13/06/2024,踱步,沙田,內圈,沙田 內圈,,,,,,助手,,倒快一圈,H,內圈 倒快一圈 (助手)
J174,12/06/2024,游水,沙田,,沙田,,,,,,,,游水,,
J174,12/06/2024,踱步,沙田,內圈,沙田 內圈,,,,,,助手,,快踱一圈,H,內圈 快踱一圈 (助手)
J174,11/06/2024,游水,沙田,,沙田,,,,,,,,游水,,
J174,10/06/2024,游水,沙田,,沙田,,,,,,,,游水,,
J174,10/06/2024,快操,沙田,全天候,沙田 全天候,,58.4,58.4,30.9 27.5,,助手,,快操,H,30.9 27.5 (58.4) (助手)
J174,10/06/2024,踱步,沙田,飛機場,沙田 飛機場,,,,,,助手,,踱步,H,飛機場 踱步 (助手)
J174,09/06/2024,游水,沙田,,沙田,,,,,,,,游水,,
J174,09/06/2024,踱步,沙田,內圈,沙田 內圈,,,,,,助手,,快踱一圈,H,內圈 快踱一圈 (助手)
J174,08/06/2024,游水,沙田,,沙田,,,,,,,,游水,,
J174,08/06/2024,踱步,沙田,內圈,沙田 內圈,,,,,,助手,,快踱一圈,H,內圈 快踱一圈 (助手)
J174,07/06/2024,游水,沙田,,沙田,,,,,,,,游水,,
J174,07/06/2024,踱步,沙田,內圈,沙田 內圈,,,,,,助手,,快踱一圈,H,內圈 快踱一圈 (助手)
J174,06/06/2024,游水,沙田,,沙田,,,,,,,,游水,,
J174,06/06/2024,踱步,沙田,飛機場,沙田 飛機場,,,,,,助手,,踱步,H,飛機場 踱步 (助手)
J174,05/06/2024,游水,沙田,,沙田,,,,,,,,游水,,
J174,04/06/2024,游水,沙田,,沙田,,,,,,,,游水,,
J174,03/06/2024,游水,沙田,,沙田,,,,,,,,游水,,
J174,02/06/2024,出賽,沙田,草地,沙田 草地,1400M,,,,,巴度,6/14,出賽,V-/CP2,1400M (巴度) (6/14)
J174,02/06/2024,踱步,沙田,內圈,沙田 內圈,,,,,,助手,,快踱一圈,H,內圈 快踱一圈 (助手)
J174,01/06/2024,游水,沙田,,沙田,,,,,,,,游水,,
J174,01/06/2024,踱步,沙田,內圈,沙田 內圈,,,,,,助手,,快踱一圈,H,內圈 快踱一圈 (助手)
J174,31/05/2024,游水,沙田,,沙田,,,,,,,,游水,,
J174,31/05/2024,踱步,沙田,內圈,沙田 內圈,,,,,,助手,,快踱一圈,H,內圈 快踱一圈 (助手)
J174,30/05/2024,游水,沙田,,沙田,,,,,,,,游水,,
J174,30/05/2024,快操,沙田,全天候,沙田 全天候,,57.7,57.7,30.6 27.1,,副練馬師,,快操,H,30.6 27.1 (57.7) (副練馬師)
J174,30/05/2024,踱步,沙田,飛機場,沙田 飛機場,,,,,,副練馬師,,踱步,H,飛機場 踱步 (副練馬師)
J174,29/05/2024,游水,沙田,,沙田,,,,,,,,游水,,
J174,29/05/2024,踱步,沙田,內圈,沙田 內圈,,,,,,助手,,快踱一圈,H,內圈 快踱一圈 (助手)
J174,28/05/2024,游水,沙田,,沙田,,,,,,,,游水,,
J174,28/05/2024,踱步,沙田,內圈,沙田 內圈,,,,,,助手,,快踱一圈,H,內圈 快踱一圈 (助手)
J174,27/05/2024,游水,沙田,,沙田,,,,,,,,游水,,
J174,27/05/2024,快操,沙田,全天候,沙田 全天候,,58.4,58.4,32.3 26.1,,助手,,快操,H,32.3 26.1 (58.4) (助手)
J174,27/05/2024,踱步,沙田,飛機場,沙田 飛機場,,,,,,助手,,踱步,H,飛機場 踱步 (助手)
J174,26/05/2024,游水,沙田,,沙田,,,,,,,,游水,,
J174,26/05/2024,踱步,沙田,內圈,沙田 內圈,,,,,,助手,,快踱一圈,H,內圈 快踱一圈 (助手)
J174,25/05/2024,游水,沙田,,沙田,,,,,,,,游水,,
J174,25/05/2024,踱步,沙田,內圈,沙田 內圈,,,,,,助手,,快踱一圈,H,內圈 快踱一圈 (助手)
J174,24/05/2024,游水,沙田,,沙田,,,,,,,,游水,,
J174,24/05/2024,踱步,沙田,內圈,沙田 內圈,,,,,,助手,,快踱一圈,H,內圈 快踱一圈 (助手)
J174,23/05/2024,游水,沙田,,沙田,,,,,,,,游水,,
J174,23/05/2024,踱步,沙田,飛機場,沙田 飛機場,,,,,,助手,,踱步,H,飛機場 踱步 (助手)
J174,22/05/2024,游水,沙田,,沙田,,,,,,,,游水,,
J174,21/05/2024,試閘,沙田,全天候,沙田 全天候,1200M,1.11.78,71.78,25.0 23.1 23.6,美神來,巴度,,第2組,CP,第2組 (巴度) 1200M 美神來 25.0 23.1 23.6 (1.11.78)
J174,21/05/2024,游水,沙田,,沙田,,,,,,,,游水,,
J174,20/05/2024,游水,沙田,,沙田,,,,,,,,游水,,
J174,20/05/2024,踱步,沙田,內圈,沙田 內圈,,,,,,助手,,倒快一圈,H,內圈 倒快一圈 (助手)
J174,19/05/2024,游水,沙田,,沙田,,,,,,,,游水,,
J174,19/05/2024,踱步,沙田,內圈,沙田 內圈,,,,,,助手,,快踱一圈,H,內圈 快踱一圈 (助手)
J174,18/05/2024,游水,沙田,,沙田,,,,,,,,游水,,
J174,18/05/2024,快操,沙田,全天候,沙田 全天候,,57.7,57.7,32.4 25.3,,副練馬師,,快操,CP,32.4 25.3 (57.7) (副練馬師)
J174,18/05/2024,踱步,沙田,飛機場,沙田 飛機場,,,,,,副練馬師,,踱步,CV,飛機場 踱步 (副練馬師)
J174,17/05/2024,游水,沙田,,沙田,,,,,,,,游水,,
J174,17/05/2024,踱步,沙田,內圈,沙田 內圈,,,,,,助手,,快踱一圈,H,內圈 快踱一圈 (助手)
J174,16/05/2024,游水,沙田,,沙田,,,,,,,,游水,,
J174,16/05/2024,踱步,沙田,內圈,沙田 內圈,,,,,,助手,,倒快一圈,H,內圈 倒快一圈 (助手)
J174,15/05/2024,游水,沙田,,沙田,,,,,,,,游水,,
J174,14/05/2024,游水,沙田,,沙田,,,,,,,,游水,,
J174,14/05/2024,快操,沙田,全天候,沙田 全天候,,58.2,58.2,31.9 26.3,,副練馬師,,快操,H,31.9 26.3 (58.2) (副練馬師)
J174,14/05/2024,踱步,沙田,飛機場,沙田 飛機場,,,,,,助手,,踱步,H,飛機場 踱步 (助手)
J174,13/05/2024,游水,沙田,,沙田,,,,,,,,游水,,
J174,13/05/2024,踱步,沙田,內圈,沙田 內圈,,,,,,助手,,倒快一圈,H,內圈 倒快一圈 (助手)
J174,12/05/2024,游水,沙田,,沙田,,,,,,,,游水,,
J174,12/05/2024,踱步,沙田,內圈,沙田 內圈,,,,,,助手,,快踱一圈,H,內圈 快踱一圈 (助手)
J174,11/05/2024,游水,沙田,,沙田,,,,,,,,游水,,
J174,11/05/2024,踱步,沙田,內圈,沙田 內圈,,,,,,助手,,快踱一圈,H,內圈 快踱一圈 (助手)
J174,10/05/2024,游水,沙田,,沙田,,,,,,,,游水,,
J174,10/05/2024,快操,沙田,全天候,沙田 全天候,,56.8,56.8,30.5 26.3,,副練馬師,,快操,H,30.5 26.3 (56.8) (副練馬師)
J174,10/05/2024,踱步,沙田,飛機場,沙田 飛機場,,,,,,副練馬師,,踱步,H,飛機場 踱步 (副練馬師)
J174,09/05/2024,游水,沙田,,沙田,,,,,,,,游水,,
J174,09/05/2024,踱步,沙田,內圈,沙田 內圈,,,,,,助手,,倒快一圈,H,內圈 倒快一圈 (助手)
J174,08/05/2024,游水,沙田,,沙田,,,,,,,,游水,,
J174,08/05/2024,踱步,沙田,內圈,沙田 內圈,,,,,,助手,,快踱一圈,H,內圈 快踱一圈 (助手)
J174,07/05/2024,游水,沙田,,沙田,,,,,,,,游水,,
J174,06/05/2024,游水,沙田,,沙田,,,,,,,,游水,,
J174,06/05/2024,踱步,沙田,內圈,沙田 內圈,,,,,,助手,,倒快一圈,H,內圈 倒快一圈 (助手)
J174,05/05/2024,游水,沙田,,沙田,,,,,,,,游水,,
J174,05/05/2024,踱步,沙田,飛機場,沙田 飛機場,,,,,,助手,,踱步,H,飛機場 踱步 (助手)
J174,04/05/2024,游水,沙田,,沙田,,,,,,,,游水,,
J174,03/05/2024,游水,沙田,,沙田,,,,,,,,游水,,
J174,02/05/2024,游水,沙田,,沙田,,,,,,,,游水,,
J174,01/05/2024,出賽,跑馬地,草地,跑馬地 草地,1200M,,,,,巴度,7/11,出賽,CP-/V1,1200M (巴度) (7/11)
J174,01/05/2024,踱步,沙田,外圈,沙田 外圈,,,,,,助手,,快踱一圈,H,外圈 快踱一圈 (助手)
J174,30/04/2024,踱步,沙田,內圈,沙田 內圈,,,,,,助手,,快踱一圈,H,內圈 快踱一圈 (助手)
J174,29/04/2024,游水,沙田,,沙田,,,,,,,,游水,,
J174,29/04/2024,踱步,沙田,內圈,沙田 內圈,,,,,,助手,,倒快一圈,H,內圈 倒快一圈 (助手)
J174,28/04/2024,游水,沙田,,沙田,,,,,,,,游水,,
J174,28/04/2024,快操,沙田,全天候,沙田 全天候,,57.8,57.8,32.0 25.8,,助手,,快操,H,32.0 25.8 (57.8) (助手)
J174,28/04/2024,踱步,沙田,飛機場,沙田 飛機場,,,,,,助手,,踱步,H,飛機場 踱步 (助手)
J174,27/04/2024,游水,沙田,,沙田,,,,,,,,游水,,
J174,27/04/2024,踱步,沙田,內圈,沙田 內圈,,,,,,助手,,快踱一圈,H,內圈 快踱一圈 (助手)
J174,26/04/2024,游水,沙田,,沙田,,,,,,,,游水,,
J174,26/04/2024,踱步,沙田,內圈,沙田 內圈,,,,,,助手,,快踱一圈,H,內圈 快踱一圈 (助手)
J174,25/04/2024,游水,沙田,,沙田,,,,,,,,游水,,
J174,25/04/2024,快操,沙田,全天候,沙田 全天候,,56.1,56.1,29.2 26.9,,巴度,,快操,BH,29.2 26.9 (56.1) (巴度)
J174,25/04/2024,踱步,沙田,飛機場,沙田 飛機場,,,,,,助手,,踱步,B,飛機場 踱步 (助手)
J174,24/04/2024,游水,沙田,,沙田,,,,,,,,游水,,
J174,24/04/2024,踱步,沙田,內圈,沙田 內圈,,,,,,助手,,快踱一圈,H,內圈 快踱一圈 (助手)
J174,23/04/2024,游水,沙田,,沙田,,,,,,,,游水,,
J174,23/04/2024,踱步,沙田,內圈,沙田 內圈,,,,,,助手,,快踱一圈,H,內圈 快踱一圈 (助手)
J174,22/04/2024,游水,沙田,,沙田,,,,,,,,游水,,
J174,22/04/2024,快操,沙田,全天候,沙田 全天候,,57.1,57.1,30.7 26.4,,助手,,快操,H,30.7 26.4 (57.1) (助手)
J174,22/04/2024,踱步,沙田,飛機場,沙田 飛機場,,,,,,助手,,踱步,H,飛機場 踱步 (助手)
J174,21/04/2024,游水,沙田,,沙田,,,,,,,,游水,,
J174,21/04/2024,踱步,沙田,內圈,沙田 內圈,,,,,,助手,,快踱一圈,H,內圈 快踱一圈 (助手)
J174,20/04/2024,游水,沙田,,沙田,,,,,,,,游水,,
J174,20/04/2024,踱步,沙田,內圈,沙田 內圈,,,,,,助手,,快踱一圈,H,內圈 快踱一圈 (助手)
J174,19/04/2024,游水,沙田,,沙田,,,,,,,,游水,,
J174,19/04/2024,踱步,沙田,內圈,沙田 內圈,,,,,,助手,,快踱一圈,H,內圈 快踱一圈 (助手)
J174,18/04/2024,游水,沙田,,沙田,,,,,,,,游水,,
J174,18/04/2024,踱步,沙田,飛機場,沙田 飛機場,,,,,,助手,,踱步,H,飛機場 踱步 (助手)
J174,17/04/2024,游水,沙田,,沙田,,,,,,,,游水,,
J174,16/04/2024,游水,沙田,,沙田,,,,,,,,游水,,
J174,15/04/2024,游水,沙田,,沙田,,,,,,,,游水,,
J174,14/04/2024,出賽,沙田,草地,沙田 草地,1400M,,,,,巴度,4/14,出賽,CP1,1400M (巴度) (4/14)
J174,14/04/2024,踱步,沙田,內圈,沙田 內圈,,,,,,助手,,快踱一圈,H,內圈 快踱一圈 (助手)
J174,13/04/2024,游水,沙田,,沙田,,,,,,,,游水,,
J174,13/04/2024,踱步,沙田,內圈,沙田 內圈,,,,,,助手,,快踱一圈,H,內圈 快踱一圈 (助手)
J174,12/04/2024,游水,沙田,,沙田,,,,,,,,游水,,
J174,12/04/2024,踱步,沙田,內圈,沙田 內圈,,,,,,助手,,快踱一圈,H,內圈 快踱一圈 (助手)
J174,11/04/2024,游水,沙田,,沙田,,,,,,,,游水,,
J174,11/04/2024,快操,沙田,全天候,沙田 全天候,,1.26.4,86.4,31.3 28.8 26.3,,巴度,,快操,CP,31.3 28.8 26.3 (1.26.4) (巴度)
J174,11/04/2024,踱步,沙田,飛機場,沙田 飛機場,,,,,,助手,,踱步,CP,飛機場 踱步 (助手)
J174,10/04/2024,游水,沙田,,沙田,,,,,,,,游水,,
J174,10/04/2024,踱步,沙田,內圈,沙田 內圈,,,,,,助手,,快踱一圈,H,內圈 快踱一圈 (助手)
J174,09/04/2024,游水,沙田,,沙田,,,,,,,,游水,,
J174,09/04/2024,踱步,沙田,內圈,沙田 內圈,,,,,,助手,,快踱一圈,H,內圈 快踱一圈 (助手)
J174,08/04/2024,游水,沙田,,沙田,,,,,,,,游水,,
J174,08/04/2024,快操,沙田,全天候,沙田 全天候,,58.8,58.8,32.0 26.8,,副練馬師,,日日型,CP,32.0 26.8 (58.8) (副練馬師) 日日型
J174,08/04/2024,踱步,沙田,飛機場,沙田 飛機場,,,,,,副練馬師,,踱步,CP,飛機場 踱步 (副練馬師)
J174,07/04/2024,游水,沙田,,沙田,,,,,,,,游水,,
J174,07/04/2024,踱步,沙田,內圈,沙田 內圈,,,,,,助手,,快踱一圈,H,內圈 快踱一圈 (助手)
J174,06/04/2024,游水,沙田,,沙田,,,,,,,,游水,,
J174,06/04/2024,踱步,沙田,內圈,沙田 內圈,,,,,,助手,,快踱一圈,H,內圈 快踱一圈 (助手)
J174,05/04/2024,游水,沙田,,沙田,,,,,,,,游水,,
J174,05/04/2024,快操,沙田,全天候,沙田 全天候,,58.2,58.2,32.5 25.7,,副練馬師,,快操,B,32.5 25.7 (58.2) (副練馬師)
J174,05/04/2024,踱步,沙田,飛機場,沙田 飛機場,,,,,,副練馬師,,踱步,B,飛機場 踱步 (副練馬師)
J174,04/04/2024,游水,沙田,,沙田,,,,,,,,游水,,
J174,04/04/2024,踱步,沙田,內圈,沙田 內圈,,,,,,助手,,倒快一圈,H,內圈 倒快一圈 (助手)
J174,03/04/2024,游水,沙田,,沙田,,,,,,,,游水,,
J174,03/04/2024,踱步,沙田,內圈,沙田 內圈,,,,,,助手,,快踱一圈,H,內圈 快踱一圈 (助手)
J174,02/04/2024,游水,沙田,,沙田,,,,,,,,游水,,
J174,02/04/2024,踱步,沙田,內圈,沙田 內圈,,,,,,助手,,快踱一圈,H,內圈 快踱一圈 (助手)
J174,01/04/2024,游水,沙田,,沙田,,,,,,,,游水,,
J174,01/04/2024,快操,沙田,全天候,沙田 全天候,,1.00.4,60.4,33.6 26.8,,副練馬師,,快操,H,33.6 26.8 (1.00.4) (副練馬師)
J174,01/04/2024,踱步,沙田,飛機場,沙田 飛機場,,,,,,副練馬師,,踱步,H,飛機場 踱步 (副練馬師)
J174,31/03/2024,游水,沙田,,沙田,,,,,,,,游水,,
J174,31/03/2024,踱步,沙田,內圈,沙田 內圈,,,,,,助手,,快踱一圈,H,內圈 快踱一圈 (助手)
J174,30/03/2024,游水,沙田,,沙田,,,,,,,,游水,,
J174,30/03/2024,踱步,沙田,內圈,沙田 內圈,,,,,,助手,,快踱一圈,H,內圈 快踱一圈 (助手)
J174,29/03/2024,游水,沙田,,沙田,,,,,,,,游水,,
J174,29/03/2024,踱步,沙田,內圈,沙田 內圈,,,,,,助手,,快踱一圈,H,內圈 快踱一圈 (助手)
J174,28/03/2024,游水,沙田,,沙田,,,,,,,,游水,,
J174,28/03/2024,踱步,沙田,飛機場,沙田 飛機場,,,,,,助手,,踱步,H,飛機場 踱步 (助手)
J174,27/03/2024,游水,沙田,,沙田,,,,,,,,游水,,
J174,26/03/2024,游水,沙田,,沙田,,,,,,,,游水,,
J174,25/03/2024,游水,沙田,,沙田,,,,,,,,游水,,
J174,24/03/2024,出賽,沙田,草地,沙田 草地,1200M,,,,,艾兆禮,6/11,出賽,,1200M (艾兆禮) (6/11)
J174,24/03/2024,踱步,沙田,內圈,沙田 內圈,,,,,,助手,,快踱一圈,H,內圈 快踱一圈 (助手)
J174,23/03/2024,游水,沙田,,沙田,,,,,,,,游水,,
J174,23/03/2024,踱步,沙田,內圈,沙田 內圈,,,,,,助手,,快踱一圈,H,內圈 快踱一圈 (助手)
J174,22/03/2024,游水,沙田,,沙田,,,,,,,,游水,,
J174,22/03/2024,踱步,沙田,內圈,沙田 內圈,,,,,,助手,,快踱一圈,H,內圈 快踱一圈 (助手)
J174,21/03/2024,游水,沙田,,沙田,,,,,,,,游水,,
J174,21/03/2024,快操,沙田,全天候,沙田 全天候,,56.6,56.6,31.4 25.2,,助手,,快操,H,31.4 25.2 (56.6) (助手)
J174,21/03/2024,踱步,沙田,飛機場,沙田 飛機場,,,,,,助手,,踱步,H,飛機場 踱步 (助手)
J174,20/03/2024,游水,沙田,,沙田,,,,,,,,游水,,
J174,20/03/2024,踱步,沙田,內圈,沙田 內圈,,,,,,助手,,快踱一圈,H,內圈 快踱一圈 (助手)
J174,19/03/2024,游水,沙田,,沙田,,,,,,,,游水,,
J174,19/03/2024,踱步,沙田,內圈,沙田 內圈,,,,,,助手,,快踱一圈,H,內圈 快踱一圈 (助手)
J174,18/03/2024,游水,沙田,,沙田,,,,,,,,游水,,
J174,18/03/2024,快操,沙田,全天候,沙田 全天候,,57.6,57.6,31.6 26.0,,助手,,快操,H,31.6 26.0 (57.6) (助手)
J174,18/03/2024,踱步,沙田,飛機場,沙田 飛機場,,,,,,助手,,踱步,H,飛機場 踱步 (助手)
J174,17/03/2024,游水,沙田,,沙田,,,,,,,,游水,,
J174,17/03/2024,踱步,沙田,內圈,沙田 內圈,,,,,,助手,,快踱一圈,H,內圈 快踱一圈 (助手)
J174,16/03/2024,游水,沙田,,沙田,,,,,,,,游水,,
J174,16/03/2024,踱步,沙田,內圈,沙田 內圈,,,,,,助手,,快踱一圈,H,內圈 快踱一圈 (助手)
J174,15/03/2024,游水,沙田,,沙田,,,,,,,,游水,,
J174,15/03/2024,快操,沙田,全天候,沙田 全天候,,1.32.0,92.0,33.7 32.4 25.9,,助手,,快操,H,33.7 32.4 25.9 (1.32.0) (助手)
J174,15/03/2024,踱步,沙田,飛機場,沙田 飛機場,,,,,,助手,,踱步,H,飛機場 踱步 (助手)
J174,14/03/2024,游水,沙田,,沙田,,,,,,,,游水,,
J174,14/03/2024,踱步,沙田,內圈,沙田 內圈,,,,,,助手,,倒快一圈,H,內圈 倒快一圈 (助手)
J174,13/03/2024,游水,沙田,,沙田,,,,,,,,游水,,
J174,13/03/2024,踱步,沙田,內圈,沙田 內圈,,,,,,助手,,快踱一圈,H,內圈 快踱一圈 (助手)
J174,12/03/2024,游水,沙田,,沙田,,,,,,,,游水,,
J174,11/03/2024,游水,沙田,,沙田,,,,,,,,游水,,
J174,11/03/2024,快操,沙田,全天候,沙田 全天候,,58.3,58.3,30.8 27.5,,助手,,快操,H,30.8 27.5 (58.3) (助手)
J174,11/03/2024,踱步,沙田,飛機場,沙田 飛機場,,,,,,助手,,踱步,H,飛機場 踱步 (助手)
J174,10/03/2024,游水,沙田,,沙田,,,,,,,,游水,,
J174,10/03/2024,踱步,沙田,內圈,沙田 內圈,,,,,,助手,,快踱一圈,H,內圈 快踱一圈 (助手)
J174,09/03/2024,踱步,沙田,內圈,沙田 內圈,,,,,,助手,,快踱一圈,H,內圈 快踱一圈 (助手)
J174,08/03/2024,游水,沙田,,沙田,,,,,,,,游水,,
J174,08/03/2024,踱步,沙田,內圈,沙田 內圈,,,,,,助手,,快踱一圈,H,內圈 快踱一圈 (助手)
J174,07/03/2024,游水,沙田,,沙田,,,,,,,,游水,,
J174,07/03/2024,踱步,沙田,飛機場,沙田 飛機場,,,,,,助手,,踱步,H,飛機場 踱步 (助手)
J174,06/03/2024,游水,沙田,,沙田,,,,,,,,游水,,
J174,05/03/2024,游水,沙田,,沙田,,,,,,,,游水,,
J174,04/03/2024,游水,沙田,,沙田,,,,,,,,游水,,
J174,03/03/2024,出賽,沙田,草地,沙田 草地,1200M,,,,,艾兆禮,4/11,出賽,,1200M (艾兆禮) (4/11)
J174,02/03/2024,游水,沙田,,沙田,,,,,,,,游水,,
J174,02/03/2024,踱步,沙田,內圈,沙田 內圈,,,,,,助手,,快踱一圈,H,內圈 快踱一圈 (助手)
J174,01/03/2024,游水,沙田,,沙田,,,,,,,,游水,,
J174,01/03/2024,踱步,沙田,內圈,沙田 內圈,,,,,,助手,,快踱一圈,H,內圈 快踱一圈 (助手)
J174,29/02/2024,游水,沙田,,沙田,,,,,,,,游水,,
J174,29/02/2024,快操,沙田,全天候,沙田 全天候,,57.4,57.4,32.2 25.2,,艾兆禮,,快操,H,32.2 25.2 (57.4) (艾兆禮)
J174,28/02/2024,游水,沙田,,沙田,,,,,,,,游水,,
J174,28/02/2024,踱步,沙田,內圈,沙田 內圈,,,,,,助手,,快踱一圈,H,內圈 快踱一圈 (助手)
J174,27/02/2024,游水,沙田,,沙田,,,,,,,,游水,,
J174,27/02/2024,踱步,沙田,內圈,沙田 內圈,,,,,,助手,,快踱一圈,H,內圈 快踱一圈 (助手)
J174,26/02/2024,游水,沙田,,沙田,,,,,,,,游水,,
J174,26/02/2024,快操,沙田,全天候,沙田 全天候,,54.7,54.7,29.5 25.2,,副練馬師,,快操,H,29.5 25.2 (54.7) (副練馬師)
J174,26/02/2024,踱步,沙田,飛機場,沙田 飛機場,,,,,,副練馬師,,踱步,H,飛機場 踱步 (副練馬師)
J174,25/02/2024,游水,沙田,,沙田,,,,,,,,游水,,
J174,25/02/2024,踱步,沙田,內圈,沙田 內圈,,,,,,助手,,快踱一圈,H,內圈 快踱一圈 (助手)
J174,24/02/2024,游水,沙田,,沙田,,,,,,,,游水,,
J174,24/02/2024,踱步,沙田,內圈,沙田 內圈,,,,,,助手,,快踱一圈,H,內圈 快踱一圈 (助手)
J174,23/02/2024,游水,沙田,,沙田,,,,,,,,游水,,
J174,23/02/2024,踱步,沙田,內圈,沙田 內圈,,,,,,助手,,快踱一圈,H,內圈 快踱一圈 (助手)
J174,22/02/2024,游水,沙田,,沙田,,,,,,,,游水,,
J174,22/02/2024,踱步,沙田,飛機場,沙田 飛機場,,,,,,助手,,踱步,H,飛機場 踱步 (助手)
J174,21/02/2024,游水,沙田,,沙田,,,,,,,,游水,,
J174,20/02/2024,試閘,沙田,全天候,沙田 全天候,1200M,1.10.37,70.37,24.3 22.9 23.1,昇瀧駒,艾兆禮,,第2組,B,第2組 (艾兆禮) 1200M 昇瀧駒 24.3 22.9 23.1 (1.10.37)
J174,20/02/2024,游水,沙田,,沙田,,,,,,,,游水,,
J174,19/02/2024,游水,沙田,,沙田,,,,,,,,游水,,
J174,19/02/2024,踱步,沙田,內圈,沙田 內圈,,,,,,助手,,倒快一圈,H,內圈 倒快一圈 (助手)
J174,18/02/2024,游水,沙田,,沙田,,,,,,,,游水,,
J174,18/02/2024,踱步,沙田,內圈,沙田 內圈,,,,,,助手,,快踱一圈,H,內圈 快踱一圈 (助手)
J174,17/02/2024,游水,沙田,,沙田,,,,,,,,游水,,
J174,17/02/2024,踱步,沙田,內圈,沙田 內圈,,,,,,助手,,快踱一圈,H,內圈 快踱一圈 (助手)
J174,16/02/2024,快操,從化,全天候,從化 全天候,,57.3,57.3,31.3 26.0,,助手,,快操,H/V,31.3 26.0 (57.3) (助手)
J174,16/02/2024,踱步,從化,飛機場,從化 飛機場,,,,,,助手,,踱步,H/V,飛機場 踱步 (助手)
J174,15/02/2024,游水,從化,,從化,,,,,,,,游水,,
J174,15/02/2024,踱步,從化,內圈,從化 內圈,,,,,,助手,,倒快一圈,H,內圈 倒快一圈 (助手)
J174,14/02/2024,游水,從化,,從化,,,,,,,,游水,,
J174,14/02/2024,踱步,從化,內圈,從化 內圈,,,,,,助手,,快踱一圈,H,內圈 快踱一圈 (助手)
J174,13/02/2024,游水,從化,,從化,,,,,,,,游水,,
J174,13/02/2024,快操,從化,全天候,從化 全天候,,59.4,59.4,33.5 25.9,,助手,,快操,H,33.5 25.9 (59.4) (助手)
J174,13/02/2024,踱步,從化,飛機場,從化 飛機場,,,,,,助手,,踱步,H,飛機場 踱步 (助手)
J174,12/02/2024,游水,從化,,從化,,,,,,,,游水,,
J174,12/02/2024,踱步,從化,內圈,從化 內圈,,,,,,助手,,倒快一圈,H,內圈 倒快一圈 (助手)
J174,11/02/2024,游水,從化,,從化,,,,,,,,游水,,
J174,11/02/2024,踱步,從化,內圈,從化 內圈,,,,,,助手,,快踱一圈,H,內圈 快踱一圈 (助手)
J174,09/02/2024,快操,從化,全天候,從化 全天候,,57.7,57.7,32.8 24.9,,助手,,快操,H,32.8 24.9 (57.7) (助手)
J174,09/02/2024,踱步,從化,飛機場,從化 飛機場,,,,,,助手,,踱步,H,飛機場 踱步 (助手)
J174,08/02/2024,踱步,從化,內圈,從化 內圈,,,,,,助手,,倒快一圈,H,內圈 倒快一圈 (助手)
J174,07/02/2024,踱步,從化,內圈,從化 內圈,,,,,,助手,,快踱一圈,H,內圈 快踱一圈 (助手)
J174,06/02/2024,游水,從化,,從化,,,,,,,,游水,,
J174,06/02/2024,踱步,從化,內圈,從化 內圈,,,,,,助手,,快踱一圈,H,內圈 快踱一圈 (助手)
J174,05/02/2024,游水,從化,,從化,,,,,,,,游水,,
J174,05/02/2024,踱步,從化,內圈,從化 內圈,,,,,,助手,,倒快一圈,H,內圈 倒快一圈 (助手)
J174,04/02/2024,游水,從化,,從化,,,,,,,,游水,,
J174,04/02/2024,踱步,從化,飛機場,從化 飛機場,,,,,,助手,,踱步,H,飛機場 踱步 (助手)
J174,02/02/2024,試閘,從化,草地,從化 草地,1200M,1.12.07,72.07,25.3 23.1 23.6,跑得好快,艾兆禮,,第6組,,第6組 (艾兆禮) 1200M 跑得好快 25.3 23.1 23.6 (1.12.07)
J174,02/02/2024,踱步,從化,飛機場,從化 飛機場,,,,,,助手,,踱步,,飛機場 踱步 (助手)
J174,01/02/2024,游水,從化,,從化,,,,,,,,游水,,
J174,01/02/2024,踱步,從化,內圈,從化 內圈,,,,,,助手,,倒快一圈,H,內圈 倒快一圈 (助手)
J174,31/01/2024,游水,從化,,從化,,,,,,,,游水,,
J174,31/01/2024,踱步,從化,內圈,從化 內圈,,,,,,助手,,快踱一圈,H,內圈 快踱一圈 (助手)
J174,30/01/2024,快操,從化,全天候,從化 全天候,,58.9,58.9,32.7 26.2,,助手,,快操,H,32.7 26.2 (58.9) (助手)
J174,30/01/2024,踱步,從化,飛機場,從化 飛機場,,,,,,助手,,踱步,H,飛機場 踱步 (助手)
J174,29/01/2024,踱步,從化,內圈,從化 內圈,,,,,,助手,,倒快一圈,H,內圈 倒快一圈 (助手)
J174,28/01/2024,踱步,從化,內圈,從化 內圈,,,,,,助手,,快踱一圈,H,內圈 快踱一圈 (助手)
J174,27/01/2024,踱步,從化,內圈,從化 內圈,,,,,,助手,,快踱一圈,H,內圈 快踱一圈 (助手)
J174,26/01/2024,快操,從化,全天候,從化 全天候,,58.6,58.6,32.2 26.4,,助手,,快操,H,32.2 26.4 (58.6) (助手)
J174,26/01/2024,踱步,從化,飛機場,從化 飛機場,,,,,,助手,,踱步,H,飛機場 踱步 (助手)
J174,25/01/2024,踱步,從化,內圈,從化 內圈,,,,,,助手,,倒快一圈,H,內圈 倒快一圈 (助手)
J174,24/01/2024,踱步,從化,內圈,從化 內圈,,,,,,助手,,快踱一圈,H,內圈 快踱一圈 (助手)
J174,23/01/2024,踱步,從化,內圈,從化 內圈,,,,,,助手,,快踱一圈,H,內圈 快踱一圈 (助手)
J174,22/01/2024,踱步,從化,內圈,從化 內圈,,,,,,助手,,倒快一圈,H,內圈 倒快一圈 (助手)
J174,21/01/2024,踱步,從化,飛機場,從化 飛機場,,,,,,助手,,踱步,H,飛機場 踱步 (助手)
J174,19/01/2024,試閘,從化,草地,從化 草地,1200M,1.12.07,72.07,24.7 22.8 24.5,友瑩仁,祖利曼,,第6組,,第6組 (祖利曼) 1200M 友瑩仁 24.7 22.8 24.5 (1.12.07)
J174,19/01/2024,踱步,從化,飛機場,從化 飛機場,,,,,,助手,,踱步,,飛機場 踱步 (助手)
J174,18/01/2024,踱步,從化,內圈,從化 內圈,,,,,,助手,,倒快一圈,H,內圈 倒快一圈 (助手)
J174,17/01/2024,踱步,從化,內圈,從化 內圈,,,,,,助手,,快踱一圈,H,內圈 快踱一圈 (助手)
J174,16/01/2024,游水,從化,,從化,,,,,,,,游水,,
J174,16/01/2024,快操,從化,全天候,從化 全天候,,57.2,57.2,31.4 25.8,,助手,,快樂高球,H,31.4 25.8 (57.2) (助手) 快樂高球
J174,16/01/2024,踱步,從化,飛機場,從化 飛機場,,,,,,助手,,踱步,H,飛機場 踱步 (助手)
J174,15/01/2024,游水,從化,,從化,,,,,,,,游水,,
J174,15/01/2024,踱步,從化,內圈,從化 內圈,,,,,,助手,,倒快一圈,H,內圈 倒快一圈 (助手)
J174,14/01/2024,游水,從化,,從化,,,,,,,,游水,,
J174,14/01/2024,踱步,從化,內圈,從化 內圈,,,,,,助手,,快踱一圈,H,內圈 快踱一圈 (助手)
J174,13/01/2024,游水,從化,,從化,,,,,,,,游水,,
J174,13/01/2024,踱步,從化,內圈,從化 內圈,,,,,,助手,,快踱一圈,H,內圈 快踱一圈 (助手)
J174,12/01/2024,快操,從化,全天候,從化 全天候,,58.5,58.5,32.4 26.1,,助手,,快操,H,32.4 26.1 (58.5) (助手)
J174,12/01/2024,踱步,從化,飛機場,從化 飛機場,,,,,,助手,,踱步,H,飛機場 踱步 (助手)
J174,11/01/2024,踱步,從化,內圈,從化 內圈,,,,,,助手,,倒快一圈,H,內圈 倒快一圈 (助手)
J174,10/01/2024,踱步,從化,內圈,從化 內圈,,,,,,助手,,快踱一圈,H,內圈 快踱一圈 (助手)
J174,09/01/2024,踱步,從化,內圈,從化 內圈,,,,,,助手,,快踱一圈,H,內圈 快踱一圈 (助手)
J174,08/01/2024,踱步,從化,內圈,從化 內圈,,,,,,助手,,倒快一圈,H,內圈 倒快一圈 (助手)
J174,07/01/2024,踱步,從化,內圈,從化 內圈,,,,,,助手,,快踱一圈,H,內圈 快踱一圈 (助手)
J174,06/01/2024,游水,從化,,從化,,,,,,,,游水,,
J174,06/01/2024,踱步,從化,內圈,從化 內圈,,,,,,助手,,快踱一圈,H,內圈 快踱一圈 (助手)
J174,05/01/2024,游水,從化,,從化,,,,,,,,游水,,
J174,05/01/2024,快操,從化,全天候,從化 全天候,,57.8,57.8,31.2 26.6,,助手,,快操,H,31.2 26.6 (57.8) (助手)
J174,05/01/2024,踱步,從化,飛機場,從化 飛機場,,,,,,助手,,踱步,H,飛機場 踱步 (助手)
J174,04/01/2024,游水,從化,,從化,,,,,,,,游水,,
J174,04/01/2024,踱步,從化,內圈,從化 內圈,,,,,,助手,,倒快一圈,H,內圈 倒快一圈 (助手)
J174,03/01/2024,游水,從化,,從化,,,,,,,,游水,,
J174,03/01/2024,踱步,從化,內圈,從化 內圈,,,,,,助手,,快踱一圈,H,內圈 快踱一圈 (助手)
J174,02/01/2024,游水,從化,,從化,,,,,,,,游水,,
J174,02/01/2024,快操,從化,全天候,從化 全天候,,58.5,58.5,32.1 26.4,,助手,,快操,H,32.1 26.4 (58.5) (助手)
J174,02/01/2024,踱步,從化,飛機場,從化 飛機場,,,,,,助手,,踱步,H,飛機場 踱步 (助手)
J174,01/01/2024,游水,從化,,從化,,,,,,,,游水,,
J174,01/01/2024,踱步,從化,內圈,從化 內圈,,,,,,助手,,倒快一圈,H,內圈 倒快一圈 (助手)
J174,31/12/2023,游水,從化,,從化,,,,,,,,游水,,
J174,31/12/2023,踱步,從化,內圈,從化 內圈,,,,,,助手,,快踱一圈,H,內圈 快踱一圈 (助手)
J174,30/12/2023,游水,從化,,從化,,,,,,,,游水,,
J174,30/12/2023,踱步,從化,內圈,從化 內圈,,,,,,助手,,快踱一圈,H,內圈 快踱一圈 (助手)
J174,29/12/2023,游水,從化,,從化,,,,,,,,游水,,
J174,29/12/2023,快操,從化,全天候,從化 全天候,,57.7,57.7,31.9 25.8,,助手,,快操,H,31.9 25.8 (57.7) (助手)
J174,29/12/2023,踱步,從化,飛機場,從化 飛機場,,,,,,助手,,踱步,H,飛機場 踱步 (助手)
J174,28/12/2023,游水,從化,,從化,,,,,,,,游水,,
J174,28/12/2023,踱步,從化,內圈,從化 內圈,,,,,,助手,,倒快一圈,H,內圈 倒快一圈 (助手)
J174,27/12/2023,游水,從化,,從化,,,,,,,,游水,,
J174,27/12/2023,踱步,從化,內圈,從化 內圈,,,,,,助手,,快踱一圈,H,內圈 快踱一圈 (助手)
J174,26/12/2023,游水,從化,,從化,,,,,,,,游水,,
J174,26/12/2023,踱步,從化,內圈,從化 內圈,,,,,,助手,,快踱一圈,H,內圈 快踱一圈 (助手)
J174,25/12/2023,游水,從化,,從化,,,,,,,,游水,,
J174,25/12/2023,快操,從化,全天候,從化 全天候,,57.8,57.8,32.1 25.7,,助手,,快操,H,32.1 25.7 (57.8) (助手)
J174,25/12/2023,踱步,從化,飛機場,從化 飛機場,,,,,,助手,,踱步,H,飛機場 踱步 (助手)
J174,24/12/2023,游水,從化,,從化,,,,,,,,游水,,
J174,24/12/2023,踱步,從化,內圈,從化 內圈,,,,,,助手,,快踱一圈,H,內圈 快踱一圈 (助手)
J174,23/12/2023,踱步,從化,內圈,從化 內圈,,,,,,助手,,快踱一圈,H,內圈 快踱一圈 (助手)
J174,22/12/2023,游水,從化,,從化,,,,,,,,游水,,
J174,22/12/2023,踱步,從化,內圈,從化 內圈,,,,,,助手,,快踱一圈,H,內圈 快踱一圈 (助手)
J174,21/12/2023,踱步,從化,內圈,從化 內圈,,,,,,助手,,倒快一圈,H,內圈 倒快一圈 (助手)
J174,20/12/2023,游水,從化,,從化,,,,,,,,游水,,
J174,20/12/2023,踱步,從化,飛機場,從化 飛機場,,,,,,助手,,踱步,H,飛機場 踱步 (助手)
J174,19/12/2023,游水,從化,,從化,,,,,,,,游水,,
J174,18/12/2023,試閘,從化,草地,從化 草地,1000M,0.59.26,59.26,13.8 22.0 23.4,家樂龍駒,楊東俊,,第1組,,第1組 (楊東俊) 1000M 家樂龍駒 13.8 22.0 23.4 (0.59.26)
J174,18/12/2023,游水,從化,,從化,,,,,,,,游水,,
J174,18/12/2023,踱步,從化,飛機場,從化 飛機場,,,,,,助手,,踱步,,飛機場 踱步 (助手)
J174,17/12/2023,踱步,從化,內圈,從化 內圈,,,,,,助手,,快踱一圈,H,內圈 快踱一圈 (助手)
J174,16/12/2023,游水,從化,,從化,,,,,,,,游水,,
J174,16/12/2023,快操,從化,全天候,從化 全天候,,1.00.2,60.2,32.9 27.3,,助手,,快操,H,32.9 27.3 (1.00.2) (助手)
J174,16/12/2023,踱步,從化,飛機場,從化 飛機場,,,,,,助手,,踱步,H,飛機場 踱步 (助手)
J174,15/12/2023,游水,從化,,從化,,,,,,,,游水,,
J174,15/12/2023,踱步,從化,內圈,從化 內圈,,,,,,助手,,快踱一圈,H,內圈 快踱一圈 (助手)
J174,14/12/2023,游水,從化,,從化,,,,,,,,游水,,
J174,14/12/2023,踱步,從化,內圈,從化 內圈,,,,,,助手,,倒快一圈,H,內圈 倒快一圈 (助手)
J174,13/12/2023,游水,從化,,從化,,,,,,,,游水,,
J174,13/12/2023,踱步,從化,內圈,從化 內圈,,,,,,助手,,快踱一圈,H,內圈 快踱一圈 (助手)
J174,12/12/2023,游水,從化,,從化,,,,,,,,游水,,
J174,12/12/2023,快操,從化,草閘,從化 草閘,,52.3,52.3,27.6 24.7,,助手,,有心意,H,27.6 24.7 (52.3) (助手) 有心意
J174,12/12/2023,踱步,從化,飛機場,從化 飛機場,,,,,,助手,,踱步,H,飛機場 踱步 (助手)
J174,11/12/2023,游水,從化,,從化,,,,,,,,游水,,
J174,11/12/2023,踱步,從化,內圈,從化 內圈,,,,,,助手,,倒快一圈,H,內圈 倒快一圈 (助手)
J174,10/12/2023,游水,從化,,從化,,,,,,,,游水,,
J174,10/12/2023,踱步,從化,內圈,從化 內圈,,,,,,助手,,快踱一圈,H,內圈 快踱一圈 (助手)
J174,09/12/2023,游水,從化,,從化,,,,,,,,游水,,
J174,09/12/2023,踱步,從化,內圈,從化 內圈,,,,,,助手,,快踱一圈,H,內圈 快踱一圈 (助手)
J174,08/12/2023,游水,從化,,從化,,,,,,,,游水,,
J174,08/12/2023,快操,從化,全天候,從化 全天候,,58.7,58.7,32.5 26.2,,助手,,快操,H,32.5 26.2 (58.7) (助手)
J174,08/12/2023,踱步,從化,飛機場,從化 飛機場,,,,,,助手,,踱步,H,飛機場 踱步 (助手)
J174,07/12/2023,游水,從化,,從化,,,,,,,,游水,,
J174,07/12/2023,踱步,從化,內圈,從化 內圈,,,,,,助手,,倒快一圈,H,內圈 倒快一圈 (助手)
J174,06/12/2023,游水,從化,,從化,,,,,,,,游水,,
J174,06/12/2023,踱步,從化,內圈,從化 內圈,,,,,,助手,,快踱一圈,H,內圈 快踱一圈 (助手)
J174,05/12/2023,游水,從化,,從化,,,,,,,,游水,,
J174,05/12/2023,踱步,從化,內圈,從化 內圈,,,,,,助手,,快踱一圈,H,內圈 快踱一圈 (助手)
J174,04/12/2023,游水,從化,,從化,,,,,,,,游水,,
J174,04/12/2023,快操,從化,全天候,從化 全天候,,58.2,58.2,32.6 25.6,,助手,,快操,H,32.6 25.6 (58.2) (助手)
J174,04/12/2023,踱步,從化,飛機場,從化 飛機場,,,,,,助手,,踱步,H,飛機場 踱步 (助手)
J174,03/12/2023,游水,從化,,從化,,,,,,,,游水,,
J174,03/12/2023,踱步,從化,內圈,從化 內圈,,,,,,助手,,快踱一圈,H,內圈 快踱一圈 (助手)
J174,02/12/2023,游水,從化,,從化,,,,,,,,游水,,
J174,02/12/2023,踱步,從化,內圈,從化 內圈,,,,,,助手,,快踱一圈,H,內圈 快踱一圈 (助手)
J174,01/12/2023,踱步,沙田,內圈,沙田 內圈,,,,,,助手,,快踱一圈,H,內圈 快踱一圈 (助手)
J174,30/11/2023,游水,沙田,,沙田,,,,,,,,游水,,
J174,30/11/2023,快操,沙田,全天候,沙田 全天候,,1.00.1,60.1,31.7 28.4,,助手,,快操,H,31.7 28.4 (1.00.1) (助手)
J174,29/11/2023,游水,沙田,,沙田,,,,,,,,游水,,
J174,29/11/2023,踱步,沙田,內圈,沙田 內圈,,,,,,助手,,快踱一圈,H,內圈 快踱一圈 (助手)
J174,28/11/2023,游水,沙田,,沙田,,,,,,,,游水,,
J174,28/11/2023,踱步,沙田,內圈,沙田 內圈,,,,,,助手,,快踱一圈,H,內圈 快踱一圈 (助手)
J174,27/11/2023,游水,沙田,,沙田,,,,,,,,游水,,
J174,27/11/2023,踱步,沙田,內圈,沙田 內圈,,,,,,助手,,倒快一圈,H,內圈 倒快一圈 (助手)
J174,26/11/2023,游水,沙田,,沙田,,,,,,,,游水,,
J174,26/11/2023,快操,沙田,全天候,沙田 全天候,,59.6,59.6,31.4 28.2,,助手,,快操,H,31.4 28.2 (59.6) (助手)
J174,26/11/2023,踱步,沙田,飛機場,沙田 飛機場,,,,,,助手,,踱步,H,飛機場 踱步 (助手)
J174,25/11/2023,游水,沙田,,沙田,,,,,,,,游水,,
J174,25/11/2023,踱步,沙田,內圈,沙田 內圈,,,,,,助手,,快踱一圈,H,內圈 快踱一圈 (助手)
J174,24/11/2023,游水,沙田,,沙田,,,,,,,,游水,,
J174,24/11/2023,踱步,沙田,內圈,沙田 內圈,,,,,,助手,,快踱一圈,H,內圈 快踱一圈 (助手)
J174,23/11/2023,踱步,沙田,內圈,沙田 內圈,,,,,,助手,,倒快一圈,H,內圈 倒快一圈 (助手)
J174,22/11/2023,游水,沙田,,沙田,,,,,,,,游水,,
J174,22/11/2023,快操,沙田,全天候,沙田 全天候,,29.6,29.6,29.6,,助手,,快操,H,29.6 (29.6) (助手)
J174,22/11/2023,踱步,沙田,飛機場,沙田 飛機場,,,,,,助手,,踱步,H,飛機場 踱步 (助手)
J174,21/11/2023,游水,沙田,,沙田,,,,,,,,游水,,
J174,21/11/2023,踱步,沙田,內圈,沙田 內圈,,,,,,助手,,快踱一圈,H,內圈 快踱一圈 (助手)
J174,20/11/2023,游水,沙田,,沙田,,,,,,,,游水,,
J174,19/11/2023,踱步,沙田,內圈,沙田 內圈,,,,,,助手,,快踱一圈,H,內圈 快踱一圈 (助手)
J174,18/11/2023,踱步,沙田,飛機場,沙田 飛機場,,,,,,助手,,踱步,H,飛機場 踱步 (助手)
J174,17/11/2023,快操,沙田,全天候,沙田 全天候,,28.7,28.7,28.7,,助手,,快操,H,28.7 (28.7) (助手)
J174,17/11/2023,踱步,沙田,飛機場,沙田 飛機場,,,,,,助手,,踱步,H,飛機場 踱步 (助手)
J174,16/11/2023,游水,沙田,,沙田,,,,,,,,游水,,
J174,16/11/2023,踱步,沙田,內圈,沙田 內圈,,,,,,助手,,倒快一圈,H,內圈 倒快一圈 (助手)
J174,15/11/2023,踱步,沙田,內圈,沙田 內圈,,,,,,助手,,快踱一圈,H,內圈 快踱一圈 (助手)
J174,14/11/2023,踱步,沙田,內圈,沙田 內圈,,,,,,助手,,快踱一圈,H,內圈 快踱一圈 (助手)
J174,13/11/2023,踱步,沙田,內圈,沙田 內圈,,,,,,助手,,倒快一圈,H,內圈 倒快一圈 (助手)
J174,12/11/2023,快操,沙田,全天候,沙田 全天候,,29.3,29.3,29.3,,助手,,快操,H,29.3 (29.3) (助手)
J174,12/11/2023,踱步,沙田,飛機場,沙田 飛機場,,,,,,助手,,踱步,H,飛機場 踱步 (助手)
J174,11/11/2023,踱步,沙田,內圈,沙田 內圈,,,,,,助手,,快踱一圈,H,內圈 快踱一圈 (助手)
J174,10/11/2023,踱步,沙田,內圈,沙田 內圈,,,,,,助手,,快踱一圈,H,內圈 快踱一圈 (助手)
J174,09/11/2023,踱步,沙田,內圈,沙田 內圈,,,,,,助手,,倒快一圈,H,內圈 倒快一圈 (助手)
J174,08/11/2023,踱步,沙田,內圈,沙田 內圈,,,,,,助手,,快踱一圈,H,內圈 快踱一圈 (助手)
J174,07/11/2023,踱步,沙田,內圈,沙田 內圈,,,,,,助手,,快踱一圈,H,內圈 快踱一圈 (助手)
J174,06/11/2023,踱步,沙田,內圈,沙田 內圈,,,,,,助手,,倒快一圈,H,內圈 倒快一圈 (助手)
J174,05/11/2023,踱步,沙田,內圈,沙田 內圈,,,,,,助手,,快踱一圈,H,內圈 快踱一圈 (助手)
J174,04/11/2023,踱步,沙田,飛機場,沙田 飛機場,,,,,,助手,,踱步,H,飛機場 踱步 (助手)
J174,03/11/2023,踱步,沙田,飛機場,沙田 飛機場,,,,,,助手,,踱步,H,飛機場 踱步 (助手)
J174,02/11/2023,踱步,沙田,飛機場,沙田 飛機場,,,,,,助手,,踱步,H,飛機場 踱步 (助手)
J174,01/11/2023,踱步,沙田,飛機場,沙田 飛機場,,,,,,助手,,踱步,H,飛機場 踱步 (助手)
J174,31/10/2023,踱步,沙田,飛機場,沙田 飛機場,,,,,,助手,,踱步,H,飛機場 踱步 (助手)
