horse_no,date,work_type,racecourse,track,venue,distance,time,time_sec,splits,partner,rider,placing,comment,gear,workout_details
H212,09/09/2026,踱步,從化,內圈,從化 內圈,,,,,,助手,,快踱一圈,H/XB,內圈 快踱一圈 (助手)
H212,08/09/2026,踱步,從化,飛機場,從化 飛機場,,,,,,助手,,踱步,H/XB,飛機場 踱步 (助手)
H212,07/09/2026,試閘,從化,草地,從化 草地,1200M,1.11.01,71.01,25.6 22.8 22.6,小霸王,查本楠,,第8組,B,第8組 (查本楠) 1200M 小霸王 25.6 22.8 22.6 (1.11.01)
H212,07/09/2026,踱步,從化,飛機場,從化 飛機場,,,,,,助手,,踱步,B,飛機場 踱步 (助手)
H212,06/09/2026,游水,從化,,從化,,,,,,,,游水,,
H212,06/09/2026,踱步,從化,飛機場,從化 飛機場,,,,,,助手,,踱步,H/XB,飛機場 踱步 (助手)
H212,05/09/2026,馬匹水中步行機,從化,,從化,,,,,,,,馬匹水中步行機,,
H212,05/09/2026,游水,從化,,從化,,,,,,,,游水,,
H212,05/09/2026,踱步,從化,內圈,從化 內圈,,,,,,助手,,快踱一圈,H/XB,內圈 快踱一圈 (助手)
H212,04/09/2026,游水,從化,,從化,,,,,,,,游水,,
H212,04/09/2026,快操,從化,全天候,從化 全天候,,54.8,54.8,28.7 26.1,,助手,,快操,H/XB,28.7 26.1 (54.8) (助手)
H212,04/09/2026,踱步,從化,飛機場,從化 飛機場,,,,,,助手,,踱步,H/XB,飛機場 踱步 (助手)
H212,03/09/2026,游水,從化,,從化,,,,,,,,游水,,
H212,03/09/2026,踱步,從化,內圈,從化 內圈,,,,,,助手,,倒快一圈,H/XB,內圈 倒快一圈 (助手)
H212,02/09/2026,游水,從化,,從化,,,,,,,,游水,,
H212,02/09/2026,踱步,從化,內圈,從化 內圈,,,,,,助手,,快踱一圈,H/XB,內圈 快踱一圈 (助手)
H212,01/09/2026,馬匹水中步行機,從化,,從化,,,,,,,,馬匹水中步行機,,
H212,01/09/2026,游水,從化,,從化,,,,,,,,游水,,
H212,01/09/2026,踱步,從化,內圈,從化 內圈,,,,,,助手,,快踱一圈,H/XB,內圈 快踱一圈 (助手)
H212,31/08/2026,游水,從化,,從化,,,,,,,,游水,,
H212,31/08/2026,快操,從化,全天候,從化 全天候,,55.5,55.5,29.1 26.4,,助手,,快操,H/XB,29.1 26.4 (55.5) (助手)
H212,31/08/2026,踱步,從化,飛機場,從化 飛機場,,,,,,助手,,踱步,H/XB,飛機場 踱步 (助手)
H212,30/08/2026,馬匹水中步行機,從化,,從化,,,,,,,,馬匹水中步行機,,
H212,30/08/2026,游水,從化,,從化,,,,,,,,游水,,
H212,29/08/2026,游水,從化,,從化,,,,,,,,游水,,
H212,29/08/2026,踱步,從化,內圈,從化 內圈,,,,,,助手,,快踱一圈,H/XB,內圈 快踱一圈 (助手)
H212,28/08/2026,游水,從化,,從化,,,,,,,,游水,,
H212,28/08/2026,快操,從化,全天候,從化 全天候,,56.7,56.7,30.4 26.3,,助手,,快操,H/XB,30.4 26.3 (56.7) (助手)
H212,28/08/2026,踱步,從化,飛機場,從化 飛機場,,,,,,助手,,踱步,H/XB,飛機場 踱步 (助手)
H212,27/08/2026,游水,從化,,從化,,,,,,,,游水,,
H212,27/08/2026,踱步,從化,內圈,從化 內圈,,,,,,助手,,倒快兩圈,H/XB,內圈 倒快兩圈 (助手)
H212,26/08/2026,游水,從化,,從化,,,,,,,,游水,,
H212,26/08/2026,踱步,從化,內圈,從化 內圈,,,,,,助手,,快踱一圈,H,內圈 快踱一圈 (助手)
H212,25/08/2026,游水,從化,,從化,,,,,,,,游水,,
H212,25/08/2026,快操,從化,全天候,從化 全天候,,57.6,57.6,30.9 26.7,,助手,,快操,H,30.9 26.7 (57.6) (助手)
H212,25/08/2026,踱步,從化,飛機場,從化 飛機場,,,,,,助手,,踱步,H,飛機場 踱步 (助手)
H212,24/08/2026,游水,從化,,從化,,,,,,,,游水,,
H212,24/08/2026,踱步,從化,內圈,從化 內圈,,,,,,助手,,倒快一圈,H/XB,內圈 倒快一圈 (助手)
H212,23/08/2026,馬匹水中步行機,從化,,從化,,,,,,,,馬匹水中步行機,,
H212,23/08/2026,游水,從化,,從化,,,,,,,,游水,,
H212,22/08/2026,游水,從化,,從化,,,,,,,,游水,,
H212,22/08/2026,踱步,從化,內圈,從化 內圈,,,,,,助手,,快踱一圈,H/XB,內圈 快踱一圈 (助手)
H212,21/08/2026,游水,從化,,從化,,,,,,,,游水,,
H212,21/08/2026,快操,從化,全天候,從化 全天候,,56.7,56.7,29.6 27.1,,助手,,快操,H/XB,29.6 27.1 (56.7) (助手)
H212,21/08/2026,踱步,從化,飛機場,從化 飛機場,,,,,,助手,,踱步,H/XB,飛機場 踱步 (助手)
H212,20/08/2026,游水,從化,,從化,,,,,,,,游水,,
H212,20/08/2026,踱步,從化,內圈,從化 內圈,,,,,,助手,,倒快兩圈,H/XB,內圈 倒快兩圈 (助手)
H212,19/08/2026,馬匹水中步行機,從化,,從化,,,,,,,,馬匹水中步行機,,
H212,19/08/2026,游水,從化,,從化,,,,,,,,游水,,
H212,19/08/2026,踱步,從化,內圈,從化 內圈,,,,,,助手,,快踱一圈,H,內圈 快踱一圈 (助手)
H212,18/08/2026,游水,從化,,從化,,,,,,,,游水,,
H212,18/08/2026,快操,從化,全天候,從化 全天候,,55.4,55.4,29.2 26.2,,助手,,快操,H/XB,29.2 26.2 (55.4) (助手)
H212,18/08/2026,踱步,從化,飛機場,從化 飛機場,,,,,,助手,,踱步,H/XB,飛機場 踱步 (助手)
H212,17/08/2026,游水,從化,,從化,,,,,,,,游水,,
H212,17/08/2026,踱步,從化,內圈,從化 內圈,,,,,,助手,,倒快一圈,H/XB,內圈 倒快一圈 (助手)
H212,16/08/2026,馬匹水中步行機,從化,,從化,,,,,,,,馬匹水中步行機,,
H212,16/08/2026,游水,從化,,從化,,,,,,,,游水,,
H212,15/08/2026,游水,從化,,從化,,,,,,,,游水,,
H212,15/08/2026,快操,從化,全天候,從化 全天候,,57.1,57.1,30.1 27.0,,助手,,快操,H/XB,30.1 27.0 (57.1) (助手)
H212,15/08/2026,踱步,從化,飛機場,從化 飛機場,,,,,,助手,,踱步,H/XB,飛機場 踱步 (助手)
H212,14/08/2026,游水,從化,,從化,,,,,,,,游水,,
H212,14/08/2026,踱步,從化,內圈,從化 內圈,,,,,,助手,,快踱一圈,H,內圈 快踱一圈 (助手)
H212,13/08/2026,馬匹水中步行機,從化,,從化,,,,,,,,馬匹水中步行機,,
H212,13/08/2026,游水,從化,,從化,,,,,,,,游水,,
H212,13/08/2026,踱步,從化,內圈,從化 內圈,,,,,,助手,,倒快一圈,H/XB,內圈 倒快一圈 (助手)
H212,12/08/2026,游水,從化,,從化,,,,,,,,游水,,
H212,12/08/2026,快操,從化,全天候,從化 全天候,,1.00.3,60.3,30.8 29.5,,助手,,快操,H/XB,30.8 29.5 (1.00.3) (助手)
H212,12/08/2026,踱步,從化,飛機場,從化 飛機場,,,,,,助手,,踱步,H/XB,飛機場 踱步 (助手)
H212,11/08/2026,游水,從化,,從化,,,,,,,,游水,,
H212,11/08/2026,踱步,從化,內圈,從化 內圈,,,,,,助手,,快踱一圈,H/XB,內圈 快踱一圈 (助手)
H212,10/08/2026,馬匹水中步行機,從化,,從化,,,,,,,,馬匹水中步行機,,
H212,10/08/2026,游水,從化,,從化,,,,,,,,游水,,
H212,10/08/2026,踱步,從化,內圈,從化 內圈,,,,,,助手,,倒快一圈,H/XB,內圈 倒快一圈 (助手)
H212,09/08/2026,游水,從化,,從化,,,,,,,,游水,,
H212,08/08/2026,馬匹水中步行機,從化,,從化,,,,,,,,馬匹水中步行機,,
H212,08/08/2026,游水,從化,,從化,,,,,,,,游水,,
H212,08/08/2026,踱步,從化,外圈,從化 外圈,,,,,,助手,,快踱一圈,H/XB,外圈 快踱一圈 (助手)
H212,07/08/2026,游水,從化,,從化,,,,,,,,游水,,
H212,07/08/2026,踱步,從化,內圈,從化 內圈,,,,,,助手,,快踱一圈,H/XB,內圈 快踱一圈 (助手)
H212,06/08/2026,馬匹水中步行機,從化,,從化,,,,,,,,馬匹水中步行機,,
H212,06/08/2026,游水,從化,,從化,,,,,,,,游水,,
H212,06/08/2026,踱步,從化,內圈,從化 內圈,,,,,,助手,,倒快一圈,H/XB,內圈 倒快一圈 (助手)
H212,05/08/2026,游水,從化,,從化,,,,,,,,游水,,
H212,05/08/2026,踱步,從化,內圈,從化 內圈,,,,,,助手,,快踱一圈,H/XB,內圈 快踱一圈 (助手)
H212,04/08/2026,游水,從化,,從化,,,,,,,,游水,,
H212,04/08/2026,踱步,從化,內圈,從化 內圈,,,,,,助手,,快踱一圈,H,內圈 快踱一圈 (助手)
H212,03/08/2026,游水,從化,,從化,,,,,,,,游水,,
H212,03/08/2026,踱步,從化,內圈,從化 內圈,,,,,,助手,,倒快一圈,H/XB,內圈 倒快一圈 (助手)
H212,02/08/2026,馬匹水中步行機,從化,,從化,,,,,,,,馬匹水中步行機,,
H212,02/08/2026,游水,從化,,從化,,,,,,,,游水,,
H212,01/08/2026,踱步,從化,飛機場,從化 飛機場,,,,,,助手,,踱步,H/XB,飛機場 踱步 (助手)
H212,30/07/2026,踱步,從化,飛機場,從化 飛機場,,,,,,助手,,踱步,H/XB,飛機場 踱步 (助手)
H212,29/07/2026,踱步,從化,飛機場,從化 飛機場,,,,,,助手,,踱步,H/XB,飛機場 踱步 (助手)
H212,27/07/2026,馬匹水中步行機,從化,,從化,,,,,,,,馬匹水中步行機,,
H212,12/07/2026,馬匹水中步行機,從化,,從化,,,,,,,,馬匹水中步行機,,
H212,12/07/2026,游水,從化,,從化,,,,,,,,游水,,
H212,11/07/2026,游水,從化,,從化,,,,,,,,游水,,
H212,10/07/2026,游水,從化,,從化,,,,,,,,游水,,
H212,09/07/2026,馬匹水中步行機,從化,,從化,,,,,,,,馬匹水中步行機,,
H212,09/07/2026,游水,從化,,從化,,,,,,,,游水,,
H212,08/07/2026,游水,從化,,從化,,,,,,,,游水,,
H212,07/07/2026,馬匹水中步行機,從化,,從化,,,,,,,,馬匹水中步行機,,
H212,07/07/2026,游水,從化,,從化,,,,,,,,游水,,
H212,06/07/2026,游水,從化,,從化,,,,,,,,游水,,
H212,05/07/2026,馬匹水中步行機,從化,,從化,,,,,,,,馬匹水中步行機,,
H212,05/07/2026,游水,從化,,從化,,,,,,,,游水,,
H212,30/06/2026,馬匹水中步行機,從化,,從化,,,,,,,,馬匹水中步行機,,
H212,28/06/2026,游水,從化,,從化,,,,,,,,游水,,
H212,27/06/2026,游水,從化,,從化,,,,,,,,游水,,
H212,27/06/2026,踱步,從化,飛機場,從化 飛機場,,,,,,助手,,踱步,H/XB,飛機場 踱步 (助手)
H212,26/06/2026,游水,從化,,從化,,,,,,,,游水,,
H212,26/06/2026,踱步,從化,飛機場,從化 飛機場,,,,,,助手,,踱步,H/XB,飛機場 踱步 (助手)
H212,25/06/2026,馬匹水中步行機,從化,,從化,,,,,,,,馬匹水中步行機,,
H212,25/06/2026,游水,從化,,從化,,,,,,,,游水,,
H212,25/06/2026,踱步,從化,飛機場,從化 飛機場,,,,,,助手,,踱步,H/XB,飛機場 踱步 (助手)
H212,24/06/2026,游水,沙田,,沙田,,,,,,,,游水,,
H212,24/06/2026,踱步,沙田,飛機場,沙田 飛機場,,,,,,助手,,踱步,H/XB,飛機場 踱步 (助手)
H212,23/06/2026,游水,沙田,,沙田,,,,,,,,游水,,
H212,21/06/2026,出賽,沙田,草地,沙田 草地,1800M,,,,,布浩榮,10/11,出賽,XB-/B,1800M (布浩榮) (10/11)
H212,21/06/2026,踱步,沙田,飛機場,沙田 飛機場,,,,,,助手,,踱步,H/XB,飛機場 踱步 (助手)
H212,20/06/2026,游水,沙田,,沙田,,,,,,,,游水,,
H212,20/06/2026,踱步,沙田,內圈,沙田 內圈,,,,,,助手,,快踱一圈,H/XB,內圈 快踱一圈 (助手)
H212,19/06/2026,游水,沙田,,沙田,,,,,,,,游水,,
H212,19/06/2026,踱步,沙田,內圈,沙田 內圈,,,,,,助手,,快踱一圈,H/XB,內圈 快踱一圈 (助手)
H212,18/06/2026,游水,沙田,,沙田,,,,,,,,游水,,
H212,18/06/2026,快操,沙田,全天候,沙田 全天候,,56.4,56.4,30.5 25.9,,助手,,快操,H,30.5 25.9 (56.4) (助手)
H212,18/06/2026,踱步,沙田,飛機場,沙田 飛機場,,,,,,助手,,踱步,H,飛機場 踱步 (助手)
H212,17/06/2026,游水,沙田,,沙田,,,,,,,,游水,,
H212,17/06/2026,踱步,沙田,內圈,沙田 內圈,,,,,,助手,,快踱一圈,H/XB,內圈 快踱一圈 (助手)
H212,16/06/2026,游水,沙田,,沙田,,,,,,,,游水,,
H212,16/06/2026,踱步,沙田,內圈,沙田 內圈,,,,,,助手,,快踱一圈,H/XB,內圈 快踱一圈 (助手)
H212,15/06/2026,游水,沙田,,沙田,,,,,,,,游水,,
H212,15/06/2026,快操,沙田,全天候,沙田 全天候,,1.25.8,85.8,33.8 28.3 23.7,,助手,,百賀飛駒,H/XB,33.8 28.3 23.7 (1.25.8) (助手) 百賀飛駒
H212,15/06/2026,踱步,沙田,飛機場,沙田 飛機場,,,,,,助手,,踱步,H/XB,飛機場 踱步 (助手)
H212,14/06/2026,游水,沙田,,沙田,,,,,,,,游水,,
H212,13/06/2026,游水,沙田,,沙田,,,,,,,,游水,,
H212,13/06/2026,踱步,沙田,內圈,沙田 內圈,,,,,,助手,,快踱一圈,H/XB,內圈 快踱一圈 (助手)
H212,12/06/2026,游水,沙田,,沙田,,,,,,,,游水,,
H212,12/06/2026,踱步,沙田,內圈,沙田 內圈,,,,,,助手,,快踱一圈,H/XB,內圈 快踱一圈 (助手)
H212,11/06/2026,游水,沙田,,沙田,,,,,,,,游水,,
H212,11/06/2026,快操,沙田,全天候,沙田 全天候,,58.6,58.6,31.5 27.1,,助手,,快操,H,31.5 27.1 (58.6) (助手)
H212,11/06/2026,踱步,沙田,飛機場,沙田 飛機場,,,,,,助手,,踱步,H,飛機場 踱步 (助手)
H212,10/06/2026,游水,沙田,,沙田,,,,,,,,游水,,
H212,10/06/2026,踱步,沙田,內圈,沙田 內圈,,,,,,助手,,快踱一圈,H/XB,內圈 快踱一圈 (助手)
H212,09/06/2026,游水,沙田,,沙田,,,,,,,,游水,,
H212,09/06/2026,踱步,沙田,內圈,沙田 內圈,,,,,,副練馬師,,快踱一圈,H/XB,內圈 快踱一圈 (副練馬師)
H212,08/06/2026,游水,沙田,,沙田,,,,,,,,游水,,
H212,08/06/2026,快操,沙田,全天候,沙田 全天候,,57.6,57.6,30.7 26.9,,副練馬師,,快操,H/XB,30.7 26.9 (57.6) (副練馬師)
H212,08/06/2026,踱步,沙田,飛機場,沙田 飛機場,,,,,,助手,,踱步,H/XB,飛機場 踱步 (助手)
H212,07/06/2026,游水,沙田,,沙田,,,,,,,,游水,,
H212,06/06/2026,游水,沙田,,沙田,,,,,,,,游水,,
H212,06/06/2026,踱步,沙田,內圈,沙田 內圈,,,,,,助手,,快踱一圈,H/XB,內圈 快踱一圈 (助手)
H212,05/06/2026,游水,沙田,,沙田,,,,,,,,游水,,
H212,05/06/2026,踱步,沙田,內圈,沙田 內圈,,,,,,助手,,快踱一圈,H/XB,內圈 快踱一圈 (助手)
H212,04/06/2026,游水,沙田,,沙田,,,,,,,,游水,,
H212,04/06/2026,踱步,沙田,內圈,沙田 內圈,,,,,,助手,,倒快一圈,H/XB,內圈 倒快一圈 (助手)
H212,03/06/2026,游水,沙田,,沙田,,,,,,,,游水,,
H212,03/06/2026,踱步,沙田,飛機場,沙田 飛機場,,,,,,助手,,踱步,H/XB,飛機場 踱步 (助手)
H212,02/06/2026,游水,沙田,,沙田,,,,,,,,游水,,
H212,31/05/2026,出賽,沙田,草地,沙田 草地,1600M,,,,,班德禮,8/9,出賽,B/XB,1600M (班德禮) (8/9)
H212,31/05/2026,踱步,沙田,飛機場,沙田 飛機場,,,,,,助手,,踱步,H/XB,飛機場 踱步 (助手)
H212,30/05/2026,游水,沙田,,沙田,,,,,,,,游水,,
H212,30/05/2026,踱步,沙田,內圈,沙田 內圈,,,,,,助手,,快踱一圈,H/XB,內圈 快踱一圈 (助手)
H212,29/05/2026,游水,沙田,,沙田,,,,,,,,游水,,
H212,29/05/2026,踱步,沙田,內圈,沙田 內圈,,,,,,助手,,快踱一圈,H/XB,內圈 快踱一圈 (助手)
H212,28/05/2026,游水,沙田,,沙田,,,,,,,,游水,,
H212,28/05/2026,快操,沙田,全天候,沙田 全天候,,1.28.4,88.4,33.1 28.5 26.8,,班德禮,,快操,H/XB,33.1 28.5 26.8 (1.28.4) (班德禮)
H212,27/05/2026,游水,沙田,,沙田,,,,,,,,游水,,
H212,27/05/2026,踱步,沙田,內圈,沙田 內圈,,,,,,助手,,快踱一圈,H/XB,內圈 快踱一圈 (助手)
H212,26/05/2026,游水,沙田,,沙田,,,,,,,,游水,,
H212,26/05/2026,踱步,沙田,內圈,沙田 內圈,,,,,,助手,,快踱一圈,H/XB,內圈 快踱一圈 (助手)
H212,25/05/2026,游水,沙田,,沙田,,,,,,,,游水,,
H212,25/05/2026,快操,沙田,草地,沙田 草地,,1.01.0,61.0,34.0 27.0,,副練馬師,,快操,H/XB,34.0 27.0 (1.01.0) (副練馬師)
H212,24/05/2026,游水,沙田,,沙田,,,,,,,,游水,,
H212,24/05/2026,踱步,沙田,飛機場,沙田 飛機場,,,,,,助手,,踱步,H/XB,飛機場 踱步 (助手)
H212,23/05/2026,游水,從化,,從化,,,,,,,,游水,,
H212,23/05/2026,踱步,從化,飛機場,從化 飛機場,,,,,,助手,,踱步,H/XB,飛機場 踱步 (助手)
H212,22/05/2026,游水,從化,,從化,,,,,,,,游水,,
H212,22/05/2026,踱步,從化,內圈,從化 內圈,,,,,,助手,,快踱一圈,H/XB,內圈 快踱一圈 (助手)
H212,21/05/2026,游水,從化,,從化,,,,,,,,游水,,
H212,21/05/2026,快操,從化,全天候,從化 全天候,,56.0,56.0,29.8 26.2,,助手,,快操,H/XB,29.8 26.2 (56.0) (助手)
H212,21/05/2026,踱步,從化,飛機場,從化 飛機場,,,,,,助手,,踱步,H/XB,飛機場 踱步 (助手)
H212,20/05/2026,游水,從化,,從化,,,,,,,,游水,,
H212,20/05/2026,踱步,從化,內圈,從化 內圈,,,,,,助手,,快踱一圈,H/XB,內圈 快踱一圈 (助手)
H212,19/05/2026,游水,從化,,從化,,,,,,,,游水,,
H212,19/05/2026,踱步,從化,內圈,從化 內圈,,,,,,助手,,快踱一圈,H/XB,內圈 快踱一圈 (助手)
H212,18/05/2026,馬匹水中步行機,從化,,從化,,,,,,,,馬匹水中步行機,,
H212,18/05/2026,游水,從化,,從化,,,,,,,,游水,,
H212,18/05/2026,踱步,從化,內圈,從化 內圈,,,,,,助手,,倒快一圈,H/XB,內圈 倒快一圈 (助手)
H212,17/05/2026,游水,從化,,從化,,,,,,,,游水,,
H212,16/05/2026,馬匹水中步行機,從化,,從化,,,,,,,,馬匹水中步行機,,
H212,16/05/2026,游水,從化,,從化,,,,,,,,游水,,
H212,16/05/2026,踱步,從化,飛機場,從化 飛機場,,,,,,助手,,踱步,H/XB,飛機場 踱步 (助手)
H212,15/05/2026,試閘,從化,草地,從化 草地,1200M,1.11.88,71.88,25.0 23.2 23.6,駿毅快車,查本楠,,第4組,B/XB,第4組 (查本楠) 1200M 駿毅快車 25.0 23.2 23.6 (1.11.88)
H212,15/05/2026,踱步,從化,飛機場,從化 飛機場,,,,,,助手,,踱步,B/XB,飛機場 踱步 (助手)
H212,14/05/2026,游水,從化,,從化,,,,,,,,游水,,
H212,14/05/2026,踱步,從化,內圈,從化 內圈,,,,,,助手,,倒快一圈,H,內圈 倒快一圈 (助手)
H212,13/05/2026,馬匹水中步行機,從化,,從化,,,,,,,,馬匹水中步行機,,
H212,13/05/2026,游水,從化,,從化,,,,,,,,游水,,
H212,13/05/2026,踱步,從化,內圈,從化 內圈,,,,,,助手,,快踱一圈,H/XB,內圈 快踱一圈 (助手)
H212,12/05/2026,游水,從化,,從化,,,,,,,,游水,,
H212,12/05/2026,快操,從化,全天候,從化 全天候,,56.2,56.2,29.6 26.6,,助手,,快操,H/XB,29.6 26.6 (56.2) (助手)
H212,12/05/2026,踱步,從化,飛機場,從化 飛機場,,,,,,助手,,踱步,H/XB,飛機場 踱步 (助手)
H212,11/05/2026,游水,從化,,從化,,,,,,,,游水,,
H212,11/05/2026,踱步,從化,內圈,從化 內圈,,,,,,助手,,倒快一圈,H/XB,內圈 倒快一圈 (助手)
H212,10/05/2026,游水,從化,,從化,,,,,,,,游水,,
H212,09/05/2026,馬匹水中步行機,從化,,從化,,,,,,,,馬匹水中步行機,,
H212,09/05/2026,游水,從化,,從化,,,,,,,,游水,,
H212,09/05/2026,踱步,從化,內圈,從化 內圈,,,,,,助手,,快踱一圈,H/XB,內圈 快踱一圈 (助手)
H212,08/05/2026,游水,從化,,從化,,,,,,,,游水,,
H212,08/05/2026,快操,從化,全天候,從化 全天候,,55.4,55.4,30.0 25.4,,助手,,快操,H/XB,30.0 25.4 (55.4) (助手)
H212,08/05/2026,踱步,從化,飛機場,從化 飛機場,,,,,,助手,,踱步,H/XB,飛機場 踱步 (助手)
H212,07/05/2026,游水,從化,,從化,,,,,,,,游水,,
H212,07/05/2026,踱步,從化,內圈,從化 內圈,,,,,,助手,,倒快一圈,H,內圈 倒快一圈 (助手)
H212,06/05/2026,馬匹水中步行機,從化,,從化,,,,,,,,馬匹水中步行機,,
H212,06/05/2026,游水,從化,,從化,,,,,,,,游水,,
H212,06/05/2026,踱步,從化,內圈,從化 內圈,,,,,,副練馬師,,快踱一圈,H/XB,內圈 快踱一圈 (副練馬師)
H212,05/05/2026,游水,從化,,從化,,,,,,,,游水,,
H212,05/05/2026,快操,從化,全天候,從化 全天候,,55.9,55.9,30.0 25.9,,助手,,快操,H/XB,30.0 25.9 (55.9) (助手)
H212,05/05/2026,踱步,從化,飛機場,從化 飛機場,,,,,,助手,,踱步,H/XB,飛機場 踱步 (助手)
H212,04/05/2026,游水,從化,,從化,,,,,,,,游水,,
H212,04/05/2026,踱步,從化,內圈,從化 內圈,,,,,,助手,,倒快一圈,H,內圈 倒快一圈 (助手)
H212,03/05/2026,馬匹水中步行機,從化,,從化,,,,,,,,馬匹水中步行機,,
H212,03/05/2026,游水,從化,,從化,,,,,,,,游水,,
H212,02/05/2026,游水,從化,,從化,,,,,,,,游水,,
H212,02/05/2026,踱步,從化,內圈,從化 內圈,,,,,,助手,,快踱一圈,H/XB,內圈 快踱一圈 (助手)
H212,01/05/2026,馬匹水中步行機,從化,,從化,,,,,,,,馬匹水中步行機,,
H212,01/05/2026,游水,從化,,從化,,,,,,,,游水,,
H212,01/05/2026,踱步,從化,內圈,從化 內圈,,,,,,助手,,快踱一圈,H/XB,內圈 快踱一圈 (助手)
H212,30/04/2026,馬匹水中步行機,從化,,從化,,,,,,,,馬匹水中步行機,,
H212,30/04/2026,游水,從化,,從化,,,,,,,,游水,,
H212,30/04/2026,踱步,從化,飛機場,從化 飛機場,,,,,,助手,,踱步,H/XB,飛機場 踱步 (助手)
H212,29/04/2026,游水,沙田,,沙田,,,,,,,,游水,,
H212,29/04/2026,踱步,沙田,飛機場,沙田 飛機場,,,,,,助手,,踱步,H/XB,飛機場 踱步 (助手)
H212,28/04/2026,游水,沙田,,沙田,,,,,,,,游水,,
H212,26/04/2026,出賽,沙田,草地,沙田 草地,1600M,,,,,班德禮,8/14,出賽,B/XB,1600M (班德禮) (8/14)
H212,26/04/2026,踱步,沙田,飛機場,沙田 飛機場,,,,,,助手,,踱步,H/XB,飛機場 踱步 (助手)
H212,25/04/2026,游水,沙田,,沙田,,,,,,,,游水,,
H212,25/04/2026,踱步,沙田,內圈,沙田 內圈,,,,,,助手,,快踱一圈,H/XB,內圈 快踱一圈 (助手)
H212,24/04/2026,游水,沙田,,沙田,,,,,,,,游水,,
H212,24/04/2026,快操,沙田,全天候,沙田 全天候,,57.2,57.2,30.6 26.6,,班德禮,,快操,H/XB,30.6 26.6 (57.2) (班德禮)
H212,23/04/2026,游水,沙田,,沙田,,,,,,,,游水,,
H212,23/04/2026,踱步,沙田,內圈,沙田 內圈,,,,,,助手,,倒快兩圈,H/XB,內圈 倒快兩圈 (助手)
H212,22/04/2026,游水,沙田,,沙田,,,,,,,,游水,,
H212,22/04/2026,踱步,沙田,內圈,沙田 內圈,,,,,,助手,,快踱一圈,H/XB,內圈 快踱一圈 (助手)
H212,21/04/2026,游水,沙田,,沙田,,,,,,,,游水,,
H212,21/04/2026,快操,沙田,草地,沙田 草地,,1.20.5,80.5,31.4 27.0 22.1,,助手,,百賀飛駒,H/XB,31.4 27.0 22.1 (1.20.5) (助手) 百賀飛駒
H212,21/04/2026,踱步,沙田,飛機場,沙田 飛機場,,,,,,助手,,踱步,H/XB,飛機場 踱步 (助手)
H212,20/04/2026,游水,沙田,,沙田,,,,,,,,游水,,
H212,20/04/2026,踱步,沙田,內圈,沙田 內圈,,,,,,助手,,倒快兩圈,H/XB,內圈 倒快兩圈 (助手)
H212,19/04/2026,游水,沙田,,沙田,,,,,,,,游水,,
H212,19/04/2026,踱步,沙田,飛機場,沙田 飛機場,,,,,,助手,,踱步,H/XB,飛機場 踱步 (助手)
H212,18/04/2026,游水,從化,,從化,,,,,,,,游水,,
H212,18/04/2026,踱步,從化,飛機場,從化 飛機場,,,,,,助手,,踱步,H/XB,飛機場 踱步 (助手)
H212,17/04/2026,馬匹水中步行機,從化,,從化,,,,,,,,馬匹水中步行機,,
H212,17/04/2026,游水,從化,,從化,,,,,,,,游水,,
H212,17/04/2026,踱步,從化,內圈,從化 內圈,,,,,,助手,,快踱一圈,H/XB,內圈 快踱一圈 (助手)
H212,16/04/2026,游水,從化,,從化,,,,,,,,游水,,
H212,16/04/2026,快操,從化,全天候,從化 全天候,,56.5,56.5,29.7 26.8,,助手,,快操,H/XB,29.7 26.8 (56.5) (助手)
H212,16/04/2026,踱步,從化,飛機場,從化 飛機場,,,,,,助手,,踱步,H/XB,飛機場 踱步 (助手)
H212,15/04/2026,馬匹水中步行機,從化,,從化,,,,,,,,馬匹水中步行機,,
H212,15/04/2026,游水,從化,,從化,,,,,,,,游水,,
H212,15/04/2026,踱步,從化,內圈,從化 內圈,,,,,,助手,,快踱一圈,H/XB,內圈 快踱一圈 (助手)
H212,14/04/2026,游水,從化,,從化,,,,,,,,游水,,
H212,14/04/2026,踱步,從化,飛機場,從化 飛機場,,,,,,助手,,踱步,H/XB,飛機場 踱步 (助手)
H212,13/04/2026,游水,沙田,,沙田,,,,,,,,游水,,
H212,13/04/2026,踱步,沙田,內圈,沙田 內圈,,,,,,助手,,倒快一圈,H/XB,內圈 倒快一圈 (助手)
H212,12/04/2026,游水,沙田,,沙田,,,,,,,,游水,,
H212,11/04/2026,游水,沙田,,沙田,,,,,,,,游水,,
H212,11/04/2026,踱步,沙田,內圈,沙田 內圈,,,,,,助手,,快踱一圈,H/XB,內圈 快踱一圈 (助手)
H212,10/04/2026,游水,沙田,,沙田,,,,,,,,游水,,
H212,10/04/2026,踱步,沙田,內圈,沙田 內圈,,,,,,助手,,快踱一圈,H/XB,內圈 快踱一圈 (助手)
H212,09/04/2026,游水,沙田,,沙田,,,,,,,,游水,,
H212,09/04/2026,踱步,沙田,飛機場,沙田 飛機場,,,,,,助手,,踱步,H/XB,飛機場 踱步 (助手)
H212,08/04/2026,游水,沙田,,沙田,,,,,,,,游水,,
H212,06/04/2026,出賽,沙田,草地,沙田 草地,1600M,,,,,奧爾民,6/14,出賽,B/XB,1600M (奧爾民) (6/14)
H212,06/04/2026,踱步,沙田,飛機場,沙田 飛機場,,,,,,助手,,踱步,H/XB,飛機場 踱步 (助手)
H212,05/04/2026,游水,沙田,,沙田,,,,,,,,游水,,
H212,05/04/2026,踱步,沙田,內圈,沙田 內圈,,,,,,助手,,快踱一圈,H/XB,內圈 快踱一圈 (助手)
H212,04/04/2026,游水,沙田,,沙田,,,,,,,,游水,,
H212,04/04/2026,踱步,沙田,內圈,沙田 內圈,,,,,,助手,,快踱一圈,H/XB,內圈 快踱一圈 (助手)
H212,03/04/2026,游水,沙田,,沙田,,,,,,,,游水,,
H212,03/04/2026,踱步,沙田,內圈,沙田 內圈,,,,,,助手,,快踱一圈,H/XB,內圈 快踱一圈 (助手)
H212,02/04/2026,游水,沙田,,沙田,,,,,,,,游水,,
H212,02/04/2026,快操,沙田,草閘,沙田 草閘,,48.0,48.0,25.3 22.7,,副練馬師,,快樂共濟,H/XB,25.3 22.7 (48.0) (副練馬師) 快樂共濟
H212,01/04/2026,游水,沙田,,沙田,,,,,,,,游水,,
H212,01/04/2026,踱步,沙田,內圈,沙田 內圈,,,,,,助手,,快踱一圈,H/XB,內圈 快踱一圈 (助手)
H212,31/03/2026,游水,沙田,,沙田,,,,,,,,游水,,
H212,31/03/2026,踱步,沙田,內圈,沙田 內圈,,,,,,助手,,快踱一圈,H/XB,內圈 快踱一圈 (助手)
H212,30/03/2026,游水,沙田,,沙田,,,,,,,,游水,,
H212,30/03/2026,踱步,沙田,內圈,沙田 內圈,,,,,,助手,,倒快一圈,H/XB,內圈 倒快一圈 (助手)
H212,28/03/2026,游水,從化,,從化,,,,,,,,游水,,
H212,28/03/2026,踱步,從化,飛機場,從化 飛機場,,,,,,助手,,踱步,H/XB,飛機場 踱步 (助手)
H212,27/03/2026,游水,從化,,從化,,,,,,,,游水,,
H212,27/03/2026,踱步,從化,內圈,從化 內圈,,,,,,助手,,快踱一圈,H/XB,內圈 快踱一圈 (助手)
H212,26/03/2026,游水,從化,,從化,,,,,,,,游水,,
H212,26/03/2026,踱步,從化,內圈,從化 內圈,,,,,,助手,,倒快一圈,H/XB,內圈 倒快一圈 (助手)
H212,25/03/2026,馬匹水中步行機,從化,,從化,,,,,,,,馬匹水中步行機,,
H212,25/03/2026,游水,從化,,從化,,,,,,,,游水,,
H212,25/03/2026,踱步,從化,內圈,從化 內圈,,,,,,助手,,快踱一圈,H/XB,內圈 快踱一圈 (助手)
H212,24/03/2026,游水,從化,,從化,,,,,,,,游水,,
H212,24/03/2026,快操,從化,草地,從化 草地,,53.6,53.6,28.6 25.0,,助手,,快操,H/XB,28.6 25.0 (53.6) (助手)
H212,24/03/2026,踱步,從化,飛機場,從化 飛機場,,,,,,助手,,踱步,H/XB,飛機場 踱步 (助手)
H212,23/03/2026,游水,從化,,從化,,,,,,,,游水,,
H212,23/03/2026,踱步,從化,內圈,從化 內圈,,,,,,助手,,倒快兩圈,H/XB,內圈 倒快兩圈 (助手)
H212,22/03/2026,馬匹水中步行機,從化,,從化,,,,,,,,馬匹水中步行機,,
H212,22/03/2026,游水,從化,,從化,,,,,,,,游水,,
H212,21/03/2026,游水,從化,,從化,,,,,,,,游水,,
H212,21/03/2026,踱步,從化,內圈,從化 內圈,,,,,,助手,,快踱一圈,H/XB,內圈 快踱一圈 (助手)
H212,20/03/2026,游水,從化,,從化,,,,,,,,游水,,
H212,20/03/2026,踱步,從化,內圈,從化 內圈,,,,,,助手,,快踱一圈,H/XB,內圈 快踱一圈 (助手)
H212,19/03/2026,游水,從化,,從化,,,,,,,,游水,,
H212,19/03/2026,快操,從化,全天候,從化 全天候,,54.9,54.9,29.4 25.5,,助手,,快操,H/XB,29.4 25.5 (54.9) (助手)
H212,19/03/2026,踱步,從化,飛機場,從化 飛機場,,,,,,助手,,踱步,H/XB,飛機場 踱步 (助手)
H212,18/03/2026,游水,從化,,從化,,,,,,,,游水,,
H212,18/03/2026,踱步,從化,內圈,從化 內圈,,,,,,助手,,快踱一圈,H/XB,內圈 快踱一圈 (助手)
H212,17/03/2026,馬匹水中步行機,從化,,從化,,,,,,,,馬匹水中步行機,,
H212,17/03/2026,游水,從化,,從化,,,,,,,,游水,,
H212,17/03/2026,踱步,從化,內圈,從化 內圈,,,,,,助手,,快踱一圈,H/XB,內圈 快踱一圈 (助手)
H212,16/03/2026,馬匹水中步行機,從化,,從化,,,,,,,,馬匹水中步行機,,
H212,16/03/2026,游水,從化,,從化,,,,,,,,游水,,
H212,16/03/2026,踱步,從化,內圈,從化 內圈,,,,,,助手,,倒快一圈,H/XB,內圈 倒快一圈 (助手)
H212,15/03/2026,游水,從化,,從化,,,,,,,,游水,,
H212,14/03/2026,馬匹水中步行機,從化,,從化,,,,,,,,馬匹水中步行機,,
H212,14/03/2026,游水,從化,,從化,,,,,,,,游水,,
H212,14/03/2026,踱步,從化,內圈,從化 內圈,,,,,,助手,,快踱一圈,H/XB,內圈 快踱一圈 (助手)
H212,12/03/2026,試閘,從化,全天候,從化 全天候,1200M,1.12.91,72.91,27.3 23.7 21.9,禪勝輝煌,查本楠,,第1組,B/XB,第1組 (查本楠) 1200M 禪勝輝煌 27.3 23.7 21.9 (1.12.91)
H212,12/03/2026,踱步,從化,飛機場,從化 飛機場,,,,,,助手,,踱步,B/XB,飛機場 踱步 (助手)
H212,11/03/2026,游水,從化,,從化,,,,,,,,游水,,
H212,11/03/2026,踱步,從化,內圈,從化 內圈,,,,,,副練馬師,,快踱一圈,H/XB,內圈 快踱一圈 (副練馬師)
H212,10/03/2026,馬匹水中步行機,從化,,從化,,,,,,,,馬匹水中步行機,,
H212,10/03/2026,游水,從化,,從化,,,,,,,,游水,,
H212,10/03/2026,踱步,從化,內圈,從化 內圈,,,,,,助手,,快踱一圈,H/XB,內圈 快踱一圈 (助手)
H212,09/03/2026,游水,從化,,從化,,,,,,,,游水,,
H212,09/03/2026,快操,從化,全天候,從化 全天候,,55.1,55.1,29.2 25.9,,助手,,快操,H/XB,29.2 25.9 (55.1) (助手)
H212,09/03/2026,踱步,從化,飛機場,從化 飛機場,,,,,,助手,,踱步,H/XB,飛機場 踱步 (助手)
H212,08/03/2026,游水,從化,,從化,,,,,,,,游水,,
H212,07/03/2026,游水,從化,,從化,,,,,,,,游水,,
H212,07/03/2026,踱步,從化,內圈,從化 內圈,,,,,,助手,,快踱一圈,H/XB,內圈 快踱一圈 (助手)
H212,06/03/2026,馬匹水中步行機,從化,,從化,,,,,,,,馬匹水中步行機,,
H212,06/03/2026,游水,從化,,從化,,,,,,,,游水,,
H212,06/03/2026,踱步,從化,內圈,從化 內圈,,,,,,助手,,快踱一圈,H/XB,內圈 快踱一圈 (助手)
H212,05/03/2026,游水,從化,,從化,,,,,,,,游水,,
H212,05/03/2026,快操,從化,全天候,從化 全天候,,56.3,56.3,30.2 26.1,,助手,,快操,H/XB,30.2 26.1 (56.3) (助手)
H212,05/03/2026,踱步,從化,飛機場,從化 飛機場,,,,,,助手,,踱步,H/XB,飛機場 踱步 (助手)
H212,04/03/2026,游水,從化,,從化,,,,,,,,游水,,
H212,04/03/2026,踱步,從化,內圈,從化 內圈,,,,,,助手,,快踱一圈,H/XB,內圈 快踱一圈 (助手)
H212,03/03/2026,馬匹水中步行機,從化,,從化,,,,,,,,馬匹水中步行機,,
H212,03/03/2026,游水,從化,,從化,,,,,,,,游水,,
H212,03/03/2026,踱步,從化,內圈,從化 內圈,,,,,,助手,,快踱一圈,H/XB,內圈 快踱一圈 (助手)
H212,02/03/2026,游水,從化,,從化,,,,,,,,游水,,
H212,02/03/2026,快操,從化,全天候,從化 全天候,,55.5,55.5,29.3 26.2,,助手,,快操,H/XB,29.3 26.2 (55.5) (助手)
H212,02/03/2026,踱步,從化,飛機場,從化 飛機場,,,,,,助手,,踱步,H/XB,飛機場 踱步 (助手)
H212,01/03/2026,馬匹水中步行機,從化,,從化,,,,,,,,馬匹水中步行機,,
H212,01/03/2026,游水,從化,,從化,,,,,,,,游水,,
H212,28/02/2026,游水,從化,,從化,,,,,,,,游水,,
H212,28/02/2026,踱步,從化,內圈,從化 內圈,,,,,,助手,,快踱一圈,H/XB,內圈 快踱一圈 (助手)
H212,27/02/2026,游水,從化,,從化,,,,,,,,游水,,
H212,27/02/2026,踱步,從化,內圈,從化 內圈,,,,,,助手,,快踱一圈,H/XB,內圈 快踱一圈 (助手)
H212,26/02/2026,游水,從化,,從化,,,,,,,,游水,,
H212,26/02/2026,快操,從化,全天候,從化 全天候,,56.2,56.2,29.8 26.4,,助手,,快操,H/XB,29.8 26.4 (56.2) (助手)
H212,26/02/2026,踱步,從化,飛機場,從化 飛機場,,,,,,助手,,踱步,H/XB,飛機場 踱步 (助手)
H212,25/02/2026,游水,從化,,從化,,,,,,,,游水,,
H212,25/02/2026,踱步,從化,內圈,從化 內圈,,,,,,助手,,快踱一圈,H/XB,內圈 快踱一圈 (助手)
H212,24/02/2026,馬匹水中步行機,從化,,從化,,,,,,,,馬匹水中步行機,,
H212,24/02/2026,游水,從化,,從化,,,,,,,,游水,,
H212,24/02/2026,踱步,從化,內圈,從化 內圈,,,,,,助手,,快踱一圈,H/XB,內圈 快踱一圈 (助手)
H212,23/02/2026,游水,從化,,從化,,,,,,,,游水,,
H212,23/02/2026,快操,從化,全天候,從化 全天候,,56.1,56.1,29.9 26.2,,助手,,快操,H/XB,29.9 26.2 (56.1) (助手)
H212,23/02/2026,踱步,從化,飛機場,從化 飛機場,,,,,,助手,,踱步,H/XB,飛機場 踱步 (助手)
H212,22/02/2026,游水,從化,,從化,,,,,,,,游水,,
H212,21/02/2026,游水,從化,,從化,,,,,,,,游水,,
H212,21/02/2026,踱步,從化,內圈,從化 內圈,,,,,,助手,,快踱一圈,H/XB,內圈 快踱一圈 (助手)
H212,20/02/2026,馬匹水中步行機,從化,,從化,,,,,,,,馬匹水中步行機,,
H212,20/02/2026,游水,從化,,從化,,,,,,,,游水,,
H212,20/02/2026,踱步,從化,內圈,從化 內圈,,,,,,助手,,快踱一圈,H/XB,內圈 快踱一圈 (助手)
H212,19/02/2026,游水,從化,,從化,,,,,,,,游水,,
H212,19/02/2026,快操,從化,全天候,從化 全天候,,56.6,56.6,30.1 26.5,,助手,,快操,H/XB,30.1 26.5 (56.6) (助手)
H212,19/02/2026,踱步,從化,飛機場,從化 飛機場,,,,,,助手,,踱步,H/XB,飛機場 踱步 (助手)
H212,18/02/2026,游水,從化,,從化,,,,,,,,游水,,
H212,18/02/2026,踱步,從化,內圈,從化 內圈,,,,,,助手,,快踱一圈,H/XB,內圈 快踱一圈 (助手)
H212,16/02/2026,游水,從化,,從化,,,,,,,,游水,,
H212,16/02/2026,踱步,從化,內圈,從化 內圈,,,,,,助手,,倒快兩圈,H/XB,內圈 倒快兩圈 (助手)
H212,15/02/2026,馬匹水中步行機,從化,,從化,,,,,,,,馬匹水中步行機,,
H212,15/02/2026,游水,從化,,從化,,,,,,,,游水,,
H212,14/02/2026,游水,從化,,從化,,,,,,,,游水,,
H212,14/02/2026,踱步,從化,內圈,從化 內圈,,,,,,助手,,快踱一圈,H/XB,內圈 快踱一圈 (助手)
H212,13/02/2026,游水,從化,,從化,,,,,,,,游水,,
H212,13/02/2026,踱步,從化,內圈,從化 內圈,,,,,,助手,,快踱一圈,H/XB,內圈 快踱一圈 (助手)
H212,12/02/2026,馬匹水中步行機,從化,,從化,,,,,,,,馬匹水中步行機,,
H212,12/02/2026,游水,從化,,從化,,,,,,,,游水,,
H212,12/02/2026,踱步,從化,飛機場,從化 飛機場,,,,,,助手,,踱步,H/XB,飛機場 踱步 (助手)
H212,11/02/2026,游水,沙田,,沙田,,,,,,,,游水,,
H212,11/02/2026,踱步,沙田,飛機場,沙田 飛機場,,,,,,助手,,踱步,H/XB,飛機場 踱步 (助手)
H212,10/02/2026,游水,沙田,,沙田,,,,,,,,游水,,
H212,08/02/2026,出賽,沙田,草地,沙田 草地,1800M,,,,,潘頓,5/7,出賽,B/XB,1800M (潘頓) (5/7)
H212,08/02/2026,踱步,沙田,飛機場,沙田 飛機場,,,,,,助手,,踱步,H/XB,飛機場 踱步 (助手)
H212,07/02/2026,游水,沙田,,沙田,,,,,,,,游水,,
H212,07/02/2026,踱步,沙田,內圈,沙田 內圈,,,,,,助手,,快踱一圈,H/XB,內圈 快踱一圈 (助手)
H212,06/02/2026,游水,沙田,,沙田,,,,,,,,游水,,
H212,06/02/2026,踱步,沙田,內圈,沙田 內圈,,,,,,助手,,快踱一圈,H/XB,內圈 快踱一圈 (助手)
H212,05/02/2026,游水,沙田,,沙田,,,,,,,,游水,,
H212,05/02/2026,快操,沙田,全天候,沙田 全天候,,56.9,56.9,30.5 26.4,,潘頓,,快操,H/XB,30.5 26.4 (56.9) (潘頓)
H212,04/02/2026,游水,沙田,,沙田,,,,,,,,游水,,
H212,04/02/2026,踱步,沙田,內圈,沙田 內圈,,,,,,助手,,快踱一圈,H/XB,內圈 快踱一圈 (助手)
H212,03/02/2026,游水,沙田,,沙田,,,,,,,,游水,,
H212,03/02/2026,踱步,沙田,內圈,沙田 內圈,,,,,,助手,,快踱一圈,H/XB,內圈 快踱一圈 (助手)
H212,02/02/2026,游水,沙田,,沙田,,,,,,,,游水,,
H212,02/02/2026,快操,沙田,全天候,沙田 全天候,,56.4,56.4,30.7 25.7,,副練馬師,,快操,H/XB,30.7 25.7 (56.4) (副練馬師)
H212,02/02/2026,踱步,沙田,飛機場,沙田 飛機場,,,,,,助手,,踱步,H/XB,飛機場 踱步 (助手)
H212,01/02/2026,游水,沙田,,沙田,,,,,,,,游水,,
H212,31/01/2026,游水,沙田,,沙田,,,,,,,,游水,,
H212,31/01/2026,踱步,沙田,內圈,沙田 內圈,,,,,,助手,,快踱一圈,H/XB,內圈 快踱一圈 (助手)
H212,30/01/2026,游水,沙田,,沙田,,,,,,,,游水,,
H212,30/01/2026,踱步,沙田,內圈,沙田 內圈,,,,,,助手,,快踱一圈,H/XB,內圈 快踱一圈 (助手)
H212,29/01/2026,游水,沙田,,沙田,,,,,,,,游水,,
H212,29/01/2026,踱步,沙田,內圈,沙田 內圈,,,,,,助手,,倒快一圈,H/XB,內圈 倒快一圈 (助手)
H212,28/01/2026,游水,沙田,,沙田,,,,,,,,游水,,
H212,28/01/2026,踱步,沙田,飛機場,沙田 飛機場,,,,,,助手,,踱步,H/XB,飛機場 踱步 (助手)
H212,27/01/2026,試閘,沙田,全天候,沙田 全天候,1200M,1.09.33,69.33,24.4 22.3 22.6,昇瀧駒,潘頓,,第1組,B/XB,第1組 (潘頓) 1200M 昇瀧駒 24.4 22.3 22.6 (1.09.33)
H212,26/01/2026,游水,沙田,,沙田,,,,,,,,游水,,
H212,26/01/2026,踱步,沙田,內圈,沙田 內圈,,,,,,助手,,倒快兩圈,H/XB,內圈 倒快兩圈 (助手)
H212,25/01/2026,游水,沙田,,沙田,,,,,,,,游水,,
H212,24/01/2026,游水,沙田,,沙田,,,,,,,,游水,,
H212,24/01/2026,踱步,沙田,內圈,沙田 內圈,,,,,,助手,,快踱一圈,H/XB,內圈 快踱一圈 (助手)
H212,23/01/2026,游水,沙田,,沙田,,,,,,,,游水,,
H212,23/01/2026,踱步,沙田,內圈,沙田 內圈,,,,,,助手,,快踱一圈,H/XB,內圈 快踱一圈 (助手)
H212,22/01/2026,游水,沙田,,沙田,,,,,,,,游水,,
H212,22/01/2026,快操,沙田,全天候,沙田 全天候,,56.9,56.9,30.1 26.8,,副練馬師,,快操,H/XB,30.1 26.8 (56.9) (副練馬師)
H212,22/01/2026,踱步,沙田,飛機場,沙田 飛機場,,,,,,助手,,踱步,H/XB,飛機場 踱步 (助手)
H212,21/01/2026,游水,沙田,,沙田,,,,,,,,游水,,
H212,21/01/2026,踱步,沙田,內圈,沙田 內圈,,,,,,助手,,快踱一圈,H/XB,內圈 快踱一圈 (助手)
H212,20/01/2026,游水,沙田,,沙田,,,,,,,,游水,,
H212,20/01/2026,踱步,沙田,內圈,沙田 內圈,,,,,,助手,,快踱一圈,H/XB,內圈 快踱一圈 (助手)
H212,19/01/2026,游水,沙田,,沙田,,,,,,,,游水,,
H212,19/01/2026,踱步,沙田,內圈,沙田 內圈,,,,,,助手,,倒快一圈,H/XB,內圈 倒快一圈 (助手)
H212,18/01/2026,游水,沙田,,沙田,,,,,,,,游水,,
H212,17/01/2026,游水,沙田,,沙田,,,,,,,,游水,,
H212,17/01/2026,踱步,沙田,飛機場,沙田 飛機場,,,,,,助手,,踱步,H/XB,飛機場 踱步 (助手)
H212,14/01/2026,出賽,跑馬地,草地,跑馬地 草地,1800M,,,,,紀仁安,7/12,出賽,B/XB,1800M (紀仁安) (7/12)
H212,14/01/2026,踱步,沙田,飛機場,沙田 飛機場,,,,,,助手,,踱步,H/XB,飛機場 踱步 (助手)
H212,13/01/2026,游水,沙田,,沙田,,,,,,,,游水,,
H212,13/01/2026,踱步,沙田,內圈,沙田 內圈,,,,,,助手,,快踱一圈,H/XB,內圈 快踱一圈 (助手)
H212,12/01/2026,游水,沙田,,沙田,,,,,,,,游水,,
H212,12/01/2026,快操,沙田,草閘,沙田 草閘,,59.1,59.1,31.4 27.7,,紀仁安,,快操,H/XB,31.4 27.7 (59.1) (紀仁安)
H212,11/01/2026,踱步,沙田,飛機場,沙田 飛機場,,,,,,助手,,踱步,H/XB,飛機場 踱步 (助手)
H212,10/01/2026,游水,沙田,,沙田,,,,,,,,游水,,
H212,10/01/2026,踱步,沙田,內圈,沙田 內圈,,,,,,助手,,快踱一圈,H/XB,內圈 快踱一圈 (助手)
H212,09/01/2026,游水,沙田,,沙田,,,,,,,,游水,,
H212,09/01/2026,踱步,沙田,內圈,沙田 內圈,,,,,,助手,,快踱一圈,H/XB,內圈 快踱一圈 (助手)
H212,08/01/2026,游水,沙田,,沙田,,,,,,,,游水,,
H212,08/01/2026,踱步,沙田,內圈,沙田 內圈,,,,,,助手,,倒快一圈,H/XB,內圈 倒快一圈 (助手)
H212,07/01/2026,游水,沙田,,沙田,,,,,,,,游水,,
H212,07/01/2026,踱步,沙田,飛機場,沙田 飛機場,,,,,,助手,,踱步,H/XB,飛機場 踱步 (助手)
H212,06/01/2026,試閘,沙田,全天候,沙田 全天候,1200M,1.09.42,69.42,23.8 21.6 24.0,富心星,紀仁安,,第1組,B/XB,第1組 (紀仁安) 1200M 富心星 23.8 21.6 24.0 (1.09.42)
H212,05/01/2026,游水,沙田,,沙田,,,,,,,,游水,,
H212,05/01/2026,踱步,沙田,內圈,沙田 內圈,,,,,,助手,,倒快兩圈,H/XB,內圈 倒快兩圈 (助手)
H212,04/01/2026,游水,沙田,,沙田,,,,,,,,游水,,
H212,03/01/2026,游水,沙田,,沙田,,,,,,,,游水,,
H212,03/01/2026,踱步,沙田,內圈,沙田 內圈,,,,,,助手,,快踱一圈,H/XB,內圈 快踱一圈 (助手)
H212,02/01/2026,游水,沙田,,沙田,,,,,,,,游水,,
H212,02/01/2026,踱步,沙田,飛機場,沙田 飛機場,,,,,,助手,,踱步,H/XB,飛機場 踱步 (助手)
H212,01/01/2026,游水,從化,,從化,,,,,,,,游水,,
H212,01/01/2026,踱步,從化,飛機場,從化 飛機場,,,,,,助手,,踱步,H/XB,飛機場 踱步 (助手)
H212,31/12/2025,馬匹水中步行機,從化,,從化,,,,,,,,馬匹水中步行機,,
H212,31/12/2025,游水,從化,,從化,,,,,,,,游水,,
H212,31/12/2025,踱步,從化,內圈,從化 內圈,,,,,,助手,,快踱一圈,H/XB,內圈 快踱一圈 (助手)
H212,30/12/2025,游水,從化,,從化,,,,,,,,游水,,
H212,30/12/2025,快操,從化,全天候,從化 全天候,,56.5,56.5,30.4 26.1,,助手,,快操,H/XB,30.4 26.1 (56.5) (助手)
H212,30/12/2025,踱步,從化,飛機場,從化 飛機場,,,,,,助手,,踱步,H/XB,飛機場 踱步 (助手)
H212,29/12/2025,游水,從化,,從化,,,,,,,,游水,,
H212,29/12/2025,踱步,從化,內圈,從化 內圈,,,,,,助手,,倒快一圈,H/XB,內圈 倒快一圈 (助手)
H212,28/12/2025,游水,從化,,從化,,,,,,,,游水,,
H212,27/12/2025,馬匹水中步行機,從化,,從化,,,,,,,,馬匹水中步行機,,
H212,27/12/2025,游水,從化,,從化,,,,,,,,游水,,
H212,27/12/2025,踱步,從化,內圈,從化 內圈,,,,,,助手,,快踱一圈,H/XB,內圈 快踱一圈 (助手)
H212,26/12/2025,游水,從化,,從化,,,,,,,,游水,,
H212,26/12/2025,快操,從化,全天候,從化 全天候,,55.8,55.8,29.6 26.2,,助手,,快操,H/XB,29.6 26.2 (55.8) (助手)
H212,26/12/2025,踱步,從化,飛機場,從化 飛機場,,,,,,助手,,踱步,H/XB,飛機場 踱步 (助手)
H212,25/12/2025,馬匹水中步行機,從化,,從化,,,,,,,,馬匹水中步行機,,
H212,25/12/2025,游水,從化,,從化,,,,,,,,游水,,
H212,25/12/2025,踱步,從化,內圈,從化 內圈,,,,,,助手,,倒快一圈,H/XB,內圈 倒快一圈 (助手)
H212,24/12/2025,游水,從化,,從化,,,,,,,,游水,,
H212,24/12/2025,踱步,從化,內圈,從化 內圈,,,,,,助手,,快踱一圈,H/XB,內圈 快踱一圈 (助手)
H212,23/12/2025,游水,從化,,從化,,,,,,,,游水,,
H212,23/12/2025,快操,從化,全天候,從化 全天候,,55.8,55.8,29.8 26.0,,助手,,快操,H/XB,29.8 26.0 (55.8) (助手)
H212,23/12/2025,踱步,從化,飛機場,從化 飛機場,,,,,,助手,,踱步,H/XB,飛機場 踱步 (助手)
H212,22/12/2025,馬匹水中步行機,從化,,從化,,,,,,,,馬匹水中步行機,,
H212,22/12/2025,游水,從化,,從化,,,,,,,,游水,,
H212,22/12/2025,踱步,從化,內圈,從化 內圈,,,,,,助手,,倒快一圈,H/XB,內圈 倒快一圈 (助手)
H212,21/12/2025,馬匹水中步行機,從化,,從化,,,,,,,,馬匹水中步行機,,
H212,21/12/2025,游水,從化,,從化,,,,,,,,游水,,
H212,20/12/2025,游水,從化,,從化,,,,,,,,游水,,
H212,20/12/2025,踱步,從化,內圈,從化 內圈,,,,,,助手,,快踱一圈,H/XB,內圈 快踱一圈 (助手)
H212,19/12/2025,游水,從化,,從化,,,,,,,,游水,,
H212,19/12/2025,踱步,從化,內圈,從化 內圈,,,,,,助手,,快踱一圈,H/XB,內圈 快踱一圈 (助手)
H212,18/12/2025,馬匹水中步行機,從化,,從化,,,,,,,,馬匹水中步行機,,
H212,18/12/2025,游水,從化,,從化,,,,,,,,游水,,
H212,18/12/2025,踱步,從化,飛機場,從化 飛機場,,,,,,助手,,踱步,H/XB,飛機場 踱步 (助手)
H212,17/12/2025,游水,沙田,,沙田,,,,,,,,游水,,
H212,17/12/2025,踱步,沙田,飛機場,沙田 飛機場,,,,,,助手,,踱步,H/XB,飛機場 踱步 (助手)
H212,16/12/2025,游水,沙田,,沙田,,,,,,,,游水,,
H212,14/12/2025,出賽,沙田,草地,沙田 草地,2000M,,,,,紀仁安,6/7,出賽,B/XB,2000M (紀仁安) (6/7)
H212,14/12/2025,踱步,沙田,飛機場,沙田 飛機場,,,,,,助手,,踱步,H/XB,飛機場 踱步 (助手)
H212,13/12/2025,游水,沙田,,沙田,,,,,,,,游水,,
H212,13/12/2025,踱步,沙田,內圈,沙田 內圈,,,,,,助手,,快踱一圈,H/XB,內圈 快踱一圈 (助手)
H212,12/12/2025,游水,沙田,,沙田,,,,,,,,游水,,
H212,12/12/2025,快操,沙田,全天候,沙田 全天候,,55.9,55.9,29.8 26.1,,紀仁安,,快操,H/XB,29.8 26.1 (55.9) (紀仁安)
H212,11/12/2025,馬匹跑步機,沙田,,沙田,,,,,,上斜,,馬匹跑步機 - 踱步,,馬匹跑步機 - 踱步 （上斜）
H212,11/12/2025,游水,沙田,,沙田,,,,,,,,游水,,
H212,11/12/2025,踱步,沙田,內圈,沙田 內圈,,,,,,助手,,倒快兩圈,H/XB,內圈 倒快兩圈 (助手)
H212,10/12/2025,馬匹跑步機,沙田,,沙田,,,,,,上斜,,馬匹跑步機 - 踱步,,馬匹跑步機 - 踱步 （上斜）
H212,10/12/2025,游水,沙田,,沙田,,,,,,,,游水,,
H212,10/12/2025,踱步,沙田,內圈,沙田 內圈,,,,,,助手,,快踱一圈,H/XB,內圈 快踱一圈 (助手)
H212,09/12/2025,游水,沙田,,沙田,,,,,,,,游水,,
H212,09/12/2025,快操,沙田,草地,沙田 草地,,1.20.3,80.3,29.4 27.8 23.1,,副練馬師,,開心寶寶,,29.4 27.8 23.1 (1.20.3) (副練馬師) 開心寶寶
H212,09/12/2025,踱步,沙田,飛機場,沙田 飛機場,,,,,,助手,,踱步,,飛機場 踱步 (助手)
H212,08/12/2025,游水,沙田,,沙田,,,,,,,,游水,,
H212,08/12/2025,踱步,沙田,內圈,沙田 內圈,,,,,,助手,,倒快一圈,H/XB,內圈 倒快一圈 (助手)
H212,07/12/2025,游水,沙田,,沙田,,,,,,,,游水,,
H212,07/12/2025,踱步,沙田,飛機場,沙田 飛機場,,,,,,助手,,踱步,H/XB,飛機場 踱步 (助手)
H212,06/12/2025,馬匹跑步機,沙田,,沙田,,,,,,上斜,,馬匹跑步機 - 慢跑,,馬匹跑步機 - 慢跑 （上斜）
H212,06/12/2025,游水,沙田,,沙田,,,,,,,,游水,,
H212,06/12/2025,踱步,沙田,內圈,沙田 內圈,,,,,,助手,,快踱一圈,H/XB,內圈 快踱一圈 (助手)
H212,05/12/2025,馬匹跑步機,沙田,,沙田,,,,,,上斜,,馬匹跑步機 - 慢跑,,馬匹跑步機 - 慢跑 （上斜）
H212,05/12/2025,游水,沙田,,沙田,,,,,,,,游水,,
H212,05/12/2025,踱步,沙田,內圈,沙田 內圈,,,,,,助手,,快踱一圈,H/XB,內圈 快踱一圈 (助手)
H212,04/12/2025,游水,沙田,,沙田,,,,,,,,游水,,
H212,04/12/2025,快操,沙田,全天候,沙田 全天候,,59.2,59.2,32.1 27.1,,助手,,快操,H/XB,32.1 27.1 (59.2) (助手)
H212,04/12/2025,踱步,沙田,飛機場,沙田 飛機場,,,,,,助手,,踱步,H/XB,飛機場 踱步 (助手)
H212,03/12/2025,馬匹跑步機,沙田,,沙田,,,,,,上斜,,馬匹跑步機 - 慢跑,,馬匹跑步機 - 慢跑 （上斜）
H212,03/12/2025,游水,沙田,,沙田,,,,,,,,游水,,
H212,03/12/2025,踱步,沙田,內圈,沙田 內圈,,,,,,助手,,快踱一圈,H/XB,內圈 快踱一圈 (助手)
H212,02/12/2025,馬匹跑步機,沙田,,沙田,,,,,,上斜,,馬匹跑步機 - 慢跑,,馬匹跑步機 - 慢跑 （上斜）
H212,02/12/2025,游水,沙田,,沙田,,,,,,,,游水,,
H212,02/12/2025,踱步,沙田,內圈,沙田 內圈,,,,,,助手,,快踱一圈,H/XB,內圈 快踱一圈 (助手)
H212,01/12/2025,游水,沙田,,沙田,,,,,,,,游水,,
H212,01/12/2025,快操,沙田,全天候,沙田 全天候,,55.5,55.5,29.5 26.0,,副練馬師,,快操,H/XB,29.5 26.0 (55.5) (副練馬師)
H212,01/12/2025,踱步,沙田,飛機場,沙田 飛機場,,,,,,助手,,踱步,H/XB,飛機場 踱步 (助手)
H212,29/11/2025,游水,沙田,,沙田,,,,,,,,游水,,
H212,29/11/2025,踱步,沙田,內圈,沙田 內圈,,,,,,副練馬師,,快踱一圈,H/XB,內圈 快踱一圈 (副練馬師)
H212,28/11/2025,游水,沙田,,沙田,,,,,,,,游水,,
H212,28/11/2025,踱步,沙田,內圈,沙田 內圈,,,,,,副練馬師,,快踱一圈,H/XB,內圈 快踱一圈 (副練馬師)
H212,27/11/2025,游水,沙田,,沙田,,,,,,,,游水,,
H212,27/11/2025,踱步,沙田,內圈,沙田 內圈,,,,,,副練馬師,,倒快一圈,H/XB,內圈 倒快一圈 (副練馬師)
H212,26/11/2025,游水,沙田,,沙田,,,,,,,,游水,,
H212,26/11/2025,踱步,沙田,飛機場,沙田 飛機場,,,,,,助手,,踱步,H/XB,飛機場 踱步 (助手)
H212,25/11/2025,游水,沙田,,沙田,,,,,,,,游水,,
H212,23/11/2025,出賽,沙田,草地,沙田 草地,1600M,,,,,周俊樂,7/13,出賽,B/XB,1600M (周俊樂) (7/13)
H212,23/11/2025,踱步,沙田,飛機場,沙田 飛機場,,,,,,助手,,踱步,H/XB,飛機場 踱步 (助手)
H212,22/11/2025,游水,沙田,,沙田,,,,,,,,游水,,
H212,22/11/2025,踱步,沙田,內圈,沙田 內圈,,,,,,助手,,快踱一圈,H/XB,內圈 快踱一圈 (助手)
H212,21/11/2025,游水,沙田,,沙田,,,,,,,,游水,,
H212,21/11/2025,踱步,沙田,內圈,沙田 內圈,,,,,,副練馬師,,快踱一圈,H/XB,內圈 快踱一圈 (副練馬師)
H212,20/11/2025,游水,沙田,,沙田,,,,,,,,游水,,
H212,20/11/2025,快操,沙田,草閘,沙田 草閘,,48.0,48.0,24.9 23.1,,副練馬師,,雙星報喜,H,24.9 23.1 (48.0) (副練馬師) 雙星報喜
H212,19/11/2025,游水,沙田,,沙田,,,,,,,,游水,,
H212,19/11/2025,踱步,沙田,內圈,沙田 內圈,,,,,,助手,,快踱一圈,H/XB,內圈 快踱一圈 (助手)
H212,18/11/2025,游水,沙田,,沙田,,,,,,,,游水,,
H212,18/11/2025,踱步,沙田,內圈,沙田 內圈,,,,,,助手,,快踱一圈,H/XB,內圈 快踱一圈 (助手)
H212,17/11/2025,游水,沙田,,沙田,,,,,,,,游水,,
H212,17/11/2025,快操,沙田,全天候,沙田 全天候,,55.4,55.4,29.5 25.9,,副練馬師,,快操,H/XB,29.5 25.9 (55.4) (副練馬師)
H212,17/11/2025,踱步,沙田,飛機場,沙田 飛機場,,,,,,副練馬師,,踱步,H/XB,飛機場 踱步 (副練馬師)
H212,16/11/2025,馬匹跑步機,沙田,,沙田,,,,,,上斜,,馬匹跑步機 - 慢跑,,馬匹跑步機 - 慢跑 （上斜）
H212,16/11/2025,游水,沙田,,沙田,,,,,,,,游水,,
H212,15/11/2025,游水,沙田,,沙田,,,,,,,,游水,,
H212,15/11/2025,踱步,沙田,內圈,沙田 內圈,,,,,,助手,,快踱一圈,H/XB,內圈 快踱一圈 (助手)
H212,14/11/2025,馬匹跑步機,沙田,,沙田,,,,,,上斜,,馬匹跑步機 - 慢跑,,馬匹跑步機 - 慢跑 （上斜）
H212,14/11/2025,游水,沙田,,沙田,,,,,,,,游水,,
H212,14/11/2025,踱步,沙田,內圈,沙田 內圈,,,,,,助手,,快踱一圈,H/XB,內圈 快踱一圈 (助手)
H212,13/11/2025,馬匹跑步機,沙田,,沙田,,,,,,上斜,,馬匹跑步機 - 慢跑,,馬匹跑步機 - 慢跑 （上斜）
H212,13/11/2025,游水,沙田,,沙田,,,,,,,,游水,,
H212,13/11/2025,踱步,沙田,內圈,沙田 內圈,,,,,,助手,,倒快一圈,H/XB,內圈 倒快一圈 (助手)
H212,12/11/2025,馬匹跑步機,沙田,,沙田,,,,,,上斜,,馬匹跑步機 - 慢跑,,馬匹跑步機 - 慢跑 （上斜）
H212,12/11/2025,游水,沙田,,沙田,,,,,,,,游水,,
H212,12/11/2025,踱步,沙田,飛機場,沙田 飛機場,,,,,,助手,,踱步,H/XB,飛機場 踱步 (助手)
H212,11/11/2025,馬匹跑步機,沙田,,沙田,,,,,,上斜,,馬匹跑步機 - 慢跑,,馬匹跑步機 - 慢跑 （上斜）
H212,11/11/2025,游水,沙田,,沙田,,,,,,,,游水,,
H212,09/11/2025,出賽,沙田,草地,沙田 草地,1800M,,,,,周俊樂,12/13,出賽,B/XB,1800M (周俊樂) (12/13)
H212,09/11/2025,踱步,沙田,飛機場,沙田 飛機場,,,,,,助手,,踱步,H/XB,飛機場 踱步 (助手)
H212,08/11/2025,游水,沙田,,沙田,,,,,,,,游水,,
H212,08/11/2025,踱步,沙田,內圈,沙田 內圈,,,,,,助手,,快踱一圈,H/XB,內圈 快踱一圈 (助手)
H212,07/11/2025,游水,沙田,,沙田,,,,,,,,游水,,
H212,07/11/2025,踱步,沙田,內圈,沙田 內圈,,,,,,助手,,快踱一圈,H/XB,內圈 快踱一圈 (助手)
H212,06/11/2025,游水,沙田,,沙田,,,,,,,,游水,,
H212,06/11/2025,快操,沙田,全天候,沙田 全天候,,55.4,55.4,29.1 26.3,,副練馬師,,快操,H/XB,29.1 26.3 (55.4) (副練馬師)
H212,06/11/2025,踱步,沙田,飛機場,沙田 飛機場,,,,,,助手,,踱步,H/XB,飛機場 踱步 (助手)
H212,05/11/2025,游水,沙田,,沙田,,,,,,,,游水,,
H212,05/11/2025,踱步,沙田,內圈,沙田 內圈,,,,,,助手,,快踱一圈,H/XB,內圈 快踱一圈 (助手)
H212,04/11/2025,游水,沙田,,沙田,,,,,,,,游水,,
H212,04/11/2025,踱步,沙田,內圈,沙田 內圈,,,,,,助手,,快踱一圈,H/XB,內圈 快踱一圈 (助手)
H212,03/11/2025,游水,沙田,,沙田,,,,,,,,游水,,
H212,03/11/2025,踱步,沙田,內圈,沙田 內圈,,,,,,助手,,倒快一圈,H/XB,內圈 倒快一圈 (助手)
H212,02/11/2025,游水,沙田,,沙田,,,,,,,,游水,,
H212,01/11/2025,游水,沙田,,沙田,,,,,,,,游水,,
H212,01/11/2025,踱步,沙田,飛機場,沙田 飛機場,,,,,,助手,,踱步,H/XB,飛機場 踱步 (助手)
H212,31/10/2025,試閘,沙田,全天候,沙田 全天候,1200M,1.10.97,70.97,25.6 22.9 22.4,浪漫勇士,周俊樂,,第1組,B/XB,第1組 (周俊樂) 1200M 浪漫勇士 25.6 22.9 22.4 (1.10.97)
H212,30/10/2025,游水,沙田,,沙田,,,,,,,,游水,,
H212,30/10/2025,踱步,沙田,內圈,沙田 內圈,,,,,,助手,,倒快兩圈,H/XB,內圈 倒快兩圈 (助手)
H212,29/10/2025,游水,沙田,,沙田,,,,,,,,游水,,
H212,29/10/2025,踱步,沙田,內圈,沙田 內圈,,,,,,助手,,快踱一圈,H/XB,內圈 快踱一圈 (助手)
H212,28/10/2025,游水,沙田,,沙田,,,,,,,,游水,,
H212,28/10/2025,快操,沙田,全天候,沙田 全天候,,57.8,57.8,31.3 26.5,,副練馬師,,快操,H/XB,31.3 26.5 (57.8) (副練馬師)
H212,28/10/2025,踱步,沙田,飛機場,沙田 飛機場,,,,,,副練馬師,,踱步,H/XB,飛機場 踱步 (副練馬師)
H212,27/10/2025,游水,沙田,,沙田,,,,,,,,游水,,
H212,27/10/2025,踱步,沙田,內圈,沙田 內圈,,,,,,助手,,倒快兩圈,H/XB,內圈 倒快兩圈 (助手)
H212,26/10/2025,游水,沙田,,沙田,,,,,,,,游水,,
H212,25/10/2025,游水,沙田,,沙田,,,,,,,,游水,,
H212,25/10/2025,踱步,沙田,內圈,沙田 內圈,,,,,,助手,,快踱一圈,H/XB,內圈 快踱一圈 (助手)
H212,24/10/2025,游水,沙田,,沙田,,,,,,,,游水,,
H212,24/10/2025,踱步,沙田,內圈,沙田 內圈,,,,,,助手,,快踱一圈,H/XB,內圈 快踱一圈 (助手)
H212,23/10/2025,游水,沙田,,沙田,,,,,,,,游水,,
H212,23/10/2025,踱步,沙田,內圈,沙田 內圈,,,,,,助手,,倒快一圈,H/XB,內圈 倒快一圈 (助手)
H212,22/10/2025,游水,沙田,,沙田,,,,,,,,游水,,
H212,22/10/2025,踱步,沙田,飛機場,沙田 飛機場,,,,,,助手,,踱步,H/XB,飛機場 踱步 (助手)
H212,21/10/2025,試閘,沙田,全天候,沙田 全天候,1200M,1.10.46,70.46,24.2 22.6 23.6,川河動駒,周俊樂,,第1組,B/XB,第1組 (周俊樂) 1200M 川河動駒 24.2 22.6 23.6 (1.10.46)
H212,20/10/2025,游水,沙田,,沙田,,,,,,,,游水,,
H212,20/10/2025,踱步,沙田,內圈,沙田 內圈,,,,,,助手,,倒快一圈,H/XB,內圈 倒快一圈 (助手)
H212,19/10/2025,游水,沙田,,沙田,,,,,,,,游水,,
H212,18/10/2025,游水,沙田,,沙田,,,,,,,,游水,,
H212,18/10/2025,踱步,沙田,內圈,沙田 內圈,,,,,,助手,,快踱一圈,H/XB,內圈 快踱一圈 (助手)
H212,17/10/2025,游水,沙田,,沙田,,,,,,,,游水,,
H212,17/10/2025,快操,沙田,全天候,沙田 全天候,,57.0,57.0,29.7 27.3,,副練馬師,,快操,H/XB,29.7 27.3 (57.0) (副練馬師)
H212,17/10/2025,踱步,沙田,飛機場,沙田 飛機場,,,,,,副練馬師,,踱步,H/XB,飛機場 踱步 (副練馬師)
H212,16/10/2025,游水,沙田,,沙田,,,,,,,,游水,,
H212,16/10/2025,踱步,沙田,內圈,沙田 內圈,,,,,,助手,,倒快兩圈,H/XB,內圈 倒快兩圈 (助手)
H212,15/10/2025,游水,沙田,,沙田,,,,,,,,游水,,
H212,15/10/2025,踱步,沙田,內圈,沙田 內圈,,,,,,助手,,快踱一圈,H/XB,內圈 快踱一圈 (助手)
H212,14/10/2025,游水,沙田,,沙田,,,,,,,,游水,,
H212,14/10/2025,快操,沙田,全天候,沙田 全天候,,30.2,30.2,30.2,,助手,,快操,H/XB,30.2 (30.2) (助手)
H212,14/10/2025,踱步,沙田,飛機場,沙田 飛機場,,,,,,助手,,踱步,H/XB,飛機場 踱步 (助手)
H212,13/10/2025,游水,沙田,,沙田,,,,,,,,游水,,
H212,13/10/2025,踱步,沙田,內圈,沙田 內圈,,,,,,助手,,倒快一圈,H/XB,內圈 倒快一圈 (助手)
H212,12/10/2025,游水,沙田,,沙田,,,,,,,,游水,,
H212,11/10/2025,游水,沙田,,沙田,,,,,,,,游水,,
H212,11/10/2025,踱步,沙田,內圈,沙田 內圈,,,,,,助手,,快踱一圈,H/XB,內圈 快踱一圈 (助手)
H212,10/10/2025,游水,沙田,,沙田,,,,,,,,游水,,
H212,10/10/2025,踱步,沙田,內圈,沙田 內圈,,,,,,助手,,快踱一圈,H/XB,內圈 快踱一圈 (助手)
H212,09/10/2025,游水,沙田,,沙田,,,,,,,,游水,,
H212,09/10/2025,快操,沙田,全天候,沙田 全天候,,1.00.1,60.1,32.3 27.8,,助手,,快操,H/XB,32.3 27.8 (1.00.1) (助手)
H212,09/10/2025,踱步,沙田,飛機場,沙田 飛機場,,,,,,助手,,踱步,H/XB,飛機場 踱步 (助手)
H212,08/10/2025,游水,沙田,,沙田,,,,,,,,游水,,
H212,08/10/2025,踱步,沙田,內圈,沙田 內圈,,,,,,助手,,快踱一圈,H/XB,內圈 快踱一圈 (助手)
H212,07/10/2025,游水,沙田,,沙田,,,,,,,,游水,,
H212,07/10/2025,踱步,沙田,內圈,沙田 內圈,,,,,,助手,,快踱一圈,H/XB,內圈 快踱一圈 (助手)
H212,06/10/2025,游水,沙田,,沙田,,,,,,,,游水,,
H212,06/10/2025,快操,沙田,全天候,沙田 全天候,,56.8,56.8,30.3 26.5,,副練馬師,,快操,H/XB,30.3 26.5 (56.8) (副練馬師)
H212,06/10/2025,踱步,沙田,飛機場,沙田 飛機場,,,,,,副練馬師,,踱步,H/XB,飛機場 踱步 (副練馬師)
H212,05/10/2025,游水,沙田,,沙田,,,,,,,,游水,,
H212,04/10/2025,游水,沙田,,沙田,,,,,,,,游水,,
H212,04/10/2025,踱步,沙田,內圈,沙田 內圈,,,,,,助手,,快踱一圈,H/XB,內圈 快踱一圈 (助手)
H212,03/10/2025,游水,沙田,,沙田,,,,,,,,游水,,
H212,03/10/2025,踱步,沙田,內圈,沙田 內圈,,,,,,助手,,快踱一圈,H/XB,內圈 快踱一圈 (助手)
H212,02/10/2025,游水,沙田,,沙田,,,,,,,,游水,,
H212,02/10/2025,快操,沙田,全天候,沙田 全天候,,59.3,59.3,30.0 29.3,,副練馬師,,快操,H/XB,30.0 29.3 (59.3) (副練馬師)
H212,02/10/2025,踱步,沙田,飛機場,沙田 飛機場,,,,,,助手,,踱步,H/XB,飛機場 踱步 (助手)
H212,01/10/2025,游水,沙田,,沙田,,,,,,,,游水,,
H212,01/10/2025,踱步,沙田,內圈,沙田 內圈,,,,,,助手,,快踱一圈,H/XB,內圈 快踱一圈 (助手)
H212,30/09/2025,游水,沙田,,沙田,,,,,,,,游水,,
H212,30/09/2025,踱步,沙田,內圈,沙田 內圈,,,,,,助手,,快踱一圈,H/XB,內圈 快踱一圈 (助手)
H212,29/09/2025,游水,沙田,,沙田,,,,,,,,游水,,
H212,29/09/2025,踱步,沙田,內圈,沙田 內圈,,,,,,助手,,倒快一圈,H/XB,內圈 倒快一圈 (助手)
H212,28/09/2025,游水,沙田,,沙田,,,,,,,,游水,,
H212,27/09/2025,游水,沙田,,沙田,,,,,,,,游水,,
H212,27/09/2025,踱步,沙田,內圈,沙田 內圈,,,,,,助手,,快踱一圈,H/XB,內圈 快踱一圈 (助手)
H212,26/09/2025,游水,沙田,,沙田,,,,,,,,游水,,
H212,26/09/2025,踱步,沙田,飛機場,沙田 飛機場,,,,,,助手,,踱步,H/XB,飛機場 踱步 (助手)
H212,25/09/2025,游水,沙田,,沙田,,,,,,,,游水,,
H212,25/09/2025,踱步,沙田,飛機場,沙田 飛機場,,,,,,助手,,踱步,H/XB,飛機場 踱步 (助手)
H212,23/09/2025,游水,沙田,,沙田,,,,,,,,游水,,
H212,23/09/2025,踱步,沙田,飛機場,沙田 飛機場,,,,,,助手,,踱步,H/XB,飛機場 踱步 (助手)
H212,27/08/2025,游水,沙田,,沙田,,,,,,,,游水,,
H212,27/08/2025,踱步,沙田,內圈,沙田 內圈,,,,,,助手,,快踱一圈,H/XB,內圈 快踱一圈 (助手)
H212,26/08/2025,游水,沙田,,沙田,,,,,,,,游水,,
H212,26/08/2025,快操,沙田,全天候,沙田 全天候,,50.3,50.3,27.5 22.8,,周俊樂,,安康萬里,H,27.5 22.8 (50.3) (周俊樂) 安康萬里
H212,25/08/2025,游水,沙田,,沙田,,,,,,,,游水,,
H212,25/08/2025,踱步,沙田,內圈,沙田 內圈,,,,,,助手,,倒快兩圈,H/XB,內圈 倒快兩圈 (助手)
H212,24/08/2025,游水,沙田,,沙田,,,,,,,,游水,,
H212,24/08/2025,踱步,沙田,內圈,沙田 內圈,,,,,,助手,,快踱一圈,H/XB,內圈 快踱一圈 (助手)
H212,23/08/2025,游水,沙田,,沙田,,,,,,,,游水,,
H212,23/08/2025,踱步,沙田,飛機場,沙田 飛機場,,,,,,助手,,踱步,H/XB,飛機場 踱步 (助手)
H212,22/08/2025,試閘,沙田,全天候,沙田 全天候,1200M,1.09.29,69.29,24.3 22.2 22.7,金鑽貴人,周俊樂,,第1組,B/XB,第1組 (周俊樂) 1200M 金鑽貴人 24.3 22.2 22.7 (1.09.29)
H212,21/08/2025,游水,沙田,,沙田,,,,,,,,游水,,
H212,21/08/2025,踱步,沙田,內圈,沙田 內圈,,,,,,助手,,倒快兩圈,H/XB,內圈 倒快兩圈 (助手)
H212,20/08/2025,游水,沙田,,沙田,,,,,,,,游水,,
H212,20/08/2025,踱步,沙田,內圈,沙田 內圈,,,,,,助手,,快踱一圈,H/XB,內圈 快踱一圈 (助手)
H212,19/08/2025,游水,沙田,,沙田,,,,,,,,游水,,
H212,19/08/2025,快操,沙田,全天候,沙田 全天候,,1.00.6,60.6,33.0 27.6,,助手,,快操,H/XB,33.0 27.6 (1.00.6) (助手)
H212,19/08/2025,踱步,沙田,飛機場,沙田 飛機場,,,,,,助手,,踱步,H/XB,飛機場 踱步 (助手)
H212,18/08/2025,游水,沙田,,沙田,,,,,,,,游水,,
H212,18/08/2025,踱步,沙田,內圈,沙田 內圈,,,,,,助手,,倒快一圈,H/XB,內圈 倒快一圈 (助手)
H212,17/08/2025,游水,沙田,,沙田,,,,,,,,游水,,
H212,16/08/2025,游水,沙田,,沙田,,,,,,,,游水,,
H212,16/08/2025,踱步,沙田,內圈,沙田 內圈,,,,,,助手,,快踱一圈,H/XB,內圈 快踱一圈 (助手)
H212,15/08/2025,游水,沙田,,沙田,,,,,,,,游水,,
H212,15/08/2025,快操,沙田,全天候,沙田 全天候,,1.00.2,60.2,32.3 27.9,,助手,,快操,H/XB,32.3 27.9 (1.00.2) (助手)
H212,15/08/2025,踱步,沙田,飛機場,沙田 飛機場,,,,,,助手,,踱步,H/XB,飛機場 踱步 (助手)
H212,14/08/2025,游水,沙田,,沙田,,,,,,,,游水,,
H212,14/08/2025,踱步,沙田,內圈,沙田 內圈,,,,,,助手,,倒快兩圈,H/XB,內圈 倒快兩圈 (助手)
H212,13/08/2025,游水,沙田,,沙田,,,,,,,,游水,,
H212,13/08/2025,踱步,沙田,內圈,沙田 內圈,,,,,,助手,,快踱一圈,H/XB,內圈 快踱一圈 (助手)
H212,12/08/2025,游水,沙田,,沙田,,,,,,,,游水,,
H212,12/08/2025,快操,沙田,全天候,沙田 全天候,,57.1,57.1,30.3 26.8,,周俊樂,,快操,H/XB,30.3 26.8 (57.1) (周俊樂)
H212,12/08/2025,踱步,沙田,飛機場,沙田 飛機場,,,,,,助手,,踱步,H/XB,飛機場 踱步 (助手)
H212,11/08/2025,游水,沙田,,沙田,,,,,,,,游水,,
H212,11/08/2025,踱步,沙田,內圈,沙田 內圈,,,,,,助手,,倒快一圈,H/XB,內圈 倒快一圈 (助手)
H212,10/08/2025,游水,沙田,,沙田,,,,,,,,游水,,
H212,10/08/2025,踱步,沙田,內圈,沙田 內圈,,,,,,助手,,快踱一圈,H/XB,內圈 快踱一圈 (助手)
H212,09/08/2025,游水,沙田,,沙田,,,,,,,,游水,,
H212,09/08/2025,踱步,沙田,內圈,沙田 內圈,,,,,,助手,,快踱一圈,H/XB,內圈 快踱一圈 (助手)
H212,08/08/2025,游水,沙田,,沙田,,,,,,,,游水,,
H212,08/08/2025,快操,沙田,全天候,沙田 全天候,,30.0,30.0,30.0,,助手,,快操,H/XB,30.0 (30.0) (助手)
H212,08/08/2025,踱步,沙田,飛機場,沙田 飛機場,,,,,,助手,,踱步,H/XB,飛機場 踱步 (助手)
H212,07/08/2025,游水,沙田,,沙田,,,,,,,,游水,,
H212,07/08/2025,踱步,沙田,內圈,沙田 內圈,,,,,,助手,,倒快一圈,H/XB,內圈 倒快一圈 (助手)
H212,06/08/2025,游水,沙田,,沙田,,,,,,,,游水,,
H212,06/08/2025,踱步,沙田,內圈,沙田 內圈,,,,,,助手,,快踱一圈,H/XB,內圈 快踱一圈 (助手)
H212,05/08/2025,游水,沙田,,沙田,,,,,,,,游水,,
H212,05/08/2025,踱步,沙田,內圈,沙田 內圈,,,,,,助手,,快踱一圈,H/XB,內圈 快踱一圈 (助手)
H212,04/08/2025,游水,沙田,,沙田,,,,,,,,游水,,
H212,04/08/2025,踱步,沙田,內圈,沙田 內圈,,,,,,助手,,快踱一圈,H/XB,內圈 快踱一圈 (助手)
H212,03/08/2025,游水,沙田,,沙田,,,,,,,,游水,,
H212,03/08/2025,踱步,沙田,飛機場,沙田 飛機場,,,,,,助手,,踱步,H/XB,飛機場 踱步 (助手)
H212,02/08/2025,游水,沙田,,沙田,,,,,,,,游水,,
H212,02/08/2025,踱步,沙田,飛機場,沙田 飛機場,,,,,,助手,,踱步,H/XB,飛機場 踱步 (助手)
H212,01/08/2025,踱步,從化,飛機場,從化 飛機場,,,,,,助手,,踱步,H/XB,飛機場 踱步 (助手)
H212,31/07/2025,踱步,從化,內圈,從化 內圈,,,,,,助手,,快踱一圈,H,內圈 快踱一圈 (助手)
H212,30/07/2025,踱步,從化,內圈,從化 內圈,,,,,,助手,,快踱一圈,H/XB,內圈 快踱一圈 (助手)
H212,29/07/2025,踱步,從化,內圈,從化 內圈,,,,,,助手,,快踱一圈,H/XB,內圈 快踱一圈 (助手)
H212,28/07/2025,踱步,從化,內圈,從化 內圈,,,,,,助手,,快踱一圈,H/XB,內圈 快踱一圈 (助手)
H212,27/07/2025,踱步,從化,飛機場,從化 飛機場,,,,,,助手,,踱步,H/XB,飛機場 踱步 (助手)
H212,26/07/2025,踱步,從化,飛機場,從化 飛機場,,,,,,助手,,踱步,H/XB,飛機場 踱步 (助手)
H212,25/07/2025,踱步,從化,飛機場,從化 飛機場,,,,,,助手,,踱步,H/XB,飛機場 踱步 (助手)
H212,24/07/2025,踱步,從化,飛機場,從化 飛機場,,,,,,助手,,踱步,H/XB,飛機場 踱步 (助手)
H212,23/07/2025,踱步,從化,飛機場,從化 飛機場,,,,,,助手,,踱步,H/XB,飛機場 踱步 (助手)
H212,22/07/2025,踱步,從化,飛機場,從化 飛機場,,,,,,助手,,踱步,H/XB,飛機場 踱步 (助手)
H212,21/07/2025,踱步,從化,飛機場,從化 飛機場,,,,,,助手,,踱步,H/XB,飛機場 踱步 (助手)
H212,19/07/2025,踱步,從化,飛機場,從化 飛機場,,,,,,助手,,踱步,H/XB,飛機場 踱步 (助手)
H212,18/07/2025,踱步,從化,飛機場,從化 飛機場,,,,,,助手,,踱步,H/XB,飛機場 踱步 (助手)
H212,17/07/2025,踱步,從化,飛機場,從化 飛機場,,,,,,助手,,踱步,H/XB,飛機場 踱步 (助手)
H212,13/07/2025,出賽,沙田,草地,沙田 草地,1600M,,,,,霍宏聲,6/11,出賽,B/XB,1600M (霍宏聲) (6/11)
H212,13/07/2025,踱步,沙田,飛機場,沙田 飛機場,,,,,,助手,,踱步,H,飛機場 踱步 (助手)
H212,12/07/2025,游水,沙田,,沙田,,,,,,,,游水,,
H212,12/07/2025,踱步,沙田,內圈,沙田 內圈,,,,,,助手,,快踱一圈,H,內圈 快踱一圈 (助手)
H212,11/07/2025,游水,沙田,,沙田,,,,,,,,游水,,
H212,11/07/2025,踱步,沙田,內圈,沙田 內圈,,,,,,助手,,快踱一圈,H,內圈 快踱一圈 (助手)
H212,10/07/2025,游水,沙田,,沙田,,,,,,,,游水,,
H212,10/07/2025,快操,沙田,全天候,沙田 全天候,,58.4,58.4,31.1 27.3,,霍宏聲,,快操,H,31.1 27.3 (58.4) (霍宏聲)
H212,09/07/2025,游水,沙田,,沙田,,,,,,,,游水,,
H212,09/07/2025,踱步,沙田,內圈,沙田 內圈,,,,,,助手,,快踱一圈,H,內圈 快踱一圈 (助手)
H212,08/07/2025,游水,沙田,,沙田,,,,,,,,游水,,
H212,08/07/2025,踱步,沙田,內圈,沙田 內圈,,,,,,助手,,快踱一圈,H,內圈 快踱一圈 (助手)
H212,07/07/2025,游水,沙田,,沙田,,,,,,,,游水,,
H212,07/07/2025,快操,沙田,全天候,沙田 全天候,,56.5,56.5,30.8 25.7,,霍宏聲,,快操,H,30.8 25.7 (56.5) (霍宏聲)
H212,06/07/2025,游水,沙田,,沙田,,,,,,,,游水,,
H212,05/07/2025,游水,沙田,,沙田,,,,,,,,游水,,
H212,05/07/2025,踱步,沙田,內圈,沙田 內圈,,,,,,助手,,快踱一圈,H,內圈 快踱一圈 (助手)
H212,04/07/2025,游水,沙田,,沙田,,,,,,,,游水,,
H212,04/07/2025,踱步,沙田,內圈,沙田 內圈,,,,,,助手,,快踱一圈,H,內圈 快踱一圈 (助手)
H212,03/07/2025,游水,沙田,,沙田,,,,,,,,游水,,
H212,03/07/2025,快操,沙田,全天候,沙田 全天候,,56.9,56.9,31.1 25.8,,助手,,快操,H,31.1 25.8 (56.9) (助手)
H212,02/07/2025,游水,沙田,,沙田,,,,,,,,游水,,
H212,02/07/2025,踱步,沙田,內圈,沙田 內圈,,,,,,助手,,快踱一圈,H,內圈 快踱一圈 (助手)
H212,01/07/2025,游水,沙田,,沙田,,,,,,,,游水,,
H212,01/07/2025,踱步,沙田,內圈,沙田 內圈,,,,,,助手,,快踱一圈,H,內圈 快踱一圈 (助手)
H212,30/06/2025,游水,沙田,,沙田,,,,,,,,游水,,
H212,30/06/2025,踱步,沙田,內圈,沙田 內圈,,,,,,助手,,倒快一圈,H,內圈 倒快一圈 (助手)
H212,29/06/2025,游水,沙田,,沙田,,,,,,,,游水,,
H212,28/06/2025,游水,沙田,,沙田,,,,,,,,游水,,
H212,28/06/2025,踱步,沙田,內圈,沙田 內圈,,,,,,助手,,快踱一圈,H,內圈 快踱一圈 (助手)
H212,27/06/2025,游水,沙田,,沙田,,,,,,,,游水,,
H212,27/06/2025,踱步,沙田,內圈,沙田 內圈,,,,,,助手,,快踱一圈,H,內圈 快踱一圈 (助手)
H212,25/06/2025,游水,沙田,,沙田,,,,,,,,游水,,
H212,25/06/2025,踱步,沙田,飛機場,沙田 飛機場,,,,,,助手,,踱步,H,飛機場 踱步 (助手)
H212,22/06/2025,出賽,沙田,草地,沙田 草地,1800M,,,,,霍宏聲,6/14,出賽,B/XB,1800M (霍宏聲) (6/14)
H212,22/06/2025,踱步,沙田,飛機場,沙田 飛機場,,,,,,助手,,踱步,H,飛機場 踱步 (助手)
H212,21/06/2025,游水,沙田,,沙田,,,,,,,,游水,,
H212,21/06/2025,踱步,沙田,內圈,沙田 內圈,,,,,,助手,,快踱一圈,H,內圈 快踱一圈 (助手)
H212,20/06/2025,游水,沙田,,沙田,,,,,,,,游水,,
H212,20/06/2025,踱步,沙田,內圈,沙田 內圈,,,,,,助手,,快踱一圈,H,內圈 快踱一圈 (助手)
H212,19/06/2025,游水,沙田,,沙田,,,,,,,,游水,,
H212,19/06/2025,快操,沙田,全天候,沙田 全天候,,56.2,56.2,29.9 26.3,,副練馬師,,快操,H,29.9 26.3 (56.2) (副練馬師)
H212,19/06/2025,踱步,沙田,飛機場,沙田 飛機場,,,,,,副練馬師,,踱步,H,飛機場 踱步 (副練馬師)
H212,18/06/2025,游水,沙田,,沙田,,,,,,,,游水,,
H212,18/06/2025,踱步,沙田,內圈,沙田 內圈,,,,,,助手,,快踱一圈,H,內圈 快踱一圈 (助手)
H212,17/06/2025,游水,沙田,,沙田,,,,,,,,游水,,
H212,17/06/2025,踱步,沙田,內圈,沙田 內圈,,,,,,助手,,快踱一圈,H,內圈 快踱一圈 (助手)
H212,16/06/2025,游水,沙田,,沙田,,,,,,,,游水,,
H212,16/06/2025,快操,沙田,全天候,沙田 全天候,,52.8,52.8,29.3 23.5,,副練馬師,,龍傲綾羅,H,29.3 23.5 (52.8) (副練馬師) 龍傲綾羅
H212,16/06/2025,踱步,沙田,飛機場,沙田 飛機場,,,,,,副練馬師,,踱步,H,飛機場 踱步 (副練馬師)
H212,15/06/2025,游水,沙田,,沙田,,,,,,,,游水,,
H212,14/06/2025,游水,沙田,,沙田,,,,,,,,游水,,
H212,14/06/2025,踱步,沙田,內圈,沙田 內圈,,,,,,助手,,快踱一圈,H,內圈 快踱一圈 (助手)
H212,13/06/2025,游水,沙田,,沙田,,,,,,,,游水,,
H212,13/06/2025,踱步,沙田,內圈,沙田 內圈,,,,,,助手,,快踱一圈,H,內圈 快踱一圈 (助手)
H212,12/06/2025,游水,沙田,,沙田,,,,,,,,游水,,
H212,12/06/2025,快操,沙田,全天候,沙田 全天候,,1.01.9,61.9,32.8 29.1,,助手,,快操,H,32.8 29.1 (1.01.9) (助手)
H212,12/06/2025,踱步,沙田,飛機場,沙田 飛機場,,,,,,助手,,踱步,H,飛機場 踱步 (助手)
H212,11/06/2025,游水,沙田,,沙田,,,,,,,,游水,,
H212,11/06/2025,踱步,沙田,內圈,沙田 內圈,,,,,,助手,,快踱一圈,H,內圈 快踱一圈 (助手)
H212,10/06/2025,游水,沙田,,沙田,,,,,,,,游水,,
H212,10/06/2025,踱步,沙田,內圈,沙田 內圈,,,,,,助手,,快踱一圈,H,內圈 快踱一圈 (助手)
H212,09/06/2025,游水,沙田,,沙田,,,,,,,,游水,,
H212,09/06/2025,快操,沙田,全天候,沙田 全天候,,57.4,57.4,30.6 26.8,,助手,,快操,H,30.6 26.8 (57.4) (助手)
H212,09/06/2025,踱步,沙田,飛機場,沙田 飛機場,,,,,,助手,,踱步,H,飛機場 踱步 (助手)
H212,08/06/2025,游水,沙田,,沙田,,,,,,,,游水,,
H212,07/06/2025,游水,沙田,,沙田,,,,,,,,游水,,
H212,07/06/2025,踱步,沙田,內圈,沙田 內圈,,,,,,助手,,快踱一圈,H,內圈 快踱一圈 (助手)
H212,06/06/2025,游水,沙田,,沙田,,,,,,,,游水,,
H212,06/06/2025,踱步,沙田,內圈,沙田 內圈,,,,,,助手,,快踱一圈,H,內圈 快踱一圈 (助手)
H212,05/06/2025,游水,沙田,,沙田,,,,,,,,游水,,
H212,05/06/2025,踱步,沙田,內圈,沙田 內圈,,,,,,助手,,倒快一圈,H,內圈 倒快一圈 (助手)
H212,04/06/2025,游水,沙田,,沙田,,,,,,,,游水,,
H212,04/06/2025,踱步,沙田,內圈,沙田 內圈,,,,,,助手,,快踱一圈,H,內圈 快踱一圈 (助手)
H212,03/06/2025,游水,沙田,,沙田,,,,,,,,游水,,
H212,03/06/2025,踱步,沙田,飛機場,沙田 飛機場,,,,,,助手,,踱步,H,飛機場 踱步 (助手)
H212,02/06/2025,游水,沙田,,沙田,,,,,,,,游水,,
H212,31/05/2025,出賽,沙田,草地,沙田 草地,1600M,,,,,霍宏聲,2/11,出賽,B/XB,1600M (霍宏聲) (2/11)
H212,31/05/2025,踱步,沙田,飛機場,沙田 飛機場,,,,,,助手,,踱步,H,飛機場 踱步 (助手)
H212,30/05/2025,游水,沙田,,沙田,,,,,,,,游水,,
H212,30/05/2025,踱步,沙田,內圈,沙田 內圈,,,,,,助手,,快踱一圈,H,內圈 快踱一圈 (助手)
H212,29/05/2025,游水,沙田,,沙田,,,,,,,,游水,,
H212,29/05/2025,快操,沙田,全天候,沙田 全天候,,58.7,58.7,31.1 27.6,,助手,,快操,H,31.1 27.6 (58.7) (助手)
H212,28/05/2025,游水,沙田,,沙田,,,,,,,,游水,,
H212,28/05/2025,踱步,沙田,內圈,沙田 內圈,,,,,,助手,,快踱一圈,H,內圈 快踱一圈 (助手)
H212,27/05/2025,游水,沙田,,沙田,,,,,,,,游水,,
H212,27/05/2025,踱步,沙田,內圈,沙田 內圈,,,,,,助手,,快踱一圈,H,內圈 快踱一圈 (助手)
H212,26/05/2025,游水,沙田,,沙田,,,,,,,,游水,,
H212,26/05/2025,踱步,沙田,內圈,沙田 內圈,,,,,,助手,,倒快兩圈,H,內圈 倒快兩圈 (助手)
H212,25/05/2025,游水,沙田,,沙田,,,,,,,,游水,,
H212,24/05/2025,游水,沙田,,沙田,,,,,,,,游水,,
H212,24/05/2025,踱步,沙田,內圈,沙田 內圈,,,,,,助手,,快踱一圈,H,內圈 快踱一圈 (助手)
H212,23/05/2025,游水,沙田,,沙田,,,,,,,,游水,,
H212,23/05/2025,踱步,沙田,飛機場,沙田 飛機場,,,,,,助手,,踱步,H,飛機場 踱步 (助手)
H212,22/05/2025,試閘,沙田,全天候,沙田 全天候,1200M,1.10.29,70.29,25.5 22.6 22.1,美麗第一,霍宏聲,,第1組,B/XB,第1組 (霍宏聲) 1200M 美麗第一 25.5 22.6 22.1 (1.10.29)
H212,21/05/2025,游水,沙田,,沙田,,,,,,,,游水,,
H212,21/05/2025,踱步,沙田,內圈,沙田 內圈,,,,,,助手,,快踱一圈,H,內圈 快踱一圈 (助手)
H212,20/05/2025,游水,沙田,,沙田,,,,,,,,游水,,
H212,19/05/2025,游水,沙田,,沙田,,,,,,,,游水,,
H212,19/05/2025,快操,沙田,全天候,沙田 全天候,,58.0,58.0,31.3 26.7,,霍宏聲,,快操,H,31.3 26.7 (58.0) (霍宏聲)
H212,18/05/2025,游水,沙田,,沙田,,,,,,,,游水,,
H212,17/05/2025,游水,沙田,,沙田,,,,,,,,游水,,
H212,17/05/2025,踱步,沙田,內圈,沙田 內圈,,,,,,助手,,快踱一圈,H,內圈 快踱一圈 (助手)
H212,16/05/2025,游水,沙田,,沙田,,,,,,,,游水,,
H212,16/05/2025,踱步,沙田,內圈,沙田 內圈,,,,,,助手,,快踱一圈,H,內圈 快踱一圈 (助手)
H212,15/05/2025,游水,沙田,,沙田,,,,,,,,游水,,
H212,15/05/2025,快操,沙田,全天候,沙田 全天候,,56.2,56.2,30.6 25.6,,助手,,快操,H,30.6 25.6 (56.2) (助手)
H212,15/05/2025,踱步,沙田,飛機場,沙田 飛機場,,,,,,助手,,踱步,H,飛機場 踱步 (助手)
H212,14/05/2025,游水,沙田,,沙田,,,,,,,,游水,,
H212,14/05/2025,踱步,沙田,內圈,沙田 內圈,,,,,,助手,,快踱一圈,H,內圈 快踱一圈 (助手)
H212,13/05/2025,游水,沙田,,沙田,,,,,,,,游水,,
H212,13/05/2025,踱步,沙田,內圈,沙田 內圈,,,,,,助手,,快踱一圈,H,內圈 快踱一圈 (助手)
H212,12/05/2025,游水,沙田,,沙田,,,,,,,,游水,,
H212,12/05/2025,踱步,沙田,內圈,沙田 內圈,,,,,,助手,,倒快兩圈,H,內圈 倒快兩圈 (助手)
H212,11/05/2025,游水,沙田,,沙田,,,,,,,,游水,,
H212,10/05/2025,踱步,沙田,內圈,沙田 內圈,,,,,,助手,,快踱一圈,H,內圈 快踱一圈 (助手)
H212,08/05/2025,游水,沙田,,沙田,,,,,,,,游水,,
H212,08/05/2025,快操,沙田,全天候,沙田 全天候,,1.00.1,60.1,33.3 26.8,,助手,,快操,H,33.3 26.8 (1.00.1) (助手)
H212,08/05/2025,踱步,沙田,飛機場,沙田 飛機場,,,,,,助手,,踱步,H,飛機場 踱步 (助手)
H212,07/05/2025,游水,沙田,,沙田,,,,,,,,游水,,
H212,07/05/2025,踱步,沙田,內圈,沙田 內圈,,,,,,助手,,快踱一圈,H,內圈 快踱一圈 (助手)
H212,06/05/2025,游水,沙田,,沙田,,,,,,,,游水,,
H212,06/05/2025,踱步,沙田,內圈,沙田 內圈,,,,,,助手,,快踱一圈,H,內圈 快踱一圈 (助手)
H212,05/05/2025,游水,沙田,,沙田,,,,,,,,游水,,
H212,05/05/2025,快操,沙田,全天候,沙田 全天候,,56.2,56.2,30.3 25.9,,助手,,快操,H,30.3 25.9 (56.2) (助手)
H212,05/05/2025,踱步,沙田,飛機場,沙田 飛機場,,,,,,助手,,踱步,H,飛機場 踱步 (助手)
H212,04/05/2025,游水,沙田,,沙田,,,,,,,,游水,,
H212,03/05/2025,游水,沙田,,沙田,,,,,,,,游水,,
H212,03/05/2025,踱步,沙田,內圈,沙田 內圈,,,,,,助手,,快踱一圈,H,內圈 快踱一圈 (助手)
H212,02/05/2025,游水,沙田,,沙田,,,,,,,,游水,,
H212,02/05/2025,踱步,沙田,內圈,沙田 內圈,,,,,,助手,,快踱一圈,H,內圈 快踱一圈 (助手)
H212,01/05/2025,游水,沙田,,沙田,,,,,,,,游水,,
H212,01/05/2025,踱步,沙田,內圈,沙田 內圈,,,,,,助手,,倒快一圈,H,內圈 倒快一圈 (助手)
H212,30/04/2025,游水,沙田,,沙田,,,,,,,,游水,,
H212,30/04/2025,踱步,沙田,飛機場,沙田 飛機場,,,,,,助手,,踱步,H,飛機場 踱步 (助手)
H212,27/04/2025,出賽,沙田,草地,沙田 草地,1600M,,,,,莫雷拉,8/13,出賽,B/XB,1600M (莫雷拉) (8/13)
H212,27/04/2025,踱步,沙田,飛機場,沙田 飛機場,,,,,,助手,,踱步,H,飛機場 踱步 (助手)
H212,26/04/2025,游水,沙田,,沙田,,,,,,,,游水,,
H212,26/04/2025,踱步,沙田,內圈,沙田 內圈,,,,,,助手,,快踱一圈,H,內圈 快踱一圈 (助手)
H212,25/04/2025,游水,沙田,,沙田,,,,,,,,游水,,
H212,25/04/2025,踱步,沙田,內圈,沙田 內圈,,,,,,助手,,快踱一圈,H,內圈 快踱一圈 (助手)
H212,24/04/2025,游水,沙田,,沙田,,,,,,,,游水,,
H212,24/04/2025,快操,沙田,全天候,沙田 全天候,,51.1,51.1,27.7 23.4,,助手,,陽明天空,H,27.7 23.4 (51.1) (助手) 陽明天空
H212,24/04/2025,踱步,沙田,飛機場,沙田 飛機場,,,,,,助手,,踱步,H,飛機場 踱步 (助手)
H212,23/04/2025,游水,沙田,,沙田,,,,,,,,游水,,
H212,23/04/2025,踱步,沙田,內圈,沙田 內圈,,,,,,助手,,快踱一圈,H,內圈 快踱一圈 (助手)
H212,22/04/2025,游水,沙田,,沙田,,,,,,,,游水,,
H212,22/04/2025,踱步,沙田,內圈,沙田 內圈,,,,,,助手,,快踱一圈,H,內圈 快踱一圈 (助手)
H212,21/04/2025,游水,沙田,,沙田,,,,,,,,游水,,
H212,21/04/2025,快操,沙田,全天候,沙田 全天候,,1.28.6,88.6,33.6 28.9 26.1,,助手,,快操,H,33.6 28.9 26.1 (1.28.6) (助手)
H212,21/04/2025,踱步,沙田,飛機場,沙田 飛機場,,,,,,助手,,踱步,H,飛機場 踱步 (助手)
H212,20/04/2025,游水,沙田,,沙田,,,,,,,,游水,,
H212,19/04/2025,游水,沙田,,沙田,,,,,,,,游水,,
H212,19/04/2025,踱步,沙田,內圈,沙田 內圈,,,,,,助手,,快踱一圈,H,內圈 快踱一圈 (助手)
H212,18/04/2025,游水,沙田,,沙田,,,,,,,,游水,,
H212,18/04/2025,踱步,沙田,內圈,沙田 內圈,,,,,,助手,,快踱一圈,H,內圈 快踱一圈 (助手)
H212,17/04/2025,游水,沙田,,沙田,,,,,,,,游水,,
H212,17/04/2025,踱步,沙田,內圈,沙田 內圈,,,,,,助手,,倒快一圈,H,內圈 倒快一圈 (助手)
H212,16/04/2025,游水,沙田,,沙田,,,,,,,,游水,,
H212,16/04/2025,踱步,沙田,內圈,沙田 內圈,,,,,,助手,,快踱一圈,H,內圈 快踱一圈 (助手)
H212,15/04/2025,游水,沙田,,沙田,,,,,,,,游水,,
H212,15/04/2025,踱步,沙田,飛機場,沙田 飛機場,,,,,,助手,,踱步,H,飛機場 踱步 (助手)
H212,14/04/2025,試閘,沙田,全天候,沙田 全天候,1200M,1.10.09,70.09,24.9 22.9 22.2,維港智能,梁家俊,,第1組,B/XB,第1組 (梁家俊) 1200M 維港智能 24.9 22.9 22.2 (1.10.09)
H212,13/04/2025,游水,沙田,,沙田,,,,,,,,游水,,
H212,13/04/2025,踱步,沙田,內圈,沙田 內圈,,,,,,助手,,快踱一圈,H,內圈 快踱一圈 (助手)
H212,12/04/2025,游水,沙田,,沙田,,,,,,,,游水,,
H212,12/04/2025,踱步,沙田,內圈,沙田 內圈,,,,,,助手,,快踱一圈,H,內圈 快踱一圈 (助手)
H212,11/04/2025,游水,沙田,,沙田,,,,,,,,游水,,
H212,11/04/2025,踱步,沙田,內圈,沙田 內圈,,,,,,助手,,快踱一圈,H,內圈 快踱一圈 (助手)
H212,10/04/2025,游水,沙田,,沙田,,,,,,,,游水,,
H212,10/04/2025,快操,沙田,全天候,沙田 全天候,,56.0,56.0,29.9 26.1,,助手,,快操,H,29.9 26.1 (56.0) (助手)
H212,10/04/2025,踱步,沙田,飛機場,沙田 飛機場,,,,,,助手,,踱步,H,飛機場 踱步 (助手)
H212,09/04/2025,游水,沙田,,沙田,,,,,,,,游水,,
H212,09/04/2025,踱步,沙田,內圈,沙田 內圈,,,,,,助手,,快踱一圈,H,內圈 快踱一圈 (助手)
H212,08/04/2025,游水,沙田,,沙田,,,,,,,,游水,,
H212,08/04/2025,踱步,沙田,內圈,沙田 內圈,,,,,,助手,,快踱一圈,H,內圈 快踱一圈 (助手)
H212,07/04/2025,游水,沙田,,沙田,,,,,,,,游水,,
H212,07/04/2025,快操,沙田,全天候,沙田 全天候,,59.1,59.1,32.3 26.8,,助手,,快操,H,32.3 26.8 (59.1) (助手)
H212,06/04/2025,游水,沙田,,沙田,,,,,,,,游水,,
H212,05/04/2025,游水,沙田,,沙田,,,,,,,,游水,,
H212,05/04/2025,踱步,沙田,內圈,沙田 內圈,,,,,,助手,,快踱一圈,H,內圈 快踱一圈 (助手)
H212,04/04/2025,游水,沙田,,沙田,,,,,,,,游水,,
H212,04/04/2025,踱步,沙田,內圈,沙田 內圈,,,,,,助手,,快踱一圈,H,內圈 快踱一圈 (助手)
H212,03/04/2025,游水,沙田,,沙田,,,,,,,,游水,,
H212,03/04/2025,踱步,沙田,內圈,沙田 內圈,,,,,,助手,,倒快一圈,H,內圈 倒快一圈 (助手)
H212,02/04/2025,游水,沙田,,沙田,,,,,,,,游水,,
H212,02/04/2025,踱步,沙田,飛機場,沙田 飛機場,,,,,,助手,,踱步,H,飛機場 踱步 (助手)
H212,01/04/2025,游水,沙田,,沙田,,,,,,,,游水,,
H212,30/03/2025,出賽,沙田,草地,沙田 草地,1600M,,,,,布文,9/12,出賽,B/XB,1600M (布文) (9/12)
H212,30/03/2025,踱步,沙田,飛機場,沙田 飛機場,,,,,,助手,,踱步,H,飛機場 踱步 (助手)
H212,29/03/2025,游水,沙田,,沙田,,,,,,,,游水,,
H212,29/03/2025,踱步,沙田,內圈,沙田 內圈,,,,,,助手,,快踱一圈,H,內圈 快踱一圈 (助手)
H212,28/03/2025,游水,沙田,,沙田,,,,,,,,游水,,
H212,28/03/2025,踱步,沙田,內圈,沙田 內圈,,,,,,助手,,快踱一圈,H,內圈 快踱一圈 (助手)
H212,27/03/2025,游水,沙田,,沙田,,,,,,,,游水,,
H212,27/03/2025,快操,沙田,全天候,沙田 全天候,,54.2,54.2,28.5 25.7,,布文,,快操,H,28.5 25.7 (54.2) (布文)
H212,26/03/2025,游水,沙田,,沙田,,,,,,,,游水,,
H212,26/03/2025,踱步,沙田,內圈,沙田 內圈,,,,,,助手,,快踱一圈,H,內圈 快踱一圈 (助手)
H212,25/03/2025,游水,沙田,,沙田,,,,,,,,游水,,
H212,25/03/2025,踱步,沙田,內圈,沙田 內圈,,,,,,助手,,快踱一圈,H,內圈 快踱一圈 (助手)
H212,24/03/2025,游水,沙田,,沙田,,,,,,,,游水,,
H212,24/03/2025,快操,沙田,草閘,沙田 草閘,,54.3,54.3,27.8 26.5,,布文,,快操,H,27.8 26.5 (54.3) (布文)
H212,23/03/2025,游水,沙田,,沙田,,,,,,,,游水,,
H212,22/03/2025,游水,沙田,,沙田,,,,,,,,游水,,
H212,22/03/2025,踱步,沙田,內圈,沙田 內圈,,,,,,助手,,快踱一圈,H,內圈 快踱一圈 (助手)
H212,21/03/2025,游水,沙田,,沙田,,,,,,,,游水,,
H212,21/03/2025,快操,沙田,全天候,沙田 全天候,,54.8,54.8,29.2 25.6,,助手,,快操,H,29.2 25.6 (54.8) (助手)
H212,21/03/2025,踱步,沙田,飛機場,沙田 飛機場,,,,,,助手,,踱步,H,飛機場 踱步 (助手)
H212,20/03/2025,游水,沙田,,沙田,,,,,,,,游水,,
H212,20/03/2025,踱步,沙田,內圈,沙田 內圈,,,,,,助手,,倒快兩圈,H,內圈 倒快兩圈 (助手)
H212,19/03/2025,游水,沙田,,沙田,,,,,,,,游水,,
H212,19/03/2025,踱步,沙田,內圈,沙田 內圈,,,,,,助手,,快踱一圈,H,內圈 快踱一圈 (助手)
H212,18/03/2025,游水,沙田,,沙田,,,,,,,,游水,,
H212,18/03/2025,快操,沙田,全天候,沙田 全天候,,54.5,54.5,28.3 26.2,,助手,,快操,H,28.3 26.2 (54.5) (助手)
H212,18/03/2025,踱步,沙田,飛機場,沙田 飛機場,,,,,,助手,,踱步,H,飛機場 踱步 (助手)
H212,17/03/2025,游水,沙田,,沙田,,,,,,,,游水,,
H212,17/03/2025,踱步,沙田,內圈,沙田 內圈,,,,,,助手,,倒快兩圈,H,內圈 倒快兩圈 (助手)
H212,16/03/2025,游水,沙田,,沙田,,,,,,,,游水,,
H212,15/03/2025,游水,沙田,,沙田,,,,,,,,游水,,
H212,15/03/2025,踱步,沙田,內圈,沙田 內圈,,,,,,助手,,快踱一圈,H,內圈 快踱一圈 (助手)
H212,14/03/2025,游水,沙田,,沙田,,,,,,,,游水,,
H212,14/03/2025,快操,沙田,全天候,沙田 全天候,,56.1,56.1,30.3 25.8,,助手,,快操,H,30.3 25.8 (56.1) (助手)
H212,14/03/2025,踱步,沙田,飛機場,沙田 飛機場,,,,,,助手,,踱步,H,飛機場 踱步 (助手)
H212,13/03/2025,游水,沙田,,沙田,,,,,,,,游水,,
H212,13/03/2025,踱步,沙田,內圈,沙田 內圈,,,,,,助手,,倒快兩圈,H,內圈 倒快兩圈 (助手)
H212,12/03/2025,游水,沙田,,沙田,,,,,,,,游水,,
H212,12/03/2025,踱步,沙田,內圈,沙田 內圈,,,,,,助手,,快踱一圈,H,內圈 快踱一圈 (助手)
H212,11/03/2025,游水,沙田,,沙田,,,,,,,,游水,,
H212,11/03/2025,快操,沙田,全天候,沙田 全天候,,55.3,55.3,29.7 25.6,,助手,,快操,H,29.7 25.6 (55.3) (助手)
H212,11/03/2025,踱步,沙田,飛機場,沙田 飛機場,,,,,,助手,,踱步,H,飛機場 踱步 (助手)
H212,10/03/2025,游水,沙田,,沙田,,,,,,,,游水,,
H212,10/03/2025,踱步,沙田,內圈,沙田 內圈,,,,,,助手,,倒快兩圈,H,內圈 倒快兩圈 (助手)
H212,09/03/2025,游水,沙田,,沙田,,,,,,,,游水,,
H212,08/03/2025,游水,沙田,,沙田,,,,,,,,游水,,
H212,08/03/2025,踱步,沙田,內圈,沙田 內圈,,,,,,助手,,快踱一圈,H,內圈 快踱一圈 (助手)
H212,07/03/2025,游水,沙田,,沙田,,,,,,,,游水,,
H212,07/03/2025,快操,沙田,全天候,沙田 全天候,,58.7,58.7,31.3 27.4,,助手,,快操,H,31.3 27.4 (58.7) (助手)
H212,07/03/2025,踱步,沙田,飛機場,沙田 飛機場,,,,,,助手,,踱步,H,飛機場 踱步 (助手)
H212,06/03/2025,游水,沙田,,沙田,,,,,,,,游水,,
H212,06/03/2025,踱步,沙田,內圈,沙田 內圈,,,,,,助手,,倒快兩圈,H,內圈 倒快兩圈 (助手)
H212,05/03/2025,游水,沙田,,沙田,,,,,,,,游水,,
H212,05/03/2025,踱步,沙田,內圈,沙田 內圈,,,,,,助手,,快踱一圈,H,內圈 快踱一圈 (助手)
H212,04/03/2025,游水,沙田,,沙田,,,,,,,,游水,,
H212,04/03/2025,快操,沙田,全天候,沙田 全天候,,55.2,55.2,29.5 25.7,,助手,,快操,H,29.5 25.7 (55.2) (助手)
H212,03/03/2025,游水,沙田,,沙田,,,,,,,,游水,,
H212,03/03/2025,踱步,沙田,內圈,沙田 內圈,,,,,,助手,,倒快一圈,H,內圈 倒快一圈 (助手)
H212,02/03/2025,游水,沙田,,沙田,,,,,,,,游水,,
H212,01/03/2025,游水,沙田,,沙田,,,,,,,,游水,,
H212,01/03/2025,踱步,沙田,內圈,沙田 內圈,,,,,,助手,,快踱一圈,H,內圈 快踱一圈 (助手)
H212,28/02/2025,游水,沙田,,沙田,,,,,,,,游水,,
H212,28/02/2025,踱步,沙田,內圈,沙田 內圈,,,,,,助手,,快踱一圈,H,內圈 快踱一圈 (助手)
H212,27/02/2025,游水,沙田,,沙田,,,,,,,,游水,,
H212,27/02/2025,踱步,沙田,內圈,沙田 內圈,,,,,,助手,,倒快一圈,H,內圈 倒快一圈 (助手)
H212,26/02/2025,游水,沙田,,沙田,,,,,,,,游水,,
H212,26/02/2025,踱步,沙田,飛機場,沙田 飛機場,,,,,,助手,,踱步,H,飛機場 踱步 (助手)
H212,25/02/2025,游水,沙田,,沙田,,,,,,,,游水,,
H212,23/02/2025,出賽,沙田,草地,沙田 草地,2000M,,,,,布文,3/10,出賽,B/XB,2000M (布文) (3/10)
H212,23/02/2025,踱步,沙田,飛機場,沙田 飛機場,,,,,,助手,,踱步,H,飛機場 踱步 (助手)
H212,22/02/2025,游水,沙田,,沙田,,,,,,,,游水,,
H212,22/02/2025,踱步,沙田,內圈,沙田 內圈,,,,,,助手,,快踱一圈,H,內圈 快踱一圈 (助手)
H212,21/02/2025,游水,沙田,,沙田,,,,,,,,游水,,
H212,21/02/2025,踱步,沙田,內圈,沙田 內圈,,,,,,助手,,快踱一圈,H,內圈 快踱一圈 (助手)
H212,20/02/2025,游水,沙田,,沙田,,,,,,,,游水,,
H212,20/02/2025,快操,沙田,全天候,沙田 全天候,,56.6,56.6,30.2 26.4,,助手,,快操,H,30.2 26.4 (56.6) (助手)
H212,20/02/2025,踱步,沙田,飛機場,沙田 飛機場,,,,,,助手,,踱步,H,飛機場 踱步 (助手)
H212,19/02/2025,游水,沙田,,沙田,,,,,,,,游水,,
H212,19/02/2025,踱步,沙田,內圈,沙田 內圈,,,,,,助手,,快踱一圈,H,內圈 快踱一圈 (助手)
H212,18/02/2025,游水,沙田,,沙田,,,,,,,,游水,,
H212,18/02/2025,踱步,沙田,內圈,沙田 內圈,,,,,,助手,,快踱一圈,H,內圈 快踱一圈 (助手)
H212,17/02/2025,游水,沙田,,沙田,,,,,,,,游水,,
H212,17/02/2025,快操,沙田,草閘,沙田 草閘,,49.8,49.8,25.8 24.0,,布文,,安康萬里,H,25.8 24.0 (49.8) (布文) 安康萬里
H212,16/02/2025,游水,沙田,,沙田,,,,,,,,游水,,
H212,16/02/2025,踱步,沙田,飛機場,沙田 飛機場,,,,,,助手,,踱步,H,飛機場 踱步 (助手)
H212,15/02/2025,游水,沙田,,沙田,,,,,,,,游水,,
H212,15/02/2025,踱步,沙田,內圈,沙田 內圈,,,,,,助手,,快踱一圈,H,內圈 快踱一圈 (助手)
H212,14/02/2025,游水,沙田,,沙田,,,,,,,,游水,,
H212,14/02/2025,踱步,沙田,內圈,沙田 內圈,,,,,,助手,,快踱一圈,H,內圈 快踱一圈 (助手)
H212,13/02/2025,游水,沙田,,沙田,,,,,,,,游水,,
H212,13/02/2025,快操,沙田,全天候,沙田 全天候,,56.2,56.2,29.6 26.6,,助手,,快操,H,29.6 26.6 (56.2) (助手)
H212,13/02/2025,踱步,沙田,飛機場,沙田 飛機場,,,,,,助手,,踱步,H,飛機場 踱步 (助手)
H212,12/02/2025,游水,沙田,,沙田,,,,,,,,游水,,
H212,12/02/2025,踱步,沙田,內圈,沙田 內圈,,,,,,助手,,快踱一圈,H,內圈 快踱一圈 (助手)
H212,11/02/2025,游水,沙田,,沙田,,,,,,,,游水,,
H212,11/02/2025,踱步,沙田,內圈,沙田 內圈,,,,,,助手,,快踱一圈,H,內圈 快踱一圈 (助手)
H212,10/02/2025,游水,沙田,,沙田,,,,,,,,游水,,
H212,10/02/2025,踱步,沙田,內圈,沙田 內圈,,,,,,助手,,倒快一圈,H,內圈 倒快一圈 (助手)
H212,09/02/2025,游水,沙田,,沙田,,,,,,,,游水,,
H212,09/02/2025,踱步,沙田,飛機場,沙田 飛機場,,,,,,助手,,踱步,H,飛機場 踱步 (助手)
H212,08/02/2025,踱步,從化,飛機場,從化 飛機場,,,,,,助手,,踱步,H/XB,飛機場 踱步 (助手)
H212,07/02/2025,游水,從化,,從化,,,,,,,,游水,,
H212,07/02/2025,快操,從化,全天候,從化 全天候,,55.1,55.1,29.4 25.7,,助手,,快操,H/XB,29.4 25.7 (55.1) (助手)
H212,07/02/2025,踱步,從化,飛機場,從化 飛機場,,,,,,助手,,踱步,H/XB,飛機場 踱步 (助手)
H212,06/02/2025,游水,從化,,從化,,,,,,,,游水,,
H212,06/02/2025,踱步,從化,內圈,從化 內圈,,,,,,助手,,倒快一圈,H/XB,內圈 倒快一圈 (助手)
H212,05/02/2025,游水,從化,,從化,,,,,,,,游水,,
H212,05/02/2025,踱步,從化,內圈,從化 內圈,,,,,,助手,,快踱一圈,H/XB,內圈 快踱一圈 (助手)
H212,04/02/2025,游水,從化,,從化,,,,,,,,游水,,
H212,04/02/2025,踱步,從化,內圈,從化 內圈,,,,,,助手,,快踱一圈,H/XB,內圈 快踱一圈 (助手)
H212,03/02/2025,游水,從化,,從化,,,,,,,,游水,,
H212,03/02/2025,踱步,從化,飛機場,從化 飛機場,,,,,,助手,,踱步,H/XB,飛機場 踱步 (助手)
H212,31/01/2025,出賽,沙田,草地,沙田 草地,1800M,,,,,布文,1/11,出賽,B/XB,1800M (布文) (1/11)
H212,31/01/2025,踱步,沙田,飛機場,沙田 飛機場,,,,,,助手,,踱步,H,飛機場 踱步 (助手)
H212,30/01/2025,游水,沙田,,沙田,,,,,,,,游水,,
H212,30/01/2025,踱步,沙田,內圈,沙田 內圈,,,,,,助手,,倒快兩圈,H,內圈 倒快兩圈 (助手)
H212,28/01/2025,游水,沙田,,沙田,,,,,,,,游水,,
H212,28/01/2025,快操,沙田,全天候,沙田 全天候,,51.5,51.5,27.7 23.8,,布文,,快操,H,27.7 23.8 (51.5) (布文)
H212,27/01/2025,游水,沙田,,沙田,,,,,,,,游水,,
H212,27/01/2025,踱步,沙田,內圈,沙田 內圈,,,,,,助手,,倒快兩圈,H,內圈 倒快兩圈 (助手)
H212,26/01/2025,游水,沙田,,沙田,,,,,,,,游水,,
H212,26/01/2025,踱步,沙田,內圈,沙田 內圈,,,,,,助手,,快踱一圈,H,內圈 快踱一圈 (助手)
H212,25/01/2025,游水,沙田,,沙田,,,,,,,,游水,,
H212,25/01/2025,踱步,沙田,內圈,沙田 內圈,,,,,,助手,,快踱一圈,H,內圈 快踱一圈 (助手)
H212,24/01/2025,游水,沙田,,沙田,,,,,,,,游水,,
H212,24/01/2025,踱步,沙田,內圈,沙田 內圈,,,,,,助手,,快踱一圈,H,內圈 快踱一圈 (助手)
H212,23/01/2025,游水,沙田,,沙田,,,,,,,,游水,,
H212,23/01/2025,踱步,沙田,內圈,沙田 內圈,,,,,,助手,,倒快一圈,H,內圈 倒快一圈 (助手)
H212,22/01/2025,游水,沙田,,沙田,,,,,,,,游水,,
H212,22/01/2025,踱步,沙田,飛機場,沙田 飛機場,,,,,,助手,,踱步,H,飛機場 踱步 (助手)
H212,21/01/2025,游水,沙田,,沙田,,,,,,,,游水,,
H212,19/01/2025,出賽,沙田,草地,沙田 草地,1600M,,,,,何澤堯,6/8,出賽,B/XB,1600M (何澤堯) (6/8)
H212,19/01/2025,踱步,沙田,飛機場,沙田 飛機場,,,,,,助手,,踱步,H,飛機場 踱步 (助手)
H212,18/01/2025,游水,沙田,,沙田,,,,,,,,游水,,
H212,18/01/2025,踱步,沙田,內圈,沙田 內圈,,,,,,助手,,快踱一圈,H,內圈 快踱一圈 (助手)
H212,17/01/2025,游水,沙田,,沙田,,,,,,,,游水,,
H212,17/01/2025,踱步,沙田,內圈,沙田 內圈,,,,,,助手,,快踱一圈,H,內圈 快踱一圈 (助手)
H212,16/01/2025,游水,沙田,,沙田,,,,,,,,游水,,
H212,16/01/2025,快操,沙田,全天候,沙田 全天候,,55.3,55.3,29.5 25.8,,何澤堯,,快操,H,29.5 25.8 (55.3) (何澤堯)
H212,15/01/2025,游水,沙田,,沙田,,,,,,,,游水,,
H212,15/01/2025,踱步,沙田,內圈,沙田 內圈,,,,,,助手,,快踱一圈,H,內圈 快踱一圈 (助手)
H212,14/01/2025,游水,沙田,,沙田,,,,,,,,游水,,
H212,14/01/2025,踱步,沙田,內圈,沙田 內圈,,,,,,助手,,快踱一圈,H,內圈 快踱一圈 (助手)
H212,13/01/2025,游水,沙田,,沙田,,,,,,,,游水,,
H212,13/01/2025,快操,沙田,全天候,沙田 全天候,,53.5,53.5,28.4 25.1,,何澤堯,,陽明天空,H,28.4 25.1 (53.5) (何澤堯) 陽明天空
H212,12/01/2025,游水,沙田,,沙田,,,,,,,,游水,,
H212,11/01/2025,游水,沙田,,沙田,,,,,,,,游水,,
H212,11/01/2025,踱步,沙田,內圈,沙田 內圈,,,,,,助手,,快踱一圈,H,內圈 快踱一圈 (助手)
H212,10/01/2025,游水,沙田,,沙田,,,,,,,,游水,,
H212,10/01/2025,踱步,沙田,內圈,沙田 內圈,,,,,,助手,,快踱一圈,H,內圈 快踱一圈 (助手)
H212,09/01/2025,游水,沙田,,沙田,,,,,,,,游水,,
H212,09/01/2025,快操,沙田,全天候,沙田 全天候,,56.9,56.9,31.4 25.5,,助手,,快操,H,31.4 25.5 (56.9) (助手)
H212,09/01/2025,踱步,沙田,飛機場,沙田 飛機場,,,,,,助手,,踱步,H,飛機場 踱步 (助手)
H212,08/01/2025,游水,沙田,,沙田,,,,,,,,游水,,
H212,08/01/2025,踱步,沙田,內圈,沙田 內圈,,,,,,助手,,快踱一圈,H,內圈 快踱一圈 (助手)
H212,07/01/2025,游水,沙田,,沙田,,,,,,,,游水,,
H212,07/01/2025,踱步,沙田,內圈,沙田 內圈,,,,,,助手,,快踱一圈,H,內圈 快踱一圈 (助手)
H212,06/01/2025,游水,沙田,,沙田,,,,,,,,游水,,
H212,05/01/2025,游水,沙田,,沙田,,,,,,,,游水,,
H212,04/01/2025,游水,沙田,,沙田,,,,,,,,游水,,
H212,04/01/2025,踱步,沙田,內圈,沙田 內圈,,,,,,助手,,快踱一圈,H,內圈 快踱一圈 (助手)
H212,03/01/2025,游水,沙田,,沙田,,,,,,,,游水,,
H212,03/01/2025,踱步,沙田,飛機場,沙田 飛機場,,,,,,助手,,踱步,H,飛機場 踱步 (助手)
H212,02/01/2025,試閘,沙田,全天候,沙田 全天候,1200M,1.10.68,70.68,24.5 23.4 22.7,得道猴王,何澤堯,,第1組,B/XB,第1組 (何澤堯) 1200M 得道猴王 24.5 23.4 22.7 (1.10.68)
H212,01/01/2025,游水,沙田,,沙田,,,,,,,,游水,,
H212,01/01/2025,踱步,沙田,內圈,沙田 內圈,,,,,,助手,,快踱一圈,H,內圈 快踱一圈 (助手)
H212,31/12/2024,游水,沙田,,沙田,,,,,,,,游水,,
H212,31/12/2024,踱步,沙田,內圈,沙田 內圈,,,,,,助手,,快踱一圈,H,內圈 快踱一圈 (助手)
H212,30/12/2024,游水,沙田,,沙田,,,,,,,,游水,,
H212,30/12/2024,快操,沙田,全天候,沙田 全天候,,57.2,57.2,31.4 25.8,,助手,,快操,H,31.4 25.8 (57.2) (助手)
H212,30/12/2024,踱步,沙田,飛機場,沙田 飛機場,,,,,,助手,,踱步,H,飛機場 踱步 (助手)
H212,29/12/2024,游水,沙田,,沙田,,,,,,,,游水,,
H212,28/12/2024,游水,沙田,,沙田,,,,,,,,游水,,
H212,28/12/2024,踱步,沙田,內圈,沙田 內圈,,,,,,助手,,快踱一圈,H,內圈 快踱一圈 (助手)
H212,27/12/2024,游水,沙田,,沙田,,,,,,,,游水,,
H212,27/12/2024,踱步,沙田,內圈,沙田 內圈,,,,,,助手,,快踱一圈,H,內圈 快踱一圈 (助手)
H212,26/12/2024,游水,沙田,,沙田,,,,,,,,游水,,
H212,26/12/2024,快操,沙田,全天候,沙田 全天候,,57.8,57.8,32.1 25.7,,助手,,快操,H,32.1 25.7 (57.8) (助手)
H212,26/12/2024,踱步,沙田,飛機場,沙田 飛機場,,,,,,助手,,踱步,H,飛機場 踱步 (助手)
H212,25/12/2024,游水,沙田,,沙田,,,,,,,,游水,,
H212,25/12/2024,踱步,沙田,內圈,沙田 內圈,,,,,,助手,,快踱一圈,H,內圈 快踱一圈 (助手)
H212,24/12/2024,游水,沙田,,沙田,,,,,,,,游水,,
H212,24/12/2024,踱步,沙田,內圈,沙田 內圈,,,,,,助手,,快踱一圈,H,內圈 快踱一圈 (助手)
H212,23/12/2024,游水,沙田,,沙田,,,,,,,,游水,,
H212,23/12/2024,快操,沙田,全天候,沙田 全天候,,59.3,59.3,33.2 26.1,,助手,,快操,H,33.2 26.1 (59.3) (助手)
H212,22/12/2024,游水,沙田,,沙田,,,,,,,,游水,,
H212,21/12/2024,游水,沙田,,沙田,,,,,,,,游水,,
H212,21/12/2024,踱步,沙田,內圈,沙田 內圈,,,,,,助手,,快踱一圈,H,內圈 快踱一圈 (助手)
H212,20/12/2024,游水,沙田,,沙田,,,,,,,,游水,,
H212,20/12/2024,踱步,沙田,內圈,沙田 內圈,,,,,,助手,,快踱一圈,H,內圈 快踱一圈 (助手)
H212,19/12/2024,游水,沙田,,沙田,,,,,,,,游水,,
H212,19/12/2024,快操,沙田,全天候,沙田 全天候,,58.3,58.3,32.3 26.0,,助手,,快操,H,32.3 26.0 (58.3) (助手)
H212,19/12/2024,踱步,沙田,飛機場,沙田 飛機場,,,,,,助手,,踱步,H,飛機場 踱步 (助手)
H212,18/12/2024,游水,沙田,,沙田,,,,,,,,游水,,
H212,18/12/2024,踱步,沙田,內圈,沙田 內圈,,,,,,助手,,快踱一圈,H,內圈 快踱一圈 (助手)
H212,17/12/2024,游水,沙田,,沙田,,,,,,,,游水,,
H212,17/12/2024,踱步,沙田,內圈,沙田 內圈,,,,,,助手,,快踱一圈,H,內圈 快踱一圈 (助手)
H212,16/12/2024,游水,沙田,,沙田,,,,,,,,游水,,
H212,16/12/2024,快操,沙田,全天候,沙田 全天候,,56.9,56.9,31.6 25.3,,助手,,快操,H,31.6 25.3 (56.9) (助手)
H212,16/12/2024,踱步,沙田,飛機場,沙田 飛機場,,,,,,助手,,踱步,H,飛機場 踱步 (助手)
H212,15/12/2024,游水,沙田,,沙田,,,,,,,,游水,,
H212,14/12/2024,游水,沙田,,沙田,,,,,,,,游水,,
H212,14/12/2024,踱步,沙田,內圈,沙田 內圈,,,,,,助手,,快踱一圈,H,內圈 快踱一圈 (助手)
H212,13/12/2024,游水,沙田,,沙田,,,,,,,,游水,,
H212,13/12/2024,踱步,沙田,內圈,沙田 內圈,,,,,,助手,,快踱一圈,H,內圈 快踱一圈 (助手)
H212,12/12/2024,游水,沙田,,沙田,,,,,,,,游水,,
H212,12/12/2024,踱步,沙田,內圈,沙田 內圈,,,,,,助手,,倒快一圈,H,內圈 倒快一圈 (助手)
H212,11/12/2024,游水,沙田,,沙田,,,,,,,,游水,,
H212,11/12/2024,踱步,沙田,飛機場,沙田 飛機場,,,,,,助手,,踱步,H,飛機場 踱步 (助手)
H212,10/12/2024,游水,沙田,,沙田,,,,,,,,游水,,
H212,08/12/2024,出賽,沙田,草地,沙田 草地,1600M,,,,,田泰安,6/14,出賽,B/XB,1600M (田泰安) (6/14)
H212,08/12/2024,踱步,沙田,飛機場,沙田 飛機場,,,,,,助手,,踱步,H,飛機場 踱步 (助手)
H212,07/12/2024,游水,沙田,,沙田,,,,,,,,游水,,
H212,07/12/2024,踱步,沙田,內圈,沙田 內圈,,,,,,助手,,快踱一圈,H,內圈 快踱一圈 (助手)
H212,06/12/2024,游水,沙田,,沙田,,,,,,,,游水,,
H212,06/12/2024,快操,沙田,全天候,沙田 全天候,,56.1,56.1,29.6 26.5,,副練馬師,,快操,H,29.6 26.5 (56.1) (副練馬師)
H212,06/12/2024,踱步,沙田,飛機場,沙田 飛機場,,,,,,副練馬師,,踱步,H,飛機場 踱步 (副練馬師)
H212,05/12/2024,游水,沙田,,沙田,,,,,,,,游水,,
H212,05/12/2024,踱步,沙田,內圈,沙田 內圈,,,,,,助手,,倒快兩圈,H,內圈 倒快兩圈 (助手)
H212,04/12/2024,游水,沙田,,沙田,,,,,,,,游水,,
H212,03/12/2024,游水,沙田,,沙田,,,,,,,,游水,,
H212,03/12/2024,快操,沙田,草地,沙田 草地,,1.19.7,79.7,28.2 29.0 22.5,,田泰安,,包裝天將,H,28.2 29.0 22.5 (1.19.7) (田泰安) 包裝天將
H212,03/12/2024,踱步,沙田,飛機場,沙田 飛機場,,,,,,田泰安,,踱步,H,飛機場 踱步 (田泰安)
H212,02/12/2024,游水,沙田,,沙田,,,,,,,,游水,,
H212,02/12/2024,踱步,沙田,內圈,沙田 內圈,,,,,,助手,,倒快兩圈,H,內圈 倒快兩圈 (助手)
H212,01/12/2024,游水,沙田,,沙田,,,,,,,,游水,,
H212,30/11/2024,游水,沙田,,沙田,,,,,,,,游水,,
H212,30/11/2024,踱步,沙田,內圈,沙田 內圈,,,,,,助手,,快踱一圈,H,內圈 快踱一圈 (助手)
H212,29/11/2024,游水,沙田,,沙田,,,,,,,,游水,,
H212,29/11/2024,快操,沙田,全天候,沙田 全天候,,55.5,55.5,29.3 26.2,,田泰安,,快操,H,29.3 26.2 (55.5) (田泰安)
H212,28/11/2024,游水,沙田,,沙田,,,,,,,,游水,,
H212,28/11/2024,踱步,沙田,內圈,沙田 內圈,,,,,,助手,,倒快兩圈,H,內圈 倒快兩圈 (助手)
H212,27/11/2024,游水,沙田,,沙田,,,,,,,,游水,,
H212,27/11/2024,踱步,沙田,內圈,沙田 內圈,,,,,,助手,,快踱一圈,H,內圈 快踱一圈 (助手)
H212,26/11/2024,游水,沙田,,沙田,,,,,,,,游水,,
H212,26/11/2024,快操,沙田,全天候,沙田 全天候,,57.7,57.7,29.9 27.8,,田泰安,,快操,H,29.9 27.8 (57.7) (田泰安)
H212,25/11/2024,游水,沙田,,沙田,,,,,,,,游水,,
H212,25/11/2024,踱步,沙田,內圈,沙田 內圈,,,,,,助手,,倒快一圈,H,內圈 倒快一圈 (助手)
H212,24/11/2024,游水,沙田,,沙田,,,,,,,,游水,,
H212,23/11/2024,游水,沙田,,沙田,,,,,,,,游水,,
H212,23/11/2024,踱步,沙田,內圈,沙田 內圈,,,,,,助手,,快踱一圈,H,內圈 快踱一圈 (助手)
H212,22/11/2024,游水,沙田,,沙田,,,,,,,,游水,,
H212,22/11/2024,踱步,沙田,內圈,沙田 內圈,,,,,,助手,,快踱一圈,H,內圈 快踱一圈 (助手)
H212,21/11/2024,游水,沙田,,沙田,,,,,,,,游水,,
H212,21/11/2024,踱步,沙田,內圈,沙田 內圈,,,,,,助手,,倒快一圈,H,內圈 倒快一圈 (助手)
H212,20/11/2024,游水,沙田,,沙田,,,,,,,,游水,,
H212,20/11/2024,踱步,沙田,飛機場,沙田 飛機場,,,,,,助手,,踱步,H,飛機場 踱步 (助手)
H212,19/11/2024,游水,沙田,,沙田,,,,,,,,游水,,
H212,17/11/2024,出賽,沙田,草地,沙田 草地,1600M,,,,,田泰安,2/9,出賽,V-/XB/B2,1600M (田泰安) (2/9)
H212,17/11/2024,踱步,沙田,飛機場,沙田 飛機場,,,,,,助手,,踱步,H,飛機場 踱步 (助手)
H212,16/11/2024,游水,沙田,,沙田,,,,,,,,游水,,
H212,16/11/2024,踱步,沙田,內圈,沙田 內圈,,,,,,助手,,快踱一圈,H,內圈 快踱一圈 (助手)
H212,15/11/2024,游水,沙田,,沙田,,,,,,,,游水,,
H212,15/11/2024,快操,沙田,全天候,沙田 全天候,,28.2,28.2,28.2,,田泰安,,快操,H,28.2 (28.2) (田泰安)
H212,15/11/2024,踱步,沙田,飛機場,沙田 飛機場,,,,,,助手,,踱步,H,飛機場 踱步 (助手)
H212,14/11/2024,游水,沙田,,沙田,,,,,,,,游水,,
H212,13/11/2024,游水,沙田,,沙田,,,,,,,,游水,,
H212,13/11/2024,踱步,沙田,內圈,沙田 內圈,,,,,,助手,,快踱一圈,H,內圈 快踱一圈 (助手)
H212,12/11/2024,游水,沙田,,沙田,,,,,,,,游水,,
H212,12/11/2024,踱步,沙田,內圈,沙田 內圈,,,,,,助手,,快踱一圈,,內圈 快踱一圈 (助手)
H212,11/11/2024,游水,沙田,,沙田,,,,,,,,游水,,
H212,11/11/2024,快操,沙田,全天候,沙田 全天候,,57.0,57.0,29.8 27.2,,田泰安,,快操,H,29.8 27.2 (57.0) (田泰安)
H212,10/11/2024,游水,沙田,,沙田,,,,,,,,游水,,
H212,09/11/2024,游水,沙田,,沙田,,,,,,,,游水,,
H212,09/11/2024,踱步,沙田,內圈,沙田 內圈,,,,,,助手,,快踱一圈,H,內圈 快踱一圈 (助手)
H212,08/11/2024,游水,沙田,,沙田,,,,,,,,游水,,
H212,08/11/2024,踱步,沙田,內圈,沙田 內圈,,,,,,助手,,快踱一圈,H,內圈 快踱一圈 (助手)
H212,07/11/2024,游水,沙田,,沙田,,,,,,,,游水,,
H212,07/11/2024,踱步,沙田,內圈,沙田 內圈,,,,,,助手,,倒快一圈,H,內圈 倒快一圈 (助手)
H212,06/11/2024,游水,沙田,,沙田,,,,,,,,游水,,
H212,06/11/2024,踱步,沙田,飛機場,沙田 飛機場,,,,,,助手,,踱步,H,飛機場 踱步 (助手)
H212,05/11/2024,游水,沙田,,沙田,,,,,,,,游水,,
H212,03/11/2024,出賽,沙田,草地,沙田 草地,1800M,,,,,何澤堯,3/14,出賽,V/XB,1800M (何澤堯) (3/14)
H212,03/11/2024,踱步,沙田,飛機場,沙田 飛機場,,,,,,助手,,踱步,H,飛機場 踱步 (助手)
H212,02/11/2024,游水,沙田,,沙田,,,,,,,,游水,,
H212,02/11/2024,踱步,沙田,內圈,沙田 內圈,,,,,,助手,,快踱一圈,H,內圈 快踱一圈 (助手)
H212,01/11/2024,游水,沙田,,沙田,,,,,,,,游水,,
H212,01/11/2024,踱步,沙田,內圈,沙田 內圈,,,,,,助手,,快踱一圈,H,內圈 快踱一圈 (助手)
H212,31/10/2024,游水,沙田,,沙田,,,,,,,,游水,,
H212,31/10/2024,快操,沙田,全天候,沙田 全天候,,55.1,55.1,29.3 25.8,,何澤堯,,快操,H,29.3 25.8 (55.1) (何澤堯)
H212,30/10/2024,游水,沙田,,沙田,,,,,,,,游水,,
H212,30/10/2024,踱步,沙田,內圈,沙田 內圈,,,,,,助手,,快踱一圈,H,內圈 快踱一圈 (助手)
H212,29/10/2024,游水,沙田,,沙田,,,,,,,,游水,,
H212,29/10/2024,踱步,沙田,內圈,沙田 內圈,,,,,,助手,,快踱一圈,H,內圈 快踱一圈 (助手)
H212,28/10/2024,游水,沙田,,沙田,,,,,,,,游水,,
H212,28/10/2024,快操,沙田,草閘,沙田 草閘,,54.7,54.7,29.4 25.3,,何澤堯,,快操,H,29.4 25.3 (54.7) (何澤堯)
H212,27/10/2024,游水,沙田,,沙田,,,,,,,,游水,,
H212,26/10/2024,游水,沙田,,沙田,,,,,,,,游水,,
H212,26/10/2024,踱步,沙田,內圈,沙田 內圈,,,,,,助手,,快踱一圈,H,內圈 快踱一圈 (助手)
H212,25/10/2024,游水,沙田,,沙田,,,,,,,,游水,,
H212,25/10/2024,踱步,沙田,內圈,沙田 內圈,,,,,,助手,,快踱一圈,H,內圈 快踱一圈 (助手)
H212,24/10/2024,游水,沙田,,沙田,,,,,,,,游水,,
H212,24/10/2024,快操,沙田,全天候,沙田 全天候,,56.3,56.3,29.9 26.4,,何澤堯,,快操,H,29.9 26.4 (56.3) (何澤堯)
H212,23/10/2024,游水,沙田,,沙田,,,,,,,,游水,,
H212,23/10/2024,踱步,沙田,內圈,沙田 內圈,,,,,,助手,,快踱一圈,H,內圈 快踱一圈 (助手)
H212,22/10/2024,游水,沙田,,沙田,,,,,,,,游水,,
H212,22/10/2024,踱步,沙田,內圈,沙田 內圈,,,,,,助手,,快踱一圈,H,內圈 快踱一圈 (助手)
H212,21/10/2024,游水,沙田,,沙田,,,,,,,,游水,,
H212,21/10/2024,快操,沙田,全天候,沙田 全天候,,1.27.0,87.0,31.3 29.0 26.7,,何澤堯,,快操,H,31.3 29.0 26.7 (1.27.0) (何澤堯)
H212,20/10/2024,游水,沙田,,沙田,,,,,,,,游水,,
H212,19/10/2024,游水,沙田,,沙田,,,,,,,,游水,,
H212,19/10/2024,踱步,沙田,內圈,沙田 內圈,,,,,,助手,,快踱一圈,H,內圈 快踱一圈 (助手)
H212,18/10/2024,游水,沙田,,沙田,,,,,,,,游水,,
H212,18/10/2024,踱步,沙田,內圈,沙田 內圈,,,,,,助手,,快踱一圈,H,內圈 快踱一圈 (助手)
H212,17/10/2024,游水,沙田,,沙田,,,,,,,,游水,,
H212,17/10/2024,踱步,沙田,內圈,沙田 內圈,,,,,,助手,,倒快一圈,H,內圈 倒快一圈 (助手)
H212,16/10/2024,游水,沙田,,沙田,,,,,,,,游水,,
H212,16/10/2024,踱步,沙田,飛機場,沙田 飛機場,,,,,,助手,,踱步,H,飛機場 踱步 (助手)
H212,15/10/2024,游水,沙田,,沙田,,,,,,,,游水,,
H212,13/10/2024,出賽,沙田,草地,沙田 草地,1600M,,,,,希威森,3/9,出賽,V/XB,1600M (希威森) (3/9)
H212,13/10/2024,踱步,沙田,飛機場,沙田 飛機場,,,,,,助手,,踱步,H,飛機場 踱步 (助手)
H212,12/10/2024,游水,沙田,,沙田,,,,,,,,游水,,
H212,12/10/2024,踱步,沙田,內圈,沙田 內圈,,,,,,助手,,快踱一圈,H,內圈 快踱一圈 (助手)
H212,11/10/2024,游水,沙田,,沙田,,,,,,,,游水,,
H212,11/10/2024,快操,沙田,全天候,沙田 全天候,,59.1,59.1,31.7 27.4,,希威森,,快操,H,31.7 27.4 (59.1) (希威森)
H212,10/10/2024,游水,沙田,,沙田,,,,,,,,游水,,
H212,10/10/2024,踱步,沙田,內圈,沙田 內圈,,,,,,助手,,倒快一圈,H,內圈 倒快一圈 (助手)
H212,09/10/2024,游水,沙田,,沙田,,,,,,,,游水,,
H212,09/10/2024,踱步,沙田,內圈,沙田 內圈,,,,,,助手,,快踱一圈,H,內圈 快踱一圈 (助手)
H212,08/10/2024,游水,沙田,,沙田,,,,,,,,游水,,
H212,08/10/2024,踱步,沙田,內圈,沙田 內圈,,,,,,助手,,快踱一圈,H,內圈 快踱一圈 (助手)
H212,07/10/2024,游水,沙田,,沙田,,,,,,,,游水,,
H212,07/10/2024,踱步,沙田,內圈,沙田 內圈,,,,,,助手,,倒快一圈,H,內圈 倒快一圈 (助手)
H212,06/10/2024,游水,沙田,,沙田,,,,,,,,游水,,
H212,06/10/2024,踱步,沙田,飛機場,沙田 飛機場,,,,,,助手,,踱步,H,飛機場 踱步 (助手)
H212,05/10/2024,游水,沙田,,沙田,,,,,,,,游水,,
H212,05/10/2024,踱步,沙田,飛機場,沙田 飛機場,,,,,,助手,,踱步,H,飛機場 踱步 (助手)
H212,04/10/2024,試閘,沙田,全天候,沙田 全天候,1200M,1.11.08,71.08,24.9 23.1 23.0,加州星球,希威森,,第1組,V/XB,第1組 (希威森) 1200M 加州星球 24.9 23.1 23.0 (1.11.08)
H212,03/10/2024,游水,沙田,,沙田,,,,,,,,游水,,
H212,03/10/2024,踱步,沙田,內圈,沙田 內圈,,,,,,助手,,倒快一圈,H,內圈 倒快一圈 (助手)
H212,02/10/2024,游水,沙田,,沙田,,,,,,,,游水,,
H212,02/10/2024,踱步,沙田,內圈,沙田 內圈,,,,,,助手,,快踱一圈,H,內圈 快踱一圈 (助手)
H212,01/10/2024,游水,沙田,,沙田,,,,,,,,游水,,
H212,01/10/2024,踱步,沙田,內圈,沙田 內圈,,,,,,助手,,快踱一圈,H,內圈 快踱一圈 (助手)
H212,30/09/2024,游水,沙田,,沙田,,,,,,,,游水,,
H212,30/09/2024,快操,沙田,全天候,沙田 全天候,,56.0,56.0,30.6 25.4,,希威森,,快操,H,30.6 25.4 (56.0) (希威森)
H212,29/09/2024,游水,沙田,,沙田,,,,,,,,游水,,
H212,28/09/2024,游水,沙田,,沙田,,,,,,,,游水,,
H212,28/09/2024,踱步,沙田,內圈,沙田 內圈,,,,,,助手,,快踱一圈,H,內圈 快踱一圈 (助手)
H212,27/09/2024,游水,沙田,,沙田,,,,,,,,游水,,
H212,27/09/2024,踱步,沙田,內圈,沙田 內圈,,,,,,助手,,快踱一圈,H,內圈 快踱一圈 (助手)
H212,26/09/2024,游水,沙田,,沙田,,,,,,,,游水,,
H212,26/09/2024,快操,沙田,全天候,沙田 全天候,,59.5,59.5,32.3 27.2,,副練馬師,,快操,H,32.3 27.2 (59.5) (副練馬師)
H212,26/09/2024,踱步,沙田,飛機場,沙田 飛機場,,,,,,副練馬師,,踱步,H,飛機場 踱步 (副練馬師)
H212,25/09/2024,游水,沙田,,沙田,,,,,,,,游水,,
H212,25/09/2024,踱步,沙田,內圈,沙田 內圈,,,,,,助手,,快踱一圈,H,內圈 快踱一圈 (助手)
H212,24/09/2024,游水,沙田,,沙田,,,,,,,,游水,,
H212,24/09/2024,踱步,沙田,內圈,沙田 內圈,,,,,,助手,,快踱一圈,H,內圈 快踱一圈 (助手)
H212,23/09/2024,游水,沙田,,沙田,,,,,,,,游水,,
H212,23/09/2024,快操,沙田,全天候,沙田 全天候,,59.2,59.2,32.3 26.9,,副練馬師,,快操,H,32.3 26.9 (59.2) (副練馬師)
H212,23/09/2024,踱步,沙田,飛機場,沙田 飛機場,,,,,,副練馬師,,踱步,H,飛機場 踱步 (副練馬師)
H212,22/09/2024,游水,沙田,,沙田,,,,,,,,游水,,
H212,21/09/2024,游水,沙田,,沙田,,,,,,,,游水,,
H212,21/09/2024,踱步,沙田,內圈,沙田 內圈,,,,,,助手,,快踱一圈,H,內圈 快踱一圈 (助手)
H212,20/09/2024,游水,沙田,,沙田,,,,,,,,游水,,
H212,20/09/2024,踱步,沙田,內圈,沙田 內圈,,,,,,助手,,快踱一圈,H,內圈 快踱一圈 (助手)
H212,19/09/2024,游水,沙田,,沙田,,,,,,,,游水,,
H212,19/09/2024,踱步,沙田,內圈,沙田 內圈,,,,,,助手,,倒快一圈,,內圈 倒快一圈 (助手)
H212,18/09/2024,游水,沙田,,沙田,,,,,,,,游水,,
H212,18/09/2024,踱步,沙田,飛機場,沙田 飛機場,,,,,,助手,,踱步,H,飛機場 踱步 (助手)
H212,17/09/2024,試閘,沙田,草地,沙田 草地,1000M,0.57.50,57.5,13.8 21.2 22.5,手到齊來,何澤堯,,第1組,V/XB,第1組 (何澤堯) 1000M 手到齊來 13.8 21.2 22.5 (0.57.50)
H212,16/09/2024,游水,沙田,,沙田,,,,,,,,游水,,
H212,16/09/2024,踱步,沙田,內圈,沙田 內圈,,,,,,助手,,倒快一圈,H,內圈 倒快一圈 (助手)
H212,15/09/2024,游水,沙田,,沙田,,,,,,,,游水,,
H212,14/09/2024,游水,沙田,,沙田,,,,,,,,游水,,
H212,14/09/2024,踱步,沙田,內圈,沙田 內圈,,,,,,助手,,快踱一圈,H,內圈 快踱一圈 (助手)
H212,13/09/2024,游水,沙田,,沙田,,,,,,,,游水,,
H212,13/09/2024,快操,沙田,全天候,沙田 全天候,,58.5,58.5,31.3 27.2,,副練馬師,,遙遙領先,H,31.3 27.2 (58.5) (副練馬師) 遙遙領先
H212,13/09/2024,踱步,沙田,飛機場,沙田 飛機場,,,,,,副練馬師,,踱步,H,飛機場 踱步 (副練馬師)
H212,12/09/2024,游水,沙田,,沙田,,,,,,,,游水,,
H212,12/09/2024,踱步,沙田,內圈,沙田 內圈,,,,,,助手,,倒快一圈,H,內圈 倒快一圈 (助手)
H212,11/09/2024,游水,沙田,,沙田,,,,,,,,游水,,
H212,11/09/2024,踱步,沙田,內圈,沙田 內圈,,,,,,助手,,快踱一圈,H,內圈 快踱一圈 (助手)
H212,10/09/2024,游水,沙田,,沙田,,,,,,,,游水,,
H212,10/09/2024,快操,沙田,全天候,沙田 全天候,,59.8,59.8,32.3 27.5,,副練馬師,,快操,H,32.3 27.5 (59.8) (副練馬師)
H212,10/09/2024,踱步,沙田,飛機場,沙田 飛機場,,,,,,副練馬師,,踱步,H,飛機場 踱步 (副練馬師)
H212,09/09/2024,游水,沙田,,沙田,,,,,,,,游水,,
H212,09/09/2024,踱步,沙田,內圈,沙田 內圈,,,,,,助手,,倒快一圈,H,內圈 倒快一圈 (助手)
H212,08/09/2024,游水,沙田,,沙田,,,,,,,,游水,,
H212,07/09/2024,游水,沙田,,沙田,,,,,,,,游水,,
H212,07/09/2024,快操,沙田,全天候,沙田 全天候,,58.0,58.0,31.1 26.9,,副練馬師,,快操,H,31.1 26.9 (58.0) (副練馬師)
H212,07/09/2024,踱步,沙田,飛機場,沙田 飛機場,,,,,,副練馬師,,踱步,H,飛機場 踱步 (副練馬師)
H212,06/09/2024,游水,沙田,,沙田,,,,,,,,游水,,
H212,05/09/2024,游水,沙田,,沙田,,,,,,,,游水,,
H212,05/09/2024,踱步,沙田,內圈,沙田 內圈,,,,,,助手,,倒快一圈,H,內圈 倒快一圈 (助手)
H212,04/09/2024,游水,沙田,,沙田,,,,,,,,游水,,
H212,04/09/2024,踱步,沙田,內圈,沙田 內圈,,,,,,助手,,快踱一圈,H,內圈 快踱一圈 (助手)
H212,03/09/2024,游水,沙田,,沙田,,,,,,,,游水,,
H212,03/09/2024,快操,沙田,全天候,沙田 全天候,,57.2,57.2,30.5 26.7,,副練馬師,,快操,H,30.5 26.7 (57.2) (副練馬師)
H212,03/09/2024,踱步,沙田,飛機場,沙田 飛機場,,,,,,副練馬師,,踱步,H,飛機場 踱步 (副練馬師)
H212,02/09/2024,游水,沙田,,沙田,,,,,,,,游水,,
H212,02/09/2024,踱步,沙田,內圈,沙田 內圈,,,,,,助手,,倒快一圈,H,內圈 倒快一圈 (助手)
H212,01/09/2024,游水,沙田,,沙田,,,,,,,,游水,,
H212,31/08/2024,游水,沙田,,沙田,,,,,,,,游水,,
H212,31/08/2024,踱步,沙田,外圈,沙田 外圈,,,,,,助手,,快踱一圈,H,外圈 快踱一圈 (助手)
H212,30/08/2024,游水,沙田,,沙田,,,,,,,,游水,,
H212,30/08/2024,踱步,沙田,內圈,沙田 內圈,,,,,,助手,,快踱一圈,H,內圈 快踱一圈 (助手)
H212,29/08/2024,游水,沙田,,沙田,,,,,,,,游水,,
H212,29/08/2024,踱步,沙田,內圈,沙田 內圈,,,,,,助手,,倒快一圈,H,內圈 倒快一圈 (助手)
H212,28/08/2024,游水,沙田,,沙田,,,,,,,,游水,,
H212,28/08/2024,踱步,沙田,內圈,沙田 內圈,,,,,,助手,,快踱一圈,H,內圈 快踱一圈 (助手)
H212,27/08/2024,游水,沙田,,沙田,,,,,,,,游水,,
H212,27/08/2024,踱步,沙田,內圈,沙田 內圈,,,,,,助手,,快踱一圈,H,內圈 快踱一圈 (助手)
H212,26/08/2024,游水,沙田,,沙田,,,,,,,,游水,,
H212,26/08/2024,踱步,沙田,內圈,沙田 內圈,,,,,,助手,,倒快一圈,H,內圈 倒快一圈 (助手)
H212,25/08/2024,游水,沙田,,沙田,,,,,,,,游水,,
H212,24/08/2024,游水,沙田,,沙田,,,,,,,,游水,,
H212,24/08/2024,踱步,沙田,內圈,沙田 內圈,,,,,,助手,,快踱一圈,H,內圈 快踱一圈 (助手)
H212,23/08/2024,游水,沙田,,沙田,,,,,,,,游水,,
H212,22/08/2024,游水,沙田,,沙田,,,,,,,,游水,,
H212,22/08/2024,踱步,沙田,內圈,沙田 內圈,,,,,,助手,,倒快一圈,H,內圈 倒快一圈 (助手)
H212,21/08/2024,游水,沙田,,沙田,,,,,,,,游水,,
H212,21/08/2024,踱步,沙田,內圈,沙田 內圈,,,,,,助手,,快踱一圈,H,內圈 快踱一圈 (助手)
H212,20/08/2024,游水,沙田,,沙田,,,,,,,,游水,,
H212,20/08/2024,踱步,沙田,內圈,沙田 內圈,,,,,,助手,,快踱一圈,H,內圈 快踱一圈 (助手)
H212,19/08/2024,游水,沙田,,沙田,,,,,,,,游水,,
H212,19/08/2024,踱步,沙田,飛機場,沙田 飛機場,,,,,,助手,,踱步,H,飛機場 踱步 (助手)
H212,18/08/2024,游水,沙田,,沙田,,,,,,,,游水,,
H212,18/08/2024,踱步,沙田,飛機場,沙田 飛機場,,,,,,助手,,踱步,H,飛機場 踱步 (助手)
H212,17/08/2024,游水,沙田,,沙田,,,,,,,,游水,,
H212,17/08/2024,踱步,沙田,飛機場,沙田 飛機場,,,,,,助手,,踱步,H,飛機場 踱步 (助手)
H212,16/08/2024,游水,沙田,,沙田,,,,,,,,游水,,
H212,16/08/2024,踱步,沙田,飛機場,沙田 飛機場,,,,,,助手,,踱步,H,飛機場 踱步 (助手)
H212,15/08/2024,游水,沙田,,沙田,,,,,,,,游水,,
H212,15/08/2024,踱步,沙田,飛機場,沙田 飛機場,,,,,,助手,,踱步,H,飛機場 踱步 (助手)
H212,14/08/2024,游水,沙田,,沙田,,,,,,,,游水,,
H212,13/08/2024,游水,沙田,,沙田,,,,,,,,游水,,
H212,12/08/2024,游水,沙田,,沙田,,,,,,,,游水,,
H212,11/08/2024,游水,沙田,,沙田,,,,,,,,游水,,
H212,10/08/2024,游水,沙田,,沙田,,,,,,,,游水,,
H212,09/08/2024,游水,沙田,,沙田,,,,,,,,游水,,
H212,08/08/2024,游水,沙田,,沙田,,,,,,,,游水,,
H212,07/08/2024,游水,沙田,,沙田,,,,,,,,游水,,
H212,06/08/2024,游水,沙田,,沙田,,,,,,,,游水,,
H212,05/08/2024,游水,沙田,,沙田,,,,,,,,游水,,
H212,04/08/2024,游水,沙田,,沙田,,,,,,,,游水,,
H212,03/08/2024,游水,沙田,,沙田,,,,,,,,游水,,
H212,02/08/2024,游水,沙田,,沙田,,,,,,,,游水,,
H212,14/07/2024,出賽,沙田,草地,沙田 草地,1600M,,,,,潘頓,1/10,出賽,B-/XB/V1,1600M (潘頓) (1/10)
H212,13/07/2024,游水,沙田,,沙田,,,,,,,,游水,,
H212,13/07/2024,踱步,沙田,內圈,沙田 內圈,,,,,,助手,,快踱一圈,H,內圈 快踱一圈 (助手)
H212,12/07/2024,游水,沙田,,沙田,,,,,,,,游水,,
H212,12/07/2024,踱步,沙田,內圈,沙田 內圈,,,,,,助手,,快踱一圈,H,內圈 快踱一圈 (助手)
H212,11/07/2024,游水,沙田,,沙田,,,,,,,,游水,,
H212,11/07/2024,快操,沙田,全天候,沙田 全天候,,57.8,57.8,30.6 27.2,,潘頓,,快操,H,30.6 27.2 (57.8) (潘頓)
H212,10/07/2024,游水,沙田,,沙田,,,,,,,,游水,,
H212,10/07/2024,踱步,沙田,內圈,沙田 內圈,,,,,,助手,,快踱一圈,H,內圈 快踱一圈 (助手)
H212,09/07/2024,游水,沙田,,沙田,,,,,,,,游水,,
H212,09/07/2024,踱步,沙田,內圈,沙田 內圈,,,,,,助手,,快踱一圈,H,內圈 快踱一圈 (助手)
H212,08/07/2024,游水,沙田,,沙田,,,,,,,,游水,,
H212,08/07/2024,快操,沙田,草閘,沙田 草閘,,49.0,49.0,25.6 23.4,,潘頓,,好勁力,B,25.6 23.4 (49.0) (潘頓) 好勁力
H212,07/07/2024,游水,沙田,,沙田,,,,,,,,游水,,
H212,06/07/2024,游水,沙田,,沙田,,,,,,,,游水,,
H212,06/07/2024,踱步,沙田,內圈,沙田 內圈,,,,,,助手,,快踱一圈,H,內圈 快踱一圈 (助手)
H212,05/07/2024,游水,沙田,,沙田,,,,,,,,游水,,
H212,05/07/2024,快操,沙田,全天候,沙田 全天候,,55.8,55.8,29.4 26.4,,副練馬師,,快操,H,29.4 26.4 (55.8) (副練馬師)
H212,05/07/2024,踱步,沙田,飛機場,沙田 飛機場,,,,,,副練馬師,,踱步,H,飛機場 踱步 (副練馬師)
H212,04/07/2024,游水,沙田,,沙田,,,,,,,,游水,,
H212,04/07/2024,踱步,沙田,內圈,沙田 內圈,,,,,,助手,,倒快兩圈,H,內圈 倒快兩圈 (助手)
H212,03/07/2024,游水,沙田,,沙田,,,,,,,,游水,,
H212,03/07/2024,踱步,沙田,內圈,沙田 內圈,,,,,,助手,,快踱一圈,H,內圈 快踱一圈 (助手)
H212,02/07/2024,游水,沙田,,沙田,,,,,,,,游水,,
H212,02/07/2024,快操,沙田,全天候,沙田 全天候,,57.6,57.6,30.7 26.9,,副練馬師,,快操,H,30.7 26.9 (57.6) (副練馬師)
H212,02/07/2024,踱步,沙田,飛機場,沙田 飛機場,,,,,,副練馬師,,踱步,H,飛機場 踱步 (副練馬師)
H212,01/07/2024,游水,沙田,,沙田,,,,,,,,游水,,
H212,01/07/2024,踱步,沙田,內圈,沙田 內圈,,,,,,助手,,倒快一圈,H,內圈 倒快一圈 (助手)
H212,30/06/2024,游水,沙田,,沙田,,,,,,,,游水,,
H212,29/06/2024,游水,沙田,,沙田,,,,,,,,游水,,
H212,29/06/2024,踱步,沙田,內圈,沙田 內圈,,,,,,助手,,快踱一圈,H,內圈 快踱一圈 (助手)
H212,28/06/2024,游水,沙田,,沙田,,,,,,,,游水,,
H212,28/06/2024,踱步,沙田,內圈,沙田 內圈,,,,,,助手,,快踱一圈,H,內圈 快踱一圈 (助手)
H212,27/06/2024,游水,沙田,,沙田,,,,,,,,游水,,
H212,27/06/2024,踱步,沙田,內圈,沙田 內圈,,,,,,助手,,倒快一圈,H,內圈 倒快一圈 (助手)
H212,26/06/2024,游水,沙田,,沙田,,,,,,,,游水,,
H212,26/06/2024,踱步,沙田,飛機場,沙田 飛機場,,,,,,助手,,踱步,H,飛機場 踱步 (助手)
H212,25/06/2024,游水,沙田,,沙田,,,,,,,,游水,,
H212,23/06/2024,出賽,沙田,草地,沙田 草地,1800M,,,,,班德禮,4/11,出賽,B/XB,1800M (班德禮) (4/11)
H212,23/06/2024,踱步,沙田,飛機場,沙田 飛機場,,,,,,助手,,踱步,H,飛機場 踱步 (助手)
H212,22/06/2024,游水,沙田,,沙田,,,,,,,,游水,,
H212,22/06/2024,踱步,沙田,內圈,沙田 內圈,,,,,,助手,,快踱一圈,H,內圈 快踱一圈 (助手)
H212,21/06/2024,游水,沙田,,沙田,,,,,,,,游水,,
H212,21/06/2024,踱步,沙田,內圈,沙田 內圈,,,,,,助手,,快踱一圈,H,內圈 快踱一圈 (助手)
H212,20/06/2024,游水,沙田,,沙田,,,,,,,,游水,,
H212,20/06/2024,快操,沙田,全天候,沙田 全天候,,1.00.0,60.0,32.6 27.4,,副練馬師,,快操,H,32.6 27.4 (1.00.0) (副練馬師)
H212,20/06/2024,踱步,沙田,飛機場,沙田 飛機場,,,,,,副練馬師,,踱步,H,飛機場 踱步 (副練馬師)
H212,19/06/2024,游水,沙田,,沙田,,,,,,,,游水,,
H212,19/06/2024,踱步,沙田,內圈,沙田 內圈,,,,,,助手,,快踱一圈,H,內圈 快踱一圈 (助手)
H212,18/06/2024,游水,沙田,,沙田,,,,,,,,游水,,
H212,18/06/2024,踱步,沙田,內圈,沙田 內圈,,,,,,助手,,快踱一圈,H,內圈 快踱一圈 (助手)
H212,17/06/2024,游水,沙田,,沙田,,,,,,,,游水,,
H212,17/06/2024,快操,沙田,草閘,沙田 草閘,,54.8,54.8,28.1 26.7,,副練馬師,,快操,H,28.1 26.7 (54.8) (副練馬師)
H212,16/06/2024,游水,沙田,,沙田,,,,,,,,游水,,
H212,15/06/2024,游水,沙田,,沙田,,,,,,,,游水,,
H212,15/06/2024,踱步,沙田,內圈,沙田 內圈,,,,,,助手,,快踱一圈,H,內圈 快踱一圈 (助手)
H212,14/06/2024,游水,沙田,,沙田,,,,,,,,游水,,
H212,14/06/2024,快操,沙田,全天候,沙田 全天候,,59.9,59.9,31.1 28.8,,副練馬師,,快操,H,31.1 28.8 (59.9) (副練馬師)
H212,14/06/2024,踱步,沙田,飛機場,沙田 飛機場,,,,,,副練馬師,,踱步,H,飛機場 踱步 (副練馬師)
H212,13/06/2024,游水,沙田,,沙田,,,,,,,,游水,,
H212,13/06/2024,踱步,沙田,內圈,沙田 內圈,,,,,,助手,,倒快兩圈,H,內圈 倒快兩圈 (助手)
H212,12/06/2024,游水,沙田,,沙田,,,,,,,,游水,,
H212,12/06/2024,踱步,沙田,內圈,沙田 內圈,,,,,,助手,,快踱一圈,H,內圈 快踱一圈 (助手)
H212,11/06/2024,游水,沙田,,沙田,,,,,,,,游水,,
H212,11/06/2024,快操,沙田,全天候,沙田 全天候,,56.0,56.0,29.4 26.6,,班德禮,,快操,H,29.4 26.6 (56.0) (班德禮)
H212,10/06/2024,游水,沙田,,沙田,,,,,,,,游水,,
H212,10/06/2024,踱步,沙田,內圈,沙田 內圈,,,,,,助手,,倒快一圈,H,內圈 倒快一圈 (助手)
H212,09/06/2024,游水,沙田,,沙田,,,,,,,,游水,,
H212,08/06/2024,游水,沙田,,沙田,,,,,,,,游水,,
H212,08/06/2024,踱步,沙田,內圈,沙田 內圈,,,,,,助手,,快踱一圈,H,內圈 快踱一圈 (助手)
H212,07/06/2024,游水,沙田,,沙田,,,,,,,,游水,,
H212,07/06/2024,踱步,沙田,內圈,沙田 內圈,,,,,,助手,,快踱一圈,H,內圈 快踱一圈 (助手)
H212,06/06/2024,游水,沙田,,沙田,,,,,,,,游水,,
H212,06/06/2024,踱步,沙田,內圈,沙田 內圈,,,,,,助手,,倒快一圈,H,內圈 倒快一圈 (助手)
H212,05/06/2024,游水,沙田,,沙田,,,,,,,,游水,,
H212,05/06/2024,踱步,沙田,飛機場,沙田 飛機場,,,,,,助手,,踱步,H,飛機場 踱步 (助手)
H212,04/06/2024,游水,沙田,,沙田,,,,,,,,游水,,
H212,02/06/2024,出賽,沙田,草地,沙田 草地,1600M,,,,,希威森,2/7,出賽,B/XB,1600M (希威森) (2/7)
H212,02/06/2024,踱步,沙田,飛機場,沙田 飛機場,,,,,,助手,,踱步,H,飛機場 踱步 (助手)
H212,01/06/2024,游水,沙田,,沙田,,,,,,,,游水,,
H212,01/06/2024,踱步,沙田,內圈,沙田 內圈,,,,,,助手,,快踱一圈,H,內圈 快踱一圈 (助手)
H212,31/05/2024,游水,沙田,,沙田,,,,,,,,游水,,
H212,31/05/2024,踱步,沙田,內圈,沙田 內圈,,,,,,助手,,快踱一圈,H,內圈 快踱一圈 (助手)
H212,30/05/2024,游水,沙田,,沙田,,,,,,,,游水,,
H212,30/05/2024,快操,沙田,全天候,沙田 全天候,,56.4,56.4,30.3 26.1,,希威森,,快操,H,30.3 26.1 (56.4) (希威森)
H212,29/05/2024,游水,沙田,,沙田,,,,,,,,游水,,
H212,29/05/2024,踱步,沙田,內圈,沙田 內圈,,,,,,助手,,快踱一圈,H,內圈 快踱一圈 (助手)
H212,28/05/2024,游水,沙田,,沙田,,,,,,,,游水,,
H212,28/05/2024,踱步,沙田,內圈,沙田 內圈,,,,,,助手,,快踱一圈,H,內圈 快踱一圈 (助手)
H212,27/05/2024,游水,沙田,,沙田,,,,,,,,游水,,
H212,27/05/2024,快操,沙田,草閘,沙田 草閘,,49.1,49.1,25.5 23.6,,希威森,,安康萬里,H,25.5 23.6 (49.1) (希威森) 安康萬里
H212,26/05/2024,游水,沙田,,沙田,,,,,,,,游水,,
H212,25/05/2024,游水,沙田,,沙田,,,,,,,,游水,,
H212,25/05/2024,踱步,沙田,內圈,沙田 內圈,,,,,,助手,,快踱一圈,H,內圈 快踱一圈 (助手)
H212,24/05/2024,游水,沙田,,沙田,,,,,,,,游水,,
H212,24/05/2024,快操,沙田,全天候,沙田 全天候,,58.2,58.2,31.6 26.6,,副練馬師,,快操,H,31.6 26.6 (58.2) (副練馬師)
H212,24/05/2024,踱步,沙田,飛機場,沙田 飛機場,,,,,,副練馬師,,踱步,H,飛機場 踱步 (副練馬師)
H212,23/05/2024,游水,沙田,,沙田,,,,,,,,游水,,
H212,23/05/2024,踱步,沙田,內圈,沙田 內圈,,,,,,助手,,倒快兩圈,H,內圈 倒快兩圈 (助手)
H212,22/05/2024,游水,沙田,,沙田,,,,,,,,游水,,
H212,22/05/2024,踱步,沙田,內圈,沙田 內圈,,,,,,助手,,快踱一圈,H,內圈 快踱一圈 (助手)
H212,21/05/2024,游水,沙田,,沙田,,,,,,,,游水,,
H212,21/05/2024,快操,沙田,全天候,沙田 全天候,,30.0,30.0,30.0,,副練馬師,,快操,H,30.0 (30.0) (副練馬師)
H212,21/05/2024,踱步,沙田,飛機場,沙田 飛機場,,,,,,助手,,踱步,H,飛機場 踱步 (助手)
H212,20/05/2024,游水,沙田,,沙田,,,,,,,,游水,,
H212,20/05/2024,踱步,沙田,內圈,沙田 內圈,,,,,,助手,,倒快兩圈,H,內圈 倒快兩圈 (助手)
H212,19/05/2024,游水,沙田,,沙田,,,,,,,,游水,,
H212,18/05/2024,游水,沙田,,沙田,,,,,,,,游水,,
H212,18/05/2024,快操,沙田,全天候,沙田 全天候,,1.00.2,60.2,32.4 27.8,,副練馬師,,快操,H,32.4 27.8 (1.00.2) (副練馬師)
H212,18/05/2024,踱步,沙田,飛機場,沙田 飛機場,,,,,,副練馬師,,踱步,B,飛機場 踱步 (副練馬師)
H212,17/05/2024,游水,沙田,,沙田,,,,,,,,游水,,
H212,17/05/2024,踱步,沙田,內圈,沙田 內圈,,,,,,助手,,快踱一圈,H,內圈 快踱一圈 (助手)
H212,16/05/2024,游水,沙田,,沙田,,,,,,,,游水,,
H212,16/05/2024,踱步,沙田,內圈,沙田 內圈,,,,,,助手,,倒快一圈,H,內圈 倒快一圈 (助手)
H212,15/05/2024,游水,沙田,,沙田,,,,,,,,游水,,
H212,15/05/2024,踱步,沙田,內圈,沙田 內圈,,,,,,助手,,快踱一圈,H,內圈 快踱一圈 (助手)
H212,14/05/2024,游水,沙田,,沙田,,,,,,,,游水,,
H212,14/05/2024,踱步,沙田,飛機場,沙田 飛機場,,,,,,助手,,踱步,H,飛機場 踱步 (助手)
H212,13/05/2024,游水,沙田,,沙田,,,,,,,,游水,,
H212,11/05/2024,出賽,沙田,草地,沙田 草地,1600M,,,,,何澤堯,1/10,出賽,B/XB,1600M (何澤堯) (1/10)
H212,11/05/2024,踱步,沙田,飛機場,沙田 飛機場,,,,,,助手,,踱步,H,飛機場 踱步 (助手)
H212,10/05/2024,游水,沙田,,沙田,,,,,,,,游水,,
H212,10/05/2024,踱步,沙田,內圈,沙田 內圈,,,,,,助手,,快踱一圈,H,內圈 快踱一圈 (助手)
H212,09/05/2024,游水,沙田,,沙田,,,,,,,,游水,,
H212,09/05/2024,快操,沙田,全天候,沙田 全天候,,56.5,56.5,29.9 26.6,,何澤堯,,快操,H,29.9 26.6 (56.5) (何澤堯)
H212,08/05/2024,游水,沙田,,沙田,,,,,,,,游水,,
H212,08/05/2024,踱步,沙田,內圈,沙田 內圈,,,,,,助手,,快踱一圈,H,內圈 快踱一圈 (助手)
H212,07/05/2024,游水,沙田,,沙田,,,,,,,,游水,,
H212,06/05/2024,游水,沙田,,沙田,,,,,,,,游水,,
H212,06/05/2024,快操,沙田,草閘,沙田 草閘,,53.0,53.0,27.3 25.7,,何澤堯,,安康萬里,H,27.3 25.7 (53.0) (何澤堯) 安康萬里
H212,05/05/2024,游水,沙田,,沙田,,,,,,,,游水,,
H212,04/05/2024,游水,沙田,,沙田,,,,,,,,游水,,
H212,04/05/2024,踱步,沙田,內圈,沙田 內圈,,,,,,助手,,快踱一圈,H,內圈 快踱一圈 (助手)
H212,03/05/2024,游水,沙田,,沙田,,,,,,,,游水,,
H212,03/05/2024,踱步,沙田,內圈,沙田 內圈,,,,,,助手,,快踱一圈,H,內圈 快踱一圈 (助手)
H212,02/05/2024,游水,沙田,,沙田,,,,,,,,游水,,
H212,02/05/2024,快操,沙田,全天候,沙田 全天候,,58.6,58.6,30.6 28.0,,副練馬師,,快操,H,30.6 28.0 (58.6) (副練馬師)
H212,02/05/2024,踱步,沙田,飛機場,沙田 飛機場,,,,,,副練馬師,,踱步,H,飛機場 踱步 (副練馬師)
H212,01/05/2024,游水,沙田,,沙田,,,,,,,,游水,,
H212,01/05/2024,踱步,沙田,內圈,沙田 內圈,,,,,,助手,,快踱一圈,H,內圈 快踱一圈 (助手)
H212,30/04/2024,游水,沙田,,沙田,,,,,,,,游水,,
H212,30/04/2024,踱步,沙田,內圈,沙田 內圈,,,,,,助手,,快踱一圈,H,內圈 快踱一圈 (助手)
H212,29/04/2024,游水,沙田,,沙田,,,,,,,,游水,,
H212,29/04/2024,踱步,沙田,內圈,沙田 內圈,,,,,,助手,,倒快一圈,H,內圈 倒快一圈 (助手)
H212,28/04/2024,游水,沙田,,沙田,,,,,,,,游水,,
H212,28/04/2024,踱步,沙田,飛機場,沙田 飛機場,,,,,,助手,,踱步,H,飛機場 踱步 (助手)
H212,27/04/2024,踱步,從化,飛機場,從化 飛機場,,,,,,助手,,踱步,H/XB,飛機場 踱步 (助手)
H212,26/04/2024,游水,從化,,從化,,,,,,,,游水,,
H212,26/04/2024,踱步,從化,內圈,從化 內圈,,,,,,助手,,快踱一圈,H/XB,內圈 快踱一圈 (助手)
H212,25/04/2024,游水,從化,,從化,,,,,,,,游水,,
H212,25/04/2024,踱步,從化,內圈,從化 內圈,,,,,,助手,,倒快一圈,H/XB,內圈 倒快一圈 (助手)
H212,24/04/2024,游水,從化,,從化,,,,,,,,游水,,
H212,24/04/2024,踱步,從化,飛機場,從化 飛機場,,,,,,助手,,踱步,H/XB,飛機場 踱步 (助手)
H212,23/04/2024,試閘,從化,草地,從化 草地,1200M,1.13.08,73.08,25.6 23.4 24.0,健康心靈,希威森,,第6組,B/XB,第6組 (希威森) 1200M 健康心靈 25.6 23.4 24.0 (1.13.08)
H212,23/04/2024,游水,從化,,從化,,,,,,,,游水,,
H212,23/04/2024,踱步,從化,飛機場,從化 飛機場,,,,,,助手,,踱步,B/XB,飛機場 踱步 (助手)
H212,22/04/2024,游水,從化,,從化,,,,,,,,游水,,
H212,22/04/2024,踱步,從化,內圈,從化 內圈,,,,,,助手,,倒快一圈,H/XB,內圈 倒快一圈 (助手)
H212,21/04/2024,游水,從化,,從化,,,,,,,,游水,,
H212,20/04/2024,游水,從化,,從化,,,,,,,,游水,,
H212,20/04/2024,踱步,從化,內圈,從化 內圈,,,,,,助手,,快踱一圈,H/XB,內圈 快踱一圈 (助手)
H212,19/04/2024,游水,從化,,從化,,,,,,,,游水,,
H212,19/04/2024,踱步,從化,內圈,從化 內圈,,,,,,助手,,快踱一圈,H/XB,內圈 快踱一圈 (助手)
H212,18/04/2024,游水,從化,,從化,,,,,,,,游水,,
H212,18/04/2024,快操,從化,全天候,從化 全天候,,55.5,55.5,29.9 25.6,,助手,,快操,H/XB,29.9 25.6 (55.5) (助手)
H212,18/04/2024,踱步,從化,飛機場,從化 飛機場,,,,,,助手,,踱步,H/XB,飛機場 踱步 (助手)
H212,17/04/2024,游水,從化,,從化,,,,,,,,游水,,
H212,17/04/2024,踱步,從化,內圈,從化 內圈,,,,,,助手,,快踱一圈,H/XB,內圈 快踱一圈 (助手)
H212,16/04/2024,游水,從化,,從化,,,,,,,,游水,,
H212,16/04/2024,踱步,從化,內圈,從化 內圈,,,,,,助手,,快踱一圈,H/XB,內圈 快踱一圈 (助手)
H212,15/04/2024,游水,從化,,從化,,,,,,,,游水,,
H212,15/04/2024,踱步,從化,內圈,從化 內圈,,,,,,助手,,倒快一圈,H/XB,內圈 倒快一圈 (助手)
H212,14/04/2024,游水,從化,,從化,,,,,,,,游水,,
H212,13/04/2024,游水,從化,,從化,,,,,,,,游水,,
H212,13/04/2024,踱步,從化,內圈,從化 內圈,,,,,,助手,,快踱一圈,H/XB,內圈 快踱一圈 (助手)
H212,12/04/2024,游水,從化,,從化,,,,,,,,游水,,
H212,12/04/2024,快操,從化,全天候,從化 全天候,,56.9,56.9,30.7 26.2,,助手,,快操,H,30.7 26.2 (56.9) (助手)
H212,12/04/2024,踱步,從化,飛機場,從化 飛機場,,,,,,助手,,踱步,H,飛機場 踱步 (助手)
H212,11/04/2024,游水,從化,,從化,,,,,,,,游水,,
H212,11/04/2024,踱步,從化,內圈,從化 內圈,,,,,,助手,,倒快一圈,H,內圈 倒快一圈 (助手)
H212,10/04/2024,游水,從化,,從化,,,,,,,,游水,,
H212,10/04/2024,踱步,從化,內圈,從化 內圈,,,,,,助手,,快踱一圈,H,內圈 快踱一圈 (助手)
H212,09/04/2024,游水,從化,,從化,,,,,,,,游水,,
H212,09/04/2024,踱步,從化,內圈,從化 內圈,,,,,,助手,,快踱一圈,H,內圈 快踱一圈 (助手)
H212,08/04/2024,游水,從化,,從化,,,,,,,,游水,,
H212,08/04/2024,快操,從化,全天候,從化 全天候,,57.0,57.0,31.2 25.8,,助手,,快操,H,31.2 25.8 (57.0) (助手)
H212,08/04/2024,踱步,從化,飛機場,從化 飛機場,,,,,,助手,,踱步,H,飛機場 踱步 (助手)
H212,07/04/2024,游水,從化,,從化,,,,,,,,游水,,
H212,06/04/2024,游水,從化,,從化,,,,,,,,游水,,
H212,06/04/2024,踱步,從化,內圈,從化 內圈,,,,,,助手,,快踱一圈,H,內圈 快踱一圈 (助手)
H212,05/04/2024,游水,從化,,從化,,,,,,,,游水,,
H212,05/04/2024,快操,從化,全天候,從化 全天候,,58.0,58.0,31.9 26.1,,助手,,快操,H,31.9 26.1 (58.0) (助手)
H212,05/04/2024,踱步,從化,飛機場,從化 飛機場,,,,,,助手,,踱步,H,飛機場 踱步 (助手)
H212,04/04/2024,游水,從化,,從化,,,,,,,,游水,,
H212,04/04/2024,踱步,從化,內圈,從化 內圈,,,,,,助手,,倒快一圈,H,內圈 倒快一圈 (助手)
H212,03/04/2024,游水,從化,,從化,,,,,,,,游水,,
H212,03/04/2024,踱步,從化,內圈,從化 內圈,,,,,,助手,,快踱一圈,H,內圈 快踱一圈 (助手)
H212,02/04/2024,游水,從化,,從化,,,,,,,,游水,,
H212,02/04/2024,踱步,從化,內圈,從化 內圈,,,,,,助手,,快踱一圈,H,內圈 快踱一圈 (助手)
H212,01/04/2024,游水,從化,,從化,,,,,,,,游水,,
H212,01/04/2024,踱步,從化,內圈,從化 內圈,,,,,,助手,,倒快一圈,H,內圈 倒快一圈 (助手)
H212,31/03/2024,游水,從化,,從化,,,,,,,,游水,,
H212,30/03/2024,游水,從化,,從化,,,,,,,,游水,,
H212,30/03/2024,踱步,從化,飛機場,從化 飛機場,,,,,,助手,,踱步,,飛機場 踱步 (助手)
H212,29/03/2024,游水,從化,,從化,,,,,,,,游水,,
H212,29/03/2024,踱步,沙田,飛機場,沙田 飛機場,,,,,,助手,,踱步,H,飛機場 踱步 (助手)
H212,28/03/2024,游水,沙田,,沙田,,,,,,,,游水,,
H212,27/03/2024,游水,沙田,,沙田,,,,,,,,游水,,
H212,26/03/2024,游水,沙田,,沙田,,,,,,,,游水,,
H212,24/03/2024,出賽,沙田,草地,沙田 草地,2000M,,,,,布宜學,6/14,出賽,B/XB,2000M (布宜學) (6/14)
H212,24/03/2024,踱步,沙田,飛機場,沙田 飛機場,,,,,,助手,,踱步,H,飛機場 踱步 (助手)
H212,23/03/2024,游水,沙田,,沙田,,,,,,,,游水,,
H212,23/03/2024,踱步,沙田,內圈,沙田 內圈,,,,,,助手,,快踱一圈,H,內圈 快踱一圈 (助手)
H212,22/03/2024,游水,沙田,,沙田,,,,,,,,游水,,
H212,22/03/2024,快操,沙田,全天候,沙田 全天候,,53.5,53.5,29.0 24.5,,副練馬師,,快操,H,29.0 24.5 (53.5) (副練馬師)
H212,22/03/2024,踱步,沙田,飛機場,沙田 飛機場,,,,,,副練馬師,,踱步,H,飛機場 踱步 (副練馬師)
H212,21/03/2024,游水,沙田,,沙田,,,,,,,,游水,,
H212,21/03/2024,踱步,沙田,內圈,沙田 內圈,,,,,,助手,,倒快兩圈,H,內圈 倒快兩圈 (助手)
H212,20/03/2024,游水,沙田,,沙田,,,,,,,,游水,,
H212,20/03/2024,踱步,沙田,內圈,沙田 內圈,,,,,,助手,,快踱一圈,H,內圈 快踱一圈 (助手)
H212,19/03/2024,快操,沙田,草地,沙田 草地,,1.30.5,90.5,33.2 32.1 25.2,,副練馬師,,勁速威龍,H,33.2 32.1 25.2 (1.30.5) (副練馬師) 勁速威龍
H212,19/03/2024,踱步,沙田,飛機場,沙田 飛機場,,,,,,副練馬師,,踱步,H,飛機場 踱步 (副練馬師)
H212,18/03/2024,游水,沙田,,沙田,,,,,,,,游水,,
H212,18/03/2024,踱步,沙田,內圈,沙田 內圈,,,,,,助手,,倒快兩圈,H,內圈 倒快兩圈 (助手)
H212,17/03/2024,游水,沙田,,沙田,,,,,,,,游水,,
H212,17/03/2024,踱步,沙田,飛機場,沙田 飛機場,,,,,,助手,,踱步,H,飛機場 踱步 (助手)
H212,16/03/2024,游水,沙田,,沙田,,,,,,,,游水,,
H212,16/03/2024,踱步,沙田,內圈,沙田 內圈,,,,,,助手,,快踱一圈,H,內圈 快踱一圈 (助手)
H212,15/03/2024,游水,沙田,,沙田,,,,,,,,游水,,
H212,15/03/2024,快操,沙田,全天候,沙田 全天候,,57.0,57.0,30.2 26.8,,希威森,,快操,H,30.2 26.8 (57.0) (希威森)
H212,14/03/2024,游水,沙田,,沙田,,,,,,,,游水,,
H212,14/03/2024,踱步,沙田,內圈,沙田 內圈,,,,,,助手,,倒快兩圈,H,內圈 倒快兩圈 (助手)
H212,13/03/2024,游水,沙田,,沙田,,,,,,,,游水,,
H212,13/03/2024,踱步,沙田,內圈,沙田 內圈,,,,,,助手,,快踱一圈,H,內圈 快踱一圈 (助手)
H212,12/03/2024,游水,沙田,,沙田,,,,,,,,游水,,
H212,12/03/2024,快操,沙田,全天候,沙田 全天候,,56.5,56.5,30.1 26.4,,希威森,,快操,H,30.1 26.4 (56.5) (希威森)
H212,11/03/2024,游水,沙田,,沙田,,,,,,,,游水,,
H212,11/03/2024,踱步,沙田,內圈,沙田 內圈,,,,,,助手,,倒快兩圈,H,內圈 倒快兩圈 (助手)
H212,10/03/2024,游水,沙田,,沙田,,,,,,,,游水,,
H212,09/03/2024,游水,沙田,,沙田,,,,,,,,游水,,
H212,09/03/2024,踱步,沙田,內圈,沙田 內圈,,,,,,助手,,快踱一圈,H,內圈 快踱一圈 (助手)
H212,08/03/2024,游水,沙田,,沙田,,,,,,,,游水,,
H212,08/03/2024,踱步,沙田,內圈,沙田 內圈,,,,,,助手,,快踱一圈,H,內圈 快踱一圈 (助手)
H212,07/03/2024,游水,沙田,,沙田,,,,,,,,游水,,
H212,07/03/2024,踱步,沙田,內圈,沙田 內圈,,,,,,助手,,倒快一圈,H,內圈 倒快一圈 (助手)
H212,06/03/2024,游水,沙田,,沙田,,,,,,,,游水,,
H212,06/03/2024,踱步,沙田,飛機場,沙田 飛機場,,,,,,助手,,踱步,H,飛機場 踱步 (助手)
H212,05/03/2024,游水,沙田,,沙田,,,,,,,,游水,,
H212,03/03/2024,出賽,沙田,草地,沙田 草地,1800M,,,,,董明朗,2/14,出賽,B/XB,1800M (董明朗) (2/14)
H212,03/03/2024,踱步,沙田,飛機場,沙田 飛機場,,,,,,助手,,踱步,H,飛機場 踱步 (助手)
H212,02/03/2024,游水,沙田,,沙田,,,,,,,,游水,,
H212,02/03/2024,踱步,沙田,內圈,沙田 內圈,,,,,,助手,,快踱一圈,H,內圈 快踱一圈 (助手)
H212,01/03/2024,游水,沙田,,沙田,,,,,,,,游水,,
H212,01/03/2024,踱步,沙田,內圈,沙田 內圈,,,,,,助手,,快踱一圈,H,內圈 快踱一圈 (助手)
H212,29/02/2024,游水,沙田,,沙田,,,,,,,,游水,,
H212,29/02/2024,快操,沙田,全天候,沙田 全天候,,54.9,54.9,28.9 26.0,,董明朗,,快操,H,28.9 26.0 (54.9) (董明朗)
H212,28/02/2024,游水,沙田,,沙田,,,,,,,,游水,,
H212,28/02/2024,踱步,沙田,內圈,沙田 內圈,,,,,,助手,,快踱一圈,H,內圈 快踱一圈 (助手)
H212,27/02/2024,游水,沙田,,沙田,,,,,,,,游水,,
H212,27/02/2024,踱步,沙田,內圈,沙田 內圈,,,,,,助手,,快踱一圈,H,內圈 快踱一圈 (助手)
H212,26/02/2024,游水,沙田,,沙田,,,,,,,,游水,,
H212,26/02/2024,踱步,沙田,內圈,沙田 內圈,,,,,,助手,,倒快兩圈,H,內圈 倒快兩圈 (助手)
H212,25/02/2024,游水,沙田,,沙田,,,,,,,,游水,,
H212,24/02/2024,游水,沙田,,沙田,,,,,,,,游水,,
H212,24/02/2024,踱步,沙田,內圈,沙田 內圈,,,,,,助手,,快踱一圈,H,內圈 快踱一圈 (助手)
H212,23/02/2024,游水,沙田,,沙田,,,,,,,,游水,,
H212,23/02/2024,踱步,沙田,飛機場,沙田 飛機場,,,,,,助手,,踱步,H,飛機場 踱步 (助手)
H212,22/02/2024,試閘,沙田,全天候,沙田 全天候,1200M,1.10.34,70.34,24.7 23.0 22.6,喜蓮勇感,董明朗,,第1組,B/XB,第1組 (董明朗) 1200M 喜蓮勇感 24.7 23.0 22.6 (1.10.34)
H212,21/02/2024,游水,沙田,,沙田,,,,,,,,游水,,
H212,21/02/2024,踱步,沙田,內圈,沙田 內圈,,,,,,助手,,快踱一圈,H,內圈 快踱一圈 (助手)
H212,20/02/2024,游水,沙田,,沙田,,,,,,,,游水,,
H212,20/02/2024,踱步,沙田,內圈,沙田 內圈,,,,,,助手,,快踱一圈,H,內圈 快踱一圈 (助手)
H212,19/02/2024,游水,沙田,,沙田,,,,,,,,游水,,
H212,19/02/2024,快操,沙田,全天候,沙田 全天候,,54.8,54.8,29.9 24.9,,助手,,快操,H,29.9 24.9 (54.8) (助手)
H212,19/02/2024,踱步,沙田,飛機場,沙田 飛機場,,,,,,助手,,踱步,H,飛機場 踱步 (助手)
H212,18/02/2024,游水,沙田,,沙田,,,,,,,,游水,,
H212,17/02/2024,游水,沙田,,沙田,,,,,,,,游水,,
H212,17/02/2024,踱步,沙田,內圈,沙田 內圈,,,,,,助手,,快踱一圈,H,內圈 快踱一圈 (助手)
H212,16/02/2024,游水,沙田,,沙田,,,,,,,,游水,,
H212,16/02/2024,快操,沙田,全天候,沙田 全天候,,55.6,55.6,29.7 25.9,,助手,,快操,H,29.7 25.9 (55.6) (助手)
H212,15/02/2024,游水,沙田,,沙田,,,,,,,,游水,,
H212,15/02/2024,踱步,沙田,內圈,沙田 內圈,,,,,,助手,,倒快兩圈,H,內圈 倒快兩圈 (助手)
H212,14/02/2024,游水,沙田,,沙田,,,,,,,,游水,,
H212,14/02/2024,踱步,沙田,內圈,沙田 內圈,,,,,,助手,,快踱一圈,H,內圈 快踱一圈 (助手)
H212,13/02/2024,游水,沙田,,沙田,,,,,,,,游水,,
H212,13/02/2024,快操,沙田,全天候,沙田 全天候,,56.8,56.8,30.5 26.3,,助手,,快操,H,30.5 26.3 (56.8) (助手)
H212,13/02/2024,踱步,沙田,飛機場,沙田 飛機場,,,,,,助手,,踱步,H,飛機場 踱步 (助手)
H212,12/02/2024,游水,沙田,,沙田,,,,,,,,游水,,
H212,12/02/2024,踱步,沙田,內圈,沙田 內圈,,,,,,助手,,倒快兩圈,H,內圈 倒快兩圈 (助手)
H212,11/02/2024,游水,沙田,,沙田,,,,,,,,游水,,
H212,11/02/2024,踱步,沙田,內圈,沙田 內圈,,,,,,助手,,快踱一圈,H,內圈 快踱一圈 (助手)
H212,09/02/2024,游水,沙田,,沙田,,,,,,,,游水,,
H212,09/02/2024,踱步,沙田,內圈,沙田 內圈,,,,,,助手,,快踱一圈,H,內圈 快踱一圈 (助手)
H212,08/02/2024,游水,沙田,,沙田,,,,,,,,游水,,
H212,08/02/2024,踱步,沙田,內圈,沙田 內圈,,,,,,助手,,倒快一圈,H,內圈 倒快一圈 (助手)
H212,07/02/2024,游水,沙田,,沙田,,,,,,,,游水,,
H212,06/02/2024,游水,沙田,,沙田,,,,,,,,游水,,
H212,04/02/2024,出賽,沙田,草地,沙田 草地,1600M,,,,,希威森,6/9,出賽,B/XB,1600M (希威森) (6/9)
H212,04/02/2024,踱步,沙田,飛機場,沙田 飛機場,,,,,,助手,,踱步,,飛機場 踱步 (助手)
H212,03/02/2024,游水,沙田,,沙田,,,,,,,,游水,,
H212,03/02/2024,踱步,沙田,內圈,沙田 內圈,,,,,,助手,,快踱一圈,H,內圈 快踱一圈 (助手)
H212,02/02/2024,游水,沙田,,沙田,,,,,,,,游水,,
H212,02/02/2024,快操,沙田,全天候,沙田 全天候,,57.9,57.9,30.9 27.0,,希威森,,快操,H,30.9 27.0 (57.9) (希威森)
H212,02/02/2024,踱步,沙田,飛機場,沙田 飛機場,,,,,,希威森,,踱步,H,飛機場 踱步 (希威森)
H212,01/02/2024,游水,沙田,,沙田,,,,,,,,游水,,
H212,01/02/2024,踱步,沙田,內圈,沙田 內圈,,,,,,助手,,倒快兩圈,H,內圈 倒快兩圈 (助手)
H212,31/01/2024,游水,沙田,,沙田,,,,,,,,游水,,
H212,31/01/2024,踱步,沙田,內圈,沙田 內圈,,,,,,助手,,快踱一圈,H,內圈 快踱一圈 (助手)
H212,30/01/2024,游水,沙田,,沙田,,,,,,,,游水,,
H212,30/01/2024,快操,沙田,草地,沙田 草地,,1.22.9,82.9,29.1 30.3 23.5,,希威森,,勁速威龍,,29.1 30.3 23.5 (1.22.9) (希威森) 勁速威龍
H212,29/01/2024,游水,沙田,,沙田,,,,,,,,游水,,
H212,29/01/2024,踱步,沙田,內圈,沙田 內圈,,,,,,助手,,倒快兩圈,H,內圈 倒快兩圈 (助手)
H212,28/01/2024,游水,沙田,,沙田,,,,,,,,游水,,
H212,27/01/2024,游水,沙田,,沙田,,,,,,,,游水,,
H212,27/01/2024,踱步,沙田,內圈,沙田 內圈,,,,,,助手,,快踱一圈,H,內圈 快踱一圈 (助手)
H212,26/01/2024,游水,沙田,,沙田,,,,,,,,游水,,
H212,26/01/2024,快操,沙田,全天候,沙田 全天候,,55.1,55.1,29.6 25.5,,希威森,,快操,H,29.6 25.5 (55.1) (希威森)
H212,25/01/2024,游水,沙田,,沙田,,,,,,,,游水,,
H212,25/01/2024,踱步,沙田,內圈,沙田 內圈,,,,,,助手,,倒快兩圈,H,內圈 倒快兩圈 (助手)
H212,24/01/2024,游水,沙田,,沙田,,,,,,,,游水,,
H212,24/01/2024,踱步,沙田,內圈,沙田 內圈,,,,,,助手,,快踱一圈,H,內圈 快踱一圈 (助手)
H212,23/01/2024,游水,沙田,,沙田,,,,,,,,游水,,
H212,23/01/2024,快操,沙田,全天候,沙田 全天候,,54.4,54.4,29.3 25.1,,希威森,,快操,H,29.3 25.1 (54.4) (希威森)
H212,22/01/2024,游水,沙田,,沙田,,,,,,,,游水,,
H212,22/01/2024,踱步,沙田,內圈,沙田 內圈,,,,,,助手,,倒快兩圈,H,內圈 倒快兩圈 (助手)
H212,21/01/2024,游水,沙田,,沙田,,,,,,,,游水,,
H212,20/01/2024,游水,沙田,,沙田,,,,,,,,游水,,
H212,20/01/2024,快操,沙田,全天候,沙田 全天候,,53.4,53.4,28.0 25.4,,助手,,快操,H,28.0 25.4 (53.4) (助手)
H212,20/01/2024,踱步,沙田,飛機場,沙田 飛機場,,,,,,助手,,踱步,H,飛機場 踱步 (助手)
H212,19/01/2024,游水,沙田,,沙田,,,,,,,,游水,,
H212,19/01/2024,踱步,沙田,內圈,沙田 內圈,,,,,,助手,,快踱一圈,H,內圈 快踱一圈 (助手)
H212,18/01/2024,游水,沙田,,沙田,,,,,,,,游水,,
H212,18/01/2024,踱步,沙田,內圈,沙田 內圈,,,,,,助手,,倒快一圈,H,內圈 倒快一圈 (助手)
H212,17/01/2024,游水,沙田,,沙田,,,,,,,,游水,,
H212,17/01/2024,踱步,沙田,內圈,沙田 內圈,,,,,,助手,,快踱一圈,H,內圈 快踱一圈 (助手)
H212,16/01/2024,游水,沙田,,沙田,,,,,,,,游水,,
H212,16/01/2024,踱步,沙田,飛機場,沙田 飛機場,,,,,,助手,,踱步,H,飛機場 踱步 (助手)
H212,15/01/2024,游水,沙田,,沙田,,,,,,,,游水,,
H212,13/01/2024,出賽,沙田,草地,沙田 草地,1600M,,,,,希威森,4/14,出賽,B/XB,1600M (希威森) (4/14)
H212,13/01/2024,踱步,沙田,飛機場,沙田 飛機場,,,,,,助手,,踱步,H,飛機場 踱步 (助手)
H212,12/01/2024,游水,沙田,,沙田,,,,,,,,游水,,
H212,12/01/2024,踱步,沙田,內圈,沙田 內圈,,,,,,助手,,快踱一圈,H,內圈 快踱一圈 (助手)
H212,11/01/2024,游水,沙田,,沙田,,,,,,,,游水,,
H212,11/01/2024,快操,沙田,全天候,沙田 全天候,,56.3,56.3,30.4 25.9,,希威森,,快操,H,30.4 25.9 (56.3) (希威森)
H212,10/01/2024,游水,沙田,,沙田,,,,,,,,游水,,
H212,10/01/2024,踱步,沙田,內圈,沙田 內圈,,,,,,助手,,快踱一圈,H,內圈 快踱一圈 (助手)
H212,09/01/2024,游水,沙田,,沙田,,,,,,,,游水,,
H212,09/01/2024,踱步,沙田,內圈,沙田 內圈,,,,,,助手,,快踱一圈,H,內圈 快踱一圈 (助手)
H212,08/01/2024,游水,沙田,,沙田,,,,,,,,游水,,
H212,08/01/2024,快操,沙田,全天候,沙田 全天候,,1.00.4,60.4,33.8 26.6,,希威森,,快操,H,33.8 26.6 (1.00.4) (希威森)
H212,07/01/2024,游水,沙田,,沙田,,,,,,,,游水,,
H212,06/01/2024,游水,沙田,,沙田,,,,,,,,游水,,
H212,06/01/2024,踱步,沙田,內圈,沙田 內圈,,,,,,助手,,快踱一圈,H,內圈 快踱一圈 (助手)
H212,05/01/2024,游水,沙田,,沙田,,,,,,,,游水,,
H212,05/01/2024,踱步,沙田,內圈,沙田 內圈,,,,,,助手,,快踱一圈,H,內圈 快踱一圈 (助手)
H212,04/01/2024,游水,沙田,,沙田,,,,,,,,游水,,
H212,04/01/2024,快操,沙田,全天候,沙田 全天候,,56.1,56.1,30.7 25.4,,希威森,,快操,H,30.7 25.4 (56.1) (希威森)
H212,03/01/2024,游水,沙田,,沙田,,,,,,,,游水,,
H212,03/01/2024,踱步,沙田,內圈,沙田 內圈,,,,,,助手,,快踱一圈,H,內圈 快踱一圈 (助手)
H212,02/01/2024,游水,沙田,,沙田,,,,,,,,游水,,
H212,02/01/2024,踱步,沙田,內圈,沙田 內圈,,,,,,助手,,快踱一圈,H,內圈 快踱一圈 (助手)
H212,01/01/2024,游水,沙田,,沙田,,,,,,,,游水,,
H212,01/01/2024,踱步,沙田,內圈,沙田 內圈,,,,,,助手,,倒快一圈,H,內圈 倒快一圈 (助手)
H212,31/12/2023,游水,沙田,,沙田,,,,,,,,游水,,
H212,30/12/2023,游水,沙田,,沙田,,,,,,,,游水,,
H212,30/12/2023,踱步,沙田,內圈,沙田 內圈,,,,,,助手,,快踱一圈,H,內圈 快踱一圈 (助手)
H212,29/12/2023,游水,沙田,,沙田,,,,,,,,游水,,
H212,29/12/2023,踱步,沙田,飛機場,沙田 飛機場,,,,,,助手,,踱步,H,飛機場 踱步 (助手)
H212,28/12/2023,游水,沙田,,沙田,,,,,,,,游水,,
H212,26/12/2023,出賽,沙田,草地,沙田 草地,1600M,,,,,希威森,1/14,出賽,B/XB,1600M (希威森) (1/14)
H212,25/12/2023,游水,沙田,,沙田,,,,,,,,游水,,
H212,25/12/2023,踱步,沙田,內圈,沙田 內圈,,,,,,助手,,倒快兩圈,H,內圈 倒快兩圈 (助手)
H212,24/12/2023,游水,沙田,,沙田,,,,,,,,游水,,
H212,24/12/2023,踱步,沙田,內圈,沙田 內圈,,,,,,助手,,快踱一圈,H,內圈 快踱一圈 (助手)
H212,23/12/2023,游水,沙田,,沙田,,,,,,,,游水,,
H212,23/12/2023,踱步,沙田,內圈,沙田 內圈,,,,,,助手,,快踱一圈,H,內圈 快踱一圈 (助手)
H212,22/12/2023,游水,沙田,,沙田,,,,,,,,游水,,
H212,22/12/2023,踱步,沙田,內圈,沙田 內圈,,,,,,助手,,快踱一圈,H,內圈 快踱一圈 (助手)
H212,21/12/2023,游水,沙田,,沙田,,,,,,,,游水,,
H212,21/12/2023,快操,沙田,草閘,沙田 草閘,,55.3,55.3,30.7 24.6,,希威森,,獨步天下,H,30.7 24.6 (55.3) (希威森) 獨步天下
H212,20/12/2023,游水,沙田,,沙田,,,,,,,,游水,,
H212,20/12/2023,踱步,沙田,內圈,沙田 內圈,,,,,,助手,,快踱一圈,H,內圈 快踱一圈 (助手)
H212,19/12/2023,游水,沙田,,沙田,,,,,,,,游水,,
H212,19/12/2023,踱步,沙田,內圈,沙田 內圈,,,,,,助手,,快踱一圈,H,內圈 快踱一圈 (助手)
H212,18/12/2023,游水,沙田,,沙田,,,,,,,,游水,,
H212,18/12/2023,快操,沙田,全天候,沙田 全天候,,56.6,56.6,30.7 25.9,,希威森,,快操,H,30.7 25.9 (56.6) (希威森)
H212,17/12/2023,游水,沙田,,沙田,,,,,,,,游水,,
H212,16/12/2023,游水,沙田,,沙田,,,,,,,,游水,,
H212,16/12/2023,踱步,沙田,內圈,沙田 內圈,,,,,,助手,,快踱一圈,H,內圈 快踱一圈 (助手)
H212,15/12/2023,游水,沙田,,沙田,,,,,,,,游水,,
H212,15/12/2023,踱步,沙田,內圈,沙田 內圈,,,,,,助手,,快踱一圈,H,內圈 快踱一圈 (助手)
H212,14/12/2023,游水,沙田,,沙田,,,,,,,,游水,,
H212,14/12/2023,快操,沙田,全天候,沙田 全天候,,55.7,55.7,29.7 26.0,,希威森,,快操,H,29.7 26.0 (55.7) (希威森)
H212,13/12/2023,游水,沙田,,沙田,,,,,,,,游水,,
H212,13/12/2023,踱步,沙田,內圈,沙田 內圈,,,,,,助手,,快踱一圈,H,內圈 快踱一圈 (助手)
H212,12/12/2023,游水,沙田,,沙田,,,,,,,,游水,,
H212,12/12/2023,踱步,沙田,內圈,沙田 內圈,,,,,,助手,,快踱一圈,H,內圈 快踱一圈 (助手)
H212,11/12/2023,游水,沙田,,沙田,,,,,,,,游水,,
H212,11/12/2023,快操,沙田,全天候,沙田 全天候,,57.9,57.9,32.1 25.8,,希威森,,快操,H,32.1 25.8 (57.9) (希威森)
H212,10/12/2023,游水,沙田,,沙田,,,,,,,,游水,,
H212,09/12/2023,游水,沙田,,沙田,,,,,,,,游水,,
H212,09/12/2023,踱步,沙田,內圈,沙田 內圈,,,,,,助手,,快踱一圈,H,內圈 快踱一圈 (助手)
H212,08/12/2023,游水,沙田,,沙田,,,,,,,,游水,,
H212,08/12/2023,快操,沙田,全天候,沙田 全天候,,26.5,26.5,26.5,,希威森,,快操,H,26.5 (26.5) (希威森)
H212,07/12/2023,游水,沙田,,沙田,,,,,,,,游水,,
H212,07/12/2023,踱步,沙田,內圈,沙田 內圈,,,,,,助手,,倒快一圈,H,內圈 倒快一圈 (助手)
H212,06/12/2023,游水,沙田,,沙田,,,,,,,,游水,,
H212,06/12/2023,踱步,沙田,內圈,沙田 內圈,,,,,,助手,,快踱一圈,H,內圈 快踱一圈 (助手)
H212,05/12/2023,游水,沙田,,沙田,,,,,,,,游水,,
H212,05/12/2023,快操,沙田,全天候,沙田 全天候,,57.0,57.0,31.0 26.0,,助手,,快操,H,31.0 26.0 (57.0) (助手)
H212,05/12/2023,踱步,沙田,飛機場,沙田 飛機場,,,,,,助手,,踱步,H,飛機場 踱步 (助手)
H212,04/12/2023,游水,沙田,,沙田,,,,,,,,游水,,
H212,04/12/2023,踱步,沙田,內圈,沙田 內圈,,,,,,助手,,倒快兩圈,H,內圈 倒快兩圈 (助手)
H212,03/12/2023,游水,沙田,,沙田,,,,,,,,游水,,
H212,02/12/2023,游水,沙田,,沙田,,,,,,,,游水,,
H212,02/12/2023,踱步,沙田,內圈,沙田 內圈,,,,,,助手,,快踱一圈,H,內圈 快踱一圈 (助手)
H212,01/12/2023,游水,沙田,,沙田,,,,,,,,游水,,
H212,01/12/2023,踱步,沙田,內圈,沙田 內圈,,,,,,助手,,快踱一圈,H,內圈 快踱一圈 (助手)
H212,30/11/2023,游水,沙田,,沙田,,,,,,,,游水,,
H212,29/11/2023,游水,沙田,,沙田,,,,,,,,游水,,
H212,29/11/2023,踱步,沙田,飛機場,沙田 飛機場,,,,,,助手,,踱步,H,飛機場 踱步 (助手)
H212,28/11/2023,游水,沙田,,沙田,,,,,,,,游水,,
H212,26/11/2023,出賽,沙田,草地,沙田 草地,1600M,,,,,希威森,1/14,出賽,B/XB,1600M (希威森) (1/14)
H212,26/11/2023,游水,沙田,,沙田,,,,,,,,游水,,
H212,26/11/2023,踱步,沙田,飛機場,沙田 飛機場,,,,,,助手,,踱步,,飛機場 踱步 (助手)
H212,25/11/2023,游水,沙田,,沙田,,,,,,,,游水,,
H212,25/11/2023,踱步,沙田,內圈,沙田 內圈,,,,,,助手,,快踱一圈,H,內圈 快踱一圈 (助手)
H212,24/11/2023,游水,沙田,,沙田,,,,,,,,游水,,
H212,24/11/2023,踱步,沙田,內圈,沙田 內圈,,,,,,助手,,快踱一圈,H,內圈 快踱一圈 (助手)
H212,23/11/2023,游水,沙田,,沙田,,,,,,,,游水,,
H212,23/11/2023,快操,沙田,全天候,沙田 全天候,,58.9,58.9,32.9 26.0,,希威森,,快操,H,32.9 26.0 (58.9) (希威森)
H212,22/11/2023,游水,沙田,,沙田,,,,,,,,游水,,
H212,22/11/2023,踱步,沙田,內圈,沙田 內圈,,,,,,助手,,快踱一圈,H,內圈 快踱一圈 (助手)
H212,21/11/2023,游水,沙田,,沙田,,,,,,,,游水,,
H212,21/11/2023,踱步,沙田,內圈,沙田 內圈,,,,,,助手,,快踱一圈,H,內圈 快踱一圈 (助手)
H212,20/11/2023,游水,沙田,,沙田,,,,,,,,游水,,
H212,20/11/2023,快操,沙田,全天候,沙田 全天候,,57.2,57.2,30.3 26.9,,助手,,快操,H,30.3 26.9 (57.2) (助手)
H212,20/11/2023,踱步,沙田,飛機場,沙田 飛機場,,,,,,助手,,踱步,H,飛機場 踱步 (助手)
H212,19/11/2023,游水,沙田,,沙田,,,,,,,,游水,,
H212,18/11/2023,游水,沙田,,沙田,,,,,,,,游水,,
H212,18/11/2023,踱步,沙田,內圈,沙田 內圈,,,,,,助手,,快踱一圈,H,內圈 快踱一圈 (助手)
H212,17/11/2023,游水,沙田,,沙田,,,,,,,,游水,,
H212,17/11/2023,踱步,沙田,內圈,沙田 內圈,,,,,,助手,,快踱一圈,H,內圈 快踱一圈 (助手)
H212,16/11/2023,游水,沙田,,沙田,,,,,,,,游水,,
H212,16/11/2023,踱步,沙田,內圈,沙田 內圈,,,,,,助手,,倒快一圈,H,內圈 倒快一圈 (助手)
H212,15/11/2023,游水,沙田,,沙田,,,,,,,,游水,,
H212,15/11/2023,踱步,沙田,飛機場,沙田 飛機場,,,,,,助手,,踱步,H,飛機場 踱步 (助手)
H212,14/11/2023,試閘,沙田,全天候,沙田 全天候,1200M,1.10.57,70.57,24.3 23.0 23.2,金鎗六十,希威森,,第10組,B/XB,第10組 (希威森) 1200M 金鎗六十 24.3 23.0 23.2 (1.10.57)
H212,13/11/2023,游水,沙田,,沙田,,,,,,,,游水,,
H212,13/11/2023,踱步,沙田,內圈,沙田 內圈,,,,,,助手,,倒快一圈,H,內圈 倒快一圈 (助手)
H212,12/11/2023,游水,沙田,,沙田,,,,,,,,游水,,
H212,11/11/2023,游水,沙田,,沙田,,,,,,,,游水,,
H212,11/11/2023,踱步,沙田,內圈,沙田 內圈,,,,,,助手,,快踱一圈,H,內圈 快踱一圈 (助手)
H212,10/11/2023,游水,沙田,,沙田,,,,,,,,游水,,
H212,10/11/2023,快操,沙田,全天候,沙田 全天候,,57.4,57.4,31.3 26.1,,希威森,,快操,H,31.3 26.1 (57.4) (希威森)
H212,09/11/2023,游水,沙田,,沙田,,,,,,,,游水,,
H212,09/11/2023,踱步,沙田,內圈,沙田 內圈,,,,,,助手,,倒快兩圈,H,內圈 倒快兩圈 (助手)
H212,08/11/2023,游水,沙田,,沙田,,,,,,,,游水,,
H212,08/11/2023,踱步,沙田,內圈,沙田 內圈,,,,,,助手,,快踱一圈,H,內圈 快踱一圈 (助手)
H212,07/11/2023,游水,沙田,,沙田,,,,,,,,游水,,
H212,07/11/2023,快操,沙田,全天候,沙田 全天候,,57.1,57.1,31.0 26.1,,希威森,,快操,H,31.0 26.1 (57.1) (希威森)
H212,06/11/2023,游水,沙田,,沙田,,,,,,,,游水,,
H212,06/11/2023,踱步,沙田,內圈,沙田 內圈,,,,,,助手,,倒快兩圈,H,內圈 倒快兩圈 (助手)
H212,05/11/2023,游水,沙田,,沙田,,,,,,,,游水,,
H212,04/11/2023,游水,沙田,,沙田,,,,,,,,游水,,
H212,04/11/2023,踱步,沙田,內圈,沙田 內圈,,,,,,助手,,快踱一圈,H,內圈 快踱一圈 (助手)
H212,03/11/2023,游水,沙田,,沙田,,,,,,,,游水,,
H212,03/11/2023,快操,沙田,全天候,沙田 全天候,,57.7,57.7,31.3 26.4,,班德禮,,快操,H,31.3 26.4 (57.7) (班德禮)
H212,02/11/2023,游水,沙田,,沙田,,,,,,,,游水,,
H212,02/11/2023,踱步,沙田,內圈,沙田 內圈,,,,,,助手,,倒快兩圈,H,內圈 倒快兩圈 (助手)
H212,01/11/2023,游水,沙田,,沙田,,,,,,,,游水,,
H212,01/11/2023,踱步,沙田,內圈,沙田 內圈,,,,,,助手,,快踱一圈,H,內圈 快踱一圈 (助手)
H212,31/10/2023,游水,沙田,,沙田,,,,,,,,游水,,
H212,31/10/2023,快操,沙田,全天候,沙田 全天候,,56.3,56.3,30.3 26.0,,助手,,快操,H,30.3 26.0 (56.3) (助手)
H212,31/10/2023,踱步,沙田,飛機場,沙田 飛機場,,,,,,助手,,踱步,H,飛機場 踱步 (助手)
H212,30/10/2023,游水,沙田,,沙田,,,,,,,,游水,,
H212,30/10/2023,踱步,沙田,內圈,沙田 內圈,,,,,,助手,,倒快兩圈,H,內圈 倒快兩圈 (助手)
H212,29/10/2023,游水,沙田,,沙田,,,,,,,,游水,,
H212,28/10/2023,游水,沙田,,沙田,,,,,,,,游水,,
H212,28/10/2023,踱步,沙田,內圈,沙田 內圈,,,,,,助手,,快踱一圈,H,內圈 快踱一圈 (助手)
H212,27/10/2023,游水,沙田,,沙田,,,,,,,,游水,,
H212,27/10/2023,踱步,沙田,內圈,沙田 內圈,,,,,,助手,,快踱一圈,H,內圈 快踱一圈 (助手)
H212,26/10/2023,游水,沙田,,沙田,,,,,,,,游水,,
H212,26/10/2023,踱步,沙田,內圈,沙田 內圈,,,,,,助手,,倒快一圈,H,內圈 倒快一圈 (助手)
H212,25/10/2023,游水,沙田,,沙田,,,,,,,,游水,,
H212,25/10/2023,踱步,沙田,飛機場,沙田 飛機場,,,,,,助手,,踱步,H,飛機場 踱步 (助手)
H212,24/10/2023,游水,沙田,,沙田,,,,,,,,游水,,
H212,22/10/2023,出賽,沙田,草地,沙田 草地,1600M,,,,,班德禮,1/14,出賽,B/XB,1600M (班德禮) (1/14)
H212,22/10/2023,踱步,沙田,飛機場,沙田 飛機場,,,,,,助手,,踱步,H,飛機場 踱步 (助手)
H212,21/10/2023,游水,沙田,,沙田,,,,,,,,游水,,
H212,21/10/2023,踱步,沙田,內圈,沙田 內圈,,,,,,助手,,快踱一圈,H,內圈 快踱一圈 (助手)
H212,20/10/2023,游水,沙田,,沙田,,,,,,,,游水,,
H212,20/10/2023,快操,沙田,全天候,沙田 全天候,,57.7,57.7,30.0 27.7,,班德禮,,快操,H,30.0 27.7 (57.7) (班德禮)
H212,19/10/2023,游水,沙田,,沙田,,,,,,,,游水,,
H212,19/10/2023,踱步,沙田,內圈,沙田 內圈,,,,,,助手,,倒快兩圈,H,內圈 倒快兩圈 (助手)
H212,18/10/2023,游水,沙田,,沙田,,,,,,,,游水,,
H212,18/10/2023,踱步,沙田,內圈,沙田 內圈,,,,,,助手,,快踱一圈,H,內圈 快踱一圈 (助手)
H212,17/10/2023,游水,沙田,,沙田,,,,,,,,游水,,
H212,17/10/2023,快操,沙田,全天候,沙田 全天候,,56.0,56.0,30.2 25.8,,助手,,快操,H,30.2 25.8 (56.0) (助手)
H212,17/10/2023,踱步,沙田,飛機場,沙田 飛機場,,,,,,助手,,踱步,H,飛機場 踱步 (助手)
H212,16/10/2023,游水,沙田,,沙田,,,,,,,,游水,,
H212,16/10/2023,踱步,沙田,內圈,沙田 內圈,,,,,,助手,,倒快兩圈,H,內圈 倒快兩圈 (助手)
H212,15/10/2023,游水,沙田,,沙田,,,,,,,,游水,,
H212,14/10/2023,游水,沙田,,沙田,,,,,,,,游水,,
H212,14/10/2023,快操,沙田,全天候,沙田 全天候,,54.9,54.9,30.5 24.4,,助手,,快操,H,30.5 24.4 (54.9) (助手)
H212,13/10/2023,游水,沙田,,沙田,,,,,,,,游水,,
H212,13/10/2023,踱步,沙田,內圈,沙田 內圈,,,,,,助手,,快踱一圈,H,內圈 快踱一圈 (助手)
H212,12/10/2023,游水,沙田,,沙田,,,,,,,,游水,,
H212,12/10/2023,踱步,沙田,內圈,沙田 內圈,,,,,,助手,,倒快一圈,H,內圈 倒快一圈 (助手)
H212,11/10/2023,游水,沙田,,沙田,,,,,,,,游水,,
H212,11/10/2023,快操,沙田,全天候,沙田 全天候,,59.1,59.1,32.8 26.3,,助手,,快操,H,32.8 26.3 (59.1) (助手)
H212,11/10/2023,踱步,沙田,飛機場,沙田 飛機場,,,,,,助手,,踱步,H,飛機場 踱步 (助手)
H212,10/10/2023,游水,沙田,,沙田,,,,,,,,游水,,
H212,10/10/2023,踱步,沙田,內圈,沙田 內圈,,,,,,助手,,快踱一圈,H,內圈 快踱一圈 (助手)
H212,09/10/2023,游水,沙田,,沙田,,,,,,,,游水,,
H212,08/10/2023,游水,沙田,,沙田,,,,,,,,游水,,
H212,07/10/2023,游水,沙田,,沙田,,,,,,,,游水,,
H212,07/10/2023,踱步,沙田,內圈,沙田 內圈,,,,,,助手,,快踱一圈,H,內圈 快踱一圈 (助手)
H212,06/10/2023,游水,沙田,,沙田,,,,,,,,游水,,
H212,06/10/2023,踱步,沙田,內圈,沙田 內圈,,,,,,助手,,快踱一圈,H,內圈 快踱一圈 (助手)
H212,05/10/2023,游水,沙田,,沙田,,,,,,,,游水,,
H212,05/10/2023,踱步,沙田,內圈,沙田 內圈,,,,,,助手,,倒快一圈,H,內圈 倒快一圈 (助手)
H212,04/10/2023,游水,沙田,,沙田,,,,,,,,游水,,
H212,04/10/2023,踱步,沙田,飛機場,沙田 飛機場,,,,,,助手,,踱步,H,飛機場 踱步 (助手)
H212,03/10/2023,游水,沙田,,沙田,,,,,,,,游水,,
H212,01/10/2023,出賽,沙田,草地,沙田 草地,1600M,,,,,班德禮,1/14,出賽,CP-/XB/B1,1600M (班德禮) (1/14)
H212,01/10/2023,踱步,沙田,飛機場,沙田 飛機場,,,,,,助手,,踱步,H,飛機場 踱步 (助手)
H212,30/09/2023,游水,沙田,,沙田,,,,,,,,游水,,
H212,30/09/2023,踱步,沙田,內圈,沙田 內圈,,,,,,助手,,快踱一圈,H,內圈 快踱一圈 (助手)
H212,29/09/2023,游水,沙田,,沙田,,,,,,,,游水,,
H212,29/09/2023,踱步,沙田,內圈,沙田 內圈,,,,,,助手,,快踱一圈,H,內圈 快踱一圈 (助手)
H212,28/09/2023,游水,沙田,,沙田,,,,,,,,游水,,
H212,28/09/2023,快操,沙田,全天候,沙田 全天候,,56.5,56.5,30.8 25.7,,班德禮,,快操,H,30.8 25.7 (56.5) (班德禮)
H212,27/09/2023,游水,沙田,,沙田,,,,,,,,游水,,
H212,27/09/2023,踱步,沙田,內圈,沙田 內圈,,,,,,助手,,快踱一圈,H,內圈 快踱一圈 (助手)
H212,26/09/2023,游水,沙田,,沙田,,,,,,,,游水,,
H212,26/09/2023,踱步,沙田,內圈,沙田 內圈,,,,,,助手,,快踱一圈,H,內圈 快踱一圈 (助手)
H212,25/09/2023,游水,沙田,,沙田,,,,,,,,游水,,
H212,25/09/2023,快操,沙田,草閘,沙田 草閘,,50.3,50.3,26.4 23.9,,希威森,,好勁力,BH,26.4 23.9 (50.3) (希威森) 好勁力
H212,24/09/2023,游水,沙田,,沙田,,,,,,,,游水,,
H212,24/09/2023,踱步,沙田,飛機場,沙田 飛機場,,,,,,助手,,踱步,H,飛機場 踱步 (助手)
H212,23/09/2023,游水,沙田,,沙田,,,,,,,,游水,,
H212,23/09/2023,踱步,沙田,內圈,沙田 內圈,,,,,,助手,,快踱一圈,H,內圈 快踱一圈 (助手)
H212,22/09/2023,游水,沙田,,沙田,,,,,,,,游水,,
H212,22/09/2023,踱步,沙田,內圈,沙田 內圈,,,,,,助手,,快踱一圈,H,內圈 快踱一圈 (助手)
H212,21/09/2023,游水,沙田,,沙田,,,,,,,,游水,,
H212,21/09/2023,踱步,沙田,內圈,沙田 內圈,,,,,,助手,,倒快一圈,H,內圈 倒快一圈 (助手)
H212,20/09/2023,游水,沙田,,沙田,,,,,,,,游水,,
H212,20/09/2023,踱步,沙田,飛機場,沙田 飛機場,,,,,,助手,,踱步,H,飛機場 踱步 (助手)
H212,19/09/2023,游水,沙田,,沙田,,,,,,,,游水,,
H212,17/09/2023,出賽,沙田,草地,沙田 草地,1400M,,,,,董明朗,12/14,出賽,XB/CP1,1400M (董明朗) (12/14)
H212,17/09/2023,踱步,沙田,飛機場,沙田 飛機場,,,,,,助手,,踱步,H,飛機場 踱步 (助手)
H212,16/09/2023,游水,沙田,,沙田,,,,,,,,游水,,
H212,16/09/2023,踱步,沙田,內圈,沙田 內圈,,,,,,助手,,快踱一圈,H,內圈 快踱一圈 (助手)
H212,15/09/2023,游水,沙田,,沙田,,,,,,,,游水,,
H212,15/09/2023,踱步,沙田,內圈,沙田 內圈,,,,,,助手,,快踱一圈,H,內圈 快踱一圈 (助手)
H212,14/09/2023,游水,沙田,,沙田,,,,,,,,游水,,
H212,14/09/2023,快操,沙田,全天候,沙田 全天候,,55.5,55.5,29.2 26.3,,董明朗,,快操,CP,29.2 26.3 (55.5) (董明朗)
H212,13/09/2023,游水,沙田,,沙田,,,,,,,,游水,,
H212,13/09/2023,踱步,沙田,內圈,沙田 內圈,,,,,,助手,,快踱一圈,H,內圈 快踱一圈 (助手)
H212,12/09/2023,游水,沙田,,沙田,,,,,,,,游水,,
H212,12/09/2023,踱步,沙田,內圈,沙田 內圈,,,,,,助手,,快踱一圈,H,內圈 快踱一圈 (助手)
H212,11/09/2023,游水,沙田,,沙田,,,,,,,,游水,,
H212,11/09/2023,踱步,沙田,內圈,沙田 內圈,,,,,,助手,,倒快一圈,H,內圈 倒快一圈 (助手)
H212,10/09/2023,游水,沙田,,沙田,,,,,,,,游水,,
H212,09/09/2023,試閘,沙田,全天候,沙田 全天候,1200M,1.10.96,70.96,24.2 22.8 23.9,嘉應喝彩,希威森,,第6組,CP/XB,第6組 (希威森) 1200M 嘉應喝彩 24.2 22.8 23.9 (1.10.96)
H212,07/09/2023,游水,沙田,,沙田,,,,,,,,游水,,
H212,07/09/2023,踱步,沙田,內圈,沙田 內圈,,,,,,助手,,倒快兩圈,H,內圈 倒快兩圈 (助手)
H212,06/09/2023,游水,沙田,,沙田,,,,,,,,游水,,
H212,06/09/2023,踱步,沙田,內圈,沙田 內圈,,,,,,助手,,快踱一圈,H,內圈 快踱一圈 (助手)
H212,05/09/2023,游水,沙田,,沙田,,,,,,,,游水,,
H212,05/09/2023,踱步,沙田,內圈,沙田 內圈,,,,,,助手,,快踱一圈,H,內圈 快踱一圈 (助手)
H212,04/09/2023,游水,沙田,,沙田,,,,,,,,游水,,
H212,04/09/2023,快操,沙田,全天候,沙田 全天候,,57.1,57.1,30.1 27.0,,希威森,,快操,,30.1 27.0 (57.1) (希威森)
H212,03/09/2023,游水,沙田,,沙田,,,,,,,,游水,,
H212,03/09/2023,踱步,沙田,內圈,沙田 內圈,,,,,,助手,,快踱兩圈,H,內圈 快踱兩圈 (助手)
H212,31/08/2023,游水,沙田,,沙田,,,,,,,,游水,,
H212,31/08/2023,踱步,沙田,內圈,沙田 內圈,,,,,,助手,,倒快一圈,H,內圈 倒快一圈 (助手)
H212,30/08/2023,游水,沙田,,沙田,,,,,,,,游水,,
H212,30/08/2023,快操,沙田,全天候,沙田 全天候,,59.1,59.1,33.4 25.7,,助手,,快操,H,33.4 25.7 (59.1) (助手)
H212,30/08/2023,踱步,沙田,飛機場,沙田 飛機場,,,,,,助手,,踱步,H,飛機場 踱步 (助手)
H212,29/08/2023,游水,沙田,,沙田,,,,,,,,游水,,
H212,29/08/2023,踱步,沙田,內圈,沙田 內圈,,,,,,助手,,快踱一圈,H,內圈 快踱一圈 (助手)
H212,28/08/2023,游水,沙田,,沙田,,,,,,,,游水,,
H212,28/08/2023,踱步,沙田,內圈,沙田 內圈,,,,,,助手,,倒快兩圈,H,內圈 倒快兩圈 (助手)
H212,27/08/2023,游水,沙田,,沙田,,,,,,,,游水,,
H212,26/08/2023,游水,沙田,,沙田,,,,,,,,游水,,
H212,26/08/2023,快操,沙田,全天候,沙田 全天候,,58.4,58.4,31.0 27.4,,助手,,威武覺醒,H,31.0 27.4 (58.4) (助手) 威武覺醒
H212,26/08/2023,踱步,沙田,飛機場,沙田 飛機場,,,,,,助手,,踱步,H,飛機場 踱步 (助手)
H212,25/08/2023,游水,沙田,,沙田,,,,,,,,游水,,
H212,25/08/2023,踱步,沙田,內圈,沙田 內圈,,,,,,助手,,快踱一圈,H,內圈 快踱一圈 (助手)
H212,24/08/2023,游水,沙田,,沙田,,,,,,,,游水,,
H212,24/08/2023,踱步,沙田,內圈,沙田 內圈,,,,,,助手,,倒快一圈,H,內圈 倒快一圈 (助手)
H212,23/08/2023,游水,沙田,,沙田,,,,,,,,游水,,
H212,23/08/2023,快操,沙田,全天候,沙田 全天候,,58.4,58.4,31.3 27.1,,助手,,快操,H,31.3 27.1 (58.4) (助手)
H212,23/08/2023,踱步,沙田,飛機場,沙田 飛機場,,,,,,助手,,踱步,H,飛機場 踱步 (助手)
H212,22/08/2023,游水,沙田,,沙田,,,,,,,,游水,,
H212,22/08/2023,踱步,沙田,內圈,沙田 內圈,,,,,,助手,,快踱一圈,H,內圈 快踱一圈 (助手)
H212,21/08/2023,游水,沙田,,沙田,,,,,,,,游水,,
H212,21/08/2023,踱步,沙田,內圈,沙田 內圈,,,,,,助手,,倒快兩圈,H,內圈 倒快兩圈 (助手)
H212,20/08/2023,游水,沙田,,沙田,,,,,,,,游水,,
H212,19/08/2023,游水,沙田,,沙田,,,,,,,,游水,,
H212,19/08/2023,踱步,沙田,外圈,沙田 外圈,,,,,,助手,,快踱一圈,H,外圈 快踱一圈 (助手)
H212,18/08/2023,游水,沙田,,沙田,,,,,,,,游水,,
H212,18/08/2023,踱步,沙田,內圈,沙田 內圈,,,,,,助手,,快踱一圈,H,內圈 快踱一圈 (助手)
H212,17/08/2023,游水,沙田,,沙田,,,,,,,,游水,,
H212,17/08/2023,踱步,沙田,內圈,沙田 內圈,,,,,,助手,,倒快一圈,H,內圈 倒快一圈 (助手)
H212,16/08/2023,游水,沙田,,沙田,,,,,,,,游水,,
H212,16/08/2023,快操,沙田,全天候,沙田 全天候,,30.8,30.8,30.8,,助手,,快操,H,30.8 (30.8) (助手)
H212,16/08/2023,踱步,沙田,飛機場,沙田 飛機場,,,,,,助手,,踱步,H,飛機場 踱步 (助手)
H212,15/08/2023,游水,沙田,,沙田,,,,,,,,游水,,
H212,15/08/2023,踱步,沙田,內圈,沙田 內圈,,,,,,助手,,快踱一圈,H,內圈 快踱一圈 (助手)
H212,14/08/2023,踱步,沙田,內圈,沙田 內圈,,,,,,助手,,倒快兩圈,H,內圈 倒快兩圈 (助手)
H212,12/08/2023,踱步,沙田,內圈,沙田 內圈,,,,,,助手,,快踱一圈,H,內圈 快踱一圈 (助手)
H212,11/08/2023,游水,沙田,,沙田,,,,,,,,游水,,
H212,11/08/2023,踱步,沙田,內圈,沙田 內圈,,,,,,助手,,快踱一圈,H,內圈 快踱一圈 (助手)
H212,10/08/2023,游水,沙田,,沙田,,,,,,,,游水,,
H212,10/08/2023,踱步,沙田,內圈,沙田 內圈,,,,,,助手,,快踱一圈,H,內圈 快踱一圈 (助手)
H212,09/08/2023,游水,沙田,,沙田,,,,,,,,游水,,
H212,08/08/2023,游水,沙田,,沙田,,,,,,,,游水,,
H212,08/08/2023,踱步,沙田,內圈,沙田 內圈,,,,,,助手,,快踱一圈,H,內圈 快踱一圈 (助手)
H212,07/08/2023,游水,沙田,,沙田,,,,,,,,游水,,
H212,07/08/2023,踱步,沙田,內圈,沙田 內圈,,,,,,助手,,快踱一圈,H,內圈 快踱一圈 (助手)
H212,06/08/2023,游水,沙田,,沙田,,,,,,,,游水,,
H212,05/08/2023,游水,沙田,,沙田,,,,,,,,游水,,
H212,05/08/2023,踱步,沙田,外圈,沙田 外圈,,,,,,助手,,快踱一圈,H,外圈 快踱一圈 (助手)
H212,04/08/2023,游水,沙田,,沙田,,,,,,,,游水,,
H212,04/08/2023,踱步,沙田,外圈,沙田 外圈,,,,,,助手,,快踱一圈,H,外圈 快踱一圈 (助手)
H212,03/08/2023,游水,沙田,,沙田,,,,,,,,游水,,
H212,03/08/2023,踱步,沙田,外圈,沙田 外圈,,,,,,助手,,快踱一圈,H,外圈 快踱一圈 (助手)
H212,02/08/2023,游水,沙田,,沙田,,,,,,,,游水,,
H212,02/08/2023,踱步,沙田,外圈,沙田 外圈,,,,,,助手,,快踱一圈,H,外圈 快踱一圈 (助手)
H212,01/08/2023,游水,沙田,,沙田,,,,,,,,游水,,
H212,01/08/2023,踱步,沙田,外圈,沙田 外圈,,,,,,助手,,快踱一圈,H,外圈 快踱一圈 (助手)
H212,31/07/2023,游水,沙田,,沙田,,,,,,,,游水,,
H212,31/07/2023,踱步,沙田,外圈,沙田 外圈,,,,,,助手,,快踱一圈,H,外圈 快踱一圈 (助手)
H212,30/07/2023,踱步,沙田,飛機場,沙田 飛機場,,,,,,助手,,踱步,H,飛機場 踱步 (助手)
H212,29/07/2023,踱步,沙田,飛機場,沙田 飛機場,,,,,,助手,,踱步,H,飛機場 踱步 (助手)
H212,28/07/2023,踱步,沙田,飛機場,沙田 飛機場,,,,,,助手,,踱步,H,飛機場 踱步 (助手)
H212,27/07/2023,踱步,沙田,飛機場,沙田 飛機場,,,,,,助手,,踱步,H,飛機場 踱步 (助手)
H212,26/07/2023,踱步,沙田,飛機場,沙田 飛機場,,,,,,助手,,踱步,H,飛機場 踱步 (助手)
H212,25/07/2023,踱步,沙田,飛機場,沙田 飛機場,,,,,,助手,,踱步,H,飛機場 踱步 (助手)
H212,24/07/2023,踱步,沙田,飛機場,沙田 飛機場,,,,,,助手,,踱步,H,飛機場 踱步 (助手)
H212,16/07/2023,游水,沙田,,沙田,,,,,,,,游水,,
H212,09/07/2023,踱步,沙田,飛機場,沙田 飛機場,,,,,,助手,,踱步,H,飛機場 踱步 (助手)
H212,08/07/2023,游水,沙田,,沙田,,,,,,,,游水,,
H212,08/07/2023,踱步,沙田,外圈,沙田 外圈,,,,,,助手,,快踱一圈,H,外圈 快踱一圈 (助手)
H212,07/07/2023,游水,沙田,,沙田,,,,,,,,游水,,
H212,07/07/2023,快操,沙田,全天候,沙田 全天候,,58.2,58.2,31.5 26.7,,希威森,,快操,H,31.5 26.7 (58.2) (希威森)
H212,06/07/2023,游水,沙田,,沙田,,,,,,,,游水,,
H212,06/07/2023,踱步,沙田,外圈,沙田 外圈,,,,,,助手,,快踱一圈,H,外圈 快踱一圈 (助手)
H212,05/07/2023,游水,沙田,,沙田,,,,,,,,游水,,
H212,05/07/2023,踱步,沙田,飛機場,沙田 飛機場,,,,,,助手,,踱步,H,飛機場 踱步 (助手)
H212,04/07/2023,游水,沙田,,沙田,,,,,,,,游水,,
H212,04/07/2023,快操,沙田,全天候,沙田 全天候,,57.6,57.6,31.1 26.5,,希威森,,快操,H,31.1 26.5 (57.6) (希威森)
H212,03/07/2023,游水,沙田,,沙田,,,,,,,,游水,,
H212,03/07/2023,踱步,沙田,外圈,沙田 外圈,,,,,,助手,,快踱一圈,H,外圈 快踱一圈 (助手)
H212,02/07/2023,游水,沙田,,沙田,,,,,,,,游水,,
H212,01/07/2023,游水,沙田,,沙田,,,,,,,,游水,,
H212,01/07/2023,踱步,沙田,外圈,沙田 外圈,,,,,,助手,,快踱一圈,H,外圈 快踱一圈 (助手)
H212,30/06/2023,游水,沙田,,沙田,,,,,,,,游水,,
H212,30/06/2023,快操,沙田,全天候,沙田 全天候,,56.7,56.7,30.2 26.5,,希威森,,快操,H,30.2 26.5 (56.7) (希威森)
H212,29/06/2023,游水,沙田,,沙田,,,,,,,,游水,,
H212,29/06/2023,踱步,沙田,外圈,沙田 外圈,,,,,,助手,,快踱一圈,H,外圈 快踱一圈 (助手)
H212,28/06/2023,游水,沙田,,沙田,,,,,,,,游水,,
H212,28/06/2023,踱步,沙田,飛機場,沙田 飛機場,,,,,,助手,,踱步,H,飛機場 踱步 (助手)
H212,27/06/2023,游水,沙田,,沙田,,,,,,,,游水,,
H212,27/06/2023,快操,沙田,全天候,沙田 全天候,,57.5,57.5,31.1 26.4,,希威森,,快操,H,31.1 26.4 (57.5) (希威森)
H212,26/06/2023,游水,沙田,,沙田,,,,,,,,游水,,
H212,26/06/2023,踱步,沙田,內圈,沙田 內圈,,,,,,助手,,倒快兩圈,H,內圈 倒快兩圈 (助手)
H212,25/06/2023,游水,沙田,,沙田,,,,,,,,游水,,
H212,24/06/2023,游水,沙田,,沙田,,,,,,,,游水,,
H212,24/06/2023,踱步,沙田,內圈,沙田 內圈,,,,,,助手,,快踱一圈,H,內圈 快踱一圈 (助手)
H212,23/06/2023,游水,沙田,,沙田,,,,,,,,游水,,
H212,23/06/2023,踱步,沙田,內圈,沙田 內圈,,,,,,助手,,快踱一圈,H,內圈 快踱一圈 (助手)
H212,22/06/2023,游水,沙田,,沙田,,,,,,,,游水,,
H212,22/06/2023,踱步,沙田,內圈,沙田 內圈,,,,,,助手,,倒快一圈,H,內圈 倒快一圈 (助手)
H212,21/06/2023,游水,沙田,,沙田,,,,,,,,游水,,
H212,21/06/2023,踱步,沙田,飛機場,沙田 飛機場,,,,,,副練馬師,,踱步,H,飛機場 踱步 (副練馬師)
H212,18/06/2023,踱步,沙田,飛機場,沙田 飛機場,,,,,,助手,,踱步,H,飛機場 踱步 (助手)
H212,17/06/2023,游水,沙田,,沙田,,,,,,,,游水,,
H212,17/06/2023,踱步,沙田,外圈,沙田 外圈,,,,,,助手,,快踱一圈,H,外圈 快踱一圈 (助手)
H212,16/06/2023,游水,沙田,,沙田,,,,,,,,游水,,
H212,16/06/2023,快操,沙田,全天候,沙田 全天候,,56.4,56.4,29.5 26.9,,希威森,,快操,H,29.5 26.9 (56.4) (希威森)
H212,15/06/2023,游水,沙田,,沙田,,,,,,,,游水,,
H212,15/06/2023,踱步,沙田,內圈,沙田 內圈,,,,,,助手,,倒快兩圈,H,內圈 倒快兩圈 (助手)
H212,14/06/2023,游水,沙田,,沙田,,,,,,,,游水,,
H212,14/06/2023,踱步,沙田,內圈,沙田 內圈,,,,,,助手,,快踱一圈,H,內圈 快踱一圈 (助手)
H212,13/06/2023,游水,沙田,,沙田,,,,,,,,游水,,
H212,13/06/2023,快操,沙田,全天候,沙田 全天候,,56.2,56.2,29.8 26.4,,希威森,,快操,H,29.8 26.4 (56.2) (希威森)
H212,12/06/2023,游水,沙田,,沙田,,,,,,,,游水,,
H212,12/06/2023,踱步,沙田,內圈,沙田 內圈,,,,,,助手,,倒快兩圈,H,內圈 倒快兩圈 (助手)
H212,11/06/2023,游水,沙田,,沙田,,,,,,,,游水,,
H212,10/06/2023,游水,沙田,,沙田,,,,,,,,游水,,
H212,09/06/2023,游水,沙田,,沙田,,,,,,,,游水,,
H212,09/06/2023,踱步,沙田,內圈,沙田 內圈,,,,,,助手,,快踱一圈,H,內圈 快踱一圈 (助手)
H212,08/06/2023,游水,沙田,,沙田,,,,,,,,游水,,
H212,08/06/2023,快操,沙田,全天候,沙田 全天候,,56.3,56.3,29.0 27.3,,助手,,快操,H,29.0 27.3 (56.3) (助手)
H212,08/06/2023,踱步,沙田,飛機場,沙田 飛機場,,,,,,助手,,踱步,H,飛機場 踱步 (助手)
H212,07/06/2023,游水,沙田,,沙田,,,,,,,,游水,,
H212,07/06/2023,踱步,沙田,內圈,沙田 內圈,,,,,,助手,,快踱一圈,H,內圈 快踱一圈 (助手)
H212,06/06/2023,游水,沙田,,沙田,,,,,,,,游水,,
H212,06/06/2023,踱步,沙田,內圈,沙田 內圈,,,,,,助手,,快踱一圈,H,內圈 快踱一圈 (助手)
H212,05/06/2023,游水,沙田,,沙田,,,,,,,,游水,,
H212,05/06/2023,踱步,沙田,內圈,沙田 內圈,,,,,,助手,,倒快兩圈,H,內圈 倒快兩圈 (助手)
H212,04/06/2023,游水,沙田,,沙田,,,,,,,,游水,,
H212,03/06/2023,游水,沙田,,沙田,,,,,,,,游水,,
H212,03/06/2023,踱步,沙田,內圈,沙田 內圈,,,,,,助手,,快踱一圈,H,內圈 快踱一圈 (助手)
H212,02/06/2023,游水,沙田,,沙田,,,,,,,,游水,,
H212,02/06/2023,踱步,沙田,內圈,沙田 內圈,,,,,,助手,,快踱一圈,H,內圈 快踱一圈 (助手)
H212,01/06/2023,游水,沙田,,沙田,,,,,,,,游水,,
H212,01/06/2023,踱步,沙田,內圈,沙田 內圈,,,,,,助手,,倒快一圈,H,內圈 倒快一圈 (助手)
H212,31/05/2023,游水,沙田,,沙田,,,,,,,,游水,,
H212,31/05/2023,踱步,沙田,飛機場,沙田 飛機場,,,,,,助手,,踱步,H,飛機場 踱步 (助手)
H212,30/05/2023,游水,沙田,,沙田,,,,,,,,游水,,
H212,28/05/2023,踱步,沙田,飛機場,沙田 飛機場,,,,,,助手,,踱步,H,飛機場 踱步 (助手)
H212,27/05/2023,游水,沙田,,沙田,,,,,,,,游水,,
H212,27/05/2023,踱步,沙田,內圈,沙田 內圈,,,,,,助手,,快踱一圈,H,內圈 快踱一圈 (助手)
H212,26/05/2023,游水,沙田,,沙田,,,,,,,,游水,,
H212,26/05/2023,踱步,沙田,內圈,沙田 內圈,,,,,,助手,,快踱一圈,H,內圈 快踱一圈 (助手)
H212,25/05/2023,游水,沙田,,沙田,,,,,,,,游水,,
H212,25/05/2023,快操,沙田,全天候,沙田 全天候,,58.4,58.4,31.7 26.7,,希威森,,快操,H,31.7 26.7 (58.4) (希威森)
H212,24/05/2023,游水,沙田,,沙田,,,,,,,,游水,,
H212,24/05/2023,踱步,沙田,內圈,沙田 內圈,,,,,,助手,,快踱一圈,H,內圈 快踱一圈 (助手)
H212,23/05/2023,游水,沙田,,沙田,,,,,,,,游水,,
H212,23/05/2023,踱步,沙田,內圈,沙田 內圈,,,,,,助手,,快踱一圈,H,內圈 快踱一圈 (助手)
H212,22/05/2023,游水,沙田,,沙田,,,,,,,,游水,,
H212,22/05/2023,快操,沙田,草地,沙田 草地,,53.4,53.4,28.9 24.5,,希威森,,好勁力,H,28.9 24.5 (53.4) (希威森) 好勁力
H212,21/05/2023,游水,沙田,,沙田,,,,,,,,游水,,
H212,21/05/2023,踱步,沙田,飛機場,沙田 飛機場,,,,,,助手,,踱步,H,飛機場 踱步 (助手)
H212,20/05/2023,游水,沙田,,沙田,,,,,,,,游水,,
H212,20/05/2023,踱步,沙田,內圈,沙田 內圈,,,,,,助手,,快踱一圈,H,內圈 快踱一圈 (助手)
H212,19/05/2023,游水,沙田,,沙田,,,,,,,,游水,,
H212,19/05/2023,快操,沙田,全天候,沙田 全天候,,55.1,55.1,29.1 26.0,,希威森,,快操,H,29.1 26.0 (55.1) (希威森)
H212,18/05/2023,游水,沙田,,沙田,,,,,,,,游水,,
H212,18/05/2023,踱步,沙田,內圈,沙田 內圈,,,,,,助手,,倒快兩圈,H,內圈 倒快兩圈 (助手)
H212,17/05/2023,游水,沙田,,沙田,,,,,,,,游水,,
H212,17/05/2023,踱步,沙田,內圈,沙田 內圈,,,,,,助手,,快踱一圈,H,內圈 快踱一圈 (助手)
H212,16/05/2023,游水,沙田,,沙田,,,,,,,,游水,,
H212,16/05/2023,快操,沙田,全天候,沙田 全天候,,56.6,56.6,30.8 25.8,,希威森,,快操,H,30.8 25.8 (56.6) (希威森)
H212,15/05/2023,游水,沙田,,沙田,,,,,,,,游水,,
H212,15/05/2023,踱步,沙田,內圈,沙田 內圈,,,,,,助手,,倒快兩圈,H,內圈 倒快兩圈 (助手)
H212,14/05/2023,游水,沙田,,沙田,,,,,,,,游水,,
H212,13/05/2023,游水,沙田,,沙田,,,,,,,,游水,,
H212,13/05/2023,踱步,沙田,內圈,沙田 內圈,,,,,,助手,,快踱一圈,H,內圈 快踱一圈 (助手)
H212,12/05/2023,游水,沙田,,沙田,,,,,,,,游水,,
H212,12/05/2023,踱步,沙田,內圈,沙田 內圈,,,,,,助手,,快踱一圈,H,內圈 快踱一圈 (助手)
H212,11/05/2023,游水,沙田,,沙田,,,,,,,,游水,,
H212,11/05/2023,踱步,沙田,內圈,沙田 內圈,,,,,,助手,,倒快一圈,H,內圈 倒快一圈 (助手)
H212,10/05/2023,游水,沙田,,沙田,,,,,,,,游水,,
H212,10/05/2023,踱步,沙田,飛機場,沙田 飛機場,,,,,,助手,,踱步,H,飛機場 踱步 (助手)
H212,09/05/2023,游水,沙田,,沙田,,,,,,,,游水,,
H212,06/05/2023,游水,沙田,,沙田,,,,,,,,游水,,
H212,06/05/2023,踱步,沙田,內圈,沙田 內圈,,,,,,助手,,快踱一圈,H,內圈 快踱一圈 (助手)
H212,05/05/2023,游水,沙田,,沙田,,,,,,,,游水,,
H212,05/05/2023,踱步,沙田,內圈,沙田 內圈,,,,,,助手,,快踱一圈,H,內圈 快踱一圈 (助手)
H212,04/05/2023,游水,沙田,,沙田,,,,,,,,游水,,
H212,04/05/2023,快操,沙田,全天候,沙田 全天候,,55.1,55.1,29.5 25.6,,希威森,,快操,H,29.5 25.6 (55.1) (希威森)
H212,03/05/2023,游水,沙田,,沙田,,,,,,,,游水,,
H212,03/05/2023,踱步,沙田,內圈,沙田 內圈,,,,,,助手,,快踱一圈,H,內圈 快踱一圈 (助手)
H212,02/05/2023,游水,沙田,,沙田,,,,,,,,游水,,
H212,01/05/2023,游水,沙田,,沙田,,,,,,,,游水,,
H212,01/05/2023,快操,沙田,草地,沙田 草地,,48.6,48.6,25.6 23.0,,希威森,,好勁力,H,25.6 23.0 (48.6) (希威森) 好勁力
H212,30/04/2023,游水,沙田,,沙田,,,,,,,,游水,,
H212,30/04/2023,踱步,沙田,飛機場,沙田 飛機場,,,,,,助手,,踱步,H,飛機場 踱步 (助手)
H212,29/04/2023,游水,沙田,,沙田,,,,,,,,游水,,
H212,29/04/2023,踱步,沙田,內圈,沙田 內圈,,,,,,助手,,快踱一圈,H,內圈 快踱一圈 (助手)
H212,28/04/2023,游水,沙田,,沙田,,,,,,,,游水,,
H212,28/04/2023,快操,沙田,全天候,沙田 全天候,,56.8,56.8,30.3 26.5,,希威森,,快操,H,30.3 26.5 (56.8) (希威森)
H212,27/04/2023,游水,沙田,,沙田,,,,,,,,游水,,
H212,27/04/2023,踱步,沙田,內圈,沙田 內圈,,,,,,助手,,倒快兩圈,H,內圈 倒快兩圈 (助手)
H212,26/04/2023,游水,沙田,,沙田,,,,,,,,游水,,
H212,26/04/2023,踱步,沙田,內圈,沙田 內圈,,,,,,助手,,快踱一圈,H,內圈 快踱一圈 (助手)
H212,25/04/2023,游水,沙田,,沙田,,,,,,,,游水,,
H212,25/04/2023,快操,沙田,全天候,沙田 全天候,,57.2,57.2,31.0 26.2,,助手,,快操,H,31.0 26.2 (57.2) (助手)
H212,25/04/2023,踱步,沙田,飛機場,沙田 飛機場,,,,,,助手,,踱步,H,飛機場 踱步 (助手)
H212,24/04/2023,游水,沙田,,沙田,,,,,,,,游水,,
H212,24/04/2023,踱步,沙田,內圈,沙田 內圈,,,,,,助手,,倒快兩圈,H,內圈 倒快兩圈 (助手)
H212,23/04/2023,游水,沙田,,沙田,,,,,,,,游水,,
H212,22/04/2023,游水,沙田,,沙田,,,,,,,,游水,,
H212,22/04/2023,踱步,沙田,內圈,沙田 內圈,,,,,,助手,,快踱一圈,H,內圈 快踱一圈 (助手)
H212,21/04/2023,游水,沙田,,沙田,,,,,,,,游水,,
H212,21/04/2023,踱步,沙田,內圈,沙田 內圈,,,,,,助手,,快踱一圈,H,內圈 快踱一圈 (助手)
H212,20/04/2023,游水,沙田,,沙田,,,,,,,,游水,,
H212,20/04/2023,踱步,沙田,內圈,沙田 內圈,,,,,,助手,,倒快一圈,H,內圈 倒快一圈 (助手)
H212,19/04/2023,游水,沙田,,沙田,,,,,,,,游水,,
H212,19/04/2023,踱步,沙田,飛機場,沙田 飛機場,,,,,,助手,,踱步,H,飛機場 踱步 (助手)
H212,18/04/2023,試閘,沙田,全天候,沙田 全天候,1200M,1.09.44,69.44,24.2 22.8 22.4,美麗緣分,希威森,,第3組,XB,第3組 (希威森) 1200M 美麗緣分 24.2 22.8 22.4 (1.09.44)
H212,17/04/2023,游水,沙田,,沙田,,,,,,,,游水,,
H212,17/04/2023,踱步,沙田,內圈,沙田 內圈,,,,,,助手,,倒快兩圈,H,內圈 倒快兩圈 (助手)
H212,16/04/2023,游水,沙田,,沙田,,,,,,,,游水,,
H212,15/04/2023,游水,沙田,,沙田,,,,,,,,游水,,
H212,15/04/2023,踱步,沙田,內圈,沙田 內圈,,,,,,助手,,快踱一圈,H,內圈 快踱一圈 (助手)
H212,14/04/2023,游水,沙田,,沙田,,,,,,,,游水,,
H212,14/04/2023,踱步,沙田,內圈,沙田 內圈,,,,,,助手,,快踱一圈,H,內圈 快踱一圈 (助手)
H212,13/04/2023,游水,沙田,,沙田,,,,,,,,游水,,
H212,13/04/2023,快操,沙田,草閘,沙田 草閘,,59.7,59.7,31.1 28.6,,希威森,,快操,,31.1 28.6 (59.7) (希威森)
H212,12/04/2023,游水,沙田,,沙田,,,,,,,,游水,,
H212,12/04/2023,踱步,沙田,內圈,沙田 內圈,,,,,,助手,,快踱一圈,H,內圈 快踱一圈 (助手)
H212,11/04/2023,游水,沙田,,沙田,,,,,,,,游水,,
H212,11/04/2023,踱步,沙田,內圈,沙田 內圈,,,,,,助手,,快踱一圈,H,內圈 快踱一圈 (助手)
H212,10/04/2023,游水,沙田,,沙田,,,,,,,,游水,,
H212,10/04/2023,快操,沙田,全天候,沙田 全天候,,57.7,57.7,31.0 26.7,,助手,,金發銀發,H,31.0 26.7 (57.7) (助手) 金發銀發
H212,10/04/2023,踱步,沙田,飛機場,沙田 飛機場,,,,,,助手,,踱步,H,飛機場 踱步 (助手)
H212,09/04/2023,游水,沙田,,沙田,,,,,,,,游水,,
H212,08/04/2023,游水,沙田,,沙田,,,,,,,,游水,,
H212,08/04/2023,踱步,沙田,內圈,沙田 內圈,,,,,,助手,,快踱一圈,H,內圈 快踱一圈 (助手)
H212,07/04/2023,游水,沙田,,沙田,,,,,,,,游水,,
H212,07/04/2023,踱步,沙田,內圈,沙田 內圈,,,,,,助手,,快踱一圈,H,內圈 快踱一圈 (助手)
H212,06/04/2023,游水,沙田,,沙田,,,,,,,,游水,,
H212,06/04/2023,快操,沙田,全天候,沙田 全天候,,55.4,55.4,30.0 25.4,,助手,,快操,H,30.0 25.4 (55.4) (助手)
H212,06/04/2023,踱步,沙田,飛機場,沙田 飛機場,,,,,,助手,,踱步,H,飛機場 踱步 (助手)
H212,05/04/2023,游水,沙田,,沙田,,,,,,,,游水,,
H212,05/04/2023,踱步,沙田,內圈,沙田 內圈,,,,,,助手,,快踱一圈,H,內圈 快踱一圈 (助手)
H212,04/04/2023,游水,沙田,,沙田,,,,,,,,游水,,
H212,04/04/2023,踱步,沙田,內圈,沙田 內圈,,,,,,助手,,快踱一圈,H,內圈 快踱一圈 (助手)
H212,03/04/2023,游水,沙田,,沙田,,,,,,,,游水,,
H212,03/04/2023,踱步,沙田,內圈,沙田 內圈,,,,,,助手,,倒快一圈,H,內圈 倒快一圈 (助手)
H212,02/04/2023,游水,沙田,,沙田,,,,,,,,游水,,
H212,02/04/2023,踱步,沙田,飛機場,沙田 飛機場,,,,,,助手,,踱步,H,飛機場 踱步 (助手)
H212,01/04/2023,游水,沙田,,沙田,,,,,,,,游水,,
H212,01/04/2023,踱步,沙田,飛機場,沙田 飛機場,,,,,,助手,,踱步,H,飛機場 踱步 (助手)
H212,31/03/2023,試閘,沙田,草地,沙田 草地,1000M,0.59.46,59.46,13.8 21.9 23.7,嘉應獎昇,希威森,,第1組,XB,第1組 (希威森) 1000M 嘉應獎昇 13.8 21.9 23.7 (0.59.46)
H212,30/03/2023,游水,沙田,,沙田,,,,,,,,游水,,
H212,30/03/2023,踱步,沙田,內圈,沙田 內圈,,,,,,助手,,倒快兩圈,H,內圈 倒快兩圈 (助手)
H212,29/03/2023,游水,沙田,,沙田,,,,,,,,游水,,
H212,29/03/2023,踱步,沙田,內圈,沙田 內圈,,,,,,助手,,快踱一圈,H,內圈 快踱一圈 (助手)
H212,28/03/2023,游水,沙田,,沙田,,,,,,,,游水,,
H212,28/03/2023,快操,沙田,全天候,沙田 全天候,,59.5,59.5,32.1 27.4,,助手,,快操,H,32.1 27.4 (59.5) (助手)
H212,28/03/2023,踱步,沙田,飛機場,沙田 飛機場,,,,,,助手,,踱步,H,飛機場 踱步 (助手)
H212,27/03/2023,游水,沙田,,沙田,,,,,,,,游水,,
H212,27/03/2023,踱步,沙田,內圈,沙田 內圈,,,,,,助手,,倒快一圈,H,內圈 倒快一圈 (助手)
H212,26/03/2023,游水,沙田,,沙田,,,,,,,,游水,,
H212,26/03/2023,踱步,沙田,飛機場,沙田 飛機場,,,,,,助手,,踱步,H,飛機場 踱步 (助手)
H212,25/03/2023,游水,沙田,,沙田,,,,,,,,游水,,
H212,25/03/2023,踱步,沙田,飛機場,沙田 飛機場,,,,,,助手,,踱步,H,飛機場 踱步 (助手)
H212,24/03/2023,踱步,從化,飛機場,從化 飛機場,,,,,,助手,,踱步,H,飛機場 踱步 (助手)
H212,23/03/2023,踱步,從化,內圈,從化 內圈,,,,,,助手,,倒快一圈,H,內圈 倒快一圈 (助手)
H212,22/03/2023,踱步,從化,飛機場,從化 飛機場,,,,,,助手,,踱步,,飛機場 踱步 (助手)
H212,18/03/2023,踱步,從化,內圈,從化 內圈,,,,,,助手,,快踱一圈,H,內圈 快踱一圈 (助手)
H212,17/03/2023,游水,從化,,從化,,,,,,,,游水,,
H212,17/03/2023,踱步,從化,內圈,從化 內圈,,,,,,助手,,快踱一圈,H,內圈 快踱一圈 (助手)
H212,16/03/2023,游水,從化,,從化,,,,,,,,游水,,
H212,16/03/2023,踱步,從化,內圈,從化 內圈,,,,,,助手,,倒快一圈,H,內圈 倒快一圈 (助手)
H212,15/03/2023,游水,從化,,從化,,,,,,,,游水,,
H212,15/03/2023,踱步,從化,內圈,從化 內圈,,,,,,助手,,快踱一圈,H,內圈 快踱一圈 (助手)
H212,14/03/2023,游水,從化,,從化,,,,,,,,游水,,
H212,14/03/2023,踱步,從化,飛機場,從化 飛機場,,,,,,助手,,踱步,H,飛機場 踱步 (助手)
H212,13/03/2023,試閘,從化,草地,從化 草地,1000M,0.59.05,59.05,14.2 22.0 22.8,新幹線,查本楠,,第4組,,第4組 (查本楠) 1000M 新幹線 14.2 22.0 22.8 (0.59.05)
H212,13/03/2023,踱步,從化,飛機場,從化 飛機場,,,,,,助手,,踱步,,飛機場 踱步 (助手)
H212,12/03/2023,游水,從化,,從化,,,,,,,,游水,,
H212,11/03/2023,游水,從化,,從化,,,,,,,,游水,,
H212,11/03/2023,踱步,從化,內圈,從化 內圈,,,,,,助手,,快踱一圈,H,內圈 快踱一圈 (助手)
H212,10/03/2023,游水,從化,,從化,,,,,,,,游水,,
H212,10/03/2023,快操,從化,全天候,從化 全天候,,54.8,54.8,29.3 25.5,,助手,,快操,H,29.3 25.5 (54.8) (助手)
H212,10/03/2023,踱步,從化,飛機場,從化 飛機場,,,,,,助手,,踱步,H,飛機場 踱步 (助手)
H212,09/03/2023,游水,從化,,從化,,,,,,,,游水,,
H212,09/03/2023,踱步,從化,內圈,從化 內圈,,,,,,助手,,倒快一圈,H,內圈 倒快一圈 (助手)
H212,08/03/2023,游水,從化,,從化,,,,,,,,游水,,
H212,08/03/2023,踱步,從化,內圈,從化 內圈,,,,,,助手,,快踱一圈,H,內圈 快踱一圈 (助手)
H212,07/03/2023,游水,從化,,從化,,,,,,,,游水,,
H212,07/03/2023,快操,從化,全天候,從化 全天候,,55.2,55.2,29.4 25.8,,助手,,快操,H,29.4 25.8 (55.2) (助手)
H212,07/03/2023,踱步,從化,飛機場,從化 飛機場,,,,,,助手,,踱步,H,飛機場 踱步 (助手)
H212,06/03/2023,游水,從化,,從化,,,,,,,,游水,,
H212,06/03/2023,踱步,從化,內圈,從化 內圈,,,,,,助手,,倒快一圈,H,內圈 倒快一圈 (助手)
H212,04/03/2023,踱步,從化,內圈,從化 內圈,,,,,,助手,,快踱一圈,H,內圈 快踱一圈 (助手)
H212,03/03/2023,快操,從化,全天候,從化 全天候,,57.1,57.1,30.4 26.7,,助手,,快操,H,30.4 26.7 (57.1) (助手)
H212,03/03/2023,踱步,從化,飛機場,從化 飛機場,,,,,,助手,,踱步,H,飛機場 踱步 (助手)
H212,02/03/2023,踱步,從化,內圈,從化 內圈,,,,,,助手,,倒快一圈,H,內圈 倒快一圈 (助手)
H212,01/03/2023,踱步,從化,內圈,從化 內圈,,,,,,助手,,快踱一圈,H,內圈 快踱一圈 (助手)
H212,28/02/2023,踱步,從化,內圈,從化 內圈,,,,,,助手,,快踱一圈,H,內圈 快踱一圈 (助手)
H212,27/02/2023,踱步,從化,內圈,從化 內圈,,,,,,助手,,倒快一圈,H,內圈 倒快一圈 (助手)
H212,25/02/2023,踱步,從化,內圈,從化 內圈,,,,,,助手,,快踱一圈,H,內圈 快踱一圈 (助手)
H212,24/02/2023,踱步,從化,飛機場,從化 飛機場,,,,,,助手,,踱步,H,飛機場 踱步 (助手)
H212,21/02/2023,踱步,沙田,內圈,沙田 內圈,,,,,,助手,,快踱一圈,H,內圈 快踱一圈 (助手)
H212,20/02/2023,踱步,沙田,內圈,沙田 內圈,,,,,,助手,,倒快一圈,H,內圈 倒快一圈 (助手)
H212,18/02/2023,踱步,沙田,內圈,沙田 內圈,,,,,,助手,,快踱一圈,H,內圈 快踱一圈 (助手)
H212,17/02/2023,踱步,沙田,內圈,沙田 內圈,,,,,,助手,,快踱一圈,H,內圈 快踱一圈 (助手)
H212,16/02/2023,踱步,沙田,內圈,沙田 內圈,,,,,,助手,,倒快一圈,H,內圈 倒快一圈 (助手)
H212,15/02/2023,踱步,沙田,內圈,沙田 內圈,,,,,,助手,,快踱一圈,H,內圈 快踱一圈 (助手)
H212,14/02/2023,踱步,沙田,內圈,沙田 內圈,,,,,,助手,,快踱一圈,H,內圈 快踱一圈 (助手)
H212,13/02/2023,踱步,沙田,內圈,沙田 內圈,,,,,,助手,,倒快一圈,H,內圈 倒快一圈 (助手)
H212,11/02/2023,踱步,沙田,內圈,沙田 內圈,,,,,,助手,,快踱一圈,H,內圈 快踱一圈 (助手)
H212,10/02/2023,踱步,沙田,內圈,沙田 內圈,,,,,,助手,,快踱一圈,H,內圈 快踱一圈 (助手)
H212,08/02/2023,踱步,沙田,飛機場,沙田 飛機場,,,,,,助手,,踱步,H,飛機場 踱步 (助手)
H212,07/02/2023,踱步,沙田,飛機場,沙田 飛機場,,,,,,助手,,踱步,H,飛機場 踱步 (助手)
H212,06/02/2023,踱步,沙田,飛機場,沙田 飛機場,,,,,,助手,,踱步,H,飛機場 踱步 (助手)
H212,05/02/2023,踱步,沙田,飛機場,沙田 飛機場,,,,,,助手,,踱步,H,飛機場 踱步 (助手)
H212,04/02/2023,踱步,沙田,飛機場,沙田 飛機場,,,,,,助手,,踱步,H,飛機場 踱步 (助手)
H212,03/02/2023,踱步,沙田,飛機場,沙田 飛機場,,,,,,助手,,踱步,H,飛機場 踱步 (助手)
H212,02/02/2023,踱步,沙田,飛機場,沙田 飛機場,,,,,,助手,,踱步,H,飛機場 踱步 (助手)
H212,01/02/2023,踱步,沙田,飛機場,沙田 飛機場,,,,,,助手,,踱步,H,飛機場 踱步 (助手)
H212,31/01/2023,踱步,沙田,飛機場,沙田 飛機場,,,,,,助手,,踱步,H,飛機場 踱步 (助手)
H212,27/01/2023,游水,沙田,,沙田,,,,,,,,游水,,
H212,27/01/2023,踱步,沙田,內圈,沙田 內圈,,,,,,助手,,快踱一圈,H,內圈 快踱一圈 (助手)
H212,26/01/2023,游水,沙田,,沙田,,,,,,,,游水,,
H212,26/01/2023,踱步,沙田,內圈,沙田 內圈,,,,,,助手,,倒快一圈,H,內圈 倒快一圈 (助手)
H212,25/01/2023,游水,沙田,,沙田,,,,,,,,游水,,
H212,25/01/2023,踱步,沙田,內圈,沙田 內圈,,,,,,助手,,快踱一圈,H,內圈 快踱一圈 (助手)
H212,24/01/2023,游水,沙田,,沙田,,,,,,,,游水,,
H212,24/01/2023,踱步,沙田,內圈,沙田 內圈,,,,,,助手,,快踱一圈,H,內圈 快踱一圈 (助手)
H212,23/01/2023,游水,沙田,,沙田,,,,,,,,游水,,
H212,21/01/2023,游水,沙田,,沙田,,,,,,,,游水,,
H212,21/01/2023,踱步,沙田,飛機場,沙田 飛機場,,,,,,助手,,踱步,H,飛機場 踱步 (助手)
H212,20/01/2023,踱步,從化,飛機場,從化 飛機場,,,,,,助手,,踱步,H,飛機場 踱步 (助手)
H212,19/01/2023,快操,從化,全天候,從化 全天候,,55.6,55.6,29.1 26.5,,助手,,快操,H,29.1 26.5 (55.6) (助手)
H212,19/01/2023,踱步,從化,飛機場,從化 飛機場,,,,,,助手,,踱步,H,飛機場 踱步 (助手)
H212,18/01/2023,游水,從化,,從化,,,,,,,,游水,,
H212,18/01/2023,踱步,從化,內圈,從化 內圈,,,,,,助手,,快踱一圈,H,內圈 快踱一圈 (助手)
H212,17/01/2023,踱步,從化,內圈,從化 內圈,,,,,,助手,,快踱一圈,H,內圈 快踱一圈 (助手)
H212,16/01/2023,快操,從化,全天候,從化 全天候,,56.9,56.9,30.0 26.9,,助手,,快操,H,30.0 26.9 (56.9) (助手)
H212,16/01/2023,踱步,從化,飛機場,從化 飛機場,,,,,,助手,,踱步,H,飛機場 踱步 (助手)
H212,15/01/2023,游水,從化,,從化,,,,,,,,游水,,
H212,14/01/2023,游水,從化,,從化,,,,,,,,游水,,
H212,14/01/2023,踱步,從化,內圈,從化 內圈,,,,,,助手,,快踱一圈,H,內圈 快踱一圈 (助手)
H212,13/01/2023,游水,從化,,從化,,,,,,,,游水,,
H212,13/01/2023,踱步,從化,內圈,從化 內圈,,,,,,助手,,快踱一圈,H,內圈 快踱一圈 (助手)
H212,12/01/2023,踱步,從化,內圈,從化 內圈,,,,,,助手,,倒快一圈,H,內圈 倒快一圈 (助手)
H212,11/01/2023,游水,從化,,從化,,,,,,,,游水,,
H212,11/01/2023,踱步,從化,內圈,從化 內圈,,,,,,助手,,快踱一圈,H,內圈 快踱一圈 (助手)
H212,10/01/2023,快操,從化,草閘,從化 草閘,,53.3,53.3,25.5 27.8,,助手,,管之心,H,25.5 27.8 (53.3) (助手) 管之心
H212,10/01/2023,踱步,從化,飛機場,從化 飛機場,,,,,,助手,,踱步,H,飛機場 踱步 (助手)
H212,09/01/2023,游水,從化,,從化,,,,,,,,游水,,
H212,09/01/2023,踱步,從化,內圈,從化 內圈,,,,,,助手,,倒快一圈,H,內圈 倒快一圈 (助手)
H212,08/01/2023,游水,從化,,從化,,,,,,,,游水,,
H212,07/01/2023,游水,從化,,從化,,,,,,,,游水,,
H212,07/01/2023,踱步,從化,內圈,從化 內圈,,,,,,助手,,快踱一圈,H,內圈 快踱一圈 (助手)
H212,06/01/2023,游水,從化,,從化,,,,,,,,游水,,
H212,06/01/2023,踱步,從化,內圈,從化 內圈,,,,,,助手,,快踱一圈,H,內圈 快踱一圈 (助手)
H212,05/01/2023,游水,從化,,從化,,,,,,,,游水,,
H212,05/01/2023,踱步,從化,內圈,從化 內圈,,,,,,助手,,倒快一圈,H,內圈 倒快一圈 (助手)
H212,04/01/2023,游水,從化,,從化,,,,,,,,游水,,
H212,04/01/2023,踱步,從化,飛機場,從化 飛機場,,,,,,助手,,踱步,H,飛機場 踱步 (助手)
H212,03/01/2023,踱步,沙田,內圈,沙田 內圈,,,,,,助手,,快踱一圈,H,內圈 快踱一圈 (助手)
H212,02/01/2023,游水,沙田,,沙田,,,,,,,,游水,,
H212,02/01/2023,快操,沙田,全天候,沙田 全天候,,57.6,57.6,32.3 25.3,,助手,,管之心,H,32.3 25.3 (57.6) (助手) 管之心
H212,02/01/2023,踱步,沙田,飛機場,沙田 飛機場,,,,,,助手,,踱步,H,飛機場 踱步 (助手)
H212,01/01/2023,游水,沙田,,沙田,,,,,,,,游水,,
H212,31/12/2022,游水,沙田,,沙田,,,,,,,,游水,,
H212,31/12/2022,踱步,沙田,內圈,沙田 內圈,,,,,,助手,,快踱一圈,H,內圈 快踱一圈 (助手)
H212,30/12/2022,游水,沙田,,沙田,,,,,,,,游水,,
H212,30/12/2022,快操,沙田,全天候,沙田 全天候,,59.1,59.1,32.7 26.4,,助手,,管之心,H,32.7 26.4 (59.1) (助手) 管之心
H212,30/12/2022,踱步,沙田,飛機場,沙田 飛機場,,,,,,助手,,踱步,H,飛機場 踱步 (助手)
H212,29/12/2022,游水,沙田,,沙田,,,,,,,,游水,,
H212,29/12/2022,踱步,沙田,內圈,沙田 內圈,,,,,,助手,,倒快兩圈,H,內圈 倒快兩圈 (助手)
H212,28/12/2022,游水,沙田,,沙田,,,,,,,,游水,,
H212,28/12/2022,踱步,沙田,內圈,沙田 內圈,,,,,,助手,,快踱一圈,H,內圈 快踱一圈 (助手)
H212,27/12/2022,游水,沙田,,沙田,,,,,,,,游水,,
H212,27/12/2022,快操,沙田,全天候,沙田 全天候,,56.9,56.9,30.3 26.6,,助手,,快操,H,30.3 26.6 (56.9) (助手)
H212,27/12/2022,踱步,沙田,飛機場,沙田 飛機場,,,,,,助手,,踱步,H,飛機場 踱步 (助手)
H212,26/12/2022,游水,沙田,,沙田,,,,,,,,游水,,
H212,26/12/2022,踱步,沙田,內圈,沙田 內圈,,,,,,助手,,倒快兩圈,H,內圈 倒快兩圈 (助手)
H212,25/12/2022,游水,沙田,,沙田,,,,,,,,游水,,
H212,24/12/2022,游水,沙田,,沙田,,,,,,,,游水,,
H212,24/12/2022,快操,沙田,全天候,沙田 全天候,,53.2,53.2,29.2 24.0,,助手,,管之心,H,29.2 24.0 (53.2) (助手) 管之心
H212,24/12/2022,踱步,沙田,飛機場,沙田 飛機場,,,,,,助手,,踱步,H,飛機場 踱步 (助手)
H212,23/12/2022,游水,沙田,,沙田,,,,,,,,游水,,
H212,23/12/2022,踱步,沙田,內圈,沙田 內圈,,,,,,助手,,快踱一圈,H,內圈 快踱一圈 (助手)
H212,22/12/2022,游水,沙田,,沙田,,,,,,,,游水,,
H212,22/12/2022,踱步,沙田,內圈,沙田 內圈,,,,,,助手,,倒快兩圈,H,內圈 倒快兩圈 (助手)
H212,21/12/2022,游水,沙田,,沙田,,,,,,,,游水,,
H212,21/12/2022,快操,沙田,全天候,沙田 全天候,,57.1,57.1,30.7 26.4,,助手,,快操,H,30.7 26.4 (57.1) (助手)
H212,21/12/2022,踱步,沙田,飛機場,沙田 飛機場,,,,,,助手,,踱步,H,飛機場 踱步 (助手)
H212,20/12/2022,游水,沙田,,沙田,,,,,,,,游水,,
H212,20/12/2022,踱步,沙田,內圈,沙田 內圈,,,,,,助手,,快踱一圈,H,內圈 快踱一圈 (助手)
H212,19/12/2022,游水,沙田,,沙田,,,,,,,,游水,,
H212,19/12/2022,踱步,沙田,內圈,沙田 內圈,,,,,,助手,,倒快兩圈,H,內圈 倒快兩圈 (助手)
H212,18/12/2022,游水,沙田,,沙田,,,,,,,,游水,,
H212,17/12/2022,游水,沙田,,沙田,,,,,,,,游水,,
H212,16/12/2022,游水,沙田,,沙田,,,,,,,,游水,,
H212,16/12/2022,快操,沙田,全天候,沙田 全天候,,59.7,59.7,30.0 29.7,,助手,,快操,H,30.0 29.7 (59.7) (助手)
H212,16/12/2022,踱步,沙田,飛機場,沙田 飛機場,,,,,,助手,,踱步,H,飛機場 踱步 (助手)
H212,15/12/2022,游水,沙田,,沙田,,,,,,,,游水,,
H212,15/12/2022,踱步,沙田,內圈,沙田 內圈,,,,,,助手,,倒快兩圈,H,內圈 倒快兩圈 (助手)
H212,14/12/2022,游水,沙田,,沙田,,,,,,,,游水,,
H212,14/12/2022,踱步,沙田,內圈,沙田 內圈,,,,,,助手,,快踱一圈,H,內圈 快踱一圈 (助手)
H212,13/12/2022,游水,沙田,,沙田,,,,,,,,游水,,
H212,13/12/2022,快操,沙田,全天候,沙田 全天候,,29.1,29.1,29.1,,助手,,快操,H,29.1 (29.1) (助手)
H212,13/12/2022,踱步,沙田,飛機場,沙田 飛機場,,,,,,助手,,踱步,H,飛機場 踱步 (助手)
H212,12/12/2022,游水,沙田,,沙田,,,,,,,,游水,,
H212,12/12/2022,踱步,沙田,內圈,沙田 內圈,,,,,,助手,,倒快兩圈,H,內圈 倒快兩圈 (助手)
H212,11/12/2022,游水,沙田,,沙田,,,,,,,,游水,,
H212,10/12/2022,游水,沙田,,沙田,,,,,,,,游水,,
H212,10/12/2022,快操,沙田,全天候,沙田 全天候,,32.0,32.0,32.0,,助手,,快操,H,32.0 (32.0) (助手)
H212,10/12/2022,踱步,沙田,飛機場,沙田 飛機場,,,,,,助手,,踱步,H,飛機場 踱步 (助手)
H212,09/12/2022,游水,沙田,,沙田,,,,,,,,游水,,
H212,09/12/2022,踱步,沙田,內圈,沙田 內圈,,,,,,助手,,快踱一圈,H,內圈 快踱一圈 (助手)
H212,08/12/2022,游水,沙田,,沙田,,,,,,,,游水,,
H212,08/12/2022,踱步,沙田,內圈,沙田 內圈,,,,,,助手,,倒快一圈,H,內圈 倒快一圈 (助手)
H212,07/12/2022,游水,沙田,,沙田,,,,,,,,游水,,
H212,07/12/2022,踱步,沙田,內圈,沙田 內圈,,,,,,助手,,快踱一圈,H,內圈 快踱一圈 (助手)
H212,06/12/2022,游水,沙田,,沙田,,,,,,,,游水,,
H212,06/12/2022,踱步,沙田,內圈,沙田 內圈,,,,,,助手,,快踱一圈,H,內圈 快踱一圈 (助手)
H212,05/12/2022,游水,沙田,,沙田,,,,,,,,游水,,
H212,05/12/2022,踱步,沙田,內圈,沙田 內圈,,,,,,助手,,倒快兩圈,H,內圈 倒快兩圈 (助手)
H212,04/12/2022,游水,沙田,,沙田,,,,,,,,游水,,
H212,03/12/2022,游水,沙田,,沙田,,,,,,,,游水,,
H212,03/12/2022,踱步,沙田,內圈,沙田 內圈,,,,,,助手,,快踱一圈,H,內圈 快踱一圈 (助手)
H212,02/12/2022,游水,沙田,,沙田,,,,,,,,游水,,
H212,02/12/2022,踱步,沙田,內圈,沙田 內圈,,,,,,助手,,快踱一圈,H,內圈 快踱一圈 (助手)
H212,01/12/2022,游水,沙田,,沙田,,,,,,,,游水,,
H212,01/12/2022,踱步,沙田,內圈,沙田 內圈,,,,,,助手,,倒快兩圈,H,內圈 倒快兩圈 (助手)
H212,30/11/2022,游水,沙田,,沙田,,,,,,,,游水,,
H212,30/11/2022,踱步,沙田,內圈,沙田 內圈,,,,,,助手,,快踱一圈,H,內圈 快踱一圈 (助手)
H212,29/11/2022,游水,沙田,,沙田,,,,,,,,游水,,
H212,29/11/2022,踱步,沙田,內圈,沙田 內圈,,,,,,助手,,快踱一圈,H,內圈 快踱一圈 (助手)
H212,28/11/2022,踱步,沙田,內圈,沙田 內圈,,,,,,助手,,倒快兩圈,H,內圈 倒快兩圈 (助手)
H212,26/11/2022,踱步,沙田,內圈,沙田 內圈,,,,,,助手,,快踱一圈,H,內圈 快踱一圈 (助手)
H212,25/11/2022,踱步,沙田,內圈,沙田 內圈,,,,,,助手,,快踱一圈,H,內圈 快踱一圈 (助手)
H212,24/11/2022,踱步,沙田,內圈,沙田 內圈,,,,,,助手,,倒快兩圈,H,內圈 倒快兩圈 (助手)
H212,23/11/2022,踱步,沙田,內圈,沙田 內圈,,,,,,助手,,快踱一圈,H,內圈 快踱一圈 (助手)
H212,22/11/2022,踱步,沙田,內圈,沙田 內圈,,,,,,助手,,快踱一圈,H,內圈 快踱一圈 (助手)
H212,21/11/2022,踱步,沙田,內圈,沙田 內圈,,,,,,助手,,倒快兩圈,H,內圈 倒快兩圈 (助手)
H212,19/11/2022,踱步,沙田,內圈,沙田 內圈,,,,,,助手,,快踱一圈,H,內圈 快踱一圈 (助手)
H212,18/11/2022,踱步,沙田,內圈,沙田 內圈,,,,,,助手,,快踱一圈,H,內圈 快踱一圈 (助手)
H212,17/11/2022,踱步,沙田,飛機場,沙田 飛機場,,,,,,助手,,踱步,H,飛機場 踱步 (助手)
H212,16/11/2022,踱步,沙田,飛機場,沙田 飛機場,,,,,,助手,,踱步,H,飛機場 踱步 (助手)
H212,15/11/2022,踱步,沙田,飛機場,沙田 飛機場,,,,,,助手,,踱步,H,飛機場 踱步 (助手)
H212,14/11/2022,踱步,沙田,飛機場,沙田 飛機場,,,,,,助手,,踱步,H,飛機場 踱步 (助手)
