horse_no,date,work_type,racecourse,track,venue,distance,time,time_sec,splits,partner,rider,placing,comment,gear,workout_details
H405,05/09/2026,踱步,沙田,內圈,沙田 內圈,,,,,,助手,,快踱一圈,H,內圈 快踱一圈 (助手)
H405,04/09/2026,游水,沙田,,沙田,,,,,,,,游水,,
H405,04/09/2026,踱步,沙田,內圈,沙田 內圈,,,,,,助手,,快踱一圈,H,內圈 快踱一圈 (助手)
H405,03/09/2026,游水,沙田,,沙田,,,,,,,,游水,,
H405,03/09/2026,踱步,沙田,內圈,沙田 內圈,,,,,,助手,,倒快兩圈,H,內圈 倒快兩圈 (助手)
H405,02/09/2026,游水,沙田,,沙田,,,,,,,,游水,,
H405,02/09/2026,踱步,沙田,內圈,沙田 內圈,,,,,,助手,,快踱一圈,H,內圈 快踱一圈 (助手)
H405,01/09/2026,游水,沙田,,沙田,,,,,,,,游水,,
H405,01/09/2026,踱步,沙田,內圈,沙田 內圈,,,,,,助手,,快踱一圈,H,內圈 快踱一圈 (助手)
H405,31/08/2026,游水,沙田,,沙田,,,,,,,,游水,,
H405,30/08/2026,試閘,沙田,草地,沙田 草地,1000M,0.57.98,57.98,13.6 21.2 23.1,人和家興,黃寶妮,,第3組,H,第3組 (黃寶妮) 1000M 人和家興 13.6 21.2 23.1 (0.57.98)
H405,30/08/2026,游水,沙田,,沙田,,,,,,,,游水,,
H405,30/08/2026,踱步,沙田,內圈,沙田 內圈,,,,,,助手,,快踱一圈,H,內圈 快踱一圈 (助手)
H405,29/08/2026,游水,沙田,,沙田,,,,,,,,游水,,
H405,29/08/2026,踱步,沙田,內圈,沙田 內圈,,,,,,助手,,快踱一圈,H,內圈 快踱一圈 (助手)
H405,28/08/2026,游水,沙田,,沙田,,,,,,,,游水,,
H405,28/08/2026,踱步,沙田,內圈,沙田 內圈,,,,,,助手,,快踱一圈,H,內圈 快踱一圈 (助手)
H405,27/08/2026,游水,沙田,,沙田,,,,,,,,游水,,
H405,27/08/2026,快操,沙田,全天候,沙田 全天候,,57.3,57.3,30.5 26.8,,助手,,快操,H,30.5 26.8 (57.3) (助手)
H405,27/08/2026,踱步,沙田,飛機場,沙田 飛機場,,,,,,助手,,踱步,H,飛機場 踱步 (助手)
H405,26/08/2026,游水,沙田,,沙田,,,,,,,,游水,,
H405,26/08/2026,踱步,沙田,內圈,沙田 內圈,,,,,,助手,,快踱一圈,H,內圈 快踱一圈 (助手)
H405,25/08/2026,游水,沙田,,沙田,,,,,,,,游水,,
H405,25/08/2026,踱步,沙田,內圈,沙田 內圈,,,,,,助手,,快踱一圈,H,內圈 快踱一圈 (助手)
H405,24/08/2026,游水,沙田,,沙田,,,,,,,,游水,,
H405,24/08/2026,踱步,沙田,內圈,沙田 內圈,,,,,,助手,,倒快兩圈,H,內圈 倒快兩圈 (助手)
H405,23/08/2026,游水,沙田,,沙田,,,,,,,,游水,,
H405,23/08/2026,快操,沙田,全天候,沙田 全天候,,56.5,56.5,30.0 26.5,,助手,,快操,H,30.0 26.5 (56.5) (助手)
H405,23/08/2026,踱步,沙田,飛機場,沙田 飛機場,,,,,,助手,,踱步,H,飛機場 踱步 (助手)
H405,22/08/2026,游水,沙田,,沙田,,,,,,,,游水,,
H405,22/08/2026,踱步,沙田,內圈,沙田 內圈,,,,,,助手,,快踱一圈,H,內圈 快踱一圈 (助手)
H405,21/08/2026,游水,沙田,,沙田,,,,,,,,游水,,
H405,21/08/2026,踱步,沙田,內圈,沙田 內圈,,,,,,助手,,快踱一圈,H,內圈 快踱一圈 (助手)
H405,20/08/2026,游水,沙田,,沙田,,,,,,,,游水,,
H405,20/08/2026,踱步,沙田,內圈,沙田 內圈,,,,,,助手,,倒快兩圈,H,內圈 倒快兩圈 (助手)
H405,19/08/2026,游水,沙田,,沙田,,,,,,,,游水,,
H405,19/08/2026,快操,沙田,全天候,沙田 全天候,,57.3,57.3,30.5 26.8,,助手,,快操,H,30.5 26.8 (57.3) (助手)
H405,19/08/2026,踱步,沙田,飛機場,沙田 飛機場,,,,,,助手,,踱步,H,飛機場 踱步 (助手)
H405,18/08/2026,游水,沙田,,沙田,,,,,,,,游水,,
H405,18/08/2026,踱步,沙田,內圈,沙田 內圈,,,,,,助手,,快踱一圈,H,內圈 快踱一圈 (助手)
H405,17/08/2026,游水,沙田,,沙田,,,,,,,,游水,,
H405,17/08/2026,踱步,沙田,內圈,沙田 內圈,,,,,,助手,,倒快兩圈,H,內圈 倒快兩圈 (助手)
H405,16/08/2026,游水,沙田,,沙田,,,,,,,,游水,,
H405,16/08/2026,踱步,沙田,內圈,沙田 內圈,,,,,,助手,,快踱一圈,H,內圈 快踱一圈 (助手)
H405,15/08/2026,游水,沙田,,沙田,,,,,,,,游水,,
H405,15/08/2026,快操,沙田,全天候,沙田 全天候,,57.6,57.6,30.8 26.8,,助手,,快操,H,30.8 26.8 (57.6) (助手)
H405,15/08/2026,踱步,沙田,飛機場,沙田 飛機場,,,,,,助手,,踱步,H,飛機場 踱步 (助手)
H405,14/08/2026,游水,沙田,,沙田,,,,,,,,游水,,
H405,14/08/2026,踱步,沙田,內圈,沙田 內圈,,,,,,助手,,快踱一圈,H,內圈 快踱一圈 (助手)
H405,13/08/2026,游水,沙田,,沙田,,,,,,,,游水,,
H405,13/08/2026,踱步,沙田,內圈,沙田 內圈,,,,,,助手,,倒快兩圈,H,內圈 倒快兩圈 (助手)
H405,12/08/2026,游水,沙田,,沙田,,,,,,,,游水,,
H405,12/08/2026,快操,沙田,全天候,沙田 全天候,,56.9,56.9,30.1 26.8,,助手,,快操,H,30.1 26.8 (56.9) (助手)
H405,12/08/2026,踱步,沙田,飛機場,沙田 飛機場,,,,,,助手,,踱步,H,飛機場 踱步 (助手)
H405,11/08/2026,游水,沙田,,沙田,,,,,,,,游水,,
H405,11/08/2026,踱步,沙田,內圈,沙田 內圈,,,,,,助手,,快踱一圈,H,內圈 快踱一圈 (助手)
H405,10/08/2026,游水,沙田,,沙田,,,,,,,,游水,,
H405,10/08/2026,踱步,沙田,內圈,沙田 內圈,,,,,,助手,,倒快兩圈,H,內圈 倒快兩圈 (助手)
H405,09/08/2026,游水,沙田,,沙田,,,,,,,,游水,,
H405,09/08/2026,踱步,沙田,內圈,沙田 內圈,,,,,,助手,,快踱一圈,H,內圈 快踱一圈 (助手)
H405,08/08/2026,游水,沙田,,沙田,,,,,,,,游水,,
H405,08/08/2026,快操,沙田,全天候,沙田 全天候,,57.0,57.0,30.4 26.6,,助手,,快操,H,30.4 26.6 (57.0) (助手)
H405,08/08/2026,踱步,沙田,飛機場,沙田 飛機場,,,,,,助手,,踱步,H,飛機場 踱步 (助手)
H405,07/08/2026,游水,沙田,,沙田,,,,,,,,游水,,
H405,07/08/2026,踱步,沙田,內圈,沙田 內圈,,,,,,助手,,快踱一圈,H,內圈 快踱一圈 (助手)
H405,06/08/2026,游水,沙田,,沙田,,,,,,,,游水,,
H405,06/08/2026,踱步,沙田,內圈,沙田 內圈,,,,,,助手,,倒快兩圈,H,內圈 倒快兩圈 (助手)
H405,05/08/2026,踱步,沙田,內圈,沙田 內圈,,,,,,助手,,快踱一圈,H,內圈 快踱一圈 (助手)
H405,04/08/2026,踱步,沙田,內圈,沙田 內圈,,,,,,助手,,快踱一圈,H,內圈 快踱一圈 (助手)
H405,03/08/2026,踱步,沙田,內圈,沙田 內圈,,,,,,助手,,快踱一圈,H,內圈 快踱一圈 (助手)
H405,02/08/2026,踱步,沙田,內圈,沙田 內圈,,,,,,助手,,快踱一圈,H,內圈 快踱一圈 (助手)
H405,01/08/2026,踱步,沙田,內圈,沙田 內圈,,,,,,助手,,快踱一圈,H,內圈 快踱一圈 (助手)
H405,08/07/2026,出賽,跑馬地,草地,跑馬地 草地,1000M,,,,,黃寶妮,4/12,出賽,H/TT,1000M (黃寶妮) (4/12)
H405,08/07/2026,游水,沙田,,沙田,,,,,,,,游水,,
H405,08/07/2026,踱步,沙田,內圈,沙田 內圈,,,,,,助手,,快踱一圈,H,內圈 快踱一圈 (助手)
H405,07/07/2026,游水,沙田,,沙田,,,,,,,,游水,,
H405,07/07/2026,踱步,沙田,內圈,沙田 內圈,,,,,,助手,,快踱一圈,H,內圈 快踱一圈 (助手)
H405,06/07/2026,游水,沙田,,沙田,,,,,,,,游水,,
H405,06/07/2026,踱步,沙田,內圈,沙田 內圈,,,,,,助手,,倒快兩圈,H,內圈 倒快兩圈 (助手)
H405,05/07/2026,游水,沙田,,沙田,,,,,,,,游水,,
H405,05/07/2026,踱步,沙田,內圈,沙田 內圈,,,,,,助手,,快踱一圈,H,內圈 快踱一圈 (助手)
H405,04/07/2026,游水,沙田,,沙田,,,,,,,,游水,,
H405,04/07/2026,踱步,沙田,內圈,沙田 內圈,,,,,,助手,,快踱一圈,H,內圈 快踱一圈 (助手)
H405,03/07/2026,游水,沙田,,沙田,,,,,,,,游水,,
H405,03/07/2026,踱步,沙田,內圈,沙田 內圈,,,,,,助手,,快踱一圈,H,內圈 快踱一圈 (助手)
H405,02/07/2026,游水,沙田,,沙田,,,,,,,,游水,,
H405,01/07/2026,出賽,沙田,草地,沙田 草地,1000M,,,,,黃寶妮,6/14,出賽,H/TT,1000M (黃寶妮) (6/14)
H405,01/07/2026,游水,沙田,,沙田,,,,,,,,游水,,
H405,01/07/2026,踱步,沙田,內圈,沙田 內圈,,,,,,助手,,快踱一圈,H,內圈 快踱一圈 (助手)
H405,30/06/2026,游水,沙田,,沙田,,,,,,,,游水,,
H405,30/06/2026,踱步,沙田,內圈,沙田 內圈,,,,,,助手,,快踱一圈,H,內圈 快踱一圈 (助手)
H405,29/06/2026,游水,沙田,,沙田,,,,,,,,游水,,
H405,29/06/2026,踱步,沙田,內圈,沙田 內圈,,,,,,助手,,倒快兩圈,H,內圈 倒快兩圈 (助手)
H405,28/06/2026,游水,沙田,,沙田,,,,,,,,游水,,
H405,28/06/2026,快操,沙田,全天候,沙田 全天候,,56.7,56.7,30.4 26.3,,助手,,快操,H,30.4 26.3 (56.7) (助手)
H405,28/06/2026,踱步,沙田,飛機場,沙田 飛機場,,,,,,助手,,踱步,H,飛機場 踱步 (助手)
H405,27/06/2026,游水,沙田,,沙田,,,,,,,,游水,,
H405,27/06/2026,踱步,沙田,內圈,沙田 內圈,,,,,,助手,,快踱一圈,H,內圈 快踱一圈 (助手)
H405,26/06/2026,游水,沙田,,沙田,,,,,,,,游水,,
H405,26/06/2026,踱步,沙田,內圈,沙田 內圈,,,,,,助手,,快踱一圈,H,內圈 快踱一圈 (助手)
H405,25/06/2026,游水,沙田,,沙田,,,,,,,,游水,,
H405,25/06/2026,踱步,沙田,內圈,沙田 內圈,,,,,,助手,,倒快兩圈,H,內圈 倒快兩圈 (助手)
H405,24/06/2026,游水,沙田,,沙田,,,,,,,,游水,,
H405,24/06/2026,快操,沙田,全天候,沙田 全天候,,56.3,56.3,30.2 26.1,,助手,,快操,H,30.2 26.1 (56.3) (助手)
H405,24/06/2026,踱步,沙田,飛機場,沙田 飛機場,,,,,,助手,,踱步,H,飛機場 踱步 (助手)
H405,23/06/2026,游水,沙田,,沙田,,,,,,,,游水,,
H405,23/06/2026,踱步,沙田,內圈,沙田 內圈,,,,,,助手,,快踱一圈,H,內圈 快踱一圈 (助手)
H405,22/06/2026,游水,沙田,,沙田,,,,,,,,游水,,
H405,22/06/2026,踱步,沙田,內圈,沙田 內圈,,,,,,助手,,倒快兩圈,H,內圈 倒快兩圈 (助手)
H405,21/06/2026,游水,沙田,,沙田,,,,,,,,游水,,
H405,21/06/2026,快操,沙田,全天候,沙田 全天候,,57.5,57.5,31.3 26.2,,助手,,快操,H,31.3 26.2 (57.5) (助手)
H405,21/06/2026,踱步,沙田,飛機場,沙田 飛機場,,,,,,助手,,踱步,H,飛機場 踱步 (助手)
H405,20/06/2026,游水,沙田,,沙田,,,,,,,,游水,,
H405,20/06/2026,踱步,沙田,內圈,沙田 內圈,,,,,,助手,,快踱一圈,H,內圈 快踱一圈 (助手)
H405,19/06/2026,游水,沙田,,沙田,,,,,,,,游水,,
H405,19/06/2026,踱步,沙田,內圈,沙田 內圈,,,,,,助手,,快踱一圈,H,內圈 快踱一圈 (助手)
H405,18/06/2026,游水,沙田,,沙田,,,,,,,,游水,,
H405,18/06/2026,踱步,沙田,內圈,沙田 內圈,,,,,,助手,,倒快兩圈,H,內圈 倒快兩圈 (助手)
H405,17/06/2026,游水,沙田,,沙田,,,,,,,,游水,,
H405,17/06/2026,快操,沙田,全天候,沙田 全天候,,56.6,56.6,30.5 26.1,,助手,,快操,H,30.5 26.1 (56.6) (助手)
H405,17/06/2026,踱步,沙田,飛機場,沙田 飛機場,,,,,,助手,,踱步,H,飛機場 踱步 (助手)
H405,16/06/2026,游水,沙田,,沙田,,,,,,,,游水,,
H405,16/06/2026,踱步,沙田,內圈,沙田 內圈,,,,,,助手,,快踱一圈,H,內圈 快踱一圈 (助手)
H405,15/06/2026,游水,沙田,,沙田,,,,,,,,游水,,
H405,15/06/2026,踱步,沙田,內圈,沙田 內圈,,,,,,助手,,倒快兩圈,H,內圈 倒快兩圈 (助手)
H405,14/06/2026,游水,沙田,,沙田,,,,,,,,游水,,
H405,14/06/2026,快操,沙田,全天候,沙田 全天候,,55.9,55.9,30.4 25.5,,助手,,快操,H,30.4 25.5 (55.9) (助手)
H405,14/06/2026,踱步,沙田,飛機場,沙田 飛機場,,,,,,助手,,踱步,H,飛機場 踱步 (助手)
H405,13/06/2026,游水,沙田,,沙田,,,,,,,,游水,,
H405,13/06/2026,踱步,沙田,內圈,沙田 內圈,,,,,,助手,,快踱一圈,H,內圈 快踱一圈 (助手)
H405,12/06/2026,游水,沙田,,沙田,,,,,,,,游水,,
H405,12/06/2026,踱步,沙田,內圈,沙田 內圈,,,,,,助手,,快踱一圈,H,內圈 快踱一圈 (助手)
H405,11/06/2026,游水,沙田,,沙田,,,,,,,,游水,,
H405,11/06/2026,踱步,沙田,內圈,沙田 內圈,,,,,,助手,,倒快兩圈,H,內圈 倒快兩圈 (助手)
H405,10/06/2026,游水,沙田,,沙田,,,,,,,,游水,,
H405,10/06/2026,踱步,沙田,內圈,沙田 內圈,,,,,,助手,,快踱一圈,H,內圈 快踱一圈 (助手)
H405,09/06/2026,游水,沙田,,沙田,,,,,,,,游水,,
H405,09/06/2026,踱步,沙田,內圈,沙田 內圈,,,,,,助手,,快踱一圈,H,內圈 快踱一圈 (助手)
H405,08/06/2026,游水,沙田,,沙田,,,,,,,,游水,,
H405,07/06/2026,出賽,沙田,草地,沙田 草地,1000M,,,,,鍾易禮,10/14,出賽,H/TT,1000M (鍾易禮) (10/14)
H405,07/06/2026,游水,沙田,,沙田,,,,,,,,游水,,
H405,07/06/2026,踱步,沙田,內圈,沙田 內圈,,,,,,助手,,快踱一圈,H,內圈 快踱一圈 (助手)
H405,06/06/2026,游水,沙田,,沙田,,,,,,,,游水,,
H405,06/06/2026,踱步,沙田,內圈,沙田 內圈,,,,,,助手,,快踱一圈,H,內圈 快踱一圈 (助手)
H405,05/06/2026,游水,沙田,,沙田,,,,,,,,游水,,
H405,05/06/2026,踱步,沙田,內圈,沙田 內圈,,,,,,助手,,快踱一圈,H,內圈 快踱一圈 (助手)
H405,04/06/2026,游水,沙田,,沙田,,,,,,,,游水,,
H405,04/06/2026,踱步,沙田,內圈,沙田 內圈,,,,,,助手,,倒快兩圈,H,內圈 倒快兩圈 (助手)
H405,03/06/2026,游水,沙田,,沙田,,,,,,,,游水,,
H405,03/06/2026,踱步,沙田,內圈,沙田 內圈,,,,,,助手,,快踱一圈,H,內圈 快踱一圈 (助手)
H405,02/06/2026,游水,沙田,,沙田,,,,,,,,游水,,
H405,02/06/2026,踱步,沙田,內圈,沙田 內圈,,,,,,助手,,快踱一圈,H,內圈 快踱一圈 (助手)
H405,01/06/2026,游水,沙田,,沙田,,,,,,,,游水,,
H405,01/06/2026,快操,沙田,草閘,沙田 草閘,,50.5,50.5,23.5 27.0,,鍾易禮,,快操,H,23.5 27.0 (50.5) (鍾易禮)
H405,01/06/2026,踱步,沙田,飛機場,沙田 飛機場,,,,,,鍾易禮,,踱步,H,飛機場 踱步 (鍾易禮)
H405,31/05/2026,游水,沙田,,沙田,,,,,,,,游水,,
H405,31/05/2026,踱步,沙田,內圈,沙田 內圈,,,,,,助手,,快踱一圈,H,內圈 快踱一圈 (助手)
H405,30/05/2026,游水,沙田,,沙田,,,,,,,,游水,,
H405,30/05/2026,踱步,沙田,內圈,沙田 內圈,,,,,,助手,,快踱一圈,H,內圈 快踱一圈 (助手)
H405,29/05/2026,游水,沙田,,沙田,,,,,,,,游水,,
H405,29/05/2026,踱步,沙田,內圈,沙田 內圈,,,,,,助手,,快踱一圈,H,內圈 快踱一圈 (助手)
H405,28/05/2026,游水,沙田,,沙田,,,,,,,,游水,,
H405,28/05/2026,踱步,沙田,內圈,沙田 內圈,,,,,,助手,,倒快兩圈,H,內圈 倒快兩圈 (助手)
H405,27/05/2026,游水,沙田,,沙田,,,,,,,,游水,,
H405,27/05/2026,快操,沙田,全天候,沙田 全天候,,55.1,55.1,29.2 25.9,,助手,,快操,H,29.2 25.9 (55.1) (助手)
H405,27/05/2026,踱步,沙田,飛機場,沙田 飛機場,,,,,,助手,,踱步,H,飛機場 踱步 (助手)
H405,26/05/2026,游水,沙田,,沙田,,,,,,,,游水,,
H405,26/05/2026,踱步,沙田,內圈,沙田 內圈,,,,,,助手,,快踱一圈,H,內圈 快踱一圈 (助手)
H405,25/05/2026,游水,沙田,,沙田,,,,,,,,游水,,
H405,25/05/2026,踱步,沙田,內圈,沙田 內圈,,,,,,助手,,倒快兩圈,H,內圈 倒快兩圈 (助手)
H405,24/05/2026,游水,沙田,,沙田,,,,,,,,游水,,
H405,24/05/2026,快操,沙田,全天候,沙田 全天候,,56.8,56.8,30.0 26.8,,助手,,快操,H,30.0 26.8 (56.8) (助手)
H405,24/05/2026,踱步,沙田,飛機場,沙田 飛機場,,,,,,助手,,踱步,H,飛機場 踱步 (助手)
H405,23/05/2026,游水,沙田,,沙田,,,,,,,,游水,,
H405,23/05/2026,踱步,沙田,內圈,沙田 內圈,,,,,,助手,,快踱一圈,H,內圈 快踱一圈 (助手)
H405,22/05/2026,游水,沙田,,沙田,,,,,,,,游水,,
H405,22/05/2026,踱步,沙田,內圈,沙田 內圈,,,,,,助手,,快踱一圈,H,內圈 快踱一圈 (助手)
H405,21/05/2026,游水,沙田,,沙田,,,,,,,,游水,,
H405,21/05/2026,踱步,沙田,內圈,沙田 內圈,,,,,,助手,,倒快兩圈,H,內圈 倒快兩圈 (助手)
H405,20/05/2026,游水,沙田,,沙田,,,,,,,,游水,,
H405,20/05/2026,快操,沙田,全天候,沙田 全天候,,56.2,56.2,30.2 26.0,,助手,,快操,H,30.2 26.0 (56.2) (助手)
H405,20/05/2026,踱步,沙田,飛機場,沙田 飛機場,,,,,,助手,,踱步,H,飛機場 踱步 (助手)
H405,19/05/2026,游水,沙田,,沙田,,,,,,,,游水,,
H405,19/05/2026,踱步,沙田,內圈,沙田 內圈,,,,,,助手,,快踱一圈,H,內圈 快踱一圈 (助手)
H405,18/05/2026,游水,沙田,,沙田,,,,,,,,游水,,
H405,18/05/2026,踱步,沙田,內圈,沙田 內圈,,,,,,助手,,倒快兩圈,H,內圈 倒快兩圈 (助手)
H405,17/05/2026,快操,沙田,全天候,沙田 全天候,,56.5,56.5,30.2 26.3,,助手,,快操,H,30.2 26.3 (56.5) (助手)
H405,17/05/2026,踱步,沙田,飛機場,沙田 飛機場,,,,,,助手,,踱步,H,飛機場 踱步 (助手)
H405,16/05/2026,游水,沙田,,沙田,,,,,,,,游水,,
H405,16/05/2026,踱步,沙田,內圈,沙田 內圈,,,,,,助手,,快踱一圈,H,內圈 快踱一圈 (助手)
H405,15/05/2026,游水,沙田,,沙田,,,,,,,,游水,,
H405,15/05/2026,踱步,沙田,內圈,沙田 內圈,,,,,,助手,,快踱一圈,H,內圈 快踱一圈 (助手)
H405,14/05/2026,游水,沙田,,沙田,,,,,,,,游水,,
H405,14/05/2026,踱步,沙田,內圈,沙田 內圈,,,,,,助手,,倒快兩圈,H,內圈 倒快兩圈 (助手)
H405,13/05/2026,游水,沙田,,沙田,,,,,,,,游水,,
H405,13/05/2026,踱步,沙田,內圈,沙田 內圈,,,,,,助手,,快踱一圈,H,內圈 快踱一圈 (助手)
H405,12/05/2026,游水,沙田,,沙田,,,,,,,,游水,,
H405,12/05/2026,踱步,沙田,內圈,沙田 內圈,,,,,,助手,,快踱一圈,H,內圈 快踱一圈 (助手)
H405,11/05/2026,游水,沙田,,沙田,,,,,,,,游水,,
H405,11/05/2026,踱步,沙田,內圈,沙田 內圈,,,,,,助手,,倒快兩圈,H,內圈 倒快兩圈 (助手)
H405,10/05/2026,游水,沙田,,沙田,,,,,,,,游水,,
H405,09/05/2026,出賽,沙田,草地,沙田 草地,1000M,,,,,蔡明紹,5/14,出賽,H/TT,1000M (蔡明紹) (5/14)
H405,09/05/2026,游水,沙田,,沙田,,,,,,,,游水,,
H405,09/05/2026,踱步,沙田,內圈,沙田 內圈,,,,,,助手,,快踱一圈,H,內圈 快踱一圈 (助手)
H405,08/05/2026,游水,沙田,,沙田,,,,,,,,游水,,
H405,08/05/2026,踱步,沙田,內圈,沙田 內圈,,,,,,助手,,快踱一圈,H,內圈 快踱一圈 (助手)
H405,07/05/2026,游水,沙田,,沙田,,,,,,,,游水,,
H405,07/05/2026,踱步,沙田,內圈,沙田 內圈,,,,,,助手,,倒快兩圈,H,內圈 倒快兩圈 (助手)
H405,06/05/2026,游水,沙田,,沙田,,,,,,,,游水,,
H405,06/05/2026,快操,沙田,全天候,沙田 全天候,,55.5,55.5,29.7 25.8,,助手,,快操,H,29.7 25.8 (55.5) (助手)
H405,06/05/2026,踱步,沙田,飛機場,沙田 飛機場,,,,,,助手,,踱步,H,飛機場 踱步 (助手)
H405,05/05/2026,游水,沙田,,沙田,,,,,,,,游水,,
H405,05/05/2026,踱步,沙田,內圈,沙田 內圈,,,,,,助手,,快踱一圈,H,內圈 快踱一圈 (助手)
H405,04/05/2026,游水,沙田,,沙田,,,,,,,,游水,,
H405,04/05/2026,踱步,沙田,內圈,沙田 內圈,,,,,,助手,,倒快兩圈,H,內圈 倒快兩圈 (助手)
H405,03/05/2026,游水,沙田,,沙田,,,,,,,,游水,,
H405,03/05/2026,快操,沙田,全天候,沙田 全天候,,55.3,55.3,29.5 25.8,,助手,,快操,H,29.5 25.8 (55.3) (助手)
H405,03/05/2026,踱步,沙田,飛機場,沙田 飛機場,,,,,,助手,,踱步,H,飛機場 踱步 (助手)
H405,02/05/2026,游水,沙田,,沙田,,,,,,,,游水,,
H405,02/05/2026,踱步,沙田,內圈,沙田 內圈,,,,,,助手,,快踱一圈,H,內圈 快踱一圈 (助手)
H405,01/05/2026,游水,沙田,,沙田,,,,,,,,游水,,
H405,01/05/2026,踱步,沙田,內圈,沙田 內圈,,,,,,助手,,快踱一圈,H,內圈 快踱一圈 (助手)
H405,30/04/2026,游水,沙田,,沙田,,,,,,,,游水,,
H405,30/04/2026,快操,沙田,全天候,沙田 全天候,,53.4,53.4,27.7 25.7,,助手,,快操,H,27.7 25.7 (53.4) (助手)
H405,30/04/2026,踱步,沙田,飛機場,沙田 飛機場,,,,,,助手,,踱步,H,飛機場 踱步 (助手)
H405,29/04/2026,游水,沙田,,沙田,,,,,,,,游水,,
H405,29/04/2026,踱步,沙田,內圈,沙田 內圈,,,,,,助手,,快踱一圈,H,內圈 快踱一圈 (助手)
H405,28/04/2026,游水,沙田,,沙田,,,,,,,,游水,,
H405,28/04/2026,踱步,沙田,內圈,沙田 內圈,,,,,,助手,,快踱一圈,H,內圈 快踱一圈 (助手)
H405,27/04/2026,游水,沙田,,沙田,,,,,,,,游水,,
H405,27/04/2026,踱步,沙田,內圈,沙田 內圈,,,,,,助手,,倒快兩圈,H,內圈 倒快兩圈 (助手)
H405,26/04/2026,游水,沙田,,沙田,,,,,,,,游水,,
H405,26/04/2026,快操,沙田,全天候,沙田 全天候,,57.3,57.3,31.4 25.9,,助手,,快操,H,31.4 25.9 (57.3) (助手)
H405,26/04/2026,踱步,沙田,飛機場,沙田 飛機場,,,,,,助手,,踱步,H,飛機場 踱步 (助手)
H405,25/04/2026,游水,沙田,,沙田,,,,,,,,游水,,
H405,25/04/2026,踱步,沙田,內圈,沙田 內圈,,,,,,助手,,快踱一圈,H,內圈 快踱一圈 (助手)
H405,24/04/2026,游水,沙田,,沙田,,,,,,,,游水,,
H405,24/04/2026,踱步,沙田,內圈,沙田 內圈,,,,,,助手,,快踱一圈,H,內圈 快踱一圈 (助手)
H405,23/04/2026,游水,沙田,,沙田,,,,,,,,游水,,
H405,23/04/2026,踱步,沙田,內圈,沙田 內圈,,,,,,助手,,倒快兩圈,H,內圈 倒快兩圈 (助手)
H405,22/04/2026,游水,沙田,,沙田,,,,,,,,游水,,
H405,22/04/2026,踱步,沙田,內圈,沙田 內圈,,,,,,助手,,快踱一圈,H,內圈 快踱一圈 (助手)
H405,21/04/2026,游水,沙田,,沙田,,,,,,,,游水,,
H405,21/04/2026,踱步,沙田,內圈,沙田 內圈,,,,,,助手,,快踱一圈,H,內圈 快踱一圈 (助手)
H405,19/04/2026,出賽,沙田,草地,沙田 草地,1000M,,,,,黃寶妮,1/14,出賽,H/TT,1000M (黃寶妮) (1/14)
H405,19/04/2026,游水,沙田,,沙田,,,,,,,,游水,,
H405,19/04/2026,踱步,沙田,內圈,沙田 內圈,,,,,,助手,,快踱一圈,H,內圈 快踱一圈 (助手)
H405,18/04/2026,游水,沙田,,沙田,,,,,,,,游水,,
H405,18/04/2026,踱步,沙田,內圈,沙田 內圈,,,,,,助手,,快踱一圈,H,內圈 快踱一圈 (助手)
H405,17/04/2026,游水,沙田,,沙田,,,,,,,,游水,,
H405,17/04/2026,踱步,沙田,內圈,沙田 內圈,,,,,,助手,,快踱一圈,H,內圈 快踱一圈 (助手)
H405,16/04/2026,游水,沙田,,沙田,,,,,,,,游水,,
H405,16/04/2026,快操,沙田,全天候,沙田 全天候,,57.9,57.9,31.2 26.7,,助手,,快操,H,31.2 26.7 (57.9) (助手)
H405,16/04/2026,踱步,沙田,飛機場,沙田 飛機場,,,,,,助手,,踱步,H,飛機場 踱步 (助手)
H405,15/04/2026,游水,沙田,,沙田,,,,,,,,游水,,
H405,15/04/2026,踱步,沙田,內圈,沙田 內圈,,,,,,助手,,快踱一圈,H,內圈 快踱一圈 (助手)
H405,14/04/2026,游水,沙田,,沙田,,,,,,,,游水,,
H405,14/04/2026,踱步,沙田,內圈,沙田 內圈,,,,,,助手,,快踱一圈,H,內圈 快踱一圈 (助手)
H405,13/04/2026,游水,沙田,,沙田,,,,,,,,游水,,
H405,13/04/2026,踱步,沙田,內圈,沙田 內圈,,,,,,助手,,倒快兩圈,H,內圈 倒快兩圈 (助手)
H405,12/04/2026,游水,沙田,,沙田,,,,,,,,游水,,
H405,12/04/2026,快操,沙田,全天候,沙田 全天候,,57.6,57.6,31.5 26.1,,助手,,快操,H,31.5 26.1 (57.6) (助手)
H405,12/04/2026,踱步,沙田,飛機場,沙田 飛機場,,,,,,助手,,踱步,H,飛機場 踱步 (助手)
H405,11/04/2026,游水,沙田,,沙田,,,,,,,,游水,,
H405,11/04/2026,踱步,沙田,內圈,沙田 內圈,,,,,,助手,,快踱一圈,H,內圈 快踱一圈 (助手)
H405,10/04/2026,踱步,沙田,內圈,沙田 內圈,,,,,,助手,,快踱一圈,H,內圈 快踱一圈 (助手)
H405,09/04/2026,快操,沙田,全天候,沙田 全天候,,55.8,55.8,29.5 26.3,,助手,,快操,H,29.5 26.3 (55.8) (助手)
H405,09/04/2026,踱步,沙田,飛機場,沙田 飛機場,,,,,,助手,,踱步,H,飛機場 踱步 (助手)
H405,08/04/2026,踱步,沙田,內圈,沙田 內圈,,,,,,助手,,快踱一圈,H,內圈 快踱一圈 (助手)
H405,07/04/2026,踱步,沙田,內圈,沙田 內圈,,,,,,助手,,快踱一圈,H,內圈 快踱一圈 (助手)
H405,06/04/2026,踱步,沙田,內圈,沙田 內圈,,,,,,助手,,倒快兩圈,H,內圈 倒快兩圈 (助手)
H405,05/04/2026,踱步,沙田,內圈,沙田 內圈,,,,,,助手,,快踱一圈,H,內圈 快踱一圈 (助手)
H405,04/04/2026,踱步,沙田,內圈,沙田 內圈,,,,,,助手,,快踱一圈,H,內圈 快踱一圈 (助手)
H405,03/04/2026,踱步,沙田,內圈,沙田 內圈,,,,,,助手,,快踱一圈,H,內圈 快踱一圈 (助手)
H405,02/04/2026,試閘,沙田,全天候,沙田 全天候,1050M,1.01.17,61.17,16.0 21.1 24.0,勝萬金,鍾易禮,,第4組,H,第4組 (鍾易禮) 1050M 勝萬金 16.0 21.1 24.0 (1.01.17)
H405,02/04/2026,游水,沙田,,沙田,,,,,,,,游水,,
H405,01/04/2026,游水,沙田,,沙田,,,,,,,,游水,,
H405,01/04/2026,踱步,沙田,內圈,沙田 內圈,,,,,,助手,,快踱一圈,H,內圈 快踱一圈 (助手)
H405,31/03/2026,游水,沙田,,沙田,,,,,,,,游水,,
H405,31/03/2026,踱步,沙田,內圈,沙田 內圈,,,,,,助手,,快踱一圈,H,內圈 快踱一圈 (助手)
H405,30/03/2026,游水,沙田,,沙田,,,,,,,,游水,,
H405,30/03/2026,踱步,沙田,內圈,沙田 內圈,,,,,,助手,,倒快兩圈,H,內圈 倒快兩圈 (助手)
H405,29/03/2026,踱步,沙田,內圈,沙田 內圈,,,,,,助手,,快踱一圈,H,內圈 快踱一圈 (助手)
H405,28/03/2026,游水,沙田,,沙田,,,,,,,,游水,,
H405,28/03/2026,快操,沙田,全天候,沙田 全天候,,54.5,54.5,28.7 25.8,,助手,,快操,H,28.7 25.8 (54.5) (助手)
H405,28/03/2026,踱步,沙田,飛機場,沙田 飛機場,,,,,,助手,,踱步,H,飛機場 踱步 (助手)
H405,27/03/2026,游水,沙田,,沙田,,,,,,,,游水,,
H405,27/03/2026,踱步,沙田,內圈,沙田 內圈,,,,,,助手,,快踱一圈,H,內圈 快踱一圈 (助手)
H405,26/03/2026,游水,沙田,,沙田,,,,,,,,游水,,
H405,26/03/2026,踱步,沙田,內圈,沙田 內圈,,,,,,助手,,倒快兩圈,H,內圈 倒快兩圈 (助手)
H405,25/03/2026,游水,沙田,,沙田,,,,,,,,游水,,
H405,25/03/2026,踱步,沙田,內圈,沙田 內圈,,,,,,助手,,快踱一圈,H,內圈 快踱一圈 (助手)
H405,24/03/2026,游水,沙田,,沙田,,,,,,,,游水,,
H405,24/03/2026,踱步,沙田,內圈,沙田 內圈,,,,,,助手,,快踱一圈,H,內圈 快踱一圈 (助手)
H405,23/03/2026,游水,沙田,,沙田,,,,,,,,游水,,
H405,23/03/2026,踱步,沙田,內圈,沙田 內圈,,,,,,助手,,倒快兩圈,H,內圈 倒快兩圈 (助手)
H405,22/03/2026,游水,沙田,,沙田,,,,,,,,游水,,
H405,22/03/2026,踱步,沙田,內圈,沙田 內圈,,,,,,助手,,快踱一圈,H,內圈 快踱一圈 (助手)
H405,21/03/2026,游水,沙田,,沙田,,,,,,,,游水,,
H405,21/03/2026,踱步,沙田,內圈,沙田 內圈,,,,,,助手,,快踱一圈,H,內圈 快踱一圈 (助手)
H405,20/03/2026,游水,沙田,,沙田,,,,,,,,游水,,
H405,20/03/2026,踱步,沙田,內圈,沙田 內圈,,,,,,助手,,快踱一圈,H,內圈 快踱一圈 (助手)
H405,19/03/2026,游水,沙田,,沙田,,,,,,,,游水,,
H405,18/03/2026,出賽,跑馬地,草地,跑馬地 草地,1000M,,,,,鍾易禮,11/12,出賽,H/TT,1000M (鍾易禮) (11/12)
H405,18/03/2026,游水,沙田,,沙田,,,,,,,,游水,,
H405,18/03/2026,踱步,沙田,內圈,沙田 內圈,,,,,,助手,,快踱一圈,H,內圈 快踱一圈 (助手)
H405,17/03/2026,游水,沙田,,沙田,,,,,,,,游水,,
H405,17/03/2026,踱步,沙田,內圈,沙田 內圈,,,,,,助手,,快踱一圈,H,內圈 快踱一圈 (助手)
H405,16/03/2026,游水,沙田,,沙田,,,,,,,,游水,,
H405,16/03/2026,踱步,沙田,內圈,沙田 內圈,,,,,,助手,,倒快兩圈,H,內圈 倒快兩圈 (助手)
H405,15/03/2026,游水,沙田,,沙田,,,,,,,,游水,,
H405,15/03/2026,快操,沙田,全天候,沙田 全天候,,53.9,53.9,30.1 23.8,,鍾易禮,,快操,H,30.1 23.8 (53.9) (鍾易禮)
H405,15/03/2026,踱步,沙田,飛機場,沙田 飛機場,,,,,,鍾易禮,,踱步,H,飛機場 踱步 (鍾易禮)
H405,14/03/2026,游水,沙田,,沙田,,,,,,,,游水,,
H405,14/03/2026,踱步,沙田,內圈,沙田 內圈,,,,,,助手,,快踱一圈,H,內圈 快踱一圈 (助手)
H405,13/03/2026,游水,沙田,,沙田,,,,,,,,游水,,
H405,13/03/2026,踱步,沙田,內圈,沙田 內圈,,,,,,助手,,快踱一圈,H,內圈 快踱一圈 (助手)
H405,12/03/2026,游水,沙田,,沙田,,,,,,,,游水,,
H405,12/03/2026,踱步,沙田,內圈,沙田 內圈,,,,,,助手,,倒快兩圈,H,內圈 倒快兩圈 (助手)
H405,11/03/2026,游水,沙田,,沙田,,,,,,,,游水,,
H405,11/03/2026,快操,沙田,全天候,沙田 全天候,,55.9,55.9,30.2 25.7,,助手,,快操,H,30.2 25.7 (55.9) (助手)
H405,11/03/2026,踱步,沙田,飛機場,沙田 飛機場,,,,,,助手,,踱步,H,飛機場 踱步 (助手)
H405,10/03/2026,游水,沙田,,沙田,,,,,,,,游水,,
H405,10/03/2026,踱步,沙田,內圈,沙田 內圈,,,,,,助手,,快踱一圈,H,內圈 快踱一圈 (助手)
H405,09/03/2026,游水,沙田,,沙田,,,,,,,,游水,,
H405,09/03/2026,踱步,沙田,內圈,沙田 內圈,,,,,,助手,,倒快兩圈,H,內圈 倒快兩圈 (助手)
H405,08/03/2026,游水,沙田,,沙田,,,,,,,,游水,,
H405,08/03/2026,踱步,沙田,內圈,沙田 內圈,,,,,,助手,,快踱一圈,H,內圈 快踱一圈 (助手)
H405,07/03/2026,游水,沙田,,沙田,,,,,,,,游水,,
H405,07/03/2026,踱步,沙田,內圈,沙田 內圈,,,,,,助手,,快踱一圈,H,內圈 快踱一圈 (助手)
H405,06/03/2026,游水,沙田,,沙田,,,,,,,,游水,,
H405,06/03/2026,踱步,沙田,內圈,沙田 內圈,,,,,,助手,,快踱一圈,H,內圈 快踱一圈 (助手)
H405,05/03/2026,試閘,沙田,全天候,沙田 全天候,1050M,1.02.17,62.17,16.1 21.7 24.3,勝萬金,鍾易禮,,第4組,H,第4組 (鍾易禮) 1050M 勝萬金 16.1 21.7 24.3 (1.02.17)
H405,05/03/2026,游水,沙田,,沙田,,,,,,,,游水,,
H405,04/03/2026,游水,沙田,,沙田,,,,,,,,游水,,
H405,04/03/2026,踱步,沙田,內圈,沙田 內圈,,,,,,助手,,快踱一圈,H,內圈 快踱一圈 (助手)
H405,03/03/2026,游水,沙田,,沙田,,,,,,,,游水,,
H405,03/03/2026,踱步,沙田,內圈,沙田 內圈,,,,,,助手,,快踱一圈,H,內圈 快踱一圈 (助手)
H405,02/03/2026,游水,沙田,,沙田,,,,,,,,游水,,
H405,02/03/2026,踱步,沙田,內圈,沙田 內圈,,,,,,助手,,倒快兩圈,H,內圈 倒快兩圈 (助手)
H405,01/03/2026,游水,沙田,,沙田,,,,,,,,游水,,
H405,01/03/2026,快操,沙田,全天候,沙田 全天候,,56.8,56.8,30.7 26.1,,助手,,快操,H,30.7 26.1 (56.8) (助手)
H405,01/03/2026,踱步,沙田,飛機場,沙田 飛機場,,,,,,助手,,踱步,H,飛機場 踱步 (助手)
H405,28/02/2026,游水,沙田,,沙田,,,,,,,,游水,,
H405,28/02/2026,踱步,沙田,內圈,沙田 內圈,,,,,,鍾易禮,,快踱一圈,H,內圈 快踱一圈 (鍾易禮)
H405,27/02/2026,游水,沙田,,沙田,,,,,,,,游水,,
H405,27/02/2026,踱步,沙田,內圈,沙田 內圈,,,,,,助手,,快踱一圈,H,內圈 快踱一圈 (助手)
H405,26/02/2026,游水,沙田,,沙田,,,,,,,,游水,,
H405,26/02/2026,快操,沙田,全天候,沙田 全天候,,56.5,56.5,30.6 25.9,,助手,,快操,H,30.6 25.9 (56.5) (助手)
H405,26/02/2026,踱步,沙田,飛機場,沙田 飛機場,,,,,,助手,,踱步,H,飛機場 踱步 (助手)
H405,25/02/2026,游水,沙田,,沙田,,,,,,,,游水,,
H405,25/02/2026,踱步,沙田,內圈,沙田 內圈,,,,,,助手,,快踱一圈,H,內圈 快踱一圈 (助手)
H405,24/02/2026,游水,沙田,,沙田,,,,,,,,游水,,
H405,24/02/2026,踱步,沙田,內圈,沙田 內圈,,,,,,助手,,快踱一圈,H,內圈 快踱一圈 (助手)
H405,23/02/2026,游水,沙田,,沙田,,,,,,,,游水,,
H405,23/02/2026,踱步,沙田,內圈,沙田 內圈,,,,,,助手,,倒快兩圈,H,內圈 倒快兩圈 (助手)
H405,22/02/2026,游水,沙田,,沙田,,,,,,,,游水,,
H405,22/02/2026,快操,沙田,全天候,沙田 全天候,,55.9,55.9,30.0 25.9,,助手,,快操,H,30.0 25.9 (55.9) (助手)
H405,22/02/2026,踱步,沙田,飛機場,沙田 飛機場,,,,,,助手,,踱步,H,飛機場 踱步 (助手)
H405,21/02/2026,游水,沙田,,沙田,,,,,,,,游水,,
H405,21/02/2026,踱步,沙田,內圈,沙田 內圈,,,,,,助手,,快踱一圈,H,內圈 快踱一圈 (助手)
H405,20/02/2026,游水,沙田,,沙田,,,,,,,,游水,,
H405,20/02/2026,踱步,沙田,內圈,沙田 內圈,,,,,,助手,,快踱一圈,H,內圈 快踱一圈 (助手)
H405,19/02/2026,游水,沙田,,沙田,,,,,,,,游水,,
H405,19/02/2026,踱步,沙田,內圈,沙田 內圈,,,,,,助手,,倒快兩圈,H,內圈 倒快兩圈 (助手)
H405,18/02/2026,游水,沙田,,沙田,,,,,,,,游水,,
H405,18/02/2026,踱步,沙田,內圈,沙田 內圈,,,,,,助手,,快踱一圈,H,內圈 快踱一圈 (助手)
H405,16/02/2026,游水,沙田,,沙田,,,,,,,,游水,,
H405,16/02/2026,踱步,沙田,內圈,沙田 內圈,,,,,,助手,,倒快兩圈,H,內圈 倒快兩圈 (助手)
H405,14/02/2026,出賽,沙田,草地,沙田 草地,1000M,,,,,鍾易禮,8/14,出賽,H/TT,1000M (鍾易禮) (8/14)
H405,14/02/2026,游水,沙田,,沙田,,,,,,,,游水,,
H405,14/02/2026,踱步,沙田,內圈,沙田 內圈,,,,,,助手,,快踱一圈,H,內圈 快踱一圈 (助手)
H405,13/02/2026,游水,沙田,,沙田,,,,,,,,游水,,
H405,13/02/2026,踱步,沙田,內圈,沙田 內圈,,,,,,助手,,快踱一圈,H,內圈 快踱一圈 (助手)
H405,12/02/2026,游水,沙田,,沙田,,,,,,,,游水,,
H405,12/02/2026,踱步,沙田,內圈,沙田 內圈,,,,,,助手,,倒快兩圈,H,內圈 倒快兩圈 (助手)
H405,11/02/2026,游水,沙田,,沙田,,,,,,,,游水,,
H405,11/02/2026,踱步,沙田,內圈,沙田 內圈,,,,,,助手,,快踱一圈,H,內圈 快踱一圈 (助手)
H405,10/02/2026,游水,沙田,,沙田,,,,,,,,游水,,
H405,10/02/2026,踱步,沙田,內圈,沙田 內圈,,,,,,助手,,快踱一圈,H,內圈 快踱一圈 (助手)
H405,09/02/2026,游水,沙田,,沙田,,,,,,,,游水,,
H405,09/02/2026,踱步,沙田,內圈,沙田 內圈,,,,,,助手,,倒快兩圈,H,內圈 倒快兩圈 (助手)
H405,08/02/2026,游水,沙田,,沙田,,,,,,,,游水,,
H405,08/02/2026,踱步,沙田,內圈,沙田 內圈,,,,,,助手,,快踱一圈,H,內圈 快踱一圈 (助手)
H405,07/02/2026,游水,沙田,,沙田,,,,,,,,游水,,
H405,07/02/2026,踱步,沙田,內圈,沙田 內圈,,,,,,助手,,快踱一圈,H,內圈 快踱一圈 (助手)
H405,06/02/2026,游水,沙田,,沙田,,,,,,,,游水,,
H405,06/02/2026,踱步,沙田,內圈,沙田 內圈,,,,,,助手,,快踱一圈,H,內圈 快踱一圈 (助手)
H405,05/02/2026,游水,沙田,,沙田,,,,,,,,游水,,
H405,04/02/2026,出賽,跑馬地,草地,跑馬地 草地,1000M,,,,,鍾易禮,7/11,出賽,H/TT,1000M (鍾易禮) (7/11)
H405,04/02/2026,游水,沙田,,沙田,,,,,,,,游水,,
H405,04/02/2026,踱步,沙田,內圈,沙田 內圈,,,,,,助手,,快踱一圈,H,內圈 快踱一圈 (助手)
H405,03/02/2026,游水,沙田,,沙田,,,,,,,,游水,,
H405,03/02/2026,踱步,沙田,內圈,沙田 內圈,,,,,,鍾易禮,,快踱一圈,H,內圈 快踱一圈 (鍾易禮)
H405,02/02/2026,游水,沙田,,沙田,,,,,,,,游水,,
H405,02/02/2026,踱步,沙田,內圈,沙田 內圈,,,,,,助手,,倒快兩圈,H,內圈 倒快兩圈 (助手)
H405,01/02/2026,游水,沙田,,沙田,,,,,,,,游水,,
H405,01/02/2026,快操,沙田,全天候,沙田 全天候,,1.03.3,63.3,32.8 30.5,,鍾易禮,,快操,H,32.8 30.5 (1.03.3) (鍾易禮)
H405,01/02/2026,踱步,沙田,飛機場,沙田 飛機場,,,,,,鍾易禮,,踱步,H,飛機場 踱步 (鍾易禮)
H405,31/01/2026,游水,沙田,,沙田,,,,,,,,游水,,
H405,31/01/2026,踱步,沙田,內圈,沙田 內圈,,,,,,助手,,快踱一圈,H,內圈 快踱一圈 (助手)
H405,30/01/2026,游水,沙田,,沙田,,,,,,,,游水,,
H405,30/01/2026,踱步,沙田,內圈,沙田 內圈,,,,,,助手,,快踱一圈,H,內圈 快踱一圈 (助手)
H405,29/01/2026,游水,沙田,,沙田,,,,,,,,游水,,
H405,29/01/2026,踱步,沙田,內圈,沙田 內圈,,,,,,助手,,倒快兩圈,H,內圈 倒快兩圈 (助手)
H405,28/01/2026,游水,沙田,,沙田,,,,,,,,游水,,
H405,28/01/2026,快操,沙田,全天候,沙田 全天候,,56.2,56.2,30.3 25.9,,助手,,快操,H,30.3 25.9 (56.2) (助手)
H405,28/01/2026,踱步,沙田,飛機場,沙田 飛機場,,,,,,助手,,踱步,H,飛機場 踱步 (助手)
H405,27/01/2026,游水,沙田,,沙田,,,,,,,,游水,,
H405,27/01/2026,踱步,沙田,內圈,沙田 內圈,,,,,,助手,,快踱一圈,H,內圈 快踱一圈 (助手)
H405,26/01/2026,游水,沙田,,沙田,,,,,,,,游水,,
H405,26/01/2026,踱步,沙田,內圈,沙田 內圈,,,,,,助手,,倒快兩圈,H,內圈 倒快兩圈 (助手)
H405,25/01/2026,游水,沙田,,沙田,,,,,,,,游水,,
H405,25/01/2026,踱步,沙田,內圈,沙田 內圈,,,,,,助手,,快踱一圈,H,內圈 快踱一圈 (助手)
H405,24/01/2026,游水,沙田,,沙田,,,,,,,,游水,,
H405,24/01/2026,踱步,沙田,內圈,沙田 內圈,,,,,,助手,,快踱一圈,H,內圈 快踱一圈 (助手)
H405,23/01/2026,游水,沙田,,沙田,,,,,,,,游水,,
H405,23/01/2026,踱步,沙田,內圈,沙田 內圈,,,,,,助手,,快踱一圈,H,內圈 快踱一圈 (助手)
H405,22/01/2026,游水,沙田,,沙田,,,,,,,,游水,,
H405,21/01/2026,出賽,沙田,全天候,沙田 全天候,1200M,,,,,蔡明紹,11/12,出賽,H/TT,1200M (蔡明紹) (11/12)
H405,21/01/2026,游水,沙田,,沙田,,,,,,,,游水,,
H405,21/01/2026,踱步,沙田,內圈,沙田 內圈,,,,,,助手,,快踱一圈,H,內圈 快踱一圈 (助手)
H405,20/01/2026,游水,沙田,,沙田,,,,,,,,游水,,
H405,20/01/2026,踱步,沙田,內圈,沙田 內圈,,,,,,助手,,快踱一圈,H,內圈 快踱一圈 (助手)
H405,19/01/2026,游水,沙田,,沙田,,,,,,,,游水,,
H405,19/01/2026,踱步,沙田,內圈,沙田 內圈,,,,,,助手,,倒快兩圈,H,內圈 倒快兩圈 (助手)
H405,18/01/2026,游水,沙田,,沙田,,,,,,,,游水,,
H405,18/01/2026,踱步,沙田,內圈,沙田 內圈,,,,,,助手,,快踱一圈,H,內圈 快踱一圈 (助手)
H405,17/01/2026,游水,沙田,,沙田,,,,,,,,游水,,
H405,17/01/2026,踱步,沙田,內圈,沙田 內圈,,,,,,助手,,快踱一圈,H,內圈 快踱一圈 (助手)
H405,16/01/2026,游水,沙田,,沙田,,,,,,,,游水,,
H405,16/01/2026,踱步,沙田,內圈,沙田 內圈,,,,,,助手,,快踱一圈,H,內圈 快踱一圈 (助手)
H405,15/01/2026,游水,沙田,,沙田,,,,,,,,游水,,
H405,15/01/2026,踱步,沙田,內圈,沙田 內圈,,,,,,助手,,倒快兩圈,H,內圈 倒快兩圈 (助手)
H405,14/01/2026,游水,沙田,,沙田,,,,,,,,游水,,
H405,14/01/2026,踱步,沙田,內圈,沙田 內圈,,,,,,助手,,快踱一圈,H,內圈 快踱一圈 (助手)
H405,13/01/2026,試閘,沙田,全天候,沙田 全天候,1050M,1.00.25,60.25,15.8 21.2 23.2,勝萬金,鍾易禮,,第4組,H,第4組 (鍾易禮) 1050M 勝萬金 15.8 21.2 23.2 (1.00.25)
H405,13/01/2026,游水,沙田,,沙田,,,,,,,,游水,,
H405,12/01/2026,游水,沙田,,沙田,,,,,,,,游水,,
H405,12/01/2026,踱步,沙田,內圈,沙田 內圈,,,,,,助手,,倒快兩圈,H,內圈 倒快兩圈 (助手)
H405,11/01/2026,快操,沙田,全天候,沙田 全天候,,57.5,57.5,31.1 26.4,,助手,,快操,H,31.1 26.4 (57.5) (助手)
H405,11/01/2026,踱步,沙田,飛機場,沙田 飛機場,,,,,,助手,,踱步,H,飛機場 踱步 (助手)
H405,10/01/2026,游水,沙田,,沙田,,,,,,,,游水,,
H405,10/01/2026,踱步,沙田,內圈,沙田 內圈,,,,,,助手,,快踱一圈,H,內圈 快踱一圈 (助手)
H405,09/01/2026,游水,沙田,,沙田,,,,,,,,游水,,
H405,09/01/2026,踱步,沙田,內圈,沙田 內圈,,,,,,助手,,快踱一圈,H,內圈 快踱一圈 (助手)
H405,08/01/2026,游水,沙田,,沙田,,,,,,,,游水,,
H405,08/01/2026,踱步,沙田,內圈,沙田 內圈,,,,,,助手,,倒快兩圈,H,內圈 倒快兩圈 (助手)
H405,07/01/2026,游水,沙田,,沙田,,,,,,,,游水,,
H405,07/01/2026,快操,沙田,全天候,沙田 全天候,,56.5,56.5,30.3 26.2,,助手,,快操,H,30.3 26.2 (56.5) (助手)
H405,07/01/2026,踱步,沙田,飛機場,沙田 飛機場,,,,,,助手,,踱步,H,飛機場 踱步 (助手)
H405,06/01/2026,游水,沙田,,沙田,,,,,,,,游水,,
H405,06/01/2026,踱步,沙田,內圈,沙田 內圈,,,,,,助手,,快踱一圈,H,內圈 快踱一圈 (助手)
H405,05/01/2026,游水,沙田,,沙田,,,,,,,,游水,,
H405,05/01/2026,踱步,沙田,內圈,沙田 內圈,,,,,,助手,,倒快兩圈,H,內圈 倒快兩圈 (助手)
H405,04/01/2026,游水,沙田,,沙田,,,,,,,,游水,,
H405,04/01/2026,快操,沙田,全天候,沙田 全天候,,55.9,55.9,30.7 25.2,,助手,,快操,H,30.7 25.2 (55.9) (助手)
H405,04/01/2026,踱步,沙田,飛機場,沙田 飛機場,,,,,,助手,,踱步,H,飛機場 踱步 (助手)
H405,03/01/2026,游水,沙田,,沙田,,,,,,,,游水,,
H405,03/01/2026,踱步,沙田,內圈,沙田 內圈,,,,,,助手,,快踱一圈,H,內圈 快踱一圈 (助手)
H405,02/01/2026,游水,沙田,,沙田,,,,,,,,游水,,
H405,02/01/2026,踱步,沙田,內圈,沙田 內圈,,,,,,助手,,快踱一圈,H,內圈 快踱一圈 (助手)
H405,01/01/2026,踱步,沙田,內圈,沙田 內圈,,,,,,助手,,倒快兩圈,H,內圈 倒快兩圈 (助手)
H405,31/12/2025,踱步,沙田,內圈,沙田 內圈,,,,,,助手,,快踱一圈,H,內圈 快踱一圈 (助手)
H405,30/12/2025,踱步,沙田,內圈,沙田 內圈,,,,,,助手,,快踱一圈,H,內圈 快踱一圈 (助手)
H405,29/12/2025,踱步,沙田,內圈,沙田 內圈,,,,,,助手,,倒快兩圈,H,內圈 倒快兩圈 (助手)
H405,27/12/2025,出賽,沙田,草地,沙田 草地,1000M,,,,,鍾易禮,13/14,出賽,H/TT,1000M (鍾易禮) (13/14)
H405,27/12/2025,踱步,沙田,內圈,沙田 內圈,,,,,,助手,,快踱一圈,H,內圈 快踱一圈 (助手)
H405,26/12/2025,踱步,沙田,內圈,沙田 內圈,,,,,,助手,,快踱一圈,H,內圈 快踱一圈 (助手)
H405,25/12/2025,踱步,沙田,內圈,沙田 內圈,,,,,,助手,,倒快兩圈,H,內圈 倒快兩圈 (助手)
H405,24/12/2025,踱步,沙田,內圈,沙田 內圈,,,,,,助手,,快踱一圈,H,內圈 快踱一圈 (助手)
H405,23/12/2025,踱步,沙田,內圈,沙田 內圈,,,,,,助手,,快踱一圈,H,內圈 快踱一圈 (助手)
H405,22/12/2025,快操,沙田,全天候,沙田 全天候,,56.3,56.3,30.2 26.1,,鍾易禮,,快操,H,30.2 26.1 (56.3) (鍾易禮)
H405,22/12/2025,踱步,沙田,飛機場,沙田 飛機場,,,,,,鍾易禮,,踱步,H,飛機場 踱步 (鍾易禮)
H405,21/12/2025,踱步,沙田,內圈,沙田 內圈,,,,,,助手,,快踱一圈,H,內圈 快踱一圈 (助手)
H405,20/12/2025,游水,沙田,,沙田,,,,,,,,游水,,
H405,20/12/2025,踱步,沙田,內圈,沙田 內圈,,,,,,助手,,快踱一圈,H,內圈 快踱一圈 (助手)
H405,19/12/2025,游水,沙田,,沙田,,,,,,,,游水,,
H405,19/12/2025,快操,沙田,全天候,沙田 全天候,,56.8,56.8,30.6 26.2,,助手,,快操,H,30.6 26.2 (56.8) (助手)
H405,19/12/2025,踱步,沙田,飛機場,沙田 飛機場,,,,,,助手,,踱步,H,飛機場 踱步 (助手)
H405,18/12/2025,游水,沙田,,沙田,,,,,,,,游水,,
H405,18/12/2025,踱步,沙田,內圈,沙田 內圈,,,,,,助手,,倒快兩圈,H,內圈 倒快兩圈 (助手)
H405,17/12/2025,游水,沙田,,沙田,,,,,,,,游水,,
H405,17/12/2025,踱步,沙田,內圈,沙田 內圈,,,,,,助手,,快踱一圈,H,內圈 快踱一圈 (助手)
H405,16/12/2025,游水,沙田,,沙田,,,,,,,,游水,,
H405,15/12/2025,游水,沙田,,沙田,,,,,,,,游水,,
H405,15/12/2025,踱步,沙田,內圈,沙田 內圈,,,,,,助手,,倒快兩圈,H,內圈 倒快兩圈 (助手)
H405,14/12/2025,游水,沙田,,沙田,,,,,,,,游水,,
H405,14/12/2025,快操,沙田,全天候,沙田 全天候,,57.2,57.2,30.4 26.8,,助手,,快操,H,30.4 26.8 (57.2) (助手)
H405,14/12/2025,踱步,沙田,飛機場,沙田 飛機場,,,,,,助手,,踱步,H,飛機場 踱步 (助手)
H405,13/12/2025,游水,沙田,,沙田,,,,,,,,游水,,
H405,13/12/2025,踱步,沙田,內圈,沙田 內圈,,,,,,助手,,快踱一圈,H,內圈 快踱一圈 (助手)
H405,12/12/2025,游水,沙田,,沙田,,,,,,,,游水,,
H405,12/12/2025,踱步,沙田,內圈,沙田 內圈,,,,,,助手,,快踱一圈,H,內圈 快踱一圈 (助手)
H405,11/12/2025,游水,沙田,,沙田,,,,,,,,游水,,
H405,11/12/2025,踱步,沙田,內圈,沙田 內圈,,,,,,助手,,倒快兩圈,H,內圈 倒快兩圈 (助手)
H405,10/12/2025,游水,沙田,,沙田,,,,,,,,游水,,
H405,10/12/2025,快操,沙田,全天候,沙田 全天候,,56.6,56.6,30.3 26.3,,助手,,快操,H,30.3 26.3 (56.6) (助手)
H405,10/12/2025,踱步,沙田,飛機場,沙田 飛機場,,,,,,助手,,踱步,H,飛機場 踱步 (助手)
H405,09/12/2025,游水,沙田,,沙田,,,,,,,,游水,,
H405,09/12/2025,踱步,沙田,內圈,沙田 內圈,,,,,,助手,,快踱一圈,H,內圈 快踱一圈 (助手)
H405,08/12/2025,游水,沙田,,沙田,,,,,,,,游水,,
H405,08/12/2025,踱步,沙田,內圈,沙田 內圈,,,,,,助手,,倒快兩圈,H,內圈 倒快兩圈 (助手)
H405,07/12/2025,游水,沙田,,沙田,,,,,,,,游水,,
H405,07/12/2025,踱步,沙田,內圈,沙田 內圈,,,,,,助手,,快踱一圈,H,內圈 快踱一圈 (助手)
H405,06/12/2025,游水,沙田,,沙田,,,,,,,,游水,,
H405,06/12/2025,踱步,沙田,內圈,沙田 內圈,,,,,,助手,,快踱一圈,H,內圈 快踱一圈 (助手)
H405,05/12/2025,游水,沙田,,沙田,,,,,,,,游水,,
H405,05/12/2025,踱步,沙田,內圈,沙田 內圈,,,,,,助手,,快踱一圈,H,內圈 快踱一圈 (助手)
H405,04/12/2025,游水,沙田,,沙田,,,,,,,,游水,,
H405,03/12/2025,出賽,跑馬地,草地,跑馬地 草地,1000M,,,,,鍾易禮,8/12,出賽,H/TT,1000M (鍾易禮) (8/12)
H405,03/12/2025,游水,沙田,,沙田,,,,,,,,游水,,
H405,03/12/2025,踱步,沙田,內圈,沙田 內圈,,,,,,助手,,快踱一圈,H,內圈 快踱一圈 (助手)
H405,02/12/2025,游水,沙田,,沙田,,,,,,,,游水,,
H405,02/12/2025,踱步,沙田,內圈,沙田 內圈,,,,,,助手,,快踱一圈,H,內圈 快踱一圈 (助手)
H405,01/12/2025,游水,沙田,,沙田,,,,,,,,游水,,
H405,01/12/2025,踱步,沙田,內圈,沙田 內圈,,,,,,助手,,倒快兩圈,H,內圈 倒快兩圈 (助手)
H405,30/11/2025,快操,沙田,全天候,沙田 全天候,,57.9,57.9,30.7 27.2,,助手,,快操,H,30.7 27.2 (57.9) (助手)
H405,30/11/2025,踱步,沙田,飛機場,沙田 飛機場,,,,,,助手,,踱步,H,飛機場 踱步 (助手)
H405,29/11/2025,游水,沙田,,沙田,,,,,,,,游水,,
H405,29/11/2025,踱步,沙田,內圈,沙田 內圈,,,,,,助手,,快踱一圈,H,內圈 快踱一圈 (助手)
H405,28/11/2025,游水,沙田,,沙田,,,,,,,,游水,,
H405,28/11/2025,踱步,沙田,內圈,沙田 內圈,,,,,,助手,,快踱一圈,H,內圈 快踱一圈 (助手)
H405,27/11/2025,游水,沙田,,沙田,,,,,,,,游水,,
H405,27/11/2025,踱步,沙田,內圈,沙田 內圈,,,,,,助手,,倒快兩圈,H,內圈 倒快兩圈 (助手)
H405,26/11/2025,游水,沙田,,沙田,,,,,,,,游水,,
H405,26/11/2025,快操,沙田,全天候,沙田 全天候,,55.9,55.9,29.6 26.3,,助手,,快操,H,29.6 26.3 (55.9) (助手)
H405,26/11/2025,踱步,沙田,飛機場,沙田 飛機場,,,,,,助手,,踱步,H,飛機場 踱步 (助手)
H405,25/11/2025,游水,沙田,,沙田,,,,,,,,游水,,
H405,25/11/2025,踱步,沙田,內圈,沙田 內圈,,,,,,助手,,快踱一圈,H,內圈 快踱一圈 (助手)
H405,24/11/2025,游水,沙田,,沙田,,,,,,,,游水,,
H405,24/11/2025,踱步,沙田,內圈,沙田 內圈,,,,,,助手,,倒快兩圈,H,內圈 倒快兩圈 (助手)
H405,23/11/2025,游水,沙田,,沙田,,,,,,,,游水,,
H405,23/11/2025,快操,沙田,全天候,沙田 全天候,,56.2,56.2,30.1 26.1,,助手,,快操,H,30.1 26.1 (56.2) (助手)
H405,23/11/2025,踱步,沙田,飛機場,沙田 飛機場,,,,,,助手,,踱步,H,飛機場 踱步 (助手)
H405,22/11/2025,游水,沙田,,沙田,,,,,,,,游水,,
H405,22/11/2025,踱步,沙田,內圈,沙田 內圈,,,,,,助手,,快踱一圈,H,內圈 快踱一圈 (助手)
H405,21/11/2025,游水,沙田,,沙田,,,,,,,,游水,,
H405,21/11/2025,踱步,沙田,內圈,沙田 內圈,,,,,,助手,,快踱一圈,H,內圈 快踱一圈 (助手)
H405,20/11/2025,游水,沙田,,沙田,,,,,,,,游水,,
H405,20/11/2025,踱步,沙田,內圈,沙田 內圈,,,,,,助手,,倒快兩圈,H,內圈 倒快兩圈 (助手)
H405,19/11/2025,游水,沙田,,沙田,,,,,,,,游水,,
H405,19/11/2025,踱步,沙田,內圈,沙田 內圈,,,,,,助手,,快踱一圈,H,內圈 快踱一圈 (助手)
H405,18/11/2025,游水,沙田,,沙田,,,,,,,,游水,,
H405,18/11/2025,踱步,沙田,內圈,沙田 內圈,,,,,,助手,,快踱一圈,H,內圈 快踱一圈 (助手)
H405,17/11/2025,游水,沙田,,沙田,,,,,,,,游水,,
H405,17/11/2025,踱步,沙田,內圈,沙田 內圈,,,,,,助手,,倒快兩圈,H,內圈 倒快兩圈 (助手)
H405,15/11/2025,出賽,沙田,草地,沙田 草地,1000M,,,,,鍾易禮,6/14,出賽,H/TT,1000M (鍾易禮) (6/14)
H405,15/11/2025,游水,沙田,,沙田,,,,,,,,游水,,
H405,15/11/2025,踱步,沙田,內圈,沙田 內圈,,,,,,助手,,快踱一圈,H,內圈 快踱一圈 (助手)
H405,14/11/2025,游水,沙田,,沙田,,,,,,,,游水,,
H405,14/11/2025,踱步,沙田,內圈,沙田 內圈,,,,,,鍾易禮,,快踱一圈,H,內圈 快踱一圈 (鍾易禮)
H405,13/11/2025,游水,沙田,,沙田,,,,,,,,游水,,
H405,13/11/2025,踱步,沙田,內圈,沙田 內圈,,,,,,助手,,倒快兩圈,H,內圈 倒快兩圈 (助手)
H405,12/11/2025,游水,沙田,,沙田,,,,,,,,游水,,
H405,12/11/2025,快操,沙田,全天候,沙田 全天候,,55.9,55.9,29.7 26.2,,助手,,快操,H,29.7 26.2 (55.9) (助手)
H405,12/11/2025,踱步,沙田,飛機場,沙田 飛機場,,,,,,助手,,踱步,H,飛機場 踱步 (助手)
H405,11/11/2025,游水,沙田,,沙田,,,,,,,,游水,,
H405,11/11/2025,踱步,沙田,內圈,沙田 內圈,,,,,,助手,,快踱一圈,H,內圈 快踱一圈 (助手)
H405,10/11/2025,游水,沙田,,沙田,,,,,,,,游水,,
H405,10/11/2025,踱步,沙田,內圈,沙田 內圈,,,,,,助手,,倒快兩圈,H,內圈 倒快兩圈 (助手)
H405,09/11/2025,游水,沙田,,沙田,,,,,,,,游水,,
H405,09/11/2025,快操,沙田,全天候,沙田 全天候,,58.1,58.1,30.6 27.5,,助手,,快操,H,30.6 27.5 (58.1) (助手)
H405,09/11/2025,踱步,沙田,飛機場,沙田 飛機場,,,,,,助手,,踱步,H,飛機場 踱步 (助手)
H405,08/11/2025,游水,沙田,,沙田,,,,,,,,游水,,
H405,08/11/2025,踱步,沙田,內圈,沙田 內圈,,,,,,助手,,快踱一圈,H,內圈 快踱一圈 (助手)
H405,07/11/2025,游水,沙田,,沙田,,,,,,,,游水,,
H405,07/11/2025,踱步,沙田,內圈,沙田 內圈,,,,,,助手,,快踱一圈,H,內圈 快踱一圈 (助手)
H405,06/11/2025,游水,沙田,,沙田,,,,,,,,游水,,
H405,06/11/2025,踱步,沙田,內圈,沙田 內圈,,,,,,助手,,倒快兩圈,H,內圈 倒快兩圈 (助手)
H405,05/11/2025,游水,沙田,,沙田,,,,,,,,游水,,
H405,05/11/2025,踱步,沙田,內圈,沙田 內圈,,,,,,助手,,快踱一圈,H,內圈 快踱一圈 (助手)
H405,04/11/2025,游水,沙田,,沙田,,,,,,,,游水,,
H405,04/11/2025,踱步,沙田,內圈,沙田 內圈,,,,,,助手,,快踱一圈,H,內圈 快踱一圈 (助手)
H405,03/11/2025,游水,沙田,,沙田,,,,,,,,游水,,
H405,02/11/2025,出賽,跑馬地,草地,跑馬地 草地,1000M,,,,,鍾易禮,8/12,出賽,H/TT,1000M (鍾易禮) (8/12)
H405,01/11/2025,游水,沙田,,沙田,,,,,,,,游水,,
H405,01/11/2025,踱步,沙田,內圈,沙田 內圈,,,,,,助手,,快踱一圈,H,內圈 快踱一圈 (助手)
H405,31/10/2025,游水,沙田,,沙田,,,,,,,,游水,,
H405,31/10/2025,踱步,沙田,內圈,沙田 內圈,,,,,,助手,,快踱一圈,H,內圈 快踱一圈 (助手)
H405,30/10/2025,游水,沙田,,沙田,,,,,,,,游水,,
H405,30/10/2025,快操,沙田,全天候,沙田 全天候,,32.2,32.2,32.2,,鍾易禮,,快操,H,32.2 (32.2) (鍾易禮)
H405,30/10/2025,踱步,沙田,飛機場,沙田 飛機場,,,,,,鍾易禮,,踱步,H,飛機場 踱步 (鍾易禮)
H405,29/10/2025,游水,沙田,,沙田,,,,,,,,游水,,
H405,29/10/2025,踱步,沙田,內圈,沙田 內圈,,,,,,助手,,快踱一圈,H,內圈 快踱一圈 (助手)
H405,28/10/2025,游水,沙田,,沙田,,,,,,,,游水,,
H405,28/10/2025,踱步,沙田,內圈,沙田 內圈,,,,,,助手,,快踱一圈,H,內圈 快踱一圈 (助手)
H405,27/10/2025,游水,沙田,,沙田,,,,,,,,游水,,
H405,27/10/2025,踱步,沙田,內圈,沙田 內圈,,,,,,助手,,倒快兩圈,H,內圈 倒快兩圈 (助手)
H405,26/10/2025,游水,沙田,,沙田,,,,,,,,游水,,
H405,26/10/2025,踱步,沙田,內圈,沙田 內圈,,,,,,助手,,快踱一圈,H,內圈 快踱一圈 (助手)
H405,25/10/2025,游水,沙田,,沙田,,,,,,,,游水,,
H405,25/10/2025,快操,沙田,泥閘,沙田 泥閘,,21.6,21.6,21.6,,鍾易禮,,實在美麗,H,21.6 (21.6) (鍾易禮) 實在美麗
H405,25/10/2025,踱步,沙田,飛機場,沙田 飛機場,,,,,,鍾易禮,,踱步,H,飛機場 踱步 (鍾易禮)
H405,24/10/2025,游水,沙田,,沙田,,,,,,,,游水,,
H405,24/10/2025,踱步,沙田,內圈,沙田 內圈,,,,,,助手,,快踱一圈,H,內圈 快踱一圈 (助手)
H405,23/10/2025,游水,沙田,,沙田,,,,,,,,游水,,
H405,23/10/2025,踱步,沙田,內圈,沙田 內圈,,,,,,助手,,倒快兩圈,H,內圈 倒快兩圈 (助手)
H405,22/10/2025,游水,沙田,,沙田,,,,,,,,游水,,
H405,22/10/2025,快操,沙田,全天候,沙田 全天候,,58.5,58.5,30.9 27.6,,鍾易禮,,快操,H,30.9 27.6 (58.5) (鍾易禮)
H405,22/10/2025,踱步,沙田,飛機場,沙田 飛機場,,,,,,鍾易禮,,踱步,H,飛機場 踱步 (鍾易禮)
H405,21/10/2025,游水,沙田,,沙田,,,,,,,,游水,,
H405,21/10/2025,踱步,沙田,內圈,沙田 內圈,,,,,,助手,,快踱一圈,H,內圈 快踱一圈 (助手)
H405,20/10/2025,游水,沙田,,沙田,,,,,,,,游水,,
H405,20/10/2025,踱步,沙田,內圈,沙田 內圈,,,,,,助手,,倒快兩圈,H,內圈 倒快兩圈 (助手)
H405,19/10/2025,游水,沙田,,沙田,,,,,,,,游水,,
H405,19/10/2025,快操,沙田,全天候,沙田 全天候,,55.8,55.8,29.6 26.2,,助手,,快操,H,29.6 26.2 (55.8) (助手)
H405,19/10/2025,踱步,沙田,飛機場,沙田 飛機場,,,,,,助手,,踱步,H,飛機場 踱步 (助手)
H405,18/10/2025,游水,沙田,,沙田,,,,,,,,游水,,
H405,18/10/2025,踱步,沙田,內圈,沙田 內圈,,,,,,助手,,快踱一圈,H,內圈 快踱一圈 (助手)
H405,17/10/2025,游水,沙田,,沙田,,,,,,,,游水,,
H405,17/10/2025,踱步,沙田,內圈,沙田 內圈,,,,,,助手,,快踱一圈,H,內圈 快踱一圈 (助手)
H405,16/10/2025,游水,沙田,,沙田,,,,,,,,游水,,
H405,16/10/2025,踱步,沙田,內圈,沙田 內圈,,,,,,助手,,倒快兩圈,H,內圈 倒快兩圈 (助手)
H405,15/10/2025,游水,沙田,,沙田,,,,,,,,游水,,
H405,15/10/2025,快操,沙田,全天候,沙田 全天候,,57.8,57.8,30.7 27.1,,鍾易禮,,快操,H,30.7 27.1 (57.8) (鍾易禮)
H405,15/10/2025,踱步,沙田,飛機場,沙田 飛機場,,,,,,鍾易禮,,踱步,H,飛機場 踱步 (鍾易禮)
H405,14/10/2025,游水,沙田,,沙田,,,,,,,,游水,,
H405,14/10/2025,踱步,沙田,內圈,沙田 內圈,,,,,,助手,,快踱一圈,H,內圈 快踱一圈 (助手)
H405,13/10/2025,游水,沙田,,沙田,,,,,,,,游水,,
H405,13/10/2025,踱步,沙田,內圈,沙田 內圈,,,,,,助手,,倒快兩圈,H,內圈 倒快兩圈 (助手)
H405,12/10/2025,游水,沙田,,沙田,,,,,,,,游水,,
H405,12/10/2025,踱步,沙田,內圈,沙田 內圈,,,,,,助手,,快踱一圈,H,內圈 快踱一圈 (助手)
H405,11/10/2025,游水,沙田,,沙田,,,,,,,,游水,,
H405,11/10/2025,踱步,沙田,內圈,沙田 內圈,,,,,,助手,,快踱一圈,H,內圈 快踱一圈 (助手)
H405,10/10/2025,游水,沙田,,沙田,,,,,,,,游水,,
H405,10/10/2025,踱步,沙田,內圈,沙田 內圈,,,,,,助手,,快踱一圈,H,內圈 快踱一圈 (助手)
H405,09/10/2025,游水,沙田,,沙田,,,,,,,,游水,,
H405,08/10/2025,出賽,跑馬地,草地,跑馬地 草地,1000M,,,,,鍾易禮,1/12,出賽,H/TT,1000M (鍾易禮) (1/12)
H405,08/10/2025,游水,沙田,,沙田,,,,,,,,游水,,
H405,08/10/2025,踱步,沙田,內圈,沙田 內圈,,,,,,助手,,快踱一圈,H,內圈 快踱一圈 (助手)
H405,07/10/2025,游水,沙田,,沙田,,,,,,,,游水,,
H405,07/10/2025,踱步,沙田,內圈,沙田 內圈,,,,,,助手,,快踱一圈,H,內圈 快踱一圈 (助手)
H405,06/10/2025,游水,沙田,,沙田,,,,,,,,游水,,
H405,06/10/2025,踱步,沙田,內圈,沙田 內圈,,,,,,助手,,倒快兩圈,H,內圈 倒快兩圈 (助手)
H405,05/10/2025,游水,沙田,,沙田,,,,,,,,游水,,
H405,05/10/2025,快操,沙田,全天候,沙田 全天候,,56.5,56.5,30.0 26.5,,助手,,快操,H,30.0 26.5 (56.5) (助手)
H405,05/10/2025,踱步,沙田,飛機場,沙田 飛機場,,,,,,助手,,踱步,H,飛機場 踱步 (助手)
H405,04/10/2025,游水,沙田,,沙田,,,,,,,,游水,,
H405,04/10/2025,踱步,沙田,內圈,沙田 內圈,,,,,,助手,,快踱一圈,H,內圈 快踱一圈 (助手)
H405,03/10/2025,游水,沙田,,沙田,,,,,,,,游水,,
H405,03/10/2025,踱步,沙田,內圈,沙田 內圈,,,,,,助手,,快踱一圈,H,內圈 快踱一圈 (助手)
H405,02/10/2025,游水,沙田,,沙田,,,,,,,,游水,,
H405,02/10/2025,踱步,沙田,內圈,沙田 內圈,,,,,,助手,,倒快兩圈,H,內圈 倒快兩圈 (助手)
H405,01/10/2025,游水,沙田,,沙田,,,,,,,,游水,,
H405,01/10/2025,踱步,沙田,內圈,沙田 內圈,,,,,,助手,,快踱一圈,H,內圈 快踱一圈 (助手)
H405,30/09/2025,游水,沙田,,沙田,,,,,,,,游水,,
H405,30/09/2025,踱步,沙田,內圈,沙田 內圈,,,,,,助手,,快踱一圈,H,內圈 快踱一圈 (助手)
H405,29/09/2025,游水,沙田,,沙田,,,,,,,,游水,,
H405,29/09/2025,快操,沙田,草閘,沙田 草閘,,47.1,47.1,23.5 23.6,,鍾易禮,,"加州得力, 超開心",H,"23.5 23.6 (47.1) (鍾易禮) 加州得力, 超開心"
H405,29/09/2025,踱步,沙田,飛機場,沙田 飛機場,,,,,,助手,,踱步,H,飛機場 踱步 (助手)
H405,28/09/2025,游水,沙田,,沙田,,,,,,,,游水,,
H405,28/09/2025,踱步,沙田,內圈,沙田 內圈,,,,,,助手,,快踱一圈,H,內圈 快踱一圈 (助手)
H405,27/09/2025,游水,沙田,,沙田,,,,,,,,游水,,
H405,27/09/2025,踱步,沙田,內圈,沙田 內圈,,,,,,助手,,快踱一圈,H,內圈 快踱一圈 (助手)
H405,26/09/2025,游水,沙田,,沙田,,,,,,,,游水,,
H405,26/09/2025,快操,沙田,全天候,沙田 全天候,,57.9,57.9,31.7 26.2,,助手,,快操,H,31.7 26.2 (57.9) (助手)
H405,26/09/2025,踱步,沙田,飛機場,沙田 飛機場,,,,,,助手,,踱步,H,飛機場 踱步 (助手)
H405,25/09/2025,游水,沙田,,沙田,,,,,,,,游水,,
H405,25/09/2025,踱步,沙田,內圈,沙田 內圈,,,,,,助手,,倒快兩圈,H,內圈 倒快兩圈 (助手)
H405,23/09/2025,游水,沙田,,沙田,,,,,,,,游水,,
H405,23/09/2025,快操,沙田,全天候,沙田 全天候,,56.6,56.6,31.1 25.5,,助手,,快操,H,31.1 25.5 (56.6) (助手)
H405,23/09/2025,踱步,沙田,飛機場,沙田 飛機場,,,,,,助手,,踱步,H,飛機場 踱步 (助手)
H405,22/09/2025,游水,沙田,,沙田,,,,,,,,游水,,
H405,22/09/2025,踱步,沙田,內圈,沙田 內圈,,,,,,助手,,倒快兩圈,H,內圈 倒快兩圈 (助手)
H405,21/09/2025,游水,沙田,,沙田,,,,,,,,游水,,
H405,21/09/2025,踱步,沙田,內圈,沙田 內圈,,,,,,助手,,快踱一圈,H,內圈 快踱一圈 (助手)
H405,20/09/2025,游水,沙田,,沙田,,,,,,,,游水,,
H405,20/09/2025,快操,沙田,全天候,沙田 全天候,,57.4,57.4,32.0 25.4,,助手,,快操,H,32.0 25.4 (57.4) (助手)
H405,20/09/2025,踱步,沙田,飛機場,沙田 飛機場,,,,,,助手,,踱步,H,飛機場 踱步 (助手)
H405,19/09/2025,游水,沙田,,沙田,,,,,,,,游水,,
H405,19/09/2025,踱步,沙田,內圈,沙田 內圈,,,,,,助手,,快踱一圈,H,內圈 快踱一圈 (助手)
H405,18/09/2025,游水,沙田,,沙田,,,,,,,,游水,,
H405,18/09/2025,踱步,沙田,內圈,沙田 內圈,,,,,,助手,,倒快兩圈,H,內圈 倒快兩圈 (助手)
H405,17/09/2025,游水,沙田,,沙田,,,,,,,,游水,,
H405,17/09/2025,快操,沙田,全天候,沙田 全天候,,58.3,58.3,32.3 26.0,,助手,,快操,H,32.3 26.0 (58.3) (助手)
H405,17/09/2025,踱步,沙田,飛機場,沙田 飛機場,,,,,,助手,,踱步,H,飛機場 踱步 (助手)
H405,16/09/2025,游水,沙田,,沙田,,,,,,,,游水,,
H405,16/09/2025,踱步,沙田,內圈,沙田 內圈,,,,,,助手,,快踱一圈,H,內圈 快踱一圈 (助手)
H405,15/09/2025,游水,沙田,,沙田,,,,,,,,游水,,
H405,15/09/2025,踱步,沙田,內圈,沙田 內圈,,,,,,助手,,倒快兩圈,H,內圈 倒快兩圈 (助手)
H405,14/09/2025,游水,沙田,,沙田,,,,,,,,游水,,
H405,14/09/2025,快操,沙田,全天候,沙田 全天候,,55.0,55.0,29.7 25.3,,助手,,快操,H,29.7 25.3 (55.0) (助手)
H405,14/09/2025,踱步,沙田,飛機場,沙田 飛機場,,,,,,助手,,踱步,H,飛機場 踱步 (助手)
H405,13/09/2025,游水,沙田,,沙田,,,,,,,,游水,,
H405,13/09/2025,踱步,沙田,內圈,沙田 內圈,,,,,,助手,,快踱一圈,H,內圈 快踱一圈 (助手)
H405,12/09/2025,游水,沙田,,沙田,,,,,,,,游水,,
H405,12/09/2025,踱步,沙田,內圈,沙田 內圈,,,,,,助手,,快踱一圈,H,內圈 快踱一圈 (助手)
H405,11/09/2025,游水,沙田,,沙田,,,,,,,,游水,,
H405,11/09/2025,踱步,沙田,內圈,沙田 內圈,,,,,,助手,,倒快兩圈,H,內圈 倒快兩圈 (助手)
H405,10/09/2025,游水,沙田,,沙田,,,,,,,,游水,,
H405,10/09/2025,踱步,沙田,內圈,沙田 內圈,,,,,,助手,,快踱一圈,H,內圈 快踱一圈 (助手)
H405,09/09/2025,游水,沙田,,沙田,,,,,,,,游水,,
H405,09/09/2025,踱步,沙田,內圈,沙田 內圈,,,,,,助手,,快踱一圈,H,內圈 快踱一圈 (助手)
H405,07/09/2025,出賽,沙田,草地,沙田 草地,1000M,,,,,鍾易禮,3/14,出賽,H/TT,1000M (鍾易禮) (3/14)
H405,07/09/2025,游水,沙田,,沙田,,,,,,,,游水,,
H405,07/09/2025,踱步,沙田,內圈,沙田 內圈,,,,,,助手,,快踱一圈,H,內圈 快踱一圈 (助手)
H405,06/09/2025,游水,沙田,,沙田,,,,,,,,游水,,
H405,06/09/2025,踱步,沙田,內圈,沙田 內圈,,,,,,助手,,快踱一圈,H,內圈 快踱一圈 (助手)
H405,05/09/2025,游水,沙田,,沙田,,,,,,,,游水,,
H405,05/09/2025,踱步,沙田,內圈,沙田 內圈,,,,,,助手,,快踱一圈,H,內圈 快踱一圈 (助手)
H405,04/09/2025,游水,沙田,,沙田,,,,,,,,游水,,
H405,04/09/2025,快操,沙田,全天候,沙田 全天候,,56.3,56.3,30.0 26.3,,助手,,快操,H,30.0 26.3 (56.3) (助手)
H405,04/09/2025,踱步,沙田,飛機場,沙田 飛機場,,,,,,助手,,踱步,H,飛機場 踱步 (助手)
H405,03/09/2025,游水,沙田,,沙田,,,,,,,,游水,,
H405,03/09/2025,踱步,沙田,內圈,沙田 內圈,,,,,,助手,,快踱一圈,H,內圈 快踱一圈 (助手)
H405,02/09/2025,游水,沙田,,沙田,,,,,,,,游水,,
H405,02/09/2025,踱步,沙田,內圈,沙田 內圈,,,,,,助手,,快踱一圈,H,內圈 快踱一圈 (助手)
H405,01/09/2025,游水,沙田,,沙田,,,,,,,,游水,,
H405,01/09/2025,快操,沙田,全天候,沙田 全天候,,57.2,57.2,30.8 26.4,,助手,,快操,H,30.8 26.4 (57.2) (助手)
H405,01/09/2025,踱步,沙田,飛機場,沙田 飛機場,,,,,,助手,,踱步,H,飛機場 踱步 (助手)
H405,31/08/2025,游水,沙田,,沙田,,,,,,,,游水,,
H405,31/08/2025,踱步,沙田,內圈,沙田 內圈,,,,,,助手,,快踱一圈,H,內圈 快踱一圈 (助手)
H405,30/08/2025,游水,沙田,,沙田,,,,,,,,游水,,
H405,30/08/2025,踱步,沙田,內圈,沙田 內圈,,,,,,助手,,快踱一圈,H,內圈 快踱一圈 (助手)
H405,29/08/2025,游水,沙田,,沙田,,,,,,,,游水,,
H405,29/08/2025,踱步,沙田,內圈,沙田 內圈,,,,,,助手,,快踱一圈,H,內圈 快踱一圈 (助手)
H405,28/08/2025,游水,沙田,,沙田,,,,,,,,游水,,
H405,28/08/2025,踱步,沙田,內圈,沙田 內圈,,,,,,助手,,倒快兩圈,H,內圈 倒快兩圈 (助手)
H405,27/08/2025,游水,沙田,,沙田,,,,,,,,游水,,
H405,27/08/2025,踱步,沙田,內圈,沙田 內圈,,,,,,助手,,快踱一圈,H,內圈 快踱一圈 (助手)
H405,26/08/2025,試閘,沙田,全天候,沙田 全天候,1050M,1.00.77,60.77,16.0 21.1 23.6,勝萬金,鍾易禮,,第5組,H,第5組 (鍾易禮) 1050M 勝萬金 16.0 21.1 23.6 (1.00.77)
H405,26/08/2025,游水,沙田,,沙田,,,,,,,,游水,,
H405,25/08/2025,游水,沙田,,沙田,,,,,,,,游水,,
H405,25/08/2025,踱步,沙田,內圈,沙田 內圈,,,,,,助手,,倒快兩圈,H,內圈 倒快兩圈 (助手)
H405,24/08/2025,游水,沙田,,沙田,,,,,,,,游水,,
H405,24/08/2025,踱步,沙田,內圈,沙田 內圈,,,,,,助手,,快踱一圈,H,內圈 快踱一圈 (助手)
H405,23/08/2025,游水,沙田,,沙田,,,,,,,,游水,,
H405,23/08/2025,快操,沙田,全天候,沙田 全天候,,55.6,55.6,30.2 25.4,,助手,,快操,H,30.2 25.4 (55.6) (助手)
H405,23/08/2025,踱步,沙田,飛機場,沙田 飛機場,,,,,,助手,,踱步,H,飛機場 踱步 (助手)
H405,22/08/2025,游水,沙田,,沙田,,,,,,,,游水,,
H405,22/08/2025,踱步,沙田,內圈,沙田 內圈,,,,,,助手,,快踱一圈,H,內圈 快踱一圈 (助手)
H405,21/08/2025,游水,沙田,,沙田,,,,,,,,游水,,
H405,21/08/2025,踱步,沙田,內圈,沙田 內圈,,,,,,助手,,倒快兩圈,H,內圈 倒快兩圈 (助手)
H405,20/08/2025,游水,沙田,,沙田,,,,,,,,游水,,
H405,20/08/2025,快操,沙田,全天候,沙田 全天候,,58.4,58.4,32.3 26.1,,助手,,快操,H,32.3 26.1 (58.4) (助手)
H405,20/08/2025,踱步,沙田,飛機場,沙田 飛機場,,,,,,助手,,踱步,H,飛機場 踱步 (助手)
H405,19/08/2025,游水,沙田,,沙田,,,,,,,,游水,,
H405,19/08/2025,踱步,沙田,內圈,沙田 內圈,,,,,,助手,,快踱一圈,H,內圈 快踱一圈 (助手)
H405,18/08/2025,游水,沙田,,沙田,,,,,,,,游水,,
H405,18/08/2025,踱步,沙田,內圈,沙田 內圈,,,,,,助手,,倒快兩圈,H,內圈 倒快兩圈 (助手)
H405,17/08/2025,游水,沙田,,沙田,,,,,,,,游水,,
H405,17/08/2025,踱步,沙田,內圈,沙田 內圈,,,,,,助手,,快踱一圈,H,內圈 快踱一圈 (助手)
H405,16/08/2025,游水,沙田,,沙田,,,,,,,,游水,,
H405,16/08/2025,快操,沙田,全天候,沙田 全天候,,57.7,57.7,31.5 26.2,,助手,,快操,H,31.5 26.2 (57.7) (助手)
H405,16/08/2025,踱步,沙田,飛機場,沙田 飛機場,,,,,,助手,,踱步,H,飛機場 踱步 (助手)
H405,15/08/2025,游水,沙田,,沙田,,,,,,,,游水,,
H405,15/08/2025,踱步,沙田,內圈,沙田 內圈,,,,,,助手,,快踱一圈,H,內圈 快踱一圈 (助手)
H405,14/08/2025,游水,沙田,,沙田,,,,,,,,游水,,
H405,14/08/2025,踱步,沙田,內圈,沙田 內圈,,,,,,助手,,倒快兩圈,H,內圈 倒快兩圈 (助手)
H405,13/08/2025,游水,沙田,,沙田,,,,,,,,游水,,
H405,13/08/2025,快操,沙田,全天候,沙田 全天候,,56.6,56.6,29.9 26.7,,助手,,快操,H,29.9 26.7 (56.6) (助手)
H405,13/08/2025,踱步,沙田,飛機場,沙田 飛機場,,,,,,助手,,踱步,H,飛機場 踱步 (助手)
H405,12/08/2025,游水,沙田,,沙田,,,,,,,,游水,,
H405,12/08/2025,踱步,沙田,內圈,沙田 內圈,,,,,,助手,,快踱一圈,H,內圈 快踱一圈 (助手)
H405,11/08/2025,游水,沙田,,沙田,,,,,,,,游水,,
H405,11/08/2025,踱步,沙田,內圈,沙田 內圈,,,,,,助手,,倒快兩圈,H,內圈 倒快兩圈 (助手)
H405,10/08/2025,游水,沙田,,沙田,,,,,,,,游水,,
H405,10/08/2025,踱步,沙田,內圈,沙田 內圈,,,,,,助手,,快踱一圈,H,內圈 快踱一圈 (助手)
H405,09/08/2025,游水,沙田,,沙田,,,,,,,,游水,,
H405,09/08/2025,踱步,沙田,內圈,沙田 內圈,,,,,,助手,,快踱一圈,H,內圈 快踱一圈 (助手)
H405,08/08/2025,游水,沙田,,沙田,,,,,,,,游水,,
H405,08/08/2025,踱步,沙田,內圈,沙田 內圈,,,,,,助手,,快踱一圈,H,內圈 快踱一圈 (助手)
H405,07/08/2025,游水,沙田,,沙田,,,,,,,,游水,,
H405,07/08/2025,踱步,沙田,內圈,沙田 內圈,,,,,,助手,,倒快兩圈,H,內圈 倒快兩圈 (助手)
H405,06/08/2025,游水,沙田,,沙田,,,,,,,,游水,,
H405,06/08/2025,踱步,沙田,內圈,沙田 內圈,,,,,,助手,,快踱一圈,H,內圈 快踱一圈 (助手)
H405,05/08/2025,游水,沙田,,沙田,,,,,,,,游水,,
H405,04/08/2025,游水,沙田,,沙田,,,,,,,,游水,,
H405,04/08/2025,踱步,沙田,內圈,沙田 內圈,,,,,,助手,,快踱一圈,H,內圈 快踱一圈 (助手)
H405,03/08/2025,游水,沙田,,沙田,,,,,,,,游水,,
H405,03/08/2025,踱步,沙田,內圈,沙田 內圈,,,,,,助手,,快踱一圈,H,內圈 快踱一圈 (助手)
H405,02/08/2025,游水,沙田,,沙田,,,,,,,,游水,,
H405,02/08/2025,踱步,沙田,內圈,沙田 內圈,,,,,,助手,,快踱兩圈,H,內圈 快踱兩圈 (助手)
H405,01/08/2025,游水,沙田,,沙田,,,,,,,,游水,,
H405,01/08/2025,踱步,沙田,內圈,沙田 內圈,,,,,,助手,,快踱一圈,H,內圈 快踱一圈 (助手)
H405,13/07/2025,游水,沙田,,沙田,,,,,,,,游水,,
H405,12/07/2025,游水,沙田,,沙田,,,,,,,,游水,,
H405,09/07/2025,出賽,跑馬地,草地,跑馬地 草地,1000M,,,,,鍾易禮,11/11,出賽,H/TT,1000M (鍾易禮) (11/11)
H405,09/07/2025,游水,沙田,,沙田,,,,,,,,游水,,
H405,09/07/2025,踱步,沙田,內圈,沙田 內圈,,,,,,助手,,快踱一圈,H,內圈 快踱一圈 (助手)
H405,08/07/2025,游水,沙田,,沙田,,,,,,,,游水,,
H405,08/07/2025,踱步,沙田,內圈,沙田 內圈,,,,,,助手,,快踱一圈,H,內圈 快踱一圈 (助手)
H405,07/07/2025,游水,沙田,,沙田,,,,,,,,游水,,
H405,07/07/2025,踱步,沙田,內圈,沙田 內圈,,,,,,助手,,倒快兩圈,H,內圈 倒快兩圈 (助手)
H405,06/07/2025,游水,沙田,,沙田,,,,,,,,游水,,
H405,06/07/2025,快操,沙田,全天候,沙田 全天候,,55.5,55.5,29.8 25.7,,助手,,快操,H,29.8 25.7 (55.5) (助手)
H405,06/07/2025,踱步,沙田,飛機場,沙田 飛機場,,,,,,助手,,踱步,H,飛機場 踱步 (助手)
H405,05/07/2025,游水,沙田,,沙田,,,,,,,,游水,,
H405,05/07/2025,踱步,沙田,內圈,沙田 內圈,,,,,,助手,,快踱一圈,H,內圈 快踱一圈 (助手)
H405,04/07/2025,游水,沙田,,沙田,,,,,,,,游水,,
H405,04/07/2025,踱步,沙田,內圈,沙田 內圈,,,,,,助手,,快踱一圈,H,內圈 快踱一圈 (助手)
H405,03/07/2025,游水,沙田,,沙田,,,,,,,,游水,,
H405,03/07/2025,踱步,沙田,內圈,沙田 內圈,,,,,,助手,,倒快兩圈,H,內圈 倒快兩圈 (助手)
H405,02/07/2025,游水,沙田,,沙田,,,,,,,,游水,,
H405,02/07/2025,快操,沙田,全天候,沙田 全天候,,58.2,58.2,31.2 27.0,,鍾易禮,,快操,H,31.2 27.0 (58.2) (鍾易禮)
H405,02/07/2025,踱步,沙田,飛機場,沙田 飛機場,,,,,,鍾易禮,,踱步,PH,飛機場 踱步 (鍾易禮)
H405,01/07/2025,游水,沙田,,沙田,,,,,,,,游水,,
H405,01/07/2025,踱步,沙田,內圈,沙田 內圈,,,,,,助手,,快踱一圈,H,內圈 快踱一圈 (助手)
H405,30/06/2025,游水,沙田,,沙田,,,,,,,,游水,,
H405,30/06/2025,踱步,沙田,內圈,沙田 內圈,,,,,,助手,,倒快兩圈,H,內圈 倒快兩圈 (助手)
H405,29/06/2025,游水,沙田,,沙田,,,,,,,,游水,,
H405,29/06/2025,踱步,沙田,內圈,沙田 內圈,,,,,,助手,,快踱一圈,H,內圈 快踱一圈 (助手)
H405,28/06/2025,游水,沙田,,沙田,,,,,,,,游水,,
H405,28/06/2025,踱步,沙田,內圈,沙田 內圈,,,,,,助手,,快踱一圈,H,內圈 快踱一圈 (助手)
H405,27/06/2025,游水,沙田,,沙田,,,,,,,,游水,,
H405,27/06/2025,踱步,沙田,內圈,沙田 內圈,,,,,,助手,,快踱一圈,H,內圈 快踱一圈 (助手)
H405,26/06/2025,游水,沙田,,沙田,,,,,,,,游水,,
H405,25/06/2025,出賽,跑馬地,草地,跑馬地 草地,1000M,,,,,鍾易禮,5/12,出賽,H/TT,1000M (鍾易禮) (5/12)
H405,25/06/2025,游水,沙田,,沙田,,,,,,,,游水,,
H405,25/06/2025,踱步,沙田,內圈,沙田 內圈,,,,,,助手,,快踱一圈,H,內圈 快踱一圈 (助手)
H405,24/06/2025,游水,沙田,,沙田,,,,,,,,游水,,
H405,24/06/2025,踱步,沙田,內圈,沙田 內圈,,,,,,助手,,快踱一圈,H,內圈 快踱一圈 (助手)
H405,23/06/2025,游水,沙田,,沙田,,,,,,,,游水,,
H405,23/06/2025,踱步,沙田,內圈,沙田 內圈,,,,,,助手,,倒快兩圈,H,內圈 倒快兩圈 (助手)
H405,22/06/2025,游水,沙田,,沙田,,,,,,,,游水,,
H405,22/06/2025,快操,沙田,全天候,沙田 全天候,,57.3,57.3,31.1 26.2,,助手,,快操,H,31.1 26.2 (57.3) (助手)
H405,22/06/2025,踱步,沙田,飛機場,沙田 飛機場,,,,,,助手,,踱步,H,飛機場 踱步 (助手)
H405,21/06/2025,游水,沙田,,沙田,,,,,,,,游水,,
H405,21/06/2025,踱步,沙田,內圈,沙田 內圈,,,,,,助手,,快踱一圈,H,內圈 快踱一圈 (助手)
H405,20/06/2025,游水,沙田,,沙田,,,,,,,,游水,,
H405,20/06/2025,踱步,沙田,內圈,沙田 內圈,,,,,,助手,,快踱一圈,H,內圈 快踱一圈 (助手)
H405,19/06/2025,游水,沙田,,沙田,,,,,,,,游水,,
H405,19/06/2025,踱步,沙田,內圈,沙田 內圈,,,,,,助手,,倒快兩圈,H,內圈 倒快兩圈 (助手)
H405,18/06/2025,游水,沙田,,沙田,,,,,,,,游水,,
H405,18/06/2025,快操,沙田,全天候,沙田 全天候,,1.02.9,62.9,33.8 29.1,,助手,,快操,H,33.8 29.1 (1.02.9) (助手)
H405,18/06/2025,踱步,沙田,飛機場,沙田 飛機場,,,,,,助手,,踱步,H,飛機場 踱步 (助手)
H405,17/06/2025,游水,沙田,,沙田,,,,,,,,游水,,
H405,17/06/2025,踱步,沙田,內圈,沙田 內圈,,,,,,助手,,快踱一圈,H,內圈 快踱一圈 (助手)
H405,16/06/2025,游水,沙田,,沙田,,,,,,,,游水,,
H405,16/06/2025,踱步,沙田,內圈,沙田 內圈,,,,,,助手,,倒快兩圈,H,內圈 倒快兩圈 (助手)
H405,15/06/2025,游水,沙田,,沙田,,,,,,,,游水,,
H405,15/06/2025,快操,沙田,全天候,沙田 全天候,,57.2,57.2,30.3 26.9,,助手,,快操,H,30.3 26.9 (57.2) (助手)
H405,15/06/2025,踱步,沙田,飛機場,沙田 飛機場,,,,,,助手,,踱步,H,飛機場 踱步 (助手)
H405,14/06/2025,游水,沙田,,沙田,,,,,,,,游水,,
H405,14/06/2025,踱步,沙田,內圈,沙田 內圈,,,,,,助手,,快踱一圈,H,內圈 快踱一圈 (助手)
H405,13/06/2025,游水,沙田,,沙田,,,,,,,,游水,,
H405,13/06/2025,踱步,沙田,內圈,沙田 內圈,,,,,,助手,,快踱一圈,H,內圈 快踱一圈 (助手)
H405,12/06/2025,游水,沙田,,沙田,,,,,,,,游水,,
H405,12/06/2025,踱步,沙田,內圈,沙田 內圈,,,,,,助手,,倒快兩圈,H,內圈 倒快兩圈 (助手)
H405,11/06/2025,游水,沙田,,沙田,,,,,,,,游水,,
H405,11/06/2025,踱步,沙田,內圈,沙田 內圈,,,,,,助手,,快踱一圈,H,內圈 快踱一圈 (助手)
H405,10/06/2025,游水,沙田,,沙田,,,,,,,,游水,,
H405,10/06/2025,踱步,沙田,內圈,沙田 內圈,,,,,,助手,,快踱一圈,H,內圈 快踱一圈 (助手)
H405,09/06/2025,游水,沙田,,沙田,,,,,,,,游水,,
H405,08/06/2025,出賽,沙田,草地,沙田 草地,1000M,,,,,巴度,4/14,出賽,H/TT,1000M (巴度) (4/14)
H405,08/06/2025,游水,沙田,,沙田,,,,,,,,游水,,
H405,08/06/2025,踱步,沙田,內圈,沙田 內圈,,,,,,助手,,快踱一圈,H,內圈 快踱一圈 (助手)
H405,07/06/2025,游水,沙田,,沙田,,,,,,,,游水,,
H405,07/06/2025,踱步,沙田,內圈,沙田 內圈,,,,,,助手,,快踱一圈,H,內圈 快踱一圈 (助手)
H405,06/06/2025,游水,沙田,,沙田,,,,,,,,游水,,
H405,06/06/2025,踱步,沙田,內圈,沙田 內圈,,,,,,助手,,快踱一圈,H,內圈 快踱一圈 (助手)
H405,05/06/2025,游水,沙田,,沙田,,,,,,,,游水,,
H405,05/06/2025,快操,沙田,全天候,沙田 全天候,,55.4,55.4,29.2 26.2,,助手,,快操,H,29.2 26.2 (55.4) (助手)
H405,05/06/2025,踱步,沙田,飛機場,沙田 飛機場,,,,,,助手,,踱步,H,飛機場 踱步 (助手)
H405,04/06/2025,游水,沙田,,沙田,,,,,,,,游水,,
H405,04/06/2025,踱步,沙田,內圈,沙田 內圈,,,,,,助手,,快踱一圈,H,內圈 快踱一圈 (助手)
H405,03/06/2025,游水,沙田,,沙田,,,,,,,,游水,,
H405,03/06/2025,踱步,沙田,內圈,沙田 內圈,,,,,,助手,,快踱一圈,H,內圈 快踱一圈 (助手)
H405,02/06/2025,游水,沙田,,沙田,,,,,,,,游水,,
H405,02/06/2025,踱步,沙田,內圈,沙田 內圈,,,,,,助手,,倒快兩圈,H,內圈 倒快兩圈 (助手)
H405,01/06/2025,游水,沙田,,沙田,,,,,,,,游水,,
H405,01/06/2025,快操,沙田,全天候,沙田 全天候,,56.9,56.9,30.9 26.0,,助手,,快操,H,30.9 26.0 (56.9) (助手)
H405,01/06/2025,踱步,沙田,飛機場,沙田 飛機場,,,,,,助手,,踱步,H,飛機場 踱步 (助手)
H405,31/05/2025,游水,沙田,,沙田,,,,,,,,游水,,
H405,31/05/2025,踱步,沙田,內圈,沙田 內圈,,,,,,助手,,快踱一圈,H,內圈 快踱一圈 (助手)
H405,30/05/2025,游水,沙田,,沙田,,,,,,,,游水,,
H405,30/05/2025,踱步,沙田,內圈,沙田 內圈,,,,,,助手,,快踱一圈,H,內圈 快踱一圈 (助手)
H405,29/05/2025,游水,沙田,,沙田,,,,,,,,游水,,
H405,29/05/2025,快操,沙田,全天候,沙田 全天候,,57.7,57.7,30.8 26.9,,助手,,快操,H,30.8 26.9 (57.7) (助手)
H405,28/05/2025,游水,沙田,,沙田,,,,,,,,游水,,
H405,28/05/2025,踱步,沙田,內圈,沙田 內圈,,,,,,助手,,快踱一圈,H,內圈 快踱一圈 (助手)
H405,27/05/2025,游水,沙田,,沙田,,,,,,,,游水,,
H405,27/05/2025,踱步,沙田,內圈,沙田 內圈,,,,,,助手,,快踱一圈,H,內圈 快踱一圈 (助手)
H405,26/05/2025,游水,沙田,,沙田,,,,,,,,游水,,
H405,26/05/2025,踱步,沙田,內圈,沙田 內圈,,,,,,助手,,倒快兩圈,H,內圈 倒快兩圈 (助手)
H405,25/05/2025,游水,沙田,,沙田,,,,,,,,游水,,
H405,25/05/2025,快操,沙田,全天候,沙田 全天候,,56.2,56.2,29.4 26.8,,助手,,快操,H,29.4 26.8 (56.2) (助手)
H405,25/05/2025,踱步,沙田,飛機場,沙田 飛機場,,,,,,助手,,踱步,H,飛機場 踱步 (助手)
H405,24/05/2025,游水,沙田,,沙田,,,,,,,,游水,,
H405,24/05/2025,踱步,沙田,內圈,沙田 內圈,,,,,,助手,,快踱一圈,H,內圈 快踱一圈 (助手)
H405,23/05/2025,游水,沙田,,沙田,,,,,,,,游水,,
H405,23/05/2025,踱步,沙田,內圈,沙田 內圈,,,,,,助手,,快踱一圈,H,內圈 快踱一圈 (助手)
H405,22/05/2025,游水,沙田,,沙田,,,,,,,,游水,,
H405,21/05/2025,游水,沙田,,沙田,,,,,,,,游水,,
H405,21/05/2025,快操,沙田,全天候,沙田 全天候,,56.1,56.1,29.9 26.2,,助手,,快操,H,29.9 26.2 (56.1) (助手)
H405,21/05/2025,踱步,沙田,飛機場,沙田 飛機場,,,,,,助手,,踱步,H,飛機場 踱步 (助手)
H405,20/05/2025,游水,沙田,,沙田,,,,,,,,游水,,
H405,19/05/2025,游水,沙田,,沙田,,,,,,,,游水,,
H405,19/05/2025,踱步,沙田,內圈,沙田 內圈,,,,,,助手,,倒快兩圈,H,內圈 倒快兩圈 (助手)
H405,18/05/2025,游水,沙田,,沙田,,,,,,,,游水,,
H405,18/05/2025,踱步,沙田,內圈,沙田 內圈,,,,,,助手,,快踱一圈,H,內圈 快踱一圈 (助手)
H405,17/05/2025,游水,沙田,,沙田,,,,,,,,游水,,
H405,17/05/2025,踱步,沙田,內圈,沙田 內圈,,,,,,助手,,快踱一圈,H,內圈 快踱一圈 (助手)
H405,16/05/2025,游水,沙田,,沙田,,,,,,,,游水,,
H405,16/05/2025,踱步,沙田,內圈,沙田 內圈,,,,,,助手,,快踱一圈,H,內圈 快踱一圈 (助手)
H405,15/05/2025,游水,沙田,,沙田,,,,,,,,游水,,
H405,14/05/2025,出賽,跑馬地,草地,跑馬地 草地,1000M,,,,,鍾易禮,4/7,出賽,H/TT,1000M (鍾易禮) (4/7)
H405,14/05/2025,游水,沙田,,沙田,,,,,,,,游水,,
H405,14/05/2025,踱步,沙田,內圈,沙田 內圈,,,,,,助手,,快踱一圈,H,內圈 快踱一圈 (助手)
H405,13/05/2025,游水,沙田,,沙田,,,,,,,,游水,,
H405,13/05/2025,踱步,沙田,內圈,沙田 內圈,,,,,,助手,,快踱一圈,H,內圈 快踱一圈 (助手)
H405,12/05/2025,游水,沙田,,沙田,,,,,,,,游水,,
H405,12/05/2025,踱步,沙田,內圈,沙田 內圈,,,,,,鍾易禮,,倒快兩圈,H,內圈 倒快兩圈 (鍾易禮)
H405,11/05/2025,游水,沙田,,沙田,,,,,,,,游水,,
H405,11/05/2025,快操,沙田,全天候,沙田 全天候,,57.0,57.0,29.8 27.2,,助手,,快操,H,29.8 27.2 (57.0) (助手)
H405,11/05/2025,踱步,沙田,飛機場,沙田 飛機場,,,,,,助手,,踱步,H,飛機場 踱步 (助手)
H405,10/05/2025,游水,沙田,,沙田,,,,,,,,游水,,
H405,10/05/2025,踱步,沙田,內圈,沙田 內圈,,,,,,助手,,快踱一圈,H,內圈 快踱一圈 (助手)
H405,09/05/2025,游水,沙田,,沙田,,,,,,,,游水,,
H405,09/05/2025,踱步,沙田,內圈,沙田 內圈,,,,,,助手,,快踱一圈,H,內圈 快踱一圈 (助手)
H405,08/05/2025,游水,沙田,,沙田,,,,,,,,游水,,
H405,08/05/2025,踱步,沙田,內圈,沙田 內圈,,,,,,助手,,倒快兩圈,H,內圈 倒快兩圈 (助手)
H405,07/05/2025,游水,沙田,,沙田,,,,,,,,游水,,
H405,07/05/2025,快操,沙田,全天候,沙田 全天候,,56.6,56.6,31.1 25.5,,助手,,快操,H,31.1 25.5 (56.6) (助手)
H405,07/05/2025,踱步,沙田,飛機場,沙田 飛機場,,,,,,助手,,踱步,H,飛機場 踱步 (助手)
H405,06/05/2025,游水,沙田,,沙田,,,,,,,,游水,,
H405,06/05/2025,踱步,沙田,內圈,沙田 內圈,,,,,,助手,,快踱一圈,H,內圈 快踱一圈 (助手)
H405,05/05/2025,游水,沙田,,沙田,,,,,,,,游水,,
H405,05/05/2025,踱步,沙田,內圈,沙田 內圈,,,,,,助手,,倒快兩圈,H,內圈 倒快兩圈 (助手)
H405,04/05/2025,游水,沙田,,沙田,,,,,,,,游水,,
H405,04/05/2025,快操,沙田,全天候,沙田 全天候,,58.6,58.6,30.2 28.4,,助手,,快操,H,30.2 28.4 (58.6) (助手)
H405,04/05/2025,踱步,沙田,飛機場,沙田 飛機場,,,,,,助手,,踱步,H,飛機場 踱步 (助手)
H405,03/05/2025,游水,沙田,,沙田,,,,,,,,游水,,
H405,03/05/2025,踱步,沙田,內圈,沙田 內圈,,,,,,助手,,快踱一圈,H,內圈 快踱一圈 (助手)
H405,02/05/2025,游水,沙田,,沙田,,,,,,,,游水,,
H405,02/05/2025,踱步,沙田,內圈,沙田 內圈,,,,,,助手,,快踱一圈,H,內圈 快踱一圈 (助手)
H405,01/05/2025,游水,沙田,,沙田,,,,,,,,游水,,
H405,01/05/2025,踱步,沙田,內圈,沙田 內圈,,,,,,助手,,倒快兩圈,H,內圈 倒快兩圈 (助手)
H405,30/04/2025,游水,沙田,,沙田,,,,,,,,游水,,
H405,30/04/2025,快操,沙田,全天候,沙田 全天候,,55.7,55.7,30.3 25.4,,助手,,快操,H,30.3 25.4 (55.7) (助手)
H405,30/04/2025,踱步,沙田,飛機場,沙田 飛機場,,,,,,助手,,踱步,H,飛機場 踱步 (助手)
H405,29/04/2025,游水,沙田,,沙田,,,,,,,,游水,,
H405,29/04/2025,踱步,沙田,內圈,沙田 內圈,,,,,,助手,,快踱一圈,H,內圈 快踱一圈 (助手)
H405,28/04/2025,游水,沙田,,沙田,,,,,,,,游水,,
H405,28/04/2025,踱步,沙田,內圈,沙田 內圈,,,,,,助手,,倒快兩圈,H,內圈 倒快兩圈 (助手)
H405,27/04/2025,游水,沙田,,沙田,,,,,,,,游水,,
H405,27/04/2025,踱步,沙田,內圈,沙田 內圈,,,,,,助手,,快踱一圈,H,內圈 快踱一圈 (助手)
H405,26/04/2025,游水,沙田,,沙田,,,,,,,,游水,,
H405,26/04/2025,踱步,沙田,內圈,沙田 內圈,,,,,,助手,,快踱一圈,H,內圈 快踱一圈 (助手)
H405,25/04/2025,游水,沙田,,沙田,,,,,,,,游水,,
H405,25/04/2025,踱步,沙田,內圈,沙田 內圈,,,,,,助手,,快踱一圈,H,內圈 快踱一圈 (助手)
H405,24/04/2025,游水,沙田,,沙田,,,,,,,,游水,,
H405,23/04/2025,出賽,跑馬地,草地,跑馬地 草地,1000M,,,,,鍾易禮,3/12,出賽,H/TT,1000M (鍾易禮) (3/12)
H405,23/04/2025,游水,沙田,,沙田,,,,,,,,游水,,
H405,23/04/2025,踱步,沙田,內圈,沙田 內圈,,,,,,助手,,快踱一圈,H,內圈 快踱一圈 (助手)
H405,22/04/2025,游水,沙田,,沙田,,,,,,,,游水,,
H405,22/04/2025,踱步,沙田,內圈,沙田 內圈,,,,,,助手,,快踱一圈,H,內圈 快踱一圈 (助手)
H405,21/04/2025,游水,沙田,,沙田,,,,,,,,游水,,
H405,21/04/2025,踱步,沙田,內圈,沙田 內圈,,,,,,助手,,倒快兩圈,H,內圈 倒快兩圈 (助手)
H405,20/04/2025,游水,沙田,,沙田,,,,,,,,游水,,
H405,20/04/2025,踱步,沙田,內圈,沙田 內圈,,,,,,助手,,快踱一圈,H,內圈 快踱一圈 (助手)
H405,19/04/2025,游水,沙田,,沙田,,,,,,,,游水,,
H405,19/04/2025,踱步,沙田,內圈,沙田 內圈,,,,,,助手,,快踱一圈,H,內圈 快踱一圈 (助手)
H405,18/04/2025,游水,沙田,,沙田,,,,,,,,游水,,
H405,18/04/2025,踱步,沙田,內圈,沙田 內圈,,,,,,助手,,快踱一圈,H,內圈 快踱一圈 (助手)
H405,17/04/2025,游水,沙田,,沙田,,,,,,,,游水,,
H405,17/04/2025,踱步,沙田,內圈,沙田 內圈,,,,,,助手,,倒快兩圈,H,內圈 倒快兩圈 (助手)
H405,16/04/2025,游水,沙田,,沙田,,,,,,,,游水,,
H405,16/04/2025,踱步,沙田,內圈,沙田 內圈,,,,,,助手,,快踱一圈,H,內圈 快踱一圈 (助手)
H405,15/04/2025,游水,沙田,,沙田,,,,,,,,游水,,
H405,15/04/2025,踱步,沙田,內圈,沙田 內圈,,,,,,助手,,快踱一圈,H,內圈 快踱一圈 (助手)
H405,14/04/2025,游水,沙田,,沙田,,,,,,,,游水,,
H405,13/04/2025,出賽,沙田,草地,沙田 草地,1000M,,,,,鍾易禮,1/14,出賽,H/TT,1000M (鍾易禮) (1/14)
H405,13/04/2025,游水,沙田,,沙田,,,,,,,,游水,,
H405,13/04/2025,踱步,沙田,內圈,沙田 內圈,,,,,,助手,,快踱一圈,H,內圈 快踱一圈 (助手)
H405,12/04/2025,游水,沙田,,沙田,,,,,,,,游水,,
H405,12/04/2025,踱步,沙田,內圈,沙田 內圈,,,,,,助手,,快踱一圈,H,內圈 快踱一圈 (助手)
H405,11/04/2025,游水,沙田,,沙田,,,,,,,,游水,,
H405,11/04/2025,踱步,沙田,內圈,沙田 內圈,,,,,,助手,,快踱一圈,H,內圈 快踱一圈 (助手)
H405,10/04/2025,游水,沙田,,沙田,,,,,,,,游水,,
H405,10/04/2025,快操,沙田,全天候,沙田 全天候,,55.4,55.4,28.9 26.5,,助手,,快操,H,28.9 26.5 (55.4) (助手)
H405,10/04/2025,踱步,沙田,飛機場,沙田 飛機場,,,,,,助手,,踱步,H,飛機場 踱步 (助手)
H405,09/04/2025,游水,沙田,,沙田,,,,,,,,游水,,
H405,09/04/2025,踱步,沙田,內圈,沙田 內圈,,,,,,助手,,快踱一圈,H,內圈 快踱一圈 (助手)
H405,08/04/2025,游水,沙田,,沙田,,,,,,,,游水,,
H405,08/04/2025,踱步,沙田,內圈,沙田 內圈,,,,,,助手,,快踱一圈,H,內圈 快踱一圈 (助手)
H405,07/04/2025,游水,沙田,,沙田,,,,,,,,游水,,
H405,07/04/2025,踱步,沙田,內圈,沙田 內圈,,,,,,助手,,倒快兩圈,H,內圈 倒快兩圈 (助手)
H405,06/04/2025,游水,沙田,,沙田,,,,,,,,游水,,
H405,06/04/2025,踱步,沙田,內圈,沙田 內圈,,,,,,助手,,快踱一圈,H,內圈 快踱一圈 (助手)
H405,05/04/2025,游水,沙田,,沙田,,,,,,,,游水,,
H405,05/04/2025,踱步,沙田,內圈,沙田 內圈,,,,,,助手,,快踱一圈,H,內圈 快踱一圈 (助手)
H405,04/04/2025,游水,沙田,,沙田,,,,,,,,游水,,
H405,04/04/2025,踱步,沙田,內圈,沙田 內圈,,,,,,助手,,快踱一圈,H,內圈 快踱一圈 (助手)
H405,03/04/2025,試閘,沙田,全天候,沙田 全天候,1050M,1.00.97,60.97,16.1 22.2 22.6,勝萬金,鍾易禮,,第3組,H,第3組 (鍾易禮) 1050M 勝萬金 16.1 22.2 22.6 (1.00.97)
H405,03/04/2025,游水,沙田,,沙田,,,,,,,,游水,,
H405,02/04/2025,游水,沙田,,沙田,,,,,,,,游水,,
H405,02/04/2025,踱步,沙田,內圈,沙田 內圈,,,,,,助手,,快踱一圈,H,內圈 快踱一圈 (助手)
H405,01/04/2025,游水,沙田,,沙田,,,,,,,,游水,,
H405,01/04/2025,踱步,沙田,內圈,沙田 內圈,,,,,,助手,,快踱一圈,H,內圈 快踱一圈 (助手)
H405,31/03/2025,游水,沙田,,沙田,,,,,,,,游水,,
H405,31/03/2025,踱步,沙田,內圈,沙田 內圈,,,,,,助手,,倒快兩圈,H,內圈 倒快兩圈 (助手)
H405,30/03/2025,游水,沙田,,沙田,,,,,,,,游水,,
H405,30/03/2025,快操,沙田,全天候,沙田 全天候,,55.9,55.9,30.2 25.7,,助手,,快操,H,30.2 25.7 (55.9) (助手)
H405,30/03/2025,踱步,沙田,飛機場,沙田 飛機場,,,,,,助手,,踱步,H,飛機場 踱步 (助手)
H405,29/03/2025,游水,沙田,,沙田,,,,,,,,游水,,
H405,29/03/2025,踱步,沙田,內圈,沙田 內圈,,,,,,助手,,快踱一圈,H,內圈 快踱一圈 (助手)
H405,28/03/2025,游水,沙田,,沙田,,,,,,,,游水,,
H405,28/03/2025,踱步,沙田,內圈,沙田 內圈,,,,,,助手,,快踱一圈,H,內圈 快踱一圈 (助手)
H405,27/03/2025,游水,沙田,,沙田,,,,,,,,游水,,
H405,27/03/2025,踱步,沙田,內圈,沙田 內圈,,,,,,助手,,倒快兩圈,H,內圈 倒快兩圈 (助手)
H405,26/03/2025,游水,沙田,,沙田,,,,,,,,游水,,
H405,26/03/2025,快操,沙田,全天候,沙田 全天候,,57.0,57.0,31.0 26.0,,鍾易禮,,快操,H,31.0 26.0 (57.0) (鍾易禮)
H405,26/03/2025,踱步,沙田,飛機場,沙田 飛機場,,,,,,鍾易禮,,踱步,H,飛機場 踱步 (鍾易禮)
H405,25/03/2025,游水,沙田,,沙田,,,,,,,,游水,,
H405,25/03/2025,踱步,沙田,內圈,沙田 內圈,,,,,,助手,,快踱一圈,H,內圈 快踱一圈 (助手)
H405,24/03/2025,游水,沙田,,沙田,,,,,,,,游水,,
H405,24/03/2025,踱步,沙田,內圈,沙田 內圈,,,,,,助手,,倒快兩圈,H,內圈 倒快兩圈 (助手)
H405,23/03/2025,游水,沙田,,沙田,,,,,,,,游水,,
H405,23/03/2025,踱步,沙田,內圈,沙田 內圈,,,,,,助手,,快踱一圈,H,內圈 快踱一圈 (助手)
H405,22/03/2025,游水,沙田,,沙田,,,,,,,,游水,,
H405,22/03/2025,踱步,沙田,內圈,沙田 內圈,,,,,,助手,,快踱一圈,H,內圈 快踱一圈 (助手)
H405,21/03/2025,游水,沙田,,沙田,,,,,,,,游水,,
H405,21/03/2025,踱步,沙田,內圈,沙田 內圈,,,,,,助手,,快踱一圈,H,內圈 快踱一圈 (助手)
H405,20/03/2025,游水,沙田,,沙田,,,,,,,,游水,,
H405,19/03/2025,出賽,跑馬地,草地,跑馬地 草地,1000M,,,,,鍾易禮,2/12,出賽,H/TT,1000M (鍾易禮) (2/12)
H405,19/03/2025,游水,沙田,,沙田,,,,,,,,游水,,
H405,19/03/2025,踱步,沙田,內圈,沙田 內圈,,,,,,助手,,快踱一圈,H,內圈 快踱一圈 (助手)
H405,18/03/2025,游水,沙田,,沙田,,,,,,,,游水,,
H405,18/03/2025,踱步,沙田,內圈,沙田 內圈,,,,,,助手,,快踱一圈,H,內圈 快踱一圈 (助手)
H405,17/03/2025,游水,沙田,,沙田,,,,,,,,游水,,
H405,17/03/2025,踱步,沙田,內圈,沙田 內圈,,,,,,助手,,倒快兩圈,H,內圈 倒快兩圈 (助手)
H405,16/03/2025,游水,沙田,,沙田,,,,,,,,游水,,
H405,16/03/2025,快操,沙田,全天候,沙田 全天候,,57.6,57.6,30.0 27.6,,助手,,快操,H,30.0 27.6 (57.6) (助手)
H405,16/03/2025,踱步,沙田,飛機場,沙田 飛機場,,,,,,助手,,踱步,H,飛機場 踱步 (助手)
H405,15/03/2025,游水,沙田,,沙田,,,,,,,,游水,,
H405,15/03/2025,踱步,沙田,內圈,沙田 內圈,,,,,,助手,,快踱一圈,H,內圈 快踱一圈 (助手)
H405,14/03/2025,游水,沙田,,沙田,,,,,,,,游水,,
H405,14/03/2025,踱步,沙田,內圈,沙田 內圈,,,,,,助手,,快踱一圈,H,內圈 快踱一圈 (助手)
H405,13/03/2025,游水,沙田,,沙田,,,,,,,,游水,,
H405,13/03/2025,踱步,沙田,內圈,沙田 內圈,,,,,,助手,,倒快兩圈,H,內圈 倒快兩圈 (助手)
H405,12/03/2025,游水,沙田,,沙田,,,,,,,,游水,,
H405,12/03/2025,快操,沙田,全天候,沙田 全天候,,55.3,55.3,29.6 25.7,,助手,,快操,H,29.6 25.7 (55.3) (助手)
H405,12/03/2025,踱步,沙田,飛機場,沙田 飛機場,,,,,,助手,,踱步,H,飛機場 踱步 (助手)
H405,11/03/2025,游水,沙田,,沙田,,,,,,,,游水,,
H405,11/03/2025,踱步,沙田,內圈,沙田 內圈,,,,,,助手,,快踱一圈,H,內圈 快踱一圈 (助手)
H405,10/03/2025,游水,沙田,,沙田,,,,,,,,游水,,
H405,10/03/2025,踱步,沙田,內圈,沙田 內圈,,,,,,助手,,倒快兩圈,H,內圈 倒快兩圈 (助手)
H405,09/03/2025,游水,沙田,,沙田,,,,,,,,游水,,
H405,09/03/2025,踱步,沙田,內圈,沙田 內圈,,,,,,助手,,快踱一圈,H,內圈 快踱一圈 (助手)
H405,08/03/2025,游水,沙田,,沙田,,,,,,,,游水,,
H405,08/03/2025,踱步,沙田,內圈,沙田 內圈,,,,,,助手,,快踱一圈,,內圈 快踱一圈 (助手)
H405,07/03/2025,游水,沙田,,沙田,,,,,,,,游水,,
H405,07/03/2025,踱步,沙田,內圈,沙田 內圈,,,,,,助手,,快踱一圈,,內圈 快踱一圈 (助手)
H405,06/03/2025,試閘,沙田,全天候,沙田 全天候,1050M,1.01.77,61.77,16.0 21.9 23.8,生生勝利,鍾易禮,,第3組,H,第3組 (鍾易禮) 1050M 生生勝利 16.0 21.9 23.8 (1.01.77)
H405,06/03/2025,游水,沙田,,沙田,,,,,,,,游水,,
H405,05/03/2025,游水,沙田,,沙田,,,,,,,,游水,,
H405,05/03/2025,踱步,沙田,內圈,沙田 內圈,,,,,,助手,,快踱一圈,H,內圈 快踱一圈 (助手)
H405,04/03/2025,游水,沙田,,沙田,,,,,,,,游水,,
H405,04/03/2025,踱步,沙田,內圈,沙田 內圈,,,,,,助手,,快踱一圈,H,內圈 快踱一圈 (助手)
H405,03/03/2025,游水,沙田,,沙田,,,,,,,,游水,,
H405,03/03/2025,踱步,沙田,內圈,沙田 內圈,,,,,,助手,,倒快兩圈,H,內圈 倒快兩圈 (助手)
H405,02/03/2025,游水,沙田,,沙田,,,,,,,,游水,,
H405,02/03/2025,快操,沙田,全天候,沙田 全天候,,56.3,56.3,29.6 26.7,,助手,,快操,H,29.6 26.7 (56.3) (助手)
H405,02/03/2025,踱步,沙田,飛機場,沙田 飛機場,,,,,,助手,,踱步,H,飛機場 踱步 (助手)
H405,01/03/2025,游水,沙田,,沙田,,,,,,,,游水,,
H405,01/03/2025,踱步,沙田,內圈,沙田 內圈,,,,,,助手,,快踱一圈,H,內圈 快踱一圈 (助手)
H405,28/02/2025,游水,沙田,,沙田,,,,,,,,游水,,
H405,28/02/2025,踱步,沙田,內圈,沙田 內圈,,,,,,副練馬師,,快踱一圈,H,內圈 快踱一圈 (副練馬師)
H405,27/02/2025,游水,沙田,,沙田,,,,,,,,游水,,
H405,27/02/2025,踱步,沙田,內圈,沙田 內圈,,,,,,助手,,倒快兩圈,H,內圈 倒快兩圈 (助手)
H405,26/02/2025,快操,沙田,全天候,沙田 全天候,,56.2,56.2,29.6 26.6,,助手,,快操,H,29.6 26.6 (56.2) (助手)
H405,26/02/2025,踱步,沙田,飛機場,沙田 飛機場,,,,,,助手,,踱步,H,飛機場 踱步 (助手)
H405,25/02/2025,踱步,沙田,內圈,沙田 內圈,,,,,,助手,,快踱一圈,H,內圈 快踱一圈 (助手)
H405,24/02/2025,踱步,沙田,內圈,沙田 內圈,,,,,,助手,,倒快兩圈,H,內圈 倒快兩圈 (助手)
H405,23/02/2025,踱步,沙田,內圈,沙田 內圈,,,,,,助手,,快踱一圈,H,內圈 快踱一圈 (助手)
H405,22/02/2025,踱步,沙田,內圈,沙田 內圈,,,,,,助手,,快踱一圈,H,內圈 快踱一圈 (助手)
H405,21/02/2025,踱步,沙田,內圈,沙田 內圈,,,,,,助手,,快踱一圈,H,內圈 快踱一圈 (助手)
H405,19/02/2025,出賽,跑馬地,草地,跑馬地 草地,1000M,,,,,蔡明紹,2/12,出賽,H/TT,1000M (蔡明紹) (2/12)
H405,19/02/2025,踱步,沙田,內圈,沙田 內圈,,,,,,助手,,快踱一圈,H,內圈 快踱一圈 (助手)
H405,18/02/2025,踱步,沙田,內圈,沙田 內圈,,,,,,助手,,快踱一圈,H,內圈 快踱一圈 (助手)
H405,17/02/2025,踱步,沙田,內圈,沙田 內圈,,,,,,助手,,倒快兩圈,H,內圈 倒快兩圈 (助手)
H405,16/02/2025,快操,沙田,全天候,沙田 全天候,,56.8,56.8,30.8 26.0,,助手,,快操,H,30.8 26.0 (56.8) (助手)
H405,16/02/2025,踱步,沙田,飛機場,沙田 飛機場,,,,,,助手,,踱步,H,飛機場 踱步 (助手)
H405,15/02/2025,踱步,沙田,內圈,沙田 內圈,,,,,,助手,,快踱一圈,H,內圈 快踱一圈 (助手)
H405,14/02/2025,踱步,沙田,內圈,沙田 內圈,,,,,,助手,,快踱一圈,H,內圈 快踱一圈 (助手)
H405,13/02/2025,踱步,沙田,內圈,沙田 內圈,,,,,,助手,,倒快兩圈,H,內圈 倒快兩圈 (助手)
H405,12/02/2025,快操,沙田,全天候,沙田 全天候,,1.00.0,60.0,32.5 27.5,,助手,,快操,H,32.5 27.5 (1.00.0) (助手)
H405,12/02/2025,踱步,沙田,飛機場,沙田 飛機場,,,,,,助手,,踱步,H,飛機場 踱步 (助手)
H405,11/02/2025,踱步,沙田,內圈,沙田 內圈,,,,,,助手,,快踱一圈,H,內圈 快踱一圈 (助手)
H405,10/02/2025,踱步,沙田,內圈,沙田 內圈,,,,,,助手,,倒快兩圈,H,內圈 倒快兩圈 (助手)
H405,09/02/2025,踱步,沙田,內圈,沙田 內圈,,,,,,助手,,快踱一圈,H,內圈 快踱一圈 (助手)
H405,08/02/2025,踱步,沙田,內圈,沙田 內圈,,,,,,助手,,快踱一圈,H,內圈 快踱一圈 (助手)
H405,07/02/2025,踱步,沙田,內圈,沙田 內圈,,,,,,助手,,快踱一圈,H,內圈 快踱一圈 (助手)
H405,06/02/2025,踱步,沙田,內圈,沙田 內圈,,,,,,助手,,倒快兩圈,H,內圈 倒快兩圈 (助手)
H405,05/02/2025,踱步,沙田,內圈,沙田 內圈,,,,,,助手,,快踱一圈,H,內圈 快踱一圈 (助手)
H405,04/02/2025,試閘,沙田,全天候,沙田 全天候,1050M,1.00.97,60.97,15.9 21.7 23.3,嘉冠王,鍾易禮,,第7組,H,第7組 (鍾易禮) 1050M 嘉冠王 15.9 21.7 23.3 (1.00.97)
H405,04/02/2025,游水,沙田,,沙田,,,,,,,,游水,,
H405,03/02/2025,游水,沙田,,沙田,,,,,,,,游水,,
H405,03/02/2025,踱步,沙田,內圈,沙田 內圈,,,,,,助手,,倒快兩圈,H,內圈 倒快兩圈 (助手)
H405,02/02/2025,游水,沙田,,沙田,,,,,,,,游水,,
H405,02/02/2025,踱步,沙田,內圈,沙田 內圈,,,,,,助手,,快踱一圈,H,內圈 快踱一圈 (助手)
H405,01/02/2025,游水,沙田,,沙田,,,,,,,,游水,,
H405,01/02/2025,快操,沙田,全天候,沙田 全天候,,56.5,56.5,30.0 26.5,,助手,,快操,H,30.0 26.5 (56.5) (助手)
H405,01/02/2025,踱步,沙田,飛機場,沙田 飛機場,,,,,,助手,,踱步,H,飛機場 踱步 (助手)
H405,31/01/2025,游水,沙田,,沙田,,,,,,,,游水,,
H405,31/01/2025,踱步,沙田,內圈,沙田 內圈,,,,,,助手,,快踱一圈,H,內圈 快踱一圈 (助手)
H405,30/01/2025,游水,沙田,,沙田,,,,,,,,游水,,
H405,30/01/2025,踱步,沙田,內圈,沙田 內圈,,,,,,助手,,倒快兩圈,H,內圈 倒快兩圈 (助手)
H405,28/01/2025,游水,沙田,,沙田,,,,,,,,游水,,
H405,28/01/2025,快操,沙田,全天候,沙田 全天候,,55.5,55.5,29.7 25.8,,助手,,快操,H,29.7 25.8 (55.5) (助手)
H405,27/01/2025,游水,沙田,,沙田,,,,,,,,游水,,
H405,27/01/2025,踱步,沙田,內圈,沙田 內圈,,,,,,助手,,倒快兩圈,H,內圈 倒快兩圈 (助手)
H405,26/01/2025,游水,沙田,,沙田,,,,,,,,游水,,
H405,26/01/2025,踱步,沙田,內圈,沙田 內圈,,,,,,助手,,快踱一圈,H,內圈 快踱一圈 (助手)
H405,25/01/2025,游水,沙田,,沙田,,,,,,,,游水,,
H405,25/01/2025,快操,沙田,全天候,沙田 全天候,,57.1,57.1,31.0 26.1,,助手,,快操,H,31.0 26.1 (57.1) (助手)
H405,25/01/2025,踱步,沙田,飛機場,沙田 飛機場,,,,,,助手,,踱步,H,飛機場 踱步 (助手)
H405,24/01/2025,游水,沙田,,沙田,,,,,,,,游水,,
H405,24/01/2025,踱步,沙田,內圈,沙田 內圈,,,,,,助手,,快踱一圈,H,內圈 快踱一圈 (助手)
H405,23/01/2025,游水,沙田,,沙田,,,,,,,,游水,,
H405,23/01/2025,踱步,沙田,內圈,沙田 內圈,,,,,,助手,,倒快兩圈,H,內圈 倒快兩圈 (助手)
H405,22/01/2025,游水,沙田,,沙田,,,,,,,,游水,,
H405,22/01/2025,快操,沙田,全天候,沙田 全天候,,56.6,56.6,30.4 26.2,,助手,,快操,H,30.4 26.2 (56.6) (助手)
H405,22/01/2025,踱步,沙田,飛機場,沙田 飛機場,,,,,,助手,,踱步,H,飛機場 踱步 (助手)
H405,21/01/2025,游水,沙田,,沙田,,,,,,,,游水,,
H405,21/01/2025,踱步,沙田,內圈,沙田 內圈,,,,,,助手,,快踱一圈,H,內圈 快踱一圈 (助手)
H405,20/01/2025,游水,沙田,,沙田,,,,,,,,游水,,
H405,20/01/2025,踱步,沙田,內圈,沙田 內圈,,,,,,助手,,倒快兩圈,H,內圈 倒快兩圈 (助手)
H405,19/01/2025,游水,沙田,,沙田,,,,,,,,游水,,
H405,19/01/2025,踱步,沙田,內圈,沙田 內圈,,,,,,助手,,快踱一圈,H,內圈 快踱一圈 (助手)
H405,18/01/2025,游水,沙田,,沙田,,,,,,,,游水,,
H405,18/01/2025,踱步,沙田,內圈,沙田 內圈,,,,,,助手,,快踱一圈,H,內圈 快踱一圈 (助手)
H405,17/01/2025,游水,沙田,,沙田,,,,,,,,游水,,
H405,17/01/2025,踱步,沙田,內圈,沙田 內圈,,,,,,助手,,快踱一圈,H,內圈 快踱一圈 (助手)
H405,16/01/2025,游水,沙田,,沙田,,,,,,,,游水,,
H405,15/01/2025,出賽,跑馬地,草地,跑馬地 草地,1000M,,,,,鍾易禮,1/12,出賽,H/TT,1000M (鍾易禮) (1/12)
H405,15/01/2025,游水,沙田,,沙田,,,,,,,,游水,,
H405,15/01/2025,踱步,沙田,內圈,沙田 內圈,,,,,,助手,,快踱一圈,H,內圈 快踱一圈 (助手)
H405,14/01/2025,游水,沙田,,沙田,,,,,,,,游水,,
H405,14/01/2025,踱步,沙田,內圈,沙田 內圈,,,,,,助手,,快踱一圈,H,內圈 快踱一圈 (助手)
H405,13/01/2025,游水,沙田,,沙田,,,,,,,,游水,,
H405,13/01/2025,踱步,沙田,內圈,沙田 內圈,,,,,,助手,,倒快兩圈,H,內圈 倒快兩圈 (助手)
H405,12/01/2025,游水,沙田,,沙田,,,,,,,,游水,,
H405,12/01/2025,快操,沙田,全天候,沙田 全天候,,59.4,59.4,32.5 26.9,,助手,,快操,H,32.5 26.9 (59.4) (助手)
H405,12/01/2025,踱步,沙田,飛機場,沙田 飛機場,,,,,,助手,,踱步,H,飛機場 踱步 (助手)
H405,11/01/2025,游水,沙田,,沙田,,,,,,,,游水,,
H405,11/01/2025,踱步,沙田,內圈,沙田 內圈,,,,,,助手,,快踱一圈,H,內圈 快踱一圈 (助手)
H405,10/01/2025,游水,沙田,,沙田,,,,,,,,游水,,
H405,10/01/2025,踱步,沙田,內圈,沙田 內圈,,,,,,助手,,快踱一圈,H,內圈 快踱一圈 (助手)
H405,09/01/2025,游水,沙田,,沙田,,,,,,,,游水,,
H405,09/01/2025,踱步,沙田,內圈,沙田 內圈,,,,,,助手,,倒快一圈,H,內圈 倒快一圈 (助手)
H405,08/01/2025,游水,沙田,,沙田,,,,,,,,游水,,
H405,08/01/2025,快操,沙田,全天候,沙田 全天候,,55.6,55.6,29.2 26.4,,助手,,快操,H,29.2 26.4 (55.6) (助手)
H405,08/01/2025,踱步,沙田,飛機場,沙田 飛機場,,,,,,助手,,踱步,H,飛機場 踱步 (助手)
H405,07/01/2025,游水,沙田,,沙田,,,,,,,,游水,,
H405,07/01/2025,踱步,沙田,內圈,沙田 內圈,,,,,,助手,,快踱一圈,H,內圈 快踱一圈 (助手)
H405,06/01/2025,游水,沙田,,沙田,,,,,,,,游水,,
H405,06/01/2025,踱步,沙田,內圈,沙田 內圈,,,,,,助手,,倒快兩圈,H,內圈 倒快兩圈 (助手)
H405,05/01/2025,游水,沙田,,沙田,,,,,,,,游水,,
H405,05/01/2025,快操,沙田,全天候,沙田 全天候,,55.6,55.6,29.5 26.1,,助手,,快操,H,29.5 26.1 (55.6) (助手)
H405,05/01/2025,踱步,沙田,飛機場,沙田 飛機場,,,,,,助手,,踱步,H,飛機場 踱步 (助手)
H405,04/01/2025,游水,沙田,,沙田,,,,,,,,游水,,
H405,04/01/2025,踱步,沙田,內圈,沙田 內圈,,,,,,助手,,快踱一圈,H,內圈 快踱一圈 (助手)
H405,03/01/2025,游水,沙田,,沙田,,,,,,,,游水,,
H405,03/01/2025,踱步,沙田,內圈,沙田 內圈,,,,,,助手,,快踱一圈,H,內圈 快踱一圈 (助手)
H405,02/01/2025,游水,沙田,,沙田,,,,,,,,游水,,
H405,02/01/2025,快操,沙田,全天候,沙田 全天候,,56.5,56.5,30.8 25.7,,助手,,快操,H,30.8 25.7 (56.5) (助手)
H405,02/01/2025,踱步,沙田,飛機場,沙田 飛機場,,,,,,助手,,踱步,H,飛機場 踱步 (助手)
H405,01/01/2025,游水,沙田,,沙田,,,,,,,,游水,,
H405,01/01/2025,踱步,沙田,內圈,沙田 內圈,,,,,,助手,,快踱一圈,H,內圈 快踱一圈 (助手)
H405,31/12/2024,游水,沙田,,沙田,,,,,,,,游水,,
H405,31/12/2024,踱步,沙田,內圈,沙田 內圈,,,,,,助手,,快踱一圈,H,內圈 快踱一圈 (助手)
H405,30/12/2024,游水,沙田,,沙田,,,,,,,,游水,,
H405,30/12/2024,踱步,沙田,內圈,沙田 內圈,,,,,,助手,,倒快兩圈,H,內圈 倒快兩圈 (助手)
H405,29/12/2024,游水,沙田,,沙田,,,,,,,,游水,,
H405,29/12/2024,踱步,沙田,內圈,沙田 內圈,,,,,,助手,,快踱一圈,H,內圈 快踱一圈 (助手)
H405,28/12/2024,游水,沙田,,沙田,,,,,,,,游水,,
H405,28/12/2024,踱步,沙田,內圈,沙田 內圈,,,,,,助手,,快踱一圈,H,內圈 快踱一圈 (助手)
H405,27/12/2024,游水,沙田,,沙田,,,,,,,,游水,,
H405,26/12/2024,出賽,跑馬地,草地,跑馬地 草地,1000M,,,,,艾道拿,6/12,出賽,H/TT,1000M (艾道拿) (6/12)
H405,26/12/2024,游水,沙田,,沙田,,,,,,,,游水,,
H405,26/12/2024,踱步,沙田,內圈,沙田 內圈,,,,,,助手,,倒快一圈,H,內圈 倒快一圈 (助手)
H405,25/12/2024,游水,沙田,,沙田,,,,,,,,游水,,
H405,25/12/2024,踱步,沙田,內圈,沙田 內圈,,,,,,助手,,快踱一圈,H,內圈 快踱一圈 (助手)
H405,24/12/2024,游水,沙田,,沙田,,,,,,,,游水,,
H405,24/12/2024,踱步,沙田,內圈,沙田 內圈,,,,,,助手,,快踱一圈,H,內圈 快踱一圈 (助手)
H405,23/12/2024,游水,沙田,,沙田,,,,,,,,游水,,
H405,23/12/2024,快操,沙田,全天候,沙田 全天候,,56.9,56.9,30.6 26.3,,助手,,快操,H,30.6 26.3 (56.9) (助手)
H405,23/12/2024,踱步,沙田,飛機場,沙田 飛機場,,,,,,助手,,踱步,H,飛機場 踱步 (助手)
H405,22/12/2024,游水,沙田,,沙田,,,,,,,,游水,,
H405,22/12/2024,踱步,沙田,內圈,沙田 內圈,,,,,,助手,,快踱一圈,H,內圈 快踱一圈 (助手)
H405,21/12/2024,游水,沙田,,沙田,,,,,,,,游水,,
H405,21/12/2024,踱步,沙田,內圈,沙田 內圈,,,,,,助手,,快踱一圈,H,內圈 快踱一圈 (助手)
H405,20/12/2024,游水,沙田,,沙田,,,,,,,,游水,,
H405,20/12/2024,踱步,沙田,內圈,沙田 內圈,,,,,,助手,,快踱一圈,H,內圈 快踱一圈 (助手)
H405,19/12/2024,游水,沙田,,沙田,,,,,,,,游水,,
H405,19/12/2024,踱步,沙田,內圈,沙田 內圈,,,,,,助手,,倒快兩圈,H,內圈 倒快兩圈 (助手)
H405,18/12/2024,游水,沙田,,沙田,,,,,,,,游水,,
H405,18/12/2024,快操,沙田,全天候,沙田 全天候,,57.5,57.5,30.4 27.1,,助手,,快操,H,30.4 27.1 (57.5) (助手)
H405,18/12/2024,踱步,沙田,飛機場,沙田 飛機場,,,,,,助手,,踱步,H,飛機場 踱步 (助手)
H405,17/12/2024,游水,沙田,,沙田,,,,,,,,游水,,
H405,16/12/2024,游水,沙田,,沙田,,,,,,,,游水,,
H405,16/12/2024,踱步,沙田,內圈,沙田 內圈,,,,,,助手,,倒快兩圈,H,內圈 倒快兩圈 (助手)
H405,15/12/2024,游水,沙田,,沙田,,,,,,,,游水,,
H405,15/12/2024,快操,沙田,全天候,沙田 全天候,,57.6,57.6,31.4 26.2,,鍾易禮,,快操,H,31.4 26.2 (57.6) (鍾易禮)
H405,15/12/2024,踱步,沙田,飛機場,沙田 飛機場,,,,,,鍾易禮,,踱步,H,飛機場 踱步 (鍾易禮)
H405,14/12/2024,游水,沙田,,沙田,,,,,,,,游水,,
H405,14/12/2024,踱步,沙田,內圈,沙田 內圈,,,,,,助手,,快踱一圈,H,內圈 快踱一圈 (助手)
H405,13/12/2024,游水,沙田,,沙田,,,,,,,,游水,,
H405,13/12/2024,踱步,沙田,內圈,沙田 內圈,,,,,,助手,,快踱一圈,H,內圈 快踱一圈 (助手)
H405,12/12/2024,游水,沙田,,沙田,,,,,,,,游水,,
H405,12/12/2024,踱步,沙田,內圈,沙田 內圈,,,,,,助手,,倒快兩圈,H,內圈 倒快兩圈 (助手)
H405,11/12/2024,游水,沙田,,沙田,,,,,,,,游水,,
H405,11/12/2024,快操,沙田,全天候,沙田 全天候,,56.5,56.5,29.8 26.7,,鍾易禮,,快操,H,29.8 26.7 (56.5) (鍾易禮)
H405,11/12/2024,踱步,沙田,飛機場,沙田 飛機場,,,,,,鍾易禮,,踱步,H,飛機場 踱步 (鍾易禮)
H405,10/12/2024,游水,沙田,,沙田,,,,,,,,游水,,
H405,10/12/2024,踱步,沙田,內圈,沙田 內圈,,,,,,助手,,快踱一圈,H,內圈 快踱一圈 (助手)
H405,09/12/2024,游水,沙田,,沙田,,,,,,,,游水,,
H405,09/12/2024,踱步,沙田,內圈,沙田 內圈,,,,,,助手,,倒快兩圈,H,內圈 倒快兩圈 (助手)
H405,08/12/2024,游水,沙田,,沙田,,,,,,,,游水,,
H405,08/12/2024,踱步,沙田,內圈,沙田 內圈,,,,,,助手,,快踱一圈,H,內圈 快踱一圈 (助手)
H405,07/12/2024,游水,沙田,,沙田,,,,,,,,游水,,
H405,07/12/2024,踱步,沙田,內圈,沙田 內圈,,,,,,助手,,快踱一圈,H,內圈 快踱一圈 (助手)
H405,06/12/2024,游水,沙田,,沙田,,,,,,,,游水,,
H405,06/12/2024,踱步,沙田,內圈,沙田 內圈,,,,,,助手,,快踱一圈,H,內圈 快踱一圈 (助手)
H405,05/12/2024,游水,沙田,,沙田,,,,,,,,游水,,
H405,04/12/2024,出賽,跑馬地,草地,跑馬地 草地,1000M,,,,,何澤堯,3/12,出賽,H/TT,1000M (何澤堯) (3/12)
H405,04/12/2024,游水,沙田,,沙田,,,,,,,,游水,,
H405,03/12/2024,游水,沙田,,沙田,,,,,,,,游水,,
H405,03/12/2024,踱步,沙田,內圈,沙田 內圈,,,,,,助手,,快踱一圈,H,內圈 快踱一圈 (助手)
H405,02/12/2024,游水,沙田,,沙田,,,,,,,,游水,,
H405,02/12/2024,踱步,沙田,內圈,沙田 內圈,,,,,,助手,,倒快兩圈,H,內圈 倒快兩圈 (助手)
H405,01/12/2024,游水,沙田,,沙田,,,,,,,,游水,,
H405,01/12/2024,快操,沙田,全天候,沙田 全天候,,56.7,56.7,29.3 27.4,,助手,,快操,H,29.3 27.4 (56.7) (助手)
H405,01/12/2024,踱步,沙田,飛機場,沙田 飛機場,,,,,,助手,,踱步,H,飛機場 踱步 (助手)
H405,30/11/2024,游水,沙田,,沙田,,,,,,,,游水,,
H405,30/11/2024,踱步,沙田,內圈,沙田 內圈,,,,,,助手,,快踱一圈,H,內圈 快踱一圈 (助手)
H405,29/11/2024,游水,沙田,,沙田,,,,,,,,游水,,
H405,29/11/2024,踱步,沙田,內圈,沙田 內圈,,,,,,助手,,快踱一圈,H,內圈 快踱一圈 (助手)
H405,28/11/2024,游水,沙田,,沙田,,,,,,,,游水,,
H405,28/11/2024,踱步,沙田,內圈,沙田 內圈,,,,,,助手,,倒快兩圈,H,內圈 倒快兩圈 (助手)
H405,27/11/2024,游水,沙田,,沙田,,,,,,,,游水,,
H405,27/11/2024,快操,沙田,全天候,沙田 全天候,,55.1,55.1,29.5 25.6,,助手,,快操,H,29.5 25.6 (55.1) (助手)
H405,27/11/2024,踱步,沙田,飛機場,沙田 飛機場,,,,,,助手,,踱步,H,飛機場 踱步 (助手)
H405,26/11/2024,游水,沙田,,沙田,,,,,,,,游水,,
H405,26/11/2024,踱步,沙田,內圈,沙田 內圈,,,,,,助手,,快踱一圈,H,內圈 快踱一圈 (助手)
H405,25/11/2024,游水,沙田,,沙田,,,,,,,,游水,,
H405,25/11/2024,踱步,沙田,內圈,沙田 內圈,,,,,,助手,,倒快兩圈,H,內圈 倒快兩圈 (助手)
H405,24/11/2024,游水,沙田,,沙田,,,,,,,,游水,,
H405,24/11/2024,踱步,沙田,內圈,沙田 內圈,,,,,,助手,,快踱一圈,H,內圈 快踱一圈 (助手)
H405,23/11/2024,游水,沙田,,沙田,,,,,,,,游水,,
H405,23/11/2024,踱步,沙田,內圈,沙田 內圈,,,,,,助手,,快踱一圈,H,內圈 快踱一圈 (助手)
H405,22/11/2024,游水,沙田,,沙田,,,,,,,,游水,,
H405,22/11/2024,踱步,沙田,內圈,沙田 內圈,,,,,,助手,,快踱一圈,H,內圈 快踱一圈 (助手)
H405,21/11/2024,游水,沙田,,沙田,,,,,,,,游水,,
H405,21/11/2024,踱步,沙田,內圈,沙田 內圈,,,,,,鍾易禮,,倒快兩圈,H,內圈 倒快兩圈 (鍾易禮)
H405,20/11/2024,游水,沙田,,沙田,,,,,,,,游水,,
H405,20/11/2024,踱步,沙田,內圈,沙田 內圈,,,,,,助手,,快踱一圈,H,內圈 快踱一圈 (助手)
H405,19/11/2024,試閘,沙田,全天候,沙田 全天候,1050M,1.01.56,61.56,16.0 22.0 23.5,勝萬金,鍾易禮,,第5組,H,第5組 (鍾易禮) 1050M 勝萬金 16.0 22.0 23.5 (1.01.56)
H405,19/11/2024,游水,沙田,,沙田,,,,,,,,游水,,
H405,18/11/2024,游水,沙田,,沙田,,,,,,,,游水,,
H405,18/11/2024,踱步,沙田,內圈,沙田 內圈,,,,,,助手,,倒快兩圈,H,內圈 倒快兩圈 (助手)
H405,17/11/2024,游水,沙田,,沙田,,,,,,,,游水,,
H405,17/11/2024,踱步,沙田,內圈,沙田 內圈,,,,,,助手,,快踱一圈,H,內圈 快踱一圈 (助手)
H405,16/11/2024,游水,沙田,,沙田,,,,,,,,游水,,
H405,16/11/2024,快操,沙田,全天候,沙田 全天候,,56.1,56.1,29.0 27.1,,助手,,快操,H,29.0 27.1 (56.1) (助手)
H405,16/11/2024,踱步,沙田,飛機場,沙田 飛機場,,,,,,助手,,踱步,H,飛機場 踱步 (助手)
H405,15/11/2024,游水,沙田,,沙田,,,,,,,,游水,,
H405,15/11/2024,踱步,沙田,內圈,沙田 內圈,,,,,,助手,,快踱一圈,H,內圈 快踱一圈 (助手)
H405,14/11/2024,游水,沙田,,沙田,,,,,,,,游水,,
H405,13/11/2024,游水,沙田,,沙田,,,,,,,,游水,,
H405,13/11/2024,踱步,沙田,內圈,沙田 內圈,,,,,,助手,,快踱一圈,H,內圈 快踱一圈 (助手)
H405,12/11/2024,游水,沙田,,沙田,,,,,,,,游水,,
H405,12/11/2024,踱步,沙田,內圈,沙田 內圈,,,,,,助手,,快踱一圈,H,內圈 快踱一圈 (助手)
H405,11/11/2024,游水,沙田,,沙田,,,,,,,,游水,,
H405,11/11/2024,踱步,沙田,內圈,沙田 內圈,,,,,,助手,,倒快兩圈,H,內圈 倒快兩圈 (助手)
H405,10/11/2024,游水,沙田,,沙田,,,,,,,,游水,,
H405,10/11/2024,快操,沙田,全天候,沙田 全天候,,59.1,59.1,32.6 26.5,,助手,,快操,H,32.6 26.5 (59.1) (助手)
H405,10/11/2024,踱步,沙田,飛機場,沙田 飛機場,,,,,,助手,,踱步,H,飛機場 踱步 (助手)
H405,09/11/2024,游水,沙田,,沙田,,,,,,,,游水,,
H405,09/11/2024,踱步,沙田,內圈,沙田 內圈,,,,,,助手,,快踱一圈,H,內圈 快踱一圈 (助手)
H405,08/11/2024,游水,沙田,,沙田,,,,,,,,游水,,
H405,08/11/2024,踱步,沙田,內圈,沙田 內圈,,,,,,助手,,快踱一圈,H,內圈 快踱一圈 (助手)
H405,07/11/2024,游水,沙田,,沙田,,,,,,,,游水,,
H405,07/11/2024,踱步,沙田,內圈,沙田 內圈,,,,,,助手,,倒快兩圈,H,內圈 倒快兩圈 (助手)
H405,06/11/2024,游水,沙田,,沙田,,,,,,,,游水,,
H405,06/11/2024,快操,沙田,全天候,沙田 全天候,,56.9,56.9,30.1 26.8,,鍾易禮,,快操,H,30.1 26.8 (56.9) (鍾易禮)
H405,06/11/2024,踱步,沙田,飛機場,沙田 飛機場,,,,,,鍾易禮,,踱步,H,飛機場 踱步 (鍾易禮)
H405,05/11/2024,游水,沙田,,沙田,,,,,,,,游水,,
H405,05/11/2024,踱步,沙田,內圈,沙田 內圈,,,,,,助手,,快踱一圈,H,內圈 快踱一圈 (助手)
H405,04/11/2024,游水,沙田,,沙田,,,,,,,,游水,,
H405,04/11/2024,踱步,沙田,內圈,沙田 內圈,,,,,,助手,,倒快兩圈,H,內圈 倒快兩圈 (助手)
H405,03/11/2024,游水,沙田,,沙田,,,,,,,,游水,,
H405,03/11/2024,踱步,沙田,內圈,沙田 內圈,,,,,,助手,,快踱一圈,H,內圈 快踱一圈 (助手)
H405,02/11/2024,游水,沙田,,沙田,,,,,,,,游水,,
H405,02/11/2024,踱步,沙田,內圈,沙田 內圈,,,,,,助手,,快踱一圈,H,內圈 快踱一圈 (助手)
H405,01/11/2024,游水,沙田,,沙田,,,,,,,,游水,,
H405,01/11/2024,踱步,沙田,內圈,沙田 內圈,,,,,,助手,,快踱一圈,H,內圈 快踱一圈 (助手)
H405,31/10/2024,游水,沙田,,沙田,,,,,,,,游水,,
H405,30/10/2024,出賽,跑馬地,草地,跑馬地 草地,1000M,,,,,潘頓,1/12,出賽,H/TT,1000M (潘頓) (1/12)
H405,30/10/2024,游水,沙田,,沙田,,,,,,,,游水,,
H405,30/10/2024,踱步,沙田,內圈,沙田 內圈,,,,,,助手,,快踱一圈,H,內圈 快踱一圈 (助手)
H405,29/10/2024,游水,沙田,,沙田,,,,,,,,游水,,
H405,29/10/2024,踱步,沙田,內圈,沙田 內圈,,,,,,助手,,快踱一圈,H,內圈 快踱一圈 (助手)
H405,28/10/2024,游水,沙田,,沙田,,,,,,,,游水,,
H405,28/10/2024,踱步,沙田,內圈,沙田 內圈,,,,,,助手,,倒快兩圈,H,內圈 倒快兩圈 (助手)
H405,27/10/2024,游水,沙田,,沙田,,,,,,,,游水,,
H405,27/10/2024,快操,沙田,全天候,沙田 全天候,,56.0,56.0,29.3 26.7,,助手,,快操,H,29.3 26.7 (56.0) (助手)
H405,27/10/2024,踱步,沙田,飛機場,沙田 飛機場,,,,,,助手,,踱步,H,飛機場 踱步 (助手)
H405,26/10/2024,游水,沙田,,沙田,,,,,,,,游水,,
H405,26/10/2024,踱步,沙田,內圈,沙田 內圈,,,,,,助手,,快踱一圈,H,內圈 快踱一圈 (助手)
H405,25/10/2024,游水,沙田,,沙田,,,,,,,,游水,,
H405,25/10/2024,踱步,沙田,內圈,沙田 內圈,,,,,,助手,,快踱一圈,H,內圈 快踱一圈 (助手)
H405,24/10/2024,游水,沙田,,沙田,,,,,,,,游水,,
H405,24/10/2024,踱步,沙田,內圈,沙田 內圈,,,,,,助手,,倒快兩圈,H,內圈 倒快兩圈 (助手)
H405,23/10/2024,游水,沙田,,沙田,,,,,,,,游水,,
H405,23/10/2024,快操,沙田,全天候,沙田 全天候,,55.6,55.6,29.6 26.0,,助手,,快操,H,29.6 26.0 (55.6) (助手)
H405,23/10/2024,踱步,沙田,飛機場,沙田 飛機場,,,,,,助手,,踱步,H,飛機場 踱步 (助手)
H405,22/10/2024,游水,沙田,,沙田,,,,,,,,游水,,
H405,22/10/2024,踱步,沙田,內圈,沙田 內圈,,,,,,助手,,快踱一圈,H,內圈 快踱一圈 (助手)
H405,21/10/2024,游水,沙田,,沙田,,,,,,,,游水,,
H405,21/10/2024,踱步,沙田,內圈,沙田 內圈,,,,,,助手,,倒快兩圈,H,內圈 倒快兩圈 (助手)
H405,20/10/2024,游水,沙田,,沙田,,,,,,,,游水,,
H405,20/10/2024,快操,沙田,全天候,沙田 全天候,,56.7,56.7,29.7 27.0,,助手,,快操,H,29.7 27.0 (56.7) (助手)
H405,20/10/2024,踱步,沙田,飛機場,沙田 飛機場,,,,,,助手,,踱步,H,飛機場 踱步 (助手)
H405,19/10/2024,游水,沙田,,沙田,,,,,,,,游水,,
H405,19/10/2024,踱步,沙田,內圈,沙田 內圈,,,,,,助手,,快踱一圈,H,內圈 快踱一圈 (助手)
H405,18/10/2024,游水,沙田,,沙田,,,,,,,,游水,,
H405,18/10/2024,踱步,沙田,內圈,沙田 內圈,,,,,,助手,,快踱一圈,H,內圈 快踱一圈 (助手)
H405,17/10/2024,游水,沙田,,沙田,,,,,,,,游水,,
H405,17/10/2024,踱步,沙田,內圈,沙田 內圈,,,,,,助手,,倒快兩圈,H,內圈 倒快兩圈 (助手)
H405,16/10/2024,游水,沙田,,沙田,,,,,,,,游水,,
H405,16/10/2024,快操,沙田,全天候,沙田 全天候,,56.2,56.2,29.7 26.5,,助手,,快操,H,29.7 26.5 (56.2) (助手)
H405,16/10/2024,踱步,沙田,飛機場,沙田 飛機場,,,,,,助手,,踱步,H,飛機場 踱步 (助手)
H405,15/10/2024,游水,沙田,,沙田,,,,,,,,游水,,
H405,15/10/2024,踱步,沙田,內圈,沙田 內圈,,,,,,助手,,快踱一圈,H,內圈 快踱一圈 (助手)
H405,14/10/2024,游水,沙田,,沙田,,,,,,,,游水,,
H405,14/10/2024,踱步,沙田,內圈,沙田 內圈,,,,,,助手,,倒快兩圈,H,內圈 倒快兩圈 (助手)
H405,13/10/2024,游水,沙田,,沙田,,,,,,,,游水,,
H405,13/10/2024,踱步,沙田,內圈,沙田 內圈,,,,,,助手,,快踱一圈,H,內圈 快踱一圈 (助手)
H405,12/10/2024,游水,沙田,,沙田,,,,,,,,游水,,
H405,12/10/2024,踱步,沙田,內圈,沙田 內圈,,,,,,助手,,快踱一圈,H,內圈 快踱一圈 (助手)
H405,11/10/2024,游水,沙田,,沙田,,,,,,,,游水,,
H405,11/10/2024,踱步,沙田,內圈,沙田 內圈,,,,,,助手,,快踱一圈,H,內圈 快踱一圈 (助手)
H405,09/10/2024,出賽,跑馬地,草地,跑馬地 草地,1000M,,,,,潘頓,3/10,出賽,H/TT,1000M (潘頓) (3/10)
H405,09/10/2024,游水,沙田,,沙田,,,,,,,,游水,,
H405,09/10/2024,踱步,沙田,內圈,沙田 內圈,,,,,,助手,,快踱一圈,H,內圈 快踱一圈 (助手)
H405,08/10/2024,游水,沙田,,沙田,,,,,,,,游水,,
H405,08/10/2024,踱步,沙田,內圈,沙田 內圈,,,,,,助手,,快踱一圈,H,內圈 快踱一圈 (助手)
H405,07/10/2024,游水,沙田,,沙田,,,,,,,,游水,,
H405,07/10/2024,踱步,沙田,內圈,沙田 內圈,,,,,,助手,,倒快兩圈,H,內圈 倒快兩圈 (助手)
H405,06/10/2024,游水,沙田,,沙田,,,,,,,,游水,,
H405,06/10/2024,快操,沙田,全天候,沙田 全天候,,57.1,57.1,30.6 26.5,,鍾易禮,,快操,H,30.6 26.5 (57.1) (鍾易禮)
H405,06/10/2024,踱步,沙田,飛機場,沙田 飛機場,,,,,,鍾易禮,,踱步,H,飛機場 踱步 (鍾易禮)
H405,05/10/2024,游水,沙田,,沙田,,,,,,,,游水,,
H405,05/10/2024,踱步,沙田,內圈,沙田 內圈,,,,,,助手,,快踱一圈,H,內圈 快踱一圈 (助手)
H405,04/10/2024,游水,沙田,,沙田,,,,,,,,游水,,
H405,04/10/2024,踱步,沙田,內圈,沙田 內圈,,,,,,助手,,快踱一圈,H,內圈 快踱一圈 (助手)
H405,03/10/2024,游水,沙田,,沙田,,,,,,,,游水,,
H405,03/10/2024,踱步,沙田,內圈,沙田 內圈,,,,,,助手,,倒快兩圈,H,內圈 倒快兩圈 (助手)
H405,02/10/2024,游水,沙田,,沙田,,,,,,,,游水,,
H405,02/10/2024,快操,沙田,全天候,沙田 全天候,,55.6,55.6,28.8 26.8,,鍾易禮,,快操,H,28.8 26.8 (55.6) (鍾易禮)
H405,02/10/2024,踱步,沙田,飛機場,沙田 飛機場,,,,,,助手,,踱步,H,飛機場 踱步 (助手)
H405,01/10/2024,游水,沙田,,沙田,,,,,,,,游水,,
H405,01/10/2024,踱步,沙田,內圈,沙田 內圈,,,,,,助手,,快踱一圈,H,內圈 快踱一圈 (助手)
H405,30/09/2024,游水,沙田,,沙田,,,,,,,,游水,,
H405,30/09/2024,踱步,沙田,內圈,沙田 內圈,,,,,,助手,,倒快兩圈,H,內圈 倒快兩圈 (助手)
H405,29/09/2024,游水,沙田,,沙田,,,,,,,,游水,,
H405,29/09/2024,快操,沙田,全天候,沙田 全天候,,58.3,58.3,31.0 27.3,,鍾易禮,,快操,H,31.0 27.3 (58.3) (鍾易禮)
H405,29/09/2024,踱步,沙田,飛機場,沙田 飛機場,,,,,,鍾易禮,,踱步,H,飛機場 踱步 (鍾易禮)
H405,28/09/2024,游水,沙田,,沙田,,,,,,,,游水,,
H405,28/09/2024,踱步,沙田,內圈,沙田 內圈,,,,,,助手,,快踱一圈,H,內圈 快踱一圈 (助手)
H405,27/09/2024,游水,沙田,,沙田,,,,,,,,游水,,
H405,27/09/2024,踱步,沙田,內圈,沙田 內圈,,,,,,助手,,快踱一圈,H,內圈 快踱一圈 (助手)
H405,26/09/2024,游水,沙田,,沙田,,,,,,,,游水,,
H405,26/09/2024,踱步,沙田,內圈,沙田 內圈,,,,,,助手,,倒快兩圈,H,內圈 倒快兩圈 (助手)
H405,25/09/2024,游水,沙田,,沙田,,,,,,,,游水,,
H405,25/09/2024,快操,沙田,全天候,沙田 全天候,,57.3,57.3,30.4 26.9,,助手,,快操,H,30.4 26.9 (57.3) (助手)
H405,25/09/2024,踱步,沙田,飛機場,沙田 飛機場,,,,,,助手,,踱步,H,飛機場 踱步 (助手)
H405,24/09/2024,游水,沙田,,沙田,,,,,,,,游水,,
H405,24/09/2024,踱步,沙田,內圈,沙田 內圈,,,,,,助手,,快踱一圈,H,內圈 快踱一圈 (助手)
H405,23/09/2024,游水,沙田,,沙田,,,,,,,,游水,,
H405,23/09/2024,踱步,沙田,內圈,沙田 內圈,,,,,,助手,,倒快兩圈,H,內圈 倒快兩圈 (助手)
H405,22/09/2024,游水,沙田,,沙田,,,,,,,,游水,,
H405,22/09/2024,踱步,沙田,內圈,沙田 內圈,,,,,,助手,,快踱一圈,H,內圈 快踱一圈 (助手)
H405,21/09/2024,游水,沙田,,沙田,,,,,,,,游水,,
H405,21/09/2024,踱步,沙田,內圈,沙田 內圈,,,,,,助手,,快踱一圈,H,內圈 快踱一圈 (助手)
H405,20/09/2024,游水,沙田,,沙田,,,,,,,,游水,,
H405,20/09/2024,踱步,沙田,內圈,沙田 內圈,,,,,,助手,,快踱一圈,H,內圈 快踱一圈 (助手)
H405,19/09/2024,游水,沙田,,沙田,,,,,,,,游水,,
H405,18/09/2024,出賽,跑馬地,草地,跑馬地 草地,1000M,,,,,潘頓,2/12,出賽,H/TT,1000M (潘頓) (2/12)
H405,18/09/2024,踱步,沙田,內圈,沙田 內圈,,,,,,助手,,快踱一圈,H,內圈 快踱一圈 (助手)
H405,17/09/2024,踱步,沙田,內圈,沙田 內圈,,,,,,助手,,快踱一圈,H,內圈 快踱一圈 (助手)
H405,16/09/2024,踱步,沙田,內圈,沙田 內圈,,,,,,助手,,倒快兩圈,H,內圈 倒快兩圈 (助手)
H405,15/09/2024,踱步,沙田,內圈,沙田 內圈,,,,,,助手,,快踱一圈,H,內圈 快踱一圈 (助手)
H405,14/09/2024,踱步,沙田,內圈,沙田 內圈,,,,,,助手,,快踱一圈,H,內圈 快踱一圈 (助手)
H405,13/09/2024,踱步,沙田,內圈,沙田 內圈,,,,,,助手,,快踱一圈,H,內圈 快踱一圈 (助手)
H405,12/09/2024,踱步,沙田,內圈,沙田 內圈,,,,,,助手,,倒快兩圈,H,內圈 倒快兩圈 (助手)
H405,11/09/2024,踱步,沙田,內圈,沙田 內圈,,,,,,助手,,快踱一圈,H,內圈 快踱一圈 (助手)
H405,10/09/2024,踱步,沙田,內圈,沙田 內圈,,,,,,助手,,快踱一圈,H,內圈 快踱一圈 (助手)
H405,08/09/2024,出賽,沙田,草地,沙田 草地,1000M,,,,,鍾易禮,8/12,出賽,H/TT,1000M (鍾易禮) (8/12)
H405,08/09/2024,踱步,沙田,內圈,沙田 內圈,,,,,,助手,,快踱一圈,H,內圈 快踱一圈 (助手)
H405,07/09/2024,踱步,沙田,內圈,沙田 內圈,,,,,,助手,,快踱一圈,H,內圈 快踱一圈 (助手)
H405,05/09/2024,快操,沙田,全天候,沙田 全天候,,56.4,56.4,30.5 25.9,,助手,,快操,H,30.5 25.9 (56.4) (助手)
H405,05/09/2024,踱步,沙田,飛機場,沙田 飛機場,,,,,,助手,,踱步,H,飛機場 踱步 (助手)
H405,04/09/2024,踱步,沙田,內圈,沙田 內圈,,,,,,助手,,快踱一圈,,內圈 快踱一圈 (助手)
H405,03/09/2024,踱步,沙田,內圈,沙田 內圈,,,,,,助手,,快踱一圈,H,內圈 快踱一圈 (助手)
H405,02/09/2024,踱步,沙田,內圈,沙田 內圈,,,,,,助手,,倒快兩圈,H,內圈 倒快兩圈 (助手)
H405,01/09/2024,快操,沙田,全天候,沙田 全天候,,56.4,56.4,29.7 26.7,,助手,,快操,H,29.7 26.7 (56.4) (助手)
H405,01/09/2024,踱步,沙田,飛機場,沙田 飛機場,,,,,,助手,,踱步,H,飛機場 踱步 (助手)
H405,31/08/2024,踱步,沙田,內圈,沙田 內圈,,,,,,助手,,快踱一圈,H,內圈 快踱一圈 (助手)
H405,30/08/2024,踱步,沙田,內圈,沙田 內圈,,,,,,助手,,快踱一圈,H,內圈 快踱一圈 (助手)
H405,29/08/2024,踱步,沙田,內圈,沙田 內圈,,,,,,助手,,倒快兩圈,H,內圈 倒快兩圈 (助手)
H405,28/08/2024,踱步,沙田,內圈,沙田 內圈,,,,,,助手,,快踱一圈,H,內圈 快踱一圈 (助手)
H405,27/08/2024,試閘,沙田,全天候,沙田 全天候,1050M,1.01.21,61.21,16.2 22.4 22.6,勝萬金,鍾易禮,,第4組,H,第4組 (鍾易禮) 1050M 勝萬金 16.2 22.4 22.6 (1.01.21)
H405,26/08/2024,踱步,沙田,內圈,沙田 內圈,,,,,,助手,,倒快兩圈,H,內圈 倒快兩圈 (助手)
H405,25/08/2024,踱步,沙田,內圈,沙田 內圈,,,,,,助手,,快踱一圈,H,內圈 快踱一圈 (助手)
H405,24/08/2024,快操,沙田,全天候,沙田 全天候,,56.5,56.5,30.2 26.3,,助手,,快操,H,30.2 26.3 (56.5) (助手)
H405,24/08/2024,踱步,沙田,飛機場,沙田 飛機場,,,,,,助手,,踱步,H,飛機場 踱步 (助手)
H405,23/08/2024,踱步,沙田,內圈,沙田 內圈,,,,,,助手,,快踱一圈,H,內圈 快踱一圈 (助手)
H405,22/08/2024,踱步,沙田,內圈,沙田 內圈,,,,,,助手,,倒快兩圈,H,內圈 倒快兩圈 (助手)
H405,21/08/2024,快操,沙田,全天候,沙田 全天候,,56.8,56.8,30.1 26.7,,助手,,快操,H,30.1 26.7 (56.8) (助手)
H405,21/08/2024,踱步,沙田,飛機場,沙田 飛機場,,,,,,助手,,踱步,H,飛機場 踱步 (助手)
H405,20/08/2024,踱步,沙田,內圈,沙田 內圈,,,,,,助手,,快踱一圈,H,內圈 快踱一圈 (助手)
H405,19/08/2024,踱步,沙田,內圈,沙田 內圈,,,,,,助手,,快踱兩圈,H,內圈 快踱兩圈 (助手)
H405,18/08/2024,踱步,沙田,內圈,沙田 內圈,,,,,,助手,,快踱一圈,H,內圈 快踱一圈 (助手)
H405,17/08/2024,快操,沙田,全天候,沙田 全天候,,57.7,57.7,31.0 26.7,,助手,,快操,H,31.0 26.7 (57.7) (助手)
H405,17/08/2024,踱步,沙田,飛機場,沙田 飛機場,,,,,,助手,,踱步,H,飛機場 踱步 (助手)
H405,16/08/2024,踱步,沙田,內圈,沙田 內圈,,,,,,助手,,快踱一圈,H,內圈 快踱一圈 (助手)
H405,15/08/2024,踱步,沙田,內圈,沙田 內圈,,,,,,助手,,倒快兩圈,H,內圈 倒快兩圈 (助手)
H405,14/08/2024,快操,沙田,全天候,沙田 全天候,,58.6,58.6,31.0 27.6,,助手,,快操,H,31.0 27.6 (58.6) (助手)
H405,14/08/2024,踱步,沙田,飛機場,沙田 飛機場,,,,,,助手,,踱步,H,飛機場 踱步 (助手)
H405,13/08/2024,踱步,沙田,內圈,沙田 內圈,,,,,,助手,,快踱一圈,H,內圈 快踱一圈 (助手)
H405,12/08/2024,踱步,沙田,內圈,沙田 內圈,,,,,,助手,,倒快兩圈,H,內圈 倒快兩圈 (助手)
H405,11/08/2024,踱步,沙田,內圈,沙田 內圈,,,,,,助手,,快踱一圈,H,內圈 快踱一圈 (助手)
H405,10/08/2024,踱步,沙田,內圈,沙田 內圈,,,,,,助手,,快踱一圈,H,內圈 快踱一圈 (助手)
H405,09/08/2024,踱步,沙田,內圈,沙田 內圈,,,,,,助手,,快踱一圈,H,內圈 快踱一圈 (助手)
H405,08/08/2024,踱步,沙田,內圈,沙田 內圈,,,,,,助手,,倒快兩圈,H,內圈 倒快兩圈 (助手)
H405,07/08/2024,踱步,沙田,內圈,沙田 內圈,,,,,,助手,,快踱一圈,H,內圈 快踱一圈 (助手)
H405,06/08/2024,踱步,沙田,內圈,沙田 內圈,,,,,,助手,,快踱一圈,H,內圈 快踱一圈 (助手)
H405,05/08/2024,踱步,沙田,內圈,沙田 內圈,,,,,,助手,,倒快兩圈,H,內圈 倒快兩圈 (助手)
H405,04/08/2024,踱步,沙田,內圈,沙田 內圈,,,,,,助手,,快踱一圈,H,內圈 快踱一圈 (助手)
H405,03/08/2024,踱步,沙田,內圈,沙田 內圈,,,,,,助手,,快踱一圈,H,內圈 快踱一圈 (助手)
H405,02/08/2024,踱步,沙田,內圈,沙田 內圈,,,,,,助手,,快踱一圈,H,內圈 快踱一圈 (助手)
H405,01/08/2024,踱步,沙田,內圈,沙田 內圈,,,,,,助手,,快踱一圈,H,內圈 快踱一圈 (助手)
H405,04/07/2024,出賽,跑馬地,草地,跑馬地 草地,1000M,,,,,鍾易禮,7/12,出賽,H/TT,1000M (鍾易禮) (7/12)
H405,04/07/2024,踱步,沙田,內圈,沙田 內圈,,,,,,助手,,倒快兩圈,H,內圈 倒快兩圈 (助手)
H405,03/07/2024,踱步,沙田,內圈,沙田 內圈,,,,,,助手,,快踱一圈,H,內圈 快踱一圈 (助手)
H405,02/07/2024,踱步,沙田,內圈,沙田 內圈,,,,,,助手,,快踱一圈,H,內圈 快踱一圈 (助手)
H405,01/07/2024,快操,沙田,全天候,沙田 全天候,,54.8,54.8,29.8 25.0,,副練馬師,,東來欣賞,H,29.8 25.0 (54.8) (副練馬師) 東來欣賞
H405,01/07/2024,踱步,沙田,飛機場,沙田 飛機場,,,,,,副練馬師,,踱步,H,飛機場 踱步 (副練馬師)
H405,30/06/2024,踱步,沙田,內圈,沙田 內圈,,,,,,助手,,快踱一圈,H,內圈 快踱一圈 (助手)
H405,29/06/2024,踱步,沙田,內圈,沙田 內圈,,,,,,助手,,快踱一圈,H,內圈 快踱一圈 (助手)
H405,28/06/2024,踱步,沙田,內圈,沙田 內圈,,,,,,助手,,快踱一圈,H,內圈 快踱一圈 (助手)
H405,27/06/2024,快操,沙田,全天候,沙田 全天候,,56.1,56.1,29.6 26.5,,助手,,快操,H,29.6 26.5 (56.1) (助手)
H405,27/06/2024,踱步,沙田,飛機場,沙田 飛機場,,,,,,助手,,踱步,H,飛機場 踱步 (助手)
H405,26/06/2024,踱步,沙田,內圈,沙田 內圈,,,,,,助手,,快踱一圈,H,內圈 快踱一圈 (助手)
H405,25/06/2024,踱步,沙田,內圈,沙田 內圈,,,,,,助手,,快踱一圈,H,內圈 快踱一圈 (助手)
H405,24/06/2024,踱步,沙田,內圈,沙田 內圈,,,,,,助手,,倒快兩圈,H,內圈 倒快兩圈 (助手)
H405,23/06/2024,快操,沙田,全天候,沙田 全天候,,56.9,56.9,30.1 26.8,,助手,,快操,H,30.1 26.8 (56.9) (助手)
H405,23/06/2024,踱步,沙田,飛機場,沙田 飛機場,,,,,,助手,,踱步,H,飛機場 踱步 (助手)
H405,22/06/2024,踱步,沙田,內圈,沙田 內圈,,,,,,助手,,快踱一圈,H,內圈 快踱一圈 (助手)
H405,21/06/2024,踱步,沙田,內圈,沙田 內圈,,,,,,助手,,快踱一圈,H,內圈 快踱一圈 (助手)
H405,20/06/2024,踱步,沙田,內圈,沙田 內圈,,,,,,助手,,倒快兩圈,H,內圈 倒快兩圈 (助手)
H405,19/06/2024,快操,沙田,全天候,沙田 全天候,,57.2,57.2,30.7 26.5,,助手,,快操,H,30.7 26.5 (57.2) (助手)
H405,19/06/2024,踱步,沙田,飛機場,沙田 飛機場,,,,,,助手,,踱步,H,飛機場 踱步 (助手)
H405,18/06/2024,踱步,沙田,內圈,沙田 內圈,,,,,,助手,,快踱一圈,H,內圈 快踱一圈 (助手)
H405,17/06/2024,踱步,沙田,內圈,沙田 內圈,,,,,,助手,,倒快兩圈,H,內圈 倒快兩圈 (助手)
H405,16/06/2024,踱步,沙田,內圈,沙田 內圈,,,,,,助手,,快踱一圈,H,內圈 快踱一圈 (助手)
H405,15/06/2024,踱步,沙田,內圈,沙田 內圈,,,,,,助手,,快踱一圈,H,內圈 快踱一圈 (助手)
H405,14/06/2024,踱步,沙田,內圈,沙田 內圈,,,,,,助手,,快踱一圈,H,內圈 快踱一圈 (助手)
H405,12/06/2024,出賽,跑馬地,草地,跑馬地 草地,1000M,,,,,鍾易禮,6/12,出賽,H/TT,1000M (鍾易禮) (6/12)
H405,12/06/2024,踱步,沙田,內圈,沙田 內圈,,,,,,助手,,快踱一圈,H,內圈 快踱一圈 (助手)
H405,11/06/2024,踱步,沙田,內圈,沙田 內圈,,,,,,助手,,快踱一圈,H,內圈 快踱一圈 (助手)
H405,10/06/2024,踱步,沙田,內圈,沙田 內圈,,,,,,助手,,倒快一圈,H,內圈 倒快一圈 (助手)
H405,09/06/2024,快操,沙田,全天候,沙田 全天候,,55.9,55.9,31.1 24.8,,鍾易禮,,東來欣賞,H,31.1 24.8 (55.9) (鍾易禮) 東來欣賞
H405,09/06/2024,踱步,沙田,飛機場,沙田 飛機場,,,,,,鍾易禮,,踱步,H,飛機場 踱步 (鍾易禮)
H405,08/06/2024,踱步,沙田,內圈,沙田 內圈,,,,,,鍾易禮,,快踱一圈,H,內圈 快踱一圈 (鍾易禮)
H405,07/06/2024,踱步,沙田,內圈,沙田 內圈,,,,,,助手,,快踱一圈,H,內圈 快踱一圈 (助手)
H405,06/06/2024,踱步,沙田,內圈,沙田 內圈,,,,,,鍾易禮,,倒快兩圈,H,內圈 倒快兩圈 (鍾易禮)
H405,05/06/2024,快操,沙田,全天候,沙田 全天候,,56.1,56.1,30.3 25.8,,助手,,快操,H,30.3 25.8 (56.1) (助手)
H405,05/06/2024,踱步,沙田,飛機場,沙田 飛機場,,,,,,助手,,踱步,H,飛機場 踱步 (助手)
H405,04/06/2024,踱步,沙田,內圈,沙田 內圈,,,,,,助手,,快踱一圈,H,內圈 快踱一圈 (助手)
H405,03/06/2024,踱步,沙田,內圈,沙田 內圈,,,,,,鍾易禮,,倒快兩圈,H,內圈 倒快兩圈 (鍾易禮)
H405,02/06/2024,快操,沙田,全天候,沙田 全天候,,56.7,56.7,30.6 26.1,,鍾易禮,,快操,H,30.6 26.1 (56.7) (鍾易禮)
H405,02/06/2024,踱步,沙田,飛機場,沙田 飛機場,,,,,,鍾易禮,,踱步,H,飛機場 踱步 (鍾易禮)
H405,01/06/2024,踱步,沙田,內圈,沙田 內圈,,,,,,鍾易禮,,快踱一圈,H,內圈 快踱一圈 (鍾易禮)
H405,31/05/2024,踱步,沙田,內圈,沙田 內圈,,,,,,助手,,快踱一圈,H,內圈 快踱一圈 (助手)
H405,30/05/2024,快操,沙田,全天候,沙田 全天候,,56.5,56.5,29.6 26.9,,助手,,快操,H,29.6 26.9 (56.5) (助手)
H405,29/05/2024,踱步,沙田,內圈,沙田 內圈,,,,,,助手,,快踱一圈,H,內圈 快踱一圈 (助手)
H405,28/05/2024,踱步,沙田,內圈,沙田 內圈,,,,,,助手,,快踱一圈,H,內圈 快踱一圈 (助手)
H405,27/05/2024,踱步,沙田,內圈,沙田 內圈,,,,,,助手,,倒快兩圈,H,內圈 倒快兩圈 (助手)
H405,26/05/2024,踱步,沙田,內圈,沙田 內圈,,,,,,助手,,快踱一圈,H,內圈 快踱一圈 (助手)
H405,25/05/2024,踱步,沙田,內圈,沙田 內圈,,,,,,助手,,快踱一圈,H,內圈 快踱一圈 (助手)
H405,24/05/2024,踱步,沙田,內圈,沙田 內圈,,,,,,助手,,快踱一圈,H,內圈 快踱一圈 (助手)
H405,23/05/2024,踱步,沙田,內圈,沙田 內圈,,,,,,助手,,倒快兩圈,H,內圈 倒快兩圈 (助手)
H405,22/05/2024,踱步,沙田,內圈,沙田 內圈,,,,,,助手,,快踱一圈,H,內圈 快踱一圈 (助手)
H405,21/05/2024,試閘,沙田,全天候,沙田 全天候,1050M,1.03.18,63.18,16.2 22.1 24.8,勝萬金,鍾易禮,,第5組,H,第5組 (鍾易禮) 1050M 勝萬金 16.2 22.1 24.8 (1.03.18)
H405,20/05/2024,踱步,沙田,內圈,沙田 內圈,,,,,,助手,,倒快兩圈,H,內圈 倒快兩圈 (助手)
H405,19/05/2024,踱步,沙田,內圈,沙田 內圈,,,,,,助手,,快踱一圈,H,內圈 快踱一圈 (助手)
H405,18/05/2024,快操,沙田,全天候,沙田 全天候,,56.6,56.6,29.7 26.9,,鍾易禮,,快操,H,29.7 26.9 (56.6) (鍾易禮)
H405,18/05/2024,踱步,沙田,飛機場,沙田 飛機場,,,,,,鍾易禮,,踱步,H,飛機場 踱步 (鍾易禮)
H405,17/05/2024,踱步,沙田,內圈,沙田 內圈,,,,,,助手,,快踱一圈,H,內圈 快踱一圈 (助手)
H405,16/05/2024,踱步,沙田,內圈,沙田 內圈,,,,,,助手,,倒快兩圈,H,內圈 倒快兩圈 (助手)
H405,15/05/2024,快操,沙田,全天候,沙田 全天候,,56.7,56.7,30.3 26.4,,助手,,快操,H,30.3 26.4 (56.7) (助手)
H405,15/05/2024,踱步,沙田,飛機場,沙田 飛機場,,,,,,助手,,踱步,H,飛機場 踱步 (助手)
H405,14/05/2024,踱步,沙田,內圈,沙田 內圈,,,,,,助手,,快踱一圈,H,內圈 快踱一圈 (助手)
H405,13/05/2024,踱步,沙田,內圈,沙田 內圈,,,,,,助手,,倒快兩圈,H,內圈 倒快兩圈 (助手)
H405,12/05/2024,踱步,沙田,內圈,沙田 內圈,,,,,,助手,,快踱一圈,H,內圈 快踱一圈 (助手)
H405,11/05/2024,踱步,沙田,內圈,沙田 內圈,,,,,,鍾易禮,,快踱一圈,H,內圈 快踱一圈 (鍾易禮)
H405,10/05/2024,踱步,沙田,內圈,沙田 內圈,,,,,,助手,,快踱一圈,H,內圈 快踱一圈 (助手)
H405,09/05/2024,踱步,沙田,內圈,沙田 內圈,,,,,,助手,,倒快兩圈,H,內圈 倒快兩圈 (助手)
H405,08/05/2024,踱步,沙田,內圈,沙田 內圈,,,,,,助手,,快踱一圈,H,內圈 快踱一圈 (助手)
H405,07/05/2024,試閘,沙田,全天候,沙田 全天候,1050M,1.00.73,60.73,16.0 21.5 23.2,錶之多多,鍾易禮,,第8組,H,第8組 (鍾易禮) 1050M 錶之多多 16.0 21.5 23.2 (1.00.73)
H405,06/05/2024,踱步,沙田,內圈,沙田 內圈,,,,,,助手,,倒快兩圈,H,內圈 倒快兩圈 (助手)
H405,05/05/2024,踱步,沙田,內圈,沙田 內圈,,,,,,鍾易禮,,快踱一圈,H,內圈 快踱一圈 (鍾易禮)
H405,04/05/2024,快操,沙田,全天候,沙田 全天候,,57.3,57.3,30.2 27.1,,鍾易禮,,快操,H,30.2 27.1 (57.3) (鍾易禮)
H405,04/05/2024,踱步,沙田,飛機場,沙田 飛機場,,,,,,鍾易禮,,踱步,H,飛機場 踱步 (鍾易禮)
H405,03/05/2024,踱步,沙田,內圈,沙田 內圈,,,,,,助手,,快踱一圈,H,內圈 快踱一圈 (助手)
H405,02/05/2024,踱步,沙田,內圈,沙田 內圈,,,,,,助手,,倒快兩圈,H,內圈 倒快兩圈 (助手)
H405,01/05/2024,快操,沙田,全天候,沙田 全天候,,57.3,57.3,30.4 26.9,,助手,,快操,H,30.4 26.9 (57.3) (助手)
H405,01/05/2024,踱步,沙田,飛機場,沙田 飛機場,,,,,,助手,,踱步,H,飛機場 踱步 (助手)
H405,30/04/2024,踱步,沙田,內圈,沙田 內圈,,,,,,鍾易禮,,快踱一圈,H,內圈 快踱一圈 (鍾易禮)
H405,29/04/2024,踱步,沙田,內圈,沙田 內圈,,,,,,助手,,倒快兩圈,H,內圈 倒快兩圈 (助手)
H405,28/04/2024,踱步,沙田,內圈,沙田 內圈,,,,,,助手,,快踱一圈,H,內圈 快踱一圈 (助手)
H405,27/04/2024,快操,沙田,全天候,沙田 全天候,,58.2,58.2,30.0 28.2,,助手,,快操,H,30.0 28.2 (58.2) (助手)
H405,26/04/2024,踱步,沙田,內圈,沙田 內圈,,,,,,助手,,快踱一圈,H,內圈 快踱一圈 (助手)
H405,25/04/2024,踱步,沙田,內圈,沙田 內圈,,,,,,助手,,倒快兩圈,H,內圈 倒快兩圈 (助手)
H405,24/04/2024,快操,沙田,全天候,沙田 全天候,,56.5,56.5,28.9 27.6,,助手,,快操,H,28.9 27.6 (56.5) (助手)
H405,24/04/2024,踱步,沙田,飛機場,沙田 飛機場,,,,,,助手,,踱步,H,飛機場 踱步 (助手)
H405,23/04/2024,踱步,沙田,內圈,沙田 內圈,,,,,,助手,,快踱一圈,H,內圈 快踱一圈 (助手)
H405,22/04/2024,踱步,沙田,內圈,沙田 內圈,,,,,,助手,,倒快兩圈,H,內圈 倒快兩圈 (助手)
H405,21/04/2024,踱步,沙田,內圈,沙田 內圈,,,,,,助手,,快踱一圈,H,內圈 快踱一圈 (助手)
H405,20/04/2024,踱步,沙田,內圈,沙田 內圈,,,,,,助手,,快踱一圈,H,內圈 快踱一圈 (助手)
H405,19/04/2024,踱步,沙田,內圈,沙田 內圈,,,,,,助手,,快踱一圈,H,內圈 快踱一圈 (助手)
H405,17/04/2024,出賽,跑馬地,草地,跑馬地 草地,1200M,,,,,鍾易禮,10/12,出賽,H/TT,1200M (鍾易禮) (10/12)
H405,17/04/2024,踱步,沙田,內圈,沙田 內圈,,,,,,助手,,快踱一圈,H,內圈 快踱一圈 (助手)
H405,16/04/2024,踱步,沙田,內圈,沙田 內圈,,,,,,助手,,快踱一圈,H,內圈 快踱一圈 (助手)
H405,15/04/2024,踱步,沙田,內圈,沙田 內圈,,,,,,助手,,倒快兩圈,H,內圈 倒快兩圈 (助手)
H405,14/04/2024,快操,沙田,全天候,沙田 全天候,,57.5,57.5,30.6 26.9,,助手,,快操,H,30.6 26.9 (57.5) (助手)
H405,14/04/2024,踱步,沙田,飛機場,沙田 飛機場,,,,,,助手,,踱步,H,飛機場 踱步 (助手)
H405,13/04/2024,踱步,沙田,內圈,沙田 內圈,,,,,,助手,,快踱一圈,H,內圈 快踱一圈 (助手)
H405,12/04/2024,踱步,沙田,內圈,沙田 內圈,,,,,,助手,,快踱一圈,H,內圈 快踱一圈 (助手)
H405,11/04/2024,踱步,沙田,內圈,沙田 內圈,,,,,,助手,,倒快兩圈,H,內圈 倒快兩圈 (助手)
H405,10/04/2024,快操,沙田,全天候,沙田 全天候,,56.6,56.6,30.6 26.0,,鍾易禮,,快操,H,30.6 26.0 (56.6) (鍾易禮)
H405,10/04/2024,踱步,沙田,飛機場,沙田 飛機場,,,,,,鍾易禮,,踱步,H,飛機場 踱步 (鍾易禮)
H405,09/04/2024,踱步,沙田,內圈,沙田 內圈,,,,,,助手,,快踱一圈,H,內圈 快踱一圈 (助手)
H405,08/04/2024,踱步,沙田,內圈,沙田 內圈,,,,,,助手,,倒快兩圈,H,內圈 倒快兩圈 (助手)
H405,07/04/2024,踱步,沙田,內圈,沙田 內圈,,,,,,助手,,快踱一圈,H,內圈 快踱一圈 (助手)
H405,06/04/2024,踱步,沙田,內圈,沙田 內圈,,,,,,助手,,快踱一圈,H,內圈 快踱一圈 (助手)
H405,05/04/2024,踱步,沙田,內圈,沙田 內圈,,,,,,助手,,快踱一圈,H,內圈 快踱一圈 (助手)
H405,04/04/2024,踱步,沙田,內圈,沙田 內圈,,,,,,鍾易禮,,倒快兩圈,H,內圈 倒快兩圈 (鍾易禮)
H405,03/04/2024,踱步,沙田,內圈,沙田 內圈,,,,,,助手,,快踱一圈,H,內圈 快踱一圈 (助手)
H405,02/04/2024,踱步,沙田,內圈,沙田 內圈,,,,,,助手,,快踱一圈,H,內圈 快踱一圈 (助手)
H405,31/03/2024,出賽,沙田,草地,沙田 草地,1000M,,,,,鍾易禮,5/14,出賽,H/TT,1000M (鍾易禮) (5/14)
H405,31/03/2024,踱步,沙田,內圈,沙田 內圈,,,,,,助手,,快踱一圈,H,內圈 快踱一圈 (助手)
H405,30/03/2024,踱步,沙田,內圈,沙田 內圈,,,,,,助手,,快踱一圈,H,內圈 快踱一圈 (助手)
H405,29/03/2024,踱步,沙田,內圈,沙田 內圈,,,,,,助手,,快踱一圈,H,內圈 快踱一圈 (助手)
H405,28/03/2024,快操,沙田,全天候,沙田 全天候,,56.1,56.1,29.8 26.3,,鍾易禮,,快操,H,29.8 26.3 (56.1) (鍾易禮)
H405,28/03/2024,踱步,沙田,飛機場,沙田 飛機場,,,,,,鍾易禮,,踱步,H,飛機場 踱步 (鍾易禮)
H405,27/03/2024,踱步,沙田,內圈,沙田 內圈,,,,,,助手,,快踱一圈,H,內圈 快踱一圈 (助手)
H405,26/03/2024,踱步,沙田,內圈,沙田 內圈,,,,,,助手,,快踱一圈,H,內圈 快踱一圈 (助手)
H405,25/03/2024,踱步,沙田,內圈,沙田 內圈,,,,,,助手,,倒快兩圈,H,內圈 倒快兩圈 (助手)
H405,24/03/2024,快操,沙田,全天候,沙田 全天候,,56.2,56.2,29.5 26.7,,鍾易禮,,快操,H,29.5 26.7 (56.2) (鍾易禮)
H405,24/03/2024,踱步,沙田,飛機場,沙田 飛機場,,,,,,鍾易禮,,踱步,H,飛機場 踱步 (鍾易禮)
H405,23/03/2024,踱步,沙田,內圈,沙田 內圈,,,,,,鍾易禮,,快踱一圈,H,內圈 快踱一圈 (鍾易禮)
H405,22/03/2024,踱步,沙田,內圈,沙田 內圈,,,,,,鍾易禮,,快踱一圈,H,內圈 快踱一圈 (鍾易禮)
H405,21/03/2024,快操,沙田,全天候,沙田 全天候,,56.7,56.7,31.1 25.6,,助手,,快操,H,31.1 25.6 (56.7) (助手)
H405,21/03/2024,踱步,沙田,飛機場,沙田 飛機場,,,,,,助手,,踱步,H,飛機場 踱步 (助手)
H405,20/03/2024,踱步,沙田,內圈,沙田 內圈,,,,,,鍾易禮,,快踱一圈,H,內圈 快踱一圈 (鍾易禮)
H405,19/03/2024,踱步,沙田,內圈,沙田 內圈,,,,,,助手,,快踱一圈,H,內圈 快踱一圈 (助手)
H405,18/03/2024,踱步,沙田,內圈,沙田 內圈,,,,,,助手,,倒快兩圈,H,內圈 倒快兩圈 (助手)
H405,17/03/2024,踱步,沙田,內圈,沙田 內圈,,,,,,助手,,快踱一圈,H,內圈 快踱一圈 (助手)
H405,16/03/2024,踱步,沙田,內圈,沙田 內圈,,,,,,助手,,快踱一圈,H,內圈 快踱一圈 (助手)
H405,15/03/2024,試閘,跑馬地,草地,跑馬地 草地,1200M,1.12.41,72.41,24.1 24.9 23.4,勝萬金,鍾易禮,,第5組,H,第5組 (鍾易禮) 1200M 勝萬金 24.1 24.9 23.4 (1.12.41)
H405,14/03/2024,踱步,沙田,內圈,沙田 內圈,,,,,,鍾易禮,,倒快兩圈,H,內圈 倒快兩圈 (鍾易禮)
H405,13/03/2024,踱步,沙田,內圈,沙田 內圈,,,,,,助手,,快踱一圈,H,內圈 快踱一圈 (助手)
H405,12/03/2024,快操,沙田,全天候,沙田 全天候,,55.9,55.9,29.6 26.3,,助手,,快操,H,29.6 26.3 (55.9) (助手)
H405,12/03/2024,踱步,沙田,飛機場,沙田 飛機場,,,,,,助手,,踱步,H,飛機場 踱步 (助手)
H405,11/03/2024,踱步,沙田,內圈,沙田 內圈,,,,,,鍾易禮,,倒快兩圈,H,內圈 倒快兩圈 (鍾易禮)
H405,10/03/2024,踱步,沙田,內圈,沙田 內圈,,,,,,助手,,快踱一圈,H,內圈 快踱一圈 (助手)
H405,09/03/2024,踱步,沙田,內圈,沙田 內圈,,,,,,副練馬師,,快踱一圈,H,內圈 快踱一圈 (副練馬師)
H405,08/03/2024,踱步,沙田,內圈,沙田 內圈,,,,,,副練馬師,,快踱一圈,H,內圈 快踱一圈 (副練馬師)
H405,07/03/2024,快操,沙田,全天候,沙田 全天候,,56.0,56.0,29.0 27.0,,助手,,快操,H,29.0 27.0 (56.0) (助手)
H405,07/03/2024,踱步,沙田,飛機場,沙田 飛機場,,,,,,助手,,踱步,H,飛機場 踱步 (助手)
H405,06/03/2024,踱步,沙田,內圈,沙田 內圈,,,,,,助手,,快踱一圈,H,內圈 快踱一圈 (助手)
H405,05/03/2024,踱步,沙田,內圈,沙田 內圈,,,,,,助手,,快踱一圈,H,內圈 快踱一圈 (助手)
H405,04/03/2024,踱步,沙田,內圈,沙田 內圈,,,,,,助手,,倒快兩圈,H,內圈 倒快兩圈 (助手)
H405,03/03/2024,游水,沙田,,沙田,,,,,,,,游水,,
H405,03/03/2024,踱步,沙田,內圈,沙田 內圈,,,,,,鍾易禮,,快踱一圈,H,內圈 快踱一圈 (鍾易禮)
H405,02/03/2024,游水,沙田,,沙田,,,,,,,,游水,,
H405,02/03/2024,踱步,沙田,內圈,沙田 內圈,,,,,,助手,,快踱一圈,H,內圈 快踱一圈 (助手)
H405,01/03/2024,游水,沙田,,沙田,,,,,,,,游水,,
H405,01/03/2024,踱步,沙田,內圈,沙田 內圈,,,,,,助手,,快踱一圈,H,內圈 快踱一圈 (助手)
H405,28/02/2024,出賽,跑馬地,草地,跑馬地 草地,1000M,,,,,鍾易禮,11/12,出賽,H/TT,1000M (鍾易禮) (11/12)
H405,28/02/2024,游水,沙田,,沙田,,,,,,,,游水,,
H405,28/02/2024,踱步,沙田,內圈,沙田 內圈,,,,,,副練馬師,,快踱一圈,H,內圈 快踱一圈 (副練馬師)
H405,27/02/2024,游水,沙田,,沙田,,,,,,,,游水,,
H405,27/02/2024,踱步,沙田,內圈,沙田 內圈,,,,,,助手,,快踱一圈,H,內圈 快踱一圈 (助手)
H405,26/02/2024,游水,沙田,,沙田,,,,,,,,游水,,
H405,26/02/2024,踱步,沙田,內圈,沙田 內圈,,,,,,助手,,倒快兩圈,H,內圈 倒快兩圈 (助手)
H405,25/02/2024,游水,沙田,,沙田,,,,,,,,游水,,
H405,25/02/2024,快操,沙田,全天候,沙田 全天候,,59.0,59.0,31.5 27.5,,助手,,快操,H,31.5 27.5 (59.0) (助手)
H405,25/02/2024,踱步,沙田,飛機場,沙田 飛機場,,,,,,助手,,踱步,H,飛機場 踱步 (助手)
H405,24/02/2024,游水,沙田,,沙田,,,,,,,,游水,,
H405,24/02/2024,踱步,沙田,內圈,沙田 內圈,,,,,,助手,,快踱一圈,H,內圈 快踱一圈 (助手)
H405,23/02/2024,游水,沙田,,沙田,,,,,,,,游水,,
H405,23/02/2024,踱步,沙田,內圈,沙田 內圈,,,,,,助手,,快踱一圈,H,內圈 快踱一圈 (助手)
H405,22/02/2024,游水,沙田,,沙田,,,,,,,,游水,,
H405,22/02/2024,踱步,沙田,內圈,沙田 內圈,,,,,,鍾易禮,,倒快兩圈,H,內圈 倒快兩圈 (鍾易禮)
H405,21/02/2024,游水,沙田,,沙田,,,,,,,,游水,,
H405,21/02/2024,快操,沙田,全天候,沙田 全天候,,57.1,57.1,30.3 26.8,,助手,,快操,H,30.3 26.8 (57.1) (助手)
H405,21/02/2024,踱步,沙田,飛機場,沙田 飛機場,,,,,,助手,,踱步,H,飛機場 踱步 (助手)
H405,20/02/2024,游水,沙田,,沙田,,,,,,,,游水,,
H405,20/02/2024,踱步,沙田,內圈,沙田 內圈,,,,,,助手,,快踱一圈,,內圈 快踱一圈 (助手)
H405,19/02/2024,游水,沙田,,沙田,,,,,,,,游水,,
H405,19/02/2024,踱步,沙田,內圈,沙田 內圈,,,,,,助手,,倒快兩圈,H,內圈 倒快兩圈 (助手)
H405,18/02/2024,踱步,沙田,內圈,沙田 內圈,,,,,,助手,,快踱一圈,H,內圈 快踱一圈 (助手)
H405,17/02/2024,踱步,沙田,內圈,沙田 內圈,,,,,,助手,,快踱一圈,H,內圈 快踱一圈 (助手)
H405,15/02/2024,出賽,跑馬地,草地,跑馬地 草地,1000M,,,,,鍾易禮,5/12,出賽,H1/TT,1000M (鍾易禮) (5/12)
H405,15/02/2024,踱步,沙田,內圈,沙田 內圈,,,,,,助手,,倒快一圈,H,內圈 倒快一圈 (助手)
H405,14/02/2024,踱步,沙田,內圈,沙田 內圈,,,,,,鍾易禮,,快踱一圈,H,內圈 快踱一圈 (鍾易禮)
H405,13/02/2024,踱步,沙田,內圈,沙田 內圈,,,,,,助手,,快踱一圈,H,內圈 快踱一圈 (助手)
H405,12/02/2024,快操,沙田,全天候,沙田 全天候,,56.6,56.6,30.8 25.8,,鍾易禮,,快操,H,30.8 25.8 (56.6) (鍾易禮)
H405,12/02/2024,踱步,沙田,飛機場,沙田 飛機場,,,,,,鍾易禮,,踱步,H,飛機場 踱步 (鍾易禮)
H405,11/02/2024,踱步,沙田,內圈,沙田 內圈,,,,,,助手,,快踱一圈,H,內圈 快踱一圈 (助手)
H405,09/02/2024,踱步,沙田,內圈,沙田 內圈,,,,,,助手,,快踱一圈,H,內圈 快踱一圈 (助手)
H405,08/02/2024,踱步,沙田,內圈,沙田 內圈,,,,,,鍾易禮,,倒快兩圈,H,內圈 倒快兩圈 (鍾易禮)
H405,07/02/2024,踱步,沙田,內圈,沙田 內圈,,,,,,鍾易禮,,快踱一圈,H,內圈 快踱一圈 (鍾易禮)
H405,06/02/2024,試閘,沙田,草地,沙田 草地,1000M,0.58.64,58.64,13.8 21.1 23.7,勝萬金,鍾易禮,,第2組,H,第2組 (鍾易禮) 1000M 勝萬金 13.8 21.1 23.7 (0.58.64)
H405,05/02/2024,踱步,沙田,內圈,沙田 內圈,,,,,,助手,,倒快兩圈,H,內圈 倒快兩圈 (助手)
H405,04/02/2024,踱步,沙田,內圈,沙田 內圈,,,,,,助手,,快踱一圈,H,內圈 快踱一圈 (助手)
H405,03/02/2024,快操,沙田,全天候,沙田 全天候,,57.2,57.2,30.8 26.4,,助手,,快操,H,30.8 26.4 (57.2) (助手)
H405,03/02/2024,踱步,沙田,飛機場,沙田 飛機場,,,,,,助手,,踱步,H,飛機場 踱步 (助手)
H405,02/02/2024,踱步,沙田,內圈,沙田 內圈,,,,,,助手,,快踱一圈,H,內圈 快踱一圈 (助手)
H405,01/02/2024,踱步,沙田,內圈,沙田 內圈,,,,,,助手,,倒快兩圈,H,內圈 倒快兩圈 (助手)
H405,31/01/2024,快操,沙田,全天候,沙田 全天候,,58.3,58.3,31.0 27.3,,助手,,快操,H,31.0 27.3 (58.3) (助手)
H405,30/01/2024,踱步,沙田,內圈,沙田 內圈,,,,,,助手,,快踱一圈,H,內圈 快踱一圈 (助手)
H405,29/01/2024,踱步,沙田,內圈,沙田 內圈,,,,,,副練馬師,,倒快兩圈,H,內圈 倒快兩圈 (副練馬師)
H405,28/01/2024,快操,沙田,全天候,沙田 全天候,,59.5,59.5,30.9 28.6,,助手,,快操,H,30.9 28.6 (59.5) (助手)
H405,28/01/2024,踱步,沙田,飛機場,沙田 飛機場,,,,,,助手,,踱步,H,飛機場 踱步 (助手)
H405,27/01/2024,踱步,沙田,內圈,沙田 內圈,,,,,,助手,,快踱一圈,H,內圈 快踱一圈 (助手)
H405,26/01/2024,踱步,沙田,內圈,沙田 內圈,,,,,,助手,,快踱一圈,H,內圈 快踱一圈 (助手)
H405,25/01/2024,快操,沙田,全天候,沙田 全天候,,59.8,59.8,31.8 28.0,,助手,,快操,H,31.8 28.0 (59.8) (助手)
H405,25/01/2024,踱步,沙田,飛機場,沙田 飛機場,,,,,,助手,,踱步,H,飛機場 踱步 (助手)
H405,24/01/2024,游水,沙田,,沙田,,,,,,,,游水,,
H405,24/01/2024,踱步,沙田,內圈,沙田 內圈,,,,,,鍾易禮,,快踱一圈,H,內圈 快踱一圈 (鍾易禮)
H405,23/01/2024,踱步,沙田,內圈,沙田 內圈,,,,,,鍾易禮,,快踱一圈,H,內圈 快踱一圈 (鍾易禮)
H405,22/01/2024,踱步,沙田,內圈,沙田 內圈,,,,,,鍾易禮,,倒快兩圈,H,內圈 倒快兩圈 (鍾易禮)
H405,21/01/2024,踱步,沙田,內圈,沙田 內圈,,,,,,助手,,快踱一圈,H,內圈 快踱一圈 (助手)
H405,20/01/2024,踱步,沙田,內圈,沙田 內圈,,,,,,助手,,快踱一圈,HP,內圈 快踱一圈 (助手)
H405,19/01/2024,踱步,沙田,內圈,沙田 內圈,,,,,,助手,,快踱一圈,H,內圈 快踱一圈 (助手)
H405,18/01/2024,試閘,沙田,全天候,沙田 全天候,1050M,1.00.12,60.12,15.9 21.7 22.5,欣樂人生,鍾易禮,,第4組,H,第4組 (鍾易禮) 1050M 欣樂人生 15.9 21.7 22.5 (1.00.12)
H405,17/01/2024,踱步,沙田,內圈,沙田 內圈,,,,,,助手,,快踱一圈,H,內圈 快踱一圈 (助手)
H405,16/01/2024,踱步,沙田,內圈,沙田 內圈,,,,,,助手,,快踱一圈,H,內圈 快踱一圈 (助手)
H405,15/01/2024,快操,沙田,全天候,沙田 全天候,,56.9,56.9,30.0 26.9,,助手,,快操,H,30.0 26.9 (56.9) (助手)
H405,15/01/2024,踱步,沙田,飛機場,沙田 飛機場,,,,,,助手,,踱步,H,飛機場 踱步 (助手)
H405,14/01/2024,踱步,沙田,內圈,沙田 內圈,,,,,,助手,,快踱一圈,H,內圈 快踱一圈 (助手)
H405,13/01/2024,踱步,沙田,內圈,沙田 內圈,,,,,,助手,,快踱一圈,H,內圈 快踱一圈 (助手)
H405,12/01/2024,踱步,沙田,內圈,沙田 內圈,,,,,,助手,,快踱一圈,H,內圈 快踱一圈 (助手)
H405,11/01/2024,快操,沙田,草閘,沙田 草閘,,53.0,53.0,24.5 28.5,,鍾易禮,,華美之威,H,24.5 28.5 (53.0) (鍾易禮) 華美之威
H405,11/01/2024,踱步,沙田,飛機場,沙田 飛機場,,,,,,鍾易禮,,踱步,H,飛機場 踱步 (鍾易禮)
H405,10/01/2024,踱步,沙田,內圈,沙田 內圈,,,,,,助手,,快踱一圈,H,內圈 快踱一圈 (助手)
H405,09/01/2024,踱步,沙田,內圈,沙田 內圈,,,,,,助手,,快踱一圈,H,內圈 快踱一圈 (助手)
H405,08/01/2024,踱步,沙田,內圈,沙田 內圈,,,,,,助手,,倒快兩圈,H,內圈 倒快兩圈 (助手)
H405,07/01/2024,快操,沙田,全天候,沙田 全天候,,58.2,58.2,30.8 27.4,,助手,,快操,H,30.8 27.4 (58.2) (助手)
H405,06/01/2024,踱步,沙田,內圈,沙田 內圈,,,,,,鍾易禮,,快踱一圈,H,內圈 快踱一圈 (鍾易禮)
H405,05/01/2024,踱步,沙田,內圈,沙田 內圈,,,,,,助手,,快踱一圈,H,內圈 快踱一圈 (助手)
H405,04/01/2024,踱步,沙田,內圈,沙田 內圈,,,,,,助手,,倒快兩圈,H,內圈 倒快兩圈 (助手)
H405,03/01/2024,快操,沙田,全天候,沙田 全天候,,57.2,57.2,30.2 27.0,,鍾易禮,,快操,H,30.2 27.0 (57.2) (鍾易禮)
H405,03/01/2024,踱步,沙田,飛機場,沙田 飛機場,,,,,,鍾易禮,,踱步,H,飛機場 踱步 (鍾易禮)
H405,02/01/2024,踱步,沙田,內圈,沙田 內圈,,,,,,助手,,快踱一圈,H,內圈 快踱一圈 (助手)
H405,01/01/2024,踱步,沙田,內圈,沙田 內圈,,,,,,助手,,倒快兩圈,H,內圈 倒快兩圈 (助手)
H405,31/12/2023,踱步,沙田,內圈,沙田 內圈,,,,,,助手,,快踱一圈,H,內圈 快踱一圈 (助手)
H405,30/12/2023,快操,沙田,全天候,沙田 全天候,,56.1,56.1,30.3 25.8,,助手,,快操,H,30.3 25.8 (56.1) (助手)
H405,30/12/2023,踱步,沙田,飛機場,沙田 飛機場,,,,,,助手,,踱步,H,飛機場 踱步 (助手)
H405,29/12/2023,踱步,沙田,內圈,沙田 內圈,,,,,,助手,,快踱一圈,H,內圈 快踱一圈 (助手)
H405,28/12/2023,踱步,沙田,內圈,沙田 內圈,,,,,,助手,,倒快兩圈,H,內圈 倒快兩圈 (助手)
H405,27/12/2023,快操,沙田,全天候,沙田 全天候,,57.2,57.2,30.2 27.0,,助手,,快操,H,30.2 27.0 (57.2) (助手)
H405,27/12/2023,踱步,沙田,飛機場,沙田 飛機場,,,,,,助手,,踱步,H,飛機場 踱步 (助手)
H405,26/12/2023,踱步,沙田,內圈,沙田 內圈,,,,,,助手,,快踱一圈,H,內圈 快踱一圈 (助手)
H405,25/12/2023,游水,沙田,,沙田,,,,,,,,游水,,
H405,25/12/2023,踱步,沙田,內圈,沙田 內圈,,,,,,助手,,倒快一圈,H,內圈 倒快一圈 (助手)
H405,24/12/2023,游水,沙田,,沙田,,,,,,,,游水,,
H405,24/12/2023,踱步,沙田,內圈,沙田 內圈,,,,,,助手,,快踱一圈,,內圈 快踱一圈 (助手)
H405,23/12/2023,快操,沙田,全天候,沙田 全天候,,57.4,57.4,31.2 26.2,,助手,,快操,H,31.2 26.2 (57.4) (助手)
H405,23/12/2023,踱步,沙田,飛機場,沙田 飛機場,,,,,,助手,,踱步,H,飛機場 踱步 (助手)
H405,22/12/2023,游水,沙田,,沙田,,,,,,,,游水,,
H405,21/12/2023,游水,沙田,,沙田,,,,,,,,游水,,
H405,21/12/2023,踱步,沙田,內圈,沙田 內圈,,,,,,助手,,倒快兩圈,,內圈 倒快兩圈 (助手)
H405,20/12/2023,游水,沙田,,沙田,,,,,,,,游水,,
H405,20/12/2023,快操,沙田,全天候,沙田 全天候,,57.7,57.7,30.5 27.2,,助手,,快操,,30.5 27.2 (57.7) (助手)
H405,20/12/2023,踱步,沙田,飛機場,沙田 飛機場,,,,,,助手,,踱步,,飛機場 踱步 (助手)
H405,19/12/2023,游水,沙田,,沙田,,,,,,,,游水,,
H405,19/12/2023,踱步,沙田,內圈,沙田 內圈,,,,,,助手,,快踱一圈,,內圈 快踱一圈 (助手)
H405,18/12/2023,游水,沙田,,沙田,,,,,,,,游水,,
H405,18/12/2023,踱步,沙田,內圈,沙田 內圈,,,,,,助手,,倒快兩圈,,內圈 倒快兩圈 (助手)
H405,17/12/2023,踱步,沙田,內圈,沙田 內圈,,,,,,助手,,快踱一圈,,內圈 快踱一圈 (助手)
H405,16/12/2023,游水,沙田,,沙田,,,,,,,,游水,,
H405,16/12/2023,踱步,沙田,內圈,沙田 內圈,,,,,,助手,,快踱一圈,,內圈 快踱一圈 (助手)
H405,15/12/2023,游水,沙田,,沙田,,,,,,,,游水,,
H405,15/12/2023,踱步,沙田,內圈,沙田 內圈,,,,,,助手,,快踱一圈,,內圈 快踱一圈 (助手)
H405,14/12/2023,游水,沙田,,沙田,,,,,,,,游水,,
H405,14/12/2023,踱步,沙田,內圈,沙田 內圈,,,,,,鍾易禮,,倒快兩圈,,內圈 倒快兩圈 (鍾易禮)
H405,13/12/2023,游水,沙田,,沙田,,,,,,,,游水,,
H405,13/12/2023,踱步,沙田,內圈,沙田 內圈,,,,,,助手,,快踱一圈,,內圈 快踱一圈 (助手)
H405,12/12/2023,踱步,沙田,內圈,沙田 內圈,,,,,,助手,,快踱一圈,,內圈 快踱一圈 (助手)
H405,11/12/2023,踱步,沙田,內圈,沙田 內圈,,,,,,助手,,倒快兩圈,,內圈 倒快兩圈 (助手)
H405,17/11/2023,游水,沙田,,沙田,,,,,,,,游水,,
H405,17/11/2023,踱步,沙田,內圈,沙田 內圈,,,,,,助手,,快踱一圈,,內圈 快踱一圈 (助手)
H405,16/11/2023,快操,沙田,全天候,沙田 全天候,,56.7,56.7,30.7 26.0,,助手,,快操,,30.7 26.0 (56.7) (助手)
H405,16/11/2023,踱步,沙田,飛機場,沙田 飛機場,,,,,,助手,,踱步,,飛機場 踱步 (助手)
H405,15/11/2023,踱步,沙田,內圈,沙田 內圈,,,,,,鍾易禮,,快踱一圈,,內圈 快踱一圈 (鍾易禮)
H405,14/11/2023,踱步,沙田,內圈,沙田 內圈,,,,,,助手,,快踱一圈,,內圈 快踱一圈 (助手)
H405,13/11/2023,踱步,沙田,內圈,沙田 內圈,,,,,,鍾易禮,,倒快兩圈,,內圈 倒快兩圈 (鍾易禮)
H405,12/11/2023,快操,沙田,全天候,沙田 全天候,,57.6,57.6,31.6 26.0,,助手,,快操,,31.6 26.0 (57.6) (助手)
H405,12/11/2023,踱步,沙田,飛機場,沙田 飛機場,,,,,,助手,,踱步,,飛機場 踱步 (助手)
H405,11/11/2023,踱步,沙田,內圈,沙田 內圈,,,,,,鍾易禮,,快踱一圈,,內圈 快踱一圈 (鍾易禮)
H405,10/11/2023,踱步,沙田,內圈,沙田 內圈,,,,,,助手,,快踱一圈,,內圈 快踱一圈 (助手)
H405,09/11/2023,踱步,沙田,內圈,沙田 內圈,,,,,,鍾易禮,,倒快兩圈,,內圈 倒快兩圈 (鍾易禮)
H405,08/11/2023,踱步,沙田,內圈,沙田 內圈,,,,,,鍾易禮,,快踱一圈,,內圈 快踱一圈 (鍾易禮)
H405,07/11/2023,踱步,沙田,內圈,沙田 內圈,,,,,,助手,,快踱一圈,,內圈 快踱一圈 (助手)
H405,05/11/2023,出賽,沙田,草地,沙田 草地,1000M,,,,,鍾易禮,5/14,出賽,TT1,1000M (鍾易禮) (5/14)
H405,05/11/2023,游水,沙田,,沙田,,,,,,,,游水,,
H405,05/11/2023,踱步,沙田,內圈,沙田 內圈,,,,,,鍾易禮,,快踱一圈,,內圈 快踱一圈 (鍾易禮)
H405,04/11/2023,游水,沙田,,沙田,,,,,,,,游水,,
H405,04/11/2023,踱步,沙田,內圈,沙田 內圈,,,,,,助手,,快踱一圈,,內圈 快踱一圈 (助手)
H405,03/11/2023,游水,沙田,,沙田,,,,,,,,游水,,
H405,03/11/2023,踱步,沙田,內圈,沙田 內圈,,,,,,助手,,快踱一圈,,內圈 快踱一圈 (助手)
H405,02/11/2023,游水,沙田,,沙田,,,,,,,,游水,,
H405,02/11/2023,快操,沙田,全天候,沙田 全天候,,55.8,55.8,29.7 26.1,,助手,,快操,,29.7 26.1 (55.8) (助手)
H405,02/11/2023,踱步,沙田,飛機場,沙田 飛機場,,,,,,助手,,踱步,,飛機場 踱步 (助手)
H405,01/11/2023,游水,沙田,,沙田,,,,,,,,游水,,
H405,01/11/2023,踱步,沙田,內圈,沙田 內圈,,,,,,鍾易禮,,快踱一圈,,內圈 快踱一圈 (鍾易禮)
H405,31/10/2023,游水,沙田,,沙田,,,,,,,,游水,,
H405,31/10/2023,踱步,沙田,內圈,沙田 內圈,,,,,,助手,,快踱一圈,,內圈 快踱一圈 (助手)
H405,30/10/2023,游水,沙田,,沙田,,,,,,,,游水,,
H405,30/10/2023,踱步,沙田,內圈,沙田 內圈,,,,,,助手,,倒快兩圈,,內圈 倒快兩圈 (助手)
H405,29/10/2023,游水,沙田,,沙田,,,,,,,,游水,,
H405,29/10/2023,快操,沙田,全天候,沙田 全天候,,57.6,57.6,30.7 26.9,,助手,,快操,,30.7 26.9 (57.6) (助手)
H405,29/10/2023,踱步,沙田,飛機場,沙田 飛機場,,,,,,助手,,踱步,,飛機場 踱步 (助手)
H405,28/10/2023,游水,沙田,,沙田,,,,,,,,游水,,
H405,28/10/2023,踱步,沙田,內圈,沙田 內圈,,,,,,助手,,快踱一圈,,內圈 快踱一圈 (助手)
H405,27/10/2023,游水,沙田,,沙田,,,,,,,,游水,,
H405,27/10/2023,踱步,沙田,內圈,沙田 內圈,,,,,,鍾易禮,,快踱一圈,,內圈 快踱一圈 (鍾易禮)
H405,26/10/2023,游水,沙田,,沙田,,,,,,,,游水,,
H405,26/10/2023,快操,沙田,全天候,沙田 全天候,,56.3,56.3,30.3 26.0,,副練馬師,,快操,,30.3 26.0 (56.3) (副練馬師)
H405,26/10/2023,踱步,沙田,飛機場,沙田 飛機場,,,,,,副練馬師,,踱步,,飛機場 踱步 (副練馬師)
H405,25/10/2023,游水,沙田,,沙田,,,,,,,,游水,,
H405,25/10/2023,踱步,沙田,內圈,沙田 內圈,,,,,,鍾易禮,,快踱一圈,,內圈 快踱一圈 (鍾易禮)
H405,24/10/2023,游水,沙田,,沙田,,,,,,,,游水,,
H405,24/10/2023,踱步,沙田,內圈,沙田 內圈,,,,,,鍾易禮,,快踱一圈,,內圈 快踱一圈 (鍾易禮)
H405,23/10/2023,游水,沙田,,沙田,,,,,,,,游水,,
H405,23/10/2023,踱步,沙田,內圈,沙田 內圈,,,,,,鍾易禮,,倒快兩圈,,內圈 倒快兩圈 (鍾易禮)
H405,22/10/2023,游水,沙田,,沙田,,,,,,,,游水,,
H405,22/10/2023,踱步,沙田,內圈,沙田 內圈,,,,,,助手,,快踱一圈,,內圈 快踱一圈 (助手)
H405,21/10/2023,游水,沙田,,沙田,,,,,,,,游水,,
H405,21/10/2023,快操,沙田,全天候,沙田 全天候,,57.0,57.0,29.5 27.5,,鍾易禮,,快操,,29.5 27.5 (57.0) (鍾易禮)
H405,21/10/2023,踱步,沙田,飛機場,沙田 飛機場,,,,,,鍾易禮,,踱步,,飛機場 踱步 (鍾易禮)
H405,20/10/2023,游水,沙田,,沙田,,,,,,,,游水,,
H405,20/10/2023,踱步,沙田,內圈,沙田 內圈,,,,,,助手,,快踱一圈,,內圈 快踱一圈 (助手)
H405,19/10/2023,游水,沙田,,沙田,,,,,,,,游水,,
H405,19/10/2023,踱步,沙田,內圈,沙田 內圈,,,,,,助手,,倒快兩圈,,內圈 倒快兩圈 (助手)
H405,18/10/2023,游水,沙田,,沙田,,,,,,,,游水,,
H405,18/10/2023,踱步,沙田,內圈,沙田 內圈,,,,,,助手,,快踱一圈,,內圈 快踱一圈 (助手)
H405,17/10/2023,游水,沙田,,沙田,,,,,,,,游水,,
H405,17/10/2023,踱步,沙田,內圈,沙田 內圈,,,,,,助手,,快踱一圈,,內圈 快踱一圈 (助手)
H405,16/10/2023,游水,沙田,,沙田,,,,,,,,游水,,
H405,16/10/2023,踱步,沙田,內圈,沙田 內圈,,,,,,助手,,倒快兩圈,,內圈 倒快兩圈 (助手)
H405,15/10/2023,游水,沙田,,沙田,,,,,,,,游水,,
H405,15/10/2023,踱步,沙田,內圈,沙田 內圈,,,,,,助手,,快踱一圈,,內圈 快踱一圈 (助手)
H405,14/10/2023,游水,沙田,,沙田,,,,,,,,游水,,
H405,14/10/2023,踱步,沙田,內圈,沙田 內圈,,,,,,助手,,快踱一圈,,內圈 快踱一圈 (助手)
H405,13/10/2023,游水,沙田,,沙田,,,,,,,,游水,,
H405,13/10/2023,踱步,沙田,內圈,沙田 內圈,,,,,,助手,,快踱一圈,,內圈 快踱一圈 (助手)
H405,12/10/2023,試閘,沙田,全天候,沙田 全天候,1050M,1.01.35,61.35,15.6 21.9 23.8,勝萬金,鍾易禮,,第7組,,第7組 (鍾易禮) 1050M 勝萬金 15.6 21.9 23.8 (1.01.35)
H405,12/10/2023,游水,沙田,,沙田,,,,,,,,游水,,
H405,11/10/2023,游水,沙田,,沙田,,,,,,,,游水,,
H405,11/10/2023,踱步,沙田,內圈,沙田 內圈,,,,,,助手,,快踱一圈,,內圈 快踱一圈 (助手)
H405,10/10/2023,游水,沙田,,沙田,,,,,,,,游水,,
H405,10/10/2023,踱步,沙田,內圈,沙田 內圈,,,,,,助手,,快踱一圈,,內圈 快踱一圈 (助手)
H405,09/10/2023,游水,沙田,,沙田,,,,,,,,游水,,
H405,08/10/2023,游水,沙田,,沙田,,,,,,,,游水,,
H405,07/10/2023,游水,沙田,,沙田,,,,,,,,游水,,
H405,07/10/2023,快操,沙田,全天候,沙田 全天候,,56.7,56.7,29.1 27.6,,助手,,快操,,29.1 27.6 (56.7) (助手)
H405,07/10/2023,踱步,沙田,飛機場,沙田 飛機場,,,,,,助手,,踱步,,飛機場 踱步 (助手)
H405,06/10/2023,游水,沙田,,沙田,,,,,,,,游水,,
H405,06/10/2023,踱步,沙田,內圈,沙田 內圈,,,,,,鍾易禮,,快踱一圈,,內圈 快踱一圈 (鍾易禮)
H405,05/10/2023,游水,沙田,,沙田,,,,,,,,游水,,
H405,05/10/2023,踱步,沙田,內圈,沙田 內圈,,,,,,助手,,倒快兩圈,,內圈 倒快兩圈 (助手)
H405,04/10/2023,游水,沙田,,沙田,,,,,,,,游水,,
H405,04/10/2023,快操,沙田,全天候,沙田 全天候,,56.5,56.5,30.0 26.5,,助手,,快操,,30.0 26.5 (56.5) (助手)
H405,04/10/2023,踱步,沙田,飛機場,沙田 飛機場,,,,,,助手,,踱步,,飛機場 踱步 (助手)
H405,03/10/2023,游水,沙田,,沙田,,,,,,,,游水,,
H405,03/10/2023,踱步,沙田,內圈,沙田 內圈,,,,,,助手,,快踱一圈,,內圈 快踱一圈 (助手)
H405,02/10/2023,游水,沙田,,沙田,,,,,,,,游水,,
H405,02/10/2023,踱步,沙田,內圈,沙田 內圈,,,,,,助手,,倒快兩圈,,內圈 倒快兩圈 (助手)
H405,01/10/2023,游水,沙田,,沙田,,,,,,,,游水,,
H405,01/10/2023,踱步,沙田,內圈,沙田 內圈,,,,,,助手,,快踱一圈,,內圈 快踱一圈 (助手)
H405,30/09/2023,游水,沙田,,沙田,,,,,,,,游水,,
H405,30/09/2023,踱步,沙田,內圈,沙田 內圈,,,,,,助手,,快踱一圈,,內圈 快踱一圈 (助手)
H405,29/09/2023,游水,沙田,,沙田,,,,,,,,游水,,
H405,29/09/2023,踱步,沙田,內圈,沙田 內圈,,,,,,助手,,快踱一圈,,內圈 快踱一圈 (助手)
H405,28/09/2023,游水,沙田,,沙田,,,,,,,,游水,,
H405,28/09/2023,踱步,沙田,內圈,沙田 內圈,,,,,,助手,,倒快兩圈,,內圈 倒快兩圈 (助手)
H405,27/09/2023,游水,沙田,,沙田,,,,,,,,游水,,
H405,27/09/2023,踱步,沙田,內圈,沙田 內圈,,,,,,助手,,快踱一圈,,內圈 快踱一圈 (助手)
H405,26/09/2023,試閘,沙田,草地,沙田 草地,1000M,0.58.98,58.98,14.0 21.7 23.2,勝萬金,鍾易禮,,第5組,,第5組 (鍾易禮) 1000M 勝萬金 14.0 21.7 23.2 (0.58.98)
H405,26/09/2023,游水,沙田,,沙田,,,,,,,,游水,,
H405,25/09/2023,游水,沙田,,沙田,,,,,,,,游水,,
H405,25/09/2023,踱步,沙田,內圈,沙田 內圈,,,,,,助手,,倒快兩圈,,內圈 倒快兩圈 (助手)
H405,24/09/2023,游水,沙田,,沙田,,,,,,,,游水,,
H405,24/09/2023,踱步,沙田,內圈,沙田 內圈,,,,,,助手,,快踱一圈,,內圈 快踱一圈 (助手)
H405,23/09/2023,游水,沙田,,沙田,,,,,,,,游水,,
H405,23/09/2023,快操,沙田,全天候,沙田 全天候,,54.1,54.1,28.0 26.1,,助手,,快操,,28.0 26.1 (54.1) (助手)
H405,23/09/2023,踱步,沙田,飛機場,沙田 飛機場,,,,,,助手,,踱步,,飛機場 踱步 (助手)
H405,22/09/2023,游水,沙田,,沙田,,,,,,,,游水,,
H405,22/09/2023,踱步,沙田,內圈,沙田 內圈,,,,,,鍾易禮,,快踱一圈,,內圈 快踱一圈 (鍾易禮)
H405,21/09/2023,游水,沙田,,沙田,,,,,,,,游水,,
H405,21/09/2023,踱步,沙田,內圈,沙田 內圈,,,,,,鍾易禮,,倒快兩圈,,內圈 倒快兩圈 (鍾易禮)
H405,20/09/2023,游水,沙田,,沙田,,,,,,,,游水,,
H405,20/09/2023,踱步,沙田,內圈,沙田 內圈,,,,,,助手,,快踱一圈,,內圈 快踱一圈 (助手)
H405,19/09/2023,游水,沙田,,沙田,,,,,,,,游水,,
H405,19/09/2023,踱步,沙田,內圈,沙田 內圈,,,,,,助手,,快踱一圈,,內圈 快踱一圈 (助手)
H405,18/09/2023,游水,沙田,,沙田,,,,,,,,游水,,
H405,18/09/2023,踱步,沙田,內圈,沙田 內圈,,,,,,助手,,倒快兩圈,,內圈 倒快兩圈 (助手)
H405,17/09/2023,游水,沙田,,沙田,,,,,,,,游水,,
H405,17/09/2023,踱步,沙田,內圈,沙田 內圈,,,,,,助手,,快踱一圈,,內圈 快踱一圈 (助手)
H405,16/09/2023,游水,沙田,,沙田,,,,,,,,游水,,
H405,16/09/2023,踱步,沙田,內圈,沙田 內圈,,,,,,助手,,快踱一圈,,內圈 快踱一圈 (助手)
H405,15/09/2023,試閘,沙田,全天候,沙田 全天候,1050M,1.01.76,61.76,16.0 22.3 23.4,錶之銀河,鍾易禮,,第5組,,第5組 (鍾易禮) 1050M 錶之銀河 16.0 22.3 23.4 (1.01.76)
H405,15/09/2023,游水,沙田,,沙田,,,,,,,,游水,,
H405,14/09/2023,游水,沙田,,沙田,,,,,,,,游水,,
H405,14/09/2023,踱步,沙田,內圈,沙田 內圈,,,,,,助手,,倒快兩圈,,內圈 倒快兩圈 (助手)
H405,13/09/2023,游水,沙田,,沙田,,,,,,,,游水,,
H405,13/09/2023,踱步,沙田,內圈,沙田 內圈,,,,,,鍾易禮,,快踱一圈,,內圈 快踱一圈 (鍾易禮)
H405,12/09/2023,游水,沙田,,沙田,,,,,,,,游水,,
H405,12/09/2023,快操,沙田,全天候,沙田 全天候,,56.6,56.6,30.5 26.1,,助手,,快操,,30.5 26.1 (56.6) (助手)
H405,12/09/2023,踱步,沙田,飛機場,沙田 飛機場,,,,,,助手,,踱步,,飛機場 踱步 (助手)
H405,11/09/2023,游水,沙田,,沙田,,,,,,,,游水,,
H405,11/09/2023,踱步,沙田,內圈,沙田 內圈,,,,,,助手,,倒快兩圈,,內圈 倒快兩圈 (助手)
H405,10/09/2023,游水,沙田,,沙田,,,,,,,,游水,,
H405,10/09/2023,踱步,沙田,內圈,沙田 內圈,,,,,,助手,,快踱一圈,,內圈 快踱一圈 (助手)
H405,09/09/2023,游水,沙田,,沙田,,,,,,,,游水,,
H405,09/09/2023,快操,沙田,全天候,沙田 全天候,,56.4,56.4,30.4 26.0,,助手,,快操,,30.4 26.0 (56.4) (助手)
H405,09/09/2023,踱步,沙田,飛機場,沙田 飛機場,,,,,,助手,,踱步,,飛機場 踱步 (助手)
H405,07/09/2023,游水,沙田,,沙田,,,,,,,,游水,,
H405,06/09/2023,游水,沙田,,沙田,,,,,,,,游水,,
H405,06/09/2023,快操,沙田,全天候,沙田 全天候,,56.0,56.0,29.8 26.2,,助手,,快操,,29.8 26.2 (56.0) (助手)
H405,06/09/2023,踱步,沙田,飛機場,沙田 飛機場,,,,,,助手,,踱步,,飛機場 踱步 (助手)
H405,05/09/2023,游水,沙田,,沙田,,,,,,,,游水,,
H405,05/09/2023,踱步,沙田,內圈,沙田 內圈,,,,,,助手,,快踱一圈,,內圈 快踱一圈 (助手)
H405,04/09/2023,游水,沙田,,沙田,,,,,,,,游水,,
H405,04/09/2023,踱步,沙田,內圈,沙田 內圈,,,,,,助手,,倒快兩圈,H,內圈 倒快兩圈 (助手)
H405,03/09/2023,游水,沙田,,沙田,,,,,,,,游水,,
H405,03/09/2023,踱步,沙田,內圈,沙田 內圈,,,,,,助手,,快踱一圈,,內圈 快踱一圈 (助手)
H405,31/08/2023,游水,沙田,,沙田,,,,,,,,游水,,
H405,31/08/2023,踱步,沙田,內圈,沙田 內圈,,,,,,助手,,倒快兩圈,,內圈 倒快兩圈 (助手)
H405,30/08/2023,游水,沙田,,沙田,,,,,,,,游水,,
H405,30/08/2023,踱步,沙田,內圈,沙田 內圈,,,,,,助手,,快踱一圈,,內圈 快踱一圈 (助手)
H405,29/08/2023,游水,沙田,,沙田,,,,,,,,游水,,
H405,29/08/2023,踱步,沙田,內圈,沙田 內圈,,,,,,助手,,快踱一圈,,內圈 快踱一圈 (助手)
H405,28/08/2023,游水,沙田,,沙田,,,,,,,,游水,,
H405,28/08/2023,快操,沙田,草閘,沙田 草閘,,49.5,49.5,23.2 26.3,,鍾易禮,,會展二號,,23.2 26.3 (49.5) (鍾易禮) 會展二號
H405,28/08/2023,踱步,沙田,內圈,沙田 內圈,,,,,,鍾易禮,,倒快兩圈,,內圈 倒快兩圈 (鍾易禮)
H405,27/08/2023,游水,沙田,,沙田,,,,,,,,游水,,
H405,27/08/2023,踱步,沙田,內圈,沙田 內圈,,,,,,助手,,快踱一圈,,內圈 快踱一圈 (助手)
H405,26/08/2023,游水,沙田,,沙田,,,,,,,,游水,,
H405,26/08/2023,快操,沙田,全天候,沙田 全天候,,56.7,56.7,30.7 26.0,,助手,,快操,,30.7 26.0 (56.7) (助手)
H405,26/08/2023,踱步,沙田,飛機場,沙田 飛機場,,,,,,助手,,踱步,,飛機場 踱步 (助手)
H405,25/08/2023,游水,沙田,,沙田,,,,,,,,游水,,
H405,25/08/2023,踱步,沙田,內圈,沙田 內圈,,,,,,助手,,快踱一圈,,內圈 快踱一圈 (助手)
H405,24/08/2023,游水,沙田,,沙田,,,,,,,,游水,,
H405,24/08/2023,踱步,沙田,內圈,沙田 內圈,,,,,,鍾易禮,,倒快兩圈,,內圈 倒快兩圈 (鍾易禮)
H405,23/08/2023,踱步,從化,內圈,從化 內圈,,,,,,助手,,快踱一圈,,內圈 快踱一圈 (助手)
H405,22/08/2023,游水,從化,,從化,,,,,,,,游水,,
H405,22/08/2023,快操,從化,全天候,從化 全天候,,56.6,56.6,30.2 26.4,,助手,,快操,,30.2 26.4 (56.6) (助手)
H405,22/08/2023,踱步,從化,飛機場,從化 飛機場,,,,,,助手,,踱步,,飛機場 踱步 (助手)
H405,21/08/2023,游水,從化,,從化,,,,,,,,游水,,
H405,21/08/2023,踱步,從化,內圈,從化 內圈,,,,,,助手,,倒快兩圈,H,內圈 倒快兩圈 (助手)
H405,20/08/2023,游水,從化,,從化,,,,,,,,游水,,
H405,20/08/2023,踱步,從化,內圈,從化 內圈,,,,,,助手,,快踱一圈,,內圈 快踱一圈 (助手)
H405,19/08/2023,游水,從化,,從化,,,,,,,,游水,,
H405,19/08/2023,踱步,從化,內圈,從化 內圈,,,,,,助手,,快踱一圈,,內圈 快踱一圈 (助手)
H405,18/08/2023,游水,從化,,從化,,,,,,,,游水,,
H405,18/08/2023,快操,從化,全天候,從化 全天候,,56.9,56.9,30.0 26.9,,助手,,快操,,30.0 26.9 (56.9) (助手)
H405,18/08/2023,踱步,從化,飛機場,從化 飛機場,,,,,,助手,,踱步,,飛機場 踱步 (助手)
H405,17/08/2023,游水,從化,,從化,,,,,,,,游水,,
H405,17/08/2023,踱步,從化,內圈,從化 內圈,,,,,,助手,,倒快兩圈,,內圈 倒快兩圈 (助手)
H405,16/08/2023,游水,從化,,從化,,,,,,,,游水,,
H405,16/08/2023,踱步,從化,內圈,從化 內圈,,,,,,助手,,快踱一圈,,內圈 快踱一圈 (助手)
H405,15/08/2023,游水,從化,,從化,,,,,,,,游水,,
H405,15/08/2023,快操,從化,全天候,從化 全天候,,56.7,56.7,30.1 26.6,,助手,,快操,,30.1 26.6 (56.7) (助手)
H405,15/08/2023,踱步,從化,飛機場,從化 飛機場,,,,,,助手,,踱步,,飛機場 踱步 (助手)
H405,14/08/2023,游水,從化,,從化,,,,,,,,游水,,
H405,14/08/2023,踱步,從化,內圈,從化 內圈,,,,,,助手,,倒快兩圈,,內圈 倒快兩圈 (助手)
H405,13/08/2023,游水,從化,,從化,,,,,,,,游水,,
H405,13/08/2023,踱步,從化,內圈,從化 內圈,,,,,,助手,,快踱一圈,,內圈 快踱一圈 (助手)
H405,12/08/2023,游水,從化,,從化,,,,,,,,游水,,
H405,12/08/2023,踱步,從化,內圈,從化 內圈,,,,,,助手,,快踱一圈,,內圈 快踱一圈 (助手)
H405,11/08/2023,游水,從化,,從化,,,,,,,,游水,,
H405,11/08/2023,快操,從化,全天候,從化 全天候,,57.4,57.4,30.8 26.6,,助手,,快操,,30.8 26.6 (57.4) (助手)
H405,11/08/2023,踱步,從化,飛機場,從化 飛機場,,,,,,助手,,踱步,,飛機場 踱步 (助手)
H405,10/08/2023,游水,從化,,從化,,,,,,,,游水,,
H405,10/08/2023,踱步,從化,內圈,從化 內圈,,,,,,助手,,倒快兩圈,,內圈 倒快兩圈 (助手)
H405,09/08/2023,游水,從化,,從化,,,,,,,,游水,,
H405,09/08/2023,踱步,從化,內圈,從化 內圈,,,,,,助手,,快踱一圈,,內圈 快踱一圈 (助手)
H405,08/08/2023,游水,從化,,從化,,,,,,,,游水,,
H405,08/08/2023,快操,從化,全天候,從化 全天候,,56.0,56.0,29.7 26.3,,助手,,快操,,29.7 26.3 (56.0) (助手)
H405,08/08/2023,踱步,從化,飛機場,從化 飛機場,,,,,,助手,,踱步,,飛機場 踱步 (助手)
H405,07/08/2023,游水,從化,,從化,,,,,,,,游水,,
H405,07/08/2023,踱步,從化,內圈,從化 內圈,,,,,,助手,,倒快兩圈,,內圈 倒快兩圈 (助手)
H405,06/08/2023,游水,從化,,從化,,,,,,,,游水,,
H405,06/08/2023,踱步,從化,內圈,從化 內圈,,,,,,助手,,快踱一圈,,內圈 快踱一圈 (助手)
H405,05/08/2023,游水,從化,,從化,,,,,,,,游水,,
H405,05/08/2023,踱步,從化,內圈,從化 內圈,,,,,,助手,,快踱一圈,,內圈 快踱一圈 (助手)
H405,04/08/2023,游水,從化,,從化,,,,,,,,游水,,
H405,04/08/2023,快操,從化,全天候,從化 全天候,,56.5,56.5,29.6 26.9,,助手,,快操,,29.6 26.9 (56.5) (助手)
H405,04/08/2023,踱步,從化,飛機場,從化 飛機場,,,,,,助手,,踱步,,飛機場 踱步 (助手)
H405,03/08/2023,游水,從化,,從化,,,,,,,,游水,,
H405,03/08/2023,踱步,從化,內圈,從化 內圈,,,,,,助手,,倒快兩圈,H,內圈 倒快兩圈 (助手)
H405,02/08/2023,游水,從化,,從化,,,,,,,,游水,,
H405,02/08/2023,踱步,從化,內圈,從化 內圈,,,,,,助手,,快踱一圈,,內圈 快踱一圈 (助手)
H405,01/08/2023,游水,從化,,從化,,,,,,,,游水,,
H405,01/08/2023,踱步,從化,內圈,從化 內圈,,,,,,助手,,快踱一圈,,內圈 快踱一圈 (助手)
H405,31/07/2023,游水,從化,,從化,,,,,,,,游水,,
H405,31/07/2023,踱步,從化,內圈,從化 內圈,,,,,,助手,,倒快兩圈,,內圈 倒快兩圈 (助手)
H405,30/07/2023,踱步,從化,內圈,從化 內圈,,,,,,助手,,快踱一圈,,內圈 快踱一圈 (助手)
H405,29/07/2023,踱步,從化,內圈,從化 內圈,,,,,,助手,,快踱一圈,,內圈 快踱一圈 (助手)
H405,28/07/2023,踱步,從化,內圈,從化 內圈,,,,,,助手,,快踱一圈,,內圈 快踱一圈 (助手)
H405,27/07/2023,踱步,從化,內圈,從化 內圈,,,,,,助手,,倒快兩圈,,內圈 倒快兩圈 (助手)
H405,26/07/2023,踱步,從化,內圈,從化 內圈,,,,,,助手,,快踱一圈,,內圈 快踱一圈 (助手)
H405,25/07/2023,踱步,從化,內圈,從化 內圈,,,,,,助手,,快踱一圈,,內圈 快踱一圈 (助手)
H405,24/07/2023,踱步,從化,內圈,從化 內圈,,,,,,助手,,快踱一圈,,內圈 快踱一圈 (助手)
H405,14/07/2023,游水,從化,,從化,,,,,,,,游水,,
H405,14/07/2023,踱步,從化,內圈,從化 內圈,,,,,,助手,,快踱一圈,,內圈 快踱一圈 (助手)
H405,13/07/2023,游水,從化,,從化,,,,,,,,游水,,
H405,13/07/2023,踱步,從化,內圈,從化 內圈,,,,,,助手,,倒快兩圈,,內圈 倒快兩圈 (助手)
H405,12/07/2023,游水,從化,,從化,,,,,,,,游水,,
H405,12/07/2023,快操,從化,全天候,從化 全天候,,58.6,58.6,30.9 27.7,,助手,,快操,,30.9 27.7 (58.6) (助手)
H405,12/07/2023,踱步,從化,飛機場,從化 飛機場,,,,,,助手,,踱步,,飛機場 踱步 (助手)
H405,11/07/2023,踱步,沙田,外圈,沙田 外圈,,,,,,助手,,快踱一圈,,外圈 快踱一圈 (助手)
H405,10/07/2023,游水,沙田,,沙田,,,,,,,,游水,,
H405,10/07/2023,踱步,沙田,外圈,沙田 外圈,,,,,,鍾易禮,,快踱一圈,,外圈 快踱一圈 (鍾易禮)
H405,09/07/2023,游水,沙田,,沙田,,,,,,,,游水,,
H405,09/07/2023,踱步,沙田,外圈,沙田 外圈,,,,,,助手,,快踱一圈,,外圈 快踱一圈 (助手)
H405,08/07/2023,游水,沙田,,沙田,,,,,,,,游水,,
H405,08/07/2023,快操,沙田,全天候,沙田 全天候,,56.5,56.5,29.9 26.6,,助手,,快操,,29.9 26.6 (56.5) (助手)
H405,08/07/2023,踱步,沙田,飛機場,沙田 飛機場,,,,,,助手,,踱步,,飛機場 踱步 (助手)
H405,07/07/2023,游水,沙田,,沙田,,,,,,,,游水,,
H405,07/07/2023,踱步,沙田,外圈,沙田 外圈,,,,,,助手,,快踱一圈,,外圈 快踱一圈 (助手)
H405,06/07/2023,游水,沙田,,沙田,,,,,,,,游水,,
H405,06/07/2023,踱步,沙田,外圈,沙田 外圈,,,,,,助手,,快踱一圈,,外圈 快踱一圈 (助手)
H405,05/07/2023,游水,沙田,,沙田,,,,,,,,游水,,
H405,05/07/2023,快操,沙田,全天候,沙田 全天候,,57.6,57.6,31.2 26.4,,助手,,快操,,31.2 26.4 (57.6) (助手)
H405,05/07/2023,踱步,沙田,飛機場,沙田 飛機場,,,,,,助手,,踱步,,飛機場 踱步 (助手)
H405,04/07/2023,游水,沙田,,沙田,,,,,,,,游水,,
H405,04/07/2023,踱步,沙田,外圈,沙田 外圈,,,,,,助手,,快踱一圈,,外圈 快踱一圈 (助手)
H405,03/07/2023,游水,沙田,,沙田,,,,,,,,游水,,
H405,03/07/2023,踱步,沙田,外圈,沙田 外圈,,,,,,助手,,快踱一圈,,外圈 快踱一圈 (助手)
H405,02/07/2023,游水,沙田,,沙田,,,,,,,,游水,,
H405,02/07/2023,踱步,沙田,外圈,沙田 外圈,,,,,,助手,,快踱一圈,,外圈 快踱一圈 (助手)
H405,01/07/2023,游水,沙田,,沙田,,,,,,,,游水,,
H405,01/07/2023,快操,沙田,全天候,沙田 全天候,,56.3,56.3,30.0 26.3,,助手,,快操,,30.0 26.3 (56.3) (助手)
H405,01/07/2023,踱步,沙田,飛機場,沙田 飛機場,,,,,,助手,,踱步,,飛機場 踱步 (助手)
H405,30/06/2023,游水,沙田,,沙田,,,,,,,,游水,,
H405,30/06/2023,踱步,沙田,外圈,沙田 外圈,,,,,,助手,,快踱一圈,,外圈 快踱一圈 (助手)
H405,29/06/2023,游水,沙田,,沙田,,,,,,,,游水,,
H405,29/06/2023,踱步,沙田,外圈,沙田 外圈,,,,,,助手,,快踱一圈,,外圈 快踱一圈 (助手)
H405,28/06/2023,游水,沙田,,沙田,,,,,,,,游水,,
H405,28/06/2023,快操,沙田,全天候,沙田 全天候,,56.3,56.3,29.4 26.9,,助手,,快操,,29.4 26.9 (56.3) (助手)
H405,28/06/2023,踱步,沙田,飛機場,沙田 飛機場,,,,,,助手,,踱步,,飛機場 踱步 (助手)
H405,27/06/2023,游水,沙田,,沙田,,,,,,,,游水,,
H405,27/06/2023,踱步,沙田,外圈,沙田 外圈,,,,,,助手,,快踱一圈,,外圈 快踱一圈 (助手)
H405,26/06/2023,游水,沙田,,沙田,,,,,,,,游水,,
H405,26/06/2023,踱步,沙田,內圈,沙田 內圈,,,,,,助手,,倒快兩圈,,內圈 倒快兩圈 (助手)
H405,25/06/2023,游水,沙田,,沙田,,,,,,,,游水,,
H405,25/06/2023,快操,沙田,全天候,沙田 全天候,,57.3,57.3,30.4 26.9,,助手,,快操,,30.4 26.9 (57.3) (助手)
H405,25/06/2023,踱步,沙田,飛機場,沙田 飛機場,,,,,,助手,,踱步,,飛機場 踱步 (助手)
H405,24/06/2023,游水,沙田,,沙田,,,,,,,,游水,,
H405,24/06/2023,踱步,沙田,內圈,沙田 內圈,,,,,,助手,,快踱一圈,,內圈 快踱一圈 (助手)
H405,23/06/2023,游水,沙田,,沙田,,,,,,,,游水,,
H405,23/06/2023,踱步,沙田,內圈,沙田 內圈,,,,,,助手,,快踱一圈,,內圈 快踱一圈 (助手)
H405,22/06/2023,游水,沙田,,沙田,,,,,,,,游水,,
H405,21/06/2023,游水,沙田,,沙田,,,,,,,,游水,,
H405,21/06/2023,快操,沙田,全天候,沙田 全天候,,56.8,56.8,30.7 26.1,,助手,,快操,,30.7 26.1 (56.8) (助手)
H405,21/06/2023,踱步,沙田,飛機場,沙田 飛機場,,,,,,助手,,踱步,,飛機場 踱步 (助手)
H405,20/06/2023,游水,沙田,,沙田,,,,,,,,游水,,
H405,20/06/2023,踱步,沙田,內圈,沙田 內圈,,,,,,助手,,快踱一圈,,內圈 快踱一圈 (助手)
H405,19/06/2023,游水,沙田,,沙田,,,,,,,,游水,,
H405,19/06/2023,踱步,沙田,內圈,沙田 內圈,,,,,,助手,,倒快兩圈,,內圈 倒快兩圈 (助手)
H405,18/06/2023,游水,沙田,,沙田,,,,,,,,游水,,
H405,18/06/2023,踱步,沙田,內圈,沙田 內圈,,,,,,助手,,快踱一圈,,內圈 快踱一圈 (助手)
H405,17/06/2023,游水,沙田,,沙田,,,,,,,,游水,,
H405,17/06/2023,快操,沙田,全天候,沙田 全天候,,57.7,57.7,29.5 28.2,,助手,,快操,,29.5 28.2 (57.7) (助手)
H405,17/06/2023,踱步,沙田,飛機場,沙田 飛機場,,,,,,助手,,踱步,,飛機場 踱步 (助手)
H405,16/06/2023,游水,沙田,,沙田,,,,,,,,游水,,
H405,16/06/2023,踱步,沙田,內圈,沙田 內圈,,,,,,助手,,快踱一圈,,內圈 快踱一圈 (助手)
H405,15/06/2023,游水,沙田,,沙田,,,,,,,,游水,,
H405,15/06/2023,踱步,沙田,內圈,沙田 內圈,,,,,,助手,,倒快兩圈,,內圈 倒快兩圈 (助手)
H405,14/06/2023,游水,沙田,,沙田,,,,,,,,游水,,
H405,14/06/2023,快操,沙田,全天候,沙田 全天候,,1.01.1,61.1,32.6 28.5,,助手,,快操,,32.6 28.5 (1.01.1) (助手)
H405,14/06/2023,踱步,沙田,飛機場,沙田 飛機場,,,,,,助手,,踱步,,飛機場 踱步 (助手)
H405,13/06/2023,游水,沙田,,沙田,,,,,,,,游水,,
H405,13/06/2023,踱步,沙田,內圈,沙田 內圈,,,,,,助手,,快踱一圈,,內圈 快踱一圈 (助手)
H405,12/06/2023,游水,沙田,,沙田,,,,,,,,游水,,
H405,12/06/2023,踱步,沙田,內圈,沙田 內圈,,,,,,助手,,倒快兩圈,,內圈 倒快兩圈 (助手)
H405,11/06/2023,游水,沙田,,沙田,,,,,,,,游水,,
H405,11/06/2023,快操,沙田,全天候,沙田 全天候,,57.3,57.3,30.4 26.9,,助手,,快操,,30.4 26.9 (57.3) (助手)
H405,11/06/2023,踱步,沙田,飛機場,沙田 飛機場,,,,,,助手,,踱步,,飛機場 踱步 (助手)
H405,10/06/2023,游水,沙田,,沙田,,,,,,,,游水,,
H405,10/06/2023,踱步,沙田,內圈,沙田 內圈,,,,,,助手,,快踱一圈,,內圈 快踱一圈 (助手)
H405,09/06/2023,游水,沙田,,沙田,,,,,,,,游水,,
H405,09/06/2023,踱步,沙田,內圈,沙田 內圈,,,,,,助手,,快踱一圈,,內圈 快踱一圈 (助手)
H405,08/06/2023,游水,沙田,,沙田,,,,,,,,游水,,
H405,08/06/2023,踱步,沙田,內圈,沙田 內圈,,,,,,助手,,倒快兩圈,,內圈 倒快兩圈 (助手)
H405,07/06/2023,游水,沙田,,沙田,,,,,,,,游水,,
H405,07/06/2023,踱步,沙田,內圈,沙田 內圈,,,,,,助手,,快踱一圈,,內圈 快踱一圈 (助手)
H405,06/06/2023,游水,沙田,,沙田,,,,,,,,游水,,
H405,06/06/2023,踱步,沙田,內圈,沙田 內圈,,,,,,助手,,快踱一圈,,內圈 快踱一圈 (助手)
H405,05/06/2023,游水,沙田,,沙田,,,,,,,,游水,,
H405,05/06/2023,踱步,沙田,內圈,沙田 內圈,,,,,,助手,,倒快兩圈,,內圈 倒快兩圈 (助手)
H405,04/06/2023,游水,沙田,,沙田,,,,,,,,游水,,
H405,04/06/2023,踱步,沙田,內圈,沙田 內圈,,,,,,助手,,快踱一圈,,內圈 快踱一圈 (助手)
H405,03/06/2023,游水,沙田,,沙田,,,,,,,,游水,,
H405,03/06/2023,踱步,沙田,內圈,沙田 內圈,,,,,,助手,,快踱一圈,,內圈 快踱一圈 (助手)
H405,02/06/2023,游水,沙田,,沙田,,,,,,,,游水,,
H405,02/06/2023,踱步,沙田,內圈,沙田 內圈,,,,,,助手,,快踱一圈,,內圈 快踱一圈 (助手)
H405,01/06/2023,游水,沙田,,沙田,,,,,,,,游水,,
H405,01/06/2023,踱步,沙田,內圈,沙田 內圈,,,,,,助手,,倒快兩圈,H,內圈 倒快兩圈 (助手)
H405,31/05/2023,游水,沙田,,沙田,,,,,,,,游水,,
H405,30/05/2023,游水,沙田,,沙田,,,,,,,,游水,,
H405,29/05/2023,游水,沙田,,沙田,,,,,,,,游水,,
H405,28/05/2023,游水,沙田,,沙田,,,,,,,,游水,,
H405,27/05/2023,游水,沙田,,沙田,,,,,,,,游水,,
H405,26/05/2023,游水,沙田,,沙田,,,,,,,,游水,,
H405,25/05/2023,游水,沙田,,沙田,,,,,,,,游水,,
H405,24/05/2023,游水,沙田,,沙田,,,,,,,,游水,,
H405,23/05/2023,游水,沙田,,沙田,,,,,,,,游水,,
