horse_no,date,work_type,racecourse,track,venue,distance,time,time_sec,splits,partner,rider,placing,comment,gear,workout_details
H180,09/09/2026,出賽,跑馬地,草地,跑馬地 草地,1200M,,,,,何澤堯,9/12,出賽,B-/V2,1200M (何澤堯) (9/12)
H180,09/09/2026,踱步,沙田,飛機場,沙田 飛機場,,,,,,副練馬師,,踱步,,飛機場 踱步 (副練馬師)
H180,08/09/2026,游水,沙田,,沙田,,,,,,,,游水,,
H180,08/09/2026,踱步,沙田,飛機場,沙田 飛機場,,,,,,助手,,踱步,,飛機場 踱步 (助手)
H180,07/09/2026,游水,沙田,,沙田,,,,,,,,游水,,
H180,07/09/2026,踱步,沙田,飛機場,沙田 飛機場,,,,,,助手,,踱步,,飛機場 踱步 (助手)
H180,06/09/2026,游水,沙田,,沙田,,,,,,,,游水,,
H180,06/09/2026,踱步,沙田,內圈,沙田 內圈,,,,,,助手,,快踱一圈,,內圈 快踱一圈 (助手)
H180,05/09/2026,游水,沙田,,沙田,,,,,,,,游水,,
H180,05/09/2026,踱步,沙田,內圈,沙田 內圈,,,,,,助手,,快踱一圈,,內圈 快踱一圈 (助手)
H180,04/09/2026,游水,沙田,,沙田,,,,,,,,游水,,
H180,04/09/2026,踱步,沙田,內圈,沙田 內圈,,,,,,副練馬師,,快踱一圈,,內圈 快踱一圈 (副練馬師)
H180,03/09/2026,游水,沙田,,沙田,,,,,,,,游水,,
H180,03/09/2026,踱步,沙田,飛機場,沙田 飛機場,,,,,,助手,,踱步,,飛機場 踱步 (助手)
H180,02/09/2026,游水,沙田,,沙田,,,,,,,,游水,,
H180,01/09/2026,試閘,沙田,全天候,沙田 全天候,1200M,1.11.75,71.75,24.2 22.7 24.8,快樂高球,田泰安,,第6組,B,第6組 (田泰安) 1200M 快樂高球 24.2 22.7 24.8 (1.11.75)
H180,31/08/2026,游水,沙田,,沙田,,,,,,,,游水,,
H180,31/08/2026,踱步,沙田,內圈,沙田 內圈,,,,,,助手,,倒快兩圈,,內圈 倒快兩圈 (助手)
H180,30/08/2026,游水,沙田,,沙田,,,,,,,,游水,,
H180,30/08/2026,踱步,沙田,內圈,沙田 內圈,,,,,,助手,,快踱一圈,,內圈 快踱一圈 (助手)
H180,29/08/2026,游水,沙田,,沙田,,,,,,,,游水,,
H180,29/08/2026,快操,沙田,全天候,沙田 全天候,,58.1,58.1,29.4 28.7,,助手,,快操,B,29.4 28.7 (58.1) (助手)
H180,28/08/2026,游水,沙田,,沙田,,,,,,,,游水,,
H180,28/08/2026,踱步,沙田,內圈,沙田 內圈,,,,,,助手,,快踱一圈,,內圈 快踱一圈 (助手)
H180,27/08/2026,游水,沙田,,沙田,,,,,,,,游水,,
H180,27/08/2026,踱步,沙田,內圈,沙田 內圈,,,,,,副練馬師,,倒快兩圈,,內圈 倒快兩圈 (副練馬師)
H180,26/08/2026,馬匹跑步機,沙田,,沙田,,,,,,上斜,,馬匹跑步機 - 慢跑,,馬匹跑步機 - 慢跑 （上斜）
H180,26/08/2026,游水,沙田,,沙田,,,,,,,,游水,,
H180,25/08/2026,游水,沙田,,沙田,,,,,,,,游水,,
H180,25/08/2026,快操,沙田,全天候,沙田 全天候,,1.25.6,85.6,32.5 27.7 25.4,,副練馬師,,快操,B,32.5 27.7 25.4 (1.25.6) (副練馬師)
H180,24/08/2026,游水,沙田,,沙田,,,,,,,,游水,,
H180,24/08/2026,踱步,沙田,內圈,沙田 內圈,,,,,,助手,,倒快兩圈,,內圈 倒快兩圈 (助手)
H180,23/08/2026,游水,沙田,,沙田,,,,,,,,游水,,
H180,23/08/2026,踱步,沙田,內圈,沙田 內圈,,,,,,助手,,快踱一圈,,內圈 快踱一圈 (助手)
H180,22/08/2026,游水,沙田,,沙田,,,,,,,,游水,,
H180,22/08/2026,踱步,沙田,外圈,沙田 外圈,,,,,,助手,,快踱一圈,,外圈 快踱一圈 (助手)
H180,21/08/2026,游水,沙田,,沙田,,,,,,,,游水,,
H180,21/08/2026,踱步,沙田,內圈,沙田 內圈,,,,,,助手,,快踱一圈,,內圈 快踱一圈 (助手)
H180,20/08/2026,游水,沙田,,沙田,,,,,,,,游水,,
H180,20/08/2026,踱步,沙田,內圈,沙田 內圈,,,,,,助手,,倒快兩圈,,內圈 倒快兩圈 (助手)
H180,19/08/2026,馬匹跑步機,沙田,,沙田,,,,,,,,馬匹跑步機 - 慢跑,,馬匹跑步機 - 慢跑
H180,19/08/2026,游水,沙田,,沙田,,,,,,,,游水,,
H180,18/08/2026,游水,沙田,,沙田,,,,,,,,游水,,
H180,18/08/2026,快操,沙田,全天候,沙田 全天候,,1.26.0,86.0,30.8 28.7 26.5,,助手,,快操,B,30.8 28.7 26.5 (1.26.0) (助手)
H180,17/08/2026,游水,沙田,,沙田,,,,,,,,游水,,
H180,17/08/2026,踱步,沙田,內圈,沙田 內圈,,,,,,助手,,倒快兩圈,,內圈 倒快兩圈 (助手)
H180,16/08/2026,游水,沙田,,沙田,,,,,,,,游水,,
H180,16/08/2026,踱步,沙田,內圈,沙田 內圈,,,,,,助手,,快踱一圈,,內圈 快踱一圈 (助手)
H180,15/08/2026,游水,沙田,,沙田,,,,,,,,游水,,
H180,15/08/2026,踱步,沙田,內圈,沙田 內圈,,,,,,助手,,快踱一圈,,內圈 快踱一圈 (助手)
H180,14/08/2026,游水,沙田,,沙田,,,,,,,,游水,,
H180,14/08/2026,踱步,沙田,內圈,沙田 內圈,,,,,,助手,,快踱一圈,,內圈 快踱一圈 (助手)
H180,13/08/2026,游水,沙田,,沙田,,,,,,,,游水,,
H180,13/08/2026,踱步,沙田,內圈,沙田 內圈,,,,,,助手,,倒快兩圈,,內圈 倒快兩圈 (助手)
H180,12/08/2026,馬匹跑步機,沙田,,沙田,,,,,,上斜,,馬匹跑步機 - 慢跑,,馬匹跑步機 - 慢跑 （上斜）
H180,11/08/2026,快操,沙田,全天候,沙田 全天候,,56.5,56.5,29.7 26.8,,副練馬師,,快操,B,29.7 26.8 (56.5) (副練馬師)
H180,10/08/2026,游水,沙田,,沙田,,,,,,,,游水,,
H180,10/08/2026,踱步,沙田,內圈,沙田 內圈,,,,,,助手,,倒快兩圈,,內圈 倒快兩圈 (助手)
H180,09/08/2026,踱步,沙田,內圈,沙田 內圈,,,,,,副練馬師,,快踱一圈,,內圈 快踱一圈 (副練馬師)
H180,08/08/2026,踱步,沙田,內圈,沙田 內圈,,,,,,助手,,快踱一圈,,內圈 快踱一圈 (助手)
H180,07/08/2026,踱步,沙田,內圈,沙田 內圈,,,,,,助手,,快踱一圈,,內圈 快踱一圈 (助手)
H180,06/08/2026,踱步,沙田,內圈,沙田 內圈,,,,,,助手,,倒快兩圈,,內圈 倒快兩圈 (助手)
H180,05/08/2026,踱步,沙田,內圈,沙田 內圈,,,,,,助手,,快踱一圈,,內圈 快踱一圈 (助手)
H180,04/08/2026,快操,沙田,全天候,沙田 全天候,,31.0,31.0,31.0,,助手,,快操,B,31.0 (31.0) (助手)
H180,03/08/2026,踱步,沙田,內圈,沙田 內圈,,,,,,助手,,快踱一圈,,內圈 快踱一圈 (助手)
H180,02/08/2026,踱步,沙田,內圈,沙田 內圈,,,,,,助手,,快踱一圈,,內圈 快踱一圈 (助手)
H180,01/08/2026,踱步,沙田,內圈,沙田 內圈,,,,,,助手,,快踱一圈,,內圈 快踱一圈 (助手)
H180,31/07/2026,踱步,沙田,內圈,沙田 內圈,,,,,,助手,,快踱一圈,,內圈 快踱一圈 (助手)
H180,30/07/2026,踱步,沙田,飛機場,沙田 飛機場,,,,,,助手,,踱步,,飛機場 踱步 (助手)
H180,29/07/2026,踱步,沙田,飛機場,沙田 飛機場,,,,,,助手,,踱步,,飛機場 踱步 (助手)
H180,28/07/2026,踱步,沙田,飛機場,沙田 飛機場,,,,,,助手,,踱步,,飛機場 踱步 (助手)
H180,15/07/2026,游水,沙田,,沙田,,,,,,,,游水,,
H180,15/07/2026,踱步,沙田,內圈,沙田 內圈,,,,,,副練馬師,,快踱一圈,,內圈 快踱一圈 (副練馬師)
H180,14/07/2026,游水,沙田,,沙田,,,,,,,,游水,,
H180,14/07/2026,踱步,沙田,內圈,沙田 內圈,,,,,,副練馬師,,快踱一圈,,內圈 快踱一圈 (副練馬師)
H180,13/07/2026,游水,沙田,,沙田,,,,,,,,游水,,
H180,13/07/2026,踱步,沙田,內圈,沙田 內圈,,,,,,副練馬師,,倒快兩圈,,內圈 倒快兩圈 (副練馬師)
H180,12/07/2026,游水,沙田,,沙田,,,,,,,,游水,,
H180,12/07/2026,踱步,沙田,內圈,沙田 內圈,,,,,,助手,,快踱一圈,,內圈 快踱一圈 (助手)
H180,11/07/2026,游水,沙田,,沙田,,,,,,,,游水,,
H180,11/07/2026,踱步,沙田,內圈,沙田 內圈,,,,,,副練馬師,,快踱一圈,,內圈 快踱一圈 (副練馬師)
H180,10/07/2026,游水,沙田,,沙田,,,,,,,,游水,,
H180,10/07/2026,踱步,沙田,內圈,沙田 內圈,,,,,,副練馬師,,快踱一圈,,內圈 快踱一圈 (副練馬師)
H180,09/07/2026,游水,沙田,,沙田,,,,,,,,游水,,
H180,09/07/2026,踱步,沙田,內圈,沙田 內圈,,,,,,副練馬師,,倒快一圈,,內圈 倒快一圈 (副練馬師)
H180,08/07/2026,游水,沙田,,沙田,,,,,,,,游水,,
H180,07/07/2026,游水,沙田,,沙田,,,,,,,,游水,,
H180,06/07/2026,游水,沙田,,沙田,,,,,,,,游水,,
H180,04/07/2026,出賽,沙田,草地,沙田 草地,1200M,,,,,田泰安,2/12,出賽,B,1200M (田泰安) (2/12)
H180,04/07/2026,踱步,沙田,飛機場,沙田 飛機場,,,,,,助手,,踱步,,飛機場 踱步 (助手)
H180,03/07/2026,游水,沙田,,沙田,,,,,,,,游水,,
H180,03/07/2026,踱步,沙田,飛機場,沙田 飛機場,,,,,,助手,,踱步,,飛機場 踱步 (助手)
H180,02/07/2026,游水,沙田,,沙田,,,,,,,,游水,,
H180,02/07/2026,踱步,沙田,飛機場,沙田 飛機場,,,,,,助手,,踱步,,飛機場 踱步 (助手)
H180,01/07/2026,游水,沙田,,沙田,,,,,,,,游水,,
H180,01/07/2026,踱步,沙田,內圈,沙田 內圈,,,,,,助手,,快踱一圈,,內圈 快踱一圈 (助手)
H180,30/06/2026,游水,沙田,,沙田,,,,,,,,游水,,
H180,30/06/2026,踱步,沙田,內圈,沙田 內圈,,,,,,助手,,快踱一圈,,內圈 快踱一圈 (助手)
H180,29/06/2026,游水,沙田,,沙田,,,,,,,,游水,,
H180,29/06/2026,快操,沙田,全天候,沙田 全天候,,54.9,54.9,29.4 25.5,,助手,,快操,B,29.4 25.5 (54.9) (助手)
H180,28/06/2026,游水,沙田,,沙田,,,,,,,,游水,,
H180,28/06/2026,踱步,沙田,內圈,沙田 內圈,,,,,,助手,,快踱一圈,,內圈 快踱一圈 (助手)
H180,27/06/2026,游水,沙田,,沙田,,,,,,,,游水,,
H180,27/06/2026,踱步,沙田,內圈,沙田 內圈,,,,,,助手,,快踱一圈,,內圈 快踱一圈 (助手)
H180,26/06/2026,游水,沙田,,沙田,,,,,,,,游水,,
H180,26/06/2026,踱步,沙田,內圈,沙田 內圈,,,,,,助手,,快踱一圈,,內圈 快踱一圈 (助手)
H180,25/06/2026,游水,沙田,,沙田,,,,,,,,游水,,
H180,25/06/2026,踱步,沙田,內圈,沙田 內圈,,,,,,助手,,倒快一圈,,內圈 倒快一圈 (助手)
H180,24/06/2026,游水,沙田,,沙田,,,,,,,,游水,,
H180,24/06/2026,快操,沙田,全天候,沙田 全天候,,52.0,52.0,29.6 22.4,,助手,,快操,B,29.6 22.4 (52.0) (助手)
H180,23/06/2026,游水,沙田,,沙田,,,,,,,,游水,,
H180,23/06/2026,踱步,沙田,內圈,沙田 內圈,,,,,,助手,,快踱一圈,,內圈 快踱一圈 (助手)
H180,22/06/2026,游水,沙田,,沙田,,,,,,,,游水,,
H180,22/06/2026,踱步,沙田,內圈,沙田 內圈,,,,,,助手,,倒快兩圈,,內圈 倒快兩圈 (助手)
H180,21/06/2026,游水,沙田,,沙田,,,,,,,,游水,,
H180,21/06/2026,踱步,沙田,內圈,沙田 內圈,,,,,,助手,,快踱一圈,,內圈 快踱一圈 (助手)
H180,20/06/2026,游水,沙田,,沙田,,,,,,,,游水,,
H180,20/06/2026,踱步,沙田,內圈,沙田 內圈,,,,,,助手,,快踱一圈,,內圈 快踱一圈 (助手)
H180,19/06/2026,游水,沙田,,沙田,,,,,,,,游水,,
H180,19/06/2026,快操,沙田,全天候,沙田 全天候,,53.9,53.9,29.7 24.2,,助手,,伴跳馬,B,29.7 24.2 (53.9) (助手) 伴跳馬
H180,18/06/2026,游水,沙田,,沙田,,,,,,,,游水,,
H180,18/06/2026,踱步,沙田,內圈,沙田 內圈,,,,,,助手,,倒快兩圈,,內圈 倒快兩圈 (助手)
H180,17/06/2026,游水,沙田,,沙田,,,,,,,,游水,,
H180,17/06/2026,踱步,沙田,內圈,沙田 內圈,,,,,,助手,,快踱一圈,,內圈 快踱一圈 (助手)
H180,16/06/2026,游水,沙田,,沙田,,,,,,,,游水,,
H180,16/06/2026,踱步,沙田,內圈,沙田 內圈,,,,,,助手,,快踱一圈,,內圈 快踱一圈 (助手)
H180,15/06/2026,游水,沙田,,沙田,,,,,,,,游水,,
H180,15/06/2026,踱步,沙田,內圈,沙田 內圈,,,,,,助手,,倒快兩圈,,內圈 倒快兩圈 (助手)
H180,14/06/2026,游水,沙田,,沙田,,,,,,,,游水,,
H180,14/06/2026,踱步,沙田,內圈,沙田 內圈,,,,,,助手,,快踱一圈,,內圈 快踱一圈 (助手)
H180,13/06/2026,游水,沙田,,沙田,,,,,,,,游水,,
H180,13/06/2026,踱步,沙田,內圈,沙田 內圈,,,,,,助手,,快踱一圈,,內圈 快踱一圈 (助手)
H180,12/06/2026,游水,沙田,,沙田,,,,,,,,游水,,
H180,11/06/2026,試閘,沙田,全天候,沙田 全天候,1200M,1.10.12,70.12,24.4 22.6 23.1,盈智多寶,蔡明紹,,第4組,B,第4組 (蔡明紹) 1200M 盈智多寶 24.4 22.6 23.1 (1.10.12)
H180,10/06/2026,游水,沙田,,沙田,,,,,,,,游水,,
H180,10/06/2026,踱步,沙田,內圈,沙田 內圈,,,,,,助手,,快踱一圈,,內圈 快踱一圈 (助手)
H180,09/06/2026,游水,沙田,,沙田,,,,,,,,游水,,
H180,09/06/2026,踱步,沙田,內圈,沙田 內圈,,,,,,助手,,快踱一圈,,內圈 快踱一圈 (助手)
H180,08/06/2026,游水,沙田,,沙田,,,,,,,,游水,,
H180,08/06/2026,踱步,沙田,內圈,沙田 內圈,,,,,,助手,,倒快兩圈,,內圈 倒快兩圈 (助手)
H180,07/06/2026,游水,沙田,,沙田,,,,,,,,游水,,
H180,07/06/2026,踱步,沙田,內圈,沙田 內圈,,,,,,助手,,快踱一圈,,內圈 快踱一圈 (助手)
H180,06/06/2026,游水,沙田,,沙田,,,,,,,,游水,,
H180,06/06/2026,快操,沙田,全天候,沙田 全天候,,54.7,54.7,29.8 24.9,,助手,,伴跳馬,,29.8 24.9 (54.7) (助手) 伴跳馬
H180,05/06/2026,游水,沙田,,沙田,,,,,,,,游水,,
H180,05/06/2026,踱步,沙田,內圈,沙田 內圈,,,,,,助手,,快踱一圈,,內圈 快踱一圈 (助手)
H180,04/06/2026,游水,沙田,,沙田,,,,,,,,游水,,
H180,04/06/2026,踱步,沙田,內圈,沙田 內圈,,,,,,助手,,倒快兩圈,,內圈 倒快兩圈 (助手)
H180,03/06/2026,游水,沙田,,沙田,,,,,,,,游水,,
H180,03/06/2026,踱步,沙田,內圈,沙田 內圈,,,,,,助手,,快踱一圈,,內圈 快踱一圈 (助手)
H180,02/06/2026,游水,沙田,,沙田,,,,,,,,游水,,
H180,02/06/2026,踱步,沙田,內圈,沙田 內圈,,,,,,助手,,快踱一圈,,內圈 快踱一圈 (助手)
H180,01/06/2026,游水,沙田,,沙田,,,,,,,,游水,,
H180,01/06/2026,踱步,沙田,內圈,沙田 內圈,,,,,,助手,,倒快兩圈,,內圈 倒快兩圈 (助手)
H180,31/05/2026,游水,沙田,,沙田,,,,,,,,游水,,
H180,31/05/2026,踱步,沙田,內圈,沙田 內圈,,,,,,助手,,快踱一圈,,內圈 快踱一圈 (助手)
H180,30/05/2026,游水,沙田,,沙田,,,,,,,,游水,,
H180,30/05/2026,踱步,沙田,內圈,沙田 內圈,,,,,,助手,,快踱一圈,,內圈 快踱一圈 (助手)
H180,29/05/2026,游水,沙田,,沙田,,,,,,,,游水,,
H180,29/05/2026,踱步,沙田,內圈,沙田 內圈,,,,,,助手,,快踱一圈,,內圈 快踱一圈 (助手)
H180,28/05/2026,游水,沙田,,沙田,,,,,,,,游水,,
H180,28/05/2026,踱步,沙田,內圈,沙田 內圈,,,,,,助手,,倒快一圈,,內圈 倒快一圈 (助手)
H180,27/05/2026,游水,沙田,,沙田,,,,,,,,游水,,
H180,26/05/2026,試閘,沙田,草地,沙田 草地,1600M,1.37.30,97.3,26.3 23.4 23.8 23.8,展雄志,奧爾民,,第8組,B,第8組 (奧爾民) 1600M 展雄志 26.3 23.4 23.8 23.8 (1.37.30)
H180,25/05/2026,游水,沙田,,沙田,,,,,,,,游水,,
H180,25/05/2026,踱步,沙田,內圈,沙田 內圈,,,,,,助手,,倒快兩圈,,內圈 倒快兩圈 (助手)
H180,24/05/2026,游水,沙田,,沙田,,,,,,,,游水,,
H180,24/05/2026,踱步,沙田,內圈,沙田 內圈,,,,,,助手,,快踱一圈,,內圈 快踱一圈 (助手)
H180,23/05/2026,游水,沙田,,沙田,,,,,,,,游水,,
H180,23/05/2026,踱步,沙田,內圈,沙田 內圈,,,,,,助手,,快踱一圈,,內圈 快踱一圈 (助手)
H180,22/05/2026,游水,沙田,,沙田,,,,,,,,游水,,
H180,22/05/2026,踱步,沙田,內圈,沙田 內圈,,,,,,助手,,快踱一圈,,內圈 快踱一圈 (助手)
H180,21/05/2026,游水,沙田,,沙田,,,,,,,,游水,,
H180,21/05/2026,踱步,沙田,內圈,沙田 內圈,,,,,,助手,,倒快兩圈,,內圈 倒快兩圈 (助手)
H180,20/05/2026,游水,沙田,,沙田,,,,,,,,游水,,
H180,20/05/2026,踱步,沙田,內圈,沙田 內圈,,,,,,副練馬師,,快踱一圈,,內圈 快踱一圈 (副練馬師)
H180,19/05/2026,游水,沙田,,沙田,,,,,,,,游水,,
H180,19/05/2026,快操,沙田,全天候,沙田 全天候,,1.28.1,88.1,32.6 29.3 26.2,,助手,,快操,B,32.6 29.3 26.2 (1.28.1) (助手)
H180,18/05/2026,游水,沙田,,沙田,,,,,,,,游水,,
H180,18/05/2026,踱步,沙田,內圈,沙田 內圈,,,,,,助手,,倒快兩圈,,內圈 倒快兩圈 (助手)
H180,17/05/2026,踱步,沙田,內圈,沙田 內圈,,,,,,助手,,快踱一圈,,內圈 快踱一圈 (助手)
H180,16/05/2026,游水,沙田,,沙田,,,,,,,,游水,,
H180,16/05/2026,踱步,沙田,內圈,沙田 內圈,,,,,,助手,,快踱一圈,,內圈 快踱一圈 (助手)
H180,15/05/2026,游水,沙田,,沙田,,,,,,,,游水,,
H180,15/05/2026,踱步,沙田,內圈,沙田 內圈,,,,,,助手,,快踱一圈,,內圈 快踱一圈 (助手)
H180,14/05/2026,游水,沙田,,沙田,,,,,,,,游水,,
H180,14/05/2026,踱步,沙田,內圈,沙田 內圈,,,,,,助手,,倒快兩圈,,內圈 倒快兩圈 (助手)
H180,13/05/2026,游水,沙田,,沙田,,,,,,,,游水,,
H180,13/05/2026,踱步,沙田,內圈,沙田 內圈,,,,,,助手,,快踱一圈,,內圈 快踱一圈 (助手)
H180,12/05/2026,游水,沙田,,沙田,,,,,,,,游水,,
H180,12/05/2026,踱步,沙田,內圈,沙田 內圈,,,,,,助手,,快踱一圈,,內圈 快踱一圈 (助手)
H180,11/05/2026,游水,沙田,,沙田,,,,,,,,游水,,
H180,11/05/2026,踱步,沙田,內圈,沙田 內圈,,,,,,助手,,倒快一圈,,內圈 倒快一圈 (助手)
H180,10/05/2026,游水,沙田,,沙田,,,,,,,,游水,,
H180,10/05/2026,踱步,沙田,飛機場,沙田 飛機場,,,,,,助手,,踱步,,飛機場 踱步 (助手)
H180,09/05/2026,游水,沙田,,沙田,,,,,,,,游水,,
H180,08/05/2026,試閘,跑馬地,草地,跑馬地 草地,1700M,1.49.25,109.25,34.4 24.8 25.7 24.3,捷足奔馳,奧爾民,,第1組,B,第1組 (奧爾民) 1700M 捷足奔馳 34.4 24.8 25.7 24.3 (1.49.25)
H180,07/05/2026,游水,沙田,,沙田,,,,,,,,游水,,
H180,07/05/2026,踱步,沙田,內圈,沙田 內圈,,,,,,助手,,倒快兩圈,,內圈 倒快兩圈 (助手)
H180,06/05/2026,游水,沙田,,沙田,,,,,,,,游水,,
H180,06/05/2026,踱步,沙田,內圈,沙田 內圈,,,,,,助手,,快踱一圈,,內圈 快踱一圈 (助手)
H180,05/05/2026,游水,沙田,,沙田,,,,,,,,游水,,
H180,05/05/2026,踱步,沙田,內圈,沙田 內圈,,,,,,助手,,快踱一圈,,內圈 快踱一圈 (助手)
H180,04/05/2026,游水,沙田,,沙田,,,,,,,,游水,,
H180,04/05/2026,踱步,沙田,內圈,沙田 內圈,,,,,,副練馬師,,倒快兩圈,,內圈 倒快兩圈 (副練馬師)
H180,03/05/2026,游水,沙田,,沙田,,,,,,,,游水,,
H180,03/05/2026,踱步,沙田,內圈,沙田 內圈,,,,,,助手,,快踱一圈,,內圈 快踱一圈 (助手)
H180,02/05/2026,游水,沙田,,沙田,,,,,,,,游水,,
H180,02/05/2026,踱步,沙田,內圈,沙田 內圈,,,,,,副練馬師,,快踱一圈,,內圈 快踱一圈 (副練馬師)
H180,01/05/2026,游水,沙田,,沙田,,,,,,,,游水,,
H180,01/05/2026,快操,沙田,全天候,沙田 全天候,,1.27.9,87.9,32.2 29.5 26.2,,副練馬師,,快操,,32.2 29.5 26.2 (1.27.9) (副練馬師)
H180,30/04/2026,游水,沙田,,沙田,,,,,,,,游水,,
H180,30/04/2026,踱步,沙田,內圈,沙田 內圈,,,,,,副練馬師,,倒快兩圈,,內圈 倒快兩圈 (副練馬師)
H180,29/04/2026,游水,沙田,,沙田,,,,,,,,游水,,
H180,29/04/2026,踱步,沙田,內圈,沙田 內圈,,,,,,副練馬師,,快踱一圈,,內圈 快踱一圈 (副練馬師)
H180,28/04/2026,游水,沙田,,沙田,,,,,,,,游水,,
H180,28/04/2026,踱步,沙田,內圈,沙田 內圈,,,,,,助手,,快踱一圈,,內圈 快踱一圈 (助手)
H180,27/04/2026,游水,沙田,,沙田,,,,,,,,游水,,
H180,27/04/2026,踱步,沙田,內圈,沙田 內圈,,,,,,助手,,倒快兩圈,,內圈 倒快兩圈 (助手)
H180,26/04/2026,游水,沙田,,沙田,,,,,,,,游水,,
H180,26/04/2026,踱步,沙田,內圈,沙田 內圈,,,,,,助手,,快踱一圈,,內圈 快踱一圈 (助手)
H180,25/04/2026,游水,沙田,,沙田,,,,,,,,游水,,
H180,25/04/2026,踱步,沙田,內圈,沙田 內圈,,,,,,副練馬師,,快踱一圈,,內圈 快踱一圈 (副練馬師)
H180,24/04/2026,游水,沙田,,沙田,,,,,,,,游水,,
H180,24/04/2026,踱步,沙田,內圈,沙田 內圈,,,,,,助手,,快踱一圈,,內圈 快踱一圈 (助手)
H180,23/04/2026,游水,沙田,,沙田,,,,,,,,游水,,
H180,23/04/2026,踱步,沙田,內圈,沙田 內圈,,,,,,助手,,倒快兩圈,,內圈 倒快兩圈 (助手)
H180,22/04/2026,游水,沙田,,沙田,,,,,,,,游水,,
H180,22/04/2026,踱步,沙田,內圈,沙田 內圈,,,,,,助手,,快踱一圈,,內圈 快踱一圈 (助手)
H180,21/04/2026,游水,沙田,,沙田,,,,,,,,游水,,
H180,21/04/2026,踱步,沙田,內圈,沙田 內圈,,,,,,助手,,快踱一圈,,內圈 快踱一圈 (助手)
H180,20/04/2026,游水,沙田,,沙田,,,,,,,,游水,,
H180,20/04/2026,踱步,沙田,內圈,沙田 內圈,,,,,,助手,,倒快一圈,,內圈 倒快一圈 (助手)
H180,19/04/2026,游水,沙田,,沙田,,,,,,,,游水,,
H180,19/04/2026,踱步,沙田,飛機場,沙田 飛機場,,,,,,助手,,踱步,,飛機場 踱步 (助手)
H180,18/04/2026,游水,沙田,,沙田,,,,,,,,游水,,
H180,18/04/2026,踱步,沙田,飛機場,沙田 飛機場,,,,,,助手,,踱步,,飛機場 踱步 (助手)
H180,13/04/2026,游水,沙田,,沙田,,,,,,,,游水,,
H180,12/04/2026,出賽,沙田,草地,沙田 草地,1400M,,,,,金誠剛,14/14,出賽,B,1400M (金誠剛) (14/14)
H180,12/04/2026,快操,沙田,全天候,沙田 全天候,,27.2,27.2,27.2,,助手,,快操,B,27.2 (27.2) (助手)
H180,12/04/2026,踱步,沙田,飛機場,沙田 飛機場,,,,,,助手,,踱步,B,飛機場 踱步 (助手)
H180,11/04/2026,游水,沙田,,沙田,,,,,,,,游水,,
H180,11/04/2026,踱步,沙田,內圈,沙田 內圈,,,,,,黃寶妮,,快踱一圈,,內圈 快踱一圈 (黃寶妮)
H180,10/04/2026,游水,沙田,,沙田,,,,,,,,游水,,
H180,10/04/2026,快操,沙田,全天候,沙田 全天候,,57.0,57.0,30.8 26.2,,助手,,快操,,30.8 26.2 (57.0) (助手)
H180,10/04/2026,踱步,沙田,飛機場,沙田 飛機場,,,,,,助手,,踱步,,飛機場 踱步 (助手)
H180,09/04/2026,馬匹跑步機,沙田,,沙田,,,,,,上斜,,馬匹跑步機 - 慢跑,,馬匹跑步機 - 慢跑 （上斜）
H180,09/04/2026,游水,沙田,,沙田,,,,,,,,游水,,
H180,08/04/2026,馬匹跑步機,沙田,,沙田,,,,,,上斜,,馬匹跑步機 - 慢跑,,馬匹跑步機 - 慢跑 （上斜）
H180,08/04/2026,游水,沙田,,沙田,,,,,,,,游水,,
H180,07/04/2026,馬匹跑步機,沙田,,沙田,,,,,,上斜,,馬匹跑步機 - 慢跑,,馬匹跑步機 - 慢跑 （上斜）
H180,07/04/2026,游水,沙田,,沙田,,,,,,,,游水,,
H180,06/04/2026,快操,沙田,全天候,沙田 全天候,,54.1,54.1,29.6 24.5,,助手,,勤德皆備,B,29.6 24.5 (54.1) (助手) 勤德皆備
H180,06/04/2026,踱步,沙田,飛機場,沙田 飛機場,,,,,,助手,,踱步,B,飛機場 踱步 (助手)
H180,05/04/2026,游水,沙田,,沙田,,,,,,,,游水,,
H180,05/04/2026,踱步,沙田,內圈,沙田 內圈,,,,,,助手,,快踱一圈,,內圈 快踱一圈 (助手)
H180,04/04/2026,游水,沙田,,沙田,,,,,,,,游水,,
H180,04/04/2026,踱步,沙田,內圈,沙田 內圈,,,,,,助手,,快踱一圈,,內圈 快踱一圈 (助手)
H180,03/04/2026,馬匹跑步機,沙田,,沙田,,,,,,上斜,,馬匹跑步機 - 慢跑,,馬匹跑步機 - 慢跑 （上斜）
H180,03/04/2026,游水,沙田,,沙田,,,,,,,,游水,,
H180,02/04/2026,馬匹跑步機,沙田,,沙田,,,,,,上斜,,馬匹跑步機 - 踱步,,馬匹跑步機 - 踱步 （上斜）
H180,02/04/2026,游水,沙田,,沙田,,,,,,,,游水,,
H180,01/04/2026,游水,沙田,,沙田,,,,,,,,游水,,
H180,31/03/2026,試閘,沙田,全天候,沙田 全天候,1200M,1.10.48,70.48,24.8 22.9 22.7,迅意,潘明輝,,第4組,B,第4組 (潘明輝) 1200M 迅意 24.8 22.9 22.7 (1.10.48)
H180,31/03/2026,游水,沙田,,沙田,,,,,,,,游水,,
H180,31/03/2026,踱步,沙田,飛機場,沙田 飛機場,,,,,,助手,,踱步,,飛機場 踱步 (助手)
H180,30/03/2026,馬匹跑步機,沙田,,沙田,,,,,,上斜,,馬匹跑步機 - 慢跑,,馬匹跑步機 - 慢跑 （上斜）
H180,30/03/2026,游水,沙田,,沙田,,,,,,,,游水,,
H180,29/03/2026,踱步,沙田,內圈,沙田 內圈,,,,,,助手,,快踱一圈,,內圈 快踱一圈 (助手)
H180,28/03/2026,馬匹跑步機,沙田,,沙田,,,,,,上斜,,馬匹跑步機 - 慢跑,,馬匹跑步機 - 慢跑 （上斜）
H180,28/03/2026,游水,沙田,,沙田,,,,,,,,游水,,
H180,27/03/2026,游水,沙田,,沙田,,,,,,,,游水,,
H180,27/03/2026,快操,沙田,全天候,沙田 全天候,,54.0,54.0,29.5 24.5,,助手,,勁先生,B,29.5 24.5 (54.0) (助手) 勁先生
H180,27/03/2026,踱步,沙田,飛機場,沙田 飛機場,,,,,,助手,,踱步,B,飛機場 踱步 (助手)
H180,26/03/2026,馬匹跑步機,沙田,,沙田,,,,,,上斜,,馬匹跑步機 - 慢跑,,馬匹跑步機 - 慢跑 （上斜）
H180,26/03/2026,游水,沙田,,沙田,,,,,,,,游水,,
H180,25/03/2026,馬匹跑步機,沙田,,沙田,,,,,,上斜,,馬匹跑步機 - 慢跑,,馬匹跑步機 - 慢跑 （上斜）
H180,25/03/2026,游水,沙田,,沙田,,,,,,,,游水,,
H180,24/03/2026,馬匹跑步機,沙田,,沙田,,,,,,上斜,,馬匹跑步機 - 慢跑,,馬匹跑步機 - 慢跑 （上斜）
H180,24/03/2026,游水,沙田,,沙田,,,,,,,,游水,,
H180,23/03/2026,游水,沙田,,沙田,,,,,,,,游水,,
H180,23/03/2026,快操,沙田,全天候,沙田 全天候,,53.3,53.3,29.5 23.8,,助手,,金滙千帥,B,29.5 23.8 (53.3) (助手) 金滙千帥
H180,23/03/2026,踱步,沙田,飛機場,沙田 飛機場,,,,,,助手,,踱步,B,飛機場 踱步 (助手)
H180,22/03/2026,游水,沙田,,沙田,,,,,,,,游水,,
H180,22/03/2026,踱步,沙田,內圈,沙田 內圈,,,,,,助手,,快踱一圈,,內圈 快踱一圈 (助手)
H180,21/03/2026,游水,沙田,,沙田,,,,,,,,游水,,
H180,21/03/2026,踱步,沙田,內圈,沙田 內圈,,,,,,黃寶妮,,快踱一圈,,內圈 快踱一圈 (黃寶妮)
H180,20/03/2026,游水,沙田,,沙田,,,,,,,,游水,,
H180,20/03/2026,快操,沙田,全天候,沙田 全天候,,52.8,52.8,27.6 25.2,,助手,,快操,,27.6 25.2 (52.8) (助手)
H180,20/03/2026,踱步,沙田,飛機場,沙田 飛機場,,,,,,助手,,踱步,,飛機場 踱步 (助手)
H180,19/03/2026,游水,沙田,,沙田,,,,,,,,游水,,
H180,19/03/2026,踱步,沙田,內圈,沙田 內圈,,,,,,助手,,倒快兩圈,,內圈 倒快兩圈 (助手)
H180,18/03/2026,游水,沙田,,沙田,,,,,,,,游水,,
H180,18/03/2026,踱步,沙田,內圈,沙田 內圈,,,,,,黃寶妮,,快踱一圈,,內圈 快踱一圈 (黃寶妮)
H180,17/03/2026,游水,沙田,,沙田,,,,,,,,游水,,
H180,17/03/2026,快操,沙田,全天候,沙田 全天候,,59.5,59.5,30.6 28.9,,黃寶妮,,快操,,30.6 28.9 (59.5) (黃寶妮)
H180,17/03/2026,踱步,沙田,飛機場,沙田 飛機場,,,,,,黃寶妮,,踱步,,飛機場 踱步 (黃寶妮)
H180,16/03/2026,游水,沙田,,沙田,,,,,,,,游水,,
H180,16/03/2026,踱步,沙田,內圈,沙田 內圈,,,,,,助手,,倒快兩圈,,內圈 倒快兩圈 (助手)
H180,15/03/2026,游水,沙田,,沙田,,,,,,,,游水,,
H180,15/03/2026,踱步,沙田,內圈,沙田 內圈,,,,,,助手,,快踱一圈,,內圈 快踱一圈 (助手)
H180,14/03/2026,游水,沙田,,沙田,,,,,,,,游水,,
H180,14/03/2026,踱步,沙田,內圈,沙田 內圈,,,,,,助手,,快踱一圈,,內圈 快踱一圈 (助手)
H180,13/03/2026,游水,沙田,,沙田,,,,,,,,游水,,
H180,13/03/2026,踱步,沙田,內圈,沙田 內圈,,,,,,黃寶妮,,快踱一圈,,內圈 快踱一圈 (黃寶妮)
H180,12/03/2026,馬匹跑步機,沙田,,沙田,,,,,,上斜,,馬匹跑步機 - 慢跑,,馬匹跑步機 - 慢跑 （上斜）
H180,12/03/2026,游水,沙田,,沙田,,,,,,,,游水,,
H180,11/03/2026,馬匹跑步機,沙田,,沙田,,,,,,上斜,,馬匹跑步機 - 慢跑,,馬匹跑步機 - 慢跑 （上斜）
H180,11/03/2026,游水,沙田,,沙田,,,,,,,,游水,,
H180,10/03/2026,馬匹跑步機,沙田,,沙田,,,,,,上斜,,馬匹跑步機 - 慢跑,,馬匹跑步機 - 慢跑 （上斜）
H180,10/03/2026,游水,沙田,,沙田,,,,,,,,游水,,
H180,09/03/2026,馬匹跑步機,沙田,,沙田,,,,,,上斜,,馬匹跑步機 - 慢跑,,馬匹跑步機 - 慢跑 （上斜）
H180,09/03/2026,游水,沙田,,沙田,,,,,,,,游水,,
H180,08/03/2026,踱步,沙田,彭福公園,沙田 彭福公園,,,,,,助手,,踱步,,彭福公園 踱步 (助手)
H180,07/03/2026,馬匹跑步機,沙田,,沙田,,,,,,上斜,,馬匹跑步機 - 踱步,,馬匹跑步機 - 踱步 （上斜）
H180,27/02/2026,游水,沙田,,沙田,,,,,,,,游水,,
H180,27/02/2026,踱步,沙田,內圈,沙田 內圈,,,,,,助手,,快踱一圈,,內圈 快踱一圈 (助手)
H180,26/02/2026,游水,沙田,,沙田,,,,,,,,游水,,
H180,26/02/2026,踱步,沙田,內圈,沙田 內圈,,,,,,助手,,倒快兩圈,,內圈 倒快兩圈 (助手)
H180,25/02/2026,游水,沙田,,沙田,,,,,,,,游水,,
H180,25/02/2026,踱步,沙田,內圈,沙田 內圈,,,,,,助手,,快踱一圈,,內圈 快踱一圈 (助手)
H180,24/02/2026,游水,沙田,,沙田,,,,,,,,游水,,
H180,24/02/2026,踱步,沙田,內圈,沙田 內圈,,,,,,助手,,快踱一圈,,內圈 快踱一圈 (助手)
H180,23/02/2026,馬匹跑步機,沙田,,沙田,,,,,,上斜,,馬匹跑步機 - 慢跑,,馬匹跑步機 - 慢跑 （上斜）
H180,23/02/2026,游水,沙田,,沙田,,,,,,,,游水,,
H180,22/02/2026,游水,沙田,,沙田,,,,,,,,游水,,
H180,21/02/2026,游水,沙田,,沙田,,,,,,,,游水,,
H180,20/02/2026,游水,沙田,,沙田,,,,,,,,游水,,
H180,19/02/2026,馬匹跑步機,沙田,,沙田,,,,,,上斜,,馬匹跑步機 - 踱步,,馬匹跑步機 - 踱步 （上斜）
H180,19/02/2026,出賽,沙田,草地,沙田 草地,1200M,,,,,潘明輝,12/14,出賽,B,1200M (潘明輝) (12/14)
H180,18/02/2026,馬匹跑步機,沙田,,沙田,,,,,,上斜,,馬匹跑步機 - 慢跑,,馬匹跑步機 - 慢跑 （上斜）
H180,18/02/2026,游水,沙田,,沙田,,,,,,,,游水,,
H180,16/02/2026,馬匹跑步機,沙田,,沙田,,,,,,上斜,,馬匹跑步機 - 慢跑,,馬匹跑步機 - 慢跑 （上斜）
H180,16/02/2026,游水,沙田,,沙田,,,,,,,,游水,,
H180,15/02/2026,馬匹跑步機,沙田,,沙田,,,,,,上斜,,馬匹跑步機 - 踱步,,馬匹跑步機 - 踱步 （上斜）
H180,15/02/2026,游水,沙田,,沙田,,,,,,,,游水,,
H180,14/02/2026,游水,沙田,,沙田,,,,,,,,游水,,
H180,13/02/2026,試閘,跑馬地,草地,跑馬地 草地,1200M,1.12.20,72.2,25.4 23.2 23.6,駿皇勝,潘明輝,,第5組,B,第5組 (潘明輝) 1200M 駿皇勝 25.4 23.2 23.6 (1.12.20)
H180,13/02/2026,游水,沙田,,沙田,,,,,,,,游水,,
H180,12/02/2026,馬匹跑步機,沙田,,沙田,,,,,,上斜,,馬匹跑步機 - 慢跑,,馬匹跑步機 - 慢跑 （上斜）
H180,12/02/2026,游水,沙田,,沙田,,,,,,,,游水,,
H180,11/02/2026,馬匹跑步機,沙田,,沙田,,,,,,上斜,,馬匹跑步機 - 慢跑,,馬匹跑步機 - 慢跑 （上斜）
H180,11/02/2026,游水,沙田,,沙田,,,,,,,,游水,,
H180,10/02/2026,馬匹跑步機,沙田,,沙田,,,,,,上斜,,馬匹跑步機 - 慢跑,,馬匹跑步機 - 慢跑 （上斜）
H180,10/02/2026,游水,沙田,,沙田,,,,,,,,游水,,
H180,09/02/2026,游水,沙田,,沙田,,,,,,,,游水,,
H180,09/02/2026,快操,沙田,全天候,沙田 全天候,,52.9,52.9,28.4 24.5,,潘明輝,,長峰小子,B,28.4 24.5 (52.9) (潘明輝) 長峰小子
H180,09/02/2026,踱步,沙田,飛機場,沙田 飛機場,,,,,,助手,,踱步,B,飛機場 踱步 (助手)
H180,08/02/2026,游水,沙田,,沙田,,,,,,,,游水,,
H180,08/02/2026,踱步,沙田,內圈,沙田 內圈,,,,,,助手,,快踱一圈,,內圈 快踱一圈 (助手)
H180,07/02/2026,馬匹跑步機,沙田,,沙田,,,,,,上斜,,馬匹跑步機 - 慢跑,,馬匹跑步機 - 慢跑 （上斜）
H180,07/02/2026,游水,沙田,,沙田,,,,,,,,游水,,
H180,06/02/2026,馬匹跑步機,沙田,,沙田,,,,,,上斜,,馬匹跑步機 - 慢跑,,馬匹跑步機 - 慢跑 （上斜）
H180,06/02/2026,游水,沙田,,沙田,,,,,,,,游水,,
H180,05/02/2026,游水,沙田,,沙田,,,,,,,,游水,,
H180,05/02/2026,快操,沙田,全天候,沙田 全天候,,56.1,56.1,30.3 25.8,,助手,,快操,,30.3 25.8 (56.1) (助手)
H180,05/02/2026,踱步,沙田,飛機場,沙田 飛機場,,,,,,助手,,踱步,,飛機場 踱步 (助手)
H180,04/02/2026,馬匹跑步機,沙田,,沙田,,,,,,上斜,,馬匹跑步機 - 慢跑,,馬匹跑步機 - 慢跑 （上斜）
H180,04/02/2026,游水,沙田,,沙田,,,,,,,,游水,,
H180,03/02/2026,馬匹跑步機,沙田,,沙田,,,,,,上斜,,馬匹跑步機 - 慢跑,,馬匹跑步機 - 慢跑 （上斜）
H180,03/02/2026,游水,沙田,,沙田,,,,,,,,游水,,
H180,02/02/2026,馬匹跑步機,沙田,,沙田,,,,,,上斜,,馬匹跑步機 - 慢跑,,馬匹跑步機 - 慢跑 （上斜）
H180,02/02/2026,游水,沙田,,沙田,,,,,,,,游水,,
H180,01/02/2026,游水,沙田,,沙田,,,,,,,,游水,,
H180,01/02/2026,踱步,沙田,內圈,沙田 內圈,,,,,,助手,,快踱一圈,,內圈 快踱一圈 (助手)
H180,31/01/2026,游水,沙田,,沙田,,,,,,,,游水,,
H180,31/01/2026,快操,沙田,全天候,沙田 全天候,,31.7,31.7,31.7,,助手,,快操,,31.7 (31.7) (助手)
H180,31/01/2026,踱步,沙田,飛機場,沙田 飛機場,,,,,,助手,,踱步,,飛機場 踱步 (助手)
H180,30/01/2026,馬匹跑步機,沙田,,沙田,,,,,,上斜,,馬匹跑步機 - 慢跑,,馬匹跑步機 - 慢跑 （上斜）
H180,30/01/2026,游水,沙田,,沙田,,,,,,,,游水,,
H180,29/01/2026,馬匹跑步機,沙田,,沙田,,,,,,上斜,,馬匹跑步機 - 慢跑,,馬匹跑步機 - 慢跑 （上斜）
H180,29/01/2026,游水,沙田,,沙田,,,,,,,,游水,,
H180,28/01/2026,馬匹跑步機,沙田,,沙田,,,,,,上斜,,馬匹跑步機 - 踱步,,馬匹跑步機 - 踱步 （上斜）
H180,28/01/2026,游水,沙田,,沙田,,,,,,,,游水,,
H180,27/01/2026,游水,沙田,,沙田,,,,,,,,游水,,
H180,27/01/2026,快操,沙田,全天候,沙田 全天候,,54.8,54.8,30.3 24.5,,潘明輝,,爽飆王子,B,30.3 24.5 (54.8) (潘明輝) 爽飆王子
H180,27/01/2026,踱步,沙田,飛機場,沙田 飛機場,,,,,,助手,,踱步,B,飛機場 踱步 (助手)
H180,26/01/2026,馬匹跑步機,沙田,,沙田,,,,,,上斜,,馬匹跑步機 - 慢跑,,馬匹跑步機 - 慢跑 （上斜）
H180,26/01/2026,游水,沙田,,沙田,,,,,,,,游水,,
H180,25/01/2026,游水,沙田,,沙田,,,,,,,,游水,,
H180,25/01/2026,踱步,沙田,內圈,沙田 內圈,,,,,,助手,,快踱一圈,,內圈 快踱一圈 (助手)
H180,24/01/2026,馬匹跑步機,沙田,,沙田,,,,,,上斜,,馬匹跑步機 - 慢跑,,馬匹跑步機 - 慢跑 （上斜）
H180,24/01/2026,游水,沙田,,沙田,,,,,,,,游水,,
H180,23/01/2026,馬匹跑步機,沙田,,沙田,,,,,,上斜,,馬匹跑步機 - 慢跑,,馬匹跑步機 - 慢跑 （上斜）
H180,23/01/2026,游水,沙田,,沙田,,,,,,,,游水,,
H180,22/01/2026,馬匹跑步機,沙田,,沙田,,,,,,上斜,,馬匹跑步機 - 慢跑,,馬匹跑步機 - 慢跑 （上斜）
H180,22/01/2026,游水,沙田,,沙田,,,,,,,,游水,,
H180,21/01/2026,游水,沙田,,沙田,,,,,,,,游水,,
H180,20/01/2026,試閘,沙田,草地,沙田 草地,1000M,0.58.66,58.66,14.0 22.0 22.6,東方福寶,李諾宸,,第5組,B,第5組 (李諾宸) 1000M 東方福寶 14.0 22.0 22.6 (0.58.66)
H180,20/01/2026,游水,沙田,,沙田,,,,,,,,游水,,
H180,20/01/2026,踱步,沙田,飛機場,沙田 飛機場,,,,,,助手,,踱步,,飛機場 踱步 (助手)
H180,19/01/2026,馬匹跑步機,沙田,,沙田,,,,,,上斜,,馬匹跑步機 - 慢跑,,馬匹跑步機 - 慢跑 （上斜）
H180,19/01/2026,游水,沙田,,沙田,,,,,,,,游水,,
H180,18/01/2026,游水,沙田,,沙田,,,,,,,,游水,,
H180,18/01/2026,踱步,沙田,內圈,沙田 內圈,,,,,,助手,,快踱一圈,,內圈 快踱一圈 (助手)
H180,17/01/2026,馬匹跑步機,沙田,,沙田,,,,,,上斜,,馬匹跑步機 - 慢跑,,馬匹跑步機 - 慢跑 （上斜）
H180,17/01/2026,游水,沙田,,沙田,,,,,,,,游水,,
H180,16/01/2026,游水,沙田,,沙田,,,,,,,,游水,,
H180,16/01/2026,快操,沙田,全天候,沙田 全天候,,51.5,51.5,28.1 23.4,,助手,,英駿威楓,,28.1 23.4 (51.5) (助手) 英駿威楓
H180,16/01/2026,踱步,沙田,飛機場,沙田 飛機場,,,,,,助手,,踱步,,飛機場 踱步 (助手)
H180,15/01/2026,馬匹跑步機,沙田,,沙田,,,,,,上斜,,馬匹跑步機 - 慢跑,,馬匹跑步機 - 慢跑 （上斜）
H180,15/01/2026,游水,沙田,,沙田,,,,,,,,游水,,
H180,14/01/2026,馬匹跑步機,沙田,,沙田,,,,,,上斜,,馬匹跑步機 - 慢跑,,馬匹跑步機 - 慢跑 （上斜）
H180,14/01/2026,游水,沙田,,沙田,,,,,,,,游水,,
H180,13/01/2026,馬匹跑步機,沙田,,沙田,,,,,,上斜,,馬匹跑步機 - 慢跑,,馬匹跑步機 - 慢跑 （上斜）
H180,13/01/2026,游水,沙田,,沙田,,,,,,,,游水,,
H180,12/01/2026,馬匹跑步機,沙田,,沙田,,,,,,上斜,,馬匹跑步機 - 慢跑,,馬匹跑步機 - 慢跑 （上斜）
H180,12/01/2026,游水,沙田,,沙田,,,,,,,,游水,,
H180,11/01/2026,踱步,沙田,內圈,沙田 內圈,,,,,,助手,,快踱一圈,,內圈 快踱一圈 (助手)
H180,10/01/2026,馬匹跑步機,沙田,,沙田,,,,,,上斜,,馬匹跑步機 - 慢跑,,馬匹跑步機 - 慢跑 （上斜）
H180,10/01/2026,游水,沙田,,沙田,,,,,,,,游水,,
H180,09/01/2026,馬匹跑步機,沙田,,沙田,,,,,,上斜,,馬匹跑步機 - 慢跑,,馬匹跑步機 - 慢跑 （上斜）
H180,09/01/2026,游水,沙田,,沙田,,,,,,,,游水,,
H180,08/01/2026,馬匹跑步機,沙田,,沙田,,,,,,上斜,,馬匹跑步機 - 慢跑,,馬匹跑步機 - 慢跑 （上斜）
H180,08/01/2026,游水,沙田,,沙田,,,,,,,,游水,,
H180,07/01/2026,馬匹跑步機,沙田,,沙田,,,,,,上斜,,馬匹跑步機 - 慢跑,,馬匹跑步機 - 慢跑 （上斜）
H180,07/01/2026,游水,沙田,,沙田,,,,,,,,游水,,
H180,06/01/2026,馬匹跑步機,沙田,,沙田,,,,,,上斜,,馬匹跑步機 - 踱步,,馬匹跑步機 - 踱步 （上斜）
H180,06/01/2026,游水,沙田,,沙田,,,,,,,,游水,,
H180,05/01/2026,游水,沙田,,沙田,,,,,,,,游水,,
H180,05/01/2026,快操,沙田,草閘,沙田 草閘,,48.3,48.3,25.0 23.3,,潘明輝,,八駿威楓,,25.0 23.3 (48.3) (潘明輝) 八駿威楓
H180,05/01/2026,踱步,沙田,飛機場,沙田 飛機場,,,,,,助手,,踱步,,飛機場 踱步 (助手)
H180,04/01/2026,游水,沙田,,沙田,,,,,,,,游水,,
H180,04/01/2026,踱步,沙田,內圈,沙田 內圈,,,,,,助手,,快踱一圈,,內圈 快踱一圈 (助手)
H180,03/01/2026,馬匹跑步機,沙田,,沙田,,,,,,上斜,,馬匹跑步機 - 慢跑,,馬匹跑步機 - 慢跑 （上斜）
H180,03/01/2026,游水,沙田,,沙田,,,,,,,,游水,,
H180,02/01/2026,馬匹跑步機,沙田,,沙田,,,,,,上斜,,馬匹跑步機 - 慢跑,,馬匹跑步機 - 慢跑 （上斜）
H180,02/01/2026,游水,沙田,,沙田,,,,,,,,游水,,
H180,01/01/2026,游水,沙田,,沙田,,,,,,,,游水,,
H180,01/01/2026,踱步,沙田,內圈,沙田 內圈,,,,,,助手,,倒快兩圈,,內圈 倒快兩圈 (助手)
H180,31/12/2025,馬匹跑步機,沙田,,沙田,,,,,,上斜,,馬匹跑步機 - 慢跑,,馬匹跑步機 - 慢跑 （上斜）
H180,31/12/2025,游水,沙田,,沙田,,,,,,,,游水,,
H180,30/12/2025,游水,沙田,,沙田,,,,,,,,游水,,
H180,29/12/2025,試閘,沙田,全天候,沙田 全天候,1200M,1.11.15,71.15,24.3 22.9 23.9,皇金合,奧爾民,,第5組,B,第5組 (奧爾民) 1200M 皇金合 24.3 22.9 23.9 (1.11.15)
H180,29/12/2025,游水,沙田,,沙田,,,,,,,,游水,,
H180,29/12/2025,踱步,沙田,飛機場,沙田 飛機場,,,,,,助手,,踱步,,飛機場 踱步 (助手)
H180,28/12/2025,馬匹跑步機,沙田,,沙田,,,,,,上斜,,馬匹跑步機 - 慢跑,,馬匹跑步機 - 慢跑 （上斜）
H180,28/12/2025,游水,沙田,,沙田,,,,,,,,游水,,
H180,27/12/2025,踱步,沙田,外圈,沙田 外圈,,,,,,助手,,快踱一圈,,外圈 快踱一圈 (助手)
H180,26/12/2025,馬匹跑步機,沙田,,沙田,,,,,,上斜,,馬匹跑步機 - 慢跑,,馬匹跑步機 - 慢跑 （上斜）
H180,26/12/2025,游水,沙田,,沙田,,,,,,,,游水,,
H180,25/12/2025,馬匹跑步機,沙田,,沙田,,,,,,上斜,,馬匹跑步機 - 快操,,馬匹跑步機 - 快操 （上斜）
H180,25/12/2025,游水,沙田,,沙田,,,,,,,,游水,,
H180,24/12/2025,馬匹跑步機,沙田,,沙田,,,,,,上斜,,馬匹跑步機 - 慢跑,,馬匹跑步機 - 慢跑 （上斜）
H180,24/12/2025,游水,沙田,,沙田,,,,,,,,游水,,
H180,23/12/2025,馬匹跑步機,沙田,,沙田,,,,,,上斜,,馬匹跑步機 - 慢跑,,馬匹跑步機 - 慢跑 （上斜）
H180,23/12/2025,游水,沙田,,沙田,,,,,,,,游水,,
H180,22/12/2025,馬匹跑步機,沙田,,沙田,,,,,,上斜,,馬匹跑步機 - 快操,,馬匹跑步機 - 快操 （上斜）
H180,22/12/2025,游水,沙田,,沙田,,,,,,,,游水,,
H180,21/12/2025,馬匹跑步機,沙田,,沙田,,,,,,上斜,,馬匹跑步機 - 慢跑,,馬匹跑步機 - 慢跑 （上斜）
H180,21/12/2025,游水,沙田,,沙田,,,,,,,,游水,,
H180,20/12/2025,游水,沙田,,沙田,,,,,,,,游水,,
H180,20/12/2025,踱步,沙田,內圈,沙田 內圈,,,,,,助手,,快踱一圈,,內圈 快踱一圈 (助手)
H180,19/12/2025,馬匹跑步機,沙田,,沙田,,,,,,上斜,,馬匹跑步機 - 踱步,,馬匹跑步機 - 踱步 （上斜）
H180,19/12/2025,游水,沙田,,沙田,,,,,,,,游水,,
H180,18/12/2025,馬匹跑步機,沙田,,沙田,,,,,,上斜,,馬匹跑步機 - 快操,,馬匹跑步機 - 快操 （上斜）
H180,18/12/2025,游水,沙田,,沙田,,,,,,,,游水,,
H180,17/12/2025,馬匹跑步機,沙田,,沙田,,,,,,上斜,,馬匹跑步機 - 慢跑,,馬匹跑步機 - 慢跑 （上斜）
H180,17/12/2025,游水,沙田,,沙田,,,,,,,,游水,,
H180,16/12/2025,馬匹跑步機,沙田,,沙田,,,,,,上斜,,馬匹跑步機 - 慢跑,,馬匹跑步機 - 慢跑 （上斜）
H180,16/12/2025,游水,沙田,,沙田,,,,,,,,游水,,
H180,15/12/2025,馬匹跑步機,沙田,,沙田,,,,,,上斜,,馬匹跑步機 - 慢跑,,馬匹跑步機 - 慢跑 （上斜）
H180,15/12/2025,游水,沙田,,沙田,,,,,,,,游水,,
H180,14/12/2025,游水,沙田,,沙田,,,,,,,,游水,,
H180,12/12/2025,游水,沙田,,沙田,,,,,,,,游水,,
H180,11/12/2025,游水,沙田,,沙田,,,,,,,,游水,,
H180,10/12/2025,馬匹跑步機,沙田,,沙田,,,,,,上斜,,馬匹跑步機 - 踱步,,馬匹跑步機 - 踱步 （上斜）
H180,10/12/2025,出賽,跑馬地,草地,跑馬地 草地,1200M,,,,,潘明輝,11/12,出賽,B,1200M (潘明輝) (11/12)
H180,10/12/2025,游水,沙田,,沙田,,,,,,,,游水,,
H180,09/12/2025,馬匹跑步機,沙田,,沙田,,,,,,上斜,,馬匹跑步機 - 踱步,,馬匹跑步機 - 踱步 （上斜）
H180,09/12/2025,游水,沙田,,沙田,,,,,,,,游水,,
H180,08/12/2025,馬匹跑步機,沙田,,沙田,,,,,,上斜,,馬匹跑步機 - 踱步,,馬匹跑步機 - 踱步 （上斜）
H180,08/12/2025,游水,沙田,,沙田,,,,,,,,游水,,
H180,07/12/2025,游水,沙田,,沙田,,,,,,,,游水,,
H180,07/12/2025,踱步,沙田,彭福公園,沙田 彭福公園,,,,,,助手,,踱步,,彭福公園 踱步 (助手)
H180,06/12/2025,游水,沙田,,沙田,,,,,,,,游水,,
H180,05/12/2025,游水,從化,,從化,,,,,,,,游水,,
H180,05/12/2025,踱步,從化,內圈,從化 內圈,,,,,,助手,,快踱一圈,,內圈 快踱一圈 (助手)
H180,04/12/2025,游水,從化,,從化,,,,,,,,游水,,
H180,04/12/2025,踱步,從化,內圈,從化 內圈,,,,,,助手,,倒快兩圈,H,內圈 倒快兩圈 (助手)
H180,03/12/2025,游水,從化,,從化,,,,,,,,游水,,
H180,03/12/2025,踱步,從化,內圈,從化 內圈,,,,,,助手,,快踱一圈,,內圈 快踱一圈 (助手)
H180,02/12/2025,馬匹水中步行機,從化,,從化,,,,,,,,馬匹水中步行機,,
H180,02/12/2025,游水,從化,,從化,,,,,,,,游水,,
H180,01/12/2025,試閘,從化,草地,從化 草地,1200M,1.11.18,71.18,24.6 22.8 23.7,年年友福,潘明輝,,第5組,B,第5組 (潘明輝) 1200M 年年友福 24.6 22.8 23.7 (1.11.18)
H180,01/12/2025,踱步,從化,飛機場,從化 飛機場,,,,,,助手,,踱步,B,飛機場 踱步 (助手)
H180,30/11/2025,游水,從化,,從化,,,,,,,,游水,,
H180,30/11/2025,踱步,從化,內圈,從化 內圈,,,,,,助手,,快踱一圈,,內圈 快踱一圈 (助手)
H180,29/11/2025,游水,從化,,從化,,,,,,,,游水,,
H180,29/11/2025,踱步,從化,內圈,從化 內圈,,,,,,助手,,快踱一圈,,內圈 快踱一圈 (助手)
H180,28/11/2025,游水,從化,,從化,,,,,,,,游水,,
H180,28/11/2025,快操,從化,全天候,從化 全天候,,50.4,50.4,26.3 24.1,,助手,,管之友,B,26.3 24.1 (50.4) (助手) 管之友
H180,28/11/2025,踱步,從化,飛機場,從化 飛機場,,,,,,助手,,踱步,B,飛機場 踱步 (助手)
H180,27/11/2025,游水,從化,,從化,,,,,,,,游水,,
H180,27/11/2025,踱步,從化,內圈,從化 內圈,,,,,,助手,,倒快兩圈,,內圈 倒快兩圈 (助手)
H180,26/11/2025,游水,從化,,從化,,,,,,,,游水,,
H180,26/11/2025,踱步,從化,內圈,從化 內圈,,,,,,助手,,快踱一圈,,內圈 快踱一圈 (助手)
H180,25/11/2025,游水,從化,,從化,,,,,,,,游水,,
H180,25/11/2025,快操,從化,全天候,從化 全天候,,55.2,55.2,29.4 25.8,,助手,,快操,,29.4 25.8 (55.2) (助手)
H180,25/11/2025,踱步,從化,飛機場,從化 飛機場,,,,,,助手,,踱步,,飛機場 踱步 (助手)
H180,24/11/2025,游水,從化,,從化,,,,,,,,游水,,
H180,24/11/2025,踱步,從化,內圈,從化 內圈,,,,,,助手,,倒快兩圈,,內圈 倒快兩圈 (助手)
H180,23/11/2025,游水,從化,,從化,,,,,,,,游水,,
H180,23/11/2025,踱步,從化,內圈,從化 內圈,,,,,,助手,,快踱一圈,,內圈 快踱一圈 (助手)
H180,22/11/2025,馬匹水中步行機,從化,,從化,,,,,,,,馬匹水中步行機,,
H180,22/11/2025,游水,從化,,從化,,,,,,,,游水,,
H180,20/11/2025,馬匹跑步機,沙田,,沙田,,,,,,上斜,,馬匹跑步機 - 慢跑,,馬匹跑步機 - 慢跑 （上斜）
H180,20/11/2025,游水,沙田,,沙田,,,,,,,,游水,,
H180,19/11/2025,馬匹跑步機,沙田,,沙田,,,,,,上斜,,馬匹跑步機 - 慢跑,,馬匹跑步機 - 慢跑 （上斜）
H180,19/11/2025,游水,沙田,,沙田,,,,,,,,游水,,
H180,18/11/2025,馬匹跑步機,沙田,,沙田,,,,,,上斜,,馬匹跑步機 - 慢跑,,馬匹跑步機 - 慢跑 （上斜）
H180,18/11/2025,游水,沙田,,沙田,,,,,,,,游水,,
H180,17/11/2025,馬匹跑步機,沙田,,沙田,,,,,,上斜,,馬匹跑步機 - 慢跑,,馬匹跑步機 - 慢跑 （上斜）
H180,17/11/2025,游水,沙田,,沙田,,,,,,,,游水,,
H180,16/11/2025,馬匹跑步機,沙田,,沙田,,,,,,上斜,,馬匹跑步機 - 慢跑,,馬匹跑步機 - 慢跑 （上斜）
H180,16/11/2025,游水,沙田,,沙田,,,,,,,,游水,,
H180,15/11/2025,游水,沙田,,沙田,,,,,,,,游水,,
H180,15/11/2025,踱步,沙田,彭福公園,沙田 彭福公園,,,,,,助手,,踱步,,彭福公園 踱步 (助手)
H180,14/11/2025,馬匹跑步機,沙田,,沙田,,,,,,上斜,,馬匹跑步機 - 慢跑,,馬匹跑步機 - 慢跑 （上斜）
H180,14/11/2025,游水,沙田,,沙田,,,,,,,,游水,,
H180,13/11/2025,馬匹跑步機,沙田,,沙田,,,,,,上斜,,馬匹跑步機 - 慢跑,,馬匹跑步機 - 慢跑 （上斜）
H180,13/11/2025,游水,沙田,,沙田,,,,,,,,游水,,
H180,12/11/2025,馬匹跑步機,沙田,,沙田,,,,,,上斜,,馬匹跑步機 - 踱步,,馬匹跑步機 - 踱步 （上斜）
H180,12/11/2025,游水,沙田,,沙田,,,,,,,,游水,,
H180,11/11/2025,游水,沙田,,沙田,,,,,,,,游水,,
H180,10/11/2025,游水,沙田,,沙田,,,,,,,,游水,,
H180,09/11/2025,出賽,沙田,草地,沙田 草地,1600M,,,,,潘明輝,1/14,出賽,B/TT-,1600M (潘明輝) (1/14)
H180,09/11/2025,踱步,沙田,彭福公園,沙田 彭福公園,,,,,,助手,,踱步,,彭福公園 踱步 (助手)
H180,08/11/2025,馬匹跑步機,沙田,,沙田,,,,,,上斜,,馬匹跑步機 - 慢跑,,馬匹跑步機 - 慢跑 （上斜）
H180,08/11/2025,游水,沙田,,沙田,,,,,,,,游水,,
H180,07/11/2025,馬匹跑步機,沙田,,沙田,,,,,,上斜,,馬匹跑步機 - 快操,,馬匹跑步機 - 快操 （上斜）
H180,07/11/2025,游水,沙田,,沙田,,,,,,,,游水,,
H180,06/11/2025,馬匹跑步機,沙田,,沙田,,,,,,上斜,,馬匹跑步機 - 慢跑,,馬匹跑步機 - 慢跑 （上斜）
H180,06/11/2025,游水,沙田,,沙田,,,,,,,,游水,,
H180,05/11/2025,馬匹跑步機,沙田,,沙田,,,,,,上斜,,馬匹跑步機 - 慢跑,,馬匹跑步機 - 慢跑 （上斜）
H180,05/11/2025,游水,沙田,,沙田,,,,,,,,游水,,
H180,04/11/2025,游水,沙田,,沙田,,,,,,,,游水,,
H180,04/11/2025,快操,沙田,全天候,沙田 全天候,,54.1,54.1,29.7 24.4,,潘明輝,,天福,B,29.7 24.4 (54.1) (潘明輝) 天福
H180,04/11/2025,踱步,沙田,飛機場,沙田 飛機場,,,,,,助手,,踱步,B,飛機場 踱步 (助手)
H180,03/11/2025,馬匹跑步機,沙田,,沙田,,,,,,上斜,,馬匹跑步機 - 慢跑,,馬匹跑步機 - 慢跑 （上斜）
H180,03/11/2025,游水,沙田,,沙田,,,,,,,,游水,,
H180,02/11/2025,游水,沙田,,沙田,,,,,,,,游水,,
H180,02/11/2025,踱步,沙田,彭福公園,沙田 彭福公園,,,,,,助手,,踱步,,彭福公園 踱步 (助手)
H180,01/11/2025,馬匹跑步機,沙田,,沙田,,,,,,上斜,,馬匹跑步機 - 慢跑,,馬匹跑步機 - 慢跑 （上斜）
H180,01/11/2025,游水,沙田,,沙田,,,,,,,,游水,,
H180,31/10/2025,馬匹跑步機,沙田,,沙田,,,,,,上斜,,馬匹跑步機 - 快操,,馬匹跑步機 - 快操 （上斜）
H180,31/10/2025,游水,沙田,,沙田,,,,,,,,游水,,
H180,30/10/2025,馬匹跑步機,沙田,,沙田,,,,,,上斜,,馬匹跑步機 - 慢跑,,馬匹跑步機 - 慢跑 （上斜）
H180,30/10/2025,游水,沙田,,沙田,,,,,,,,游水,,
H180,29/10/2025,馬匹跑步機,沙田,,沙田,,,,,,上斜,,馬匹跑步機 - 慢跑,,馬匹跑步機 - 慢跑 （上斜）
H180,29/10/2025,游水,沙田,,沙田,,,,,,,,游水,,
H180,28/10/2025,馬匹跑步機,沙田,,沙田,,,,,,上斜,,馬匹跑步機 - 快操,,馬匹跑步機 - 快操 （上斜）
H180,28/10/2025,游水,沙田,,沙田,,,,,,,,游水,,
H180,27/10/2025,馬匹跑步機,沙田,,沙田,,,,,,上斜,,馬匹跑步機 - 慢跑,,馬匹跑步機 - 慢跑 （上斜）
H180,27/10/2025,游水,沙田,,沙田,,,,,,,,游水,,
H180,26/10/2025,游水,沙田,,沙田,,,,,,,,游水,,
H180,26/10/2025,踱步,沙田,彭福公園,沙田 彭福公園,,,,,,助手,,踱步,,彭福公園 踱步 (助手)
H180,25/10/2025,馬匹跑步機,沙田,,沙田,,,,,,上斜,,馬匹跑步機 - 慢跑,,馬匹跑步機 - 慢跑 （上斜）
H180,25/10/2025,游水,沙田,,沙田,,,,,,,,游水,,
H180,24/10/2025,馬匹跑步機,沙田,,沙田,,,,,,上斜,,馬匹跑步機 - 快操,,馬匹跑步機 - 快操 （上斜）
H180,24/10/2025,游水,沙田,,沙田,,,,,,,,游水,,
H180,23/10/2025,馬匹跑步機,沙田,,沙田,,,,,,上斜,,馬匹跑步機 - 慢跑,,馬匹跑步機 - 慢跑 （上斜）
H180,23/10/2025,游水,沙田,,沙田,,,,,,,,游水,,
H180,22/10/2025,馬匹跑步機,沙田,,沙田,,,,,,上斜,,馬匹跑步機 - 慢跑,,馬匹跑步機 - 慢跑 （上斜）
H180,22/10/2025,游水,沙田,,沙田,,,,,,,,游水,,
H180,21/10/2025,馬匹跑步機,沙田,,沙田,,,,,,上斜,,馬匹跑步機 - 慢跑,,馬匹跑步機 - 慢跑 （上斜）
H180,21/10/2025,游水,沙田,,沙田,,,,,,,,游水,,
H180,20/10/2025,游水,沙田,,沙田,,,,,,,,游水,,
H180,20/10/2025,快操,沙田,草地,沙田 草地,,52.3,52.3,29.6 22.7,,黃寶妮,,嘉應奇兵,B,29.6 22.7 (52.3) (黃寶妮) 嘉應奇兵
H180,20/10/2025,踱步,沙田,飛機場,沙田 飛機場,,,,,,黃寶妮,,踱步,B,飛機場 踱步 (黃寶妮)
H180,19/10/2025,游水,沙田,,沙田,,,,,,,,游水,,
H180,19/10/2025,踱步,沙田,彭福公園,沙田 彭福公園,,,,,,助手,,踱步,,彭福公園 踱步 (助手)
H180,18/10/2025,馬匹跑步機,沙田,,沙田,,,,,,上斜,,馬匹跑步機 - 慢跑,,馬匹跑步機 - 慢跑 （上斜）
H180,18/10/2025,游水,沙田,,沙田,,,,,,,,游水,,
H180,17/10/2025,馬匹跑步機,沙田,,沙田,,,,,,上斜,,馬匹跑步機 - 慢跑,,馬匹跑步機 - 慢跑 （上斜）
H180,17/10/2025,游水,沙田,,沙田,,,,,,,,游水,,
H180,16/10/2025,馬匹跑步機,沙田,,沙田,,,,,,上斜,,馬匹跑步機 - 快操,,馬匹跑步機 - 快操 （上斜）
H180,16/10/2025,游水,沙田,,沙田,,,,,,,,游水,,
H180,15/10/2025,馬匹跑步機,沙田,,沙田,,,,,,上斜,,馬匹跑步機 - 慢跑,,馬匹跑步機 - 慢跑 （上斜）
H180,15/10/2025,游水,沙田,,沙田,,,,,,,,游水,,
H180,14/10/2025,馬匹跑步機,沙田,,沙田,,,,,,上斜,,馬匹跑步機 - 快操,,馬匹跑步機 - 快操 （上斜）
H180,14/10/2025,游水,沙田,,沙田,,,,,,,,游水,,
H180,13/10/2025,馬匹跑步機,沙田,,沙田,,,,,,上斜,,馬匹跑步機 - 慢跑,,馬匹跑步機 - 慢跑 （上斜）
H180,13/10/2025,游水,沙田,,沙田,,,,,,,,游水,,
H180,12/10/2025,游水,沙田,,沙田,,,,,,,,游水,,
H180,12/10/2025,踱步,沙田,彭福公園,沙田 彭福公園,,,,,,助手,,踱步,,彭福公園 踱步 (助手)
H180,11/10/2025,馬匹跑步機,沙田,,沙田,,,,,,上斜,,馬匹跑步機 - 慢跑,,馬匹跑步機 - 慢跑 （上斜）
H180,11/10/2025,游水,沙田,,沙田,,,,,,,,游水,,
H180,10/10/2025,馬匹跑步機,沙田,,沙田,,,,,,上斜,,馬匹跑步機 - 慢跑,,馬匹跑步機 - 慢跑 （上斜）
H180,10/10/2025,游水,沙田,,沙田,,,,,,,,游水,,
H180,09/10/2025,馬匹跑步機,沙田,,沙田,,,,,,上斜,,馬匹跑步機 - 踱步,,馬匹跑步機 - 踱步 （上斜）
H180,09/10/2025,游水,沙田,,沙田,,,,,,,,游水,,
H180,08/10/2025,馬匹跑步機,沙田,,沙田,,,,,,上斜,,馬匹跑步機 - 踱步,,馬匹跑步機 - 踱步 （上斜）
H180,08/10/2025,游水,沙田,,沙田,,,,,,,,游水,,
H180,07/10/2025,馬匹跑步機,沙田,,沙田,,,,,,,,馬匹跑步機 - 踱步,,馬匹跑步機 - 踱步
H180,07/10/2025,游水,沙田,,沙田,,,,,,,,游水,,
H180,06/10/2025,游水,沙田,,沙田,,,,,,,,游水,,
H180,05/10/2025,游水,沙田,,沙田,,,,,,,,游水,,
H180,04/10/2025,出賽,沙田,草地,沙田 草地,1400M,,,,,田泰安,9/14,出賽,B/TT,1400M (田泰安) (9/14)
H180,04/10/2025,踱步,沙田,彭福公園,沙田 彭福公園,,,,,,助手,,踱步,,彭福公園 踱步 (助手)
H180,03/10/2025,游水,沙田,,沙田,,,,,,,,游水,,
H180,03/10/2025,踱步,沙田,內圈,沙田 內圈,,,,,,助手,,快踱一圈,,內圈 快踱一圈 (助手)
H180,02/10/2025,游水,沙田,,沙田,,,,,,,,游水,,
H180,02/10/2025,踱步,沙田,內圈,沙田 內圈,,,,,,助手,,倒快兩圈,,內圈 倒快兩圈 (助手)
H180,01/10/2025,游水,沙田,,沙田,,,,,,,,游水,,
H180,01/10/2025,踱步,沙田,內圈,沙田 內圈,,,,,,助手,,快踱一圈,,內圈 快踱一圈 (助手)
H180,30/09/2025,游水,沙田,,沙田,,,,,,,,游水,,
H180,30/09/2025,踱步,沙田,彭福公園,沙田 彭福公園,,,,,,助手,,踱步,,彭福公園 踱步 (助手)
H180,29/09/2025,游水,沙田,,沙田,,,,,,,,游水,,
H180,28/09/2025,出賽,沙田,草地,沙田 草地,1600M,,,,,田泰安,4/14,出賽,B/TT,1600M (田泰安) (4/14)
H180,28/09/2025,游水,沙田,,沙田,,,,,,,,游水,,
H180,28/09/2025,踱步,沙田,彭福公園,沙田 彭福公園,,,,,,助手,,踱步,,彭福公園 踱步 (助手)
H180,27/09/2025,游水,沙田,,沙田,,,,,,,,游水,,
H180,27/09/2025,踱步,沙田,內圈,沙田 內圈,,,,,,助手,,快踱一圈,,內圈 快踱一圈 (助手)
H180,26/09/2025,游水,沙田,,沙田,,,,,,,,游水,,
H180,26/09/2025,快操,沙田,全天候,沙田 全天候,,54.9,54.9,28.6 26.3,,黃寶妮,,快操,,28.6 26.3 (54.9) (黃寶妮)
H180,26/09/2025,踱步,沙田,飛機場,沙田 飛機場,,,,,,助手,,踱步,,飛機場 踱步 (助手)
H180,25/09/2025,游水,沙田,,沙田,,,,,,,,游水,,
H180,25/09/2025,踱步,沙田,內圈,沙田 內圈,,,,,,助手,,倒快一圈,,內圈 倒快一圈 (助手)
H180,23/09/2025,游水,沙田,,沙田,,,,,,,,游水,,
H180,23/09/2025,踱步,沙田,內圈,沙田 內圈,,,,,,助手,,快踱一圈,,內圈 快踱一圈 (助手)
H180,22/09/2025,游水,沙田,,沙田,,,,,,,,游水,,
H180,22/09/2025,快操,沙田,全天候,沙田 全天候,,52.5,52.5,27.1 25.4,,田泰安,,快操,,27.1 25.4 (52.5) (田泰安)
H180,22/09/2025,踱步,沙田,飛機場,沙田 飛機場,,,,,,助手,,踱步,,飛機場 踱步 (助手)
H180,21/09/2025,踱步,沙田,內圈,沙田 內圈,,,,,,助手,,快踱一圈,,內圈 快踱一圈 (助手)
H180,20/09/2025,游水,沙田,,沙田,,,,,,,,游水,,
H180,20/09/2025,踱步,沙田,內圈,沙田 內圈,,,,,,助手,,快踱一圈,,內圈 快踱一圈 (助手)
H180,19/09/2025,游水,沙田,,沙田,,,,,,,,游水,,
H180,19/09/2025,踱步,沙田,內圈,沙田 內圈,,,,,,助手,,快踱一圈,,內圈 快踱一圈 (助手)
H180,18/09/2025,游水,沙田,,沙田,,,,,,,,游水,,
H180,18/09/2025,踱步,沙田,內圈,沙田 內圈,,,,,,助手,,倒快兩圈,,內圈 倒快兩圈 (助手)
H180,17/09/2025,游水,沙田,,沙田,,,,,,,,游水,,
H180,17/09/2025,踱步,沙田,內圈,沙田 內圈,,,,,,助手,,快踱一圈,,內圈 快踱一圈 (助手)
H180,16/09/2025,游水,沙田,,沙田,,,,,,,,游水,,
H180,15/09/2025,游水,沙田,,沙田,,,,,,,,游水,,
H180,14/09/2025,出賽,沙田,草地,沙田 草地,1400M,,,,,田泰安,7/14,出賽,B/TT,1400M (田泰安) (7/14)
H180,14/09/2025,踱步,沙田,彭福公園,沙田 彭福公園,,,,,,助手,,踱步,,彭福公園 踱步 (助手)
H180,13/09/2025,游水,沙田,,沙田,,,,,,,,游水,,
H180,13/09/2025,踱步,沙田,內圈,沙田 內圈,,,,,,助手,,快踱一圈,,內圈 快踱一圈 (助手)
H180,12/09/2025,游水,沙田,,沙田,,,,,,,,游水,,
H180,12/09/2025,踱步,沙田,外圈,沙田 外圈,,,,,,助手,,快踱一圈,,外圈 快踱一圈 (助手)
H180,11/09/2025,游水,沙田,,沙田,,,,,,,,游水,,
H180,11/09/2025,踱步,沙田,內圈,沙田 內圈,,,,,,助手,,倒快兩圈,,內圈 倒快兩圈 (助手)
H180,10/09/2025,游水,沙田,,沙田,,,,,,,,游水,,
H180,10/09/2025,踱步,沙田,內圈,沙田 內圈,,,,,,助手,,快踱一圈,,內圈 快踱一圈 (助手)
H180,09/09/2025,游水,沙田,,沙田,,,,,,,,游水,,
H180,09/09/2025,快操,沙田,全天候,沙田 全天候,,50.3,50.3,26.6 23.7,,田泰安,,快狠準,B,26.6 23.7 (50.3) (田泰安) 快狠準
H180,09/09/2025,踱步,沙田,飛機場,沙田 飛機場,,,,,,助手,,踱步,B,飛機場 踱步 (助手)
H180,08/09/2025,游水,沙田,,沙田,,,,,,,,游水,,
H180,08/09/2025,踱步,沙田,飛機場,沙田 飛機場,,,,,,助手,,踱步,,飛機場 踱步 (助手)
H180,07/09/2025,游水,沙田,,沙田,,,,,,,,游水,,
H180,07/09/2025,踱步,沙田,內圈,沙田 內圈,,,,,,助手,,快踱一圈,,內圈 快踱一圈 (助手)
H180,06/09/2025,游水,沙田,,沙田,,,,,,,,游水,,
H180,05/09/2025,試閘,沙田,全天候,沙田 全天候,1200M,1.10.51,70.51,24.4 22.8 23.3,午夜快車,吳喬恩,,第6組,B,第6組 (吳喬恩) 1200M 午夜快車 24.4 22.8 23.3 (1.10.51)
H180,05/09/2025,游水,沙田,,沙田,,,,,,,,游水,,
H180,05/09/2025,踱步,沙田,飛機場,沙田 飛機場,,,,,,助手,,踱步,,飛機場 踱步 (助手)
H180,04/09/2025,游水,沙田,,沙田,,,,,,,,游水,,
H180,04/09/2025,踱步,沙田,內圈,沙田 內圈,,,,,,助手,,倒快兩圈,,內圈 倒快兩圈 (助手)
H180,03/09/2025,游水,沙田,,沙田,,,,,,,,游水,,
H180,03/09/2025,踱步,沙田,內圈,沙田 內圈,,,,,,助手,,快踱一圈,,內圈 快踱一圈 (助手)
H180,02/09/2025,游水,沙田,,沙田,,,,,,,,游水,,
H180,02/09/2025,踱步,沙田,內圈,沙田 內圈,,,,,,助手,,快踱一圈,,內圈 快踱一圈 (助手)
H180,01/09/2025,游水,沙田,,沙田,,,,,,,,游水,,
H180,01/09/2025,快操,沙田,草閘,沙田 草閘,,48.6,48.6,26.2 22.4,,助手,,增霸,H,26.2 22.4 (48.6) (助手) 增霸
H180,01/09/2025,踱步,沙田,飛機場,沙田 飛機場,,,,,,助手,,踱步,H,飛機場 踱步 (助手)
H180,31/08/2025,游水,沙田,,沙田,,,,,,,,游水,,
H180,31/08/2025,踱步,沙田,內圈,沙田 內圈,,,,,,助手,,快踱一圈,,內圈 快踱一圈 (助手)
H180,30/08/2025,游水,沙田,,沙田,,,,,,,,游水,,
H180,30/08/2025,踱步,沙田,內圈,沙田 內圈,,,,,,助手,,快踱一圈,,內圈 快踱一圈 (助手)
H180,29/08/2025,游水,沙田,,沙田,,,,,,,,游水,,
H180,29/08/2025,踱步,沙田,內圈,沙田 內圈,,,,,,助手,,快踱一圈,,內圈 快踱一圈 (助手)
H180,28/08/2025,游水,沙田,,沙田,,,,,,,,游水,,
H180,28/08/2025,快操,沙田,草地,沙田 草地,,51.4,51.4,28.8 22.6,,助手,,快操,H,28.8 22.6 (51.4) (助手)
H180,28/08/2025,踱步,沙田,飛機場,沙田 飛機場,,,,,,助手,,踱步,H,飛機場 踱步 (助手)
H180,27/08/2025,游水,沙田,,沙田,,,,,,,,游水,,
H180,27/08/2025,踱步,沙田,內圈,沙田 內圈,,,,,,助手,,快踱一圈,,內圈 快踱一圈 (助手)
H180,26/08/2025,游水,沙田,,沙田,,,,,,,,游水,,
H180,26/08/2025,踱步,沙田,內圈,沙田 內圈,,,,,,助手,,快踱一圈,,內圈 快踱一圈 (助手)
H180,25/08/2025,游水,沙田,,沙田,,,,,,,,游水,,
H180,24/08/2025,游水,沙田,,沙田,,,,,,,,游水,,
H180,24/08/2025,踱步,沙田,飛機場,沙田 飛機場,,,,,,助手,,踱步,,飛機場 踱步 (助手)
H180,23/08/2025,游水,沙田,,沙田,,,,,,,,游水,,
H180,23/08/2025,踱步,沙田,內圈,沙田 內圈,,,,,,助手,,快踱一圈,,內圈 快踱一圈 (助手)
H180,22/08/2025,游水,沙田,,沙田,,,,,,,,游水,,
H180,22/08/2025,踱步,沙田,內圈,沙田 內圈,,,,,,助手,,快踱一圈,,內圈 快踱一圈 (助手)
H180,21/08/2025,游水,沙田,,沙田,,,,,,,,游水,,
H180,21/08/2025,快操,沙田,全天候,沙田 全天候,,51.6,51.6,27.6 24.0,,助手,,快操,B,27.6 24.0 (51.6) (助手)
H180,21/08/2025,踱步,沙田,飛機場,沙田 飛機場,,,,,,助手,,踱步,B,飛機場 踱步 (助手)
H180,20/08/2025,游水,沙田,,沙田,,,,,,,,游水,,
H180,20/08/2025,踱步,沙田,內圈,沙田 內圈,,,,,,助手,,快踱一圈,,內圈 快踱一圈 (助手)
H180,19/08/2025,游水,沙田,,沙田,,,,,,,,游水,,
H180,19/08/2025,踱步,沙田,內圈,沙田 內圈,,,,,,助手,,快踱一圈,,內圈 快踱一圈 (助手)
H180,18/08/2025,游水,沙田,,沙田,,,,,,,,游水,,
H180,18/08/2025,快操,沙田,全天候,沙田 全天候,,51.5,51.5,27.0 24.5,,助手,,快操,,27.0 24.5 (51.5) (助手)
H180,18/08/2025,踱步,沙田,飛機場,沙田 飛機場,,,,,,助手,,踱步,,飛機場 踱步 (助手)
H180,17/08/2025,游水,沙田,,沙田,,,,,,,,游水,,
H180,17/08/2025,踱步,沙田,內圈,沙田 內圈,,,,,,助手,,快踱一圈,,內圈 快踱一圈 (助手)
H180,16/08/2025,游水,沙田,,沙田,,,,,,,,游水,,
H180,16/08/2025,踱步,沙田,內圈,沙田 內圈,,,,,,助手,,快踱一圈,,內圈 快踱一圈 (助手)
H180,15/08/2025,游水,沙田,,沙田,,,,,,,,游水,,
H180,15/08/2025,踱步,沙田,內圈,沙田 內圈,,,,,,助手,,快踱一圈,,內圈 快踱一圈 (助手)
H180,14/08/2025,游水,沙田,,沙田,,,,,,,,游水,,
H180,14/08/2025,快操,沙田,全天候,沙田 全天候,,54.0,54.0,27.8 26.2,,助手,,快操,,27.8 26.2 (54.0) (助手)
H180,14/08/2025,踱步,沙田,飛機場,沙田 飛機場,,,,,,助手,,踱步,,飛機場 踱步 (助手)
H180,13/08/2025,游水,沙田,,沙田,,,,,,,,游水,,
H180,13/08/2025,踱步,沙田,內圈,沙田 內圈,,,,,,助手,,快踱一圈,,內圈 快踱一圈 (助手)
H180,12/08/2025,游水,沙田,,沙田,,,,,,,,游水,,
H180,12/08/2025,踱步,沙田,內圈,沙田 內圈,,,,,,助手,,快踱一圈,,內圈 快踱一圈 (助手)
H180,11/08/2025,游水,沙田,,沙田,,,,,,,,游水,,
H180,11/08/2025,快操,沙田,全天候,沙田 全天候,,53.4,53.4,27.5 25.9,,助手,,快操,,27.5 25.9 (53.4) (助手)
H180,11/08/2025,踱步,沙田,飛機場,沙田 飛機場,,,,,,助手,,踱步,,飛機場 踱步 (助手)
H180,10/08/2025,游水,沙田,,沙田,,,,,,,,游水,,
H180,10/08/2025,踱步,沙田,內圈,沙田 內圈,,,,,,助手,,快踱一圈,,內圈 快踱一圈 (助手)
H180,09/08/2025,游水,沙田,,沙田,,,,,,,,游水,,
H180,09/08/2025,踱步,沙田,內圈,沙田 內圈,,,,,,助手,,快踱一圈,,內圈 快踱一圈 (助手)
H180,08/08/2025,游水,沙田,,沙田,,,,,,,,游水,,
H180,08/08/2025,踱步,沙田,內圈,沙田 內圈,,,,,,助手,,快踱一圈,,內圈 快踱一圈 (助手)
H180,07/08/2025,游水,沙田,,沙田,,,,,,,,游水,,
H180,07/08/2025,踱步,沙田,外圈,沙田 外圈,,,,,,助手,,快踱一圈,,外圈 快踱一圈 (助手)
H180,06/08/2025,游水,沙田,,沙田,,,,,,,,游水,,
H180,06/08/2025,踱步,沙田,內圈,沙田 內圈,,,,,,助手,,快踱一圈,,內圈 快踱一圈 (助手)
H180,04/08/2025,游水,沙田,,沙田,,,,,,,,游水,,
H180,04/08/2025,踱步,沙田,內圈,沙田 內圈,,,,,,助手,,快踱一圈,,內圈 快踱一圈 (助手)
H180,03/08/2025,游水,沙田,,沙田,,,,,,,,游水,,
H180,03/08/2025,踱步,沙田,內圈,沙田 內圈,,,,,,助手,,快踱一圈,,內圈 快踱一圈 (助手)
H180,02/08/2025,游水,沙田,,沙田,,,,,,,,游水,,
H180,02/08/2025,踱步,沙田,內圈,沙田 內圈,,,,,,助手,,快踱一圈,,內圈 快踱一圈 (助手)
H180,01/08/2025,游水,沙田,,沙田,,,,,,,,游水,,
H180,01/08/2025,踱步,沙田,飛機場,沙田 飛機場,,,,,,助手,,踱步,,飛機場 踱步 (助手)
H180,31/07/2025,踱步,沙田,飛機場,沙田 飛機場,,,,,,助手,,踱步,,飛機場 踱步 (助手)
H180,14/07/2025,游水,沙田,,沙田,,,,,,,,游水,,
H180,13/07/2025,出賽,沙田,草地,沙田 草地,1400M,,,,,田泰安,6/13,出賽,B/TT,1400M (田泰安) (6/13)
H180,13/07/2025,踱步,沙田,彭福公園,沙田 彭福公園,,,,,,助手,,踱步,H,彭福公園 踱步 (助手)
H180,12/07/2025,游水,沙田,,沙田,,,,,,,,游水,,
H180,12/07/2025,踱步,沙田,內圈,沙田 內圈,,,,,,助手,,快踱一圈,,內圈 快踱一圈 (助手)
H180,11/07/2025,游水,沙田,,沙田,,,,,,,,游水,,
H180,11/07/2025,快操,沙田,全天候,沙田 全天候,,56.5,56.5,29.7 26.8,,助手,,快操,H,29.7 26.8 (56.5) (助手)
H180,11/07/2025,踱步,沙田,飛機場,沙田 飛機場,,,,,,助手,,踱步,B,飛機場 踱步 (助手)
H180,10/07/2025,游水,沙田,,沙田,,,,,,,,游水,,
H180,10/07/2025,踱步,沙田,內圈,沙田 內圈,,,,,,助手,,倒快兩圈,,內圈 倒快兩圈 (助手)
H180,09/07/2025,游水,沙田,,沙田,,,,,,,,游水,,
H180,09/07/2025,踱步,沙田,內圈,沙田 內圈,,,,,,助手,,快踱一圈,,內圈 快踱一圈 (助手)
H180,08/07/2025,游水,沙田,,沙田,,,,,,,,游水,,
H180,08/07/2025,踱步,沙田,內圈,沙田 內圈,,,,,,助手,,快踱一圈,,內圈 快踱一圈 (助手)
H180,07/07/2025,游水,沙田,,沙田,,,,,,,,游水,,
H180,07/07/2025,快操,沙田,草閘,沙田 草閘,,47.2,47.2,25.0 22.2,,田泰安,,快狠準,B,25.0 22.2 (47.2) (田泰安) 快狠準
H180,07/07/2025,踱步,沙田,飛機場,沙田 飛機場,,,,,,助手,,踱步,B,飛機場 踱步 (助手)
H180,06/07/2025,游水,沙田,,沙田,,,,,,,,游水,,
H180,06/07/2025,踱步,沙田,內圈,沙田 內圈,,,,,,助手,,快踱一圈,,內圈 快踱一圈 (助手)
H180,05/07/2025,游水,沙田,,沙田,,,,,,,,游水,,
H180,05/07/2025,踱步,沙田,內圈,沙田 內圈,,,,,,助手,,快踱一圈,,內圈 快踱一圈 (助手)
H180,04/07/2025,游水,沙田,,沙田,,,,,,,,游水,,
H180,03/07/2025,游水,沙田,,沙田,,,,,,,,游水,,
H180,02/07/2025,游水,從化,,從化,,,,,,,,游水,,
H180,02/07/2025,踱步,從化,內圈,從化 內圈,,,,,,助手,,快踱一圈,,內圈 快踱一圈 (助手)
H180,01/07/2025,游水,從化,,從化,,,,,,,,游水,,
H180,01/07/2025,踱步,從化,內圈,從化 內圈,,,,,,助手,,快踱兩圈,,內圈 快踱兩圈 (助手)
H180,30/06/2025,游水,從化,,從化,,,,,,,,游水,,
H180,30/06/2025,踱步,從化,內圈,從化 內圈,,,,,,助手,,倒快兩圈,,內圈 倒快兩圈 (助手)
H180,29/06/2025,游水,從化,,從化,,,,,,,,游水,,
H180,29/06/2025,踱步,從化,內圈,從化 內圈,,,,,,助手,,快踱一圈,,內圈 快踱一圈 (助手)
H180,28/06/2025,游水,從化,,從化,,,,,,,,游水,,
H180,27/06/2025,試閘,從化,草地,從化 草地,1200M,1.13.04,73.04,24.4 22.9 25.7,馬主精英,吳喬恩,,第10組,B,第10組 (吳喬恩) 1200M 馬主精英 24.4 22.9 25.7 (1.13.04)
H180,27/06/2025,游水,從化,,從化,,,,,,,,游水,,
H180,27/06/2025,踱步,從化,飛機場,從化 飛機場,,,,,,助手,,踱步,B,飛機場 踱步 (助手)
H180,26/06/2025,游水,從化,,從化,,,,,,,,游水,,
H180,26/06/2025,踱步,從化,內圈,從化 內圈,,,,,,助手,,倒快兩圈,,內圈 倒快兩圈 (助手)
H180,25/06/2025,游水,從化,,從化,,,,,,,,游水,,
H180,25/06/2025,踱步,從化,內圈,從化 內圈,,,,,,助手,,快踱一圈,,內圈 快踱一圈 (助手)
H180,24/06/2025,游水,從化,,從化,,,,,,,,游水,,
H180,24/06/2025,快操,從化,全天候,從化 全天候,,51.1,51.1,27.2 23.9,,助手,,快步流星,B,27.2 23.9 (51.1) (助手) 快步流星
H180,24/06/2025,踱步,從化,飛機場,從化 飛機場,,,,,,助手,,踱步,B,飛機場 踱步 (助手)
H180,23/06/2025,游水,從化,,從化,,,,,,,,游水,,
H180,23/06/2025,踱步,從化,內圈,從化 內圈,,,,,,助手,,倒快兩圈,,內圈 倒快兩圈 (助手)
H180,22/06/2025,游水,從化,,從化,,,,,,,,游水,,
H180,22/06/2025,踱步,從化,內圈,從化 內圈,,,,,,助手,,快踱一圈,,內圈 快踱一圈 (助手)
H180,21/06/2025,游水,從化,,從化,,,,,,,,游水,,
H180,21/06/2025,快操,從化,登山跑道,從化 登山跑道,,51.5,51.5,25.4 26.1,,助手,,快操,B,25.4 26.1 (51.5) (助手)
H180,21/06/2025,踱步,從化,飛機場,從化 飛機場,,,,,,助手,,踱步,B,飛機場 踱步 (助手)
H180,20/06/2025,游水,從化,,從化,,,,,,,,游水,,
H180,20/06/2025,踱步,從化,內圈,從化 內圈,,,,,,助手,,快踱一圈,,內圈 快踱一圈 (助手)
H180,19/06/2025,游水,從化,,從化,,,,,,,,游水,,
H180,19/06/2025,踱步,從化,內圈,從化 內圈,,,,,,助手,,倒快兩圈,,內圈 倒快兩圈 (助手)
H180,18/06/2025,游水,從化,,從化,,,,,,,,游水,,
H180,18/06/2025,踱步,從化,內圈,從化 內圈,,,,,,助手,,快踱一圈,,內圈 快踱一圈 (助手)
H180,17/06/2025,游水,從化,,從化,,,,,,,,游水,,
H180,17/06/2025,快操,從化,草地,從化 草地,,52.1,52.1,28.1 24.0,,助手,,賢者無敵,B,28.1 24.0 (52.1) (助手) 賢者無敵
H180,17/06/2025,踱步,從化,飛機場,從化 飛機場,,,,,,助手,,踱步,B,飛機場 踱步 (助手)
H180,16/06/2025,游水,從化,,從化,,,,,,,,游水,,
H180,16/06/2025,踱步,從化,內圈,從化 內圈,,,,,,助手,,倒快兩圈,,內圈 倒快兩圈 (助手)
H180,15/06/2025,游水,從化,,從化,,,,,,,,游水,,
H180,15/06/2025,踱步,從化,內圈,從化 內圈,,,,,,助手,,快踱一圈,,內圈 快踱一圈 (助手)
H180,14/06/2025,游水,從化,,從化,,,,,,,,游水,,
H180,14/06/2025,踱步,從化,內圈,從化 內圈,,,,,,助手,,快踱一圈,,內圈 快踱一圈 (助手)
H180,13/06/2025,游水,從化,,從化,,,,,,,,游水,,
H180,13/06/2025,踱步,從化,內圈,從化 內圈,,,,,,助手,,快踱一圈,,內圈 快踱一圈 (助手)
H180,12/06/2025,游水,從化,,從化,,,,,,,,游水,,
H180,10/06/2025,游水,沙田,,沙田,,,,,,,,游水,,
H180,09/06/2025,游水,沙田,,沙田,,,,,,,,游水,,
H180,08/06/2025,出賽,沙田,草地,沙田 草地,1400M,,,,,田泰安,8/14,出賽,V-/B2/TT1,1400M (田泰安) (8/14)
H180,08/06/2025,踱步,沙田,彭福公園,沙田 彭福公園,,,,,,助手,,踱步,H,彭福公園 踱步 (助手)
H180,07/06/2025,游水,沙田,,沙田,,,,,,,,游水,,
H180,07/06/2025,踱步,沙田,外圈,沙田 外圈,,,,,,黃寶妮,,快踱一圈,H,外圈 快踱一圈 (黃寶妮)
H180,06/06/2025,游水,沙田,,沙田,,,,,,,,游水,,
H180,06/06/2025,踱步,沙田,內圈,沙田 內圈,,,,,,黃寶妮,,快踱一圈,H,內圈 快踱一圈 (黃寶妮)
H180,04/06/2025,游水,從化,,從化,,,,,,,,游水,,
H180,04/06/2025,踱步,從化,內圈,從化 內圈,,,,,,助手,,快踱一圈,,內圈 快踱一圈 (助手)
H180,03/06/2025,游水,從化,,從化,,,,,,,,游水,,
H180,03/06/2025,踱步,從化,內圈,從化 內圈,,,,,,助手,,快踱一圈,,內圈 快踱一圈 (助手)
H180,02/06/2025,游水,從化,,從化,,,,,,,,游水,,
H180,02/06/2025,踱步,從化,飛機場,從化 飛機場,,,,,,助手,,踱步,,飛機場 踱步 (助手)
H180,01/06/2025,游水,從化,,從化,,,,,,,,游水,,
H180,31/05/2025,游水,從化,,從化,,,,,,,,游水,,
H180,30/05/2025,試閘,從化,草地,從化 草地,1200M,1.12.19,72.19,25.3 22.7 24.1,青春力量,湯普新,,第8組,B,第8組 (湯普新) 1200M 青春力量 25.3 22.7 24.1 (1.12.19)
H180,30/05/2025,踱步,從化,飛機場,從化 飛機場,,,,,,助手,,踱步,B,飛機場 踱步 (助手)
H180,29/05/2025,游水,從化,,從化,,,,,,,,游水,,
H180,29/05/2025,踱步,從化,內圈,從化 內圈,,,,,,助手,,倒快兩圈,,內圈 倒快兩圈 (助手)
H180,28/05/2025,游水,從化,,從化,,,,,,,,游水,,
H180,28/05/2025,踱步,從化,內圈,從化 內圈,,,,,,助手,,快踱一圈,,內圈 快踱一圈 (助手)
H180,27/05/2025,游水,從化,,從化,,,,,,,,游水,,
H180,27/05/2025,快操,從化,全天候,從化 全天候,,56.3,56.3,28.8 27.5,,助手,,快操,,28.8 27.5 (56.3) (助手)
H180,27/05/2025,踱步,從化,飛機場,從化 飛機場,,,,,,助手,,踱步,,飛機場 踱步 (助手)
H180,26/05/2025,游水,從化,,從化,,,,,,,,游水,,
H180,26/05/2025,踱步,從化,內圈,從化 內圈,,,,,,助手,,倒快兩圈,,內圈 倒快兩圈 (助手)
H180,25/05/2025,游水,從化,,從化,,,,,,,,游水,,
H180,25/05/2025,踱步,從化,內圈,從化 內圈,,,,,,助手,,快踱一圈,,內圈 快踱一圈 (助手)
H180,24/05/2025,游水,從化,,從化,,,,,,,,游水,,
H180,24/05/2025,快操,從化,登山跑道,從化 登山跑道,,51.1,51.1,25.4 25.7,,助手,,快操,B,25.4 25.7 (51.1) (助手)
H180,24/05/2025,踱步,從化,飛機場,從化 飛機場,,,,,,助手,,踱步,B,飛機場 踱步 (助手)
H180,23/05/2025,游水,從化,,從化,,,,,,,,游水,,
H180,23/05/2025,踱步,從化,內圈,從化 內圈,,,,,,助手,,快踱一圈,,內圈 快踱一圈 (助手)
H180,22/05/2025,游水,從化,,從化,,,,,,,,游水,,
H180,22/05/2025,踱步,從化,內圈,從化 內圈,,,,,,助手,,倒快兩圈,,內圈 倒快兩圈 (助手)
H180,21/05/2025,游水,從化,,從化,,,,,,,,游水,,
H180,21/05/2025,踱步,從化,內圈,從化 內圈,,,,,,助手,,快踱一圈,,內圈 快踱一圈 (助手)
H180,20/05/2025,游水,從化,,從化,,,,,,,,游水,,
H180,20/05/2025,快操,從化,登山跑道,從化 登山跑道,,52.4,52.4,26.5 25.9,,助手,,快操,B,26.5 25.9 (52.4) (助手)
H180,20/05/2025,踱步,從化,飛機場,從化 飛機場,,,,,,助手,,踱步,B,飛機場 踱步 (助手)
H180,19/05/2025,游水,從化,,從化,,,,,,,,游水,,
H180,19/05/2025,踱步,從化,內圈,從化 內圈,,,,,,助手,,倒快兩圈,,內圈 倒快兩圈 (助手)
H180,18/05/2025,游水,從化,,從化,,,,,,,,游水,,
H180,18/05/2025,踱步,從化,內圈,從化 內圈,,,,,,助手,,快踱一圈,,內圈 快踱一圈 (助手)
H180,17/05/2025,游水,從化,,從化,,,,,,,,游水,,
H180,17/05/2025,踱步,從化,內圈,從化 內圈,,,,,,助手,,快踱一圈,,內圈 快踱一圈 (助手)
H180,16/05/2025,游水,從化,,從化,,,,,,,,游水,,
H180,16/05/2025,踱步,從化,內圈,從化 內圈,,,,,,助手,,快踱一圈,,內圈 快踱一圈 (助手)
H180,15/05/2025,游水,從化,,從化,,,,,,,,游水,,
H180,14/05/2025,游水,從化,,從化,,,,,,,,游水,,
H180,13/05/2025,試閘,從化,草地,從化 草地,1200M,1.11.73,71.73,24.8 22.8 24.1,神舟彎月,吳喬恩,,第9組,B,第9組 (吳喬恩) 1200M 神舟彎月 24.8 22.8 24.1 (1.11.73)
H180,13/05/2025,踱步,從化,飛機場,從化 飛機場,,,,,,助手,,踱步,B,飛機場 踱步 (助手)
H180,12/05/2025,游水,從化,,從化,,,,,,,,游水,,
H180,12/05/2025,踱步,從化,內圈,從化 內圈,,,,,,助手,,倒快兩圈,,內圈 倒快兩圈 (助手)
H180,11/05/2025,游水,從化,,從化,,,,,,,,游水,,
H180,11/05/2025,踱步,從化,內圈,從化 內圈,,,,,,助手,,快踱一圈,,內圈 快踱一圈 (助手)
H180,10/05/2025,游水,從化,,從化,,,,,,,,游水,,
H180,10/05/2025,踱步,從化,內圈,從化 內圈,,,,,,助手,,快踱一圈,,內圈 快踱一圈 (助手)
H180,09/05/2025,游水,從化,,從化,,,,,,,,游水,,
H180,09/05/2025,踱步,從化,內圈,從化 內圈,,,,,,助手,,快踱一圈,,內圈 快踱一圈 (助手)
H180,08/05/2025,游水,從化,,從化,,,,,,,,游水,,
H180,08/05/2025,踱步,從化,內圈,從化 內圈,,,,,,助手,,倒快兩圈,,內圈 倒快兩圈 (助手)
H180,07/05/2025,游水,從化,,從化,,,,,,,,游水,,
H180,07/05/2025,踱步,從化,內圈,從化 內圈,,,,,,助手,,快踱一圈,,內圈 快踱一圈 (助手)
H180,06/05/2025,游水,從化,,從化,,,,,,,,游水,,
H180,05/05/2025,試閘,從化,草地,從化 草地,1000M,0.59.88,59.88,14.1 22.5 23.2,快馬加鞭,奧爾民,,第3組,B,第3組 (奧爾民) 1000M 快馬加鞭 14.1 22.5 23.2 (0.59.88)
H180,05/05/2025,游水,從化,,從化,,,,,,,,游水,,
H180,05/05/2025,踱步,從化,飛機場,從化 飛機場,,,,,,助手,,踱步,B,飛機場 踱步 (助手)
H180,04/05/2025,游水,從化,,從化,,,,,,,,游水,,
H180,04/05/2025,踱步,從化,內圈,從化 內圈,,,,,,助手,,快踱一圈,,內圈 快踱一圈 (助手)
H180,03/05/2025,游水,從化,,從化,,,,,,,,游水,,
H180,03/05/2025,踱步,從化,外圈,從化 外圈,,,,,,助手,,快踱一圈,,外圈 快踱一圈 (助手)
H180,02/05/2025,游水,從化,,從化,,,,,,,,游水,,
H180,02/05/2025,踱步,從化,內圈,從化 內圈,,,,,,助手,,快踱一圈,,內圈 快踱一圈 (助手)
H180,01/05/2025,游水,從化,,從化,,,,,,,,游水,,
H180,01/05/2025,踱步,從化,內圈,從化 內圈,,,,,,助手,,倒快兩圈,,內圈 倒快兩圈 (助手)
H180,30/04/2025,游水,從化,,從化,,,,,,,,游水,,
H180,30/04/2025,快操,從化,登山跑道,從化 登山跑道,,52.0,52.0,26.9 25.1,,助手,,快操,B,26.9 25.1 (52.0) (助手)
H180,30/04/2025,踱步,從化,飛機場,從化 飛機場,,,,,,助手,,踱步,B,飛機場 踱步 (助手)
H180,29/04/2025,游水,從化,,從化,,,,,,,,游水,,
H180,29/04/2025,踱步,從化,內圈,從化 內圈,,,,,,助手,,快踱一圈,,內圈 快踱一圈 (助手)
H180,28/04/2025,游水,從化,,從化,,,,,,,,游水,,
H180,28/04/2025,踱步,從化,內圈,從化 內圈,,,,,,助手,,倒快兩圈,,內圈 倒快兩圈 (助手)
H180,27/04/2025,游水,從化,,從化,,,,,,,,游水,,
H180,27/04/2025,踱步,從化,內圈,從化 內圈,,,,,,助手,,快踱一圈,,內圈 快踱一圈 (助手)
H180,26/04/2025,游水,從化,,從化,,,,,,,,游水,,
H180,26/04/2025,快操,從化,登山跑道,從化 登山跑道,,52.2,52.2,27.0 25.2,,助手,,快操,,27.0 25.2 (52.2) (助手)
H180,26/04/2025,踱步,從化,飛機場,從化 飛機場,,,,,,助手,,踱步,,飛機場 踱步 (助手)
H180,25/04/2025,游水,從化,,從化,,,,,,,,游水,,
H180,25/04/2025,踱步,從化,內圈,從化 內圈,,,,,,助手,,快踱一圈,,內圈 快踱一圈 (助手)
H180,24/04/2025,游水,從化,,從化,,,,,,,,游水,,
H180,24/04/2025,踱步,從化,內圈,從化 內圈,,,,,,助手,,倒快兩圈,,內圈 倒快兩圈 (助手)
H180,23/04/2025,游水,從化,,從化,,,,,,,,游水,,
H180,23/04/2025,踱步,從化,內圈,從化 內圈,,,,,,助手,,快踱一圈,,內圈 快踱一圈 (助手)
H180,22/04/2025,游水,從化,,從化,,,,,,,,游水,,
H180,22/04/2025,快操,從化,登山跑道,從化 登山跑道,,51.9,51.9,26.0 25.9,,助手,,快操,,26.0 25.9 (51.9) (助手)
H180,22/04/2025,踱步,從化,飛機場,從化 飛機場,,,,,,助手,,踱步,,飛機場 踱步 (助手)
H180,21/04/2025,游水,從化,,從化,,,,,,,,游水,,
H180,21/04/2025,踱步,從化,內圈,從化 內圈,,,,,,助手,,倒快兩圈,,內圈 倒快兩圈 (助手)
H180,20/04/2025,游水,從化,,從化,,,,,,,,游水,,
H180,20/04/2025,踱步,從化,內圈,從化 內圈,,,,,,助手,,快踱一圈,,內圈 快踱一圈 (助手)
H180,19/04/2025,游水,從化,,從化,,,,,,,,游水,,
H180,19/04/2025,踱步,從化,內圈,從化 內圈,,,,,,助手,,快踱一圈,,內圈 快踱一圈 (助手)
H180,18/04/2025,游水,從化,,從化,,,,,,,,游水,,
H180,18/04/2025,踱步,從化,內圈,從化 內圈,,,,,,助手,,快踱一圈,,內圈 快踱一圈 (助手)
H180,17/04/2025,游水,從化,,從化,,,,,,,,游水,,
H180,17/04/2025,快操,從化,全天候,從化 全天候,,53.3,53.3,27.9 25.4,,助手,,快操,,27.9 25.4 (53.3) (助手)
H180,17/04/2025,踱步,從化,飛機場,從化 飛機場,,,,,,助手,,踱步,,飛機場 踱步 (助手)
H180,16/04/2025,游水,從化,,從化,,,,,,,,游水,,
H180,16/04/2025,踱步,從化,內圈,從化 內圈,,,,,,助手,,快踱一圈,,內圈 快踱一圈 (助手)
H180,15/04/2025,游水,從化,,從化,,,,,,,,游水,,
H180,15/04/2025,踱步,從化,內圈,從化 內圈,,,,,,助手,,快踱一圈,,內圈 快踱一圈 (助手)
H180,14/04/2025,游水,從化,,從化,,,,,,,,游水,,
H180,14/04/2025,快操,從化,全天候,從化 全天候,,56.0,56.0,29.7 26.3,,助手,,快操,,29.7 26.3 (56.0) (助手)
H180,14/04/2025,踱步,從化,飛機場,從化 飛機場,,,,,,助手,,踱步,,飛機場 踱步 (助手)
H180,13/04/2025,游水,從化,,從化,,,,,,,,游水,,
H180,13/04/2025,踱步,從化,內圈,從化 內圈,,,,,,助手,,快踱一圈,,內圈 快踱一圈 (助手)
H180,12/04/2025,游水,從化,,從化,,,,,,,,游水,,
H180,12/04/2025,踱步,從化,內圈,從化 內圈,,,,,,助手,,快踱一圈,,內圈 快踱一圈 (助手)
H180,11/04/2025,游水,從化,,從化,,,,,,,,游水,,
H180,11/04/2025,踱步,從化,內圈,從化 內圈,,,,,,助手,,快踱一圈,,內圈 快踱一圈 (助手)
H180,10/04/2025,游水,從化,,從化,,,,,,,,游水,,
H180,10/04/2025,快操,從化,全天候,從化 全天候,,58.5,58.5,30.1 28.4,,助手,,快操,,30.1 28.4 (58.5) (助手)
H180,10/04/2025,踱步,從化,飛機場,從化 飛機場,,,,,,助手,,踱步,,飛機場 踱步 (助手)
H180,09/04/2025,游水,從化,,從化,,,,,,,,游水,,
H180,09/04/2025,踱步,從化,內圈,從化 內圈,,,,,,助手,,快踱一圈,,內圈 快踱一圈 (助手)
H180,08/04/2025,游水,從化,,從化,,,,,,,,游水,,
H180,08/04/2025,踱步,從化,內圈,從化 內圈,,,,,,助手,,快踱一圈,,內圈 快踱一圈 (助手)
H180,07/04/2025,游水,從化,,從化,,,,,,,,游水,,
H180,07/04/2025,踱步,從化,外圈,從化 外圈,,,,,,助手,,快踱一圈,,外圈 快踱一圈 (助手)
H180,06/04/2025,游水,從化,,從化,,,,,,,,游水,,
H180,06/04/2025,踱步,從化,內圈,從化 內圈,,,,,,助手,,快踱一圈,,內圈 快踱一圈 (助手)
H180,05/04/2025,游水,從化,,從化,,,,,,,,游水,,
H180,05/04/2025,踱步,從化,內圈,從化 內圈,,,,,,助手,,快踱一圈,,內圈 快踱一圈 (助手)
H180,04/04/2025,游水,從化,,從化,,,,,,,,游水,,
H180,04/04/2025,踱步,從化,內圈,從化 內圈,,,,,,助手,,快踱一圈,,內圈 快踱一圈 (助手)
H180,03/04/2025,游水,從化,,從化,,,,,,,,游水,,
H180,03/04/2025,踱步,從化,內圈,從化 內圈,,,,,,助手,,倒快兩圈,,內圈 倒快兩圈 (助手)
H180,02/04/2025,游水,從化,,從化,,,,,,,,游水,,
H180,02/04/2025,踱步,從化,內圈,從化 內圈,,,,,,助手,,快踱一圈,,內圈 快踱一圈 (助手)
H180,01/04/2025,游水,從化,,從化,,,,,,,,游水,,
H180,01/04/2025,踱步,從化,內圈,從化 內圈,,,,,,助手,,快踱一圈,,內圈 快踱一圈 (助手)
H180,31/03/2025,游水,從化,,從化,,,,,,,,游水,,
H180,31/03/2025,踱步,從化,飛機場,從化 飛機場,,,,,,助手,,踱步,,飛機場 踱步 (助手)
H180,30/03/2025,游水,從化,,從化,,,,,,,,游水,,
H180,29/03/2025,游水,從化,,從化,,,,,,,,游水,,
H180,28/03/2025,游水,從化,,從化,,,,,,,,游水,,
H180,27/03/2025,游水,從化,,從化,,,,,,,,游水,,
H180,26/03/2025,游水,從化,,從化,,,,,,,,游水,,
H180,25/03/2025,游水,從化,,從化,,,,,,,,游水,,
H180,24/03/2025,游水,從化,,從化,,,,,,,,游水,,
H180,23/03/2025,游水,從化,,從化,,,,,,,,游水,,
H180,22/03/2025,游水,從化,,從化,,,,,,,,游水,,
H180,20/03/2025,游水,沙田,,沙田,,,,,,,,游水,,
H180,19/03/2025,游水,沙田,,沙田,,,,,,,,游水,,
H180,18/03/2025,游水,沙田,,沙田,,,,,,,,游水,,
H180,17/03/2025,游水,沙田,,沙田,,,,,,,,游水,,
H180,16/03/2025,游水,沙田,,沙田,,,,,,,,游水,,
H180,15/03/2025,出賽,沙田,草地,沙田 草地,1600M,,,,,田泰安,14/14,出賽,V,1600M (田泰安) (14/14)
H180,15/03/2025,踱步,沙田,彭福公園,沙田 彭福公園,,,,,,助手,,踱步,B,彭福公園 踱步 (助手)
H180,14/03/2025,游水,沙田,,沙田,,,,,,,,游水,,
H180,14/03/2025,踱步,沙田,彭福公園,沙田 彭福公園,,,,,,助手,,踱步,B,彭福公園 踱步 (助手)
H180,13/03/2025,游水,沙田,,沙田,,,,,,,,游水,,
H180,13/03/2025,快操,沙田,全天候,沙田 全天候,,52.3,52.3,27.7 24.6,,田泰安,,快操,B,27.7 24.6 (52.3) (田泰安) (伴跳馬)
H180,13/03/2025,踱步,沙田,飛機場,沙田 飛機場,,,,,,助手,,踱步,B,飛機場 踱步 (助手)
H180,12/03/2025,游水,沙田,,沙田,,,,,,,,游水,,
H180,12/03/2025,踱步,沙田,內圈,沙田 內圈,,,,,,助手,,快踱一圈,H,內圈 快踱一圈 (助手)
H180,11/03/2025,游水,沙田,,沙田,,,,,,,,游水,,
H180,11/03/2025,踱步,沙田,內圈,沙田 內圈,,,,,,助手,,快踱一圈,H,內圈 快踱一圈 (助手)
H180,10/03/2025,游水,沙田,,沙田,,,,,,,,游水,,
H180,10/03/2025,踱步,沙田,內圈,沙田 內圈,,,,,,助手,,倒快兩圈,H,內圈 倒快兩圈 (助手)
H180,09/03/2025,游水,沙田,,沙田,,,,,,,,游水,,
H180,09/03/2025,踱步,沙田,內圈,沙田 內圈,,,,,,助手,,快踱一圈,H,內圈 快踱一圈 (助手)
H180,08/03/2025,游水,沙田,,沙田,,,,,,,,游水,,
H180,08/03/2025,踱步,沙田,內圈,沙田 內圈,,,,,,助手,,快踱一圈,H,內圈 快踱一圈 (助手)
H180,07/03/2025,游水,沙田,,沙田,,,,,,,,游水,,
H180,06/03/2025,試閘,沙田,全天候,沙田 全天候,1200M,1.11.18,71.18,24.8 22.8 23.5,金牌活力,吳喬恩,,第2組,V,第2組 (吳喬恩) 1200M 金牌活力 24.8 22.8 23.5 (1.11.18)
H180,06/03/2025,游水,沙田,,沙田,,,,,,,,游水,,
H180,05/03/2025,游水,沙田,,沙田,,,,,,,,游水,,
H180,05/03/2025,踱步,沙田,彭福公園,沙田 彭福公園,,,,,,助手,,踱步,H,彭福公園 踱步 (助手)
H180,04/03/2025,游水,沙田,,沙田,,,,,,,,游水,,
H180,04/03/2025,踱步,沙田,外圈,沙田 外圈,,,,,,助手,,快踱一圈,H,外圈 快踱一圈 (助手)
H180,03/03/2025,游水,沙田,,沙田,,,,,,,,游水,,
H180,03/03/2025,踱步,沙田,內圈,沙田 內圈,,,,,,助手,,倒快兩圈,H,內圈 倒快兩圈 (助手)
H180,02/03/2025,踱步,沙田,內圈,沙田 內圈,,,,,,助手,,快踱一圈,H,內圈 快踱一圈 (助手)
H180,01/03/2025,快操,沙田,全天候,沙田 全天候,,53.2,53.2,28.9 24.3,,黃寶妮,,快步流星,B,28.9 24.3 (53.2) (黃寶妮) 快步流星
H180,01/03/2025,踱步,沙田,飛機場,沙田 飛機場,,,,,,助手,,踱步,H,飛機場 踱步 (助手)
H180,28/02/2025,游水,沙田,,沙田,,,,,,,,游水,,
H180,28/02/2025,踱步,沙田,內圈,沙田 內圈,,,,,,助手,,快踱一圈,H,內圈 快踱一圈 (助手)
H180,27/02/2025,游水,沙田,,沙田,,,,,,,,游水,,
H180,27/02/2025,踱步,沙田,內圈,沙田 內圈,,,,,,助手,,倒快兩圈,H,內圈 倒快兩圈 (助手)
H180,26/02/2025,游水,沙田,,沙田,,,,,,,,游水,,
H180,26/02/2025,踱步,沙田,內圈,沙田 內圈,,,,,,助手,,快踱一圈,H,內圈 快踱一圈 (助手)
H180,25/02/2025,游水,沙田,,沙田,,,,,,,,游水,,
H180,25/02/2025,快操,沙田,全天候,沙田 全天候,,53.2,53.2,29.3 23.9,,助手,,快操,,29.3 23.9 (53.2) (助手)
H180,25/02/2025,踱步,沙田,飛機場,沙田 飛機場,,,,,,助手,,踱步,H,飛機場 踱步 (助手)
H180,24/02/2025,游水,沙田,,沙田,,,,,,,,游水,,
H180,24/02/2025,踱步,沙田,內圈,沙田 內圈,,,,,,助手,,倒快兩圈,H,內圈 倒快兩圈 (助手)
H180,23/02/2025,游水,沙田,,沙田,,,,,,,,游水,,
H180,23/02/2025,踱步,沙田,內圈,沙田 內圈,,,,,,助手,,快踱一圈,H,內圈 快踱一圈 (助手)
H180,22/02/2025,游水,沙田,,沙田,,,,,,,,游水,,
H180,22/02/2025,踱步,沙田,內圈,沙田 內圈,,,,,,助手,,快踱一圈,H,內圈 快踱一圈 (助手)
H180,21/02/2025,游水,沙田,,沙田,,,,,,,,游水,,
H180,21/02/2025,踱步,沙田,內圈,沙田 內圈,,,,,,助手,,快踱一圈,H,內圈 快踱一圈 (助手)
H180,20/02/2025,游水,沙田,,沙田,,,,,,,,游水,,
H180,20/02/2025,快操,沙田,草閘,沙田 草閘,,46.5,46.5,23.5 23.0,,黃寶妮,,金玉良言,,23.5 23.0 (46.5) (黃寶妮) 金玉良言
H180,20/02/2025,踱步,沙田,飛機場,沙田 飛機場,,,,,,黃寶妮,,踱步,,飛機場 踱步 (黃寶妮)
H180,19/02/2025,游水,沙田,,沙田,,,,,,,,游水,,
H180,19/02/2025,踱步,沙田,內圈,沙田 內圈,,,,,,助手,,快踱一圈,H,內圈 快踱一圈 (助手)
H180,18/02/2025,游水,沙田,,沙田,,,,,,,,游水,,
H180,18/02/2025,踱步,沙田,內圈,沙田 內圈,,,,,,助手,,快踱一圈,H,內圈 快踱一圈 (助手)
H180,17/02/2025,游水,沙田,,沙田,,,,,,,,游水,,
H180,17/02/2025,快操,沙田,全天候,沙田 全天候,,51.0,51.0,27.0 24.0,,助手,,快操,B,27.0 24.0 (51.0) (助手)
H180,17/02/2025,踱步,沙田,飛機場,沙田 飛機場,,,,,,助手,,踱步,B,飛機場 踱步 (助手)
H180,16/02/2025,游水,沙田,,沙田,,,,,,,,游水,,
H180,16/02/2025,踱步,沙田,內圈,沙田 內圈,,,,,,助手,,快踱一圈,H,內圈 快踱一圈 (助手)
H180,15/02/2025,游水,沙田,,沙田,,,,,,,,游水,,
H180,15/02/2025,踱步,沙田,內圈,沙田 內圈,,,,,,助手,,快踱一圈,H,內圈 快踱一圈 (助手)
H180,14/02/2025,游水,沙田,,沙田,,,,,,,,游水,,
H180,14/02/2025,踱步,沙田,內圈,沙田 內圈,,,,,,助手,,快踱一圈,H,內圈 快踱一圈 (助手)
H180,13/02/2025,游水,沙田,,沙田,,,,,,,,游水,,
H180,13/02/2025,快操,沙田,全天候,沙田 全天候,,56.0,56.0,29.7 26.3,,助手,,快操,,29.7 26.3 (56.0) (助手)
H180,13/02/2025,踱步,沙田,飛機場,沙田 飛機場,,,,,,助手,,踱步,,飛機場 踱步 (助手)
H180,12/02/2025,游水,沙田,,沙田,,,,,,,,游水,,
H180,12/02/2025,踱步,沙田,內圈,沙田 內圈,,,,,,助手,,快踱一圈,H,內圈 快踱一圈 (助手)
H180,11/02/2025,游水,沙田,,沙田,,,,,,,,游水,,
H180,11/02/2025,踱步,沙田,內圈,沙田 內圈,,,,,,助手,,快踱一圈,H,內圈 快踱一圈 (助手)
H180,10/02/2025,游水,沙田,,沙田,,,,,,,,游水,,
H180,10/02/2025,踱步,沙田,內圈,沙田 內圈,,,,,,助手,,倒快兩圈,H,內圈 倒快兩圈 (助手)
H180,09/02/2025,游水,沙田,,沙田,,,,,,,,游水,,
H180,09/02/2025,踱步,沙田,內圈,沙田 內圈,,,,,,助手,,快踱一圈,H,內圈 快踱一圈 (助手)
H180,08/02/2025,游水,沙田,,沙田,,,,,,,,游水,,
H180,08/02/2025,踱步,沙田,內圈,沙田 內圈,,,,,,助手,,快踱一圈,H,內圈 快踱一圈 (助手)
H180,07/02/2025,游水,沙田,,沙田,,,,,,,,游水,,
H180,06/02/2025,游水,沙田,,沙田,,,,,,,,游水,,
H180,05/02/2025,出賽,跑馬地,草地,跑馬地 草地,1650M,,,,,巴度,7/12,出賽,V,1650M (巴度) (7/12)
H180,05/02/2025,踱步,沙田,彭福公園,沙田 彭福公園,,,,,,助手,,踱步,H,彭福公園 踱步 (助手)
H180,04/02/2025,游水,沙田,,沙田,,,,,,,,游水,,
H180,04/02/2025,踱步,沙田,內圈,沙田 內圈,,,,,,助手,,快踱一圈,H,內圈 快踱一圈 (助手)
H180,03/02/2025,游水,沙田,,沙田,,,,,,,,游水,,
H180,03/02/2025,快操,沙田,草地,沙田 草地,,56.0,56.0,29.3 26.7,,巴度,,快操,B,29.3 26.7 (56.0) (巴度)
H180,03/02/2025,踱步,沙田,飛機場,沙田 飛機場,,,,,,助手,,踱步,B,飛機場 踱步 (助手)
H180,02/02/2025,游水,沙田,,沙田,,,,,,,,游水,,
H180,02/02/2025,踱步,沙田,內圈,沙田 內圈,,,,,,助手,,快踱兩圈,H,內圈 快踱兩圈 (助手)
H180,01/02/2025,游水,沙田,,沙田,,,,,,,,游水,,
H180,01/02/2025,踱步,沙田,內圈,沙田 內圈,,,,,,助手,,快踱一圈,H,內圈 快踱一圈 (助手)
H180,31/01/2025,游水,沙田,,沙田,,,,,,,,游水,,
H180,31/01/2025,踱步,沙田,內圈,沙田 內圈,,,,,,助手,,快踱兩圈,H,內圈 快踱兩圈 (助手)
H180,30/01/2025,游水,沙田,,沙田,,,,,,,,游水,,
H180,30/01/2025,快操,沙田,全天候,沙田 全天候,,1.27.2,87.2,33.4 27.3 26.5,,黃寶妮,,快操,,33.4 27.3 26.5 (1.27.2) (黃寶妮)
H180,30/01/2025,踱步,沙田,飛機場,沙田 飛機場,,,,,,黃寶妮,,踱步,H,飛機場 踱步 (黃寶妮)
H180,28/01/2025,游水,沙田,,沙田,,,,,,,,游水,,
H180,28/01/2025,踱步,沙田,內圈,沙田 內圈,,,,,,助手,,快踱兩圈,H,內圈 快踱兩圈 (助手)
H180,27/01/2025,游水,沙田,,沙田,,,,,,,,游水,,
H180,27/01/2025,踱步,沙田,內圈,沙田 內圈,,,,,,助手,,倒快兩圈,H,內圈 倒快兩圈 (助手)
H180,26/01/2025,游水,沙田,,沙田,,,,,,,,游水,,
H180,26/01/2025,踱步,沙田,內圈,沙田 內圈,,,,,,助手,,快踱一圈,H,內圈 快踱一圈 (助手)
H180,25/01/2025,游水,沙田,,沙田,,,,,,,,游水,,
H180,24/01/2025,游水,沙田,,沙田,,,,,,,,游水,,
H180,23/01/2025,游水,沙田,,沙田,,,,,,,,游水,,
H180,22/01/2025,出賽,跑馬地,草地,跑馬地 草地,1200M,,,,,田泰安,6/12,出賽,B-/V1,1200M (田泰安) (6/12)
H180,22/01/2025,踱步,沙田,彭福公園,沙田 彭福公園,,,,,,助手,,踱步,B,彭福公園 踱步 (助手)
H180,21/01/2025,游水,沙田,,沙田,,,,,,,,游水,,
H180,21/01/2025,踱步,沙田,內圈,沙田 內圈,,,,,,助手,,快踱一圈,H,內圈 快踱一圈 (助手)
H180,20/01/2025,游水,沙田,,沙田,,,,,,,,游水,,
H180,20/01/2025,快操,沙田,全天候,沙田 全天候,,54.8,54.8,28.5 26.3,,助手,,快操,,28.5 26.3 (54.8) (助手)
H180,20/01/2025,踱步,沙田,飛機場,沙田 飛機場,,,,,,助手,,踱步,,飛機場 踱步 (助手)
H180,19/01/2025,游水,沙田,,沙田,,,,,,,,游水,,
H180,19/01/2025,踱步,沙田,內圈,沙田 內圈,,,,,,助手,,快踱兩圈,H,內圈 快踱兩圈 (助手)
H180,18/01/2025,游水,沙田,,沙田,,,,,,,,游水,,
H180,18/01/2025,踱步,沙田,內圈,沙田 內圈,,,,,,助手,,快踱兩圈,H,內圈 快踱兩圈 (助手)
H180,17/01/2025,游水,沙田,,沙田,,,,,,,,游水,,
H180,17/01/2025,踱步,沙田,內圈,沙田 內圈,,,,,,助手,,快踱一圈,H,內圈 快踱一圈 (助手)
H180,16/01/2025,游水,沙田,,沙田,,,,,,,,游水,,
H180,16/01/2025,踱步,沙田,內圈,沙田 內圈,,,,,,助手,,倒快兩圈,H,內圈 倒快兩圈 (助手)
H180,15/01/2025,游水,沙田,,沙田,,,,,,,,游水,,
H180,15/01/2025,踱步,沙田,內圈,沙田 內圈,,,,,,助手,,快踱一圈,H,內圈 快踱一圈 (助手)
H180,14/01/2025,試閘,沙田,全天候,沙田 全天候,1200M,1.10.25,70.25,24.0 22.8 23.4,綫路萬里,田泰安,,第2組,,第2組 (田泰安) 1200M 綫路萬里 24.0 22.8 23.4 (1.10.25)
H180,14/01/2025,游水,沙田,,沙田,,,,,,,,游水,,
H180,13/01/2025,游水,沙田,,沙田,,,,,,,,游水,,
H180,13/01/2025,踱步,沙田,內圈,沙田 內圈,,,,,,助手,,倒快兩圈,H,內圈 倒快兩圈 (助手)
H180,12/01/2025,游水,沙田,,沙田,,,,,,,,游水,,
H180,11/01/2025,游水,沙田,,沙田,,,,,,,,游水,,
H180,11/01/2025,踱步,沙田,內圈,沙田 內圈,,,,,,助手,,快踱一圈,H,內圈 快踱一圈 (助手)
H180,10/01/2025,游水,沙田,,沙田,,,,,,,,游水,,
H180,10/01/2025,踱步,沙田,內圈,沙田 內圈,,,,,,助手,,快踱一圈,H,內圈 快踱一圈 (助手)
H180,09/01/2025,游水,沙田,,沙田,,,,,,,,游水,,
H180,09/01/2025,快操,沙田,全天候,沙田 全天候,,53.0,53.0,27.7 25.3,,助手,,快操,,27.7 25.3 (53.0) (助手)
H180,09/01/2025,踱步,沙田,飛機場,沙田 飛機場,,,,,,助手,,踱步,,飛機場 踱步 (助手)
H180,08/01/2025,游水,沙田,,沙田,,,,,,,,游水,,
H180,08/01/2025,踱步,沙田,內圈,沙田 內圈,,,,,,助手,,快踱一圈,H,內圈 快踱一圈 (助手)
H180,07/01/2025,游水,沙田,,沙田,,,,,,,,游水,,
H180,07/01/2025,踱步,沙田,內圈,沙田 內圈,,,,,,助手,,快踱一圈,H,內圈 快踱一圈 (助手)
H180,06/01/2025,游水,沙田,,沙田,,,,,,,,游水,,
H180,06/01/2025,踱步,沙田,飛機場,沙田 飛機場,,,,,,助手,,踱步,H,飛機場 踱步 (助手)
H180,05/01/2025,游水,沙田,,沙田,,,,,,,,游水,,
H180,04/01/2025,游水,沙田,,沙田,,,,,,,,游水,,
H180,03/01/2025,游水,沙田,,沙田,,,,,,,,游水,,
H180,02/01/2025,游水,沙田,,沙田,,,,,,,,游水,,
H180,01/01/2025,出賽,沙田,草地,沙田 草地,1400M,,,,,潘明輝,13/14,出賽,B,1400M (潘明輝) (13/14)
H180,31/12/2024,游水,沙田,,沙田,,,,,,,,游水,,
H180,31/12/2024,踱步,沙田,內圈,沙田 內圈,,,,,,助手,,快踱一圈,H,內圈 快踱一圈 (助手)
H180,30/12/2024,游水,沙田,,沙田,,,,,,,,游水,,
H180,30/12/2024,快操,沙田,全天候,沙田 全天候,,53.7,53.7,27.9 25.8,,助手,,快操,,27.9 25.8 (53.7) (助手)
H180,30/12/2024,踱步,沙田,飛機場,沙田 飛機場,,,,,,助手,,踱步,,飛機場 踱步 (助手)
H180,29/12/2024,游水,沙田,,沙田,,,,,,,,游水,,
H180,29/12/2024,踱步,沙田,內圈,沙田 內圈,,,,,,助手,,快踱一圈,H,內圈 快踱一圈 (助手)
H180,28/12/2024,游水,沙田,,沙田,,,,,,,,游水,,
H180,28/12/2024,踱步,沙田,內圈,沙田 內圈,,,,,,助手,,快踱一圈,H,內圈 快踱一圈 (助手)
H180,27/12/2024,游水,沙田,,沙田,,,,,,,,游水,,
H180,27/12/2024,踱步,沙田,內圈,沙田 內圈,,,,,,助手,,快踱一圈,H,內圈 快踱一圈 (助手)
H180,26/12/2024,游水,沙田,,沙田,,,,,,,,游水,,
H180,25/12/2024,游水,從化,,從化,,,,,,,,游水,,
H180,25/12/2024,踱步,從化,內圈,從化 內圈,,,,,,助手,,快踱一圈,,內圈 快踱一圈 (助手)
H180,24/12/2024,游水,從化,,從化,,,,,,,,游水,,
H180,24/12/2024,快操,從化,草地,從化 草地,,51.1,51.1,27.3 23.8,,助手,,快操,B,27.3 23.8 (51.1) (助手)
H180,24/12/2024,踱步,從化,飛機場,從化 飛機場,,,,,,助手,,踱步,B,飛機場 踱步 (助手)
H180,23/12/2024,游水,從化,,從化,,,,,,,,游水,,
H180,23/12/2024,踱步,從化,內圈,從化 內圈,,,,,,助手,,倒快兩圈,,內圈 倒快兩圈 (助手)
H180,22/12/2024,游水,從化,,從化,,,,,,,,游水,,
H180,22/12/2024,踱步,從化,內圈,從化 內圈,,,,,,助手,,快踱一圈,,內圈 快踱一圈 (助手)
H180,21/12/2024,游水,從化,,從化,,,,,,,,游水,,
H180,21/12/2024,快操,從化,全天候,從化 全天候,,56.1,56.1,28.1 28.0,,助手,,快操,,28.1 28.0 (56.1) (助手)
H180,21/12/2024,踱步,從化,飛機場,從化 飛機場,,,,,,助手,,踱步,,飛機場 踱步 (助手)
H180,20/12/2024,游水,從化,,從化,,,,,,,,游水,,
H180,20/12/2024,踱步,從化,內圈,從化 內圈,,,,,,助手,,快踱一圈,,內圈 快踱一圈 (助手)
H180,19/12/2024,游水,從化,,從化,,,,,,,,游水,,
H180,19/12/2024,踱步,從化,內圈,從化 內圈,,,,,,助手,,倒快兩圈,,內圈 倒快兩圈 (助手)
H180,18/12/2024,游水,從化,,從化,,,,,,,,游水,,
H180,18/12/2024,踱步,從化,內圈,從化 內圈,,,,,,助手,,快踱一圈,,內圈 快踱一圈 (助手)
H180,17/12/2024,快操,從化,登山跑道,從化 登山跑道,,51.5,51.5,26.4 25.1,,助手,,快操,B,26.4 25.1 (51.5) (助手)
H180,17/12/2024,踱步,從化,飛機場,從化 飛機場,,,,,,助手,,踱步,B,飛機場 踱步 (助手)
H180,16/12/2024,游水,從化,,從化,,,,,,,,游水,,
H180,16/12/2024,踱步,從化,內圈,從化 內圈,,,,,,助手,,倒快兩圈,,內圈 倒快兩圈 (助手)
H180,15/12/2024,游水,從化,,從化,,,,,,,,游水,,
H180,15/12/2024,踱步,從化,內圈,從化 內圈,,,,,,助手,,快踱一圈,,內圈 快踱一圈 (助手)
H180,14/12/2024,踱步,從化,外圈,從化 外圈,,,,,,助手,,快踱一圈,,外圈 快踱一圈 (助手)
H180,13/12/2024,游水,從化,,從化,,,,,,,,游水,,
H180,13/12/2024,踱步,從化,內圈,從化 內圈,,,,,,助手,,快踱一圈,,內圈 快踱一圈 (助手)
H180,12/12/2024,游水,從化,,從化,,,,,,,,游水,,
H180,12/12/2024,踱步,從化,內圈,從化 內圈,,,,,,助手,,倒快兩圈,,內圈 倒快兩圈 (助手)
H180,11/12/2024,游水,從化,,從化,,,,,,,,游水,,
H180,11/12/2024,踱步,從化,內圈,從化 內圈,,,,,,助手,,快踱一圈,H,內圈 快踱一圈 (助手)
H180,10/12/2024,游水,從化,,從化,,,,,,,,游水,,
H180,10/12/2024,踱步,從化,內圈,從化 內圈,,,,,,助手,,快踱一圈,H,內圈 快踱一圈 (助手)
H180,09/12/2024,游水,從化,,從化,,,,,,,,游水,,
H180,09/12/2024,踱步,從化,內圈,從化 內圈,,,,,,助手,,倒快兩圈,H,內圈 倒快兩圈 (助手)
H180,08/12/2024,游水,從化,,從化,,,,,,,,游水,,
H180,08/12/2024,踱步,從化,內圈,從化 內圈,,,,,,助手,,快踱一圈,H,內圈 快踱一圈 (助手)
H180,07/12/2024,游水,從化,,從化,,,,,,,,游水,,
H180,06/12/2024,試閘,從化,草地,從化 草地,1200M,1.11.04,71.04,25.2 22.9 22.9,金鑽精靈,吳喬恩,,第9組,B,第9組 (吳喬恩) 1200M 金鑽精靈 25.2 22.9 22.9 (1.11.04)
H180,06/12/2024,踱步,從化,飛機場,從化 飛機場,,,,,,助手,,踱步,B,飛機場 踱步 (助手)
H180,05/12/2024,游水,從化,,從化,,,,,,,,游水,,
H180,05/12/2024,踱步,從化,內圈,從化 內圈,,,,,,助手,,倒快兩圈,H,內圈 倒快兩圈 (助手)
H180,04/12/2024,游水,從化,,從化,,,,,,,,游水,,
H180,04/12/2024,踱步,從化,內圈,從化 內圈,,,,,,助手,,快踱一圈,H,內圈 快踱一圈 (助手)
H180,03/12/2024,游水,從化,,從化,,,,,,,,游水,,
H180,03/12/2024,快操,從化,全天候,從化 全天候,,1.24.1,84.1,31.5 27.5 25.1,,助手,,喜報圍家,B,31.5 27.5 25.1 (1.24.1) (助手) 喜報圍家
H180,03/12/2024,踱步,從化,飛機場,從化 飛機場,,,,,,助手,,踱步,B,飛機場 踱步 (助手)
H180,02/12/2024,游水,從化,,從化,,,,,,,,游水,,
H180,02/12/2024,踱步,從化,內圈,從化 內圈,,,,,,助手,,倒快兩圈,H,內圈 倒快兩圈 (助手)
H180,01/12/2024,游水,從化,,從化,,,,,,,,游水,,
H180,01/12/2024,踱步,從化,內圈,從化 內圈,,,,,,助手,,快踱一圈,H,內圈 快踱一圈 (助手)
H180,30/11/2024,游水,從化,,從化,,,,,,,,游水,,
H180,30/11/2024,踱步,從化,內圈,從化 內圈,,,,,,助手,,快踱一圈,H,內圈 快踱一圈 (助手)
H180,29/11/2024,游水,從化,,從化,,,,,,,,游水,,
H180,28/11/2024,試閘,從化,全天候,從化 全天候,1200M,1.11.90,71.9,24.7 22.6 24.6,馬有運,祖利曼,,第4組,B,第4組 (祖利曼) 1200M 馬有運 24.7 22.6 24.6 (1.11.90)
H180,28/11/2024,踱步,從化,飛機場,從化 飛機場,,,,,,助手,,踱步,B,飛機場 踱步 (助手)
H180,27/11/2024,游水,從化,,從化,,,,,,,,游水,,
H180,27/11/2024,踱步,從化,內圈,從化 內圈,,,,,,助手,,快踱一圈,H,內圈 快踱一圈 (助手)
H180,26/11/2024,游水,從化,,從化,,,,,,,,游水,,
H180,26/11/2024,踱步,從化,外圈,從化 外圈,,,,,,助手,,快踱一圈,H,外圈 快踱一圈 (助手)
H180,25/11/2024,游水,從化,,從化,,,,,,,,游水,,
H180,25/11/2024,踱步,從化,內圈,從化 內圈,,,,,,助手,,倒快兩圈,H,內圈 倒快兩圈 (助手)
H180,24/11/2024,游水,從化,,從化,,,,,,,,游水,,
H180,24/11/2024,踱步,從化,內圈,從化 內圈,,,,,,助手,,快踱一圈,H,內圈 快踱一圈 (助手)
H180,23/11/2024,游水,從化,,從化,,,,,,,,游水,,
H180,23/11/2024,快操,從化,全天候,從化 全天候,,53.3,53.3,28.2 25.1,,助手,,喜報圍家,B,28.2 25.1 (53.3) (助手) 喜報圍家
H180,23/11/2024,踱步,從化,飛機場,從化 飛機場,,,,,,助手,,踱步,B,飛機場 踱步 (助手)
H180,22/11/2024,游水,從化,,從化,,,,,,,,游水,,
H180,22/11/2024,踱步,從化,內圈,從化 內圈,,,,,,助手,,快踱一圈,H,內圈 快踱一圈 (助手)
H180,21/11/2024,游水,從化,,從化,,,,,,,,游水,,
H180,21/11/2024,踱步,從化,內圈,從化 內圈,,,,,,助手,,倒快兩圈,H,內圈 倒快兩圈 (助手)
H180,20/11/2024,游水,從化,,從化,,,,,,,,游水,,
H180,20/11/2024,快操,從化,登山跑道,從化 登山跑道,,50.1,50.1,25.7 24.4,,助手,,進傲星,B,25.7 24.4 (50.1) (助手) 進傲星
H180,20/11/2024,踱步,從化,飛機場,從化 飛機場,,,,,,助手,,踱步,B,飛機場 踱步 (助手)
H180,19/11/2024,游水,從化,,從化,,,,,,,,游水,,
H180,19/11/2024,踱步,從化,內圈,從化 內圈,,,,,,助手,,快踱一圈,H,內圈 快踱一圈 (助手)
H180,18/11/2024,游水,從化,,從化,,,,,,,,游水,,
H180,18/11/2024,踱步,從化,內圈,從化 內圈,,,,,,助手,,倒快兩圈,H,內圈 倒快兩圈 (助手)
H180,17/11/2024,游水,從化,,從化,,,,,,,,游水,,
H180,17/11/2024,踱步,從化,內圈,從化 內圈,,,,,,助手,,快踱一圈,H,內圈 快踱一圈 (助手)
H180,16/11/2024,游水,從化,,從化,,,,,,,,游水,,
H180,16/11/2024,快操,從化,登山跑道,從化 登山跑道,,52.0,52.0,25.8 26.2,,助手,,快操,B,25.8 26.2 (52.0) (助手)
H180,16/11/2024,踱步,從化,飛機場,從化 飛機場,,,,,,助手,,踱步,B,飛機場 踱步 (助手)
H180,15/11/2024,游水,從化,,從化,,,,,,,,游水,,
H180,15/11/2024,踱步,從化,內圈,從化 內圈,,,,,,助手,,快踱一圈,H,內圈 快踱一圈 (助手)
H180,14/11/2024,游水,從化,,從化,,,,,,,,游水,,
H180,14/11/2024,快操,從化,全天候,從化 全天候,,32.9,32.9,32.9,,助手,,快操,H,32.9 (32.9) (助手)
H180,14/11/2024,踱步,從化,飛機場,從化 飛機場,,,,,,助手,,踱步,H,飛機場 踱步 (助手)
H180,13/11/2024,游水,從化,,從化,,,,,,,,游水,,
H180,13/11/2024,踱步,從化,內圈,從化 內圈,,,,,,助手,,快踱一圈,H,內圈 快踱一圈 (助手)
H180,12/11/2024,游水,從化,,從化,,,,,,,,游水,,
H180,12/11/2024,踱步,從化,內圈,從化 內圈,,,,,,助手,,快踱一圈,H,內圈 快踱一圈 (助手)
H180,11/11/2024,游水,從化,,從化,,,,,,,,游水,,
H180,11/11/2024,踱步,從化,內圈,從化 內圈,,,,,,助手,,倒快兩圈,H,內圈 倒快兩圈 (助手)
H180,10/11/2024,游水,從化,,從化,,,,,,,,游水,,
H180,10/11/2024,踱步,從化,內圈,從化 內圈,,,,,,助手,,快踱一圈,H,內圈 快踱一圈 (助手)
H180,09/11/2024,游水,從化,,從化,,,,,,,,游水,,
H180,08/11/2024,試閘,從化,草地,從化 草地,1200M,1.11.84,71.84,24.4 22.6 24.8,金鑽精靈,黃寶妮,,第8組,B,第8組 (黃寶妮) 1200M 金鑽精靈 24.4 22.6 24.8 (1.11.84)
H180,08/11/2024,踱步,從化,飛機場,從化 飛機場,,,,,,助手,,踱步,B,飛機場 踱步 (助手)
H180,07/11/2024,游水,從化,,從化,,,,,,,,游水,,
H180,07/11/2024,踱步,從化,內圈,從化 內圈,,,,,,助手,,倒快兩圈,H,內圈 倒快兩圈 (助手)
H180,06/11/2024,游水,從化,,從化,,,,,,,,游水,,
H180,06/11/2024,踱步,從化,內圈,從化 內圈,,,,,,助手,,快踱一圈,H,內圈 快踱一圈 (助手)
H180,05/11/2024,游水,從化,,從化,,,,,,,,游水,,
H180,05/11/2024,快操,從化,登山跑道,從化 登山跑道,,51.3,51.3,25.8 25.5,,助手,,快操,B,25.8 25.5 (51.3) (助手)
H180,05/11/2024,踱步,從化,飛機場,從化 飛機場,,,,,,助手,,踱步,B,飛機場 踱步 (助手)
H180,04/11/2024,游水,從化,,從化,,,,,,,,游水,,
H180,04/11/2024,踱步,從化,內圈,從化 內圈,,,,,,助手,,倒快兩圈,H,內圈 倒快兩圈 (助手)
H180,03/11/2024,游水,從化,,從化,,,,,,,,游水,,
H180,03/11/2024,踱步,從化,內圈,從化 內圈,,,,,,助手,,快踱一圈,H,內圈 快踱一圈 (助手)
H180,02/11/2024,游水,從化,,從化,,,,,,,,游水,,
H180,02/11/2024,快操,從化,全天候,從化 全天候,,1.23.2,83.2,29.6 27.7 25.9,,助手,,快操,,29.6 27.7 25.9 (1.23.2) (助手)
H180,02/11/2024,踱步,從化,飛機場,從化 飛機場,,,,,,助手,,踱步,,飛機場 踱步 (助手)
H180,01/11/2024,游水,從化,,從化,,,,,,,,游水,,
H180,01/11/2024,踱步,從化,內圈,從化 內圈,,,,,,助手,,快踱一圈,H,內圈 快踱一圈 (助手)
H180,31/10/2024,游水,從化,,從化,,,,,,,,游水,,
H180,31/10/2024,踱步,從化,內圈,從化 內圈,,,,,,助手,,倒快兩圈,H,內圈 倒快兩圈 (助手)
H180,30/10/2024,游水,從化,,從化,,,,,,,,游水,,
H180,30/10/2024,快操,從化,登山跑道,從化 登山跑道,,51.1,51.1,26.0 25.1,,助手,,嘉應奇兵,B,26.0 25.1 (51.1) (助手) 嘉應奇兵
H180,30/10/2024,踱步,從化,飛機場,從化 飛機場,,,,,,助手,,踱步,B,飛機場 踱步 (助手)
H180,29/10/2024,游水,從化,,從化,,,,,,,,游水,,
H180,29/10/2024,踱步,從化,內圈,從化 內圈,,,,,,助手,,快踱一圈,H,內圈 快踱一圈 (助手)
H180,28/10/2024,游水,從化,,從化,,,,,,,,游水,,
H180,28/10/2024,踱步,從化,內圈,從化 內圈,,,,,,助手,,倒快兩圈,H,內圈 倒快兩圈 (助手)
H180,27/10/2024,游水,從化,,從化,,,,,,,,游水,,
H180,27/10/2024,踱步,從化,內圈,從化 內圈,,,,,,助手,,快踱一圈,H,內圈 快踱一圈 (助手)
H180,26/10/2024,游水,從化,,從化,,,,,,,,游水,,
H180,26/10/2024,快操,從化,登山跑道,從化 登山跑道,,50.8,50.8,25.2 25.6,,助手,,快操,B,25.2 25.6 (50.8) (助手)
H180,26/10/2024,踱步,從化,飛機場,從化 飛機場,,,,,,助手,,踱步,B,飛機場 踱步 (助手)
H180,25/10/2024,游水,從化,,從化,,,,,,,,游水,,
H180,25/10/2024,踱步,從化,內圈,從化 內圈,,,,,,助手,,快踱一圈,H,內圈 快踱一圈 (助手)
H180,24/10/2024,游水,從化,,從化,,,,,,,,游水,,
H180,24/10/2024,踱步,從化,外圈,從化 外圈,,,,,,助手,,快踱一圈,H,外圈 快踱一圈 (助手)
H180,23/10/2024,游水,從化,,從化,,,,,,,,游水,,
H180,23/10/2024,踱步,從化,內圈,從化 內圈,,,,,,助手,,快踱一圈,H,內圈 快踱一圈 (助手)
H180,22/10/2024,游水,從化,,從化,,,,,,,,游水,,
H180,22/10/2024,踱步,從化,內圈,從化 內圈,,,,,,助手,,快踱一圈,H,內圈 快踱一圈 (助手)
H180,21/10/2024,游水,從化,,從化,,,,,,,,游水,,
H180,21/10/2024,踱步,從化,內圈,從化 內圈,,,,,,助手,,倒快兩圈,H,內圈 倒快兩圈 (助手)
H180,20/10/2024,游水,從化,,從化,,,,,,,,游水,,
H180,20/10/2024,踱步,從化,內圈,從化 內圈,,,,,,助手,,快踱一圈,H,內圈 快踱一圈 (助手)
H180,19/10/2024,游水,從化,,從化,,,,,,,,游水,,
H180,19/10/2024,踱步,從化,內圈,從化 內圈,,,,,,助手,,快踱一圈,H,內圈 快踱一圈 (助手)
H180,18/10/2024,游水,從化,,從化,,,,,,,,游水,,
H180,18/10/2024,踱步,從化,內圈,從化 內圈,,,,,,助手,,快踱一圈,H,內圈 快踱一圈 (助手)
H180,17/10/2024,游水,從化,,從化,,,,,,,,游水,,
H180,15/10/2024,游水,沙田,,沙田,,,,,,,,游水,,
H180,14/10/2024,游水,沙田,,沙田,,,,,,,,游水,,
H180,13/10/2024,出賽,沙田,草地,沙田 草地,1400M,,,,,巴度,14/14,出賽,B,1400M (巴度) (14/14)
H180,12/10/2024,游水,沙田,,沙田,,,,,,,,游水,,
H180,12/10/2024,踱步,沙田,內圈,沙田 內圈,,,,,,助手,,快踱一圈,H,內圈 快踱一圈 (助手)
H180,11/10/2024,游水,沙田,,沙田,,,,,,,,游水,,
H180,11/10/2024,踱步,沙田,外圈,沙田 外圈,,,,,,助手,,快踱一圈,H,外圈 快踱一圈 (助手)
H180,10/10/2024,游水,沙田,,沙田,,,,,,,,游水,,
H180,10/10/2024,踱步,沙田,內圈,沙田 內圈,,,,,,助手,,倒快兩圈,H,內圈 倒快兩圈 (助手)
H180,09/10/2024,游水,沙田,,沙田,,,,,,,,游水,,
H180,09/10/2024,踱步,沙田,內圈,沙田 內圈,,,,,,助手,,快踱一圈,H,內圈 快踱一圈 (助手)
H180,08/10/2024,游水,沙田,,沙田,,,,,,,,游水,,
H180,08/10/2024,踱步,沙田,彭福公園,沙田 彭福公園,,,,,,助手,,踱步,H,彭福公園 踱步 (助手)
H180,07/10/2024,游水,沙田,,沙田,,,,,,,,游水,,
H180,06/10/2024,出賽,沙田,草地,沙田 草地,1200M,,,,,田泰安,6/11,出賽,B,1200M (田泰安) (6/11)
H180,06/10/2024,踱步,沙田,飛機場,沙田 飛機場,,,,,,助手,,踱步,H,飛機場 踱步 (助手)
H180,05/10/2024,游水,沙田,,沙田,,,,,,,,游水,,
H180,05/10/2024,踱步,沙田,內圈,沙田 內圈,,,,,,助手,,快踱一圈,H,內圈 快踱一圈 (助手)
H180,04/10/2024,游水,沙田,,沙田,,,,,,,,游水,,
H180,04/10/2024,踱步,沙田,內圈,沙田 內圈,,,,,,助手,,快踱一圈,H,內圈 快踱一圈 (助手)
H180,03/10/2024,游水,沙田,,沙田,,,,,,,,游水,,
H180,03/10/2024,快操,沙田,草地,沙田 草地,,52.6,52.6,27.9 24.7,,田泰安,,快操,H,27.9 24.7 (52.6) (田泰安)
H180,03/10/2024,踱步,沙田,飛機場,沙田 飛機場,,,,,,助手,,踱步,H,飛機場 踱步 (助手)
H180,02/10/2024,游水,沙田,,沙田,,,,,,,,游水,,
H180,02/10/2024,踱步,沙田,內圈,沙田 內圈,,,,,,助手,,快踱一圈,H,內圈 快踱一圈 (助手)
H180,01/10/2024,游水,沙田,,沙田,,,,,,,,游水,,
H180,01/10/2024,踱步,沙田,內圈,沙田 內圈,,,,,,助手,,快踱一圈,H,內圈 快踱一圈 (助手)
H180,30/09/2024,游水,沙田,,沙田,,,,,,,,游水,,
H180,30/09/2024,快操,沙田,全天候,沙田 全天候,,53.5,53.5,28.7 24.8,,助手,,快操,,28.7 24.8 (53.5) (助手)
H180,30/09/2024,踱步,沙田,飛機場,沙田 飛機場,,,,,,助手,,踱步,,飛機場 踱步 (助手)
H180,29/09/2024,游水,沙田,,沙田,,,,,,,,游水,,
H180,29/09/2024,踱步,沙田,內圈,沙田 內圈,,,,,,助手,,快踱一圈,H,內圈 快踱一圈 (助手)
H180,28/09/2024,游水,沙田,,沙田,,,,,,,,游水,,
H180,28/09/2024,踱步,沙田,內圈,沙田 內圈,,,,,,助手,,快踱一圈,H,內圈 快踱一圈 (助手)
H180,27/09/2024,游水,沙田,,沙田,,,,,,,,游水,,
H180,27/09/2024,踱步,沙田,內圈,沙田 內圈,,,,,,助手,,快踱一圈,H,內圈 快踱一圈 (助手)
H180,26/09/2024,游水,沙田,,沙田,,,,,,,,游水,,
H180,26/09/2024,踱步,沙田,內圈,沙田 內圈,,,,,,助手,,倒快兩圈,H,內圈 倒快兩圈 (助手)
H180,25/09/2024,游水,沙田,,沙田,,,,,,,,游水,,
H180,25/09/2024,踱步,沙田,內圈,沙田 內圈,,,,,,助手,,快踱一圈,H,內圈 快踱一圈 (助手)
H180,24/09/2024,游水,沙田,,沙田,,,,,,,,游水,,
H180,24/09/2024,踱步,沙田,飛機場,沙田 飛機場,,,,,,助手,,踱步,H,飛機場 踱步 (助手)
H180,23/09/2024,游水,沙田,,沙田,,,,,,,,游水,,
H180,22/09/2024,出賽,沙田,草地,沙田 草地,1000M,,,,,巴度,3/14,出賽,B,1000M (巴度) (3/14)
H180,22/09/2024,踱步,沙田,飛機場,沙田 飛機場,,,,,,助手,,踱步,H,飛機場 踱步 (助手)
H180,21/09/2024,游水,沙田,,沙田,,,,,,,,游水,,
H180,21/09/2024,踱步,沙田,內圈,沙田 內圈,,,,,,黃寶妮,,快踱一圈,H,內圈 快踱一圈 (黃寶妮)
H180,20/09/2024,游水,沙田,,沙田,,,,,,,,游水,,
H180,20/09/2024,快操,沙田,全天候,沙田 全天候,,55.1,55.1,29.1 26.0,,黃寶妮,,快操,,29.1 26.0 (55.1) (黃寶妮)
H180,20/09/2024,踱步,沙田,飛機場,沙田 飛機場,,,,,,黃寶妮,,踱步,,飛機場 踱步 (黃寶妮)
H180,19/09/2024,游水,沙田,,沙田,,,,,,,,游水,,
H180,19/09/2024,踱步,沙田,內圈,沙田 內圈,,,,,,助手,,倒快兩圈,H,內圈 倒快兩圈 (助手)
H180,18/09/2024,游水,沙田,,沙田,,,,,,,,游水,,
H180,18/09/2024,踱步,沙田,內圈,沙田 內圈,,,,,,助手,,快踱一圈,H,內圈 快踱一圈 (助手)
H180,17/09/2024,游水,沙田,,沙田,,,,,,,,游水,,
H180,17/09/2024,踱步,沙田,內圈,沙田 內圈,,,,,,助手,,快踱一圈,H,內圈 快踱一圈 (助手)
H180,16/09/2024,游水,沙田,,沙田,,,,,,,,游水,,
H180,16/09/2024,快操,沙田,草閘,沙田 草閘,,48.6,48.6,24.6 24.0,,巴度,,日頌月讚,,24.6 24.0 (48.6) (巴度) 日頌月讚
H180,16/09/2024,踱步,沙田,飛機場,沙田 飛機場,,,,,,助手,,踱步,,飛機場 踱步 (助手)
H180,15/09/2024,游水,沙田,,沙田,,,,,,,,游水,,
H180,15/09/2024,踱步,沙田,內圈,沙田 內圈,,,,,,助手,,快踱一圈,H,內圈 快踱一圈 (助手)
H180,14/09/2024,游水,沙田,,沙田,,,,,,,,游水,,
H180,14/09/2024,踱步,沙田,內圈,沙田 內圈,,,,,,助手,,快踱一圈,H,內圈 快踱一圈 (助手)
H180,13/09/2024,游水,沙田,,沙田,,,,,,,,游水,,
H180,13/09/2024,踱步,沙田,內圈,沙田 內圈,,,,,,助手,,快踱一圈,H,內圈 快踱一圈 (助手)
H180,12/09/2024,游水,沙田,,沙田,,,,,,,,游水,,
H180,12/09/2024,快操,沙田,全天候,沙田 全天候,,49.9,49.9,26.7 23.2,,田泰安,,快操,,26.7 23.2 (49.9) (田泰安) (伴跳馬)
H180,12/09/2024,踱步,沙田,飛機場,沙田 飛機場,,,,,,助手,,踱步,,飛機場 踱步 (助手)
H180,11/09/2024,游水,沙田,,沙田,,,,,,,,游水,,
H180,11/09/2024,踱步,沙田,內圈,沙田 內圈,,,,,,助手,,快踱一圈,H,內圈 快踱一圈 (助手)
H180,10/09/2024,游水,沙田,,沙田,,,,,,,,游水,,
H180,10/09/2024,踱步,沙田,內圈,沙田 內圈,,,,,,助手,,快踱一圈,H,內圈 快踱一圈 (助手)
H180,09/09/2024,游水,沙田,,沙田,,,,,,,,游水,,
H180,09/09/2024,踱步,沙田,內圈,沙田 內圈,,,,,,助手,,倒快兩圈,H,內圈 倒快兩圈 (助手)
H180,08/09/2024,游水,沙田,,沙田,,,,,,,,游水,,
H180,08/09/2024,踱步,沙田,彭福公園,沙田 彭福公園,,,,,,助手,,踱步,H,彭福公園 踱步 (助手)
H180,07/09/2024,試閘,沙田,全天候,沙田 全天候,1200M,1.11.21,71.21,24.4 22.6 24.2,友瑩仁,田泰安,,第6組,B,第6組 (田泰安) 1200M 友瑩仁 24.4 22.6 24.2 (1.11.21)
H180,07/09/2024,游水,沙田,,沙田,,,,,,,,游水,,
H180,06/09/2024,游水,沙田,,沙田,,,,,,,,游水,,
H180,05/09/2024,游水,沙田,,沙田,,,,,,,,游水,,
H180,05/09/2024,踱步,沙田,內圈,沙田 內圈,,,,,,助手,,倒快兩圈,H,內圈 倒快兩圈 (助手)
H180,04/09/2024,游水,沙田,,沙田,,,,,,,,游水,,
H180,04/09/2024,踱步,沙田,內圈,沙田 內圈,,,,,,助手,,快踱一圈,H,內圈 快踱一圈 (助手)
H180,03/09/2024,游水,沙田,,沙田,,,,,,,,游水,,
H180,03/09/2024,快操,沙田,全天候,沙田 全天候,,54.8,54.8,29.0 25.8,,田泰安,,嘉應奇兵,,29.0 25.8 (54.8) (田泰安) 嘉應奇兵
H180,03/09/2024,踱步,沙田,飛機場,沙田 飛機場,,,,,,助手,,踱步,,飛機場 踱步 (助手)
H180,02/09/2024,游水,沙田,,沙田,,,,,,,,游水,,
H180,02/09/2024,踱步,沙田,內圈,沙田 內圈,,,,,,黃寶妮,,倒快兩圈,PH,內圈 倒快兩圈 (黃寶妮)
H180,01/09/2024,游水,沙田,,沙田,,,,,,,,游水,,
H180,01/09/2024,踱步,沙田,內圈,沙田 內圈,,,,,,助手,,快踱一圈,H,內圈 快踱一圈 (助手)
H180,31/08/2024,游水,沙田,,沙田,,,,,,,,游水,,
H180,31/08/2024,踱步,沙田,內圈,沙田 內圈,,,,,,助手,,快踱一圈,H,內圈 快踱一圈 (助手)
H180,30/08/2024,游水,沙田,,沙田,,,,,,,,游水,,
H180,30/08/2024,踱步,沙田,內圈,沙田 內圈,,,,,,助手,,快踱一圈,H,內圈 快踱一圈 (助手)
H180,29/08/2024,游水,沙田,,沙田,,,,,,,,游水,,
H180,29/08/2024,快操,沙田,草閘,沙田 草閘,,47.4,47.4,24.2 23.2,,艾道拿,,"嘉應奇兵, 勁先生",,"24.2 23.2 (47.4) (艾道拿) 嘉應奇兵, 勁先生"
H180,29/08/2024,踱步,沙田,飛機場,沙田 飛機場,,,,,,助手,,踱步,H,飛機場 踱步 (助手)
H180,28/08/2024,游水,沙田,,沙田,,,,,,,,游水,,
H180,28/08/2024,踱步,沙田,內圈,沙田 內圈,,,,,,助手,,快踱一圈,H,內圈 快踱一圈 (助手)
H180,27/08/2024,游水,沙田,,沙田,,,,,,,,游水,,
H180,27/08/2024,踱步,沙田,內圈,沙田 內圈,,,,,,助手,,快踱一圈,H,內圈 快踱一圈 (助手)
H180,26/08/2024,游水,沙田,,沙田,,,,,,,,游水,,
H180,26/08/2024,快操,沙田,全天候,沙田 全天候,,54.1,54.1,29.2 24.9,,助手,,勁先生,,29.2 24.9 (54.1) (助手) 勁先生
H180,26/08/2024,踱步,沙田,飛機場,沙田 飛機場,,,,,,助手,,踱步,,飛機場 踱步 (助手)
H180,25/08/2024,游水,沙田,,沙田,,,,,,,,游水,,
H180,25/08/2024,踱步,沙田,內圈,沙田 內圈,,,,,,助手,,快踱一圈,H,內圈 快踱一圈 (助手)
H180,24/08/2024,游水,沙田,,沙田,,,,,,,,游水,,
H180,24/08/2024,踱步,沙田,內圈,沙田 內圈,,,,,,助手,,快踱一圈,H,內圈 快踱一圈 (助手)
H180,23/08/2024,游水,沙田,,沙田,,,,,,,,游水,,
H180,23/08/2024,踱步,沙田,內圈,沙田 內圈,,,,,,助手,,快踱一圈,H,內圈 快踱一圈 (助手)
H180,22/08/2024,游水,沙田,,沙田,,,,,,,,游水,,
H180,22/08/2024,快操,沙田,全天候,沙田 全天候,,57.2,57.2,31.4 25.8,,助手,,勁先生,,31.4 25.8 (57.2) (助手) 勁先生
H180,22/08/2024,踱步,沙田,飛機場,沙田 飛機場,,,,,,助手,,踱步,,飛機場 踱步 (助手)
H180,21/08/2024,游水,沙田,,沙田,,,,,,,,游水,,
H180,21/08/2024,踱步,沙田,內圈,沙田 內圈,,,,,,助手,,快踱一圈,H,內圈 快踱一圈 (助手)
H180,20/08/2024,游水,沙田,,沙田,,,,,,,,游水,,
H180,20/08/2024,踱步,沙田,內圈,沙田 內圈,,,,,,助手,,快踱一圈,H,內圈 快踱一圈 (助手)
H180,19/08/2024,游水,沙田,,沙田,,,,,,,,游水,,
H180,19/08/2024,快操,沙田,全天候,沙田 全天候,,51.6,51.6,27.3 24.3,,助手,,勁先生,,27.3 24.3 (51.6) (助手) 勁先生
H180,19/08/2024,踱步,沙田,飛機場,沙田 飛機場,,,,,,助手,,踱步,,飛機場 踱步 (助手)
H180,18/08/2024,游水,沙田,,沙田,,,,,,,,游水,,
H180,18/08/2024,踱步,沙田,內圈,沙田 內圈,,,,,,助手,,快踱一圈,H,內圈 快踱一圈 (助手)
H180,17/08/2024,游水,沙田,,沙田,,,,,,,,游水,,
H180,17/08/2024,踱步,沙田,內圈,沙田 內圈,,,,,,助手,,快踱一圈,H,內圈 快踱一圈 (助手)
H180,16/08/2024,游水,沙田,,沙田,,,,,,,,游水,,
H180,16/08/2024,踱步,沙田,內圈,沙田 內圈,,,,,,助手,,快踱一圈,H,內圈 快踱一圈 (助手)
H180,15/08/2024,游水,沙田,,沙田,,,,,,,,游水,,
H180,15/08/2024,快操,沙田,全天候,沙田 全天候,,29.6,29.6,29.6,,助手,,快操,,29.6 (29.6) (助手)
H180,15/08/2024,踱步,沙田,飛機場,沙田 飛機場,,,,,,助手,,踱步,,飛機場 踱步 (助手)
H180,14/08/2024,游水,沙田,,沙田,,,,,,,,游水,,
H180,14/08/2024,踱步,沙田,內圈,沙田 內圈,,,,,,助手,,快踱一圈,H,內圈 快踱一圈 (助手)
H180,13/08/2024,游水,沙田,,沙田,,,,,,,,游水,,
H180,13/08/2024,踱步,沙田,內圈,沙田 內圈,,,,,,助手,,快踱一圈,H,內圈 快踱一圈 (助手)
H180,12/08/2024,游水,沙田,,沙田,,,,,,,,游水,,
H180,12/08/2024,快操,沙田,全天候,沙田 全天候,,54.9,54.9,29.0 25.9,,助手,,快操,,29.0 25.9 (54.9) (助手)
H180,12/08/2024,踱步,沙田,飛機場,沙田 飛機場,,,,,,助手,,踱步,,飛機場 踱步 (助手)
H180,11/08/2024,游水,沙田,,沙田,,,,,,,,游水,,
H180,11/08/2024,踱步,沙田,內圈,沙田 內圈,,,,,,助手,,快踱一圈,H,內圈 快踱一圈 (助手)
H180,10/08/2024,游水,沙田,,沙田,,,,,,,,游水,,
H180,10/08/2024,踱步,沙田,內圈,沙田 內圈,,,,,,助手,,快踱一圈,H,內圈 快踱一圈 (助手)
H180,09/08/2024,游水,沙田,,沙田,,,,,,,,游水,,
H180,09/08/2024,踱步,沙田,內圈,沙田 內圈,,,,,,助手,,快踱一圈,H,內圈 快踱一圈 (助手)
H180,08/08/2024,游水,沙田,,沙田,,,,,,,,游水,,
H180,08/08/2024,快操,沙田,全天候,沙田 全天候,,1.30.6,90.6,34.1 30.5 26.0,,助手,,快操,,34.1 30.5 26.0 (1.30.6) (助手)
H180,08/08/2024,踱步,沙田,飛機場,沙田 飛機場,,,,,,助手,,踱步,,飛機場 踱步 (助手)
H180,07/08/2024,游水,沙田,,沙田,,,,,,,,游水,,
H180,07/08/2024,踱步,沙田,內圈,沙田 內圈,,,,,,助手,,快踱一圈,H,內圈 快踱一圈 (助手)
H180,06/08/2024,游水,沙田,,沙田,,,,,,,,游水,,
H180,06/08/2024,踱步,沙田,內圈,沙田 內圈,,,,,,助手,,快踱一圈,H,內圈 快踱一圈 (助手)
H180,05/08/2024,游水,沙田,,沙田,,,,,,,,游水,,
H180,05/08/2024,快操,沙田,全天候,沙田 全天候,,59.4,59.4,31.8 27.6,,助手,,快操,H,31.8 27.6 (59.4) (助手)
H180,05/08/2024,踱步,沙田,飛機場,沙田 飛機場,,,,,,助手,,踱步,H,飛機場 踱步 (助手)
H180,04/08/2024,游水,沙田,,沙田,,,,,,,,游水,,
H180,04/08/2024,踱步,沙田,內圈,沙田 內圈,,,,,,助手,,快踱一圈,H,內圈 快踱一圈 (助手)
H180,03/08/2024,游水,沙田,,沙田,,,,,,,,游水,,
H180,03/08/2024,踱步,沙田,內圈,沙田 內圈,,,,,,助手,,快踱一圈,H,內圈 快踱一圈 (助手)
H180,02/08/2024,游水,沙田,,沙田,,,,,,,,游水,,
H180,02/08/2024,踱步,沙田,內圈,沙田 內圈,,,,,,助手,,快踱一圈,H,內圈 快踱一圈 (助手)
H180,01/08/2024,快操,沙田,全天候,沙田 全天候,,30.0,30.0,30.0,,助手,,快操,H,30.0 (30.0) (助手)
H180,01/08/2024,踱步,沙田,飛機場,沙田 飛機場,,,,,,助手,,踱步,H,飛機場 踱步 (助手)
H180,31/07/2024,踱步,沙田,內圈,沙田 內圈,,,,,,助手,,快踱一圈,H,內圈 快踱一圈 (助手)
H180,30/07/2024,踱步,沙田,內圈,沙田 內圈,,,,,,助手,,快踱一圈,PH,內圈 快踱一圈 (助手)
H180,29/07/2024,踱步,沙田,內圈,沙田 內圈,,,,,,助手,,快踱一圈,H,內圈 快踱一圈 (助手)
H180,28/07/2024,踱步,沙田,飛機場,沙田 飛機場,,,,,,助手,,踱步,H,飛機場 踱步 (助手)
H180,27/07/2024,踱步,沙田,飛機場,沙田 飛機場,,,,,,助手,,踱步,H,飛機場 踱步 (助手)
H180,26/07/2024,踱步,沙田,飛機場,沙田 飛機場,,,,,,助手,,踱步,H,飛機場 踱步 (助手)
H180,25/07/2024,踱步,沙田,飛機場,沙田 飛機場,,,,,,助手,,踱步,PH,飛機場 踱步 (助手)
H180,24/07/2024,踱步,沙田,飛機場,沙田 飛機場,,,,,,助手,,踱步,H,飛機場 踱步 (助手)
H180,23/07/2024,踱步,沙田,飛機場,沙田 飛機場,,,,,,助手,,踱步,H,飛機場 踱步 (助手)
H180,22/07/2024,踱步,沙田,飛機場,沙田 飛機場,,,,,,助手,,踱步,H,飛機場 踱步 (助手)
H180,14/07/2024,游水,沙田,,沙田,,,,,,,,游水,,
H180,13/07/2024,游水,沙田,,沙田,,,,,,,,游水,,
H180,12/07/2024,游水,沙田,,沙田,,,,,,,,游水,,
H180,11/07/2024,游水,沙田,,沙田,,,,,,,,游水,,
H180,10/07/2024,游水,沙田,,沙田,,,,,,,,游水,,
H180,09/07/2024,游水,沙田,,沙田,,,,,,,,游水,,
H180,08/07/2024,游水,沙田,,沙田,,,,,,,,游水,,
H180,07/07/2024,游水,沙田,,沙田,,,,,,,,游水,,
H180,06/07/2024,游水,沙田,,沙田,,,,,,,,游水,,
H180,06/07/2024,踱步,沙田,內圈,沙田 內圈,,,,,,助手,,快踱一圈,H,內圈 快踱一圈 (助手)
H180,05/07/2024,游水,沙田,,沙田,,,,,,,,游水,,
H180,05/07/2024,踱步,沙田,內圈,沙田 內圈,,,,,,助手,,快踱一圈,H,內圈 快踱一圈 (助手)
H180,04/07/2024,游水,沙田,,沙田,,,,,,,,游水,,
H180,04/07/2024,踱步,沙田,內圈,沙田 內圈,,,,,,助手,,倒快兩圈,H,內圈 倒快兩圈 (助手)
H180,03/07/2024,游水,沙田,,沙田,,,,,,,,游水,,
H180,03/07/2024,踱步,沙田,內圈,沙田 內圈,,,,,,助手,,快踱一圈,H,內圈 快踱一圈 (助手)
H180,02/07/2024,游水,沙田,,沙田,,,,,,,,游水,,
H180,02/07/2024,踱步,沙田,內圈,沙田 內圈,,,,,,助手,,快踱一圈,H,內圈 快踱一圈 (助手)
H180,01/07/2024,游水,沙田,,沙田,,,,,,,,游水,,
H180,01/07/2024,踱步,沙田,內圈,沙田 內圈,,,,,,助手,,倒快兩圈,H,內圈 倒快兩圈 (助手)
H180,30/06/2024,游水,沙田,,沙田,,,,,,,,游水,,
H180,30/06/2024,踱步,沙田,內圈,沙田 內圈,,,,,,助手,,快踱一圈,H,內圈 快踱一圈 (助手)
H180,29/06/2024,游水,沙田,,沙田,,,,,,,,游水,,
H180,29/06/2024,踱步,沙田,內圈,沙田 內圈,,,,,,助手,,快踱一圈,H,內圈 快踱一圈 (助手)
H180,28/06/2024,游水,沙田,,沙田,,,,,,,,游水,,
H180,27/06/2024,游水,沙田,,沙田,,,,,,,,游水,,
H180,26/06/2024,踱步,沙田,飛機場,沙田 飛機場,,,,,,助手,,踱步,H,飛機場 踱步 (助手)
H180,25/06/2024,游水,沙田,,沙田,,,,,,,,游水,,
H180,25/06/2024,踱步,沙田,內圈,沙田 內圈,,,,,,助手,,快踱一圈,H,內圈 快踱一圈 (助手)
H180,24/06/2024,游水,沙田,,沙田,,,,,,,,游水,,
H180,24/06/2024,快操,沙田,全天候,沙田 全天候,,53.9,53.9,28.1 25.8,,助手,,快操,B,28.1 25.8 (53.9) (助手)
H180,24/06/2024,踱步,沙田,飛機場,沙田 飛機場,,,,,,助手,,踱步,H,飛機場 踱步 (助手)
H180,23/06/2024,游水,沙田,,沙田,,,,,,,,游水,,
H180,23/06/2024,踱步,沙田,內圈,沙田 內圈,,,,,,助手,,快踱一圈,H,內圈 快踱一圈 (助手)
H180,22/06/2024,游水,沙田,,沙田,,,,,,,,游水,,
H180,22/06/2024,踱步,沙田,內圈,沙田 內圈,,,,,,助手,,快踱一圈,H,內圈 快踱一圈 (助手)
H180,21/06/2024,游水,沙田,,沙田,,,,,,,,游水,,
H180,21/06/2024,踱步,沙田,內圈,沙田 內圈,,,,,,助手,,快踱一圈,H,內圈 快踱一圈 (助手)
H180,20/06/2024,游水,沙田,,沙田,,,,,,,,游水,,
H180,20/06/2024,踱步,沙田,內圈,沙田 內圈,,,,,,助手,,倒快兩圈,H,內圈 倒快兩圈 (助手)
H180,19/06/2024,游水,沙田,,沙田,,,,,,,,游水,,
H180,19/06/2024,踱步,沙田,飛機場,沙田 飛機場,,,,,,助手,,踱步,H,飛機場 踱步 (助手)
H180,18/06/2024,試閘,沙田,全天候,沙田 全天候,1200M,1.11.03,71.03,24.2 22.7 24.1,錶之多多,黃寶妮,,第2組,B,第2組 (黃寶妮) 1200M 錶之多多 24.2 22.7 24.1 (1.11.03)
H180,18/06/2024,游水,沙田,,沙田,,,,,,,,游水,,
H180,17/06/2024,游水,沙田,,沙田,,,,,,,,游水,,
H180,17/06/2024,踱步,沙田,內圈,沙田 內圈,,,,,,助手,,倒快兩圈,H,內圈 倒快兩圈 (助手)
H180,16/06/2024,游水,沙田,,沙田,,,,,,,,游水,,
H180,16/06/2024,踱步,沙田,內圈,沙田 內圈,,,,,,助手,,快踱一圈,H,內圈 快踱一圈 (助手)
H180,15/06/2024,游水,沙田,,沙田,,,,,,,,游水,,
H180,15/06/2024,踱步,沙田,內圈,沙田 內圈,,,,,,助手,,快踱一圈,H,內圈 快踱一圈 (助手)
H180,14/06/2024,游水,沙田,,沙田,,,,,,,,游水,,
H180,14/06/2024,踱步,沙田,內圈,沙田 內圈,,,,,,助手,,快踱一圈,H,內圈 快踱一圈 (助手)
H180,13/06/2024,游水,沙田,,沙田,,,,,,,,游水,,
H180,12/06/2024,游水,從化,,從化,,,,,,,,游水,,
H180,12/06/2024,快操,從化,登山跑道,從化 登山跑道,,51.1,51.1,25.0 26.1,,助手,,快操,H,25.0 26.1 (51.1) (助手)
H180,12/06/2024,踱步,從化,飛機場,從化 飛機場,,,,,,助手,,踱步,H,飛機場 踱步 (助手)
H180,11/06/2024,游水,從化,,從化,,,,,,,,游水,,
H180,11/06/2024,踱步,從化,內圈,從化 內圈,,,,,,助手,,快踱一圈,H,內圈 快踱一圈 (助手)
H180,10/06/2024,游水,從化,,從化,,,,,,,,游水,,
H180,10/06/2024,踱步,從化,內圈,從化 內圈,,,,,,助手,,倒快兩圈,H,內圈 倒快兩圈 (助手)
H180,09/06/2024,游水,從化,,從化,,,,,,,,游水,,
H180,09/06/2024,踱步,從化,內圈,從化 內圈,,,,,,助手,,快踱一圈,H,內圈 快踱一圈 (助手)
H180,08/06/2024,游水,從化,,從化,,,,,,,,游水,,
H180,08/06/2024,快操,從化,登山跑道,從化 登山跑道,,52.2,52.2,26.5 25.7,,助手,,快狠準,B,26.5 25.7 (52.2) (助手) 快狠準
H180,08/06/2024,踱步,從化,飛機場,從化 飛機場,,,,,,助手,,踱步,B,飛機場 踱步 (助手)
H180,07/06/2024,游水,從化,,從化,,,,,,,,游水,,
H180,07/06/2024,踱步,從化,內圈,從化 內圈,,,,,,助手,,快踱一圈,H,內圈 快踱一圈 (助手)
H180,06/06/2024,游水,從化,,從化,,,,,,,,游水,,
H180,06/06/2024,踱步,從化,內圈,從化 內圈,,,,,,助手,,倒快兩圈,H,內圈 倒快兩圈 (助手)
H180,05/06/2024,游水,從化,,從化,,,,,,,,游水,,
H180,05/06/2024,快操,從化,登山跑道,從化 登山跑道,,52.4,52.4,26.1 26.3,,助手,,快操,,26.1 26.3 (52.4) (助手)
H180,04/06/2024,游水,從化,,從化,,,,,,,,游水,,
H180,04/06/2024,踱步,從化,內圈,從化 內圈,,,,,,助手,,快踱一圈,H,內圈 快踱一圈 (助手)
H180,03/06/2024,游水,從化,,從化,,,,,,,,游水,,
H180,03/06/2024,踱步,從化,內圈,從化 內圈,,,,,,助手,,倒快兩圈,H,內圈 倒快兩圈 (助手)
H180,02/06/2024,游水,從化,,從化,,,,,,,,游水,,
H180,02/06/2024,踱步,從化,內圈,從化 內圈,,,,,,助手,,快踱一圈,H,內圈 快踱一圈 (助手)
H180,01/06/2024,游水,從化,,從化,,,,,,,,游水,,
H180,01/06/2024,快操,從化,登山跑道,從化 登山跑道,,53.5,53.5,27.1 26.4,,助手,,快操,,27.1 26.4 (53.5) (助手)
H180,01/06/2024,踱步,從化,飛機場,從化 飛機場,,,,,,助手,,踱步,,飛機場 踱步 (助手)
H180,31/05/2024,游水,從化,,從化,,,,,,,,游水,,
H180,31/05/2024,踱步,從化,內圈,從化 內圈,,,,,,助手,,快踱一圈,H,內圈 快踱一圈 (助手)
H180,30/05/2024,游水,從化,,從化,,,,,,,,游水,,
H180,30/05/2024,踱步,從化,外圈,從化 外圈,,,,,,助手,,快踱一圈,H,外圈 快踱一圈 (助手)
H180,29/05/2024,游水,從化,,從化,,,,,,,,游水,,
H180,29/05/2024,踱步,從化,內圈,從化 內圈,,,,,,助手,,快踱一圈,H,內圈 快踱一圈 (助手)
H180,28/05/2024,游水,從化,,從化,,,,,,,,游水,,
H180,28/05/2024,踱步,從化,內圈,從化 內圈,,,,,,助手,,快踱一圈,H,內圈 快踱一圈 (助手)
H180,27/05/2024,游水,從化,,從化,,,,,,,,游水,,
H180,27/05/2024,踱步,從化,內圈,從化 內圈,,,,,,助手,,倒快兩圈,H,內圈 倒快兩圈 (助手)
H180,26/05/2024,游水,從化,,從化,,,,,,,,游水,,
H180,26/05/2024,踱步,從化,內圈,從化 內圈,,,,,,助手,,快踱一圈,H,內圈 快踱一圈 (助手)
H180,25/05/2024,游水,從化,,從化,,,,,,,,游水,,
H180,25/05/2024,踱步,從化,飛機場,從化 飛機場,,,,,,助手,,踱步,H,飛機場 踱步 (助手)
H180,23/05/2024,游水,沙田,,沙田,,,,,,,,游水,,
H180,23/05/2024,踱步,沙田,飛機場,沙田 飛機場,,,,,,助手,,踱步,H,飛機場 踱步 (助手)
H180,22/05/2024,游水,沙田,,沙田,,,,,,,,游水,,
H180,21/05/2024,游水,沙田,,沙田,,,,,,,,游水,,
H180,20/05/2024,游水,沙田,,沙田,,,,,,,,游水,,
H180,19/05/2024,踱步,沙田,飛機場,沙田 飛機場,,,,,,助手,,踱步,H,飛機場 踱步 (助手)
H180,18/05/2024,游水,沙田,,沙田,,,,,,,,游水,,
H180,18/05/2024,踱步,沙田,內圈,沙田 內圈,,,,,,助手,,快踱一圈,H,內圈 快踱一圈 (助手)
H180,17/05/2024,游水,沙田,,沙田,,,,,,,,游水,,
H180,17/05/2024,踱步,沙田,內圈,沙田 內圈,,,,,,助手,,快踱一圈,H,內圈 快踱一圈 (助手)
H180,15/05/2024,游水,從化,,從化,,,,,,,,游水,,
H180,15/05/2024,踱步,從化,內圈,從化 內圈,,,,,,助手,,快踱一圈,H,內圈 快踱一圈 (助手)
H180,14/05/2024,游水,從化,,從化,,,,,,,,游水,,
H180,14/05/2024,踱步,從化,內圈,從化 內圈,,,,,,助手,,快踱一圈,H,內圈 快踱一圈 (助手)
H180,13/05/2024,游水,從化,,從化,,,,,,,,游水,,
H180,13/05/2024,快操,從化,草地,從化 草地,,53.5,53.5,29.3 24.2,,助手,,快操,H,29.3 24.2 (53.5) (助手)
H180,13/05/2024,踱步,從化,飛機場,從化 飛機場,,,,,,助手,,踱步,H,飛機場 踱步 (助手)
H180,12/05/2024,游水,從化,,從化,,,,,,,,游水,,
H180,12/05/2024,踱步,從化,內圈,從化 內圈,,,,,,助手,,快踱一圈,H,內圈 快踱一圈 (助手)
H180,11/05/2024,游水,從化,,從化,,,,,,,,游水,,
H180,11/05/2024,踱步,從化,內圈,從化 內圈,,,,,,助手,,快踱一圈,H,內圈 快踱一圈 (助手)
H180,10/05/2024,游水,從化,,從化,,,,,,,,游水,,
H180,10/05/2024,踱步,從化,內圈,從化 內圈,,,,,,助手,,快踱一圈,H,內圈 快踱一圈 (助手)
H180,09/05/2024,游水,從化,,從化,,,,,,,,游水,,
H180,09/05/2024,快操,從化,全天候,從化 全天候,,53.9,53.9,28.5 25.4,,助手,,快操,,28.5 25.4 (53.9) (助手)
H180,09/05/2024,踱步,從化,飛機場,從化 飛機場,,,,,,助手,,踱步,,飛機場 踱步 (助手)
H180,08/05/2024,游水,從化,,從化,,,,,,,,游水,,
H180,08/05/2024,踱步,從化,內圈,從化 內圈,,,,,,助手,,快踱一圈,H,內圈 快踱一圈 (助手)
H180,07/05/2024,游水,從化,,從化,,,,,,,,游水,,
H180,07/05/2024,踱步,從化,外圈,從化 外圈,,,,,,助手,,快踱一圈,,外圈 快踱一圈 (助手)
H180,06/05/2024,游水,從化,,從化,,,,,,,,游水,,
H180,06/05/2024,踱步,從化,內圈,從化 內圈,,,,,,助手,,倒快兩圈,H,內圈 倒快兩圈 (助手)
H180,05/05/2024,游水,從化,,從化,,,,,,,,游水,,
H180,05/05/2024,踱步,從化,內圈,從化 內圈,,,,,,助手,,快踱一圈,H,內圈 快踱一圈 (助手)
H180,04/05/2024,游水,從化,,從化,,,,,,,,游水,,
H180,04/05/2024,踱步,從化,內圈,從化 內圈,,,,,,助手,,快踱一圈,H,內圈 快踱一圈 (助手)
H180,03/05/2024,游水,從化,,從化,,,,,,,,游水,,
H180,03/05/2024,踱步,從化,內圈,從化 內圈,,,,,,助手,,快踱一圈,H,內圈 快踱一圈 (助手)
H180,02/05/2024,游水,從化,,從化,,,,,,,,游水,,
H180,02/05/2024,踱步,從化,飛機場,從化 飛機場,,,,,,助手,,踱步,H,飛機場 踱步 (助手)
H180,01/05/2024,游水,從化,,從化,,,,,,,,游水,,
H180,29/04/2024,游水,沙田,,沙田,,,,,,,,游水,,
H180,29/04/2024,踱步,沙田,內圈,沙田 內圈,,,,,,助手,,倒快兩圈,H,內圈 倒快兩圈 (助手)
H180,28/04/2024,游水,沙田,,沙田,,,,,,,,游水,,
H180,28/04/2024,踱步,沙田,內圈,沙田 內圈,,,,,,助手,,快踱一圈,H,內圈 快踱一圈 (助手)
H180,27/04/2024,游水,沙田,,沙田,,,,,,,,游水,,
H180,27/04/2024,踱步,沙田,內圈,沙田 內圈,,,,,,助手,,快踱一圈,H,內圈 快踱一圈 (助手)
H180,26/04/2024,游水,沙田,,沙田,,,,,,,,游水,,
H180,25/04/2024,游水,沙田,,沙田,,,,,,,,游水,,
H180,24/04/2024,踱步,沙田,飛機場,沙田 飛機場,,,,,,助手,,踱步,H,飛機場 踱步 (助手)
H180,23/04/2024,游水,沙田,,沙田,,,,,,,,游水,,
H180,23/04/2024,踱步,沙田,內圈,沙田 內圈,,,,,,助手,,快踱一圈,H,內圈 快踱一圈 (助手)
H180,22/04/2024,游水,沙田,,沙田,,,,,,,,游水,,
H180,22/04/2024,快操,沙田,全天候,沙田 全天候,,54.3,54.3,27.6 26.7,,助手,,快操,,27.6 26.7 (54.3) (助手)
H180,22/04/2024,踱步,沙田,飛機場,沙田 飛機場,,,,,,助手,,踱步,,飛機場 踱步 (助手)
H180,21/04/2024,游水,沙田,,沙田,,,,,,,,游水,,
H180,21/04/2024,踱步,沙田,內圈,沙田 內圈,,,,,,助手,,快踱一圈,H,內圈 快踱一圈 (助手)
H180,20/04/2024,游水,沙田,,沙田,,,,,,,,游水,,
H180,20/04/2024,踱步,沙田,內圈,沙田 內圈,,,,,,助手,,快踱一圈,H,內圈 快踱一圈 (助手)
H180,19/04/2024,游水,沙田,,沙田,,,,,,,,游水,,
H180,19/04/2024,踱步,沙田,內圈,沙田 內圈,,,,,,助手,,快踱一圈,H,內圈 快踱一圈 (助手)
H180,18/04/2024,游水,沙田,,沙田,,,,,,,,游水,,
H180,18/04/2024,踱步,沙田,飛機場,沙田 飛機場,,,,,,助手,,踱步,H,飛機場 踱步 (助手)
H180,17/04/2024,游水,沙田,,沙田,,,,,,,,游水,,
H180,16/04/2024,游水,沙田,,沙田,,,,,,,,游水,,
H180,15/04/2024,游水,沙田,,沙田,,,,,,,,游水,,
H180,14/04/2024,踱步,沙田,飛機場,沙田 飛機場,,,,,,助手,,踱步,H,飛機場 踱步 (助手)
H180,13/04/2024,游水,沙田,,沙田,,,,,,,,游水,,
H180,13/04/2024,踱步,沙田,內圈,沙田 內圈,,,,,,助手,,快踱一圈,H,內圈 快踱一圈 (助手)
H180,12/04/2024,游水,沙田,,沙田,,,,,,,,游水,,
H180,11/04/2024,游水,沙田,,沙田,,,,,,,,游水,,
H180,11/04/2024,快操,沙田,草閘,沙田 草閘,,49.5,49.5,25.5 24.0,,巴度,,快操,H,25.5 24.0 (49.5) (巴度) (伴跳馬)
H180,11/04/2024,踱步,沙田,飛機場,沙田 飛機場,,,,,,助手,,踱步,B,飛機場 踱步 (助手)
H180,10/04/2024,游水,沙田,,沙田,,,,,,,,游水,,
H180,10/04/2024,踱步,沙田,內圈,沙田 內圈,,,,,,助手,,快踱一圈,H,內圈 快踱一圈 (助手)
H180,09/04/2024,游水,沙田,,沙田,,,,,,,,游水,,
H180,09/04/2024,踱步,沙田,內圈,沙田 內圈,,,,,,助手,,快踱一圈,H,內圈 快踱一圈 (助手)
H180,08/04/2024,游水,沙田,,沙田,,,,,,,,游水,,
H180,08/04/2024,踱步,沙田,內圈,沙田 內圈,,,,,,助手,,倒快兩圈,H,內圈 倒快兩圈 (助手)
H180,07/04/2024,游水,沙田,,沙田,,,,,,,,游水,,
H180,07/04/2024,踱步,沙田,內圈,沙田 內圈,,,,,,助手,,快踱一圈,H,內圈 快踱一圈 (助手)
H180,06/04/2024,游水,沙田,,沙田,,,,,,,,游水,,
H180,06/04/2024,踱步,沙田,飛機場,沙田 飛機場,,,,,,助手,,踱步,H,飛機場 踱步 (助手)
H180,05/04/2024,試閘,沙田,全天候,沙田 全天候,1200M,1.10.01,70.01,24.2 22.2 23.6,喜喜利高,巴度,,第3組,B,第3組 (巴度) 1200M 喜喜利高 24.2 22.2 23.6 (1.10.01)
H180,05/04/2024,游水,沙田,,沙田,,,,,,,,游水,,
H180,04/04/2024,游水,沙田,,沙田,,,,,,,,游水,,
H180,04/04/2024,踱步,沙田,內圈,沙田 內圈,,,,,,助手,,倒快兩圈,H,內圈 倒快兩圈 (助手)
H180,03/04/2024,游水,沙田,,沙田,,,,,,,,游水,,
H180,03/04/2024,踱步,沙田,內圈,沙田 內圈,,,,,,助手,,快踱一圈,H,內圈 快踱一圈 (助手)
H180,02/04/2024,游水,沙田,,沙田,,,,,,,,游水,,
H180,02/04/2024,踱步,沙田,內圈,沙田 內圈,,,,,,助手,,快踱一圈,H,內圈 快踱一圈 (助手)
H180,01/04/2024,游水,沙田,,沙田,,,,,,,,游水,,
H180,01/04/2024,快操,沙田,全天候,沙田 全天候,,50.0,50.0,26.9 23.1,,助手,,快操,,26.9 23.1 (50.0) (助手) (伴跳馬)
H180,01/04/2024,踱步,沙田,飛機場,沙田 飛機場,,,,,,助手,,踱步,,飛機場 踱步 (助手)
H180,31/03/2024,游水,沙田,,沙田,,,,,,,,游水,,
H180,31/03/2024,踱步,沙田,內圈,沙田 內圈,,,,,,助手,,快踱一圈,H,內圈 快踱一圈 (助手)
H180,30/03/2024,游水,沙田,,沙田,,,,,,,,游水,,
H180,30/03/2024,踱步,沙田,內圈,沙田 內圈,,,,,,助手,,快踱一圈,H,內圈 快踱一圈 (助手)
H180,29/03/2024,游水,沙田,,沙田,,,,,,,,游水,,
H180,29/03/2024,踱步,沙田,內圈,沙田 內圈,,,,,,助手,,快踱一圈,H,內圈 快踱一圈 (助手)
H180,28/03/2024,游水,沙田,,沙田,,,,,,,,游水,,
H180,28/03/2024,快操,沙田,全天候,沙田 全天候,,55.0,55.0,28.8 26.2,,助手,,快操,,28.8 26.2 (55.0) (助手)
H180,28/03/2024,踱步,沙田,飛機場,沙田 飛機場,,,,,,助手,,踱步,,飛機場 踱步 (助手)
H180,27/03/2024,游水,沙田,,沙田,,,,,,,,游水,,
H180,27/03/2024,踱步,沙田,內圈,沙田 內圈,,,,,,助手,,快踱一圈,H,內圈 快踱一圈 (助手)
H180,26/03/2024,游水,沙田,,沙田,,,,,,,,游水,,
H180,26/03/2024,踱步,沙田,外圈,沙田 外圈,,,,,,助手,,快踱一圈,H,外圈 快踱一圈 (助手)
H180,25/03/2024,游水,沙田,,沙田,,,,,,,,游水,,
H180,25/03/2024,踱步,沙田,內圈,沙田 內圈,,,,,,助手,,倒快兩圈,H,內圈 倒快兩圈 (助手)
H180,24/03/2024,游水,沙田,,沙田,,,,,,,,游水,,
H180,24/03/2024,踱步,沙田,內圈,沙田 內圈,,,,,,助手,,快踱一圈,H,內圈 快踱一圈 (助手)
H180,23/03/2024,快操,沙田,全天候,沙田 全天候,,51.6,51.6,27.5 24.1,,助手,,極速之星,,27.5 24.1 (51.6) (助手) 極速之星
H180,23/03/2024,踱步,沙田,飛機場,沙田 飛機場,,,,,,助手,,踱步,,飛機場 踱步 (助手)
H180,22/03/2024,游水,沙田,,沙田,,,,,,,,游水,,
H180,22/03/2024,踱步,沙田,內圈,沙田 內圈,,,,,,助手,,快踱一圈,H,內圈 快踱一圈 (助手)
H180,21/03/2024,游水,沙田,,沙田,,,,,,,,游水,,
H180,21/03/2024,踱步,沙田,外圈,沙田 外圈,,,,,,助手,,快踱一圈,H,外圈 快踱一圈 (助手)
H180,20/03/2024,游水,沙田,,沙田,,,,,,,,游水,,
H180,20/03/2024,踱步,沙田,內圈,沙田 內圈,,,,,,助手,,快踱一圈,H,內圈 快踱一圈 (助手)
H180,19/03/2024,游水,沙田,,沙田,,,,,,,,游水,,
H180,19/03/2024,踱步,沙田,內圈,沙田 內圈,,,,,,助手,,快踱一圈,H,內圈 快踱一圈 (助手)
H180,18/03/2024,游水,沙田,,沙田,,,,,,,,游水,,
H180,18/03/2024,踱步,沙田,飛機場,沙田 飛機場,,,,,,助手,,踱步,H,飛機場 踱步 (助手)
H180,17/03/2024,游水,沙田,,沙田,,,,,,,,游水,,
H180,16/03/2024,游水,沙田,,沙田,,,,,,,,游水,,
H180,15/03/2024,游水,沙田,,沙田,,,,,,,,游水,,
H180,14/03/2024,游水,沙田,,沙田,,,,,,,,游水,,
H180,13/03/2024,踱步,沙田,飛機場,沙田 飛機場,,,,,,助手,,踱步,H,飛機場 踱步 (助手)
H180,12/03/2024,游水,沙田,,沙田,,,,,,,,游水,,
H180,12/03/2024,踱步,沙田,內圈,沙田 內圈,,,,,,助手,,快踱一圈,H,內圈 快踱一圈 (助手)
H180,11/03/2024,游水,沙田,,沙田,,,,,,,,游水,,
H180,11/03/2024,踱步,沙田,外圈,沙田 外圈,,,,,,助手,,快踱一圈,H,外圈 快踱一圈 (助手)
H180,10/03/2024,游水,沙田,,沙田,,,,,,,,游水,,
H180,10/03/2024,踱步,沙田,內圈,沙田 內圈,,,,,,助手,,快踱一圈,H,內圈 快踱一圈 (助手)
H180,09/03/2024,游水,沙田,,沙田,,,,,,,,游水,,
H180,08/03/2024,游水,從化,,從化,,,,,,,,游水,,
H180,08/03/2024,快操,從化,全天候,從化 全天候,,54.2,54.2,29.5 24.7,,助手,,肯搏,,29.5 24.7 (54.2) (助手) 肯搏
H180,08/03/2024,踱步,從化,飛機場,從化 飛機場,,,,,,助手,,踱步,,飛機場 踱步 (助手)
H180,07/03/2024,游水,從化,,從化,,,,,,,,游水,,
H180,07/03/2024,踱步,從化,內圈,從化 內圈,,,,,,助手,,倒快兩圈,H,內圈 倒快兩圈 (助手)
H180,06/03/2024,游水,從化,,從化,,,,,,,,游水,,
H180,06/03/2024,踱步,從化,內圈,從化 內圈,,,,,,助手,,快踱一圈,H,內圈 快踱一圈 (助手)
H180,05/03/2024,游水,從化,,從化,,,,,,,,游水,,
H180,05/03/2024,踱步,從化,內圈,從化 內圈,,,,,,助手,,快踱一圈,H,內圈 快踱一圈 (助手)
H180,04/03/2024,游水,從化,,從化,,,,,,,,游水,,
H180,04/03/2024,快操,從化,草地,從化 草地,,51.8,51.8,27.0 24.8,,助手,,富貴駒,,27.0 24.8 (51.8) (助手) 富貴駒
H180,04/03/2024,踱步,從化,飛機場,從化 飛機場,,,,,,助手,,踱步,,飛機場 踱步 (助手)
H180,03/03/2024,游水,從化,,從化,,,,,,,,游水,,
H180,03/03/2024,踱步,從化,內圈,從化 內圈,,,,,,助手,,快踱一圈,H,內圈 快踱一圈 (助手)
H180,02/03/2024,游水,從化,,從化,,,,,,,,游水,,
H180,02/03/2024,踱步,從化,內圈,從化 內圈,,,,,,助手,,快踱一圈,H,內圈 快踱一圈 (助手)
H180,01/03/2024,游水,從化,,從化,,,,,,,,游水,,
H180,01/03/2024,踱步,從化,內圈,從化 內圈,,,,,,助手,,快踱一圈,H,內圈 快踱一圈 (助手)
H180,29/02/2024,游水,從化,,從化,,,,,,,,游水,,
H180,29/02/2024,快操,從化,全天候,從化 全天候,,55.2,55.2,29.5 25.7,,助手,,快操,,29.5 25.7 (55.2) (助手)
H180,29/02/2024,踱步,從化,飛機場,從化 飛機場,,,,,,助手,,踱步,,飛機場 踱步 (助手)
H180,28/02/2024,游水,從化,,從化,,,,,,,,游水,,
H180,28/02/2024,踱步,從化,內圈,從化 內圈,,,,,,助手,,快踱一圈,H,內圈 快踱一圈 (助手)
H180,27/02/2024,游水,從化,,從化,,,,,,,,游水,,
H180,27/02/2024,踱步,從化,內圈,從化 內圈,,,,,,助手,,快踱一圈,H,內圈 快踱一圈 (助手)
H180,26/02/2024,游水,從化,,從化,,,,,,,,游水,,
H180,26/02/2024,踱步,從化,內圈,從化 內圈,,,,,,助手,,倒快兩圈,H,內圈 倒快兩圈 (助手)
H180,25/02/2024,游水,從化,,從化,,,,,,,,游水,,
H180,25/02/2024,踱步,從化,內圈,從化 內圈,,,,,,助手,,快踱一圈,H,內圈 快踱一圈 (助手)
H180,24/02/2024,游水,從化,,從化,,,,,,,,游水,,
H180,24/02/2024,踱步,從化,內圈,從化 內圈,,,,,,助手,,快踱一圈,H,內圈 快踱一圈 (助手)
H180,23/02/2024,游水,從化,,從化,,,,,,,,游水,,
H180,23/02/2024,踱步,從化,內圈,從化 內圈,,,,,,助手,,快踱一圈,H,內圈 快踱一圈 (助手)
H180,22/02/2024,游水,從化,,從化,,,,,,,,游水,,
H180,22/02/2024,踱步,從化,飛機場,從化 飛機場,,,,,,助手,,踱步,H,飛機場 踱步 (助手)
H180,21/02/2024,游水,從化,,從化,,,,,,,,游水,,
H180,20/02/2024,游水,從化,,從化,,,,,,,,游水,,
H180,18/02/2024,游水,沙田,,沙田,,,,,,,,游水,,
H180,17/02/2024,游水,沙田,,沙田,,,,,,,,游水,,
H180,16/02/2024,游水,沙田,,沙田,,,,,,,,游水,,
H180,15/02/2024,游水,沙田,,沙田,,,,,,,,游水,,
H180,14/02/2024,游水,沙田,,沙田,,,,,,,,游水,,
H180,13/02/2024,游水,沙田,,沙田,,,,,,,,游水,,
H180,11/02/2024,游水,沙田,,沙田,,,,,,,,游水,,
H180,11/02/2024,踱步,沙田,內圈,沙田 內圈,,,,,,助手,,快踱一圈,H,內圈 快踱一圈 (助手)
H180,09/02/2024,游水,沙田,,沙田,,,,,,,,游水,,
H180,09/02/2024,踱步,沙田,內圈,沙田 內圈,,,,,,助手,,快踱一圈,H,內圈 快踱一圈 (助手)
H180,08/02/2024,游水,沙田,,沙田,,,,,,,,游水,,
H180,08/02/2024,踱步,沙田,內圈,沙田 內圈,,,,,,助手,,倒快兩圈,H,內圈 倒快兩圈 (助手)
H180,07/02/2024,游水,沙田,,沙田,,,,,,,,游水,,
H180,07/02/2024,踱步,沙田,內圈,沙田 內圈,,,,,,助手,,快踱一圈,H,內圈 快踱一圈 (助手)
H180,06/02/2024,游水,沙田,,沙田,,,,,,,,游水,,
H180,05/02/2024,游水,沙田,,沙田,,,,,,,,游水,,
H180,03/02/2024,游水,沙田,,沙田,,,,,,,,游水,,
H180,03/02/2024,踱步,沙田,內圈,沙田 內圈,,,,,,助手,,快踱一圈,H,內圈 快踱一圈 (助手)
H180,02/02/2024,游水,沙田,,沙田,,,,,,,,游水,,
H180,02/02/2024,快操,沙田,全天候,沙田 全天候,,54.6,54.6,27.4 27.2,,助手,,快操,H,27.4 27.2 (54.6) (助手)
H180,01/02/2024,游水,沙田,,沙田,,,,,,,,游水,,
H180,01/02/2024,踱步,沙田,內圈,沙田 內圈,,,,,,助手,,倒快兩圈,H,內圈 倒快兩圈 (助手)
H180,31/01/2024,游水,沙田,,沙田,,,,,,,,游水,,
H180,31/01/2024,踱步,沙田,內圈,沙田 內圈,,,,,,助手,,快踱一圈,H,內圈 快踱一圈 (助手)
H180,30/01/2024,游水,沙田,,沙田,,,,,,,,游水,,
H180,30/01/2024,踱步,沙田,內圈,沙田 內圈,,,,,,助手,,快踱一圈,H,內圈 快踱一圈 (助手)
H180,29/01/2024,游水,沙田,,沙田,,,,,,,,游水,,
H180,29/01/2024,快操,沙田,草閘,沙田 草閘,,47.6,47.6,24.5 23.1,,巴度,,北海盜,B,24.5 23.1 (47.6) (巴度) 北海盜
H180,29/01/2024,踱步,沙田,飛機場,沙田 飛機場,,,,,,助手,,踱步,B,飛機場 踱步 (助手)
H180,28/01/2024,游水,沙田,,沙田,,,,,,,,游水,,
H180,28/01/2024,踱步,沙田,內圈,沙田 內圈,,,,,,助手,,快踱一圈,H,內圈 快踱一圈 (助手)
H180,27/01/2024,游水,沙田,,沙田,,,,,,,,游水,,
H180,27/01/2024,踱步,沙田,內圈,沙田 內圈,,,,,,助手,,快踱一圈,H,內圈 快踱一圈 (助手)
H180,26/01/2024,游水,沙田,,沙田,,,,,,,,游水,,
H180,26/01/2024,快操,沙田,全天候,沙田 全天候,,52.7,52.7,28.1 24.6,,助手,,快操,H,28.1 24.6 (52.7) (助手)
H180,26/01/2024,踱步,沙田,飛機場,沙田 飛機場,,,,,,助手,,踱步,H,飛機場 踱步 (助手)
H180,25/01/2024,游水,沙田,,沙田,,,,,,,,游水,,
H180,25/01/2024,踱步,沙田,內圈,沙田 內圈,,,,,,助手,,倒快兩圈,H,內圈 倒快兩圈 (助手)
H180,24/01/2024,游水,沙田,,沙田,,,,,,,,游水,,
H180,24/01/2024,踱步,沙田,內圈,沙田 內圈,,,,,,助手,,快踱一圈,H,內圈 快踱一圈 (助手)
H180,23/01/2024,游水,沙田,,沙田,,,,,,,,游水,,
H180,23/01/2024,踱步,沙田,內圈,沙田 內圈,,,,,,助手,,快踱一圈,H,內圈 快踱一圈 (助手)
H180,22/01/2024,游水,沙田,,沙田,,,,,,,,游水,,
H180,22/01/2024,快操,沙田,草閘,沙田 草閘,,45.9,45.9,23.1 22.8,,潘明輝,,威力奔騰,H,23.1 22.8 (45.9) (潘明輝) 威力奔騰
H180,22/01/2024,踱步,沙田,飛機場,沙田 飛機場,,,,,,助手,,踱步,B,飛機場 踱步 (助手)
H180,21/01/2024,游水,沙田,,沙田,,,,,,,,游水,,
H180,21/01/2024,踱步,沙田,內圈,沙田 內圈,,,,,,助手,,快踱一圈,H,內圈 快踱一圈 (助手)
H180,20/01/2024,游水,沙田,,沙田,,,,,,,,游水,,
H180,20/01/2024,踱步,沙田,內圈,沙田 內圈,,,,,,助手,,快踱一圈,H,內圈 快踱一圈 (助手)
H180,19/01/2024,游水,沙田,,沙田,,,,,,,,游水,,
H180,19/01/2024,踱步,沙田,內圈,沙田 內圈,,,,,,助手,,快踱一圈,H,內圈 快踱一圈 (助手)
H180,18/01/2024,游水,沙田,,沙田,,,,,,,,游水,,
H180,18/01/2024,快操,沙田,全天候,沙田 全天候,,1.27.3,87.3,32.4 28.1 26.8,,巴度,,快操,H,32.4 28.1 26.8 (1.27.3) (巴度)
H180,18/01/2024,踱步,沙田,飛機場,沙田 飛機場,,,,,,助手,,踱步,B,飛機場 踱步 (助手)
H180,17/01/2024,游水,沙田,,沙田,,,,,,,,游水,,
H180,17/01/2024,踱步,沙田,內圈,沙田 內圈,,,,,,助手,,快踱一圈,H,內圈 快踱一圈 (助手)
H180,16/01/2024,游水,沙田,,沙田,,,,,,,,游水,,
H180,16/01/2024,踱步,沙田,內圈,沙田 內圈,,,,,,助手,,快踱一圈,H,內圈 快踱一圈 (助手)
H180,15/01/2024,游水,沙田,,沙田,,,,,,,,游水,,
H180,15/01/2024,踱步,沙田,內圈,沙田 內圈,,,,,,助手,,倒快兩圈,H,內圈 倒快兩圈 (助手)
H180,14/01/2024,游水,沙田,,沙田,,,,,,,,游水,,
H180,14/01/2024,踱步,沙田,內圈,沙田 內圈,,,,,,助手,,快踱一圈,H,內圈 快踱一圈 (助手)
H180,13/01/2024,游水,沙田,,沙田,,,,,,,,游水,,
H180,12/01/2024,游水,沙田,,沙田,,,,,,,,游水,,
H180,11/01/2024,游水,沙田,,沙田,,,,,,,,游水,,
H180,09/01/2024,游水,沙田,,沙田,,,,,,,,游水,,
H180,09/01/2024,踱步,沙田,內圈,沙田 內圈,,,,,,助手,,快踱一圈,H,內圈 快踱一圈 (助手)
H180,08/01/2024,游水,沙田,,沙田,,,,,,,,游水,,
H180,08/01/2024,快操,沙田,草地,沙田 草地,,50.4,50.4,25.7 24.7,,董明朗,,快操,H,25.7 24.7 (50.4) (董明朗)
H180,08/01/2024,踱步,沙田,飛機場,沙田 飛機場,,,,,,助手,,踱步,H,飛機場 踱步 (助手)
H180,07/01/2024,游水,沙田,,沙田,,,,,,,,游水,,
H180,07/01/2024,踱步,沙田,內圈,沙田 內圈,,,,,,助手,,快踱一圈,H,內圈 快踱一圈 (助手)
H180,06/01/2024,游水,沙田,,沙田,,,,,,,,游水,,
H180,06/01/2024,踱步,沙田,內圈,沙田 內圈,,,,,,助手,,快踱一圈,H,內圈 快踱一圈 (助手)
H180,05/01/2024,游水,沙田,,沙田,,,,,,,,游水,,
H180,05/01/2024,踱步,沙田,內圈,沙田 內圈,,,,,,助手,,快踱一圈,H,內圈 快踱一圈 (助手)
H180,04/01/2024,游水,沙田,,沙田,,,,,,,,游水,,
H180,04/01/2024,快操,沙田,全天候,沙田 全天候,,54.1,54.1,28.1 26.0,,助手,,快操,H,28.1 26.0 (54.1) (助手)
H180,04/01/2024,踱步,沙田,飛機場,沙田 飛機場,,,,,,助手,,踱步,H,飛機場 踱步 (助手)
H180,03/01/2024,游水,沙田,,沙田,,,,,,,,游水,,
H180,03/01/2024,踱步,沙田,內圈,沙田 內圈,,,,,,助手,,快踱一圈,H,內圈 快踱一圈 (助手)
H180,02/01/2024,游水,沙田,,沙田,,,,,,,,游水,,
H180,02/01/2024,踱步,沙田,內圈,沙田 內圈,,,,,,助手,,快踱一圈,H,內圈 快踱一圈 (助手)
H180,01/01/2024,游水,沙田,,沙田,,,,,,,,游水,,
H180,01/01/2024,踱步,沙田,內圈,沙田 內圈,,,,,,助手,,倒快兩圈,H,內圈 倒快兩圈 (助手)
H180,31/12/2023,游水,沙田,,沙田,,,,,,,,游水,,
H180,31/12/2023,踱步,沙田,內圈,沙田 內圈,,,,,,助手,,快踱一圈,H,內圈 快踱一圈 (助手)
H180,30/12/2023,游水,沙田,,沙田,,,,,,,,游水,,
H180,30/12/2023,踱步,沙田,內圈,沙田 內圈,,,,,,助手,,快踱一圈,H,內圈 快踱一圈 (助手)
H180,29/12/2023,游水,沙田,,沙田,,,,,,,,游水,,
H180,28/12/2023,游水,沙田,,沙田,,,,,,,,游水,,
H180,27/12/2023,游水,沙田,,沙田,,,,,,,,游水,,
H180,25/12/2023,游水,沙田,,沙田,,,,,,,,游水,,
H180,25/12/2023,踱步,沙田,內圈,沙田 內圈,,,,,,助手,,倒快兩圈,H,內圈 倒快兩圈 (助手)
H180,24/12/2023,游水,沙田,,沙田,,,,,,,,游水,,
H180,24/12/2023,踱步,沙田,內圈,沙田 內圈,,,,,,助手,,快踱一圈,H,內圈 快踱一圈 (助手)
H180,23/12/2023,游水,沙田,,沙田,,,,,,,,游水,,
H180,23/12/2023,踱步,沙田,內圈,沙田 內圈,,,,,,助手,,快踱一圈,H,內圈 快踱一圈 (助手)
H180,22/12/2023,游水,沙田,,沙田,,,,,,,,游水,,
H180,22/12/2023,踱步,沙田,內圈,沙田 內圈,,,,,,助手,,快踱一圈,H,內圈 快踱一圈 (助手)
H180,21/12/2023,游水,沙田,,沙田,,,,,,,,游水,,
H180,20/12/2023,游水,沙田,,沙田,,,,,,,,游水,,
H180,19/12/2023,游水,沙田,,沙田,,,,,,,,游水,,
H180,18/12/2023,游水,沙田,,沙田,,,,,,,,游水,,
H180,16/12/2023,游水,沙田,,沙田,,,,,,,,游水,,
H180,16/12/2023,踱步,沙田,內圈,沙田 內圈,,,,,,助手,,快踱一圈,H,內圈 快踱一圈 (助手)
H180,15/12/2023,游水,沙田,,沙田,,,,,,,,游水,,
H180,15/12/2023,快操,沙田,全天候,沙田 全天候,,55.6,55.6,29.4 26.2,,助手,,快操,H,29.4 26.2 (55.6) (助手)
H180,15/12/2023,踱步,沙田,飛機場,沙田 飛機場,,,,,,助手,,踱步,H,飛機場 踱步 (助手)
H180,14/12/2023,游水,沙田,,沙田,,,,,,,,游水,,
H180,14/12/2023,踱步,沙田,內圈,沙田 內圈,,,,,,助手,,倒快兩圈,H,內圈 倒快兩圈 (助手)
H180,13/12/2023,游水,沙田,,沙田,,,,,,,,游水,,
H180,13/12/2023,踱步,沙田,內圈,沙田 內圈,,,,,,助手,,快踱一圈,H,內圈 快踱一圈 (助手)
H180,12/12/2023,游水,沙田,,沙田,,,,,,,,游水,,
H180,12/12/2023,快操,沙田,全天候,沙田 全天候,,51.1,51.1,28.2 22.9,,助手,,太陽高高,H,28.2 22.9 (51.1) (助手) 太陽高高
H180,11/12/2023,游水,沙田,,沙田,,,,,,,,游水,,
H180,11/12/2023,踱步,沙田,內圈,沙田 內圈,,,,,,助手,,倒快兩圈,H,內圈 倒快兩圈 (助手)
H180,10/12/2023,游水,沙田,,沙田,,,,,,,,游水,,
H180,10/12/2023,踱步,沙田,內圈,沙田 內圈,,,,,,助手,,快踱一圈,H,內圈 快踱一圈 (助手)
H180,09/12/2023,游水,沙田,,沙田,,,,,,,,游水,,
H180,09/12/2023,踱步,沙田,內圈,沙田 內圈,,,,,,助手,,快踱一圈,H,內圈 快踱一圈 (助手)
H180,08/12/2023,游水,沙田,,沙田,,,,,,,,游水,,
H180,08/12/2023,快操,沙田,全天候,沙田 全天候,,53.9,53.9,28.2 25.7,,助手,,增勁,H,28.2 25.7 (53.9) (助手) 增勁
H180,08/12/2023,踱步,沙田,飛機場,沙田 飛機場,,,,,,助手,,踱步,H,飛機場 踱步 (助手)
H180,07/12/2023,游水,沙田,,沙田,,,,,,,,游水,,
H180,07/12/2023,踱步,沙田,內圈,沙田 內圈,,,,,,助手,,倒快兩圈,H,內圈 倒快兩圈 (助手)
H180,06/12/2023,游水,沙田,,沙田,,,,,,,,游水,,
H180,06/12/2023,踱步,沙田,內圈,沙田 內圈,,,,,,助手,,快踱一圈,H,內圈 快踱一圈 (助手)
H180,05/12/2023,游水,沙田,,沙田,,,,,,,,游水,,
H180,05/12/2023,快操,沙田,全天候,沙田 全天候,,53.9,53.9,28.8 25.1,,助手,,快操,H,28.8 25.1 (53.9) (助手)
H180,05/12/2023,踱步,沙田,飛機場,沙田 飛機場,,,,,,助手,,踱步,H,飛機場 踱步 (助手)
H180,04/12/2023,游水,沙田,,沙田,,,,,,,,游水,,
H180,04/12/2023,踱步,沙田,內圈,沙田 內圈,,,,,,助手,,倒快兩圈,H,內圈 倒快兩圈 (助手)
H180,03/12/2023,游水,沙田,,沙田,,,,,,,,游水,,
H180,03/12/2023,踱步,沙田,內圈,沙田 內圈,,,,,,助手,,快踱一圈,H,內圈 快踱一圈 (助手)
H180,02/12/2023,游水,沙田,,沙田,,,,,,,,游水,,
H180,02/12/2023,踱步,沙田,內圈,沙田 內圈,,,,,,助手,,快踱一圈,H,內圈 快踱一圈 (助手)
H180,01/12/2023,游水,沙田,,沙田,,,,,,,,游水,,
H180,01/12/2023,踱步,沙田,內圈,沙田 內圈,,,,,,助手,,快踱一圈,H,內圈 快踱一圈 (助手)
H180,30/11/2023,游水,沙田,,沙田,,,,,,,,游水,,
H180,30/11/2023,踱步,沙田,內圈,沙田 內圈,,,,,,助手,,倒快兩圈,H,內圈 倒快兩圈 (助手)
H180,29/11/2023,游水,沙田,,沙田,,,,,,,,游水,,
H180,29/11/2023,踱步,沙田,內圈,沙田 內圈,,,,,,助手,,快踱一圈,H,內圈 快踱一圈 (助手)
H180,28/11/2023,游水,沙田,,沙田,,,,,,,,游水,,
H180,26/11/2023,游水,沙田,,沙田,,,,,,,,游水,,
H180,25/11/2023,游水,沙田,,沙田,,,,,,,,游水,,
H180,24/11/2023,游水,沙田,,沙田,,,,,,,,游水,,
H180,23/11/2023,游水,沙田,,沙田,,,,,,,,游水,,
H180,21/11/2023,游水,沙田,,沙田,,,,,,,,游水,,
H180,21/11/2023,踱步,沙田,內圈,沙田 內圈,,,,,,助手,,快踱一圈,H,內圈 快踱一圈 (助手)
H180,20/11/2023,游水,沙田,,沙田,,,,,,,,游水,,
H180,20/11/2023,快操,沙田,全天候,沙田 全天候,,55.5,55.5,28.2 27.3,,助手,,快操,H,28.2 27.3 (55.5) (助手)
H180,20/11/2023,踱步,沙田,飛機場,沙田 飛機場,,,,,,助手,,踱步,H,飛機場 踱步 (助手)
H180,19/11/2023,游水,沙田,,沙田,,,,,,,,游水,,
H180,19/11/2023,踱步,沙田,內圈,沙田 內圈,,,,,,助手,,快踱一圈,H,內圈 快踱一圈 (助手)
H180,18/11/2023,游水,沙田,,沙田,,,,,,,,游水,,
H180,18/11/2023,踱步,沙田,內圈,沙田 內圈,,,,,,助手,,快踱一圈,H,內圈 快踱一圈 (助手)
H180,17/11/2023,游水,沙田,,沙田,,,,,,,,游水,,
H180,17/11/2023,踱步,沙田,內圈,沙田 內圈,,,,,,助手,,快踱一圈,H,內圈 快踱一圈 (助手)
H180,16/11/2023,游水,沙田,,沙田,,,,,,,,游水,,
H180,16/11/2023,快操,沙田,草地,沙田 草地,,55.1,55.1,30.0 25.1,,巴度,,福國寶,,30.0 25.1 (55.1) (巴度) 福國寶
H180,16/11/2023,踱步,沙田,飛機場,沙田 飛機場,,,,,,助手,,踱步,H,飛機場 踱步 (助手)
H180,15/11/2023,游水,沙田,,沙田,,,,,,,,游水,,
H180,15/11/2023,踱步,沙田,內圈,沙田 內圈,,,,,,助手,,快踱一圈,H,內圈 快踱一圈 (助手)
H180,14/11/2023,游水,沙田,,沙田,,,,,,,,游水,,
H180,14/11/2023,踱步,沙田,內圈,沙田 內圈,,,,,,助手,,快踱一圈,H,內圈 快踱一圈 (助手)
H180,13/11/2023,游水,沙田,,沙田,,,,,,,,游水,,
H180,13/11/2023,踱步,沙田,內圈,沙田 內圈,,,,,,助手,,倒快一圈,H,內圈 倒快一圈 (助手)
H180,12/11/2023,游水,沙田,,沙田,,,,,,,,游水,,
H180,12/11/2023,踱步,沙田,內圈,沙田 內圈,,,,,,助手,,快踱一圈,H,內圈 快踱一圈 (助手)
H180,11/11/2023,游水,沙田,,沙田,,,,,,,,游水,,
H180,11/11/2023,踱步,沙田,彭福公園,沙田 彭福公園,,,,,,助手,,踱步,H,彭福公園 踱步 (助手)
H180,10/11/2023,游水,沙田,,沙田,,,,,,,,游水,,
H180,09/11/2023,游水,沙田,,沙田,,,,,,,,游水,,
H180,07/11/2023,游水,沙田,,沙田,,,,,,,,游水,,
H180,07/11/2023,踱步,沙田,內圈,沙田 內圈,,,,,,助手,,快踱一圈,H,內圈 快踱一圈 (助手)
H180,06/11/2023,游水,沙田,,沙田,,,,,,,,游水,,
H180,06/11/2023,快操,沙田,全天候,沙田 全天候,,55.3,55.3,29.8 25.5,,助手,,快操,,29.8 25.5 (55.3) (助手)
H180,06/11/2023,踱步,沙田,飛機場,沙田 飛機場,,,,,,助手,,踱步,H,飛機場 踱步 (助手)
H180,05/11/2023,游水,沙田,,沙田,,,,,,,,游水,,
H180,05/11/2023,踱步,沙田,內圈,沙田 內圈,,,,,,助手,,快踱一圈,H,內圈 快踱一圈 (助手)
H180,04/11/2023,游水,沙田,,沙田,,,,,,,,游水,,
H180,04/11/2023,踱步,沙田,內圈,沙田 內圈,,,,,,助手,,快踱一圈,H,內圈 快踱一圈 (助手)
H180,03/11/2023,游水,沙田,,沙田,,,,,,,,游水,,
H180,03/11/2023,踱步,沙田,內圈,沙田 內圈,,,,,,助手,,快踱一圈,H,內圈 快踱一圈 (助手)
H180,02/11/2023,游水,沙田,,沙田,,,,,,,,游水,,
H180,02/11/2023,快操,沙田,全天候,沙田 全天候,,53.4,53.4,27.6 25.8,,潘明輝,,威力奔騰,,27.6 25.8 (53.4) (潘明輝) 威力奔騰
H180,02/11/2023,踱步,沙田,飛機場,沙田 飛機場,,,,,,助手,,踱步,H,飛機場 踱步 (助手)
H180,01/11/2023,游水,沙田,,沙田,,,,,,,,游水,,
H180,01/11/2023,踱步,沙田,內圈,沙田 內圈,,,,,,助手,,快踱一圈,H,內圈 快踱一圈 (助手)
H180,31/10/2023,游水,沙田,,沙田,,,,,,,,游水,,
H180,31/10/2023,踱步,沙田,內圈,沙田 內圈,,,,,,助手,,快踱一圈,H,內圈 快踱一圈 (助手)
H180,30/10/2023,游水,沙田,,沙田,,,,,,,,游水,,
H180,30/10/2023,快操,沙田,全天候,沙田 全天候,,56.2,56.2,29.1 27.1,,助手,,快操,H,29.1 27.1 (56.2) (助手)
H180,30/10/2023,踱步,沙田,飛機場,沙田 飛機場,,,,,,助手,,踱步,H,飛機場 踱步 (助手)
H180,29/10/2023,游水,沙田,,沙田,,,,,,,,游水,,
H180,29/10/2023,踱步,沙田,內圈,沙田 內圈,,,,,,助手,,快踱一圈,H,內圈 快踱一圈 (助手)
H180,28/10/2023,游水,沙田,,沙田,,,,,,,,游水,,
H180,28/10/2023,踱步,沙田,內圈,沙田 內圈,,,,,,助手,,快踱一圈,H,內圈 快踱一圈 (助手)
H180,27/10/2023,游水,沙田,,沙田,,,,,,,,游水,,
H180,27/10/2023,踱步,沙田,內圈,沙田 內圈,,,,,,助手,,快踱一圈,H,內圈 快踱一圈 (助手)
H180,26/10/2023,游水,沙田,,沙田,,,,,,,,游水,,
H180,26/10/2023,踱步,沙田,內圈,沙田 內圈,,,,,,助手,,倒快兩圈,H,內圈 倒快兩圈 (助手)
H180,25/10/2023,游水,沙田,,沙田,,,,,,,,游水,,
H180,25/10/2023,踱步,沙田,內圈,沙田 內圈,,,,,,助手,,快踱一圈,H,內圈 快踱一圈 (助手)
H180,24/10/2023,游水,沙田,,沙田,,,,,,,,游水,,
H180,24/10/2023,踱步,沙田,內圈,沙田 內圈,,,,,,助手,,快踱一圈,H,內圈 快踱一圈 (助手)
H180,23/10/2023,游水,沙田,,沙田,,,,,,,,游水,,
H180,23/10/2023,踱步,沙田,內圈,沙田 內圈,,,,,,助手,,倒快兩圈,H,內圈 倒快兩圈 (助手)
H180,22/10/2023,游水,沙田,,沙田,,,,,,,,游水,,
H180,22/10/2023,踱步,沙田,內圈,沙田 內圈,,,,,,助手,,快踱一圈,H,內圈 快踱一圈 (助手)
H180,21/10/2023,游水,沙田,,沙田,,,,,,,,游水,,
H180,20/10/2023,游水,沙田,,沙田,,,,,,,,游水,,
H180,19/10/2023,游水,沙田,,沙田,,,,,,,,游水,,
H180,17/10/2023,游水,沙田,,沙田,,,,,,,,游水,,
H180,17/10/2023,踱步,沙田,內圈,沙田 內圈,,,,,,助手,,快踱一圈,H,內圈 快踱一圈 (助手)
H180,16/10/2023,游水,沙田,,沙田,,,,,,,,游水,,
H180,16/10/2023,快操,沙田,全天候,沙田 全天候,,57.7,57.7,29.8 27.9,,潘明輝,,快操,H,29.8 27.9 (57.7) (潘明輝)
H180,16/10/2023,踱步,沙田,飛機場,沙田 飛機場,,,,,,助手,,踱步,H,飛機場 踱步 (助手)
H180,15/10/2023,游水,沙田,,沙田,,,,,,,,游水,,
H180,15/10/2023,踱步,沙田,內圈,沙田 內圈,,,,,,助手,,快踱一圈,H,內圈 快踱一圈 (助手)
H180,14/10/2023,游水,沙田,,沙田,,,,,,,,游水,,
H180,14/10/2023,踱步,沙田,內圈,沙田 內圈,,,,,,助手,,快踱一圈,H,內圈 快踱一圈 (助手)
H180,13/10/2023,游水,沙田,,沙田,,,,,,,,游水,,
H180,13/10/2023,快操,沙田,全天候,沙田 全天候,,55.5,55.5,29.4 26.1,,助手,,快操,H,29.4 26.1 (55.5) (助手)
H180,13/10/2023,踱步,沙田,飛機場,沙田 飛機場,,,,,,助手,,踱步,H,飛機場 踱步 (助手)
H180,12/10/2023,游水,沙田,,沙田,,,,,,,,游水,,
H180,12/10/2023,踱步,沙田,內圈,沙田 內圈,,,,,,助手,,倒快兩圈,H,內圈 倒快兩圈 (助手)
H180,11/10/2023,游水,沙田,,沙田,,,,,,,,游水,,
H180,11/10/2023,踱步,沙田,內圈,沙田 內圈,,,,,,助手,,快踱一圈,H,內圈 快踱一圈 (助手)
H180,10/10/2023,游水,沙田,,沙田,,,,,,,,游水,,
H180,10/10/2023,踱步,沙田,內圈,沙田 內圈,,,,,,助手,,快踱一圈,H,內圈 快踱一圈 (助手)
H180,09/10/2023,游水,沙田,,沙田,,,,,,,,游水,,
H180,08/10/2023,游水,沙田,,沙田,,,,,,,,游水,,
H180,07/10/2023,試閘,跑馬地,草地,跑馬地 草地,1000M,0.58.95,58.95,13.2 22.8 22.9,時間寶,潘明輝,,第7組,,第7組 (潘明輝) 1000M 時間寶 13.2 22.8 22.9 (0.58.95)
H180,07/10/2023,游水,沙田,,沙田,,,,,,,,游水,,
H180,06/10/2023,游水,沙田,,沙田,,,,,,,,游水,,
H180,06/10/2023,踱步,沙田,內圈,沙田 內圈,,,,,,助手,,快踱一圈,H,內圈 快踱一圈 (助手)
H180,05/10/2023,游水,沙田,,沙田,,,,,,,,游水,,
H180,05/10/2023,踱步,沙田,內圈,沙田 內圈,,,,,,助手,,倒快兩圈,H,內圈 倒快兩圈 (助手)
H180,04/10/2023,游水,沙田,,沙田,,,,,,,,游水,,
H180,04/10/2023,踱步,沙田,內圈,沙田 內圈,,,,,,助手,,快踱一圈,H,內圈 快踱一圈 (助手)
H180,03/10/2023,游水,沙田,,沙田,,,,,,,,游水,,
H180,03/10/2023,快操,沙田,全天候,沙田 全天候,,54.4,54.4,28.2 26.2,,助手,,快操,H,28.2 26.2 (54.4) (助手)
H180,03/10/2023,踱步,沙田,飛機場,沙田 飛機場,,,,,,助手,,踱步,H,飛機場 踱步 (助手)
H180,02/10/2023,游水,沙田,,沙田,,,,,,,,游水,,
H180,02/10/2023,踱步,沙田,內圈,沙田 內圈,,,,,,助手,,倒快兩圈,H,內圈 倒快兩圈 (助手)
H180,01/10/2023,游水,沙田,,沙田,,,,,,,,游水,,
H180,01/10/2023,踱步,沙田,內圈,沙田 內圈,,,,,,助手,,快踱一圈,H,內圈 快踱一圈 (助手)
H180,30/09/2023,游水,沙田,,沙田,,,,,,,,游水,,
H180,30/09/2023,踱步,沙田,內圈,沙田 內圈,,,,,,助手,,快踱一圈,H,內圈 快踱一圈 (助手)
H180,29/09/2023,游水,沙田,,沙田,,,,,,,,游水,,
H180,29/09/2023,踱步,沙田,內圈,沙田 內圈,,,,,,助手,,快踱一圈,H,內圈 快踱一圈 (助手)
H180,28/09/2023,游水,沙田,,沙田,,,,,,,,游水,,
H180,28/09/2023,踱步,沙田,彭福公園,沙田 彭福公園,,,,,,助手,,踱步,H,彭福公園 踱步 (助手)
H180,27/09/2023,游水,沙田,,沙田,,,,,,,,游水,,
H180,26/09/2023,試閘,沙田,草地,沙田 草地,1000M,0.58.98,58.98,14.0 21.7 23.2,勝萬金,潘明輝,,第5組,,第5組 (潘明輝) 1000M 勝萬金 14.0 21.7 23.2 (0.58.98)
H180,26/09/2023,游水,沙田,,沙田,,,,,,,,游水,,
H180,25/09/2023,游水,沙田,,沙田,,,,,,,,游水,,
H180,25/09/2023,踱步,沙田,內圈,沙田 內圈,,,,,,助手,,倒快兩圈,H,內圈 倒快兩圈 (助手)
H180,24/09/2023,游水,沙田,,沙田,,,,,,,,游水,,
H180,24/09/2023,踱步,沙田,內圈,沙田 內圈,,,,,,助手,,快踱一圈,H,內圈 快踱一圈 (助手)
H180,23/09/2023,游水,沙田,,沙田,,,,,,,,游水,,
H180,23/09/2023,踱步,沙田,內圈,沙田 內圈,,,,,,助手,,快踱一圈,H,內圈 快踱一圈 (助手)
H180,22/09/2023,游水,沙田,,沙田,,,,,,,,游水,,
H180,22/09/2023,快操,沙田,全天候,沙田 全天候,,52.3,52.3,27.3 25.0,,助手,,專家,,27.3 25.0 (52.3) (助手) 專家
H180,22/09/2023,踱步,沙田,飛機場,沙田 飛機場,,,,,,助手,,踱步,H,飛機場 踱步 (助手)
H180,21/09/2023,游水,沙田,,沙田,,,,,,,,游水,,
H180,21/09/2023,踱步,沙田,內圈,沙田 內圈,,,,,,助手,,倒快兩圈,H,內圈 倒快兩圈 (助手)
H180,20/09/2023,游水,沙田,,沙田,,,,,,,,游水,,
H180,20/09/2023,踱步,沙田,內圈,沙田 內圈,,,,,,助手,,快踱一圈,H,內圈 快踱一圈 (助手)
H180,19/09/2023,游水,沙田,,沙田,,,,,,,,游水,,
H180,19/09/2023,快操,沙田,全天候,沙田 全天候,,54.6,54.6,28.6 26.0,,潘明輝,,快操,H,28.6 26.0 (54.6) (潘明輝)
H180,19/09/2023,踱步,沙田,飛機場,沙田 飛機場,,,,,,助手,,踱步,H,飛機場 踱步 (助手)
H180,18/09/2023,游水,沙田,,沙田,,,,,,,,游水,,
H180,18/09/2023,踱步,沙田,內圈,沙田 內圈,,,,,,助手,,倒快兩圈,H,內圈 倒快兩圈 (助手)
H180,17/09/2023,游水,沙田,,沙田,,,,,,,,游水,,
H180,17/09/2023,踱步,沙田,內圈,沙田 內圈,,,,,,助手,,快踱一圈,H,內圈 快踱一圈 (助手)
H180,16/09/2023,游水,沙田,,沙田,,,,,,,,游水,,
H180,16/09/2023,踱步,沙田,內圈,沙田 內圈,,,,,,助手,,快踱一圈,H,內圈 快踱一圈 (助手)
H180,15/09/2023,游水,沙田,,沙田,,,,,,,,游水,,
H180,15/09/2023,踱步,沙田,內圈,沙田 內圈,,,,,,助手,,快踱一圈,H,內圈 快踱一圈 (助手)
H180,14/09/2023,游水,沙田,,沙田,,,,,,,,游水,,
H180,14/09/2023,踱步,沙田,彭福公園,沙田 彭福公園,,,,,,助手,,踱步,H,彭福公園 踱步 (助手)
H180,13/09/2023,游水,沙田,,沙田,,,,,,,,游水,,
H180,13/09/2023,踱步,沙田,彭福公園,沙田 彭福公園,,,,,,助手,,踱步,H,彭福公園 踱步 (助手)
H180,12/09/2023,試閘,沙田,全天候,沙田 全天候,1050M,1.01.76,61.76,16.0 22.5 23.2,同滿滿,潘明輝,,第7組,,第7組 (潘明輝) 1050M 同滿滿 16.0 22.5 23.2 (1.01.76)
H180,12/09/2023,游水,沙田,,沙田,,,,,,,,游水,,
H180,11/09/2023,游水,沙田,,沙田,,,,,,,,游水,,
H180,11/09/2023,踱步,沙田,內圈,沙田 內圈,,,,,,助手,,倒快兩圈,H,內圈 倒快兩圈 (助手)
H180,10/09/2023,游水,沙田,,沙田,,,,,,,,游水,,
H180,10/09/2023,踱步,沙田,內圈,沙田 內圈,,,,,,助手,,快踱一圈,H,內圈 快踱一圈 (助手)
H180,09/09/2023,游水,沙田,,沙田,,,,,,,,游水,,
H180,09/09/2023,踱步,沙田,內圈,沙田 內圈,,,,,,助手,,快踱一圈,H,內圈 快踱一圈 (助手)
H180,07/09/2023,游水,沙田,,沙田,,,,,,,,游水,,
H180,06/09/2023,游水,沙田,,沙田,,,,,,,,游水,,
H180,06/09/2023,踱步,沙田,內圈,沙田 內圈,,,,,,助手,,快踱一圈,H,內圈 快踱一圈 (助手)
H180,05/09/2023,游水,沙田,,沙田,,,,,,,,游水,,
H180,05/09/2023,快操,沙田,草閘,沙田 草閘,,47.2,47.2,24.1 23.1,,潘明輝,,太陽高高,,24.1 23.1 (47.2) (潘明輝) 太陽高高
H180,05/09/2023,踱步,沙田,飛機場,沙田 飛機場,,,,,,助手,,踱步,H,飛機場 踱步 (助手)
H180,04/09/2023,游水,沙田,,沙田,,,,,,,,游水,,
H180,04/09/2023,踱步,沙田,內圈,沙田 內圈,,,,,,助手,,倒快兩圈,H,內圈 倒快兩圈 (助手)
H180,03/09/2023,游水,沙田,,沙田,,,,,,,,游水,,
H180,03/09/2023,踱步,沙田,內圈,沙田 內圈,,,,,,助手,,快踱一圈,H,內圈 快踱一圈 (助手)
H180,31/08/2023,游水,沙田,,沙田,,,,,,,,游水,,
H180,31/08/2023,踱步,沙田,內圈,沙田 內圈,,,,,,助手,,倒快兩圈,H,內圈 倒快兩圈 (助手)
H180,30/08/2023,游水,沙田,,沙田,,,,,,,,游水,,
H180,30/08/2023,踱步,沙田,內圈,沙田 內圈,,,,,,助手,,快踱一圈,H,內圈 快踱一圈 (助手)
H180,29/08/2023,游水,沙田,,沙田,,,,,,,,游水,,
H180,29/08/2023,踱步,沙田,內圈,沙田 內圈,,,,,,助手,,快踱一圈,H,內圈 快踱一圈 (助手)
H180,28/08/2023,游水,沙田,,沙田,,,,,,,,游水,,
H180,28/08/2023,快操,沙田,草閘,沙田 草閘,,48.0,48.0,23.9 24.1,,潘明輝,,家樂龍駒,H,23.9 24.1 (48.0) (潘明輝) 家樂龍駒
H180,28/08/2023,踱步,沙田,飛機場,沙田 飛機場,,,,,,助手,,踱步,H,飛機場 踱步 (助手)
H180,27/08/2023,游水,沙田,,沙田,,,,,,,,游水,,
H180,27/08/2023,踱步,沙田,內圈,沙田 內圈,,,,,,助手,,快踱一圈,H,內圈 快踱一圈 (助手)
H180,26/08/2023,游水,沙田,,沙田,,,,,,,,游水,,
H180,26/08/2023,踱步,沙田,內圈,沙田 內圈,,,,,,助手,,快踱一圈,H,內圈 快踱一圈 (助手)
H180,25/08/2023,游水,沙田,,沙田,,,,,,,,游水,,
H180,25/08/2023,快操,沙田,全天候,沙田 全天候,,30.5,30.5,30.5,,助手,,快操,H,30.5 (30.5) (助手)
H180,25/08/2023,踱步,沙田,飛機場,沙田 飛機場,,,,,,助手,,踱步,H,飛機場 踱步 (助手)
H180,24/08/2023,游水,沙田,,沙田,,,,,,,,游水,,
H180,24/08/2023,踱步,沙田,內圈,沙田 內圈,,,,,,助手,,倒快兩圈,H,內圈 倒快兩圈 (助手)
H180,23/08/2023,游水,沙田,,沙田,,,,,,,,游水,,
H180,23/08/2023,踱步,沙田,內圈,沙田 內圈,,,,,,助手,,快踱一圈,H,內圈 快踱一圈 (助手)
H180,22/08/2023,游水,沙田,,沙田,,,,,,,,游水,,
H180,22/08/2023,踱步,沙田,內圈,沙田 內圈,,,,,,助手,,快踱一圈,H,內圈 快踱一圈 (助手)
H180,21/08/2023,游水,沙田,,沙田,,,,,,,,游水,,
H180,21/08/2023,快操,沙田,全天候,沙田 全天候,,52.7,52.7,29.0 23.7,,希威森,,怡昌勇士,H,29.0 23.7 (52.7) (希威森) 怡昌勇士
H180,21/08/2023,踱步,沙田,飛機場,沙田 飛機場,,,,,,助手,,踱步,H,飛機場 踱步 (助手)
H180,20/08/2023,游水,沙田,,沙田,,,,,,,,游水,,
H180,20/08/2023,踱步,沙田,內圈,沙田 內圈,,,,,,助手,,快踱一圈,H,內圈 快踱一圈 (助手)
H180,19/08/2023,游水,沙田,,沙田,,,,,,,,游水,,
H180,19/08/2023,踱步,沙田,內圈,沙田 內圈,,,,,,助手,,快踱一圈,H,內圈 快踱一圈 (助手)
H180,18/08/2023,游水,沙田,,沙田,,,,,,,,游水,,
H180,18/08/2023,踱步,沙田,內圈,沙田 內圈,,,,,,助手,,快踱一圈,H,內圈 快踱一圈 (助手)
H180,17/08/2023,游水,沙田,,沙田,,,,,,,,游水,,
H180,17/08/2023,快操,沙田,全天候,沙田 全天候,,52.1,52.1,28.4 23.7,,助手,,快操,H,28.4 23.7 (52.1) (助手) (伴跳馬)
H180,17/08/2023,踱步,沙田,飛機場,沙田 飛機場,,,,,,助手,,踱步,H,飛機場 踱步 (助手)
H180,16/08/2023,游水,沙田,,沙田,,,,,,,,游水,,
H180,16/08/2023,踱步,沙田,內圈,沙田 內圈,,,,,,助手,,快踱一圈,H,內圈 快踱一圈 (助手)
H180,15/08/2023,游水,沙田,,沙田,,,,,,,,游水,,
H180,15/08/2023,踱步,沙田,內圈,沙田 內圈,,,,,,助手,,快踱一圈,H,內圈 快踱一圈 (助手)
H180,14/08/2023,游水,沙田,,沙田,,,,,,,,游水,,
H180,14/08/2023,快操,沙田,全天候,沙田 全天候,,27.1,27.1,27.1,,助手,,快操,H,27.1 (27.1) (助手)
H180,14/08/2023,踱步,沙田,飛機場,沙田 飛機場,,,,,,助手,,踱步,H,飛機場 踱步 (助手)
H180,13/08/2023,游水,沙田,,沙田,,,,,,,,游水,,
H180,13/08/2023,踱步,沙田,內圈,沙田 內圈,,,,,,助手,,快踱一圈,H,內圈 快踱一圈 (助手)
H180,12/08/2023,游水,沙田,,沙田,,,,,,,,游水,,
H180,12/08/2023,踱步,沙田,內圈,沙田 內圈,,,,,,助手,,快踱一圈,H,內圈 快踱一圈 (助手)
H180,11/08/2023,游水,沙田,,沙田,,,,,,,,游水,,
H180,11/08/2023,踱步,沙田,內圈,沙田 內圈,,,,,,助手,,快踱一圈,H,內圈 快踱一圈 (助手)
H180,10/08/2023,游水,沙田,,沙田,,,,,,,,游水,,
H180,10/08/2023,踱步,沙田,內圈,沙田 內圈,,,,,,助手,,快踱一圈,H,內圈 快踱一圈 (助手)
H180,09/08/2023,游水,沙田,,沙田,,,,,,,,游水,,
H180,08/08/2023,游水,從化,,從化,,,,,,,,游水,,
H180,08/08/2023,踱步,從化,內圈,從化 內圈,,,,,,助手,,快踱一圈,H,內圈 快踱一圈 (助手)
H180,07/08/2023,游水,從化,,從化,,,,,,,,游水,,
H180,07/08/2023,快操,從化,全天候,從化 全天候,,55.7,55.7,29.8 25.9,,助手,,快操,H,29.8 25.9 (55.7) (助手)
H180,07/08/2023,踱步,從化,飛機場,從化 飛機場,,,,,,助手,,踱步,H,飛機場 踱步 (助手)
H180,06/08/2023,游水,從化,,從化,,,,,,,,游水,,
H180,06/08/2023,踱步,從化,內圈,從化 內圈,,,,,,助手,,快踱一圈,H,內圈 快踱一圈 (助手)
H180,05/08/2023,游水,從化,,從化,,,,,,,,游水,,
H180,05/08/2023,踱步,從化,內圈,從化 內圈,,,,,,助手,,快踱一圈,H,內圈 快踱一圈 (助手)
H180,04/08/2023,游水,從化,,從化,,,,,,,,游水,,
H180,04/08/2023,踱步,從化,內圈,從化 內圈,,,,,,助手,,快踱一圈,H,內圈 快踱一圈 (助手)
H180,03/08/2023,游水,從化,,從化,,,,,,,,游水,,
H180,03/08/2023,快操,從化,全天候,從化 全天候,,55.6,55.6,28.2 27.4,,助手,,快操,H,28.2 27.4 (55.6) (助手)
H180,03/08/2023,踱步,從化,飛機場,從化 飛機場,,,,,,助手,,踱步,H,飛機場 踱步 (助手)
H180,02/08/2023,游水,從化,,從化,,,,,,,,游水,,
H180,02/08/2023,踱步,從化,內圈,從化 內圈,,,,,,助手,,快踱一圈,H,內圈 快踱一圈 (助手)
H180,01/08/2023,游水,從化,,從化,,,,,,,,游水,,
H180,01/08/2023,踱步,從化,內圈,從化 內圈,,,,,,助手,,快踱一圈,H,內圈 快踱一圈 (助手)
H180,31/07/2023,游水,從化,,從化,,,,,,,,游水,,
H180,31/07/2023,快操,從化,全天候,從化 全天候,,56.5,56.5,27.7 28.8,,助手,,快操,H,27.7 28.8 (56.5) (助手)
H180,31/07/2023,踱步,從化,飛機場,從化 飛機場,,,,,,助手,,踱步,H,飛機場 踱步 (助手)
H180,30/07/2023,踱步,從化,內圈,從化 內圈,,,,,,助手,,快踱一圈,H,內圈 快踱一圈 (助手)
H180,29/07/2023,踱步,從化,內圈,從化 內圈,,,,,,助手,,快踱一圈,H,內圈 快踱一圈 (助手)
H180,28/07/2023,踱步,從化,內圈,從化 內圈,,,,,,助手,,快踱一圈,H,內圈 快踱一圈 (助手)
H180,27/07/2023,踱步,從化,內圈,從化 內圈,,,,,,助手,,倒快一圈,H,內圈 倒快一圈 (助手)
H180,26/07/2023,踱步,從化,內圈,從化 內圈,,,,,,助手,,快踱一圈,H,內圈 快踱一圈 (助手)
H180,25/07/2023,踱步,從化,內圈,從化 內圈,,,,,,助手,,快踱一圈,H,內圈 快踱一圈 (助手)
H180,24/07/2023,踱步,從化,內圈,從化 內圈,,,,,,助手,,快踱一圈,H,內圈 快踱一圈 (助手)
H180,23/07/2023,踱步,從化,飛機場,從化 飛機場,,,,,,助手,,踱步,H,飛機場 踱步 (助手)
H180,22/07/2023,踱步,從化,飛機場,從化 飛機場,,,,,,助手,,踱步,H,飛機場 踱步 (助手)
H180,21/07/2023,踱步,從化,飛機場,從化 飛機場,,,,,,助手,,踱步,H,飛機場 踱步 (助手)
H180,20/07/2023,踱步,從化,飛機場,從化 飛機場,,,,,,助手,,踱步,H,飛機場 踱步 (助手)
H180,19/07/2023,踱步,從化,飛機場,從化 飛機場,,,,,,助手,,踱步,H,飛機場 踱步 (助手)
H180,18/07/2023,踱步,從化,飛機場,從化 飛機場,,,,,,助手,,踱步,H,飛機場 踱步 (助手)
H180,17/07/2023,踱步,從化,飛機場,從化 飛機場,,,,,,助手,,踱步,H,飛機場 踱步 (助手)
H180,14/07/2023,游水,從化,,從化,,,,,,,,游水,,
H180,14/07/2023,踱步,從化,內圈,從化 內圈,,,,,,助手,,快踱一圈,H,內圈 快踱一圈 (助手)
H180,13/07/2023,游水,從化,,從化,,,,,,,,游水,,
H180,13/07/2023,快操,從化,全天候,從化 全天候,,53.6,53.6,28.4 25.2,,助手,,快操,H,28.4 25.2 (53.6) (助手)
H180,13/07/2023,踱步,從化,飛機場,從化 飛機場,,,,,,助手,,踱步,H,飛機場 踱步 (助手)
H180,12/07/2023,游水,從化,,從化,,,,,,,,游水,,
H180,12/07/2023,踱步,從化,內圈,從化 內圈,,,,,,助手,,快踱一圈,H,內圈 快踱一圈 (助手)
H180,11/07/2023,游水,從化,,從化,,,,,,,,游水,,
H180,11/07/2023,踱步,從化,內圈,從化 內圈,,,,,,助手,,快踱一圈,H,內圈 快踱一圈 (助手)
H180,10/07/2023,游水,從化,,從化,,,,,,,,游水,,
H180,10/07/2023,快操,從化,全天候,從化 全天候,,54.4,54.4,27.5 26.9,,助手,,快操,H,27.5 26.9 (54.4) (助手)
H180,10/07/2023,踱步,從化,飛機場,從化 飛機場,,,,,,助手,,踱步,H,飛機場 踱步 (助手)
H180,09/07/2023,游水,從化,,從化,,,,,,,,游水,,
H180,09/07/2023,踱步,從化,內圈,從化 內圈,,,,,,助手,,快踱一圈,H,內圈 快踱一圈 (助手)
H180,08/07/2023,游水,從化,,從化,,,,,,,,游水,,
H180,08/07/2023,踱步,從化,內圈,從化 內圈,,,,,,助手,,快踱一圈,H,內圈 快踱一圈 (助手)
H180,07/07/2023,游水,從化,,從化,,,,,,,,游水,,
H180,07/07/2023,踱步,從化,內圈,從化 內圈,,,,,,助手,,快踱一圈,H,內圈 快踱一圈 (助手)
H180,06/07/2023,游水,從化,,從化,,,,,,,,游水,,
H180,06/07/2023,快操,從化,全天候,從化 全天候,,55.5,55.5,28.4 27.1,,助手,,快操,H,28.4 27.1 (55.5) (助手)
H180,06/07/2023,踱步,從化,飛機場,從化 飛機場,,,,,,助手,,踱步,H,飛機場 踱步 (助手)
H180,05/07/2023,游水,從化,,從化,,,,,,,,游水,,
H180,05/07/2023,踱步,從化,內圈,從化 內圈,,,,,,助手,,快踱一圈,H,內圈 快踱一圈 (助手)
H180,04/07/2023,游水,從化,,從化,,,,,,,,游水,,
H180,04/07/2023,踱步,從化,內圈,從化 內圈,,,,,,助手,,快踱一圈,H,內圈 快踱一圈 (助手)
H180,03/07/2023,游水,從化,,從化,,,,,,,,游水,,
H180,03/07/2023,快操,從化,全天候,從化 全天候,,1.29.7,89.7,33.7 28.9 27.1,,助手,,快操,H,33.7 28.9 27.1 (1.29.7) (助手)
H180,03/07/2023,踱步,從化,飛機場,從化 飛機場,,,,,,助手,,踱步,H,飛機場 踱步 (助手)
H180,02/07/2023,游水,從化,,從化,,,,,,,,游水,,
H180,02/07/2023,踱步,從化,內圈,從化 內圈,,,,,,助手,,快踱一圈,H,內圈 快踱一圈 (助手)
H180,01/07/2023,游水,從化,,從化,,,,,,,,游水,,
H180,01/07/2023,踱步,從化,內圈,從化 內圈,,,,,,助手,,快踱一圈,H,內圈 快踱一圈 (助手)
H180,30/06/2023,游水,從化,,從化,,,,,,,,游水,,
H180,30/06/2023,踱步,從化,內圈,從化 內圈,,,,,,助手,,快踱一圈,H,內圈 快踱一圈 (助手)
H180,29/06/2023,游水,從化,,從化,,,,,,,,游水,,
H180,29/06/2023,快操,從化,全天候,從化 全天候,,1.00.5,60.5,30.4 30.1,,助手,,快操,H,30.4 30.1 (1.00.5) (助手)
H180,29/06/2023,踱步,從化,飛機場,從化 飛機場,,,,,,助手,,踱步,H,飛機場 踱步 (助手)
H180,28/06/2023,游水,從化,,從化,,,,,,,,游水,,
H180,28/06/2023,踱步,從化,內圈,從化 內圈,,,,,,助手,,快踱一圈,H,內圈 快踱一圈 (助手)
H180,27/06/2023,游水,從化,,從化,,,,,,,,游水,,
H180,27/06/2023,踱步,從化,內圈,從化 內圈,,,,,,助手,,快踱一圈,H,內圈 快踱一圈 (助手)
H180,26/06/2023,游水,從化,,從化,,,,,,,,游水,,
H180,26/06/2023,快操,從化,全天候,從化 全天候,,1.04.7,64.7,33.3 31.4,,助手,,快操,H,33.3 31.4 (1.04.7) (助手)
H180,26/06/2023,踱步,從化,飛機場,從化 飛機場,,,,,,助手,,踱步,H,飛機場 踱步 (助手)
H180,25/06/2023,游水,從化,,從化,,,,,,,,游水,,
H180,25/06/2023,踱步,從化,內圈,從化 內圈,,,,,,助手,,快踱一圈,H,內圈 快踱一圈 (助手)
H180,24/06/2023,游水,從化,,從化,,,,,,,,游水,,
H180,24/06/2023,踱步,從化,內圈,從化 內圈,,,,,,助手,,快踱一圈,H,內圈 快踱一圈 (助手)
H180,23/06/2023,游水,從化,,從化,,,,,,,,游水,,
H180,23/06/2023,踱步,從化,內圈,從化 內圈,,,,,,助手,,快踱一圈,H,內圈 快踱一圈 (助手)
H180,22/06/2023,游水,從化,,從化,,,,,,,,游水,,
H180,22/06/2023,踱步,從化,外圈,從化 外圈,,,,,,助手,,快踱一圈,H,外圈 快踱一圈 (助手)
H180,21/06/2023,游水,從化,,從化,,,,,,,,游水,,
H180,21/06/2023,踱步,從化,內圈,從化 內圈,,,,,,助手,,快踱一圈,H,內圈 快踱一圈 (助手)
H180,20/06/2023,游水,從化,,從化,,,,,,,,游水,,
H180,20/06/2023,踱步,從化,內圈,從化 內圈,,,,,,助手,,快踱一圈,H,內圈 快踱一圈 (助手)
H180,19/06/2023,游水,從化,,從化,,,,,,,,游水,,
H180,19/06/2023,踱步,從化,內圈,從化 內圈,,,,,,助手,,倒快兩圈,H,內圈 倒快兩圈 (助手)
H180,18/06/2023,游水,從化,,從化,,,,,,,,游水,,
H180,18/06/2023,踱步,從化,內圈,從化 內圈,,,,,,助手,,快踱一圈,H,內圈 快踱一圈 (助手)
H180,17/06/2023,游水,從化,,從化,,,,,,,,游水,,
H180,17/06/2023,踱步,從化,內圈,從化 內圈,,,,,,助手,,快踱一圈,H,內圈 快踱一圈 (助手)
H180,16/06/2023,游水,從化,,從化,,,,,,,,游水,,
H180,16/06/2023,踱步,從化,內圈,從化 內圈,,,,,,助手,,快踱一圈,H,內圈 快踱一圈 (助手)
H180,15/06/2023,游水,從化,,從化,,,,,,,,游水,,
H180,15/06/2023,踱步,從化,內圈,從化 內圈,,,,,,助手,,倒快兩圈,H,內圈 倒快兩圈 (助手)
H180,14/06/2023,游水,從化,,從化,,,,,,,,游水,,
H180,14/06/2023,踱步,從化,內圈,從化 內圈,,,,,,助手,,快踱一圈,H,內圈 快踱一圈 (助手)
H180,13/06/2023,游水,從化,,從化,,,,,,,,游水,,
H180,13/06/2023,踱步,從化,內圈,從化 內圈,,,,,,助手,,快踱一圈,H,內圈 快踱一圈 (助手)
H180,12/06/2023,游水,從化,,從化,,,,,,,,游水,,
H180,12/06/2023,踱步,從化,內圈,從化 內圈,,,,,,助手,,倒快兩圈,H,內圈 倒快兩圈 (助手)
H180,11/06/2023,游水,從化,,從化,,,,,,,,游水,,
H180,11/06/2023,踱步,從化,內圈,從化 內圈,,,,,,助手,,快踱一圈,H,內圈 快踱一圈 (助手)
H180,10/06/2023,游水,從化,,從化,,,,,,,,游水,,
H180,10/06/2023,踱步,從化,內圈,從化 內圈,,,,,,助手,,快踱一圈,H,內圈 快踱一圈 (助手)
H180,09/06/2023,游水,從化,,從化,,,,,,,,游水,,
H180,09/06/2023,踱步,從化,內圈,從化 內圈,,,,,,助手,,快踱一圈,H,內圈 快踱一圈 (助手)
H180,08/06/2023,游水,從化,,從化,,,,,,,,游水,,
H180,08/06/2023,踱步,從化,飛機場,從化 飛機場,,,,,,助手,,踱步,H,飛機場 踱步 (助手)
H180,07/06/2023,游水,從化,,從化,,,,,,,,游水,,
H180,07/06/2023,踱步,從化,飛機場,從化 飛機場,,,,,,助手,,踱步,H,飛機場 踱步 (助手)
H180,06/06/2023,游水,從化,,從化,,,,,,,,游水,,
H180,06/06/2023,踱步,從化,飛機場,從化 飛機場,,,,,,助手,,踱步,H,飛機場 踱步 (助手)
H180,05/06/2023,游水,從化,,從化,,,,,,,,游水,,
H180,05/06/2023,踱步,從化,飛機場,從化 飛機場,,,,,,助手,,踱步,H,飛機場 踱步 (助手)
H180,04/06/2023,游水,從化,,從化,,,,,,,,游水,,
H180,03/06/2023,游水,從化,,從化,,,,,,,,游水,,
H180,02/06/2023,游水,從化,,從化,,,,,,,,游水,,
H180,01/06/2023,游水,從化,,從化,,,,,,,,游水,,
H180,31/05/2023,游水,從化,,從化,,,,,,,,游水,,
H180,30/05/2023,游水,從化,,從化,,,,,,,,游水,,
H180,29/05/2023,游水,從化,,從化,,,,,,,,游水,,
H180,28/05/2023,游水,從化,,從化,,,,,,,,游水,,
H180,27/05/2023,游水,從化,,從化,,,,,,,,游水,,
H180,26/05/2023,游水,從化,,從化,,,,,,,,游水,,
H180,25/05/2023,游水,從化,,從化,,,,,,,,游水,,
H180,02/05/2023,游水,從化,,從化,,,,,,,,游水,,
H180,01/05/2023,游水,從化,,從化,,,,,,,,游水,,
H180,30/04/2023,游水,從化,,從化,,,,,,,,游水,,
H180,29/04/2023,游水,從化,,從化,,,,,,,,游水,,
H180,28/04/2023,游水,從化,,從化,,,,,,,,游水,,
H180,27/04/2023,游水,從化,,從化,,,,,,,,游水,,
H180,26/04/2023,游水,從化,,從化,,,,,,,,游水,,
H180,25/04/2023,游水,從化,,從化,,,,,,,,游水,,
H180,24/04/2023,游水,從化,,從化,,,,,,,,游水,,
H180,23/04/2023,游水,從化,,從化,,,,,,,,游水,,
H180,22/04/2023,游水,從化,,從化,,,,,,,,游水,,
H180,21/04/2023,游水,從化,,從化,,,,,,,,游水,,
H180,19/04/2023,游水,沙田,,沙田,,,,,,,,游水,,
H180,18/04/2023,游水,沙田,,沙田,,,,,,,,游水,,
H180,17/04/2023,游水,沙田,,沙田,,,,,,,,游水,,
H180,16/04/2023,游水,沙田,,沙田,,,,,,,,游水,,
H180,15/04/2023,游水,沙田,,沙田,,,,,,,,游水,,
H180,14/04/2023,試閘,沙田,全天候,沙田 全天候,1050M,1.00.32,60.32,16.2 22.1 22.0,四季醒,霍宏聲,,第4組,B,第4組 (霍宏聲) 1050M 四季醒 16.2 22.1 22.0 (1.00.32)
H180,14/04/2023,游水,沙田,,沙田,,,,,,,,游水,,
H180,13/04/2023,游水,沙田,,沙田,,,,,,,,游水,,
H180,13/04/2023,踱步,沙田,內圈,沙田 內圈,,,,,,助手,,倒快兩圈,H,內圈 倒快兩圈 (助手)
H180,12/04/2023,游水,沙田,,沙田,,,,,,,,游水,,
H180,12/04/2023,踱步,沙田,內圈,沙田 內圈,,,,,,助手,,快踱一圈,H,內圈 快踱一圈 (助手)
H180,11/04/2023,游水,沙田,,沙田,,,,,,,,游水,,
H180,11/04/2023,快操,沙田,全天候,沙田 全天候,,53.7,53.7,29.0 24.7,,霍宏聲,,北海盜,B,29.0 24.7 (53.7) (霍宏聲) 北海盜
H180,11/04/2023,踱步,沙田,飛機場,沙田 飛機場,,,,,,助手,,踱步,B,飛機場 踱步 (助手)
H180,10/04/2023,游水,沙田,,沙田,,,,,,,,游水,,
H180,10/04/2023,踱步,沙田,內圈,沙田 內圈,,,,,,助手,,倒快兩圈,H,內圈 倒快兩圈 (助手)
H180,09/04/2023,游水,沙田,,沙田,,,,,,,,游水,,
H180,09/04/2023,踱步,沙田,內圈,沙田 內圈,,,,,,助手,,快踱一圈,H,內圈 快踱一圈 (助手)
H180,08/04/2023,快操,沙田,全天候,沙田 全天候,,54.7,54.7,28.2 26.5,,助手,,快操,,28.2 26.5 (54.7) (助手)
H180,08/04/2023,踱步,沙田,飛機場,沙田 飛機場,,,,,,助手,,踱步,,飛機場 踱步 (助手)
H180,07/04/2023,游水,沙田,,沙田,,,,,,,,游水,,
H180,07/04/2023,踱步,沙田,內圈,沙田 內圈,,,,,,助手,,快踱一圈,H,內圈 快踱一圈 (助手)
H180,06/04/2023,游水,沙田,,沙田,,,,,,,,游水,,
H180,06/04/2023,踱步,沙田,內圈,沙田 內圈,,,,,,助手,,倒快兩圈,H,內圈 倒快兩圈 (助手)
H180,05/04/2023,游水,沙田,,沙田,,,,,,,,游水,,
H180,05/04/2023,踱步,沙田,內圈,沙田 內圈,,,,,,助手,,快踱一圈,H,內圈 快踱一圈 (助手)
H180,04/04/2023,游水,沙田,,沙田,,,,,,,,游水,,
H180,04/04/2023,快操,沙田,全天候,沙田 全天候,,55.9,55.9,29.8 26.1,,霍宏聲,,大登殿,H,29.8 26.1 (55.9) (霍宏聲) 大登殿
H180,04/04/2023,踱步,沙田,飛機場,沙田 飛機場,,,,,,助手,,踱步,B,飛機場 踱步 (助手)
H180,03/04/2023,游水,沙田,,沙田,,,,,,,,游水,,
H180,03/04/2023,踱步,沙田,內圈,沙田 內圈,,,,,,助手,,倒快兩圈,H,內圈 倒快兩圈 (助手)
H180,02/04/2023,游水,沙田,,沙田,,,,,,,,游水,,
H180,02/04/2023,踱步,沙田,內圈,沙田 內圈,,,,,,助手,,快踱一圈,H,內圈 快踱一圈 (助手)
H180,01/04/2023,游水,沙田,,沙田,,,,,,,,游水,,
H180,01/04/2023,踱步,沙田,內圈,沙田 內圈,,,,,,助手,,快踱一圈,H,內圈 快踱一圈 (助手)
H180,31/03/2023,游水,沙田,,沙田,,,,,,,,游水,,
H180,31/03/2023,踱步,沙田,內圈,沙田 內圈,,,,,,助手,,快踱一圈,H,內圈 快踱一圈 (助手)
H180,30/03/2023,游水,沙田,,沙田,,,,,,,,游水,,
H180,30/03/2023,快操,沙田,全天候,沙田 全天候,,55.6,55.6,29.7 25.9,,助手,,快操,H,29.7 25.9 (55.6) (助手)
H180,30/03/2023,踱步,沙田,飛機場,沙田 飛機場,,,,,,助手,,踱步,H,飛機場 踱步 (助手)
H180,29/03/2023,游水,沙田,,沙田,,,,,,,,游水,,
H180,29/03/2023,踱步,沙田,內圈,沙田 內圈,,,,,,助手,,快踱一圈,H,內圈 快踱一圈 (助手)
H180,28/03/2023,游水,沙田,,沙田,,,,,,,,游水,,
H180,28/03/2023,踱步,沙田,內圈,沙田 內圈,,,,,,助手,,快踱一圈,H,內圈 快踱一圈 (助手)
H180,27/03/2023,游水,沙田,,沙田,,,,,,,,游水,,
H180,27/03/2023,踱步,沙田,內圈,沙田 內圈,,,,,,助手,,倒快兩圈,H,內圈 倒快兩圈 (助手)
H180,26/03/2023,游水,沙田,,沙田,,,,,,,,游水,,
H180,26/03/2023,踱步,沙田,內圈,沙田 內圈,,,,,,助手,,快踱一圈,H,內圈 快踱一圈 (助手)
H180,25/03/2023,游水,沙田,,沙田,,,,,,,,游水,,
H180,25/03/2023,踱步,沙田,內圈,沙田 內圈,,,,,,助手,,快踱一圈,H,內圈 快踱一圈 (助手)
H180,24/03/2023,游水,沙田,,沙田,,,,,,,,游水,,
H180,24/03/2023,踱步,沙田,內圈,沙田 內圈,,,,,,助手,,快踱一圈,H,內圈 快踱一圈 (助手)
H180,23/03/2023,游水,沙田,,沙田,,,,,,,,游水,,
H180,23/03/2023,踱步,沙田,彭福公園,沙田 彭福公園,,,,,,助手,,踱步,H,彭福公園 踱步 (助手)
H180,22/03/2023,游水,沙田,,沙田,,,,,,,,游水,,
H180,21/03/2023,試閘,沙田,全天候,沙田 全天候,1050M,1.01.29,61.29,16.1 22.2 22.9,中華威威,霍宏聲,,第4組,B,第4組 (霍宏聲) 1050M 中華威威 16.1 22.2 22.9 (1.01.29)
H180,21/03/2023,游水,沙田,,沙田,,,,,,,,游水,,
H180,20/03/2023,游水,沙田,,沙田,,,,,,,,游水,,
H180,20/03/2023,踱步,沙田,內圈,沙田 內圈,,,,,,助手,,倒快兩圈,H,內圈 倒快兩圈 (助手)
H180,19/03/2023,游水,沙田,,沙田,,,,,,,,游水,,
H180,19/03/2023,踱步,沙田,內圈,沙田 內圈,,,,,,助手,,快踱一圈,H,內圈 快踱一圈 (助手)
H180,18/03/2023,游水,沙田,,沙田,,,,,,,,游水,,
H180,17/03/2023,游水,沙田,,沙田,,,,,,,,游水,,
H180,17/03/2023,快操,沙田,全天候,沙田 全天候,,1.26.3,86.3,33.0 28.6 24.7,,潘明輝,,紅褲之王,B,33.0 28.6 24.7 (1.26.3) (潘明輝) 紅褲之王
H180,17/03/2023,踱步,沙田,飛機場,沙田 飛機場,,,,,,潘明輝,,踱步,B,飛機場 踱步 (潘明輝)
H180,16/03/2023,游水,沙田,,沙田,,,,,,,,游水,,
H180,16/03/2023,踱步,沙田,內圈,沙田 內圈,,,,,,助手,,倒快兩圈,H,內圈 倒快兩圈 (助手)
H180,15/03/2023,游水,沙田,,沙田,,,,,,,,游水,,
H180,15/03/2023,踱步,沙田,內圈,沙田 內圈,,,,,,助手,,快踱一圈,H,內圈 快踱一圈 (助手)
H180,14/03/2023,游水,沙田,,沙田,,,,,,,,游水,,
H180,14/03/2023,快操,沙田,全天候,沙田 全天候,,52.0,52.0,28.1 23.9,,霍宏聲,,一支箭,B,28.1 23.9 (52.0) (霍宏聲) 一支箭
H180,14/03/2023,踱步,沙田,飛機場,沙田 飛機場,,,,,,助手,,踱步,B,飛機場 踱步 (助手)
H180,13/03/2023,游水,沙田,,沙田,,,,,,,,游水,,
H180,13/03/2023,踱步,沙田,內圈,沙田 內圈,,,,,,助手,,倒快兩圈,H,內圈 倒快兩圈 (助手)
H180,12/03/2023,游水,沙田,,沙田,,,,,,,,游水,,
H180,12/03/2023,踱步,沙田,內圈,沙田 內圈,,,,,,助手,,快踱一圈,H,內圈 快踱一圈 (助手)
H180,11/03/2023,游水,沙田,,沙田,,,,,,,,游水,,
H180,11/03/2023,踱步,沙田,內圈,沙田 內圈,,,,,,助手,,快踱一圈,H,內圈 快踱一圈 (助手)
H180,10/03/2023,游水,沙田,,沙田,,,,,,,,游水,,
H180,10/03/2023,快操,沙田,全天候,沙田 全天候,,52.7,52.7,26.9 25.8,,霍宏聲,,快操,,26.9 25.8 (52.7) (霍宏聲)
H180,10/03/2023,踱步,沙田,飛機場,沙田 飛機場,,,,,,助手,,踱步,H,飛機場 踱步 (助手)
H180,09/03/2023,游水,沙田,,沙田,,,,,,,,游水,,
H180,09/03/2023,踱步,沙田,內圈,沙田 內圈,,,,,,助手,,倒快兩圈,H,內圈 倒快兩圈 (助手)
H180,08/03/2023,游水,沙田,,沙田,,,,,,,,游水,,
H180,08/03/2023,踱步,沙田,內圈,沙田 內圈,,,,,,助手,,快踱一圈,H,內圈 快踱一圈 (助手)
H180,07/03/2023,游水,沙田,,沙田,,,,,,,,游水,,
H180,07/03/2023,踱步,沙田,內圈,沙田 內圈,,,,,,助手,,快踱一圈,H,內圈 快踱一圈 (助手)
H180,06/03/2023,游水,沙田,,沙田,,,,,,,,游水,,
H180,06/03/2023,快操,沙田,草閘,沙田 草閘,,50.2,50.2,25.8 24.4,,霍宏聲,,一支箭,,25.8 24.4 (50.2) (霍宏聲) 一支箭
H180,06/03/2023,踱步,沙田,飛機場,沙田 飛機場,,,,,,助手,,踱步,H,飛機場 踱步 (助手)
H180,05/03/2023,游水,沙田,,沙田,,,,,,,,游水,,
H180,05/03/2023,踱步,沙田,內圈,沙田 內圈,,,,,,助手,,快踱一圈,H,內圈 快踱一圈 (助手)
H180,04/03/2023,游水,沙田,,沙田,,,,,,,,游水,,
H180,04/03/2023,踱步,沙田,內圈,沙田 內圈,,,,,,助手,,快踱一圈,H,內圈 快踱一圈 (助手)
H180,03/03/2023,游水,沙田,,沙田,,,,,,,,游水,,
H180,03/03/2023,快操,沙田,全天候,沙田 全天候,,56.2,56.2,29.0 27.2,,助手,,快操,H,29.0 27.2 (56.2) (助手)
H180,03/03/2023,踱步,沙田,飛機場,沙田 飛機場,,,,,,助手,,踱步,H,飛機場 踱步 (助手)
H180,02/03/2023,游水,沙田,,沙田,,,,,,,,游水,,
H180,02/03/2023,踱步,沙田,內圈,沙田 內圈,,,,,,助手,,倒快兩圈,H,內圈 倒快兩圈 (助手)
H180,01/03/2023,游水,沙田,,沙田,,,,,,,,游水,,
H180,01/03/2023,踱步,沙田,內圈,沙田 內圈,,,,,,助手,,快踱一圈,H,內圈 快踱一圈 (助手)
H180,28/02/2023,游水,沙田,,沙田,,,,,,,,游水,,
H180,28/02/2023,踱步,沙田,內圈,沙田 內圈,,,,,,助手,,快踱一圈,H,內圈 快踱一圈 (助手)
H180,27/02/2023,游水,沙田,,沙田,,,,,,,,游水,,
H180,27/02/2023,快操,沙田,全天候,沙田 全天候,,52.7,52.7,28.0 24.7,,潘明輝,,快操,,28.0 24.7 (52.7) (潘明輝)
H180,27/02/2023,踱步,沙田,飛機場,沙田 飛機場,,,,,,助手,,踱步,H,飛機場 踱步 (助手)
H180,26/02/2023,游水,沙田,,沙田,,,,,,,,游水,,
H180,26/02/2023,踱步,沙田,內圈,沙田 內圈,,,,,,助手,,快踱一圈,H,內圈 快踱一圈 (助手)
H180,25/02/2023,游水,沙田,,沙田,,,,,,,,游水,,
H180,25/02/2023,踱步,沙田,內圈,沙田 內圈,,,,,,助手,,快踱一圈,H,內圈 快踱一圈 (助手)
H180,24/02/2023,游水,沙田,,沙田,,,,,,,,游水,,
H180,24/02/2023,踱步,沙田,內圈,沙田 內圈,,,,,,助手,,快踱一圈,H,內圈 快踱一圈 (助手)
H180,23/02/2023,游水,沙田,,沙田,,,,,,,,游水,,
H180,23/02/2023,踱步,沙田,內圈,沙田 內圈,,,,,,助手,,倒快兩圈,H,內圈 倒快兩圈 (助手)
H180,22/02/2023,游水,沙田,,沙田,,,,,,,,游水,,
H180,22/02/2023,踱步,沙田,內圈,沙田 內圈,,,,,,助手,,快踱一圈,H,內圈 快踱一圈 (助手)
H180,21/02/2023,試閘,沙田,草地,沙田 草地,800M,0.46.43,46.43,24.4 22.0,幸運遇見,陳嘉熙,,第7組,B,第7組 (陳嘉熙) 800M 幸運遇見 24.4 22.0 (0.46.43)
H180,21/02/2023,游水,沙田,,沙田,,,,,,,,游水,,
H180,20/02/2023,游水,沙田,,沙田,,,,,,,,游水,,
H180,20/02/2023,踱步,沙田,內圈,沙田 內圈,,,,,,助手,,倒快一圈,H,內圈 倒快一圈 (助手)
H180,19/02/2023,游水,沙田,,沙田,,,,,,,,游水,,
H180,19/02/2023,踱步,沙田,內圈,沙田 內圈,,,,,,助手,,快踱一圈,H,內圈 快踱一圈 (助手)
H180,18/02/2023,游水,沙田,,沙田,,,,,,,,游水,,
H180,18/02/2023,踱步,沙田,內圈,沙田 內圈,,,,,,助手,,快踱一圈,H,內圈 快踱一圈 (助手)
H180,17/02/2023,游水,沙田,,沙田,,,,,,,,游水,,
H180,17/02/2023,快操,沙田,全天候,沙田 全天候,,1.24.8,84.8,32.9 26.7 25.2,,潘明輝,,快狠準,CP,32.9 26.7 25.2 (1.24.8) (潘明輝) 快狠準
H180,17/02/2023,踱步,沙田,飛機場,沙田 飛機場,,,,,,助手,,踱步,CP,飛機場 踱步 (助手)
H180,16/02/2023,游水,沙田,,沙田,,,,,,,,游水,,
H180,16/02/2023,踱步,沙田,內圈,沙田 內圈,,,,,,助手,,倒快兩圈,H,內圈 倒快兩圈 (助手)
H180,15/02/2023,游水,沙田,,沙田,,,,,,,,游水,,
H180,15/02/2023,踱步,沙田,內圈,沙田 內圈,,,,,,助手,,快踱一圈,H,內圈 快踱一圈 (助手)
H180,14/02/2023,游水,沙田,,沙田,,,,,,,,游水,,
H180,14/02/2023,快操,沙田,全天候,沙田 全天候,,55.8,55.8,29.6 26.2,,霍宏聲,,快狠準,,29.6 26.2 (55.8) (霍宏聲) 快狠準
H180,14/02/2023,踱步,沙田,飛機場,沙田 飛機場,,,,,,助手,,踱步,,飛機場 踱步 (助手)
H180,13/02/2023,游水,沙田,,沙田,,,,,,,,游水,,
H180,13/02/2023,踱步,沙田,內圈,沙田 內圈,,,,,,助手,,倒快一圈,H,內圈 倒快一圈 (助手)
H180,12/02/2023,游水,沙田,,沙田,,,,,,,,游水,,
H180,12/02/2023,踱步,沙田,內圈,沙田 內圈,,,,,,助手,,快踱一圈,H,內圈 快踱一圈 (助手)
H180,11/02/2023,游水,沙田,,沙田,,,,,,,,游水,,
H180,11/02/2023,踱步,沙田,內圈,沙田 內圈,,,,,,助手,,快踱一圈,H,內圈 快踱一圈 (助手)
H180,09/02/2023,游水,從化,,從化,,,,,,,,游水,,
H180,09/02/2023,踱步,從化,內圈,從化 內圈,,,,,,助手,,倒快兩圈,H,內圈 倒快兩圈 (助手)
H180,08/02/2023,游水,從化,,從化,,,,,,,,游水,,
H180,08/02/2023,踱步,從化,內圈,從化 內圈,,,,,,助手,,快踱一圈,H,內圈 快踱一圈 (助手)
H180,07/02/2023,游水,從化,,從化,,,,,,,,游水,,
H180,07/02/2023,踱步,從化,飛機場,從化 飛機場,,,,,,助手,,踱步,H,飛機場 踱步 (助手)
H180,06/02/2023,游水,從化,,從化,,,,,,,,游水,,
H180,05/02/2023,游水,從化,,從化,,,,,,,,游水,,
H180,04/02/2023,游水,從化,,從化,,,,,,,,游水,,
H180,01/02/2023,游水,從化,,從化,,,,,,,,游水,,
H180,01/02/2023,踱步,從化,內圈,從化 內圈,,,,,,助手,,快踱一圈,H,內圈 快踱一圈 (助手)
H180,31/01/2023,游水,從化,,從化,,,,,,,,游水,,
H180,31/01/2023,快操,從化,草閘,從化 草閘,,24.6,24.6,24.6,,助手,,"悠悠我心, 北海盜",,"24.6 (24.6) (助手) 悠悠我心, 北海盜"
H180,31/01/2023,踱步,從化,飛機場,從化 飛機場,,,,,,助手,,踱步,,飛機場 踱步 (助手)
H180,30/01/2023,游水,從化,,從化,,,,,,,,游水,,
H180,30/01/2023,踱步,從化,內圈,從化 內圈,,,,,,助手,,倒快兩圈,H,內圈 倒快兩圈 (助手)
H180,29/01/2023,踱步,從化,內圈,從化 內圈,,,,,,助手,,快踱一圈,H,內圈 快踱一圈 (助手)
H180,28/01/2023,踱步,從化,內圈,從化 內圈,,,,,,助手,,快踱一圈,H,內圈 快踱一圈 (助手)
H180,27/01/2023,踱步,從化,內圈,從化 內圈,,,,,,助手,,快踱一圈,H,內圈 快踱一圈 (助手)
H180,26/01/2023,快操,從化,全天候,從化 全天候,,52.9,52.9,28.2 24.7,,助手,,快操,,28.2 24.7 (52.9) (助手)
H180,26/01/2023,踱步,從化,飛機場,從化 飛機場,,,,,,助手,,踱步,,飛機場 踱步 (助手)
H180,25/01/2023,踱步,從化,內圈,從化 內圈,,,,,,助手,,快踱一圈,H,內圈 快踱一圈 (助手)
H180,24/01/2023,踱步,從化,內圈,從化 內圈,,,,,,助手,,快踱一圈,H,內圈 快踱一圈 (助手)
H180,23/01/2023,踱步,從化,內圈,從化 內圈,,,,,,助手,,倒快兩圈,H,內圈 倒快兩圈 (助手)
H180,21/01/2023,踱步,從化,內圈,從化 內圈,,,,,,助手,,快踱一圈,H,內圈 快踱一圈 (助手)
H180,20/01/2023,踱步,從化,內圈,從化 內圈,,,,,,助手,,快踱一圈,H,內圈 快踱一圈 (助手)
H180,19/01/2023,踱步,從化,內圈,從化 內圈,,,,,,助手,,倒快兩圈,H,內圈 倒快兩圈 (助手)
H180,18/01/2023,踱步,從化,內圈,從化 內圈,,,,,,助手,,快踱一圈,H,內圈 快踱一圈 (助手)
H180,17/01/2023,快操,從化,草閘,從化 草閘,,31.7,31.7,31.7,,助手,,快操,H,31.7 (31.7) (助手)
H180,17/01/2023,踱步,從化,飛機場,從化 飛機場,,,,,,助手,,踱步,H,飛機場 踱步 (助手)
H180,16/01/2023,游水,從化,,從化,,,,,,,,游水,,
H180,16/01/2023,踱步,從化,內圈,從化 內圈,,,,,,助手,,倒快兩圈,H,內圈 倒快兩圈 (助手)
H180,15/01/2023,游水,從化,,從化,,,,,,,,游水,,
H180,15/01/2023,踱步,從化,內圈,從化 內圈,,,,,,助手,,快踱一圈,H,內圈 快踱一圈 (助手)
H180,14/01/2023,游水,從化,,從化,,,,,,,,游水,,
H180,14/01/2023,踱步,從化,內圈,從化 內圈,,,,,,助手,,快踱一圈,H,內圈 快踱一圈 (助手)
H180,13/01/2023,游水,從化,,從化,,,,,,,,游水,,
H180,13/01/2023,快操,從化,全天候,從化 全天候,,58.8,58.8,30.6 28.2,,助手,,快操,,30.6 28.2 (58.8) (助手)
H180,13/01/2023,踱步,從化,飛機場,從化 飛機場,,,,,,助手,,踱步,,飛機場 踱步 (助手)
H180,12/01/2023,踱步,從化,內圈,從化 內圈,,,,,,助手,,倒快兩圈,H,內圈 倒快兩圈 (助手)
H180,11/01/2023,踱步,從化,內圈,從化 內圈,,,,,,助手,,快踱一圈,H,內圈 快踱一圈 (助手)
H180,10/01/2023,踱步,從化,內圈,從化 內圈,,,,,,助手,,快踱一圈,H,內圈 快踱一圈 (助手)
H180,09/01/2023,快操,從化,全天候,從化 全天候,,53.8,53.8,29.4 24.4,,助手,,快操,,29.4 24.4 (53.8) (助手)
H180,09/01/2023,踱步,從化,飛機場,從化 飛機場,,,,,,助手,,踱步,,飛機場 踱步 (助手)
H180,08/01/2023,踱步,從化,內圈,從化 內圈,,,,,,助手,,快踱一圈,,內圈 快踱一圈 (助手)
H180,07/01/2023,踱步,從化,內圈,從化 內圈,,,,,,助手,,快踱一圈,,內圈 快踱一圈 (助手)
H180,06/01/2023,踱步,從化,內圈,從化 內圈,,,,,,助手,,快踱一圈,H,內圈 快踱一圈 (助手)
H180,05/01/2023,快操,從化,全天候,從化 全天候,,52.8,52.8,28.0 24.8,,副練馬師,,快操,H,28.0 24.8 (52.8) (副練馬師)
H180,05/01/2023,踱步,從化,飛機場,從化 飛機場,,,,,,副練馬師,,踱步,H,飛機場 踱步 (副練馬師)
H180,04/01/2023,踱步,從化,內圈,從化 內圈,,,,,,助手,,快踱一圈,H,內圈 快踱一圈 (助手)
H180,03/01/2023,踱步,從化,內圈,從化 內圈,,,,,,助手,,快踱一圈,H,內圈 快踱一圈 (助手)
H180,02/01/2023,快操,從化,全天候,從化 全天候,,57.1,57.1,30.3 26.8,,助手,,快操,H,30.3 26.8 (57.1) (助手)
H180,02/01/2023,踱步,從化,飛機場,從化 飛機場,,,,,,助手,,踱步,H,飛機場 踱步 (助手)
H180,01/01/2023,踱步,從化,內圈,從化 內圈,,,,,,助手,,快踱一圈,H,內圈 快踱一圈 (助手)
H180,31/12/2022,踱步,從化,內圈,從化 內圈,,,,,,助手,,快踱一圈,H,內圈 快踱一圈 (助手)
H180,30/12/2022,踱步,從化,內圈,從化 內圈,,,,,,助手,,快踱一圈,H,內圈 快踱一圈 (助手)
H180,29/12/2022,快操,從化,全天候,從化 全天候,,56.8,56.8,30.4 26.4,,助手,,快操,H,30.4 26.4 (56.8) (助手)
H180,29/12/2022,踱步,從化,飛機場,從化 飛機場,,,,,,助手,,踱步,H,飛機場 踱步 (助手)
H180,28/12/2022,踱步,從化,內圈,從化 內圈,,,,,,助手,,快踱一圈,H,內圈 快踱一圈 (助手)
H180,27/12/2022,踱步,從化,內圈,從化 內圈,,,,,,助手,,快踱一圈,H,內圈 快踱一圈 (助手)
H180,26/12/2022,快操,從化,全天候,從化 全天候,,55.7,55.7,30.1 25.6,,助手,,快操,H,30.1 25.6 (55.7) (助手)
H180,26/12/2022,踱步,從化,飛機場,從化 飛機場,,,,,,助手,,踱步,H,飛機場 踱步 (助手)
H180,25/12/2022,踱步,從化,內圈,從化 內圈,,,,,,助手,,快踱一圈,H,內圈 快踱一圈 (助手)
H180,24/12/2022,踱步,從化,內圈,從化 內圈,,,,,,助手,,快踱一圈,H,內圈 快踱一圈 (助手)
H180,23/12/2022,踱步,從化,內圈,從化 內圈,,,,,,助手,,快踱一圈,H,內圈 快踱一圈 (助手)
H180,22/12/2022,快操,從化,全天候,從化 全天候,,56.4,56.4,30.4 26.0,,助手,,快操,H,30.4 26.0 (56.4) (助手)
H180,22/12/2022,踱步,從化,飛機場,從化 飛機場,,,,,,助手,,踱步,H,飛機場 踱步 (助手)
H180,21/12/2022,踱步,從化,內圈,從化 內圈,,,,,,助手,,快踱一圈,H,內圈 快踱一圈 (助手)
H180,20/12/2022,踱步,從化,內圈,從化 內圈,,,,,,助手,,快踱一圈,H,內圈 快踱一圈 (助手)
H180,19/12/2022,快操,從化,全天候,從化 全天候,,56.1,56.1,30.2 25.9,,助手,,快操,H,30.2 25.9 (56.1) (助手)
H180,19/12/2022,踱步,從化,飛機場,從化 飛機場,,,,,,助手,,踱步,H,飛機場 踱步 (助手)
H180,18/12/2022,踱步,從化,內圈,從化 內圈,,,,,,助手,,快踱一圈,H,內圈 快踱一圈 (助手)
H180,17/12/2022,踱步,從化,內圈,從化 內圈,,,,,,助手,,快踱一圈,H,內圈 快踱一圈 (助手)
H180,16/12/2022,踱步,從化,內圈,從化 內圈,,,,,,助手,,快踱一圈,H,內圈 快踱一圈 (助手)
H180,15/12/2022,快操,從化,全天候,從化 全天候,,57.6,57.6,29.2 28.4,,助手,,快操,H,29.2 28.4 (57.6) (助手)
H180,15/12/2022,踱步,從化,飛機場,從化 飛機場,,,,,,助手,,踱步,H,飛機場 踱步 (助手)
H180,14/12/2022,踱步,從化,內圈,從化 內圈,,,,,,助手,,快踱一圈,H,內圈 快踱一圈 (助手)
H180,13/12/2022,踱步,從化,內圈,從化 內圈,,,,,,助手,,快踱一圈,H,內圈 快踱一圈 (助手)
H180,12/12/2022,快操,從化,全天候,從化 全天候,,59.5,59.5,31.4 28.1,,助手,,快操,H,31.4 28.1 (59.5) (助手)
H180,12/12/2022,踱步,從化,飛機場,從化 飛機場,,,,,,助手,,踱步,H,飛機場 踱步 (助手)
H180,11/12/2022,踱步,從化,內圈,從化 內圈,,,,,,助手,,快踱兩圈,H,內圈 快踱兩圈 (助手)
H180,10/12/2022,踱步,從化,內圈,從化 內圈,,,,,,助手,,快踱兩圈,H,內圈 快踱兩圈 (助手)
H180,09/12/2022,踱步,從化,內圈,從化 內圈,,,,,,助手,,快踱兩圈,H,內圈 快踱兩圈 (助手)
H180,08/12/2022,快操,從化,全天候,從化 全天候,,29.0,29.0,29.0,,助手,,快操,H,29.0 (29.0) (助手)
H180,08/12/2022,踱步,從化,飛機場,從化 飛機場,,,,,,助手,,踱步,H,飛機場 踱步 (助手)
H180,07/12/2022,踱步,從化,內圈,從化 內圈,,,,,,助手,,快踱兩圈,H,內圈 快踱兩圈 (助手)
H180,06/12/2022,踱步,從化,內圈,從化 內圈,,,,,,助手,,快踱兩圈,H,內圈 快踱兩圈 (助手)
H180,05/12/2022,快操,從化,全天候,從化 全天候,,1.28.7,88.7,33.0 28.7 27.0,,助手,,快操,H,33.0 28.7 27.0 (1.28.7) (助手)
H180,05/12/2022,踱步,從化,飛機場,從化 飛機場,,,,,,助手,,踱步,H,飛機場 踱步 (助手)
H180,04/12/2022,踱步,從化,內圈,從化 內圈,,,,,,助手,,快踱兩圈,H,內圈 快踱兩圈 (助手)
H180,03/12/2022,踱步,從化,內圈,從化 內圈,,,,,,助手,,快踱兩圈,H,內圈 快踱兩圈 (助手)
H180,02/12/2022,踱步,從化,內圈,從化 內圈,,,,,,助手,,快踱兩圈,H,內圈 快踱兩圈 (助手)
H180,01/12/2022,踱步,從化,外圈,從化 外圈,,,,,,助手,,快踱一圈,H,外圈 快踱一圈 (助手)
H180,30/11/2022,踱步,從化,內圈,從化 內圈,,,,,,助手,,快踱兩圈,H,內圈 快踱兩圈 (助手)
H180,29/11/2022,踱步,從化,內圈,從化 內圈,,,,,,助手,,快踱兩圈,H,內圈 快踱兩圈 (助手)
H180,28/11/2022,踱步,從化,內圈,從化 內圈,,,,,,助手,,倒快兩圈,H,內圈 倒快兩圈 (助手)
H180,27/11/2022,踱步,從化,內圈,從化 內圈,,,,,,助手,,快踱一圈,H,內圈 快踱一圈 (助手)
H180,26/11/2022,踱步,從化,內圈,從化 內圈,,,,,,助手,,快踱一圈,H,內圈 快踱一圈 (助手)
H180,25/11/2022,踱步,從化,內圈,從化 內圈,,,,,,助手,,快踱一圈,H,內圈 快踱一圈 (助手)
H180,24/11/2022,踱步,從化,飛機場,從化 飛機場,,,,,,助手,,踱步,H,飛機場 踱步 (助手)
H180,23/11/2022,踱步,從化,飛機場,從化 飛機場,,,,,,助手,,踱步,H,飛機場 踱步 (助手)
H180,21/11/2022,踱步,沙田,內圈,沙田 內圈,,,,,,助手,,倒快兩圈,H,內圈 倒快兩圈 (助手)
H180,19/11/2022,踱步,沙田,內圈,沙田 內圈,,,,,,助手,,快踱一圈,H,內圈 快踱一圈 (助手)
H180,18/11/2022,踱步,沙田,內圈,沙田 內圈,,,,,,助手,,快踱一圈,H,內圈 快踱一圈 (助手)
H180,17/11/2022,踱步,沙田,內圈,沙田 內圈,,,,,,助手,,倒快兩圈,H,內圈 倒快兩圈 (助手)
H180,16/11/2022,踱步,沙田,內圈,沙田 內圈,,,,,,助手,,快踱兩圈,H,內圈 快踱兩圈 (助手)
H180,14/11/2022,踱步,沙田,內圈,沙田 內圈,,,,,,助手,,倒快兩圈,H,內圈 倒快兩圈 (助手)
H180,13/11/2022,踱步,沙田,內圈,沙田 內圈,,,,,,助手,,快踱一圈,H,內圈 快踱一圈 (助手)
H180,12/11/2022,踱步,沙田,內圈,沙田 內圈,,,,,,助手,,快踱一圈,H,內圈 快踱一圈 (助手)
H180,11/11/2022,踱步,沙田,內圈,沙田 內圈,,,,,,助手,,快踱一圈,H,內圈 快踱一圈 (助手)
H180,10/11/2022,踱步,沙田,內圈,沙田 內圈,,,,,,助手,,倒快兩圈,H,內圈 倒快兩圈 (助手)
H180,09/11/2022,踱步,沙田,內圈,沙田 內圈,,,,,,助手,,快踱一圈,H,內圈 快踱一圈 (助手)
H180,08/11/2022,踱步,沙田,內圈,沙田 內圈,,,,,,助手,,快踱一圈,H,內圈 快踱一圈 (助手)
H180,07/11/2022,踱步,沙田,內圈,沙田 內圈,,,,,,助手,,倒快兩圈,H,內圈 倒快兩圈 (助手)
H180,06/11/2022,踱步,沙田,內圈,沙田 內圈,,,,,,助手,,快踱一圈,H,內圈 快踱一圈 (助手)
H180,05/11/2022,踱步,沙田,內圈,沙田 內圈,,,,,,助手,,快踱一圈,H,內圈 快踱一圈 (助手)
H180,04/11/2022,踱步,沙田,內圈,沙田 內圈,,,,,,助手,,快踱一圈,H,內圈 快踱一圈 (助手)
H180,03/11/2022,踱步,沙田,內圈,沙田 內圈,,,,,,助手,,倒快一圈,H,內圈 倒快一圈 (助手)
H180,01/11/2022,踱步,沙田,內圈,沙田 內圈,,,,,,助手,,快踱一圈,H,內圈 快踱一圈 (助手)
H180,31/10/2022,踱步,沙田,內圈,沙田 內圈,,,,,,助手,,倒快一圈,H,內圈 倒快一圈 (助手)
H180,30/10/2022,踱步,沙田,飛機場,沙田 飛機場,,,,,,助手,,踱步,H,飛機場 踱步 (助手)
H180,29/10/2022,踱步,沙田,飛機場,沙田 飛機場,,,,,,助手,,踱步,H,飛機場 踱步 (助手)
H180,28/10/2022,踱步,沙田,飛機場,沙田 飛機場,,,,,,助手,,踱步,H,飛機場 踱步 (助手)
H180,27/10/2022,踱步,沙田,內圈,沙田 內圈,,,,,,助手,,倒快兩圈,,內圈 倒快兩圈 (助手)
