horse_no,date,work_type,racecourse,track,venue,distance,time,time_sec,splits,partner,rider,placing,comment,gear,workout_details
H120,09/09/2026,踱步,沙田,內圈,沙田 內圈,,,,,,助手,,快踱兩圈,,內圈 快踱兩圈 (助手)
H120,08/09/2026,踱步,沙田,內圈,沙田 內圈,,,,,,助手,,快踱兩圈,,內圈 快踱兩圈 (助手)
H120,07/09/2026,游水,沙田,,沙田,,,,,,,,游水,,
H120,07/09/2026,踱步,沙田,內圈,沙田 內圈,,,,,,助手,,倒快兩圈,,內圈 倒快兩圈 (助手)
H120,06/09/2026,游水,沙田,,沙田,,,,,,,,游水,,
H120,06/09/2026,踱步,沙田,內圈,沙田 內圈,,,,,,助手,,快踱一圈,,內圈 快踱一圈 (助手)
H120,05/09/2026,游水,沙田,,沙田,,,,,,,,游水,,
H120,05/09/2026,踱步,沙田,內圈,沙田 內圈,,,,,,助手,,快踱兩圈,,內圈 快踱兩圈 (助手)
H120,04/09/2026,游水,沙田,,沙田,,,,,,,,游水,,
H120,04/09/2026,踱步,沙田,內圈,沙田 內圈,,,,,,助手,,快踱兩圈,,內圈 快踱兩圈 (助手)
H120,02/09/2026,試閘,沙田,全天候,沙田 全天候,1200M,1.10.91,70.91,24.5 22.8 23.6,頑童,黃智弘,,第2組,V,第2組 (黃智弘) 1200M 頑童 24.5 22.8 23.6 (1.10.91)
H120,02/09/2026,踱步,沙田,飛機場,沙田 飛機場,,,,,,助手,,踱步,,飛機場 踱步 (助手)
H120,01/09/2026,踱步,從化,內圈,從化 內圈,,,,,,助手,,快踱兩圈,,內圈 快踱兩圈 (助手)
H120,31/08/2026,游水,從化,,從化,,,,,,,,游水,,
H120,31/08/2026,踱步,從化,內圈,從化 內圈,,,,,,助手,,倒快兩圈,,內圈 倒快兩圈 (助手)
H120,30/08/2026,游水,從化,,從化,,,,,,,,游水,,
H120,30/08/2026,踱步,從化,內圈,從化 內圈,,,,,,助手,,快踱一圈,,內圈 快踱一圈 (助手)
H120,29/08/2026,游水,從化,,從化,,,,,,,,游水,,
H120,29/08/2026,踱步,從化,內圈,從化 內圈,,,,,,助手,,快踱兩圈,,內圈 快踱兩圈 (助手)
H120,28/08/2026,游水,從化,,從化,,,,,,,,游水,,
H120,28/08/2026,踱步,從化,內圈,從化 內圈,,,,,,助手,,快踱兩圈,H,內圈 快踱兩圈 (助手)
H120,27/08/2026,快操,從化,草地,從化 草地,,1.21.4,81.4,29.3 27.2 24.9,,助手,,快操,,29.3 27.2 24.9 (1.21.4) (助手)
H120,27/08/2026,踱步,從化,飛機場,從化 飛機場,,,,,,助手,,踱步,,飛機場 踱步 (助手)
H120,26/08/2026,游水,從化,,從化,,,,,,,,游水,,
H120,26/08/2026,踱步,從化,內圈,從化 內圈,,,,,,助手,,快踱兩圈,,內圈 快踱兩圈 (助手)
H120,25/08/2026,游水,從化,,從化,,,,,,,,游水,,
H120,25/08/2026,踱步,從化,內圈,從化 內圈,,,,,,助手,,快踱兩圈,,內圈 快踱兩圈 (助手)
H120,24/08/2026,游水,從化,,從化,,,,,,,,游水,,
H120,24/08/2026,踱步,從化,內圈,從化 內圈,,,,,,助手,,倒快兩圈,,內圈 倒快兩圈 (助手)
H120,23/08/2026,游水,從化,,從化,,,,,,,,游水,,
H120,23/08/2026,踱步,從化,內圈,從化 內圈,,,,,,助手,,快踱一圈,,內圈 快踱一圈 (助手)
H120,22/08/2026,快操,從化,登山跑道,從化 登山跑道,,52.7,52.7,26.9 25.8,,助手,,快操,,26.9 25.8 (52.7) (助手)
H120,22/08/2026,踱步,從化,飛機場,從化 飛機場,,,,,,助手,,踱步,,飛機場 踱步 (助手)
H120,21/08/2026,游水,從化,,從化,,,,,,,,游水,,
H120,21/08/2026,踱步,從化,內圈,從化 內圈,,,,,,助手,,快踱兩圈,,內圈 快踱兩圈 (助手)
H120,20/08/2026,游水,從化,,從化,,,,,,,,游水,,
H120,20/08/2026,踱步,從化,內圈,從化 內圈,,,,,,助手,,倒快兩圈,,內圈 倒快兩圈 (助手)
H120,19/08/2026,游水,從化,,從化,,,,,,,,游水,,
H120,19/08/2026,踱步,從化,內圈,從化 內圈,,,,,,助手,,快踱兩圈,,內圈 快踱兩圈 (助手)
H120,18/08/2026,快操,從化,登山跑道,從化 登山跑道,,51.2,51.2,26.5 24.7,,助手,,快操,H,26.5 24.7 (51.2) (助手)
H120,18/08/2026,踱步,從化,飛機場,從化 飛機場,,,,,,助手,,踱步,H,飛機場 踱步 (助手)
H120,17/08/2026,游水,從化,,從化,,,,,,,,游水,,
H120,17/08/2026,踱步,從化,內圈,從化 內圈,,,,,,助手,,倒快兩圈,,內圈 倒快兩圈 (助手)
H120,16/08/2026,游水,從化,,從化,,,,,,,,游水,,
H120,16/08/2026,踱步,從化,內圈,從化 內圈,,,,,,助手,,快踱一圈,,內圈 快踱一圈 (助手)
H120,15/08/2026,游水,從化,,從化,,,,,,,,游水,,
H120,15/08/2026,踱步,從化,內圈,從化 內圈,,,,,,助手,,快踱兩圈,,內圈 快踱兩圈 (助手)
H120,14/08/2026,游水,從化,,從化,,,,,,,,游水,,
H120,14/08/2026,踱步,從化,內圈,從化 內圈,,,,,,助手,,快踱兩圈,H,內圈 快踱兩圈 (助手)
H120,13/08/2026,快操,從化,草地,從化 草地,,53.2,53.2,29.0 24.2,,助手,,快操,H,29.0 24.2 (53.2) (助手)
H120,13/08/2026,踱步,從化,飛機場,從化 飛機場,,,,,,助手,,踱步,H,飛機場 踱步 (助手)
H120,12/08/2026,游水,從化,,從化,,,,,,,,游水,,
H120,12/08/2026,踱步,從化,內圈,從化 內圈,,,,,,助手,,快踱兩圈,H,內圈 快踱兩圈 (助手)
H120,11/08/2026,游水,從化,,從化,,,,,,,,游水,,
H120,11/08/2026,踱步,從化,內圈,從化 內圈,,,,,,助手,,快踱兩圈,H,內圈 快踱兩圈 (助手)
H120,10/08/2026,游水,從化,,從化,,,,,,,,游水,,
H120,10/08/2026,踱步,從化,內圈,從化 內圈,,,,,,助手,,倒快兩圈,H,內圈 倒快兩圈 (助手)
H120,09/08/2026,快操,從化,全天候,從化 全天候,,59.3,59.3,32.1 27.2,,助手,,快操,H,32.1 27.2 (59.3) (助手)
H120,08/08/2026,游水,從化,,從化,,,,,,,,游水,,
H120,08/08/2026,踱步,從化,內圈,從化 內圈,,,,,,助手,,快踱兩圈,H,內圈 快踱兩圈 (助手)
H120,07/08/2026,游水,從化,,從化,,,,,,,,游水,,
H120,07/08/2026,踱步,從化,內圈,從化 內圈,,,,,,助手,,快踱兩圈,H,內圈 快踱兩圈 (助手)
H120,06/08/2026,游水,從化,,從化,,,,,,,,游水,,
H120,06/08/2026,踱步,從化,內圈,從化 內圈,,,,,,助手,,倒快兩圈,H,內圈 倒快兩圈 (助手)
H120,05/08/2026,踱步,從化,內圈,從化 內圈,,,,,,助手,,快踱兩圈,H,內圈 快踱兩圈 (助手)
H120,04/08/2026,踱步,從化,內圈,從化 內圈,,,,,,助手,,快踱兩圈,H,內圈 快踱兩圈 (助手)
H120,03/08/2026,踱步,從化,內圈,從化 內圈,,,,,,助手,,倒快兩圈,H,內圈 倒快兩圈 (助手)
H120,02/08/2026,踱步,從化,內圈,從化 內圈,,,,,,助手,,快踱一圈,H,內圈 快踱一圈 (助手)
H120,01/08/2026,踱步,從化,內圈,從化 內圈,,,,,,助手,,快踱一圈,H,內圈 快踱一圈 (助手)
H120,31/07/2026,踱步,從化,內圈,從化 內圈,,,,,,助手,,快踱一圈,H,內圈 快踱一圈 (助手)
H120,30/07/2026,踱步,從化,內圈,從化 內圈,,,,,,助手,,快踱一圈,H,內圈 快踱一圈 (助手)
H120,29/07/2026,踱步,從化,飛機場,從化 飛機場,,,,,,助手,,踱步,H,飛機場 踱步 (助手)
H120,28/07/2026,踱步,從化,飛機場,從化 飛機場,,,,,,助手,,踱步,H,飛機場 踱步 (助手)
H120,27/07/2026,踱步,從化,飛機場,從化 飛機場,,,,,,助手,,踱步,,飛機場 踱步 (助手)
H120,20/07/2026,馬匹水中步行機,從化,,從化,,,,,,,,馬匹水中步行機,,
H120,19/07/2026,馬匹水中步行機,從化,,從化,,,,,,,,馬匹水中步行機,,
H120,18/07/2026,馬匹水中步行機,從化,,從化,,,,,,,,馬匹水中步行機,,
H120,17/07/2026,馬匹水中步行機,從化,,從化,,,,,,,,馬匹水中步行機,,
H120,16/07/2026,馬匹水中步行機,從化,,從化,,,,,,,,馬匹水中步行機,,
H120,15/07/2026,馬匹水中步行機,從化,,從化,,,,,,,,馬匹水中步行機,,
H120,14/07/2026,馬匹水中步行機,從化,,從化,,,,,,,,馬匹水中步行機,,
H120,13/07/2026,馬匹水中步行機,從化,,從化,,,,,,,,馬匹水中步行機,,
H120,12/07/2026,馬匹水中步行機,從化,,從化,,,,,,,,馬匹水中步行機,,
H120,11/07/2026,馬匹水中步行機,從化,,從化,,,,,,,,馬匹水中步行機,,
H120,09/07/2026,馬匹水中步行機,從化,,從化,,,,,,,,馬匹水中步行機,,
H120,08/07/2026,馬匹水中步行機,從化,,從化,,,,,,,,馬匹水中步行機,,
H120,06/07/2026,馬匹水中步行機,從化,,從化,,,,,,,,馬匹水中步行機,,
H120,05/07/2026,馬匹水中步行機,從化,,從化,,,,,,,,馬匹水中步行機,,
H120,04/07/2026,馬匹水中步行機,從化,,從化,,,,,,,,馬匹水中步行機,,
H120,27/06/2026,出賽,沙田,全天候,沙田 全天候,1650M,,,,,莫雷拉,6/14,出賽,V1/TT,1650M (莫雷拉) (6/14)
H120,26/06/2026,游水,沙田,,沙田,,,,,,,,游水,,
H120,26/06/2026,踱步,沙田,內圈,沙田 內圈,,,,,,助手,,快踱兩圈,,內圈 快踱兩圈 (助手)
H120,25/06/2026,踱步,從化,內圈,從化 內圈,,,,,,助手,,倒快兩圈,,內圈 倒快兩圈 (助手)
H120,24/06/2026,游水,從化,,從化,,,,,,,,游水,,
H120,24/06/2026,踱步,從化,內圈,從化 內圈,,,,,,助手,,快踱兩圈,,內圈 快踱兩圈 (助手)
H120,23/06/2026,游水,從化,,從化,,,,,,,,游水,,
H120,23/06/2026,踱步,從化,內圈,從化 內圈,,,,,,助手,,快踱兩圈,,內圈 快踱兩圈 (助手)
H120,22/06/2026,游水,從化,,從化,,,,,,,,游水,,
H120,22/06/2026,踱步,從化,內圈,從化 內圈,,,,,,助手,,倒快兩圈,,內圈 倒快兩圈 (助手)
H120,21/06/2026,游水,從化,,從化,,,,,,,,游水,,
H120,21/06/2026,踱步,從化,內圈,從化 內圈,,,,,,助手,,快踱一圈,,內圈 快踱一圈 (助手)
H120,20/06/2026,快操,從化,草地,從化 草地,,53.1,53.1,28.4 24.7,,助手,,鈦易搵,V,28.4 24.7 (53.1) (助手) 鈦易搵
H120,20/06/2026,踱步,從化,飛機場,從化 飛機場,,,,,,助手,,踱步,V,飛機場 踱步 (助手)
H120,19/06/2026,游水,從化,,從化,,,,,,,,游水,,
H120,19/06/2026,踱步,從化,內圈,從化 內圈,,,,,,助手,,快踱兩圈,,內圈 快踱兩圈 (助手)
H120,18/06/2026,游水,從化,,從化,,,,,,,,游水,,
H120,18/06/2026,踱步,從化,內圈,從化 內圈,,,,,,助手,,倒快兩圈,,內圈 倒快兩圈 (助手)
H120,17/06/2026,游水,從化,,從化,,,,,,,,游水,,
H120,17/06/2026,踱步,從化,內圈,從化 內圈,,,,,,助手,,快踱兩圈,,內圈 快踱兩圈 (助手)
H120,16/06/2026,游水,從化,,從化,,,,,,,,游水,,
H120,16/06/2026,踱步,從化,內圈,從化 內圈,,,,,,助手,,快踱兩圈,,內圈 快踱兩圈 (助手)
H120,15/06/2026,游水,從化,,從化,,,,,,,,游水,,
H120,15/06/2026,踱步,從化,內圈,從化 內圈,,,,,,助手,,倒快兩圈,,內圈 倒快兩圈 (助手)
H120,14/06/2026,游水,從化,,從化,,,,,,,,游水,,
H120,14/06/2026,踱步,從化,內圈,從化 內圈,,,,,,助手,,快踱一圈,,內圈 快踱一圈 (助手)
H120,13/06/2026,游水,從化,,從化,,,,,,,,游水,,
H120,13/06/2026,踱步,從化,內圈,從化 內圈,,,,,,助手,,快踱兩圈,,內圈 快踱兩圈 (助手)
H120,12/06/2026,游水,從化,,從化,,,,,,,,游水,,
H120,12/06/2026,踱步,從化,內圈,從化 內圈,,,,,,助手,,快踱兩圈,,內圈 快踱兩圈 (助手)
H120,11/06/2026,游水,從化,,從化,,,,,,,,游水,,
H120,11/06/2026,踱步,從化,內圈,從化 內圈,,,,,,助手,,倒快兩圈,,內圈 倒快兩圈 (助手)
H120,10/06/2026,踱步,沙田,內圈,沙田 內圈,,,,,,助手,,快踱一圈,,內圈 快踱一圈 (助手)
H120,09/06/2026,踱步,沙田,飛機場,沙田 飛機場,,,,,,助手,,踱步,,飛機場 踱步 (助手)
H120,07/06/2026,出賽,沙田,全天候,沙田 全天候,1800M,,,,,莫雷拉,5/14,出賽,TT,1800M (莫雷拉) (5/14)
H120,06/06/2026,游水,沙田,,沙田,,,,,,,,游水,,
H120,06/06/2026,踱步,沙田,內圈,沙田 內圈,,,,,,黃智弘,,快踱兩圈,,內圈 快踱兩圈 (黃智弘)
H120,05/06/2026,游水,沙田,,沙田,,,,,,,,游水,,
H120,05/06/2026,踱步,沙田,內圈,沙田 內圈,,,,,,助手,,快踱兩圈,,內圈 快踱兩圈 (助手)
H120,04/06/2026,游水,沙田,,沙田,,,,,,,,游水,,
H120,04/06/2026,踱步,沙田,內圈,沙田 內圈,,,,,,助手,,倒快兩圈,,內圈 倒快兩圈 (助手)
H120,03/06/2026,游水,沙田,,沙田,,,,,,,,游水,,
H120,03/06/2026,踱步,沙田,內圈,沙田 內圈,,,,,,助手,,快踱兩圈,,內圈 快踱兩圈 (助手)
H120,02/06/2026,游水,沙田,,沙田,,,,,,,,游水,,
H120,02/06/2026,踱步,沙田,內圈,沙田 內圈,,,,,,助手,,快踱兩圈,,內圈 快踱兩圈 (助手)
H120,01/06/2026,游水,沙田,,沙田,,,,,,,,游水,,
H120,01/06/2026,踱步,沙田,內圈,沙田 內圈,,,,,,助手,,倒快兩圈,,內圈 倒快兩圈 (助手)
H120,31/05/2026,游水,沙田,,沙田,,,,,,,,游水,,
H120,31/05/2026,踱步,沙田,內圈,沙田 內圈,,,,,,助手,,快踱一圈,,內圈 快踱一圈 (助手)
H120,30/05/2026,游水,沙田,,沙田,,,,,,,,游水,,
H120,30/05/2026,踱步,沙田,內圈,沙田 內圈,,,,,,黃智弘,,快踱兩圈,,內圈 快踱兩圈 (黃智弘)
H120,29/05/2026,游水,沙田,,沙田,,,,,,,,游水,,
H120,29/05/2026,踱步,沙田,內圈,沙田 內圈,,,,,,助手,,快踱兩圈,,內圈 快踱兩圈 (助手)
H120,28/05/2026,游水,沙田,,沙田,,,,,,,,游水,,
H120,28/05/2026,踱步,沙田,內圈,沙田 內圈,,,,,,助手,,倒快兩圈,,內圈 倒快兩圈 (助手)
H120,26/05/2026,試閘,沙田,草地,沙田 草地,1600M,1.37.30,97.3,26.3 23.4 23.8 23.8,展雄志,莫雷拉,,第8組,,第8組 (莫雷拉) 1600M 展雄志 26.3 23.4 23.8 23.8 (1.37.30)
H120,26/05/2026,踱步,沙田,飛機場,沙田 飛機場,,,,,,助手,,踱步,,飛機場 踱步 (助手)
H120,25/05/2026,游水,沙田,,沙田,,,,,,,,游水,,
H120,25/05/2026,踱步,沙田,內圈,沙田 內圈,,,,,,黃智弘,,倒快兩圈,,內圈 倒快兩圈 (黃智弘)
H120,24/05/2026,踱步,沙田,內圈,沙田 內圈,,,,,,助手,,快踱一圈,,內圈 快踱一圈 (助手)
H120,23/05/2026,踱步,從化,內圈,從化 內圈,,,,,,助手,,快踱兩圈,H,內圈 快踱兩圈 (助手)
H120,22/05/2026,游水,從化,,從化,,,,,,,,游水,,
H120,22/05/2026,踱步,從化,內圈,從化 內圈,,,,,,助手,,快踱兩圈,H,內圈 快踱兩圈 (助手)
H120,21/05/2026,游水,從化,,從化,,,,,,,,游水,,
H120,21/05/2026,踱步,從化,內圈,從化 內圈,,,,,,助手,,倒快兩圈,H,內圈 倒快兩圈 (助手)
H120,20/05/2026,游水,從化,,從化,,,,,,,,游水,,
H120,20/05/2026,踱步,從化,內圈,從化 內圈,,,,,,助手,,快踱兩圈,H,內圈 快踱兩圈 (助手)
H120,19/05/2026,快操,從化,草地,從化 草地,,53.1,53.1,27.7 25.4,,助手,,快操,H,27.7 25.4 (53.1) (助手)
H120,19/05/2026,踱步,從化,飛機場,從化 飛機場,,,,,,助手,,踱步,H,飛機場 踱步 (助手)
H120,18/05/2026,游水,從化,,從化,,,,,,,,游水,,
H120,18/05/2026,踱步,從化,內圈,從化 內圈,,,,,,助手,,倒快兩圈,H,內圈 倒快兩圈 (助手)
H120,17/05/2026,游水,從化,,從化,,,,,,,,游水,,
H120,17/05/2026,踱步,從化,內圈,從化 內圈,,,,,,助手,,快踱一圈,H,內圈 快踱一圈 (助手)
H120,16/05/2026,游水,從化,,從化,,,,,,,,游水,,
H120,16/05/2026,踱步,從化,內圈,從化 內圈,,,,,,助手,,快踱兩圈,H,內圈 快踱兩圈 (助手)
H120,15/05/2026,游水,從化,,從化,,,,,,,,游水,,
H120,15/05/2026,踱步,從化,內圈,從化 內圈,,,,,,助手,,快踱兩圈,H,內圈 快踱兩圈 (助手)
H120,14/05/2026,游水,從化,,從化,,,,,,,,游水,,
H120,14/05/2026,踱步,從化,內圈,從化 內圈,,,,,,助手,,倒快一圈,H,內圈 倒快一圈 (助手)
H120,13/05/2026,游水,從化,,從化,,,,,,,,游水,,
H120,13/05/2026,踱步,從化,內圈,從化 內圈,,,,,,助手,,快踱一圈,H,內圈 快踱一圈 (助手)
H120,12/05/2026,游水,從化,,從化,,,,,,,,游水,,
H120,12/05/2026,踱步,從化,飛機場,從化 飛機場,,,,,,助手,,踱步,H,飛機場 踱步 (助手)
H120,11/05/2026,游水,從化,,從化,,,,,,,,游水,,
H120,11/05/2026,踱步,從化,飛機場,從化 飛機場,,,,,,助手,,踱步,H,飛機場 踱步 (助手)
H120,10/05/2026,游水,從化,,從化,,,,,,,,游水,,
H120,10/05/2026,踱步,從化,飛機場,從化 飛機場,,,,,,助手,,踱步,H,飛機場 踱步 (助手)
H120,09/05/2026,游水,從化,,從化,,,,,,,,游水,,
H120,09/05/2026,踱步,從化,飛機場,從化 飛機場,,,,,,助手,,踱步,H,飛機場 踱步 (助手)
H120,06/05/2026,出賽,沙田,全天候,沙田 全天候,1800M,,,,,莫雷拉,6/11,出賽,TT,1800M (莫雷拉) (6/11)
H120,05/05/2026,游水,沙田,,沙田,,,,,,,,游水,,
H120,05/05/2026,踱步,沙田,內圈,沙田 內圈,,,,,,黃智弘,,快踱兩圈,,內圈 快踱兩圈 (黃智弘)
H120,04/05/2026,游水,沙田,,沙田,,,,,,,,游水,,
H120,04/05/2026,踱步,沙田,內圈,沙田 內圈,,,,,,黃智弘,,倒快兩圈,,內圈 倒快兩圈 (黃智弘)
H120,03/05/2026,快操,沙田,全天候,沙田 全天候,,30.0,30.0,30.0,,黃智弘,,快操,,30.0 (30.0) (黃智弘)
H120,02/05/2026,游水,沙田,,沙田,,,,,,,,游水,,
H120,02/05/2026,踱步,沙田,內圈,沙田 內圈,,,,,,助手,,快踱兩圈,,內圈 快踱兩圈 (助手)
H120,01/05/2026,游水,沙田,,沙田,,,,,,,,游水,,
H120,01/05/2026,踱步,沙田,內圈,沙田 內圈,,,,,,黃智弘,,快踱兩圈,,內圈 快踱兩圈 (黃智弘)
H120,30/04/2026,游水,沙田,,沙田,,,,,,,,游水,,
H120,30/04/2026,踱步,沙田,內圈,沙田 內圈,,,,,,黃智弘,,倒快兩圈,,內圈 倒快兩圈 (黃智弘)
H120,29/04/2026,游水,沙田,,沙田,,,,,,,,游水,,
H120,29/04/2026,踱步,沙田,內圈,沙田 內圈,,,,,,黃智弘,,快踱一圈,,內圈 快踱一圈 (黃智弘)
H120,28/04/2026,游水,沙田,,沙田,,,,,,,,游水,,
H120,28/04/2026,踱步,沙田,內圈,沙田 內圈,,,,,,助手,,快踱兩圈,,內圈 快踱兩圈 (助手)
H120,27/04/2026,游水,沙田,,沙田,,,,,,,,游水,,
H120,27/04/2026,踱步,沙田,內圈,沙田 內圈,,,,,,助手,,倒快兩圈,,內圈 倒快兩圈 (助手)
H120,26/04/2026,游水,沙田,,沙田,,,,,,,,游水,,
H120,26/04/2026,踱步,沙田,內圈,沙田 內圈,,,,,,黃智弘,,快踱一圈,,內圈 快踱一圈 (黃智弘)
H120,25/04/2026,游水,沙田,,沙田,,,,,,,,游水,,
H120,25/04/2026,踱步,沙田,內圈,沙田 內圈,,,,,,黃智弘,,快踱一圈,,內圈 快踱一圈 (黃智弘)
H120,24/04/2026,游水,沙田,,沙田,,,,,,,,游水,,
H120,24/04/2026,踱步,沙田,內圈,沙田 內圈,,,,,,黃智弘,,快踱一圈,,內圈 快踱一圈 (黃智弘)
H120,23/04/2026,游水,沙田,,沙田,,,,,,,,游水,,
H120,23/04/2026,踱步,沙田,內圈,沙田 內圈,,,,,,黃智弘,,倒快兩圈,,內圈 倒快兩圈 (黃智弘)
H120,22/04/2026,游水,沙田,,沙田,,,,,,,,游水,,
H120,22/04/2026,踱步,沙田,內圈,沙田 內圈,,,,,,助手,,快踱一圈,,內圈 快踱一圈 (助手)
H120,21/04/2026,踱步,沙田,飛機場,沙田 飛機場,,,,,,黃智弘,,踱步,,飛機場 踱步 (黃智弘)
H120,19/04/2026,出賽,沙田,全天候,沙田 全天候,1650M,,,,,莫雷拉,5/14,出賽,TT,1650M (莫雷拉) (5/14)
H120,18/04/2026,游水,沙田,,沙田,,,,,,,,游水,,
H120,18/04/2026,踱步,沙田,內圈,沙田 內圈,,,,,,黃智弘,,快踱兩圈,,內圈 快踱兩圈 (黃智弘)
H120,17/04/2026,游水,沙田,,沙田,,,,,,,,游水,,
H120,17/04/2026,踱步,沙田,內圈,沙田 內圈,,,,,,助手,,快踱兩圈,,內圈 快踱兩圈 (助手)
H120,16/04/2026,游水,沙田,,沙田,,,,,,,,游水,,
H120,16/04/2026,踱步,沙田,內圈,沙田 內圈,,,,,,助手,,倒快兩圈,,內圈 倒快兩圈 (助手)
H120,15/04/2026,游水,沙田,,沙田,,,,,,,,游水,,
H120,15/04/2026,踱步,沙田,內圈,沙田 內圈,,,,,,助手,,快踱一圈,,內圈 快踱一圈 (助手)
H120,14/04/2026,游水,沙田,,沙田,,,,,,,,游水,,
H120,14/04/2026,踱步,沙田,內圈,沙田 內圈,,,,,,黃智弘,,快踱一圈,,內圈 快踱一圈 (黃智弘)
H120,13/04/2026,游水,沙田,,沙田,,,,,,,,游水,,
H120,13/04/2026,踱步,沙田,內圈,沙田 內圈,,,,,,助手,,倒快兩圈,,內圈 倒快兩圈 (助手)
H120,12/04/2026,游水,沙田,,沙田,,,,,,,,游水,,
H120,12/04/2026,踱步,沙田,內圈,沙田 內圈,,,,,,黃智弘,,快踱一圈,,內圈 快踱一圈 (黃智弘)
H120,11/04/2026,游水,沙田,,沙田,,,,,,,,游水,,
H120,11/04/2026,踱步,沙田,內圈,沙田 內圈,,,,,,助手,,快踱一圈,,內圈 快踱一圈 (助手)
H120,10/04/2026,游水,沙田,,沙田,,,,,,,,游水,,
H120,10/04/2026,踱步,沙田,飛機場,沙田 飛機場,,,,,,黃智弘,,踱步,,飛機場 踱步 (黃智弘)
H120,08/04/2026,快操,沙田,全天候,沙田 全天候,,47.6,47.6,25.0 22.6,,黃智弘,,星運少爵,,25.0 22.6 (47.6) (黃智弘) 星運少爵
H120,08/04/2026,踱步,沙田,飛機場,沙田 飛機場,,,,,,黃智弘,,踱步,,飛機場 踱步 (黃智弘)
H120,07/04/2026,游水,沙田,,沙田,,,,,,,,游水,,
H120,07/04/2026,踱步,沙田,內圈,沙田 內圈,,,,,,黃智弘,,快踱兩圈,,內圈 快踱兩圈 (黃智弘)
H120,06/04/2026,游水,沙田,,沙田,,,,,,,,游水,,
H120,06/04/2026,踱步,沙田,內圈,沙田 內圈,,,,,,黃智弘,,倒快兩圈,,內圈 倒快兩圈 (黃智弘)
H120,05/04/2026,游水,沙田,,沙田,,,,,,,,游水,,
H120,05/04/2026,踱步,沙田,內圈,沙田 內圈,,,,,,助手,,快踱一圈,,內圈 快踱一圈 (助手)
H120,04/04/2026,游水,沙田,,沙田,,,,,,,,游水,,
H120,04/04/2026,踱步,沙田,內圈,沙田 內圈,,,,,,助手,,快踱兩圈,,內圈 快踱兩圈 (助手)
H120,03/04/2026,游水,沙田,,沙田,,,,,,,,游水,,
H120,03/04/2026,踱步,沙田,內圈,沙田 內圈,,,,,,助手,,快踱兩圈,,內圈 快踱兩圈 (助手)
H120,02/04/2026,游水,沙田,,沙田,,,,,,,,游水,,
H120,02/04/2026,踱步,沙田,內圈,沙田 內圈,,,,,,助手,,倒快兩圈,,內圈 倒快兩圈 (助手)
H120,01/04/2026,踱步,沙田,飛機場,沙田 飛機場,,,,,,助手,,踱步,,飛機場 踱步 (助手)
H120,30/03/2026,踱步,沙田,內圈,沙田 內圈,,,,,,助手,,倒快兩圈,,內圈 倒快兩圈 (助手)
H120,29/03/2026,踱步,沙田,內圈,沙田 內圈,,,,,,黃智弘,,快踱一圈,,內圈 快踱一圈 (黃智弘)
H120,28/03/2026,游水,沙田,,沙田,,,,,,,,游水,,
H120,28/03/2026,踱步,沙田,內圈,沙田 內圈,,,,,,助手,,快踱兩圈,,內圈 快踱兩圈 (助手)
H120,27/03/2026,游水,沙田,,沙田,,,,,,,,游水,,
H120,27/03/2026,踱步,沙田,內圈,沙田 內圈,,,,,,助手,,快踱兩圈,,內圈 快踱兩圈 (助手)
H120,26/03/2026,游水,沙田,,沙田,,,,,,,,游水,,
H120,26/03/2026,踱步,沙田,內圈,沙田 內圈,,,,,,助手,,倒快兩圈,,內圈 倒快兩圈 (助手)
H120,25/03/2026,游水,沙田,,沙田,,,,,,,,游水,,
H120,25/03/2026,踱步,沙田,飛機場,沙田 飛機場,,,,,,助手,,踱步,,飛機場 踱步 (助手)
H120,24/03/2026,游水,沙田,,沙田,,,,,,,,游水,,
H120,22/03/2026,出賽,沙田,草地,沙田 草地,1400M,,,,,黃智弘,10/12,出賽,TT,1400M (黃智弘) (10/12)
H120,21/03/2026,踱步,沙田,內圈,沙田 內圈,,,,,,助手,,快踱兩圈,,內圈 快踱兩圈 (助手)
H120,20/03/2026,游水,沙田,,沙田,,,,,,,,游水,,
H120,20/03/2026,踱步,沙田,內圈,沙田 內圈,,,,,,助手,,快踱兩圈,,內圈 快踱兩圈 (助手)
H120,19/03/2026,游水,沙田,,沙田,,,,,,,,游水,,
H120,19/03/2026,踱步,沙田,內圈,沙田 內圈,,,,,,助手,,倒快兩圈,,內圈 倒快兩圈 (助手)
H120,18/03/2026,游水,沙田,,沙田,,,,,,,,游水,,
H120,18/03/2026,踱步,沙田,內圈,沙田 內圈,,,,,,助手,,快踱兩圈,,內圈 快踱兩圈 (助手)
H120,17/03/2026,游水,沙田,,沙田,,,,,,,,游水,,
H120,17/03/2026,踱步,沙田,內圈,沙田 內圈,,,,,,助手,,快踱兩圈,,內圈 快踱兩圈 (助手)
H120,16/03/2026,游水,沙田,,沙田,,,,,,,,游水,,
H120,16/03/2026,踱步,沙田,內圈,沙田 內圈,,,,,,助手,,倒快兩圈,,內圈 倒快兩圈 (助手)
H120,15/03/2026,游水,沙田,,沙田,,,,,,,,游水,,
H120,15/03/2026,踱步,沙田,內圈,沙田 內圈,,,,,,助手,,快踱一圈,,內圈 快踱一圈 (助手)
H120,14/03/2026,游水,沙田,,沙田,,,,,,,,游水,,
H120,14/03/2026,踱步,沙田,內圈,沙田 內圈,,,,,,助手,,快踱兩圈,,內圈 快踱兩圈 (助手)
H120,13/03/2026,游水,沙田,,沙田,,,,,,,,游水,,
H120,13/03/2026,踱步,沙田,內圈,沙田 內圈,,,,,,助手,,快踱兩圈,,內圈 快踱兩圈 (助手)
H120,12/03/2026,游水,沙田,,沙田,,,,,,,,游水,,
H120,12/03/2026,踱步,沙田,內圈,沙田 內圈,,,,,,助手,,倒快兩圈,,內圈 倒快兩圈 (助手)
H120,11/03/2026,游水,沙田,,沙田,,,,,,,,游水,,
H120,11/03/2026,踱步,沙田,內圈,沙田 內圈,,,,,,助手,,快踱一圈,,內圈 快踱一圈 (助手)
H120,10/03/2026,踱步,沙田,飛機場,沙田 飛機場,,,,,,助手,,踱步,,飛機場 踱步 (助手)
H120,08/03/2026,出賽,沙田,草地,沙田 草地,1400M,,,,,黃智弘,13/14,出賽,TT,1400M (黃智弘) (13/14)
H120,08/03/2026,踱步,沙田,飛機場,沙田 飛機場,,,,,,助手,,踱步,,飛機場 踱步 (助手)
H120,07/03/2026,踱步,沙田,內圈,沙田 內圈,,,,,,黃智弘,,快踱兩圈,,內圈 快踱兩圈 (黃智弘)
H120,06/03/2026,游水,沙田,,沙田,,,,,,,,游水,,
H120,06/03/2026,踱步,沙田,內圈,沙田 內圈,,,,,,助手,,快踱兩圈,,內圈 快踱兩圈 (助手)
H120,05/03/2026,游水,沙田,,沙田,,,,,,,,游水,,
H120,05/03/2026,踱步,沙田,內圈,沙田 內圈,,,,,,助手,,倒快兩圈,,內圈 倒快兩圈 (助手)
H120,04/03/2026,游水,沙田,,沙田,,,,,,,,游水,,
H120,04/03/2026,踱步,沙田,內圈,沙田 內圈,,,,,,助手,,快踱一圈,,內圈 快踱一圈 (助手)
H120,03/03/2026,游水,沙田,,沙田,,,,,,,,游水,,
H120,03/03/2026,踱步,沙田,內圈,沙田 內圈,,,,,,黃智弘,,快踱一圈,,內圈 快踱一圈 (黃智弘)
H120,02/03/2026,游水,沙田,,沙田,,,,,,,,游水,,
H120,02/03/2026,踱步,沙田,內圈,沙田 內圈,,,,,,助手,,倒快兩圈,,內圈 倒快兩圈 (助手)
H120,01/03/2026,游水,沙田,,沙田,,,,,,,,游水,,
H120,01/03/2026,踱步,沙田,內圈,沙田 內圈,,,,,,黃智弘,,快踱兩圈,,內圈 快踱兩圈 (黃智弘)
H120,28/02/2026,游水,沙田,,沙田,,,,,,,,游水,,
H120,28/02/2026,踱步,沙田,內圈,沙田 內圈,,,,,,助手,,快踱兩圈,,內圈 快踱兩圈 (助手)
H120,27/02/2026,游水,沙田,,沙田,,,,,,,,游水,,
H120,27/02/2026,踱步,沙田,內圈,沙田 內圈,,,,,,助手,,快踱兩圈,,內圈 快踱兩圈 (助手)
H120,26/02/2026,游水,沙田,,沙田,,,,,,,,游水,,
H120,26/02/2026,踱步,沙田,內圈,沙田 內圈,,,,,,助手,,倒快兩圈,,內圈 倒快兩圈 (助手)
H120,25/02/2026,游水,沙田,,沙田,,,,,,,,游水,,
H120,25/02/2026,踱步,沙田,內圈,沙田 內圈,,,,,,黃智弘,,快踱一圈,,內圈 快踱一圈 (黃智弘)
H120,24/02/2026,踱步,沙田,飛機場,沙田 飛機場,,,,,,黃智弘,,踱步,,飛機場 踱步 (黃智弘)
H120,22/02/2026,出賽,沙田,草地,沙田 草地,1400M,,,,,金誠剛,11/14,出賽,B-/TT,1400M (金誠剛) (11/14)
H120,21/02/2026,游水,沙田,,沙田,,,,,,,,游水,,
H120,21/02/2026,踱步,沙田,內圈,沙田 內圈,,,,,,助手,,快踱兩圈,,內圈 快踱兩圈 (助手)
H120,20/02/2026,游水,沙田,,沙田,,,,,,,,游水,,
H120,20/02/2026,踱步,沙田,內圈,沙田 內圈,,,,,,黃智弘,,快踱兩圈,,內圈 快踱兩圈 (黃智弘)
H120,19/02/2026,踱步,沙田,內圈,沙田 內圈,,,,,,黃智弘,,倒快兩圈,,內圈 倒快兩圈 (黃智弘)
H120,18/02/2026,踱步,沙田,飛機場,沙田 飛機場,,,,,,黃智弘,,踱步,,飛機場 踱步 (黃智弘)
H120,16/02/2026,游水,沙田,,沙田,,,,,,,,游水,,
H120,16/02/2026,踱步,沙田,內圈,沙田 內圈,,,,,,黃智弘,,倒快兩圈,,內圈 倒快兩圈 (黃智弘)
H120,15/02/2026,游水,沙田,,沙田,,,,,,,,游水,,
H120,15/02/2026,踱步,沙田,內圈,沙田 內圈,,,,,,助手,,快踱一圈,,內圈 快踱一圈 (助手)
H120,14/02/2026,踱步,沙田,內圈,沙田 內圈,,,,,,助手,,快踱一圈,,內圈 快踱一圈 (助手)
H120,13/02/2026,踱步,沙田,飛機場,沙田 飛機場,,,,,,助手,,踱步,,飛機場 踱步 (助手)
H120,11/02/2026,出賽,跑馬地,草地,跑馬地 草地,1650M,,,,,黃智弘,11/12,出賽,B/TT,1650M (黃智弘) (11/12)
H120,10/02/2026,游水,沙田,,沙田,,,,,,,,游水,,
H120,10/02/2026,踱步,沙田,內圈,沙田 內圈,,,,,,助手,,快踱兩圈,,內圈 快踱兩圈 (助手)
H120,09/02/2026,快操,沙田,全天候,沙田 全天候,,1.23.2,83.2,31.2 28.5 23.5,,助手,,快操,,31.2 28.5 23.5 (1.23.2) (助手)
H120,09/02/2026,踱步,沙田,飛機場,沙田 飛機場,,,,,,助手,,踱步,,飛機場 踱步 (助手)
H120,08/02/2026,游水,沙田,,沙田,,,,,,,,游水,,
H120,08/02/2026,踱步,沙田,內圈,沙田 內圈,,,,,,助手,,快踱一圈,,內圈 快踱一圈 (助手)
H120,07/02/2026,游水,沙田,,沙田,,,,,,,,游水,,
H120,07/02/2026,踱步,沙田,外圈,沙田 外圈,,,,,,助手,,快踱一圈,,外圈 快踱一圈 (助手)
H120,06/02/2026,游水,沙田,,沙田,,,,,,,,游水,,
H120,06/02/2026,踱步,沙田,內圈,沙田 內圈,,,,,,助手,,快踱兩圈,H,內圈 快踱兩圈 (助手)
H120,05/02/2026,游水,沙田,,沙田,,,,,,,,游水,,
H120,05/02/2026,踱步,沙田,內圈,沙田 內圈,,,,,,黃智弘,,倒快兩圈,H,內圈 倒快兩圈 (黃智弘)
H120,04/02/2026,快操,沙田,全天候,沙田 全天候,,1.19.6,79.6,30.5 25.8 23.3,,助手,,快操,,30.5 25.8 23.3 (1.19.6) (助手)
H120,03/02/2026,游水,沙田,,沙田,,,,,,,,游水,,
H120,03/02/2026,踱步,沙田,內圈,沙田 內圈,,,,,,助手,,快踱兩圈,H,內圈 快踱兩圈 (助手)
H120,02/02/2026,踱步,沙田,內圈,沙田 內圈,,,,,,助手,,倒快兩圈,H,內圈 倒快兩圈 (助手)
H120,01/02/2026,踱步,沙田,內圈,沙田 內圈,,,,,,助手,,快踱一圈,H,內圈 快踱一圈 (助手)
H120,31/01/2026,踱步,沙田,內圈,沙田 內圈,,,,,,助手,,快踱一圈,H,內圈 快踱一圈 (助手)
H120,30/01/2026,踱步,沙田,飛機場,沙田 飛機場,,,,,,助手,,踱步,H,飛機場 踱步 (助手)
H120,28/01/2026,踱步,沙田,內圈,沙田 內圈,,,,,,助手,,快踱兩圈,H,內圈 快踱兩圈 (助手)
H120,27/01/2026,游水,沙田,,沙田,,,,,,,,游水,,
H120,27/01/2026,踱步,沙田,內圈,沙田 內圈,,,,,,助手,,快踱兩圈,H,內圈 快踱兩圈 (助手)
H120,26/01/2026,游水,沙田,,沙田,,,,,,,,游水,,
H120,26/01/2026,踱步,沙田,內圈,沙田 內圈,,,,,,助手,,倒快兩圈,H,內圈 倒快兩圈 (助手)
H120,25/01/2026,踱步,沙田,內圈,沙田 內圈,,,,,,助手,,快踱一圈,H,內圈 快踱一圈 (助手)
H120,24/01/2026,游水,沙田,,沙田,,,,,,,,游水,,
H120,24/01/2026,踱步,沙田,內圈,沙田 內圈,,,,,,助手,,快踱一圈,H,內圈 快踱一圈 (助手)
H120,23/01/2026,踱步,沙田,飛機場,沙田 飛機場,,,,,,助手,,踱步,H,飛機場 踱步 (助手)
H120,21/01/2026,出賽,沙田,全天候,沙田 全天候,1200M,,,,,巴度,9/12,出賽,B2/TT,1200M (巴度) (9/12)
H120,20/01/2026,游水,沙田,,沙田,,,,,,,,游水,,
H120,20/01/2026,踱步,沙田,內圈,沙田 內圈,,,,,,黃智弘,,快踱兩圈,H,內圈 快踱兩圈 (黃智弘)
H120,19/01/2026,游水,沙田,,沙田,,,,,,,,游水,,
H120,19/01/2026,踱步,沙田,內圈,沙田 內圈,,,,,,黃智弘,,倒快兩圈,H,內圈 倒快兩圈 (黃智弘)
H120,18/01/2026,踱步,沙田,內圈,沙田 內圈,,,,,,助手,,快踱一圈,H,內圈 快踱一圈 (助手)
H120,17/01/2026,游水,沙田,,沙田,,,,,,,,游水,,
H120,17/01/2026,踱步,沙田,內圈,沙田 內圈,,,,,,黃智弘,,快踱兩圈,H,內圈 快踱兩圈 (黃智弘)
H120,16/01/2026,游水,沙田,,沙田,,,,,,,,游水,,
H120,16/01/2026,踱步,沙田,內圈,沙田 內圈,,,,,,黃智弘,,快踱兩圈,H,內圈 快踱兩圈 (黃智弘)
H120,15/01/2026,游水,沙田,,沙田,,,,,,,,游水,,
H120,15/01/2026,踱步,沙田,內圈,沙田 內圈,,,,,,助手,,倒快一圈,H,內圈 倒快一圈 (助手)
H120,13/01/2026,試閘,沙田,全天候,沙田 全天候,1200M,1.10.12,70.12,24.5 23.0 22.6,浪漫勇士,黃智弘,,第1組,PC,第1組 (黃智弘) 1200M 浪漫勇士 24.5 23.0 22.6 (1.10.12)
H120,13/01/2026,踱步,沙田,飛機場,沙田 飛機場,,,,,,助手,,踱步,H,飛機場 踱步 (助手)
H120,12/01/2026,游水,沙田,,沙田,,,,,,,,游水,,
H120,12/01/2026,踱步,沙田,內圈,沙田 內圈,,,,,,助手,,倒快兩圈,H,內圈 倒快兩圈 (助手)
H120,11/01/2026,踱步,沙田,外圈,沙田 外圈,,,,,,黃智弘,,快踱一圈,,外圈 快踱一圈 (黃智弘)
H120,10/01/2026,游水,沙田,,沙田,,,,,,,,游水,,
H120,10/01/2026,踱步,沙田,內圈,沙田 內圈,,,,,,助手,,快踱兩圈,H,內圈 快踱兩圈 (助手)
H120,09/01/2026,游水,沙田,,沙田,,,,,,,,游水,,
H120,09/01/2026,踱步,沙田,內圈,沙田 內圈,,,,,,黃智弘,,快踱兩圈,H,內圈 快踱兩圈 (黃智弘)
H120,08/01/2026,快操,沙田,草地,沙田 草地,,51.9,51.9,28.0 23.9,,黃智弘,,大千雄心,,28.0 23.9 (51.9) (黃智弘) 大千雄心
H120,07/01/2026,游水,沙田,,沙田,,,,,,,,游水,,
H120,07/01/2026,踱步,沙田,內圈,沙田 內圈,,,,,,黃智弘,,快踱兩圈,H,內圈 快踱兩圈 (黃智弘)
H120,06/01/2026,游水,沙田,,沙田,,,,,,,,游水,,
H120,06/01/2026,踱步,沙田,內圈,沙田 內圈,,,,,,黃智弘,,快踱兩圈,H,內圈 快踱兩圈 (黃智弘)
H120,05/01/2026,游水,沙田,,沙田,,,,,,,,游水,,
H120,05/01/2026,踱步,沙田,內圈,沙田 內圈,,,,,,黃智弘,,倒快兩圈,H,內圈 倒快兩圈 (黃智弘)
H120,04/01/2026,游水,沙田,,沙田,,,,,,,,游水,,
H120,04/01/2026,踱步,沙田,內圈,沙田 內圈,,,,,,助手,,快踱兩圈,H,內圈 快踱兩圈 (助手)
H120,03/01/2026,游水,沙田,,沙田,,,,,,,,游水,,
H120,03/01/2026,踱步,沙田,內圈,沙田 內圈,,,,,,助手,,快踱兩圈,H,內圈 快踱兩圈 (助手)
H120,02/01/2026,游水,沙田,,沙田,,,,,,,,游水,,
H120,02/01/2026,踱步,沙田,內圈,沙田 內圈,,,,,,黃智弘,,快踱兩圈,H,內圈 快踱兩圈 (黃智弘)
H120,01/01/2026,游水,沙田,,沙田,,,,,,,,游水,,
H120,01/01/2026,踱步,沙田,內圈,沙田 內圈,,,,,,黃智弘,,倒快兩圈,H,內圈 倒快兩圈 (黃智弘)
H120,31/12/2025,游水,沙田,,沙田,,,,,,,,游水,,
H120,31/12/2025,踱步,沙田,內圈,沙田 內圈,,,,,,助手,,快踱兩圈,H,內圈 快踱兩圈 (助手)
H120,30/12/2025,游水,沙田,,沙田,,,,,,,,游水,,
H120,30/12/2025,踱步,沙田,內圈,沙田 內圈,,,,,,助手,,快踱一圈,H,內圈 快踱一圈 (助手)
H120,29/12/2025,踱步,沙田,飛機場,沙田 飛機場,,,,,,黃智弘,,踱步,H,飛機場 踱步 (黃智弘)
H120,27/12/2025,出賽,沙田,全天候,沙田 全天候,1650M,,,,,黃智弘,12/14,出賽,TT,1650M (黃智弘) (12/14)
H120,26/12/2025,踱步,沙田,內圈,沙田 內圈,,,,,,助手,,快踱兩圈,H,內圈 快踱兩圈 (助手)
H120,25/12/2025,游水,沙田,,沙田,,,,,,,,游水,,
H120,25/12/2025,踱步,沙田,內圈,沙田 內圈,,,,,,助手,,倒快兩圈,H,內圈 倒快兩圈 (助手)
H120,24/12/2025,快操,沙田,全天候,沙田 全天候,,1.26.2,86.2,30.5 29.5 26.2,,助手,,快操,,30.5 29.5 26.2 (1.26.2) (助手)
H120,23/12/2025,游水,沙田,,沙田,,,,,,,,游水,,
H120,23/12/2025,踱步,沙田,內圈,沙田 內圈,,,,,,黃智弘,,快踱兩圈,H,內圈 快踱兩圈 (黃智弘)
H120,22/12/2025,游水,沙田,,沙田,,,,,,,,游水,,
H120,22/12/2025,踱步,沙田,內圈,沙田 內圈,,,,,,黃智弘,,倒快兩圈,H,內圈 倒快兩圈 (黃智弘)
H120,21/12/2025,游水,沙田,,沙田,,,,,,,,游水,,
H120,21/12/2025,踱步,沙田,內圈,沙田 內圈,,,,,,黃智弘,,快踱一圈,H,內圈 快踱一圈 (黃智弘)
H120,20/12/2025,踱步,沙田,內圈,沙田 內圈,,,,,,助手,,快踱兩圈,H,內圈 快踱兩圈 (助手)
H120,19/12/2025,游水,沙田,,沙田,,,,,,,,游水,,
H120,19/12/2025,踱步,沙田,內圈,沙田 內圈,,,,,,助手,,快踱兩圈,H,內圈 快踱兩圈 (助手)
H120,18/12/2025,游水,沙田,,沙田,,,,,,,,游水,,
H120,18/12/2025,踱步,沙田,內圈,沙田 內圈,,,,,,助手,,倒快兩圈,H,內圈 倒快兩圈 (助手)
H120,16/12/2025,試閘,沙田,全天候,沙田 全天候,1200M,1.10.54,70.54,24.2 23.1 23.2,哈羅威,黃智弘,,第8組,,第8組 (黃智弘) 1200M 哈羅威 24.2 23.1 23.2 (1.10.54)
H120,16/12/2025,踱步,沙田,飛機場,沙田 飛機場,,,,,,助手,,踱步,H,飛機場 踱步 (助手)
H120,15/12/2025,游水,沙田,,沙田,,,,,,,,游水,,
H120,15/12/2025,踱步,沙田,內圈,沙田 內圈,,,,,,助手,,倒快兩圈,H,內圈 倒快兩圈 (助手)
H120,14/12/2025,游水,沙田,,沙田,,,,,,,,游水,,
H120,14/12/2025,踱步,沙田,內圈,沙田 內圈,,,,,,助手,,快踱兩圈,H,內圈 快踱兩圈 (助手)
H120,13/12/2025,游水,沙田,,沙田,,,,,,,,游水,,
H120,13/12/2025,踱步,沙田,內圈,沙田 內圈,,,,,,助手,,快踱一圈,H,內圈 快踱一圈 (助手)
H120,12/12/2025,游水,沙田,,沙田,,,,,,,,游水,,
H120,12/12/2025,踱步,沙田,內圈,沙田 內圈,,,,,,助手,,快踱兩圈,H,內圈 快踱兩圈 (助手)
H120,11/12/2025,游水,從化,,從化,,,,,,,,游水,,
H120,11/12/2025,踱步,從化,內圈,從化 內圈,,,,,,助手,,倒快兩圈,H,內圈 倒快兩圈 (助手)
H120,10/12/2025,馬匹水中步行機,從化,,從化,,,,,,,,馬匹水中步行機,,
H120,10/12/2025,游水,從化,,從化,,,,,,,,游水,,
H120,10/12/2025,踱步,從化,內圈,從化 內圈,,,,,,助手,,快踱兩圈,H,內圈 快踱兩圈 (助手)
H120,09/12/2025,馬匹水中步行機,從化,,從化,,,,,,,,馬匹水中步行機,,
H120,09/12/2025,游水,從化,,從化,,,,,,,,游水,,
H120,09/12/2025,踱步,從化,內圈,從化 內圈,,,,,,助手,,快踱兩圈,H,內圈 快踱兩圈 (助手)
H120,08/12/2025,馬匹水中步行機,從化,,從化,,,,,,,,馬匹水中步行機,,
H120,08/12/2025,游水,從化,,從化,,,,,,,,游水,,
H120,08/12/2025,踱步,從化,內圈,從化 內圈,,,,,,助手,,倒快兩圈,H,內圈 倒快兩圈 (助手)
H120,07/12/2025,馬匹水中步行機,從化,,從化,,,,,,,,馬匹水中步行機,,
H120,07/12/2025,游水,從化,,從化,,,,,,,,游水,,
H120,07/12/2025,踱步,從化,內圈,從化 內圈,,,,,,助手,,快踱一圈,H,內圈 快踱一圈 (助手)
H120,06/12/2025,馬匹水中步行機,從化,,從化,,,,,,,,馬匹水中步行機,,
H120,05/12/2025,試閘,從化,草地,從化 草地,1200M,1.12.56,72.56,26.0 23.4 23.1,火焰閃爍,陳嘉熙,,第2組,,第2組 (陳嘉熙) 1200M 火焰閃爍 26.0 23.4 23.1 (1.12.56)
H120,04/12/2025,馬匹水中步行機,從化,,從化,,,,,,,,馬匹水中步行機,,
H120,04/12/2025,游水,從化,,從化,,,,,,,,游水,,
H120,04/12/2025,踱步,從化,內圈,從化 內圈,,,,,,助手,,倒快兩圈,H,內圈 倒快兩圈 (助手)
H120,03/12/2025,馬匹水中步行機,從化,,從化,,,,,,,,馬匹水中步行機,,
H120,03/12/2025,游水,從化,,從化,,,,,,,,游水,,
H120,03/12/2025,踱步,從化,內圈,從化 內圈,,,,,,助手,,快踱兩圈,H,內圈 快踱兩圈 (助手)
H120,02/12/2025,馬匹水中步行機,從化,,從化,,,,,,,,馬匹水中步行機,,
H120,02/12/2025,游水,從化,,從化,,,,,,,,游水,,
H120,02/12/2025,快操,從化,草地,從化 草地,,1.27.8,87.8,31.0 30.5 26.3,,助手,,舞林密碼,H/P,31.0 30.5 26.3 (1.27.8) (助手) 舞林密碼
H120,02/12/2025,踱步,從化,飛機場,從化 飛機場,,,,,,助手,,踱步,H/P,飛機場 踱步 (助手)
H120,01/12/2025,馬匹水中步行機,從化,,從化,,,,,,,,馬匹水中步行機,,
H120,01/12/2025,游水,從化,,從化,,,,,,,,游水,,
H120,01/12/2025,踱步,從化,內圈,從化 內圈,,,,,,助手,,倒快兩圈,H,內圈 倒快兩圈 (助手)
H120,30/11/2025,馬匹水中步行機,從化,,從化,,,,,,,,馬匹水中步行機,,
H120,30/11/2025,游水,從化,,從化,,,,,,,,游水,,
H120,30/11/2025,踱步,從化,內圈,從化 內圈,,,,,,助手,,快踱一圈,H,內圈 快踱一圈 (助手)
H120,29/11/2025,馬匹水中步行機,從化,,從化,,,,,,,,馬匹水中步行機,,
H120,29/11/2025,游水,從化,,從化,,,,,,,,游水,,
H120,29/11/2025,快操,從化,草地,從化 草地,,1.27.0,87.0,32.5 27.8 26.7,,助手,,快操,H/P,32.5 27.8 26.7 (1.27.0) (助手)
H120,29/11/2025,踱步,從化,飛機場,從化 飛機場,,,,,,助手,,踱步,H/P,飛機場 踱步 (助手)
H120,28/11/2025,馬匹水中步行機,從化,,從化,,,,,,,,馬匹水中步行機,,
H120,28/11/2025,游水,從化,,從化,,,,,,,,游水,,
H120,28/11/2025,踱步,從化,內圈,從化 內圈,,,,,,助手,,快踱兩圈,H,內圈 快踱兩圈 (助手)
H120,27/11/2025,馬匹水中步行機,從化,,從化,,,,,,,,馬匹水中步行機,,
H120,27/11/2025,游水,從化,,從化,,,,,,,,游水,,
H120,27/11/2025,踱步,從化,內圈,從化 內圈,,,,,,助手,,倒快兩圈,H,內圈 倒快兩圈 (助手)
H120,26/11/2025,馬匹水中步行機,從化,,從化,,,,,,,,馬匹水中步行機,,
H120,26/11/2025,游水,從化,,從化,,,,,,,,游水,,
H120,26/11/2025,踱步,從化,內圈,從化 內圈,,,,,,助手,,快踱兩圈,H,內圈 快踱兩圈 (助手)
H120,25/11/2025,馬匹水中步行機,從化,,從化,,,,,,,,馬匹水中步行機,,
H120,25/11/2025,游水,從化,,從化,,,,,,,,游水,,
H120,25/11/2025,踱步,從化,內圈,從化 內圈,,,,,,助手,,快踱兩圈,H,內圈 快踱兩圈 (助手)
H120,24/11/2025,馬匹水中步行機,從化,,從化,,,,,,,,馬匹水中步行機,,
H120,24/11/2025,游水,從化,,從化,,,,,,,,游水,,
H120,24/11/2025,踱步,從化,內圈,從化 內圈,,,,,,助手,,倒快兩圈,H,內圈 倒快兩圈 (助手)
H120,23/11/2025,馬匹水中步行機,從化,,從化,,,,,,,,馬匹水中步行機,,
H120,23/11/2025,游水,從化,,從化,,,,,,,,游水,,
H120,23/11/2025,踱步,從化,內圈,從化 內圈,,,,,,助手,,快踱一圈,H,內圈 快踱一圈 (助手)
H120,22/11/2025,馬匹水中步行機,從化,,從化,,,,,,,,馬匹水中步行機,,
H120,21/11/2025,試閘,從化,草地,從化 草地,1000M,0.57.55,57.55,13.3 20.8 23.4,開心樂園,陳嘉熙,,第6組,,第6組 (陳嘉熙) 1000M 開心樂園 13.3 20.8 23.4 (0.57.55)
H120,20/11/2025,馬匹水中步行機,從化,,從化,,,,,,,,馬匹水中步行機,,
H120,20/11/2025,游水,從化,,從化,,,,,,,,游水,,
H120,20/11/2025,踱步,從化,內圈,從化 內圈,,,,,,助手,,倒快兩圈,H,內圈 倒快兩圈 (助手)
H120,19/11/2025,馬匹水中步行機,從化,,從化,,,,,,,,馬匹水中步行機,,
H120,19/11/2025,踱步,從化,內圈,從化 內圈,,,,,,助手,,快踱兩圈,H,內圈 快踱兩圈 (助手)
H120,18/11/2025,馬匹水中步行機,從化,,從化,,,,,,,,馬匹水中步行機,,
H120,18/11/2025,游水,從化,,從化,,,,,,,,游水,,
H120,18/11/2025,快操,從化,草地,從化 草地,,1.22.3,82.3,29.2 27.3 25.8,,助手,,快操,H/P,29.2 27.3 25.8 (1.22.3) (助手)
H120,18/11/2025,踱步,從化,飛機場,從化 飛機場,,,,,,助手,,踱步,H/P,飛機場 踱步 (助手)
H120,17/11/2025,馬匹水中步行機,從化,,從化,,,,,,,,馬匹水中步行機,,
H120,17/11/2025,游水,從化,,從化,,,,,,,,游水,,
H120,17/11/2025,踱步,從化,內圈,從化 內圈,,,,,,助手,,倒快兩圈,H,內圈 倒快兩圈 (助手)
H120,16/11/2025,馬匹水中步行機,從化,,從化,,,,,,,,馬匹水中步行機,,
H120,16/11/2025,游水,從化,,從化,,,,,,,,游水,,
H120,16/11/2025,踱步,從化,內圈,從化 內圈,,,,,,助手,,快踱一圈,H,內圈 快踱一圈 (助手)
H120,15/11/2025,馬匹水中步行機,從化,,從化,,,,,,,,馬匹水中步行機,,
H120,15/11/2025,游水,從化,,從化,,,,,,,,游水,,
H120,15/11/2025,快操,從化,登山跑道,從化 登山跑道,,53.6,53.6,28.4 25.2,,助手,,快操,H/P,28.4 25.2 (53.6) (助手)
H120,15/11/2025,踱步,從化,飛機場,從化 飛機場,,,,,,助手,,踱步,H/P,飛機場 踱步 (助手)
H120,14/11/2025,馬匹水中步行機,從化,,從化,,,,,,,,馬匹水中步行機,,
H120,14/11/2025,游水,從化,,從化,,,,,,,,游水,,
H120,14/11/2025,踱步,從化,內圈,從化 內圈,,,,,,助手,,快踱兩圈,H,內圈 快踱兩圈 (助手)
H120,13/11/2025,馬匹水中步行機,從化,,從化,,,,,,,,馬匹水中步行機,,
H120,13/11/2025,游水,從化,,從化,,,,,,,,游水,,
H120,13/11/2025,踱步,從化,內圈,從化 內圈,,,,,,助手,,倒快兩圈,H,內圈 倒快兩圈 (助手)
H120,12/11/2025,馬匹水中步行機,從化,,從化,,,,,,,,馬匹水中步行機,,
H120,12/11/2025,游水,從化,,從化,,,,,,,,游水,,
H120,12/11/2025,快操,從化,登山跑道,從化 登山跑道,,59.0,59.0,31.2 27.8,,助手,,快操,H/P,31.2 27.8 (59.0) (助手)
H120,12/11/2025,踱步,從化,飛機場,從化 飛機場,,,,,,助手,,踱步,H/P,飛機場 踱步 (助手)
H120,11/11/2025,馬匹水中步行機,從化,,從化,,,,,,,,馬匹水中步行機,,
H120,11/11/2025,游水,從化,,從化,,,,,,,,游水,,
H120,11/11/2025,踱步,從化,內圈,從化 內圈,,,,,,助手,,快踱兩圈,H,內圈 快踱兩圈 (助手)
H120,10/11/2025,馬匹水中步行機,從化,,從化,,,,,,,,馬匹水中步行機,,
H120,10/11/2025,游水,從化,,從化,,,,,,,,游水,,
H120,10/11/2025,踱步,從化,內圈,從化 內圈,,,,,,助手,,倒快兩圈,H,內圈 倒快兩圈 (助手)
H120,09/11/2025,馬匹水中步行機,從化,,從化,,,,,,,,馬匹水中步行機,,
H120,09/11/2025,游水,從化,,從化,,,,,,,,游水,,
H120,09/11/2025,踱步,從化,內圈,從化 內圈,,,,,,助手,,快踱一圈,H,內圈 快踱一圈 (助手)
H120,08/11/2025,馬匹水中步行機,從化,,從化,,,,,,,,馬匹水中步行機,,
H120,08/11/2025,游水,從化,,從化,,,,,,,,游水,,
H120,08/11/2025,快操,從化,登山跑道,從化 登山跑道,,1.00.2,60.2,30.3 29.9,,助手,,快操,H/P,30.3 29.9 (1.00.2) (助手)
H120,08/11/2025,踱步,從化,飛機場,從化 飛機場,,,,,,助手,,踱步,H/P,飛機場 踱步 (助手)
H120,07/11/2025,馬匹水中步行機,從化,,從化,,,,,,,,馬匹水中步行機,,
H120,07/11/2025,游水,從化,,從化,,,,,,,,游水,,
H120,07/11/2025,踱步,從化,內圈,從化 內圈,,,,,,助手,,快踱兩圈,H,內圈 快踱兩圈 (助手)
H120,06/11/2025,馬匹水中步行機,從化,,從化,,,,,,,,馬匹水中步行機,,
H120,06/11/2025,游水,從化,,從化,,,,,,,,游水,,
H120,06/11/2025,踱步,從化,內圈,從化 內圈,,,,,,助手,,倒快兩圈,H,內圈 倒快兩圈 (助手)
H120,05/11/2025,馬匹水中步行機,從化,,從化,,,,,,,,馬匹水中步行機,,
H120,05/11/2025,游水,從化,,從化,,,,,,,,游水,,
H120,05/11/2025,踱步,從化,內圈,從化 內圈,,,,,,助手,,快踱兩圈,H,內圈 快踱兩圈 (助手)
H120,04/11/2025,馬匹水中步行機,從化,,從化,,,,,,,,馬匹水中步行機,,
H120,04/11/2025,游水,從化,,從化,,,,,,,,游水,,
H120,04/11/2025,踱步,從化,內圈,從化 內圈,,,,,,助手,,快踱兩圈,H,內圈 快踱兩圈 (助手)
H120,03/11/2025,馬匹水中步行機,從化,,從化,,,,,,,,馬匹水中步行機,,
H120,03/11/2025,游水,從化,,從化,,,,,,,,游水,,
H120,03/11/2025,踱步,從化,內圈,從化 內圈,,,,,,助手,,倒快兩圈,H,內圈 倒快兩圈 (助手)
H120,02/11/2025,馬匹水中步行機,從化,,從化,,,,,,,,馬匹水中步行機,,
H120,02/11/2025,游水,從化,,從化,,,,,,,,游水,,
H120,02/11/2025,踱步,從化,內圈,從化 內圈,,,,,,助手,,快踱一圈,H,內圈 快踱一圈 (助手)
H120,01/11/2025,馬匹水中步行機,從化,,從化,,,,,,,,馬匹水中步行機,,
H120,01/11/2025,游水,從化,,從化,,,,,,,,游水,,
H120,01/11/2025,踱步,從化,內圈,從化 內圈,,,,,,助手,,快踱兩圈,H,內圈 快踱兩圈 (助手)
H120,31/10/2025,馬匹水中步行機,從化,,從化,,,,,,,,馬匹水中步行機,,
H120,31/10/2025,游水,從化,,從化,,,,,,,,游水,,
H120,31/10/2025,踱步,從化,內圈,從化 內圈,,,,,,助手,,快踱兩圈,H,內圈 快踱兩圈 (助手)
H120,30/10/2025,馬匹水中步行機,從化,,從化,,,,,,,,馬匹水中步行機,,
H120,30/10/2025,游水,從化,,從化,,,,,,,,游水,,
H120,30/10/2025,踱步,從化,內圈,從化 內圈,,,,,,助手,,倒快兩圈,H,內圈 倒快兩圈 (助手)
H120,29/10/2025,馬匹水中步行機,從化,,從化,,,,,,,,馬匹水中步行機,,
H120,29/10/2025,游水,從化,,從化,,,,,,,,游水,,
H120,29/10/2025,踱步,從化,內圈,從化 內圈,,,,,,助手,,快踱兩圈,H,內圈 快踱兩圈 (助手)
H120,28/10/2025,馬匹水中步行機,從化,,從化,,,,,,,,馬匹水中步行機,,
H120,28/10/2025,游水,從化,,從化,,,,,,,,游水,,
H120,28/10/2025,踱步,從化,內圈,從化 內圈,,,,,,助手,,快踱一圈,H,內圈 快踱一圈 (助手)
H120,27/10/2025,馬匹水中步行機,從化,,從化,,,,,,,,馬匹水中步行機,,
H120,27/10/2025,游水,從化,,從化,,,,,,,,游水,,
H120,27/10/2025,踱步,從化,內圈,從化 內圈,,,,,,助手,,倒快兩圈,H,內圈 倒快兩圈 (助手)
H120,26/10/2025,馬匹水中步行機,從化,,從化,,,,,,,,馬匹水中步行機,,
H120,26/10/2025,游水,從化,,從化,,,,,,,,游水,,
H120,26/10/2025,踱步,從化,內圈,從化 內圈,,,,,,助手,,快踱一圈,H,內圈 快踱一圈 (助手)
H120,25/10/2025,馬匹水中步行機,從化,,從化,,,,,,,,馬匹水中步行機,,
H120,25/10/2025,游水,從化,,從化,,,,,,,,游水,,
H120,25/10/2025,踱步,從化,內圈,從化 內圈,,,,,,助手,,快踱兩圈,H,內圈 快踱兩圈 (助手)
H120,24/10/2025,馬匹水中步行機,從化,,從化,,,,,,,,馬匹水中步行機,,
H120,24/10/2025,游水,從化,,從化,,,,,,,,游水,,
H120,24/10/2025,踱步,從化,內圈,從化 內圈,,,,,,助手,,快踱兩圈,H,內圈 快踱兩圈 (助手)
H120,23/10/2025,馬匹水中步行機,從化,,從化,,,,,,,,馬匹水中步行機,,
H120,23/10/2025,踱步,從化,內圈,從化 內圈,,,,,,助手,,倒快一圈,H,內圈 倒快一圈 (助手)
H120,22/10/2025,踱步,從化,內圈,從化 內圈,,,,,,助手,,快踱一圈,H,內圈 快踱一圈 (助手)
H120,21/10/2025,踱步,從化,飛機場,從化 飛機場,,,,,,助手,,踱步,H,飛機場 踱步 (助手)
H120,20/10/2025,踱步,從化,飛機場,從化 飛機場,,,,,,助手,,踱步,,飛機場 踱步 (助手)
H120,19/10/2025,踱步,從化,飛機場,從化 飛機場,,,,,,助手,,踱步,H,飛機場 踱步 (助手)
H120,18/10/2025,踱步,從化,飛機場,從化 飛機場,,,,,,助手,,踱步,H,飛機場 踱步 (助手)
H120,17/10/2025,踱步,從化,飛機場,從化 飛機場,,,,,,助手,,踱步,H,飛機場 踱步 (助手)
H120,16/10/2025,踱步,從化,飛機場,從化 飛機場,,,,,,助手,,踱步,H,飛機場 踱步 (助手)
H120,15/10/2025,踱步,從化,飛機場,從化 飛機場,,,,,,助手,,踱步,H,飛機場 踱步 (助手)
H120,09/10/2025,馬匹水中步行機,從化,,從化,,,,,,,,馬匹水中步行機,,
H120,09/10/2025,游水,從化,,從化,,,,,,,,游水,,
H120,09/10/2025,踱步,從化,內圈,從化 內圈,,,,,,助手,,倒快兩圈,H,內圈 倒快兩圈 (助手)
H120,08/10/2025,馬匹水中步行機,從化,,從化,,,,,,,,馬匹水中步行機,,
H120,08/10/2025,游水,從化,,從化,,,,,,,,游水,,
H120,08/10/2025,踱步,從化,內圈,從化 內圈,,,,,,助手,,快踱兩圈,H,內圈 快踱兩圈 (助手)
H120,07/10/2025,馬匹水中步行機,從化,,從化,,,,,,,,馬匹水中步行機,,
H120,07/10/2025,游水,從化,,從化,,,,,,,,游水,,
H120,07/10/2025,踱步,從化,內圈,從化 內圈,,,,,,助手,,快踱兩圈,H,內圈 快踱兩圈 (助手)
H120,06/10/2025,馬匹水中步行機,從化,,從化,,,,,,,,馬匹水中步行機,,
H120,06/10/2025,游水,從化,,從化,,,,,,,,游水,,
H120,06/10/2025,快操,從化,草地,從化 草地,,1.23.3,83.3,29.4 28.6 25.3,,助手,,快操,H/P,29.4 28.6 25.3 (1.23.3) (助手)
H120,06/10/2025,踱步,從化,飛機場,從化 飛機場,,,,,,助手,,踱步,H/P,飛機場 踱步 (助手)
H120,05/10/2025,游水,從化,,從化,,,,,,,,游水,,
H120,05/10/2025,踱步,從化,內圈,從化 內圈,,,,,,助手,,快踱一圈,H,內圈 快踱一圈 (助手)
H120,04/10/2025,游水,從化,,從化,,,,,,,,游水,,
H120,04/10/2025,踱步,從化,內圈,從化 內圈,,,,,,助手,,快踱兩圈,H,內圈 快踱兩圈 (助手)
H120,03/10/2025,游水,從化,,從化,,,,,,,,游水,,
H120,03/10/2025,踱步,從化,內圈,從化 內圈,,,,,,助手,,快踱兩圈,H,內圈 快踱兩圈 (助手)
H120,02/10/2025,游水,從化,,從化,,,,,,,,游水,,
H120,02/10/2025,踱步,從化,內圈,從化 內圈,,,,,,助手,,倒快兩圈,H,內圈 倒快兩圈 (助手)
H120,01/10/2025,游水,從化,,從化,,,,,,,,游水,,
H120,01/10/2025,踱步,從化,內圈,從化 內圈,,,,,,助手,,快踱兩圈,H,內圈 快踱兩圈 (助手)
H120,30/09/2025,游水,從化,,從化,,,,,,,,游水,,
H120,30/09/2025,快操,從化,登山跑道,從化 登山跑道,,53.7,53.7,28.2 25.5,,助手,,快操,H/P,28.2 25.5 (53.7) (助手)
H120,30/09/2025,踱步,從化,飛機場,從化 飛機場,,,,,,助手,,踱步,H/P,飛機場 踱步 (助手)
H120,29/09/2025,游水,從化,,從化,,,,,,,,游水,,
H120,29/09/2025,踱步,從化,內圈,從化 內圈,,,,,,助手,,倒快兩圈,H,內圈 倒快兩圈 (助手)
H120,28/09/2025,游水,從化,,從化,,,,,,,,游水,,
H120,28/09/2025,踱步,從化,內圈,從化 內圈,,,,,,助手,,快踱一圈,H,內圈 快踱一圈 (助手)
H120,27/09/2025,游水,從化,,從化,,,,,,,,游水,,
H120,27/09/2025,快操,從化,登山跑道,從化 登山跑道,,53.5,53.5,28.2 25.3,,助手,,快操,H,28.2 25.3 (53.5) (助手)
H120,27/09/2025,踱步,從化,飛機場,從化 飛機場,,,,,,助手,,踱步,H,飛機場 踱步 (助手)
H120,26/09/2025,游水,從化,,從化,,,,,,,,游水,,
H120,26/09/2025,踱步,從化,內圈,從化 內圈,,,,,,助手,,快踱兩圈,H,內圈 快踱兩圈 (助手)
H120,25/09/2025,游水,從化,,從化,,,,,,,,游水,,
H120,25/09/2025,踱步,從化,飛機場,從化 飛機場,,,,,,助手,,踱步,,飛機場 踱步 (助手)
H120,23/09/2025,游水,從化,,從化,,,,,,,,游水,,
H120,23/09/2025,快操,從化,登山跑道,從化 登山跑道,,54.6,54.6,28.2 26.4,,助手,,快操,H,28.2 26.4 (54.6) (助手)
H120,23/09/2025,踱步,從化,飛機場,從化 飛機場,,,,,,助手,,踱步,H,飛機場 踱步 (助手)
H120,22/09/2025,游水,從化,,從化,,,,,,,,游水,,
H120,22/09/2025,踱步,從化,內圈,從化 內圈,,,,,,助手,,倒快兩圈,H,內圈 倒快兩圈 (助手)
H120,21/09/2025,游水,從化,,從化,,,,,,,,游水,,
H120,21/09/2025,踱步,從化,內圈,從化 內圈,,,,,,助手,,快踱一圈,H,內圈 快踱一圈 (助手)
H120,20/09/2025,游水,從化,,從化,,,,,,,,游水,,
H120,20/09/2025,踱步,從化,內圈,從化 內圈,,,,,,助手,,快踱兩圈,H,內圈 快踱兩圈 (助手)
H120,19/09/2025,游水,從化,,從化,,,,,,,,游水,,
H120,19/09/2025,踱步,從化,內圈,從化 內圈,,,,,,助手,,快踱兩圈,H,內圈 快踱兩圈 (助手)
H120,18/09/2025,游水,從化,,從化,,,,,,,,游水,,
H120,18/09/2025,踱步,從化,內圈,從化 內圈,,,,,,助手,,倒快兩圈,H,內圈 倒快兩圈 (助手)
H120,17/09/2025,游水,從化,,從化,,,,,,,,游水,,
H120,17/09/2025,快操,從化,登山跑道,從化 登山跑道,,58.5,58.5,30.5 28.0,,助手,,快操,H,30.5 28.0 (58.5) (助手)
H120,16/09/2025,游水,從化,,從化,,,,,,,,游水,,
H120,16/09/2025,踱步,從化,內圈,從化 內圈,,,,,,助手,,快踱兩圈,H,內圈 快踱兩圈 (助手)
H120,15/09/2025,游水,從化,,從化,,,,,,,,游水,,
H120,15/09/2025,踱步,從化,內圈,從化 內圈,,,,,,助手,,倒快兩圈,H,內圈 倒快兩圈 (助手)
H120,14/09/2025,游水,從化,,從化,,,,,,,,游水,,
H120,14/09/2025,踱步,從化,內圈,從化 內圈,,,,,,助手,,快踱一圈,H,內圈 快踱一圈 (助手)
H120,13/09/2025,游水,從化,,從化,,,,,,,,游水,,
H120,13/09/2025,快操,從化,登山跑道,從化 登山跑道,,55.9,55.9,28.9 27.0,,助手,,快操,H,28.9 27.0 (55.9) (助手)
H120,13/09/2025,踱步,從化,飛機場,從化 飛機場,,,,,,助手,,踱步,H,飛機場 踱步 (助手)
H120,12/09/2025,游水,從化,,從化,,,,,,,,游水,,
H120,12/09/2025,踱步,從化,內圈,從化 內圈,,,,,,助手,,快踱兩圈,H,內圈 快踱兩圈 (助手)
H120,11/09/2025,游水,從化,,從化,,,,,,,,游水,,
H120,11/09/2025,踱步,從化,內圈,從化 內圈,,,,,,助手,,倒快兩圈,H,內圈 倒快兩圈 (助手)
H120,10/09/2025,游水,從化,,從化,,,,,,,,游水,,
H120,10/09/2025,踱步,從化,內圈,從化 內圈,,,,,,助手,,快踱兩圈,H,內圈 快踱兩圈 (助手)
H120,09/09/2025,游水,從化,,從化,,,,,,,,游水,,
H120,09/09/2025,踱步,從化,內圈,從化 內圈,,,,,,助手,,快踱兩圈,H,內圈 快踱兩圈 (助手)
H120,08/09/2025,游水,從化,,從化,,,,,,,,游水,,
H120,08/09/2025,踱步,從化,內圈,從化 內圈,,,,,,助手,,倒快兩圈,H,內圈 倒快兩圈 (助手)
H120,07/09/2025,游水,從化,,從化,,,,,,,,游水,,
H120,07/09/2025,踱步,從化,內圈,從化 內圈,,,,,,助手,,快踱一圈,H,內圈 快踱一圈 (助手)
H120,06/09/2025,游水,從化,,從化,,,,,,,,游水,,
H120,06/09/2025,踱步,從化,內圈,從化 內圈,,,,,,助手,,快踱兩圈,H,內圈 快踱兩圈 (助手)
H120,05/09/2025,游水,從化,,從化,,,,,,,,游水,,
H120,05/09/2025,踱步,從化,內圈,從化 內圈,,,,,,助手,,快踱兩圈,H,內圈 快踱兩圈 (助手)
H120,04/09/2025,游水,從化,,從化,,,,,,,,游水,,
H120,04/09/2025,踱步,從化,內圈,從化 內圈,,,,,,助手,,倒快兩圈,H,內圈 倒快兩圈 (助手)
H120,03/09/2025,游水,從化,,從化,,,,,,,,游水,,
H120,03/09/2025,踱步,從化,內圈,從化 內圈,,,,,,助手,,快踱兩圈,H,內圈 快踱兩圈 (助手)
H120,02/09/2025,游水,從化,,從化,,,,,,,,游水,,
H120,02/09/2025,踱步,從化,內圈,從化 內圈,,,,,,助手,,快踱一圈,H,內圈 快踱一圈 (助手)
H120,01/09/2025,游水,從化,,從化,,,,,,,,游水,,
H120,01/09/2025,踱步,從化,內圈,從化 內圈,,,,,,助手,,倒快一圈,H,內圈 倒快一圈 (助手)
H120,31/08/2025,游水,從化,,從化,,,,,,,,游水,,
H120,31/08/2025,踱步,從化,內圈,從化 內圈,,,,,,助手,,快踱一圈,H,內圈 快踱一圈 (助手)
H120,30/08/2025,游水,從化,,從化,,,,,,,,游水,,
H120,30/08/2025,踱步,從化,內圈,從化 內圈,,,,,,助手,,快踱一圈,H,內圈 快踱一圈 (助手)
H120,29/08/2025,游水,從化,,從化,,,,,,,,游水,,
H120,29/08/2025,踱步,從化,內圈,從化 內圈,,,,,,助手,,快踱一圈,H,內圈 快踱一圈 (助手)
H120,28/08/2025,游水,從化,,從化,,,,,,,,游水,,
H120,28/08/2025,踱步,從化,內圈,從化 內圈,,,,,,助手,,倒快一圈,H,內圈 倒快一圈 (助手)
H120,27/08/2025,游水,從化,,從化,,,,,,,,游水,,
H120,27/08/2025,踱步,從化,飛機場,從化 飛機場,,,,,,助手,,踱步,H,飛機場 踱步 (助手)
H120,26/08/2025,游水,從化,,從化,,,,,,,,游水,,
H120,26/08/2025,踱步,從化,飛機場,從化 飛機場,,,,,,助手,,踱步,H,飛機場 踱步 (助手)
H120,25/08/2025,游水,從化,,從化,,,,,,,,游水,,
H120,25/08/2025,踱步,從化,飛機場,從化 飛機場,,,,,,助手,,踱步,H,飛機場 踱步 (助手)
H120,24/08/2025,游水,從化,,從化,,,,,,,,游水,,
H120,24/08/2025,踱步,從化,飛機場,從化 飛機場,,,,,,助手,,踱步,H,飛機場 踱步 (助手)
H120,23/08/2025,游水,從化,,從化,,,,,,,,游水,,
H120,23/08/2025,踱步,從化,飛機場,從化 飛機場,,,,,,助手,,踱步,,飛機場 踱步 (助手)
H120,22/08/2025,游水,從化,,從化,,,,,,,,游水,,
H120,22/08/2025,踱步,從化,飛機場,從化 飛機場,,,,,,助手,,踱步,,飛機場 踱步 (助手)
H120,21/08/2025,游水,從化,,從化,,,,,,,,游水,,
H120,21/08/2025,踱步,從化,飛機場,從化 飛機場,,,,,,助手,,踱步,H,飛機場 踱步 (助手)
H120,20/08/2025,游水,從化,,從化,,,,,,,,游水,,
H120,20/08/2025,踱步,從化,飛機場,從化 飛機場,,,,,,助手,,踱步,H,飛機場 踱步 (助手)
H120,19/08/2025,游水,從化,,從化,,,,,,,,游水,,
H120,19/08/2025,踱步,從化,飛機場,從化 飛機場,,,,,,助手,,踱步,,飛機場 踱步 (助手)
H120,18/08/2025,游水,從化,,從化,,,,,,,,游水,,
H120,18/08/2025,踱步,從化,飛機場,從化 飛機場,,,,,,助手,,踱步,,飛機場 踱步 (助手)
H120,17/08/2025,游水,從化,,從化,,,,,,,,游水,,
H120,17/08/2025,踱步,從化,飛機場,從化 飛機場,,,,,,助手,,踱步,H,飛機場 踱步 (助手)
H120,16/08/2025,游水,從化,,從化,,,,,,,,游水,,
H120,16/08/2025,踱步,從化,飛機場,從化 飛機場,,,,,,助手,,踱步,H,飛機場 踱步 (助手)
H120,15/08/2025,游水,從化,,從化,,,,,,,,游水,,
H120,15/08/2025,踱步,從化,飛機場,從化 飛機場,,,,,,助手,,踱步,H,飛機場 踱步 (助手)
H120,14/08/2025,游水,從化,,從化,,,,,,,,游水,,
H120,14/08/2025,踱步,從化,飛機場,從化 飛機場,,,,,,助手,,踱步,H,飛機場 踱步 (助手)
H120,13/08/2025,游水,從化,,從化,,,,,,,,游水,,
H120,13/08/2025,踱步,從化,飛機場,從化 飛機場,,,,,,助手,,踱步,H,飛機場 踱步 (助手)
H120,12/08/2025,游水,從化,,從化,,,,,,,,游水,,
H120,12/08/2025,踱步,從化,飛機場,從化 飛機場,,,,,,助手,,踱步,H,飛機場 踱步 (助手)
H120,11/08/2025,游水,從化,,從化,,,,,,,,游水,,
H120,11/08/2025,踱步,從化,飛機場,從化 飛機場,,,,,,助手,,踱步,H,飛機場 踱步 (助手)
H120,10/08/2025,游水,從化,,從化,,,,,,,,游水,,
H120,10/08/2025,踱步,從化,飛機場,從化 飛機場,,,,,,助手,,踱步,H,飛機場 踱步 (助手)
H120,09/08/2025,游水,從化,,從化,,,,,,,,游水,,
H120,09/08/2025,踱步,從化,飛機場,從化 飛機場,,,,,,助手,,踱步,,飛機場 踱步 (助手)
H120,08/08/2025,游水,從化,,從化,,,,,,,,游水,,
H120,08/08/2025,踱步,從化,飛機場,從化 飛機場,,,,,,助手,,踱步,H,飛機場 踱步 (助手)
H120,07/08/2025,游水,從化,,從化,,,,,,,,游水,,
H120,07/08/2025,踱步,從化,飛機場,從化 飛機場,,,,,,助手,,踱步,H,飛機場 踱步 (助手)
H120,06/08/2025,游水,從化,,從化,,,,,,,,游水,,
H120,06/08/2025,踱步,從化,飛機場,從化 飛機場,,,,,,助手,,踱步,H,飛機場 踱步 (助手)
H120,03/08/2025,游水,從化,,從化,,,,,,,,游水,,
H120,02/08/2025,游水,從化,,從化,,,,,,,,游水,,
H120,01/08/2025,游水,從化,,從化,,,,,,,,游水,,
H120,06/05/2025,游水,沙田,,沙田,,,,,,,,游水,,
H120,14/04/2025,踱步,沙田,飛機場,沙田 飛機場,,,,,,黃智弘,,踱步,H,飛機場 踱步 (黃智弘)
H120,12/04/2025,快操,沙田,全天候,沙田 全天候,,54.2,54.2,29.1 25.1,,助手,,快操,H,29.1 25.1 (54.2) (助手)
H120,11/04/2025,游水,沙田,,沙田,,,,,,,,游水,,
H120,11/04/2025,踱步,沙田,內圈,沙田 內圈,,,,,,助手,,快踱一圈,H,內圈 快踱一圈 (助手)
H120,10/04/2025,游水,沙田,,沙田,,,,,,,,游水,,
H120,10/04/2025,踱步,沙田,內圈,沙田 內圈,,,,,,助手,,倒快兩圈,H,內圈 倒快兩圈 (助手)
H120,09/04/2025,游水,沙田,,沙田,,,,,,,,游水,,
H120,09/04/2025,踱步,沙田,內圈,沙田 內圈,,,,,,助手,,快踱兩圈,H,內圈 快踱兩圈 (助手)
H120,08/04/2025,游水,沙田,,沙田,,,,,,,,游水,,
H120,08/04/2025,踱步,沙田,內圈,沙田 內圈,,,,,,助手,,快踱兩圈,H,內圈 快踱兩圈 (助手)
H120,07/04/2025,快操,沙田,全天候,沙田 全天候,,1.25.6,85.6,29.3 30.1 26.2,,助手,,快操,H,29.3 30.1 26.2 (1.25.6) (助手)
H120,07/04/2025,踱步,沙田,飛機場,沙田 飛機場,,,,,,助手,,踱步,H,飛機場 踱步 (助手)
H120,06/04/2025,游水,沙田,,沙田,,,,,,,,游水,,
H120,06/04/2025,踱步,沙田,內圈,沙田 內圈,,,,,,助手,,快踱一圈,H,內圈 快踱一圈 (助手)
H120,05/04/2025,游水,沙田,,沙田,,,,,,,,游水,,
H120,04/04/2025,游水,沙田,,沙田,,,,,,,,游水,,
H120,04/04/2025,踱步,沙田,內圈,沙田 內圈,,,,,,助手,,快踱兩圈,H,內圈 快踱兩圈 (助手)
H120,03/04/2025,游水,沙田,,沙田,,,,,,,,游水,,
H120,03/04/2025,踱步,沙田,內圈,沙田 內圈,,,,,,助手,,倒快兩圈,H,內圈 倒快兩圈 (助手)
H120,02/04/2025,游水,沙田,,沙田,,,,,,,,游水,,
H120,02/04/2025,踱步,沙田,內圈,沙田 內圈,,,,,,助手,,快踱兩圈,H,內圈 快踱兩圈 (助手)
H120,01/04/2025,游水,沙田,,沙田,,,,,,,,游水,,
H120,01/04/2025,踱步,沙田,內圈,沙田 內圈,,,,,,助手,,快踱兩圈,H,內圈 快踱兩圈 (助手)
H120,31/03/2025,踱步,沙田,內圈,沙田 內圈,,,,,,助手,,倒快兩圈,H,內圈 倒快兩圈 (助手)
H120,30/03/2025,踱步,沙田,內圈,沙田 內圈,,,,,,助手,,快踱一圈,H,內圈 快踱一圈 (助手)
H120,29/03/2025,游水,沙田,,沙田,,,,,,,,游水,,
H120,29/03/2025,踱步,沙田,內圈,沙田 內圈,,,,,,助手,,快踱兩圈,H,內圈 快踱兩圈 (助手)
H120,28/03/2025,踱步,沙田,飛機場,沙田 飛機場,,,,,,黃智弘,,踱步,H,飛機場 踱步 (黃智弘)
H120,26/03/2025,出賽,沙田,全天候,沙田 全天候,1650M,,,,,黃智弘,7/14,出賽,TT,1650M (黃智弘) (7/14)
H120,26/03/2025,游水,沙田,,沙田,,,,,,,,游水,,
H120,25/03/2025,游水,沙田,,沙田,,,,,,,,游水,,
H120,25/03/2025,踱步,沙田,內圈,沙田 內圈,,,,,,助手,,快踱兩圈,H,內圈 快踱兩圈 (助手)
H120,24/03/2025,快操,沙田,草地,沙田 草地,,51.3,51.3,27.5 23.8,,助手,,快靚旺,H,27.5 23.8 (51.3) (助手) 快靚旺
H120,23/03/2025,游水,沙田,,沙田,,,,,,,,游水,,
H120,23/03/2025,踱步,沙田,內圈,沙田 內圈,,,,,,助手,,快踱一圈,H,內圈 快踱一圈 (助手)
H120,22/03/2025,游水,沙田,,沙田,,,,,,,,游水,,
H120,22/03/2025,踱步,沙田,內圈,沙田 內圈,,,,,,助手,,快踱兩圈,H,內圈 快踱兩圈 (助手)
H120,21/03/2025,游水,沙田,,沙田,,,,,,,,游水,,
H120,21/03/2025,快操,沙田,全天候,沙田 全天候,,1.31.2,91.2,32.7 30.3 28.2,,助手,,快操,H,32.7 30.3 28.2 (1.31.2) (助手)
H120,20/03/2025,踱步,沙田,內圈,沙田 內圈,,,,,,助手,,倒快兩圈,H,內圈 倒快兩圈 (助手)
H120,19/03/2025,游水,沙田,,沙田,,,,,,,,游水,,
H120,19/03/2025,踱步,沙田,河畔跑道,沙田 河畔跑道,,,,,,助手,,踱步,H,河畔跑道 踱步 (助手)
H120,19/03/2025,踱步,沙田,內圈,沙田 內圈,,,,,,助手,,快踱兩圈,H,內圈 快踱兩圈 (助手)
H120,18/03/2025,游水,沙田,,沙田,,,,,,,,游水,,
H120,18/03/2025,踱步,沙田,河畔跑道,沙田 河畔跑道,,,,,,助手,,踱步,H,河畔跑道 踱步 (助手)
H120,18/03/2025,踱步,沙田,內圈,沙田 內圈,,,,,,助手,,快踱一圈,H,內圈 快踱一圈 (助手)
H120,17/03/2025,游水,沙田,,沙田,,,,,,,,游水,,
H120,17/03/2025,踱步,沙田,內圈,沙田 內圈,,,,,,黃智弘,,倒快兩圈,H,內圈 倒快兩圈 (黃智弘)
H120,16/03/2025,踱步,沙田,飛機場,沙田 飛機場,,,,,,助手,,踱步,H,飛機場 踱步 (助手)
H120,14/03/2025,踱步,沙田,內圈,沙田 內圈,,,,,,黃智弘,,快踱兩圈,H,內圈 快踱兩圈 (黃智弘)
H120,13/03/2025,快操,沙田,草地,沙田 草地,,58.4,58.4,30.5 27.9,,助手,,快操,H,30.5 27.9 (58.4) (助手)
H120,12/03/2025,踱步,沙田,內圈,沙田 內圈,,,,,,助手,,快踱兩圈,H,內圈 快踱兩圈 (助手)
H120,11/03/2025,游水,沙田,,沙田,,,,,,,,游水,,
H120,11/03/2025,踱步,沙田,內圈,沙田 內圈,,,,,,助手,,快踱兩圈,H,內圈 快踱兩圈 (助手)
H120,10/03/2025,游水,沙田,,沙田,,,,,,,,游水,,
H120,10/03/2025,踱步,沙田,內圈,沙田 內圈,,,,,,助手,,倒快兩圈,H,內圈 倒快兩圈 (助手)
H120,09/03/2025,游水,沙田,,沙田,,,,,,,,游水,,
H120,09/03/2025,踱步,沙田,內圈,沙田 內圈,,,,,,助手,,快踱兩圈,H,內圈 快踱兩圈 (助手)
H120,08/03/2025,游水,沙田,,沙田,,,,,,,,游水,,
H120,08/03/2025,踱步,沙田,內圈,沙田 內圈,,,,,,助手,,快踱兩圈,H,內圈 快踱兩圈 (助手)
H120,07/03/2025,踱步,沙田,內圈,沙田 內圈,,,,,,助手,,快踱兩圈,H,內圈 快踱兩圈 (助手)
H120,06/03/2025,踱步,沙田,內圈,沙田 內圈,,,,,,助手,,倒快兩圈,H,內圈 倒快兩圈 (助手)
H120,05/03/2025,游水,沙田,,沙田,,,,,,,,游水,,
H120,05/03/2025,踱步,沙田,內圈,沙田 內圈,,,,,,助手,,快踱一圈,H,內圈 快踱一圈 (助手)
H120,04/03/2025,踱步,沙田,飛機場,沙田 飛機場,,,,,,助手,,踱步,H,飛機場 踱步 (助手)
H120,02/03/2025,出賽,沙田,全天候,沙田 全天候,1650M,,,,,莫雅,2/11,出賽,TT,1650M (莫雅) (2/11)
H120,01/03/2025,游水,沙田,,沙田,,,,,,,,游水,,
H120,01/03/2025,踱步,沙田,內圈,沙田 內圈,,,,,,助手,,快踱兩圈,H,內圈 快踱兩圈 (助手)
H120,28/02/2025,游水,沙田,,沙田,,,,,,,,游水,,
H120,28/02/2025,踱步,沙田,內圈,沙田 內圈,,,,,,助手,,快踱兩圈,H,內圈 快踱兩圈 (助手)
H120,27/02/2025,游水,沙田,,沙田,,,,,,,,游水,,
H120,27/02/2025,踱步,沙田,內圈,沙田 內圈,,,,,,助手,,倒快兩圈,H,內圈 倒快兩圈 (助手)
H120,26/02/2025,踱步,沙田,內圈,沙田 內圈,,,,,,黃智弘,,快踱兩圈,H,內圈 快踱兩圈 (黃智弘)
H120,25/02/2025,游水,沙田,,沙田,,,,,,,,游水,,
H120,25/02/2025,踱步,沙田,內圈,沙田 內圈,,,,,,黃智弘,,快踱兩圈,H,內圈 快踱兩圈 (黃智弘)
H120,24/02/2025,游水,沙田,,沙田,,,,,,,,游水,,
H120,24/02/2025,踱步,沙田,內圈,沙田 內圈,,,,,,黃智弘,,倒快兩圈,H,內圈 倒快兩圈 (黃智弘)
H120,23/02/2025,游水,沙田,,沙田,,,,,,,,游水,,
H120,23/02/2025,踱步,沙田,內圈,沙田 內圈,,,,,,助手,,快踱一圈,H,內圈 快踱一圈 (助手)
H120,22/02/2025,游水,沙田,,沙田,,,,,,,,游水,,
H120,22/02/2025,踱步,沙田,飛機場,沙田 飛機場,,,,,,助手,,踱步,H,飛機場 踱步 (助手)
H120,21/02/2025,游水,沙田,,沙田,,,,,,,,游水,,
H120,19/02/2025,出賽,跑馬地,草地,跑馬地 草地,1800M,,,,,巴度,7/12,出賽,TT,1800M (巴度) (7/12)
H120,18/02/2025,游水,沙田,,沙田,,,,,,,,游水,,
H120,18/02/2025,踱步,沙田,內圈,沙田 內圈,,,,,,助手,,快踱兩圈,H,內圈 快踱兩圈 (助手)
H120,17/02/2025,游水,沙田,,沙田,,,,,,,,游水,,
H120,17/02/2025,踱步,沙田,內圈,沙田 內圈,,,,,,助手,,倒快兩圈,H,內圈 倒快兩圈 (助手)
H120,16/02/2025,游水,沙田,,沙田,,,,,,,,游水,,
H120,16/02/2025,踱步,沙田,內圈,沙田 內圈,,,,,,助手,,快踱兩圈,H,內圈 快踱兩圈 (助手)
H120,15/02/2025,快操,沙田,全天候,沙田 全天候,,1.30.7,90.7,34.1 30.2 26.4,,助手,,快操,H,34.1 30.2 26.4 (1.30.7) (助手)
H120,15/02/2025,踱步,沙田,飛機場,沙田 飛機場,,,,,,助手,,踱步,H,飛機場 踱步 (助手)
H120,14/02/2025,游水,沙田,,沙田,,,,,,,,游水,,
H120,14/02/2025,踱步,沙田,內圈,沙田 內圈,,,,,,黃智弘,,快踱兩圈,H,內圈 快踱兩圈 (黃智弘)
H120,13/02/2025,游水,沙田,,沙田,,,,,,,,游水,,
H120,13/02/2025,踱步,沙田,內圈,沙田 內圈,,,,,,助手,,倒快兩圈,H,內圈 倒快兩圈 (助手)
H120,12/02/2025,游水,沙田,,沙田,,,,,,,,游水,,
H120,12/02/2025,踱步,沙田,內圈,沙田 內圈,,,,,,黃智弘,,快踱兩圈,H,內圈 快踱兩圈 (黃智弘)
H120,11/02/2025,游水,沙田,,沙田,,,,,,,,游水,,
H120,11/02/2025,踱步,沙田,內圈,沙田 內圈,,,,,,黃智弘,,快踱兩圈,H,內圈 快踱兩圈 (黃智弘)
H120,10/02/2025,快操,沙田,全天候,沙田 全天候,,1.24.2,84.2,30.0 29.1 25.1,,黃智弘,,快操,H,30.0 29.1 25.1 (1.24.2) (黃智弘)
H120,09/02/2025,游水,沙田,,沙田,,,,,,,,游水,,
H120,09/02/2025,踱步,沙田,內圈,沙田 內圈,,,,,,黃智弘,,快踱一圈,H,內圈 快踱一圈 (黃智弘)
H120,08/02/2025,游水,沙田,,沙田,,,,,,,,游水,,
H120,08/02/2025,踱步,沙田,內圈,沙田 內圈,,,,,,助手,,快踱兩圈,H,內圈 快踱兩圈 (助手)
H120,07/02/2025,游水,沙田,,沙田,,,,,,,,游水,,
H120,07/02/2025,踱步,沙田,內圈,沙田 內圈,,,,,,黃智弘,,快踱兩圈,H,內圈 快踱兩圈 (黃智弘)
H120,06/02/2025,游水,沙田,,沙田,,,,,,,,游水,,
H120,06/02/2025,踱步,沙田,內圈,沙田 內圈,,,,,,黃智弘,,倒快兩圈,H,內圈 倒快兩圈 (黃智弘)
H120,05/02/2025,游水,沙田,,沙田,,,,,,,,游水,,
H120,05/02/2025,踱步,沙田,內圈,沙田 內圈,,,,,,黃智弘,,快踱兩圈,H,內圈 快踱兩圈 (黃智弘)
H120,04/02/2025,快操,沙田,全天候,沙田 全天候,,1.24.3,84.3,30.6 27.9 25.8,,黃智弘,,快操,H,30.6 27.9 25.8 (1.24.3) (黃智弘)
H120,03/02/2025,游水,沙田,,沙田,,,,,,,,游水,,
H120,03/02/2025,踱步,沙田,內圈,沙田 內圈,,,,,,黃智弘,,倒快兩圈,H,內圈 倒快兩圈 (黃智弘)
H120,02/02/2025,踱步,沙田,內圈,沙田 內圈,,,,,,助手,,快踱兩圈,H,內圈 快踱兩圈 (助手)
H120,01/02/2025,踱步,沙田,內圈,沙田 內圈,,,,,,黃智弘,,快踱兩圈,H,內圈 快踱兩圈 (黃智弘)
H120,31/01/2025,踱步,沙田,內圈,沙田 內圈,,,,,,黃智弘,,快踱一圈,H,內圈 快踱一圈 (黃智弘)
H120,30/01/2025,踱步,沙田,飛機場,沙田 飛機場,,,,,,助手,,踱步,H,飛機場 踱步 (助手)
H120,28/01/2025,踱步,沙田,飛機場,沙田 飛機場,,,,,,助手,,踱步,H,飛機場 踱步 (助手)
H120,26/01/2025,出賽,沙田,全天候,沙田 全天候,1650M,,,,,巴度,1/14,出賽,P-/TT,1650M (巴度) (1/14)
H120,25/01/2025,游水,沙田,,沙田,,,,,,,,游水,,
H120,25/01/2025,踱步,沙田,內圈,沙田 內圈,,,,,,黃智弘,,快踱兩圈,H,內圈 快踱兩圈 (黃智弘)
H120,24/01/2025,游水,沙田,,沙田,,,,,,,,游水,,
H120,24/01/2025,踱步,沙田,內圈,沙田 內圈,,,,,,助手,,快踱兩圈,H,內圈 快踱兩圈 (助手)
H120,23/01/2025,游水,沙田,,沙田,,,,,,,,游水,,
H120,23/01/2025,踱步,沙田,內圈,沙田 內圈,,,,,,助手,,倒快兩圈,H,內圈 倒快兩圈 (助手)
H120,22/01/2025,游水,沙田,,沙田,,,,,,,,游水,,
H120,22/01/2025,踱步,沙田,內圈,沙田 內圈,,,,,,助手,,快踱兩圈,H,內圈 快踱兩圈 (助手)
H120,21/01/2025,游水,沙田,,沙田,,,,,,,,游水,,
H120,21/01/2025,踱步,沙田,內圈,沙田 內圈,,,,,,助手,,快踱兩圈,H,內圈 快踱兩圈 (助手)
H120,20/01/2025,快操,沙田,全天候,沙田 全天候,,1.26.1,86.1,28.6 32.1 25.4,,助手,,快操,H,28.6 32.1 25.4 (1.26.1) (助手)
H120,19/01/2025,游水,沙田,,沙田,,,,,,,,游水,,
H120,19/01/2025,踱步,沙田,內圈,沙田 內圈,,,,,,助手,,快踱兩圈,H,內圈 快踱兩圈 (助手)
H120,18/01/2025,游水,沙田,,沙田,,,,,,,,游水,,
H120,18/01/2025,踱步,沙田,內圈,沙田 內圈,,,,,,助手,,快踱兩圈,H,內圈 快踱兩圈 (助手)
H120,17/01/2025,游水,沙田,,沙田,,,,,,,,游水,,
H120,17/01/2025,踱步,沙田,內圈,沙田 內圈,,,,,,黃智弘,,快踱兩圈,H,內圈 快踱兩圈 (黃智弘)
H120,16/01/2025,游水,沙田,,沙田,,,,,,,,游水,,
H120,16/01/2025,踱步,沙田,內圈,沙田 內圈,,,,,,助手,,倒快兩圈,H,內圈 倒快兩圈 (助手)
H120,15/01/2025,游水,沙田,,沙田,,,,,,,,游水,,
H120,15/01/2025,踱步,沙田,內圈,沙田 內圈,,,,,,助手,,快踱一圈,H,內圈 快踱一圈 (助手)
H120,14/01/2025,游水,沙田,,沙田,,,,,,,,游水,,
H120,14/01/2025,踱步,沙田,內圈,沙田 內圈,,,,,,助手,,快踱兩圈,H,內圈 快踱兩圈 (助手)
H120,13/01/2025,游水,沙田,,沙田,,,,,,,,游水,,
H120,13/01/2025,踱步,沙田,內圈,沙田 內圈,,,,,,助手,,倒快一圈,H,內圈 倒快一圈 (助手)
H120,12/01/2025,游水,沙田,,沙田,,,,,,,,游水,,
H120,12/01/2025,踱步,沙田,內圈,沙田 內圈,,,,,,助手,,快踱一圈,H,內圈 快踱一圈 (助手)
H120,10/01/2025,試閘,跑馬地,草地,跑馬地 草地,1700M,1.47.32,107.32,33.0 25.0 25.8 23.5,優才,巴度,,第1組,,第1組 (巴度) 1700M 優才 33.0 25.0 25.8 23.5 (1.47.32)
H120,09/01/2025,游水,沙田,,沙田,,,,,,,,游水,,
H120,09/01/2025,踱步,沙田,內圈,沙田 內圈,,,,,,助手,,倒快兩圈,H,內圈 倒快兩圈 (助手)
H120,08/01/2025,游水,沙田,,沙田,,,,,,,,游水,,
H120,08/01/2025,踱步,沙田,內圈,沙田 內圈,,,,,,黃智弘,,快踱兩圈,H,內圈 快踱兩圈 (黃智弘)
H120,07/01/2025,游水,沙田,,沙田,,,,,,,,游水,,
H120,07/01/2025,踱步,沙田,內圈,沙田 內圈,,,,,,黃智弘,,快踱兩圈,H,內圈 快踱兩圈 (黃智弘)
H120,06/01/2025,游水,沙田,,沙田,,,,,,,,游水,,
H120,06/01/2025,踱步,沙田,內圈,沙田 內圈,,,,,,黃智弘,,倒快兩圈,H,內圈 倒快兩圈 (黃智弘)
H120,05/01/2025,游水,沙田,,沙田,,,,,,,,游水,,
H120,05/01/2025,踱步,沙田,內圈,沙田 內圈,,,,,,助手,,快踱兩圈,H,內圈 快踱兩圈 (助手)
H120,04/01/2025,游水,沙田,,沙田,,,,,,,,游水,,
H120,04/01/2025,踱步,沙田,內圈,沙田 內圈,,,,,,助手,,快踱兩圈,H,內圈 快踱兩圈 (助手)
H120,03/01/2025,游水,沙田,,沙田,,,,,,,,游水,,
H120,03/01/2025,踱步,沙田,內圈,沙田 內圈,,,,,,助手,,快踱兩圈,H,內圈 快踱兩圈 (助手)
H120,02/01/2025,快操,沙田,全天候,沙田 全天候,,1.23.5,83.5,29.0 28.8 25.7,,助手,,快操,H,29.0 28.8 25.7 (1.23.5) (助手)
H120,01/01/2025,游水,沙田,,沙田,,,,,,,,游水,,
H120,01/01/2025,踱步,沙田,內圈,沙田 內圈,,,,,,黃智弘,,快踱兩圈,H,內圈 快踱兩圈 (黃智弘)
H120,31/12/2024,游水,沙田,,沙田,,,,,,,,游水,,
H120,31/12/2024,踱步,沙田,內圈,沙田 內圈,,,,,,黃智弘,,快踱兩圈,H,內圈 快踱兩圈 (黃智弘)
H120,30/12/2024,游水,沙田,,沙田,,,,,,,,游水,,
H120,30/12/2024,踱步,沙田,內圈,沙田 內圈,,,,,,黃智弘,,倒快一圈,H,內圈 倒快一圈 (黃智弘)
H120,29/12/2024,游水,沙田,,沙田,,,,,,,,游水,,
H120,29/12/2024,踱步,沙田,內圈,沙田 內圈,,,,,,助手,,快踱一圈,H,內圈 快踱一圈 (助手)
H120,28/12/2024,快操,沙田,全天候,沙田 全天候,,1.25.8,85.8,27.8 31.7 26.3,,黃智弘,,快操,H,27.8 31.7 26.3 (1.25.8) (黃智弘)
H120,27/12/2024,游水,沙田,,沙田,,,,,,,,游水,,
H120,27/12/2024,踱步,沙田,內圈,沙田 內圈,,,,,,助手,,快踱一圈,H,內圈 快踱一圈 (助手)
H120,26/12/2024,游水,沙田,,沙田,,,,,,,,游水,,
H120,26/12/2024,踱步,沙田,內圈,沙田 內圈,,,,,,助手,,倒快兩圈,H,內圈 倒快兩圈 (助手)
H120,25/12/2024,游水,沙田,,沙田,,,,,,,,游水,,
H120,25/12/2024,踱步,沙田,內圈,沙田 內圈,,,,,,助手,,快踱兩圈,H,內圈 快踱兩圈 (助手)
H120,24/12/2024,游水,沙田,,沙田,,,,,,,,游水,,
H120,24/12/2024,踱步,沙田,內圈,沙田 內圈,,,,,,助手,,快踱兩圈,H,內圈 快踱兩圈 (助手)
H120,23/12/2024,游水,沙田,,沙田,,,,,,,,游水,,
H120,23/12/2024,踱步,沙田,內圈,沙田 內圈,,,,,,助手,,倒快兩圈,H,內圈 倒快兩圈 (助手)
H120,22/12/2024,游水,沙田,,沙田,,,,,,,,游水,,
H120,22/12/2024,踱步,沙田,內圈,沙田 內圈,,,,,,助手,,快踱一圈,H,內圈 快踱一圈 (助手)
H120,21/12/2024,游水,沙田,,沙田,,,,,,,,游水,,
H120,21/12/2024,踱步,沙田,內圈,沙田 內圈,,,,,,助手,,快踱一圈,H,內圈 快踱一圈 (助手)
H120,20/12/2024,踱步,沙田,河畔跑道,沙田 河畔跑道,,,,,,助手,,踱步,H,河畔跑道 踱步 (助手)
H120,18/12/2024,出賽,沙田,全天候,沙田 全天候,1650M,,,,,賀銘年,10/14,出賽,P/TT,1650M (賀銘年) (10/14)
H120,18/12/2024,踱步,沙田,河畔跑道,沙田 河畔跑道,,,,,,助手,,踱步,H,河畔跑道 踱步 (助手)
H120,17/12/2024,游水,沙田,,沙田,,,,,,,,游水,,
H120,17/12/2024,踱步,沙田,外圈,沙田 外圈,,,,,,助手,,快踱一圈,H,外圈 快踱一圈 (助手)
H120,17/12/2024,踱步,沙田,河畔跑道,沙田 河畔跑道,,,,,,助手,,踱步,H,河畔跑道 踱步 (助手)
H120,16/12/2024,快操,沙田,草地,沙田 草地,,56.1,56.1,31.6 24.5,,助手,,快操,H,31.6 24.5 (56.1) (助手)
H120,15/12/2024,游水,沙田,,沙田,,,,,,,,游水,,
H120,15/12/2024,踱步,沙田,河畔跑道,沙田 河畔跑道,,,,,,助手,,踱步,H,河畔跑道 踱步 (助手)
H120,15/12/2024,踱步,沙田,內圈,沙田 內圈,,,,,,助手,,快踱一圈,H,內圈 快踱一圈 (助手)
H120,14/12/2024,游水,沙田,,沙田,,,,,,,,游水,,
H120,14/12/2024,踱步,沙田,河畔跑道,沙田 河畔跑道,,,,,,助手,,踱步,H,河畔跑道 踱步 (助手)
H120,14/12/2024,踱步,沙田,內圈,沙田 內圈,,,,,,助手,,快踱兩圈,H,內圈 快踱兩圈 (助手)
H120,13/12/2024,游水,沙田,,沙田,,,,,,,,游水,,
H120,13/12/2024,踱步,沙田,河畔跑道,沙田 河畔跑道,,,,,,助手,,踱步,H,河畔跑道 踱步 (助手)
H120,13/12/2024,踱步,沙田,內圈,沙田 內圈,,,,,,助手,,快踱兩圈,H,內圈 快踱兩圈 (助手)
H120,12/12/2024,快操,沙田,草地,沙田 草地,,58.0,58.0,32.3 25.7,,助手,,賢心星,H,32.3 25.7 (58.0) (助手) 賢心星
H120,11/12/2024,踱步,沙田,內圈,沙田 內圈,,,,,,助手,,快踱一圈,H,內圈 快踱一圈 (助手)
H120,11/12/2024,踱步,沙田,河畔跑道,沙田 河畔跑道,,,,,,助手,,踱步,H,河畔跑道 踱步 (助手)
H120,10/12/2024,游水,沙田,,沙田,,,,,,,,游水,,
H120,10/12/2024,踱步,沙田,河畔跑道,沙田 河畔跑道,,,,,,助手,,踱步,H,河畔跑道 踱步 (助手)
H120,10/12/2024,踱步,沙田,內圈,沙田 內圈,,,,,,助手,,快踱兩圈,H,內圈 快踱兩圈 (助手)
H120,09/12/2024,游水,沙田,,沙田,,,,,,,,游水,,
H120,09/12/2024,踱步,沙田,河畔跑道,沙田 河畔跑道,,,,,,助手,,踱步,H,河畔跑道 踱步 (助手)
H120,09/12/2024,踱步,沙田,內圈,沙田 內圈,,,,,,助手,,倒快一圈,H,內圈 倒快一圈 (助手)
H120,08/12/2024,游水,沙田,,沙田,,,,,,,,游水,,
H120,08/12/2024,踱步,沙田,河畔跑道,沙田 河畔跑道,,,,,,助手,,踱步,H,河畔跑道 踱步 (助手)
H120,07/12/2024,游水,沙田,,沙田,,,,,,,,游水,,
H120,06/12/2024,游水,沙田,,沙田,,,,,,,,游水,,
H120,06/12/2024,踱步,沙田,內圈,沙田 內圈,,,,,,助手,,快踱兩圈,H,內圈 快踱兩圈 (助手)
H120,05/12/2024,游水,沙田,,沙田,,,,,,,,游水,,
H120,05/12/2024,踱步,沙田,內圈,沙田 內圈,,,,,,助手,,倒快兩圈,H,內圈 倒快兩圈 (助手)
H120,03/12/2024,踱步,沙田,飛機場,沙田 飛機場,,,,,,助手,,踱步,H,飛機場 踱步 (助手)
H120,01/12/2024,出賽,沙田,全天候,沙田 全天候,1650M,,,,,麥道朗,3/13,出賽,P/TT,1650M (麥道朗) (3/13)
H120,01/12/2024,踱步,沙田,飛機場,沙田 飛機場,,,,,,助手,,踱步,H,飛機場 踱步 (助手)
H120,30/11/2024,游水,沙田,,沙田,,,,,,,,游水,,
H120,30/11/2024,踱步,沙田,內圈,沙田 內圈,,,,,,助手,,快踱兩圈,H,內圈 快踱兩圈 (助手)
H120,29/11/2024,游水,沙田,,沙田,,,,,,,,游水,,
H120,29/11/2024,踱步,沙田,內圈,沙田 內圈,,,,,,助手,,快踱一圈,H,內圈 快踱一圈 (助手)
H120,28/11/2024,快操,沙田,草地,沙田 草地,,48.2,48.2,25.6 22.6,,助手,,快操,H,25.6 22.6 (48.2) (助手)
H120,27/11/2024,游水,沙田,,沙田,,,,,,,,游水,,
H120,27/11/2024,踱步,沙田,內圈,沙田 內圈,,,,,,助手,,快踱兩圈,H,內圈 快踱兩圈 (助手)
H120,26/11/2024,游水,沙田,,沙田,,,,,,,,游水,,
H120,26/11/2024,踱步,沙田,內圈,沙田 內圈,,,,,,助手,,快踱兩圈,H,內圈 快踱兩圈 (助手)
H120,25/11/2024,游水,沙田,,沙田,,,,,,,,游水,,
H120,25/11/2024,踱步,沙田,內圈,沙田 內圈,,,,,,助手,,倒快兩圈,H,內圈 倒快兩圈 (助手)
H120,24/11/2024,踱步,沙田,內圈,沙田 內圈,,,,,,助手,,快踱一圈,H,內圈 快踱一圈 (助手)
H120,23/11/2024,游水,沙田,,沙田,,,,,,,,游水,,
H120,22/11/2024,試閘,沙田,全天候,沙田 全天候,1200M,1.11.11,71.11,24.5 22.7 23.9,友瑩仁,麥道朗,,第2組,P,第2組 (麥道朗) 1200M 友瑩仁 24.5 22.7 23.9 (1.11.11)
H120,21/11/2024,游水,沙田,,沙田,,,,,,,,游水,,
H120,21/11/2024,踱步,沙田,內圈,沙田 內圈,,,,,,助手,,倒快兩圈,H,內圈 倒快兩圈 (助手)
H120,20/11/2024,游水,沙田,,沙田,,,,,,,,游水,,
H120,20/11/2024,踱步,沙田,內圈,沙田 內圈,,,,,,助手,,快踱兩圈,H,內圈 快踱兩圈 (助手)
H120,19/11/2024,游水,沙田,,沙田,,,,,,,,游水,,
H120,19/11/2024,踱步,沙田,內圈,沙田 內圈,,,,,,助手,,快踱兩圈,H,內圈 快踱兩圈 (助手)
H120,18/11/2024,游水,沙田,,沙田,,,,,,,,游水,,
H120,18/11/2024,踱步,沙田,內圈,沙田 內圈,,,,,,助手,,倒快兩圈,H,內圈 倒快兩圈 (助手)
H120,17/11/2024,游水,沙田,,沙田,,,,,,,,游水,,
H120,17/11/2024,踱步,沙田,內圈,沙田 內圈,,,,,,助手,,快踱一圈,H,內圈 快踱一圈 (助手)
H120,16/11/2024,游水,沙田,,沙田,,,,,,,,游水,,
H120,16/11/2024,踱步,沙田,內圈,沙田 內圈,,,,,,助手,,快踱兩圈,H,內圈 快踱兩圈 (助手)
H120,15/11/2024,游水,沙田,,沙田,,,,,,,,游水,,
H120,15/11/2024,踱步,沙田,內圈,沙田 內圈,,,,,,助手,,快踱一圈,H,內圈 快踱一圈 (助手)
H120,13/11/2024,游水,沙田,,沙田,,,,,,,,游水,,
H120,13/11/2024,踱步,沙田,內圈,沙田 內圈,,,,,,助手,,快踱一圈,H,內圈 快踱一圈 (助手)
H120,12/11/2024,快操,沙田,全天候,沙田 全天候,,56.2,56.2,30.4 25.8,,助手,,快操,H,30.4 25.8 (56.2) (助手)
H120,11/11/2024,游水,沙田,,沙田,,,,,,,,游水,,
H120,11/11/2024,踱步,沙田,內圈,沙田 內圈,,,,,,助手,,倒快兩圈,H,內圈 倒快兩圈 (助手)
H120,10/11/2024,游水,沙田,,沙田,,,,,,,,游水,,
H120,10/11/2024,踱步,沙田,內圈,沙田 內圈,,,,,,助手,,快踱一圈,H,內圈 快踱一圈 (助手)
H120,09/11/2024,踱步,從化,內圈,從化 內圈,,,,,,助手,,快踱兩圈,H,內圈 快踱兩圈 (助手)
H120,08/11/2024,游水,從化,,從化,,,,,,,,游水,,
H120,08/11/2024,踱步,從化,內圈,從化 內圈,,,,,,助手,,快踱兩圈,H,內圈 快踱兩圈 (助手)
H120,07/11/2024,游水,從化,,從化,,,,,,,,游水,,
H120,07/11/2024,踱步,從化,內圈,從化 內圈,,,,,,助手,,倒快兩圈,H,內圈 倒快兩圈 (助手)
H120,06/11/2024,游水,從化,,從化,,,,,,,,游水,,
H120,06/11/2024,踱步,從化,內圈,從化 內圈,,,,,,助手,,快踱兩圈,H,內圈 快踱兩圈 (助手)
H120,05/11/2024,游水,從化,,從化,,,,,,,,游水,,
H120,05/11/2024,快操,從化,草地,從化 草地,,52.4,52.4,26.5 25.9,,助手,,快操,H,26.5 25.9 (52.4) (助手)
H120,05/11/2024,踱步,從化,飛機場,從化 飛機場,,,,,,助手,,踱步,H,飛機場 踱步 (助手)
H120,04/11/2024,游水,從化,,從化,,,,,,,,游水,,
H120,04/11/2024,踱步,從化,內圈,從化 內圈,,,,,,助手,,倒快兩圈,H,內圈 倒快兩圈 (助手)
H120,03/11/2024,游水,從化,,從化,,,,,,,,游水,,
H120,03/11/2024,踱步,從化,內圈,從化 內圈,,,,,,助手,,快踱一圈,H,內圈 快踱一圈 (助手)
H120,02/11/2024,游水,從化,,從化,,,,,,,,游水,,
H120,02/11/2024,踱步,從化,內圈,從化 內圈,,,,,,助手,,快踱兩圈,H,內圈 快踱兩圈 (助手)
H120,01/11/2024,游水,從化,,從化,,,,,,,,游水,,
H120,01/11/2024,踱步,從化,內圈,從化 內圈,,,,,,助手,,快踱兩圈,H,內圈 快踱兩圈 (助手)
H120,31/10/2024,游水,從化,,從化,,,,,,,,游水,,
H120,31/10/2024,踱步,從化,內圈,從化 內圈,,,,,,助手,,倒快兩圈,H,內圈 倒快兩圈 (助手)
H120,30/10/2024,游水,從化,,從化,,,,,,,,游水,,
H120,30/10/2024,踱步,從化,內圈,從化 內圈,,,,,,助手,,快踱兩圈,H,內圈 快踱兩圈 (助手)
H120,29/10/2024,游水,從化,,從化,,,,,,,,游水,,
H120,29/10/2024,踱步,從化,內圈,從化 內圈,,,,,,助手,,快踱一圈,H,內圈 快踱一圈 (助手)
H120,28/10/2024,踱步,沙田,內圈,沙田 內圈,,,,,,助手,,倒快兩圈,H,內圈 倒快兩圈 (助手)
H120,27/10/2024,游水,沙田,,沙田,,,,,,,,游水,,
H120,27/10/2024,踱步,沙田,內圈,沙田 內圈,,,,,,助手,,快踱兩圈,H,內圈 快踱兩圈 (助手)
H120,26/10/2024,游水,沙田,,沙田,,,,,,,,游水,,
H120,26/10/2024,踱步,沙田,內圈,沙田 內圈,,,,,,助手,,快踱一圈,H,內圈 快踱一圈 (助手)
H120,25/10/2024,踱步,沙田,飛機場,沙田 飛機場,,,,,,助手,,踱步,H,飛機場 踱步 (助手)
H120,23/10/2024,出賽,沙田,全天候,沙田 全天候,1650M,,,,,黃智弘,4/12,出賽,H-/P/TT,1650M (黃智弘) (4/12)
H120,23/10/2024,踱步,沙田,飛機場,沙田 飛機場,,,,,,助手,,踱步,H,飛機場 踱步 (助手)
H120,22/10/2024,游水,沙田,,沙田,,,,,,,,游水,,
H120,22/10/2024,踱步,沙田,內圈,沙田 內圈,,,,,,助手,,快踱兩圈,H,內圈 快踱兩圈 (助手)
H120,21/10/2024,快操,沙田,草地,沙田 草地,,55.8,55.8,31.5 24.3,,助手,,快操,H,31.5 24.3 (55.8) (助手)
H120,20/10/2024,游水,沙田,,沙田,,,,,,,,游水,,
H120,20/10/2024,踱步,沙田,內圈,沙田 內圈,,,,,,助手,,快踱一圈,H,內圈 快踱一圈 (助手)
H120,19/10/2024,游水,沙田,,沙田,,,,,,,,游水,,
H120,19/10/2024,踱步,從化,內圈,從化 內圈,,,,,,助手,,快踱兩圈,H,內圈 快踱兩圈 (助手)
H120,18/10/2024,游水,從化,,從化,,,,,,,,游水,,
H120,18/10/2024,踱步,從化,內圈,從化 內圈,,,,,,助手,,快踱兩圈,H,內圈 快踱兩圈 (助手)
H120,17/10/2024,游水,從化,,從化,,,,,,,,游水,,
H120,17/10/2024,踱步,從化,內圈,從化 內圈,,,,,,助手,,倒快兩圈,H,內圈 倒快兩圈 (助手)
H120,16/10/2024,游水,從化,,從化,,,,,,,,游水,,
H120,16/10/2024,踱步,從化,內圈,從化 內圈,,,,,,助手,,快踱兩圈,H,內圈 快踱兩圈 (助手)
H120,15/10/2024,游水,從化,,從化,,,,,,,,游水,,
H120,15/10/2024,踱步,從化,內圈,從化 內圈,,,,,,助手,,快踱兩圈,H,內圈 快踱兩圈 (助手)
H120,14/10/2024,游水,從化,,從化,,,,,,,,游水,,
H120,14/10/2024,踱步,從化,內圈,從化 內圈,,,,,,助手,,倒快兩圈,H,內圈 倒快兩圈 (助手)
H120,13/10/2024,游水,從化,,從化,,,,,,,,游水,,
H120,13/10/2024,踱步,從化,內圈,從化 內圈,,,,,,助手,,快踱一圈,H,內圈 快踱一圈 (助手)
H120,12/10/2024,游水,從化,,從化,,,,,,,,游水,,
H120,12/10/2024,踱步,從化,內圈,從化 內圈,,,,,,助手,,快踱一圈,H,內圈 快踱一圈 (助手)
H120,10/10/2024,試閘,從化,草地,從化 草地,1200M,1.11.19,71.19,24.5 23.1 23.5,嘉應高昇,陳嘉熙,,第4組,P/H,第4組 (陳嘉熙) 1200M 嘉應高昇 24.5 23.1 23.5 (1.11.19)
H120,09/10/2024,游水,從化,,從化,,,,,,,,游水,,
H120,09/10/2024,踱步,從化,內圈,從化 內圈,,,,,,助手,,快踱兩圈,H,內圈 快踱兩圈 (助手)
H120,08/10/2024,游水,從化,,從化,,,,,,,,游水,,
H120,08/10/2024,踱步,從化,內圈,從化 內圈,,,,,,助手,,快踱兩圈,H,內圈 快踱兩圈 (助手)
H120,07/10/2024,游水,從化,,從化,,,,,,,,游水,,
H120,07/10/2024,踱步,從化,內圈,從化 內圈,,,,,,助手,,倒快兩圈,H,內圈 倒快兩圈 (助手)
H120,06/10/2024,游水,從化,,從化,,,,,,,,游水,,
H120,06/10/2024,踱步,從化,內圈,從化 內圈,,,,,,助手,,快踱一圈,H,內圈 快踱一圈 (助手)
H120,05/10/2024,游水,從化,,從化,,,,,,,,游水,,
H120,05/10/2024,快操,從化,登山跑道,從化 登山跑道,,54.6,54.6,28.4 26.2,,助手,,快操,H,28.4 26.2 (54.6) (助手)
H120,05/10/2024,踱步,從化,飛機場,從化 飛機場,,,,,,助手,,踱步,H,飛機場 踱步 (助手)
H120,04/10/2024,游水,從化,,從化,,,,,,,,游水,,
H120,04/10/2024,踱步,從化,內圈,從化 內圈,,,,,,助手,,快踱兩圈,H,內圈 快踱兩圈 (助手)
H120,03/10/2024,游水,從化,,從化,,,,,,,,游水,,
H120,03/10/2024,踱步,從化,內圈,從化 內圈,,,,,,助手,,倒快兩圈,H,內圈 倒快兩圈 (助手)
H120,02/10/2024,游水,從化,,從化,,,,,,,,游水,,
H120,02/10/2024,踱步,從化,內圈,從化 內圈,,,,,,助手,,快踱兩圈,H,內圈 快踱兩圈 (助手)
H120,01/10/2024,游水,從化,,從化,,,,,,,,游水,,
H120,01/10/2024,快操,從化,登山跑道,從化 登山跑道,,55.4,55.4,29.2 26.2,,助手,,快操,H,29.2 26.2 (55.4) (助手)
H120,01/10/2024,踱步,從化,飛機場,從化 飛機場,,,,,,助手,,踱步,H,飛機場 踱步 (助手)
H120,30/09/2024,游水,從化,,從化,,,,,,,,游水,,
H120,30/09/2024,踱步,從化,內圈,從化 內圈,,,,,,助手,,倒快兩圈,H,內圈 倒快兩圈 (助手)
H120,29/09/2024,游水,從化,,從化,,,,,,,,游水,,
H120,29/09/2024,踱步,從化,內圈,從化 內圈,,,,,,助手,,快踱一圈,H,內圈 快踱一圈 (助手)
H120,28/09/2024,游水,從化,,從化,,,,,,,,游水,,
H120,28/09/2024,踱步,從化,內圈,從化 內圈,,,,,,助手,,快踱兩圈,H,內圈 快踱兩圈 (助手)
H120,27/09/2024,游水,從化,,從化,,,,,,,,游水,,
H120,27/09/2024,踱步,從化,內圈,從化 內圈,,,,,,助手,,快踱兩圈,H,內圈 快踱兩圈 (助手)
H120,26/09/2024,游水,從化,,從化,,,,,,,,游水,,
H120,26/09/2024,踱步,從化,內圈,從化 內圈,,,,,,助手,,倒快兩圈,H,內圈 倒快兩圈 (助手)
H120,25/09/2024,游水,從化,,從化,,,,,,,,游水,,
H120,25/09/2024,踱步,從化,內圈,從化 內圈,,,,,,助手,,快踱兩圈,H,內圈 快踱兩圈 (助手)
H120,24/09/2024,游水,從化,,從化,,,,,,,,游水,,
H120,24/09/2024,踱步,從化,內圈,從化 內圈,,,,,,助手,,快踱兩圈,H,內圈 快踱兩圈 (助手)
H120,23/09/2024,游水,從化,,從化,,,,,,,,游水,,
H120,23/09/2024,踱步,從化,內圈,從化 內圈,,,,,,助手,,倒快兩圈,H,內圈 倒快兩圈 (助手)
H120,22/09/2024,游水,從化,,從化,,,,,,,,游水,,
H120,22/09/2024,踱步,從化,內圈,從化 內圈,,,,,,助手,,快踱一圈,H,內圈 快踱一圈 (助手)
H120,21/09/2024,游水,從化,,從化,,,,,,,,游水,,
H120,21/09/2024,踱步,從化,內圈,從化 內圈,,,,,,助手,,快踱一圈,H,內圈 快踱一圈 (助手)
H120,20/09/2024,踱步,沙田,飛機場,沙田 飛機場,,,,,,黃智弘,,踱步,H,飛機場 踱步 (黃智弘)
H120,18/09/2024,出賽,跑馬地,草地,跑馬地 草地,1650M,,,,,布文,6/10,出賽,H/P/TT,1650M (布文) (6/10)
H120,18/09/2024,踱步,沙田,飛機場,沙田 飛機場,,,,,,助手,,踱步,H,飛機場 踱步 (助手)
H120,17/09/2024,游水,沙田,,沙田,,,,,,,,游水,,
H120,17/09/2024,踱步,沙田,內圈,沙田 內圈,,,,,,黃智弘,,快踱兩圈,H,內圈 快踱兩圈 (黃智弘)
H120,16/09/2024,游水,沙田,,沙田,,,,,,,,游水,,
H120,16/09/2024,踱步,沙田,內圈,沙田 內圈,,,,,,黃智弘,,倒快兩圈,H,內圈 倒快兩圈 (黃智弘)
H120,15/09/2024,游水,沙田,,沙田,,,,,,,,游水,,
H120,15/09/2024,踱步,沙田,內圈,沙田 內圈,,,,,,助手,,快踱一圈,H,內圈 快踱一圈 (助手)
H120,14/09/2024,游水,沙田,,沙田,,,,,,,,游水,,
H120,13/09/2024,游水,沙田,,沙田,,,,,,,,游水,,
H120,13/09/2024,踱步,沙田,內圈,沙田 內圈,,,,,,黃智弘,,快踱兩圈,H,內圈 快踱兩圈 (黃智弘)
H120,12/09/2024,快操,沙田,草地,沙田 草地,,55.2,55.2,30.5 24.7,,助手,,快操,H,30.5 24.7 (55.2) (助手)
H120,11/09/2024,游水,沙田,,沙田,,,,,,,,游水,,
H120,11/09/2024,踱步,沙田,內圈,沙田 內圈,,,,,,黃智弘,,快踱兩圈,H,內圈 快踱兩圈 (黃智弘)
H120,10/09/2024,游水,沙田,,沙田,,,,,,,,游水,,
H120,10/09/2024,踱步,沙田,內圈,沙田 內圈,,,,,,黃智弘,,快踱兩圈,H,內圈 快踱兩圈 (黃智弘)
H120,09/09/2024,游水,沙田,,沙田,,,,,,,,游水,,
H120,09/09/2024,踱步,沙田,內圈,沙田 內圈,,,,,,黃智弘,,倒快兩圈,H,內圈 倒快兩圈 (黃智弘)
H120,08/09/2024,游水,沙田,,沙田,,,,,,,,游水,,
H120,08/09/2024,踱步,沙田,內圈,沙田 內圈,,,,,,助手,,快踱兩圈,H,內圈 快踱兩圈 (助手)
H120,07/09/2024,游水,沙田,,沙田,,,,,,,,游水,,
H120,07/09/2024,踱步,沙田,內圈,沙田 內圈,,,,,,黃智弘,,快踱一圈,H,內圈 快踱一圈 (黃智弘)
H120,05/09/2024,游水,沙田,,沙田,,,,,,,,游水,,
H120,05/09/2024,踱步,沙田,內圈,沙田 內圈,,,,,,黃智弘,,倒快兩圈,H,內圈 倒快兩圈 (黃智弘)
H120,04/09/2024,游水,沙田,,沙田,,,,,,,,游水,,
H120,03/09/2024,試閘,沙田,全天候,沙田 全天候,1200M,1.10.57,70.57,24.7 22.9 22.9,勝意龍,布文,,第2組,H/P,第2組 (布文) 1200M 勝意龍 24.7 22.9 22.9 (1.10.57)
H120,02/09/2024,游水,沙田,,沙田,,,,,,,,游水,,
H120,02/09/2024,踱步,沙田,內圈,沙田 內圈,,,,,,助手,,倒快兩圈,H,內圈 倒快兩圈 (助手)
H120,01/09/2024,游水,沙田,,沙田,,,,,,,,游水,,
H120,01/09/2024,踱步,沙田,內圈,沙田 內圈,,,,,,黃智弘,,快踱一圈,H,內圈 快踱一圈 (黃智弘)
H120,31/08/2024,游水,沙田,,沙田,,,,,,,,游水,,
H120,31/08/2024,踱步,沙田,內圈,沙田 內圈,,,,,,黃智弘,,快踱兩圈,H,內圈 快踱兩圈 (黃智弘)
H120,30/08/2024,游水,沙田,,沙田,,,,,,,,游水,,
H120,30/08/2024,踱步,沙田,內圈,沙田 內圈,,,,,,黃智弘,,快踱兩圈,H,內圈 快踱兩圈 (黃智弘)
H120,29/08/2024,游水,沙田,,沙田,,,,,,,,游水,,
H120,29/08/2024,踱步,沙田,內圈,沙田 內圈,,,,,,助手,,倒快兩圈,H,內圈 倒快兩圈 (助手)
H120,28/08/2024,快操,沙田,全天候,沙田 全天候,,55.0,55.0,29.4 25.6,,黃智弘,,快操,H,29.4 25.6 (55.0) (黃智弘)
H120,28/08/2024,踱步,沙田,飛機場,沙田 飛機場,,,,,,黃智弘,,踱步,H,飛機場 踱步 (黃智弘)
H120,27/08/2024,游水,沙田,,沙田,,,,,,,,游水,,
H120,27/08/2024,踱步,沙田,內圈,沙田 內圈,,,,,,黃智弘,,快踱兩圈,H,內圈 快踱兩圈 (黃智弘)
H120,26/08/2024,游水,沙田,,沙田,,,,,,,,游水,,
H120,26/08/2024,踱步,沙田,內圈,沙田 內圈,,,,,,黃智弘,,倒快兩圈,H,內圈 倒快兩圈 (黃智弘)
H120,25/08/2024,游水,沙田,,沙田,,,,,,,,游水,,
H120,25/08/2024,踱步,沙田,內圈,沙田 內圈,,,,,,黃智弘,,快踱一圈,H,內圈 快踱一圈 (黃智弘)
H120,24/08/2024,快操,沙田,全天候,沙田 全天候,,51.3,51.3,27.0 24.3,,黃智弘,,快操,H,27.0 24.3 (51.3) (黃智弘)
H120,23/08/2024,游水,沙田,,沙田,,,,,,,,游水,,
H120,23/08/2024,踱步,沙田,內圈,沙田 內圈,,,,,,黃智弘,,快踱兩圈,H,內圈 快踱兩圈 (黃智弘)
H120,22/08/2024,游水,沙田,,沙田,,,,,,,,游水,,
H120,22/08/2024,踱步,沙田,內圈,沙田 內圈,,,,,,黃智弘,,倒快兩圈,H,內圈 倒快兩圈 (黃智弘)
H120,21/08/2024,游水,沙田,,沙田,,,,,,,,游水,,
H120,21/08/2024,踱步,沙田,內圈,沙田 內圈,,,,,,黃智弘,,快踱兩圈,H,內圈 快踱兩圈 (黃智弘)
H120,20/08/2024,游水,沙田,,沙田,,,,,,,,游水,,
H120,20/08/2024,踱步,沙田,內圈,沙田 內圈,,,,,,黃智弘,,快踱兩圈,H,內圈 快踱兩圈 (黃智弘)
H120,19/08/2024,游水,沙田,,沙田,,,,,,,,游水,,
H120,19/08/2024,快操,沙田,全天候,沙田 全天候,,1.29.2,89.2,33.4 29.8 26.0,,助手,,快操,H,33.4 29.8 26.0 (1.29.2) (助手)
H120,18/08/2024,游水,沙田,,沙田,,,,,,,,游水,,
H120,18/08/2024,踱步,沙田,內圈,沙田 內圈,,,,,,助手,,快踱一圈,H,內圈 快踱一圈 (助手)
H120,17/08/2024,游水,沙田,,沙田,,,,,,,,游水,,
H120,17/08/2024,踱步,沙田,內圈,沙田 內圈,,,,,,黃智弘,,快踱兩圈,H,內圈 快踱兩圈 (黃智弘)
H120,16/08/2024,游水,沙田,,沙田,,,,,,,,游水,,
H120,16/08/2024,踱步,沙田,內圈,沙田 內圈,,,,,,助手,,快踱兩圈,H,內圈 快踱兩圈 (助手)
H120,15/08/2024,快操,沙田,全天候,沙田 全天候,,57.1,57.1,29.6 27.5,,助手,,快操,H,29.6 27.5 (57.1) (助手)
H120,15/08/2024,踱步,沙田,飛機場,沙田 飛機場,,,,,,助手,,踱步,H,飛機場 踱步 (助手)
H120,14/08/2024,游水,沙田,,沙田,,,,,,,,游水,,
H120,14/08/2024,踱步,沙田,內圈,沙田 內圈,,,,,,黃智弘,,快踱兩圈,H,內圈 快踱兩圈 (黃智弘)
H120,13/08/2024,游水,沙田,,沙田,,,,,,,,游水,,
H120,13/08/2024,踱步,沙田,內圈,沙田 內圈,,,,,,黃智弘,,快踱兩圈,H,內圈 快踱兩圈 (黃智弘)
H120,12/08/2024,游水,沙田,,沙田,,,,,,,,游水,,
H120,12/08/2024,踱步,沙田,內圈,沙田 內圈,,,,,,黃智弘,,倒快兩圈,H,內圈 倒快兩圈 (黃智弘)
H120,11/08/2024,游水,沙田,,沙田,,,,,,,,游水,,
H120,11/08/2024,踱步,沙田,內圈,沙田 內圈,,,,,,黃智弘,,快踱兩圈,H,內圈 快踱兩圈 (黃智弘)
H120,10/08/2024,快操,沙田,全天候,沙田 全天候,,58.4,58.4,30.4 28.0,,黃智弘,,快操,H,30.4 28.0 (58.4) (黃智弘)
H120,09/08/2024,游水,沙田,,沙田,,,,,,,,游水,,
H120,09/08/2024,踱步,沙田,內圈,沙田 內圈,,,,,,黃智弘,,快踱一圈,H,內圈 快踱一圈 (黃智弘)
H120,08/08/2024,游水,沙田,,沙田,,,,,,,,游水,,
H120,08/08/2024,踱步,沙田,內圈,沙田 內圈,,,,,,黃智弘,,倒快兩圈,H,內圈 倒快兩圈 (黃智弘)
H120,07/08/2024,游水,沙田,,沙田,,,,,,,,游水,,
H120,07/08/2024,踱步,沙田,內圈,沙田 內圈,,,,,,黃智弘,,快踱兩圈,H,內圈 快踱兩圈 (黃智弘)
H120,06/08/2024,游水,沙田,,沙田,,,,,,,,游水,,
H120,06/08/2024,踱步,沙田,內圈,沙田 內圈,,,,,,黃智弘,,快踱兩圈,H,內圈 快踱兩圈 (黃智弘)
H120,05/08/2024,游水,沙田,,沙田,,,,,,,,游水,,
H120,05/08/2024,踱步,沙田,內圈,沙田 內圈,,,,,,助手,,倒快兩圈,H,內圈 倒快兩圈 (助手)
H120,04/08/2024,游水,沙田,,沙田,,,,,,,,游水,,
H120,04/08/2024,踱步,沙田,內圈,沙田 內圈,,,,,,助手,,快踱兩圈,H,內圈 快踱兩圈 (助手)
H120,03/08/2024,游水,沙田,,沙田,,,,,,,,游水,,
H120,03/08/2024,踱步,沙田,內圈,沙田 內圈,,,,,,助手,,快踱兩圈,H,內圈 快踱兩圈 (助手)
H120,02/08/2024,踱步,沙田,內圈,沙田 內圈,,,,,,助手,,快踱兩圈,H,內圈 快踱兩圈 (助手)
H120,01/08/2024,踱步,沙田,內圈,沙田 內圈,,,,,,助手,,快踱一圈,H,內圈 快踱一圈 (助手)
H120,31/07/2024,踱步,沙田,內圈,沙田 內圈,,,,,,助手,,快踱一圈,H,內圈 快踱一圈 (助手)
H120,30/07/2024,踱步,沙田,內圈,沙田 內圈,,,,,,助手,,快踱一圈,PH,內圈 快踱一圈 (助手)
H120,28/07/2024,踱步,沙田,飛機場,沙田 飛機場,,,,,,助手,,踱步,H,飛機場 踱步 (助手)
H120,27/07/2024,踱步,沙田,飛機場,沙田 飛機場,,,,,,助手,,踱步,H,飛機場 踱步 (助手)
H120,26/07/2024,踱步,沙田,飛機場,沙田 飛機場,,,,,,助手,,踱步,H,飛機場 踱步 (助手)
H120,25/07/2024,踱步,沙田,飛機場,沙田 飛機場,,,,,,助手,,踱步,H,飛機場 踱步 (助手)
H120,24/07/2024,踱步,沙田,飛機場,沙田 飛機場,,,,,,助手,,踱步,H,飛機場 踱步 (助手)
H120,23/07/2024,踱步,沙田,飛機場,沙田 飛機場,,,,,,助手,,踱步,H,飛機場 踱步 (助手)
H120,22/07/2024,踱步,沙田,飛機場,沙田 飛機場,,,,,,助手,,踱步,H,飛機場 踱步 (助手)
H120,10/07/2024,出賽,跑馬地,草地,跑馬地 草地,1800M,,,,,何澤堯,6/12,出賽,H/P/TT,1800M (何澤堯) (6/12)
H120,10/07/2024,踱步,沙田,飛機場,沙田 飛機場,,,,,,助手,,踱步,H,飛機場 踱步 (助手)
H120,09/07/2024,游水,沙田,,沙田,,,,,,,,游水,,
H120,09/07/2024,踱步,沙田,內圈,沙田 內圈,,,,,,黃智弘,,快踱兩圈,H,內圈 快踱兩圈 (黃智弘)
H120,08/07/2024,快操,沙田,全天候,沙田 全天候,,54.1,54.1,29.5 24.6,,黃智弘,,快操,H,29.5 24.6 (54.1) (黃智弘)
H120,08/07/2024,踱步,沙田,飛機場,沙田 飛機場,,,,,,黃智弘,,踱步,H,飛機場 踱步 (黃智弘)
H120,07/07/2024,游水,沙田,,沙田,,,,,,,,游水,,
H120,07/07/2024,踱步,沙田,外圈,沙田 外圈,,,,,,黃智弘,,快踱一圈,H,外圈 快踱一圈 (黃智弘)
H120,06/07/2024,游水,沙田,,沙田,,,,,,,,游水,,
H120,06/07/2024,踱步,沙田,內圈,沙田 內圈,,,,,,助手,,快踱兩圈,H,內圈 快踱兩圈 (助手)
H120,05/07/2024,快操,沙田,全天候,沙田 全天候,,1.27.8,87.8,30.0 30.1 27.7,,助手,,快操,H,30.0 30.1 27.7 (1.27.8) (助手)
H120,04/07/2024,游水,沙田,,沙田,,,,,,,,游水,,
H120,04/07/2024,踱步,沙田,內圈,沙田 內圈,,,,,,黃智弘,,倒快兩圈,H,內圈 倒快兩圈 (黃智弘)
H120,03/07/2024,游水,沙田,,沙田,,,,,,,,游水,,
H120,03/07/2024,踱步,沙田,內圈,沙田 內圈,,,,,,助手,,快踱兩圈,H,內圈 快踱兩圈 (助手)
H120,02/07/2024,游水,沙田,,沙田,,,,,,,,游水,,
H120,02/07/2024,踱步,沙田,內圈,沙田 內圈,,,,,,助手,,快踱兩圈,H,內圈 快踱兩圈 (助手)
H120,01/07/2024,游水,沙田,,沙田,,,,,,,,游水,,
H120,01/07/2024,踱步,沙田,內圈,沙田 內圈,,,,,,助手,,倒快兩圈,H,內圈 倒快兩圈 (助手)
H120,30/06/2024,游水,沙田,,沙田,,,,,,,,游水,,
H120,30/06/2024,踱步,沙田,內圈,沙田 內圈,,,,,,助手,,快踱一圈,H,內圈 快踱一圈 (助手)
H120,29/06/2024,游水,沙田,,沙田,,,,,,,,游水,,
H120,29/06/2024,踱步,沙田,內圈,沙田 內圈,,,,,,助手,,快踱兩圈,H,內圈 快踱兩圈 (助手)
H120,28/06/2024,游水,沙田,,沙田,,,,,,,,游水,,
H120,28/06/2024,踱步,沙田,內圈,沙田 內圈,,,,,,助手,,快踱兩圈,H,內圈 快踱兩圈 (助手)
H120,27/06/2024,游水,沙田,,沙田,,,,,,,,游水,,
H120,27/06/2024,踱步,沙田,內圈,沙田 內圈,,,,,,助手,,倒快兩圈,H,內圈 倒快兩圈 (助手)
H120,26/06/2024,游水,沙田,,沙田,,,,,,,,游水,,
H120,26/06/2024,踱步,沙田,內圈,沙田 內圈,,,,,,助手,,快踱一圈,H,內圈 快踱一圈 (助手)
H120,25/06/2024,踱步,沙田,飛機場,沙田 飛機場,,,,,,助手,,踱步,H,飛機場 踱步 (助手)
H120,23/06/2024,出賽,沙田,全天候,沙田 全天候,1650M,,,,,黃智弘,2/9,出賽,H/P/TT,1650M (黃智弘) (2/9)
H120,23/06/2024,踱步,沙田,飛機場,沙田 飛機場,,,,,,助手,,踱步,H,飛機場 踱步 (助手)
H120,22/06/2024,游水,沙田,,沙田,,,,,,,,游水,,
H120,22/06/2024,踱步,沙田,內圈,沙田 內圈,,,,,,黃智弘,,快踱兩圈,H,內圈 快踱兩圈 (黃智弘)
H120,21/06/2024,游水,沙田,,沙田,,,,,,,,游水,,
H120,21/06/2024,踱步,沙田,內圈,沙田 內圈,,,,,,黃智弘,,快踱兩圈,H,內圈 快踱兩圈 (黃智弘)
H120,20/06/2024,游水,沙田,,沙田,,,,,,,,游水,,
H120,20/06/2024,踱步,沙田,內圈,沙田 內圈,,,,,,助手,,倒快兩圈,H,內圈 倒快兩圈 (助手)
H120,19/06/2024,游水,沙田,,沙田,,,,,,,,游水,,
H120,18/06/2024,游水,沙田,,沙田,,,,,,,,游水,,
H120,18/06/2024,踱步,沙田,內圈,沙田 內圈,,,,,,助手,,快踱兩圈,H,內圈 快踱兩圈 (助手)
H120,17/06/2024,快操,沙田,全天候,沙田 全天候,,1.23.8,83.8,30.2 28.2 25.4,,助手,,快操,H,30.2 28.2 25.4 (1.23.8) (助手)
H120,17/06/2024,踱步,沙田,飛機場,沙田 飛機場,,,,,,助手,,踱步,H,飛機場 踱步 (助手)
H120,16/06/2024,游水,沙田,,沙田,,,,,,,,游水,,
H120,16/06/2024,踱步,沙田,內圈,沙田 內圈,,,,,,助手,,快踱一圈,H,內圈 快踱一圈 (助手)
H120,15/06/2024,游水,沙田,,沙田,,,,,,,,游水,,
H120,15/06/2024,踱步,沙田,內圈,沙田 內圈,,,,,,助手,,快踱兩圈,H,內圈 快踱兩圈 (助手)
H120,14/06/2024,游水,沙田,,沙田,,,,,,,,游水,,
H120,14/06/2024,踱步,沙田,內圈,沙田 內圈,,,,,,黃智弘,,快踱兩圈,H,內圈 快踱兩圈 (黃智弘)
H120,13/06/2024,游水,沙田,,沙田,,,,,,,,游水,,
H120,13/06/2024,踱步,沙田,內圈,沙田 內圈,,,,,,黃智弘,,倒快兩圈,H,內圈 倒快兩圈 (黃智弘)
H120,12/06/2024,游水,沙田,,沙田,,,,,,,,游水,,
H120,12/06/2024,踱步,沙田,內圈,沙田 內圈,,,,,,黃智弘,,快踱兩圈,H,內圈 快踱兩圈 (黃智弘)
H120,11/06/2024,游水,沙田,,沙田,,,,,,,,游水,,
H120,11/06/2024,踱步,沙田,內圈,沙田 內圈,,,,,,黃智弘,,快踱兩圈,H,內圈 快踱兩圈 (黃智弘)
H120,10/06/2024,快操,沙田,草地,沙田 草地,,56.6,56.6,32.6 24.0,,黃智弘,,快操,H,32.6 24.0 (56.6) (黃智弘)
H120,09/06/2024,游水,沙田,,沙田,,,,,,,,游水,,
H120,09/06/2024,踱步,沙田,內圈,沙田 內圈,,,,,,黃智弘,,快踱一圈,H,內圈 快踱一圈 (黃智弘)
H120,08/06/2024,游水,沙田,,沙田,,,,,,,,游水,,
H120,08/06/2024,踱步,沙田,內圈,沙田 內圈,,,,,,助手,,快踱兩圈,H,內圈 快踱兩圈 (助手)
H120,07/06/2024,游水,沙田,,沙田,,,,,,,,游水,,
H120,07/06/2024,踱步,沙田,內圈,沙田 內圈,,,,,,黃智弘,,快踱兩圈,H,內圈 快踱兩圈 (黃智弘)
H120,06/06/2024,游水,沙田,,沙田,,,,,,,,游水,,
H120,06/06/2024,踱步,沙田,內圈,沙田 內圈,,,,,,黃智弘,,倒快兩圈,H,內圈 倒快兩圈 (黃智弘)
H120,05/06/2024,游水,沙田,,沙田,,,,,,,,游水,,
H120,05/06/2024,踱步,沙田,內圈,沙田 內圈,,,,,,黃智弘,,快踱兩圈,H,內圈 快踱兩圈 (黃智弘)
H120,04/06/2024,踱步,沙田,內圈,沙田 內圈,,,,,,陳嘉熙,,快踱兩圈,H,內圈 快踱兩圈 (陳嘉熙)
H120,03/06/2024,游水,沙田,,沙田,,,,,,,,游水,,
H120,03/06/2024,踱步,沙田,內圈,沙田 內圈,,,,,,助手,,倒快兩圈,H,內圈 倒快兩圈 (助手)
H120,02/06/2024,游水,沙田,,沙田,,,,,,,,游水,,
H120,02/06/2024,踱步,沙田,內圈,沙田 內圈,,,,,,助手,,快踱一圈,H,內圈 快踱一圈 (助手)
H120,01/06/2024,游水,沙田,,沙田,,,,,,,,游水,,
H120,01/06/2024,踱步,沙田,內圈,沙田 內圈,,,,,,助手,,快踱兩圈,H,內圈 快踱兩圈 (助手)
H120,31/05/2024,踱步,沙田,飛機場,沙田 飛機場,,,,,,黃智弘,,踱步,H,飛機場 踱步 (黃智弘)
H120,29/05/2024,出賽,沙田,全天候,沙田 全天候,1650M,,,,,巴度,3/14,出賽,H/P/TT,1650M (巴度) (3/14)
H120,29/05/2024,踱步,沙田,飛機場,沙田 飛機場,,,,,,助手,,踱步,H,飛機場 踱步 (助手)
H120,28/05/2024,游水,沙田,,沙田,,,,,,,,游水,,
H120,28/05/2024,踱步,沙田,內圈,沙田 內圈,,,,,,黃智弘,,快踱兩圈,H,內圈 快踱兩圈 (黃智弘)
H120,27/05/2024,游水,沙田,,沙田,,,,,,,,游水,,
H120,27/05/2024,踱步,沙田,內圈,沙田 內圈,,,,,,黃智弘,,倒快兩圈,H,內圈 倒快兩圈 (黃智弘)
H120,26/05/2024,游水,沙田,,沙田,,,,,,,,游水,,
H120,26/05/2024,踱步,沙田,內圈,沙田 內圈,,,,,,助手,,快踱兩圈,H,內圈 快踱兩圈 (助手)
H120,25/05/2024,游水,沙田,,沙田,,,,,,,,游水,,
H120,25/05/2024,踱步,沙田,內圈,沙田 內圈,,,,,,黃智弘,,快踱一圈,H,內圈 快踱一圈 (黃智弘)
H120,24/05/2024,游水,沙田,,沙田,,,,,,,,游水,,
H120,24/05/2024,踱步,沙田,內圈,沙田 內圈,,,,,,黃智弘,,快踱兩圈,H,內圈 快踱兩圈 (黃智弘)
H120,23/05/2024,游水,沙田,,沙田,,,,,,,,游水,,
H120,23/05/2024,踱步,沙田,內圈,沙田 內圈,,,,,,黃智弘,,倒快兩圈,H,內圈 倒快兩圈 (黃智弘)
H120,22/05/2024,游水,沙田,,沙田,,,,,,,,游水,,
H120,22/05/2024,踱步,沙田,內圈,沙田 內圈,,,,,,黃智弘,,快踱一圈,H,內圈 快踱一圈 (黃智弘)
H120,21/05/2024,游水,沙田,,沙田,,,,,,,,游水,,
H120,21/05/2024,踱步,沙田,內圈,沙田 內圈,,,,,,助手,,快踱兩圈,H,內圈 快踱兩圈 (助手)
H120,20/05/2024,游水,沙田,,沙田,,,,,,,,游水,,
H120,20/05/2024,踱步,沙田,內圈,沙田 內圈,,,,,,黃智弘,,倒快兩圈,H,內圈 倒快兩圈 (黃智弘)
H120,19/05/2024,游水,沙田,,沙田,,,,,,,,游水,,
H120,19/05/2024,踱步,沙田,內圈,沙田 內圈,,,,,,黃智弘,,快踱一圈,H,內圈 快踱一圈 (黃智弘)
H120,18/05/2024,游水,沙田,,沙田,,,,,,,,游水,,
H120,18/05/2024,踱步,沙田,內圈,沙田 內圈,,,,,,黃智弘,,快踱兩圈,H,內圈 快踱兩圈 (黃智弘)
H120,17/05/2024,游水,沙田,,沙田,,,,,,,,游水,,
H120,16/05/2024,試閘,沙田,全天候,沙田 全天候,1200M,1.10.78,70.78,24.4 23.2 23.1,瑪瑙,巴度,,第3組,H/P,第3組 (巴度) 1200M 瑪瑙 24.4 23.2 23.1 (1.10.78)
H120,15/05/2024,游水,沙田,,沙田,,,,,,,,游水,,
H120,15/05/2024,踱步,沙田,內圈,沙田 內圈,,,,,,黃智弘,,快踱一圈,H,內圈 快踱一圈 (黃智弘)
H120,14/05/2024,游水,沙田,,沙田,,,,,,,,游水,,
H120,14/05/2024,踱步,沙田,內圈,沙田 內圈,,,,,,陳嘉熙,,快踱兩圈,H,內圈 快踱兩圈 (陳嘉熙)
H120,13/05/2024,游水,沙田,,沙田,,,,,,,,游水,,
H120,13/05/2024,踱步,沙田,內圈,沙田 內圈,,,,,,陳嘉熙,,倒快兩圈,H,內圈 倒快兩圈 (陳嘉熙)
H120,12/05/2024,游水,沙田,,沙田,,,,,,,,游水,,
H120,12/05/2024,踱步,沙田,內圈,沙田 內圈,,,,,,助手,,快踱一圈,H,內圈 快踱一圈 (助手)
H120,11/05/2024,游水,沙田,,沙田,,,,,,,,游水,,
H120,11/05/2024,踱步,沙田,內圈,沙田 內圈,,,,,,助手,,快踱兩圈,H,內圈 快踱兩圈 (助手)
H120,10/05/2024,游水,沙田,,沙田,,,,,,,,游水,,
H120,10/05/2024,踱步,沙田,內圈,沙田 內圈,,,,,,助手,,快踱兩圈,H,內圈 快踱兩圈 (助手)
H120,09/05/2024,踱步,從化,內圈,從化 內圈,,,,,,助手,,倒快兩圈,H,內圈 倒快兩圈 (助手)
H120,08/05/2024,游水,從化,,從化,,,,,,,,游水,,
H120,08/05/2024,踱步,從化,內圈,從化 內圈,,,,,,助手,,快踱一圈,H,內圈 快踱一圈 (助手)
H120,06/05/2024,試閘,從化,草地,從化 草地,1000M,0.58.92,58.92,14.0 21.8 23.1,添開心,王聲虎,,第1組,H/P,第1組 (王聲虎) 1000M 添開心 14.0 21.8 23.1 (0.58.92)
H120,05/05/2024,游水,從化,,從化,,,,,,,,游水,,
H120,05/05/2024,踱步,從化,內圈,從化 內圈,,,,,,助手,,快踱兩圈,H,內圈 快踱兩圈 (助手)
H120,04/05/2024,游水,從化,,從化,,,,,,,,游水,,
H120,04/05/2024,踱步,從化,內圈,從化 內圈,,,,,,助手,,快踱兩圈,H,內圈 快踱兩圈 (助手)
H120,03/05/2024,游水,從化,,從化,,,,,,,,游水,,
H120,03/05/2024,踱步,從化,內圈,從化 內圈,,,,,,助手,,快踱兩圈,H,內圈 快踱兩圈 (助手)
H120,02/05/2024,游水,從化,,從化,,,,,,,,游水,,
H120,02/05/2024,踱步,從化,內圈,從化 內圈,,,,,,助手,,倒快兩圈,H,內圈 倒快兩圈 (助手)
H120,01/05/2024,游水,從化,,從化,,,,,,,,游水,,
H120,01/05/2024,踱步,從化,內圈,從化 內圈,,,,,,助手,,快踱一圈,H,內圈 快踱一圈 (助手)
H120,30/04/2024,游水,從化,,從化,,,,,,,,游水,,
H120,30/04/2024,快操,從化,草地,從化 草地,,52.7,52.7,27.6 25.1,,助手,,快操,H,27.6 25.1 (52.7) (助手)
H120,30/04/2024,踱步,從化,飛機場,從化 飛機場,,,,,,助手,,踱步,H,飛機場 踱步 (助手)
H120,29/04/2024,游水,從化,,從化,,,,,,,,游水,,
H120,29/04/2024,踱步,從化,內圈,從化 內圈,,,,,,助手,,倒快兩圈,H,內圈 倒快兩圈 (助手)
H120,28/04/2024,游水,從化,,從化,,,,,,,,游水,,
H120,28/04/2024,踱步,從化,內圈,從化 內圈,,,,,,助手,,快踱一圈,H,內圈 快踱一圈 (助手)
H120,27/04/2024,游水,從化,,從化,,,,,,,,游水,,
H120,27/04/2024,快操,從化,草地,從化 草地,,52.6,52.6,28.1 24.5,,助手,,尋寶勇士,H,28.1 24.5 (52.6) (助手) 尋寶勇士
H120,27/04/2024,踱步,從化,飛機場,從化 飛機場,,,,,,助手,,踱步,H,飛機場 踱步 (助手)
H120,26/04/2024,游水,從化,,從化,,,,,,,,游水,,
H120,26/04/2024,踱步,從化,內圈,從化 內圈,,,,,,助手,,快踱一圈,H,內圈 快踱一圈 (助手)
H120,25/04/2024,游水,從化,,從化,,,,,,,,游水,,
H120,25/04/2024,踱步,從化,內圈,從化 內圈,,,,,,助手,,倒快兩圈,H,內圈 倒快兩圈 (助手)
H120,24/04/2024,游水,從化,,從化,,,,,,,,游水,,
H120,24/04/2024,踱步,從化,內圈,從化 內圈,,,,,,助手,,快踱兩圈,H,內圈 快踱兩圈 (助手)
H120,23/04/2024,游水,從化,,從化,,,,,,,,游水,,
H120,23/04/2024,快操,從化,草地,從化 草地,,56.0,56.0,29.0 27.0,,助手,,快操,H,29.0 27.0 (56.0) (助手)
H120,23/04/2024,踱步,從化,飛機場,從化 飛機場,,,,,,助手,,踱步,H,飛機場 踱步 (助手)
H120,22/04/2024,游水,從化,,從化,,,,,,,,游水,,
H120,22/04/2024,踱步,從化,內圈,從化 內圈,,,,,,助手,,倒快兩圈,H,內圈 倒快兩圈 (助手)
H120,21/04/2024,游水,從化,,從化,,,,,,,,游水,,
H120,21/04/2024,踱步,從化,內圈,從化 內圈,,,,,,助手,,快踱一圈,H,內圈 快踱一圈 (助手)
H120,20/04/2024,游水,從化,,從化,,,,,,,,游水,,
H120,20/04/2024,快操,從化,草地,從化 草地,,54.8,54.8,28.2 26.6,,助手,,快操,H,28.2 26.6 (54.8) (助手)
H120,20/04/2024,踱步,從化,飛機場,從化 飛機場,,,,,,助手,,踱步,H,飛機場 踱步 (助手)
H120,19/04/2024,游水,從化,,從化,,,,,,,,游水,,
H120,19/04/2024,踱步,從化,內圈,從化 內圈,,,,,,助手,,快踱兩圈,H,內圈 快踱兩圈 (助手)
H120,18/04/2024,游水,從化,,從化,,,,,,,,游水,,
H120,18/04/2024,踱步,從化,內圈,從化 內圈,,,,,,助手,,倒快兩圈,H,內圈 倒快兩圈 (助手)
H120,17/04/2024,游水,從化,,從化,,,,,,,,游水,,
H120,17/04/2024,踱步,從化,內圈,從化 內圈,,,,,,助手,,快踱兩圈,H,內圈 快踱兩圈 (助手)
H120,16/04/2024,游水,從化,,從化,,,,,,,,游水,,
H120,16/04/2024,踱步,從化,內圈,從化 內圈,,,,,,助手,,快踱兩圈,H,內圈 快踱兩圈 (助手)
H120,15/04/2024,游水,從化,,從化,,,,,,,,游水,,
H120,15/04/2024,踱步,從化,內圈,從化 內圈,,,,,,助手,,倒快兩圈,H,內圈 倒快兩圈 (助手)
H120,14/04/2024,游水,從化,,從化,,,,,,,,游水,,
H120,14/04/2024,踱步,從化,內圈,從化 內圈,,,,,,助手,,快踱一圈,H,內圈 快踱一圈 (助手)
H120,13/04/2024,游水,從化,,從化,,,,,,,,游水,,
H120,13/04/2024,快操,從化,草地,從化 草地,,57.9,57.9,30.3 27.6,,助手,,快操,H,30.3 27.6 (57.9) (助手)
H120,13/04/2024,踱步,從化,飛機場,從化 飛機場,,,,,,助手,,踱步,H,飛機場 踱步 (助手)
H120,12/04/2024,游水,從化,,從化,,,,,,,,游水,,
H120,12/04/2024,踱步,從化,內圈,從化 內圈,,,,,,助手,,快踱兩圈,H,內圈 快踱兩圈 (助手)
H120,11/04/2024,游水,從化,,從化,,,,,,,,游水,,
H120,11/04/2024,踱步,從化,內圈,從化 內圈,,,,,,助手,,倒快兩圈,H,內圈 倒快兩圈 (助手)
H120,10/04/2024,游水,從化,,從化,,,,,,,,游水,,
H120,10/04/2024,踱步,從化,內圈,從化 內圈,,,,,,助手,,快踱兩圈,H,內圈 快踱兩圈 (助手)
H120,09/04/2024,游水,從化,,從化,,,,,,,,游水,,
H120,09/04/2024,踱步,從化,內圈,從化 內圈,,,,,,助手,,快踱兩圈,H,內圈 快踱兩圈 (助手)
H120,08/04/2024,游水,從化,,從化,,,,,,,,游水,,
H120,08/04/2024,踱步,從化,內圈,從化 內圈,,,,,,助手,,倒快兩圈,H,內圈 倒快兩圈 (助手)
H120,07/04/2024,游水,從化,,從化,,,,,,,,游水,,
H120,07/04/2024,踱步,從化,內圈,從化 內圈,,,,,,助手,,快踱一圈,H,內圈 快踱一圈 (助手)
H120,06/04/2024,游水,從化,,從化,,,,,,,,游水,,
H120,06/04/2024,踱步,從化,內圈,從化 內圈,,,,,,助手,,快踱一圈,H,內圈 快踱一圈 (助手)
H120,05/04/2024,游水,從化,,從化,,,,,,,,游水,,
H120,05/04/2024,踱步,從化,內圈,從化 內圈,,,,,,助手,,快踱一圈,H,內圈 快踱一圈 (助手)
H120,04/04/2024,游水,從化,,從化,,,,,,,,游水,,
H120,04/04/2024,踱步,從化,內圈,從化 內圈,,,,,,助手,,倒快一圈,H,內圈 倒快一圈 (助手)
H120,03/04/2024,游水,從化,,從化,,,,,,,,游水,,
H120,03/04/2024,踱步,從化,內圈,從化 內圈,,,,,,助手,,快踱一圈,H,內圈 快踱一圈 (助手)
H120,02/04/2024,游水,從化,,從化,,,,,,,,游水,,
H120,02/04/2024,踱步,從化,內圈,從化 內圈,,,,,,助手,,快踱一圈,H,內圈 快踱一圈 (助手)
H120,01/04/2024,游水,從化,,從化,,,,,,,,游水,,
H120,01/04/2024,踱步,從化,內圈,從化 內圈,,,,,,助手,,倒快一圈,H,內圈 倒快一圈 (助手)
H120,31/03/2024,游水,從化,,從化,,,,,,,,游水,,
H120,31/03/2024,踱步,從化,內圈,從化 內圈,,,,,,助手,,快踱一圈,H,內圈 快踱一圈 (助手)
H120,30/03/2024,游水,從化,,從化,,,,,,,,游水,,
H120,30/03/2024,踱步,從化,內圈,從化 內圈,,,,,,助手,,快踱一圈,H,內圈 快踱一圈 (助手)
H120,29/03/2024,游水,從化,,從化,,,,,,,,游水,,
H120,29/03/2024,踱步,從化,內圈,從化 內圈,,,,,,助手,,快踱一圈,H,內圈 快踱一圈 (助手)
H120,28/03/2024,游水,從化,,從化,,,,,,,,游水,,
H120,28/03/2024,踱步,從化,內圈,從化 內圈,,,,,,助手,,倒快一圈,H,內圈 倒快一圈 (助手)
H120,27/03/2024,游水,從化,,從化,,,,,,,,游水,,
H120,27/03/2024,踱步,從化,內圈,從化 內圈,,,,,,助手,,快踱一圈,H,內圈 快踱一圈 (助手)
H120,26/03/2024,游水,從化,,從化,,,,,,,,游水,,
H120,26/03/2024,踱步,從化,內圈,從化 內圈,,,,,,助手,,快踱一圈,H,內圈 快踱一圈 (助手)
H120,25/03/2024,游水,從化,,從化,,,,,,,,游水,,
H120,25/03/2024,踱步,從化,內圈,從化 內圈,,,,,,助手,,倒快一圈,H,內圈 倒快一圈 (助手)
H120,24/03/2024,游水,從化,,從化,,,,,,,,游水,,
H120,24/03/2024,踱步,從化,內圈,從化 內圈,,,,,,助手,,快踱一圈,H,內圈 快踱一圈 (助手)
H120,23/03/2024,游水,從化,,從化,,,,,,,,游水,,
H120,23/03/2024,踱步,從化,內圈,從化 內圈,,,,,,助手,,快踱一圈,H,內圈 快踱一圈 (助手)
H120,22/03/2024,游水,從化,,從化,,,,,,,,游水,,
H120,22/03/2024,踱步,從化,飛機場,從化 飛機場,,,,,,助手,,踱步,,飛機場 踱步 (助手)
H120,21/03/2024,游水,從化,,從化,,,,,,,,游水,,
H120,21/03/2024,踱步,從化,飛機場,從化 飛機場,,,,,,助手,,踱步,,飛機場 踱步 (助手)
H120,20/03/2024,游水,從化,,從化,,,,,,,,游水,,
H120,20/03/2024,踱步,從化,飛機場,從化 飛機場,,,,,,助手,,踱步,,飛機場 踱步 (助手)
H120,19/03/2024,游水,從化,,從化,,,,,,,,游水,,
H120,19/03/2024,踱步,從化,飛機場,從化 飛機場,,,,,,助手,,踱步,,飛機場 踱步 (助手)
H120,18/03/2024,游水,從化,,從化,,,,,,,,游水,,
H120,18/03/2024,踱步,從化,飛機場,從化 飛機場,,,,,,助手,,踱步,,飛機場 踱步 (助手)
H120,17/03/2024,游水,從化,,從化,,,,,,,,游水,,
H120,17/03/2024,踱步,從化,飛機場,從化 飛機場,,,,,,助手,,踱步,,飛機場 踱步 (助手)
H120,16/03/2024,游水,從化,,從化,,,,,,,,游水,,
H120,16/03/2024,踱步,從化,飛機場,從化 飛機場,,,,,,助手,,踱步,,飛機場 踱步 (助手)
H120,15/03/2024,游水,從化,,從化,,,,,,,,游水,,
H120,14/03/2024,游水,從化,,從化,,,,,,,,游水,,
H120,13/03/2024,游水,從化,,從化,,,,,,,,游水,,
H120,12/03/2024,游水,從化,,從化,,,,,,,,游水,,
H120,11/03/2024,游水,從化,,從化,,,,,,,,游水,,
H120,10/03/2024,游水,從化,,從化,,,,,,,,游水,,
H120,09/03/2024,游水,從化,,從化,,,,,,,,游水,,
H120,08/03/2024,游水,從化,,從化,,,,,,,,游水,,
H120,07/03/2024,游水,從化,,從化,,,,,,,,游水,,
H120,06/03/2024,游水,從化,,從化,,,,,,,,游水,,
H120,05/03/2024,游水,從化,,從化,,,,,,,,游水,,
H120,04/03/2024,游水,從化,,從化,,,,,,,,游水,,
H120,29/02/2024,游水,從化,,從化,,,,,,,,游水,,
H120,27/02/2024,游水,從化,,從化,,,,,,,,游水,,
H120,26/02/2024,游水,從化,,從化,,,,,,,,游水,,
H120,24/02/2024,游水,從化,,從化,,,,,,,,游水,,
H120,19/02/2024,游水,沙田,,沙田,,,,,,,,游水,,
H120,18/02/2024,游水,沙田,,沙田,,,,,,,,游水,,
H120,17/02/2024,游水,沙田,,沙田,,,,,,,,游水,,
H120,16/02/2024,踱步,從化,內圈,從化 內圈,,,,,,助手,,快踱兩圈,H,內圈 快踱兩圈 (助手)
H120,15/02/2024,游水,從化,,從化,,,,,,,,游水,,
H120,15/02/2024,快操,從化,草地,從化 草地,,52.7,52.7,28.4 24.3,,助手,,包裝旋風,H,28.4 24.3 (52.7) (助手) 包裝旋風
H120,15/02/2024,踱步,從化,飛機場,從化 飛機場,,,,,,助手,,踱步,H,飛機場 踱步 (助手)
H120,14/02/2024,游水,從化,,從化,,,,,,,,游水,,
H120,14/02/2024,踱步,從化,內圈,從化 內圈,,,,,,助手,,快踱兩圈,H,內圈 快踱兩圈 (助手)
H120,13/02/2024,游水,從化,,從化,,,,,,,,游水,,
H120,13/02/2024,踱步,從化,內圈,從化 內圈,,,,,,助手,,快踱兩圈,H,內圈 快踱兩圈 (助手)
H120,12/02/2024,游水,從化,,從化,,,,,,,,游水,,
H120,12/02/2024,踱步,從化,內圈,從化 內圈,,,,,,助手,,倒快兩圈,H,內圈 倒快兩圈 (助手)
H120,11/02/2024,游水,從化,,從化,,,,,,,,游水,,
H120,11/02/2024,踱步,從化,飛機場,從化 飛機場,,,,,,助手,,踱步,,飛機場 踱步 (助手)
H120,09/02/2024,快操,從化,全天候,從化 全天候,,56.5,56.5,32.1 24.4,,助手,,快操,H,32.1 24.4 (56.5) (助手)
H120,08/02/2024,游水,從化,,從化,,,,,,,,游水,,
H120,08/02/2024,踱步,從化,內圈,從化 內圈,,,,,,助手,,倒快兩圈,H,內圈 倒快兩圈 (助手)
H120,07/02/2024,游水,從化,,從化,,,,,,,,游水,,
H120,07/02/2024,踱步,從化,內圈,從化 內圈,,,,,,助手,,快踱兩圈,H,內圈 快踱兩圈 (助手)
H120,06/02/2024,游水,從化,,從化,,,,,,,,游水,,
H120,06/02/2024,快操,從化,草地,從化 草地,,1.23.2,83.2,29.6 28.2 25.4,,助手,,快操,H,29.6 28.2 25.4 (1.23.2) (助手)
H120,06/02/2024,踱步,從化,飛機場,從化 飛機場,,,,,,助手,,踱步,H,飛機場 踱步 (助手)
H120,05/02/2024,游水,從化,,從化,,,,,,,,游水,,
H120,05/02/2024,踱步,從化,內圈,從化 內圈,,,,,,助手,,倒快兩圈,H,內圈 倒快兩圈 (助手)
H120,04/02/2024,游水,從化,,從化,,,,,,,,游水,,
H120,04/02/2024,踱步,從化,內圈,從化 內圈,,,,,,助手,,快踱一圈,H,內圈 快踱一圈 (助手)
H120,03/02/2024,游水,從化,,從化,,,,,,,,游水,,
H120,03/02/2024,踱步,從化,內圈,從化 內圈,,,,,,助手,,快踱兩圈,H,內圈 快踱兩圈 (助手)
H120,02/02/2024,游水,從化,,從化,,,,,,,,游水,,
H120,02/02/2024,踱步,從化,內圈,從化 內圈,,,,,,助手,,快踱一圈,H,內圈 快踱一圈 (助手)
H120,01/02/2024,踱步,從化,飛機場,從化 飛機場,,,,,,助手,,踱步,,飛機場 踱步 (助手)
H120,29/01/2024,踱步,從化,內圈,從化 內圈,,,,,,助手,,倒快兩圈,H,內圈 倒快兩圈 (助手)
H120,28/01/2024,游水,從化,,從化,,,,,,,,游水,,
H120,28/01/2024,踱步,從化,內圈,從化 內圈,,,,,,助手,,快踱一圈,H,內圈 快踱一圈 (助手)
H120,27/01/2024,游水,從化,,從化,,,,,,,,游水,,
H120,27/01/2024,踱步,從化,內圈,從化 內圈,,,,,,助手,,快踱一圈,H,內圈 快踱一圈 (助手)
H120,26/01/2024,踱步,沙田,飛機場,沙田 飛機場,,,,,,助手,,踱步,H,飛機場 踱步 (助手)
H120,24/01/2024,出賽,沙田,全天候,沙田 全天候,1650M,,,,,黃智弘,4/14,出賽,H/P/TT,1650M (黃智弘) (4/14)
H120,24/01/2024,踱步,沙田,內圈,沙田 內圈,,,,,,黃智弘,,快踱一圈,H,內圈 快踱一圈 (黃智弘)
H120,23/01/2024,踱步,沙田,內圈,沙田 內圈,,,,,,黃智弘,,快踱兩圈,H,內圈 快踱兩圈 (黃智弘)
H120,22/01/2024,踱步,沙田,內圈,沙田 內圈,,,,,,黃智弘,,倒快兩圈,H,內圈 倒快兩圈 (黃智弘)
H120,21/01/2024,游水,沙田,,沙田,,,,,,,,游水,,
H120,21/01/2024,踱步,沙田,內圈,沙田 內圈,,,,,,助手,,快踱兩圈,H,內圈 快踱兩圈 (助手)
H120,20/01/2024,踱步,從化,內圈,從化 內圈,,,,,,助手,,快踱兩圈,H,內圈 快踱兩圈 (助手)
H120,19/01/2024,游水,從化,,從化,,,,,,,,游水,,
H120,19/01/2024,踱步,從化,內圈,從化 內圈,,,,,,助手,,快踱兩圈,H,內圈 快踱兩圈 (助手)
H120,18/01/2024,游水,從化,,從化,,,,,,,,游水,,
H120,18/01/2024,快操,從化,草地,從化 草地,,1.22.2,82.2,30.1 27.2 24.9,,助手,,快操,H,30.1 27.2 24.9 (1.22.2) (助手)
H120,17/01/2024,游水,從化,,從化,,,,,,,,游水,,
H120,17/01/2024,踱步,從化,內圈,從化 內圈,,,,,,助手,,快踱兩圈,H,內圈 快踱兩圈 (助手)
H120,16/01/2024,游水,從化,,從化,,,,,,,,游水,,
H120,16/01/2024,踱步,從化,內圈,從化 內圈,,,,,,助手,,快踱兩圈,H,內圈 快踱兩圈 (助手)
H120,15/01/2024,游水,從化,,從化,,,,,,,,游水,,
H120,15/01/2024,踱步,從化,內圈,從化 內圈,,,,,,助手,,倒快兩圈,H,內圈 倒快兩圈 (助手)
H120,14/01/2024,游水,從化,,從化,,,,,,,,游水,,
H120,14/01/2024,踱步,從化,內圈,從化 內圈,,,,,,助手,,快踱一圈,H,內圈 快踱一圈 (助手)
H120,13/01/2024,游水,從化,,從化,,,,,,,,游水,,
H120,13/01/2024,踱步,從化,內圈,從化 內圈,,,,,,助手,,快踱兩圈,H,內圈 快踱兩圈 (助手)
H120,12/01/2024,游水,從化,,從化,,,,,,,,游水,,
H120,12/01/2024,踱步,從化,內圈,從化 內圈,,,,,,助手,,快踱兩圈,H,內圈 快踱兩圈 (助手)
H120,11/01/2024,游水,從化,,從化,,,,,,,,游水,,
H120,11/01/2024,快操,從化,草地,從化 草地,,1.21.6,81.6,30.5 26.0 25.1,,助手,,快操,H/P,30.5 26.0 25.1 (1.21.6) (助手)
H120,11/01/2024,踱步,從化,飛機場,從化 飛機場,,,,,,助手,,踱步,H/P,飛機場 踱步 (助手)
H120,10/01/2024,游水,從化,,從化,,,,,,,,游水,,
H120,10/01/2024,踱步,從化,內圈,從化 內圈,,,,,,助手,,快踱兩圈,H,內圈 快踱兩圈 (助手)
H120,09/01/2024,游水,從化,,從化,,,,,,,,游水,,
H120,09/01/2024,踱步,從化,內圈,從化 內圈,,,,,,助手,,快踱兩圈,H,內圈 快踱兩圈 (助手)
H120,08/01/2024,游水,從化,,從化,,,,,,,,游水,,
H120,08/01/2024,踱步,從化,內圈,從化 內圈,,,,,,助手,,倒快兩圈,H,內圈 倒快兩圈 (助手)
H120,07/01/2024,游水,從化,,從化,,,,,,,,游水,,
H120,07/01/2024,踱步,從化,內圈,從化 內圈,,,,,,助手,,快踱一圈,H,內圈 快踱一圈 (助手)
H120,06/01/2024,游水,從化,,從化,,,,,,,,游水,,
H120,06/01/2024,快操,從化,草地,從化 草地,,1.24.6,84.6,30.8 28.2 25.6,,助手,,快操,H,30.8 28.2 25.6 (1.24.6) (助手)
H120,06/01/2024,踱步,從化,飛機場,從化 飛機場,,,,,,助手,,踱步,H,飛機場 踱步 (助手)
H120,05/01/2024,游水,從化,,從化,,,,,,,,游水,,
H120,05/01/2024,踱步,從化,內圈,從化 內圈,,,,,,助手,,快踱兩圈,H,內圈 快踱兩圈 (助手)
H120,04/01/2024,游水,從化,,從化,,,,,,,,游水,,
H120,04/01/2024,踱步,從化,內圈,從化 內圈,,,,,,助手,,倒快兩圈,H,內圈 倒快兩圈 (助手)
H120,03/01/2024,游水,從化,,從化,,,,,,,,游水,,
H120,03/01/2024,踱步,從化,內圈,從化 內圈,,,,,,助手,,快踱兩圈,H,內圈 快踱兩圈 (助手)
H120,02/01/2024,游水,從化,,從化,,,,,,,,游水,,
H120,02/01/2024,快操,從化,草地,從化 草地,,53.0,53.0,27.8 25.2,,助手,,快操,H,27.8 25.2 (53.0) (助手)
H120,02/01/2024,踱步,從化,飛機場,從化 飛機場,,,,,,助手,,踱步,H,飛機場 踱步 (助手)
H120,01/01/2024,游水,從化,,從化,,,,,,,,游水,,
H120,01/01/2024,踱步,從化,內圈,從化 內圈,,,,,,助手,,倒快兩圈,H,內圈 倒快兩圈 (助手)
H120,31/12/2023,游水,從化,,從化,,,,,,,,游水,,
H120,31/12/2023,踱步,從化,內圈,從化 內圈,,,,,,助手,,快踱一圈,H,內圈 快踱一圈 (助手)
H120,30/12/2023,游水,從化,,從化,,,,,,,,游水,,
H120,30/12/2023,踱步,從化,內圈,從化 內圈,,,,,,助手,,快踱兩圈,H,內圈 快踱兩圈 (助手)
H120,29/12/2023,游水,從化,,從化,,,,,,,,游水,,
H120,29/12/2023,踱步,從化,內圈,從化 內圈,,,,,,助手,,快踱兩圈,H,內圈 快踱兩圈 (助手)
H120,28/12/2023,踱步,從化,內圈,從化 內圈,,,,,,助手,,倒快一圈,H,內圈 倒快一圈 (助手)
H120,27/12/2023,踱步,沙田,內圈,沙田 內圈,,,,,,助手,,快踱兩圈,H,內圈 快踱兩圈 (助手)
H120,26/12/2023,游水,沙田,,沙田,,,,,,,,游水,,
H120,26/12/2023,踱步,沙田,內圈,沙田 內圈,,,,,,助手,,快踱一圈,H,內圈 快踱一圈 (助手)
H120,25/12/2023,踱步,沙田,飛機場,沙田 飛機場,,,,,,助手,,踱步,H,飛機場 踱步 (助手)
H120,23/12/2023,出賽,沙田,全天候,沙田 全天候,1650M,,,,,黃智弘,3/14,出賽,H/P/TT,1650M (黃智弘) (3/14)
H120,22/12/2023,踱步,沙田,內圈,沙田 內圈,,,,,,黃智弘,,快踱兩圈,H,內圈 快踱兩圈 (黃智弘)
H120,21/12/2023,踱步,從化,內圈,從化 內圈,,,,,,助手,,倒快兩圈,H,內圈 倒快兩圈 (助手)
H120,20/12/2023,游水,從化,,從化,,,,,,,,游水,,
H120,20/12/2023,踱步,從化,內圈,從化 內圈,,,,,,助手,,快踱兩圈,H,內圈 快踱兩圈 (助手)
H120,19/12/2023,游水,從化,,從化,,,,,,,,游水,,
H120,19/12/2023,快操,從化,草地,從化 草地,,53.1,53.1,27.9 25.2,,助手,,快操,H,27.9 25.2 (53.1) (助手)
H120,19/12/2023,踱步,從化,飛機場,從化 飛機場,,,,,,助手,,踱步,H,飛機場 踱步 (助手)
H120,18/12/2023,游水,從化,,從化,,,,,,,,游水,,
H120,18/12/2023,踱步,從化,內圈,從化 內圈,,,,,,助手,,倒快兩圈,H,內圈 倒快兩圈 (助手)
H120,17/12/2023,踱步,從化,內圈,從化 內圈,,,,,,助手,,快踱一圈,H,內圈 快踱一圈 (助手)
H120,16/12/2023,游水,從化,,從化,,,,,,,,游水,,
H120,16/12/2023,快操,從化,草地,從化 草地,,1.24.4,84.4,30.8 27.2 26.4,,助手,,快操,H,30.8 27.2 26.4 (1.24.4) (助手)
H120,16/12/2023,踱步,從化,飛機場,從化 飛機場,,,,,,助手,,踱步,H,飛機場 踱步 (助手)
H120,15/12/2023,游水,從化,,從化,,,,,,,,游水,,
H120,15/12/2023,踱步,從化,內圈,從化 內圈,,,,,,助手,,快踱兩圈,H,內圈 快踱兩圈 (助手)
H120,14/12/2023,游水,從化,,從化,,,,,,,,游水,,
H120,14/12/2023,踱步,從化,內圈,從化 內圈,,,,,,助手,,倒快兩圈,H,內圈 倒快兩圈 (助手)
H120,13/12/2023,游水,從化,,從化,,,,,,,,游水,,
H120,13/12/2023,踱步,從化,內圈,從化 內圈,,,,,,助手,,快踱兩圈,H,內圈 快踱兩圈 (助手)
H120,12/12/2023,游水,從化,,從化,,,,,,,,游水,,
H120,12/12/2023,踱步,從化,內圈,從化 內圈,,,,,,助手,,快踱兩圈,H,內圈 快踱兩圈 (助手)
H120,11/12/2023,游水,從化,,從化,,,,,,,,游水,,
H120,11/12/2023,踱步,從化,內圈,從化 內圈,,,,,,助手,,倒快兩圈,H,內圈 倒快兩圈 (助手)
H120,10/12/2023,游水,從化,,從化,,,,,,,,游水,,
H120,10/12/2023,踱步,從化,內圈,從化 內圈,,,,,,助手,,快踱一圈,H,內圈 快踱一圈 (助手)
H120,09/12/2023,游水,從化,,從化,,,,,,,,游水,,
H120,09/12/2023,踱步,從化,內圈,從化 內圈,,,,,,助手,,快踱兩圈,H,內圈 快踱兩圈 (助手)
H120,08/12/2023,游水,從化,,從化,,,,,,,,游水,,
H120,08/12/2023,踱步,從化,內圈,從化 內圈,,,,,,助手,,快踱兩圈,H,內圈 快踱兩圈 (助手)
H120,07/12/2023,踱步,從化,內圈,從化 內圈,,,,,,助手,,倒快一圈,H,內圈 倒快一圈 (助手)
H120,06/12/2023,踱步,沙田,內圈,沙田 內圈,,,,,,黃智弘,,快踱一圈,H,內圈 快踱一圈 (黃智弘)
H120,05/12/2023,踱步,沙田,飛機場,沙田 飛機場,,,,,,黃智弘,,踱步,H,飛機場 踱步 (黃智弘)
H120,03/12/2023,出賽,沙田,全天候,沙田 全天候,1650M,,,,,黃智弘,5/11,出賽,H/P/TT,1650M (黃智弘) (5/11)
H120,03/12/2023,踱步,沙田,飛機場,沙田 飛機場,,,,,,助手,,踱步,H,飛機場 踱步 (助手)
H120,02/12/2023,游水,沙田,,沙田,,,,,,,,游水,,
H120,02/12/2023,踱步,沙田,內圈,沙田 內圈,,,,,,黃智弘,,快踱兩圈,H,內圈 快踱兩圈 (黃智弘)
H120,01/12/2023,快操,沙田,全天候,沙田 全天候,,57.6,57.6,30.7 26.9,,助手,,快操,H,30.7 26.9 (57.6) (助手)
H120,01/12/2023,踱步,沙田,飛機場,沙田 飛機場,,,,,,助手,,踱步,H,飛機場 踱步 (助手)
H120,30/11/2023,踱步,從化,內圈,從化 內圈,,,,,,助手,,倒快兩圈,H,內圈 倒快兩圈 (助手)
H120,29/11/2023,游水,從化,,從化,,,,,,,,游水,,
H120,29/11/2023,踱步,從化,內圈,從化 內圈,,,,,,助手,,快踱兩圈,H,內圈 快踱兩圈 (助手)
H120,28/11/2023,游水,從化,,從化,,,,,,,,游水,,
H120,28/11/2023,踱步,從化,內圈,從化 內圈,,,,,,助手,,快踱兩圈,H,內圈 快踱兩圈 (助手)
H120,27/11/2023,游水,從化,,從化,,,,,,,,游水,,
H120,27/11/2023,踱步,從化,內圈,從化 內圈,,,,,,助手,,倒快兩圈,H,內圈 倒快兩圈 (助手)
H120,26/11/2023,游水,從化,,從化,,,,,,,,游水,,
H120,26/11/2023,踱步,從化,內圈,從化 內圈,,,,,,助手,,快踱一圈,H,內圈 快踱一圈 (助手)
H120,25/11/2023,游水,從化,,從化,,,,,,,,游水,,
H120,25/11/2023,踱步,從化,內圈,從化 內圈,,,,,,助手,,快踱兩圈,H,內圈 快踱兩圈 (助手)
H120,24/11/2023,游水,從化,,從化,,,,,,,,游水,,
H120,24/11/2023,踱步,從化,內圈,從化 內圈,,,,,,助手,,快踱兩圈,H,內圈 快踱兩圈 (助手)
H120,23/11/2023,游水,從化,,從化,,,,,,,,游水,,
H120,23/11/2023,快操,從化,全天候,從化 全天候,,1.21.2,81.2,28.9 27.4 24.9,,助手,,快操,H,28.9 27.4 24.9 (1.21.2) (助手)
H120,23/11/2023,踱步,從化,飛機場,從化 飛機場,,,,,,助手,,踱步,H,飛機場 踱步 (助手)
H120,22/11/2023,游水,從化,,從化,,,,,,,,游水,,
H120,22/11/2023,踱步,從化,內圈,從化 內圈,,,,,,助手,,快踱兩圈,H,內圈 快踱兩圈 (助手)
H120,21/11/2023,游水,從化,,從化,,,,,,,,游水,,
H120,21/11/2023,踱步,從化,內圈,從化 內圈,,,,,,助手,,快踱兩圈,H,內圈 快踱兩圈 (助手)
H120,20/11/2023,游水,從化,,從化,,,,,,,,游水,,
H120,20/11/2023,踱步,從化,內圈,從化 內圈,,,,,,助手,,倒快兩圈,H,內圈 倒快兩圈 (助手)
H120,19/11/2023,游水,從化,,從化,,,,,,,,游水,,
H120,19/11/2023,踱步,從化,內圈,從化 內圈,,,,,,助手,,快踱一圈,H,內圈 快踱一圈 (助手)
H120,18/11/2023,游水,從化,,從化,,,,,,,,游水,,
H120,18/11/2023,踱步,從化,內圈,從化 內圈,,,,,,助手,,快踱兩圈,H,內圈 快踱兩圈 (助手)
H120,17/11/2023,游水,從化,,從化,,,,,,,,游水,,
H120,17/11/2023,踱步,從化,內圈,從化 內圈,,,,,,助手,,快踱兩圈,H,內圈 快踱兩圈 (助手)
H120,16/11/2023,游水,從化,,從化,,,,,,,,游水,,
H120,16/11/2023,踱步,從化,內圈,從化 內圈,,,,,,助手,,倒快兩圈,H,內圈 倒快兩圈 (助手)
H120,15/11/2023,游水,從化,,從化,,,,,,,,游水,,
H120,15/11/2023,踱步,從化,內圈,從化 內圈,,,,,,助手,,快踱兩圈,H,內圈 快踱兩圈 (助手)
H120,14/11/2023,游水,從化,,從化,,,,,,,,游水,,
H120,14/11/2023,踱步,從化,內圈,從化 內圈,,,,,,助手,,快踱兩圈,H,內圈 快踱兩圈 (助手)
H120,13/11/2023,游水,從化,,從化,,,,,,,,游水,,
H120,13/11/2023,踱步,從化,內圈,從化 內圈,,,,,,助手,,倒快兩圈,H,內圈 倒快兩圈 (助手)
H120,12/11/2023,游水,從化,,從化,,,,,,,,游水,,
H120,12/11/2023,踱步,從化,內圈,從化 內圈,,,,,,助手,,快踱一圈,H,內圈 快踱一圈 (助手)
H120,11/11/2023,游水,從化,,從化,,,,,,,,游水,,
H120,11/11/2023,踱步,從化,內圈,從化 內圈,,,,,,助手,,快踱一圈,H,內圈 快踱一圈 (助手)
H120,10/11/2023,踱步,沙田,飛機場,沙田 飛機場,,,,,,助手,,踱步,H,飛機場 踱步 (助手)
H120,08/11/2023,出賽,跑馬地,草地,跑馬地 草地,1800M,,,,,蔡明紹,9/12,出賽,H/P/TT,1800M (蔡明紹) (9/12)
H120,08/11/2023,踱步,沙田,內圈,沙田 內圈,,,,,,助手,,快踱一圈,H,內圈 快踱一圈 (助手)
H120,07/11/2023,游水,沙田,,沙田,,,,,,,,游水,,
H120,07/11/2023,踱步,沙田,內圈,沙田 內圈,,,,,,助手,,快踱兩圈,H,內圈 快踱兩圈 (助手)
H120,06/11/2023,游水,沙田,,沙田,,,,,,,,游水,,
H120,06/11/2023,踱步,沙田,內圈,沙田 內圈,,,,,,助手,,倒快兩圈,H,內圈 倒快兩圈 (助手)
H120,05/11/2023,游水,沙田,,沙田,,,,,,,,游水,,
H120,05/11/2023,踱步,沙田,內圈,沙田 內圈,,,,,,助手,,快踱一圈,H,內圈 快踱一圈 (助手)
H120,04/11/2023,游水,沙田,,沙田,,,,,,,,游水,,
H120,04/11/2023,踱步,沙田,內圈,沙田 內圈,,,,,,助手,,快踱兩圈,H,內圈 快踱兩圈 (助手)
H120,03/11/2023,游水,沙田,,沙田,,,,,,,,游水,,
H120,03/11/2023,踱步,沙田,內圈,沙田 內圈,,,,,,助手,,快踱兩圈,H,內圈 快踱兩圈 (助手)
H120,02/11/2023,游水,沙田,,沙田,,,,,,,,游水,,
H120,02/11/2023,踱步,沙田,內圈,沙田 內圈,,,,,,助手,,倒快兩圈,H,內圈 倒快兩圈 (助手)
H120,01/11/2023,游水,沙田,,沙田,,,,,,,,游水,,
H120,01/11/2023,踱步,沙田,內圈,沙田 內圈,,,,,,助手,,快踱兩圈,H,內圈 快踱兩圈 (助手)
H120,31/10/2023,游水,沙田,,沙田,,,,,,,,游水,,
H120,31/10/2023,踱步,沙田,內圈,沙田 內圈,,,,,,助手,,快踱兩圈,H,內圈 快踱兩圈 (助手)
H120,30/10/2023,游水,沙田,,沙田,,,,,,,,游水,,
H120,30/10/2023,踱步,沙田,內圈,沙田 內圈,,,,,,助手,,倒快兩圈,H,內圈 倒快兩圈 (助手)
H120,29/10/2023,游水,沙田,,沙田,,,,,,,,游水,,
H120,29/10/2023,踱步,沙田,內圈,沙田 內圈,,,,,,助手,,快踱兩圈,H,內圈 快踱兩圈 (助手)
H120,28/10/2023,游水,沙田,,沙田,,,,,,,,游水,,
H120,28/10/2023,踱步,沙田,內圈,沙田 內圈,,,,,,助手,,快踱一圈,H,內圈 快踱一圈 (助手)
H120,27/10/2023,踱步,沙田,飛機場,沙田 飛機場,,,,,,助手,,踱步,H,飛機場 踱步 (助手)
H120,25/10/2023,出賽,沙田,全天候,沙田 全天候,1650M,,,,,黃智弘,1/14,出賽,H/P1/TT,1650M (黃智弘) (1/14)
H120,25/10/2023,踱步,沙田,內圈,沙田 內圈,,,,,,助手,,快踱一圈,H,內圈 快踱一圈 (助手)
H120,24/10/2023,游水,沙田,,沙田,,,,,,,,游水,,
H120,24/10/2023,踱步,沙田,內圈,沙田 內圈,,,,,,助手,,快踱兩圈,H,內圈 快踱兩圈 (助手)
H120,23/10/2023,游水,沙田,,沙田,,,,,,,,游水,,
H120,23/10/2023,踱步,沙田,內圈,沙田 內圈,,,,,,助手,,倒快兩圈,H,內圈 倒快兩圈 (助手)
H120,22/10/2023,游水,沙田,,沙田,,,,,,,,游水,,
H120,22/10/2023,踱步,沙田,內圈,沙田 內圈,,,,,,助手,,快踱兩圈,H,內圈 快踱兩圈 (助手)
H120,21/10/2023,游水,沙田,,沙田,,,,,,,,游水,,
H120,21/10/2023,踱步,沙田,內圈,沙田 內圈,,,,,,助手,,快踱兩圈,H,內圈 快踱兩圈 (助手)
H120,20/10/2023,踱步,沙田,內圈,沙田 內圈,,,,,,助手,,快踱兩圈,H,內圈 快踱兩圈 (助手)
H120,19/10/2023,快操,沙田,草地,沙田 草地,,50.3,50.3,27.7 22.6,,黃智弘,,"鋒芒勁露, 舞林密碼",H,"27.7 22.6 (50.3) (黃智弘) 鋒芒勁露, 舞林密碼"
H120,18/10/2023,游水,沙田,,沙田,,,,,,,,游水,,
H120,18/10/2023,踱步,沙田,內圈,沙田 內圈,,,,,,助手,,快踱一圈,H,內圈 快踱一圈 (助手)
H120,17/10/2023,游水,沙田,,沙田,,,,,,,,游水,,
H120,17/10/2023,踱步,沙田,內圈,沙田 內圈,,,,,,助手,,快踱兩圈,H,內圈 快踱兩圈 (助手)
H120,16/10/2023,游水,沙田,,沙田,,,,,,,,游水,,
H120,16/10/2023,踱步,沙田,內圈,沙田 內圈,,,,,,助手,,倒快兩圈,H,內圈 倒快兩圈 (助手)
H120,15/10/2023,游水,沙田,,沙田,,,,,,,,游水,,
H120,15/10/2023,踱步,沙田,內圈,沙田 內圈,,,,,,助手,,快踱一圈,H,內圈 快踱一圈 (助手)
H120,14/10/2023,快操,沙田,全天候,沙田 全天候,,1.27.1,87.1,30.5 30.1 26.5,,助手,,快操,H,30.5 30.1 26.5 (1.27.1) (助手)
H120,13/10/2023,游水,沙田,,沙田,,,,,,,,游水,,
H120,13/10/2023,踱步,沙田,內圈,沙田 內圈,,,,,,助手,,快踱兩圈,H,內圈 快踱兩圈 (助手)
H120,12/10/2023,游水,沙田,,沙田,,,,,,,,游水,,
H120,12/10/2023,踱步,沙田,內圈,沙田 內圈,,,,,,助手,,倒快兩圈,H,內圈 倒快兩圈 (助手)
H120,11/10/2023,游水,沙田,,沙田,,,,,,,,游水,,
H120,11/10/2023,踱步,沙田,內圈,沙田 內圈,,,,,,助手,,快踱兩圈,H,內圈 快踱兩圈 (助手)
H120,08/10/2023,踱步,沙田,內圈,沙田 內圈,,,,,,助手,,快踱一圈,H,內圈 快踱一圈 (助手)
H120,07/10/2023,游水,沙田,,沙田,,,,,,,,游水,,
H120,07/10/2023,踱步,沙田,內圈,沙田 內圈,,,,,,助手,,快踱兩圈,H,內圈 快踱兩圈 (助手)
H120,06/10/2023,游水,沙田,,沙田,,,,,,,,游水,,
H120,06/10/2023,踱步,沙田,內圈,沙田 內圈,,,,,,助手,,快踱兩圈,H,內圈 快踱兩圈 (助手)
H120,05/10/2023,游水,沙田,,沙田,,,,,,,,游水,,
H120,05/10/2023,踱步,沙田,內圈,沙田 內圈,,,,,,助手,,倒快兩圈,H,內圈 倒快兩圈 (助手)
H120,04/10/2023,游水,沙田,,沙田,,,,,,,,游水,,
H120,04/10/2023,踱步,沙田,內圈,沙田 內圈,,,,,,助手,,快踱兩圈,H,內圈 快踱兩圈 (助手)
H120,03/10/2023,游水,沙田,,沙田,,,,,,,,游水,,
H120,03/10/2023,踱步,沙田,內圈,沙田 內圈,,,,,,助手,,快踱兩圈,H,內圈 快踱兩圈 (助手)
H120,02/10/2023,游水,沙田,,沙田,,,,,,,,游水,,
H120,02/10/2023,踱步,沙田,內圈,沙田 內圈,,,,,,助手,,倒快兩圈,H,內圈 倒快兩圈 (助手)
H120,01/10/2023,游水,沙田,,沙田,,,,,,,,游水,,
H120,01/10/2023,踱步,沙田,飛機場,沙田 飛機場,,,,,,助手,,踱步,H,飛機場 踱步 (助手)
H120,30/09/2023,游水,沙田,,沙田,,,,,,,,游水,,
H120,30/09/2023,踱步,沙田,內圈,沙田 內圈,,,,,,助手,,快踱一圈,H,內圈 快踱一圈 (助手)
H120,29/09/2023,游水,沙田,,沙田,,,,,,,,游水,,
H120,29/09/2023,踱步,沙田,飛機場,沙田 飛機場,,,,,,助手,,踱步,H,飛機場 踱步 (助手)
H120,27/09/2023,出賽,跑馬地,草地,跑馬地 草地,1800M,,,,,何澤堯,6/8,出賽,B-/H1/TT,1800M (何澤堯) (6/8)
H120,27/09/2023,踱步,沙田,飛機場,沙田 飛機場,,,,,,助手,,踱步,H,飛機場 踱步 (助手)
H120,26/09/2023,游水,沙田,,沙田,,,,,,,,游水,,
H120,26/09/2023,踱步,沙田,內圈,沙田 內圈,,,,,,助手,,快踱兩圈,H,內圈 快踱兩圈 (助手)
H120,25/09/2023,快操,沙田,全天候,沙田 全天候,,55.3,55.3,30.4 24.9,,助手,,獨角獸,H,30.4 24.9 (55.3) (助手) 獨角獸
H120,24/09/2023,游水,沙田,,沙田,,,,,,,,游水,,
H120,24/09/2023,踱步,沙田,內圈,沙田 內圈,,,,,,助手,,快踱一圈,H,內圈 快踱一圈 (助手)
H120,23/09/2023,游水,沙田,,沙田,,,,,,,,游水,,
H120,23/09/2023,踱步,沙田,內圈,沙田 內圈,,,,,,助手,,快踱兩圈,H,內圈 快踱兩圈 (助手)
H120,22/09/2023,游水,沙田,,沙田,,,,,,,,游水,,
H120,22/09/2023,踱步,沙田,內圈,沙田 內圈,,,,,,助手,,快踱兩圈,H,內圈 快踱兩圈 (助手)
H120,21/09/2023,游水,沙田,,沙田,,,,,,,,游水,,
H120,21/09/2023,踱步,沙田,內圈,沙田 內圈,,,,,,助手,,倒快兩圈,H,內圈 倒快兩圈 (助手)
H120,20/09/2023,游水,沙田,,沙田,,,,,,,,游水,,
H120,20/09/2023,踱步,沙田,外圈,沙田 外圈,,,,,,助手,,快踱一圈,,外圈 快踱一圈 (助手)
H120,19/09/2023,游水,沙田,,沙田,,,,,,,,游水,,
H120,19/09/2023,踱步,沙田,內圈,沙田 內圈,,,,,,助手,,快踱兩圈,,內圈 快踱兩圈 (助手)
H120,18/09/2023,游水,沙田,,沙田,,,,,,,,游水,,
H120,18/09/2023,踱步,沙田,內圈,沙田 內圈,,,,,,助手,,倒快兩圈,H,內圈 倒快兩圈 (助手)
H120,17/09/2023,游水,沙田,,沙田,,,,,,,,游水,,
H120,17/09/2023,踱步,沙田,內圈,沙田 內圈,,,,,,助手,,快踱兩圈,H,內圈 快踱兩圈 (助手)
H120,16/09/2023,游水,沙田,,沙田,,,,,,,,游水,,
H120,16/09/2023,踱步,沙田,內圈,沙田 內圈,,,,,,助手,,快踱一圈,H,內圈 快踱一圈 (助手)
H120,15/09/2023,踱步,沙田,飛機場,沙田 飛機場,,,,,,黃智弘,,踱步,H,飛機場 踱步 (黃智弘)
H120,13/09/2023,出賽,跑馬地,草地,跑馬地 草地,1650M,,,,,班德禮,7/10,出賽,B/TT,1650M (班德禮) (7/10)
H120,13/09/2023,踱步,沙田,內圈,沙田 內圈,,,,,,助手,,快踱一圈,H,內圈 快踱一圈 (助手)
H120,12/09/2023,游水,沙田,,沙田,,,,,,,,游水,,
H120,12/09/2023,踱步,沙田,內圈,沙田 內圈,,,,,,助手,,快踱一圈,H,內圈 快踱一圈 (助手)
H120,11/09/2023,快操,沙田,草閘,沙田 草閘,,47.4,47.4,25.2 22.2,,助手,,快操,H,25.2 22.2 (47.4) (助手)
H120,10/09/2023,游水,沙田,,沙田,,,,,,,,游水,,
H120,10/09/2023,踱步,沙田,內圈,沙田 內圈,,,,,,助手,,快踱兩圈,H,內圈 快踱兩圈 (助手)
H120,09/09/2023,游水,沙田,,沙田,,,,,,,,游水,,
H120,09/09/2023,踱步,沙田,內圈,沙田 內圈,,,,,,助手,,快踱一圈,H,內圈 快踱一圈 (助手)
H120,07/09/2023,游水,沙田,,沙田,,,,,,,,游水,,
H120,07/09/2023,踱步,沙田,內圈,沙田 內圈,,,,,,助手,,倒快兩圈,H,內圈 倒快兩圈 (助手)
H120,06/09/2023,游水,沙田,,沙田,,,,,,,,游水,,
H120,06/09/2023,踱步,沙田,內圈,沙田 內圈,,,,,,助手,,快踱兩圈,H,內圈 快踱兩圈 (助手)
H120,05/09/2023,快操,沙田,全天候,沙田 全天候,,1.20.7,80.7,29.8 26.8 24.1,,助手,,快操,H,29.8 26.8 24.1 (1.20.7) (助手)
H120,04/09/2023,踱步,沙田,內圈,沙田 內圈,,,,,,助手,,倒快兩圈,H,內圈 倒快兩圈 (助手)
H120,03/09/2023,踱步,沙田,飛機場,沙田 飛機場,,,,,,助手,,踱步,H,飛機場 踱步 (助手)
H120,31/08/2023,游水,沙田,,沙田,,,,,,,,游水,,
H120,31/08/2023,踱步,沙田,內圈,沙田 內圈,,,,,,助手,,倒快兩圈,H,內圈 倒快兩圈 (助手)
H120,30/08/2023,游水,沙田,,沙田,,,,,,,,游水,,
H120,30/08/2023,踱步,沙田,內圈,沙田 內圈,,,,,,助手,,快踱兩圈,H,內圈 快踱兩圈 (助手)
H120,29/08/2023,游水,沙田,,沙田,,,,,,,,游水,,
H120,29/08/2023,踱步,沙田,內圈,沙田 內圈,,,,,,助手,,快踱兩圈,H,內圈 快踱兩圈 (助手)
H120,28/08/2023,快操,沙田,草地,沙田 草地,,54.6,54.6,29.4 25.2,,助手,,快操,H,29.4 25.2 (54.6) (助手)
H120,27/08/2023,游水,沙田,,沙田,,,,,,,,游水,,
H120,27/08/2023,踱步,沙田,內圈,沙田 內圈,,,,,,助手,,快踱一圈,H,內圈 快踱一圈 (助手)
H120,26/08/2023,游水,沙田,,沙田,,,,,,,,游水,,
H120,26/08/2023,踱步,沙田,內圈,沙田 內圈,,,,,,助手,,快踱兩圈,H,內圈 快踱兩圈 (助手)
H120,25/08/2023,游水,沙田,,沙田,,,,,,,,游水,,
H120,25/08/2023,踱步,沙田,內圈,沙田 內圈,,,,,,助手,,快踱兩圈,PH,內圈 快踱兩圈 (助手)
H120,24/08/2023,快操,沙田,草地,沙田 草地,,57.2,57.2,31.5 25.7,,助手,,快操,H,31.5 25.7 (57.2) (助手)
H120,23/08/2023,游水,沙田,,沙田,,,,,,,,游水,,
H120,23/08/2023,踱步,沙田,內圈,沙田 內圈,,,,,,助手,,快踱兩圈,H,內圈 快踱兩圈 (助手)
H120,22/08/2023,游水,沙田,,沙田,,,,,,,,游水,,
H120,21/08/2023,游水,沙田,,沙田,,,,,,,,游水,,
H120,21/08/2023,踱步,沙田,內圈,沙田 內圈,,,,,,助手,,倒快兩圈,H,內圈 倒快兩圈 (助手)
H120,20/08/2023,快操,沙田,全天候,沙田 全天候,,57.5,57.5,29.7 27.8,,助手,,快操,H,29.7 27.8 (57.5) (助手)
H120,19/08/2023,游水,沙田,,沙田,,,,,,,,游水,,
H120,19/08/2023,踱步,沙田,內圈,沙田 內圈,,,,,,助手,,快踱兩圈,H,內圈 快踱兩圈 (助手)
H120,18/08/2023,游水,沙田,,沙田,,,,,,,,游水,,
H120,17/08/2023,游水,沙田,,沙田,,,,,,,,游水,,
H120,17/08/2023,踱步,沙田,內圈,沙田 內圈,,,,,,助手,,倒快兩圈,H,內圈 倒快兩圈 (助手)
H120,16/08/2023,游水,沙田,,沙田,,,,,,,,游水,,
H120,16/08/2023,踱步,沙田,內圈,沙田 內圈,,,,,,助手,,快踱兩圈,H,內圈 快踱兩圈 (助手)
H120,15/08/2023,游水,沙田,,沙田,,,,,,,,游水,,
H120,15/08/2023,踱步,沙田,內圈,沙田 內圈,,,,,,助手,,快踱兩圈,H,內圈 快踱兩圈 (助手)
H120,14/08/2023,游水,沙田,,沙田,,,,,,,,游水,,
H120,14/08/2023,踱步,沙田,內圈,沙田 內圈,,,,,,助手,,倒快兩圈,H,內圈 倒快兩圈 (助手)
H120,13/08/2023,游水,沙田,,沙田,,,,,,,,游水,,
H120,13/08/2023,踱步,沙田,內圈,沙田 內圈,,,,,,助手,,快踱兩圈,H,內圈 快踱兩圈 (助手)
H120,12/08/2023,游水,沙田,,沙田,,,,,,,,游水,,
H120,12/08/2023,踱步,沙田,內圈,沙田 內圈,,,,,,助手,,快踱兩圈,H,內圈 快踱兩圈 (助手)
H120,11/08/2023,游水,沙田,,沙田,,,,,,,,游水,,
H120,11/08/2023,踱步,沙田,內圈,沙田 內圈,,,,,,助手,,快踱兩圈,H,內圈 快踱兩圈 (助手)
H120,10/08/2023,踱步,沙田,內圈,沙田 內圈,,,,,,助手,,快踱兩圈,H,內圈 快踱兩圈 (助手)
H120,09/08/2023,游水,沙田,,沙田,,,,,,,,游水,,
H120,08/08/2023,游水,沙田,,沙田,,,,,,,,游水,,
H120,08/08/2023,踱步,沙田,內圈,沙田 內圈,,,,,,助手,,快踱兩圈,H,內圈 快踱兩圈 (助手)
H120,07/08/2023,游水,沙田,,沙田,,,,,,,,游水,,
H120,05/08/2023,踱步,沙田,外圈,沙田 外圈,,,,,,助手,,快踱一圈,H,外圈 快踱一圈 (助手)
H120,04/08/2023,踱步,沙田,外圈,沙田 外圈,,,,,,助手,,快踱一圈,H,外圈 快踱一圈 (助手)
H120,03/08/2023,踱步,沙田,外圈,沙田 外圈,,,,,,助手,,快踱一圈,H,外圈 快踱一圈 (助手)
H120,02/08/2023,踱步,沙田,飛機場,沙田 飛機場,,,,,,助手,,踱步,H,飛機場 踱步 (助手)
H120,01/08/2023,踱步,沙田,飛機場,沙田 飛機場,,,,,,助手,,踱步,H,飛機場 踱步 (助手)
H120,15/07/2023,游水,沙田,,沙田,,,,,,,,游水,,
H120,15/07/2023,踱步,沙田,外圈,沙田 外圈,,,,,,助手,,快踱一圈,H,外圈 快踱一圈 (助手)
H120,14/07/2023,游水,沙田,,沙田,,,,,,,,游水,,
H120,14/07/2023,踱步,沙田,外圈,沙田 外圈,,,,,,助手,,快踱一圈,H,外圈 快踱一圈 (助手)
H120,13/07/2023,快操,沙田,草閘,沙田 草閘,,48.7,48.7,26.6 22.1,,助手,,快操,PH,26.6 22.1 (48.7) (助手)
H120,12/07/2023,游水,沙田,,沙田,,,,,,,,游水,,
H120,12/07/2023,踱步,沙田,外圈,沙田 外圈,,,,,,助手,,快踱一圈,H,外圈 快踱一圈 (助手)
H120,11/07/2023,游水,沙田,,沙田,,,,,,,,游水,,
H120,11/07/2023,踱步,沙田,外圈,沙田 外圈,,,,,,助手,,快踱一圈,H,外圈 快踱一圈 (助手)
H120,10/07/2023,游水,沙田,,沙田,,,,,,,,游水,,
H120,10/07/2023,踱步,沙田,外圈,沙田 外圈,,,,,,助手,,快踱一圈,H,外圈 快踱一圈 (助手)
H120,09/07/2023,游水,沙田,,沙田,,,,,,,,游水,,
H120,09/07/2023,踱步,沙田,飛機場,沙田 飛機場,,,,,,助手,,踱步,H,飛機場 踱步 (助手)
H120,08/07/2023,游水,沙田,,沙田,,,,,,,,游水,,
H120,08/07/2023,踱步,沙田,外圈,沙田 外圈,,,,,,助手,,快踱一圈,H,外圈 快踱一圈 (助手)
H120,07/07/2023,游水,沙田,,沙田,,,,,,,,游水,,
H120,07/07/2023,踱步,沙田,外圈,沙田 外圈,,,,,,助手,,快踱一圈,H,外圈 快踱一圈 (助手)
H120,06/07/2023,快操,沙田,草閘,沙田 草閘,,48.3,48.3,25.8 22.5,,何澤堯,,喜至寶,B,25.8 22.5 (48.3) (何澤堯) 喜至寶
H120,05/07/2023,游水,沙田,,沙田,,,,,,,,游水,,
H120,05/07/2023,踱步,沙田,外圈,沙田 外圈,,,,,,助手,,快踱一圈,H,外圈 快踱一圈 (助手)
H120,04/07/2023,游水,沙田,,沙田,,,,,,,,游水,,
H120,04/07/2023,踱步,沙田,外圈,沙田 外圈,,,,,,助手,,快踱一圈,H,外圈 快踱一圈 (助手)
H120,03/07/2023,游水,沙田,,沙田,,,,,,,,游水,,
H120,03/07/2023,踱步,沙田,外圈,沙田 外圈,,,,,,助手,,快踱一圈,H,外圈 快踱一圈 (助手)
H120,02/07/2023,游水,沙田,,沙田,,,,,,,,游水,,
H120,02/07/2023,踱步,沙田,外圈,沙田 外圈,,,,,,助手,,快踱一圈,H,外圈 快踱一圈 (助手)
H120,01/07/2023,游水,沙田,,沙田,,,,,,,,游水,,
H120,01/07/2023,踱步,沙田,外圈,沙田 外圈,,,,,,助手,,快踱一圈,H,外圈 快踱一圈 (助手)
H120,30/06/2023,游水,沙田,,沙田,,,,,,,,游水,,
H120,30/06/2023,踱步,沙田,外圈,沙田 外圈,,,,,,助手,,快踱一圈,H,外圈 快踱一圈 (助手)
H120,29/06/2023,游水,沙田,,沙田,,,,,,,,游水,,
H120,29/06/2023,踱步,沙田,外圈,沙田 外圈,,,,,,助手,,快踱一圈,H,外圈 快踱一圈 (助手)
H120,28/06/2023,游水,沙田,,沙田,,,,,,,,游水,,
H120,28/06/2023,踱步,沙田,外圈,沙田 外圈,,,,,,助手,,快踱一圈,H,外圈 快踱一圈 (助手)
H120,27/06/2023,游水,沙田,,沙田,,,,,,,,游水,,
H120,27/06/2023,踱步,沙田,外圈,沙田 外圈,,,,,,助手,,快踱一圈,H,外圈 快踱一圈 (助手)
H120,26/06/2023,踱步,沙田,內圈,沙田 內圈,,,,,,助手,,倒快兩圈,H,內圈 倒快兩圈 (助手)
H120,25/06/2023,游水,沙田,,沙田,,,,,,,,游水,,
H120,25/06/2023,踱步,沙田,飛機場,沙田 飛機場,,,,,,助手,,踱步,H,飛機場 踱步 (助手)
H120,24/06/2023,游水,沙田,,沙田,,,,,,,,游水,,
H120,24/06/2023,踱步,沙田,內圈,沙田 內圈,,,,,,助手,,快踱兩圈,H,內圈 快踱兩圈 (助手)
H120,23/06/2023,游水,沙田,,沙田,,,,,,,,游水,,
H120,23/06/2023,踱步,沙田,內圈,沙田 內圈,,,,,,助手,,快踱兩圈,H,內圈 快踱兩圈 (助手)
H120,22/06/2023,游水,沙田,,沙田,,,,,,,,游水,,
H120,22/06/2023,踱步,沙田,內圈,沙田 內圈,,,,,,助手,,倒快兩圈,H,內圈 倒快兩圈 (助手)
H120,21/06/2023,游水,沙田,,沙田,,,,,,,,游水,,
H120,21/06/2023,踱步,沙田,飛機場,沙田 飛機場,,,,,,助手,,踱步,H,飛機場 踱步 (助手)
H120,20/06/2023,游水,沙田,,沙田,,,,,,,,游水,,
H120,17/06/2023,游水,沙田,,沙田,,,,,,,,游水,,
H120,17/06/2023,踱步,沙田,內圈,沙田 內圈,,,,,,助手,,快踱兩圈,H,內圈 快踱兩圈 (助手)
H120,16/06/2023,游水,沙田,,沙田,,,,,,,,游水,,
H120,16/06/2023,踱步,沙田,內圈,沙田 內圈,,,,,,助手,,快踱兩圈,H,內圈 快踱兩圈 (助手)
H120,15/06/2023,游水,沙田,,沙田,,,,,,,,游水,,
H120,15/06/2023,踱步,沙田,內圈,沙田 內圈,,,,,,助手,,倒快兩圈,H,內圈 倒快兩圈 (助手)
H120,14/06/2023,游水,沙田,,沙田,,,,,,,,游水,,
H120,14/06/2023,踱步,沙田,內圈,沙田 內圈,,,,,,助手,,快踱一圈,H,內圈 快踱一圈 (助手)
H120,13/06/2023,游水,沙田,,沙田,,,,,,,,游水,,
H120,13/06/2023,踱步,沙田,內圈,沙田 內圈,,,,,,助手,,快踱一圈,H,內圈 快踱一圈 (助手)
H120,12/06/2023,游水,沙田,,沙田,,,,,,,,游水,,
H120,12/06/2023,踱步,沙田,飛機場,沙田 飛機場,,,,,,助手,,踱步,H,飛機場 踱步 (助手)
H120,09/06/2023,游水,沙田,,沙田,,,,,,,,游水,,
H120,09/06/2023,踱步,沙田,內圈,沙田 內圈,,,,,,助手,,快踱兩圈,H,內圈 快踱兩圈 (助手)
H120,08/06/2023,游水,沙田,,沙田,,,,,,,,游水,,
H120,08/06/2023,踱步,沙田,內圈,沙田 內圈,,,,,,助手,,倒快兩圈,H,內圈 倒快兩圈 (助手)
H120,07/06/2023,游水,沙田,,沙田,,,,,,,,游水,,
H120,07/06/2023,踱步,沙田,內圈,沙田 內圈,,,,,,助手,,快踱兩圈,H,內圈 快踱兩圈 (助手)
H120,06/06/2023,游水,沙田,,沙田,,,,,,,,游水,,
H120,06/06/2023,踱步,沙田,內圈,沙田 內圈,,,,,,助手,,快踱一圈,H,內圈 快踱一圈 (助手)
H120,05/06/2023,快操,沙田,草地,沙田 草地,,50.9,50.9,26.8 24.1,,助手,,快操,H,26.8 24.1 (50.9) (助手)
H120,04/06/2023,游水,沙田,,沙田,,,,,,,,游水,,
H120,04/06/2023,踱步,沙田,內圈,沙田 內圈,,,,,,助手,,快踱一圈,H,內圈 快踱一圈 (助手)
H120,03/06/2023,游水,沙田,,沙田,,,,,,,,游水,,
H120,03/06/2023,踱步,沙田,內圈,沙田 內圈,,,,,,助手,,快踱兩圈,H,內圈 快踱兩圈 (助手)
H120,02/06/2023,游水,沙田,,沙田,,,,,,,,游水,,
H120,02/06/2023,踱步,沙田,內圈,沙田 內圈,,,,,,助手,,快踱兩圈,H,內圈 快踱兩圈 (助手)
H120,01/06/2023,游水,沙田,,沙田,,,,,,,,游水,,
H120,01/06/2023,踱步,沙田,內圈,沙田 內圈,,,,,,助手,,倒快兩圈,H,內圈 倒快兩圈 (助手)
H120,31/05/2023,游水,沙田,,沙田,,,,,,,,游水,,
H120,31/05/2023,踱步,沙田,內圈,沙田 內圈,,,,,,助手,,快踱一圈,H,內圈 快踱一圈 (助手)
H120,30/05/2023,游水,沙田,,沙田,,,,,,,,游水,,
H120,30/05/2023,踱步,沙田,內圈,沙田 內圈,,,,,,助手,,快踱兩圈,H,內圈 快踱兩圈 (助手)
H120,29/05/2023,快操,沙田,全天候,沙田 全天候,,1.19.9,79.9,29.0 26.6 24.3,,助手,,快操,H,29.0 26.6 24.3 (1.19.9) (助手)
H120,28/05/2023,游水,沙田,,沙田,,,,,,,,游水,,
H120,28/05/2023,踱步,沙田,內圈,沙田 內圈,,,,,,助手,,快踱兩圈,H,內圈 快踱兩圈 (助手)
H120,27/05/2023,游水,沙田,,沙田,,,,,,,,游水,,
H120,27/05/2023,踱步,沙田,內圈,沙田 內圈,,,,,,助手,,快踱兩圈,H,內圈 快踱兩圈 (助手)
H120,26/05/2023,游水,沙田,,沙田,,,,,,,,游水,,
H120,26/05/2023,踱步,沙田,內圈,沙田 內圈,,,,,,助手,,快踱兩圈,H,內圈 快踱兩圈 (助手)
H120,25/05/2023,游水,沙田,,沙田,,,,,,,,游水,,
H120,24/05/2023,快操,沙田,全天候,沙田 全天候,,1.24.8,84.8,30.4 28.8 25.6,,助手,,快操,H,30.4 28.8 25.6 (1.24.8) (助手)
H120,24/05/2023,踱步,沙田,飛機場,沙田 飛機場,,,,,,助手,,踱步,H,飛機場 踱步 (助手)
H120,23/05/2023,游水,沙田,,沙田,,,,,,,,游水,,
H120,23/05/2023,踱步,沙田,內圈,沙田 內圈,,,,,,助手,,快踱兩圈,H,內圈 快踱兩圈 (助手)
H120,22/05/2023,游水,沙田,,沙田,,,,,,,,游水,,
H120,22/05/2023,踱步,沙田,內圈,沙田 內圈,,,,,,助手,,倒快兩圈,H,內圈 倒快兩圈 (助手)
H120,21/05/2023,游水,沙田,,沙田,,,,,,,,游水,,
H120,21/05/2023,踱步,沙田,飛機場,沙田 飛機場,,,,,,助手,,踱步,H,飛機場 踱步 (助手)
H120,20/05/2023,游水,沙田,,沙田,,,,,,,,游水,,
H120,20/05/2023,踱步,沙田,內圈,沙田 內圈,,,,,,助手,,快踱兩圈,H,內圈 快踱兩圈 (助手)
H120,19/05/2023,游水,沙田,,沙田,,,,,,,,游水,,
H120,19/05/2023,踱步,沙田,內圈,沙田 內圈,,,,,,助手,,快踱兩圈,H,內圈 快踱兩圈 (助手)
H120,18/05/2023,游水,沙田,,沙田,,,,,,,,游水,,
H120,18/05/2023,踱步,沙田,內圈,沙田 內圈,,,,,,助手,,倒快兩圈,H,內圈 倒快兩圈 (助手)
H120,17/05/2023,游水,沙田,,沙田,,,,,,,,游水,,
H120,17/05/2023,踱步,沙田,內圈,沙田 內圈,,,,,,助手,,快踱兩圈,H,內圈 快踱兩圈 (助手)
H120,16/05/2023,游水,沙田,,沙田,,,,,,,,游水,,
H120,16/05/2023,踱步,沙田,內圈,沙田 內圈,,,,,,助手,,快踱兩圈,H,內圈 快踱兩圈 (助手)
H120,15/05/2023,游水,沙田,,沙田,,,,,,,,游水,,
H120,15/05/2023,踱步,沙田,內圈,沙田 內圈,,,,,,助手,,倒快兩圈,H,內圈 倒快兩圈 (助手)
H120,14/05/2023,游水,沙田,,沙田,,,,,,,,游水,,
H120,14/05/2023,踱步,沙田,內圈,沙田 內圈,,,,,,助手,,快踱一圈,H,內圈 快踱一圈 (助手)
H120,13/05/2023,游水,沙田,,沙田,,,,,,,,游水,,
H120,13/05/2023,踱步,沙田,飛機場,沙田 飛機場,,,,,,助手,,踱步,H,飛機場 踱步 (助手)
H120,12/05/2023,游水,沙田,,沙田,,,,,,,,游水,,
H120,09/05/2023,踱步,沙田,內圈,沙田 內圈,,,,,,助手,,快踱兩圈,H,內圈 快踱兩圈 (助手)
H120,08/05/2023,踱步,沙田,內圈,沙田 內圈,,,,,,助手,,倒快兩圈,H,內圈 倒快兩圈 (助手)
H120,06/05/2023,踱步,沙田,內圈,沙田 內圈,,,,,,黃智弘,,快踱兩圈,H,內圈 快踱兩圈 (黃智弘)
H120,05/05/2023,踱步,沙田,內圈,沙田 內圈,,,,,,黃智弘,,快踱兩圈,H,內圈 快踱兩圈 (黃智弘)
H120,04/05/2023,踱步,沙田,內圈,沙田 內圈,,,,,,黃智弘,,倒快兩圈,,內圈 倒快兩圈 (黃智弘)
H120,02/05/2023,游水,沙田,,沙田,,,,,,,,游水,,
H120,01/05/2023,踱步,沙田,內圈,沙田 內圈,,,,,,助手,,倒快兩圈,H,內圈 倒快兩圈 (助手)
H120,30/04/2023,踱步,沙田,飛機場,沙田 飛機場,,,,,,助手,,踱步,H,飛機場 踱步 (助手)
H120,28/04/2023,試閘,沙田,全天候,沙田 全天候,1200M,1.09.10,69.1,23.2 22.0 23.9,緊張大師,布文,,第1組,,第1組 (布文) 1200M 緊張大師 23.2 22.0 23.9 (1.09.10)
H120,27/04/2023,踱步,沙田,內圈,沙田 內圈,,,,,,助手,,倒快兩圈,H,內圈 倒快兩圈 (助手)
H120,26/04/2023,踱步,從化,內圈,從化 內圈,,,,,,助手,,快踱兩圈,H/XB,內圈 快踱兩圈 (助手)
H120,25/04/2023,踱步,從化,內圈,從化 內圈,,,,,,助手,,快踱兩圈,H/XB,內圈 快踱兩圈 (助手)
H120,24/04/2023,快操,從化,草地,從化 草地,,54.2,54.2,29.0 25.2,,助手,,快操,H/XB,29.0 25.2 (54.2) (助手)
H120,24/04/2023,踱步,從化,飛機場,從化 飛機場,,,,,,助手,,踱步,H/XB,飛機場 踱步 (助手)
H120,23/04/2023,踱步,從化,內圈,從化 內圈,,,,,,助手,,快踱一圈,H/XB,內圈 快踱一圈 (助手)
H120,22/04/2023,踱步,從化,內圈,從化 內圈,,,,,,助手,,快踱兩圈,H,內圈 快踱兩圈 (助手)
H120,21/04/2023,踱步,從化,內圈,從化 內圈,,,,,,助手,,快踱兩圈,H,內圈 快踱兩圈 (助手)
H120,20/04/2023,快操,從化,草地,從化 草地,,53.1,53.1,29.0 24.1,,助手,,快操,H,29.0 24.1 (53.1) (助手)
H120,20/04/2023,踱步,從化,飛機場,從化 飛機場,,,,,,助手,,踱步,H,飛機場 踱步 (助手)
H120,19/04/2023,踱步,從化,內圈,從化 內圈,,,,,,助手,,快踱一圈,H,內圈 快踱一圈 (助手)
H120,18/04/2023,踱步,從化,內圈,從化 內圈,,,,,,助手,,快踱兩圈,H,內圈 快踱兩圈 (助手)
H120,17/04/2023,踱步,從化,內圈,從化 內圈,,,,,,助手,,倒快兩圈,H,內圈 倒快兩圈 (助手)
H120,16/04/2023,踱步,從化,內圈,從化 內圈,,,,,,助手,,快踱一圈,H,內圈 快踱一圈 (助手)
H120,15/04/2023,踱步,從化,內圈,從化 內圈,,,,,,助手,,快踱兩圈,H,內圈 快踱兩圈 (助手)
H120,14/04/2023,踱步,從化,內圈,從化 內圈,,,,,,助手,,快踱兩圈,H,內圈 快踱兩圈 (助手)
H120,13/04/2023,快操,從化,草地,從化 草地,,1.14.5,74.5,26.1 24.3 24.1,,助手,,快操,H,26.1 24.3 24.1 (1.14.5) (助手)
H120,12/04/2023,踱步,從化,內圈,從化 內圈,,,,,,助手,,快踱兩圈,H,內圈 快踱兩圈 (助手)
H120,11/04/2023,踱步,從化,內圈,從化 內圈,,,,,,助手,,快踱兩圈,H,內圈 快踱兩圈 (助手)
H120,10/04/2023,踱步,從化,內圈,從化 內圈,,,,,,助手,,倒快兩圈,H,內圈 倒快兩圈 (助手)
H120,09/04/2023,踱步,從化,內圈,從化 內圈,,,,,,助手,,快踱一圈,H,內圈 快踱一圈 (助手)
H120,08/04/2023,快操,從化,草地,從化 草地,,1.21.7,81.7,30.6 27.3 23.8,,助手,,快操,H,30.6 27.3 23.8 (1.21.7) (助手)
H120,08/04/2023,踱步,從化,飛機場,從化 飛機場,,,,,,助手,,踱步,H,飛機場 踱步 (助手)
H120,07/04/2023,踱步,從化,內圈,從化 內圈,,,,,,助手,,快踱兩圈,H,內圈 快踱兩圈 (助手)
H120,06/04/2023,踱步,從化,內圈,從化 內圈,,,,,,助手,,倒快兩圈,H,內圈 倒快兩圈 (助手)
H120,05/04/2023,踱步,從化,內圈,從化 內圈,,,,,,助手,,快踱一圈,H,內圈 快踱一圈 (助手)
H120,04/04/2023,踱步,沙田,內圈,沙田 內圈,,,,,,助手,,快踱兩圈,H,內圈 快踱兩圈 (助手)
H120,03/04/2023,踱步,沙田,內圈,沙田 內圈,,,,,,助手,,倒快兩圈,H,內圈 倒快兩圈 (助手)
H120,02/04/2023,踱步,沙田,內圈,沙田 內圈,,,,,,助手,,快踱一圈,H,內圈 快踱一圈 (助手)
H120,01/04/2023,踱步,沙田,內圈,沙田 內圈,,,,,,助手,,快踱兩圈,H,內圈 快踱兩圈 (助手)
H120,31/03/2023,踱步,沙田,內圈,沙田 內圈,,,,,,助手,,快踱兩圈,H,內圈 快踱兩圈 (助手)
H120,30/03/2023,踱步,沙田,內圈,沙田 內圈,,,,,,助手,,倒快兩圈,H,內圈 倒快兩圈 (助手)
H120,29/03/2023,踱步,沙田,內圈,沙田 內圈,,,,,,助手,,快踱一圈,H,內圈 快踱一圈 (助手)
H120,28/03/2023,踱步,沙田,內圈,沙田 內圈,,,,,,助手,,快踱兩圈,H,內圈 快踱兩圈 (助手)
H120,27/03/2023,踱步,沙田,內圈,沙田 內圈,,,,,,助手,,倒快兩圈,H,內圈 倒快兩圈 (助手)
H120,26/03/2023,踱步,沙田,內圈,沙田 內圈,,,,,,助手,,快踱一圈,H,內圈 快踱一圈 (助手)
H120,25/03/2023,踱步,沙田,內圈,沙田 內圈,,,,,,助手,,快踱兩圈,H,內圈 快踱兩圈 (助手)
H120,24/03/2023,踱步,沙田,飛機場,沙田 飛機場,,,,,,助手,,踱步,H,飛機場 踱步 (助手)
H120,23/03/2023,踱步,沙田,飛機場,沙田 飛機場,,,,,,助手,,踱步,H,飛機場 踱步 (助手)
H120,22/03/2023,踱步,沙田,飛機場,沙田 飛機場,,,,,,助手,,踱步,H,飛機場 踱步 (助手)
H120,18/03/2023,游水,沙田,,沙田,,,,,,,,游水,,
H120,18/03/2023,踱步,沙田,內圈,沙田 內圈,,,,,,助手,,快踱兩圈,H,內圈 快踱兩圈 (助手)
H120,17/03/2023,游水,沙田,,沙田,,,,,,,,游水,,
H120,17/03/2023,踱步,沙田,內圈,沙田 內圈,,,,,,助手,,快踱兩圈,H,內圈 快踱兩圈 (助手)
H120,16/03/2023,游水,沙田,,沙田,,,,,,,,游水,,
H120,16/03/2023,踱步,沙田,內圈,沙田 內圈,,,,,,助手,,倒快兩圈,H,內圈 倒快兩圈 (助手)
H120,15/03/2023,游水,沙田,,沙田,,,,,,,,游水,,
H120,15/03/2023,踱步,沙田,內圈,沙田 內圈,,,,,,助手,,快踱兩圈,H,內圈 快踱兩圈 (助手)
H120,14/03/2023,游水,沙田,,沙田,,,,,,,,游水,,
H120,14/03/2023,踱步,沙田,外圈,沙田 外圈,,,,,,助手,,快踱兩圈,H,外圈 快踱兩圈 (助手)
H120,13/03/2023,游水,沙田,,沙田,,,,,,,,游水,,
H120,13/03/2023,踱步,沙田,內圈,沙田 內圈,,,,,,助手,,倒快兩圈,H,內圈 倒快兩圈 (助手)
H120,12/03/2023,游水,沙田,,沙田,,,,,,,,游水,,
H120,12/03/2023,踱步,沙田,內圈,沙田 內圈,,,,,,助手,,快踱兩圈,H,內圈 快踱兩圈 (助手)
H120,11/03/2023,游水,沙田,,沙田,,,,,,,,游水,,
H120,11/03/2023,踱步,沙田,內圈,沙田 內圈,,,,,,助手,,快踱兩圈,H,內圈 快踱兩圈 (助手)
H120,10/03/2023,游水,沙田,,沙田,,,,,,,,游水,,
H120,10/03/2023,踱步,沙田,內圈,沙田 內圈,,,,,,助手,,快踱兩圈,H,內圈 快踱兩圈 (助手)
H120,09/03/2023,游水,沙田,,沙田,,,,,,,,游水,,
H120,09/03/2023,踱步,沙田,內圈,沙田 內圈,,,,,,助手,,倒快兩圈,H,內圈 倒快兩圈 (助手)
H120,08/03/2023,游水,沙田,,沙田,,,,,,,,游水,,
H120,08/03/2023,踱步,沙田,內圈,沙田 內圈,,,,,,助手,,快踱一圈,H,內圈 快踱一圈 (助手)
H120,07/03/2023,游水,沙田,,沙田,,,,,,,,游水,,
H120,07/03/2023,踱步,沙田,飛機場,沙田 飛機場,,,,,,助手,,踱步,H,飛機場 踱步 (助手)
H120,04/03/2023,游水,沙田,,沙田,,,,,,,,游水,,
H120,04/03/2023,踱步,沙田,內圈,沙田 內圈,,,,,,助手,,快踱兩圈,H,內圈 快踱兩圈 (助手)
H120,03/03/2023,游水,沙田,,沙田,,,,,,,,游水,,
H120,03/03/2023,踱步,沙田,內圈,沙田 內圈,,,,,,助手,,快踱兩圈,H,內圈 快踱兩圈 (助手)
H120,02/03/2023,游水,沙田,,沙田,,,,,,,,游水,,
H120,02/03/2023,踱步,沙田,內圈,沙田 內圈,,,,,,助手,,倒快兩圈,H,內圈 倒快兩圈 (助手)
H120,01/03/2023,快操,沙田,全天候,沙田 全天候,,1.22.0,82.0,29.8 27.1 25.1,,助手,,快操,H,29.8 27.1 25.1 (1.22.0) (助手)
H120,01/03/2023,踱步,沙田,飛機場,沙田 飛機場,,,,,,助手,,踱步,H,飛機場 踱步 (助手)
H120,28/02/2023,游水,沙田,,沙田,,,,,,,,游水,,
H120,28/02/2023,踱步,沙田,內圈,沙田 內圈,,,,,,助手,,快踱兩圈,H,內圈 快踱兩圈 (助手)
H120,27/02/2023,游水,沙田,,沙田,,,,,,,,游水,,
H120,27/02/2023,踱步,沙田,內圈,沙田 內圈,,,,,,助手,,倒快兩圈,H,內圈 倒快兩圈 (助手)
H120,26/02/2023,游水,沙田,,沙田,,,,,,,,游水,,
H120,26/02/2023,踱步,沙田,內圈,沙田 內圈,,,,,,助手,,快踱兩圈,H,內圈 快踱兩圈 (助手)
H120,25/02/2023,游水,沙田,,沙田,,,,,,,,游水,,
H120,25/02/2023,踱步,沙田,內圈,沙田 內圈,,,,,,助手,,快踱兩圈,H,內圈 快踱兩圈 (助手)
H120,24/02/2023,快操,沙田,全天候,沙田 全天候,,1.20.7,80.7,28.8 27.0 24.9,,助手,,快操,H,28.8 27.0 24.9 (1.20.7) (助手)
H120,23/02/2023,游水,沙田,,沙田,,,,,,,,游水,,
H120,23/02/2023,踱步,沙田,內圈,沙田 內圈,,,,,,助手,,倒快兩圈,H,內圈 倒快兩圈 (助手)
H120,22/02/2023,游水,沙田,,沙田,,,,,,,,游水,,
H120,22/02/2023,踱步,沙田,內圈,沙田 內圈,,,,,,助手,,快踱兩圈,H,內圈 快踱兩圈 (助手)
H120,21/02/2023,游水,沙田,,沙田,,,,,,,,游水,,
H120,21/02/2023,踱步,沙田,內圈,沙田 內圈,,,,,,助手,,快踱兩圈,H,內圈 快踱兩圈 (助手)
H120,20/02/2023,游水,沙田,,沙田,,,,,,,,游水,,
H120,20/02/2023,踱步,沙田,內圈,沙田 內圈,,,,,,助手,,倒快兩圈,H,內圈 倒快兩圈 (助手)
H120,19/02/2023,游水,沙田,,沙田,,,,,,,,游水,,
H120,19/02/2023,踱步,沙田,內圈,沙田 內圈,,,,,,助手,,快踱兩圈,H,內圈 快踱兩圈 (助手)
H120,18/02/2023,游水,沙田,,沙田,,,,,,,,游水,,
H120,18/02/2023,踱步,沙田,內圈,沙田 內圈,,,,,,助手,,快踱兩圈,H,內圈 快踱兩圈 (助手)
H120,17/02/2023,游水,沙田,,沙田,,,,,,,,游水,,
H120,16/02/2023,游水,沙田,,沙田,,,,,,,,游水,,
H120,16/02/2023,踱步,沙田,內圈,沙田 內圈,,,,,,助手,,倒快一圈,,內圈 倒快一圈 (助手)
H120,15/02/2023,游水,沙田,,沙田,,,,,,,,游水,,
H120,15/02/2023,踱步,沙田,內圈,沙田 內圈,,,,,,助手,,快踱兩圈,H,內圈 快踱兩圈 (助手)
H120,14/02/2023,踱步,沙田,內圈,沙田 內圈,,,,,,助手,,快踱一圈,H,內圈 快踱一圈 (助手)
H120,11/02/2023,游水,沙田,,沙田,,,,,,,,游水,,
H120,11/02/2023,踱步,沙田,內圈,沙田 內圈,,,,,,助手,,快踱兩圈,H,內圈 快踱兩圈 (助手)
H120,10/02/2023,快操,沙田,全天候,沙田 全天候,,1.25.0,85.0,29.9 28.9 26.2,,陳嘉熙,,快操,H,29.9 28.9 26.2 (1.25.0) (陳嘉熙)
H120,09/02/2023,游水,沙田,,沙田,,,,,,,,游水,,
H120,09/02/2023,踱步,沙田,內圈,沙田 內圈,,,,,,助手,,倒快兩圈,H,內圈 倒快兩圈 (助手)
H120,08/02/2023,游水,沙田,,沙田,,,,,,,,游水,,
H120,08/02/2023,踱步,沙田,內圈,沙田 內圈,,,,,,助手,,快踱兩圈,H,內圈 快踱兩圈 (助手)
H120,07/02/2023,游水,沙田,,沙田,,,,,,,,游水,,
H120,07/02/2023,踱步,沙田,內圈,沙田 內圈,,,,,,助手,,快踱兩圈,H,內圈 快踱兩圈 (助手)
H120,06/02/2023,快操,沙田,全天候,沙田 全天候,,1.23.8,83.8,29.7 28.9 25.2,,助手,,快操,H,29.7 28.9 25.2 (1.23.8) (助手)
H120,05/02/2023,游水,沙田,,沙田,,,,,,,,游水,,
H120,05/02/2023,踱步,沙田,內圈,沙田 內圈,,,,,,助手,,快踱兩圈,H,內圈 快踱兩圈 (助手)
H120,04/02/2023,游水,沙田,,沙田,,,,,,,,游水,,
H120,04/02/2023,踱步,沙田,內圈,沙田 內圈,,,,,,助手,,快踱兩圈,H,內圈 快踱兩圈 (助手)
H120,03/02/2023,游水,沙田,,沙田,,,,,,,,游水,,
H120,03/02/2023,踱步,沙田,內圈,沙田 內圈,,,,,,助手,,快踱兩圈,H,內圈 快踱兩圈 (助手)
H120,02/02/2023,游水,沙田,,沙田,,,,,,,,游水,,
H120,02/02/2023,踱步,沙田,內圈,沙田 內圈,,,,,,助手,,倒快兩圈,H,內圈 倒快兩圈 (助手)
H120,01/02/2023,游水,沙田,,沙田,,,,,,,,游水,,
H120,01/02/2023,踱步,沙田,內圈,沙田 內圈,,,,,,助手,,快踱一圈,H,內圈 快踱一圈 (助手)
H120,31/01/2023,踱步,沙田,飛機場,沙田 飛機場,,,,,,助手,,踱步,H,飛機場 踱步 (助手)
H120,28/01/2023,踱步,沙田,內圈,沙田 內圈,,,,,,助手,,快踱兩圈,H,內圈 快踱兩圈 (助手)
H120,27/01/2023,游水,沙田,,沙田,,,,,,,,游水,,
H120,27/01/2023,踱步,沙田,內圈,沙田 內圈,,,,,,助手,,快踱兩圈,H,內圈 快踱兩圈 (助手)
H120,26/01/2023,游水,沙田,,沙田,,,,,,,,游水,,
H120,26/01/2023,踱步,沙田,內圈,沙田 內圈,,,,,,助手,,倒快兩圈,H,內圈 倒快兩圈 (助手)
H120,25/01/2023,游水,沙田,,沙田,,,,,,,,游水,,
H120,25/01/2023,踱步,沙田,內圈,沙田 內圈,,,,,,助手,,快踱兩圈,H,內圈 快踱兩圈 (助手)
H120,24/01/2023,游水,沙田,,沙田,,,,,,,,游水,,
H120,24/01/2023,踱步,沙田,內圈,沙田 內圈,,,,,,助手,,快踱一圈,H,內圈 快踱一圈 (助手)
H120,23/01/2023,游水,沙田,,沙田,,,,,,,,游水,,
H120,23/01/2023,踱步,沙田,內圈,沙田 內圈,,,,,,助手,,倒快兩圈,H,內圈 倒快兩圈 (助手)
H120,20/01/2023,試閘,沙田,全天候,沙田 全天候,1200M,1.10.47,70.47,24.7 22.8 22.9,金鑽貴人,布文,,第1組,,第1組 (布文) 1200M 金鑽貴人 24.7 22.8 22.9 (1.10.47)
H120,19/01/2023,踱步,沙田,內圈,沙田 內圈,,,,,,助手,,倒快一圈,H,內圈 倒快一圈 (助手)
H120,18/01/2023,踱步,沙田,內圈,沙田 內圈,,,,,,助手,,快踱兩圈,H,內圈 快踱兩圈 (助手)
H120,17/01/2023,踱步,沙田,內圈,沙田 內圈,,,,,,助手,,快踱一圈,H,內圈 快踱一圈 (助手)
H120,16/01/2023,踱步,沙田,飛機場,沙田 飛機場,,,,,,助手,,踱步,H,飛機場 踱步 (助手)
H120,14/01/2023,踱步,沙田,內圈,沙田 內圈,,,,,,助手,,快踱兩圈,H,內圈 快踱兩圈 (助手)
H120,13/01/2023,踱步,從化,內圈,從化 內圈,,,,,,助手,,快踱兩圈,H,內圈 快踱兩圈 (助手)
H120,12/01/2023,游水,從化,,從化,,,,,,,,游水,,
H120,12/01/2023,踱步,從化,內圈,從化 內圈,,,,,,助手,,倒快兩圈,H,內圈 倒快兩圈 (助手)
H120,11/01/2023,游水,從化,,從化,,,,,,,,游水,,
H120,11/01/2023,踱步,從化,內圈,從化 內圈,,,,,,助手,,快踱一圈,H,內圈 快踱一圈 (助手)
H120,09/01/2023,試閘,從化,草地,從化 草地,1000M,0.58.93,58.93,14.6 21.7 22.6,北極光,湯瑪善,,第1組,,第1組 (湯瑪善) 1000M 北極光 14.6 21.7 22.6 (0.58.93)
H120,08/01/2023,游水,從化,,從化,,,,,,,,游水,,
H120,08/01/2023,踱步,從化,內圈,從化 內圈,,,,,,助手,,快踱兩圈,H,內圈 快踱兩圈 (助手)
H120,07/01/2023,游水,從化,,從化,,,,,,,,游水,,
H120,07/01/2023,踱步,從化,內圈,從化 內圈,,,,,,助手,,快踱兩圈,H,內圈 快踱兩圈 (助手)
H120,06/01/2023,游水,從化,,從化,,,,,,,,游水,,
H120,06/01/2023,踱步,從化,內圈,從化 內圈,,,,,,助手,,快踱兩圈,H,內圈 快踱兩圈 (助手)
H120,05/01/2023,游水,從化,,從化,,,,,,,,游水,,
H120,05/01/2023,快操,從化,草地,從化 草地,,1.20.9,80.9,29.8 26.5 24.6,,助手,,快操,H,29.8 26.5 24.6 (1.20.9) (助手)
H120,05/01/2023,踱步,從化,飛機場,從化 飛機場,,,,,,助手,,踱步,H,飛機場 踱步 (助手)
H120,04/01/2023,游水,從化,,從化,,,,,,,,游水,,
H120,04/01/2023,踱步,從化,內圈,從化 內圈,,,,,,助手,,快踱兩圈,H,內圈 快踱兩圈 (助手)
H120,03/01/2023,游水,從化,,從化,,,,,,,,游水,,
H120,03/01/2023,踱步,從化,內圈,從化 內圈,,,,,,助手,,快踱兩圈,H,內圈 快踱兩圈 (助手)
H120,02/01/2023,游水,從化,,從化,,,,,,,,游水,,
H120,02/01/2023,踱步,從化,內圈,從化 內圈,,,,,,助手,,倒快兩圈,H,內圈 倒快兩圈 (助手)
H120,01/01/2023,游水,從化,,從化,,,,,,,,游水,,
H120,01/01/2023,踱步,從化,內圈,從化 內圈,,,,,,助手,,快踱一圈,H,內圈 快踱一圈 (助手)
H120,31/12/2022,快操,從化,草地,從化 草地,,1.22.3,82.3,29.2 27.7 25.4,,助手,,快操,H,29.2 27.7 25.4 (1.22.3) (助手)
H120,31/12/2022,踱步,從化,飛機場,從化 飛機場,,,,,,助手,,踱步,H,飛機場 踱步 (助手)
H120,30/12/2022,游水,從化,,從化,,,,,,,,游水,,
H120,30/12/2022,踱步,從化,內圈,從化 內圈,,,,,,助手,,快踱兩圈,H,內圈 快踱兩圈 (助手)
H120,29/12/2022,游水,從化,,從化,,,,,,,,游水,,
H120,29/12/2022,踱步,從化,內圈,從化 內圈,,,,,,助手,,倒快兩圈,H,內圈 倒快兩圈 (助手)
H120,28/12/2022,游水,從化,,從化,,,,,,,,游水,,
H120,28/12/2022,踱步,從化,內圈,從化 內圈,,,,,,助手,,快踱兩圈,H,內圈 快踱兩圈 (助手)
H120,27/12/2022,游水,從化,,從化,,,,,,,,游水,,
H120,27/12/2022,踱步,從化,飛機場,從化 飛機場,,,,,,助手,,踱步,H,飛機場 踱步 (助手)
H120,26/12/2022,游水,從化,,從化,,,,,,,,游水,,
H120,26/12/2022,快操,從化,草地,從化 草地,,56.0,56.0,29.2 26.8,,助手,,快操,H,29.2 26.8 (56.0) (助手)
H120,26/12/2022,踱步,從化,飛機場,從化 飛機場,,,,,,助手,,踱步,H,飛機場 踱步 (助手)
H120,25/12/2022,游水,從化,,從化,,,,,,,,游水,,
H120,25/12/2022,踱步,從化,內圈,從化 內圈,,,,,,助手,,快踱一圈,H,內圈 快踱一圈 (助手)
H120,24/12/2022,游水,從化,,從化,,,,,,,,游水,,
H120,24/12/2022,踱步,從化,內圈,從化 內圈,,,,,,助手,,快踱兩圈,H,內圈 快踱兩圈 (助手)
H120,23/12/2022,游水,從化,,從化,,,,,,,,游水,,
H120,23/12/2022,踱步,從化,內圈,從化 內圈,,,,,,助手,,快踱兩圈,H,內圈 快踱兩圈 (助手)
H120,22/12/2022,游水,從化,,從化,,,,,,,,游水,,
H120,22/12/2022,快操,從化,草地,從化 草地,,57.8,57.8,30.0 27.8,,助手,,快操,H,30.0 27.8 (57.8) (助手)
H120,22/12/2022,踱步,從化,飛機場,從化 飛機場,,,,,,助手,,踱步,H,飛機場 踱步 (助手)
H120,21/12/2022,游水,從化,,從化,,,,,,,,游水,,
H120,21/12/2022,踱步,從化,內圈,從化 內圈,,,,,,助手,,快踱兩圈,H,內圈 快踱兩圈 (助手)
H120,20/12/2022,游水,從化,,從化,,,,,,,,游水,,
H120,20/12/2022,踱步,從化,內圈,從化 內圈,,,,,,助手,,快踱兩圈,H,內圈 快踱兩圈 (助手)
H120,19/12/2022,游水,從化,,從化,,,,,,,,游水,,
H120,19/12/2022,踱步,從化,內圈,從化 內圈,,,,,,助手,,倒快兩圈,H,內圈 倒快兩圈 (助手)
H120,18/12/2022,游水,從化,,從化,,,,,,,,游水,,
H120,18/12/2022,踱步,從化,內圈,從化 內圈,,,,,,助手,,快踱一圈,H,內圈 快踱一圈 (助手)
H120,17/12/2022,游水,從化,,從化,,,,,,,,游水,,
H120,17/12/2022,踱步,從化,內圈,從化 內圈,,,,,,助手,,快踱兩圈,H,內圈 快踱兩圈 (助手)
H120,16/12/2022,游水,從化,,從化,,,,,,,,游水,,
H120,16/12/2022,踱步,從化,內圈,從化 內圈,,,,,,助手,,快踱兩圈,H,內圈 快踱兩圈 (助手)
H120,15/12/2022,游水,從化,,從化,,,,,,,,游水,,
H120,15/12/2022,踱步,從化,內圈,從化 內圈,,,,,,助手,,倒快一圈,H,內圈 倒快一圈 (助手)
H120,14/12/2022,游水,從化,,從化,,,,,,,,游水,,
H120,14/12/2022,踱步,從化,內圈,從化 內圈,,,,,,助手,,快踱一圈,H,內圈 快踱一圈 (助手)
H120,13/12/2022,游水,從化,,從化,,,,,,,,游水,,
H120,13/12/2022,踱步,從化,內圈,從化 內圈,,,,,,助手,,快踱一圈,H,內圈 快踱一圈 (助手)
H120,12/12/2022,游水,從化,,從化,,,,,,,,游水,,
H120,12/12/2022,踱步,從化,飛機場,從化 飛機場,,,,,,助手,,踱步,H,飛機場 踱步 (助手)
H120,11/12/2022,游水,從化,,從化,,,,,,,,游水,,
H120,11/12/2022,踱步,從化,飛機場,從化 飛機場,,,,,,助手,,踱步,H,飛機場 踱步 (助手)
H120,10/12/2022,游水,從化,,從化,,,,,,,,游水,,
H120,10/12/2022,踱步,從化,飛機場,從化 飛機場,,,,,,助手,,踱步,H,飛機場 踱步 (助手)
H120,09/12/2022,游水,從化,,從化,,,,,,,,游水,,
H120,09/12/2022,踱步,從化,飛機場,從化 飛機場,,,,,,助手,,踱步,H,飛機場 踱步 (助手)
H120,08/12/2022,游水,從化,,從化,,,,,,,,游水,,
H120,08/12/2022,踱步,從化,飛機場,從化 飛機場,,,,,,助手,,踱步,H,飛機場 踱步 (助手)
H120,07/12/2022,游水,從化,,從化,,,,,,,,游水,,
H120,07/12/2022,踱步,從化,飛機場,從化 飛機場,,,,,,助手,,踱步,H,飛機場 踱步 (助手)
H120,06/12/2022,游水,從化,,從化,,,,,,,,游水,,
H120,06/12/2022,踱步,從化,飛機場,從化 飛機場,,,,,,助手,,踱步,H,飛機場 踱步 (助手)
H120,05/12/2022,游水,從化,,從化,,,,,,,,游水,,
H120,05/12/2022,踱步,從化,飛機場,從化 飛機場,,,,,,助手,,踱步,H,飛機場 踱步 (助手)
H120,04/12/2022,游水,從化,,從化,,,,,,,,游水,,
H120,04/12/2022,踱步,從化,內圈,從化 內圈,,,,,,助手,,快踱一圈,H,內圈 快踱一圈 (助手)
H120,03/12/2022,游水,從化,,從化,,,,,,,,游水,,
H120,03/12/2022,踱步,從化,內圈,從化 內圈,,,,,,助手,,快踱兩圈,H,內圈 快踱兩圈 (助手)
H120,02/12/2022,游水,從化,,從化,,,,,,,,游水,,
H120,02/12/2022,踱步,從化,內圈,從化 內圈,,,,,,助手,,快踱兩圈,H,內圈 快踱兩圈 (助手)
H120,01/12/2022,游水,從化,,從化,,,,,,,,游水,,
H120,01/12/2022,踱步,從化,內圈,從化 內圈,,,,,,助手,,倒快兩圈,H,內圈 倒快兩圈 (助手)
H120,30/11/2022,游水,從化,,從化,,,,,,,,游水,,
H120,30/11/2022,踱步,從化,內圈,從化 內圈,,,,,,助手,,快踱兩圈,H,內圈 快踱兩圈 (助手)
H120,29/11/2022,游水,從化,,從化,,,,,,,,游水,,
H120,29/11/2022,踱步,從化,內圈,從化 內圈,,,,,,助手,,快踱兩圈,H,內圈 快踱兩圈 (助手)
H120,28/11/2022,游水,從化,,從化,,,,,,,,游水,,
H120,28/11/2022,踱步,從化,內圈,從化 內圈,,,,,,助手,,倒快兩圈,H,內圈 倒快兩圈 (助手)
H120,27/11/2022,游水,從化,,從化,,,,,,,,游水,,
H120,27/11/2022,踱步,從化,內圈,從化 內圈,,,,,,助手,,快踱一圈,H,內圈 快踱一圈 (助手)
H120,26/11/2022,游水,從化,,從化,,,,,,,,游水,,
H120,26/11/2022,踱步,從化,內圈,從化 內圈,,,,,,助手,,快踱兩圈,H,內圈 快踱兩圈 (助手)
H120,25/11/2022,游水,從化,,從化,,,,,,,,游水,,
H120,25/11/2022,踱步,從化,內圈,從化 內圈,,,,,,助手,,快踱兩圈,H,內圈 快踱兩圈 (助手)
H120,24/11/2022,游水,從化,,從化,,,,,,,,游水,,
H120,24/11/2022,踱步,從化,內圈,從化 內圈,,,,,,助手,,倒快一圈,H,內圈 倒快一圈 (助手)
H120,23/11/2022,游水,從化,,從化,,,,,,,,游水,,
H120,23/11/2022,踱步,從化,內圈,從化 內圈,,,,,,助手,,快踱一圈,H,內圈 快踱一圈 (助手)
H120,22/11/2022,游水,從化,,從化,,,,,,,,游水,,
H120,22/11/2022,踱步,從化,飛機場,從化 飛機場,,,,,,助手,,踱步,,飛機場 踱步 (助手)
H120,21/11/2022,游水,從化,,從化,,,,,,,,游水,,
H120,21/11/2022,踱步,從化,飛機場,從化 飛機場,,,,,,助手,,踱步,,飛機場 踱步 (助手)
H120,20/11/2022,游水,從化,,從化,,,,,,,,游水,,
H120,20/11/2022,踱步,從化,飛機場,從化 飛機場,,,,,,助手,,踱步,,飛機場 踱步 (助手)
H120,19/11/2022,游水,從化,,從化,,,,,,,,游水,,
H120,19/11/2022,踱步,從化,飛機場,從化 飛機場,,,,,,助手,,踱步,,飛機場 踱步 (助手)
H120,18/11/2022,游水,從化,,從化,,,,,,,,游水,,
H120,18/11/2022,踱步,從化,飛機場,從化 飛機場,,,,,,助手,,踱步,,飛機場 踱步 (助手)
H120,17/11/2022,游水,從化,,從化,,,,,,,,游水,,
H120,17/11/2022,踱步,從化,飛機場,從化 飛機場,,,,,,助手,,踱步,,飛機場 踱步 (助手)
H120,16/11/2022,游水,從化,,從化,,,,,,,,游水,,
H120,16/11/2022,踱步,從化,飛機場,從化 飛機場,,,,,,助手,,踱步,,飛機場 踱步 (助手)
H120,15/11/2022,游水,從化,,從化,,,,,,,,游水,,
H120,15/11/2022,踱步,從化,飛機場,從化 飛機場,,,,,,助手,,踱步,,飛機場 踱步 (助手)
H120,14/11/2022,游水,從化,,從化,,,,,,,,游水,,
H120,14/11/2022,踱步,從化,飛機場,從化 飛機場,,,,,,助手,,踱步,,飛機場 踱步 (助手)
H120,13/11/2022,游水,從化,,從化,,,,,,,,游水,,
H120,12/11/2022,游水,從化,,從化,,,,,,,,游水,,
H120,11/11/2022,游水,從化,,從化,,,,,,,,游水,,
H120,10/11/2022,游水,從化,,從化,,,,,,,,游水,,
H120,09/11/2022,游水,從化,,從化,,,,,,,,游水,,
H120,08/11/2022,游水,從化,,從化,,,,,,,,游水,,
H120,07/11/2022,游水,從化,,從化,,,,,,,,游水,,
H120,06/11/2022,游水,從化,,從化,,,,,,,,游水,,
H120,05/11/2022,游水,從化,,從化,,,,,,,,游水,,
H120,04/11/2022,游水,從化,,從化,,,,,,,,游水,,
H120,02/11/2022,游水,沙田,,沙田,,,,,,,,游水,,
H120,01/11/2022,游水,沙田,,沙田,,,,,,,,游水,,
H120,28/10/2022,游水,沙田,,沙田,,,,,,,,游水,,
H120,27/10/2022,游水,沙田,,沙田,,,,,,,,游水,,
H120,25/10/2022,游水,從化,,從化,,,,,,,,游水,,
H120,24/10/2022,游水,從化,,從化,,,,,,,,游水,,
H120,23/10/2022,游水,從化,,從化,,,,,,,,游水,,
H120,22/10/2022,游水,從化,,從化,,,,,,,,游水,,
H120,21/10/2022,游水,從化,,從化,,,,,,,,游水,,
H120,20/10/2022,游水,從化,,從化,,,,,,,,游水,,
H120,19/10/2022,游水,從化,,從化,,,,,,,,游水,,
H120,18/10/2022,游水,從化,,從化,,,,,,,,游水,,
H120,17/10/2022,游水,從化,,從化,,,,,,,,游水,,
H120,17/10/2022,踱步,從化,飛機場,從化 飛機場,,,,,,助手,,踱步,,飛機場 踱步 (助手)
H120,16/10/2022,游水,從化,,從化,,,,,,,,游水,,
H120,15/10/2022,游水,從化,,從化,,,,,,,,游水,,
H120,14/10/2022,游水,從化,,從化,,,,,,,,游水,,
H120,13/10/2022,游水,從化,,從化,,,,,,,,游水,,
H120,12/10/2022,游水,從化,,從化,,,,,,,,游水,,
H120,12/10/2022,踱步,從化,飛機場,從化 飛機場,,,,,,助手,,踱步,,飛機場 踱步 (助手)
H120,10/10/2022,游水,從化,,從化,,,,,,,,游水,,
H120,10/10/2022,踱步,從化,內圈,從化 內圈,,,,,,助手,,倒快兩圈,H,內圈 倒快兩圈 (助手)
H120,09/10/2022,游水,從化,,從化,,,,,,,,游水,,
H120,09/10/2022,踱步,從化,內圈,從化 內圈,,,,,,助手,,快踱一圈,H,內圈 快踱一圈 (助手)
H120,08/10/2022,游水,從化,,從化,,,,,,,,游水,,
H120,08/10/2022,快操,從化,登山跑道,從化 登山跑道,,55.7,55.7,28.8 26.9,,助手,,快操,H,28.8 26.9 (55.7) (助手)
H120,07/10/2022,游水,從化,,從化,,,,,,,,游水,,
H120,07/10/2022,踱步,從化,內圈,從化 內圈,,,,,,助手,,快踱一圈,H,內圈 快踱一圈 (助手)
H120,06/10/2022,踱步,沙田,內圈,沙田 內圈,,,,,,助手,,倒快兩圈,H,內圈 倒快兩圈 (助手)
H120,05/10/2022,游水,沙田,,沙田,,,,,,,,游水,,
H120,05/10/2022,踱步,沙田,內圈,沙田 內圈,,,,,,陳嘉熙,,快踱兩圈,,內圈 快踱兩圈 (陳嘉熙)
H120,04/10/2022,游水,沙田,,沙田,,,,,,,,游水,,
H120,04/10/2022,踱步,沙田,內圈,沙田 內圈,,,,,,陳嘉熙,,快踱兩圈,H,內圈 快踱兩圈 (陳嘉熙)
H120,03/10/2022,快操,沙田,全天候,沙田 全天候,,1.28.9,88.9,33.5 28.8 26.6,,楊明綸,,快操,,33.5 28.8 26.6 (1.28.9) (楊明綸)
H120,02/10/2022,踱步,沙田,內圈,沙田 內圈,,,,,,助手,,快踱兩圈,,內圈 快踱兩圈 (助手)
H120,01/10/2022,踱步,沙田,內圈,沙田 內圈,,,,,,助手,,快踱一圈,,內圈 快踱一圈 (助手)
H120,30/09/2022,踱步,沙田,飛機場,沙田 飛機場,,,,,,助手,,踱步,,飛機場 踱步 (助手)
H120,28/09/2022,游水,沙田,,沙田,,,,,,,,游水,,
H120,28/09/2022,踱步,沙田,內圈,沙田 內圈,,,,,,助手,,快踱兩圈,,內圈 快踱兩圈 (助手)
H120,27/09/2022,踱步,沙田,內圈,沙田 內圈,,,,,,助手,,快踱兩圈,,內圈 快踱兩圈 (助手)
H120,26/09/2022,踱步,沙田,內圈,沙田 內圈,,,,,,助手,,倒快兩圈,,內圈 倒快兩圈 (助手)
H120,25/09/2022,踱步,沙田,內圈,沙田 內圈,,,,,,助手,,快踱兩圈,,內圈 快踱兩圈 (助手)
H120,23/09/2022,踱步,沙田,內圈,沙田 內圈,,,,,,助手,,快踱兩圈,,內圈 快踱兩圈 (助手)
H120,22/09/2022,踱步,沙田,內圈,沙田 內圈,,,,,,助手,,倒快一圈,,內圈 倒快一圈 (助手)
H120,21/09/2022,踱步,沙田,內圈,沙田 內圈,,,,,,助手,,快踱兩圈,,內圈 快踱兩圈 (助手)
H120,20/09/2022,踱步,沙田,內圈,沙田 內圈,,,,,,助手,,快踱一圈,H,內圈 快踱一圈 (助手)
H120,19/09/2022,踱步,沙田,內圈,沙田 內圈,,,,,,助手,,倒快一圈,H,內圈 倒快一圈 (助手)
H120,18/09/2022,踱步,沙田,內圈,沙田 內圈,,,,,,助手,,快踱兩圈,H,內圈 快踱兩圈 (助手)
H120,17/09/2022,踱步,沙田,內圈,沙田 內圈,,,,,,助手,,快踱兩圈,H,內圈 快踱兩圈 (助手)
H120,16/09/2022,踱步,沙田,內圈,沙田 內圈,,,,,,助手,,快踱兩圈,H,內圈 快踱兩圈 (助手)
H120,15/09/2022,踱步,沙田,內圈,沙田 內圈,,,,,,助手,,倒快兩圈,H,內圈 倒快兩圈 (助手)
H120,14/09/2022,踱步,沙田,內圈,沙田 內圈,,,,,,助手,,快踱一圈,H,內圈 快踱一圈 (助手)
H120,13/09/2022,踱步,沙田,外圈,沙田 外圈,,,,,,助手,,快踱一圈,H,外圈 快踱一圈 (助手)
H120,12/09/2022,踱步,沙田,飛機場,沙田 飛機場,,,,,,助手,,踱步,H,飛機場 踱步 (助手)
H120,11/09/2022,踱步,沙田,飛機場,沙田 飛機場,,,,,,助手,,踱步,H,飛機場 踱步 (助手)
H120,10/09/2022,踱步,沙田,飛機場,沙田 飛機場,,,,,,助手,,踱步,H,飛機場 踱步 (助手)
H120,09/09/2022,踱步,沙田,飛機場,沙田 飛機場,,,,,,助手,,踱步,H,飛機場 踱步 (助手)
H120,08/09/2022,踱步,沙田,飛機場,沙田 飛機場,,,,,,助手,,踱步,,飛機場 踱步 (助手)
