horse_no,date,work_type,racecourse,track,venue,distance,time,time_sec,splits,partner,rider,placing,comment,gear,workout_details
H388,09/09/2026,踱步,從化,飛機場,從化 飛機場,,,,,,助手,,踱步,H,飛機場 踱步 (助手)
H388,08/09/2026,馬匹跑步機,從化,,從化,,,,,,,,馬匹跑步機 - 踱步,,馬匹跑步機 - 踱步
H388,08/09/2026,游水,從化,,從化,,,,,,,,游水,,
H388,08/09/2026,踱步,從化,飛機場,從化 飛機場,,,,,,助手,,踱步,H,飛機場 踱步 (助手)
H388,07/09/2026,馬匹水中步行機,從化,,從化,,,,,,,,馬匹水中步行機,,
H388,07/09/2026,游水,從化,,從化,,,,,,,,游水,,
H388,07/09/2026,踱步,從化,內圈,從化 內圈,,,,,,助手,,倒快一圈,,內圈 倒快一圈 (助手)
H388,06/09/2026,馬匹水中步行機,從化,,從化,,,,,,,,馬匹水中步行機,,
H388,06/09/2026,游水,從化,,從化,,,,,,,,游水,,
H388,06/09/2026,踱步,從化,飛機場,從化 飛機場,,,,,,助手,,踱步,H,飛機場 踱步 (助手)
H388,05/09/2026,游水,從化,,從化,,,,,,,,游水,,
H388,05/09/2026,踱步,從化,飛機場,從化 飛機場,,,,,,助手,,踱步,H,飛機場 踱步 (助手)
H388,04/09/2026,游水,從化,,從化,,,,,,,,游水,,
H388,04/09/2026,踱步,從化,飛機場,從化 飛機場,,,,,,副練馬師,,踱步,H,飛機場 踱步 (副練馬師)
H388,03/09/2026,游水,從化,,從化,,,,,,,,游水,,
H388,03/09/2026,踱步,從化,飛機場,從化 飛機場,,,,,,助手,,踱步,H,飛機場 踱步 (助手)
H388,02/09/2026,游水,從化,,從化,,,,,,,,游水,,
H388,02/09/2026,踱步,從化,飛機場,從化 飛機場,,,,,,助手,,踱步,H,飛機場 踱步 (助手)
H388,01/09/2026,游水,從化,,從化,,,,,,,,游水,,
H388,01/09/2026,踱步,從化,內圈,從化 內圈,,,,,,助手,,快踱一圈,H,內圈 快踱一圈 (助手)
H388,31/08/2026,游水,從化,,從化,,,,,,,,游水,,
H388,31/08/2026,踱步,從化,內圈,從化 內圈,,,,,,助手,,倒快兩圈,H,內圈 倒快兩圈 (助手)
H388,30/08/2026,游水,從化,,從化,,,,,,,,游水,,
H388,30/08/2026,快操,從化,全天候,從化 全天候,,56.0,56.0,30.4 25.6,,助手,,鼓浪高升,H,30.4 25.6 (56.0) (助手) 鼓浪高升
H388,30/08/2026,踱步,從化,飛機場,從化 飛機場,,,,,,助手,,踱步,H,飛機場 踱步 (助手)
H388,29/08/2026,游水,從化,,從化,,,,,,,,游水,,
H388,29/08/2026,踱步,從化,內圈,從化 內圈,,,,,,助手,,快踱一圈,H,內圈 快踱一圈 (助手)
H388,28/08/2026,游水,從化,,從化,,,,,,,,游水,,
H388,28/08/2026,踱步,從化,內圈,從化 內圈,,,,,,助手,,快踱一圈,H,內圈 快踱一圈 (助手)
H388,27/08/2026,游水,從化,,從化,,,,,,,,游水,,
H388,27/08/2026,快操,從化,全天候,從化 全天候,,30.0,30.0,30.0,,助手,,快操,H,30.0 (30.0) (助手)
H388,27/08/2026,踱步,從化,飛機場,從化 飛機場,,,,,,助手,,踱步,H,飛機場 踱步 (助手)
H388,26/08/2026,踱步,從化,內圈,從化 內圈,,,,,,助手,,快踱一圈,H,內圈 快踱一圈 (助手)
H388,25/08/2026,踱步,從化,內圈,從化 內圈,,,,,,助手,,快踱一圈,H,內圈 快踱一圈 (助手)
H388,24/08/2026,游水,從化,,從化,,,,,,,,游水,,
H388,24/08/2026,踱步,從化,內圈,從化 內圈,,,,,,助手,,倒快兩圈,H,內圈 倒快兩圈 (助手)
H388,23/08/2026,踱步,從化,內圈,從化 內圈,,,,,,助手,,快踱一圈,H,內圈 快踱一圈 (助手)
H388,22/08/2026,踱步,從化,內圈,從化 內圈,,,,,,助手,,快踱一圈,H,內圈 快踱一圈 (助手)
H388,21/08/2026,踱步,從化,內圈,從化 內圈,,,,,,助手,,快踱一圈,H,內圈 快踱一圈 (助手)
H388,20/08/2026,踱步,從化,內圈,從化 內圈,,,,,,助手,,倒快一圈,H,內圈 倒快一圈 (助手)
H388,19/08/2026,踱步,從化,內圈,從化 內圈,,,,,,助手,,快踱一圈,H,內圈 快踱一圈 (助手)
H388,18/08/2026,踱步,從化,飛機場,從化 飛機場,,,,,,助手,,踱步,H,飛機場 踱步 (助手)
H388,17/08/2026,游水,從化,,從化,,,,,,,,游水,,
H388,17/08/2026,踱步,從化,飛機場,從化 飛機場,,,,,,助手,,踱步,H,飛機場 踱步 (助手)
H388,16/08/2026,游水,從化,,從化,,,,,,,,游水,,
H388,16/08/2026,踱步,從化,飛機場,從化 飛機場,,,,,,助手,,踱步,H,飛機場 踱步 (助手)
H388,15/08/2026,游水,從化,,從化,,,,,,,,游水,,
H388,15/08/2026,踱步,從化,飛機場,從化 飛機場,,,,,,助手,,踱步,H,飛機場 踱步 (助手)
H388,14/08/2026,游水,從化,,從化,,,,,,,,游水,,
H388,14/08/2026,踱步,從化,飛機場,從化 飛機場,,,,,,助手,,踱步,H,飛機場 踱步 (助手)
H388,13/08/2026,游水,從化,,從化,,,,,,,,游水,,
H388,13/08/2026,踱步,從化,飛機場,從化 飛機場,,,,,,助手,,踱步,H,飛機場 踱步 (助手)
H388,12/08/2026,游水,從化,,從化,,,,,,,,游水,,
H388,11/08/2026,游水,從化,,從化,,,,,,,,游水,,
H388,10/08/2026,游水,從化,,從化,,,,,,,,游水,,
H388,09/08/2026,游水,從化,,從化,,,,,,,,游水,,
H388,08/08/2026,游水,從化,,從化,,,,,,,,游水,,
H388,07/08/2026,馬匹水中步行機,從化,,從化,,,,,,,,馬匹水中步行機,,
H388,07/08/2026,游水,從化,,從化,,,,,,,,游水,,
H388,06/08/2026,馬匹水中步行機,從化,,從化,,,,,,,,馬匹水中步行機,,
H388,06/08/2026,游水,從化,,從化,,,,,,,,游水,,
H388,05/08/2026,馬匹水中步行機,從化,,從化,,,,,,,,馬匹水中步行機,,
H388,05/08/2026,游水,從化,,從化,,,,,,,,游水,,
H388,04/08/2026,馬匹水中步行機,從化,,從化,,,,,,,,馬匹水中步行機,,
H388,04/08/2026,游水,從化,,從化,,,,,,,,游水,,
H388,03/08/2026,馬匹水中步行機,從化,,從化,,,,,,,,馬匹水中步行機,,
H388,03/08/2026,游水,從化,,從化,,,,,,,,游水,,
H388,02/08/2026,馬匹水中步行機,從化,,從化,,,,,,,,馬匹水中步行機,,
H388,02/08/2026,游水,從化,,從化,,,,,,,,游水,,
H388,01/08/2026,馬匹水中步行機,從化,,從化,,,,,,,,馬匹水中步行機,,
H388,01/08/2026,游水,從化,,從化,,,,,,,,游水,,
H388,15/07/2026,出賽,跑馬地,草地,跑馬地 草地,1800M,,,,,何澤堯,10/12,出賽,B,1800M (何澤堯) (10/12)
H388,15/07/2026,踱步,沙田,飛機場,沙田 飛機場,,,,,,助手,,踱步,H,飛機場 踱步 (助手)
H388,14/07/2026,游水,沙田,,沙田,,,,,,,,游水,,
H388,14/07/2026,踱步,沙田,內圈,沙田 內圈,,,,,,助手,,快踱一圈,H,內圈 快踱一圈 (助手)
H388,13/07/2026,游水,沙田,,沙田,,,,,,,,游水,,
H388,13/07/2026,快操,沙田,全天候,沙田 全天候,,1.26.6,86.6,32.0 29.3 25.3,,何澤堯,,快操,H,32.0 29.3 25.3 (1.26.6) (何澤堯)
H388,13/07/2026,踱步,沙田,飛機場,沙田 飛機場,,,,,,助手,,踱步,H,飛機場 踱步 (助手)
H388,12/07/2026,游水,沙田,,沙田,,,,,,,,游水,,
H388,12/07/2026,踱步,沙田,內圈,沙田 內圈,,,,,,助手,,快踱一圈,H,內圈 快踱一圈 (助手)
H388,11/07/2026,游水,沙田,,沙田,,,,,,,,游水,,
H388,11/07/2026,踱步,沙田,內圈,沙田 內圈,,,,,,助手,,快踱一圈,H,內圈 快踱一圈 (助手)
H388,10/07/2026,馬匹跑步機,沙田,,沙田,,,,,,上斜,,馬匹跑步機 - 慢跑,,馬匹跑步機 - 慢跑 （上斜）
H388,10/07/2026,游水,沙田,,沙田,,,,,,,,游水,,
H388,09/07/2026,游水,沙田,,沙田,,,,,,,,游水,,
H388,09/07/2026,快操,沙田,草地,沙田 草地,,52.3,52.3,29.6 22.7,,助手,,大文豪,,29.6 22.7 (52.3) (助手) 大文豪
H388,09/07/2026,踱步,沙田,飛機場,沙田 飛機場,,,,,,助手,,踱步,,飛機場 踱步 (助手)
H388,08/07/2026,游水,沙田,,沙田,,,,,,,,游水,,
H388,08/07/2026,踱步,沙田,內圈,沙田 內圈,,,,,,助手,,快踱一圈,H,內圈 快踱一圈 (助手)
H388,07/07/2026,游水,沙田,,沙田,,,,,,,,游水,,
H388,07/07/2026,踱步,沙田,內圈,沙田 內圈,,,,,,助手,,快踱一圈,H,內圈 快踱一圈 (助手)
H388,06/07/2026,游水,沙田,,沙田,,,,,,,,游水,,
H388,06/07/2026,踱步,沙田,內圈,沙田 內圈,,,,,,助手,,倒快兩圈,H,內圈 倒快兩圈 (助手)
H388,05/07/2026,游水,沙田,,沙田,,,,,,,,游水,,
H388,05/07/2026,踱步,沙田,內圈,沙田 內圈,,,,,,助手,,快踱一圈,H,內圈 快踱一圈 (助手)
H388,04/07/2026,游水,沙田,,沙田,,,,,,,,游水,,
H388,04/07/2026,踱步,沙田,內圈,沙田 內圈,,,,,,助手,,快踱一圈,H,內圈 快踱一圈 (助手)
H388,03/07/2026,踱步,沙田,內圈,沙田 內圈,,,,,,助手,,快踱一圈,H,內圈 快踱一圈 (助手)
H388,02/07/2026,馬匹跑步機,沙田,,沙田,,,,,,上斜,,馬匹跑步機 - 慢跑,,馬匹跑步機 - 慢跑 （上斜）
H388,27/06/2026,出賽,沙田,草地,沙田 草地,2000M,,,,,潘明輝,11/14,出賽,B,2000M (潘明輝) (11/14)
H388,27/06/2026,踱步,沙田,飛機場,沙田 飛機場,,,,,,助手,,踱步,H,飛機場 踱步 (助手)
H388,26/06/2026,游水,沙田,,沙田,,,,,,,,游水,,
H388,26/06/2026,踱步,沙田,內圈,沙田 內圈,,,,,,助手,,快踱一圈,H,內圈 快踱一圈 (助手)
H388,25/06/2026,游水,沙田,,沙田,,,,,,,,游水,,
H388,25/06/2026,踱步,沙田,內圈,沙田 內圈,,,,,,助手,,倒快兩圈,H,內圈 倒快兩圈 (助手)
H388,24/06/2026,游水,沙田,,沙田,,,,,,,,游水,,
H388,24/06/2026,踱步,沙田,內圈,沙田 內圈,,,,,,助手,,快踱一圈,H,內圈 快踱一圈 (助手)
H388,23/06/2026,游水,沙田,,沙田,,,,,,,,游水,,
H388,23/06/2026,踱步,沙田,內圈,沙田 內圈,,,,,,助手,,快踱一圈,H,內圈 快踱一圈 (助手)
H388,22/06/2026,游水,沙田,,沙田,,,,,,,,游水,,
H388,22/06/2026,快操,沙田,全天候,沙田 全天候,,1.23.0,83.0,30.9 28.0 24.1,,潘明輝,,大文豪,,30.9 28.0 24.1 (1.23.0) (潘明輝) 大文豪
H388,22/06/2026,踱步,沙田,飛機場,沙田 飛機場,,,,,,助手,,踱步,,飛機場 踱步 (助手)
H388,21/06/2026,游水,沙田,,沙田,,,,,,,,游水,,
H388,21/06/2026,踱步,沙田,內圈,沙田 內圈,,,,,,助手,,快踱一圈,H,內圈 快踱一圈 (助手)
H388,20/06/2026,游水,沙田,,沙田,,,,,,,,游水,,
H388,20/06/2026,踱步,沙田,內圈,沙田 內圈,,,,,,助手,,快踱一圈,H,內圈 快踱一圈 (助手)
H388,19/06/2026,游水,沙田,,沙田,,,,,,,,游水,,
H388,19/06/2026,快操,沙田,全天候,沙田 全天候,,54.1,54.1,28.5 25.6,,助手,,快操,H,28.5 25.6 (54.1) (助手)
H388,19/06/2026,踱步,沙田,飛機場,沙田 飛機場,,,,,,助手,,踱步,H,飛機場 踱步 (助手)
H388,18/06/2026,游水,沙田,,沙田,,,,,,,,游水,,
H388,18/06/2026,踱步,沙田,內圈,沙田 內圈,,,,,,助手,,倒快兩圈,H,內圈 倒快兩圈 (助手)
H388,17/06/2026,游水,沙田,,沙田,,,,,,,,游水,,
H388,17/06/2026,踱步,沙田,內圈,沙田 內圈,,,,,,助手,,快踱一圈,H,內圈 快踱一圈 (助手)
H388,16/06/2026,馬匹跑步機,沙田,,沙田,,,,,,上斜,,馬匹跑步機 - 慢跑,,馬匹跑步機 - 慢跑 （上斜）
H388,16/06/2026,游水,沙田,,沙田,,,,,,,,游水,,
H388,15/06/2026,游水,沙田,,沙田,,,,,,,,游水,,
H388,15/06/2026,快操,沙田,全天候,沙田 全天候,,56.2,56.2,30.4 25.8,,助手,,快操,H,30.4 25.8 (56.2) (助手)
H388,15/06/2026,踱步,沙田,飛機場,沙田 飛機場,,,,,,助手,,踱步,H,飛機場 踱步 (助手)
H388,14/06/2026,游水,沙田,,沙田,,,,,,,,游水,,
H388,14/06/2026,踱步,沙田,內圈,沙田 內圈,,,,,,助手,,快踱一圈,H,內圈 快踱一圈 (助手)
H388,13/06/2026,游水,沙田,,沙田,,,,,,,,游水,,
H388,13/06/2026,踱步,沙田,內圈,沙田 內圈,,,,,,助手,,快踱一圈,H,內圈 快踱一圈 (助手)
H388,12/06/2026,游水,沙田,,沙田,,,,,,,,游水,,
H388,12/06/2026,踱步,沙田,內圈,沙田 內圈,,,,,,助手,,快踱一圈,H,內圈 快踱一圈 (助手)
H388,11/06/2026,游水,沙田,,沙田,,,,,,,,游水,,
H388,11/06/2026,快操,沙田,全天候,沙田 全天候,,54.9,54.9,29.6 25.3,,助手,,快操,H,29.6 25.3 (54.9) (助手)
H388,11/06/2026,踱步,沙田,飛機場,沙田 飛機場,,,,,,助手,,踱步,H,飛機場 踱步 (助手)
H388,10/06/2026,游水,沙田,,沙田,,,,,,,,游水,,
H388,10/06/2026,踱步,沙田,內圈,沙田 內圈,,,,,,助手,,快踱一圈,H,內圈 快踱一圈 (助手)
H388,09/06/2026,游水,沙田,,沙田,,,,,,,,游水,,
H388,09/06/2026,踱步,沙田,內圈,沙田 內圈,,,,,,助手,,快踱一圈,H,內圈 快踱一圈 (助手)
H388,08/06/2026,游水,沙田,,沙田,,,,,,,,游水,,
H388,08/06/2026,踱步,沙田,內圈,沙田 內圈,,,,,,助手,,倒快兩圈,H,內圈 倒快兩圈 (助手)
H388,07/06/2026,游水,沙田,,沙田,,,,,,,,游水,,
H388,07/06/2026,踱步,沙田,內圈,沙田 內圈,,,,,,助手,,快踱一圈,H,內圈 快踱一圈 (助手)
H388,06/06/2026,游水,沙田,,沙田,,,,,,,,游水,,
H388,06/06/2026,踱步,沙田,內圈,沙田 內圈,,,,,,助手,,快踱一圈,H,內圈 快踱一圈 (助手)
H388,05/06/2026,游水,沙田,,沙田,,,,,,,,游水,,
H388,05/06/2026,踱步,沙田,內圈,沙田 內圈,,,,,,助手,,快踱一圈,H,內圈 快踱一圈 (助手)
H388,04/06/2026,馬匹跑步機,沙田,,沙田,,,,,,上斜,,馬匹跑步機 - 慢跑,,馬匹跑步機 - 慢跑 （上斜）
H388,04/06/2026,游水,沙田,,沙田,,,,,,,,游水,,
H388,31/05/2026,出賽,沙田,草地,沙田 草地,2000M,,,,,潘明輝,5/14,出賽,B,2000M (潘明輝) (5/14)
H388,31/05/2026,踱步,沙田,飛機場,沙田 飛機場,,,,,,助手,,踱步,H,飛機場 踱步 (助手)
H388,30/05/2026,游水,沙田,,沙田,,,,,,,,游水,,
H388,30/05/2026,踱步,沙田,內圈,沙田 內圈,,,,,,助手,,快踱一圈,H,內圈 快踱一圈 (助手)
H388,29/05/2026,游水,沙田,,沙田,,,,,,,,游水,,
H388,29/05/2026,踱步,沙田,內圈,沙田 內圈,,,,,,助手,,快踱一圈,H,內圈 快踱一圈 (助手)
H388,28/05/2026,游水,沙田,,沙田,,,,,,,,游水,,
H388,28/05/2026,快操,沙田,全天候,沙田 全天候,,1.21.6,81.6,30.1 28.2 23.3,,潘明輝,,非惟僥倖,,30.1 28.2 23.3 (1.21.6) (潘明輝) 非惟僥倖
H388,28/05/2026,踱步,沙田,飛機場,沙田 飛機場,,,,,,潘明輝,,踱步,,飛機場 踱步 (潘明輝)
H388,27/05/2026,游水,沙田,,沙田,,,,,,,,游水,,
H388,27/05/2026,踱步,沙田,內圈,沙田 內圈,,,,,,助手,,快踱一圈,H,內圈 快踱一圈 (助手)
H388,26/05/2026,游水,沙田,,沙田,,,,,,,,游水,,
H388,26/05/2026,踱步,沙田,內圈,沙田 內圈,,,,,,助手,,快踱一圈,H,內圈 快踱一圈 (助手)
H388,25/05/2026,游水,沙田,,沙田,,,,,,,,游水,,
H388,25/05/2026,快操,沙田,草地,沙田 草地,,53.6,53.6,29.9 23.7,,潘明輝,,愛心萬里,H,29.9 23.7 (53.6) (潘明輝) 愛心萬里
H388,25/05/2026,踱步,沙田,飛機場,沙田 飛機場,,,,,,潘明輝,,踱步,H,飛機場 踱步 (潘明輝)
H388,24/05/2026,游水,沙田,,沙田,,,,,,,,游水,,
H388,24/05/2026,踱步,沙田,內圈,沙田 內圈,,,,,,助手,,快踱一圈,H,內圈 快踱一圈 (助手)
H388,23/05/2026,游水,沙田,,沙田,,,,,,,,游水,,
H388,23/05/2026,踱步,沙田,內圈,沙田 內圈,,,,,,助手,,快踱一圈,H,內圈 快踱一圈 (助手)
H388,22/05/2026,游水,沙田,,沙田,,,,,,,,游水,,
H388,22/05/2026,踱步,沙田,內圈,沙田 內圈,,,,,,助手,,快踱一圈,H,內圈 快踱一圈 (助手)
H388,21/05/2026,游水,沙田,,沙田,,,,,,,,游水,,
H388,21/05/2026,踱步,沙田,內圈,沙田 內圈,,,,,,助手,,倒快兩圈,H,內圈 倒快兩圈 (助手)
H388,20/05/2026,游水,沙田,,沙田,,,,,,,,游水,,
H388,20/05/2026,快操,沙田,全天候,沙田 全天候,,56.4,56.4,30.1 26.3,,助手,,快操,H,30.1 26.3 (56.4) (助手)
H388,20/05/2026,踱步,沙田,飛機場,沙田 飛機場,,,,,,助手,,踱步,H,飛機場 踱步 (助手)
H388,19/05/2026,游水,沙田,,沙田,,,,,,,,游水,,
H388,19/05/2026,踱步,沙田,內圈,沙田 內圈,,,,,,助手,,快踱一圈,H,內圈 快踱一圈 (助手)
H388,18/05/2026,游水,沙田,,沙田,,,,,,,,游水,,
H388,18/05/2026,踱步,沙田,內圈,沙田 內圈,,,,,,助手,,倒快兩圈,H,內圈 倒快兩圈 (助手)
H388,16/05/2026,游水,沙田,,沙田,,,,,,,,游水,,
H388,16/05/2026,快操,沙田,全天候,沙田 全天候,,56.7,56.7,30.0 26.7,,助手,,快操,H,30.0 26.7 (56.7) (助手)
H388,16/05/2026,踱步,沙田,飛機場,沙田 飛機場,,,,,,助手,,踱步,H,飛機場 踱步 (助手)
H388,15/05/2026,游水,沙田,,沙田,,,,,,,,游水,,
H388,15/05/2026,踱步,沙田,內圈,沙田 內圈,,,,,,助手,,快踱一圈,H,內圈 快踱一圈 (助手)
H388,14/05/2026,游水,沙田,,沙田,,,,,,,,游水,,
H388,14/05/2026,踱步,沙田,內圈,沙田 內圈,,,,,,助手,,倒快兩圈,H,內圈 倒快兩圈 (助手)
H388,13/05/2026,游水,沙田,,沙田,,,,,,,,游水,,
H388,13/05/2026,快操,沙田,全天候,沙田 全天候,,55.0,55.0,29.5 25.5,,助手,,快操,H,29.5 25.5 (55.0) (助手)
H388,13/05/2026,踱步,沙田,飛機場,沙田 飛機場,,,,,,助手,,踱步,H,飛機場 踱步 (助手)
H388,12/05/2026,游水,沙田,,沙田,,,,,,,,游水,,
H388,12/05/2026,踱步,沙田,內圈,沙田 內圈,,,,,,助手,,快踱一圈,H,內圈 快踱一圈 (助手)
H388,11/05/2026,游水,沙田,,沙田,,,,,,,,游水,,
H388,11/05/2026,踱步,沙田,內圈,沙田 內圈,,,,,,助手,,倒快兩圈,H,內圈 倒快兩圈 (助手)
H388,10/05/2026,游水,沙田,,沙田,,,,,,,,游水,,
H388,10/05/2026,踱步,沙田,內圈,沙田 內圈,,,,,,助手,,快踱一圈,H,內圈 快踱一圈 (助手)
H388,09/05/2026,游水,沙田,,沙田,,,,,,,,游水,,
H388,09/05/2026,踱步,沙田,內圈,沙田 內圈,,,,,,助手,,快踱一圈,H,內圈 快踱一圈 (助手)
H388,08/05/2026,游水,沙田,,沙田,,,,,,,,游水,,
H388,08/05/2026,踱步,沙田,內圈,沙田 內圈,,,,,,助手,,快踱一圈,H,內圈 快踱一圈 (助手)
H388,07/05/2026,游水,沙田,,沙田,,,,,,,,游水,,
H388,07/05/2026,踱步,沙田,內圈,沙田 內圈,,,,,,助手,,倒快兩圈,H,內圈 倒快兩圈 (助手)
H388,03/05/2026,出賽,沙田,草地,沙田 草地,1800M,,,,,潘明輝,1/14,出賽,B,1800M (潘明輝) (1/14)
H388,03/05/2026,踱步,沙田,飛機場,沙田 飛機場,,,,,,助手,,踱步,H,飛機場 踱步 (助手)
H388,02/05/2026,游水,沙田,,沙田,,,,,,,,游水,,
H388,02/05/2026,踱步,沙田,內圈,沙田 內圈,,,,,,助手,,快踱一圈,H,內圈 快踱一圈 (助手)
H388,01/05/2026,游水,沙田,,沙田,,,,,,,,游水,,
H388,01/05/2026,踱步,沙田,內圈,沙田 內圈,,,,,,助手,,快踱一圈,H,內圈 快踱一圈 (助手)
H388,30/04/2026,游水,沙田,,沙田,,,,,,,,游水,,
H388,30/04/2026,快操,沙田,全天候,沙田 全天候,,55.7,55.7,30.3 25.4,,助手,,快操,H,30.3 25.4 (55.7) (助手)
H388,30/04/2026,踱步,沙田,飛機場,沙田 飛機場,,,,,,助手,,踱步,H,飛機場 踱步 (助手)
H388,29/04/2026,游水,沙田,,沙田,,,,,,,,游水,,
H388,29/04/2026,踱步,沙田,內圈,沙田 內圈,,,,,,助手,,快踱一圈,H,內圈 快踱一圈 (助手)
H388,28/04/2026,游水,沙田,,沙田,,,,,,,,游水,,
H388,28/04/2026,踱步,沙田,內圈,沙田 內圈,,,,,,助手,,快踱一圈,H,內圈 快踱一圈 (助手)
H388,27/04/2026,游水,沙田,,沙田,,,,,,,,游水,,
H388,27/04/2026,快操,沙田,草閘,沙田 草閘,,49.5,49.5,25.7 23.8,,助手,,盈好威楓,B,25.7 23.8 (49.5) (助手) 盈好威楓
H388,27/04/2026,踱步,沙田,飛機場,沙田 飛機場,,,,,,助手,,踱步,B,飛機場 踱步 (助手)
H388,26/04/2026,游水,沙田,,沙田,,,,,,,,游水,,
H388,26/04/2026,踱步,沙田,內圈,沙田 內圈,,,,,,助手,,快踱一圈,H,內圈 快踱一圈 (助手)
H388,25/04/2026,游水,沙田,,沙田,,,,,,,,游水,,
H388,25/04/2026,踱步,沙田,內圈,沙田 內圈,,,,,,助手,,快踱一圈,H,內圈 快踱一圈 (助手)
H388,24/04/2026,游水,沙田,,沙田,,,,,,,,游水,,
H388,24/04/2026,踱步,沙田,內圈,沙田 內圈,,,,,,助手,,快踱一圈,H,內圈 快踱一圈 (助手)
H388,23/04/2026,游水,沙田,,沙田,,,,,,,,游水,,
H388,23/04/2026,踱步,沙田,內圈,沙田 內圈,,,,,,助手,,倒快兩圈,H,內圈 倒快兩圈 (助手)
H388,22/04/2026,游水,沙田,,沙田,,,,,,,,游水,,
H388,22/04/2026,快操,沙田,全天候,沙田 全天候,,56.4,56.4,30.4 26.0,,助手,,快操,H,30.4 26.0 (56.4) (助手)
H388,22/04/2026,踱步,沙田,飛機場,沙田 飛機場,,,,,,助手,,踱步,H,飛機場 踱步 (助手)
H388,21/04/2026,游水,沙田,,沙田,,,,,,,,游水,,
H388,21/04/2026,踱步,沙田,內圈,沙田 內圈,,,,,,助手,,快踱一圈,H,內圈 快踱一圈 (助手)
H388,20/04/2026,游水,沙田,,沙田,,,,,,,,游水,,
H388,20/04/2026,踱步,沙田,內圈,沙田 內圈,,,,,,助手,,倒快兩圈,H,內圈 倒快兩圈 (助手)
H388,19/04/2026,游水,沙田,,沙田,,,,,,,,游水,,
H388,18/04/2026,游水,沙田,,沙田,,,,,,,,游水,,
H388,18/04/2026,快操,沙田,全天候,沙田 全天候,,54.8,54.8,30.1 24.7,,助手,,包裝明將,H,30.1 24.7 (54.8) (助手) 包裝明將
H388,18/04/2026,踱步,沙田,飛機場,沙田 飛機場,,,,,,助手,,踱步,H,飛機場 踱步 (助手)
H388,17/04/2026,游水,沙田,,沙田,,,,,,,,游水,,
H388,17/04/2026,踱步,沙田,內圈,沙田 內圈,,,,,,助手,,快踱一圈,H,內圈 快踱一圈 (助手)
H388,16/04/2026,游水,沙田,,沙田,,,,,,,,游水,,
H388,16/04/2026,踱步,沙田,內圈,沙田 內圈,,,,,,助手,,倒快兩圈,H,內圈 倒快兩圈 (助手)
H388,15/04/2026,游水,沙田,,沙田,,,,,,,,游水,,
H388,15/04/2026,快操,沙田,全天候,沙田 全天候,,53.7,53.7,28.9 24.8,,助手,,快操,H,28.9 24.8 (53.7) (助手)
H388,15/04/2026,踱步,沙田,飛機場,沙田 飛機場,,,,,,助手,,踱步,H,飛機場 踱步 (助手)
H388,14/04/2026,游水,沙田,,沙田,,,,,,,,游水,,
H388,14/04/2026,踱步,沙田,內圈,沙田 內圈,,,,,,助手,,快踱一圈,H,內圈 快踱一圈 (助手)
H388,13/04/2026,游水,沙田,,沙田,,,,,,,,游水,,
H388,13/04/2026,踱步,沙田,外圈,沙田 外圈,,,,,,助手,,快踱一圈,H,外圈 快踱一圈 (助手)
H388,11/04/2026,游水,沙田,,沙田,,,,,,,,游水,,
H388,11/04/2026,快操,沙田,全天候,沙田 全天候,,53.4,53.4,28.8 24.6,,助手,,大文豪,H,28.8 24.6 (53.4) (助手) 大文豪
H388,11/04/2026,踱步,沙田,飛機場,沙田 飛機場,,,,,,助手,,踱步,H,飛機場 踱步 (助手)
H388,10/04/2026,馬匹跑步機,沙田,,沙田,,,,,,上斜,,馬匹跑步機 - 步行,,馬匹跑步機 - 步行 （上斜）
H388,10/04/2026,游水,沙田,,沙田,,,,,,,,游水,,
H388,10/04/2026,踱步,沙田,內圈,沙田 內圈,,,,,,助手,,快踱一圈,H,內圈 快踱一圈 (助手)
H388,09/04/2026,馬匹跑步機,沙田,,沙田,,,,,,上斜,,馬匹跑步機 - 步行,,馬匹跑步機 - 步行 （上斜）
H388,09/04/2026,游水,沙田,,沙田,,,,,,,,游水,,
H388,09/04/2026,踱步,沙田,內圈,沙田 內圈,,,,,,助手,,倒快兩圈,H,內圈 倒快兩圈 (助手)
H388,08/04/2026,游水,沙田,,沙田,,,,,,,,游水,,
H388,08/04/2026,快操,沙田,全天候,沙田 全天候,,56.3,56.3,29.7 26.6,,助手,,快操,H,29.7 26.6 (56.3) (助手)
H388,08/04/2026,踱步,沙田,飛機場,沙田 飛機場,,,,,,助手,,踱步,H,飛機場 踱步 (助手)
H388,07/04/2026,游水,沙田,,沙田,,,,,,,,游水,,
H388,07/04/2026,踱步,沙田,內圈,沙田 內圈,,,,,,助手,,快踱一圈,H,內圈 快踱一圈 (助手)
H388,06/04/2026,游水,沙田,,沙田,,,,,,,,游水,,
H388,06/04/2026,踱步,沙田,內圈,沙田 內圈,,,,,,助手,,倒快兩圈,H,內圈 倒快兩圈 (助手)
H388,05/04/2026,馬匹跑步機,沙田,,沙田,,,,,,上斜,,馬匹跑步機 - 步行,,馬匹跑步機 - 步行 （上斜）
H388,05/04/2026,游水,沙田,,沙田,,,,,,,,游水,,
H388,05/04/2026,踱步,沙田,內圈,沙田 內圈,,,,,,助手,,快踱一圈,H,內圈 快踱一圈 (助手)
H388,04/04/2026,馬匹跑步機,沙田,,沙田,,,,,,上斜,,馬匹跑步機 - 步行,,馬匹跑步機 - 步行 （上斜）
H388,04/04/2026,游水,沙田,,沙田,,,,,,,,游水,,
H388,04/04/2026,踱步,沙田,內圈,沙田 內圈,,,,,,助手,,快踱一圈,H,內圈 快踱一圈 (助手)
H388,03/04/2026,馬匹跑步機,沙田,,沙田,,,,,,上斜,,馬匹跑步機 - 步行,,馬匹跑步機 - 步行 （上斜）
H388,03/04/2026,游水,沙田,,沙田,,,,,,,,游水,,
H388,03/04/2026,踱步,沙田,內圈,沙田 內圈,,,,,,助手,,快踱一圈,H,內圈 快踱一圈 (助手)
H388,02/04/2026,馬匹跑步機,沙田,,沙田,,,,,,上斜,,馬匹跑步機 - 步行,,馬匹跑步機 - 步行 （上斜）
H388,02/04/2026,游水,沙田,,沙田,,,,,,,,游水,,
H388,02/04/2026,踱步,沙田,飛機場,沙田 飛機場,,,,,,助手,,踱步,H,飛機場 踱步 (助手)
H388,01/04/2026,游水,沙田,,沙田,,,,,,,,游水,,
H388,29/03/2026,出賽,沙田,草地,沙田 草地,2000M,,,,,潘明輝,2/12,出賽,B,2000M (潘明輝) (2/12)
H388,29/03/2026,踱步,沙田,飛機場,沙田 飛機場,,,,,,助手,,踱步,H,飛機場 踱步 (助手)
H388,28/03/2026,游水,沙田,,沙田,,,,,,,,游水,,
H388,28/03/2026,踱步,沙田,內圈,沙田 內圈,,,,,,助手,,快踱一圈,H,內圈 快踱一圈 (助手)
H388,27/03/2026,游水,沙田,,沙田,,,,,,,,游水,,
H388,27/03/2026,踱步,沙田,內圈,沙田 內圈,,,,,,助手,,快踱一圈,H,內圈 快踱一圈 (助手)
H388,26/03/2026,游水,沙田,,沙田,,,,,,,,游水,,
H388,26/03/2026,快操,沙田,全天候,沙田 全天候,,1.25.2,85.2,32.5 28.0 24.7,,助手,,快操,B,32.5 28.0 24.7 (1.25.2) (助手)
H388,26/03/2026,踱步,沙田,飛機場,沙田 飛機場,,,,,,助手,,踱步,B,飛機場 踱步 (助手)
H388,25/03/2026,游水,沙田,,沙田,,,,,,,,游水,,
H388,25/03/2026,踱步,沙田,內圈,沙田 內圈,,,,,,助手,,快踱一圈,H,內圈 快踱一圈 (助手)
H388,24/03/2026,游水,沙田,,沙田,,,,,,,,游水,,
H388,24/03/2026,踱步,沙田,內圈,沙田 內圈,,,,,,助手,,快踱一圈,H,內圈 快踱一圈 (助手)
H388,23/03/2026,游水,沙田,,沙田,,,,,,,,游水,,
H388,23/03/2026,踱步,沙田,內圈,沙田 內圈,,,,,,助手,,倒快兩圈,H,內圈 倒快兩圈 (助手)
H388,22/03/2026,游水,沙田,,沙田,,,,,,,,游水,,
H388,21/03/2026,游水,沙田,,沙田,,,,,,,,游水,,
H388,20/03/2026,試閘,沙田,全天候,沙田 全天候,1200M,1.10.51,70.51,24.7 22.6 23.2,爆熱,潘明輝,,第3組,B,第3組 (潘明輝) 1200M 爆熱 24.7 22.6 23.2 (1.10.51)
H388,20/03/2026,踱步,沙田,飛機場,沙田 飛機場,,,,,,助手,,踱步,H,飛機場 踱步 (助手)
H388,19/03/2026,游水,沙田,,沙田,,,,,,,,游水,,
H388,19/03/2026,踱步,沙田,內圈,沙田 內圈,,,,,,助手,,倒快兩圈,H,內圈 倒快兩圈 (助手)
H388,18/03/2026,游水,沙田,,沙田,,,,,,,,游水,,
H388,18/03/2026,踱步,沙田,內圈,沙田 內圈,,,,,,助手,,快踱一圈,H,內圈 快踱一圈 (助手)
H388,17/03/2026,游水,沙田,,沙田,,,,,,,,游水,,
H388,17/03/2026,踱步,沙田,內圈,沙田 內圈,,,,,,助手,,快踱一圈,H,內圈 快踱一圈 (助手)
H388,16/03/2026,游水,沙田,,沙田,,,,,,,,游水,,
H388,16/03/2026,快操,沙田,草地,沙田 草地,,52.7,52.7,29.7 23.0,,助手,,傳承精神,B,29.7 23.0 (52.7) (助手) 傳承精神
H388,16/03/2026,踱步,沙田,飛機場,沙田 飛機場,,,,,,助手,,踱步,B,飛機場 踱步 (助手)
H388,15/03/2026,游水,沙田,,沙田,,,,,,,,游水,,
H388,15/03/2026,踱步,沙田,內圈,沙田 內圈,,,,,,助手,,快踱一圈,H,內圈 快踱一圈 (助手)
H388,14/03/2026,游水,沙田,,沙田,,,,,,,,游水,,
H388,14/03/2026,踱步,沙田,內圈,沙田 內圈,,,,,,助手,,快踱一圈,H,內圈 快踱一圈 (助手)
H388,13/03/2026,游水,沙田,,沙田,,,,,,,,游水,,
H388,13/03/2026,快操,沙田,全天候,沙田 全天候,,1.24.7,84.7,33.0 27.6 24.1,,助手,,天福,B,33.0 27.6 24.1 (1.24.7) (助手) 天福
H388,13/03/2026,踱步,沙田,飛機場,沙田 飛機場,,,,,,助手,,踱步,B,飛機場 踱步 (助手)
H388,12/03/2026,游水,沙田,,沙田,,,,,,,,游水,,
H388,12/03/2026,踱步,沙田,內圈,沙田 內圈,,,,,,助手,,倒快兩圈,H,內圈 倒快兩圈 (助手)
H388,11/03/2026,游水,沙田,,沙田,,,,,,,,游水,,
H388,11/03/2026,踱步,沙田,內圈,沙田 內圈,,,,,,助手,,快踱一圈,H,內圈 快踱一圈 (助手)
H388,10/03/2026,游水,沙田,,沙田,,,,,,,,游水,,
H388,10/03/2026,快操,沙田,全天候,沙田 全天候,,56.2,56.2,29.6 26.6,,助手,,快操,B,29.6 26.6 (56.2) (助手)
H388,10/03/2026,踱步,沙田,飛機場,沙田 飛機場,,,,,,助手,,踱步,B,飛機場 踱步 (助手)
H388,09/03/2026,游水,沙田,,沙田,,,,,,,,游水,,
H388,09/03/2026,踱步,沙田,內圈,沙田 內圈,,,,,,助手,,倒快兩圈,H,內圈 倒快兩圈 (助手)
H388,08/03/2026,游水,沙田,,沙田,,,,,,,,游水,,
H388,08/03/2026,踱步,沙田,內圈,沙田 內圈,,,,,,助手,,快踱一圈,H,內圈 快踱一圈 (助手)
H388,07/03/2026,游水,沙田,,沙田,,,,,,,,游水,,
H388,07/03/2026,踱步,沙田,內圈,沙田 內圈,,,,,,助手,,快踱一圈,H,內圈 快踱一圈 (助手)
H388,06/03/2026,游水,沙田,,沙田,,,,,,,,游水,,
H388,06/03/2026,踱步,沙田,內圈,沙田 內圈,,,,,,助手,,快踱一圈,H,內圈 快踱一圈 (助手)
H388,05/03/2026,游水,沙田,,沙田,,,,,,,,游水,,
H388,05/03/2026,踱步,沙田,內圈,沙田 內圈,,,,,,助手,,倒快兩圈,H,內圈 倒快兩圈 (助手)
H388,04/03/2026,游水,沙田,,沙田,,,,,,,,游水,,
H388,04/03/2026,踱步,沙田,內圈,沙田 內圈,,,,,,助手,,快踱一圈,H,內圈 快踱一圈 (助手)
H388,01/03/2026,出賽,沙田,草地,沙田 草地,1800M,,,,,金誠剛,8/14,出賽,B,1800M (金誠剛) (8/14)
H388,01/03/2026,踱步,沙田,飛機場,沙田 飛機場,,,,,,助手,,踱步,H,飛機場 踱步 (助手)
H388,28/02/2026,游水,沙田,,沙田,,,,,,,,游水,,
H388,28/02/2026,踱步,沙田,內圈,沙田 內圈,,,,,,助手,,快踱一圈,H,內圈 快踱一圈 (助手)
H388,27/02/2026,游水,沙田,,沙田,,,,,,,,游水,,
H388,27/02/2026,踱步,沙田,內圈,沙田 內圈,,,,,,助手,,快踱一圈,H,內圈 快踱一圈 (助手)
H388,26/02/2026,游水,從化,,從化,,,,,,,,游水,,
H388,26/02/2026,快操,從化,全天候,從化 全天候,,55.8,55.8,29.4 26.4,,助手,,快操,H,29.4 26.4 (55.8) (助手)
H388,26/02/2026,踱步,從化,飛機場,從化 飛機場,,,,,,助手,,踱步,H,飛機場 踱步 (助手)
H388,25/02/2026,馬匹水中步行機,從化,,從化,,,,,,,,馬匹水中步行機,,
H388,25/02/2026,游水,從化,,從化,,,,,,,,游水,,
H388,25/02/2026,踱步,從化,內圈,從化 內圈,,,,,,助手,,快踱一圈,H,內圈 快踱一圈 (助手)
H388,24/02/2026,游水,從化,,從化,,,,,,,,游水,,
H388,24/02/2026,踱步,從化,內圈,從化 內圈,,,,,,助手,,快踱一圈,H,內圈 快踱一圈 (助手)
H388,23/02/2026,游水,從化,,從化,,,,,,,,游水,,
H388,23/02/2026,快操,從化,全天候,從化 全天候,,53.1,53.1,28.5 24.6,,助手,,快操,H,28.5 24.6 (53.1) (助手)
H388,23/02/2026,踱步,從化,飛機場,從化 飛機場,,,,,,助手,,踱步,H,飛機場 踱步 (助手)
H388,22/02/2026,馬匹水中步行機,從化,,從化,,,,,,,,馬匹水中步行機,,
H388,22/02/2026,游水,從化,,從化,,,,,,,,游水,,
H388,22/02/2026,踱步,從化,內圈,從化 內圈,,,,,,助手,,快踱一圈,H,內圈 快踱一圈 (助手)
H388,21/02/2026,游水,從化,,從化,,,,,,,,游水,,
H388,21/02/2026,踱步,從化,內圈,從化 內圈,,,,,,助手,,快踱一圈,H/P,內圈 快踱一圈 (助手)
H388,20/02/2026,游水,從化,,從化,,,,,,,,游水,,
H388,20/02/2026,踱步,從化,內圈,從化 內圈,,,,,,助手,,快踱一圈,H,內圈 快踱一圈 (助手)
H388,19/02/2026,游水,從化,,從化,,,,,,,,游水,,
H388,19/02/2026,快操,從化,草地,從化 草地,,1.26.4,86.4,33.7 28.6 24.1,,助手,,非惟僥倖,B,33.7 28.6 24.1 (1.26.4) (助手) 非惟僥倖
H388,19/02/2026,踱步,從化,飛機場,從化 飛機場,,,,,,助手,,踱步,B,飛機場 踱步 (助手)
H388,18/02/2026,游水,從化,,從化,,,,,,,,游水,,
H388,18/02/2026,踱步,從化,內圈,從化 內圈,,,,,,助手,,快踱一圈,H,內圈 快踱一圈 (助手)
H388,16/02/2026,快操,從化,全天候,從化 全天候,,56.7,56.7,30.1 26.6,,助手,,快操,H,30.1 26.6 (56.7) (助手)
H388,16/02/2026,踱步,從化,飛機場,從化 飛機場,,,,,,助手,,踱步,H,飛機場 踱步 (助手)
H388,15/02/2026,踱步,從化,內圈,從化 內圈,,,,,,助手,,快踱一圈,H,內圈 快踱一圈 (助手)
H388,14/02/2026,踱步,從化,內圈,從化 內圈,,,,,,助手,,快踱一圈,H,內圈 快踱一圈 (助手)
H388,13/02/2026,踱步,從化,內圈,從化 內圈,,,,,,助手,,快踱一圈,H,內圈 快踱一圈 (助手)
H388,10/02/2026,游水,從化,,從化,,,,,,,,游水,,
H388,10/02/2026,踱步,從化,內圈,從化 內圈,,,,,,助手,,快踱一圈,H,內圈 快踱一圈 (助手)
H388,09/02/2026,游水,從化,,從化,,,,,,,,游水,,
H388,09/02/2026,踱步,從化,內圈,從化 內圈,,,,,,助手,,倒快兩圈,H,內圈 倒快兩圈 (助手)
H388,08/02/2026,游水,從化,,從化,,,,,,,,游水,,
H388,08/02/2026,快操,從化,全天候,從化 全天候,,54.6,54.6,28.4 26.2,,助手,,快操,H,28.4 26.2 (54.6) (助手)
H388,08/02/2026,踱步,從化,飛機場,從化 飛機場,,,,,,助手,,踱步,H,飛機場 踱步 (助手)
H388,07/02/2026,游水,從化,,從化,,,,,,,,游水,,
H388,07/02/2026,踱步,從化,內圈,從化 內圈,,,,,,助手,,快踱一圈,H,內圈 快踱一圈 (助手)
H388,06/02/2026,馬匹水中步行機,從化,,從化,,,,,,,,馬匹水中步行機,,
H388,06/02/2026,游水,從化,,從化,,,,,,,,游水,,
H388,06/02/2026,踱步,從化,內圈,從化 內圈,,,,,,助手,,快踱一圈,H,內圈 快踱一圈 (助手)
H388,05/02/2026,馬匹水中步行機,從化,,從化,,,,,,,,馬匹水中步行機,,
H388,05/02/2026,游水,從化,,從化,,,,,,,,游水,,
H388,05/02/2026,踱步,從化,內圈,從化 內圈,,,,,,助手,,倒快兩圈,H,內圈 倒快兩圈 (助手)
H388,04/02/2026,游水,從化,,從化,,,,,,,,游水,,
H388,04/02/2026,踱步,從化,內圈,從化 內圈,,,,,,助手,,快踱一圈,H,內圈 快踱一圈 (助手)
H388,03/02/2026,游水,從化,,從化,,,,,,,,游水,,
H388,03/02/2026,踱步,從化,內圈,從化 內圈,,,,,,助手,,快踱一圈,H,內圈 快踱一圈 (助手)
H388,02/02/2026,游水,從化,,從化,,,,,,,,游水,,
H388,02/02/2026,踱步,從化,飛機場,從化 飛機場,,,,,,助手,,踱步,H,飛機場 踱步 (助手)
H388,01/02/2026,馬匹水中步行機,從化,,從化,,,,,,,,馬匹水中步行機,,
H388,01/02/2026,游水,從化,,從化,,,,,,,,游水,,
H388,31/01/2026,馬匹水中步行機,從化,,從化,,,,,,,,馬匹水中步行機,,
H388,31/01/2026,游水,從化,,從化,,,,,,,,游水,,
H388,30/01/2026,試閘,從化,草地,從化 草地,1600M,1.38.98,98.98,25.8 24.5 24.3 24.3,贏玥,巫顯東,,第4組,B,第4組 (巫顯東) 1600M 贏玥 25.8 24.5 24.3 24.3 (1.38.98)
H388,30/01/2026,踱步,從化,飛機場,從化 飛機場,,,,,,助手,,踱步,B,飛機場 踱步 (助手)
H388,29/01/2026,游水,從化,,從化,,,,,,,,游水,,
H388,29/01/2026,踱步,從化,內圈,從化 內圈,,,,,,助手,,倒快兩圈,H,內圈 倒快兩圈 (助手)
H388,28/01/2026,馬匹水中步行機,從化,,從化,,,,,,,,馬匹水中步行機,,
H388,28/01/2026,游水,從化,,從化,,,,,,,,游水,,
H388,28/01/2026,踱步,從化,內圈,從化 內圈,,,,,,助手,,快踱一圈,H,內圈 快踱一圈 (助手)
H388,27/01/2026,游水,從化,,從化,,,,,,,,游水,,
H388,27/01/2026,踱步,從化,內圈,從化 內圈,,,,,,助手,,快踱一圈,H,內圈 快踱一圈 (助手)
H388,26/01/2026,馬匹水中步行機,從化,,從化,,,,,,,,馬匹水中步行機,,
H388,26/01/2026,游水,從化,,從化,,,,,,,,游水,,
H388,25/01/2026,游水,從化,,從化,,,,,,,,游水,,
H388,25/01/2026,快操,從化,全天候,從化 全天候,,55.8,55.8,29.8 26.0,,助手,,快操,H,29.8 26.0 (55.8) (助手)
H388,25/01/2026,踱步,從化,飛機場,從化 飛機場,,,,,,助手,,踱步,H,飛機場 踱步 (助手)
H388,24/01/2026,馬匹水中步行機,從化,,從化,,,,,,,,馬匹水中步行機,,
H388,24/01/2026,游水,從化,,從化,,,,,,,,游水,,
H388,24/01/2026,踱步,從化,內圈,從化 內圈,,,,,,助手,,快踱一圈,H,內圈 快踱一圈 (助手)
H388,23/01/2026,游水,從化,,從化,,,,,,,,游水,,
H388,23/01/2026,踱步,從化,內圈,從化 內圈,,,,,,助手,,快踱一圈,H,內圈 快踱一圈 (助手)
H388,22/01/2026,游水,從化,,從化,,,,,,,,游水,,
H388,22/01/2026,快操,從化,全天候,從化 全天候,,58.2,58.2,31.1 27.1,,助手,,快操,H,31.1 27.1 (58.2) (助手)
H388,22/01/2026,踱步,從化,飛機場,從化 飛機場,,,,,,助手,,踱步,H,飛機場 踱步 (助手)
H388,21/01/2026,游水,從化,,從化,,,,,,,,游水,,
H388,21/01/2026,踱步,從化,內圈,從化 內圈,,,,,,助手,,快踱一圈,H,內圈 快踱一圈 (助手)
H388,20/01/2026,游水,從化,,從化,,,,,,,,游水,,
H388,20/01/2026,踱步,從化,內圈,從化 內圈,,,,,,助手,,快踱一圈,H,內圈 快踱一圈 (助手)
H388,19/01/2026,游水,從化,,從化,,,,,,,,游水,,
H388,19/01/2026,踱步,從化,內圈,從化 內圈,,,,,,助手,,倒快一圈,H,內圈 倒快一圈 (助手)
H388,18/01/2026,游水,從化,,從化,,,,,,,,游水,,
H388,18/01/2026,踱步,從化,內圈,從化 內圈,,,,,,助手,,快踱一圈,H,內圈 快踱一圈 (助手)
H388,17/01/2026,游水,從化,,從化,,,,,,,,游水,,
H388,17/01/2026,踱步,從化,內圈,從化 內圈,,,,,,助手,,快踱一圈,H,內圈 快踱一圈 (助手)
H388,16/01/2026,游水,沙田,,沙田,,,,,,,,游水,,
H388,16/01/2026,踱步,沙田,內圈,沙田 內圈,,,,,,助手,,快踱一圈,H,內圈 快踱一圈 (助手)
H388,15/01/2026,游水,沙田,,沙田,,,,,,,,游水,,
H388,15/01/2026,踱步,沙田,內圈,沙田 內圈,,,,,,助手,,倒快兩圈,H,內圈 倒快兩圈 (助手)
H388,11/01/2026,出賽,沙田,草地,沙田 草地,1800M,,,,,紀仁安,3/14,出賽,B,1800M (紀仁安) (3/14)
H388,11/01/2026,踱步,沙田,飛機場,沙田 飛機場,,,,,,助手,,踱步,H,飛機場 踱步 (助手)
H388,10/01/2026,游水,沙田,,沙田,,,,,,,,游水,,
H388,10/01/2026,踱步,沙田,內圈,沙田 內圈,,,,,,助手,,快踱一圈,H,內圈 快踱一圈 (助手)
H388,09/01/2026,游水,沙田,,沙田,,,,,,,,游水,,
H388,09/01/2026,踱步,沙田,內圈,沙田 內圈,,,,,,助手,,快踱一圈,H,內圈 快踱一圈 (助手)
H388,08/01/2026,游水,沙田,,沙田,,,,,,,,游水,,
H388,08/01/2026,快操,沙田,全天候,沙田 全天候,,1.27.7,87.7,33.2 29.3 25.2,,助手,,快操,H,33.2 29.3 25.2 (1.27.7) (助手)
H388,08/01/2026,踱步,沙田,飛機場,沙田 飛機場,,,,,,助手,,踱步,H,飛機場 踱步 (助手)
H388,07/01/2026,游水,沙田,,沙田,,,,,,,,游水,,
H388,07/01/2026,踱步,沙田,內圈,沙田 內圈,,,,,,助手,,快踱一圈,H,內圈 快踱一圈 (助手)
H388,06/01/2026,游水,沙田,,沙田,,,,,,,,游水,,
H388,06/01/2026,踱步,沙田,內圈,沙田 內圈,,,,,,助手,,快踱一圈,H,內圈 快踱一圈 (助手)
H388,05/01/2026,游水,沙田,,沙田,,,,,,,,游水,,
H388,05/01/2026,踱步,沙田,內圈,沙田 內圈,,,,,,助手,,倒快兩圈,H,內圈 倒快兩圈 (助手)
H388,04/01/2026,游水,沙田,,沙田,,,,,,,,游水,,
H388,04/01/2026,踱步,沙田,內圈,沙田 內圈,,,,,,助手,,快踱一圈,H,內圈 快踱一圈 (助手)
H388,01/01/2026,出賽,沙田,草地,沙田 草地,2000M,,,,,金誠剛,2/14,出賽,B,2000M (金誠剛) (2/14)
H388,01/01/2026,踱步,沙田,飛機場,沙田 飛機場,,,,,,助手,,踱步,H,飛機場 踱步 (助手)
H388,31/12/2025,游水,沙田,,沙田,,,,,,,,游水,,
H388,31/12/2025,踱步,沙田,內圈,沙田 內圈,,,,,,助手,,快踱一圈,H,內圈 快踱一圈 (助手)
H388,30/12/2025,游水,沙田,,沙田,,,,,,,,游水,,
H388,30/12/2025,踱步,沙田,內圈,沙田 內圈,,,,,,助手,,快踱一圈,H,內圈 快踱一圈 (助手)
H388,29/12/2025,游水,沙田,,沙田,,,,,,,,游水,,
H388,29/12/2025,快操,沙田,全天候,沙田 全天候,,54.1,54.1,28.5 25.6,,助手,,快操,H,28.5 25.6 (54.1) (助手)
H388,29/12/2025,踱步,沙田,飛機場,沙田 飛機場,,,,,,助手,,踱步,H,飛機場 踱步 (助手)
H388,28/12/2025,游水,沙田,,沙田,,,,,,,,游水,,
H388,28/12/2025,踱步,沙田,內圈,沙田 內圈,,,,,,助手,,快踱一圈,H,內圈 快踱一圈 (助手)
H388,27/12/2025,游水,沙田,,沙田,,,,,,,,游水,,
H388,27/12/2025,踱步,沙田,內圈,沙田 內圈,,,,,,助手,,快踱一圈,H,內圈 快踱一圈 (助手)
H388,26/12/2025,游水,沙田,,沙田,,,,,,,,游水,,
H388,26/12/2025,踱步,沙田,內圈,沙田 內圈,,,,,,助手,,快踱一圈,H,內圈 快踱一圈 (助手)
H388,25/12/2025,游水,沙田,,沙田,,,,,,,,游水,,
H388,25/12/2025,踱步,沙田,內圈,沙田 內圈,,,,,,助手,,倒快兩圈,H,內圈 倒快兩圈 (助手)
H388,24/12/2025,馬匹跑步機,沙田,,沙田,,,,,,上斜,,馬匹跑步機 - 慢跑,,馬匹跑步機 - 慢跑 （上斜）
H388,23/12/2025,馬匹跑步機,沙田,,沙田,,,,,,,,馬匹跑步機 - 慢跑,,馬匹跑步機 - 慢跑
H388,20/12/2025,出賽,沙田,草地,沙田 草地,1600M,,,,,杜苑欣,6/14,出賽,B,1600M (杜苑欣) (6/14)
H388,20/12/2025,踱步,沙田,飛機場,沙田 飛機場,,,,,,助手,,踱步,H,飛機場 踱步 (助手)
H388,19/12/2025,游水,沙田,,沙田,,,,,,,,游水,,
H388,19/12/2025,踱步,沙田,內圈,沙田 內圈,,,,,,助手,,快踱一圈,H,內圈 快踱一圈 (助手)
H388,18/12/2025,游水,沙田,,沙田,,,,,,,,游水,,
H388,18/12/2025,踱步,沙田,內圈,沙田 內圈,,,,,,助手,,倒快兩圈,H,內圈 倒快兩圈 (助手)
H388,17/12/2025,游水,沙田,,沙田,,,,,,,,游水,,
H388,17/12/2025,快操,沙田,全天候,沙田 全天候,,54.8,54.8,29.6 25.2,,助手,,運高八斗,H,29.6 25.2 (54.8) (助手) 運高八斗
H388,17/12/2025,踱步,沙田,飛機場,沙田 飛機場,,,,,,助手,,踱步,H,飛機場 踱步 (助手)
H388,16/12/2025,游水,沙田,,沙田,,,,,,,,游水,,
H388,16/12/2025,踱步,沙田,內圈,沙田 內圈,,,,,,助手,,快踱一圈,H,內圈 快踱一圈 (助手)
H388,15/12/2025,游水,沙田,,沙田,,,,,,,,游水,,
H388,15/12/2025,踱步,沙田,內圈,沙田 內圈,,,,,,助手,,倒快兩圈,H,內圈 倒快兩圈 (助手)
H388,14/12/2025,游水,沙田,,沙田,,,,,,,,游水,,
H388,14/12/2025,快操,沙田,全天候,沙田 全天候,,55.4,55.4,29.9 25.5,,助手,,快操,H,29.9 25.5 (55.4) (助手)
H388,14/12/2025,踱步,沙田,飛機場,沙田 飛機場,,,,,,助手,,踱步,H,飛機場 踱步 (助手)
H388,13/12/2025,游水,沙田,,沙田,,,,,,,,游水,,
H388,13/12/2025,踱步,沙田,內圈,沙田 內圈,,,,,,助手,,快踱一圈,H,內圈 快踱一圈 (助手)
H388,12/12/2025,游水,沙田,,沙田,,,,,,,,游水,,
H388,12/12/2025,踱步,沙田,內圈,沙田 內圈,,,,,,助手,,快踱一圈,H,內圈 快踱一圈 (助手)
H388,11/12/2025,游水,沙田,,沙田,,,,,,,,游水,,
H388,11/12/2025,踱步,沙田,內圈,沙田 內圈,,,,,,助手,,倒快兩圈,H,內圈 倒快兩圈 (助手)
H388,10/12/2025,游水,沙田,,沙田,,,,,,,,游水,,
H388,10/12/2025,踱步,沙田,內圈,沙田 內圈,,,,,,助手,,快踱一圈,H,內圈 快踱一圈 (助手)
H388,07/12/2025,出賽,沙田,草地,沙田 草地,1400M,,,,,周俊樂,4/14,出賽,B,1400M (周俊樂) (4/14)
H388,07/12/2025,踱步,沙田,飛機場,沙田 飛機場,,,,,,助手,,踱步,H,飛機場 踱步 (助手)
H388,06/12/2025,游水,沙田,,沙田,,,,,,,,游水,,
H388,06/12/2025,踱步,沙田,內圈,沙田 內圈,,,,,,助手,,快踱一圈,H,內圈 快踱一圈 (助手)
H388,05/12/2025,游水,沙田,,沙田,,,,,,,,游水,,
H388,05/12/2025,快操,沙田,全天候,沙田 全天候,,55.0,55.0,29.1 25.9,,助手,,快操,H,29.1 25.9 (55.0) (助手)
H388,05/12/2025,踱步,沙田,飛機場,沙田 飛機場,,,,,,助手,,踱步,H,飛機場 踱步 (助手)
H388,04/12/2025,游水,沙田,,沙田,,,,,,,,游水,,
H388,04/12/2025,踱步,沙田,內圈,沙田 內圈,,,,,,助手,,倒快兩圈,H,內圈 倒快兩圈 (助手)
H388,03/12/2025,游水,沙田,,沙田,,,,,,,,游水,,
H388,03/12/2025,踱步,沙田,內圈,沙田 內圈,,,,,,助手,,快踱一圈,H,內圈 快踱一圈 (助手)
H388,02/12/2025,游水,沙田,,沙田,,,,,,,,游水,,
H388,02/12/2025,踱步,沙田,內圈,沙田 內圈,,,,,,助手,,快踱一圈,H,內圈 快踱一圈 (助手)
H388,01/12/2025,游水,沙田,,沙田,,,,,,,,游水,,
H388,01/12/2025,快操,沙田,全天候,沙田 全天候,,54.3,54.3,29.0 25.3,,助手,,快操,H,29.0 25.3 (54.3) (助手)
H388,01/12/2025,踱步,沙田,飛機場,沙田 飛機場,,,,,,助手,,踱步,H,飛機場 踱步 (助手)
H388,30/11/2025,踱步,沙田,內圈,沙田 內圈,,,,,,助手,,快踱一圈,H,內圈 快踱一圈 (助手)
H388,29/11/2025,游水,沙田,,沙田,,,,,,,,游水,,
H388,29/11/2025,踱步,沙田,內圈,沙田 內圈,,,,,,助手,,快踱一圈,H,內圈 快踱一圈 (助手)
H388,28/11/2025,游水,沙田,,沙田,,,,,,,,游水,,
H388,28/11/2025,踱步,沙田,內圈,沙田 內圈,,,,,,助手,,快踱一圈,H,內圈 快踱一圈 (助手)
H388,27/11/2025,游水,沙田,,沙田,,,,,,,,游水,,
H388,27/11/2025,快操,沙田,草地,沙田 草地,,54.0,54.0,28.7 25.3,,助手,,你知我得,H,28.7 25.3 (54.0) (助手) 你知我得
H388,27/11/2025,踱步,沙田,飛機場,沙田 飛機場,,,,,,助手,,踱步,H,飛機場 踱步 (助手)
H388,26/11/2025,游水,沙田,,沙田,,,,,,,,游水,,
H388,26/11/2025,踱步,沙田,內圈,沙田 內圈,,,,,,助手,,快踱一圈,H,內圈 快踱一圈 (助手)
H388,25/11/2025,游水,沙田,,沙田,,,,,,,,游水,,
H388,25/11/2025,踱步,沙田,內圈,沙田 內圈,,,,,,助手,,快踱一圈,H,內圈 快踱一圈 (助手)
H388,24/11/2025,游水,沙田,,沙田,,,,,,,,游水,,
H388,24/11/2025,踱步,沙田,內圈,沙田 內圈,,,,,,助手,,倒快一圈,H,內圈 倒快一圈 (助手)
H388,21/11/2025,快操,沙田,全天候,沙田 全天候,,56.1,56.1,30.0 26.1,,助手,,快操,,30.0 26.1 (56.1) (助手)
H388,21/11/2025,踱步,沙田,飛機場,沙田 飛機場,,,,,,助手,,踱步,,飛機場 踱步 (助手)
H388,20/11/2025,踱步,沙田,內圈,沙田 內圈,,,,,,助手,,倒快兩圈,H,內圈 倒快兩圈 (助手)
H388,19/11/2025,踱步,沙田,內圈,沙田 內圈,,,,,,助手,,快踱一圈,H,內圈 快踱一圈 (助手)
H388,18/11/2025,快操,沙田,全天候,沙田 全天候,,56.5,56.5,29.9 26.6,,助手,,快操,H,29.9 26.6 (56.5) (助手)
H388,18/11/2025,踱步,沙田,飛機場,沙田 飛機場,,,,,,助手,,踱步,H,飛機場 踱步 (助手)
H388,17/11/2025,踱步,沙田,內圈,沙田 內圈,,,,,,助手,,倒快兩圈,H,內圈 倒快兩圈 (助手)
H388,16/11/2025,踱步,沙田,內圈,沙田 內圈,,,,,,助手,,快踱一圈,H,內圈 快踱一圈 (助手)
H388,15/11/2025,游水,沙田,,沙田,,,,,,,,游水,,
H388,15/11/2025,踱步,沙田,內圈,沙田 內圈,,,,,,助手,,快踱一圈,H,內圈 快踱一圈 (助手)
H388,14/11/2025,踱步,沙田,內圈,沙田 內圈,,,,,,助手,,快踱一圈,H,內圈 快踱一圈 (助手)
H388,13/11/2025,踱步,沙田,內圈,沙田 內圈,,,,,,助手,,倒快一圈,H,內圈 倒快一圈 (助手)
H388,12/11/2025,踱步,沙田,內圈,沙田 內圈,,,,,,助手,,快踱一圈,H,內圈 快踱一圈 (助手)
H388,11/11/2025,游水,沙田,,沙田,,,,,,,,游水,,
H388,11/11/2025,踱步,沙田,內圈,沙田 內圈,,,,,,助手,,快踱一圈,H,內圈 快踱一圈 (助手)
H388,09/11/2025,游水,沙田,,沙田,,,,,,,,游水,,
H388,08/11/2025,游水,沙田,,沙田,,,,,,,,游水,,
H388,07/11/2025,馬匹跑步機,沙田,,沙田,,,,,,上斜,,馬匹跑步機 - 慢跑,,馬匹跑步機 - 慢跑 （上斜）
H388,07/11/2025,游水,沙田,,沙田,,,,,,,,游水,,
H388,06/11/2025,游水,沙田,,沙田,,,,,,,,游水,,
H388,06/11/2025,快操,沙田,全天候,沙田 全天候,,1.27.4,87.4,33.0 29.1 25.3,,助手,,自然動力,H,33.0 29.1 25.3 (1.27.4) (助手) 自然動力
H388,06/11/2025,踱步,沙田,飛機場,沙田 飛機場,,,,,,助手,,踱步,H,飛機場 踱步 (助手)
H388,05/11/2025,游水,沙田,,沙田,,,,,,,,游水,,
H388,05/11/2025,踱步,沙田,內圈,沙田 內圈,,,,,,助手,,快踱一圈,H,內圈 快踱一圈 (助手)
H388,04/11/2025,游水,沙田,,沙田,,,,,,,,游水,,
H388,04/11/2025,踱步,沙田,內圈,沙田 內圈,,,,,,助手,,快踱一圈,H,內圈 快踱一圈 (助手)
H388,03/11/2025,游水,沙田,,沙田,,,,,,,,游水,,
H388,03/11/2025,踱步,沙田,內圈,沙田 內圈,,,,,,助手,,倒快兩圈,H,內圈 倒快兩圈 (助手)
H388,02/11/2025,游水,沙田,,沙田,,,,,,,,游水,,
H388,01/11/2025,游水,沙田,,沙田,,,,,,,,游水,,
H388,01/11/2025,快操,沙田,全天候,沙田 全天候,,54.6,54.6,29.7 24.9,,助手,,輕功猛男,H,29.7 24.9 (54.6) (助手) 輕功猛男
H388,01/11/2025,踱步,沙田,飛機場,沙田 飛機場,,,,,,助手,,踱步,H,飛機場 踱步 (助手)
H388,31/10/2025,游水,沙田,,沙田,,,,,,,,游水,,
H388,31/10/2025,踱步,沙田,內圈,沙田 內圈,,,,,,助手,,快踱一圈,H,內圈 快踱一圈 (助手)
H388,30/10/2025,游水,沙田,,沙田,,,,,,,,游水,,
H388,30/10/2025,踱步,沙田,內圈,沙田 內圈,,,,,,助手,,倒快兩圈,H,內圈 倒快兩圈 (助手)
H388,29/10/2025,游水,沙田,,沙田,,,,,,,,游水,,
H388,29/10/2025,踱步,沙田,內圈,沙田 內圈,,,,,,助手,,快踱一圈,H,內圈 快踱一圈 (助手)
H388,28/10/2025,游水,沙田,,沙田,,,,,,,,游水,,
H388,28/10/2025,踱步,沙田,內圈,沙田 內圈,,,,,,助手,,快踱一圈,H,內圈 快踱一圈 (助手)
H388,26/10/2025,出賽,沙田,草地,沙田 草地,1400M,,,,,潘明輝,11/14,出賽,B,1400M (潘明輝) (11/14)
H388,26/10/2025,踱步,沙田,飛機場,沙田 飛機場,,,,,,助手,,踱步,H,飛機場 踱步 (助手)
H388,25/10/2025,游水,沙田,,沙田,,,,,,,,游水,,
H388,25/10/2025,踱步,沙田,內圈,沙田 內圈,,,,,,助手,,快踱一圈,H,內圈 快踱一圈 (助手)
H388,24/10/2025,游水,沙田,,沙田,,,,,,,,游水,,
H388,24/10/2025,踱步,沙田,內圈,沙田 內圈,,,,,,助手,,快踱一圈,H,內圈 快踱一圈 (助手)
H388,23/10/2025,游水,從化,,從化,,,,,,,,游水,,
H388,23/10/2025,快操,從化,草地,從化 草地,,53.1,53.1,28.6 24.5,,助手,,快操,H,28.6 24.5 (53.1) (助手)
H388,23/10/2025,踱步,從化,飛機場,從化 飛機場,,,,,,助手,,踱步,H,飛機場 踱步 (助手)
H388,22/10/2025,游水,從化,,從化,,,,,,,,游水,,
H388,22/10/2025,踱步,從化,內圈,從化 內圈,,,,,,助手,,快踱一圈,H,內圈 快踱一圈 (助手)
H388,21/10/2025,馬匹水中步行機,從化,,從化,,,,,,,,馬匹水中步行機,,
H388,21/10/2025,游水,從化,,從化,,,,,,,,游水,,
H388,21/10/2025,踱步,從化,內圈,從化 內圈,,,,,,助手,,快踱一圈,H,內圈 快踱一圈 (助手)
H388,20/10/2025,游水,從化,,從化,,,,,,,,游水,,
H388,20/10/2025,踱步,從化,內圈,從化 內圈,,,,,,助手,,倒快兩圈,H,內圈 倒快兩圈 (助手)
H388,19/10/2025,馬匹水中步行機,從化,,從化,,,,,,,,馬匹水中步行機,,
H388,19/10/2025,游水,從化,,從化,,,,,,,,游水,,
H388,19/10/2025,踱步,從化,內圈,從化 內圈,,,,,,助手,,快踱一圈,H,內圈 快踱一圈 (助手)
H388,18/10/2025,游水,從化,,從化,,,,,,,,游水,,
H388,18/10/2025,快操,從化,草地,從化 草地,,52.8,52.8,27.9 24.9,,助手,,快操,H,27.9 24.9 (52.8) (助手)
H388,18/10/2025,踱步,從化,飛機場,從化 飛機場,,,,,,助手,,踱步,H,飛機場 踱步 (助手)
H388,17/10/2025,游水,從化,,從化,,,,,,,,游水,,
H388,17/10/2025,踱步,從化,內圈,從化 內圈,,,,,,助手,,快踱一圈,H,內圈 快踱一圈 (助手)
H388,16/10/2025,游水,從化,,從化,,,,,,,,游水,,
H388,16/10/2025,踱步,從化,內圈,從化 內圈,,,,,,助手,,倒快兩圈,H,內圈 倒快兩圈 (助手)
H388,15/10/2025,游水,從化,,從化,,,,,,,,游水,,
H388,15/10/2025,快操,從化,全天候,從化 全天候,,56.6,56.6,31.1 25.5,,助手,,快操,H,31.1 25.5 (56.6) (助手)
H388,15/10/2025,踱步,從化,飛機場,從化 飛機場,,,,,,助手,,踱步,H,飛機場 踱步 (助手)
H388,14/10/2025,馬匹水中步行機,從化,,從化,,,,,,,,馬匹水中步行機,,
H388,14/10/2025,游水,從化,,從化,,,,,,,,游水,,
H388,14/10/2025,踱步,從化,內圈,從化 內圈,,,,,,助手,,快踱一圈,H,內圈 快踱一圈 (助手)
H388,13/10/2025,游水,從化,,從化,,,,,,,,游水,,
H388,13/10/2025,踱步,從化,內圈,從化 內圈,,,,,,助手,,倒快兩圈,H,內圈 倒快兩圈 (助手)
H388,12/10/2025,游水,從化,,從化,,,,,,,,游水,,
H388,12/10/2025,踱步,從化,內圈,從化 內圈,,,,,,助手,,快踱一圈,H,內圈 快踱一圈 (助手)
H388,11/10/2025,游水,從化,,從化,,,,,,,,游水,,
H388,10/10/2025,試閘,從化,草地,從化 草地,1200M,1.09.86,69.86,24.2 22.6 23.0,友瑩亮,潘明輝,,第8組,V,第8組 (潘明輝) 1200M 友瑩亮 24.2 22.6 23.0 (1.09.86)
H388,10/10/2025,踱步,從化,飛機場,從化 飛機場,,,,,,助手,,踱步,V,飛機場 踱步 (助手)
H388,09/10/2025,馬匹水中步行機,從化,,從化,,,,,,,,馬匹水中步行機,,
H388,09/10/2025,游水,從化,,從化,,,,,,,,游水,,
H388,09/10/2025,踱步,從化,內圈,從化 內圈,,,,,,助手,,倒快兩圈,H,內圈 倒快兩圈 (助手)
H388,08/10/2025,游水,從化,,從化,,,,,,,,游水,,
H388,08/10/2025,踱步,從化,內圈,從化 內圈,,,,,,助手,,快踱一圈,H,內圈 快踱一圈 (助手)
H388,07/10/2025,馬匹水中步行機,從化,,從化,,,,,,,,馬匹水中步行機,,
H388,07/10/2025,游水,從化,,從化,,,,,,,,游水,,
H388,07/10/2025,踱步,從化,內圈,從化 內圈,,,,,,助手,,快踱一圈,H,內圈 快踱一圈 (助手)
H388,06/10/2025,游水,從化,,從化,,,,,,,,游水,,
H388,06/10/2025,快操,從化,全天候,從化 全天候,,54.4,54.4,29.3 25.1,,助手,,快操,H,29.3 25.1 (54.4) (助手)
H388,06/10/2025,踱步,從化,飛機場,從化 飛機場,,,,,,助手,,踱步,H,飛機場 踱步 (助手)
H388,05/10/2025,游水,從化,,從化,,,,,,,,游水,,
H388,05/10/2025,踱步,從化,內圈,從化 內圈,,,,,,助手,,快踱一圈,H,內圈 快踱一圈 (助手)
H388,04/10/2025,游水,從化,,從化,,,,,,,,游水,,
H388,04/10/2025,踱步,從化,內圈,從化 內圈,,,,,,助手,,快踱一圈,H,內圈 快踱一圈 (助手)
H388,03/10/2025,游水,從化,,從化,,,,,,,,游水,,
H388,03/10/2025,踱步,從化,內圈,從化 內圈,,,,,,助手,,快踱一圈,H,內圈 快踱一圈 (助手)
H388,02/10/2025,游水,從化,,從化,,,,,,,,游水,,
H388,02/10/2025,快操,從化,草地,從化 草地,,53.3,53.3,27.5 25.8,,助手,,快操,H,27.5 25.8 (53.3) (助手)
H388,02/10/2025,踱步,從化,飛機場,從化 飛機場,,,,,,助手,,踱步,H,飛機場 踱步 (助手)
H388,01/10/2025,游水,從化,,從化,,,,,,,,游水,,
H388,01/10/2025,踱步,從化,內圈,從化 內圈,,,,,,助手,,快踱一圈,H,內圈 快踱一圈 (助手)
H388,30/09/2025,游水,從化,,從化,,,,,,,,游水,,
H388,30/09/2025,踱步,從化,內圈,從化 內圈,,,,,,助手,,快踱一圈,H,內圈 快踱一圈 (助手)
H388,29/09/2025,游水,從化,,從化,,,,,,,,游水,,
H388,29/09/2025,踱步,從化,內圈,從化 內圈,,,,,,助手,,倒快兩圈,H,內圈 倒快兩圈 (助手)
H388,28/09/2025,游水,從化,,從化,,,,,,,,游水,,
H388,28/09/2025,快操,從化,全天候,從化 全天候,,56.5,56.5,30.4 26.1,,助手,,快操,H,30.4 26.1 (56.5) (助手)
H388,28/09/2025,踱步,從化,飛機場,從化 飛機場,,,,,,助手,,踱步,H,飛機場 踱步 (助手)
H388,27/09/2025,游水,從化,,從化,,,,,,,,游水,,
H388,27/09/2025,踱步,從化,登山跑道,從化 登山跑道,,,,,,助手,,快踱,H,登山跑道 快踱 (助手)
H388,26/09/2025,游水,從化,,從化,,,,,,,,游水,,
H388,26/09/2025,踱步,從化,內圈,從化 內圈,,,,,,助手,,快踱一圈,H,內圈 快踱一圈 (助手)
H388,25/09/2025,游水,從化,,從化,,,,,,,,游水,,
H388,25/09/2025,快操,從化,全天候,從化 全天候,,58.0,58.0,30.9 27.1,,助手,,快操,H,30.9 27.1 (58.0) (助手)
H388,25/09/2025,踱步,從化,飛機場,從化 飛機場,,,,,,助手,,踱步,H,飛機場 踱步 (助手)
H388,23/09/2025,游水,從化,,從化,,,,,,,,游水,,
H388,23/09/2025,踱步,從化,登山跑道,從化 登山跑道,,,,,,助手,,快踱,H,登山跑道 快踱 (助手)
H388,22/09/2025,游水,從化,,從化,,,,,,,,游水,,
H388,22/09/2025,踱步,從化,內圈,從化 內圈,,,,,,助手,,倒快兩圈,H,內圈 倒快兩圈 (助手)
H388,21/09/2025,游水,從化,,從化,,,,,,,,游水,,
H388,21/09/2025,踱步,從化,內圈,從化 內圈,,,,,,助手,,快踱一圈,H,內圈 快踱一圈 (助手)
H388,20/09/2025,游水,從化,,從化,,,,,,,,游水,,
H388,20/09/2025,踱步,從化,內圈,從化 內圈,,,,,,助手,,快踱一圈,H,內圈 快踱一圈 (助手)
H388,19/09/2025,游水,沙田,,沙田,,,,,,,,游水,,
H388,19/09/2025,踱步,沙田,內圈,沙田 內圈,,,,,,助手,,快踱一圈,H,內圈 快踱一圈 (助手)
H388,18/09/2025,游水,沙田,,沙田,,,,,,,,游水,,
H388,18/09/2025,踱步,沙田,內圈,沙田 內圈,,,,,,助手,,倒快兩圈,H,內圈 倒快兩圈 (助手)
H388,17/09/2025,游水,沙田,,沙田,,,,,,,,游水,,
H388,17/09/2025,踱步,沙田,內圈,沙田 內圈,,,,,,助手,,快踱一圈,H,內圈 快踱一圈 (助手)
H388,16/09/2025,游水,沙田,,沙田,,,,,,,,游水,,
H388,16/09/2025,踱步,沙田,內圈,沙田 內圈,,,,,,助手,,快踱一圈,H,內圈 快踱一圈 (助手)
H388,15/09/2025,游水,沙田,,沙田,,,,,,,,游水,,
H388,15/09/2025,踱步,沙田,內圈,沙田 內圈,,,,,,助手,,倒快一圈,H,內圈 倒快一圈 (助手)
H388,14/09/2025,游水,沙田,,沙田,,,,,,,,游水,,
H388,14/09/2025,快操,沙田,全天候,沙田 全天候,,1.01.6,61.6,32.6 29.0,,助手,,快操,H,32.6 29.0 (1.01.6) (助手)
H388,14/09/2025,踱步,沙田,飛機場,沙田 飛機場,,,,,,助手,,踱步,H,飛機場 踱步 (助手)
H388,13/09/2025,游水,沙田,,沙田,,,,,,,,游水,,
H388,13/09/2025,踱步,沙田,內圈,沙田 內圈,,,,,,助手,,快踱一圈,B/H,內圈 快踱一圈 (助手)
H388,12/09/2025,游水,沙田,,沙田,,,,,,,,游水,,
H388,12/09/2025,踱步,沙田,內圈,沙田 內圈,,,,,,助手,,快踱一圈,B/H,內圈 快踱一圈 (助手)
H388,11/09/2025,游水,沙田,,沙田,,,,,,,,游水,,
H388,11/09/2025,快操,沙田,全天候,沙田 全天候,,1.27.1,87.1,28.6 30.9 27.6,,助手,,快操,H,28.6 30.9 27.6 (1.27.1) (助手)
H388,11/09/2025,踱步,沙田,飛機場,沙田 飛機場,,,,,,助手,,踱步,H,飛機場 踱步 (助手)
H388,10/09/2025,游水,沙田,,沙田,,,,,,,,游水,,
H388,10/09/2025,快操,沙田,全天候,沙田 全天候,,33.6,33.6,33.6,,助手,,快操,H,33.6 (33.6) (助手)
H388,10/09/2025,踱步,沙田,飛機場,沙田 飛機場,,,,,,助手,,踱步,H,飛機場 踱步 (助手)
H388,09/09/2025,游水,沙田,,沙田,,,,,,,,游水,,
H388,09/09/2025,踱步,沙田,內圈,沙田 內圈,,,,,,助手,,快踱一圈,B/H,內圈 快踱一圈 (助手)
H388,08/09/2025,游水,沙田,,沙田,,,,,,,,游水,,
H388,07/09/2025,游水,沙田,,沙田,,,,,,,,游水,,
H388,07/09/2025,踱步,沙田,內圈,沙田 內圈,,,,,,助手,,快踱一圈,B/H,內圈 快踱一圈 (助手)
H388,06/09/2025,游水,沙田,,沙田,,,,,,,,游水,,
H388,06/09/2025,踱步,沙田,內圈,沙田 內圈,,,,,,助手,,快踱一圈,B/H,內圈 快踱一圈 (助手)
H388,05/09/2025,游水,沙田,,沙田,,,,,,,,游水,,
H388,05/09/2025,踱步,沙田,內圈,沙田 內圈,,,,,,助手,,快踱一圈,B/H,內圈 快踱一圈 (助手)
H388,04/09/2025,游水,沙田,,沙田,,,,,,,,游水,,
H388,04/09/2025,踱步,沙田,內圈,沙田 內圈,,,,,,助手,,倒快兩圈,H,內圈 倒快兩圈 (助手)
H388,03/09/2025,游水,沙田,,沙田,,,,,,,,游水,,
H388,03/09/2025,踱步,沙田,內圈,沙田 內圈,,,,,,助手,,快踱一圈,B/H,內圈 快踱一圈 (助手)
H388,02/09/2025,游水,沙田,,沙田,,,,,,,,游水,,
H388,02/09/2025,踱步,沙田,內圈,沙田 內圈,,,,,,助手,,快踱一圈,B/H,內圈 快踱一圈 (助手)
H388,01/09/2025,游水,沙田,,沙田,,,,,,,,游水,,
H388,01/09/2025,踱步,沙田,內圈,沙田 內圈,,,,,,助手,,倒快兩圈,B/H,內圈 倒快兩圈 (助手)
H388,31/08/2025,游水,沙田,,沙田,,,,,,,,游水,,
H388,30/08/2025,游水,沙田,,沙田,,,,,,,,游水,,
H388,30/08/2025,踱步,沙田,內圈,沙田 內圈,,,,,,助手,,快踱一圈,B/H,內圈 快踱一圈 (助手)
H388,29/08/2025,游水,從化,,從化,,,,,,,,游水,,
H388,29/08/2025,踱步,從化,內圈,從化 內圈,,,,,,助手,,快踱一圈,H,內圈 快踱一圈 (助手)
H388,28/08/2025,游水,從化,,從化,,,,,,,,游水,,
H388,28/08/2025,踱步,從化,內圈,從化 內圈,,,,,,助手,,倒快一圈,H,內圈 倒快一圈 (助手)
H388,27/08/2025,游水,從化,,從化,,,,,,,,游水,,
H388,27/08/2025,踱步,從化,內圈,從化 內圈,,,,,,助手,,快踱一圈,H,內圈 快踱一圈 (助手)
H388,26/08/2025,游水,從化,,從化,,,,,,,,游水,,
H388,26/08/2025,踱步,從化,內圈,從化 內圈,,,,,,助手,,快踱一圈,H,內圈 快踱一圈 (助手)
H388,25/08/2025,游水,從化,,從化,,,,,,,,游水,,
H388,25/08/2025,踱步,從化,內圈,從化 內圈,,,,,,助手,,倒快一圈,H,內圈 倒快一圈 (助手)
H388,24/08/2025,游水,從化,,從化,,,,,,,,游水,,
H388,24/08/2025,踱步,從化,飛機場,從化 飛機場,,,,,,助手,,踱步,,飛機場 踱步 (助手)
H388,23/08/2025,游水,從化,,從化,,,,,,,,游水,,
H388,23/08/2025,踱步,從化,飛機場,從化 飛機場,,,,,,助手,,踱步,H,飛機場 踱步 (助手)
H388,22/08/2025,游水,從化,,從化,,,,,,,,游水,,
H388,22/08/2025,踱步,從化,飛機場,從化 飛機場,,,,,,助手,,踱步,H,飛機場 踱步 (助手)
H388,21/08/2025,游水,從化,,從化,,,,,,,,游水,,
H388,21/08/2025,踱步,從化,飛機場,從化 飛機場,,,,,,助手,,踱步,,飛機場 踱步 (助手)
H388,20/08/2025,游水,從化,,從化,,,,,,,,游水,,
H388,20/08/2025,踱步,從化,飛機場,從化 飛機場,,,,,,助手,,踱步,,飛機場 踱步 (助手)
H388,19/08/2025,游水,從化,,從化,,,,,,,,游水,,
H388,19/08/2025,踱步,從化,飛機場,從化 飛機場,,,,,,助手,,踱步,H,飛機場 踱步 (助手)
H388,18/08/2025,游水,從化,,從化,,,,,,,,游水,,
H388,18/08/2025,踱步,從化,飛機場,從化 飛機場,,,,,,助手,,踱步,H,飛機場 踱步 (助手)
H388,17/08/2025,游水,從化,,從化,,,,,,,,游水,,
H388,17/08/2025,踱步,從化,飛機場,從化 飛機場,,,,,,助手,,踱步,H,飛機場 踱步 (助手)
H388,16/08/2025,游水,從化,,從化,,,,,,,,游水,,
H388,16/08/2025,踱步,從化,飛機場,從化 飛機場,,,,,,助手,,踱步,H,飛機場 踱步 (助手)
H388,15/08/2025,游水,從化,,從化,,,,,,,,游水,,
H388,15/08/2025,踱步,從化,飛機場,從化 飛機場,,,,,,助手,,踱步,H,飛機場 踱步 (助手)
H388,26/05/2025,游水,沙田,,沙田,,,,,,,,游水,,
H388,18/05/2025,出賽,沙田,草地,沙田 草地,1800M,,,,,布文,4/14,出賽,B,1800M (布文) (4/14)
H388,18/05/2025,踱步,沙田,飛機場,沙田 飛機場,,,,,,助手,,踱步,B,飛機場 踱步 (助手)
H388,17/05/2025,游水,沙田,,沙田,,,,,,,,游水,,
H388,17/05/2025,踱步,沙田,內圈,沙田 內圈,,,,,,助手,,快踱一圈,BH,內圈 快踱一圈 (助手)
H388,16/05/2025,游水,沙田,,沙田,,,,,,,,游水,,
H388,16/05/2025,踱步,沙田,內圈,沙田 內圈,,,,,,助手,,快踱一圈,H,內圈 快踱一圈 (助手)
H388,15/05/2025,游水,沙田,,沙田,,,,,,,,游水,,
H388,15/05/2025,踱步,沙田,內圈,沙田 內圈,,,,,,助手,,倒快兩圈,H,內圈 倒快兩圈 (助手)
H388,14/05/2025,游水,沙田,,沙田,,,,,,,,游水,,
H388,14/05/2025,踱步,沙田,內圈,沙田 內圈,,,,,,助手,,快踱一圈,BH,內圈 快踱一圈 (助手)
H388,13/05/2025,游水,沙田,,沙田,,,,,,,,游水,,
H388,13/05/2025,踱步,沙田,內圈,沙田 內圈,,,,,,助手,,快踱一圈,BH,內圈 快踱一圈 (助手)
H388,12/05/2025,游水,沙田,,沙田,,,,,,,,游水,,
H388,12/05/2025,快操,沙田,草閘,沙田 草閘,,53.1,53.1,27.9 25.2,,助手,,鑽石寶寶,B,27.9 25.2 (53.1) (助手) 鑽石寶寶
H388,12/05/2025,踱步,沙田,飛機場,沙田 飛機場,,,,,,助手,,踱步,B,飛機場 踱步 (助手)
H388,11/05/2025,游水,沙田,,沙田,,,,,,,,游水,,
H388,11/05/2025,踱步,沙田,內圈,沙田 內圈,,,,,,助手,,快踱一圈,PH,內圈 快踱一圈 (助手)
H388,10/05/2025,游水,沙田,,沙田,,,,,,,,游水,,
H388,10/05/2025,踱步,沙田,內圈,沙田 內圈,,,,,,助手,,快踱一圈,H,內圈 快踱一圈 (助手)
H388,09/05/2025,游水,沙田,,沙田,,,,,,,,游水,,
H388,09/05/2025,踱步,沙田,內圈,沙田 內圈,,,,,,助手,,快踱一圈,H,內圈 快踱一圈 (助手)
H388,08/05/2025,游水,沙田,,沙田,,,,,,,,游水,,
H388,08/05/2025,快操,沙田,全天候,沙田 全天候,,57.9,57.9,31.1 26.8,,助手,,快操,BH,31.1 26.8 (57.9) (助手)
H388,08/05/2025,踱步,沙田,飛機場,沙田 飛機場,,,,,,助手,,踱步,B,飛機場 踱步 (助手)
H388,07/05/2025,游水,沙田,,沙田,,,,,,,,游水,,
H388,07/05/2025,踱步,沙田,內圈,沙田 內圈,,,,,,助手,,快踱一圈,BH,內圈 快踱一圈 (助手)
H388,06/05/2025,游水,沙田,,沙田,,,,,,,,游水,,
H388,06/05/2025,踱步,沙田,內圈,沙田 內圈,,,,,,助手,,快踱一圈,BH,內圈 快踱一圈 (助手)
H388,05/05/2025,游水,沙田,,沙田,,,,,,,,游水,,
H388,05/05/2025,踱步,沙田,內圈,沙田 內圈,,,,,,助手,,倒快兩圈,PH,內圈 倒快兩圈 (助手)
H388,04/05/2025,游水,沙田,,沙田,,,,,,,,游水,,
H388,04/05/2025,快操,沙田,全天候,沙田 全天候,,56.2,56.2,29.9 26.3,,助手,,伊臣,H,29.9 26.3 (56.2) (助手) 伊臣
H388,04/05/2025,踱步,沙田,飛機場,沙田 飛機場,,,,,,助手,,踱步,B,飛機場 踱步 (助手)
H388,03/05/2025,游水,沙田,,沙田,,,,,,,,游水,,
H388,03/05/2025,踱步,沙田,內圈,沙田 內圈,,,,,,助手,,快踱一圈,BH,內圈 快踱一圈 (助手)
H388,02/05/2025,游水,沙田,,沙田,,,,,,,,游水,,
H388,02/05/2025,踱步,沙田,內圈,沙田 內圈,,,,,,助手,,快踱一圈,BH,內圈 快踱一圈 (助手)
H388,01/05/2025,游水,沙田,,沙田,,,,,,,,游水,,
H388,01/05/2025,踱步,沙田,內圈,沙田 內圈,,,,,,助手,,倒快一圈,H,內圈 倒快一圈 (助手)
H388,27/04/2025,出賽,沙田,草地,沙田 草地,1800M,,,,,麥道朗,8/11,出賽,B,1800M (麥道朗) (8/11)
H388,27/04/2025,踱步,沙田,飛機場,沙田 飛機場,,,,,,助手,,踱步,B,飛機場 踱步 (助手)
H388,26/04/2025,游水,沙田,,沙田,,,,,,,,游水,,
H388,26/04/2025,踱步,沙田,內圈,沙田 內圈,,,,,,助手,,快踱一圈,PH,內圈 快踱一圈 (助手)
H388,25/04/2025,游水,沙田,,沙田,,,,,,,,游水,,
H388,25/04/2025,踱步,沙田,內圈,沙田 內圈,,,,,,助手,,快踱一圈,BH,內圈 快踱一圈 (助手)
H388,24/04/2025,游水,沙田,,沙田,,,,,,,,游水,,
H388,24/04/2025,踱步,沙田,內圈,沙田 內圈,,,,,,助手,,倒快兩圈,BH,內圈 倒快兩圈 (助手)
H388,23/04/2025,游水,沙田,,沙田,,,,,,,,游水,,
H388,23/04/2025,踱步,沙田,內圈,沙田 內圈,,,,,,助手,,快踱一圈,H,內圈 快踱一圈 (助手)
H388,22/04/2025,游水,沙田,,沙田,,,,,,,,游水,,
H388,21/04/2025,游水,沙田,,沙田,,,,,,,,游水,,
H388,21/04/2025,快操,沙田,草地,沙田 草地,,47.1,47.1,25.2 21.9,,助手,,你知我得,B,25.2 21.9 (47.1) (助手) 你知我得
H388,21/04/2025,踱步,沙田,飛機場,沙田 飛機場,,,,,,助手,,踱步,B,飛機場 踱步 (助手)
H388,20/04/2025,游水,沙田,,沙田,,,,,,,,游水,,
H388,20/04/2025,踱步,沙田,內圈,沙田 內圈,,,,,,助手,,快踱一圈,PH,內圈 快踱一圈 (助手)
H388,19/04/2025,游水,沙田,,沙田,,,,,,,,游水,,
H388,19/04/2025,踱步,沙田,內圈,沙田 內圈,,,,,,助手,,快踱一圈,H,內圈 快踱一圈 (助手)
H388,18/04/2025,游水,沙田,,沙田,,,,,,,,游水,,
H388,18/04/2025,快操,沙田,全天候,沙田 全天候,,1.28.0,88.0,32.7 29.6 25.7,,助手,,快操,H,32.7 29.6 25.7 (1.28.0) (助手)
H388,18/04/2025,踱步,沙田,飛機場,沙田 飛機場,,,,,,助手,,踱步,B,飛機場 踱步 (助手)
H388,17/04/2025,游水,沙田,,沙田,,,,,,,,游水,,
H388,17/04/2025,踱步,沙田,內圈,沙田 內圈,,,,,,助手,,倒快兩圈,H,內圈 倒快兩圈 (助手)
H388,16/04/2025,游水,沙田,,沙田,,,,,,,,游水,,
H388,16/04/2025,踱步,沙田,內圈,沙田 內圈,,,,,,助手,,快踱一圈,H,內圈 快踱一圈 (助手)
H388,15/04/2025,游水,沙田,,沙田,,,,,,,,游水,,
H388,15/04/2025,踱步,沙田,內圈,沙田 內圈,,,,,,助手,,快踱一圈,H,內圈 快踱一圈 (助手)
H388,14/04/2025,游水,沙田,,沙田,,,,,,,,游水,,
H388,14/04/2025,快操,沙田,全天候,沙田 全天候,,56.3,56.3,29.8 26.5,,助手,,快操,H,29.8 26.5 (56.3) (助手)
H388,14/04/2025,踱步,沙田,飛機場,沙田 飛機場,,,,,,助手,,踱步,B,飛機場 踱步 (助手)
H388,13/04/2025,游水,沙田,,沙田,,,,,,,,游水,,
H388,13/04/2025,踱步,沙田,內圈,沙田 內圈,,,,,,助手,,快踱一圈,BH,內圈 快踱一圈 (助手)
H388,12/04/2025,游水,沙田,,沙田,,,,,,,,游水,,
H388,11/04/2025,游水,沙田,,沙田,,,,,,,,游水,,
H388,11/04/2025,快操,沙田,全天候,沙田 全天候,,1.28.0,88.0,32.8 29.8 25.4,,助手,,快樂老撾,H,32.8 29.8 25.4 (1.28.0) (助手) 快樂老撾
H388,10/04/2025,游水,沙田,,沙田,,,,,,,,游水,,
H388,10/04/2025,踱步,沙田,內圈,沙田 內圈,,,,,,助手,,倒快兩圈,H,內圈 倒快兩圈 (助手)
H388,09/04/2025,游水,沙田,,沙田,,,,,,,,游水,,
H388,09/04/2025,踱步,沙田,內圈,沙田 內圈,,,,,,助手,,快踱一圈,PH,內圈 快踱一圈 (助手)
H388,08/04/2025,游水,沙田,,沙田,,,,,,,,游水,,
H388,08/04/2025,踱步,沙田,內圈,沙田 內圈,,,,,,助手,,快踱一圈,PH,內圈 快踱一圈 (助手)
H388,07/04/2025,游水,沙田,,沙田,,,,,,,,游水,,
H388,07/04/2025,快操,沙田,全天候,沙田 全天候,,1.29.4,89.4,33.0 29.5 26.9,,助手,,運高八斗,H,33.0 29.5 26.9 (1.29.4) (助手) 運高八斗
H388,07/04/2025,踱步,沙田,飛機場,沙田 飛機場,,,,,,助手,,踱步,B,飛機場 踱步 (助手)
H388,06/04/2025,游水,沙田,,沙田,,,,,,,,游水,,
H388,06/04/2025,踱步,沙田,內圈,沙田 內圈,,,,,,助手,,快踱一圈,BH,內圈 快踱一圈 (助手)
H388,05/04/2025,游水,沙田,,沙田,,,,,,,,游水,,
H388,05/04/2025,踱步,沙田,內圈,沙田 內圈,,,,,,助手,,快踱一圈,H,內圈 快踱一圈 (助手)
H388,04/04/2025,游水,沙田,,沙田,,,,,,,,游水,,
H388,04/04/2025,踱步,沙田,內圈,沙田 內圈,,,,,,助手,,快踱一圈,H,內圈 快踱一圈 (助手)
H388,03/04/2025,游水,沙田,,沙田,,,,,,,,游水,,
H388,03/04/2025,踱步,沙田,內圈,沙田 內圈,,,,,,助手,,倒快一圈,BH,內圈 倒快一圈 (助手)
H388,02/04/2025,游水,沙田,,沙田,,,,,,,,游水,,
H388,30/03/2025,出賽,沙田,草地,沙田 草地,2000M,,,,,潘頓,7/14,出賽,B,2000M (潘頓) (7/14)
H388,30/03/2025,踱步,沙田,飛機場,沙田 飛機場,,,,,,助手,,踱步,B,飛機場 踱步 (助手)
H388,29/03/2025,游水,沙田,,沙田,,,,,,,,游水,,
H388,29/03/2025,踱步,沙田,內圈,沙田 內圈,,,,,,助手,,快踱一圈,PH,內圈 快踱一圈 (助手)
H388,28/03/2025,游水,沙田,,沙田,,,,,,,,游水,,
H388,28/03/2025,踱步,沙田,內圈,沙田 內圈,,,,,,助手,,快踱一圈,H,內圈 快踱一圈 (助手)
H388,27/03/2025,游水,沙田,,沙田,,,,,,,,游水,,
H388,27/03/2025,快操,沙田,全天候,沙田 全天候,,56.3,56.3,30.2 26.1,,助手,,勁大威猛,BH,30.2 26.1 (56.3) (助手) 勁大威猛
H388,27/03/2025,踱步,沙田,飛機場,沙田 飛機場,,,,,,助手,,踱步,B,飛機場 踱步 (助手)
H388,26/03/2025,游水,沙田,,沙田,,,,,,,,游水,,
H388,26/03/2025,踱步,沙田,內圈,沙田 內圈,,,,,,助手,,快踱一圈,BH,內圈 快踱一圈 (助手)
H388,25/03/2025,游水,沙田,,沙田,,,,,,,,游水,,
H388,25/03/2025,踱步,沙田,內圈,沙田 內圈,,,,,,助手,,快踱一圈,BH,內圈 快踱一圈 (助手)
H388,24/03/2025,游水,沙田,,沙田,,,,,,,,游水,,
H388,24/03/2025,快操,沙田,全天候,沙田 全天候,,56.9,56.9,30.8 26.1,,助手,,快操,BH,30.8 26.1 (56.9) (助手)
H388,24/03/2025,踱步,沙田,飛機場,沙田 飛機場,,,,,,助手,,踱步,B,飛機場 踱步 (助手)
H388,23/03/2025,游水,沙田,,沙田,,,,,,,,游水,,
H388,23/03/2025,踱步,沙田,內圈,沙田 內圈,,,,,,助手,,快踱一圈,PH,內圈 快踱一圈 (助手)
H388,22/03/2025,游水,沙田,,沙田,,,,,,,,游水,,
H388,22/03/2025,踱步,沙田,內圈,沙田 內圈,,,,,,助手,,快踱一圈,PH,內圈 快踱一圈 (助手)
H388,21/03/2025,游水,沙田,,沙田,,,,,,,,游水,,
H388,21/03/2025,踱步,沙田,內圈,沙田 內圈,,,,,,助手,,快踱一圈,PH,內圈 快踱一圈 (助手)
H388,20/03/2025,游水,沙田,,沙田,,,,,,,,游水,,
H388,20/03/2025,踱步,沙田,內圈,沙田 內圈,,,,,,助手,,倒快一圈,BH,內圈 倒快一圈 (助手)
H388,19/03/2025,游水,沙田,,沙田,,,,,,,,游水,,
H388,19/03/2025,踱步,沙田,內圈,沙田 內圈,,,,,,助手,,快踱一圈,,內圈 快踱一圈 (助手)
H388,18/03/2025,游水,沙田,,沙田,,,,,,,,游水,,
H388,15/03/2025,出賽,沙田,草地,沙田 草地,1800M,,,,,布文,7/14,出賽,B,1800M (布文) (7/14)
H388,15/03/2025,踱步,沙田,飛機場,沙田 飛機場,,,,,,助手,,踱步,B,飛機場 踱步 (助手)
H388,14/03/2025,游水,沙田,,沙田,,,,,,,,游水,,
H388,14/03/2025,踱步,沙田,內圈,沙田 內圈,,,,,,助手,,快踱一圈,PH,內圈 快踱一圈 (助手)
H388,13/03/2025,游水,沙田,,沙田,,,,,,,,游水,,
H388,13/03/2025,快操,沙田,全天候,沙田 全天候,,55.9,55.9,30.9 25.0,,助手,,生生勝利,H,30.9 25.0 (55.9) (助手) 生生勝利
H388,13/03/2025,踱步,沙田,飛機場,沙田 飛機場,,,,,,助手,,踱步,BO,飛機場 踱步 (助手)
H388,12/03/2025,游水,沙田,,沙田,,,,,,,,游水,,
H388,12/03/2025,踱步,沙田,內圈,沙田 內圈,,,,,,助手,,快踱一圈,PH,內圈 快踱一圈 (助手)
H388,11/03/2025,游水,沙田,,沙田,,,,,,,,游水,,
H388,11/03/2025,踱步,沙田,內圈,沙田 內圈,,,,,,助手,,快踱一圈,BH,內圈 快踱一圈 (助手)
H388,10/03/2025,游水,沙田,,沙田,,,,,,,,游水,,
H388,10/03/2025,快操,沙田,草地,沙田 草地,,52.7,52.7,28.0 24.7,,助手,,觔斗雲,BH,28.0 24.7 (52.7) (助手) 觔斗雲
H388,10/03/2025,踱步,沙田,飛機場,沙田 飛機場,,,,,,助手,,踱步,B,飛機場 踱步 (助手)
H388,09/03/2025,游水,沙田,,沙田,,,,,,,,游水,,
H388,08/03/2025,游水,沙田,,沙田,,,,,,,,游水,,
H388,08/03/2025,踱步,沙田,內圈,沙田 內圈,,,,,,助手,,快踱一圈,BH,內圈 快踱一圈 (助手)
H388,07/03/2025,游水,沙田,,沙田,,,,,,,,游水,,
H388,07/03/2025,快操,沙田,全天候,沙田 全天候,,57.2,57.2,29.5 27.7,,助手,,快操,BH,29.5 27.7 (57.2) (助手)
H388,07/03/2025,踱步,沙田,飛機場,沙田 飛機場,,,,,,助手,,踱步,B,飛機場 踱步 (助手)
H388,06/03/2025,游水,沙田,,沙田,,,,,,,,游水,,
H388,06/03/2025,踱步,沙田,內圈,沙田 內圈,,,,,,助手,,倒快一圈,PH,內圈 倒快一圈 (助手)
H388,05/03/2025,游水,沙田,,沙田,,,,,,,,游水,,
H388,04/03/2025,游水,沙田,,沙田,,,,,,,,游水,,
H388,04/03/2025,快操,沙田,全天候,沙田 全天候,,55.1,55.1,29.3 25.8,,助手,,日馳千里,B,29.3 25.8 (55.1) (助手) 日馳千里
H388,04/03/2025,踱步,沙田,飛機場,沙田 飛機場,,,,,,助手,,踱步,B,飛機場 踱步 (助手)
H388,03/03/2025,游水,沙田,,沙田,,,,,,,,游水,,
H388,03/03/2025,踱步,沙田,內圈,沙田 內圈,,,,,,助手,,倒快兩圈,PH,內圈 倒快兩圈 (助手)
H388,02/03/2025,游水,沙田,,沙田,,,,,,,,游水,,
H388,02/03/2025,踱步,沙田,內圈,沙田 內圈,,,,,,助手,,快踱一圈,PH,內圈 快踱一圈 (助手)
H388,01/03/2025,游水,沙田,,沙田,,,,,,,,游水,,
H388,01/03/2025,快操,沙田,全天候,沙田 全天候,,1.29.5,89.5,32.6 29.9 27.0,,助手,,皇龍飛將,BH,32.6 29.9 27.0 (1.29.5) (助手) 皇龍飛將
H388,01/03/2025,踱步,沙田,飛機場,沙田 飛機場,,,,,,助手,,踱步,B,飛機場 踱步 (助手)
H388,28/02/2025,游水,沙田,,沙田,,,,,,,,游水,,
H388,28/02/2025,踱步,沙田,內圈,沙田 內圈,,,,,,助手,,快踱一圈,PH,內圈 快踱一圈 (助手)
H388,27/02/2025,游水,沙田,,沙田,,,,,,,,游水,,
H388,27/02/2025,踱步,沙田,內圈,沙田 內圈,,,,,,助手,,倒快兩圈,PH,內圈 倒快兩圈 (助手)
H388,26/02/2025,游水,沙田,,沙田,,,,,,,,游水,,
H388,26/02/2025,快操,沙田,全天候,沙田 全天候,,54.4,54.4,28.6 25.8,,助手,,快操,BH,28.6 25.8 (54.4) (助手)
H388,26/02/2025,踱步,沙田,飛機場,沙田 飛機場,,,,,,助手,,踱步,B,飛機場 踱步 (助手)
H388,25/02/2025,游水,沙田,,沙田,,,,,,,,游水,,
H388,25/02/2025,踱步,沙田,內圈,沙田 內圈,,,,,,助手,,快踱一圈,PH,內圈 快踱一圈 (助手)
H388,24/02/2025,游水,沙田,,沙田,,,,,,,,游水,,
H388,24/02/2025,踱步,沙田,內圈,沙田 內圈,,,,,,助手,,倒快兩圈,PH,內圈 倒快兩圈 (助手)
H388,23/02/2025,游水,沙田,,沙田,,,,,,,,游水,,
H388,23/02/2025,踱步,沙田,內圈,沙田 內圈,,,,,,助手,,快踱一圈,PH,內圈 快踱一圈 (助手)
H388,22/02/2025,游水,沙田,,沙田,,,,,,,,游水,,
H388,22/02/2025,踱步,沙田,內圈,沙田 內圈,,,,,,助手,,快踱一圈,PH,內圈 快踱一圈 (助手)
H388,21/02/2025,游水,沙田,,沙田,,,,,,,,游水,,
H388,21/02/2025,踱步,沙田,內圈,沙田 內圈,,,,,,助手,,快踱一圈,PH,內圈 快踱一圈 (助手)
H388,20/02/2025,游水,沙田,,沙田,,,,,,,,游水,,
H388,16/02/2025,出賽,沙田,草地,沙田 草地,1800M,,,,,布文,2/14,出賽,B,1800M (布文) (2/14)
H388,16/02/2025,踱步,沙田,飛機場,沙田 飛機場,,,,,,助手,,踱步,B,飛機場 踱步 (助手)
H388,15/02/2025,游水,沙田,,沙田,,,,,,,,游水,,
H388,15/02/2025,踱步,沙田,內圈,沙田 內圈,,,,,,助手,,快踱一圈,BH,內圈 快踱一圈 (助手)
H388,14/02/2025,游水,沙田,,沙田,,,,,,,,游水,,
H388,14/02/2025,踱步,沙田,內圈,沙田 內圈,,,,,,助手,,快踱一圈,PH,內圈 快踱一圈 (助手)
H388,13/02/2025,游水,沙田,,沙田,,,,,,,,游水,,
H388,13/02/2025,快操,沙田,全天候,沙田 全天候,,56.0,56.0,29.5 26.5,,助手,,快操,BH,29.5 26.5 (56.0) (助手)
H388,13/02/2025,踱步,沙田,飛機場,沙田 飛機場,,,,,,助手,,踱步,BH,飛機場 踱步 (助手)
H388,12/02/2025,游水,沙田,,沙田,,,,,,,,游水,,
H388,12/02/2025,踱步,沙田,內圈,沙田 內圈,,,,,,助手,,快踱一圈,PH,內圈 快踱一圈 (助手)
H388,11/02/2025,游水,沙田,,沙田,,,,,,,,游水,,
H388,11/02/2025,踱步,沙田,內圈,沙田 內圈,,,,,,助手,,快踱一圈,H,內圈 快踱一圈 (助手)
H388,10/02/2025,游水,沙田,,沙田,,,,,,,,游水,,
H388,10/02/2025,快操,沙田,草閘,沙田 草閘,,46.7,46.7,24.3 22.4,,助手,,"快樂老撾, 超加加",B,"24.3 22.4 (46.7) (助手) 快樂老撾, 超加加"
H388,10/02/2025,踱步,沙田,飛機場,沙田 飛機場,,,,,,助手,,踱步,B,飛機場 踱步 (助手)
H388,09/02/2025,游水,沙田,,沙田,,,,,,,,游水,,
H388,09/02/2025,踱步,沙田,內圈,沙田 內圈,,,,,,助手,,快踱一圈,PH,內圈 快踱一圈 (助手)
H388,08/02/2025,游水,沙田,,沙田,,,,,,,,游水,,
H388,08/02/2025,踱步,沙田,內圈,沙田 內圈,,,,,,助手,,快踱一圈,PH,內圈 快踱一圈 (助手)
H388,07/02/2025,游水,沙田,,沙田,,,,,,,,游水,,
H388,07/02/2025,快操,沙田,全天候,沙田 全天候,,54.9,54.9,29.1 25.8,,助手,,快操,BH,29.1 25.8 (54.9) (助手)
H388,07/02/2025,踱步,沙田,飛機場,沙田 飛機場,,,,,,助手,,踱步,B,飛機場 踱步 (助手)
H388,06/02/2025,游水,沙田,,沙田,,,,,,,,游水,,
H388,06/02/2025,踱步,沙田,內圈,沙田 內圈,,,,,,助手,,倒快兩圈,PH,內圈 倒快兩圈 (助手)
H388,05/02/2025,游水,沙田,,沙田,,,,,,,,游水,,
H388,05/02/2025,踱步,沙田,內圈,沙田 內圈,,,,,,助手,,快踱一圈,PH,內圈 快踱一圈 (助手)
H388,04/02/2025,游水,沙田,,沙田,,,,,,,,游水,,
H388,04/02/2025,快操,沙田,全天候,沙田 全天候,,54.9,54.9,28.9 26.0,,助手,,快操,BH,28.9 26.0 (54.9) (助手)
H388,04/02/2025,踱步,沙田,飛機場,沙田 飛機場,,,,,,助手,,踱步,B,飛機場 踱步 (助手)
H388,03/02/2025,游水,沙田,,沙田,,,,,,,,游水,,
H388,03/02/2025,踱步,沙田,內圈,沙田 內圈,,,,,,助手,,倒快兩圈,PH,內圈 倒快兩圈 (助手)
H388,02/02/2025,游水,沙田,,沙田,,,,,,,,游水,,
H388,02/02/2025,踱步,沙田,內圈,沙田 內圈,,,,,,助手,,快踱一圈,PH,內圈 快踱一圈 (助手)
H388,01/02/2025,游水,沙田,,沙田,,,,,,,,游水,,
H388,01/02/2025,踱步,沙田,內圈,沙田 內圈,,,,,,助手,,快踱一圈,PH,內圈 快踱一圈 (助手)
H388,31/01/2025,游水,沙田,,沙田,,,,,,,,游水,,
H388,31/01/2025,踱步,沙田,內圈,沙田 內圈,,,,,,助手,,快踱一圈,PH,內圈 快踱一圈 (助手)
H388,30/01/2025,游水,沙田,,沙田,,,,,,,,游水,,
H388,30/01/2025,踱步,沙田,內圈,沙田 內圈,,,,,,助手,,倒快兩圈,PH,內圈 倒快兩圈 (助手)
H388,26/01/2025,出賽,沙田,草地,沙田 草地,2000M,,,,,貝知仁,5/14,出賽,B,2000M (貝知仁) (5/14)
H388,26/01/2025,踱步,沙田,飛機場,沙田 飛機場,,,,,,助手,,踱步,B,飛機場 踱步 (助手)
H388,25/01/2025,游水,沙田,,沙田,,,,,,,,游水,,
H388,25/01/2025,踱步,沙田,內圈,沙田 內圈,,,,,,助手,,快踱一圈,BH,內圈 快踱一圈 (助手)
H388,24/01/2025,游水,沙田,,沙田,,,,,,,,游水,,
H388,24/01/2025,踱步,沙田,內圈,沙田 內圈,,,,,,助手,,快踱一圈,PH,內圈 快踱一圈 (助手)
H388,23/01/2025,游水,沙田,,沙田,,,,,,,,游水,,
H388,23/01/2025,快操,沙田,全天候,沙田 全天候,,56.4,56.4,30.4 26.0,,貝知仁,,快操,BH,30.4 26.0 (56.4) (貝知仁)
H388,23/01/2025,踱步,沙田,飛機場,沙田 飛機場,,,,,,助手,,踱步,B,飛機場 踱步 (助手)
H388,22/01/2025,游水,沙田,,沙田,,,,,,,,游水,,
H388,22/01/2025,踱步,沙田,內圈,沙田 內圈,,,,,,助手,,快踱一圈,PH,內圈 快踱一圈 (助手)
H388,21/01/2025,游水,沙田,,沙田,,,,,,,,游水,,
H388,21/01/2025,踱步,沙田,內圈,沙田 內圈,,,,,,助手,,快踱一圈,PH,內圈 快踱一圈 (助手)
H388,20/01/2025,游水,沙田,,沙田,,,,,,,,游水,,
H388,20/01/2025,快操,沙田,草閘,沙田 草閘,,48.3,48.3,25.0 23.3,,助手,,超加加,H,25.0 23.3 (48.3) (助手) 超加加
H388,20/01/2025,踱步,沙田,飛機場,沙田 飛機場,,,,,,助手,,踱步,B,飛機場 踱步 (助手)
H388,19/01/2025,游水,沙田,,沙田,,,,,,,,游水,,
H388,19/01/2025,踱步,沙田,內圈,沙田 內圈,,,,,,助手,,快踱一圈,PH,內圈 快踱一圈 (助手)
H388,18/01/2025,游水,沙田,,沙田,,,,,,,,游水,,
H388,18/01/2025,踱步,沙田,內圈,沙田 內圈,,,,,,助手,,快踱一圈,PH,內圈 快踱一圈 (助手)
H388,17/01/2025,游水,沙田,,沙田,,,,,,,,游水,,
H388,17/01/2025,快操,沙田,全天候,沙田 全天候,,54.7,54.7,29.0 25.7,,助手,,快操,BH,29.0 25.7 (54.7) (助手)
H388,16/01/2025,游水,沙田,,沙田,,,,,,,,游水,,
H388,16/01/2025,踱步,沙田,內圈,沙田 內圈,,,,,,助手,,倒快兩圈,H,內圈 倒快兩圈 (助手)
H388,15/01/2025,游水,沙田,,沙田,,,,,,,,游水,,
H388,15/01/2025,踱步,沙田,內圈,沙田 內圈,,,,,,助手,,快踱一圈,PH,內圈 快踱一圈 (助手)
H388,14/01/2025,游水,沙田,,沙田,,,,,,,,游水,,
H388,14/01/2025,踱步,沙田,內圈,沙田 內圈,,,,,,助手,,快踱一圈,PH,內圈 快踱一圈 (助手)
H388,13/01/2025,游水,沙田,,沙田,,,,,,,,游水,,
H388,12/01/2025,游水,沙田,,沙田,,,,,,,,游水,,
H388,12/01/2025,快操,沙田,全天候,沙田 全天候,,1.27.3,87.3,31.6 29.3 26.4,,助手,,盈好威楓,BH,31.6 29.3 26.4 (1.27.3) (助手) 盈好威楓
H388,11/01/2025,游水,沙田,,沙田,,,,,,,,游水,,
H388,11/01/2025,踱步,沙田,內圈,沙田 內圈,,,,,,助手,,快踱一圈,PH,內圈 快踱一圈 (助手)
H388,10/01/2025,游水,沙田,,沙田,,,,,,,,游水,,
H388,10/01/2025,踱步,沙田,內圈,沙田 內圈,,,,,,助手,,快踱一圈,PH,內圈 快踱一圈 (助手)
H388,09/01/2025,游水,沙田,,沙田,,,,,,,,游水,,
H388,09/01/2025,踱步,沙田,內圈,沙田 內圈,,,,,,助手,,倒快兩圈,PH,內圈 倒快兩圈 (助手)
H388,08/01/2025,游水,沙田,,沙田,,,,,,,,游水,,
H388,08/01/2025,快操,沙田,全天候,沙田 全天候,,53.8,53.8,27.9 25.9,,貝知仁,,凌風傲雪,BH,27.9 25.9 (53.8) (貝知仁) 凌風傲雪
H388,08/01/2025,踱步,沙田,飛機場,沙田 飛機場,,,,,,助手,,踱步,B,飛機場 踱步 (助手)
H388,07/01/2025,游水,沙田,,沙田,,,,,,,,游水,,
H388,07/01/2025,踱步,沙田,內圈,沙田 內圈,,,,,,助手,,快踱一圈,PH,內圈 快踱一圈 (助手)
H388,06/01/2025,游水,沙田,,沙田,,,,,,,,游水,,
H388,06/01/2025,踱步,沙田,內圈,沙田 內圈,,,,,,助手,,倒快兩圈,PH,內圈 倒快兩圈 (助手)
H388,05/01/2025,游水,沙田,,沙田,,,,,,,,游水,,
H388,05/01/2025,踱步,沙田,內圈,沙田 內圈,,,,,,助手,,快踱一圈,PH,內圈 快踱一圈 (助手)
H388,04/01/2025,游水,沙田,,沙田,,,,,,,,游水,,
H388,04/01/2025,踱步,沙田,內圈,沙田 內圈,,,,,,助手,,快踱一圈,PH,內圈 快踱一圈 (助手)
H388,03/01/2025,游水,沙田,,沙田,,,,,,,,游水,,
H388,01/01/2025,出賽,沙田,草地,沙田 草地,1600M,,,,,貝知仁,5/14,出賽,B,1600M (貝知仁) (5/14)
H388,01/01/2025,踱步,沙田,飛機場,沙田 飛機場,,,,,,助手,,踱步,B,飛機場 踱步 (助手)
H388,31/12/2024,游水,沙田,,沙田,,,,,,,,游水,,
H388,31/12/2024,踱步,沙田,內圈,沙田 內圈,,,,,,助手,,快踱一圈,PH,內圈 快踱一圈 (助手)
H388,30/12/2024,游水,沙田,,沙田,,,,,,,,游水,,
H388,30/12/2024,快操,沙田,全天候,沙田 全天候,,55.1,55.1,28.8 26.3,,貝知仁,,金佰令,H,28.8 26.3 (55.1) (貝知仁) 金佰令
H388,30/12/2024,踱步,沙田,飛機場,沙田 飛機場,,,,,,助手,,踱步,B,飛機場 踱步 (助手)
H388,29/12/2024,游水,沙田,,沙田,,,,,,,,游水,,
H388,29/12/2024,踱步,沙田,內圈,沙田 內圈,,,,,,助手,,快踱一圈,PH,內圈 快踱一圈 (助手)
H388,28/12/2024,游水,沙田,,沙田,,,,,,,,游水,,
H388,28/12/2024,踱步,沙田,內圈,沙田 內圈,,,,,,助手,,快踱一圈,PH,內圈 快踱一圈 (助手)
H388,27/12/2024,游水,沙田,,沙田,,,,,,,,游水,,
H388,27/12/2024,踱步,沙田,內圈,沙田 內圈,,,,,,助手,,快踱一圈,PH,內圈 快踱一圈 (助手)
H388,26/12/2024,游水,沙田,,沙田,,,,,,,,游水,,
H388,26/12/2024,快操,沙田,全天候,沙田 全天候,,1.24.0,84.0,31.4 27.9 24.7,,貝知仁,,小神仙,BH,31.4 27.9 24.7 (1.24.0) (貝知仁) 小神仙
H388,26/12/2024,踱步,沙田,飛機場,沙田 飛機場,,,,,,助手,,踱步,B,飛機場 踱步 (助手)
H388,25/12/2024,游水,沙田,,沙田,,,,,,,,游水,,
H388,25/12/2024,踱步,沙田,內圈,沙田 內圈,,,,,,助手,,快踱一圈,PH,內圈 快踱一圈 (助手)
H388,24/12/2024,游水,沙田,,沙田,,,,,,,,游水,,
H388,24/12/2024,踱步,沙田,內圈,沙田 內圈,,,,,,助手,,快踱一圈,PH,內圈 快踱一圈 (助手)
H388,23/12/2024,游水,沙田,,沙田,,,,,,,,游水,,
H388,23/12/2024,踱步,沙田,內圈,沙田 內圈,,,,,,助手,,倒快兩圈,PH,內圈 倒快兩圈 (助手)
H388,22/12/2024,游水,沙田,,沙田,,,,,,,,游水,,
H388,22/12/2024,快操,沙田,全天候,沙田 全天候,,56.1,56.1,30.5 25.6,,助手,,小神仙,BH,30.5 25.6 (56.1) (助手) 小神仙
H388,22/12/2024,踱步,沙田,飛機場,沙田 飛機場,,,,,,助手,,踱步,B,飛機場 踱步 (助手)
H388,21/12/2024,游水,沙田,,沙田,,,,,,,,游水,,
H388,21/12/2024,踱步,沙田,內圈,沙田 內圈,,,,,,助手,,快踱一圈,PH,內圈 快踱一圈 (助手)
H388,20/12/2024,游水,沙田,,沙田,,,,,,,,游水,,
H388,20/12/2024,踱步,沙田,內圈,沙田 內圈,,,,,,助手,,快踱一圈,PH,內圈 快踱一圈 (助手)
H388,19/12/2024,游水,沙田,,沙田,,,,,,,,游水,,
H388,19/12/2024,踱步,沙田,內圈,沙田 內圈,,,,,,助手,,倒快一圈,PH,內圈 倒快一圈 (助手)
H388,18/12/2024,游水,沙田,,沙田,,,,,,,,游水,,
H388,17/12/2024,試閘,沙田,草地,沙田 草地,1600M,1.37.13,97.13,24.9 22.8 25.6 23.8,旗幟鬥士,貝知仁,,第9組,B,第9組 (貝知仁) 1600M 旗幟鬥士 24.9 22.8 25.6 23.8 (1.37.13)
H388,17/12/2024,游水,沙田,,沙田,,,,,,,,游水,,
H388,16/12/2024,游水,沙田,,沙田,,,,,,,,游水,,
H388,16/12/2024,踱步,沙田,內圈,沙田 內圈,,,,,,助手,,倒快兩圈,PH,內圈 倒快兩圈 (助手)
H388,15/12/2024,游水,沙田,,沙田,,,,,,,,游水,,
H388,15/12/2024,踱步,沙田,內圈,沙田 內圈,,,,,,助手,,快踱一圈,H,內圈 快踱一圈 (助手)
H388,14/12/2024,游水,沙田,,沙田,,,,,,,,游水,,
H388,14/12/2024,快操,沙田,全天候,沙田 全天候,,1.31.5,91.5,34.2 31.0 26.3,,助手,,駿奕快車,BH,34.2 31.0 26.3 (1.31.5) (助手) 駿奕快車
H388,14/12/2024,踱步,沙田,飛機場,沙田 飛機場,,,,,,助手,,踱步,B,飛機場 踱步 (助手)
H388,13/12/2024,游水,沙田,,沙田,,,,,,,,游水,,
H388,13/12/2024,踱步,沙田,內圈,沙田 內圈,,,,,,助手,,快踱一圈,PH,內圈 快踱一圈 (助手)
H388,12/12/2024,踱步,從化,內圈,從化 內圈,,,,,,助手,,倒快兩圈,B/H,內圈 倒快兩圈 (助手)
H388,11/12/2024,快操,從化,登山跑道,從化 登山跑道,,56.9,56.9,29.8 27.1,,助手,,快操,B/H,29.8 27.1 (56.9) (助手)
H388,11/12/2024,踱步,從化,飛機場,從化 飛機場,,,,,,助手,,踱步,B/H,飛機場 踱步 (助手)
H388,10/12/2024,踱步,從化,內圈,從化 內圈,,,,,,助手,,快踱一圈,B/H,內圈 快踱一圈 (助手)
H388,09/12/2024,踱步,從化,內圈,從化 內圈,,,,,,助手,,倒快兩圈,B/H,內圈 倒快兩圈 (助手)
H388,08/12/2024,快操,從化,全天候,從化 全天候,,56.8,56.8,31.0 25.8,,助手,,怡心聲,B/H,31.0 25.8 (56.8) (助手) 怡心聲
H388,08/12/2024,踱步,從化,飛機場,從化 飛機場,,,,,,助手,,踱步,B/H,飛機場 踱步 (助手)
H388,07/12/2024,踱步,從化,內圈,從化 內圈,,,,,,助手,,快踱一圈,B/H,內圈 快踱一圈 (助手)
H388,06/12/2024,踱步,從化,內圈,從化 內圈,,,,,,助手,,快踱一圈,H,內圈 快踱一圈 (助手)
H388,05/12/2024,踱步,從化,內圈,從化 內圈,,,,,,助手,,倒快一圈,B,內圈 倒快一圈 (助手)
H388,04/12/2024,踱步,從化,內圈,從化 內圈,,,,,,助手,,快踱一圈,B,內圈 快踱一圈 (助手)
H388,03/12/2024,踱步,從化,飛機場,從化 飛機場,,,,,,助手,,踱步,,飛機場 踱步 (助手)
H388,02/12/2024,踱步,從化,飛機場,從化 飛機場,,,,,,助手,,踱步,,飛機場 踱步 (助手)
H388,28/11/2024,游水,從化,,從化,,,,,,,,游水,,
H388,28/11/2024,踱步,從化,內圈,從化 內圈,,,,,,助手,,倒快兩圈,H,內圈 倒快兩圈 (助手)
H388,27/11/2024,游水,從化,,從化,,,,,,,,游水,,
H388,27/11/2024,踱步,從化,內圈,從化 內圈,,,,,,助手,,快踱一圈,B,內圈 快踱一圈 (助手)
H388,26/11/2024,游水,從化,,從化,,,,,,,,游水,,
H388,26/11/2024,踱步,從化,內圈,從化 內圈,,,,,,助手,,快踱一圈,H,內圈 快踱一圈 (助手)
H388,25/11/2024,游水,從化,,從化,,,,,,,,游水,,
H388,25/11/2024,踱步,從化,內圈,從化 內圈,,,,,,助手,,倒快兩圈,H,內圈 倒快兩圈 (助手)
H388,24/11/2024,游水,從化,,從化,,,,,,,,游水,,
H388,24/11/2024,快操,從化,全天候,從化 全天候,,59.0,59.0,30.3 28.7,,助手,,快操,,30.3 28.7 (59.0) (助手)
H388,24/11/2024,踱步,從化,飛機場,從化 飛機場,,,,,,助手,,踱步,,飛機場 踱步 (助手)
H388,23/11/2024,游水,從化,,從化,,,,,,,,游水,,
H388,23/11/2024,踱步,從化,內圈,從化 內圈,,,,,,助手,,快踱一圈,B,內圈 快踱一圈 (助手)
H388,22/11/2024,游水,從化,,從化,,,,,,,,游水,,
H388,22/11/2024,踱步,從化,內圈,從化 內圈,,,,,,助手,,快踱一圈,,內圈 快踱一圈 (助手)
H388,21/11/2024,游水,從化,,從化,,,,,,,,游水,,
H388,21/11/2024,踱步,從化,內圈,從化 內圈,,,,,,助手,,倒快兩圈,,內圈 倒快兩圈 (助手)
H388,20/11/2024,游水,從化,,從化,,,,,,,,游水,,
H388,20/11/2024,踱步,從化,內圈,從化 內圈,,,,,,助手,,快踱一圈,,內圈 快踱一圈 (助手)
H388,19/11/2024,游水,從化,,從化,,,,,,,,游水,,
H388,19/11/2024,踱步,從化,內圈,從化 內圈,,,,,,助手,,快踱一圈,,內圈 快踱一圈 (助手)
H388,18/11/2024,游水,從化,,從化,,,,,,,,游水,,
H388,18/11/2024,踱步,從化,內圈,從化 內圈,,,,,,助手,,倒快兩圈,H,內圈 倒快兩圈 (助手)
H388,17/11/2024,游水,從化,,從化,,,,,,,,游水,,
H388,17/11/2024,踱步,從化,內圈,從化 內圈,,,,,,助手,,快踱一圈,B,內圈 快踱一圈 (助手)
H388,16/11/2024,游水,從化,,從化,,,,,,,,游水,,
H388,16/11/2024,踱步,從化,內圈,從化 內圈,,,,,,助手,,快踱一圈,B,內圈 快踱一圈 (助手)
H388,15/11/2024,游水,沙田,,沙田,,,,,,,,游水,,
H388,15/11/2024,踱步,沙田,內圈,沙田 內圈,,,,,,助手,,快踱一圈,PH,內圈 快踱一圈 (助手)
H388,09/11/2024,出賽,沙田,草地,沙田 草地,1600M,,,,,潘明輝,9/14,出賽,B,1600M (潘明輝) (9/14)
H388,09/11/2024,踱步,沙田,飛機場,沙田 飛機場,,,,,,助手,,踱步,H,飛機場 踱步 (助手)
H388,08/11/2024,游水,沙田,,沙田,,,,,,,,游水,,
H388,08/11/2024,踱步,沙田,內圈,沙田 內圈,,,,,,助手,,快踱一圈,B,內圈 快踱一圈 (助手)
H388,07/11/2024,游水,沙田,,沙田,,,,,,,,游水,,
H388,07/11/2024,踱步,沙田,內圈,沙田 內圈,,,,,,助手,,倒快兩圈,PH,內圈 倒快兩圈 (助手)
H388,06/11/2024,游水,沙田,,沙田,,,,,,,,游水,,
H388,06/11/2024,快操,沙田,全天候,沙田 全天候,,1.27.5,87.5,32.5 29.6 25.4,,助手,,鑽石寶寶,,32.5 29.6 25.4 (1.27.5) (助手) 鑽石寶寶
H388,06/11/2024,踱步,沙田,飛機場,沙田 飛機場,,,,,,助手,,踱步,,飛機場 踱步 (助手)
H388,05/11/2024,游水,沙田,,沙田,,,,,,,,游水,,
H388,05/11/2024,踱步,沙田,內圈,沙田 內圈,,,,,,助手,,快踱一圈,PH,內圈 快踱一圈 (助手)
H388,04/11/2024,游水,沙田,,沙田,,,,,,,,游水,,
H388,04/11/2024,踱步,沙田,內圈,沙田 內圈,,,,,,助手,,倒快兩圈,PH,內圈 倒快兩圈 (助手)
H388,03/11/2024,游水,沙田,,沙田,,,,,,,,游水,,
H388,03/11/2024,踱步,沙田,內圈,沙田 內圈,,,,,,助手,,快踱一圈,PH,內圈 快踱一圈 (助手)
H388,02/11/2024,游水,沙田,,沙田,,,,,,,,游水,,
H388,02/11/2024,踱步,沙田,內圈,沙田 內圈,,,,,,助手,,快踱一圈,PH,內圈 快踱一圈 (助手)
H388,01/11/2024,游水,沙田,,沙田,,,,,,,,游水,,
H388,01/11/2024,踱步,沙田,內圈,沙田 內圈,,,,,,助手,,快踱一圈,PH,內圈 快踱一圈 (助手)
H388,31/10/2024,游水,沙田,,沙田,,,,,,,,游水,,
H388,31/10/2024,踱步,沙田,內圈,沙田 內圈,,,,,,助手,,倒快一圈,PH,內圈 倒快一圈 (助手)
H388,27/10/2024,出賽,跑馬地,草地,跑馬地 草地,1800M,,,,,艾道拿,10/11,出賽,B,1800M (艾道拿) (10/11)
H388,26/10/2024,游水,沙田,,沙田,,,,,,,,游水,,
H388,26/10/2024,踱步,沙田,內圈,沙田 內圈,,,,,,助手,,快踱一圈,PH,內圈 快踱一圈 (助手)
H388,25/10/2024,游水,沙田,,沙田,,,,,,,,游水,,
H388,25/10/2024,踱步,沙田,內圈,沙田 內圈,,,,,,助手,,快踱一圈,H,內圈 快踱一圈 (助手)
H388,24/10/2024,游水,沙田,,沙田,,,,,,,,游水,,
H388,24/10/2024,快操,沙田,草地,沙田 草地,,51.6,51.6,28.8 22.8,,助手,,快操,H,28.8 22.8 (51.6) (助手)
H388,23/10/2024,游水,沙田,,沙田,,,,,,,,游水,,
H388,23/10/2024,踱步,沙田,內圈,沙田 內圈,,,,,,助手,,快踱一圈,PH,內圈 快踱一圈 (助手)
H388,22/10/2024,游水,沙田,,沙田,,,,,,,,游水,,
H388,22/10/2024,踱步,沙田,內圈,沙田 內圈,,,,,,助手,,快踱一圈,H,內圈 快踱一圈 (助手)
H388,21/10/2024,游水,沙田,,沙田,,,,,,,,游水,,
H388,21/10/2024,踱步,沙田,內圈,沙田 內圈,,,,,,助手,,倒快兩圈,PH,內圈 倒快兩圈 (助手)
H388,20/10/2024,游水,沙田,,沙田,,,,,,,,游水,,
H388,20/10/2024,踱步,沙田,內圈,沙田 內圈,,,,,,助手,,快踱一圈,B,內圈 快踱一圈 (助手)
H388,19/10/2024,游水,沙田,,沙田,,,,,,,,游水,,
H388,19/10/2024,踱步,沙田,內圈,沙田 內圈,,,,,,助手,,快踱一圈,H,內圈 快踱一圈 (助手)
H388,18/10/2024,游水,沙田,,沙田,,,,,,,,游水,,
H388,18/10/2024,踱步,沙田,內圈,沙田 內圈,,,,,,助手,,快踱一圈,H,內圈 快踱一圈 (助手)
H388,17/10/2024,游水,沙田,,沙田,,,,,,,,游水,,
H388,17/10/2024,踱步,沙田,飛機場,沙田 飛機場,,,,,,助手,,踱步,B,飛機場 踱步 (助手)
H388,15/10/2024,試閘,沙田,草地,沙田 草地,1600M,1.36.97,96.97,23.0 23.8 26.4 23.7,優才,艾道拿,,第9組,,第9組 (艾道拿) 1600M 優才 23.0 23.8 26.4 23.7 (1.36.97)
H388,14/10/2024,游水,沙田,,沙田,,,,,,,,游水,,
H388,14/10/2024,踱步,沙田,內圈,沙田 內圈,,,,,,助手,,倒快兩圈,H,內圈 倒快兩圈 (助手)
H388,13/10/2024,游水,沙田,,沙田,,,,,,,,游水,,
H388,13/10/2024,快操,沙田,全天候,沙田 全天候,,26.7,26.7,26.7,,助手,,生生勝利,H,26.7 (26.7) (助手) 生生勝利
H388,13/10/2024,踱步,沙田,飛機場,沙田 飛機場,,,,,,助手,,踱步,H,飛機場 踱步 (助手)
H388,12/10/2024,游水,沙田,,沙田,,,,,,,,游水,,
H388,12/10/2024,踱步,沙田,內圈,沙田 內圈,,,,,,助手,,快踱一圈,H,內圈 快踱一圈 (助手)
H388,11/10/2024,游水,沙田,,沙田,,,,,,,,游水,,
H388,11/10/2024,踱步,沙田,內圈,沙田 內圈,,,,,,助手,,快踱一圈,H,內圈 快踱一圈 (助手)
H388,10/10/2024,游水,沙田,,沙田,,,,,,,,游水,,
H388,10/10/2024,快操,沙田,全天候,沙田 全天候,,56.7,56.7,30.3 26.4,,助手,,快操,,30.3 26.4 (56.7) (助手)
H388,10/10/2024,踱步,沙田,飛機場,沙田 飛機場,,,,,,助手,,踱步,,飛機場 踱步 (助手)
H388,09/10/2024,游水,沙田,,沙田,,,,,,,,游水,,
H388,09/10/2024,踱步,沙田,內圈,沙田 內圈,,,,,,助手,,快踱一圈,H,內圈 快踱一圈 (助手)
H388,08/10/2024,游水,沙田,,沙田,,,,,,,,游水,,
H388,08/10/2024,踱步,沙田,內圈,沙田 內圈,,,,,,助手,,快踱一圈,H,內圈 快踱一圈 (助手)
H388,07/10/2024,游水,沙田,,沙田,,,,,,,,游水,,
H388,07/10/2024,踱步,沙田,內圈,沙田 內圈,,,,,,助手,,倒快兩圈,H,內圈 倒快兩圈 (助手)
H388,06/10/2024,游水,沙田,,沙田,,,,,,,,游水,,
H388,06/10/2024,踱步,沙田,內圈,沙田 內圈,,,,,,助手,,快踱一圈,B,內圈 快踱一圈 (助手)
H388,05/10/2024,游水,沙田,,沙田,,,,,,,,游水,,
H388,05/10/2024,踱步,沙田,內圈,沙田 內圈,,,,,,助手,,快踱一圈,H,內圈 快踱一圈 (助手)
H388,04/10/2024,游水,沙田,,沙田,,,,,,,,游水,,
H388,04/10/2024,踱步,沙田,內圈,沙田 內圈,,,,,,助手,,快踱一圈,H,內圈 快踱一圈 (助手)
H388,03/10/2024,游水,沙田,,沙田,,,,,,,,游水,,
H388,03/10/2024,踱步,沙田,內圈,沙田 內圈,,,,,,助手,,倒快一圈,H,內圈 倒快一圈 (助手)
H388,02/10/2024,游水,沙田,,沙田,,,,,,,,游水,,
H388,02/10/2024,踱步,沙田,內圈,沙田 內圈,,,,,,助手,,快踱一圈,H,內圈 快踱一圈 (助手)
H388,01/10/2024,游水,沙田,,沙田,,,,,,,,游水,,
H388,28/09/2024,出賽,沙田,草地,沙田 草地,1600M,,,,,艾兆禮,11/13,出賽,B,1600M (艾兆禮) (11/13)
H388,28/09/2024,踱步,沙田,飛機場,沙田 飛機場,,,,,,助手,,踱步,H,飛機場 踱步 (助手)
H388,27/09/2024,游水,沙田,,沙田,,,,,,,,游水,,
H388,27/09/2024,踱步,沙田,飛機場,沙田 飛機場,,,,,,助手,,踱步,H,飛機場 踱步 (助手)
H388,26/09/2024,游水,沙田,,沙田,,,,,,,,游水,,
H388,26/09/2024,快操,沙田,草閘,沙田 草閘,,48.2,48.2,25.1 23.1,,助手,,欣樂人生,B,25.1 23.1 (48.2) (助手) 欣樂人生
H388,26/09/2024,踱步,沙田,飛機場,沙田 飛機場,,,,,,助手,,踱步,B,飛機場 踱步 (助手)
H388,25/09/2024,游水,沙田,,沙田,,,,,,,,游水,,
H388,25/09/2024,踱步,沙田,內圈,沙田 內圈,,,,,,助手,,快踱一圈,BH,內圈 快踱一圈 (助手)
H388,24/09/2024,游水,沙田,,沙田,,,,,,,,游水,,
H388,24/09/2024,踱步,沙田,內圈,沙田 內圈,,,,,,助手,,快踱一圈,PH,內圈 快踱一圈 (助手)
H388,23/09/2024,游水,沙田,,沙田,,,,,,,,游水,,
H388,23/09/2024,快操,沙田,草地,沙田 草地,,52.1,52.1,29.7 22.4,,助手,,心福,B,29.7 22.4 (52.1) (助手) 心福
H388,23/09/2024,踱步,沙田,飛機場,沙田 飛機場,,,,,,助手,,踱步,H,飛機場 踱步 (助手)
H388,22/09/2024,游水,沙田,,沙田,,,,,,,,游水,,
H388,22/09/2024,踱步,沙田,內圈,沙田 內圈,,,,,,助手,,快踱一圈,BH,內圈 快踱一圈 (助手)
H388,21/09/2024,游水,沙田,,沙田,,,,,,,,游水,,
H388,21/09/2024,踱步,沙田,內圈,沙田 內圈,,,,,,助手,,快踱一圈,PH,內圈 快踱一圈 (助手)
H388,20/09/2024,游水,沙田,,沙田,,,,,,,,游水,,
H388,20/09/2024,踱步,沙田,內圈,沙田 內圈,,,,,,助手,,快踱一圈,PH,內圈 快踱一圈 (助手)
H388,19/09/2024,游水,沙田,,沙田,,,,,,,,游水,,
H388,19/09/2024,踱步,沙田,內圈,沙田 內圈,,,,,,助手,,倒快兩圈,H,內圈 倒快兩圈 (助手)
H388,17/09/2024,試閘,沙田,草地,沙田 草地,1600M,1.37.20,97.2,23.4 23.2 26.8 23.8,風火恆雲,田泰安,,第8組,B,第8組 (田泰安) 1600M 風火恆雲 23.4 23.2 26.8 23.8 (1.37.20)
H388,16/09/2024,游水,沙田,,沙田,,,,,,,,游水,,
H388,16/09/2024,踱步,沙田,內圈,沙田 內圈,,,,,,助手,,倒快兩圈,H,內圈 倒快兩圈 (助手)
H388,15/09/2024,游水,沙田,,沙田,,,,,,,,游水,,
H388,15/09/2024,踱步,沙田,內圈,沙田 內圈,,,,,,助手,,快踱一圈,H,內圈 快踱一圈 (助手)
H388,14/09/2024,游水,沙田,,沙田,,,,,,,,游水,,
H388,14/09/2024,快操,沙田,全天候,沙田 全天候,,1.27.1,87.1,31.5 29.9 25.7,,助手,,快操,H,31.5 29.9 25.7 (1.27.1) (助手)
H388,14/09/2024,踱步,沙田,飛機場,沙田 飛機場,,,,,,助手,,踱步,,飛機場 踱步 (助手)
H388,13/09/2024,游水,沙田,,沙田,,,,,,,,游水,,
H388,13/09/2024,踱步,沙田,內圈,沙田 內圈,,,,,,助手,,快踱一圈,H,內圈 快踱一圈 (助手)
H388,12/09/2024,游水,沙田,,沙田,,,,,,,,游水,,
H388,12/09/2024,踱步,沙田,內圈,沙田 內圈,,,,,,助手,,倒快兩圈,PH,內圈 倒快兩圈 (助手)
H388,11/09/2024,游水,沙田,,沙田,,,,,,,,游水,,
H388,11/09/2024,快操,沙田,全天候,沙田 全天候,,55.7,55.7,30.0 25.7,,助手,,快操,,30.0 25.7 (55.7) (助手)
H388,11/09/2024,踱步,沙田,飛機場,沙田 飛機場,,,,,,助手,,踱步,,飛機場 踱步 (助手)
H388,10/09/2024,游水,沙田,,沙田,,,,,,,,游水,,
H388,10/09/2024,踱步,沙田,內圈,沙田 內圈,,,,,,助手,,快踱一圈,PH,內圈 快踱一圈 (助手)
H388,09/09/2024,游水,沙田,,沙田,,,,,,,,游水,,
H388,09/09/2024,踱步,沙田,內圈,沙田 內圈,,,,,,助手,,倒快兩圈,PH,內圈 倒快兩圈 (助手)
H388,08/09/2024,游水,沙田,,沙田,,,,,,,,游水,,
H388,08/09/2024,快操,沙田,全天候,沙田 全天候,,56.5,56.5,30.5 26.0,,助手,,快操,,30.5 26.0 (56.5) (助手)
H388,07/09/2024,游水,沙田,,沙田,,,,,,,,游水,,
H388,07/09/2024,踱步,沙田,內圈,沙田 內圈,,,,,,助手,,快踱一圈,H,內圈 快踱一圈 (助手)
H388,06/09/2024,游水,沙田,,沙田,,,,,,,,游水,,
H388,05/09/2024,游水,沙田,,沙田,,,,,,,,游水,,
H388,05/09/2024,踱步,沙田,內圈,沙田 內圈,,,,,,助手,,倒快兩圈,H,內圈 倒快兩圈 (助手)
H388,04/09/2024,游水,沙田,,沙田,,,,,,,,游水,,
H388,04/09/2024,快操,沙田,全天候,沙田 全天候,,1.00.1,60.1,31.9 28.2,,助手,,快操,H,31.9 28.2 (1.00.1) (助手)
H388,04/09/2024,踱步,沙田,飛機場,沙田 飛機場,,,,,,助手,,踱步,H,飛機場 踱步 (助手)
H388,03/09/2024,游水,沙田,,沙田,,,,,,,,游水,,
H388,03/09/2024,踱步,沙田,內圈,沙田 內圈,,,,,,助手,,快踱一圈,PH,內圈 快踱一圈 (助手)
H388,02/09/2024,游水,沙田,,沙田,,,,,,,,游水,,
H388,02/09/2024,踱步,沙田,內圈,沙田 內圈,,,,,,助手,,倒快兩圈,PH,內圈 倒快兩圈 (助手)
H388,01/09/2024,游水,沙田,,沙田,,,,,,,,游水,,
H388,01/09/2024,踱步,沙田,內圈,沙田 內圈,,,,,,助手,,快踱一圈,BH,內圈 快踱一圈 (助手)
H388,31/08/2024,游水,沙田,,沙田,,,,,,,,游水,,
H388,31/08/2024,快操,沙田,全天候,沙田 全天候,,54.7,54.7,28.5 26.2,,助手,,快操,H,28.5 26.2 (54.7) (助手)
H388,31/08/2024,踱步,沙田,飛機場,沙田 飛機場,,,,,,助手,,踱步,H,飛機場 踱步 (助手)
H388,30/08/2024,游水,沙田,,沙田,,,,,,,,游水,,
H388,30/08/2024,踱步,沙田,內圈,沙田 內圈,,,,,,助手,,快踱一圈,PH,內圈 快踱一圈 (助手)
H388,29/08/2024,游水,沙田,,沙田,,,,,,,,游水,,
H388,29/08/2024,踱步,沙田,內圈,沙田 內圈,,,,,,助手,,倒快兩圈,H,內圈 倒快兩圈 (助手)
H388,28/08/2024,游水,沙田,,沙田,,,,,,,,游水,,
H388,28/08/2024,快操,沙田,全天候,沙田 全天候,,54.9,54.9,28.0 26.9,,潘明輝,,快操,H,28.0 26.9 (54.9) (潘明輝)
H388,28/08/2024,踱步,沙田,飛機場,沙田 飛機場,,,,,,潘明輝,,踱步,H,飛機場 踱步 (潘明輝)
H388,27/08/2024,游水,沙田,,沙田,,,,,,,,游水,,
H388,27/08/2024,踱步,沙田,內圈,沙田 內圈,,,,,,助手,,快踱一圈,PH,內圈 快踱一圈 (助手)
H388,26/08/2024,游水,沙田,,沙田,,,,,,,,游水,,
H388,26/08/2024,踱步,沙田,內圈,沙田 內圈,,,,,,助手,,倒快兩圈,PH,內圈 倒快兩圈 (助手)
H388,25/08/2024,游水,沙田,,沙田,,,,,,,,游水,,
H388,25/08/2024,快操,沙田,全天候,沙田 全天候,,1.00.2,60.2,31.2 29.0,,助手,,快操,H,31.2 29.0 (1.00.2) (助手)
H388,25/08/2024,踱步,沙田,飛機場,沙田 飛機場,,,,,,助手,,踱步,H,飛機場 踱步 (助手)
H388,24/08/2024,游水,沙田,,沙田,,,,,,,,游水,,
H388,24/08/2024,踱步,沙田,內圈,沙田 內圈,,,,,,助手,,快踱一圈,PH,內圈 快踱一圈 (助手)
H388,23/08/2024,游水,沙田,,沙田,,,,,,,,游水,,
H388,23/08/2024,踱步,沙田,內圈,沙田 內圈,,,,,,助手,,快踱一圈,PH,內圈 快踱一圈 (助手)
H388,22/08/2024,游水,沙田,,沙田,,,,,,,,游水,,
H388,22/08/2024,踱步,沙田,內圈,沙田 內圈,,,,,,助手,,倒快兩圈,PH,內圈 倒快兩圈 (助手)
H388,21/08/2024,游水,沙田,,沙田,,,,,,,,游水,,
H388,21/08/2024,踱步,沙田,內圈,沙田 內圈,,,,,,助手,,快踱一圈,PH,內圈 快踱一圈 (助手)
H388,20/08/2024,游水,沙田,,沙田,,,,,,,,游水,,
H388,20/08/2024,踱步,沙田,內圈,沙田 內圈,,,,,,助手,,快踱一圈,PH,內圈 快踱一圈 (助手)
H388,19/08/2024,游水,沙田,,沙田,,,,,,,,游水,,
H388,19/08/2024,踱步,沙田,內圈,沙田 內圈,,,,,,助手,,倒快兩圈,H,內圈 倒快兩圈 (助手)
H388,18/08/2024,游水,沙田,,沙田,,,,,,,,游水,,
H388,18/08/2024,踱步,沙田,內圈,沙田 內圈,,,,,,助手,,快踱一圈,H,內圈 快踱一圈 (助手)
H388,17/08/2024,游水,沙田,,沙田,,,,,,,,游水,,
H388,17/08/2024,踱步,沙田,內圈,沙田 內圈,,,,,,助手,,快踱一圈,PH,內圈 快踱一圈 (助手)
H388,16/08/2024,游水,從化,,從化,,,,,,,,游水,,
H388,16/08/2024,踱步,從化,飛機場,從化 飛機場,,,,,,助手,,踱步,,飛機場 踱步 (助手)
H388,15/08/2024,游水,從化,,從化,,,,,,,,游水,,
H388,15/08/2024,踱步,從化,飛機場,從化 飛機場,,,,,,助手,,踱步,,飛機場 踱步 (助手)
H388,14/08/2024,游水,從化,,從化,,,,,,,,游水,,
H388,14/08/2024,踱步,從化,飛機場,從化 飛機場,,,,,,助手,,踱步,,飛機場 踱步 (助手)
H388,13/08/2024,游水,從化,,從化,,,,,,,,游水,,
H388,13/08/2024,踱步,從化,飛機場,從化 飛機場,,,,,,助手,,踱步,,飛機場 踱步 (助手)
H388,12/08/2024,游水,從化,,從化,,,,,,,,游水,,
H388,12/08/2024,踱步,從化,飛機場,從化 飛機場,,,,,,助手,,踱步,,飛機場 踱步 (助手)
H388,11/08/2024,游水,從化,,從化,,,,,,,,游水,,
H388,11/08/2024,踱步,從化,飛機場,從化 飛機場,,,,,,助手,,踱步,,飛機場 踱步 (助手)
H388,10/08/2024,游水,從化,,從化,,,,,,,,游水,,
H388,10/08/2024,踱步,從化,飛機場,從化 飛機場,,,,,,助手,,踱步,,飛機場 踱步 (助手)
H388,09/08/2024,游水,從化,,從化,,,,,,,,游水,,
H388,08/08/2024,游水,從化,,從化,,,,,,,,游水,,
H388,07/08/2024,游水,從化,,從化,,,,,,,,游水,,
H388,06/08/2024,游水,從化,,從化,,,,,,,,游水,,
H388,05/08/2024,游水,從化,,從化,,,,,,,,游水,,
H388,14/07/2024,出賽,沙田,草地,沙田 草地,1800M,,,,,田泰安,1/14,出賽,B,1800M (田泰安) (1/14)
H388,13/07/2024,游水,沙田,,沙田,,,,,,,,游水,,
H388,13/07/2024,踱步,沙田,內圈,沙田 內圈,,,,,,助手,,快踱一圈,BH,內圈 快踱一圈 (助手)
H388,12/07/2024,游水,沙田,,沙田,,,,,,,,游水,,
H388,12/07/2024,踱步,沙田,內圈,沙田 內圈,,,,,,助手,,快踱一圈,PH,內圈 快踱一圈 (助手)
H388,11/07/2024,游水,沙田,,沙田,,,,,,,,游水,,
H388,11/07/2024,快操,沙田,全天候,沙田 全天候,,55.8,55.8,30.5 25.3,,助手,,常拼常勇,,30.5 25.3 (55.8) (助手) 常拼常勇
H388,11/07/2024,踱步,沙田,飛機場,沙田 飛機場,,,,,,助手,,踱步,,飛機場 踱步 (助手)
H388,10/07/2024,游水,沙田,,沙田,,,,,,,,游水,,
H388,10/07/2024,踱步,沙田,內圈,沙田 內圈,,,,,,助手,,快踱一圈,H,內圈 快踱一圈 (助手)
H388,09/07/2024,游水,沙田,,沙田,,,,,,,,游水,,
H388,09/07/2024,踱步,沙田,內圈,沙田 內圈,,,,,,助手,,快踱一圈,H,內圈 快踱一圈 (助手)
H388,08/07/2024,游水,沙田,,沙田,,,,,,,,游水,,
H388,08/07/2024,踱步,沙田,內圈,沙田 內圈,,,,,,助手,,倒快兩圈,H,內圈 倒快兩圈 (助手)
H388,07/07/2024,游水,沙田,,沙田,,,,,,,,游水,,
H388,06/07/2024,游水,沙田,,沙田,,,,,,,,游水,,
H388,06/07/2024,快操,沙田,全天候,沙田 全天候,,55.1,55.1,29.3 25.8,,助手,,你知我拼,,29.3 25.8 (55.1) (助手) 你知我拼
H388,06/07/2024,踱步,沙田,飛機場,沙田 飛機場,,,,,,助手,,踱步,,飛機場 踱步 (助手)
H388,05/07/2024,游水,沙田,,沙田,,,,,,,,游水,,
H388,05/07/2024,踱步,沙田,內圈,沙田 內圈,,,,,,助手,,快踱一圈,H,內圈 快踱一圈 (助手)
H388,04/07/2024,游水,沙田,,沙田,,,,,,,,游水,,
H388,04/07/2024,踱步,沙田,內圈,沙田 內圈,,,,,,助手,,倒快兩圈,H,內圈 倒快兩圈 (助手)
H388,03/07/2024,游水,沙田,,沙田,,,,,,,,游水,,
H388,03/07/2024,快操,沙田,全天候,沙田 全天候,,52.8,52.8,27.6 25.2,,助手,,駿奕快車,H,27.6 25.2 (52.8) (助手) 駿奕快車
H388,03/07/2024,踱步,沙田,飛機場,沙田 飛機場,,,,,,助手,,踱步,H,飛機場 踱步 (助手)
H388,02/07/2024,游水,沙田,,沙田,,,,,,,,游水,,
H388,02/07/2024,踱步,沙田,內圈,沙田 內圈,,,,,,助手,,快踱一圈,H,內圈 快踱一圈 (助手)
H388,01/07/2024,游水,沙田,,沙田,,,,,,,,游水,,
H388,01/07/2024,踱步,沙田,內圈,沙田 內圈,,,,,,助手,,倒快兩圈,H,內圈 倒快兩圈 (助手)
H388,30/06/2024,游水,沙田,,沙田,,,,,,,,游水,,
H388,30/06/2024,踱步,沙田,內圈,沙田 內圈,,,,,,助手,,快踱一圈,H,內圈 快踱一圈 (助手)
H388,29/06/2024,游水,沙田,,沙田,,,,,,,,游水,,
H388,29/06/2024,踱步,沙田,內圈,沙田 內圈,,,,,,助手,,快踱一圈,H,內圈 快踱一圈 (助手)
H388,28/06/2024,游水,沙田,,沙田,,,,,,,,游水,,
H388,28/06/2024,踱步,沙田,內圈,沙田 內圈,,,,,,助手,,快踱一圈,PH,內圈 快踱一圈 (助手)
H388,23/06/2024,出賽,沙田,草地,沙田 草地,1800M,,,,,潘明輝,3/14,出賽,B,1800M (潘明輝) (3/14)
H388,23/06/2024,踱步,沙田,飛機場,沙田 飛機場,,,,,,助手,,踱步,,飛機場 踱步 (助手)
H388,22/06/2024,游水,沙田,,沙田,,,,,,,,游水,,
H388,22/06/2024,踱步,沙田,內圈,沙田 內圈,,,,,,助手,,快踱一圈,BH,內圈 快踱一圈 (助手)
H388,21/06/2024,游水,沙田,,沙田,,,,,,,,游水,,
H388,21/06/2024,踱步,沙田,內圈,沙田 內圈,,,,,,助手,,快踱一圈,PH,內圈 快踱一圈 (助手)
H388,20/06/2024,游水,沙田,,沙田,,,,,,,,游水,,
H388,20/06/2024,快操,沙田,全天候,沙田 全天候,,55.9,55.9,29.1 26.8,,助手,,快操,,29.1 26.8 (55.9) (助手)
H388,20/06/2024,踱步,沙田,飛機場,沙田 飛機場,,,,,,助手,,踱步,,飛機場 踱步 (助手)
H388,19/06/2024,游水,沙田,,沙田,,,,,,,,游水,,
H388,19/06/2024,踱步,沙田,內圈,沙田 內圈,,,,,,助手,,快踱一圈,HB,內圈 快踱一圈 (助手)
H388,18/06/2024,游水,沙田,,沙田,,,,,,,,游水,,
H388,18/06/2024,踱步,沙田,內圈,沙田 內圈,,,,,,助手,,快踱一圈,H,內圈 快踱一圈 (助手)
H388,17/06/2024,游水,沙田,,沙田,,,,,,,,游水,,
H388,17/06/2024,快操,沙田,全天候,沙田 全天候,,1.28.0,88.0,32.6 29.6 25.8,,助手,,快操,,32.6 29.6 25.8 (1.28.0) (助手)
H388,17/06/2024,踱步,沙田,飛機場,沙田 飛機場,,,,,,助手,,踱步,,飛機場 踱步 (助手)
H388,16/06/2024,游水,沙田,,沙田,,,,,,,,游水,,
H388,16/06/2024,踱步,沙田,內圈,沙田 內圈,,,,,,助手,,快踱一圈,PH,內圈 快踱一圈 (助手)
H388,15/06/2024,游水,沙田,,沙田,,,,,,,,游水,,
H388,15/06/2024,踱步,沙田,內圈,沙田 內圈,,,,,,助手,,快踱一圈,PH,內圈 快踱一圈 (助手)
H388,14/06/2024,游水,沙田,,沙田,,,,,,,,游水,,
H388,14/06/2024,踱步,沙田,內圈,沙田 內圈,,,,,,助手,,快踱一圈,H,內圈 快踱一圈 (助手)
H388,13/06/2024,游水,沙田,,沙田,,,,,,,,游水,,
H388,13/06/2024,踱步,沙田,內圈,沙田 內圈,,,,,,助手,,倒快兩圈,H,內圈 倒快兩圈 (助手)
H388,11/06/2024,試閘,沙田,全天候,沙田 全天候,1200M,1.10.29,70.29,24.9 22.9 22.4,壯志凌雲,潘明輝,,第1組,CP,第1組 (潘明輝) 1200M 壯志凌雲 24.9 22.9 22.4 (1.10.29)
H388,10/06/2024,游水,沙田,,沙田,,,,,,,,游水,,
H388,10/06/2024,踱步,沙田,內圈,沙田 內圈,,,,,,助手,,倒快兩圈,H,內圈 倒快兩圈 (助手)
H388,09/06/2024,游水,沙田,,沙田,,,,,,,,游水,,
H388,09/06/2024,踱步,沙田,內圈,沙田 內圈,,,,,,助手,,快踱兩圈,PH,內圈 快踱兩圈 (助手)
H388,08/06/2024,游水,沙田,,沙田,,,,,,,,游水,,
H388,08/06/2024,踱步,沙田,內圈,沙田 內圈,,,,,,助手,,快踱一圈,PH,內圈 快踱一圈 (助手)
H388,07/06/2024,游水,沙田,,沙田,,,,,,,,游水,,
H388,07/06/2024,快操,沙田,全天候,沙田 全天候,,56.6,56.6,29.6 27.0,,潘明輝,,快操,H,29.6 27.0 (56.6) (潘明輝)
H388,07/06/2024,踱步,沙田,飛機場,沙田 飛機場,,,,,,潘明輝,,踱步,H,飛機場 踱步 (潘明輝)
H388,06/06/2024,游水,沙田,,沙田,,,,,,,,游水,,
H388,06/06/2024,踱步,沙田,內圈,沙田 內圈,,,,,,助手,,倒快兩圈,H,內圈 倒快兩圈 (助手)
H388,05/06/2024,游水,沙田,,沙田,,,,,,,,游水,,
H388,05/06/2024,踱步,沙田,內圈,沙田 內圈,,,,,,助手,,快踱一圈,H,內圈 快踱一圈 (助手)
H388,04/06/2024,游水,沙田,,沙田,,,,,,,,游水,,
H388,04/06/2024,快操,沙田,全天候,沙田 全天候,,57.1,57.1,30.5 26.6,,助手,,快操,H,30.5 26.6 (57.1) (助手)
H388,03/06/2024,游水,沙田,,沙田,,,,,,,,游水,,
H388,03/06/2024,踱步,沙田,內圈,沙田 內圈,,,,,,助手,,倒快兩圈,H,內圈 倒快兩圈 (助手)
H388,02/06/2024,游水,沙田,,沙田,,,,,,,,游水,,
H388,02/06/2024,踱步,沙田,內圈,沙田 內圈,,,,,,助手,,快踱一圈,H,內圈 快踱一圈 (助手)
H388,01/06/2024,游水,沙田,,沙田,,,,,,,,游水,,
H388,01/06/2024,踱步,沙田,內圈,沙田 內圈,,,,,,助手,,快踱一圈,H,內圈 快踱一圈 (助手)
H388,31/05/2024,游水,沙田,,沙田,,,,,,,,游水,,
H388,31/05/2024,快操,沙田,全天候,沙田 全天候,,56.0,56.0,29.6 26.4,,助手,,快操,H,29.6 26.4 (56.0) (助手)
H388,31/05/2024,踱步,沙田,飛機場,沙田 飛機場,,,,,,助手,,踱步,H,飛機場 踱步 (助手)
H388,30/05/2024,游水,沙田,,沙田,,,,,,,,游水,,
H388,30/05/2024,踱步,沙田,內圈,沙田 內圈,,,,,,助手,,倒快兩圈,H,內圈 倒快兩圈 (助手)
H388,29/05/2024,游水,沙田,,沙田,,,,,,,,游水,,
H388,29/05/2024,踱步,沙田,內圈,沙田 內圈,,,,,,助手,,快踱一圈,H,內圈 快踱一圈 (助手)
H388,28/05/2024,游水,沙田,,沙田,,,,,,,,游水,,
H388,28/05/2024,快操,沙田,全天候,沙田 全天候,,56.6,56.6,30.4 26.2,,助手,,快操,H,30.4 26.2 (56.6) (助手)
H388,28/05/2024,踱步,沙田,飛機場,沙田 飛機場,,,,,,助手,,踱步,H,飛機場 踱步 (助手)
H388,27/05/2024,游水,沙田,,沙田,,,,,,,,游水,,
H388,27/05/2024,踱步,沙田,內圈,沙田 內圈,,,,,,助手,,倒快兩圈,H,內圈 倒快兩圈 (助手)
H388,26/05/2024,游水,沙田,,沙田,,,,,,,,游水,,
H388,26/05/2024,踱步,沙田,內圈,沙田 內圈,,,,,,助手,,快踱一圈,BH,內圈 快踱一圈 (助手)
H388,25/05/2024,游水,沙田,,沙田,,,,,,,,游水,,
H388,25/05/2024,踱步,沙田,內圈,沙田 內圈,,,,,,助手,,快踱一圈,BH,內圈 快踱一圈 (助手)
H388,24/05/2024,游水,沙田,,沙田,,,,,,,,游水,,
H388,24/05/2024,踱步,沙田,內圈,沙田 內圈,,,,,,助手,,快踱一圈,BH,內圈 快踱一圈 (助手)
H388,23/05/2024,游水,沙田,,沙田,,,,,,,,游水,,
H388,23/05/2024,踱步,沙田,內圈,沙田 內圈,,,,,,助手,,倒快一圈,H,內圈 倒快一圈 (助手)
H388,22/05/2024,游水,沙田,,沙田,,,,,,,,游水,,
H388,19/05/2024,出賽,沙田,草地,沙田 草地,1400M,,,,,艾道拿,4/14,出賽,B,1400M (艾道拿) (4/14)
H388,19/05/2024,踱步,沙田,飛機場,沙田 飛機場,,,,,,助手,,踱步,H,飛機場 踱步 (助手)
H388,18/05/2024,游水,沙田,,沙田,,,,,,,,游水,,
H388,18/05/2024,踱步,沙田,內圈,沙田 內圈,,,,,,助手,,快踱一圈,BH,內圈 快踱一圈 (助手)
H388,17/05/2024,游水,沙田,,沙田,,,,,,,,游水,,
H388,17/05/2024,快操,沙田,全天候,沙田 全天候,,55.7,55.7,29.6 26.1,,助手,,快操,H,29.6 26.1 (55.7) (助手)
H388,16/05/2024,游水,沙田,,沙田,,,,,,,,游水,,
H388,16/05/2024,踱步,沙田,內圈,沙田 內圈,,,,,,助手,,倒快兩圈,H,內圈 倒快兩圈 (助手)
H388,15/05/2024,游水,沙田,,沙田,,,,,,,,游水,,
H388,15/05/2024,踱步,沙田,內圈,沙田 內圈,,,,,,助手,,快踱一圈,HB,內圈 快踱一圈 (助手)
H388,14/05/2024,游水,沙田,,沙田,,,,,,,,游水,,
H388,14/05/2024,快操,沙田,全天候,沙田 全天候,,56.1,56.1,29.4 26.7,,助手,,快操,H,29.4 26.7 (56.1) (助手)
H388,14/05/2024,踱步,沙田,飛機場,沙田 飛機場,,,,,,助手,,踱步,H,飛機場 踱步 (助手)
H388,13/05/2024,游水,沙田,,沙田,,,,,,,,游水,,
H388,13/05/2024,踱步,沙田,內圈,沙田 內圈,,,,,,助手,,倒快兩圈,H,內圈 倒快兩圈 (助手)
H388,12/05/2024,游水,沙田,,沙田,,,,,,,,游水,,
H388,12/05/2024,踱步,沙田,內圈,沙田 內圈,,,,,,助手,,快踱一圈,BH,內圈 快踱一圈 (助手)
H388,11/05/2024,游水,沙田,,沙田,,,,,,,,游水,,
H388,10/05/2024,游水,沙田,,沙田,,,,,,,,游水,,
H388,10/05/2024,快操,沙田,全天候,沙田 全天候,,55.7,55.7,29.3 26.4,,助手,,快操,H,29.3 26.4 (55.7) (助手)
H388,10/05/2024,踱步,沙田,飛機場,沙田 飛機場,,,,,,助手,,踱步,H,飛機場 踱步 (助手)
H388,09/05/2024,游水,沙田,,沙田,,,,,,,,游水,,
H388,09/05/2024,踱步,沙田,內圈,沙田 內圈,,,,,,助手,,倒快兩圈,H,內圈 倒快兩圈 (助手)
H388,08/05/2024,游水,沙田,,沙田,,,,,,,,游水,,
H388,08/05/2024,踱步,沙田,內圈,沙田 內圈,,,,,,助手,,快踱一圈,HB,內圈 快踱一圈 (助手)
H388,07/05/2024,游水,沙田,,沙田,,,,,,,,游水,,
H388,06/05/2024,游水,沙田,,沙田,,,,,,,,游水,,
H388,06/05/2024,踱步,沙田,內圈,沙田 內圈,,,,,,助手,,倒快一圈,H,內圈 倒快一圈 (助手)
H388,05/05/2024,游水,沙田,,沙田,,,,,,,,游水,,
H388,05/05/2024,踱步,沙田,飛機場,沙田 飛機場,,,,,,助手,,踱步,H,飛機場 踱步 (助手)
H388,04/05/2024,游水,沙田,,沙田,,,,,,,,游水,,
H388,01/05/2024,出賽,跑馬地,草地,跑馬地 草地,1650M,,,,,班德禮,6/12,出賽,B,1650M (班德禮) (6/12)
H388,01/05/2024,踱步,沙田,飛機場,沙田 飛機場,,,,,,助手,,踱步,H,飛機場 踱步 (助手)
H388,30/04/2024,游水,沙田,,沙田,,,,,,,,游水,,
H388,30/04/2024,踱步,沙田,內圈,沙田 內圈,,,,,,助手,,快踱一圈,BH,內圈 快踱一圈 (助手)
H388,29/04/2024,游水,沙田,,沙田,,,,,,,,游水,,
H388,29/04/2024,踱步,沙田,內圈,沙田 內圈,,,,,,助手,,倒快一圈,H,內圈 倒快一圈 (助手)
H388,28/04/2024,游水,沙田,,沙田,,,,,,,,游水,,
H388,28/04/2024,快操,沙田,全天候,沙田 全天候,,1.27.9,87.9,31.4 29.5 27.0,,助手,,快操,H,31.4 29.5 27.0 (1.27.9) (助手)
H388,28/04/2024,踱步,沙田,飛機場,沙田 飛機場,,,,,,助手,,踱步,H,飛機場 踱步 (助手)
H388,27/04/2024,游水,沙田,,沙田,,,,,,,,游水,,
H388,27/04/2024,踱步,沙田,內圈,沙田 內圈,,,,,,助手,,快踱一圈,BH,內圈 快踱一圈 (助手)
H388,26/04/2024,游水,沙田,,沙田,,,,,,,,游水,,
H388,26/04/2024,踱步,沙田,內圈,沙田 內圈,,,,,,助手,,快踱一圈,H,內圈 快踱一圈 (助手)
H388,25/04/2024,游水,沙田,,沙田,,,,,,,,游水,,
H388,25/04/2024,快操,沙田,全天候,沙田 全天候,,55.8,55.8,29.5 26.3,,助手,,快操,H,29.5 26.3 (55.8) (助手)
H388,25/04/2024,踱步,沙田,飛機場,沙田 飛機場,,,,,,助手,,踱步,H,飛機場 踱步 (助手)
H388,24/04/2024,游水,沙田,,沙田,,,,,,,,游水,,
H388,24/04/2024,踱步,沙田,內圈,沙田 內圈,,,,,,助手,,快踱一圈,HB,內圈 快踱一圈 (助手)
H388,23/04/2024,游水,沙田,,沙田,,,,,,,,游水,,
H388,23/04/2024,踱步,沙田,內圈,沙田 內圈,,,,,,助手,,快踱一圈,HB,內圈 快踱一圈 (助手)
H388,22/04/2024,游水,沙田,,沙田,,,,,,,,游水,,
H388,22/04/2024,踱步,沙田,內圈,沙田 內圈,,,,,,助手,,倒快一圈,H,內圈 倒快一圈 (助手)
H388,21/04/2024,游水,沙田,,沙田,,,,,,,,游水,,
H388,21/04/2024,快操,沙田,全天候,沙田 全天候,,55.5,55.5,29.8 25.7,,助手,,快操,H,29.8 25.7 (55.5) (助手)
H388,21/04/2024,踱步,沙田,飛機場,沙田 飛機場,,,,,,助手,,踱步,H,飛機場 踱步 (助手)
H388,20/04/2024,游水,沙田,,沙田,,,,,,,,游水,,
H388,20/04/2024,踱步,沙田,內圈,沙田 內圈,,,,,,助手,,快踱一圈,H,內圈 快踱一圈 (助手)
H388,19/04/2024,游水,沙田,,沙田,,,,,,,,游水,,
H388,19/04/2024,踱步,沙田,內圈,沙田 內圈,,,,,,助手,,快踱一圈,H,內圈 快踱一圈 (助手)
H388,18/04/2024,游水,沙田,,沙田,,,,,,,,游水,,
H388,18/04/2024,踱步,沙田,內圈,沙田 內圈,,,,,,助手,,倒快兩圈,H,內圈 倒快兩圈 (助手)
H388,17/04/2024,游水,沙田,,沙田,,,,,,,,游水,,
H388,17/04/2024,快操,沙田,全天候,沙田 全天候,,56.2,56.2,30.5 25.7,,助手,,快操,H,30.5 25.7 (56.2) (助手)
H388,17/04/2024,踱步,沙田,飛機場,沙田 飛機場,,,,,,助手,,踱步,H,飛機場 踱步 (助手)
H388,16/04/2024,游水,沙田,,沙田,,,,,,,,游水,,
H388,16/04/2024,踱步,沙田,內圈,沙田 內圈,,,,,,助手,,快踱一圈,HP,內圈 快踱一圈 (助手)
H388,15/04/2024,游水,沙田,,沙田,,,,,,,,游水,,
H388,15/04/2024,踱步,沙田,內圈,沙田 內圈,,,,,,助手,,倒快一圈,H,內圈 倒快一圈 (助手)
H388,14/04/2024,踱步,沙田,內圈,沙田 內圈,,,,,,助手,,快踱一圈,PH,內圈 快踱一圈 (助手)
H388,13/04/2024,游水,沙田,,沙田,,,,,,,,游水,,
H388,13/04/2024,踱步,沙田,內圈,沙田 內圈,,,,,,助手,,快踱一圈,PH,內圈 快踱一圈 (助手)
H388,12/04/2024,游水,沙田,,沙田,,,,,,,,游水,,
H388,12/04/2024,踱步,沙田,內圈,沙田 內圈,,,,,,助手,,快踱一圈,H,內圈 快踱一圈 (助手)
H388,07/04/2024,出賽,沙田,草地,沙田 草地,1600M,,,,,潘明輝,4/14,出賽,B,1600M (潘明輝) (4/14)
H388,07/04/2024,踱步,沙田,飛機場,沙田 飛機場,,,,,,助手,,踱步,H,飛機場 踱步 (助手)
H388,06/04/2024,游水,沙田,,沙田,,,,,,,,游水,,
H388,06/04/2024,踱步,沙田,內圈,沙田 內圈,,,,,,助手,,快踱一圈,H,內圈 快踱一圈 (助手)
H388,05/04/2024,游水,沙田,,沙田,,,,,,,,游水,,
H388,05/04/2024,快操,沙田,全天候,沙田 全天候,,57.6,57.6,30.7 26.9,,助手,,快操,H,30.7 26.9 (57.6) (助手)
H388,05/04/2024,踱步,沙田,飛機場,沙田 飛機場,,,,,,助手,,踱步,H,飛機場 踱步 (助手)
H388,04/04/2024,游水,沙田,,沙田,,,,,,,,游水,,
H388,04/04/2024,踱步,沙田,內圈,沙田 內圈,,,,,,助手,,倒快兩圈,H,內圈 倒快兩圈 (助手)
H388,03/04/2024,游水,沙田,,沙田,,,,,,,,游水,,
H388,03/04/2024,踱步,沙田,內圈,沙田 內圈,,,,,,助手,,快踱一圈,H,內圈 快踱一圈 (助手)
H388,02/04/2024,游水,沙田,,沙田,,,,,,,,游水,,
H388,02/04/2024,快操,沙田,全天候,沙田 全天候,,56.3,56.3,29.9 26.4,,助手,,快操,H,29.9 26.4 (56.3) (助手)
H388,02/04/2024,踱步,沙田,飛機場,沙田 飛機場,,,,,,助手,,踱步,PH,飛機場 踱步 (助手)
H388,01/04/2024,游水,沙田,,沙田,,,,,,,,游水,,
H388,01/04/2024,踱步,沙田,內圈,沙田 內圈,,,,,,助手,,倒快兩圈,H,內圈 倒快兩圈 (助手)
H388,31/03/2024,游水,沙田,,沙田,,,,,,,,游水,,
H388,31/03/2024,踱步,沙田,內圈,沙田 內圈,,,,,,助手,,快踱一圈,H,內圈 快踱一圈 (助手)
H388,30/03/2024,游水,沙田,,沙田,,,,,,,,游水,,
H388,30/03/2024,踱步,沙田,內圈,沙田 內圈,,,,,,助手,,快踱一圈,H,內圈 快踱一圈 (助手)
H388,29/03/2024,游水,沙田,,沙田,,,,,,,,游水,,
H388,29/03/2024,踱步,沙田,內圈,沙田 內圈,,,,,,助手,,快踱一圈,H,內圈 快踱一圈 (助手)
H388,28/03/2024,游水,沙田,,沙田,,,,,,,,游水,,
H388,28/03/2024,踱步,沙田,內圈,沙田 內圈,,,,,,助手,,倒快一圈,H,內圈 倒快一圈 (助手)
H388,24/03/2024,出賽,沙田,草地,沙田 草地,1600M,,,,,布文,9/14,出賽,B,1600M (布文) (9/14)
H388,24/03/2024,踱步,沙田,飛機場,沙田 飛機場,,,,,,助手,,踱步,H,飛機場 踱步 (助手)
H388,23/03/2024,游水,沙田,,沙田,,,,,,,,游水,,
H388,23/03/2024,踱步,沙田,內圈,沙田 內圈,,,,,,助手,,快踱一圈,BH,內圈 快踱一圈 (助手)
H388,22/03/2024,游水,沙田,,沙田,,,,,,,,游水,,
H388,22/03/2024,踱步,沙田,內圈,沙田 內圈,,,,,,助手,,快踱一圈,H,內圈 快踱一圈 (助手)
H388,21/03/2024,游水,沙田,,沙田,,,,,,,,游水,,
H388,21/03/2024,踱步,沙田,內圈,沙田 內圈,,,,,,助手,,倒快兩圈,H,內圈 倒快兩圈 (助手)
H388,20/03/2024,游水,沙田,,沙田,,,,,,,,游水,,
H388,20/03/2024,踱步,沙田,內圈,沙田 內圈,,,,,,助手,,快踱一圈,H,內圈 快踱一圈 (助手)
H388,19/03/2024,游水,沙田,,沙田,,,,,,,,游水,,
H388,19/03/2024,踱步,沙田,內圈,沙田 內圈,,,,,,助手,,快踱一圈,HB,內圈 快踱一圈 (助手)
H388,18/03/2024,游水,沙田,,沙田,,,,,,,,游水,,
H388,18/03/2024,快操,沙田,草閘,沙田 草閘,,46.2,46.2,23.4 22.8,,助手,,無極勇將,,23.4 22.8 (46.2) (助手) 無極勇將
H388,18/03/2024,踱步,沙田,飛機場,沙田 飛機場,,,,,,助手,,踱步,,飛機場 踱步 (助手)
H388,17/03/2024,游水,沙田,,沙田,,,,,,,,游水,,
H388,17/03/2024,踱步,沙田,內圈,沙田 內圈,,,,,,助手,,快踱一圈,H,內圈 快踱一圈 (助手)
H388,16/03/2024,游水,沙田,,沙田,,,,,,,,游水,,
H388,16/03/2024,踱步,沙田,內圈,沙田 內圈,,,,,,助手,,快踱一圈,H,內圈 快踱一圈 (助手)
H388,15/03/2024,游水,沙田,,沙田,,,,,,,,游水,,
H388,15/03/2024,快操,沙田,全天候,沙田 全天候,,56.4,56.4,30.7 25.7,,助手,,快操,B,30.7 25.7 (56.4) (助手)
H388,15/03/2024,踱步,沙田,飛機場,沙田 飛機場,,,,,,助手,,踱步,B,飛機場 踱步 (助手)
H388,14/03/2024,游水,沙田,,沙田,,,,,,,,游水,,
H388,14/03/2024,踱步,沙田,內圈,沙田 內圈,,,,,,助手,,倒快一圈,H,內圈 倒快一圈 (助手)
H388,13/03/2024,游水,沙田,,沙田,,,,,,,,游水,,
H388,13/03/2024,踱步,沙田,內圈,沙田 內圈,,,,,,助手,,快踱一圈,PH,內圈 快踱一圈 (助手)
H388,12/03/2024,游水,沙田,,沙田,,,,,,,,游水,,
H388,12/03/2024,快操,沙田,全天候,沙田 全天候,,55.7,55.7,29.0 26.7,,助手,,快操,H,29.0 26.7 (55.7) (助手)
H388,12/03/2024,踱步,沙田,飛機場,沙田 飛機場,,,,,,助手,,踱步,H,飛機場 踱步 (助手)
H388,11/03/2024,游水,沙田,,沙田,,,,,,,,游水,,
H388,11/03/2024,踱步,沙田,內圈,沙田 內圈,,,,,,助手,,倒快兩圈,H,內圈 倒快兩圈 (助手)
H388,10/03/2024,游水,沙田,,沙田,,,,,,,,游水,,
H388,10/03/2024,踱步,沙田,內圈,沙田 內圈,,,,,,助手,,快踱一圈,H,內圈 快踱一圈 (助手)
H388,09/03/2024,游水,沙田,,沙田,,,,,,,,游水,,
H388,09/03/2024,踱步,沙田,內圈,沙田 內圈,,,,,,助手,,快踱一圈,HB,內圈 快踱一圈 (助手)
H388,08/03/2024,游水,沙田,,沙田,,,,,,,,游水,,
H388,08/03/2024,踱步,沙田,內圈,沙田 內圈,,,,,,助手,,快踱一圈,H,內圈 快踱一圈 (助手)
H388,07/03/2024,游水,沙田,,沙田,,,,,,,,游水,,
H388,07/03/2024,踱步,沙田,內圈,沙田 內圈,,,,,,助手,,倒快一圈,H,內圈 倒快一圈 (助手)
H388,05/03/2024,試閘,沙田,草地,沙田 草地,1600M,1.38.24,98.24,24.1 23.6 26.5 24.0,神煞金剛,布文,,第8組,,第8組 (布文) 1600M 神煞金剛 24.1 23.6 26.5 24.0 (1.38.24)
H388,04/03/2024,游水,沙田,,沙田,,,,,,,,游水,,
H388,04/03/2024,踱步,沙田,內圈,沙田 內圈,,,,,,助手,,倒快兩圈,H,內圈 倒快兩圈 (助手)
H388,03/03/2024,游水,沙田,,沙田,,,,,,,,游水,,
H388,02/03/2024,游水,沙田,,沙田,,,,,,,,游水,,
H388,02/03/2024,快操,沙田,全天候,沙田 全天候,,56.7,56.7,29.6 27.1,,助手,,快操,H,29.6 27.1 (56.7) (助手)
H388,01/03/2024,游水,沙田,,沙田,,,,,,,,游水,,
H388,29/02/2024,游水,沙田,,沙田,,,,,,,,游水,,
H388,28/02/2024,游水,沙田,,沙田,,,,,,,,游水,,
H388,28/02/2024,快操,沙田,全天候,沙田 全天候,,56.6,56.6,30.1 26.5,,助手,,快操,H,30.1 26.5 (56.6) (助手)
H388,27/02/2024,游水,沙田,,沙田,,,,,,,,游水,,
H388,27/02/2024,踱步,沙田,內圈,沙田 內圈,,,,,,助手,,快踱一圈,H,內圈 快踱一圈 (助手)
H388,26/02/2024,游水,沙田,,沙田,,,,,,,,游水,,
H388,26/02/2024,踱步,沙田,內圈,沙田 內圈,,,,,,助手,,倒快兩圈,H,內圈 倒快兩圈 (助手)
H388,25/02/2024,游水,沙田,,沙田,,,,,,,,游水,,
H388,25/02/2024,踱步,沙田,內圈,沙田 內圈,,,,,,助手,,快踱一圈,H,內圈 快踱一圈 (助手)
H388,24/02/2024,游水,沙田,,沙田,,,,,,,,游水,,
H388,24/02/2024,快操,沙田,全天候,沙田 全天候,,55.5,55.5,29.7 25.8,,助手,,快操,H,29.7 25.8 (55.5) (助手)
H388,24/02/2024,踱步,沙田,飛機場,沙田 飛機場,,,,,,助手,,踱步,H,飛機場 踱步 (助手)
H388,23/02/2024,游水,沙田,,沙田,,,,,,,,游水,,
H388,23/02/2024,踱步,沙田,內圈,沙田 內圈,,,,,,助手,,快踱一圈,H,內圈 快踱一圈 (助手)
H388,22/02/2024,游水,沙田,,沙田,,,,,,,,游水,,
H388,22/02/2024,踱步,沙田,內圈,沙田 內圈,,,,,,助手,,倒快兩圈,H,內圈 倒快兩圈 (助手)
H388,21/02/2024,游水,沙田,,沙田,,,,,,,,游水,,
H388,21/02/2024,踱步,沙田,內圈,沙田 內圈,,,,,,助手,,快踱一圈,H,內圈 快踱一圈 (助手)
H388,20/02/2024,游水,沙田,,沙田,,,,,,,,游水,,
H388,20/02/2024,踱步,沙田,內圈,沙田 內圈,,,,,,助手,,快踱一圈,H,內圈 快踱一圈 (助手)
H388,19/02/2024,游水,沙田,,沙田,,,,,,,,游水,,
H388,19/02/2024,踱步,沙田,內圈,沙田 內圈,,,,,,助手,,倒快一圈,H,內圈 倒快一圈 (助手)
H388,18/02/2024,游水,沙田,,沙田,,,,,,,,游水,,
H388,18/02/2024,踱步,沙田,內圈,沙田 內圈,,,,,,助手,,快踱一圈,PH,內圈 快踱一圈 (助手)
H388,17/02/2024,游水,沙田,,沙田,,,,,,,,游水,,
H388,17/02/2024,踱步,沙田,飛機場,沙田 飛機場,,,,,,助手,,踱步,H,飛機場 踱步 (助手)
H388,16/02/2024,游水,沙田,,沙田,,,,,,,,游水,,
H388,12/02/2024,出賽,沙田,草地,沙田 草地,1400M,,,,,潘明輝,3/13,出賽,B,1400M (潘明輝) (3/13)
H388,12/02/2024,踱步,沙田,飛機場,沙田 飛機場,,,,,,助手,,踱步,H,飛機場 踱步 (助手)
H388,11/02/2024,游水,沙田,,沙田,,,,,,,,游水,,
H388,11/02/2024,踱步,沙田,內圈,沙田 內圈,,,,,,助手,,快踱一圈,BH,內圈 快踱一圈 (助手)
H388,09/02/2024,游水,沙田,,沙田,,,,,,,,游水,,
H388,09/02/2024,快操,沙田,全天候,沙田 全天候,,55.9,55.9,28.8 27.1,,潘明輝,,快操,B,28.8 27.1 (55.9) (潘明輝)
H388,09/02/2024,踱步,沙田,飛機場,沙田 飛機場,,,,,,潘明輝,,踱步,H,飛機場 踱步 (潘明輝)
H388,08/02/2024,游水,沙田,,沙田,,,,,,,,游水,,
H388,08/02/2024,踱步,沙田,內圈,沙田 內圈,,,,,,助手,,倒快兩圈,H,內圈 倒快兩圈 (助手)
H388,07/02/2024,游水,沙田,,沙田,,,,,,,,游水,,
H388,07/02/2024,踱步,沙田,內圈,沙田 內圈,,,,,,助手,,快踱一圈,HP,內圈 快踱一圈 (助手)
H388,06/02/2024,游水,沙田,,沙田,,,,,,,,游水,,
H388,06/02/2024,踱步,沙田,內圈,沙田 內圈,,,,,,助手,,快踱一圈,HP,內圈 快踱一圈 (助手)
H388,05/02/2024,游水,沙田,,沙田,,,,,,,,游水,,
H388,05/02/2024,快操,沙田,草閘,沙田 草閘,,47.2,47.2,24.3 22.9,,潘明輝,,太陽拍檔,B,24.3 22.9 (47.2) (潘明輝) 太陽拍檔
H388,04/02/2024,游水,沙田,,沙田,,,,,,,,游水,,
H388,04/02/2024,踱步,沙田,內圈,沙田 內圈,,,,,,助手,,快踱一圈,H,內圈 快踱一圈 (助手)
H388,03/02/2024,游水,沙田,,沙田,,,,,,,,游水,,
H388,03/02/2024,踱步,沙田,內圈,沙田 內圈,,,,,,助手,,快踱一圈,H,內圈 快踱一圈 (助手)
H388,02/02/2024,游水,沙田,,沙田,,,,,,,,游水,,
H388,02/02/2024,快操,沙田,全天候,沙田 全天候,,53.3,53.3,28.2 25.1,,助手,,太陽拍檔,H,28.2 25.1 (53.3) (助手) 太陽拍檔
H388,02/02/2024,踱步,沙田,飛機場,沙田 飛機場,,,,,,助手,,踱步,H,飛機場 踱步 (助手)
H388,01/02/2024,游水,沙田,,沙田,,,,,,,,游水,,
H388,01/02/2024,踱步,沙田,內圈,沙田 內圈,,,,,,助手,,倒快兩圈,H,內圈 倒快兩圈 (助手)
H388,31/01/2024,游水,沙田,,沙田,,,,,,,,游水,,
H388,31/01/2024,踱步,沙田,內圈,沙田 內圈,,,,,,助手,,快踱一圈,H,內圈 快踱一圈 (助手)
H388,30/01/2024,游水,沙田,,沙田,,,,,,,,游水,,
H388,30/01/2024,踱步,沙田,內圈,沙田 內圈,,,,,,助手,,快踱一圈,H,內圈 快踱一圈 (助手)
H388,29/01/2024,游水,沙田,,沙田,,,,,,,,游水,,
H388,29/01/2024,踱步,沙田,內圈,沙田 內圈,,,,,,助手,,倒快兩圈,H,內圈 倒快兩圈 (助手)
H388,28/01/2024,游水,沙田,,沙田,,,,,,,,游水,,
H388,28/01/2024,快操,沙田,全天候,沙田 全天候,,56.8,56.8,29.8 27.0,,助手,,快操,H,29.8 27.0 (56.8) (助手)
H388,28/01/2024,踱步,沙田,飛機場,沙田 飛機場,,,,,,助手,,踱步,H,飛機場 踱步 (助手)
H388,27/01/2024,游水,沙田,,沙田,,,,,,,,游水,,
H388,27/01/2024,踱步,沙田,內圈,沙田 內圈,,,,,,助手,,快踱一圈,HB,內圈 快踱一圈 (助手)
H388,26/01/2024,游水,沙田,,沙田,,,,,,,,游水,,
H388,26/01/2024,踱步,沙田,內圈,沙田 內圈,,,,,,助手,,快踱一圈,HB,內圈 快踱一圈 (助手)
H388,25/01/2024,游水,沙田,,沙田,,,,,,,,游水,,
H388,25/01/2024,踱步,沙田,內圈,沙田 內圈,,,,,,助手,,倒快兩圈,H,內圈 倒快兩圈 (助手)
H388,24/01/2024,游水,沙田,,沙田,,,,,,,,游水,,
H388,24/01/2024,踱步,沙田,內圈,沙田 內圈,,,,,,助手,,快踱一圈,BH,內圈 快踱一圈 (助手)
H388,23/01/2024,游水,沙田,,沙田,,,,,,,,游水,,
H388,23/01/2024,快操,沙田,全天候,沙田 全天候,,55.2,55.2,30.2 25.0,,助手,,快操,H,30.2 25.0 (55.2) (助手)
H388,22/01/2024,游水,沙田,,沙田,,,,,,,,游水,,
H388,22/01/2024,踱步,沙田,內圈,沙田 內圈,,,,,,助手,,倒快兩圈,H,內圈 倒快兩圈 (助手)
H388,21/01/2024,游水,沙田,,沙田,,,,,,,,游水,,
H388,21/01/2024,踱步,沙田,內圈,沙田 內圈,,,,,,助手,,快踱一圈,H,內圈 快踱一圈 (助手)
H388,20/01/2024,游水,沙田,,沙田,,,,,,,,游水,,
H388,20/01/2024,踱步,沙田,內圈,沙田 內圈,,,,,,助手,,快踱一圈,H,內圈 快踱一圈 (助手)
H388,19/01/2024,游水,沙田,,沙田,,,,,,,,游水,,
H388,19/01/2024,踱步,沙田,內圈,沙田 內圈,,,,,,助手,,快踱一圈,H,內圈 快踱一圈 (助手)
H388,18/01/2024,游水,沙田,,沙田,,,,,,,,游水,,
H388,18/01/2024,踱步,沙田,內圈,沙田 內圈,,,,,,助手,,倒快一圈,H,內圈 倒快一圈 (助手)
H388,17/01/2024,游水,沙田,,沙田,,,,,,,,游水,,
H388,17/01/2024,踱步,沙田,飛機場,沙田 飛機場,,,,,,助手,,踱步,H,飛機場 踱步 (助手)
H388,16/01/2024,游水,沙田,,沙田,,,,,,,,游水,,
H388,13/01/2024,出賽,沙田,草地,沙田 草地,1400M,,,,,布文,1/14,出賽,B,1400M (布文) (1/14)
H388,13/01/2024,踱步,沙田,飛機場,沙田 飛機場,,,,,,助手,,踱步,H,飛機場 踱步 (助手)
H388,12/01/2024,游水,沙田,,沙田,,,,,,,,游水,,
H388,12/01/2024,踱步,沙田,內圈,沙田 內圈,,,,,,助手,,快踱一圈,H,內圈 快踱一圈 (助手)
H388,11/01/2024,游水,沙田,,沙田,,,,,,,,游水,,
H388,11/01/2024,快操,沙田,全天候,沙田 全天候,,54.4,54.4,28.9 25.5,,助手,,快操,H,28.9 25.5 (54.4) (助手)
H388,11/01/2024,踱步,沙田,飛機場,沙田 飛機場,,,,,,助手,,踱步,H,飛機場 踱步 (助手)
H388,10/01/2024,游水,沙田,,沙田,,,,,,,,游水,,
H388,10/01/2024,踱步,沙田,內圈,沙田 內圈,,,,,,助手,,快踱一圈,H,內圈 快踱一圈 (助手)
H388,09/01/2024,游水,沙田,,沙田,,,,,,,,游水,,
H388,09/01/2024,踱步,沙田,內圈,沙田 內圈,,,,,,助手,,快踱一圈,HB,內圈 快踱一圈 (助手)
H388,08/01/2024,游水,沙田,,沙田,,,,,,,,游水,,
H388,08/01/2024,快操,沙田,草閘,沙田 草閘,,50.8,50.8,26.5 24.3,,助手,,綠族威,B,26.5 24.3 (50.8) (助手) 綠族威
H388,08/01/2024,踱步,沙田,飛機場,沙田 飛機場,,,,,,助手,,踱步,B,飛機場 踱步 (助手)
H388,07/01/2024,游水,沙田,,沙田,,,,,,,,游水,,
H388,07/01/2024,踱步,沙田,內圈,沙田 內圈,,,,,,助手,,快踱一圈,H,內圈 快踱一圈 (助手)
H388,06/01/2024,游水,沙田,,沙田,,,,,,,,游水,,
H388,06/01/2024,踱步,沙田,內圈,沙田 內圈,,,,,,助手,,快踱一圈,PH,內圈 快踱一圈 (助手)
H388,05/01/2024,游水,沙田,,沙田,,,,,,,,游水,,
H388,05/01/2024,踱步,沙田,內圈,沙田 內圈,,,,,,助手,,快踱一圈,H,內圈 快踱一圈 (助手)
H388,04/01/2024,游水,沙田,,沙田,,,,,,,,游水,,
H388,04/01/2024,踱步,沙田,內圈,沙田 內圈,,,,,,助手,,倒快兩圈,H,內圈 倒快兩圈 (助手)
H388,03/01/2024,游水,沙田,,沙田,,,,,,,,游水,,
H388,03/01/2024,快操,沙田,全天候,沙田 全天候,,56.7,56.7,30.8 25.9,,助手,,快操,BH,30.8 25.9 (56.7) (助手)
H388,02/01/2024,游水,沙田,,沙田,,,,,,,,游水,,
H388,02/01/2024,踱步,沙田,內圈,沙田 內圈,,,,,,助手,,快踱一圈,H,內圈 快踱一圈 (助手)
H388,01/01/2024,游水,沙田,,沙田,,,,,,,,游水,,
H388,01/01/2024,踱步,沙田,內圈,沙田 內圈,,,,,,助手,,倒快兩圈,H,內圈 倒快兩圈 (助手)
H388,31/12/2023,游水,沙田,,沙田,,,,,,,,游水,,
H388,31/12/2023,快操,沙田,全天候,沙田 全天候,,55.2,55.2,29.8 25.4,,助手,,快操,H,29.8 25.4 (55.2) (助手)
H388,31/12/2023,踱步,沙田,飛機場,沙田 飛機場,,,,,,助手,,踱步,H,飛機場 踱步 (助手)
H388,30/12/2023,游水,沙田,,沙田,,,,,,,,游水,,
H388,30/12/2023,踱步,沙田,內圈,沙田 內圈,,,,,,助手,,快踱一圈,H,內圈 快踱一圈 (助手)
H388,29/12/2023,游水,沙田,,沙田,,,,,,,,游水,,
H388,29/12/2023,踱步,沙田,內圈,沙田 內圈,,,,,,助手,,快踱一圈,H,內圈 快踱一圈 (助手)
H388,28/12/2023,游水,沙田,,沙田,,,,,,,,游水,,
H388,28/12/2023,踱步,沙田,內圈,沙田 內圈,,,,,,助手,,倒快一圈,H,內圈 倒快一圈 (助手)
H388,27/12/2023,游水,沙田,,沙田,,,,,,,,游水,,
H388,27/12/2023,踱步,沙田,內圈,沙田 內圈,,,,,,助手,,快踱一圈,H,內圈 快踱一圈 (助手)
H388,26/12/2023,游水,沙田,,沙田,,,,,,,,游水,,
H388,23/12/2023,出賽,沙田,草地,沙田 草地,1400M,,,,,董明朗,6/14,出賽,XB-/B,1400M (董明朗) (6/14)
H388,23/12/2023,踱步,沙田,飛機場,沙田 飛機場,,,,,,助手,,踱步,H,飛機場 踱步 (助手)
H388,22/12/2023,游水,沙田,,沙田,,,,,,,,游水,,
H388,22/12/2023,踱步,沙田,內圈,沙田 內圈,,,,,,助手,,快踱一圈,H,內圈 快踱一圈 (助手)
H388,21/12/2023,游水,沙田,,沙田,,,,,,,,游水,,
H388,21/12/2023,踱步,沙田,內圈,沙田 內圈,,,,,,助手,,倒快兩圈,H,內圈 倒快兩圈 (助手)
H388,20/12/2023,游水,沙田,,沙田,,,,,,,,游水,,
H388,20/12/2023,快操,沙田,全天候,沙田 全天候,,1.28.8,88.8,33.6 28.5 26.7,,董明朗,,快操,H,33.6 28.5 26.7 (1.28.8) (董明朗)
H388,20/12/2023,踱步,沙田,飛機場,沙田 飛機場,,,,,,助手,,踱步,H,飛機場 踱步 (助手)
H388,19/12/2023,游水,沙田,,沙田,,,,,,,,游水,,
H388,19/12/2023,踱步,沙田,內圈,沙田 內圈,,,,,,助手,,快踱一圈,HB,內圈 快踱一圈 (助手)
H388,18/12/2023,游水,沙田,,沙田,,,,,,,,游水,,
H388,18/12/2023,踱步,沙田,內圈,沙田 內圈,,,,,,助手,,倒快兩圈,,內圈 倒快兩圈 (助手)
H388,17/12/2023,游水,沙田,,沙田,,,,,,,,游水,,
H388,17/12/2023,踱步,沙田,內圈,沙田 內圈,,,,,,助手,,快踱一圈,H,內圈 快踱一圈 (助手)
H388,16/12/2023,游水,沙田,,沙田,,,,,,,,游水,,
H388,16/12/2023,踱步,沙田,內圈,沙田 內圈,,,,,,助手,,快踱一圈,HP,內圈 快踱一圈 (助手)
H388,15/12/2023,游水,沙田,,沙田,,,,,,,,游水,,
H388,15/12/2023,踱步,沙田,內圈,沙田 內圈,,,,,,助手,,快踱一圈,HB,內圈 快踱一圈 (助手)
H388,14/12/2023,游水,沙田,,沙田,,,,,,,,游水,,
H388,13/12/2023,游水,沙田,,沙田,,,,,,,,游水,,
H388,12/12/2023,試閘,沙田,全天候,沙田 全天候,1200M,1.10.51,70.51,24.8 22.8 22.9,實力哥,董明朗,,第12組,B,第12組 (董明朗) 1200M 實力哥 24.8 22.8 22.9 (1.10.51)
H388,12/12/2023,游水,沙田,,沙田,,,,,,,,游水,,
H388,11/12/2023,游水,沙田,,沙田,,,,,,,,游水,,
H388,11/12/2023,踱步,沙田,內圈,沙田 內圈,,,,,,助手,,倒快兩圈,H,內圈 倒快兩圈 (助手)
H388,10/12/2023,游水,沙田,,沙田,,,,,,,,游水,,
H388,10/12/2023,踱步,沙田,內圈,沙田 內圈,,,,,,助手,,快踱一圈,BH,內圈 快踱一圈 (助手)
H388,09/12/2023,游水,沙田,,沙田,,,,,,,,游水,,
H388,09/12/2023,快操,沙田,全天候,沙田 全天候,,58.5,58.5,30.8 27.7,,助手,,世紀星達,BH,30.8 27.7 (58.5) (助手) 世紀星達
H388,08/12/2023,游水,沙田,,沙田,,,,,,,,游水,,
H388,08/12/2023,踱步,沙田,內圈,沙田 內圈,,,,,,助手,,快踱兩圈,H,內圈 快踱兩圈 (助手)
H388,07/12/2023,游水,沙田,,沙田,,,,,,,,游水,,
H388,07/12/2023,踱步,沙田,內圈,沙田 內圈,,,,,,助手,,倒快兩圈,H,內圈 倒快兩圈 (助手)
H388,06/12/2023,游水,沙田,,沙田,,,,,,,,游水,,
H388,06/12/2023,踱步,沙田,內圈,沙田 內圈,,,,,,助手,,快踱一圈,H,內圈 快踱一圈 (助手)
H388,05/12/2023,游水,沙田,,沙田,,,,,,,,游水,,
H388,05/12/2023,快操,沙田,全天候,沙田 全天候,,56.3,56.3,29.2 27.1,,助手,,快操,BH,29.2 27.1 (56.3) (助手)
H388,05/12/2023,踱步,沙田,飛機場,沙田 飛機場,,,,,,助手,,踱步,B,飛機場 踱步 (助手)
H388,04/12/2023,游水,沙田,,沙田,,,,,,,,游水,,
H388,04/12/2023,踱步,沙田,內圈,沙田 內圈,,,,,,助手,,倒快兩圈,H,內圈 倒快兩圈 (助手)
H388,03/12/2023,游水,沙田,,沙田,,,,,,,,游水,,
H388,03/12/2023,踱步,沙田,內圈,沙田 內圈,,,,,,助手,,快踱一圈,H,內圈 快踱一圈 (助手)
H388,02/12/2023,游水,沙田,,沙田,,,,,,,,游水,,
H388,02/12/2023,踱步,沙田,內圈,沙田 內圈,,,,,,助手,,快踱一圈,H,內圈 快踱一圈 (助手)
H388,01/12/2023,游水,沙田,,沙田,,,,,,,,游水,,
H388,01/12/2023,踱步,沙田,內圈,沙田 內圈,,,,,,助手,,快踱一圈,H,內圈 快踱一圈 (助手)
H388,30/11/2023,踱步,從化,飛機場,從化 飛機場,,,,,,助手,,踱步,BO/H,飛機場 踱步 (助手)
H388,29/11/2023,游水,從化,,從化,,,,,,,,游水,,
H388,29/11/2023,踱步,從化,內圈,從化 內圈,,,,,,助手,,快踱一圈,BO/H,內圈 快踱一圈 (助手)
H388,28/11/2023,游水,從化,,從化,,,,,,,,游水,,
H388,28/11/2023,踱步,從化,飛機場,從化 飛機場,,,,,,助手,,踱步,,飛機場 踱步 (助手)
H388,26/11/2023,快操,從化,全天候,從化 全天候,,55.6,55.6,29.4 26.2,,助手,,快操,H,29.4 26.2 (55.6) (助手)
H388,26/11/2023,踱步,從化,飛機場,從化 飛機場,,,,,,助手,,踱步,H,飛機場 踱步 (助手)
H388,25/11/2023,游水,從化,,從化,,,,,,,,游水,,
H388,25/11/2023,踱步,從化,內圈,從化 內圈,,,,,,助手,,快踱一圈,H,內圈 快踱一圈 (助手)
H388,24/11/2023,游水,從化,,從化,,,,,,,,游水,,
H388,24/11/2023,踱步,從化,外圈,從化 外圈,,,,,,助手,,快踱一圈,H,外圈 快踱一圈 (助手)
H388,23/11/2023,游水,從化,,從化,,,,,,,,游水,,
H388,23/11/2023,快操,從化,全天候,從化 全天候,,53.4,53.4,27.9 25.5,,助手,,快操,H,27.9 25.5 (53.4) (助手)
H388,23/11/2023,踱步,從化,飛機場,從化 飛機場,,,,,,助手,,踱步,H,飛機場 踱步 (助手)
H388,22/11/2023,游水,從化,,從化,,,,,,,,游水,,
H388,22/11/2023,踱步,從化,內圈,從化 內圈,,,,,,助手,,快踱一圈,H,內圈 快踱一圈 (助手)
H388,21/11/2023,游水,從化,,從化,,,,,,,,游水,,
H388,21/11/2023,踱步,從化,內圈,從化 內圈,,,,,,副練馬師,,快踱一圈,H,內圈 快踱一圈 (副練馬師)
H388,20/11/2023,游水,從化,,從化,,,,,,,,游水,,
H388,20/11/2023,踱步,從化,內圈,從化 內圈,,,,,,助手,,倒快兩圈,H,內圈 倒快兩圈 (助手)
H388,19/11/2023,游水,從化,,從化,,,,,,,,游水,,
H388,19/11/2023,踱步,從化,內圈,從化 內圈,,,,,,副練馬師,,快踱一圈,H,內圈 快踱一圈 (副練馬師)
H388,18/11/2023,游水,從化,,從化,,,,,,,,游水,,
H388,18/11/2023,踱步,從化,內圈,從化 內圈,,,,,,助手,,快踱一圈,H,內圈 快踱一圈 (助手)
H388,17/11/2023,踱步,沙田,內圈,沙田 內圈,,,,,,助手,,快踱一圈,H,內圈 快踱一圈 (助手)
H388,16/11/2023,游水,沙田,,沙田,,,,,,,,游水,,
H388,16/11/2023,踱步,沙田,飛機場,沙田 飛機場,,,,,,助手,,踱步,H,飛機場 踱步 (助手)
H388,15/11/2023,游水,沙田,,沙田,,,,,,,,游水,,
H388,11/11/2023,出賽,沙田,草地,沙田 草地,1400M,,,,,董明朗,7/14,出賽,B1/XB1,1400M (董明朗) (7/14)
H388,11/11/2023,踱步,沙田,飛機場,沙田 飛機場,,,,,,助手,,踱步,H,飛機場 踱步 (助手)
H388,10/11/2023,游水,沙田,,沙田,,,,,,,,游水,,
H388,10/11/2023,踱步,沙田,內圈,沙田 內圈,,,,,,助手,,快踱一圈,H,內圈 快踱一圈 (助手)
H388,09/11/2023,游水,沙田,,沙田,,,,,,,,游水,,
H388,09/11/2023,踱步,沙田,內圈,沙田 內圈,,,,,,助手,,倒快一圈,H,內圈 倒快一圈 (助手)
H388,08/11/2023,游水,沙田,,沙田,,,,,,,,游水,,
H388,08/11/2023,快操,沙田,全天候,沙田 全天候,,53.5,53.5,28.4 25.1,,助手,,快操,B,28.4 25.1 (53.5) (助手)
H388,08/11/2023,踱步,沙田,飛機場,沙田 飛機場,,,,,,助手,,踱步,B,飛機場 踱步 (助手)
H388,07/11/2023,游水,沙田,,沙田,,,,,,,,游水,,
H388,07/11/2023,踱步,沙田,內圈,沙田 內圈,,,,,,助手,,快踱一圈,H,內圈 快踱一圈 (助手)
H388,06/11/2023,游水,沙田,,沙田,,,,,,,,游水,,
H388,06/11/2023,踱步,沙田,內圈,沙田 內圈,,,,,,助手,,倒快兩圈,H,內圈 倒快兩圈 (助手)
H388,05/11/2023,游水,沙田,,沙田,,,,,,,,游水,,
H388,05/11/2023,踱步,沙田,內圈,沙田 內圈,,,,,,助手,,快踱一圈,H,內圈 快踱一圈 (助手)
H388,04/11/2023,游水,沙田,,沙田,,,,,,,,游水,,
H388,04/11/2023,踱步,沙田,內圈,沙田 內圈,,,,,,助手,,快踱一圈,H,內圈 快踱一圈 (助手)
H388,03/11/2023,游水,沙田,,沙田,,,,,,,,游水,,
H388,03/11/2023,踱步,沙田,內圈,沙田 內圈,,,,,,助手,,快踱一圈,H,內圈 快踱一圈 (助手)
H388,02/11/2023,游水,沙田,,沙田,,,,,,,,游水,,
H388,02/11/2023,踱步,沙田,飛機場,沙田 飛機場,,,,,,助手,,踱步,H,飛機場 踱步 (助手)
H388,01/11/2023,游水,沙田,,沙田,,,,,,,,游水,,
H388,31/10/2023,試閘,沙田,全天候,沙田 全天候,1200M,1.11.48,71.48,24.6 23.2 23.6,風火恆雲,希威森,,第5組,B/XB,第5組 (希威森) 1200M 風火恆雲 24.6 23.2 23.6 (1.11.48)
H388,30/10/2023,游水,沙田,,沙田,,,,,,,,游水,,
H388,30/10/2023,踱步,沙田,內圈,沙田 內圈,,,,,,助手,,倒快一圈,H,內圈 倒快一圈 (助手)
H388,29/10/2023,游水,沙田,,沙田,,,,,,,,游水,,
H388,29/10/2023,踱步,沙田,內圈,沙田 內圈,,,,,,助手,,快踱一圈,H,內圈 快踱一圈 (助手)
H388,28/10/2023,游水,沙田,,沙田,,,,,,,,游水,,
H388,28/10/2023,快操,沙田,全天候,沙田 全天候,,55.7,55.7,29.9 25.8,,助手,,旌鷹,H,29.9 25.8 (55.7) (助手) 旌鷹
H388,28/10/2023,踱步,沙田,飛機場,沙田 飛機場,,,,,,助手,,踱步,H,飛機場 踱步 (助手)
H388,27/10/2023,游水,沙田,,沙田,,,,,,,,游水,,
H388,27/10/2023,踱步,沙田,內圈,沙田 內圈,,,,,,助手,,快踱一圈,H,內圈 快踱一圈 (助手)
H388,26/10/2023,游水,沙田,,沙田,,,,,,,,游水,,
H388,26/10/2023,踱步,沙田,內圈,沙田 內圈,,,,,,助手,,倒快一圈,H,內圈 倒快一圈 (助手)
H388,25/10/2023,游水,沙田,,沙田,,,,,,,,游水,,
H388,25/10/2023,快操,沙田,全天候,沙田 全天候,,1.28.1,88.1,32.8 29.7 25.6,,助手,,快操,,32.8 29.7 25.6 (1.28.1) (助手)
H388,25/10/2023,踱步,沙田,飛機場,沙田 飛機場,,,,,,助手,,踱步,,飛機場 踱步 (助手)
H388,24/10/2023,游水,沙田,,沙田,,,,,,,,游水,,
H388,24/10/2023,踱步,沙田,內圈,沙田 內圈,,,,,,助手,,快踱兩圈,H,內圈 快踱兩圈 (助手)
H388,23/10/2023,游水,沙田,,沙田,,,,,,,,游水,,
H388,23/10/2023,踱步,沙田,內圈,沙田 內圈,,,,,,助手,,倒快一圈,H,內圈 倒快一圈 (助手)
H388,22/10/2023,游水,沙田,,沙田,,,,,,,,游水,,
H388,22/10/2023,快操,沙田,全天候,沙田 全天候,,55.3,55.3,28.8 26.5,,助手,,快操,H,28.8 26.5 (55.3) (助手)
H388,22/10/2023,踱步,沙田,飛機場,沙田 飛機場,,,,,,助手,,踱步,H,飛機場 踱步 (助手)
H388,21/10/2023,游水,沙田,,沙田,,,,,,,,游水,,
H388,21/10/2023,踱步,沙田,內圈,沙田 內圈,,,,,,助手,,快踱一圈,H,內圈 快踱一圈 (助手)
H388,20/10/2023,游水,沙田,,沙田,,,,,,,,游水,,
H388,20/10/2023,踱步,沙田,內圈,沙田 內圈,,,,,,助手,,快踱一圈,H,內圈 快踱一圈 (助手)
H388,19/10/2023,踱步,從化,內圈,從化 內圈,,,,,,助手,,倒快一圈,H,內圈 倒快一圈 (助手)
H388,18/10/2023,游水,從化,,從化,,,,,,,,游水,,
H388,18/10/2023,踱步,從化,內圈,從化 內圈,,,,,,助手,,快踱一圈,H,內圈 快踱一圈 (助手)
H388,17/10/2023,游水,從化,,從化,,,,,,,,游水,,
H388,17/10/2023,踱步,從化,內圈,從化 內圈,,,,,,助手,,快踱一圈,H,內圈 快踱一圈 (助手)
H388,16/10/2023,游水,從化,,從化,,,,,,,,游水,,
H388,16/10/2023,踱步,從化,內圈,從化 內圈,,,,,,助手,,倒快一圈,H,內圈 倒快一圈 (助手)
H388,15/10/2023,游水,從化,,從化,,,,,,,,游水,,
H388,15/10/2023,踱步,從化,飛機場,從化 飛機場,,,,,,助手,,踱步,,飛機場 踱步 (助手)
H388,14/10/2023,游水,從化,,從化,,,,,,,,游水,,
H388,13/10/2023,試閘,從化,草地,從化 草地,1200M,1.11.84,71.84,24.7 23.1 24.0,包裝希望,希威森,,第8組,B,第8組 (希威森) 1200M 包裝希望 24.7 23.1 24.0 (1.11.84)
H388,13/10/2023,踱步,從化,飛機場,從化 飛機場,,,,,,助手,,踱步,B,飛機場 踱步 (助手)
H388,12/10/2023,游水,從化,,從化,,,,,,,,游水,,
H388,12/10/2023,踱步,從化,內圈,從化 內圈,,,,,,助手,,倒快一圈,H,內圈 倒快一圈 (助手)
H388,11/10/2023,快操,從化,全天候,從化 全天候,,56.9,56.9,30.3 26.6,,助手,,快操,H,30.3 26.6 (56.9) (助手)
H388,11/10/2023,踱步,從化,飛機場,從化 飛機場,,,,,,助手,,踱步,H,飛機場 踱步 (助手)
H388,10/10/2023,游水,從化,,從化,,,,,,,,游水,,
H388,10/10/2023,踱步,從化,內圈,從化 內圈,,,,,,助手,,快踱一圈,H,內圈 快踱一圈 (助手)
H388,09/10/2023,游水,從化,,從化,,,,,,,,游水,,
H388,09/10/2023,踱步,從化,內圈,從化 內圈,,,,,,助手,,倒快一圈,H,內圈 倒快一圈 (助手)
H388,08/10/2023,游水,從化,,從化,,,,,,,,游水,,
H388,07/10/2023,游水,從化,,從化,,,,,,,,游水,,
H388,07/10/2023,快操,從化,全天候,從化 全天候,,56.0,56.0,30.5 25.5,,助手,,快操,,30.5 25.5 (56.0) (助手)
H388,07/10/2023,踱步,從化,飛機場,從化 飛機場,,,,,,助手,,踱步,,飛機場 踱步 (助手)
H388,06/10/2023,游水,從化,,從化,,,,,,,,游水,,
H388,06/10/2023,踱步,從化,內圈,從化 內圈,,,,,,助手,,快踱一圈,H,內圈 快踱一圈 (助手)
H388,05/10/2023,游水,從化,,從化,,,,,,,,游水,,
H388,05/10/2023,踱步,從化,內圈,從化 內圈,,,,,,副練馬師,,倒快一圈,H,內圈 倒快一圈 (副練馬師)
H388,04/10/2023,快操,從化,全天候,從化 全天候,,56.3,56.3,30.0 26.3,,助手,,快操,H,30.0 26.3 (56.3) (助手)
H388,04/10/2023,踱步,從化,飛機場,從化 飛機場,,,,,,助手,,踱步,H,飛機場 踱步 (助手)
H388,03/10/2023,游水,從化,,從化,,,,,,,,游水,,
H388,03/10/2023,踱步,從化,內圈,從化 內圈,,,,,,助手,,快踱一圈,H,內圈 快踱一圈 (助手)
H388,02/10/2023,游水,從化,,從化,,,,,,,,游水,,
H388,02/10/2023,踱步,從化,內圈,從化 內圈,,,,,,助手,,倒快兩圈,H,內圈 倒快兩圈 (助手)
H388,01/10/2023,游水,從化,,從化,,,,,,,,游水,,
H388,01/10/2023,踱步,從化,內圈,從化 內圈,,,,,,助手,,快踱一圈,H,內圈 快踱一圈 (助手)
H388,30/09/2023,快操,從化,全天候,從化 全天候,,55.6,55.6,29.6 26.0,,副練馬師,,快操,H,29.6 26.0 (55.6) (副練馬師)
H388,30/09/2023,踱步,從化,飛機場,從化 飛機場,,,,,,副練馬師,,踱步,H,飛機場 踱步 (副練馬師)
H388,29/09/2023,游水,從化,,從化,,,,,,,,游水,,
H388,29/09/2023,踱步,從化,內圈,從化 內圈,,,,,,助手,,快踱一圈,H,內圈 快踱一圈 (助手)
H388,28/09/2023,游水,從化,,從化,,,,,,,,游水,,
H388,28/09/2023,踱步,從化,內圈,從化 內圈,,,,,,助手,,倒快兩圈,H,內圈 倒快兩圈 (助手)
H388,27/09/2023,游水,從化,,從化,,,,,,,,游水,,
H388,27/09/2023,快操,從化,全天候,從化 全天候,,57.5,57.5,31.1 26.4,,助手,,快操,H,31.1 26.4 (57.5) (助手)
H388,27/09/2023,踱步,從化,飛機場,從化 飛機場,,,,,,助手,,踱步,H,飛機場 踱步 (助手)
H388,26/09/2023,游水,從化,,從化,,,,,,,,游水,,
H388,26/09/2023,踱步,從化,內圈,從化 內圈,,,,,,助手,,快踱一圈,H,內圈 快踱一圈 (助手)
H388,25/09/2023,游水,從化,,從化,,,,,,,,游水,,
H388,25/09/2023,踱步,從化,內圈,從化 內圈,,,,,,助手,,倒快兩圈,H,內圈 倒快兩圈 (助手)
H388,24/09/2023,游水,從化,,從化,,,,,,,,游水,,
H388,24/09/2023,踱步,從化,內圈,從化 內圈,,,,,,助手,,快踱一圈,H,內圈 快踱一圈 (助手)
H388,23/09/2023,游水,從化,,從化,,,,,,,,游水,,
H388,23/09/2023,踱步,從化,內圈,從化 內圈,,,,,,助手,,快踱一圈,H,內圈 快踱一圈 (助手)
H388,22/09/2023,踱步,沙田,內圈,沙田 內圈,,,,,,助手,,快踱一圈,H,內圈 快踱一圈 (助手)
H388,21/09/2023,游水,沙田,,沙田,,,,,,,,游水,,
H388,21/09/2023,踱步,沙田,內圈,沙田 內圈,,,,,,助手,,倒快一圈,H,內圈 倒快一圈 (助手)
H388,20/09/2023,游水,沙田,,沙田,,,,,,,,游水,,
H388,20/09/2023,踱步,沙田,內圈,沙田 內圈,,,,,,助手,,快踱一圈,H,內圈 快踱一圈 (助手)
H388,19/09/2023,游水,沙田,,沙田,,,,,,,,游水,,
H388,19/09/2023,踱步,沙田,內圈,沙田 內圈,,,,,,助手,,快踱一圈,H,內圈 快踱一圈 (助手)
H388,18/09/2023,游水,沙田,,沙田,,,,,,,,游水,,
H388,18/09/2023,踱步,沙田,飛機場,沙田 飛機場,,,,,,助手,,踱步,H,飛機場 踱步 (助手)
H388,17/09/2023,游水,沙田,,沙田,,,,,,,,游水,,
H388,16/09/2023,試閘,跑馬地,草地,跑馬地 草地,1200M,1.12.96,72.96,24.7 24.7 23.5,海藍寶,艾兆禮,,第7組,,第7組 (艾兆禮) 1200M 海藍寶 24.7 24.7 23.5 (1.12.96)
H388,15/09/2023,游水,沙田,,沙田,,,,,,,,游水,,
H388,15/09/2023,踱步,沙田,內圈,沙田 內圈,,,,,,助手,,快踱一圈,H,內圈 快踱一圈 (助手)
H388,14/09/2023,游水,沙田,,沙田,,,,,,,,游水,,
H388,14/09/2023,踱步,沙田,內圈,沙田 內圈,,,,,,助手,,倒快一圈,H,內圈 倒快一圈 (助手)
H388,13/09/2023,游水,沙田,,沙田,,,,,,,,游水,,
H388,13/09/2023,快操,沙田,全天候,沙田 全天候,,56.3,56.3,29.6 26.7,,助手,,快操,H,29.6 26.7 (56.3) (助手)
H388,13/09/2023,踱步,沙田,飛機場,沙田 飛機場,,,,,,助手,,踱步,H,飛機場 踱步 (助手)
H388,12/09/2023,游水,沙田,,沙田,,,,,,,,游水,,
H388,12/09/2023,踱步,沙田,內圈,沙田 內圈,,,,,,助手,,快踱一圈,H,內圈 快踱一圈 (助手)
H388,11/09/2023,游水,沙田,,沙田,,,,,,,,游水,,
H388,11/09/2023,踱步,沙田,內圈,沙田 內圈,,,,,,助手,,倒快一圈,H,內圈 倒快一圈 (助手)
H388,10/09/2023,游水,沙田,,沙田,,,,,,,,游水,,
H388,10/09/2023,快操,沙田,全天候,沙田 全天候,,56.1,56.1,30.8 25.3,,助手,,快操,H,30.8 25.3 (56.1) (助手)
H388,10/09/2023,踱步,沙田,飛機場,沙田 飛機場,,,,,,助手,,踱步,H,飛機場 踱步 (助手)
H388,09/09/2023,游水,沙田,,沙田,,,,,,,,游水,,
H388,09/09/2023,踱步,沙田,內圈,沙田 內圈,,,,,,助手,,快踱一圈,H,內圈 快踱一圈 (助手)
H388,07/09/2023,游水,沙田,,沙田,,,,,,,,游水,,
H388,07/09/2023,踱步,沙田,內圈,沙田 內圈,,,,,,助手,,倒快一圈,H,內圈 倒快一圈 (助手)
H388,06/09/2023,游水,沙田,,沙田,,,,,,,,游水,,
H388,06/09/2023,快操,沙田,全天候,沙田 全天候,,54.0,54.0,29.3 24.7,,董明朗,,快操,H,29.3 24.7 (54.0) (董明朗)
H388,06/09/2023,踱步,沙田,飛機場,沙田 飛機場,,,,,,董明朗,,踱步,H,飛機場 踱步 (董明朗)
H388,05/09/2023,游水,沙田,,沙田,,,,,,,,游水,,
H388,05/09/2023,踱步,沙田,內圈,沙田 內圈,,,,,,助手,,快踱一圈,H,內圈 快踱一圈 (助手)
H388,04/09/2023,游水,沙田,,沙田,,,,,,,,游水,,
H388,04/09/2023,踱步,沙田,內圈,沙田 內圈,,,,,,助手,,倒快兩圈,H,內圈 倒快兩圈 (助手)
H388,03/09/2023,游水,沙田,,沙田,,,,,,,,游水,,
H388,03/09/2023,踱步,沙田,內圈,沙田 內圈,,,,,,助手,,快踱一圈,,內圈 快踱一圈 (助手)
H388,31/08/2023,游水,沙田,,沙田,,,,,,,,游水,,
H388,30/08/2023,試閘,沙田,全天候,沙田 全天候,1200M,1.10.67,70.67,24.4 23.3 22.9,添福,布文,,第2組,,第2組 (布文) 1200M 添福 24.4 23.3 22.9 (1.10.67)
H388,29/08/2023,游水,沙田,,沙田,,,,,,,,游水,,
H388,29/08/2023,踱步,沙田,內圈,沙田 內圈,,,,,,助手,,快踱一圈,,內圈 快踱一圈 (助手)
H388,28/08/2023,游水,沙田,,沙田,,,,,,,,游水,,
H388,28/08/2023,踱步,沙田,內圈,沙田 內圈,,,,,,助手,,倒快兩圈,,內圈 倒快兩圈 (助手)
H388,27/08/2023,游水,沙田,,沙田,,,,,,,,游水,,
H388,27/08/2023,快操,沙田,全天候,沙田 全天候,,55.8,55.8,31.0 24.8,,助手,,快操,,31.0 24.8 (55.8) (助手)
H388,27/08/2023,踱步,沙田,飛機場,沙田 飛機場,,,,,,助手,,踱步,,飛機場 踱步 (助手)
H388,26/08/2023,游水,沙田,,沙田,,,,,,,,游水,,
H388,26/08/2023,踱步,沙田,內圈,沙田 內圈,,,,,,助手,,快踱一圈,,內圈 快踱一圈 (助手)
H388,25/08/2023,游水,沙田,,沙田,,,,,,,,游水,,
H388,25/08/2023,踱步,沙田,內圈,沙田 內圈,,,,,,助手,,快踱一圈,H,內圈 快踱一圈 (助手)
H388,24/08/2023,游水,沙田,,沙田,,,,,,,,游水,,
H388,24/08/2023,快操,沙田,全天候,沙田 全天候,,56.3,56.3,29.9 26.4,,助手,,快操,,29.9 26.4 (56.3) (助手)
H388,24/08/2023,踱步,沙田,內圈,沙田 內圈,,,,,,助手,,倒快兩圈,H,內圈 倒快兩圈 (助手)
H388,23/08/2023,游水,沙田,,沙田,,,,,,,,游水,,
H388,23/08/2023,踱步,沙田,內圈,沙田 內圈,,,,,,助手,,快踱一圈,,內圈 快踱一圈 (助手)
H388,22/08/2023,游水,沙田,,沙田,,,,,,,,游水,,
H388,22/08/2023,踱步,沙田,內圈,沙田 內圈,,,,,,助手,,快踱一圈,H,內圈 快踱一圈 (助手)
H388,21/08/2023,游水,沙田,,沙田,,,,,,,,游水,,
H388,21/08/2023,踱步,沙田,內圈,沙田 內圈,,,,,,助手,,倒快兩圈,,內圈 倒快兩圈 (助手)
H388,20/08/2023,游水,沙田,,沙田,,,,,,,,游水,,
H388,20/08/2023,快操,沙田,全天候,沙田 全天候,,54.4,54.4,30.9 23.5,,助手,,快操,,30.9 23.5 (54.4) (助手)
H388,20/08/2023,踱步,沙田,飛機場,沙田 飛機場,,,,,,助手,,踱步,,飛機場 踱步 (助手)
H388,19/08/2023,游水,沙田,,沙田,,,,,,,,游水,,
H388,19/08/2023,踱步,沙田,內圈,沙田 內圈,,,,,,助手,,快踱一圈,,內圈 快踱一圈 (助手)
H388,18/08/2023,游水,沙田,,沙田,,,,,,,,游水,,
H388,17/08/2023,游水,沙田,,沙田,,,,,,,,游水,,
H388,17/08/2023,快操,沙田,全天候,沙田 全天候,,1.00.9,60.9,32.9 28.0,,助手,,快操,H,32.9 28.0 (1.00.9) (助手)
H388,17/08/2023,踱步,沙田,飛機場,沙田 飛機場,,,,,,助手,,踱步,H,飛機場 踱步 (助手)
H388,16/08/2023,游水,沙田,,沙田,,,,,,,,游水,,
H388,16/08/2023,踱步,沙田,內圈,沙田 內圈,,,,,,助手,,快踱一圈,H,內圈 快踱一圈 (助手)
H388,15/08/2023,游水,沙田,,沙田,,,,,,,,游水,,
H388,15/08/2023,踱步,沙田,內圈,沙田 內圈,,,,,,助手,,快踱一圈,H,內圈 快踱一圈 (助手)
H388,14/08/2023,游水,沙田,,沙田,,,,,,,,游水,,
H388,14/08/2023,踱步,沙田,內圈,沙田 內圈,,,,,,助手,,倒快一圈,H,內圈 倒快一圈 (助手)
H388,13/08/2023,游水,沙田,,沙田,,,,,,,,游水,,
H388,13/08/2023,踱步,沙田,內圈,沙田 內圈,,,,,,助手,,快踱一圈,H,內圈 快踱一圈 (助手)
H388,12/08/2023,游水,沙田,,沙田,,,,,,,,游水,,
H388,12/08/2023,快操,沙田,全天候,沙田 全天候,,57.1,57.1,31.6 25.5,,助手,,鼓浪晴天,H,31.6 25.5 (57.1) (助手) 鼓浪晴天
H388,12/08/2023,踱步,沙田,飛機場,沙田 飛機場,,,,,,助手,,踱步,H,飛機場 踱步 (助手)
H388,11/08/2023,游水,沙田,,沙田,,,,,,,,游水,,
H388,11/08/2023,踱步,沙田,內圈,沙田 內圈,,,,,,助手,,快踱一圈,H,內圈 快踱一圈 (助手)
H388,10/08/2023,游水,沙田,,沙田,,,,,,,,游水,,
H388,10/08/2023,踱步,沙田,內圈,沙田 內圈,,,,,,助手,,快踱一圈,H,內圈 快踱一圈 (助手)
H388,09/08/2023,踱步,從化,內圈,從化 內圈,,,,,,助手,,快踱一圈,H,內圈 快踱一圈 (助手)
H388,08/08/2023,游水,從化,,從化,,,,,,,,游水,,
H388,08/08/2023,踱步,從化,內圈,從化 內圈,,,,,,助手,,快踱一圈,H,內圈 快踱一圈 (助手)
H388,07/08/2023,游水,從化,,從化,,,,,,,,游水,,
H388,07/08/2023,踱步,從化,內圈,從化 內圈,,,,,,助手,,倒快一圈,H,內圈 倒快一圈 (助手)
H388,06/08/2023,快操,從化,全天候,從化 全天候,,1.01.1,61.1,32.4 28.7,,助手,,快操,H,32.4 28.7 (1.01.1) (助手)
H388,06/08/2023,踱步,從化,飛機場,從化 飛機場,,,,,,助手,,踱步,H,飛機場 踱步 (助手)
H388,05/08/2023,游水,從化,,從化,,,,,,,,游水,,
H388,05/08/2023,踱步,從化,內圈,從化 內圈,,,,,,助手,,快踱一圈,H,內圈 快踱一圈 (助手)
H388,04/08/2023,游水,從化,,從化,,,,,,,,游水,,
H388,04/08/2023,踱步,從化,內圈,從化 內圈,,,,,,助手,,快踱一圈,H,內圈 快踱一圈 (助手)
H388,03/08/2023,游水,從化,,從化,,,,,,,,游水,,
H388,03/08/2023,踱步,從化,內圈,從化 內圈,,,,,,助手,,倒快一圈,H,內圈 倒快一圈 (助手)
H388,02/08/2023,游水,從化,,從化,,,,,,,,游水,,
H388,02/08/2023,踱步,從化,內圈,從化 內圈,,,,,,助手,,快踱一圈,H,內圈 快踱一圈 (助手)
H388,01/08/2023,游水,從化,,從化,,,,,,,,游水,,
H388,01/08/2023,踱步,從化,內圈,從化 內圈,,,,,,助手,,快踱一圈,H,內圈 快踱一圈 (助手)
H388,31/07/2023,游水,從化,,從化,,,,,,,,游水,,
H388,31/07/2023,踱步,從化,內圈,從化 內圈,,,,,,助手,,倒快一圈,H,內圈 倒快一圈 (助手)
H388,30/07/2023,踱步,從化,內圈,從化 內圈,,,,,,助手,,快踱一圈,H,內圈 快踱一圈 (助手)
H388,29/07/2023,踱步,從化,內圈,從化 內圈,,,,,,助手,,快踱一圈,H,內圈 快踱一圈 (助手)
H388,28/07/2023,踱步,從化,內圈,從化 內圈,,,,,,助手,,快踱一圈,H,內圈 快踱一圈 (助手)
H388,27/07/2023,踱步,從化,內圈,從化 內圈,,,,,,助手,,倒快一圈,H,內圈 倒快一圈 (助手)
H388,26/07/2023,踱步,從化,內圈,從化 內圈,,,,,,助手,,快踱一圈,H,內圈 快踱一圈 (助手)
H388,25/07/2023,踱步,從化,內圈,從化 內圈,,,,,,助手,,快踱一圈,H,內圈 快踱一圈 (助手)
H388,24/07/2023,踱步,從化,內圈,從化 內圈,,,,,,助手,,快踱一圈,H,內圈 快踱一圈 (助手)
H388,23/07/2023,踱步,從化,飛機場,從化 飛機場,,,,,,助手,,踱步,,飛機場 踱步 (助手)
H388,22/07/2023,踱步,從化,飛機場,從化 飛機場,,,,,,助手,,踱步,,飛機場 踱步 (助手)
H388,21/07/2023,踱步,從化,飛機場,從化 飛機場,,,,,,助手,,踱步,,飛機場 踱步 (助手)
H388,20/07/2023,踱步,從化,飛機場,從化 飛機場,,,,,,助手,,踱步,,飛機場 踱步 (助手)
H388,19/07/2023,踱步,從化,飛機場,從化 飛機場,,,,,,助手,,踱步,,飛機場 踱步 (助手)
H388,18/07/2023,踱步,從化,飛機場,從化 飛機場,,,,,,助手,,踱步,,飛機場 踱步 (助手)
H388,17/07/2023,踱步,從化,飛機場,從化 飛機場,,,,,,助手,,踱步,,飛機場 踱步 (助手)
H388,15/07/2023,踱步,從化,飛機場,從化 飛機場,,,,,,助手,,踱步,H,飛機場 踱步 (助手)
H388,14/07/2023,游水,從化,,從化,,,,,,,,游水,,
H388,14/07/2023,踱步,從化,內圈,從化 內圈,,,,,,助手,,快踱一圈,H,內圈 快踱一圈 (助手)
H388,13/07/2023,游水,從化,,從化,,,,,,,,游水,,
H388,13/07/2023,踱步,從化,內圈,從化 內圈,,,,,,助手,,倒快兩圈,H,內圈 倒快兩圈 (助手)
H388,12/07/2023,快操,從化,全天候,從化 全天候,,55.8,55.8,29.7 26.1,,助手,,快操,H,29.7 26.1 (55.8) (助手)
H388,12/07/2023,踱步,從化,飛機場,從化 飛機場,,,,,,助手,,踱步,H,飛機場 踱步 (助手)
H388,11/07/2023,游水,從化,,從化,,,,,,,,游水,,
H388,11/07/2023,踱步,從化,內圈,從化 內圈,,,,,,助手,,快踱一圈,H,內圈 快踱一圈 (助手)
H388,10/07/2023,游水,從化,,從化,,,,,,,,游水,,
H388,10/07/2023,踱步,從化,內圈,從化 內圈,,,,,,助手,,倒快一圈,H,內圈 倒快一圈 (助手)
H388,09/07/2023,游水,從化,,從化,,,,,,,,游水,,
H388,09/07/2023,踱步,從化,內圈,從化 內圈,,,,,,助手,,快踱一圈,H,內圈 快踱一圈 (助手)
H388,08/07/2023,游水,從化,,從化,,,,,,,,游水,,
H388,08/07/2023,踱步,從化,內圈,從化 內圈,,,,,,助手,,快踱一圈,H,內圈 快踱一圈 (助手)
H388,07/07/2023,游水,從化,,從化,,,,,,,,游水,,
H388,07/07/2023,快操,從化,全天候,從化 全天候,,56.1,56.1,30.5 25.6,,助手,,快操,H,30.5 25.6 (56.1) (助手)
H388,07/07/2023,踱步,從化,飛機場,從化 飛機場,,,,,,助手,,踱步,H,飛機場 踱步 (助手)
H388,06/07/2023,游水,從化,,從化,,,,,,,,游水,,
H388,06/07/2023,踱步,從化,內圈,從化 內圈,,,,,,助手,,倒快一圈,H,內圈 倒快一圈 (助手)
H388,05/07/2023,游水,從化,,從化,,,,,,,,游水,,
H388,05/07/2023,踱步,從化,內圈,從化 內圈,,,,,,助手,,快踱一圈,H/XB,內圈 快踱一圈 (助手)
H388,04/07/2023,游水,從化,,從化,,,,,,,,游水,,
H388,04/07/2023,踱步,從化,登山跑道,從化 登山跑道,,,,,,助手,,快踱,H/XB,登山跑道 快踱 (助手)
H388,03/07/2023,游水,從化,,從化,,,,,,,,游水,,
H388,03/07/2023,踱步,從化,內圈,從化 內圈,,,,,,助手,,倒快一圈,H,內圈 倒快一圈 (助手)
H388,02/07/2023,游水,從化,,從化,,,,,,,,游水,,
H388,02/07/2023,踱步,從化,內圈,從化 內圈,,,,,,助手,,快踱一圈,H,內圈 快踱一圈 (助手)
H388,01/07/2023,游水,從化,,從化,,,,,,,,游水,,
H388,01/07/2023,踱步,從化,飛機場,從化 飛機場,,,,,,助手,,踱步,,飛機場 踱步 (助手)
H388,29/06/2023,試閘,從化,草地,從化 草地,800M,0.47.05,47.05,24.1 22.9,人和家興,王聲虎,,第1組,,第1組 (王聲虎) 800M 人和家興 24.1 22.9 (0.47.05)
H388,29/06/2023,踱步,從化,飛機場,從化 飛機場,,,,,,助手,,踱步,,飛機場 踱步 (助手)
H388,28/06/2023,游水,從化,,從化,,,,,,,,游水,,
H388,28/06/2023,踱步,從化,內圈,從化 內圈,,,,,,助手,,快踱一圈,H,內圈 快踱一圈 (助手)
H388,27/06/2023,游水,從化,,從化,,,,,,,,游水,,
H388,27/06/2023,踱步,從化,內圈,從化 內圈,,,,,,助手,,快踱一圈,H,內圈 快踱一圈 (助手)
H388,26/06/2023,快操,從化,全天候,從化 全天候,,54.8,54.8,29.5 25.3,,助手,,千杯敬典,H,29.5 25.3 (54.8) (助手) 千杯敬典
H388,26/06/2023,踱步,從化,飛機場,從化 飛機場,,,,,,助手,,踱步,H,飛機場 踱步 (助手)
H388,25/06/2023,游水,從化,,從化,,,,,,,,游水,,
H388,25/06/2023,踱步,從化,內圈,從化 內圈,,,,,,助手,,快踱一圈,H,內圈 快踱一圈 (助手)
H388,24/06/2023,游水,從化,,從化,,,,,,,,游水,,
H388,24/06/2023,踱步,從化,內圈,從化 內圈,,,,,,助手,,快踱一圈,H,內圈 快踱一圈 (助手)
H388,23/06/2023,快操,從化,全天候,從化 全天候,,56.1,56.1,29.8 26.3,,助手,,快操,H,29.8 26.3 (56.1) (助手)
H388,23/06/2023,踱步,從化,飛機場,從化 飛機場,,,,,,助手,,踱步,H,飛機場 踱步 (助手)
H388,22/06/2023,游水,從化,,從化,,,,,,,,游水,,
H388,22/06/2023,踱步,從化,內圈,從化 內圈,,,,,,助手,,倒快兩圈,H,內圈 倒快兩圈 (助手)
H388,21/06/2023,游水,從化,,從化,,,,,,,,游水,,
H388,21/06/2023,踱步,從化,內圈,從化 內圈,,,,,,助手,,快踱一圈,H,內圈 快踱一圈 (助手)
H388,20/06/2023,游水,從化,,從化,,,,,,,,游水,,
H388,20/06/2023,踱步,從化,內圈,從化 內圈,,,,,,助手,,快踱一圈,H,內圈 快踱一圈 (助手)
H388,19/06/2023,快操,從化,全天候,從化 全天候,,55.9,55.9,28.7 27.2,,助手,,快操,H,28.7 27.2 (55.9) (助手)
H388,19/06/2023,踱步,從化,飛機場,從化 飛機場,,,,,,助手,,踱步,H,飛機場 踱步 (助手)
H388,18/06/2023,游水,從化,,從化,,,,,,,,游水,,
H388,18/06/2023,踱步,從化,內圈,從化 內圈,,,,,,助手,,快踱一圈,H,內圈 快踱一圈 (助手)
H388,17/06/2023,游水,從化,,從化,,,,,,,,游水,,
H388,17/06/2023,踱步,從化,內圈,從化 內圈,,,,,,助手,,快踱一圈,H,內圈 快踱一圈 (助手)
H388,16/06/2023,游水,從化,,從化,,,,,,,,游水,,
H388,16/06/2023,踱步,從化,內圈,從化 內圈,,,,,,助手,,快踱一圈,H,內圈 快踱一圈 (助手)
H388,15/06/2023,快操,從化,全天候,從化 全天候,,56.4,56.4,30.2 26.2,,助手,,鼓浪晴天,H,30.2 26.2 (56.4) (助手) 鼓浪晴天
H388,15/06/2023,踱步,從化,飛機場,從化 飛機場,,,,,,助手,,踱步,H,飛機場 踱步 (助手)
H388,14/06/2023,游水,從化,,從化,,,,,,,,游水,,
H388,14/06/2023,踱步,從化,內圈,從化 內圈,,,,,,助手,,快踱一圈,H,內圈 快踱一圈 (助手)
H388,13/06/2023,游水,從化,,從化,,,,,,,,游水,,
H388,13/06/2023,踱步,從化,內圈,從化 內圈,,,,,,助手,,快踱一圈,H,內圈 快踱一圈 (助手)
H388,12/06/2023,游水,從化,,從化,,,,,,,,游水,,
H388,12/06/2023,踱步,從化,內圈,從化 內圈,,,,,,助手,,倒快一圈,H,內圈 倒快一圈 (助手)
H388,11/06/2023,游水,從化,,從化,,,,,,,,游水,,
H388,11/06/2023,踱步,從化,內圈,從化 內圈,,,,,,助手,,快踱一圈,H,內圈 快踱一圈 (助手)
H388,10/06/2023,游水,從化,,從化,,,,,,,,游水,,
H388,10/06/2023,踱步,從化,飛機場,從化 飛機場,,,,,,助手,,踱步,,飛機場 踱步 (助手)
H388,08/06/2023,試閘,從化,草地,從化 草地,800M,0.46.38,46.38,23.7 22.6,電路七號,呂卓賢,,第3組,,第3組 (呂卓賢) 800M 電路七號 23.7 22.6 (0.46.38)
H388,08/06/2023,踱步,從化,飛機場,從化 飛機場,,,,,,助手,,踱步,,飛機場 踱步 (助手)
H388,07/06/2023,游水,從化,,從化,,,,,,,,游水,,
H388,07/06/2023,踱步,從化,內圈,從化 內圈,,,,,,助手,,快踱一圈,H,內圈 快踱一圈 (助手)
H388,06/06/2023,游水,從化,,從化,,,,,,,,游水,,
H388,06/06/2023,踱步,從化,內圈,從化 內圈,,,,,,助手,,快踱一圈,H,內圈 快踱一圈 (助手)
H388,05/06/2023,游水,從化,,從化,,,,,,,,游水,,
H388,05/06/2023,快操,從化,全天候,從化 全天候,,56.5,56.5,30.1 26.4,,副練馬師,,快操,H,30.1 26.4 (56.5) (副練馬師)
H388,05/06/2023,踱步,從化,飛機場,從化 飛機場,,,,,,副練馬師,,踱步,H,飛機場 踱步 (副練馬師)
H388,04/06/2023,游水,從化,,從化,,,,,,,,游水,,
H388,04/06/2023,踱步,從化,內圈,從化 內圈,,,,,,助手,,快踱一圈,H,內圈 快踱一圈 (助手)
H388,03/06/2023,游水,從化,,從化,,,,,,,,游水,,
H388,03/06/2023,踱步,從化,內圈,從化 內圈,,,,,,助手,,快踱一圈,H,內圈 快踱一圈 (助手)
H388,02/06/2023,快操,從化,全天候,從化 全天候,,56.5,56.5,30.1 26.4,,助手,,快操,H,30.1 26.4 (56.5) (助手)
H388,02/06/2023,踱步,從化,飛機場,從化 飛機場,,,,,,助手,,踱步,H,飛機場 踱步 (助手)
H388,01/06/2023,游水,從化,,從化,,,,,,,,游水,,
H388,01/06/2023,踱步,從化,內圈,從化 內圈,,,,,,助手,,倒快一圈,H,內圈 倒快一圈 (助手)
H388,31/05/2023,踱步,從化,內圈,從化 內圈,,,,,,副練馬師,,快踱一圈,H,內圈 快踱一圈 (副練馬師)
H388,30/05/2023,快操,從化,草閘,從化 草閘,,46.8,46.8,23.3 23.5,,助手,,鼓浪晴天,H,23.3 23.5 (46.8) (助手) 鼓浪晴天
H388,30/05/2023,踱步,從化,飛機場,從化 飛機場,,,,,,助手,,踱步,H,飛機場 踱步 (助手)
H388,29/05/2023,游水,從化,,從化,,,,,,,,游水,,
H388,29/05/2023,踱步,從化,內圈,從化 內圈,,,,,,助手,,倒快一圈,H,內圈 倒快一圈 (助手)
H388,28/05/2023,游水,從化,,從化,,,,,,,,游水,,
H388,28/05/2023,踱步,從化,內圈,從化 內圈,,,,,,助手,,快踱一圈,H,內圈 快踱一圈 (助手)
H388,27/05/2023,游水,從化,,從化,,,,,,,,游水,,
H388,27/05/2023,踱步,從化,內圈,從化 內圈,,,,,,助手,,快踱一圈,H,內圈 快踱一圈 (助手)
H388,26/05/2023,踱步,從化,內圈,從化 內圈,,,,,,助手,,快踱一圈,H,內圈 快踱一圈 (助手)
H388,25/05/2023,快操,沙田,全天候,沙田 全天候,,1.00.4,60.4,32.5 27.9,,助手,,快操,H,32.5 27.9 (1.00.4) (助手)
H388,24/05/2023,踱步,沙田,內圈,沙田 內圈,,,,,,助手,,快踱一圈,H,內圈 快踱一圈 (助手)
H388,23/05/2023,游水,沙田,,沙田,,,,,,,,游水,,
H388,23/05/2023,踱步,沙田,內圈,沙田 內圈,,,,,,助手,,快踱一圈,H,內圈 快踱一圈 (助手)
H388,22/05/2023,游水,沙田,,沙田,,,,,,,,游水,,
H388,22/05/2023,踱步,沙田,內圈,沙田 內圈,,,,,,助手,,倒快一圈,H,內圈 倒快一圈 (助手)
H388,21/05/2023,游水,沙田,,沙田,,,,,,,,游水,,
H388,21/05/2023,快操,沙田,全天候,沙田 全天候,,59.6,59.6,31.9 27.7,,助手,,快操,H,31.9 27.7 (59.6) (助手)
H388,21/05/2023,踱步,沙田,飛機場,沙田 飛機場,,,,,,助手,,踱步,H,飛機場 踱步 (助手)
H388,20/05/2023,游水,沙田,,沙田,,,,,,,,游水,,
H388,20/05/2023,踱步,沙田,內圈,沙田 內圈,,,,,,助手,,快踱一圈,H,內圈 快踱一圈 (助手)
H388,19/05/2023,游水,沙田,,沙田,,,,,,,,游水,,
H388,19/05/2023,踱步,沙田,內圈,沙田 內圈,,,,,,助手,,快踱一圈,H,內圈 快踱一圈 (助手)
H388,18/05/2023,游水,沙田,,沙田,,,,,,,,游水,,
H388,18/05/2023,踱步,沙田,內圈,沙田 內圈,,,,,,助手,,倒快兩圈,H,內圈 倒快兩圈 (助手)
H388,17/05/2023,游水,沙田,,沙田,,,,,,,,游水,,
H388,16/05/2023,游水,沙田,,沙田,,,,,,,,游水,,
H388,16/05/2023,快操,沙田,全天候,沙田 全天候,,59.7,59.7,31.8 27.9,,助手,,快操,H,31.8 27.9 (59.7) (助手)
H388,16/05/2023,踱步,沙田,飛機場,沙田 飛機場,,,,,,助手,,踱步,H,飛機場 踱步 (助手)
H388,15/05/2023,游水,沙田,,沙田,,,,,,,,游水,,
H388,15/05/2023,踱步,沙田,內圈,沙田 內圈,,,,,,助手,,倒快兩圈,H,內圈 倒快兩圈 (助手)
H388,14/05/2023,游水,沙田,,沙田,,,,,,,,游水,,
H388,14/05/2023,踱步,沙田,內圈,沙田 內圈,,,,,,助手,,快踱一圈,H,內圈 快踱一圈 (助手)
H388,13/05/2023,游水,沙田,,沙田,,,,,,,,游水,,
H388,13/05/2023,踱步,沙田,內圈,沙田 內圈,,,,,,助手,,快踱一圈,H,內圈 快踱一圈 (助手)
H388,12/05/2023,游水,沙田,,沙田,,,,,,,,游水,,
H388,12/05/2023,踱步,沙田,內圈,沙田 內圈,,,,,,助手,,快踱一圈,H,內圈 快踱一圈 (助手)
H388,11/05/2023,游水,沙田,,沙田,,,,,,,,游水,,
H388,11/05/2023,快操,沙田,全天候,沙田 全天候,,59.2,59.2,33.1 26.1,,助手,,快操,H,33.1 26.1 (59.2) (助手)
H388,11/05/2023,踱步,沙田,飛機場,沙田 飛機場,,,,,,助手,,踱步,H,飛機場 踱步 (助手)
H388,10/05/2023,游水,沙田,,沙田,,,,,,,,游水,,
H388,10/05/2023,踱步,沙田,內圈,沙田 內圈,,,,,,助手,,快踱一圈,H,內圈 快踱一圈 (助手)
H388,09/05/2023,游水,沙田,,沙田,,,,,,,,游水,,
H388,09/05/2023,踱步,沙田,內圈,沙田 內圈,,,,,,助手,,快踱一圈,H,內圈 快踱一圈 (助手)
H388,08/05/2023,游水,沙田,,沙田,,,,,,,,游水,,
H388,08/05/2023,踱步,沙田,內圈,沙田 內圈,,,,,,助手,,倒快一圈,H,內圈 倒快一圈 (助手)
H388,07/05/2023,游水,沙田,,沙田,,,,,,,,游水,,
H388,06/05/2023,游水,沙田,,沙田,,,,,,,,游水,,
H388,06/05/2023,快操,沙田,全天候,沙田 全天候,,27.9,27.9,27.9,,助手,,快操,H,27.9 (27.9) (助手)
H388,06/05/2023,踱步,沙田,飛機場,沙田 飛機場,,,,,,助手,,踱步,H,飛機場 踱步 (助手)
H388,05/05/2023,游水,沙田,,沙田,,,,,,,,游水,,
H388,05/05/2023,踱步,沙田,內圈,沙田 內圈,,,,,,助手,,快踱一圈,H,內圈 快踱一圈 (助手)
H388,04/05/2023,游水,沙田,,沙田,,,,,,,,游水,,
H388,04/05/2023,踱步,沙田,內圈,沙田 內圈,,,,,,助手,,倒快兩圈,,內圈 倒快兩圈 (助手)
H388,03/05/2023,踱步,沙田,內圈,沙田 內圈,,,,,,助手,,快踱一圈,H,內圈 快踱一圈 (助手)
H388,02/05/2023,游水,沙田,,沙田,,,,,,,,游水,,
H388,02/05/2023,快操,沙田,全天候,沙田 全天候,,30.1,30.1,30.1,,助手,,快操,H,30.1 (30.1) (助手)
H388,01/05/2023,游水,沙田,,沙田,,,,,,,,游水,,
H388,01/05/2023,踱步,沙田,內圈,沙田 內圈,,,,,,助手,,倒快一圈,H,內圈 倒快一圈 (助手)
H388,30/04/2023,踱步,沙田,內圈,沙田 內圈,,,,,,助手,,快踱一圈,H,內圈 快踱一圈 (助手)
H388,29/04/2023,踱步,沙田,內圈,沙田 內圈,,,,,,助手,,快踱一圈,H,內圈 快踱一圈 (助手)
H388,28/04/2023,快操,沙田,全天候,沙田 全天候,,31.2,31.2,31.2,,助手,,快操,H,31.2 (31.2) (助手)
H388,28/04/2023,踱步,沙田,飛機場,沙田 飛機場,,,,,,助手,,踱步,H,飛機場 踱步 (助手)
H388,27/04/2023,踱步,沙田,內圈,沙田 內圈,,,,,,助手,,倒快兩圈,H,內圈 倒快兩圈 (助手)
H388,26/04/2023,踱步,沙田,內圈,沙田 內圈,,,,,,助手,,快踱一圈,H,內圈 快踱一圈 (助手)
H388,25/04/2023,踱步,沙田,內圈,沙田 內圈,,,,,,助手,,快踱一圈,H,內圈 快踱一圈 (助手)
H388,24/04/2023,游水,沙田,,沙田,,,,,,,,游水,,
H388,24/04/2023,快操,沙田,全天候,沙田 全天候,,30.1,30.1,30.1,,助手,,快操,H,30.1 (30.1) (助手)
H388,24/04/2023,踱步,沙田,飛機場,沙田 飛機場,,,,,,助手,,踱步,H,飛機場 踱步 (助手)
H388,23/04/2023,踱步,沙田,內圈,沙田 內圈,,,,,,助手,,快踱一圈,H,內圈 快踱一圈 (助手)
H388,22/04/2023,踱步,沙田,內圈,沙田 內圈,,,,,,助手,,快踱一圈,H,內圈 快踱一圈 (助手)
H388,21/04/2023,踱步,沙田,內圈,沙田 內圈,,,,,,助手,,快踱一圈,H,內圈 快踱一圈 (助手)
H388,20/04/2023,踱步,沙田,內圈,沙田 內圈,,,,,,助手,,倒快一圈,H,內圈 倒快一圈 (助手)
H388,19/04/2023,踱步,沙田,內圈,沙田 內圈,,,,,,助手,,快踱一圈,H,內圈 快踱一圈 (助手)
H388,18/04/2023,踱步,沙田,內圈,沙田 內圈,,,,,,助手,,快踱一圈,H,內圈 快踱一圈 (助手)
H388,17/04/2023,踱步,沙田,內圈,沙田 內圈,,,,,,助手,,倒快一圈,H,內圈 倒快一圈 (助手)
H388,16/04/2023,踱步,沙田,內圈,沙田 內圈,,,,,,助手,,快踱一圈,H,內圈 快踱一圈 (助手)
H388,15/04/2023,踱步,沙田,內圈,沙田 內圈,,,,,,助手,,快踱一圈,H,內圈 快踱一圈 (助手)
H388,14/04/2023,踱步,沙田,內圈,沙田 內圈,,,,,,助手,,快踱一圈,H,內圈 快踱一圈 (助手)
H388,12/04/2023,踱步,沙田,內圈,沙田 內圈,,,,,,助手,,快踱一圈,H,內圈 快踱一圈 (助手)
H388,11/04/2023,踱步,沙田,飛機場,沙田 飛機場,,,,,,助手,,踱步,H,飛機場 踱步 (助手)
H388,10/04/2023,踱步,沙田,飛機場,沙田 飛機場,,,,,,助手,,踱步,,飛機場 踱步 (助手)
H388,09/04/2023,踱步,沙田,飛機場,沙田 飛機場,,,,,,助手,,踱步,,飛機場 踱步 (助手)
H388,08/04/2023,踱步,沙田,飛機場,沙田 飛機場,,,,,,助手,,踱步,H,飛機場 踱步 (助手)
H388,07/04/2023,踱步,沙田,飛機場,沙田 飛機場,,,,,,助手,,踱步,,飛機場 踱步 (助手)
H388,06/04/2023,踱步,沙田,飛機場,沙田 飛機場,,,,,,助手,,踱步,,飛機場 踱步 (助手)
H388,05/04/2023,踱步,沙田,飛機場,沙田 飛機場,,,,,,助手,,踱步,H,飛機場 踱步 (助手)
