horse_no,date,work_type,racecourse,track,venue,distance,time,time_sec,splits,partner,rider,placing,comment,gear,workout_details
G476,05/09/2026,踱步,沙田,內圈,沙田 內圈,,,,,,助手,,快踱一圈,H,內圈 快踱一圈 (助手)
G476,04/09/2026,踱步,沙田,內圈,沙田 內圈,,,,,,助手,,快踱一圈,H,內圈 快踱一圈 (助手)
G476,03/09/2026,馬匹跑步機,沙田,,沙田,,,,,,上斜,,馬匹跑步機 - 踱步,,馬匹跑步機 - 踱步 （上斜）
G476,03/09/2026,踱步,沙田,奧運馬房沙地練習場,沙田 奧運馬房沙地練習場,,,,,,助手,,踱步,H,奧運馬房沙地練習場 踱步 (助手)
G476,02/09/2026,試閘,沙田,全天候,沙田 全天候,1200M,1.10.99,70.99,24.7 22.8 23.4,穿甲戰鷹,周俊樂,,第1組,,第1組 (周俊樂) 1200M 穿甲戰鷹 24.7 22.8 23.4 (1.10.99)
G476,01/09/2026,馬匹跑步機,沙田,,沙田,,,,,,上斜,,馬匹跑步機 - 踱步,,馬匹跑步機 - 踱步 （上斜）
G476,01/09/2026,踱步,沙田,內圈,沙田 內圈,,,,,,助手,,快踱兩圈,H,內圈 快踱兩圈 (助手)
G476,31/08/2026,踱步,沙田,內圈,沙田 內圈,,,,,,助手,,倒快兩圈,H,內圈 倒快兩圈 (助手)
G476,30/08/2026,游水,沙田,,沙田,,,,,,,,游水,,
G476,29/08/2026,快操,沙田,全天候,沙田 全天候,,53.7,53.7,28.5 25.2,,助手,,快操,H,28.5 25.2 (53.7) (助手)
G476,28/08/2026,游水,沙田,,沙田,,,,,,,,游水,,
G476,28/08/2026,踱步,沙田,河畔跑道,沙田 河畔跑道,,,,,,助手,,踱步,H,河畔跑道 踱步 (助手)
G476,27/08/2026,游水,沙田,,沙田,,,,,,,,游水,,
G476,27/08/2026,踱步,沙田,內圈,沙田 內圈,,,,,,助手,,倒快一圈,H,內圈 倒快一圈 (助手)
G476,26/08/2026,快操,沙田,全天候,沙田 全天候,,1.28.8,88.8,32.4 29.6 26.8,,助手,,快操,H,32.4 29.6 26.8 (1.28.8) (助手)
G476,25/08/2026,游水,沙田,,沙田,,,,,,,,游水,,
G476,25/08/2026,踱步,沙田,內圈,沙田 內圈,,,,,,助手,,快踱一圈,H,內圈 快踱一圈 (助手)
G476,24/08/2026,游水,沙田,,沙田,,,,,,,,游水,,
G476,24/08/2026,踱步,沙田,內圈,沙田 內圈,,,,,,助手,,倒快兩圈,H,內圈 倒快兩圈 (助手)
G476,23/08/2026,游水,沙田,,沙田,,,,,,,,游水,,
G476,22/08/2026,快操,沙田,全天候,沙田 全天候,,1.29.7,89.7,32.6 29.9 27.2,,助手,,快操,H,32.6 29.9 27.2 (1.29.7) (助手)
G476,21/08/2026,游水,沙田,,沙田,,,,,,,,游水,,
G476,21/08/2026,踱步,沙田,內圈,沙田 內圈,,,,,,助手,,快踱一圈,H,內圈 快踱一圈 (助手)
G476,20/08/2026,游水,沙田,,沙田,,,,,,,,游水,,
G476,20/08/2026,踱步,沙田,內圈,沙田 內圈,,,,,,助手,,倒快一圈,H,內圈 倒快一圈 (助手)
G476,19/08/2026,快操,沙田,全天候,沙田 全天候,,55.2,55.2,29.2 26.0,,助手,,快操,H,29.2 26.0 (55.2) (助手)
G476,18/08/2026,游水,沙田,,沙田,,,,,,,,游水,,
G476,18/08/2026,踱步,沙田,內圈,沙田 內圈,,,,,,助手,,快踱一圈,H,內圈 快踱一圈 (助手)
G476,17/08/2026,游水,沙田,,沙田,,,,,,,,游水,,
G476,17/08/2026,踱步,沙田,內圈,沙田 內圈,,,,,,助手,,倒快兩圈,H,內圈 倒快兩圈 (助手)
G476,15/08/2026,快操,沙田,全天候,沙田 全天候,,57.3,57.3,31.0 26.3,,助手,,快操,H,31.0 26.3 (57.3) (助手)
G476,14/08/2026,游水,沙田,,沙田,,,,,,,,游水,,
G476,14/08/2026,踱步,沙田,內圈,沙田 內圈,,,,,,助手,,快踱一圈,H,內圈 快踱一圈 (助手)
G476,13/08/2026,游水,沙田,,沙田,,,,,,,,游水,,
G476,13/08/2026,踱步,沙田,內圈,沙田 內圈,,,,,,助手,,倒快一圈,H,內圈 倒快一圈 (助手)
G476,12/08/2026,快操,沙田,全天候,沙田 全天候,,56.9,56.9,30.3 26.6,,助手,,快操,H,30.3 26.6 (56.9) (助手)
G476,11/08/2026,游水,沙田,,沙田,,,,,,,,游水,,
G476,11/08/2026,踱步,沙田,內圈,沙田 內圈,,,,,,助手,,快踱一圈,H,內圈 快踱一圈 (助手)
G476,10/08/2026,游水,沙田,,沙田,,,,,,,,游水,,
G476,10/08/2026,踱步,沙田,內圈,沙田 內圈,,,,,,助手,,倒快兩圈,H,內圈 倒快兩圈 (助手)
G476,09/08/2026,游水,沙田,,沙田,,,,,,,,游水,,
G476,08/08/2026,快操,沙田,全天候,沙田 全天候,,30.4,30.4,30.4,,助手,,快操,H,30.4 (30.4) (助手)
G476,07/08/2026,游水,沙田,,沙田,,,,,,,,游水,,
G476,07/08/2026,踱步,沙田,內圈,沙田 內圈,,,,,,助手,,快踱一圈,H,內圈 快踱一圈 (助手)
G476,06/08/2026,游水,沙田,,沙田,,,,,,,,游水,,
G476,06/08/2026,踱步,沙田,內圈,沙田 內圈,,,,,,助手,,倒快兩圈,H,內圈 倒快兩圈 (助手)
G476,05/08/2026,踱步,沙田,內圈,沙田 內圈,,,,,,助手,,快踱一圈,H,內圈 快踱一圈 (助手)
G476,04/08/2026,踱步,沙田,內圈,沙田 內圈,,,,,,助手,,快踱一圈,,內圈 快踱一圈 (助手)
G476,03/08/2026,踱步,沙田,內圈,沙田 內圈,,,,,,助手,,快踱一圈,,內圈 快踱一圈 (助手)
G476,01/08/2026,踱步,沙田,內圈,沙田 內圈,,,,,,助手,,快踱一圈,,內圈 快踱一圈 (助手)
G476,31/07/2026,踱步,沙田,內圈,沙田 內圈,,,,,,助手,,快踱一圈,,內圈 快踱一圈 (助手)
G476,30/07/2026,馬匹跑步機,沙田,,沙田,,,,,,上斜,,馬匹跑步機 - 踱步,,馬匹跑步機 - 踱步 （上斜）
G476,30/07/2026,踱步,沙田,奧運馬房沙地練習場,沙田 奧運馬房沙地練習場,,,,,,助手,,踱步,,奧運馬房沙地練習場 踱步 (助手)
G476,29/07/2026,踱步,沙田,奧運馬房沙地練習場,沙田 奧運馬房沙地練習場,,,,,,助手,,踱步,,奧運馬房沙地練習場 踱步 (助手)
G476,28/07/2026,踱步,沙田,奧運馬房沙地練習場,沙田 奧運馬房沙地練習場,,,,,,助手,,踱步,,奧運馬房沙地練習場 踱步 (助手)
G476,27/07/2026,踱步,沙田,奧運馬房沙地練習場,沙田 奧運馬房沙地練習場,,,,,,助手,,踱步,,奧運馬房沙地練習場 踱步 (助手)
G476,25/07/2026,踱步,沙田,奧運馬房沙地練習場,沙田 奧運馬房沙地練習場,,,,,,助手,,踱步,,奧運馬房沙地練習場 踱步 (助手)
G476,15/07/2026,出賽,跑馬地,草地,跑馬地 草地,1800M,,,,,梁家俊,2/12,出賽,CP/TT,1800M (梁家俊) (2/12)
G476,15/07/2026,踱步,沙田,內圈,沙田 內圈,,,,,,助手,,快踱一圈,H,內圈 快踱一圈 (助手)
G476,14/07/2026,游水,沙田,,沙田,,,,,,,,游水,,
G476,14/07/2026,踱步,沙田,內圈,沙田 內圈,,,,,,助手,,快踱一圈,H,內圈 快踱一圈 (助手)
G476,13/07/2026,游水,沙田,,沙田,,,,,,,,游水,,
G476,13/07/2026,踱步,沙田,內圈,沙田 內圈,,,,,,助手,,倒快一圈,H,內圈 倒快一圈 (助手)
G476,12/07/2026,游水,沙田,,沙田,,,,,,,,游水,,
G476,12/07/2026,快操,沙田,全天候,沙田 全天候,,57.6,57.6,31.0 26.6,,助手,,快操,CP/H,31.0 26.6 (57.6) (助手)
G476,12/07/2026,踱步,沙田,飛機場,沙田 飛機場,,,,,,助手,,踱步,CP/H,飛機場 踱步 (助手)
G476,11/07/2026,游水,沙田,,沙田,,,,,,,,游水,,
G476,11/07/2026,踱步,沙田,內圈,沙田 內圈,,,,,,助手,,快踱一圈,H,內圈 快踱一圈 (助手)
G476,10/07/2026,游水,沙田,,沙田,,,,,,,,游水,,
G476,10/07/2026,踱步,沙田,內圈,沙田 內圈,,,,,,助手,,快踱一圈,H,內圈 快踱一圈 (助手)
G476,09/07/2026,游水,沙田,,沙田,,,,,,,,游水,,
G476,09/07/2026,踱步,沙田,內圈,沙田 內圈,,,,,,助手,,倒快一圈,H,內圈 倒快一圈 (助手)
G476,08/07/2026,游水,沙田,,沙田,,,,,,,,游水,,
G476,08/07/2026,踱步,沙田,內圈,沙田 內圈,,,,,,助手,,快踱一圈,H,內圈 快踱一圈 (助手)
G476,07/07/2026,游水,沙田,,沙田,,,,,,,,游水,,
G476,07/07/2026,快操,沙田,全天候,沙田 全天候,,28.6,28.6,28.6,,助手,,快操,H,28.6 (28.6) (助手)
G476,07/07/2026,踱步,沙田,飛機場,沙田 飛機場,,,,,,助手,,踱步,H,飛機場 踱步 (助手)
G476,06/07/2026,游水,沙田,,沙田,,,,,,,,游水,,
G476,06/07/2026,踱步,沙田,內圈,沙田 內圈,,,,,,助手,,倒快兩圈,H,內圈 倒快兩圈 (助手)
G476,05/07/2026,游水,沙田,,沙田,,,,,,,,游水,,
G476,04/07/2026,游水,沙田,,沙田,,,,,,,,游水,,
G476,04/07/2026,踱步,沙田,內圈,沙田 內圈,,,,,,助手,,快踱一圈,H,內圈 快踱一圈 (助手)
G476,02/07/2026,游水,沙田,,沙田,,,,,,,,游水,,
G476,02/07/2026,快操,沙田,草閘,沙田 草閘,,46.5,46.5,24.1 22.4,,助手,,"鬥志波, 凱皇寶",CP,"24.1 22.4 (46.5) (助手) 鬥志波, 凱皇寶"
G476,02/07/2026,踱步,沙田,飛機場,沙田 飛機場,,,,,,助手,,踱步,CP,飛機場 踱步 (助手)
G476,01/07/2026,游水,沙田,,沙田,,,,,,,,游水,,
G476,01/07/2026,踱步,沙田,內圈,沙田 內圈,,,,,,助手,,快踱一圈,H,內圈 快踱一圈 (助手)
G476,30/06/2026,游水,沙田,,沙田,,,,,,,,游水,,
G476,30/06/2026,踱步,沙田,內圈,沙田 內圈,,,,,,助手,,快踱一圈,H,內圈 快踱一圈 (助手)
G476,29/06/2026,游水,沙田,,沙田,,,,,,,,游水,,
G476,29/06/2026,踱步,沙田,內圈,沙田 內圈,,,,,,助手,,倒快一圈,H,內圈 倒快一圈 (助手)
G476,28/06/2026,游水,沙田,,沙田,,,,,,,,游水,,
G476,28/06/2026,快操,沙田,全天候,沙田 全天候,,55.6,55.6,30.3 25.3,,助手,,快操,CP/H,30.3 25.3 (55.6) (助手)
G476,28/06/2026,踱步,沙田,飛機場,沙田 飛機場,,,,,,助手,,踱步,CP/H,飛機場 踱步 (助手)
G476,27/06/2026,游水,沙田,,沙田,,,,,,,,游水,,
G476,27/06/2026,踱步,沙田,內圈,沙田 內圈,,,,,,助手,,快踱一圈,H,內圈 快踱一圈 (助手)
G476,26/06/2026,游水,沙田,,沙田,,,,,,,,游水,,
G476,26/06/2026,踱步,沙田,內圈,沙田 內圈,,,,,,助手,,快踱一圈,H,內圈 快踱一圈 (助手)
G476,25/06/2026,游水,沙田,,沙田,,,,,,,,游水,,
G476,25/06/2026,踱步,沙田,內圈,沙田 內圈,,,,,,助手,,倒快一圈,H,內圈 倒快一圈 (助手)
G476,24/06/2026,游水,沙田,,沙田,,,,,,,,游水,,
G476,24/06/2026,快操,沙田,全天候,沙田 全天候,,25.0,25.0,25.0,,助手,,快操,H,25.0 (25.0) (助手)
G476,24/06/2026,踱步,沙田,飛機場,沙田 飛機場,,,,,,助手,,踱步,H,飛機場 踱步 (助手)
G476,23/06/2026,游水,沙田,,沙田,,,,,,,,游水,,
G476,23/06/2026,踱步,沙田,內圈,沙田 內圈,,,,,,助手,,快踱一圈,H,內圈 快踱一圈 (助手)
G476,22/06/2026,游水,沙田,,沙田,,,,,,,,游水,,
G476,22/06/2026,踱步,沙田,內圈,沙田 內圈,,,,,,助手,,倒快一圈,H,內圈 倒快一圈 (助手)
G476,21/06/2026,游水,沙田,,沙田,,,,,,,,游水,,
G476,20/06/2026,游水,沙田,,沙田,,,,,,,,游水,,
G476,20/06/2026,踱步,沙田,內圈,沙田 內圈,,,,,,助手,,快踱一圈,H,內圈 快踱一圈 (助手)
G476,19/06/2026,游水,沙田,,沙田,,,,,,,,游水,,
G476,19/06/2026,踱步,沙田,內圈,沙田 內圈,,,,,,助手,,快踱一圈,H,內圈 快踱一圈 (助手)
G476,18/06/2026,游水,沙田,,沙田,,,,,,,,游水,,
G476,18/06/2026,踱步,沙田,內圈,沙田 內圈,,,,,,助手,,倒快一圈,H,內圈 倒快一圈 (助手)
G476,17/06/2026,游水,沙田,,沙田,,,,,,,,游水,,
G476,17/06/2026,踱步,沙田,內圈,沙田 內圈,,,,,,助手,,快踱一圈,H,內圈 快踱一圈 (助手)
G476,16/06/2026,游水,沙田,,沙田,,,,,,,,游水,,
G476,13/06/2026,出賽,沙田,草地,沙田 草地,1400M,,,,,何澤堯,7/14,出賽,CP/TT,1400M (何澤堯) (7/14)
G476,13/06/2026,踱步,沙田,內圈,沙田 內圈,,,,,,助手,,快踱一圈,H,內圈 快踱一圈 (助手)
G476,12/06/2026,游水,沙田,,沙田,,,,,,,,游水,,
G476,12/06/2026,踱步,沙田,內圈,沙田 內圈,,,,,,助手,,快踱一圈,H,內圈 快踱一圈 (助手)
G476,11/06/2026,游水,沙田,,沙田,,,,,,,,游水,,
G476,11/06/2026,踱步,沙田,內圈,沙田 內圈,,,,,,助手,,倒快一圈,H,內圈 倒快一圈 (助手)
G476,10/06/2026,游水,沙田,,沙田,,,,,,,,游水,,
G476,10/06/2026,快操,沙田,全天候,沙田 全天候,,55.2,55.2,31.0 24.2,,助手,,天蓬貓,CP/H,31.0 24.2 (55.2) (助手) 天蓬貓
G476,10/06/2026,踱步,沙田,飛機場,沙田 飛機場,,,,,,助手,,踱步,CP/H,飛機場 踱步 (助手)
G476,09/06/2026,游水,沙田,,沙田,,,,,,,,游水,,
G476,09/06/2026,踱步,沙田,內圈,沙田 內圈,,,,,,助手,,快踱一圈,H,內圈 快踱一圈 (助手)
G476,08/06/2026,游水,沙田,,沙田,,,,,,,,游水,,
G476,08/06/2026,踱步,沙田,內圈,沙田 內圈,,,,,,助手,,倒快一圈,H,內圈 倒快一圈 (助手)
G476,07/06/2026,游水,沙田,,沙田,,,,,,,,游水,,
G476,06/06/2026,游水,沙田,,沙田,,,,,,,,游水,,
G476,06/06/2026,快操,沙田,全天候,沙田 全天候,,56.9,56.9,30.0 26.9,,助手,,快操,CP/H,30.0 26.9 (56.9) (助手)
G476,06/06/2026,踱步,沙田,飛機場,沙田 飛機場,,,,,,助手,,踱步,CP/H,飛機場 踱步 (助手)
G476,05/06/2026,游水,沙田,,沙田,,,,,,,,游水,,
G476,05/06/2026,踱步,沙田,內圈,沙田 內圈,,,,,,助手,,快踱一圈,H,內圈 快踱一圈 (助手)
G476,04/06/2026,游水,沙田,,沙田,,,,,,,,游水,,
G476,04/06/2026,踱步,沙田,內圈,沙田 內圈,,,,,,助手,,倒快一圈,H,內圈 倒快一圈 (助手)
G476,03/06/2026,游水,沙田,,沙田,,,,,,,,游水,,
G476,03/06/2026,踱步,沙田,內圈,沙田 內圈,,,,,,助手,,快踱一圈,H,內圈 快踱一圈 (助手)
G476,02/06/2026,游水,沙田,,沙田,,,,,,,,游水,,
G476,02/06/2026,踱步,沙田,內圈,沙田 內圈,,,,,,助手,,快踱一圈,H,內圈 快踱一圈 (助手)
G476,01/06/2026,游水,沙田,,沙田,,,,,,,,游水,,
G476,01/06/2026,踱步,沙田,內圈,沙田 內圈,,,,,,助手,,倒快一圈,H,內圈 倒快一圈 (助手)
G476,31/05/2026,游水,沙田,,沙田,,,,,,,,游水,,
G476,31/05/2026,踱步,沙田,飛機場,沙田 飛機場,,,,,,助手,,踱步,H,飛機場 踱步 (助手)
G476,27/05/2026,出賽,跑馬地,草地,跑馬地 草地,1650M,,,,,布文,5/12,出賽,CP/TT,1650M (布文) (5/12)
G476,27/05/2026,踱步,沙田,內圈,沙田 內圈,,,,,,助手,,快踱一圈,H,內圈 快踱一圈 (助手)
G476,26/05/2026,游水,沙田,,沙田,,,,,,,,游水,,
G476,26/05/2026,踱步,沙田,內圈,沙田 內圈,,,,,,助手,,快踱一圈,H,內圈 快踱一圈 (助手)
G476,25/05/2026,游水,沙田,,沙田,,,,,,,,游水,,
G476,25/05/2026,踱步,沙田,內圈,沙田 內圈,,,,,,助手,,倒快一圈,H,內圈 倒快一圈 (助手)
G476,24/05/2026,游水,沙田,,沙田,,,,,,,,游水,,
G476,24/05/2026,快操,沙田,全天候,沙田 全天候,,54.9,54.9,29.9 25.0,,助手,,納百川,CP/H,29.9 25.0 (54.9) (助手) 納百川
G476,24/05/2026,踱步,沙田,飛機場,沙田 飛機場,,,,,,助手,,踱步,CP/H,飛機場 踱步 (助手)
G476,23/05/2026,游水,沙田,,沙田,,,,,,,,游水,,
G476,23/05/2026,踱步,沙田,內圈,沙田 內圈,,,,,,助手,,快踱一圈,H,內圈 快踱一圈 (助手)
G476,22/05/2026,游水,沙田,,沙田,,,,,,,,游水,,
G476,22/05/2026,踱步,沙田,內圈,沙田 內圈,,,,,,助手,,快踱一圈,H,內圈 快踱一圈 (助手)
G476,21/05/2026,游水,沙田,,沙田,,,,,,,,游水,,
G476,21/05/2026,踱步,沙田,內圈,沙田 內圈,,,,,,助手,,倒快一圈,H,內圈 倒快一圈 (助手)
G476,20/05/2026,游水,沙田,,沙田,,,,,,,,游水,,
G476,20/05/2026,踱步,沙田,內圈,沙田 內圈,,,,,,助手,,快踱一圈,H,內圈 快踱一圈 (助手)
G476,19/05/2026,游水,沙田,,沙田,,,,,,,,游水,,
G476,19/05/2026,踱步,沙田,內圈,沙田 內圈,,,,,,助手,,快踱一圈,H,內圈 快踱一圈 (助手)
G476,18/05/2026,游水,沙田,,沙田,,,,,,,,游水,,
G476,18/05/2026,踱步,沙田,內圈,沙田 內圈,,,,,,助手,,倒快一圈,H,內圈 倒快一圈 (助手)
G476,17/05/2026,踱步,沙田,飛機場,沙田 飛機場,,,,,,助手,,踱步,H,飛機場 踱步 (助手)
G476,16/05/2026,游水,沙田,,沙田,,,,,,,,游水,,
G476,13/05/2026,出賽,跑馬地,草地,跑馬地 草地,1650M,,,,,布文,7/12,出賽,CP/TT,1650M (布文) (7/12)
G476,13/05/2026,踱步,沙田,內圈,沙田 內圈,,,,,,助手,,快踱一圈,H,內圈 快踱一圈 (助手)
G476,12/05/2026,游水,沙田,,沙田,,,,,,,,游水,,
G476,12/05/2026,踱步,沙田,內圈,沙田 內圈,,,,,,助手,,快踱一圈,H,內圈 快踱一圈 (助手)
G476,11/05/2026,游水,沙田,,沙田,,,,,,,,游水,,
G476,11/05/2026,踱步,沙田,內圈,沙田 內圈,,,,,,助手,,倒快一圈,H,內圈 倒快一圈 (助手)
G476,10/05/2026,游水,沙田,,沙田,,,,,,,,游水,,
G476,10/05/2026,快操,沙田,全天候,沙田 全天候,,56.1,56.1,30.0 26.1,,助手,,快操,CP/H,30.0 26.1 (56.1) (助手)
G476,10/05/2026,踱步,沙田,飛機場,沙田 飛機場,,,,,,助手,,踱步,CP/H,飛機場 踱步 (助手)
G476,09/05/2026,游水,沙田,,沙田,,,,,,,,游水,,
G476,09/05/2026,踱步,沙田,內圈,沙田 內圈,,,,,,助手,,快踱一圈,H,內圈 快踱一圈 (助手)
G476,08/05/2026,游水,沙田,,沙田,,,,,,,,游水,,
G476,08/05/2026,踱步,沙田,內圈,沙田 內圈,,,,,,助手,,快踱一圈,H,內圈 快踱一圈 (助手)
G476,07/05/2026,游水,沙田,,沙田,,,,,,,,游水,,
G476,07/05/2026,踱步,沙田,內圈,沙田 內圈,,,,,,助手,,倒快一圈,H,內圈 倒快一圈 (助手)
G476,06/05/2026,游水,沙田,,沙田,,,,,,,,游水,,
G476,06/05/2026,踱步,沙田,內圈,沙田 內圈,,,,,,助手,,快踱一圈,H,內圈 快踱一圈 (助手)
G476,05/05/2026,游水,沙田,,沙田,,,,,,,,游水,,
G476,05/05/2026,踱步,沙田,內圈,沙田 內圈,,,,,,助手,,快踱一圈,H,內圈 快踱一圈 (助手)
G476,04/05/2026,游水,沙田,,沙田,,,,,,,,游水,,
G476,04/05/2026,踱步,沙田,內圈,沙田 內圈,,,,,,助手,,倒快一圈,H,內圈 倒快一圈 (助手)
G476,03/05/2026,游水,沙田,,沙田,,,,,,,,游水,,
G476,03/05/2026,踱步,沙田,飛機場,沙田 飛機場,,,,,,助手,,踱步,H,飛機場 踱步 (助手)
G476,02/05/2026,游水,沙田,,沙田,,,,,,,,游水,,
G476,01/05/2026,游水,沙田,,沙田,,,,,,,,游水,,
G476,30/04/2026,游水,沙田,,沙田,,,,,,,,游水,,
G476,29/04/2026,出賽,跑馬地,草地,跑馬地 草地,1650M,,,,,布浩榮,6/12,出賽,CP/TT,1650M (布浩榮) (6/12)
G476,29/04/2026,踱步,沙田,內圈,沙田 內圈,,,,,,助手,,快踱一圈,H,內圈 快踱一圈 (助手)
G476,28/04/2026,游水,沙田,,沙田,,,,,,,,游水,,
G476,28/04/2026,踱步,沙田,內圈,沙田 內圈,,,,,,助手,,快踱一圈,H,內圈 快踱一圈 (助手)
G476,27/04/2026,游水,沙田,,沙田,,,,,,,,游水,,
G476,27/04/2026,踱步,沙田,內圈,沙田 內圈,,,,,,助手,,倒快一圈,H,內圈 倒快一圈 (助手)
G476,26/04/2026,游水,沙田,,沙田,,,,,,,,游水,,
G476,26/04/2026,快操,沙田,全天候,沙田 全天候,,55.9,55.9,30.6 25.3,,助手,,快操,CP/H,30.6 25.3 (55.9) (助手)
G476,26/04/2026,踱步,沙田,飛機場,沙田 飛機場,,,,,,助手,,踱步,CP/H,飛機場 踱步 (助手)
G476,25/04/2026,游水,沙田,,沙田,,,,,,,,游水,,
G476,25/04/2026,踱步,沙田,內圈,沙田 內圈,,,,,,助手,,快踱一圈,H,內圈 快踱一圈 (助手)
G476,24/04/2026,游水,沙田,,沙田,,,,,,,,游水,,
G476,24/04/2026,踱步,沙田,內圈,沙田 內圈,,,,,,助手,,快踱一圈,H,內圈 快踱一圈 (助手)
G476,23/04/2026,游水,沙田,,沙田,,,,,,,,游水,,
G476,23/04/2026,踱步,沙田,內圈,沙田 內圈,,,,,,助手,,倒快一圈,H,內圈 倒快一圈 (助手)
G476,22/04/2026,游水,沙田,,沙田,,,,,,,,游水,,
G476,22/04/2026,踱步,沙田,內圈,沙田 內圈,,,,,,助手,,快踱一圈,H,內圈 快踱一圈 (助手)
G476,21/04/2026,游水,沙田,,沙田,,,,,,,,游水,,
G476,21/04/2026,踱步,沙田,內圈,沙田 內圈,,,,,,助手,,快踱一圈,H,內圈 快踱一圈 (助手)
G476,20/04/2026,游水,沙田,,沙田,,,,,,,,游水,,
G476,20/04/2026,踱步,沙田,內圈,沙田 內圈,,,,,,助手,,倒快兩圈,H,內圈 倒快兩圈 (助手)
G476,19/04/2026,游水,沙田,,沙田,,,,,,,,游水,,
G476,19/04/2026,踱步,沙田,飛機場,沙田 飛機場,,,,,,助手,,踱步,H,飛機場 踱步 (助手)
G476,15/04/2026,出賽,跑馬地,草地,跑馬地 草地,1800M,,,,,布文,5/12,出賽,CP/TT,1800M (布文) (5/12)
G476,15/04/2026,踱步,沙田,內圈,沙田 內圈,,,,,,助手,,快踱一圈,H,內圈 快踱一圈 (助手)
G476,14/04/2026,游水,沙田,,沙田,,,,,,,,游水,,
G476,14/04/2026,踱步,沙田,內圈,沙田 內圈,,,,,,助手,,快踱一圈,H,內圈 快踱一圈 (助手)
G476,13/04/2026,游水,沙田,,沙田,,,,,,,,游水,,
G476,13/04/2026,踱步,沙田,內圈,沙田 內圈,,,,,,助手,,倒快一圈,H,內圈 倒快一圈 (助手)
G476,12/04/2026,游水,沙田,,沙田,,,,,,,,游水,,
G476,12/04/2026,快操,沙田,全天候,沙田 全天候,,53.7,53.7,30.1 23.6,,助手,,挺秀弘利,CP/H,30.1 23.6 (53.7) (助手) 挺秀弘利
G476,12/04/2026,踱步,沙田,飛機場,沙田 飛機場,,,,,,助手,,踱步,CP/H,飛機場 踱步 (助手)
G476,11/04/2026,游水,沙田,,沙田,,,,,,,,游水,,
G476,11/04/2026,踱步,沙田,內圈,沙田 內圈,,,,,,助手,,快踱一圈,H,內圈 快踱一圈 (助手)
G476,10/04/2026,游水,沙田,,沙田,,,,,,,,游水,,
G476,10/04/2026,踱步,沙田,內圈,沙田 內圈,,,,,,助手,,快踱一圈,H,內圈 快踱一圈 (助手)
G476,09/04/2026,游水,沙田,,沙田,,,,,,,,游水,,
G476,09/04/2026,踱步,沙田,內圈,沙田 內圈,,,,,,助手,,倒快一圈,H,內圈 倒快一圈 (助手)
G476,08/04/2026,游水,沙田,,沙田,,,,,,,,游水,,
G476,08/04/2026,踱步,沙田,內圈,沙田 內圈,,,,,,助手,,快踱一圈,H,內圈 快踱一圈 (助手)
G476,07/04/2026,游水,沙田,,沙田,,,,,,,,游水,,
G476,07/04/2026,踱步,沙田,內圈,沙田 內圈,,,,,,助手,,快踱一圈,H,內圈 快踱一圈 (助手)
G476,06/04/2026,游水,沙田,,沙田,,,,,,,,游水,,
G476,06/04/2026,踱步,沙田,內圈,沙田 內圈,,,,,,助手,,倒快兩圈,H,內圈 倒快兩圈 (助手)
G476,04/04/2026,踱步,沙田,內圈,沙田 內圈,,,,,,助手,,快踱一圈,H,內圈 快踱一圈 (助手)
G476,03/04/2026,游水,沙田,,沙田,,,,,,,,游水,,
G476,02/04/2026,試閘,沙田,全天候,沙田 全天候,1200M,1.10.07,70.07,24.2 21.7 24.1,勇進駒,布文,,第1組,CP,第1組 (布文) 1200M 勇進駒 24.2 21.7 24.1 (1.10.07)
G476,01/04/2026,游水,沙田,,沙田,,,,,,,,游水,,
G476,01/04/2026,踱步,沙田,內圈,沙田 內圈,,,,,,助手,,快踱一圈,H,內圈 快踱一圈 (助手)
G476,31/03/2026,游水,沙田,,沙田,,,,,,,,游水,,
G476,31/03/2026,踱步,沙田,內圈,沙田 內圈,,,,,,助手,,快踱一圈,H,內圈 快踱一圈 (助手)
G476,30/03/2026,游水,沙田,,沙田,,,,,,,,游水,,
G476,30/03/2026,快操,沙田,全天候,沙田 全天候,,56.3,56.3,29.5 26.8,,助手,,快操,CP/H,29.5 26.8 (56.3) (助手)
G476,30/03/2026,踱步,沙田,飛機場,沙田 飛機場,,,,,,助手,,踱步,CP/H,飛機場 踱步 (助手)
G476,29/03/2026,踱步,沙田,內圈,沙田 內圈,,,,,,助手,,快踱一圈,H,內圈 快踱一圈 (助手)
G476,28/03/2026,游水,沙田,,沙田,,,,,,,,游水,,
G476,28/03/2026,踱步,沙田,內圈,沙田 內圈,,,,,,助手,,快踱一圈,H,內圈 快踱一圈 (助手)
G476,27/03/2026,游水,沙田,,沙田,,,,,,,,游水,,
G476,27/03/2026,踱步,沙田,內圈,沙田 內圈,,,,,,助手,,快踱一圈,H,內圈 快踱一圈 (助手)
G476,26/03/2026,游水,沙田,,沙田,,,,,,,,游水,,
G476,26/03/2026,快操,沙田,全天候,沙田 全天候,,27.2,27.2,27.2,,助手,,快操,H,27.2 (27.2) (助手)
G476,26/03/2026,踱步,沙田,飛機場,沙田 飛機場,,,,,,助手,,踱步,H,飛機場 踱步 (助手)
G476,25/03/2026,游水,沙田,,沙田,,,,,,,,游水,,
G476,25/03/2026,踱步,沙田,內圈,沙田 內圈,,,,,,助手,,快踱一圈,H,內圈 快踱一圈 (助手)
G476,24/03/2026,游水,沙田,,沙田,,,,,,,,游水,,
G476,24/03/2026,踱步,沙田,內圈,沙田 內圈,,,,,,助手,,快踱一圈,H,內圈 快踱一圈 (助手)
G476,23/03/2026,游水,沙田,,沙田,,,,,,,,游水,,
G476,23/03/2026,踱步,沙田,內圈,沙田 內圈,,,,,,助手,,倒快一圈,H,內圈 倒快一圈 (助手)
G476,22/03/2026,游水,沙田,,沙田,,,,,,,,游水,,
G476,22/03/2026,快操,沙田,全天候,沙田 全天候,,58.2,58.2,31.8 26.4,,助手,,快操,CP/H,31.8 26.4 (58.2) (助手)
G476,22/03/2026,踱步,沙田,飛機場,沙田 飛機場,,,,,,助手,,踱步,CP/H,飛機場 踱步 (助手)
G476,21/03/2026,游水,沙田,,沙田,,,,,,,,游水,,
G476,21/03/2026,踱步,沙田,內圈,沙田 內圈,,,,,,助手,,快踱一圈,H,內圈 快踱一圈 (助手)
G476,20/03/2026,游水,沙田,,沙田,,,,,,,,游水,,
G476,20/03/2026,踱步,沙田,內圈,沙田 內圈,,,,,,助手,,快踱一圈,H,內圈 快踱一圈 (助手)
G476,19/03/2026,游水,沙田,,沙田,,,,,,,,游水,,
G476,19/03/2026,踱步,沙田,內圈,沙田 內圈,,,,,,助手,,倒快一圈,H,內圈 倒快一圈 (助手)
G476,18/03/2026,游水,沙田,,沙田,,,,,,,,游水,,
G476,18/03/2026,快操,沙田,全天候,沙田 全天候,,27.4,27.4,27.4,,助手,,快操,H,27.4 (27.4) (助手)
G476,18/03/2026,踱步,沙田,飛機場,沙田 飛機場,,,,,,助手,,踱步,H,飛機場 踱步 (助手)
G476,17/03/2026,游水,沙田,,沙田,,,,,,,,游水,,
G476,17/03/2026,踱步,沙田,內圈,沙田 內圈,,,,,,助手,,快踱一圈,H,內圈 快踱一圈 (助手)
G476,16/03/2026,游水,沙田,,沙田,,,,,,,,游水,,
G476,16/03/2026,踱步,沙田,內圈,沙田 內圈,,,,,,助手,,倒快一圈,H,內圈 倒快一圈 (助手)
G476,15/03/2026,游水,沙田,,沙田,,,,,,,,游水,,
G476,15/03/2026,踱步,沙田,內圈,沙田 內圈,,,,,,助手,,快踱一圈,H,內圈 快踱一圈 (助手)
G476,11/03/2026,出賽,跑馬地,草地,跑馬地 草地,1650M,,,,,周俊樂,3/12,出賽,CP/TT,1650M (周俊樂) (3/12)
G476,11/03/2026,踱步,沙田,內圈,沙田 內圈,,,,,,助手,,快踱一圈,H,內圈 快踱一圈 (助手)
G476,10/03/2026,游水,沙田,,沙田,,,,,,,,游水,,
G476,10/03/2026,踱步,沙田,內圈,沙田 內圈,,,,,,助手,,快踱一圈,H,內圈 快踱一圈 (助手)
G476,09/03/2026,游水,沙田,,沙田,,,,,,,,游水,,
G476,09/03/2026,踱步,沙田,內圈,沙田 內圈,,,,,,助手,,倒快一圈,H,內圈 倒快一圈 (助手)
G476,08/03/2026,游水,沙田,,沙田,,,,,,,,游水,,
G476,08/03/2026,快操,沙田,全天候,沙田 全天候,,56.4,56.4,30.4 26.0,,助手,,快操,CP/H,30.4 26.0 (56.4) (助手)
G476,08/03/2026,踱步,沙田,飛機場,沙田 飛機場,,,,,,助手,,踱步,CP/H,飛機場 踱步 (助手)
G476,07/03/2026,游水,沙田,,沙田,,,,,,,,游水,,
G476,07/03/2026,踱步,沙田,內圈,沙田 內圈,,,,,,助手,,快踱一圈,H,內圈 快踱一圈 (助手)
G476,06/03/2026,游水,沙田,,沙田,,,,,,,,游水,,
G476,06/03/2026,踱步,沙田,內圈,沙田 內圈,,,,,,助手,,快踱一圈,H,內圈 快踱一圈 (助手)
G476,05/03/2026,游水,沙田,,沙田,,,,,,,,游水,,
G476,05/03/2026,踱步,沙田,內圈,沙田 內圈,,,,,,助手,,倒快兩圈,H,內圈 倒快兩圈 (助手)
G476,04/03/2026,游水,沙田,,沙田,,,,,,,,游水,,
G476,04/03/2026,快操,沙田,全天候,沙田 全天候,,56.8,56.8,29.7 27.1,,助手,,快操,CP/H,29.7 27.1 (56.8) (助手)
G476,04/03/2026,踱步,沙田,飛機場,沙田 飛機場,,,,,,助手,,踱步,CP/H,飛機場 踱步 (助手)
G476,03/03/2026,游水,沙田,,沙田,,,,,,,,游水,,
G476,03/03/2026,踱步,沙田,內圈,沙田 內圈,,,,,,助手,,快踱一圈,H,內圈 快踱一圈 (助手)
G476,02/03/2026,游水,沙田,,沙田,,,,,,,,游水,,
G476,02/03/2026,踱步,沙田,內圈,沙田 內圈,,,,,,助手,,倒快兩圈,H,內圈 倒快兩圈 (助手)
G476,01/03/2026,游水,沙田,,沙田,,,,,,,,游水,,
G476,01/03/2026,快操,沙田,全天候,沙田 全天候,,29.1,29.1,29.1,,助手,,快操,H,29.1 (29.1) (助手)
G476,01/03/2026,踱步,沙田,飛機場,沙田 飛機場,,,,,,助手,,踱步,H,飛機場 踱步 (助手)
G476,28/02/2026,游水,沙田,,沙田,,,,,,,,游水,,
G476,28/02/2026,踱步,沙田,內圈,沙田 內圈,,,,,,助手,,快踱一圈,H,內圈 快踱一圈 (助手)
G476,27/02/2026,游水,沙田,,沙田,,,,,,,,游水,,
G476,27/02/2026,踱步,沙田,內圈,沙田 內圈,,,,,,助手,,快踱一圈,H,內圈 快踱一圈 (助手)
G476,26/02/2026,游水,沙田,,沙田,,,,,,,,游水,,
G476,26/02/2026,踱步,沙田,內圈,沙田 內圈,,,,,,助手,,倒快一圈,H,內圈 倒快一圈 (助手)
G476,25/02/2026,游水,沙田,,沙田,,,,,,,,游水,,
G476,25/02/2026,踱步,沙田,內圈,沙田 內圈,,,,,,助手,,快踱一圈,H,內圈 快踱一圈 (助手)
G476,24/02/2026,游水,沙田,,沙田,,,,,,,,游水,,
G476,23/02/2026,游水,沙田,,沙田,,,,,,,,游水,,
G476,23/02/2026,快操,沙田,草閘,沙田 草閘,,48.8,48.8,25.3 23.5,,助手,,將義,CP,25.3 23.5 (48.8) (助手) 將義
G476,23/02/2026,踱步,沙田,飛機場,沙田 飛機場,,,,,,助手,,踱步,CP,飛機場 踱步 (助手)
G476,22/02/2026,游水,沙田,,沙田,,,,,,,,游水,,
G476,22/02/2026,踱步,沙田,內圈,沙田 內圈,,,,,,助手,,快踱一圈,H,內圈 快踱一圈 (助手)
G476,21/02/2026,游水,沙田,,沙田,,,,,,,,游水,,
G476,21/02/2026,踱步,沙田,內圈,沙田 內圈,,,,,,助手,,快踱一圈,H,內圈 快踱一圈 (助手)
G476,20/02/2026,游水,沙田,,沙田,,,,,,,,游水,,
G476,20/02/2026,踱步,沙田,內圈,沙田 內圈,,,,,,助手,,快踱一圈,H,內圈 快踱一圈 (助手)
G476,19/02/2026,游水,沙田,,沙田,,,,,,,,游水,,
G476,19/02/2026,快操,沙田,全天候,沙田 全天候,,55.4,55.4,30.4 25.0,,助手,,快操,CP/H,30.4 25.0 (55.4) (助手)
G476,19/02/2026,踱步,沙田,飛機場,沙田 飛機場,,,,,,助手,,踱步,CP/H,飛機場 踱步 (助手)
G476,18/02/2026,游水,沙田,,沙田,,,,,,,,游水,,
G476,18/02/2026,踱步,沙田,內圈,沙田 內圈,,,,,,助手,,快踱一圈,H,內圈 快踱一圈 (助手)
G476,16/02/2026,游水,沙田,,沙田,,,,,,,,游水,,
G476,16/02/2026,踱步,沙田,內圈,沙田 內圈,,,,,,助手,,倒快兩圈,H,內圈 倒快兩圈 (助手)
G476,15/02/2026,游水,沙田,,沙田,,,,,,,,游水,,
G476,15/02/2026,踱步,沙田,內圈,沙田 內圈,,,,,,助手,,快踱一圈,H,內圈 快踱一圈 (助手)
G476,11/02/2026,出賽,跑馬地,草地,跑馬地 草地,1650M,,,,,潘明輝,9/12,出賽,CP/TT,1650M (潘明輝) (9/12)
G476,11/02/2026,踱步,沙田,內圈,沙田 內圈,,,,,,助手,,快踱一圈,H,內圈 快踱一圈 (助手)
G476,10/02/2026,游水,沙田,,沙田,,,,,,,,游水,,
G476,10/02/2026,踱步,沙田,內圈,沙田 內圈,,,,,,助手,,快踱一圈,H,內圈 快踱一圈 (助手)
G476,09/02/2026,游水,沙田,,沙田,,,,,,,,游水,,
G476,09/02/2026,踱步,沙田,內圈,沙田 內圈,,,,,,助手,,倒快一圈,H,內圈 倒快一圈 (助手)
G476,08/02/2026,游水,沙田,,沙田,,,,,,,,游水,,
G476,08/02/2026,快操,沙田,全天候,沙田 全天候,,57.9,57.9,32.3 25.6,,助手,,快操,CP/H,32.3 25.6 (57.9) (助手)
G476,08/02/2026,踱步,沙田,飛機場,沙田 飛機場,,,,,,助手,,踱步,CP/H,飛機場 踱步 (助手)
G476,07/02/2026,游水,沙田,,沙田,,,,,,,,游水,,
G476,07/02/2026,踱步,沙田,內圈,沙田 內圈,,,,,,助手,,快踱一圈,H,內圈 快踱一圈 (助手)
G476,06/02/2026,游水,沙田,,沙田,,,,,,,,游水,,
G476,06/02/2026,踱步,沙田,內圈,沙田 內圈,,,,,,助手,,快踱一圈,H,內圈 快踱一圈 (助手)
G476,05/02/2026,游水,沙田,,沙田,,,,,,,,游水,,
G476,05/02/2026,踱步,沙田,內圈,沙田 內圈,,,,,,助手,,倒快一圈,H,內圈 倒快一圈 (助手)
G476,04/02/2026,游水,沙田,,沙田,,,,,,,,游水,,
G476,04/02/2026,踱步,沙田,內圈,沙田 內圈,,,,,,助手,,快踱一圈,H,內圈 快踱一圈 (助手)
G476,03/02/2026,游水,沙田,,沙田,,,,,,,,游水,,
G476,03/02/2026,踱步,沙田,內圈,沙田 內圈,,,,,,助手,,快踱一圈,H,內圈 快踱一圈 (助手)
G476,02/02/2026,游水,沙田,,沙田,,,,,,,,游水,,
G476,02/02/2026,踱步,沙田,內圈,沙田 內圈,,,,,,助手,,倒快一圈,H,內圈 倒快一圈 (助手)
G476,01/02/2026,踱步,沙田,內圈,沙田 內圈,,,,,,助手,,快踱一圈,H,內圈 快踱一圈 (助手)
G476,28/01/2026,出賽,跑馬地,草地,跑馬地 草地,1800M,,,,,班德禮,8/12,出賽,CP/TT,1800M (班德禮) (8/12)
G476,28/01/2026,踱步,沙田,內圈,沙田 內圈,,,,,,助手,,快踱一圈,H,內圈 快踱一圈 (助手)
G476,27/01/2026,游水,沙田,,沙田,,,,,,,,游水,,
G476,27/01/2026,踱步,沙田,內圈,沙田 內圈,,,,,,助手,,快踱一圈,H,內圈 快踱一圈 (助手)
G476,26/01/2026,游水,沙田,,沙田,,,,,,,,游水,,
G476,26/01/2026,踱步,沙田,內圈,沙田 內圈,,,,,,助手,,倒快一圈,H,內圈 倒快一圈 (助手)
G476,25/01/2026,游水,沙田,,沙田,,,,,,,,游水,,
G476,25/01/2026,快操,沙田,全天候,沙田 全天候,,56.6,56.6,30.6 26.0,,助手,,快操,CP/H,30.6 26.0 (56.6) (助手)
G476,25/01/2026,踱步,沙田,飛機場,沙田 飛機場,,,,,,助手,,踱步,CP/H,飛機場 踱步 (助手)
G476,24/01/2026,游水,沙田,,沙田,,,,,,,,游水,,
G476,24/01/2026,踱步,沙田,內圈,沙田 內圈,,,,,,助手,,快踱一圈,H,內圈 快踱一圈 (助手)
G476,23/01/2026,游水,沙田,,沙田,,,,,,,,游水,,
G476,23/01/2026,踱步,沙田,內圈,沙田 內圈,,,,,,助手,,快踱一圈,H,內圈 快踱一圈 (助手)
G476,22/01/2026,游水,沙田,,沙田,,,,,,,,游水,,
G476,22/01/2026,踱步,沙田,內圈,沙田 內圈,,,,,,助手,,倒快兩圈,H,內圈 倒快兩圈 (助手)
G476,21/01/2026,游水,沙田,,沙田,,,,,,,,游水,,
G476,21/01/2026,快操,沙田,全天候,沙田 全天候,,57.6,57.6,30.5 27.1,,助手,,快操,CP/H,30.5 27.1 (57.6) (助手)
G476,21/01/2026,踱步,沙田,飛機場,沙田 飛機場,,,,,,助手,,踱步,CP/H,飛機場 踱步 (助手)
G476,20/01/2026,游水,沙田,,沙田,,,,,,,,游水,,
G476,20/01/2026,踱步,沙田,內圈,沙田 內圈,,,,,,助手,,快踱一圈,H,內圈 快踱一圈 (助手)
G476,19/01/2026,游水,沙田,,沙田,,,,,,,,游水,,
G476,19/01/2026,踱步,沙田,內圈,沙田 內圈,,,,,,助手,,倒快兩圈,H,內圈 倒快兩圈 (助手)
G476,17/01/2026,游水,沙田,,沙田,,,,,,,,游水,,
G476,17/01/2026,快操,沙田,全天候,沙田 全天候,,57.0,57.0,30.9 26.1,,助手,,快操,CP/H,30.9 26.1 (57.0) (助手)
G476,17/01/2026,踱步,沙田,飛機場,沙田 飛機場,,,,,,助手,,踱步,CP/H,飛機場 踱步 (助手)
G476,16/01/2026,游水,沙田,,沙田,,,,,,,,游水,,
G476,16/01/2026,踱步,沙田,內圈,沙田 內圈,,,,,,助手,,快踱一圈,H,內圈 快踱一圈 (助手)
G476,15/01/2026,游水,沙田,,沙田,,,,,,,,游水,,
G476,15/01/2026,踱步,沙田,內圈,沙田 內圈,,,,,,助手,,倒快一圈,H,內圈 倒快一圈 (助手)
G476,14/01/2026,游水,沙田,,沙田,,,,,,,,游水,,
G476,14/01/2026,踱步,沙田,內圈,沙田 內圈,,,,,,助手,,快踱一圈,H,內圈 快踱一圈 (助手)
G476,13/01/2026,游水,沙田,,沙田,,,,,,,,游水,,
G476,13/01/2026,踱步,沙田,內圈,沙田 內圈,,,,,,助手,,快踱一圈,H,內圈 快踱一圈 (助手)
G476,12/01/2026,游水,沙田,,沙田,,,,,,,,游水,,
G476,12/01/2026,踱步,沙田,內圈,沙田 內圈,,,,,,助手,,倒快一圈,H,內圈 倒快一圈 (助手)
G476,11/01/2026,踱步,沙田,內圈,沙田 內圈,,,,,,助手,,快踱一圈,H,內圈 快踱一圈 (助手)
G476,10/01/2026,游水,沙田,,沙田,,,,,,,,游水,,
G476,10/01/2026,踱步,沙田,內圈,沙田 內圈,,,,,,助手,,快踱一圈,H,內圈 快踱一圈 (助手)
G476,07/01/2026,出賽,跑馬地,草地,跑馬地 草地,1650M,,,,,巴度,10/12,出賽,CP/TT,1650M (巴度) (10/12)
G476,07/01/2026,踱步,沙田,內圈,沙田 內圈,,,,,,助手,,快踱一圈,H,內圈 快踱一圈 (助手)
G476,06/01/2026,踱步,沙田,內圈,沙田 內圈,,,,,,助手,,快踱一圈,H,內圈 快踱一圈 (助手)
G476,05/01/2026,游水,沙田,,沙田,,,,,,,,游水,,
G476,05/01/2026,踱步,沙田,內圈,沙田 內圈,,,,,,助手,,倒快兩圈,H,內圈 倒快兩圈 (助手)
G476,04/01/2026,游水,沙田,,沙田,,,,,,,,游水,,
G476,03/01/2026,游水,沙田,,沙田,,,,,,,,游水,,
G476,03/01/2026,快操,沙田,全天候,沙田 全天候,,56.5,56.5,31.2 25.3,,艾道拿,,快操,CP/H,31.2 25.3 (56.5) (艾道拿)
G476,03/01/2026,踱步,沙田,飛機場,沙田 飛機場,,,,,,艾道拿,,踱步,CP/H,飛機場 踱步 (艾道拿)
G476,02/01/2026,游水,沙田,,沙田,,,,,,,,游水,,
G476,02/01/2026,踱步,沙田,內圈,沙田 內圈,,,,,,助手,,快踱一圈,H,內圈 快踱一圈 (助手)
G476,01/01/2026,游水,沙田,,沙田,,,,,,,,游水,,
G476,01/01/2026,踱步,沙田,內圈,沙田 內圈,,,,,,助手,,倒快兩圈,H,內圈 倒快兩圈 (助手)
G476,31/12/2025,游水,沙田,,沙田,,,,,,,,游水,,
G476,31/12/2025,踱步,沙田,內圈,沙田 內圈,,,,,,助手,,快踱一圈,H,內圈 快踱一圈 (助手)
G476,30/12/2025,游水,沙田,,沙田,,,,,,,,游水,,
G476,30/12/2025,快操,沙田,全天候,沙田 全天候,,55.6,55.6,29.8 25.8,,助手,,快操,CP/H,29.8 25.8 (55.6) (助手)
G476,30/12/2025,踱步,沙田,飛機場,沙田 飛機場,,,,,,助手,,踱步,CP/H,飛機場 踱步 (助手)
G476,29/12/2025,游水,沙田,,沙田,,,,,,,,游水,,
G476,29/12/2025,踱步,沙田,內圈,沙田 內圈,,,,,,助手,,倒快一圈,H,內圈 倒快一圈 (助手)
G476,28/12/2025,游水,沙田,,沙田,,,,,,,,游水,,
G476,28/12/2025,踱步,沙田,內圈,沙田 內圈,,,,,,助手,,快踱一圈,H,內圈 快踱一圈 (助手)
G476,27/12/2025,游水,沙田,,沙田,,,,,,,,游水,,
G476,27/12/2025,踱步,沙田,內圈,沙田 內圈,,,,,,助手,,快踱一圈,H,內圈 快踱一圈 (助手)
G476,26/12/2025,踱步,沙田,飛機場,沙田 飛機場,,,,,,助手,,踱步,H,飛機場 踱步 (助手)
G476,25/12/2025,游水,沙田,,沙田,,,,,,,,游水,,
G476,25/12/2025,快操,沙田,草地,沙田 草地,,21.9,21.9,21.9,,助手,,"風將, 士登",CP,"21.9 (21.9) (助手) 風將, 士登"
G476,25/12/2025,踱步,沙田,飛機場,沙田 飛機場,,,,,,助手,,踱步,CP,飛機場 踱步 (助手)
G476,24/12/2025,游水,沙田,,沙田,,,,,,,,游水,,
G476,24/12/2025,踱步,沙田,內圈,沙田 內圈,,,,,,助手,,快踱一圈,H,內圈 快踱一圈 (助手)
G476,23/12/2025,游水,沙田,,沙田,,,,,,,,游水,,
G476,23/12/2025,踱步,沙田,內圈,沙田 內圈,,,,,,助手,,快踱一圈,H,內圈 快踱一圈 (助手)
G476,22/12/2025,游水,沙田,,沙田,,,,,,,,游水,,
G476,22/12/2025,快操,沙田,全天候,沙田 全天候,,29.1,29.1,29.1,,助手,,快操,H,29.1 (29.1) (助手)
G476,22/12/2025,踱步,沙田,飛機場,沙田 飛機場,,,,,,助手,,踱步,H,飛機場 踱步 (助手)
G476,21/12/2025,游水,沙田,,沙田,,,,,,,,游水,,
G476,21/12/2025,踱步,沙田,內圈,沙田 內圈,,,,,,助手,,快踱一圈,H,內圈 快踱一圈 (助手)
G476,20/12/2025,游水,沙田,,沙田,,,,,,,,游水,,
G476,20/12/2025,踱步,沙田,內圈,沙田 內圈,,,,,,助手,,快踱一圈,H,內圈 快踱一圈 (助手)
G476,19/12/2025,游水,沙田,,沙田,,,,,,,,游水,,
G476,19/12/2025,踱步,沙田,內圈,沙田 內圈,,,,,,助手,,快踱一圈,H,內圈 快踱一圈 (助手)
G476,18/12/2025,游水,沙田,,沙田,,,,,,,,游水,,
G476,18/12/2025,快操,沙田,全天候,沙田 全天候,,57.6,57.6,30.7 26.9,,助手,,快操,CP/H,30.7 26.9 (57.6) (助手)
G476,18/12/2025,踱步,沙田,飛機場,沙田 飛機場,,,,,,助手,,踱步,CP/H,飛機場 踱步 (助手)
G476,17/12/2025,游水,沙田,,沙田,,,,,,,,游水,,
G476,17/12/2025,踱步,沙田,內圈,沙田 內圈,,,,,,助手,,快踱一圈,H,內圈 快踱一圈 (助手)
G476,16/12/2025,游水,沙田,,沙田,,,,,,,,游水,,
G476,16/12/2025,踱步,沙田,內圈,沙田 內圈,,,,,,助手,,快踱一圈,H,內圈 快踱一圈 (助手)
G476,15/12/2025,游水,沙田,,沙田,,,,,,,,游水,,
G476,15/12/2025,踱步,沙田,內圈,沙田 內圈,,,,,,助手,,倒快兩圈,H,內圈 倒快兩圈 (助手)
G476,14/12/2025,游水,沙田,,沙田,,,,,,,,游水,,
G476,14/12/2025,快操,沙田,全天候,沙田 全天候,,56.5,56.5,30.5 26.0,,助手,,快操,CP/H,30.5 26.0 (56.5) (助手)
G476,14/12/2025,踱步,沙田,飛機場,沙田 飛機場,,,,,,助手,,踱步,CP/H,飛機場 踱步 (助手)
G476,13/12/2025,游水,沙田,,沙田,,,,,,,,游水,,
G476,13/12/2025,踱步,沙田,內圈,沙田 內圈,,,,,,助手,,快踱一圈,H,內圈 快踱一圈 (助手)
G476,12/12/2025,游水,沙田,,沙田,,,,,,,,游水,,
G476,12/12/2025,踱步,沙田,內圈,沙田 內圈,,,,,,助手,,快踱一圈,H,內圈 快踱一圈 (助手)
G476,11/12/2025,游水,沙田,,沙田,,,,,,,,游水,,
G476,11/12/2025,踱步,沙田,內圈,沙田 內圈,,,,,,助手,,倒快兩圈,H,內圈 倒快兩圈 (助手)
G476,10/12/2025,游水,沙田,,沙田,,,,,,,,游水,,
G476,10/12/2025,快操,沙田,全天候,沙田 全天候,,56.2,56.2,30.6 25.6,,助手,,快操,CP/H,30.6 25.6 (56.2) (助手)
G476,10/12/2025,踱步,沙田,飛機場,沙田 飛機場,,,,,,助手,,踱步,CP/H,飛機場 踱步 (助手)
G476,09/12/2025,游水,沙田,,沙田,,,,,,,,游水,,
G476,09/12/2025,踱步,沙田,內圈,沙田 內圈,,,,,,助手,,快踱一圈,H,內圈 快踱一圈 (助手)
G476,08/12/2025,游水,沙田,,沙田,,,,,,,,游水,,
G476,08/12/2025,踱步,沙田,內圈,沙田 內圈,,,,,,助手,,倒快兩圈,H,內圈 倒快兩圈 (助手)
G476,07/12/2025,游水,沙田,,沙田,,,,,,,,游水,,
G476,07/12/2025,踱步,沙田,內圈,沙田 內圈,,,,,,助手,,快踱一圈,H,內圈 快踱一圈 (助手)
G476,06/12/2025,游水,沙田,,沙田,,,,,,,,游水,,
G476,06/12/2025,踱步,沙田,內圈,沙田 內圈,,,,,,助手,,快踱一圈,H,內圈 快踱一圈 (助手)
G476,05/12/2025,游水,沙田,,沙田,,,,,,,,游水,,
G476,05/12/2025,踱步,沙田,內圈,沙田 內圈,,,,,,助手,,快踱一圈,H,內圈 快踱一圈 (助手)
G476,04/12/2025,游水,沙田,,沙田,,,,,,,,游水,,
G476,04/12/2025,踱步,沙田,內圈,沙田 內圈,,,,,,助手,,倒快一圈,H,內圈 倒快一圈 (助手)
G476,03/12/2025,游水,沙田,,沙田,,,,,,,,游水,,
G476,30/11/2025,出賽,沙田,草地,沙田 草地,1600M,,,,,艾道拿,11/14,出賽,CP/TT,1600M (艾道拿) (11/14)
G476,30/11/2025,踱步,沙田,內圈,沙田 內圈,,,,,,助手,,快踱一圈,H,內圈 快踱一圈 (助手)
G476,29/11/2025,踱步,沙田,內圈,沙田 內圈,,,,,,助手,,快踱一圈,H,內圈 快踱一圈 (助手)
G476,28/11/2025,踱步,沙田,內圈,沙田 內圈,,,,,,助手,,快踱一圈,H,內圈 快踱一圈 (助手)
G476,27/11/2025,快操,沙田,全天候,沙田 全天候,,52.8,52.8,27.5 25.3,,助手,,挺秀弘利,CP/H,27.5 25.3 (52.8) (助手) 挺秀弘利
G476,27/11/2025,踱步,沙田,飛機場,沙田 飛機場,,,,,,助手,,踱步,CP/H,飛機場 踱步 (助手)
G476,26/11/2025,踱步,沙田,內圈,沙田 內圈,,,,,,助手,,快踱一圈,H,內圈 快踱一圈 (助手)
G476,25/11/2025,踱步,沙田,內圈,沙田 內圈,,,,,,助手,,快踱一圈,H,內圈 快踱一圈 (助手)
G476,24/11/2025,踱步,沙田,內圈,沙田 內圈,,,,,,助手,,倒快一圈,H,內圈 倒快一圈 (助手)
G476,23/11/2025,快操,沙田,全天候,沙田 全天候,,57.9,57.9,31.1 26.8,,助手,,快操,CP/H,31.1 26.8 (57.9) (助手)
G476,23/11/2025,踱步,沙田,飛機場,沙田 飛機場,,,,,,助手,,踱步,CP/H,飛機場 踱步 (助手)
G476,22/11/2025,踱步,沙田,內圈,沙田 內圈,,,,,,助手,,快踱一圈,H,內圈 快踱一圈 (助手)
G476,21/11/2025,游水,沙田,,沙田,,,,,,,,游水,,
G476,20/11/2025,游水,沙田,,沙田,,,,,,,,游水,,
G476,20/11/2025,踱步,沙田,內圈,沙田 內圈,,,,,,助手,,倒快兩圈,H,內圈 倒快兩圈 (助手)
G476,19/11/2025,游水,沙田,,沙田,,,,,,,,游水,,
G476,19/11/2025,快操,沙田,全天候,沙田 全天候,,27.7,27.7,27.7,,助手,,快操,H,27.7 (27.7) (助手)
G476,19/11/2025,踱步,沙田,飛機場,沙田 飛機場,,,,,,助手,,踱步,H,飛機場 踱步 (助手)
G476,18/11/2025,游水,沙田,,沙田,,,,,,,,游水,,
G476,18/11/2025,踱步,沙田,內圈,沙田 內圈,,,,,,助手,,快踱一圈,H,內圈 快踱一圈 (助手)
G476,17/11/2025,游水,沙田,,沙田,,,,,,,,游水,,
G476,17/11/2025,踱步,沙田,內圈,沙田 內圈,,,,,,助手,,倒快一圈,H,內圈 倒快一圈 (助手)
G476,16/11/2025,游水,沙田,,沙田,,,,,,,,游水,,
G476,16/11/2025,踱步,沙田,內圈,沙田 內圈,,,,,,助手,,快踱一圈,H,內圈 快踱一圈 (助手)
G476,15/11/2025,游水,沙田,,沙田,,,,,,,,游水,,
G476,12/11/2025,出賽,跑馬地,草地,跑馬地 草地,1800M,,,,,周俊樂,11/11,出賽,CP/TT,1800M (周俊樂) (11/11)
G476,12/11/2025,踱步,沙田,內圈,沙田 內圈,,,,,,助手,,快踱一圈,H,內圈 快踱一圈 (助手)
G476,11/11/2025,游水,沙田,,沙田,,,,,,,,游水,,
G476,11/11/2025,踱步,沙田,內圈,沙田 內圈,,,,,,助手,,快踱一圈,H,內圈 快踱一圈 (助手)
G476,10/11/2025,游水,沙田,,沙田,,,,,,,,游水,,
G476,10/11/2025,踱步,沙田,內圈,沙田 內圈,,,,,,助手,,倒快一圈,H,內圈 倒快一圈 (助手)
G476,09/11/2025,游水,沙田,,沙田,,,,,,,,游水,,
G476,09/11/2025,快操,沙田,全天候,沙田 全天候,,55.4,55.4,29.7 25.7,,助手,,快操,CP/H,29.7 25.7 (55.4) (助手)
G476,09/11/2025,踱步,沙田,飛機場,沙田 飛機場,,,,,,助手,,踱步,CP/H,飛機場 踱步 (助手)
G476,08/11/2025,游水,沙田,,沙田,,,,,,,,游水,,
G476,08/11/2025,踱步,沙田,內圈,沙田 內圈,,,,,,助手,,快踱一圈,H,內圈 快踱一圈 (助手)
G476,07/11/2025,游水,沙田,,沙田,,,,,,,,游水,,
G476,07/11/2025,踱步,沙田,內圈,沙田 內圈,,,,,,助手,,快踱一圈,H,內圈 快踱一圈 (助手)
G476,06/11/2025,馬匹跑步機,沙田,,沙田,,,,,,上斜,,馬匹跑步機 - 慢跑,,馬匹跑步機 - 慢跑 （上斜）
G476,06/11/2025,游水,沙田,,沙田,,,,,,,,游水,,
G476,05/11/2025,游水,沙田,,沙田,,,,,,,,游水,,
G476,05/11/2025,踱步,沙田,內圈,沙田 內圈,,,,,,助手,,快踱一圈,H,內圈 快踱一圈 (助手)
G476,04/11/2025,馬匹跑步機,沙田,,沙田,,,,,,上斜,,馬匹跑步機 - 慢跑,,馬匹跑步機 - 慢跑 （上斜）
G476,03/11/2025,游水,沙田,,沙田,,,,,,,,游水,,
G476,03/11/2025,踱步,沙田,內圈,沙田 內圈,,,,,,助手,,倒快一圈,H,內圈 倒快一圈 (助手)
G476,02/11/2025,游水,沙田,,沙田,,,,,,,,游水,,
G476,02/11/2025,快操,沙田,全天候,沙田 全天候,,56.5,56.5,30.3 26.2,,助手,,快操,CP/H,30.3 26.2 (56.5) (助手)
G476,02/11/2025,踱步,沙田,飛機場,沙田 飛機場,,,,,,助手,,踱步,CP/H,飛機場 踱步 (助手)
G476,01/11/2025,游水,沙田,,沙田,,,,,,,,游水,,
G476,01/11/2025,踱步,沙田,內圈,沙田 內圈,,,,,,助手,,快踱一圈,H,內圈 快踱一圈 (助手)
G476,31/10/2025,游水,沙田,,沙田,,,,,,,,游水,,
G476,31/10/2025,踱步,沙田,內圈,沙田 內圈,,,,,,助手,,快踱一圈,H,內圈 快踱一圈 (助手)
G476,30/10/2025,游水,沙田,,沙田,,,,,,,,游水,,
G476,30/10/2025,踱步,沙田,內圈,沙田 內圈,,,,,,助手,,倒快兩圈,H,內圈 倒快兩圈 (助手)
G476,29/10/2025,游水,沙田,,沙田,,,,,,,,游水,,
G476,29/10/2025,快操,沙田,全天候,沙田 全天候,,58.6,58.6,31.7 26.9,,助手,,快操,CP/H,31.7 26.9 (58.6) (助手)
G476,29/10/2025,踱步,沙田,飛機場,沙田 飛機場,,,,,,助手,,踱步,CP/H,飛機場 踱步 (助手)
G476,28/10/2025,游水,沙田,,沙田,,,,,,,,游水,,
G476,28/10/2025,踱步,沙田,內圈,沙田 內圈,,,,,,助手,,快踱一圈,H,內圈 快踱一圈 (助手)
G476,27/10/2025,游水,沙田,,沙田,,,,,,,,游水,,
G476,27/10/2025,踱步,沙田,內圈,沙田 內圈,,,,,,助手,,倒快一圈,H,內圈 倒快一圈 (助手)
G476,26/10/2025,游水,沙田,,沙田,,,,,,,,游水,,
G476,25/10/2025,游水,沙田,,沙田,,,,,,,,游水,,
G476,25/10/2025,快操,沙田,全天候,沙田 全天候,,55.4,55.4,30.0 25.4,,周俊樂,,快操,CP/H,30.0 25.4 (55.4) (周俊樂)
G476,25/10/2025,踱步,沙田,飛機場,沙田 飛機場,,,,,,周俊樂,,踱步,CP/H,飛機場 踱步 (周俊樂)
G476,24/10/2025,游水,沙田,,沙田,,,,,,,,游水,,
G476,24/10/2025,踱步,沙田,內圈,沙田 內圈,,,,,,助手,,快踱一圈,H,內圈 快踱一圈 (助手)
G476,23/10/2025,游水,沙田,,沙田,,,,,,,,游水,,
G476,23/10/2025,踱步,沙田,內圈,沙田 內圈,,,,,,助手,,倒快一圈,H,內圈 倒快一圈 (助手)
G476,22/10/2025,游水,沙田,,沙田,,,,,,,,游水,,
G476,22/10/2025,踱步,沙田,內圈,沙田 內圈,,,,,,助手,,快踱一圈,H,內圈 快踱一圈 (助手)
G476,21/10/2025,游水,沙田,,沙田,,,,,,,,游水,,
G476,21/10/2025,踱步,沙田,內圈,沙田 內圈,,,,,,助手,,快踱一圈,H,內圈 快踱一圈 (助手)
G476,20/10/2025,游水,沙田,,沙田,,,,,,,,游水,,
G476,20/10/2025,踱步,沙田,內圈,沙田 內圈,,,,,,助手,,倒快一圈,H,內圈 倒快一圈 (助手)
G476,19/10/2025,游水,沙田,,沙田,,,,,,,,游水,,
G476,19/10/2025,踱步,沙田,飛機場,沙田 飛機場,,,,,,助手,,踱步,H,飛機場 踱步 (助手)
G476,18/10/2025,踱步,沙田,飛機場,沙田 飛機場,,,,,,助手,,踱步,H,飛機場 踱步 (助手)
G476,17/10/2025,游水,沙田,,沙田,,,,,,,,游水,,
G476,15/10/2025,出賽,跑馬地,草地,跑馬地 草地,1800M,,,,,周俊樂,5/12,出賽,CP/TT,1800M (周俊樂) (5/12)
G476,15/10/2025,踱步,沙田,內圈,沙田 內圈,,,,,,助手,,快踱一圈,H,內圈 快踱一圈 (助手)
G476,14/10/2025,游水,沙田,,沙田,,,,,,,,游水,,
G476,14/10/2025,踱步,沙田,內圈,沙田 內圈,,,,,,助手,,快踱一圈,H,內圈 快踱一圈 (助手)
G476,13/10/2025,游水,沙田,,沙田,,,,,,,,游水,,
G476,13/10/2025,踱步,沙田,內圈,沙田 內圈,,,,,,助手,,倒快一圈,H,內圈 倒快一圈 (助手)
G476,12/10/2025,游水,沙田,,沙田,,,,,,,,游水,,
G476,12/10/2025,快操,沙田,全天候,沙田 全天候,,57.1,57.1,31.1 26.0,,助手,,快操,CP/H,31.1 26.0 (57.1) (助手)
G476,12/10/2025,踱步,沙田,飛機場,沙田 飛機場,,,,,,助手,,踱步,CP/H,飛機場 踱步 (助手)
G476,11/10/2025,游水,沙田,,沙田,,,,,,,,游水,,
G476,11/10/2025,踱步,沙田,內圈,沙田 內圈,,,,,,助手,,快踱一圈,H,內圈 快踱一圈 (助手)
G476,10/10/2025,游水,沙田,,沙田,,,,,,,,游水,,
G476,10/10/2025,踱步,沙田,內圈,沙田 內圈,,,,,,助手,,快踱一圈,H,內圈 快踱一圈 (助手)
G476,09/10/2025,游水,沙田,,沙田,,,,,,,,游水,,
G476,09/10/2025,踱步,沙田,內圈,沙田 內圈,,,,,,助手,,倒快一圈,H,內圈 倒快一圈 (助手)
G476,08/10/2025,游水,沙田,,沙田,,,,,,,,游水,,
G476,08/10/2025,踱步,沙田,內圈,沙田 內圈,,,,,,助手,,快踱一圈,H,內圈 快踱一圈 (助手)
G476,07/10/2025,游水,沙田,,沙田,,,,,,,,游水,,
G476,07/10/2025,踱步,沙田,飛機場,沙田 飛機場,,,,,,助手,,踱步,H,飛機場 踱步 (助手)
G476,06/10/2025,游水,沙田,,沙田,,,,,,,,游水,,
G476,06/10/2025,快操,沙田,草閘,沙田 草閘,,48.3,48.3,26.2 22.1,,周俊樂,,鼓浪好友,CP,26.2 22.1 (48.3) (周俊樂) 鼓浪好友
G476,06/10/2025,踱步,沙田,飛機場,沙田 飛機場,,,,,,助手,,踱步,CP,飛機場 踱步 (助手)
G476,05/10/2025,游水,沙田,,沙田,,,,,,,,游水,,
G476,05/10/2025,踱步,沙田,內圈,沙田 內圈,,,,,,助手,,快踱一圈,H,內圈 快踱一圈 (助手)
G476,04/10/2025,游水,沙田,,沙田,,,,,,,,游水,,
G476,04/10/2025,踱步,沙田,內圈,沙田 內圈,,,,,,助手,,快踱一圈,H,內圈 快踱一圈 (助手)
G476,03/10/2025,游水,沙田,,沙田,,,,,,,,游水,,
G476,03/10/2025,踱步,沙田,內圈,沙田 內圈,,,,,,助手,,快踱一圈,H,內圈 快踱一圈 (助手)
G476,02/10/2025,游水,沙田,,沙田,,,,,,,,游水,,
G476,02/10/2025,快操,沙田,全天候,沙田 全天候,,56.7,56.7,31.6 25.1,,助手,,快操,CP/H,31.6 25.1 (56.7) (助手)
G476,02/10/2025,踱步,沙田,飛機場,沙田 飛機場,,,,,,助手,,踱步,CP/H,飛機場 踱步 (助手)
G476,01/10/2025,游水,沙田,,沙田,,,,,,,,游水,,
G476,01/10/2025,踱步,沙田,內圈,沙田 內圈,,,,,,助手,,快踱一圈,H,內圈 快踱一圈 (助手)
G476,30/09/2025,游水,沙田,,沙田,,,,,,,,游水,,
G476,30/09/2025,踱步,沙田,內圈,沙田 內圈,,,,,,助手,,快踱一圈,H,內圈 快踱一圈 (助手)
G476,29/09/2025,游水,沙田,,沙田,,,,,,,,游水,,
G476,29/09/2025,踱步,沙田,內圈,沙田 內圈,,,,,,助手,,倒快一圈,H,內圈 倒快一圈 (助手)
G476,28/09/2025,游水,沙田,,沙田,,,,,,,,游水,,
G476,27/09/2025,游水,沙田,,沙田,,,,,,,,游水,,
G476,27/09/2025,快操,沙田,全天候,沙田 全天候,,56.8,56.8,29.7 27.1,,助手,,快操,CP/H,29.7 27.1 (56.8) (助手)
G476,27/09/2025,踱步,沙田,飛機場,沙田 飛機場,,,,,,助手,,踱步,CP/H,飛機場 踱步 (助手)
G476,26/09/2025,游水,沙田,,沙田,,,,,,,,游水,,
G476,26/09/2025,踱步,沙田,內圈,沙田 內圈,,,,,,助手,,快踱一圈,H,內圈 快踱一圈 (助手)
G476,25/09/2025,游水,沙田,,沙田,,,,,,,,游水,,
G476,25/09/2025,踱步,沙田,內圈,沙田 內圈,,,,,,助手,,倒快一圈,H,內圈 倒快一圈 (助手)
G476,23/09/2025,游水,沙田,,沙田,,,,,,,,游水,,
G476,23/09/2025,踱步,沙田,內圈,沙田 內圈,,,,,,助手,,快踱一圈,H,內圈 快踱一圈 (助手)
G476,22/09/2025,游水,沙田,,沙田,,,,,,,,游水,,
G476,22/09/2025,踱步,沙田,內圈,沙田 內圈,,,,,,助手,,倒快兩圈,H,內圈 倒快兩圈 (助手)
G476,21/09/2025,游水,沙田,,沙田,,,,,,,,游水,,
G476,21/09/2025,踱步,沙田,內圈,沙田 內圈,,,,,,助手,,快踱一圈,H,內圈 快踱一圈 (助手)
G476,20/09/2025,游水,沙田,,沙田,,,,,,,,游水,,
G476,17/09/2025,出賽,跑馬地,草地,跑馬地 草地,1650M,,,,,梁家俊,4/9,出賽,CP/TT,1650M (梁家俊) (4/9)
G476,17/09/2025,踱步,沙田,內圈,沙田 內圈,,,,,,助手,,快踱一圈,H,內圈 快踱一圈 (助手)
G476,16/09/2025,游水,沙田,,沙田,,,,,,,,游水,,
G476,16/09/2025,踱步,沙田,內圈,沙田 內圈,,,,,,助手,,快踱一圈,H,內圈 快踱一圈 (助手)
G476,15/09/2025,游水,沙田,,沙田,,,,,,,,游水,,
G476,15/09/2025,踱步,沙田,內圈,沙田 內圈,,,,,,助手,,倒快一圈,H,內圈 倒快一圈 (助手)
G476,14/09/2025,游水,沙田,,沙田,,,,,,,,游水,,
G476,14/09/2025,快操,沙田,全天候,沙田 全天候,,55.4,55.4,30.1 25.3,,助手,,辣得金,CP/H,30.1 25.3 (55.4) (助手) 辣得金
G476,14/09/2025,踱步,沙田,飛機場,沙田 飛機場,,,,,,助手,,踱步,CP/H,飛機場 踱步 (助手)
G476,13/09/2025,游水,沙田,,沙田,,,,,,,,游水,,
G476,13/09/2025,踱步,沙田,內圈,沙田 內圈,,,,,,助手,,快踱一圈,H,內圈 快踱一圈 (助手)
G476,12/09/2025,游水,沙田,,沙田,,,,,,,,游水,,
G476,12/09/2025,踱步,沙田,內圈,沙田 內圈,,,,,,助手,,快踱一圈,H,內圈 快踱一圈 (助手)
G476,11/09/2025,游水,沙田,,沙田,,,,,,,,游水,,
G476,11/09/2025,踱步,沙田,內圈,沙田 內圈,,,,,,助手,,倒快一圈,H,內圈 倒快一圈 (助手)
G476,10/09/2025,踱步,沙田,內圈,沙田 內圈,,,,,,助手,,快踱一圈,H,內圈 快踱一圈 (助手)
G476,09/09/2025,踱步,沙田,內圈,沙田 內圈,,,,,,助手,,快踱一圈,H,內圈 快踱一圈 (助手)
G476,07/09/2025,踱步,沙田,內圈,沙田 內圈,,,,,,助手,,快踱一圈,H,內圈 快踱一圈 (助手)
G476,05/09/2025,試閘,沙田,全天候,沙田 全天候,1200M,1.11.11,71.11,24.7 22.9 23.5,百威多贏,梁家俊,,第2組,CP,第2組 (梁家俊) 1200M 百威多贏 24.7 22.9 23.5 (1.11.11)
G476,04/09/2025,游水,沙田,,沙田,,,,,,,,游水,,
G476,04/09/2025,踱步,沙田,內圈,沙田 內圈,,,,,,助手,,倒快一圈,H,內圈 倒快一圈 (助手)
G476,03/09/2025,游水,沙田,,沙田,,,,,,,,游水,,
G476,03/09/2025,踱步,沙田,內圈,沙田 內圈,,,,,,助手,,快踱一圈,H,內圈 快踱一圈 (助手)
G476,02/09/2025,游水,沙田,,沙田,,,,,,,,游水,,
G476,02/09/2025,快操,沙田,全天候,沙田 全天候,,56.6,56.6,30.1 26.5,,助手,,快操,CP/H,30.1 26.5 (56.6) (助手)
G476,02/09/2025,踱步,沙田,飛機場,沙田 飛機場,,,,,,助手,,踱步,CP/H,飛機場 踱步 (助手)
G476,01/09/2025,游水,沙田,,沙田,,,,,,,,游水,,
G476,01/09/2025,踱步,沙田,內圈,沙田 內圈,,,,,,助手,,倒快一圈,H,內圈 倒快一圈 (助手)
G476,31/08/2025,游水,沙田,,沙田,,,,,,,,游水,,
G476,31/08/2025,踱步,沙田,內圈,沙田 內圈,,,,,,助手,,快踱一圈,H,內圈 快踱一圈 (助手)
G476,30/08/2025,游水,沙田,,沙田,,,,,,,,游水,,
G476,30/08/2025,踱步,沙田,內圈,沙田 內圈,,,,,,助手,,快踱一圈,H,內圈 快踱一圈 (助手)
G476,29/08/2025,游水,沙田,,沙田,,,,,,,,游水,,
G476,29/08/2025,快操,沙田,全天候,沙田 全天候,,53.7,53.7,28.9 24.8,,助手,,快操,CP/H,28.9 24.8 (53.7) (助手)
G476,29/08/2025,踱步,沙田,飛機場,沙田 飛機場,,,,,,助手,,踱步,CP/H,飛機場 踱步 (助手)
G476,28/08/2025,游水,沙田,,沙田,,,,,,,,游水,,
G476,28/08/2025,踱步,沙田,內圈,沙田 內圈,,,,,,助手,,倒快一圈,H,內圈 倒快一圈 (助手)
G476,27/08/2025,游水,沙田,,沙田,,,,,,,,游水,,
G476,27/08/2025,踱步,沙田,內圈,沙田 內圈,,,,,,助手,,快踱一圈,H,內圈 快踱一圈 (助手)
G476,26/08/2025,游水,沙田,,沙田,,,,,,,,游水,,
G476,26/08/2025,踱步,沙田,內圈,沙田 內圈,,,,,,助手,,快踱一圈,H,內圈 快踱一圈 (助手)
G476,25/08/2025,游水,沙田,,沙田,,,,,,,,游水,,
G476,25/08/2025,踱步,沙田,內圈,沙田 內圈,,,,,,助手,,倒快兩圈,H,內圈 倒快兩圈 (助手)
G476,24/08/2025,游水,沙田,,沙田,,,,,,,,游水,,
G476,24/08/2025,快操,沙田,全天候,沙田 全天候,,55.4,55.4,29.3 26.1,,助手,,快操,CP/H,29.3 26.1 (55.4) (助手)
G476,24/08/2025,踱步,沙田,飛機場,沙田 飛機場,,,,,,助手,,踱步,CP/H,飛機場 踱步 (助手)
G476,23/08/2025,游水,沙田,,沙田,,,,,,,,游水,,
G476,23/08/2025,踱步,沙田,內圈,沙田 內圈,,,,,,助手,,快踱一圈,H,內圈 快踱一圈 (助手)
G476,22/08/2025,游水,沙田,,沙田,,,,,,,,游水,,
G476,22/08/2025,踱步,沙田,內圈,沙田 內圈,,,,,,助手,,快踱一圈,H,內圈 快踱一圈 (助手)
G476,21/08/2025,游水,沙田,,沙田,,,,,,,,游水,,
G476,21/08/2025,踱步,沙田,內圈,沙田 內圈,,,,,,助手,,倒快一圈,H,內圈 倒快一圈 (助手)
G476,20/08/2025,游水,沙田,,沙田,,,,,,,,游水,,
G476,20/08/2025,快操,沙田,全天候,沙田 全天候,,57.0,57.0,30.8 26.2,,助手,,快操,H,30.8 26.2 (57.0) (助手)
G476,20/08/2025,踱步,沙田,飛機場,沙田 飛機場,,,,,,助手,,踱步,H,飛機場 踱步 (助手)
G476,19/08/2025,游水,沙田,,沙田,,,,,,,,游水,,
G476,19/08/2025,踱步,沙田,內圈,沙田 內圈,,,,,,助手,,快踱一圈,H,內圈 快踱一圈 (助手)
G476,18/08/2025,游水,沙田,,沙田,,,,,,,,游水,,
G476,18/08/2025,踱步,沙田,內圈,沙田 內圈,,,,,,助手,,倒快兩圈,H,內圈 倒快兩圈 (助手)
G476,17/08/2025,游水,沙田,,沙田,,,,,,,,游水,,
G476,17/08/2025,踱步,沙田,內圈,沙田 內圈,,,,,,助手,,快踱一圈,H,內圈 快踱一圈 (助手)
G476,16/08/2025,游水,沙田,,沙田,,,,,,,,游水,,
G476,16/08/2025,快操,沙田,全天候,沙田 全天候,,56.0,56.0,29.3 26.7,,周俊樂,,快操,H,29.3 26.7 (56.0) (周俊樂)
G476,16/08/2025,踱步,沙田,飛機場,沙田 飛機場,,,,,,周俊樂,,踱步,H,飛機場 踱步 (周俊樂)
G476,15/08/2025,游水,沙田,,沙田,,,,,,,,游水,,
G476,15/08/2025,踱步,沙田,內圈,沙田 內圈,,,,,,助手,,快踱一圈,H,內圈 快踱一圈 (助手)
G476,14/08/2025,游水,沙田,,沙田,,,,,,,,游水,,
G476,14/08/2025,踱步,沙田,內圈,沙田 內圈,,,,,,助手,,倒快一圈,H,內圈 倒快一圈 (助手)
G476,13/08/2025,游水,沙田,,沙田,,,,,,,,游水,,
G476,13/08/2025,踱步,沙田,內圈,沙田 內圈,,,,,,助手,,快踱一圈,H,內圈 快踱一圈 (助手)
G476,12/08/2025,游水,沙田,,沙田,,,,,,,,游水,,
G476,12/08/2025,踱步,沙田,內圈,沙田 內圈,,,,,,助手,,快踱一圈,H,內圈 快踱一圈 (助手)
G476,11/08/2025,游水,沙田,,沙田,,,,,,,,游水,,
G476,11/08/2025,踱步,沙田,內圈,沙田 內圈,,,,,,助手,,倒快兩圈,H,內圈 倒快兩圈 (助手)
G476,10/08/2025,游水,沙田,,沙田,,,,,,,,游水,,
G476,10/08/2025,踱步,沙田,內圈,沙田 內圈,,,,,,助手,,快踱一圈,H,內圈 快踱一圈 (助手)
G476,09/08/2025,游水,沙田,,沙田,,,,,,,,游水,,
G476,09/08/2025,踱步,沙田,內圈,沙田 內圈,,,,,,助手,,快踱一圈,H,內圈 快踱一圈 (助手)
G476,08/08/2025,游水,沙田,,沙田,,,,,,,,游水,,
G476,08/08/2025,踱步,沙田,內圈,沙田 內圈,,,,,,助手,,快踱一圈,H,內圈 快踱一圈 (助手)
G476,07/08/2025,游水,沙田,,沙田,,,,,,,,游水,,
G476,07/08/2025,踱步,沙田,內圈,沙田 內圈,,,,,,助手,,倒快一圈,H,內圈 倒快一圈 (助手)
G476,06/08/2025,游水,沙田,,沙田,,,,,,,,游水,,
G476,06/08/2025,踱步,沙田,飛機場,沙田 飛機場,,,,,,助手,,踱步,H,飛機場 踱步 (助手)
G476,04/08/2025,游水,沙田,,沙田,,,,,,,,游水,,
G476,04/08/2025,踱步,沙田,飛機場,沙田 飛機場,,,,,,助手,,踱步,H,飛機場 踱步 (助手)
G476,03/08/2025,游水,沙田,,沙田,,,,,,,,游水,,
G476,02/08/2025,游水,沙田,,沙田,,,,,,,,游水,,
G476,01/08/2025,游水,沙田,,沙田,,,,,,,,游水,,
G476,16/07/2025,出賽,跑馬地,草地,跑馬地 草地,1650M,,,,,班德禮,8/12,出賽,CP/TT,1650M (班德禮) (8/12)
G476,16/07/2025,游水,沙田,,沙田,,,,,,,,游水,,
G476,16/07/2025,踱步,沙田,內圈,沙田 內圈,,,,,,助手,,快踱一圈,H,內圈 快踱一圈 (助手)
G476,15/07/2025,游水,沙田,,沙田,,,,,,,,游水,,
G476,15/07/2025,踱步,沙田,內圈,沙田 內圈,,,,,,助手,,快踱一圈,H,內圈 快踱一圈 (助手)
G476,14/07/2025,游水,沙田,,沙田,,,,,,,,游水,,
G476,14/07/2025,踱步,沙田,內圈,沙田 內圈,,,,,,助手,,倒快一圈,H,內圈 倒快一圈 (助手)
G476,13/07/2025,游水,沙田,,沙田,,,,,,,,游水,,
G476,13/07/2025,快操,沙田,全天候,沙田 全天候,,28.0,28.0,28.0,,助手,,快操,H,28.0 (28.0) (助手)
G476,13/07/2025,踱步,沙田,飛機場,沙田 飛機場,,,,,,助手,,踱步,H,飛機場 踱步 (助手)
G476,12/07/2025,游水,沙田,,沙田,,,,,,,,游水,,
G476,12/07/2025,踱步,沙田,內圈,沙田 內圈,,,,,,助手,,快踱一圈,H,內圈 快踱一圈 (助手)
G476,11/07/2025,游水,沙田,,沙田,,,,,,,,游水,,
G476,11/07/2025,踱步,沙田,內圈,沙田 內圈,,,,,,助手,,快踱一圈,H,內圈 快踱一圈 (助手)
G476,10/07/2025,游水,沙田,,沙田,,,,,,,,游水,,
G476,10/07/2025,踱步,沙田,內圈,沙田 內圈,,,,,,助手,,倒快一圈,H,內圈 倒快一圈 (助手)
G476,09/07/2025,游水,沙田,,沙田,,,,,,,,游水,,
G476,09/07/2025,快操,沙田,全天候,沙田 全天候,,57.5,57.5,30.3 27.2,,助手,,快操,H,30.3 27.2 (57.5) (助手)
G476,09/07/2025,踱步,沙田,飛機場,沙田 飛機場,,,,,,助手,,踱步,H,飛機場 踱步 (助手)
G476,08/07/2025,游水,沙田,,沙田,,,,,,,,游水,,
G476,08/07/2025,踱步,沙田,內圈,沙田 內圈,,,,,,助手,,快踱一圈,H,內圈 快踱一圈 (助手)
G476,07/07/2025,游水,沙田,,沙田,,,,,,,,游水,,
G476,07/07/2025,踱步,沙田,內圈,沙田 內圈,,,,,,助手,,倒快一圈,H,內圈 倒快一圈 (助手)
G476,06/07/2025,游水,沙田,,沙田,,,,,,,,游水,,
G476,05/07/2025,游水,沙田,,沙田,,,,,,,,游水,,
G476,05/07/2025,快操,沙田,全天候,沙田 全天候,,27.4,27.4,27.4,,助手,,快操,H,27.4 (27.4) (助手)
G476,05/07/2025,踱步,沙田,飛機場,沙田 飛機場,,,,,,助手,,踱步,H,飛機場 踱步 (助手)
G476,04/07/2025,游水,沙田,,沙田,,,,,,,,游水,,
G476,04/07/2025,踱步,沙田,內圈,沙田 內圈,,,,,,助手,,快踱一圈,H,內圈 快踱一圈 (助手)
G476,03/07/2025,游水,沙田,,沙田,,,,,,,,游水,,
G476,03/07/2025,踱步,沙田,內圈,沙田 內圈,,,,,,助手,,倒快一圈,H,內圈 倒快一圈 (助手)
G476,02/07/2025,游水,沙田,,沙田,,,,,,,,游水,,
G476,02/07/2025,踱步,沙田,內圈,沙田 內圈,,,,,,助手,,快踱一圈,H,內圈 快踱一圈 (助手)
G476,01/07/2025,游水,沙田,,沙田,,,,,,,,游水,,
G476,01/07/2025,踱步,沙田,內圈,沙田 內圈,,,,,,助手,,快踱一圈,H,內圈 快踱一圈 (助手)
G476,30/06/2025,游水,沙田,,沙田,,,,,,,,游水,,
G476,30/06/2025,踱步,沙田,內圈,沙田 內圈,,,,,,助手,,倒快一圈,H,內圈 倒快一圈 (助手)
G476,29/06/2025,游水,沙田,,沙田,,,,,,,,游水,,
G476,29/06/2025,踱步,沙田,飛機場,沙田 飛機場,,,,,,助手,,踱步,H,飛機場 踱步 (助手)
G476,28/06/2025,游水,沙田,,沙田,,,,,,,,游水,,
G476,27/06/2025,游水,沙田,,沙田,,,,,,,,游水,,
G476,25/06/2025,出賽,跑馬地,草地,跑馬地 草地,1650M,,,,,潘頓,2/12,出賽,CP/TT,1650M (潘頓) (2/12)
G476,25/06/2025,游水,沙田,,沙田,,,,,,,,游水,,
G476,25/06/2025,踱步,沙田,內圈,沙田 內圈,,,,,,助手,,快踱一圈,H,內圈 快踱一圈 (助手)
G476,24/06/2025,游水,沙田,,沙田,,,,,,,,游水,,
G476,24/06/2025,踱步,沙田,內圈,沙田 內圈,,,,,,助手,,快踱一圈,H,內圈 快踱一圈 (助手)
G476,23/06/2025,游水,沙田,,沙田,,,,,,,,游水,,
G476,23/06/2025,踱步,沙田,內圈,沙田 內圈,,,,,,助手,,倒快一圈,H,內圈 倒快一圈 (助手)
G476,22/06/2025,游水,沙田,,沙田,,,,,,,,游水,,
G476,22/06/2025,快操,沙田,全天候,沙田 全天候,,56.3,56.3,29.5 26.8,,助手,,快操,H,29.5 26.8 (56.3) (助手)
G476,22/06/2025,踱步,沙田,飛機場,沙田 飛機場,,,,,,助手,,踱步,H,飛機場 踱步 (助手)
G476,21/06/2025,游水,沙田,,沙田,,,,,,,,游水,,
G476,21/06/2025,踱步,沙田,內圈,沙田 內圈,,,,,,助手,,快踱一圈,H,內圈 快踱一圈 (助手)
G476,20/06/2025,游水,沙田,,沙田,,,,,,,,游水,,
G476,20/06/2025,踱步,沙田,內圈,沙田 內圈,,,,,,助手,,快踱一圈,H,內圈 快踱一圈 (助手)
G476,19/06/2025,游水,沙田,,沙田,,,,,,,,游水,,
G476,19/06/2025,踱步,沙田,內圈,沙田 內圈,,,,,,助手,,倒快一圈,H,內圈 倒快一圈 (助手)
G476,18/06/2025,游水,沙田,,沙田,,,,,,,,游水,,
G476,18/06/2025,快操,沙田,全天候,沙田 全天候,,57.9,57.9,29.8 28.1,,助手,,快操,H,29.8 28.1 (57.9) (助手)
G476,18/06/2025,踱步,沙田,飛機場,沙田 飛機場,,,,,,助手,,踱步,H,飛機場 踱步 (助手)
G476,17/06/2025,游水,沙田,,沙田,,,,,,,,游水,,
G476,17/06/2025,踱步,沙田,內圈,沙田 內圈,,,,,,助手,,快踱一圈,H,內圈 快踱一圈 (助手)
G476,16/06/2025,游水,沙田,,沙田,,,,,,,,游水,,
G476,16/06/2025,踱步,沙田,內圈,沙田 內圈,,,,,,助手,,倒快一圈,H,內圈 倒快一圈 (助手)
G476,15/06/2025,游水,沙田,,沙田,,,,,,,,游水,,
G476,14/06/2025,游水,沙田,,沙田,,,,,,,,游水,,
G476,14/06/2025,踱步,沙田,內圈,沙田 內圈,,,,,,助手,,快踱一圈,H,內圈 快踱一圈 (助手)
G476,13/06/2025,游水,沙田,,沙田,,,,,,,,游水,,
G476,13/06/2025,快操,沙田,全天候,沙田 全天候,,57.5,57.5,30.9 26.6,,助手,,快操,CP,30.9 26.6 (57.5) (助手)
G476,13/06/2025,踱步,沙田,飛機場,沙田 飛機場,,,,,,助手,,踱步,H,飛機場 踱步 (助手)
G476,12/06/2025,游水,沙田,,沙田,,,,,,,,游水,,
G476,12/06/2025,踱步,沙田,內圈,沙田 內圈,,,,,,助手,,倒快一圈,H,內圈 倒快一圈 (助手)
G476,11/06/2025,游水,沙田,,沙田,,,,,,,,游水,,
G476,11/06/2025,踱步,沙田,內圈,沙田 內圈,,,,,,助手,,快踱一圈,H,內圈 快踱一圈 (助手)
G476,10/06/2025,游水,沙田,,沙田,,,,,,,,游水,,
G476,10/06/2025,踱步,沙田,內圈,沙田 內圈,,,,,,助手,,快踱一圈,H,內圈 快踱一圈 (助手)
G476,09/06/2025,游水,沙田,,沙田,,,,,,,,游水,,
G476,09/06/2025,踱步,沙田,內圈,沙田 內圈,,,,,,助手,,倒快一圈,H,內圈 倒快一圈 (助手)
G476,08/06/2025,游水,沙田,,沙田,,,,,,,,游水,,
G476,07/06/2025,游水,沙田,,沙田,,,,,,,,游水,,
G476,06/06/2025,游水,沙田,,沙田,,,,,,,,游水,,
G476,04/06/2025,出賽,跑馬地,草地,跑馬地 草地,1650M,,,,,周俊樂,7/12,出賽,CP/TT,1650M (周俊樂) (7/12)
G476,04/06/2025,游水,沙田,,沙田,,,,,,,,游水,,
G476,04/06/2025,踱步,沙田,內圈,沙田 內圈,,,,,,助手,,快踱一圈,H,內圈 快踱一圈 (助手)
G476,03/06/2025,游水,沙田,,沙田,,,,,,,,游水,,
G476,03/06/2025,踱步,沙田,內圈,沙田 內圈,,,,,,助手,,快踱一圈,H,內圈 快踱一圈 (助手)
G476,02/06/2025,游水,沙田,,沙田,,,,,,,,游水,,
G476,02/06/2025,踱步,沙田,內圈,沙田 內圈,,,,,,助手,,倒快一圈,H,內圈 倒快一圈 (助手)
G476,01/06/2025,游水,沙田,,沙田,,,,,,,,游水,,
G476,01/06/2025,快操,沙田,全天候,沙田 全天候,,57.3,57.3,30.7 26.6,,助手,,快操,CP,30.7 26.6 (57.3) (助手)
G476,01/06/2025,踱步,沙田,飛機場,沙田 飛機場,,,,,,助手,,踱步,H,飛機場 踱步 (助手)
G476,31/05/2025,游水,沙田,,沙田,,,,,,,,游水,,
G476,31/05/2025,踱步,沙田,內圈,沙田 內圈,,,,,,助手,,快踱一圈,H,內圈 快踱一圈 (助手)
G476,30/05/2025,游水,沙田,,沙田,,,,,,,,游水,,
G476,30/05/2025,踱步,沙田,內圈,沙田 內圈,,,,,,助手,,快踱一圈,H,內圈 快踱一圈 (助手)
G476,29/05/2025,游水,沙田,,沙田,,,,,,,,游水,,
G476,28/05/2025,游水,沙田,,沙田,,,,,,,,游水,,
G476,28/05/2025,快操,沙田,全天候,沙田 全天候,,57.1,57.1,29.7 27.4,,助手,,快操,H,29.7 27.4 (57.1) (助手)
G476,28/05/2025,踱步,沙田,飛機場,沙田 飛機場,,,,,,助手,,踱步,H,飛機場 踱步 (助手)
G476,27/05/2025,游水,沙田,,沙田,,,,,,,,游水,,
G476,27/05/2025,踱步,沙田,內圈,沙田 內圈,,,,,,助手,,快踱一圈,H,內圈 快踱一圈 (助手)
G476,26/05/2025,游水,沙田,,沙田,,,,,,,,游水,,
G476,26/05/2025,踱步,沙田,內圈,沙田 內圈,,,,,,助手,,倒快一圈,H,內圈 倒快一圈 (助手)
G476,25/05/2025,游水,沙田,,沙田,,,,,,,,游水,,
G476,24/05/2025,游水,沙田,,沙田,,,,,,,,游水,,
G476,24/05/2025,踱步,沙田,內圈,沙田 內圈,,,,,,助手,,快踱一圈,H,內圈 快踱一圈 (助手)
G476,23/05/2025,游水,沙田,,沙田,,,,,,,,游水,,
G476,23/05/2025,踱步,沙田,內圈,沙田 內圈,,,,,,助手,,快踱一圈,H,內圈 快踱一圈 (助手)
G476,22/05/2025,游水,沙田,,沙田,,,,,,,,游水,,
G476,21/05/2025,游水,沙田,,沙田,,,,,,,,游水,,
G476,20/05/2025,游水,沙田,,沙田,,,,,,,,游水,,
G476,18/05/2025,出賽,沙田,草地,沙田 草地,1600M,,,,,周俊樂,5/14,出賽,CP/TT,1600M (周俊樂) (5/14)
G476,18/05/2025,游水,沙田,,沙田,,,,,,,,游水,,
G476,18/05/2025,踱步,沙田,內圈,沙田 內圈,,,,,,助手,,快踱一圈,H,內圈 快踱一圈 (助手)
G476,17/05/2025,游水,沙田,,沙田,,,,,,,,游水,,
G476,17/05/2025,踱步,沙田,內圈,沙田 內圈,,,,,,助手,,快踱一圈,H,內圈 快踱一圈 (助手)
G476,16/05/2025,游水,沙田,,沙田,,,,,,,,游水,,
G476,16/05/2025,踱步,沙田,內圈,沙田 內圈,,,,,,助手,,快踱一圈,H,內圈 快踱一圈 (助手)
G476,15/05/2025,游水,沙田,,沙田,,,,,,,,游水,,
G476,15/05/2025,快操,沙田,全天候,沙田 全天候,,57.4,57.4,30.6 26.8,,助手,,快操,H,30.6 26.8 (57.4) (助手)
G476,15/05/2025,踱步,沙田,飛機場,沙田 飛機場,,,,,,助手,,踱步,H,飛機場 踱步 (助手)
G476,14/05/2025,游水,沙田,,沙田,,,,,,,,游水,,
G476,14/05/2025,踱步,沙田,內圈,沙田 內圈,,,,,,助手,,快踱一圈,H,內圈 快踱一圈 (助手)
G476,13/05/2025,游水,沙田,,沙田,,,,,,,,游水,,
G476,13/05/2025,踱步,沙田,飛機場,沙田 飛機場,,,,,,助手,,踱步,H,飛機場 踱步 (助手)
G476,12/05/2025,快操,沙田,草閘,沙田 草閘,,45.7,45.7,23.6 22.1,,助手,,"納百川, 寶進",CP,"23.6 22.1 (45.7) (助手) 納百川, 寶進"
G476,12/05/2025,踱步,沙田,飛機場,沙田 飛機場,,,,,,助手,,踱步,H,飛機場 踱步 (助手)
G476,11/05/2025,游水,沙田,,沙田,,,,,,,,游水,,
G476,11/05/2025,踱步,沙田,內圈,沙田 內圈,,,,,,助手,,快踱一圈,H,內圈 快踱一圈 (助手)
G476,10/05/2025,游水,沙田,,沙田,,,,,,,,游水,,
G476,10/05/2025,踱步,沙田,內圈,沙田 內圈,,,,,,助手,,快踱一圈,H,內圈 快踱一圈 (助手)
G476,09/05/2025,游水,沙田,,沙田,,,,,,,,游水,,
G476,09/05/2025,踱步,沙田,內圈,沙田 內圈,,,,,,助手,,快踱一圈,H,內圈 快踱一圈 (助手)
G476,08/05/2025,游水,沙田,,沙田,,,,,,,,游水,,
G476,08/05/2025,快操,沙田,全天候,沙田 全天候,,57.6,57.6,30.1 27.5,,助手,,快操,CP,30.1 27.5 (57.6) (助手)
G476,08/05/2025,踱步,沙田,飛機場,沙田 飛機場,,,,,,助手,,踱步,H,飛機場 踱步 (助手)
G476,07/05/2025,游水,沙田,,沙田,,,,,,,,游水,,
G476,07/05/2025,踱步,沙田,內圈,沙田 內圈,,,,,,助手,,快踱一圈,H,內圈 快踱一圈 (助手)
G476,06/05/2025,游水,沙田,,沙田,,,,,,,,游水,,
G476,06/05/2025,踱步,沙田,內圈,沙田 內圈,,,,,,助手,,快踱一圈,H,內圈 快踱一圈 (助手)
G476,05/05/2025,游水,沙田,,沙田,,,,,,,,游水,,
G476,05/05/2025,踱步,沙田,內圈,沙田 內圈,,,,,,助手,,倒快一圈,H,內圈 倒快一圈 (助手)
G476,04/05/2025,游水,沙田,,沙田,,,,,,,,游水,,
G476,03/05/2025,游水,沙田,,沙田,,,,,,,,游水,,
G476,03/05/2025,快操,沙田,全天候,沙田 全天候,,55.9,55.9,30.3 25.6,,助手,,快操,CP,30.3 25.6 (55.9) (助手)
G476,03/05/2025,踱步,沙田,飛機場,沙田 飛機場,,,,,,助手,,踱步,CP,飛機場 踱步 (助手)
G476,02/05/2025,游水,沙田,,沙田,,,,,,,,游水,,
G476,02/05/2025,踱步,沙田,內圈,沙田 內圈,,,,,,助手,,快踱一圈,H,內圈 快踱一圈 (助手)
G476,01/05/2025,游水,沙田,,沙田,,,,,,,,游水,,
G476,01/05/2025,踱步,沙田,內圈,沙田 內圈,,,,,,助手,,倒快一圈,H,內圈 倒快一圈 (助手)
G476,30/04/2025,游水,沙田,,沙田,,,,,,,,游水,,
G476,30/04/2025,踱步,沙田,內圈,沙田 內圈,,,,,,助手,,快踱一圈,H,內圈 快踱一圈 (助手)
G476,29/04/2025,游水,沙田,,沙田,,,,,,,,游水,,
G476,29/04/2025,踱步,沙田,內圈,沙田 內圈,,,,,,助手,,快踱一圈,H,內圈 快踱一圈 (助手)
G476,28/04/2025,游水,沙田,,沙田,,,,,,,,游水,,
G476,28/04/2025,踱步,沙田,內圈,沙田 內圈,,,,,,助手,,倒快一圈,H,內圈 倒快一圈 (助手)
G476,27/04/2025,游水,沙田,,沙田,,,,,,,,游水,,
G476,27/04/2025,快操,沙田,全天候,沙田 全天候,,56.7,56.7,30.1 26.6,,助手,,快操,H,30.1 26.6 (56.7) (助手)
G476,27/04/2025,踱步,沙田,飛機場,沙田 飛機場,,,,,,助手,,踱步,H,飛機場 踱步 (助手)
G476,26/04/2025,游水,沙田,,沙田,,,,,,,,游水,,
G476,26/04/2025,踱步,沙田,內圈,沙田 內圈,,,,,,助手,,快踱一圈,H,內圈 快踱一圈 (助手)
G476,25/04/2025,游水,沙田,,沙田,,,,,,,,游水,,
G476,25/04/2025,踱步,沙田,內圈,沙田 內圈,,,,,,助手,,快踱一圈,H,內圈 快踱一圈 (助手)
G476,24/04/2025,游水,沙田,,沙田,,,,,,,,游水,,
G476,24/04/2025,踱步,沙田,內圈,沙田 內圈,,,,,,助手,,倒快一圈,H,內圈 倒快一圈 (助手)
G476,23/04/2025,游水,沙田,,沙田,,,,,,,,游水,,
G476,23/04/2025,踱步,沙田,內圈,沙田 內圈,,,,,,助手,,快踱一圈,H,內圈 快踱一圈 (助手)
G476,22/04/2025,游水,沙田,,沙田,,,,,,,,游水,,
G476,22/04/2025,踱步,沙田,內圈,沙田 內圈,,,,,,助手,,快踱一圈,H,內圈 快踱一圈 (助手)
G476,21/04/2025,游水,沙田,,沙田,,,,,,,,游水,,
G476,21/04/2025,踱步,沙田,內圈,沙田 內圈,,,,,,助手,,倒快兩圈,H,內圈 倒快兩圈 (助手)
G476,20/04/2025,游水,沙田,,沙田,,,,,,,,游水,,
G476,20/04/2025,踱步,沙田,內圈,沙田 內圈,,,,,,助手,,快踱一圈,H,內圈 快踱一圈 (助手)
G476,19/04/2025,游水,沙田,,沙田,,,,,,,,游水,,
G476,19/04/2025,踱步,沙田,內圈,沙田 內圈,,,,,,助手,,快踱一圈,H,內圈 快踱一圈 (助手)
G476,18/04/2025,游水,沙田,,沙田,,,,,,,,游水,,
G476,17/04/2025,試閘,沙田,全天候,沙田 全天候,1200M,1.10.49,70.49,25.1 23.1 22.2,嘉應高昇,梁家俊,,第1組,CP,第1組 (梁家俊) 1200M 嘉應高昇 25.1 23.1 22.2 (1.10.49)
G476,16/04/2025,游水,沙田,,沙田,,,,,,,,游水,,
G476,16/04/2025,踱步,沙田,內圈,沙田 內圈,,,,,,助手,,快踱一圈,H,內圈 快踱一圈 (助手)
G476,15/04/2025,游水,沙田,,沙田,,,,,,,,游水,,
G476,15/04/2025,踱步,沙田,內圈,沙田 內圈,,,,,,助手,,快踱一圈,H,內圈 快踱一圈 (助手)
G476,14/04/2025,游水,沙田,,沙田,,,,,,,,游水,,
G476,14/04/2025,快操,沙田,全天候,沙田 全天候,,50.1,50.1,30.6 19.5,,助手,,快操,CP,30.6 19.5 (50.1) (助手)
G476,14/04/2025,踱步,沙田,飛機場,沙田 飛機場,,,,,,助手,,踱步,H,飛機場 踱步 (助手)
G476,13/04/2025,游水,沙田,,沙田,,,,,,,,游水,,
G476,12/04/2025,游水,沙田,,沙田,,,,,,,,游水,,
G476,12/04/2025,踱步,沙田,內圈,沙田 內圈,,,,,,助手,,快踱一圈,H,內圈 快踱一圈 (助手)
G476,11/04/2025,游水,沙田,,沙田,,,,,,,,游水,,
G476,11/04/2025,踱步,沙田,內圈,沙田 內圈,,,,,,助手,,快踱一圈,H,內圈 快踱一圈 (助手)
G476,10/04/2025,游水,沙田,,沙田,,,,,,,,游水,,
G476,10/04/2025,快操,沙田,全天候,沙田 全天候,,56.7,56.7,31.5 25.2,,助手,,快操,H,31.5 25.2 (56.7) (助手)
G476,10/04/2025,踱步,沙田,飛機場,沙田 飛機場,,,,,,助手,,踱步,CP,飛機場 踱步 (助手)
G476,09/04/2025,游水,沙田,,沙田,,,,,,,,游水,,
G476,09/04/2025,踱步,沙田,內圈,沙田 內圈,,,,,,助手,,快踱一圈,H,內圈 快踱一圈 (助手)
G476,08/04/2025,游水,沙田,,沙田,,,,,,,,游水,,
G476,08/04/2025,踱步,沙田,內圈,沙田 內圈,,,,,,助手,,快踱一圈,H,內圈 快踱一圈 (助手)
G476,07/04/2025,游水,沙田,,沙田,,,,,,,,游水,,
G476,07/04/2025,踱步,沙田,內圈,沙田 內圈,,,,,,助手,,倒快一圈,H,內圈 倒快一圈 (助手)
G476,06/04/2025,游水,沙田,,沙田,,,,,,,,游水,,
G476,06/04/2025,快操,沙田,全天候,沙田 全天候,,57.0,57.0,30.2 26.8,,助手,,快操,H,30.2 26.8 (57.0) (助手)
G476,06/04/2025,踱步,沙田,飛機場,沙田 飛機場,,,,,,助手,,踱步,PH,飛機場 踱步 (助手)
G476,05/04/2025,游水,沙田,,沙田,,,,,,,,游水,,
G476,05/04/2025,踱步,沙田,內圈,沙田 內圈,,,,,,助手,,快踱一圈,H,內圈 快踱一圈 (助手)
G476,04/04/2025,游水,沙田,,沙田,,,,,,,,游水,,
G476,04/04/2025,踱步,沙田,內圈,沙田 內圈,,,,,,助手,,快踱一圈,H,內圈 快踱一圈 (助手)
G476,03/04/2025,游水,沙田,,沙田,,,,,,,,游水,,
G476,03/04/2025,踱步,沙田,內圈,沙田 內圈,,,,,,助手,,倒快一圈,H,內圈 倒快一圈 (助手)
G476,02/04/2025,游水,沙田,,沙田,,,,,,,,游水,,
G476,02/04/2025,踱步,沙田,內圈,沙田 內圈,,,,,,助手,,快踱一圈,H,內圈 快踱一圈 (助手)
G476,01/04/2025,游水,沙田,,沙田,,,,,,,,游水,,
G476,01/04/2025,踱步,沙田,內圈,沙田 內圈,,,,,,助手,,快踱一圈,H,內圈 快踱一圈 (助手)
G476,31/03/2025,游水,沙田,,沙田,,,,,,,,游水,,
G476,31/03/2025,踱步,沙田,內圈,沙田 內圈,,,,,,助手,,倒快一圈,H,內圈 倒快一圈 (助手)
G476,30/03/2025,踱步,沙田,內圈,沙田 內圈,,,,,,助手,,快踱一圈,H,內圈 快踱一圈 (助手)
G476,26/03/2025,出賽,沙田,全天候,沙田 全天候,1650M,,,,,艾兆禮,13/14,出賽,CP/TT,1650M (艾兆禮) (13/14)
G476,26/03/2025,游水,沙田,,沙田,,,,,,,,游水,,
G476,26/03/2025,踱步,沙田,內圈,沙田 內圈,,,,,,助手,,快踱一圈,H,內圈 快踱一圈 (助手)
G476,25/03/2025,游水,沙田,,沙田,,,,,,,,游水,,
G476,25/03/2025,踱步,沙田,內圈,沙田 內圈,,,,,,助手,,快踱一圈,H,內圈 快踱一圈 (助手)
G476,24/03/2025,游水,沙田,,沙田,,,,,,,,游水,,
G476,24/03/2025,踱步,沙田,內圈,沙田 內圈,,,,,,助手,,倒快一圈,H,內圈 倒快一圈 (助手)
G476,23/03/2025,游水,沙田,,沙田,,,,,,,,游水,,
G476,23/03/2025,快操,沙田,全天候,沙田 全天候,,54.9,54.9,29.2 25.7,,助手,,快操,H,29.2 25.7 (54.9) (助手)
G476,23/03/2025,踱步,沙田,飛機場,沙田 飛機場,,,,,,助手,,踱步,H,飛機場 踱步 (助手)
G476,22/03/2025,游水,沙田,,沙田,,,,,,,,游水,,
G476,22/03/2025,踱步,沙田,內圈,沙田 內圈,,,,,,助手,,快踱一圈,H,內圈 快踱一圈 (助手)
G476,21/03/2025,游水,沙田,,沙田,,,,,,,,游水,,
G476,21/03/2025,踱步,沙田,內圈,沙田 內圈,,,,,,助手,,快踱一圈,H,內圈 快踱一圈 (助手)
G476,20/03/2025,游水,沙田,,沙田,,,,,,,,游水,,
G476,20/03/2025,踱步,沙田,內圈,沙田 內圈,,,,,,助手,,倒快一圈,H,內圈 倒快一圈 (助手)
G476,19/03/2025,游水,沙田,,沙田,,,,,,,,游水,,
G476,19/03/2025,踱步,沙田,內圈,沙田 內圈,,,,,,助手,,快踱一圈,H,內圈 快踱一圈 (助手)
G476,18/03/2025,游水,沙田,,沙田,,,,,,,,游水,,
G476,18/03/2025,踱步,沙田,內圈,沙田 內圈,,,,,,助手,,快踱一圈,H,內圈 快踱一圈 (助手)
G476,17/03/2025,游水,沙田,,沙田,,,,,,,,游水,,
G476,17/03/2025,踱步,沙田,內圈,沙田 內圈,,,,,,助手,,倒快一圈,H,內圈 倒快一圈 (助手)
G476,16/03/2025,游水,沙田,,沙田,,,,,,,,游水,,
G476,16/03/2025,踱步,沙田,飛機場,沙田 飛機場,,,,,,助手,,踱步,H,飛機場 踱步 (助手)
G476,14/03/2025,游水,沙田,,沙田,,,,,,,,游水,,
G476,12/03/2025,出賽,跑馬地,草地,跑馬地 草地,1800M,,,,,周俊樂,7/12,出賽,CP/TT,1800M (周俊樂) (7/12)
G476,12/03/2025,游水,沙田,,沙田,,,,,,,,游水,,
G476,12/03/2025,踱步,沙田,內圈,沙田 內圈,,,,,,助手,,快踱一圈,H,內圈 快踱一圈 (助手)
G476,11/03/2025,游水,沙田,,沙田,,,,,,,,游水,,
G476,11/03/2025,踱步,沙田,內圈,沙田 內圈,,,,,,助手,,快踱一圈,H,內圈 快踱一圈 (助手)
G476,10/03/2025,游水,沙田,,沙田,,,,,,,,游水,,
G476,10/03/2025,踱步,沙田,內圈,沙田 內圈,,,,,,周俊樂,,倒快一圈,H,內圈 倒快一圈 (周俊樂)
G476,09/03/2025,游水,沙田,,沙田,,,,,,,,游水,,
G476,09/03/2025,快操,沙田,全天候,沙田 全天候,,56.3,56.3,31.0 25.3,,助手,,快操,H,31.0 25.3 (56.3) (助手)
G476,09/03/2025,踱步,沙田,飛機場,沙田 飛機場,,,,,,助手,,踱步,H,飛機場 踱步 (助手)
G476,08/03/2025,游水,沙田,,沙田,,,,,,,,游水,,
G476,08/03/2025,踱步,沙田,內圈,沙田 內圈,,,,,,助手,,快踱一圈,H,內圈 快踱一圈 (助手)
G476,07/03/2025,游水,沙田,,沙田,,,,,,,,游水,,
G476,07/03/2025,踱步,沙田,內圈,沙田 內圈,,,,,,助手,,快踱一圈,H,內圈 快踱一圈 (助手)
G476,06/03/2025,游水,沙田,,沙田,,,,,,,,游水,,
G476,06/03/2025,踱步,沙田,內圈,沙田 內圈,,,,,,助手,,倒快一圈,H,內圈 倒快一圈 (助手)
G476,05/03/2025,游水,沙田,,沙田,,,,,,,,游水,,
G476,05/03/2025,踱步,沙田,內圈,沙田 內圈,,,,,,助手,,快踱一圈,H,內圈 快踱一圈 (助手)
G476,04/03/2025,游水,沙田,,沙田,,,,,,,,游水,,
G476,04/03/2025,踱步,沙田,內圈,沙田 內圈,,,,,,助手,,快踱一圈,H,內圈 快踱一圈 (助手)
G476,03/03/2025,游水,沙田,,沙田,,,,,,,,游水,,
G476,03/03/2025,踱步,沙田,內圈,沙田 內圈,,,,,,助手,,倒快一圈,H,內圈 倒快一圈 (助手)
G476,02/03/2025,游水,沙田,,沙田,,,,,,,,游水,,
G476,02/03/2025,踱步,沙田,飛機場,沙田 飛機場,,,,,,助手,,踱步,H,飛機場 踱步 (助手)
G476,01/03/2025,游水,沙田,,沙田,,,,,,,,游水,,
G476,28/02/2025,游水,沙田,,沙田,,,,,,,,游水,,
G476,27/02/2025,游水,沙田,,沙田,,,,,,,,游水,,
G476,26/02/2025,出賽,跑馬地,草地,跑馬地 草地,1650M,,,,,梁家俊,2/9,出賽,CP/TT,1650M (梁家俊) (2/9)
G476,26/02/2025,游水,沙田,,沙田,,,,,,,,游水,,
G476,26/02/2025,踱步,沙田,內圈,沙田 內圈,,,,,,助手,,快踱一圈,H,內圈 快踱一圈 (助手)
G476,25/02/2025,游水,沙田,,沙田,,,,,,,,游水,,
G476,25/02/2025,踱步,沙田,內圈,沙田 內圈,,,,,,助手,,快踱一圈,H,內圈 快踱一圈 (助手)
G476,24/02/2025,游水,沙田,,沙田,,,,,,,,游水,,
G476,24/02/2025,踱步,沙田,內圈,沙田 內圈,,,,,,助手,,倒快一圈,H,內圈 倒快一圈 (助手)
G476,23/02/2025,游水,沙田,,沙田,,,,,,,,游水,,
G476,23/02/2025,快操,沙田,全天候,沙田 全天候,,54.9,54.9,29.5 25.4,,梁家俊,,快操,H,29.5 25.4 (54.9) (梁家俊)
G476,23/02/2025,踱步,沙田,飛機場,沙田 飛機場,,,,,,梁家俊,,踱步,H,飛機場 踱步 (梁家俊)
G476,22/02/2025,游水,沙田,,沙田,,,,,,,,游水,,
G476,22/02/2025,踱步,沙田,內圈,沙田 內圈,,,,,,助手,,快踱一圈,H,內圈 快踱一圈 (助手)
G476,21/02/2025,游水,沙田,,沙田,,,,,,,,游水,,
G476,21/02/2025,踱步,沙田,內圈,沙田 內圈,,,,,,助手,,快踱一圈,H,內圈 快踱一圈 (助手)
G476,20/02/2025,游水,沙田,,沙田,,,,,,,,游水,,
G476,19/02/2025,游水,沙田,,沙田,,,,,,,,游水,,
G476,19/02/2025,快操,沙田,全天候,沙田 全天候,,54.6,54.6,29.1 25.5,,梁家俊,,快操,H,29.1 25.5 (54.6) (梁家俊)
G476,19/02/2025,踱步,沙田,飛機場,沙田 飛機場,,,,,,梁家俊,,踱步,H,飛機場 踱步 (梁家俊)
G476,18/02/2025,游水,沙田,,沙田,,,,,,,,游水,,
G476,18/02/2025,踱步,沙田,內圈,沙田 內圈,,,,,,助手,,快踱一圈,H,內圈 快踱一圈 (助手)
G476,17/02/2025,游水,沙田,,沙田,,,,,,,,游水,,
G476,17/02/2025,踱步,沙田,內圈,沙田 內圈,,,,,,助手,,倒快一圈,H,內圈 倒快一圈 (助手)
G476,16/02/2025,游水,沙田,,沙田,,,,,,,,游水,,
G476,15/02/2025,游水,沙田,,沙田,,,,,,,,游水,,
G476,15/02/2025,快操,沙田,全天候,沙田 全天候,,56.2,56.2,29.8 26.4,,助手,,快操,CP,29.8 26.4 (56.2) (助手)
G476,15/02/2025,踱步,沙田,飛機場,沙田 飛機場,,,,,,助手,,踱步,CP,飛機場 踱步 (助手)
G476,14/02/2025,游水,沙田,,沙田,,,,,,,,游水,,
G476,14/02/2025,踱步,沙田,內圈,沙田 內圈,,,,,,助手,,快踱一圈,H,內圈 快踱一圈 (助手)
G476,13/02/2025,游水,沙田,,沙田,,,,,,,,游水,,
G476,13/02/2025,踱步,沙田,內圈,沙田 內圈,,,,,,助手,,倒快一圈,H,內圈 倒快一圈 (助手)
G476,12/02/2025,游水,沙田,,沙田,,,,,,,,游水,,
G476,12/02/2025,踱步,沙田,內圈,沙田 內圈,,,,,,助手,,快踱一圈,H,內圈 快踱一圈 (助手)
G476,11/02/2025,游水,沙田,,沙田,,,,,,,,游水,,
G476,11/02/2025,踱步,沙田,內圈,沙田 內圈,,,,,,助手,,快踱一圈,H,內圈 快踱一圈 (助手)
G476,10/02/2025,踱步,沙田,內圈,沙田 內圈,,,,,,助手,,倒快一圈,H,內圈 倒快一圈 (助手)
G476,09/02/2025,游水,沙田,,沙田,,,,,,,,游水,,
G476,09/02/2025,踱步,沙田,內圈,沙田 內圈,,,,,,助手,,快踱一圈,H,內圈 快踱一圈 (助手)
G476,08/02/2025,游水,沙田,,沙田,,,,,,,,游水,,
G476,05/02/2025,出賽,跑馬地,草地,跑馬地 草地,1650M,,,,,蔡明紹,8/12,出賽,CP/TT,1650M (蔡明紹) (8/12)
G476,05/02/2025,游水,沙田,,沙田,,,,,,,,游水,,
G476,05/02/2025,踱步,沙田,內圈,沙田 內圈,,,,,,助手,,快踱一圈,H,內圈 快踱一圈 (助手)
G476,04/02/2025,游水,沙田,,沙田,,,,,,,,游水,,
G476,04/02/2025,踱步,沙田,內圈,沙田 內圈,,,,,,助手,,快踱一圈,H,內圈 快踱一圈 (助手)
G476,03/02/2025,游水,沙田,,沙田,,,,,,,,游水,,
G476,03/02/2025,踱步,沙田,內圈,沙田 內圈,,,,,,助手,,倒快一圈,H,內圈 倒快一圈 (助手)
G476,02/02/2025,游水,沙田,,沙田,,,,,,,,游水,,
G476,02/02/2025,快操,沙田,全天候,沙田 全天候,,52.9,52.9,29.1 23.8,,助手,,快操,H,29.1 23.8 (52.9) (助手)
G476,02/02/2025,踱步,沙田,飛機場,沙田 飛機場,,,,,,助手,,踱步,H,飛機場 踱步 (助手)
G476,01/02/2025,游水,沙田,,沙田,,,,,,,,游水,,
G476,01/02/2025,踱步,沙田,內圈,沙田 內圈,,,,,,助手,,快踱一圈,H,內圈 快踱一圈 (助手)
G476,31/01/2025,游水,沙田,,沙田,,,,,,,,游水,,
G476,31/01/2025,踱步,沙田,內圈,沙田 內圈,,,,,,助手,,快踱一圈,H,內圈 快踱一圈 (助手)
G476,30/01/2025,游水,沙田,,沙田,,,,,,,,游水,,
G476,30/01/2025,踱步,沙田,內圈,沙田 內圈,,,,,,助手,,倒快一圈,H,內圈 倒快一圈 (助手)
G476,28/01/2025,游水,沙田,,沙田,,,,,,,,游水,,
G476,28/01/2025,踱步,沙田,內圈,沙田 內圈,,,,,,助手,,快踱一圈,H,內圈 快踱一圈 (助手)
G476,27/01/2025,游水,沙田,,沙田,,,,,,,,游水,,
G476,27/01/2025,踱步,沙田,內圈,沙田 內圈,,,,,,助手,,倒快一圈,H,內圈 倒快一圈 (助手)
G476,26/01/2025,游水,沙田,,沙田,,,,,,,,游水,,
G476,26/01/2025,踱步,沙田,內圈,沙田 內圈,,,,,,助手,,快踱一圈,H,內圈 快踱一圈 (助手)
G476,25/01/2025,游水,沙田,,沙田,,,,,,,,游水,,
G476,25/01/2025,踱步,沙田,內圈,沙田 內圈,,,,,,助手,,快踱一圈,H,內圈 快踱一圈 (助手)
G476,22/01/2025,出賽,跑馬地,草地,跑馬地 草地,1800M,,,,,梁家俊,6/12,出賽,CP/TT,1800M (梁家俊) (6/12)
G476,22/01/2025,游水,沙田,,沙田,,,,,,,,游水,,
G476,22/01/2025,踱步,沙田,內圈,沙田 內圈,,,,,,助手,,快踱一圈,H,內圈 快踱一圈 (助手)
G476,21/01/2025,游水,沙田,,沙田,,,,,,,,游水,,
G476,21/01/2025,踱步,沙田,內圈,沙田 內圈,,,,,,助手,,快踱一圈,H,內圈 快踱一圈 (助手)
G476,20/01/2025,游水,沙田,,沙田,,,,,,,,游水,,
G476,20/01/2025,踱步,沙田,內圈,沙田 內圈,,,,,,助手,,倒快一圈,H,內圈 倒快一圈 (助手)
G476,19/01/2025,游水,沙田,,沙田,,,,,,,,游水,,
G476,19/01/2025,快操,沙田,全天候,沙田 全天候,,56.7,56.7,31.5 25.2,,助手,,快操,H,31.5 25.2 (56.7) (助手)
G476,19/01/2025,踱步,沙田,飛機場,沙田 飛機場,,,,,,助手,,踱步,H,飛機場 踱步 (助手)
G476,18/01/2025,游水,沙田,,沙田,,,,,,,,游水,,
G476,18/01/2025,踱步,沙田,內圈,沙田 內圈,,,,,,助手,,快踱一圈,H,內圈 快踱一圈 (助手)
G476,17/01/2025,游水,沙田,,沙田,,,,,,,,游水,,
G476,17/01/2025,踱步,沙田,內圈,沙田 內圈,,,,,,助手,,快踱一圈,H,內圈 快踱一圈 (助手)
G476,16/01/2025,踱步,沙田,內圈,沙田 內圈,,,,,,助手,,倒快一圈,H,內圈 倒快一圈 (助手)
G476,15/01/2025,游水,沙田,,沙田,,,,,,,,游水,,
G476,15/01/2025,快操,沙田,全天候,沙田 全天候,,55.5,55.5,29.9 25.6,,助手,,快操,H,29.9 25.6 (55.5) (助手)
G476,15/01/2025,踱步,沙田,飛機場,沙田 飛機場,,,,,,助手,,踱步,H,飛機場 踱步 (助手)
G476,14/01/2025,游水,沙田,,沙田,,,,,,,,游水,,
G476,14/01/2025,踱步,沙田,內圈,沙田 內圈,,,,,,助手,,快踱一圈,H,內圈 快踱一圈 (助手)
G476,13/01/2025,游水,沙田,,沙田,,,,,,,,游水,,
G476,13/01/2025,踱步,沙田,內圈,沙田 內圈,,,,,,助手,,倒快一圈,H,內圈 倒快一圈 (助手)
G476,12/01/2025,踱步,沙田,內圈,沙田 內圈,,,,,,助手,,快踱一圈,H,內圈 快踱一圈 (助手)
G476,11/01/2025,游水,沙田,,沙田,,,,,,,,游水,,
G476,08/01/2025,出賽,跑馬地,草地,跑馬地 草地,1800M,,,,,艾兆禮,12/12,出賽,CP/TT,1800M (艾兆禮) (12/12)
G476,08/01/2025,游水,沙田,,沙田,,,,,,,,游水,,
G476,08/01/2025,踱步,沙田,內圈,沙田 內圈,,,,,,助手,,快踱一圈,H,內圈 快踱一圈 (助手)
G476,07/01/2025,游水,沙田,,沙田,,,,,,,,游水,,
G476,07/01/2025,踱步,沙田,內圈,沙田 內圈,,,,,,助手,,快踱一圈,H,內圈 快踱一圈 (助手)
G476,06/01/2025,游水,沙田,,沙田,,,,,,,,游水,,
G476,06/01/2025,踱步,沙田,內圈,沙田 內圈,,,,,,助手,,倒快一圈,H,內圈 倒快一圈 (助手)
G476,05/01/2025,游水,沙田,,沙田,,,,,,,,游水,,
G476,05/01/2025,快操,沙田,全天候,沙田 全天候,,54.5,54.5,28.7 25.8,,助手,,快操,H,28.7 25.8 (54.5) (助手)
G476,05/01/2025,踱步,沙田,飛機場,沙田 飛機場,,,,,,助手,,踱步,H,飛機場 踱步 (助手)
G476,04/01/2025,游水,沙田,,沙田,,,,,,,,游水,,
G476,04/01/2025,踱步,沙田,內圈,沙田 內圈,,,,,,助手,,快踱一圈,H,內圈 快踱一圈 (助手)
G476,03/01/2025,游水,沙田,,沙田,,,,,,,,游水,,
G476,03/01/2025,踱步,沙田,內圈,沙田 內圈,,,,,,助手,,快踱一圈,H,內圈 快踱一圈 (助手)
G476,02/01/2025,游水,沙田,,沙田,,,,,,,,游水,,
G476,02/01/2025,踱步,沙田,內圈,沙田 內圈,,,,,,助手,,倒快一圈,H,內圈 倒快一圈 (助手)
G476,01/01/2025,游水,沙田,,沙田,,,,,,,,游水,,
G476,01/01/2025,踱步,沙田,內圈,沙田 內圈,,,,,,助手,,快踱一圈,H,內圈 快踱一圈 (助手)
G476,31/12/2024,游水,沙田,,沙田,,,,,,,,游水,,
G476,31/12/2024,踱步,沙田,內圈,沙田 內圈,,,,,,助手,,快踱一圈,H,內圈 快踱一圈 (助手)
G476,30/12/2024,游水,沙田,,沙田,,,,,,,,游水,,
G476,30/12/2024,踱步,沙田,內圈,沙田 內圈,,,,,,助手,,倒快一圈,H,內圈 倒快一圈 (助手)
G476,26/12/2024,出賽,跑馬地,草地,跑馬地 草地,1650M,,,,,周俊樂,1/12,出賽,CP/TT,1650M (周俊樂) (1/12)
G476,26/12/2024,游水,沙田,,沙田,,,,,,,,游水,,
G476,26/12/2024,踱步,沙田,內圈,沙田 內圈,,,,,,助手,,倒快一圈,H,內圈 倒快一圈 (助手)
G476,25/12/2024,游水,沙田,,沙田,,,,,,,,游水,,
G476,25/12/2024,踱步,沙田,內圈,沙田 內圈,,,,,,助手,,快踱一圈,H,內圈 快踱一圈 (助手)
G476,24/12/2024,游水,沙田,,沙田,,,,,,,,游水,,
G476,24/12/2024,踱步,沙田,內圈,沙田 內圈,,,,,,助手,,快踱一圈,H,內圈 快踱一圈 (助手)
G476,23/12/2024,游水,沙田,,沙田,,,,,,,,游水,,
G476,23/12/2024,快操,沙田,全天候,沙田 全天候,,56.2,56.2,29.5 26.7,,助手,,快操,H,29.5 26.7 (56.2) (助手)
G476,23/12/2024,踱步,沙田,飛機場,沙田 飛機場,,,,,,助手,,踱步,CP,飛機場 踱步 (助手)
G476,21/12/2024,游水,沙田,,沙田,,,,,,,,游水,,
G476,21/12/2024,踱步,沙田,內圈,沙田 內圈,,,,,,助手,,快踱一圈,H,內圈 快踱一圈 (助手)
G476,20/12/2024,游水,沙田,,沙田,,,,,,,,游水,,
G476,20/12/2024,踱步,沙田,內圈,沙田 內圈,,,,,,助手,,快踱一圈,H,內圈 快踱一圈 (助手)
G476,19/12/2024,游水,沙田,,沙田,,,,,,,,游水,,
G476,19/12/2024,快操,沙田,全天候,沙田 全天候,,55.5,55.5,30.3 25.2,,助手,,快操,CP,30.3 25.2 (55.5) (助手)
G476,19/12/2024,踱步,沙田,飛機場,沙田 飛機場,,,,,,助手,,踱步,H,飛機場 踱步 (助手)
G476,18/12/2024,游水,沙田,,沙田,,,,,,,,游水,,
G476,18/12/2024,踱步,沙田,內圈,沙田 內圈,,,,,,助手,,快踱一圈,H,內圈 快踱一圈 (助手)
G476,17/12/2024,游水,沙田,,沙田,,,,,,,,游水,,
G476,17/12/2024,踱步,沙田,內圈,沙田 內圈,,,,,,助手,,快踱一圈,H,內圈 快踱一圈 (助手)
G476,16/12/2024,游水,沙田,,沙田,,,,,,,,游水,,
G476,16/12/2024,踱步,沙田,內圈,沙田 內圈,,,,,,助手,,倒快一圈,H,內圈 倒快一圈 (助手)
G476,15/12/2024,游水,沙田,,沙田,,,,,,,,游水,,
G476,15/12/2024,快操,沙田,全天候,沙田 全天候,,53.1,53.1,27.0 26.1,,助手,,快操,H,27.0 26.1 (53.1) (助手)
G476,15/12/2024,踱步,沙田,飛機場,沙田 飛機場,,,,,,助手,,踱步,H,飛機場 踱步 (助手)
G476,14/12/2024,踱步,沙田,內圈,沙田 內圈,,,,,,助手,,快踱一圈,H,內圈 快踱一圈 (助手)
G476,13/12/2024,游水,沙田,,沙田,,,,,,,,游水,,
G476,13/12/2024,踱步,沙田,內圈,沙田 內圈,,,,,,助手,,快踱一圈,H,內圈 快踱一圈 (助手)
G476,12/12/2024,游水,沙田,,沙田,,,,,,,,游水,,
G476,12/12/2024,踱步,沙田,內圈,沙田 內圈,,,,,,助手,,倒快一圈,H,內圈 倒快一圈 (助手)
G476,11/12/2024,游水,沙田,,沙田,,,,,,,,游水,,
G476,11/12/2024,踱步,沙田,內圈,沙田 內圈,,,,,,助手,,快踱一圈,H,內圈 快踱一圈 (助手)
G476,10/12/2024,游水,沙田,,沙田,,,,,,,,游水,,
G476,10/12/2024,踱步,沙田,內圈,沙田 內圈,,,,,,助手,,快踱一圈,H,內圈 快踱一圈 (助手)
G476,09/12/2024,游水,沙田,,沙田,,,,,,,,游水,,
G476,09/12/2024,踱步,沙田,內圈,沙田 內圈,,,,,,助手,,倒快一圈,H,內圈 倒快一圈 (助手)
G476,08/12/2024,游水,沙田,,沙田,,,,,,,,游水,,
G476,08/12/2024,踱步,沙田,飛機場,沙田 飛機場,,,,,,助手,,踱步,H,飛機場 踱步 (助手)
G476,07/12/2024,游水,沙田,,沙田,,,,,,,,游水,,
G476,06/12/2024,游水,沙田,,沙田,,,,,,,,游水,,
G476,04/12/2024,出賽,跑馬地,草地,跑馬地 草地,1650M,,,,,簡國能,9/12,出賽,CP/TT,1650M (簡國能) (9/12)
G476,04/12/2024,游水,沙田,,沙田,,,,,,,,游水,,
G476,03/12/2024,游水,沙田,,沙田,,,,,,,,游水,,
G476,03/12/2024,踱步,沙田,內圈,沙田 內圈,,,,,,助手,,快踱一圈,H,內圈 快踱一圈 (助手)
G476,02/12/2024,游水,沙田,,沙田,,,,,,,,游水,,
G476,02/12/2024,踱步,沙田,內圈,沙田 內圈,,,,,,助手,,倒快一圈,H,內圈 倒快一圈 (助手)
G476,01/12/2024,游水,沙田,,沙田,,,,,,,,游水,,
G476,01/12/2024,快操,沙田,全天候,沙田 全天候,,55.6,55.6,29.6 26.0,,助手,,快操,H,29.6 26.0 (55.6) (助手)
G476,30/11/2024,游水,沙田,,沙田,,,,,,,,游水,,
G476,30/11/2024,踱步,沙田,內圈,沙田 內圈,,,,,,助手,,快踱一圈,H,內圈 快踱一圈 (助手)
G476,29/11/2024,游水,沙田,,沙田,,,,,,,,游水,,
G476,29/11/2024,踱步,沙田,內圈,沙田 內圈,,,,,,助手,,快踱一圈,H,內圈 快踱一圈 (助手)
G476,28/11/2024,游水,沙田,,沙田,,,,,,,,游水,,
G476,28/11/2024,踱步,沙田,內圈,沙田 內圈,,,,,,助手,,倒快兩圈,H,內圈 倒快兩圈 (助手)
G476,27/11/2024,游水,沙田,,沙田,,,,,,,,游水,,
G476,27/11/2024,踱步,沙田,內圈,沙田 內圈,,,,,,助手,,快踱一圈,H,內圈 快踱一圈 (助手)
G476,26/11/2024,游水,沙田,,沙田,,,,,,,,游水,,
G476,26/11/2024,踱步,沙田,內圈,沙田 內圈,,,,,,助手,,快踱一圈,H,內圈 快踱一圈 (助手)
G476,25/11/2024,游水,沙田,,沙田,,,,,,,,游水,,
G476,25/11/2024,踱步,沙田,內圈,沙田 內圈,,,,,,助手,,倒快一圈,H,內圈 倒快一圈 (助手)
G476,24/11/2024,游水,沙田,,沙田,,,,,,,,游水,,
G476,24/11/2024,踱步,沙田,內圈,沙田 內圈,,,,,,助手,,快踱一圈,H,內圈 快踱一圈 (助手)
G476,23/11/2024,游水,沙田,,沙田,,,,,,,,游水,,
G476,20/11/2024,出賽,跑馬地,草地,跑馬地 草地,1650M,,,,,梁家俊,3/12,出賽,CP2/TT,1650M (梁家俊) (3/12)
G476,20/11/2024,游水,沙田,,沙田,,,,,,,,游水,,
G476,20/11/2024,踱步,沙田,內圈,沙田 內圈,,,,,,助手,,快踱一圈,H,內圈 快踱一圈 (助手)
G476,19/11/2024,游水,沙田,,沙田,,,,,,,,游水,,
G476,19/11/2024,踱步,沙田,內圈,沙田 內圈,,,,,,助手,,快踱一圈,H,內圈 快踱一圈 (助手)
G476,18/11/2024,游水,沙田,,沙田,,,,,,,,游水,,
G476,18/11/2024,踱步,沙田,內圈,沙田 內圈,,,,,,助手,,倒快一圈,H,內圈 倒快一圈 (助手)
G476,17/11/2024,游水,沙田,,沙田,,,,,,,,游水,,
G476,17/11/2024,快操,沙田,全天候,沙田 全天候,,58.1,58.1,31.3 26.8,,助手,,快操,H,31.3 26.8 (58.1) (助手)
G476,17/11/2024,踱步,沙田,飛機場,沙田 飛機場,,,,,,助手,,踱步,H,飛機場 踱步 (助手)
G476,16/11/2024,游水,沙田,,沙田,,,,,,,,游水,,
G476,16/11/2024,踱步,沙田,內圈,沙田 內圈,,,,,,助手,,快踱一圈,H,內圈 快踱一圈 (助手)
G476,15/11/2024,游水,沙田,,沙田,,,,,,,,游水,,
G476,15/11/2024,踱步,沙田,內圈,沙田 內圈,,,,,,助手,,快踱一圈,H,內圈 快踱一圈 (助手)
G476,14/11/2024,游水,沙田,,沙田,,,,,,,,游水,,
G476,13/11/2024,游水,沙田,,沙田,,,,,,,,游水,,
G476,13/11/2024,踱步,沙田,內圈,沙田 內圈,,,,,,助手,,快踱一圈,H,內圈 快踱一圈 (助手)
G476,12/11/2024,游水,沙田,,沙田,,,,,,,,游水,,
G476,12/11/2024,踱步,沙田,內圈,沙田 內圈,,,,,,助手,,快踱一圈,H,內圈 快踱一圈 (助手)
G476,11/11/2024,游水,沙田,,沙田,,,,,,,,游水,,
G476,11/11/2024,踱步,沙田,內圈,沙田 內圈,,,,,,助手,,倒快一圈,H,內圈 倒快一圈 (助手)
G476,10/11/2024,游水,沙田,,沙田,,,,,,,,游水,,
G476,10/11/2024,快操,沙田,全天候,沙田 全天候,,56.0,56.0,30.1 25.9,,助手,,快操,H,30.1 25.9 (56.0) (助手)
G476,10/11/2024,踱步,沙田,飛機場,沙田 飛機場,,,,,,助手,,踱步,H,飛機場 踱步 (助手)
G476,09/11/2024,游水,沙田,,沙田,,,,,,,,游水,,
G476,09/11/2024,踱步,沙田,內圈,沙田 內圈,,,,,,助手,,快踱一圈,H,內圈 快踱一圈 (助手)
G476,08/11/2024,游水,沙田,,沙田,,,,,,,,游水,,
G476,08/11/2024,踱步,沙田,內圈,沙田 內圈,,,,,,助手,,快踱一圈,H,內圈 快踱一圈 (助手)
G476,07/11/2024,游水,沙田,,沙田,,,,,,,,游水,,
G476,07/11/2024,踱步,沙田,內圈,沙田 內圈,,,,,,助手,,倒快一圈,H,內圈 倒快一圈 (助手)
G476,06/11/2024,游水,沙田,,沙田,,,,,,,,游水,,
G476,06/11/2024,快操,沙田,全天候,沙田 全天候,,1.30.0,90.0,33.7 29.5 26.8,,助手,,快操,H,33.7 29.5 26.8 (1.30.0) (助手)
G476,06/11/2024,踱步,沙田,飛機場,沙田 飛機場,,,,,,助手,,踱步,H,飛機場 踱步 (助手)
G476,05/11/2024,游水,沙田,,沙田,,,,,,,,游水,,
G476,05/11/2024,踱步,沙田,內圈,沙田 內圈,,,,,,助手,,快踱一圈,H,內圈 快踱一圈 (助手)
G476,04/11/2024,游水,沙田,,沙田,,,,,,,,游水,,
G476,04/11/2024,踱步,沙田,內圈,沙田 內圈,,,,,,助手,,倒快一圈,H,內圈 倒快一圈 (助手)
G476,03/11/2024,游水,沙田,,沙田,,,,,,,,游水,,
G476,02/11/2024,游水,沙田,,沙田,,,,,,,,游水,,
G476,02/11/2024,踱步,沙田,內圈,沙田 內圈,,,,,,助手,,快踱一圈,H,內圈 快踱一圈 (助手)
G476,01/11/2024,游水,沙田,,沙田,,,,,,,,游水,,
G476,01/11/2024,踱步,沙田,內圈,沙田 內圈,,,,,,助手,,快踱一圈,H,內圈 快踱一圈 (助手)
G476,31/10/2024,游水,沙田,,沙田,,,,,,,,游水,,
G476,31/10/2024,踱步,沙田,飛機場,沙田 飛機場,,,,,,助手,,踱步,H,飛機場 踱步 (助手)
G476,27/10/2024,出賽,跑馬地,草地,跑馬地 草地,1800M,,,,,梁家俊,5/9,出賽,TT,1800M (梁家俊) (5/9)
G476,27/10/2024,踱步,沙田,內圈,沙田 內圈,,,,,,助手,,快踱一圈,H,內圈 快踱一圈 (助手)
G476,26/10/2024,游水,沙田,,沙田,,,,,,,,游水,,
G476,26/10/2024,踱步,沙田,內圈,沙田 內圈,,,,,,助手,,快踱一圈,PH,內圈 快踱一圈 (助手)
G476,25/10/2024,游水,沙田,,沙田,,,,,,,,游水,,
G476,25/10/2024,踱步,沙田,內圈,沙田 內圈,,,,,,助手,,快踱一圈,H,內圈 快踱一圈 (助手)
G476,24/10/2024,游水,沙田,,沙田,,,,,,,,游水,,
G476,24/10/2024,快操,沙田,全天候,沙田 全天候,,52.5,52.5,29.3 23.2,,梁家俊,,快操,H,29.3 23.2 (52.5) (梁家俊)
G476,24/10/2024,踱步,沙田,飛機場,沙田 飛機場,,,,,,助手,,踱步,H,飛機場 踱步 (助手)
G476,23/10/2024,游水,沙田,,沙田,,,,,,,,游水,,
G476,23/10/2024,踱步,沙田,內圈,沙田 內圈,,,,,,助手,,快踱一圈,H,內圈 快踱一圈 (助手)
G476,22/10/2024,游水,沙田,,沙田,,,,,,,,游水,,
G476,22/10/2024,踱步,沙田,內圈,沙田 內圈,,,,,,助手,,快踱一圈,H,內圈 快踱一圈 (助手)
G476,21/10/2024,游水,沙田,,沙田,,,,,,,,游水,,
G476,21/10/2024,踱步,沙田,內圈,沙田 內圈,,,,,,助手,,倒快一圈,H,內圈 倒快一圈 (助手)
G476,20/10/2024,游水,沙田,,沙田,,,,,,,,游水,,
G476,20/10/2024,快操,沙田,全天候,沙田 全天候,,56.3,56.3,30.4 25.9,,助手,,快操,H,30.4 25.9 (56.3) (助手)
G476,20/10/2024,踱步,沙田,飛機場,沙田 飛機場,,,,,,助手,,踱步,H,飛機場 踱步 (助手)
G476,19/10/2024,游水,沙田,,沙田,,,,,,,,游水,,
G476,19/10/2024,踱步,沙田,內圈,沙田 內圈,,,,,,助手,,快踱一圈,H,內圈 快踱一圈 (助手)
G476,18/10/2024,游水,沙田,,沙田,,,,,,,,游水,,
G476,18/10/2024,踱步,沙田,內圈,沙田 內圈,,,,,,助手,,快踱一圈,H,內圈 快踱一圈 (助手)
G476,17/10/2024,游水,沙田,,沙田,,,,,,,,游水,,
G476,17/10/2024,踱步,沙田,內圈,沙田 內圈,,,,,,助手,,倒快一圈,H,內圈 倒快一圈 (助手)
G476,16/10/2024,游水,沙田,,沙田,,,,,,,,游水,,
G476,16/10/2024,快操,沙田,全天候,沙田 全天候,,57.4,57.4,30.1 27.3,,助手,,快操,H,30.1 27.3 (57.4) (助手)
G476,16/10/2024,踱步,沙田,飛機場,沙田 飛機場,,,,,,助手,,踱步,H,飛機場 踱步 (助手)
G476,15/10/2024,游水,沙田,,沙田,,,,,,,,游水,,
G476,15/10/2024,踱步,沙田,內圈,沙田 內圈,,,,,,助手,,快踱一圈,H,內圈 快踱一圈 (助手)
G476,14/10/2024,游水,沙田,,沙田,,,,,,,,游水,,
G476,14/10/2024,踱步,沙田,內圈,沙田 內圈,,,,,,助手,,倒快一圈,H,內圈 倒快一圈 (助手)
G476,13/10/2024,游水,沙田,,沙田,,,,,,,,游水,,
G476,13/10/2024,踱步,沙田,內圈,沙田 內圈,,,,,,助手,,快踱一圈,H,內圈 快踱一圈 (助手)
G476,12/10/2024,游水,沙田,,沙田,,,,,,,,游水,,
G476,11/10/2024,游水,沙田,,沙田,,,,,,,,游水,,
G476,09/10/2024,出賽,跑馬地,草地,跑馬地 草地,1650M,,,,,梁家俊,9/12,出賽,TT,1650M (梁家俊) (9/12)
G476,09/10/2024,游水,沙田,,沙田,,,,,,,,游水,,
G476,09/10/2024,踱步,沙田,內圈,沙田 內圈,,,,,,助手,,快踱一圈,H,內圈 快踱一圈 (助手)
G476,08/10/2024,游水,沙田,,沙田,,,,,,,,游水,,
G476,08/10/2024,踱步,沙田,內圈,沙田 內圈,,,,,,助手,,快踱一圈,H,內圈 快踱一圈 (助手)
G476,07/10/2024,游水,沙田,,沙田,,,,,,,,游水,,
G476,07/10/2024,踱步,沙田,內圈,沙田 內圈,,,,,,助手,,倒快一圈,H,內圈 倒快一圈 (助手)
G476,06/10/2024,游水,沙田,,沙田,,,,,,,,游水,,
G476,06/10/2024,快操,沙田,全天候,沙田 全天候,,55.8,55.8,30.0 25.8,,助手,,快操,H,30.0 25.8 (55.8) (助手)
G476,06/10/2024,踱步,沙田,飛機場,沙田 飛機場,,,,,,助手,,踱步,H,飛機場 踱步 (助手)
G476,05/10/2024,游水,沙田,,沙田,,,,,,,,游水,,
G476,05/10/2024,踱步,沙田,內圈,沙田 內圈,,,,,,助手,,快踱一圈,H,內圈 快踱一圈 (助手)
G476,04/10/2024,游水,沙田,,沙田,,,,,,,,游水,,
G476,04/10/2024,踱步,沙田,內圈,沙田 內圈,,,,,,助手,,快踱一圈,H,內圈 快踱一圈 (助手)
G476,03/10/2024,游水,沙田,,沙田,,,,,,,,游水,,
G476,03/10/2024,踱步,沙田,內圈,沙田 內圈,,,,,,助手,,倒快一圈,H,內圈 倒快一圈 (助手)
G476,02/10/2024,游水,沙田,,沙田,,,,,,,,游水,,
G476,02/10/2024,踱步,沙田,內圈,沙田 內圈,,,,,,助手,,快踱一圈,H,內圈 快踱一圈 (助手)
G476,01/10/2024,游水,沙田,,沙田,,,,,,,,游水,,
G476,01/10/2024,踱步,沙田,飛機場,沙田 飛機場,,,,,,助手,,踱步,H,飛機場 踱步 (助手)
G476,30/09/2024,游水,沙田,,沙田,,,,,,,,游水,,
G476,30/09/2024,快操,沙田,草地,沙田 草地,,50.9,50.9,28.0 22.9,,梁家俊,,快操,,28.0 22.9 (50.9) (梁家俊)
G476,30/09/2024,踱步,沙田,飛機場,沙田 飛機場,,,,,,助手,,踱步,,飛機場 踱步 (助手)
G476,29/09/2024,游水,沙田,,沙田,,,,,,,,游水,,
G476,29/09/2024,踱步,沙田,內圈,沙田 內圈,,,,,,助手,,快踱一圈,H,內圈 快踱一圈 (助手)
G476,28/09/2024,游水,沙田,,沙田,,,,,,,,游水,,
G476,28/09/2024,踱步,沙田,內圈,沙田 內圈,,,,,,助手,,快踱一圈,H,內圈 快踱一圈 (助手)
G476,27/09/2024,游水,沙田,,沙田,,,,,,,,游水,,
G476,27/09/2024,踱步,沙田,內圈,沙田 內圈,,,,,,助手,,快踱一圈,H,內圈 快踱一圈 (助手)
G476,26/09/2024,游水,沙田,,沙田,,,,,,,,游水,,
G476,26/09/2024,踱步,沙田,飛機場,沙田 飛機場,,,,,,助手,,踱步,H,飛機場 踱步 (助手)
G476,25/09/2024,游水,沙田,,沙田,,,,,,,,游水,,
G476,25/09/2024,踱步,沙田,飛機場,沙田 飛機場,,,,,,助手,,踱步,H,飛機場 踱步 (助手)
G476,24/09/2024,游水,沙田,,沙田,,,,,,,,游水,,
G476,24/09/2024,踱步,沙田,飛機場,沙田 飛機場,,,,,,助手,,踱步,H,飛機場 踱步 (助手)
G476,23/09/2024,游水,沙田,,沙田,,,,,,,,游水,,
G476,23/09/2024,踱步,沙田,內圈,沙田 內圈,,,,,,助手,,倒快一圈,H,內圈 倒快一圈 (助手)
G476,22/09/2024,游水,沙田,,沙田,,,,,,,,游水,,
G476,21/09/2024,游水,沙田,,沙田,,,,,,,,游水,,
G476,21/09/2024,踱步,沙田,內圈,沙田 內圈,,,,,,助手,,快踱一圈,H,內圈 快踱一圈 (助手)
G476,20/09/2024,游水,沙田,,沙田,,,,,,,,游水,,
G476,20/09/2024,踱步,沙田,內圈,沙田 內圈,,,,,,助手,,快踱一圈,H,內圈 快踱一圈 (助手)
G476,19/09/2024,游水,沙田,,沙田,,,,,,,,游水,,
G476,19/09/2024,踱步,沙田,內圈,沙田 內圈,,,,,,助手,,倒快一圈,H,內圈 倒快一圈 (助手)
G476,18/09/2024,游水,沙田,,沙田,,,,,,,,游水,,
G476,18/09/2024,踱步,沙田,內圈,沙田 內圈,,,,,,助手,,快踱一圈,H,內圈 快踱一圈 (助手)
G476,17/09/2024,游水,沙田,,沙田,,,,,,,,游水,,
G476,16/09/2024,游水,沙田,,沙田,,,,,,,,游水,,
G476,16/09/2024,踱步,沙田,內圈,沙田 內圈,,,,,,助手,,倒快兩圈,H,內圈 倒快兩圈 (助手)
G476,15/09/2024,游水,沙田,,沙田,,,,,,,,游水,,
G476,15/09/2024,踱步,沙田,內圈,沙田 內圈,,,,,,助手,,快踱一圈,H,內圈 快踱一圈 (助手)
G476,14/09/2024,游水,沙田,,沙田,,,,,,,,游水,,
G476,13/09/2024,游水,沙田,,沙田,,,,,,,,游水,,
G476,11/09/2024,出賽,跑馬地,草地,跑馬地 草地,1650M,,,,,梁家俊,10/11,出賽,TT,1650M (梁家俊) (10/11)
G476,11/09/2024,游水,沙田,,沙田,,,,,,,,游水,,
G476,11/09/2024,踱步,沙田,內圈,沙田 內圈,,,,,,助手,,快踱一圈,H,內圈 快踱一圈 (助手)
G476,10/09/2024,游水,沙田,,沙田,,,,,,,,游水,,
G476,10/09/2024,踱步,沙田,內圈,沙田 內圈,,,,,,助手,,快踱一圈,H,內圈 快踱一圈 (助手)
G476,09/09/2024,游水,沙田,,沙田,,,,,,,,游水,,
G476,09/09/2024,踱步,沙田,內圈,沙田 內圈,,,,,,助手,,倒快一圈,H,內圈 倒快一圈 (助手)
G476,08/09/2024,游水,沙田,,沙田,,,,,,,,游水,,
G476,08/09/2024,快操,沙田,全天候,沙田 全天候,,57.8,57.8,31.3 26.5,,助手,,快操,H,31.3 26.5 (57.8) (助手)
G476,08/09/2024,踱步,沙田,飛機場,沙田 飛機場,,,,,,助手,,踱步,H,飛機場 踱步 (助手)
G476,07/09/2024,游水,沙田,,沙田,,,,,,,,游水,,
G476,07/09/2024,踱步,沙田,內圈,沙田 內圈,,,,,,助手,,快踱一圈,H,內圈 快踱一圈 (助手)
G476,06/09/2024,游水,沙田,,沙田,,,,,,,,游水,,
G476,05/09/2024,游水,從化,,從化,,,,,,,,游水,,
G476,05/09/2024,踱步,從化,內圈,從化 內圈,,,,,,助手,,倒快兩圈,H,內圈 倒快兩圈 (助手)
G476,04/09/2024,游水,從化,,從化,,,,,,,,游水,,
G476,04/09/2024,踱步,從化,內圈,從化 內圈,,,,,,助手,,快踱一圈,H,內圈 快踱一圈 (助手)
G476,03/09/2024,游水,從化,,從化,,,,,,,,游水,,
G476,03/09/2024,踱步,從化,內圈,從化 內圈,,,,,,助手,,快踱一圈,H,內圈 快踱一圈 (助手)
G476,02/09/2024,游水,從化,,從化,,,,,,,,游水,,
G476,02/09/2024,踱步,從化,內圈,從化 內圈,,,,,,助手,,倒快一圈,H,內圈 倒快一圈 (助手)
G476,01/09/2024,游水,從化,,從化,,,,,,,,游水,,
G476,01/09/2024,踱步,從化,內圈,從化 內圈,,,,,,助手,,快踱一圈,H,內圈 快踱一圈 (助手)
G476,31/08/2024,踱步,從化,內圈,從化 內圈,,,,,,助手,,快踱一圈,H,內圈 快踱一圈 (助手)
G476,29/08/2024,試閘,從化,草地,從化 草地,1200M,1.11.13,71.13,25.4 23.0 22.7,旺旺神駒,梁家俊,,第4組,,第4組 (梁家俊) 1200M 旺旺神駒 25.4 23.0 22.7 (1.11.13)
G476,29/08/2024,游水,從化,,從化,,,,,,,,游水,,
G476,29/08/2024,踱步,從化,飛機場,從化 飛機場,,,,,,助手,,踱步,,飛機場 踱步 (助手)
G476,28/08/2024,游水,從化,,從化,,,,,,,,游水,,
G476,28/08/2024,踱步,從化,內圈,從化 內圈,,,,,,助手,,快踱一圈,H,內圈 快踱一圈 (助手)
G476,27/08/2024,游水,從化,,從化,,,,,,,,游水,,
G476,27/08/2024,踱步,從化,內圈,從化 內圈,,,,,,助手,,快踱一圈,H,內圈 快踱一圈 (助手)
G476,26/08/2024,游水,從化,,從化,,,,,,,,游水,,
G476,26/08/2024,快操,從化,全天候,從化 全天候,,56.3,56.3,29.8 26.5,,助手,,快操,H,29.8 26.5 (56.3) (助手)
G476,26/08/2024,踱步,從化,飛機場,從化 飛機場,,,,,,助手,,踱步,H,飛機場 踱步 (助手)
G476,25/08/2024,游水,從化,,從化,,,,,,,,游水,,
G476,25/08/2024,踱步,從化,內圈,從化 內圈,,,,,,助手,,快踱一圈,H,內圈 快踱一圈 (助手)
G476,24/08/2024,游水,從化,,從化,,,,,,,,游水,,
G476,24/08/2024,踱步,從化,內圈,從化 內圈,,,,,,助手,,快踱一圈,H,內圈 快踱一圈 (助手)
G476,23/08/2024,游水,從化,,從化,,,,,,,,游水,,
G476,23/08/2024,快操,從化,全天候,從化 全天候,,56.2,56.2,30.7 25.5,,助手,,快操,H,30.7 25.5 (56.2) (助手)
G476,23/08/2024,踱步,從化,飛機場,從化 飛機場,,,,,,助手,,踱步,H,飛機場 踱步 (助手)
G476,22/08/2024,游水,從化,,從化,,,,,,,,游水,,
G476,22/08/2024,踱步,從化,內圈,從化 內圈,,,,,,助手,,倒快兩圈,H,內圈 倒快兩圈 (助手)
G476,21/08/2024,游水,從化,,從化,,,,,,,,游水,,
G476,21/08/2024,踱步,從化,內圈,從化 內圈,,,,,,助手,,快踱一圈,H,內圈 快踱一圈 (助手)
G476,20/08/2024,游水,從化,,從化,,,,,,,,游水,,
G476,20/08/2024,踱步,從化,內圈,從化 內圈,,,,,,助手,,快踱一圈,H,內圈 快踱一圈 (助手)
G476,19/08/2024,游水,從化,,從化,,,,,,,,游水,,
G476,19/08/2024,快操,從化,全天候,從化 全天候,,59.3,59.3,31.5 27.8,,助手,,快操,H,31.5 27.8 (59.3) (助手)
G476,19/08/2024,踱步,從化,飛機場,從化 飛機場,,,,,,助手,,踱步,H,飛機場 踱步 (助手)
G476,18/08/2024,游水,從化,,從化,,,,,,,,游水,,
G476,18/08/2024,踱步,從化,內圈,從化 內圈,,,,,,助手,,快踱一圈,H,內圈 快踱一圈 (助手)
G476,17/08/2024,游水,從化,,從化,,,,,,,,游水,,
G476,17/08/2024,踱步,從化,內圈,從化 內圈,,,,,,助手,,快踱一圈,H,內圈 快踱一圈 (助手)
G476,16/08/2024,游水,從化,,從化,,,,,,,,游水,,
G476,16/08/2024,快操,從化,全天候,從化 全天候,,57.7,57.7,31.0 26.7,,助手,,快操,H,31.0 26.7 (57.7) (助手)
G476,16/08/2024,踱步,從化,飛機場,從化 飛機場,,,,,,助手,,踱步,H,飛機場 踱步 (助手)
G476,15/08/2024,游水,從化,,從化,,,,,,,,游水,,
G476,15/08/2024,踱步,從化,內圈,從化 內圈,,,,,,助手,,倒快兩圈,H,內圈 倒快兩圈 (助手)
G476,14/08/2024,游水,從化,,從化,,,,,,,,游水,,
G476,14/08/2024,踱步,從化,內圈,從化 內圈,,,,,,助手,,快踱一圈,H,內圈 快踱一圈 (助手)
G476,13/08/2024,游水,從化,,從化,,,,,,,,游水,,
G476,13/08/2024,踱步,從化,內圈,從化 內圈,,,,,,助手,,快踱一圈,H,內圈 快踱一圈 (助手)
G476,12/08/2024,游水,從化,,從化,,,,,,,,游水,,
G476,12/08/2024,快操,從化,全天候,從化 全天候,,58.7,58.7,31.3 27.4,,助手,,快操,H,31.3 27.4 (58.7) (助手)
G476,11/08/2024,游水,從化,,從化,,,,,,,,游水,,
G476,11/08/2024,踱步,從化,內圈,從化 內圈,,,,,,助手,,快踱一圈,H,內圈 快踱一圈 (助手)
G476,10/08/2024,游水,從化,,從化,,,,,,,,游水,,
G476,10/08/2024,踱步,從化,內圈,從化 內圈,,,,,,助手,,快踱一圈,H,內圈 快踱一圈 (助手)
G476,09/08/2024,游水,從化,,從化,,,,,,,,游水,,
G476,09/08/2024,快操,從化,全天候,從化 全天候,,30.9,30.9,30.9,,助手,,快操,H,30.9 (30.9) (助手)
G476,09/08/2024,踱步,從化,飛機場,從化 飛機場,,,,,,助手,,踱步,H,飛機場 踱步 (助手)
G476,08/08/2024,游水,從化,,從化,,,,,,,,游水,,
G476,08/08/2024,踱步,從化,內圈,從化 內圈,,,,,,助手,,倒快兩圈,H,內圈 倒快兩圈 (助手)
G476,07/08/2024,游水,從化,,從化,,,,,,,,游水,,
G476,07/08/2024,踱步,從化,內圈,從化 內圈,,,,,,助手,,快踱一圈,H,內圈 快踱一圈 (助手)
G476,06/08/2024,游水,從化,,從化,,,,,,,,游水,,
G476,06/08/2024,踱步,從化,內圈,從化 內圈,,,,,,助手,,快踱一圈,H,內圈 快踱一圈 (助手)
G476,05/08/2024,游水,從化,,從化,,,,,,,,游水,,
G476,05/08/2024,踱步,從化,內圈,從化 內圈,,,,,,助手,,倒快兩圈,H,內圈 倒快兩圈 (助手)
G476,04/08/2024,游水,從化,,從化,,,,,,,,游水,,
G476,04/08/2024,踱步,從化,內圈,從化 內圈,,,,,,助手,,快踱一圈,H,內圈 快踱一圈 (助手)
G476,03/08/2024,游水,從化,,從化,,,,,,,,游水,,
G476,03/08/2024,踱步,從化,內圈,從化 內圈,,,,,,助手,,快踱一圈,H,內圈 快踱一圈 (助手)
G476,02/08/2024,游水,從化,,從化,,,,,,,,游水,,
G476,02/08/2024,踱步,從化,內圈,從化 內圈,,,,,,助手,,快踱一圈,H,內圈 快踱一圈 (助手)
G476,01/08/2024,游水,從化,,從化,,,,,,,,游水,,
G476,01/08/2024,踱步,從化,內圈,從化 內圈,,,,,,助手,,倒快一圈,H,內圈 倒快一圈 (助手)
G476,31/07/2024,游水,從化,,從化,,,,,,,,游水,,
G476,30/07/2024,游水,從化,,從化,,,,,,,,游水,,
G476,14/07/2024,游水,沙田,,沙田,,,,,,,,游水,,
G476,13/07/2024,游水,沙田,,沙田,,,,,,,,游水,,
G476,12/07/2024,游水,沙田,,沙田,,,,,,,,游水,,
G476,10/07/2024,出賽,跑馬地,草地,跑馬地 草地,1800M,,,,,布文,2/12,出賽,TT,1800M (布文) (2/12)
G476,10/07/2024,游水,沙田,,沙田,,,,,,,,游水,,
G476,10/07/2024,踱步,沙田,內圈,沙田 內圈,,,,,,助手,,快踱一圈,H,內圈 快踱一圈 (助手)
G476,09/07/2024,游水,沙田,,沙田,,,,,,,,游水,,
G476,09/07/2024,踱步,沙田,內圈,沙田 內圈,,,,,,助手,,快踱一圈,H,內圈 快踱一圈 (助手)
G476,08/07/2024,游水,沙田,,沙田,,,,,,,,游水,,
G476,08/07/2024,踱步,沙田,內圈,沙田 內圈,,,,,,助手,,倒快一圈,H,內圈 倒快一圈 (助手)
G476,07/07/2024,游水,沙田,,沙田,,,,,,,,游水,,
G476,07/07/2024,快操,沙田,全天候,沙田 全天候,,55.7,55.7,29.5 26.2,,助手,,快操,H,29.5 26.2 (55.7) (助手)
G476,07/07/2024,踱步,沙田,飛機場,沙田 飛機場,,,,,,助手,,踱步,H,飛機場 踱步 (助手)
G476,06/07/2024,踱步,沙田,內圈,沙田 內圈,,,,,,助手,,快踱一圈,H,內圈 快踱一圈 (助手)
G476,05/07/2024,踱步,沙田,內圈,沙田 內圈,,,,,,助手,,快踱一圈,H,內圈 快踱一圈 (助手)
G476,04/07/2024,游水,沙田,,沙田,,,,,,,,游水,,
G476,04/07/2024,踱步,沙田,內圈,沙田 內圈,,,,,,助手,,倒快一圈,H,內圈 倒快一圈 (助手)
G476,03/07/2024,游水,沙田,,沙田,,,,,,,,游水,,
G476,03/07/2024,踱步,沙田,內圈,沙田 內圈,,,,,,助手,,快踱一圈,H,內圈 快踱一圈 (助手)
G476,02/07/2024,游水,沙田,,沙田,,,,,,,,游水,,
G476,02/07/2024,踱步,沙田,內圈,沙田 內圈,,,,,,助手,,快踱一圈,H,內圈 快踱一圈 (助手)
G476,01/07/2024,游水,沙田,,沙田,,,,,,,,游水,,
G476,01/07/2024,踱步,沙田,內圈,沙田 內圈,,,,,,助手,,倒快一圈,H,內圈 倒快一圈 (助手)
G476,30/06/2024,游水,沙田,,沙田,,,,,,,,游水,,
G476,29/06/2024,游水,沙田,,沙田,,,,,,,,游水,,
G476,28/06/2024,游水,沙田,,沙田,,,,,,,,游水,,
G476,26/06/2024,出賽,跑馬地,草地,跑馬地 草地,1650M,,,,,梁家俊,2/11,出賽,TT,1650M (梁家俊) (2/11)
G476,26/06/2024,游水,沙田,,沙田,,,,,,,,游水,,
G476,26/06/2024,踱步,沙田,內圈,沙田 內圈,,,,,,助手,,快踱一圈,H,內圈 快踱一圈 (助手)
G476,25/06/2024,游水,沙田,,沙田,,,,,,,,游水,,
G476,25/06/2024,踱步,沙田,內圈,沙田 內圈,,,,,,助手,,快踱一圈,H,內圈 快踱一圈 (助手)
G476,24/06/2024,游水,沙田,,沙田,,,,,,,,游水,,
G476,24/06/2024,踱步,沙田,內圈,沙田 內圈,,,,,,助手,,倒快一圈,H,內圈 倒快一圈 (助手)
G476,23/06/2024,快操,沙田,全天候,沙田 全天候,,55.7,55.7,28.5 27.2,,助手,,快操,H,28.5 27.2 (55.7) (助手)
G476,22/06/2024,游水,沙田,,沙田,,,,,,,,游水,,
G476,22/06/2024,踱步,沙田,內圈,沙田 內圈,,,,,,助手,,快踱一圈,H,內圈 快踱一圈 (助手)
G476,21/06/2024,游水,沙田,,沙田,,,,,,,,游水,,
G476,21/06/2024,踱步,沙田,內圈,沙田 內圈,,,,,,助手,,快踱一圈,H,內圈 快踱一圈 (助手)
G476,20/06/2024,游水,沙田,,沙田,,,,,,,,游水,,
G476,20/06/2024,踱步,沙田,內圈,沙田 內圈,,,,,,助手,,倒快兩圈,H,內圈 倒快兩圈 (助手)
G476,19/06/2024,游水,沙田,,沙田,,,,,,,,游水,,
G476,19/06/2024,踱步,沙田,內圈,沙田 內圈,,,,,,助手,,快踱一圈,H,內圈 快踱一圈 (助手)
G476,18/06/2024,游水,沙田,,沙田,,,,,,,,游水,,
G476,18/06/2024,踱步,沙田,內圈,沙田 內圈,,,,,,助手,,快踱一圈,H,內圈 快踱一圈 (助手)
G476,17/06/2024,游水,沙田,,沙田,,,,,,,,游水,,
G476,17/06/2024,踱步,沙田,內圈,沙田 內圈,,,,,,助手,,倒快一圈,H,內圈 倒快一圈 (助手)
G476,16/06/2024,游水,沙田,,沙田,,,,,,,,游水,,
G476,16/06/2024,踱步,沙田,飛機場,沙田 飛機場,,,,,,助手,,踱步,H,飛機場 踱步 (助手)
G476,15/06/2024,游水,沙田,,沙田,,,,,,,,游水,,
G476,14/06/2024,游水,沙田,,沙田,,,,,,,,游水,,
G476,12/06/2024,出賽,跑馬地,草地,跑馬地 草地,1650M,,,,,梁家俊,7/12,出賽,TT,1650M (梁家俊) (7/12)
G476,12/06/2024,游水,沙田,,沙田,,,,,,,,游水,,
G476,12/06/2024,踱步,沙田,內圈,沙田 內圈,,,,,,助手,,快踱一圈,H,內圈 快踱一圈 (助手)
G476,11/06/2024,游水,沙田,,沙田,,,,,,,,游水,,
G476,11/06/2024,踱步,沙田,內圈,沙田 內圈,,,,,,助手,,快踱一圈,H,內圈 快踱一圈 (助手)
G476,10/06/2024,游水,沙田,,沙田,,,,,,,,游水,,
G476,10/06/2024,踱步,沙田,內圈,沙田 內圈,,,,,,助手,,倒快兩圈,H,內圈 倒快兩圈 (助手)
G476,09/06/2024,游水,沙田,,沙田,,,,,,,,游水,,
G476,09/06/2024,快操,沙田,全天候,沙田 全天候,,55.9,55.9,29.6 26.3,,助手,,快操,H,29.6 26.3 (55.9) (助手)
G476,09/06/2024,踱步,沙田,飛機場,沙田 飛機場,,,,,,助手,,踱步,H,飛機場 踱步 (助手)
G476,08/06/2024,踱步,沙田,內圈,沙田 內圈,,,,,,助手,,快踱一圈,H,內圈 快踱一圈 (助手)
G476,07/06/2024,游水,沙田,,沙田,,,,,,,,游水,,
G476,07/06/2024,踱步,沙田,內圈,沙田 內圈,,,,,,助手,,快踱一圈,H,內圈 快踱一圈 (助手)
G476,06/06/2024,游水,沙田,,沙田,,,,,,,,游水,,
G476,06/06/2024,踱步,沙田,內圈,沙田 內圈,,,,,,助手,,倒快兩圈,H,內圈 倒快兩圈 (助手)
G476,05/06/2024,游水,沙田,,沙田,,,,,,,,游水,,
G476,05/06/2024,快操,沙田,全天候,沙田 全天候,,54.8,54.8,28.4 26.4,,梁家俊,,快操,H,28.4 26.4 (54.8) (梁家俊)
G476,05/06/2024,踱步,沙田,飛機場,沙田 飛機場,,,,,,助手,,踱步,H,飛機場 踱步 (助手)
G476,04/06/2024,游水,沙田,,沙田,,,,,,,,游水,,
G476,04/06/2024,踱步,沙田,內圈,沙田 內圈,,,,,,助手,,快踱一圈,H,內圈 快踱一圈 (助手)
G476,03/06/2024,游水,沙田,,沙田,,,,,,,,游水,,
G476,03/06/2024,踱步,沙田,內圈,沙田 內圈,,,,,,助手,,倒快兩圈,H,內圈 倒快兩圈 (助手)
G476,02/06/2024,游水,沙田,,沙田,,,,,,,,游水,,
G476,02/06/2024,踱步,沙田,內圈,沙田 內圈,,,,,,助手,,快踱一圈,H,內圈 快踱一圈 (助手)
G476,01/06/2024,游水,沙田,,沙田,,,,,,,,游水,,
G476,01/06/2024,快操,沙田,全天候,沙田 全天候,,55.6,55.6,30.5 25.1,,助手,,快操,H,30.5 25.1 (55.6) (助手)
G476,01/06/2024,踱步,沙田,飛機場,沙田 飛機場,,,,,,助手,,踱步,H,飛機場 踱步 (助手)
G476,31/05/2024,游水,沙田,,沙田,,,,,,,,游水,,
G476,31/05/2024,踱步,沙田,內圈,沙田 內圈,,,,,,助手,,快踱一圈,H,內圈 快踱一圈 (助手)
G476,30/05/2024,游水,沙田,,沙田,,,,,,,,游水,,
G476,30/05/2024,踱步,沙田,內圈,沙田 內圈,,,,,,助手,,倒快兩圈,H,內圈 倒快兩圈 (助手)
G476,29/05/2024,游水,沙田,,沙田,,,,,,,,游水,,
G476,29/05/2024,踱步,沙田,內圈,沙田 內圈,,,,,,助手,,快踱一圈,H,內圈 快踱一圈 (助手)
G476,28/05/2024,游水,沙田,,沙田,,,,,,,,游水,,
G476,28/05/2024,踱步,沙田,內圈,沙田 內圈,,,,,,助手,,快踱一圈,H,內圈 快踱一圈 (助手)
G476,27/05/2024,游水,沙田,,沙田,,,,,,,,游水,,
G476,27/05/2024,踱步,沙田,內圈,沙田 內圈,,,,,,助手,,倒快兩圈,H,內圈 倒快兩圈 (助手)
G476,26/05/2024,游水,沙田,,沙田,,,,,,,,游水,,
G476,25/05/2024,游水,沙田,,沙田,,,,,,,,游水,,
G476,24/05/2024,游水,沙田,,沙田,,,,,,,,游水,,
G476,22/05/2024,出賽,跑馬地,草地,跑馬地 草地,1650M,,,,,梁家俊,1/12,出賽,TT,1650M (梁家俊) (1/12)
G476,22/05/2024,游水,沙田,,沙田,,,,,,,,游水,,
G476,22/05/2024,踱步,沙田,內圈,沙田 內圈,,,,,,助手,,快踱一圈,H,內圈 快踱一圈 (助手)
G476,21/05/2024,游水,沙田,,沙田,,,,,,,,游水,,
G476,21/05/2024,踱步,沙田,內圈,沙田 內圈,,,,,,助手,,快踱一圈,H,內圈 快踱一圈 (助手)
G476,20/05/2024,游水,沙田,,沙田,,,,,,,,游水,,
G476,20/05/2024,踱步,沙田,內圈,沙田 內圈,,,,,,助手,,倒快一圈,H,內圈 倒快一圈 (助手)
G476,19/05/2024,快操,沙田,全天候,沙田 全天候,,53.7,53.7,28.6 25.1,,助手,,小刺蛋,H,28.6 25.1 (53.7) (助手) 小刺蛋
G476,19/05/2024,踱步,沙田,飛機場,沙田 飛機場,,,,,,助手,,踱步,H,飛機場 踱步 (助手)
G476,18/05/2024,游水,沙田,,沙田,,,,,,,,游水,,
G476,18/05/2024,踱步,沙田,內圈,沙田 內圈,,,,,,助手,,快踱一圈,H,內圈 快踱一圈 (助手)
G476,17/05/2024,游水,沙田,,沙田,,,,,,,,游水,,
G476,17/05/2024,踱步,沙田,內圈,沙田 內圈,,,,,,助手,,快踱一圈,H,內圈 快踱一圈 (助手)
G476,16/05/2024,游水,沙田,,沙田,,,,,,,,游水,,
G476,16/05/2024,踱步,沙田,內圈,沙田 內圈,,,,,,助手,,倒快兩圈,H,內圈 倒快兩圈 (助手)
G476,15/05/2024,游水,沙田,,沙田,,,,,,,,游水,,
G476,15/05/2024,快操,沙田,全天候,沙田 全天候,,56.1,56.1,29.6 26.5,,助手,,快操,H,29.6 26.5 (56.1) (助手)
G476,15/05/2024,踱步,沙田,飛機場,沙田 飛機場,,,,,,助手,,踱步,H,飛機場 踱步 (助手)
G476,14/05/2024,游水,沙田,,沙田,,,,,,,,游水,,
G476,14/05/2024,踱步,沙田,內圈,沙田 內圈,,,,,,助手,,快踱一圈,H,內圈 快踱一圈 (助手)
G476,13/05/2024,游水,沙田,,沙田,,,,,,,,游水,,
G476,13/05/2024,踱步,沙田,內圈,沙田 內圈,,,,,,助手,,倒快兩圈,H,內圈 倒快兩圈 (助手)
G476,12/05/2024,游水,沙田,,沙田,,,,,,,,游水,,
G476,12/05/2024,踱步,沙田,內圈,沙田 內圈,,,,,,助手,,快踱一圈,H,內圈 快踱一圈 (助手)
G476,11/05/2024,快操,沙田,全天候,沙田 全天候,,56.6,56.6,30.6 26.0,,助手,,快操,H,30.6 26.0 (56.6) (助手)
G476,11/05/2024,踱步,沙田,飛機場,沙田 飛機場,,,,,,助手,,踱步,H,飛機場 踱步 (助手)
G476,10/05/2024,游水,沙田,,沙田,,,,,,,,游水,,
G476,10/05/2024,踱步,沙田,內圈,沙田 內圈,,,,,,助手,,快踱一圈,H,內圈 快踱一圈 (助手)
G476,09/05/2024,游水,沙田,,沙田,,,,,,,,游水,,
G476,09/05/2024,踱步,沙田,內圈,沙田 內圈,,,,,,助手,,倒快一圈,H,內圈 倒快一圈 (助手)
G476,08/05/2024,游水,沙田,,沙田,,,,,,,,游水,,
G476,08/05/2024,踱步,沙田,內圈,沙田 內圈,,,,,,助手,,快踱一圈,H,內圈 快踱一圈 (助手)
G476,07/05/2024,游水,沙田,,沙田,,,,,,,,游水,,
G476,06/05/2024,游水,沙田,,沙田,,,,,,,,游水,,
G476,06/05/2024,踱步,沙田,內圈,沙田 內圈,,,,,,助手,,倒快一圈,H,內圈 倒快一圈 (助手)
G476,05/05/2024,踱步,沙田,飛機場,沙田 飛機場,,,,,,助手,,踱步,H,飛機場 踱步 (助手)
G476,04/05/2024,游水,沙田,,沙田,,,,,,,,游水,,
G476,03/05/2024,游水,沙田,,沙田,,,,,,,,游水,,
G476,02/05/2024,游水,沙田,,沙田,,,,,,,,游水,,
G476,01/05/2024,出賽,跑馬地,草地,跑馬地 草地,1650M,,,,,梁家俊,2/12,出賽,TT,1650M (梁家俊) (2/12)
G476,01/05/2024,游水,沙田,,沙田,,,,,,,,游水,,
G476,01/05/2024,踱步,沙田,內圈,沙田 內圈,,,,,,助手,,快踱一圈,H,內圈 快踱一圈 (助手)
G476,30/04/2024,游水,沙田,,沙田,,,,,,,,游水,,
G476,30/04/2024,踱步,沙田,內圈,沙田 內圈,,,,,,助手,,快踱一圈,H,內圈 快踱一圈 (助手)
G476,29/04/2024,游水,沙田,,沙田,,,,,,,,游水,,
G476,29/04/2024,踱步,沙田,內圈,沙田 內圈,,,,,,助手,,倒快一圈,H,內圈 倒快一圈 (助手)
G476,28/04/2024,快操,沙田,全天候,沙田 全天候,,54.2,54.2,28.4 25.8,,助手,,快操,H,28.4 25.8 (54.2) (助手)
G476,28/04/2024,踱步,沙田,飛機場,沙田 飛機場,,,,,,助手,,踱步,H,飛機場 踱步 (助手)
G476,27/04/2024,游水,沙田,,沙田,,,,,,,,游水,,
G476,27/04/2024,踱步,沙田,內圈,沙田 內圈,,,,,,助手,,快踱一圈,H,內圈 快踱一圈 (助手)
G476,26/04/2024,游水,沙田,,沙田,,,,,,,,游水,,
G476,26/04/2024,踱步,沙田,內圈,沙田 內圈,,,,,,助手,,快踱一圈,H,內圈 快踱一圈 (助手)
G476,25/04/2024,游水,沙田,,沙田,,,,,,,,游水,,
G476,25/04/2024,踱步,沙田,內圈,沙田 內圈,,,,,,助手,,倒快兩圈,H,內圈 倒快兩圈 (助手)
G476,24/04/2024,游水,沙田,,沙田,,,,,,,,游水,,
G476,24/04/2024,踱步,沙田,內圈,沙田 內圈,,,,,,助手,,快踱一圈,H,內圈 快踱一圈 (助手)
G476,23/04/2024,游水,沙田,,沙田,,,,,,,,游水,,
G476,23/04/2024,踱步,沙田,內圈,沙田 內圈,,,,,,助手,,快踱一圈,H,內圈 快踱一圈 (助手)
G476,22/04/2024,游水,沙田,,沙田,,,,,,,,游水,,
G476,22/04/2024,踱步,沙田,內圈,沙田 內圈,,,,,,助手,,倒快兩圈,H,內圈 倒快兩圈 (助手)
G476,21/04/2024,游水,沙田,,沙田,,,,,,,,游水,,
G476,20/04/2024,游水,沙田,,沙田,,,,,,,,游水,,
G476,19/04/2024,游水,沙田,,沙田,,,,,,,,游水,,
G476,18/04/2024,游水,沙田,,沙田,,,,,,,,游水,,
G476,17/04/2024,出賽,跑馬地,草地,跑馬地 草地,1650M,,,,,梁家俊,11/12,出賽,CP-/H-/TT,1650M (梁家俊) (11/12)
G476,17/04/2024,游水,沙田,,沙田,,,,,,,,游水,,
G476,17/04/2024,踱步,沙田,內圈,沙田 內圈,,,,,,助手,,快踱一圈,H,內圈 快踱一圈 (助手)
G476,16/04/2024,游水,沙田,,沙田,,,,,,,,游水,,
G476,16/04/2024,踱步,沙田,內圈,沙田 內圈,,,,,,助手,,快踱一圈,H,內圈 快踱一圈 (助手)
G476,15/04/2024,游水,沙田,,沙田,,,,,,,,游水,,
G476,15/04/2024,踱步,沙田,內圈,沙田 內圈,,,,,,助手,,倒快兩圈,H,內圈 倒快兩圈 (助手)
G476,14/04/2024,游水,沙田,,沙田,,,,,,,,游水,,
G476,14/04/2024,快操,沙田,全天候,沙田 全天候,,24.9,24.9,24.9,,練馬師,,快操,H,24.9 (24.9) (練馬師)
G476,14/04/2024,踱步,沙田,飛機場,沙田 飛機場,,,,,,練馬師,,踱步,H,飛機場 踱步 (練馬師)
G476,13/04/2024,游水,沙田,,沙田,,,,,,,,游水,,
G476,13/04/2024,踱步,沙田,內圈,沙田 內圈,,,,,,助手,,快踱一圈,H,內圈 快踱一圈 (助手)
G476,12/04/2024,游水,沙田,,沙田,,,,,,,,游水,,
G476,12/04/2024,踱步,沙田,內圈,沙田 內圈,,,,,,助手,,快踱一圈,H,內圈 快踱一圈 (助手)
G476,11/04/2024,游水,沙田,,沙田,,,,,,,,游水,,
G476,11/04/2024,快操,沙田,全天候,沙田 全天候,,56.2,56.2,29.8 26.4,,助手,,快操,H,29.8 26.4 (56.2) (助手)
G476,11/04/2024,踱步,沙田,飛機場,沙田 飛機場,,,,,,助手,,踱步,H,飛機場 踱步 (助手)
G476,10/04/2024,游水,沙田,,沙田,,,,,,,,游水,,
G476,10/04/2024,踱步,沙田,內圈,沙田 內圈,,,,,,助手,,快踱一圈,H,內圈 快踱一圈 (助手)
G476,09/04/2024,游水,沙田,,沙田,,,,,,,,游水,,
G476,09/04/2024,踱步,沙田,內圈,沙田 內圈,,,,,,助手,,快踱一圈,H,內圈 快踱一圈 (助手)
G476,08/04/2024,游水,沙田,,沙田,,,,,,,,游水,,
G476,08/04/2024,踱步,沙田,內圈,沙田 內圈,,,,,,助手,,倒快兩圈,H,內圈 倒快兩圈 (助手)
G476,07/04/2024,游水,沙田,,沙田,,,,,,,,游水,,
G476,07/04/2024,快操,沙田,全天候,沙田 全天候,,56.3,56.3,30.5 25.8,,助手,,快操,H,30.5 25.8 (56.3) (助手)
G476,07/04/2024,踱步,沙田,飛機場,沙田 飛機場,,,,,,助手,,踱步,H,飛機場 踱步 (助手)
G476,06/04/2024,游水,沙田,,沙田,,,,,,,,游水,,
G476,06/04/2024,踱步,沙田,內圈,沙田 內圈,,,,,,練馬師,,快踱一圈,H,內圈 快踱一圈 (練馬師)
G476,05/04/2024,游水,沙田,,沙田,,,,,,,,游水,,
G476,05/04/2024,踱步,沙田,內圈,沙田 內圈,,,,,,助手,,快踱一圈,H,內圈 快踱一圈 (助手)
G476,04/04/2024,游水,沙田,,沙田,,,,,,,,游水,,
G476,04/04/2024,踱步,沙田,內圈,沙田 內圈,,,,,,練馬師,,倒快一圈,H,內圈 倒快一圈 (練馬師)
G476,03/04/2024,游水,沙田,,沙田,,,,,,,,游水,,
G476,03/04/2024,快操,沙田,全天候,沙田 全天候,,55.3,55.3,30.4 24.9,,助手,,快操,H,30.4 24.9 (55.3) (助手)
G476,03/04/2024,踱步,沙田,飛機場,沙田 飛機場,,,,,,助手,,踱步,H,飛機場 踱步 (助手)
G476,02/04/2024,游水,沙田,,沙田,,,,,,,,游水,,
G476,02/04/2024,踱步,沙田,內圈,沙田 內圈,,,,,,助手,,快踱一圈,H,內圈 快踱一圈 (助手)
G476,01/04/2024,游水,沙田,,沙田,,,,,,,,游水,,
G476,01/04/2024,踱步,沙田,內圈,沙田 內圈,,,,,,助手,,倒快兩圈,H,內圈 倒快兩圈 (助手)
G476,31/03/2024,游水,沙田,,沙田,,,,,,,,游水,,
G476,31/03/2024,踱步,沙田,內圈,沙田 內圈,,,,,,助手,,快踱一圈,H,內圈 快踱一圈 (助手)
G476,30/03/2024,游水,沙田,,沙田,,,,,,,,游水,,
G476,30/03/2024,踱步,沙田,內圈,沙田 內圈,,,,,,練馬師,,快踱一圈,H,內圈 快踱一圈 (練馬師)
G476,29/03/2024,游水,沙田,,沙田,,,,,,,,游水,,
G476,27/03/2024,出賽,跑馬地,草地,跑馬地 草地,1650M,,,,,梁家俊,9/11,出賽,CP/H/TT,1650M (梁家俊) (9/11)
G476,27/03/2024,游水,沙田,,沙田,,,,,,,,游水,,
G476,27/03/2024,踱步,沙田,內圈,沙田 內圈,,,,,,練馬師,,快踱一圈,H,內圈 快踱一圈 (練馬師)
G476,26/03/2024,游水,沙田,,沙田,,,,,,,,游水,,
G476,26/03/2024,踱步,沙田,內圈,沙田 內圈,,,,,,練馬師,,快踱一圈,H,內圈 快踱一圈 (練馬師)
G476,25/03/2024,游水,沙田,,沙田,,,,,,,,游水,,
G476,25/03/2024,踱步,沙田,內圈,沙田 內圈,,,,,,練馬師,,倒快兩圈,H,內圈 倒快兩圈 (練馬師)
G476,24/03/2024,游水,沙田,,沙田,,,,,,,,游水,,
G476,24/03/2024,快操,沙田,全天候,沙田 全天候,,56.1,56.1,30.8 25.3,,助手,,快操,H,30.8 25.3 (56.1) (助手)
G476,24/03/2024,踱步,沙田,飛機場,沙田 飛機場,,,,,,助手,,踱步,H,飛機場 踱步 (助手)
G476,23/03/2024,游水,沙田,,沙田,,,,,,,,游水,,
G476,23/03/2024,踱步,沙田,內圈,沙田 內圈,,,,,,助手,,快踱一圈,H,內圈 快踱一圈 (助手)
G476,22/03/2024,游水,沙田,,沙田,,,,,,,,游水,,
G476,22/03/2024,踱步,沙田,內圈,沙田 內圈,,,,,,助手,,快踱一圈,H,內圈 快踱一圈 (助手)
G476,21/03/2024,游水,沙田,,沙田,,,,,,,,游水,,
G476,21/03/2024,踱步,沙田,內圈,沙田 內圈,,,,,,助手,,倒快一圈,H,內圈 倒快一圈 (助手)
G476,20/03/2024,游水,沙田,,沙田,,,,,,,,游水,,
G476,20/03/2024,快操,沙田,全天候,沙田 全天候,,56.4,56.4,29.0 27.4,,助手,,快操,CP,29.0 27.4 (56.4) (助手)
G476,20/03/2024,踱步,沙田,飛機場,沙田 飛機場,,,,,,助手,,踱步,CP,飛機場 踱步 (助手)
G476,19/03/2024,游水,沙田,,沙田,,,,,,,,游水,,
G476,19/03/2024,踱步,沙田,內圈,沙田 內圈,,,,,,助手,,快踱一圈,H,內圈 快踱一圈 (助手)
G476,18/03/2024,游水,沙田,,沙田,,,,,,,,游水,,
G476,18/03/2024,踱步,沙田,內圈,沙田 內圈,,,,,,助手,,倒快兩圈,H,內圈 倒快兩圈 (助手)
G476,17/03/2024,游水,沙田,,沙田,,,,,,,,游水,,
G476,17/03/2024,快操,沙田,全天候,沙田 全天候,,55.1,55.1,29.2 25.9,,助手,,快操,H,29.2 25.9 (55.1) (助手)
G476,17/03/2024,踱步,沙田,飛機場,沙田 飛機場,,,,,,助手,,踱步,H,飛機場 踱步 (助手)
G476,16/03/2024,游水,沙田,,沙田,,,,,,,,游水,,
G476,16/03/2024,踱步,沙田,內圈,沙田 內圈,,,,,,助手,,快踱一圈,H,內圈 快踱一圈 (助手)
G476,15/03/2024,游水,沙田,,沙田,,,,,,,,游水,,
G476,15/03/2024,踱步,沙田,內圈,沙田 內圈,,,,,,助手,,快踱一圈,H,內圈 快踱一圈 (助手)
G476,14/03/2024,游水,沙田,,沙田,,,,,,,,游水,,
G476,14/03/2024,踱步,沙田,內圈,沙田 內圈,,,,,,練馬師,,倒快兩圈,H,內圈 倒快兩圈 (練馬師)
G476,13/03/2024,游水,沙田,,沙田,,,,,,,,游水,,
G476,13/03/2024,快操,沙田,全天候,沙田 全天候,,55.4,55.4,29.2 26.2,,助手,,快操,CP,29.2 26.2 (55.4) (助手)
G476,13/03/2024,踱步,沙田,飛機場,沙田 飛機場,,,,,,助手,,踱步,CP,飛機場 踱步 (助手)
G476,12/03/2024,游水,沙田,,沙田,,,,,,,,游水,,
G476,12/03/2024,踱步,沙田,內圈,沙田 內圈,,,,,,練馬師,,快踱一圈,H,內圈 快踱一圈 (練馬師)
G476,11/03/2024,游水,沙田,,沙田,,,,,,,,游水,,
G476,11/03/2024,踱步,沙田,內圈,沙田 內圈,,,,,,助手,,倒快兩圈,H,內圈 倒快兩圈 (助手)
G476,10/03/2024,游水,沙田,,沙田,,,,,,,,游水,,
G476,10/03/2024,踱步,沙田,內圈,沙田 內圈,,,,,,助手,,快踱一圈,H,內圈 快踱一圈 (助手)
G476,09/03/2024,踱步,沙田,內圈,沙田 內圈,,,,,,助手,,快踱一圈,H,內圈 快踱一圈 (助手)
G476,08/03/2024,踱步,沙田,內圈,沙田 內圈,,,,,,助手,,快踱一圈,H,內圈 快踱一圈 (助手)
G476,07/03/2024,踱步,沙田,內圈,沙田 內圈,,,,,,助手,,倒快兩圈,H,內圈 倒快兩圈 (助手)
G476,06/03/2024,踱步,沙田,飛機場,沙田 飛機場,,,,,,助手,,踱步,H,飛機場 踱步 (助手)
G476,03/03/2024,出賽,沙田,草地,沙田 草地,1400M,,,,,艾兆禮,8/14,出賽,CP/H/TT,1400M (艾兆禮) (8/14)
G476,03/03/2024,游水,沙田,,沙田,,,,,,,,游水,,
G476,03/03/2024,踱步,沙田,內圈,沙田 內圈,,,,,,練馬師,,快踱一圈,H,內圈 快踱一圈 (練馬師)
G476,02/03/2024,游水,沙田,,沙田,,,,,,,,游水,,
G476,02/03/2024,踱步,沙田,內圈,沙田 內圈,,,,,,助手,,快踱一圈,H,內圈 快踱一圈 (助手)
G476,01/03/2024,游水,沙田,,沙田,,,,,,,,游水,,
G476,01/03/2024,踱步,沙田,內圈,沙田 內圈,,,,,,練馬師,,快踱一圈,H,內圈 快踱一圈 (練馬師)
G476,29/02/2024,游水,沙田,,沙田,,,,,,,,游水,,
G476,29/02/2024,快操,沙田,全天候,沙田 全天候,,53.5,53.5,29.4 24.1,,助手,,佳福駒,H,29.4 24.1 (53.5) (助手) 佳福駒
G476,28/02/2024,游水,沙田,,沙田,,,,,,,,游水,,
G476,28/02/2024,踱步,沙田,內圈,沙田 內圈,,,,,,助手,,快踱一圈,H,內圈 快踱一圈 (助手)
G476,27/02/2024,游水,沙田,,沙田,,,,,,,,游水,,
G476,27/02/2024,踱步,沙田,內圈,沙田 內圈,,,,,,助手,,快踱一圈,H,內圈 快踱一圈 (助手)
G476,26/02/2024,游水,沙田,,沙田,,,,,,,,游水,,
G476,26/02/2024,踱步,沙田,內圈,沙田 內圈,,,,,,助手,,倒快兩圈,H,內圈 倒快兩圈 (助手)
G476,25/02/2024,游水,沙田,,沙田,,,,,,,,游水,,
G476,25/02/2024,快操,沙田,全天候,沙田 全天候,,55.7,55.7,29.4 26.3,,助手,,快操,H,29.4 26.3 (55.7) (助手)
G476,25/02/2024,踱步,沙田,飛機場,沙田 飛機場,,,,,,助手,,踱步,H,飛機場 踱步 (助手)
G476,24/02/2024,游水,沙田,,沙田,,,,,,,,游水,,
G476,24/02/2024,踱步,沙田,內圈,沙田 內圈,,,,,,助手,,快踱一圈,H,內圈 快踱一圈 (助手)
G476,23/02/2024,游水,沙田,,沙田,,,,,,,,游水,,
G476,23/02/2024,踱步,沙田,內圈,沙田 內圈,,,,,,助手,,快踱一圈,H,內圈 快踱一圈 (助手)
G476,22/02/2024,游水,沙田,,沙田,,,,,,,,游水,,
G476,22/02/2024,踱步,沙田,內圈,沙田 內圈,,,,,,助手,,倒快兩圈,H,內圈 倒快兩圈 (助手)
G476,21/02/2024,游水,沙田,,沙田,,,,,,,,游水,,
G476,21/02/2024,踱步,沙田,內圈,沙田 內圈,,,,,,助手,,快踱一圈,H,內圈 快踱一圈 (助手)
G476,20/02/2024,游水,沙田,,沙田,,,,,,,,游水,,
G476,20/02/2024,踱步,沙田,內圈,沙田 內圈,,,,,,助手,,快踱一圈,H,內圈 快踱一圈 (助手)
G476,19/02/2024,游水,沙田,,沙田,,,,,,,,游水,,
G476,19/02/2024,踱步,沙田,內圈,沙田 內圈,,,,,,助手,,倒快兩圈,H,內圈 倒快兩圈 (助手)
G476,18/02/2024,游水,沙田,,沙田,,,,,,,,游水,,
G476,17/02/2024,游水,沙田,,沙田,,,,,,,,游水,,
G476,15/02/2024,出賽,跑馬地,草地,跑馬地 草地,1800M,,,,,艾道拿,4/12,出賽,CP/H/TT,1800M (艾道拿) (4/12)
G476,15/02/2024,游水,沙田,,沙田,,,,,,,,游水,,
G476,15/02/2024,踱步,沙田,內圈,沙田 內圈,,,,,,助手,,倒快一圈,H,內圈 倒快一圈 (助手)
G476,14/02/2024,游水,沙田,,沙田,,,,,,,,游水,,
G476,14/02/2024,踱步,沙田,內圈,沙田 內圈,,,,,,助手,,快踱一圈,H,內圈 快踱一圈 (助手)
G476,13/02/2024,游水,沙田,,沙田,,,,,,,,游水,,
G476,13/02/2024,踱步,沙田,內圈,沙田 內圈,,,,,,助手,,快踱一圈,H,內圈 快踱一圈 (助手)
G476,12/02/2024,游水,沙田,,沙田,,,,,,,,游水,,
G476,12/02/2024,快操,沙田,全天候,沙田 全天候,,55.3,55.3,29.2 26.1,,助手,,快操,CP,29.2 26.1 (55.3) (助手)
G476,12/02/2024,踱步,沙田,飛機場,沙田 飛機場,,,,,,助手,,踱步,CP,飛機場 踱步 (助手)
G476,11/02/2024,游水,沙田,,沙田,,,,,,,,游水,,
G476,11/02/2024,踱步,沙田,內圈,沙田 內圈,,,,,,助手,,快踱一圈,H,內圈 快踱一圈 (助手)
G476,09/02/2024,游水,沙田,,沙田,,,,,,,,游水,,
G476,09/02/2024,踱步,沙田,內圈,沙田 內圈,,,,,,助手,,快踱一圈,H,內圈 快踱一圈 (助手)
G476,08/02/2024,游水,沙田,,沙田,,,,,,,,游水,,
G476,08/02/2024,踱步,沙田,內圈,沙田 內圈,,,,,,助手,,倒快兩圈,H,內圈 倒快兩圈 (助手)
G476,07/02/2024,游水,沙田,,沙田,,,,,,,,游水,,
G476,07/02/2024,踱步,沙田,內圈,沙田 內圈,,,,,,助手,,快踱一圈,H,內圈 快踱一圈 (助手)
G476,06/02/2024,游水,沙田,,沙田,,,,,,,,游水,,
G476,06/02/2024,踱步,沙田,內圈,沙田 內圈,,,,,,助手,,快踱一圈,H,內圈 快踱一圈 (助手)
G476,05/02/2024,游水,沙田,,沙田,,,,,,,,游水,,
G476,05/02/2024,踱步,沙田,內圈,沙田 內圈,,,,,,助手,,倒快兩圈,H,內圈 倒快兩圈 (助手)
G476,04/02/2024,游水,沙田,,沙田,,,,,,,,游水,,
G476,04/02/2024,踱步,沙田,飛機場,沙田 飛機場,,,,,,助手,,踱步,H,飛機場 踱步 (助手)
G476,03/02/2024,游水,沙田,,沙田,,,,,,,,游水,,
G476,03/02/2024,踱步,沙田,內圈,沙田 內圈,,,,,,助手,,快踱一圈,H,內圈 快踱一圈 (助手)
G476,02/02/2024,游水,沙田,,沙田,,,,,,,,游水,,
G476,31/01/2024,出賽,跑馬地,草地,跑馬地 草地,1650M,,,,,潘頓,6/11,出賽,H/CP1/TT,1650M (潘頓) (6/11)
G476,31/01/2024,游水,沙田,,沙田,,,,,,,,游水,,
G476,31/01/2024,踱步,沙田,內圈,沙田 內圈,,,,,,助手,,快踱一圈,H,內圈 快踱一圈 (助手)
G476,30/01/2024,游水,沙田,,沙田,,,,,,,,游水,,
G476,30/01/2024,踱步,沙田,內圈,沙田 內圈,,,,,,練馬師,,快踱一圈,H,內圈 快踱一圈 (練馬師)
G476,29/01/2024,游水,沙田,,沙田,,,,,,,,游水,,
G476,29/01/2024,踱步,沙田,內圈,沙田 內圈,,,,,,練馬師,,倒快兩圈,H,內圈 倒快兩圈 (練馬師)
G476,28/01/2024,游水,沙田,,沙田,,,,,,,,游水,,
G476,28/01/2024,快操,沙田,全天候,沙田 全天候,,55.6,55.6,29.3 26.3,,助手,,快操,H,29.3 26.3 (55.6) (助手)
G476,28/01/2024,踱步,沙田,飛機場,沙田 飛機場,,,,,,助手,,踱步,H,飛機場 踱步 (助手)
G476,27/01/2024,游水,沙田,,沙田,,,,,,,,游水,,
G476,27/01/2024,踱步,沙田,內圈,沙田 內圈,,,,,,助手,,快踱一圈,H,內圈 快踱一圈 (助手)
G476,26/01/2024,游水,沙田,,沙田,,,,,,,,游水,,
G476,26/01/2024,踱步,沙田,內圈,沙田 內圈,,,,,,練馬師,,快踱一圈,H,內圈 快踱一圈 (練馬師)
G476,25/01/2024,游水,沙田,,沙田,,,,,,,,游水,,
G476,25/01/2024,快操,沙田,全天候,沙田 全天候,,57.2,57.2,30.8 26.4,,助手,,快操,CP,30.8 26.4 (57.2) (助手)
G476,25/01/2024,踱步,沙田,飛機場,沙田 飛機場,,,,,,助手,,踱步,CP,飛機場 踱步 (助手)
G476,24/01/2024,游水,沙田,,沙田,,,,,,,,游水,,
G476,24/01/2024,踱步,沙田,內圈,沙田 內圈,,,,,,練馬師,,快踱一圈,H,內圈 快踱一圈 (練馬師)
G476,23/01/2024,踱步,沙田,內圈,沙田 內圈,,,,,,助手,,快踱一圈,H,內圈 快踱一圈 (助手)
G476,22/01/2024,游水,沙田,,沙田,,,,,,,,游水,,
G476,22/01/2024,踱步,沙田,內圈,沙田 內圈,,,,,,助手,,倒快兩圈,H,內圈 倒快兩圈 (助手)
G476,21/01/2024,游水,沙田,,沙田,,,,,,,,游水,,
G476,21/01/2024,快操,沙田,全天候,沙田 全天候,,56.1,56.1,30.7 25.4,,助手,,快操,H,30.7 25.4 (56.1) (助手)
G476,21/01/2024,踱步,沙田,飛機場,沙田 飛機場,,,,,,助手,,踱步,H,飛機場 踱步 (助手)
G476,20/01/2024,游水,沙田,,沙田,,,,,,,,游水,,
G476,20/01/2024,踱步,沙田,內圈,沙田 內圈,,,,,,助手,,快踱一圈,H,內圈 快踱一圈 (助手)
G476,19/01/2024,游水,沙田,,沙田,,,,,,,,游水,,
G476,19/01/2024,踱步,沙田,內圈,沙田 內圈,,,,,,助手,,快踱一圈,H,內圈 快踱一圈 (助手)
G476,18/01/2024,游水,沙田,,沙田,,,,,,,,游水,,
G476,18/01/2024,踱步,沙田,內圈,沙田 內圈,,,,,,助手,,倒快兩圈,H,內圈 倒快兩圈 (助手)
G476,17/01/2024,游水,沙田,,沙田,,,,,,,,游水,,
G476,17/01/2024,踱步,沙田,內圈,沙田 內圈,,,,,,助手,,快踱一圈,H,內圈 快踱一圈 (助手)
G476,16/01/2024,游水,沙田,,沙田,,,,,,,,游水,,
G476,16/01/2024,踱步,沙田,內圈,沙田 內圈,,,,,,助手,,快踱一圈,H,內圈 快踱一圈 (助手)
G476,15/01/2024,游水,沙田,,沙田,,,,,,,,游水,,
G476,15/01/2024,踱步,沙田,內圈,沙田 內圈,,,,,,助手,,倒快兩圈,H,內圈 倒快兩圈 (助手)
G476,14/01/2024,游水,沙田,,沙田,,,,,,,,游水,,
G476,14/01/2024,踱步,沙田,內圈,沙田 內圈,,,,,,助手,,快踱一圈,H,內圈 快踱一圈 (助手)
G476,13/01/2024,游水,沙田,,沙田,,,,,,,,游水,,
G476,13/01/2024,踱步,沙田,內圈,沙田 內圈,,,,,,助手,,快踱一圈,H,內圈 快踱一圈 (助手)
G476,12/01/2024,游水,沙田,,沙田,,,,,,,,游水,,
G476,11/01/2024,游水,沙田,,沙田,,,,,,,,游水,,
G476,10/01/2024,出賽,跑馬地,草地,跑馬地 草地,1800M,,,,,周俊樂,12/12,出賽,H/TT,1800M (周俊樂) (12/12)
G476,10/01/2024,游水,沙田,,沙田,,,,,,,,游水,,
G476,10/01/2024,踱步,沙田,內圈,沙田 內圈,,,,,,練馬師,,快踱一圈,H,內圈 快踱一圈 (練馬師)
G476,09/01/2024,游水,沙田,,沙田,,,,,,,,游水,,
G476,09/01/2024,踱步,沙田,內圈,沙田 內圈,,,,,,助手,,快踱一圈,H,內圈 快踱一圈 (助手)
G476,08/01/2024,游水,沙田,,沙田,,,,,,,,游水,,
G476,08/01/2024,踱步,沙田,內圈,沙田 內圈,,,,,,助手,,倒快兩圈,H,內圈 倒快兩圈 (助手)
G476,07/01/2024,游水,沙田,,沙田,,,,,,,,游水,,
G476,07/01/2024,快操,沙田,全天候,沙田 全天候,,55.2,55.2,29.9 25.3,,練馬師,,快操,H,29.9 25.3 (55.2) (練馬師)
G476,07/01/2024,踱步,沙田,飛機場,沙田 飛機場,,,,,,練馬師,,踱步,H,飛機場 踱步 (練馬師)
G476,06/01/2024,游水,沙田,,沙田,,,,,,,,游水,,
G476,06/01/2024,踱步,沙田,內圈,沙田 內圈,,,,,,助手,,快踱一圈,H,內圈 快踱一圈 (助手)
G476,05/01/2024,游水,沙田,,沙田,,,,,,,,游水,,
G476,05/01/2024,踱步,沙田,內圈,沙田 內圈,,,,,,練馬師,,快踱一圈,H,內圈 快踱一圈 (練馬師)
G476,04/01/2024,游水,沙田,,沙田,,,,,,,,游水,,
G476,04/01/2024,快操,沙田,全天候,沙田 全天候,,55.3,55.3,30.3 25.0,,助手,,快操,,30.3 25.0 (55.3) (助手)
G476,04/01/2024,踱步,沙田,飛機場,沙田 飛機場,,,,,,助手,,踱步,H,飛機場 踱步 (助手)
G476,03/01/2024,游水,沙田,,沙田,,,,,,,,游水,,
G476,03/01/2024,踱步,沙田,內圈,沙田 內圈,,,,,,助手,,快踱一圈,H,內圈 快踱一圈 (助手)
G476,02/01/2024,游水,沙田,,沙田,,,,,,,,游水,,
G476,02/01/2024,踱步,沙田,內圈,沙田 內圈,,,,,,助手,,快踱一圈,H,內圈 快踱一圈 (助手)
G476,01/01/2024,游水,沙田,,沙田,,,,,,,,游水,,
G476,01/01/2024,踱步,沙田,內圈,沙田 內圈,,,,,,助手,,倒快兩圈,H,內圈 倒快兩圈 (助手)
G476,31/12/2023,游水,沙田,,沙田,,,,,,,,游水,,
G476,31/12/2023,踱步,沙田,內圈,沙田 內圈,,,,,,助手,,快踱一圈,H,內圈 快踱一圈 (助手)
G476,30/12/2023,游水,沙田,,沙田,,,,,,,,游水,,
G476,30/12/2023,踱步,沙田,內圈,沙田 內圈,,,,,,助手,,快踱一圈,H,內圈 快踱一圈 (助手)
G476,29/12/2023,游水,沙田,,沙田,,,,,,,,游水,,
G476,29/12/2023,踱步,沙田,內圈,沙田 內圈,,,,,,練馬師,,快踱一圈,H,內圈 快踱一圈 (練馬師)
G476,28/12/2023,試閘,沙田,全天候,沙田 全天候,1200M,1.10.77,70.77,24.7 22.8 23.2,威力奔騰,周俊樂,,第1組,H,第1組 (周俊樂) 1200M 威力奔騰 24.7 22.8 23.2 (1.10.77)
G476,28/12/2023,游水,沙田,,沙田,,,,,,,,游水,,
G476,27/12/2023,游水,沙田,,沙田,,,,,,,,游水,,
G476,27/12/2023,踱步,沙田,內圈,沙田 內圈,,,,,,助手,,快踱一圈,H,內圈 快踱一圈 (助手)
G476,26/12/2023,游水,沙田,,沙田,,,,,,,,游水,,
G476,26/12/2023,踱步,沙田,內圈,沙田 內圈,,,,,,練馬師,,快踱一圈,H,內圈 快踱一圈 (練馬師)
G476,25/12/2023,游水,沙田,,沙田,,,,,,,,游水,,
G476,25/12/2023,快操,沙田,全天候,沙田 全天候,,54.3,54.3,29.2 25.1,,練馬師,,快操,H,29.2 25.1 (54.3) (練馬師)
G476,25/12/2023,踱步,沙田,飛機場,沙田 飛機場,,,,,,練馬師,,踱步,H,飛機場 踱步 (練馬師)
G476,24/12/2023,游水,沙田,,沙田,,,,,,,,游水,,
G476,24/12/2023,踱步,沙田,內圈,沙田 內圈,,,,,,助手,,快踱一圈,H,內圈 快踱一圈 (助手)
G476,23/12/2023,踱步,沙田,內圈,沙田 內圈,,,,,,練馬師,,快踱一圈,H,內圈 快踱一圈 (練馬師)
G476,22/12/2023,游水,沙田,,沙田,,,,,,,,游水,,
G476,22/12/2023,踱步,沙田,內圈,沙田 內圈,,,,,,練馬師,,快踱一圈,H,內圈 快踱一圈 (練馬師)
G476,21/12/2023,游水,沙田,,沙田,,,,,,,,游水,,
G476,21/12/2023,踱步,沙田,內圈,沙田 內圈,,,,,,助手,,倒快兩圈,H,內圈 倒快兩圈 (助手)
G476,20/12/2023,游水,沙田,,沙田,,,,,,,,游水,,
G476,20/12/2023,踱步,沙田,內圈,沙田 內圈,,,,,,助手,,快踱一圈,H,內圈 快踱一圈 (助手)
G476,19/12/2023,游水,沙田,,沙田,,,,,,,,游水,,
G476,19/12/2023,踱步,沙田,內圈,沙田 內圈,,,,,,助手,,快踱一圈,H,內圈 快踱一圈 (助手)
G476,18/12/2023,游水,沙田,,沙田,,,,,,,,游水,,
G476,18/12/2023,踱步,沙田,內圈,沙田 內圈,,,,,,助手,,倒快兩圈,H,內圈 倒快兩圈 (助手)
G476,17/12/2023,游水,沙田,,沙田,,,,,,,,游水,,
G476,17/12/2023,踱步,沙田,內圈,沙田 內圈,,,,,,練馬師,,快踱一圈,H,內圈 快踱一圈 (練馬師)
G476,16/12/2023,游水,沙田,,沙田,,,,,,,,游水,,
G476,15/12/2023,游水,沙田,,沙田,,,,,,,,游水,,
G476,14/12/2023,游水,沙田,,沙田,,,,,,,,游水,,
G476,13/12/2023,出賽,跑馬地,草地,跑馬地 草地,1650M,,,,,周俊樂,4/12,出賽,H/TT,1650M (周俊樂) (4/12)
G476,13/12/2023,游水,沙田,,沙田,,,,,,,,游水,,
G476,13/12/2023,踱步,沙田,內圈,沙田 內圈,,,,,,練馬師,,快踱一圈,H,內圈 快踱一圈 (練馬師)
G476,12/12/2023,游水,沙田,,沙田,,,,,,,,游水,,
G476,12/12/2023,踱步,沙田,內圈,沙田 內圈,,,,,,助手,,快踱一圈,H,內圈 快踱一圈 (助手)
G476,11/12/2023,游水,沙田,,沙田,,,,,,,,游水,,
G476,11/12/2023,踱步,沙田,內圈,沙田 內圈,,,,,,助手,,倒快兩圈,H,內圈 倒快兩圈 (助手)
G476,10/12/2023,游水,沙田,,沙田,,,,,,,,游水,,
G476,10/12/2023,快操,沙田,全天候,沙田 全天候,,54.7,54.7,29.8 24.9,,練馬師,,快操,H,29.8 24.9 (54.7) (練馬師)
G476,10/12/2023,踱步,沙田,飛機場,沙田 飛機場,,,,,,練馬師,,踱步,H,飛機場 踱步 (練馬師)
G476,09/12/2023,游水,沙田,,沙田,,,,,,,,游水,,
G476,09/12/2023,踱步,沙田,內圈,沙田 內圈,,,,,,練馬師,,快踱一圈,H,內圈 快踱一圈 (練馬師)
G476,08/12/2023,游水,沙田,,沙田,,,,,,,,游水,,
G476,08/12/2023,踱步,沙田,內圈,沙田 內圈,,,,,,練馬師,,快踱一圈,H,內圈 快踱一圈 (練馬師)
G476,07/12/2023,游水,沙田,,沙田,,,,,,,,游水,,
G476,07/12/2023,踱步,沙田,內圈,沙田 內圈,,,,,,助手,,倒快兩圈,H,內圈 倒快兩圈 (助手)
G476,06/12/2023,游水,沙田,,沙田,,,,,,,,游水,,
G476,06/12/2023,踱步,沙田,內圈,沙田 內圈,,,,,,助手,,快踱一圈,H,內圈 快踱一圈 (助手)
G476,05/12/2023,游水,沙田,,沙田,,,,,,,,游水,,
G476,05/12/2023,踱步,沙田,內圈,沙田 內圈,,,,,,助手,,快踱一圈,H,內圈 快踱一圈 (助手)
G476,04/12/2023,游水,沙田,,沙田,,,,,,,,游水,,
G476,04/12/2023,踱步,沙田,內圈,沙田 內圈,,,,,,練馬師,,倒快兩圈,H,內圈 倒快兩圈 (練馬師)
G476,03/12/2023,游水,沙田,,沙田,,,,,,,,游水,,
G476,03/12/2023,踱步,沙田,內圈,沙田 內圈,,,,,,助手,,快踱一圈,H,內圈 快踱一圈 (助手)
G476,02/12/2023,游水,沙田,,沙田,,,,,,,,游水,,
G476,02/12/2023,踱步,沙田,飛機場,沙田 飛機場,,,,,,助手,,踱步,H,飛機場 踱步 (助手)
G476,01/12/2023,游水,沙田,,沙田,,,,,,,,游水,,
G476,29/11/2023,出賽,跑馬地,草地,跑馬地 草地,1800M,,,,,麥道朗,2/10,出賽,H/TT,1800M (麥道朗) (2/10)
G476,29/11/2023,游水,沙田,,沙田,,,,,,,,游水,,
G476,29/11/2023,踱步,沙田,內圈,沙田 內圈,,,,,,助手,,快踱一圈,H,內圈 快踱一圈 (助手)
G476,28/11/2023,游水,沙田,,沙田,,,,,,,,游水,,
G476,28/11/2023,踱步,沙田,內圈,沙田 內圈,,,,,,助手,,快踱一圈,H,內圈 快踱一圈 (助手)
G476,27/11/2023,游水,沙田,,沙田,,,,,,,,游水,,
G476,27/11/2023,踱步,沙田,內圈,沙田 內圈,,,,,,助手,,倒快兩圈,H,內圈 倒快兩圈 (助手)
G476,26/11/2023,游水,沙田,,沙田,,,,,,,,游水,,
G476,26/11/2023,快操,沙田,全天候,沙田 全天候,,1.00.3,60.3,32.4 27.9,,練馬師,,快操,H,32.4 27.9 (1.00.3) (練馬師)
G476,26/11/2023,踱步,沙田,飛機場,沙田 飛機場,,,,,,練馬師,,踱步,H,飛機場 踱步 (練馬師)
G476,25/11/2023,游水,沙田,,沙田,,,,,,,,游水,,
G476,25/11/2023,踱步,沙田,內圈,沙田 內圈,,,,,,助手,,快踱一圈,H,內圈 快踱一圈 (助手)
G476,24/11/2023,游水,沙田,,沙田,,,,,,,,游水,,
G476,24/11/2023,踱步,沙田,內圈,沙田 內圈,,,,,,練馬師,,快踱一圈,H,內圈 快踱一圈 (練馬師)
G476,23/11/2023,游水,沙田,,沙田,,,,,,,,游水,,
G476,23/11/2023,快操,沙田,全天候,沙田 全天候,,55.1,55.1,29.8 25.3,,練馬師,,快操,H,29.8 25.3 (55.1) (練馬師)
G476,23/11/2023,踱步,沙田,飛機場,沙田 飛機場,,,,,,練馬師,,踱步,H,飛機場 踱步 (練馬師)
G476,22/11/2023,游水,沙田,,沙田,,,,,,,,游水,,
G476,22/11/2023,踱步,沙田,內圈,沙田 內圈,,,,,,助手,,快踱一圈,H,內圈 快踱一圈 (助手)
G476,21/11/2023,游水,沙田,,沙田,,,,,,,,游水,,
G476,21/11/2023,踱步,沙田,內圈,沙田 內圈,,,,,,助手,,快踱一圈,H,內圈 快踱一圈 (助手)
G476,20/11/2023,游水,沙田,,沙田,,,,,,,,游水,,
G476,20/11/2023,踱步,沙田,內圈,沙田 內圈,,,,,,助手,,倒快兩圈,H,內圈 倒快兩圈 (助手)
G476,19/11/2023,游水,沙田,,沙田,,,,,,,,游水,,
G476,19/11/2023,踱步,沙田,內圈,沙田 內圈,,,,,,助手,,快踱一圈,H,內圈 快踱一圈 (助手)
G476,18/11/2023,游水,沙田,,沙田,,,,,,,,游水,,
G476,18/11/2023,踱步,沙田,內圈,沙田 內圈,,,,,,練馬師,,快踱一圈,H,內圈 快踱一圈 (練馬師)
G476,17/11/2023,游水,沙田,,沙田,,,,,,,,游水,,
G476,17/11/2023,踱步,沙田,內圈,沙田 內圈,,,,,,練馬師,,快踱一圈,H,內圈 快踱一圈 (練馬師)
G476,16/11/2023,游水,沙田,,沙田,,,,,,,,游水,,
G476,15/11/2023,出賽,跑馬地,草地,跑馬地 草地,1650M,,,,,潘頓,3/12,出賽,H/TT,1650M (潘頓) (3/12)
G476,15/11/2023,游水,沙田,,沙田,,,,,,,,游水,,
G476,15/11/2023,踱步,沙田,內圈,沙田 內圈,,,,,,練馬師,,快踱一圈,H,內圈 快踱一圈 (練馬師)
G476,14/11/2023,游水,沙田,,沙田,,,,,,,,游水,,
G476,14/11/2023,踱步,沙田,內圈,沙田 內圈,,,,,,練馬師,,快踱一圈,H,內圈 快踱一圈 (練馬師)
G476,13/11/2023,游水,沙田,,沙田,,,,,,,,游水,,
G476,13/11/2023,踱步,沙田,內圈,沙田 內圈,,,,,,練馬師,,倒快兩圈,H,內圈 倒快兩圈 (練馬師)
G476,12/11/2023,游水,沙田,,沙田,,,,,,,,游水,,
G476,12/11/2023,快操,沙田,全天候,沙田 全天候,,55.9,55.9,30.6 25.3,,練馬師,,快操,H,30.6 25.3 (55.9) (練馬師)
G476,12/11/2023,踱步,沙田,飛機場,沙田 飛機場,,,,,,練馬師,,踱步,H,飛機場 踱步 (練馬師)
G476,11/11/2023,游水,沙田,,沙田,,,,,,,,游水,,
G476,11/11/2023,踱步,沙田,內圈,沙田 內圈,,,,,,練馬師,,快踱一圈,H,內圈 快踱一圈 (練馬師)
G476,10/11/2023,游水,沙田,,沙田,,,,,,,,游水,,
G476,10/11/2023,踱步,沙田,內圈,沙田 內圈,,,,,,練馬師,,快踱一圈,H,內圈 快踱一圈 (練馬師)
G476,09/11/2023,游水,沙田,,沙田,,,,,,,,游水,,
G476,09/11/2023,快操,沙田,草地,沙田 草地,,48.2,48.2,24.3 23.9,,潘頓,,快操,H,24.3 23.9 (48.2) (潘頓)
G476,09/11/2023,踱步,沙田,飛機場,沙田 飛機場,,,,,,助手,,踱步,H,飛機場 踱步 (助手)
G476,08/11/2023,游水,沙田,,沙田,,,,,,,,游水,,
G476,08/11/2023,踱步,沙田,內圈,沙田 內圈,,,,,,練馬師,,快踱一圈,H,內圈 快踱一圈 (練馬師)
G476,07/11/2023,游水,沙田,,沙田,,,,,,,,游水,,
G476,07/11/2023,踱步,沙田,內圈,沙田 內圈,,,,,,練馬師,,快踱一圈,H,內圈 快踱一圈 (練馬師)
G476,06/11/2023,游水,沙田,,沙田,,,,,,,,游水,,
G476,06/11/2023,踱步,沙田,內圈,沙田 內圈,,,,,,練馬師,,倒快兩圈,H,內圈 倒快兩圈 (練馬師)
G476,05/11/2023,快操,沙田,全天候,沙田 全天候,,56.0,56.0,30.3 25.7,,練馬師,,快操,H,30.3 25.7 (56.0) (練馬師)
G476,05/11/2023,踱步,沙田,飛機場,沙田 飛機場,,,,,,練馬師,,踱步,H,飛機場 踱步 (練馬師)
G476,04/11/2023,踱步,沙田,內圈,沙田 內圈,,,,,,練馬師,,快踱一圈,H,內圈 快踱一圈 (練馬師)
G476,03/11/2023,踱步,沙田,內圈,沙田 內圈,,,,,,練馬師,,快踱一圈,H,內圈 快踱一圈 (練馬師)
G476,02/11/2023,踱步,沙田,內圈,沙田 內圈,,,,,,練馬師,,倒快兩圈,H,內圈 倒快兩圈 (練馬師)
G476,01/11/2023,踱步,沙田,內圈,沙田 內圈,,,,,,練馬師,,快踱一圈,H,內圈 快踱一圈 (練馬師)
G476,31/10/2023,踱步,沙田,飛機場,沙田 飛機場,,,,,,助手,,踱步,H,飛機場 踱步 (助手)
G476,29/10/2023,游水,沙田,,沙田,,,,,,,,游水,,
G476,28/10/2023,游水,沙田,,沙田,,,,,,,,游水,,
G476,28/10/2023,快操,沙田,全天候,沙田 全天候,,57.8,57.8,31.7 26.1,,助手,,快操,H,31.7 26.1 (57.8) (助手)
G476,28/10/2023,踱步,沙田,飛機場,沙田 飛機場,,,,,,助手,,踱步,H,飛機場 踱步 (助手)
G476,27/10/2023,游水,沙田,,沙田,,,,,,,,游水,,
G476,27/10/2023,踱步,沙田,內圈,沙田 內圈,,,,,,練馬師,,快踱一圈,H,內圈 快踱一圈 (練馬師)
G476,26/10/2023,游水,沙田,,沙田,,,,,,,,游水,,
G476,26/10/2023,踱步,沙田,內圈,沙田 內圈,,,,,,助手,,倒快兩圈,H,內圈 倒快兩圈 (助手)
G476,25/10/2023,游水,沙田,,沙田,,,,,,,,游水,,
G476,24/10/2023,游水,沙田,,沙田,,,,,,,,游水,,
G476,24/10/2023,踱步,沙田,內圈,沙田 內圈,,,,,,練馬師,,快踱一圈,H,內圈 快踱一圈 (練馬師)
G476,23/10/2023,游水,沙田,,沙田,,,,,,,,游水,,
G476,23/10/2023,踱步,沙田,內圈,沙田 內圈,,,,,,助手,,倒快兩圈,H,內圈 倒快兩圈 (助手)
G476,22/10/2023,游水,沙田,,沙田,,,,,,,,游水,,
G476,22/10/2023,踱步,沙田,內圈,沙田 內圈,,,,,,助手,,快踱一圈,H,內圈 快踱一圈 (助手)
G476,21/10/2023,游水,沙田,,沙田,,,,,,,,游水,,
G476,21/10/2023,踱步,沙田,內圈,沙田 內圈,,,,,,助手,,快踱一圈,H,內圈 快踱一圈 (助手)
G476,20/10/2023,游水,沙田,,沙田,,,,,,,,游水,,
G476,20/10/2023,踱步,沙田,飛機場,沙田 飛機場,,,,,,助手,,踱步,H,飛機場 踱步 (助手)
G476,19/10/2023,游水,沙田,,沙田,,,,,,,,游水,,
G476,18/10/2023,出賽,跑馬地,草地,跑馬地 草地,1650M,,,,,潘頓,3/12,出賽,H/TT,1650M (潘頓) (3/12)
G476,18/10/2023,游水,沙田,,沙田,,,,,,,,游水,,
G476,18/10/2023,踱步,沙田,內圈,沙田 內圈,,,,,,練馬師,,快踱一圈,H,內圈 快踱一圈 (練馬師)
G476,17/10/2023,游水,沙田,,沙田,,,,,,,,游水,,
G476,17/10/2023,踱步,沙田,內圈,沙田 內圈,,,,,,助手,,快踱一圈,H,內圈 快踱一圈 (助手)
G476,16/10/2023,游水,沙田,,沙田,,,,,,,,游水,,
G476,16/10/2023,踱步,沙田,內圈,沙田 內圈,,,,,,練馬師,,倒快兩圈,H,內圈 倒快兩圈 (練馬師)
G476,15/10/2023,游水,沙田,,沙田,,,,,,,,游水,,
G476,15/10/2023,快操,沙田,全天候,沙田 全天候,,56.2,56.2,30.4 25.8,,練馬師,,快操,H,30.4 25.8 (56.2) (練馬師)
G476,14/10/2023,游水,沙田,,沙田,,,,,,,,游水,,
G476,14/10/2023,踱步,沙田,內圈,沙田 內圈,,,,,,助手,,快踱一圈,H,內圈 快踱一圈 (助手)
G476,13/10/2023,游水,沙田,,沙田,,,,,,,,游水,,
G476,13/10/2023,踱步,沙田,內圈,沙田 內圈,,,,,,練馬師,,快踱一圈,H,內圈 快踱一圈 (練馬師)
G476,12/10/2023,游水,沙田,,沙田,,,,,,,,游水,,
G476,12/10/2023,快操,沙田,全天候,沙田 全天候,,57.4,57.4,30.7 26.7,,助手,,快操,H,30.7 26.7 (57.4) (助手)
G476,11/10/2023,游水,沙田,,沙田,,,,,,,,游水,,
G476,11/10/2023,踱步,沙田,內圈,沙田 內圈,,,,,,助手,,快踱一圈,H,內圈 快踱一圈 (助手)
G476,10/10/2023,游水,沙田,,沙田,,,,,,,,游水,,
G476,10/10/2023,踱步,沙田,內圈,沙田 內圈,,,,,,助手,,快踱一圈,H,內圈 快踱一圈 (助手)
G476,08/10/2023,游水,沙田,,沙田,,,,,,,,游水,,
G476,08/10/2023,踱步,沙田,內圈,沙田 內圈,,,,,,助手,,快踱一圈,H,內圈 快踱一圈 (助手)
G476,07/10/2023,游水,沙田,,沙田,,,,,,,,游水,,
G476,07/10/2023,踱步,沙田,內圈,沙田 內圈,,,,,,助手,,快踱一圈,H,內圈 快踱一圈 (助手)
G476,06/10/2023,游水,沙田,,沙田,,,,,,,,游水,,
G476,06/10/2023,踱步,沙田,內圈,沙田 內圈,,,,,,練馬師,,快踱一圈,H,內圈 快踱一圈 (練馬師)
G476,05/10/2023,游水,沙田,,沙田,,,,,,,,游水,,
G476,04/10/2023,出賽,跑馬地,草地,跑馬地 草地,1650M,,,,,潘頓,1/11,出賽,H/TT,1650M (潘頓) (1/11)
G476,04/10/2023,游水,沙田,,沙田,,,,,,,,游水,,
G476,04/10/2023,踱步,沙田,內圈,沙田 內圈,,,,,,助手,,快踱一圈,H,內圈 快踱一圈 (助手)
G476,03/10/2023,游水,沙田,,沙田,,,,,,,,游水,,
G476,03/10/2023,踱步,沙田,內圈,沙田 內圈,,,,,,練馬師,,快踱一圈,H,內圈 快踱一圈 (練馬師)
G476,02/10/2023,游水,沙田,,沙田,,,,,,,,游水,,
G476,02/10/2023,踱步,沙田,內圈,沙田 內圈,,,,,,練馬師,,倒快兩圈,H,內圈 倒快兩圈 (練馬師)
G476,01/10/2023,游水,沙田,,沙田,,,,,,,,游水,,
G476,01/10/2023,快操,沙田,全天候,沙田 全天候,,54.7,54.7,29.0 25.7,,練馬師,,快操,H,29.0 25.7 (54.7) (練馬師)
G476,01/10/2023,踱步,沙田,飛機場,沙田 飛機場,,,,,,練馬師,,踱步,H,飛機場 踱步 (練馬師)
G476,30/09/2023,游水,沙田,,沙田,,,,,,,,游水,,
G476,30/09/2023,踱步,沙田,內圈,沙田 內圈,,,,,,助手,,快踱一圈,H,內圈 快踱一圈 (助手)
G476,29/09/2023,游水,沙田,,沙田,,,,,,,,游水,,
G476,29/09/2023,踱步,沙田,內圈,沙田 內圈,,,,,,助手,,快踱一圈,H,內圈 快踱一圈 (助手)
G476,28/09/2023,游水,沙田,,沙田,,,,,,,,游水,,
G476,28/09/2023,快操,沙田,草地,沙田 草地,,56.2,56.2,32.3 23.9,,潘頓,,美麗新星,H,32.3 23.9 (56.2) (潘頓) 美麗新星
G476,28/09/2023,踱步,沙田,飛機場,沙田 飛機場,,,,,,助手,,踱步,H,飛機場 踱步 (助手)
G476,27/09/2023,游水,沙田,,沙田,,,,,,,,游水,,
G476,27/09/2023,踱步,沙田,內圈,沙田 內圈,,,,,,助手,,快踱一圈,H,內圈 快踱一圈 (助手)
G476,26/09/2023,游水,沙田,,沙田,,,,,,,,游水,,
G476,26/09/2023,踱步,沙田,內圈,沙田 內圈,,,,,,助手,,快踱一圈,H,內圈 快踱一圈 (助手)
G476,25/09/2023,游水,沙田,,沙田,,,,,,,,游水,,
G476,25/09/2023,踱步,沙田,內圈,沙田 內圈,,,,,,練馬師,,倒快兩圈,H,內圈 倒快兩圈 (練馬師)
G476,24/09/2023,游水,沙田,,沙田,,,,,,,,游水,,
G476,24/09/2023,快操,沙田,全天候,沙田 全天候,,57.0,57.0,30.8 26.2,,助手,,快操,H,30.8 26.2 (57.0) (助手)
G476,24/09/2023,踱步,沙田,飛機場,沙田 飛機場,,,,,,助手,,踱步,H,飛機場 踱步 (助手)
G476,23/09/2023,游水,沙田,,沙田,,,,,,,,游水,,
G476,23/09/2023,踱步,沙田,內圈,沙田 內圈,,,,,,練馬師,,快踱一圈,H,內圈 快踱一圈 (練馬師)
G476,22/09/2023,游水,沙田,,沙田,,,,,,,,游水,,
G476,22/09/2023,踱步,沙田,內圈,沙田 內圈,,,,,,助手,,快踱一圈,H,內圈 快踱一圈 (助手)
G476,21/09/2023,游水,沙田,,沙田,,,,,,,,游水,,
G476,21/09/2023,踱步,沙田,內圈,沙田 內圈,,,,,,助手,,倒快兩圈,H,內圈 倒快兩圈 (助手)
G476,20/09/2023,游水,沙田,,沙田,,,,,,,,游水,,
G476,20/09/2023,踱步,沙田,內圈,沙田 內圈,,,,,,助手,,快踱一圈,H,內圈 快踱一圈 (助手)
G476,19/09/2023,游水,沙田,,沙田,,,,,,,,游水,,
G476,19/09/2023,踱步,沙田,內圈,沙田 內圈,,,,,,助手,,快踱一圈,H,內圈 快踱一圈 (助手)
G476,18/09/2023,游水,沙田,,沙田,,,,,,,,游水,,
G476,18/09/2023,踱步,沙田,內圈,沙田 內圈,,,,,,助手,,倒快兩圈,H,內圈 倒快兩圈 (助手)
G476,17/09/2023,游水,沙田,,沙田,,,,,,,,游水,,
G476,17/09/2023,踱步,沙田,內圈,沙田 內圈,,,,,,助手,,快踱一圈,H,內圈 快踱一圈 (助手)
G476,16/09/2023,試閘,跑馬地,草地,跑馬地 草地,1200M,1.12.15,72.15,24.9 22.9 24.3,好友心得,潘頓,,第3組,H,第3組 (潘頓) 1200M 好友心得 24.9 22.9 24.3 (1.12.15)
G476,15/09/2023,游水,沙田,,沙田,,,,,,,,游水,,
G476,15/09/2023,踱步,沙田,內圈,沙田 內圈,,,,,,助手,,快踱一圈,H,內圈 快踱一圈 (助手)
G476,14/09/2023,游水,沙田,,沙田,,,,,,,,游水,,
G476,14/09/2023,踱步,沙田,內圈,沙田 內圈,,,,,,助手,,倒快兩圈,H,內圈 倒快兩圈 (助手)
G476,13/09/2023,游水,沙田,,沙田,,,,,,,,游水,,
G476,13/09/2023,快操,沙田,全天候,沙田 全天候,,55.4,55.4,28.5 26.9,,練馬師,,快操,H,28.5 26.9 (55.4) (練馬師)
G476,13/09/2023,踱步,沙田,飛機場,沙田 飛機場,,,,,,練馬師,,踱步,H,飛機場 踱步 (練馬師)
G476,12/09/2023,游水,沙田,,沙田,,,,,,,,游水,,
G476,12/09/2023,踱步,沙田,內圈,沙田 內圈,,,,,,助手,,快踱一圈,H,內圈 快踱一圈 (助手)
G476,11/09/2023,游水,沙田,,沙田,,,,,,,,游水,,
G476,11/09/2023,踱步,沙田,內圈,沙田 內圈,,,,,,助手,,倒快兩圈,H,內圈 倒快兩圈 (助手)
G476,10/09/2023,游水,沙田,,沙田,,,,,,,,游水,,
G476,10/09/2023,快操,沙田,全天候,沙田 全天候,,57.8,57.8,31.1 26.7,,助手,,快操,H,31.1 26.7 (57.8) (助手)
G476,10/09/2023,踱步,沙田,飛機場,沙田 飛機場,,,,,,助手,,踱步,H,飛機場 踱步 (助手)
G476,09/09/2023,游水,沙田,,沙田,,,,,,,,游水,,
G476,09/09/2023,踱步,沙田,內圈,沙田 內圈,,,,,,助手,,快踱一圈,H,內圈 快踱一圈 (助手)
G476,07/09/2023,游水,沙田,,沙田,,,,,,,,游水,,
G476,07/09/2023,快操,沙田,全天候,沙田 全天候,,56.5,56.5,30.1 26.4,,助手,,快操,H,30.1 26.4 (56.5) (助手)
G476,07/09/2023,踱步,沙田,飛機場,沙田 飛機場,,,,,,助手,,踱步,H,飛機場 踱步 (助手)
G476,06/09/2023,游水,沙田,,沙田,,,,,,,,游水,,
G476,06/09/2023,踱步,沙田,內圈,沙田 內圈,,,,,,練馬師,,快踱一圈,H,內圈 快踱一圈 (練馬師)
G476,05/09/2023,游水,沙田,,沙田,,,,,,,,游水,,
G476,05/09/2023,踱步,沙田,內圈,沙田 內圈,,,,,,助手,,快踱一圈,H,內圈 快踱一圈 (助手)
G476,04/09/2023,游水,沙田,,沙田,,,,,,,,游水,,
G476,04/09/2023,快操,沙田,全天候,沙田 全天候,,55.5,55.5,30.5 25.0,,練馬師,,快操,H,30.5 25.0 (55.5) (練馬師)
G476,04/09/2023,踱步,沙田,內圈,沙田 內圈,,,,,,助手,,倒快兩圈,H,內圈 倒快兩圈 (助手)
G476,03/09/2023,游水,沙田,,沙田,,,,,,,,游水,,
G476,03/09/2023,踱步,沙田,內圈,沙田 內圈,,,,,,助手,,快踱一圈,H,內圈 快踱一圈 (助手)
G476,31/08/2023,游水,沙田,,沙田,,,,,,,,游水,,
G476,31/08/2023,快操,沙田,全天候,沙田 全天候,,54.3,54.3,29.4 24.9,,助手,,快操,H,29.4 24.9 (54.3) (助手)
G476,31/08/2023,踱步,沙田,飛機場,沙田 飛機場,,,,,,助手,,踱步,H,飛機場 踱步 (助手)
G476,30/08/2023,游水,沙田,,沙田,,,,,,,,游水,,
G476,30/08/2023,踱步,沙田,內圈,沙田 內圈,,,,,,助手,,快踱一圈,H,內圈 快踱一圈 (助手)
G476,29/08/2023,游水,沙田,,沙田,,,,,,,,游水,,
G476,29/08/2023,踱步,沙田,內圈,沙田 內圈,,,,,,助手,,快踱一圈,H,內圈 快踱一圈 (助手)
G476,28/08/2023,游水,沙田,,沙田,,,,,,,,游水,,
G476,27/08/2023,游水,沙田,,沙田,,,,,,,,游水,,
G476,27/08/2023,踱步,沙田,內圈,沙田 內圈,,,,,,助手,,快踱一圈,H,內圈 快踱一圈 (助手)
G476,26/08/2023,游水,沙田,,沙田,,,,,,,,游水,,
G476,26/08/2023,踱步,沙田,內圈,沙田 內圈,,,,,,助手,,快踱一圈,H,內圈 快踱一圈 (助手)
G476,25/08/2023,游水,沙田,,沙田,,,,,,,,游水,,
G476,25/08/2023,踱步,沙田,內圈,沙田 內圈,,,,,,助手,,快踱一圈,H,內圈 快踱一圈 (助手)
G476,24/08/2023,游水,沙田,,沙田,,,,,,,,游水,,
G476,18/08/2023,游水,從化,,從化,,,,,,,,游水,,
G476,18/08/2023,踱步,從化,內圈,從化 內圈,,,,,,助手,,快踱一圈,H/P,內圈 快踱一圈 (助手)
G476,17/08/2023,游水,從化,,從化,,,,,,,,游水,,
G476,17/08/2023,踱步,從化,內圈,從化 內圈,,,,,,助手,,倒快一圈,H/P,內圈 倒快一圈 (助手)
G476,16/08/2023,游水,從化,,從化,,,,,,,,游水,,
G476,15/08/2023,游水,從化,,從化,,,,,,,,游水,,
G476,15/08/2023,踱步,從化,內圈,從化 內圈,,,,,,助手,,快踱一圈,H/P,內圈 快踱一圈 (助手)
G476,14/08/2023,游水,從化,,從化,,,,,,,,游水,,
G476,14/08/2023,踱步,從化,內圈,從化 內圈,,,,,,助手,,倒快一圈,H/P,內圈 倒快一圈 (助手)
G476,13/08/2023,游水,從化,,從化,,,,,,,,游水,,
G476,13/08/2023,踱步,從化,飛機場,從化 飛機場,,,,,,助手,,踱步,H/P,飛機場 踱步 (助手)
G476,12/08/2023,游水,從化,,從化,,,,,,,,游水,,
G476,11/08/2023,游水,從化,,從化,,,,,,,,游水,,
G476,11/08/2023,踱步,從化,飛機場,從化 飛機場,,,,,,助手,,踱步,H/P,飛機場 踱步 (助手)
G476,10/08/2023,游水,從化,,從化,,,,,,,,游水,,
G476,10/08/2023,踱步,從化,飛機場,從化 飛機場,,,,,,助手,,踱步,H/P,飛機場 踱步 (助手)
G476,09/08/2023,游水,從化,,從化,,,,,,,,游水,,
G476,09/08/2023,踱步,從化,飛機場,從化 飛機場,,,,,,助手,,踱步,H/P,飛機場 踱步 (助手)
G476,08/08/2023,游水,從化,,從化,,,,,,,,游水,,
G476,08/08/2023,踱步,從化,飛機場,從化 飛機場,,,,,,助手,,踱步,H/P,飛機場 踱步 (助手)
G476,07/08/2023,游水,從化,,從化,,,,,,,,游水,,
G476,07/08/2023,踱步,從化,飛機場,從化 飛機場,,,,,,助手,,踱步,H/P,飛機場 踱步 (助手)
G476,05/07/2023,游水,沙田,,沙田,,,,,,,,游水,,
G476,02/07/2023,游水,沙田,,沙田,,,,,,,,游水,,
G476,01/07/2023,游水,沙田,,沙田,,,,,,,,游水,,
G476,01/07/2023,踱步,沙田,外圈,沙田 外圈,,,,,,助手,,快踱一圈,PH,外圈 快踱一圈 (助手)
G476,30/06/2023,游水,沙田,,沙田,,,,,,,,游水,,
G476,30/06/2023,快操,沙田,全天候,沙田 全天候,,57.5,57.5,31.8 25.7,,助手,,快操,PH,31.8 25.7 (57.5) (助手)
G476,29/06/2023,游水,沙田,,沙田,,,,,,,,游水,,
G476,29/06/2023,踱步,沙田,外圈,沙田 外圈,,,,,,助手,,快踱一圈,PH,外圈 快踱一圈 (助手)
G476,28/06/2023,游水,沙田,,沙田,,,,,,,,游水,,
G476,28/06/2023,踱步,沙田,外圈,沙田 外圈,,,,,,助手,,快踱一圈,H,外圈 快踱一圈 (助手)
G476,27/06/2023,游水,沙田,,沙田,,,,,,,,游水,,
G476,27/06/2023,快操,沙田,全天候,沙田 全天候,,56.5,56.5,29.8 26.7,,助手,,快操,PH,29.8 26.7 (56.5) (助手)
G476,26/06/2023,游水,沙田,,沙田,,,,,,,,游水,,
G476,26/06/2023,踱步,沙田,內圈,沙田 內圈,,,,,,助手,,倒快一圈,H,內圈 倒快一圈 (助手)
G476,25/06/2023,游水,沙田,,沙田,,,,,,,,游水,,
G476,25/06/2023,踱步,沙田,內圈,沙田 內圈,,,,,,助手,,快踱一圈,PH,內圈 快踱一圈 (助手)
G476,24/06/2023,游水,沙田,,沙田,,,,,,,,游水,,
G476,24/06/2023,快操,沙田,全天候,沙田 全天候,,57.0,57.0,31.4 25.6,,助手,,快操,PH,31.4 25.6 (57.0) (助手)
G476,24/06/2023,踱步,沙田,內圈,沙田 內圈,,,,,,助手,,快踱一圈,H,內圈 快踱一圈 (助手)
G476,23/06/2023,游水,沙田,,沙田,,,,,,,,游水,,
G476,23/06/2023,踱步,沙田,內圈,沙田 內圈,,,,,,助手,,快踱一圈,PH,內圈 快踱一圈 (助手)
G476,22/06/2023,游水,沙田,,沙田,,,,,,,,游水,,
G476,22/06/2023,踱步,沙田,奧運踱步圈,沙田 奧運踱步圈,,,,,,助手,,踱步,,奧運踱步圈 踱步 (助手)
G476,21/06/2023,游水,沙田,,沙田,,,,,,,,游水,,
G476,21/06/2023,快操,沙田,全天候,沙田 全天候,,1.01.4,61.4,33.8 27.6,,助手,,快操,PH,33.8 27.6 (1.01.4) (助手)
G476,20/06/2023,游水,沙田,,沙田,,,,,,,,游水,,
G476,20/06/2023,踱步,沙田,內圈,沙田 內圈,,,,,,助手,,快踱一圈,PH,內圈 快踱一圈 (助手)
G476,19/06/2023,游水,沙田,,沙田,,,,,,,,游水,,
G476,19/06/2023,踱步,沙田,內圈,沙田 內圈,,,,,,助手,,倒快一圈,PH,內圈 倒快一圈 (助手)
G476,18/06/2023,游水,沙田,,沙田,,,,,,,,游水,,
G476,17/06/2023,游水,沙田,,沙田,,,,,,,,游水,,
G476,16/06/2023,游水,沙田,,沙田,,,,,,,,游水,,
G476,14/06/2023,踱步,沙田,奧運踱步圈,沙田 奧運踱步圈,,,,,,助手,,踱步,,奧運踱步圈 踱步 (助手)
G476,13/06/2023,游水,沙田,,沙田,,,,,,,,游水,,
G476,13/06/2023,踱步,沙田,奧運踱步圈,沙田 奧運踱步圈,,,,,,助手,,踱步,,奧運踱步圈 踱步 (助手)
G476,12/06/2023,游水,沙田,,沙田,,,,,,,,游水,,
G476,12/06/2023,快操,沙田,全天候,沙田 全天候,,59.4,59.4,33.0 26.4,,助手,,快操,PH,33.0 26.4 (59.4) (助手)
G476,11/06/2023,游水,沙田,,沙田,,,,,,,,游水,,
G476,11/06/2023,踱步,沙田,內圈,沙田 內圈,,,,,,助手,,快踱一圈,PH,內圈 快踱一圈 (助手)
G476,10/06/2023,游水,沙田,,沙田,,,,,,,,游水,,
G476,10/06/2023,踱步,沙田,內圈,沙田 內圈,,,,,,助手,,快踱一圈,PH,內圈 快踱一圈 (助手)
G476,09/06/2023,游水,沙田,,沙田,,,,,,,,游水,,
G476,09/06/2023,踱步,沙田,內圈,沙田 內圈,,,,,,助手,,快踱一圈,PH,內圈 快踱一圈 (助手)
G476,08/06/2023,游水,沙田,,沙田,,,,,,,,游水,,
G476,08/06/2023,快操,沙田,全天候,沙田 全天候,,58.2,58.2,32.9 25.3,,助手,,快操,PH,32.9 25.3 (58.2) (助手)
G476,07/06/2023,游水,沙田,,沙田,,,,,,,,游水,,
G476,07/06/2023,踱步,沙田,內圈,沙田 內圈,,,,,,助手,,快踱一圈,H,內圈 快踱一圈 (助手)
G476,06/06/2023,游水,沙田,,沙田,,,,,,,,游水,,
G476,06/06/2023,踱步,沙田,奧運踱步圈,沙田 奧運踱步圈,,,,,,助手,,踱步,,奧運踱步圈 踱步 (助手)
G476,05/06/2023,游水,沙田,,沙田,,,,,,,,游水,,
G476,05/06/2023,快操,沙田,全天候,沙田 全天候,,57.9,57.9,32.2 25.7,,助手,,快操,PH,32.2 25.7 (57.9) (助手)
G476,04/06/2023,游水,沙田,,沙田,,,,,,,,游水,,
G476,04/06/2023,踱步,沙田,內圈,沙田 內圈,,,,,,助手,,快踱一圈,PH,內圈 快踱一圈 (助手)
G476,03/06/2023,游水,沙田,,沙田,,,,,,,,游水,,
G476,03/06/2023,踱步,沙田,內圈,沙田 內圈,,,,,,助手,,快踱一圈,PH,內圈 快踱一圈 (助手)
G476,02/06/2023,游水,沙田,,沙田,,,,,,,,游水,,
G476,02/06/2023,快操,沙田,全天候,沙田 全天候,,58.1,58.1,31.0 27.1,,助手,,快操,PH,31.0 27.1 (58.1) (助手)
G476,01/06/2023,游水,沙田,,沙田,,,,,,,,游水,,
G476,01/06/2023,踱步,沙田,奧運踱步圈,沙田 奧運踱步圈,,,,,,助手,,踱步,,奧運踱步圈 踱步 (助手)
G476,31/05/2023,游水,沙田,,沙田,,,,,,,,游水,,
G476,31/05/2023,踱步,沙田,內圈,沙田 內圈,,,,,,助手,,快踱一圈,PH,內圈 快踱一圈 (助手)
G476,30/05/2023,游水,沙田,,沙田,,,,,,,,游水,,
G476,30/05/2023,快操,沙田,全天候,沙田 全天候,,56.8,56.8,32.4 24.4,,助手,,快操,PH,32.4 24.4 (56.8) (助手)
G476,29/05/2023,游水,沙田,,沙田,,,,,,,,游水,,
G476,29/05/2023,踱步,沙田,內圈,沙田 內圈,,,,,,助手,,倒快一圈,PH,內圈 倒快一圈 (助手)
G476,28/05/2023,游水,沙田,,沙田,,,,,,,,游水,,
G476,28/05/2023,踱步,沙田,內圈,沙田 內圈,,,,,,助手,,快踱一圈,PH,內圈 快踱一圈 (助手)
G476,27/05/2023,游水,沙田,,沙田,,,,,,,,游水,,
G476,27/05/2023,快操,沙田,全天候,沙田 全天候,,58.9,58.9,31.2 27.7,,助手,,快操,PH,31.2 27.7 (58.9) (助手)
G476,26/05/2023,游水,沙田,,沙田,,,,,,,,游水,,
G476,26/05/2023,踱步,沙田,內圈,沙田 內圈,,,,,,助手,,快踱一圈,H,內圈 快踱一圈 (助手)
G476,25/05/2023,游水,沙田,,沙田,,,,,,,,游水,,
G476,24/05/2023,游水,沙田,,沙田,,,,,,,,游水,,
G476,24/05/2023,踱步,沙田,內圈,沙田 內圈,,,,,,助手,,快踱一圈,PH,內圈 快踱一圈 (助手)
G476,23/05/2023,游水,沙田,,沙田,,,,,,,,游水,,
G476,23/05/2023,踱步,沙田,內圈,沙田 內圈,,,,,,助手,,快踱一圈,PH,內圈 快踱一圈 (助手)
G476,22/05/2023,游水,沙田,,沙田,,,,,,,,游水,,
G476,22/05/2023,踱步,沙田,內圈,沙田 內圈,,,,,,助手,,倒快一圈,PH,內圈 倒快一圈 (助手)
G476,21/05/2023,游水,沙田,,沙田,,,,,,,,游水,,
G476,21/05/2023,踱步,沙田,奧運踱步圈,沙田 奧運踱步圈,,,,,,助手,,踱步,,奧運踱步圈 踱步 (助手)
G476,20/05/2023,游水,沙田,,沙田,,,,,,,,游水,,
G476,19/05/2023,游水,沙田,,沙田,,,,,,,,游水,,
G476,16/05/2023,游水,沙田,,沙田,,,,,,,,游水,,
G476,16/05/2023,踱步,沙田,奧運踱步圈,沙田 奧運踱步圈,,,,,,助手,,踱步,,奧運踱步圈 踱步 (助手)
G476,15/05/2023,游水,沙田,,沙田,,,,,,,,游水,,
G476,15/05/2023,快操,沙田,全天候,沙田 全天候,,57.4,57.4,31.4 26.0,,助手,,快操,PH,31.4 26.0 (57.4) (助手)
G476,14/05/2023,游水,沙田,,沙田,,,,,,,,游水,,
G476,14/05/2023,踱步,沙田,內圈,沙田 內圈,,,,,,助手,,快踱一圈,PH,內圈 快踱一圈 (助手)
G476,13/05/2023,游水,沙田,,沙田,,,,,,,,游水,,
G476,13/05/2023,踱步,沙田,內圈,沙田 內圈,,,,,,助手,,快踱一圈,PH,內圈 快踱一圈 (助手)
G476,12/05/2023,游水,沙田,,沙田,,,,,,,,游水,,
G476,12/05/2023,踱步,沙田,內圈,沙田 內圈,,,,,,助手,,快踱一圈,PH,內圈 快踱一圈 (助手)
G476,11/05/2023,游水,沙田,,沙田,,,,,,,,游水,,
G476,11/05/2023,快操,沙田,全天候,沙田 全天候,,56.9,56.9,32.2 24.7,,助手,,快操,PH,32.2 24.7 (56.9) (助手)
G476,10/05/2023,游水,沙田,,沙田,,,,,,,,游水,,
G476,09/05/2023,游水,沙田,,沙田,,,,,,,,游水,,
G476,09/05/2023,踱步,沙田,內圈,沙田 內圈,,,,,,助手,,快踱一圈,H,內圈 快踱一圈 (助手)
G476,08/05/2023,游水,沙田,,沙田,,,,,,,,游水,,
G476,08/05/2023,快操,沙田,全天候,沙田 全天候,,58.4,58.4,32.1 26.3,,助手,,快操,PH,32.1 26.3 (58.4) (助手)
G476,07/05/2023,游水,沙田,,沙田,,,,,,,,游水,,
G476,06/05/2023,游水,沙田,,沙田,,,,,,,,游水,,
G476,06/05/2023,踱步,沙田,內圈,沙田 內圈,,,,,,助手,,快踱一圈,PH,內圈 快踱一圈 (助手)
G476,05/05/2023,游水,沙田,,沙田,,,,,,,,游水,,
G476,05/05/2023,踱步,沙田,奧運踱步圈,沙田 奧運踱步圈,,,,,,助手,,踱步,,奧運踱步圈 踱步 (助手)
G476,04/05/2023,游水,沙田,,沙田,,,,,,,,游水,,
G476,04/05/2023,快操,沙田,全天候,沙田 全天候,,57.8,57.8,31.4 26.4,,助手,,快操,PH,31.4 26.4 (57.8) (助手)
G476,03/05/2023,游水,沙田,,沙田,,,,,,,,游水,,
G476,03/05/2023,踱步,沙田,內圈,沙田 內圈,,,,,,助手,,快踱一圈,H,內圈 快踱一圈 (助手)
G476,02/05/2023,游水,沙田,,沙田,,,,,,,,游水,,
G476,01/05/2023,游水,沙田,,沙田,,,,,,,,游水,,
G476,01/05/2023,踱步,沙田,內圈,沙田 內圈,,,,,,助手,,倒快一圈,PH,內圈 倒快一圈 (助手)
G476,30/04/2023,游水,沙田,,沙田,,,,,,,,游水,,
G476,30/04/2023,踱步,沙田,奧運踱步圈,沙田 奧運踱步圈,,,,,,助手,,踱步,,奧運踱步圈 踱步 (助手)
G476,29/04/2023,游水,沙田,,沙田,,,,,,,,游水,,
G476,28/04/2023,游水,沙田,,沙田,,,,,,,,游水,,
G476,25/04/2023,游水,沙田,,沙田,,,,,,,,游水,,
G476,25/04/2023,踱步,沙田,奧運踱步圈,沙田 奧運踱步圈,,,,,,助手,,踱步,,奧運踱步圈 踱步 (助手)
G476,24/04/2023,游水,沙田,,沙田,,,,,,,,游水,,
G476,24/04/2023,快操,沙田,全天候,沙田 全天候,,56.6,56.6,31.8 24.8,,助手,,快操,PH,31.8 24.8 (56.6) (助手)
G476,23/04/2023,游水,沙田,,沙田,,,,,,,,游水,,
G476,23/04/2023,踱步,沙田,內圈,沙田 內圈,,,,,,助手,,快踱一圈,PH,內圈 快踱一圈 (助手)
G476,22/04/2023,游水,沙田,,沙田,,,,,,,,游水,,
G476,22/04/2023,踱步,沙田,內圈,沙田 內圈,,,,,,助手,,快踱一圈,PH,內圈 快踱一圈 (助手)
G476,21/04/2023,游水,沙田,,沙田,,,,,,,,游水,,
G476,21/04/2023,踱步,沙田,內圈,沙田 內圈,,,,,,助手,,快踱一圈,PH,內圈 快踱一圈 (助手)
G476,20/04/2023,游水,沙田,,沙田,,,,,,,,游水,,
G476,20/04/2023,快操,沙田,全天候,沙田 全天候,,58.6,58.6,32.5 26.1,,助手,,快操,PH,32.5 26.1 (58.6) (助手)
G476,19/04/2023,游水,沙田,,沙田,,,,,,,,游水,,
G476,18/04/2023,游水,沙田,,沙田,,,,,,,,游水,,
G476,18/04/2023,踱步,沙田,內圈,沙田 內圈,,,,,,助手,,快踱一圈,H,內圈 快踱一圈 (助手)
G476,17/04/2023,游水,沙田,,沙田,,,,,,,,游水,,
G476,17/04/2023,快操,沙田,全天候,沙田 全天候,,59.1,59.1,32.4 26.7,,助手,,快操,PH,32.4 26.7 (59.1) (助手)
G476,16/04/2023,游水,沙田,,沙田,,,,,,,,游水,,
G476,16/04/2023,踱步,沙田,內圈,沙田 內圈,,,,,,助手,,快踱一圈,PH,內圈 快踱一圈 (助手)
G476,15/04/2023,游水,沙田,,沙田,,,,,,,,游水,,
G476,15/04/2023,踱步,沙田,內圈,沙田 內圈,,,,,,助手,,快踱一圈,PH,內圈 快踱一圈 (助手)
G476,14/04/2023,游水,沙田,,沙田,,,,,,,,游水,,
G476,13/04/2023,游水,沙田,,沙田,,,,,,,,游水,,
G476,13/04/2023,快操,沙田,全天候,沙田 全天候,,59.4,59.4,32.8 26.6,,助手,,快操,PH,32.8 26.6 (59.4) (助手)
G476,12/04/2023,游水,沙田,,沙田,,,,,,,,游水,,
G476,12/04/2023,踱步,沙田,內圈,沙田 內圈,,,,,,助手,,快踱一圈,PH,內圈 快踱一圈 (助手)
G476,11/04/2023,游水,沙田,,沙田,,,,,,,,游水,,
G476,11/04/2023,踱步,沙田,奧運踱步圈,沙田 奧運踱步圈,,,,,,助手,,踱步,,奧運踱步圈 踱步 (助手)
G476,10/04/2023,游水,沙田,,沙田,,,,,,,,游水,,
G476,10/04/2023,快操,沙田,全天候,沙田 全天候,,59.2,59.2,32.3 26.9,,助手,,快操,PH,32.3 26.9 (59.2) (助手)
G476,09/04/2023,游水,沙田,,沙田,,,,,,,,游水,,
G476,09/04/2023,踱步,沙田,內圈,沙田 內圈,,,,,,助手,,快踱一圈,PH,內圈 快踱一圈 (助手)
G476,08/04/2023,游水,沙田,,沙田,,,,,,,,游水,,
G476,08/04/2023,踱步,沙田,內圈,沙田 內圈,,,,,,助手,,快踱一圈,PH,內圈 快踱一圈 (助手)
G476,07/04/2023,游水,沙田,,沙田,,,,,,,,游水,,
G476,07/04/2023,踱步,沙田,內圈,沙田 內圈,,,,,,助手,,快踱一圈,PH,內圈 快踱一圈 (助手)
G476,06/04/2023,游水,沙田,,沙田,,,,,,,,游水,,
G476,06/04/2023,踱步,沙田,奧運踱步圈,沙田 奧運踱步圈,,,,,,助手,,踱步,,奧運踱步圈 踱步 (助手)
G476,05/04/2023,游水,沙田,,沙田,,,,,,,,游水,,
G476,04/04/2023,游水,沙田,,沙田,,,,,,,,游水,,
G476,03/04/2023,踱步,沙田,內圈,沙田 內圈,,,,,,助手,,倒快一圈,H,內圈 倒快一圈 (助手)
G476,02/04/2023,游水,沙田,,沙田,,,,,,,,游水,,
G476,01/04/2023,游水,沙田,,沙田,,,,,,,,游水,,
G476,01/04/2023,踱步,沙田,奧運踱步圈,沙田 奧運踱步圈,,,,,,助手,,踱步,,奧運踱步圈 踱步 (助手)
G476,31/03/2023,游水,沙田,,沙田,,,,,,,,游水,,
G476,31/03/2023,踱步,沙田,內圈,沙田 內圈,,,,,,助手,,快踱一圈,PH,內圈 快踱一圈 (助手)
G476,30/03/2023,游水,沙田,,沙田,,,,,,,,游水,,
G476,30/03/2023,快操,沙田,全天候,沙田 全天候,,1.00.7,60.7,32.8 27.9,,助手,,快操,PH,32.8 27.9 (1.00.7) (助手)
G476,29/03/2023,游水,沙田,,沙田,,,,,,,,游水,,
G476,29/03/2023,踱步,沙田,內圈,沙田 內圈,,,,,,助手,,快踱一圈,PH,內圈 快踱一圈 (助手)
G476,28/03/2023,游水,沙田,,沙田,,,,,,,,游水,,
G476,28/03/2023,踱步,沙田,內圈,沙田 內圈,,,,,,助手,,快踱一圈,PH,內圈 快踱一圈 (助手)
G476,27/03/2023,游水,沙田,,沙田,,,,,,,,游水,,
G476,27/03/2023,快操,沙田,全天候,沙田 全天候,,55.9,55.9,30.5 25.4,,助手,,快操,PH,30.5 25.4 (55.9) (助手)
G476,26/03/2023,游水,沙田,,沙田,,,,,,,,游水,,
G476,26/03/2023,踱步,沙田,內圈,沙田 內圈,,,,,,助手,,快踱一圈,PH,內圈 快踱一圈 (助手)
G476,25/03/2023,游水,沙田,,沙田,,,,,,,,游水,,
G476,25/03/2023,踱步,沙田,內圈,沙田 內圈,,,,,,助手,,快踱一圈,PH,內圈 快踱一圈 (助手)
G476,24/03/2023,游水,沙田,,沙田,,,,,,,,游水,,
G476,24/03/2023,踱步,沙田,內圈,沙田 內圈,,,,,,助手,,快踱一圈,PH,內圈 快踱一圈 (助手)
G476,23/03/2023,游水,沙田,,沙田,,,,,,,,游水,,
G476,23/03/2023,踱步,沙田,奧運踱步圈,沙田 奧運踱步圈,,,,,,助手,,踱步,,奧運踱步圈 踱步 (助手)
G476,22/03/2023,游水,沙田,,沙田,,,,,,,,游水,,
G476,21/03/2023,試閘,沙田,全天候,沙田 全天候,1200M,1.10.67,70.67,24.2 22.7 23.7,我為您,霍宏聲,,第2組,H,第2組 (霍宏聲) 1200M 我為您 24.2 22.7 23.7 (1.10.67)
G476,20/03/2023,游水,沙田,,沙田,,,,,,,,游水,,
G476,20/03/2023,踱步,沙田,奧運踱步圈,沙田 奧運踱步圈,,,,,,助手,,踱步,,奧運踱步圈 踱步 (助手)
G476,19/03/2023,游水,沙田,,沙田,,,,,,,,游水,,
G476,19/03/2023,踱步,沙田,內圈,沙田 內圈,,,,,,助手,,快踱一圈,H,內圈 快踱一圈 (助手)
G476,18/03/2023,游水,沙田,,沙田,,,,,,,,游水,,
G476,18/03/2023,快操,沙田,全天候,沙田 全天候,,54.6,54.6,31.1 23.5,,助手,,快操,PH,31.1 23.5 (54.6) (助手)
G476,17/03/2023,游水,沙田,,沙田,,,,,,,,游水,,
G476,17/03/2023,踱步,沙田,內圈,沙田 內圈,,,,,,助手,,快踱一圈,PH,內圈 快踱一圈 (助手)
G476,16/03/2023,游水,沙田,,沙田,,,,,,,,游水,,
G476,16/03/2023,踱步,沙田,內圈,沙田 內圈,,,,,,助手,,倒快一圈,PH,內圈 倒快一圈 (助手)
G476,15/03/2023,游水,沙田,,沙田,,,,,,,,游水,,
G476,14/03/2023,游水,沙田,,沙田,,,,,,,,游水,,
G476,14/03/2023,快操,沙田,全天候,沙田 全天候,,57.4,57.4,31.4 26.0,,助手,,快操,PH,31.4 26.0 (57.4) (助手)
G476,13/03/2023,游水,沙田,,沙田,,,,,,,,游水,,
G476,13/03/2023,踱步,沙田,奧運踱步圈,沙田 奧運踱步圈,,,,,,助手,,踱步,,奧運踱步圈 踱步 (助手)
G476,12/03/2023,游水,沙田,,沙田,,,,,,,,游水,,
G476,12/03/2023,踱步,沙田,內圈,沙田 內圈,,,,,,助手,,快踱一圈,PH,內圈 快踱一圈 (助手)
G476,11/03/2023,游水,沙田,,沙田,,,,,,,,游水,,
G476,11/03/2023,快操,沙田,全天候,沙田 全天候,,58.4,58.4,31.7 26.7,,助手,,快操,PH,31.7 26.7 (58.4) (助手)
G476,10/03/2023,游水,沙田,,沙田,,,,,,,,游水,,
G476,10/03/2023,踱步,沙田,內圈,沙田 內圈,,,,,,助手,,快踱一圈,PH,內圈 快踱一圈 (助手)
G476,09/03/2023,游水,沙田,,沙田,,,,,,,,游水,,
G476,09/03/2023,踱步,沙田,內圈,沙田 內圈,,,,,,助手,,倒快一圈,PH,內圈 倒快一圈 (助手)
G476,08/03/2023,游水,沙田,,沙田,,,,,,,,游水,,
G476,08/03/2023,踱步,沙田,內圈,沙田 內圈,,,,,,助手,,快踱一圈,PH,內圈 快踱一圈 (助手)
G476,07/03/2023,游水,沙田,,沙田,,,,,,,,游水,,
G476,07/03/2023,快操,沙田,全天候,沙田 全天候,,59.1,59.1,31.6 27.5,,助手,,快操,PH,31.6 27.5 (59.1) (助手)
G476,06/03/2023,游水,沙田,,沙田,,,,,,,,游水,,
G476,06/03/2023,踱步,沙田,奧運踱步圈,沙田 奧運踱步圈,,,,,,助手,,踱步,,奧運踱步圈 踱步 (助手)
G476,05/03/2023,游水,沙田,,沙田,,,,,,,,游水,,
G476,05/03/2023,踱步,沙田,內圈,沙田 內圈,,,,,,助手,,快踱一圈,H,內圈 快踱一圈 (助手)
G476,04/03/2023,游水,沙田,,沙田,,,,,,,,游水,,
G476,04/03/2023,踱步,沙田,內圈,沙田 內圈,,,,,,助手,,快踱一圈,PH,內圈 快踱一圈 (助手)
G476,03/03/2023,游水,沙田,,沙田,,,,,,,,游水,,
G476,03/03/2023,踱步,沙田,內圈,沙田 內圈,,,,,,助手,,快踱一圈,PH,內圈 快踱一圈 (助手)
G476,02/03/2023,游水,沙田,,沙田,,,,,,,,游水,,
G476,02/03/2023,踱步,沙田,奧運踱步圈,沙田 奧運踱步圈,,,,,,助手,,踱步,,奧運踱步圈 踱步 (助手)
G476,01/03/2023,游水,沙田,,沙田,,,,,,,,游水,,
G476,28/02/2023,游水,沙田,,沙田,,,,,,,,游水,,
G476,26/02/2023,游水,沙田,,沙田,,,,,,,,游水,,
G476,25/02/2023,游水,沙田,,沙田,,,,,,,,游水,,
G476,25/02/2023,踱步,沙田,奧運踱步圈,沙田 奧運踱步圈,,,,,,助手,,踱步,,奧運踱步圈 踱步 (助手)
G476,24/02/2023,游水,沙田,,沙田,,,,,,,,游水,,
G476,24/02/2023,踱步,沙田,內圈,沙田 內圈,,,,,,助手,,快踱一圈,PH,內圈 快踱一圈 (助手)
G476,23/02/2023,游水,沙田,,沙田,,,,,,,,游水,,
G476,23/02/2023,快操,沙田,全天候,沙田 全天候,,54.9,54.9,30.0 24.9,,助手,,快操,PH,30.0 24.9 (54.9) (助手)
G476,22/02/2023,游水,沙田,,沙田,,,,,,,,游水,,
G476,22/02/2023,踱步,沙田,內圈,沙田 內圈,,,,,,助手,,快踱一圈,PH,內圈 快踱一圈 (助手)
G476,21/02/2023,游水,沙田,,沙田,,,,,,,,游水,,
G476,21/02/2023,踱步,沙田,內圈,沙田 內圈,,,,,,助手,,快踱一圈,PH,內圈 快踱一圈 (助手)
G476,20/02/2023,游水,沙田,,沙田,,,,,,,,游水,,
G476,20/02/2023,快操,沙田,全天候,沙田 全天候,,54.9,54.9,30.9 24.0,,助手,,快操,PH,30.9 24.0 (54.9) (助手)
G476,19/02/2023,游水,沙田,,沙田,,,,,,,,游水,,
G476,19/02/2023,踱步,沙田,內圈,沙田 內圈,,,,,,助手,,快踱一圈,H,內圈 快踱一圈 (助手)
G476,18/02/2023,游水,沙田,,沙田,,,,,,,,游水,,
G476,18/02/2023,踱步,沙田,內圈,沙田 內圈,,,,,,助手,,快踱一圈,PH,內圈 快踱一圈 (助手)
G476,17/02/2023,游水,沙田,,沙田,,,,,,,,游水,,
G476,17/02/2023,踱步,沙田,內圈,沙田 內圈,,,,,,助手,,快踱一圈,PH,內圈 快踱一圈 (助手)
G476,16/02/2023,游水,沙田,,沙田,,,,,,,,游水,,
G476,16/02/2023,踱步,沙田,奧運踱步圈,沙田 奧運踱步圈,,,,,,助手,,踱步,,奧運踱步圈 踱步 (助手)
G476,15/02/2023,游水,沙田,,沙田,,,,,,,,游水,,
G476,14/02/2023,試閘,沙田,全天候,沙田 全天候,1200M,1.11.64,71.64,24.5 23.2 23.9,洪運派彩,布文,,第4組,H,第4組 (布文) 1200M 洪運派彩 24.5 23.2 23.9 (1.11.64)
G476,13/02/2023,游水,沙田,,沙田,,,,,,,,游水,,
G476,13/02/2023,踱步,沙田,奧運踱步圈,沙田 奧運踱步圈,,,,,,助手,,踱步,,奧運踱步圈 踱步 (助手)
G476,12/02/2023,游水,沙田,,沙田,,,,,,,,游水,,
G476,12/02/2023,踱步,沙田,內圈,沙田 內圈,,,,,,助手,,快踱一圈,PH,內圈 快踱一圈 (助手)
G476,11/02/2023,游水,沙田,,沙田,,,,,,,,游水,,
G476,11/02/2023,快操,沙田,全天候,沙田 全天候,,59.0,59.0,32.5 26.5,,助手,,快操,PH,32.5 26.5 (59.0) (助手)
G476,10/02/2023,游水,沙田,,沙田,,,,,,,,游水,,
G476,10/02/2023,踱步,沙田,內圈,沙田 內圈,,,,,,助手,,快踱一圈,PH,內圈 快踱一圈 (助手)
G476,09/02/2023,游水,沙田,,沙田,,,,,,,,游水,,
G476,09/02/2023,踱步,沙田,內圈,沙田 內圈,,,,,,助手,,倒快一圈,H,內圈 倒快一圈 (助手)
G476,08/02/2023,游水,沙田,,沙田,,,,,,,,游水,,
G476,08/02/2023,踱步,沙田,奧運踱步圈,沙田 奧運踱步圈,,,,,,助手,,踱步,,奧運踱步圈 踱步 (助手)
G476,07/02/2023,游水,沙田,,沙田,,,,,,,,游水,,
G476,07/02/2023,快操,沙田,全天候,沙田 全天候,,56.3,56.3,30.1 26.2,,助手,,快操,PH,30.1 26.2 (56.3) (助手)
G476,06/02/2023,游水,沙田,,沙田,,,,,,,,游水,,
G476,06/02/2023,踱步,沙田,內圈,沙田 內圈,,,,,,助手,,倒快一圈,H,內圈 倒快一圈 (助手)
G476,05/02/2023,游水,沙田,,沙田,,,,,,,,游水,,
G476,05/02/2023,踱步,沙田,內圈,沙田 內圈,,,,,,助手,,快踱一圈,PH,內圈 快踱一圈 (助手)
G476,04/02/2023,游水,沙田,,沙田,,,,,,,,游水,,
G476,04/02/2023,快操,沙田,全天候,沙田 全天候,,56.3,56.3,30.4 25.9,,助手,,快操,PH,30.4 25.9 (56.3) (助手)
G476,03/02/2023,游水,沙田,,沙田,,,,,,,,游水,,
G476,03/02/2023,踱步,沙田,內圈,沙田 內圈,,,,,,助手,,快踱一圈,PH,內圈 快踱一圈 (助手)
G476,02/02/2023,游水,沙田,,沙田,,,,,,,,游水,,
G476,02/02/2023,踱步,沙田,內圈,沙田 內圈,,,,,,助手,,倒快一圈,PH,內圈 倒快一圈 (助手)
G476,01/02/2023,游水,沙田,,沙田,,,,,,,,游水,,
G476,01/02/2023,踱步,沙田,奧運踱步圈,沙田 奧運踱步圈,,,,,,助手,,踱步,,奧運踱步圈 踱步 (助手)
G476,31/01/2023,游水,沙田,,沙田,,,,,,,,游水,,
G476,31/01/2023,快操,沙田,全天候,沙田 全天候,,56.5,56.5,30.1 26.4,,助手,,快操,PH,30.1 26.4 (56.5) (助手)
G476,30/01/2023,游水,沙田,,沙田,,,,,,,,游水,,
G476,30/01/2023,踱步,沙田,內圈,沙田 內圈,,,,,,助手,,倒快一圈,PH,內圈 倒快一圈 (助手)
G476,29/01/2023,游水,沙田,,沙田,,,,,,,,游水,,
G476,29/01/2023,踱步,沙田,內圈,沙田 內圈,,,,,,助手,,快踱一圈,H,內圈 快踱一圈 (助手)
G476,28/01/2023,游水,沙田,,沙田,,,,,,,,游水,,
G476,28/01/2023,踱步,沙田,內圈,沙田 內圈,,,,,,助手,,快踱一圈,PH,內圈 快踱一圈 (助手)
G476,27/01/2023,游水,沙田,,沙田,,,,,,,,游水,,
G476,27/01/2023,踱步,沙田,內圈,沙田 內圈,,,,,,助手,,快踱一圈,PH,內圈 快踱一圈 (助手)
G476,26/01/2023,游水,沙田,,沙田,,,,,,,,游水,,
G476,26/01/2023,踱步,沙田,內圈,沙田 內圈,,,,,,助手,,倒快一圈,PH,內圈 倒快一圈 (助手)
G476,25/01/2023,游水,沙田,,沙田,,,,,,,,游水,,
G476,25/01/2023,踱步,沙田,奧運踱步圈,沙田 奧運踱步圈,,,,,,助手,,踱步,,奧運踱步圈 踱步 (助手)
G476,24/01/2023,游水,沙田,,沙田,,,,,,,,游水,,
G476,23/01/2023,游水,沙田,,沙田,,,,,,,,游水,,
G476,21/01/2023,游水,沙田,,沙田,,,,,,,,游水,,
G476,20/01/2023,游水,沙田,,沙田,,,,,,,,游水,,
G476,19/01/2023,游水,沙田,,沙田,,,,,,,,游水,,
G476,19/01/2023,快操,沙田,全天候,沙田 全天候,,59.1,59.1,32.0 27.1,,助手,,快操,H,32.0 27.1 (59.1) (助手)
G476,18/01/2023,游水,沙田,,沙田,,,,,,,,游水,,
G476,18/01/2023,踱步,沙田,內圈,沙田 內圈,,,,,,助手,,快踱一圈,PH,內圈 快踱一圈 (助手)
G476,17/01/2023,游水,沙田,,沙田,,,,,,,,游水,,
G476,17/01/2023,踱步,沙田,內圈,沙田 內圈,,,,,,助手,,快踱一圈,H,內圈 快踱一圈 (助手)
G476,16/01/2023,游水,沙田,,沙田,,,,,,,,游水,,
G476,16/01/2023,踱步,沙田,內圈,沙田 內圈,,,,,,助手,,倒快一圈,PH,內圈 倒快一圈 (助手)
G476,15/01/2023,游水,沙田,,沙田,,,,,,,,游水,,
G476,14/01/2023,游水,沙田,,沙田,,,,,,,,游水,,
G476,13/01/2023,試閘,沙田,全天候,沙田 全天候,1200M,1.11.94,71.94,24.5 23.4 24.0,浪漫老撾,潘頓,,第2組,,第2組 (潘頓) 1200M 浪漫老撾 24.5 23.4 24.0 (1.11.94)
G476,12/01/2023,游水,沙田,,沙田,,,,,,,,游水,,
G476,11/01/2023,游水,沙田,,沙田,,,,,,,,游水,,
G476,11/01/2023,踱步,沙田,內圈,沙田 內圈,,,,,,助手,,快踱一圈,PH,內圈 快踱一圈 (助手)
G476,10/01/2023,游水,沙田,,沙田,,,,,,,,游水,,
G476,10/01/2023,快操,沙田,全天候,沙田 全天候,,56.6,56.6,30.6 26.0,,黃俊,,快操,H,30.6 26.0 (56.6) (黃俊)
G476,09/01/2023,游水,沙田,,沙田,,,,,,,,游水,,
G476,09/01/2023,踱步,沙田,內圈,沙田 內圈,,,,,,助手,,倒快一圈,PH,內圈 倒快一圈 (助手)
G476,08/01/2023,游水,沙田,,沙田,,,,,,,,游水,,
G476,08/01/2023,踱步,沙田,內圈,沙田 內圈,,,,,,助手,,快踱一圈,PH,內圈 快踱一圈 (助手)
G476,07/01/2023,游水,沙田,,沙田,,,,,,,,游水,,
G476,07/01/2023,快操,沙田,全天候,沙田 全天候,,55.7,55.7,31.3 24.4,,助手,,快如龍,H,31.3 24.4 (55.7) (助手) 快如龍
G476,06/01/2023,游水,沙田,,沙田,,,,,,,,游水,,
G476,06/01/2023,踱步,沙田,內圈,沙田 內圈,,,,,,助手,,快踱一圈,H,內圈 快踱一圈 (助手)
G476,05/01/2023,游水,沙田,,沙田,,,,,,,,游水,,
G476,05/01/2023,踱步,沙田,內圈,沙田 內圈,,,,,,助手,,倒快一圈,PH,內圈 倒快一圈 (助手)
G476,04/01/2023,游水,沙田,,沙田,,,,,,,,游水,,
G476,04/01/2023,踱步,沙田,奧運踱步圈,沙田 奧運踱步圈,,,,,,助手,,踱步,,奧運踱步圈 踱步 (助手)
G476,03/01/2023,游水,沙田,,沙田,,,,,,,,游水,,
G476,03/01/2023,快操,沙田,全天候,沙田 全天候,,55.0,55.0,29.3 25.7,,助手,,快操,H,29.3 25.7 (55.0) (助手)
G476,02/01/2023,游水,沙田,,沙田,,,,,,,,游水,,
G476,02/01/2023,踱步,沙田,內圈,沙田 內圈,,,,,,助手,,倒快一圈,PH,內圈 倒快一圈 (助手)
G476,01/01/2023,游水,沙田,,沙田,,,,,,,,游水,,
G476,01/01/2023,踱步,沙田,內圈,沙田 內圈,,,,,,助手,,快踱一圈,PH,內圈 快踱一圈 (助手)
G476,31/12/2022,游水,沙田,,沙田,,,,,,,,游水,,
G476,31/12/2022,踱步,沙田,內圈,沙田 內圈,,,,,,助手,,快踱一圈,PH,內圈 快踱一圈 (助手)
G476,30/12/2022,游水,沙田,,沙田,,,,,,,,游水,,
G476,30/12/2022,踱步,沙田,內圈,沙田 內圈,,,,,,助手,,快踱一圈,H,內圈 快踱一圈 (助手)
G476,29/12/2022,游水,沙田,,沙田,,,,,,,,游水,,
G476,29/12/2022,踱步,沙田,內圈,沙田 內圈,,,,,,助手,,倒快一圈,PH,內圈 倒快一圈 (助手)
G476,28/12/2022,游水,沙田,,沙田,,,,,,,,游水,,
G476,28/12/2022,踱步,沙田,奧運踱步圈,沙田 奧運踱步圈,,,,,,助手,,踱步,,奧運踱步圈 踱步 (助手)
G476,27/12/2022,游水,沙田,,沙田,,,,,,,,游水,,
G476,26/12/2022,游水,沙田,,沙田,,,,,,,,游水,,
G476,25/12/2022,游水,沙田,,沙田,,,,,,,,游水,,
G476,24/12/2022,游水,沙田,,沙田,,,,,,,,游水,,
G476,23/12/2022,游水,沙田,,沙田,,,,,,,,游水,,
G476,23/12/2022,踱步,沙田,奧運踱步圈,沙田 奧運踱步圈,,,,,,助手,,踱步,,奧運踱步圈 踱步 (助手)
G476,22/12/2022,游水,沙田,,沙田,,,,,,,,游水,,
G476,22/12/2022,快操,沙田,全天候,沙田 全天候,,55.6,55.6,30.6 25.0,,助手,,速奇制勝,H,30.6 25.0 (55.6) (助手) 速奇制勝
G476,21/12/2022,游水,沙田,,沙田,,,,,,,,游水,,
G476,21/12/2022,踱步,沙田,內圈,沙田 內圈,,,,,,助手,,快踱一圈,PH,內圈 快踱一圈 (助手)
G476,20/12/2022,游水,沙田,,沙田,,,,,,,,游水,,
G476,20/12/2022,踱步,沙田,內圈,沙田 內圈,,,,,,助手,,快踱一圈,H,內圈 快踱一圈 (助手)
G476,19/12/2022,游水,沙田,,沙田,,,,,,,,游水,,
G476,19/12/2022,快操,沙田,全天候,沙田 全天候,,54.9,54.9,30.3 24.6,,助手,,閃電俠,H,30.3 24.6 (54.9) (助手) 閃電俠
G476,18/12/2022,游水,沙田,,沙田,,,,,,,,游水,,
G476,18/12/2022,踱步,沙田,內圈,沙田 內圈,,,,,,助手,,快踱一圈,H,內圈 快踱一圈 (助手)
G476,17/12/2022,游水,沙田,,沙田,,,,,,,,游水,,
G476,17/12/2022,踱步,沙田,內圈,沙田 內圈,,,,,,助手,,快踱一圈,PH,內圈 快踱一圈 (助手)
G476,16/12/2022,游水,沙田,,沙田,,,,,,,,游水,,
G476,16/12/2022,踱步,沙田,內圈,沙田 內圈,,,,,,助手,,快踱一圈,PH,內圈 快踱一圈 (助手)
G476,15/12/2022,游水,沙田,,沙田,,,,,,,,游水,,
G476,14/12/2022,游水,沙田,,沙田,,,,,,,,游水,,
G476,13/12/2022,試閘,沙田,全天候,沙田 全天候,1200M,1.10.12,70.12,24.1 22.7 23.3,夢巴黎,何澤堯,,第10組,,第10組 (何澤堯) 1200M 夢巴黎 24.1 22.7 23.3 (1.10.12)
G476,12/12/2022,游水,沙田,,沙田,,,,,,,,游水,,
G476,11/12/2022,游水,沙田,,沙田,,,,,,,,游水,,
G476,11/12/2022,踱步,沙田,內圈,沙田 內圈,,,,,,助手,,快踱一圈,PH,內圈 快踱一圈 (助手)
G476,10/12/2022,游水,沙田,,沙田,,,,,,,,游水,,
G476,10/12/2022,快操,沙田,全天候,沙田 全天候,,54.9,54.9,29.0 25.9,,助手,,雄昇隊長,PH,29.0 25.9 (54.9) (助手) 雄昇隊長
G476,09/12/2022,游水,沙田,,沙田,,,,,,,,游水,,
G476,09/12/2022,踱步,沙田,內圈,沙田 內圈,,,,,,助手,,快踱一圈,PH,內圈 快踱一圈 (助手)
G476,08/12/2022,游水,沙田,,沙田,,,,,,,,游水,,
G476,08/12/2022,踱步,沙田,奧運踱步圈,沙田 奧運踱步圈,,,,,,助手,,踱步,,奧運踱步圈 踱步 (助手)
G476,07/12/2022,游水,沙田,,沙田,,,,,,,,游水,,
G476,07/12/2022,踱步,沙田,內圈,沙田 內圈,,,,,,助手,,快踱一圈,PH,內圈 快踱一圈 (助手)
G476,06/12/2022,游水,沙田,,沙田,,,,,,,,游水,,
G476,06/12/2022,快操,沙田,全天候,沙田 全天候,,57.8,57.8,31.3 26.5,,助手,,雄昇隊長,PH,31.3 26.5 (57.8) (助手) 雄昇隊長
G476,05/12/2022,游水,沙田,,沙田,,,,,,,,游水,,
G476,05/12/2022,踱步,沙田,內圈,沙田 內圈,,,,,,助手,,倒快一圈,PH,內圈 倒快一圈 (助手)
G476,04/12/2022,游水,沙田,,沙田,,,,,,,,游水,,
G476,04/12/2022,踱步,沙田,內圈,沙田 內圈,,,,,,助手,,快踱一圈,PH,內圈 快踱一圈 (助手)
G476,03/12/2022,游水,沙田,,沙田,,,,,,,,游水,,
G476,03/12/2022,快操,沙田,全天候,沙田 全天候,,58.9,58.9,32.1 26.8,,助手,,快操,PH,32.1 26.8 (58.9) (助手)
G476,02/12/2022,游水,沙田,,沙田,,,,,,,,游水,,
G476,02/12/2022,踱步,沙田,奧運踱步圈,沙田 奧運踱步圈,,,,,,助手,,踱步,,奧運踱步圈 踱步 (助手)
G476,01/12/2022,游水,沙田,,沙田,,,,,,,,游水,,
G476,01/12/2022,踱步,沙田,內圈,沙田 內圈,,,,,,助手,,倒快一圈,PH,內圈 倒快一圈 (助手)
G476,30/11/2022,游水,沙田,,沙田,,,,,,,,游水,,
G476,30/11/2022,踱步,沙田,內圈,沙田 內圈,,,,,,助手,,快踱一圈,H,內圈 快踱一圈 (助手)
G476,29/11/2022,游水,沙田,,沙田,,,,,,,,游水,,
G476,29/11/2022,踱步,沙田,內圈,沙田 內圈,,,,,,助手,,快踱一圈,H,內圈 快踱一圈 (助手)
G476,28/11/2022,游水,沙田,,沙田,,,,,,,,游水,,
G476,28/11/2022,踱步,沙田,奧運踱步圈,沙田 奧運踱步圈,,,,,,助手,,踱步,,奧運踱步圈 踱步 (助手)
G476,27/11/2022,游水,沙田,,沙田,,,,,,,,游水,,
G476,26/11/2022,試閘,跑馬地,草地,跑馬地 草地,1200M,1.11.42,71.42,25.0 22.7 23.7,亞機拉,潘頓,,第4組,,第4組 (潘頓) 1200M 亞機拉 25.0 22.7 23.7 (1.11.42)
G476,25/11/2022,游水,沙田,,沙田,,,,,,,,游水,,
G476,25/11/2022,踱步,沙田,奧運踱步圈,沙田 奧運踱步圈,,,,,,助手,,踱步,,奧運踱步圈 踱步 (助手)
G476,24/11/2022,游水,沙田,,沙田,,,,,,,,游水,,
G476,24/11/2022,踱步,沙田,內圈,沙田 內圈,,,,,,助手,,倒快一圈,PH,內圈 倒快一圈 (助手)
G476,23/11/2022,游水,沙田,,沙田,,,,,,,,游水,,
G476,23/11/2022,快操,沙田,全天候,沙田 全天候,,59.2,59.2,32.4 26.8,,助手,,快如龍,,32.4 26.8 (59.2) (助手) 快如龍
G476,22/11/2022,游水,沙田,,沙田,,,,,,,,游水,,
G476,22/11/2022,踱步,沙田,內圈,沙田 內圈,,,,,,助手,,快踱一圈,PH,內圈 快踱一圈 (助手)
G476,21/11/2022,游水,沙田,,沙田,,,,,,,,游水,,
G476,21/11/2022,踱步,沙田,內圈,沙田 內圈,,,,,,助手,,倒快一圈,PH,內圈 倒快一圈 (助手)
G476,20/11/2022,游水,沙田,,沙田,,,,,,,,游水,,
G476,19/11/2022,游水,沙田,,沙田,,,,,,,,游水,,
G476,19/11/2022,快操,沙田,全天候,沙田 全天候,,55.6,55.6,30.5 25.1,,助手,,快操,H,30.5 25.1 (55.6) (助手)
G476,18/11/2022,踱步,沙田,奧運踱步圈,沙田 奧運踱步圈,,,,,,助手,,踱步,,奧運踱步圈 踱步 (助手)
G476,17/11/2022,游水,沙田,,沙田,,,,,,,,游水,,
G476,17/11/2022,踱步,沙田,內圈,沙田 內圈,,,,,,助手,,倒快一圈,PH,內圈 倒快一圈 (助手)
G476,16/11/2022,游水,沙田,,沙田,,,,,,,,游水,,
G476,16/11/2022,踱步,沙田,內圈,沙田 內圈,,,,,,助手,,快踱一圈,PH,內圈 快踱一圈 (助手)
G476,15/11/2022,游水,沙田,,沙田,,,,,,,,游水,,
G476,15/11/2022,快操,沙田,全天候,沙田 全天候,,1.01.0,61.0,31.9 29.1,,助手,,快操,H,31.9 29.1 (1.01.0) (助手)
G476,14/11/2022,游水,沙田,,沙田,,,,,,,,游水,,
G476,14/11/2022,踱步,沙田,內圈,沙田 內圈,,,,,,助手,,倒快一圈,HP,內圈 倒快一圈 (助手)
G476,13/11/2022,游水,沙田,,沙田,,,,,,,,游水,,
G476,12/11/2022,游水,沙田,,沙田,,,,,,,,游水,,
G476,12/11/2022,踱步,沙田,奧運踱步圈,沙田 奧運踱步圈,,,,,,助手,,踱步,,奧運踱步圈 踱步 (助手)
G476,11/11/2022,游水,沙田,,沙田,,,,,,,,游水,,
G476,11/11/2022,踱步,沙田,內圈,沙田 內圈,,,,,,助手,,快踱一圈,PH,內圈 快踱一圈 (助手)
G476,10/11/2022,游水,沙田,,沙田,,,,,,,,游水,,
G476,10/11/2022,踱步,沙田,內圈,沙田 內圈,,,,,,助手,,倒快一圈,HP,內圈 倒快一圈 (助手)
G476,09/11/2022,游水,沙田,,沙田,,,,,,,,游水,,
G476,09/11/2022,踱步,沙田,內圈,沙田 內圈,,,,,,助手,,快踱一圈,H,內圈 快踱一圈 (助手)
G476,08/11/2022,游水,沙田,,沙田,,,,,,,,游水,,
G476,08/11/2022,踱步,沙田,奧運踱步圈,沙田 奧運踱步圈,,,,,,助手,,踱步,,奧運踱步圈 踱步 (助手)
G476,07/11/2022,游水,沙田,,沙田,,,,,,,,游水,,
G476,06/11/2022,游水,沙田,,沙田,,,,,,,,游水,,
G476,05/11/2022,游水,沙田,,沙田,,,,,,,,游水,,
G476,04/11/2022,試閘,沙田,全天候,沙田 全天候,1050M,1.02.59,62.59,16.6 22.5 23.4,張燈結綵,潘頓,,第5組,PC,第5組 (潘頓) 1050M 張燈結綵 16.6 22.5 23.4 (1.02.59)
G476,03/11/2022,游水,沙田,,沙田,,,,,,,,游水,,
G476,03/11/2022,踱步,沙田,奧運踱步圈,沙田 奧運踱步圈,,,,,,助手,,踱步,,奧運踱步圈 踱步 (助手)
G476,02/11/2022,游水,沙田,,沙田,,,,,,,,游水,,
G476,02/11/2022,踱步,沙田,內圈,沙田 內圈,,,,,,助手,,快踱一圈,PH,內圈 快踱一圈 (助手)
G476,01/11/2022,游水,沙田,,沙田,,,,,,,,游水,,
G476,01/11/2022,快操,沙田,全天候,沙田 全天候,,55.9,55.9,30.1 25.8,,助手,,快操,PH,30.1 25.8 (55.9) (助手)
G476,31/10/2022,游水,沙田,,沙田,,,,,,,,游水,,
G476,31/10/2022,踱步,沙田,內圈,沙田 內圈,,,,,,助手,,倒快一圈,PH,內圈 倒快一圈 (助手)
G476,30/10/2022,游水,沙田,,沙田,,,,,,,,游水,,
G476,29/10/2022,游水,沙田,,沙田,,,,,,,,游水,,
G476,29/10/2022,快操,沙田,全天候,沙田 全天候,,55.3,55.3,29.9 25.4,,助手,,快操,PH,29.9 25.4 (55.3) (助手)
G476,28/10/2022,游水,沙田,,沙田,,,,,,,,游水,,
G476,27/10/2022,游水,沙田,,沙田,,,,,,,,游水,,
G476,27/10/2022,踱步,沙田,奧運踱步圈,沙田 奧運踱步圈,,,,,,助手,,踱步,,奧運踱步圈 踱步 (助手)
G476,26/10/2022,游水,沙田,,沙田,,,,,,,,游水,,
G476,26/10/2022,踱步,沙田,內圈,沙田 內圈,,,,,,助手,,快踱一圈,PH,內圈 快踱一圈 (助手)
G476,25/10/2022,游水,沙田,,沙田,,,,,,,,游水,,
G476,25/10/2022,快操,沙田,全天候,沙田 全天候,,1.00.5,60.5,32.2 28.3,,助手,,快操,PH,32.2 28.3 (1.00.5) (助手)
G476,24/10/2022,游水,沙田,,沙田,,,,,,,,游水,,
G476,24/10/2022,踱步,沙田,內圈,沙田 內圈,,,,,,助手,,倒快一圈,HB,內圈 倒快一圈 (助手)
G476,22/10/2022,游水,沙田,,沙田,,,,,,,,游水,,
G476,22/10/2022,踱步,沙田,內圈,沙田 內圈,,,,,,助手,,快踱一圈,PH,內圈 快踱一圈 (助手)
G476,21/10/2022,游水,沙田,,沙田,,,,,,,,游水,,
G476,20/10/2022,游水,沙田,,沙田,,,,,,,,游水,,
G476,20/10/2022,踱步,沙田,內圈,沙田 內圈,,,,,,助手,,倒快一圈,PH,內圈 倒快一圈 (助手)
G476,19/10/2022,游水,沙田,,沙田,,,,,,,,游水,,
G476,19/10/2022,踱步,沙田,內圈,沙田 內圈,,,,,,助手,,快踱一圈,H,內圈 快踱一圈 (助手)
G476,18/10/2022,游水,沙田,,沙田,,,,,,,,游水,,
G476,18/10/2022,踱步,沙田,內圈,沙田 內圈,,,,,,助手,,快踱一圈,H,內圈 快踱一圈 (助手)
G476,17/10/2022,游水,沙田,,沙田,,,,,,,,游水,,
G476,17/10/2022,踱步,沙田,奧運踱步圈,沙田 奧運踱步圈,,,,,,助手,,踱步,,奧運踱步圈 踱步 (助手)
G476,15/10/2022,游水,沙田,,沙田,,,,,,,,游水,,
G476,14/10/2022,游水,沙田,,沙田,,,,,,,,游水,,
G476,13/10/2022,游水,沙田,,沙田,,,,,,,,游水,,
G476,11/10/2022,試閘,沙田,全天候,沙田 全天候,1050M,1.01.71,61.71,16.4 22.3 23.0,胡椒軍曹,潘頓,,第4組,,第4組 (潘頓) 1050M 胡椒軍曹 16.4 22.3 23.0 (1.01.71)
G476,10/10/2022,游水,沙田,,沙田,,,,,,,,游水,,
G476,10/10/2022,踱步,沙田,奧運踱步圈,沙田 奧運踱步圈,,,,,,助手,,踱步,,奧運踱步圈 踱步 (助手)
G476,09/10/2022,游水,沙田,,沙田,,,,,,,,游水,,
G476,09/10/2022,踱步,沙田,內圈,沙田 內圈,,,,,,助手,,快踱一圈,H,內圈 快踱一圈 (助手)
G476,08/10/2022,游水,沙田,,沙田,,,,,,,,游水,,
G476,08/10/2022,快操,沙田,全天候,沙田 全天候,,56.2,56.2,30.9 25.3,,助手,,快操,H,30.9 25.3 (56.2) (助手)
G476,07/10/2022,游水,沙田,,沙田,,,,,,,,游水,,
G476,07/10/2022,踱步,沙田,奧運踱步圈,沙田 奧運踱步圈,,,,,,助手,,踱步,,奧運踱步圈 踱步 (助手)
G476,06/10/2022,游水,沙田,,沙田,,,,,,,,游水,,
G476,05/10/2022,游水,沙田,,沙田,,,,,,,,游水,,
G476,05/10/2022,快操,沙田,全天候,沙田 全天候,,1.00.9,60.9,31.5 29.4,,助手,,快操,H,31.5 29.4 (1.00.9) (助手)
G476,04/10/2022,游水,沙田,,沙田,,,,,,,,游水,,
G476,04/10/2022,踱步,沙田,內圈,沙田 內圈,,,,,,助手,,快踱一圈,H,內圈 快踱一圈 (助手)
G476,03/10/2022,游水,沙田,,沙田,,,,,,,,游水,,
G476,03/10/2022,踱步,沙田,內圈,沙田 內圈,,,,,,黃俊,,倒快一圈,H,內圈 倒快一圈 (黃俊)
G476,02/10/2022,游水,沙田,,沙田,,,,,,,,游水,,
G476,01/10/2022,游水,沙田,,沙田,,,,,,,,游水,,
G476,01/10/2022,踱步,沙田,內圈,沙田 內圈,,,,,,助手,,快踱一圈,H,內圈 快踱一圈 (助手)
G476,30/09/2022,游水,沙田,,沙田,,,,,,,,游水,,
G476,30/09/2022,踱步,沙田,內圈,沙田 內圈,,,,,,助手,,快踱一圈,H,內圈 快踱一圈 (助手)
G476,29/09/2022,游水,沙田,,沙田,,,,,,,,游水,,
G476,28/09/2022,游水,沙田,,沙田,,,,,,,,游水,,
G476,27/09/2022,試閘,沙田,草地,沙田 草地,800M,0.46.14,46.14,23.8 22.3,新威力,潘頓,,第7組,,第7組 (潘頓) 800M 新威力 23.8 22.3 (0.46.14)
G476,26/09/2022,游水,沙田,,沙田,,,,,,,,游水,,
G476,26/09/2022,踱步,沙田,奧運踱步圈,沙田 奧運踱步圈,,,,,,助手,,踱步,,奧運踱步圈 踱步 (助手)
G476,25/09/2022,游水,沙田,,沙田,,,,,,,,游水,,
G476,25/09/2022,踱步,沙田,內圈,沙田 內圈,,,,,,助手,,快踱一圈,H,內圈 快踱一圈 (助手)
G476,24/09/2022,游水,沙田,,沙田,,,,,,,,游水,,
G476,24/09/2022,快操,沙田,全天候,沙田 全天候,,31.2,31.2,31.2,,助手,,快操,H,31.2 (31.2) (助手)
G476,23/09/2022,游水,沙田,,沙田,,,,,,,,游水,,
G476,23/09/2022,踱步,沙田,內圈,沙田 內圈,,,,,,助手,,快踱一圈,H,內圈 快踱一圈 (助手)
G476,22/09/2022,游水,沙田,,沙田,,,,,,,,游水,,
G476,22/09/2022,踱步,沙田,內圈,沙田 內圈,,,,,,助手,,倒快一圈,H,內圈 倒快一圈 (助手)
G476,21/09/2022,游水,沙田,,沙田,,,,,,,,游水,,
G476,19/09/2022,快操,沙田,草閘,沙田 草閘,,46.7,46.7,23.7 23.0,,潘頓,,"H055, 快如龍",,"23.7 23.0 (46.7) (潘頓) H055, 快如龍"
G476,18/09/2022,游水,沙田,,沙田,,,,,,,,游水,,
G476,18/09/2022,踱步,沙田,內圈,沙田 內圈,,,,,,助手,,快踱一圈,H,內圈 快踱一圈 (助手)
G476,17/09/2022,游水,沙田,,沙田,,,,,,,,游水,,
G476,16/09/2022,游水,沙田,,沙田,,,,,,,,游水,,
G476,16/09/2022,快操,沙田,全天候,沙田 全天候,,25.8,25.8,25.8,,助手,,快如龍,H,25.8 (25.8) (助手) 快如龍
G476,15/09/2022,游水,沙田,,沙田,,,,,,,,游水,,
G476,15/09/2022,踱步,沙田,奧運踱步圈,沙田 奧運踱步圈,,,,,,助手,,踱步,,奧運踱步圈 踱步 (助手)
G476,14/09/2022,游水,沙田,,沙田,,,,,,,,游水,,
G476,14/09/2022,踱步,沙田,內圈,沙田 內圈,,,,,,助手,,快踱一圈,H,內圈 快踱一圈 (助手)
G476,13/09/2022,游水,沙田,,沙田,,,,,,,,游水,,
G476,13/09/2022,快操,沙田,全天候,沙田 全天候,,29.5,29.5,29.5,,助手,,快操,H,29.5 (29.5) (助手)
G476,12/09/2022,游水,沙田,,沙田,,,,,,,,游水,,
G476,11/09/2022,游水,沙田,,沙田,,,,,,,,游水,,
G476,10/09/2022,游水,沙田,,沙田,,,,,,,,游水,,
G476,10/09/2022,踱步,沙田,內圈,沙田 內圈,,,,,,黃俊,,快踱一圈,H,內圈 快踱一圈 (黃俊)
G476,09/09/2022,游水,沙田,,沙田,,,,,,,,游水,,
G476,09/09/2022,踱步,沙田,內圈,沙田 內圈,,,,,,助手,,快踱一圈,H,內圈 快踱一圈 (助手)
G476,08/09/2022,游水,沙田,,沙田,,,,,,,,游水,,
G476,08/09/2022,踱步,沙田,內圈,沙田 內圈,,,,,,助手,,倒快一圈,H,內圈 倒快一圈 (助手)
G476,07/09/2022,游水,沙田,,沙田,,,,,,,,游水,,
G476,06/09/2022,游水,沙田,,沙田,,,,,,,,游水,,
G476,05/09/2022,游水,沙田,,沙田,,,,,,,,游水,,
G476,05/09/2022,快操,沙田,草閘,沙田 草閘,,24.7,24.7,24.7,,助手,,快如龍,H,24.7 (24.7) (助手) 快如龍
G476,04/09/2022,游水,沙田,,沙田,,,,,,,,游水,,
G476,04/09/2022,踱步,沙田,內圈,沙田 內圈,,,,,,助手,,快踱一圈,H,內圈 快踱一圈 (助手)
G476,03/09/2022,游水,沙田,,沙田,,,,,,,,游水,,
G476,02/09/2022,游水,沙田,,沙田,,,,,,,,游水,,
G476,02/09/2022,快操,沙田,全天候,沙田 全天候,,58.1,58.1,32.7 25.4,,助手,,快如龍,H,32.7 25.4 (58.1) (助手) 快如龍
G476,01/09/2022,游水,沙田,,沙田,,,,,,,,游水,,
G476,01/09/2022,踱步,沙田,內圈,沙田 內圈,,,,,,助手,,倒快兩圈,H,內圈 倒快兩圈 (助手)
G476,31/08/2022,游水,沙田,,沙田,,,,,,,,游水,,
G476,31/08/2022,踱步,沙田,奧運踱步圈,沙田 奧運踱步圈,,,,,,助手,,踱步,,奧運踱步圈 踱步 (助手)
G476,30/08/2022,游水,沙田,,沙田,,,,,,,,游水,,
G476,30/08/2022,快操,沙田,全天候,沙田 全天候,,24.7,24.7,24.7,,助手,,快如龍,H,24.7 (24.7) (助手) 快如龍
G476,29/08/2022,游水,沙田,,沙田,,,,,,,,游水,,
G476,29/08/2022,踱步,沙田,內圈,沙田 內圈,,,,,,助手,,倒快兩圈,H,內圈 倒快兩圈 (助手)
G476,28/08/2022,游水,沙田,,沙田,,,,,,,,游水,,
G476,27/08/2022,游水,沙田,,沙田,,,,,,,,游水,,
G476,27/08/2022,快操,沙田,全天候,沙田 全天候,,57.2,57.2,31.1 26.1,,助手,,快操,H,31.1 26.1 (57.2) (助手)
G476,26/08/2022,游水,沙田,,沙田,,,,,,,,游水,,
G476,26/08/2022,踱步,沙田,內圈,沙田 內圈,,,,,,助手,,快踱一圈,H,內圈 快踱一圈 (助手)
G476,25/08/2022,游水,沙田,,沙田,,,,,,,,游水,,
G476,24/08/2022,游水,沙田,,沙田,,,,,,,,游水,,
G476,24/08/2022,踱步,沙田,內圈,沙田 內圈,,,,,,助手,,快踱一圈,H,內圈 快踱一圈 (助手)
G476,23/08/2022,游水,沙田,,沙田,,,,,,,,游水,,
G476,23/08/2022,快操,沙田,全天候,沙田 全天候,,56.9,56.9,31.6 25.3,,陳嘉熙,,快操,H,31.6 25.3 (56.9) (陳嘉熙)
G476,22/08/2022,游水,沙田,,沙田,,,,,,,,游水,,
G476,22/08/2022,踱步,沙田,內圈,沙田 內圈,,,,,,助手,,倒快一圈,H,內圈 倒快一圈 (助手)
G476,20/08/2022,游水,沙田,,沙田,,,,,,,,游水,,
G476,20/08/2022,快操,沙田,全天候,沙田 全天候,,29.2,29.2,29.2,,助手,,快操,H,29.2 (29.2) (助手)
G476,19/08/2022,游水,沙田,,沙田,,,,,,,,游水,,
G476,18/08/2022,游水,沙田,,沙田,,,,,,,,游水,,
G476,18/08/2022,踱步,沙田,內圈,沙田 內圈,,,,,,助手,,倒快一圈,H,內圈 倒快一圈 (助手)
G476,17/08/2022,游水,沙田,,沙田,,,,,,,,游水,,
G476,17/08/2022,踱步,沙田,內圈,沙田 內圈,,,,,,助手,,快踱一圈,H,內圈 快踱一圈 (助手)
G476,16/08/2022,快操,沙田,全天候,沙田 全天候,,28.8,28.8,28.8,,助手,,快操,H,28.8 (28.8) (助手)
G476,15/08/2022,游水,沙田,,沙田,,,,,,,,游水,,
G476,15/08/2022,踱步,沙田,內圈,沙田 內圈,,,,,,助手,,倒快一圈,H,內圈 倒快一圈 (助手)
G476,13/08/2022,游水,沙田,,沙田,,,,,,,,游水,,
G476,13/08/2022,踱步,沙田,外圈,沙田 外圈,,,,,,助手,,快踱一圈,H,外圈 快踱一圈 (助手)
G476,12/08/2022,游水,沙田,,沙田,,,,,,,,游水,,
G476,11/08/2022,踱步,沙田,內圈,沙田 內圈,,,,,,助手,,倒快兩圈,H,內圈 倒快兩圈 (助手)
G476,10/08/2022,游水,沙田,,沙田,,,,,,,,游水,,
G476,10/08/2022,踱步,沙田,內圈,沙田 內圈,,,,,,助手,,快踱一圈,H,內圈 快踱一圈 (助手)
G476,09/08/2022,游水,沙田,,沙田,,,,,,,,游水,,
G476,09/08/2022,踱步,沙田,內圈,沙田 內圈,,,,,,助手,,快踱一圈,H,內圈 快踱一圈 (助手)
G476,08/08/2022,游水,沙田,,沙田,,,,,,,,游水,,
G476,08/08/2022,踱步,沙田,內圈,沙田 內圈,,,,,,助手,,倒快一圈,H,內圈 倒快一圈 (助手)
G476,06/08/2022,游水,沙田,,沙田,,,,,,,,游水,,
G476,06/08/2022,踱步,沙田,內圈,沙田 內圈,,,,,,助手,,快踱一圈,H,內圈 快踱一圈 (助手)
G476,05/08/2022,游水,沙田,,沙田,,,,,,,,游水,,
G476,03/08/2022,游水,沙田,,沙田,,,,,,,,游水,,
G476,03/08/2022,踱步,沙田,內圈,沙田 內圈,,,,,,練馬師,,快踱一圈,H,內圈 快踱一圈 (練馬師)
G476,02/08/2022,踱步,沙田,內圈,沙田 內圈,,,,,,助手,,快踱一圈,H,內圈 快踱一圈 (助手)
