horse_no,date,work_type,racecourse,track,venue,distance,time,time_sec,splits,partner,rider,placing,comment,gear,workout_details
H419,08/09/2026,試閘,沙田,全天候,沙田 全天候,1050M,1.01.16,61.16,16.2 22.1 22.8,開心福駒,班德禮,,第8組,,第8組 (班德禮) 1050M 開心福駒 16.2 22.1 22.8 (1.01.16)
H419,07/09/2026,游水,沙田,,沙田,,,,,,,,游水,,
H419,07/09/2026,踱步,沙田,內圈,沙田 內圈,,,,,,助手,,倒快一圈,H,內圈 倒快一圈 (助手)
H419,06/09/2026,游水,沙田,,沙田,,,,,,,,游水,,
H419,05/09/2026,游水,沙田,,沙田,,,,,,,,游水,,
H419,05/09/2026,踱步,沙田,內圈,沙田 內圈,,,,,,助手,,快踱一圈,H,內圈 快踱一圈 (助手)
H419,04/09/2026,游水,沙田,,沙田,,,,,,,,游水,,
H419,04/09/2026,踱步,沙田,內圈,沙田 內圈,,,,,,助手,,快踱一圈,H,內圈 快踱一圈 (助手)
H419,03/09/2026,游水,沙田,,沙田,,,,,,,,游水,,
H419,03/09/2026,快操,沙田,全天候,沙田 全天候,,57.4,57.4,29.8 27.6,,助手,,快操,H,29.8 27.6 (57.4) (助手)
H419,03/09/2026,踱步,沙田,飛機場,沙田 飛機場,,,,,,助手,,踱步,H,飛機場 踱步 (助手)
H419,02/09/2026,游水,沙田,,沙田,,,,,,,,游水,,
H419,02/09/2026,踱步,沙田,內圈,沙田 內圈,,,,,,助手,,快踱一圈,H,內圈 快踱一圈 (助手)
H419,01/09/2026,游水,沙田,,沙田,,,,,,,,游水,,
H419,01/09/2026,踱步,沙田,內圈,沙田 內圈,,,,,,助手,,快踱一圈,H,內圈 快踱一圈 (助手)
H419,31/08/2026,游水,沙田,,沙田,,,,,,,,游水,,
H419,31/08/2026,踱步,沙田,內圈,沙田 內圈,,,,,,助手,,倒快一圈,H,內圈 倒快一圈 (助手)
H419,30/08/2026,游水,沙田,,沙田,,,,,,,,游水,,
H419,29/08/2026,游水,沙田,,沙田,,,,,,,,游水,,
H419,29/08/2026,快操,沙田,全天候,沙田 全天候,,57.6,57.6,29.8 27.8,,助手,,快操,H,29.8 27.8 (57.6) (助手)
H419,29/08/2026,踱步,沙田,飛機場,沙田 飛機場,,,,,,助手,,踱步,H,飛機場 踱步 (助手)
H419,28/08/2026,游水,沙田,,沙田,,,,,,,,游水,,
H419,28/08/2026,踱步,沙田,內圈,沙田 內圈,,,,,,助手,,快踱一圈,H,內圈 快踱一圈 (助手)
H419,27/08/2026,游水,沙田,,沙田,,,,,,,,游水,,
H419,27/08/2026,踱步,沙田,內圈,沙田 內圈,,,,,,助手,,倒快一圈,H,內圈 倒快一圈 (助手)
H419,26/08/2026,游水,沙田,,沙田,,,,,,,,游水,,
H419,26/08/2026,踱步,沙田,內圈,沙田 內圈,,,,,,助手,,快踱一圈,H,內圈 快踱一圈 (助手)
H419,25/08/2026,游水,沙田,,沙田,,,,,,,,游水,,
H419,25/08/2026,快操,沙田,全天候,沙田 全天候,,57.4,57.4,30.7 26.7,,助手,,快操,H,30.7 26.7 (57.4) (助手)
H419,25/08/2026,踱步,沙田,飛機場,沙田 飛機場,,,,,,助手,,踱步,H,飛機場 踱步 (助手)
H419,24/08/2026,游水,沙田,,沙田,,,,,,,,游水,,
H419,24/08/2026,踱步,沙田,內圈,沙田 內圈,,,,,,助手,,倒快一圈,H,內圈 倒快一圈 (助手)
H419,23/08/2026,游水,沙田,,沙田,,,,,,,,游水,,
H419,23/08/2026,踱步,沙田,內圈,沙田 內圈,,,,,,助手,,快踱一圈,H,內圈 快踱一圈 (助手)
H419,22/08/2026,游水,沙田,,沙田,,,,,,,,游水,,
H419,22/08/2026,踱步,沙田,內圈,沙田 內圈,,,,,,助手,,快踱一圈,H,內圈 快踱一圈 (助手)
H419,21/08/2026,游水,沙田,,沙田,,,,,,,,游水,,
H419,21/08/2026,踱步,沙田,內圈,沙田 內圈,,,,,,助手,,快踱一圈,H,內圈 快踱一圈 (助手)
H419,20/08/2026,游水,沙田,,沙田,,,,,,,,游水,,
H419,20/08/2026,快操,沙田,全天候,沙田 全天候,,32.0,32.0,32.0,,助手,,快操,H,32.0 (32.0) (助手)
H419,20/08/2026,踱步,沙田,飛機場,沙田 飛機場,,,,,,助手,,踱步,H,飛機場 踱步 (助手)
H419,19/08/2026,游水,沙田,,沙田,,,,,,,,游水,,
H419,19/08/2026,踱步,沙田,內圈,沙田 內圈,,,,,,助手,,快踱一圈,H,內圈 快踱一圈 (助手)
H419,18/08/2026,游水,沙田,,沙田,,,,,,,,游水,,
H419,18/08/2026,踱步,沙田,內圈,沙田 內圈,,,,,,助手,,快踱一圈,H,內圈 快踱一圈 (助手)
H419,17/08/2026,游水,沙田,,沙田,,,,,,,,游水,,
H419,17/08/2026,踱步,沙田,內圈,沙田 內圈,,,,,,助手,,倒快兩圈,H,內圈 倒快兩圈 (助手)
H419,16/08/2026,游水,沙田,,沙田,,,,,,,,游水,,
H419,15/08/2026,游水,沙田,,沙田,,,,,,,,游水,,
H419,15/08/2026,快操,沙田,全天候,沙田 全天候,,29.5,29.5,29.5,,助手,,快操,H,29.5 (29.5) (助手)
H419,15/08/2026,踱步,沙田,飛機場,沙田 飛機場,,,,,,助手,,踱步,H,飛機場 踱步 (助手)
H419,14/08/2026,游水,沙田,,沙田,,,,,,,,游水,,
H419,14/08/2026,踱步,沙田,內圈,沙田 內圈,,,,,,助手,,快踱一圈,H,內圈 快踱一圈 (助手)
H419,13/08/2026,游水,沙田,,沙田,,,,,,,,游水,,
H419,13/08/2026,踱步,沙田,內圈,沙田 內圈,,,,,,助手,,倒快一圈,H,內圈 倒快一圈 (助手)
H419,12/08/2026,游水,沙田,,沙田,,,,,,,,游水,,
H419,12/08/2026,踱步,沙田,內圈,沙田 內圈,,,,,,助手,,快踱一圈,H,內圈 快踱一圈 (助手)
H419,11/08/2026,游水,沙田,,沙田,,,,,,,,游水,,
H419,11/08/2026,踱步,沙田,內圈,沙田 內圈,,,,,,助手,,快踱一圈,H,內圈 快踱一圈 (助手)
H419,10/08/2026,游水,沙田,,沙田,,,,,,,,游水,,
H419,10/08/2026,踱步,沙田,內圈,沙田 內圈,,,,,,助手,,倒快兩圈,H,內圈 倒快兩圈 (助手)
H419,09/08/2026,游水,沙田,,沙田,,,,,,,,游水,,
H419,09/08/2026,踱步,沙田,內圈,沙田 內圈,,,,,,助手,,快踱一圈,H,內圈 快踱一圈 (助手)
H419,08/08/2026,游水,沙田,,沙田,,,,,,,,游水,,
H419,08/08/2026,踱步,沙田,內圈,沙田 內圈,,,,,,助手,,快踱一圈,H,內圈 快踱一圈 (助手)
H419,07/08/2026,游水,沙田,,沙田,,,,,,,,游水,,
H419,07/08/2026,踱步,沙田,內圈,沙田 內圈,,,,,,助手,,快踱一圈,H,內圈 快踱一圈 (助手)
H419,06/08/2026,游水,沙田,,沙田,,,,,,,,游水,,
H419,06/08/2026,踱步,沙田,內圈,沙田 內圈,,,,,,助手,,倒快一圈,H,內圈 倒快一圈 (助手)
H419,05/08/2026,踱步,沙田,飛機場,沙田 飛機場,,,,,,助手,,踱步,H,飛機場 踱步 (助手)
H419,04/08/2026,踱步,沙田,飛機場,沙田 飛機場,,,,,,助手,,踱步,H,飛機場 踱步 (助手)
H419,03/08/2026,踱步,沙田,飛機場,沙田 飛機場,,,,,,助手,,踱步,H,飛機場 踱步 (助手)
H419,02/08/2026,踱步,沙田,飛機場,沙田 飛機場,,,,,,助手,,踱步,H,飛機場 踱步 (助手)
H419,01/08/2026,踱步,沙田,飛機場,沙田 飛機場,,,,,,助手,,踱步,H,飛機場 踱步 (助手)
H419,14/07/2026,游水,沙田,,沙田,,,,,,,,游水,,
H419,13/07/2026,游水,沙田,,沙田,,,,,,,,游水,,
H419,12/07/2026,游水,沙田,,沙田,,,,,,,,游水,,
H419,11/07/2026,游水,沙田,,沙田,,,,,,,,游水,,
H419,10/07/2026,游水,沙田,,沙田,,,,,,,,游水,,
H419,09/07/2026,游水,沙田,,沙田,,,,,,,,游水,,
H419,09/07/2026,踱步,沙田,內圈,沙田 內圈,,,,,,助手,,倒快一圈,H,內圈 倒快一圈 (助手)
H419,08/07/2026,游水,沙田,,沙田,,,,,,,,游水,,
H419,08/07/2026,踱步,沙田,內圈,沙田 內圈,,,,,,助手,,快踱一圈,H,內圈 快踱一圈 (助手)
H419,07/07/2026,游水,沙田,,沙田,,,,,,,,游水,,
H419,07/07/2026,快操,沙田,全天候,沙田 全天候,,29.3,29.3,29.3,,助手,,快操,V,29.3 (29.3) (助手)
H419,07/07/2026,踱步,沙田,飛機場,沙田 飛機場,,,,,,助手,,踱步,V,飛機場 踱步 (助手)
H419,06/07/2026,游水,沙田,,沙田,,,,,,,,游水,,
H419,06/07/2026,踱步,沙田,內圈,沙田 內圈,,,,,,助手,,倒快一圈,H,內圈 倒快一圈 (助手)
H419,04/07/2026,游水,沙田,,沙田,,,,,,,,游水,,
H419,04/07/2026,踱步,沙田,內圈,沙田 內圈,,,,,,助手,,快踱一圈,H,內圈 快踱一圈 (助手)
H419,03/07/2026,踱步,沙田,內圈,沙田 內圈,,,,,,助手,,快踱一圈,H,內圈 快踱一圈 (助手)
H419,02/07/2026,游水,沙田,,沙田,,,,,,,,游水,,
H419,02/07/2026,踱步,沙田,內圈,沙田 內圈,,,,,,助手,,倒快一圈,H,內圈 倒快一圈 (助手)
H419,01/07/2026,游水,沙田,,沙田,,,,,,,,游水,,
H419,01/07/2026,踱步,沙田,內圈,沙田 內圈,,,,,,助手,,快踱一圈,H,內圈 快踱一圈 (助手)
H419,30/06/2026,游水,沙田,,沙田,,,,,,,,游水,,
H419,30/06/2026,踱步,沙田,內圈,沙田 內圈,,,,,,助手,,快踱一圈,H,內圈 快踱一圈 (助手)
H419,29/06/2026,游水,沙田,,沙田,,,,,,,,游水,,
H419,29/06/2026,踱步,沙田,內圈,沙田 內圈,,,,,,助手,,倒快一圈,H,內圈 倒快一圈 (助手)
H419,28/06/2026,游水,沙田,,沙田,,,,,,,,游水,,
H419,24/06/2026,出賽,跑馬地,草地,跑馬地 草地,1650M,,,,,布文,5/12,出賽,V,1650M (布文) (5/12)
H419,24/06/2026,踱步,沙田,內圈,沙田 內圈,,,,,,助手,,快踱一圈,H,內圈 快踱一圈 (助手)
H419,23/06/2026,游水,沙田,,沙田,,,,,,,,游水,,
H419,23/06/2026,踱步,沙田,內圈,沙田 內圈,,,,,,助手,,快踱一圈,H,內圈 快踱一圈 (助手)
H419,22/06/2026,游水,沙田,,沙田,,,,,,,,游水,,
H419,22/06/2026,踱步,沙田,內圈,沙田 內圈,,,,,,助手,,倒快一圈,H,內圈 倒快一圈 (助手)
H419,21/06/2026,游水,沙田,,沙田,,,,,,,,游水,,
H419,21/06/2026,快操,沙田,全天候,沙田 全天候,,1.01.1,61.1,33.9 27.2,,助手,,快操,V,33.9 27.2 (1.01.1) (助手)
H419,21/06/2026,踱步,沙田,飛機場,沙田 飛機場,,,,,,助手,,踱步,V,飛機場 踱步 (助手)
H419,20/06/2026,游水,沙田,,沙田,,,,,,,,游水,,
H419,20/06/2026,踱步,沙田,內圈,沙田 內圈,,,,,,助手,,快踱一圈,H,內圈 快踱一圈 (助手)
H419,19/06/2026,游水,沙田,,沙田,,,,,,,,游水,,
H419,19/06/2026,踱步,沙田,內圈,沙田 內圈,,,,,,助手,,快踱一圈,H,內圈 快踱一圈 (助手)
H419,18/06/2026,游水,沙田,,沙田,,,,,,,,游水,,
H419,18/06/2026,踱步,沙田,內圈,沙田 內圈,,,,,,助手,,倒快一圈,H,內圈 倒快一圈 (助手)
H419,17/06/2026,游水,沙田,,沙田,,,,,,,,游水,,
H419,17/06/2026,快操,沙田,全天候,沙田 全天候,,26.2,26.2,26.2,,助手,,快操,H,26.2 (26.2) (助手)
H419,17/06/2026,踱步,沙田,飛機場,沙田 飛機場,,,,,,助手,,踱步,H,飛機場 踱步 (助手)
H419,16/06/2026,游水,沙田,,沙田,,,,,,,,游水,,
H419,16/06/2026,踱步,沙田,內圈,沙田 內圈,,,,,,助手,,快踱一圈,H,內圈 快踱一圈 (助手)
H419,15/06/2026,游水,沙田,,沙田,,,,,,,,游水,,
H419,15/06/2026,踱步,沙田,內圈,沙田 內圈,,,,,,助手,,倒快一圈,H,內圈 倒快一圈 (助手)
H419,14/06/2026,游水,沙田,,沙田,,,,,,,,游水,,
H419,13/06/2026,游水,沙田,,沙田,,,,,,,,游水,,
H419,13/06/2026,踱步,沙田,內圈,沙田 內圈,,,,,,助手,,快踱一圈,H,內圈 快踱一圈 (助手)
H419,12/06/2026,游水,沙田,,沙田,,,,,,,,游水,,
H419,12/06/2026,踱步,沙田,內圈,沙田 內圈,,,,,,助手,,快踱一圈,H,內圈 快踱一圈 (助手)
H419,11/06/2026,踱步,沙田,內圈,沙田 內圈,,,,,,助手,,倒快一圈,H,內圈 倒快一圈 (助手)
H419,10/06/2026,游水,沙田,,沙田,,,,,,,,游水,,
H419,07/06/2026,出賽,沙田,草地,沙田 草地,1400M,,,,,何澤堯,7/14,出賽,V,1400M (何澤堯) (7/14)
H419,07/06/2026,踱步,沙田,內圈,沙田 內圈,,,,,,助手,,快踱一圈,H,內圈 快踱一圈 (助手)
H419,06/06/2026,游水,沙田,,沙田,,,,,,,,游水,,
H419,06/06/2026,踱步,沙田,內圈,沙田 內圈,,,,,,助手,,快踱一圈,H,內圈 快踱一圈 (助手)
H419,05/06/2026,游水,沙田,,沙田,,,,,,,,游水,,
H419,05/06/2026,踱步,沙田,內圈,沙田 內圈,,,,,,助手,,快踱一圈,H,內圈 快踱一圈 (助手)
H419,04/06/2026,游水,沙田,,沙田,,,,,,,,游水,,
H419,04/06/2026,快操,沙田,全天候,沙田 全天候,,57.2,57.2,30.7 26.5,,助手,,快操,V,30.7 26.5 (57.2) (助手)
H419,04/06/2026,踱步,沙田,飛機場,沙田 飛機場,,,,,,助手,,踱步,V,飛機場 踱步 (助手)
H419,03/06/2026,游水,沙田,,沙田,,,,,,,,游水,,
H419,03/06/2026,踱步,沙田,內圈,沙田 內圈,,,,,,助手,,快踱一圈,H,內圈 快踱一圈 (助手)
H419,02/06/2026,游水,沙田,,沙田,,,,,,,,游水,,
H419,02/06/2026,踱步,沙田,內圈,沙田 內圈,,,,,,助手,,快踱一圈,H,內圈 快踱一圈 (助手)
H419,01/06/2026,游水,沙田,,沙田,,,,,,,,游水,,
H419,01/06/2026,踱步,沙田,內圈,沙田 內圈,,,,,,助手,,倒快一圈,H,內圈 倒快一圈 (助手)
H419,31/05/2026,游水,沙田,,沙田,,,,,,,,游水,,
H419,31/05/2026,快操,沙田,全天候,沙田 全天候,,58.0,58.0,30.5 27.5,,助手,,快操,V,30.5 27.5 (58.0) (助手)
H419,31/05/2026,踱步,沙田,飛機場,沙田 飛機場,,,,,,助手,,踱步,V,飛機場 踱步 (助手)
H419,30/05/2026,游水,沙田,,沙田,,,,,,,,游水,,
H419,30/05/2026,踱步,沙田,內圈,沙田 內圈,,,,,,助手,,快踱一圈,H,內圈 快踱一圈 (助手)
H419,29/05/2026,游水,沙田,,沙田,,,,,,,,游水,,
H419,29/05/2026,踱步,沙田,內圈,沙田 內圈,,,,,,助手,,快踱一圈,H,內圈 快踱一圈 (助手)
H419,28/05/2026,游水,沙田,,沙田,,,,,,,,游水,,
H419,28/05/2026,踱步,沙田,內圈,沙田 內圈,,,,,,助手,,倒快一圈,H,內圈 倒快一圈 (助手)
H419,27/05/2026,游水,沙田,,沙田,,,,,,,,游水,,
H419,27/05/2026,快操,沙田,全天候,沙田 全天候,,58.6,58.6,31.9 26.7,,助手,,快操,V,31.9 26.7 (58.6) (助手)
H419,27/05/2026,踱步,沙田,飛機場,沙田 飛機場,,,,,,助手,,踱步,V,飛機場 踱步 (助手)
H419,26/05/2026,游水,沙田,,沙田,,,,,,,,游水,,
H419,26/05/2026,踱步,沙田,內圈,沙田 內圈,,,,,,助手,,快踱一圈,H,內圈 快踱一圈 (助手)
H419,25/05/2026,游水,沙田,,沙田,,,,,,,,游水,,
H419,25/05/2026,踱步,沙田,內圈,沙田 內圈,,,,,,助手,,倒快一圈,H,內圈 倒快一圈 (助手)
H419,24/05/2026,游水,沙田,,沙田,,,,,,,,游水,,
H419,23/05/2026,游水,沙田,,沙田,,,,,,,,游水,,
H419,23/05/2026,快操,沙田,全天候,沙田 全天候,,29.1,29.1,29.1,,助手,,快操,H,29.1 (29.1) (助手)
H419,23/05/2026,踱步,沙田,飛機場,沙田 飛機場,,,,,,助手,,踱步,H,飛機場 踱步 (助手)
H419,22/05/2026,游水,沙田,,沙田,,,,,,,,游水,,
H419,22/05/2026,踱步,沙田,內圈,沙田 內圈,,,,,,助手,,快踱一圈,H,內圈 快踱一圈 (助手)
H419,21/05/2026,游水,沙田,,沙田,,,,,,,,游水,,
H419,21/05/2026,踱步,沙田,內圈,沙田 內圈,,,,,,助手,,倒快一圈,H,內圈 倒快一圈 (助手)
H419,20/05/2026,游水,沙田,,沙田,,,,,,,,游水,,
H419,20/05/2026,踱步,沙田,內圈,沙田 內圈,,,,,,助手,,快踱一圈,H,內圈 快踱一圈 (助手)
H419,19/05/2026,游水,沙田,,沙田,,,,,,,,游水,,
H419,19/05/2026,踱步,沙田,內圈,沙田 內圈,,,,,,助手,,快踱一圈,H,內圈 快踱一圈 (助手)
H419,18/05/2026,游水,沙田,,沙田,,,,,,,,游水,,
H419,18/05/2026,踱步,沙田,內圈,沙田 內圈,,,,,,助手,,倒快一圈,H,內圈 倒快一圈 (助手)
H419,17/05/2026,踱步,沙田,飛機場,沙田 飛機場,,,,,,助手,,踱步,H,飛機場 踱步 (助手)
H419,16/05/2026,游水,沙田,,沙田,,,,,,,,游水,,
H419,15/05/2026,游水,沙田,,沙田,,,,,,,,游水,,
H419,13/05/2026,出賽,跑馬地,草地,跑馬地 草地,1650M,,,,,梁家俊,12/12,出賽,V,1650M (梁家俊) (12/12)
H419,13/05/2026,踱步,沙田,內圈,沙田 內圈,,,,,,助手,,快踱一圈,H,內圈 快踱一圈 (助手)
H419,12/05/2026,游水,沙田,,沙田,,,,,,,,游水,,
H419,12/05/2026,踱步,沙田,內圈,沙田 內圈,,,,,,助手,,快踱一圈,H,內圈 快踱一圈 (助手)
H419,11/05/2026,游水,沙田,,沙田,,,,,,,,游水,,
H419,11/05/2026,踱步,沙田,內圈,沙田 內圈,,,,,,助手,,倒快一圈,H,內圈 倒快一圈 (助手)
H419,10/05/2026,游水,沙田,,沙田,,,,,,,,游水,,
H419,10/05/2026,快操,沙田,全天候,沙田 全天候,,57.5,57.5,30.7 26.8,,助手,,快操,V,30.7 26.8 (57.5) (助手)
H419,10/05/2026,踱步,沙田,飛機場,沙田 飛機場,,,,,,助手,,踱步,V,飛機場 踱步 (助手)
H419,09/05/2026,游水,沙田,,沙田,,,,,,,,游水,,
H419,09/05/2026,踱步,沙田,內圈,沙田 內圈,,,,,,助手,,快踱一圈,H,內圈 快踱一圈 (助手)
H419,08/05/2026,游水,沙田,,沙田,,,,,,,,游水,,
H419,08/05/2026,踱步,沙田,內圈,沙田 內圈,,,,,,助手,,快踱一圈,H,內圈 快踱一圈 (助手)
H419,07/05/2026,游水,沙田,,沙田,,,,,,,,游水,,
H419,07/05/2026,踱步,沙田,內圈,沙田 內圈,,,,,,助手,,倒快一圈,H,內圈 倒快一圈 (助手)
H419,06/05/2026,游水,沙田,,沙田,,,,,,,,游水,,
H419,06/05/2026,踱步,沙田,內圈,沙田 內圈,,,,,,助手,,快踱一圈,H,內圈 快踱一圈 (助手)
H419,05/05/2026,游水,沙田,,沙田,,,,,,,,游水,,
H419,05/05/2026,踱步,沙田,內圈,沙田 內圈,,,,,,助手,,快踱一圈,H,內圈 快踱一圈 (助手)
H419,04/05/2026,游水,沙田,,沙田,,,,,,,,游水,,
H419,04/05/2026,踱步,沙田,內圈,沙田 內圈,,,,,,助手,,倒快一圈,H,內圈 倒快一圈 (助手)
H419,03/05/2026,游水,沙田,,沙田,,,,,,,,游水,,
H419,03/05/2026,快操,沙田,全天候,沙田 全天候,,27.6,27.6,27.6,,助手,,快操,H,27.6 (27.6) (助手)
H419,03/05/2026,踱步,沙田,飛機場,沙田 飛機場,,,,,,助手,,踱步,H,飛機場 踱步 (助手)
H419,02/05/2026,游水,沙田,,沙田,,,,,,,,游水,,
H419,02/05/2026,踱步,沙田,內圈,沙田 內圈,,,,,,助手,,快踱一圈,H,內圈 快踱一圈 (助手)
H419,01/05/2026,游水,沙田,,沙田,,,,,,,,游水,,
H419,01/05/2026,踱步,沙田,內圈,沙田 內圈,,,,,,助手,,快踱一圈,H,內圈 快踱一圈 (助手)
H419,30/04/2026,游水,沙田,,沙田,,,,,,,,游水,,
H419,30/04/2026,踱步,沙田,內圈,沙田 內圈,,,,,,助手,,倒快一圈,H,內圈 倒快一圈 (助手)
H419,29/04/2026,游水,沙田,,沙田,,,,,,,,游水,,
H419,29/04/2026,快操,沙田,全天候,沙田 全天候,,28.6,28.6,28.6,,助手,,快操,H,28.6 (28.6) (助手)
H419,29/04/2026,踱步,沙田,飛機場,沙田 飛機場,,,,,,助手,,踱步,H,飛機場 踱步 (助手)
H419,28/04/2026,游水,沙田,,沙田,,,,,,,,游水,,
H419,28/04/2026,踱步,沙田,內圈,沙田 內圈,,,,,,助手,,快踱一圈,H,內圈 快踱一圈 (助手)
H419,27/04/2026,游水,沙田,,沙田,,,,,,,,游水,,
H419,27/04/2026,踱步,沙田,內圈,沙田 內圈,,,,,,助手,,倒快一圈,H,內圈 倒快一圈 (助手)
H419,26/04/2026,游水,沙田,,沙田,,,,,,,,游水,,
H419,25/04/2026,游水,沙田,,沙田,,,,,,,,游水,,
H419,25/04/2026,踱步,沙田,內圈,沙田 內圈,,,,,,助手,,快踱一圈,H,內圈 快踱一圈 (助手)
H419,24/04/2026,游水,沙田,,沙田,,,,,,,,游水,,
H419,24/04/2026,踱步,沙田,內圈,沙田 內圈,,,,,,助手,,快踱一圈,H,內圈 快踱一圈 (助手)
H419,21/04/2026,游水,沙田,,沙田,,,,,,,,游水,,
H419,21/04/2026,踱步,沙田,內圈,沙田 內圈,,,,,,助手,,快踱一圈,H,內圈 快踱一圈 (助手)
H419,20/04/2026,游水,沙田,,沙田,,,,,,,,游水,,
H419,20/04/2026,踱步,沙田,內圈,沙田 內圈,,,,,,助手,,倒快一圈,H,內圈 倒快一圈 (助手)
H419,19/04/2026,游水,沙田,,沙田,,,,,,,,游水,,
H419,18/04/2026,游水,沙田,,沙田,,,,,,,,游水,,
H419,18/04/2026,踱步,沙田,飛機場,沙田 飛機場,,,,,,助手,,踱步,H,飛機場 踱步 (助手)
H419,17/04/2026,游水,沙田,,沙田,,,,,,,,游水,,
H419,17/04/2026,踱步,沙田,飛機場,沙田 飛機場,,,,,,助手,,踱步,H,飛機場 踱步 (助手)
H419,16/04/2026,游水,沙田,,沙田,,,,,,,,游水,,
H419,15/04/2026,游水,沙田,,沙田,,,,,,,,游水,,
H419,14/04/2026,游水,沙田,,沙田,,,,,,,,游水,,
H419,12/04/2026,出賽,沙田,草地,沙田 草地,1600M,,,,,梁家俊,2/14,出賽,V/TT-,1600M (梁家俊) (2/14)
H419,12/04/2026,踱步,沙田,內圈,沙田 內圈,,,,,,助手,,快踱一圈,H,內圈 快踱一圈 (助手)
H419,11/04/2026,游水,沙田,,沙田,,,,,,,,游水,,
H419,11/04/2026,踱步,沙田,內圈,沙田 內圈,,,,,,助手,,快踱一圈,H,內圈 快踱一圈 (助手)
H419,10/04/2026,游水,沙田,,沙田,,,,,,,,游水,,
H419,10/04/2026,踱步,沙田,內圈,沙田 內圈,,,,,,助手,,快踱一圈,H,內圈 快踱一圈 (助手)
H419,08/04/2026,游水,從化,,從化,,,,,,,,游水,,
H419,08/04/2026,快操,從化,全天候,從化 全天候,,56.1,56.1,29.7 26.4,,助手,,快操,V,29.7 26.4 (56.1) (助手)
H419,08/04/2026,踱步,從化,飛機場,從化 飛機場,,,,,,助手,,踱步,V,飛機場 踱步 (助手)
H419,07/04/2026,游水,從化,,從化,,,,,,,,游水,,
H419,07/04/2026,踱步,從化,內圈,從化 內圈,,,,,,助手,,快踱一圈,H,內圈 快踱一圈 (助手)
H419,06/04/2026,游水,從化,,從化,,,,,,,,游水,,
H419,06/04/2026,踱步,從化,內圈,從化 內圈,,,,,,助手,,倒快一圈,H,內圈 倒快一圈 (助手)
H419,05/04/2026,游水,從化,,從化,,,,,,,,游水,,
H419,04/04/2026,游水,從化,,從化,,,,,,,,游水,,
H419,04/04/2026,踱步,從化,內圈,從化 內圈,,,,,,助手,,快踱一圈,H,內圈 快踱一圈 (助手)
H419,03/04/2026,游水,從化,,從化,,,,,,,,游水,,
H419,03/04/2026,踱步,從化,內圈,從化 內圈,,,,,,助手,,快踱一圈,H,內圈 快踱一圈 (助手)
H419,02/04/2026,游水,從化,,從化,,,,,,,,游水,,
H419,02/04/2026,踱步,從化,內圈,從化 內圈,,,,,,助手,,倒快一圈,H,內圈 倒快一圈 (助手)
H419,01/04/2026,游水,從化,,從化,,,,,,,,游水,,
H419,01/04/2026,踱步,從化,內圈,從化 內圈,,,,,,助手,,快踱一圈,H,內圈 快踱一圈 (助手)
H419,31/03/2026,游水,從化,,從化,,,,,,,,游水,,
H419,31/03/2026,踱步,從化,內圈,從化 內圈,,,,,,助手,,快踱一圈,H,內圈 快踱一圈 (助手)
H419,30/03/2026,游水,從化,,從化,,,,,,,,游水,,
H419,30/03/2026,踱步,從化,內圈,從化 內圈,,,,,,助手,,倒快一圈,H,內圈 倒快一圈 (助手)
H419,29/03/2026,游水,從化,,從化,,,,,,,,游水,,
H419,28/03/2026,游水,從化,,從化,,,,,,,,游水,,
H419,27/03/2026,試閘,從化,草地,從化 草地,1200M,1.12.22,72.22,25.7 23.3 23.2,魅力知福,潘明輝,,第6組,V,第6組 (潘明輝) 1200M 魅力知福 25.7 23.3 23.2 (1.12.22)
H419,27/03/2026,踱步,從化,飛機場,從化 飛機場,,,,,,助手,,踱步,V,飛機場 踱步 (助手)
H419,26/03/2026,游水,從化,,從化,,,,,,,,游水,,
H419,26/03/2026,踱步,從化,內圈,從化 內圈,,,,,,助手,,倒快一圈,H,內圈 倒快一圈 (助手)
H419,25/03/2026,游水,從化,,從化,,,,,,,,游水,,
H419,25/03/2026,踱步,從化,內圈,從化 內圈,,,,,,助手,,快踱一圈,H,內圈 快踱一圈 (助手)
H419,24/03/2026,游水,從化,,從化,,,,,,,,游水,,
H419,24/03/2026,快操,從化,全天候,從化 全天候,,28.7,28.7,28.7,,助手,,快操,H,28.7 (28.7) (助手)
H419,24/03/2026,踱步,從化,飛機場,從化 飛機場,,,,,,助手,,踱步,H,飛機場 踱步 (助手)
H419,23/03/2026,游水,從化,,從化,,,,,,,,游水,,
H419,23/03/2026,踱步,從化,內圈,從化 內圈,,,,,,助手,,倒快一圈,H,內圈 倒快一圈 (助手)
H419,22/03/2026,游水,從化,,從化,,,,,,,,游水,,
H419,21/03/2026,游水,從化,,從化,,,,,,,,游水,,
H419,21/03/2026,踱步,從化,飛機場,從化 飛機場,,,,,,助手,,踱步,H,飛機場 踱步 (助手)
H419,20/03/2026,游水,從化,,從化,,,,,,,,游水,,
H419,20/03/2026,快操,從化,全天候,從化 全天候,,29.2,29.2,29.2,,助手,,快操,H,29.2 (29.2) (助手)
H419,20/03/2026,踱步,從化,飛機場,從化 飛機場,,,,,,助手,,踱步,H,飛機場 踱步 (助手)
H419,19/03/2026,游水,從化,,從化,,,,,,,,游水,,
H419,19/03/2026,踱步,從化,內圈,從化 內圈,,,,,,助手,,倒快一圈,H,內圈 倒快一圈 (助手)
H419,18/03/2026,游水,從化,,從化,,,,,,,,游水,,
H419,18/03/2026,踱步,從化,內圈,從化 內圈,,,,,,助手,,快踱一圈,H,內圈 快踱一圈 (助手)
H419,17/03/2026,游水,從化,,從化,,,,,,,,游水,,
H419,17/03/2026,踱步,從化,內圈,從化 內圈,,,,,,助手,,快踱一圈,H,內圈 快踱一圈 (助手)
H419,16/03/2026,游水,從化,,從化,,,,,,,,游水,,
H419,16/03/2026,踱步,從化,內圈,從化 內圈,,,,,,助手,,倒快一圈,H,內圈 倒快一圈 (助手)
H419,15/03/2026,踱步,從化,飛機場,從化 飛機場,,,,,,助手,,踱步,H,飛機場 踱步 (助手)
H419,14/03/2026,踱步,從化,飛機場,從化 飛機場,,,,,,助手,,踱步,H,飛機場 踱步 (助手)
H419,13/03/2026,游水,從化,,從化,,,,,,,,游水,,
H419,13/03/2026,踱步,從化,飛機場,從化 飛機場,,,,,,助手,,踱步,H,飛機場 踱步 (助手)
H419,12/03/2026,游水,從化,,從化,,,,,,,,游水,,
H419,08/03/2026,出賽,沙田,草地,沙田 草地,1400M,,,,,巴度,9/14,出賽,V/TT1,1400M (巴度) (9/14)
H419,08/03/2026,踱步,沙田,內圈,沙田 內圈,,,,,,助手,,快踱一圈,H,內圈 快踱一圈 (助手)
H419,07/03/2026,游水,沙田,,沙田,,,,,,,,游水,,
H419,07/03/2026,踱步,沙田,內圈,沙田 內圈,,,,,,助手,,快踱一圈,H,內圈 快踱一圈 (助手)
H419,06/03/2026,游水,沙田,,沙田,,,,,,,,游水,,
H419,06/03/2026,踱步,沙田,內圈,沙田 內圈,,,,,,助手,,快踱一圈,H,內圈 快踱一圈 (助手)
H419,05/03/2026,游水,沙田,,沙田,,,,,,,,游水,,
H419,05/03/2026,踱步,沙田,內圈,沙田 內圈,,,,,,助手,,倒快一圈,H,內圈 倒快一圈 (助手)
H419,04/03/2026,游水,沙田,,沙田,,,,,,,,游水,,
H419,04/03/2026,快操,沙田,全天候,沙田 全天候,,56.7,56.7,29.0 27.7,,巴度,,快操,V,29.0 27.7 (56.7) (巴度)
H419,04/03/2026,踱步,沙田,飛機場,沙田 飛機場,,,,,,助手,,踱步,V,飛機場 踱步 (助手)
H419,02/03/2026,游水,從化,,從化,,,,,,,,游水,,
H419,02/03/2026,踱步,從化,內圈,從化 內圈,,,,,,助手,,倒快一圈,H,內圈 倒快一圈 (助手)
H419,01/03/2026,游水,從化,,從化,,,,,,,,游水,,
H419,01/03/2026,踱步,從化,內圈,從化 內圈,,,,,,助手,,快踱一圈,H,內圈 快踱一圈 (助手)
H419,28/02/2026,游水,從化,,從化,,,,,,,,游水,,
H419,28/02/2026,踱步,從化,內圈,從化 內圈,,,,,,助手,,快踱一圈,H,內圈 快踱一圈 (助手)
H419,27/02/2026,游水,從化,,從化,,,,,,,,游水,,
H419,27/02/2026,踱步,從化,內圈,從化 內圈,,,,,,助手,,快踱一圈,H,內圈 快踱一圈 (助手)
H419,26/02/2026,游水,從化,,從化,,,,,,,,游水,,
H419,26/02/2026,快操,從化,全天候,從化 全天候,,56.9,56.9,29.9 27.0,,助手,,快操,,29.9 27.0 (56.9) (助手)
H419,26/02/2026,踱步,從化,飛機場,從化 飛機場,,,,,,助手,,踱步,,飛機場 踱步 (助手)
H419,25/02/2026,游水,從化,,從化,,,,,,,,游水,,
H419,25/02/2026,踱步,從化,內圈,從化 內圈,,,,,,助手,,快踱一圈,H,內圈 快踱一圈 (助手)
H419,24/02/2026,游水,從化,,從化,,,,,,,,游水,,
H419,24/02/2026,踱步,從化,內圈,從化 內圈,,,,,,助手,,快踱一圈,H,內圈 快踱一圈 (助手)
H419,23/02/2026,游水,從化,,從化,,,,,,,,游水,,
H419,23/02/2026,踱步,從化,內圈,從化 內圈,,,,,,助手,,倒快一圈,H,內圈 倒快一圈 (助手)
H419,22/02/2026,游水,從化,,從化,,,,,,,,游水,,
H419,21/02/2026,游水,從化,,從化,,,,,,,,游水,,
H419,21/02/2026,快操,從化,全天候,從化 全天候,,56.5,56.5,30.1 26.4,,助手,,快操,,30.1 26.4 (56.5) (助手)
H419,21/02/2026,踱步,從化,飛機場,從化 飛機場,,,,,,助手,,踱步,,飛機場 踱步 (助手)
H419,20/02/2026,游水,從化,,從化,,,,,,,,游水,,
H419,20/02/2026,踱步,從化,內圈,從化 內圈,,,,,,助手,,快踱一圈,H,內圈 快踱一圈 (助手)
H419,19/02/2026,游水,從化,,從化,,,,,,,,游水,,
H419,19/02/2026,踱步,從化,內圈,從化 內圈,,,,,,助手,,倒快一圈,H,內圈 倒快一圈 (助手)
H419,18/02/2026,游水,從化,,從化,,,,,,,,游水,,
H419,18/02/2026,踱步,從化,內圈,從化 內圈,,,,,,助手,,快踱一圈,H,內圈 快踱一圈 (助手)
H419,16/02/2026,游水,從化,,從化,,,,,,,,游水,,
H419,16/02/2026,快操,從化,全天候,從化 全天候,,58.3,58.3,31.3 27.0,,助手,,快操,,31.3 27.0 (58.3) (助手)
H419,16/02/2026,踱步,從化,飛機場,從化 飛機場,,,,,,助手,,踱步,,飛機場 踱步 (助手)
H419,15/02/2026,游水,從化,,從化,,,,,,,,游水,,
H419,15/02/2026,踱步,從化,內圈,從化 內圈,,,,,,助手,,快踱一圈,H,內圈 快踱一圈 (助手)
H419,14/02/2026,游水,從化,,從化,,,,,,,,游水,,
H419,14/02/2026,踱步,從化,飛機場,從化 飛機場,,,,,,助手,,踱步,H,飛機場 踱步 (助手)
H419,13/02/2026,游水,從化,,從化,,,,,,,,游水,,
H419,13/02/2026,踱步,從化,內圈,從化 內圈,,,,,,助手,,快踱一圈,H,內圈 快踱一圈 (助手)
H419,12/02/2026,游水,從化,,從化,,,,,,,,游水,,
H419,12/02/2026,踱步,從化,內圈,從化 內圈,,,,,,助手,,倒快一圈,H,內圈 倒快一圈 (助手)
H419,11/02/2026,游水,從化,,從化,,,,,,,,游水,,
H419,11/02/2026,踱步,從化,內圈,從化 內圈,,,,,,助手,,快踱一圈,H,內圈 快踱一圈 (助手)
H419,10/02/2026,游水,從化,,從化,,,,,,,,游水,,
H419,10/02/2026,踱步,從化,內圈,從化 內圈,,,,,,助手,,快踱一圈,H,內圈 快踱一圈 (助手)
H419,09/02/2026,游水,從化,,從化,,,,,,,,游水,,
H419,09/02/2026,踱步,從化,內圈,從化 內圈,,,,,,助手,,倒快一圈,H,內圈 倒快一圈 (助手)
H419,08/02/2026,游水,從化,,從化,,,,,,,,游水,,
H419,07/02/2026,游水,從化,,從化,,,,,,,,游水,,
H419,06/02/2026,試閘,從化,草地,從化 草地,1200M,1.11.76,71.76,25.9 22.9 22.9,吉星騎士,周俊樂,,第9組,,第9組 (周俊樂) 1200M 吉星騎士 25.9 22.9 22.9 (1.11.76)
H419,06/02/2026,踱步,從化,飛機場,從化 飛機場,,,,,,助手,,踱步,,飛機場 踱步 (助手)
H419,05/02/2026,游水,從化,,從化,,,,,,,,游水,,
H419,05/02/2026,踱步,從化,內圈,從化 內圈,,,,,,助手,,倒快一圈,H,內圈 倒快一圈 (助手)
H419,04/02/2026,游水,從化,,從化,,,,,,,,游水,,
H419,04/02/2026,踱步,從化,內圈,從化 內圈,,,,,,助手,,快踱一圈,H,內圈 快踱一圈 (助手)
H419,03/02/2026,游水,從化,,從化,,,,,,,,游水,,
H419,03/02/2026,快操,從化,全天候,從化 全天候,,56.2,56.2,29.4 26.8,,助手,,快操,,29.4 26.8 (56.2) (助手)
H419,03/02/2026,踱步,從化,飛機場,從化 飛機場,,,,,,助手,,踱步,,飛機場 踱步 (助手)
H419,02/02/2026,游水,從化,,從化,,,,,,,,游水,,
H419,02/02/2026,踱步,從化,內圈,從化 內圈,,,,,,助手,,倒快一圈,H,內圈 倒快一圈 (助手)
H419,01/02/2026,游水,從化,,從化,,,,,,,,游水,,
H419,31/01/2026,游水,從化,,從化,,,,,,,,游水,,
H419,31/01/2026,踱步,從化,內圈,從化 內圈,,,,,,助手,,快踱一圈,H,內圈 快踱一圈 (助手)
H419,30/01/2026,游水,從化,,從化,,,,,,,,游水,,
H419,30/01/2026,踱步,從化,內圈,從化 內圈,,,,,,助手,,快踱一圈,H,內圈 快踱一圈 (助手)
H419,29/01/2026,游水,從化,,從化,,,,,,,,游水,,
H419,29/01/2026,踱步,從化,內圈,從化 內圈,,,,,,助手,,倒快一圈,H,內圈 倒快一圈 (助手)
H419,28/01/2026,游水,從化,,從化,,,,,,,,游水,,
H419,28/01/2026,快操,從化,全天候,從化 全天候,,56.3,56.3,30.4 25.9,,助手,,快操,H,30.4 25.9 (56.3) (助手)
H419,28/01/2026,踱步,從化,飛機場,從化 飛機場,,,,,,助手,,踱步,H,飛機場 踱步 (助手)
H419,27/01/2026,游水,從化,,從化,,,,,,,,游水,,
H419,27/01/2026,踱步,從化,內圈,從化 內圈,,,,,,助手,,快踱一圈,H,內圈 快踱一圈 (助手)
H419,26/01/2026,游水,從化,,從化,,,,,,,,游水,,
H419,26/01/2026,踱步,從化,內圈,從化 內圈,,,,,,助手,,倒快一圈,H,內圈 倒快一圈 (助手)
H419,25/01/2026,游水,從化,,從化,,,,,,,,游水,,
H419,24/01/2026,游水,從化,,從化,,,,,,,,游水,,
H419,24/01/2026,快操,從化,全天候,從化 全天候,,29.3,29.3,29.3,,助手,,快操,H,29.3 (29.3) (助手)
H419,24/01/2026,踱步,從化,飛機場,從化 飛機場,,,,,,助手,,踱步,H,飛機場 踱步 (助手)
H419,23/01/2026,踱步,從化,內圈,從化 內圈,,,,,,助手,,快踱一圈,H,內圈 快踱一圈 (助手)
H419,22/01/2026,踱步,從化,內圈,從化 內圈,,,,,,助手,,倒快兩圈,H,內圈 倒快兩圈 (助手)
H419,21/01/2026,游水,從化,,從化,,,,,,,,游水,,
H419,21/01/2026,踱步,從化,內圈,從化 內圈,,,,,,助手,,快踱一圈,H,內圈 快踱一圈 (助手)
H419,20/01/2026,游水,從化,,從化,,,,,,,,游水,,
H419,20/01/2026,踱步,從化,內圈,從化 內圈,,,,,,助手,,快踱一圈,H,內圈 快踱一圈 (助手)
H419,19/01/2026,游水,從化,,從化,,,,,,,,游水,,
H419,19/01/2026,踱步,從化,內圈,從化 內圈,,,,,,助手,,倒快一圈,H,內圈 倒快一圈 (助手)
H419,18/01/2026,游水,從化,,從化,,,,,,,,游水,,
H419,18/01/2026,踱步,從化,飛機場,從化 飛機場,,,,,,助手,,踱步,,飛機場 踱步 (助手)
H419,17/01/2026,游水,從化,,從化,,,,,,,,游水,,
H419,17/01/2026,踱步,從化,飛機場,從化 飛機場,,,,,,助手,,踱步,H,飛機場 踱步 (助手)
H419,11/01/2026,游水,從化,,從化,,,,,,,,游水,,
H419,09/01/2026,踱步,從化,飛機場,從化 飛機場,,,,,,助手,,踱步,H,飛機場 踱步 (助手)
H419,06/01/2026,馬匹跑步機,沙田,,沙田,,,,,,上斜,,馬匹跑步機 - 慢跑,,馬匹跑步機 - 慢跑 （上斜）
H419,06/01/2026,游水,沙田,,沙田,,,,,,,,游水,,
H419,05/01/2026,馬匹跑步機,沙田,,沙田,,,,,,上斜,,馬匹跑步機 - 慢跑,,馬匹跑步機 - 慢跑 （上斜）
H419,05/01/2026,游水,沙田,,沙田,,,,,,,,游水,,
H419,04/01/2026,游水,沙田,,沙田,,,,,,,,游水,,
H419,03/01/2026,游水,沙田,,沙田,,,,,,,,游水,,
H419,02/01/2026,游水,沙田,,沙田,,,,,,,,游水,,
H419,01/01/2026,出賽,沙田,草地,沙田 草地,1600M,,,,,潘頓,4/14,出賽,V,1600M (潘頓) (4/14)
H419,01/01/2026,踱步,沙田,彭福公園,沙田 彭福公園,,,,,,助手,,踱步,H,彭福公園 踱步 (助手)
H419,31/12/2025,馬匹跑步機,沙田,,沙田,,,,,,上斜,,馬匹跑步機 - 慢跑,,馬匹跑步機 - 慢跑 （上斜）
H419,31/12/2025,游水,沙田,,沙田,,,,,,,,游水,,
H419,30/12/2025,游水,沙田,,沙田,,,,,,,,游水,,
H419,30/12/2025,踱步,沙田,外圈,沙田 外圈,,,,,,助手,,快踱一圈,H,外圈 快踱一圈 (助手)
H419,29/12/2025,馬匹跑步機,沙田,,沙田,,,,,,上斜,,馬匹跑步機 - 慢跑,,馬匹跑步機 - 慢跑 （上斜）
H419,29/12/2025,游水,沙田,,沙田,,,,,,,,游水,,
H419,28/12/2025,馬匹跑步機,沙田,,沙田,,,,,,上斜,,馬匹跑步機 - 慢跑,,馬匹跑步機 - 慢跑 （上斜）
H419,28/12/2025,游水,沙田,,沙田,,,,,,,,游水,,
H419,27/12/2025,游水,沙田,,沙田,,,,,,,,游水,,
H419,27/12/2025,踱步,沙田,彭福公園,沙田 彭福公園,,,,,,助手,,踱步,H,彭福公園 踱步 (助手)
H419,26/12/2025,游水,沙田,,沙田,,,,,,,,游水,,
H419,26/12/2025,快操,沙田,全天候,沙田 全天候,,51.5,51.5,27.9 23.6,,助手,,頌星,,27.9 23.6 (51.5) (助手) 頌星
H419,26/12/2025,踱步,沙田,飛機場,沙田 飛機場,,,,,,助手,,踱步,,飛機場 踱步 (助手)
H419,25/12/2025,馬匹跑步機,沙田,,沙田,,,,,,上斜,,馬匹跑步機 - 慢跑,,馬匹跑步機 - 慢跑 （上斜）
H419,25/12/2025,游水,沙田,,沙田,,,,,,,,游水,,
H419,24/12/2025,馬匹跑步機,沙田,,沙田,,,,,,上斜,,馬匹跑步機 - 慢跑,,馬匹跑步機 - 慢跑 （上斜）
H419,24/12/2025,游水,沙田,,沙田,,,,,,,,游水,,
H419,23/12/2025,馬匹跑步機,沙田,,沙田,,,,,,上斜,,馬匹跑步機 - 慢跑,,馬匹跑步機 - 慢跑 （上斜）
H419,23/12/2025,游水,沙田,,沙田,,,,,,,,游水,,
H419,22/12/2025,快操,沙田,全天候,沙田 全天候,,1.26.9,86.9,32.5 28.8 25.6,,助手,,快操,,32.5 28.8 25.6 (1.26.9) (助手)
H419,22/12/2025,踱步,沙田,飛機場,沙田 飛機場,,,,,,助手,,踱步,,飛機場 踱步 (助手)
H419,21/12/2025,馬匹跑步機,沙田,,沙田,,,,,,上斜,,馬匹跑步機 - 慢跑,,馬匹跑步機 - 慢跑 （上斜）
H419,21/12/2025,游水,沙田,,沙田,,,,,,,,游水,,
H419,20/12/2025,游水,沙田,,沙田,,,,,,,,游水,,
H419,20/12/2025,踱步,沙田,彭福公園,沙田 彭福公園,,,,,,助手,,踱步,H,彭福公園 踱步 (助手)
H419,19/12/2025,馬匹跑步機,沙田,,沙田,,,,,,上斜,,馬匹跑步機 - 慢跑,,馬匹跑步機 - 慢跑 （上斜）
H419,19/12/2025,游水,沙田,,沙田,,,,,,,,游水,,
H419,18/12/2025,馬匹跑步機,沙田,,沙田,,,,,,上斜,,馬匹跑步機 - 慢跑,,馬匹跑步機 - 慢跑 （上斜）
H419,18/12/2025,游水,沙田,,沙田,,,,,,,,游水,,
H419,17/12/2025,馬匹跑步機,沙田,,沙田,,,,,,上斜,,馬匹跑步機 - 慢跑,,馬匹跑步機 - 慢跑 （上斜）
H419,17/12/2025,游水,沙田,,沙田,,,,,,,,游水,,
H419,16/12/2025,馬匹跑步機,沙田,,沙田,,,,,,上斜,,馬匹跑步機 - 慢跑,,馬匹跑步機 - 慢跑 （上斜）
H419,16/12/2025,游水,沙田,,沙田,,,,,,,,游水,,
H419,15/12/2025,馬匹跑步機,沙田,,沙田,,,,,,上斜,,馬匹跑步機 - 踱步,,馬匹跑步機 - 踱步 （上斜）
H419,15/12/2025,游水,沙田,,沙田,,,,,,,,游水,,
H419,14/12/2025,游水,沙田,,沙田,,,,,,,,游水,,
H419,12/12/2025,游水,沙田,,沙田,,,,,,,,游水,,
H419,11/12/2025,游水,沙田,,沙田,,,,,,,,游水,,
H419,10/12/2025,馬匹跑步機,沙田,,沙田,,,,,,上斜,,馬匹跑步機 - 踱步,,馬匹跑步機 - 踱步 （上斜）
H419,10/12/2025,出賽,跑馬地,草地,跑馬地 草地,1650M,,,,,麥道朗,10/12,出賽,V,1650M (麥道朗) (10/12)
H419,10/12/2025,游水,沙田,,沙田,,,,,,,,游水,,
H419,09/12/2025,馬匹跑步機,沙田,,沙田,,,,,,上斜,,馬匹跑步機 - 慢跑,,馬匹跑步機 - 慢跑 （上斜）
H419,09/12/2025,游水,沙田,,沙田,,,,,,,,游水,,
H419,08/12/2025,游水,沙田,,沙田,,,,,,,,游水,,
H419,08/12/2025,快操,沙田,全天候,沙田 全天候,,59.5,59.5,30.8 28.7,,助手,,快操,,30.8 28.7 (59.5) (助手)
H419,08/12/2025,踱步,沙田,飛機場,沙田 飛機場,,,,,,助手,,踱步,,飛機場 踱步 (助手)
H419,07/12/2025,游水,沙田,,沙田,,,,,,,,游水,,
H419,07/12/2025,踱步,沙田,內圈,沙田 內圈,,,,,,助手,,快踱一圈,H,內圈 快踱一圈 (助手)
H419,06/12/2025,游水,沙田,,沙田,,,,,,,,游水,,
H419,05/12/2025,游水,從化,,從化,,,,,,,,游水,,
H419,05/12/2025,踱步,從化,內圈,從化 內圈,,,,,,助手,,快踱一圈,H,內圈 快踱一圈 (助手)
H419,04/12/2025,游水,從化,,從化,,,,,,,,游水,,
H419,04/12/2025,快操,從化,全天候,從化 全天候,,33.3,33.3,33.3,,助手,,快操,H,33.3 (33.3) (助手)
H419,04/12/2025,踱步,從化,飛機場,從化 飛機場,,,,,,助手,,踱步,H,飛機場 踱步 (助手)
H419,03/12/2025,游水,從化,,從化,,,,,,,,游水,,
H419,03/12/2025,踱步,從化,內圈,從化 內圈,,,,,,助手,,快踱一圈,H,內圈 快踱一圈 (助手)
H419,02/12/2025,游水,從化,,從化,,,,,,,,游水,,
H419,02/12/2025,踱步,從化,內圈,從化 內圈,,,,,,助手,,快踱一圈,H,內圈 快踱一圈 (助手)
H419,01/12/2025,馬匹水中步行機,從化,,從化,,,,,,,,馬匹水中步行機,,
H419,01/12/2025,游水,從化,,從化,,,,,,,,游水,,
H419,30/11/2025,馬匹水中步行機,從化,,從化,,,,,,,,馬匹水中步行機,,
H419,30/11/2025,游水,從化,,從化,,,,,,,,游水,,
H419,29/11/2025,馬匹水中步行機,從化,,從化,,,,,,,,馬匹水中步行機,,
H419,29/11/2025,游水,從化,,從化,,,,,,,,游水,,
H419,27/11/2025,游水,沙田,,沙田,,,,,,,,游水,,
H419,26/11/2025,馬匹跑步機,沙田,,沙田,,,,,,上斜,,馬匹跑步機 - 踱步,,馬匹跑步機 - 踱步 （上斜）
H419,26/11/2025,出賽,跑馬地,草地,跑馬地 草地,1650M,,,,,潘明輝,4/12,出賽,V,1650M (潘明輝) (4/12)
H419,25/11/2025,馬匹跑步機,沙田,,沙田,,,,,,上斜,,馬匹跑步機 - 踱步,,馬匹跑步機 - 踱步 （上斜）
H419,25/11/2025,游水,沙田,,沙田,,,,,,,,游水,,
H419,24/11/2025,馬匹跑步機,沙田,,沙田,,,,,,,,馬匹跑步機 - 踱步,,馬匹跑步機 - 踱步
H419,24/11/2025,游水,沙田,,沙田,,,,,,,,游水,,
H419,23/11/2025,游水,沙田,,沙田,,,,,,,,游水,,
H419,23/11/2025,踱步,沙田,彭福公園,沙田 彭福公園,,,,,,助手,,踱步,H,彭福公園 踱步 (助手)
H419,22/11/2025,游水,沙田,,沙田,,,,,,,,游水,,
H419,21/11/2025,游水,從化,,從化,,,,,,,,游水,,
H419,21/11/2025,踱步,從化,內圈,從化 內圈,,,,,,助手,,快踱一圈,H,內圈 快踱一圈 (助手)
H419,20/11/2025,游水,從化,,從化,,,,,,,,游水,,
H419,20/11/2025,踱步,從化,內圈,從化 內圈,,,,,,助手,,倒快兩圈,H,內圈 倒快兩圈 (助手)
H419,19/11/2025,游水,從化,,從化,,,,,,,,游水,,
H419,19/11/2025,踱步,從化,內圈,從化 內圈,,,,,,助手,,快踱一圈,H,內圈 快踱一圈 (助手)
H419,18/11/2025,馬匹水中步行機,從化,,從化,,,,,,,,馬匹水中步行機,,
H419,18/11/2025,游水,從化,,從化,,,,,,,,游水,,
H419,17/11/2025,試閘,從化,草地,從化 草地,1200M,1.11.48,71.48,24.8 22.7 23.9,荃程路通,賀才高,,第10組,V,第10組 (賀才高) 1200M 荃程路通 24.8 22.7 23.9 (1.11.48)
H419,17/11/2025,踱步,從化,飛機場,從化 飛機場,,,,,,助手,,踱步,V,飛機場 踱步 (助手)
H419,16/11/2025,游水,從化,,從化,,,,,,,,游水,,
H419,16/11/2025,踱步,從化,內圈,從化 內圈,,,,,,助手,,快踱一圈,H,內圈 快踱一圈 (助手)
H419,15/11/2025,游水,從化,,從化,,,,,,,,游水,,
H419,15/11/2025,快操,從化,全天候,從化 全天候,,33.6,33.6,33.6,,助手,,快操,H,33.6 (33.6) (助手)
H419,15/11/2025,踱步,從化,飛機場,從化 飛機場,,,,,,助手,,踱步,H,飛機場 踱步 (助手)
H419,14/11/2025,游水,從化,,從化,,,,,,,,游水,,
H419,14/11/2025,踱步,從化,內圈,從化 內圈,,,,,,助手,,快踱一圈,H,內圈 快踱一圈 (助手)
H419,13/11/2025,游水,從化,,從化,,,,,,,,游水,,
H419,13/11/2025,踱步,從化,內圈,從化 內圈,,,,,,助手,,倒快兩圈,H,內圈 倒快兩圈 (助手)
H419,12/11/2025,游水,從化,,從化,,,,,,,,游水,,
H419,12/11/2025,快操,從化,登山跑道,從化 登山跑道,,52.0,52.0,26.0 26.0,,助手,,快操,,26.0 26.0 (52.0) (助手)
H419,12/11/2025,踱步,從化,飛機場,從化 飛機場,,,,,,助手,,踱步,,飛機場 踱步 (助手)
H419,11/11/2025,游水,從化,,從化,,,,,,,,游水,,
H419,11/11/2025,踱步,從化,內圈,從化 內圈,,,,,,助手,,快踱一圈,H,內圈 快踱一圈 (助手)
H419,10/11/2025,游水,從化,,從化,,,,,,,,游水,,
H419,10/11/2025,踱步,從化,內圈,從化 內圈,,,,,,助手,,倒快兩圈,H,內圈 倒快兩圈 (助手)
H419,09/11/2025,游水,從化,,從化,,,,,,,,游水,,
H419,09/11/2025,踱步,從化,內圈,從化 內圈,,,,,,助手,,快踱一圈,H,內圈 快踱一圈 (助手)
H419,08/11/2025,游水,從化,,從化,,,,,,,,游水,,
H419,08/11/2025,快操,從化,登山跑道,從化 登山跑道,,53.8,53.8,27.3 26.5,,助手,,金德義,,27.3 26.5 (53.8) (助手) 金德義
H419,08/11/2025,踱步,從化,飛機場,從化 飛機場,,,,,,助手,,踱步,,飛機場 踱步 (助手)
H419,07/11/2025,游水,從化,,從化,,,,,,,,游水,,
H419,07/11/2025,踱步,從化,內圈,從化 內圈,,,,,,助手,,快踱一圈,H,內圈 快踱一圈 (助手)
H419,06/11/2025,游水,從化,,從化,,,,,,,,游水,,
H419,06/11/2025,踱步,從化,內圈,從化 內圈,,,,,,助手,,倒快兩圈,H,內圈 倒快兩圈 (助手)
H419,05/11/2025,游水,從化,,從化,,,,,,,,游水,,
H419,05/11/2025,快操,從化,登山跑道,從化 登山跑道,,52.1,52.1,25.8 26.3,,助手,,快操,,25.8 26.3 (52.1) (助手)
H419,05/11/2025,踱步,從化,飛機場,從化 飛機場,,,,,,助手,,踱步,,飛機場 踱步 (助手)
H419,04/11/2025,游水,從化,,從化,,,,,,,,游水,,
H419,04/11/2025,踱步,從化,內圈,從化 內圈,,,,,,助手,,快踱一圈,H,內圈 快踱一圈 (助手)
H419,03/11/2025,游水,從化,,從化,,,,,,,,游水,,
H419,03/11/2025,踱步,從化,內圈,從化 內圈,,,,,,助手,,倒快兩圈,H,內圈 倒快兩圈 (助手)
H419,02/11/2025,游水,從化,,從化,,,,,,,,游水,,
H419,02/11/2025,踱步,從化,內圈,從化 內圈,,,,,,助手,,快踱一圈,H,內圈 快踱一圈 (助手)
H419,01/11/2025,游水,從化,,從化,,,,,,,,游水,,
H419,01/11/2025,快操,從化,登山跑道,從化 登山跑道,,54.1,54.1,27.5 26.6,,助手,,快操,,27.5 26.6 (54.1) (助手)
H419,01/11/2025,踱步,從化,飛機場,從化 飛機場,,,,,,助手,,踱步,,飛機場 踱步 (助手)
H419,31/10/2025,游水,從化,,從化,,,,,,,,游水,,
H419,31/10/2025,踱步,從化,內圈,從化 內圈,,,,,,助手,,快踱一圈,H,內圈 快踱一圈 (助手)
H419,30/10/2025,游水,從化,,從化,,,,,,,,游水,,
H419,30/10/2025,踱步,從化,內圈,從化 內圈,,,,,,助手,,倒快兩圈,H,內圈 倒快兩圈 (助手)
H419,29/10/2025,游水,從化,,從化,,,,,,,,游水,,
H419,29/10/2025,踱步,從化,內圈,從化 內圈,,,,,,助手,,快踱一圈,H,內圈 快踱一圈 (助手)
H419,28/10/2025,游水,從化,,從化,,,,,,,,游水,,
H419,28/10/2025,快操,從化,全天候,從化 全天候,,56.1,56.1,30.0 26.1,,助手,,快操,,30.0 26.1 (56.1) (助手)
H419,28/10/2025,踱步,從化,飛機場,從化 飛機場,,,,,,助手,,踱步,,飛機場 踱步 (助手)
H419,27/10/2025,游水,從化,,從化,,,,,,,,游水,,
H419,27/10/2025,踱步,從化,內圈,從化 內圈,,,,,,助手,,倒快兩圈,H,內圈 倒快兩圈 (助手)
H419,26/10/2025,游水,從化,,從化,,,,,,,,游水,,
H419,26/10/2025,踱步,從化,內圈,從化 內圈,,,,,,助手,,快踱一圈,H,內圈 快踱一圈 (助手)
H419,25/10/2025,游水,從化,,從化,,,,,,,,游水,,
H419,25/10/2025,快操,從化,全天候,從化 全天候,,33.9,33.9,33.9,,助手,,快操,H,33.9 (33.9) (助手)
H419,25/10/2025,踱步,從化,飛機場,從化 飛機場,,,,,,助手,,踱步,H,飛機場 踱步 (助手)
H419,24/10/2025,游水,從化,,從化,,,,,,,,游水,,
H419,24/10/2025,踱步,從化,內圈,從化 內圈,,,,,,助手,,快踱一圈,H,內圈 快踱一圈 (助手)
H419,23/10/2025,游水,從化,,從化,,,,,,,,游水,,
H419,23/10/2025,踱步,從化,內圈,從化 內圈,,,,,,助手,,倒快兩圈,H,內圈 倒快兩圈 (助手)
H419,22/10/2025,游水,從化,,從化,,,,,,,,游水,,
H419,22/10/2025,踱步,從化,內圈,從化 內圈,,,,,,助手,,快踱一圈,H,內圈 快踱一圈 (助手)
H419,21/10/2025,游水,從化,,從化,,,,,,,,游水,,
H419,21/10/2025,踱步,從化,內圈,從化 內圈,,,,,,助手,,快踱一圈,H,內圈 快踱一圈 (助手)
H419,20/10/2025,游水,從化,,從化,,,,,,,,游水,,
H419,20/10/2025,踱步,從化,飛機場,從化 飛機場,,,,,,助手,,踱步,H,飛機場 踱步 (助手)
H419,19/10/2025,馬匹水中步行機,從化,,從化,,,,,,,,馬匹水中步行機,,
H419,19/10/2025,游水,從化,,從化,,,,,,,,游水,,
H419,18/10/2025,馬匹水中步行機,從化,,從化,,,,,,,,馬匹水中步行機,,
H419,18/10/2025,游水,從化,,從化,,,,,,,,游水,,
H419,17/10/2025,馬匹水中步行機,從化,,從化,,,,,,,,馬匹水中步行機,,
H419,17/10/2025,游水,從化,,從化,,,,,,,,游水,,
H419,16/10/2025,馬匹水中步行機,從化,,從化,,,,,,,,馬匹水中步行機,,
H419,16/10/2025,游水,從化,,從化,,,,,,,,游水,,
H419,15/10/2025,馬匹水中步行機,從化,,從化,,,,,,,,馬匹水中步行機,,
H419,15/10/2025,游水,從化,,從化,,,,,,,,游水,,
H419,14/10/2025,馬匹水中步行機,從化,,從化,,,,,,,,馬匹水中步行機,,
H419,14/10/2025,游水,從化,,從化,,,,,,,,游水,,
H419,13/10/2025,馬匹水中步行機,從化,,從化,,,,,,,,馬匹水中步行機,,
H419,13/10/2025,游水,從化,,從化,,,,,,,,游水,,
H419,12/10/2025,馬匹水中步行機,從化,,從化,,,,,,,,馬匹水中步行機,,
H419,12/10/2025,游水,從化,,從化,,,,,,,,游水,,
H419,11/10/2025,馬匹水中步行機,從化,,從化,,,,,,,,馬匹水中步行機,,
H419,11/10/2025,游水,從化,,從化,,,,,,,,游水,,
H419,09/10/2025,游水,沙田,,沙田,,,,,,,,游水,,
H419,08/10/2025,出賽,跑馬地,草地,跑馬地 草地,1800M,,,,,奧爾民,7/11,出賽,V,1800M (奧爾民) (7/11)
H419,08/10/2025,游水,沙田,,沙田,,,,,,,,游水,,
H419,08/10/2025,踱步,沙田,彭福公園,沙田 彭福公園,,,,,,助手,,踱步,H,彭福公園 踱步 (助手)
H419,07/10/2025,游水,沙田,,沙田,,,,,,,,游水,,
H419,07/10/2025,踱步,沙田,彭福公園,沙田 彭福公園,,,,,,助手,,踱步,H,彭福公園 踱步 (助手)
H419,06/10/2025,游水,沙田,,沙田,,,,,,,,游水,,
H419,06/10/2025,快操,沙田,全天候,沙田 全天候,,32.8,32.8,32.8,,黃寶妮,,快操,H,32.8 (32.8) (黃寶妮)
H419,06/10/2025,踱步,沙田,飛機場,沙田 飛機場,,,,,,助手,,踱步,H,飛機場 踱步 (助手)
H419,05/10/2025,游水,沙田,,沙田,,,,,,,,游水,,
H419,05/10/2025,踱步,沙田,彭福公園,沙田 彭福公園,,,,,,助手,,踱步,H,彭福公園 踱步 (助手)
H419,04/10/2025,游水,沙田,,沙田,,,,,,,,游水,,
H419,04/10/2025,踱步,沙田,彭福公園,沙田 彭福公園,,,,,,助手,,踱步,H,彭福公園 踱步 (助手)
H419,03/10/2025,游水,沙田,,沙田,,,,,,,,游水,,
H419,02/10/2025,游水,沙田,,沙田,,,,,,,,游水,,
H419,01/10/2025,出賽,沙田,草地,沙田 草地,1400M,,,,,潘頓,8/13,出賽,V,1400M (潘頓) (8/13)
H419,01/10/2025,游水,沙田,,沙田,,,,,,,,游水,,
H419,01/10/2025,踱步,沙田,彭福公園,沙田 彭福公園,,,,,,助手,,踱步,H,彭福公園 踱步 (助手)
H419,30/09/2025,游水,沙田,,沙田,,,,,,,,游水,,
H419,30/09/2025,踱步,沙田,彭福公園,沙田 彭福公園,,,,,,助手,,踱步,H,彭福公園 踱步 (助手)
H419,29/09/2025,游水,沙田,,沙田,,,,,,,,游水,,
H419,29/09/2025,踱步,沙田,彭福公園,沙田 彭福公園,,,,,,助手,,踱步,H,彭福公園 踱步 (助手)
H419,28/09/2025,游水,沙田,,沙田,,,,,,,,游水,,
H419,28/09/2025,踱步,沙田,彭福公園,沙田 彭福公園,,,,,,助手,,踱步,H,彭福公園 踱步 (助手)
H419,27/09/2025,游水,沙田,,沙田,,,,,,,,游水,,
H419,27/09/2025,快操,沙田,全天候,沙田 全天候,,57.1,57.1,30.7 26.4,,助手,,快操,,30.7 26.4 (57.1) (助手)
H419,27/09/2025,踱步,沙田,飛機場,沙田 飛機場,,,,,,助手,,踱步,,飛機場 踱步 (助手)
H419,26/09/2025,游水,沙田,,沙田,,,,,,,,游水,,
H419,26/09/2025,踱步,沙田,內圈,沙田 內圈,,,,,,助手,,快踱一圈,H,內圈 快踱一圈 (助手)
H419,25/09/2025,游水,沙田,,沙田,,,,,,,,游水,,
H419,25/09/2025,踱步,沙田,飛機場,沙田 飛機場,,,,,,助手,,踱步,H,飛機場 踱步 (助手)
H419,23/09/2025,游水,沙田,,沙田,,,,,,,,游水,,
H419,23/09/2025,踱步,沙田,內圈,沙田 內圈,,,,,,助手,,快踱一圈,H,內圈 快踱一圈 (助手)
H419,22/09/2025,游水,沙田,,沙田,,,,,,,,游水,,
H419,22/09/2025,快操,沙田,全天候,沙田 全天候,,59.1,59.1,30.0 29.1,,助手,,快操,H,30.0 29.1 (59.1) (助手)
H419,22/09/2025,踱步,沙田,飛機場,沙田 飛機場,,,,,,助手,,踱步,H,飛機場 踱步 (助手)
H419,21/09/2025,游水,沙田,,沙田,,,,,,,,游水,,
H419,21/09/2025,踱步,沙田,內圈,沙田 內圈,,,,,,助手,,快踱一圈,H,內圈 快踱一圈 (助手)
H419,20/09/2025,游水,沙田,,沙田,,,,,,,,游水,,
H419,20/09/2025,踱步,沙田,內圈,沙田 內圈,,,,,,助手,,快踱一圈,H,內圈 快踱一圈 (助手)
H419,19/09/2025,游水,沙田,,沙田,,,,,,,,游水,,
H419,19/09/2025,踱步,沙田,內圈,沙田 內圈,,,,,,助手,,快踱一圈,H,內圈 快踱一圈 (助手)
H419,18/09/2025,游水,沙田,,沙田,,,,,,,,游水,,
H419,18/09/2025,踱步,沙田,彭福公園,沙田 彭福公園,,,,,,助手,,踱步,H,彭福公園 踱步 (助手)
H419,17/09/2025,游水,沙田,,沙田,,,,,,,,游水,,
H419,16/09/2025,游水,沙田,,沙田,,,,,,,,游水,,
H419,15/09/2025,游水,沙田,,沙田,,,,,,,,游水,,
H419,14/09/2025,出賽,沙田,草地,沙田 草地,1400M,,,,,黃寶妮,3/14,出賽,V,1400M (黃寶妮) (3/14)
H419,14/09/2025,游水,沙田,,沙田,,,,,,,,游水,,
H419,14/09/2025,踱步,沙田,彭福公園,沙田 彭福公園,,,,,,助手,,踱步,H,彭福公園 踱步 (助手)
H419,13/09/2025,游水,沙田,,沙田,,,,,,,,游水,,
H419,13/09/2025,踱步,沙田,彭福公園,沙田 彭福公園,,,,,,助手,,踱步,H,彭福公園 踱步 (助手)
H419,12/09/2025,游水,沙田,,沙田,,,,,,,,游水,,
H419,12/09/2025,踱步,沙田,彭福公園,沙田 彭福公園,,,,,,助手,,踱步,H,彭福公園 踱步 (助手)
H419,11/09/2025,游水,沙田,,沙田,,,,,,,,游水,,
H419,11/09/2025,踱步,沙田,彭福公園,沙田 彭福公園,,,,,,助手,,踱步,H,彭福公園 踱步 (助手)
H419,10/09/2025,游水,沙田,,沙田,,,,,,,,游水,,
H419,10/09/2025,快操,沙田,全天候,沙田 全天候,,54.4,54.4,30.5 23.9,,助手,,比特星,,30.5 23.9 (54.4) (助手) 比特星
H419,10/09/2025,踱步,沙田,飛機場,沙田 飛機場,,,,,,助手,,踱步,,飛機場 踱步 (助手)
H419,09/09/2025,游水,沙田,,沙田,,,,,,,,游水,,
H419,09/09/2025,踱步,沙田,內圈,沙田 內圈,,,,,,助手,,快踱一圈,H,內圈 快踱一圈 (助手)
H419,08/09/2025,游水,沙田,,沙田,,,,,,,,游水,,
H419,08/09/2025,踱步,沙田,飛機場,沙田 飛機場,,,,,,助手,,踱步,H,飛機場 踱步 (助手)
H419,07/09/2025,游水,沙田,,沙田,,,,,,,,游水,,
H419,07/09/2025,踱步,沙田,內圈,沙田 內圈,,,,,,助手,,快踱一圈,H,內圈 快踱一圈 (助手)
H419,06/09/2025,游水,沙田,,沙田,,,,,,,,游水,,
H419,06/09/2025,踱步,沙田,內圈,沙田 內圈,,,,,,助手,,快踱一圈,H,內圈 快踱一圈 (助手)
H419,05/09/2025,游水,沙田,,沙田,,,,,,,,游水,,
H419,05/09/2025,踱步,沙田,內圈,沙田 內圈,,,,,,助手,,快踱一圈,H,內圈 快踱一圈 (助手)
H419,04/09/2025,游水,沙田,,沙田,,,,,,,,游水,,
H419,04/09/2025,踱步,沙田,彭福公園,沙田 彭福公園,,,,,,助手,,踱步,H,彭福公園 踱步 (助手)
H419,03/09/2025,游水,沙田,,沙田,,,,,,,,游水,,
H419,03/09/2025,踱步,沙田,彭福公園,沙田 彭福公園,,,,,,助手,,踱步,H,彭福公園 踱步 (助手)
H419,02/09/2025,試閘,沙田,全天候,沙田 全天候,1200M,1.10.45,70.45,24.9 22.8 22.7,勝在有型,潘明輝,,第6組,V,第6組 (潘明輝) 1200M 勝在有型 24.9 22.8 22.7 (1.10.45)
H419,02/09/2025,游水,沙田,,沙田,,,,,,,,游水,,
H419,02/09/2025,踱步,沙田,飛機場,沙田 飛機場,,,,,,助手,,踱步,H,飛機場 踱步 (助手)
H419,01/09/2025,游水,沙田,,沙田,,,,,,,,游水,,
H419,01/09/2025,踱步,沙田,內圈,沙田 內圈,,,,,,助手,,倒快兩圈,H,內圈 倒快兩圈 (助手)
H419,31/08/2025,游水,沙田,,沙田,,,,,,,,游水,,
H419,31/08/2025,快操,沙田,全天候,沙田 全天候,,58.3,58.3,29.6 28.7,,助手,,快操,,29.6 28.7 (58.3) (助手)
H419,31/08/2025,踱步,沙田,飛機場,沙田 飛機場,,,,,,助手,,踱步,,飛機場 踱步 (助手)
H419,30/08/2025,游水,沙田,,沙田,,,,,,,,游水,,
H419,30/08/2025,踱步,沙田,內圈,沙田 內圈,,,,,,助手,,快踱一圈,H,內圈 快踱一圈 (助手)
H419,29/08/2025,游水,沙田,,沙田,,,,,,,,游水,,
H419,29/08/2025,踱步,沙田,內圈,沙田 內圈,,,,,,助手,,快踱一圈,H,內圈 快踱一圈 (助手)
H419,28/08/2025,游水,沙田,,沙田,,,,,,,,游水,,
H419,28/08/2025,踱步,沙田,彭福公園,沙田 彭福公園,,,,,,助手,,踱步,H,彭福公園 踱步 (助手)
H419,27/08/2025,游水,沙田,,沙田,,,,,,,,游水,,
H419,27/08/2025,踱步,沙田,彭福公園,沙田 彭福公園,,,,,,助手,,踱步,H,彭福公園 踱步 (助手)
H419,26/08/2025,游水,沙田,,沙田,,,,,,,,游水,,
H419,26/08/2025,快操,沙田,全天候,沙田 全天候,,53.5,53.5,29.7 23.8,,助手,,凱旋幸運,,29.7 23.8 (53.5) (助手) 凱旋幸運
H419,26/08/2025,踱步,沙田,飛機場,沙田 飛機場,,,,,,助手,,踱步,,飛機場 踱步 (助手)
H419,25/08/2025,游水,沙田,,沙田,,,,,,,,游水,,
H419,25/08/2025,踱步,沙田,內圈,沙田 內圈,,,,,,助手,,倒快兩圈,H,內圈 倒快兩圈 (助手)
H419,24/08/2025,游水,沙田,,沙田,,,,,,,,游水,,
H419,24/08/2025,踱步,沙田,內圈,沙田 內圈,,,,,,助手,,快踱一圈,H,內圈 快踱一圈 (助手)
H419,23/08/2025,游水,沙田,,沙田,,,,,,,,游水,,
H419,23/08/2025,踱步,沙田,內圈,沙田 內圈,,,,,,助手,,快踱一圈,H,內圈 快踱一圈 (助手)
H419,22/08/2025,游水,沙田,,沙田,,,,,,,,游水,,
H419,22/08/2025,快操,沙田,全天候,沙田 全天候,,55.1,55.1,28.5 26.6,,助手,,快操,,28.5 26.6 (55.1) (助手)
H419,22/08/2025,踱步,沙田,飛機場,沙田 飛機場,,,,,,助手,,踱步,,飛機場 踱步 (助手)
H419,21/08/2025,游水,沙田,,沙田,,,,,,,,游水,,
H419,21/08/2025,踱步,沙田,內圈,沙田 內圈,,,,,,助手,,倒快兩圈,H,內圈 倒快兩圈 (助手)
H419,20/08/2025,游水,沙田,,沙田,,,,,,,,游水,,
H419,20/08/2025,踱步,沙田,內圈,沙田 內圈,,,,,,助手,,快踱一圈,H,內圈 快踱一圈 (助手)
H419,19/08/2025,游水,沙田,,沙田,,,,,,,,游水,,
H419,19/08/2025,快操,沙田,全天候,沙田 全天候,,54.5,54.5,28.9 25.6,,助手,,快操,,28.9 25.6 (54.5) (助手)
H419,19/08/2025,踱步,沙田,飛機場,沙田 飛機場,,,,,,助手,,踱步,,飛機場 踱步 (助手)
H419,18/08/2025,游水,沙田,,沙田,,,,,,,,游水,,
H419,18/08/2025,踱步,沙田,內圈,沙田 內圈,,,,,,助手,,倒快兩圈,H,內圈 倒快兩圈 (助手)
H419,17/08/2025,游水,沙田,,沙田,,,,,,,,游水,,
H419,17/08/2025,踱步,沙田,內圈,沙田 內圈,,,,,,助手,,快踱一圈,H,內圈 快踱一圈 (助手)
H419,16/08/2025,游水,沙田,,沙田,,,,,,,,游水,,
H419,16/08/2025,踱步,沙田,內圈,沙田 內圈,,,,,,助手,,快踱一圈,H,內圈 快踱一圈 (助手)
H419,15/08/2025,游水,沙田,,沙田,,,,,,,,游水,,
H419,15/08/2025,快操,沙田,全天候,沙田 全天候,,56.9,56.9,28.9 28.0,,助手,,快操,H,28.9 28.0 (56.9) (助手)
H419,15/08/2025,踱步,沙田,飛機場,沙田 飛機場,,,,,,助手,,踱步,H,飛機場 踱步 (助手)
H419,14/08/2025,游水,沙田,,沙田,,,,,,,,游水,,
H419,14/08/2025,踱步,沙田,內圈,沙田 內圈,,,,,,助手,,倒快兩圈,H,內圈 倒快兩圈 (助手)
H419,13/08/2025,游水,沙田,,沙田,,,,,,,,游水,,
H419,13/08/2025,踱步,沙田,內圈,沙田 內圈,,,,,,助手,,快踱一圈,H,內圈 快踱一圈 (助手)
H419,12/08/2025,游水,沙田,,沙田,,,,,,,,游水,,
H419,12/08/2025,快操,沙田,全天候,沙田 全天候,,1.00.0,60.0,31.3 28.7,,助手,,快操,H,31.3 28.7 (1.00.0) (助手)
H419,12/08/2025,踱步,沙田,飛機場,沙田 飛機場,,,,,,助手,,踱步,H,飛機場 踱步 (助手)
H419,11/08/2025,游水,沙田,,沙田,,,,,,,,游水,,
H419,11/08/2025,踱步,沙田,內圈,沙田 內圈,,,,,,助手,,倒快兩圈,H,內圈 倒快兩圈 (助手)
H419,10/08/2025,游水,沙田,,沙田,,,,,,,,游水,,
H419,10/08/2025,踱步,沙田,內圈,沙田 內圈,,,,,,助手,,快踱一圈,H,內圈 快踱一圈 (助手)
H419,09/08/2025,游水,沙田,,沙田,,,,,,,,游水,,
H419,09/08/2025,踱步,沙田,內圈,沙田 內圈,,,,,,助手,,快踱一圈,H,內圈 快踱一圈 (助手)
H419,08/08/2025,游水,沙田,,沙田,,,,,,,,游水,,
H419,08/08/2025,踱步,沙田,內圈,沙田 內圈,,,,,,助手,,快踱一圈,H,內圈 快踱一圈 (助手)
H419,07/08/2025,游水,沙田,,沙田,,,,,,,,游水,,
H419,07/08/2025,踱步,沙田,彭福公園,沙田 彭福公園,,,,,,助手,,踱步,H,彭福公園 踱步 (助手)
H419,06/08/2025,游水,沙田,,沙田,,,,,,,,游水,,
H419,06/08/2025,踱步,沙田,彭福公園,沙田 彭福公園,,,,,,助手,,踱步,H,彭福公園 踱步 (助手)
H419,05/08/2025,游水,沙田,,沙田,,,,,,,,游水,,
H419,05/08/2025,踱步,沙田,彭福公園,沙田 彭福公園,,,,,,助手,,踱步,H,彭福公園 踱步 (助手)
H419,04/08/2025,游水,沙田,,沙田,,,,,,,,游水,,
H419,03/08/2025,游水,沙田,,沙田,,,,,,,,游水,,
H419,02/08/2025,游水,沙田,,沙田,,,,,,,,游水,,
H419,01/08/2025,游水,沙田,,沙田,,,,,,,,游水,,
H419,16/07/2025,游水,沙田,,沙田,,,,,,,,游水,,
H419,15/07/2025,游水,沙田,,沙田,,,,,,,,游水,,
H419,14/07/2025,游水,沙田,,沙田,,,,,,,,游水,,
H419,13/07/2025,游水,沙田,,沙田,,,,,,,,游水,,
H419,12/07/2025,游水,沙田,,沙田,,,,,,,,游水,,
H419,11/07/2025,游水,沙田,,沙田,,,,,,,,游水,,
H419,10/07/2025,游水,沙田,,沙田,,,,,,,,游水,,
H419,09/07/2025,出賽,跑馬地,草地,跑馬地 草地,1650M,,,,,潘明輝,4/12,出賽,V,1650M (潘明輝) (4/12)
H419,09/07/2025,踱步,沙田,飛機場,沙田 飛機場,,,,,,助手,,踱步,H,飛機場 踱步 (助手)
H419,08/07/2025,游水,沙田,,沙田,,,,,,,,游水,,
H419,08/07/2025,踱步,沙田,內圈,沙田 內圈,,,,,,黃寶妮,,快踱一圈,H,內圈 快踱一圈 (黃寶妮)
H419,07/07/2025,游水,沙田,,沙田,,,,,,,,游水,,
H419,07/07/2025,快操,沙田,全天候,沙田 全天候,,1.03.7,63.7,33.7 30.0,,助手,,快操,H,33.7 30.0 (1.03.7) (助手)
H419,07/07/2025,踱步,沙田,飛機場,沙田 飛機場,,,,,,助手,,踱步,H,飛機場 踱步 (助手)
H419,06/07/2025,游水,沙田,,沙田,,,,,,,,游水,,
H419,06/07/2025,踱步,沙田,內圈,沙田 內圈,,,,,,助手,,快踱一圈,H,內圈 快踱一圈 (助手)
H419,04/07/2025,游水,從化,,從化,,,,,,,,游水,,
H419,04/07/2025,踱步,從化,內圈,從化 內圈,,,,,,助手,,快踱一圈,H,內圈 快踱一圈 (助手)
H419,03/07/2025,游水,從化,,從化,,,,,,,,游水,,
H419,03/07/2025,踱步,從化,內圈,從化 內圈,,,,,,助手,,倒快兩圈,H,內圈 倒快兩圈 (助手)
H419,02/07/2025,游水,從化,,從化,,,,,,,,游水,,
H419,02/07/2025,快操,從化,登山跑道,從化 登山跑道,,52.5,52.5,26.7 25.8,,助手,,一支箭,,26.7 25.8 (52.5) (助手) 一支箭
H419,02/07/2025,踱步,從化,飛機場,從化 飛機場,,,,,,助手,,踱步,,飛機場 踱步 (助手)
H419,01/07/2025,游水,從化,,從化,,,,,,,,游水,,
H419,01/07/2025,踱步,從化,內圈,從化 內圈,,,,,,助手,,快踱一圈,H,內圈 快踱一圈 (助手)
H419,30/06/2025,游水,從化,,從化,,,,,,,,游水,,
H419,30/06/2025,踱步,從化,內圈,從化 內圈,,,,,,助手,,倒快兩圈,H,內圈 倒快兩圈 (助手)
H419,29/06/2025,游水,從化,,從化,,,,,,,,游水,,
H419,29/06/2025,踱步,從化,內圈,從化 內圈,,,,,,助手,,快踱一圈,H,內圈 快踱一圈 (助手)
H419,28/06/2025,游水,從化,,從化,,,,,,,,游水,,
H419,28/06/2025,快操,從化,登山跑道,從化 登山跑道,,52.2,52.2,26.5 25.7,,助手,,快操,,26.5 25.7 (52.2) (助手)
H419,28/06/2025,踱步,從化,飛機場,從化 飛機場,,,,,,助手,,踱步,,飛機場 踱步 (助手)
H419,27/06/2025,游水,從化,,從化,,,,,,,,游水,,
H419,27/06/2025,踱步,從化,內圈,從化 內圈,,,,,,助手,,快踱一圈,H,內圈 快踱一圈 (助手)
H419,26/06/2025,游水,從化,,從化,,,,,,,,游水,,
H419,26/06/2025,踱步,從化,內圈,從化 內圈,,,,,,助手,,倒快兩圈,H,內圈 倒快兩圈 (助手)
H419,25/06/2025,游水,從化,,從化,,,,,,,,游水,,
H419,25/06/2025,快操,從化,全天候,從化 全天候,,55.8,55.8,28.4 27.4,,助手,,快操,,28.4 27.4 (55.8) (助手)
H419,25/06/2025,踱步,從化,飛機場,從化 飛機場,,,,,,助手,,踱步,,飛機場 踱步 (助手)
H419,24/06/2025,游水,從化,,從化,,,,,,,,游水,,
H419,24/06/2025,踱步,從化,內圈,從化 內圈,,,,,,助手,,快踱一圈,H,內圈 快踱一圈 (助手)
H419,23/06/2025,游水,從化,,從化,,,,,,,,游水,,
H419,23/06/2025,踱步,從化,內圈,從化 內圈,,,,,,助手,,倒快兩圈,H,內圈 倒快兩圈 (助手)
H419,22/06/2025,游水,從化,,從化,,,,,,,,游水,,
H419,22/06/2025,踱步,從化,內圈,從化 內圈,,,,,,助手,,快踱一圈,H,內圈 快踱一圈 (助手)
H419,21/06/2025,游水,從化,,從化,,,,,,,,游水,,
H419,21/06/2025,踱步,從化,內圈,從化 內圈,,,,,,助手,,快踱一圈,H,內圈 快踱一圈 (助手)
H419,20/06/2025,游水,從化,,從化,,,,,,,,游水,,
H419,20/06/2025,踱步,從化,內圈,從化 內圈,,,,,,助手,,快踱一圈,H,內圈 快踱一圈 (助手)
H419,19/06/2025,游水,從化,,從化,,,,,,,,游水,,
H419,18/06/2025,游水,從化,,從化,,,,,,,,游水,,
H419,17/06/2025,游水,從化,,從化,,,,,,,,游水,,
H419,15/06/2025,游水,沙田,,沙田,,,,,,,,游水,,
H419,14/06/2025,游水,沙田,,沙田,,,,,,,,游水,,
H419,13/06/2025,游水,沙田,,沙田,,,,,,,,游水,,
H419,12/06/2025,游水,沙田,,沙田,,,,,,,,游水,,
H419,11/06/2025,出賽,跑馬地,草地,跑馬地 草地,1650M,,,,,艾兆禮,2/12,出賽,V,1650M (艾兆禮) (2/12)
H419,11/06/2025,踱步,沙田,飛機場,沙田 飛機場,,,,,,助手,,踱步,H,飛機場 踱步 (助手)
H419,10/06/2025,游水,沙田,,沙田,,,,,,,,游水,,
H419,10/06/2025,踱步,沙田,外圈,沙田 外圈,,,,,,助手,,快踱一圈,H,外圈 快踱一圈 (助手)
H419,09/06/2025,游水,沙田,,沙田,,,,,,,,游水,,
H419,09/06/2025,踱步,沙田,內圈,沙田 內圈,,,,,,助手,,倒快兩圈,H,內圈 倒快兩圈 (助手)
H419,08/06/2025,游水,沙田,,沙田,,,,,,,,游水,,
H419,08/06/2025,踱步,沙田,內圈,沙田 內圈,,,,,,助手,,快踱一圈,H,內圈 快踱一圈 (助手)
H419,07/06/2025,游水,沙田,,沙田,,,,,,,,游水,,
H419,07/06/2025,快操,沙田,全天候,沙田 全天候,,56.3,56.3,28.9 27.4,,助手,,快操,H,28.9 27.4 (56.3) (助手)
H419,07/06/2025,踱步,沙田,飛機場,沙田 飛機場,,,,,,助手,,踱步,H,飛機場 踱步 (助手)
H419,06/06/2025,游水,沙田,,沙田,,,,,,,,游水,,
H419,06/06/2025,踱步,沙田,內圈,沙田 內圈,,,,,,助手,,快踱一圈,H,內圈 快踱一圈 (助手)
H419,05/06/2025,游水,沙田,,沙田,,,,,,,,游水,,
H419,05/06/2025,踱步,沙田,內圈,沙田 內圈,,,,,,助手,,倒快兩圈,H,內圈 倒快兩圈 (助手)
H419,04/06/2025,游水,沙田,,沙田,,,,,,,,游水,,
H419,04/06/2025,踱步,沙田,內圈,沙田 內圈,,,,,,助手,,快踱一圈,H,內圈 快踱一圈 (助手)
H419,03/06/2025,游水,沙田,,沙田,,,,,,,,游水,,
H419,03/06/2025,快操,沙田,全天候,沙田 全天候,,56.7,56.7,30.0 26.7,,助手,,快操,,30.0 26.7 (56.7) (助手)
H419,03/06/2025,踱步,沙田,飛機場,沙田 飛機場,,,,,,助手,,踱步,,飛機場 踱步 (助手)
H419,02/06/2025,游水,沙田,,沙田,,,,,,,,游水,,
H419,02/06/2025,踱步,沙田,內圈,沙田 內圈,,,,,,助手,,倒快兩圈,H,內圈 倒快兩圈 (助手)
H419,01/06/2025,游水,沙田,,沙田,,,,,,,,游水,,
H419,01/06/2025,踱步,沙田,內圈,沙田 內圈,,,,,,助手,,快踱一圈,H,內圈 快踱一圈 (助手)
H419,31/05/2025,游水,沙田,,沙田,,,,,,,,游水,,
H419,31/05/2025,快操,沙田,全天候,沙田 全天候,,57.5,57.5,29.7 27.8,,黃寶妮,,快操,H,29.7 27.8 (57.5) (黃寶妮)
H419,30/05/2025,游水,沙田,,沙田,,,,,,,,游水,,
H419,30/05/2025,踱步,沙田,內圈,沙田 內圈,,,,,,助手,,快踱一圈,H,內圈 快踱一圈 (助手)
H419,29/05/2025,游水,沙田,,沙田,,,,,,,,游水,,
H419,28/05/2025,游水,沙田,,沙田,,,,,,,,游水,,
H419,28/05/2025,踱步,沙田,內圈,沙田 內圈,,,,,,助手,,快踱一圈,H,內圈 快踱一圈 (助手)
H419,27/05/2025,游水,沙田,,沙田,,,,,,,,游水,,
H419,27/05/2025,踱步,沙田,內圈,沙田 內圈,,,,,,助手,,快踱一圈,H,內圈 快踱一圈 (助手)
H419,26/05/2025,游水,沙田,,沙田,,,,,,,,游水,,
H419,26/05/2025,踱步,沙田,飛機場,沙田 飛機場,,,,,,助手,,踱步,H,飛機場 踱步 (助手)
H419,25/05/2025,游水,沙田,,沙田,,,,,,,,游水,,
H419,24/05/2025,游水,沙田,,沙田,,,,,,,,游水,,
H419,23/05/2025,游水,沙田,,沙田,,,,,,,,游水,,
H419,22/05/2025,游水,沙田,,沙田,,,,,,,,游水,,
H419,21/05/2025,出賽,跑馬地,草地,跑馬地 草地,1650M,,,,,潘明輝,2/12,出賽,V,1650M (潘明輝) (2/12)
H419,20/05/2025,游水,沙田,,沙田,,,,,,,,游水,,
H419,19/05/2025,游水,沙田,,沙田,,,,,,,,游水,,
H419,19/05/2025,快操,沙田,全天候,沙田 全天候,,1.01.3,61.3,31.7 29.6,,助手,,快操,,31.7 29.6 (1.01.3) (助手)
H419,19/05/2025,踱步,沙田,飛機場,沙田 飛機場,,,,,,助手,,踱步,,飛機場 踱步 (助手)
H419,18/05/2025,游水,沙田,,沙田,,,,,,,,游水,,
H419,18/05/2025,踱步,沙田,內圈,沙田 內圈,,,,,,助手,,快踱一圈,H,內圈 快踱一圈 (助手)
H419,17/05/2025,游水,沙田,,沙田,,,,,,,,游水,,
H419,16/05/2025,游水,沙田,,沙田,,,,,,,,游水,,
H419,16/05/2025,踱步,沙田,內圈,沙田 內圈,,,,,,助手,,快踱一圈,H,內圈 快踱一圈 (助手)
H419,15/05/2025,游水,沙田,,沙田,,,,,,,,游水,,
H419,15/05/2025,快操,沙田,草地,沙田 草地,,53.5,53.5,27.9 25.6,,潘明輝,,快操,,27.9 25.6 (53.5) (潘明輝)
H419,15/05/2025,踱步,沙田,飛機場,沙田 飛機場,,,,,,助手,,踱步,,飛機場 踱步 (助手)
H419,14/05/2025,游水,沙田,,沙田,,,,,,,,游水,,
H419,14/05/2025,踱步,沙田,內圈,沙田 內圈,,,,,,助手,,快踱一圈,H,內圈 快踱一圈 (助手)
H419,13/05/2025,游水,沙田,,沙田,,,,,,,,游水,,
H419,13/05/2025,踱步,沙田,內圈,沙田 內圈,,,,,,助手,,快踱一圈,H,內圈 快踱一圈 (助手)
H419,12/05/2025,游水,沙田,,沙田,,,,,,,,游水,,
H419,12/05/2025,快操,沙田,全天候,沙田 全天候,,54.5,54.5,30.0 24.5,,助手,,快操,,30.0 24.5 (54.5) (助手)
H419,12/05/2025,踱步,沙田,飛機場,沙田 飛機場,,,,,,助手,,踱步,H,飛機場 踱步 (助手)
H419,11/05/2025,游水,沙田,,沙田,,,,,,,,游水,,
H419,11/05/2025,踱步,沙田,內圈,沙田 內圈,,,,,,助手,,快踱一圈,H,內圈 快踱一圈 (助手)
H419,10/05/2025,游水,沙田,,沙田,,,,,,,,游水,,
H419,10/05/2025,踱步,沙田,內圈,沙田 內圈,,,,,,助手,,快踱一圈,H,內圈 快踱一圈 (助手)
H419,09/05/2025,游水,沙田,,沙田,,,,,,,,游水,,
H419,09/05/2025,踱步,沙田,內圈,沙田 內圈,,,,,,助手,,快踱一圈,H,內圈 快踱一圈 (助手)
H419,08/05/2025,游水,沙田,,沙田,,,,,,,,游水,,
H419,08/05/2025,踱步,沙田,內圈,沙田 內圈,,,,,,助手,,倒快兩圈,H,內圈 倒快兩圈 (助手)
H419,07/05/2025,游水,沙田,,沙田,,,,,,,,游水,,
H419,07/05/2025,踱步,沙田,內圈,沙田 內圈,,,,,,助手,,快踱一圈,H,內圈 快踱一圈 (助手)
H419,06/05/2025,游水,沙田,,沙田,,,,,,,,游水,,
H419,06/05/2025,快操,沙田,全天候,沙田 全天候,,54.8,54.8,29.7 25.1,,助手,,長峰小子,,29.7 25.1 (54.8) (助手) 長峰小子
H419,06/05/2025,踱步,沙田,飛機場,沙田 飛機場,,,,,,助手,,踱步,,飛機場 踱步 (助手)
H419,05/05/2025,游水,沙田,,沙田,,,,,,,,游水,,
H419,05/05/2025,踱步,沙田,內圈,沙田 內圈,,,,,,助手,,倒快兩圈,H,內圈 倒快兩圈 (助手)
H419,04/05/2025,游水,沙田,,沙田,,,,,,,,游水,,
H419,04/05/2025,踱步,沙田,內圈,沙田 內圈,,,,,,助手,,快踱一圈,H,內圈 快踱一圈 (助手)
H419,03/05/2025,游水,沙田,,沙田,,,,,,,,游水,,
H419,03/05/2025,踱步,沙田,內圈,沙田 內圈,,,,,,助手,,快踱一圈,H,內圈 快踱一圈 (助手)
H419,02/05/2025,游水,沙田,,沙田,,,,,,,,游水,,
H419,02/05/2025,踱步,沙田,內圈,沙田 內圈,,,,,,助手,,快踱一圈,H,內圈 快踱一圈 (助手)
H419,01/05/2025,游水,沙田,,沙田,,,,,,,,游水,,
H419,30/04/2025,游水,沙田,,沙田,,,,,,,,游水,,
H419,29/04/2025,試閘,沙田,全天候,沙田 全天候,1200M,1.09.93,69.93,23.8 23.2 22.9,嘉應駿馬,黃寶妮,,第4組,V,第4組 (黃寶妮) 1200M 嘉應駿馬 23.8 23.2 22.9 (1.09.93)
H419,29/04/2025,游水,沙田,,沙田,,,,,,,,游水,,
H419,28/04/2025,游水,沙田,,沙田,,,,,,,,游水,,
H419,28/04/2025,踱步,沙田,內圈,沙田 內圈,,,,,,助手,,倒快兩圈,H,內圈 倒快兩圈 (助手)
H419,27/04/2025,游水,沙田,,沙田,,,,,,,,游水,,
H419,27/04/2025,踱步,沙田,內圈,沙田 內圈,,,,,,助手,,快踱一圈,H,內圈 快踱一圈 (助手)
H419,26/04/2025,游水,沙田,,沙田,,,,,,,,游水,,
H419,26/04/2025,踱步,沙田,內圈,沙田 內圈,,,,,,助手,,快踱一圈,H,內圈 快踱一圈 (助手)
H419,25/04/2025,游水,沙田,,沙田,,,,,,,,游水,,
H419,25/04/2025,踱步,沙田,內圈,沙田 內圈,,,,,,助手,,快踱一圈,H,內圈 快踱一圈 (助手)
H419,24/04/2025,游水,沙田,,沙田,,,,,,,,游水,,
H419,24/04/2025,快操,沙田,全天候,沙田 全天候,,54.2,54.2,29.1 25.1,,助手,,快操,,29.1 25.1 (54.2) (助手)
H419,24/04/2025,踱步,沙田,飛機場,沙田 飛機場,,,,,,助手,,踱步,,飛機場 踱步 (助手)
H419,23/04/2025,游水,沙田,,沙田,,,,,,,,游水,,
H419,23/04/2025,踱步,沙田,內圈,沙田 內圈,,,,,,助手,,快踱一圈,H,內圈 快踱一圈 (助手)
H419,22/04/2025,游水,沙田,,沙田,,,,,,,,游水,,
H419,22/04/2025,踱步,沙田,內圈,沙田 內圈,,,,,,助手,,快踱一圈,H,內圈 快踱一圈 (助手)
H419,21/04/2025,游水,沙田,,沙田,,,,,,,,游水,,
H419,21/04/2025,踱步,沙田,外圈,沙田 外圈,,,,,,助手,,快踱一圈,H,外圈 快踱一圈 (助手)
H419,20/04/2025,游水,沙田,,沙田,,,,,,,,游水,,
H419,20/04/2025,踱步,沙田,內圈,沙田 內圈,,,,,,助手,,快踱一圈,H,內圈 快踱一圈 (助手)
H419,19/04/2025,游水,沙田,,沙田,,,,,,,,游水,,
H419,19/04/2025,踱步,沙田,內圈,沙田 內圈,,,,,,助手,,快踱一圈,H,內圈 快踱一圈 (助手)
H419,18/04/2025,游水,沙田,,沙田,,,,,,,,游水,,
H419,18/04/2025,踱步,沙田,內圈,沙田 內圈,,,,,,助手,,快踱一圈,H,內圈 快踱一圈 (助手)
H419,17/04/2025,游水,沙田,,沙田,,,,,,,,游水,,
H419,17/04/2025,踱步,沙田,內圈,沙田 內圈,,,,,,助手,,倒快兩圈,H,內圈 倒快兩圈 (助手)
H419,16/04/2025,游水,沙田,,沙田,,,,,,,,游水,,
H419,16/04/2025,踱步,沙田,內圈,沙田 內圈,,,,,,助手,,快踱一圈,H,內圈 快踱一圈 (助手)
H419,15/04/2025,游水,沙田,,沙田,,,,,,,,游水,,
H419,15/04/2025,踱步,沙田,內圈,沙田 內圈,,,,,,助手,,快踱一圈,H,內圈 快踱一圈 (助手)
H419,14/04/2025,游水,沙田,,沙田,,,,,,,,游水,,
H419,14/04/2025,踱步,沙田,飛機場,沙田 飛機場,,,,,,助手,,踱步,H,飛機場 踱步 (助手)
H419,13/04/2025,游水,沙田,,沙田,,,,,,,,游水,,
H419,12/04/2025,游水,沙田,,沙田,,,,,,,,游水,,
H419,11/04/2025,游水,沙田,,沙田,,,,,,,,游水,,
H419,10/04/2025,游水,沙田,,沙田,,,,,,,,游水,,
H419,09/04/2025,出賽,跑馬地,草地,跑馬地 草地,1650M,,,,,潘明輝,3/12,出賽,V,1650M (潘明輝) (3/12)
H419,09/04/2025,踱步,沙田,飛機場,沙田 飛機場,,,,,,助手,,踱步,H,飛機場 踱步 (助手)
H419,08/04/2025,游水,沙田,,沙田,,,,,,,,游水,,
H419,08/04/2025,踱步,沙田,內圈,沙田 內圈,,,,,,助手,,快踱一圈,H,內圈 快踱一圈 (助手)
H419,07/04/2025,游水,沙田,,沙田,,,,,,,,游水,,
H419,07/04/2025,踱步,沙田,內圈,沙田 內圈,,,,,,助手,,倒快兩圈,H,內圈 倒快兩圈 (助手)
H419,06/04/2025,游水,沙田,,沙田,,,,,,,,游水,,
H419,06/04/2025,踱步,沙田,內圈,沙田 內圈,,,,,,助手,,快踱一圈,H,內圈 快踱一圈 (助手)
H419,05/04/2025,游水,沙田,,沙田,,,,,,,,游水,,
H419,05/04/2025,快操,沙田,全天候,沙田 全天候,,52.7,52.7,28.4 24.3,,潘明輝,,快操,,28.4 24.3 (52.7) (潘明輝) (伴跳馬)
H419,05/04/2025,踱步,沙田,飛機場,沙田 飛機場,,,,,,助手,,踱步,,飛機場 踱步 (助手)
H419,04/04/2025,游水,沙田,,沙田,,,,,,,,游水,,
H419,04/04/2025,踱步,沙田,內圈,沙田 內圈,,,,,,助手,,快踱一圈,H,內圈 快踱一圈 (助手)
H419,03/04/2025,游水,沙田,,沙田,,,,,,,,游水,,
H419,03/04/2025,踱步,沙田,內圈,沙田 內圈,,,,,,助手,,倒快兩圈,H,內圈 倒快兩圈 (助手)
H419,02/04/2025,游水,沙田,,沙田,,,,,,,,游水,,
H419,02/04/2025,踱步,沙田,內圈,沙田 內圈,,,,,,助手,,快踱一圈,H,內圈 快踱一圈 (助手)
H419,01/04/2025,游水,沙田,,沙田,,,,,,,,游水,,
H419,01/04/2025,快操,沙田,全天候,沙田 全天候,,52.9,52.9,29.6 23.3,,助手,,快操,,29.6 23.3 (52.9) (助手)
H419,01/04/2025,踱步,沙田,飛機場,沙田 飛機場,,,,,,助手,,踱步,,飛機場 踱步 (助手)
H419,31/03/2025,游水,沙田,,沙田,,,,,,,,游水,,
H419,31/03/2025,踱步,沙田,內圈,沙田 內圈,,,,,,助手,,倒快兩圈,H,內圈 倒快兩圈 (助手)
H419,30/03/2025,游水,沙田,,沙田,,,,,,,,游水,,
H419,30/03/2025,踱步,沙田,內圈,沙田 內圈,,,,,,助手,,快踱一圈,H,內圈 快踱一圈 (助手)
H419,29/03/2025,快操,沙田,全天候,沙田 全天候,,55.2,55.2,29.9 25.3,,黃寶妮,,快操,,29.9 25.3 (55.2) (黃寶妮)
H419,29/03/2025,踱步,沙田,飛機場,沙田 飛機場,,,,,,黃寶妮,,踱步,,飛機場 踱步 (黃寶妮)
H419,28/03/2025,游水,沙田,,沙田,,,,,,,,游水,,
H419,28/03/2025,踱步,沙田,內圈,沙田 內圈,,,,,,助手,,快踱一圈,H,內圈 快踱一圈 (助手)
H419,27/03/2025,游水,沙田,,沙田,,,,,,,,游水,,
H419,27/03/2025,踱步,沙田,內圈,沙田 內圈,,,,,,助手,,倒快兩圈,H,內圈 倒快兩圈 (助手)
H419,26/03/2025,游水,沙田,,沙田,,,,,,,,游水,,
H419,26/03/2025,踱步,沙田,內圈,沙田 內圈,,,,,,助手,,快踱一圈,H,內圈 快踱一圈 (助手)
H419,25/03/2025,游水,沙田,,沙田,,,,,,,,游水,,
H419,25/03/2025,踱步,沙田,內圈,沙田 內圈,,,,,,助手,,快踱一圈,H,內圈 快踱一圈 (助手)
H419,24/03/2025,游水,沙田,,沙田,,,,,,,,游水,,
H419,24/03/2025,踱步,沙田,飛機場,沙田 飛機場,,,,,,助手,,踱步,H,飛機場 踱步 (助手)
H419,23/03/2025,游水,沙田,,沙田,,,,,,,,游水,,
H419,22/03/2025,游水,沙田,,沙田,,,,,,,,游水,,
H419,21/03/2025,游水,沙田,,沙田,,,,,,,,游水,,
H419,20/03/2025,游水,沙田,,沙田,,,,,,,,游水,,
H419,19/03/2025,出賽,跑馬地,草地,跑馬地 草地,1650M,,,,,潘明輝,1/10,出賽,V1,1650M (潘明輝) (1/10)
H419,19/03/2025,游水,沙田,,沙田,,,,,,,,游水,,
H419,19/03/2025,踱步,沙田,飛機場,沙田 飛機場,,,,,,助手,,踱步,H,飛機場 踱步 (助手)
H419,18/03/2025,游水,沙田,,沙田,,,,,,,,游水,,
H419,18/03/2025,踱步,沙田,內圈,沙田 內圈,,,,,,助手,,快踱一圈,H,內圈 快踱一圈 (助手)
H419,17/03/2025,游水,沙田,,沙田,,,,,,,,游水,,
H419,17/03/2025,踱步,沙田,外圈,沙田 外圈,,,,,,助手,,快踱一圈,H,外圈 快踱一圈 (助手)
H419,16/03/2025,游水,沙田,,沙田,,,,,,,,游水,,
H419,16/03/2025,踱步,沙田,內圈,沙田 內圈,,,,,,助手,,快踱一圈,H,內圈 快踱一圈 (助手)
H419,15/03/2025,游水,沙田,,沙田,,,,,,,,游水,,
H419,15/03/2025,踱步,沙田,內圈,沙田 內圈,,,,,,助手,,快踱一圈,H,內圈 快踱一圈 (助手)
H419,14/03/2025,游水,沙田,,沙田,,,,,,,,游水,,
H419,14/03/2025,踱步,沙田,內圈,沙田 內圈,,,,,,助手,,快踱一圈,H,內圈 快踱一圈 (助手)
H419,13/03/2025,游水,沙田,,沙田,,,,,,,,游水,,
H419,13/03/2025,踱步,沙田,飛機場,沙田 飛機場,,,,,,助手,,踱步,H,飛機場 踱步 (助手)
H419,12/03/2025,游水,沙田,,沙田,,,,,,,,游水,,
H419,11/03/2025,游水,沙田,,沙田,,,,,,,,游水,,
H419,10/03/2025,游水,沙田,,沙田,,,,,,,,游水,,
H419,09/03/2025,出賽,沙田,草地,沙田 草地,1400M,,,,,田泰安,4/14,出賽,,1400M (田泰安) (4/14)
H419,09/03/2025,踱步,沙田,飛機場,沙田 飛機場,,,,,,助手,,踱步,H,飛機場 踱步 (助手)
H419,08/03/2025,游水,沙田,,沙田,,,,,,,,游水,,
H419,08/03/2025,踱步,沙田,內圈,沙田 內圈,,,,,,助手,,快踱一圈,H,內圈 快踱一圈 (助手)
H419,07/03/2025,游水,沙田,,沙田,,,,,,,,游水,,
H419,07/03/2025,快操,沙田,全天候,沙田 全天候,,59.1,59.1,32.1 27.0,,助手,,快操,,32.1 27.0 (59.1) (助手)
H419,07/03/2025,踱步,沙田,飛機場,沙田 飛機場,,,,,,助手,,踱步,,飛機場 踱步 (助手)
H419,06/03/2025,游水,沙田,,沙田,,,,,,,,游水,,
H419,06/03/2025,踱步,沙田,內圈,沙田 內圈,,,,,,助手,,倒快兩圈,H,內圈 倒快兩圈 (助手)
H419,05/03/2025,游水,沙田,,沙田,,,,,,,,游水,,
H419,05/03/2025,踱步,沙田,內圈,沙田 內圈,,,,,,助手,,快踱一圈,H,內圈 快踱一圈 (助手)
H419,04/03/2025,游水,沙田,,沙田,,,,,,,,游水,,
H419,04/03/2025,踱步,沙田,內圈,沙田 內圈,,,,,,助手,,快踱一圈,H,內圈 快踱一圈 (助手)
H419,03/03/2025,游水,沙田,,沙田,,,,,,,,游水,,
H419,03/03/2025,快操,沙田,草地,沙田 草地,,47.0,47.0,23.9 23.1,,田泰安,,快操,,23.9 23.1 (47.0) (田泰安)
H419,03/03/2025,踱步,沙田,飛機場,沙田 飛機場,,,,,,助手,,踱步,,飛機場 踱步 (助手)
H419,02/03/2025,踱步,沙田,內圈,沙田 內圈,,,,,,助手,,快踱一圈,H,內圈 快踱一圈 (助手)
H419,01/03/2025,游水,沙田,,沙田,,,,,,,,游水,,
H419,01/03/2025,踱步,沙田,內圈,沙田 內圈,,,,,,助手,,快踱一圈,H,內圈 快踱一圈 (助手)
H419,28/02/2025,游水,沙田,,沙田,,,,,,,,游水,,
H419,28/02/2025,快操,沙田,全天候,沙田 全天候,,59.2,59.2,31.8 27.4,,田泰安,,快操,,31.8 27.4 (59.2) (田泰安)
H419,28/02/2025,踱步,沙田,飛機場,沙田 飛機場,,,,,,助手,,踱步,,飛機場 踱步 (助手)
H419,27/02/2025,游水,沙田,,沙田,,,,,,,,游水,,
H419,27/02/2025,踱步,沙田,內圈,沙田 內圈,,,,,,助手,,倒快兩圈,H,內圈 倒快兩圈 (助手)
H419,26/02/2025,游水,沙田,,沙田,,,,,,,,游水,,
H419,26/02/2025,踱步,沙田,內圈,沙田 內圈,,,,,,助手,,快踱一圈,H,內圈 快踱一圈 (助手)
H419,25/02/2025,游水,沙田,,沙田,,,,,,,,游水,,
H419,25/02/2025,快操,沙田,全天候,沙田 全天候,,55.5,55.5,30.1 25.4,,助手,,快操,,30.1 25.4 (55.5) (助手)
H419,25/02/2025,踱步,沙田,飛機場,沙田 飛機場,,,,,,助手,,踱步,H,飛機場 踱步 (助手)
H419,24/02/2025,游水,沙田,,沙田,,,,,,,,游水,,
H419,24/02/2025,踱步,沙田,內圈,沙田 內圈,,,,,,助手,,倒快兩圈,H,內圈 倒快兩圈 (助手)
H419,23/02/2025,游水,沙田,,沙田,,,,,,,,游水,,
H419,23/02/2025,踱步,沙田,內圈,沙田 內圈,,,,,,助手,,快踱一圈,H,內圈 快踱一圈 (助手)
H419,22/02/2025,快操,沙田,全天候,沙田 全天候,,57.2,57.2,29.9 27.3,,黃寶妮,,快操,H,29.9 27.3 (57.2) (黃寶妮)
H419,22/02/2025,踱步,沙田,飛機場,沙田 飛機場,,,,,,黃寶妮,,踱步,H,飛機場 踱步 (黃寶妮)
H419,21/02/2025,游水,沙田,,沙田,,,,,,,,游水,,
H419,21/02/2025,踱步,沙田,內圈,沙田 內圈,,,,,,助手,,快踱一圈,H,內圈 快踱一圈 (助手)
H419,20/02/2025,游水,沙田,,沙田,,,,,,,,游水,,
H419,20/02/2025,踱步,沙田,內圈,沙田 內圈,,,,,,助手,,倒快兩圈,H,內圈 倒快兩圈 (助手)
H419,19/02/2025,游水,沙田,,沙田,,,,,,,,游水,,
H419,19/02/2025,踱步,沙田,內圈,沙田 內圈,,,,,,助手,,快踱一圈,H,內圈 快踱一圈 (助手)
H419,18/02/2025,游水,沙田,,沙田,,,,,,,,游水,,
H419,18/02/2025,踱步,沙田,內圈,沙田 內圈,,,,,,助手,,快踱一圈,H,內圈 快踱一圈 (助手)
H419,17/02/2025,游水,沙田,,沙田,,,,,,,,游水,,
H419,17/02/2025,踱步,沙田,飛機場,沙田 飛機場,,,,,,助手,,踱步,H,飛機場 踱步 (助手)
H419,16/02/2025,游水,沙田,,沙田,,,,,,,,游水,,
H419,15/02/2025,試閘,跑馬地,草地,跑馬地 草地,1200M,1.12.19,72.19,24.9 23.9 23.3,辣得金,田泰安,,第6組,,第6組 (田泰安) 1200M 辣得金 24.9 23.9 23.3 (1.12.19)
H419,15/02/2025,游水,沙田,,沙田,,,,,,,,游水,,
H419,14/02/2025,游水,沙田,,沙田,,,,,,,,游水,,
H419,14/02/2025,踱步,沙田,內圈,沙田 內圈,,,,,,助手,,快踱一圈,H,內圈 快踱一圈 (助手)
H419,13/02/2025,游水,沙田,,沙田,,,,,,,,游水,,
H419,13/02/2025,踱步,沙田,外圈,沙田 外圈,,,,,,助手,,快踱一圈,H,外圈 快踱一圈 (助手)
H419,12/02/2025,游水,沙田,,沙田,,,,,,,,游水,,
H419,12/02/2025,踱步,沙田,內圈,沙田 內圈,,,,,,助手,,快踱一圈,H,內圈 快踱一圈 (助手)
H419,11/02/2025,游水,沙田,,沙田,,,,,,,,游水,,
H419,11/02/2025,踱步,沙田,內圈,沙田 內圈,,,,,,助手,,快踱一圈,H,內圈 快踱一圈 (助手)
H419,10/02/2025,游水,沙田,,沙田,,,,,,,,游水,,
H419,10/02/2025,快操,沙田,全天候,沙田 全天候,,54.8,54.8,29.3 25.5,,助手,,快操,,29.3 25.5 (54.8) (助手)
H419,09/02/2025,游水,沙田,,沙田,,,,,,,,游水,,
H419,09/02/2025,踱步,沙田,內圈,沙田 內圈,,,,,,助手,,快踱一圈,H,內圈 快踱一圈 (助手)
H419,08/02/2025,游水,沙田,,沙田,,,,,,,,游水,,
H419,08/02/2025,踱步,沙田,內圈,沙田 內圈,,,,,,助手,,快踱一圈,H,內圈 快踱一圈 (助手)
H419,07/02/2025,游水,沙田,,沙田,,,,,,,,游水,,
H419,07/02/2025,踱步,沙田,內圈,沙田 內圈,,,,,,助手,,快踱一圈,H,內圈 快踱一圈 (助手)
H419,06/02/2025,游水,沙田,,沙田,,,,,,,,游水,,
H419,06/02/2025,快操,沙田,全天候,沙田 全天候,,54.4,54.4,29.1 25.3,,助手,,快操,,29.1 25.3 (54.4) (助手)
H419,06/02/2025,踱步,沙田,飛機場,沙田 飛機場,,,,,,助手,,踱步,,飛機場 踱步 (助手)
H419,05/02/2025,游水,沙田,,沙田,,,,,,,,游水,,
H419,05/02/2025,踱步,沙田,內圈,沙田 內圈,,,,,,助手,,快踱一圈,H,內圈 快踱一圈 (助手)
H419,04/02/2025,游水,沙田,,沙田,,,,,,,,游水,,
H419,04/02/2025,踱步,沙田,內圈,沙田 內圈,,,,,,助手,,快踱一圈,H,內圈 快踱一圈 (助手)
H419,03/02/2025,游水,沙田,,沙田,,,,,,,,游水,,
H419,03/02/2025,踱步,沙田,內圈,沙田 內圈,,,,,,助手,,倒快一圈,H,內圈 倒快一圈 (助手)
H419,02/02/2025,游水,沙田,,沙田,,,,,,,,游水,,
H419,02/02/2025,踱步,沙田,內圈,沙田 內圈,,,,,,助手,,快踱一圈,H,內圈 快踱一圈 (助手)
H419,01/02/2025,游水,沙田,,沙田,,,,,,,,游水,,
H419,01/02/2025,踱步,沙田,內圈,沙田 內圈,,,,,,助手,,快踱一圈,H,內圈 快踱一圈 (助手)
H419,31/01/2025,游水,沙田,,沙田,,,,,,,,游水,,
H419,31/01/2025,踱步,沙田,內圈,沙田 內圈,,,,,,助手,,快踱一圈,H,內圈 快踱一圈 (助手)
H419,30/01/2025,游水,沙田,,沙田,,,,,,,,游水,,
H419,28/01/2025,游水,沙田,,沙田,,,,,,,,游水,,
H419,27/01/2025,游水,沙田,,沙田,,,,,,,,游水,,
H419,26/01/2025,出賽,沙田,草地,沙田 草地,1400M,,,,,田泰安,4/14,出賽,B-,1400M (田泰安) (4/14)
H419,26/01/2025,游水,沙田,,沙田,,,,,,,,游水,,
H419,26/01/2025,踱步,沙田,飛機場,沙田 飛機場,,,,,,助手,,踱步,H,飛機場 踱步 (助手)
H419,25/01/2025,游水,沙田,,沙田,,,,,,,,游水,,
H419,25/01/2025,踱步,沙田,內圈,沙田 內圈,,,,,,助手,,快踱一圈,H,內圈 快踱一圈 (助手)
H419,24/01/2025,游水,沙田,,沙田,,,,,,,,游水,,
H419,24/01/2025,快操,沙田,全天候,沙田 全天候,,58.8,58.8,29.5 29.3,,田泰安,,快操,,29.5 29.3 (58.8) (田泰安)
H419,24/01/2025,踱步,沙田,飛機場,沙田 飛機場,,,,,,助手,,踱步,,飛機場 踱步 (助手)
H419,23/01/2025,游水,沙田,,沙田,,,,,,,,游水,,
H419,23/01/2025,踱步,沙田,內圈,沙田 內圈,,,,,,助手,,倒快兩圈,H,內圈 倒快兩圈 (助手)
H419,22/01/2025,游水,沙田,,沙田,,,,,,,,游水,,
H419,22/01/2025,踱步,沙田,內圈,沙田 內圈,,,,,,助手,,快踱一圈,H,內圈 快踱一圈 (助手)
H419,21/01/2025,游水,沙田,,沙田,,,,,,,,游水,,
H419,21/01/2025,踱步,沙田,內圈,沙田 內圈,,,,,,助手,,快踱一圈,H,內圈 快踱一圈 (助手)
H419,20/01/2025,游水,沙田,,沙田,,,,,,,,游水,,
H419,20/01/2025,快操,沙田,全天候,沙田 全天候,,51.9,51.9,28.7 23.2,,助手,,肯搏,,28.7 23.2 (51.9) (助手) 肯搏
H419,20/01/2025,踱步,沙田,飛機場,沙田 飛機場,,,,,,助手,,踱步,,飛機場 踱步 (助手)
H419,19/01/2025,游水,沙田,,沙田,,,,,,,,游水,,
H419,19/01/2025,踱步,沙田,內圈,沙田 內圈,,,,,,助手,,快踱一圈,H,內圈 快踱一圈 (助手)
H419,18/01/2025,游水,沙田,,沙田,,,,,,,,游水,,
H419,18/01/2025,踱步,沙田,內圈,沙田 內圈,,,,,,助手,,快踱一圈,H,內圈 快踱一圈 (助手)
H419,17/01/2025,游水,沙田,,沙田,,,,,,,,游水,,
H419,17/01/2025,踱步,沙田,內圈,沙田 內圈,,,,,,助手,,快踱一圈,H,內圈 快踱一圈 (助手)
H419,16/01/2025,游水,沙田,,沙田,,,,,,,,游水,,
H419,16/01/2025,快操,沙田,全天候,沙田 全天候,,53.6,53.6,28.5 25.1,,黃寶妮,,快操,,28.5 25.1 (53.6) (黃寶妮)
H419,16/01/2025,踱步,沙田,飛機場,沙田 飛機場,,,,,,黃寶妮,,踱步,H,飛機場 踱步 (黃寶妮)
H419,15/01/2025,游水,沙田,,沙田,,,,,,,,游水,,
H419,15/01/2025,踱步,沙田,內圈,沙田 內圈,,,,,,助手,,快踱一圈,H,內圈 快踱一圈 (助手)
H419,14/01/2025,游水,沙田,,沙田,,,,,,,,游水,,
H419,14/01/2025,踱步,沙田,內圈,沙田 內圈,,,,,,助手,,快踱一圈,H,內圈 快踱一圈 (助手)
H419,13/01/2025,游水,沙田,,沙田,,,,,,,,游水,,
H419,13/01/2025,踱步,沙田,內圈,沙田 內圈,,,,,,黃寶妮,,倒快兩圈,H,內圈 倒快兩圈 (黃寶妮)
H419,12/01/2025,游水,沙田,,沙田,,,,,,,,游水,,
H419,12/01/2025,踱步,沙田,內圈,沙田 內圈,,,,,,助手,,快踱一圈,H,內圈 快踱一圈 (助手)
H419,11/01/2025,游水,沙田,,沙田,,,,,,,,游水,,
H419,11/01/2025,踱步,沙田,內圈,沙田 內圈,,,,,,助手,,快踱一圈,H,內圈 快踱一圈 (助手)
H419,10/01/2025,游水,沙田,,沙田,,,,,,,,游水,,
H419,10/01/2025,踱步,沙田,飛機場,沙田 飛機場,,,,,,助手,,踱步,H,飛機場 踱步 (助手)
H419,09/01/2025,游水,沙田,,沙田,,,,,,,,游水,,
H419,09/01/2025,踱步,沙田,飛機場,沙田 飛機場,,,,,,助手,,踱步,H,飛機場 踱步 (助手)
H419,08/01/2025,游水,沙田,,沙田,,,,,,,,游水,,
H419,08/01/2025,踱步,沙田,飛機場,沙田 飛機場,,,,,,助手,,踱步,H,飛機場 踱步 (助手)
H419,07/01/2025,游水,沙田,,沙田,,,,,,,,游水,,
H419,07/01/2025,踱步,沙田,飛機場,沙田 飛機場,,,,,,助手,,踱步,H,飛機場 踱步 (助手)
H419,06/01/2025,游水,沙田,,沙田,,,,,,,,游水,,
H419,06/01/2025,踱步,沙田,飛機場,沙田 飛機場,,,,,,助手,,踱步,H,飛機場 踱步 (助手)
H419,05/01/2025,游水,沙田,,沙田,,,,,,,,游水,,
H419,04/01/2025,游水,沙田,,沙田,,,,,,,,游水,,
H419,04/01/2025,踱步,沙田,飛機場,沙田 飛機場,,,,,,助手,,踱步,H,飛機場 踱步 (助手)
H419,03/01/2025,游水,沙田,,沙田,,,,,,,,游水,,
H419,03/01/2025,踱步,沙田,飛機場,沙田 飛機場,,,,,,助手,,踱步,H,飛機場 踱步 (助手)
H419,02/01/2025,游水,沙田,,沙田,,,,,,,,游水,,
H419,02/01/2025,踱步,沙田,飛機場,沙田 飛機場,,,,,,助手,,踱步,H,飛機場 踱步 (助手)
H419,01/01/2025,游水,沙田,,沙田,,,,,,,,游水,,
H419,01/01/2025,踱步,沙田,飛機場,沙田 飛機場,,,,,,助手,,踱步,H,飛機場 踱步 (助手)
H419,31/12/2024,游水,沙田,,沙田,,,,,,,,游水,,
H419,31/12/2024,踱步,沙田,飛機場,沙田 飛機場,,,,,,助手,,踱步,H,飛機場 踱步 (助手)
H419,30/12/2024,游水,沙田,,沙田,,,,,,,,游水,,
H419,29/12/2024,游水,沙田,,沙田,,,,,,,,游水,,
H419,28/12/2024,游水,沙田,,沙田,,,,,,,,游水,,
H419,27/12/2024,游水,沙田,,沙田,,,,,,,,游水,,
H419,26/12/2024,出賽,跑馬地,草地,跑馬地 草地,1650M,,,,,潘明輝,10/12,出賽,B,1650M (潘明輝) (10/12)
H419,26/12/2024,踱步,沙田,飛機場,沙田 飛機場,,,,,,助手,,踱步,H,飛機場 踱步 (助手)
H419,25/12/2024,游水,沙田,,沙田,,,,,,,,游水,,
H419,25/12/2024,踱步,沙田,內圈,沙田 內圈,,,,,,助手,,快踱一圈,H,內圈 快踱一圈 (助手)
H419,24/12/2024,游水,沙田,,沙田,,,,,,,,游水,,
H419,24/12/2024,踱步,沙田,內圈,沙田 內圈,,,,,,助手,,快踱一圈,H,內圈 快踱一圈 (助手)
H419,23/12/2024,游水,沙田,,沙田,,,,,,,,游水,,
H419,23/12/2024,快操,沙田,全天候,沙田 全天候,,1.28.6,88.6,33.1 29.2 26.3,,潘明輝,,快操,,33.1 29.2 26.3 (1.28.6) (潘明輝)
H419,23/12/2024,踱步,沙田,飛機場,沙田 飛機場,,,,,,助手,,踱步,,飛機場 踱步 (助手)
H419,22/12/2024,踱步,沙田,內圈,沙田 內圈,,,,,,助手,,快踱一圈,H,內圈 快踱一圈 (助手)
H419,21/12/2024,游水,沙田,,沙田,,,,,,,,游水,,
H419,21/12/2024,踱步,沙田,內圈,沙田 內圈,,,,,,助手,,快踱一圈,H,內圈 快踱一圈 (助手)
H419,20/12/2024,游水,沙田,,沙田,,,,,,,,游水,,
H419,20/12/2024,踱步,沙田,內圈,沙田 內圈,,,,,,黃寶妮,,快踱一圈,H,內圈 快踱一圈 (黃寶妮)
H419,19/12/2024,游水,沙田,,沙田,,,,,,,,游水,,
H419,19/12/2024,踱步,沙田,飛機場,沙田 飛機場,,,,,,助手,,踱步,H,飛機場 踱步 (助手)
H419,18/12/2024,游水,沙田,,沙田,,,,,,,,游水,,
H419,17/12/2024,游水,沙田,,沙田,,,,,,,,游水,,
H419,16/12/2024,游水,沙田,,沙田,,,,,,,,游水,,
H419,15/12/2024,出賽,沙田,草地,沙田 草地,1600M,,,,,田泰安,12/14,出賽,B,1600M (田泰安) (12/14)
H419,15/12/2024,踱步,沙田,飛機場,沙田 飛機場,,,,,,助手,,踱步,H,飛機場 踱步 (助手)
H419,14/12/2024,游水,沙田,,沙田,,,,,,,,游水,,
H419,14/12/2024,踱步,沙田,內圈,沙田 內圈,,,,,,助手,,快踱一圈,H,內圈 快踱一圈 (助手)
H419,13/12/2024,游水,沙田,,沙田,,,,,,,,游水,,
H419,13/12/2024,快操,沙田,全天候,沙田 全天候,,29.3,29.3,29.3,,黃寶妮,,快操,H,29.3 (29.3) (黃寶妮)
H419,13/12/2024,踱步,沙田,飛機場,沙田 飛機場,,,,,,黃寶妮,,踱步,H,飛機場 踱步 (黃寶妮)
H419,12/12/2024,游水,沙田,,沙田,,,,,,,,游水,,
H419,12/12/2024,踱步,沙田,內圈,沙田 內圈,,,,,,黃寶妮,,倒快兩圈,H,內圈 倒快兩圈 (黃寶妮)
H419,11/12/2024,游水,沙田,,沙田,,,,,,,,游水,,
H419,11/12/2024,踱步,沙田,內圈,沙田 內圈,,,,,,黃寶妮,,快踱一圈,H,內圈 快踱一圈 (黃寶妮)
H419,10/12/2024,游水,沙田,,沙田,,,,,,,,游水,,
H419,10/12/2024,快操,沙田,全天候,沙田 全天候,,52.1,52.1,28.3 23.8,,田泰安,,馬利奧,,28.3 23.8 (52.1) (田泰安) 馬利奧
H419,10/12/2024,踱步,沙田,飛機場,沙田 飛機場,,,,,,助手,,踱步,,飛機場 踱步 (助手)
H419,09/12/2024,游水,沙田,,沙田,,,,,,,,游水,,
H419,09/12/2024,踱步,沙田,內圈,沙田 內圈,,,,,,助手,,倒快兩圈,H,內圈 倒快兩圈 (助手)
H419,08/12/2024,游水,沙田,,沙田,,,,,,,,游水,,
H419,08/12/2024,踱步,沙田,內圈,沙田 內圈,,,,,,助手,,快踱一圈,H,內圈 快踱一圈 (助手)
H419,07/12/2024,游水,沙田,,沙田,,,,,,,,游水,,
H419,07/12/2024,踱步,沙田,內圈,沙田 內圈,,,,,,助手,,快踱一圈,H,內圈 快踱一圈 (助手)
H419,06/12/2024,游水,沙田,,沙田,,,,,,,,游水,,
H419,06/12/2024,踱步,沙田,內圈,沙田 內圈,,,,,,助手,,快踱一圈,H,內圈 快踱一圈 (助手)
H419,05/12/2024,游水,沙田,,沙田,,,,,,,,游水,,
H419,05/12/2024,快操,沙田,全天候,沙田 全天候,,50.4,50.4,26.6 23.8,,田泰安,,威力非凡,,26.6 23.8 (50.4) (田泰安) 威力非凡
H419,05/12/2024,踱步,沙田,飛機場,沙田 飛機場,,,,,,助手,,踱步,,飛機場 踱步 (助手)
H419,04/12/2024,游水,沙田,,沙田,,,,,,,,游水,,
H419,03/12/2024,游水,沙田,,沙田,,,,,,,,游水,,
H419,03/12/2024,踱步,沙田,內圈,沙田 內圈,,,,,,黃寶妮,,快踱一圈,H,內圈 快踱一圈 (黃寶妮)
H419,02/12/2024,游水,沙田,,沙田,,,,,,,,游水,,
H419,02/12/2024,快操,沙田,全天候,沙田 全天候,,56.2,56.2,28.7 27.5,,田泰安,,快操,,28.7 27.5 (56.2) (田泰安)
H419,02/12/2024,踱步,沙田,飛機場,沙田 飛機場,,,,,,助手,,踱步,H,飛機場 踱步 (助手)
H419,01/12/2024,游水,沙田,,沙田,,,,,,,,游水,,
H419,01/12/2024,踱步,沙田,內圈,沙田 內圈,,,,,,助手,,快踱一圈,H,內圈 快踱一圈 (助手)
H419,30/11/2024,游水,沙田,,沙田,,,,,,,,游水,,
H419,30/11/2024,踱步,沙田,內圈,沙田 內圈,,,,,,助手,,快踱一圈,H,內圈 快踱一圈 (助手)
H419,29/11/2024,游水,沙田,,沙田,,,,,,,,游水,,
H419,29/11/2024,踱步,沙田,內圈,沙田 內圈,,,,,,助手,,快踱一圈,H,內圈 快踱一圈 (助手)
H419,28/11/2024,游水,沙田,,沙田,,,,,,,,游水,,
H419,28/11/2024,快操,沙田,全天候,沙田 全天候,,55.1,55.1,28.7 26.4,,黃寶妮,,北海盜,,28.7 26.4 (55.1) (黃寶妮) 北海盜
H419,28/11/2024,踱步,沙田,飛機場,沙田 飛機場,,,,,,黃寶妮,,踱步,,飛機場 踱步 (黃寶妮)
H419,27/11/2024,游水,沙田,,沙田,,,,,,,,游水,,
H419,27/11/2024,踱步,沙田,內圈,沙田 內圈,,,,,,助手,,快踱一圈,H,內圈 快踱一圈 (助手)
H419,26/11/2024,游水,沙田,,沙田,,,,,,,,游水,,
H419,26/11/2024,踱步,沙田,內圈,沙田 內圈,,,,,,助手,,快踱一圈,H,內圈 快踱一圈 (助手)
H419,25/11/2024,游水,沙田,,沙田,,,,,,,,游水,,
H419,25/11/2024,踱步,沙田,內圈,沙田 內圈,,,,,,助手,,倒快兩圈,H,內圈 倒快兩圈 (助手)
H419,24/11/2024,游水,沙田,,沙田,,,,,,,,游水,,
H419,24/11/2024,踱步,沙田,內圈,沙田 內圈,,,,,,助手,,快踱一圈,H,內圈 快踱一圈 (助手)
H419,23/11/2024,游水,沙田,,沙田,,,,,,,,游水,,
H419,23/11/2024,踱步,沙田,內圈,沙田 內圈,,,,,,助手,,快踱一圈,H,內圈 快踱一圈 (助手)
H419,22/11/2024,游水,沙田,,沙田,,,,,,,,游水,,
H419,21/11/2024,游水,沙田,,沙田,,,,,,,,游水,,
H419,20/11/2024,出賽,跑馬地,草地,跑馬地 草地,1650M,,,,,巴度,6/12,出賽,B,1650M (巴度) (6/12)
H419,20/11/2024,踱步,沙田,飛機場,沙田 飛機場,,,,,,助手,,踱步,H,飛機場 踱步 (助手)
H419,19/11/2024,游水,沙田,,沙田,,,,,,,,游水,,
H419,19/11/2024,踱步,沙田,內圈,沙田 內圈,,,,,,助手,,快踱一圈,H,內圈 快踱一圈 (助手)
H419,18/11/2024,游水,沙田,,沙田,,,,,,,,游水,,
H419,18/11/2024,快操,沙田,草閘,沙田 草閘,,47.9,47.9,23.5 24.4,,巴度,,快操,,23.5 24.4 (47.9) (巴度)
H419,18/11/2024,踱步,沙田,飛機場,沙田 飛機場,,,,,,助手,,踱步,,飛機場 踱步 (助手)
H419,17/11/2024,游水,沙田,,沙田,,,,,,,,游水,,
H419,17/11/2024,踱步,沙田,內圈,沙田 內圈,,,,,,助手,,快踱一圈,H,內圈 快踱一圈 (助手)
H419,16/11/2024,游水,沙田,,沙田,,,,,,,,游水,,
H419,16/11/2024,踱步,沙田,內圈,沙田 內圈,,,,,,助手,,快踱一圈,H,內圈 快踱一圈 (助手)
H419,15/11/2024,游水,沙田,,沙田,,,,,,,,游水,,
H419,15/11/2024,快操,沙田,全天候,沙田 全天候,,56.3,56.3,30.2 26.1,,黃寶妮,,快操,,30.2 26.1 (56.3) (黃寶妮)
H419,15/11/2024,踱步,沙田,飛機場,沙田 飛機場,,,,,,黃寶妮,,踱步,,飛機場 踱步 (黃寶妮)
H419,14/11/2024,游水,沙田,,沙田,,,,,,,,游水,,
H419,13/11/2024,游水,沙田,,沙田,,,,,,,,游水,,
H419,13/11/2024,踱步,沙田,內圈,沙田 內圈,,,,,,助手,,快踱一圈,H,內圈 快踱一圈 (助手)
H419,12/11/2024,游水,沙田,,沙田,,,,,,,,游水,,
H419,12/11/2024,踱步,沙田,內圈,沙田 內圈,,,,,,助手,,快踱一圈,H,內圈 快踱一圈 (助手)
H419,11/11/2024,游水,沙田,,沙田,,,,,,,,游水,,
H419,11/11/2024,踱步,沙田,內圈,沙田 內圈,,,,,,黃寶妮,,倒快一圈,H,內圈 倒快一圈 (黃寶妮)
H419,10/11/2024,游水,沙田,,沙田,,,,,,,,游水,,
H419,10/11/2024,踱步,沙田,內圈,沙田 內圈,,,,,,助手,,快踱一圈,H,內圈 快踱一圈 (助手)
H419,09/11/2024,游水,沙田,,沙田,,,,,,,,游水,,
H419,09/11/2024,踱步,沙田,內圈,沙田 內圈,,,,,,助手,,快踱一圈,H,內圈 快踱一圈 (助手)
H419,08/11/2024,游水,沙田,,沙田,,,,,,,,游水,,
H419,08/11/2024,踱步,沙田,內圈,沙田 內圈,,,,,,助手,,快踱一圈,H,內圈 快踱一圈 (助手)
H419,07/11/2024,游水,沙田,,沙田,,,,,,,,游水,,
H419,07/11/2024,踱步,沙田,內圈,沙田 內圈,,,,,,助手,,倒快兩圈,H,內圈 倒快兩圈 (助手)
H419,06/11/2024,游水,沙田,,沙田,,,,,,,,游水,,
H419,06/11/2024,踱步,沙田,內圈,沙田 內圈,,,,,,助手,,快踱一圈,H,內圈 快踱一圈 (助手)
H419,05/11/2024,游水,沙田,,沙田,,,,,,,,游水,,
H419,04/11/2024,游水,沙田,,沙田,,,,,,,,游水,,
H419,03/11/2024,出賽,沙田,草地,沙田 草地,1400M,,,,,湯普新,8/14,出賽,B,1400M (湯普新) (8/14)
H419,03/11/2024,踱步,沙田,飛機場,沙田 飛機場,,,,,,助手,,踱步,H,飛機場 踱步 (助手)
H419,02/11/2024,游水,沙田,,沙田,,,,,,,,游水,,
H419,02/11/2024,踱步,沙田,內圈,沙田 內圈,,,,,,助手,,快踱一圈,H,內圈 快踱一圈 (助手)
H419,01/11/2024,游水,沙田,,沙田,,,,,,,,游水,,
H419,01/11/2024,踱步,沙田,內圈,沙田 內圈,,,,,,助手,,快踱一圈,H,內圈 快踱一圈 (助手)
H419,30/10/2024,游水,從化,,從化,,,,,,,,游水,,
H419,30/10/2024,踱步,從化,內圈,從化 內圈,,,,,,助手,,快踱一圈,H,內圈 快踱一圈 (助手)
H419,29/10/2024,游水,從化,,從化,,,,,,,,游水,,
H419,29/10/2024,踱步,從化,內圈,從化 內圈,,,,,,助手,,快踱一圈,H,內圈 快踱一圈 (助手)
H419,28/10/2024,游水,從化,,從化,,,,,,,,游水,,
H419,28/10/2024,踱步,從化,內圈,從化 內圈,,,,,,助手,,倒快兩圈,H,內圈 倒快兩圈 (助手)
H419,27/10/2024,游水,從化,,從化,,,,,,,,游水,,
H419,27/10/2024,踱步,從化,內圈,從化 內圈,,,,,,副練馬師,,快踱一圈,H,內圈 快踱一圈 (副練馬師)
H419,26/10/2024,游水,從化,,從化,,,,,,,,游水,,
H419,25/10/2024,試閘,從化,草地,從化 草地,1200M,1.12.24,72.24,24.9 23.3 24.0,神駒馬靈,黃寶妮,,第8組,B,第8組 (黃寶妮) 1200M 神駒馬靈 24.9 23.3 24.0 (1.12.24)
H419,25/10/2024,踱步,從化,飛機場,從化 飛機場,,,,,,助手,,踱步,B,飛機場 踱步 (助手)
H419,24/10/2024,游水,從化,,從化,,,,,,,,游水,,
H419,24/10/2024,踱步,從化,內圈,從化 內圈,,,,,,助手,,倒快兩圈,H,內圈 倒快兩圈 (助手)
H419,23/10/2024,游水,從化,,從化,,,,,,,,游水,,
H419,23/10/2024,踱步,從化,內圈,從化 內圈,,,,,,助手,,快踱一圈,H,內圈 快踱一圈 (助手)
H419,22/10/2024,游水,從化,,從化,,,,,,,,游水,,
H419,22/10/2024,快操,從化,登山跑道,從化 登山跑道,,51.5,51.5,26.3 25.2,,助手,,快操,,26.3 25.2 (51.5) (助手)
H419,22/10/2024,踱步,從化,飛機場,從化 飛機場,,,,,,助手,,踱步,,飛機場 踱步 (助手)
H419,21/10/2024,游水,從化,,從化,,,,,,,,游水,,
H419,21/10/2024,踱步,從化,內圈,從化 內圈,,,,,,副練馬師,,倒快兩圈,H,內圈 倒快兩圈 (副練馬師)
H419,20/10/2024,游水,從化,,從化,,,,,,,,游水,,
H419,20/10/2024,踱步,從化,內圈,從化 內圈,,,,,,副練馬師,,快踱一圈,H,內圈 快踱一圈 (副練馬師)
H419,19/10/2024,游水,從化,,從化,,,,,,,,游水,,
H419,19/10/2024,踱步,從化,內圈,從化 內圈,,,,,,助手,,快踱一圈,H,內圈 快踱一圈 (助手)
H419,18/10/2024,游水,從化,,從化,,,,,,,,游水,,
H419,18/10/2024,快操,從化,全天候,從化 全天候,,52.1,52.1,28.2 23.9,,副練馬師,,快操,,28.2 23.9 (52.1) (副練馬師)
H419,18/10/2024,踱步,從化,飛機場,從化 飛機場,,,,,,副練馬師,,踱步,,飛機場 踱步 (副練馬師)
H419,17/10/2024,游水,從化,,從化,,,,,,,,游水,,
H419,17/10/2024,踱步,從化,內圈,從化 內圈,,,,,,副練馬師,,倒快兩圈,H,內圈 倒快兩圈 (副練馬師)
H419,16/10/2024,游水,從化,,從化,,,,,,,,游水,,
H419,16/10/2024,踱步,從化,內圈,從化 內圈,,,,,,副練馬師,,快踱一圈,H,內圈 快踱一圈 (副練馬師)
H419,15/10/2024,游水,從化,,從化,,,,,,,,游水,,
H419,15/10/2024,踱步,從化,內圈,從化 內圈,,,,,,助手,,快踱一圈,H,內圈 快踱一圈 (助手)
H419,14/10/2024,游水,從化,,從化,,,,,,,,游水,,
H419,14/10/2024,踱步,從化,內圈,從化 內圈,,,,,,助手,,倒快兩圈,H,內圈 倒快兩圈 (助手)
H419,13/10/2024,游水,從化,,從化,,,,,,,,游水,,
H419,13/10/2024,踱步,從化,內圈,從化 內圈,,,,,,助手,,快踱一圈,H,內圈 快踱一圈 (助手)
H419,12/10/2024,游水,從化,,從化,,,,,,,,游水,,
H419,11/10/2024,游水,從化,,從化,,,,,,,,游水,,
H419,10/10/2024,試閘,從化,草地,從化 草地,1200M,1.12.30,72.3,24.7 23.7 23.9,皇仁歡星,黃寶妮,,第7組,,第7組 (黃寶妮) 1200M 皇仁歡星 24.7 23.7 23.9 (1.12.30)
H419,10/10/2024,游水,從化,,從化,,,,,,,,游水,,
H419,10/10/2024,踱步,從化,飛機場,從化 飛機場,,,,,,助手,,踱步,,飛機場 踱步 (助手)
H419,09/10/2024,游水,從化,,從化,,,,,,,,游水,,
H419,09/10/2024,踱步,從化,內圈,從化 內圈,,,,,,副練馬師,,快踱一圈,H,內圈 快踱一圈 (副練馬師)
H419,08/10/2024,游水,從化,,從化,,,,,,,,游水,,
H419,08/10/2024,快操,從化,全天候,從化 全天候,,33.8,33.8,33.8,,助手,,快操,H,33.8 (33.8) (助手)
H419,08/10/2024,踱步,從化,飛機場,從化 飛機場,,,,,,助手,,踱步,H,飛機場 踱步 (助手)
H419,07/10/2024,游水,從化,,從化,,,,,,,,游水,,
H419,07/10/2024,踱步,從化,內圈,從化 內圈,,,,,,副練馬師,,倒快兩圈,H,內圈 倒快兩圈 (副練馬師)
H419,06/10/2024,游水,從化,,從化,,,,,,,,游水,,
H419,06/10/2024,踱步,從化,內圈,從化 內圈,,,,,,副練馬師,,快踱一圈,H,內圈 快踱一圈 (副練馬師)
H419,05/10/2024,游水,從化,,從化,,,,,,,,游水,,
H419,05/10/2024,快操,從化,登山跑道,從化 登山跑道,,51.5,51.5,25.8 25.7,,助手,,極速之星,,25.8 25.7 (51.5) (助手) 極速之星
H419,05/10/2024,踱步,從化,飛機場,從化 飛機場,,,,,,助手,,踱步,,飛機場 踱步 (助手)
H419,04/10/2024,游水,從化,,從化,,,,,,,,游水,,
H419,04/10/2024,踱步,從化,內圈,從化 內圈,,,,,,助手,,快踱一圈,H,內圈 快踱一圈 (助手)
H419,03/10/2024,游水,從化,,從化,,,,,,,,游水,,
H419,03/10/2024,踱步,從化,內圈,從化 內圈,,,,,,助手,,倒快兩圈,H,內圈 倒快兩圈 (助手)
H419,02/10/2024,游水,從化,,從化,,,,,,,,游水,,
H419,02/10/2024,踱步,從化,內圈,從化 內圈,,,,,,副練馬師,,快踱一圈,H,內圈 快踱一圈 (副練馬師)
H419,01/10/2024,游水,從化,,從化,,,,,,,,游水,,
H419,01/10/2024,快操,從化,登山跑道,從化 登山跑道,,51.1,51.1,25.6 25.5,,助手,,金德義,,25.6 25.5 (51.1) (助手) 金德義
H419,01/10/2024,踱步,從化,飛機場,從化 飛機場,,,,,,助手,,踱步,,飛機場 踱步 (助手)
H419,30/09/2024,游水,從化,,從化,,,,,,,,游水,,
H419,30/09/2024,踱步,從化,內圈,從化 內圈,,,,,,助手,,倒快兩圈,H,內圈 倒快兩圈 (助手)
H419,29/09/2024,游水,從化,,從化,,,,,,,,游水,,
H419,29/09/2024,踱步,從化,內圈,從化 內圈,,,,,,助手,,快踱一圈,H,內圈 快踱一圈 (助手)
H419,28/09/2024,游水,從化,,從化,,,,,,,,游水,,
H419,28/09/2024,踱步,從化,內圈,從化 內圈,,,,,,助手,,快踱一圈,H,內圈 快踱一圈 (助手)
H419,27/09/2024,游水,從化,,從化,,,,,,,,游水,,
H419,27/09/2024,快操,從化,全天候,從化 全天候,,54.3,54.3,29.0 25.3,,副練馬師,,快操,,29.0 25.3 (54.3) (副練馬師)
H419,27/09/2024,踱步,從化,飛機場,從化 飛機場,,,,,,副練馬師,,踱步,,飛機場 踱步 (副練馬師)
H419,26/09/2024,游水,從化,,從化,,,,,,,,游水,,
H419,26/09/2024,踱步,從化,內圈,從化 內圈,,,,,,副練馬師,,倒快兩圈,H,內圈 倒快兩圈 (副練馬師)
H419,25/09/2024,游水,從化,,從化,,,,,,,,游水,,
H419,25/09/2024,踱步,從化,內圈,從化 內圈,,,,,,助手,,快踱一圈,H,內圈 快踱一圈 (助手)
H419,24/09/2024,游水,從化,,從化,,,,,,,,游水,,
H419,24/09/2024,快操,從化,登山跑道,從化 登山跑道,,54.1,54.1,29.4 24.7,,助手,,快操,,29.4 24.7 (54.1) (助手)
H419,24/09/2024,踱步,從化,飛機場,從化 飛機場,,,,,,助手,,踱步,,飛機場 踱步 (助手)
H419,23/09/2024,游水,從化,,從化,,,,,,,,游水,,
H419,23/09/2024,踱步,從化,內圈,從化 內圈,,,,,,助手,,倒快兩圈,H,內圈 倒快兩圈 (助手)
H419,22/09/2024,游水,從化,,從化,,,,,,,,游水,,
H419,22/09/2024,踱步,從化,內圈,從化 內圈,,,,,,助手,,快踱一圈,H,內圈 快踱一圈 (助手)
H419,21/09/2024,游水,從化,,從化,,,,,,,,游水,,
H419,21/09/2024,踱步,從化,內圈,從化 內圈,,,,,,助手,,快踱一圈,H,內圈 快踱一圈 (助手)
H419,20/09/2024,游水,從化,,從化,,,,,,,,游水,,
H419,20/09/2024,踱步,從化,內圈,從化 內圈,,,,,,副練馬師,,快踱一圈,H,內圈 快踱一圈 (副練馬師)
H419,19/09/2024,游水,從化,,從化,,,,,,,,游水,,
H419,19/09/2024,快操,從化,全天候,從化 全天候,,53.8,53.8,28.1 25.7,,副練馬師,,快操,,28.1 25.7 (53.8) (副練馬師)
H419,19/09/2024,踱步,從化,飛機場,從化 飛機場,,,,,,副練馬師,,踱步,,飛機場 踱步 (副練馬師)
H419,18/09/2024,游水,從化,,從化,,,,,,,,游水,,
H419,18/09/2024,踱步,從化,內圈,從化 內圈,,,,,,助手,,快踱一圈,H,內圈 快踱一圈 (助手)
H419,17/09/2024,游水,從化,,從化,,,,,,,,游水,,
H419,17/09/2024,踱步,從化,內圈,從化 內圈,,,,,,副練馬師,,快踱一圈,H,內圈 快踱一圈 (副練馬師)
H419,16/09/2024,游水,從化,,從化,,,,,,,,游水,,
H419,16/09/2024,快操,從化,全天候,從化 全天候,,54.2,54.2,28.2 26.0,,副練馬師,,快操,H,28.2 26.0 (54.2) (副練馬師)
H419,16/09/2024,踱步,從化,飛機場,從化 飛機場,,,,,,副練馬師,,踱步,H,飛機場 踱步 (副練馬師)
H419,15/09/2024,游水,從化,,從化,,,,,,,,游水,,
H419,15/09/2024,踱步,從化,內圈,從化 內圈,,,,,,副練馬師,,快踱一圈,H,內圈 快踱一圈 (副練馬師)
H419,14/09/2024,游水,從化,,從化,,,,,,,,游水,,
H419,14/09/2024,踱步,從化,內圈,從化 內圈,,,,,,助手,,快踱一圈,H,內圈 快踱一圈 (助手)
H419,13/09/2024,游水,從化,,從化,,,,,,,,游水,,
H419,13/09/2024,踱步,從化,內圈,從化 內圈,,,,,,副練馬師,,快踱一圈,H,內圈 快踱一圈 (副練馬師)
H419,12/09/2024,游水,從化,,從化,,,,,,,,游水,,
H419,12/09/2024,快操,從化,全天候,從化 全天候,,56.4,56.4,28.7 27.7,,副練馬師,,快操,H,28.7 27.7 (56.4) (副練馬師)
H419,12/09/2024,踱步,從化,飛機場,從化 飛機場,,,,,,副練馬師,,踱步,H,飛機場 踱步 (副練馬師)
H419,11/09/2024,游水,從化,,從化,,,,,,,,游水,,
H419,11/09/2024,踱步,從化,內圈,從化 內圈,,,,,,助手,,快踱一圈,H,內圈 快踱一圈 (助手)
H419,10/09/2024,游水,從化,,從化,,,,,,,,游水,,
H419,10/09/2024,踱步,從化,內圈,從化 內圈,,,,,,助手,,快踱一圈,H,內圈 快踱一圈 (助手)
H419,09/09/2024,游水,從化,,從化,,,,,,,,游水,,
H419,09/09/2024,快操,從化,全天候,從化 全天候,,1.04.5,64.5,33.7 30.8,,助手,,快操,H,33.7 30.8 (1.04.5) (助手)
H419,09/09/2024,踱步,從化,飛機場,從化 飛機場,,,,,,助手,,踱步,H,飛機場 踱步 (助手)
H419,08/09/2024,游水,從化,,從化,,,,,,,,游水,,
H419,08/09/2024,踱步,從化,內圈,從化 內圈,,,,,,助手,,快踱一圈,H,內圈 快踱一圈 (助手)
H419,07/09/2024,游水,從化,,從化,,,,,,,,游水,,
H419,07/09/2024,踱步,從化,內圈,從化 內圈,,,,,,助手,,快踱一圈,H,內圈 快踱一圈 (助手)
H419,06/09/2024,游水,從化,,從化,,,,,,,,游水,,
H419,06/09/2024,踱步,從化,內圈,從化 內圈,,,,,,助手,,快踱一圈,H,內圈 快踱一圈 (助手)
H419,05/09/2024,游水,從化,,從化,,,,,,,,游水,,
H419,05/09/2024,踱步,從化,外圈,從化 外圈,,,,,,助手,,快踱一圈,H,外圈 快踱一圈 (助手)
H419,04/09/2024,游水,從化,,從化,,,,,,,,游水,,
H419,04/09/2024,踱步,從化,內圈,從化 內圈,,,,,,助手,,快踱一圈,H,內圈 快踱一圈 (助手)
H419,03/09/2024,游水,從化,,從化,,,,,,,,游水,,
H419,03/09/2024,踱步,從化,內圈,從化 內圈,,,,,,助手,,快踱一圈,H,內圈 快踱一圈 (助手)
H419,02/09/2024,游水,從化,,從化,,,,,,,,游水,,
H419,02/09/2024,踱步,從化,內圈,從化 內圈,,,,,,助手,,倒快兩圈,H,內圈 倒快兩圈 (助手)
H419,01/09/2024,游水,從化,,從化,,,,,,,,游水,,
H419,01/09/2024,踱步,從化,內圈,從化 內圈,,,,,,助手,,快踱一圈,H,內圈 快踱一圈 (助手)
H419,31/08/2024,游水,從化,,從化,,,,,,,,游水,,
H419,31/08/2024,踱步,從化,內圈,從化 內圈,,,,,,助手,,快踱一圈,H,內圈 快踱一圈 (助手)
H419,30/08/2024,游水,從化,,從化,,,,,,,,游水,,
H419,30/08/2024,踱步,從化,內圈,從化 內圈,,,,,,助手,,快踱一圈,H,內圈 快踱一圈 (助手)
H419,29/08/2024,游水,從化,,從化,,,,,,,,游水,,
H419,29/08/2024,踱步,從化,內圈,從化 內圈,,,,,,助手,,倒快一圈,H,內圈 倒快一圈 (助手)
H419,28/08/2024,游水,從化,,從化,,,,,,,,游水,,
H419,28/08/2024,踱步,從化,內圈,從化 內圈,,,,,,助手,,快踱一圈,H,內圈 快踱一圈 (助手)
H419,27/08/2024,游水,從化,,從化,,,,,,,,游水,,
H419,27/08/2024,踱步,從化,內圈,從化 內圈,,,,,,助手,,快踱一圈,H,內圈 快踱一圈 (助手)
H419,26/08/2024,游水,從化,,從化,,,,,,,,游水,,
H419,26/08/2024,踱步,從化,飛機場,從化 飛機場,,,,,,助手,,踱步,H,飛機場 踱步 (助手)
H419,25/08/2024,游水,從化,,從化,,,,,,,,游水,,
H419,25/08/2024,踱步,從化,內圈,從化 內圈,,,,,,助手,,快踱一圈,H,內圈 快踱一圈 (助手)
H419,24/08/2024,游水,從化,,從化,,,,,,,,游水,,
H419,24/08/2024,踱步,從化,內圈,從化 內圈,,,,,,助手,,快踱一圈,H,內圈 快踱一圈 (助手)
H419,23/08/2024,游水,從化,,從化,,,,,,,,游水,,
H419,23/08/2024,踱步,從化,飛機場,從化 飛機場,,,,,,助手,,踱步,H,飛機場 踱步 (助手)
H419,21/08/2024,游水,沙田,,沙田,,,,,,,,游水,,
H419,21/08/2024,踱步,沙田,飛機場,沙田 飛機場,,,,,,助手,,踱步,H,飛機場 踱步 (助手)
H419,20/08/2024,游水,沙田,,沙田,,,,,,,,游水,,
H419,20/08/2024,踱步,沙田,飛機場,沙田 飛機場,,,,,,助手,,踱步,H,飛機場 踱步 (助手)
H419,19/08/2024,游水,沙田,,沙田,,,,,,,,游水,,
H419,19/08/2024,踱步,沙田,飛機場,沙田 飛機場,,,,,,助手,,踱步,H,飛機場 踱步 (助手)
H419,18/08/2024,游水,沙田,,沙田,,,,,,,,游水,,
H419,17/08/2024,游水,沙田,,沙田,,,,,,,,游水,,
H419,16/08/2024,游水,沙田,,沙田,,,,,,,,游水,,
H419,15/08/2024,游水,沙田,,沙田,,,,,,,,游水,,
H419,14/08/2024,游水,沙田,,沙田,,,,,,,,游水,,
H419,13/08/2024,游水,沙田,,沙田,,,,,,,,游水,,
H419,12/08/2024,游水,沙田,,沙田,,,,,,,,游水,,
H419,14/07/2024,出賽,沙田,草地,沙田 草地,1400M,,,,,巴度,11/14,出賽,B,1400M (巴度) (11/14)
H419,13/07/2024,游水,沙田,,沙田,,,,,,,,游水,,
H419,13/07/2024,踱步,沙田,內圈,沙田 內圈,,,,,,助手,,快踱一圈,H,內圈 快踱一圈 (助手)
H419,12/07/2024,游水,沙田,,沙田,,,,,,,,游水,,
H419,12/07/2024,踱步,沙田,內圈,沙田 內圈,,,,,,助手,,快踱一圈,H,內圈 快踱一圈 (助手)
H419,11/07/2024,游水,沙田,,沙田,,,,,,,,游水,,
H419,11/07/2024,快操,沙田,全天候,沙田 全天候,,1.29.0,89.0,32.5 29.0 27.5,,巴度,,快操,,32.5 29.0 27.5 (1.29.0) (巴度)
H419,11/07/2024,踱步,沙田,飛機場,沙田 飛機場,,,,,,助手,,踱步,,飛機場 踱步 (助手)
H419,10/07/2024,游水,沙田,,沙田,,,,,,,,游水,,
H419,10/07/2024,踱步,沙田,內圈,沙田 內圈,,,,,,助手,,快踱一圈,H,內圈 快踱一圈 (助手)
H419,09/07/2024,游水,沙田,,沙田,,,,,,,,游水,,
H419,09/07/2024,踱步,沙田,內圈,沙田 內圈,,,,,,助手,,快踱一圈,H,內圈 快踱一圈 (助手)
H419,08/07/2024,游水,沙田,,沙田,,,,,,,,游水,,
H419,08/07/2024,踱步,沙田,內圈,沙田 內圈,,,,,,助手,,倒快兩圈,H,內圈 倒快兩圈 (助手)
H419,07/07/2024,游水,沙田,,沙田,,,,,,,,游水,,
H419,07/07/2024,踱步,沙田,內圈,沙田 內圈,,,,,,助手,,快踱一圈,H,內圈 快踱一圈 (助手)
H419,06/07/2024,游水,沙田,,沙田,,,,,,,,游水,,
H419,06/07/2024,快操,沙田,全天候,沙田 全天候,,52.8,52.8,27.3 25.5,,助手,,快操,,27.3 25.5 (52.8) (助手)
H419,06/07/2024,踱步,沙田,飛機場,沙田 飛機場,,,,,,助手,,踱步,,飛機場 踱步 (助手)
H419,05/07/2024,游水,沙田,,沙田,,,,,,,,游水,,
H419,05/07/2024,踱步,沙田,內圈,沙田 內圈,,,,,,助手,,快踱一圈,H,內圈 快踱一圈 (助手)
H419,04/07/2024,游水,沙田,,沙田,,,,,,,,游水,,
H419,04/07/2024,踱步,沙田,外圈,沙田 外圈,,,,,,助手,,快踱一圈,H,外圈 快踱一圈 (助手)
H419,03/07/2024,游水,沙田,,沙田,,,,,,,,游水,,
H419,03/07/2024,踱步,沙田,內圈,沙田 內圈,,,,,,助手,,快踱一圈,H,內圈 快踱一圈 (助手)
H419,02/07/2024,游水,沙田,,沙田,,,,,,,,游水,,
H419,02/07/2024,踱步,沙田,內圈,沙田 內圈,,,,,,助手,,快踱一圈,H,內圈 快踱一圈 (助手)
H419,01/07/2024,游水,沙田,,沙田,,,,,,,,游水,,
H419,01/07/2024,踱步,沙田,內圈,沙田 內圈,,,,,,助手,,倒快兩圈,H,內圈 倒快兩圈 (助手)
H419,30/06/2024,游水,沙田,,沙田,,,,,,,,游水,,
H419,30/06/2024,踱步,沙田,內圈,沙田 內圈,,,,,,助手,,快踱一圈,H,內圈 快踱一圈 (助手)
H419,29/06/2024,游水,沙田,,沙田,,,,,,,,游水,,
H419,29/06/2024,踱步,沙田,內圈,沙田 內圈,,,,,,助手,,快踱一圈,H,內圈 快踱一圈 (助手)
H419,28/06/2024,游水,沙田,,沙田,,,,,,,,游水,,
H419,28/06/2024,踱步,沙田,內圈,沙田 內圈,,,,,,助手,,快踱一圈,H,內圈 快踱一圈 (助手)
H419,27/06/2024,游水,沙田,,沙田,,,,,,,,游水,,
H419,27/06/2024,踱步,沙田,飛機場,沙田 飛機場,,,,,,助手,,踱步,H,飛機場 踱步 (助手)
H419,26/06/2024,游水,沙田,,沙田,,,,,,,,游水,,
H419,25/06/2024,游水,沙田,,沙田,,,,,,,,游水,,
H419,24/06/2024,游水,沙田,,沙田,,,,,,,,游水,,
H419,23/06/2024,出賽,沙田,草地,沙田 草地,1400M,,,,,巴度,10/14,出賽,B,1400M (巴度) (10/14)
H419,23/06/2024,踱步,沙田,飛機場,沙田 飛機場,,,,,,助手,,踱步,H,飛機場 踱步 (助手)
H419,22/06/2024,游水,沙田,,沙田,,,,,,,,游水,,
H419,22/06/2024,踱步,沙田,內圈,沙田 內圈,,,,,,助手,,快踱一圈,H,內圈 快踱一圈 (助手)
H419,21/06/2024,游水,沙田,,沙田,,,,,,,,游水,,
H419,21/06/2024,踱步,沙田,內圈,沙田 內圈,,,,,,助手,,快踱一圈,H,內圈 快踱一圈 (助手)
H419,20/06/2024,游水,沙田,,沙田,,,,,,,,游水,,
H419,20/06/2024,踱步,沙田,外圈,沙田 外圈,,,,,,助手,,快踱一圈,H,外圈 快踱一圈 (助手)
H419,19/06/2024,游水,沙田,,沙田,,,,,,,,游水,,
H419,19/06/2024,踱步,沙田,內圈,沙田 內圈,,,,,,助手,,快踱一圈,H,內圈 快踱一圈 (助手)
H419,18/06/2024,游水,沙田,,沙田,,,,,,,,游水,,
H419,18/06/2024,踱步,沙田,內圈,沙田 內圈,,,,,,助手,,快踱一圈,H,內圈 快踱一圈 (助手)
H419,17/06/2024,游水,沙田,,沙田,,,,,,,,游水,,
H419,17/06/2024,快操,沙田,草地,沙田 草地,,55.9,55.9,30.5 25.4,,助手,,快操,,30.5 25.4 (55.9) (助手)
H419,17/06/2024,踱步,沙田,飛機場,沙田 飛機場,,,,,,助手,,踱步,,飛機場 踱步 (助手)
H419,16/06/2024,游水,沙田,,沙田,,,,,,,,游水,,
H419,16/06/2024,踱步,沙田,內圈,沙田 內圈,,,,,,助手,,快踱一圈,H,內圈 快踱一圈 (助手)
H419,15/06/2024,游水,沙田,,沙田,,,,,,,,游水,,
H419,15/06/2024,踱步,沙田,內圈,沙田 內圈,,,,,,助手,,快踱一圈,H,內圈 快踱一圈 (助手)
H419,14/06/2024,游水,沙田,,沙田,,,,,,,,游水,,
H419,14/06/2024,踱步,沙田,內圈,沙田 內圈,,,,,,助手,,快踱一圈,H,內圈 快踱一圈 (助手)
H419,13/06/2024,游水,沙田,,沙田,,,,,,,,游水,,
H419,13/06/2024,快操,沙田,全天候,沙田 全天候,,54.4,54.4,27.9 26.5,,助手,,快操,,27.9 26.5 (54.4) (助手)
H419,13/06/2024,踱步,沙田,飛機場,沙田 飛機場,,,,,,助手,,踱步,,飛機場 踱步 (助手)
H419,12/06/2024,游水,沙田,,沙田,,,,,,,,游水,,
H419,12/06/2024,踱步,沙田,內圈,沙田 內圈,,,,,,助手,,快踱一圈,H,內圈 快踱一圈 (助手)
H419,11/06/2024,游水,沙田,,沙田,,,,,,,,游水,,
H419,11/06/2024,踱步,沙田,內圈,沙田 內圈,,,,,,助手,,快踱一圈,H,內圈 快踱一圈 (助手)
H419,10/06/2024,游水,沙田,,沙田,,,,,,,,游水,,
H419,10/06/2024,踱步,沙田,內圈,沙田 內圈,,,,,,助手,,倒快兩圈,H,內圈 倒快兩圈 (助手)
H419,09/06/2024,游水,沙田,,沙田,,,,,,,,游水,,
H419,09/06/2024,踱步,沙田,內圈,沙田 內圈,,,,,,助手,,快踱一圈,H,內圈 快踱一圈 (助手)
H419,08/06/2024,游水,沙田,,沙田,,,,,,,,游水,,
H419,08/06/2024,踱步,沙田,內圈,沙田 內圈,,,,,,助手,,快踱一圈,H,內圈 快踱一圈 (助手)
H419,07/06/2024,游水,沙田,,沙田,,,,,,,,游水,,
H419,07/06/2024,踱步,沙田,內圈,沙田 內圈,,,,,,助手,,快踱一圈,H,內圈 快踱一圈 (助手)
H419,06/06/2024,游水,沙田,,沙田,,,,,,,,游水,,
H419,06/06/2024,踱步,沙田,飛機場,沙田 飛機場,,,,,,助手,,踱步,H,飛機場 踱步 (助手)
H419,05/06/2024,游水,沙田,,沙田,,,,,,,,游水,,
H419,04/06/2024,試閘,沙田,草地,沙田 草地,1000M,0.58.94,58.94,13.6 22.1 23.2,威威父子,吳喬恩,,第3組,B,第3組 (吳喬恩) 1000M 威威父子 13.6 22.1 23.2 (0.58.94)
H419,04/06/2024,游水,沙田,,沙田,,,,,,,,游水,,
H419,03/06/2024,游水,沙田,,沙田,,,,,,,,游水,,
H419,03/06/2024,踱步,沙田,內圈,沙田 內圈,,,,,,助手,,倒快兩圈,H,內圈 倒快兩圈 (助手)
H419,02/06/2024,游水,沙田,,沙田,,,,,,,,游水,,
H419,02/06/2024,踱步,沙田,內圈,沙田 內圈,,,,,,助手,,快踱一圈,H,內圈 快踱一圈 (助手)
H419,01/06/2024,游水,沙田,,沙田,,,,,,,,游水,,
H419,01/06/2024,踱步,沙田,內圈,沙田 內圈,,,,,,助手,,快踱一圈,H,內圈 快踱一圈 (助手)
H419,31/05/2024,游水,沙田,,沙田,,,,,,,,游水,,
H419,31/05/2024,踱步,沙田,內圈,沙田 內圈,,,,,,助手,,快踱一圈,H,內圈 快踱一圈 (助手)
H419,30/05/2024,游水,沙田,,沙田,,,,,,,,游水,,
H419,30/05/2024,快操,沙田,全天候,沙田 全天候,,53.5,53.5,28.8 24.7,,助手,,快操,,28.8 24.7 (53.5) (助手)
H419,30/05/2024,踱步,沙田,飛機場,沙田 飛機場,,,,,,助手,,踱步,,飛機場 踱步 (助手)
H419,29/05/2024,游水,沙田,,沙田,,,,,,,,游水,,
H419,29/05/2024,踱步,沙田,內圈,沙田 內圈,,,,,,助手,,快踱一圈,H,內圈 快踱一圈 (助手)
H419,28/05/2024,游水,沙田,,沙田,,,,,,,,游水,,
H419,28/05/2024,踱步,沙田,內圈,沙田 內圈,,,,,,助手,,快踱一圈,H,內圈 快踱一圈 (助手)
H419,27/05/2024,游水,沙田,,沙田,,,,,,,,游水,,
H419,27/05/2024,快操,沙田,全天候,沙田 全天候,,57.6,57.6,28.3 29.3,,助手,,快操,,28.3 29.3 (57.6) (助手)
H419,27/05/2024,踱步,沙田,內圈,沙田 內圈,,,,,,助手,,倒快一圈,H,內圈 倒快一圈 (助手)
H419,26/05/2024,游水,沙田,,沙田,,,,,,,,游水,,
H419,26/05/2024,踱步,沙田,內圈,沙田 內圈,,,,,,助手,,快踱一圈,H,內圈 快踱一圈 (助手)
H419,25/05/2024,踱步,沙田,外圈,沙田 外圈,,,,,,助手,,快踱一圈,H,外圈 快踱一圈 (助手)
H419,24/05/2024,游水,沙田,,沙田,,,,,,,,游水,,
H419,24/05/2024,踱步,沙田,內圈,沙田 內圈,,,,,,助手,,快踱一圈,H,內圈 快踱一圈 (助手)
H419,23/05/2024,游水,沙田,,沙田,,,,,,,,游水,,
H419,23/05/2024,踱步,沙田,外圈,沙田 外圈,,,,,,助手,,快踱一圈,H,外圈 快踱一圈 (助手)
H419,22/05/2024,游水,沙田,,沙田,,,,,,,,游水,,
H419,22/05/2024,踱步,沙田,內圈,沙田 內圈,,,,,,助手,,快踱一圈,H,內圈 快踱一圈 (助手)
H419,21/05/2024,游水,沙田,,沙田,,,,,,,,游水,,
H419,21/05/2024,踱步,沙田,內圈,沙田 內圈,,,,,,助手,,快踱一圈,H,內圈 快踱一圈 (助手)
H419,20/05/2024,游水,沙田,,沙田,,,,,,,,游水,,
H419,20/05/2024,踱步,沙田,內圈,沙田 內圈,,,,,,助手,,倒快兩圈,H,內圈 倒快兩圈 (助手)
H419,19/05/2024,游水,沙田,,沙田,,,,,,,,游水,,
H419,19/05/2024,踱步,沙田,內圈,沙田 內圈,,,,,,助手,,快踱一圈,H,內圈 快踱一圈 (助手)
H419,18/05/2024,游水,沙田,,沙田,,,,,,,,游水,,
H419,18/05/2024,踱步,沙田,內圈,沙田 內圈,,,,,,助手,,快踱一圈,H,內圈 快踱一圈 (助手)
H419,17/05/2024,游水,沙田,,沙田,,,,,,,,游水,,
H419,17/05/2024,踱步,沙田,內圈,沙田 內圈,,,,,,助手,,快踱一圈,H,內圈 快踱一圈 (助手)
H419,16/05/2024,游水,沙田,,沙田,,,,,,,,游水,,
H419,16/05/2024,踱步,沙田,內圈,沙田 內圈,,,,,,助手,,倒快兩圈,H,內圈 倒快兩圈 (助手)
H419,15/05/2024,游水,沙田,,沙田,,,,,,,,游水,,
H419,15/05/2024,踱步,沙田,內圈,沙田 內圈,,,,,,助手,,快踱一圈,H,內圈 快踱一圈 (助手)
H419,14/05/2024,游水,沙田,,沙田,,,,,,,,游水,,
H419,14/05/2024,踱步,沙田,內圈,沙田 內圈,,,,,,助手,,快踱一圈,H,內圈 快踱一圈 (助手)
H419,13/05/2024,游水,沙田,,沙田,,,,,,,,游水,,
H419,13/05/2024,踱步,沙田,內圈,沙田 內圈,,,,,,助手,,倒快兩圈,H,內圈 倒快兩圈 (助手)
H419,12/05/2024,游水,沙田,,沙田,,,,,,,,游水,,
H419,12/05/2024,踱步,沙田,內圈,沙田 內圈,,,,,,助手,,快踱一圈,H,內圈 快踱一圈 (助手)
H419,11/05/2024,游水,沙田,,沙田,,,,,,,,游水,,
H419,11/05/2024,踱步,沙田,內圈,沙田 內圈,,,,,,助手,,快踱一圈,H,內圈 快踱一圈 (助手)
H419,10/05/2024,游水,沙田,,沙田,,,,,,,,游水,,
H419,10/05/2024,踱步,沙田,內圈,沙田 內圈,,,,,,助手,,快踱一圈,H,內圈 快踱一圈 (助手)
H419,09/05/2024,游水,沙田,,沙田,,,,,,,,游水,,
H419,09/05/2024,踱步,沙田,飛機場,沙田 飛機場,,,,,,助手,,踱步,H,飛機場 踱步 (助手)
H419,08/05/2024,游水,沙田,,沙田,,,,,,,,游水,,
H419,07/05/2024,游水,沙田,,沙田,,,,,,,,游水,,
H419,06/05/2024,游水,沙田,,沙田,,,,,,,,游水,,
H419,05/05/2024,出賽,沙田,草地,沙田 草地,1400M,,,,,巴度,12/14,出賽,B,1400M (巴度) (12/14)
H419,04/05/2024,游水,沙田,,沙田,,,,,,,,游水,,
H419,04/05/2024,踱步,沙田,內圈,沙田 內圈,,,,,,助手,,快踱一圈,H,內圈 快踱一圈 (助手)
H419,03/05/2024,游水,沙田,,沙田,,,,,,,,游水,,
H419,03/05/2024,踱步,沙田,內圈,沙田 內圈,,,,,,助手,,快踱一圈,H,內圈 快踱一圈 (助手)
H419,02/05/2024,游水,沙田,,沙田,,,,,,,,游水,,
H419,02/05/2024,快操,沙田,全天候,沙田 全天候,,30.0,30.0,30.0,,巴度,,快操,,30.0 (30.0) (巴度)
H419,02/05/2024,踱步,沙田,飛機場,沙田 飛機場,,,,,,助手,,踱步,,飛機場 踱步 (助手)
H419,01/05/2024,游水,沙田,,沙田,,,,,,,,游水,,
H419,01/05/2024,踱步,沙田,內圈,沙田 內圈,,,,,,助手,,快踱一圈,H,內圈 快踱一圈 (助手)
H419,30/04/2024,游水,沙田,,沙田,,,,,,,,游水,,
H419,30/04/2024,踱步,沙田,內圈,沙田 內圈,,,,,,助手,,快踱一圈,H,內圈 快踱一圈 (助手)
H419,29/04/2024,游水,沙田,,沙田,,,,,,,,游水,,
H419,29/04/2024,踱步,沙田,內圈,沙田 內圈,,,,,,助手,,倒快兩圈,H,內圈 倒快兩圈 (助手)
H419,28/04/2024,游水,沙田,,沙田,,,,,,,,游水,,
H419,28/04/2024,踱步,沙田,內圈,沙田 內圈,,,,,,助手,,快踱一圈,H,內圈 快踱一圈 (助手)
H419,27/04/2024,游水,沙田,,沙田,,,,,,,,游水,,
H419,26/04/2024,試閘,沙田,全天候,沙田 全天候,1200M,1.11.64,71.64,24.3 22.9 24.4,高氣派,巴度,,第2組,B,第2組 (巴度) 1200M 高氣派 24.3 22.9 24.4 (1.11.64)
H419,26/04/2024,游水,沙田,,沙田,,,,,,,,游水,,
H419,25/04/2024,游水,沙田,,沙田,,,,,,,,游水,,
H419,25/04/2024,踱步,沙田,內圈,沙田 內圈,,,,,,助手,,倒快兩圈,H,內圈 倒快兩圈 (助手)
H419,24/04/2024,游水,沙田,,沙田,,,,,,,,游水,,
H419,24/04/2024,踱步,沙田,內圈,沙田 內圈,,,,,,助手,,快踱一圈,H,內圈 快踱一圈 (助手)
H419,23/04/2024,游水,沙田,,沙田,,,,,,,,游水,,
H419,23/04/2024,快操,沙田,草地,沙田 草地,,1.28.9,88.9,34.5 29.0 25.4,,巴度,,賢者無敵,,34.5 29.0 25.4 (1.28.9) (巴度) 賢者無敵
H419,23/04/2024,踱步,沙田,飛機場,沙田 飛機場,,,,,,助手,,踱步,,飛機場 踱步 (助手)
H419,22/04/2024,游水,沙田,,沙田,,,,,,,,游水,,
H419,22/04/2024,踱步,沙田,內圈,沙田 內圈,,,,,,助手,,倒快一圈,H,內圈 倒快一圈 (助手)
H419,21/04/2024,游水,沙田,,沙田,,,,,,,,游水,,
H419,21/04/2024,踱步,沙田,內圈,沙田 內圈,,,,,,助手,,快踱一圈,H,內圈 快踱一圈 (助手)
H419,20/04/2024,游水,沙田,,沙田,,,,,,,,游水,,
H419,20/04/2024,踱步,沙田,內圈,沙田 內圈,,,,,,助手,,快踱一圈,H,內圈 快踱一圈 (助手)
H419,19/04/2024,游水,沙田,,沙田,,,,,,,,游水,,
H419,19/04/2024,踱步,沙田,內圈,沙田 內圈,,,,,,助手,,快踱一圈,H,內圈 快踱一圈 (助手)
H419,18/04/2024,游水,沙田,,沙田,,,,,,,,游水,,
H419,18/04/2024,快操,沙田,全天候,沙田 全天候,,58.0,58.0,30.9 27.1,,助手,,快操,,30.9 27.1 (58.0) (助手)
H419,18/04/2024,踱步,沙田,飛機場,沙田 飛機場,,,,,,助手,,踱步,,飛機場 踱步 (助手)
H419,17/04/2024,游水,沙田,,沙田,,,,,,,,游水,,
H419,17/04/2024,踱步,沙田,內圈,沙田 內圈,,,,,,助手,,快踱一圈,H,內圈 快踱一圈 (助手)
H419,16/04/2024,游水,沙田,,沙田,,,,,,,,游水,,
H419,16/04/2024,踱步,沙田,內圈,沙田 內圈,,,,,,助手,,快踱一圈,H,內圈 快踱一圈 (助手)
H419,15/04/2024,游水,沙田,,沙田,,,,,,,,游水,,
H419,15/04/2024,踱步,沙田,內圈,沙田 內圈,,,,,,助手,,倒快兩圈,H,內圈 倒快兩圈 (助手)
H419,14/04/2024,游水,沙田,,沙田,,,,,,,,游水,,
H419,13/04/2024,游水,沙田,,沙田,,,,,,,,游水,,
H419,12/04/2024,游水,沙田,,沙田,,,,,,,,游水,,
H419,11/04/2024,游水,沙田,,沙田,,,,,,,,游水,,
H419,10/04/2024,出賽,跑馬地,草地,跑馬地 草地,1650M,,,,,巴度,6/12,出賽,B,1650M (巴度) (6/12)
H419,10/04/2024,踱步,沙田,飛機場,沙田 飛機場,,,,,,助手,,踱步,H,飛機場 踱步 (助手)
H419,09/04/2024,游水,沙田,,沙田,,,,,,,,游水,,
H419,09/04/2024,踱步,沙田,內圈,沙田 內圈,,,,,,助手,,快踱一圈,H,內圈 快踱一圈 (助手)
H419,08/04/2024,游水,沙田,,沙田,,,,,,,,游水,,
H419,08/04/2024,快操,沙田,草地,沙田 草地,,50.9,50.9,26.3 24.6,,巴度,,快操,B,26.3 24.6 (50.9) (巴度)
H419,08/04/2024,踱步,沙田,飛機場,沙田 飛機場,,,,,,助手,,踱步,B,飛機場 踱步 (助手)
H419,07/04/2024,游水,沙田,,沙田,,,,,,,,游水,,
H419,07/04/2024,踱步,沙田,內圈,沙田 內圈,,,,,,助手,,快踱一圈,H,內圈 快踱一圈 (助手)
H419,06/04/2024,游水,沙田,,沙田,,,,,,,,游水,,
H419,06/04/2024,踱步,沙田,內圈,沙田 內圈,,,,,,助手,,快踱一圈,H,內圈 快踱一圈 (助手)
H419,05/04/2024,游水,沙田,,沙田,,,,,,,,游水,,
H419,05/04/2024,踱步,沙田,內圈,沙田 內圈,,,,,,助手,,快踱一圈,H,內圈 快踱一圈 (助手)
H419,04/04/2024,游水,沙田,,沙田,,,,,,,,游水,,
H419,04/04/2024,快操,沙田,全天候,沙田 全天候,,1.01.3,61.3,32.1 29.2,,巴度,,快操,,32.1 29.2 (1.01.3) (巴度)
H419,04/04/2024,踱步,沙田,飛機場,沙田 飛機場,,,,,,助手,,踱步,,飛機場 踱步 (助手)
H419,03/04/2024,游水,沙田,,沙田,,,,,,,,游水,,
H419,03/04/2024,踱步,沙田,內圈,沙田 內圈,,,,,,助手,,快踱一圈,H,內圈 快踱一圈 (助手)
H419,02/04/2024,游水,沙田,,沙田,,,,,,,,游水,,
H419,02/04/2024,踱步,沙田,內圈,沙田 內圈,,,,,,助手,,快踱一圈,H,內圈 快踱一圈 (助手)
H419,01/04/2024,游水,沙田,,沙田,,,,,,,,游水,,
H419,01/04/2024,踱步,沙田,內圈,沙田 內圈,,,,,,助手,,倒快兩圈,H,內圈 倒快兩圈 (助手)
H419,31/03/2024,游水,沙田,,沙田,,,,,,,,游水,,
H419,31/03/2024,踱步,沙田,內圈,沙田 內圈,,,,,,助手,,快踱一圈,H,內圈 快踱一圈 (助手)
H419,30/03/2024,游水,沙田,,沙田,,,,,,,,游水,,
H419,30/03/2024,踱步,沙田,內圈,沙田 內圈,,,,,,助手,,快踱一圈,H,內圈 快踱一圈 (助手)
H419,29/03/2024,游水,沙田,,沙田,,,,,,,,游水,,
H419,28/03/2024,游水,沙田,,沙田,,,,,,,,游水,,
H419,27/03/2024,出賽,跑馬地,草地,跑馬地 草地,1650M,,,,,巴度,8/12,出賽,B,1650M (巴度) (8/12)
H419,27/03/2024,踱步,沙田,飛機場,沙田 飛機場,,,,,,助手,,踱步,H,飛機場 踱步 (助手)
H419,26/03/2024,游水,沙田,,沙田,,,,,,,,游水,,
H419,26/03/2024,踱步,沙田,內圈,沙田 內圈,,,,,,助手,,快踱一圈,H,內圈 快踱一圈 (助手)
H419,25/03/2024,游水,沙田,,沙田,,,,,,,,游水,,
H419,25/03/2024,快操,沙田,全天候,沙田 全天候,,59.0,59.0,30.1 28.9,,巴度,,快操,,30.1 28.9 (59.0) (巴度)
H419,25/03/2024,踱步,沙田,飛機場,沙田 飛機場,,,,,,助手,,踱步,,飛機場 踱步 (助手)
H419,24/03/2024,游水,沙田,,沙田,,,,,,,,游水,,
H419,24/03/2024,踱步,沙田,內圈,沙田 內圈,,,,,,助手,,快踱一圈,H,內圈 快踱一圈 (助手)
H419,23/03/2024,游水,沙田,,沙田,,,,,,,,游水,,
H419,23/03/2024,踱步,沙田,內圈,沙田 內圈,,,,,,助手,,快踱一圈,H,內圈 快踱一圈 (助手)
H419,22/03/2024,游水,沙田,,沙田,,,,,,,,游水,,
H419,22/03/2024,踱步,沙田,內圈,沙田 內圈,,,,,,助手,,快踱一圈,H,內圈 快踱一圈 (助手)
H419,21/03/2024,游水,沙田,,沙田,,,,,,,,游水,,
H419,21/03/2024,快操,沙田,草閘,沙田 草閘,,49.6,49.6,25.1 24.5,,巴度,,快操,H,25.1 24.5 (49.6) (巴度) (伴跳馬)
H419,21/03/2024,踱步,沙田,飛機場,沙田 飛機場,,,,,,助手,,踱步,B,飛機場 踱步 (助手)
H419,20/03/2024,游水,沙田,,沙田,,,,,,,,游水,,
H419,20/03/2024,踱步,沙田,內圈,沙田 內圈,,,,,,助手,,快踱一圈,H,內圈 快踱一圈 (助手)
H419,19/03/2024,游水,沙田,,沙田,,,,,,,,游水,,
H419,19/03/2024,踱步,沙田,內圈,沙田 內圈,,,,,,助手,,快踱一圈,H,內圈 快踱一圈 (助手)
H419,18/03/2024,游水,沙田,,沙田,,,,,,,,游水,,
H419,18/03/2024,快操,沙田,全天候,沙田 全天候,,57.1,57.1,30.8 26.3,,巴度,,快操,,30.8 26.3 (57.1) (巴度)
H419,18/03/2024,踱步,沙田,飛機場,沙田 飛機場,,,,,,助手,,踱步,,飛機場 踱步 (助手)
H419,17/03/2024,游水,沙田,,沙田,,,,,,,,游水,,
H419,17/03/2024,踱步,沙田,內圈,沙田 內圈,,,,,,助手,,快踱一圈,H,內圈 快踱一圈 (助手)
H419,16/03/2024,游水,沙田,,沙田,,,,,,,,游水,,
H419,16/03/2024,踱步,沙田,內圈,沙田 內圈,,,,,,助手,,快踱一圈,H,內圈 快踱一圈 (助手)
H419,15/03/2024,游水,沙田,,沙田,,,,,,,,游水,,
H419,15/03/2024,踱步,沙田,內圈,沙田 內圈,,,,,,助手,,快踱一圈,H,內圈 快踱一圈 (助手)
H419,14/03/2024,游水,沙田,,沙田,,,,,,,,游水,,
H419,14/03/2024,快操,沙田,全天候,沙田 全天候,,54.4,54.4,28.0 26.4,,助手,,快操,B,28.0 26.4 (54.4) (助手)
H419,14/03/2024,踱步,沙田,飛機場,沙田 飛機場,,,,,,助手,,踱步,B,飛機場 踱步 (助手)
H419,13/03/2024,游水,沙田,,沙田,,,,,,,,游水,,
H419,13/03/2024,踱步,沙田,內圈,沙田 內圈,,,,,,助手,,快踱一圈,H,內圈 快踱一圈 (助手)
H419,12/03/2024,游水,沙田,,沙田,,,,,,,,游水,,
H419,12/03/2024,踱步,沙田,內圈,沙田 內圈,,,,,,助手,,快踱一圈,H,內圈 快踱一圈 (助手)
H419,11/03/2024,游水,沙田,,沙田,,,,,,,,游水,,
H419,11/03/2024,踱步,沙田,內圈,沙田 內圈,,,,,,助手,,倒快兩圈,H,內圈 倒快兩圈 (助手)
H419,10/03/2024,游水,沙田,,沙田,,,,,,,,游水,,
H419,10/03/2024,踱步,沙田,內圈,沙田 內圈,,,,,,助手,,快踱一圈,H,內圈 快踱一圈 (助手)
H419,09/03/2024,游水,沙田,,沙田,,,,,,,,游水,,
H419,09/03/2024,踱步,沙田,內圈,沙田 內圈,,,,,,助手,,快踱一圈,H,內圈 快踱一圈 (助手)
H419,08/03/2024,游水,沙田,,沙田,,,,,,,,游水,,
H419,08/03/2024,踱步,沙田,內圈,沙田 內圈,,,,,,助手,,快踱一圈,H,內圈 快踱一圈 (助手)
H419,07/03/2024,游水,沙田,,沙田,,,,,,,,游水,,
H419,07/03/2024,踱步,沙田,飛機場,沙田 飛機場,,,,,,助手,,踱步,H,飛機場 踱步 (助手)
H419,06/03/2024,游水,沙田,,沙田,,,,,,,,游水,,
H419,05/03/2024,游水,沙田,,沙田,,,,,,,,游水,,
H419,04/03/2024,游水,沙田,,沙田,,,,,,,,游水,,
H419,03/03/2024,出賽,沙田,草地,沙田 草地,1400M,,,,,巴度,7/14,出賽,H-/B1,1400M (巴度) (7/14)
H419,03/03/2024,踱步,沙田,飛機場,沙田 飛機場,,,,,,助手,,踱步,H,飛機場 踱步 (助手)
H419,02/03/2024,游水,沙田,,沙田,,,,,,,,游水,,
H419,02/03/2024,踱步,沙田,內圈,沙田 內圈,,,,,,助手,,快踱一圈,H,內圈 快踱一圈 (助手)
H419,01/03/2024,游水,沙田,,沙田,,,,,,,,游水,,
H419,01/03/2024,快操,沙田,全天候,沙田 全天候,,56.7,56.7,30.3 26.4,,助手,,快操,,30.3 26.4 (56.7) (助手)
H419,01/03/2024,踱步,沙田,飛機場,沙田 飛機場,,,,,,助手,,踱步,,飛機場 踱步 (助手)
H419,29/02/2024,游水,沙田,,沙田,,,,,,,,游水,,
H419,28/02/2024,游水,沙田,,沙田,,,,,,,,游水,,
H419,28/02/2024,踱步,沙田,內圈,沙田 內圈,,,,,,助手,,快踱一圈,H,內圈 快踱一圈 (助手)
H419,27/02/2024,游水,沙田,,沙田,,,,,,,,游水,,
H419,27/02/2024,踱步,沙田,內圈,沙田 內圈,,,,,,助手,,快踱一圈,H,內圈 快踱一圈 (助手)
H419,26/02/2024,游水,沙田,,沙田,,,,,,,,游水,,
H419,26/02/2024,快操,沙田,草地,沙田 草地,,53.6,53.6,27.2 26.4,,巴度,,快操,H,27.2 26.4 (53.6) (巴度)
H419,26/02/2024,踱步,沙田,飛機場,沙田 飛機場,,,,,,助手,,踱步,B,飛機場 踱步 (助手)
H419,25/02/2024,游水,沙田,,沙田,,,,,,,,游水,,
H419,25/02/2024,踱步,沙田,內圈,沙田 內圈,,,,,,助手,,快踱一圈,H,內圈 快踱一圈 (助手)
H419,24/02/2024,游水,沙田,,沙田,,,,,,,,游水,,
H419,24/02/2024,踱步,沙田,內圈,沙田 內圈,,,,,,助手,,快踱一圈,H,內圈 快踱一圈 (助手)
H419,23/02/2024,游水,沙田,,沙田,,,,,,,,游水,,
H419,23/02/2024,踱步,沙田,內圈,沙田 內圈,,,,,,助手,,快踱一圈,H,內圈 快踱一圈 (助手)
H419,22/02/2024,游水,沙田,,沙田,,,,,,,,游水,,
H419,22/02/2024,踱步,沙田,內圈,沙田 內圈,,,,,,助手,,倒快兩圈,H,內圈 倒快兩圈 (助手)
H419,21/02/2024,游水,沙田,,沙田,,,,,,,,游水,,
H419,21/02/2024,踱步,沙田,內圈,沙田 內圈,,,,,,助手,,快踱一圈,H,內圈 快踱一圈 (助手)
H419,20/02/2024,游水,沙田,,沙田,,,,,,,,游水,,
H419,20/02/2024,踱步,沙田,內圈,沙田 內圈,,,,,,助手,,快踱一圈,H,內圈 快踱一圈 (助手)
H419,19/02/2024,游水,沙田,,沙田,,,,,,,,游水,,
H419,19/02/2024,踱步,沙田,飛機場,沙田 飛機場,,,,,,助手,,踱步,H,飛機場 踱步 (助手)
H419,18/02/2024,游水,沙田,,沙田,,,,,,,,游水,,
H419,17/02/2024,試閘,跑馬地,草地,跑馬地 草地,1200M,1.12.44,72.44,25.0 23.4 24.0,佳運發,巴度,,第4組,B,第4組 (巴度) 1200M 佳運發 25.0 23.4 24.0 (1.12.44)
H419,17/02/2024,游水,沙田,,沙田,,,,,,,,游水,,
H419,16/02/2024,游水,沙田,,沙田,,,,,,,,游水,,
H419,16/02/2024,踱步,沙田,內圈,沙田 內圈,,,,,,助手,,快踱一圈,H,內圈 快踱一圈 (助手)
H419,15/02/2024,游水,沙田,,沙田,,,,,,,,游水,,
H419,15/02/2024,踱步,沙田,外圈,沙田 外圈,,,,,,助手,,快踱一圈,B,外圈 快踱一圈 (助手)
H419,14/02/2024,游水,沙田,,沙田,,,,,,,,游水,,
H419,14/02/2024,踱步,沙田,內圈,沙田 內圈,,,,,,助手,,快踱一圈,H,內圈 快踱一圈 (助手)
H419,13/02/2024,游水,沙田,,沙田,,,,,,,,游水,,
H419,13/02/2024,踱步,沙田,內圈,沙田 內圈,,,,,,助手,,快踱一圈,H,內圈 快踱一圈 (助手)
H419,12/02/2024,游水,沙田,,沙田,,,,,,,,游水,,
H419,12/02/2024,踱步,沙田,內圈,沙田 內圈,,,,,,助手,,倒快兩圈,H,內圈 倒快兩圈 (助手)
H419,11/02/2024,游水,沙田,,沙田,,,,,,,,游水,,
H419,11/02/2024,踱步,沙田,內圈,沙田 內圈,,,,,,助手,,快踱一圈,H,內圈 快踱一圈 (助手)
H419,09/02/2024,游水,沙田,,沙田,,,,,,,,游水,,
H419,09/02/2024,踱步,沙田,內圈,沙田 內圈,,,,,,助手,,快踱一圈,H,內圈 快踱一圈 (助手)
H419,08/02/2024,游水,沙田,,沙田,,,,,,,,游水,,
H419,08/02/2024,踱步,沙田,飛機場,沙田 飛機場,,,,,,助手,,踱步,H,飛機場 踱步 (助手)
H419,07/02/2024,游水,沙田,,沙田,,,,,,,,游水,,
H419,06/02/2024,試閘,沙田,草地,沙田 草地,1600M,1.37.38,97.38,24.0 23.4 26.3 23.6,浪漫勇士,巴度,,第8組,,第8組 (巴度) 1600M 浪漫勇士 24.0 23.4 26.3 23.6 (1.37.38)
H419,06/02/2024,游水,沙田,,沙田,,,,,,,,游水,,
H419,05/02/2024,游水,沙田,,沙田,,,,,,,,游水,,
H419,05/02/2024,踱步,沙田,內圈,沙田 內圈,,,,,,助手,,倒快兩圈,H,內圈 倒快兩圈 (助手)
H419,04/02/2024,游水,沙田,,沙田,,,,,,,,游水,,
H419,04/02/2024,踱步,沙田,內圈,沙田 內圈,,,,,,助手,,快踱一圈,H,內圈 快踱一圈 (助手)
H419,03/02/2024,快操,沙田,全天候,沙田 全天候,,54.1,54.1,27.7 26.4,,助手,,快操,,27.7 26.4 (54.1) (助手)
H419,03/02/2024,踱步,沙田,飛機場,沙田 飛機場,,,,,,助手,,踱步,,飛機場 踱步 (助手)
H419,02/02/2024,游水,沙田,,沙田,,,,,,,,游水,,
H419,02/02/2024,踱步,沙田,內圈,沙田 內圈,,,,,,助手,,快踱一圈,H,內圈 快踱一圈 (助手)
H419,01/02/2024,游水,沙田,,沙田,,,,,,,,游水,,
H419,01/02/2024,踱步,沙田,內圈,沙田 內圈,,,,,,助手,,倒快兩圈,H,內圈 倒快兩圈 (助手)
H419,31/01/2024,游水,沙田,,沙田,,,,,,,,游水,,
H419,31/01/2024,踱步,沙田,內圈,沙田 內圈,,,,,,助手,,快踱一圈,H,內圈 快踱一圈 (助手)
H419,30/01/2024,游水,沙田,,沙田,,,,,,,,游水,,
H419,30/01/2024,快操,沙田,全天候,沙田 全天候,,54.4,54.4,29.9 24.5,,巴度,,馬利奧,,29.9 24.5 (54.4) (巴度) 馬利奧
H419,29/01/2024,游水,沙田,,沙田,,,,,,,,游水,,
H419,29/01/2024,踱步,沙田,內圈,沙田 內圈,,,,,,助手,,倒快兩圈,H,內圈 倒快兩圈 (助手)
H419,28/01/2024,游水,沙田,,沙田,,,,,,,,游水,,
H419,28/01/2024,踱步,沙田,內圈,沙田 內圈,,,,,,助手,,快踱一圈,H,內圈 快踱一圈 (助手)
H419,27/01/2024,快操,沙田,全天候,沙田 全天候,,56.3,56.3,29.2 27.1,,助手,,快操,H,29.2 27.1 (56.3) (助手)
H419,27/01/2024,踱步,沙田,飛機場,沙田 飛機場,,,,,,助手,,踱步,H,飛機場 踱步 (助手)
H419,26/01/2024,游水,沙田,,沙田,,,,,,,,游水,,
H419,26/01/2024,踱步,沙田,內圈,沙田 內圈,,,,,,助手,,快踱一圈,H,內圈 快踱一圈 (助手)
H419,25/01/2024,游水,沙田,,沙田,,,,,,,,游水,,
H419,25/01/2024,踱步,沙田,內圈,沙田 內圈,,,,,,助手,,倒快兩圈,H,內圈 倒快兩圈 (助手)
H419,24/01/2024,游水,沙田,,沙田,,,,,,,,游水,,
H419,24/01/2024,踱步,沙田,內圈,沙田 內圈,,,,,,助手,,快踱一圈,H,內圈 快踱一圈 (助手)
H419,23/01/2024,游水,沙田,,沙田,,,,,,,,游水,,
H419,23/01/2024,快操,沙田,全天候,沙田 全天候,,52.5,52.5,28.7 23.8,,助手,,專家,,28.7 23.8 (52.5) (助手) 專家
H419,23/01/2024,踱步,沙田,飛機場,沙田 飛機場,,,,,,助手,,踱步,,飛機場 踱步 (助手)
H419,22/01/2024,游水,沙田,,沙田,,,,,,,,游水,,
H419,22/01/2024,踱步,沙田,內圈,沙田 內圈,,,,,,助手,,倒快兩圈,H,內圈 倒快兩圈 (助手)
H419,21/01/2024,游水,沙田,,沙田,,,,,,,,游水,,
H419,21/01/2024,踱步,沙田,內圈,沙田 內圈,,,,,,助手,,快踱一圈,H,內圈 快踱一圈 (助手)
H419,20/01/2024,游水,沙田,,沙田,,,,,,,,游水,,
H419,20/01/2024,踱步,沙田,內圈,沙田 內圈,,,,,,助手,,快踱一圈,H,內圈 快踱一圈 (助手)
H419,19/01/2024,游水,沙田,,沙田,,,,,,,,游水,,
H419,19/01/2024,踱步,沙田,內圈,沙田 內圈,,,,,,助手,,快踱一圈,H,內圈 快踱一圈 (助手)
H419,18/01/2024,游水,沙田,,沙田,,,,,,,,游水,,
H419,18/01/2024,踱步,沙田,內圈,沙田 內圈,,,,,,助手,,倒快兩圈,H,內圈 倒快兩圈 (助手)
H419,17/01/2024,游水,沙田,,沙田,,,,,,,,游水,,
H419,17/01/2024,踱步,沙田,內圈,沙田 內圈,,,,,,助手,,快踱一圈,H,內圈 快踱一圈 (助手)
H419,16/01/2024,游水,沙田,,沙田,,,,,,,,游水,,
H419,16/01/2024,踱步,沙田,內圈,沙田 內圈,,,,,,助手,,快踱一圈,H,內圈 快踱一圈 (助手)
H419,15/01/2024,游水,沙田,,沙田,,,,,,,,游水,,
H419,14/01/2024,游水,沙田,,沙田,,,,,,,,游水,,
H419,13/01/2024,出賽,沙田,草地,沙田 草地,1600M,,,,,巫顯東,11/14,出賽,H,1600M (巫顯東) (11/14)
H419,13/01/2024,踱步,沙田,飛機場,沙田 飛機場,,,,,,助手,,踱步,H,飛機場 踱步 (助手)
H419,12/01/2024,游水,沙田,,沙田,,,,,,,,游水,,
H419,12/01/2024,踱步,沙田,內圈,沙田 內圈,,,,,,助手,,快踱一圈,H,內圈 快踱一圈 (助手)
H419,11/01/2024,游水,沙田,,沙田,,,,,,,,游水,,
H419,11/01/2024,踱步,沙田,外圈,沙田 外圈,,,,,,助手,,快踱一圈,H,外圈 快踱一圈 (助手)
H419,10/01/2024,游水,沙田,,沙田,,,,,,,,游水,,
H419,10/01/2024,踱步,沙田,內圈,沙田 內圈,,,,,,助手,,快踱一圈,H,內圈 快踱一圈 (助手)
H419,09/01/2024,游水,沙田,,沙田,,,,,,,,游水,,
H419,09/01/2024,踱步,沙田,內圈,沙田 內圈,,,,,,助手,,快踱一圈,H,內圈 快踱一圈 (助手)
H419,08/01/2024,游水,沙田,,沙田,,,,,,,,游水,,
H419,08/01/2024,快操,沙田,全天候,沙田 全天候,,54.7,54.7,29.2 25.5,,董明朗,,金駿星,,29.2 25.5 (54.7) (董明朗) 金駿星
H419,08/01/2024,踱步,沙田,飛機場,沙田 飛機場,,,,,,助手,,踱步,,飛機場 踱步 (助手)
H419,07/01/2024,游水,沙田,,沙田,,,,,,,,游水,,
H419,07/01/2024,踱步,沙田,內圈,沙田 內圈,,,,,,助手,,快踱一圈,H,內圈 快踱一圈 (助手)
H419,06/01/2024,游水,沙田,,沙田,,,,,,,,游水,,
H419,06/01/2024,踱步,沙田,內圈,沙田 內圈,,,,,,助手,,快踱一圈,H,內圈 快踱一圈 (助手)
H419,05/01/2024,游水,沙田,,沙田,,,,,,,,游水,,
H419,05/01/2024,踱步,沙田,內圈,沙田 內圈,,,,,,助手,,快踱一圈,H,內圈 快踱一圈 (助手)
H419,04/01/2024,游水,沙田,,沙田,,,,,,,,游水,,
H419,04/01/2024,快操,沙田,全天候,沙田 全天候,,55.9,55.9,28.8 27.1,,助手,,快操,H,28.8 27.1 (55.9) (助手)
H419,04/01/2024,踱步,沙田,飛機場,沙田 飛機場,,,,,,助手,,踱步,H,飛機場 踱步 (助手)
H419,03/01/2024,游水,沙田,,沙田,,,,,,,,游水,,
H419,03/01/2024,踱步,沙田,內圈,沙田 內圈,,,,,,助手,,快踱一圈,H,內圈 快踱一圈 (助手)
H419,02/01/2024,游水,沙田,,沙田,,,,,,,,游水,,
H419,02/01/2024,踱步,沙田,內圈,沙田 內圈,,,,,,助手,,快踱一圈,H,內圈 快踱一圈 (助手)
H419,01/01/2024,游水,沙田,,沙田,,,,,,,,游水,,
H419,01/01/2024,踱步,沙田,內圈,沙田 內圈,,,,,,助手,,倒快兩圈,H,內圈 倒快兩圈 (助手)
H419,31/12/2023,游水,沙田,,沙田,,,,,,,,游水,,
H419,31/12/2023,踱步,沙田,內圈,沙田 內圈,,,,,,助手,,快踱一圈,H,內圈 快踱一圈 (助手)
H419,30/12/2023,游水,沙田,,沙田,,,,,,,,游水,,
H419,30/12/2023,踱步,沙田,內圈,沙田 內圈,,,,,,助手,,快踱一圈,H,內圈 快踱一圈 (助手)
H419,29/12/2023,游水,沙田,,沙田,,,,,,,,游水,,
H419,28/12/2023,游水,沙田,,沙田,,,,,,,,游水,,
H419,27/12/2023,游水,沙田,,沙田,,,,,,,,游水,,
H419,26/12/2023,出賽,沙田,草地,沙田 草地,1200M,,,,,巴度,9/11,出賽,H1,1200M (巴度) (9/11)
H419,26/12/2023,踱步,沙田,飛機場,沙田 飛機場,,,,,,助手,,踱步,H,飛機場 踱步 (助手)
H419,25/12/2023,游水,沙田,,沙田,,,,,,,,游水,,
H419,25/12/2023,踱步,沙田,內圈,沙田 內圈,,,,,,助手,,倒快兩圈,H,內圈 倒快兩圈 (助手)
H419,24/12/2023,游水,沙田,,沙田,,,,,,,,游水,,
H419,24/12/2023,踱步,沙田,內圈,沙田 內圈,,,,,,助手,,快踱一圈,H,內圈 快踱一圈 (助手)
H419,23/12/2023,游水,沙田,,沙田,,,,,,,,游水,,
H419,23/12/2023,踱步,沙田,內圈,沙田 內圈,,,,,,助手,,快踱一圈,H,內圈 快踱一圈 (助手)
H419,22/12/2023,游水,沙田,,沙田,,,,,,,,游水,,
H419,22/12/2023,踱步,沙田,內圈,沙田 內圈,,,,,,助手,,快踱一圈,H,內圈 快踱一圈 (助手)
H419,21/12/2023,游水,沙田,,沙田,,,,,,,,游水,,
H419,21/12/2023,快操,沙田,全天候,沙田 全天候,,1.25.6,85.6,32.6 28.1 24.9,,助手,,快操,,32.6 28.1 24.9 (1.25.6) (助手)
H419,21/12/2023,踱步,沙田,飛機場,沙田 飛機場,,,,,,助手,,踱步,,飛機場 踱步 (助手)
H419,20/12/2023,游水,沙田,,沙田,,,,,,,,游水,,
H419,20/12/2023,踱步,沙田,內圈,沙田 內圈,,,,,,助手,,快踱一圈,H,內圈 快踱一圈 (助手)
H419,19/12/2023,游水,沙田,,沙田,,,,,,,,游水,,
H419,19/12/2023,踱步,沙田,內圈,沙田 內圈,,,,,,助手,,快踱一圈,H,內圈 快踱一圈 (助手)
H419,18/12/2023,游水,沙田,,沙田,,,,,,,,游水,,
H419,18/12/2023,踱步,沙田,內圈,沙田 內圈,,,,,,助手,,倒快一圈,H,內圈 倒快一圈 (助手)
H419,17/12/2023,游水,沙田,,沙田,,,,,,,,游水,,
H419,17/12/2023,踱步,沙田,內圈,沙田 內圈,,,,,,助手,,快踱一圈,H,內圈 快踱一圈 (助手)
H419,16/12/2023,游水,沙田,,沙田,,,,,,,,游水,,
H419,16/12/2023,踱步,沙田,內圈,沙田 內圈,,,,,,助手,,快踱一圈,H,內圈 快踱一圈 (助手)
H419,15/12/2023,游水,沙田,,沙田,,,,,,,,游水,,
H419,15/12/2023,踱步,沙田,內圈,沙田 內圈,,,,,,助手,,快踱一圈,H,內圈 快踱一圈 (助手)
H419,14/12/2023,游水,沙田,,沙田,,,,,,,,游水,,
H419,13/12/2023,游水,沙田,,沙田,,,,,,,,游水,,
H419,12/12/2023,游水,沙田,,沙田,,,,,,,,游水,,
H419,11/12/2023,游水,沙田,,沙田,,,,,,,,游水,,
H419,10/12/2023,出賽,沙田,草地,沙田 草地,1200M,,,,,霍宏聲,11/14,出賽,,1200M (霍宏聲) (11/14)
H419,09/12/2023,游水,沙田,,沙田,,,,,,,,游水,,
H419,09/12/2023,踱步,沙田,內圈,沙田 內圈,,,,,,助手,,快踱一圈,H,內圈 快踱一圈 (助手)
H419,08/12/2023,游水,沙田,,沙田,,,,,,,,游水,,
H419,08/12/2023,快操,沙田,全天候,沙田 全天候,,58.0,58.0,29.4 28.6,,助手,,快操,,29.4 28.6 (58.0) (助手)
H419,08/12/2023,踱步,沙田,飛機場,沙田 飛機場,,,,,,助手,,踱步,H,飛機場 踱步 (助手)
H419,07/12/2023,游水,沙田,,沙田,,,,,,,,游水,,
H419,07/12/2023,踱步,沙田,內圈,沙田 內圈,,,,,,助手,,倒快兩圈,H,內圈 倒快兩圈 (助手)
H419,06/12/2023,游水,沙田,,沙田,,,,,,,,游水,,
H419,06/12/2023,踱步,沙田,內圈,沙田 內圈,,,,,,助手,,快踱一圈,H,內圈 快踱一圈 (助手)
H419,05/12/2023,游水,沙田,,沙田,,,,,,,,游水,,
H419,05/12/2023,踱步,沙田,內圈,沙田 內圈,,,,,,助手,,快踱一圈,H,內圈 快踱一圈 (助手)
H419,04/12/2023,游水,沙田,,沙田,,,,,,,,游水,,
H419,04/12/2023,快操,沙田,草閘,沙田 草閘,,47.5,47.5,24.4 23.1,,董明朗,,福國寶,,24.4 23.1 (47.5) (董明朗) 福國寶
H419,04/12/2023,踱步,沙田,飛機場,沙田 飛機場,,,,,,助手,,踱步,,飛機場 踱步 (助手)
H419,03/12/2023,游水,沙田,,沙田,,,,,,,,游水,,
H419,03/12/2023,踱步,沙田,內圈,沙田 內圈,,,,,,助手,,快踱一圈,H,內圈 快踱一圈 (助手)
H419,02/12/2023,游水,沙田,,沙田,,,,,,,,游水,,
H419,02/12/2023,踱步,沙田,內圈,沙田 內圈,,,,,,助手,,快踱一圈,H,內圈 快踱一圈 (助手)
H419,01/12/2023,游水,沙田,,沙田,,,,,,,,游水,,
H419,01/12/2023,踱步,沙田,內圈,沙田 內圈,,,,,,助手,,快踱一圈,H,內圈 快踱一圈 (助手)
H419,30/11/2023,游水,沙田,,沙田,,,,,,,,游水,,
H419,30/11/2023,快操,沙田,全天候,沙田 全天候,,53.9,53.9,28.7 25.2,,助手,,威力奔騰,,28.7 25.2 (53.9) (助手) 威力奔騰
H419,30/11/2023,踱步,沙田,飛機場,沙田 飛機場,,,,,,助手,,踱步,H,飛機場 踱步 (助手)
H419,29/11/2023,游水,沙田,,沙田,,,,,,,,游水,,
H419,28/11/2023,游水,沙田,,沙田,,,,,,,,游水,,
H419,28/11/2023,踱步,沙田,內圈,沙田 內圈,,,,,,助手,,快踱一圈,H,內圈 快踱一圈 (助手)
H419,27/11/2023,游水,沙田,,沙田,,,,,,,,游水,,
H419,27/11/2023,快操,沙田,全天候,沙田 全天候,,57.9,57.9,30.9 27.0,,助手,,快操,H,30.9 27.0 (57.9) (助手)
H419,27/11/2023,踱步,沙田,飛機場,沙田 飛機場,,,,,,助手,,踱步,H,飛機場 踱步 (助手)
H419,26/11/2023,游水,沙田,,沙田,,,,,,,,游水,,
H419,26/11/2023,踱步,沙田,內圈,沙田 內圈,,,,,,助手,,快踱一圈,H,內圈 快踱一圈 (助手)
H419,25/11/2023,游水,沙田,,沙田,,,,,,,,游水,,
H419,25/11/2023,踱步,沙田,內圈,沙田 內圈,,,,,,助手,,快踱一圈,H,內圈 快踱一圈 (助手)
H419,24/11/2023,游水,沙田,,沙田,,,,,,,,游水,,
H419,24/11/2023,踱步,沙田,內圈,沙田 內圈,,,,,,助手,,快踱一圈,H,內圈 快踱一圈 (助手)
H419,23/11/2023,游水,沙田,,沙田,,,,,,,,游水,,
H419,23/11/2023,踱步,沙田,內圈,沙田 內圈,,,,,,助手,,倒快兩圈,H,內圈 倒快兩圈 (助手)
H419,22/11/2023,游水,沙田,,沙田,,,,,,,,游水,,
H419,22/11/2023,踱步,沙田,內圈,沙田 內圈,,,,,,助手,,快踱一圈,H,內圈 快踱一圈 (助手)
H419,21/11/2023,游水,沙田,,沙田,,,,,,,,游水,,
H419,21/11/2023,踱步,沙田,內圈,沙田 內圈,,,,,,助手,,快踱一圈,H,內圈 快踱一圈 (助手)
H419,20/11/2023,游水,沙田,,沙田,,,,,,,,游水,,
H419,20/11/2023,踱步,沙田,彭福公園,沙田 彭福公園,,,,,,助手,,踱步,H,彭福公園 踱步 (助手)
H419,19/11/2023,游水,沙田,,沙田,,,,,,,,游水,,
H419,19/11/2023,踱步,沙田,彭福公園,沙田 彭福公園,,,,,,助手,,踱步,H,彭福公園 踱步 (助手)
H419,18/11/2023,游水,沙田,,沙田,,,,,,,,游水,,
H419,17/11/2023,游水,沙田,,沙田,,,,,,,,游水,,
H419,16/11/2023,游水,沙田,,沙田,,,,,,,,游水,,
H419,15/11/2023,出賽,跑馬地,草地,跑馬地 草地,1200M,,,,,霍宏聲,8/12,出賽,,1200M (霍宏聲) (8/12)
H419,15/11/2023,踱步,沙田,飛機場,沙田 飛機場,,,,,,助手,,踱步,H,飛機場 踱步 (助手)
H419,14/11/2023,游水,沙田,,沙田,,,,,,,,游水,,
H419,14/11/2023,踱步,沙田,外圈,沙田 外圈,,,,,,助手,,快踱一圈,H,外圈 快踱一圈 (助手)
H419,13/11/2023,游水,沙田,,沙田,,,,,,,,游水,,
H419,13/11/2023,踱步,沙田,內圈,沙田 內圈,,,,,,助手,,倒快兩圈,H,內圈 倒快兩圈 (助手)
H419,12/11/2023,游水,沙田,,沙田,,,,,,,,游水,,
H419,12/11/2023,踱步,沙田,內圈,沙田 內圈,,,,,,助手,,快踱一圈,H,內圈 快踱一圈 (助手)
H419,10/11/2023,游水,從化,,從化,,,,,,,,游水,,
H419,10/11/2023,踱步,從化,內圈,從化 內圈,,,,,,助手,,快踱一圈,H,內圈 快踱一圈 (助手)
H419,09/11/2023,游水,從化,,從化,,,,,,,,游水,,
H419,09/11/2023,踱步,從化,內圈,從化 內圈,,,,,,助手,,倒快兩圈,H,內圈 倒快兩圈 (助手)
H419,08/11/2023,游水,從化,,從化,,,,,,,,游水,,
H419,08/11/2023,快操,從化,登山跑道,從化 登山跑道,,52.3,52.3,27.3 25.0,,助手,,快操,,27.3 25.0 (52.3) (助手)
H419,08/11/2023,踱步,從化,飛機場,從化 飛機場,,,,,,助手,,踱步,,飛機場 踱步 (助手)
H419,07/11/2023,游水,從化,,從化,,,,,,,,游水,,
H419,07/11/2023,踱步,從化,內圈,從化 內圈,,,,,,助手,,快踱一圈,H,內圈 快踱一圈 (助手)
H419,06/11/2023,游水,從化,,從化,,,,,,,,游水,,
H419,06/11/2023,踱步,從化,內圈,從化 內圈,,,,,,助手,,倒快兩圈,H,內圈 倒快兩圈 (助手)
H419,05/11/2023,游水,從化,,從化,,,,,,,,游水,,
H419,05/11/2023,踱步,從化,內圈,從化 內圈,,,,,,助手,,快踱一圈,H,內圈 快踱一圈 (助手)
H419,04/11/2023,游水,從化,,從化,,,,,,,,游水,,
H419,04/11/2023,快操,從化,登山跑道,從化 登山跑道,,51.3,51.3,25.9 25.4,,助手,,快操,,25.9 25.4 (51.3) (助手)
H419,04/11/2023,踱步,從化,飛機場,從化 飛機場,,,,,,助手,,踱步,,飛機場 踱步 (助手)
H419,03/11/2023,游水,從化,,從化,,,,,,,,游水,,
H419,03/11/2023,踱步,從化,內圈,從化 內圈,,,,,,助手,,快踱一圈,H,內圈 快踱一圈 (助手)
H419,02/11/2023,游水,從化,,從化,,,,,,,,游水,,
H419,02/11/2023,踱步,從化,內圈,從化 內圈,,,,,,助手,,倒快兩圈,H,內圈 倒快兩圈 (助手)
H419,01/11/2023,游水,從化,,從化,,,,,,,,游水,,
H419,01/11/2023,快操,從化,登山跑道,從化 登山跑道,,55.5,55.5,28.1 27.4,,助手,,快操,H,28.1 27.4 (55.5) (助手)
H419,01/11/2023,踱步,從化,飛機場,從化 飛機場,,,,,,助手,,踱步,H,飛機場 踱步 (助手)
H419,31/10/2023,游水,從化,,從化,,,,,,,,游水,,
H419,31/10/2023,踱步,從化,內圈,從化 內圈,,,,,,助手,,快踱一圈,H,內圈 快踱一圈 (助手)
H419,30/10/2023,游水,從化,,從化,,,,,,,,游水,,
H419,30/10/2023,踱步,從化,內圈,從化 內圈,,,,,,助手,,倒快兩圈,H,內圈 倒快兩圈 (助手)
H419,29/10/2023,游水,從化,,從化,,,,,,,,游水,,
H419,29/10/2023,踱步,從化,內圈,從化 內圈,,,,,,助手,,快踱一圈,H,內圈 快踱一圈 (助手)
H419,28/10/2023,游水,從化,,從化,,,,,,,,游水,,
H419,28/10/2023,踱步,從化,內圈,從化 內圈,,,,,,助手,,快踱一圈,H,內圈 快踱一圈 (助手)
H419,27/10/2023,游水,從化,,從化,,,,,,,,游水,,
H419,27/10/2023,踱步,從化,內圈,從化 內圈,,,,,,助手,,快踱一圈,H,內圈 快踱一圈 (助手)
H419,26/10/2023,游水,從化,,從化,,,,,,,,游水,,
H419,26/10/2023,踱步,從化,飛機場,從化 飛機場,,,,,,助手,,踱步,,飛機場 踱步 (助手)
H419,24/10/2023,游水,沙田,,沙田,,,,,,,,游水,,
H419,24/10/2023,踱步,沙田,內圈,沙田 內圈,,,,,,助手,,快踱一圈,H,內圈 快踱一圈 (助手)
H419,23/10/2023,游水,沙田,,沙田,,,,,,,,游水,,
H419,23/10/2023,踱步,沙田,彭福公園,沙田 彭福公園,,,,,,助手,,踱步,H,彭福公園 踱步 (助手)
H419,22/10/2023,游水,沙田,,沙田,,,,,,,,游水,,
H419,22/10/2023,踱步,沙田,彭福公園,沙田 彭福公園,,,,,,助手,,踱步,H,彭福公園 踱步 (助手)
H419,21/10/2023,游水,沙田,,沙田,,,,,,,,游水,,
H419,21/10/2023,踱步,沙田,彭福公園,沙田 彭福公園,,,,,,助手,,踱步,H,彭福公園 踱步 (助手)
H419,20/10/2023,游水,沙田,,沙田,,,,,,,,游水,,
H419,19/10/2023,游水,沙田,,沙田,,,,,,,,游水,,
H419,18/10/2023,出賽,跑馬地,草地,跑馬地 草地,1200M,,,,,霍宏聲,9/12,出賽,,1200M (霍宏聲) (9/12)
H419,17/10/2023,游水,沙田,,沙田,,,,,,,,游水,,
H419,17/10/2023,踱步,沙田,內圈,沙田 內圈,,,,,,助手,,快踱一圈,H,內圈 快踱一圈 (助手)
H419,16/10/2023,游水,沙田,,沙田,,,,,,,,游水,,
H419,16/10/2023,快操,沙田,全天候,沙田 全天候,,57.1,57.1,30.5 26.6,,助手,,快操,,30.5 26.6 (57.1) (助手)
H419,16/10/2023,踱步,沙田,飛機場,沙田 飛機場,,,,,,助手,,踱步,,飛機場 踱步 (助手)
H419,15/10/2023,游水,沙田,,沙田,,,,,,,,游水,,
H419,15/10/2023,踱步,沙田,內圈,沙田 內圈,,,,,,助手,,快踱一圈,H,內圈 快踱一圈 (助手)
H419,14/10/2023,游水,沙田,,沙田,,,,,,,,游水,,
H419,14/10/2023,踱步,沙田,內圈,沙田 內圈,,,,,,助手,,快踱一圈,H,內圈 快踱一圈 (助手)
H419,13/10/2023,游水,沙田,,沙田,,,,,,,,游水,,
H419,13/10/2023,踱步,沙田,內圈,沙田 內圈,,,,,,助手,,快踱一圈,H,內圈 快踱一圈 (助手)
H419,12/10/2023,游水,沙田,,沙田,,,,,,,,游水,,
H419,12/10/2023,快操,沙田,全天候,沙田 全天候,,55.8,55.8,29.4 26.4,,助手,,快操,H,29.4 26.4 (55.8) (助手)
H419,12/10/2023,踱步,沙田,飛機場,沙田 飛機場,,,,,,助手,,踱步,H,飛機場 踱步 (助手)
H419,11/10/2023,游水,沙田,,沙田,,,,,,,,游水,,
H419,11/10/2023,踱步,沙田,內圈,沙田 內圈,,,,,,助手,,快踱一圈,H,內圈 快踱一圈 (助手)
H419,10/10/2023,游水,沙田,,沙田,,,,,,,,游水,,
H419,10/10/2023,踱步,沙田,飛機場,沙田 飛機場,,,,,,助手,,踱步,H,飛機場 踱步 (助手)
H419,09/10/2023,游水,沙田,,沙田,,,,,,,,游水,,
H419,08/10/2023,游水,沙田,,沙田,,,,,,,,游水,,
H419,08/10/2023,踱步,沙田,內圈,沙田 內圈,,,,,,助手,,快踱一圈,H,內圈 快踱一圈 (助手)
H419,07/10/2023,游水,沙田,,沙田,,,,,,,,游水,,
H419,07/10/2023,踱步,沙田,內圈,沙田 內圈,,,,,,助手,,快踱一圈,H,內圈 快踱一圈 (助手)
H419,06/10/2023,游水,沙田,,沙田,,,,,,,,游水,,
H419,06/10/2023,踱步,沙田,內圈,沙田 內圈,,,,,,助手,,快踱一圈,H,內圈 快踱一圈 (助手)
H419,05/10/2023,游水,沙田,,沙田,,,,,,,,游水,,
H419,05/10/2023,踱步,沙田,彭福公園,沙田 彭福公園,,,,,,助手,,踱步,H,彭福公園 踱步 (助手)
H419,04/10/2023,游水,沙田,,沙田,,,,,,,,游水,,
H419,03/10/2023,游水,沙田,,沙田,,,,,,,,游水,,
H419,02/10/2023,游水,沙田,,沙田,,,,,,,,游水,,
H419,01/10/2023,出賽,沙田,草地,沙田 草地,1200M,,,,,霍宏聲,9/10,出賽,,1200M (霍宏聲) (9/10)
H419,01/10/2023,踱步,沙田,飛機場,沙田 飛機場,,,,,,助手,,踱步,H,飛機場 踱步 (助手)
H419,30/09/2023,游水,沙田,,沙田,,,,,,,,游水,,
H419,30/09/2023,踱步,沙田,內圈,沙田 內圈,,,,,,助手,,快踱一圈,H,內圈 快踱一圈 (助手)
H419,29/09/2023,游水,沙田,,沙田,,,,,,,,游水,,
H419,29/09/2023,快操,沙田,全天候,沙田 全天候,,1.02.0,62.0,32.2 29.8,,霍宏聲,,快操,H,32.2 29.8 (1.02.0) (霍宏聲)
H419,29/09/2023,踱步,沙田,飛機場,沙田 飛機場,,,,,,助手,,踱步,H,飛機場 踱步 (助手)
H419,28/09/2023,游水,沙田,,沙田,,,,,,,,游水,,
H419,28/09/2023,踱步,沙田,內圈,沙田 內圈,,,,,,助手,,倒快兩圈,H,內圈 倒快兩圈 (助手)
H419,27/09/2023,游水,沙田,,沙田,,,,,,,,游水,,
H419,27/09/2023,踱步,沙田,內圈,沙田 內圈,,,,,,助手,,快踱一圈,H,內圈 快踱一圈 (助手)
H419,26/09/2023,游水,沙田,,沙田,,,,,,,,游水,,
H419,26/09/2023,踱步,沙田,內圈,沙田 內圈,,,,,,助手,,快踱一圈,H,內圈 快踱一圈 (助手)
H419,25/09/2023,游水,沙田,,沙田,,,,,,,,游水,,
H419,25/09/2023,快操,沙田,草地,沙田 草地,,56.7,56.7,31.6 25.1,,霍宏聲,,一絕,,31.6 25.1 (56.7) (霍宏聲) 一絕
H419,25/09/2023,踱步,沙田,飛機場,沙田 飛機場,,,,,,助手,,踱步,H,飛機場 踱步 (助手)
H419,24/09/2023,游水,沙田,,沙田,,,,,,,,游水,,
H419,24/09/2023,踱步,沙田,內圈,沙田 內圈,,,,,,助手,,快踱一圈,H,內圈 快踱一圈 (助手)
H419,23/09/2023,踱步,沙田,外圈,沙田 外圈,,,,,,助手,,快踱一圈,H,外圈 快踱一圈 (助手)
H419,22/09/2023,游水,沙田,,沙田,,,,,,,,游水,,
H419,22/09/2023,踱步,沙田,內圈,沙田 內圈,,,,,,助手,,快踱一圈,H,內圈 快踱一圈 (助手)
H419,21/09/2023,游水,沙田,,沙田,,,,,,,,游水,,
H419,21/09/2023,踱步,沙田,內圈,沙田 內圈,,,,,,助手,,倒快兩圈,H,內圈 倒快兩圈 (助手)
H419,20/09/2023,游水,沙田,,沙田,,,,,,,,游水,,
H419,20/09/2023,踱步,沙田,內圈,沙田 內圈,,,,,,助手,,快踱一圈,H,內圈 快踱一圈 (助手)
H419,19/09/2023,游水,沙田,,沙田,,,,,,,,游水,,
H419,19/09/2023,踱步,沙田,內圈,沙田 內圈,,,,,,助手,,快踱一圈,H,內圈 快踱一圈 (助手)
H419,18/09/2023,游水,沙田,,沙田,,,,,,,,游水,,
H419,18/09/2023,踱步,沙田,內圈,沙田 內圈,,,,,,助手,,倒快兩圈,H,內圈 倒快兩圈 (助手)
H419,17/09/2023,游水,沙田,,沙田,,,,,,,,游水,,
H419,16/09/2023,試閘,跑馬地,草地,跑馬地 草地,1200M,1.12.41,72.41,25.2 24.1 23.1,水晶酒杯,霍宏聲,,第6組,,第6組 (霍宏聲) 1200M 水晶酒杯 25.2 24.1 23.1 (1.12.41)
H419,16/09/2023,游水,沙田,,沙田,,,,,,,,游水,,
H419,15/09/2023,游水,沙田,,沙田,,,,,,,,游水,,
H419,15/09/2023,踱步,沙田,內圈,沙田 內圈,,,,,,助手,,快踱一圈,H,內圈 快踱一圈 (助手)
H419,14/09/2023,游水,沙田,,沙田,,,,,,,,游水,,
H419,14/09/2023,踱步,沙田,外圈,沙田 外圈,,,,,,助手,,快踱一圈,H,外圈 快踱一圈 (助手)
H419,13/09/2023,游水,沙田,,沙田,,,,,,,,游水,,
H419,13/09/2023,踱步,沙田,內圈,沙田 內圈,,,,,,助手,,快踱一圈,H,內圈 快踱一圈 (助手)
H419,12/09/2023,游水,沙田,,沙田,,,,,,,,游水,,
H419,12/09/2023,踱步,沙田,內圈,沙田 內圈,,,,,,助手,,快踱一圈,H,內圈 快踱一圈 (助手)
H419,11/09/2023,游水,沙田,,沙田,,,,,,,,游水,,
H419,11/09/2023,快操,沙田,全天候,沙田 全天候,,51.1,51.1,28.2 22.9,,霍宏聲,,"翔龍再現, 凱旋幸運",,"28.2 22.9 (51.1) (霍宏聲) 翔龍再現, 凱旋幸運"
H419,11/09/2023,踱步,沙田,飛機場,沙田 飛機場,,,,,,助手,,踱步,H,飛機場 踱步 (助手)
H419,10/09/2023,游水,沙田,,沙田,,,,,,,,游水,,
H419,10/09/2023,踱步,沙田,內圈,沙田 內圈,,,,,,助手,,快踱一圈,H,內圈 快踱一圈 (助手)
H419,09/09/2023,游水,沙田,,沙田,,,,,,,,游水,,
H419,09/09/2023,踱步,沙田,飛機場,沙田 飛機場,,,,,,助手,,踱步,H,飛機場 踱步 (助手)
H419,07/09/2023,游水,沙田,,沙田,,,,,,,,游水,,
H419,07/09/2023,踱步,沙田,內圈,沙田 內圈,,,,,,助手,,倒快兩圈,H,內圈 倒快兩圈 (助手)
H419,06/09/2023,游水,沙田,,沙田,,,,,,,,游水,,
H419,06/09/2023,踱步,沙田,內圈,沙田 內圈,,,,,,助手,,快踱一圈,H,內圈 快踱一圈 (助手)
H419,05/09/2023,游水,沙田,,沙田,,,,,,,,游水,,
H419,05/09/2023,快操,沙田,全天候,沙田 全天候,,56.0,56.0,29.7 26.3,,霍宏聲,,凱旋幸運,H,29.7 26.3 (56.0) (霍宏聲) 凱旋幸運
H419,05/09/2023,踱步,沙田,飛機場,沙田 飛機場,,,,,,助手,,踱步,H,飛機場 踱步 (助手)
H419,04/09/2023,游水,沙田,,沙田,,,,,,,,游水,,
H419,04/09/2023,踱步,沙田,內圈,沙田 內圈,,,,,,助手,,倒快兩圈,H,內圈 倒快兩圈 (助手)
H419,03/09/2023,游水,沙田,,沙田,,,,,,,,游水,,
H419,03/09/2023,踱步,沙田,內圈,沙田 內圈,,,,,,助手,,快踱一圈,H,內圈 快踱一圈 (助手)
H419,31/08/2023,游水,沙田,,沙田,,,,,,,,游水,,
H419,31/08/2023,快操,沙田,草閘,沙田 草閘,,50.6,50.6,25.7 24.9,,霍宏聲,,凱旋幸運,H,25.7 24.9 (50.6) (霍宏聲) 凱旋幸運
H419,31/08/2023,踱步,沙田,飛機場,沙田 飛機場,,,,,,助手,,踱步,H,飛機場 踱步 (助手)
H419,30/08/2023,游水,沙田,,沙田,,,,,,,,游水,,
H419,30/08/2023,踱步,沙田,內圈,沙田 內圈,,,,,,助手,,快踱一圈,H,內圈 快踱一圈 (助手)
H419,29/08/2023,游水,沙田,,沙田,,,,,,,,游水,,
H419,29/08/2023,踱步,沙田,外圈,沙田 外圈,,,,,,潘明輝,,快踱一圈,H,外圈 快踱一圈 (潘明輝)
H419,28/08/2023,游水,沙田,,沙田,,,,,,,,游水,,
H419,28/08/2023,踱步,沙田,內圈,沙田 內圈,,,,,,助手,,倒快兩圈,H,內圈 倒快兩圈 (助手)
H419,27/08/2023,游水,沙田,,沙田,,,,,,,,游水,,
H419,27/08/2023,踱步,沙田,內圈,沙田 內圈,,,,,,助手,,快踱一圈,H,內圈 快踱一圈 (助手)
H419,26/08/2023,游水,沙田,,沙田,,,,,,,,游水,,
H419,26/08/2023,快操,沙田,全天候,沙田 全天候,,1.29.4,89.4,32.8 29.0 27.6,,潘明輝,,快操,,32.8 29.0 27.6 (1.29.4) (潘明輝)
H419,26/08/2023,踱步,沙田,飛機場,沙田 飛機場,,,,,,助手,,踱步,H,飛機場 踱步 (助手)
H419,25/08/2023,游水,沙田,,沙田,,,,,,,,游水,,
H419,25/08/2023,踱步,沙田,內圈,沙田 內圈,,,,,,助手,,快踱一圈,H,內圈 快踱一圈 (助手)
H419,24/08/2023,游水,沙田,,沙田,,,,,,,,游水,,
H419,23/08/2023,游水,沙田,,沙田,,,,,,,,游水,,
H419,23/08/2023,踱步,沙田,內圈,沙田 內圈,,,,,,助手,,快踱一圈,H,內圈 快踱一圈 (助手)
H419,22/08/2023,游水,沙田,,沙田,,,,,,,,游水,,
H419,22/08/2023,快操,沙田,全天候,沙田 全天候,,54.0,54.0,28.7 25.3,,助手,,家樂龍駒,H,28.7 25.3 (54.0) (助手) 家樂龍駒
H419,22/08/2023,踱步,沙田,飛機場,沙田 飛機場,,,,,,助手,,踱步,H,飛機場 踱步 (助手)
H419,21/08/2023,游水,沙田,,沙田,,,,,,,,游水,,
H419,21/08/2023,踱步,沙田,內圈,沙田 內圈,,,,,,助手,,倒快兩圈,H,內圈 倒快兩圈 (助手)
H419,20/08/2023,游水,沙田,,沙田,,,,,,,,游水,,
H419,20/08/2023,踱步,沙田,內圈,沙田 內圈,,,,,,助手,,快踱一圈,H,內圈 快踱一圈 (助手)
H419,19/08/2023,游水,沙田,,沙田,,,,,,,,游水,,
H419,19/08/2023,踱步,沙田,內圈,沙田 內圈,,,,,,助手,,快踱一圈,,內圈 快踱一圈 (助手)
H419,18/08/2023,游水,沙田,,沙田,,,,,,,,游水,,
H419,18/08/2023,快操,沙田,全天候,沙田 全天候,,54.8,54.8,30.0 24.8,,助手,,快操,H,30.0 24.8 (54.8) (助手)
H419,18/08/2023,踱步,沙田,飛機場,沙田 飛機場,,,,,,助手,,踱步,H,飛機場 踱步 (助手)
H419,17/08/2023,游水,沙田,,沙田,,,,,,,,游水,,
H419,17/08/2023,踱步,沙田,內圈,沙田 內圈,,,,,,助手,,倒快兩圈,H,內圈 倒快兩圈 (助手)
H419,16/08/2023,游水,沙田,,沙田,,,,,,,,游水,,
H419,16/08/2023,踱步,沙田,內圈,沙田 內圈,,,,,,助手,,快踱一圈,H,內圈 快踱一圈 (助手)
H419,15/08/2023,游水,沙田,,沙田,,,,,,,,游水,,
H419,15/08/2023,快操,沙田,全天候,沙田 全天候,,59.2,59.2,31.7 27.5,,助手,,快操,H,31.7 27.5 (59.2) (助手)
H419,15/08/2023,踱步,沙田,飛機場,沙田 飛機場,,,,,,助手,,踱步,H,飛機場 踱步 (助手)
H419,14/08/2023,游水,沙田,,沙田,,,,,,,,游水,,
H419,14/08/2023,踱步,沙田,內圈,沙田 內圈,,,,,,助手,,倒快兩圈,H,內圈 倒快兩圈 (助手)
H419,13/08/2023,游水,沙田,,沙田,,,,,,,,游水,,
H419,13/08/2023,踱步,沙田,內圈,沙田 內圈,,,,,,助手,,快踱一圈,H,內圈 快踱一圈 (助手)
H419,12/08/2023,游水,沙田,,沙田,,,,,,,,游水,,
H419,12/08/2023,踱步,沙田,內圈,沙田 內圈,,,,,,助手,,快踱一圈,H,內圈 快踱一圈 (助手)
H419,11/08/2023,游水,沙田,,沙田,,,,,,,,游水,,
H419,11/08/2023,快操,沙田,全天候,沙田 全天候,,1.03.1,63.1,31.5 31.6,,助手,,快操,H,31.5 31.6 (1.03.1) (助手)
H419,11/08/2023,踱步,沙田,飛機場,沙田 飛機場,,,,,,助手,,踱步,H,飛機場 踱步 (助手)
H419,10/08/2023,游水,沙田,,沙田,,,,,,,,游水,,
H419,10/08/2023,踱步,沙田,內圈,沙田 內圈,,,,,,助手,,快踱一圈,H,內圈 快踱一圈 (助手)
H419,09/08/2023,游水,沙田,,沙田,,,,,,,,游水,,
H419,09/08/2023,踱步,沙田,內圈,沙田 內圈,,,,,,助手,,快踱一圈,H,內圈 快踱一圈 (助手)
H419,08/08/2023,游水,沙田,,沙田,,,,,,,,游水,,
H419,08/08/2023,快操,沙田,全天候,沙田 全天候,,30.0,30.0,30.0,,助手,,快操,H,30.0 (30.0) (助手)
H419,08/08/2023,踱步,沙田,飛機場,沙田 飛機場,,,,,,助手,,踱步,H,飛機場 踱步 (助手)
H419,07/08/2023,游水,沙田,,沙田,,,,,,,,游水,,
H419,07/08/2023,踱步,沙田,內圈,沙田 內圈,,,,,,助手,,快踱一圈,H,內圈 快踱一圈 (助手)
H419,06/08/2023,游水,沙田,,沙田,,,,,,,,游水,,
H419,06/08/2023,踱步,沙田,外圈,沙田 外圈,,,,,,助手,,快踱一圈,H,外圈 快踱一圈 (助手)
H419,05/08/2023,游水,沙田,,沙田,,,,,,,,游水,,
H419,05/08/2023,踱步,沙田,外圈,沙田 外圈,,,,,,助手,,快踱一圈,H,外圈 快踱一圈 (助手)
H419,04/08/2023,游水,沙田,,沙田,,,,,,,,游水,,
H419,04/08/2023,踱步,沙田,外圈,沙田 外圈,,,,,,助手,,快踱一圈,H,外圈 快踱一圈 (助手)
H419,03/08/2023,游水,沙田,,沙田,,,,,,,,游水,,
H419,03/08/2023,踱步,沙田,外圈,沙田 外圈,,,,,,助手,,快踱一圈,H,外圈 快踱一圈 (助手)
H419,02/08/2023,游水,沙田,,沙田,,,,,,,,游水,,
H419,02/08/2023,踱步,沙田,外圈,沙田 外圈,,,,,,助手,,快踱一圈,H,外圈 快踱一圈 (助手)
H419,01/08/2023,游水,沙田,,沙田,,,,,,,,游水,,
H419,01/08/2023,踱步,沙田,外圈,沙田 外圈,,,,,,助手,,快踱一圈,H,外圈 快踱一圈 (助手)
H419,31/07/2023,游水,沙田,,沙田,,,,,,,,游水,,
H419,31/07/2023,踱步,沙田,外圈,沙田 外圈,,,,,,助手,,快踱一圈,H,外圈 快踱一圈 (助手)
H419,30/07/2023,踱步,沙田,飛機場,沙田 飛機場,,,,,,助手,,踱步,H,飛機場 踱步 (助手)
H419,29/07/2023,踱步,沙田,飛機場,沙田 飛機場,,,,,,助手,,踱步,H,飛機場 踱步 (助手)
H419,28/07/2023,踱步,沙田,飛機場,沙田 飛機場,,,,,,助手,,踱步,H,飛機場 踱步 (助手)
H419,27/07/2023,踱步,沙田,飛機場,沙田 飛機場,,,,,,助手,,踱步,H,飛機場 踱步 (助手)
H419,25/07/2023,踱步,沙田,飛機場,沙田 飛機場,,,,,,助手,,踱步,H,飛機場 踱步 (助手)
H419,24/07/2023,踱步,沙田,飛機場,沙田 飛機場,,,,,,助手,,踱步,H,飛機場 踱步 (助手)
H419,16/07/2023,游水,沙田,,沙田,,,,,,,,游水,,
H419,16/07/2023,踱步,沙田,外圈,沙田 外圈,,,,,,助手,,快踱一圈,H,外圈 快踱一圈 (助手)
H419,15/07/2023,游水,沙田,,沙田,,,,,,,,游水,,
H419,15/07/2023,踱步,沙田,外圈,沙田 外圈,,,,,,助手,,快踱一圈,H,外圈 快踱一圈 (助手)
H419,14/07/2023,游水,沙田,,沙田,,,,,,,,游水,,
H419,14/07/2023,踱步,沙田,外圈,沙田 外圈,,,,,,助手,,快踱一圈,H,外圈 快踱一圈 (助手)
H419,13/07/2023,游水,沙田,,沙田,,,,,,,,游水,,
H419,13/07/2023,快操,沙田,全天候,沙田 全天候,,1.02.4,62.4,31.5 30.9,,霍宏聲,,快操,,31.5 30.9 (1.02.4) (霍宏聲)
H419,13/07/2023,踱步,沙田,飛機場,沙田 飛機場,,,,,,助手,,踱步,,飛機場 踱步 (助手)
H419,12/07/2023,游水,沙田,,沙田,,,,,,,,游水,,
H419,12/07/2023,踱步,沙田,外圈,沙田 外圈,,,,,,助手,,快踱一圈,H,外圈 快踱一圈 (助手)
H419,11/07/2023,游水,沙田,,沙田,,,,,,,,游水,,
H419,11/07/2023,踱步,沙田,外圈,沙田 外圈,,,,,,助手,,快踱一圈,H,外圈 快踱一圈 (助手)
H419,10/07/2023,游水,沙田,,沙田,,,,,,,,游水,,
H419,10/07/2023,快操,沙田,全天候,沙田 全天候,,56.4,56.4,29.5 26.9,,助手,,快操,,29.5 26.9 (56.4) (助手)
H419,10/07/2023,踱步,沙田,飛機場,沙田 飛機場,,,,,,助手,,踱步,,飛機場 踱步 (助手)
H419,09/07/2023,游水,沙田,,沙田,,,,,,,,游水,,
H419,09/07/2023,踱步,沙田,外圈,沙田 外圈,,,,,,助手,,快踱一圈,H,外圈 快踱一圈 (助手)
H419,08/07/2023,游水,沙田,,沙田,,,,,,,,游水,,
H419,08/07/2023,踱步,沙田,外圈,沙田 外圈,,,,,,助手,,快踱一圈,H,外圈 快踱一圈 (助手)
H419,07/07/2023,游水,沙田,,沙田,,,,,,,,游水,,
H419,07/07/2023,踱步,沙田,外圈,沙田 外圈,,,,,,助手,,快踱一圈,H,外圈 快踱一圈 (助手)
H419,06/07/2023,游水,沙田,,沙田,,,,,,,,游水,,
H419,06/07/2023,快操,沙田,全天候,沙田 全天候,,57.5,57.5,30.2 27.3,,霍宏聲,,快操,H,30.2 27.3 (57.5) (霍宏聲)
H419,06/07/2023,踱步,沙田,飛機場,沙田 飛機場,,,,,,助手,,踱步,H,飛機場 踱步 (助手)
H419,05/07/2023,游水,沙田,,沙田,,,,,,,,游水,,
H419,05/07/2023,踱步,沙田,外圈,沙田 外圈,,,,,,助手,,快踱一圈,H,外圈 快踱一圈 (助手)
H419,04/07/2023,游水,沙田,,沙田,,,,,,,,游水,,
H419,04/07/2023,踱步,沙田,外圈,沙田 外圈,,,,,,助手,,快踱一圈,H,外圈 快踱一圈 (助手)
H419,03/07/2023,游水,沙田,,沙田,,,,,,,,游水,,
H419,03/07/2023,快操,沙田,全天候,沙田 全天候,,56.1,56.1,28.7 27.4,,助手,,快操,H,28.7 27.4 (56.1) (助手)
H419,03/07/2023,踱步,沙田,飛機場,沙田 飛機場,,,,,,助手,,踱步,H,飛機場 踱步 (助手)
H419,02/07/2023,游水,沙田,,沙田,,,,,,,,游水,,
H419,02/07/2023,踱步,沙田,外圈,沙田 外圈,,,,,,助手,,快踱一圈,H,外圈 快踱一圈 (助手)
H419,01/07/2023,游水,沙田,,沙田,,,,,,,,游水,,
H419,01/07/2023,踱步,沙田,外圈,沙田 外圈,,,,,,助手,,快踱一圈,H,外圈 快踱一圈 (助手)
H419,30/06/2023,游水,沙田,,沙田,,,,,,,,游水,,
H419,30/06/2023,踱步,沙田,外圈,沙田 外圈,,,,,,助手,,快踱一圈,H,外圈 快踱一圈 (助手)
H419,29/06/2023,游水,沙田,,沙田,,,,,,,,游水,,
H419,29/06/2023,快操,沙田,全天候,沙田 全天候,,56.9,56.9,27.7 29.2,,助手,,快操,H,27.7 29.2 (56.9) (助手)
H419,29/06/2023,踱步,沙田,飛機場,沙田 飛機場,,,,,,助手,,踱步,H,飛機場 踱步 (助手)
H419,28/06/2023,游水,沙田,,沙田,,,,,,,,游水,,
H419,28/06/2023,踱步,沙田,外圈,沙田 外圈,,,,,,助手,,快踱一圈,H,外圈 快踱一圈 (助手)
H419,27/06/2023,游水,沙田,,沙田,,,,,,,,游水,,
H419,27/06/2023,踱步,沙田,外圈,沙田 外圈,,,,,,助手,,快踱一圈,H,外圈 快踱一圈 (助手)
H419,26/06/2023,游水,沙田,,沙田,,,,,,,,游水,,
H419,26/06/2023,快操,沙田,全天候,沙田 全天候,,56.9,56.9,28.7 28.2,,助手,,快操,H,28.7 28.2 (56.9) (助手)
H419,26/06/2023,踱步,沙田,飛機場,沙田 飛機場,,,,,,助手,,踱步,H,飛機場 踱步 (助手)
H419,25/06/2023,游水,沙田,,沙田,,,,,,,,游水,,
H419,25/06/2023,踱步,沙田,內圈,沙田 內圈,,,,,,助手,,快踱一圈,H,內圈 快踱一圈 (助手)
H419,24/06/2023,游水,沙田,,沙田,,,,,,,,游水,,
H419,24/06/2023,踱步,沙田,內圈,沙田 內圈,,,,,,助手,,快踱一圈,H,內圈 快踱一圈 (助手)
H419,23/06/2023,游水,沙田,,沙田,,,,,,,,游水,,
H419,23/06/2023,踱步,沙田,內圈,沙田 內圈,,,,,,助手,,快踱一圈,H,內圈 快踱一圈 (助手)
H419,22/06/2023,游水,沙田,,沙田,,,,,,,,游水,,
H419,22/06/2023,快操,沙田,全天候,沙田 全天候,,1.00.6,60.6,32.1 28.5,,助手,,快操,H,32.1 28.5 (1.00.6) (助手)
H419,22/06/2023,踱步,沙田,飛機場,沙田 飛機場,,,,,,助手,,踱步,H,飛機場 踱步 (助手)
H419,21/06/2023,游水,沙田,,沙田,,,,,,,,游水,,
H419,21/06/2023,踱步,沙田,內圈,沙田 內圈,,,,,,助手,,快踱一圈,H,內圈 快踱一圈 (助手)
H419,20/06/2023,游水,沙田,,沙田,,,,,,,,游水,,
H419,20/06/2023,踱步,沙田,內圈,沙田 內圈,,,,,,助手,,快踱一圈,H,內圈 快踱一圈 (助手)
H419,19/06/2023,游水,沙田,,沙田,,,,,,,,游水,,
H419,19/06/2023,踱步,沙田,外圈,沙田 外圈,,,,,,助手,,快踱一圈,H,外圈 快踱一圈 (助手)
H419,17/06/2023,游水,沙田,,沙田,,,,,,,,游水,,
H419,17/06/2023,踱步,沙田,內圈,沙田 內圈,,,,,,助手,,快踱兩圈,H,內圈 快踱兩圈 (助手)
H419,16/06/2023,游水,沙田,,沙田,,,,,,,,游水,,
H419,16/06/2023,踱步,沙田,內圈,沙田 內圈,,,,,,助手,,快踱一圈,H,內圈 快踱一圈 (助手)
H419,15/06/2023,游水,沙田,,沙田,,,,,,,,游水,,
H419,15/06/2023,踱步,沙田,外圈,沙田 外圈,,,,,,助手,,快踱一圈,H,外圈 快踱一圈 (助手)
H419,14/06/2023,游水,沙田,,沙田,,,,,,,,游水,,
H419,14/06/2023,踱步,沙田,內圈,沙田 內圈,,,,,,助手,,快踱一圈,H,內圈 快踱一圈 (助手)
H419,13/06/2023,游水,沙田,,沙田,,,,,,,,游水,,
H419,13/06/2023,踱步,沙田,內圈,沙田 內圈,,,,,,助手,,快踱一圈,H,內圈 快踱一圈 (助手)
H419,12/06/2023,游水,沙田,,沙田,,,,,,,,游水,,
H419,12/06/2023,踱步,沙田,內圈,沙田 內圈,,,,,,助手,,倒快兩圈,H,內圈 倒快兩圈 (助手)
H419,11/06/2023,游水,沙田,,沙田,,,,,,,,游水,,
H419,11/06/2023,踱步,沙田,內圈,沙田 內圈,,,,,,助手,,快踱一圈,H,內圈 快踱一圈 (助手)
H419,10/06/2023,游水,沙田,,沙田,,,,,,,,游水,,
H419,10/06/2023,踱步,沙田,內圈,沙田 內圈,,,,,,助手,,快踱一圈,H,內圈 快踱一圈 (助手)
H419,09/06/2023,游水,沙田,,沙田,,,,,,,,游水,,
H419,09/06/2023,踱步,沙田,內圈,沙田 內圈,,,,,,助手,,快踱一圈,H,內圈 快踱一圈 (助手)
H419,08/06/2023,游水,沙田,,沙田,,,,,,,,游水,,
H419,08/06/2023,踱步,沙田,內圈,沙田 內圈,,,,,,助手,,倒快兩圈,H,內圈 倒快兩圈 (助手)
H419,07/06/2023,游水,沙田,,沙田,,,,,,,,游水,,
H419,07/06/2023,踱步,沙田,內圈,沙田 內圈,,,,,,助手,,快踱一圈,H,內圈 快踱一圈 (助手)
H419,06/06/2023,踱步,沙田,內圈,沙田 內圈,,,,,,助手,,快踱一圈,H,內圈 快踱一圈 (助手)
H419,05/06/2023,踱步,沙田,內圈,沙田 內圈,,,,,,助手,,倒快兩圈,,內圈 倒快兩圈 (助手)
H419,04/06/2023,踱步,沙田,內圈,沙田 內圈,,,,,,助手,,快踱一圈,H,內圈 快踱一圈 (助手)
H419,03/06/2023,踱步,沙田,內圈,沙田 內圈,,,,,,助手,,快踱一圈,H,內圈 快踱一圈 (助手)
H419,02/06/2023,踱步,沙田,內圈,沙田 內圈,,,,,,助手,,快踱一圈,H,內圈 快踱一圈 (助手)
H419,01/06/2023,踱步,沙田,內圈,沙田 內圈,,,,,,助手,,倒快一圈,H,內圈 倒快一圈 (助手)
H419,31/05/2023,踱步,沙田,內圈,沙田 內圈,,,,,,助手,,快踱一圈,H,內圈 快踱一圈 (助手)
H419,30/05/2023,踱步,沙田,內圈,沙田 內圈,,,,,,助手,,快踱一圈,H,內圈 快踱一圈 (助手)
H419,29/05/2023,踱步,沙田,飛機場,沙田 飛機場,,,,,,助手,,踱步,H,飛機場 踱步 (助手)
H419,28/05/2023,踱步,沙田,飛機場,沙田 飛機場,,,,,,助手,,踱步,H,飛機場 踱步 (助手)
H419,27/05/2023,踱步,沙田,飛機場,沙田 飛機場,,,,,,助手,,踱步,H,飛機場 踱步 (助手)
H419,26/05/2023,踱步,沙田,飛機場,沙田 飛機場,,,,,,助手,,踱步,H,飛機場 踱步 (助手)
H419,24/05/2023,踱步,沙田,飛機場,沙田 飛機場,,,,,,助手,,踱步,H,飛機場 踱步 (助手)
