horse_no,date,work_type,racecourse,track,venue,distance,time,time_sec,splits,partner,rider,placing,comment,gear,workout_details
H380,09/09/2026,踱步,沙田,內圈,沙田 內圈,,,,,,助手,,快踱一圈,H,內圈 快踱一圈 (助手)
H380,08/09/2026,游水,沙田,,沙田,,,,,,,,游水,,
H380,08/09/2026,踱步,沙田,內圈,沙田 內圈,,,,,,助手,,快踱一圈,,內圈 快踱一圈 (助手)
H380,07/09/2026,游水,沙田,,沙田,,,,,,,,游水,,
H380,07/09/2026,踱步,沙田,內圈,沙田 內圈,,,,,,助手,,倒快一圈,H,內圈 倒快一圈 (助手)
H380,06/09/2026,游水,沙田,,沙田,,,,,,,,游水,,
H380,05/09/2026,游水,沙田,,沙田,,,,,,,,游水,,
H380,05/09/2026,踱步,沙田,內圈,沙田 內圈,,,,,,助手,,快踱一圈,H,內圈 快踱一圈 (助手)
H380,04/09/2026,游水,沙田,,沙田,,,,,,,,游水,,
H380,04/09/2026,踱步,沙田,飛機場,沙田 飛機場,,,,,,助手,,踱步,H,飛機場 踱步 (助手)
H380,03/09/2026,試閘,沙田,全天候,沙田 全天候,1200M,1.09.97,69.97,24.4 22.8 22.7,星運傳奇,何澤堯,,第1組,B,第1組 (何澤堯) 1200M 星運傳奇 24.4 22.8 22.7 (1.09.97)
H380,03/09/2026,踱步,沙田,飛機場,沙田 飛機場,,,,,,助手,,踱步,H,飛機場 踱步 (助手)
H380,02/09/2026,游水,沙田,,沙田,,,,,,,,游水,,
H380,02/09/2026,踱步,沙田,內圈,沙田 內圈,,,,,,助手,,快踱一圈,H,內圈 快踱一圈 (助手)
H380,01/09/2026,游水,沙田,,沙田,,,,,,,,游水,,
H380,01/09/2026,踱步,沙田,內圈,沙田 內圈,,,,,,助手,,快踱一圈,H,內圈 快踱一圈 (助手)
H380,31/08/2026,游水,沙田,,沙田,,,,,,,,游水,,
H380,31/08/2026,快操,沙田,全天候,沙田 全天候,,55.0,55.0,29.2 25.8,,助手,,快操,H,29.2 25.8 (55.0) (助手)
H380,31/08/2026,踱步,沙田,飛機場,沙田 飛機場,,,,,,助手,,踱步,H,飛機場 踱步 (助手)
H380,30/08/2026,游水,沙田,,沙田,,,,,,,,游水,,
H380,29/08/2026,游水,沙田,,沙田,,,,,,,,游水,,
H380,29/08/2026,踱步,沙田,內圈,沙田 內圈,,,,,,助手,,快踱一圈,H,內圈 快踱一圈 (助手)
H380,28/08/2026,游水,沙田,,沙田,,,,,,,,游水,,
H380,28/08/2026,踱步,沙田,內圈,沙田 內圈,,,,,,助手,,快踱一圈,H,內圈 快踱一圈 (助手)
H380,27/08/2026,游水,沙田,,沙田,,,,,,,,游水,,
H380,26/08/2026,游水,從化,,從化,,,,,,,,游水,,
H380,26/08/2026,踱步,從化,飛機場,從化 飛機場,,,,,,助手,,踱步,H,飛機場 踱步 (助手)
H380,25/08/2026,游水,從化,,從化,,,,,,,,游水,,
H380,25/08/2026,快操,從化,全天候,從化 全天候,,59.7,59.7,32.5 27.2,,助手,,快操,H,32.5 27.2 (59.7) (助手)
H380,25/08/2026,踱步,從化,飛機場,從化 飛機場,,,,,,助手,,踱步,H,飛機場 踱步 (助手)
H380,24/08/2026,馬匹水中步行機,從化,,從化,,,,,,,,馬匹水中步行機,,
H380,24/08/2026,游水,從化,,從化,,,,,,,,游水,,
H380,24/08/2026,踱步,從化,內圈,從化 內圈,,,,,,助手,,倒快一圈,H,內圈 倒快一圈 (助手)
H380,23/08/2026,游水,從化,,從化,,,,,,,,游水,,
H380,22/08/2026,游水,從化,,從化,,,,,,,,游水,,
H380,22/08/2026,踱步,從化,內圈,從化 內圈,,,,,,助手,,快踱一圈,H,內圈 快踱一圈 (助手)
H380,21/08/2026,游水,從化,,從化,,,,,,,,游水,,
H380,21/08/2026,快操,從化,全天候,從化 全天候,,54.9,54.9,29.0 25.9,,助手,,快操,H,29.0 25.9 (54.9) (助手)
H380,21/08/2026,踱步,從化,飛機場,從化 飛機場,,,,,,助手,,踱步,H,飛機場 踱步 (助手)
H380,20/08/2026,游水,從化,,從化,,,,,,,,游水,,
H380,20/08/2026,踱步,從化,內圈,從化 內圈,,,,,,助手,,倒快一圈,H,內圈 倒快一圈 (助手)
H380,19/08/2026,游水,從化,,從化,,,,,,,,游水,,
H380,19/08/2026,踱步,從化,內圈,從化 內圈,,,,,,助手,,快踱一圈,H,內圈 快踱一圈 (助手)
H380,18/08/2026,游水,從化,,從化,,,,,,,,游水,,
H380,18/08/2026,快操,從化,全天候,從化 全天候,,56.4,56.4,29.5 26.9,,助手,,快操,H,29.5 26.9 (56.4) (助手)
H380,18/08/2026,踱步,從化,飛機場,從化 飛機場,,,,,,助手,,踱步,H,飛機場 踱步 (助手)
H380,17/08/2026,馬匹水中步行機,從化,,從化,,,,,,,,馬匹水中步行機,,
H380,17/08/2026,游水,從化,,從化,,,,,,,,游水,,
H380,17/08/2026,踱步,從化,內圈,從化 內圈,,,,,,助手,,倒快一圈,H,內圈 倒快一圈 (助手)
H380,16/08/2026,游水,從化,,從化,,,,,,,,游水,,
H380,15/08/2026,游水,從化,,從化,,,,,,,,游水,,
H380,15/08/2026,快操,從化,全天候,從化 全天候,,58.5,58.5,30.9 27.6,,助手,,快操,H,30.9 27.6 (58.5) (助手)
H380,15/08/2026,踱步,從化,飛機場,從化 飛機場,,,,,,助手,,踱步,H,飛機場 踱步 (助手)
H380,14/08/2026,游水,從化,,從化,,,,,,,,游水,,
H380,14/08/2026,踱步,從化,內圈,從化 內圈,,,,,,助手,,快踱一圈,H,內圈 快踱一圈 (助手)
H380,13/08/2026,馬匹水中步行機,從化,,從化,,,,,,,,馬匹水中步行機,,
H380,13/08/2026,游水,從化,,從化,,,,,,,,游水,,
H380,13/08/2026,踱步,從化,內圈,從化 內圈,,,,,,助手,,倒快一圈,H,內圈 倒快一圈 (助手)
H380,12/08/2026,游水,從化,,從化,,,,,,,,游水,,
H380,12/08/2026,快操,從化,全天候,從化 全天候,,1.00.9,60.9,32.3 28.6,,助手,,快操,H,32.3 28.6 (1.00.9) (助手)
H380,12/08/2026,踱步,從化,飛機場,從化 飛機場,,,,,,助手,,踱步,H,飛機場 踱步 (助手)
H380,11/08/2026,游水,從化,,從化,,,,,,,,游水,,
H380,11/08/2026,踱步,從化,內圈,從化 內圈,,,,,,助手,,快踱一圈,H,內圈 快踱一圈 (助手)
H380,10/08/2026,游水,從化,,從化,,,,,,,,游水,,
H380,10/08/2026,踱步,從化,內圈,從化 內圈,,,,,,助手,,倒快一圈,H,內圈 倒快一圈 (助手)
H380,09/08/2026,馬匹水中步行機,從化,,從化,,,,,,,,馬匹水中步行機,,
H380,09/08/2026,游水,從化,,從化,,,,,,,,游水,,
H380,08/08/2026,游水,從化,,從化,,,,,,,,游水,,
H380,08/08/2026,快操,從化,全天候,從化 全天候,,32.3,32.3,32.3,,助手,,快操,H,32.3 (32.3) (助手)
H380,08/08/2026,踱步,從化,飛機場,從化 飛機場,,,,,,助手,,踱步,H,飛機場 踱步 (助手)
H380,07/08/2026,游水,從化,,從化,,,,,,,,游水,,
H380,07/08/2026,踱步,從化,內圈,從化 內圈,,,,,,助手,,快踱一圈,H,內圈 快踱一圈 (助手)
H380,06/08/2026,馬匹水中步行機,從化,,從化,,,,,,,,馬匹水中步行機,,
H380,06/08/2026,游水,從化,,從化,,,,,,,,游水,,
H380,06/08/2026,踱步,從化,內圈,從化 內圈,,,,,,助手,,倒快一圈,H,內圈 倒快一圈 (助手)
H380,05/08/2026,游水,從化,,從化,,,,,,,,游水,,
H380,05/08/2026,踱步,從化,內圈,從化 內圈,,,,,,助手,,快踱一圈,H,內圈 快踱一圈 (助手)
H380,04/08/2026,游水,從化,,從化,,,,,,,,游水,,
H380,04/08/2026,踱步,從化,內圈,從化 內圈,,,,,,助手,,快踱一圈,H,內圈 快踱一圈 (助手)
H380,03/08/2026,馬匹水中步行機,從化,,從化,,,,,,,,馬匹水中步行機,,
H380,03/08/2026,游水,從化,,從化,,,,,,,,游水,,
H380,03/08/2026,踱步,從化,內圈,從化 內圈,,,,,,助手,,倒快一圈,H,內圈 倒快一圈 (助手)
H380,02/08/2026,游水,從化,,從化,,,,,,,,游水,,
H380,01/08/2026,踱步,從化,飛機場,從化 飛機場,,,,,,助手,,踱步,H,飛機場 踱步 (助手)
H380,31/07/2026,踱步,從化,飛機場,從化 飛機場,,,,,,助手,,踱步,H,飛機場 踱步 (助手)
H380,30/07/2026,馬匹水中步行機,從化,,從化,,,,,,,,馬匹水中步行機,,
H380,30/07/2026,踱步,從化,飛機場,從化 飛機場,,,,,,助手,,踱步,H,飛機場 踱步 (助手)
H380,29/07/2026,踱步,從化,飛機場,從化 飛機場,,,,,,助手,,踱步,H,飛機場 踱步 (助手)
H380,27/07/2026,馬匹水中步行機,從化,,從化,,,,,,,,馬匹水中步行機,,
H380,25/07/2026,馬匹水中步行機,從化,,從化,,,,,,,,馬匹水中步行機,,
H380,23/07/2026,馬匹水中步行機,從化,,從化,,,,,,,,馬匹水中步行機,,
H380,20/07/2026,馬匹水中步行機,從化,,從化,,,,,,,,馬匹水中步行機,,
H380,15/07/2026,游水,從化,,從化,,,,,,,,游水,,
H380,14/07/2026,游水,從化,,從化,,,,,,,,游水,,
H380,13/07/2026,馬匹水中步行機,從化,,從化,,,,,,,,馬匹水中步行機,,
H380,13/07/2026,游水,從化,,從化,,,,,,,,游水,,
H380,28/06/2026,游水,從化,,從化,,,,,,,,游水,,
H380,27/06/2026,游水,從化,,從化,,,,,,,,游水,,
H380,27/06/2026,踱步,從化,飛機場,從化 飛機場,,,,,,助手,,踱步,H,飛機場 踱步 (助手)
H380,26/06/2026,馬匹水中步行機,從化,,從化,,,,,,,,馬匹水中步行機,,
H380,26/06/2026,游水,從化,,從化,,,,,,,,游水,,
H380,26/06/2026,踱步,從化,飛機場,從化 飛機場,,,,,,助手,,踱步,H,飛機場 踱步 (助手)
H380,25/06/2026,馬匹水中步行機,從化,,從化,,,,,,,,馬匹水中步行機,,
H380,25/06/2026,游水,從化,,從化,,,,,,,,游水,,
H380,25/06/2026,踱步,從化,飛機場,從化 飛機場,,,,,,助手,,踱步,H,飛機場 踱步 (助手)
H380,24/06/2026,游水,從化,,從化,,,,,,,,游水,,
H380,24/06/2026,踱步,從化,飛機場,從化 飛機場,,,,,,助手,,踱步,H,飛機場 踱步 (助手)
H380,23/06/2026,游水,從化,,從化,,,,,,,,游水,,
H380,23/06/2026,踱步,從化,飛機場,從化 飛機場,,,,,,助手,,踱步,H,飛機場 踱步 (助手)
H380,22/06/2026,馬匹水中步行機,從化,,從化,,,,,,,,馬匹水中步行機,,
H380,22/06/2026,游水,從化,,從化,,,,,,,,游水,,
H380,22/06/2026,踱步,從化,飛機場,從化 飛機場,,,,,,助手,,踱步,H,飛機場 踱步 (助手)
H380,21/06/2026,游水,從化,,從化,,,,,,,,游水,,
H380,20/06/2026,馬匹水中步行機,從化,,從化,,,,,,,,馬匹水中步行機,,
H380,20/06/2026,游水,從化,,從化,,,,,,,,游水,,
H380,20/06/2026,踱步,從化,飛機場,從化 飛機場,,,,,,助手,,踱步,H,飛機場 踱步 (助手)
H380,19/06/2026,馬匹水中步行機,從化,,從化,,,,,,,,馬匹水中步行機,,
H380,19/06/2026,游水,從化,,從化,,,,,,,,游水,,
H380,19/06/2026,踱步,從化,飛機場,從化 飛機場,,,,,,助手,,踱步,H,飛機場 踱步 (助手)
H380,18/06/2026,游水,從化,,從化,,,,,,,,游水,,
H380,18/06/2026,踱步,從化,飛機場,從化 飛機場,,,,,,助手,,踱步,H,飛機場 踱步 (助手)
H380,17/06/2026,游水,從化,,從化,,,,,,,,游水,,
H380,17/06/2026,踱步,從化,飛機場,從化 飛機場,,,,,,助手,,踱步,H,飛機場 踱步 (助手)
H380,16/06/2026,游水,從化,,從化,,,,,,,,游水,,
H380,16/06/2026,踱步,從化,飛機場,從化 飛機場,,,,,,助手,,踱步,H,飛機場 踱步 (助手)
H380,15/06/2026,馬匹水中步行機,從化,,從化,,,,,,,,馬匹水中步行機,,
H380,15/06/2026,游水,從化,,從化,,,,,,,,游水,,
H380,15/06/2026,踱步,從化,飛機場,從化 飛機場,,,,,,助手,,踱步,H,飛機場 踱步 (助手)
H380,14/06/2026,游水,從化,,從化,,,,,,,,游水,,
H380,13/06/2026,馬匹水中步行機,從化,,從化,,,,,,,,馬匹水中步行機,,
H380,13/06/2026,游水,從化,,從化,,,,,,,,游水,,
H380,13/06/2026,踱步,從化,飛機場,從化 飛機場,,,,,,助手,,踱步,H,飛機場 踱步 (助手)
H380,12/06/2026,游水,從化,,從化,,,,,,,,游水,,
H380,12/06/2026,踱步,從化,飛機場,從化 飛機場,,,,,,助手,,踱步,H,飛機場 踱步 (助手)
H380,11/06/2026,踱步,從化,飛機場,從化 飛機場,,,,,,助手,,踱步,H,飛機場 踱步 (助手)
H380,10/06/2026,游水,從化,,從化,,,,,,,,游水,,
H380,10/06/2026,踱步,從化,飛機場,從化 飛機場,,,,,,助手,,踱步,H,飛機場 踱步 (助手)
H380,09/06/2026,游水,從化,,從化,,,,,,,,游水,,
H380,09/06/2026,踱步,從化,飛機場,從化 飛機場,,,,,,助手,,踱步,H,飛機場 踱步 (助手)
H380,08/06/2026,馬匹水中步行機,從化,,從化,,,,,,,,馬匹水中步行機,,
H380,08/06/2026,游水,從化,,從化,,,,,,,,游水,,
H380,08/06/2026,踱步,從化,飛機場,從化 飛機場,,,,,,助手,,踱步,H,飛機場 踱步 (助手)
H380,07/06/2026,馬匹水中步行機,從化,,從化,,,,,,,,馬匹水中步行機,,
H380,07/06/2026,游水,從化,,從化,,,,,,,,游水,,
H380,06/06/2026,游水,從化,,從化,,,,,,,,游水,,
H380,06/06/2026,踱步,從化,飛機場,從化 飛機場,,,,,,助手,,踱步,H,飛機場 踱步 (助手)
H380,05/06/2026,馬匹水中步行機,從化,,從化,,,,,,,,馬匹水中步行機,,
H380,05/06/2026,游水,從化,,從化,,,,,,,,游水,,
H380,05/06/2026,踱步,從化,飛機場,從化 飛機場,,,,,,助手,,踱步,H,飛機場 踱步 (助手)
H380,04/06/2026,馬匹水中步行機,從化,,從化,,,,,,,,馬匹水中步行機,,
H380,04/06/2026,游水,從化,,從化,,,,,,,,游水,,
H380,04/06/2026,踱步,從化,飛機場,從化 飛機場,,,,,,助手,,踱步,H,飛機場 踱步 (助手)
H380,03/06/2026,游水,從化,,從化,,,,,,,,游水,,
H380,03/06/2026,踱步,從化,飛機場,從化 飛機場,,,,,,助手,,踱步,H,飛機場 踱步 (助手)
H380,02/06/2026,游水,從化,,從化,,,,,,,,游水,,
H380,02/06/2026,踱步,從化,飛機場,從化 飛機場,,,,,,助手,,踱步,H,飛機場 踱步 (助手)
H380,01/06/2026,游水,從化,,從化,,,,,,,,游水,,
H380,01/06/2026,踱步,從化,飛機場,從化 飛機場,,,,,,助手,,踱步,H,飛機場 踱步 (助手)
H380,31/05/2026,馬匹水中步行機,從化,,從化,,,,,,,,馬匹水中步行機,,
H380,31/05/2026,游水,從化,,從化,,,,,,,,游水,,
H380,30/05/2026,游水,從化,,從化,,,,,,,,游水,,
H380,30/05/2026,踱步,從化,飛機場,從化 飛機場,,,,,,助手,,踱步,H,飛機場 踱步 (助手)
H380,29/05/2026,游水,從化,,從化,,,,,,,,游水,,
H380,29/05/2026,踱步,從化,飛機場,從化 飛機場,,,,,,助手,,踱步,H,飛機場 踱步 (助手)
H380,28/05/2026,游水,從化,,從化,,,,,,,,游水,,
H380,28/05/2026,踱步,從化,飛機場,從化 飛機場,,,,,,助手,,踱步,H,飛機場 踱步 (助手)
H380,27/05/2026,游水,從化,,從化,,,,,,,,游水,,
H380,27/05/2026,踱步,從化,飛機場,從化 飛機場,,,,,,助手,,踱步,H,飛機場 踱步 (助手)
H380,26/05/2026,游水,從化,,從化,,,,,,,,游水,,
H380,26/05/2026,踱步,從化,飛機場,從化 飛機場,,,,,,助手,,踱步,H,飛機場 踱步 (助手)
H380,25/05/2026,馬匹水中步行機,從化,,從化,,,,,,,,馬匹水中步行機,,
H380,25/05/2026,游水,從化,,從化,,,,,,,,游水,,
H380,25/05/2026,踱步,從化,內圈,從化 內圈,,,,,,助手,,倒快一圈,H,內圈 倒快一圈 (助手)
H380,24/05/2026,游水,從化,,從化,,,,,,,,游水,,
H380,23/05/2026,游水,從化,,從化,,,,,,,,游水,,
H380,23/05/2026,踱步,從化,內圈,從化 內圈,,,,,,助手,,快踱一圈,H,內圈 快踱一圈 (助手)
H380,22/05/2026,游水,從化,,從化,,,,,,,,游水,,
H380,22/05/2026,快操,從化,全天候,從化 全天候,,1.01.2,61.2,31.8 29.4,,助手,,快操,H,31.8 29.4 (1.01.2) (助手)
H380,22/05/2026,踱步,從化,飛機場,從化 飛機場,,,,,,助手,,踱步,H,飛機場 踱步 (助手)
H380,21/05/2026,游水,從化,,從化,,,,,,,,游水,,
H380,21/05/2026,踱步,從化,內圈,從化 內圈,,,,,,助手,,倒快一圈,H,內圈 倒快一圈 (助手)
H380,20/05/2026,游水,從化,,從化,,,,,,,,游水,,
H380,20/05/2026,踱步,從化,內圈,從化 內圈,,,,,,助手,,快踱一圈,H,內圈 快踱一圈 (助手)
H380,19/05/2026,游水,從化,,從化,,,,,,,,游水,,
H380,19/05/2026,踱步,從化,內圈,從化 內圈,,,,,,助手,,快踱一圈,H,內圈 快踱一圈 (助手)
H380,18/05/2026,游水,從化,,從化,,,,,,,,游水,,
H380,18/05/2026,踱步,從化,內圈,從化 內圈,,,,,,助手,,倒快一圈,H,內圈 倒快一圈 (助手)
H380,17/05/2026,馬匹水中步行機,從化,,從化,,,,,,,,馬匹水中步行機,,
H380,17/05/2026,游水,從化,,從化,,,,,,,,游水,,
H380,16/05/2026,游水,從化,,從化,,,,,,,,游水,,
H380,16/05/2026,踱步,從化,飛機場,從化 飛機場,,,,,,助手,,踱步,H,飛機場 踱步 (助手)
H380,13/05/2026,出賽,跑馬地,草地,跑馬地 草地,1650M,,,,,何澤堯,8/11,出賽,B,1650M (何澤堯) (8/11)
H380,13/05/2026,踱步,沙田,飛機場,沙田 飛機場,,,,,,助手,,踱步,H,飛機場 踱步 (助手)
H380,12/05/2026,游水,沙田,,沙田,,,,,,,,游水,,
H380,12/05/2026,踱步,沙田,內圈,沙田 內圈,,,,,,副練馬師,,快踱一圈,H,內圈 快踱一圈 (副練馬師)
H380,11/05/2026,游水,沙田,,沙田,,,,,,,,游水,,
H380,11/05/2026,快操,沙田,全天候,沙田 全天候,,54.7,54.7,29.1 25.6,,副練馬師,,快操,H,29.1 25.6 (54.7) (副練馬師)
H380,11/05/2026,踱步,沙田,飛機場,沙田 飛機場,,,,,,助手,,踱步,H,飛機場 踱步 (助手)
H380,10/05/2026,游水,沙田,,沙田,,,,,,,,游水,,
H380,10/05/2026,踱步,沙田,飛機場,沙田 飛機場,,,,,,助手,,踱步,H,飛機場 踱步 (助手)
H380,09/05/2026,游水,沙田,,沙田,,,,,,,,游水,,
H380,09/05/2026,踱步,沙田,內圈,沙田 內圈,,,,,,助手,,快踱一圈,H,內圈 快踱一圈 (助手)
H380,08/05/2026,游水,沙田,,沙田,,,,,,,,游水,,
H380,08/05/2026,踱步,沙田,內圈,沙田 內圈,,,,,,助手,,快踱一圈,H,內圈 快踱一圈 (助手)
H380,07/05/2026,游水,沙田,,沙田,,,,,,,,游水,,
H380,07/05/2026,快操,沙田,草閘,沙田 草閘,,49.1,49.1,26.5 22.6,,副練馬師,,同心,H,26.5 22.6 (49.1) (副練馬師) 同心
H380,06/05/2026,游水,沙田,,沙田,,,,,,,,游水,,
H380,06/05/2026,踱步,沙田,內圈,沙田 內圈,,,,,,助手,,快踱一圈,H,內圈 快踱一圈 (助手)
H380,05/05/2026,游水,沙田,,沙田,,,,,,,,游水,,
H380,05/05/2026,踱步,沙田,內圈,沙田 內圈,,,,,,助手,,快踱一圈,H,內圈 快踱一圈 (助手)
H380,04/05/2026,游水,沙田,,沙田,,,,,,,,游水,,
H380,04/05/2026,快操,沙田,全天候,沙田 全天候,,57.4,57.4,31.3 26.1,,副練馬師,,快操,H,31.3 26.1 (57.4) (副練馬師)
H380,04/05/2026,踱步,沙田,飛機場,沙田 飛機場,,,,,,助手,,踱步,H,飛機場 踱步 (助手)
H380,03/05/2026,游水,沙田,,沙田,,,,,,,,游水,,
H380,02/05/2026,游水,沙田,,沙田,,,,,,,,游水,,
H380,02/05/2026,踱步,沙田,內圈,沙田 內圈,,,,,,助手,,快踱一圈,H,內圈 快踱一圈 (助手)
H380,01/05/2026,踱步,沙田,內圈,沙田 內圈,,,,,,助手,,快踱一圈,H,內圈 快踱一圈 (助手)
H380,30/04/2026,快操,沙田,全天候,沙田 全天候,,59.5,59.5,32.6 26.9,,助手,,伴跳馬,H,32.6 26.9 (59.5) (助手) 伴跳馬
H380,30/04/2026,踱步,沙田,飛機場,沙田 飛機場,,,,,,助手,,踱步,H,飛機場 踱步 (助手)
H380,29/04/2026,踱步,沙田,內圈,沙田 內圈,,,,,,助手,,快踱一圈,H,內圈 快踱一圈 (助手)
H380,28/04/2026,踱步,沙田,內圈,沙田 內圈,,,,,,副練馬師,,快踱一圈,H,內圈 快踱一圈 (副練馬師)
H380,27/04/2026,踱步,沙田,內圈,沙田 內圈,,,,,,助手,,倒快一圈,H,內圈 倒快一圈 (助手)
H380,26/04/2026,踱步,沙田,內圈,沙田 內圈,,,,,,助手,,快踱一圈,H,內圈 快踱一圈 (助手)
H380,25/04/2026,踱步,沙田,飛機場,沙田 飛機場,,,,,,助手,,踱步,H,飛機場 踱步 (助手)
H380,23/04/2026,游水,沙田,,沙田,,,,,,,,游水,,
H380,23/04/2026,快操,沙田,全天候,沙田 全天候,,26.1,26.1,26.1,,助手,,快操,H,26.1 (26.1) (助手)
H380,23/04/2026,踱步,沙田,飛機場,沙田 飛機場,,,,,,助手,,踱步,H,飛機場 踱步 (助手)
H380,22/04/2026,游水,沙田,,沙田,,,,,,,,游水,,
H380,22/04/2026,踱步,沙田,內圈,沙田 內圈,,,,,,助手,,快踱一圈,H,內圈 快踱一圈 (助手)
H380,21/04/2026,游水,沙田,,沙田,,,,,,,,游水,,
H380,21/04/2026,踱步,沙田,內圈,沙田 內圈,,,,,,助手,,快踱一圈,H,內圈 快踱一圈 (助手)
H380,20/04/2026,游水,沙田,,沙田,,,,,,,,游水,,
H380,20/04/2026,踱步,沙田,內圈,沙田 內圈,,,,,,助手,,倒快一圈,H,內圈 倒快一圈 (助手)
H380,19/04/2026,游水,沙田,,沙田,,,,,,,,游水,,
H380,19/04/2026,踱步,沙田,飛機場,沙田 飛機場,,,,,,助手,,踱步,H,飛機場 踱步 (助手)
H380,18/04/2026,游水,從化,,從化,,,,,,,,游水,,
H380,18/04/2026,踱步,從化,飛機場,從化 飛機場,,,,,,助手,,踱步,H,飛機場 踱步 (助手)
H380,17/04/2026,試閘,從化,草地,從化 草地,1200M,1.12.33,72.33,26.4 22.5 23.4,高士威勁,希威森,,第5組,B,第5組 (希威森) 1200M 高士威勁 26.4 22.5 23.4 (1.12.33)
H380,17/04/2026,踱步,從化,飛機場,從化 飛機場,,,,,,助手,,踱步,B,飛機場 踱步 (助手)
H380,16/04/2026,游水,從化,,從化,,,,,,,,游水,,
H380,16/04/2026,踱步,從化,內圈,從化 內圈,,,,,,助手,,倒快兩圈,H,內圈 倒快兩圈 (助手)
H380,15/04/2026,游水,從化,,從化,,,,,,,,游水,,
H380,15/04/2026,踱步,從化,內圈,從化 內圈,,,,,,助手,,快踱一圈,H,內圈 快踱一圈 (助手)
H380,14/04/2026,馬匹水中步行機,從化,,從化,,,,,,,,馬匹水中步行機,,
H380,14/04/2026,游水,從化,,從化,,,,,,,,游水,,
H380,14/04/2026,踱步,從化,內圈,從化 內圈,,,,,,助手,,快踱一圈,H,內圈 快踱一圈 (助手)
H380,13/04/2026,游水,從化,,從化,,,,,,,,游水,,
H380,13/04/2026,快操,從化,全天候,從化 全天候,,56.0,56.0,29.6 26.4,,助手,,快操,H,29.6 26.4 (56.0) (助手)
H380,13/04/2026,踱步,從化,飛機場,從化 飛機場,,,,,,助手,,踱步,H,飛機場 踱步 (助手)
H380,12/04/2026,馬匹水中步行機,從化,,從化,,,,,,,,馬匹水中步行機,,
H380,12/04/2026,游水,從化,,從化,,,,,,,,游水,,
H380,11/04/2026,游水,從化,,從化,,,,,,,,游水,,
H380,11/04/2026,踱步,從化,內圈,從化 內圈,,,,,,助手,,快踱一圈,H,內圈 快踱一圈 (助手)
H380,10/04/2026,游水,從化,,從化,,,,,,,,游水,,
H380,10/04/2026,踱步,從化,內圈,從化 內圈,,,,,,助手,,快踱一圈,H,內圈 快踱一圈 (助手)
H380,09/04/2026,游水,從化,,從化,,,,,,,,游水,,
H380,09/04/2026,快操,從化,全天候,從化 全天候,,56.5,56.5,30.4 26.1,,助手,,快操,H,30.4 26.1 (56.5) (助手)
H380,09/04/2026,踱步,從化,飛機場,從化 飛機場,,,,,,助手,,踱步,H,飛機場 踱步 (助手)
H380,08/04/2026,游水,從化,,從化,,,,,,,,游水,,
H380,08/04/2026,踱步,從化,內圈,從化 內圈,,,,,,助手,,快踱一圈,H,內圈 快踱一圈 (助手)
H380,07/04/2026,馬匹水中步行機,從化,,從化,,,,,,,,馬匹水中步行機,,
H380,07/04/2026,游水,從化,,從化,,,,,,,,游水,,
H380,07/04/2026,踱步,從化,內圈,從化 內圈,,,,,,助手,,快踱一圈,H,內圈 快踱一圈 (助手)
H380,06/04/2026,游水,從化,,從化,,,,,,,,游水,,
H380,06/04/2026,快操,從化,全天候,從化 全天候,,58.0,58.0,31.2 26.8,,助手,,快操,H,31.2 26.8 (58.0) (助手)
H380,06/04/2026,踱步,從化,飛機場,從化 飛機場,,,,,,助手,,踱步,H,飛機場 踱步 (助手)
H380,05/04/2026,馬匹水中步行機,從化,,從化,,,,,,,,馬匹水中步行機,,
H380,05/04/2026,游水,從化,,從化,,,,,,,,游水,,
H380,04/04/2026,游水,從化,,從化,,,,,,,,游水,,
H380,04/04/2026,踱步,從化,內圈,從化 內圈,,,,,,助手,,快踱一圈,H,內圈 快踱一圈 (助手)
H380,03/04/2026,游水,從化,,從化,,,,,,,,游水,,
H380,03/04/2026,踱步,從化,內圈,從化 內圈,,,,,,助手,,快踱一圈,H,內圈 快踱一圈 (助手)
H380,02/04/2026,游水,從化,,從化,,,,,,,,游水,,
H380,02/04/2026,快操,從化,全天候,從化 全天候,,57.1,57.1,29.7 27.4,,助手,,快操,H,29.7 27.4 (57.1) (助手)
H380,02/04/2026,踱步,從化,飛機場,從化 飛機場,,,,,,助手,,踱步,H,飛機場 踱步 (助手)
H380,01/04/2026,馬匹水中步行機,從化,,從化,,,,,,,,馬匹水中步行機,,
H380,01/04/2026,游水,從化,,從化,,,,,,,,游水,,
H380,01/04/2026,踱步,從化,內圈,從化 內圈,,,,,,助手,,快踱一圈,H,內圈 快踱一圈 (助手)
H380,31/03/2026,馬匹水中步行機,從化,,從化,,,,,,,,馬匹水中步行機,,
H380,31/03/2026,游水,從化,,從化,,,,,,,,游水,,
H380,31/03/2026,踱步,從化,內圈,從化 內圈,,,,,,助手,,快踱一圈,H,內圈 快踱一圈 (助手)
H380,30/03/2026,游水,從化,,從化,,,,,,,,游水,,
H380,30/03/2026,踱步,從化,內圈,從化 內圈,,,,,,助手,,倒快一圈,H,內圈 倒快一圈 (助手)
H380,29/03/2026,游水,從化,,從化,,,,,,,,游水,,
H380,28/03/2026,馬匹水中步行機,從化,,從化,,,,,,,,馬匹水中步行機,,
H380,28/03/2026,游水,從化,,從化,,,,,,,,游水,,
H380,28/03/2026,踱步,從化,飛機場,從化 飛機場,,,,,,助手,,踱步,H,飛機場 踱步 (助手)
H380,27/03/2026,游水,沙田,,沙田,,,,,,,,游水,,
H380,27/03/2026,踱步,沙田,內圈,沙田 內圈,,,,,,助手,,快踱一圈,H,內圈 快踱一圈 (助手)
H380,26/03/2026,游水,沙田,,沙田,,,,,,,,游水,,
H380,26/03/2026,踱步,沙田,內圈,沙田 內圈,,,,,,助手,,倒快一圈,H,內圈 倒快一圈 (助手)
H380,25/03/2026,游水,沙田,,沙田,,,,,,,,游水,,
H380,25/03/2026,踱步,沙田,飛機場,沙田 飛機場,,,,,,助手,,踱步,H,飛機場 踱步 (助手)
H380,22/03/2026,出賽,沙田,草地,沙田 草地,1400M,,,,,何澤堯,3/14,出賽,B,1400M (何澤堯) (3/14)
H380,22/03/2026,踱步,沙田,飛機場,沙田 飛機場,,,,,,助手,,踱步,H,飛機場 踱步 (助手)
H380,21/03/2026,游水,沙田,,沙田,,,,,,,,游水,,
H380,21/03/2026,踱步,沙田,內圈,沙田 內圈,,,,,,助手,,快踱一圈,H,內圈 快踱一圈 (助手)
H380,20/03/2026,游水,沙田,,沙田,,,,,,,,游水,,
H380,20/03/2026,快操,沙田,全天候,沙田 全天候,,55.8,55.8,30.1 25.7,,助手,,快操,H,30.1 25.7 (55.8) (助手)
H380,20/03/2026,踱步,沙田,飛機場,沙田 飛機場,,,,,,助手,,踱步,H,飛機場 踱步 (助手)
H380,19/03/2026,游水,沙田,,沙田,,,,,,,,游水,,
H380,19/03/2026,踱步,沙田,內圈,沙田 內圈,,,,,,助手,,倒快一圈,H,內圈 倒快一圈 (助手)
H380,18/03/2026,游水,沙田,,沙田,,,,,,,,游水,,
H380,18/03/2026,踱步,沙田,飛機場,沙田 飛機場,,,,,,助手,,踱步,H,飛機場 踱步 (助手)
H380,17/03/2026,游水,從化,,從化,,,,,,,,游水,,
H380,17/03/2026,踱步,從化,飛機場,從化 飛機場,,,,,,助手,,踱步,H,飛機場 踱步 (助手)
H380,16/03/2026,游水,從化,,從化,,,,,,,,游水,,
H380,16/03/2026,踱步,從化,內圈,從化 內圈,,,,,,助手,,倒快一圈,H,內圈 倒快一圈 (助手)
H380,15/03/2026,游水,從化,,從化,,,,,,,,游水,,
H380,14/03/2026,游水,從化,,從化,,,,,,,,游水,,
H380,14/03/2026,踱步,從化,內圈,從化 內圈,,,,,,助手,,快踱一圈,H,內圈 快踱一圈 (助手)
H380,13/03/2026,馬匹水中步行機,從化,,從化,,,,,,,,馬匹水中步行機,,
H380,13/03/2026,游水,從化,,從化,,,,,,,,游水,,
H380,13/03/2026,踱步,從化,飛機場,從化 飛機場,,,,,,助手,,踱步,H,飛機場 踱步 (助手)
H380,12/03/2026,試閘,從化,全天候,從化 全天候,1200M,1.12.91,72.91,27.3 23.7 21.9,禪勝輝煌,湯瑪善,,第1組,B,第1組 (湯瑪善) 1200M 禪勝輝煌 27.3 23.7 21.9 (1.12.91)
H380,12/03/2026,踱步,從化,飛機場,從化 飛機場,,,,,,助手,,踱步,B,飛機場 踱步 (助手)
H380,11/03/2026,游水,從化,,從化,,,,,,,,游水,,
H380,11/03/2026,踱步,從化,內圈,從化 內圈,,,,,,助手,,快踱一圈,H,內圈 快踱一圈 (助手)
H380,10/03/2026,馬匹水中步行機,從化,,從化,,,,,,,,馬匹水中步行機,,
H380,10/03/2026,游水,從化,,從化,,,,,,,,游水,,
H380,10/03/2026,踱步,從化,內圈,從化 內圈,,,,,,助手,,快踱一圈,H,內圈 快踱一圈 (助手)
H380,09/03/2026,游水,從化,,從化,,,,,,,,游水,,
H380,09/03/2026,快操,從化,全天候,從化 全天候,,56.5,56.5,29.7 26.8,,助手,,快操,H,29.7 26.8 (56.5) (助手)
H380,09/03/2026,踱步,從化,飛機場,從化 飛機場,,,,,,助手,,踱步,H,飛機場 踱步 (助手)
H380,08/03/2026,馬匹水中步行機,從化,,從化,,,,,,,,馬匹水中步行機,,
H380,08/03/2026,游水,從化,,從化,,,,,,,,游水,,
H380,07/03/2026,游水,從化,,從化,,,,,,,,游水,,
H380,07/03/2026,踱步,從化,內圈,從化 內圈,,,,,,助手,,快踱一圈,H,內圈 快踱一圈 (助手)
H380,06/03/2026,馬匹水中步行機,從化,,從化,,,,,,,,馬匹水中步行機,,
H380,06/03/2026,游水,從化,,從化,,,,,,,,游水,,
H380,06/03/2026,踱步,從化,內圈,從化 內圈,,,,,,助手,,快踱一圈,H,內圈 快踱一圈 (助手)
H380,05/03/2026,游水,從化,,從化,,,,,,,,游水,,
H380,05/03/2026,快操,從化,全天候,從化 全天候,,58.2,58.2,31.0 27.2,,助手,,快操,H,31.0 27.2 (58.2) (助手)
H380,05/03/2026,踱步,從化,飛機場,從化 飛機場,,,,,,助手,,踱步,H,飛機場 踱步 (助手)
H380,04/03/2026,游水,從化,,從化,,,,,,,,游水,,
H380,04/03/2026,踱步,從化,內圈,從化 內圈,,,,,,助手,,快踱一圈,H,內圈 快踱一圈 (助手)
H380,03/03/2026,游水,從化,,從化,,,,,,,,游水,,
H380,03/03/2026,踱步,從化,內圈,從化 內圈,,,,,,助手,,快踱一圈,H,內圈 快踱一圈 (助手)
H380,02/03/2026,游水,從化,,從化,,,,,,,,游水,,
H380,02/03/2026,快操,從化,全天候,從化 全天候,,58.7,58.7,31.9 26.8,,助手,,快操,H,31.9 26.8 (58.7) (助手)
H380,02/03/2026,踱步,從化,飛機場,從化 飛機場,,,,,,助手,,踱步,H,飛機場 踱步 (助手)
H380,01/03/2026,馬匹水中步行機,從化,,從化,,,,,,,,馬匹水中步行機,,
H380,01/03/2026,游水,從化,,從化,,,,,,,,游水,,
H380,28/02/2026,游水,從化,,從化,,,,,,,,游水,,
H380,28/02/2026,踱步,從化,內圈,從化 內圈,,,,,,助手,,快踱一圈,H,內圈 快踱一圈 (助手)
H380,27/02/2026,游水,從化,,從化,,,,,,,,游水,,
H380,27/02/2026,踱步,從化,內圈,從化 內圈,,,,,,助手,,快踱一圈,H,內圈 快踱一圈 (助手)
H380,26/02/2026,游水,從化,,從化,,,,,,,,游水,,
H380,26/02/2026,快操,從化,全天候,從化 全天候,,56.8,56.8,30.1 26.7,,助手,,快操,H,30.1 26.7 (56.8) (助手)
H380,26/02/2026,踱步,從化,飛機場,從化 飛機場,,,,,,助手,,踱步,H,飛機場 踱步 (助手)
H380,25/02/2026,游水,從化,,從化,,,,,,,,游水,,
H380,25/02/2026,踱步,從化,內圈,從化 內圈,,,,,,助手,,快踱一圈,H,內圈 快踱一圈 (助手)
H380,24/02/2026,游水,從化,,從化,,,,,,,,游水,,
H380,24/02/2026,踱步,從化,內圈,從化 內圈,,,,,,助手,,快踱一圈,H,內圈 快踱一圈 (助手)
H380,23/02/2026,游水,從化,,從化,,,,,,,,游水,,
H380,23/02/2026,快操,從化,全天候,從化 全天候,,56.7,56.7,29.9 26.8,,助手,,快操,H,29.9 26.8 (56.7) (助手)
H380,23/02/2026,踱步,從化,飛機場,從化 飛機場,,,,,,助手,,踱步,H,飛機場 踱步 (助手)
H380,22/02/2026,游水,從化,,從化,,,,,,,,游水,,
H380,21/02/2026,游水,從化,,從化,,,,,,,,游水,,
H380,21/02/2026,踱步,從化,內圈,從化 內圈,,,,,,助手,,快踱一圈,H,內圈 快踱一圈 (助手)
H380,20/02/2026,馬匹水中步行機,從化,,從化,,,,,,,,馬匹水中步行機,,
H380,20/02/2026,游水,從化,,從化,,,,,,,,游水,,
H380,20/02/2026,踱步,從化,內圈,從化 內圈,,,,,,助手,,快踱一圈,H,內圈 快踱一圈 (助手)
H380,19/02/2026,游水,從化,,從化,,,,,,,,游水,,
H380,19/02/2026,快操,從化,全天候,從化 全天候,,55.4,55.4,29.8 25.6,,助手,,快操,H,29.8 25.6 (55.4) (助手)
H380,19/02/2026,踱步,從化,飛機場,從化 飛機場,,,,,,助手,,踱步,H,飛機場 踱步 (助手)
H380,18/02/2026,游水,從化,,從化,,,,,,,,游水,,
H380,18/02/2026,踱步,從化,內圈,從化 內圈,,,,,,助手,,快踱一圈,H,內圈 快踱一圈 (助手)
H380,16/02/2026,馬匹水中步行機,從化,,從化,,,,,,,,馬匹水中步行機,,
H380,16/02/2026,游水,從化,,從化,,,,,,,,游水,,
H380,16/02/2026,踱步,從化,內圈,從化 內圈,,,,,,助手,,倒快兩圈,H,內圈 倒快兩圈 (助手)
H380,15/02/2026,游水,從化,,從化,,,,,,,,游水,,
H380,14/02/2026,游水,從化,,從化,,,,,,,,游水,,
H380,14/02/2026,踱步,從化,內圈,從化 內圈,,,,,,助手,,快踱一圈,H,內圈 快踱一圈 (助手)
H380,13/02/2026,游水,從化,,從化,,,,,,,,游水,,
H380,13/02/2026,踱步,從化,內圈,從化 內圈,,,,,,助手,,快踱一圈,H,內圈 快踱一圈 (助手)
H380,12/02/2026,馬匹水中步行機,從化,,從化,,,,,,,,馬匹水中步行機,,
H380,12/02/2026,游水,從化,,從化,,,,,,,,游水,,
H380,12/02/2026,踱步,從化,飛機場,從化 飛機場,,,,,,助手,,踱步,H,飛機場 踱步 (助手)
H380,11/02/2026,游水,沙田,,沙田,,,,,,,,游水,,
H380,11/02/2026,踱步,沙田,飛機場,沙田 飛機場,,,,,,助手,,踱步,H,飛機場 踱步 (助手)
H380,10/02/2026,游水,沙田,,沙田,,,,,,,,游水,,
H380,08/02/2026,出賽,沙田,草地,沙田 草地,1800M,,,,,希威森,2/7,出賽,B,1800M (希威森) (2/7)
H380,08/02/2026,踱步,沙田,飛機場,沙田 飛機場,,,,,,助手,,踱步,H,飛機場 踱步 (助手)
H380,07/02/2026,游水,沙田,,沙田,,,,,,,,游水,,
H380,07/02/2026,踱步,沙田,內圈,沙田 內圈,,,,,,助手,,快踱一圈,H,內圈 快踱一圈 (助手)
H380,06/02/2026,游水,沙田,,沙田,,,,,,,,游水,,
H380,06/02/2026,快操,沙田,全天候,沙田 全天候,,58.3,58.3,31.3 27.0,,助手,,快操,H,31.3 27.0 (58.3) (助手)
H380,06/02/2026,踱步,沙田,飛機場,沙田 飛機場,,,,,,助手,,踱步,H,飛機場 踱步 (助手)
H380,05/02/2026,游水,沙田,,沙田,,,,,,,,游水,,
H380,05/02/2026,踱步,沙田,內圈,沙田 內圈,,,,,,助手,,倒快一圈,H,內圈 倒快一圈 (助手)
H380,04/02/2026,游水,沙田,,沙田,,,,,,,,游水,,
H380,04/02/2026,踱步,沙田,飛機場,沙田 飛機場,,,,,,助手,,踱步,H,飛機場 踱步 (助手)
H380,03/02/2026,踱步,從化,飛機場,從化 飛機場,,,,,,助手,,踱步,H,飛機場 踱步 (助手)
H380,02/02/2026,游水,從化,,從化,,,,,,,,游水,,
H380,02/02/2026,快操,從化,全天候,從化 全天候,,59.1,59.1,33.2 25.9,,助手,,快操,H,33.2 25.9 (59.1) (助手)
H380,02/02/2026,踱步,從化,飛機場,從化 飛機場,,,,,,助手,,踱步,H,飛機場 踱步 (助手)
H380,01/02/2026,游水,從化,,從化,,,,,,,,游水,,
H380,31/01/2026,馬匹水中步行機,從化,,從化,,,,,,,,馬匹水中步行機,,
H380,31/01/2026,游水,從化,,從化,,,,,,,,游水,,
H380,31/01/2026,踱步,從化,內圈,從化 內圈,,,,,,助手,,快踱一圈,H,內圈 快踱一圈 (助手)
H380,30/01/2026,游水,從化,,從化,,,,,,,,游水,,
H380,30/01/2026,快操,從化,全天候,從化 全天候,,55.9,55.9,29.9 26.0,,助手,,快操,H,29.9 26.0 (55.9) (助手)
H380,30/01/2026,踱步,從化,飛機場,從化 飛機場,,,,,,助手,,踱步,H,飛機場 踱步 (助手)
H380,29/01/2026,游水,從化,,從化,,,,,,,,游水,,
H380,29/01/2026,踱步,從化,內圈,從化 內圈,,,,,,助手,,倒快兩圈,H,內圈 倒快兩圈 (助手)
H380,28/01/2026,馬匹水中步行機,從化,,從化,,,,,,,,馬匹水中步行機,,
H380,28/01/2026,游水,從化,,從化,,,,,,,,游水,,
H380,28/01/2026,踱步,從化,內圈,從化 內圈,,,,,,助手,,快踱一圈,H,內圈 快踱一圈 (助手)
H380,27/01/2026,游水,從化,,從化,,,,,,,,游水,,
H380,27/01/2026,快操,從化,草地,從化 草地,,53.8,53.8,28.6 25.2,,助手,,快活同盟,H,28.6 25.2 (53.8) (助手) 快活同盟
H380,27/01/2026,踱步,從化,飛機場,從化 飛機場,,,,,,助手,,踱步,H,飛機場 踱步 (助手)
H380,26/01/2026,馬匹水中步行機,從化,,從化,,,,,,,,馬匹水中步行機,,
H380,26/01/2026,游水,從化,,從化,,,,,,,,游水,,
H380,26/01/2026,踱步,從化,內圈,從化 內圈,,,,,,助手,,倒快兩圈,H,內圈 倒快兩圈 (助手)
H380,25/01/2026,馬匹水中步行機,從化,,從化,,,,,,,,馬匹水中步行機,,
H380,25/01/2026,游水,從化,,從化,,,,,,,,游水,,
H380,24/01/2026,游水,從化,,從化,,,,,,,,游水,,
H380,24/01/2026,踱步,從化,內圈,從化 內圈,,,,,,助手,,快踱一圈,H,內圈 快踱一圈 (助手)
H380,23/01/2026,快操,從化,全天候,從化 全天候,,56.3,56.3,30.2 26.1,,助手,,快操,H,30.2 26.1 (56.3) (助手)
H380,23/01/2026,踱步,從化,飛機場,從化 飛機場,,,,,,助手,,踱步,H,飛機場 踱步 (助手)
H380,22/01/2026,踱步,從化,內圈,從化 內圈,,,,,,助手,,倒快兩圈,H,內圈 倒快兩圈 (助手)
H380,21/01/2026,游水,從化,,從化,,,,,,,,游水,,
H380,21/01/2026,踱步,從化,內圈,從化 內圈,,,,,,助手,,快踱一圈,H,內圈 快踱一圈 (助手)
H380,20/01/2026,馬匹水中步行機,從化,,從化,,,,,,,,馬匹水中步行機,,
H380,20/01/2026,游水,從化,,從化,,,,,,,,游水,,
H380,20/01/2026,踱步,從化,飛機場,從化 飛機場,,,,,,助手,,踱步,H,飛機場 踱步 (助手)
H380,19/01/2026,游水,沙田,,沙田,,,,,,,,游水,,
H380,19/01/2026,踱步,沙田,內圈,沙田 內圈,,,,,,助手,,倒快一圈,H,內圈 倒快一圈 (助手)
H380,18/01/2026,游水,沙田,,沙田,,,,,,,,游水,,
H380,18/01/2026,踱步,沙田,飛機場,沙田 飛機場,,,,,,助手,,踱步,H,飛機場 踱步 (助手)
H380,17/01/2026,游水,沙田,,沙田,,,,,,,,游水,,
H380,17/01/2026,踱步,沙田,飛機場,沙田 飛機場,,,,,,助手,,踱步,H,飛機場 踱步 (助手)
H380,16/01/2026,游水,沙田,,沙田,,,,,,,,游水,,
H380,14/01/2026,出賽,跑馬地,草地,跑馬地 草地,1800M,,,,,希威森,1/12,出賽,B,1800M (希威森) (1/12)
H380,14/01/2026,踱步,沙田,飛機場,沙田 飛機場,,,,,,助手,,踱步,H,飛機場 踱步 (助手)
H380,13/01/2026,游水,沙田,,沙田,,,,,,,,游水,,
H380,13/01/2026,踱步,沙田,內圈,沙田 內圈,,,,,,助手,,快踱一圈,H,內圈 快踱一圈 (助手)
H380,12/01/2026,游水,沙田,,沙田,,,,,,,,游水,,
H380,12/01/2026,快操,沙田,全天候,沙田 全天候,,56.6,56.6,30.5 26.1,,希威森,,快操,H,30.5 26.1 (56.6) (希威森)
H380,11/01/2026,踱步,沙田,飛機場,沙田 飛機場,,,,,,助手,,踱步,H,飛機場 踱步 (助手)
H380,10/01/2026,踱步,從化,飛機場,從化 飛機場,,,,,,助手,,踱步,H,飛機場 踱步 (助手)
H380,09/01/2026,游水,從化,,從化,,,,,,,,游水,,
H380,09/01/2026,快操,從化,全天候,從化 全天候,,55.9,55.9,30.1 25.8,,助手,,快操,H,30.1 25.8 (55.9) (助手)
H380,09/01/2026,踱步,從化,飛機場,從化 飛機場,,,,,,助手,,踱步,H,飛機場 踱步 (助手)
H380,08/01/2026,馬匹水中步行機,從化,,從化,,,,,,,,馬匹水中步行機,,
H380,08/01/2026,游水,從化,,從化,,,,,,,,游水,,
H380,08/01/2026,踱步,從化,內圈,從化 內圈,,,,,,助手,,倒快兩圈,H,內圈 倒快兩圈 (助手)
H380,07/01/2026,游水,從化,,從化,,,,,,,,游水,,
H380,07/01/2026,踱步,從化,內圈,從化 內圈,,,,,,助手,,快踱一圈,H,內圈 快踱一圈 (助手)
H380,06/01/2026,游水,從化,,從化,,,,,,,,游水,,
H380,06/01/2026,快操,從化,草地,從化 草地,,52.0,52.0,28.2 23.8,,助手,,智勇名駒,H,28.2 23.8 (52.0) (助手) 智勇名駒
H380,06/01/2026,踱步,從化,飛機場,從化 飛機場,,,,,,助手,,踱步,H,飛機場 踱步 (助手)
H380,05/01/2026,游水,從化,,從化,,,,,,,,游水,,
H380,05/01/2026,踱步,從化,內圈,從化 內圈,,,,,,助手,,倒快兩圈,H,內圈 倒快兩圈 (助手)
H380,04/01/2026,馬匹水中步行機,從化,,從化,,,,,,,,馬匹水中步行機,,
H380,04/01/2026,游水,從化,,從化,,,,,,,,游水,,
H380,03/01/2026,馬匹水中步行機,從化,,從化,,,,,,,,馬匹水中步行機,,
H380,03/01/2026,游水,從化,,從化,,,,,,,,游水,,
H380,03/01/2026,踱步,從化,內圈,從化 內圈,,,,,,助手,,快踱一圈,H,內圈 快踱一圈 (助手)
H380,02/01/2026,游水,從化,,從化,,,,,,,,游水,,
H380,02/01/2026,快操,從化,全天候,從化 全天候,,59.1,59.1,31.5 27.6,,助手,,快操,H,31.5 27.6 (59.1) (助手)
H380,02/01/2026,踱步,從化,飛機場,從化 飛機場,,,,,,助手,,踱步,H,飛機場 踱步 (助手)
H380,01/01/2026,游水,從化,,從化,,,,,,,,游水,,
H380,01/01/2026,踱步,從化,內圈,從化 內圈,,,,,,助手,,倒快兩圈,H,內圈 倒快兩圈 (助手)
H380,31/12/2025,游水,從化,,從化,,,,,,,,游水,,
H380,31/12/2025,踱步,從化,內圈,從化 內圈,,,,,,助手,,快踱一圈,H,內圈 快踱一圈 (助手)
H380,30/12/2025,游水,從化,,從化,,,,,,,,游水,,
H380,30/12/2025,快操,從化,全天候,從化 全天候,,54.7,54.7,29.5 25.2,,助手,,快操,H,29.5 25.2 (54.7) (助手)
H380,30/12/2025,踱步,從化,飛機場,從化 飛機場,,,,,,助手,,踱步,H,飛機場 踱步 (助手)
H380,29/12/2025,馬匹水中步行機,從化,,從化,,,,,,,,馬匹水中步行機,,
H380,29/12/2025,游水,從化,,從化,,,,,,,,游水,,
H380,29/12/2025,踱步,從化,內圈,從化 內圈,,,,,,助手,,倒快兩圈,H,內圈 倒快兩圈 (助手)
H380,28/12/2025,游水,從化,,從化,,,,,,,,游水,,
H380,27/12/2025,游水,從化,,從化,,,,,,,,游水,,
H380,27/12/2025,踱步,從化,內圈,從化 內圈,,,,,,助手,,快踱一圈,H,內圈 快踱一圈 (助手)
H380,26/12/2025,游水,從化,,從化,,,,,,,,游水,,
H380,26/12/2025,快操,從化,全天候,從化 全天候,,57.6,57.6,31.1 26.5,,助手,,快操,H,31.1 26.5 (57.6) (助手)
H380,26/12/2025,踱步,從化,飛機場,從化 飛機場,,,,,,助手,,踱步,H,飛機場 踱步 (助手)
H380,25/12/2025,馬匹水中步行機,從化,,從化,,,,,,,,馬匹水中步行機,,
H380,25/12/2025,游水,從化,,從化,,,,,,,,游水,,
H380,25/12/2025,踱步,從化,內圈,從化 內圈,,,,,,助手,,倒快一圈,H,內圈 倒快一圈 (助手)
H380,24/12/2025,游水,從化,,從化,,,,,,,,游水,,
H380,24/12/2025,踱步,從化,內圈,從化 內圈,,,,,,助手,,快踱一圈,H,內圈 快踱一圈 (助手)
H380,23/12/2025,游水,從化,,從化,,,,,,,,游水,,
H380,23/12/2025,快操,從化,全天候,從化 全天候,,55.5,55.5,29.9 25.6,,助手,,快操,H,29.9 25.6 (55.5) (助手)
H380,23/12/2025,踱步,從化,飛機場,從化 飛機場,,,,,,助手,,踱步,H,飛機場 踱步 (助手)
H380,22/12/2025,馬匹水中步行機,從化,,從化,,,,,,,,馬匹水中步行機,,
H380,22/12/2025,游水,從化,,從化,,,,,,,,游水,,
H380,22/12/2025,踱步,從化,內圈,從化 內圈,,,,,,助手,,倒快兩圈,H,內圈 倒快兩圈 (助手)
H380,21/12/2025,馬匹水中步行機,從化,,從化,,,,,,,,馬匹水中步行機,,
H380,21/12/2025,游水,從化,,從化,,,,,,,,游水,,
H380,20/12/2025,游水,從化,,從化,,,,,,,,游水,,
H380,20/12/2025,踱步,從化,內圈,從化 內圈,,,,,,助手,,快踱一圈,H,內圈 快踱一圈 (助手)
H380,19/12/2025,游水,從化,,從化,,,,,,,,游水,,
H380,19/12/2025,快操,從化,全天候,從化 全天候,,54.0,54.0,29.1 24.9,,助手,,快操,H,29.1 24.9 (54.0) (助手)
H380,19/12/2025,踱步,從化,飛機場,從化 飛機場,,,,,,助手,,踱步,H,飛機場 踱步 (助手)
H380,18/12/2025,馬匹水中步行機,從化,,從化,,,,,,,,馬匹水中步行機,,
H380,18/12/2025,游水,從化,,從化,,,,,,,,游水,,
H380,18/12/2025,踱步,從化,內圈,從化 內圈,,,,,,助手,,倒快一圈,H,內圈 倒快一圈 (助手)
H380,17/12/2025,游水,從化,,從化,,,,,,,,游水,,
H380,17/12/2025,踱步,從化,內圈,從化 內圈,,,,,,助手,,快踱一圈,H,內圈 快踱一圈 (助手)
H380,16/12/2025,游水,從化,,從化,,,,,,,,游水,,
H380,16/12/2025,踱步,從化,飛機場,從化 飛機場,,,,,,助手,,踱步,H,飛機場 踱步 (助手)
H380,15/12/2025,游水,沙田,,沙田,,,,,,,,游水,,
H380,15/12/2025,踱步,沙田,內圈,沙田 內圈,,,,,,助手,,倒快一圈,H,內圈 倒快一圈 (助手)
H380,14/12/2025,游水,沙田,,沙田,,,,,,,,游水,,
H380,14/12/2025,踱步,沙田,飛機場,沙田 飛機場,,,,,,助手,,踱步,H,飛機場 踱步 (助手)
H380,13/12/2025,游水,沙田,,沙田,,,,,,,,游水,,
H380,13/12/2025,踱步,沙田,飛機場,沙田 飛機場,,,,,,助手,,踱步,H,飛機場 踱步 (助手)
H380,12/12/2025,游水,沙田,,沙田,,,,,,,,游水,,
H380,10/12/2025,出賽,跑馬地,草地,跑馬地 草地,1800M,,,,,巴米高,4/12,出賽,B,1800M (巴米高) (4/12)
H380,10/12/2025,踱步,沙田,飛機場,沙田 飛機場,,,,,,助手,,踱步,H,飛機場 踱步 (助手)
H380,09/12/2025,游水,沙田,,沙田,,,,,,,,游水,,
H380,09/12/2025,踱步,沙田,內圈,沙田 內圈,,,,,,助手,,快踱一圈,H,內圈 快踱一圈 (助手)
H380,08/12/2025,游水,沙田,,沙田,,,,,,,,游水,,
H380,08/12/2025,快操,沙田,全天候,沙田 全天候,,55.7,55.7,29.5 26.2,,副練馬師,,快操,H,29.5 26.2 (55.7) (副練馬師)
H380,08/12/2025,踱步,沙田,飛機場,沙田 飛機場,,,,,,助手,,踱步,H,飛機場 踱步 (助手)
H380,07/12/2025,游水,沙田,,沙田,,,,,,,,游水,,
H380,07/12/2025,踱步,沙田,飛機場,沙田 飛機場,,,,,,助手,,踱步,H,飛機場 踱步 (助手)
H380,06/12/2025,游水,沙田,,沙田,,,,,,,,游水,,
H380,06/12/2025,踱步,沙田,內圈,沙田 內圈,,,,,,助手,,快踱一圈,H,內圈 快踱一圈 (助手)
H380,05/12/2025,游水,沙田,,沙田,,,,,,,,游水,,
H380,05/12/2025,踱步,沙田,飛機場,沙田 飛機場,,,,,,助手,,踱步,H,飛機場 踱步 (助手)
H380,04/12/2025,游水,從化,,從化,,,,,,,,游水,,
H380,04/12/2025,踱步,從化,飛機場,從化 飛機場,,,,,,助手,,踱步,H,飛機場 踱步 (助手)
H380,03/12/2025,馬匹水中步行機,從化,,從化,,,,,,,,馬匹水中步行機,,
H380,03/12/2025,游水,從化,,從化,,,,,,,,游水,,
H380,03/12/2025,踱步,從化,內圈,從化 內圈,,,,,,助手,,快踱一圈,H,內圈 快踱一圈 (助手)
H380,02/12/2025,游水,從化,,從化,,,,,,,,游水,,
H380,02/12/2025,快操,從化,草地,從化 草地,,50.9,50.9,27.0 23.9,,助手,,快操,H,27.0 23.9 (50.9) (助手)
H380,02/12/2025,踱步,從化,飛機場,從化 飛機場,,,,,,助手,,踱步,H,飛機場 踱步 (助手)
H380,01/12/2025,馬匹水中步行機,從化,,從化,,,,,,,,馬匹水中步行機,,
H380,01/12/2025,游水,從化,,從化,,,,,,,,游水,,
H380,01/12/2025,踱步,從化,內圈,從化 內圈,,,,,,助手,,倒快兩圈,H,內圈 倒快兩圈 (助手)
H380,30/11/2025,游水,從化,,從化,,,,,,,,游水,,
H380,29/11/2025,馬匹水中步行機,從化,,從化,,,,,,,,馬匹水中步行機,,
H380,29/11/2025,游水,從化,,從化,,,,,,,,游水,,
H380,29/11/2025,踱步,從化,內圈,從化 內圈,,,,,,助手,,快踱一圈,H,內圈 快踱一圈 (助手)
H380,28/11/2025,游水,從化,,從化,,,,,,,,游水,,
H380,28/11/2025,踱步,從化,內圈,從化 內圈,,,,,,助手,,快踱一圈,H,內圈 快踱一圈 (助手)
H380,27/11/2025,游水,從化,,從化,,,,,,,,游水,,
H380,27/11/2025,快操,從化,全天候,從化 全天候,,58.1,58.1,31.6 26.5,,助手,,快操,H,31.6 26.5 (58.1) (助手)
H380,27/11/2025,踱步,從化,飛機場,從化 飛機場,,,,,,助手,,踱步,H,飛機場 踱步 (助手)
H380,26/11/2025,游水,從化,,從化,,,,,,,,游水,,
H380,26/11/2025,踱步,從化,內圈,從化 內圈,,,,,,助手,,快踱一圈,H,內圈 快踱一圈 (助手)
H380,25/11/2025,游水,從化,,從化,,,,,,,,游水,,
H380,25/11/2025,踱步,從化,內圈,從化 內圈,,,,,,助手,,快踱一圈,H,內圈 快踱一圈 (助手)
H380,24/11/2025,游水,從化,,從化,,,,,,,,游水,,
H380,24/11/2025,快操,從化,全天候,從化 全天候,,57.6,57.6,31.1 26.5,,副練馬師,,快操,H,31.1 26.5 (57.6) (副練馬師)
H380,24/11/2025,踱步,從化,飛機場,從化 飛機場,,,,,,副練馬師,,踱步,H,飛機場 踱步 (副練馬師)
H380,23/11/2025,游水,從化,,從化,,,,,,,,游水,,
H380,22/11/2025,馬匹水中步行機,從化,,從化,,,,,,,,馬匹水中步行機,,
H380,22/11/2025,游水,從化,,從化,,,,,,,,游水,,
H380,22/11/2025,踱步,從化,內圈,從化 內圈,,,,,,助手,,快踱一圈,H,內圈 快踱一圈 (助手)
H380,21/11/2025,游水,從化,,從化,,,,,,,,游水,,
H380,21/11/2025,踱步,從化,內圈,從化 內圈,,,,,,助手,,快踱一圈,H,內圈 快踱一圈 (助手)
H380,20/11/2025,游水,從化,,從化,,,,,,,,游水,,
H380,20/11/2025,快操,從化,全天候,從化 全天候,,55.9,55.9,29.9 26.0,,助手,,快操,H,29.9 26.0 (55.9) (助手)
H380,20/11/2025,踱步,從化,飛機場,從化 飛機場,,,,,,助手,,踱步,H,飛機場 踱步 (助手)
H380,19/11/2025,游水,從化,,從化,,,,,,,,游水,,
H380,19/11/2025,踱步,從化,內圈,從化 內圈,,,,,,助手,,快踱一圈,H,內圈 快踱一圈 (助手)
H380,18/11/2025,馬匹水中步行機,從化,,從化,,,,,,,,馬匹水中步行機,,
H380,18/11/2025,游水,從化,,從化,,,,,,,,游水,,
H380,18/11/2025,踱步,從化,內圈,從化 內圈,,,,,,助手,,快踱一圈,H,內圈 快踱一圈 (助手)
H380,17/11/2025,游水,從化,,從化,,,,,,,,游水,,
H380,17/11/2025,踱步,從化,內圈,從化 內圈,,,,,,助手,,倒快一圈,H,內圈 倒快一圈 (助手)
H380,16/11/2025,馬匹水中步行機,從化,,從化,,,,,,,,馬匹水中步行機,,
H380,16/11/2025,游水,從化,,從化,,,,,,,,游水,,
H380,15/11/2025,游水,從化,,從化,,,,,,,,游水,,
H380,15/11/2025,踱步,從化,飛機場,從化 飛機場,,,,,,助手,,踱步,H,飛機場 踱步 (助手)
H380,12/11/2025,出賽,跑馬地,草地,跑馬地 草地,1650M,,,,,何澤堯,6/12,出賽,B,1650M (何澤堯) (6/12)
H380,12/11/2025,踱步,沙田,飛機場,沙田 飛機場,,,,,,助手,,踱步,H,飛機場 踱步 (助手)
H380,11/11/2025,游水,沙田,,沙田,,,,,,,,游水,,
H380,11/11/2025,踱步,沙田,內圈,沙田 內圈,,,,,,助手,,快踱一圈,H,內圈 快踱一圈 (助手)
H380,10/11/2025,游水,沙田,,沙田,,,,,,,,游水,,
H380,10/11/2025,快操,沙田,全天候,沙田 全天候,,58.5,58.5,31.5 27.0,,何澤堯,,快操,H,31.5 27.0 (58.5) (何澤堯)
H380,09/11/2025,游水,沙田,,沙田,,,,,,,,游水,,
H380,09/11/2025,踱步,沙田,飛機場,沙田 飛機場,,,,,,助手,,踱步,H,飛機場 踱步 (助手)
H380,08/11/2025,游水,沙田,,沙田,,,,,,,,游水,,
H380,08/11/2025,踱步,沙田,內圈,沙田 內圈,,,,,,助手,,快踱一圈,H,內圈 快踱一圈 (助手)
H380,07/11/2025,游水,沙田,,沙田,,,,,,,,游水,,
H380,07/11/2025,快操,沙田,全天候,沙田 全天候,,58.5,58.5,31.1 27.4,,何澤堯,,快操,H,31.1 27.4 (58.5) (何澤堯)
H380,06/11/2025,游水,沙田,,沙田,,,,,,,,游水,,
H380,06/11/2025,踱步,沙田,內圈,沙田 內圈,,,,,,助手,,倒快兩圈,H,內圈 倒快兩圈 (助手)
H380,05/11/2025,游水,沙田,,沙田,,,,,,,,游水,,
H380,05/11/2025,踱步,沙田,內圈,沙田 內圈,,,,,,助手,,快踱一圈,H,內圈 快踱一圈 (助手)
H380,04/11/2025,游水,沙田,,沙田,,,,,,,,游水,,
H380,04/11/2025,快操,沙田,全天候,沙田 全天候,,58.4,58.4,31.7 26.7,,何澤堯,,快操,H,31.7 26.7 (58.4) (何澤堯)
H380,03/11/2025,游水,沙田,,沙田,,,,,,,,游水,,
H380,03/11/2025,踱步,沙田,內圈,沙田 內圈,,,,,,助手,,倒快一圈,H,內圈 倒快一圈 (助手)
H380,02/11/2025,游水,沙田,,沙田,,,,,,,,游水,,
H380,01/11/2025,游水,從化,,從化,,,,,,,,游水,,
H380,01/11/2025,踱步,從化,飛機場,從化 飛機場,,,,,,助手,,踱步,H,飛機場 踱步 (助手)
H380,31/10/2025,馬匹水中步行機,從化,,從化,,,,,,,,馬匹水中步行機,,
H380,31/10/2025,游水,從化,,從化,,,,,,,,游水,,
H380,31/10/2025,踱步,從化,內圈,從化 內圈,,,,,,助手,,快踱一圈,H,內圈 快踱一圈 (助手)
H380,30/10/2025,游水,從化,,從化,,,,,,,,游水,,
H380,30/10/2025,快操,從化,全天候,從化 全天候,,56.1,56.1,29.8 26.3,,助手,,快操,H,29.8 26.3 (56.1) (助手)
H380,30/10/2025,踱步,從化,飛機場,從化 飛機場,,,,,,助手,,踱步,H,飛機場 踱步 (助手)
H380,29/10/2025,游水,從化,,從化,,,,,,,,游水,,
H380,29/10/2025,踱步,從化,內圈,從化 內圈,,,,,,助手,,快踱一圈,H,內圈 快踱一圈 (助手)
H380,28/10/2025,馬匹水中步行機,從化,,從化,,,,,,,,馬匹水中步行機,,
H380,28/10/2025,游水,從化,,從化,,,,,,,,游水,,
H380,28/10/2025,踱步,從化,內圈,從化 內圈,,,,,,助手,,快踱一圈,H,內圈 快踱一圈 (助手)
H380,27/10/2025,游水,從化,,從化,,,,,,,,游水,,
H380,27/10/2025,踱步,從化,內圈,從化 內圈,,,,,,助手,,倒快一圈,H,內圈 倒快一圈 (助手)
H380,26/10/2025,馬匹水中步行機,從化,,從化,,,,,,,,馬匹水中步行機,,
H380,26/10/2025,游水,從化,,從化,,,,,,,,游水,,
H380,25/10/2025,游水,從化,,從化,,,,,,,,游水,,
H380,25/10/2025,踱步,從化,內圈,從化 內圈,,,,,,助手,,快踱一圈,H,內圈 快踱一圈 (助手)
H380,23/10/2025,游水,從化,,從化,,,,,,,,游水,,
H380,23/10/2025,快操,從化,全天候,從化 全天候,,55.7,55.7,29.5 26.2,,助手,,快操,H,29.5 26.2 (55.7) (助手)
H380,23/10/2025,踱步,從化,飛機場,從化 飛機場,,,,,,助手,,踱步,H,飛機場 踱步 (助手)
H380,22/10/2025,游水,從化,,從化,,,,,,,,游水,,
H380,22/10/2025,踱步,從化,內圈,從化 內圈,,,,,,助手,,快踱一圈,H,內圈 快踱一圈 (助手)
H380,21/10/2025,馬匹水中步行機,從化,,從化,,,,,,,,馬匹水中步行機,,
H380,21/10/2025,游水,從化,,從化,,,,,,,,游水,,
H380,21/10/2025,踱步,從化,內圈,從化 內圈,,,,,,助手,,快踱一圈,H,內圈 快踱一圈 (助手)
H380,20/10/2025,游水,從化,,從化,,,,,,,,游水,,
H380,20/10/2025,踱步,從化,內圈,從化 內圈,,,,,,助手,,倒快一圈,H,內圈 倒快一圈 (助手)
H380,19/10/2025,馬匹水中步行機,從化,,從化,,,,,,,,馬匹水中步行機,,
H380,19/10/2025,游水,從化,,從化,,,,,,,,游水,,
H380,18/10/2025,游水,從化,,從化,,,,,,,,游水,,
H380,18/10/2025,踱步,從化,飛機場,從化 飛機場,,,,,,助手,,踱步,H,飛機場 踱步 (助手)
H380,15/10/2025,出賽,跑馬地,草地,跑馬地 草地,1800M,,,,,何澤堯,1/10,出賽,B,1800M (何澤堯) (1/10)
H380,15/10/2025,踱步,沙田,飛機場,沙田 飛機場,,,,,,助手,,踱步,H,飛機場 踱步 (助手)
H380,14/10/2025,游水,沙田,,沙田,,,,,,,,游水,,
H380,14/10/2025,踱步,沙田,內圈,沙田 內圈,,,,,,助手,,快踱一圈,H,內圈 快踱一圈 (助手)
H380,13/10/2025,游水,沙田,,沙田,,,,,,,,游水,,
H380,13/10/2025,快操,沙田,全天候,沙田 全天候,,56.6,56.6,30.3 26.3,,何澤堯,,快操,H,30.3 26.3 (56.6) (何澤堯)
H380,12/10/2025,游水,沙田,,沙田,,,,,,,,游水,,
H380,12/10/2025,踱步,沙田,飛機場,沙田 飛機場,,,,,,助手,,踱步,H,飛機場 踱步 (助手)
H380,11/10/2025,游水,沙田,,沙田,,,,,,,,游水,,
H380,11/10/2025,踱步,沙田,內圈,沙田 內圈,,,,,,助手,,快踱一圈,H,內圈 快踱一圈 (助手)
H380,10/10/2025,游水,沙田,,沙田,,,,,,,,游水,,
H380,10/10/2025,踱步,沙田,內圈,沙田 內圈,,,,,,助手,,快踱一圈,H,內圈 快踱一圈 (助手)
H380,09/10/2025,游水,沙田,,沙田,,,,,,,,游水,,
H380,09/10/2025,快操,沙田,全天候,沙田 全天候,,58.9,58.9,31.5 27.4,,何澤堯,,快操,H,31.5 27.4 (58.9) (何澤堯)
H380,08/10/2025,游水,沙田,,沙田,,,,,,,,游水,,
H380,08/10/2025,踱步,沙田,內圈,沙田 內圈,,,,,,助手,,快踱一圈,H,內圈 快踱一圈 (助手)
H380,07/10/2025,游水,沙田,,沙田,,,,,,,,游水,,
H380,07/10/2025,踱步,沙田,內圈,沙田 內圈,,,,,,助手,,快踱一圈,H,內圈 快踱一圈 (助手)
H380,06/10/2025,游水,沙田,,沙田,,,,,,,,游水,,
H380,06/10/2025,踱步,沙田,內圈,沙田 內圈,,,,,,助手,,倒快一圈,H,內圈 倒快一圈 (助手)
H380,05/10/2025,游水,沙田,,沙田,,,,,,,,游水,,
H380,04/10/2025,游水,沙田,,沙田,,,,,,,,游水,,
H380,04/10/2025,踱步,沙田,飛機場,沙田 飛機場,,,,,,助手,,踱步,H,飛機場 踱步 (助手)
H380,03/10/2025,試閘,沙田,全天候,沙田 全天候,1200M,1.10.87,70.87,25.0 22.8 23.0,勁速威龍,何澤堯,,第1組,B,第1組 (何澤堯) 1200M 勁速威龍 25.0 22.8 23.0 (1.10.87)
H380,02/10/2025,游水,沙田,,沙田,,,,,,,,游水,,
H380,02/10/2025,踱步,沙田,內圈,沙田 內圈,,,,,,助手,,倒快兩圈,H,內圈 倒快兩圈 (助手)
H380,01/10/2025,游水,沙田,,沙田,,,,,,,,游水,,
H380,01/10/2025,踱步,沙田,內圈,沙田 內圈,,,,,,助手,,快踱一圈,H,內圈 快踱一圈 (助手)
H380,30/09/2025,游水,沙田,,沙田,,,,,,,,游水,,
H380,30/09/2025,踱步,沙田,飛機場,沙田 飛機場,,,,,,助手,,踱步,H,飛機場 踱步 (助手)
H380,29/09/2025,游水,從化,,從化,,,,,,,,游水,,
H380,29/09/2025,踱步,從化,飛機場,從化 飛機場,,,,,,助手,,踱步,H,飛機場 踱步 (助手)
H380,28/09/2025,游水,從化,,從化,,,,,,,,游水,,
H380,27/09/2025,游水,從化,,從化,,,,,,,,游水,,
H380,27/09/2025,踱步,從化,內圈,從化 內圈,,,,,,助手,,快踱一圈,H,內圈 快踱一圈 (助手)
H380,26/09/2025,游水,從化,,從化,,,,,,,,游水,,
H380,26/09/2025,快操,從化,全天候,從化 全天候,,56.2,56.2,30.1 26.1,,助手,,快操,H,30.1 26.1 (56.2) (助手)
H380,26/09/2025,踱步,從化,飛機場,從化 飛機場,,,,,,助手,,踱步,H,飛機場 踱步 (助手)
H380,25/09/2025,游水,從化,,從化,,,,,,,,游水,,
H380,25/09/2025,踱步,從化,內圈,從化 內圈,,,,,,助手,,倒快一圈,H,內圈 倒快一圈 (助手)
H380,23/09/2025,游水,從化,,從化,,,,,,,,游水,,
H380,23/09/2025,踱步,從化,內圈,從化 內圈,,,,,,助手,,快踱一圈,H,內圈 快踱一圈 (助手)
H380,22/09/2025,游水,從化,,從化,,,,,,,,游水,,
H380,22/09/2025,踱步,從化,內圈,從化 內圈,,,,,,助手,,倒快一圈,H,內圈 倒快一圈 (助手)
H380,21/09/2025,游水,從化,,從化,,,,,,,,游水,,
H380,20/09/2025,游水,從化,,從化,,,,,,,,游水,,
H380,20/09/2025,踱步,從化,內圈,從化 內圈,,,,,,助手,,快踱一圈,H,內圈 快踱一圈 (助手)
H380,19/09/2025,游水,從化,,從化,,,,,,,,游水,,
H380,19/09/2025,踱步,從化,飛機場,從化 飛機場,,,,,,助手,,踱步,H,飛機場 踱步 (助手)
H380,18/09/2025,試閘,從化,全天候,從化 全天候,1200M,1.11.53,71.53,25.2 22.8 23.5,火焰閃爍,查本楠,,第2組,B,第2組 (查本楠) 1200M 火焰閃爍 25.2 22.8 23.5 (1.11.53)
H380,18/09/2025,踱步,從化,飛機場,從化 飛機場,,,,,,助手,,踱步,B,飛機場 踱步 (助手)
H380,17/09/2025,游水,從化,,從化,,,,,,,,游水,,
H380,17/09/2025,踱步,從化,內圈,從化 內圈,,,,,,助手,,快踱一圈,H,內圈 快踱一圈 (助手)
H380,16/09/2025,游水,從化,,從化,,,,,,,,游水,,
H380,16/09/2025,踱步,從化,飛機場,從化 飛機場,,,,,,助手,,踱步,H,飛機場 踱步 (助手)
H380,15/09/2025,游水,沙田,,沙田,,,,,,,,游水,,
H380,15/09/2025,快操,沙田,全天候,沙田 全天候,,27.1,27.1,27.1,,助手,,快操,H,27.1 (27.1) (助手)
H380,15/09/2025,踱步,沙田,飛機場,沙田 飛機場,,,,,,助手,,踱步,H,飛機場 踱步 (助手)
H380,14/09/2025,游水,沙田,,沙田,,,,,,,,游水,,
H380,13/09/2025,游水,沙田,,沙田,,,,,,,,游水,,
H380,13/09/2025,踱步,沙田,內圈,沙田 內圈,,,,,,助手,,快踱一圈,H,內圈 快踱一圈 (助手)
H380,12/09/2025,游水,沙田,,沙田,,,,,,,,游水,,
H380,12/09/2025,快操,沙田,全天候,沙田 全天候,,56.8,56.8,31.0 25.8,,助手,,快操,H,31.0 25.8 (56.8) (助手)
H380,12/09/2025,踱步,沙田,飛機場,沙田 飛機場,,,,,,助手,,踱步,H,飛機場 踱步 (助手)
H380,11/09/2025,游水,沙田,,沙田,,,,,,,,游水,,
H380,11/09/2025,踱步,沙田,內圈,沙田 內圈,,,,,,助手,,倒快一圈,H,內圈 倒快一圈 (助手)
H380,10/09/2025,游水,沙田,,沙田,,,,,,,,游水,,
H380,10/09/2025,踱步,沙田,內圈,沙田 內圈,,,,,,助手,,快踱一圈,H,內圈 快踱一圈 (助手)
H380,09/09/2025,游水,沙田,,沙田,,,,,,,,游水,,
H380,09/09/2025,快操,沙田,全天候,沙田 全天候,,55.7,55.7,30.2 25.5,,助手,,快操,H,30.2 25.5 (55.7) (助手)
H380,09/09/2025,踱步,沙田,飛機場,沙田 飛機場,,,,,,助手,,踱步,H,飛機場 踱步 (助手)
H380,08/09/2025,游水,沙田,,沙田,,,,,,,,游水,,
H380,07/09/2025,游水,沙田,,沙田,,,,,,,,游水,,
H380,06/09/2025,游水,沙田,,沙田,,,,,,,,游水,,
H380,06/09/2025,踱步,沙田,內圈,沙田 內圈,,,,,,助手,,快踱一圈,H,內圈 快踱一圈 (助手)
H380,05/09/2025,游水,沙田,,沙田,,,,,,,,游水,,
H380,05/09/2025,快操,沙田,全天候,沙田 全天候,,59.8,59.8,31.9 27.9,,何澤堯,,快操,H,31.9 27.9 (59.8) (何澤堯)
H380,05/09/2025,踱步,沙田,飛機場,沙田 飛機場,,,,,,助手,,踱步,H,飛機場 踱步 (助手)
H380,04/09/2025,游水,沙田,,沙田,,,,,,,,游水,,
H380,04/09/2025,踱步,沙田,內圈,沙田 內圈,,,,,,助手,,倒快一圈,H,內圈 倒快一圈 (助手)
H380,03/09/2025,游水,沙田,,沙田,,,,,,,,游水,,
H380,03/09/2025,踱步,沙田,內圈,沙田 內圈,,,,,,助手,,快踱一圈,H,內圈 快踱一圈 (助手)
H380,02/09/2025,游水,沙田,,沙田,,,,,,,,游水,,
H380,02/09/2025,快操,沙田,全天候,沙田 全天候,,58.4,58.4,31.0 27.4,,何澤堯,,快操,H,31.0 27.4 (58.4) (何澤堯)
H380,02/09/2025,踱步,沙田,飛機場,沙田 飛機場,,,,,,何澤堯,,踱步,H,飛機場 踱步 (何澤堯)
H380,01/09/2025,游水,沙田,,沙田,,,,,,,,游水,,
H380,01/09/2025,踱步,沙田,內圈,沙田 內圈,,,,,,助手,,倒快一圈,H,內圈 倒快一圈 (助手)
H380,31/08/2025,游水,沙田,,沙田,,,,,,,,游水,,
H380,30/08/2025,游水,沙田,,沙田,,,,,,,,游水,,
H380,30/08/2025,踱步,沙田,內圈,沙田 內圈,,,,,,助手,,快踱一圈,H,內圈 快踱一圈 (助手)
H380,29/08/2025,游水,沙田,,沙田,,,,,,,,游水,,
H380,29/08/2025,快操,沙田,全天候,沙田 全天候,,56.2,56.2,30.0 26.2,,助手,,快操,H,30.0 26.2 (56.2) (助手)
H380,29/08/2025,踱步,沙田,飛機場,沙田 飛機場,,,,,,助手,,踱步,H,飛機場 踱步 (助手)
H380,28/08/2025,游水,沙田,,沙田,,,,,,,,游水,,
H380,28/08/2025,踱步,沙田,內圈,沙田 內圈,,,,,,助手,,倒快一圈,H,內圈 倒快一圈 (助手)
H380,27/08/2025,游水,沙田,,沙田,,,,,,,,游水,,
H380,27/08/2025,踱步,沙田,內圈,沙田 內圈,,,,,,助手,,快踱一圈,H,內圈 快踱一圈 (助手)
H380,26/08/2025,游水,沙田,,沙田,,,,,,,,游水,,
H380,26/08/2025,快操,沙田,全天候,沙田 全天候,,27.4,27.4,27.4,,助手,,快操,H,27.4 (27.4) (助手)
H380,26/08/2025,踱步,沙田,飛機場,沙田 飛機場,,,,,,助手,,踱步,H,飛機場 踱步 (助手)
H380,25/08/2025,游水,沙田,,沙田,,,,,,,,游水,,
H380,25/08/2025,踱步,沙田,內圈,沙田 內圈,,,,,,助手,,倒快一圈,H,內圈 倒快一圈 (助手)
H380,24/08/2025,游水,沙田,,沙田,,,,,,,,游水,,
H380,24/08/2025,踱步,沙田,飛機場,沙田 飛機場,,,,,,助手,,踱步,H,飛機場 踱步 (助手)
H380,23/08/2025,游水,沙田,,沙田,,,,,,,,游水,,
H380,23/08/2025,踱步,沙田,飛機場,沙田 飛機場,,,,,,助手,,踱步,H,飛機場 踱步 (助手)
H380,22/08/2025,游水,從化,,從化,,,,,,,,游水,,
H380,22/08/2025,踱步,從化,內圈,從化 內圈,,,,,,助手,,快踱一圈,H,內圈 快踱一圈 (助手)
H380,21/08/2025,游水,從化,,從化,,,,,,,,游水,,
H380,21/08/2025,踱步,從化,內圈,從化 內圈,,,,,,助手,,倒快兩圈,H,內圈 倒快兩圈 (助手)
H380,20/08/2025,游水,從化,,從化,,,,,,,,游水,,
H380,20/08/2025,快操,從化,全天候,從化 全天候,,28.1,28.1,28.1,,助手,,快操,H,28.1 (28.1) (助手)
H380,20/08/2025,踱步,從化,飛機場,從化 飛機場,,,,,,助手,,踱步,H,飛機場 踱步 (助手)
H380,19/08/2025,游水,從化,,從化,,,,,,,,游水,,
H380,19/08/2025,踱步,從化,內圈,從化 內圈,,,,,,助手,,快踱一圈,H,內圈 快踱一圈 (助手)
H380,18/08/2025,游水,從化,,從化,,,,,,,,游水,,
H380,18/08/2025,踱步,從化,內圈,從化 內圈,,,,,,助手,,倒快兩圈,H,內圈 倒快兩圈 (助手)
H380,17/08/2025,游水,從化,,從化,,,,,,,,游水,,
H380,16/08/2025,游水,從化,,從化,,,,,,,,游水,,
H380,16/08/2025,快操,從化,全天候,從化 全天候,,1.03.0,63.0,33.2 29.8,,助手,,快操,H,33.2 29.8 (1.03.0) (助手)
H380,16/08/2025,踱步,從化,飛機場,從化 飛機場,,,,,,助手,,踱步,H,飛機場 踱步 (助手)
H380,15/08/2025,游水,從化,,從化,,,,,,,,游水,,
H380,15/08/2025,踱步,從化,內圈,從化 內圈,,,,,,助手,,快踱一圈,H,內圈 快踱一圈 (助手)
H380,14/08/2025,游水,從化,,從化,,,,,,,,游水,,
H380,14/08/2025,踱步,從化,內圈,從化 內圈,,,,,,助手,,倒快兩圈,H,內圈 倒快兩圈 (助手)
H380,13/08/2025,游水,從化,,從化,,,,,,,,游水,,
H380,13/08/2025,快操,從化,全天候,從化 全天候,,30.0,30.0,30.0,,助手,,快操,H,30.0 (30.0) (助手)
H380,13/08/2025,踱步,從化,飛機場,從化 飛機場,,,,,,助手,,踱步,H,飛機場 踱步 (助手)
H380,12/08/2025,游水,從化,,從化,,,,,,,,游水,,
H380,12/08/2025,踱步,從化,內圈,從化 內圈,,,,,,助手,,快踱一圈,H,內圈 快踱一圈 (助手)
H380,11/08/2025,游水,從化,,從化,,,,,,,,游水,,
H380,11/08/2025,踱步,從化,內圈,從化 內圈,,,,,,助手,,倒快兩圈,H,內圈 倒快兩圈 (助手)
H380,10/08/2025,游水,從化,,從化,,,,,,,,游水,,
H380,09/08/2025,游水,從化,,從化,,,,,,,,游水,,
H380,09/08/2025,踱步,從化,內圈,從化 內圈,,,,,,助手,,快踱一圈,H,內圈 快踱一圈 (助手)
H380,08/08/2025,游水,從化,,從化,,,,,,,,游水,,
H380,08/08/2025,踱步,從化,內圈,從化 內圈,,,,,,助手,,快踱一圈,H,內圈 快踱一圈 (助手)
H380,07/08/2025,游水,從化,,從化,,,,,,,,游水,,
H380,07/08/2025,踱步,從化,內圈,從化 內圈,,,,,,助手,,倒快兩圈,H,內圈 倒快兩圈 (助手)
H380,06/08/2025,游水,從化,,從化,,,,,,,,游水,,
H380,06/08/2025,踱步,從化,內圈,從化 內圈,,,,,,助手,,快踱一圈,H,內圈 快踱一圈 (助手)
H380,05/08/2025,游水,從化,,從化,,,,,,,,游水,,
H380,05/08/2025,踱步,從化,內圈,從化 內圈,,,,,,助手,,快踱一圈,H,內圈 快踱一圈 (助手)
H380,04/08/2025,游水,從化,,從化,,,,,,,,游水,,
H380,04/08/2025,踱步,從化,內圈,從化 內圈,,,,,,助手,,倒快一圈,H,內圈 倒快一圈 (助手)
H380,03/08/2025,游水,從化,,從化,,,,,,,,游水,,
H380,02/08/2025,踱步,從化,內圈,從化 內圈,,,,,,助手,,快踱一圈,H,內圈 快踱一圈 (助手)
H380,01/08/2025,踱步,從化,飛機場,從化 飛機場,,,,,,助手,,踱步,H,飛機場 踱步 (助手)
H380,31/07/2025,踱步,從化,飛機場,從化 飛機場,,,,,,助手,,踱步,H,飛機場 踱步 (助手)
H380,30/07/2025,踱步,從化,飛機場,從化 飛機場,,,,,,助手,,踱步,H,飛機場 踱步 (助手)
H380,29/07/2025,踱步,從化,飛機場,從化 飛機場,,,,,,助手,,踱步,H,飛機場 踱步 (助手)
H380,28/07/2025,踱步,從化,飛機場,從化 飛機場,,,,,,助手,,踱步,H,飛機場 踱步 (助手)
H380,27/07/2025,踱步,從化,飛機場,從化 飛機場,,,,,,助手,,踱步,H,飛機場 踱步 (助手)
H380,26/07/2025,踱步,從化,飛機場,從化 飛機場,,,,,,助手,,踱步,H,飛機場 踱步 (助手)
H380,25/07/2025,踱步,從化,飛機場,從化 飛機場,,,,,,助手,,踱步,H,飛機場 踱步 (助手)
H380,24/07/2025,踱步,從化,飛機場,從化 飛機場,,,,,,助手,,踱步,H,飛機場 踱步 (助手)
H380,23/07/2025,踱步,從化,飛機場,從化 飛機場,,,,,,助手,,踱步,H,飛機場 踱步 (助手)
H380,22/07/2025,踱步,從化,飛機場,從化 飛機場,,,,,,助手,,踱步,H,飛機場 踱步 (助手)
H380,21/07/2025,踱步,從化,飛機場,從化 飛機場,,,,,,助手,,踱步,H,飛機場 踱步 (助手)
H380,07/03/2025,游水,沙田,,沙田,,,,,,,,游水,,
H380,07/03/2025,踱步,沙田,內圈,沙田 內圈,,,,,,助手,,快踱一圈,H,內圈 快踱一圈 (助手)
H380,06/03/2025,游水,沙田,,沙田,,,,,,,,游水,,
H380,06/03/2025,快操,沙田,全天候,沙田 全天候,,55.5,55.5,29.9 25.6,,蔡明紹,,快操,H,29.9 25.6 (55.5) (蔡明紹)
H380,05/03/2025,游水,沙田,,沙田,,,,,,,,游水,,
H380,05/03/2025,踱步,沙田,內圈,沙田 內圈,,,,,,助手,,快踱一圈,H,內圈 快踱一圈 (助手)
H380,04/03/2025,游水,沙田,,沙田,,,,,,,,游水,,
H380,04/03/2025,踱步,沙田,內圈,沙田 內圈,,,,,,助手,,快踱一圈,H,內圈 快踱一圈 (助手)
H380,03/03/2025,游水,沙田,,沙田,,,,,,,,游水,,
H380,03/03/2025,快操,沙田,草地,沙田 草地,,56.7,56.7,30.1 26.6,,助手,,快操,H,30.1 26.6 (56.7) (助手)
H380,02/03/2025,游水,沙田,,沙田,,,,,,,,游水,,
H380,01/03/2025,游水,沙田,,沙田,,,,,,,,游水,,
H380,01/03/2025,踱步,沙田,內圈,沙田 內圈,,,,,,助手,,快踱一圈,H,內圈 快踱一圈 (助手)
H380,28/02/2025,游水,沙田,,沙田,,,,,,,,游水,,
H380,28/02/2025,快操,沙田,全天候,沙田 全天候,,58.2,58.2,31.4 26.8,,助手,,快操,H,31.4 26.8 (58.2) (助手)
H380,28/02/2025,踱步,沙田,飛機場,沙田 飛機場,,,,,,助手,,踱步,H,飛機場 踱步 (助手)
H380,27/02/2025,游水,沙田,,沙田,,,,,,,,游水,,
H380,27/02/2025,踱步,沙田,內圈,沙田 內圈,,,,,,助手,,倒快兩圈,H,內圈 倒快兩圈 (助手)
H380,26/02/2025,游水,沙田,,沙田,,,,,,,,游水,,
H380,26/02/2025,踱步,沙田,內圈,沙田 內圈,,,,,,助手,,快踱一圈,H,內圈 快踱一圈 (助手)
H380,25/02/2025,游水,沙田,,沙田,,,,,,,,游水,,
H380,25/02/2025,快操,沙田,全天候,沙田 全天候,,54.9,54.9,29.4 25.5,,助手,,快操,H,29.4 25.5 (54.9) (助手)
H380,25/02/2025,踱步,沙田,飛機場,沙田 飛機場,,,,,,助手,,踱步,H,飛機場 踱步 (助手)
H380,24/02/2025,游水,沙田,,沙田,,,,,,,,游水,,
H380,24/02/2025,踱步,沙田,內圈,沙田 內圈,,,,,,助手,,倒快兩圈,H,內圈 倒快兩圈 (助手)
H380,23/02/2025,游水,沙田,,沙田,,,,,,,,游水,,
H380,22/02/2025,游水,沙田,,沙田,,,,,,,,游水,,
H380,22/02/2025,踱步,沙田,內圈,沙田 內圈,,,,,,助手,,快踱一圈,H,內圈 快踱一圈 (助手)
H380,21/02/2025,游水,沙田,,沙田,,,,,,,,游水,,
H380,21/02/2025,踱步,沙田,內圈,沙田 內圈,,,,,,助手,,快踱一圈,H,內圈 快踱一圈 (助手)
H380,20/02/2025,游水,沙田,,沙田,,,,,,,,游水,,
H380,20/02/2025,踱步,沙田,內圈,沙田 內圈,,,,,,助手,,倒快一圈,H,內圈 倒快一圈 (助手)
H380,19/02/2025,游水,沙田,,沙田,,,,,,,,游水,,
H380,19/02/2025,踱步,沙田,飛機場,沙田 飛機場,,,,,,助手,,踱步,H,飛機場 踱步 (助手)
H380,18/02/2025,游水,沙田,,沙田,,,,,,,,游水,,
H380,16/02/2025,出賽,沙田,草地,沙田 草地,1600M,,,,,蔡明紹,2/14,出賽,B,1600M (蔡明紹) (2/14)
H380,16/02/2025,踱步,沙田,飛機場,沙田 飛機場,,,,,,助手,,踱步,H,飛機場 踱步 (助手)
H380,15/02/2025,游水,沙田,,沙田,,,,,,,,游水,,
H380,15/02/2025,踱步,沙田,內圈,沙田 內圈,,,,,,助手,,快踱一圈,H,內圈 快踱一圈 (助手)
H380,14/02/2025,游水,沙田,,沙田,,,,,,,,游水,,
H380,14/02/2025,踱步,沙田,內圈,沙田 內圈,,,,,,助手,,快踱一圈,H,內圈 快踱一圈 (助手)
H380,13/02/2025,游水,沙田,,沙田,,,,,,,,游水,,
H380,13/02/2025,快操,沙田,全天候,沙田 全天候,,59.6,59.6,31.3 28.3,,蔡明紹,,快操,H,31.3 28.3 (59.6) (蔡明紹)
H380,12/02/2025,游水,沙田,,沙田,,,,,,,,游水,,
H380,12/02/2025,踱步,沙田,內圈,沙田 內圈,,,,,,助手,,快踱一圈,H,內圈 快踱一圈 (助手)
H380,11/02/2025,游水,沙田,,沙田,,,,,,,,游水,,
H380,11/02/2025,踱步,沙田,內圈,沙田 內圈,,,,,,助手,,快踱一圈,H,內圈 快踱一圈 (助手)
H380,10/02/2025,游水,沙田,,沙田,,,,,,,,游水,,
H380,10/02/2025,踱步,沙田,內圈,沙田 內圈,,,,,,助手,,倒快兩圈,H,內圈 倒快兩圈 (助手)
H380,09/02/2025,游水,沙田,,沙田,,,,,,,,游水,,
H380,09/02/2025,踱步,沙田,飛機場,沙田 飛機場,,,,,,助手,,踱步,H,飛機場 踱步 (助手)
H380,08/02/2025,踱步,從化,飛機場,從化 飛機場,,,,,,助手,,踱步,H,飛機場 踱步 (助手)
H380,07/02/2025,游水,從化,,從化,,,,,,,,游水,,
H380,07/02/2025,踱步,從化,飛機場,從化 飛機場,,,,,,助手,,踱步,H,飛機場 踱步 (助手)
H380,06/02/2025,試閘,從化,全天候,從化 全天候,1200M,1.10.34,70.34,24.7 22.8 22.8,勇冠群英,查本楠,,第2組,B,第2組 (查本楠) 1200M 勇冠群英 24.7 22.8 22.8 (1.10.34)
H380,06/02/2025,踱步,從化,飛機場,從化 飛機場,,,,,,助手,,踱步,B,飛機場 踱步 (助手)
H380,05/02/2025,游水,從化,,從化,,,,,,,,游水,,
H380,05/02/2025,踱步,從化,內圈,從化 內圈,,,,,,助手,,快踱一圈,H,內圈 快踱一圈 (助手)
H380,04/02/2025,游水,從化,,從化,,,,,,,,游水,,
H380,04/02/2025,踱步,從化,內圈,從化 內圈,,,,,,助手,,快踱一圈,H,內圈 快踱一圈 (助手)
H380,03/02/2025,游水,從化,,從化,,,,,,,,游水,,
H380,03/02/2025,踱步,從化,內圈,從化 內圈,,,,,,助手,,倒快一圈,H,內圈 倒快一圈 (助手)
H380,02/02/2025,游水,從化,,從化,,,,,,,,游水,,
H380,01/02/2025,游水,從化,,從化,,,,,,,,游水,,
H380,01/02/2025,快操,從化,全天候,從化 全天候,,55.4,55.4,29.3 26.1,,助手,,快操,H,29.3 26.1 (55.4) (助手)
H380,01/02/2025,踱步,從化,飛機場,從化 飛機場,,,,,,助手,,踱步,H,飛機場 踱步 (助手)
H380,31/01/2025,游水,從化,,從化,,,,,,,,游水,,
H380,31/01/2025,踱步,從化,內圈,從化 內圈,,,,,,助手,,快踱一圈,H,內圈 快踱一圈 (助手)
H380,30/01/2025,游水,從化,,從化,,,,,,,,游水,,
H380,30/01/2025,踱步,從化,內圈,從化 內圈,,,,,,助手,,倒快一圈,H,內圈 倒快一圈 (助手)
H380,28/01/2025,游水,從化,,從化,,,,,,,,游水,,
H380,28/01/2025,快操,從化,全天候,從化 全天候,,56.9,56.9,30.5 26.4,,助手,,快操,H,30.5 26.4 (56.9) (助手)
H380,28/01/2025,踱步,從化,飛機場,從化 飛機場,,,,,,助手,,踱步,H,飛機場 踱步 (助手)
H380,27/01/2025,游水,從化,,從化,,,,,,,,游水,,
H380,27/01/2025,踱步,從化,內圈,從化 內圈,,,,,,助手,,倒快一圈,H,內圈 倒快一圈 (助手)
H380,26/01/2025,游水,從化,,從化,,,,,,,,游水,,
H380,25/01/2025,游水,從化,,從化,,,,,,,,游水,,
H380,25/01/2025,踱步,從化,內圈,從化 內圈,,,,,,助手,,快踱一圈,H,內圈 快踱一圈 (助手)
H380,24/01/2025,游水,從化,,從化,,,,,,,,游水,,
H380,24/01/2025,快操,從化,全天候,從化 全天候,,55.5,55.5,30.1 25.4,,助手,,快操,H,30.1 25.4 (55.5) (助手)
H380,24/01/2025,踱步,從化,飛機場,從化 飛機場,,,,,,助手,,踱步,H,飛機場 踱步 (助手)
H380,23/01/2025,游水,從化,,從化,,,,,,,,游水,,
H380,23/01/2025,踱步,從化,內圈,從化 內圈,,,,,,助手,,倒快一圈,H,內圈 倒快一圈 (助手)
H380,22/01/2025,游水,從化,,從化,,,,,,,,游水,,
H380,22/01/2025,踱步,從化,內圈,從化 內圈,,,,,,助手,,快踱一圈,H,內圈 快踱一圈 (助手)
H380,21/01/2025,游水,從化,,從化,,,,,,,,游水,,
H380,21/01/2025,快操,從化,全天候,從化 全天候,,56.8,56.8,30.2 26.6,,助手,,快操,H,30.2 26.6 (56.8) (助手)
H380,21/01/2025,踱步,從化,飛機場,從化 飛機場,,,,,,助手,,踱步,H,飛機場 踱步 (助手)
H380,20/01/2025,游水,從化,,從化,,,,,,,,游水,,
H380,20/01/2025,踱步,從化,內圈,從化 內圈,,,,,,助手,,倒快一圈,H,內圈 倒快一圈 (助手)
H380,19/01/2025,游水,從化,,從化,,,,,,,,游水,,
H380,18/01/2025,游水,從化,,從化,,,,,,,,游水,,
H380,18/01/2025,踱步,從化,內圈,從化 內圈,,,,,,助手,,快踱一圈,H,內圈 快踱一圈 (助手)
H380,17/01/2025,游水,從化,,從化,,,,,,,,游水,,
H380,17/01/2025,快操,從化,全天候,從化 全天候,,55.2,55.2,28.6 26.6,,助手,,快操,H,28.6 26.6 (55.2) (助手)
H380,17/01/2025,踱步,從化,飛機場,從化 飛機場,,,,,,助手,,踱步,H,飛機場 踱步 (助手)
H380,16/01/2025,游水,從化,,從化,,,,,,,,游水,,
H380,16/01/2025,踱步,從化,內圈,從化 內圈,,,,,,助手,,倒快一圈,H,內圈 倒快一圈 (助手)
H380,15/01/2025,游水,從化,,從化,,,,,,,,游水,,
H380,15/01/2025,踱步,從化,內圈,從化 內圈,,,,,,助手,,快踱一圈,H,內圈 快踱一圈 (助手)
H380,14/01/2025,游水,從化,,從化,,,,,,,,游水,,
H380,14/01/2025,踱步,從化,內圈,從化 內圈,,,,,,助手,,快踱一圈,H,內圈 快踱一圈 (助手)
H380,13/01/2025,游水,從化,,從化,,,,,,,,游水,,
H380,13/01/2025,踱步,從化,內圈,從化 內圈,,,,,,助手,,倒快一圈,H,內圈 倒快一圈 (助手)
H380,12/01/2025,游水,從化,,從化,,,,,,,,游水,,
H380,11/01/2025,游水,從化,,從化,,,,,,,,游水,,
H380,11/01/2025,踱步,從化,飛機場,從化 飛機場,,,,,,助手,,踱步,H,飛機場 踱步 (助手)
H380,08/01/2025,出賽,跑馬地,草地,跑馬地 草地,1800M,,,,,何澤堯,1/12,出賽,B,1800M (何澤堯) (1/12)
H380,08/01/2025,踱步,沙田,飛機場,沙田 飛機場,,,,,,助手,,踱步,H,飛機場 踱步 (助手)
H380,07/01/2025,游水,沙田,,沙田,,,,,,,,游水,,
H380,07/01/2025,踱步,沙田,內圈,沙田 內圈,,,,,,助手,,快踱一圈,H,內圈 快踱一圈 (助手)
H380,06/01/2025,游水,沙田,,沙田,,,,,,,,游水,,
H380,06/01/2025,快操,沙田,全天候,沙田 全天候,,57.8,57.8,31.1 26.7,,何澤堯,,快操,H,31.1 26.7 (57.8) (何澤堯)
H380,05/01/2025,游水,沙田,,沙田,,,,,,,,游水,,
H380,05/01/2025,踱步,沙田,飛機場,沙田 飛機場,,,,,,助手,,踱步,H,飛機場 踱步 (助手)
H380,04/01/2025,游水,沙田,,沙田,,,,,,,,游水,,
H380,04/01/2025,踱步,沙田,內圈,沙田 內圈,,,,,,助手,,快踱一圈,H,內圈 快踱一圈 (助手)
H380,03/01/2025,游水,沙田,,沙田,,,,,,,,游水,,
H380,03/01/2025,踱步,沙田,內圈,沙田 內圈,,,,,,助手,,快踱一圈,H,內圈 快踱一圈 (助手)
H380,02/01/2025,游水,沙田,,沙田,,,,,,,,游水,,
H380,02/01/2025,踱步,沙田,內圈,沙田 內圈,,,,,,助手,,倒快一圈,H,內圈 倒快一圈 (助手)
H380,01/01/2025,游水,沙田,,沙田,,,,,,,,游水,,
H380,01/01/2025,踱步,沙田,飛機場,沙田 飛機場,,,,,,助手,,踱步,H,飛機場 踱步 (助手)
H380,31/12/2024,試閘,沙田,全天候,沙田 全天候,1200M,1.10.58,70.58,24.5 22.9 23.1,龍之光,何澤堯,,第1組,B,第1組 (何澤堯) 1200M 龍之光 24.5 22.9 23.1 (1.10.58)
H380,30/12/2024,游水,沙田,,沙田,,,,,,,,游水,,
H380,30/12/2024,踱步,沙田,內圈,沙田 內圈,,,,,,助手,,倒快一圈,H,內圈 倒快一圈 (助手)
H380,29/12/2024,游水,沙田,,沙田,,,,,,,,游水,,
H380,28/12/2024,游水,沙田,,沙田,,,,,,,,游水,,
H380,28/12/2024,踱步,沙田,內圈,沙田 內圈,,,,,,助手,,快踱一圈,H,內圈 快踱一圈 (助手)
H380,27/12/2024,游水,沙田,,沙田,,,,,,,,游水,,
H380,27/12/2024,快操,沙田,全天候,沙田 全天候,,58.2,58.2,31.8 26.4,,助手,,快操,H,31.8 26.4 (58.2) (助手)
H380,27/12/2024,踱步,沙田,飛機場,沙田 飛機場,,,,,,助手,,踱步,H,飛機場 踱步 (助手)
H380,26/12/2024,游水,沙田,,沙田,,,,,,,,游水,,
H380,26/12/2024,踱步,沙田,內圈,沙田 內圈,,,,,,助手,,倒快兩圈,H,內圈 倒快兩圈 (助手)
H380,25/12/2024,游水,沙田,,沙田,,,,,,,,游水,,
H380,25/12/2024,踱步,沙田,內圈,沙田 內圈,,,,,,助手,,快踱一圈,H,內圈 快踱一圈 (助手)
H380,24/12/2024,游水,沙田,,沙田,,,,,,,,游水,,
H380,24/12/2024,快操,沙田,全天候,沙田 全天候,,55.5,55.5,29.5 26.0,,助手,,快操,H,29.5 26.0 (55.5) (助手)
H380,24/12/2024,踱步,沙田,飛機場,沙田 飛機場,,,,,,助手,,踱步,H,飛機場 踱步 (助手)
H380,23/12/2024,游水,沙田,,沙田,,,,,,,,游水,,
H380,23/12/2024,踱步,沙田,內圈,沙田 內圈,,,,,,助手,,倒快兩圈,H,內圈 倒快兩圈 (助手)
H380,22/12/2024,游水,沙田,,沙田,,,,,,,,游水,,
H380,21/12/2024,游水,沙田,,沙田,,,,,,,,游水,,
H380,21/12/2024,踱步,沙田,內圈,沙田 內圈,,,,,,助手,,快踱一圈,H,內圈 快踱一圈 (助手)
H380,20/12/2024,游水,沙田,,沙田,,,,,,,,游水,,
H380,20/12/2024,踱步,沙田,內圈,沙田 內圈,,,,,,助手,,快踱一圈,H,內圈 快踱一圈 (助手)
H380,19/12/2024,游水,沙田,,沙田,,,,,,,,游水,,
H380,19/12/2024,踱步,沙田,內圈,沙田 內圈,,,,,,助手,,倒快一圈,H,內圈 倒快一圈 (助手)
H380,18/12/2024,游水,沙田,,沙田,,,,,,,,游水,,
H380,18/12/2024,踱步,沙田,飛機場,沙田 飛機場,,,,,,助手,,踱步,H,飛機場 踱步 (助手)
H380,17/12/2024,試閘,沙田,草地,沙田 草地,1000M,0.56.78,56.78,13.7 21.2 21.8,魔術控制,何澤堯,,第1組,B,第1組 (何澤堯) 1000M 魔術控制 13.7 21.2 21.8 (0.56.78)
H380,16/12/2024,游水,沙田,,沙田,,,,,,,,游水,,
H380,16/12/2024,踱步,沙田,內圈,沙田 內圈,,,,,,助手,,倒快一圈,H,內圈 倒快一圈 (助手)
H380,15/12/2024,游水,沙田,,沙田,,,,,,,,游水,,
H380,14/12/2024,游水,沙田,,沙田,,,,,,,,游水,,
H380,14/12/2024,踱步,沙田,內圈,沙田 內圈,,,,,,助手,,快踱一圈,H,內圈 快踱一圈 (助手)
H380,13/12/2024,游水,沙田,,沙田,,,,,,,,游水,,
H380,13/12/2024,快操,沙田,全天候,沙田 全天候,,58.3,58.3,31.8 26.5,,何澤堯,,快操,H,31.8 26.5 (58.3) (何澤堯)
H380,12/12/2024,游水,沙田,,沙田,,,,,,,,游水,,
H380,12/12/2024,踱步,沙田,內圈,沙田 內圈,,,,,,助手,,倒快兩圈,H,內圈 倒快兩圈 (助手)
H380,11/12/2024,游水,沙田,,沙田,,,,,,,,游水,,
H380,11/12/2024,踱步,沙田,內圈,沙田 內圈,,,,,,助手,,快踱一圈,H,內圈 快踱一圈 (助手)
H380,10/12/2024,游水,沙田,,沙田,,,,,,,,游水,,
H380,10/12/2024,快操,沙田,全天候,沙田 全天候,,58.6,58.6,31.3 27.3,,何澤堯,,快操,H,31.3 27.3 (58.6) (何澤堯)
H380,09/12/2024,游水,沙田,,沙田,,,,,,,,游水,,
H380,09/12/2024,踱步,沙田,內圈,沙田 內圈,,,,,,助手,,倒快兩圈,H,內圈 倒快兩圈 (助手)
H380,08/12/2024,游水,沙田,,沙田,,,,,,,,游水,,
H380,07/12/2024,游水,沙田,,沙田,,,,,,,,游水,,
H380,07/12/2024,踱步,沙田,內圈,沙田 內圈,,,,,,助手,,快踱一圈,H,內圈 快踱一圈 (助手)
H380,06/12/2024,游水,沙田,,沙田,,,,,,,,游水,,
H380,06/12/2024,快操,沙田,全天候,沙田 全天候,,55.3,55.3,29.8 25.5,,助手,,快操,H,29.8 25.5 (55.3) (助手)
H380,06/12/2024,踱步,沙田,飛機場,沙田 飛機場,,,,,,助手,,踱步,H,飛機場 踱步 (助手)
H380,05/12/2024,游水,沙田,,沙田,,,,,,,,游水,,
H380,05/12/2024,踱步,沙田,內圈,沙田 內圈,,,,,,助手,,倒快一圈,H,內圈 倒快一圈 (助手)
H380,04/12/2024,游水,沙田,,沙田,,,,,,,,游水,,
H380,03/12/2024,游水,沙田,,沙田,,,,,,,,游水,,
H380,03/12/2024,踱步,沙田,內圈,沙田 內圈,,,,,,助手,,快踱一圈,H,內圈 快踱一圈 (助手)
H380,02/12/2024,游水,沙田,,沙田,,,,,,,,游水,,
H380,02/12/2024,踱步,沙田,內圈,沙田 內圈,,,,,,助手,,倒快一圈,H,內圈 倒快一圈 (助手)
H380,01/12/2024,游水,沙田,,沙田,,,,,,,,游水,,
H380,30/11/2024,游水,沙田,,沙田,,,,,,,,游水,,
H380,30/11/2024,踱步,沙田,內圈,沙田 內圈,,,,,,助手,,快踱一圈,H,內圈 快踱一圈 (助手)
H380,28/11/2024,游水,沙田,,沙田,,,,,,,,游水,,
H380,28/11/2024,快操,沙田,全天候,沙田 全天候,,53.6,53.6,28.2 25.4,,助手,,快操,H,28.2 25.4 (53.6) (助手)
H380,28/11/2024,踱步,沙田,飛機場,沙田 飛機場,,,,,,助手,,踱步,H,飛機場 踱步 (助手)
H380,27/11/2024,游水,沙田,,沙田,,,,,,,,游水,,
H380,27/11/2024,踱步,沙田,內圈,沙田 內圈,,,,,,助手,,快踱一圈,H,內圈 快踱一圈 (助手)
H380,26/11/2024,游水,沙田,,沙田,,,,,,,,游水,,
H380,26/11/2024,踱步,沙田,內圈,沙田 內圈,,,,,,助手,,快踱一圈,H,內圈 快踱一圈 (助手)
H380,25/11/2024,游水,沙田,,沙田,,,,,,,,游水,,
H380,25/11/2024,踱步,沙田,內圈,沙田 內圈,,,,,,助手,,倒快一圈,H,內圈 倒快一圈 (助手)
H380,24/11/2024,游水,沙田,,沙田,,,,,,,,游水,,
H380,23/11/2024,游水,沙田,,沙田,,,,,,,,游水,,
H380,23/11/2024,踱步,沙田,內圈,沙田 內圈,,,,,,助手,,快踱一圈,H,內圈 快踱一圈 (助手)
H380,22/11/2024,游水,沙田,,沙田,,,,,,,,游水,,
H380,22/11/2024,踱步,沙田,飛機場,沙田 飛機場,,,,,,助手,,踱步,H,飛機場 踱步 (助手)
H380,19/11/2024,游水,沙田,,沙田,,,,,,,,游水,,
H380,19/11/2024,踱步,沙田,內圈,沙田 內圈,,,,,,助手,,快踱一圈,H,內圈 快踱一圈 (助手)
H380,18/11/2024,游水,沙田,,沙田,,,,,,,,游水,,
H380,18/11/2024,踱步,沙田,內圈,沙田 內圈,,,,,,助手,,倒快一圈,H,內圈 倒快一圈 (助手)
H380,17/11/2024,游水,沙田,,沙田,,,,,,,,游水,,
H380,16/11/2024,游水,沙田,,沙田,,,,,,,,游水,,
H380,16/11/2024,踱步,沙田,內圈,沙田 內圈,,,,,,助手,,快踱一圈,H,內圈 快踱一圈 (助手)
H380,15/11/2024,游水,沙田,,沙田,,,,,,,,游水,,
H380,15/11/2024,踱步,沙田,內圈,沙田 內圈,,,,,,助手,,快踱一圈,H,內圈 快踱一圈 (助手)
H380,14/11/2024,游水,沙田,,沙田,,,,,,,,游水,,
H380,13/11/2024,游水,沙田,,沙田,,,,,,,,游水,,
H380,13/11/2024,踱步,沙田,內圈,沙田 內圈,,,,,,助手,,快踱一圈,H,內圈 快踱一圈 (助手)
H380,12/11/2024,游水,沙田,,沙田,,,,,,,,游水,,
H380,12/11/2024,踱步,沙田,飛機場,沙田 飛機場,,,,,,助手,,踱步,H,飛機場 踱步 (助手)
H380,11/11/2024,游水,沙田,,沙田,,,,,,,,游水,,
H380,09/11/2024,出賽,沙田,草地,沙田 草地,1600M,,,,,艾兆禮,13/14,出賽,B,1600M (艾兆禮) (13/14)
H380,09/11/2024,踱步,沙田,飛機場,沙田 飛機場,,,,,,助手,,踱步,H,飛機場 踱步 (助手)
H380,08/11/2024,游水,沙田,,沙田,,,,,,,,游水,,
H380,08/11/2024,踱步,沙田,內圈,沙田 內圈,,,,,,助手,,快踱一圈,H,內圈 快踱一圈 (助手)
H380,07/11/2024,游水,沙田,,沙田,,,,,,,,游水,,
H380,07/11/2024,快操,沙田,全天候,沙田 全天候,,55.2,55.2,29.0 26.2,,艾兆禮,,快操,H,29.0 26.2 (55.2) (艾兆禮)
H380,06/11/2024,游水,沙田,,沙田,,,,,,,,游水,,
H380,06/11/2024,踱步,沙田,內圈,沙田 內圈,,,,,,助手,,快踱一圈,H,內圈 快踱一圈 (助手)
H380,05/11/2024,游水,沙田,,沙田,,,,,,,,游水,,
H380,04/11/2024,游水,沙田,,沙田,,,,,,,,游水,,
H380,04/11/2024,快操,沙田,草地,沙田 草地,,51.6,51.6,26.3 25.3,,助手,,快操,H,26.3 25.3 (51.6) (助手)
H380,03/11/2024,游水,沙田,,沙田,,,,,,,,游水,,
H380,02/11/2024,游水,沙田,,沙田,,,,,,,,游水,,
H380,02/11/2024,踱步,沙田,內圈,沙田 內圈,,,,,,助手,,快踱一圈,H,內圈 快踱一圈 (助手)
H380,01/11/2024,游水,沙田,,沙田,,,,,,,,游水,,
H380,01/11/2024,踱步,沙田,內圈,沙田 內圈,,,,,,助手,,快踱一圈,H,內圈 快踱一圈 (助手)
H380,31/10/2024,游水,沙田,,沙田,,,,,,,,游水,,
H380,31/10/2024,快操,沙田,全天候,沙田 全天候,,56.0,56.0,29.8 26.2,,助手,,快操,H,29.8 26.2 (56.0) (助手)
H380,30/10/2024,游水,沙田,,沙田,,,,,,,,游水,,
H380,30/10/2024,踱步,沙田,內圈,沙田 內圈,,,,,,助手,,快踱一圈,H,內圈 快踱一圈 (助手)
H380,29/10/2024,游水,沙田,,沙田,,,,,,,,游水,,
H380,29/10/2024,踱步,沙田,內圈,沙田 內圈,,,,,,助手,,快踱一圈,H,內圈 快踱一圈 (助手)
H380,28/10/2024,游水,沙田,,沙田,,,,,,,,游水,,
H380,28/10/2024,快操,沙田,全天候,沙田 全天候,,56.8,56.8,31.0 25.8,,助手,,快操,H,31.0 25.8 (56.8) (助手)
H380,28/10/2024,踱步,沙田,飛機場,沙田 飛機場,,,,,,助手,,踱步,H,飛機場 踱步 (助手)
H380,27/10/2024,游水,沙田,,沙田,,,,,,,,游水,,
H380,26/10/2024,游水,沙田,,沙田,,,,,,,,游水,,
H380,26/10/2024,踱步,沙田,內圈,沙田 內圈,,,,,,助手,,快踱一圈,H,內圈 快踱一圈 (助手)
H380,25/10/2024,游水,沙田,,沙田,,,,,,,,游水,,
H380,25/10/2024,踱步,沙田,內圈,沙田 內圈,,,,,,助手,,快踱一圈,H,內圈 快踱一圈 (助手)
H380,24/10/2024,游水,沙田,,沙田,,,,,,,,游水,,
H380,24/10/2024,快操,沙田,全天候,沙田 全天候,,57.8,57.8,32.0 25.8,,助手,,快操,H,32.0 25.8 (57.8) (助手)
H380,24/10/2024,踱步,沙田,飛機場,沙田 飛機場,,,,,,助手,,踱步,H,飛機場 踱步 (助手)
H380,23/10/2024,游水,沙田,,沙田,,,,,,,,游水,,
H380,23/10/2024,踱步,沙田,內圈,沙田 內圈,,,,,,助手,,快踱一圈,H,內圈 快踱一圈 (助手)
H380,22/10/2024,游水,沙田,,沙田,,,,,,,,游水,,
H380,22/10/2024,踱步,沙田,內圈,沙田 內圈,,,,,,助手,,快踱一圈,H,內圈 快踱一圈 (助手)
H380,21/10/2024,游水,沙田,,沙田,,,,,,,,游水,,
H380,21/10/2024,快操,沙田,全天候,沙田 全天候,,56.7,56.7,30.8 25.9,,助手,,快操,H,30.8 25.9 (56.7) (助手)
H380,21/10/2024,踱步,沙田,飛機場,沙田 飛機場,,,,,,助手,,踱步,H,飛機場 踱步 (助手)
H380,20/10/2024,游水,沙田,,沙田,,,,,,,,游水,,
H380,19/10/2024,游水,沙田,,沙田,,,,,,,,游水,,
H380,19/10/2024,踱步,沙田,內圈,沙田 內圈,,,,,,助手,,快踱一圈,H,內圈 快踱一圈 (助手)
H380,18/10/2024,游水,沙田,,沙田,,,,,,,,游水,,
H380,18/10/2024,踱步,沙田,內圈,沙田 內圈,,,,,,助手,,快踱一圈,H,內圈 快踱一圈 (助手)
H380,17/10/2024,游水,沙田,,沙田,,,,,,,,游水,,
H380,17/10/2024,踱步,沙田,內圈,沙田 內圈,,,,,,助手,,倒快一圈,H,內圈 倒快一圈 (助手)
H380,16/10/2024,游水,沙田,,沙田,,,,,,,,游水,,
H380,16/10/2024,踱步,沙田,飛機場,沙田 飛機場,,,,,,助手,,踱步,H,飛機場 踱步 (助手)
H380,15/10/2024,游水,沙田,,沙田,,,,,,,,游水,,
H380,13/10/2024,出賽,沙田,草地,沙田 草地,1400M,,,,,艾兆禮,8/13,出賽,B,1400M (艾兆禮) (8/13)
H380,13/10/2024,踱步,沙田,飛機場,沙田 飛機場,,,,,,助手,,踱步,,飛機場 踱步 (助手)
H380,12/10/2024,游水,沙田,,沙田,,,,,,,,游水,,
H380,12/10/2024,踱步,沙田,內圈,沙田 內圈,,,,,,助手,,快踱一圈,H,內圈 快踱一圈 (助手)
H380,11/10/2024,游水,沙田,,沙田,,,,,,,,游水,,
H380,11/10/2024,快操,沙田,全天候,沙田 全天候,,55.7,55.7,29.3 26.4,,艾兆禮,,快操,,29.3 26.4 (55.7) (艾兆禮)
H380,10/10/2024,游水,沙田,,沙田,,,,,,,,游水,,
H380,10/10/2024,踱步,沙田,內圈,沙田 內圈,,,,,,助手,,倒快一圈,H,內圈 倒快一圈 (助手)
H380,09/10/2024,游水,沙田,,沙田,,,,,,,,游水,,
H380,09/10/2024,踱步,沙田,內圈,沙田 內圈,,,,,,助手,,快踱一圈,H,內圈 快踱一圈 (助手)
H380,08/10/2024,游水,沙田,,沙田,,,,,,,,游水,,
H380,08/10/2024,踱步,沙田,飛機場,沙田 飛機場,,,,,,助手,,踱步,H,飛機場 踱步 (助手)
H380,07/10/2024,游水,從化,,從化,,,,,,,,游水,,
H380,07/10/2024,踱步,從化,飛機場,從化 飛機場,,,,,,助手,,踱步,H,飛機場 踱步 (助手)
H380,06/10/2024,游水,從化,,從化,,,,,,,,游水,,
H380,05/10/2024,游水,從化,,從化,,,,,,,,游水,,
H380,05/10/2024,踱步,從化,內圈,從化 內圈,,,,,,助手,,快踱一圈,H,內圈 快踱一圈 (助手)
H380,04/10/2024,游水,從化,,從化,,,,,,,,游水,,
H380,04/10/2024,踱步,從化,內圈,從化 內圈,,,,,,助手,,快踱一圈,H,內圈 快踱一圈 (助手)
H380,03/10/2024,游水,從化,,從化,,,,,,,,游水,,
H380,03/10/2024,快操,從化,全天候,從化 全天候,,55.5,55.5,29.0 26.5,,助手,,快操,H,29.0 26.5 (55.5) (助手)
H380,03/10/2024,踱步,從化,飛機場,從化 飛機場,,,,,,助手,,踱步,H,飛機場 踱步 (助手)
H380,02/10/2024,游水,從化,,從化,,,,,,,,游水,,
H380,02/10/2024,踱步,從化,內圈,從化 內圈,,,,,,助手,,快踱一圈,H,內圈 快踱一圈 (助手)
H380,01/10/2024,游水,從化,,從化,,,,,,,,游水,,
H380,01/10/2024,踱步,從化,內圈,從化 內圈,,,,,,助手,,快踱一圈,H,內圈 快踱一圈 (助手)
H380,30/09/2024,游水,從化,,從化,,,,,,,,游水,,
H380,30/09/2024,快操,從化,全天候,從化 全天候,,56.1,56.1,29.9 26.2,,助手,,快操,H,29.9 26.2 (56.1) (助手)
H380,30/09/2024,踱步,從化,飛機場,從化 飛機場,,,,,,助手,,踱步,H,飛機場 踱步 (助手)
H380,29/09/2024,游水,從化,,從化,,,,,,,,游水,,
H380,28/09/2024,游水,從化,,從化,,,,,,,,游水,,
H380,28/09/2024,踱步,從化,內圈,從化 內圈,,,,,,助手,,快踱一圈,H,內圈 快踱一圈 (助手)
H380,27/09/2024,游水,從化,,從化,,,,,,,,游水,,
H380,27/09/2024,踱步,從化,內圈,從化 內圈,,,,,,助手,,快踱一圈,H,內圈 快踱一圈 (助手)
H380,26/09/2024,游水,從化,,從化,,,,,,,,游水,,
H380,26/09/2024,快操,從化,全天候,從化 全天候,,56.3,56.3,29.8 26.5,,助手,,快操,H,29.8 26.5 (56.3) (助手)
H380,26/09/2024,踱步,從化,飛機場,從化 飛機場,,,,,,助手,,踱步,H,飛機場 踱步 (助手)
H380,25/09/2024,游水,從化,,從化,,,,,,,,游水,,
H380,25/09/2024,踱步,從化,內圈,從化 內圈,,,,,,助手,,快踱一圈,H,內圈 快踱一圈 (助手)
H380,24/09/2024,游水,從化,,從化,,,,,,,,游水,,
H380,24/09/2024,踱步,從化,內圈,從化 內圈,,,,,,助手,,快踱一圈,H,內圈 快踱一圈 (助手)
H380,23/09/2024,游水,從化,,從化,,,,,,,,游水,,
H380,23/09/2024,踱步,從化,內圈,從化 內圈,,,,,,助手,,倒快一圈,H,內圈 倒快一圈 (助手)
H380,22/09/2024,游水,從化,,從化,,,,,,,,游水,,
H380,21/09/2024,游水,從化,,從化,,,,,,,,游水,,
H380,21/09/2024,踱步,從化,內圈,從化 內圈,,,,,,助手,,快踱一圈,H,內圈 快踱一圈 (助手)
H380,20/09/2024,游水,從化,,從化,,,,,,,,游水,,
H380,20/09/2024,踱步,從化,飛機場,從化 飛機場,,,,,,助手,,踱步,H,飛機場 踱步 (助手)
H380,19/09/2024,試閘,從化,草地,從化 草地,1200M,1.10.64,70.64,25.3 22.3 23.0,球星,薛兆恆,,第5組,B,第5組 (薛兆恆) 1200M 球星 25.3 22.3 23.0 (1.10.64)
H380,19/09/2024,游水,從化,,從化,,,,,,,,游水,,
H380,19/09/2024,踱步,從化,飛機場,從化 飛機場,,,,,,助手,,踱步,B,飛機場 踱步 (助手)
H380,18/09/2024,游水,從化,,從化,,,,,,,,游水,,
H380,18/09/2024,踱步,從化,內圈,從化 內圈,,,,,,助手,,快踱一圈,H,內圈 快踱一圈 (助手)
H380,17/09/2024,游水,從化,,從化,,,,,,,,游水,,
H380,17/09/2024,踱步,從化,內圈,從化 內圈,,,,,,助手,,快踱一圈,H,內圈 快踱一圈 (助手)
H380,16/09/2024,游水,從化,,從化,,,,,,,,游水,,
H380,16/09/2024,快操,從化,全天候,從化 全天候,,56.8,56.8,30.2 26.6,,助手,,快操,H,30.2 26.6 (56.8) (助手)
H380,16/09/2024,踱步,從化,飛機場,從化 飛機場,,,,,,助手,,踱步,H,飛機場 踱步 (助手)
H380,15/09/2024,游水,從化,,從化,,,,,,,,游水,,
H380,14/09/2024,游水,從化,,從化,,,,,,,,游水,,
H380,14/09/2024,踱步,從化,內圈,從化 內圈,,,,,,助手,,快踱一圈,H,內圈 快踱一圈 (助手)
H380,13/09/2024,游水,從化,,從化,,,,,,,,游水,,
H380,13/09/2024,快操,從化,全天候,從化 全天候,,54.8,54.8,29.1 25.7,,助手,,快操,H,29.1 25.7 (54.8) (助手)
H380,13/09/2024,踱步,從化,飛機場,從化 飛機場,,,,,,助手,,踱步,H,飛機場 踱步 (助手)
H380,12/09/2024,游水,從化,,從化,,,,,,,,游水,,
H380,12/09/2024,踱步,從化,內圈,從化 內圈,,,,,,助手,,倒快一圈,H,內圈 倒快一圈 (助手)
H380,11/09/2024,游水,從化,,從化,,,,,,,,游水,,
H380,11/09/2024,踱步,從化,內圈,從化 內圈,,,,,,助手,,快踱一圈,H,內圈 快踱一圈 (助手)
H380,10/09/2024,游水,從化,,從化,,,,,,,,游水,,
H380,10/09/2024,快操,從化,全天候,從化 全天候,,56.6,56.6,30.2 26.4,,助手,,快操,H,30.2 26.4 (56.6) (助手)
H380,10/09/2024,踱步,從化,飛機場,從化 飛機場,,,,,,助手,,踱步,H,飛機場 踱步 (助手)
H380,09/09/2024,游水,從化,,從化,,,,,,,,游水,,
H380,09/09/2024,踱步,從化,內圈,從化 內圈,,,,,,助手,,倒快一圈,H,內圈 倒快一圈 (助手)
H380,08/09/2024,游水,從化,,從化,,,,,,,,游水,,
H380,07/09/2024,游水,從化,,從化,,,,,,,,游水,,
H380,07/09/2024,快操,從化,全天候,從化 全天候,,56.6,56.6,30.3 26.3,,助手,,快操,H,30.3 26.3 (56.6) (助手)
H380,07/09/2024,踱步,從化,飛機場,從化 飛機場,,,,,,助手,,踱步,H,飛機場 踱步 (助手)
H380,06/09/2024,游水,從化,,從化,,,,,,,,游水,,
H380,06/09/2024,踱步,從化,內圈,從化 內圈,,,,,,助手,,快踱一圈,H,內圈 快踱一圈 (助手)
H380,05/09/2024,游水,從化,,從化,,,,,,,,游水,,
H380,05/09/2024,踱步,從化,內圈,從化 內圈,,,,,,助手,,倒快一圈,H,內圈 倒快一圈 (助手)
H380,04/09/2024,游水,從化,,從化,,,,,,,,游水,,
H380,04/09/2024,踱步,從化,內圈,從化 內圈,,,,,,助手,,快踱一圈,H,內圈 快踱一圈 (助手)
H380,03/09/2024,游水,從化,,從化,,,,,,,,游水,,
H380,03/09/2024,快操,從化,全天候,從化 全天候,,56.0,56.0,29.5 26.5,,助手,,快操,H,29.5 26.5 (56.0) (助手)
H380,03/09/2024,踱步,從化,飛機場,從化 飛機場,,,,,,助手,,踱步,H,飛機場 踱步 (助手)
H380,02/09/2024,游水,從化,,從化,,,,,,,,游水,,
H380,02/09/2024,踱步,從化,內圈,從化 內圈,,,,,,助手,,倒快一圈,H,內圈 倒快一圈 (助手)
H380,01/09/2024,游水,從化,,從化,,,,,,,,游水,,
H380,31/08/2024,游水,從化,,從化,,,,,,,,游水,,
H380,31/08/2024,快操,從化,全天候,從化 全天候,,1.02.3,62.3,33.8 28.5,,助手,,快操,H,33.8 28.5 (1.02.3) (助手)
H380,31/08/2024,踱步,從化,飛機場,從化 飛機場,,,,,,助手,,踱步,H,飛機場 踱步 (助手)
H380,30/08/2024,游水,從化,,從化,,,,,,,,游水,,
H380,30/08/2024,踱步,從化,內圈,從化 內圈,,,,,,助手,,快踱一圈,H,內圈 快踱一圈 (助手)
H380,29/08/2024,游水,從化,,從化,,,,,,,,游水,,
H380,29/08/2024,踱步,從化,內圈,從化 內圈,,,,,,助手,,倒快一圈,H,內圈 倒快一圈 (助手)
H380,28/08/2024,游水,從化,,從化,,,,,,,,游水,,
H380,28/08/2024,踱步,從化,內圈,從化 內圈,,,,,,助手,,快踱一圈,H,內圈 快踱一圈 (助手)
H380,27/08/2024,游水,從化,,從化,,,,,,,,游水,,
H380,27/08/2024,踱步,從化,內圈,從化 內圈,,,,,,助手,,快踱一圈,H,內圈 快踱一圈 (助手)
H380,26/08/2024,游水,從化,,從化,,,,,,,,游水,,
H380,26/08/2024,踱步,從化,內圈,從化 內圈,,,,,,助手,,倒快一圈,H,內圈 倒快一圈 (助手)
H380,25/08/2024,游水,從化,,從化,,,,,,,,游水,,
H380,24/08/2024,游水,從化,,從化,,,,,,,,游水,,
H380,24/08/2024,踱步,從化,內圈,從化 內圈,,,,,,助手,,快踱一圈,H,內圈 快踱一圈 (助手)
H380,23/08/2024,游水,從化,,從化,,,,,,,,游水,,
H380,23/08/2024,踱步,從化,內圈,從化 內圈,,,,,,助手,,快踱一圈,H,內圈 快踱一圈 (助手)
H380,22/08/2024,游水,從化,,從化,,,,,,,,游水,,
H380,22/08/2024,踱步,從化,內圈,從化 內圈,,,,,,助手,,倒快一圈,H,內圈 倒快一圈 (助手)
H380,21/08/2024,游水,從化,,從化,,,,,,,,游水,,
H380,21/08/2024,踱步,從化,內圈,從化 內圈,,,,,,助手,,快踱一圈,H,內圈 快踱一圈 (助手)
H380,20/08/2024,游水,從化,,從化,,,,,,,,游水,,
H380,20/08/2024,踱步,從化,內圈,從化 內圈,,,,,,助手,,快踱一圈,H,內圈 快踱一圈 (助手)
H380,19/08/2024,游水,從化,,從化,,,,,,,,游水,,
H380,19/08/2024,踱步,從化,內圈,從化 內圈,,,,,,助手,,倒快一圈,H,內圈 倒快一圈 (助手)
H380,18/08/2024,游水,從化,,從化,,,,,,,,游水,,
H380,17/08/2024,游水,從化,,從化,,,,,,,,游水,,
H380,17/08/2024,踱步,從化,內圈,從化 內圈,,,,,,助手,,快踱一圈,H,內圈 快踱一圈 (助手)
H380,16/08/2024,游水,從化,,從化,,,,,,,,游水,,
H380,16/08/2024,踱步,從化,內圈,從化 內圈,,,,,,助手,,快踱一圈,H,內圈 快踱一圈 (助手)
H380,15/08/2024,游水,從化,,從化,,,,,,,,游水,,
H380,15/08/2024,踱步,從化,內圈,從化 內圈,,,,,,助手,,倒快一圈,H,內圈 倒快一圈 (助手)
H380,14/08/2024,游水,從化,,從化,,,,,,,,游水,,
H380,14/08/2024,踱步,從化,內圈,從化 內圈,,,,,,助手,,快踱一圈,H,內圈 快踱一圈 (助手)
H380,13/08/2024,游水,從化,,從化,,,,,,,,游水,,
H380,13/08/2024,踱步,從化,內圈,從化 內圈,,,,,,助手,,快踱一圈,H,內圈 快踱一圈 (助手)
H380,12/08/2024,游水,從化,,從化,,,,,,,,游水,,
H380,12/08/2024,踱步,從化,飛機場,從化 飛機場,,,,,,助手,,踱步,H,飛機場 踱步 (助手)
H380,11/08/2024,游水,從化,,從化,,,,,,,,游水,,
H380,10/08/2024,游水,從化,,從化,,,,,,,,游水,,
H380,10/08/2024,踱步,從化,飛機場,從化 飛機場,,,,,,助手,,踱步,H,飛機場 踱步 (助手)
H380,09/08/2024,游水,從化,,從化,,,,,,,,游水,,
H380,09/08/2024,踱步,從化,飛機場,從化 飛機場,,,,,,助手,,踱步,H,飛機場 踱步 (助手)
H380,08/08/2024,游水,從化,,從化,,,,,,,,游水,,
H380,08/08/2024,踱步,從化,飛機場,從化 飛機場,,,,,,助手,,踱步,H,飛機場 踱步 (助手)
H380,07/08/2024,游水,從化,,從化,,,,,,,,游水,,
H380,07/08/2024,踱步,從化,飛機場,從化 飛機場,,,,,,助手,,踱步,H,飛機場 踱步 (助手)
H380,06/08/2024,游水,從化,,從化,,,,,,,,游水,,
H380,06/08/2024,踱步,從化,飛機場,從化 飛機場,,,,,,助手,,踱步,H,飛機場 踱步 (助手)
H380,05/08/2024,游水,從化,,從化,,,,,,,,游水,,
H380,05/08/2024,踱步,從化,飛機場,從化 飛機場,,,,,,助手,,踱步,H,飛機場 踱步 (助手)
H380,04/08/2024,游水,從化,,從化,,,,,,,,游水,,
H380,04/08/2024,踱步,從化,飛機場,從化 飛機場,,,,,,助手,,踱步,H,飛機場 踱步 (助手)
H380,03/08/2024,游水,從化,,從化,,,,,,,,游水,,
H380,03/08/2024,踱步,從化,飛機場,從化 飛機場,,,,,,助手,,踱步,H,飛機場 踱步 (助手)
H380,02/08/2024,游水,從化,,從化,,,,,,,,游水,,
H380,02/08/2024,踱步,從化,飛機場,從化 飛機場,,,,,,助手,,踱步,H,飛機場 踱步 (助手)
H380,01/08/2024,游水,從化,,從化,,,,,,,,游水,,
H380,01/08/2024,踱步,從化,飛機場,從化 飛機場,,,,,,助手,,踱步,H,飛機場 踱步 (助手)
H380,31/07/2024,游水,從化,,從化,,,,,,,,游水,,
H380,30/07/2024,游水,從化,,從化,,,,,,,,游水,,
H380,12/07/2024,游水,從化,,從化,,,,,,,,游水,,
H380,11/07/2024,游水,從化,,從化,,,,,,,,游水,,
H380,10/07/2024,游水,從化,,從化,,,,,,,,游水,,
H380,09/07/2024,游水,從化,,從化,,,,,,,,游水,,
H380,08/07/2024,游水,從化,,從化,,,,,,,,游水,,
H380,07/07/2024,游水,從化,,從化,,,,,,,,游水,,
H380,06/07/2024,游水,從化,,從化,,,,,,,,游水,,
H380,05/07/2024,游水,從化,,從化,,,,,,,,游水,,
H380,04/07/2024,游水,從化,,從化,,,,,,,,游水,,
H380,03/07/2024,游水,從化,,從化,,,,,,,,游水,,
H380,02/07/2024,游水,從化,,從化,,,,,,,,游水,,
H380,01/07/2024,游水,從化,,從化,,,,,,,,游水,,
H380,30/06/2024,游水,從化,,從化,,,,,,,,游水,,
H380,29/06/2024,游水,從化,,從化,,,,,,,,游水,,
H380,28/06/2024,游水,從化,,從化,,,,,,,,游水,,
H380,27/06/2024,游水,從化,,從化,,,,,,,,游水,,
H380,04/05/2024,游水,沙田,,沙田,,,,,,,,游水,,
H380,04/05/2024,踱步,沙田,飛機場,沙田 飛機場,,,,,,助手,,踱步,H,飛機場 踱步 (助手)
H380,03/05/2024,游水,沙田,,沙田,,,,,,,,游水,,
H380,02/05/2024,踱步,沙田,飛機場,沙田 飛機場,,,,,,助手,,踱步,H,飛機場 踱步 (助手)
H380,01/05/2024,踱步,沙田,內圈,沙田 內圈,,,,,,助手,,快踱一圈,H,內圈 快踱一圈 (助手)
H380,30/04/2024,游水,沙田,,沙田,,,,,,,,游水,,
H380,30/04/2024,踱步,沙田,內圈,沙田 內圈,,,,,,助手,,快踱一圈,H,內圈 快踱一圈 (助手)
H380,29/04/2024,游水,沙田,,沙田,,,,,,,,游水,,
H380,29/04/2024,踱步,沙田,外圈,沙田 外圈,,,,,,助手,,快踱一圈,H,外圈 快踱一圈 (助手)
H380,28/04/2024,游水,沙田,,沙田,,,,,,,,游水,,
H380,27/04/2024,游水,沙田,,沙田,,,,,,,,游水,,
H380,27/04/2024,踱步,沙田,內圈,沙田 內圈,,,,,,助手,,快踱一圈,H,內圈 快踱一圈 (助手)
H380,26/04/2024,游水,沙田,,沙田,,,,,,,,游水,,
H380,26/04/2024,踱步,沙田,內圈,沙田 內圈,,,,,,助手,,快踱一圈,H,內圈 快踱一圈 (助手)
H380,25/04/2024,游水,沙田,,沙田,,,,,,,,游水,,
H380,25/04/2024,踱步,沙田,內圈,沙田 內圈,,,,,,助手,,倒快一圈,H,內圈 倒快一圈 (助手)
H380,24/04/2024,游水,沙田,,沙田,,,,,,,,游水,,
H380,24/04/2024,踱步,沙田,內圈,沙田 內圈,,,,,,助手,,快踱一圈,H,內圈 快踱一圈 (助手)
H380,23/04/2024,游水,沙田,,沙田,,,,,,,,游水,,
H380,23/04/2024,踱步,沙田,飛機場,沙田 飛機場,,,,,,助手,,踱步,H,飛機場 踱步 (助手)
H380,22/04/2024,游水,沙田,,沙田,,,,,,,,游水,,
H380,20/04/2024,出賽,沙田,草地,沙田 草地,1800M,,,,,何澤堯,5/13,出賽,B,1800M (何澤堯) (5/13)
H380,20/04/2024,踱步,沙田,飛機場,沙田 飛機場,,,,,,助手,,踱步,H,飛機場 踱步 (助手)
H380,19/04/2024,游水,沙田,,沙田,,,,,,,,游水,,
H380,19/04/2024,踱步,沙田,內圈,沙田 內圈,,,,,,助手,,快踱一圈,H,內圈 快踱一圈 (助手)
H380,18/04/2024,游水,沙田,,沙田,,,,,,,,游水,,
H380,18/04/2024,快操,沙田,草閘,沙田 草閘,,51.3,51.3,26.3 25.0,,何澤堯,,快操,B,26.3 25.0 (51.3) (何澤堯)
H380,17/04/2024,游水,沙田,,沙田,,,,,,,,游水,,
H380,17/04/2024,踱步,沙田,內圈,沙田 內圈,,,,,,助手,,快踱一圈,H,內圈 快踱一圈 (助手)
H380,16/04/2024,游水,沙田,,沙田,,,,,,,,游水,,
H380,16/04/2024,踱步,沙田,內圈,沙田 內圈,,,,,,助手,,快踱一圈,H,內圈 快踱一圈 (助手)
H380,15/04/2024,游水,沙田,,沙田,,,,,,,,游水,,
H380,15/04/2024,踱步,沙田,內圈,沙田 內圈,,,,,,助手,,倒快一圈,H,內圈 倒快一圈 (助手)
H380,14/04/2024,游水,沙田,,沙田,,,,,,,,游水,,
H380,14/04/2024,踱步,沙田,飛機場,沙田 飛機場,,,,,,助手,,踱步,H,飛機場 踱步 (助手)
H380,13/04/2024,踱步,從化,飛機場,從化 飛機場,,,,,,助手,,踱步,H,飛機場 踱步 (助手)
H380,12/04/2024,游水,從化,,從化,,,,,,,,游水,,
H380,12/04/2024,踱步,從化,內圈,從化 內圈,,,,,,助手,,快踱一圈,H,內圈 快踱一圈 (助手)
H380,11/04/2024,游水,從化,,從化,,,,,,,,游水,,
H380,11/04/2024,快操,從化,全天候,從化 全天候,,53.4,53.4,28.2 25.2,,助手,,快操,H,28.2 25.2 (53.4) (助手)
H380,11/04/2024,踱步,從化,飛機場,從化 飛機場,,,,,,助手,,踱步,H,飛機場 踱步 (助手)
H380,10/04/2024,游水,從化,,從化,,,,,,,,游水,,
H380,10/04/2024,踱步,從化,內圈,從化 內圈,,,,,,助手,,快踱一圈,H,內圈 快踱一圈 (助手)
H380,09/04/2024,游水,從化,,從化,,,,,,,,游水,,
H380,09/04/2024,踱步,從化,內圈,從化 內圈,,,,,,助手,,快踱一圈,H,內圈 快踱一圈 (助手)
H380,08/04/2024,游水,從化,,從化,,,,,,,,游水,,
H380,08/04/2024,快操,從化,全天候,從化 全天候,,59.0,59.0,31.1 27.9,,助手,,快操,H,31.1 27.9 (59.0) (助手)
H380,08/04/2024,踱步,從化,飛機場,從化 飛機場,,,,,,助手,,踱步,H,飛機場 踱步 (助手)
H380,07/04/2024,游水,從化,,從化,,,,,,,,游水,,
H380,06/04/2024,游水,從化,,從化,,,,,,,,游水,,
H380,06/04/2024,踱步,從化,內圈,從化 內圈,,,,,,助手,,快踱一圈,H,內圈 快踱一圈 (助手)
H380,05/04/2024,游水,從化,,從化,,,,,,,,游水,,
H380,05/04/2024,踱步,從化,內圈,從化 內圈,,,,,,助手,,快踱一圈,H,內圈 快踱一圈 (助手)
H380,04/04/2024,游水,從化,,從化,,,,,,,,游水,,
H380,04/04/2024,快操,從化,全天候,從化 全天候,,1.00.3,60.3,32.4 27.9,,助手,,快操,H,32.4 27.9 (1.00.3) (助手)
H380,04/04/2024,踱步,從化,飛機場,從化 飛機場,,,,,,助手,,踱步,H,飛機場 踱步 (助手)
H380,03/04/2024,游水,從化,,從化,,,,,,,,游水,,
H380,03/04/2024,踱步,從化,內圈,從化 內圈,,,,,,助手,,快踱一圈,H,內圈 快踱一圈 (助手)
H380,02/04/2024,游水,從化,,從化,,,,,,,,游水,,
H380,02/04/2024,踱步,從化,內圈,從化 內圈,,,,,,助手,,快踱一圈,H,內圈 快踱一圈 (助手)
H380,01/04/2024,游水,從化,,從化,,,,,,,,游水,,
H380,01/04/2024,踱步,從化,內圈,從化 內圈,,,,,,助手,,倒快一圈,H,內圈 倒快一圈 (助手)
H380,31/03/2024,游水,從化,,從化,,,,,,,,游水,,
H380,30/03/2024,游水,從化,,從化,,,,,,,,游水,,
H380,30/03/2024,踱步,從化,飛機場,從化 飛機場,,,,,,助手,,踱步,H,飛機場 踱步 (助手)
H380,29/03/2024,游水,從化,,從化,,,,,,,,游水,,
H380,29/03/2024,踱步,沙田,飛機場,沙田 飛機場,,,,,,助手,,踱步,H,飛機場 踱步 (助手)
H380,28/03/2024,游水,沙田,,沙田,,,,,,,,游水,,
H380,27/03/2024,游水,沙田,,沙田,,,,,,,,游水,,
H380,26/03/2024,游水,沙田,,沙田,,,,,,,,游水,,
H380,24/03/2024,出賽,沙田,草地,沙田 草地,2000M,,,,,希威森,7/14,出賽,B,2000M (希威森) (7/14)
H380,24/03/2024,踱步,沙田,飛機場,沙田 飛機場,,,,,,助手,,踱步,H,飛機場 踱步 (助手)
H380,23/03/2024,游水,沙田,,沙田,,,,,,,,游水,,
H380,23/03/2024,踱步,沙田,內圈,沙田 內圈,,,,,,助手,,快踱一圈,H,內圈 快踱一圈 (助手)
H380,22/03/2024,游水,沙田,,沙田,,,,,,,,游水,,
H380,22/03/2024,快操,沙田,全天候,沙田 全天候,,55.4,55.4,31.4 24.0,,希威森,,快操,H,31.4 24.0 (55.4) (希威森)
H380,22/03/2024,踱步,沙田,飛機場,沙田 飛機場,,,,,,希威森,,踱步,H,飛機場 踱步 (希威森)
H380,21/03/2024,游水,沙田,,沙田,,,,,,,,游水,,
H380,21/03/2024,踱步,沙田,內圈,沙田 內圈,,,,,,助手,,倒快兩圈,H,內圈 倒快兩圈 (助手)
H380,20/03/2024,游水,沙田,,沙田,,,,,,,,游水,,
H380,20/03/2024,踱步,沙田,內圈,沙田 內圈,,,,,,助手,,快踱一圈,H,內圈 快踱一圈 (助手)
H380,19/03/2024,游水,沙田,,沙田,,,,,,,,游水,,
H380,19/03/2024,快操,沙田,草地,沙田 草地,,1.29.6,89.6,33.0 28.8 27.8,,希威森,,禪勝輝煌,H,33.0 28.8 27.8 (1.29.6) (希威森) 禪勝輝煌
H380,19/03/2024,踱步,沙田,飛機場,沙田 飛機場,,,,,,希威森,,踱步,H,飛機場 踱步 (希威森)
H380,18/03/2024,游水,沙田,,沙田,,,,,,,,游水,,
H380,18/03/2024,踱步,沙田,內圈,沙田 內圈,,,,,,助手,,倒快兩圈,H,內圈 倒快兩圈 (助手)
H380,17/03/2024,游水,沙田,,沙田,,,,,,,,游水,,
H380,17/03/2024,踱步,沙田,飛機場,沙田 飛機場,,,,,,助手,,踱步,H,飛機場 踱步 (助手)
H380,16/03/2024,游水,沙田,,沙田,,,,,,,,游水,,
H380,16/03/2024,踱步,沙田,內圈,沙田 內圈,,,,,,助手,,快踱一圈,H,內圈 快踱一圈 (助手)
H380,15/03/2024,游水,沙田,,沙田,,,,,,,,游水,,
H380,15/03/2024,快操,沙田,全天候,沙田 全天候,,55.8,55.8,30.2 25.6,,助手,,快操,H,30.2 25.6 (55.8) (助手)
H380,15/03/2024,踱步,沙田,飛機場,沙田 飛機場,,,,,,助手,,踱步,H,飛機場 踱步 (助手)
H380,14/03/2024,游水,沙田,,沙田,,,,,,,,游水,,
H380,14/03/2024,踱步,沙田,內圈,沙田 內圈,,,,,,助手,,倒快兩圈,H,內圈 倒快兩圈 (助手)
H380,13/03/2024,游水,沙田,,沙田,,,,,,,,游水,,
H380,13/03/2024,踱步,沙田,內圈,沙田 內圈,,,,,,助手,,快踱一圈,H,內圈 快踱一圈 (助手)
H380,12/03/2024,游水,沙田,,沙田,,,,,,,,游水,,
H380,12/03/2024,快操,沙田,全天候,沙田 全天候,,56.7,56.7,30.1 26.6,,助手,,快操,H,30.1 26.6 (56.7) (助手)
H380,12/03/2024,踱步,沙田,飛機場,沙田 飛機場,,,,,,助手,,踱步,H,飛機場 踱步 (助手)
H380,11/03/2024,游水,沙田,,沙田,,,,,,,,游水,,
H380,11/03/2024,踱步,沙田,內圈,沙田 內圈,,,,,,助手,,倒快兩圈,H,內圈 倒快兩圈 (助手)
H380,10/03/2024,游水,沙田,,沙田,,,,,,,,游水,,
H380,09/03/2024,游水,沙田,,沙田,,,,,,,,游水,,
H380,09/03/2024,踱步,沙田,內圈,沙田 內圈,,,,,,助手,,快踱一圈,H,內圈 快踱一圈 (助手)
H380,08/03/2024,游水,沙田,,沙田,,,,,,,,游水,,
H380,08/03/2024,踱步,沙田,內圈,沙田 內圈,,,,,,助手,,快踱一圈,H,內圈 快踱一圈 (助手)
H380,07/03/2024,游水,沙田,,沙田,,,,,,,,游水,,
H380,07/03/2024,踱步,沙田,內圈,沙田 內圈,,,,,,助手,,倒快一圈,H,內圈 倒快一圈 (助手)
H380,06/03/2024,游水,沙田,,沙田,,,,,,,,游水,,
H380,06/03/2024,踱步,沙田,飛機場,沙田 飛機場,,,,,,助手,,踱步,H,飛機場 踱步 (助手)
H380,05/03/2024,游水,沙田,,沙田,,,,,,,,游水,,
H380,03/03/2024,出賽,沙田,草地,沙田 草地,1800M,,,,,巴米高,9/14,出賽,B,1800M (巴米高) (9/14)
H380,03/03/2024,踱步,沙田,飛機場,沙田 飛機場,,,,,,助手,,踱步,H,飛機場 踱步 (助手)
H380,02/03/2024,游水,沙田,,沙田,,,,,,,,游水,,
H380,02/03/2024,踱步,沙田,內圈,沙田 內圈,,,,,,助手,,快踱一圈,H,內圈 快踱一圈 (助手)
H380,01/03/2024,游水,沙田,,沙田,,,,,,,,游水,,
H380,01/03/2024,快操,沙田,全天候,沙田 全天候,,55.5,55.5,30.4 25.1,,助手,,包裝必勝,H,30.4 25.1 (55.5) (助手) 包裝必勝
H380,01/03/2024,踱步,沙田,飛機場,沙田 飛機場,,,,,,助手,,踱步,H,飛機場 踱步 (助手)
H380,29/02/2024,游水,沙田,,沙田,,,,,,,,游水,,
H380,28/02/2024,游水,沙田,,沙田,,,,,,,,游水,,
H380,28/02/2024,踱步,沙田,內圈,沙田 內圈,,,,,,助手,,快踱一圈,H,內圈 快踱一圈 (助手)
H380,27/02/2024,游水,沙田,,沙田,,,,,,,,游水,,
H380,27/02/2024,踱步,沙田,內圈,沙田 內圈,,,,,,助手,,快踱一圈,H,內圈 快踱一圈 (助手)
H380,26/02/2024,游水,沙田,,沙田,,,,,,,,游水,,
H380,26/02/2024,踱步,沙田,內圈,沙田 內圈,,,,,,助手,,倒快兩圈,H,內圈 倒快兩圈 (助手)
H380,25/02/2024,游水,沙田,,沙田,,,,,,,,游水,,
H380,24/02/2024,游水,沙田,,沙田,,,,,,,,游水,,
H380,24/02/2024,踱步,沙田,內圈,沙田 內圈,,,,,,助手,,快踱一圈,H,內圈 快踱一圈 (助手)
H380,23/02/2024,游水,沙田,,沙田,,,,,,,,游水,,
H380,23/02/2024,踱步,沙田,飛機場,沙田 飛機場,,,,,,助手,,踱步,H,飛機場 踱步 (助手)
H380,22/02/2024,試閘,沙田,全天候,沙田 全天候,1200M,1.10.34,70.34,24.7 23.0 22.6,喜蓮勇感,希威森,,第1組,B,第1組 (希威森) 1200M 喜蓮勇感 24.7 23.0 22.6 (1.10.34)
H380,21/02/2024,游水,沙田,,沙田,,,,,,,,游水,,
H380,21/02/2024,踱步,沙田,內圈,沙田 內圈,,,,,,助手,,快踱一圈,H,內圈 快踱一圈 (助手)
H380,20/02/2024,游水,沙田,,沙田,,,,,,,,游水,,
H380,20/02/2024,踱步,沙田,內圈,沙田 內圈,,,,,,助手,,快踱一圈,H,內圈 快踱一圈 (助手)
H380,19/02/2024,游水,沙田,,沙田,,,,,,,,游水,,
H380,19/02/2024,快操,沙田,全天候,沙田 全天候,,54.9,54.9,30.5 24.4,,助手,,快操,H,30.5 24.4 (54.9) (助手)
H380,19/02/2024,踱步,沙田,飛機場,沙田 飛機場,,,,,,助手,,踱步,H,飛機場 踱步 (助手)
H380,18/02/2024,游水,沙田,,沙田,,,,,,,,游水,,
H380,17/02/2024,游水,沙田,,沙田,,,,,,,,游水,,
H380,17/02/2024,踱步,沙田,內圈,沙田 內圈,,,,,,助手,,快踱一圈,H,內圈 快踱一圈 (助手)
H380,16/02/2024,游水,沙田,,沙田,,,,,,,,游水,,
H380,16/02/2024,快操,沙田,全天候,沙田 全天候,,55.8,55.8,30.6 25.2,,助手,,快操,H,30.6 25.2 (55.8) (助手)
H380,16/02/2024,踱步,沙田,飛機場,沙田 飛機場,,,,,,助手,,踱步,H,飛機場 踱步 (助手)
H380,15/02/2024,游水,沙田,,沙田,,,,,,,,游水,,
H380,15/02/2024,踱步,沙田,內圈,沙田 內圈,,,,,,助手,,倒快兩圈,H,內圈 倒快兩圈 (助手)
H380,14/02/2024,游水,沙田,,沙田,,,,,,,,游水,,
H380,14/02/2024,踱步,沙田,內圈,沙田 內圈,,,,,,助手,,快踱一圈,H,內圈 快踱一圈 (助手)
H380,13/02/2024,游水,沙田,,沙田,,,,,,,,游水,,
H380,13/02/2024,快操,沙田,全天候,沙田 全天候,,1.00.3,60.3,31.8 28.5,,助手,,快操,H,31.8 28.5 (1.00.3) (助手)
H380,13/02/2024,踱步,沙田,飛機場,沙田 飛機場,,,,,,助手,,踱步,H,飛機場 踱步 (助手)
H380,12/02/2024,游水,沙田,,沙田,,,,,,,,游水,,
H380,12/02/2024,踱步,沙田,內圈,沙田 內圈,,,,,,助手,,倒快兩圈,H,內圈 倒快兩圈 (助手)
H380,11/02/2024,游水,沙田,,沙田,,,,,,,,游水,,
H380,11/02/2024,踱步,沙田,內圈,沙田 內圈,,,,,,助手,,快踱一圈,H,內圈 快踱一圈 (助手)
H380,09/02/2024,游水,沙田,,沙田,,,,,,,,游水,,
H380,09/02/2024,踱步,沙田,內圈,沙田 內圈,,,,,,助手,,快踱一圈,H,內圈 快踱一圈 (助手)
H380,08/02/2024,游水,沙田,,沙田,,,,,,,,游水,,
H380,08/02/2024,踱步,沙田,內圈,沙田 內圈,,,,,,助手,,倒快一圈,H,內圈 倒快一圈 (助手)
H380,07/02/2024,游水,沙田,,沙田,,,,,,,,游水,,
H380,07/02/2024,踱步,沙田,飛機場,沙田 飛機場,,,,,,助手,,踱步,H,飛機場 踱步 (助手)
H380,06/02/2024,游水,沙田,,沙田,,,,,,,,游水,,
H380,04/02/2024,出賽,沙田,草地,沙田 草地,1600M,,,,,巴米高,4/9,出賽,B,1600M (巴米高) (4/9)
H380,04/02/2024,踱步,沙田,飛機場,沙田 飛機場,,,,,,助手,,踱步,H,飛機場 踱步 (助手)
H380,03/02/2024,游水,沙田,,沙田,,,,,,,,游水,,
H380,03/02/2024,踱步,沙田,內圈,沙田 內圈,,,,,,助手,,快踱一圈,H,內圈 快踱一圈 (助手)
H380,02/02/2024,游水,沙田,,沙田,,,,,,,,游水,,
H380,02/02/2024,快操,沙田,全天候,沙田 全天候,,54.5,54.5,29.7 24.8,,助手,,快操,H,29.7 24.8 (54.5) (助手)
H380,02/02/2024,踱步,沙田,飛機場,沙田 飛機場,,,,,,助手,,踱步,H,飛機場 踱步 (助手)
H380,01/02/2024,游水,沙田,,沙田,,,,,,,,游水,,
H380,01/02/2024,踱步,沙田,內圈,沙田 內圈,,,,,,助手,,倒快兩圈,H,內圈 倒快兩圈 (助手)
H380,31/01/2024,游水,沙田,,沙田,,,,,,,,游水,,
H380,31/01/2024,踱步,沙田,內圈,沙田 內圈,,,,,,助手,,快踱一圈,H,內圈 快踱一圈 (助手)
H380,30/01/2024,游水,沙田,,沙田,,,,,,,,游水,,
H380,30/01/2024,快操,沙田,草地,沙田 草地,,1.22.1,82.1,29.2 29.9 23.0,,助手,,禪勝輝煌,B,29.2 29.9 23.0 (1.22.1) (助手) 禪勝輝煌
H380,29/01/2024,游水,沙田,,沙田,,,,,,,,游水,,
H380,29/01/2024,踱步,沙田,內圈,沙田 內圈,,,,,,助手,,倒快兩圈,H,內圈 倒快兩圈 (助手)
H380,28/01/2024,游水,沙田,,沙田,,,,,,,,游水,,
H380,27/01/2024,游水,沙田,,沙田,,,,,,,,游水,,
H380,27/01/2024,踱步,沙田,內圈,沙田 內圈,,,,,,助手,,快踱一圈,H,內圈 快踱一圈 (助手)
H380,26/01/2024,游水,沙田,,沙田,,,,,,,,游水,,
H380,26/01/2024,快操,沙田,全天候,沙田 全天候,,56.1,56.1,30.0 26.1,,助手,,快操,H,30.0 26.1 (56.1) (助手)
H380,26/01/2024,踱步,沙田,飛機場,沙田 飛機場,,,,,,助手,,踱步,H,飛機場 踱步 (助手)
H380,25/01/2024,游水,沙田,,沙田,,,,,,,,游水,,
H380,25/01/2024,踱步,沙田,內圈,沙田 內圈,,,,,,助手,,倒快兩圈,H,內圈 倒快兩圈 (助手)
H380,24/01/2024,游水,沙田,,沙田,,,,,,,,游水,,
H380,24/01/2024,踱步,沙田,內圈,沙田 內圈,,,,,,助手,,快踱一圈,H,內圈 快踱一圈 (助手)
H380,23/01/2024,游水,沙田,,沙田,,,,,,,,游水,,
H380,23/01/2024,快操,沙田,全天候,沙田 全天候,,57.9,57.9,30.7 27.2,,何澤堯,,快操,H,30.7 27.2 (57.9) (何澤堯)
H380,22/01/2024,游水,沙田,,沙田,,,,,,,,游水,,
H380,22/01/2024,踱步,沙田,內圈,沙田 內圈,,,,,,助手,,倒快兩圈,H,內圈 倒快兩圈 (助手)
H380,21/01/2024,游水,沙田,,沙田,,,,,,,,游水,,
H380,20/01/2024,游水,沙田,,沙田,,,,,,,,游水,,
H380,20/01/2024,快操,沙田,全天候,沙田 全天候,,59.8,59.8,32.0 27.8,,助手,,快操,H,32.0 27.8 (59.8) (助手)
H380,20/01/2024,踱步,沙田,飛機場,沙田 飛機場,,,,,,助手,,踱步,H,飛機場 踱步 (助手)
H380,19/01/2024,游水,沙田,,沙田,,,,,,,,游水,,
H380,19/01/2024,踱步,沙田,內圈,沙田 內圈,,,,,,助手,,快踱一圈,H,內圈 快踱一圈 (助手)
H380,18/01/2024,游水,沙田,,沙田,,,,,,,,游水,,
H380,18/01/2024,踱步,沙田,內圈,沙田 內圈,,,,,,助手,,倒快兩圈,H,內圈 倒快兩圈 (助手)
H380,17/01/2024,游水,沙田,,沙田,,,,,,,,游水,,
H380,17/01/2024,踱步,沙田,內圈,沙田 內圈,,,,,,助手,,快踱一圈,H,內圈 快踱一圈 (助手)
H380,16/01/2024,游水,沙田,,沙田,,,,,,,,游水,,
H380,16/01/2024,踱步,沙田,飛機場,沙田 飛機場,,,,,,助手,,踱步,H,飛機場 踱步 (助手)
H380,15/01/2024,游水,沙田,,沙田,,,,,,,,游水,,
H380,13/01/2024,出賽,沙田,草地,沙田 草地,1600M,,,,,何澤堯,5/14,出賽,B,1600M (何澤堯) (5/14)
H380,13/01/2024,踱步,沙田,飛機場,沙田 飛機場,,,,,,助手,,踱步,H,飛機場 踱步 (助手)
H380,12/01/2024,游水,沙田,,沙田,,,,,,,,游水,,
H380,12/01/2024,踱步,沙田,內圈,沙田 內圈,,,,,,助手,,快踱一圈,H,內圈 快踱一圈 (助手)
H380,11/01/2024,游水,沙田,,沙田,,,,,,,,游水,,
H380,11/01/2024,快操,沙田,全天候,沙田 全天候,,59.0,59.0,30.4 28.6,,何澤堯,,快操,H,30.4 28.6 (59.0) (何澤堯)
H380,10/01/2024,游水,沙田,,沙田,,,,,,,,游水,,
H380,10/01/2024,踱步,沙田,內圈,沙田 內圈,,,,,,助手,,快踱一圈,H,內圈 快踱一圈 (助手)
H380,09/01/2024,游水,沙田,,沙田,,,,,,,,游水,,
H380,09/01/2024,踱步,沙田,內圈,沙田 內圈,,,,,,助手,,快踱一圈,H,內圈 快踱一圈 (助手)
H380,08/01/2024,游水,沙田,,沙田,,,,,,,,游水,,
H380,08/01/2024,快操,沙田,全天候,沙田 全天候,,55.3,55.3,29.6 25.7,,助手,,快操,H,29.6 25.7 (55.3) (助手)
H380,08/01/2024,踱步,沙田,飛機場,沙田 飛機場,,,,,,助手,,踱步,H,飛機場 踱步 (助手)
H380,07/01/2024,游水,沙田,,沙田,,,,,,,,游水,,
H380,06/01/2024,游水,沙田,,沙田,,,,,,,,游水,,
H380,06/01/2024,踱步,沙田,內圈,沙田 內圈,,,,,,助手,,快踱一圈,H,內圈 快踱一圈 (助手)
H380,05/01/2024,游水,沙田,,沙田,,,,,,,,游水,,
H380,05/01/2024,踱步,沙田,內圈,沙田 內圈,,,,,,助手,,快踱一圈,H,內圈 快踱一圈 (助手)
H380,04/01/2024,游水,沙田,,沙田,,,,,,,,游水,,
H380,04/01/2024,踱步,沙田,內圈,沙田 內圈,,,,,,助手,,倒快一圈,H,內圈 倒快一圈 (助手)
H380,03/01/2024,游水,沙田,,沙田,,,,,,,,游水,,
H380,03/01/2024,踱步,沙田,飛機場,沙田 飛機場,,,,,,助手,,踱步,H,飛機場 踱步 (助手)
H380,02/01/2024,試閘,沙田,全天候,沙田 全天候,1200M,1.10.22,70.22,24.1 22.3 23.8,有鴻利,何澤堯,,第2組,B,第2組 (何澤堯) 1200M 有鴻利 24.1 22.3 23.8 (1.10.22)
H380,01/01/2024,游水,沙田,,沙田,,,,,,,,游水,,
H380,01/01/2024,踱步,沙田,內圈,沙田 內圈,,,,,,助手,,倒快兩圈,H,內圈 倒快兩圈 (助手)
H380,31/12/2023,游水,沙田,,沙田,,,,,,,,游水,,
H380,31/12/2023,踱步,沙田,飛機場,沙田 飛機場,,,,,,助手,,踱步,H,飛機場 踱步 (助手)
H380,30/12/2023,游水,沙田,,沙田,,,,,,,,游水,,
H380,30/12/2023,踱步,沙田,內圈,沙田 內圈,,,,,,助手,,快踱一圈,H,內圈 快踱一圈 (助手)
H380,29/12/2023,游水,沙田,,沙田,,,,,,,,游水,,
H380,29/12/2023,快操,沙田,全天候,沙田 全天候,,56.0,56.0,33.7 22.3,,助手,,快操,H,33.7 22.3 (56.0) (助手)
H380,29/12/2023,踱步,沙田,飛機場,沙田 飛機場,,,,,,助手,,踱步,H,飛機場 踱步 (助手)
H380,28/12/2023,游水,沙田,,沙田,,,,,,,,游水,,
H380,28/12/2023,踱步,沙田,內圈,沙田 內圈,,,,,,助手,,倒快一圈,H,內圈 倒快一圈 (助手)
H380,27/12/2023,游水,沙田,,沙田,,,,,,,,游水,,
H380,27/12/2023,踱步,沙田,內圈,沙田 內圈,,,,,,助手,,快踱一圈,H,內圈 快踱一圈 (助手)
H380,26/12/2023,游水,沙田,,沙田,,,,,,,,游水,,
H380,26/12/2023,快操,沙田,全天候,沙田 全天候,,56.8,56.8,30.7 26.1,,助手,,快操,H,30.7 26.1 (56.8) (助手)
H380,26/12/2023,踱步,沙田,飛機場,沙田 飛機場,,,,,,助手,,踱步,H,飛機場 踱步 (助手)
H380,25/12/2023,游水,沙田,,沙田,,,,,,,,游水,,
H380,25/12/2023,踱步,沙田,內圈,沙田 內圈,,,,,,助手,,倒快兩圈,H,內圈 倒快兩圈 (助手)
H380,24/12/2023,游水,沙田,,沙田,,,,,,,,游水,,
H380,23/12/2023,游水,沙田,,沙田,,,,,,,,游水,,
H380,23/12/2023,踱步,沙田,內圈,沙田 內圈,,,,,,助手,,快踱一圈,H,內圈 快踱一圈 (助手)
H380,22/12/2023,游水,沙田,,沙田,,,,,,,,游水,,
H380,22/12/2023,踱步,沙田,內圈,沙田 內圈,,,,,,助手,,快踱一圈,H,內圈 快踱一圈 (助手)
H380,21/12/2023,游水,沙田,,沙田,,,,,,,,游水,,
H380,21/12/2023,踱步,沙田,內圈,沙田 內圈,,,,,,助手,,倒快一圈,H,內圈 倒快一圈 (助手)
H380,20/12/2023,游水,沙田,,沙田,,,,,,,,游水,,
H380,20/12/2023,踱步,沙田,飛機場,沙田 飛機場,,,,,,助手,,踱步,H,飛機場 踱步 (助手)
H380,19/12/2023,游水,沙田,,沙田,,,,,,,,游水,,
H380,17/12/2023,出賽,沙田,草地,沙田 草地,1600M,,,,,麥道朗,1/14,出賽,B1,1600M (麥道朗) (1/14)
H380,17/12/2023,踱步,沙田,飛機場,沙田 飛機場,,,,,,助手,,踱步,H,飛機場 踱步 (助手)
H380,16/12/2023,游水,沙田,,沙田,,,,,,,,游水,,
H380,16/12/2023,踱步,沙田,內圈,沙田 內圈,,,,,,助手,,快踱一圈,H,內圈 快踱一圈 (助手)
H380,15/12/2023,游水,沙田,,沙田,,,,,,,,游水,,
H380,15/12/2023,踱步,沙田,內圈,沙田 內圈,,,,,,助手,,快踱一圈,H,內圈 快踱一圈 (助手)
H380,14/12/2023,游水,沙田,,沙田,,,,,,,,游水,,
H380,14/12/2023,快操,沙田,全天候,沙田 全天候,,56.3,56.3,29.1 27.2,,麥道朗,,快操,H,29.1 27.2 (56.3) (麥道朗)
H380,13/12/2023,游水,沙田,,沙田,,,,,,,,游水,,
H380,13/12/2023,踱步,沙田,內圈,沙田 內圈,,,,,,助手,,快踱一圈,H,內圈 快踱一圈 (助手)
H380,12/12/2023,游水,沙田,,沙田,,,,,,,,游水,,
H380,12/12/2023,踱步,沙田,內圈,沙田 內圈,,,,,,助手,,快踱一圈,H,內圈 快踱一圈 (助手)
H380,11/12/2023,游水,沙田,,沙田,,,,,,,,游水,,
H380,11/12/2023,快操,沙田,草閘,沙田 草閘,,50.5,50.5,26.1 24.4,,麥道朗,,迎樂,B,26.1 24.4 (50.5) (麥道朗) 迎樂
H380,10/12/2023,游水,沙田,,沙田,,,,,,,,游水,,
H380,10/12/2023,踱步,沙田,飛機場,沙田 飛機場,,,,,,助手,,踱步,H,飛機場 踱步 (助手)
H380,09/12/2023,游水,沙田,,沙田,,,,,,,,游水,,
H380,09/12/2023,踱步,沙田,內圈,沙田 內圈,,,,,,助手,,快踱一圈,H,內圈 快踱一圈 (助手)
H380,08/12/2023,游水,沙田,,沙田,,,,,,,,游水,,
H380,08/12/2023,踱步,沙田,內圈,沙田 內圈,,,,,,助手,,快踱一圈,H,內圈 快踱一圈 (助手)
H380,07/12/2023,游水,沙田,,沙田,,,,,,,,游水,,
H380,07/12/2023,快操,沙田,全天候,沙田 全天候,,58.0,58.0,32.1 25.9,,助手,,快操,H,32.1 25.9 (58.0) (助手)
H380,07/12/2023,踱步,沙田,飛機場,沙田 飛機場,,,,,,助手,,踱步,H,飛機場 踱步 (助手)
H380,06/12/2023,游水,沙田,,沙田,,,,,,,,游水,,
H380,06/12/2023,踱步,沙田,內圈,沙田 內圈,,,,,,助手,,快踱一圈,H,內圈 快踱一圈 (助手)
H380,05/12/2023,游水,沙田,,沙田,,,,,,,,游水,,
H380,05/12/2023,踱步,沙田,內圈,沙田 內圈,,,,,,助手,,快踱一圈,H,內圈 快踱一圈 (助手)
H380,04/12/2023,游水,沙田,,沙田,,,,,,,,游水,,
H380,04/12/2023,快操,沙田,全天候,沙田 全天候,,55.5,55.5,29.9 25.6,,助手,,快操,H,29.9 25.6 (55.5) (助手)
H380,03/12/2023,游水,沙田,,沙田,,,,,,,,游水,,
H380,02/12/2023,游水,沙田,,沙田,,,,,,,,游水,,
H380,01/12/2023,游水,沙田,,沙田,,,,,,,,游水,,
H380,01/12/2023,踱步,沙田,內圈,沙田 內圈,,,,,,助手,,快踱一圈,H,內圈 快踱一圈 (助手)
H380,30/11/2023,游水,沙田,,沙田,,,,,,,,游水,,
H380,30/11/2023,踱步,沙田,內圈,沙田 內圈,,,,,,助手,,倒快一圈,H,內圈 倒快一圈 (助手)
H380,29/11/2023,游水,沙田,,沙田,,,,,,,,游水,,
H380,29/11/2023,踱步,沙田,飛機場,沙田 飛機場,,,,,,助手,,踱步,H,飛機場 踱步 (助手)
H380,28/11/2023,游水,沙田,,沙田,,,,,,,,游水,,
H380,26/11/2023,出賽,沙田,草地,沙田 草地,1600M,,,,,艾兆禮,12/14,出賽,,1600M (艾兆禮) (12/14)
H380,26/11/2023,游水,沙田,,沙田,,,,,,,,游水,,
H380,26/11/2023,踱步,沙田,飛機場,沙田 飛機場,,,,,,助手,,踱步,H,飛機場 踱步 (助手)
H380,25/11/2023,游水,沙田,,沙田,,,,,,,,游水,,
H380,25/11/2023,踱步,沙田,內圈,沙田 內圈,,,,,,助手,,快踱一圈,H,內圈 快踱一圈 (助手)
H380,24/11/2023,游水,沙田,,沙田,,,,,,,,游水,,
H380,24/11/2023,踱步,沙田,內圈,沙田 內圈,,,,,,助手,,快踱一圈,H,內圈 快踱一圈 (助手)
H380,23/11/2023,游水,沙田,,沙田,,,,,,,,游水,,
H380,23/11/2023,快操,沙田,全天候,沙田 全天候,,54.7,54.7,28.8 25.9,,艾兆禮,,快操,H,28.8 25.9 (54.7) (艾兆禮)
H380,22/11/2023,游水,沙田,,沙田,,,,,,,,游水,,
H380,22/11/2023,踱步,沙田,內圈,沙田 內圈,,,,,,助手,,快踱一圈,H,內圈 快踱一圈 (助手)
H380,21/11/2023,游水,沙田,,沙田,,,,,,,,游水,,
H380,21/11/2023,踱步,沙田,內圈,沙田 內圈,,,,,,助手,,快踱一圈,H,內圈 快踱一圈 (助手)
H380,20/11/2023,游水,沙田,,沙田,,,,,,,,游水,,
H380,20/11/2023,快操,沙田,全天候,沙田 全天候,,55.9,55.9,29.8 26.1,,助手,,金發盛世,H,29.8 26.1 (55.9) (助手) 金發盛世
H380,20/11/2023,踱步,沙田,飛機場,沙田 飛機場,,,,,,助手,,踱步,H,飛機場 踱步 (助手)
H380,19/11/2023,游水,沙田,,沙田,,,,,,,,游水,,
H380,18/11/2023,游水,沙田,,沙田,,,,,,,,游水,,
H380,18/11/2023,踱步,沙田,內圈,沙田 內圈,,,,,,助手,,快踱一圈,H,內圈 快踱一圈 (助手)
H380,17/11/2023,游水,沙田,,沙田,,,,,,,,游水,,
H380,17/11/2023,踱步,沙田,內圈,沙田 內圈,,,,,,助手,,快踱一圈,H,內圈 快踱一圈 (助手)
H380,16/11/2023,游水,沙田,,沙田,,,,,,,,游水,,
H380,16/11/2023,踱步,沙田,內圈,沙田 內圈,,,,,,助手,,倒快兩圈,H,內圈 倒快兩圈 (助手)
H380,15/11/2023,游水,沙田,,沙田,,,,,,,,游水,,
H380,15/11/2023,踱步,沙田,內圈,沙田 內圈,,,,,,助手,,快踱一圈,H,內圈 快踱一圈 (助手)
H380,14/11/2023,游水,沙田,,沙田,,,,,,,,游水,,
H380,13/11/2023,游水,沙田,,沙田,,,,,,,,游水,,
H380,11/11/2023,出賽,沙田,草地,沙田 草地,1600M,,,,,希威森,5/12,出賽,,1600M (希威森) (5/12)
H380,11/11/2023,踱步,沙田,飛機場,沙田 飛機場,,,,,,助手,,踱步,H,飛機場 踱步 (助手)
H380,10/11/2023,游水,沙田,,沙田,,,,,,,,游水,,
H380,10/11/2023,踱步,沙田,內圈,沙田 內圈,,,,,,助手,,快踱一圈,H,內圈 快踱一圈 (助手)
H380,09/11/2023,游水,沙田,,沙田,,,,,,,,游水,,
H380,09/11/2023,快操,沙田,全天候,沙田 全天候,,55.9,55.9,29.7 26.2,,希威森,,快操,H,29.7 26.2 (55.9) (希威森)
H380,08/11/2023,游水,沙田,,沙田,,,,,,,,游水,,
H380,08/11/2023,踱步,沙田,內圈,沙田 內圈,,,,,,助手,,快踱一圈,H,內圈 快踱一圈 (助手)
H380,07/11/2023,游水,沙田,,沙田,,,,,,,,游水,,
H380,07/11/2023,踱步,沙田,內圈,沙田 內圈,,,,,,助手,,快踱一圈,H,內圈 快踱一圈 (助手)
H380,06/11/2023,游水,沙田,,沙田,,,,,,,,游水,,
H380,06/11/2023,快操,沙田,草地,沙田 草地,,50.3,50.3,26.9 23.4,,希威森,,"好勁力, 博望坡",H,"26.9 23.4 (50.3) (希威森) 好勁力, 博望坡"
H380,05/11/2023,游水,沙田,,沙田,,,,,,,,游水,,
H380,04/11/2023,游水,沙田,,沙田,,,,,,,,游水,,
H380,04/11/2023,踱步,沙田,內圈,沙田 內圈,,,,,,助手,,快踱一圈,H,內圈 快踱一圈 (助手)
H380,03/11/2023,游水,沙田,,沙田,,,,,,,,游水,,
H380,03/11/2023,快操,沙田,全天候,沙田 全天候,,53.3,53.3,29.1 24.2,,希威森,,快操,H,29.1 24.2 (53.3) (希威森)
H380,02/11/2023,游水,沙田,,沙田,,,,,,,,游水,,
H380,02/11/2023,踱步,沙田,內圈,沙田 內圈,,,,,,助手,,倒快兩圈,H,內圈 倒快兩圈 (助手)
H380,01/11/2023,游水,沙田,,沙田,,,,,,,,游水,,
H380,01/11/2023,踱步,沙田,內圈,沙田 內圈,,,,,,助手,,快踱一圈,H,內圈 快踱一圈 (助手)
H380,31/10/2023,游水,沙田,,沙田,,,,,,,,游水,,
H380,31/10/2023,快操,沙田,全天候,沙田 全天候,,55.8,55.8,29.6 26.2,,希威森,,快操,H,29.6 26.2 (55.8) (希威森)
H380,30/10/2023,游水,沙田,,沙田,,,,,,,,游水,,
H380,30/10/2023,踱步,沙田,內圈,沙田 內圈,,,,,,助手,,倒快兩圈,H,內圈 倒快兩圈 (助手)
H380,29/10/2023,游水,沙田,,沙田,,,,,,,,游水,,
H380,28/10/2023,游水,沙田,,沙田,,,,,,,,游水,,
H380,28/10/2023,踱步,沙田,內圈,沙田 內圈,,,,,,助手,,快踱一圈,H,內圈 快踱一圈 (助手)
H380,27/10/2023,游水,沙田,,沙田,,,,,,,,游水,,
H380,27/10/2023,快操,沙田,全天候,沙田 全天候,,55.9,55.9,30.2 25.7,,助手,,快操,H,30.2 25.7 (55.9) (助手)
H380,27/10/2023,踱步,沙田,飛機場,沙田 飛機場,,,,,,助手,,踱步,H,飛機場 踱步 (助手)
H380,26/10/2023,游水,沙田,,沙田,,,,,,,,游水,,
H380,26/10/2023,踱步,沙田,內圈,沙田 內圈,,,,,,助手,,倒快兩圈,H,內圈 倒快兩圈 (助手)
H380,25/10/2023,游水,沙田,,沙田,,,,,,,,游水,,
H380,25/10/2023,踱步,沙田,內圈,沙田 內圈,,,,,,助手,,快踱一圈,H,內圈 快踱一圈 (助手)
H380,24/10/2023,游水,沙田,,沙田,,,,,,,,游水,,
H380,24/10/2023,快操,沙田,全天候,沙田 全天候,,57.2,57.2,31.2 26.0,,希威森,,快操,H,31.2 26.0 (57.2) (希威森)
H380,23/10/2023,游水,沙田,,沙田,,,,,,,,游水,,
H380,23/10/2023,踱步,沙田,內圈,沙田 內圈,,,,,,助手,,倒快一圈,H,內圈 倒快一圈 (助手)
H380,22/10/2023,游水,沙田,,沙田,,,,,,,,游水,,
H380,21/10/2023,游水,沙田,,沙田,,,,,,,,游水,,
H380,21/10/2023,踱步,沙田,內圈,沙田 內圈,,,,,,助手,,快踱一圈,H,內圈 快踱一圈 (助手)
H380,20/10/2023,游水,沙田,,沙田,,,,,,,,游水,,
H380,20/10/2023,踱步,沙田,內圈,沙田 內圈,,,,,,助手,,快踱一圈,H,內圈 快踱一圈 (助手)
H380,19/10/2023,游水,沙田,,沙田,,,,,,,,游水,,
H380,19/10/2023,踱步,沙田,內圈,沙田 內圈,,,,,,助手,,倒快一圈,H,內圈 倒快一圈 (助手)
H380,18/10/2023,游水,沙田,,沙田,,,,,,,,游水,,
H380,17/10/2023,試閘,沙田,草地,沙田 草地,1600M,1.39.28,99.28,24.3 24.3 27.5 23.1,銀皇興標,希威森,,第7組,,第7組 (希威森) 1600M 銀皇興標 24.3 24.3 27.5 23.1 (1.39.28)
H380,16/10/2023,游水,沙田,,沙田,,,,,,,,游水,,
H380,16/10/2023,踱步,沙田,內圈,沙田 內圈,,,,,,助手,,倒快一圈,H,內圈 倒快一圈 (助手)
H380,15/10/2023,游水,沙田,,沙田,,,,,,,,游水,,
H380,14/10/2023,游水,沙田,,沙田,,,,,,,,游水,,
H380,14/10/2023,踱步,沙田,內圈,沙田 內圈,,,,,,助手,,快踱一圈,H,內圈 快踱一圈 (助手)
H380,13/10/2023,游水,沙田,,沙田,,,,,,,,游水,,
H380,13/10/2023,快操,沙田,全天候,沙田 全天候,,1.00.6,60.6,33.0 27.6,,助手,,快操,H,33.0 27.6 (1.00.6) (助手)
H380,13/10/2023,踱步,沙田,飛機場,沙田 飛機場,,,,,,助手,,踱步,H,飛機場 踱步 (助手)
H380,12/10/2023,游水,沙田,,沙田,,,,,,,,游水,,
H380,12/10/2023,踱步,沙田,內圈,沙田 內圈,,,,,,助手,,倒快兩圈,H,內圈 倒快兩圈 (助手)
H380,11/10/2023,游水,沙田,,沙田,,,,,,,,游水,,
H380,11/10/2023,踱步,沙田,內圈,沙田 內圈,,,,,,助手,,快踱一圈,H,內圈 快踱一圈 (助手)
H380,10/10/2023,游水,沙田,,沙田,,,,,,,,游水,,
H380,10/10/2023,踱步,沙田,內圈,沙田 內圈,,,,,,助手,,快踱一圈,H,內圈 快踱一圈 (助手)
H380,09/10/2023,游水,沙田,,沙田,,,,,,,,游水,,
H380,08/10/2023,游水,沙田,,沙田,,,,,,,,游水,,
H380,07/10/2023,游水,沙田,,沙田,,,,,,,,游水,,
H380,07/10/2023,踱步,沙田,內圈,沙田 內圈,,,,,,助手,,快踱一圈,H,內圈 快踱一圈 (助手)
H380,06/10/2023,游水,沙田,,沙田,,,,,,,,游水,,
H380,05/10/2023,快操,從化,全天候,從化 全天候,,53.7,53.7,28.1 25.6,,助手,,快操,H,28.1 25.6 (53.7) (助手)
H380,05/10/2023,踱步,從化,飛機場,從化 飛機場,,,,,,助手,,踱步,H,飛機場 踱步 (助手)
H380,04/10/2023,游水,從化,,從化,,,,,,,,游水,,
H380,04/10/2023,踱步,從化,內圈,從化 內圈,,,,,,助手,,快踱一圈,H,內圈 快踱一圈 (助手)
H380,03/10/2023,游水,從化,,從化,,,,,,,,游水,,
H380,03/10/2023,踱步,從化,內圈,從化 內圈,,,,,,助手,,快踱一圈,H,內圈 快踱一圈 (助手)
H380,02/10/2023,游水,從化,,從化,,,,,,,,游水,,
H380,02/10/2023,踱步,從化,內圈,從化 內圈,,,,,,助手,,倒快一圈,H,內圈 倒快一圈 (助手)
H380,01/10/2023,游水,從化,,從化,,,,,,,,游水,,
H380,30/09/2023,游水,從化,,從化,,,,,,,,游水,,
H380,30/09/2023,踱步,從化,內圈,從化 內圈,,,,,,助手,,快踱一圈,H,內圈 快踱一圈 (助手)
H380,29/09/2023,游水,從化,,從化,,,,,,,,游水,,
H380,29/09/2023,踱步,從化,飛機場,從化 飛機場,,,,,,助手,,踱步,H,飛機場 踱步 (助手)
H380,28/09/2023,試閘,從化,草地,從化 草地,1200M,1.13.25,73.25,26.6 23.6 23.0,勁速威龍,查本楠,,第6組,,第6組 (查本楠) 1200M 勁速威龍 26.6 23.6 23.0 (1.13.25)
H380,28/09/2023,游水,從化,,從化,,,,,,,,游水,,
H380,28/09/2023,踱步,從化,飛機場,從化 飛機場,,,,,,助手,,踱步,,飛機場 踱步 (助手)
H380,27/09/2023,游水,從化,,從化,,,,,,,,游水,,
H380,27/09/2023,踱步,從化,內圈,從化 內圈,,,,,,助手,,快踱一圈,H/XB,內圈 快踱一圈 (助手)
H380,26/09/2023,游水,從化,,從化,,,,,,,,游水,,
H380,26/09/2023,踱步,從化,內圈,從化 內圈,,,,,,助手,,快踱一圈,H/XB,內圈 快踱一圈 (助手)
H380,25/09/2023,游水,從化,,從化,,,,,,,,游水,,
H380,25/09/2023,快操,從化,全天候,從化 全天候,,54.9,54.9,29.7 25.2,,助手,,快操,H,29.7 25.2 (54.9) (助手)
H380,25/09/2023,踱步,從化,飛機場,從化 飛機場,,,,,,助手,,踱步,H,飛機場 踱步 (助手)
H380,24/09/2023,游水,從化,,從化,,,,,,,,游水,,
H380,23/09/2023,游水,從化,,從化,,,,,,,,游水,,
H380,23/09/2023,踱步,從化,內圈,從化 內圈,,,,,,助手,,快踱一圈,H/XB,內圈 快踱一圈 (助手)
H380,22/09/2023,游水,從化,,從化,,,,,,,,游水,,
H380,22/09/2023,踱步,從化,內圈,從化 內圈,,,,,,助手,,快踱一圈,H/XB,內圈 快踱一圈 (助手)
H380,21/09/2023,游水,從化,,從化,,,,,,,,游水,,
H380,21/09/2023,快操,從化,全天候,從化 全天候,,55.9,55.9,29.9 26.0,,助手,,快操,H/XB,29.9 26.0 (55.9) (助手)
H380,21/09/2023,踱步,從化,飛機場,從化 飛機場,,,,,,助手,,踱步,H/XB,飛機場 踱步 (助手)
H380,20/09/2023,游水,從化,,從化,,,,,,,,游水,,
H380,20/09/2023,踱步,從化,內圈,從化 內圈,,,,,,助手,,快踱一圈,H/XB,內圈 快踱一圈 (助手)
H380,19/09/2023,游水,從化,,從化,,,,,,,,游水,,
H380,19/09/2023,踱步,從化,內圈,從化 內圈,,,,,,助手,,快踱一圈,H/XB,內圈 快踱一圈 (助手)
H380,18/09/2023,游水,從化,,從化,,,,,,,,游水,,
H380,18/09/2023,快操,從化,全天候,從化 全天候,,56.0,56.0,29.7 26.3,,助手,,快操,H/XB,29.7 26.3 (56.0) (助手)
H380,18/09/2023,踱步,從化,飛機場,從化 飛機場,,,,,,助手,,踱步,H/XB,飛機場 踱步 (助手)
H380,17/09/2023,游水,從化,,從化,,,,,,,,游水,,
H380,16/09/2023,游水,從化,,從化,,,,,,,,游水,,
H380,16/09/2023,踱步,從化,內圈,從化 內圈,,,,,,助手,,快踱一圈,H/XB,內圈 快踱一圈 (助手)
H380,15/09/2023,游水,從化,,從化,,,,,,,,游水,,
H380,15/09/2023,踱步,從化,內圈,從化 內圈,,,,,,助手,,快踱一圈,H/XB,內圈 快踱一圈 (助手)
H380,14/09/2023,游水,從化,,從化,,,,,,,,游水,,
H380,14/09/2023,快操,從化,全天候,從化 全天候,,57.3,57.3,29.5 27.8,,助手,,快操,H/XB,29.5 27.8 (57.3) (助手)
H380,14/09/2023,踱步,從化,飛機場,從化 飛機場,,,,,,助手,,踱步,H/XB,飛機場 踱步 (助手)
H380,13/09/2023,游水,從化,,從化,,,,,,,,游水,,
H380,13/09/2023,踱步,從化,內圈,從化 內圈,,,,,,助手,,快踱一圈,H/XB,內圈 快踱一圈 (助手)
H380,12/09/2023,游水,從化,,從化,,,,,,,,游水,,
H380,12/09/2023,踱步,從化,內圈,從化 內圈,,,,,,助手,,快踱一圈,H/XB,內圈 快踱一圈 (助手)
H380,11/09/2023,游水,從化,,從化,,,,,,,,游水,,
H380,11/09/2023,踱步,從化,內圈,從化 內圈,,,,,,助手,,倒快一圈,H/XB,內圈 倒快一圈 (助手)
H380,10/09/2023,游水,從化,,從化,,,,,,,,游水,,
H380,09/09/2023,游水,從化,,從化,,,,,,,,游水,,
H380,09/09/2023,踱步,從化,內圈,從化 內圈,,,,,,助手,,快踱一圈,H/XB,內圈 快踱一圈 (助手)
H380,08/09/2023,游水,從化,,從化,,,,,,,,游水,,
H380,08/09/2023,踱步,從化,飛機場,從化 飛機場,,,,,,助手,,踱步,H/XB,飛機場 踱步 (助手)
H380,07/09/2023,試閘,從化,草地,從化 草地,1200M,1.12.88,72.88,26.4 22.8 23.6,堅又威,查本楠,,第6組,XB,第6組 (查本楠) 1200M 堅又威 26.4 22.8 23.6 (1.12.88)
H380,07/09/2023,游水,從化,,從化,,,,,,,,游水,,
H380,07/09/2023,踱步,從化,飛機場,從化 飛機場,,,,,,助手,,踱步,,飛機場 踱步 (助手)
H380,06/09/2023,游水,從化,,從化,,,,,,,,游水,,
H380,06/09/2023,踱步,從化,內圈,從化 內圈,,,,,,助手,,快踱一圈,H/XB,內圈 快踱一圈 (助手)
H380,05/09/2023,游水,從化,,從化,,,,,,,,游水,,
H380,05/09/2023,踱步,從化,內圈,從化 內圈,,,,,,助手,,快踱一圈,H/XB,內圈 快踱一圈 (助手)
H380,04/09/2023,游水,從化,,從化,,,,,,,,游水,,
H380,04/09/2023,快操,從化,全天候,從化 全天候,,56.1,56.1,30.7 25.4,,助手,,快操,H/XB,30.7 25.4 (56.1) (助手)
H380,04/09/2023,踱步,從化,飛機場,從化 飛機場,,,,,,助手,,踱步,H/XB,飛機場 踱步 (助手)
H380,03/09/2023,游水,從化,,從化,,,,,,,,游水,,
H380,02/09/2023,游水,從化,,從化,,,,,,,,游水,,
H380,02/09/2023,踱步,從化,內圈,從化 內圈,,,,,,助手,,快踱一圈,H/XB,內圈 快踱一圈 (助手)
H380,01/09/2023,游水,從化,,從化,,,,,,,,游水,,
H380,01/09/2023,踱步,從化,內圈,從化 內圈,,,,,,助手,,快踱一圈,H/XB,內圈 快踱一圈 (助手)
H380,31/08/2023,游水,從化,,從化,,,,,,,,游水,,
H380,31/08/2023,快操,從化,全天候,從化 全天候,,56.7,56.7,29.9 26.8,,助手,,快操,H/XB,29.9 26.8 (56.7) (助手)
H380,31/08/2023,踱步,從化,飛機場,從化 飛機場,,,,,,助手,,踱步,H/XB,飛機場 踱步 (助手)
H380,30/08/2023,游水,從化,,從化,,,,,,,,游水,,
H380,30/08/2023,踱步,從化,內圈,從化 內圈,,,,,,助手,,快踱一圈,H/XB,內圈 快踱一圈 (助手)
H380,29/08/2023,游水,從化,,從化,,,,,,,,游水,,
H380,29/08/2023,踱步,從化,內圈,從化 內圈,,,,,,助手,,快踱一圈,H,內圈 快踱一圈 (助手)
H380,28/08/2023,游水,從化,,從化,,,,,,,,游水,,
H380,28/08/2023,快操,從化,全天候,從化 全天候,,56.4,56.4,31.0 25.4,,助手,,快操,H,31.0 25.4 (56.4) (助手)
H380,28/08/2023,踱步,從化,飛機場,從化 飛機場,,,,,,助手,,踱步,H,飛機場 踱步 (助手)
H380,27/08/2023,游水,從化,,從化,,,,,,,,游水,,
H380,26/08/2023,游水,從化,,從化,,,,,,,,游水,,
H380,26/08/2023,踱步,從化,內圈,從化 內圈,,,,,,助手,,快踱一圈,H/XB,內圈 快踱一圈 (助手)
H380,25/08/2023,游水,從化,,從化,,,,,,,,游水,,
H380,25/08/2023,踱步,從化,內圈,從化 內圈,,,,,,助手,,快踱一圈,H,內圈 快踱一圈 (助手)
H380,24/08/2023,游水,從化,,從化,,,,,,,,游水,,
H380,24/08/2023,快操,從化,全天候,從化 全天候,,54.0,54.0,27.8 26.2,,助手,,快操,H,27.8 26.2 (54.0) (助手)
H380,24/08/2023,踱步,從化,飛機場,從化 飛機場,,,,,,助手,,踱步,H,飛機場 踱步 (助手)
H380,23/08/2023,游水,從化,,從化,,,,,,,,游水,,
H380,23/08/2023,踱步,從化,內圈,從化 內圈,,,,,,助手,,快踱一圈,H/XB,內圈 快踱一圈 (助手)
H380,22/08/2023,游水,從化,,從化,,,,,,,,游水,,
H380,22/08/2023,踱步,從化,內圈,從化 內圈,,,,,,助手,,快踱一圈,H,內圈 快踱一圈 (助手)
H380,21/08/2023,游水,從化,,從化,,,,,,,,游水,,
H380,21/08/2023,快操,從化,全天候,從化 全天候,,56.3,56.3,30.0 26.3,,助手,,快操,H,30.0 26.3 (56.3) (助手)
H380,21/08/2023,踱步,從化,飛機場,從化 飛機場,,,,,,助手,,踱步,H,飛機場 踱步 (助手)
H380,20/08/2023,游水,從化,,從化,,,,,,,,游水,,
H380,19/08/2023,游水,從化,,從化,,,,,,,,游水,,
H380,19/08/2023,踱步,從化,內圈,從化 內圈,,,,,,助手,,快踱一圈,H,內圈 快踱一圈 (助手)
H380,18/08/2023,游水,從化,,從化,,,,,,,,游水,,
H380,18/08/2023,快操,從化,全天候,從化 全天候,,55.9,55.9,30.4 25.5,,助手,,快操,H/XB,30.4 25.5 (55.9) (助手)
H380,18/08/2023,踱步,從化,飛機場,從化 飛機場,,,,,,助手,,踱步,H/XB,飛機場 踱步 (助手)
H380,17/08/2023,游水,從化,,從化,,,,,,,,游水,,
H380,17/08/2023,踱步,從化,內圈,從化 內圈,,,,,,助手,,倒快一圈,H/XB,內圈 倒快一圈 (助手)
H380,16/08/2023,游水,從化,,從化,,,,,,,,游水,,
H380,16/08/2023,踱步,從化,內圈,從化 內圈,,,,,,副練馬師,,快踱一圈,H,內圈 快踱一圈 (副練馬師)
H380,15/08/2023,游水,從化,,從化,,,,,,,,游水,,
H380,15/08/2023,快操,從化,全天候,從化 全天候,,56.0,56.0,30.2 25.8,,助手,,快操,H,30.2 25.8 (56.0) (助手)
H380,15/08/2023,踱步,從化,飛機場,從化 飛機場,,,,,,助手,,踱步,H,飛機場 踱步 (助手)
H380,14/08/2023,游水,從化,,從化,,,,,,,,游水,,
H380,14/08/2023,踱步,從化,內圈,從化 內圈,,,,,,助手,,倒快一圈,H,內圈 倒快一圈 (助手)
H380,13/08/2023,游水,從化,,從化,,,,,,,,游水,,
H380,12/08/2023,游水,從化,,從化,,,,,,,,游水,,
H380,12/08/2023,踱步,從化,內圈,從化 內圈,,,,,,助手,,快踱一圈,H/XB,內圈 快踱一圈 (助手)
H380,11/08/2023,游水,從化,,從化,,,,,,,,游水,,
H380,11/08/2023,快操,從化,全天候,從化 全天候,,28.4,28.4,28.4,,助手,,快操,H/XB,28.4 (28.4) (助手)
H380,11/08/2023,踱步,從化,飛機場,從化 飛機場,,,,,,助手,,踱步,H/XB,飛機場 踱步 (助手)
H380,10/08/2023,游水,從化,,從化,,,,,,,,游水,,
H380,10/08/2023,踱步,從化,內圈,從化 內圈,,,,,,助手,,倒快一圈,H/XB,內圈 倒快一圈 (助手)
H380,09/08/2023,游水,從化,,從化,,,,,,,,游水,,
H380,09/08/2023,踱步,從化,內圈,從化 內圈,,,,,,助手,,快踱一圈,H/XB,內圈 快踱一圈 (助手)
H380,08/08/2023,游水,從化,,從化,,,,,,,,游水,,
H380,08/08/2023,快操,從化,全天候,從化 全天候,,29.1,29.1,29.1,,助手,,快操,H/XB,29.1 (29.1) (助手)
H380,08/08/2023,踱步,從化,飛機場,從化 飛機場,,,,,,助手,,踱步,H/XB,飛機場 踱步 (助手)
H380,07/08/2023,游水,從化,,從化,,,,,,,,游水,,
H380,07/08/2023,踱步,從化,內圈,從化 內圈,,,,,,助手,,倒快一圈,H/XB,內圈 倒快一圈 (助手)
H380,06/08/2023,游水,從化,,從化,,,,,,,,游水,,
H380,05/08/2023,游水,從化,,從化,,,,,,,,游水,,
H380,05/08/2023,踱步,從化,內圈,從化 內圈,,,,,,助手,,快踱一圈,H,內圈 快踱一圈 (助手)
H380,04/08/2023,游水,從化,,從化,,,,,,,,游水,,
H380,04/08/2023,踱步,從化,內圈,從化 內圈,,,,,,助手,,快踱一圈,H,內圈 快踱一圈 (助手)
H380,03/08/2023,游水,從化,,從化,,,,,,,,游水,,
H380,03/08/2023,踱步,從化,內圈,從化 內圈,,,,,,助手,,倒快一圈,H,內圈 倒快一圈 (助手)
H380,02/08/2023,游水,從化,,從化,,,,,,,,游水,,
H380,02/08/2023,踱步,從化,內圈,從化 內圈,,,,,,助手,,快踱一圈,H,內圈 快踱一圈 (助手)
H380,01/08/2023,游水,從化,,從化,,,,,,,,游水,,
H380,01/08/2023,踱步,從化,內圈,從化 內圈,,,,,,助手,,快踱一圈,H,內圈 快踱一圈 (助手)
H380,31/07/2023,游水,從化,,從化,,,,,,,,游水,,
H380,31/07/2023,踱步,從化,內圈,從化 內圈,,,,,,助手,,倒快一圈,H,內圈 倒快一圈 (助手)
H380,29/07/2023,踱步,從化,內圈,從化 內圈,,,,,,助手,,快踱一圈,H,內圈 快踱一圈 (助手)
H380,28/07/2023,踱步,從化,內圈,從化 內圈,,,,,,助手,,快踱一圈,H,內圈 快踱一圈 (助手)
H380,27/07/2023,踱步,從化,內圈,從化 內圈,,,,,,助手,,倒快一圈,H,內圈 倒快一圈 (助手)
H380,26/07/2023,踱步,從化,內圈,從化 內圈,,,,,,助手,,快踱一圈,H,內圈 快踱一圈 (助手)
H380,25/07/2023,踱步,從化,內圈,從化 內圈,,,,,,助手,,快踱一圈,H,內圈 快踱一圈 (助手)
H380,24/07/2023,踱步,從化,內圈,從化 內圈,,,,,,助手,,快踱一圈,H,內圈 快踱一圈 (助手)
H380,23/07/2023,踱步,從化,飛機場,從化 飛機場,,,,,,助手,,踱步,H,飛機場 踱步 (助手)
H380,22/07/2023,踱步,從化,飛機場,從化 飛機場,,,,,,助手,,踱步,H,飛機場 踱步 (助手)
H380,21/07/2023,踱步,從化,飛機場,從化 飛機場,,,,,,助手,,踱步,H,飛機場 踱步 (助手)
H380,20/07/2023,踱步,從化,飛機場,從化 飛機場,,,,,,助手,,踱步,H,飛機場 踱步 (助手)
H380,19/07/2023,踱步,從化,飛機場,從化 飛機場,,,,,,助手,,踱步,H,飛機場 踱步 (助手)
H380,18/07/2023,踱步,從化,飛機場,從化 飛機場,,,,,,助手,,踱步,,飛機場 踱步 (助手)
H380,17/07/2023,踱步,從化,飛機場,從化 飛機場,,,,,,助手,,踱步,,飛機場 踱步 (助手)
H380,15/07/2023,踱步,從化,飛機場,從化 飛機場,,,,,,助手,,踱步,H,飛機場 踱步 (助手)
H380,14/07/2023,游水,從化,,從化,,,,,,,,游水,,
H380,14/07/2023,踱步,從化,內圈,從化 內圈,,,,,,助手,,快踱一圈,H,內圈 快踱一圈 (助手)
H380,13/07/2023,游水,從化,,從化,,,,,,,,游水,,
H380,13/07/2023,踱步,從化,內圈,從化 內圈,,,,,,助手,,倒快一圈,H,內圈 倒快一圈 (助手)
H380,12/07/2023,游水,從化,,從化,,,,,,,,游水,,
H380,12/07/2023,踱步,從化,內圈,從化 內圈,,,,,,助手,,快踱一圈,H,內圈 快踱一圈 (助手)
H380,11/07/2023,游水,從化,,從化,,,,,,,,游水,,
H380,11/07/2023,踱步,從化,內圈,從化 內圈,,,,,,助手,,快踱一圈,H,內圈 快踱一圈 (助手)
H380,10/07/2023,游水,從化,,從化,,,,,,,,游水,,
H380,10/07/2023,踱步,從化,內圈,從化 內圈,,,,,,助手,,倒快一圈,H,內圈 倒快一圈 (助手)
H380,09/07/2023,游水,從化,,從化,,,,,,,,游水,,
H380,08/07/2023,游水,從化,,從化,,,,,,,,游水,,
H380,08/07/2023,踱步,從化,內圈,從化 內圈,,,,,,助手,,快踱一圈,H,內圈 快踱一圈 (助手)
H380,07/07/2023,游水,從化,,從化,,,,,,,,游水,,
H380,07/07/2023,踱步,從化,內圈,從化 內圈,,,,,,助手,,快踱一圈,H,內圈 快踱一圈 (助手)
H380,06/07/2023,游水,從化,,從化,,,,,,,,游水,,
H380,06/07/2023,快操,從化,全天候,從化 全天候,,55.9,55.9,29.9 26.0,,助手,,快操,H,29.9 26.0 (55.9) (助手)
H380,06/07/2023,踱步,從化,飛機場,從化 飛機場,,,,,,助手,,踱步,H,飛機場 踱步 (助手)
H380,05/07/2023,游水,從化,,從化,,,,,,,,游水,,
H380,05/07/2023,踱步,從化,內圈,從化 內圈,,,,,,助手,,快踱一圈,H,內圈 快踱一圈 (助手)
H380,04/07/2023,游水,從化,,從化,,,,,,,,游水,,
H380,04/07/2023,踱步,從化,內圈,從化 內圈,,,,,,助手,,快踱一圈,H,內圈 快踱一圈 (助手)
H380,03/07/2023,游水,從化,,從化,,,,,,,,游水,,
H380,03/07/2023,快操,從化,全天候,從化 全天候,,57.2,57.2,31.1 26.1,,助手,,快操,H,31.1 26.1 (57.2) (助手)
H380,03/07/2023,踱步,從化,飛機場,從化 飛機場,,,,,,助手,,踱步,H,飛機場 踱步 (助手)
H380,02/07/2023,游水,從化,,從化,,,,,,,,游水,,
H380,01/07/2023,游水,從化,,從化,,,,,,,,游水,,
H380,01/07/2023,踱步,從化,內圈,從化 內圈,,,,,,助手,,快踱一圈,H,內圈 快踱一圈 (助手)
H380,30/06/2023,游水,從化,,從化,,,,,,,,游水,,
H380,30/06/2023,踱步,從化,內圈,從化 內圈,,,,,,助手,,快踱一圈,H,內圈 快踱一圈 (助手)
H380,29/06/2023,游水,從化,,從化,,,,,,,,游水,,
H380,29/06/2023,快操,從化,全天候,從化 全天候,,56.4,56.4,29.6 26.8,,助手,,快操,H,29.6 26.8 (56.4) (助手)
H380,29/06/2023,踱步,從化,飛機場,從化 飛機場,,,,,,助手,,踱步,H,飛機場 踱步 (助手)
H380,28/06/2023,游水,從化,,從化,,,,,,,,游水,,
H380,28/06/2023,踱步,從化,內圈,從化 內圈,,,,,,助手,,快踱一圈,H,內圈 快踱一圈 (助手)
H380,27/06/2023,游水,從化,,從化,,,,,,,,游水,,
H380,27/06/2023,踱步,從化,內圈,從化 內圈,,,,,,助手,,快踱一圈,H,內圈 快踱一圈 (助手)
H380,26/06/2023,游水,從化,,從化,,,,,,,,游水,,
H380,26/06/2023,快操,從化,全天候,從化 全天候,,57.5,57.5,31.8 25.7,,助手,,快操,H,31.8 25.7 (57.5) (助手)
H380,26/06/2023,踱步,從化,飛機場,從化 飛機場,,,,,,助手,,踱步,H,飛機場 踱步 (助手)
H380,25/06/2023,游水,從化,,從化,,,,,,,,游水,,
H380,24/06/2023,游水,從化,,從化,,,,,,,,游水,,
H380,24/06/2023,踱步,從化,內圈,從化 內圈,,,,,,助手,,快踱一圈,H,內圈 快踱一圈 (助手)
H380,23/06/2023,游水,從化,,從化,,,,,,,,游水,,
H380,23/06/2023,踱步,從化,內圈,從化 內圈,,,,,,助手,,快踱一圈,H,內圈 快踱一圈 (助手)
H380,22/06/2023,游水,從化,,從化,,,,,,,,游水,,
H380,22/06/2023,快操,從化,全天候,從化 全天候,,55.4,55.4,29.9 25.5,,助手,,快操,H,29.9 25.5 (55.4) (助手)
H380,22/06/2023,踱步,從化,飛機場,從化 飛機場,,,,,,助手,,踱步,H,飛機場 踱步 (助手)
H380,21/06/2023,游水,從化,,從化,,,,,,,,游水,,
H380,21/06/2023,踱步,從化,內圈,從化 內圈,,,,,,助手,,快踱一圈,H,內圈 快踱一圈 (助手)
H380,20/06/2023,游水,從化,,從化,,,,,,,,游水,,
H380,20/06/2023,踱步,從化,內圈,從化 內圈,,,,,,助手,,快踱一圈,H,內圈 快踱一圈 (助手)
H380,19/06/2023,游水,從化,,從化,,,,,,,,游水,,
H380,19/06/2023,快操,從化,全天候,從化 全天候,,56.9,56.9,30.4 26.5,,助手,,快操,H,30.4 26.5 (56.9) (助手)
H380,19/06/2023,踱步,從化,飛機場,從化 飛機場,,,,,,助手,,踱步,H,飛機場 踱步 (助手)
H380,18/06/2023,游水,從化,,從化,,,,,,,,游水,,
H380,17/06/2023,游水,從化,,從化,,,,,,,,游水,,
H380,17/06/2023,踱步,從化,內圈,從化 內圈,,,,,,助手,,快踱一圈,H,內圈 快踱一圈 (助手)
H380,16/06/2023,游水,從化,,從化,,,,,,,,游水,,
H380,16/06/2023,踱步,從化,內圈,從化 內圈,,,,,,助手,,快踱一圈,H,內圈 快踱一圈 (助手)
H380,15/06/2023,游水,從化,,從化,,,,,,,,游水,,
H380,15/06/2023,快操,從化,全天候,從化 全天候,,57.2,57.2,30.9 26.3,,助手,,快操,H,30.9 26.3 (57.2) (助手)
H380,15/06/2023,踱步,從化,飛機場,從化 飛機場,,,,,,助手,,踱步,H,飛機場 踱步 (助手)
H380,14/06/2023,游水,從化,,從化,,,,,,,,游水,,
H380,14/06/2023,踱步,從化,內圈,從化 內圈,,,,,,助手,,快踱一圈,H,內圈 快踱一圈 (助手)
H380,13/06/2023,游水,從化,,從化,,,,,,,,游水,,
H380,13/06/2023,踱步,從化,內圈,從化 內圈,,,,,,助手,,快踱一圈,H,內圈 快踱一圈 (助手)
H380,12/06/2023,游水,從化,,從化,,,,,,,,游水,,
H380,12/06/2023,踱步,從化,內圈,從化 內圈,,,,,,助手,,倒快一圈,H,內圈 倒快一圈 (助手)
H380,11/06/2023,游水,從化,,從化,,,,,,,,游水,,
H380,10/06/2023,游水,從化,,從化,,,,,,,,游水,,
H380,10/06/2023,踱步,從化,內圈,從化 內圈,,,,,,助手,,快踱一圈,H,內圈 快踱一圈 (助手)
H380,09/06/2023,游水,從化,,從化,,,,,,,,游水,,
H380,09/06/2023,踱步,從化,飛機場,從化 飛機場,,,,,,助手,,踱步,H,飛機場 踱步 (助手)
H380,08/06/2023,試閘,從化,草地,從化 草地,800M,0.45.43,45.43,23.7 21.7,雅典武士,查本楠,,第1組,,第1組 (查本楠) 800M 雅典武士 23.7 21.7 (0.45.43)
H380,08/06/2023,踱步,從化,飛機場,從化 飛機場,,,,,,助手,,踱步,,飛機場 踱步 (助手)
H380,07/06/2023,游水,從化,,從化,,,,,,,,游水,,
H380,07/06/2023,踱步,從化,內圈,從化 內圈,,,,,,助手,,快踱一圈,H,內圈 快踱一圈 (助手)
H380,06/06/2023,游水,從化,,從化,,,,,,,,游水,,
H380,06/06/2023,踱步,從化,內圈,從化 內圈,,,,,,助手,,快踱一圈,H,內圈 快踱一圈 (助手)
H380,05/06/2023,游水,從化,,從化,,,,,,,,游水,,
H380,05/06/2023,快操,從化,全天候,從化 全天候,,55.6,55.6,29.1 26.5,,助手,,快操,H,29.1 26.5 (55.6) (助手)
H380,05/06/2023,踱步,從化,飛機場,從化 飛機場,,,,,,助手,,踱步,H,飛機場 踱步 (助手)
H380,04/06/2023,游水,從化,,從化,,,,,,,,游水,,
H380,03/06/2023,游水,從化,,從化,,,,,,,,游水,,
H380,03/06/2023,踱步,從化,內圈,從化 內圈,,,,,,助手,,快踱一圈,H,內圈 快踱一圈 (助手)
H380,02/06/2023,游水,從化,,從化,,,,,,,,游水,,
H380,02/06/2023,快操,從化,全天候,從化 全天候,,56.9,56.9,30.7 26.2,,助手,,快操,H,30.7 26.2 (56.9) (助手)
H380,02/06/2023,踱步,從化,飛機場,從化 飛機場,,,,,,助手,,踱步,H,飛機場 踱步 (助手)
H380,01/06/2023,游水,從化,,從化,,,,,,,,游水,,
H380,01/06/2023,踱步,從化,內圈,從化 內圈,,,,,,助手,,倒快一圈,H,內圈 倒快一圈 (助手)
H380,31/05/2023,游水,從化,,從化,,,,,,,,游水,,
H380,31/05/2023,踱步,從化,內圈,從化 內圈,,,,,,助手,,快踱一圈,H,內圈 快踱一圈 (助手)
H380,30/05/2023,游水,從化,,從化,,,,,,,,游水,,
H380,30/05/2023,快操,從化,全天候,從化 全天候,,56.6,56.6,30.7 25.9,,助手,,快操,H,30.7 25.9 (56.6) (助手)
H380,30/05/2023,踱步,從化,飛機場,從化 飛機場,,,,,,助手,,踱步,H,飛機場 踱步 (助手)
H380,29/05/2023,游水,從化,,從化,,,,,,,,游水,,
H380,29/05/2023,踱步,從化,內圈,從化 內圈,,,,,,助手,,倒快一圈,H,內圈 倒快一圈 (助手)
H380,28/05/2023,游水,從化,,從化,,,,,,,,游水,,
H380,27/05/2023,游水,從化,,從化,,,,,,,,游水,,
H380,27/05/2023,踱步,從化,內圈,從化 內圈,,,,,,助手,,快踱一圈,H,內圈 快踱一圈 (助手)
H380,26/05/2023,游水,從化,,從化,,,,,,,,游水,,
H380,26/05/2023,踱步,從化,內圈,從化 內圈,,,,,,助手,,快踱一圈,H,內圈 快踱一圈 (助手)
H380,25/05/2023,游水,從化,,從化,,,,,,,,游水,,
H380,25/05/2023,快操,從化,全天候,從化 全天候,,56.8,56.8,30.1 26.7,,助手,,快操,H,30.1 26.7 (56.8) (助手)
H380,25/05/2023,踱步,從化,飛機場,從化 飛機場,,,,,,助手,,踱步,H,飛機場 踱步 (助手)
H380,24/05/2023,游水,從化,,從化,,,,,,,,游水,,
H380,24/05/2023,踱步,從化,飛機場,從化 飛機場,,,,,,助手,,踱步,H,飛機場 踱步 (助手)
H380,23/05/2023,踱步,沙田,內圈,沙田 內圈,,,,,,助手,,快踱一圈,H,內圈 快踱一圈 (助手)
H380,22/05/2023,游水,沙田,,沙田,,,,,,,,游水,,
H380,22/05/2023,快操,沙田,全天候,沙田 全天候,,54.6,54.6,29.5 25.1,,助手,,快操,H,29.5 25.1 (54.6) (助手)
H380,22/05/2023,踱步,沙田,飛機場,沙田 飛機場,,,,,,助手,,踱步,H,飛機場 踱步 (助手)
H380,21/05/2023,游水,沙田,,沙田,,,,,,,,游水,,
H380,20/05/2023,游水,沙田,,沙田,,,,,,,,游水,,
H380,20/05/2023,踱步,沙田,內圈,沙田 內圈,,,,,,助手,,快踱一圈,H,內圈 快踱一圈 (助手)
H380,19/05/2023,游水,沙田,,沙田,,,,,,,,游水,,
H380,19/05/2023,踱步,沙田,內圈,沙田 內圈,,,,,,助手,,快踱一圈,H,內圈 快踱一圈 (助手)
H380,18/05/2023,游水,沙田,,沙田,,,,,,,,游水,,
H380,18/05/2023,快操,沙田,全天候,沙田 全天候,,54.4,54.4,28.8 25.6,,助手,,快操,H,28.8 25.6 (54.4) (助手)
H380,18/05/2023,踱步,沙田,飛機場,沙田 飛機場,,,,,,助手,,踱步,H,飛機場 踱步 (助手)
H380,17/05/2023,游水,沙田,,沙田,,,,,,,,游水,,
H380,17/05/2023,踱步,沙田,內圈,沙田 內圈,,,,,,助手,,快踱一圈,H,內圈 快踱一圈 (助手)
H380,16/05/2023,游水,沙田,,沙田,,,,,,,,游水,,
H380,16/05/2023,踱步,沙田,內圈,沙田 內圈,,,,,,助手,,快踱一圈,H,內圈 快踱一圈 (助手)
H380,15/05/2023,游水,沙田,,沙田,,,,,,,,游水,,
H380,15/05/2023,快操,沙田,全天候,沙田 全天候,,58.6,58.6,32.5 26.1,,助手,,風生水起,H,32.5 26.1 (58.6) (助手) 風生水起
H380,15/05/2023,踱步,沙田,飛機場,沙田 飛機場,,,,,,助手,,踱步,H,飛機場 踱步 (助手)
H380,14/05/2023,游水,沙田,,沙田,,,,,,,,游水,,
H380,13/05/2023,游水,沙田,,沙田,,,,,,,,游水,,
H380,13/05/2023,踱步,沙田,內圈,沙田 內圈,,,,,,助手,,快踱一圈,H,內圈 快踱一圈 (助手)
H380,12/05/2023,游水,沙田,,沙田,,,,,,,,游水,,
H380,12/05/2023,快操,沙田,全天候,沙田 全天候,,1.01.9,61.9,32.4 29.5,,助手,,快操,H,32.4 29.5 (1.01.9) (助手)
H380,11/05/2023,游水,沙田,,沙田,,,,,,,,游水,,
H380,10/05/2023,游水,沙田,,沙田,,,,,,,,游水,,
H380,10/05/2023,踱步,沙田,內圈,沙田 內圈,,,,,,助手,,快踱一圈,H,內圈 快踱一圈 (助手)
H380,09/05/2023,游水,沙田,,沙田,,,,,,,,游水,,
H380,09/05/2023,快操,沙田,全天候,沙田 全天候,,29.0,29.0,29.0,,助手,,風生水起,H,29.0 (29.0) (助手) 風生水起
H380,08/05/2023,游水,沙田,,沙田,,,,,,,,游水,,
H380,08/05/2023,踱步,沙田,內圈,沙田 內圈,,,,,,助手,,倒快兩圈,H,內圈 倒快兩圈 (助手)
H380,07/05/2023,游水,沙田,,沙田,,,,,,,,游水,,
H380,06/05/2023,游水,沙田,,沙田,,,,,,,,游水,,
H380,06/05/2023,踱步,沙田,內圈,沙田 內圈,,,,,,助手,,快踱一圈,H,內圈 快踱一圈 (助手)
H380,05/05/2023,游水,沙田,,沙田,,,,,,,,游水,,
H380,05/05/2023,快操,沙田,全天候,沙田 全天候,,27.1,27.1,27.1,,助手,,快操,H,27.1 (27.1) (助手)
H380,05/05/2023,踱步,沙田,飛機場,沙田 飛機場,,,,,,助手,,踱步,H,飛機場 踱步 (助手)
H380,04/05/2023,游水,沙田,,沙田,,,,,,,,游水,,
H380,04/05/2023,踱步,沙田,內圈,沙田 內圈,,,,,,助手,,倒快兩圈,,內圈 倒快兩圈 (助手)
H380,03/05/2023,游水,沙田,,沙田,,,,,,,,游水,,
H380,03/05/2023,踱步,沙田,內圈,沙田 內圈,,,,,,助手,,快踱一圈,H,內圈 快踱一圈 (助手)
H380,01/05/2023,踱步,沙田,內圈,沙田 內圈,,,,,,助手,,倒快兩圈,H,內圈 倒快兩圈 (助手)
H380,29/04/2023,踱步,沙田,內圈,沙田 內圈,,,,,,助手,,快踱一圈,H,內圈 快踱一圈 (助手)
H380,28/04/2023,踱步,沙田,內圈,沙田 內圈,,,,,,助手,,快踱一圈,H,內圈 快踱一圈 (助手)
H380,27/04/2023,踱步,沙田,內圈,沙田 內圈,,,,,,助手,,倒快兩圈,H,內圈 倒快兩圈 (助手)
H380,26/04/2023,踱步,沙田,內圈,沙田 內圈,,,,,,助手,,快踱一圈,H,內圈 快踱一圈 (助手)
H380,25/04/2023,踱步,沙田,內圈,沙田 內圈,,,,,,助手,,快踱一圈,H,內圈 快踱一圈 (助手)
H380,24/04/2023,踱步,沙田,內圈,沙田 內圈,,,,,,助手,,倒快兩圈,H,內圈 倒快兩圈 (助手)
H380,22/04/2023,踱步,沙田,內圈,沙田 內圈,,,,,,助手,,快踱一圈,H,內圈 快踱一圈 (助手)
H380,21/04/2023,踱步,沙田,內圈,沙田 內圈,,,,,,助手,,快踱一圈,H,內圈 快踱一圈 (助手)
H380,20/04/2023,踱步,沙田,內圈,沙田 內圈,,,,,,助手,,倒快兩圈,H,內圈 倒快兩圈 (助手)
H380,19/04/2023,踱步,沙田,內圈,沙田 內圈,,,,,,助手,,快踱一圈,H,內圈 快踱一圈 (助手)
H380,18/04/2023,踱步,沙田,內圈,沙田 內圈,,,,,,助手,,快踱一圈,H,內圈 快踱一圈 (助手)
H380,17/04/2023,踱步,沙田,內圈,沙田 內圈,,,,,,助手,,倒快兩圈,H,內圈 倒快兩圈 (助手)
H380,15/04/2023,踱步,沙田,內圈,沙田 內圈,,,,,,助手,,快踱一圈,H,內圈 快踱一圈 (助手)
H380,14/04/2023,踱步,沙田,內圈,沙田 內圈,,,,,,助手,,快踱一圈,H,內圈 快踱一圈 (助手)
H380,13/04/2023,踱步,沙田,內圈,沙田 內圈,,,,,,助手,,倒快兩圈,H,內圈 倒快兩圈 (助手)
H380,12/04/2023,踱步,沙田,飛機場,沙田 飛機場,,,,,,助手,,踱步,H,飛機場 踱步 (助手)
H380,10/04/2023,踱步,沙田,飛機場,沙田 飛機場,,,,,,助手,,踱步,H,飛機場 踱步 (助手)
H380,09/04/2023,踱步,沙田,飛機場,沙田 飛機場,,,,,,助手,,踱步,H,飛機場 踱步 (助手)
H380,08/04/2023,踱步,沙田,飛機場,沙田 飛機場,,,,,,助手,,踱步,H,飛機場 踱步 (助手)
H380,07/04/2023,踱步,沙田,飛機場,沙田 飛機場,,,,,,助手,,踱步,H,飛機場 踱步 (助手)
