horse_no,date,work_type,racecourse,track,venue,distance,time,time_sec,splits,partner,rider,placing,comment,gear,workout_details
H334,05/09/2026,踱步,沙田,內圈,沙田 內圈,,,,,,助手,,快踱一圈,,內圈 快踱一圈 (助手)
H334,04/09/2026,游水,沙田,,沙田,,,,,,,,游水,,
H334,04/09/2026,踱步,沙田,內圈,沙田 內圈,,,,,,助手,,快踱一圈,,內圈 快踱一圈 (助手)
H334,03/09/2026,游水,沙田,,沙田,,,,,,,,游水,,
H334,03/09/2026,快操,沙田,全天候,沙田 全天候,,56.2,56.2,30.1 26.1,,鍾易禮,,快操,B,30.1 26.1 (56.2) (鍾易禮)
H334,03/09/2026,踱步,沙田,飛機場,沙田 飛機場,,,,,,鍾易禮,,踱步,B,飛機場 踱步 (鍾易禮)
H334,02/09/2026,游水,沙田,,沙田,,,,,,,,游水,,
H334,02/09/2026,踱步,沙田,內圈,沙田 內圈,,,,,,助手,,快踱一圈,,內圈 快踱一圈 (助手)
H334,01/09/2026,游水,沙田,,沙田,,,,,,,,游水,,
H334,01/09/2026,踱步,沙田,內圈,沙田 內圈,,,,,,助手,,快踱一圈,,內圈 快踱一圈 (助手)
H334,31/08/2026,游水,沙田,,沙田,,,,,,,,游水,,
H334,31/08/2026,踱步,沙田,內圈,沙田 內圈,,,,,,助手,,倒快兩圈,,內圈 倒快兩圈 (助手)
H334,30/08/2026,游水,沙田,,沙田,,,,,,,,游水,,
H334,30/08/2026,踱步,沙田,內圈,沙田 內圈,,,,,,助手,,快踱一圈,,內圈 快踱一圈 (助手)
H334,29/08/2026,游水,沙田,,沙田,,,,,,,,游水,,
H334,29/08/2026,踱步,沙田,內圈,沙田 內圈,,,,,,助手,,快踱一圈,,內圈 快踱一圈 (助手)
H334,28/08/2026,游水,沙田,,沙田,,,,,,,,游水,,
H334,28/08/2026,踱步,沙田,內圈,沙田 內圈,,,,,,助手,,快踱一圈,,內圈 快踱一圈 (助手)
H334,27/08/2026,游水,沙田,,沙田,,,,,,,,游水,,
H334,27/08/2026,踱步,沙田,內圈,沙田 內圈,,,,,,助手,,倒快兩圈,,內圈 倒快兩圈 (助手)
H334,26/08/2026,游水,沙田,,沙田,,,,,,,,游水,,
H334,26/08/2026,踱步,沙田,內圈,沙田 內圈,,,,,,助手,,快踱一圈,,內圈 快踱一圈 (助手)
H334,25/08/2026,試閘,沙田,全天候,沙田 全天候,1200M,1.11.17,71.17,24.1 22.9 24.1,櫻花酒杯,鍾易禮,,第1組,B,第1組 (鍾易禮) 1200M 櫻花酒杯 24.1 22.9 24.1 (1.11.17)
H334,25/08/2026,游水,沙田,,沙田,,,,,,,,游水,,
H334,24/08/2026,游水,沙田,,沙田,,,,,,,,游水,,
H334,24/08/2026,踱步,沙田,內圈,沙田 內圈,,,,,,助手,,倒快兩圈,,內圈 倒快兩圈 (助手)
H334,23/08/2026,游水,沙田,,沙田,,,,,,,,游水,,
H334,23/08/2026,踱步,沙田,內圈,沙田 內圈,,,,,,助手,,快踱一圈,,內圈 快踱一圈 (助手)
H334,22/08/2026,游水,沙田,,沙田,,,,,,,,游水,,
H334,22/08/2026,快操,沙田,全天候,沙田 全天候,,54.0,54.0,28.8 25.2,,副練馬師,,快操,B,28.8 25.2 (54.0) (副練馬師)
H334,22/08/2026,踱步,沙田,飛機場,沙田 飛機場,,,,,,副練馬師,,踱步,B,飛機場 踱步 (副練馬師)
H334,21/08/2026,游水,沙田,,沙田,,,,,,,,游水,,
H334,21/08/2026,踱步,沙田,內圈,沙田 內圈,,,,,,助手,,快踱一圈,,內圈 快踱一圈 (助手)
H334,20/08/2026,游水,沙田,,沙田,,,,,,,,游水,,
H334,20/08/2026,踱步,沙田,內圈,沙田 內圈,,,,,,助手,,倒快兩圈,,內圈 倒快兩圈 (助手)
H334,19/08/2026,游水,沙田,,沙田,,,,,,,,游水,,
H334,19/08/2026,快操,沙田,全天候,沙田 全天候,,55.7,55.7,30.4 25.3,,副練馬師,,快操,B,30.4 25.3 (55.7) (副練馬師)
H334,19/08/2026,踱步,沙田,飛機場,沙田 飛機場,,,,,,助手,,踱步,B,飛機場 踱步 (助手)
H334,18/08/2026,游水,沙田,,沙田,,,,,,,,游水,,
H334,18/08/2026,踱步,沙田,內圈,沙田 內圈,,,,,,助手,,快踱一圈,,內圈 快踱一圈 (助手)
H334,17/08/2026,游水,沙田,,沙田,,,,,,,,游水,,
H334,17/08/2026,踱步,沙田,內圈,沙田 內圈,,,,,,助手,,倒快兩圈,,內圈 倒快兩圈 (助手)
H334,16/08/2026,游水,沙田,,沙田,,,,,,,,游水,,
H334,16/08/2026,踱步,沙田,內圈,沙田 內圈,,,,,,助手,,快踱一圈,,內圈 快踱一圈 (助手)
H334,15/08/2026,游水,沙田,,沙田,,,,,,,,游水,,
H334,15/08/2026,快操,沙田,全天候,沙田 全天候,,56.2,56.2,29.5 26.7,,助手,,快操,B,29.5 26.7 (56.2) (助手)
H334,15/08/2026,踱步,沙田,飛機場,沙田 飛機場,,,,,,助手,,踱步,B,飛機場 踱步 (助手)
H334,14/08/2026,游水,沙田,,沙田,,,,,,,,游水,,
H334,14/08/2026,踱步,沙田,內圈,沙田 內圈,,,,,,助手,,快踱一圈,,內圈 快踱一圈 (助手)
H334,13/08/2026,游水,沙田,,沙田,,,,,,,,游水,,
H334,13/08/2026,踱步,沙田,內圈,沙田 內圈,,,,,,助手,,倒快兩圈,,內圈 倒快兩圈 (助手)
H334,12/08/2026,游水,沙田,,沙田,,,,,,,,游水,,
H334,12/08/2026,快操,沙田,全天候,沙田 全天候,,1.01.4,61.4,32.6 28.8,,助手,,快操,B,32.6 28.8 (1.01.4) (助手)
H334,12/08/2026,踱步,沙田,飛機場,沙田 飛機場,,,,,,助手,,踱步,B,飛機場 踱步 (助手)
H334,11/08/2026,游水,沙田,,沙田,,,,,,,,游水,,
H334,11/08/2026,踱步,沙田,內圈,沙田 內圈,,,,,,助手,,快踱一圈,,內圈 快踱一圈 (助手)
H334,10/08/2026,游水,沙田,,沙田,,,,,,,,游水,,
H334,10/08/2026,踱步,沙田,內圈,沙田 內圈,,,,,,助手,,倒快兩圈,,內圈 倒快兩圈 (助手)
H334,09/08/2026,游水,沙田,,沙田,,,,,,,,游水,,
H334,09/08/2026,踱步,沙田,內圈,沙田 內圈,,,,,,助手,,快踱一圈,,內圈 快踱一圈 (助手)
H334,08/08/2026,游水,沙田,,沙田,,,,,,,,游水,,
H334,08/08/2026,快操,沙田,全天候,沙田 全天候,,1.01.3,61.3,33.2 28.1,,助手,,快操,B,33.2 28.1 (1.01.3) (助手)
H334,08/08/2026,踱步,沙田,飛機場,沙田 飛機場,,,,,,助手,,踱步,B,飛機場 踱步 (助手)
H334,07/08/2026,游水,從化,,從化,,,,,,,,游水,,
H334,07/08/2026,踱步,從化,內圈,從化 內圈,,,,,,助手,,快踱一圈,,內圈 快踱一圈 (助手)
H334,06/08/2026,游水,從化,,從化,,,,,,,,游水,,
H334,06/08/2026,踱步,從化,內圈,從化 內圈,,,,,,助手,,倒快兩圈,,內圈 倒快兩圈 (助手)
H334,05/08/2026,游水,從化,,從化,,,,,,,,游水,,
H334,05/08/2026,踱步,從化,內圈,從化 內圈,,,,,,助手,,快踱一圈,,內圈 快踱一圈 (助手)
H334,04/08/2026,游水,從化,,從化,,,,,,,,游水,,
H334,04/08/2026,踱步,從化,內圈,從化 內圈,,,,,,助手,,快踱一圈,,內圈 快踱一圈 (助手)
H334,03/08/2026,游水,從化,,從化,,,,,,,,游水,,
H334,03/08/2026,踱步,從化,內圈,從化 內圈,,,,,,助手,,倒快兩圈,,內圈 倒快兩圈 (助手)
H334,02/08/2026,游水,從化,,從化,,,,,,,,游水,,
H334,02/08/2026,踱步,從化,內圈,從化 內圈,,,,,,助手,,快踱一圈,,內圈 快踱一圈 (助手)
H334,01/08/2026,游水,從化,,從化,,,,,,,,游水,,
H334,01/08/2026,踱步,從化,內圈,從化 內圈,,,,,,助手,,快踱一圈,,內圈 快踱一圈 (助手)
H334,31/07/2026,踱步,從化,內圈,從化 內圈,,,,,,助手,,快踱一圈,,內圈 快踱一圈 (助手)
H334,30/07/2026,踱步,從化,內圈,從化 內圈,,,,,,助手,,快踱一圈,,內圈 快踱一圈 (助手)
H334,29/07/2026,踱步,從化,內圈,從化 內圈,,,,,,助手,,快踱一圈,,內圈 快踱一圈 (助手)
H334,28/07/2026,踱步,從化,內圈,從化 內圈,,,,,,助手,,快踱一圈,,內圈 快踱一圈 (助手)
H334,27/07/2026,踱步,從化,內圈,從化 內圈,,,,,,助手,,快踱一圈,,內圈 快踱一圈 (助手)
H334,07/07/2026,游水,沙田,,沙田,,,,,,,,游水,,
H334,07/07/2026,踱步,沙田,內圈,沙田 內圈,,,,,,助手,,快踱一圈,,內圈 快踱一圈 (助手)
H334,06/07/2026,游水,沙田,,沙田,,,,,,,,游水,,
H334,06/07/2026,踱步,沙田,內圈,沙田 內圈,,,,,,助手,,倒快兩圈,,內圈 倒快兩圈 (助手)
H334,05/07/2026,游水,沙田,,沙田,,,,,,,,游水,,
H334,05/07/2026,快操,沙田,全天候,沙田 全天候,,56.3,56.3,30.0 26.3,,助手,,快操,B,30.0 26.3 (56.3) (助手)
H334,05/07/2026,踱步,沙田,飛機場,沙田 飛機場,,,,,,助手,,踱步,B,飛機場 踱步 (助手)
H334,04/07/2026,游水,沙田,,沙田,,,,,,,,游水,,
H334,04/07/2026,踱步,沙田,內圈,沙田 內圈,,,,,,助手,,快踱一圈,,內圈 快踱一圈 (助手)
H334,03/07/2026,游水,沙田,,沙田,,,,,,,,游水,,
H334,03/07/2026,踱步,沙田,內圈,沙田 內圈,,,,,,助手,,快踱一圈,,內圈 快踱一圈 (助手)
H334,02/07/2026,游水,沙田,,沙田,,,,,,,,游水,,
H334,02/07/2026,踱步,沙田,內圈,沙田 內圈,,,,,,助手,,倒快兩圈,,內圈 倒快兩圈 (助手)
H334,01/07/2026,游水,沙田,,沙田,,,,,,,,游水,,
H334,01/07/2026,快操,沙田,全天候,沙田 全天候,,56.2,56.2,29.8 26.4,,助手,,快操,B,29.8 26.4 (56.2) (助手)
H334,01/07/2026,踱步,沙田,飛機場,沙田 飛機場,,,,,,助手,,踱步,B,飛機場 踱步 (助手)
H334,30/06/2026,游水,沙田,,沙田,,,,,,,,游水,,
H334,30/06/2026,踱步,沙田,內圈,沙田 內圈,,,,,,助手,,快踱一圈,,內圈 快踱一圈 (助手)
H334,29/06/2026,游水,沙田,,沙田,,,,,,,,游水,,
H334,29/06/2026,踱步,沙田,內圈,沙田 內圈,,,,,,助手,,倒快兩圈,,內圈 倒快兩圈 (助手)
H334,28/06/2026,游水,沙田,,沙田,,,,,,,,游水,,
H334,28/06/2026,踱步,沙田,內圈,沙田 內圈,,,,,,助手,,快踱一圈,,內圈 快踱一圈 (助手)
H334,27/06/2026,游水,沙田,,沙田,,,,,,,,游水,,
H334,27/06/2026,快操,沙田,全天候,沙田 全天候,,56.1,56.1,29.8 26.3,,助手,,快操,B,29.8 26.3 (56.1) (助手)
H334,27/06/2026,踱步,沙田,飛機場,沙田 飛機場,,,,,,助手,,踱步,B,飛機場 踱步 (助手)
H334,26/06/2026,游水,沙田,,沙田,,,,,,,,游水,,
H334,26/06/2026,踱步,沙田,內圈,沙田 內圈,,,,,,助手,,快踱一圈,,內圈 快踱一圈 (助手)
H334,25/06/2026,游水,沙田,,沙田,,,,,,,,游水,,
H334,25/06/2026,踱步,沙田,內圈,沙田 內圈,,,,,,助手,,倒快兩圈,,內圈 倒快兩圈 (助手)
H334,24/06/2026,游水,沙田,,沙田,,,,,,,,游水,,
H334,24/06/2026,快操,沙田,全天候,沙田 全天候,,56.0,56.0,30.5 25.5,,助手,,快操,B,30.5 25.5 (56.0) (助手)
H334,24/06/2026,踱步,沙田,飛機場,沙田 飛機場,,,,,,助手,,踱步,B,飛機場 踱步 (助手)
H334,23/06/2026,游水,沙田,,沙田,,,,,,,,游水,,
H334,23/06/2026,踱步,沙田,內圈,沙田 內圈,,,,,,助手,,快踱一圈,,內圈 快踱一圈 (助手)
H334,22/06/2026,游水,沙田,,沙田,,,,,,,,游水,,
H334,22/06/2026,踱步,沙田,內圈,沙田 內圈,,,,,,助手,,倒快兩圈,,內圈 倒快兩圈 (助手)
H334,21/06/2026,游水,沙田,,沙田,,,,,,,,游水,,
H334,21/06/2026,踱步,沙田,內圈,沙田 內圈,,,,,,助手,,快踱一圈,,內圈 快踱一圈 (助手)
H334,20/06/2026,游水,沙田,,沙田,,,,,,,,游水,,
H334,20/06/2026,踱步,沙田,內圈,沙田 內圈,,,,,,助手,,快踱一圈,,內圈 快踱一圈 (助手)
H334,19/06/2026,游水,沙田,,沙田,,,,,,,,游水,,
H334,19/06/2026,踱步,沙田,內圈,沙田 內圈,,,,,,助手,,快踱一圈,,內圈 快踱一圈 (助手)
H334,18/06/2026,游水,沙田,,沙田,,,,,,,,游水,,
H334,18/06/2026,踱步,沙田,內圈,沙田 內圈,,,,,,助手,,倒快兩圈,,內圈 倒快兩圈 (助手)
H334,16/06/2026,游水,沙田,,沙田,,,,,,,,游水,,
H334,16/06/2026,踱步,沙田,內圈,沙田 內圈,,,,,,助手,,快踱一圈,,內圈 快踱一圈 (助手)
H334,15/06/2026,游水,沙田,,沙田,,,,,,,,游水,,
H334,15/06/2026,踱步,沙田,內圈,沙田 內圈,,,,,,助手,,倒快兩圈,,內圈 倒快兩圈 (助手)
H334,14/06/2026,游水,沙田,,沙田,,,,,,,,游水,,
H334,13/06/2026,出賽,沙田,草地,沙田 草地,1400M,,,,,鍾易禮,14/14,出賽,B/TT,1400M (鍾易禮) (14/14)
H334,13/06/2026,游水,沙田,,沙田,,,,,,,,游水,,
H334,13/06/2026,踱步,沙田,內圈,沙田 內圈,,,,,,助手,,快踱一圈,,內圈 快踱一圈 (助手)
H334,12/06/2026,游水,沙田,,沙田,,,,,,,,游水,,
H334,12/06/2026,踱步,沙田,內圈,沙田 內圈,,,,,,助手,,快踱一圈,,內圈 快踱一圈 (助手)
H334,11/06/2026,游水,沙田,,沙田,,,,,,,,游水,,
H334,11/06/2026,踱步,沙田,內圈,沙田 內圈,,,,,,助手,,倒快兩圈,,內圈 倒快兩圈 (助手)
H334,10/06/2026,游水,沙田,,沙田,,,,,,,,游水,,
H334,10/06/2026,快操,沙田,全天候,沙田 全天候,,57.6,57.6,31.0 26.6,,助手,,快操,B,31.0 26.6 (57.6) (助手)
H334,10/06/2026,踱步,沙田,飛機場,沙田 飛機場,,,,,,助手,,踱步,B,飛機場 踱步 (助手)
H334,09/06/2026,游水,沙田,,沙田,,,,,,,,游水,,
H334,09/06/2026,踱步,沙田,內圈,沙田 內圈,,,,,,助手,,快踱一圈,,內圈 快踱一圈 (助手)
H334,08/06/2026,游水,沙田,,沙田,,,,,,,,游水,,
H334,08/06/2026,踱步,沙田,內圈,沙田 內圈,,,,,,助手,,倒快兩圈,,內圈 倒快兩圈 (助手)
H334,07/06/2026,游水,沙田,,沙田,,,,,,,,游水,,
H334,07/06/2026,踱步,沙田,內圈,沙田 內圈,,,,,,助手,,快踱一圈,,內圈 快踱一圈 (助手)
H334,06/06/2026,游水,沙田,,沙田,,,,,,,,游水,,
H334,06/06/2026,踱步,沙田,內圈,沙田 內圈,,,,,,助手,,快踱一圈,,內圈 快踱一圈 (助手)
H334,05/06/2026,游水,沙田,,沙田,,,,,,,,游水,,
H334,05/06/2026,踱步,沙田,內圈,沙田 內圈,,,,,,助手,,快踱一圈,,內圈 快踱一圈 (助手)
H334,04/06/2026,游水,沙田,,沙田,,,,,,,,游水,,
H334,04/06/2026,踱步,沙田,內圈,沙田 內圈,,,,,,助手,,倒快兩圈,,內圈 倒快兩圈 (助手)
H334,03/06/2026,游水,沙田,,沙田,,,,,,,,游水,,
H334,03/06/2026,踱步,沙田,內圈,沙田 內圈,,,,,,助手,,快踱一圈,,內圈 快踱一圈 (助手)
H334,02/06/2026,游水,沙田,,沙田,,,,,,,,游水,,
H334,02/06/2026,踱步,沙田,內圈,沙田 內圈,,,,,,助手,,快踱一圈,,內圈 快踱一圈 (助手)
H334,01/06/2026,游水,沙田,,沙田,,,,,,,,游水,,
H334,01/06/2026,踱步,沙田,內圈,沙田 內圈,,,,,,助手,,倒快兩圈,,內圈 倒快兩圈 (助手)
H334,31/05/2026,游水,沙田,,沙田,,,,,,,,游水,,
H334,31/05/2026,踱步,沙田,內圈,沙田 內圈,,,,,,助手,,快踱一圈,,內圈 快踱一圈 (助手)
H334,30/05/2026,游水,沙田,,沙田,,,,,,,,游水,,
H334,30/05/2026,踱步,沙田,內圈,沙田 內圈,,,,,,助手,,快踱一圈,,內圈 快踱一圈 (助手)
H334,29/05/2026,游水,沙田,,沙田,,,,,,,,游水,,
H334,29/05/2026,踱步,沙田,內圈,沙田 內圈,,,,,,助手,,快踱一圈,,內圈 快踱一圈 (助手)
H334,28/05/2026,游水,沙田,,沙田,,,,,,,,游水,,
H334,28/05/2026,踱步,沙田,內圈,沙田 內圈,,,,,,助手,,倒快兩圈,,內圈 倒快兩圈 (助手)
H334,27/05/2026,游水,沙田,,沙田,,,,,,,,游水,,
H334,27/05/2026,踱步,沙田,內圈,沙田 內圈,,,,,,助手,,快踱一圈,,內圈 快踱一圈 (助手)
H334,26/05/2026,試閘,沙田,草地,沙田 草地,1000M,0.57.59,57.59,13.8 21.4 22.3,㩒住贏,鍾易禮,,第1組,B,第1組 (鍾易禮) 1000M 㩒住贏 13.8 21.4 22.3 (0.57.59)
H334,26/05/2026,游水,沙田,,沙田,,,,,,,,游水,,
H334,25/05/2026,游水,沙田,,沙田,,,,,,,,游水,,
H334,25/05/2026,踱步,沙田,內圈,沙田 內圈,,,,,,助手,,倒快兩圈,,內圈 倒快兩圈 (助手)
H334,24/05/2026,游水,沙田,,沙田,,,,,,,,游水,,
H334,24/05/2026,踱步,沙田,內圈,沙田 內圈,,,,,,助手,,快踱一圈,,內圈 快踱一圈 (助手)
H334,23/05/2026,游水,沙田,,沙田,,,,,,,,游水,,
H334,23/05/2026,踱步,沙田,內圈,沙田 內圈,,,,,,助手,,快踱一圈,,內圈 快踱一圈 (助手)
H334,22/05/2026,游水,沙田,,沙田,,,,,,,,游水,,
H334,22/05/2026,踱步,沙田,內圈,沙田 內圈,,,,,,助手,,快踱一圈,,內圈 快踱一圈 (助手)
H334,21/05/2026,游水,沙田,,沙田,,,,,,,,游水,,
H334,21/05/2026,踱步,沙田,內圈,沙田 內圈,,,,,,助手,,倒快兩圈,,內圈 倒快兩圈 (助手)
H334,20/05/2026,游水,沙田,,沙田,,,,,,,,游水,,
H334,20/05/2026,踱步,沙田,內圈,沙田 內圈,,,,,,助手,,快踱一圈,,內圈 快踱一圈 (助手)
H334,19/05/2026,試閘,沙田,全天候,沙田 全天候,1200M,1.12.93,72.93,24.8 23.4 24.7,穿甲戰鷹,鍾易禮,,第2組,B,第2組 (鍾易禮) 1200M 穿甲戰鷹 24.8 23.4 24.7 (1.12.93)
H334,19/05/2026,游水,沙田,,沙田,,,,,,,,游水,,
H334,18/05/2026,游水,沙田,,沙田,,,,,,,,游水,,
H334,18/05/2026,踱步,沙田,內圈,沙田 內圈,,,,,,助手,,倒快兩圈,,內圈 倒快兩圈 (助手)
H334,17/05/2026,踱步,沙田,內圈,沙田 內圈,,,,,,助手,,快踱一圈,,內圈 快踱一圈 (助手)
H334,16/05/2026,游水,沙田,,沙田,,,,,,,,游水,,
H334,16/05/2026,快操,沙田,全天候,沙田 全天候,,56.5,56.5,30.1 26.4,,助手,,快操,B,30.1 26.4 (56.5) (助手)
H334,16/05/2026,踱步,沙田,飛機場,沙田 飛機場,,,,,,助手,,踱步,B,飛機場 踱步 (助手)
H334,15/05/2026,游水,沙田,,沙田,,,,,,,,游水,,
H334,15/05/2026,踱步,沙田,內圈,沙田 內圈,,,,,,助手,,快踱一圈,,內圈 快踱一圈 (助手)
H334,14/05/2026,游水,沙田,,沙田,,,,,,,,游水,,
H334,14/05/2026,踱步,沙田,內圈,沙田 內圈,,,,,,助手,,倒快兩圈,,內圈 倒快兩圈 (助手)
H334,13/05/2026,游水,沙田,,沙田,,,,,,,,游水,,
H334,13/05/2026,快操,沙田,全天候,沙田 全天候,,55.7,55.7,30.0 25.7,,助手,,快操,B,30.0 25.7 (55.7) (助手)
H334,13/05/2026,踱步,沙田,飛機場,沙田 飛機場,,,,,,助手,,踱步,B,飛機場 踱步 (助手)
H334,12/05/2026,游水,沙田,,沙田,,,,,,,,游水,,
H334,12/05/2026,踱步,沙田,內圈,沙田 內圈,,,,,,助手,,快踱一圈,,內圈 快踱一圈 (助手)
H334,11/05/2026,游水,沙田,,沙田,,,,,,,,游水,,
H334,11/05/2026,踱步,沙田,內圈,沙田 內圈,,,,,,助手,,倒快兩圈,,內圈 倒快兩圈 (助手)
H334,10/05/2026,游水,沙田,,沙田,,,,,,,,游水,,
H334,10/05/2026,快操,沙田,全天候,沙田 全天候,,58.0,58.0,30.3 27.7,,助手,,快操,B,30.3 27.7 (58.0) (助手)
H334,10/05/2026,踱步,沙田,飛機場,沙田 飛機場,,,,,,助手,,踱步,B,飛機場 踱步 (助手)
H334,09/05/2026,游水,沙田,,沙田,,,,,,,,游水,,
H334,09/05/2026,踱步,沙田,內圈,沙田 內圈,,,,,,助手,,快踱一圈,,內圈 快踱一圈 (助手)
H334,08/05/2026,游水,沙田,,沙田,,,,,,,,游水,,
H334,08/05/2026,踱步,沙田,內圈,沙田 內圈,,,,,,助手,,快踱一圈,,內圈 快踱一圈 (助手)
H334,07/05/2026,游水,沙田,,沙田,,,,,,,,游水,,
H334,07/05/2026,踱步,沙田,內圈,沙田 內圈,,,,,,助手,,倒快兩圈,,內圈 倒快兩圈 (助手)
H334,06/05/2026,游水,沙田,,沙田,,,,,,,,游水,,
H334,06/05/2026,踱步,沙田,內圈,沙田 內圈,,,,,,助手,,快踱一圈,,內圈 快踱一圈 (助手)
H334,05/05/2026,游水,沙田,,沙田,,,,,,,,游水,,
H334,05/05/2026,踱步,沙田,內圈,沙田 內圈,,,,,,助手,,快踱一圈,,內圈 快踱一圈 (助手)
H334,04/05/2026,游水,沙田,,沙田,,,,,,,,游水,,
H334,03/05/2026,出賽,沙田,草地,沙田 草地,1400M,,,,,鍾易禮,14/14,出賽,B/TT,1400M (鍾易禮) (14/14)
H334,03/05/2026,游水,沙田,,沙田,,,,,,,,游水,,
H334,03/05/2026,踱步,沙田,內圈,沙田 內圈,,,,,,助手,,快踱一圈,,內圈 快踱一圈 (助手)
H334,02/05/2026,游水,沙田,,沙田,,,,,,,,游水,,
H334,02/05/2026,踱步,沙田,內圈,沙田 內圈,,,,,,助手,,快踱一圈,,內圈 快踱一圈 (助手)
H334,01/05/2026,游水,沙田,,沙田,,,,,,,,游水,,
H334,01/05/2026,踱步,沙田,內圈,沙田 內圈,,,,,,助手,,快踱一圈,,內圈 快踱一圈 (助手)
H334,30/04/2026,游水,沙田,,沙田,,,,,,,,游水,,
H334,30/04/2026,踱步,沙田,內圈,沙田 內圈,,,,,,助手,,倒快兩圈,,內圈 倒快兩圈 (助手)
H334,29/04/2026,游水,沙田,,沙田,,,,,,,,游水,,
H334,29/04/2026,踱步,沙田,內圈,沙田 內圈,,,,,,助手,,快踱一圈,,內圈 快踱一圈 (助手)
H334,28/04/2026,游水,沙田,,沙田,,,,,,,,游水,,
H334,28/04/2026,踱步,沙田,內圈,沙田 內圈,,,,,,助手,,快踱一圈,,內圈 快踱一圈 (助手)
H334,27/04/2026,游水,沙田,,沙田,,,,,,,,游水,,
H334,27/04/2026,快操,沙田,草閘,沙田 草閘,,47.9,47.9,24.8 23.1,,助手,,"美麗同享, 快路",B,"24.8 23.1 (47.9) (助手) 美麗同享, 快路"
H334,27/04/2026,踱步,沙田,飛機場,沙田 飛機場,,,,,,助手,,踱步,B,飛機場 踱步 (助手)
H334,26/04/2026,游水,沙田,,沙田,,,,,,,,游水,,
H334,26/04/2026,踱步,沙田,內圈,沙田 內圈,,,,,,助手,,快踱一圈,,內圈 快踱一圈 (助手)
H334,25/04/2026,游水,沙田,,沙田,,,,,,,,游水,,
H334,25/04/2026,踱步,沙田,內圈,沙田 內圈,,,,,,助手,,快踱一圈,,內圈 快踱一圈 (助手)
H334,24/04/2026,游水,沙田,,沙田,,,,,,,,游水,,
H334,24/04/2026,踱步,沙田,內圈,沙田 內圈,,,,,,助手,,快踱一圈,,內圈 快踱一圈 (助手)
H334,23/04/2026,游水,從化,,從化,,,,,,,,游水,,
H334,23/04/2026,快操,從化,全天候,從化 全天候,,56.6,56.6,29.5 27.1,,助手,,快操,B,29.5 27.1 (56.6) (助手)
H334,23/04/2026,踱步,從化,飛機場,從化 飛機場,,,,,,助手,,踱步,B,飛機場 踱步 (助手)
H334,22/04/2026,游水,從化,,從化,,,,,,,,游水,,
H334,22/04/2026,踱步,從化,內圈,從化 內圈,,,,,,助手,,快踱一圈,,內圈 快踱一圈 (助手)
H334,21/04/2026,游水,從化,,從化,,,,,,,,游水,,
H334,21/04/2026,踱步,從化,內圈,從化 內圈,,,,,,助手,,快踱一圈,,內圈 快踱一圈 (助手)
H334,20/04/2026,游水,從化,,從化,,,,,,,,游水,,
H334,20/04/2026,踱步,從化,內圈,從化 內圈,,,,,,助手,,倒快兩圈,,內圈 倒快兩圈 (助手)
H334,19/04/2026,游水,從化,,從化,,,,,,,,游水,,
H334,19/04/2026,踱步,從化,內圈,從化 內圈,,,,,,助手,,快踱一圈,,內圈 快踱一圈 (助手)
H334,18/04/2026,游水,從化,,從化,,,,,,,,游水,,
H334,18/04/2026,踱步,從化,內圈,從化 內圈,,,,,,助手,,快踱一圈,,內圈 快踱一圈 (助手)
H334,17/04/2026,游水,從化,,從化,,,,,,,,游水,,
H334,17/04/2026,快操,從化,全天候,從化 全天候,,56.6,56.6,30.6 26.0,,助手,,快操,B,30.6 26.0 (56.6) (助手)
H334,17/04/2026,踱步,從化,飛機場,從化 飛機場,,,,,,助手,,踱步,B,飛機場 踱步 (助手)
H334,16/04/2026,游水,從化,,從化,,,,,,,,游水,,
H334,16/04/2026,踱步,從化,內圈,從化 內圈,,,,,,助手,,倒快兩圈,,內圈 倒快兩圈 (助手)
H334,15/04/2026,游水,從化,,從化,,,,,,,,游水,,
H334,15/04/2026,踱步,從化,內圈,從化 內圈,,,,,,助手,,快踱一圈,,內圈 快踱一圈 (助手)
H334,14/04/2026,游水,從化,,從化,,,,,,,,游水,,
H334,14/04/2026,快操,從化,全天候,從化 全天候,,55.7,55.7,29.6 26.1,,助手,,快操,B,29.6 26.1 (55.7) (助手)
H334,14/04/2026,踱步,從化,飛機場,從化 飛機場,,,,,,助手,,踱步,B,飛機場 踱步 (助手)
H334,13/04/2026,游水,從化,,從化,,,,,,,,游水,,
H334,13/04/2026,踱步,從化,內圈,從化 內圈,,,,,,助手,,倒快兩圈,,內圈 倒快兩圈 (助手)
H334,12/04/2026,游水,從化,,從化,,,,,,,,游水,,
H334,12/04/2026,踱步,從化,內圈,從化 內圈,,,,,,助手,,快踱一圈,,內圈 快踱一圈 (助手)
H334,11/04/2026,游水,從化,,從化,,,,,,,,游水,,
H334,11/04/2026,踱步,從化,內圈,從化 內圈,,,,,,助手,,快踱一圈,,內圈 快踱一圈 (助手)
H334,10/04/2026,游水,從化,,從化,,,,,,,,游水,,
H334,10/04/2026,踱步,從化,內圈,從化 內圈,,,,,,助手,,快踱一圈,,內圈 快踱一圈 (助手)
H334,09/04/2026,游水,從化,,從化,,,,,,,,游水,,
H334,09/04/2026,踱步,從化,內圈,從化 內圈,,,,,,助手,,倒快兩圈,,內圈 倒快兩圈 (助手)
H334,08/04/2026,游水,從化,,從化,,,,,,,,游水,,
H334,08/04/2026,踱步,從化,內圈,從化 內圈,,,,,,助手,,快踱一圈,,內圈 快踱一圈 (助手)
H334,07/04/2026,游水,從化,,從化,,,,,,,,游水,,
H334,07/04/2026,踱步,從化,內圈,從化 內圈,,,,,,助手,,快踱一圈,,內圈 快踱一圈 (助手)
H334,06/04/2026,游水,從化,,從化,,,,,,,,游水,,
H334,06/04/2026,踱步,從化,內圈,從化 內圈,,,,,,助手,,倒快兩圈,,內圈 倒快兩圈 (助手)
H334,05/04/2026,游水,從化,,從化,,,,,,,,游水,,
H334,05/04/2026,踱步,從化,內圈,從化 內圈,,,,,,助手,,快踱一圈,,內圈 快踱一圈 (助手)
H334,04/04/2026,游水,從化,,從化,,,,,,,,游水,,
H334,04/04/2026,踱步,從化,內圈,從化 內圈,,,,,,助手,,快踱一圈,,內圈 快踱一圈 (助手)
H334,03/04/2026,游水,從化,,從化,,,,,,,,游水,,
H334,03/04/2026,踱步,從化,內圈,從化 內圈,,,,,,助手,,快踱一圈,,內圈 快踱一圈 (助手)
H334,02/04/2026,試閘,從化,全天候,從化 全天候,1200M,1.10.88,70.88,24.9 22.7 23.2,自動自覺,哥拉利,,第2組,B,第2組 (哥拉利) 1200M 自動自覺 24.9 22.7 23.2 (1.10.88)
H334,02/04/2026,游水,從化,,從化,,,,,,,,游水,,
H334,01/04/2026,游水,從化,,從化,,,,,,,,游水,,
H334,01/04/2026,踱步,從化,內圈,從化 內圈,,,,,,助手,,快踱一圈,,內圈 快踱一圈 (助手)
H334,31/03/2026,游水,從化,,從化,,,,,,,,游水,,
H334,31/03/2026,踱步,從化,內圈,從化 內圈,,,,,,助手,,快踱一圈,,內圈 快踱一圈 (助手)
H334,30/03/2026,游水,從化,,從化,,,,,,,,游水,,
H334,30/03/2026,快操,從化,全天候,從化 全天候,,58.0,58.0,30.7 27.3,,助手,,快操,B,30.7 27.3 (58.0) (助手)
H334,30/03/2026,踱步,從化,飛機場,從化 飛機場,,,,,,助手,,踱步,B,飛機場 踱步 (助手)
H334,29/03/2026,游水,從化,,從化,,,,,,,,游水,,
H334,29/03/2026,踱步,從化,內圈,從化 內圈,,,,,,助手,,快踱一圈,,內圈 快踱一圈 (助手)
H334,28/03/2026,游水,從化,,從化,,,,,,,,游水,,
H334,28/03/2026,踱步,從化,內圈,從化 內圈,,,,,,助手,,快踱一圈,,內圈 快踱一圈 (助手)
H334,27/03/2026,游水,從化,,從化,,,,,,,,游水,,
H334,27/03/2026,踱步,從化,內圈,從化 內圈,,,,,,助手,,快踱一圈,,內圈 快踱一圈 (助手)
H334,26/03/2026,游水,從化,,從化,,,,,,,,游水,,
H334,26/03/2026,快操,從化,全天候,從化 全天候,,57.1,57.1,30.1 27.0,,助手,,快操,B,30.1 27.0 (57.1) (助手)
H334,26/03/2026,踱步,從化,飛機場,從化 飛機場,,,,,,助手,,踱步,B,飛機場 踱步 (助手)
H334,25/03/2026,游水,從化,,從化,,,,,,,,游水,,
H334,25/03/2026,踱步,從化,內圈,從化 內圈,,,,,,助手,,快踱一圈,,內圈 快踱一圈 (助手)
H334,24/03/2026,游水,從化,,從化,,,,,,,,游水,,
H334,24/03/2026,踱步,從化,內圈,從化 內圈,,,,,,助手,,快踱一圈,,內圈 快踱一圈 (助手)
H334,23/03/2026,游水,從化,,從化,,,,,,,,游水,,
H334,23/03/2026,踱步,從化,內圈,從化 內圈,,,,,,助手,,倒快兩圈,,內圈 倒快兩圈 (助手)
H334,22/03/2026,游水,從化,,從化,,,,,,,,游水,,
H334,22/03/2026,踱步,從化,內圈,從化 內圈,,,,,,助手,,快踱一圈,,內圈 快踱一圈 (助手)
H334,21/03/2026,游水,從化,,從化,,,,,,,,游水,,
H334,21/03/2026,踱步,從化,內圈,從化 內圈,,,,,,助手,,快踱一圈,,內圈 快踱一圈 (助手)
H334,20/03/2026,游水,從化,,從化,,,,,,,,游水,,
H334,20/03/2026,踱步,從化,內圈,從化 內圈,,,,,,助手,,快踱一圈,,內圈 快踱一圈 (助手)
H334,19/03/2026,試閘,從化,全天候,從化 全天候,1200M,1.09.36,69.36,24.5 22.0 22.8,伶俐驫駒,哥拉利,,第2組,B,第2組 (哥拉利) 1200M 伶俐驫駒 24.5 22.0 22.8 (1.09.36)
H334,19/03/2026,游水,從化,,從化,,,,,,,,游水,,
H334,18/03/2026,游水,從化,,從化,,,,,,,,游水,,
H334,18/03/2026,踱步,從化,內圈,從化 內圈,,,,,,助手,,快踱一圈,,內圈 快踱一圈 (助手)
H334,17/03/2026,游水,從化,,從化,,,,,,,,游水,,
H334,17/03/2026,踱步,從化,內圈,從化 內圈,,,,,,助手,,快踱一圈,,內圈 快踱一圈 (助手)
H334,16/03/2026,游水,從化,,從化,,,,,,,,游水,,
H334,16/03/2026,快操,從化,全天候,從化 全天候,,55.3,55.3,30.9 24.4,,助手,,快操,B,30.9 24.4 (55.3) (助手)
H334,16/03/2026,踱步,從化,飛機場,從化 飛機場,,,,,,助手,,踱步,B,飛機場 踱步 (助手)
H334,15/03/2026,游水,從化,,從化,,,,,,,,游水,,
H334,15/03/2026,踱步,從化,內圈,從化 內圈,,,,,,助手,,快踱一圈,,內圈 快踱一圈 (助手)
H334,14/03/2026,游水,從化,,從化,,,,,,,,游水,,
H334,14/03/2026,踱步,從化,內圈,從化 內圈,,,,,,助手,,快踱一圈,,內圈 快踱一圈 (助手)
H334,13/03/2026,游水,從化,,從化,,,,,,,,游水,,
H334,13/03/2026,快操,從化,全天候,從化 全天候,,54.5,54.5,30.0 24.5,,助手,,快操,B,30.0 24.5 (54.5) (助手)
H334,13/03/2026,踱步,從化,飛機場,從化 飛機場,,,,,,助手,,踱步,B,飛機場 踱步 (助手)
H334,12/03/2026,游水,從化,,從化,,,,,,,,游水,,
H334,12/03/2026,踱步,從化,內圈,從化 內圈,,,,,,助手,,倒快兩圈,,內圈 倒快兩圈 (助手)
H334,11/03/2026,游水,從化,,從化,,,,,,,,游水,,
H334,11/03/2026,踱步,從化,內圈,從化 內圈,,,,,,助手,,快踱一圈,,內圈 快踱一圈 (助手)
H334,10/03/2026,游水,從化,,從化,,,,,,,,游水,,
H334,10/03/2026,快操,從化,全天候,從化 全天候,,56.9,56.9,30.2 26.7,,助手,,快操,B,30.2 26.7 (56.9) (助手)
H334,10/03/2026,踱步,從化,飛機場,從化 飛機場,,,,,,助手,,踱步,B,飛機場 踱步 (助手)
H334,09/03/2026,游水,從化,,從化,,,,,,,,游水,,
H334,09/03/2026,踱步,從化,內圈,從化 內圈,,,,,,助手,,倒快兩圈,,內圈 倒快兩圈 (助手)
H334,08/03/2026,游水,從化,,從化,,,,,,,,游水,,
H334,08/03/2026,踱步,從化,內圈,從化 內圈,,,,,,助手,,快踱一圈,,內圈 快踱一圈 (助手)
H334,07/03/2026,游水,從化,,從化,,,,,,,,游水,,
H334,07/03/2026,踱步,從化,內圈,從化 內圈,,,,,,助手,,快踱一圈,,內圈 快踱一圈 (助手)
H334,06/03/2026,游水,從化,,從化,,,,,,,,游水,,
H334,06/03/2026,踱步,從化,內圈,從化 內圈,,,,,,助手,,快踱一圈,,內圈 快踱一圈 (助手)
H334,05/03/2026,游水,從化,,從化,,,,,,,,游水,,
H334,05/03/2026,快操,從化,全天候,從化 全天候,,57.7,57.7,30.5 27.2,,助手,,快操,B,30.5 27.2 (57.7) (助手)
H334,05/03/2026,踱步,從化,飛機場,從化 飛機場,,,,,,助手,,踱步,B,飛機場 踱步 (助手)
H334,04/03/2026,游水,從化,,從化,,,,,,,,游水,,
H334,04/03/2026,踱步,從化,內圈,從化 內圈,,,,,,助手,,快踱一圈,,內圈 快踱一圈 (助手)
H334,03/03/2026,游水,從化,,從化,,,,,,,,游水,,
H334,03/03/2026,踱步,從化,內圈,從化 內圈,,,,,,助手,,快踱一圈,,內圈 快踱一圈 (助手)
H334,02/03/2026,游水,從化,,從化,,,,,,,,游水,,
H334,02/03/2026,踱步,從化,內圈,從化 內圈,,,,,,助手,,倒快兩圈,,內圈 倒快兩圈 (助手)
H334,01/03/2026,游水,從化,,從化,,,,,,,,游水,,
H334,01/03/2026,踱步,從化,內圈,從化 內圈,,,,,,助手,,快踱一圈,,內圈 快踱一圈 (助手)
H334,28/02/2026,游水,從化,,從化,,,,,,,,游水,,
H334,28/02/2026,踱步,從化,內圈,從化 內圈,,,,,,助手,,快踱一圈,,內圈 快踱一圈 (助手)
H334,27/02/2026,游水,從化,,從化,,,,,,,,游水,,
H334,27/02/2026,踱步,從化,內圈,從化 內圈,,,,,,助手,,快踱一圈,,內圈 快踱一圈 (助手)
H334,26/02/2026,游水,從化,,從化,,,,,,,,游水,,
H334,26/02/2026,踱步,從化,內圈,從化 內圈,,,,,,助手,,倒快兩圈,,內圈 倒快兩圈 (助手)
H334,25/02/2026,游水,沙田,,沙田,,,,,,,,游水,,
H334,25/02/2026,踱步,沙田,內圈,沙田 內圈,,,,,,助手,,快踱一圈,,內圈 快踱一圈 (助手)
H334,24/02/2026,游水,沙田,,沙田,,,,,,,,游水,,
H334,24/02/2026,踱步,沙田,飛機場,沙田 飛機場,,,,,,助手,,踱步,,飛機場 踱步 (助手)
H334,23/02/2026,游水,沙田,,沙田,,,,,,,,游水,,
H334,22/02/2026,出賽,沙田,草地,沙田 草地,1400M,,,,,鍾易禮,14/14,出賽,B/TT,1400M (鍾易禮) (14/14)
H334,22/02/2026,游水,沙田,,沙田,,,,,,,,游水,,
H334,22/02/2026,踱步,沙田,內圈,沙田 內圈,,,,,,助手,,快踱一圈,,內圈 快踱一圈 (助手)
H334,21/02/2026,游水,沙田,,沙田,,,,,,,,游水,,
H334,21/02/2026,踱步,沙田,內圈,沙田 內圈,,,,,,助手,,快踱一圈,,內圈 快踱一圈 (助手)
H334,20/02/2026,游水,沙田,,沙田,,,,,,,,游水,,
H334,20/02/2026,踱步,沙田,內圈,沙田 內圈,,,,,,助手,,快踱一圈,,內圈 快踱一圈 (助手)
H334,19/02/2026,游水,沙田,,沙田,,,,,,,,游水,,
H334,19/02/2026,快操,沙田,全天候,沙田 全天候,,55.8,55.8,30.7 25.1,,鍾易禮,,快操,B,30.7 25.1 (55.8) (鍾易禮)
H334,19/02/2026,踱步,沙田,飛機場,沙田 飛機場,,,,,,鍾易禮,,踱步,B,飛機場 踱步 (鍾易禮)
H334,18/02/2026,游水,沙田,,沙田,,,,,,,,游水,,
H334,18/02/2026,踱步,沙田,內圈,沙田 內圈,,,,,,助手,,快踱一圈,,內圈 快踱一圈 (助手)
H334,16/02/2026,游水,沙田,,沙田,,,,,,,,游水,,
H334,16/02/2026,踱步,沙田,內圈,沙田 內圈,,,,,,助手,,倒快兩圈,,內圈 倒快兩圈 (助手)
H334,15/02/2026,游水,沙田,,沙田,,,,,,,,游水,,
H334,15/02/2026,快操,沙田,全天候,沙田 全天候,,54.9,54.9,30.3 24.6,,助手,,快操,B,30.3 24.6 (54.9) (助手)
H334,15/02/2026,踱步,沙田,飛機場,沙田 飛機場,,,,,,助手,,踱步,B,飛機場 踱步 (助手)
H334,14/02/2026,游水,從化,,從化,,,,,,,,游水,,
H334,14/02/2026,踱步,從化,內圈,從化 內圈,,,,,,助手,,快踱一圈,,內圈 快踱一圈 (助手)
H334,13/02/2026,游水,從化,,從化,,,,,,,,游水,,
H334,13/02/2026,踱步,從化,內圈,從化 內圈,,,,,,助手,,快踱一圈,,內圈 快踱一圈 (助手)
H334,12/02/2026,游水,從化,,從化,,,,,,,,游水,,
H334,12/02/2026,快操,從化,全天候,從化 全天候,,58.3,58.3,30.9 27.4,,助手,,快操,B,30.9 27.4 (58.3) (助手)
H334,12/02/2026,踱步,從化,飛機場,從化 飛機場,,,,,,助手,,踱步,B,飛機場 踱步 (助手)
H334,11/02/2026,游水,從化,,從化,,,,,,,,游水,,
H334,11/02/2026,踱步,從化,內圈,從化 內圈,,,,,,助手,,快踱一圈,,內圈 快踱一圈 (助手)
H334,10/02/2026,游水,從化,,從化,,,,,,,,游水,,
H334,10/02/2026,踱步,從化,內圈,從化 內圈,,,,,,助手,,快踱一圈,,內圈 快踱一圈 (助手)
H334,09/02/2026,游水,從化,,從化,,,,,,,,游水,,
H334,09/02/2026,踱步,從化,內圈,從化 內圈,,,,,,助手,,倒快兩圈,,內圈 倒快兩圈 (助手)
H334,08/02/2026,游水,從化,,從化,,,,,,,,游水,,
H334,08/02/2026,快操,從化,全天候,從化 全天候,,57.5,57.5,30.3 27.2,,助手,,快操,B,30.3 27.2 (57.5) (助手)
H334,08/02/2026,踱步,從化,飛機場,從化 飛機場,,,,,,助手,,踱步,B,飛機場 踱步 (助手)
H334,07/02/2026,游水,從化,,從化,,,,,,,,游水,,
H334,07/02/2026,踱步,從化,內圈,從化 內圈,,,,,,助手,,快踱一圈,,內圈 快踱一圈 (助手)
H334,06/02/2026,游水,從化,,從化,,,,,,,,游水,,
H334,06/02/2026,踱步,從化,內圈,從化 內圈,,,,,,助手,,快踱一圈,,內圈 快踱一圈 (助手)
H334,05/02/2026,游水,從化,,從化,,,,,,,,游水,,
H334,05/02/2026,踱步,從化,內圈,從化 內圈,,,,,,助手,,倒快兩圈,,內圈 倒快兩圈 (助手)
H334,04/02/2026,游水,沙田,,沙田,,,,,,,,游水,,
H334,04/02/2026,踱步,沙田,內圈,沙田 內圈,,,,,,助手,,快踱一圈,,內圈 快踱一圈 (助手)
H334,03/02/2026,游水,沙田,,沙田,,,,,,,,游水,,
H334,03/02/2026,踱步,沙田,內圈,沙田 內圈,,,,,,助手,,快踱一圈,,內圈 快踱一圈 (助手)
H334,02/02/2026,游水,沙田,,沙田,,,,,,,,游水,,
H334,01/02/2026,出賽,沙田,草地,沙田 草地,1600M,,,,,潘頓,14/14,出賽,B/TT,1600M (潘頓) (14/14)
H334,01/02/2026,游水,沙田,,沙田,,,,,,,,游水,,
H334,01/02/2026,踱步,沙田,內圈,沙田 內圈,,,,,,助手,,快踱一圈,,內圈 快踱一圈 (助手)
H334,31/01/2026,游水,沙田,,沙田,,,,,,,,游水,,
H334,31/01/2026,踱步,沙田,內圈,沙田 內圈,,,,,,助手,,快踱一圈,,內圈 快踱一圈 (助手)
H334,30/01/2026,游水,沙田,,沙田,,,,,,,,游水,,
H334,30/01/2026,踱步,沙田,內圈,沙田 內圈,,,,,,助手,,快踱一圈,,內圈 快踱一圈 (助手)
H334,29/01/2026,游水,沙田,,沙田,,,,,,,,游水,,
H334,29/01/2026,快操,沙田,全天候,沙田 全天候,,57.4,57.4,30.6 26.8,,助手,,快操,B,30.6 26.8 (57.4) (助手)
H334,29/01/2026,踱步,沙田,飛機場,沙田 飛機場,,,,,,助手,,踱步,B,飛機場 踱步 (助手)
H334,28/01/2026,游水,沙田,,沙田,,,,,,,,游水,,
H334,28/01/2026,踱步,沙田,內圈,沙田 內圈,,,,,,助手,,快踱一圈,,內圈 快踱一圈 (助手)
H334,27/01/2026,游水,從化,,從化,,,,,,,,游水,,
H334,27/01/2026,踱步,從化,內圈,從化 內圈,,,,,,助手,,快踱一圈,,內圈 快踱一圈 (助手)
H334,26/01/2026,游水,從化,,從化,,,,,,,,游水,,
H334,26/01/2026,踱步,從化,內圈,從化 內圈,,,,,,助手,,倒快兩圈,,內圈 倒快兩圈 (助手)
H334,25/01/2026,游水,從化,,從化,,,,,,,,游水,,
H334,25/01/2026,快操,從化,全天候,從化 全天候,,56.5,56.5,29.5 27.0,,助手,,快操,B,29.5 27.0 (56.5) (助手)
H334,25/01/2026,踱步,從化,飛機場,從化 飛機場,,,,,,助手,,踱步,B,飛機場 踱步 (助手)
H334,24/01/2026,游水,從化,,從化,,,,,,,,游水,,
H334,24/01/2026,踱步,從化,內圈,從化 內圈,,,,,,助手,,快踱一圈,,內圈 快踱一圈 (助手)
H334,23/01/2026,游水,從化,,從化,,,,,,,,游水,,
H334,23/01/2026,踱步,從化,內圈,從化 內圈,,,,,,助手,,快踱一圈,,內圈 快踱一圈 (助手)
H334,22/01/2026,游水,從化,,從化,,,,,,,,游水,,
H334,22/01/2026,快操,從化,全天候,從化 全天候,,57.4,57.4,29.8 27.6,,助手,,快操,B,29.8 27.6 (57.4) (助手)
H334,22/01/2026,踱步,從化,飛機場,從化 飛機場,,,,,,助手,,踱步,B,飛機場 踱步 (助手)
H334,21/01/2026,游水,從化,,從化,,,,,,,,游水,,
H334,21/01/2026,踱步,從化,內圈,從化 內圈,,,,,,助手,,快踱一圈,,內圈 快踱一圈 (助手)
H334,20/01/2026,游水,從化,,從化,,,,,,,,游水,,
H334,20/01/2026,踱步,從化,內圈,從化 內圈,,,,,,助手,,快踱一圈,,內圈 快踱一圈 (助手)
H334,19/01/2026,游水,從化,,從化,,,,,,,,游水,,
H334,19/01/2026,踱步,從化,內圈,從化 內圈,,,,,,助手,,倒快兩圈,,內圈 倒快兩圈 (助手)
H334,18/01/2026,游水,從化,,從化,,,,,,,,游水,,
H334,18/01/2026,快操,從化,全天候,從化 全天候,,58.4,58.4,30.3 28.1,,助手,,快操,B,30.3 28.1 (58.4) (助手)
H334,18/01/2026,踱步,從化,飛機場,從化 飛機場,,,,,,助手,,踱步,B,飛機場 踱步 (助手)
H334,17/01/2026,游水,從化,,從化,,,,,,,,游水,,
H334,17/01/2026,踱步,從化,內圈,從化 內圈,,,,,,助手,,快踱一圈,,內圈 快踱一圈 (助手)
H334,16/01/2026,游水,從化,,從化,,,,,,,,游水,,
H334,16/01/2026,踱步,從化,內圈,從化 內圈,,,,,,助手,,快踱一圈,,內圈 快踱一圈 (助手)
H334,15/01/2026,游水,從化,,從化,,,,,,,,游水,,
H334,15/01/2026,踱步,從化,內圈,從化 內圈,,,,,,助手,,倒快兩圈,,內圈 倒快兩圈 (助手)
H334,14/01/2026,游水,沙田,,沙田,,,,,,,,游水,,
H334,14/01/2026,踱步,沙田,內圈,沙田 內圈,,,,,,助手,,快踱一圈,,內圈 快踱一圈 (助手)
H334,13/01/2026,游水,沙田,,沙田,,,,,,,,游水,,
H334,13/01/2026,踱步,沙田,內圈,沙田 內圈,,,,,,助手,,快踱一圈,,內圈 快踱一圈 (助手)
H334,12/01/2026,游水,沙田,,沙田,,,,,,,,游水,,
H334,11/01/2026,出賽,沙田,草地,沙田 草地,1400M,,,,,鍾易禮,9/14,出賽,B/TT,1400M (鍾易禮) (9/14)
H334,11/01/2026,踱步,沙田,內圈,沙田 內圈,,,,,,助手,,快踱一圈,,內圈 快踱一圈 (助手)
H334,10/01/2026,游水,沙田,,沙田,,,,,,,,游水,,
H334,10/01/2026,踱步,沙田,內圈,沙田 內圈,,,,,,助手,,快踱一圈,,內圈 快踱一圈 (助手)
H334,09/01/2026,游水,沙田,,沙田,,,,,,,,游水,,
H334,09/01/2026,踱步,沙田,內圈,沙田 內圈,,,,,,助手,,快踱一圈,,內圈 快踱一圈 (助手)
H334,08/01/2026,游水,沙田,,沙田,,,,,,,,游水,,
H334,08/01/2026,快操,沙田,全天候,沙田 全天候,,57.3,57.3,30.2 27.1,,鍾易禮,,快操,B,30.2 27.1 (57.3) (鍾易禮)
H334,08/01/2026,踱步,沙田,飛機場,沙田 飛機場,,,,,,鍾易禮,,踱步,B,飛機場 踱步 (鍾易禮)
H334,07/01/2026,游水,沙田,,沙田,,,,,,,,游水,,
H334,07/01/2026,踱步,沙田,內圈,沙田 內圈,,,,,,助手,,快踱一圈,,內圈 快踱一圈 (助手)
H334,06/01/2026,游水,沙田,,沙田,,,,,,,,游水,,
H334,06/01/2026,踱步,沙田,內圈,沙田 內圈,,,,,,助手,,快踱一圈,,內圈 快踱一圈 (助手)
H334,05/01/2026,游水,沙田,,沙田,,,,,,,,游水,,
H334,05/01/2026,踱步,沙田,內圈,沙田 內圈,,,,,,助手,,倒快兩圈,,內圈 倒快兩圈 (助手)
H334,04/01/2026,游水,沙田,,沙田,,,,,,,,游水,,
H334,04/01/2026,快操,沙田,全天候,沙田 全天候,,56.3,56.3,29.6 26.7,,助手,,快操,B,29.6 26.7 (56.3) (助手)
H334,04/01/2026,踱步,沙田,飛機場,沙田 飛機場,,,,,,助手,,踱步,B,飛機場 踱步 (助手)
H334,03/01/2026,游水,沙田,,沙田,,,,,,,,游水,,
H334,03/01/2026,踱步,沙田,內圈,沙田 內圈,,,,,,助手,,快踱一圈,,內圈 快踱一圈 (助手)
H334,02/01/2026,游水,沙田,,沙田,,,,,,,,游水,,
H334,02/01/2026,踱步,沙田,內圈,沙田 內圈,,,,,,助手,,快踱一圈,,內圈 快踱一圈 (助手)
H334,01/01/2026,游水,沙田,,沙田,,,,,,,,游水,,
H334,01/01/2026,踱步,沙田,內圈,沙田 內圈,,,,,,助手,,倒快兩圈,,內圈 倒快兩圈 (助手)
H334,31/12/2025,游水,沙田,,沙田,,,,,,,,游水,,
H334,31/12/2025,踱步,沙田,內圈,沙田 內圈,,,,,,助手,,快踱一圈,,內圈 快踱一圈 (助手)
H334,30/12/2025,游水,沙田,,沙田,,,,,,,,游水,,
H334,30/12/2025,踱步,沙田,內圈,沙田 內圈,,,,,,助手,,快踱一圈,,內圈 快踱一圈 (助手)
H334,29/12/2025,試閘,沙田,全天候,沙田 全天候,1200M,1.11.24,71.24,25.1 23.2 22.9,美麗星晨,鍾易禮,,第2組,B,第2組 (鍾易禮) 1200M 美麗星晨 25.1 23.2 22.9 (1.11.24)
H334,29/12/2025,游水,沙田,,沙田,,,,,,,,游水,,
H334,28/12/2025,游水,沙田,,沙田,,,,,,,,游水,,
H334,28/12/2025,踱步,沙田,內圈,沙田 內圈,,,,,,助手,,快踱一圈,,內圈 快踱一圈 (助手)
H334,27/12/2025,游水,沙田,,沙田,,,,,,,,游水,,
H334,27/12/2025,踱步,沙田,內圈,沙田 內圈,,,,,,助手,,快踱一圈,,內圈 快踱一圈 (助手)
H334,26/12/2025,游水,沙田,,沙田,,,,,,,,游水,,
H334,26/12/2025,快操,沙田,全天候,沙田 全天候,,57.5,57.5,31.1 26.4,,助手,,快操,B,31.1 26.4 (57.5) (助手)
H334,26/12/2025,踱步,沙田,飛機場,沙田 飛機場,,,,,,助手,,踱步,B,飛機場 踱步 (助手)
H334,25/12/2025,游水,沙田,,沙田,,,,,,,,游水,,
H334,25/12/2025,踱步,沙田,內圈,沙田 內圈,,,,,,助手,,倒快兩圈,,內圈 倒快兩圈 (助手)
H334,24/12/2025,游水,沙田,,沙田,,,,,,,,游水,,
H334,24/12/2025,踱步,沙田,內圈,沙田 內圈,,,,,,助手,,快踱一圈,,內圈 快踱一圈 (助手)
H334,23/12/2025,踱步,沙田,內圈,沙田 內圈,,,,,,助手,,快踱一圈,,內圈 快踱一圈 (助手)
H334,22/12/2025,踱步,沙田,內圈,沙田 內圈,,,,,,助手,,倒快兩圈,,內圈 倒快兩圈 (助手)
H334,21/12/2025,游水,沙田,,沙田,,,,,,,,游水,,
H334,21/12/2025,快操,沙田,全天候,沙田 全天候,,57.7,57.7,31.3 26.4,,鍾易禮,,快操,B,31.3 26.4 (57.7) (鍾易禮)
H334,21/12/2025,踱步,沙田,飛機場,沙田 飛機場,,,,,,鍾易禮,,踱步,B,飛機場 踱步 (鍾易禮)
H334,20/12/2025,游水,沙田,,沙田,,,,,,,,游水,,
H334,20/12/2025,踱步,沙田,內圈,沙田 內圈,,,,,,助手,,快踱一圈,,內圈 快踱一圈 (助手)
H334,19/12/2025,游水,沙田,,沙田,,,,,,,,游水,,
H334,19/12/2025,踱步,沙田,內圈,沙田 內圈,,,,,,助手,,快踱一圈,,內圈 快踱一圈 (助手)
H334,18/12/2025,游水,沙田,,沙田,,,,,,,,游水,,
H334,18/12/2025,踱步,沙田,內圈,沙田 內圈,,,,,,助手,,倒快兩圈,,內圈 倒快兩圈 (助手)
H334,17/12/2025,游水,沙田,,沙田,,,,,,,,游水,,
H334,17/12/2025,踱步,沙田,內圈,沙田 內圈,,,,,,助手,,快踱一圈,,內圈 快踱一圈 (助手)
H334,16/12/2025,游水,沙田,,沙田,,,,,,,,游水,,
H334,16/12/2025,踱步,沙田,內圈,沙田 內圈,,,,,,助手,,快踱一圈,,內圈 快踱一圈 (助手)
H334,15/12/2025,游水,沙田,,沙田,,,,,,,,游水,,
H334,14/12/2025,出賽,沙田,草地,沙田 草地,1400M,,,,,鍾易禮,13/14,出賽,B/TT,1400M (鍾易禮) (13/14)
H334,14/12/2025,游水,沙田,,沙田,,,,,,,,游水,,
H334,14/12/2025,踱步,沙田,內圈,沙田 內圈,,,,,,助手,,快踱一圈,,內圈 快踱一圈 (助手)
H334,13/12/2025,游水,沙田,,沙田,,,,,,,,游水,,
H334,13/12/2025,踱步,沙田,內圈,沙田 內圈,,,,,,助手,,快踱一圈,,內圈 快踱一圈 (助手)
H334,12/12/2025,游水,沙田,,沙田,,,,,,,,游水,,
H334,12/12/2025,踱步,沙田,內圈,沙田 內圈,,,,,,助手,,快踱一圈,,內圈 快踱一圈 (助手)
H334,11/12/2025,游水,沙田,,沙田,,,,,,,,游水,,
H334,11/12/2025,快操,沙田,全天候,沙田 全天候,,57.6,57.6,30.3 27.3,,助手,,快操,B,30.3 27.3 (57.6) (助手)
H334,11/12/2025,踱步,沙田,飛機場,沙田 飛機場,,,,,,助手,,踱步,B,飛機場 踱步 (助手)
H334,10/12/2025,游水,沙田,,沙田,,,,,,,,游水,,
H334,10/12/2025,踱步,沙田,內圈,沙田 內圈,,,,,,助手,,快踱一圈,,內圈 快踱一圈 (助手)
H334,09/12/2025,游水,從化,,從化,,,,,,,,游水,,
H334,09/12/2025,踱步,從化,內圈,從化 內圈,,,,,,助手,,快踱一圈,,內圈 快踱一圈 (助手)
H334,08/12/2025,游水,從化,,從化,,,,,,,,游水,,
H334,08/12/2025,踱步,從化,內圈,從化 內圈,,,,,,助手,,倒快兩圈,,內圈 倒快兩圈 (助手)
H334,07/12/2025,游水,從化,,從化,,,,,,,,游水,,
H334,07/12/2025,快操,從化,全天候,從化 全天候,,57.1,57.1,29.8 27.3,,助手,,快操,B,29.8 27.3 (57.1) (助手)
H334,07/12/2025,踱步,從化,飛機場,從化 飛機場,,,,,,助手,,踱步,B,飛機場 踱步 (助手)
H334,06/12/2025,游水,從化,,從化,,,,,,,,游水,,
H334,06/12/2025,踱步,從化,內圈,從化 內圈,,,,,,助手,,快踱一圈,,內圈 快踱一圈 (助手)
H334,05/12/2025,游水,從化,,從化,,,,,,,,游水,,
H334,05/12/2025,踱步,從化,內圈,從化 內圈,,,,,,助手,,快踱一圈,,內圈 快踱一圈 (助手)
H334,04/12/2025,游水,從化,,從化,,,,,,,,游水,,
H334,04/12/2025,踱步,從化,內圈,從化 內圈,,,,,,助手,,倒快兩圈,,內圈 倒快兩圈 (助手)
H334,03/12/2025,游水,從化,,從化,,,,,,,,游水,,
H334,03/12/2025,踱步,從化,內圈,從化 內圈,,,,,,助手,,快踱一圈,,內圈 快踱一圈 (助手)
H334,02/12/2025,游水,從化,,從化,,,,,,,,游水,,
H334,02/12/2025,踱步,從化,內圈,從化 內圈,,,,,,助手,,快踱一圈,,內圈 快踱一圈 (助手)
H334,01/12/2025,試閘,從化,草地,從化 草地,1200M,1.10.07,70.07,24.6 22.1 23.3,寶進,鍾易禮,,第2組,B,第2組 (鍾易禮) 1200M 寶進 24.6 22.1 23.3 (1.10.07)
H334,01/12/2025,游水,從化,,從化,,,,,,,,游水,,
H334,30/11/2025,游水,從化,,從化,,,,,,,,游水,,
H334,30/11/2025,踱步,從化,內圈,從化 內圈,,,,,,助手,,快踱一圈,,內圈 快踱一圈 (助手)
H334,29/11/2025,游水,從化,,從化,,,,,,,,游水,,
H334,29/11/2025,踱步,從化,內圈,從化 內圈,,,,,,助手,,快踱一圈,,內圈 快踱一圈 (助手)
H334,28/11/2025,游水,從化,,從化,,,,,,,,游水,,
H334,28/11/2025,快操,從化,全天候,從化 全天候,,56.8,56.8,29.5 27.3,,助手,,快操,B,29.5 27.3 (56.8) (助手)
H334,28/11/2025,踱步,從化,飛機場,從化 飛機場,,,,,,助手,,踱步,B,飛機場 踱步 (助手)
H334,27/11/2025,游水,從化,,從化,,,,,,,,游水,,
H334,27/11/2025,踱步,從化,內圈,從化 內圈,,,,,,助手,,倒快兩圈,,內圈 倒快兩圈 (助手)
H334,26/11/2025,游水,從化,,從化,,,,,,,,游水,,
H334,26/11/2025,踱步,從化,內圈,從化 內圈,,,,,,助手,,快踱一圈,,內圈 快踱一圈 (助手)
H334,25/11/2025,游水,從化,,從化,,,,,,,,游水,,
H334,25/11/2025,快操,從化,全天候,從化 全天候,,57.8,57.8,29.9 27.9,,助手,,快操,B,29.9 27.9 (57.8) (助手)
H334,25/11/2025,踱步,從化,飛機場,從化 飛機場,,,,,,助手,,踱步,B,飛機場 踱步 (助手)
H334,24/11/2025,游水,從化,,從化,,,,,,,,游水,,
H334,24/11/2025,踱步,從化,內圈,從化 內圈,,,,,,助手,,倒快兩圈,,內圈 倒快兩圈 (助手)
H334,23/11/2025,游水,從化,,從化,,,,,,,,游水,,
H334,23/11/2025,踱步,從化,內圈,從化 內圈,,,,,,助手,,快踱一圈,,內圈 快踱一圈 (助手)
H334,22/11/2025,游水,從化,,從化,,,,,,,,游水,,
H334,22/11/2025,踱步,從化,內圈,從化 內圈,,,,,,助手,,快踱一圈,,內圈 快踱一圈 (助手)
H334,21/11/2025,游水,從化,,從化,,,,,,,,游水,,
H334,21/11/2025,快操,從化,全天候,從化 全天候,,57.9,57.9,30.7 27.2,,助手,,快操,B,30.7 27.2 (57.9) (助手)
H334,21/11/2025,踱步,從化,飛機場,從化 飛機場,,,,,,助手,,踱步,B,飛機場 踱步 (助手)
H334,20/11/2025,游水,從化,,從化,,,,,,,,游水,,
H334,20/11/2025,踱步,從化,內圈,從化 內圈,,,,,,助手,,倒快兩圈,,內圈 倒快兩圈 (助手)
H334,19/11/2025,游水,從化,,從化,,,,,,,,游水,,
H334,19/11/2025,踱步,從化,內圈,從化 內圈,,,,,,助手,,快踱一圈,,內圈 快踱一圈 (助手)
H334,18/11/2025,游水,從化,,從化,,,,,,,,游水,,
H334,18/11/2025,快操,從化,全天候,從化 全天候,,59.1,59.1,31.2 27.9,,助手,,快操,B,31.2 27.9 (59.1) (助手)
H334,18/11/2025,踱步,從化,飛機場,從化 飛機場,,,,,,助手,,踱步,B,飛機場 踱步 (助手)
H334,17/11/2025,游水,從化,,從化,,,,,,,,游水,,
H334,17/11/2025,踱步,從化,內圈,從化 內圈,,,,,,助手,,倒快兩圈,,內圈 倒快兩圈 (助手)
H334,16/11/2025,游水,從化,,從化,,,,,,,,游水,,
H334,16/11/2025,踱步,從化,內圈,從化 內圈,,,,,,助手,,快踱一圈,,內圈 快踱一圈 (助手)
H334,15/11/2025,游水,從化,,從化,,,,,,,,游水,,
H334,15/11/2025,踱步,從化,內圈,從化 內圈,,,,,,助手,,快踱一圈,,內圈 快踱一圈 (助手)
H334,14/11/2025,游水,從化,,從化,,,,,,,,游水,,
H334,14/11/2025,踱步,從化,內圈,從化 內圈,,,,,,助手,,快踱一圈,,內圈 快踱一圈 (助手)
H334,13/11/2025,游水,從化,,從化,,,,,,,,游水,,
H334,13/11/2025,踱步,從化,內圈,從化 內圈,,,,,,助手,,倒快兩圈,,內圈 倒快兩圈 (助手)
H334,12/11/2025,游水,沙田,,沙田,,,,,,,,游水,,
H334,12/11/2025,踱步,沙田,內圈,沙田 內圈,,,,,,助手,,快踱一圈,,內圈 快踱一圈 (助手)
H334,11/11/2025,游水,沙田,,沙田,,,,,,,,游水,,
H334,11/11/2025,踱步,沙田,內圈,沙田 內圈,,,,,,助手,,快踱一圈,,內圈 快踱一圈 (助手)
H334,10/11/2025,游水,沙田,,沙田,,,,,,,,游水,,
H334,09/11/2025,出賽,沙田,草地,沙田 草地,1400M,,,,,鍾易禮,4/14,出賽,B/TT,1400M (鍾易禮) (4/14)
H334,09/11/2025,游水,沙田,,沙田,,,,,,,,游水,,
H334,09/11/2025,踱步,沙田,內圈,沙田 內圈,,,,,,助手,,快踱一圈,,內圈 快踱一圈 (助手)
H334,08/11/2025,游水,沙田,,沙田,,,,,,,,游水,,
H334,08/11/2025,踱步,沙田,內圈,沙田 內圈,,,,,,鍾易禮,,快踱一圈,,內圈 快踱一圈 (鍾易禮)
H334,07/11/2025,游水,沙田,,沙田,,,,,,,,游水,,
H334,07/11/2025,踱步,沙田,內圈,沙田 內圈,,,,,,鍾易禮,,快踱一圈,,內圈 快踱一圈 (鍾易禮)
H334,06/11/2025,游水,沙田,,沙田,,,,,,,,游水,,
H334,06/11/2025,快操,沙田,全天候,沙田 全天候,,55.6,55.6,29.3 26.3,,助手,,快操,B,29.3 26.3 (55.6) (助手)
H334,06/11/2025,踱步,沙田,飛機場,沙田 飛機場,,,,,,助手,,踱步,B,飛機場 踱步 (助手)
H334,05/11/2025,游水,沙田,,沙田,,,,,,,,游水,,
H334,05/11/2025,踱步,沙田,內圈,沙田 內圈,,,,,,助手,,快踱一圈,,內圈 快踱一圈 (助手)
H334,04/11/2025,游水,從化,,從化,,,,,,,,游水,,
H334,04/11/2025,踱步,從化,內圈,從化 內圈,,,,,,助手,,快踱一圈,,內圈 快踱一圈 (助手)
H334,03/11/2025,游水,從化,,從化,,,,,,,,游水,,
H334,03/11/2025,踱步,從化,內圈,從化 內圈,,,,,,助手,,倒快兩圈,,內圈 倒快兩圈 (助手)
H334,02/11/2025,游水,從化,,從化,,,,,,,,游水,,
H334,02/11/2025,踱步,從化,內圈,從化 內圈,,,,,,助手,,快踱一圈,,內圈 快踱一圈 (助手)
H334,01/11/2025,游水,從化,,從化,,,,,,,,游水,,
H334,01/11/2025,踱步,從化,內圈,從化 內圈,,,,,,助手,,快踱一圈,,內圈 快踱一圈 (助手)
H334,31/10/2025,游水,從化,,從化,,,,,,,,游水,,
H334,31/10/2025,踱步,從化,內圈,從化 內圈,,,,,,助手,,快踱一圈,,內圈 快踱一圈 (助手)
H334,30/10/2025,游水,從化,,從化,,,,,,,,游水,,
H334,30/10/2025,踱步,從化,內圈,從化 內圈,,,,,,助手,,倒快兩圈,,內圈 倒快兩圈 (助手)
H334,29/10/2025,游水,從化,,從化,,,,,,,,游水,,
H334,29/10/2025,踱步,從化,內圈,從化 內圈,,,,,,助手,,快踱一圈,H,內圈 快踱一圈 (助手)
H334,28/10/2025,試閘,從化,草地,從化 草地,1200M,1.10.12,70.12,24.8 22.2 23.1,同樣美麗,鍾易禮,,第6組,B,第6組 (鍾易禮) 1200M 同樣美麗 24.8 22.2 23.1 (1.10.12)
H334,28/10/2025,游水,從化,,從化,,,,,,,,游水,,
H334,27/10/2025,游水,從化,,從化,,,,,,,,游水,,
H334,27/10/2025,踱步,從化,內圈,從化 內圈,,,,,,助手,,倒快兩圈,,內圈 倒快兩圈 (助手)
H334,26/10/2025,游水,從化,,從化,,,,,,,,游水,,
H334,26/10/2025,踱步,從化,內圈,從化 內圈,,,,,,助手,,快踱一圈,,內圈 快踱一圈 (助手)
H334,25/10/2025,游水,從化,,從化,,,,,,,,游水,,
H334,25/10/2025,踱步,從化,內圈,從化 內圈,,,,,,助手,,快踱一圈,,內圈 快踱一圈 (助手)
H334,24/10/2025,游水,從化,,從化,,,,,,,,游水,,
H334,24/10/2025,快操,從化,全天候,從化 全天候,,56.9,56.9,30.3 26.6,,助手,,快操,B,30.3 26.6 (56.9) (助手)
H334,24/10/2025,踱步,從化,飛機場,從化 飛機場,,,,,,助手,,踱步,B,飛機場 踱步 (助手)
H334,23/10/2025,游水,從化,,從化,,,,,,,,游水,,
H334,23/10/2025,踱步,從化,內圈,從化 內圈,,,,,,助手,,倒快兩圈,,內圈 倒快兩圈 (助手)
H334,22/10/2025,游水,從化,,從化,,,,,,,,游水,,
H334,22/10/2025,踱步,從化,內圈,從化 內圈,,,,,,助手,,快踱一圈,,內圈 快踱一圈 (助手)
H334,21/10/2025,游水,從化,,從化,,,,,,,,游水,,
H334,21/10/2025,快操,從化,全天候,從化 全天候,,57.3,57.3,30.7 26.6,,助手,,快操,B,30.7 26.6 (57.3) (助手)
H334,21/10/2025,踱步,從化,飛機場,從化 飛機場,,,,,,助手,,踱步,B,飛機場 踱步 (助手)
H334,20/10/2025,游水,從化,,從化,,,,,,,,游水,,
H334,20/10/2025,踱步,從化,內圈,從化 內圈,,,,,,助手,,倒快兩圈,,內圈 倒快兩圈 (助手)
H334,19/10/2025,游水,從化,,從化,,,,,,,,游水,,
H334,19/10/2025,踱步,從化,內圈,從化 內圈,,,,,,助手,,快踱一圈,,內圈 快踱一圈 (助手)
H334,18/10/2025,游水,從化,,從化,,,,,,,,游水,,
H334,18/10/2025,踱步,從化,內圈,從化 內圈,,,,,,助手,,快踱一圈,,內圈 快踱一圈 (助手)
H334,17/10/2025,游水,從化,,從化,,,,,,,,游水,,
H334,17/10/2025,踱步,從化,內圈,從化 內圈,,,,,,助手,,快踱一圈,,內圈 快踱一圈 (助手)
H334,16/10/2025,游水,從化,,從化,,,,,,,,游水,,
H334,16/10/2025,踱步,從化,內圈,從化 內圈,,,,,,助手,,倒快兩圈,,內圈 倒快兩圈 (助手)
H334,15/10/2025,游水,從化,,從化,,,,,,,,游水,,
H334,15/10/2025,踱步,從化,內圈,從化 內圈,,,,,,助手,,快踱一圈,,內圈 快踱一圈 (助手)
H334,14/10/2025,游水,從化,,從化,,,,,,,,游水,,
H334,14/10/2025,踱步,從化,內圈,從化 內圈,,,,,,助手,,快踱一圈,,內圈 快踱一圈 (助手)
H334,13/10/2025,試閘,從化,草地,從化 草地,1200M,1.11.00,71.0,24.6 23.3 23.1,鑽得勝,鍾易禮,,第10組,B,第10組 (鍾易禮) 1200M 鑽得勝 24.6 23.3 23.1 (1.11.00)
H334,13/10/2025,游水,從化,,從化,,,,,,,,游水,,
H334,12/10/2025,游水,從化,,從化,,,,,,,,游水,,
H334,12/10/2025,踱步,從化,內圈,從化 內圈,,,,,,助手,,快踱一圈,,內圈 快踱一圈 (助手)
H334,11/10/2025,游水,從化,,從化,,,,,,,,游水,,
H334,11/10/2025,踱步,從化,內圈,從化 內圈,,,,,,助手,,快踱一圈,,內圈 快踱一圈 (助手)
H334,10/10/2025,游水,從化,,從化,,,,,,,,游水,,
H334,10/10/2025,快操,從化,全天候,從化 全天候,,59.8,59.8,30.3 29.5,,助手,,快操,B,30.3 29.5 (59.8) (助手)
H334,10/10/2025,踱步,從化,飛機場,從化 飛機場,,,,,,助手,,踱步,B,飛機場 踱步 (助手)
H334,09/10/2025,游水,從化,,從化,,,,,,,,游水,,
H334,09/10/2025,踱步,從化,內圈,從化 內圈,,,,,,助手,,倒快兩圈,,內圈 倒快兩圈 (助手)
H334,08/10/2025,游水,從化,,從化,,,,,,,,游水,,
H334,08/10/2025,快操,從化,全天候,從化 全天候,,57.2,57.2,30.8 26.4,,助手,,快操,B,30.8 26.4 (57.2) (助手)
H334,08/10/2025,踱步,從化,飛機場,從化 飛機場,,,,,,助手,,踱步,B,飛機場 踱步 (助手)
H334,07/10/2025,游水,從化,,從化,,,,,,,,游水,,
H334,07/10/2025,踱步,從化,內圈,從化 內圈,,,,,,助手,,快踱一圈,,內圈 快踱一圈 (助手)
H334,06/10/2025,游水,從化,,從化,,,,,,,,游水,,
H334,06/10/2025,踱步,從化,內圈,從化 內圈,,,,,,助手,,倒快兩圈,,內圈 倒快兩圈 (助手)
H334,05/10/2025,游水,從化,,從化,,,,,,,,游水,,
H334,05/10/2025,快操,從化,全天候,從化 全天候,,57.5,57.5,31.1 26.4,,助手,,快操,B,31.1 26.4 (57.5) (助手)
H334,05/10/2025,踱步,從化,飛機場,從化 飛機場,,,,,,助手,,踱步,B,飛機場 踱步 (助手)
H334,04/10/2025,游水,從化,,從化,,,,,,,,游水,,
H334,04/10/2025,踱步,從化,內圈,從化 內圈,,,,,,助手,,快踱一圈,,內圈 快踱一圈 (助手)
H334,03/10/2025,游水,從化,,從化,,,,,,,,游水,,
H334,03/10/2025,踱步,從化,內圈,從化 內圈,,,,,,助手,,快踱一圈,,內圈 快踱一圈 (助手)
H334,02/10/2025,游水,從化,,從化,,,,,,,,游水,,
H334,02/10/2025,踱步,從化,內圈,從化 內圈,,,,,,助手,,倒快兩圈,,內圈 倒快兩圈 (助手)
H334,01/10/2025,游水,從化,,從化,,,,,,,,游水,,
H334,01/10/2025,踱步,從化,內圈,從化 內圈,,,,,,助手,,快踱一圈,,內圈 快踱一圈 (助手)
H334,30/09/2025,游水,沙田,,沙田,,,,,,,,游水,,
H334,30/09/2025,踱步,沙田,內圈,沙田 內圈,,,,,,助手,,快踱一圈,,內圈 快踱一圈 (助手)
H334,29/09/2025,游水,沙田,,沙田,,,,,,,,游水,,
H334,28/09/2025,出賽,沙田,草地,沙田 草地,1400M,,,,,鍾易禮,1/14,出賽,B/TT,1400M (鍾易禮) (1/14)
H334,28/09/2025,游水,沙田,,沙田,,,,,,,,游水,,
H334,28/09/2025,踱步,沙田,內圈,沙田 內圈,,,,,,助手,,快踱一圈,,內圈 快踱一圈 (助手)
H334,27/09/2025,游水,沙田,,沙田,,,,,,,,游水,,
H334,27/09/2025,踱步,沙田,內圈,沙田 內圈,,,,,,助手,,快踱一圈,,內圈 快踱一圈 (助手)
H334,26/09/2025,游水,沙田,,沙田,,,,,,,,游水,,
H334,26/09/2025,踱步,沙田,內圈,沙田 內圈,,,,,,助手,,快踱一圈,,內圈 快踱一圈 (助手)
H334,25/09/2025,游水,沙田,,沙田,,,,,,,,游水,,
H334,25/09/2025,快操,沙田,全天候,沙田 全天候,,55.9,55.9,30.7 25.2,,助手,,快操,B,30.7 25.2 (55.9) (助手)
H334,25/09/2025,踱步,沙田,飛機場,沙田 飛機場,,,,,,助手,,踱步,B,飛機場 踱步 (助手)
H334,23/09/2025,游水,沙田,,沙田,,,,,,,,游水,,
H334,23/09/2025,踱步,沙田,內圈,沙田 內圈,,,,,,助手,,快踱一圈,,內圈 快踱一圈 (助手)
H334,22/09/2025,游水,沙田,,沙田,,,,,,,,游水,,
H334,22/09/2025,快操,沙田,全天候,沙田 全天候,,56.6,56.6,30.7 25.9,,助手,,快操,B,30.7 25.9 (56.6) (助手)
H334,22/09/2025,踱步,沙田,飛機場,沙田 飛機場,,,,,,助手,,踱步,B,飛機場 踱步 (助手)
H334,21/09/2025,游水,沙田,,沙田,,,,,,,,游水,,
H334,21/09/2025,踱步,沙田,內圈,沙田 內圈,,,,,,助手,,快踱一圈,,內圈 快踱一圈 (助手)
H334,20/09/2025,游水,沙田,,沙田,,,,,,,,游水,,
H334,20/09/2025,踱步,沙田,內圈,沙田 內圈,,,,,,鍾易禮,,快踱一圈,,內圈 快踱一圈 (鍾易禮)
H334,19/09/2025,游水,沙田,,沙田,,,,,,,,游水,,
H334,19/09/2025,踱步,沙田,內圈,沙田 內圈,,,,,,助手,,快踱一圈,,內圈 快踱一圈 (助手)
H334,18/09/2025,游水,沙田,,沙田,,,,,,,,游水,,
H334,18/09/2025,快操,沙田,全天候,沙田 全天候,,57.3,57.3,30.7 26.6,,助手,,快操,B,30.7 26.6 (57.3) (助手)
H334,18/09/2025,踱步,沙田,飛機場,沙田 飛機場,,,,,,助手,,踱步,B,飛機場 踱步 (助手)
H334,17/09/2025,踱步,沙田,內圈,沙田 內圈,,,,,,助手,,快踱一圈,,內圈 快踱一圈 (助手)
H334,16/09/2025,踱步,沙田,內圈,沙田 內圈,,,,,,助手,,快踱一圈,,內圈 快踱一圈 (助手)
H334,15/09/2025,踱步,沙田,內圈,沙田 內圈,,,,,,助手,,倒快兩圈,,內圈 倒快兩圈 (助手)
H334,14/09/2025,快操,沙田,全天候,沙田 全天候,,56.6,56.6,30.4 26.2,,助手,,快操,B,30.4 26.2 (56.6) (助手)
H334,14/09/2025,踱步,沙田,飛機場,沙田 飛機場,,,,,,助手,,踱步,B,飛機場 踱步 (助手)
H334,13/09/2025,踱步,沙田,內圈,沙田 內圈,,,,,,助手,,快踱一圈,,內圈 快踱一圈 (助手)
H334,12/09/2025,踱步,沙田,內圈,沙田 內圈,,,,,,助手,,快踱一圈,,內圈 快踱一圈 (助手)
H334,11/09/2025,踱步,沙田,內圈,沙田 內圈,,,,,,助手,,倒快兩圈,,內圈 倒快兩圈 (助手)
H334,10/09/2025,踱步,沙田,內圈,沙田 內圈,,,,,,助手,,快踱一圈,,內圈 快踱一圈 (助手)
H334,09/09/2025,踱步,沙田,內圈,沙田 內圈,,,,,,助手,,快踱一圈,,內圈 快踱一圈 (助手)
H334,07/09/2025,出賽,沙田,草地,沙田 草地,1400M,,,,,鍾易禮,1/14,出賽,B/TT,1400M (鍾易禮) (1/14)
H334,07/09/2025,踱步,沙田,內圈,沙田 內圈,,,,,,助手,,快踱一圈,,內圈 快踱一圈 (助手)
H334,06/09/2025,踱步,沙田,內圈,沙田 內圈,,,,,,助手,,快踱一圈,,內圈 快踱一圈 (助手)
H334,05/09/2025,踱步,沙田,內圈,沙田 內圈,,,,,,助手,,快踱一圈,,內圈 快踱一圈 (助手)
H334,04/09/2025,快操,沙田,全天候,沙田 全天候,,54.3,54.3,28.8 25.5,,助手,,快操,B,28.8 25.5 (54.3) (助手)
H334,04/09/2025,踱步,沙田,飛機場,沙田 飛機場,,,,,,助手,,踱步,B,飛機場 踱步 (助手)
H334,03/09/2025,踱步,沙田,內圈,沙田 內圈,,,,,,助手,,快踱一圈,,內圈 快踱一圈 (助手)
H334,02/09/2025,踱步,沙田,內圈,沙田 內圈,,,,,,助手,,快踱一圈,,內圈 快踱一圈 (助手)
H334,01/09/2025,快操,沙田,全天候,沙田 全天候,,56.3,56.3,29.8 26.5,,助手,,快操,B,29.8 26.5 (56.3) (助手)
H334,01/09/2025,踱步,沙田,飛機場,沙田 飛機場,,,,,,助手,,踱步,B,飛機場 踱步 (助手)
H334,31/08/2025,踱步,沙田,內圈,沙田 內圈,,,,,,鍾易禮,,快踱一圈,,內圈 快踱一圈 (鍾易禮)
H334,30/08/2025,踱步,沙田,內圈,沙田 內圈,,,,,,助手,,快踱一圈,,內圈 快踱一圈 (助手)
H334,29/08/2025,踱步,沙田,內圈,沙田 內圈,,,,,,助手,,快踱一圈,,內圈 快踱一圈 (助手)
H334,28/08/2025,踱步,沙田,內圈,沙田 內圈,,,,,,助手,,倒快兩圈,,內圈 倒快兩圈 (助手)
H334,27/08/2025,踱步,沙田,內圈,沙田 內圈,,,,,,助手,,快踱一圈,,內圈 快踱一圈 (助手)
H334,26/08/2025,試閘,沙田,全天候,沙田 全天候,1200M,1.09.89,69.89,24.2 22.7 22.9,美麗第一,鍾易禮,,第1組,B,第1組 (鍾易禮) 1200M 美麗第一 24.2 22.7 22.9 (1.09.89)
H334,25/08/2025,踱步,沙田,內圈,沙田 內圈,,,,,,助手,,倒快兩圈,,內圈 倒快兩圈 (助手)
H334,24/08/2025,踱步,沙田,內圈,沙田 內圈,,,,,,助手,,快踱一圈,,內圈 快踱一圈 (助手)
H334,23/08/2025,快操,沙田,全天候,沙田 全天候,,54.5,54.5,28.6 25.9,,助手,,快操,B,28.6 25.9 (54.5) (助手)
H334,23/08/2025,踱步,沙田,飛機場,沙田 飛機場,,,,,,助手,,踱步,B,飛機場 踱步 (助手)
H334,22/08/2025,踱步,沙田,內圈,沙田 內圈,,,,,,助手,,快踱一圈,,內圈 快踱一圈 (助手)
H334,21/08/2025,踱步,沙田,內圈,沙田 內圈,,,,,,助手,,倒快兩圈,,內圈 倒快兩圈 (助手)
H334,20/08/2025,快操,沙田,全天候,沙田 全天候,,57.6,57.6,29.7 27.9,,助手,,快操,B,29.7 27.9 (57.6) (助手)
H334,20/08/2025,踱步,沙田,飛機場,沙田 飛機場,,,,,,助手,,踱步,B,飛機場 踱步 (助手)
H334,19/08/2025,踱步,沙田,內圈,沙田 內圈,,,,,,助手,,快踱一圈,,內圈 快踱一圈 (助手)
H334,18/08/2025,踱步,沙田,內圈,沙田 內圈,,,,,,助手,,倒快兩圈,,內圈 倒快兩圈 (助手)
H334,17/08/2025,踱步,沙田,內圈,沙田 內圈,,,,,,助手,,快踱一圈,,內圈 快踱一圈 (助手)
H334,16/08/2025,快操,沙田,全天候,沙田 全天候,,1.01.5,61.5,31.9 29.6,,助手,,快操,B,31.9 29.6 (1.01.5) (助手)
H334,16/08/2025,踱步,沙田,飛機場,沙田 飛機場,,,,,,助手,,踱步,B,飛機場 踱步 (助手)
H334,15/08/2025,踱步,沙田,內圈,沙田 內圈,,,,,,助手,,快踱一圈,,內圈 快踱一圈 (助手)
H334,14/08/2025,踱步,沙田,內圈,沙田 內圈,,,,,,助手,,倒快兩圈,,內圈 倒快兩圈 (助手)
H334,13/08/2025,快操,沙田,全天候,沙田 全天候,,57.7,57.7,30.4 27.3,,助手,,快操,H,30.4 27.3 (57.7) (助手)
H334,13/08/2025,踱步,沙田,飛機場,沙田 飛機場,,,,,,助手,,踱步,H,飛機場 踱步 (助手)
H334,12/08/2025,踱步,沙田,內圈,沙田 內圈,,,,,,助手,,快踱一圈,,內圈 快踱一圈 (助手)
H334,11/08/2025,踱步,沙田,內圈,沙田 內圈,,,,,,助手,,倒快兩圈,,內圈 倒快兩圈 (助手)
H334,10/08/2025,踱步,沙田,內圈,沙田 內圈,,,,,,助手,,快踱一圈,,內圈 快踱一圈 (助手)
H334,09/08/2025,踱步,沙田,內圈,沙田 內圈,,,,,,助手,,快踱一圈,,內圈 快踱一圈 (助手)
H334,08/08/2025,踱步,沙田,內圈,沙田 內圈,,,,,,助手,,快踱一圈,,內圈 快踱一圈 (助手)
H334,07/08/2025,踱步,沙田,內圈,沙田 內圈,,,,,,助手,,倒快兩圈,,內圈 倒快兩圈 (助手)
H334,06/08/2025,踱步,沙田,內圈,沙田 內圈,,,,,,助手,,快踱一圈,,內圈 快踱一圈 (助手)
H334,04/08/2025,踱步,沙田,內圈,沙田 內圈,,,,,,助手,,快踱一圈,,內圈 快踱一圈 (助手)
H334,13/07/2025,游水,沙田,,沙田,,,,,,,,游水,,
H334,12/07/2025,游水,沙田,,沙田,,,,,,,,游水,,
H334,11/07/2025,游水,沙田,,沙田,,,,,,,,游水,,
H334,10/07/2025,游水,沙田,,沙田,,,,,,,,游水,,
H334,09/07/2025,游水,沙田,,沙田,,,,,,,,游水,,
H334,08/07/2025,游水,沙田,,沙田,,,,,,,,游水,,
H334,07/07/2025,游水,沙田,,沙田,,,,,,,,游水,,
H334,06/07/2025,游水,沙田,,沙田,,,,,,,,游水,,
H334,05/07/2025,出賽,沙田,草地,沙田 草地,1400M,,,,,鍾易禮,1/14,出賽,B/TT,1400M (鍾易禮) (1/14)
H334,05/07/2025,游水,沙田,,沙田,,,,,,,,游水,,
H334,05/07/2025,踱步,沙田,內圈,沙田 內圈,,,,,,助手,,快踱一圈,,內圈 快踱一圈 (助手)
H334,04/07/2025,游水,沙田,,沙田,,,,,,,,游水,,
H334,04/07/2025,踱步,沙田,內圈,沙田 內圈,,,,,,助手,,快踱一圈,,內圈 快踱一圈 (助手)
H334,03/07/2025,游水,沙田,,沙田,,,,,,,,游水,,
H334,03/07/2025,踱步,沙田,內圈,沙田 內圈,,,,,,助手,,倒快兩圈,,內圈 倒快兩圈 (助手)
H334,02/07/2025,游水,沙田,,沙田,,,,,,,,游水,,
H334,02/07/2025,快操,沙田,全天候,沙田 全天候,,56.1,56.1,29.0 27.1,,助手,,快操,B,29.0 27.1 (56.1) (助手)
H334,02/07/2025,踱步,沙田,飛機場,沙田 飛機場,,,,,,助手,,踱步,B,飛機場 踱步 (助手)
H334,01/07/2025,游水,沙田,,沙田,,,,,,,,游水,,
H334,01/07/2025,踱步,沙田,內圈,沙田 內圈,,,,,,助手,,快踱一圈,,內圈 快踱一圈 (助手)
H334,30/06/2025,游水,沙田,,沙田,,,,,,,,游水,,
H334,30/06/2025,踱步,沙田,內圈,沙田 內圈,,,,,,助手,,倒快兩圈,,內圈 倒快兩圈 (助手)
H334,29/06/2025,游水,沙田,,沙田,,,,,,,,游水,,
H334,29/06/2025,快操,沙田,全天候,沙田 全天候,,56.9,56.9,30.1 26.8,,助手,,快操,B,30.1 26.8 (56.9) (助手)
H334,29/06/2025,踱步,沙田,飛機場,沙田 飛機場,,,,,,助手,,踱步,B,飛機場 踱步 (助手)
H334,28/06/2025,游水,沙田,,沙田,,,,,,,,游水,,
H334,28/06/2025,踱步,沙田,內圈,沙田 內圈,,,,,,助手,,快踱一圈,H,內圈 快踱一圈 (助手)
H334,27/06/2025,游水,沙田,,沙田,,,,,,,,游水,,
H334,27/06/2025,踱步,沙田,內圈,沙田 內圈,,,,,,助手,,快踱一圈,,內圈 快踱一圈 (助手)
H334,26/06/2025,游水,沙田,,沙田,,,,,,,,游水,,
H334,26/06/2025,踱步,沙田,內圈,沙田 內圈,,,,,,助手,,倒快兩圈,,內圈 倒快兩圈 (助手)
H334,25/06/2025,游水,沙田,,沙田,,,,,,,,游水,,
H334,25/06/2025,踱步,沙田,內圈,沙田 內圈,,,,,,助手,,快踱一圈,,內圈 快踱一圈 (助手)
H334,24/06/2025,游水,沙田,,沙田,,,,,,,,游水,,
H334,24/06/2025,踱步,沙田,內圈,沙田 內圈,,,,,,助手,,快踱一圈,,內圈 快踱一圈 (助手)
H334,23/06/2025,游水,沙田,,沙田,,,,,,,,游水,,
H334,22/06/2025,出賽,沙田,草地,沙田 草地,1200M,,,,,鍾易禮,7/14,出賽,B2/TT,1200M (鍾易禮) (7/14)
H334,22/06/2025,游水,沙田,,沙田,,,,,,,,游水,,
H334,22/06/2025,踱步,沙田,內圈,沙田 內圈,,,,,,助手,,快踱一圈,,內圈 快踱一圈 (助手)
H334,21/06/2025,游水,沙田,,沙田,,,,,,,,游水,,
H334,21/06/2025,踱步,沙田,內圈,沙田 內圈,,,,,,助手,,快踱一圈,,內圈 快踱一圈 (助手)
H334,20/06/2025,游水,沙田,,沙田,,,,,,,,游水,,
H334,20/06/2025,踱步,沙田,內圈,沙田 內圈,,,,,,助手,,快踱一圈,,內圈 快踱一圈 (助手)
H334,19/06/2025,游水,沙田,,沙田,,,,,,,,游水,,
H334,19/06/2025,快操,沙田,全天候,沙田 全天候,,56.7,56.7,30.3 26.4,,助手,,快操,B,30.3 26.4 (56.7) (助手)
H334,19/06/2025,踱步,沙田,飛機場,沙田 飛機場,,,,,,助手,,踱步,B,飛機場 踱步 (助手)
H334,18/06/2025,游水,沙田,,沙田,,,,,,,,游水,,
H334,18/06/2025,踱步,沙田,內圈,沙田 內圈,,,,,,助手,,快踱一圈,,內圈 快踱一圈 (助手)
H334,17/06/2025,游水,沙田,,沙田,,,,,,,,游水,,
H334,17/06/2025,踱步,沙田,內圈,沙田 內圈,,,,,,助手,,快踱一圈,,內圈 快踱一圈 (助手)
H334,16/06/2025,游水,沙田,,沙田,,,,,,,,游水,,
H334,16/06/2025,踱步,沙田,內圈,沙田 內圈,,,,,,助手,,倒快兩圈,,內圈 倒快兩圈 (助手)
H334,15/06/2025,游水,沙田,,沙田,,,,,,,,游水,,
H334,15/06/2025,快操,沙田,全天候,沙田 全天候,,57.5,57.5,31.3 26.2,,助手,,快操,B,31.3 26.2 (57.5) (助手)
H334,15/06/2025,踱步,沙田,飛機場,沙田 飛機場,,,,,,助手,,踱步,B,飛機場 踱步 (助手)
H334,14/06/2025,游水,沙田,,沙田,,,,,,,,游水,,
H334,14/06/2025,踱步,沙田,內圈,沙田 內圈,,,,,,助手,,快踱一圈,,內圈 快踱一圈 (助手)
H334,13/06/2025,游水,沙田,,沙田,,,,,,,,游水,,
H334,13/06/2025,踱步,沙田,內圈,沙田 內圈,,,,,,助手,,快踱一圈,,內圈 快踱一圈 (助手)
H334,12/06/2025,游水,沙田,,沙田,,,,,,,,游水,,
H334,12/06/2025,踱步,沙田,內圈,沙田 內圈,,,,,,助手,,倒快兩圈,,內圈 倒快兩圈 (助手)
H334,11/06/2025,游水,沙田,,沙田,,,,,,,,游水,,
H334,11/06/2025,快操,沙田,全天候,沙田 全天候,,58.1,58.1,31.1 27.0,,助手,,快操,B,31.1 27.0 (58.1) (助手)
H334,11/06/2025,踱步,沙田,飛機場,沙田 飛機場,,,,,,助手,,踱步,B,飛機場 踱步 (助手)
H334,10/06/2025,游水,沙田,,沙田,,,,,,,,游水,,
H334,10/06/2025,踱步,沙田,內圈,沙田 內圈,,,,,,助手,,快踱一圈,,內圈 快踱一圈 (助手)
H334,09/06/2025,游水,沙田,,沙田,,,,,,,,游水,,
H334,09/06/2025,踱步,沙田,內圈,沙田 內圈,,,,,,助手,,倒快兩圈,H,內圈 倒快兩圈 (助手)
H334,08/06/2025,游水,沙田,,沙田,,,,,,,,游水,,
H334,08/06/2025,踱步,沙田,內圈,沙田 內圈,,,,,,助手,,快踱一圈,,內圈 快踱一圈 (助手)
H334,07/06/2025,游水,沙田,,沙田,,,,,,,,游水,,
H334,07/06/2025,踱步,沙田,內圈,沙田 內圈,,,,,,助手,,快踱一圈,,內圈 快踱一圈 (助手)
H334,06/06/2025,游水,沙田,,沙田,,,,,,,,游水,,
H334,06/06/2025,踱步,沙田,內圈,沙田 內圈,,,,,,助手,,快踱一圈,H,內圈 快踱一圈 (助手)
H334,05/06/2025,游水,沙田,,沙田,,,,,,,,游水,,
H334,05/06/2025,踱步,沙田,內圈,沙田 內圈,,,,,,助手,,倒快兩圈,,內圈 倒快兩圈 (助手)
H334,04/06/2025,游水,沙田,,沙田,,,,,,,,游水,,
H334,04/06/2025,踱步,沙田,內圈,沙田 內圈,,,,,,助手,,快踱一圈,,內圈 快踱一圈 (助手)
H334,03/06/2025,試閘,沙田,草地,沙田 草地,1000M,0.58.05,58.05,13.8 21.5 22.7,同樣美麗,鍾易禮,,第2組,B,第2組 (鍾易禮) 1000M 同樣美麗 13.8 21.5 22.7 (0.58.05)
H334,03/06/2025,游水,沙田,,沙田,,,,,,,,游水,,
H334,02/06/2025,游水,沙田,,沙田,,,,,,,,游水,,
H334,01/06/2025,游水,沙田,,沙田,,,,,,,,游水,,
H334,01/06/2025,踱步,沙田,內圈,沙田 內圈,,,,,,助手,,快踱一圈,,內圈 快踱一圈 (助手)
H334,31/05/2025,游水,沙田,,沙田,,,,,,,,游水,,
H334,31/05/2025,快操,沙田,全天候,沙田 全天候,,58.1,58.1,31.8 26.3,,助手,,快操,B,31.8 26.3 (58.1) (助手)
H334,31/05/2025,踱步,沙田,飛機場,沙田 飛機場,,,,,,助手,,踱步,B,飛機場 踱步 (助手)
H334,30/05/2025,游水,沙田,,沙田,,,,,,,,游水,,
H334,30/05/2025,踱步,沙田,內圈,沙田 內圈,,,,,,助手,,快踱一圈,,內圈 快踱一圈 (助手)
H334,29/05/2025,游水,沙田,,沙田,,,,,,,,游水,,
H334,28/05/2025,游水,沙田,,沙田,,,,,,,,游水,,
H334,28/05/2025,快操,沙田,全天候,沙田 全天候,,55.4,55.4,29.1 26.3,,鍾易禮,,快操,,29.1 26.3 (55.4) (鍾易禮)
H334,28/05/2025,踱步,沙田,飛機場,沙田 飛機場,,,,,,鍾易禮,,踱步,B,飛機場 踱步 (鍾易禮)
H334,27/05/2025,游水,沙田,,沙田,,,,,,,,游水,,
H334,27/05/2025,踱步,沙田,內圈,沙田 內圈,,,,,,助手,,快踱一圈,,內圈 快踱一圈 (助手)
H334,26/05/2025,游水,沙田,,沙田,,,,,,,,游水,,
H334,26/05/2025,踱步,沙田,內圈,沙田 內圈,,,,,,助手,,倒快兩圈,,內圈 倒快兩圈 (助手)
H334,25/05/2025,游水,沙田,,沙田,,,,,,,,游水,,
H334,25/05/2025,踱步,沙田,內圈,沙田 內圈,,,,,,助手,,快踱一圈,,內圈 快踱一圈 (助手)
H334,24/05/2025,游水,沙田,,沙田,,,,,,,,游水,,
H334,24/05/2025,踱步,沙田,內圈,沙田 內圈,,,,,,助手,,快踱一圈,,內圈 快踱一圈 (助手)
H334,23/05/2025,游水,沙田,,沙田,,,,,,,,游水,,
H334,22/05/2025,試閘,沙田,全天候,沙田 全天候,1200M,1.10.96,70.96,25.1 23.4 22.4,枕頭之星,鍾易禮,,第3組,,第3組 (鍾易禮) 1200M 枕頭之星 25.1 23.4 22.4 (1.10.96)
H334,22/05/2025,游水,沙田,,沙田,,,,,,,,游水,,
H334,21/05/2025,游水,沙田,,沙田,,,,,,,,游水,,
H334,21/05/2025,踱步,沙田,內圈,沙田 內圈,,,,,,助手,,快踱一圈,,內圈 快踱一圈 (助手)
H334,20/05/2025,游水,沙田,,沙田,,,,,,,,游水,,
H334,19/05/2025,游水,沙田,,沙田,,,,,,,,游水,,
H334,19/05/2025,踱步,沙田,內圈,沙田 內圈,,,,,,助手,,倒快兩圈,,內圈 倒快兩圈 (助手)
H334,18/05/2025,游水,沙田,,沙田,,,,,,,,游水,,
H334,18/05/2025,快操,沙田,全天候,沙田 全天候,,57.9,57.9,31.2 26.7,,助手,,快操,B,31.2 26.7 (57.9) (助手)
H334,18/05/2025,踱步,沙田,飛機場,沙田 飛機場,,,,,,助手,,踱步,B,飛機場 踱步 (助手)
H334,17/05/2025,游水,沙田,,沙田,,,,,,,,游水,,
H334,17/05/2025,踱步,沙田,內圈,沙田 內圈,,,,,,助手,,快踱一圈,,內圈 快踱一圈 (助手)
H334,16/05/2025,游水,沙田,,沙田,,,,,,,,游水,,
H334,16/05/2025,踱步,沙田,內圈,沙田 內圈,,,,,,助手,,快踱一圈,,內圈 快踱一圈 (助手)
H334,15/05/2025,游水,沙田,,沙田,,,,,,,,游水,,
H334,15/05/2025,踱步,沙田,內圈,沙田 內圈,,,,,,助手,,倒快兩圈,,內圈 倒快兩圈 (助手)
H334,14/05/2025,游水,沙田,,沙田,,,,,,,,游水,,
H334,14/05/2025,踱步,沙田,內圈,沙田 內圈,,,,,,助手,,快踱一圈,,內圈 快踱一圈 (助手)
H334,13/05/2025,游水,沙田,,沙田,,,,,,,,游水,,
H334,13/05/2025,踱步,沙田,內圈,沙田 內圈,,,,,,助手,,快踱一圈,,內圈 快踱一圈 (助手)
H334,12/05/2025,試閘,沙田,全天候,沙田 全天候,1200M,1.09.71,69.71,24.4 22.4 22.9,南區之星,鍾易禮,,第2組,B,第2組 (鍾易禮) 1200M 南區之星 24.4 22.4 22.9 (1.09.71)
H334,12/05/2025,游水,沙田,,沙田,,,,,,,,游水,,
H334,11/05/2025,游水,沙田,,沙田,,,,,,,,游水,,
H334,11/05/2025,踱步,沙田,內圈,沙田 內圈,,,,,,助手,,快踱一圈,,內圈 快踱一圈 (助手)
H334,10/05/2025,游水,沙田,,沙田,,,,,,,,游水,,
H334,10/05/2025,踱步,沙田,內圈,沙田 內圈,,,,,,助手,,快踱一圈,,內圈 快踱一圈 (助手)
H334,09/05/2025,游水,沙田,,沙田,,,,,,,,游水,,
H334,09/05/2025,快操,沙田,全天候,沙田 全天候,,57.1,57.1,30.4 26.7,,助手,,快操,B,30.4 26.7 (57.1) (助手)
H334,09/05/2025,踱步,沙田,飛機場,沙田 飛機場,,,,,,助手,,踱步,B,飛機場 踱步 (助手)
H334,08/05/2025,游水,沙田,,沙田,,,,,,,,游水,,
H334,08/05/2025,踱步,沙田,內圈,沙田 內圈,,,,,,助手,,倒快兩圈,,內圈 倒快兩圈 (助手)
H334,07/05/2025,游水,沙田,,沙田,,,,,,,,游水,,
H334,07/05/2025,快操,沙田,全天候,沙田 全天候,,58.3,58.3,31.1 27.2,,助手,,快操,,31.1 27.2 (58.3) (助手)
H334,07/05/2025,踱步,沙田,飛機場,沙田 飛機場,,,,,,助手,,踱步,,飛機場 踱步 (助手)
H334,06/05/2025,游水,沙田,,沙田,,,,,,,,游水,,
H334,06/05/2025,踱步,沙田,內圈,沙田 內圈,,,,,,助手,,快踱一圈,,內圈 快踱一圈 (助手)
H334,05/05/2025,游水,沙田,,沙田,,,,,,,,游水,,
H334,05/05/2025,踱步,沙田,內圈,沙田 內圈,,,,,,助手,,倒快兩圈,,內圈 倒快兩圈 (助手)
H334,04/05/2025,游水,沙田,,沙田,,,,,,,,游水,,
H334,04/05/2025,踱步,沙田,內圈,沙田 內圈,,,,,,助手,,快踱一圈,,內圈 快踱一圈 (助手)
H334,03/05/2025,游水,沙田,,沙田,,,,,,,,游水,,
H334,03/05/2025,踱步,沙田,內圈,沙田 內圈,,,,,,助手,,快踱一圈,,內圈 快踱一圈 (助手)
H334,02/05/2025,游水,沙田,,沙田,,,,,,,,游水,,
H334,02/05/2025,踱步,沙田,內圈,沙田 內圈,,,,,,助手,,快踱一圈,,內圈 快踱一圈 (助手)
H334,01/05/2025,游水,沙田,,沙田,,,,,,,,游水,,
H334,30/04/2025,出賽,跑馬地,草地,跑馬地 草地,1650M,,,,,奧爾民,5/12,出賽,TT,1650M (奧爾民) (5/12)
H334,30/04/2025,游水,沙田,,沙田,,,,,,,,游水,,
H334,30/04/2025,踱步,沙田,內圈,沙田 內圈,,,,,,助手,,快踱一圈,,內圈 快踱一圈 (助手)
H334,29/04/2025,游水,沙田,,沙田,,,,,,,,游水,,
H334,29/04/2025,踱步,沙田,內圈,沙田 內圈,,,,,,助手,,快踱一圈,,內圈 快踱一圈 (助手)
H334,28/04/2025,游水,沙田,,沙田,,,,,,,,游水,,
H334,28/04/2025,踱步,沙田,內圈,沙田 內圈,,,,,,助手,,倒快兩圈,,內圈 倒快兩圈 (助手)
H334,27/04/2025,游水,沙田,,沙田,,,,,,,,游水,,
H334,27/04/2025,踱步,沙田,內圈,沙田 內圈,,,,,,助手,,快踱一圈,,內圈 快踱一圈 (助手)
H334,26/04/2025,游水,沙田,,沙田,,,,,,,,游水,,
H334,26/04/2025,踱步,沙田,內圈,沙田 內圈,,,,,,助手,,快踱一圈,,內圈 快踱一圈 (助手)
H334,25/04/2025,游水,沙田,,沙田,,,,,,,,游水,,
H334,25/04/2025,踱步,沙田,內圈,沙田 內圈,,,,,,助手,,快踱一圈,,內圈 快踱一圈 (助手)
H334,24/04/2025,游水,沙田,,沙田,,,,,,,,游水,,
H334,24/04/2025,踱步,沙田,內圈,沙田 內圈,,,,,,助手,,倒快兩圈,,內圈 倒快兩圈 (助手)
H334,23/04/2025,游水,沙田,,沙田,,,,,,,,游水,,
H334,22/04/2025,游水,沙田,,沙田,,,,,,,,游水,,
H334,22/04/2025,踱步,沙田,內圈,沙田 內圈,,,,,,助手,,快踱一圈,,內圈 快踱一圈 (助手)
H334,21/04/2025,游水,沙田,,沙田,,,,,,,,游水,,
H334,20/04/2025,出賽,沙田,草地,沙田 草地,1400M,,,,,奧爾民,7/13,出賽,TT,1400M (奧爾民) (7/13)
H334,20/04/2025,游水,沙田,,沙田,,,,,,,,游水,,
H334,20/04/2025,踱步,沙田,內圈,沙田 內圈,,,,,,助手,,快踱一圈,,內圈 快踱一圈 (助手)
H334,19/04/2025,游水,沙田,,沙田,,,,,,,,游水,,
H334,19/04/2025,踱步,沙田,內圈,沙田 內圈,,,,,,助手,,快踱一圈,,內圈 快踱一圈 (助手)
H334,18/04/2025,游水,沙田,,沙田,,,,,,,,游水,,
H334,18/04/2025,踱步,沙田,內圈,沙田 內圈,,,,,,助手,,快踱一圈,,內圈 快踱一圈 (助手)
H334,17/04/2025,游水,沙田,,沙田,,,,,,,,游水,,
H334,17/04/2025,快操,沙田,全天候,沙田 全天候,,56.4,56.4,30.4 26.0,,助手,,快操,,30.4 26.0 (56.4) (助手)
H334,17/04/2025,踱步,沙田,飛機場,沙田 飛機場,,,,,,助手,,踱步,,飛機場 踱步 (助手)
H334,16/04/2025,游水,沙田,,沙田,,,,,,,,游水,,
H334,16/04/2025,踱步,沙田,內圈,沙田 內圈,,,,,,助手,,快踱一圈,,內圈 快踱一圈 (助手)
H334,15/04/2025,游水,沙田,,沙田,,,,,,,,游水,,
H334,15/04/2025,踱步,沙田,內圈,沙田 內圈,,,,,,助手,,快踱一圈,,內圈 快踱一圈 (助手)
H334,14/04/2025,游水,沙田,,沙田,,,,,,,,游水,,
H334,14/04/2025,踱步,沙田,內圈,沙田 內圈,,,,,,助手,,倒快兩圈,,內圈 倒快兩圈 (助手)
H334,13/04/2025,游水,沙田,,沙田,,,,,,,,游水,,
H334,13/04/2025,快操,沙田,全天候,沙田 全天候,,1.02.8,62.8,33.1 29.7,,副練馬師,,快操,,33.1 29.7 (1.02.8) (副練馬師)
H334,13/04/2025,踱步,沙田,飛機場,沙田 飛機場,,,,,,副練馬師,,踱步,,飛機場 踱步 (副練馬師)
H334,12/04/2025,游水,沙田,,沙田,,,,,,,,游水,,
H334,12/04/2025,踱步,沙田,內圈,沙田 內圈,,,,,,助手,,快踱一圈,,內圈 快踱一圈 (助手)
H334,11/04/2025,游水,沙田,,沙田,,,,,,,,游水,,
H334,11/04/2025,快操,沙田,全天候,沙田 全天候,,56.9,56.9,30.5 26.4,,副練馬師,,快操,,30.5 26.4 (56.9) (副練馬師)
H334,11/04/2025,踱步,沙田,飛機場,沙田 飛機場,,,,,,副練馬師,,踱步,,飛機場 踱步 (副練馬師)
H334,10/04/2025,游水,沙田,,沙田,,,,,,,,游水,,
H334,10/04/2025,踱步,沙田,內圈,沙田 內圈,,,,,,助手,,倒快兩圈,,內圈 倒快兩圈 (助手)
H334,09/04/2025,游水,沙田,,沙田,,,,,,,,游水,,
H334,09/04/2025,踱步,沙田,內圈,沙田 內圈,,,,,,助手,,快踱一圈,,內圈 快踱一圈 (助手)
H334,08/04/2025,游水,沙田,,沙田,,,,,,,,游水,,
H334,08/04/2025,踱步,沙田,內圈,沙田 內圈,,,,,,助手,,快踱一圈,,內圈 快踱一圈 (助手)
H334,07/04/2025,游水,沙田,,沙田,,,,,,,,游水,,
H334,07/04/2025,踱步,沙田,內圈,沙田 內圈,,,,,,助手,,倒快兩圈,,內圈 倒快兩圈 (助手)
H334,06/04/2025,游水,沙田,,沙田,,,,,,,,游水,,
H334,06/04/2025,快操,沙田,全天候,沙田 全天候,,57.7,57.7,30.9 26.8,,助手,,快操,,30.9 26.8 (57.7) (助手)
H334,06/04/2025,踱步,沙田,飛機場,沙田 飛機場,,,,,,助手,,踱步,,飛機場 踱步 (助手)
H334,05/04/2025,游水,沙田,,沙田,,,,,,,,游水,,
H334,05/04/2025,踱步,沙田,內圈,沙田 內圈,,,,,,助手,,快踱一圈,,內圈 快踱一圈 (助手)
H334,04/04/2025,游水,沙田,,沙田,,,,,,,,游水,,
H334,04/04/2025,踱步,沙田,內圈,沙田 內圈,,,,,,助手,,快踱一圈,,內圈 快踱一圈 (助手)
H334,03/04/2025,游水,沙田,,沙田,,,,,,,,游水,,
H334,03/04/2025,踱步,沙田,內圈,沙田 內圈,,,,,,助手,,倒快兩圈,,內圈 倒快兩圈 (助手)
H334,02/04/2025,游水,沙田,,沙田,,,,,,,,游水,,
H334,02/04/2025,踱步,沙田,內圈,沙田 內圈,,,,,,助手,,快踱一圈,,內圈 快踱一圈 (助手)
H334,01/04/2025,游水,沙田,,沙田,,,,,,,,游水,,
H334,01/04/2025,踱步,沙田,內圈,沙田 內圈,,,,,,助手,,快踱一圈,,內圈 快踱一圈 (助手)
H334,31/03/2025,游水,沙田,,沙田,,,,,,,,游水,,
H334,30/03/2025,出賽,沙田,草地,沙田 草地,1200M,,,,,奧爾民,9/11,出賽,TT,1200M (奧爾民) (9/11)
H334,30/03/2025,踱步,沙田,內圈,沙田 內圈,,,,,,助手,,快踱一圈,,內圈 快踱一圈 (助手)
H334,29/03/2025,游水,沙田,,沙田,,,,,,,,游水,,
H334,29/03/2025,踱步,沙田,內圈,沙田 內圈,,,,,,助手,,快踱一圈,,內圈 快踱一圈 (助手)
H334,28/03/2025,游水,沙田,,沙田,,,,,,,,游水,,
H334,28/03/2025,踱步,沙田,內圈,沙田 內圈,,,,,,助手,,快踱一圈,,內圈 快踱一圈 (助手)
H334,27/03/2025,游水,沙田,,沙田,,,,,,,,游水,,
H334,27/03/2025,快操,沙田,全天候,沙田 全天候,,58.1,58.1,30.7 27.4,,鍾易禮,,快操,,30.7 27.4 (58.1) (鍾易禮)
H334,27/03/2025,踱步,沙田,飛機場,沙田 飛機場,,,,,,鍾易禮,,踱步,,飛機場 踱步 (鍾易禮)
H334,26/03/2025,游水,沙田,,沙田,,,,,,,,游水,,
H334,26/03/2025,踱步,沙田,內圈,沙田 內圈,,,,,,助手,,快踱一圈,,內圈 快踱一圈 (助手)
H334,25/03/2025,踱步,沙田,內圈,沙田 內圈,,,,,,助手,,快踱一圈,,內圈 快踱一圈 (助手)
H334,24/03/2025,踱步,沙田,內圈,沙田 內圈,,,,,,助手,,倒快兩圈,,內圈 倒快兩圈 (助手)
H334,23/03/2025,快操,沙田,全天候,沙田 全天候,,58.1,58.1,32.1 26.0,,助手,,快操,,32.1 26.0 (58.1) (助手)
H334,23/03/2025,踱步,沙田,飛機場,沙田 飛機場,,,,,,助手,,踱步,H,飛機場 踱步 (助手)
H334,22/03/2025,踱步,沙田,內圈,沙田 內圈,,,,,,助手,,快踱一圈,,內圈 快踱一圈 (助手)
H334,21/03/2025,踱步,沙田,內圈,沙田 內圈,,,,,,助手,,快踱一圈,,內圈 快踱一圈 (助手)
H334,20/03/2025,踱步,沙田,內圈,沙田 內圈,,,,,,助手,,倒快兩圈,,內圈 倒快兩圈 (助手)
H334,19/03/2025,踱步,沙田,內圈,沙田 內圈,,,,,,助手,,快踱一圈,,內圈 快踱一圈 (助手)
H334,18/03/2025,踱步,沙田,內圈,沙田 內圈,,,,,,助手,,快踱一圈,,內圈 快踱一圈 (助手)
H334,17/03/2025,踱步,沙田,內圈,沙田 內圈,,,,,,助手,,倒快兩圈,,內圈 倒快兩圈 (助手)
H334,15/03/2025,出賽,沙田,草地,沙田 草地,1400M,,,,,霍宏聲,11/12,出賽,TT,1400M (霍宏聲) (11/12)
H334,15/03/2025,踱步,沙田,內圈,沙田 內圈,,,,,,助手,,快踱一圈,,內圈 快踱一圈 (助手)
H334,14/03/2025,踱步,沙田,內圈,沙田 內圈,,,,,,助手,,快踱一圈,,內圈 快踱一圈 (助手)
H334,13/03/2025,踱步,沙田,內圈,沙田 內圈,,,,,,助手,,倒快兩圈,,內圈 倒快兩圈 (助手)
H334,12/03/2025,快操,沙田,全天候,沙田 全天候,,56.6,56.6,29.7 26.9,,助手,,快操,,29.7 26.9 (56.6) (助手)
H334,12/03/2025,踱步,沙田,飛機場,沙田 飛機場,,,,,,助手,,踱步,,飛機場 踱步 (助手)
H334,11/03/2025,踱步,沙田,內圈,沙田 內圈,,,,,,助手,,快踱一圈,,內圈 快踱一圈 (助手)
H334,10/03/2025,踱步,沙田,內圈,沙田 內圈,,,,,,助手,,倒快兩圈,,內圈 倒快兩圈 (助手)
H334,09/03/2025,快操,沙田,全天候,沙田 全天候,,57.3,57.3,30.9 26.4,,助手,,快操,,30.9 26.4 (57.3) (助手)
H334,09/03/2025,踱步,沙田,飛機場,沙田 飛機場,,,,,,助手,,踱步,,飛機場 踱步 (助手)
H334,08/03/2025,踱步,沙田,內圈,沙田 內圈,,,,,,助手,,快踱一圈,,內圈 快踱一圈 (助手)
H334,07/03/2025,踱步,沙田,內圈,沙田 內圈,,,,,,助手,,快踱一圈,,內圈 快踱一圈 (助手)
H334,06/03/2025,快操,沙田,全天候,沙田 全天候,,57.1,57.1,31.2 25.9,,助手,,快操,,31.2 25.9 (57.1) (助手)
H334,06/03/2025,踱步,沙田,飛機場,沙田 飛機場,,,,,,助手,,踱步,,飛機場 踱步 (助手)
H334,05/03/2025,踱步,沙田,內圈,沙田 內圈,,,,,,助手,,快踱一圈,,內圈 快踱一圈 (助手)
H334,04/03/2025,踱步,沙田,內圈,沙田 內圈,,,,,,助手,,快踱一圈,,內圈 快踱一圈 (助手)
H334,03/03/2025,踱步,沙田,內圈,沙田 內圈,,,,,,助手,,倒快兩圈,,內圈 倒快兩圈 (助手)
H334,02/03/2025,快操,沙田,全天候,沙田 全天候,,57.4,57.4,30.9 26.5,,助手,,快操,,30.9 26.5 (57.4) (助手)
H334,02/03/2025,踱步,沙田,飛機場,沙田 飛機場,,,,,,助手,,踱步,,飛機場 踱步 (助手)
H334,01/03/2025,踱步,沙田,內圈,沙田 內圈,,,,,,助手,,快踱一圈,H,內圈 快踱一圈 (助手)
H334,28/02/2025,踱步,沙田,內圈,沙田 內圈,,,,,,助手,,快踱一圈,,內圈 快踱一圈 (助手)
H334,27/02/2025,踱步,沙田,內圈,沙田 內圈,,,,,,助手,,倒快兩圈,H,內圈 倒快兩圈 (助手)
H334,26/02/2025,踱步,沙田,內圈,沙田 內圈,,,,,,助手,,快踱一圈,,內圈 快踱一圈 (助手)
H334,25/02/2025,踱步,沙田,內圈,沙田 內圈,,,,,,助手,,快踱一圈,,內圈 快踱一圈 (助手)
H334,23/02/2025,出賽,沙田,草地,沙田 草地,1400M,,,,,艾道拿,3/14,出賽,TT,1400M (艾道拿) (3/14)
H334,23/02/2025,踱步,沙田,內圈,沙田 內圈,,,,,,助手,,快踱一圈,,內圈 快踱一圈 (助手)
H334,22/02/2025,踱步,沙田,內圈,沙田 內圈,,,,,,助手,,快踱一圈,,內圈 快踱一圈 (助手)
H334,21/02/2025,踱步,沙田,內圈,沙田 內圈,,,,,,助手,,快踱一圈,,內圈 快踱一圈 (助手)
H334,20/02/2025,快操,從化,全天候,從化 全天候,,56.1,56.1,30.3 25.8,,助手,,快操,,30.3 25.8 (56.1) (助手)
H334,20/02/2025,踱步,從化,飛機場,從化 飛機場,,,,,,助手,,踱步,,飛機場 踱步 (助手)
H334,19/02/2025,踱步,從化,內圈,從化 內圈,,,,,,助手,,快踱一圈,,內圈 快踱一圈 (助手)
H334,18/02/2025,踱步,從化,內圈,從化 內圈,,,,,,助手,,快踱一圈,,內圈 快踱一圈 (助手)
H334,17/02/2025,踱步,從化,內圈,從化 內圈,,,,,,助手,,倒快兩圈,,內圈 倒快兩圈 (助手)
H334,16/02/2025,快操,從化,全天候,從化 全天候,,56.6,56.6,29.8 26.8,,助手,,快操,,29.8 26.8 (56.6) (助手)
H334,16/02/2025,踱步,從化,飛機場,從化 飛機場,,,,,,助手,,踱步,,飛機場 踱步 (助手)
H334,15/02/2025,踱步,從化,內圈,從化 內圈,,,,,,助手,,快踱一圈,,內圈 快踱一圈 (助手)
H334,14/02/2025,踱步,從化,內圈,從化 內圈,,,,,,助手,,快踱一圈,,內圈 快踱一圈 (助手)
H334,13/02/2025,踱步,從化,內圈,從化 內圈,,,,,,助手,,倒快兩圈,,內圈 倒快兩圈 (助手)
H334,12/02/2025,踱步,沙田,內圈,沙田 內圈,,,,,,助手,,快踱一圈,,內圈 快踱一圈 (助手)
H334,11/02/2025,踱步,沙田,內圈,沙田 內圈,,,,,,助手,,快踱一圈,,內圈 快踱一圈 (助手)
H334,09/02/2025,出賽,沙田,草地,沙田 草地,1400M,,,,,艾道拿,6/14,出賽,TT,1400M (艾道拿) (6/14)
H334,09/02/2025,踱步,沙田,內圈,沙田 內圈,,,,,,助手,,快踱一圈,,內圈 快踱一圈 (助手)
H334,08/02/2025,踱步,沙田,內圈,沙田 內圈,,,,,,副練馬師,,快踱一圈,,內圈 快踱一圈 (副練馬師)
H334,07/02/2025,踱步,沙田,內圈,沙田 內圈,,,,,,助手,,快踱一圈,,內圈 快踱一圈 (助手)
H334,06/02/2025,快操,沙田,全天候,沙田 全天候,,57.2,57.2,31.0 26.2,,助手,,快操,,31.0 26.2 (57.2) (助手)
H334,06/02/2025,踱步,沙田,飛機場,沙田 飛機場,,,,,,助手,,踱步,,飛機場 踱步 (助手)
H334,05/02/2025,踱步,沙田,內圈,沙田 內圈,,,,,,助手,,快踱一圈,,內圈 快踱一圈 (助手)
H334,04/02/2025,踱步,沙田,內圈,沙田 內圈,,,,,,助手,,快踱一圈,,內圈 快踱一圈 (助手)
H334,03/02/2025,踱步,沙田,內圈,沙田 內圈,,,,,,助手,,倒快兩圈,,內圈 倒快兩圈 (助手)
H334,02/02/2025,踱步,沙田,內圈,沙田 內圈,,,,,,助手,,快踱一圈,,內圈 快踱一圈 (助手)
H334,01/02/2025,踱步,沙田,內圈,沙田 內圈,,,,,,助手,,快踱一圈,,內圈 快踱一圈 (助手)
H334,31/01/2025,踱步,沙田,內圈,沙田 內圈,,,,,,助手,,快踱一圈,,內圈 快踱一圈 (助手)
H334,30/01/2025,踱步,沙田,內圈,沙田 內圈,,,,,,助手,,倒快兩圈,H,內圈 倒快兩圈 (助手)
H334,28/01/2025,試閘,沙田,全天候,沙田 全天候,1200M,1.09.77,69.77,23.9 22.6 22.7,同喜,艾道拿,,第2組,,第2組 (艾道拿) 1200M 同喜 23.9 22.6 22.7 (1.09.77)
H334,27/01/2025,踱步,沙田,內圈,沙田 內圈,,,,,,助手,,倒快兩圈,,內圈 倒快兩圈 (助手)
H334,26/01/2025,踱步,沙田,內圈,沙田 內圈,,,,,,助手,,快踱一圈,,內圈 快踱一圈 (助手)
H334,25/01/2025,快操,沙田,全天候,沙田 全天候,,56.8,56.8,30.6 26.2,,助手,,快操,,30.6 26.2 (56.8) (助手)
H334,25/01/2025,踱步,沙田,飛機場,沙田 飛機場,,,,,,助手,,踱步,,飛機場 踱步 (助手)
H334,24/01/2025,踱步,沙田,內圈,沙田 內圈,,,,,,副練馬師,,快踱一圈,,內圈 快踱一圈 (副練馬師)
H334,23/01/2025,踱步,沙田,內圈,沙田 內圈,,,,,,助手,,倒快兩圈,H,內圈 倒快兩圈 (助手)
H334,22/01/2025,快操,沙田,全天候,沙田 全天候,,56.5,56.5,30.1 26.4,,助手,,快操,,30.1 26.4 (56.5) (助手)
H334,22/01/2025,踱步,沙田,飛機場,沙田 飛機場,,,,,,助手,,踱步,,飛機場 踱步 (助手)
H334,21/01/2025,踱步,沙田,內圈,沙田 內圈,,,,,,助手,,快踱一圈,,內圈 快踱一圈 (助手)
H334,20/01/2025,踱步,沙田,內圈,沙田 內圈,,,,,,助手,,倒快兩圈,,內圈 倒快兩圈 (助手)
H334,19/01/2025,快操,沙田,全天候,沙田 全天候,,57.1,57.1,30.8 26.3,,助手,,快操,,30.8 26.3 (57.1) (助手)
H334,19/01/2025,踱步,沙田,飛機場,沙田 飛機場,,,,,,助手,,踱步,,飛機場 踱步 (助手)
H334,18/01/2025,踱步,沙田,內圈,沙田 內圈,,,,,,助手,,快踱一圈,,內圈 快踱一圈 (助手)
H334,17/01/2025,踱步,沙田,內圈,沙田 內圈,,,,,,助手,,快踱一圈,,內圈 快踱一圈 (助手)
H334,16/01/2025,快操,沙田,全天候,沙田 全天候,,56.8,56.8,30.2 26.6,,助手,,快操,,30.2 26.6 (56.8) (助手)
H334,16/01/2025,踱步,沙田,飛機場,沙田 飛機場,,,,,,助手,,踱步,,飛機場 踱步 (助手)
H334,15/01/2025,踱步,沙田,內圈,沙田 內圈,,,,,,助手,,快踱一圈,,內圈 快踱一圈 (助手)
H334,14/01/2025,踱步,沙田,內圈,沙田 內圈,,,,,,助手,,快踱一圈,,內圈 快踱一圈 (助手)
H334,13/01/2025,踱步,沙田,內圈,沙田 內圈,,,,,,助手,,倒快兩圈,,內圈 倒快兩圈 (助手)
H334,12/01/2025,快操,沙田,全天候,沙田 全天候,,56.9,56.9,30.4 26.5,,助手,,快操,,30.4 26.5 (56.9) (助手)
H334,12/01/2025,踱步,沙田,飛機場,沙田 飛機場,,,,,,助手,,踱步,,飛機場 踱步 (助手)
H334,11/01/2025,踱步,沙田,內圈,沙田 內圈,,,,,,助手,,快踱一圈,,內圈 快踱一圈 (助手)
H334,10/01/2025,踱步,沙田,內圈,沙田 內圈,,,,,,助手,,快踱一圈,H,內圈 快踱一圈 (助手)
H334,09/01/2025,快操,沙田,全天候,沙田 全天候,,58.8,58.8,31.5 27.3,,助手,,快操,,31.5 27.3 (58.8) (助手)
H334,09/01/2025,踱步,沙田,飛機場,沙田 飛機場,,,,,,助手,,踱步,,飛機場 踱步 (助手)
H334,08/01/2025,踱步,沙田,內圈,沙田 內圈,,,,,,助手,,快踱一圈,,內圈 快踱一圈 (助手)
H334,07/01/2025,踱步,沙田,內圈,沙田 內圈,,,,,,助手,,快踱一圈,,內圈 快踱一圈 (助手)
H334,06/01/2025,踱步,沙田,內圈,沙田 內圈,,,,,,助手,,倒快兩圈,,內圈 倒快兩圈 (助手)
H334,05/01/2025,快操,沙田,全天候,沙田 全天候,,57.8,57.8,30.5 27.3,,助手,,快操,,30.5 27.3 (57.8) (助手)
H334,05/01/2025,踱步,沙田,飛機場,沙田 飛機場,,,,,,助手,,踱步,,飛機場 踱步 (助手)
H334,04/01/2025,踱步,沙田,內圈,沙田 內圈,,,,,,助手,,快踱一圈,,內圈 快踱一圈 (助手)
H334,03/01/2025,踱步,沙田,內圈,沙田 內圈,,,,,,副練馬師,,快踱一圈,,內圈 快踱一圈 (副練馬師)
H334,02/01/2025,踱步,沙田,內圈,沙田 內圈,,,,,,副練馬師,,倒快兩圈,H,內圈 倒快兩圈 (副練馬師)
H334,01/01/2025,踱步,沙田,內圈,沙田 內圈,,,,,,助手,,快踱一圈,,內圈 快踱一圈 (助手)
H334,31/12/2024,踱步,沙田,內圈,沙田 內圈,,,,,,助手,,快踱一圈,,內圈 快踱一圈 (助手)
H334,29/12/2024,出賽,沙田,草地,沙田 草地,1400M,,,,,艾道拿,6/14,出賽,TT,1400M (艾道拿) (6/14)
H334,29/12/2024,踱步,沙田,內圈,沙田 內圈,,,,,,助手,,快踱一圈,,內圈 快踱一圈 (助手)
H334,28/12/2024,踱步,沙田,內圈,沙田 內圈,,,,,,助手,,快踱一圈,,內圈 快踱一圈 (助手)
H334,27/12/2024,踱步,沙田,內圈,沙田 內圈,,,,,,助手,,快踱一圈,H,內圈 快踱一圈 (助手)
H334,26/12/2024,踱步,沙田,內圈,沙田 內圈,,,,,,助手,,倒快兩圈,,內圈 倒快兩圈 (助手)
H334,25/12/2024,踱步,沙田,內圈,沙田 內圈,,,,,,助手,,快踱一圈,,內圈 快踱一圈 (助手)
H334,24/12/2024,踱步,沙田,內圈,沙田 內圈,,,,,,助手,,快踱一圈,,內圈 快踱一圈 (助手)
H334,22/12/2024,出賽,沙田,草地,沙田 草地,1400M,,,,,艾道拿,2/14,出賽,TT,1400M (艾道拿) (2/14)
H334,22/12/2024,踱步,沙田,內圈,沙田 內圈,,,,,,助手,,快踱一圈,,內圈 快踱一圈 (助手)
H334,21/12/2024,踱步,沙田,內圈,沙田 內圈,,,,,,助手,,快踱一圈,,內圈 快踱一圈 (助手)
H334,20/12/2024,踱步,沙田,內圈,沙田 內圈,,,,,,助手,,快踱一圈,,內圈 快踱一圈 (助手)
H334,19/12/2024,快操,沙田,全天候,沙田 全天候,,56.1,56.1,29.8 26.3,,助手,,快操,,29.8 26.3 (56.1) (助手)
H334,19/12/2024,踱步,沙田,飛機場,沙田 飛機場,,,,,,助手,,踱步,,飛機場 踱步 (助手)
H334,18/12/2024,踱步,沙田,內圈,沙田 內圈,,,,,,助手,,快踱一圈,,內圈 快踱一圈 (助手)
H334,17/12/2024,踱步,沙田,內圈,沙田 內圈,,,,,,助手,,快踱一圈,,內圈 快踱一圈 (助手)
H334,16/12/2024,踱步,沙田,內圈,沙田 內圈,,,,,,助手,,倒快兩圈,,內圈 倒快兩圈 (助手)
H334,15/12/2024,快操,沙田,全天候,沙田 全天候,,57.5,57.5,30.5 27.0,,助手,,快操,,30.5 27.0 (57.5) (助手)
H334,15/12/2024,踱步,沙田,飛機場,沙田 飛機場,,,,,,助手,,踱步,,飛機場 踱步 (助手)
H334,14/12/2024,踱步,沙田,內圈,沙田 內圈,,,,,,助手,,快踱一圈,,內圈 快踱一圈 (助手)
H334,13/12/2024,踱步,沙田,內圈,沙田 內圈,,,,,,助手,,快踱一圈,,內圈 快踱一圈 (助手)
H334,12/12/2024,踱步,沙田,內圈,沙田 內圈,,,,,,助手,,倒快兩圈,,內圈 倒快兩圈 (助手)
H334,11/12/2024,踱步,沙田,內圈,沙田 內圈,,,,,,助手,,快踱一圈,,內圈 快踱一圈 (助手)
H334,10/12/2024,踱步,沙田,內圈,沙田 內圈,,,,,,助手,,快踱一圈,,內圈 快踱一圈 (助手)
H334,08/12/2024,出賽,沙田,草地,沙田 草地,1400M,,,,,艾道拿,3/14,出賽,TT,1400M (艾道拿) (3/14)
H334,08/12/2024,踱步,沙田,內圈,沙田 內圈,,,,,,助手,,快踱一圈,,內圈 快踱一圈 (助手)
H334,07/12/2024,踱步,沙田,內圈,沙田 內圈,,,,,,助手,,快踱一圈,,內圈 快踱一圈 (助手)
H334,06/12/2024,踱步,沙田,內圈,沙田 內圈,,,,,,助手,,快踱一圈,,內圈 快踱一圈 (助手)
H334,05/12/2024,快操,沙田,全天候,沙田 全天候,,56.5,56.5,31.5 25.0,,助手,,快操,,31.5 25.0 (56.5) (助手)
H334,05/12/2024,踱步,沙田,飛機場,沙田 飛機場,,,,,,助手,,踱步,,飛機場 踱步 (助手)
H334,03/12/2024,踱步,沙田,內圈,沙田 內圈,,,,,,助手,,快踱一圈,,內圈 快踱一圈 (助手)
H334,02/12/2024,踱步,沙田,內圈,沙田 內圈,,,,,,助手,,倒快兩圈,,內圈 倒快兩圈 (助手)
H334,01/12/2024,快操,沙田,全天候,沙田 全天候,,57.8,57.8,30.8 27.0,,助手,,快操,,30.8 27.0 (57.8) (助手)
H334,01/12/2024,踱步,沙田,飛機場,沙田 飛機場,,,,,,助手,,踱步,,飛機場 踱步 (助手)
H334,30/11/2024,踱步,沙田,內圈,沙田 內圈,,,,,,助手,,快踱一圈,,內圈 快踱一圈 (助手)
H334,29/11/2024,踱步,沙田,內圈,沙田 內圈,,,,,,助手,,快踱一圈,,內圈 快踱一圈 (助手)
H334,28/11/2024,快操,沙田,全天候,沙田 全天候,,57.7,57.7,30.4 27.3,,助手,,快操,,30.4 27.3 (57.7) (助手)
H334,28/11/2024,踱步,沙田,飛機場,沙田 飛機場,,,,,,助手,,踱步,,飛機場 踱步 (助手)
H334,27/11/2024,踱步,沙田,內圈,沙田 內圈,,,,,,助手,,快踱一圈,,內圈 快踱一圈 (助手)
H334,26/11/2024,踱步,沙田,內圈,沙田 內圈,,,,,,助手,,快踱一圈,,內圈 快踱一圈 (助手)
H334,25/11/2024,踱步,沙田,內圈,沙田 內圈,,,,,,助手,,倒快兩圈,,內圈 倒快兩圈 (助手)
H334,24/11/2024,快操,沙田,全天候,沙田 全天候,,56.7,56.7,30.2 26.5,,助手,,快操,,30.2 26.5 (56.7) (助手)
H334,24/11/2024,踱步,沙田,飛機場,沙田 飛機場,,,,,,助手,,踱步,,飛機場 踱步 (助手)
H334,23/11/2024,踱步,沙田,內圈,沙田 內圈,,,,,,助手,,快踱一圈,,內圈 快踱一圈 (助手)
H334,22/11/2024,踱步,沙田,內圈,沙田 內圈,,,,,,助手,,快踱一圈,,內圈 快踱一圈 (助手)
H334,21/11/2024,踱步,沙田,內圈,沙田 內圈,,,,,,助手,,倒快兩圈,,內圈 倒快兩圈 (助手)
H334,20/11/2024,踱步,沙田,內圈,沙田 內圈,,,,,,助手,,快踱一圈,,內圈 快踱一圈 (助手)
H334,19/11/2024,游水,沙田,,沙田,,,,,,,,游水,,
H334,19/11/2024,踱步,沙田,內圈,沙田 內圈,,,,,,助手,,快踱一圈,,內圈 快踱一圈 (助手)
H334,17/11/2024,出賽,沙田,草地,沙田 草地,1400M,,,,,艾道拿,2/14,出賽,TT,1400M (艾道拿) (2/14)
H334,17/11/2024,踱步,沙田,內圈,沙田 內圈,,,,,,助手,,快踱一圈,,內圈 快踱一圈 (助手)
H334,16/11/2024,踱步,沙田,內圈,沙田 內圈,,,,,,助手,,快踱一圈,,內圈 快踱一圈 (助手)
H334,15/11/2024,快操,沙田,全天候,沙田 全天候,,1.00.7,60.7,32.5 28.2,,助手,,快操,,32.5 28.2 (1.00.7) (助手)
H334,15/11/2024,踱步,沙田,飛機場,沙田 飛機場,,,,,,助手,,踱步,,飛機場 踱步 (助手)
H334,13/11/2024,踱步,沙田,內圈,沙田 內圈,,,,,,助手,,快踱一圈,,內圈 快踱一圈 (助手)
H334,12/11/2024,踱步,沙田,內圈,沙田 內圈,,,,,,助手,,快踱一圈,,內圈 快踱一圈 (助手)
H334,11/11/2024,踱步,沙田,內圈,沙田 內圈,,,,,,助手,,倒快一圈,,內圈 倒快一圈 (助手)
H334,10/11/2024,快操,沙田,全天候,沙田 全天候,,56.9,56.9,30.4 26.5,,助手,,快操,,30.4 26.5 (56.9) (助手)
H334,10/11/2024,踱步,沙田,飛機場,沙田 飛機場,,,,,,助手,,踱步,,飛機場 踱步 (助手)
H334,09/11/2024,踱步,沙田,內圈,沙田 內圈,,,,,,助手,,快踱一圈,,內圈 快踱一圈 (助手)
H334,08/11/2024,踱步,沙田,內圈,沙田 內圈,,,,,,助手,,快踱一圈,,內圈 快踱一圈 (助手)
H334,07/11/2024,踱步,沙田,內圈,沙田 內圈,,,,,,助手,,倒快兩圈,H,內圈 倒快兩圈 (助手)
H334,06/11/2024,踱步,沙田,內圈,沙田 內圈,,,,,,助手,,快踱一圈,,內圈 快踱一圈 (助手)
H334,05/11/2024,踱步,沙田,內圈,沙田 內圈,,,,,,助手,,快踱一圈,,內圈 快踱一圈 (助手)
H334,03/11/2024,出賽,沙田,草地,沙田 草地,1400M,,,,,蔡明紹,3/14,出賽,TT,1400M (蔡明紹) (3/14)
H334,03/11/2024,踱步,沙田,內圈,沙田 內圈,,,,,,助手,,快踱一圈,,內圈 快踱一圈 (助手)
H334,02/11/2024,踱步,沙田,內圈,沙田 內圈,,,,,,助手,,快踱一圈,,內圈 快踱一圈 (助手)
H334,01/11/2024,踱步,沙田,內圈,沙田 內圈,,,,,,助手,,快踱一圈,,內圈 快踱一圈 (助手)
H334,31/10/2024,快操,沙田,全天候,沙田 全天候,,56.7,56.7,30.5 26.2,,助手,,快操,,30.5 26.2 (56.7) (助手)
H334,31/10/2024,踱步,沙田,飛機場,沙田 飛機場,,,,,,助手,,踱步,,飛機場 踱步 (助手)
H334,30/10/2024,踱步,沙田,內圈,沙田 內圈,,,,,,助手,,快踱一圈,,內圈 快踱一圈 (助手)
H334,29/10/2024,踱步,沙田,內圈,沙田 內圈,,,,,,助手,,快踱一圈,,內圈 快踱一圈 (助手)
H334,28/10/2024,踱步,沙田,內圈,沙田 內圈,,,,,,助手,,倒快兩圈,,內圈 倒快兩圈 (助手)
H334,27/10/2024,快操,沙田,全天候,沙田 全天候,,55.9,55.9,30.1 25.8,,助手,,快操,,30.1 25.8 (55.9) (助手)
H334,27/10/2024,踱步,沙田,飛機場,沙田 飛機場,,,,,,助手,,踱步,,飛機場 踱步 (助手)
H334,26/10/2024,踱步,沙田,內圈,沙田 內圈,,,,,,助手,,快踱一圈,,內圈 快踱一圈 (助手)
H334,25/10/2024,踱步,沙田,內圈,沙田 內圈,,,,,,助手,,快踱一圈,,內圈 快踱一圈 (助手)
H334,24/10/2024,快操,沙田,全天候,沙田 全天候,,56.3,56.3,30.0 26.3,,助手,,快操,,30.0 26.3 (56.3) (助手)
H334,24/10/2024,踱步,沙田,飛機場,沙田 飛機場,,,,,,助手,,踱步,,飛機場 踱步 (助手)
H334,23/10/2024,踱步,沙田,內圈,沙田 內圈,,,,,,助手,,快踱一圈,,內圈 快踱一圈 (助手)
H334,22/10/2024,踱步,沙田,內圈,沙田 內圈,,,,,,助手,,快踱一圈,,內圈 快踱一圈 (助手)
H334,21/10/2024,踱步,沙田,內圈,沙田 內圈,,,,,,助手,,倒快兩圈,H,內圈 倒快兩圈 (助手)
H334,20/10/2024,踱步,沙田,內圈,沙田 內圈,,,,,,助手,,快踱一圈,,內圈 快踱一圈 (助手)
H334,19/10/2024,踱步,沙田,內圈,沙田 內圈,,,,,,助手,,快踱一圈,,內圈 快踱一圈 (助手)
H334,18/10/2024,踱步,沙田,內圈,沙田 內圈,,,,,,助手,,快踱一圈,H,內圈 快踱一圈 (助手)
H334,17/10/2024,踱步,沙田,內圈,沙田 內圈,,,,,,助手,,倒快兩圈,,內圈 倒快兩圈 (助手)
H334,16/10/2024,踱步,沙田,內圈,沙田 內圈,,,,,,助手,,快踱一圈,,內圈 快踱一圈 (助手)
H334,15/10/2024,踱步,沙田,內圈,沙田 內圈,,,,,,助手,,快踱一圈,,內圈 快踱一圈 (助手)
H334,13/10/2024,出賽,沙田,草地,沙田 草地,1400M,,,,,布文,7/13,出賽,TT,1400M (布文) (7/13)
H334,12/10/2024,踱步,沙田,內圈,沙田 內圈,,,,,,助手,,快踱一圈,H,內圈 快踱一圈 (助手)
H334,11/10/2024,踱步,沙田,內圈,沙田 內圈,,,,,,助手,,快踱一圈,,內圈 快踱一圈 (助手)
H334,10/10/2024,快操,沙田,全天候,沙田 全天候,,56.4,56.4,29.7 26.7,,助手,,快操,,29.7 26.7 (56.4) (助手)
H334,10/10/2024,踱步,沙田,飛機場,沙田 飛機場,,,,,,助手,,踱步,,飛機場 踱步 (助手)
H334,09/10/2024,踱步,沙田,內圈,沙田 內圈,,,,,,助手,,快踱一圈,,內圈 快踱一圈 (助手)
H334,08/10/2024,踱步,沙田,內圈,沙田 內圈,,,,,,助手,,快踱一圈,,內圈 快踱一圈 (助手)
H334,07/10/2024,踱步,沙田,內圈,沙田 內圈,,,,,,助手,,倒快兩圈,,內圈 倒快兩圈 (助手)
H334,06/10/2024,踱步,沙田,內圈,沙田 內圈,,,,,,助手,,快踱一圈,,內圈 快踱一圈 (助手)
H334,05/10/2024,快操,沙田,全天候,沙田 全天候,,59.2,59.2,31.9 27.3,,助手,,快操,,31.9 27.3 (59.2) (助手)
H334,05/10/2024,踱步,沙田,飛機場,沙田 飛機場,,,,,,助手,,踱步,,飛機場 踱步 (助手)
H334,04/10/2024,踱步,沙田,內圈,沙田 內圈,,,,,,助手,,快踱一圈,,內圈 快踱一圈 (助手)
H334,03/10/2024,踱步,沙田,內圈,沙田 內圈,,,,,,助手,,倒快兩圈,,內圈 倒快兩圈 (助手)
H334,02/10/2024,踱步,沙田,內圈,沙田 內圈,,,,,,助手,,快踱一圈,,內圈 快踱一圈 (助手)
H334,01/10/2024,踱步,沙田,內圈,沙田 內圈,,,,,,助手,,快踱一圈,,內圈 快踱一圈 (助手)
H334,30/09/2024,踱步,沙田,內圈,沙田 內圈,,,,,,助手,,倒快兩圈,,內圈 倒快兩圈 (助手)
H334,29/09/2024,踱步,沙田,內圈,沙田 內圈,,,,,,助手,,快踱一圈,,內圈 快踱一圈 (助手)
H334,28/09/2024,踱步,沙田,內圈,沙田 內圈,,,,,,助手,,快踱一圈,,內圈 快踱一圈 (助手)
H334,27/09/2024,試閘,沙田,全天候,沙田 全天候,1200M,1.11.44,71.44,24.7 23.5 23.2,幸運夥伴,艾道拿,,第2組,,第2組 (艾道拿) 1200M 幸運夥伴 24.7 23.5 23.2 (1.11.44)
H334,27/09/2024,游水,沙田,,沙田,,,,,,,,游水,,
H334,26/09/2024,游水,沙田,,沙田,,,,,,,,游水,,
H334,26/09/2024,踱步,沙田,內圈,沙田 內圈,,,,,,助手,,倒快兩圈,,內圈 倒快兩圈 (助手)
H334,25/09/2024,游水,沙田,,沙田,,,,,,,,游水,,
H334,25/09/2024,踱步,沙田,內圈,沙田 內圈,,,,,,助手,,快踱一圈,,內圈 快踱一圈 (助手)
H334,24/09/2024,游水,沙田,,沙田,,,,,,,,游水,,
H334,24/09/2024,快操,沙田,全天候,沙田 全天候,,56.8,56.8,30.0 26.8,,助手,,快操,,30.0 26.8 (56.8) (助手)
H334,24/09/2024,踱步,沙田,飛機場,沙田 飛機場,,,,,,助手,,踱步,,飛機場 踱步 (助手)
H334,23/09/2024,游水,沙田,,沙田,,,,,,,,游水,,
H334,23/09/2024,踱步,沙田,內圈,沙田 內圈,,,,,,助手,,倒快兩圈,,內圈 倒快兩圈 (助手)
H334,22/09/2024,游水,沙田,,沙田,,,,,,,,游水,,
H334,22/09/2024,踱步,沙田,內圈,沙田 內圈,,,,,,助手,,快踱一圈,,內圈 快踱一圈 (助手)
H334,21/09/2024,游水,沙田,,沙田,,,,,,,,游水,,
H334,21/09/2024,踱步,沙田,內圈,沙田 內圈,,,,,,助手,,快踱一圈,,內圈 快踱一圈 (助手)
H334,20/09/2024,游水,沙田,,沙田,,,,,,,,游水,,
H334,20/09/2024,踱步,沙田,內圈,沙田 內圈,,,,,,助手,,快踱一圈,,內圈 快踱一圈 (助手)
H334,19/09/2024,游水,沙田,,沙田,,,,,,,,游水,,
H334,19/09/2024,快操,沙田,全天候,沙田 全天候,,57.2,57.2,30.9 26.3,,助手,,快操,,30.9 26.3 (57.2) (助手)
H334,19/09/2024,踱步,沙田,飛機場,沙田 飛機場,,,,,,助手,,踱步,,飛機場 踱步 (助手)
H334,18/09/2024,游水,沙田,,沙田,,,,,,,,游水,,
H334,18/09/2024,踱步,沙田,內圈,沙田 內圈,,,,,,助手,,快踱一圈,,內圈 快踱一圈 (助手)
H334,17/09/2024,游水,沙田,,沙田,,,,,,,,游水,,
H334,17/09/2024,踱步,沙田,內圈,沙田 內圈,,,,,,助手,,快踱一圈,,內圈 快踱一圈 (助手)
H334,16/09/2024,游水,沙田,,沙田,,,,,,,,游水,,
H334,16/09/2024,踱步,沙田,內圈,沙田 內圈,,,,,,助手,,倒快兩圈,,內圈 倒快兩圈 (助手)
H334,15/09/2024,游水,沙田,,沙田,,,,,,,,游水,,
H334,15/09/2024,快操,沙田,全天候,沙田 全天候,,56.3,56.3,30.7 25.6,,助手,,快操,,30.7 25.6 (56.3) (助手)
H334,15/09/2024,踱步,沙田,飛機場,沙田 飛機場,,,,,,助手,,踱步,,飛機場 踱步 (助手)
H334,14/09/2024,游水,沙田,,沙田,,,,,,,,游水,,
H334,14/09/2024,踱步,沙田,內圈,沙田 內圈,,,,,,助手,,快踱一圈,,內圈 快踱一圈 (助手)
H334,13/09/2024,游水,沙田,,沙田,,,,,,,,游水,,
H334,13/09/2024,踱步,沙田,內圈,沙田 內圈,,,,,,助手,,快踱一圈,,內圈 快踱一圈 (助手)
H334,12/09/2024,游水,沙田,,沙田,,,,,,,,游水,,
H334,12/09/2024,踱步,沙田,內圈,沙田 內圈,,,,,,助手,,倒快一圈,,內圈 倒快一圈 (助手)
H334,11/09/2024,游水,沙田,,沙田,,,,,,,,游水,,
H334,11/09/2024,踱步,沙田,內圈,沙田 內圈,,,,,,助手,,快踱一圈,,內圈 快踱一圈 (助手)
H334,10/09/2024,游水,沙田,,沙田,,,,,,,,游水,,
H334,10/09/2024,踱步,沙田,內圈,沙田 內圈,,,,,,助手,,快踱一圈,,內圈 快踱一圈 (助手)
H334,08/09/2024,出賽,沙田,草地,沙田 草地,1400M,,,,,蔡明紹,7/8,出賽,TT,1400M (蔡明紹) (7/8)
H334,08/09/2024,踱步,沙田,內圈,沙田 內圈,,,,,,助手,,快踱一圈,,內圈 快踱一圈 (助手)
H334,07/09/2024,踱步,沙田,內圈,沙田 內圈,,,,,,助手,,快踱一圈,,內圈 快踱一圈 (助手)
H334,05/09/2024,快操,沙田,全天候,沙田 全天候,,56.0,56.0,31.0 25.0,,副練馬師,,美麗奔馳,,31.0 25.0 (56.0) (副練馬師) 美麗奔馳
H334,05/09/2024,踱步,沙田,飛機場,沙田 飛機場,,,,,,副練馬師,,踱步,,飛機場 踱步 (副練馬師)
H334,04/09/2024,踱步,沙田,內圈,沙田 內圈,,,,,,助手,,快踱一圈,,內圈 快踱一圈 (助手)
H334,03/09/2024,踱步,沙田,內圈,沙田 內圈,,,,,,助手,,快踱一圈,,內圈 快踱一圈 (助手)
H334,02/09/2024,踱步,沙田,內圈,沙田 內圈,,,,,,助手,,倒快兩圈,,內圈 倒快兩圈 (助手)
H334,01/09/2024,快操,沙田,全天候,沙田 全天候,,1.00.2,60.2,32.3 27.9,,助手,,快操,,32.3 27.9 (1.00.2) (助手)
H334,01/09/2024,踱步,沙田,飛機場,沙田 飛機場,,,,,,助手,,踱步,,飛機場 踱步 (助手)
H334,31/08/2024,踱步,沙田,內圈,沙田 內圈,,,,,,助手,,快踱一圈,,內圈 快踱一圈 (助手)
H334,30/08/2024,踱步,沙田,內圈,沙田 內圈,,,,,,助手,,快踱一圈,,內圈 快踱一圈 (助手)
H334,29/08/2024,踱步,沙田,內圈,沙田 內圈,,,,,,助手,,倒快兩圈,,內圈 倒快兩圈 (助手)
H334,28/08/2024,踱步,沙田,內圈,沙田 內圈,,,,,,助手,,快踱一圈,,內圈 快踱一圈 (助手)
H334,27/08/2024,試閘,沙田,全天候,沙田 全天候,1200M,1.10.09,70.09,24.5 22.5 23.0,八駿巨昇,艾道拿,,第1組,,第1組 (艾道拿) 1200M 八駿巨昇 24.5 22.5 23.0 (1.10.09)
H334,27/08/2024,游水,沙田,,沙田,,,,,,,,游水,,
H334,26/08/2024,游水,沙田,,沙田,,,,,,,,游水,,
H334,26/08/2024,踱步,沙田,內圈,沙田 內圈,,,,,,助手,,倒快兩圈,H,內圈 倒快兩圈 (助手)
H334,25/08/2024,游水,沙田,,沙田,,,,,,,,游水,,
H334,25/08/2024,踱步,沙田,內圈,沙田 內圈,,,,,,助手,,快踱一圈,H,內圈 快踱一圈 (助手)
H334,24/08/2024,游水,沙田,,沙田,,,,,,,,游水,,
H334,24/08/2024,快操,沙田,全天候,沙田 全天候,,55.6,55.6,29.2 26.4,,助手,,快操,,29.2 26.4 (55.6) (助手)
H334,24/08/2024,踱步,沙田,飛機場,沙田 飛機場,,,,,,助手,,踱步,,飛機場 踱步 (助手)
H334,23/08/2024,游水,沙田,,沙田,,,,,,,,游水,,
H334,23/08/2024,踱步,沙田,內圈,沙田 內圈,,,,,,助手,,快踱一圈,,內圈 快踱一圈 (助手)
H334,22/08/2024,游水,沙田,,沙田,,,,,,,,游水,,
H334,22/08/2024,踱步,沙田,內圈,沙田 內圈,,,,,,助手,,倒快兩圈,,內圈 倒快兩圈 (助手)
H334,21/08/2024,游水,沙田,,沙田,,,,,,,,游水,,
H334,21/08/2024,快操,沙田,全天候,沙田 全天候,,57.5,57.5,30.2 27.3,,助手,,快操,,30.2 27.3 (57.5) (助手)
H334,21/08/2024,踱步,沙田,飛機場,沙田 飛機場,,,,,,助手,,踱步,,飛機場 踱步 (助手)
H334,20/08/2024,游水,沙田,,沙田,,,,,,,,游水,,
H334,20/08/2024,踱步,沙田,內圈,沙田 內圈,,,,,,助手,,快踱一圈,,內圈 快踱一圈 (助手)
H334,19/08/2024,游水,沙田,,沙田,,,,,,,,游水,,
H334,19/08/2024,踱步,沙田,內圈,沙田 內圈,,,,,,助手,,倒快兩圈,,內圈 倒快兩圈 (助手)
H334,18/08/2024,游水,沙田,,沙田,,,,,,,,游水,,
H334,18/08/2024,踱步,沙田,內圈,沙田 內圈,,,,,,助手,,快踱一圈,,內圈 快踱一圈 (助手)
H334,17/08/2024,游水,沙田,,沙田,,,,,,,,游水,,
H334,17/08/2024,快操,沙田,全天候,沙田 全天候,,57.0,57.0,30.0 27.0,,助手,,快操,,30.0 27.0 (57.0) (助手)
H334,17/08/2024,踱步,沙田,飛機場,沙田 飛機場,,,,,,助手,,踱步,,飛機場 踱步 (助手)
H334,16/08/2024,游水,沙田,,沙田,,,,,,,,游水,,
H334,16/08/2024,踱步,沙田,內圈,沙田 內圈,,,,,,助手,,快踱一圈,,內圈 快踱一圈 (助手)
H334,15/08/2024,游水,沙田,,沙田,,,,,,,,游水,,
H334,15/08/2024,踱步,沙田,內圈,沙田 內圈,,,,,,助手,,倒快兩圈,H,內圈 倒快兩圈 (助手)
H334,14/08/2024,游水,沙田,,沙田,,,,,,,,游水,,
H334,14/08/2024,快操,沙田,全天候,沙田 全天候,,57.3,57.3,30.2 27.1,,助手,,快操,,30.2 27.1 (57.3) (助手)
H334,14/08/2024,踱步,沙田,飛機場,沙田 飛機場,,,,,,助手,,踱步,H,飛機場 踱步 (助手)
H334,13/08/2024,游水,沙田,,沙田,,,,,,,,游水,,
H334,13/08/2024,踱步,沙田,內圈,沙田 內圈,,,,,,助手,,快踱一圈,,內圈 快踱一圈 (助手)
H334,12/08/2024,游水,沙田,,沙田,,,,,,,,游水,,
H334,12/08/2024,踱步,沙田,內圈,沙田 內圈,,,,,,助手,,倒快兩圈,,內圈 倒快兩圈 (助手)
H334,11/08/2024,游水,沙田,,沙田,,,,,,,,游水,,
H334,11/08/2024,踱步,沙田,內圈,沙田 內圈,,,,,,助手,,快踱一圈,,內圈 快踱一圈 (助手)
H334,10/08/2024,游水,沙田,,沙田,,,,,,,,游水,,
H334,10/08/2024,踱步,沙田,內圈,沙田 內圈,,,,,,助手,,快踱一圈,,內圈 快踱一圈 (助手)
H334,09/08/2024,游水,沙田,,沙田,,,,,,,,游水,,
H334,09/08/2024,踱步,沙田,內圈,沙田 內圈,,,,,,助手,,快踱一圈,,內圈 快踱一圈 (助手)
H334,08/08/2024,游水,沙田,,沙田,,,,,,,,游水,,
H334,08/08/2024,踱步,沙田,內圈,沙田 內圈,,,,,,助手,,倒快兩圈,,內圈 倒快兩圈 (助手)
H334,07/08/2024,游水,沙田,,沙田,,,,,,,,游水,,
H334,07/08/2024,踱步,沙田,內圈,沙田 內圈,,,,,,助手,,快踱一圈,,內圈 快踱一圈 (助手)
H334,06/08/2024,游水,沙田,,沙田,,,,,,,,游水,,
H334,06/08/2024,踱步,沙田,內圈,沙田 內圈,,,,,,助手,,快踱一圈,,內圈 快踱一圈 (助手)
H334,05/08/2024,游水,沙田,,沙田,,,,,,,,游水,,
H334,05/08/2024,踱步,沙田,內圈,沙田 內圈,,,,,,助手,,倒快兩圈,,內圈 倒快兩圈 (助手)
H334,04/08/2024,游水,沙田,,沙田,,,,,,,,游水,,
H334,04/08/2024,踱步,沙田,內圈,沙田 內圈,,,,,,助手,,快踱一圈,,內圈 快踱一圈 (助手)
H334,03/08/2024,游水,沙田,,沙田,,,,,,,,游水,,
H334,03/08/2024,踱步,沙田,內圈,沙田 內圈,,,,,,助手,,快踱一圈,,內圈 快踱一圈 (助手)
H334,02/08/2024,游水,沙田,,沙田,,,,,,,,游水,,
H334,02/08/2024,踱步,沙田,內圈,沙田 內圈,,,,,,助手,,快踱一圈,H,內圈 快踱一圈 (助手)
H334,01/08/2024,踱步,沙田,內圈,沙田 內圈,,,,,,助手,,快踱一圈,,內圈 快踱一圈 (助手)
H334,14/07/2024,出賽,沙田,草地,沙田 草地,1400M,,,,,潘頓,2/14,出賽,TT,1400M (潘頓) (2/14)
H334,14/07/2024,游水,沙田,,沙田,,,,,,,,游水,,
H334,14/07/2024,踱步,沙田,內圈,沙田 內圈,,,,,,副練馬師,,快踱一圈,,內圈 快踱一圈 (副練馬師)
H334,13/07/2024,游水,沙田,,沙田,,,,,,,,游水,,
H334,13/07/2024,踱步,沙田,內圈,沙田 內圈,,,,,,副練馬師,,快踱一圈,,內圈 快踱一圈 (副練馬師)
H334,12/07/2024,游水,沙田,,沙田,,,,,,,,游水,,
H334,12/07/2024,踱步,沙田,內圈,沙田 內圈,,,,,,助手,,快踱一圈,,內圈 快踱一圈 (助手)
H334,11/07/2024,游水,沙田,,沙田,,,,,,,,游水,,
H334,11/07/2024,快操,沙田,全天候,沙田 全天候,,57.1,57.1,31.1 26.0,,助手,,快操,,31.1 26.0 (57.1) (助手)
H334,11/07/2024,踱步,沙田,飛機場,沙田 飛機場,,,,,,助手,,踱步,,飛機場 踱步 (助手)
H334,10/07/2024,游水,沙田,,沙田,,,,,,,,游水,,
H334,10/07/2024,踱步,沙田,內圈,沙田 內圈,,,,,,助手,,快踱一圈,,內圈 快踱一圈 (助手)
H334,09/07/2024,游水,沙田,,沙田,,,,,,,,游水,,
H334,09/07/2024,踱步,沙田,內圈,沙田 內圈,,,,,,助手,,快踱一圈,,內圈 快踱一圈 (助手)
H334,08/07/2024,游水,沙田,,沙田,,,,,,,,游水,,
H334,08/07/2024,踱步,沙田,內圈,沙田 內圈,,,,,,助手,,倒快兩圈,,內圈 倒快兩圈 (助手)
H334,07/07/2024,游水,沙田,,沙田,,,,,,,,游水,,
H334,07/07/2024,快操,沙田,全天候,沙田 全天候,,56.2,56.2,29.0 27.2,,助手,,快操,,29.0 27.2 (56.2) (助手)
H334,07/07/2024,踱步,沙田,飛機場,沙田 飛機場,,,,,,助手,,踱步,,飛機場 踱步 (助手)
H334,06/07/2024,游水,沙田,,沙田,,,,,,,,游水,,
H334,06/07/2024,踱步,沙田,內圈,沙田 內圈,,,,,,助手,,快踱一圈,,內圈 快踱一圈 (助手)
H334,05/07/2024,游水,沙田,,沙田,,,,,,,,游水,,
H334,05/07/2024,踱步,沙田,內圈,沙田 內圈,,,,,,助手,,快踱一圈,,內圈 快踱一圈 (助手)
H334,04/07/2024,游水,沙田,,沙田,,,,,,,,游水,,
H334,04/07/2024,快操,沙田,全天候,沙田 全天候,,56.3,56.3,30.0 26.3,,副練馬師,,快操,,30.0 26.3 (56.3) (副練馬師)
H334,04/07/2024,踱步,沙田,飛機場,沙田 飛機場,,,,,,副練馬師,,踱步,,飛機場 踱步 (副練馬師)
H334,03/07/2024,游水,沙田,,沙田,,,,,,,,游水,,
H334,03/07/2024,踱步,沙田,內圈,沙田 內圈,,,,,,助手,,快踱一圈,,內圈 快踱一圈 (助手)
H334,02/07/2024,游水,沙田,,沙田,,,,,,,,游水,,
H334,02/07/2024,踱步,沙田,內圈,沙田 內圈,,,,,,助手,,快踱一圈,,內圈 快踱一圈 (助手)
H334,01/07/2024,游水,沙田,,沙田,,,,,,,,游水,,
H334,01/07/2024,踱步,沙田,內圈,沙田 內圈,,,,,,助手,,倒快兩圈,,內圈 倒快兩圈 (助手)
H334,30/06/2024,游水,沙田,,沙田,,,,,,,,游水,,
H334,30/06/2024,踱步,沙田,內圈,沙田 內圈,,,,,,副練馬師,,快踱一圈,,內圈 快踱一圈 (副練馬師)
H334,29/06/2024,游水,沙田,,沙田,,,,,,,,游水,,
H334,29/06/2024,踱步,沙田,內圈,沙田 內圈,,,,,,副練馬師,,快踱一圈,,內圈 快踱一圈 (副練馬師)
H334,28/06/2024,游水,沙田,,沙田,,,,,,,,游水,,
H334,28/06/2024,踱步,沙田,內圈,沙田 內圈,,,,,,助手,,快踱一圈,,內圈 快踱一圈 (助手)
H334,27/06/2024,游水,沙田,,沙田,,,,,,,,游水,,
H334,27/06/2024,踱步,沙田,內圈,沙田 內圈,,,,,,助手,,倒快兩圈,,內圈 倒快兩圈 (助手)
H334,26/06/2024,游水,沙田,,沙田,,,,,,,,游水,,
H334,26/06/2024,踱步,沙田,內圈,沙田 內圈,,,,,,助手,,快踱一圈,,內圈 快踱一圈 (助手)
H334,25/06/2024,游水,沙田,,沙田,,,,,,,,游水,,
H334,25/06/2024,踱步,沙田,內圈,沙田 內圈,,,,,,助手,,快踱一圈,,內圈 快踱一圈 (助手)
H334,24/06/2024,游水,沙田,,沙田,,,,,,,,游水,,
H334,23/06/2024,出賽,沙田,草地,沙田 草地,1400M,,,,,艾道拿,2/14,出賽,TT,1400M (艾道拿) (2/14)
H334,23/06/2024,游水,沙田,,沙田,,,,,,,,游水,,
H334,23/06/2024,踱步,沙田,內圈,沙田 內圈,,,,,,助手,,快踱一圈,,內圈 快踱一圈 (助手)
H334,22/06/2024,游水,沙田,,沙田,,,,,,,,游水,,
H334,22/06/2024,踱步,沙田,內圈,沙田 內圈,,,,,,助手,,快踱一圈,,內圈 快踱一圈 (助手)
H334,21/06/2024,游水,沙田,,沙田,,,,,,,,游水,,
H334,21/06/2024,踱步,沙田,內圈,沙田 內圈,,,,,,助手,,快踱一圈,,內圈 快踱一圈 (助手)
H334,20/06/2024,游水,沙田,,沙田,,,,,,,,游水,,
H334,20/06/2024,快操,沙田,全天候,沙田 全天候,,57.9,57.9,30.5 27.4,,助手,,快操,,30.5 27.4 (57.9) (助手)
H334,20/06/2024,踱步,沙田,飛機場,沙田 飛機場,,,,,,助手,,踱步,,飛機場 踱步 (助手)
H334,19/06/2024,游水,沙田,,沙田,,,,,,,,游水,,
H334,19/06/2024,踱步,沙田,內圈,沙田 內圈,,,,,,助手,,快踱一圈,,內圈 快踱一圈 (助手)
H334,18/06/2024,游水,沙田,,沙田,,,,,,,,游水,,
H334,18/06/2024,踱步,沙田,內圈,沙田 內圈,,,,,,助手,,快踱一圈,,內圈 快踱一圈 (助手)
H334,17/06/2024,游水,沙田,,沙田,,,,,,,,游水,,
H334,17/06/2024,踱步,沙田,內圈,沙田 內圈,,,,,,助手,,倒快兩圈,,內圈 倒快兩圈 (助手)
H334,16/06/2024,游水,沙田,,沙田,,,,,,,,游水,,
H334,16/06/2024,快操,沙田,全天候,沙田 全天候,,58.6,58.6,30.7 27.9,,助手,,快操,,30.7 27.9 (58.6) (助手)
H334,16/06/2024,踱步,沙田,飛機場,沙田 飛機場,,,,,,助手,,踱步,,飛機場 踱步 (助手)
H334,15/06/2024,游水,沙田,,沙田,,,,,,,,游水,,
H334,15/06/2024,踱步,沙田,內圈,沙田 內圈,,,,,,副練馬師,,快踱一圈,,內圈 快踱一圈 (副練馬師)
H334,14/06/2024,游水,沙田,,沙田,,,,,,,,游水,,
H334,14/06/2024,踱步,沙田,內圈,沙田 內圈,,,,,,助手,,快踱一圈,,內圈 快踱一圈 (助手)
H334,13/06/2024,游水,沙田,,沙田,,,,,,,,游水,,
H334,13/06/2024,踱步,沙田,內圈,沙田 內圈,,,,,,助手,,倒快兩圈,,內圈 倒快兩圈 (助手)
H334,12/06/2024,游水,沙田,,沙田,,,,,,,,游水,,
H334,12/06/2024,踱步,沙田,內圈,沙田 內圈,,,,,,助手,,快踱一圈,,內圈 快踱一圈 (助手)
H334,11/06/2024,游水,沙田,,沙田,,,,,,,,游水,,
H334,11/06/2024,踱步,沙田,內圈,沙田 內圈,,,,,,助手,,快踱一圈,,內圈 快踱一圈 (助手)
H334,10/06/2024,游水,沙田,,沙田,,,,,,,,游水,,
H334,10/06/2024,踱步,沙田,內圈,沙田 內圈,,,,,,助手,,倒快兩圈,,內圈 倒快兩圈 (助手)
H334,09/06/2024,游水,沙田,,沙田,,,,,,,,游水,,
H334,08/06/2024,出賽,沙田,草地,沙田 草地,1400M,,,,,艾道拿,4/12,出賽,TT,1400M (艾道拿) (4/12)
H334,08/06/2024,游水,沙田,,沙田,,,,,,,,游水,,
H334,08/06/2024,踱步,沙田,內圈,沙田 內圈,,,,,,助手,,快踱一圈,,內圈 快踱一圈 (助手)
H334,07/06/2024,游水,沙田,,沙田,,,,,,,,游水,,
H334,07/06/2024,踱步,沙田,內圈,沙田 內圈,,,,,,助手,,快踱一圈,,內圈 快踱一圈 (助手)
H334,06/06/2024,游水,沙田,,沙田,,,,,,,,游水,,
H334,06/06/2024,踱步,沙田,內圈,沙田 內圈,,,,,,助手,,倒快兩圈,,內圈 倒快兩圈 (助手)
H334,05/06/2024,游水,沙田,,沙田,,,,,,,,游水,,
H334,05/06/2024,快操,沙田,全天候,沙田 全天候,,56.8,56.8,30.2 26.6,,助手,,快操,,30.2 26.6 (56.8) (助手)
H334,05/06/2024,踱步,沙田,飛機場,沙田 飛機場,,,,,,助手,,踱步,,飛機場 踱步 (助手)
H334,04/06/2024,游水,沙田,,沙田,,,,,,,,游水,,
H334,04/06/2024,踱步,沙田,內圈,沙田 內圈,,,,,,助手,,快踱一圈,,內圈 快踱一圈 (助手)
H334,03/06/2024,游水,沙田,,沙田,,,,,,,,游水,,
H334,03/06/2024,踱步,沙田,內圈,沙田 內圈,,,,,,副練馬師,,倒快兩圈,,內圈 倒快兩圈 (副練馬師)
H334,02/06/2024,游水,沙田,,沙田,,,,,,,,游水,,
H334,02/06/2024,快操,沙田,全天候,沙田 全天候,,58.8,58.8,31.4 27.4,,助手,,快操,,31.4 27.4 (58.8) (助手)
H334,02/06/2024,踱步,沙田,飛機場,沙田 飛機場,,,,,,助手,,踱步,,飛機場 踱步 (助手)
H334,01/06/2024,游水,沙田,,沙田,,,,,,,,游水,,
H334,01/06/2024,踱步,沙田,內圈,沙田 內圈,,,,,,助手,,快踱一圈,,內圈 快踱一圈 (助手)
H334,31/05/2024,游水,沙田,,沙田,,,,,,,,游水,,
H334,31/05/2024,踱步,沙田,內圈,沙田 內圈,,,,,,鍾易禮,,快踱一圈,,內圈 快踱一圈 (鍾易禮)
H334,30/05/2024,游水,沙田,,沙田,,,,,,,,游水,,
H334,30/05/2024,踱步,沙田,內圈,沙田 內圈,,,,,,鍾易禮,,倒快兩圈,,內圈 倒快兩圈 (鍾易禮)
H334,29/05/2024,游水,沙田,,沙田,,,,,,,,游水,,
H334,29/05/2024,踱步,沙田,內圈,沙田 內圈,,,,,,助手,,快踱一圈,,內圈 快踱一圈 (助手)
H334,28/05/2024,游水,沙田,,沙田,,,,,,,,游水,,
H334,28/05/2024,踱步,沙田,內圈,沙田 內圈,,,,,,助手,,快踱一圈,,內圈 快踱一圈 (助手)
H334,27/05/2024,游水,沙田,,沙田,,,,,,,,游水,,
H334,26/05/2024,出賽,沙田,草地,沙田 草地,1400M,,,,,艾道拿,6/13,出賽,TT,1400M (艾道拿) (6/13)
H334,26/05/2024,游水,沙田,,沙田,,,,,,,,游水,,
H334,26/05/2024,踱步,沙田,內圈,沙田 內圈,,,,,,助手,,快踱一圈,,內圈 快踱一圈 (助手)
H334,25/05/2024,游水,沙田,,沙田,,,,,,,,游水,,
H334,25/05/2024,踱步,沙田,內圈,沙田 內圈,,,,,,助手,,快踱一圈,,內圈 快踱一圈 (助手)
H334,24/05/2024,游水,沙田,,沙田,,,,,,,,游水,,
H334,24/05/2024,踱步,沙田,內圈,沙田 內圈,,,,,,助手,,快踱一圈,,內圈 快踱一圈 (助手)
H334,23/05/2024,游水,沙田,,沙田,,,,,,,,游水,,
H334,23/05/2024,快操,沙田,全天候,沙田 全天候,,56.9,56.9,30.4 26.5,,助手,,時時滿意,,30.4 26.5 (56.9) (助手) 時時滿意
H334,23/05/2024,踱步,沙田,飛機場,沙田 飛機場,,,,,,助手,,踱步,,飛機場 踱步 (助手)
H334,22/05/2024,游水,沙田,,沙田,,,,,,,,游水,,
H334,22/05/2024,踱步,沙田,內圈,沙田 內圈,,,,,,助手,,快踱一圈,H,內圈 快踱一圈 (助手)
H334,21/05/2024,游水,沙田,,沙田,,,,,,,,游水,,
H334,21/05/2024,踱步,沙田,內圈,沙田 內圈,,,,,,助手,,快踱一圈,,內圈 快踱一圈 (助手)
H334,20/05/2024,游水,沙田,,沙田,,,,,,,,游水,,
H334,20/05/2024,踱步,沙田,內圈,沙田 內圈,,,,,,鍾易禮,,倒快兩圈,,內圈 倒快兩圈 (鍾易禮)
H334,19/05/2024,游水,沙田,,沙田,,,,,,,,游水,,
H334,19/05/2024,快操,沙田,全天候,沙田 全天候,,56.6,56.6,29.8 26.8,,鍾易禮,,快操,,29.8 26.8 (56.6) (鍾易禮)
H334,19/05/2024,踱步,沙田,飛機場,沙田 飛機場,,,,,,鍾易禮,,踱步,,飛機場 踱步 (鍾易禮)
H334,18/05/2024,游水,沙田,,沙田,,,,,,,,游水,,
H334,18/05/2024,踱步,沙田,內圈,沙田 內圈,,,,,,助手,,快踱一圈,,內圈 快踱一圈 (助手)
H334,17/05/2024,游水,沙田,,沙田,,,,,,,,游水,,
H334,17/05/2024,踱步,沙田,內圈,沙田 內圈,,,,,,助手,,快踱一圈,,內圈 快踱一圈 (助手)
H334,16/05/2024,游水,沙田,,沙田,,,,,,,,游水,,
H334,16/05/2024,快操,沙田,全天候,沙田 全天候,,54.5,54.5,30.1 24.4,,助手,,樂滿貫,,30.1 24.4 (54.5) (助手) 樂滿貫
H334,16/05/2024,踱步,沙田,飛機場,沙田 飛機場,,,,,,助手,,踱步,,飛機場 踱步 (助手)
H334,15/05/2024,游水,沙田,,沙田,,,,,,,,游水,,
H334,15/05/2024,踱步,沙田,內圈,沙田 內圈,,,,,,助手,,快踱一圈,,內圈 快踱一圈 (助手)
H334,14/05/2024,游水,沙田,,沙田,,,,,,,,游水,,
H334,14/05/2024,踱步,沙田,內圈,沙田 內圈,,,,,,助手,,快踱一圈,,內圈 快踱一圈 (助手)
H334,13/05/2024,游水,沙田,,沙田,,,,,,,,游水,,
H334,13/05/2024,踱步,沙田,內圈,沙田 內圈,,,,,,助手,,倒快兩圈,,內圈 倒快兩圈 (助手)
H334,12/05/2024,游水,沙田,,沙田,,,,,,,,游水,,
H334,12/05/2024,快操,沙田,全天候,沙田 全天候,,1.02.8,62.8,32.8 30.0,,助手,,快操,,32.8 30.0 (1.02.8) (助手)
H334,12/05/2024,踱步,沙田,飛機場,沙田 飛機場,,,,,,助手,,踱步,,飛機場 踱步 (助手)
H334,11/05/2024,游水,沙田,,沙田,,,,,,,,游水,,
H334,11/05/2024,踱步,沙田,內圈,沙田 內圈,,,,,,助手,,快踱一圈,,內圈 快踱一圈 (助手)
H334,10/05/2024,游水,沙田,,沙田,,,,,,,,游水,,
H334,10/05/2024,踱步,沙田,內圈,沙田 內圈,,,,,,助手,,快踱一圈,H,內圈 快踱一圈 (助手)
H334,09/05/2024,游水,沙田,,沙田,,,,,,,,游水,,
H334,08/05/2024,游水,沙田,,沙田,,,,,,,,游水,,
H334,05/05/2024,踱步,沙田,內圈,沙田 內圈,,,,,,助手,,快踱一圈,,內圈 快踱一圈 (助手)
H334,04/05/2024,踱步,沙田,內圈,沙田 內圈,,,,,,助手,,快踱一圈,,內圈 快踱一圈 (助手)
H334,03/05/2024,踱步,沙田,內圈,沙田 內圈,,,,,,助手,,快踱一圈,,內圈 快踱一圈 (助手)
H334,02/05/2024,踱步,沙田,內圈,沙田 內圈,,,,,,助手,,倒快兩圈,,內圈 倒快兩圈 (助手)
H334,01/05/2024,踱步,沙田,內圈,沙田 內圈,,,,,,助手,,快踱一圈,,內圈 快踱一圈 (助手)
H334,30/04/2024,踱步,沙田,內圈,沙田 內圈,,,,,,助手,,快踱一圈,,內圈 快踱一圈 (助手)
H334,28/04/2024,出賽,沙田,草地,沙田 草地,1400M,,,,,布文,8/14,出賽,TT,1400M (布文) (8/14)
H334,28/04/2024,踱步,沙田,內圈,沙田 內圈,,,,,,助手,,快踱一圈,,內圈 快踱一圈 (助手)
H334,27/04/2024,踱步,沙田,內圈,沙田 內圈,,,,,,助手,,快踱一圈,,內圈 快踱一圈 (助手)
H334,26/04/2024,踱步,沙田,內圈,沙田 內圈,,,,,,助手,,快踱一圈,,內圈 快踱一圈 (助手)
H334,25/04/2024,踱步,從化,內圈,從化 內圈,,,,,,助手,,倒快兩圈,,內圈 倒快兩圈 (助手)
H334,24/04/2024,快操,從化,草閘,從化 草閘,,25.7,25.7,25.7,,助手,,加州得力,,25.7 (25.7) (助手) 加州得力
H334,24/04/2024,踱步,從化,飛機場,從化 飛機場,,,,,,助手,,踱步,,飛機場 踱步 (助手)
H334,23/04/2024,踱步,從化,內圈,從化 內圈,,,,,,助手,,快踱一圈,H,內圈 快踱一圈 (助手)
H334,22/04/2024,踱步,從化,內圈,從化 內圈,,,,,,助手,,倒快兩圈,,內圈 倒快兩圈 (助手)
H334,21/04/2024,踱步,從化,內圈,從化 內圈,,,,,,助手,,快踱一圈,,內圈 快踱一圈 (助手)
H334,20/04/2024,快操,從化,全天候,從化 全天候,,58.3,58.3,30.7 27.6,,助手,,快操,,30.7 27.6 (58.3) (助手)
H334,20/04/2024,踱步,從化,飛機場,從化 飛機場,,,,,,助手,,踱步,,飛機場 踱步 (助手)
H334,19/04/2024,踱步,從化,內圈,從化 內圈,,,,,,助手,,快踱一圈,,內圈 快踱一圈 (助手)
H334,18/04/2024,踱步,從化,內圈,從化 內圈,,,,,,助手,,倒快兩圈,,內圈 倒快兩圈 (助手)
H334,17/04/2024,踱步,從化,內圈,從化 內圈,,,,,,助手,,快踱一圈,,內圈 快踱一圈 (助手)
H334,16/04/2024,踱步,從化,內圈,從化 內圈,,,,,,助手,,快踱一圈,,內圈 快踱一圈 (助手)
H334,15/04/2024,踱步,從化,內圈,從化 內圈,,,,,,助手,,倒快兩圈,,內圈 倒快兩圈 (助手)
H334,14/04/2024,踱步,從化,內圈,從化 內圈,,,,,,助手,,快踱一圈,,內圈 快踱一圈 (助手)
H334,13/04/2024,踱步,從化,內圈,從化 內圈,,,,,,助手,,快踱一圈,,內圈 快踱一圈 (助手)
H334,12/04/2024,試閘,從化,草地,從化 草地,1200M,1.11.88,71.88,26.1 22.8 22.9,香港神駒,布文,,第6組,,第6組 (布文) 1200M 香港神駒 26.1 22.8 22.9 (1.11.88)
H334,11/04/2024,踱步,從化,內圈,從化 內圈,,,,,,助手,,倒快兩圈,,內圈 倒快兩圈 (助手)
H334,10/04/2024,踱步,從化,內圈,從化 內圈,,,,,,助手,,快踱一圈,,內圈 快踱一圈 (助手)
H334,09/04/2024,快操,從化,全天候,從化 全天候,,57.7,57.7,30.4 27.3,,助手,,快操,,30.4 27.3 (57.7) (助手)
H334,09/04/2024,踱步,從化,飛機場,從化 飛機場,,,,,,助手,,踱步,,飛機場 踱步 (助手)
H334,08/04/2024,踱步,從化,內圈,從化 內圈,,,,,,助手,,倒快兩圈,,內圈 倒快兩圈 (助手)
H334,07/04/2024,踱步,從化,內圈,從化 內圈,,,,,,助手,,快踱一圈,,內圈 快踱一圈 (助手)
H334,06/04/2024,快操,從化,全天候,從化 全天候,,58.3,58.3,30.9 27.4,,助手,,快操,,30.9 27.4 (58.3) (助手)
H334,06/04/2024,踱步,從化,飛機場,從化 飛機場,,,,,,助手,,踱步,,飛機場 踱步 (助手)
H334,05/04/2024,踱步,沙田,內圈,沙田 內圈,,,,,,助手,,快踱一圈,,內圈 快踱一圈 (助手)
H334,04/04/2024,踱步,沙田,內圈,沙田 內圈,,,,,,助手,,倒快兩圈,,內圈 倒快兩圈 (助手)
H334,03/04/2024,快操,沙田,全天候,沙田 全天候,,58.3,58.3,31.6 26.7,,助手,,快操,H,31.6 26.7 (58.3) (助手)
H334,03/04/2024,踱步,沙田,飛機場,沙田 飛機場,,,,,,助手,,踱步,,飛機場 踱步 (助手)
H334,02/04/2024,踱步,沙田,內圈,沙田 內圈,,,,,,助手,,快踱一圈,,內圈 快踱一圈 (助手)
H334,01/04/2024,踱步,沙田,內圈,沙田 內圈,,,,,,助手,,倒快兩圈,,內圈 倒快兩圈 (助手)
H334,31/03/2024,踱步,沙田,內圈,沙田 內圈,,,,,,助手,,快踱一圈,,內圈 快踱一圈 (助手)
H334,30/03/2024,踱步,沙田,內圈,沙田 內圈,,,,,,助手,,快踱一圈,,內圈 快踱一圈 (助手)
H334,29/03/2024,踱步,沙田,內圈,沙田 內圈,,,,,,助手,,快踱一圈,,內圈 快踱一圈 (助手)
H334,28/03/2024,踱步,沙田,內圈,沙田 內圈,,,,,,助手,,倒快兩圈,,內圈 倒快兩圈 (助手)
H334,27/03/2024,踱步,沙田,內圈,沙田 內圈,,,,,,助手,,快踱一圈,,內圈 快踱一圈 (助手)
H334,26/03/2024,踱步,沙田,內圈,沙田 內圈,,,,,,助手,,快踱一圈,,內圈 快踱一圈 (助手)
H334,24/03/2024,出賽,沙田,草地,沙田 草地,2000M,,,,,巴度,14/14,出賽,TT,2000M (巴度) (14/14)
H334,24/03/2024,踱步,沙田,內圈,沙田 內圈,,,,,,助手,,快踱一圈,,內圈 快踱一圈 (助手)
H334,23/03/2024,踱步,沙田,內圈,沙田 內圈,,,,,,助手,,快踱一圈,,內圈 快踱一圈 (助手)
H334,22/03/2024,踱步,沙田,內圈,沙田 內圈,,,,,,助手,,快踱一圈,,內圈 快踱一圈 (助手)
H334,21/03/2024,踱步,沙田,內圈,沙田 內圈,,,,,,助手,,倒快兩圈,,內圈 倒快兩圈 (助手)
H334,20/03/2024,踱步,沙田,內圈,沙田 內圈,,,,,,助手,,快踱一圈,,內圈 快踱一圈 (助手)
H334,19/03/2024,踱步,沙田,內圈,沙田 內圈,,,,,,助手,,快踱一圈,,內圈 快踱一圈 (助手)
H334,18/03/2024,快操,沙田,草閘,沙田 草閘,,47.7,47.7,24.1 23.6,,鍾易禮,,"加州動員, 正氣青驅",,"24.1 23.6 (47.7) (鍾易禮) 加州動員, 正氣青驅"
H334,18/03/2024,踱步,沙田,飛機場,沙田 飛機場,,,,,,鍾易禮,,踱步,,飛機場 踱步 (鍾易禮)
H334,17/03/2024,踱步,沙田,內圈,沙田 內圈,,,,,,助手,,快踱一圈,,內圈 快踱一圈 (助手)
H334,16/03/2024,踱步,沙田,內圈,沙田 內圈,,,,,,副練馬師,,快踱一圈,,內圈 快踱一圈 (副練馬師)
H334,15/03/2024,踱步,沙田,內圈,沙田 內圈,,,,,,助手,,快踱一圈,,內圈 快踱一圈 (助手)
H334,14/03/2024,快操,沙田,全天候,沙田 全天候,,57.1,57.1,30.3 26.8,,助手,,快操,,30.3 26.8 (57.1) (助手)
H334,13/03/2024,踱步,沙田,內圈,沙田 內圈,,,,,,助手,,快踱一圈,,內圈 快踱一圈 (助手)
H334,12/03/2024,踱步,沙田,內圈,沙田 內圈,,,,,,助手,,快踱一圈,,內圈 快踱一圈 (助手)
H334,11/03/2024,踱步,沙田,內圈,沙田 內圈,,,,,,助手,,倒快兩圈,,內圈 倒快兩圈 (助手)
H334,10/03/2024,踱步,沙田,內圈,沙田 內圈,,,,,,助手,,快踱一圈,,內圈 快踱一圈 (助手)
H334,09/03/2024,踱步,沙田,內圈,沙田 內圈,,,,,,助手,,快踱一圈,,內圈 快踱一圈 (助手)
H334,08/03/2024,踱步,沙田,內圈,沙田 內圈,,,,,,助手,,快踱一圈,,內圈 快踱一圈 (助手)
H334,07/03/2024,踱步,沙田,內圈,沙田 內圈,,,,,,助手,,倒快兩圈,,內圈 倒快兩圈 (助手)
H334,06/03/2024,踱步,沙田,內圈,沙田 內圈,,,,,,助手,,快踱一圈,,內圈 快踱一圈 (助手)
H334,05/03/2024,踱步,沙田,內圈,沙田 內圈,,,,,,助手,,快踱一圈,,內圈 快踱一圈 (助手)
H334,03/03/2024,出賽,沙田,草地,沙田 草地,1800M,,,,,巴度,5/14,出賽,B-/TT,1800M (巴度) (5/14)
H334,03/03/2024,踱步,沙田,內圈,沙田 內圈,,,,,,助手,,快踱一圈,,內圈 快踱一圈 (助手)
H334,02/03/2024,踱步,沙田,內圈,沙田 內圈,,,,,,助手,,快踱一圈,,內圈 快踱一圈 (助手)
H334,01/03/2024,踱步,沙田,內圈,沙田 內圈,,,,,,助手,,快踱一圈,,內圈 快踱一圈 (助手)
H334,29/02/2024,快操,沙田,全天候,沙田 全天候,,57.3,57.3,30.4 26.9,,助手,,快操,,30.4 26.9 (57.3) (助手)
H334,28/02/2024,踱步,沙田,內圈,沙田 內圈,,,,,,助手,,快踱一圈,,內圈 快踱一圈 (助手)
H334,27/02/2024,踱步,沙田,內圈,沙田 內圈,,,,,,助手,,快踱一圈,,內圈 快踱一圈 (助手)
H334,26/02/2024,踱步,沙田,內圈,沙田 內圈,,,,,,助手,,倒快兩圈,,內圈 倒快兩圈 (助手)
H334,25/02/2024,快操,沙田,全天候,沙田 全天候,,30.4,30.4,30.4,,鍾易禮,,快操,,30.4 (30.4) (鍾易禮)
H334,25/02/2024,踱步,沙田,飛機場,沙田 飛機場,,,,,,鍾易禮,,踱步,,飛機場 踱步 (鍾易禮)
H334,24/02/2024,踱步,沙田,內圈,沙田 內圈,,,,,,助手,,快踱一圈,,內圈 快踱一圈 (助手)
H334,23/02/2024,游水,沙田,,沙田,,,,,,,,游水,,
H334,23/02/2024,踱步,沙田,內圈,沙田 內圈,,,,,,助手,,快踱一圈,,內圈 快踱一圈 (助手)
H334,22/02/2024,游水,沙田,,沙田,,,,,,,,游水,,
H334,22/02/2024,踱步,沙田,內圈,沙田 內圈,,,,,,助手,,倒快兩圈,,內圈 倒快兩圈 (助手)
H334,21/02/2024,游水,沙田,,沙田,,,,,,,,游水,,
H334,21/02/2024,踱步,沙田,內圈,沙田 內圈,,,,,,助手,,快踱一圈,,內圈 快踱一圈 (助手)
H334,20/02/2024,試閘,沙田,全天候,沙田 全天候,1200M,1.10.73,70.73,24.2 22.5 24.0,太陽昇,巴度,,第1組,,第1組 (巴度) 1200M 太陽昇 24.2 22.5 24.0 (1.10.73)
H334,20/02/2024,游水,沙田,,沙田,,,,,,,,游水,,
H334,19/02/2024,游水,沙田,,沙田,,,,,,,,游水,,
H334,19/02/2024,踱步,沙田,內圈,沙田 內圈,,,,,,助手,,倒快兩圈,,內圈 倒快兩圈 (助手)
H334,18/02/2024,踱步,沙田,內圈,沙田 內圈,,,,,,助手,,快踱一圈,,內圈 快踱一圈 (助手)
H334,17/02/2024,游水,沙田,,沙田,,,,,,,,游水,,
H334,17/02/2024,快操,沙田,全天候,沙田 全天候,,58.9,58.9,31.1 27.8,,助手,,快操,,31.1 27.8 (58.9) (助手)
H334,17/02/2024,踱步,沙田,飛機場,沙田 飛機場,,,,,,助手,,踱步,,飛機場 踱步 (助手)
H334,16/02/2024,游水,沙田,,沙田,,,,,,,,游水,,
H334,16/02/2024,踱步,沙田,內圈,沙田 內圈,,,,,,助手,,快踱一圈,,內圈 快踱一圈 (助手)
H334,15/02/2024,游水,沙田,,沙田,,,,,,,,游水,,
H334,15/02/2024,踱步,沙田,內圈,沙田 內圈,,,,,,助手,,倒快兩圈,,內圈 倒快兩圈 (助手)
H334,14/02/2024,游水,沙田,,沙田,,,,,,,,游水,,
H334,14/02/2024,快操,沙田,全天候,沙田 全天候,,56.3,56.3,29.9 26.4,,助手,,快操,,29.9 26.4 (56.3) (助手)
H334,14/02/2024,踱步,沙田,飛機場,沙田 飛機場,,,,,,助手,,踱步,,飛機場 踱步 (助手)
H334,13/02/2024,游水,沙田,,沙田,,,,,,,,游水,,
H334,13/02/2024,踱步,沙田,內圈,沙田 內圈,,,,,,助手,,快踱一圈,,內圈 快踱一圈 (助手)
H334,12/02/2024,踱步,沙田,內圈,沙田 內圈,,,,,,助手,,倒快兩圈,,內圈 倒快兩圈 (助手)
H334,11/02/2024,游水,沙田,,沙田,,,,,,,,游水,,
H334,11/02/2024,踱步,沙田,內圈,沙田 內圈,,,,,,助手,,快踱一圈,,內圈 快踱一圈 (助手)
H334,09/02/2024,游水,沙田,,沙田,,,,,,,,游水,,
H334,09/02/2024,踱步,沙田,內圈,沙田 內圈,,,,,,助手,,快踱一圈,,內圈 快踱一圈 (助手)
H334,08/02/2024,游水,沙田,,沙田,,,,,,,,游水,,
H334,08/02/2024,踱步,沙田,內圈,沙田 內圈,,,,,,助手,,倒快兩圈,,內圈 倒快兩圈 (助手)
H334,07/02/2024,游水,沙田,,沙田,,,,,,,,游水,,
H334,07/02/2024,踱步,沙田,內圈,沙田 內圈,,,,,,助手,,快踱一圈,,內圈 快踱一圈 (助手)
H334,06/02/2024,游水,沙田,,沙田,,,,,,,,游水,,
H334,06/02/2024,踱步,沙田,內圈,沙田 內圈,,,,,,助手,,快踱一圈,,內圈 快踱一圈 (助手)
H334,05/02/2024,游水,沙田,,沙田,,,,,,,,游水,,
H334,04/02/2024,出賽,沙田,草地,沙田 草地,1600M,,,,,艾兆禮,5/9,出賽,B/TT,1600M (艾兆禮) (5/9)
H334,04/02/2024,踱步,沙田,內圈,沙田 內圈,,,,,,助手,,快踱一圈,,內圈 快踱一圈 (助手)
H334,03/02/2024,游水,沙田,,沙田,,,,,,,,游水,,
H334,03/02/2024,踱步,沙田,內圈,沙田 內圈,,,,,,助手,,快踱一圈,,內圈 快踱一圈 (助手)
H334,02/02/2024,游水,沙田,,沙田,,,,,,,,游水,,
H334,02/02/2024,踱步,沙田,內圈,沙田 內圈,,,,,,助手,,快踱一圈,,內圈 快踱一圈 (助手)
H334,01/02/2024,游水,沙田,,沙田,,,,,,,,游水,,
H334,01/02/2024,快操,沙田,全天候,沙田 全天候,,58.0,58.0,30.7 27.3,,助手,,快操,B,30.7 27.3 (58.0) (助手)
H334,01/02/2024,踱步,沙田,飛機場,沙田 飛機場,,,,,,助手,,踱步,B,飛機場 踱步 (助手)
H334,31/01/2024,游水,沙田,,沙田,,,,,,,,游水,,
H334,31/01/2024,踱步,沙田,內圈,沙田 內圈,,,,,,助手,,快踱一圈,H,內圈 快踱一圈 (助手)
H334,30/01/2024,游水,沙田,,沙田,,,,,,,,游水,,
H334,30/01/2024,踱步,沙田,內圈,沙田 內圈,,,,,,助手,,快踱一圈,,內圈 快踱一圈 (助手)
H334,29/01/2024,游水,沙田,,沙田,,,,,,,,游水,,
H334,29/01/2024,踱步,沙田,內圈,沙田 內圈,,,,,,助手,,倒快兩圈,,內圈 倒快兩圈 (助手)
H334,28/01/2024,快操,沙田,全天候,沙田 全天候,,56.7,56.7,30.8 25.9,,助手,,快操,B,30.8 25.9 (56.7) (助手)
H334,28/01/2024,踱步,沙田,飛機場,沙田 飛機場,,,,,,助手,,踱步,B,飛機場 踱步 (助手)
H334,27/01/2024,游水,沙田,,沙田,,,,,,,,游水,,
H334,27/01/2024,踱步,沙田,內圈,沙田 內圈,,,,,,助手,,快踱一圈,,內圈 快踱一圈 (助手)
H334,26/01/2024,游水,沙田,,沙田,,,,,,,,游水,,
H334,26/01/2024,踱步,沙田,內圈,沙田 內圈,,,,,,助手,,快踱一圈,,內圈 快踱一圈 (助手)
H334,25/01/2024,游水,沙田,,沙田,,,,,,,,游水,,
H334,25/01/2024,快操,沙田,全天候,沙田 全天候,,57.5,57.5,30.6 26.9,,助手,,快操,B,30.6 26.9 (57.5) (助手)
H334,25/01/2024,踱步,沙田,飛機場,沙田 飛機場,,,,,,助手,,踱步,B,飛機場 踱步 (助手)
H334,24/01/2024,游水,沙田,,沙田,,,,,,,,游水,,
H334,24/01/2024,踱步,沙田,內圈,沙田 內圈,,,,,,助手,,快踱一圈,,內圈 快踱一圈 (助手)
H334,23/01/2024,游水,沙田,,沙田,,,,,,,,游水,,
H334,23/01/2024,踱步,沙田,內圈,沙田 內圈,,,,,,助手,,快踱一圈,,內圈 快踱一圈 (助手)
H334,22/01/2024,游水,沙田,,沙田,,,,,,,,游水,,
H334,22/01/2024,踱步,沙田,內圈,沙田 內圈,,,,,,助手,,倒快兩圈,,內圈 倒快兩圈 (助手)
H334,21/01/2024,快操,沙田,全天候,沙田 全天候,,56.9,56.9,30.2 26.7,,鍾易禮,,快操,B,30.2 26.7 (56.9) (鍾易禮)
H334,21/01/2024,踱步,沙田,飛機場,沙田 飛機場,,,,,,鍾易禮,,踱步,B,飛機場 踱步 (鍾易禮)
H334,20/01/2024,游水,沙田,,沙田,,,,,,,,游水,,
H334,19/01/2024,游水,沙田,,沙田,,,,,,,,游水,,
H334,19/01/2024,踱步,沙田,內圈,沙田 內圈,,,,,,助手,,快踱一圈,,內圈 快踱一圈 (助手)
H334,18/01/2024,游水,沙田,,沙田,,,,,,,,游水,,
H334,18/01/2024,踱步,沙田,內圈,沙田 內圈,,,,,,助手,,倒快兩圈,,內圈 倒快兩圈 (助手)
H334,17/01/2024,游水,沙田,,沙田,,,,,,,,游水,,
H334,17/01/2024,踱步,沙田,內圈,沙田 內圈,,,,,,助手,,快踱一圈,,內圈 快踱一圈 (助手)
H334,16/01/2024,游水,沙田,,沙田,,,,,,,,游水,,
H334,16/01/2024,踱步,沙田,內圈,沙田 內圈,,,,,,助手,,快踱一圈,,內圈 快踱一圈 (助手)
H334,15/01/2024,游水,沙田,,沙田,,,,,,,,游水,,
H334,15/01/2024,踱步,沙田,內圈,沙田 內圈,,,,,,助手,,倒快兩圈,,內圈 倒快兩圈 (助手)
H334,14/01/2024,游水,沙田,,沙田,,,,,,,,游水,,
H334,13/01/2024,出賽,沙田,草地,沙田 草地,1400M,,,,,潘頓,2/14,出賽,B/TT,1400M (潘頓) (2/14)
H334,13/01/2024,踱步,沙田,內圈,沙田 內圈,,,,,,助手,,快踱一圈,,內圈 快踱一圈 (助手)
H334,12/01/2024,游水,沙田,,沙田,,,,,,,,游水,,
H334,12/01/2024,踱步,沙田,內圈,沙田 內圈,,,,,,助手,,快踱一圈,,內圈 快踱一圈 (助手)
H334,11/01/2024,游水,沙田,,沙田,,,,,,,,游水,,
H334,11/01/2024,踱步,沙田,內圈,沙田 內圈,,,,,,助手,,倒快兩圈,,內圈 倒快兩圈 (助手)
H334,10/01/2024,游水,沙田,,沙田,,,,,,,,游水,,
H334,10/01/2024,快操,沙田,全天候,沙田 全天候,,56.3,56.3,29.9 26.4,,助手,,快操,B,29.9 26.4 (56.3) (助手)
H334,10/01/2024,踱步,沙田,飛機場,沙田 飛機場,,,,,,助手,,踱步,B,飛機場 踱步 (助手)
H334,09/01/2024,游水,沙田,,沙田,,,,,,,,游水,,
H334,09/01/2024,踱步,沙田,內圈,沙田 內圈,,,,,,助手,,快踱一圈,,內圈 快踱一圈 (助手)
H334,08/01/2024,游水,沙田,,沙田,,,,,,,,游水,,
H334,08/01/2024,踱步,沙田,內圈,沙田 內圈,,,,,,助手,,倒快兩圈,,內圈 倒快兩圈 (助手)
H334,07/01/2024,快操,沙田,全天候,沙田 全天候,,58.3,58.3,31.3 27.0,,助手,,快操,B,31.3 27.0 (58.3) (助手)
H334,06/01/2024,游水,沙田,,沙田,,,,,,,,游水,,
H334,06/01/2024,踱步,沙田,內圈,沙田 內圈,,,,,,助手,,快踱一圈,,內圈 快踱一圈 (助手)
H334,05/01/2024,游水,沙田,,沙田,,,,,,,,游水,,
H334,05/01/2024,踱步,沙田,內圈,沙田 內圈,,,,,,助手,,快踱一圈,,內圈 快踱一圈 (助手)
H334,04/01/2024,游水,沙田,,沙田,,,,,,,,游水,,
H334,04/01/2024,快操,沙田,全天候,沙田 全天候,,58.5,58.5,31.5 27.0,,助手,,快操,B,31.5 27.0 (58.5) (助手)
H334,04/01/2024,踱步,沙田,飛機場,沙田 飛機場,,,,,,助手,,踱步,B,飛機場 踱步 (助手)
H334,03/01/2024,游水,沙田,,沙田,,,,,,,,游水,,
H334,03/01/2024,踱步,沙田,內圈,沙田 內圈,,,,,,助手,,快踱一圈,,內圈 快踱一圈 (助手)
H334,02/01/2024,游水,沙田,,沙田,,,,,,,,游水,,
H334,02/01/2024,踱步,沙田,內圈,沙田 內圈,,,,,,助手,,快踱一圈,,內圈 快踱一圈 (助手)
H334,01/01/2024,踱步,沙田,內圈,沙田 內圈,,,,,,助手,,倒快兩圈,,內圈 倒快兩圈 (助手)
H334,31/12/2023,快操,沙田,全天候,沙田 全天候,,55.9,55.9,30.2 25.7,,助手,,快操,B,30.2 25.7 (55.9) (助手)
H334,31/12/2023,踱步,沙田,飛機場,沙田 飛機場,,,,,,助手,,踱步,B,飛機場 踱步 (助手)
H334,30/12/2023,踱步,沙田,內圈,沙田 內圈,,,,,,助手,,快踱一圈,H,內圈 快踱一圈 (助手)
H334,29/12/2023,踱步,沙田,內圈,沙田 內圈,,,,,,助手,,快踱一圈,,內圈 快踱一圈 (助手)
H334,28/12/2023,踱步,沙田,內圈,沙田 內圈,,,,,,助手,,倒快兩圈,,內圈 倒快兩圈 (助手)
H334,27/12/2023,游水,沙田,,沙田,,,,,,,,游水,,
H334,27/12/2023,踱步,沙田,內圈,沙田 內圈,,,,,,助手,,快踱一圈,,內圈 快踱一圈 (助手)
H334,26/12/2023,踱步,沙田,內圈,沙田 內圈,,,,,,助手,,快踱一圈,,內圈 快踱一圈 (助手)
H334,25/12/2023,踱步,沙田,內圈,沙田 內圈,,,,,,助手,,倒快兩圈,,內圈 倒快兩圈 (助手)
H334,23/12/2023,出賽,沙田,草地,沙田 草地,1400M,,,,,麥道朗,2/14,出賽,B/TT,1400M (麥道朗) (2/14)
H334,22/12/2023,游水,沙田,,沙田,,,,,,,,游水,,
H334,22/12/2023,踱步,沙田,內圈,沙田 內圈,,,,,,助手,,快踱一圈,,內圈 快踱一圈 (助手)
H334,21/12/2023,游水,沙田,,沙田,,,,,,,,游水,,
H334,21/12/2023,踱步,沙田,內圈,沙田 內圈,,,,,,助手,,倒快兩圈,H,內圈 倒快兩圈 (助手)
H334,20/12/2023,游水,沙田,,沙田,,,,,,,,游水,,
H334,20/12/2023,快操,沙田,全天候,沙田 全天候,,57.3,57.3,30.8 26.5,,助手,,快操,B,30.8 26.5 (57.3) (助手)
H334,20/12/2023,踱步,沙田,飛機場,沙田 飛機場,,,,,,助手,,踱步,B,飛機場 踱步 (助手)
H334,19/12/2023,游水,沙田,,沙田,,,,,,,,游水,,
H334,19/12/2023,踱步,沙田,內圈,沙田 內圈,,,,,,助手,,快踱一圈,,內圈 快踱一圈 (助手)
H334,18/12/2023,游水,沙田,,沙田,,,,,,,,游水,,
H334,18/12/2023,踱步,沙田,內圈,沙田 內圈,,,,,,助手,,倒快兩圈,,內圈 倒快兩圈 (助手)
H334,17/12/2023,快操,沙田,全天候,沙田 全天候,,55.7,55.7,30.1 25.6,,助手,,快操,B,30.1 25.6 (55.7) (助手)
H334,17/12/2023,踱步,沙田,飛機場,沙田 飛機場,,,,,,助手,,踱步,B,飛機場 踱步 (助手)
H334,16/12/2023,游水,沙田,,沙田,,,,,,,,游水,,
H334,16/12/2023,踱步,沙田,內圈,沙田 內圈,,,,,,助手,,快踱一圈,,內圈 快踱一圈 (助手)
H334,15/12/2023,游水,沙田,,沙田,,,,,,,,游水,,
H334,15/12/2023,踱步,沙田,內圈,沙田 內圈,,,,,,助手,,快踱一圈,,內圈 快踱一圈 (助手)
H334,14/12/2023,游水,沙田,,沙田,,,,,,,,游水,,
H334,14/12/2023,踱步,沙田,內圈,沙田 內圈,,,,,,助手,,倒快兩圈,,內圈 倒快兩圈 (助手)
H334,13/12/2023,游水,沙田,,沙田,,,,,,,,游水,,
H334,13/12/2023,踱步,沙田,內圈,沙田 內圈,,,,,,助手,,快踱一圈,,內圈 快踱一圈 (助手)
H334,12/12/2023,踱步,沙田,內圈,沙田 內圈,,,,,,助手,,快踱一圈,,內圈 快踱一圈 (助手)
H334,10/12/2023,出賽,沙田,草地,沙田 草地,1400M,,,,,麥道朗,3/13,出賽,B/TT,1400M (麥道朗) (3/13)
H334,10/12/2023,踱步,沙田,內圈,沙田 內圈,,,,,,助手,,快踱一圈,,內圈 快踱一圈 (助手)
H334,09/12/2023,踱步,沙田,內圈,沙田 內圈,,,,,,助手,,快踱一圈,,內圈 快踱一圈 (助手)
H334,08/12/2023,踱步,沙田,內圈,沙田 內圈,,,,,,助手,,快踱一圈,,內圈 快踱一圈 (助手)
H334,07/12/2023,快操,沙田,全天候,沙田 全天候,,56.8,56.8,30.1 26.7,,助手,,快操,B,30.1 26.7 (56.8) (助手)
H334,07/12/2023,踱步,沙田,飛機場,沙田 飛機場,,,,,,助手,,踱步,B,飛機場 踱步 (助手)
H334,06/12/2023,踱步,沙田,內圈,沙田 內圈,,,,,,助手,,快踱一圈,,內圈 快踱一圈 (助手)
H334,05/12/2023,踱步,沙田,內圈,沙田 內圈,,,,,,助手,,快踱一圈,,內圈 快踱一圈 (助手)
H334,04/12/2023,踱步,沙田,內圈,沙田 內圈,,,,,,助手,,倒快兩圈,,內圈 倒快兩圈 (助手)
H334,03/12/2023,快操,沙田,全天候,沙田 全天候,,57.9,57.9,30.0 27.9,,助手,,快操,B,30.0 27.9 (57.9) (助手)
H334,03/12/2023,踱步,沙田,飛機場,沙田 飛機場,,,,,,助手,,踱步,B,飛機場 踱步 (助手)
H334,02/12/2023,踱步,沙田,內圈,沙田 內圈,,,,,,副練馬師,,快踱一圈,,內圈 快踱一圈 (副練馬師)
H334,01/12/2023,踱步,沙田,內圈,沙田 內圈,,,,,,助手,,快踱一圈,,內圈 快踱一圈 (助手)
H334,30/11/2023,踱步,沙田,內圈,沙田 內圈,,,,,,助手,,倒快兩圈,,內圈 倒快兩圈 (助手)
H334,29/11/2023,踱步,沙田,內圈,沙田 內圈,,,,,,助手,,快踱一圈,,內圈 快踱一圈 (助手)
H334,28/11/2023,踱步,沙田,內圈,沙田 內圈,,,,,,助手,,快踱一圈,,內圈 快踱一圈 (助手)
H334,26/11/2023,出賽,沙田,草地,沙田 草地,1200M,,,,,麥道朗,6/12,出賽,B/TT,1200M (麥道朗) (6/12)
H334,26/11/2023,踱步,沙田,內圈,沙田 內圈,,,,,,助手,,快踱一圈,,內圈 快踱一圈 (助手)
H334,25/11/2023,踱步,沙田,內圈,沙田 內圈,,,,,,助手,,快踱一圈,,內圈 快踱一圈 (助手)
H334,24/11/2023,踱步,沙田,內圈,沙田 內圈,,,,,,助手,,快踱一圈,,內圈 快踱一圈 (助手)
H334,23/11/2023,快操,沙田,全天候,沙田 全天候,,57.6,57.6,31.1 26.5,,助手,,快操,B,31.1 26.5 (57.6) (助手)
H334,23/11/2023,踱步,沙田,飛機場,沙田 飛機場,,,,,,助手,,踱步,B,飛機場 踱步 (助手)
H334,22/11/2023,踱步,沙田,內圈,沙田 內圈,,,,,,助手,,快踱一圈,,內圈 快踱一圈 (助手)
H334,21/11/2023,踱步,沙田,內圈,沙田 內圈,,,,,,助手,,快踱一圈,,內圈 快踱一圈 (助手)
H334,20/11/2023,踱步,沙田,內圈,沙田 內圈,,,,,,助手,,倒快兩圈,,內圈 倒快兩圈 (助手)
H334,19/11/2023,游水,沙田,,沙田,,,,,,,,游水,,
H334,19/11/2023,快操,沙田,全天候,沙田 全天候,,56.3,56.3,29.4 26.9,,助手,,快操,B,29.4 26.9 (56.3) (助手)
H334,19/11/2023,踱步,沙田,飛機場,沙田 飛機場,,,,,,助手,,踱步,B,飛機場 踱步 (助手)
H334,18/11/2023,游水,沙田,,沙田,,,,,,,,游水,,
H334,18/11/2023,踱步,沙田,內圈,沙田 內圈,,,,,,助手,,快踱一圈,,內圈 快踱一圈 (助手)
H334,17/11/2023,游水,沙田,,沙田,,,,,,,,游水,,
H334,17/11/2023,踱步,沙田,內圈,沙田 內圈,,,,,,助手,,快踱一圈,,內圈 快踱一圈 (助手)
H334,16/11/2023,游水,沙田,,沙田,,,,,,,,游水,,
H334,16/11/2023,快操,沙田,全天候,沙田 全天候,,56.9,56.9,30.4 26.5,,助手,,快操,B,30.4 26.5 (56.9) (助手)
H334,16/11/2023,踱步,沙田,飛機場,沙田 飛機場,,,,,,助手,,踱步,B,飛機場 踱步 (助手)
H334,15/11/2023,游水,沙田,,沙田,,,,,,,,游水,,
H334,15/11/2023,踱步,沙田,內圈,沙田 內圈,,,,,,助手,,快踱一圈,,內圈 快踱一圈 (助手)
H334,14/11/2023,游水,沙田,,沙田,,,,,,,,游水,,
H334,14/11/2023,踱步,沙田,內圈,沙田 內圈,,,,,,助手,,快踱一圈,,內圈 快踱一圈 (助手)
H334,13/11/2023,游水,沙田,,沙田,,,,,,,,游水,,
H334,13/11/2023,踱步,沙田,內圈,沙田 內圈,,,,,,助手,,倒快兩圈,,內圈 倒快兩圈 (助手)
H334,12/11/2023,游水,沙田,,沙田,,,,,,,,游水,,
H334,12/11/2023,快操,沙田,全天候,沙田 全天候,,58.1,58.1,31.9 26.2,,助手,,快操,B,31.9 26.2 (58.1) (助手)
H334,12/11/2023,踱步,沙田,飛機場,沙田 飛機場,,,,,,助手,,踱步,B,飛機場 踱步 (助手)
H334,11/11/2023,游水,沙田,,沙田,,,,,,,,游水,,
H334,11/11/2023,踱步,沙田,內圈,沙田 內圈,,,,,,助手,,快踱一圈,,內圈 快踱一圈 (助手)
H334,10/11/2023,游水,沙田,,沙田,,,,,,,,游水,,
H334,10/11/2023,踱步,沙田,內圈,沙田 內圈,,,,,,助手,,快踱一圈,,內圈 快踱一圈 (助手)
H334,09/11/2023,游水,沙田,,沙田,,,,,,,,游水,,
H334,09/11/2023,踱步,沙田,內圈,沙田 內圈,,,,,,助手,,倒快兩圈,,內圈 倒快兩圈 (助手)
H334,08/11/2023,游水,沙田,,沙田,,,,,,,,游水,,
H334,07/11/2023,游水,沙田,,沙田,,,,,,,,游水,,
H334,07/11/2023,踱步,沙田,內圈,沙田 內圈,,,,,,助手,,快踱一圈,,內圈 快踱一圈 (助手)
H334,06/11/2023,游水,沙田,,沙田,,,,,,,,游水,,
H334,05/11/2023,出賽,沙田,草地,沙田 草地,1200M,,,,,鍾易禮,3/12,出賽,B/TT,1200M (鍾易禮) (3/12)
H334,05/11/2023,游水,沙田,,沙田,,,,,,,,游水,,
H334,05/11/2023,踱步,沙田,內圈,沙田 內圈,,,,,,助手,,快踱一圈,,內圈 快踱一圈 (助手)
H334,04/11/2023,游水,沙田,,沙田,,,,,,,,游水,,
H334,04/11/2023,踱步,沙田,內圈,沙田 內圈,,,,,,助手,,快踱一圈,,內圈 快踱一圈 (助手)
H334,03/11/2023,游水,沙田,,沙田,,,,,,,,游水,,
H334,03/11/2023,踱步,沙田,內圈,沙田 內圈,,,,,,助手,,快踱一圈,,內圈 快踱一圈 (助手)
H334,02/11/2023,游水,沙田,,沙田,,,,,,,,游水,,
H334,02/11/2023,快操,沙田,全天候,沙田 全天候,,57.0,57.0,29.9 27.1,,助手,,快操,B,29.9 27.1 (57.0) (助手)
H334,02/11/2023,踱步,沙田,飛機場,沙田 飛機場,,,,,,助手,,踱步,B,飛機場 踱步 (助手)
H334,01/11/2023,游水,沙田,,沙田,,,,,,,,游水,,
H334,01/11/2023,踱步,沙田,內圈,沙田 內圈,,,,,,助手,,快踱一圈,,內圈 快踱一圈 (助手)
H334,31/10/2023,游水,沙田,,沙田,,,,,,,,游水,,
H334,31/10/2023,踱步,沙田,內圈,沙田 內圈,,,,,,助手,,快踱一圈,,內圈 快踱一圈 (助手)
H334,30/10/2023,游水,沙田,,沙田,,,,,,,,游水,,
H334,30/10/2023,踱步,沙田,內圈,沙田 內圈,,,,,,助手,,倒快兩圈,,內圈 倒快兩圈 (助手)
H334,29/10/2023,游水,沙田,,沙田,,,,,,,,游水,,
H334,29/10/2023,快操,沙田,全天候,沙田 全天候,,56.5,56.5,30.4 26.1,,助手,,快操,B,30.4 26.1 (56.5) (助手)
H334,29/10/2023,踱步,沙田,飛機場,沙田 飛機場,,,,,,助手,,踱步,B,飛機場 踱步 (助手)
H334,28/10/2023,游水,沙田,,沙田,,,,,,,,游水,,
H334,28/10/2023,踱步,沙田,內圈,沙田 內圈,,,,,,助手,,快踱一圈,,內圈 快踱一圈 (助手)
H334,27/10/2023,游水,沙田,,沙田,,,,,,,,游水,,
H334,26/10/2023,游水,沙田,,沙田,,,,,,,,游水,,
H334,26/10/2023,快操,沙田,全天候,沙田 全天候,,57.4,57.4,31.2 26.2,,助手,,快操,B,31.2 26.2 (57.4) (助手)
H334,26/10/2023,踱步,沙田,飛機場,沙田 飛機場,,,,,,助手,,踱步,B,飛機場 踱步 (助手)
H334,25/10/2023,游水,沙田,,沙田,,,,,,,,游水,,
H334,25/10/2023,踱步,沙田,內圈,沙田 內圈,,,,,,助手,,快踱一圈,,內圈 快踱一圈 (助手)
H334,24/10/2023,游水,沙田,,沙田,,,,,,,,游水,,
H334,24/10/2023,踱步,沙田,內圈,沙田 內圈,,,,,,助手,,快踱一圈,,內圈 快踱一圈 (助手)
H334,23/10/2023,游水,沙田,,沙田,,,,,,,,游水,,
H334,23/10/2023,踱步,沙田,內圈,沙田 內圈,,,,,,助手,,倒快兩圈,,內圈 倒快兩圈 (助手)
H334,22/10/2023,游水,沙田,,沙田,,,,,,,,游水,,
H334,22/10/2023,快操,沙田,全天候,沙田 全天候,,58.3,58.3,32.2 26.1,,助手,,快操,B,32.2 26.1 (58.3) (助手)
H334,22/10/2023,踱步,沙田,飛機場,沙田 飛機場,,,,,,助手,,踱步,B,飛機場 踱步 (助手)
H334,21/10/2023,游水,沙田,,沙田,,,,,,,,游水,,
H334,21/10/2023,踱步,沙田,內圈,沙田 內圈,,,,,,助手,,快踱一圈,,內圈 快踱一圈 (助手)
H334,20/10/2023,游水,沙田,,沙田,,,,,,,,游水,,
H334,20/10/2023,踱步,沙田,內圈,沙田 內圈,,,,,,鍾易禮,,快踱一圈,,內圈 快踱一圈 (鍾易禮)
H334,19/10/2023,游水,沙田,,沙田,,,,,,,,游水,,
H334,19/10/2023,踱步,沙田,內圈,沙田 內圈,,,,,,助手,,倒快兩圈,,內圈 倒快兩圈 (助手)
H334,18/10/2023,游水,沙田,,沙田,,,,,,,,游水,,
H334,18/10/2023,踱步,沙田,內圈,沙田 內圈,,,,,,助手,,快踱一圈,,內圈 快踱一圈 (助手)
H334,17/10/2023,游水,沙田,,沙田,,,,,,,,游水,,
H334,17/10/2023,踱步,沙田,內圈,沙田 內圈,,,,,,助手,,快踱一圈,,內圈 快踱一圈 (助手)
H334,16/10/2023,游水,沙田,,沙田,,,,,,,,游水,,
H334,15/10/2023,出賽,沙田,草地,沙田 草地,1200M,,,,,布文,2/14,出賽,B/TT,1200M (布文) (2/14)
H334,15/10/2023,游水,沙田,,沙田,,,,,,,,游水,,
H334,15/10/2023,踱步,沙田,內圈,沙田 內圈,,,,,,助手,,快踱一圈,,內圈 快踱一圈 (助手)
H334,14/10/2023,游水,沙田,,沙田,,,,,,,,游水,,
H334,14/10/2023,踱步,沙田,內圈,沙田 內圈,,,,,,助手,,快踱一圈,,內圈 快踱一圈 (助手)
H334,13/10/2023,游水,沙田,,沙田,,,,,,,,游水,,
H334,13/10/2023,踱步,沙田,內圈,沙田 內圈,,,,,,助手,,快踱一圈,,內圈 快踱一圈 (助手)
H334,12/10/2023,游水,沙田,,沙田,,,,,,,,游水,,
H334,12/10/2023,快操,沙田,全天候,沙田 全天候,,57.0,57.0,29.5 27.5,,助手,,快操,B,29.5 27.5 (57.0) (助手)
H334,12/10/2023,踱步,沙田,飛機場,沙田 飛機場,,,,,,助手,,踱步,B,飛機場 踱步 (助手)
H334,11/10/2023,游水,沙田,,沙田,,,,,,,,游水,,
H334,11/10/2023,踱步,沙田,內圈,沙田 內圈,,,,,,助手,,快踱一圈,,內圈 快踱一圈 (助手)
H334,10/10/2023,游水,沙田,,沙田,,,,,,,,游水,,
H334,09/10/2023,游水,沙田,,沙田,,,,,,,,游水,,
H334,08/10/2023,游水,沙田,,沙田,,,,,,,,游水,,
H334,08/10/2023,踱步,沙田,內圈,沙田 內圈,,,,,,助手,,快踱一圈,,內圈 快踱一圈 (助手)
H334,07/10/2023,游水,沙田,,沙田,,,,,,,,游水,,
H334,07/10/2023,快操,沙田,全天候,沙田 全天候,,57.2,57.2,30.2 27.0,,助手,,快操,B,30.2 27.0 (57.2) (助手)
H334,07/10/2023,踱步,沙田,飛機場,沙田 飛機場,,,,,,助手,,踱步,B,飛機場 踱步 (助手)
H334,06/10/2023,游水,沙田,,沙田,,,,,,,,游水,,
H334,06/10/2023,踱步,沙田,內圈,沙田 內圈,,,,,,助手,,快踱一圈,,內圈 快踱一圈 (助手)
H334,05/10/2023,游水,沙田,,沙田,,,,,,,,游水,,
H334,05/10/2023,踱步,沙田,內圈,沙田 內圈,,,,,,助手,,倒快兩圈,,內圈 倒快兩圈 (助手)
H334,04/10/2023,游水,沙田,,沙田,,,,,,,,游水,,
H334,04/10/2023,踱步,沙田,內圈,沙田 內圈,,,,,,助手,,快踱一圈,,內圈 快踱一圈 (助手)
H334,03/10/2023,游水,沙田,,沙田,,,,,,,,游水,,
H334,03/10/2023,踱步,沙田,內圈,沙田 內圈,,,,,,助手,,快踱一圈,,內圈 快踱一圈 (助手)
H334,02/10/2023,游水,沙田,,沙田,,,,,,,,游水,,
H334,01/10/2023,出賽,沙田,草地,沙田 草地,1200M,,,,,艾兆禮,8/10,出賽,B/TT,1200M (艾兆禮) (8/10)
H334,01/10/2023,游水,沙田,,沙田,,,,,,,,游水,,
H334,01/10/2023,踱步,沙田,內圈,沙田 內圈,,,,,,助手,,快踱一圈,,內圈 快踱一圈 (助手)
H334,30/09/2023,游水,沙田,,沙田,,,,,,,,游水,,
H334,30/09/2023,踱步,沙田,內圈,沙田 內圈,,,,,,助手,,快踱一圈,,內圈 快踱一圈 (助手)
H334,29/09/2023,游水,沙田,,沙田,,,,,,,,游水,,
H334,29/09/2023,踱步,沙田,內圈,沙田 內圈,,,,,,助手,,快踱一圈,,內圈 快踱一圈 (助手)
H334,28/09/2023,游水,沙田,,沙田,,,,,,,,游水,,
H334,28/09/2023,快操,沙田,全天候,沙田 全天候,,56.3,56.3,30.4 25.9,,助手,,快操,B,30.4 25.9 (56.3) (助手)
H334,28/09/2023,踱步,沙田,飛機場,沙田 飛機場,,,,,,助手,,踱步,B,飛機場 踱步 (助手)
H334,27/09/2023,游水,沙田,,沙田,,,,,,,,游水,,
H334,27/09/2023,踱步,沙田,內圈,沙田 內圈,,,,,,助手,,快踱一圈,,內圈 快踱一圈 (助手)
H334,26/09/2023,游水,沙田,,沙田,,,,,,,,游水,,
H334,26/09/2023,踱步,沙田,內圈,沙田 內圈,,,,,,助手,,快踱一圈,,內圈 快踱一圈 (助手)
H334,25/09/2023,游水,沙田,,沙田,,,,,,,,游水,,
H334,25/09/2023,踱步,沙田,內圈,沙田 內圈,,,,,,助手,,倒快兩圈,,內圈 倒快兩圈 (助手)
H334,24/09/2023,游水,沙田,,沙田,,,,,,,,游水,,
H334,24/09/2023,快操,沙田,全天候,沙田 全天候,,58.3,58.3,31.1 27.2,,助手,,快操,B,31.1 27.2 (58.3) (助手)
H334,24/09/2023,踱步,沙田,飛機場,沙田 飛機場,,,,,,助手,,踱步,B,飛機場 踱步 (助手)
H334,23/09/2023,游水,沙田,,沙田,,,,,,,,游水,,
H334,23/09/2023,踱步,沙田,內圈,沙田 內圈,,,,,,助手,,快踱一圈,,內圈 快踱一圈 (助手)
H334,22/09/2023,游水,沙田,,沙田,,,,,,,,游水,,
H334,22/09/2023,踱步,沙田,內圈,沙田 內圈,,,,,,助手,,快踱一圈,,內圈 快踱一圈 (助手)
H334,21/09/2023,游水,沙田,,沙田,,,,,,,,游水,,
H334,21/09/2023,快操,沙田,全天候,沙田 全天候,,56.6,56.6,30.0 26.6,,助手,,快操,B,30.0 26.6 (56.6) (助手)
H334,21/09/2023,踱步,沙田,飛機場,沙田 飛機場,,,,,,助手,,踱步,B,飛機場 踱步 (助手)
H334,20/09/2023,游水,沙田,,沙田,,,,,,,,游水,,
H334,20/09/2023,踱步,沙田,內圈,沙田 內圈,,,,,,助手,,快踱一圈,,內圈 快踱一圈 (助手)
H334,19/09/2023,游水,沙田,,沙田,,,,,,,,游水,,
H334,19/09/2023,踱步,沙田,內圈,沙田 內圈,,,,,,助手,,快踱一圈,,內圈 快踱一圈 (助手)
H334,18/09/2023,游水,沙田,,沙田,,,,,,,,游水,,
H334,18/09/2023,踱步,沙田,內圈,沙田 內圈,,,,,,助手,,倒快兩圈,,內圈 倒快兩圈 (助手)
H334,17/09/2023,游水,沙田,,沙田,,,,,,,,游水,,
H334,17/09/2023,快操,沙田,全天候,沙田 全天候,,1.03.7,63.7,33.3 30.4,,鍾易禮,,快操,B,33.3 30.4 (1.03.7) (鍾易禮)
H334,17/09/2023,踱步,沙田,飛機場,沙田 飛機場,,,,,,鍾易禮,,踱步,B,飛機場 踱步 (鍾易禮)
H334,16/09/2023,游水,沙田,,沙田,,,,,,,,游水,,
H334,16/09/2023,踱步,沙田,內圈,沙田 內圈,,,,,,鍾易禮,,快踱一圈,,內圈 快踱一圈 (鍾易禮)
H334,15/09/2023,游水,沙田,,沙田,,,,,,,,游水,,
H334,15/09/2023,踱步,沙田,內圈,沙田 內圈,,,,,,助手,,快踱一圈,,內圈 快踱一圈 (助手)
H334,14/09/2023,游水,沙田,,沙田,,,,,,,,游水,,
H334,14/09/2023,踱步,沙田,內圈,沙田 內圈,,,,,,助手,,倒快兩圈,,內圈 倒快兩圈 (助手)
H334,13/09/2023,游水,沙田,,沙田,,,,,,,,游水,,
H334,13/09/2023,踱步,沙田,內圈,沙田 內圈,,,,,,助手,,快踱一圈,,內圈 快踱一圈 (助手)
H334,12/09/2023,游水,沙田,,沙田,,,,,,,,游水,,
H334,12/09/2023,踱步,沙田,內圈,沙田 內圈,,,,,,助手,,快踱一圈,,內圈 快踱一圈 (助手)
H334,11/09/2023,游水,沙田,,沙田,,,,,,,,游水,,
H334,10/09/2023,出賽,沙田,草地,沙田 草地,1200M,,,,,艾兆禮,3/8,出賽,B1/TT,1200M (艾兆禮) (3/8)
H334,10/09/2023,游水,沙田,,沙田,,,,,,,,游水,,
H334,10/09/2023,踱步,沙田,內圈,沙田 內圈,,,,,,助手,,快踱一圈,,內圈 快踱一圈 (助手)
H334,09/09/2023,游水,沙田,,沙田,,,,,,,,游水,,
H334,09/09/2023,踱步,沙田,內圈,沙田 內圈,,,,,,助手,,快踱一圈,,內圈 快踱一圈 (助手)
H334,07/09/2023,游水,沙田,,沙田,,,,,,,,游水,,
H334,07/09/2023,快操,沙田,全天候,沙田 全天候,,57.4,57.4,30.3 27.1,,助手,,快操,B,30.3 27.1 (57.4) (助手)
H334,07/09/2023,踱步,沙田,飛機場,沙田 飛機場,,,,,,助手,,踱步,B,飛機場 踱步 (助手)
H334,06/09/2023,游水,沙田,,沙田,,,,,,,,游水,,
H334,06/09/2023,踱步,沙田,內圈,沙田 內圈,,,,,,助手,,快踱一圈,,內圈 快踱一圈 (助手)
H334,05/09/2023,游水,沙田,,沙田,,,,,,,,游水,,
H334,05/09/2023,踱步,沙田,內圈,沙田 內圈,,,,,,助手,,快踱一圈,,內圈 快踱一圈 (助手)
H334,04/09/2023,游水,沙田,,沙田,,,,,,,,游水,,
H334,04/09/2023,快操,沙田,全天候,沙田 全天候,,56.1,56.1,30.1 26.0,,助手,,快操,B,30.1 26.0 (56.1) (助手)
H334,04/09/2023,踱步,沙田,飛機場,沙田 飛機場,,,,,,助手,,踱步,B,飛機場 踱步 (助手)
H334,03/09/2023,游水,沙田,,沙田,,,,,,,,游水,,
H334,03/09/2023,踱步,沙田,內圈,沙田 內圈,,,,,,助手,,快踱一圈,,內圈 快踱一圈 (助手)
H334,31/08/2023,游水,沙田,,沙田,,,,,,,,游水,,
H334,31/08/2023,踱步,沙田,內圈,沙田 內圈,,,,,,助手,,倒快兩圈,,內圈 倒快兩圈 (助手)
H334,30/08/2023,游水,沙田,,沙田,,,,,,,,游水,,
H334,30/08/2023,踱步,沙田,內圈,沙田 內圈,,,,,,助手,,快踱一圈,,內圈 快踱一圈 (助手)
H334,29/08/2023,試閘,沙田,全天候,沙田 全天候,1200M,1.09.44,69.44,24.1 22.3 23.0,自強不息,鍾易禮,,第1組,B,第1組 (鍾易禮) 1200M 自強不息 24.1 22.3 23.0 (1.09.44)
H334,29/08/2023,游水,沙田,,沙田,,,,,,,,游水,,
H334,28/08/2023,游水,沙田,,沙田,,,,,,,,游水,,
H334,28/08/2023,踱步,沙田,內圈,沙田 內圈,,,,,,助手,,倒快兩圈,,內圈 倒快兩圈 (助手)
H334,27/08/2023,游水,沙田,,沙田,,,,,,,,游水,,
H334,27/08/2023,踱步,沙田,內圈,沙田 內圈,,,,,,助手,,快踱一圈,,內圈 快踱一圈 (助手)
H334,26/08/2023,游水,沙田,,沙田,,,,,,,,游水,,
H334,26/08/2023,快操,沙田,全天候,沙田 全天候,,58.3,58.3,32.5 25.8,,助手,,快操,B,32.5 25.8 (58.3) (助手)
H334,26/08/2023,踱步,沙田,飛機場,沙田 飛機場,,,,,,助手,,踱步,B,飛機場 踱步 (助手)
H334,25/08/2023,游水,沙田,,沙田,,,,,,,,游水,,
H334,25/08/2023,踱步,沙田,內圈,沙田 內圈,,,,,,助手,,快踱一圈,,內圈 快踱一圈 (助手)
H334,24/08/2023,游水,沙田,,沙田,,,,,,,,游水,,
H334,24/08/2023,踱步,沙田,內圈,沙田 內圈,,,,,,助手,,倒快兩圈,,內圈 倒快兩圈 (助手)
H334,23/08/2023,游水,沙田,,沙田,,,,,,,,游水,,
H334,23/08/2023,快操,沙田,全天候,沙田 全天候,,58.2,58.2,30.8 27.4,,助手,,快操,B,30.8 27.4 (58.2) (助手)
H334,23/08/2023,踱步,沙田,飛機場,沙田 飛機場,,,,,,助手,,踱步,B,飛機場 踱步 (助手)
H334,22/08/2023,游水,沙田,,沙田,,,,,,,,游水,,
H334,22/08/2023,踱步,沙田,內圈,沙田 內圈,,,,,,助手,,快踱一圈,,內圈 快踱一圈 (助手)
H334,21/08/2023,游水,沙田,,沙田,,,,,,,,游水,,
H334,21/08/2023,踱步,沙田,內圈,沙田 內圈,,,,,,鍾易禮,,倒快兩圈,,內圈 倒快兩圈 (鍾易禮)
H334,20/08/2023,游水,沙田,,沙田,,,,,,,,游水,,
H334,20/08/2023,踱步,沙田,內圈,沙田 內圈,,,,,,鍾易禮,,快踱一圈,,內圈 快踱一圈 (鍾易禮)
H334,19/08/2023,游水,沙田,,沙田,,,,,,,,游水,,
H334,19/08/2023,快操,沙田,全天候,沙田 全天候,,57.9,57.9,31.1 26.8,,助手,,快操,B,31.1 26.8 (57.9) (助手)
H334,19/08/2023,踱步,沙田,飛機場,沙田 飛機場,,,,,,助手,,踱步,B,飛機場 踱步 (助手)
H334,18/08/2023,游水,沙田,,沙田,,,,,,,,游水,,
H334,18/08/2023,踱步,沙田,內圈,沙田 內圈,,,,,,助手,,快踱一圈,,內圈 快踱一圈 (助手)
H334,17/08/2023,游水,沙田,,沙田,,,,,,,,游水,,
H334,17/08/2023,踱步,沙田,內圈,沙田 內圈,,,,,,助手,,倒快兩圈,,內圈 倒快兩圈 (助手)
H334,16/08/2023,游水,沙田,,沙田,,,,,,,,游水,,
H334,16/08/2023,快操,沙田,全天候,沙田 全天候,,57.5,57.5,30.3 27.2,,助手,,快操,B,30.3 27.2 (57.5) (助手)
H334,16/08/2023,踱步,沙田,飛機場,沙田 飛機場,,,,,,助手,,踱步,B,飛機場 踱步 (助手)
H334,15/08/2023,游水,沙田,,沙田,,,,,,,,游水,,
H334,15/08/2023,踱步,沙田,內圈,沙田 內圈,,,,,,助手,,快踱一圈,,內圈 快踱一圈 (助手)
H334,14/08/2023,游水,沙田,,沙田,,,,,,,,游水,,
H334,14/08/2023,踱步,沙田,內圈,沙田 內圈,,,,,,助手,,倒快兩圈,,內圈 倒快兩圈 (助手)
H334,13/08/2023,游水,沙田,,沙田,,,,,,,,游水,,
H334,13/08/2023,踱步,沙田,內圈,沙田 內圈,,,,,,助手,,快踱一圈,,內圈 快踱一圈 (助手)
H334,12/08/2023,游水,沙田,,沙田,,,,,,,,游水,,
H334,12/08/2023,踱步,沙田,內圈,沙田 內圈,,,,,,助手,,快踱一圈,,內圈 快踱一圈 (助手)
H334,11/08/2023,游水,沙田,,沙田,,,,,,,,游水,,
H334,11/08/2023,踱步,沙田,內圈,沙田 內圈,,,,,,助手,,快踱一圈,,內圈 快踱一圈 (助手)
H334,10/08/2023,游水,沙田,,沙田,,,,,,,,游水,,
H334,10/08/2023,踱步,沙田,內圈,沙田 內圈,,,,,,助手,,快踱一圈,,內圈 快踱一圈 (助手)
H334,09/08/2023,游水,沙田,,沙田,,,,,,,,游水,,
H334,09/08/2023,踱步,沙田,內圈,沙田 內圈,,,,,,助手,,快踱一圈,,內圈 快踱一圈 (助手)
H334,08/08/2023,游水,沙田,,沙田,,,,,,,,游水,,
H334,08/08/2023,踱步,沙田,內圈,沙田 內圈,,,,,,助手,,快踱一圈,,內圈 快踱一圈 (助手)
H334,07/08/2023,游水,沙田,,沙田,,,,,,,,游水,,
H334,07/08/2023,踱步,沙田,內圈,沙田 內圈,,,,,,助手,,快踱一圈,,內圈 快踱一圈 (助手)
H334,06/08/2023,游水,沙田,,沙田,,,,,,,,游水,,
H334,05/08/2023,游水,沙田,,沙田,,,,,,,,游水,,
H334,04/08/2023,游水,沙田,,沙田,,,,,,,,游水,,
H334,03/08/2023,游水,沙田,,沙田,,,,,,,,游水,,
H334,02/08/2023,游水,沙田,,沙田,,,,,,,,游水,,
H334,01/08/2023,游水,沙田,,沙田,,,,,,,,游水,,
H334,31/07/2023,游水,沙田,,沙田,,,,,,,,游水,,
H334,16/07/2023,游水,沙田,,沙田,,,,,,,,游水,,
H334,15/07/2023,游水,沙田,,沙田,,,,,,,,游水,,
H334,15/07/2023,踱步,沙田,外圈,沙田 外圈,,,,,,助手,,快踱一圈,,外圈 快踱一圈 (助手)
H334,14/07/2023,游水,沙田,,沙田,,,,,,,,游水,,
H334,14/07/2023,踱步,沙田,外圈,沙田 外圈,,,,,,助手,,快踱一圈,,外圈 快踱一圈 (助手)
H334,13/07/2023,游水,沙田,,沙田,,,,,,,,游水,,
H334,13/07/2023,快操,沙田,全天候,沙田 全天候,,58.1,58.1,31.8 26.3,,助手,,快操,CP,31.8 26.3 (58.1) (助手)
H334,13/07/2023,踱步,沙田,飛機場,沙田 飛機場,,,,,,助手,,踱步,CP,飛機場 踱步 (助手)
H334,12/07/2023,游水,沙田,,沙田,,,,,,,,游水,,
H334,12/07/2023,踱步,沙田,外圈,沙田 外圈,,,,,,鍾易禮,,快踱一圈,,外圈 快踱一圈 (鍾易禮)
H334,11/07/2023,游水,沙田,,沙田,,,,,,,,游水,,
H334,11/07/2023,踱步,沙田,外圈,沙田 外圈,,,,,,鍾易禮,,快踱一圈,,外圈 快踱一圈 (鍾易禮)
H334,10/07/2023,游水,沙田,,沙田,,,,,,,,游水,,
H334,10/07/2023,踱步,沙田,外圈,沙田 外圈,,,,,,鍾易禮,,快踱一圈,,外圈 快踱一圈 (鍾易禮)
H334,09/07/2023,游水,沙田,,沙田,,,,,,,,游水,,
H334,09/07/2023,踱步,沙田,外圈,沙田 外圈,,,,,,助手,,快踱一圈,,外圈 快踱一圈 (助手)
H334,08/07/2023,游水,沙田,,沙田,,,,,,,,游水,,
H334,07/07/2023,游水,沙田,,沙田,,,,,,,,游水,,
H334,07/07/2023,踱步,沙田,外圈,沙田 外圈,,,,,,助手,,快踱一圈,,外圈 快踱一圈 (助手)
H334,06/07/2023,游水,沙田,,沙田,,,,,,,,游水,,
H334,06/07/2023,踱步,沙田,外圈,沙田 外圈,,,,,,助手,,快踱一圈,,外圈 快踱一圈 (助手)
H334,05/07/2023,游水,沙田,,沙田,,,,,,,,游水,,
H334,05/07/2023,踱步,沙田,外圈,沙田 外圈,,,,,,助手,,快踱一圈,,外圈 快踱一圈 (助手)
H334,04/07/2023,游水,沙田,,沙田,,,,,,,,游水,,
H334,04/07/2023,踱步,沙田,外圈,沙田 外圈,,,,,,助手,,快踱一圈,,外圈 快踱一圈 (助手)
H334,03/07/2023,游水,沙田,,沙田,,,,,,,,游水,,
H334,03/07/2023,踱步,沙田,外圈,沙田 外圈,,,,,,助手,,快踱一圈,,外圈 快踱一圈 (助手)
H334,02/07/2023,游水,沙田,,沙田,,,,,,,,游水,,
H334,01/07/2023,游水,沙田,,沙田,,,,,,,,游水,,
H334,01/07/2023,踱步,沙田,外圈,沙田 外圈,,,,,,助手,,快踱一圈,,外圈 快踱一圈 (助手)
H334,30/06/2023,游水,沙田,,沙田,,,,,,,,游水,,
H334,30/06/2023,踱步,沙田,外圈,沙田 外圈,,,,,,助手,,快踱一圈,,外圈 快踱一圈 (助手)
H334,29/06/2023,游水,沙田,,沙田,,,,,,,,游水,,
H334,29/06/2023,踱步,沙田,外圈,沙田 外圈,,,,,,助手,,快踱一圈,,外圈 快踱一圈 (助手)
H334,28/06/2023,游水,沙田,,沙田,,,,,,,,游水,,
H334,28/06/2023,快操,沙田,全天候,沙田 全天候,,57.1,57.1,30.9 26.2,,助手,,快操,,30.9 26.2 (57.1) (助手)
H334,28/06/2023,踱步,沙田,飛機場,沙田 飛機場,,,,,,助手,,踱步,,飛機場 踱步 (助手)
H334,27/06/2023,游水,沙田,,沙田,,,,,,,,游水,,
H334,27/06/2023,踱步,沙田,外圈,沙田 外圈,,,,,,鍾易禮,,快踱一圈,,外圈 快踱一圈 (鍾易禮)
H334,26/06/2023,游水,沙田,,沙田,,,,,,,,游水,,
H334,26/06/2023,踱步,沙田,內圈,沙田 內圈,,,,,,助手,,倒快兩圈,,內圈 倒快兩圈 (助手)
H334,25/06/2023,游水,沙田,,沙田,,,,,,,,游水,,
H334,25/06/2023,快操,沙田,全天候,沙田 全天候,,57.5,57.5,31.8 25.7,,助手,,快操,,31.8 25.7 (57.5) (助手)
H334,25/06/2023,踱步,沙田,飛機場,沙田 飛機場,,,,,,助手,,踱步,,飛機場 踱步 (助手)
H334,24/06/2023,游水,沙田,,沙田,,,,,,,,游水,,
H334,24/06/2023,踱步,沙田,內圈,沙田 內圈,,,,,,助手,,快踱一圈,,內圈 快踱一圈 (助手)
H334,23/06/2023,游水,沙田,,沙田,,,,,,,,游水,,
H334,23/06/2023,踱步,沙田,內圈,沙田 內圈,,,,,,助手,,快踱一圈,,內圈 快踱一圈 (助手)
H334,22/06/2023,游水,沙田,,沙田,,,,,,,,游水,,
H334,22/06/2023,快操,沙田,全天候,沙田 全天候,,58.2,58.2,31.1 27.1,,鍾易禮,,快操,,31.1 27.1 (58.2) (鍾易禮)
H334,22/06/2023,踱步,沙田,飛機場,沙田 飛機場,,,,,,鍾易禮,,踱步,,飛機場 踱步 (鍾易禮)
H334,21/06/2023,游水,沙田,,沙田,,,,,,,,游水,,
H334,21/06/2023,踱步,沙田,內圈,沙田 內圈,,,,,,助手,,快踱一圈,,內圈 快踱一圈 (助手)
H334,20/06/2023,游水,沙田,,沙田,,,,,,,,游水,,
H334,20/06/2023,踱步,沙田,內圈,沙田 內圈,,,,,,助手,,快踱一圈,,內圈 快踱一圈 (助手)
H334,19/06/2023,游水,沙田,,沙田,,,,,,,,游水,,
H334,19/06/2023,踱步,沙田,內圈,沙田 內圈,,,,,,助手,,倒快兩圈,,內圈 倒快兩圈 (助手)
H334,18/06/2023,游水,沙田,,沙田,,,,,,,,游水,,
H334,18/06/2023,踱步,沙田,內圈,沙田 內圈,,,,,,助手,,快踱一圈,,內圈 快踱一圈 (助手)
H334,17/06/2023,游水,沙田,,沙田,,,,,,,,游水,,
H334,17/06/2023,踱步,沙田,內圈,沙田 內圈,,,,,,副練馬師,,快踱一圈,,內圈 快踱一圈 (副練馬師)
H334,16/06/2023,游水,沙田,,沙田,,,,,,,,游水,,
H334,16/06/2023,踱步,沙田,內圈,沙田 內圈,,,,,,助手,,快踱一圈,,內圈 快踱一圈 (助手)
H334,15/06/2023,游水,沙田,,沙田,,,,,,,,游水,,
H334,15/06/2023,踱步,沙田,內圈,沙田 內圈,,,,,,副練馬師,,倒快兩圈,,內圈 倒快兩圈 (副練馬師)
H334,14/06/2023,游水,沙田,,沙田,,,,,,,,游水,,
H334,14/06/2023,踱步,沙田,內圈,沙田 內圈,,,,,,助手,,快踱一圈,,內圈 快踱一圈 (助手)
H334,13/06/2023,游水,沙田,,沙田,,,,,,,,游水,,
H334,13/06/2023,踱步,沙田,內圈,沙田 內圈,,,,,,助手,,快踱一圈,,內圈 快踱一圈 (助手)
H334,12/06/2023,游水,沙田,,沙田,,,,,,,,游水,,
H334,12/06/2023,踱步,沙田,內圈,沙田 內圈,,,,,,助手,,倒快兩圈,,內圈 倒快兩圈 (助手)
H334,11/06/2023,游水,沙田,,沙田,,,,,,,,游水,,
H334,10/06/2023,游水,沙田,,沙田,,,,,,,,游水,,
H334,10/06/2023,踱步,沙田,內圈,沙田 內圈,,,,,,助手,,快踱一圈,,內圈 快踱一圈 (助手)
H334,09/06/2023,游水,沙田,,沙田,,,,,,,,游水,,
H334,09/06/2023,踱步,沙田,內圈,沙田 內圈,,,,,,助手,,快踱一圈,,內圈 快踱一圈 (助手)
H334,08/06/2023,游水,沙田,,沙田,,,,,,,,游水,,
H334,08/06/2023,踱步,沙田,內圈,沙田 內圈,,,,,,助手,,倒快兩圈,,內圈 倒快兩圈 (助手)
H334,07/06/2023,游水,沙田,,沙田,,,,,,,,游水,,
H334,07/06/2023,快操,沙田,全天候,沙田 全天候,,56.0,56.0,30.5 25.5,,副練馬師,,快操,,30.5 25.5 (56.0) (副練馬師)
H334,07/06/2023,踱步,沙田,飛機場,沙田 飛機場,,,,,,副練馬師,,踱步,,飛機場 踱步 (副練馬師)
H334,06/06/2023,游水,沙田,,沙田,,,,,,,,游水,,
H334,06/06/2023,踱步,沙田,內圈,沙田 內圈,,,,,,助手,,快踱一圈,,內圈 快踱一圈 (助手)
H334,05/06/2023,游水,沙田,,沙田,,,,,,,,游水,,
H334,05/06/2023,踱步,沙田,內圈,沙田 內圈,,,,,,助手,,倒快兩圈,,內圈 倒快兩圈 (助手)
H334,04/06/2023,游水,沙田,,沙田,,,,,,,,游水,,
H334,04/06/2023,快操,沙田,全天候,沙田 全天候,,57.2,57.2,30.3 26.9,,鍾易禮,,快操,,30.3 26.9 (57.2) (鍾易禮)
H334,04/06/2023,踱步,沙田,飛機場,沙田 飛機場,,,,,,鍾易禮,,踱步,,飛機場 踱步 (鍾易禮)
H334,03/06/2023,游水,沙田,,沙田,,,,,,,,游水,,
H334,03/06/2023,踱步,沙田,內圈,沙田 內圈,,,,,,助手,,快踱一圈,,內圈 快踱一圈 (助手)
H334,02/06/2023,游水,沙田,,沙田,,,,,,,,游水,,
H334,02/06/2023,踱步,沙田,內圈,沙田 內圈,,,,,,助手,,快踱一圈,,內圈 快踱一圈 (助手)
H334,01/06/2023,游水,沙田,,沙田,,,,,,,,游水,,
H334,01/06/2023,踱步,沙田,內圈,沙田 內圈,,,,,,助手,,倒快兩圈,,內圈 倒快兩圈 (助手)
H334,31/05/2023,游水,沙田,,沙田,,,,,,,,游水,,
H334,31/05/2023,踱步,沙田,內圈,沙田 內圈,,,,,,助手,,快踱一圈,,內圈 快踱一圈 (助手)
H334,30/05/2023,游水,沙田,,沙田,,,,,,,,游水,,
H334,30/05/2023,踱步,沙田,內圈,沙田 內圈,,,,,,助手,,快踱一圈,,內圈 快踱一圈 (助手)
H334,29/05/2023,游水,沙田,,沙田,,,,,,,,游水,,
H334,29/05/2023,踱步,沙田,內圈,沙田 內圈,,,,,,助手,,倒快兩圈,,內圈 倒快兩圈 (助手)
H334,28/05/2023,游水,沙田,,沙田,,,,,,,,游水,,
H334,28/05/2023,踱步,沙田,內圈,沙田 內圈,,,,,,助手,,快踱一圈,,內圈 快踱一圈 (助手)
H334,27/05/2023,游水,沙田,,沙田,,,,,,,,游水,,
H334,27/05/2023,踱步,沙田,內圈,沙田 內圈,,,,,,助手,,快踱一圈,,內圈 快踱一圈 (助手)
H334,26/05/2023,游水,沙田,,沙田,,,,,,,,游水,,
H334,26/05/2023,踱步,沙田,內圈,沙田 內圈,,,,,,助手,,快踱一圈,,內圈 快踱一圈 (助手)
H334,25/05/2023,游水,沙田,,沙田,,,,,,,,游水,,
H334,24/05/2023,游水,沙田,,沙田,,,,,,,,游水,,
H334,24/05/2023,踱步,沙田,內圈,沙田 內圈,,,,,,助手,,快踱一圈,,內圈 快踱一圈 (助手)
H334,23/05/2023,試閘,沙田,全天候,沙田 全天候,1200M,1.11.45,71.45,25.0 22.7 23.7,維港智能,蔡明紹,,第1組,,第1組 (蔡明紹) 1200M 維港智能 25.0 22.7 23.7 (1.11.45)
H334,23/05/2023,游水,沙田,,沙田,,,,,,,,游水,,
H334,22/05/2023,游水,沙田,,沙田,,,,,,,,游水,,
H334,22/05/2023,踱步,沙田,內圈,沙田 內圈,,,,,,副練馬師,,倒快兩圈,,內圈 倒快兩圈 (副練馬師)
H334,21/05/2023,游水,沙田,,沙田,,,,,,,,游水,,
H334,21/05/2023,踱步,沙田,內圈,沙田 內圈,,,,,,助手,,快踱一圈,,內圈 快踱一圈 (助手)
H334,20/05/2023,游水,沙田,,沙田,,,,,,,,游水,,
H334,20/05/2023,快操,沙田,全天候,沙田 全天候,,57.3,57.3,30.5 26.8,,助手,,快操,,30.5 26.8 (57.3) (助手)
H334,20/05/2023,踱步,沙田,飛機場,沙田 飛機場,,,,,,助手,,踱步,,飛機場 踱步 (助手)
H334,19/05/2023,游水,沙田,,沙田,,,,,,,,游水,,
H334,19/05/2023,踱步,沙田,內圈,沙田 內圈,,,,,,助手,,快踱一圈,,內圈 快踱一圈 (助手)
H334,18/05/2023,游水,沙田,,沙田,,,,,,,,游水,,
H334,18/05/2023,踱步,沙田,內圈,沙田 內圈,,,,,,助手,,倒快兩圈,H,內圈 倒快兩圈 (助手)
H334,17/05/2023,踱步,從化,內圈,從化 內圈,,,,,,助手,,快踱一圈,,內圈 快踱一圈 (助手)
H334,16/05/2023,游水,從化,,從化,,,,,,,,游水,,
H334,16/05/2023,踱步,從化,內圈,從化 內圈,,,,,,助手,,快踱一圈,,內圈 快踱一圈 (助手)
H334,15/05/2023,游水,從化,,從化,,,,,,,,游水,,
H334,15/05/2023,踱步,從化,內圈,從化 內圈,,,,,,助手,,倒快兩圈,,內圈 倒快兩圈 (助手)
H334,14/05/2023,游水,從化,,從化,,,,,,,,游水,,
H334,14/05/2023,踱步,從化,內圈,從化 內圈,,,,,,助手,,快踱一圈,,內圈 快踱一圈 (助手)
H334,13/05/2023,游水,從化,,從化,,,,,,,,游水,,
H334,13/05/2023,踱步,從化,內圈,從化 內圈,,,,,,助手,,快踱一圈,,內圈 快踱一圈 (助手)
H334,12/05/2023,游水,從化,,從化,,,,,,,,游水,,
H334,12/05/2023,踱步,從化,內圈,從化 內圈,,,,,,助手,,快踱一圈,,內圈 快踱一圈 (助手)
H334,11/05/2023,試閘,從化,草地,從化 草地,1200M,1.11.91,71.91,25.3 23.1 23.5,總理,查本楠,,第2組,,第2組 (查本楠) 1200M 總理 25.3 23.1 23.5 (1.11.91)
H334,11/05/2023,游水,從化,,從化,,,,,,,,游水,,
H334,10/05/2023,游水,從化,,從化,,,,,,,,游水,,
H334,10/05/2023,踱步,從化,內圈,從化 內圈,,,,,,助手,,快踱一圈,,內圈 快踱一圈 (助手)
H334,09/05/2023,游水,從化,,從化,,,,,,,,游水,,
H334,09/05/2023,踱步,從化,內圈,從化 內圈,,,,,,助手,,快踱一圈,,內圈 快踱一圈 (助手)
H334,08/05/2023,游水,從化,,從化,,,,,,,,游水,,
H334,08/05/2023,快操,從化,全天候,從化 全天候,,56.9,56.9,29.7 27.2,,助手,,快操,,29.7 27.2 (56.9) (助手)
H334,08/05/2023,踱步,從化,飛機場,從化 飛機場,,,,,,助手,,踱步,,飛機場 踱步 (助手)
H334,07/05/2023,游水,從化,,從化,,,,,,,,游水,,
H334,07/05/2023,踱步,從化,內圈,從化 內圈,,,,,,助手,,快踱一圈,,內圈 快踱一圈 (助手)
H334,06/05/2023,游水,從化,,從化,,,,,,,,游水,,
H334,06/05/2023,踱步,從化,內圈,從化 內圈,,,,,,助手,,快踱一圈,,內圈 快踱一圈 (助手)
H334,05/05/2023,游水,從化,,從化,,,,,,,,游水,,
H334,05/05/2023,踱步,從化,內圈,從化 內圈,,,,,,助手,,快踱一圈,,內圈 快踱一圈 (助手)
H334,04/05/2023,游水,從化,,從化,,,,,,,,游水,,
H334,04/05/2023,快操,從化,全天候,從化 全天候,,56.3,56.3,29.9 26.4,,助手,,快操,,29.9 26.4 (56.3) (助手)
H334,04/05/2023,踱步,從化,飛機場,從化 飛機場,,,,,,助手,,踱步,,飛機場 踱步 (助手)
H334,03/05/2023,游水,從化,,從化,,,,,,,,游水,,
H334,03/05/2023,踱步,從化,內圈,從化 內圈,,,,,,助手,,快踱一圈,,內圈 快踱一圈 (助手)
H334,02/05/2023,游水,從化,,從化,,,,,,,,游水,,
H334,02/05/2023,踱步,從化,內圈,從化 內圈,,,,,,助手,,快踱一圈,,內圈 快踱一圈 (助手)
H334,01/05/2023,游水,從化,,從化,,,,,,,,游水,,
H334,01/05/2023,踱步,從化,內圈,從化 內圈,,,,,,助手,,倒快兩圈,,內圈 倒快兩圈 (助手)
H334,30/04/2023,游水,從化,,從化,,,,,,,,游水,,
H334,30/04/2023,踱步,從化,內圈,從化 內圈,,,,,,助手,,快踱一圈,,內圈 快踱一圈 (助手)
H334,29/04/2023,游水,從化,,從化,,,,,,,,游水,,
H334,29/04/2023,踱步,從化,內圈,從化 內圈,,,,,,助手,,快踱一圈,,內圈 快踱一圈 (助手)
H334,28/04/2023,游水,從化,,從化,,,,,,,,游水,,
H334,28/04/2023,踱步,從化,內圈,從化 內圈,,,,,,助手,,快踱一圈,,內圈 快踱一圈 (助手)
H334,27/04/2023,試閘,從化,草地,從化 草地,1200M,1.12.37,72.37,26.7 22.7 22.9,步大威猛,查本楠,,第3組,,第3組 (查本楠) 1200M 步大威猛 26.7 22.7 22.9 (1.12.37)
H334,27/04/2023,游水,從化,,從化,,,,,,,,游水,,
H334,26/04/2023,游水,從化,,從化,,,,,,,,游水,,
H334,26/04/2023,踱步,從化,內圈,從化 內圈,,,,,,助手,,快踱一圈,,內圈 快踱一圈 (助手)
H334,25/04/2023,游水,從化,,從化,,,,,,,,游水,,
H334,25/04/2023,踱步,從化,內圈,從化 內圈,,,,,,助手,,快踱一圈,,內圈 快踱一圈 (助手)
H334,24/04/2023,游水,從化,,從化,,,,,,,,游水,,
H334,24/04/2023,快操,從化,全天候,從化 全天候,,57.2,57.2,30.4 26.8,,助手,,快操,,30.4 26.8 (57.2) (助手)
H334,24/04/2023,踱步,從化,飛機場,從化 飛機場,,,,,,助手,,踱步,,飛機場 踱步 (助手)
H334,23/04/2023,游水,從化,,從化,,,,,,,,游水,,
H334,23/04/2023,踱步,從化,內圈,從化 內圈,,,,,,助手,,快踱一圈,,內圈 快踱一圈 (助手)
H334,22/04/2023,游水,從化,,從化,,,,,,,,游水,,
H334,22/04/2023,踱步,從化,內圈,從化 內圈,,,,,,助手,,快踱一圈,,內圈 快踱一圈 (助手)
H334,21/04/2023,游水,從化,,從化,,,,,,,,游水,,
H334,21/04/2023,踱步,從化,內圈,從化 內圈,,,,,,助手,,快踱一圈,,內圈 快踱一圈 (助手)
H334,20/04/2023,游水,從化,,從化,,,,,,,,游水,,
H334,20/04/2023,快操,從化,全天候,從化 全天候,,58.4,58.4,30.7 27.7,,助手,,快操,,30.7 27.7 (58.4) (助手)
H334,20/04/2023,踱步,從化,飛機場,從化 飛機場,,,,,,助手,,踱步,,飛機場 踱步 (助手)
H334,19/04/2023,游水,從化,,從化,,,,,,,,游水,,
H334,19/04/2023,踱步,從化,內圈,從化 內圈,,,,,,助手,,快踱一圈,,內圈 快踱一圈 (助手)
H334,18/04/2023,踱步,沙田,內圈,沙田 內圈,,,,,,鍾易禮,,快踱一圈,,內圈 快踱一圈 (鍾易禮)
H334,17/04/2023,游水,沙田,,沙田,,,,,,,,游水,,
H334,17/04/2023,踱步,沙田,內圈,沙田 內圈,,,,,,助手,,倒快兩圈,,內圈 倒快兩圈 (助手)
H334,16/04/2023,游水,沙田,,沙田,,,,,,,,游水,,
H334,16/04/2023,踱步,沙田,內圈,沙田 內圈,,,,,,助手,,快踱一圈,,內圈 快踱一圈 (助手)
H334,15/04/2023,游水,沙田,,沙田,,,,,,,,游水,,
H334,15/04/2023,快操,沙田,全天候,沙田 全天候,,54.5,54.5,28.3 26.2,,鍾易禮,,快操,,28.3 26.2 (54.5) (鍾易禮)
H334,15/04/2023,踱步,沙田,飛機場,沙田 飛機場,,,,,,鍾易禮,,踱步,,飛機場 踱步 (鍾易禮)
H334,14/04/2023,游水,沙田,,沙田,,,,,,,,游水,,
H334,14/04/2023,踱步,沙田,內圈,沙田 內圈,,,,,,副練馬師,,快踱一圈,,內圈 快踱一圈 (副練馬師)
H334,13/04/2023,游水,沙田,,沙田,,,,,,,,游水,,
H334,13/04/2023,踱步,沙田,內圈,沙田 內圈,,,,,,副練馬師,,倒快兩圈,,內圈 倒快兩圈 (副練馬師)
H334,12/04/2023,游水,沙田,,沙田,,,,,,,,游水,,
H334,12/04/2023,踱步,沙田,內圈,沙田 內圈,,,,,,助手,,快踱一圈,,內圈 快踱一圈 (助手)
H334,11/04/2023,游水,沙田,,沙田,,,,,,,,游水,,
H334,11/04/2023,快操,沙田,全天候,沙田 全天候,,56.7,56.7,30.1 26.6,,助手,,快操,,30.1 26.6 (56.7) (助手)
H334,11/04/2023,踱步,沙田,飛機場,沙田 飛機場,,,,,,助手,,踱步,,飛機場 踱步 (助手)
H334,10/04/2023,游水,沙田,,沙田,,,,,,,,游水,,
H334,10/04/2023,踱步,沙田,內圈,沙田 內圈,,,,,,助手,,倒快兩圈,,內圈 倒快兩圈 (助手)
H334,09/04/2023,游水,沙田,,沙田,,,,,,,,游水,,
H334,09/04/2023,踱步,沙田,內圈,沙田 內圈,,,,,,副練馬師,,快踱一圈,,內圈 快踱一圈 (副練馬師)
H334,08/04/2023,游水,沙田,,沙田,,,,,,,,游水,,
H334,08/04/2023,踱步,沙田,內圈,沙田 內圈,,,,,,助手,,快踱一圈,,內圈 快踱一圈 (助手)
H334,07/04/2023,游水,沙田,,沙田,,,,,,,,游水,,
H334,07/04/2023,踱步,沙田,內圈,沙田 內圈,,,,,,助手,,快踱一圈,,內圈 快踱一圈 (助手)
H334,06/04/2023,游水,沙田,,沙田,,,,,,,,游水,,
H334,06/04/2023,快操,沙田,草閘,沙田 草閘,,48.8,48.8,24.4 24.4,,鍾易禮,,炯炯有神,,24.4 24.4 (48.8) (鍾易禮) 炯炯有神
H334,06/04/2023,踱步,沙田,飛機場,沙田 飛機場,,,,,,鍾易禮,,踱步,,飛機場 踱步 (鍾易禮)
H334,05/04/2023,踱步,沙田,內圈,沙田 內圈,,,,,,助手,,快踱一圈,,內圈 快踱一圈 (助手)
H334,04/04/2023,踱步,沙田,內圈,沙田 內圈,,,,,,助手,,快踱一圈,,內圈 快踱一圈 (助手)
H334,03/04/2023,游水,沙田,,沙田,,,,,,,,游水,,
H334,03/04/2023,踱步,沙田,內圈,沙田 內圈,,,,,,助手,,倒快兩圈,,內圈 倒快兩圈 (助手)
H334,02/04/2023,游水,沙田,,沙田,,,,,,,,游水,,
H334,02/04/2023,踱步,沙田,內圈,沙田 內圈,,,,,,助手,,快踱一圈,,內圈 快踱一圈 (助手)
H334,01/04/2023,游水,沙田,,沙田,,,,,,,,游水,,
H334,01/04/2023,快操,沙田,全天候,沙田 全天候,,57.4,57.4,30.6 26.8,,助手,,快操,,30.6 26.8 (57.4) (助手)
H334,01/04/2023,踱步,沙田,飛機場,沙田 飛機場,,,,,,助手,,踱步,,飛機場 踱步 (助手)
H334,31/03/2023,游水,沙田,,沙田,,,,,,,,游水,,
H334,31/03/2023,踱步,沙田,內圈,沙田 內圈,,,,,,助手,,快踱一圈,,內圈 快踱一圈 (助手)
H334,30/03/2023,游水,沙田,,沙田,,,,,,,,游水,,
H334,30/03/2023,踱步,沙田,內圈,沙田 內圈,,,,,,助手,,倒快兩圈,,內圈 倒快兩圈 (助手)
H334,29/03/2023,游水,沙田,,沙田,,,,,,,,游水,,
H334,29/03/2023,快操,沙田,全天候,沙田 全天候,,57.7,57.7,31.1 26.6,,助手,,快操,,31.1 26.6 (57.7) (助手)
H334,29/03/2023,踱步,沙田,飛機場,沙田 飛機場,,,,,,助手,,踱步,,飛機場 踱步 (助手)
H334,28/03/2023,游水,沙田,,沙田,,,,,,,,游水,,
H334,28/03/2023,踱步,沙田,內圈,沙田 內圈,,,,,,助手,,快踱一圈,,內圈 快踱一圈 (助手)
H334,27/03/2023,游水,沙田,,沙田,,,,,,,,游水,,
H334,27/03/2023,踱步,沙田,內圈,沙田 內圈,,,,,,助手,,倒快兩圈,,內圈 倒快兩圈 (助手)
H334,26/03/2023,游水,沙田,,沙田,,,,,,,,游水,,
H334,26/03/2023,踱步,沙田,內圈,沙田 內圈,,,,,,助手,,快踱一圈,,內圈 快踱一圈 (助手)
H334,25/03/2023,游水,沙田,,沙田,,,,,,,,游水,,
H334,25/03/2023,快操,沙田,全天候,沙田 全天候,,1.00.5,60.5,31.8 28.7,,助手,,快操,,31.8 28.7 (1.00.5) (助手)
H334,25/03/2023,踱步,沙田,飛機場,沙田 飛機場,,,,,,助手,,踱步,,飛機場 踱步 (助手)
H334,24/03/2023,游水,沙田,,沙田,,,,,,,,游水,,
H334,24/03/2023,踱步,沙田,內圈,沙田 內圈,,,,,,助手,,快踱一圈,,內圈 快踱一圈 (助手)
H334,23/03/2023,游水,沙田,,沙田,,,,,,,,游水,,
H334,23/03/2023,踱步,沙田,內圈,沙田 內圈,,,,,,助手,,倒快一圈,,內圈 倒快一圈 (助手)
H334,21/03/2023,游水,沙田,,沙田,,,,,,,,游水,,
H334,21/03/2023,踱步,沙田,內圈,沙田 內圈,,,,,,助手,,快踱一圈,,內圈 快踱一圈 (助手)
H334,20/03/2023,游水,沙田,,沙田,,,,,,,,游水,,
H334,20/03/2023,踱步,沙田,內圈,沙田 內圈,,,,,,助手,,倒快兩圈,,內圈 倒快兩圈 (助手)
H334,19/03/2023,游水,沙田,,沙田,,,,,,,,游水,,
H334,18/03/2023,游水,沙田,,沙田,,,,,,,,游水,,
H334,17/03/2023,游水,沙田,,沙田,,,,,,,,游水,,
H334,14/03/2023,游水,沙田,,沙田,,,,,,,,游水,,
H334,14/03/2023,踱步,沙田,內圈,沙田 內圈,,,,,,助手,,快踱一圈,,內圈 快踱一圈 (助手)
H334,13/03/2023,游水,沙田,,沙田,,,,,,,,游水,,
H334,12/03/2023,游水,沙田,,沙田,,,,,,,,游水,,
H334,12/03/2023,踱步,沙田,內圈,沙田 內圈,,,,,,助手,,快踱一圈,,內圈 快踱一圈 (助手)
H334,11/03/2023,游水,沙田,,沙田,,,,,,,,游水,,
H334,11/03/2023,踱步,沙田,內圈,沙田 內圈,,,,,,助手,,快踱一圈,,內圈 快踱一圈 (助手)
H334,10/03/2023,游水,沙田,,沙田,,,,,,,,游水,,
H334,10/03/2023,踱步,沙田,內圈,沙田 內圈,,,,,,助手,,快踱一圈,,內圈 快踱一圈 (助手)
H334,09/03/2023,游水,沙田,,沙田,,,,,,,,游水,,
H334,09/03/2023,踱步,沙田,內圈,沙田 內圈,,,,,,副練馬師,,倒快兩圈,H,內圈 倒快兩圈 (副練馬師)
H334,08/03/2023,游水,沙田,,沙田,,,,,,,,游水,,
H334,08/03/2023,踱步,沙田,內圈,沙田 內圈,,,,,,副練馬師,,快踱一圈,,內圈 快踱一圈 (副練馬師)
H334,07/03/2023,游水,沙田,,沙田,,,,,,,,游水,,
H334,06/03/2023,游水,沙田,,沙田,,,,,,,,游水,,
H334,05/03/2023,游水,沙田,,沙田,,,,,,,,游水,,
H334,04/03/2023,游水,沙田,,沙田,,,,,,,,游水,,
H334,03/03/2023,游水,沙田,,沙田,,,,,,,,游水,,
H334,02/03/2023,游水,沙田,,沙田,,,,,,,,游水,,
H334,01/03/2023,游水,沙田,,沙田,,,,,,,,游水,,
H334,28/02/2023,游水,沙田,,沙田,,,,,,,,游水,,
H334,27/02/2023,游水,沙田,,沙田,,,,,,,,游水,,
H334,26/02/2023,游水,沙田,,沙田,,,,,,,,游水,,
H334,25/02/2023,游水,沙田,,沙田,,,,,,,,游水,,
