horse_no,date,work_type,racecourse,track,venue,distance,time,time_sec,splits,partner,rider,placing,comment,gear,workout_details
J065,05/09/2026,快操,從化,全天候,從化 全天候,,54.6,54.6,29.1 25.5,,助手,,快操,,29.1 25.5 (54.6) (助手)
J065,05/09/2026,踱步,從化,飛機場,從化 飛機場,,,,,,助手,,踱步,,飛機場 踱步 (助手)
J065,04/09/2026,游水,從化,,從化,,,,,,,,游水,,
J065,04/09/2026,踱步,從化,內圈,從化 內圈,,,,,,助手,,快踱一圈,,內圈 快踱一圈 (助手)
J065,03/09/2026,游水,從化,,從化,,,,,,,,游水,,
J065,03/09/2026,踱步,從化,內圈,從化 內圈,,,,,,助手,,倒快兩圈,,內圈 倒快兩圈 (助手)
J065,02/09/2026,游水,從化,,從化,,,,,,,,游水,,
J065,02/09/2026,踱步,從化,飛機場,從化 飛機場,,,,,,助手,,踱步,,飛機場 踱步 (助手)
J065,01/09/2026,游水,從化,,從化,,,,,,,,游水,,
J065,31/08/2026,試閘,從化,草地,從化 草地,1200M,1.11.53,71.53,24.4 22.7 24.4,劍無情,湯瑪善,,第10組,V,第10組 (湯瑪善) 1200M 劍無情 24.4 22.7 24.4 (1.11.53)
J065,31/08/2026,踱步,從化,飛機場,從化 飛機場,,,,,,助手,,踱步,V,飛機場 踱步 (助手)
J065,30/08/2026,游水,從化,,從化,,,,,,,,游水,,
J065,30/08/2026,踱步,從化,內圈,從化 內圈,,,,,,助手,,快踱一圈,,內圈 快踱一圈 (助手)
J065,29/08/2026,游水,從化,,從化,,,,,,,,游水,,
J065,29/08/2026,踱步,從化,內圈,從化 內圈,,,,,,助手,,快踱一圈,,內圈 快踱一圈 (助手)
J065,28/08/2026,游水,從化,,從化,,,,,,,,游水,,
J065,28/08/2026,踱步,從化,內圈,從化 內圈,,,,,,助手,,快踱一圈,,內圈 快踱一圈 (助手)
J065,27/08/2026,游水,從化,,從化,,,,,,,,游水,,
J065,27/08/2026,踱步,從化,飛機場,從化 飛機場,,,,,,助手,,踱步,,飛機場 踱步 (助手)
J065,26/08/2026,游水,從化,,從化,,,,,,,,游水,,
J065,26/08/2026,快操,從化,全天候,從化 全天候,,1.29.2,89.2,32.9 29.6 26.7,,助手,,快操,V,32.9 29.6 26.7 (1.29.2) (助手)
J065,25/08/2026,游水,從化,,從化,,,,,,,,游水,,
J065,25/08/2026,踱步,從化,內圈,從化 內圈,,,,,,助手,,快踱一圈,,內圈 快踱一圈 (助手)
J065,24/08/2026,游水,從化,,從化,,,,,,,,游水,,
J065,24/08/2026,踱步,從化,內圈,從化 內圈,,,,,,助手,,倒快兩圈,,內圈 倒快兩圈 (助手)
J065,23/08/2026,游水,從化,,從化,,,,,,,,游水,,
J065,23/08/2026,踱步,從化,內圈,從化 內圈,,,,,,助手,,快踱一圈,,內圈 快踱一圈 (助手)
J065,22/08/2026,游水,從化,,從化,,,,,,,,游水,,
J065,22/08/2026,踱步,從化,飛機場,從化 飛機場,,,,,,助手,,踱步,,飛機場 踱步 (助手)
J065,21/08/2026,游水,從化,,從化,,,,,,,,游水,,
J065,20/08/2026,試閘,從化,全天候,從化 全天候,1050M,1.02.79,62.79,16.7 22.0 24.0,建測精英,湯瑪善,,第4組,V,第4組 (湯瑪善) 1050M 建測精英 16.7 22.0 24.0 (1.02.79)
J065,20/08/2026,踱步,從化,飛機場,從化 飛機場,,,,,,助手,,踱步,B,飛機場 踱步 (助手)
J065,19/08/2026,踱步,從化,內圈,從化 內圈,,,,,,助手,,快踱一圈,,內圈 快踱一圈 (助手)
J065,18/08/2026,游水,從化,,從化,,,,,,,,游水,,
J065,18/08/2026,踱步,從化,內圈,從化 內圈,,,,,,助手,,快踱一圈,,內圈 快踱一圈 (助手)
J065,17/08/2026,快操,從化,全天候,從化 全天候,,57.9,57.9,29.4 28.5,,助手,,快操,,29.4 28.5 (57.9) (助手)
J065,17/08/2026,踱步,從化,飛機場,從化 飛機場,,,,,,助手,,踱步,,飛機場 踱步 (助手)
J065,16/08/2026,游水,從化,,從化,,,,,,,,游水,,
J065,16/08/2026,踱步,從化,內圈,從化 內圈,,,,,,助手,,快踱一圈,,內圈 快踱一圈 (助手)
J065,15/08/2026,游水,從化,,從化,,,,,,,,游水,,
J065,15/08/2026,踱步,從化,飛機場,從化 飛機場,,,,,,助手,,踱步,,飛機場 踱步 (助手)
J065,14/08/2026,快操,從化,全天候,從化 全天候,,1.27.5,87.5,32.9 28.5 26.1,,助手,,快操,V,32.9 28.5 26.1 (1.27.5) (助手)
J065,14/08/2026,踱步,從化,飛機場,從化 飛機場,,,,,,助手,,踱步,V,飛機場 踱步 (助手)
J065,13/08/2026,踱步,從化,內圈,從化 內圈,,,,,,助手,,倒快兩圈,,內圈 倒快兩圈 (助手)
J065,12/08/2026,踱步,從化,內圈,從化 內圈,,,,,,助手,,快踱一圈,,內圈 快踱一圈 (助手)
J065,11/08/2026,快操,從化,登山跑道,從化 登山跑道,,57.9,57.9,30.1 27.8,,助手,,快操,,30.1 27.8 (57.9) (助手)
J065,11/08/2026,踱步,從化,飛機場,從化 飛機場,,,,,,助手,,踱步,,飛機場 踱步 (助手)
J065,10/08/2026,踱步,從化,內圈,從化 內圈,,,,,,助手,,倒快兩圈,,內圈 倒快兩圈 (助手)
J065,09/08/2026,踱步,從化,內圈,從化 內圈,,,,,,助手,,快踱一圈,,內圈 快踱一圈 (助手)
J065,08/08/2026,快操,從化,全天候,從化 全天候,,56.6,56.6,30.2 26.4,,助手,,快操,V,30.2 26.4 (56.6) (助手)
J065,07/08/2026,踱步,從化,內圈,從化 內圈,,,,,,助手,,快踱一圈,,內圈 快踱一圈 (助手)
J065,06/08/2026,踱步,從化,內圈,從化 內圈,,,,,,助手,,倒快兩圈,,內圈 倒快兩圈 (助手)
J065,05/08/2026,踱步,從化,內圈,從化 內圈,,,,,,助手,,快踱一圈,,內圈 快踱一圈 (助手)
J065,04/08/2026,快操,從化,全天候,從化 全天候,,57.9,57.9,30.0 27.9,,助手,,快操,,30.0 27.9 (57.9) (助手)
J065,04/08/2026,踱步,從化,飛機場,從化 飛機場,,,,,,助手,,踱步,,飛機場 踱步 (助手)
J065,03/08/2026,踱步,從化,內圈,從化 內圈,,,,,,助手,,倒快兩圈,,內圈 倒快兩圈 (助手)
J065,02/08/2026,踱步,從化,內圈,從化 內圈,,,,,,助手,,快踱一圈,,內圈 快踱一圈 (助手)
J065,01/08/2026,踱步,從化,內圈,從化 內圈,,,,,,助手,,快踱一圈,,內圈 快踱一圈 (助手)
J065,31/07/2026,快操,從化,全天候,從化 全天候,,31.5,31.5,31.5,,助手,,快操,,31.5 (31.5) (助手)
J065,30/07/2026,踱步,從化,內圈,從化 內圈,,,,,,助手,,快踱一圈,,內圈 快踱一圈 (助手)
J065,29/07/2026,踱步,從化,內圈,從化 內圈,,,,,,助手,,快踱一圈,,內圈 快踱一圈 (助手)
J065,28/07/2026,踱步,從化,內圈,從化 內圈,,,,,,助手,,快踱一圈,,內圈 快踱一圈 (助手)
J065,27/07/2026,踱步,從化,飛機場,從化 飛機場,,,,,,助手,,踱步,,飛機場 踱步 (助手)
J065,25/07/2026,踱步,從化,飛機場,從化 飛機場,,,,,,助手,,踱步,,飛機場 踱步 (助手)
J065,24/07/2026,踱步,從化,飛機場,從化 飛機場,,,,,,助手,,踱步,,飛機場 踱步 (助手)
J065,01/07/2026,出賽,沙田,草地,沙田 草地,1400M,,,,,袁幸堯,9/14,出賽,V/TT,1400M (袁幸堯) (9/14)
J065,01/07/2026,踱步,沙田,飛機場,沙田 飛機場,,,,,,助手,,踱步,,飛機場 踱步 (助手)
J065,30/06/2026,游水,沙田,,沙田,,,,,,,,游水,,
J065,30/06/2026,踱步,沙田,飛機場,沙田 飛機場,,,,,,助手,,踱步,,飛機場 踱步 (助手)
J065,29/06/2026,游水,沙田,,沙田,,,,,,,,游水,,
J065,29/06/2026,踱步,沙田,飛機場,沙田 飛機場,,,,,,助手,,踱步,,飛機場 踱步 (助手)
J065,28/06/2026,游水,沙田,,沙田,,,,,,,,游水,,
J065,28/06/2026,踱步,沙田,飛機場,沙田 飛機場,,,,,,助手,,踱步,,飛機場 踱步 (助手)
J065,27/06/2026,游水,從化,,從化,,,,,,,,游水,,
J065,27/06/2026,踱步,從化,內圈,從化 內圈,,,,,,助手,,快踱一圈,,內圈 快踱一圈 (助手)
J065,26/06/2026,馬匹水中步行機,從化,,從化,,,,,,,,馬匹水中步行機,,
J065,26/06/2026,游水,從化,,從化,,,,,,,,游水,,
J065,26/06/2026,快操,從化,全天候,從化 全天候,,56.6,56.6,31.0 25.6,,助手,,快操,,31.0 25.6 (56.6) (助手)
J065,26/06/2026,踱步,從化,飛機場,從化 飛機場,,,,,,助手,,踱步,,飛機場 踱步 (助手)
J065,25/06/2026,游水,從化,,從化,,,,,,,,游水,,
J065,25/06/2026,踱步,從化,內圈,從化 內圈,,,,,,助手,,倒快一圈,,內圈 倒快一圈 (助手)
J065,24/06/2026,游水,從化,,從化,,,,,,,,游水,,
J065,24/06/2026,踱步,從化,內圈,從化 內圈,,,,,,助手,,快踱一圈,,內圈 快踱一圈 (助手)
J065,23/06/2026,馬匹水中步行機,從化,,從化,,,,,,,,馬匹水中步行機,,
J065,23/06/2026,游水,從化,,從化,,,,,,,,游水,,
J065,23/06/2026,踱步,從化,內圈,從化 內圈,,,,,,助手,,快踱一圈,,內圈 快踱一圈 (助手)
J065,22/06/2026,游水,從化,,從化,,,,,,,,游水,,
J065,22/06/2026,快操,從化,全天候,從化 全天候,,56.2,56.2,30.1 26.1,,助手,,快操,,30.1 26.1 (56.2) (助手)
J065,22/06/2026,踱步,從化,飛機場,從化 飛機場,,,,,,助手,,踱步,,飛機場 踱步 (助手)
J065,21/06/2026,游水,從化,,從化,,,,,,,,游水,,
J065,21/06/2026,踱步,從化,內圈,從化 內圈,,,,,,助手,,快踱一圈,,內圈 快踱一圈 (助手)
J065,20/06/2026,游水,從化,,從化,,,,,,,,游水,,
J065,20/06/2026,踱步,從化,內圈,從化 內圈,,,,,,助手,,快踱一圈,,內圈 快踱一圈 (助手)
J065,19/06/2026,游水,從化,,從化,,,,,,,,游水,,
J065,19/06/2026,踱步,從化,內圈,從化 內圈,,,,,,助手,,快踱一圈,,內圈 快踱一圈 (助手)
J065,18/06/2026,游水,從化,,從化,,,,,,,,游水,,
J065,18/06/2026,快操,從化,全天候,從化 全天候,,56.5,56.5,30.2 26.3,,助手,,快操,,30.2 26.3 (56.5) (助手)
J065,18/06/2026,踱步,從化,飛機場,從化 飛機場,,,,,,助手,,踱步,,飛機場 踱步 (助手)
J065,17/06/2026,游水,從化,,從化,,,,,,,,游水,,
J065,17/06/2026,踱步,從化,內圈,從化 內圈,,,,,,助手,,快踱一圈,,內圈 快踱一圈 (助手)
J065,16/06/2026,游水,從化,,從化,,,,,,,,游水,,
J065,16/06/2026,踱步,從化,內圈,從化 內圈,,,,,,助手,,快踱一圈,,內圈 快踱一圈 (助手)
J065,15/06/2026,游水,從化,,從化,,,,,,,,游水,,
J065,15/06/2026,踱步,從化,內圈,從化 內圈,,,,,,助手,,倒快兩圈,,內圈 倒快兩圈 (助手)
J065,14/06/2026,游水,從化,,從化,,,,,,,,游水,,
J065,14/06/2026,踱步,從化,內圈,從化 內圈,,,,,,助手,,快踱一圈,,內圈 快踱一圈 (助手)
J065,13/06/2026,游水,從化,,從化,,,,,,,,游水,,
J065,13/06/2026,踱步,從化,內圈,從化 內圈,,,,,,助手,,快踱一圈,,內圈 快踱一圈 (助手)
J065,12/06/2026,游水,從化,,從化,,,,,,,,游水,,
J065,12/06/2026,踱步,從化,內圈,從化 內圈,,,,,,助手,,快踱一圈,,內圈 快踱一圈 (助手)
J065,11/06/2026,游水,從化,,從化,,,,,,,,游水,,
J065,11/06/2026,踱步,從化,內圈,從化 內圈,,,,,,助手,,倒快兩圈,,內圈 倒快兩圈 (助手)
J065,10/06/2026,游水,從化,,從化,,,,,,,,游水,,
J065,10/06/2026,踱步,從化,內圈,從化 內圈,,,,,,助手,,快踱一圈,,內圈 快踱一圈 (助手)
J065,09/06/2026,游水,從化,,從化,,,,,,,,游水,,
J065,09/06/2026,踱步,從化,內圈,從化 內圈,,,,,,助手,,快踱一圈,,內圈 快踱一圈 (助手)
J065,08/06/2026,游水,從化,,從化,,,,,,,,游水,,
J065,08/06/2026,踱步,從化,飛機場,從化 飛機場,,,,,,助手,,踱步,,飛機場 踱步 (助手)
J065,03/06/2026,出賽,跑馬地,草地,跑馬地 草地,1650M,,,,,艾兆禮,6/12,出賽,V/TT,1650M (艾兆禮) (6/12)
J065,03/06/2026,踱步,沙田,飛機場,沙田 飛機場,,,,,,助手,,踱步,,飛機場 踱步 (助手)
J065,02/06/2026,游水,沙田,,沙田,,,,,,,,游水,,
J065,02/06/2026,踱步,沙田,內圈,沙田 內圈,,,,,,助手,,快踱一圈,,內圈 快踱一圈 (助手)
J065,01/06/2026,游水,沙田,,沙田,,,,,,,,游水,,
J065,01/06/2026,踱步,沙田,內圈,沙田 內圈,,,,,,助手,,倒快兩圈,,內圈 倒快兩圈 (助手)
J065,31/05/2026,游水,沙田,,沙田,,,,,,,,游水,,
J065,31/05/2026,踱步,沙田,飛機場,沙田 飛機場,,,,,,助手,,踱步,,飛機場 踱步 (助手)
J065,30/05/2026,游水,從化,,從化,,,,,,,,游水,,
J065,30/05/2026,踱步,從化,飛機場,從化 飛機場,,,,,,助手,,踱步,,飛機場 踱步 (助手)
J065,29/05/2026,馬匹水中步行機,從化,,從化,,,,,,,,馬匹水中步行機,,
J065,29/05/2026,游水,從化,,從化,,,,,,,,游水,,
J065,29/05/2026,快操,從化,全天候,從化 全天候,,55.2,55.2,29.8 25.4,,助手,,快操,,29.8 25.4 (55.2) (助手)
J065,29/05/2026,踱步,從化,飛機場,從化 飛機場,,,,,,助手,,踱步,,飛機場 踱步 (助手)
J065,28/05/2026,游水,從化,,從化,,,,,,,,游水,,
J065,28/05/2026,踱步,從化,內圈,從化 內圈,,,,,,助手,,倒快兩圈,,內圈 倒快兩圈 (助手)
J065,27/05/2026,游水,從化,,從化,,,,,,,,游水,,
J065,27/05/2026,踱步,從化,內圈,從化 內圈,,,,,,助手,,快踱一圈,,內圈 快踱一圈 (助手)
J065,26/05/2026,游水,從化,,從化,,,,,,,,游水,,
J065,26/05/2026,踱步,從化,內圈,從化 內圈,,,,,,助手,,快踱一圈,,內圈 快踱一圈 (助手)
J065,25/05/2026,游水,從化,,從化,,,,,,,,游水,,
J065,25/05/2026,踱步,從化,內圈,從化 內圈,,,,,,助手,,倒快兩圈,,內圈 倒快兩圈 (助手)
J065,24/05/2026,游水,從化,,從化,,,,,,,,游水,,
J065,24/05/2026,踱步,從化,內圈,從化 內圈,,,,,,助手,,快踱一圈,,內圈 快踱一圈 (助手)
J065,23/05/2026,游水,從化,,從化,,,,,,,,游水,,
J065,23/05/2026,踱步,從化,內圈,從化 內圈,,,,,,助手,,快踱一圈,,內圈 快踱一圈 (助手)
J065,22/05/2026,游水,從化,,從化,,,,,,,,游水,,
J065,22/05/2026,踱步,從化,內圈,從化 內圈,,,,,,助手,,快踱一圈,,內圈 快踱一圈 (助手)
J065,21/05/2026,游水,從化,,從化,,,,,,,,游水,,
J065,21/05/2026,踱步,從化,內圈,從化 內圈,,,,,,助手,,倒快兩圈,,內圈 倒快兩圈 (助手)
J065,20/05/2026,游水,從化,,從化,,,,,,,,游水,,
J065,20/05/2026,踱步,從化,內圈,從化 內圈,,,,,,助手,,快踱一圈,,內圈 快踱一圈 (助手)
J065,19/05/2026,游水,從化,,從化,,,,,,,,游水,,
J065,19/05/2026,踱步,從化,內圈,從化 內圈,,,,,,助手,,快踱一圈,,內圈 快踱一圈 (助手)
J065,18/05/2026,馬匹水中步行機,從化,,從化,,,,,,,,馬匹水中步行機,,
J065,18/05/2026,游水,從化,,從化,,,,,,,,游水,,
J065,18/05/2026,踱步,從化,飛機場,從化 飛機場,,,,,,助手,,踱步,,飛機場 踱步 (助手)
J065,17/05/2026,游水,從化,,從化,,,,,,,,游水,,
J065,13/05/2026,出賽,跑馬地,草地,跑馬地 草地,1650M,,,,,艾兆禮,6/12,出賽,V/TT,1650M (艾兆禮) (6/12)
J065,13/05/2026,踱步,沙田,飛機場,沙田 飛機場,,,,,,助手,,踱步,,飛機場 踱步 (助手)
J065,12/05/2026,游水,沙田,,沙田,,,,,,,,游水,,
J065,12/05/2026,踱步,沙田,內圈,沙田 內圈,,,,,,助手,,快踱一圈,,內圈 快踱一圈 (助手)
J065,11/05/2026,游水,沙田,,沙田,,,,,,,,游水,,
J065,11/05/2026,踱步,沙田,內圈,沙田 內圈,,,,,,助手,,倒快兩圈,,內圈 倒快兩圈 (助手)
J065,10/05/2026,游水,沙田,,沙田,,,,,,,,游水,,
J065,10/05/2026,踱步,沙田,內圈,沙田 內圈,,,,,,助手,,快踱一圈,,內圈 快踱一圈 (助手)
J065,09/05/2026,游水,沙田,,沙田,,,,,,,,游水,,
J065,09/05/2026,快操,沙田,全天候,沙田 全天候,,56.2,56.2,30.4 25.8,,艾兆禮,,快操,,30.4 25.8 (56.2) (艾兆禮)
J065,09/05/2026,踱步,沙田,飛機場,沙田 飛機場,,,,,,助手,,踱步,,飛機場 踱步 (助手)
J065,08/05/2026,游水,沙田,,沙田,,,,,,,,游水,,
J065,08/05/2026,踱步,沙田,內圈,沙田 內圈,,,,,,助手,,快踱一圈,,內圈 快踱一圈 (助手)
J065,07/05/2026,游水,沙田,,沙田,,,,,,,,游水,,
J065,07/05/2026,踱步,沙田,內圈,沙田 內圈,,,,,,助手,,倒快兩圈,,內圈 倒快兩圈 (助手)
J065,06/05/2026,游水,沙田,,沙田,,,,,,,,游水,,
J065,06/05/2026,踱步,沙田,內圈,沙田 內圈,,,,,,助手,,快踱一圈,,內圈 快踱一圈 (助手)
J065,05/05/2026,游水,沙田,,沙田,,,,,,,,游水,,
J065,05/05/2026,踱步,沙田,內圈,沙田 內圈,,,,,,助手,,快踱一圈,,內圈 快踱一圈 (助手)
J065,04/05/2026,游水,沙田,,沙田,,,,,,,,游水,,
J065,04/05/2026,踱步,沙田,內圈,沙田 內圈,,,,,,助手,,倒快兩圈,,內圈 倒快兩圈 (助手)
J065,03/05/2026,游水,沙田,,沙田,,,,,,,,游水,,
J065,03/05/2026,踱步,沙田,內圈,沙田 內圈,,,,,,助手,,快踱一圈,,內圈 快踱一圈 (助手)
J065,02/05/2026,游水,沙田,,沙田,,,,,,,,游水,,
J065,02/05/2026,踱步,沙田,飛機場,沙田 飛機場,,,,,,助手,,踱步,,飛機場 踱步 (助手)
J065,30/04/2026,試閘,沙田,全天候,沙田 全天候,1200M,1.10.28,70.28,24.1 22.0 24.1,棒棒糖,楊明綸,,第2組,V,第2組 (楊明綸) 1200M 棒棒糖 24.1 22.0 24.1 (1.10.28)
J065,30/04/2026,踱步,沙田,飛機場,沙田 飛機場,,,,,,助手,,踱步,V,飛機場 踱步 (助手)
J065,29/04/2026,游水,沙田,,沙田,,,,,,,,游水,,
J065,29/04/2026,踱步,沙田,內圈,沙田 內圈,,,,,,助手,,快踱一圈,,內圈 快踱一圈 (助手)
J065,28/04/2026,游水,沙田,,沙田,,,,,,,,游水,,
J065,28/04/2026,踱步,沙田,內圈,沙田 內圈,,,,,,助手,,快踱一圈,,內圈 快踱一圈 (助手)
J065,27/04/2026,游水,沙田,,沙田,,,,,,,,游水,,
J065,27/04/2026,踱步,沙田,內圈,沙田 內圈,,,,,,助手,,倒快一圈,,內圈 倒快一圈 (助手)
J065,26/04/2026,游水,沙田,,沙田,,,,,,,,游水,,
J065,26/04/2026,快操,沙田,全天候,沙田 全天候,,53.6,53.6,29.7 23.9,,助手,,快操,,29.7 23.9 (53.6) (助手)
J065,26/04/2026,踱步,沙田,飛機場,沙田 飛機場,,,,,,助手,,踱步,,飛機場 踱步 (助手)
J065,25/04/2026,游水,沙田,,沙田,,,,,,,,游水,,
J065,25/04/2026,踱步,沙田,內圈,沙田 內圈,,,,,,助手,,快踱一圈,,內圈 快踱一圈 (助手)
J065,24/04/2026,游水,沙田,,沙田,,,,,,,,游水,,
J065,24/04/2026,踱步,沙田,內圈,沙田 內圈,,,,,,助手,,快踱一圈,,內圈 快踱一圈 (助手)
J065,23/04/2026,游水,沙田,,沙田,,,,,,,,游水,,
J065,23/04/2026,踱步,沙田,內圈,沙田 內圈,,,,,,助手,,倒快兩圈,,內圈 倒快兩圈 (助手)
J065,22/04/2026,游水,沙田,,沙田,,,,,,,,游水,,
J065,22/04/2026,踱步,沙田,內圈,沙田 內圈,,,,,,助手,,快踱一圈,,內圈 快踱一圈 (助手)
J065,21/04/2026,快操,沙田,全天候,沙田 全天候,,1.25.0,85.0,31.0 29.2 24.8,,艾兆禮,,快操,,31.0 29.2 24.8 (1.25.0) (艾兆禮)
J065,21/04/2026,踱步,沙田,飛機場,沙田 飛機場,,,,,,助手,,踱步,,飛機場 踱步 (助手)
J065,20/04/2026,游水,沙田,,沙田,,,,,,,,游水,,
J065,20/04/2026,踱步,沙田,內圈,沙田 內圈,,,,,,助手,,倒快兩圈,,內圈 倒快兩圈 (助手)
J065,19/04/2026,游水,沙田,,沙田,,,,,,,,游水,,
J065,19/04/2026,踱步,沙田,內圈,沙田 內圈,,,,,,助手,,快踱一圈,,內圈 快踱一圈 (助手)
J065,18/04/2026,游水,沙田,,沙田,,,,,,,,游水,,
J065,18/04/2026,踱步,沙田,內圈,沙田 內圈,,,,,,助手,,快踱一圈,,內圈 快踱一圈 (助手)
J065,17/04/2026,游水,沙田,,沙田,,,,,,,,游水,,
J065,17/04/2026,快操,沙田,全天候,沙田 全天候,,57.1,57.1,31.2 25.9,,助手,,快操,,31.2 25.9 (57.1) (助手)
J065,17/04/2026,踱步,沙田,飛機場,沙田 飛機場,,,,,,助手,,踱步,,飛機場 踱步 (助手)
J065,16/04/2026,游水,沙田,,沙田,,,,,,,,游水,,
J065,16/04/2026,踱步,沙田,內圈,沙田 內圈,,,,,,助手,,倒快兩圈,,內圈 倒快兩圈 (助手)
J065,15/04/2026,游水,沙田,,沙田,,,,,,,,游水,,
J065,15/04/2026,踱步,沙田,內圈,沙田 內圈,,,,,,助手,,快踱一圈,,內圈 快踱一圈 (助手)
J065,14/04/2026,游水,沙田,,沙田,,,,,,,,游水,,
J065,14/04/2026,踱步,沙田,內圈,沙田 內圈,,,,,,助手,,快踱一圈,,內圈 快踱一圈 (助手)
J065,13/04/2026,游水,沙田,,沙田,,,,,,,,游水,,
J065,13/04/2026,踱步,沙田,內圈,沙田 內圈,,,,,,助手,,倒快兩圈,,內圈 倒快兩圈 (助手)
J065,12/04/2026,游水,沙田,,沙田,,,,,,,,游水,,
J065,12/04/2026,踱步,沙田,內圈,沙田 內圈,,,,,,助手,,快踱一圈,,內圈 快踱一圈 (助手)
J065,11/04/2026,踱步,從化,飛機場,從化 飛機場,,,,,,助手,,踱步,,飛機場 踱步 (助手)
J065,10/04/2026,馬匹水中步行機,從化,,從化,,,,,,,,馬匹水中步行機,,
J065,10/04/2026,游水,從化,,從化,,,,,,,,游水,,
J065,10/04/2026,快操,從化,全天候,從化 全天候,,54.7,54.7,30.4 24.3,,助手,,快操,,30.4 24.3 (54.7) (助手)
J065,10/04/2026,踱步,從化,飛機場,從化 飛機場,,,,,,助手,,踱步,,飛機場 踱步 (助手)
J065,09/04/2026,游水,從化,,從化,,,,,,,,游水,,
J065,09/04/2026,踱步,從化,內圈,從化 內圈,,,,,,助手,,倒快兩圈,,內圈 倒快兩圈 (助手)
J065,08/04/2026,游水,從化,,從化,,,,,,,,游水,,
J065,08/04/2026,踱步,從化,內圈,從化 內圈,,,,,,助手,,快踱一圈,,內圈 快踱一圈 (助手)
J065,07/04/2026,游水,從化,,從化,,,,,,,,游水,,
J065,07/04/2026,踱步,從化,內圈,從化 內圈,,,,,,助手,,快踱一圈,,內圈 快踱一圈 (助手)
J065,06/04/2026,游水,從化,,從化,,,,,,,,游水,,
J065,06/04/2026,踱步,從化,內圈,從化 內圈,,,,,,助手,,倒快兩圈,,內圈 倒快兩圈 (助手)
J065,05/04/2026,游水,從化,,從化,,,,,,,,游水,,
J065,05/04/2026,踱步,從化,內圈,從化 內圈,,,,,,助手,,快踱一圈,,內圈 快踱一圈 (助手)
J065,04/04/2026,游水,從化,,從化,,,,,,,,游水,,
J065,04/04/2026,踱步,從化,內圈,從化 內圈,,,,,,助手,,快踱一圈,,內圈 快踱一圈 (助手)
J065,03/04/2026,游水,從化,,從化,,,,,,,,游水,,
J065,03/04/2026,踱步,從化,內圈,從化 內圈,,,,,,助手,,快踱一圈,H,內圈 快踱一圈 (助手)
J065,02/04/2026,踱步,從化,飛機場,從化 飛機場,,,,,,助手,,踱步,,飛機場 踱步 (助手)
J065,31/03/2026,游水,沙田,,沙田,,,,,,,,游水,,
J065,29/03/2026,出賽,沙田,草地,沙田 草地,1400M,,,,,奧爾民,7/14,出賽,V/TT,1400M (奧爾民) (7/14)
J065,29/03/2026,踱步,沙田,飛機場,沙田 飛機場,,,,,,助手,,踱步,,飛機場 踱步 (助手)
J065,28/03/2026,游水,沙田,,沙田,,,,,,,,游水,,
J065,28/03/2026,踱步,沙田,飛機場,沙田 飛機場,,,,,,助手,,踱步,,飛機場 踱步 (助手)
J065,27/03/2026,游水,沙田,,沙田,,,,,,,,游水,,
J065,27/03/2026,踱步,沙田,飛機場,沙田 飛機場,,,,,,助手,,踱步,,飛機場 踱步 (助手)
J065,26/03/2026,游水,沙田,,沙田,,,,,,,,游水,,
J065,26/03/2026,快操,沙田,全天候,沙田 全天候,,24.3,24.3,24.3,,助手,,快操,,24.3 (24.3) (助手)
J065,26/03/2026,踱步,沙田,飛機場,沙田 飛機場,,,,,,助手,,踱步,,飛機場 踱步 (助手)
J065,25/03/2026,游水,沙田,,沙田,,,,,,,,游水,,
J065,25/03/2026,踱步,沙田,內圈,沙田 內圈,,,,,,助手,,快踱一圈,,內圈 快踱一圈 (助手)
J065,24/03/2026,游水,沙田,,沙田,,,,,,,,游水,,
J065,24/03/2026,踱步,沙田,內圈,沙田 內圈,,,,,,助手,,快踱一圈,,內圈 快踱一圈 (助手)
J065,23/03/2026,游水,沙田,,沙田,,,,,,,,游水,,
J065,23/03/2026,踱步,沙田,內圈,沙田 內圈,,,,,,助手,,倒快兩圈,,內圈 倒快兩圈 (助手)
J065,22/03/2026,游水,沙田,,沙田,,,,,,,,游水,,
J065,22/03/2026,踱步,沙田,飛機場,沙田 飛機場,,,,,,助手,,踱步,,飛機場 踱步 (助手)
J065,21/03/2026,游水,沙田,,沙田,,,,,,,,游水,,
J065,20/03/2026,試閘,沙田,全天候,沙田 全天候,1200M,1.10.48,70.48,24.6 22.9 22.9,幸運奇兵,奧爾民,,第2組,V,第2組 (奧爾民) 1200M 幸運奇兵 24.6 22.9 22.9 (1.10.48)
J065,20/03/2026,踱步,沙田,飛機場,沙田 飛機場,,,,,,助手,,踱步,V,飛機場 踱步 (助手)
J065,19/03/2026,游水,沙田,,沙田,,,,,,,,游水,,
J065,19/03/2026,踱步,沙田,內圈,沙田 內圈,,,,,,助手,,倒快兩圈,,內圈 倒快兩圈 (助手)
J065,18/03/2026,游水,沙田,,沙田,,,,,,,,游水,,
J065,18/03/2026,踱步,沙田,內圈,沙田 內圈,,,,,,助手,,快踱一圈,,內圈 快踱一圈 (助手)
J065,17/03/2026,游水,沙田,,沙田,,,,,,,,游水,,
J065,17/03/2026,踱步,沙田,飛機場,沙田 飛機場,,,,,,助手,,踱步,,飛機場 踱步 (助手)
J065,16/03/2026,游水,沙田,,沙田,,,,,,,,游水,,
J065,16/03/2026,快操,沙田,全天候,沙田 全天候,,30.5,30.5,30.5,,助手,,快操,,30.5 (30.5) (助手)
J065,16/03/2026,踱步,沙田,飛機場,沙田 飛機場,,,,,,助手,,踱步,,飛機場 踱步 (助手)
J065,15/03/2026,游水,沙田,,沙田,,,,,,,,游水,,
J065,15/03/2026,踱步,沙田,內圈,沙田 內圈,,,,,,助手,,快踱一圈,,內圈 快踱一圈 (助手)
J065,14/03/2026,游水,沙田,,沙田,,,,,,,,游水,,
J065,14/03/2026,踱步,沙田,內圈,沙田 內圈,,,,,,助手,,快踱一圈,,內圈 快踱一圈 (助手)
J065,13/03/2026,游水,沙田,,沙田,,,,,,,,游水,,
J065,13/03/2026,踱步,沙田,飛機場,沙田 飛機場,,,,,,助手,,踱步,,飛機場 踱步 (助手)
J065,12/03/2026,游水,從化,,從化,,,,,,,,游水,,
J065,12/03/2026,快操,從化,全天候,從化 全天候,,58.4,58.4,32.5 25.9,,助手,,快操,,32.5 25.9 (58.4) (助手)
J065,12/03/2026,踱步,從化,飛機場,從化 飛機場,,,,,,助手,,踱步,,飛機場 踱步 (助手)
J065,11/03/2026,游水,從化,,從化,,,,,,,,游水,,
J065,11/03/2026,踱步,從化,內圈,從化 內圈,,,,,,助手,,快踱一圈,,內圈 快踱一圈 (助手)
J065,10/03/2026,游水,從化,,從化,,,,,,,,游水,,
J065,10/03/2026,踱步,從化,內圈,從化 內圈,,,,,,助手,,快踱一圈,,內圈 快踱一圈 (助手)
J065,09/03/2026,游水,從化,,從化,,,,,,,,游水,,
J065,09/03/2026,踱步,從化,飛機場,從化 飛機場,,,,,,助手,,踱步,,飛機場 踱步 (助手)
J065,08/03/2026,馬匹水中步行機,從化,,從化,,,,,,,,馬匹水中步行機,,
J065,08/03/2026,游水,從化,,從化,,,,,,,,游水,,
J065,08/03/2026,快操,從化,全天候,從化 全天候,,58.5,58.5,32.6 25.9,,助手,,快操,,32.6 25.9 (58.5) (助手)
J065,08/03/2026,踱步,從化,飛機場,從化 飛機場,,,,,,助手,,踱步,,飛機場 踱步 (助手)
J065,07/03/2026,游水,從化,,從化,,,,,,,,游水,,
J065,07/03/2026,踱步,從化,內圈,從化 內圈,,,,,,助手,,快踱一圈,,內圈 快踱一圈 (助手)
J065,06/03/2026,游水,從化,,從化,,,,,,,,游水,,
J065,06/03/2026,踱步,從化,內圈,從化 內圈,,,,,,助手,,快踱一圈,,內圈 快踱一圈 (助手)
J065,05/03/2026,游水,從化,,從化,,,,,,,,游水,,
J065,05/03/2026,踱步,從化,飛機場,從化 飛機場,,,,,,助手,,踱步,,飛機場 踱步 (助手)
J065,04/03/2026,游水,從化,,從化,,,,,,,,游水,,
J065,04/03/2026,快操,從化,全天候,從化 全天候,,1.27.9,87.9,32.8 29.3 25.8,,助手,,快操,,32.8 29.3 25.8 (1.27.9) (助手)
J065,04/03/2026,踱步,從化,飛機場,從化 飛機場,,,,,,助手,,踱步,,飛機場 踱步 (助手)
J065,03/03/2026,游水,從化,,從化,,,,,,,,游水,,
J065,03/03/2026,踱步,從化,內圈,從化 內圈,,,,,,助手,,快踱一圈,,內圈 快踱一圈 (助手)
J065,02/03/2026,游水,從化,,從化,,,,,,,,游水,,
J065,02/03/2026,踱步,從化,內圈,從化 內圈,,,,,,助手,,倒快兩圈,,內圈 倒快兩圈 (助手)
J065,01/03/2026,游水,從化,,從化,,,,,,,,游水,,
J065,01/03/2026,踱步,從化,飛機場,從化 飛機場,,,,,,助手,,踱步,,飛機場 踱步 (助手)
J065,28/02/2026,游水,從化,,從化,,,,,,,,游水,,
J065,28/02/2026,快操,從化,全天候,從化 全天候,,55.3,55.3,30.0 25.3,,助手,,快操,,30.0 25.3 (55.3) (助手)
J065,28/02/2026,踱步,從化,飛機場,從化 飛機場,,,,,,助手,,踱步,,飛機場 踱步 (助手)
J065,27/02/2026,游水,從化,,從化,,,,,,,,游水,,
J065,27/02/2026,踱步,從化,內圈,從化 內圈,,,,,,助手,,快踱一圈,,內圈 快踱一圈 (助手)
J065,26/02/2026,游水,從化,,從化,,,,,,,,游水,,
J065,26/02/2026,踱步,從化,內圈,從化 內圈,,,,,,助手,,倒快兩圈,,內圈 倒快兩圈 (助手)
J065,25/02/2026,游水,從化,,從化,,,,,,,,游水,,
J065,25/02/2026,踱步,從化,飛機場,從化 飛機場,,,,,,助手,,踱步,,飛機場 踱步 (助手)
J065,24/02/2026,馬匹水中步行機,從化,,從化,,,,,,,,馬匹水中步行機,,
J065,24/02/2026,游水,從化,,從化,,,,,,,,游水,,
J065,24/02/2026,快操,從化,全天候,從化 全天候,,56.7,56.7,31.1 25.6,,助手,,快操,,31.1 25.6 (56.7) (助手)
J065,24/02/2026,踱步,從化,飛機場,從化 飛機場,,,,,,助手,,踱步,,飛機場 踱步 (助手)
J065,23/02/2026,游水,從化,,從化,,,,,,,,游水,,
J065,23/02/2026,踱步,從化,內圈,從化 內圈,,,,,,助手,,倒快兩圈,,內圈 倒快兩圈 (助手)
J065,22/02/2026,游水,從化,,從化,,,,,,,,游水,,
J065,22/02/2026,踱步,從化,內圈,從化 內圈,,,,,,助手,,快踱一圈,,內圈 快踱一圈 (助手)
J065,21/02/2026,游水,從化,,從化,,,,,,,,游水,,
J065,21/02/2026,踱步,從化,內圈,從化 內圈,,,,,,助手,,快踱一圈,,內圈 快踱一圈 (助手)
J065,20/02/2026,馬匹水中步行機,從化,,從化,,,,,,,,馬匹水中步行機,,
J065,20/02/2026,游水,從化,,從化,,,,,,,,游水,,
J065,20/02/2026,快操,從化,全天候,從化 全天候,,58.1,58.1,32.1 26.0,,助手,,快操,,32.1 26.0 (58.1) (助手)
J065,20/02/2026,踱步,從化,飛機場,從化 飛機場,,,,,,助手,,踱步,,飛機場 踱步 (助手)
J065,19/02/2026,游水,從化,,從化,,,,,,,,游水,,
J065,19/02/2026,踱步,從化,內圈,從化 內圈,,,,,,助手,,倒快兩圈,,內圈 倒快兩圈 (助手)
J065,18/02/2026,游水,從化,,從化,,,,,,,,游水,,
J065,18/02/2026,踱步,從化,內圈,從化 內圈,,,,,,助手,,快踱一圈,,內圈 快踱一圈 (助手)
J065,16/02/2026,游水,從化,,從化,,,,,,,,游水,,
J065,16/02/2026,踱步,從化,內圈,從化 內圈,,,,,,助手,,倒快兩圈,,內圈 倒快兩圈 (助手)
J065,15/02/2026,馬匹水中步行機,從化,,從化,,,,,,,,馬匹水中步行機,,
J065,15/02/2026,游水,從化,,從化,,,,,,,,游水,,
J065,15/02/2026,踱步,從化,內圈,從化 內圈,,,,,,助手,,快踱一圈,,內圈 快踱一圈 (助手)
J065,14/02/2026,游水,從化,,從化,,,,,,,,游水,,
J065,14/02/2026,踱步,從化,內圈,從化 內圈,,,,,,助手,,快踱一圈,,內圈 快踱一圈 (助手)
J065,13/02/2026,游水,從化,,從化,,,,,,,,游水,,
J065,13/02/2026,踱步,從化,內圈,從化 內圈,,,,,,助手,,快踱一圈,,內圈 快踱一圈 (助手)
J065,12/02/2026,游水,從化,,從化,,,,,,,,游水,,
J065,12/02/2026,踱步,從化,飛機場,從化 飛機場,,,,,,助手,,踱步,,飛機場 踱步 (助手)
J065,10/02/2026,游水,沙田,,沙田,,,,,,,,游水,,
J065,08/02/2026,出賽,沙田,草地,沙田 草地,1400M,,,,,艾兆禮,8/14,出賽,V/TT,1400M (艾兆禮) (8/14)
J065,08/02/2026,踱步,沙田,飛機場,沙田 飛機場,,,,,,助手,,踱步,,飛機場 踱步 (助手)
J065,07/02/2026,游水,沙田,,沙田,,,,,,,,游水,,
J065,07/02/2026,踱步,沙田,飛機場,沙田 飛機場,,,,,,助手,,踱步,,飛機場 踱步 (助手)
J065,06/02/2026,游水,沙田,,沙田,,,,,,,,游水,,
J065,06/02/2026,踱步,沙田,飛機場,沙田 飛機場,,,,,,助手,,踱步,,飛機場 踱步 (助手)
J065,05/02/2026,游水,從化,,從化,,,,,,,,游水,,
J065,05/02/2026,踱步,從化,飛機場,從化 飛機場,,,,,,助手,,踱步,,飛機場 踱步 (助手)
J065,04/02/2026,游水,從化,,從化,,,,,,,,游水,,
J065,04/02/2026,快操,從化,全天候,從化 全天候,,54.6,54.6,30.2 24.4,,助手,,快操,,30.2 24.4 (54.6) (助手)
J065,04/02/2026,踱步,從化,飛機場,從化 飛機場,,,,,,助手,,踱步,,飛機場 踱步 (助手)
J065,03/02/2026,游水,從化,,從化,,,,,,,,游水,,
J065,03/02/2026,踱步,從化,內圈,從化 內圈,,,,,,助手,,快踱一圈,,內圈 快踱一圈 (助手)
J065,02/02/2026,游水,從化,,從化,,,,,,,,游水,,
J065,02/02/2026,踱步,從化,飛機場,從化 飛機場,,,,,,助手,,踱步,,飛機場 踱步 (助手)
J065,01/02/2026,馬匹水中步行機,從化,,從化,,,,,,,,馬匹水中步行機,,
J065,01/02/2026,游水,從化,,從化,,,,,,,,游水,,
J065,01/02/2026,快操,從化,全天候,從化 全天候,,54.2,54.2,31.1 23.1,,助手,,快操,,31.1 23.1 (54.2) (助手)
J065,01/02/2026,踱步,從化,飛機場,從化 飛機場,,,,,,助手,,踱步,,飛機場 踱步 (助手)
J065,31/01/2026,游水,從化,,從化,,,,,,,,游水,,
J065,31/01/2026,踱步,從化,內圈,從化 內圈,,,,,,助手,,快踱一圈,,內圈 快踱一圈 (助手)
J065,30/01/2026,馬匹水中步行機,從化,,從化,,,,,,,,馬匹水中步行機,,
J065,30/01/2026,游水,從化,,從化,,,,,,,,游水,,
J065,30/01/2026,踱步,從化,內圈,從化 內圈,,,,,,助手,,快踱一圈,,內圈 快踱一圈 (助手)
J065,29/01/2026,游水,從化,,從化,,,,,,,,游水,,
J065,29/01/2026,踱步,從化,內圈,從化 內圈,,,,,,助手,,倒快一圈,,內圈 倒快一圈 (助手)
J065,28/01/2026,游水,從化,,從化,,,,,,,,游水,,
J065,28/01/2026,踱步,從化,飛機場,從化 飛機場,,,,,,助手,,踱步,,飛機場 踱步 (助手)
J065,27/01/2026,游水,從化,,從化,,,,,,,,游水,,
J065,26/01/2026,試閘,從化,草地,從化 草地,1200M,1.11.82,71.82,25.2 22.9 23.7,籐王駒,湯瑪善,,第8組,V,第8組 (湯瑪善) 1200M 籐王駒 25.2 22.9 23.7 (1.11.82)
J065,26/01/2026,踱步,從化,飛機場,從化 飛機場,,,,,,助手,,踱步,V,飛機場 踱步 (助手)
J065,25/01/2026,游水,從化,,從化,,,,,,,,游水,,
J065,25/01/2026,踱步,從化,內圈,從化 內圈,,,,,,助手,,快踱一圈,,內圈 快踱一圈 (助手)
J065,24/01/2026,游水,從化,,從化,,,,,,,,游水,,
J065,24/01/2026,踱步,從化,內圈,從化 內圈,,,,,,助手,,快踱一圈,,內圈 快踱一圈 (助手)
J065,23/01/2026,游水,從化,,從化,,,,,,,,游水,,
J065,23/01/2026,踱步,從化,飛機場,從化 飛機場,,,,,,助手,,踱步,,飛機場 踱步 (助手)
J065,22/01/2026,快操,從化,全天候,從化 全天候,,52.1,52.1,27.9 24.2,,助手,,快操,,27.9 24.2 (52.1) (助手)
J065,22/01/2026,踱步,從化,飛機場,從化 飛機場,,,,,,助手,,踱步,,飛機場 踱步 (助手)
J065,21/01/2026,踱步,從化,內圈,從化 內圈,,,,,,助手,,快踱一圈,,內圈 快踱一圈 (助手)
J065,20/01/2026,游水,從化,,從化,,,,,,,,游水,,
J065,20/01/2026,踱步,從化,內圈,從化 內圈,,,,,,助手,,快踱一圈,,內圈 快踱一圈 (助手)
J065,19/01/2026,游水,從化,,從化,,,,,,,,游水,,
J065,19/01/2026,踱步,從化,飛機場,從化 飛機場,,,,,,助手,,踱步,,飛機場 踱步 (助手)
J065,18/01/2026,游水,從化,,從化,,,,,,,,游水,,
J065,18/01/2026,快操,從化,全天候,從化 全天候,,59.3,59.3,32.8 26.5,,助手,,快操,,32.8 26.5 (59.3) (助手)
J065,18/01/2026,踱步,從化,飛機場,從化 飛機場,,,,,,助手,,踱步,,飛機場 踱步 (助手)
J065,17/01/2026,游水,從化,,從化,,,,,,,,游水,,
J065,17/01/2026,踱步,從化,內圈,從化 內圈,,,,,,助手,,快踱一圈,,內圈 快踱一圈 (助手)
J065,16/01/2026,游水,從化,,從化,,,,,,,,游水,,
J065,16/01/2026,踱步,從化,內圈,從化 內圈,,,,,,助手,,快踱一圈,,內圈 快踱一圈 (助手)
J065,15/01/2026,游水,從化,,從化,,,,,,,,游水,,
J065,15/01/2026,踱步,從化,飛機場,從化 飛機場,,,,,,助手,,踱步,,飛機場 踱步 (助手)
J065,14/01/2026,游水,從化,,從化,,,,,,,,游水,,
J065,14/01/2026,快操,從化,全天候,從化 全天候,,1.28.0,88.0,33.9 28.4 25.7,,助手,,快操,,33.9 28.4 25.7 (1.28.0) (助手)
J065,14/01/2026,踱步,從化,飛機場,從化 飛機場,,,,,,助手,,踱步,,飛機場 踱步 (助手)
J065,13/01/2026,游水,從化,,從化,,,,,,,,游水,,
J065,13/01/2026,踱步,從化,內圈,從化 內圈,,,,,,助手,,快踱一圈,,內圈 快踱一圈 (助手)
J065,12/01/2026,游水,從化,,從化,,,,,,,,游水,,
J065,12/01/2026,踱步,從化,內圈,從化 內圈,,,,,,助手,,倒快兩圈,,內圈 倒快兩圈 (助手)
J065,11/01/2026,踱步,從化,飛機場,從化 飛機場,,,,,,助手,,踱步,,飛機場 踱步 (助手)
J065,10/01/2026,馬匹水中步行機,從化,,從化,,,,,,,,馬匹水中步行機,,
J065,10/01/2026,快操,從化,全天候,從化 全天候,,53.5,53.5,29.9 23.6,,助手,,快操,,29.9 23.6 (53.5) (助手)
J065,10/01/2026,踱步,從化,飛機場,從化 飛機場,,,,,,助手,,踱步,,飛機場 踱步 (助手)
J065,09/01/2026,游水,從化,,從化,,,,,,,,游水,,
J065,09/01/2026,踱步,從化,內圈,從化 內圈,,,,,,助手,,快踱一圈,,內圈 快踱一圈 (助手)
J065,08/01/2026,游水,從化,,從化,,,,,,,,游水,,
J065,08/01/2026,踱步,從化,內圈,從化 內圈,,,,,,助手,,倒快兩圈,,內圈 倒快兩圈 (助手)
J065,07/01/2026,游水,從化,,從化,,,,,,,,游水,,
J065,07/01/2026,踱步,從化,內圈,從化 內圈,,,,,,助手,,快踱一圈,,內圈 快踱一圈 (助手)
J065,05/01/2026,快操,從化,全天候,從化 全天候,,58.3,58.3,32.3 26.0,,助手,,快操,,32.3 26.0 (58.3) (助手)
J065,05/01/2026,踱步,從化,飛機場,從化 飛機場,,,,,,助手,,踱步,,飛機場 踱步 (助手)
J065,04/01/2026,馬匹水中步行機,從化,,從化,,,,,,,,馬匹水中步行機,,
J065,04/01/2026,游水,從化,,從化,,,,,,,,游水,,
J065,04/01/2026,踱步,從化,內圈,從化 內圈,,,,,,助手,,快踱一圈,,內圈 快踱一圈 (助手)
J065,03/01/2026,游水,從化,,從化,,,,,,,,游水,,
J065,03/01/2026,踱步,從化,飛機場,從化 飛機場,,,,,,助手,,踱步,,飛機場 踱步 (助手)
J065,02/01/2026,馬匹水中步行機,從化,,從化,,,,,,,,馬匹水中步行機,,
J065,02/01/2026,快操,從化,全天候,從化 全天候,,57.4,57.4,32.0 25.4,,助手,,快操,,32.0 25.4 (57.4) (助手)
J065,02/01/2026,踱步,從化,飛機場,從化 飛機場,,,,,,助手,,踱步,,飛機場 踱步 (助手)
J065,01/01/2026,游水,從化,,從化,,,,,,,,游水,,
J065,01/01/2026,踱步,從化,內圈,從化 內圈,,,,,,助手,,倒快兩圈,,內圈 倒快兩圈 (助手)
J065,31/12/2025,游水,從化,,從化,,,,,,,,游水,,
J065,31/12/2025,踱步,從化,內圈,從化 內圈,,,,,,助手,,快踱一圈,,內圈 快踱一圈 (助手)
J065,30/12/2025,游水,從化,,從化,,,,,,,,游水,,
J065,30/12/2025,踱步,從化,飛機場,從化 飛機場,,,,,,助手,,踱步,,飛機場 踱步 (助手)
J065,29/12/2025,馬匹水中步行機,從化,,從化,,,,,,,,馬匹水中步行機,,
J065,29/12/2025,游水,從化,,從化,,,,,,,,游水,,
J065,29/12/2025,快操,從化,全天候,從化 全天候,,28.0,28.0,28.0,,助手,,快操,,28.0 (28.0) (助手)
J065,29/12/2025,踱步,從化,飛機場,從化 飛機場,,,,,,助手,,踱步,,飛機場 踱步 (助手)
J065,28/12/2025,游水,從化,,從化,,,,,,,,游水,,
J065,28/12/2025,踱步,從化,內圈,從化 內圈,,,,,,助手,,快踱一圈,,內圈 快踱一圈 (助手)
J065,27/12/2025,游水,從化,,從化,,,,,,,,游水,,
J065,27/12/2025,踱步,從化,內圈,從化 內圈,,,,,,助手,,快踱一圈,,內圈 快踱一圈 (助手)
J065,26/12/2025,游水,從化,,從化,,,,,,,,游水,,
J065,26/12/2025,踱步,從化,內圈,從化 內圈,,,,,,助手,,快踱一圈,,內圈 快踱一圈 (助手)
J065,25/12/2025,游水,從化,,從化,,,,,,,,游水,,
J065,25/12/2025,踱步,從化,內圈,從化 內圈,,,,,,助手,,倒快兩圈,,內圈 倒快兩圈 (助手)
J065,24/12/2025,馬匹水中步行機,從化,,從化,,,,,,,,馬匹水中步行機,,
J065,24/12/2025,游水,從化,,從化,,,,,,,,游水,,
J065,24/12/2025,踱步,從化,飛機場,從化 飛機場,,,,,,助手,,踱步,,飛機場 踱步 (助手)
J065,23/12/2025,游水,從化,,從化,,,,,,,,游水,,
J065,20/12/2025,出賽,沙田,草地,沙田 草地,1400M,,,,,艾兆禮,1/14,出賽,V/TT,1400M (艾兆禮) (1/14)
J065,20/12/2025,踱步,沙田,飛機場,沙田 飛機場,,,,,,助手,,踱步,,飛機場 踱步 (助手)
J065,19/12/2025,游水,沙田,,沙田,,,,,,,,游水,,
J065,19/12/2025,踱步,沙田,飛機場,沙田 飛機場,,,,,,助手,,踱步,,飛機場 踱步 (助手)
J065,18/12/2025,游水,從化,,從化,,,,,,,,游水,,
J065,18/12/2025,踱步,從化,飛機場,從化 飛機場,,,,,,助手,,踱步,,飛機場 踱步 (助手)
J065,17/12/2025,馬匹水中步行機,從化,,從化,,,,,,,,馬匹水中步行機,,
J065,17/12/2025,游水,從化,,從化,,,,,,,,游水,,
J065,17/12/2025,快操,從化,全天候,從化 全天候,,23.8,23.8,23.8,,助手,,快操,,23.8 (23.8) (助手)
J065,17/12/2025,踱步,從化,飛機場,從化 飛機場,,,,,,助手,,踱步,,飛機場 踱步 (助手)
J065,16/12/2025,游水,從化,,從化,,,,,,,,游水,,
J065,16/12/2025,踱步,從化,內圈,從化 內圈,,,,,,助手,,快踱一圈,,內圈 快踱一圈 (助手)
J065,15/12/2025,游水,從化,,從化,,,,,,,,游水,,
J065,15/12/2025,踱步,從化,內圈,從化 內圈,,,,,,助手,,倒快兩圈,,內圈 倒快兩圈 (助手)
J065,14/12/2025,馬匹水中步行機,從化,,從化,,,,,,,,馬匹水中步行機,,
J065,14/12/2025,游水,從化,,從化,,,,,,,,游水,,
J065,14/12/2025,踱步,從化,內圈,從化 內圈,,,,,,助手,,快踱一圈,H,內圈 快踱一圈 (助手)
J065,13/12/2025,游水,從化,,從化,,,,,,,,游水,,
J065,13/12/2025,踱步,從化,飛機場,從化 飛機場,,,,,,助手,,踱步,,飛機場 踱步 (助手)
J065,12/12/2025,馬匹水中步行機,從化,,從化,,,,,,,,馬匹水中步行機,,
J065,12/12/2025,游水,從化,,從化,,,,,,,,游水,,
J065,11/12/2025,試閘,從化,全天候,從化 全天候,1200M,1.10.29,70.29,24.3 22.4 23.5,競駿奔騰,沙霖,,第4組,V,第4組 (沙霖) 1200M 競駿奔騰 24.3 22.4 23.5 (1.10.29)
J065,11/12/2025,游水,從化,,從化,,,,,,,,游水,,
J065,11/12/2025,踱步,從化,飛機場,從化 飛機場,,,,,,助手,,踱步,V,飛機場 踱步 (助手)
J065,10/12/2025,游水,從化,,從化,,,,,,,,游水,,
J065,10/12/2025,踱步,從化,內圈,從化 內圈,,,,,,助手,,快踱一圈,,內圈 快踱一圈 (助手)
J065,09/12/2025,游水,從化,,從化,,,,,,,,游水,,
J065,09/12/2025,踱步,從化,飛機場,從化 飛機場,,,,,,助手,,踱步,,飛機場 踱步 (助手)
J065,08/12/2025,游水,從化,,從化,,,,,,,,游水,,
J065,08/12/2025,快操,從化,全天候,從化 全天候,,58.2,58.2,31.8 26.4,,助手,,快操,,31.8 26.4 (58.2) (助手)
J065,08/12/2025,踱步,從化,飛機場,從化 飛機場,,,,,,助手,,踱步,,飛機場 踱步 (助手)
J065,07/12/2025,馬匹水中步行機,從化,,從化,,,,,,,,馬匹水中步行機,,
J065,07/12/2025,游水,從化,,從化,,,,,,,,游水,,
J065,07/12/2025,踱步,從化,內圈,從化 內圈,,,,,,助手,,快踱一圈,,內圈 快踱一圈 (助手)
J065,06/12/2025,游水,從化,,從化,,,,,,,,游水,,
J065,06/12/2025,踱步,從化,內圈,從化 內圈,,,,,,助手,,快踱一圈,,內圈 快踱一圈 (助手)
J065,05/12/2025,游水,從化,,從化,,,,,,,,游水,,
J065,05/12/2025,踱步,從化,飛機場,從化 飛機場,,,,,,助手,,踱步,,飛機場 踱步 (助手)
J065,04/12/2025,馬匹水中步行機,從化,,從化,,,,,,,,馬匹水中步行機,,
J065,04/12/2025,游水,從化,,從化,,,,,,,,游水,,
J065,04/12/2025,快操,從化,全天候,從化 全天候,,55.1,55.1,30.8 24.3,,助手,,快操,,30.8 24.3 (55.1) (助手)
J065,04/12/2025,踱步,從化,飛機場,從化 飛機場,,,,,,助手,,踱步,,飛機場 踱步 (助手)
J065,03/12/2025,游水,從化,,從化,,,,,,,,游水,,
J065,03/12/2025,踱步,從化,內圈,從化 內圈,,,,,,助手,,快踱一圈,,內圈 快踱一圈 (助手)
J065,02/12/2025,游水,從化,,從化,,,,,,,,游水,,
J065,02/12/2025,踱步,從化,內圈,從化 內圈,,,,,,助手,,快踱一圈,,內圈 快踱一圈 (助手)
J065,01/12/2025,游水,從化,,從化,,,,,,,,游水,,
J065,01/12/2025,踱步,從化,飛機場,從化 飛機場,,,,,,助手,,踱步,,飛機場 踱步 (助手)
J065,30/11/2025,馬匹水中步行機,從化,,從化,,,,,,,,馬匹水中步行機,,
J065,30/11/2025,游水,從化,,從化,,,,,,,,游水,,
J065,30/11/2025,快操,從化,全天候,從化 全天候,,54.8,54.8,29.7 25.1,,助手,,快操,,29.7 25.1 (54.8) (助手)
J065,30/11/2025,踱步,從化,飛機場,從化 飛機場,,,,,,助手,,踱步,,飛機場 踱步 (助手)
J065,29/11/2025,游水,從化,,從化,,,,,,,,游水,,
J065,29/11/2025,踱步,從化,內圈,從化 內圈,,,,,,助手,,快踱一圈,,內圈 快踱一圈 (助手)
J065,28/11/2025,游水,從化,,從化,,,,,,,,游水,,
J065,28/11/2025,踱步,從化,內圈,從化 內圈,,,,,,助手,,快踱一圈,,內圈 快踱一圈 (助手)
J065,27/11/2025,游水,從化,,從化,,,,,,,,游水,,
J065,27/11/2025,踱步,從化,飛機場,從化 飛機場,,,,,,助手,,踱步,,飛機場 踱步 (助手)
J065,26/11/2025,馬匹水中步行機,從化,,從化,,,,,,,,馬匹水中步行機,,
J065,26/11/2025,游水,從化,,從化,,,,,,,,游水,,
J065,26/11/2025,快操,從化,全天候,從化 全天候,,55.6,55.6,31.1 24.5,,助手,,快操,,31.1 24.5 (55.6) (助手)
J065,26/11/2025,踱步,從化,飛機場,從化 飛機場,,,,,,助手,,踱步,,飛機場 踱步 (助手)
J065,25/11/2025,游水,從化,,從化,,,,,,,,游水,,
J065,25/11/2025,踱步,從化,內圈,從化 內圈,,,,,,助手,,快踱一圈,,內圈 快踱一圈 (助手)
J065,24/11/2025,游水,從化,,從化,,,,,,,,游水,,
J065,24/11/2025,踱步,從化,內圈,從化 內圈,,,,,,助手,,倒快兩圈,,內圈 倒快兩圈 (助手)
J065,23/11/2025,游水,從化,,從化,,,,,,,,游水,,
J065,23/11/2025,踱步,從化,飛機場,從化 飛機場,,,,,,助手,,踱步,,飛機場 踱步 (助手)
J065,22/11/2025,游水,從化,,從化,,,,,,,,游水,,
J065,22/11/2025,快操,從化,全天候,從化 全天候,,56.1,56.1,31.0 25.1,,助手,,快操,,31.0 25.1 (56.1) (助手)
J065,22/11/2025,踱步,從化,飛機場,從化 飛機場,,,,,,助手,,踱步,,飛機場 踱步 (助手)
J065,21/11/2025,游水,從化,,從化,,,,,,,,游水,,
J065,21/11/2025,踱步,從化,內圈,從化 內圈,,,,,,助手,,快踱一圈,,內圈 快踱一圈 (助手)
J065,20/11/2025,游水,從化,,從化,,,,,,,,游水,,
J065,20/11/2025,踱步,從化,內圈,從化 內圈,,,,,,助手,,倒快兩圈,,內圈 倒快兩圈 (助手)
J065,19/11/2025,游水,從化,,從化,,,,,,,,游水,,
J065,19/11/2025,踱步,從化,飛機場,從化 飛機場,,,,,,助手,,踱步,,飛機場 踱步 (助手)
J065,18/11/2025,游水,從化,,從化,,,,,,,,游水,,
J065,18/11/2025,快操,從化,全天候,從化 全天候,,27.8,27.8,27.8,,助手,,快操,,27.8 (27.8) (助手)
J065,18/11/2025,踱步,從化,飛機場,從化 飛機場,,,,,,助手,,踱步,,飛機場 踱步 (助手)
J065,17/11/2025,游水,從化,,從化,,,,,,,,游水,,
J065,17/11/2025,踱步,從化,內圈,從化 內圈,,,,,,助手,,倒快兩圈,,內圈 倒快兩圈 (助手)
J065,16/11/2025,游水,從化,,從化,,,,,,,,游水,,
J065,16/11/2025,踱步,從化,內圈,從化 內圈,,,,,,助手,,快踱一圈,,內圈 快踱一圈 (助手)
J065,15/11/2025,踱步,從化,飛機場,從化 飛機場,,,,,,助手,,踱步,,飛機場 踱步 (助手)
J065,13/11/2025,游水,沙田,,沙田,,,,,,,,游水,,
J065,13/11/2025,踱步,沙田,內圈,沙田 內圈,,,,,,助手,,倒快一圈,,內圈 倒快一圈 (助手)
J065,12/11/2025,游水,沙田,,沙田,,,,,,,,游水,,
J065,12/11/2025,踱步,沙田,飛機場,沙田 飛機場,,,,,,助手,,踱步,,飛機場 踱步 (助手)
J065,11/11/2025,游水,沙田,,沙田,,,,,,,,游水,,
J065,09/11/2025,出賽,沙田,草地,沙田 草地,1600M,,,,,艾兆禮,9/14,出賽,V/TT,1600M (艾兆禮) (9/14)
J065,09/11/2025,踱步,沙田,飛機場,沙田 飛機場,,,,,,助手,,踱步,,飛機場 踱步 (助手)
J065,08/11/2025,游水,沙田,,沙田,,,,,,,,游水,,
J065,08/11/2025,踱步,沙田,內圈,沙田 內圈,,,,,,助手,,快踱一圈,,內圈 快踱一圈 (助手)
J065,07/11/2025,游水,沙田,,沙田,,,,,,,,游水,,
J065,07/11/2025,踱步,沙田,飛機場,沙田 飛機場,,,,,,助手,,踱步,,飛機場 踱步 (助手)
J065,06/11/2025,游水,從化,,從化,,,,,,,,游水,,
J065,06/11/2025,踱步,從化,內圈,從化 內圈,,,,,,助手,,倒快一圈,,內圈 倒快一圈 (助手)
J065,05/11/2025,馬匹水中步行機,從化,,從化,,,,,,,,馬匹水中步行機,,
J065,05/11/2025,游水,從化,,從化,,,,,,,,游水,,
J065,05/11/2025,踱步,從化,飛機場,從化 飛機場,,,,,,助手,,踱步,,飛機場 踱步 (助手)
J065,04/11/2025,馬匹水中步行機,從化,,從化,,,,,,,,馬匹水中步行機,,
J065,04/11/2025,游水,從化,,從化,,,,,,,,游水,,
J065,04/11/2025,快操,從化,全天候,從化 全天候,,58.4,58.4,32.6 25.8,,助手,,快操,,32.6 25.8 (58.4) (助手)
J065,04/11/2025,踱步,從化,飛機場,從化 飛機場,,,,,,助手,,踱步,,飛機場 踱步 (助手)
J065,03/11/2025,游水,從化,,從化,,,,,,,,游水,,
J065,03/11/2025,踱步,從化,內圈,從化 內圈,,,,,,助手,,倒快兩圈,,內圈 倒快兩圈 (助手)
J065,02/11/2025,游水,從化,,從化,,,,,,,,游水,,
J065,02/11/2025,踱步,從化,內圈,從化 內圈,,,,,,助手,,快踱一圈,,內圈 快踱一圈 (助手)
J065,01/11/2025,游水,從化,,從化,,,,,,,,游水,,
J065,01/11/2025,踱步,從化,飛機場,從化 飛機場,,,,,,助手,,踱步,,飛機場 踱步 (助手)
J065,31/10/2025,馬匹水中步行機,從化,,從化,,,,,,,,馬匹水中步行機,,
J065,31/10/2025,游水,從化,,從化,,,,,,,,游水,,
J065,31/10/2025,快操,從化,全天候,從化 全天候,,1.00.9,60.9,33.6 27.3,,助手,,快操,,33.6 27.3 (1.00.9) (助手)
J065,31/10/2025,踱步,從化,飛機場,從化 飛機場,,,,,,助手,,踱步,,飛機場 踱步 (助手)
J065,30/10/2025,游水,從化,,從化,,,,,,,,游水,,
J065,30/10/2025,踱步,從化,內圈,從化 內圈,,,,,,助手,,倒快兩圈,,內圈 倒快兩圈 (助手)
J065,29/10/2025,游水,從化,,從化,,,,,,,,游水,,
J065,29/10/2025,踱步,從化,內圈,從化 內圈,,,,,,助手,,快踱一圈,,內圈 快踱一圈 (助手)
J065,28/10/2025,游水,從化,,從化,,,,,,,,游水,,
J065,28/10/2025,踱步,從化,飛機場,從化 飛機場,,,,,,助手,,踱步,,飛機場 踱步 (助手)
J065,27/10/2025,游水,從化,,從化,,,,,,,,游水,,
J065,27/10/2025,快操,從化,全天候,從化 全天候,,28.1,28.1,28.1,,助手,,快操,,28.1 (28.1) (助手)
J065,27/10/2025,踱步,從化,飛機場,從化 飛機場,,,,,,助手,,踱步,,飛機場 踱步 (助手)
J065,26/10/2025,游水,從化,,從化,,,,,,,,游水,,
J065,26/10/2025,踱步,從化,內圈,從化 內圈,,,,,,助手,,快踱一圈,,內圈 快踱一圈 (助手)
J065,25/10/2025,游水,從化,,從化,,,,,,,,游水,,
J065,25/10/2025,踱步,從化,內圈,從化 內圈,,,,,,助手,,快踱一圈,,內圈 快踱一圈 (助手)
J065,24/10/2025,游水,從化,,從化,,,,,,,,游水,,
J065,24/10/2025,踱步,從化,內圈,從化 內圈,,,,,,助手,,快踱一圈,,內圈 快踱一圈 (助手)
J065,23/10/2025,游水,從化,,從化,,,,,,,,游水,,
J065,23/10/2025,踱步,從化,飛機場,從化 飛機場,,,,,,助手,,踱步,,飛機場 踱步 (助手)
J065,21/10/2025,游水,沙田,,沙田,,,,,,,,游水,,
J065,21/10/2025,踱步,沙田,內圈,沙田 內圈,,,,,,助手,,快踱一圈,,內圈 快踱一圈 (助手)
J065,20/10/2025,游水,沙田,,沙田,,,,,,,,游水,,
J065,20/10/2025,踱步,沙田,內圈,沙田 內圈,,,,,,助手,,倒快兩圈,,內圈 倒快兩圈 (助手)
J065,19/10/2025,游水,沙田,,沙田,,,,,,,,游水,,
J065,19/10/2025,踱步,沙田,內圈,沙田 內圈,,,,,,助手,,快踱一圈,,內圈 快踱一圈 (助手)
J065,18/10/2025,游水,沙田,,沙田,,,,,,,,游水,,
J065,18/10/2025,踱步,沙田,飛機場,沙田 飛機場,,,,,,助手,,踱步,,飛機場 踱步 (助手)
J065,17/10/2025,游水,沙田,,沙田,,,,,,,,游水,,
J065,15/10/2025,出賽,跑馬地,草地,跑馬地 草地,1650M,,,,,潘大衛,9/12,出賽,V/TT,1650M (潘大衛) (9/12)
J065,15/10/2025,踱步,沙田,飛機場,沙田 飛機場,,,,,,助手,,踱步,,飛機場 踱步 (助手)
J065,14/10/2025,游水,沙田,,沙田,,,,,,,,游水,,
J065,14/10/2025,踱步,沙田,內圈,沙田 內圈,,,,,,助手,,快踱一圈,,內圈 快踱一圈 (助手)
J065,13/10/2025,游水,沙田,,沙田,,,,,,,,游水,,
J065,13/10/2025,踱步,沙田,飛機場,沙田 飛機場,,,,,,助手,,踱步,,飛機場 踱步 (助手)
J065,12/10/2025,游水,沙田,,沙田,,,,,,,,游水,,
J065,12/10/2025,快操,沙田,全天候,沙田 全天候,,26.3,26.3,26.3,,助手,,快操,,26.3 (26.3) (助手)
J065,12/10/2025,踱步,沙田,飛機場,沙田 飛機場,,,,,,助手,,踱步,,飛機場 踱步 (助手)
J065,11/10/2025,游水,沙田,,沙田,,,,,,,,游水,,
J065,11/10/2025,踱步,沙田,飛機場,沙田 飛機場,,,,,,助手,,踱步,,飛機場 踱步 (助手)
J065,10/10/2025,游水,沙田,,沙田,,,,,,,,游水,,
J065,10/10/2025,踱步,沙田,內圈,沙田 內圈,,,,,,助手,,快踱一圈,,內圈 快踱一圈 (助手)
J065,09/10/2025,游水,沙田,,沙田,,,,,,,,游水,,
J065,09/10/2025,踱步,沙田,飛機場,沙田 飛機場,,,,,,助手,,踱步,,飛機場 踱步 (助手)
J065,08/10/2025,游水,沙田,,沙田,,,,,,,,游水,,
J065,08/10/2025,快操,沙田,全天候,沙田 全天候,,55.1,55.1,30.0 25.1,,助手,,快操,,30.0 25.1 (55.1) (助手)
J065,08/10/2025,踱步,沙田,飛機場,沙田 飛機場,,,,,,助手,,踱步,,飛機場 踱步 (助手)
J065,07/10/2025,游水,沙田,,沙田,,,,,,,,游水,,
J065,07/10/2025,踱步,沙田,內圈,沙田 內圈,,,,,,助手,,快踱一圈,,內圈 快踱一圈 (助手)
J065,06/10/2025,游水,沙田,,沙田,,,,,,,,游水,,
J065,06/10/2025,踱步,沙田,內圈,沙田 內圈,,,,,,助手,,倒快兩圈,,內圈 倒快兩圈 (助手)
J065,05/10/2025,游水,沙田,,沙田,,,,,,,,游水,,
J065,05/10/2025,踱步,沙田,飛機場,沙田 飛機場,,,,,,助手,,踱步,,飛機場 踱步 (助手)
J065,04/10/2025,游水,沙田,,沙田,,,,,,,,游水,,
J065,04/10/2025,快操,沙田,全天候,沙田 全天候,,53.7,53.7,29.1 24.6,,助手,,快操,,29.1 24.6 (53.7) (助手)
J065,04/10/2025,踱步,沙田,飛機場,沙田 飛機場,,,,,,助手,,踱步,,飛機場 踱步 (助手)
J065,03/10/2025,游水,沙田,,沙田,,,,,,,,游水,,
J065,03/10/2025,踱步,沙田,內圈,沙田 內圈,,,,,,助手,,快踱一圈,,內圈 快踱一圈 (助手)
J065,02/10/2025,游水,沙田,,沙田,,,,,,,,游水,,
J065,02/10/2025,踱步,沙田,內圈,沙田 內圈,,,,,,助手,,倒快兩圈,,內圈 倒快兩圈 (助手)
J065,01/10/2025,游水,沙田,,沙田,,,,,,,,游水,,
J065,01/10/2025,踱步,沙田,飛機場,沙田 飛機場,,,,,,助手,,踱步,,飛機場 踱步 (助手)
J065,30/09/2025,游水,沙田,,沙田,,,,,,,,游水,,
J065,30/09/2025,快操,沙田,全天候,沙田 全天候,,55.9,55.9,31.2 24.7,,助手,,快操,,31.2 24.7 (55.9) (助手)
J065,30/09/2025,踱步,沙田,飛機場,沙田 飛機場,,,,,,助手,,踱步,,飛機場 踱步 (助手)
J065,29/09/2025,游水,沙田,,沙田,,,,,,,,游水,,
J065,29/09/2025,踱步,沙田,內圈,沙田 內圈,,,,,,助手,,倒快兩圈,,內圈 倒快兩圈 (助手)
J065,28/09/2025,游水,沙田,,沙田,,,,,,,,游水,,
J065,28/09/2025,踱步,沙田,內圈,沙田 內圈,,,,,,助手,,快踱一圈,,內圈 快踱一圈 (助手)
J065,27/09/2025,游水,沙田,,沙田,,,,,,,,游水,,
J065,27/09/2025,踱步,沙田,飛機場,沙田 飛機場,,,,,,助手,,踱步,,飛機場 踱步 (助手)
J065,26/09/2025,游水,沙田,,沙田,,,,,,,,游水,,
J065,26/09/2025,快操,沙田,全天候,沙田 全天候,,29.2,29.2,29.2,,助手,,快操,,29.2 (29.2) (助手)
J065,26/09/2025,踱步,沙田,飛機場,沙田 飛機場,,,,,,助手,,踱步,,飛機場 踱步 (助手)
J065,25/09/2025,游水,沙田,,沙田,,,,,,,,游水,,
J065,25/09/2025,踱步,沙田,內圈,沙田 內圈,,,,,,助手,,倒快兩圈,,內圈 倒快兩圈 (助手)
J065,23/09/2025,游水,從化,,從化,,,,,,,,游水,,
J065,23/09/2025,踱步,從化,飛機場,從化 飛機場,,,,,,助手,,踱步,,飛機場 踱步 (助手)
J065,22/09/2025,游水,從化,,從化,,,,,,,,游水,,
J065,22/09/2025,快操,從化,全天候,從化 全天候,,57.1,57.1,32.5 24.6,,助手,,快操,,32.5 24.6 (57.1) (助手)
J065,22/09/2025,踱步,從化,飛機場,從化 飛機場,,,,,,助手,,踱步,,飛機場 踱步 (助手)
J065,21/09/2025,游水,從化,,從化,,,,,,,,游水,,
J065,21/09/2025,踱步,從化,內圈,從化 內圈,,,,,,助手,,快踱一圈,,內圈 快踱一圈 (助手)
J065,20/09/2025,游水,從化,,從化,,,,,,,,游水,,
J065,20/09/2025,踱步,從化,內圈,從化 內圈,,,,,,助手,,快踱一圈,,內圈 快踱一圈 (助手)
J065,19/09/2025,游水,從化,,從化,,,,,,,,游水,,
J065,19/09/2025,踱步,從化,內圈,從化 內圈,,,,,,助手,,快踱一圈,,內圈 快踱一圈 (助手)
J065,18/09/2025,游水,從化,,從化,,,,,,,,游水,,
J065,18/09/2025,踱步,從化,飛機場,從化 飛機場,,,,,,助手,,踱步,,飛機場 踱步 (助手)
J065,16/09/2025,游水,沙田,,沙田,,,,,,,,游水,,
J065,14/09/2025,出賽,沙田,草地,沙田 草地,1400M,,,,,潘大衛,8/14,出賽,V/TT,1400M (潘大衛) (8/14)
J065,14/09/2025,踱步,沙田,飛機場,沙田 飛機場,,,,,,助手,,踱步,,飛機場 踱步 (助手)
J065,13/09/2025,游水,沙田,,沙田,,,,,,,,游水,,
J065,12/09/2025,游水,沙田,,沙田,,,,,,,,游水,,
J065,12/09/2025,踱步,沙田,外圈,沙田 外圈,,,,,,助手,,快踱一圈,,外圈 快踱一圈 (助手)
J065,11/09/2025,游水,沙田,,沙田,,,,,,,,游水,,
J065,11/09/2025,踱步,沙田,內圈,沙田 內圈,,,,,,助手,,倒快一圈,,內圈 倒快一圈 (助手)
J065,10/09/2025,游水,沙田,,沙田,,,,,,,,游水,,
J065,10/09/2025,踱步,沙田,飛機場,沙田 飛機場,,,,,,助手,,踱步,,飛機場 踱步 (助手)
J065,09/09/2025,游水,沙田,,沙田,,,,,,,,游水,,
J065,07/09/2025,出賽,沙田,草地,沙田 草地,1200M,,,,,潘大衛,12/14,出賽,V1/TT,1200M (潘大衛) (12/14)
J065,07/09/2025,踱步,沙田,飛機場,沙田 飛機場,,,,,,助手,,踱步,,飛機場 踱步 (助手)
J065,06/09/2025,游水,沙田,,沙田,,,,,,,,游水,,
J065,05/09/2025,游水,沙田,,沙田,,,,,,,,游水,,
J065,05/09/2025,踱步,沙田,飛機場,沙田 飛機場,,,,,,助手,,踱步,,飛機場 踱步 (助手)
J065,04/09/2025,游水,沙田,,沙田,,,,,,,,游水,,
J065,04/09/2025,快操,沙田,全天候,沙田 全天候,,55.0,55.0,32.8 22.2,,潘大衛,,快操,B,32.8 22.2 (55.0) (潘大衛)
J065,04/09/2025,踱步,沙田,飛機場,沙田 飛機場,,,,,,助手,,踱步,B,飛機場 踱步 (助手)
J065,03/09/2025,游水,沙田,,沙田,,,,,,,,游水,,
J065,03/09/2025,踱步,沙田,內圈,沙田 內圈,,,,,,助手,,快踱一圈,,內圈 快踱一圈 (助手)
J065,02/09/2025,游水,沙田,,沙田,,,,,,,,游水,,
J065,02/09/2025,踱步,沙田,內圈,沙田 內圈,,,,,,助手,,快踱一圈,,內圈 快踱一圈 (助手)
J065,01/09/2025,游水,沙田,,沙田,,,,,,,,游水,,
J065,01/09/2025,踱步,沙田,飛機場,沙田 飛機場,,,,,,助手,,踱步,,飛機場 踱步 (助手)
J065,31/08/2025,游水,沙田,,沙田,,,,,,,,游水,,
J065,30/08/2025,試閘,沙田,草地,沙田 草地,1000M,0.57.63,57.63,13.9 21.3 22.4,紅海風帆,潘大衛,,第6組,V,第6組 (潘大衛) 1000M 紅海風帆 13.9 21.3 22.4 (0.57.63)
J065,30/08/2025,踱步,沙田,飛機場,沙田 飛機場,,,,,,助手,,踱步,V,飛機場 踱步 (助手)
J065,29/08/2025,游水,沙田,,沙田,,,,,,,,游水,,
J065,29/08/2025,踱步,沙田,內圈,沙田 內圈,,,,,,助手,,快踱一圈,,內圈 快踱一圈 (助手)
J065,28/08/2025,游水,沙田,,沙田,,,,,,,,游水,,
J065,28/08/2025,踱步,沙田,飛機場,沙田 飛機場,,,,,,助手,,踱步,,飛機場 踱步 (助手)
J065,27/08/2025,游水,沙田,,沙田,,,,,,,,游水,,
J065,27/08/2025,快操,沙田,全天候,沙田 全天候,,23.9,23.9,23.9,,助手,,快操,V,23.9 (23.9) (助手)
J065,27/08/2025,踱步,沙田,飛機場,沙田 飛機場,,,,,,助手,,踱步,V,飛機場 踱步 (助手)
J065,26/08/2025,游水,沙田,,沙田,,,,,,,,游水,,
J065,26/08/2025,踱步,沙田,內圈,沙田 內圈,,,,,,助手,,快踱一圈,,內圈 快踱一圈 (助手)
J065,25/08/2025,游水,沙田,,沙田,,,,,,,,游水,,
J065,25/08/2025,踱步,沙田,飛機場,沙田 飛機場,,,,,,助手,,踱步,,飛機場 踱步 (助手)
J065,24/08/2025,游水,沙田,,沙田,,,,,,,,游水,,
J065,24/08/2025,快操,沙田,全天候,沙田 全天候,,54.9,54.9,30.2 24.7,,助手,,快操,,30.2 24.7 (54.9) (助手)
J065,24/08/2025,踱步,沙田,飛機場,沙田 飛機場,,,,,,助手,,踱步,,飛機場 踱步 (助手)
J065,23/08/2025,游水,沙田,,沙田,,,,,,,,游水,,
J065,23/08/2025,踱步,沙田,內圈,沙田 內圈,,,,,,助手,,快踱一圈,,內圈 快踱一圈 (助手)
J065,22/08/2025,游水,沙田,,沙田,,,,,,,,游水,,
J065,22/08/2025,踱步,沙田,內圈,沙田 內圈,,,,,,助手,,快踱一圈,,內圈 快踱一圈 (助手)
J065,21/08/2025,游水,沙田,,沙田,,,,,,,,游水,,
J065,21/08/2025,踱步,沙田,飛機場,沙田 飛機場,,,,,,助手,,踱步,,飛機場 踱步 (助手)
J065,20/08/2025,游水,從化,,從化,,,,,,,,游水,,
J065,20/08/2025,快操,從化,全天候,從化 全天候,,56.0,56.0,29.9 26.1,,助手,,快操,,29.9 26.1 (56.0) (助手)
J065,20/08/2025,踱步,從化,飛機場,從化 飛機場,,,,,,助手,,踱步,,飛機場 踱步 (助手)
J065,19/08/2025,游水,從化,,從化,,,,,,,,游水,,
J065,19/08/2025,踱步,從化,內圈,從化 內圈,,,,,,助手,,快踱一圈,,內圈 快踱一圈 (助手)
J065,18/08/2025,游水,從化,,從化,,,,,,,,游水,,
J065,18/08/2025,踱步,從化,飛機場,從化 飛機場,,,,,,助手,,踱步,,飛機場 踱步 (助手)
J065,17/08/2025,游水,從化,,從化,,,,,,,,游水,,
J065,17/08/2025,快操,從化,全天候,從化 全天候,,56.3,56.3,30.8 25.5,,助手,,風起雲湧,,30.8 25.5 (56.3) (助手) 風起雲湧
J065,17/08/2025,踱步,從化,飛機場,從化 飛機場,,,,,,助手,,踱步,,飛機場 踱步 (助手)
J065,16/08/2025,游水,從化,,從化,,,,,,,,游水,,
J065,16/08/2025,踱步,從化,內圈,從化 內圈,,,,,,助手,,快踱一圈,,內圈 快踱一圈 (助手)
J065,15/08/2025,游水,從化,,從化,,,,,,,,游水,,
J065,15/08/2025,踱步,從化,內圈,從化 內圈,,,,,,助手,,快踱一圈,,內圈 快踱一圈 (助手)
J065,14/08/2025,游水,從化,,從化,,,,,,,,游水,,
J065,14/08/2025,快操,從化,全天候,從化 全天候,,58.3,58.3,31.7 26.6,,助手,,快操,,31.7 26.6 (58.3) (助手)
J065,14/08/2025,踱步,從化,飛機場,從化 飛機場,,,,,,助手,,踱步,,飛機場 踱步 (助手)
J065,13/08/2025,游水,從化,,從化,,,,,,,,游水,,
J065,13/08/2025,踱步,從化,內圈,從化 內圈,,,,,,助手,,快踱一圈,,內圈 快踱一圈 (助手)
J065,12/08/2025,游水,從化,,從化,,,,,,,,游水,,
J065,12/08/2025,踱步,從化,內圈,從化 內圈,,,,,,助手,,快踱一圈,,內圈 快踱一圈 (助手)
J065,11/08/2025,游水,從化,,從化,,,,,,,,游水,,
J065,11/08/2025,快操,從化,全天候,從化 全天候,,58.9,58.9,32.4 26.5,,助手,,快操,,32.4 26.5 (58.9) (助手)
J065,11/08/2025,踱步,從化,飛機場,從化 飛機場,,,,,,助手,,踱步,,飛機場 踱步 (助手)
J065,10/08/2025,游水,從化,,從化,,,,,,,,游水,,
J065,10/08/2025,踱步,從化,內圈,從化 內圈,,,,,,助手,,快踱一圈,,內圈 快踱一圈 (助手)
J065,09/08/2025,踱步,從化,內圈,從化 內圈,,,,,,助手,,快踱一圈,,內圈 快踱一圈 (助手)
J065,08/08/2025,快操,從化,全天候,從化 全天候,,27.0,27.0,27.0,,助手,,快操,,27.0 (27.0) (助手)
J065,08/08/2025,踱步,從化,飛機場,從化 飛機場,,,,,,助手,,踱步,,飛機場 踱步 (助手)
J065,07/08/2025,踱步,從化,內圈,從化 內圈,,,,,,助手,,倒快兩圈,,內圈 倒快兩圈 (助手)
J065,06/08/2025,踱步,從化,內圈,從化 內圈,,,,,,助手,,快踱一圈,,內圈 快踱一圈 (助手)
J065,05/08/2025,快操,從化,全天候,從化 全天候,,31.7,31.7,31.7,,助手,,快操,,31.7 (31.7) (助手)
J065,05/08/2025,踱步,從化,飛機場,從化 飛機場,,,,,,助手,,踱步,,飛機場 踱步 (助手)
J065,03/08/2025,踱步,從化,內圈,從化 內圈,,,,,,助手,,快踱一圈,,內圈 快踱一圈 (助手)
J065,02/08/2025,踱步,從化,內圈,從化 內圈,,,,,,助手,,快踱一圈,,內圈 快踱一圈 (助手)
J065,01/08/2025,踱步,從化,內圈,從化 內圈,,,,,,助手,,快踱一圈,,內圈 快踱一圈 (助手)
J065,31/07/2025,踱步,從化,內圈,從化 內圈,,,,,,助手,,快踱一圈,,內圈 快踱一圈 (助手)
J065,30/07/2025,踱步,從化,內圈,從化 內圈,,,,,,助手,,快踱一圈,,內圈 快踱一圈 (助手)
J065,29/07/2025,踱步,從化,內圈,從化 內圈,,,,,,助手,,快踱一圈,,內圈 快踱一圈 (助手)
J065,28/07/2025,踱步,從化,內圈,從化 內圈,,,,,,助手,,快踱一圈,,內圈 快踱一圈 (助手)
J065,27/07/2025,踱步,從化,飛機場,從化 飛機場,,,,,,助手,,踱步,,飛機場 踱步 (助手)
J065,26/07/2025,踱步,從化,飛機場,從化 飛機場,,,,,,助手,,踱步,,飛機場 踱步 (助手)
J065,25/07/2025,踱步,從化,飛機場,從化 飛機場,,,,,,助手,,踱步,,飛機場 踱步 (助手)
J065,24/07/2025,踱步,從化,飛機場,從化 飛機場,,,,,,助手,,踱步,,飛機場 踱步 (助手)
J065,23/07/2025,踱步,從化,飛機場,從化 飛機場,,,,,,助手,,踱步,,飛機場 踱步 (助手)
J065,22/07/2025,踱步,從化,飛機場,從化 飛機場,,,,,,助手,,踱步,,飛機場 踱步 (助手)
J065,21/07/2025,踱步,從化,飛機場,從化 飛機場,,,,,,助手,,踱步,,飛機場 踱步 (助手)
J065,22/06/2025,游水,從化,,從化,,,,,,,,游水,,
J065,22/06/2025,踱步,從化,內圈,從化 內圈,,,,,,助手,,快踱一圈,,內圈 快踱一圈 (助手)
J065,21/06/2025,游水,從化,,從化,,,,,,,,游水,,
J065,21/06/2025,踱步,從化,內圈,從化 內圈,,,,,,助手,,快踱一圈,,內圈 快踱一圈 (助手)
J065,20/06/2025,游水,從化,,從化,,,,,,,,游水,,
J065,20/06/2025,踱步,從化,內圈,從化 內圈,,,,,,助手,,快踱一圈,,內圈 快踱一圈 (助手)
J065,19/06/2025,游水,從化,,從化,,,,,,,,游水,,
J065,19/06/2025,踱步,從化,內圈,從化 內圈,,,,,,助手,,倒快兩圈,,內圈 倒快兩圈 (助手)
J065,18/06/2025,游水,從化,,從化,,,,,,,,游水,,
J065,18/06/2025,踱步,從化,內圈,從化 內圈,,,,,,助手,,快踱一圈,,內圈 快踱一圈 (助手)
J065,17/06/2025,游水,從化,,從化,,,,,,,,游水,,
J065,17/06/2025,踱步,從化,內圈,從化 內圈,,,,,,助手,,快踱一圈,,內圈 快踱一圈 (助手)
J065,16/06/2025,游水,從化,,從化,,,,,,,,游水,,
J065,16/06/2025,踱步,從化,內圈,從化 內圈,,,,,,助手,,倒快兩圈,,內圈 倒快兩圈 (助手)
J065,15/06/2025,游水,從化,,從化,,,,,,,,游水,,
J065,15/06/2025,踱步,從化,內圈,從化 內圈,,,,,,助手,,快踱一圈,H,內圈 快踱一圈 (助手)
J065,14/06/2025,游水,從化,,從化,,,,,,,,游水,,
J065,14/06/2025,踱步,從化,內圈,從化 內圈,,,,,,助手,,快踱一圈,,內圈 快踱一圈 (助手)
J065,13/06/2025,游水,從化,,從化,,,,,,,,游水,,
J065,13/06/2025,踱步,從化,內圈,從化 內圈,,,,,,助手,,快踱一圈,,內圈 快踱一圈 (助手)
J065,12/06/2025,游水,從化,,從化,,,,,,,,游水,,
J065,12/06/2025,踱步,從化,內圈,從化 內圈,,,,,,助手,,倒快一圈,,內圈 倒快一圈 (助手)
J065,10/06/2025,游水,沙田,,沙田,,,,,,,,游水,,
J065,08/06/2025,出賽,沙田,草地,沙田 草地,1400M,,,,,艾兆禮,12/14,出賽,TT,1400M (艾兆禮) (12/14)
J065,08/06/2025,踱步,沙田,飛機場,沙田 飛機場,,,,,,助手,,踱步,,飛機場 踱步 (助手)
J065,07/06/2025,游水,沙田,,沙田,,,,,,,,游水,,
J065,06/06/2025,游水,沙田,,沙田,,,,,,,,游水,,
J065,06/06/2025,踱步,沙田,飛機場,沙田 飛機場,,,,,,助手,,踱步,,飛機場 踱步 (助手)
J065,05/06/2025,游水,從化,,從化,,,,,,,,游水,,
J065,05/06/2025,快操,從化,全天候,從化 全天候,,26.8,26.8,26.8,,助手,,快操,,26.8 (26.8) (助手)
J065,05/06/2025,踱步,從化,飛機場,從化 飛機場,,,,,,助手,,踱步,,飛機場 踱步 (助手)
J065,04/06/2025,游水,從化,,從化,,,,,,,,游水,,
J065,04/06/2025,踱步,從化,內圈,從化 內圈,,,,,,助手,,快踱一圈,,內圈 快踱一圈 (助手)
J065,03/06/2025,游水,從化,,從化,,,,,,,,游水,,
J065,03/06/2025,踱步,從化,飛機場,從化 飛機場,,,,,,助手,,踱步,,飛機場 踱步 (助手)
J065,02/06/2025,游水,從化,,從化,,,,,,,,游水,,
J065,02/06/2025,快操,從化,草地,從化 草地,,56.3,56.3,31.6 24.7,,助手,,快操,,31.6 24.7 (56.3) (助手)
J065,02/06/2025,踱步,從化,飛機場,從化 飛機場,,,,,,助手,,踱步,,飛機場 踱步 (助手)
J065,01/06/2025,游水,從化,,從化,,,,,,,,游水,,
J065,01/06/2025,踱步,從化,內圈,從化 內圈,,,,,,助手,,快踱一圈,,內圈 快踱一圈 (助手)
J065,31/05/2025,游水,從化,,從化,,,,,,,,游水,,
J065,31/05/2025,踱步,從化,內圈,從化 內圈,,,,,,助手,,快踱一圈,,內圈 快踱一圈 (助手)
J065,30/05/2025,游水,從化,,從化,,,,,,,,游水,,
J065,30/05/2025,踱步,從化,飛機場,從化 飛機場,,,,,,助手,,踱步,H,飛機場 踱步 (助手)
J065,29/05/2025,游水,從化,,從化,,,,,,,,游水,,
J065,29/05/2025,快操,從化,全天候,從化 全天候,,57.9,57.9,32.1 25.8,,助手,,快操,H,32.1 25.8 (57.9) (助手)
J065,29/05/2025,踱步,從化,飛機場,從化 飛機場,,,,,,助手,,踱步,H,飛機場 踱步 (助手)
J065,28/05/2025,游水,從化,,從化,,,,,,,,游水,,
J065,28/05/2025,踱步,從化,內圈,從化 內圈,,,,,,助手,,快踱一圈,,內圈 快踱一圈 (助手)
J065,27/05/2025,游水,從化,,從化,,,,,,,,游水,,
J065,27/05/2025,踱步,從化,內圈,從化 內圈,,,,,,助手,,快踱一圈,,內圈 快踱一圈 (助手)
J065,26/05/2025,游水,從化,,從化,,,,,,,,游水,,
J065,26/05/2025,踱步,從化,內圈,從化 內圈,,,,,,助手,,倒快一圈,,內圈 倒快一圈 (助手)
J065,25/05/2025,游水,從化,,從化,,,,,,,,游水,,
J065,25/05/2025,踱步,從化,飛機場,從化 飛機場,,,,,,助手,,踱步,,飛機場 踱步 (助手)
J065,24/05/2025,游水,從化,,從化,,,,,,,,游水,,
J065,23/05/2025,試閘,從化,草地,從化 草地,1200M,1.12.43,72.43,26.0 23.2 23.2,快樂之友,奧爾民,,第9組,,第9組 (奧爾民) 1200M 快樂之友 26.0 23.2 23.2 (1.12.43)
J065,23/05/2025,踱步,從化,飛機場,從化 飛機場,,,,,,助手,,踱步,,飛機場 踱步 (助手)
J065,22/05/2025,游水,從化,,從化,,,,,,,,游水,,
J065,22/05/2025,踱步,從化,內圈,從化 內圈,,,,,,助手,,倒快一圈,,內圈 倒快一圈 (助手)
J065,21/05/2025,游水,從化,,從化,,,,,,,,游水,,
J065,21/05/2025,踱步,從化,內圈,從化 內圈,,,,,,助手,,快踱一圈,,內圈 快踱一圈 (助手)
J065,20/05/2025,游水,從化,,從化,,,,,,,,游水,,
J065,20/05/2025,踱步,從化,飛機場,從化 飛機場,,,,,,助手,,踱步,,飛機場 踱步 (助手)
J065,19/05/2025,游水,從化,,從化,,,,,,,,游水,,
J065,19/05/2025,快操,從化,全天候,從化 全天候,,57.8,57.8,32.4 25.4,,助手,,快操,,32.4 25.4 (57.8) (助手)
J065,19/05/2025,踱步,從化,飛機場,從化 飛機場,,,,,,助手,,踱步,,飛機場 踱步 (助手)
J065,18/05/2025,游水,從化,,從化,,,,,,,,游水,,
J065,18/05/2025,踱步,從化,內圈,從化 內圈,,,,,,助手,,快踱一圈,,內圈 快踱一圈 (助手)
J065,17/05/2025,游水,從化,,從化,,,,,,,,游水,,
J065,17/05/2025,踱步,從化,內圈,從化 內圈,,,,,,助手,,快踱一圈,,內圈 快踱一圈 (助手)
J065,16/05/2025,游水,從化,,從化,,,,,,,,游水,,
J065,16/05/2025,踱步,從化,飛機場,從化 飛機場,,,,,,助手,,踱步,,飛機場 踱步 (助手)
J065,15/05/2025,游水,從化,,從化,,,,,,,,游水,,
J065,15/05/2025,快操,從化,全天候,從化 全天候,,56.4,56.4,31.7 24.7,,助手,,快操,,31.7 24.7 (56.4) (助手)
J065,15/05/2025,踱步,從化,飛機場,從化 飛機場,,,,,,助手,,踱步,,飛機場 踱步 (助手)
J065,14/05/2025,游水,從化,,從化,,,,,,,,游水,,
J065,14/05/2025,踱步,從化,內圈,從化 內圈,,,,,,助手,,快踱一圈,,內圈 快踱一圈 (助手)
J065,13/05/2025,游水,從化,,從化,,,,,,,,游水,,
J065,13/05/2025,踱步,從化,內圈,從化 內圈,,,,,,助手,,快踱一圈,,內圈 快踱一圈 (助手)
J065,12/05/2025,游水,從化,,從化,,,,,,,,游水,,
J065,12/05/2025,踱步,從化,飛機場,從化 飛機場,,,,,,助手,,踱步,,飛機場 踱步 (助手)
J065,11/05/2025,游水,從化,,從化,,,,,,,,游水,,
J065,11/05/2025,快操,從化,全天候,從化 全天候,,59.3,59.3,31.1 28.2,,助手,,快操,,31.1 28.2 (59.3) (助手)
J065,11/05/2025,踱步,從化,飛機場,從化 飛機場,,,,,,助手,,踱步,,飛機場 踱步 (助手)
J065,10/05/2025,游水,從化,,從化,,,,,,,,游水,,
J065,10/05/2025,踱步,從化,內圈,從化 內圈,,,,,,助手,,快踱一圈,,內圈 快踱一圈 (助手)
J065,09/05/2025,游水,從化,,從化,,,,,,,,游水,,
J065,09/05/2025,踱步,從化,內圈,從化 內圈,,,,,,助手,,快踱一圈,,內圈 快踱一圈 (助手)
J065,08/05/2025,游水,從化,,從化,,,,,,,,游水,,
J065,08/05/2025,踱步,從化,飛機場,從化 飛機場,,,,,,助手,,踱步,,飛機場 踱步 (助手)
J065,06/05/2025,游水,沙田,,沙田,,,,,,,,游水,,
J065,06/05/2025,快操,沙田,全天候,沙田 全天候,,29.7,29.7,29.7,,助手,,快操,,29.7 (29.7) (助手)
J065,06/05/2025,踱步,沙田,飛機場,沙田 飛機場,,,,,,助手,,踱步,,飛機場 踱步 (助手)
J065,05/05/2025,游水,沙田,,沙田,,,,,,,,游水,,
J065,05/05/2025,踱步,沙田,內圈,沙田 內圈,,,,,,助手,,倒快兩圈,,內圈 倒快兩圈 (助手)
J065,04/05/2025,游水,沙田,,沙田,,,,,,,,游水,,
J065,04/05/2025,踱步,沙田,內圈,沙田 內圈,,,,,,助手,,快踱一圈,,內圈 快踱一圈 (助手)
J065,03/05/2025,游水,沙田,,沙田,,,,,,,,游水,,
J065,03/05/2025,踱步,沙田,飛機場,沙田 飛機場,,,,,,助手,,踱步,,飛機場 踱步 (助手)
J065,02/05/2025,游水,沙田,,沙田,,,,,,,,游水,,
J065,02/05/2025,快操,沙田,全天候,沙田 全天候,,59.9,59.9,33.2 26.7,,助手,,快操,,33.2 26.7 (59.9) (助手)
J065,02/05/2025,踱步,沙田,飛機場,沙田 飛機場,,,,,,助手,,踱步,,飛機場 踱步 (助手)
J065,01/05/2025,游水,沙田,,沙田,,,,,,,,游水,,
J065,01/05/2025,踱步,沙田,內圈,沙田 內圈,,,,,,助手,,倒快兩圈,,內圈 倒快兩圈 (助手)
J065,30/04/2025,游水,沙田,,沙田,,,,,,,,游水,,
J065,30/04/2025,踱步,沙田,內圈,沙田 內圈,,,,,,助手,,快踱一圈,,內圈 快踱一圈 (助手)
J065,29/04/2025,游水,沙田,,沙田,,,,,,,,游水,,
J065,28/04/2025,游水,沙田,,沙田,,,,,,,,游水,,
J065,28/04/2025,踱步,沙田,內圈,沙田 內圈,,,,,,助手,,倒快兩圈,,內圈 倒快兩圈 (助手)
J065,26/04/2025,游水,沙田,,沙田,,,,,,,,游水,,
J065,26/04/2025,快操,沙田,全天候,沙田 全天候,,58.0,58.0,31.7 26.3,,助手,,快操,,31.7 26.3 (58.0) (助手)
J065,26/04/2025,踱步,沙田,飛機場,沙田 飛機場,,,,,,助手,,踱步,,飛機場 踱步 (助手)
J065,25/04/2025,游水,沙田,,沙田,,,,,,,,游水,,
J065,25/04/2025,踱步,沙田,內圈,沙田 內圈,,,,,,助手,,快踱一圈,,內圈 快踱一圈 (助手)
J065,24/04/2025,游水,沙田,,沙田,,,,,,,,游水,,
J065,24/04/2025,踱步,沙田,內圈,沙田 內圈,,,,,,助手,,倒快兩圈,,內圈 倒快兩圈 (助手)
J065,23/04/2025,游水,沙田,,沙田,,,,,,,,游水,,
J065,23/04/2025,踱步,沙田,飛機場,沙田 飛機場,,,,,,助手,,踱步,,飛機場 踱步 (助手)
J065,22/04/2025,游水,沙田,,沙田,,,,,,,,游水,,
J065,22/04/2025,快操,沙田,全天候,沙田 全天候,,1.01.9,61.9,33.7 28.2,,助手,,快操,,33.7 28.2 (1.01.9) (助手)
J065,22/04/2025,踱步,沙田,飛機場,沙田 飛機場,,,,,,助手,,踱步,,飛機場 踱步 (助手)
J065,21/04/2025,游水,沙田,,沙田,,,,,,,,游水,,
J065,21/04/2025,踱步,沙田,內圈,沙田 內圈,,,,,,助手,,倒快兩圈,,內圈 倒快兩圈 (助手)
J065,20/04/2025,游水,沙田,,沙田,,,,,,,,游水,,
J065,20/04/2025,踱步,沙田,內圈,沙田 內圈,,,,,,助手,,快踱一圈,,內圈 快踱一圈 (助手)
J065,19/04/2025,游水,沙田,,沙田,,,,,,,,游水,,
J065,19/04/2025,踱步,沙田,飛機場,沙田 飛機場,,,,,,助手,,踱步,,飛機場 踱步 (助手)
J065,18/04/2025,游水,沙田,,沙田,,,,,,,,游水,,
J065,18/04/2025,快操,沙田,全天候,沙田 全天候,,28.6,28.6,28.6,,助手,,快操,,28.6 (28.6) (助手)
J065,18/04/2025,踱步,沙田,飛機場,沙田 飛機場,,,,,,助手,,踱步,,飛機場 踱步 (助手)
J065,17/04/2025,游水,沙田,,沙田,,,,,,,,游水,,
J065,17/04/2025,踱步,沙田,內圈,沙田 內圈,,,,,,助手,,倒快兩圈,,內圈 倒快兩圈 (助手)
J065,16/04/2025,游水,沙田,,沙田,,,,,,,,游水,,
J065,16/04/2025,踱步,沙田,內圈,沙田 內圈,,,,,,助手,,快踱一圈,,內圈 快踱一圈 (助手)
J065,15/04/2025,游水,沙田,,沙田,,,,,,,,游水,,
J065,15/04/2025,踱步,沙田,飛機場,沙田 飛機場,,,,,,助手,,踱步,,飛機場 踱步 (助手)
J065,14/04/2025,游水,沙田,,沙田,,,,,,,,游水,,
J065,14/04/2025,踱步,沙田,外圈,沙田 外圈,,,,,,助手,,快踱一圈,,外圈 快踱一圈 (助手)
J065,13/04/2025,游水,沙田,,沙田,,,,,,,,游水,,
J065,13/04/2025,踱步,沙田,內圈,沙田 內圈,,,,,,助手,,快踱一圈,,內圈 快踱一圈 (助手)
J065,12/04/2025,游水,沙田,,沙田,,,,,,,,游水,,
J065,12/04/2025,踱步,沙田,內圈,沙田 內圈,,,,,,助手,,快踱一圈,,內圈 快踱一圈 (助手)
J065,11/04/2025,游水,沙田,,沙田,,,,,,,,游水,,
J065,11/04/2025,踱步,沙田,內圈,沙田 內圈,,,,,,助手,,快踱一圈,,內圈 快踱一圈 (助手)
J065,10/04/2025,游水,沙田,,沙田,,,,,,,,游水,,
J065,10/04/2025,踱步,沙田,內圈,沙田 內圈,,,,,,助手,,倒快兩圈,,內圈 倒快兩圈 (助手)
J065,09/04/2025,游水,沙田,,沙田,,,,,,,,游水,,
J065,09/04/2025,踱步,沙田,飛機場,沙田 飛機場,,,,,,助手,,踱步,,飛機場 踱步 (助手)
J065,08/04/2025,游水,沙田,,沙田,,,,,,,,游水,,
J065,06/04/2025,出賽,沙田,草地,沙田 草地,1400M,,,,,潘頓,10/14,出賽,TT,1400M (潘頓) (10/14)
J065,06/04/2025,踱步,沙田,飛機場,沙田 飛機場,,,,,,助手,,踱步,,飛機場 踱步 (助手)
J065,05/04/2025,游水,沙田,,沙田,,,,,,,,游水,,
J065,04/04/2025,游水,沙田,,沙田,,,,,,,,游水,,
J065,03/04/2025,游水,沙田,,沙田,,,,,,,,游水,,
J065,03/04/2025,快操,沙田,草閘,沙田 草閘,,49.7,49.7,24.4 25.3,,潘頓,,快操,,24.4 25.3 (49.7) (潘頓)
J065,03/04/2025,踱步,沙田,飛機場,沙田 飛機場,,,,,,助手,,踱步,,飛機場 踱步 (助手)
J065,02/04/2025,游水,沙田,,沙田,,,,,,,,游水,,
J065,02/04/2025,踱步,沙田,內圈,沙田 內圈,,,,,,助手,,快踱一圈,,內圈 快踱一圈 (助手)
J065,01/04/2025,游水,沙田,,沙田,,,,,,,,游水,,
J065,01/04/2025,踱步,沙田,飛機場,沙田 飛機場,,,,,,助手,,踱步,,飛機場 踱步 (助手)
J065,31/03/2025,游水,沙田,,沙田,,,,,,,,游水,,
J065,31/03/2025,快操,沙田,全天候,沙田 全天候,,58.8,58.8,31.8 27.0,,助手,,快操,,31.8 27.0 (58.8) (助手)
J065,31/03/2025,踱步,沙田,飛機場,沙田 飛機場,,,,,,助手,,踱步,,飛機場 踱步 (助手)
J065,30/03/2025,游水,沙田,,沙田,,,,,,,,游水,,
J065,30/03/2025,踱步,沙田,內圈,沙田 內圈,,,,,,助手,,快踱一圈,,內圈 快踱一圈 (助手)
J065,29/03/2025,游水,沙田,,沙田,,,,,,,,游水,,
J065,29/03/2025,踱步,沙田,內圈,沙田 內圈,,,,,,助手,,快踱一圈,,內圈 快踱一圈 (助手)
J065,28/03/2025,游水,沙田,,沙田,,,,,,,,游水,,
J065,28/03/2025,踱步,沙田,飛機場,沙田 飛機場,,,,,,助手,,踱步,,飛機場 踱步 (助手)
J065,27/03/2025,游水,沙田,,沙田,,,,,,,,游水,,
J065,27/03/2025,快操,沙田,全天候,沙田 全天候,,59.8,59.8,32.6 27.2,,助手,,快操,,32.6 27.2 (59.8) (助手)
J065,27/03/2025,踱步,沙田,飛機場,沙田 飛機場,,,,,,助手,,踱步,,飛機場 踱步 (助手)
J065,26/03/2025,游水,沙田,,沙田,,,,,,,,游水,,
J065,26/03/2025,踱步,沙田,內圈,沙田 內圈,,,,,,助手,,快踱一圈,,內圈 快踱一圈 (助手)
J065,25/03/2025,游水,沙田,,沙田,,,,,,,,游水,,
J065,25/03/2025,踱步,沙田,內圈,沙田 內圈,,,,,,助手,,快踱一圈,,內圈 快踱一圈 (助手)
J065,24/03/2025,游水,沙田,,沙田,,,,,,,,游水,,
J065,24/03/2025,踱步,沙田,飛機場,沙田 飛機場,,,,,,助手,,踱步,,飛機場 踱步 (助手)
J065,23/03/2025,游水,沙田,,沙田,,,,,,,,游水,,
J065,23/03/2025,快操,沙田,全天候,沙田 全天候,,28.9,28.9,28.9,,助手,,快操,,28.9 (28.9) (助手)
J065,23/03/2025,踱步,沙田,飛機場,沙田 飛機場,,,,,,助手,,踱步,,飛機場 踱步 (助手)
J065,22/03/2025,游水,沙田,,沙田,,,,,,,,游水,,
J065,22/03/2025,踱步,沙田,內圈,沙田 內圈,,,,,,助手,,快踱一圈,,內圈 快踱一圈 (助手)
J065,21/03/2025,游水,沙田,,沙田,,,,,,,,游水,,
J065,21/03/2025,踱步,沙田,內圈,沙田 內圈,,,,,,助手,,快踱一圈,,內圈 快踱一圈 (助手)
J065,20/03/2025,游水,沙田,,沙田,,,,,,,,游水,,
J065,20/03/2025,踱步,沙田,內圈,沙田 內圈,,,,,,助手,,倒快兩圈,,內圈 倒快兩圈 (助手)
J065,19/03/2025,游水,沙田,,沙田,,,,,,,,游水,,
J065,19/03/2025,踱步,沙田,內圈,沙田 內圈,,,,,,助手,,快踱一圈,,內圈 快踱一圈 (助手)
J065,18/03/2025,游水,沙田,,沙田,,,,,,,,游水,,
J065,18/03/2025,踱步,沙田,飛機場,沙田 飛機場,,,,,,助手,,踱步,H,飛機場 踱步 (助手)
J065,17/03/2025,游水,沙田,,沙田,,,,,,,,游水,,
J065,15/03/2025,出賽,沙田,草地,沙田 草地,1600M,,,,,艾兆禮,5/14,出賽,TT,1600M (艾兆禮) (5/14)
J065,15/03/2025,踱步,沙田,飛機場,沙田 飛機場,,,,,,助手,,踱步,,飛機場 踱步 (助手)
J065,14/03/2025,游水,沙田,,沙田,,,,,,,,游水,,
J065,13/03/2025,游水,沙田,,沙田,,,,,,,,游水,,
J065,12/03/2025,游水,沙田,,沙田,,,,,,,,游水,,
J065,12/03/2025,快操,沙田,泥閘,沙田 泥閘,,26.1,26.1,26.1,,助手,,快操,,26.1 (26.1) (助手)
J065,12/03/2025,踱步,沙田,飛機場,沙田 飛機場,,,,,,助手,,踱步,,飛機場 踱步 (助手)
J065,11/03/2025,游水,沙田,,沙田,,,,,,,,游水,,
J065,11/03/2025,踱步,沙田,內圈,沙田 內圈,,,,,,助手,,快踱一圈,,內圈 快踱一圈 (助手)
J065,10/03/2025,游水,沙田,,沙田,,,,,,,,游水,,
J065,10/03/2025,踱步,沙田,內圈,沙田 內圈,,,,,,助手,,倒快兩圈,,內圈 倒快兩圈 (助手)
J065,09/03/2025,游水,沙田,,沙田,,,,,,,,游水,,
J065,09/03/2025,踱步,沙田,飛機場,沙田 飛機場,,,,,,助手,,踱步,,飛機場 踱步 (助手)
J065,08/03/2025,游水,沙田,,沙田,,,,,,,,游水,,
J065,08/03/2025,快操,沙田,全天候,沙田 全天候,,54.2,54.2,29.5 24.7,,助手,,快操,,29.5 24.7 (54.2) (助手)
J065,08/03/2025,踱步,沙田,飛機場,沙田 飛機場,,,,,,助手,,踱步,H,飛機場 踱步 (助手)
J065,07/03/2025,游水,沙田,,沙田,,,,,,,,游水,,
J065,07/03/2025,踱步,沙田,內圈,沙田 內圈,,,,,,助手,,快踱一圈,,內圈 快踱一圈 (助手)
J065,06/03/2025,游水,沙田,,沙田,,,,,,,,游水,,
J065,06/03/2025,踱步,沙田,內圈,沙田 內圈,,,,,,助手,,倒快兩圈,,內圈 倒快兩圈 (助手)
J065,05/03/2025,游水,沙田,,沙田,,,,,,,,游水,,
J065,05/03/2025,踱步,沙田,飛機場,沙田 飛機場,,,,,,助手,,踱步,,飛機場 踱步 (助手)
J065,04/03/2025,游水,沙田,,沙田,,,,,,,,游水,,
J065,04/03/2025,快操,沙田,全天候,沙田 全天候,,1.26.7,86.7,32.3 28.8 25.6,,助手,,快操,,32.3 28.8 25.6 (1.26.7) (助手)
J065,04/03/2025,踱步,沙田,飛機場,沙田 飛機場,,,,,,助手,,踱步,,飛機場 踱步 (助手)
J065,03/03/2025,游水,沙田,,沙田,,,,,,,,游水,,
J065,03/03/2025,踱步,沙田,內圈,沙田 內圈,,,,,,助手,,倒快兩圈,,內圈 倒快兩圈 (助手)
J065,02/03/2025,游水,沙田,,沙田,,,,,,,,游水,,
J065,02/03/2025,踱步,沙田,內圈,沙田 內圈,,,,,,助手,,快踱一圈,,內圈 快踱一圈 (助手)
J065,01/03/2025,游水,沙田,,沙田,,,,,,,,游水,,
J065,28/02/2025,游水,沙田,,沙田,,,,,,,,游水,,
J065,28/02/2025,快操,沙田,全天候,沙田 全天候,,1.00.2,60.2,33.9 26.3,,助手,,快操,,33.9 26.3 (1.00.2) (助手)
J065,28/02/2025,踱步,沙田,飛機場,沙田 飛機場,,,,,,助手,,踱步,,飛機場 踱步 (助手)
J065,27/02/2025,游水,沙田,,沙田,,,,,,,,游水,,
J065,27/02/2025,踱步,沙田,內圈,沙田 內圈,,,,,,助手,,倒快兩圈,,內圈 倒快兩圈 (助手)
J065,26/02/2025,游水,沙田,,沙田,,,,,,,,游水,,
J065,26/02/2025,踱步,沙田,內圈,沙田 內圈,,,,,,助手,,快踱一圈,,內圈 快踱一圈 (助手)
J065,25/02/2025,游水,沙田,,沙田,,,,,,,,游水,,
J065,25/02/2025,踱步,沙田,飛機場,沙田 飛機場,,,,,,助手,,踱步,,飛機場 踱步 (助手)
J065,24/02/2025,游水,沙田,,沙田,,,,,,,,游水,,
J065,24/02/2025,快操,沙田,全天候,沙田 全天候,,1.02.4,62.4,33.8 28.6,,助手,,快操,,33.8 28.6 (1.02.4) (助手)
J065,24/02/2025,踱步,沙田,飛機場,沙田 飛機場,,,,,,助手,,踱步,,飛機場 踱步 (助手)
J065,23/02/2025,游水,沙田,,沙田,,,,,,,,游水,,
J065,23/02/2025,踱步,沙田,內圈,沙田 內圈,,,,,,助手,,快踱一圈,,內圈 快踱一圈 (助手)
J065,22/02/2025,游水,沙田,,沙田,,,,,,,,游水,,
J065,22/02/2025,踱步,沙田,內圈,沙田 內圈,,,,,,助手,,快踱一圈,,內圈 快踱一圈 (助手)
J065,21/02/2025,游水,沙田,,沙田,,,,,,,,游水,,
J065,21/02/2025,踱步,沙田,內圈,沙田 內圈,,,,,,助手,,快踱一圈,,內圈 快踱一圈 (助手)
J065,20/02/2025,游水,沙田,,沙田,,,,,,,,游水,,
J065,20/02/2025,踱步,沙田,內圈,沙田 內圈,,,,,,助手,,倒快兩圈,,內圈 倒快兩圈 (助手)
J065,19/02/2025,游水,沙田,,沙田,,,,,,,,游水,,
J065,19/02/2025,踱步,沙田,飛機場,沙田 飛機場,,,,,,助手,,踱步,,飛機場 踱步 (助手)
J065,18/02/2025,游水,沙田,,沙田,,,,,,,,游水,,
J065,16/02/2025,出賽,沙田,草地,沙田 草地,1600M,,,,,班德禮,11/14,出賽,TT,1600M (班德禮) (11/14)
J065,15/02/2025,游水,沙田,,沙田,,,,,,,,游水,,
J065,14/02/2025,游水,沙田,,沙田,,,,,,,,游水,,
J065,13/02/2025,游水,沙田,,沙田,,,,,,,,游水,,
J065,13/02/2025,快操,沙田,草閘,沙田 草閘,,50.4,50.4,24.1 26.3,,班德禮,,快操,,24.1 26.3 (50.4) (班德禮)
J065,13/02/2025,踱步,沙田,飛機場,沙田 飛機場,,,,,,助手,,踱步,,飛機場 踱步 (助手)
J065,12/02/2025,游水,沙田,,沙田,,,,,,,,游水,,
J065,12/02/2025,踱步,沙田,內圈,沙田 內圈,,,,,,助手,,快踱一圈,,內圈 快踱一圈 (助手)
J065,11/02/2025,游水,沙田,,沙田,,,,,,,,游水,,
J065,11/02/2025,踱步,沙田,飛機場,沙田 飛機場,,,,,,助手,,踱步,,飛機場 踱步 (助手)
J065,10/02/2025,游水,沙田,,沙田,,,,,,,,游水,,
J065,10/02/2025,快操,沙田,全天候,沙田 全天候,,54.2,54.2,29.1 25.1,,助手,,快操,,29.1 25.1 (54.2) (助手)
J065,10/02/2025,踱步,沙田,飛機場,沙田 飛機場,,,,,,助手,,踱步,,飛機場 踱步 (助手)
J065,09/02/2025,游水,沙田,,沙田,,,,,,,,游水,,
J065,09/02/2025,踱步,沙田,內圈,沙田 內圈,,,,,,助手,,快踱一圈,,內圈 快踱一圈 (助手)
J065,08/02/2025,游水,沙田,,沙田,,,,,,,,游水,,
J065,08/02/2025,踱步,沙田,飛機場,沙田 飛機場,,,,,,助手,,踱步,,飛機場 踱步 (助手)
J065,07/02/2025,游水,沙田,,沙田,,,,,,,,游水,,
J065,07/02/2025,快操,沙田,全天候,沙田 全天候,,59.5,59.5,32.5 27.0,,助手,,新力飆,,32.5 27.0 (59.5) (助手) 新力飆
J065,07/02/2025,踱步,沙田,飛機場,沙田 飛機場,,,,,,助手,,踱步,,飛機場 踱步 (助手)
J065,06/02/2025,游水,沙田,,沙田,,,,,,,,游水,,
J065,06/02/2025,踱步,沙田,內圈,沙田 內圈,,,,,,助手,,倒快兩圈,,內圈 倒快兩圈 (助手)
J065,05/02/2025,游水,沙田,,沙田,,,,,,,,游水,,
J065,05/02/2025,踱步,沙田,內圈,沙田 內圈,,,,,,助手,,快踱一圈,,內圈 快踱一圈 (助手)
J065,04/02/2025,游水,沙田,,沙田,,,,,,,,游水,,
J065,04/02/2025,踱步,沙田,飛機場,沙田 飛機場,,,,,,助手,,踱步,,飛機場 踱步 (助手)
J065,03/02/2025,游水,沙田,,沙田,,,,,,,,游水,,
J065,03/02/2025,快操,沙田,全天候,沙田 全天候,,55.3,55.3,28.0 27.3,,助手,,快操,,28.0 27.3 (55.3) (助手)
J065,03/02/2025,踱步,沙田,飛機場,沙田 飛機場,,,,,,助手,,踱步,,飛機場 踱步 (助手)
J065,02/02/2025,游水,沙田,,沙田,,,,,,,,游水,,
J065,02/02/2025,踱步,沙田,內圈,沙田 內圈,,,,,,助手,,快踱一圈,,內圈 快踱一圈 (助手)
J065,01/02/2025,游水,沙田,,沙田,,,,,,,,游水,,
J065,01/02/2025,踱步,沙田,內圈,沙田 內圈,,,,,,助手,,快踱一圈,,內圈 快踱一圈 (助手)
J065,31/01/2025,游水,沙田,,沙田,,,,,,,,游水,,
J065,31/01/2025,踱步,沙田,內圈,沙田 內圈,,,,,,助手,,快踱一圈,,內圈 快踱一圈 (助手)
J065,30/01/2025,游水,沙田,,沙田,,,,,,,,游水,,
J065,30/01/2025,踱步,沙田,飛機場,沙田 飛機場,,,,,,助手,,踱步,,飛機場 踱步 (助手)
J065,28/01/2025,試閘,沙田,全天候,沙田 全天候,1200M,1.09.83,69.83,24.2 22.1 23.5,進優自在,艾兆禮,,第5組,,第5組 (艾兆禮) 1200M 進優自在 24.2 22.1 23.5 (1.09.83)
J065,27/01/2025,游水,沙田,,沙田,,,,,,,,游水,,
J065,27/01/2025,踱步,沙田,內圈,沙田 內圈,,,,,,助手,,倒快兩圈,,內圈 倒快兩圈 (助手)
J065,26/01/2025,游水,沙田,,沙田,,,,,,,,游水,,
J065,26/01/2025,踱步,沙田,內圈,沙田 內圈,,,,,,助手,,快踱一圈,,內圈 快踱一圈 (助手)
J065,25/01/2025,游水,沙田,,沙田,,,,,,,,游水,,
J065,25/01/2025,踱步,沙田,飛機場,沙田 飛機場,,,,,,助手,,踱步,,飛機場 踱步 (助手)
J065,24/01/2025,游水,沙田,,沙田,,,,,,,,游水,,
J065,24/01/2025,快操,沙田,全天候,沙田 全天候,,59.4,59.4,32.5 26.9,,助手,,快操,,32.5 26.9 (59.4) (助手)
J065,24/01/2025,踱步,沙田,飛機場,沙田 飛機場,,,,,,助手,,踱步,H,飛機場 踱步 (助手)
J065,23/01/2025,游水,沙田,,沙田,,,,,,,,游水,,
J065,23/01/2025,踱步,沙田,內圈,沙田 內圈,,,,,,助手,,倒快兩圈,H,內圈 倒快兩圈 (助手)
J065,22/01/2025,游水,沙田,,沙田,,,,,,,,游水,,
J065,22/01/2025,踱步,沙田,內圈,沙田 內圈,,,,,,助手,,快踱一圈,,內圈 快踱一圈 (助手)
J065,21/01/2025,游水,沙田,,沙田,,,,,,,,游水,,
J065,21/01/2025,踱步,沙田,飛機場,沙田 飛機場,,,,,,助手,,踱步,,飛機場 踱步 (助手)
J065,20/01/2025,游水,沙田,,沙田,,,,,,,,游水,,
J065,20/01/2025,快操,沙田,全天候,沙田 全天候,,58.5,58.5,31.7 26.8,,助手,,快操,,31.7 26.8 (58.5) (助手)
J065,20/01/2025,踱步,沙田,飛機場,沙田 飛機場,,,,,,助手,,踱步,,飛機場 踱步 (助手)
J065,19/01/2025,游水,沙田,,沙田,,,,,,,,游水,,
J065,19/01/2025,踱步,沙田,內圈,沙田 內圈,,,,,,助手,,快踱一圈,,內圈 快踱一圈 (助手)
J065,18/01/2025,游水,沙田,,沙田,,,,,,,,游水,,
J065,18/01/2025,踱步,沙田,內圈,沙田 內圈,,,,,,助手,,快踱一圈,,內圈 快踱一圈 (助手)
J065,17/01/2025,游水,沙田,,沙田,,,,,,,,游水,,
J065,17/01/2025,踱步,沙田,內圈,沙田 內圈,,,,,,助手,,快踱一圈,,內圈 快踱一圈 (助手)
J065,16/01/2025,游水,沙田,,沙田,,,,,,,,游水,,
J065,16/01/2025,踱步,沙田,飛機場,沙田 飛機場,,,,,,助手,,踱步,,飛機場 踱步 (助手)
J065,15/01/2025,游水,沙田,,沙田,,,,,,,,游水,,
J065,15/01/2025,快操,沙田,全天候,沙田 全天候,,53.1,53.1,29.5 23.6,,助手,,快操,,29.5 23.6 (53.1) (助手)
J065,15/01/2025,踱步,沙田,飛機場,沙田 飛機場,,,,,,助手,,踱步,,飛機場 踱步 (助手)
J065,14/01/2025,游水,沙田,,沙田,,,,,,,,游水,,
J065,14/01/2025,踱步,沙田,內圈,沙田 內圈,,,,,,助手,,快踱一圈,,內圈 快踱一圈 (助手)
J065,13/01/2025,游水,沙田,,沙田,,,,,,,,游水,,
J065,13/01/2025,踱步,沙田,內圈,沙田 內圈,,,,,,助手,,倒快兩圈,,內圈 倒快兩圈 (助手)
J065,12/01/2025,游水,沙田,,沙田,,,,,,,,游水,,
J065,12/01/2025,踱步,沙田,飛機場,沙田 飛機場,,,,,,助手,,踱步,,飛機場 踱步 (助手)
J065,11/01/2025,游水,沙田,,沙田,,,,,,,,游水,,
J065,11/01/2025,快操,沙田,全天候,沙田 全天候,,59.1,59.1,32.0 27.1,,助手,,快操,,32.0 27.1 (59.1) (助手)
J065,11/01/2025,踱步,沙田,飛機場,沙田 飛機場,,,,,,助手,,踱步,,飛機場 踱步 (助手)
J065,10/01/2025,游水,沙田,,沙田,,,,,,,,游水,,
J065,10/01/2025,踱步,沙田,內圈,沙田 內圈,,,,,,助手,,快踱一圈,,內圈 快踱一圈 (助手)
J065,09/01/2025,游水,沙田,,沙田,,,,,,,,游水,,
J065,09/01/2025,踱步,沙田,內圈,沙田 內圈,,,,,,助手,,倒快兩圈,,內圈 倒快兩圈 (助手)
J065,08/01/2025,游水,沙田,,沙田,,,,,,,,游水,,
J065,08/01/2025,踱步,沙田,飛機場,沙田 飛機場,,,,,,助手,,踱步,,飛機場 踱步 (助手)
J065,07/01/2025,游水,沙田,,沙田,,,,,,,,游水,,
J065,07/01/2025,快操,沙田,全天候,沙田 全天候,,1.00.5,60.5,33.5 27.0,,助手,,快操,,33.5 27.0 (1.00.5) (助手)
J065,07/01/2025,踱步,沙田,飛機場,沙田 飛機場,,,,,,助手,,踱步,,飛機場 踱步 (助手)
J065,06/01/2025,游水,沙田,,沙田,,,,,,,,游水,,
J065,06/01/2025,踱步,沙田,內圈,沙田 內圈,,,,,,助手,,倒快兩圈,,內圈 倒快兩圈 (助手)
J065,05/01/2025,游水,沙田,,沙田,,,,,,,,游水,,
J065,05/01/2025,踱步,沙田,內圈,沙田 內圈,,,,,,助手,,快踱一圈,,內圈 快踱一圈 (助手)
J065,03/01/2025,踱步,沙田,內圈,沙田 內圈,,,,,,助手,,快踱一圈,,內圈 快踱一圈 (助手)
J065,02/01/2025,游水,沙田,,沙田,,,,,,,,游水,,
J065,02/01/2025,踱步,沙田,內圈,沙田 內圈,,,,,,助手,,倒快一圈,,內圈 倒快一圈 (助手)
J065,01/01/2025,游水,沙田,,沙田,,,,,,,,游水,,
J065,01/01/2025,踱步,沙田,飛機場,沙田 飛機場,,,,,,助手,,踱步,,飛機場 踱步 (助手)
J065,31/12/2024,游水,沙田,,沙田,,,,,,,,游水,,
J065,29/12/2024,出賽,沙田,草地,沙田 草地,1400M,,,,,艾兆禮,2/14,出賽,TT,1400M (艾兆禮) (2/14)
J065,29/12/2024,踱步,沙田,飛機場,沙田 飛機場,,,,,,助手,,踱步,,飛機場 踱步 (助手)
J065,28/12/2024,游水,沙田,,沙田,,,,,,,,游水,,
J065,27/12/2024,游水,沙田,,沙田,,,,,,,,游水,,
J065,27/12/2024,快操,沙田,泥閘,沙田 泥閘,,24.1,24.1,24.1,,艾兆禮,,快操,,24.1 (24.1) (艾兆禮)
J065,26/12/2024,游水,沙田,,沙田,,,,,,,,游水,,
J065,26/12/2024,踱步,沙田,內圈,沙田 內圈,,,,,,助手,,倒快兩圈,,內圈 倒快兩圈 (助手)
J065,25/12/2024,游水,沙田,,沙田,,,,,,,,游水,,
J065,25/12/2024,踱步,沙田,內圈,沙田 內圈,,,,,,助手,,快踱一圈,,內圈 快踱一圈 (助手)
J065,24/12/2024,游水,沙田,,沙田,,,,,,,,游水,,
J065,24/12/2024,踱步,沙田,飛機場,沙田 飛機場,,,,,,助手,,踱步,,飛機場 踱步 (助手)
J065,23/12/2024,游水,沙田,,沙田,,,,,,,,游水,,
J065,23/12/2024,快操,沙田,全天候,沙田 全天候,,57.1,57.1,30.4 26.7,,助手,,快操,,30.4 26.7 (57.1) (助手)
J065,23/12/2024,踱步,沙田,飛機場,沙田 飛機場,,,,,,助手,,踱步,,飛機場 踱步 (助手)
J065,22/12/2024,游水,沙田,,沙田,,,,,,,,游水,,
J065,22/12/2024,踱步,沙田,內圈,沙田 內圈,,,,,,助手,,快踱一圈,,內圈 快踱一圈 (助手)
J065,21/12/2024,游水,沙田,,沙田,,,,,,,,游水,,
J065,21/12/2024,踱步,沙田,內圈,沙田 內圈,,,,,,助手,,快踱一圈,,內圈 快踱一圈 (助手)
J065,20/12/2024,游水,沙田,,沙田,,,,,,,,游水,,
J065,20/12/2024,踱步,沙田,內圈,沙田 內圈,,,,,,助手,,快踱一圈,,內圈 快踱一圈 (助手)
J065,19/12/2024,游水,沙田,,沙田,,,,,,,,游水,,
J065,19/12/2024,踱步,沙田,內圈,沙田 內圈,,,,,,助手,,倒快兩圈,,內圈 倒快兩圈 (助手)
J065,18/12/2024,游水,沙田,,沙田,,,,,,,,游水,,
J065,18/12/2024,踱步,沙田,飛機場,沙田 飛機場,,,,,,助手,,踱步,,飛機場 踱步 (助手)
J065,17/12/2024,游水,沙田,,沙田,,,,,,,,游水,,
J065,15/12/2024,出賽,沙田,草地,沙田 草地,1400M,,,,,艾兆禮,1/14,出賽,TT,1400M (艾兆禮) (1/14)
J065,15/12/2024,踱步,沙田,飛機場,沙田 飛機場,,,,,,助手,,踱步,,飛機場 踱步 (助手)
J065,14/12/2024,游水,沙田,,沙田,,,,,,,,游水,,
J065,13/12/2024,游水,沙田,,沙田,,,,,,,,游水,,
J065,13/12/2024,踱步,沙田,飛機場,沙田 飛機場,,,,,,助手,,踱步,,飛機場 踱步 (助手)
J065,12/12/2024,游水,沙田,,沙田,,,,,,,,游水,,
J065,12/12/2024,快操,沙田,草閘,沙田 草閘,,55.5,55.5,29.1 26.4,,艾兆禮,,快操,,29.1 26.4 (55.5) (艾兆禮)
J065,12/12/2024,踱步,沙田,飛機場,沙田 飛機場,,,,,,助手,,踱步,,飛機場 踱步 (助手)
J065,11/12/2024,游水,沙田,,沙田,,,,,,,,游水,,
J065,11/12/2024,踱步,沙田,內圈,沙田 內圈,,,,,,助手,,快踱一圈,,內圈 快踱一圈 (助手)
J065,10/12/2024,游水,沙田,,沙田,,,,,,,,游水,,
J065,09/12/2024,游水,沙田,,沙田,,,,,,,,游水,,
J065,09/12/2024,踱步,沙田,內圈,沙田 內圈,,,,,,助手,,倒快兩圈,,內圈 倒快兩圈 (助手)
J065,08/12/2024,游水,沙田,,沙田,,,,,,,,游水,,
J065,08/12/2024,踱步,沙田,內圈,沙田 內圈,,,,,,助手,,快踱一圈,,內圈 快踱一圈 (助手)
J065,07/12/2024,游水,沙田,,沙田,,,,,,,,游水,,
J065,07/12/2024,踱步,沙田,飛機場,沙田 飛機場,,,,,,助手,,踱步,,飛機場 踱步 (助手)
J065,04/12/2024,出賽,跑馬地,草地,跑馬地 草地,1650M,,,,,何澤堯,4/11,出賽,TT,1650M (何澤堯) (4/11)
J065,03/12/2024,游水,沙田,,沙田,,,,,,,,游水,,
J065,02/12/2024,游水,沙田,,沙田,,,,,,,,游水,,
J065,02/12/2024,快操,沙田,草閘,沙田 草閘,,53.0,53.0,26.1 26.9,,何澤堯,,快操,,26.1 26.9 (53.0) (何澤堯)
J065,02/12/2024,踱步,沙田,飛機場,沙田 飛機場,,,,,,助手,,踱步,,飛機場 踱步 (助手)
J065,01/12/2024,游水,沙田,,沙田,,,,,,,,游水,,
J065,01/12/2024,踱步,沙田,內圈,沙田 內圈,,,,,,助手,,快踱一圈,,內圈 快踱一圈 (助手)
J065,30/11/2024,游水,沙田,,沙田,,,,,,,,游水,,
J065,30/11/2024,踱步,沙田,內圈,沙田 內圈,,,,,,助手,,快踱一圈,,內圈 快踱一圈 (助手)
J065,29/11/2024,游水,沙田,,沙田,,,,,,,,游水,,
J065,29/11/2024,踱步,沙田,飛機場,沙田 飛機場,,,,,,助手,,踱步,,飛機場 踱步 (助手)
J065,28/11/2024,游水,沙田,,沙田,,,,,,,,游水,,
J065,28/11/2024,快操,沙田,全天候,沙田 全天候,,53.9,53.9,29.2 24.7,,副練馬師,,快操,,29.2 24.7 (53.9) (副練馬師)
J065,28/11/2024,踱步,沙田,飛機場,沙田 飛機場,,,,,,副練馬師,,踱步,,飛機場 踱步 (副練馬師)
J065,27/11/2024,游水,沙田,,沙田,,,,,,,,游水,,
J065,27/11/2024,踱步,沙田,內圈,沙田 內圈,,,,,,助手,,快踱一圈,,內圈 快踱一圈 (助手)
J065,26/11/2024,游水,沙田,,沙田,,,,,,,,游水,,
J065,26/11/2024,踱步,沙田,內圈,沙田 內圈,,,,,,助手,,快踱一圈,,內圈 快踱一圈 (助手)
J065,25/11/2024,游水,沙田,,沙田,,,,,,,,游水,,
J065,25/11/2024,踱步,沙田,內圈,沙田 內圈,,,,,,助手,,倒快兩圈,,內圈 倒快兩圈 (助手)
J065,24/11/2024,游水,沙田,,沙田,,,,,,,,游水,,
J065,24/11/2024,踱步,沙田,內圈,沙田 內圈,,,,,,助手,,快踱一圈,,內圈 快踱一圈 (助手)
J065,23/11/2024,游水,沙田,,沙田,,,,,,,,游水,,
J065,22/11/2024,試閘,沙田,全天候,沙田 全天候,1200M,1.12.24,72.24,24.7 23.8 23.7,隼閣,何澤堯,,第3組,,第3組 (何澤堯) 1200M 隼閣 24.7 23.8 23.7 (1.12.24)
J065,21/11/2024,游水,沙田,,沙田,,,,,,,,游水,,
J065,21/11/2024,踱步,沙田,內圈,沙田 內圈,,,,,,助手,,倒快兩圈,,內圈 倒快兩圈 (助手)
J065,20/11/2024,游水,沙田,,沙田,,,,,,,,游水,,
J065,20/11/2024,踱步,沙田,飛機場,沙田 飛機場,,,,,,助手,,踱步,,飛機場 踱步 (助手)
J065,19/11/2024,游水,沙田,,沙田,,,,,,,,游水,,
J065,19/11/2024,快操,沙田,全天候,沙田 全天候,,1.00.7,60.7,33.9 26.8,,助手,,快操,,33.9 26.8 (1.00.7) (助手)
J065,19/11/2024,踱步,沙田,飛機場,沙田 飛機場,,,,,,助手,,踱步,,飛機場 踱步 (助手)
J065,18/11/2024,游水,沙田,,沙田,,,,,,,,游水,,
J065,18/11/2024,踱步,沙田,內圈,沙田 內圈,,,,,,助手,,倒快兩圈,,內圈 倒快兩圈 (助手)
J065,17/11/2024,游水,沙田,,沙田,,,,,,,,游水,,
J065,17/11/2024,踱步,沙田,飛機場,沙田 飛機場,,,,,,助手,,踱步,,飛機場 踱步 (助手)
J065,16/11/2024,游水,沙田,,沙田,,,,,,,,游水,,
J065,16/11/2024,快操,沙田,全天候,沙田 全天候,,58.8,58.8,34.1 24.7,,助手,,快操,,34.1 24.7 (58.8) (助手)
J065,16/11/2024,踱步,沙田,飛機場,沙田 飛機場,,,,,,助手,,踱步,,飛機場 踱步 (助手)
J065,15/11/2024,游水,沙田,,沙田,,,,,,,,游水,,
J065,15/11/2024,踱步,沙田,內圈,沙田 內圈,,,,,,助手,,快踱一圈,,內圈 快踱一圈 (助手)
J065,14/11/2024,游水,沙田,,沙田,,,,,,,,游水,,
J065,13/11/2024,游水,沙田,,沙田,,,,,,,,游水,,
J065,13/11/2024,踱步,沙田,飛機場,沙田 飛機場,,,,,,助手,,踱步,,飛機場 踱步 (助手)
J065,12/11/2024,游水,沙田,,沙田,,,,,,,,游水,,
J065,12/11/2024,快操,沙田,全天候,沙田 全天候,,59.1,59.1,33.1 26.0,,助手,,快操,,33.1 26.0 (59.1) (助手)
J065,12/11/2024,踱步,沙田,飛機場,沙田 飛機場,,,,,,助手,,踱步,,飛機場 踱步 (助手)
J065,11/11/2024,游水,沙田,,沙田,,,,,,,,游水,,
J065,11/11/2024,踱步,沙田,內圈,沙田 內圈,,,,,,助手,,倒快兩圈,,內圈 倒快兩圈 (助手)
J065,10/11/2024,游水,沙田,,沙田,,,,,,,,游水,,
J065,10/11/2024,踱步,沙田,內圈,沙田 內圈,,,,,,助手,,快踱一圈,,內圈 快踱一圈 (助手)
J065,09/11/2024,游水,沙田,,沙田,,,,,,,,游水,,
J065,09/11/2024,踱步,沙田,飛機場,沙田 飛機場,,,,,,助手,,踱步,,飛機場 踱步 (助手)
J065,08/11/2024,游水,沙田,,沙田,,,,,,,,游水,,
J065,08/11/2024,快操,沙田,全天候,沙田 全天候,,56.3,56.3,31.5 24.8,,助手,,快操,,31.5 24.8 (56.3) (助手)
J065,08/11/2024,踱步,沙田,飛機場,沙田 飛機場,,,,,,助手,,踱步,,飛機場 踱步 (助手)
J065,07/11/2024,游水,沙田,,沙田,,,,,,,,游水,,
J065,07/11/2024,踱步,沙田,內圈,沙田 內圈,,,,,,助手,,倒快兩圈,,內圈 倒快兩圈 (助手)
J065,06/11/2024,游水,沙田,,沙田,,,,,,,,游水,,
J065,06/11/2024,踱步,沙田,內圈,沙田 內圈,,,,,,助手,,快踱一圈,,內圈 快踱一圈 (助手)
J065,05/11/2024,游水,沙田,,沙田,,,,,,,,游水,,
J065,05/11/2024,踱步,沙田,內圈,沙田 內圈,,,,,,助手,,快踱一圈,,內圈 快踱一圈 (助手)
J065,04/11/2024,游水,沙田,,沙田,,,,,,,,游水,,
J065,04/11/2024,踱步,沙田,內圈,沙田 內圈,,,,,,助手,,倒快兩圈,H,內圈 倒快兩圈 (助手)
J065,03/11/2024,游水,沙田,,沙田,,,,,,,,游水,,
J065,03/11/2024,踱步,沙田,內圈,沙田 內圈,,,,,,助手,,快踱一圈,,內圈 快踱一圈 (助手)
J065,02/11/2024,游水,沙田,,沙田,,,,,,,,游水,,
J065,02/11/2024,踱步,沙田,飛機場,沙田 飛機場,,,,,,助手,,踱步,,飛機場 踱步 (助手)
J065,01/11/2024,游水,沙田,,沙田,,,,,,,,游水,,
J065,30/10/2024,出賽,跑馬地,草地,跑馬地 草地,1650M,,,,,何澤堯,7/12,出賽,TT,1650M (何澤堯) (7/12)
J065,30/10/2024,踱步,沙田,飛機場,沙田 飛機場,,,,,,助手,,踱步,,飛機場 踱步 (助手)
J065,29/10/2024,游水,沙田,,沙田,,,,,,,,游水,,
J065,29/10/2024,踱步,沙田,飛機場,沙田 飛機場,,,,,,助手,,踱步,,飛機場 踱步 (助手)
J065,28/10/2024,游水,沙田,,沙田,,,,,,,,游水,,
J065,28/10/2024,快操,沙田,全天候,沙田 全天候,,25.1,25.1,25.1,,助手,,快操,,25.1 (25.1) (助手)
J065,28/10/2024,踱步,沙田,飛機場,沙田 飛機場,,,,,,助手,,踱步,,飛機場 踱步 (助手)
J065,27/10/2024,踱步,沙田,內圈,沙田 內圈,,,,,,助手,,快踱一圈,,內圈 快踱一圈 (助手)
J065,26/10/2024,游水,沙田,,沙田,,,,,,,,游水,,
J065,26/10/2024,踱步,沙田,內圈,沙田 內圈,,,,,,助手,,快踱一圈,,內圈 快踱一圈 (助手)
J065,25/10/2024,游水,沙田,,沙田,,,,,,,,游水,,
J065,25/10/2024,踱步,沙田,飛機場,沙田 飛機場,,,,,,助手,,踱步,,飛機場 踱步 (助手)
J065,24/10/2024,游水,沙田,,沙田,,,,,,,,游水,,
J065,24/10/2024,快操,沙田,全天候,沙田 全天候,,54.6,54.6,30.8 23.8,,助手,,勇創派對,,30.8 23.8 (54.6) (助手) 勇創派對
J065,24/10/2024,踱步,沙田,飛機場,沙田 飛機場,,,,,,助手,,踱步,,飛機場 踱步 (助手)
J065,23/10/2024,游水,沙田,,沙田,,,,,,,,游水,,
J065,23/10/2024,踱步,沙田,內圈,沙田 內圈,,,,,,助手,,快踱一圈,,內圈 快踱一圈 (助手)
J065,22/10/2024,游水,沙田,,沙田,,,,,,,,游水,,
J065,22/10/2024,踱步,沙田,飛機場,沙田 飛機場,,,,,,助手,,踱步,,飛機場 踱步 (助手)
J065,21/10/2024,游水,沙田,,沙田,,,,,,,,游水,,
J065,21/10/2024,快操,沙田,全天候,沙田 全天候,,55.0,55.0,29.8 25.2,,助手,,快操,,29.8 25.2 (55.0) (助手)
J065,21/10/2024,踱步,沙田,飛機場,沙田 飛機場,,,,,,助手,,踱步,,飛機場 踱步 (助手)
J065,20/10/2024,游水,沙田,,沙田,,,,,,,,游水,,
J065,20/10/2024,踱步,沙田,內圈,沙田 內圈,,,,,,助手,,快踱一圈,,內圈 快踱一圈 (助手)
J065,19/10/2024,游水,沙田,,沙田,,,,,,,,游水,,
J065,19/10/2024,踱步,沙田,內圈,沙田 內圈,,,,,,助手,,快踱一圈,,內圈 快踱一圈 (助手)
J065,18/10/2024,游水,沙田,,沙田,,,,,,,,游水,,
J065,18/10/2024,踱步,沙田,內圈,沙田 內圈,,,,,,助手,,快踱一圈,,內圈 快踱一圈 (助手)
J065,17/10/2024,游水,沙田,,沙田,,,,,,,,游水,,
J065,17/10/2024,踱步,沙田,內圈,沙田 內圈,,,,,,助手,,倒快一圈,,內圈 倒快一圈 (助手)
J065,16/10/2024,游水,沙田,,沙田,,,,,,,,游水,,
J065,16/10/2024,踱步,沙田,飛機場,沙田 飛機場,,,,,,助手,,踱步,,飛機場 踱步 (助手)
J065,15/10/2024,游水,沙田,,沙田,,,,,,,,游水,,
J065,13/10/2024,出賽,沙田,草地,沙田 草地,1400M,,,,,董明朗,6/14,出賽,TT,1400M (董明朗) (6/14)
J065,13/10/2024,踱步,沙田,飛機場,沙田 飛機場,,,,,,助手,,踱步,,飛機場 踱步 (助手)
J065,12/10/2024,游水,沙田,,沙田,,,,,,,,游水,,
J065,12/10/2024,踱步,沙田,外圈,沙田 外圈,,,,,,董明朗,,快踱一圈,,外圈 快踱一圈 (董明朗)
J065,11/10/2024,游水,沙田,,沙田,,,,,,,,游水,,
J065,11/10/2024,踱步,沙田,飛機場,沙田 飛機場,,,,,,助手,,踱步,,飛機場 踱步 (助手)
J065,10/10/2024,游水,沙田,,沙田,,,,,,,,游水,,
J065,10/10/2024,快操,沙田,草閘,沙田 草閘,,47.8,47.8,24.6 23.2,,董明朗,,"鋁神, K108",,"24.6 23.2 (47.8) (董明朗) 鋁神, K108"
J065,10/10/2024,踱步,沙田,飛機場,沙田 飛機場,,,,,,助手,,踱步,,飛機場 踱步 (助手)
J065,09/10/2024,游水,沙田,,沙田,,,,,,,,游水,,
J065,09/10/2024,踱步,沙田,內圈,沙田 內圈,,,,,,助手,,快踱一圈,,內圈 快踱一圈 (助手)
J065,08/10/2024,游水,沙田,,沙田,,,,,,,,游水,,
J065,08/10/2024,踱步,沙田,飛機場,沙田 飛機場,,,,,,助手,,踱步,,飛機場 踱步 (助手)
J065,07/10/2024,游水,沙田,,沙田,,,,,,,,游水,,
J065,07/10/2024,快操,沙田,全天候,沙田 全天候,,57.2,57.2,31.7 25.5,,副練馬師,,鋁神,,31.7 25.5 (57.2) (副練馬師) 鋁神
J065,07/10/2024,踱步,沙田,飛機場,沙田 飛機場,,,,,,副練馬師,,踱步,,飛機場 踱步 (副練馬師)
J065,06/10/2024,游水,沙田,,沙田,,,,,,,,游水,,
J065,06/10/2024,踱步,沙田,內圈,沙田 內圈,,,,,,助手,,快踱一圈,,內圈 快踱一圈 (助手)
J065,05/10/2024,游水,沙田,,沙田,,,,,,,,游水,,
J065,05/10/2024,踱步,沙田,內圈,沙田 內圈,,,,,,助手,,快踱一圈,,內圈 快踱一圈 (助手)
J065,04/10/2024,游水,沙田,,沙田,,,,,,,,游水,,
J065,04/10/2024,踱步,沙田,飛機場,沙田 飛機場,,,,,,助手,,踱步,,飛機場 踱步 (助手)
J065,03/10/2024,游水,沙田,,沙田,,,,,,,,游水,,
J065,01/10/2024,出賽,沙田,草地,沙田 草地,1200M,,,,,何澤堯,5/10,出賽,B-/TT,1200M (何澤堯) (5/10)
J065,01/10/2024,踱步,沙田,飛機場,沙田 飛機場,,,,,,助手,,踱步,,飛機場 踱步 (助手)
J065,30/09/2024,游水,沙田,,沙田,,,,,,,,游水,,
J065,30/09/2024,踱步,沙田,飛機場,沙田 飛機場,,,,,,助手,,踱步,,飛機場 踱步 (助手)
J065,29/09/2024,游水,沙田,,沙田,,,,,,,,游水,,
J065,29/09/2024,快操,沙田,全天候,沙田 全天候,,23.5,23.5,23.5,,助手,,快操,,23.5 (23.5) (助手)
J065,29/09/2024,踱步,沙田,飛機場,沙田 飛機場,,,,,,助手,,踱步,,飛機場 踱步 (助手)
J065,28/09/2024,游水,沙田,,沙田,,,,,,,,游水,,
J065,28/09/2024,踱步,沙田,內圈,沙田 內圈,,,,,,助手,,快踱一圈,,內圈 快踱一圈 (助手)
J065,27/09/2024,游水,沙田,,沙田,,,,,,,,游水,,
J065,27/09/2024,踱步,沙田,飛機場,沙田 飛機場,,,,,,助手,,踱步,,飛機場 踱步 (助手)
J065,26/09/2024,游水,沙田,,沙田,,,,,,,,游水,,
J065,26/09/2024,踱步,沙田,(草地教閘),沙田 (草地教閘),,,,,,草地教閘,,慢操,,(草地教閘) 慢操 (助手)
J065,25/09/2024,游水,沙田,,沙田,,,,,,,,游水,,
J065,25/09/2024,踱步,沙田,內圈,沙田 內圈,,,,,,助手,,快踱一圈,,內圈 快踱一圈 (助手)
J065,24/09/2024,游水,沙田,,沙田,,,,,,,,游水,,
J065,23/09/2024,試閘,沙田,全天候,沙田 全天候,1200M,1.10.45,70.45,24.6 22.2 23.6,競馬一心,何澤堯,,第2組,,第2組 (何澤堯) 1200M 競馬一心 24.6 22.2 23.6 (1.10.45)
J065,22/09/2024,游水,沙田,,沙田,,,,,,,,游水,,
J065,22/09/2024,踱步,沙田,內圈,沙田 內圈,,,,,,助手,,快踱一圈,,內圈 快踱一圈 (助手)
J065,21/09/2024,游水,沙田,,沙田,,,,,,,,游水,,
J065,21/09/2024,踱步,沙田,內圈,沙田 內圈,,,,,,助手,,快踱一圈,,內圈 快踱一圈 (助手)
J065,20/09/2024,游水,沙田,,沙田,,,,,,,,游水,,
J065,20/09/2024,踱步,沙田,飛機場,沙田 飛機場,,,,,,助手,,踱步,,飛機場 踱步 (助手)
J065,19/09/2024,游水,沙田,,沙田,,,,,,,,游水,,
J065,19/09/2024,快操,沙田,全天候,沙田 全天候,,55.1,55.1,30.5 24.6,,副練馬師,,風起雲湧,,30.5 24.6 (55.1) (副練馬師) 風起雲湧
J065,19/09/2024,踱步,沙田,飛機場,沙田 飛機場,,,,,,副練馬師,,踱步,H,飛機場 踱步 (副練馬師)
J065,18/09/2024,游水,沙田,,沙田,,,,,,,,游水,,
J065,18/09/2024,踱步,沙田,內圈,沙田 內圈,,,,,,助手,,快踱一圈,,內圈 快踱一圈 (助手)
J065,17/09/2024,游水,沙田,,沙田,,,,,,,,游水,,
J065,16/09/2024,游水,沙田,,沙田,,,,,,,,游水,,
J065,16/09/2024,快操,沙田,全天候,沙田 全天候,,1.28.4,88.4,31.1 29.5 27.8,,何澤堯,,快操,,31.1 29.5 27.8 (1.28.4) (何澤堯) (伴跳馬)
J065,16/09/2024,踱步,沙田,飛機場,沙田 飛機場,,,,,,助手,,踱步,,飛機場 踱步 (助手)
J065,15/09/2024,游水,沙田,,沙田,,,,,,,,游水,,
J065,15/09/2024,踱步,沙田,內圈,沙田 內圈,,,,,,助手,,快踱一圈,,內圈 快踱一圈 (助手)
J065,14/09/2024,游水,沙田,,沙田,,,,,,,,游水,,
J065,14/09/2024,踱步,沙田,飛機場,沙田 飛機場,,,,,,助手,,踱步,,飛機場 踱步 (助手)
J065,13/09/2024,游水,沙田,,沙田,,,,,,,,游水,,
J065,13/09/2024,快操,沙田,全天候,沙田 全天候,,53.1,53.1,28.8 24.3,,助手,,快操,,28.8 24.3 (53.1) (助手)
J065,13/09/2024,踱步,沙田,飛機場,沙田 飛機場,,,,,,助手,,踱步,,飛機場 踱步 (助手)
J065,12/09/2024,游水,沙田,,沙田,,,,,,,,游水,,
J065,12/09/2024,踱步,沙田,內圈,沙田 內圈,,,,,,助手,,倒快兩圈,,內圈 倒快兩圈 (助手)
J065,11/09/2024,游水,沙田,,沙田,,,,,,,,游水,,
J065,11/09/2024,踱步,沙田,內圈,沙田 內圈,,,,,,助手,,快踱一圈,,內圈 快踱一圈 (助手)
J065,10/09/2024,游水,沙田,,沙田,,,,,,,,游水,,
J065,10/09/2024,快操,沙田,全天候,沙田 全天候,,56.7,56.7,31.1 25.6,,助手,,快操,,31.1 25.6 (56.7) (助手)
J065,10/09/2024,踱步,沙田,飛機場,沙田 飛機場,,,,,,助手,,踱步,,飛機場 踱步 (助手)
J065,09/09/2024,游水,沙田,,沙田,,,,,,,,游水,,
J065,09/09/2024,踱步,沙田,內圈,沙田 內圈,,,,,,助手,,倒快兩圈,,內圈 倒快兩圈 (助手)
J065,08/09/2024,游水,沙田,,沙田,,,,,,,,游水,,
J065,08/09/2024,踱步,沙田,內圈,沙田 內圈,,,,,,助手,,快踱一圈,,內圈 快踱一圈 (助手)
J065,07/09/2024,游水,沙田,,沙田,,,,,,,,游水,,
J065,07/09/2024,快操,沙田,全天候,沙田 全天候,,57.8,57.8,30.0 27.8,,助手,,快操,,30.0 27.8 (57.8) (助手)
J065,06/09/2024,游水,沙田,,沙田,,,,,,,,游水,,
J065,05/09/2024,游水,沙田,,沙田,,,,,,,,游水,,
J065,05/09/2024,踱步,沙田,內圈,沙田 內圈,,,,,,助手,,倒快兩圈,,內圈 倒快兩圈 (助手)
J065,04/09/2024,游水,沙田,,沙田,,,,,,,,游水,,
J065,04/09/2024,踱步,沙田,內圈,沙田 內圈,,,,,,助手,,快踱一圈,H,內圈 快踱一圈 (助手)
J065,03/09/2024,游水,沙田,,沙田,,,,,,,,游水,,
J065,03/09/2024,快操,沙田,全天候,沙田 全天候,,59.3,59.3,32.8 26.5,,助手,,快操,,32.8 26.5 (59.3) (助手)
J065,03/09/2024,踱步,沙田,飛機場,沙田 飛機場,,,,,,助手,,踱步,,飛機場 踱步 (助手)
J065,02/09/2024,游水,沙田,,沙田,,,,,,,,游水,,
J065,02/09/2024,踱步,沙田,內圈,沙田 內圈,,,,,,助手,,倒快兩圈,,內圈 倒快兩圈 (助手)
J065,01/09/2024,游水,沙田,,沙田,,,,,,,,游水,,
J065,01/09/2024,踱步,沙田,內圈,沙田 內圈,,,,,,助手,,快踱一圈,,內圈 快踱一圈 (助手)
J065,31/08/2024,游水,沙田,,沙田,,,,,,,,游水,,
J065,31/08/2024,踱步,沙田,內圈,沙田 內圈,,,,,,助手,,快踱一圈,,內圈 快踱一圈 (助手)
J065,30/08/2024,游水,沙田,,沙田,,,,,,,,游水,,
J065,30/08/2024,快操,沙田,全天候,沙田 全天候,,28.4,28.4,28.4,,助手,,快操,,28.4 (28.4) (助手)
J065,30/08/2024,踱步,沙田,飛機場,沙田 飛機場,,,,,,助手,,踱步,,飛機場 踱步 (助手)
J065,29/08/2024,游水,沙田,,沙田,,,,,,,,游水,,
J065,29/08/2024,踱步,沙田,內圈,沙田 內圈,,,,,,助手,,倒快兩圈,,內圈 倒快兩圈 (助手)
J065,28/08/2024,游水,沙田,,沙田,,,,,,,,游水,,
J065,28/08/2024,踱步,沙田,內圈,沙田 內圈,,,,,,助手,,快踱一圈,,內圈 快踱一圈 (助手)
J065,27/08/2024,踱步,沙田,內圈,沙田 內圈,,,,,,助手,,快踱一圈,,內圈 快踱一圈 (助手)
J065,26/08/2024,踱步,沙田,內圈,沙田 內圈,,,,,,助手,,倒快兩圈,,內圈 倒快兩圈 (助手)
J065,25/08/2024,踱步,沙田,內圈,沙田 內圈,,,,,,助手,,快踱一圈,,內圈 快踱一圈 (助手)
J065,24/08/2024,踱步,沙田,內圈,沙田 內圈,,,,,,助手,,快踱一圈,,內圈 快踱一圈 (助手)
J065,23/08/2024,踱步,沙田,內圈,沙田 內圈,,,,,,助手,,快踱一圈,,內圈 快踱一圈 (助手)
J065,22/08/2024,游水,沙田,,沙田,,,,,,,,游水,,
J065,22/08/2024,踱步,沙田,內圈,沙田 內圈,,,,,,助手,,倒快一圈,,內圈 倒快一圈 (助手)
J065,21/08/2024,踱步,沙田,內圈,沙田 內圈,,,,,,助手,,快踱一圈,,內圈 快踱一圈 (助手)
J065,20/08/2024,游水,沙田,,沙田,,,,,,,,游水,,
J065,20/08/2024,踱步,沙田,內圈,沙田 內圈,,,,,,助手,,快踱一圈,,內圈 快踱一圈 (助手)
J065,19/08/2024,游水,沙田,,沙田,,,,,,,,游水,,
J065,19/08/2024,踱步,沙田,內圈,沙田 內圈,,,,,,助手,,倒快一圈,,內圈 倒快一圈 (助手)
J065,18/08/2024,踱步,沙田,內圈,沙田 內圈,,,,,,助手,,快踱一圈,,內圈 快踱一圈 (助手)
J065,17/08/2024,踱步,沙田,飛機場,沙田 飛機場,,,,,,助手,,踱步,,飛機場 踱步 (助手)
J065,16/08/2024,踱步,沙田,飛機場,沙田 飛機場,,,,,,助手,,踱步,,飛機場 踱步 (助手)
J065,15/08/2024,踱步,沙田,飛機場,沙田 飛機場,,,,,,助手,,踱步,,飛機場 踱步 (助手)
J065,01/07/2024,出賽,沙田,草地,沙田 草地,1400M,,,,,董明朗,14/14,出賽,B/TT,1400M (董明朗) (14/14)
J065,30/06/2024,游水,沙田,,沙田,,,,,,,,游水,,
J065,30/06/2024,踱步,沙田,內圈,沙田 內圈,,,,,,助手,,快踱一圈,H,內圈 快踱一圈 (助手)
J065,29/06/2024,游水,沙田,,沙田,,,,,,,,游水,,
J065,29/06/2024,踱步,沙田,內圈,沙田 內圈,,,,,,助手,,快踱一圈,H,內圈 快踱一圈 (助手)
J065,28/06/2024,游水,沙田,,沙田,,,,,,,,游水,,
J065,28/06/2024,快操,沙田,全天候,沙田 全天候,,56.8,56.8,31.6 25.2,,助手,,快操,H,31.6 25.2 (56.8) (助手)
J065,27/06/2024,游水,沙田,,沙田,,,,,,,,游水,,
J065,27/06/2024,踱步,沙田,內圈,沙田 內圈,,,,,,助手,,倒快一圈,H,內圈 倒快一圈 (助手)
J065,26/06/2024,游水,沙田,,沙田,,,,,,,,游水,,
J065,26/06/2024,踱步,沙田,內圈,沙田 內圈,,,,,,助手,,快踱一圈,H,內圈 快踱一圈 (助手)
J065,25/06/2024,游水,沙田,,沙田,,,,,,,,游水,,
J065,25/06/2024,踱步,沙田,內圈,沙田 內圈,,,,,,助手,,快踱一圈,H,內圈 快踱一圈 (助手)
J065,24/06/2024,游水,沙田,,沙田,,,,,,,,游水,,
J065,24/06/2024,快操,沙田,全天候,沙田 全天候,,56.5,56.5,30.2 26.3,,助手,,快操,H,30.2 26.3 (56.5) (助手)
J065,23/06/2024,游水,沙田,,沙田,,,,,,,,游水,,
J065,23/06/2024,踱步,沙田,內圈,沙田 內圈,,,,,,助手,,快踱一圈,H,內圈 快踱一圈 (助手)
J065,22/06/2024,游水,沙田,,沙田,,,,,,,,游水,,
J065,22/06/2024,踱步,沙田,內圈,沙田 內圈,,,,,,助手,,快踱一圈,H,內圈 快踱一圈 (助手)
J065,21/06/2024,游水,沙田,,沙田,,,,,,,,游水,,
J065,21/06/2024,踱步,沙田,內圈,沙田 內圈,,,,,,助手,,快踱一圈,H,內圈 快踱一圈 (助手)
J065,20/06/2024,游水,沙田,,沙田,,,,,,,,游水,,
J065,20/06/2024,快操,沙田,全天候,沙田 全天候,,57.6,57.6,32.0 25.6,,助手,,快操,H,32.0 25.6 (57.6) (助手)
J065,19/06/2024,游水,沙田,,沙田,,,,,,,,游水,,
J065,19/06/2024,踱步,沙田,內圈,沙田 內圈,,,,,,助手,,快踱一圈,H,內圈 快踱一圈 (助手)
J065,18/06/2024,游水,沙田,,沙田,,,,,,,,游水,,
J065,18/06/2024,踱步,沙田,內圈,沙田 內圈,,,,,,助手,,快踱一圈,H,內圈 快踱一圈 (助手)
J065,17/06/2024,游水,沙田,,沙田,,,,,,,,游水,,
J065,17/06/2024,快操,沙田,全天候,沙田 全天候,,56.3,56.3,29.8 26.5,,助手,,快操,H,29.8 26.5 (56.3) (助手)
J065,16/06/2024,游水,沙田,,沙田,,,,,,,,游水,,
J065,16/06/2024,踱步,沙田,內圈,沙田 內圈,,,,,,助手,,快踱一圈,H,內圈 快踱一圈 (助手)
J065,15/06/2024,游水,沙田,,沙田,,,,,,,,游水,,
J065,15/06/2024,踱步,沙田,內圈,沙田 內圈,,,,,,助手,,快踱一圈,H,內圈 快踱一圈 (助手)
J065,14/06/2024,游水,沙田,,沙田,,,,,,,,游水,,
J065,14/06/2024,踱步,沙田,內圈,沙田 內圈,,,,,,助手,,快踱一圈,H,內圈 快踱一圈 (助手)
J065,13/06/2024,游水,沙田,,沙田,,,,,,,,游水,,
J065,13/06/2024,踱步,沙田,內圈,沙田 內圈,,,,,,助手,,倒快一圈,H,內圈 倒快一圈 (助手)
J065,12/06/2024,游水,沙田,,沙田,,,,,,,,游水,,
J065,12/06/2024,踱步,沙田,奧運踱步圈,沙田 奧運踱步圈,,,,,,助手,,踱步,,奧運踱步圈 踱步 (助手)
J065,11/06/2024,游水,沙田,,沙田,,,,,,,,游水,,
J065,10/06/2024,游水,沙田,,沙田,,,,,,,,游水,,
J065,08/06/2024,出賽,沙田,草地,沙田 草地,1200M,,,,,湯普新,12/12,出賽,B/TT,1200M (湯普新) (12/12)
J065,08/06/2024,游水,沙田,,沙田,,,,,,,,游水,,
J065,07/06/2024,游水,沙田,,沙田,,,,,,,,游水,,
J065,07/06/2024,踱步,沙田,內圈,沙田 內圈,,,,,,助手,,快踱一圈,H,內圈 快踱一圈 (助手)
J065,06/06/2024,游水,沙田,,沙田,,,,,,,,游水,,
J065,06/06/2024,快操,沙田,全天候,沙田 全天候,,58.5,58.5,31.8 26.7,,助手,,快操,H,31.8 26.7 (58.5) (助手)
J065,05/06/2024,游水,沙田,,沙田,,,,,,,,游水,,
J065,05/06/2024,踱步,沙田,內圈,沙田 內圈,,,,,,助手,,快踱一圈,H,內圈 快踱一圈 (助手)
J065,04/06/2024,游水,沙田,,沙田,,,,,,,,游水,,
J065,04/06/2024,踱步,沙田,內圈,沙田 內圈,,,,,,助手,,快踱一圈,H,內圈 快踱一圈 (助手)
J065,03/06/2024,游水,沙田,,沙田,,,,,,,,游水,,
J065,03/06/2024,快操,沙田,全天候,沙田 全天候,,54.9,54.9,30.6 24.3,,助手,,富存曲奇,,30.6 24.3 (54.9) (助手) 富存曲奇
J065,02/06/2024,游水,沙田,,沙田,,,,,,,,游水,,
J065,01/06/2024,游水,沙田,,沙田,,,,,,,,游水,,
J065,01/06/2024,踱步,沙田,內圈,沙田 內圈,,,,,,助手,,快踱一圈,H,內圈 快踱一圈 (助手)
J065,31/05/2024,游水,沙田,,沙田,,,,,,,,游水,,
J065,31/05/2024,踱步,沙田,內圈,沙田 內圈,,,,,,助手,,快踱一圈,H,內圈 快踱一圈 (助手)
J065,30/05/2024,游水,沙田,,沙田,,,,,,,,游水,,
J065,30/05/2024,快操,沙田,全天候,沙田 全天候,,57.2,57.2,31.3 25.9,,助手,,快操,H,31.3 25.9 (57.2) (助手)
J065,29/05/2024,游水,沙田,,沙田,,,,,,,,游水,,
J065,29/05/2024,踱步,沙田,內圈,沙田 內圈,,,,,,助手,,快踱一圈,H,內圈 快踱一圈 (助手)
J065,28/05/2024,游水,沙田,,沙田,,,,,,,,游水,,
J065,28/05/2024,踱步,沙田,內圈,沙田 內圈,,,,,,助手,,快踱一圈,H,內圈 快踱一圈 (助手)
J065,27/05/2024,游水,沙田,,沙田,,,,,,,,游水,,
J065,27/05/2024,快操,沙田,全天候,沙田 全天候,,55.1,55.1,30.0 25.1,,助手,,快操,H,30.0 25.1 (55.1) (助手)
J065,26/05/2024,游水,沙田,,沙田,,,,,,,,游水,,
J065,26/05/2024,踱步,沙田,內圈,沙田 內圈,,,,,,助手,,快踱一圈,H,內圈 快踱一圈 (助手)
J065,25/05/2024,游水,沙田,,沙田,,,,,,,,游水,,
J065,25/05/2024,踱步,沙田,內圈,沙田 內圈,,,,,,助手,,快踱一圈,H,內圈 快踱一圈 (助手)
J065,24/05/2024,游水,沙田,,沙田,,,,,,,,游水,,
J065,24/05/2024,踱步,沙田,內圈,沙田 內圈,,,,,,助手,,快踱一圈,H,內圈 快踱一圈 (助手)
J065,23/05/2024,游水,沙田,,沙田,,,,,,,,游水,,
J065,23/05/2024,快操,沙田,全天候,沙田 全天候,,57.1,57.1,31.0 26.1,,助手,,快操,H,31.0 26.1 (57.1) (助手)
J065,22/05/2024,游水,沙田,,沙田,,,,,,,,游水,,
J065,22/05/2024,踱步,沙田,內圈,沙田 內圈,,,,,,助手,,快踱一圈,H,內圈 快踱一圈 (助手)
J065,21/05/2024,游水,沙田,,沙田,,,,,,,,游水,,
J065,21/05/2024,踱步,沙田,內圈,沙田 內圈,,,,,,助手,,快踱一圈,H,內圈 快踱一圈 (助手)
J065,20/05/2024,游水,沙田,,沙田,,,,,,,,游水,,
J065,20/05/2024,踱步,沙田,內圈,沙田 內圈,,,,,,助手,,倒快一圈,H,內圈 倒快一圈 (助手)
J065,19/05/2024,游水,沙田,,沙田,,,,,,,,游水,,
J065,19/05/2024,踱步,沙田,奧運踱步圈,沙田 奧運踱步圈,,,,,,助手,,踱步,,奧運踱步圈 踱步 (助手)
J065,18/05/2024,游水,沙田,,沙田,,,,,,,,游水,,
J065,17/05/2024,游水,沙田,,沙田,,,,,,,,游水,,
J065,15/05/2024,出賽,跑馬地,草地,跑馬地 草地,1200M,,,,,湯普新,10/11,出賽,CP-/B1/TT,1200M (湯普新) (10/11)
J065,15/05/2024,踱步,沙田,奧運踱步圈,沙田 奧運踱步圈,,,,,,助手,,踱步,,奧運踱步圈 踱步 (助手)
J065,14/05/2024,游水,沙田,,沙田,,,,,,,,游水,,
J065,14/05/2024,踱步,沙田,內圈,沙田 內圈,,,,,,助手,,快踱一圈,H,內圈 快踱一圈 (助手)
J065,13/05/2024,游水,沙田,,沙田,,,,,,,,游水,,
J065,13/05/2024,快操,沙田,全天候,沙田 全天候,,55.2,55.2,29.3 25.9,,助手,,快操,H,29.3 25.9 (55.2) (助手)
J065,12/05/2024,游水,沙田,,沙田,,,,,,,,游水,,
J065,11/05/2024,踱步,從化,飛機場,從化 飛機場,,,,,,助手,,踱步,H,飛機場 踱步 (助手)
J065,10/05/2024,游水,從化,,從化,,,,,,,,游水,,
J065,10/05/2024,踱步,從化,內圈,從化 內圈,,,,,,助手,,快踱一圈,H,內圈 快踱一圈 (助手)
J065,09/05/2024,游水,從化,,從化,,,,,,,,游水,,
J065,09/05/2024,快操,從化,全天候,從化 全天候,,56.4,56.4,29.8 26.6,,助手,,快操,H,29.8 26.6 (56.4) (助手)
J065,09/05/2024,踱步,從化,飛機場,從化 飛機場,,,,,,助手,,踱步,H,飛機場 踱步 (助手)
J065,08/05/2024,游水,從化,,從化,,,,,,,,游水,,
J065,07/05/2024,游水,從化,,從化,,,,,,,,游水,,
J065,07/05/2024,踱步,從化,內圈,從化 內圈,,,,,,助手,,快踱一圈,H,內圈 快踱一圈 (助手)
J065,06/05/2024,游水,從化,,從化,,,,,,,,游水,,
J065,06/05/2024,快操,從化,全天候,從化 全天候,,56.6,56.6,30.3 26.3,,助手,,快操,H,30.3 26.3 (56.6) (助手)
J065,06/05/2024,踱步,從化,飛機場,從化 飛機場,,,,,,助手,,踱步,H,飛機場 踱步 (助手)
J065,05/05/2024,游水,從化,,從化,,,,,,,,游水,,
J065,05/05/2024,踱步,從化,內圈,從化 內圈,,,,,,助手,,快踱一圈,H,內圈 快踱一圈 (助手)
J065,04/05/2024,游水,從化,,從化,,,,,,,,游水,,
J065,04/05/2024,踱步,從化,內圈,從化 內圈,,,,,,助手,,快踱一圈,H,內圈 快踱一圈 (助手)
J065,03/05/2024,游水,從化,,從化,,,,,,,,游水,,
J065,03/05/2024,踱步,從化,內圈,從化 內圈,,,,,,助手,,快踱一圈,H,內圈 快踱一圈 (助手)
J065,02/05/2024,游水,從化,,從化,,,,,,,,游水,,
J065,02/05/2024,快操,從化,全天候,從化 全天候,,56.6,56.6,30.8 25.8,,助手,,快操,H,30.8 25.8 (56.6) (助手)
J065,02/05/2024,踱步,從化,飛機場,從化 飛機場,,,,,,助手,,踱步,H,飛機場 踱步 (助手)
J065,01/05/2024,游水,從化,,從化,,,,,,,,游水,,
J065,01/05/2024,踱步,從化,內圈,從化 內圈,,,,,,助手,,快踱一圈,H,內圈 快踱一圈 (助手)
J065,30/04/2024,游水,從化,,從化,,,,,,,,游水,,
J065,30/04/2024,踱步,從化,內圈,從化 內圈,,,,,,助手,,快踱一圈,H,內圈 快踱一圈 (助手)
J065,29/04/2024,游水,從化,,從化,,,,,,,,游水,,
J065,29/04/2024,快操,從化,全天候,從化 全天候,,58.1,58.1,31.0 27.1,,助手,,快操,H,31.0 27.1 (58.1) (助手)
J065,29/04/2024,踱步,從化,飛機場,從化 飛機場,,,,,,助手,,踱步,H,飛機場 踱步 (助手)
J065,28/04/2024,游水,從化,,從化,,,,,,,,游水,,
J065,28/04/2024,踱步,從化,內圈,從化 內圈,,,,,,副練馬師,,快踱一圈,H,內圈 快踱一圈 (副練馬師)
J065,27/04/2024,游水,從化,,從化,,,,,,,,游水,,
J065,27/04/2024,踱步,從化,內圈,從化 內圈,,,,,,副練馬師,,快踱一圈,H,內圈 快踱一圈 (副練馬師)
J065,26/04/2024,游水,從化,,從化,,,,,,,,游水,,
J065,26/04/2024,踱步,從化,內圈,從化 內圈,,,,,,助手,,快踱一圈,H,內圈 快踱一圈 (助手)
J065,25/04/2024,游水,從化,,從化,,,,,,,,游水,,
J065,25/04/2024,踱步,從化,飛機場,從化 飛機場,,,,,,助手,,踱步,H,飛機場 踱步 (助手)
J065,24/04/2024,游水,從化,,從化,,,,,,,,游水,,
J065,23/04/2024,試閘,從化,草地,從化 草地,1200M,1.14.12,74.12,25.3 23.6 25.2,電路豪傑,湯普新,,第8組,B,第8組 (湯普新) 1200M 電路豪傑 25.3 23.6 25.2 (1.14.12)
J065,23/04/2024,踱步,從化,飛機場,從化 飛機場,,,,,,助手,,踱步,B,飛機場 踱步 (助手)
J065,22/04/2024,游水,從化,,從化,,,,,,,,游水,,
J065,22/04/2024,踱步,從化,內圈,從化 內圈,,,,,,助手,,倒快一圈,B/H,內圈 倒快一圈 (助手)
J065,21/04/2024,游水,從化,,從化,,,,,,,,游水,,
J065,21/04/2024,踱步,從化,內圈,從化 內圈,,,,,,助手,,快踱一圈,B/H,內圈 快踱一圈 (助手)
J065,20/04/2024,游水,從化,,從化,,,,,,,,游水,,
J065,20/04/2024,踱步,從化,內圈,從化 內圈,,,,,,助手,,快踱一圈,B/H,內圈 快踱一圈 (助手)
J065,19/04/2024,游水,從化,,從化,,,,,,,,游水,,
J065,19/04/2024,踱步,從化,內圈,從化 內圈,,,,,,助手,,快踱一圈,B/H,內圈 快踱一圈 (助手)
J065,18/04/2024,游水,從化,,從化,,,,,,,,游水,,
J065,18/04/2024,快操,從化,全天候,從化 全天候,,57.9,57.9,31.2 26.7,,助手,,快操,B/H,31.2 26.7 (57.9) (助手)
J065,18/04/2024,踱步,從化,飛機場,從化 飛機場,,,,,,助手,,踱步,B/H,飛機場 踱步 (助手)
J065,17/04/2024,游水,從化,,從化,,,,,,,,游水,,
J065,16/04/2024,游水,從化,,從化,,,,,,,,游水,,
J065,16/04/2024,踱步,從化,內圈,從化 內圈,,,,,,助手,,快踱一圈,B/H,內圈 快踱一圈 (助手)
J065,15/04/2024,游水,從化,,從化,,,,,,,,游水,,
J065,15/04/2024,快操,從化,全天候,從化 全天候,,59.0,59.0,31.9 27.1,,副練馬師,,快操,H/PC,31.9 27.1 (59.0) (副練馬師)
J065,15/04/2024,踱步,從化,飛機場,從化 飛機場,,,,,,副練馬師,,踱步,H/PC,飛機場 踱步 (副練馬師)
J065,14/04/2024,游水,從化,,從化,,,,,,,,游水,,
J065,14/04/2024,踱步,從化,內圈,從化 內圈,,,,,,助手,,快踱一圈,H,內圈 快踱一圈 (助手)
J065,13/04/2024,游水,從化,,從化,,,,,,,,游水,,
J065,13/04/2024,踱步,從化,內圈,從化 內圈,,,,,,副練馬師,,快踱一圈,B/H,內圈 快踱一圈 (副練馬師)
J065,12/04/2024,游水,從化,,從化,,,,,,,,游水,,
J065,12/04/2024,踱步,從化,內圈,從化 內圈,,,,,,助手,,快踱一圈,B/H,內圈 快踱一圈 (助手)
J065,11/04/2024,游水,從化,,從化,,,,,,,,游水,,
J065,11/04/2024,快操,從化,全天候,從化 全天候,,57.6,57.6,30.1 27.5,,助手,,快操,H/P,30.1 27.5 (57.6) (助手)
J065,11/04/2024,踱步,從化,飛機場,從化 飛機場,,,,,,助手,,踱步,H/P,飛機場 踱步 (助手)
J065,10/04/2024,游水,從化,,從化,,,,,,,,游水,,
J065,10/04/2024,踱步,從化,內圈,從化 內圈,,,,,,助手,,快踱一圈,H,內圈 快踱一圈 (助手)
J065,09/04/2024,游水,從化,,從化,,,,,,,,游水,,
J065,09/04/2024,踱步,從化,內圈,從化 內圈,,,,,,助手,,快踱一圈,H,內圈 快踱一圈 (助手)
J065,08/04/2024,游水,從化,,從化,,,,,,,,游水,,
J065,08/04/2024,踱步,從化,內圈,從化 內圈,,,,,,助手,,倒快一圈,H,內圈 倒快一圈 (助手)
J065,07/04/2024,游水,從化,,從化,,,,,,,,游水,,
J065,07/04/2024,踱步,從化,飛機場,從化 飛機場,,,,,,助手,,踱步,H,飛機場 踱步 (助手)
J065,06/04/2024,游水,從化,,從化,,,,,,,,游水,,
J065,04/04/2024,游水,沙田,,沙田,,,,,,,,游水,,
J065,03/04/2024,出賽,沙田,全天候,沙田 全天候,1200M,,,,,湯普新,11/12,出賽,CP/TT,1200M (湯普新) (11/12)
J065,03/04/2024,踱步,沙田,奧運踱步圈,沙田 奧運踱步圈,,,,,,助手,,踱步,,奧運踱步圈 踱步 (助手)
J065,02/04/2024,游水,沙田,,沙田,,,,,,,,游水,,
J065,02/04/2024,踱步,沙田,內圈,沙田 內圈,,,,,,助手,,快踱一圈,H,內圈 快踱一圈 (助手)
J065,01/04/2024,游水,沙田,,沙田,,,,,,,,游水,,
J065,01/04/2024,快操,沙田,全天候,沙田 全天候,,56.8,56.8,31.2 25.6,,助手,,快操,PH,31.2 25.6 (56.8) (助手)
J065,31/03/2024,游水,沙田,,沙田,,,,,,,,游水,,
J065,31/03/2024,踱步,沙田,內圈,沙田 內圈,,,,,,助手,,快踱一圈,H,內圈 快踱一圈 (助手)
J065,30/03/2024,游水,沙田,,沙田,,,,,,,,游水,,
J065,30/03/2024,踱步,沙田,內圈,沙田 內圈,,,,,,助手,,快踱一圈,H,內圈 快踱一圈 (助手)
J065,29/03/2024,游水,沙田,,沙田,,,,,,,,游水,,
J065,29/03/2024,踱步,沙田,奧運踱步圈,沙田 奧運踱步圈,,,,,,助手,,踱步,,奧運踱步圈 踱步 (助手)
J065,28/03/2024,游水,沙田,,沙田,,,,,,,,游水,,
J065,28/03/2024,快操,沙田,全天候,沙田 全天候,,57.6,57.6,31.8 25.8,,助手,,快操,PH,31.8 25.8 (57.6) (助手)
J065,27/03/2024,游水,沙田,,沙田,,,,,,,,游水,,
J065,27/03/2024,踱步,沙田,內圈,沙田 內圈,,,,,,助手,,快踱一圈,H,內圈 快踱一圈 (助手)
J065,26/03/2024,游水,沙田,,沙田,,,,,,,,游水,,
J065,26/03/2024,踱步,沙田,內圈,沙田 內圈,,,,,,助手,,快踱一圈,H,內圈 快踱一圈 (助手)
J065,25/03/2024,游水,沙田,,沙田,,,,,,,,游水,,
J065,25/03/2024,快操,沙田,全天候,沙田 全天候,,58.4,58.4,31.8 26.6,,助手,,快操,H,31.8 26.6 (58.4) (助手)
J065,24/03/2024,游水,沙田,,沙田,,,,,,,,游水,,
J065,24/03/2024,踱步,沙田,內圈,沙田 內圈,,,,,,助手,,快踱一圈,H,內圈 快踱一圈 (助手)
J065,23/03/2024,游水,沙田,,沙田,,,,,,,,游水,,
J065,23/03/2024,踱步,沙田,內圈,沙田 內圈,,,,,,助手,,快踱一圈,H,內圈 快踱一圈 (助手)
J065,22/03/2024,游水,沙田,,沙田,,,,,,,,游水,,
J065,22/03/2024,踱步,沙田,奧運踱步圈,沙田 奧運踱步圈,,,,,,助手,,踱步,,奧運踱步圈 踱步 (助手)
J065,21/03/2024,游水,沙田,,沙田,,,,,,,,游水,,
J065,21/03/2024,快操,沙田,全天候,沙田 全天候,,55.8,55.8,30.0 25.8,,助手,,快操,H,30.0 25.8 (55.8) (助手)
J065,20/03/2024,游水,沙田,,沙田,,,,,,,,游水,,
J065,20/03/2024,踱步,沙田,內圈,沙田 內圈,,,,,,助手,,快踱一圈,H,內圈 快踱一圈 (助手)
J065,19/03/2024,游水,沙田,,沙田,,,,,,,,游水,,
J065,19/03/2024,踱步,沙田,內圈,沙田 內圈,,,,,,助手,,快踱一圈,H,內圈 快踱一圈 (助手)
J065,18/03/2024,游水,沙田,,沙田,,,,,,,,游水,,
J065,18/03/2024,踱步,沙田,內圈,沙田 內圈,,,,,,助手,,倒快一圈,H,內圈 倒快一圈 (助手)
J065,17/03/2024,游水,沙田,,沙田,,,,,,,,游水,,
J065,17/03/2024,踱步,沙田,奧運踱步圈,沙田 奧運踱步圈,,,,,,助手,,踱步,,奧運踱步圈 踱步 (助手)
J065,16/03/2024,游水,沙田,,沙田,,,,,,,,游水,,
J065,15/03/2024,游水,沙田,,沙田,,,,,,,,游水,,
J065,13/03/2024,出賽,跑馬地,草地,跑馬地 草地,1200M,,,,,賀銘年,11/12,出賽,CP1/TT,1200M (賀銘年) (11/12)
J065,13/03/2024,踱步,沙田,奧運踱步圈,沙田 奧運踱步圈,,,,,,助手,,踱步,,奧運踱步圈 踱步 (助手)
J065,12/03/2024,游水,沙田,,沙田,,,,,,,,游水,,
J065,12/03/2024,踱步,沙田,內圈,沙田 內圈,,,,,,助手,,快踱一圈,H,內圈 快踱一圈 (助手)
J065,11/03/2024,游水,沙田,,沙田,,,,,,,,游水,,
J065,11/03/2024,快操,沙田,全天候,沙田 全天候,,56.3,56.3,31.0 25.3,,助手,,快操,H,31.0 25.3 (56.3) (助手)
J065,10/03/2024,游水,沙田,,沙田,,,,,,,,游水,,
J065,10/03/2024,踱步,沙田,內圈,沙田 內圈,,,,,,助手,,快踱一圈,H,內圈 快踱一圈 (助手)
J065,09/03/2024,游水,沙田,,沙田,,,,,,,,游水,,
J065,09/03/2024,踱步,沙田,內圈,沙田 內圈,,,,,,助手,,快踱一圈,H,內圈 快踱一圈 (助手)
J065,08/03/2024,游水,沙田,,沙田,,,,,,,,游水,,
J065,08/03/2024,踱步,沙田,內圈,沙田 內圈,,,,,,助手,,快踱一圈,H,內圈 快踱一圈 (助手)
J065,07/03/2024,踱步,從化,飛機場,從化 飛機場,,,,,,助手,,踱步,H,飛機場 踱步 (助手)
J065,06/03/2024,游水,從化,,從化,,,,,,,,游水,,
J065,06/03/2024,踱步,從化,飛機場,從化 飛機場,,,,,,助手,,踱步,H/P,飛機場 踱步 (助手)
J065,05/03/2024,游水,從化,,從化,,,,,,,,游水,,
J065,04/03/2024,試閘,從化,草地,從化 草地,1000M,0.59.62,59.62,14.1 22.0 23.5,機械騎士,查本楠,,第3組,CP,第3組 (查本楠) 1000M 機械騎士 14.1 22.0 23.5 (0.59.62)
J065,04/03/2024,踱步,從化,飛機場,從化 飛機場,,,,,,助手,,踱步,CP,飛機場 踱步 (助手)
J065,03/03/2024,游水,從化,,從化,,,,,,,,游水,,
J065,03/03/2024,踱步,從化,內圈,從化 內圈,,,,,,助手,,快踱一圈,CP/H,內圈 快踱一圈 (助手)
J065,02/03/2024,游水,從化,,從化,,,,,,,,游水,,
J065,01/03/2024,游水,從化,,從化,,,,,,,,游水,,
J065,01/03/2024,快操,從化,全天候,從化 全天候,,55.6,55.6,30.2 25.4,,助手,,快操,H,30.2 25.4 (55.6) (助手)
J065,01/03/2024,踱步,從化,飛機場,從化 飛機場,,,,,,助手,,踱步,H,飛機場 踱步 (助手)
J065,29/02/2024,游水,從化,,從化,,,,,,,,游水,,
J065,29/02/2024,踱步,從化,內圈,從化 內圈,,,,,,助手,,倒快一圈,CP/H,內圈 倒快一圈 (助手)
J065,28/02/2024,游水,從化,,從化,,,,,,,,游水,,
J065,28/02/2024,踱步,從化,內圈,從化 內圈,,,,,,助手,,快踱一圈,H,內圈 快踱一圈 (助手)
J065,27/02/2024,游水,從化,,從化,,,,,,,,游水,,
J065,27/02/2024,快操,從化,全天候,從化 全天候,,56.1,56.1,30.2 25.9,,助手,,快操,H,30.2 25.9 (56.1) (助手)
J065,27/02/2024,踱步,從化,飛機場,從化 飛機場,,,,,,助手,,踱步,H,飛機場 踱步 (助手)
J065,26/02/2024,游水,從化,,從化,,,,,,,,游水,,
J065,26/02/2024,踱步,從化,內圈,從化 內圈,,,,,,助手,,倒快一圈,CP/H,內圈 倒快一圈 (助手)
J065,25/02/2024,游水,從化,,從化,,,,,,,,游水,,
J065,25/02/2024,踱步,從化,內圈,從化 內圈,,,,,,助手,,快踱一圈,CP/H,內圈 快踱一圈 (助手)
J065,24/02/2024,游水,從化,,從化,,,,,,,,游水,,
J065,23/02/2024,游水,從化,,從化,,,,,,,,游水,,
J065,23/02/2024,快操,從化,全天候,從化 全天候,,57.4,57.4,31.6 25.8,,助手,,快操,H,31.6 25.8 (57.4) (助手)
J065,23/02/2024,踱步,從化,飛機場,從化 飛機場,,,,,,助手,,踱步,H,飛機場 踱步 (助手)
J065,22/02/2024,游水,從化,,從化,,,,,,,,游水,,
J065,22/02/2024,踱步,從化,內圈,從化 內圈,,,,,,副練馬師,,倒快一圈,H,內圈 倒快一圈 (副練馬師)
J065,21/02/2024,游水,從化,,從化,,,,,,,,游水,,
J065,21/02/2024,踱步,從化,內圈,從化 內圈,,,,,,副練馬師,,快踱一圈,CP/H,內圈 快踱一圈 (副練馬師)
J065,20/02/2024,游水,從化,,從化,,,,,,,,游水,,
J065,20/02/2024,踱步,從化,飛機場,從化 飛機場,,,,,,副練馬師,,踱步,CP/H,飛機場 踱步 (副練馬師)
J065,19/02/2024,踱步,沙田,奧運踱步圈,沙田 奧運踱步圈,,,,,,助手,,踱步,,奧運踱步圈 踱步 (助手)
J065,18/02/2024,游水,沙田,,沙田,,,,,,,,游水,,
J065,18/02/2024,踱步,沙田,內圈,沙田 內圈,,,,,,助手,,快踱一圈,H,內圈 快踱一圈 (助手)
J065,17/02/2024,游水,沙田,,沙田,,,,,,,,游水,,
J065,17/02/2024,踱步,沙田,內圈,沙田 內圈,,,,,,助手,,快踱一圈,H,內圈 快踱一圈 (助手)
J065,16/02/2024,游水,沙田,,沙田,,,,,,,,游水,,
J065,16/02/2024,踱步,沙田,奧運踱步圈,沙田 奧運踱步圈,,,,,,助手,,踱步,,奧運踱步圈 踱步 (助手)
J065,15/02/2024,游水,沙田,,沙田,,,,,,,,游水,,
J065,14/02/2024,游水,沙田,,沙田,,,,,,,,游水,,
J065,12/02/2024,出賽,沙田,草地,沙田 草地,1200M,,,,,艾兆禮,6/14,出賽,TT,1200M (艾兆禮) (6/14)
J065,12/02/2024,踱步,沙田,奧運踱步圈,沙田 奧運踱步圈,,,,,,助手,,踱步,,奧運踱步圈 踱步 (助手)
J065,11/02/2024,游水,沙田,,沙田,,,,,,,,游水,,
J065,11/02/2024,踱步,沙田,內圈,沙田 內圈,,,,,,助手,,快踱一圈,H,內圈 快踱一圈 (助手)
J065,09/02/2024,游水,沙田,,沙田,,,,,,,,游水,,
J065,09/02/2024,快操,沙田,全天候,沙田 全天候,,56.9,56.9,30.9 26.0,,助手,,快操,H,30.9 26.0 (56.9) (助手)
J065,08/02/2024,游水,沙田,,沙田,,,,,,,,游水,,
J065,08/02/2024,踱步,從化,飛機場,從化 飛機場,,,,,,助手,,踱步,H,飛機場 踱步 (助手)
J065,07/02/2024,游水,從化,,從化,,,,,,,,游水,,
J065,07/02/2024,踱步,從化,內圈,從化 內圈,,,,,,助手,,快踱一圈,H,內圈 快踱一圈 (助手)
J065,06/02/2024,游水,從化,,從化,,,,,,,,游水,,
J065,06/02/2024,踱步,從化,內圈,從化 內圈,,,,,,助手,,快踱一圈,H,內圈 快踱一圈 (助手)
J065,05/02/2024,游水,從化,,從化,,,,,,,,游水,,
J065,05/02/2024,快操,從化,全天候,從化 全天候,,59.7,59.7,32.5 27.2,,助手,,快操,H,32.5 27.2 (59.7) (助手)
J065,05/02/2024,踱步,從化,飛機場,從化 飛機場,,,,,,助手,,踱步,H,飛機場 踱步 (助手)
J065,04/02/2024,游水,從化,,從化,,,,,,,,游水,,
J065,04/02/2024,踱步,從化,內圈,從化 內圈,,,,,,助手,,快踱一圈,H,內圈 快踱一圈 (助手)
J065,03/02/2024,游水,從化,,從化,,,,,,,,游水,,
J065,03/02/2024,踱步,從化,內圈,從化 內圈,,,,,,助手,,快踱一圈,H,內圈 快踱一圈 (助手)
J065,02/02/2024,游水,從化,,從化,,,,,,,,游水,,
J065,02/02/2024,踱步,從化,內圈,從化 內圈,,,,,,助手,,快踱一圈,H,內圈 快踱一圈 (助手)
J065,01/02/2024,游水,從化,,從化,,,,,,,,游水,,
J065,01/02/2024,快操,從化,全天候,從化 全天候,,58.9,58.9,31.5 27.4,,助手,,快操,H,31.5 27.4 (58.9) (助手)
J065,01/02/2024,踱步,從化,飛機場,從化 飛機場,,,,,,助手,,踱步,H,飛機場 踱步 (助手)
J065,31/01/2024,游水,從化,,從化,,,,,,,,游水,,
J065,30/01/2024,游水,從化,,從化,,,,,,,,游水,,
J065,30/01/2024,踱步,從化,內圈,從化 內圈,,,,,,助手,,快踱一圈,H,內圈 快踱一圈 (助手)
J065,29/01/2024,游水,從化,,從化,,,,,,,,游水,,
J065,29/01/2024,快操,從化,全天候,從化 全天候,,53.7,53.7,29.9 23.8,,助手,,快操,H,29.9 23.8 (53.7) (助手)
J065,29/01/2024,踱步,從化,飛機場,從化 飛機場,,,,,,助手,,踱步,H,飛機場 踱步 (助手)
J065,28/01/2024,游水,從化,,從化,,,,,,,,游水,,
J065,28/01/2024,踱步,從化,內圈,從化 內圈,,,,,,助手,,快踱一圈,H,內圈 快踱一圈 (助手)
J065,27/01/2024,游水,從化,,從化,,,,,,,,游水,,
J065,27/01/2024,踱步,從化,內圈,從化 內圈,,,,,,助手,,快踱一圈,H,內圈 快踱一圈 (助手)
J065,26/01/2024,游水,從化,,從化,,,,,,,,游水,,
J065,26/01/2024,踱步,從化,內圈,從化 內圈,,,,,,助手,,快踱一圈,H,內圈 快踱一圈 (助手)
J065,25/01/2024,游水,從化,,從化,,,,,,,,游水,,
J065,25/01/2024,踱步,從化,飛機場,從化 飛機場,,,,,,助手,,踱步,H,飛機場 踱步 (助手)
J065,23/01/2024,游水,沙田,,沙田,,,,,,,,游水,,
J065,21/01/2024,出賽,沙田,草地,沙田 草地,1200M,,,,,艾兆禮,6/13,出賽,TT,1200M (艾兆禮) (6/13)
J065,21/01/2024,游水,沙田,,沙田,,,,,,,,游水,,
J065,21/01/2024,踱步,沙田,奧運踱步圈,沙田 奧運踱步圈,,,,,,助手,,踱步,,奧運踱步圈 踱步 (助手)
J065,20/01/2024,游水,沙田,,沙田,,,,,,,,游水,,
J065,20/01/2024,踱步,沙田,內圈,沙田 內圈,,,,,,助手,,快踱一圈,H,內圈 快踱一圈 (助手)
J065,19/01/2024,游水,沙田,,沙田,,,,,,,,游水,,
J065,19/01/2024,踱步,沙田,內圈,沙田 內圈,,,,,,助手,,快踱一圈,H,內圈 快踱一圈 (助手)
J065,18/01/2024,游水,沙田,,沙田,,,,,,,,游水,,
J065,18/01/2024,快操,沙田,全天候,沙田 全天候,,59.5,59.5,32.2 27.3,,助手,,快操,H,32.2 27.3 (59.5) (助手)
J065,17/01/2024,游水,沙田,,沙田,,,,,,,,游水,,
J065,17/01/2024,踱步,沙田,內圈,沙田 內圈,,,,,,助手,,快踱一圈,H,內圈 快踱一圈 (助手)
J065,16/01/2024,游水,沙田,,沙田,,,,,,,,游水,,
J065,16/01/2024,踱步,沙田,內圈,沙田 內圈,,,,,,助手,,快踱一圈,H,內圈 快踱一圈 (助手)
J065,15/01/2024,游水,沙田,,沙田,,,,,,,,游水,,
J065,15/01/2024,踱步,沙田,內圈,沙田 內圈,,,,,,助手,,倒快一圈,H,內圈 倒快一圈 (助手)
J065,14/01/2024,游水,沙田,,沙田,,,,,,,,游水,,
J065,13/01/2024,游水,沙田,,沙田,,,,,,,,游水,,
J065,12/01/2024,試閘,沙田,全天候,沙田 全天候,1200M,1.10.53,70.53,24.2 22.3 24.0,超好運,艾兆禮,,第2組,,第2組 (艾兆禮) 1200M 超好運 24.2 22.3 24.0 (1.10.53)
J065,11/01/2024,游水,沙田,,沙田,,,,,,,,游水,,
J065,11/01/2024,踱步,沙田,奧運踱步圈,沙田 奧運踱步圈,,,,,,助手,,踱步,,奧運踱步圈 踱步 (助手)
J065,10/01/2024,游水,沙田,,沙田,,,,,,,,游水,,
J065,10/01/2024,踱步,沙田,內圈,沙田 內圈,,,,,,助手,,快踱一圈,H,內圈 快踱一圈 (助手)
J065,09/01/2024,游水,沙田,,沙田,,,,,,,,游水,,
J065,09/01/2024,快操,沙田,全天候,沙田 全天候,,56.3,56.3,30.8 25.5,,助手,,快操,H,30.8 25.5 (56.3) (助手)
J065,08/01/2024,游水,沙田,,沙田,,,,,,,,游水,,
J065,08/01/2024,踱步,沙田,內圈,沙田 內圈,,,,,,助手,,倒快一圈,H,內圈 倒快一圈 (助手)
J065,07/01/2024,游水,沙田,,沙田,,,,,,,,游水,,
J065,07/01/2024,踱步,沙田,內圈,沙田 內圈,,,,,,助手,,快踱一圈,H,內圈 快踱一圈 (助手)
J065,06/01/2024,游水,沙田,,沙田,,,,,,,,游水,,
J065,05/01/2024,游水,沙田,,沙田,,,,,,,,游水,,
J065,05/01/2024,快操,沙田,全天候,沙田 全天候,,1.00.7,60.7,33.1 27.6,,助手,,快操,H,33.1 27.6 (1.00.7) (助手)
J065,04/01/2024,游水,沙田,,沙田,,,,,,,,游水,,
J065,04/01/2024,踱步,沙田,內圈,沙田 內圈,,,,,,助手,,倒快一圈,H,內圈 倒快一圈 (助手)
J065,03/01/2024,游水,沙田,,沙田,,,,,,,,游水,,
J065,03/01/2024,踱步,沙田,奧運踱步圈,沙田 奧運踱步圈,,,,,,助手,,踱步,,奧運踱步圈 踱步 (助手)
J065,02/01/2024,游水,沙田,,沙田,,,,,,,,游水,,
J065,02/01/2024,快操,沙田,全天候,沙田 全天候,,54.4,54.4,30.5 23.9,,助手,,快操,H,30.5 23.9 (54.4) (助手)
J065,01/01/2024,游水,沙田,,沙田,,,,,,,,游水,,
J065,01/01/2024,踱步,沙田,內圈,沙田 內圈,,,,,,助手,,倒快一圈,H,內圈 倒快一圈 (助手)
J065,31/12/2023,游水,沙田,,沙田,,,,,,,,游水,,
J065,31/12/2023,踱步,沙田,內圈,沙田 內圈,,,,,,助手,,快踱一圈,H,內圈 快踱一圈 (助手)
J065,30/12/2023,游水,沙田,,沙田,,,,,,,,游水,,
J065,30/12/2023,踱步,沙田,奧運踱步圈,沙田 奧運踱步圈,,,,,,助手,,踱步,,奧運踱步圈 踱步 (助手)
J065,29/12/2023,游水,沙田,,沙田,,,,,,,,游水,,
J065,28/12/2023,游水,沙田,,沙田,,,,,,,,游水,,
J065,26/12/2023,出賽,沙田,草地,沙田 草地,1000M,,,,,麥道朗,7/14,出賽,TT1,1000M (麥道朗) (7/14)
J065,26/12/2023,踱步,沙田,奧運踱步圈,沙田 奧運踱步圈,,,,,,助手,,踱步,,奧運踱步圈 踱步 (助手)
J065,25/12/2023,游水,沙田,,沙田,,,,,,,,游水,,
J065,25/12/2023,踱步,沙田,內圈,沙田 內圈,,,,,,助手,,倒快一圈,H,內圈 倒快一圈 (助手)
J065,24/12/2023,游水,沙田,,沙田,,,,,,,,游水,,
J065,24/12/2023,踱步,沙田,內圈,沙田 內圈,,,,,,助手,,快踱一圈,H,內圈 快踱一圈 (助手)
J065,23/12/2023,游水,沙田,,沙田,,,,,,,,游水,,
J065,23/12/2023,踱步,沙田,內圈,沙田 內圈,,,,,,助手,,快踱一圈,H,內圈 快踱一圈 (助手)
J065,22/12/2023,游水,沙田,,沙田,,,,,,,,游水,,
J065,22/12/2023,快操,沙田,全天候,沙田 全天候,,54.0,54.0,29.3 24.7,,助手,,快操,H,29.3 24.7 (54.0) (助手)
J065,21/12/2023,游水,沙田,,沙田,,,,,,,,游水,,
J065,21/12/2023,踱步,沙田,內圈,沙田 內圈,,,,,,助手,,倒快一圈,H,內圈 倒快一圈 (助手)
J065,20/12/2023,游水,沙田,,沙田,,,,,,,,游水,,
J065,20/12/2023,踱步,沙田,內圈,沙田 內圈,,,,,,助手,,快踱一圈,H,內圈 快踱一圈 (助手)
J065,19/12/2023,游水,沙田,,沙田,,,,,,,,游水,,
J065,19/12/2023,踱步,沙田,內圈,沙田 內圈,,,,,,助手,,快踱一圈,H,內圈 快踱一圈 (助手)
J065,18/12/2023,游水,沙田,,沙田,,,,,,,,游水,,
J065,18/12/2023,快操,沙田,全天候,沙田 全天候,,55.5,55.5,31.1 24.4,,助手,,快操,H,31.1 24.4 (55.5) (助手)
J065,17/12/2023,游水,沙田,,沙田,,,,,,,,游水,,
J065,17/12/2023,踱步,沙田,內圈,沙田 內圈,,,,,,助手,,快踱一圈,H,內圈 快踱一圈 (助手)
J065,16/12/2023,游水,沙田,,沙田,,,,,,,,游水,,
J065,16/12/2023,踱步,沙田,內圈,沙田 內圈,,,,,,助手,,快踱一圈,H,內圈 快踱一圈 (助手)
J065,15/12/2023,游水,沙田,,沙田,,,,,,,,游水,,
J065,15/12/2023,踱步,沙田,內圈,沙田 內圈,,,,,,助手,,快踱一圈,H,內圈 快踱一圈 (助手)
J065,14/12/2023,游水,沙田,,沙田,,,,,,,,游水,,
J065,14/12/2023,踱步,沙田,奧運踱步圈,沙田 奧運踱步圈,,,,,,助手,,踱步,,奧運踱步圈 踱步 (助手)
J065,13/12/2023,游水,沙田,,沙田,,,,,,,,游水,,
J065,12/12/2023,試閘,沙田,草地,沙田 草地,1000M,0.58.95,58.95,14.4 21.5 23.0,巴薩諾瓦,麥道朗,,第2組,,第2組 (麥道朗) 1000M 巴薩諾瓦 14.4 21.5 23.0 (0.58.95)
J065,11/12/2023,游水,沙田,,沙田,,,,,,,,游水,,
J065,11/12/2023,踱步,沙田,奧運踱步圈,沙田 奧運踱步圈,,,,,,助手,,踱步,,奧運踱步圈 踱步 (助手)
J065,10/12/2023,游水,沙田,,沙田,,,,,,,,游水,,
J065,10/12/2023,踱步,沙田,內圈,沙田 內圈,,,,,,助手,,快踱一圈,H,內圈 快踱一圈 (助手)
J065,09/12/2023,游水,沙田,,沙田,,,,,,,,游水,,
J065,09/12/2023,踱步,沙田,內圈,沙田 內圈,,,,,,助手,,快踱一圈,H,內圈 快踱一圈 (助手)
J065,08/12/2023,游水,沙田,,沙田,,,,,,,,游水,,
J065,08/12/2023,快操,沙田,全天候,沙田 全天候,,52.7,52.7,28.4 24.3,,助手,,快操,H,28.4 24.3 (52.7) (助手)
J065,07/12/2023,游水,沙田,,沙田,,,,,,,,游水,,
J065,07/12/2023,踱步,沙田,內圈,沙田 內圈,,,,,,助手,,倒快一圈,H,內圈 倒快一圈 (助手)
J065,06/12/2023,游水,沙田,,沙田,,,,,,,,游水,,
J065,06/12/2023,踱步,沙田,奧運踱步圈,沙田 奧運踱步圈,,,,,,助手,,踱步,,奧運踱步圈 踱步 (助手)
J065,05/12/2023,游水,沙田,,沙田,,,,,,,,游水,,
J065,05/12/2023,快操,沙田,全天候,沙田 全天候,,56.4,56.4,30.3 26.1,,助手,,快操,H,30.3 26.1 (56.4) (助手)
J065,04/12/2023,游水,沙田,,沙田,,,,,,,,游水,,
J065,04/12/2023,踱步,沙田,內圈,沙田 內圈,,,,,,助手,,倒快一圈,H,內圈 倒快一圈 (助手)
J065,03/12/2023,游水,沙田,,沙田,,,,,,,,游水,,
J065,03/12/2023,踱步,沙田,內圈,沙田 內圈,,,,,,助手,,快踱一圈,H,內圈 快踱一圈 (助手)
J065,02/12/2023,游水,沙田,,沙田,,,,,,,,游水,,
J065,02/12/2023,快操,沙田,全天候,沙田 全天候,,54.2,54.2,29.7 24.5,,助手,,快操,H,29.7 24.5 (54.2) (助手)
J065,01/12/2023,游水,沙田,,沙田,,,,,,,,游水,,
J065,01/12/2023,踱步,沙田,內圈,沙田 內圈,,,,,,助手,,快踱一圈,H,內圈 快踱一圈 (助手)
J065,30/11/2023,游水,沙田,,沙田,,,,,,,,游水,,
J065,30/11/2023,踱步,沙田,奧運踱步圈,沙田 奧運踱步圈,,,,,,助手,,踱步,,奧運踱步圈 踱步 (助手)
J065,29/11/2023,游水,沙田,,沙田,,,,,,,,游水,,
J065,29/11/2023,踱步,沙田,內圈,沙田 內圈,,,,,,助手,,快踱一圈,H,內圈 快踱一圈 (助手)
J065,28/11/2023,游水,沙田,,沙田,,,,,,,,游水,,
J065,28/11/2023,踱步,沙田,內圈,沙田 內圈,,,,,,助手,,快踱一圈,H,內圈 快踱一圈 (助手)
J065,27/11/2023,游水,沙田,,沙田,,,,,,,,游水,,
J065,27/11/2023,踱步,沙田,奧運踱步圈,沙田 奧運踱步圈,,,,,,助手,,踱步,,奧運踱步圈 踱步 (助手)
J065,26/11/2023,游水,沙田,,沙田,,,,,,,,游水,,
J065,25/11/2023,試閘,跑馬地,草地,跑馬地 草地,1000M,0.59.82,59.82,13.0 23.3 23.5,高進明駒,希威森,,第7組,,第7組 (希威森) 1000M 高進明駒 13.0 23.3 23.5 (0.59.82)
J065,24/11/2023,游水,沙田,,沙田,,,,,,,,游水,,
J065,23/11/2023,游水,沙田,,沙田,,,,,,,,游水,,
J065,23/11/2023,踱步,沙田,內圈,沙田 內圈,,,,,,助手,,倒快一圈,H,內圈 倒快一圈 (助手)
J065,22/11/2023,游水,沙田,,沙田,,,,,,,,游水,,
J065,22/11/2023,踱步,沙田,內圈,沙田 內圈,,,,,,助手,,快踱一圈,H,內圈 快踱一圈 (助手)
J065,21/11/2023,游水,沙田,,沙田,,,,,,,,游水,,
J065,21/11/2023,快操,沙田,全天候,沙田 全天候,,57.3,57.3,31.3 26.0,,助手,,快操,H,31.3 26.0 (57.3) (助手)
J065,20/11/2023,游水,沙田,,沙田,,,,,,,,游水,,
J065,20/11/2023,踱步,沙田,內圈,沙田 內圈,,,,,,助手,,倒快一圈,H,內圈 倒快一圈 (助手)
J065,19/11/2023,游水,沙田,,沙田,,,,,,,,游水,,
J065,19/11/2023,踱步,沙田,內圈,沙田 內圈,,,,,,助手,,快踱一圈,H,內圈 快踱一圈 (助手)
J065,18/11/2023,游水,沙田,,沙田,,,,,,,,游水,,
J065,18/11/2023,踱步,沙田,內圈,沙田 內圈,,,,,,助手,,快踱一圈,H,內圈 快踱一圈 (助手)
J065,17/11/2023,游水,沙田,,沙田,,,,,,,,游水,,
J065,17/11/2023,踱步,沙田,內圈,沙田 內圈,,,,,,助手,,快踱一圈,H,內圈 快踱一圈 (助手)
J065,16/11/2023,游水,沙田,,沙田,,,,,,,,游水,,
J065,16/11/2023,快操,沙田,全天候,沙田 全天候,,56.8,56.8,30.2 26.6,,助手,,快操,H,30.2 26.6 (56.8) (助手)
J065,15/11/2023,游水,沙田,,沙田,,,,,,,,游水,,
J065,14/11/2023,游水,沙田,,沙田,,,,,,,,游水,,
J065,14/11/2023,踱步,沙田,內圈,沙田 內圈,,,,,,助手,,快踱一圈,H,內圈 快踱一圈 (助手)
J065,13/11/2023,游水,沙田,,沙田,,,,,,,,游水,,
J065,13/11/2023,快操,沙田,全天候,沙田 全天候,,58.4,58.4,31.0 27.4,,助手,,快操,H,31.0 27.4 (58.4) (助手)
J065,12/11/2023,游水,沙田,,沙田,,,,,,,,游水,,
J065,12/11/2023,踱步,沙田,內圈,沙田 內圈,,,,,,助手,,快踱一圈,BH,內圈 快踱一圈 (助手)
J065,11/11/2023,游水,沙田,,沙田,,,,,,,,游水,,
J065,11/11/2023,踱步,沙田,內圈,沙田 內圈,,,,,,助手,,快踱一圈,H,內圈 快踱一圈 (助手)
J065,10/11/2023,游水,沙田,,沙田,,,,,,,,游水,,
J065,10/11/2023,踱步,沙田,內圈,沙田 內圈,,,,,,助手,,快踱一圈,H,內圈 快踱一圈 (助手)
J065,08/11/2023,游水,從化,,從化,,,,,,,,游水,,
J065,08/11/2023,踱步,從化,飛機場,從化 飛機場,,,,,,助手,,踱步,H,飛機場 踱步 (助手)
J065,07/11/2023,游水,從化,,從化,,,,,,,,游水,,
J065,06/11/2023,試閘,從化,草地,從化 草地,1000M,0.59.19,59.19,13.5 21.6 24.0,嘉應高昇,駱泰尼,,第4組,,第4組 (駱泰尼) 1000M 嘉應高昇 13.5 21.6 24.0 (0.59.19)
J065,06/11/2023,踱步,從化,飛機場,從化 飛機場,,,,,,助手,,踱步,,飛機場 踱步 (助手)
J065,05/11/2023,游水,從化,,從化,,,,,,,,游水,,
J065,05/11/2023,踱步,從化,內圈,從化 內圈,,,,,,助手,,快踱一圈,H,內圈 快踱一圈 (助手)
J065,04/11/2023,游水,從化,,從化,,,,,,,,游水,,
J065,04/11/2023,踱步,從化,內圈,從化 內圈,,,,,,助手,,快踱一圈,H,內圈 快踱一圈 (助手)
J065,03/11/2023,游水,從化,,從化,,,,,,,,游水,,
J065,03/11/2023,踱步,從化,內圈,從化 內圈,,,,,,助手,,快踱一圈,H,內圈 快踱一圈 (助手)
J065,02/11/2023,游水,從化,,從化,,,,,,,,游水,,
J065,02/11/2023,快操,從化,全天候,從化 全天候,,56.2,56.2,30.5 25.7,,助手,,快操,H,30.5 25.7 (56.2) (助手)
J065,02/11/2023,踱步,從化,飛機場,從化 飛機場,,,,,,助手,,踱步,H,飛機場 踱步 (助手)
J065,01/11/2023,游水,從化,,從化,,,,,,,,游水,,
J065,01/11/2023,踱步,從化,內圈,從化 內圈,,,,,,助手,,快踱一圈,H,內圈 快踱一圈 (助手)
J065,31/10/2023,游水,從化,,從化,,,,,,,,游水,,
J065,31/10/2023,踱步,從化,內圈,從化 內圈,,,,,,助手,,快踱一圈,H,內圈 快踱一圈 (助手)
J065,30/10/2023,游水,從化,,從化,,,,,,,,游水,,
J065,30/10/2023,快操,從化,全天候,從化 全天候,,57.3,57.3,31.2 26.1,,助手,,快操,H,31.2 26.1 (57.3) (助手)
J065,30/10/2023,踱步,從化,飛機場,從化 飛機場,,,,,,助手,,踱步,H,飛機場 踱步 (助手)
J065,29/10/2023,游水,從化,,從化,,,,,,,,游水,,
J065,29/10/2023,踱步,從化,內圈,從化 內圈,,,,,,助手,,快踱一圈,H,內圈 快踱一圈 (助手)
J065,28/10/2023,游水,從化,,從化,,,,,,,,游水,,
J065,28/10/2023,踱步,從化,內圈,從化 內圈,,,,,,助手,,快踱一圈,H,內圈 快踱一圈 (助手)
J065,27/10/2023,游水,從化,,從化,,,,,,,,游水,,
J065,27/10/2023,快操,從化,全天候,從化 全天候,,1.01.8,61.8,32.4 29.4,,助手,,快操,H,32.4 29.4 (1.01.8) (助手)
J065,27/10/2023,踱步,從化,飛機場,從化 飛機場,,,,,,助手,,踱步,H,飛機場 踱步 (助手)
J065,26/10/2023,游水,從化,,從化,,,,,,,,游水,,
J065,26/10/2023,踱步,從化,內圈,從化 內圈,,,,,,助手,,倒快一圈,H,內圈 倒快一圈 (助手)
J065,25/10/2023,游水,從化,,從化,,,,,,,,游水,,
J065,25/10/2023,踱步,從化,內圈,從化 內圈,,,,,,助手,,快踱一圈,H,內圈 快踱一圈 (助手)
J065,24/10/2023,游水,從化,,從化,,,,,,,,游水,,
J065,24/10/2023,踱步,從化,飛機場,從化 飛機場,,,,,,助手,,踱步,,飛機場 踱步 (助手)
J065,22/10/2023,游水,沙田,,沙田,,,,,,,,游水,,
J065,22/10/2023,踱步,沙田,內圈,沙田 內圈,,,,,,助手,,快踱一圈,H,內圈 快踱一圈 (助手)
J065,21/10/2023,游水,沙田,,沙田,,,,,,,,游水,,
J065,21/10/2023,踱步,沙田,內圈,沙田 內圈,,,,,,助手,,快踱一圈,H,內圈 快踱一圈 (助手)
J065,20/10/2023,游水,沙田,,沙田,,,,,,,,游水,,
J065,20/10/2023,踱步,沙田,內圈,沙田 內圈,,,,,,助手,,快踱一圈,H,內圈 快踱一圈 (助手)
J065,19/10/2023,游水,沙田,,沙田,,,,,,,,游水,,
J065,18/10/2023,游水,沙田,,沙田,,,,,,,,游水,,
J065,17/10/2023,試閘,沙田,草地,沙田 草地,800M,0.46.77,46.77,24.3 22.4,平海歡星,艾道拿,,第5組,,第5組 (艾道拿) 800M 平海歡星 24.3 22.4 (0.46.77)
J065,16/10/2023,游水,沙田,,沙田,,,,,,,,游水,,
J065,16/10/2023,踱步,沙田,奧運踱步圈,沙田 奧運踱步圈,,,,,,助手,,踱步,,奧運踱步圈 踱步 (助手)
J065,15/10/2023,游水,沙田,,沙田,,,,,,,,游水,,
J065,15/10/2023,快操,沙田,全天候,沙田 全天候,,56.1,56.1,29.8 26.3,,練馬師,,快操,H,29.8 26.3 (56.1) (練馬師)
J065,15/10/2023,踱步,沙田,內圈,沙田 內圈,,,,,,助手,,快踱一圈,H,內圈 快踱一圈 (助手)
J065,14/10/2023,游水,沙田,,沙田,,,,,,,,游水,,
J065,14/10/2023,快操,沙田,全天候,沙田 全天候,,57.9,57.9,31.1 26.8,,助手,,快操,H,31.1 26.8 (57.9) (助手)
J065,13/10/2023,游水,沙田,,沙田,,,,,,,,游水,,
J065,13/10/2023,踱步,沙田,內圈,沙田 內圈,,,,,,助手,,快踱一圈,H,內圈 快踱一圈 (助手)
J065,12/10/2023,游水,沙田,,沙田,,,,,,,,游水,,
J065,12/10/2023,踱步,沙田,奧運踱步圈,沙田 奧運踱步圈,,,,,,助手,,踱步,,奧運踱步圈 踱步 (助手)
J065,11/10/2023,游水,沙田,,沙田,,,,,,,,游水,,
J065,11/10/2023,踱步,沙田,內圈,沙田 內圈,,,,,,助手,,快踱一圈,H,內圈 快踱一圈 (助手)
J065,10/10/2023,游水,沙田,,沙田,,,,,,,,游水,,
J065,10/10/2023,快操,沙田,草閘,沙田 草閘,,48.9,48.9,25.6 23.3,,希威森,,風雷暴,,25.6 23.3 (48.9) (希威森) 風雷暴
J065,09/10/2023,游水,沙田,,沙田,,,,,,,,游水,,
J065,08/10/2023,游水,沙田,,沙田,,,,,,,,游水,,
J065,08/10/2023,踱步,沙田,內圈,沙田 內圈,,,,,,助手,,快踱一圈,H,內圈 快踱一圈 (助手)
J065,07/10/2023,游水,沙田,,沙田,,,,,,,,游水,,
J065,07/10/2023,踱步,沙田,內圈,沙田 內圈,,,,,,助手,,快踱一圈,H,內圈 快踱一圈 (助手)
J065,06/10/2023,游水,沙田,,沙田,,,,,,,,游水,,
J065,06/10/2023,踱步,沙田,內圈,沙田 內圈,,,,,,助手,,快踱一圈,H,內圈 快踱一圈 (助手)
J065,05/10/2023,游水,沙田,,沙田,,,,,,,,游水,,
J065,05/10/2023,快操,沙田,全天候,沙田 全天候,,56.7,56.7,31.2 25.5,,助手,,風雷暴,,31.2 25.5 (56.7) (助手) 風雷暴
J065,04/10/2023,游水,沙田,,沙田,,,,,,,,游水,,
J065,04/10/2023,踱步,沙田,內圈,沙田 內圈,,,,,,助手,,快踱一圈,H,內圈 快踱一圈 (助手)
J065,03/10/2023,游水,沙田,,沙田,,,,,,,,游水,,
J065,03/10/2023,踱步,沙田,奧運踱步圈,沙田 奧運踱步圈,,,,,,助手,,踱步,,奧運踱步圈 踱步 (助手)
J065,02/10/2023,游水,沙田,,沙田,,,,,,,,游水,,
J065,02/10/2023,快操,沙田,全天候,沙田 全天候,,57.2,57.2,30.8 26.4,,助手,,風雷暴,H,30.8 26.4 (57.2) (助手) 風雷暴
J065,01/10/2023,游水,沙田,,沙田,,,,,,,,游水,,
J065,01/10/2023,踱步,沙田,內圈,沙田 內圈,,,,,,助手,,快踱一圈,H,內圈 快踱一圈 (助手)
J065,30/09/2023,游水,沙田,,沙田,,,,,,,,游水,,
J065,30/09/2023,踱步,沙田,內圈,沙田 內圈,,,,,,助手,,快踱一圈,H,內圈 快踱一圈 (助手)
J065,29/09/2023,游水,沙田,,沙田,,,,,,,,游水,,
J065,28/09/2023,游水,沙田,,沙田,,,,,,,,游水,,
J065,28/09/2023,快操,沙田,草閘,沙田 草閘,,55.5,55.5,29.8 25.7,,助手,,風雷暴,H,29.8 25.7 (55.5) (助手) 風雷暴
J065,27/09/2023,游水,沙田,,沙田,,,,,,,,游水,,
J065,27/09/2023,踱步,沙田,奧運踱步圈,沙田 奧運踱步圈,,,,,,助手,,踱步,,奧運踱步圈 踱步 (助手)
J065,26/09/2023,游水,沙田,,沙田,,,,,,,,游水,,
J065,26/09/2023,踱步,沙田,內圈,沙田 內圈,,,,,,助手,,快踱一圈,H,內圈 快踱一圈 (助手)
J065,25/09/2023,游水,沙田,,沙田,,,,,,,,游水,,
J065,25/09/2023,快操,沙田,全天候,沙田 全天候,,57.5,57.5,31.7 25.8,,助手,,風雷暴,H,31.7 25.8 (57.5) (助手) 風雷暴
J065,24/09/2023,游水,沙田,,沙田,,,,,,,,游水,,
J065,24/09/2023,踱步,沙田,內圈,沙田 內圈,,,,,,助手,,快踱一圈,H,內圈 快踱一圈 (助手)
J065,23/09/2023,游水,沙田,,沙田,,,,,,,,游水,,
J065,22/09/2023,游水,沙田,,沙田,,,,,,,,游水,,
J065,22/09/2023,快操,沙田,全天候,沙田 全天候,,56.9,56.9,30.7 26.2,,助手,,風雷暴,H,30.7 26.2 (56.9) (助手) 風雷暴
J065,21/09/2023,游水,沙田,,沙田,,,,,,,,游水,,
J065,21/09/2023,踱步,沙田,內圈,沙田 內圈,,,,,,助手,,倒快一圈,H,內圈 倒快一圈 (助手)
J065,20/09/2023,游水,沙田,,沙田,,,,,,,,游水,,
J065,20/09/2023,踱步,沙田,奧運踱步圈,沙田 奧運踱步圈,,,,,,助手,,踱步,,奧運踱步圈 踱步 (助手)
J065,19/09/2023,游水,沙田,,沙田,,,,,,,,游水,,
J065,19/09/2023,快操,沙田,全天候,沙田 全天候,,56.6,56.6,30.8 25.8,,助手,,快操,H,30.8 25.8 (56.6) (助手)
J065,18/09/2023,游水,沙田,,沙田,,,,,,,,游水,,
J065,18/09/2023,踱步,沙田,內圈,沙田 內圈,,,,,,助手,,倒快一圈,H,內圈 倒快一圈 (助手)
J065,17/09/2023,游水,沙田,,沙田,,,,,,,,游水,,
J065,17/09/2023,踱步,沙田,內圈,沙田 內圈,,,,,,助手,,快踱一圈,H,內圈 快踱一圈 (助手)
J065,16/09/2023,游水,沙田,,沙田,,,,,,,,游水,,
J065,16/09/2023,快操,沙田,全天候,沙田 全天候,,59.1,59.1,31.8 27.3,,助手,,快操,H,31.8 27.3 (59.1) (助手)
J065,15/09/2023,游水,沙田,,沙田,,,,,,,,游水,,
J065,15/09/2023,踱步,沙田,內圈,沙田 內圈,,,,,,助手,,快踱一圈,H,內圈 快踱一圈 (助手)
J065,14/09/2023,游水,沙田,,沙田,,,,,,,,游水,,
J065,14/09/2023,踱步,沙田,內圈,沙田 內圈,,,,,,助手,,倒快一圈,H,內圈 倒快一圈 (助手)
J065,13/09/2023,游水,沙田,,沙田,,,,,,,,游水,,
J065,13/09/2023,快操,沙田,全天候,沙田 全天候,,29.7,29.7,29.7,,助手,,快操,H,29.7 (29.7) (助手)
J065,12/09/2023,游水,沙田,,沙田,,,,,,,,游水,,
J065,12/09/2023,踱步,沙田,奧運踱步圈,沙田 奧運踱步圈,,,,,,助手,,踱步,,奧運踱步圈 踱步 (助手)
J065,11/09/2023,游水,沙田,,沙田,,,,,,,,游水,,
J065,11/09/2023,踱步,沙田,內圈,沙田 內圈,,,,,,助手,,倒快一圈,H,內圈 倒快一圈 (助手)
J065,10/09/2023,游水,沙田,,沙田,,,,,,,,游水,,
J065,10/09/2023,快操,沙田,全天候,沙田 全天候,,30.3,30.3,30.3,,助手,,快操,H,30.3 (30.3) (助手)
J065,09/09/2023,游水,沙田,,沙田,,,,,,,,游水,,
J065,09/09/2023,踱步,沙田,內圈,沙田 內圈,,,,,,助手,,快踱一圈,H,內圈 快踱一圈 (助手)
J065,07/09/2023,游水,沙田,,沙田,,,,,,,,游水,,
J065,07/09/2023,踱步,沙田,內圈,沙田 內圈,,,,,,助手,,倒快一圈,H,內圈 倒快一圈 (助手)
J065,06/09/2023,游水,沙田,,沙田,,,,,,,,游水,,
J065,05/09/2023,游水,沙田,,沙田,,,,,,,,游水,,
J065,05/09/2023,快操,沙田,全天候,沙田 全天候,,30.2,30.2,30.2,,助手,,快操,H,30.2 (30.2) (助手)
J065,04/09/2023,游水,沙田,,沙田,,,,,,,,游水,,
J065,04/09/2023,踱步,沙田,內圈,沙田 內圈,,,,,,助手,,倒快一圈,H,內圈 倒快一圈 (助手)
J065,03/09/2023,游水,沙田,,沙田,,,,,,,,游水,,
J065,03/09/2023,踱步,沙田,內圈,沙田 內圈,,,,,,助手,,快踱一圈,H,內圈 快踱一圈 (助手)
J065,31/08/2023,游水,沙田,,沙田,,,,,,,,游水,,
J065,31/08/2023,踱步,沙田,內圈,沙田 內圈,,,,,,助手,,倒快一圈,H,內圈 倒快一圈 (助手)
J065,30/08/2023,游水,沙田,,沙田,,,,,,,,游水,,
J065,29/08/2023,游水,沙田,,沙田,,,,,,,,游水,,
J065,29/08/2023,踱步,沙田,內圈,沙田 內圈,,,,,,助手,,快踱一圈,H,內圈 快踱一圈 (助手)
J065,28/08/2023,游水,沙田,,沙田,,,,,,,,游水,,
J065,28/08/2023,踱步,沙田,內圈,沙田 內圈,,,,,,助手,,倒快一圈,H,內圈 倒快一圈 (助手)
J065,27/08/2023,游水,沙田,,沙田,,,,,,,,游水,,
J065,26/08/2023,游水,沙田,,沙田,,,,,,,,游水,,
J065,26/08/2023,踱步,沙田,內圈,沙田 內圈,,,,,,助手,,快踱一圈,H,內圈 快踱一圈 (助手)
J065,25/08/2023,游水,沙田,,沙田,,,,,,,,游水,,
J065,25/08/2023,踱步,沙田,內圈,沙田 內圈,,,,,,助手,,快踱一圈,H,內圈 快踱一圈 (助手)
J065,24/08/2023,游水,沙田,,沙田,,,,,,,,游水,,
J065,24/08/2023,踱步,沙田,內圈,沙田 內圈,,,,,,助手,,倒快一圈,H,內圈 倒快一圈 (助手)
J065,23/08/2023,游水,沙田,,沙田,,,,,,,,游水,,
J065,23/08/2023,踱步,沙田,內圈,沙田 內圈,,,,,,助手,,快踱一圈,H,內圈 快踱一圈 (助手)
J065,22/08/2023,游水,沙田,,沙田,,,,,,,,游水,,
J065,22/08/2023,踱步,沙田,奧運踱步圈,沙田 奧運踱步圈,,,,,,助手,,踱步,,奧運踱步圈 踱步 (助手)
J065,21/08/2023,游水,沙田,,沙田,,,,,,,,游水,,
J065,21/08/2023,踱步,沙田,奧運踱步圈,沙田 奧運踱步圈,,,,,,助手,,踱步,,奧運踱步圈 踱步 (助手)
J065,20/08/2023,游水,沙田,,沙田,,,,,,,,游水,,
J065,19/08/2023,游水,沙田,,沙田,,,,,,,,游水,,
J065,19/08/2023,踱步,沙田,奧運踱步圈,沙田 奧運踱步圈,,,,,,助手,,踱步,,奧運踱步圈 踱步 (助手)
J065,18/08/2023,游水,沙田,,沙田,,,,,,,,游水,,
J065,18/08/2023,踱步,沙田,奧運踱步圈,沙田 奧運踱步圈,,,,,,助手,,踱步,,奧運踱步圈 踱步 (助手)
J065,17/08/2023,游水,沙田,,沙田,,,,,,,,游水,,
J065,17/08/2023,踱步,沙田,奧運踱步圈,沙田 奧運踱步圈,,,,,,助手,,踱步,,奧運踱步圈 踱步 (助手)
J065,16/08/2023,游水,沙田,,沙田,,,,,,,,游水,,
