horse_no,date,work_type,racecourse,track,venue,distance,time,time_sec,splits,partner,rider,placing,comment,gear,workout_details
H087,09/09/2026,踱步,沙田,內圈,沙田 內圈,,,,,,助手,,快踱一圈,H,內圈 快踱一圈 (助手)
H087,08/09/2026,游水,沙田,,沙田,,,,,,,,游水,,
H087,08/09/2026,踱步,沙田,內圈,沙田 內圈,,,,,,助手,,快踱一圈,H,內圈 快踱一圈 (助手)
H087,07/09/2026,游水,沙田,,沙田,,,,,,,,游水,,
H087,07/09/2026,踱步,沙田,內圈,沙田 內圈,,,,,,助手,,倒快一圈,H,內圈 倒快一圈 (助手)
H087,06/09/2026,游水,沙田,,沙田,,,,,,,,游水,,
H087,06/09/2026,踱步,沙田,內圈,沙田 內圈,,,,,,助手,,快踱一圈,H,內圈 快踱一圈 (助手)
H087,05/09/2026,游水,沙田,,沙田,,,,,,,,游水,,
H087,05/09/2026,踱步,沙田,飛機場,沙田 飛機場,,,,,,助手,,踱步,H,飛機場 踱步 (助手)
H087,04/09/2026,游水,沙田,,沙田,,,,,,,,游水,,
H087,03/09/2026,試閘,沙田,全天候,沙田 全天候,1200M,1.10.08,70.08,24.4 22.8 22.8,步風影,潘明輝,,第5組,B,第5組 (潘明輝) 1200M 步風影 24.4 22.8 22.8 (1.10.08)
H087,03/09/2026,游水,沙田,,沙田,,,,,,,,游水,,
H087,03/09/2026,踱步,沙田,飛機場,沙田 飛機場,,,,,,助手,,踱步,H,飛機場 踱步 (助手)
H087,02/09/2026,游水,沙田,,沙田,,,,,,,,游水,,
H087,02/09/2026,踱步,沙田,內圈,沙田 內圈,,,,,,助手,,快踱一圈,H,內圈 快踱一圈 (助手)
H087,01/09/2026,游水,沙田,,沙田,,,,,,,,游水,,
H087,01/09/2026,踱步,沙田,內圈,沙田 內圈,,,,,,助手,,快踱一圈,H,內圈 快踱一圈 (助手)
H087,31/08/2026,游水,沙田,,沙田,,,,,,,,游水,,
H087,31/08/2026,快操,沙田,全天候,沙田 全天候,,58.4,58.4,32.4 26.0,,助手,,快操,H,32.4 26.0 (58.4) (助手)
H087,31/08/2026,踱步,沙田,飛機場,沙田 飛機場,,,,,,助手,,踱步,H,飛機場 踱步 (助手)
H087,30/08/2026,游水,沙田,,沙田,,,,,,,,游水,,
H087,30/08/2026,踱步,沙田,內圈,沙田 內圈,,,,,,助手,,快踱一圈,H,內圈 快踱一圈 (助手)
H087,29/08/2026,游水,沙田,,沙田,,,,,,,,游水,,
H087,29/08/2026,踱步,沙田,內圈,沙田 內圈,,,,,,助手,,快踱一圈,H,內圈 快踱一圈 (助手)
H087,28/08/2026,游水,沙田,,沙田,,,,,,,,游水,,
H087,28/08/2026,快操,沙田,全天候,沙田 全天候,,59.1,59.1,32.5 26.6,,助手,,好運多彩,H,32.5 26.6 (59.1) (助手) 好運多彩
H087,28/08/2026,踱步,沙田,飛機場,沙田 飛機場,,,,,,助手,,踱步,H,飛機場 踱步 (助手)
H087,27/08/2026,游水,沙田,,沙田,,,,,,,,游水,,
H087,27/08/2026,踱步,沙田,內圈,沙田 內圈,,,,,,助手,,倒快一圈,H,內圈 倒快一圈 (助手)
H087,26/08/2026,游水,沙田,,沙田,,,,,,,,游水,,
H087,26/08/2026,踱步,沙田,內圈,沙田 內圈,,,,,,助手,,快踱一圈,H,內圈 快踱一圈 (助手)
H087,25/08/2026,游水,沙田,,沙田,,,,,,,,游水,,
H087,25/08/2026,快操,沙田,全天候,沙田 全天候,,58.8,58.8,32.1 26.7,,助手,,快操,H,32.1 26.7 (58.8) (助手)
H087,25/08/2026,踱步,沙田,飛機場,沙田 飛機場,,,,,,助手,,踱步,H,飛機場 踱步 (助手)
H087,24/08/2026,游水,沙田,,沙田,,,,,,,,游水,,
H087,24/08/2026,踱步,沙田,內圈,沙田 內圈,,,,,,助手,,倒快一圈,H,內圈 倒快一圈 (助手)
H087,23/08/2026,游水,沙田,,沙田,,,,,,,,游水,,
H087,23/08/2026,踱步,沙田,內圈,沙田 內圈,,,,,,助手,,快踱一圈,H,內圈 快踱一圈 (助手)
H087,22/08/2026,游水,沙田,,沙田,,,,,,,,游水,,
H087,22/08/2026,踱步,沙田,內圈,沙田 內圈,,,,,,助手,,快踱一圈,H,內圈 快踱一圈 (助手)
H087,21/08/2026,游水,沙田,,沙田,,,,,,,,游水,,
H087,21/08/2026,快操,沙田,全天候,沙田 全天候,,58.3,58.3,31.0 27.3,,助手,,快操,H,31.0 27.3 (58.3) (助手)
H087,21/08/2026,踱步,沙田,飛機場,沙田 飛機場,,,,,,助手,,踱步,H,飛機場 踱步 (助手)
H087,20/08/2026,游水,沙田,,沙田,,,,,,,,游水,,
H087,20/08/2026,踱步,沙田,內圈,沙田 內圈,,,,,,助手,,倒快一圈,H,內圈 倒快一圈 (助手)
H087,19/08/2026,游水,沙田,,沙田,,,,,,,,游水,,
H087,19/08/2026,踱步,沙田,內圈,沙田 內圈,,,,,,助手,,快踱一圈,H,內圈 快踱一圈 (助手)
H087,18/08/2026,游水,沙田,,沙田,,,,,,,,游水,,
H087,18/08/2026,踱步,沙田,內圈,沙田 內圈,,,,,,助手,,快踱一圈,H,內圈 快踱一圈 (助手)
H087,17/08/2026,游水,沙田,,沙田,,,,,,,,游水,,
H087,17/08/2026,快操,沙田,全天候,沙田 全天候,,1.00.2,60.2,32.6 27.6,,助手,,快操,H,32.6 27.6 (1.00.2) (助手)
H087,17/08/2026,踱步,沙田,飛機場,沙田 飛機場,,,,,,助手,,踱步,H,飛機場 踱步 (助手)
H087,16/08/2026,游水,沙田,,沙田,,,,,,,,游水,,
H087,16/08/2026,踱步,沙田,內圈,沙田 內圈,,,,,,助手,,快踱一圈,H,內圈 快踱一圈 (助手)
H087,15/08/2026,游水,沙田,,沙田,,,,,,,,游水,,
H087,15/08/2026,踱步,沙田,內圈,沙田 內圈,,,,,,助手,,快踱一圈,H,內圈 快踱一圈 (助手)
H087,14/08/2026,游水,沙田,,沙田,,,,,,,,游水,,
H087,14/08/2026,踱步,沙田,內圈,沙田 內圈,,,,,,助手,,快踱一圈,H,內圈 快踱一圈 (助手)
H087,13/08/2026,游水,沙田,,沙田,,,,,,,,游水,,
H087,13/08/2026,快操,沙田,全天候,沙田 全天候,,1.02.4,62.4,33.7 28.7,,助手,,快操,H,33.7 28.7 (1.02.4) (助手)
H087,13/08/2026,踱步,沙田,飛機場,沙田 飛機場,,,,,,助手,,踱步,H,飛機場 踱步 (助手)
H087,12/08/2026,游水,沙田,,沙田,,,,,,,,游水,,
H087,12/08/2026,踱步,沙田,內圈,沙田 內圈,,,,,,助手,,快踱一圈,H,內圈 快踱一圈 (助手)
H087,11/08/2026,游水,沙田,,沙田,,,,,,,,游水,,
H087,11/08/2026,踱步,沙田,內圈,沙田 內圈,,,,,,助手,,快踱一圈,H,內圈 快踱一圈 (助手)
H087,10/08/2026,游水,沙田,,沙田,,,,,,,,游水,,
H087,10/08/2026,踱步,沙田,內圈,沙田 內圈,,,,,,助手,,倒快一圈,H,內圈 倒快一圈 (助手)
H087,09/08/2026,游水,沙田,,沙田,,,,,,,,游水,,
H087,09/08/2026,快操,沙田,全天候,沙田 全天候,,32.0,32.0,32.0,,助手,,快操,H,32.0 (32.0) (助手)
H087,09/08/2026,踱步,沙田,飛機場,沙田 飛機場,,,,,,助手,,踱步,H,飛機場 踱步 (助手)
H087,08/08/2026,游水,沙田,,沙田,,,,,,,,游水,,
H087,08/08/2026,踱步,沙田,內圈,沙田 內圈,,,,,,助手,,快踱一圈,H,內圈 快踱一圈 (助手)
H087,07/08/2026,游水,沙田,,沙田,,,,,,,,游水,,
H087,07/08/2026,踱步,沙田,內圈,沙田 內圈,,,,,,助手,,快踱一圈,H,內圈 快踱一圈 (助手)
H087,06/08/2026,游水,沙田,,沙田,,,,,,,,游水,,
H087,06/08/2026,踱步,沙田,內圈,沙田 內圈,,,,,,助手,,倒快一圈,H,內圈 倒快一圈 (助手)
H087,05/08/2026,快操,沙田,全天候,沙田 全天候,,30.1,30.1,30.1,,助手,,快操,H,30.1 (30.1) (助手)
H087,05/08/2026,踱步,沙田,飛機場,沙田 飛機場,,,,,,助手,,踱步,H,飛機場 踱步 (助手)
H087,04/08/2026,踱步,沙田,內圈,沙田 內圈,,,,,,助手,,快踱一圈,H,內圈 快踱一圈 (助手)
H087,03/08/2026,踱步,沙田,內圈,沙田 內圈,,,,,,助手,,快踱一圈,H,內圈 快踱一圈 (助手)
H087,02/08/2026,踱步,沙田,內圈,沙田 內圈,,,,,,助手,,快踱一圈,H,內圈 快踱一圈 (助手)
H087,01/08/2026,踱步,沙田,內圈,沙田 內圈,,,,,,助手,,快踱一圈,H,內圈 快踱一圈 (助手)
H087,31/07/2026,踱步,沙田,內圈,沙田 內圈,,,,,,助手,,快踱一圈,H,內圈 快踱一圈 (助手)
H087,30/07/2026,踱步,沙田,飛機場,沙田 飛機場,,,,,,助手,,踱步,H,飛機場 踱步 (助手)
H087,29/07/2026,踱步,沙田,飛機場,沙田 飛機場,,,,,,助手,,踱步,H,飛機場 踱步 (助手)
H087,28/07/2026,踱步,沙田,飛機場,沙田 飛機場,,,,,,助手,,踱步,H,飛機場 踱步 (助手)
H087,27/07/2026,踱步,沙田,飛機場,沙田 飛機場,,,,,,助手,,踱步,H,飛機場 踱步 (助手)
H087,25/07/2026,踱步,沙田,飛機場,沙田 飛機場,,,,,,助手,,踱步,H,飛機場 踱步 (助手)
H087,15/07/2026,游水,沙田,,沙田,,,,,,,,游水,,
H087,14/07/2026,游水,沙田,,沙田,,,,,,,,游水,,
H087,14/07/2026,踱步,沙田,內圈,沙田 內圈,,,,,,助手,,快踱一圈,H,內圈 快踱一圈 (助手)
H087,13/07/2026,游水,沙田,,沙田,,,,,,,,游水,,
H087,13/07/2026,踱步,沙田,內圈,沙田 內圈,,,,,,助手,,倒快一圈,H,內圈 倒快一圈 (助手)
H087,12/07/2026,游水,沙田,,沙田,,,,,,,,游水,,
H087,12/07/2026,快操,沙田,全天候,沙田 全天候,,1.00.1,60.1,32.8 27.3,,助手,,快操,H,32.8 27.3 (1.00.1) (助手)
H087,12/07/2026,踱步,沙田,飛機場,沙田 飛機場,,,,,,助手,,踱步,H,飛機場 踱步 (助手)
H087,11/07/2026,游水,沙田,,沙田,,,,,,,,游水,,
H087,11/07/2026,踱步,沙田,內圈,沙田 內圈,,,,,,助手,,快踱一圈,H,內圈 快踱一圈 (助手)
H087,10/07/2026,游水,沙田,,沙田,,,,,,,,游水,,
H087,10/07/2026,踱步,沙田,內圈,沙田 內圈,,,,,,助手,,快踱一圈,H,內圈 快踱一圈 (助手)
H087,09/07/2026,游水,沙田,,沙田,,,,,,,,游水,,
H087,09/07/2026,快操,沙田,全天候,沙田 全天候,,1.00.2,60.2,33.4 26.8,,助手,,快操,H,33.4 26.8 (1.00.2) (助手)
H087,09/07/2026,踱步,沙田,飛機場,沙田 飛機場,,,,,,助手,,踱步,H,飛機場 踱步 (助手)
H087,08/07/2026,游水,沙田,,沙田,,,,,,,,游水,,
H087,08/07/2026,踱步,沙田,內圈,沙田 內圈,,,,,,助手,,快踱一圈,H,內圈 快踱一圈 (助手)
H087,07/07/2026,游水,沙田,,沙田,,,,,,,,游水,,
H087,07/07/2026,踱步,沙田,內圈,沙田 內圈,,,,,,助手,,快踱一圈,H,內圈 快踱一圈 (助手)
H087,06/07/2026,游水,沙田,,沙田,,,,,,,,游水,,
H087,06/07/2026,踱步,沙田,內圈,沙田 內圈,,,,,,助手,,倒快一圈,H,內圈 倒快一圈 (助手)
H087,05/07/2026,游水,沙田,,沙田,,,,,,,,游水,,
H087,05/07/2026,踱步,沙田,飛機場,沙田 飛機場,,,,,,助手,,踱步,H,飛機場 踱步 (助手)
H087,04/07/2026,游水,沙田,,沙田,,,,,,,,游水,,
H087,03/07/2026,試閘,沙田,全天候,沙田 全天候,1200M,1.09.32,69.32,24.2 21.9 23.2,嘉應駿昇,潘明輝,,第3組,B,第3組 (潘明輝) 1200M 嘉應駿昇 24.2 21.9 23.2 (1.09.32)
H087,03/07/2026,游水,沙田,,沙田,,,,,,,,游水,,
H087,03/07/2026,踱步,沙田,飛機場,沙田 飛機場,,,,,,助手,,踱步,B,飛機場 踱步 (助手)
H087,02/07/2026,游水,沙田,,沙田,,,,,,,,游水,,
H087,02/07/2026,踱步,沙田,內圈,沙田 內圈,,,,,,助手,,倒快一圈,H,內圈 倒快一圈 (助手)
H087,01/07/2026,游水,沙田,,沙田,,,,,,,,游水,,
H087,01/07/2026,踱步,沙田,內圈,沙田 內圈,,,,,,助手,,快踱一圈,H,內圈 快踱一圈 (助手)
H087,30/06/2026,游水,沙田,,沙田,,,,,,,,游水,,
H087,30/06/2026,快操,沙田,全天候,沙田 全天候,,59.9,59.9,32.2 27.7,,助手,,快操,H,32.2 27.7 (59.9) (助手)
H087,30/06/2026,踱步,沙田,飛機場,沙田 飛機場,,,,,,助手,,踱步,H,飛機場 踱步 (助手)
H087,29/06/2026,游水,沙田,,沙田,,,,,,,,游水,,
H087,29/06/2026,踱步,沙田,內圈,沙田 內圈,,,,,,助手,,倒快一圈,H,內圈 倒快一圈 (助手)
H087,28/06/2026,游水,沙田,,沙田,,,,,,,,游水,,
H087,28/06/2026,踱步,沙田,內圈,沙田 內圈,,,,,,助手,,快踱一圈,H,內圈 快踱一圈 (助手)
H087,27/06/2026,游水,沙田,,沙田,,,,,,,,游水,,
H087,27/06/2026,踱步,沙田,內圈,沙田 內圈,,,,,,助手,,快踱一圈,H,內圈 快踱一圈 (助手)
H087,26/06/2026,游水,沙田,,沙田,,,,,,,,游水,,
H087,26/06/2026,快操,沙田,全天候,沙田 全天候,,57.8,57.8,31.5 26.3,,助手,,快操,H,31.5 26.3 (57.8) (助手)
H087,26/06/2026,踱步,沙田,飛機場,沙田 飛機場,,,,,,助手,,踱步,H,飛機場 踱步 (助手)
H087,25/06/2026,游水,沙田,,沙田,,,,,,,,游水,,
H087,25/06/2026,踱步,沙田,內圈,沙田 內圈,,,,,,助手,,倒快一圈,H,內圈 倒快一圈 (助手)
H087,24/06/2026,游水,沙田,,沙田,,,,,,,,游水,,
H087,24/06/2026,踱步,沙田,內圈,沙田 內圈,,,,,,助手,,快踱一圈,H,內圈 快踱一圈 (助手)
H087,23/06/2026,游水,沙田,,沙田,,,,,,,,游水,,
H087,23/06/2026,踱步,沙田,內圈,沙田 內圈,,,,,,助手,,快踱一圈,H,內圈 快踱一圈 (助手)
H087,22/06/2026,游水,沙田,,沙田,,,,,,,,游水,,
H087,22/06/2026,快操,沙田,全天候,沙田 全天候,,59.2,59.2,32.6 26.6,,助手,,快操,H,32.6 26.6 (59.2) (助手)
H087,22/06/2026,踱步,沙田,飛機場,沙田 飛機場,,,,,,助手,,踱步,H,飛機場 踱步 (助手)
H087,21/06/2026,游水,沙田,,沙田,,,,,,,,游水,,
H087,21/06/2026,踱步,沙田,內圈,沙田 內圈,,,,,,助手,,快踱一圈,H,內圈 快踱一圈 (助手)
H087,20/06/2026,游水,沙田,,沙田,,,,,,,,游水,,
H087,20/06/2026,踱步,沙田,內圈,沙田 內圈,,,,,,助手,,快踱一圈,H,內圈 快踱一圈 (助手)
H087,19/06/2026,游水,沙田,,沙田,,,,,,,,游水,,
H087,19/06/2026,快操,沙田,全天候,沙田 全天候,,1.00.7,60.7,32.9 27.8,,助手,,快操,H,32.9 27.8 (1.00.7) (助手)
H087,19/06/2026,踱步,沙田,飛機場,沙田 飛機場,,,,,,助手,,踱步,H,飛機場 踱步 (助手)
H087,18/06/2026,游水,沙田,,沙田,,,,,,,,游水,,
H087,18/06/2026,踱步,沙田,內圈,沙田 內圈,,,,,,助手,,倒快一圈,H,內圈 倒快一圈 (助手)
H087,17/06/2026,游水,沙田,,沙田,,,,,,,,游水,,
H087,17/06/2026,踱步,沙田,內圈,沙田 內圈,,,,,,助手,,快踱一圈,H,內圈 快踱一圈 (助手)
H087,16/06/2026,游水,沙田,,沙田,,,,,,,,游水,,
H087,16/06/2026,踱步,沙田,內圈,沙田 內圈,,,,,,助手,,快踱一圈,H,內圈 快踱一圈 (助手)
H087,15/06/2026,游水,沙田,,沙田,,,,,,,,游水,,
H087,15/06/2026,快操,沙田,全天候,沙田 全天候,,1.00.2,60.2,33.2 27.0,,助手,,快操,H,33.2 27.0 (1.00.2) (助手)
H087,15/06/2026,踱步,沙田,飛機場,沙田 飛機場,,,,,,助手,,踱步,H,飛機場 踱步 (助手)
H087,14/06/2026,游水,沙田,,沙田,,,,,,,,游水,,
H087,14/06/2026,踱步,沙田,內圈,沙田 內圈,,,,,,助手,,快踱一圈,H,內圈 快踱一圈 (助手)
H087,13/06/2026,游水,沙田,,沙田,,,,,,,,游水,,
H087,13/06/2026,踱步,沙田,內圈,沙田 內圈,,,,,,助手,,快踱一圈,H,內圈 快踱一圈 (助手)
H087,12/06/2026,游水,沙田,,沙田,,,,,,,,游水,,
H087,12/06/2026,踱步,沙田,內圈,沙田 內圈,,,,,,助手,,快踱一圈,H,內圈 快踱一圈 (助手)
H087,11/06/2026,游水,沙田,,沙田,,,,,,,,游水,,
H087,11/06/2026,快操,沙田,全天候,沙田 全天候,,57.8,57.8,31.6 26.2,,助手,,快操,H,31.6 26.2 (57.8) (助手)
H087,11/06/2026,踱步,沙田,飛機場,沙田 飛機場,,,,,,助手,,踱步,H,飛機場 踱步 (助手)
H087,10/06/2026,游水,沙田,,沙田,,,,,,,,游水,,
H087,10/06/2026,踱步,沙田,內圈,沙田 內圈,,,,,,助手,,快踱一圈,H,內圈 快踱一圈 (助手)
H087,09/06/2026,游水,沙田,,沙田,,,,,,,,游水,,
H087,09/06/2026,踱步,沙田,內圈,沙田 內圈,,,,,,助手,,快踱一圈,H,內圈 快踱一圈 (助手)
H087,08/06/2026,游水,沙田,,沙田,,,,,,,,游水,,
H087,08/06/2026,踱步,沙田,內圈,沙田 內圈,,,,,,助手,,倒快一圈,H,內圈 倒快一圈 (助手)
H087,07/06/2026,游水,沙田,,沙田,,,,,,,,游水,,
H087,07/06/2026,踱步,沙田,飛機場,沙田 飛機場,,,,,,助手,,踱步,H,飛機場 踱步 (助手)
H087,06/06/2026,游水,沙田,,沙田,,,,,,,,游水,,
H087,03/06/2026,出賽,跑馬地,草地,跑馬地 草地,1650M,,,,,潘明輝,3/12,出賽,B/TT,1650M (潘明輝) (3/12)
H087,03/06/2026,踱步,沙田,飛機場,沙田 飛機場,,,,,,助手,,踱步,H,飛機場 踱步 (助手)
H087,02/06/2026,游水,沙田,,沙田,,,,,,,,游水,,
H087,02/06/2026,踱步,沙田,內圈,沙田 內圈,,,,,,助手,,快踱一圈,H,內圈 快踱一圈 (助手)
H087,01/06/2026,游水,沙田,,沙田,,,,,,,,游水,,
H087,01/06/2026,踱步,沙田,內圈,沙田 內圈,,,,,,助手,,倒快一圈,H,內圈 倒快一圈 (助手)
H087,31/05/2026,游水,沙田,,沙田,,,,,,,,游水,,
H087,31/05/2026,快操,沙田,全天候,沙田 全天候,,58.2,58.2,31.7 26.5,,助手,,快操,H,31.7 26.5 (58.2) (助手)
H087,31/05/2026,踱步,沙田,飛機場,沙田 飛機場,,,,,,助手,,踱步,H,飛機場 踱步 (助手)
H087,30/05/2026,游水,沙田,,沙田,,,,,,,,游水,,
H087,30/05/2026,踱步,沙田,內圈,沙田 內圈,,,,,,助手,,快踱一圈,H,內圈 快踱一圈 (助手)
H087,29/05/2026,游水,沙田,,沙田,,,,,,,,游水,,
H087,29/05/2026,踱步,沙田,內圈,沙田 內圈,,,,,,助手,,快踱一圈,H,內圈 快踱一圈 (助手)
H087,28/05/2026,游水,沙田,,沙田,,,,,,,,游水,,
H087,28/05/2026,快操,沙田,全天候,沙田 全天候,,55.0,55.0,29.2 25.8,,潘明輝,,快操,H,29.2 25.8 (55.0) (潘明輝)
H087,28/05/2026,踱步,沙田,飛機場,沙田 飛機場,,,,,,助手,,踱步,H,飛機場 踱步 (助手)
H087,27/05/2026,游水,沙田,,沙田,,,,,,,,游水,,
H087,27/05/2026,踱步,沙田,內圈,沙田 內圈,,,,,,助手,,快踱一圈,H,內圈 快踱一圈 (助手)
H087,26/05/2026,游水,沙田,,沙田,,,,,,,,游水,,
H087,26/05/2026,踱步,沙田,內圈,沙田 內圈,,,,,,助手,,快踱一圈,H,內圈 快踱一圈 (助手)
H087,25/05/2026,游水,沙田,,沙田,,,,,,,,游水,,
H087,25/05/2026,快操,沙田,全天候,沙田 全天候,,57.0,57.0,31.3 25.7,,助手,,快操,H,31.3 25.7 (57.0) (助手)
H087,25/05/2026,踱步,沙田,飛機場,沙田 飛機場,,,,,,助手,,踱步,H,飛機場 踱步 (助手)
H087,24/05/2026,游水,沙田,,沙田,,,,,,,,游水,,
H087,24/05/2026,踱步,沙田,內圈,沙田 內圈,,,,,,助手,,快踱一圈,H,內圈 快踱一圈 (助手)
H087,23/05/2026,游水,沙田,,沙田,,,,,,,,游水,,
H087,23/05/2026,踱步,沙田,內圈,沙田 內圈,,,,,,助手,,快踱一圈,H,內圈 快踱一圈 (助手)
H087,22/05/2026,游水,沙田,,沙田,,,,,,,,游水,,
H087,22/05/2026,踱步,沙田,內圈,沙田 內圈,,,,,,助手,,快踱一圈,H,內圈 快踱一圈 (助手)
H087,21/05/2026,游水,沙田,,沙田,,,,,,,,游水,,
H087,21/05/2026,快操,沙田,全天候,沙田 全天候,,1.02.7,62.7,33.7 29.0,,助手,,快操,H,33.7 29.0 (1.02.7) (助手)
H087,21/05/2026,踱步,沙田,飛機場,沙田 飛機場,,,,,,助手,,踱步,H,飛機場 踱步 (助手)
H087,20/05/2026,游水,沙田,,沙田,,,,,,,,游水,,
H087,20/05/2026,踱步,沙田,內圈,沙田 內圈,,,,,,助手,,快踱一圈,H,內圈 快踱一圈 (助手)
H087,19/05/2026,踱步,沙田,內圈,沙田 內圈,,,,,,助手,,快踱一圈,H,內圈 快踱一圈 (助手)
H087,18/05/2026,踱步,沙田,內圈,沙田 內圈,,,,,,助手,,倒快一圈,H,內圈 倒快一圈 (助手)
H087,17/05/2026,踱步,沙田,飛機場,沙田 飛機場,,,,,,助手,,踱步,H,飛機場 踱步 (助手)
H087,13/05/2026,出賽,跑馬地,草地,跑馬地 草地,1650M,,,,,潘明輝,3/12,出賽,B/TT,1650M (潘明輝) (3/12)
H087,13/05/2026,踱步,沙田,飛機場,沙田 飛機場,,,,,,助手,,踱步,H,飛機場 踱步 (助手)
H087,12/05/2026,游水,沙田,,沙田,,,,,,,,游水,,
H087,12/05/2026,踱步,沙田,內圈,沙田 內圈,,,,,,助手,,快踱一圈,H,內圈 快踱一圈 (助手)
H087,11/05/2026,游水,沙田,,沙田,,,,,,,,游水,,
H087,11/05/2026,踱步,沙田,內圈,沙田 內圈,,,,,,助手,,倒快一圈,H,內圈 倒快一圈 (助手)
H087,10/05/2026,游水,沙田,,沙田,,,,,,,,游水,,
H087,10/05/2026,快操,沙田,全天候,沙田 全天候,,1.00.6,60.6,33.1 27.5,,助手,,快操,H,33.1 27.5 (1.00.6) (助手)
H087,10/05/2026,踱步,沙田,飛機場,沙田 飛機場,,,,,,助手,,踱步,H,飛機場 踱步 (助手)
H087,09/05/2026,游水,沙田,,沙田,,,,,,,,游水,,
H087,09/05/2026,踱步,沙田,內圈,沙田 內圈,,,,,,助手,,快踱一圈,H,內圈 快踱一圈 (助手)
H087,08/05/2026,游水,沙田,,沙田,,,,,,,,游水,,
H087,08/05/2026,踱步,沙田,內圈,沙田 內圈,,,,,,助手,,快踱一圈,H,內圈 快踱一圈 (助手)
H087,07/05/2026,游水,沙田,,沙田,,,,,,,,游水,,
H087,07/05/2026,快操,沙田,全天候,沙田 全天候,,1.00.3,60.3,33.3 27.0,,助手,,快操,H,33.3 27.0 (1.00.3) (助手)
H087,07/05/2026,踱步,沙田,飛機場,沙田 飛機場,,,,,,助手,,踱步,H,飛機場 踱步 (助手)
H087,06/05/2026,游水,沙田,,沙田,,,,,,,,游水,,
H087,06/05/2026,踱步,沙田,內圈,沙田 內圈,,,,,,助手,,快踱一圈,H,內圈 快踱一圈 (助手)
H087,05/05/2026,游水,沙田,,沙田,,,,,,,,游水,,
H087,05/05/2026,踱步,沙田,內圈,沙田 內圈,,,,,,助手,,快踱一圈,H,內圈 快踱一圈 (助手)
H087,04/05/2026,游水,沙田,,沙田,,,,,,,,游水,,
H087,04/05/2026,快操,沙田,全天候,沙田 全天候,,59.6,59.6,32.1 27.5,,助手,,快操,H,32.1 27.5 (59.6) (助手)
H087,04/05/2026,踱步,沙田,飛機場,沙田 飛機場,,,,,,助手,,踱步,H,飛機場 踱步 (助手)
H087,03/05/2026,游水,沙田,,沙田,,,,,,,,游水,,
H087,03/05/2026,踱步,沙田,內圈,沙田 內圈,,,,,,助手,,快踱一圈,H,內圈 快踱一圈 (助手)
H087,02/05/2026,游水,沙田,,沙田,,,,,,,,游水,,
H087,02/05/2026,踱步,沙田,內圈,沙田 內圈,,,,,,助手,,快踱一圈,H,內圈 快踱一圈 (助手)
H087,01/05/2026,游水,沙田,,沙田,,,,,,,,游水,,
H087,01/05/2026,快操,沙田,全天候,沙田 全天候,,59.2,59.2,32.6 26.6,,助手,,快操,H,32.6 26.6 (59.2) (助手)
H087,01/05/2026,踱步,沙田,飛機場,沙田 飛機場,,,,,,助手,,踱步,H,飛機場 踱步 (助手)
H087,30/04/2026,游水,沙田,,沙田,,,,,,,,游水,,
H087,30/04/2026,踱步,沙田,內圈,沙田 內圈,,,,,,助手,,倒快一圈,H,內圈 倒快一圈 (助手)
H087,29/04/2026,游水,沙田,,沙田,,,,,,,,游水,,
H087,29/04/2026,踱步,沙田,內圈,沙田 內圈,,,,,,助手,,快踱一圈,H,內圈 快踱一圈 (助手)
H087,28/04/2026,游水,沙田,,沙田,,,,,,,,游水,,
H087,28/04/2026,踱步,沙田,內圈,沙田 內圈,,,,,,助手,,快踱一圈,H,內圈 快踱一圈 (助手)
H087,27/04/2026,游水,沙田,,沙田,,,,,,,,游水,,
H087,27/04/2026,快操,沙田,全天候,沙田 全天候,,59.7,59.7,32.8 26.9,,助手,,快操,H,32.8 26.9 (59.7) (助手)
H087,27/04/2026,踱步,沙田,飛機場,沙田 飛機場,,,,,,助手,,踱步,H,飛機場 踱步 (助手)
H087,26/04/2026,游水,沙田,,沙田,,,,,,,,游水,,
H087,26/04/2026,踱步,沙田,內圈,沙田 內圈,,,,,,助手,,快踱一圈,H,內圈 快踱一圈 (助手)
H087,25/04/2026,游水,沙田,,沙田,,,,,,,,游水,,
H087,25/04/2026,踱步,沙田,內圈,沙田 內圈,,,,,,助手,,快踱一圈,H,內圈 快踱一圈 (助手)
H087,24/04/2026,游水,沙田,,沙田,,,,,,,,游水,,
H087,24/04/2026,踱步,沙田,內圈,沙田 內圈,,,,,,助手,,快踱一圈,H,內圈 快踱一圈 (助手)
H087,23/04/2026,快操,沙田,全天候,沙田 全天候,,58.3,58.3,32.7 25.6,,助手,,快操,H,32.7 25.6 (58.3) (助手)
H087,23/04/2026,踱步,沙田,飛機場,沙田 飛機場,,,,,,助手,,踱步,H,飛機場 踱步 (助手)
H087,22/04/2026,游水,沙田,,沙田,,,,,,,,游水,,
H087,22/04/2026,踱步,沙田,內圈,沙田 內圈,,,,,,助手,,快踱一圈,H,內圈 快踱一圈 (助手)
H087,21/04/2026,游水,沙田,,沙田,,,,,,,,游水,,
H087,21/04/2026,踱步,沙田,內圈,沙田 內圈,,,,,,助手,,快踱一圈,H,內圈 快踱一圈 (助手)
H087,20/04/2026,踱步,沙田,內圈,沙田 內圈,,,,,,助手,,倒快一圈,H,內圈 倒快一圈 (助手)
H087,19/04/2026,踱步,沙田,飛機場,沙田 飛機場,,,,,,助手,,踱步,H,飛機場 踱步 (助手)
H087,15/04/2026,出賽,跑馬地,草地,跑馬地 草地,1800M,,,,,何澤堯,10/12,出賽,B/TT,1800M (何澤堯) (10/12)
H087,15/04/2026,踱步,沙田,內圈,沙田 內圈,,,,,,助手,,快踱一圈,H,內圈 快踱一圈 (助手)
H087,14/04/2026,游水,沙田,,沙田,,,,,,,,游水,,
H087,14/04/2026,踱步,沙田,內圈,沙田 內圈,,,,,,助手,,快踱一圈,H,內圈 快踱一圈 (助手)
H087,13/04/2026,游水,沙田,,沙田,,,,,,,,游水,,
H087,13/04/2026,踱步,沙田,內圈,沙田 內圈,,,,,,助手,,倒快一圈,H,內圈 倒快一圈 (助手)
H087,12/04/2026,游水,沙田,,沙田,,,,,,,,游水,,
H087,12/04/2026,快操,沙田,全天候,沙田 全天候,,57.9,57.9,32.0 25.9,,助手,,快操,H,32.0 25.9 (57.9) (助手)
H087,12/04/2026,踱步,沙田,飛機場,沙田 飛機場,,,,,,助手,,踱步,H,飛機場 踱步 (助手)
H087,11/04/2026,游水,沙田,,沙田,,,,,,,,游水,,
H087,11/04/2026,踱步,沙田,內圈,沙田 內圈,,,,,,助手,,快踱一圈,H,內圈 快踱一圈 (助手)
H087,10/04/2026,游水,沙田,,沙田,,,,,,,,游水,,
H087,10/04/2026,踱步,沙田,內圈,沙田 內圈,,,,,,助手,,快踱一圈,H,內圈 快踱一圈 (助手)
H087,09/04/2026,游水,沙田,,沙田,,,,,,,,游水,,
H087,09/04/2026,快操,沙田,全天候,沙田 全天候,,57.1,57.1,31.9 25.2,,助手,,方圓星,H,31.9 25.2 (57.1) (助手) 方圓星
H087,09/04/2026,踱步,沙田,飛機場,沙田 飛機場,,,,,,助手,,踱步,H,飛機場 踱步 (助手)
H087,08/04/2026,游水,沙田,,沙田,,,,,,,,游水,,
H087,08/04/2026,踱步,沙田,內圈,沙田 內圈,,,,,,助手,,快踱一圈,H,內圈 快踱一圈 (助手)
H087,07/04/2026,游水,沙田,,沙田,,,,,,,,游水,,
H087,07/04/2026,踱步,沙田,內圈,沙田 內圈,,,,,,助手,,快踱一圈,H,內圈 快踱一圈 (助手)
H087,06/04/2026,游水,沙田,,沙田,,,,,,,,游水,,
H087,06/04/2026,快操,沙田,全天候,沙田 全天候,,1.00.2,60.2,33.8 26.4,,助手,,快操,H,33.8 26.4 (1.00.2) (助手)
H087,06/04/2026,踱步,沙田,飛機場,沙田 飛機場,,,,,,助手,,踱步,H,飛機場 踱步 (助手)
H087,05/04/2026,游水,沙田,,沙田,,,,,,,,游水,,
H087,05/04/2026,踱步,沙田,內圈,沙田 內圈,,,,,,助手,,快踱一圈,H,內圈 快踱一圈 (助手)
H087,04/04/2026,游水,沙田,,沙田,,,,,,,,游水,,
H087,04/04/2026,踱步,沙田,內圈,沙田 內圈,,,,,,助手,,快踱一圈,H,內圈 快踱一圈 (助手)
H087,03/04/2026,游水,沙田,,沙田,,,,,,,,游水,,
H087,03/04/2026,快操,沙田,全天候,沙田 全天候,,59.5,59.5,33.4 26.1,,助手,,快操,H,33.4 26.1 (59.5) (助手)
H087,03/04/2026,踱步,沙田,飛機場,沙田 飛機場,,,,,,助手,,踱步,H,飛機場 踱步 (助手)
H087,02/04/2026,游水,沙田,,沙田,,,,,,,,游水,,
H087,02/04/2026,踱步,沙田,內圈,沙田 內圈,,,,,,助手,,倒快一圈,H,內圈 倒快一圈 (助手)
H087,01/04/2026,游水,沙田,,沙田,,,,,,,,游水,,
H087,01/04/2026,踱步,沙田,內圈,沙田 內圈,,,,,,助手,,快踱一圈,H,內圈 快踱一圈 (助手)
H087,31/03/2026,游水,沙田,,沙田,,,,,,,,游水,,
H087,31/03/2026,踱步,沙田,內圈,沙田 內圈,,,,,,助手,,快踱一圈,H,內圈 快踱一圈 (助手)
H087,30/03/2026,游水,沙田,,沙田,,,,,,,,游水,,
H087,30/03/2026,快操,沙田,全天候,沙田 全天候,,59.0,59.0,32.4 26.6,,助手,,快操,H,32.4 26.6 (59.0) (助手)
H087,30/03/2026,踱步,沙田,飛機場,沙田 飛機場,,,,,,助手,,踱步,H,飛機場 踱步 (助手)
H087,29/03/2026,踱步,沙田,內圈,沙田 內圈,,,,,,助手,,快踱一圈,H,內圈 快踱一圈 (助手)
H087,28/03/2026,游水,沙田,,沙田,,,,,,,,游水,,
H087,28/03/2026,踱步,沙田,內圈,沙田 內圈,,,,,,助手,,快踱一圈,H,內圈 快踱一圈 (助手)
H087,27/03/2026,游水,沙田,,沙田,,,,,,,,游水,,
H087,27/03/2026,踱步,沙田,內圈,沙田 內圈,,,,,,助手,,快踱一圈,H,內圈 快踱一圈 (助手)
H087,26/03/2026,游水,沙田,,沙田,,,,,,,,游水,,
H087,26/03/2026,快操,沙田,全天候,沙田 全天候,,57.7,57.7,31.0 26.7,,助手,,快操,H,31.0 26.7 (57.7) (助手)
H087,26/03/2026,踱步,沙田,飛機場,沙田 飛機場,,,,,,助手,,踱步,H,飛機場 踱步 (助手)
H087,25/03/2026,游水,沙田,,沙田,,,,,,,,游水,,
H087,25/03/2026,踱步,沙田,內圈,沙田 內圈,,,,,,助手,,快踱一圈,H,內圈 快踱一圈 (助手)
H087,24/03/2026,游水,沙田,,沙田,,,,,,,,游水,,
H087,24/03/2026,踱步,沙田,內圈,沙田 內圈,,,,,,助手,,快踱一圈,H,內圈 快踱一圈 (助手)
H087,23/03/2026,游水,沙田,,沙田,,,,,,,,游水,,
H087,23/03/2026,踱步,沙田,內圈,沙田 內圈,,,,,,助手,,倒快一圈,H,內圈 倒快一圈 (助手)
H087,22/03/2026,游水,沙田,,沙田,,,,,,,,游水,,
H087,22/03/2026,踱步,沙田,飛機場,沙田 飛機場,,,,,,助手,,踱步,H,飛機場 踱步 (助手)
H087,18/03/2026,出賽,跑馬地,草地,跑馬地 草地,1800M,,,,,何澤堯,5/12,出賽,B/TT,1800M (何澤堯) (5/12)
H087,18/03/2026,踱步,沙田,飛機場,沙田 飛機場,,,,,,助手,,踱步,H,飛機場 踱步 (助手)
H087,17/03/2026,游水,沙田,,沙田,,,,,,,,游水,,
H087,17/03/2026,踱步,沙田,內圈,沙田 內圈,,,,,,助手,,快踱一圈,H,內圈 快踱一圈 (助手)
H087,16/03/2026,游水,沙田,,沙田,,,,,,,,游水,,
H087,16/03/2026,踱步,沙田,內圈,沙田 內圈,,,,,,助手,,倒快一圈,H,內圈 倒快一圈 (助手)
H087,15/03/2026,游水,沙田,,沙田,,,,,,,,游水,,
H087,15/03/2026,快操,沙田,全天候,沙田 全天候,,1.00.0,60.0,33.1 26.9,,助手,,快操,H,33.1 26.9 (1.00.0) (助手)
H087,15/03/2026,踱步,沙田,飛機場,沙田 飛機場,,,,,,助手,,踱步,H,飛機場 踱步 (助手)
H087,14/03/2026,游水,沙田,,沙田,,,,,,,,游水,,
H087,14/03/2026,踱步,沙田,內圈,沙田 內圈,,,,,,助手,,快踱一圈,H,內圈 快踱一圈 (助手)
H087,13/03/2026,游水,沙田,,沙田,,,,,,,,游水,,
H087,13/03/2026,踱步,沙田,內圈,沙田 內圈,,,,,,助手,,快踱一圈,H,內圈 快踱一圈 (助手)
H087,12/03/2026,游水,沙田,,沙田,,,,,,,,游水,,
H087,12/03/2026,踱步,沙田,內圈,沙田 內圈,,,,,,助手,,倒快一圈,H,內圈 倒快一圈 (助手)
H087,11/03/2026,游水,沙田,,沙田,,,,,,,,游水,,
H087,11/03/2026,快操,沙田,全天候,沙田 全天候,,58.0,58.0,32.0 26.0,,助手,,快操,H,32.0 26.0 (58.0) (助手)
H087,11/03/2026,踱步,沙田,飛機場,沙田 飛機場,,,,,,助手,,踱步,H,飛機場 踱步 (助手)
H087,10/03/2026,游水,沙田,,沙田,,,,,,,,游水,,
H087,10/03/2026,踱步,沙田,內圈,沙田 內圈,,,,,,助手,,快踱一圈,H,內圈 快踱一圈 (助手)
H087,09/03/2026,游水,沙田,,沙田,,,,,,,,游水,,
H087,09/03/2026,踱步,沙田,內圈,沙田 內圈,,,,,,助手,,倒快一圈,H,內圈 倒快一圈 (助手)
H087,08/03/2026,游水,沙田,,沙田,,,,,,,,游水,,
H087,08/03/2026,踱步,沙田,內圈,沙田 內圈,,,,,,助手,,快踱一圈,H,內圈 快踱一圈 (助手)
H087,07/03/2026,游水,沙田,,沙田,,,,,,,,游水,,
H087,07/03/2026,踱步,沙田,飛機場,沙田 飛機場,,,,,,助手,,踱步,H,飛機場 踱步 (助手)
H087,06/03/2026,游水,沙田,,沙田,,,,,,,,游水,,
H087,05/03/2026,試閘,沙田,全天候,沙田 全天候,1200M,1.12.39,72.39,24.7 23.1 24.5,幸運福星,何澤堯,,第3組,B,第3組 (何澤堯) 1200M 幸運福星 24.7 23.1 24.5 (1.12.39)
H087,05/03/2026,游水,沙田,,沙田,,,,,,,,游水,,
H087,05/03/2026,踱步,沙田,飛機場,沙田 飛機場,,,,,,助手,,踱步,B,飛機場 踱步 (助手)
H087,04/03/2026,游水,沙田,,沙田,,,,,,,,游水,,
H087,04/03/2026,踱步,沙田,內圈,沙田 內圈,,,,,,助手,,快踱一圈,H,內圈 快踱一圈 (助手)
H087,03/03/2026,游水,沙田,,沙田,,,,,,,,游水,,
H087,03/03/2026,踱步,沙田,內圈,沙田 內圈,,,,,,助手,,快踱一圈,H,內圈 快踱一圈 (助手)
H087,02/03/2026,游水,沙田,,沙田,,,,,,,,游水,,
H087,02/03/2026,踱步,沙田,內圈,沙田 內圈,,,,,,助手,,倒快一圈,H,內圈 倒快一圈 (助手)
H087,01/03/2026,游水,沙田,,沙田,,,,,,,,游水,,
H087,01/03/2026,踱步,沙田,內圈,沙田 內圈,,,,,,助手,,快踱一圈,H,內圈 快踱一圈 (助手)
H087,28/02/2026,游水,沙田,,沙田,,,,,,,,游水,,
H087,28/02/2026,快操,沙田,全天候,沙田 全天候,,1.00.0,60.0,32.6 27.4,,助手,,快操,H,32.6 27.4 (1.00.0) (助手)
H087,28/02/2026,踱步,沙田,飛機場,沙田 飛機場,,,,,,助手,,踱步,H,飛機場 踱步 (助手)
H087,27/02/2026,游水,沙田,,沙田,,,,,,,,游水,,
H087,27/02/2026,踱步,沙田,內圈,沙田 內圈,,,,,,助手,,快踱一圈,H,內圈 快踱一圈 (助手)
H087,26/02/2026,游水,沙田,,沙田,,,,,,,,游水,,
H087,26/02/2026,踱步,沙田,內圈,沙田 內圈,,,,,,助手,,倒快一圈,H,內圈 倒快一圈 (助手)
H087,25/02/2026,游水,沙田,,沙田,,,,,,,,游水,,
H087,25/02/2026,踱步,沙田,內圈,沙田 內圈,,,,,,助手,,快踱一圈,H,內圈 快踱一圈 (助手)
H087,24/02/2026,游水,沙田,,沙田,,,,,,,,游水,,
H087,24/02/2026,快操,沙田,全天候,沙田 全天候,,57.4,57.4,32.0 25.4,,助手,,保羅輝煌,H,32.0 25.4 (57.4) (助手) 保羅輝煌
H087,23/02/2026,游水,沙田,,沙田,,,,,,,,游水,,
H087,23/02/2026,踱步,沙田,內圈,沙田 內圈,,,,,,助手,,倒快一圈,H,內圈 倒快一圈 (助手)
H087,22/02/2026,游水,沙田,,沙田,,,,,,,,游水,,
H087,22/02/2026,踱步,沙田,內圈,沙田 內圈,,,,,,助手,,快踱一圈,H,內圈 快踱一圈 (助手)
H087,21/02/2026,游水,沙田,,沙田,,,,,,,,游水,,
H087,21/02/2026,踱步,沙田,內圈,沙田 內圈,,,,,,助手,,快踱一圈,H,內圈 快踱一圈 (助手)
H087,20/02/2026,游水,沙田,,沙田,,,,,,,,游水,,
H087,20/02/2026,快操,沙田,全天候,沙田 全天候,,59.0,59.0,32.2 26.8,,助手,,快操,H,32.2 26.8 (59.0) (助手)
H087,20/02/2026,踱步,沙田,飛機場,沙田 飛機場,,,,,,助手,,踱步,H,飛機場 踱步 (助手)
H087,19/02/2026,游水,沙田,,沙田,,,,,,,,游水,,
H087,19/02/2026,踱步,沙田,內圈,沙田 內圈,,,,,,助手,,倒快一圈,H,內圈 倒快一圈 (助手)
H087,18/02/2026,游水,沙田,,沙田,,,,,,,,游水,,
H087,18/02/2026,踱步,沙田,內圈,沙田 內圈,,,,,,助手,,快踱一圈,H,內圈 快踱一圈 (助手)
H087,16/02/2026,游水,沙田,,沙田,,,,,,,,游水,,
H087,16/02/2026,快操,沙田,全天候,沙田 全天候,,59.6,59.6,32.7 26.9,,助手,,快操,H,32.7 26.9 (59.6) (助手)
H087,16/02/2026,踱步,沙田,飛機場,沙田 飛機場,,,,,,助手,,踱步,H,飛機場 踱步 (助手)
H087,15/02/2026,游水,沙田,,沙田,,,,,,,,游水,,
H087,15/02/2026,踱步,沙田,內圈,沙田 內圈,,,,,,助手,,快踱一圈,H,內圈 快踱一圈 (助手)
H087,14/02/2026,游水,沙田,,沙田,,,,,,,,游水,,
H087,14/02/2026,踱步,沙田,內圈,沙田 內圈,,,,,,助手,,快踱一圈,H,內圈 快踱一圈 (助手)
H087,13/02/2026,游水,沙田,,沙田,,,,,,,,游水,,
H087,13/02/2026,踱步,沙田,內圈,沙田 內圈,,,,,,助手,,快踱一圈,H,內圈 快踱一圈 (助手)
H087,12/02/2026,游水,沙田,,沙田,,,,,,,,游水,,
H087,12/02/2026,快操,沙田,全天候,沙田 全天候,,57.0,57.0,30.9 26.1,,助手,,快操,H,30.9 26.1 (57.0) (助手)
H087,12/02/2026,踱步,沙田,飛機場,沙田 飛機場,,,,,,助手,,踱步,H,飛機場 踱步 (助手)
H087,11/02/2026,游水,沙田,,沙田,,,,,,,,游水,,
H087,11/02/2026,踱步,沙田,內圈,沙田 內圈,,,,,,助手,,快踱一圈,H,內圈 快踱一圈 (助手)
H087,10/02/2026,游水,沙田,,沙田,,,,,,,,游水,,
H087,10/02/2026,踱步,沙田,內圈,沙田 內圈,,,,,,助手,,快踱一圈,H,內圈 快踱一圈 (助手)
H087,09/02/2026,游水,沙田,,沙田,,,,,,,,游水,,
H087,09/02/2026,踱步,沙田,內圈,沙田 內圈,,,,,,助手,,倒快一圈,H,內圈 倒快一圈 (助手)
H087,08/02/2026,游水,沙田,,沙田,,,,,,,,游水,,
H087,08/02/2026,踱步,沙田,飛機場,沙田 飛機場,,,,,,助手,,踱步,H,飛機場 踱步 (助手)
H087,04/02/2026,出賽,跑馬地,草地,跑馬地 草地,1800M,,,,,紀仁安,11/12,出賽,B/TT,1800M (紀仁安) (11/12)
H087,04/02/2026,踱步,沙田,飛機場,沙田 飛機場,,,,,,助手,,踱步,H,飛機場 踱步 (助手)
H087,03/02/2026,游水,沙田,,沙田,,,,,,,,游水,,
H087,03/02/2026,踱步,沙田,內圈,沙田 內圈,,,,,,助手,,快踱一圈,H,內圈 快踱一圈 (助手)
H087,02/02/2026,游水,沙田,,沙田,,,,,,,,游水,,
H087,02/02/2026,踱步,沙田,內圈,沙田 內圈,,,,,,助手,,倒快一圈,H,內圈 倒快一圈 (助手)
H087,01/02/2026,游水,沙田,,沙田,,,,,,,,游水,,
H087,01/02/2026,快操,沙田,全天候,沙田 全天候,,59.7,59.7,33.0 26.7,,助手,,快操,H,33.0 26.7 (59.7) (助手)
H087,01/02/2026,踱步,沙田,飛機場,沙田 飛機場,,,,,,助手,,踱步,H,飛機場 踱步 (助手)
H087,31/01/2026,游水,沙田,,沙田,,,,,,,,游水,,
H087,31/01/2026,踱步,沙田,內圈,沙田 內圈,,,,,,助手,,快踱一圈,H,內圈 快踱一圈 (助手)
H087,30/01/2026,游水,沙田,,沙田,,,,,,,,游水,,
H087,30/01/2026,踱步,沙田,內圈,沙田 內圈,,,,,,助手,,快踱一圈,H,內圈 快踱一圈 (助手)
H087,29/01/2026,游水,沙田,,沙田,,,,,,,,游水,,
H087,29/01/2026,快操,沙田,全天候,沙田 全天候,,56.7,56.7,30.6 26.1,,助手,,快操,H,30.6 26.1 (56.7) (助手)
H087,29/01/2026,踱步,沙田,飛機場,沙田 飛機場,,,,,,助手,,踱步,H,飛機場 踱步 (助手)
H087,28/01/2026,游水,沙田,,沙田,,,,,,,,游水,,
H087,28/01/2026,踱步,沙田,內圈,沙田 內圈,,,,,,助手,,快踱一圈,H,內圈 快踱一圈 (助手)
H087,27/01/2026,游水,沙田,,沙田,,,,,,,,游水,,
H087,27/01/2026,踱步,沙田,內圈,沙田 內圈,,,,,,助手,,快踱一圈,H,內圈 快踱一圈 (助手)
H087,26/01/2026,游水,沙田,,沙田,,,,,,,,游水,,
H087,26/01/2026,踱步,沙田,內圈,沙田 內圈,,,,,,助手,,倒快一圈,H,內圈 倒快一圈 (助手)
H087,25/01/2026,游水,沙田,,沙田,,,,,,,,游水,,
H087,25/01/2026,踱步,沙田,飛機場,沙田 飛機場,,,,,,助手,,踱步,H,飛機場 踱步 (助手)
H087,23/01/2026,試閘,沙田,全天候,沙田 全天候,1200M,1.11.84,71.84,25.4 23.6 22.8,大千赤風,紀仁安,,第2組,B,第2組 (紀仁安) 1200M 大千赤風 25.4 23.6 22.8 (1.11.84)
H087,23/01/2026,踱步,沙田,飛機場,沙田 飛機場,,,,,,助手,,踱步,B,飛機場 踱步 (助手)
H087,22/01/2026,游水,沙田,,沙田,,,,,,,,游水,,
H087,22/01/2026,踱步,沙田,內圈,沙田 內圈,,,,,,助手,,倒快一圈,H,內圈 倒快一圈 (助手)
H087,21/01/2026,游水,沙田,,沙田,,,,,,,,游水,,
H087,21/01/2026,踱步,沙田,內圈,沙田 內圈,,,,,,助手,,快踱一圈,H,內圈 快踱一圈 (助手)
H087,20/01/2026,游水,沙田,,沙田,,,,,,,,游水,,
H087,20/01/2026,踱步,沙田,內圈,沙田 內圈,,,,,,助手,,快踱一圈,H,內圈 快踱一圈 (助手)
H087,19/01/2026,游水,沙田,,沙田,,,,,,,,游水,,
H087,19/01/2026,快操,沙田,全天候,沙田 全天候,,58.3,58.3,32.2 26.1,,助手,,快操,H,32.2 26.1 (58.3) (助手)
H087,19/01/2026,踱步,沙田,飛機場,沙田 飛機場,,,,,,助手,,踱步,H,飛機場 踱步 (助手)
H087,18/01/2026,游水,沙田,,沙田,,,,,,,,游水,,
H087,18/01/2026,踱步,沙田,內圈,沙田 內圈,,,,,,助手,,快踱一圈,H,內圈 快踱一圈 (助手)
H087,17/01/2026,游水,沙田,,沙田,,,,,,,,游水,,
H087,17/01/2026,踱步,沙田,內圈,沙田 內圈,,,,,,助手,,快踱一圈,H,內圈 快踱一圈 (助手)
H087,16/01/2026,游水,沙田,,沙田,,,,,,,,游水,,
H087,16/01/2026,踱步,沙田,內圈,沙田 內圈,,,,,,助手,,快踱一圈,H,內圈 快踱一圈 (助手)
H087,15/01/2026,游水,沙田,,沙田,,,,,,,,游水,,
H087,15/01/2026,快操,沙田,全天候,沙田 全天候,,56.8,56.8,31.3 25.5,,助手,,快操,H,31.3 25.5 (56.8) (助手)
H087,15/01/2026,踱步,沙田,飛機場,沙田 飛機場,,,,,,助手,,踱步,H,飛機場 踱步 (助手)
H087,14/01/2026,游水,沙田,,沙田,,,,,,,,游水,,
H087,14/01/2026,踱步,沙田,內圈,沙田 內圈,,,,,,助手,,快踱一圈,H,內圈 快踱一圈 (助手)
H087,13/01/2026,游水,沙田,,沙田,,,,,,,,游水,,
H087,13/01/2026,踱步,沙田,內圈,沙田 內圈,,,,,,助手,,快踱一圈,H,內圈 快踱一圈 (助手)
H087,12/01/2026,游水,沙田,,沙田,,,,,,,,游水,,
H087,12/01/2026,踱步,沙田,內圈,沙田 內圈,,,,,,助手,,倒快一圈,H,內圈 倒快一圈 (助手)
H087,11/01/2026,踱步,沙田,飛機場,沙田 飛機場,,,,,,助手,,踱步,H,飛機場 踱步 (助手)
H087,07/01/2026,出賽,跑馬地,草地,跑馬地 草地,1650M,,,,,梁家俊,4/12,出賽,B/TT,1650M (梁家俊) (4/12)
H087,07/01/2026,踱步,沙田,飛機場,沙田 飛機場,,,,,,助手,,踱步,H,飛機場 踱步 (助手)
H087,06/01/2026,踱步,沙田,內圈,沙田 內圈,,,,,,助手,,快踱一圈,H,內圈 快踱一圈 (助手)
H087,05/01/2026,游水,沙田,,沙田,,,,,,,,游水,,
H087,05/01/2026,踱步,沙田,內圈,沙田 內圈,,,,,,助手,,倒快一圈,H,內圈 倒快一圈 (助手)
H087,04/01/2026,游水,沙田,,沙田,,,,,,,,游水,,
H087,04/01/2026,踱步,沙田,內圈,沙田 內圈,,,,,,助手,,快踱一圈,H,內圈 快踱一圈 (助手)
H087,03/01/2026,游水,沙田,,沙田,,,,,,,,游水,,
H087,03/01/2026,踱步,沙田,內圈,沙田 內圈,,,,,,助手,,快踱一圈,H,內圈 快踱一圈 (助手)
H087,02/01/2026,游水,沙田,,沙田,,,,,,,,游水,,
H087,02/01/2026,踱步,沙田,內圈,沙田 內圈,,,,,,助手,,快踱一圈,H,內圈 快踱一圈 (助手)
H087,01/01/2026,游水,沙田,,沙田,,,,,,,,游水,,
H087,01/01/2026,踱步,沙田,內圈,沙田 內圈,,,,,,助手,,倒快一圈,H,內圈 倒快一圈 (助手)
H087,31/12/2025,游水,沙田,,沙田,,,,,,,,游水,,
H087,31/12/2025,快操,沙田,全天候,沙田 全天候,,56.0,56.0,30.6 25.4,,助手,,快操,H,30.6 25.4 (56.0) (助手)
H087,31/12/2025,踱步,沙田,飛機場,沙田 飛機場,,,,,,助手,,踱步,H,飛機場 踱步 (助手)
H087,30/12/2025,游水,沙田,,沙田,,,,,,,,游水,,
H087,30/12/2025,踱步,沙田,內圈,沙田 內圈,,,,,,助手,,快踱一圈,H,內圈 快踱一圈 (助手)
H087,29/12/2025,游水,沙田,,沙田,,,,,,,,游水,,
H087,29/12/2025,踱步,沙田,內圈,沙田 內圈,,,,,,助手,,倒快一圈,H,內圈 倒快一圈 (助手)
H087,28/12/2025,游水,沙田,,沙田,,,,,,,,游水,,
H087,28/12/2025,踱步,沙田,內圈,沙田 內圈,,,,,,助手,,快踱一圈,H,內圈 快踱一圈 (助手)
H087,27/12/2025,游水,沙田,,沙田,,,,,,,,游水,,
H087,27/12/2025,快操,沙田,全天候,沙田 全天候,,56.5,56.5,30.5 26.0,,助手,,快操,H,30.5 26.0 (56.5) (助手)
H087,27/12/2025,踱步,沙田,飛機場,沙田 飛機場,,,,,,助手,,踱步,H,飛機場 踱步 (助手)
H087,26/12/2025,游水,沙田,,沙田,,,,,,,,游水,,
H087,26/12/2025,踱步,沙田,內圈,沙田 內圈,,,,,,助手,,快踱一圈,H,內圈 快踱一圈 (助手)
H087,25/12/2025,游水,沙田,,沙田,,,,,,,,游水,,
H087,25/12/2025,踱步,沙田,內圈,沙田 內圈,,,,,,助手,,倒快一圈,H,內圈 倒快一圈 (助手)
H087,24/12/2025,游水,沙田,,沙田,,,,,,,,游水,,
H087,24/12/2025,踱步,沙田,內圈,沙田 內圈,,,,,,助手,,快踱一圈,H,內圈 快踱一圈 (助手)
H087,23/12/2025,游水,沙田,,沙田,,,,,,,,游水,,
H087,23/12/2025,快操,沙田,全天候,沙田 全天候,,57.4,57.4,31.5 25.9,,助手,,快操,H,31.5 25.9 (57.4) (助手)
H087,23/12/2025,踱步,沙田,飛機場,沙田 飛機場,,,,,,助手,,踱步,H,飛機場 踱步 (助手)
H087,22/12/2025,游水,沙田,,沙田,,,,,,,,游水,,
H087,22/12/2025,踱步,沙田,內圈,沙田 內圈,,,,,,助手,,倒快一圈,H,內圈 倒快一圈 (助手)
H087,21/12/2025,游水,沙田,,沙田,,,,,,,,游水,,
H087,21/12/2025,踱步,沙田,內圈,沙田 內圈,,,,,,助手,,快踱一圈,H,內圈 快踱一圈 (助手)
H087,20/12/2025,游水,沙田,,沙田,,,,,,,,游水,,
H087,20/12/2025,踱步,沙田,內圈,沙田 內圈,,,,,,助手,,快踱一圈,H,內圈 快踱一圈 (助手)
H087,19/12/2025,游水,沙田,,沙田,,,,,,,,游水,,
H087,19/12/2025,快操,沙田,全天候,沙田 全天候,,56.1,56.1,30.8 25.3,,助手,,快操,H,30.8 25.3 (56.1) (助手)
H087,19/12/2025,踱步,沙田,飛機場,沙田 飛機場,,,,,,助手,,踱步,H,飛機場 踱步 (助手)
H087,18/12/2025,游水,沙田,,沙田,,,,,,,,游水,,
H087,18/12/2025,踱步,沙田,內圈,沙田 內圈,,,,,,助手,,倒快一圈,H,內圈 倒快一圈 (助手)
H087,17/12/2025,游水,沙田,,沙田,,,,,,,,游水,,
H087,17/12/2025,踱步,沙田,內圈,沙田 內圈,,,,,,助手,,快踱一圈,H,內圈 快踱一圈 (助手)
H087,16/12/2025,游水,沙田,,沙田,,,,,,,,游水,,
H087,16/12/2025,踱步,沙田,內圈,沙田 內圈,,,,,,助手,,快踱一圈,H,內圈 快踱一圈 (助手)
H087,15/12/2025,踱步,沙田,內圈,沙田 內圈,,,,,,助手,,倒快一圈,H,內圈 倒快一圈 (助手)
H087,14/12/2025,踱步,沙田,飛機場,沙田 飛機場,,,,,,助手,,踱步,H,飛機場 踱步 (助手)
H087,10/12/2025,出賽,跑馬地,草地,跑馬地 草地,1650M,,,,,李寶利,9/12,出賽,B/TT,1650M (李寶利) (9/12)
H087,10/12/2025,踱步,沙田,飛機場,沙田 飛機場,,,,,,助手,,踱步,H,飛機場 踱步 (助手)
H087,09/12/2025,游水,沙田,,沙田,,,,,,,,游水,,
H087,09/12/2025,踱步,沙田,內圈,沙田 內圈,,,,,,助手,,快踱一圈,H,內圈 快踱一圈 (助手)
H087,08/12/2025,游水,沙田,,沙田,,,,,,,,游水,,
H087,08/12/2025,踱步,沙田,內圈,沙田 內圈,,,,,,助手,,倒快一圈,H,內圈 倒快一圈 (助手)
H087,07/12/2025,游水,沙田,,沙田,,,,,,,,游水,,
H087,07/12/2025,踱步,沙田,內圈,沙田 內圈,,,,,,助手,,快踱一圈,H,內圈 快踱一圈 (助手)
H087,06/12/2025,游水,沙田,,沙田,,,,,,,,游水,,
H087,06/12/2025,快操,沙田,全天候,沙田 全天候,,1.02.6,62.6,33.6 29.0,,助手,,快操,H,33.6 29.0 (1.02.6) (助手)
H087,06/12/2025,踱步,沙田,飛機場,沙田 飛機場,,,,,,助手,,踱步,H,飛機場 踱步 (助手)
H087,05/12/2025,游水,沙田,,沙田,,,,,,,,游水,,
H087,05/12/2025,踱步,沙田,內圈,沙田 內圈,,,,,,助手,,快踱一圈,H,內圈 快踱一圈 (助手)
H087,04/12/2025,游水,沙田,,沙田,,,,,,,,游水,,
H087,04/12/2025,踱步,沙田,內圈,沙田 內圈,,,,,,助手,,倒快一圈,H,內圈 倒快一圈 (助手)
H087,03/12/2025,游水,沙田,,沙田,,,,,,,,游水,,
H087,03/12/2025,踱步,沙田,內圈,沙田 內圈,,,,,,助手,,快踱一圈,H,內圈 快踱一圈 (助手)
H087,02/12/2025,游水,沙田,,沙田,,,,,,,,游水,,
H087,02/12/2025,踱步,沙田,內圈,沙田 內圈,,,,,,助手,,快踱一圈,H,內圈 快踱一圈 (助手)
H087,01/12/2025,游水,沙田,,沙田,,,,,,,,游水,,
H087,01/12/2025,踱步,沙田,內圈,沙田 內圈,,,,,,助手,,倒快一圈,H,內圈 倒快一圈 (助手)
H087,30/11/2025,踱步,沙田,飛機場,沙田 飛機場,,,,,,助手,,踱步,H,飛機場 踱步 (助手)
H087,26/11/2025,出賽,跑馬地,草地,跑馬地 草地,1800M,,,,,潘明輝,4/12,出賽,B/TT,1800M (潘明輝) (4/12)
H087,26/11/2025,踱步,沙田,飛機場,沙田 飛機場,,,,,,助手,,踱步,H,飛機場 踱步 (助手)
H087,25/11/2025,游水,沙田,,沙田,,,,,,,,游水,,
H087,25/11/2025,踱步,沙田,內圈,沙田 內圈,,,,,,助手,,快踱一圈,H,內圈 快踱一圈 (助手)
H087,24/11/2025,游水,沙田,,沙田,,,,,,,,游水,,
H087,24/11/2025,踱步,沙田,內圈,沙田 內圈,,,,,,助手,,倒快一圈,H,內圈 倒快一圈 (助手)
H087,23/11/2025,游水,沙田,,沙田,,,,,,,,游水,,
H087,23/11/2025,踱步,沙田,內圈,沙田 內圈,,,,,,助手,,快踱一圈,H,內圈 快踱一圈 (助手)
H087,22/11/2025,快操,沙田,全天候,沙田 全天候,,57.9,57.9,32.2 25.7,,助手,,快操,H,32.2 25.7 (57.9) (助手)
H087,22/11/2025,踱步,沙田,飛機場,沙田 飛機場,,,,,,助手,,踱步,H,飛機場 踱步 (助手)
H087,21/11/2025,游水,沙田,,沙田,,,,,,,,游水,,
H087,21/11/2025,踱步,沙田,內圈,沙田 內圈,,,,,,助手,,快踱一圈,H,內圈 快踱一圈 (助手)
H087,20/11/2025,游水,沙田,,沙田,,,,,,,,游水,,
H087,20/11/2025,踱步,沙田,內圈,沙田 內圈,,,,,,助手,,倒快一圈,H,內圈 倒快一圈 (助手)
H087,19/11/2025,游水,沙田,,沙田,,,,,,,,游水,,
H087,19/11/2025,踱步,沙田,內圈,沙田 內圈,,,,,,助手,,快踱一圈,H,內圈 快踱一圈 (助手)
H087,18/11/2025,游水,沙田,,沙田,,,,,,,,游水,,
H087,18/11/2025,踱步,沙田,內圈,沙田 內圈,,,,,,助手,,快踱一圈,H,內圈 快踱一圈 (助手)
H087,17/11/2025,游水,沙田,,沙田,,,,,,,,游水,,
H087,17/11/2025,踱步,沙田,內圈,沙田 內圈,,,,,,助手,,倒快一圈,H,內圈 倒快一圈 (助手)
H087,16/11/2025,游水,沙田,,沙田,,,,,,,,游水,,
H087,16/11/2025,踱步,沙田,飛機場,沙田 飛機場,,,,,,助手,,踱步,H,飛機場 踱步 (助手)
H087,12/11/2025,出賽,跑馬地,草地,跑馬地 草地,1650M,,,,,潘明輝,2/12,出賽,B/TT,1650M (潘明輝) (2/12)
H087,12/11/2025,踱步,沙田,飛機場,沙田 飛機場,,,,,,助手,,踱步,H,飛機場 踱步 (助手)
H087,11/11/2025,游水,沙田,,沙田,,,,,,,,游水,,
H087,11/11/2025,踱步,沙田,內圈,沙田 內圈,,,,,,助手,,快踱一圈,H,內圈 快踱一圈 (助手)
H087,10/11/2025,游水,沙田,,沙田,,,,,,,,游水,,
H087,10/11/2025,踱步,沙田,內圈,沙田 內圈,,,,,,助手,,倒快一圈,H,內圈 倒快一圈 (助手)
H087,09/11/2025,游水,沙田,,沙田,,,,,,,,游水,,
H087,09/11/2025,踱步,沙田,內圈,沙田 內圈,,,,,,助手,,快踱一圈,H,內圈 快踱一圈 (助手)
H087,08/11/2025,游水,沙田,,沙田,,,,,,,,游水,,
H087,08/11/2025,踱步,沙田,內圈,沙田 內圈,,,,,,助手,,快踱一圈,H,內圈 快踱一圈 (助手)
H087,07/11/2025,游水,沙田,,沙田,,,,,,,,游水,,
H087,07/11/2025,踱步,沙田,內圈,沙田 內圈,,,,,,助手,,快踱一圈,H,內圈 快踱一圈 (助手)
H087,06/11/2025,游水,沙田,,沙田,,,,,,,,游水,,
H087,06/11/2025,踱步,沙田,飛機場,沙田 飛機場,,,,,,助手,,踱步,H,飛機場 踱步 (助手)
H087,02/11/2025,出賽,跑馬地,草地,跑馬地 草地,1800M,,,,,蔡明紹,8/12,出賽,B/TT,1800M (蔡明紹) (8/12)
H087,02/11/2025,踱步,沙田,內圈,沙田 內圈,,,,,,助手,,快踱一圈,H,內圈 快踱一圈 (助手)
H087,01/11/2025,游水,沙田,,沙田,,,,,,,,游水,,
H087,01/11/2025,踱步,沙田,內圈,沙田 內圈,,,,,,助手,,快踱一圈,H,內圈 快踱一圈 (助手)
H087,31/10/2025,游水,沙田,,沙田,,,,,,,,游水,,
H087,31/10/2025,踱步,沙田,內圈,沙田 內圈,,,,,,助手,,快踱一圈,H,內圈 快踱一圈 (助手)
H087,30/10/2025,游水,沙田,,沙田,,,,,,,,游水,,
H087,30/10/2025,快操,沙田,全天候,沙田 全天候,,57.9,57.9,31.8 26.1,,助手,,快操,H,31.8 26.1 (57.9) (助手)
H087,30/10/2025,踱步,沙田,飛機場,沙田 飛機場,,,,,,助手,,踱步,H,飛機場 踱步 (助手)
H087,29/10/2025,游水,沙田,,沙田,,,,,,,,游水,,
H087,29/10/2025,踱步,沙田,內圈,沙田 內圈,,,,,,助手,,快踱一圈,H,內圈 快踱一圈 (助手)
H087,28/10/2025,游水,沙田,,沙田,,,,,,,,游水,,
H087,28/10/2025,踱步,沙田,內圈,沙田 內圈,,,,,,助手,,快踱一圈,H,內圈 快踱一圈 (助手)
H087,27/10/2025,游水,沙田,,沙田,,,,,,,,游水,,
H087,27/10/2025,快操,沙田,全天候,沙田 全天候,,58.7,58.7,32.2 26.5,,助手,,快操,H,32.2 26.5 (58.7) (助手)
H087,27/10/2025,踱步,沙田,飛機場,沙田 飛機場,,,,,,助手,,踱步,H,飛機場 踱步 (助手)
H087,26/10/2025,游水,沙田,,沙田,,,,,,,,游水,,
H087,26/10/2025,踱步,沙田,內圈,沙田 內圈,,,,,,助手,,快踱一圈,H,內圈 快踱一圈 (助手)
H087,25/10/2025,游水,沙田,,沙田,,,,,,,,游水,,
H087,25/10/2025,踱步,沙田,內圈,沙田 內圈,,,,,,助手,,快踱一圈,H,內圈 快踱一圈 (助手)
H087,24/10/2025,游水,沙田,,沙田,,,,,,,,游水,,
H087,24/10/2025,踱步,沙田,內圈,沙田 內圈,,,,,,助手,,快踱一圈,H,內圈 快踱一圈 (助手)
H087,23/10/2025,游水,沙田,,沙田,,,,,,,,游水,,
H087,23/10/2025,踱步,沙田,飛機場,沙田 飛機場,,,,,,助手,,踱步,H,飛機場 踱步 (助手)
H087,22/10/2025,游水,沙田,,沙田,,,,,,,,游水,,
H087,21/10/2025,試閘,沙田,全天候,沙田 全天候,1200M,1.10.46,70.46,24.2 22.6 23.6,川河動駒,蔡明紹,,第1組,B,第1組 (蔡明紹) 1200M 川河動駒 24.2 22.6 23.6 (1.10.46)
H087,21/10/2025,游水,沙田,,沙田,,,,,,,,游水,,
H087,21/10/2025,踱步,沙田,飛機場,沙田 飛機場,,,,,,助手,,踱步,H,飛機場 踱步 (助手)
H087,20/10/2025,游水,沙田,,沙田,,,,,,,,游水,,
H087,20/10/2025,踱步,沙田,內圈,沙田 內圈,,,,,,助手,,倒快一圈,H,內圈 倒快一圈 (助手)
H087,19/10/2025,游水,沙田,,沙田,,,,,,,,游水,,
H087,19/10/2025,踱步,沙田,內圈,沙田 內圈,,,,,,助手,,快踱一圈,H,內圈 快踱一圈 (助手)
H087,18/10/2025,游水,沙田,,沙田,,,,,,,,游水,,
H087,18/10/2025,踱步,沙田,內圈,沙田 內圈,,,,,,助手,,快踱一圈,H,內圈 快踱一圈 (助手)
H087,17/10/2025,游水,沙田,,沙田,,,,,,,,游水,,
H087,17/10/2025,快操,沙田,全天候,沙田 全天候,,58.2,58.2,32.0 26.2,,助手,,快操,H,32.0 26.2 (58.2) (助手)
H087,17/10/2025,踱步,沙田,飛機場,沙田 飛機場,,,,,,助手,,踱步,H,飛機場 踱步 (助手)
H087,16/10/2025,游水,沙田,,沙田,,,,,,,,游水,,
H087,16/10/2025,踱步,沙田,內圈,沙田 內圈,,,,,,助手,,倒快一圈,H,內圈 倒快一圈 (助手)
H087,15/10/2025,游水,沙田,,沙田,,,,,,,,游水,,
H087,15/10/2025,踱步,沙田,內圈,沙田 內圈,,,,,,助手,,快踱一圈,H,內圈 快踱一圈 (助手)
H087,14/10/2025,游水,沙田,,沙田,,,,,,,,游水,,
H087,14/10/2025,踱步,沙田,內圈,沙田 內圈,,,,,,助手,,快踱一圈,H,內圈 快踱一圈 (助手)
H087,13/10/2025,游水,沙田,,沙田,,,,,,,,游水,,
H087,13/10/2025,快操,沙田,全天候,沙田 全天候,,57.5,57.5,31.2 26.3,,助手,,快操,H,31.2 26.3 (57.5) (助手)
H087,13/10/2025,踱步,沙田,飛機場,沙田 飛機場,,,,,,助手,,踱步,H,飛機場 踱步 (助手)
H087,12/10/2025,游水,沙田,,沙田,,,,,,,,游水,,
H087,12/10/2025,踱步,沙田,內圈,沙田 內圈,,,,,,助手,,快踱一圈,H,內圈 快踱一圈 (助手)
H087,11/10/2025,游水,沙田,,沙田,,,,,,,,游水,,
H087,11/10/2025,踱步,沙田,內圈,沙田 內圈,,,,,,助手,,快踱一圈,H,內圈 快踱一圈 (助手)
H087,10/10/2025,游水,沙田,,沙田,,,,,,,,游水,,
H087,10/10/2025,踱步,沙田,內圈,沙田 內圈,,,,,,助手,,快踱一圈,H,內圈 快踱一圈 (助手)
H087,09/10/2025,游水,沙田,,沙田,,,,,,,,游水,,
H087,09/10/2025,快操,沙田,全天候,沙田 全天候,,58.2,58.2,31.8 26.4,,助手,,快操,H,31.8 26.4 (58.2) (助手)
H087,09/10/2025,踱步,沙田,飛機場,沙田 飛機場,,,,,,助手,,踱步,H,飛機場 踱步 (助手)
H087,08/10/2025,游水,沙田,,沙田,,,,,,,,游水,,
H087,08/10/2025,踱步,沙田,內圈,沙田 內圈,,,,,,助手,,快踱一圈,H,內圈 快踱一圈 (助手)
H087,07/10/2025,踱步,沙田,內圈,沙田 內圈,,,,,,助手,,快踱一圈,H,內圈 快踱一圈 (助手)
H087,06/10/2025,踱步,沙田,內圈,沙田 內圈,,,,,,助手,,倒快一圈,H,內圈 倒快一圈 (助手)
H087,05/10/2025,踱步,沙田,飛機場,沙田 飛機場,,,,,,助手,,踱步,H,飛機場 踱步 (助手)
H087,01/10/2025,出賽,沙田,草地,沙田 草地,1800M,,,,,蔡明紹,5/14,出賽,B/TT,1800M (蔡明紹) (5/14)
H087,01/10/2025,踱步,沙田,內圈,沙田 內圈,,,,,,助手,,快踱一圈,H,內圈 快踱一圈 (助手)
H087,30/09/2025,游水,沙田,,沙田,,,,,,,,游水,,
H087,30/09/2025,踱步,沙田,內圈,沙田 內圈,,,,,,蔡明紹,,快踱一圈,H,內圈 快踱一圈 (蔡明紹)
H087,29/09/2025,游水,沙田,,沙田,,,,,,,,游水,,
H087,29/09/2025,踱步,沙田,內圈,沙田 內圈,,,,,,助手,,倒快一圈,H,內圈 倒快一圈 (助手)
H087,28/09/2025,游水,沙田,,沙田,,,,,,,,游水,,
H087,28/09/2025,快操,沙田,全天候,沙田 全天候,,57.7,57.7,31.9 25.8,,助手,,壯志凌雲,H,31.9 25.8 (57.7) (助手) 壯志凌雲
H087,28/09/2025,踱步,沙田,飛機場,沙田 飛機場,,,,,,助手,,踱步,H,飛機場 踱步 (助手)
H087,27/09/2025,游水,沙田,,沙田,,,,,,,,游水,,
H087,27/09/2025,踱步,沙田,內圈,沙田 內圈,,,,,,助手,,快踱一圈,H,內圈 快踱一圈 (助手)
H087,26/09/2025,游水,沙田,,沙田,,,,,,,,游水,,
H087,26/09/2025,踱步,沙田,內圈,沙田 內圈,,,,,,助手,,快踱一圈,H,內圈 快踱一圈 (助手)
H087,25/09/2025,游水,沙田,,沙田,,,,,,,,游水,,
H087,25/09/2025,快操,沙田,全天候,沙田 全天候,,57.7,57.7,31.2 26.5,,助手,,快操,H,31.2 26.5 (57.7) (助手)
H087,25/09/2025,踱步,沙田,飛機場,沙田 飛機場,,,,,,助手,,踱步,H,飛機場 踱步 (助手)
H087,23/09/2025,游水,沙田,,沙田,,,,,,,,游水,,
H087,23/09/2025,踱步,沙田,內圈,沙田 內圈,,,,,,助手,,快踱一圈,H,內圈 快踱一圈 (助手)
H087,22/09/2025,游水,沙田,,沙田,,,,,,,,游水,,
H087,22/09/2025,踱步,沙田,內圈,沙田 內圈,,,,,,助手,,倒快一圈,H,內圈 倒快一圈 (助手)
H087,21/09/2025,游水,沙田,,沙田,,,,,,,,游水,,
H087,21/09/2025,踱步,沙田,飛機場,沙田 飛機場,,,,,,助手,,踱步,H,飛機場 踱步 (助手)
H087,20/09/2025,游水,沙田,,沙田,,,,,,,,游水,,
H087,19/09/2025,游水,沙田,,沙田,,,,,,,,游水,,
H087,17/09/2025,出賽,跑馬地,草地,跑馬地 草地,1800M,,,,,潘明輝,3/12,出賽,B/TT,1800M (潘明輝) (3/12)
H087,17/09/2025,踱步,沙田,內圈,沙田 內圈,,,,,,助手,,快踱一圈,H,內圈 快踱一圈 (助手)
H087,16/09/2025,游水,沙田,,沙田,,,,,,,,游水,,
H087,16/09/2025,踱步,沙田,內圈,沙田 內圈,,,,,,助手,,快踱一圈,H,內圈 快踱一圈 (助手)
H087,15/09/2025,游水,沙田,,沙田,,,,,,,,游水,,
H087,15/09/2025,踱步,沙田,內圈,沙田 內圈,,,,,,助手,,倒快一圈,H,內圈 倒快一圈 (助手)
H087,14/09/2025,游水,沙田,,沙田,,,,,,,,游水,,
H087,14/09/2025,快操,沙田,全天候,沙田 全天候,,58.4,58.4,32.5 25.9,,助手,,快操,B,32.5 25.9 (58.4) (助手)
H087,14/09/2025,踱步,沙田,飛機場,沙田 飛機場,,,,,,助手,,踱步,B,飛機場 踱步 (助手)
H087,13/09/2025,游水,沙田,,沙田,,,,,,,,游水,,
H087,13/09/2025,踱步,沙田,內圈,沙田 內圈,,,,,,助手,,快踱一圈,H,內圈 快踱一圈 (助手)
H087,12/09/2025,游水,沙田,,沙田,,,,,,,,游水,,
H087,12/09/2025,踱步,沙田,內圈,沙田 內圈,,,,,,助手,,快踱一圈,H,內圈 快踱一圈 (助手)
H087,11/09/2025,游水,沙田,,沙田,,,,,,,,游水,,
H087,11/09/2025,快操,沙田,全天候,沙田 全天候,,58.1,58.1,32.0 26.1,,助手,,快操,B,32.0 26.1 (58.1) (助手)
H087,11/09/2025,踱步,沙田,飛機場,沙田 飛機場,,,,,,助手,,踱步,B,飛機場 踱步 (助手)
H087,10/09/2025,游水,沙田,,沙田,,,,,,,,游水,,
H087,10/09/2025,踱步,沙田,內圈,沙田 內圈,,,,,,助手,,快踱一圈,H,內圈 快踱一圈 (助手)
H087,09/09/2025,游水,沙田,,沙田,,,,,,,,游水,,
H087,09/09/2025,踱步,沙田,內圈,沙田 內圈,,,,,,助手,,快踱一圈,H,內圈 快踱一圈 (助手)
H087,08/09/2025,踱步,沙田,飛機場,沙田 飛機場,,,,,,助手,,踱步,H,飛機場 踱步 (助手)
H087,07/09/2025,游水,沙田,,沙田,,,,,,,,游水,,
H087,07/09/2025,踱步,沙田,飛機場,沙田 飛機場,,,,,,助手,,踱步,H,飛機場 踱步 (助手)
H087,06/09/2025,游水,沙田,,沙田,,,,,,,,游水,,
H087,05/09/2025,試閘,沙田,全天候,沙田 全天候,1200M,1.10.63,70.63,24.4 22.7 23.5,喜尊龍,潘明輝,,第4組,B,第4組 (潘明輝) 1200M 喜尊龍 24.4 22.7 23.5 (1.10.63)
H087,05/09/2025,踱步,沙田,飛機場,沙田 飛機場,,,,,,助手,,踱步,B,飛機場 踱步 (助手)
H087,04/09/2025,游水,沙田,,沙田,,,,,,,,游水,,
H087,04/09/2025,踱步,沙田,內圈,沙田 內圈,,,,,,助手,,倒快一圈,H,內圈 倒快一圈 (助手)
H087,03/09/2025,游水,沙田,,沙田,,,,,,,,游水,,
H087,03/09/2025,踱步,沙田,內圈,沙田 內圈,,,,,,助手,,快踱一圈,H,內圈 快踱一圈 (助手)
H087,02/09/2025,游水,沙田,,沙田,,,,,,,,游水,,
H087,02/09/2025,快操,沙田,全天候,沙田 全天候,,57.0,57.0,31.0 26.0,,助手,,快操,H,31.0 26.0 (57.0) (助手)
H087,02/09/2025,踱步,沙田,飛機場,沙田 飛機場,,,,,,助手,,踱步,H,飛機場 踱步 (助手)
H087,01/09/2025,游水,沙田,,沙田,,,,,,,,游水,,
H087,01/09/2025,踱步,沙田,內圈,沙田 內圈,,,,,,助手,,倒快一圈,H,內圈 倒快一圈 (助手)
H087,31/08/2025,游水,沙田,,沙田,,,,,,,,游水,,
H087,31/08/2025,踱步,沙田,內圈,沙田 內圈,,,,,,助手,,快踱一圈,H,內圈 快踱一圈 (助手)
H087,30/08/2025,游水,沙田,,沙田,,,,,,,,游水,,
H087,30/08/2025,快操,沙田,全天候,沙田 全天候,,58.5,58.5,32.0 26.5,,助手,,快操,B,32.0 26.5 (58.5) (助手)
H087,30/08/2025,踱步,沙田,飛機場,沙田 飛機場,,,,,,助手,,踱步,B,飛機場 踱步 (助手)
H087,29/08/2025,游水,沙田,,沙田,,,,,,,,游水,,
H087,29/08/2025,踱步,沙田,內圈,沙田 內圈,,,,,,助手,,快踱一圈,H,內圈 快踱一圈 (助手)
H087,28/08/2025,游水,沙田,,沙田,,,,,,,,游水,,
H087,28/08/2025,踱步,沙田,內圈,沙田 內圈,,,,,,助手,,倒快一圈,H,內圈 倒快一圈 (助手)
H087,27/08/2025,游水,沙田,,沙田,,,,,,,,游水,,
H087,27/08/2025,快操,沙田,全天候,沙田 全天候,,58.3,58.3,31.7 26.6,,助手,,快操,B,31.7 26.6 (58.3) (助手)
H087,27/08/2025,踱步,沙田,飛機場,沙田 飛機場,,,,,,助手,,踱步,B,飛機場 踱步 (助手)
H087,26/08/2025,游水,沙田,,沙田,,,,,,,,游水,,
H087,26/08/2025,踱步,沙田,內圈,沙田 內圈,,,,,,助手,,快踱一圈,H,內圈 快踱一圈 (助手)
H087,25/08/2025,游水,沙田,,沙田,,,,,,,,游水,,
H087,25/08/2025,踱步,沙田,內圈,沙田 內圈,,,,,,助手,,倒快一圈,H,內圈 倒快一圈 (助手)
H087,24/08/2025,游水,沙田,,沙田,,,,,,,,游水,,
H087,24/08/2025,快操,沙田,全天候,沙田 全天候,,1.00.9,60.9,33.5 27.4,,助手,,快操,H,33.5 27.4 (1.00.9) (助手)
H087,24/08/2025,踱步,沙田,飛機場,沙田 飛機場,,,,,,助手,,踱步,H,飛機場 踱步 (助手)
H087,23/08/2025,游水,沙田,,沙田,,,,,,,,游水,,
H087,23/08/2025,踱步,沙田,內圈,沙田 內圈,,,,,,助手,,快踱一圈,H,內圈 快踱一圈 (助手)
H087,22/08/2025,游水,沙田,,沙田,,,,,,,,游水,,
H087,22/08/2025,踱步,沙田,內圈,沙田 內圈,,,,,,助手,,快踱一圈,H,內圈 快踱一圈 (助手)
H087,21/08/2025,游水,沙田,,沙田,,,,,,,,游水,,
H087,21/08/2025,快操,沙田,全天候,沙田 全天候,,1.01.3,61.3,33.3 28.0,,助手,,快操,H,33.3 28.0 (1.01.3) (助手)
H087,21/08/2025,踱步,沙田,飛機場,沙田 飛機場,,,,,,助手,,踱步,H,飛機場 踱步 (助手)
H087,20/08/2025,游水,沙田,,沙田,,,,,,,,游水,,
H087,20/08/2025,踱步,沙田,內圈,沙田 內圈,,,,,,助手,,快踱一圈,H,內圈 快踱一圈 (助手)
H087,19/08/2025,游水,沙田,,沙田,,,,,,,,游水,,
H087,19/08/2025,踱步,沙田,內圈,沙田 內圈,,,,,,助手,,快踱一圈,H,內圈 快踱一圈 (助手)
H087,18/08/2025,游水,沙田,,沙田,,,,,,,,游水,,
H087,18/08/2025,踱步,沙田,內圈,沙田 內圈,,,,,,助手,,倒快一圈,H,內圈 倒快一圈 (助手)
H087,17/08/2025,游水,沙田,,沙田,,,,,,,,游水,,
H087,17/08/2025,快操,沙田,全天候,沙田 全天候,,29.2,29.2,29.2,,助手,,快操,H,29.2 (29.2) (助手)
H087,17/08/2025,踱步,沙田,飛機場,沙田 飛機場,,,,,,助手,,踱步,H,飛機場 踱步 (助手)
H087,16/08/2025,游水,沙田,,沙田,,,,,,,,游水,,
H087,16/08/2025,踱步,沙田,內圈,沙田 內圈,,,,,,助手,,快踱一圈,H,內圈 快踱一圈 (助手)
H087,15/08/2025,游水,沙田,,沙田,,,,,,,,游水,,
H087,15/08/2025,踱步,沙田,內圈,沙田 內圈,,,,,,助手,,快踱一圈,H,內圈 快踱一圈 (助手)
H087,14/08/2025,游水,沙田,,沙田,,,,,,,,游水,,
H087,14/08/2025,踱步,沙田,內圈,沙田 內圈,,,,,,助手,,倒快一圈,H,內圈 倒快一圈 (助手)
H087,13/08/2025,游水,沙田,,沙田,,,,,,,,游水,,
H087,13/08/2025,快操,沙田,全天候,沙田 全天候,,32.2,32.2,32.2,,助手,,快操,H,32.2 (32.2) (助手)
H087,13/08/2025,踱步,沙田,飛機場,沙田 飛機場,,,,,,助手,,踱步,H,飛機場 踱步 (助手)
H087,12/08/2025,游水,沙田,,沙田,,,,,,,,游水,,
H087,12/08/2025,踱步,沙田,內圈,沙田 內圈,,,,,,助手,,快踱一圈,H,內圈 快踱一圈 (助手)
H087,11/08/2025,游水,沙田,,沙田,,,,,,,,游水,,
H087,11/08/2025,踱步,沙田,內圈,沙田 內圈,,,,,,助手,,倒快一圈,H,內圈 倒快一圈 (助手)
H087,10/08/2025,游水,沙田,,沙田,,,,,,,,游水,,
H087,10/08/2025,踱步,沙田,內圈,沙田 內圈,,,,,,助手,,快踱一圈,H,內圈 快踱一圈 (助手)
H087,09/08/2025,游水,沙田,,沙田,,,,,,,,游水,,
H087,09/08/2025,踱步,沙田,內圈,沙田 內圈,,,,,,助手,,快踱一圈,H,內圈 快踱一圈 (助手)
H087,08/08/2025,游水,沙田,,沙田,,,,,,,,游水,,
H087,08/08/2025,快操,沙田,全天候,沙田 全天候,,29.8,29.8,29.8,,助手,,快操,H,29.8 (29.8) (助手)
H087,08/08/2025,踱步,沙田,飛機場,沙田 飛機場,,,,,,助手,,踱步,H,飛機場 踱步 (助手)
H087,07/08/2025,游水,沙田,,沙田,,,,,,,,游水,,
H087,07/08/2025,踱步,沙田,內圈,沙田 內圈,,,,,,助手,,倒快一圈,H,內圈 倒快一圈 (助手)
H087,06/08/2025,游水,沙田,,沙田,,,,,,,,游水,,
H087,06/08/2025,踱步,沙田,內圈,沙田 內圈,,,,,,助手,,快踱一圈,H,內圈 快踱一圈 (助手)
H087,05/08/2025,游水,沙田,,沙田,,,,,,,,游水,,
H087,05/08/2025,踱步,沙田,內圈,沙田 內圈,,,,,,助手,,快踱一圈,H,內圈 快踱一圈 (助手)
H087,04/08/2025,游水,沙田,,沙田,,,,,,,,游水,,
H087,04/08/2025,踱步,沙田,內圈,沙田 內圈,,,,,,助手,,快踱一圈,H,內圈 快踱一圈 (助手)
H087,03/08/2025,游水,沙田,,沙田,,,,,,,,游水,,
H087,03/08/2025,踱步,沙田,內圈,沙田 內圈,,,,,,助手,,快踱一圈,H,內圈 快踱一圈 (助手)
H087,02/08/2025,游水,沙田,,沙田,,,,,,,,游水,,
H087,02/08/2025,踱步,沙田,飛機場,沙田 飛機場,,,,,,助手,,踱步,H,飛機場 踱步 (助手)
H087,01/08/2025,游水,沙田,,沙田,,,,,,,,游水,,
H087,01/08/2025,踱步,沙田,飛機場,沙田 飛機場,,,,,,助手,,踱步,H,飛機場 踱步 (助手)
H087,31/07/2025,踱步,沙田,飛機場,沙田 飛機場,,,,,,助手,,踱步,H,飛機場 踱步 (助手)
H087,16/07/2025,游水,沙田,,沙田,,,,,,,,游水,,
H087,15/07/2025,游水,沙田,,沙田,,,,,,,,游水,,
H087,15/07/2025,踱步,沙田,內圈,沙田 內圈,,,,,,助手,,快踱一圈,H,內圈 快踱一圈 (助手)
H087,14/07/2025,游水,沙田,,沙田,,,,,,,,游水,,
H087,14/07/2025,踱步,沙田,內圈,沙田 內圈,,,,,,助手,,倒快一圈,H,內圈 倒快一圈 (助手)
H087,13/07/2025,游水,沙田,,沙田,,,,,,,,游水,,
H087,13/07/2025,快操,沙田,全天候,沙田 全天候,,59.5,59.5,33.0 26.5,,助手,,快操,H,33.0 26.5 (59.5) (助手)
H087,13/07/2025,踱步,沙田,飛機場,沙田 飛機場,,,,,,助手,,踱步,H,飛機場 踱步 (助手)
H087,12/07/2025,游水,沙田,,沙田,,,,,,,,游水,,
H087,12/07/2025,踱步,沙田,內圈,沙田 內圈,,,,,,助手,,快踱一圈,H,內圈 快踱一圈 (助手)
H087,11/07/2025,游水,沙田,,沙田,,,,,,,,游水,,
H087,10/07/2025,游水,沙田,,沙田,,,,,,,,游水,,
H087,10/07/2025,快操,沙田,全天候,沙田 全天候,,57.8,57.8,31.2 26.6,,助手,,快操,H,31.2 26.6 (57.8) (助手)
H087,10/07/2025,踱步,沙田,飛機場,沙田 飛機場,,,,,,助手,,踱步,H,飛機場 踱步 (助手)
H087,09/07/2025,游水,沙田,,沙田,,,,,,,,游水,,
H087,09/07/2025,踱步,沙田,內圈,沙田 內圈,,,,,,助手,,快踱一圈,H,內圈 快踱一圈 (助手)
H087,08/07/2025,游水,沙田,,沙田,,,,,,,,游水,,
H087,08/07/2025,踱步,沙田,內圈,沙田 內圈,,,,,,助手,,快踱一圈,H,內圈 快踱一圈 (助手)
H087,07/07/2025,游水,沙田,,沙田,,,,,,,,游水,,
H087,07/07/2025,快操,沙田,全天候,沙田 全天候,,59.2,59.2,33.1 26.1,,助手,,快操,H,33.1 26.1 (59.2) (助手)
H087,07/07/2025,踱步,沙田,飛機場,沙田 飛機場,,,,,,助手,,踱步,H,飛機場 踱步 (助手)
H087,06/07/2025,游水,沙田,,沙田,,,,,,,,游水,,
H087,06/07/2025,踱步,沙田,內圈,沙田 內圈,,,,,,助手,,快踱一圈,H,內圈 快踱一圈 (助手)
H087,05/07/2025,游水,沙田,,沙田,,,,,,,,游水,,
H087,05/07/2025,踱步,沙田,內圈,沙田 內圈,,,,,,助手,,快踱一圈,H,內圈 快踱一圈 (助手)
H087,04/07/2025,游水,沙田,,沙田,,,,,,,,游水,,
H087,04/07/2025,踱步,沙田,內圈,沙田 內圈,,,,,,助手,,快踱一圈,H,內圈 快踱一圈 (助手)
H087,03/07/2025,游水,沙田,,沙田,,,,,,,,游水,,
H087,03/07/2025,快操,沙田,全天候,沙田 全天候,,58.7,58.7,32.2 26.5,,助手,,快操,H,32.2 26.5 (58.7) (助手)
H087,02/07/2025,游水,沙田,,沙田,,,,,,,,游水,,
H087,02/07/2025,踱步,沙田,內圈,沙田 內圈,,,,,,助手,,快踱一圈,H,內圈 快踱一圈 (助手)
H087,01/07/2025,游水,沙田,,沙田,,,,,,,,游水,,
H087,01/07/2025,踱步,沙田,內圈,沙田 內圈,,,,,,助手,,快踱一圈,H,內圈 快踱一圈 (助手)
H087,30/06/2025,游水,沙田,,沙田,,,,,,,,游水,,
H087,30/06/2025,踱步,沙田,內圈,沙田 內圈,,,,,,助手,,倒快一圈,H,內圈 倒快一圈 (助手)
H087,29/06/2025,踱步,沙田,飛機場,沙田 飛機場,,,,,,助手,,踱步,H,飛機場 踱步 (助手)
H087,25/06/2025,出賽,跑馬地,草地,跑馬地 草地,1650M,,,,,潘明輝,9/12,出賽,B/TT,1650M (潘明輝) (9/12)
H087,25/06/2025,踱步,沙田,內圈,沙田 內圈,,,,,,助手,,快踱一圈,H,內圈 快踱一圈 (助手)
H087,24/06/2025,游水,沙田,,沙田,,,,,,,,游水,,
H087,24/06/2025,踱步,沙田,內圈,沙田 內圈,,,,,,助手,,快踱一圈,H,內圈 快踱一圈 (助手)
H087,23/06/2025,游水,沙田,,沙田,,,,,,,,游水,,
H087,23/06/2025,快操,沙田,全天候,沙田 全天候,,59.5,59.5,31.6 27.9,,潘明輝,,快操,B,31.6 27.9 (59.5) (潘明輝)
H087,23/06/2025,踱步,沙田,飛機場,沙田 飛機場,,,,,,助手,,踱步,B,飛機場 踱步 (助手)
H087,22/06/2025,游水,沙田,,沙田,,,,,,,,游水,,
H087,22/06/2025,踱步,沙田,內圈,沙田 內圈,,,,,,助手,,快踱一圈,H,內圈 快踱一圈 (助手)
H087,21/06/2025,游水,沙田,,沙田,,,,,,,,游水,,
H087,21/06/2025,踱步,沙田,內圈,沙田 內圈,,,,,,助手,,快踱一圈,H,內圈 快踱一圈 (助手)
H087,20/06/2025,游水,沙田,,沙田,,,,,,,,游水,,
H087,20/06/2025,踱步,沙田,內圈,沙田 內圈,,,,,,助手,,快踱一圈,H,內圈 快踱一圈 (助手)
H087,19/06/2025,游水,沙田,,沙田,,,,,,,,游水,,
H087,19/06/2025,快操,沙田,全天候,沙田 全天候,,56.7,56.7,31.7 25.0,,助手,,森林之王,H,31.7 25.0 (56.7) (助手) 森林之王
H087,19/06/2025,踱步,沙田,飛機場,沙田 飛機場,,,,,,助手,,踱步,H,飛機場 踱步 (助手)
H087,18/06/2025,游水,沙田,,沙田,,,,,,,,游水,,
H087,18/06/2025,踱步,沙田,內圈,沙田 內圈,,,,,,助手,,快踱一圈,H,內圈 快踱一圈 (助手)
H087,17/06/2025,游水,沙田,,沙田,,,,,,,,游水,,
H087,17/06/2025,踱步,沙田,內圈,沙田 內圈,,,,,,助手,,快踱一圈,H,內圈 快踱一圈 (助手)
H087,16/06/2025,游水,沙田,,沙田,,,,,,,,游水,,
H087,16/06/2025,快操,沙田,全天候,沙田 全天候,,57.7,57.7,30.8 26.9,,助手,,快操,H,30.8 26.9 (57.7) (助手)
H087,15/06/2025,游水,沙田,,沙田,,,,,,,,游水,,
H087,15/06/2025,踱步,沙田,內圈,沙田 內圈,,,,,,助手,,快踱一圈,H,內圈 快踱一圈 (助手)
H087,14/06/2025,游水,沙田,,沙田,,,,,,,,游水,,
H087,14/06/2025,踱步,沙田,內圈,沙田 內圈,,,,,,助手,,快踱一圈,H,內圈 快踱一圈 (助手)
H087,13/06/2025,游水,沙田,,沙田,,,,,,,,游水,,
H087,13/06/2025,踱步,沙田,內圈,沙田 內圈,,,,,,助手,,快踱一圈,H,內圈 快踱一圈 (助手)
H087,12/06/2025,游水,沙田,,沙田,,,,,,,,游水,,
H087,12/06/2025,快操,沙田,全天候,沙田 全天候,,1.01.5,61.5,33.3 28.2,,助手,,快操,H,33.3 28.2 (1.01.5) (助手)
H087,12/06/2025,踱步,沙田,飛機場,沙田 飛機場,,,,,,助手,,踱步,H,飛機場 踱步 (助手)
H087,11/06/2025,游水,沙田,,沙田,,,,,,,,游水,,
H087,11/06/2025,踱步,沙田,內圈,沙田 內圈,,,,,,助手,,快踱一圈,H,內圈 快踱一圈 (助手)
H087,10/06/2025,游水,沙田,,沙田,,,,,,,,游水,,
H087,10/06/2025,踱步,沙田,內圈,沙田 內圈,,,,,,助手,,快踱一圈,H,內圈 快踱一圈 (助手)
H087,09/06/2025,游水,沙田,,沙田,,,,,,,,游水,,
H087,09/06/2025,踱步,沙田,內圈,沙田 內圈,,,,,,助手,,倒快一圈,H,內圈 倒快一圈 (助手)
H087,08/06/2025,踱步,沙田,飛機場,沙田 飛機場,,,,,,助手,,踱步,H,飛機場 踱步 (助手)
H087,04/06/2025,出賽,跑馬地,草地,跑馬地 草地,1800M,,,,,潘明輝,4/12,出賽,B/TT,1800M (潘明輝) (4/12)
H087,04/06/2025,踱步,沙田,內圈,沙田 內圈,,,,,,助手,,快踱一圈,H,內圈 快踱一圈 (助手)
H087,03/06/2025,游水,沙田,,沙田,,,,,,,,游水,,
H087,03/06/2025,踱步,沙田,內圈,沙田 內圈,,,,,,助手,,快踱一圈,H,內圈 快踱一圈 (助手)
H087,02/06/2025,游水,沙田,,沙田,,,,,,,,游水,,
H087,02/06/2025,踱步,沙田,內圈,沙田 內圈,,,,,,助手,,倒快一圈,H,內圈 倒快一圈 (助手)
H087,01/06/2025,游水,沙田,,沙田,,,,,,,,游水,,
H087,01/06/2025,快操,沙田,全天候,沙田 全天候,,58.9,58.9,32.1 26.8,,助手,,快操,H,32.1 26.8 (58.9) (助手)
H087,01/06/2025,踱步,沙田,飛機場,沙田 飛機場,,,,,,助手,,踱步,H,飛機場 踱步 (助手)
H087,31/05/2025,游水,沙田,,沙田,,,,,,,,游水,,
H087,31/05/2025,踱步,沙田,內圈,沙田 內圈,,,,,,助手,,快踱一圈,H,內圈 快踱一圈 (助手)
H087,30/05/2025,游水,沙田,,沙田,,,,,,,,游水,,
H087,30/05/2025,踱步,沙田,內圈,沙田 內圈,,,,,,助手,,快踱一圈,H,內圈 快踱一圈 (助手)
H087,29/05/2025,快操,從化,全天候,從化 全天候,,59.7,59.7,31.6 28.1,,助手,,快操,H,31.6 28.1 (59.7) (助手)
H087,29/05/2025,踱步,從化,飛機場,從化 飛機場,,,,,,助手,,踱步,H,飛機場 踱步 (助手)
H087,28/05/2025,游水,從化,,從化,,,,,,,,游水,,
H087,28/05/2025,踱步,從化,內圈,從化 內圈,,,,,,助手,,快踱一圈,H,內圈 快踱一圈 (助手)
H087,27/05/2025,游水,從化,,從化,,,,,,,,游水,,
H087,27/05/2025,踱步,從化,內圈,從化 內圈,,,,,,助手,,快踱一圈,H,內圈 快踱一圈 (助手)
H087,26/05/2025,游水,從化,,從化,,,,,,,,游水,,
H087,26/05/2025,踱步,從化,內圈,從化 內圈,,,,,,助手,,倒快一圈,H,內圈 倒快一圈 (助手)
H087,25/05/2025,游水,從化,,從化,,,,,,,,游水,,
H087,25/05/2025,踱步,從化,飛機場,從化 飛機場,,,,,,助手,,踱步,H,飛機場 踱步 (助手)
H087,24/05/2025,游水,從化,,從化,,,,,,,,游水,,
H087,23/05/2025,試閘,從化,草地,從化 草地,1200M,1.11.49,71.49,25.8 22.4 23.2,同心同樂,祖利曼,,第8組,B,第8組 (祖利曼) 1200M 同心同樂 25.8 22.4 23.2 (1.11.49)
H087,23/05/2025,游水,從化,,從化,,,,,,,,游水,,
H087,23/05/2025,踱步,從化,飛機場,從化 飛機場,,,,,,助手,,踱步,B,飛機場 踱步 (助手)
H087,22/05/2025,游水,從化,,從化,,,,,,,,游水,,
H087,22/05/2025,踱步,從化,內圈,從化 內圈,,,,,,助手,,倒快一圈,H,內圈 倒快一圈 (助手)
H087,21/05/2025,游水,從化,,從化,,,,,,,,游水,,
H087,21/05/2025,踱步,從化,內圈,從化 內圈,,,,,,助手,,快踱一圈,H,內圈 快踱一圈 (助手)
H087,20/05/2025,游水,從化,,從化,,,,,,,,游水,,
H087,20/05/2025,快操,從化,全天候,從化 全天候,,57.4,57.4,31.2 26.2,,助手,,快操,H,31.2 26.2 (57.4) (助手)
H087,20/05/2025,踱步,從化,飛機場,從化 飛機場,,,,,,助手,,踱步,H,飛機場 踱步 (助手)
H087,19/05/2025,游水,從化,,從化,,,,,,,,游水,,
H087,19/05/2025,踱步,從化,內圈,從化 內圈,,,,,,助手,,倒快一圈,H,內圈 倒快一圈 (助手)
H087,18/05/2025,游水,從化,,從化,,,,,,,,游水,,
H087,18/05/2025,踱步,從化,內圈,從化 內圈,,,,,,助手,,快踱一圈,H,內圈 快踱一圈 (助手)
H087,17/05/2025,游水,從化,,從化,,,,,,,,游水,,
H087,17/05/2025,踱步,從化,內圈,從化 內圈,,,,,,助手,,快踱一圈,H,內圈 快踱一圈 (助手)
H087,16/05/2025,游水,從化,,從化,,,,,,,,游水,,
H087,16/05/2025,快操,從化,全天候,從化 全天候,,58.4,58.4,31.9 26.5,,助手,,快操,H,31.9 26.5 (58.4) (助手)
H087,16/05/2025,踱步,從化,飛機場,從化 飛機場,,,,,,助手,,踱步,H,飛機場 踱步 (助手)
H087,15/05/2025,游水,從化,,從化,,,,,,,,游水,,
H087,15/05/2025,踱步,從化,內圈,從化 內圈,,,,,,助手,,倒快一圈,H,內圈 倒快一圈 (助手)
H087,13/05/2025,游水,沙田,,沙田,,,,,,,,游水,,
H087,13/05/2025,踱步,沙田,內圈,沙田 內圈,,,,,,助手,,快踱一圈,H,內圈 快踱一圈 (助手)
H087,12/05/2025,游水,沙田,,沙田,,,,,,,,游水,,
H087,12/05/2025,踱步,沙田,內圈,沙田 內圈,,,,,,助手,,倒快一圈,H,內圈 倒快一圈 (助手)
H087,11/05/2025,游水,沙田,,沙田,,,,,,,,游水,,
H087,11/05/2025,踱步,沙田,飛機場,沙田 飛機場,,,,,,助手,,踱步,H,飛機場 踱步 (助手)
H087,07/05/2025,出賽,跑馬地,草地,跑馬地 草地,2200M,,,,,潘明輝,10/11,出賽,B/TT,2200M (潘明輝) (10/11)
H087,07/05/2025,踱步,沙田,內圈,沙田 內圈,,,,,,助手,,快踱一圈,H,內圈 快踱一圈 (助手)
H087,06/05/2025,游水,沙田,,沙田,,,,,,,,游水,,
H087,06/05/2025,踱步,沙田,內圈,沙田 內圈,,,,,,助手,,快踱一圈,H,內圈 快踱一圈 (助手)
H087,05/05/2025,游水,沙田,,沙田,,,,,,,,游水,,
H087,05/05/2025,踱步,沙田,內圈,沙田 內圈,,,,,,助手,,倒快一圈,H,內圈 倒快一圈 (助手)
H087,04/05/2025,踱步,沙田,飛機場,沙田 飛機場,,,,,,助手,,踱步,H,飛機場 踱步 (助手)
H087,30/04/2025,出賽,跑馬地,草地,跑馬地 草地,1800M,,,,,潘明輝,2/12,出賽,B/TT,1800M (潘明輝) (2/12)
H087,30/04/2025,踱步,沙田,內圈,沙田 內圈,,,,,,助手,,快踱一圈,H,內圈 快踱一圈 (助手)
H087,29/04/2025,游水,沙田,,沙田,,,,,,,,游水,,
H087,29/04/2025,踱步,沙田,內圈,沙田 內圈,,,,,,助手,,快踱一圈,H,內圈 快踱一圈 (助手)
H087,28/04/2025,游水,沙田,,沙田,,,,,,,,游水,,
H087,28/04/2025,踱步,沙田,內圈,沙田 內圈,,,,,,助手,,倒快一圈,H,內圈 倒快一圈 (助手)
H087,27/04/2025,游水,沙田,,沙田,,,,,,,,游水,,
H087,27/04/2025,快操,沙田,全天候,沙田 全天候,,1.01.6,61.6,33.2 28.4,,助手,,快操,H,33.2 28.4 (1.01.6) (助手)
H087,26/04/2025,游水,沙田,,沙田,,,,,,,,游水,,
H087,26/04/2025,踱步,沙田,內圈,沙田 內圈,,,,,,助手,,快踱一圈,H,內圈 快踱一圈 (助手)
H087,25/04/2025,游水,沙田,,沙田,,,,,,,,游水,,
H087,25/04/2025,踱步,沙田,內圈,沙田 內圈,,,,,,助手,,快踱一圈,H,內圈 快踱一圈 (助手)
H087,24/04/2025,游水,沙田,,沙田,,,,,,,,游水,,
H087,24/04/2025,快操,沙田,全天候,沙田 全天候,,58.0,58.0,32.0 26.0,,助手,,大眾福星,H,32.0 26.0 (58.0) (助手) 大眾福星
H087,24/04/2025,踱步,沙田,飛機場,沙田 飛機場,,,,,,助手,,踱步,H,飛機場 踱步 (助手)
H087,23/04/2025,游水,沙田,,沙田,,,,,,,,游水,,
H087,23/04/2025,踱步,沙田,內圈,沙田 內圈,,,,,,助手,,快踱一圈,H,內圈 快踱一圈 (助手)
H087,22/04/2025,游水,沙田,,沙田,,,,,,,,游水,,
H087,22/04/2025,踱步,沙田,內圈,沙田 內圈,,,,,,助手,,快踱一圈,H,內圈 快踱一圈 (助手)
H087,21/04/2025,游水,沙田,,沙田,,,,,,,,游水,,
H087,21/04/2025,快操,沙田,全天候,沙田 全天候,,57.6,57.6,31.0 26.6,,助手,,快操,H,31.0 26.6 (57.6) (助手)
H087,21/04/2025,踱步,沙田,飛機場,沙田 飛機場,,,,,,助手,,踱步,H,飛機場 踱步 (助手)
H087,20/04/2025,游水,沙田,,沙田,,,,,,,,游水,,
H087,20/04/2025,踱步,沙田,內圈,沙田 內圈,,,,,,助手,,快踱一圈,H,內圈 快踱一圈 (助手)
H087,19/04/2025,游水,沙田,,沙田,,,,,,,,游水,,
H087,19/04/2025,踱步,沙田,內圈,沙田 內圈,,,,,,助手,,快踱一圈,H,內圈 快踱一圈 (助手)
H087,18/04/2025,游水,沙田,,沙田,,,,,,,,游水,,
H087,18/04/2025,踱步,沙田,內圈,沙田 內圈,,,,,,助手,,快踱一圈,H,內圈 快踱一圈 (助手)
H087,17/04/2025,游水,沙田,,沙田,,,,,,,,游水,,
H087,17/04/2025,快操,沙田,全天候,沙田 全天候,,57.9,57.9,32.0 25.9,,助手,,快操,H,32.0 25.9 (57.9) (助手)
H087,17/04/2025,踱步,沙田,內圈,沙田 內圈,,,,,,助手,,倒快兩圈,H,內圈 倒快兩圈 (助手)
H087,16/04/2025,游水,沙田,,沙田,,,,,,,,游水,,
H087,16/04/2025,踱步,沙田,內圈,沙田 內圈,,,,,,助手,,快踱一圈,H,內圈 快踱一圈 (助手)
H087,15/04/2025,游水,沙田,,沙田,,,,,,,,游水,,
H087,15/04/2025,踱步,沙田,內圈,沙田 內圈,,,,,,助手,,快踱一圈,H,內圈 快踱一圈 (助手)
H087,14/04/2025,踱步,沙田,內圈,沙田 內圈,,,,,,助手,,倒快一圈,H,內圈 倒快一圈 (助手)
H087,13/04/2025,踱步,沙田,飛機場,沙田 飛機場,,,,,,助手,,踱步,H,飛機場 踱步 (助手)
H087,11/04/2025,游水,沙田,,沙田,,,,,,,,游水,,
H087,09/04/2025,出賽,跑馬地,草地,跑馬地 草地,1800M,,,,,潘明輝,2/12,出賽,B/TT,1800M (潘明輝) (2/12)
H087,09/04/2025,踱步,沙田,內圈,沙田 內圈,,,,,,助手,,快踱一圈,H,內圈 快踱一圈 (助手)
H087,08/04/2025,游水,沙田,,沙田,,,,,,,,游水,,
H087,08/04/2025,踱步,沙田,內圈,沙田 內圈,,,,,,助手,,快踱一圈,H,內圈 快踱一圈 (助手)
H087,07/04/2025,游水,沙田,,沙田,,,,,,,,游水,,
H087,07/04/2025,踱步,沙田,內圈,沙田 內圈,,,,,,助手,,倒快一圈,H,內圈 倒快一圈 (助手)
H087,06/04/2025,游水,沙田,,沙田,,,,,,,,游水,,
H087,06/04/2025,快操,沙田,全天候,沙田 全天候,,59.4,59.4,32.1 27.3,,助手,,快操,H,32.1 27.3 (59.4) (助手)
H087,06/04/2025,踱步,沙田,飛機場,沙田 飛機場,,,,,,助手,,踱步,H,飛機場 踱步 (助手)
H087,05/04/2025,游水,沙田,,沙田,,,,,,,,游水,,
H087,05/04/2025,踱步,沙田,內圈,沙田 內圈,,,,,,助手,,快踱一圈,H,內圈 快踱一圈 (助手)
H087,04/04/2025,游水,沙田,,沙田,,,,,,,,游水,,
H087,04/04/2025,踱步,沙田,內圈,沙田 內圈,,,,,,助手,,快踱一圈,H,內圈 快踱一圈 (助手)
H087,03/04/2025,快操,沙田,全天候,沙田 全天候,,59.9,59.9,32.4 27.5,,助手,,快操,H,32.4 27.5 (59.9) (助手)
H087,03/04/2025,踱步,沙田,飛機場,沙田 飛機場,,,,,,助手,,踱步,H,飛機場 踱步 (助手)
H087,02/04/2025,游水,沙田,,沙田,,,,,,,,游水,,
H087,02/04/2025,踱步,沙田,內圈,沙田 內圈,,,,,,助手,,快踱一圈,H,內圈 快踱一圈 (助手)
H087,01/04/2025,踱步,沙田,內圈,沙田 內圈,,,,,,助手,,快踱一圈,H,內圈 快踱一圈 (助手)
H087,31/03/2025,踱步,沙田,內圈,沙田 內圈,,,,,,助手,,倒快一圈,H,內圈 倒快一圈 (助手)
H087,30/03/2025,踱步,沙田,內圈,沙田 內圈,,,,,,助手,,快踱一圈,H,內圈 快踱一圈 (助手)
H087,29/03/2025,踱步,沙田,飛機場,沙田 飛機場,,,,,,助手,,踱步,H,飛機場 踱步 (助手)
H087,27/03/2025,試閘,沙田,全天候,沙田 全天候,1200M,1.10.71,70.71,24.6 23.2 22.9,駿奕快車,潘明輝,,第1組,B,第1組 (潘明輝) 1200M 駿奕快車 24.6 23.2 22.9 (1.10.71)
H087,26/03/2025,游水,沙田,,沙田,,,,,,,,游水,,
H087,26/03/2025,踱步,沙田,內圈,沙田 內圈,,,,,,助手,,快踱一圈,H,內圈 快踱一圈 (助手)
H087,25/03/2025,游水,沙田,,沙田,,,,,,,,游水,,
H087,25/03/2025,踱步,沙田,內圈,沙田 內圈,,,,,,助手,,快踱一圈,H,內圈 快踱一圈 (助手)
H087,24/03/2025,游水,沙田,,沙田,,,,,,,,游水,,
H087,24/03/2025,快操,沙田,全天候,沙田 全天候,,1.00.8,60.8,33.8 27.0,,助手,,快操,H,33.8 27.0 (1.00.8) (助手)
H087,24/03/2025,踱步,沙田,飛機場,沙田 飛機場,,,,,,助手,,踱步,H,飛機場 踱步 (助手)
H087,23/03/2025,游水,沙田,,沙田,,,,,,,,游水,,
H087,23/03/2025,踱步,沙田,內圈,沙田 內圈,,,,,,助手,,快踱一圈,H,內圈 快踱一圈 (助手)
H087,22/03/2025,游水,沙田,,沙田,,,,,,,,游水,,
H087,22/03/2025,踱步,沙田,內圈,沙田 內圈,,,,,,助手,,快踱一圈,H,內圈 快踱一圈 (助手)
H087,21/03/2025,游水,沙田,,沙田,,,,,,,,游水,,
H087,21/03/2025,快操,沙田,全天候,沙田 全天候,,58.5,58.5,31.6 26.9,,助手,,快操,H,31.6 26.9 (58.5) (助手)
H087,21/03/2025,踱步,沙田,飛機場,沙田 飛機場,,,,,,助手,,踱步,H,飛機場 踱步 (助手)
H087,20/03/2025,游水,沙田,,沙田,,,,,,,,游水,,
H087,20/03/2025,踱步,沙田,內圈,沙田 內圈,,,,,,助手,,倒快一圈,H,內圈 倒快一圈 (助手)
H087,19/03/2025,游水,沙田,,沙田,,,,,,,,游水,,
H087,19/03/2025,踱步,沙田,內圈,沙田 內圈,,,,,,助手,,快踱一圈,H,內圈 快踱一圈 (助手)
H087,18/03/2025,游水,沙田,,沙田,,,,,,,,游水,,
H087,18/03/2025,踱步,沙田,內圈,沙田 內圈,,,,,,助手,,快踱一圈,H,內圈 快踱一圈 (助手)
H087,17/03/2025,快操,沙田,全天候,沙田 全天候,,57.8,57.8,30.9 26.9,,助手,,快操,H,30.9 26.9 (57.8) (助手)
H087,17/03/2025,踱步,沙田,飛機場,沙田 飛機場,,,,,,助手,,踱步,H,飛機場 踱步 (助手)
H087,16/03/2025,踱步,沙田,內圈,沙田 內圈,,,,,,助手,,快踱一圈,H,內圈 快踱一圈 (助手)
H087,15/03/2025,踱步,沙田,內圈,沙田 內圈,,,,,,助手,,快踱一圈,H,內圈 快踱一圈 (助手)
H087,14/03/2025,踱步,沙田,內圈,沙田 內圈,,,,,,助手,,快踱一圈,H,內圈 快踱一圈 (助手)
H087,13/03/2025,游水,沙田,,沙田,,,,,,,,游水,,
H087,13/03/2025,快操,沙田,全天候,沙田 全天候,,1.00.5,60.5,32.7 27.8,,助手,,快操,H,32.7 27.8 (1.00.5) (助手)
H087,13/03/2025,踱步,沙田,飛機場,沙田 飛機場,,,,,,助手,,踱步,H,飛機場 踱步 (助手)
H087,12/03/2025,游水,沙田,,沙田,,,,,,,,游水,,
H087,12/03/2025,踱步,沙田,內圈,沙田 內圈,,,,,,助手,,快踱一圈,H,內圈 快踱一圈 (助手)
H087,11/03/2025,游水,沙田,,沙田,,,,,,,,游水,,
H087,11/03/2025,踱步,沙田,內圈,沙田 內圈,,,,,,助手,,快踱一圈,H,內圈 快踱一圈 (助手)
H087,10/03/2025,游水,沙田,,沙田,,,,,,,,游水,,
H087,10/03/2025,踱步,沙田,內圈,沙田 內圈,,,,,,助手,,倒快一圈,H,內圈 倒快一圈 (助手)
H087,09/03/2025,踱步,沙田,飛機場,沙田 飛機場,,,,,,助手,,踱步,H,飛機場 踱步 (助手)
H087,05/03/2025,出賽,跑馬地,草地,跑馬地 草地,1800M,,,,,巴度,6/12,出賽,B/TT,1800M (巴度) (6/12)
H087,05/03/2025,踱步,沙田,內圈,沙田 內圈,,,,,,助手,,快踱一圈,H,內圈 快踱一圈 (助手)
H087,04/03/2025,游水,沙田,,沙田,,,,,,,,游水,,
H087,04/03/2025,踱步,沙田,內圈,沙田 內圈,,,,,,助手,,快踱一圈,H,內圈 快踱一圈 (助手)
H087,03/03/2025,游水,沙田,,沙田,,,,,,,,游水,,
H087,03/03/2025,踱步,沙田,內圈,沙田 內圈,,,,,,助手,,倒快一圈,H,內圈 倒快一圈 (助手)
H087,02/03/2025,游水,沙田,,沙田,,,,,,,,游水,,
H087,02/03/2025,快操,沙田,全天候,沙田 全天候,,59.3,59.3,32.1 27.2,,助手,,快操,H,32.1 27.2 (59.3) (助手)
H087,02/03/2025,踱步,沙田,飛機場,沙田 飛機場,,,,,,助手,,踱步,H,飛機場 踱步 (助手)
H087,01/03/2025,游水,沙田,,沙田,,,,,,,,游水,,
H087,01/03/2025,踱步,沙田,內圈,沙田 內圈,,,,,,助手,,快踱一圈,H,內圈 快踱一圈 (助手)
H087,28/02/2025,游水,沙田,,沙田,,,,,,,,游水,,
H087,28/02/2025,踱步,沙田,內圈,沙田 內圈,,,,,,助手,,快踱一圈,H,內圈 快踱一圈 (助手)
H087,27/02/2025,游水,沙田,,沙田,,,,,,,,游水,,
H087,27/02/2025,快操,沙田,全天候,沙田 全天候,,1.01.9,61.9,33.9 28.0,,助手,,快操,H,33.9 28.0 (1.01.9) (助手)
H087,27/02/2025,踱步,沙田,飛機場,沙田 飛機場,,,,,,助手,,踱步,H,飛機場 踱步 (助手)
H087,26/02/2025,游水,沙田,,沙田,,,,,,,,游水,,
H087,26/02/2025,踱步,沙田,內圈,沙田 內圈,,,,,,助手,,快踱一圈,H,內圈 快踱一圈 (助手)
H087,25/02/2025,游水,沙田,,沙田,,,,,,,,游水,,
H087,25/02/2025,踱步,沙田,內圈,沙田 內圈,,,,,,助手,,快踱一圈,H,內圈 快踱一圈 (助手)
H087,24/02/2025,游水,沙田,,沙田,,,,,,,,游水,,
H087,24/02/2025,快操,沙田,全天候,沙田 全天候,,59.2,59.2,32.3 26.9,,助手,,快操,H,32.3 26.9 (59.2) (助手)
H087,24/02/2025,踱步,沙田,飛機場,沙田 飛機場,,,,,,助手,,踱步,H,飛機場 踱步 (助手)
H087,23/02/2025,游水,沙田,,沙田,,,,,,,,游水,,
H087,23/02/2025,踱步,沙田,內圈,沙田 內圈,,,,,,助手,,快踱一圈,H,內圈 快踱一圈 (助手)
H087,22/02/2025,游水,沙田,,沙田,,,,,,,,游水,,
H087,22/02/2025,踱步,沙田,內圈,沙田 內圈,,,,,,助手,,快踱一圈,H,內圈 快踱一圈 (助手)
H087,21/02/2025,游水,沙田,,沙田,,,,,,,,游水,,
H087,21/02/2025,踱步,沙田,內圈,沙田 內圈,,,,,,助手,,快踱一圈,H,內圈 快踱一圈 (助手)
H087,20/02/2025,踱步,沙田,飛機場,沙田 飛機場,,,,,,助手,,踱步,H,飛機場 踱步 (助手)
H087,16/02/2025,出賽,沙田,草地,沙田 草地,1800M,,,,,霍宏聲,8/14,出賽,B/TT,1800M (霍宏聲) (8/14)
H087,16/02/2025,踱步,沙田,內圈,沙田 內圈,,,,,,助手,,快踱一圈,H,內圈 快踱一圈 (助手)
H087,15/02/2025,游水,沙田,,沙田,,,,,,,,游水,,
H087,15/02/2025,踱步,沙田,內圈,沙田 內圈,,,,,,助手,,快踱一圈,H,內圈 快踱一圈 (助手)
H087,14/02/2025,游水,沙田,,沙田,,,,,,,,游水,,
H087,14/02/2025,踱步,沙田,內圈,沙田 內圈,,,,,,助手,,快踱一圈,H,內圈 快踱一圈 (助手)
H087,13/02/2025,快操,沙田,全天候,沙田 全天候,,59.0,59.0,31.6 27.4,,霍宏聲,,快操,H,31.6 27.4 (59.0) (霍宏聲)
H087,13/02/2025,踱步,沙田,飛機場,沙田 飛機場,,,,,,助手,,踱步,H,飛機場 踱步 (助手)
H087,12/02/2025,游水,沙田,,沙田,,,,,,,,游水,,
H087,12/02/2025,踱步,沙田,內圈,沙田 內圈,,,,,,助手,,快踱一圈,H,內圈 快踱一圈 (助手)
H087,11/02/2025,游水,沙田,,沙田,,,,,,,,游水,,
H087,11/02/2025,踱步,沙田,內圈,沙田 內圈,,,,,,助手,,快踱一圈,H,內圈 快踱一圈 (助手)
H087,10/02/2025,游水,沙田,,沙田,,,,,,,,游水,,
H087,10/02/2025,踱步,沙田,內圈,沙田 內圈,,,,,,助手,,倒快兩圈,H,內圈 倒快兩圈 (助手)
H087,09/02/2025,游水,沙田,,沙田,,,,,,,,游水,,
H087,09/02/2025,踱步,沙田,飛機場,沙田 飛機場,,,,,,助手,,踱步,H,飛機場 踱步 (助手)
H087,08/02/2025,游水,沙田,,沙田,,,,,,,,游水,,
H087,07/02/2025,游水,沙田,,沙田,,,,,,,,游水,,
H087,05/02/2025,出賽,跑馬地,草地,跑馬地 草地,1800M,,,,,何澤堯,10/12,出賽,B/TT,1800M (何澤堯) (10/12)
H087,05/02/2025,踱步,沙田,內圈,沙田 內圈,,,,,,助手,,快踱一圈,H,內圈 快踱一圈 (助手)
H087,04/02/2025,游水,沙田,,沙田,,,,,,,,游水,,
H087,04/02/2025,踱步,沙田,內圈,沙田 內圈,,,,,,助手,,快踱一圈,H,內圈 快踱一圈 (助手)
H087,03/02/2025,游水,沙田,,沙田,,,,,,,,游水,,
H087,03/02/2025,快操,沙田,全天候,沙田 全天候,,59.9,59.9,32.9 27.0,,助手,,快操,H,32.9 27.0 (59.9) (助手)
H087,03/02/2025,踱步,沙田,飛機場,沙田 飛機場,,,,,,助手,,踱步,H,飛機場 踱步 (助手)
H087,02/02/2025,游水,沙田,,沙田,,,,,,,,游水,,
H087,02/02/2025,踱步,沙田,內圈,沙田 內圈,,,,,,助手,,快踱一圈,H,內圈 快踱一圈 (助手)
H087,01/02/2025,游水,沙田,,沙田,,,,,,,,游水,,
H087,01/02/2025,踱步,沙田,內圈,沙田 內圈,,,,,,助手,,快踱一圈,H,內圈 快踱一圈 (助手)
H087,31/01/2025,游水,沙田,,沙田,,,,,,,,游水,,
H087,31/01/2025,快操,沙田,全天候,沙田 全天候,,57.7,57.7,31.1 26.6,,助手,,快操,H,31.1 26.6 (57.7) (助手)
H087,31/01/2025,踱步,沙田,飛機場,沙田 飛機場,,,,,,助手,,踱步,H,飛機場 踱步 (助手)
H087,30/01/2025,游水,沙田,,沙田,,,,,,,,游水,,
H087,30/01/2025,踱步,沙田,內圈,沙田 內圈,,,,,,助手,,倒快一圈,H,內圈 倒快一圈 (助手)
H087,28/01/2025,游水,沙田,,沙田,,,,,,,,游水,,
H087,28/01/2025,踱步,沙田,內圈,沙田 內圈,,,,,,助手,,快踱一圈,H,內圈 快踱一圈 (助手)
H087,27/01/2025,游水,沙田,,沙田,,,,,,,,游水,,
H087,27/01/2025,快操,沙田,全天候,沙田 全天候,,57.7,57.7,30.5 27.2,,助手,,快操,H,30.5 27.2 (57.7) (助手)
H087,27/01/2025,踱步,沙田,飛機場,沙田 飛機場,,,,,,助手,,踱步,H,飛機場 踱步 (助手)
H087,26/01/2025,游水,沙田,,沙田,,,,,,,,游水,,
H087,26/01/2025,踱步,沙田,內圈,沙田 內圈,,,,,,助手,,快踱一圈,H,內圈 快踱一圈 (助手)
H087,25/01/2025,游水,沙田,,沙田,,,,,,,,游水,,
H087,25/01/2025,踱步,沙田,內圈,沙田 內圈,,,,,,助手,,快踱一圈,H,內圈 快踱一圈 (助手)
H087,24/01/2025,游水,沙田,,沙田,,,,,,,,游水,,
H087,24/01/2025,踱步,沙田,內圈,沙田 內圈,,,,,,助手,,快踱一圈,H,內圈 快踱一圈 (助手)
H087,23/01/2025,游水,沙田,,沙田,,,,,,,,游水,,
H087,23/01/2025,快操,沙田,全天候,沙田 全天候,,58.9,58.9,31.5 27.4,,助手,,快操,H,31.5 27.4 (58.9) (助手)
H087,23/01/2025,踱步,沙田,飛機場,沙田 飛機場,,,,,,助手,,踱步,H,飛機場 踱步 (助手)
H087,22/01/2025,游水,沙田,,沙田,,,,,,,,游水,,
H087,22/01/2025,踱步,沙田,內圈,沙田 內圈,,,,,,助手,,快踱一圈,H,內圈 快踱一圈 (助手)
H087,21/01/2025,游水,沙田,,沙田,,,,,,,,游水,,
H087,21/01/2025,踱步,沙田,內圈,沙田 內圈,,,,,,助手,,快踱一圈,H,內圈 快踱一圈 (助手)
H087,20/01/2025,游水,沙田,,沙田,,,,,,,,游水,,
H087,20/01/2025,踱步,沙田,內圈,沙田 內圈,,,,,,助手,,倒快一圈,H,內圈 倒快一圈 (助手)
H087,19/01/2025,踱步,沙田,飛機場,沙田 飛機場,,,,,,助手,,踱步,H,飛機場 踱步 (助手)
H087,15/01/2025,出賽,跑馬地,草地,跑馬地 草地,1800M,,,,,巴度,2/12,出賽,B/TT,1800M (巴度) (2/12)
H087,15/01/2025,踱步,沙田,內圈,沙田 內圈,,,,,,助手,,快踱一圈,H,內圈 快踱一圈 (助手)
H087,14/01/2025,游水,沙田,,沙田,,,,,,,,游水,,
H087,14/01/2025,踱步,沙田,內圈,沙田 內圈,,,,,,助手,,快踱一圈,H,內圈 快踱一圈 (助手)
H087,13/01/2025,游水,沙田,,沙田,,,,,,,,游水,,
H087,13/01/2025,快操,沙田,全天候,沙田 全天候,,59.8,59.8,32.6 27.2,,助手,,快操,H,32.6 27.2 (59.8) (助手)
H087,13/01/2025,踱步,沙田,飛機場,沙田 飛機場,,,,,,助手,,踱步,H,飛機場 踱步 (助手)
H087,12/01/2025,游水,沙田,,沙田,,,,,,,,游水,,
H087,12/01/2025,踱步,沙田,內圈,沙田 內圈,,,,,,助手,,快踱一圈,H,內圈 快踱一圈 (助手)
H087,11/01/2025,游水,沙田,,沙田,,,,,,,,游水,,
H087,11/01/2025,踱步,沙田,內圈,沙田 內圈,,,,,,助手,,快踱一圈,H,內圈 快踱一圈 (助手)
H087,10/01/2025,游水,沙田,,沙田,,,,,,,,游水,,
H087,10/01/2025,踱步,沙田,內圈,沙田 內圈,,,,,,助手,,快踱一圈,H,內圈 快踱一圈 (助手)
H087,09/01/2025,踱步,沙田,飛機場,沙田 飛機場,,,,,,助手,,踱步,H,飛機場 踱步 (助手)
H087,05/01/2025,出賽,沙田,全天候,沙田 全天候,1800M,,,,,何澤堯,9/14,出賽,B/TT,1800M (何澤堯) (9/14)
H087,05/01/2025,踱步,沙田,內圈,沙田 內圈,,,,,,助手,,快踱一圈,H,內圈 快踱一圈 (助手)
H087,04/01/2025,游水,沙田,,沙田,,,,,,,,游水,,
H087,04/01/2025,踱步,沙田,內圈,沙田 內圈,,,,,,助手,,快踱一圈,H,內圈 快踱一圈 (助手)
H087,03/01/2025,游水,沙田,,沙田,,,,,,,,游水,,
H087,03/01/2025,踱步,沙田,內圈,沙田 內圈,,,,,,助手,,快踱一圈,H,內圈 快踱一圈 (助手)
H087,02/01/2025,游水,沙田,,沙田,,,,,,,,游水,,
H087,02/01/2025,踱步,沙田,內圈,沙田 內圈,,,,,,助手,,倒快一圈,H,內圈 倒快一圈 (助手)
H087,01/01/2025,游水,沙田,,沙田,,,,,,,,游水,,
H087,01/01/2025,快操,沙田,全天候,沙田 全天候,,59.3,59.3,32.9 26.4,,助手,,快操,H,32.9 26.4 (59.3) (助手)
H087,31/12/2024,游水,沙田,,沙田,,,,,,,,游水,,
H087,31/12/2024,踱步,沙田,內圈,沙田 內圈,,,,,,助手,,快踱一圈,H,內圈 快踱一圈 (助手)
H087,30/12/2024,游水,沙田,,沙田,,,,,,,,游水,,
H087,30/12/2024,踱步,沙田,內圈,沙田 內圈,,,,,,助手,,倒快一圈,H,內圈 倒快一圈 (助手)
H087,29/12/2024,游水,沙田,,沙田,,,,,,,,游水,,
H087,29/12/2024,踱步,沙田,內圈,沙田 內圈,,,,,,助手,,快踱一圈,H,內圈 快踱一圈 (助手)
H087,28/12/2024,游水,沙田,,沙田,,,,,,,,游水,,
H087,28/12/2024,快操,沙田,全天候,沙田 全天候,,57.6,57.6,32.3 25.3,,助手,,快操,H,32.3 25.3 (57.6) (助手)
H087,28/12/2024,踱步,沙田,飛機場,沙田 飛機場,,,,,,助手,,踱步,H,飛機場 踱步 (助手)
H087,27/12/2024,游水,沙田,,沙田,,,,,,,,游水,,
H087,27/12/2024,踱步,沙田,內圈,沙田 內圈,,,,,,助手,,快踱一圈,H,內圈 快踱一圈 (助手)
H087,26/12/2024,游水,沙田,,沙田,,,,,,,,游水,,
H087,26/12/2024,踱步,沙田,內圈,沙田 內圈,,,,,,助手,,倒快一圈,H,內圈 倒快一圈 (助手)
H087,25/12/2024,游水,沙田,,沙田,,,,,,,,游水,,
H087,25/12/2024,踱步,沙田,內圈,沙田 內圈,,,,,,助手,,快踱一圈,H,內圈 快踱一圈 (助手)
H087,24/12/2024,游水,沙田,,沙田,,,,,,,,游水,,
H087,24/12/2024,快操,沙田,全天候,沙田 全天候,,59.5,59.5,33.5 26.0,,助手,,快操,H,33.5 26.0 (59.5) (助手)
H087,23/12/2024,游水,沙田,,沙田,,,,,,,,游水,,
H087,23/12/2024,踱步,沙田,內圈,沙田 內圈,,,,,,助手,,倒快一圈,H,內圈 倒快一圈 (助手)
H087,22/12/2024,游水,沙田,,沙田,,,,,,,,游水,,
H087,22/12/2024,踱步,沙田,內圈,沙田 內圈,,,,,,助手,,快踱一圈,H,內圈 快踱一圈 (助手)
H087,21/12/2024,游水,沙田,,沙田,,,,,,,,游水,,
H087,21/12/2024,踱步,沙田,內圈,沙田 內圈,,,,,,助手,,快踱一圈,H,內圈 快踱一圈 (助手)
H087,20/12/2024,游水,沙田,,沙田,,,,,,,,游水,,
H087,20/12/2024,快操,沙田,全天候,沙田 全天候,,57.0,57.0,31.4 25.6,,助手,,快操,H,31.4 25.6 (57.0) (助手)
H087,20/12/2024,踱步,沙田,飛機場,沙田 飛機場,,,,,,助手,,踱步,H,飛機場 踱步 (助手)
H087,19/12/2024,游水,沙田,,沙田,,,,,,,,游水,,
H087,19/12/2024,踱步,沙田,內圈,沙田 內圈,,,,,,助手,,倒快一圈,H,內圈 倒快一圈 (助手)
H087,18/12/2024,游水,沙田,,沙田,,,,,,,,游水,,
H087,18/12/2024,踱步,沙田,內圈,沙田 內圈,,,,,,助手,,快踱一圈,H,內圈 快踱一圈 (助手)
H087,17/12/2024,踱步,沙田,內圈,沙田 內圈,,,,,,助手,,快踱一圈,H,內圈 快踱一圈 (助手)
H087,16/12/2024,踱步,沙田,內圈,沙田 內圈,,,,,,助手,,倒快一圈,H,內圈 倒快一圈 (助手)
H087,15/12/2024,踱步,沙田,飛機場,沙田 飛機場,,,,,,助手,,踱步,H,飛機場 踱步 (助手)
H087,11/12/2024,出賽,跑馬地,草地,跑馬地 草地,1800M,,,,,何澤堯,1/12,出賽,B/TT,1800M (何澤堯) (1/12)
H087,10/12/2024,游水,沙田,,沙田,,,,,,,,游水,,
H087,10/12/2024,踱步,沙田,內圈,沙田 內圈,,,,,,助手,,快踱一圈,H,內圈 快踱一圈 (助手)
H087,09/12/2024,游水,沙田,,沙田,,,,,,,,游水,,
H087,09/12/2024,踱步,沙田,內圈,沙田 內圈,,,,,,助手,,倒快一圈,H,內圈 倒快一圈 (助手)
H087,08/12/2024,踱步,沙田,飛機場,沙田 飛機場,,,,,,助手,,踱步,H,飛機場 踱步 (助手)
H087,04/12/2024,出賽,跑馬地,草地,跑馬地 草地,1650M,,,,,布宜學,9/12,出賽,B/TT,1650M (布宜學) (9/12)
H087,03/12/2024,游水,沙田,,沙田,,,,,,,,游水,,
H087,03/12/2024,踱步,沙田,內圈,沙田 內圈,,,,,,助手,,快踱一圈,H,內圈 快踱一圈 (助手)
H087,02/12/2024,游水,沙田,,沙田,,,,,,,,游水,,
H087,02/12/2024,踱步,沙田,內圈,沙田 內圈,,,,,,助手,,倒快一圈,H,內圈 倒快一圈 (助手)
H087,01/12/2024,游水,沙田,,沙田,,,,,,,,游水,,
H087,01/12/2024,快操,沙田,全天候,沙田 全天候,,27.2,27.2,27.2,,助手,,快操,H,27.2 (27.2) (助手)
H087,01/12/2024,踱步,沙田,飛機場,沙田 飛機場,,,,,,助手,,踱步,H,飛機場 踱步 (助手)
H087,30/11/2024,游水,沙田,,沙田,,,,,,,,游水,,
H087,30/11/2024,踱步,沙田,內圈,沙田 內圈,,,,,,助手,,快踱一圈,H,內圈 快踱一圈 (助手)
H087,29/11/2024,游水,沙田,,沙田,,,,,,,,游水,,
H087,29/11/2024,踱步,沙田,內圈,沙田 內圈,,,,,,助手,,快踱一圈,H,內圈 快踱一圈 (助手)
H087,28/11/2024,游水,沙田,,沙田,,,,,,,,游水,,
H087,28/11/2024,快操,沙田,全天候,沙田 全天候,,57.1,57.1,30.7 26.4,,助手,,快操,H,30.7 26.4 (57.1) (助手)
H087,28/11/2024,踱步,沙田,飛機場,沙田 飛機場,,,,,,助手,,踱步,H,飛機場 踱步 (助手)
H087,27/11/2024,游水,沙田,,沙田,,,,,,,,游水,,
H087,27/11/2024,踱步,沙田,內圈,沙田 內圈,,,,,,助手,,快踱一圈,H,內圈 快踱一圈 (助手)
H087,26/11/2024,游水,沙田,,沙田,,,,,,,,游水,,
H087,26/11/2024,踱步,沙田,內圈,沙田 內圈,,,,,,助手,,快踱一圈,H,內圈 快踱一圈 (助手)
H087,25/11/2024,游水,沙田,,沙田,,,,,,,,游水,,
H087,25/11/2024,踱步,沙田,內圈,沙田 內圈,,,,,,助手,,倒快一圈,H,內圈 倒快一圈 (助手)
H087,24/11/2024,游水,沙田,,沙田,,,,,,,,游水,,
H087,24/11/2024,踱步,沙田,飛機場,沙田 飛機場,,,,,,助手,,踱步,H,飛機場 踱步 (助手)
H087,20/11/2024,出賽,跑馬地,草地,跑馬地 草地,1650M,,,,,田泰安,5/12,出賽,B/TT,1650M (田泰安) (5/12)
H087,20/11/2024,踱步,沙田,內圈,沙田 內圈,,,,,,助手,,快踱一圈,H,內圈 快踱一圈 (助手)
H087,19/11/2024,游水,沙田,,沙田,,,,,,,,游水,,
H087,19/11/2024,踱步,沙田,內圈,沙田 內圈,,,,,,助手,,快踱一圈,H,內圈 快踱一圈 (助手)
H087,18/11/2024,游水,沙田,,沙田,,,,,,,,游水,,
H087,18/11/2024,快操,沙田,全天候,沙田 全天候,,57.8,57.8,30.6 27.2,,田泰安,,快操,H,30.6 27.2 (57.8) (田泰安)
H087,18/11/2024,踱步,沙田,飛機場,沙田 飛機場,,,,,,助手,,踱步,H,飛機場 踱步 (助手)
H087,17/11/2024,游水,沙田,,沙田,,,,,,,,游水,,
H087,17/11/2024,踱步,沙田,內圈,沙田 內圈,,,,,,助手,,快踱一圈,H,內圈 快踱一圈 (助手)
H087,16/11/2024,游水,沙田,,沙田,,,,,,,,游水,,
H087,16/11/2024,踱步,沙田,內圈,沙田 內圈,,,,,,助手,,快踱一圈,H,內圈 快踱一圈 (助手)
H087,15/11/2024,快操,沙田,全天候,沙田 全天候,,57.4,57.4,31.5 25.9,,助手,,快操,H,31.5 25.9 (57.4) (助手)
H087,15/11/2024,踱步,沙田,飛機場,沙田 飛機場,,,,,,助手,,踱步,H,飛機場 踱步 (助手)
H087,13/11/2024,游水,沙田,,沙田,,,,,,,,游水,,
H087,13/11/2024,踱步,沙田,內圈,沙田 內圈,,,,,,助手,,快踱一圈,H,內圈 快踱一圈 (助手)
H087,12/11/2024,游水,沙田,,沙田,,,,,,,,游水,,
H087,12/11/2024,踱步,沙田,內圈,沙田 內圈,,,,,,助手,,快踱一圈,H,內圈 快踱一圈 (助手)
H087,11/11/2024,游水,沙田,,沙田,,,,,,,,游水,,
H087,11/11/2024,快操,沙田,全天候,沙田 全天候,,58.9,58.9,32.3 26.6,,助手,,快操,H,32.3 26.6 (58.9) (助手)
H087,11/11/2024,踱步,沙田,飛機場,沙田 飛機場,,,,,,助手,,踱步,H,飛機場 踱步 (助手)
H087,10/11/2024,游水,沙田,,沙田,,,,,,,,游水,,
H087,10/11/2024,踱步,沙田,內圈,沙田 內圈,,,,,,助手,,快踱一圈,H,內圈 快踱一圈 (助手)
H087,09/11/2024,游水,沙田,,沙田,,,,,,,,游水,,
H087,09/11/2024,踱步,沙田,內圈,沙田 內圈,,,,,,助手,,快踱一圈,H,內圈 快踱一圈 (助手)
H087,08/11/2024,游水,沙田,,沙田,,,,,,,,游水,,
H087,08/11/2024,踱步,沙田,內圈,沙田 內圈,,,,,,助手,,快踱一圈,H,內圈 快踱一圈 (助手)
H087,07/11/2024,游水,沙田,,沙田,,,,,,,,游水,,
H087,07/11/2024,快操,沙田,全天候,沙田 全天候,,57.1,57.1,30.8 26.3,,助手,,快操,H,30.8 26.3 (57.1) (助手)
H087,07/11/2024,踱步,沙田,飛機場,沙田 飛機場,,,,,,助手,,踱步,H,飛機場 踱步 (助手)
H087,06/11/2024,游水,沙田,,沙田,,,,,,,,游水,,
H087,06/11/2024,踱步,沙田,內圈,沙田 內圈,,,,,,助手,,快踱一圈,H,內圈 快踱一圈 (助手)
H087,05/11/2024,游水,沙田,,沙田,,,,,,,,游水,,
H087,05/11/2024,踱步,沙田,內圈,沙田 內圈,,,,,,助手,,快踱一圈,H,內圈 快踱一圈 (助手)
H087,04/11/2024,游水,沙田,,沙田,,,,,,,,游水,,
H087,04/11/2024,踱步,沙田,內圈,沙田 內圈,,,,,,助手,,倒快一圈,H,內圈 倒快一圈 (助手)
H087,03/11/2024,游水,沙田,,沙田,,,,,,,,游水,,
H087,03/11/2024,踱步,沙田,飛機場,沙田 飛機場,,,,,,助手,,踱步,H,飛機場 踱步 (助手)
H087,02/11/2024,游水,沙田,,沙田,,,,,,,,游水,,
H087,01/11/2024,游水,沙田,,沙田,,,,,,,,游水,,
H087,31/10/2024,游水,沙田,,沙田,,,,,,,,游水,,
H087,30/10/2024,出賽,跑馬地,草地,跑馬地 草地,1650M,,,,,潘明輝,2/11,出賽,B/TT,1650M (潘明輝) (2/11)
H087,30/10/2024,踱步,沙田,內圈,沙田 內圈,,,,,,助手,,快踱一圈,H,內圈 快踱一圈 (助手)
H087,29/10/2024,游水,沙田,,沙田,,,,,,,,游水,,
H087,29/10/2024,踱步,沙田,內圈,沙田 內圈,,,,,,助手,,快踱一圈,H,內圈 快踱一圈 (助手)
H087,28/10/2024,游水,沙田,,沙田,,,,,,,,游水,,
H087,28/10/2024,踱步,沙田,內圈,沙田 內圈,,,,,,助手,,倒快一圈,H,內圈 倒快一圈 (助手)
H087,27/10/2024,游水,沙田,,沙田,,,,,,,,游水,,
H087,27/10/2024,快操,沙田,全天候,沙田 全天候,,57.0,57.0,29.8 27.2,,助手,,快操,H,29.8 27.2 (57.0) (助手)
H087,27/10/2024,踱步,沙田,飛機場,沙田 飛機場,,,,,,助手,,踱步,H,飛機場 踱步 (助手)
H087,26/10/2024,游水,沙田,,沙田,,,,,,,,游水,,
H087,26/10/2024,踱步,沙田,內圈,沙田 內圈,,,,,,助手,,快踱一圈,H,內圈 快踱一圈 (助手)
H087,25/10/2024,游水,沙田,,沙田,,,,,,,,游水,,
H087,25/10/2024,踱步,沙田,內圈,沙田 內圈,,,,,,助手,,快踱一圈,H,內圈 快踱一圈 (助手)
H087,24/10/2024,游水,沙田,,沙田,,,,,,,,游水,,
H087,24/10/2024,快操,沙田,全天候,沙田 全天候,,58.6,58.6,32.5 26.1,,助手,,快操,H,32.5 26.1 (58.6) (助手)
H087,24/10/2024,踱步,沙田,飛機場,沙田 飛機場,,,,,,助手,,踱步,H,飛機場 踱步 (助手)
H087,23/10/2024,游水,沙田,,沙田,,,,,,,,游水,,
H087,23/10/2024,踱步,沙田,內圈,沙田 內圈,,,,,,助手,,快踱一圈,H,內圈 快踱一圈 (助手)
H087,22/10/2024,游水,沙田,,沙田,,,,,,,,游水,,
H087,22/10/2024,踱步,沙田,內圈,沙田 內圈,,,,,,助手,,快踱一圈,H,內圈 快踱一圈 (助手)
H087,21/10/2024,游水,沙田,,沙田,,,,,,,,游水,,
H087,21/10/2024,踱步,沙田,內圈,沙田 內圈,,,,,,助手,,倒快一圈,H,內圈 倒快一圈 (助手)
H087,20/10/2024,游水,沙田,,沙田,,,,,,,,游水,,
H087,20/10/2024,踱步,沙田,飛機場,沙田 飛機場,,,,,,助手,,踱步,H,飛機場 踱步 (助手)
H087,19/10/2024,游水,沙田,,沙田,,,,,,,,游水,,
H087,16/10/2024,出賽,跑馬地,草地,跑馬地 草地,1650M,,,,,潘明輝,3/12,出賽,B/TT,1650M (潘明輝) (3/12)
H087,16/10/2024,踱步,沙田,內圈,沙田 內圈,,,,,,助手,,快踱一圈,H,內圈 快踱一圈 (助手)
H087,15/10/2024,游水,沙田,,沙田,,,,,,,,游水,,
H087,15/10/2024,踱步,沙田,內圈,沙田 內圈,,,,,,助手,,快踱一圈,H,內圈 快踱一圈 (助手)
H087,14/10/2024,游水,沙田,,沙田,,,,,,,,游水,,
H087,14/10/2024,踱步,沙田,內圈,沙田 內圈,,,,,,助手,,倒快一圈,H,內圈 倒快一圈 (助手)
H087,13/10/2024,游水,沙田,,沙田,,,,,,,,游水,,
H087,13/10/2024,快操,沙田,全天候,沙田 全天候,,1.00.3,60.3,32.7 27.6,,助手,,快操,H,32.7 27.6 (1.00.3) (助手)
H087,13/10/2024,踱步,沙田,飛機場,沙田 飛機場,,,,,,助手,,踱步,H,飛機場 踱步 (助手)
H087,12/10/2024,游水,沙田,,沙田,,,,,,,,游水,,
H087,12/10/2024,踱步,沙田,內圈,沙田 內圈,,,,,,助手,,快踱一圈,H,內圈 快踱一圈 (助手)
H087,11/10/2024,游水,沙田,,沙田,,,,,,,,游水,,
H087,11/10/2024,踱步,沙田,內圈,沙田 內圈,,,,,,助手,,快踱一圈,H,內圈 快踱一圈 (助手)
H087,10/10/2024,游水,沙田,,沙田,,,,,,,,游水,,
H087,10/10/2024,快操,沙田,全天候,沙田 全天候,,55.4,55.4,30.0 25.4,,潘明輝,,本領非凡,H,30.0 25.4 (55.4) (潘明輝) 本領非凡
H087,10/10/2024,踱步,沙田,飛機場,沙田 飛機場,,,,,,助手,,踱步,H,飛機場 踱步 (助手)
H087,09/10/2024,游水,沙田,,沙田,,,,,,,,游水,,
H087,09/10/2024,踱步,沙田,內圈,沙田 內圈,,,,,,助手,,快踱一圈,H,內圈 快踱一圈 (助手)
H087,08/10/2024,游水,沙田,,沙田,,,,,,,,游水,,
H087,08/10/2024,踱步,沙田,內圈,沙田 內圈,,,,,,助手,,快踱一圈,H,內圈 快踱一圈 (助手)
H087,07/10/2024,游水,沙田,,沙田,,,,,,,,游水,,
H087,07/10/2024,快操,沙田,全天候,沙田 全天候,,58.9,58.9,32.0 26.9,,助手,,快操,H,32.0 26.9 (58.9) (助手)
H087,07/10/2024,踱步,沙田,飛機場,沙田 飛機場,,,,,,助手,,踱步,H,飛機場 踱步 (助手)
H087,06/10/2024,游水,沙田,,沙田,,,,,,,,游水,,
H087,06/10/2024,踱步,沙田,內圈,沙田 內圈,,,,,,助手,,快踱一圈,H,內圈 快踱一圈 (助手)
H087,05/10/2024,游水,沙田,,沙田,,,,,,,,游水,,
H087,05/10/2024,踱步,沙田,內圈,沙田 內圈,,,,,,助手,,快踱一圈,H,內圈 快踱一圈 (助手)
H087,04/10/2024,游水,沙田,,沙田,,,,,,,,游水,,
H087,04/10/2024,踱步,沙田,內圈,沙田 內圈,,,,,,助手,,快踱一圈,H,內圈 快踱一圈 (助手)
H087,03/10/2024,游水,沙田,,沙田,,,,,,,,游水,,
H087,03/10/2024,快操,沙田,全天候,沙田 全天候,,57.9,57.9,32.0 25.9,,助手,,快操,H,32.0 25.9 (57.9) (助手)
H087,03/10/2024,踱步,沙田,飛機場,沙田 飛機場,,,,,,助手,,踱步,H,飛機場 踱步 (助手)
H087,02/10/2024,游水,沙田,,沙田,,,,,,,,游水,,
H087,02/10/2024,踱步,沙田,內圈,沙田 內圈,,,,,,助手,,快踱一圈,H,內圈 快踱一圈 (助手)
H087,01/10/2024,游水,沙田,,沙田,,,,,,,,游水,,
H087,01/10/2024,踱步,沙田,內圈,沙田 內圈,,,,,,助手,,快踱一圈,H,內圈 快踱一圈 (助手)
H087,30/09/2024,踱步,沙田,內圈,沙田 內圈,,,,,,助手,,倒快一圈,H,內圈 倒快一圈 (助手)
H087,29/09/2024,踱步,沙田,飛機場,沙田 飛機場,,,,,,助手,,踱步,H,飛機場 踱步 (助手)
H087,25/09/2024,出賽,跑馬地,草地,跑馬地 草地,1650M,,,,,巴度,6/10,出賽,B/TT,1650M (巴度) (6/10)
H087,25/09/2024,踱步,沙田,內圈,沙田 內圈,,,,,,助手,,快踱一圈,H,內圈 快踱一圈 (助手)
H087,24/09/2024,游水,沙田,,沙田,,,,,,,,游水,,
H087,24/09/2024,踱步,沙田,內圈,沙田 內圈,,,,,,助手,,快踱一圈,H,內圈 快踱一圈 (助手)
H087,23/09/2024,游水,沙田,,沙田,,,,,,,,游水,,
H087,23/09/2024,快操,沙田,全天候,沙田 全天候,,58.7,58.7,32.2 26.5,,助手,,快操,H,32.2 26.5 (58.7) (助手)
H087,23/09/2024,踱步,沙田,飛機場,沙田 飛機場,,,,,,助手,,踱步,H,飛機場 踱步 (助手)
H087,22/09/2024,游水,沙田,,沙田,,,,,,,,游水,,
H087,22/09/2024,踱步,沙田,內圈,沙田 內圈,,,,,,助手,,快踱一圈,H,內圈 快踱一圈 (助手)
H087,21/09/2024,游水,沙田,,沙田,,,,,,,,游水,,
H087,21/09/2024,踱步,沙田,內圈,沙田 內圈,,,,,,助手,,快踱一圈,H,內圈 快踱一圈 (助手)
H087,20/09/2024,游水,沙田,,沙田,,,,,,,,游水,,
H087,20/09/2024,踱步,沙田,內圈,沙田 內圈,,,,,,助手,,快踱一圈,H,內圈 快踱一圈 (助手)
H087,19/09/2024,游水,沙田,,沙田,,,,,,,,游水,,
H087,19/09/2024,快操,沙田,全天候,沙田 全天候,,54.1,54.1,28.0 26.1,,助手,,快操,H,28.0 26.1 (54.1) (助手)
H087,19/09/2024,踱步,沙田,飛機場,沙田 飛機場,,,,,,助手,,踱步,H,飛機場 踱步 (助手)
H087,18/09/2024,游水,沙田,,沙田,,,,,,,,游水,,
H087,18/09/2024,踱步,沙田,內圈,沙田 內圈,,,,,,助手,,快踱一圈,H,內圈 快踱一圈 (助手)
H087,17/09/2024,游水,沙田,,沙田,,,,,,,,游水,,
H087,17/09/2024,踱步,沙田,內圈,沙田 內圈,,,,,,助手,,快踱一圈,H,內圈 快踱一圈 (助手)
H087,16/09/2024,游水,沙田,,沙田,,,,,,,,游水,,
H087,16/09/2024,踱步,沙田,內圈,沙田 內圈,,,,,,助手,,倒快一圈,H,內圈 倒快一圈 (助手)
H087,15/09/2024,游水,沙田,,沙田,,,,,,,,游水,,
H087,15/09/2024,踱步,沙田,內圈,沙田 內圈,,,,,,助手,,快踱一圈,H,內圈 快踱一圈 (助手)
H087,14/09/2024,游水,沙田,,沙田,,,,,,,,游水,,
H087,14/09/2024,踱步,沙田,飛機場,沙田 飛機場,,,,,,助手,,踱步,H,飛機場 踱步 (助手)
H087,13/09/2024,游水,沙田,,沙田,,,,,,,,游水,,
H087,12/09/2024,試閘,沙田,全天候,沙田 全天候,1200M,1.11.52,71.52,24.8 23.1 23.6,都靈福星,巴度,,第3組,B,第3組 (巴度) 1200M 都靈福星 24.8 23.1 23.6 (1.11.52)
H087,12/09/2024,游水,沙田,,沙田,,,,,,,,游水,,
H087,11/09/2024,游水,沙田,,沙田,,,,,,,,游水,,
H087,11/09/2024,踱步,沙田,內圈,沙田 內圈,,,,,,助手,,快踱一圈,H,內圈 快踱一圈 (助手)
H087,10/09/2024,游水,沙田,,沙田,,,,,,,,游水,,
H087,10/09/2024,踱步,沙田,內圈,沙田 內圈,,,,,,助手,,快踱一圈,H,內圈 快踱一圈 (助手)
H087,09/09/2024,游水,沙田,,沙田,,,,,,,,游水,,
H087,09/09/2024,踱步,沙田,內圈,沙田 內圈,,,,,,助手,,倒快一圈,H,內圈 倒快一圈 (助手)
H087,08/09/2024,游水,沙田,,沙田,,,,,,,,游水,,
H087,08/09/2024,快操,沙田,全天候,沙田 全天候,,28.8,28.8,28.8,,助手,,快操,H,28.8 (28.8) (助手)
H087,08/09/2024,踱步,沙田,飛機場,沙田 飛機場,,,,,,助手,,踱步,H,飛機場 踱步 (助手)
H087,07/09/2024,游水,沙田,,沙田,,,,,,,,游水,,
H087,07/09/2024,踱步,沙田,內圈,沙田 內圈,,,,,,助手,,快踱一圈,H,內圈 快踱一圈 (助手)
H087,05/09/2024,游水,沙田,,沙田,,,,,,,,游水,,
H087,05/09/2024,快操,沙田,全天候,沙田 全天候,,56.9,56.9,30.4 26.5,,助手,,快操,H,30.4 26.5 (56.9) (助手)
H087,05/09/2024,踱步,沙田,飛機場,沙田 飛機場,,,,,,助手,,踱步,H,飛機場 踱步 (助手)
H087,04/09/2024,游水,沙田,,沙田,,,,,,,,游水,,
H087,04/09/2024,踱步,沙田,內圈,沙田 內圈,,,,,,助手,,快踱一圈,H,內圈 快踱一圈 (助手)
H087,03/09/2024,游水,沙田,,沙田,,,,,,,,游水,,
H087,03/09/2024,踱步,沙田,內圈,沙田 內圈,,,,,,助手,,快踱一圈,H,內圈 快踱一圈 (助手)
H087,02/09/2024,游水,沙田,,沙田,,,,,,,,游水,,
H087,02/09/2024,快操,沙田,全天候,沙田 全天候,,1.03.8,63.8,34.1 29.7,,助手,,快操,H,34.1 29.7 (1.03.8) (助手)
H087,02/09/2024,踱步,沙田,飛機場,沙田 飛機場,,,,,,助手,,踱步,H,飛機場 踱步 (助手)
H087,01/09/2024,游水,沙田,,沙田,,,,,,,,游水,,
H087,01/09/2024,踱步,沙田,內圈,沙田 內圈,,,,,,助手,,快踱一圈,H,內圈 快踱一圈 (助手)
H087,31/08/2024,游水,沙田,,沙田,,,,,,,,游水,,
H087,31/08/2024,踱步,沙田,內圈,沙田 內圈,,,,,,助手,,快踱一圈,H,內圈 快踱一圈 (助手)
H087,30/08/2024,游水,沙田,,沙田,,,,,,,,游水,,
H087,30/08/2024,踱步,沙田,內圈,沙田 內圈,,,,,,助手,,快踱一圈,H,內圈 快踱一圈 (助手)
H087,29/08/2024,游水,沙田,,沙田,,,,,,,,游水,,
H087,29/08/2024,快操,沙田,全天候,沙田 全天候,,1.05.0,65.0,34.1 30.9,,助手,,快操,H,34.1 30.9 (1.05.0) (助手)
H087,29/08/2024,踱步,沙田,飛機場,沙田 飛機場,,,,,,助手,,踱步,H,飛機場 踱步 (助手)
H087,28/08/2024,游水,沙田,,沙田,,,,,,,,游水,,
H087,28/08/2024,踱步,沙田,內圈,沙田 內圈,,,,,,助手,,快踱一圈,H,內圈 快踱一圈 (助手)
H087,27/08/2024,游水,沙田,,沙田,,,,,,,,游水,,
H087,27/08/2024,踱步,沙田,內圈,沙田 內圈,,,,,,助手,,快踱一圈,H,內圈 快踱一圈 (助手)
H087,26/08/2024,游水,沙田,,沙田,,,,,,,,游水,,
H087,26/08/2024,踱步,沙田,內圈,沙田 內圈,,,,,,助手,,倒快一圈,H,內圈 倒快一圈 (助手)
H087,25/08/2024,游水,沙田,,沙田,,,,,,,,游水,,
H087,25/08/2024,踱步,沙田,內圈,沙田 內圈,,,,,,助手,,快踱一圈,H,內圈 快踱一圈 (助手)
H087,24/08/2024,游水,沙田,,沙田,,,,,,,,游水,,
H087,24/08/2024,快操,沙田,全天候,沙田 全天候,,30.9,30.9,30.9,,助手,,快操,H,30.9 (30.9) (助手)
H087,24/08/2024,踱步,沙田,飛機場,沙田 飛機場,,,,,,助手,,踱步,H,飛機場 踱步 (助手)
H087,23/08/2024,游水,沙田,,沙田,,,,,,,,游水,,
H087,23/08/2024,踱步,沙田,內圈,沙田 內圈,,,,,,助手,,快踱一圈,H,內圈 快踱一圈 (助手)
H087,22/08/2024,游水,沙田,,沙田,,,,,,,,游水,,
H087,22/08/2024,踱步,沙田,內圈,沙田 內圈,,,,,,助手,,倒快一圈,H,內圈 倒快一圈 (助手)
H087,21/08/2024,游水,沙田,,沙田,,,,,,,,游水,,
H087,21/08/2024,踱步,沙田,內圈,沙田 內圈,,,,,,助手,,快踱一圈,H,內圈 快踱一圈 (助手)
H087,20/08/2024,游水,沙田,,沙田,,,,,,,,游水,,
H087,20/08/2024,踱步,沙田,內圈,沙田 內圈,,,,,,助手,,快踱一圈,H,內圈 快踱一圈 (助手)
H087,19/08/2024,游水,沙田,,沙田,,,,,,,,游水,,
H087,19/08/2024,踱步,沙田,內圈,沙田 內圈,,,,,,助手,,倒快一圈,H,內圈 倒快一圈 (助手)
H087,18/08/2024,游水,沙田,,沙田,,,,,,,,游水,,
H087,18/08/2024,快操,沙田,全天候,沙田 全天候,,30.9,30.9,30.9,,助手,,快操,H,30.9 (30.9) (助手)
H087,18/08/2024,踱步,沙田,飛機場,沙田 飛機場,,,,,,助手,,踱步,H,飛機場 踱步 (助手)
H087,17/08/2024,游水,沙田,,沙田,,,,,,,,游水,,
H087,16/08/2024,游水,沙田,,沙田,,,,,,,,游水,,
H087,16/08/2024,踱步,沙田,內圈,沙田 內圈,,,,,,助手,,快踱一圈,H,內圈 快踱一圈 (助手)
H087,15/08/2024,游水,沙田,,沙田,,,,,,,,游水,,
H087,15/08/2024,踱步,沙田,內圈,沙田 內圈,,,,,,助手,,倒快一圈,H,內圈 倒快一圈 (助手)
H087,14/08/2024,游水,沙田,,沙田,,,,,,,,游水,,
H087,14/08/2024,踱步,沙田,內圈,沙田 內圈,,,,,,助手,,快踱一圈,H,內圈 快踱一圈 (助手)
H087,13/08/2024,游水,沙田,,沙田,,,,,,,,游水,,
H087,13/08/2024,踱步,沙田,內圈,沙田 內圈,,,,,,助手,,快踱一圈,H,內圈 快踱一圈 (助手)
H087,12/08/2024,踱步,沙田,內圈,沙田 內圈,,,,,,助手,,倒快一圈,H,內圈 倒快一圈 (助手)
H087,11/08/2024,踱步,沙田,飛機場,沙田 飛機場,,,,,,助手,,踱步,H,飛機場 踱步 (助手)
H087,10/08/2024,踱步,沙田,飛機場,沙田 飛機場,,,,,,助手,,踱步,H,飛機場 踱步 (助手)
H087,09/08/2024,踱步,沙田,飛機場,沙田 飛機場,,,,,,助手,,踱步,H,飛機場 踱步 (助手)
H087,01/08/2024,踱步,沙田,內圈,沙田 內圈,,,,,,助手,,快踱一圈,H,內圈 快踱一圈 (助手)
H087,31/07/2024,踱步,沙田,內圈,沙田 內圈,,,,,,助手,,快踱一圈,H,內圈 快踱一圈 (助手)
H087,30/07/2024,踱步,沙田,內圈,沙田 內圈,,,,,,助手,,快踱一圈,H,內圈 快踱一圈 (助手)
H087,29/07/2024,踱步,沙田,飛機場,沙田 飛機場,,,,,,助手,,踱步,H,飛機場 踱步 (助手)
H087,28/07/2024,踱步,沙田,飛機場,沙田 飛機場,,,,,,助手,,踱步,H,飛機場 踱步 (助手)
H087,27/07/2024,踱步,沙田,飛機場,沙田 飛機場,,,,,,助手,,踱步,H,飛機場 踱步 (助手)
H087,26/07/2024,踱步,沙田,飛機場,沙田 飛機場,,,,,,助手,,踱步,H,飛機場 踱步 (助手)
H087,25/07/2024,踱步,沙田,飛機場,沙田 飛機場,,,,,,助手,,踱步,H,飛機場 踱步 (助手)
H087,11/07/2024,游水,沙田,,沙田,,,,,,,,游水,,
H087,10/07/2024,游水,沙田,,沙田,,,,,,,,游水,,
H087,09/07/2024,游水,沙田,,沙田,,,,,,,,游水,,
H087,08/07/2024,游水,沙田,,沙田,,,,,,,,游水,,
H087,07/07/2024,游水,沙田,,沙田,,,,,,,,游水,,
H087,07/07/2024,快操,沙田,全天候,沙田 全天候,,58.0,58.0,31.8 26.2,,助手,,快操,H,31.8 26.2 (58.0) (助手)
H087,06/07/2024,游水,沙田,,沙田,,,,,,,,游水,,
H087,06/07/2024,踱步,沙田,內圈,沙田 內圈,,,,,,助手,,快踱一圈,H,內圈 快踱一圈 (助手)
H087,05/07/2024,游水,沙田,,沙田,,,,,,,,游水,,
H087,05/07/2024,踱步,沙田,內圈,沙田 內圈,,,,,,助手,,快踱一圈,H,內圈 快踱一圈 (助手)
H087,04/07/2024,踱步,沙田,內圈,沙田 內圈,,,,,,助手,,倒快一圈,H,內圈 倒快一圈 (助手)
H087,03/07/2024,踱步,沙田,內圈,沙田 內圈,,,,,,助手,,快踱一圈,H,內圈 快踱一圈 (助手)
H087,02/07/2024,踱步,沙田,飛機場,沙田 飛機場,,,,,,助手,,踱步,PH,飛機場 踱步 (助手)
H087,01/07/2024,踱步,沙田,內圈,沙田 內圈,,,,,,助手,,倒快一圈,H,內圈 倒快一圈 (助手)
H087,30/06/2024,踱步,沙田,飛機場,沙田 飛機場,,,,,,助手,,踱步,H,飛機場 踱步 (助手)
H087,29/06/2024,踱步,沙田,內圈,沙田 內圈,,,,,,助手,,快踱一圈,H,內圈 快踱一圈 (助手)
H087,26/06/2024,出賽,跑馬地,草地,跑馬地 草地,1650M,,,,,田泰安,3/12,出賽,B/TT,1650M (田泰安) (3/12)
H087,26/06/2024,踱步,沙田,內圈,沙田 內圈,,,,,,助手,,快踱一圈,H,內圈 快踱一圈 (助手)
H087,25/06/2024,游水,沙田,,沙田,,,,,,,,游水,,
H087,25/06/2024,踱步,沙田,內圈,沙田 內圈,,,,,,助手,,快踱一圈,H,內圈 快踱一圈 (助手)
H087,24/06/2024,游水,沙田,,沙田,,,,,,,,游水,,
H087,24/06/2024,踱步,沙田,內圈,沙田 內圈,,,,,,助手,,倒快一圈,H,內圈 倒快一圈 (助手)
H087,23/06/2024,游水,沙田,,沙田,,,,,,,,游水,,
H087,23/06/2024,快操,沙田,全天候,沙田 全天候,,59.7,59.7,33.2 26.5,,助手,,快操,H,33.2 26.5 (59.7) (助手)
H087,22/06/2024,游水,沙田,,沙田,,,,,,,,游水,,
H087,22/06/2024,踱步,沙田,內圈,沙田 內圈,,,,,,助手,,快踱一圈,H,內圈 快踱一圈 (助手)
H087,21/06/2024,游水,沙田,,沙田,,,,,,,,游水,,
H087,21/06/2024,踱步,沙田,內圈,沙田 內圈,,,,,,助手,,快踱一圈,H,內圈 快踱一圈 (助手)
H087,20/06/2024,游水,沙田,,沙田,,,,,,,,游水,,
H087,20/06/2024,快操,沙田,全天候,沙田 全天候,,57.1,57.1,31.4 25.7,,助手,,五福星,H,31.4 25.7 (57.1) (助手) 五福星
H087,20/06/2024,踱步,沙田,飛機場,沙田 飛機場,,,,,,助手,,踱步,H,飛機場 踱步 (助手)
H087,19/06/2024,游水,沙田,,沙田,,,,,,,,游水,,
H087,19/06/2024,踱步,沙田,內圈,沙田 內圈,,,,,,助手,,快踱一圈,H,內圈 快踱一圈 (助手)
H087,18/06/2024,游水,沙田,,沙田,,,,,,,,游水,,
H087,18/06/2024,踱步,沙田,內圈,沙田 內圈,,,,,,助手,,快踱一圈,H,內圈 快踱一圈 (助手)
H087,17/06/2024,游水,沙田,,沙田,,,,,,,,游水,,
H087,17/06/2024,快操,沙田,全天候,沙田 全天候,,59.0,59.0,32.6 26.4,,助手,,快操,H,32.6 26.4 (59.0) (助手)
H087,17/06/2024,踱步,沙田,飛機場,沙田 飛機場,,,,,,助手,,踱步,H,飛機場 踱步 (助手)
H087,16/06/2024,游水,沙田,,沙田,,,,,,,,游水,,
H087,16/06/2024,踱步,沙田,內圈,沙田 內圈,,,,,,助手,,快踱一圈,H,內圈 快踱一圈 (助手)
H087,15/06/2024,游水,沙田,,沙田,,,,,,,,游水,,
H087,15/06/2024,踱步,沙田,內圈,沙田 內圈,,,,,,助手,,快踱一圈,H,內圈 快踱一圈 (助手)
H087,14/06/2024,游水,沙田,,沙田,,,,,,,,游水,,
H087,14/06/2024,快操,沙田,全天候,沙田 全天候,,56.5,56.5,30.4 26.1,,助手,,快操,H,30.4 26.1 (56.5) (助手)
H087,13/06/2024,游水,沙田,,沙田,,,,,,,,游水,,
H087,13/06/2024,踱步,沙田,內圈,沙田 內圈,,,,,,助手,,倒快一圈,H,內圈 倒快一圈 (助手)
H087,12/06/2024,游水,沙田,,沙田,,,,,,,,游水,,
H087,12/06/2024,踱步,沙田,內圈,沙田 內圈,,,,,,助手,,快踱一圈,H,內圈 快踱一圈 (助手)
H087,11/06/2024,游水,沙田,,沙田,,,,,,,,游水,,
H087,11/06/2024,踱步,沙田,內圈,沙田 內圈,,,,,,助手,,快踱一圈,H,內圈 快踱一圈 (助手)
H087,10/06/2024,游水,沙田,,沙田,,,,,,,,游水,,
H087,10/06/2024,踱步,沙田,內圈,沙田 內圈,,,,,,助手,,倒快一圈,H,內圈 倒快一圈 (助手)
H087,09/06/2024,游水,沙田,,沙田,,,,,,,,游水,,
H087,09/06/2024,踱步,沙田,飛機場,沙田 飛機場,,,,,,助手,,踱步,H,飛機場 踱步 (助手)
H087,08/06/2024,游水,沙田,,沙田,,,,,,,,游水,,
H087,07/06/2024,游水,沙田,,沙田,,,,,,,,游水,,
H087,06/06/2024,游水,沙田,,沙田,,,,,,,,游水,,
H087,05/06/2024,出賽,跑馬地,草地,跑馬地 草地,1650M,,,,,潘明輝,2/12,出賽,B/TT,1650M (潘明輝) (2/12)
H087,04/06/2024,游水,沙田,,沙田,,,,,,,,游水,,
H087,04/06/2024,踱步,沙田,內圈,沙田 內圈,,,,,,助手,,快踱一圈,H,內圈 快踱一圈 (助手)
H087,03/06/2024,游水,沙田,,沙田,,,,,,,,游水,,
H087,03/06/2024,快操,沙田,全天候,沙田 全天候,,59.6,59.6,31.4 28.2,,潘明輝,,快操,H,31.4 28.2 (59.6) (潘明輝)
H087,03/06/2024,踱步,沙田,飛機場,沙田 飛機場,,,,,,潘明輝,,踱步,H,飛機場 踱步 (潘明輝)
H087,02/06/2024,游水,沙田,,沙田,,,,,,,,游水,,
H087,02/06/2024,踱步,沙田,內圈,沙田 內圈,,,,,,助手,,快踱一圈,H,內圈 快踱一圈 (助手)
H087,01/06/2024,游水,沙田,,沙田,,,,,,,,游水,,
H087,01/06/2024,踱步,沙田,內圈,沙田 內圈,,,,,,助手,,快踱一圈,H,內圈 快踱一圈 (助手)
H087,31/05/2024,游水,沙田,,沙田,,,,,,,,游水,,
H087,31/05/2024,快操,沙田,全天候,沙田 全天候,,59.0,59.0,31.9 27.1,,助手,,快操,H,31.9 27.1 (59.0) (助手)
H087,31/05/2024,踱步,沙田,飛機場,沙田 飛機場,,,,,,助手,,踱步,H,飛機場 踱步 (助手)
H087,30/05/2024,游水,沙田,,沙田,,,,,,,,游水,,
H087,30/05/2024,踱步,沙田,內圈,沙田 內圈,,,,,,助手,,倒快一圈,H,內圈 倒快一圈 (助手)
H087,29/05/2024,踱步,沙田,內圈,沙田 內圈,,,,,,助手,,快踱一圈,H,內圈 快踱一圈 (助手)
H087,27/05/2024,游水,沙田,,沙田,,,,,,,,游水,,
H087,27/05/2024,踱步,沙田,內圈,沙田 內圈,,,,,,助手,,倒快一圈,H,內圈 倒快一圈 (助手)
H087,26/05/2024,踱步,沙田,飛機場,沙田 飛機場,,,,,,助手,,踱步,H,飛機場 踱步 (助手)
H087,22/05/2024,出賽,跑馬地,草地,跑馬地 草地,1650M,,,,,潘明輝,4/12,出賽,B/TT,1650M (潘明輝) (4/12)
H087,21/05/2024,游水,沙田,,沙田,,,,,,,,游水,,
H087,21/05/2024,踱步,沙田,內圈,沙田 內圈,,,,,,助手,,快踱一圈,H,內圈 快踱一圈 (助手)
H087,20/05/2024,游水,沙田,,沙田,,,,,,,,游水,,
H087,20/05/2024,踱步,沙田,內圈,沙田 內圈,,,,,,助手,,倒快一圈,H,內圈 倒快一圈 (助手)
H087,19/05/2024,游水,沙田,,沙田,,,,,,,,游水,,
H087,19/05/2024,快操,沙田,全天候,沙田 全天候,,57.9,57.9,31.8 26.1,,助手,,快操,H,31.8 26.1 (57.9) (助手)
H087,19/05/2024,踱步,沙田,飛機場,沙田 飛機場,,,,,,助手,,踱步,H,飛機場 踱步 (助手)
H087,18/05/2024,游水,沙田,,沙田,,,,,,,,游水,,
H087,18/05/2024,踱步,沙田,內圈,沙田 內圈,,,,,,助手,,快踱一圈,H,內圈 快踱一圈 (助手)
H087,17/05/2024,游水,沙田,,沙田,,,,,,,,游水,,
H087,17/05/2024,踱步,沙田,內圈,沙田 內圈,,,,,,助手,,快踱一圈,H,內圈 快踱一圈 (助手)
H087,16/05/2024,游水,沙田,,沙田,,,,,,,,游水,,
H087,16/05/2024,快操,沙田,全天候,沙田 全天候,,59.9,59.9,33.1 26.8,,助手,,快操,H,33.1 26.8 (59.9) (助手)
H087,16/05/2024,踱步,沙田,飛機場,沙田 飛機場,,,,,,助手,,踱步,H,飛機場 踱步 (助手)
H087,15/05/2024,游水,沙田,,沙田,,,,,,,,游水,,
H087,15/05/2024,踱步,沙田,內圈,沙田 內圈,,,,,,助手,,快踱一圈,H,內圈 快踱一圈 (助手)
H087,14/05/2024,游水,沙田,,沙田,,,,,,,,游水,,
H087,14/05/2024,踱步,沙田,內圈,沙田 內圈,,,,,,助手,,快踱一圈,H,內圈 快踱一圈 (助手)
H087,13/05/2024,游水,沙田,,沙田,,,,,,,,游水,,
H087,13/05/2024,踱步,沙田,內圈,沙田 內圈,,,,,,助手,,倒快一圈,H,內圈 倒快一圈 (助手)
H087,12/05/2024,游水,沙田,,沙田,,,,,,,,游水,,
H087,12/05/2024,踱步,沙田,飛機場,沙田 飛機場,,,,,,助手,,踱步,H,飛機場 踱步 (助手)
H087,08/05/2024,出賽,跑馬地,草地,跑馬地 草地,1650M,,,,,巴度,3/12,出賽,B/TT,1650M (巴度) (3/12)
H087,08/05/2024,踱步,沙田,內圈,沙田 內圈,,,,,,助手,,快踱一圈,H,內圈 快踱一圈 (助手)
H087,07/05/2024,游水,沙田,,沙田,,,,,,,,游水,,
H087,06/05/2024,游水,沙田,,沙田,,,,,,,,游水,,
H087,06/05/2024,快操,沙田,全天候,沙田 全天候,,1.00.7,60.7,31.8 28.9,,巴度,,快操,H,31.8 28.9 (1.00.7) (巴度)
H087,05/05/2024,游水,沙田,,沙田,,,,,,,,游水,,
H087,05/05/2024,踱步,沙田,內圈,沙田 內圈,,,,,,助手,,快踱一圈,H,內圈 快踱一圈 (助手)
H087,04/05/2024,游水,沙田,,沙田,,,,,,,,游水,,
H087,04/05/2024,踱步,沙田,內圈,沙田 內圈,,,,,,助手,,快踱一圈,H,內圈 快踱一圈 (助手)
H087,03/05/2024,游水,沙田,,沙田,,,,,,,,游水,,
H087,03/05/2024,踱步,沙田,內圈,沙田 內圈,,,,,,助手,,快踱一圈,H,內圈 快踱一圈 (助手)
H087,02/05/2024,游水,沙田,,沙田,,,,,,,,游水,,
H087,02/05/2024,快操,沙田,全天候,沙田 全天候,,57.0,57.0,31.3 25.7,,助手,,天天同樂,H,31.3 25.7 (57.0) (助手) 天天同樂
H087,02/05/2024,踱步,沙田,飛機場,沙田 飛機場,,,,,,助手,,踱步,H,飛機場 踱步 (助手)
H087,01/05/2024,游水,沙田,,沙田,,,,,,,,游水,,
H087,01/05/2024,踱步,沙田,內圈,沙田 內圈,,,,,,助手,,快踱一圈,H,內圈 快踱一圈 (助手)
H087,30/04/2024,游水,沙田,,沙田,,,,,,,,游水,,
H087,30/04/2024,踱步,沙田,內圈,沙田 內圈,,,,,,助手,,快踱一圈,H,內圈 快踱一圈 (助手)
H087,29/04/2024,游水,沙田,,沙田,,,,,,,,游水,,
H087,29/04/2024,踱步,沙田,內圈,沙田 內圈,,,,,,助手,,倒快一圈,H,內圈 倒快一圈 (助手)
H087,28/04/2024,游水,沙田,,沙田,,,,,,,,游水,,
H087,27/04/2024,游水,沙田,,沙田,,,,,,,,游水,,
H087,24/04/2024,出賽,跑馬地,草地,跑馬地 草地,1650M,,,,,巴度,2/12,出賽,B/TT,1650M (巴度) (2/12)
H087,24/04/2024,踱步,沙田,內圈,沙田 內圈,,,,,,助手,,快踱一圈,H,內圈 快踱一圈 (助手)
H087,23/04/2024,游水,沙田,,沙田,,,,,,,,游水,,
H087,23/04/2024,踱步,沙田,內圈,沙田 內圈,,,,,,助手,,快踱一圈,H,內圈 快踱一圈 (助手)
H087,22/04/2024,游水,沙田,,沙田,,,,,,,,游水,,
H087,22/04/2024,踱步,沙田,內圈,沙田 內圈,,,,,,助手,,倒快一圈,H,內圈 倒快一圈 (助手)
H087,21/04/2024,游水,沙田,,沙田,,,,,,,,游水,,
H087,21/04/2024,快操,沙田,全天候,沙田 全天候,,1.00.1,60.1,33.0 27.1,,助手,,快操,H,33.0 27.1 (1.00.1) (助手)
H087,21/04/2024,踱步,沙田,飛機場,沙田 飛機場,,,,,,助手,,踱步,H,飛機場 踱步 (助手)
H087,20/04/2024,游水,沙田,,沙田,,,,,,,,游水,,
H087,20/04/2024,踱步,沙田,內圈,沙田 內圈,,,,,,助手,,快踱一圈,H,內圈 快踱一圈 (助手)
H087,19/04/2024,游水,沙田,,沙田,,,,,,,,游水,,
H087,19/04/2024,踱步,沙田,內圈,沙田 內圈,,,,,,助手,,快踱一圈,H,內圈 快踱一圈 (助手)
H087,18/04/2024,游水,沙田,,沙田,,,,,,,,游水,,
H087,18/04/2024,快操,沙田,全天候,沙田 全天候,,57.5,57.5,30.7 26.8,,助手,,快操,H,30.7 26.8 (57.5) (助手)
H087,18/04/2024,踱步,沙田,飛機場,沙田 飛機場,,,,,,助手,,踱步,H,飛機場 踱步 (助手)
H087,17/04/2024,游水,沙田,,沙田,,,,,,,,游水,,
H087,16/04/2024,游水,沙田,,沙田,,,,,,,,游水,,
H087,16/04/2024,踱步,沙田,內圈,沙田 內圈,,,,,,助手,,快踱一圈,H,內圈 快踱一圈 (助手)
H087,15/04/2024,游水,沙田,,沙田,,,,,,,,游水,,
H087,15/04/2024,快操,沙田,全天候,沙田 全天候,,57.1,57.1,31.5 25.6,,助手,,快操,H,31.5 25.6 (57.1) (助手)
H087,15/04/2024,踱步,沙田,飛機場,沙田 飛機場,,,,,,助手,,踱步,H,飛機場 踱步 (助手)
H087,14/04/2024,游水,沙田,,沙田,,,,,,,,游水,,
H087,14/04/2024,踱步,沙田,內圈,沙田 內圈,,,,,,助手,,快踱一圈,H,內圈 快踱一圈 (助手)
H087,13/04/2024,游水,沙田,,沙田,,,,,,,,游水,,
H087,13/04/2024,踱步,沙田,內圈,沙田 內圈,,,,,,助手,,快踱一圈,H,內圈 快踱一圈 (助手)
H087,12/04/2024,游水,沙田,,沙田,,,,,,,,游水,,
H087,12/04/2024,踱步,沙田,內圈,沙田 內圈,,,,,,助手,,快踱一圈,H,內圈 快踱一圈 (助手)
H087,11/04/2024,游水,沙田,,沙田,,,,,,,,游水,,
H087,11/04/2024,踱步,沙田,飛機場,沙田 飛機場,,,,,,助手,,踱步,H,飛機場 踱步 (助手)
H087,10/04/2024,游水,沙田,,沙田,,,,,,,,游水,,
H087,07/04/2024,出賽,沙田,草地,沙田 草地,1600M,,,,,巴度,3/14,出賽,B/TT,1600M (巴度) (3/14)
H087,07/04/2024,踱步,沙田,內圈,沙田 內圈,,,,,,助手,,快踱一圈,H,內圈 快踱一圈 (助手)
H087,06/04/2024,游水,沙田,,沙田,,,,,,,,游水,,
H087,06/04/2024,踱步,沙田,內圈,沙田 內圈,,,,,,助手,,快踱一圈,H,內圈 快踱一圈 (助手)
H087,05/04/2024,游水,沙田,,沙田,,,,,,,,游水,,
H087,05/04/2024,踱步,沙田,內圈,沙田 內圈,,,,,,助手,,快踱一圈,H,內圈 快踱一圈 (助手)
H087,04/04/2024,游水,沙田,,沙田,,,,,,,,游水,,
H087,04/04/2024,快操,沙田,全天候,沙田 全天候,,57.7,57.7,31.9 25.8,,助手,,快操,H,31.9 25.8 (57.7) (助手)
H087,03/04/2024,游水,沙田,,沙田,,,,,,,,游水,,
H087,03/04/2024,踱步,沙田,內圈,沙田 內圈,,,,,,助手,,快踱一圈,H,內圈 快踱一圈 (助手)
H087,02/04/2024,游水,沙田,,沙田,,,,,,,,游水,,
H087,02/04/2024,踱步,沙田,內圈,沙田 內圈,,,,,,助手,,快踱一圈,H,內圈 快踱一圈 (助手)
H087,01/04/2024,游水,沙田,,沙田,,,,,,,,游水,,
H087,01/04/2024,踱步,沙田,內圈,沙田 內圈,,,,,,助手,,倒快一圈,H,內圈 倒快一圈 (助手)
H087,31/03/2024,游水,沙田,,沙田,,,,,,,,游水,,
H087,31/03/2024,踱步,沙田,飛機場,沙田 飛機場,,,,,,助手,,踱步,H,飛機場 踱步 (助手)
H087,27/03/2024,出賽,跑馬地,草地,跑馬地 草地,1650M,,,,,巴度,1/11,出賽,B/TT,1650M (巴度) (1/11)
H087,27/03/2024,踱步,沙田,內圈,沙田 內圈,,,,,,助手,,快踱一圈,H,內圈 快踱一圈 (助手)
H087,26/03/2024,游水,沙田,,沙田,,,,,,,,游水,,
H087,26/03/2024,踱步,沙田,內圈,沙田 內圈,,,,,,助手,,快踱一圈,H,內圈 快踱一圈 (助手)
H087,25/03/2024,游水,沙田,,沙田,,,,,,,,游水,,
H087,25/03/2024,踱步,沙田,內圈,沙田 內圈,,,,,,助手,,倒快一圈,H,內圈 倒快一圈 (助手)
H087,24/03/2024,游水,沙田,,沙田,,,,,,,,游水,,
H087,24/03/2024,快操,沙田,全天候,沙田 全天候,,58.2,58.2,31.7 26.5,,助手,,快操,H,31.7 26.5 (58.2) (助手)
H087,24/03/2024,踱步,沙田,飛機場,沙田 飛機場,,,,,,助手,,踱步,H,飛機場 踱步 (助手)
H087,23/03/2024,游水,沙田,,沙田,,,,,,,,游水,,
H087,23/03/2024,踱步,沙田,內圈,沙田 內圈,,,,,,助手,,快踱一圈,H,內圈 快踱一圈 (助手)
H087,22/03/2024,游水,沙田,,沙田,,,,,,,,游水,,
H087,22/03/2024,踱步,沙田,內圈,沙田 內圈,,,,,,助手,,快踱一圈,H,內圈 快踱一圈 (助手)
H087,21/03/2024,游水,沙田,,沙田,,,,,,,,游水,,
H087,21/03/2024,快操,沙田,全天候,沙田 全天候,,57.2,57.2,31.9 25.3,,助手,,快操,H,31.9 25.3 (57.2) (助手)
H087,21/03/2024,踱步,沙田,飛機場,沙田 飛機場,,,,,,助手,,踱步,H,飛機場 踱步 (助手)
H087,20/03/2024,游水,沙田,,沙田,,,,,,,,游水,,
H087,20/03/2024,踱步,沙田,內圈,沙田 內圈,,,,,,助手,,快踱一圈,H,內圈 快踱一圈 (助手)
H087,19/03/2024,游水,沙田,,沙田,,,,,,,,游水,,
H087,19/03/2024,踱步,沙田,內圈,沙田 內圈,,,,,,助手,,快踱一圈,H,內圈 快踱一圈 (助手)
H087,18/03/2024,游水,沙田,,沙田,,,,,,,,游水,,
H087,18/03/2024,快操,沙田,全天候,沙田 全天候,,57.9,57.9,32.4 25.5,,助手,,快操,H,32.4 25.5 (57.9) (助手)
H087,18/03/2024,踱步,沙田,飛機場,沙田 飛機場,,,,,,助手,,踱步,H,飛機場 踱步 (助手)
H087,17/03/2024,游水,沙田,,沙田,,,,,,,,游水,,
H087,17/03/2024,踱步,沙田,內圈,沙田 內圈,,,,,,助手,,快踱一圈,H,內圈 快踱一圈 (助手)
H087,16/03/2024,游水,沙田,,沙田,,,,,,,,游水,,
H087,16/03/2024,踱步,沙田,內圈,沙田 內圈,,,,,,助手,,快踱一圈,H,內圈 快踱一圈 (助手)
H087,15/03/2024,游水,沙田,,沙田,,,,,,,,游水,,
H087,15/03/2024,踱步,沙田,內圈,沙田 內圈,,,,,,助手,,快踱一圈,H,內圈 快踱一圈 (助手)
H087,14/03/2024,游水,沙田,,沙田,,,,,,,,游水,,
H087,14/03/2024,快操,沙田,全天候,沙田 全天候,,1.00.2,60.2,32.6 27.6,,助手,,快操,H,32.6 27.6 (1.00.2) (助手)
H087,13/03/2024,游水,沙田,,沙田,,,,,,,,游水,,
H087,13/03/2024,踱步,沙田,內圈,沙田 內圈,,,,,,助手,,快踱一圈,H,內圈 快踱一圈 (助手)
H087,12/03/2024,踱步,沙田,內圈,沙田 內圈,,,,,,助手,,快踱一圈,H,內圈 快踱一圈 (助手)
H087,11/03/2024,踱步,沙田,內圈,沙田 內圈,,,,,,助手,,倒快一圈,H,內圈 倒快一圈 (助手)
H087,10/03/2024,踱步,沙田,飛機場,沙田 飛機場,,,,,,助手,,踱步,H,飛機場 踱步 (助手)
H087,06/03/2024,出賽,跑馬地,草地,跑馬地 草地,1650M,,,,,巴度,3/11,出賽,B/TT,1650M (巴度) (3/11)
H087,06/03/2024,踱步,沙田,內圈,沙田 內圈,,,,,,助手,,快踱一圈,H,內圈 快踱一圈 (助手)
H087,05/03/2024,游水,沙田,,沙田,,,,,,,,游水,,
H087,05/03/2024,踱步,沙田,內圈,沙田 內圈,,,,,,助手,,快踱一圈,H,內圈 快踱一圈 (助手)
H087,04/03/2024,游水,沙田,,沙田,,,,,,,,游水,,
H087,04/03/2024,快操,沙田,全天候,沙田 全天候,,27.6,27.6,27.6,,巴度,,快操,H,27.6 (27.6) (巴度)
H087,04/03/2024,踱步,沙田,飛機場,沙田 飛機場,,,,,,助手,,踱步,H,飛機場 踱步 (助手)
H087,03/03/2024,游水,沙田,,沙田,,,,,,,,游水,,
H087,03/03/2024,踱步,沙田,內圈,沙田 內圈,,,,,,助手,,快踱一圈,H,內圈 快踱一圈 (助手)
H087,02/03/2024,游水,沙田,,沙田,,,,,,,,游水,,
H087,02/03/2024,踱步,沙田,內圈,沙田 內圈,,,,,,助手,,快踱一圈,H,內圈 快踱一圈 (助手)
H087,01/03/2024,游水,沙田,,沙田,,,,,,,,游水,,
H087,01/03/2024,快操,沙田,全天候,沙田 全天候,,58.1,58.1,32.5 25.6,,副練馬師,,快操,H,32.5 25.6 (58.1) (副練馬師)
H087,01/03/2024,踱步,沙田,飛機場,沙田 飛機場,,,,,,副練馬師,,踱步,H,飛機場 踱步 (副練馬師)
H087,29/02/2024,游水,沙田,,沙田,,,,,,,,游水,,
H087,28/02/2024,游水,沙田,,沙田,,,,,,,,游水,,
H087,28/02/2024,踱步,沙田,內圈,沙田 內圈,,,,,,助手,,快踱一圈,H,內圈 快踱一圈 (助手)
H087,27/02/2024,游水,沙田,,沙田,,,,,,,,游水,,
H087,27/02/2024,快操,沙田,草地,沙田 草地,,53.7,53.7,30.1 23.6,,副練馬師,,難以置信,H,30.1 23.6 (53.7) (副練馬師) 難以置信
H087,26/02/2024,游水,沙田,,沙田,,,,,,,,游水,,
H087,26/02/2024,踱步,沙田,內圈,沙田 內圈,,,,,,助手,,倒快一圈,H,內圈 倒快一圈 (助手)
H087,25/02/2024,游水,沙田,,沙田,,,,,,,,游水,,
H087,25/02/2024,踱步,沙田,內圈,沙田 內圈,,,,,,助手,,快踱一圈,H,內圈 快踱一圈 (助手)
H087,24/02/2024,游水,沙田,,沙田,,,,,,,,游水,,
H087,24/02/2024,踱步,沙田,內圈,沙田 內圈,,,,,,助手,,快踱一圈,H,內圈 快踱一圈 (助手)
H087,23/02/2024,游水,沙田,,沙田,,,,,,,,游水,,
H087,23/02/2024,快操,沙田,全天候,沙田 全天候,,58.3,58.3,30.8 27.5,,助手,,快操,H,30.8 27.5 (58.3) (助手)
H087,23/02/2024,踱步,沙田,飛機場,沙田 飛機場,,,,,,助手,,踱步,H,飛機場 踱步 (助手)
H087,22/02/2024,游水,沙田,,沙田,,,,,,,,游水,,
H087,22/02/2024,踱步,沙田,內圈,沙田 內圈,,,,,,助手,,倒快一圈,H,內圈 倒快一圈 (助手)
H087,21/02/2024,游水,沙田,,沙田,,,,,,,,游水,,
H087,21/02/2024,踱步,沙田,內圈,沙田 內圈,,,,,,助手,,快踱一圈,H,內圈 快踱一圈 (助手)
H087,20/02/2024,游水,沙田,,沙田,,,,,,,,游水,,
H087,20/02/2024,快操,沙田,全天候,沙田 全天候,,59.8,59.8,32.8 27.0,,助手,,快操,H,32.8 27.0 (59.8) (助手)
H087,20/02/2024,踱步,沙田,飛機場,沙田 飛機場,,,,,,助手,,踱步,H,飛機場 踱步 (助手)
H087,19/02/2024,游水,沙田,,沙田,,,,,,,,游水,,
H087,19/02/2024,踱步,沙田,內圈,沙田 內圈,,,,,,助手,,倒快一圈,H,內圈 倒快一圈 (助手)
H087,18/02/2024,游水,沙田,,沙田,,,,,,,,游水,,
H087,18/02/2024,踱步,沙田,內圈,沙田 內圈,,,,,,助手,,快踱一圈,H,內圈 快踱一圈 (助手)
H087,17/02/2024,游水,沙田,,沙田,,,,,,,,游水,,
H087,17/02/2024,踱步,沙田,內圈,沙田 內圈,,,,,,助手,,快踱一圈,H,內圈 快踱一圈 (助手)
H087,16/02/2024,游水,沙田,,沙田,,,,,,,,游水,,
H087,16/02/2024,踱步,沙田,飛機場,沙田 飛機場,,,,,,助手,,踱步,H,飛機場 踱步 (助手)
H087,12/02/2024,出賽,沙田,草地,沙田 草地,1600M,,,,,潘明輝,4/14,出賽,B/TT,1600M (潘明輝) (4/14)
H087,12/02/2024,踱步,沙田,內圈,沙田 內圈,,,,,,助手,,倒快一圈,H,內圈 倒快一圈 (助手)
H087,11/02/2024,游水,沙田,,沙田,,,,,,,,游水,,
H087,11/02/2024,踱步,沙田,內圈,沙田 內圈,,,,,,助手,,快踱一圈,H,內圈 快踱一圈 (助手)
H087,09/02/2024,游水,沙田,,沙田,,,,,,,,游水,,
H087,09/02/2024,踱步,沙田,內圈,沙田 內圈,,,,,,助手,,快踱一圈,H,內圈 快踱一圈 (助手)
H087,08/02/2024,游水,沙田,,沙田,,,,,,,,游水,,
H087,08/02/2024,踱步,沙田,飛機場,沙田 飛機場,,,,,,助手,,踱步,H,飛機場 踱步 (助手)
H087,07/02/2024,游水,沙田,,沙田,,,,,,,,游水,,
H087,06/02/2024,游水,沙田,,沙田,,,,,,,,游水,,
H087,05/02/2024,游水,沙田,,沙田,,,,,,,,游水,,
H087,04/02/2024,出賽,沙田,草地,沙田 草地,1400M,,,,,潘明輝,4/14,出賽,B/TT,1400M (潘明輝) (4/14)
H087,04/02/2024,踱步,沙田,內圈,沙田 內圈,,,,,,助手,,快踱一圈,H,內圈 快踱一圈 (助手)
H087,03/02/2024,游水,沙田,,沙田,,,,,,,,游水,,
H087,03/02/2024,踱步,沙田,內圈,沙田 內圈,,,,,,助手,,快踱一圈,H,內圈 快踱一圈 (助手)
H087,02/02/2024,游水,沙田,,沙田,,,,,,,,游水,,
H087,02/02/2024,踱步,沙田,內圈,沙田 內圈,,,,,,助手,,快踱一圈,H,內圈 快踱一圈 (助手)
H087,01/02/2024,游水,沙田,,沙田,,,,,,,,游水,,
H087,01/02/2024,踱步,沙田,飛機場,沙田 飛機場,,,,,,助手,,踱步,H,飛機場 踱步 (助手)
H087,31/01/2024,游水,沙田,,沙田,,,,,,,,游水,,
H087,30/01/2024,游水,沙田,,沙田,,,,,,,,游水,,
H087,28/01/2024,出賽,沙田,草地,沙田 草地,1400M,,,,,潘明輝,10/14,出賽,B/TT,1400M (潘明輝) (10/14)
H087,28/01/2024,踱步,沙田,內圈,沙田 內圈,,,,,,助手,,快踱一圈,H,內圈 快踱一圈 (助手)
H087,27/01/2024,游水,沙田,,沙田,,,,,,,,游水,,
H087,27/01/2024,踱步,沙田,內圈,沙田 內圈,,,,,,助手,,快踱一圈,H,內圈 快踱一圈 (助手)
H087,26/01/2024,游水,沙田,,沙田,,,,,,,,游水,,
H087,26/01/2024,踱步,沙田,內圈,沙田 內圈,,,,,,助手,,快踱一圈,H,內圈 快踱一圈 (助手)
H087,25/01/2024,游水,沙田,,沙田,,,,,,,,游水,,
H087,25/01/2024,快操,沙田,全天候,沙田 全天候,,58.9,58.9,32.0 26.9,,助手,,快操,H,32.0 26.9 (58.9) (助手)
H087,25/01/2024,踱步,沙田,飛機場,沙田 飛機場,,,,,,助手,,踱步,H,飛機場 踱步 (助手)
H087,24/01/2024,游水,沙田,,沙田,,,,,,,,游水,,
H087,24/01/2024,踱步,沙田,內圈,沙田 內圈,,,,,,助手,,快踱一圈,H,內圈 快踱一圈 (助手)
H087,23/01/2024,踱步,沙田,內圈,沙田 內圈,,,,,,助手,,快踱一圈,H,內圈 快踱一圈 (助手)
H087,22/01/2024,游水,沙田,,沙田,,,,,,,,游水,,
H087,22/01/2024,快操,沙田,全天候,沙田 全天候,,58.8,58.8,32.1 26.7,,助手,,忠誠寶寶,H,32.1 26.7 (58.8) (助手) 忠誠寶寶
H087,22/01/2024,踱步,沙田,飛機場,沙田 飛機場,,,,,,助手,,踱步,H,飛機場 踱步 (助手)
H087,21/01/2024,游水,沙田,,沙田,,,,,,,,游水,,
H087,21/01/2024,踱步,沙田,內圈,沙田 內圈,,,,,,助手,,快踱一圈,H,內圈 快踱一圈 (助手)
H087,20/01/2024,游水,沙田,,沙田,,,,,,,,游水,,
H087,20/01/2024,踱步,沙田,內圈,沙田 內圈,,,,,,助手,,快踱一圈,H,內圈 快踱一圈 (助手)
H087,19/01/2024,游水,沙田,,沙田,,,,,,,,游水,,
H087,19/01/2024,踱步,沙田,內圈,沙田 內圈,,,,,,助手,,快踱一圈,H,內圈 快踱一圈 (助手)
H087,18/01/2024,游水,沙田,,沙田,,,,,,,,游水,,
H087,18/01/2024,快操,沙田,全天候,沙田 全天候,,59.5,59.5,32.9 26.6,,助手,,快操,H,32.9 26.6 (59.5) (助手)
H087,18/01/2024,踱步,沙田,飛機場,沙田 飛機場,,,,,,助手,,踱步,H,飛機場 踱步 (助手)
H087,17/01/2024,游水,沙田,,沙田,,,,,,,,游水,,
H087,17/01/2024,踱步,沙田,內圈,沙田 內圈,,,,,,助手,,快踱一圈,H,內圈 快踱一圈 (助手)
H087,16/01/2024,游水,沙田,,沙田,,,,,,,,游水,,
H087,16/01/2024,踱步,沙田,內圈,沙田 內圈,,,,,,助手,,快踱一圈,H,內圈 快踱一圈 (助手)
H087,15/01/2024,游水,沙田,,沙田,,,,,,,,游水,,
H087,15/01/2024,快操,沙田,全天候,沙田 全天候,,57.4,57.4,31.4 26.0,,助手,,誠好運,H,31.4 26.0 (57.4) (助手) 誠好運
H087,15/01/2024,踱步,沙田,飛機場,沙田 飛機場,,,,,,助手,,踱步,H,飛機場 踱步 (助手)
H087,14/01/2024,游水,沙田,,沙田,,,,,,,,游水,,
H087,14/01/2024,踱步,沙田,內圈,沙田 內圈,,,,,,助手,,快踱一圈,H,內圈 快踱一圈 (助手)
H087,13/01/2024,游水,沙田,,沙田,,,,,,,,游水,,
H087,13/01/2024,踱步,沙田,內圈,沙田 內圈,,,,,,助手,,快踱一圈,H,內圈 快踱一圈 (助手)
H087,12/01/2024,游水,沙田,,沙田,,,,,,,,游水,,
H087,12/01/2024,快操,沙田,全天候,沙田 全天候,,57.3,57.3,30.7 26.6,,助手,,快操,H,30.7 26.6 (57.3) (助手)
H087,12/01/2024,踱步,沙田,飛機場,沙田 飛機場,,,,,,助手,,踱步,H,飛機場 踱步 (助手)
H087,11/01/2024,游水,沙田,,沙田,,,,,,,,游水,,
H087,11/01/2024,踱步,沙田,內圈,沙田 內圈,,,,,,助手,,倒快一圈,H,內圈 倒快一圈 (助手)
H087,10/01/2024,游水,沙田,,沙田,,,,,,,,游水,,
H087,10/01/2024,踱步,沙田,內圈,沙田 內圈,,,,,,助手,,快踱一圈,H,內圈 快踱一圈 (助手)
H087,09/01/2024,游水,沙田,,沙田,,,,,,,,游水,,
H087,09/01/2024,快操,沙田,全天候,沙田 全天候,,57.2,57.2,31.0 26.2,,助手,,快操,H,31.0 26.2 (57.2) (助手)
H087,09/01/2024,踱步,沙田,飛機場,沙田 飛機場,,,,,,助手,,踱步,H,飛機場 踱步 (助手)
H087,08/01/2024,游水,沙田,,沙田,,,,,,,,游水,,
H087,08/01/2024,踱步,沙田,內圈,沙田 內圈,,,,,,助手,,倒快一圈,H,內圈 倒快一圈 (助手)
H087,07/01/2024,游水,沙田,,沙田,,,,,,,,游水,,
H087,07/01/2024,踱步,沙田,內圈,沙田 內圈,,,,,,助手,,快踱一圈,H,內圈 快踱一圈 (助手)
H087,06/01/2024,踱步,沙田,內圈,沙田 內圈,,,,,,助手,,快踱一圈,H,內圈 快踱一圈 (助手)
H087,05/01/2024,踱步,沙田,飛機場,沙田 飛機場,,,,,,助手,,踱步,H,飛機場 踱步 (助手)
H087,02/01/2024,踱步,沙田,飛機場,沙田 飛機場,,,,,,助手,,踱步,H,飛機場 踱步 (助手)
H087,01/01/2024,出賽,沙田,草地,沙田 草地,1400M,,,,,梁家俊,5/12,出賽,B1/TT,1400M (梁家俊) (5/12)
H087,01/01/2024,踱步,沙田,內圈,沙田 內圈,,,,,,助手,,倒快一圈,H,內圈 倒快一圈 (助手)
H087,31/12/2023,游水,沙田,,沙田,,,,,,,,游水,,
H087,31/12/2023,踱步,沙田,內圈,沙田 內圈,,,,,,助手,,快踱一圈,H,內圈 快踱一圈 (助手)
H087,30/12/2023,游水,沙田,,沙田,,,,,,,,游水,,
H087,30/12/2023,踱步,沙田,內圈,沙田 內圈,,,,,,助手,,快踱一圈,H,內圈 快踱一圈 (助手)
H087,29/12/2023,游水,沙田,,沙田,,,,,,,,游水,,
H087,29/12/2023,踱步,沙田,內圈,沙田 內圈,,,,,,助手,,快踱一圈,H,內圈 快踱一圈 (助手)
H087,28/12/2023,游水,沙田,,沙田,,,,,,,,游水,,
H087,28/12/2023,踱步,沙田,內圈,沙田 內圈,,,,,,助手,,倒快一圈,H,內圈 倒快一圈 (助手)
H087,27/12/2023,游水,沙田,,沙田,,,,,,,,游水,,
H087,27/12/2023,踱步,沙田,飛機場,沙田 飛機場,,,,,,助手,,踱步,H,飛機場 踱步 (助手)
H087,26/12/2023,游水,沙田,,沙田,,,,,,,,游水,,
H087,23/12/2023,出賽,沙田,全天候,沙田 全天候,1650M,,,,,田泰安,10/12,出賽,TT,1650M (田泰安) (10/12)
H087,23/12/2023,踱步,沙田,內圈,沙田 內圈,,,,,,助手,,快踱一圈,H,內圈 快踱一圈 (助手)
H087,22/12/2023,踱步,沙田,內圈,沙田 內圈,,,,,,助手,,快踱一圈,H,內圈 快踱一圈 (助手)
H087,21/12/2023,踱步,沙田,內圈,沙田 內圈,,,,,,助手,,倒快一圈,H,內圈 倒快一圈 (助手)
H087,20/12/2023,游水,沙田,,沙田,,,,,,,,游水,,
H087,20/12/2023,快操,沙田,全天候,沙田 全天候,,1.00.0,60.0,32.6 27.4,,助手,,快操,H,32.6 27.4 (1.00.0) (助手)
H087,19/12/2023,游水,沙田,,沙田,,,,,,,,游水,,
H087,19/12/2023,踱步,沙田,內圈,沙田 內圈,,,,,,助手,,快踱一圈,H,內圈 快踱一圈 (助手)
H087,18/12/2023,游水,沙田,,沙田,,,,,,,,游水,,
H087,18/12/2023,踱步,沙田,內圈,沙田 內圈,,,,,,助手,,倒快一圈,H,內圈 倒快一圈 (助手)
H087,17/12/2023,游水,沙田,,沙田,,,,,,,,游水,,
H087,17/12/2023,快操,沙田,全天候,沙田 全天候,,59.1,59.1,32.5 26.6,,助手,,快操,H,32.5 26.6 (59.1) (助手)
H087,17/12/2023,踱步,沙田,飛機場,沙田 飛機場,,,,,,助手,,踱步,H,飛機場 踱步 (助手)
H087,16/12/2023,游水,沙田,,沙田,,,,,,,,游水,,
H087,16/12/2023,踱步,沙田,內圈,沙田 內圈,,,,,,助手,,快踱一圈,H,內圈 快踱一圈 (助手)
H087,15/12/2023,游水,沙田,,沙田,,,,,,,,游水,,
H087,15/12/2023,踱步,沙田,內圈,沙田 內圈,,,,,,助手,,快踱一圈,H,內圈 快踱一圈 (助手)
H087,14/12/2023,游水,沙田,,沙田,,,,,,,,游水,,
H087,14/12/2023,快操,沙田,全天候,沙田 全天候,,57.2,57.2,31.6 25.6,,助手,,快操,H,31.6 25.6 (57.2) (助手)
H087,14/12/2023,踱步,沙田,飛機場,沙田 飛機場,,,,,,助手,,踱步,H,飛機場 踱步 (助手)
H087,13/12/2023,游水,沙田,,沙田,,,,,,,,游水,,
H087,13/12/2023,踱步,沙田,內圈,沙田 內圈,,,,,,助手,,快踱一圈,H,內圈 快踱一圈 (助手)
H087,12/12/2023,游水,沙田,,沙田,,,,,,,,游水,,
H087,12/12/2023,踱步,沙田,內圈,沙田 內圈,,,,,,助手,,快踱一圈,H,內圈 快踱一圈 (助手)
H087,11/12/2023,游水,沙田,,沙田,,,,,,,,游水,,
H087,11/12/2023,快操,沙田,全天候,沙田 全天候,,25.8,25.8,25.8,,助手,,快操,H,25.8 (25.8) (助手)
H087,11/12/2023,踱步,沙田,飛機場,沙田 飛機場,,,,,,助手,,踱步,H,飛機場 踱步 (助手)
H087,10/12/2023,游水,沙田,,沙田,,,,,,,,游水,,
H087,10/12/2023,踱步,沙田,內圈,沙田 內圈,,,,,,助手,,快踱一圈,H,內圈 快踱一圈 (助手)
H087,09/12/2023,踱步,沙田,內圈,沙田 內圈,,,,,,助手,,快踱一圈,H,內圈 快踱一圈 (助手)
H087,08/12/2023,踱步,沙田,內圈,沙田 內圈,,,,,,助手,,快踱一圈,H,內圈 快踱一圈 (助手)
H087,07/12/2023,踱步,沙田,飛機場,沙田 飛機場,,,,,,助手,,踱步,H,飛機場 踱步 (助手)
H087,03/12/2023,出賽,沙田,全天候,沙田 全天候,1800M,,,,,田泰安,5/14,出賽,V-/TT,1800M (田泰安) (5/14)
H087,03/12/2023,踱步,沙田,內圈,沙田 內圈,,,,,,助手,,快踱一圈,H,內圈 快踱一圈 (助手)
H087,02/12/2023,游水,沙田,,沙田,,,,,,,,游水,,
H087,02/12/2023,踱步,沙田,內圈,沙田 內圈,,,,,,助手,,快踱一圈,H,內圈 快踱一圈 (助手)
H087,01/12/2023,游水,沙田,,沙田,,,,,,,,游水,,
H087,01/12/2023,快操,沙田,全天候,沙田 全天候,,58.5,58.5,32.3 26.2,,田泰安,,快操,H,32.3 26.2 (58.5) (田泰安)
H087,01/12/2023,踱步,沙田,飛機場,沙田 飛機場,,,,,,助手,,踱步,H,飛機場 踱步 (助手)
H087,30/11/2023,游水,沙田,,沙田,,,,,,,,游水,,
H087,30/11/2023,踱步,沙田,內圈,沙田 內圈,,,,,,助手,,倒快一圈,H,內圈 倒快一圈 (助手)
H087,29/11/2023,游水,沙田,,沙田,,,,,,,,游水,,
H087,29/11/2023,踱步,沙田,內圈,沙田 內圈,,,,,,助手,,快踱一圈,H,內圈 快踱一圈 (助手)
H087,28/11/2023,游水,沙田,,沙田,,,,,,,,游水,,
H087,28/11/2023,踱步,沙田,內圈,沙田 內圈,,,,,,助手,,快踱一圈,H,內圈 快踱一圈 (助手)
H087,27/11/2023,游水,沙田,,沙田,,,,,,,,游水,,
H087,27/11/2023,踱步,沙田,內圈,沙田 內圈,,,,,,助手,,倒快一圈,H,內圈 倒快一圈 (助手)
H087,26/11/2023,游水,沙田,,沙田,,,,,,,,游水,,
H087,26/11/2023,踱步,沙田,飛機場,沙田 飛機場,,,,,,助手,,踱步,H,飛機場 踱步 (助手)
H087,25/11/2023,游水,沙田,,沙田,,,,,,,,游水,,
H087,24/11/2023,游水,沙田,,沙田,,,,,,,,游水,,
H087,22/11/2023,出賽,跑馬地,草地,跑馬地 草地,1650M,,,,,希威森,11/12,出賽,V/TT,1650M (希威森) (11/12)
H087,22/11/2023,踱步,沙田,內圈,沙田 內圈,,,,,,助手,,快踱一圈,H,內圈 快踱一圈 (助手)
H087,21/11/2023,游水,沙田,,沙田,,,,,,,,游水,,
H087,21/11/2023,踱步,沙田,內圈,沙田 內圈,,,,,,助手,,快踱一圈,H,內圈 快踱一圈 (助手)
H087,20/11/2023,游水,沙田,,沙田,,,,,,,,游水,,
H087,20/11/2023,踱步,沙田,內圈,沙田 內圈,,,,,,助手,,倒快一圈,H,內圈 倒快一圈 (助手)
H087,19/11/2023,游水,沙田,,沙田,,,,,,,,游水,,
H087,19/11/2023,快操,沙田,全天候,沙田 全天候,,1.01.5,61.5,34.2 27.3,,助手,,快操,H,34.2 27.3 (1.01.5) (助手)
H087,19/11/2023,踱步,沙田,飛機場,沙田 飛機場,,,,,,助手,,踱步,H,飛機場 踱步 (助手)
H087,18/11/2023,游水,沙田,,沙田,,,,,,,,游水,,
H087,18/11/2023,踱步,沙田,內圈,沙田 內圈,,,,,,助手,,快踱一圈,H,內圈 快踱一圈 (助手)
H087,17/11/2023,游水,沙田,,沙田,,,,,,,,游水,,
H087,17/11/2023,踱步,沙田,內圈,沙田 內圈,,,,,,助手,,快踱一圈,H,內圈 快踱一圈 (助手)
H087,16/11/2023,游水,沙田,,沙田,,,,,,,,游水,,
H087,16/11/2023,快操,沙田,全天候,沙田 全天候,,58.5,58.5,31.3 27.2,,助手,,快操,H,31.3 27.2 (58.5) (助手)
H087,16/11/2023,踱步,沙田,飛機場,沙田 飛機場,,,,,,助手,,踱步,H,飛機場 踱步 (助手)
H087,15/11/2023,游水,沙田,,沙田,,,,,,,,游水,,
H087,15/11/2023,踱步,沙田,內圈,沙田 內圈,,,,,,助手,,快踱一圈,H,內圈 快踱一圈 (助手)
H087,14/11/2023,游水,沙田,,沙田,,,,,,,,游水,,
H087,14/11/2023,踱步,沙田,內圈,沙田 內圈,,,,,,助手,,快踱一圈,H,內圈 快踱一圈 (助手)
H087,13/11/2023,游水,沙田,,沙田,,,,,,,,游水,,
H087,13/11/2023,快操,沙田,全天候,沙田 全天候,,56.6,56.6,31.0 25.6,,助手,,大紅袍,H,31.0 25.6 (56.6) (助手) 大紅袍
H087,13/11/2023,踱步,沙田,飛機場,沙田 飛機場,,,,,,助手,,踱步,H,飛機場 踱步 (助手)
H087,12/11/2023,游水,沙田,,沙田,,,,,,,,游水,,
H087,12/11/2023,踱步,沙田,內圈,沙田 內圈,,,,,,助手,,快踱一圈,H,內圈 快踱一圈 (助手)
H087,11/11/2023,游水,沙田,,沙田,,,,,,,,游水,,
H087,11/11/2023,踱步,沙田,內圈,沙田 內圈,,,,,,助手,,快踱一圈,H,內圈 快踱一圈 (助手)
H087,10/11/2023,游水,沙田,,沙田,,,,,,,,游水,,
H087,10/11/2023,踱步,沙田,內圈,沙田 內圈,,,,,,助手,,快踱一圈,H,內圈 快踱一圈 (助手)
H087,09/11/2023,游水,沙田,,沙田,,,,,,,,游水,,
H087,09/11/2023,快操,沙田,全天候,沙田 全天候,,59.3,59.3,32.4 26.9,,助手,,快操,H,32.4 26.9 (59.3) (助手)
H087,09/11/2023,踱步,沙田,飛機場,沙田 飛機場,,,,,,助手,,踱步,H,飛機場 踱步 (助手)
H087,08/11/2023,游水,沙田,,沙田,,,,,,,,游水,,
H087,08/11/2023,踱步,沙田,內圈,沙田 內圈,,,,,,助手,,快踱一圈,H,內圈 快踱一圈 (助手)
H087,07/11/2023,游水,沙田,,沙田,,,,,,,,游水,,
H087,07/11/2023,踱步,沙田,內圈,沙田 內圈,,,,,,助手,,快踱一圈,H,內圈 快踱一圈 (助手)
H087,06/11/2023,游水,沙田,,沙田,,,,,,,,游水,,
H087,06/11/2023,快操,沙田,全天候,沙田 全天候,,57.5,57.5,31.0 26.5,,助手,,快操,H,31.0 26.5 (57.5) (助手)
H087,06/11/2023,踱步,沙田,飛機場,沙田 飛機場,,,,,,助手,,踱步,H,飛機場 踱步 (助手)
H087,05/11/2023,游水,沙田,,沙田,,,,,,,,游水,,
H087,05/11/2023,踱步,沙田,內圈,沙田 內圈,,,,,,助手,,快踱一圈,H,內圈 快踱一圈 (助手)
H087,04/11/2023,游水,沙田,,沙田,,,,,,,,游水,,
H087,04/11/2023,踱步,沙田,內圈,沙田 內圈,,,,,,助手,,快踱一圈,H,內圈 快踱一圈 (助手)
H087,03/11/2023,游水,沙田,,沙田,,,,,,,,游水,,
H087,03/11/2023,踱步,沙田,內圈,沙田 內圈,,,,,,助手,,快踱一圈,H,內圈 快踱一圈 (助手)
H087,02/11/2023,游水,沙田,,沙田,,,,,,,,游水,,
H087,02/11/2023,踱步,沙田,飛機場,沙田 飛機場,,,,,,助手,,踱步,H,飛機場 踱步 (助手)
H087,01/11/2023,游水,沙田,,沙田,,,,,,,,游水,,
H087,31/10/2023,試閘,沙田,全天候,沙田 全天候,1200M,1.10.15,70.15,24.3 22.9 22.9,浪漫梟雄,潘明輝,,第4組,V,第4組 (潘明輝) 1200M 浪漫梟雄 24.3 22.9 22.9 (1.10.15)
H087,30/10/2023,踱步,沙田,內圈,沙田 內圈,,,,,,助手,,倒快一圈,H,內圈 倒快一圈 (助手)
H087,29/10/2023,踱步,沙田,內圈,沙田 內圈,,,,,,助手,,快踱一圈,H,內圈 快踱一圈 (助手)
H087,28/10/2023,快操,沙田,全天候,沙田 全天候,,57.8,57.8,31.6 26.2,,助手,,快操,H,31.6 26.2 (57.8) (助手)
H087,28/10/2023,踱步,沙田,飛機場,沙田 飛機場,,,,,,助手,,踱步,H,飛機場 踱步 (助手)
H087,27/10/2023,踱步,沙田,內圈,沙田 內圈,,,,,,助手,,快踱一圈,H,內圈 快踱一圈 (助手)
H087,26/10/2023,踱步,沙田,內圈,沙田 內圈,,,,,,助手,,倒快一圈,H,內圈 倒快一圈 (助手)
H087,25/10/2023,踱步,沙田,內圈,沙田 內圈,,,,,,助手,,快踱一圈,H,內圈 快踱一圈 (助手)
H087,24/10/2023,快操,沙田,全天候,沙田 全天候,,59.0,59.0,32.9 26.1,,助手,,快操,H,32.9 26.1 (59.0) (助手)
H087,23/10/2023,踱步,沙田,內圈,沙田 內圈,,,,,,助手,,倒快一圈,H,內圈 倒快一圈 (助手)
H087,22/10/2023,踱步,沙田,內圈,沙田 內圈,,,,,,助手,,快踱一圈,H,內圈 快踱一圈 (助手)
H087,21/10/2023,踱步,沙田,內圈,沙田 內圈,,,,,,助手,,快踱一圈,H,內圈 快踱一圈 (助手)
H087,20/10/2023,踱步,沙田,內圈,沙田 內圈,,,,,,助手,,快踱一圈,H,內圈 快踱一圈 (助手)
H087,19/10/2023,游水,沙田,,沙田,,,,,,,,游水,,
H087,19/10/2023,踱步,沙田,內圈,沙田 內圈,,,,,,助手,,倒快一圈,H,內圈 倒快一圈 (助手)
H087,18/10/2023,游水,沙田,,沙田,,,,,,,,游水,,
H087,18/10/2023,踱步,沙田,內圈,沙田 內圈,,,,,,助手,,快踱一圈,H,內圈 快踱一圈 (助手)
H087,17/10/2023,游水,沙田,,沙田,,,,,,,,游水,,
H087,17/10/2023,踱步,沙田,內圈,沙田 內圈,,,,,,助手,,快踱一圈,H,內圈 快踱一圈 (助手)
H087,16/10/2023,游水,沙田,,沙田,,,,,,,,游水,,
H087,16/10/2023,快操,沙田,全天候,沙田 全天候,,59.7,59.7,33.2 26.5,,助手,,快操,H,33.2 26.5 (59.7) (助手)
H087,16/10/2023,踱步,沙田,飛機場,沙田 飛機場,,,,,,助手,,踱步,H,飛機場 踱步 (助手)
H087,15/10/2023,游水,沙田,,沙田,,,,,,,,游水,,
H087,15/10/2023,踱步,沙田,內圈,沙田 內圈,,,,,,助手,,快踱一圈,H,內圈 快踱一圈 (助手)
H087,14/10/2023,游水,沙田,,沙田,,,,,,,,游水,,
H087,14/10/2023,踱步,沙田,內圈,沙田 內圈,,,,,,助手,,快踱一圈,H,內圈 快踱一圈 (助手)
H087,13/10/2023,游水,沙田,,沙田,,,,,,,,游水,,
H087,13/10/2023,快操,沙田,全天候,沙田 全天候,,56.5,56.5,30.9 25.6,,助手,,開心高球,B,30.9 25.6 (56.5) (助手) 開心高球
H087,12/10/2023,游水,沙田,,沙田,,,,,,,,游水,,
H087,12/10/2023,踱步,沙田,內圈,沙田 內圈,,,,,,助手,,倒快一圈,H,內圈 倒快一圈 (助手)
H087,11/10/2023,游水,沙田,,沙田,,,,,,,,游水,,
H087,11/10/2023,踱步,沙田,內圈,沙田 內圈,,,,,,助手,,快踱一圈,H,內圈 快踱一圈 (助手)
H087,10/10/2023,游水,沙田,,沙田,,,,,,,,游水,,
H087,10/10/2023,快操,沙田,全天候,沙田 全天候,,59.9,59.9,33.2 26.7,,助手,,快操,H,33.2 26.7 (59.9) (助手)
H087,10/10/2023,踱步,沙田,飛機場,沙田 飛機場,,,,,,助手,,踱步,H,飛機場 踱步 (助手)
H087,08/10/2023,游水,沙田,,沙田,,,,,,,,游水,,
H087,08/10/2023,踱步,沙田,內圈,沙田 內圈,,,,,,助手,,快踱一圈,H,內圈 快踱一圈 (助手)
H087,07/10/2023,游水,沙田,,沙田,,,,,,,,游水,,
H087,07/10/2023,踱步,沙田,內圈,沙田 內圈,,,,,,助手,,快踱一圈,H,內圈 快踱一圈 (助手)
H087,06/10/2023,游水,沙田,,沙田,,,,,,,,游水,,
H087,06/10/2023,快操,沙田,全天候,沙田 全天候,,59.6,59.6,33.3 26.3,,助手,,逍遙駒,H,33.3 26.3 (59.6) (助手) 逍遙駒
H087,06/10/2023,踱步,沙田,飛機場,沙田 飛機場,,,,,,助手,,踱步,H,飛機場 踱步 (助手)
H087,05/10/2023,游水,沙田,,沙田,,,,,,,,游水,,
H087,05/10/2023,踱步,沙田,內圈,沙田 內圈,,,,,,助手,,倒快一圈,H,內圈 倒快一圈 (助手)
H087,04/10/2023,游水,沙田,,沙田,,,,,,,,游水,,
H087,04/10/2023,踱步,沙田,內圈,沙田 內圈,,,,,,助手,,快踱一圈,H,內圈 快踱一圈 (助手)
H087,03/10/2023,游水,沙田,,沙田,,,,,,,,游水,,
H087,03/10/2023,踱步,沙田,飛機場,沙田 飛機場,,,,,,助手,,踱步,H,飛機場 踱步 (助手)
H087,02/10/2023,游水,沙田,,沙田,,,,,,,,游水,,
H087,02/10/2023,快操,沙田,全天候,沙田 全天候,,59.1,59.1,32.9 26.2,,助手,,快操,H,32.9 26.2 (59.1) (助手)
H087,02/10/2023,踱步,沙田,飛機場,沙田 飛機場,,,,,,助手,,踱步,H,飛機場 踱步 (助手)
H087,01/10/2023,游水,沙田,,沙田,,,,,,,,游水,,
H087,01/10/2023,踱步,沙田,內圈,沙田 內圈,,,,,,助手,,快踱一圈,H,內圈 快踱一圈 (助手)
H087,30/09/2023,游水,沙田,,沙田,,,,,,,,游水,,
H087,30/09/2023,踱步,沙田,內圈,沙田 內圈,,,,,,助手,,快踱一圈,H,內圈 快踱一圈 (助手)
H087,29/09/2023,游水,沙田,,沙田,,,,,,,,游水,,
H087,29/09/2023,踱步,沙田,內圈,沙田 內圈,,,,,,助手,,快踱一圈,H,內圈 快踱一圈 (助手)
H087,28/09/2023,游水,沙田,,沙田,,,,,,,,游水,,
H087,28/09/2023,踱步,沙田,飛機場,沙田 飛機場,,,,,,助手,,踱步,H,飛機場 踱步 (助手)
H087,27/09/2023,游水,沙田,,沙田,,,,,,,,游水,,
H087,26/09/2023,游水,沙田,,沙田,,,,,,,,游水,,
H087,25/09/2023,游水,沙田,,沙田,,,,,,,,游水,,
H087,24/09/2023,出賽,沙田,草地,沙田 草地,1400M,,,,,梁家俊,12/13,出賽,V/TT,1400M (梁家俊) (12/13)
H087,24/09/2023,踱步,沙田,內圈,沙田 內圈,,,,,,助手,,快踱一圈,H,內圈 快踱一圈 (助手)
H087,23/09/2023,游水,沙田,,沙田,,,,,,,,游水,,
H087,23/09/2023,踱步,沙田,內圈,沙田 內圈,,,,,,助手,,快踱一圈,H,內圈 快踱一圈 (助手)
H087,22/09/2023,游水,沙田,,沙田,,,,,,,,游水,,
H087,22/09/2023,踱步,沙田,內圈,沙田 內圈,,,,,,助手,,快踱一圈,H,內圈 快踱一圈 (助手)
H087,21/09/2023,游水,沙田,,沙田,,,,,,,,游水,,
H087,21/09/2023,快操,沙田,全天候,沙田 全天候,,58.4,58.4,32.6 25.8,,助手,,快操,B,32.6 25.8 (58.4) (助手)
H087,21/09/2023,踱步,沙田,飛機場,沙田 飛機場,,,,,,助手,,踱步,B,飛機場 踱步 (助手)
H087,20/09/2023,游水,沙田,,沙田,,,,,,,,游水,,
H087,20/09/2023,踱步,沙田,內圈,沙田 內圈,,,,,,助手,,快踱一圈,H,內圈 快踱一圈 (助手)
H087,19/09/2023,游水,沙田,,沙田,,,,,,,,游水,,
H087,19/09/2023,踱步,沙田,內圈,沙田 內圈,,,,,,助手,,快踱一圈,H,內圈 快踱一圈 (助手)
H087,18/09/2023,游水,沙田,,沙田,,,,,,,,游水,,
H087,18/09/2023,快操,沙田,全天候,沙田 全天候,,58.1,58.1,32.5 25.6,,助手,,快操,H,32.5 25.6 (58.1) (助手)
H087,18/09/2023,踱步,沙田,飛機場,沙田 飛機場,,,,,,助手,,踱步,H,飛機場 踱步 (助手)
H087,17/09/2023,游水,沙田,,沙田,,,,,,,,游水,,
H087,17/09/2023,踱步,沙田,內圈,沙田 內圈,,,,,,助手,,快踱一圈,H,內圈 快踱一圈 (助手)
H087,16/09/2023,游水,沙田,,沙田,,,,,,,,游水,,
H087,16/09/2023,踱步,沙田,內圈,沙田 內圈,,,,,,助手,,快踱一圈,H,內圈 快踱一圈 (助手)
H087,15/09/2023,游水,沙田,,沙田,,,,,,,,游水,,
H087,15/09/2023,踱步,沙田,內圈,沙田 內圈,,,,,,助手,,快踱一圈,H,內圈 快踱一圈 (助手)
H087,14/09/2023,游水,沙田,,沙田,,,,,,,,游水,,
H087,14/09/2023,踱步,沙田,飛機場,沙田 飛機場,,,,,,助手,,踱步,H,飛機場 踱步 (助手)
H087,13/09/2023,游水,沙田,,沙田,,,,,,,,游水,,
H087,12/09/2023,試閘,沙田,全天候,沙田 全天候,1200M,1.10.56,70.56,24.2 23.0 23.3,高氣派,梁家俊,,第4組,V,第4組 (梁家俊) 1200M 高氣派 24.2 23.0 23.3 (1.10.56)
H087,12/09/2023,游水,沙田,,沙田,,,,,,,,游水,,
H087,11/09/2023,游水,沙田,,沙田,,,,,,,,游水,,
H087,11/09/2023,踱步,沙田,內圈,沙田 內圈,,,,,,助手,,倒快一圈,H,內圈 倒快一圈 (助手)
H087,10/09/2023,游水,沙田,,沙田,,,,,,,,游水,,
H087,10/09/2023,踱步,沙田,內圈,沙田 內圈,,,,,,助手,,快踱一圈,H,內圈 快踱一圈 (助手)
H087,09/09/2023,游水,沙田,,沙田,,,,,,,,游水,,
H087,09/09/2023,快操,沙田,全天候,沙田 全天候,,58.5,58.5,32.7 25.8,,助手,,快操,H,32.7 25.8 (58.5) (助手)
H087,09/09/2023,踱步,沙田,飛機場,沙田 飛機場,,,,,,助手,,踱步,H,飛機場 踱步 (助手)
H087,07/09/2023,游水,沙田,,沙田,,,,,,,,游水,,
H087,07/09/2023,踱步,沙田,內圈,沙田 內圈,,,,,,助手,,倒快一圈,H,內圈 倒快一圈 (助手)
H087,06/09/2023,游水,沙田,,沙田,,,,,,,,游水,,
H087,06/09/2023,踱步,沙田,內圈,沙田 內圈,,,,,,助手,,快踱一圈,H,內圈 快踱一圈 (助手)
H087,05/09/2023,游水,沙田,,沙田,,,,,,,,游水,,
H087,05/09/2023,踱步,沙田,內圈,沙田 內圈,,,,,,助手,,快踱一圈,H,內圈 快踱一圈 (助手)
H087,04/09/2023,游水,沙田,,沙田,,,,,,,,游水,,
H087,04/09/2023,快操,沙田,全天候,沙田 全天候,,58.5,58.5,32.4 26.1,,助手,,紫荊綻放,H,32.4 26.1 (58.5) (助手) 紫荊綻放
H087,04/09/2023,踱步,沙田,飛機場,沙田 飛機場,,,,,,助手,,踱步,H,飛機場 踱步 (助手)
H087,03/09/2023,游水,沙田,,沙田,,,,,,,,游水,,
H087,03/09/2023,踱步,沙田,內圈,沙田 內圈,,,,,,助手,,快踱一圈,H,內圈 快踱一圈 (助手)
H087,31/08/2023,游水,沙田,,沙田,,,,,,,,游水,,
H087,31/08/2023,踱步,沙田,內圈,沙田 內圈,,,,,,助手,,倒快一圈,H,內圈 倒快一圈 (助手)
H087,30/08/2023,游水,沙田,,沙田,,,,,,,,游水,,
H087,30/08/2023,快操,沙田,全天候,沙田 全天候,,58.4,58.4,31.2 27.2,,助手,,快操,H,31.2 27.2 (58.4) (助手)
H087,30/08/2023,踱步,沙田,飛機場,沙田 飛機場,,,,,,助手,,踱步,H,飛機場 踱步 (助手)
H087,29/08/2023,游水,沙田,,沙田,,,,,,,,游水,,
H087,29/08/2023,踱步,沙田,內圈,沙田 內圈,,,,,,助手,,快踱一圈,H,內圈 快踱一圈 (助手)
H087,28/08/2023,游水,沙田,,沙田,,,,,,,,游水,,
H087,28/08/2023,踱步,沙田,內圈,沙田 內圈,,,,,,助手,,倒快一圈,H,內圈 倒快一圈 (助手)
H087,27/08/2023,游水,沙田,,沙田,,,,,,,,游水,,
H087,27/08/2023,踱步,沙田,內圈,沙田 內圈,,,,,,助手,,快踱一圈,H,內圈 快踱一圈 (助手)
H087,26/08/2023,游水,沙田,,沙田,,,,,,,,游水,,
H087,26/08/2023,快操,沙田,全天候,沙田 全天候,,56.2,56.2,30.4 25.8,,助手,,快操,H,30.4 25.8 (56.2) (助手)
H087,26/08/2023,踱步,沙田,飛機場,沙田 飛機場,,,,,,助手,,踱步,H,飛機場 踱步 (助手)
H087,25/08/2023,游水,沙田,,沙田,,,,,,,,游水,,
H087,25/08/2023,踱步,沙田,內圈,沙田 內圈,,,,,,助手,,快踱一圈,H,內圈 快踱一圈 (助手)
H087,24/08/2023,游水,沙田,,沙田,,,,,,,,游水,,
H087,24/08/2023,踱步,沙田,內圈,沙田 內圈,,,,,,助手,,倒快一圈,,內圈 倒快一圈 (助手)
H087,23/08/2023,游水,沙田,,沙田,,,,,,,,游水,,
H087,23/08/2023,踱步,沙田,內圈,沙田 內圈,,,,,,助手,,快踱一圈,H,內圈 快踱一圈 (助手)
H087,22/08/2023,游水,沙田,,沙田,,,,,,,,游水,,
H087,22/08/2023,快操,沙田,全天候,沙田 全天候,,1.03.0,63.0,33.7 29.3,,助手,,快操,H,33.7 29.3 (1.03.0) (助手)
H087,22/08/2023,踱步,沙田,飛機場,沙田 飛機場,,,,,,助手,,踱步,H,飛機場 踱步 (助手)
H087,21/08/2023,游水,沙田,,沙田,,,,,,,,游水,,
H087,21/08/2023,踱步,沙田,內圈,沙田 內圈,,,,,,助手,,倒快一圈,H,內圈 倒快一圈 (助手)
H087,19/08/2023,游水,沙田,,沙田,,,,,,,,游水,,
H087,19/08/2023,踱步,沙田,內圈,沙田 內圈,,,,,,助手,,快踱一圈,H,內圈 快踱一圈 (助手)
H087,18/08/2023,游水,沙田,,沙田,,,,,,,,游水,,
H087,18/08/2023,踱步,沙田,內圈,沙田 內圈,,,,,,助手,,快踱一圈,H,內圈 快踱一圈 (助手)
H087,17/08/2023,游水,沙田,,沙田,,,,,,,,游水,,
H087,17/08/2023,快操,沙田,全天候,沙田 全天候,,1.01.7,61.7,33.9 27.8,,助手,,快操,H,33.9 27.8 (1.01.7) (助手)
H087,17/08/2023,踱步,沙田,飛機場,沙田 飛機場,,,,,,助手,,踱步,H,飛機場 踱步 (助手)
H087,16/08/2023,游水,沙田,,沙田,,,,,,,,游水,,
H087,16/08/2023,踱步,沙田,內圈,沙田 內圈,,,,,,助手,,快踱一圈,H,內圈 快踱一圈 (助手)
H087,15/08/2023,游水,沙田,,沙田,,,,,,,,游水,,
H087,15/08/2023,踱步,沙田,內圈,沙田 內圈,,,,,,助手,,快踱一圈,H,內圈 快踱一圈 (助手)
H087,14/08/2023,游水,沙田,,沙田,,,,,,,,游水,,
H087,14/08/2023,踱步,沙田,內圈,沙田 內圈,,,,,,助手,,倒快一圈,H,內圈 倒快一圈 (助手)
H087,13/08/2023,游水,沙田,,沙田,,,,,,,,游水,,
H087,13/08/2023,快操,沙田,全天候,沙田 全天候,,30.1,30.1,30.1,,助手,,快操,H,30.1 (30.1) (助手)
H087,13/08/2023,踱步,沙田,飛機場,沙田 飛機場,,,,,,助手,,踱步,H,飛機場 踱步 (助手)
H087,12/08/2023,游水,沙田,,沙田,,,,,,,,游水,,
H087,12/08/2023,踱步,沙田,內圈,沙田 內圈,,,,,,助手,,快踱一圈,H,內圈 快踱一圈 (助手)
H087,11/08/2023,游水,沙田,,沙田,,,,,,,,游水,,
H087,11/08/2023,踱步,沙田,內圈,沙田 內圈,,,,,,助手,,快踱一圈,H,內圈 快踱一圈 (助手)
H087,10/08/2023,游水,沙田,,沙田,,,,,,,,游水,,
H087,10/08/2023,踱步,沙田,內圈,沙田 內圈,,,,,,助手,,快踱一圈,H,內圈 快踱一圈 (助手)
H087,09/08/2023,游水,沙田,,沙田,,,,,,,,游水,,
H087,09/08/2023,踱步,沙田,內圈,沙田 內圈,,,,,,助手,,快踱一圈,H,內圈 快踱一圈 (助手)
H087,08/08/2023,游水,沙田,,沙田,,,,,,,,游水,,
H087,08/08/2023,踱步,沙田,外圈,沙田 外圈,,,,,,助手,,快踱一圈,H,外圈 快踱一圈 (助手)
H087,07/08/2023,游水,沙田,,沙田,,,,,,,,游水,,
H087,07/08/2023,踱步,沙田,內圈,沙田 內圈,,,,,,助手,,快踱一圈,H,內圈 快踱一圈 (助手)
H087,06/08/2023,游水,沙田,,沙田,,,,,,,,游水,,
H087,06/08/2023,踱步,沙田,外圈,沙田 外圈,,,,,,助手,,快踱一圈,H,外圈 快踱一圈 (助手)
H087,05/08/2023,游水,沙田,,沙田,,,,,,,,游水,,
H087,05/08/2023,踱步,沙田,外圈,沙田 外圈,,,,,,助手,,快踱一圈,H,外圈 快踱一圈 (助手)
H087,04/08/2023,游水,沙田,,沙田,,,,,,,,游水,,
H087,04/08/2023,踱步,沙田,外圈,沙田 外圈,,,,,,助手,,快踱一圈,H,外圈 快踱一圈 (助手)
H087,03/08/2023,游水,沙田,,沙田,,,,,,,,游水,,
H087,03/08/2023,踱步,沙田,外圈,沙田 外圈,,,,,,助手,,快踱一圈,H,外圈 快踱一圈 (助手)
H087,02/08/2023,游水,沙田,,沙田,,,,,,,,游水,,
H087,02/08/2023,踱步,沙田,外圈,沙田 外圈,,,,,,助手,,快踱一圈,H,外圈 快踱一圈 (助手)
H087,01/08/2023,游水,沙田,,沙田,,,,,,,,游水,,
H087,01/08/2023,踱步,沙田,外圈,沙田 外圈,,,,,,助手,,快踱一圈,H,外圈 快踱一圈 (助手)
H087,31/07/2023,游水,沙田,,沙田,,,,,,,,游水,,
H087,31/07/2023,踱步,沙田,飛機場,沙田 飛機場,,,,,,助手,,踱步,H,飛機場 踱步 (助手)
H087,30/07/2023,踱步,沙田,飛機場,沙田 飛機場,,,,,,助手,,踱步,H,飛機場 踱步 (助手)
H087,29/07/2023,踱步,沙田,飛機場,沙田 飛機場,,,,,,助手,,踱步,H,飛機場 踱步 (助手)
H087,28/07/2023,踱步,沙田,飛機場,沙田 飛機場,,,,,,助手,,踱步,H,飛機場 踱步 (助手)
H087,16/07/2023,游水,沙田,,沙田,,,,,,,,游水,,
H087,15/07/2023,游水,沙田,,沙田,,,,,,,,游水,,
H087,15/07/2023,踱步,沙田,外圈,沙田 外圈,,,,,,助手,,快踱一圈,H,外圈 快踱一圈 (助手)
H087,14/07/2023,游水,沙田,,沙田,,,,,,,,游水,,
H087,14/07/2023,踱步,沙田,外圈,沙田 外圈,,,,,,助手,,快踱一圈,H,外圈 快踱一圈 (助手)
H087,13/07/2023,游水,沙田,,沙田,,,,,,,,游水,,
H087,13/07/2023,快操,沙田,全天候,沙田 全天候,,57.8,57.8,30.5 27.3,,助手,,快操,H,30.5 27.3 (57.8) (助手)
H087,13/07/2023,踱步,沙田,飛機場,沙田 飛機場,,,,,,助手,,踱步,H,飛機場 踱步 (助手)
H087,12/07/2023,游水,沙田,,沙田,,,,,,,,游水,,
H087,12/07/2023,踱步,沙田,外圈,沙田 外圈,,,,,,助手,,快踱一圈,H,外圈 快踱一圈 (助手)
H087,11/07/2023,游水,沙田,,沙田,,,,,,,,游水,,
H087,11/07/2023,踱步,沙田,外圈,沙田 外圈,,,,,,助手,,快踱一圈,H,外圈 快踱一圈 (助手)
H087,10/07/2023,游水,沙田,,沙田,,,,,,,,游水,,
H087,10/07/2023,快操,沙田,全天候,沙田 全天候,,57.9,57.9,32.3 25.6,,助手,,快操,H,32.3 25.6 (57.9) (助手)
H087,10/07/2023,踱步,沙田,飛機場,沙田 飛機場,,,,,,助手,,踱步,H,飛機場 踱步 (助手)
H087,09/07/2023,游水,沙田,,沙田,,,,,,,,游水,,
H087,09/07/2023,踱步,沙田,外圈,沙田 外圈,,,,,,助手,,快踱一圈,H,外圈 快踱一圈 (助手)
H087,08/07/2023,游水,沙田,,沙田,,,,,,,,游水,,
H087,08/07/2023,踱步,沙田,外圈,沙田 外圈,,,,,,助手,,快踱一圈,H,外圈 快踱一圈 (助手)
H087,07/07/2023,踱步,從化,內圈,從化 內圈,,,,,,助手,,快踱一圈,H,內圈 快踱一圈 (助手)
H087,06/07/2023,游水,從化,,從化,,,,,,,,游水,,
H087,06/07/2023,快操,從化,全天候,從化 全天候,,56.5,56.5,32.0 24.5,,助手,,快操,H,32.0 24.5 (56.5) (助手)
H087,06/07/2023,踱步,從化,飛機場,從化 飛機場,,,,,,助手,,踱步,H,飛機場 踱步 (助手)
H087,05/07/2023,游水,從化,,從化,,,,,,,,游水,,
H087,05/07/2023,踱步,從化,內圈,從化 內圈,,,,,,助手,,快踱一圈,H,內圈 快踱一圈 (助手)
H087,04/07/2023,游水,從化,,從化,,,,,,,,游水,,
H087,04/07/2023,踱步,從化,內圈,從化 內圈,,,,,,助手,,快踱一圈,H,內圈 快踱一圈 (助手)
H087,03/07/2023,游水,從化,,從化,,,,,,,,游水,,
H087,03/07/2023,踱步,從化,內圈,從化 內圈,,,,,,助手,,倒快一圈,H,內圈 倒快一圈 (助手)
H087,02/07/2023,游水,從化,,從化,,,,,,,,游水,,
H087,02/07/2023,踱步,從化,內圈,從化 內圈,,,,,,助手,,快踱一圈,H,內圈 快踱一圈 (助手)
H087,01/07/2023,游水,從化,,從化,,,,,,,,游水,,
H087,01/07/2023,踱步,從化,內圈,從化 內圈,,,,,,助手,,快踱一圈,H,內圈 快踱一圈 (助手)
H087,30/06/2023,游水,從化,,從化,,,,,,,,游水,,
H087,30/06/2023,踱步,從化,內圈,從化 內圈,,,,,,助手,,快踱一圈,H,內圈 快踱一圈 (助手)
H087,29/06/2023,踱步,沙田,飛機場,沙田 飛機場,,,,,,助手,,踱步,H,飛機場 踱步 (助手)
H087,25/06/2023,踱步,沙田,內圈,沙田 內圈,,,,,,助手,,快踱一圈,H,內圈 快踱一圈 (助手)
H087,24/06/2023,游水,沙田,,沙田,,,,,,,,游水,,
H087,24/06/2023,踱步,沙田,內圈,沙田 內圈,,,,,,助手,,快踱一圈,H,內圈 快踱一圈 (助手)
H087,23/06/2023,游水,沙田,,沙田,,,,,,,,游水,,
H087,23/06/2023,踱步,沙田,內圈,沙田 內圈,,,,,,助手,,快踱一圈,H,內圈 快踱一圈 (助手)
H087,22/06/2023,游水,沙田,,沙田,,,,,,,,游水,,
H087,22/06/2023,快操,沙田,全天候,沙田 全天候,,58.6,58.6,33.3 25.3,,助手,,快操,H,33.3 25.3 (58.6) (助手)
H087,22/06/2023,踱步,沙田,飛機場,沙田 飛機場,,,,,,助手,,踱步,H,飛機場 踱步 (助手)
H087,21/06/2023,游水,沙田,,沙田,,,,,,,,游水,,
H087,21/06/2023,踱步,沙田,內圈,沙田 內圈,,,,,,副練馬師,,快踱一圈,H,內圈 快踱一圈 (副練馬師)
H087,20/06/2023,游水,沙田,,沙田,,,,,,,,游水,,
H087,20/06/2023,踱步,沙田,內圈,沙田 內圈,,,,,,助手,,快踱一圈,H,內圈 快踱一圈 (助手)
H087,19/06/2023,游水,沙田,,沙田,,,,,,,,游水,,
H087,19/06/2023,快操,沙田,全天候,沙田 全天候,,57.1,57.1,31.4 25.7,,助手,,快操,H,31.4 25.7 (57.1) (助手)
H087,19/06/2023,踱步,沙田,飛機場,沙田 飛機場,,,,,,助手,,踱步,H,飛機場 踱步 (助手)
H087,18/06/2023,游水,沙田,,沙田,,,,,,,,游水,,
H087,18/06/2023,踱步,沙田,內圈,沙田 內圈,,,,,,助手,,快踱一圈,H,內圈 快踱一圈 (助手)
H087,17/06/2023,踱步,沙田,內圈,沙田 內圈,,,,,,助手,,快踱一圈,H,內圈 快踱一圈 (助手)
H087,16/06/2023,踱步,從化,內圈,從化 內圈,,,,,,助手,,快踱一圈,H,內圈 快踱一圈 (助手)
H087,15/06/2023,游水,從化,,從化,,,,,,,,游水,,
H087,15/06/2023,快操,從化,全天候,從化 全天候,,58.8,58.8,32.4 26.4,,助手,,快操,V,32.4 26.4 (58.8) (助手)
H087,15/06/2023,踱步,從化,飛機場,從化 飛機場,,,,,,助手,,踱步,V,飛機場 踱步 (助手)
H087,14/06/2023,游水,從化,,從化,,,,,,,,游水,,
H087,14/06/2023,踱步,從化,內圈,從化 內圈,,,,,,助手,,快踱一圈,H,內圈 快踱一圈 (助手)
H087,13/06/2023,游水,從化,,從化,,,,,,,,游水,,
H087,13/06/2023,踱步,從化,內圈,從化 內圈,,,,,,助手,,快踱一圈,H,內圈 快踱一圈 (助手)
H087,12/06/2023,游水,從化,,從化,,,,,,,,游水,,
H087,12/06/2023,踱步,從化,內圈,從化 內圈,,,,,,助手,,倒快一圈,H,內圈 倒快一圈 (助手)
H087,11/06/2023,游水,從化,,從化,,,,,,,,游水,,
H087,11/06/2023,踱步,從化,內圈,從化 內圈,,,,,,助手,,快踱一圈,H,內圈 快踱一圈 (助手)
H087,10/06/2023,游水,從化,,從化,,,,,,,,游水,,
H087,10/06/2023,踱步,從化,飛機場,從化 飛機場,,,,,,助手,,踱步,H,飛機場 踱步 (助手)
H087,09/06/2023,游水,從化,,從化,,,,,,,,游水,,
H087,08/06/2023,試閘,從化,草地,從化 草地,1200M,1.11.31,71.31,25.5 22.5 23.3,歡喜福星,楊東俊,,第7組,V,第7組 (楊東俊) 1200M 歡喜福星 25.5 22.5 23.3 (1.11.31)
H087,08/06/2023,游水,從化,,從化,,,,,,,,游水,,
H087,08/06/2023,踱步,從化,飛機場,從化 飛機場,,,,,,助手,,踱步,V,飛機場 踱步 (助手)
H087,07/06/2023,游水,從化,,從化,,,,,,,,游水,,
H087,07/06/2023,踱步,從化,內圈,從化 內圈,,,,,,助手,,快踱一圈,H,內圈 快踱一圈 (助手)
H087,06/06/2023,游水,從化,,從化,,,,,,,,游水,,
H087,06/06/2023,踱步,從化,內圈,從化 內圈,,,,,,助手,,快踱一圈,H,內圈 快踱一圈 (助手)
H087,05/06/2023,游水,從化,,從化,,,,,,,,游水,,
H087,05/06/2023,踱步,從化,內圈,從化 內圈,,,,,,助手,,倒快一圈,H,內圈 倒快一圈 (助手)
H087,04/06/2023,游水,從化,,從化,,,,,,,,游水,,
H087,04/06/2023,快操,從化,全天候,從化 全天候,,57.1,57.1,31.4 25.7,,助手,,快操,V,31.4 25.7 (57.1) (助手)
H087,04/06/2023,踱步,從化,飛機場,從化 飛機場,,,,,,助手,,踱步,V,飛機場 踱步 (助手)
H087,03/06/2023,游水,從化,,從化,,,,,,,,游水,,
H087,03/06/2023,踱步,從化,內圈,從化 內圈,,,,,,助手,,快踱一圈,H,內圈 快踱一圈 (助手)
H087,02/06/2023,游水,從化,,從化,,,,,,,,游水,,
H087,02/06/2023,踱步,從化,內圈,從化 內圈,,,,,,助手,,快踱一圈,H,內圈 快踱一圈 (助手)
H087,01/06/2023,游水,從化,,從化,,,,,,,,游水,,
H087,01/06/2023,踱步,從化,內圈,從化 內圈,,,,,,助手,,倒快一圈,H,內圈 倒快一圈 (助手)
H087,31/05/2023,游水,從化,,從化,,,,,,,,游水,,
H087,31/05/2023,快操,從化,登山跑道,從化 登山跑道,,55.6,55.6,29.1 26.5,,助手,,快操,H,29.1 26.5 (55.6) (助手)
H087,31/05/2023,踱步,從化,飛機場,從化 飛機場,,,,,,助手,,踱步,H,飛機場 踱步 (助手)
H087,30/05/2023,游水,從化,,從化,,,,,,,,游水,,
H087,30/05/2023,踱步,從化,內圈,從化 內圈,,,,,,助手,,快踱一圈,H,內圈 快踱一圈 (助手)
H087,29/05/2023,游水,從化,,從化,,,,,,,,游水,,
H087,29/05/2023,踱步,從化,內圈,從化 內圈,,,,,,助手,,倒快一圈,H,內圈 倒快一圈 (助手)
H087,28/05/2023,游水,從化,,從化,,,,,,,,游水,,
H087,28/05/2023,快操,從化,全天候,從化 全天候,,57.3,57.3,31.4 25.9,,助手,,快操,H,31.4 25.9 (57.3) (助手)
H087,28/05/2023,踱步,從化,飛機場,從化 飛機場,,,,,,助手,,踱步,H,飛機場 踱步 (助手)
H087,27/05/2023,游水,從化,,從化,,,,,,,,游水,,
H087,27/05/2023,踱步,從化,內圈,從化 內圈,,,,,,助手,,快踱一圈,H,內圈 快踱一圈 (助手)
H087,26/05/2023,游水,從化,,從化,,,,,,,,游水,,
H087,26/05/2023,踱步,從化,內圈,從化 內圈,,,,,,助手,,快踱一圈,H,內圈 快踱一圈 (助手)
H087,25/05/2023,游水,從化,,從化,,,,,,,,游水,,
H087,25/05/2023,踱步,從化,內圈,從化 內圈,,,,,,助手,,倒快一圈,H,內圈 倒快一圈 (助手)
H087,24/05/2023,游水,從化,,從化,,,,,,,,游水,,
H087,24/05/2023,快操,從化,登山跑道,從化 登山跑道,,59.0,59.0,31.2 27.8,,助手,,快操,H,31.2 27.8 (59.0) (助手)
H087,24/05/2023,踱步,從化,飛機場,從化 飛機場,,,,,,助手,,踱步,H,飛機場 踱步 (助手)
H087,23/05/2023,游水,從化,,從化,,,,,,,,游水,,
H087,23/05/2023,踱步,從化,內圈,從化 內圈,,,,,,助手,,快踱一圈,H,內圈 快踱一圈 (助手)
H087,22/05/2023,游水,從化,,從化,,,,,,,,游水,,
H087,22/05/2023,踱步,從化,內圈,從化 內圈,,,,,,助手,,倒快一圈,H,內圈 倒快一圈 (助手)
H087,21/05/2023,游水,從化,,從化,,,,,,,,游水,,
H087,21/05/2023,踱步,從化,內圈,從化 內圈,,,,,,助手,,快踱一圈,H,內圈 快踱一圈 (助手)
H087,20/05/2023,游水,從化,,從化,,,,,,,,游水,,
H087,20/05/2023,快操,從化,全天候,從化 全天候,,58.3,58.3,31.3 27.0,,助手,,快操,H,31.3 27.0 (58.3) (助手)
H087,20/05/2023,踱步,從化,飛機場,從化 飛機場,,,,,,助手,,踱步,H,飛機場 踱步 (助手)
H087,19/05/2023,游水,從化,,從化,,,,,,,,游水,,
H087,19/05/2023,踱步,從化,內圈,從化 內圈,,,,,,助手,,快踱一圈,H,內圈 快踱一圈 (助手)
H087,18/05/2023,游水,從化,,從化,,,,,,,,游水,,
H087,18/05/2023,踱步,從化,內圈,從化 內圈,,,,,,助手,,倒快一圈,H,內圈 倒快一圈 (助手)
H087,17/05/2023,游水,從化,,從化,,,,,,,,游水,,
H087,17/05/2023,踱步,從化,內圈,從化 內圈,,,,,,助手,,快踱一圈,H,內圈 快踱一圈 (助手)
H087,16/05/2023,踱步,沙田,內圈,沙田 內圈,,,,,,助手,,快踱一圈,H,內圈 快踱一圈 (助手)
H087,15/05/2023,游水,沙田,,沙田,,,,,,,,游水,,
H087,15/05/2023,踱步,沙田,內圈,沙田 內圈,,,,,,助手,,倒快一圈,H,內圈 倒快一圈 (助手)
H087,14/05/2023,游水,沙田,,沙田,,,,,,,,游水,,
H087,14/05/2023,踱步,沙田,飛機場,沙田 飛機場,,,,,,助手,,踱步,H,飛機場 踱步 (助手)
H087,13/05/2023,游水,沙田,,沙田,,,,,,,,游水,,
H087,12/05/2023,游水,沙田,,沙田,,,,,,,,游水,,
H087,10/05/2023,踱步,沙田,內圈,沙田 內圈,,,,,,助手,,快踱一圈,H,內圈 快踱一圈 (助手)
H087,09/05/2023,游水,沙田,,沙田,,,,,,,,游水,,
H087,09/05/2023,踱步,沙田,內圈,沙田 內圈,,,,,,助手,,快踱一圈,H,內圈 快踱一圈 (助手)
H087,08/05/2023,游水,沙田,,沙田,,,,,,,,游水,,
H087,08/05/2023,踱步,沙田,內圈,沙田 內圈,,,,,,副練馬師,,倒快一圈,H,內圈 倒快一圈 (副練馬師)
H087,07/05/2023,游水,沙田,,沙田,,,,,,,,游水,,
H087,07/05/2023,快操,沙田,全天候,沙田 全天候,,58.0,58.0,30.4 27.6,,助手,,快操,H,30.4 27.6 (58.0) (助手)
H087,06/05/2023,游水,沙田,,沙田,,,,,,,,游水,,
H087,06/05/2023,踱步,沙田,內圈,沙田 內圈,,,,,,助手,,快踱一圈,H,內圈 快踱一圈 (助手)
H087,05/05/2023,游水,沙田,,沙田,,,,,,,,游水,,
H087,05/05/2023,踱步,沙田,內圈,沙田 內圈,,,,,,副練馬師,,快踱一圈,H,內圈 快踱一圈 (副練馬師)
H087,04/05/2023,游水,沙田,,沙田,,,,,,,,游水,,
H087,04/05/2023,快操,沙田,全天候,沙田 全天候,,58.2,58.2,31.3 26.9,,助手,,快操,H,31.3 26.9 (58.2) (助手)
H087,03/05/2023,游水,沙田,,沙田,,,,,,,,游水,,
H087,03/05/2023,踱步,沙田,內圈,沙田 內圈,,,,,,副練馬師,,快踱一圈,H,內圈 快踱一圈 (副練馬師)
H087,02/05/2023,游水,沙田,,沙田,,,,,,,,游水,,
H087,01/05/2023,游水,沙田,,沙田,,,,,,,,游水,,
H087,01/05/2023,踱步,沙田,內圈,沙田 內圈,,,,,,副練馬師,,倒快一圈,H,內圈 倒快一圈 (副練馬師)
H087,30/04/2023,游水,沙田,,沙田,,,,,,,,游水,,
H087,30/04/2023,踱步,沙田,飛機場,沙田 飛機場,,,,,,助手,,踱步,H,飛機場 踱步 (助手)
H087,28/04/2023,試閘,沙田,全天候,沙田 全天候,1200M,1.09.10,69.1,23.2 22.0 23.9,緊張大師,梁家俊,,第1組,CP,第1組 (梁家俊) 1200M 緊張大師 23.2 22.0 23.9 (1.09.10)
H087,27/04/2023,游水,沙田,,沙田,,,,,,,,游水,,
H087,27/04/2023,踱步,沙田,內圈,沙田 內圈,,,,,,助手,,倒快一圈,H,內圈 倒快一圈 (助手)
H087,26/04/2023,游水,沙田,,沙田,,,,,,,,游水,,
H087,26/04/2023,踱步,沙田,內圈,沙田 內圈,,,,,,助手,,快踱一圈,H,內圈 快踱一圈 (助手)
H087,25/04/2023,游水,沙田,,沙田,,,,,,,,游水,,
H087,25/04/2023,踱步,沙田,內圈,沙田 內圈,,,,,,助手,,快踱一圈,H,內圈 快踱一圈 (助手)
H087,24/04/2023,游水,沙田,,沙田,,,,,,,,游水,,
H087,24/04/2023,快操,沙田,全天候,沙田 全天候,,58.9,58.9,31.6 27.3,,副練馬師,,快操,H,31.6 27.3 (58.9) (副練馬師)
H087,24/04/2023,踱步,沙田,飛機場,沙田 飛機場,,,,,,副練馬師,,踱步,H,飛機場 踱步 (副練馬師)
H087,23/04/2023,游水,沙田,,沙田,,,,,,,,游水,,
H087,23/04/2023,踱步,沙田,內圈,沙田 內圈,,,,,,助手,,快踱一圈,H,內圈 快踱一圈 (助手)
H087,22/04/2023,游水,沙田,,沙田,,,,,,,,游水,,
H087,22/04/2023,踱步,沙田,內圈,沙田 內圈,,,,,,助手,,快踱一圈,H,內圈 快踱一圈 (助手)
H087,21/04/2023,游水,沙田,,沙田,,,,,,,,游水,,
H087,21/04/2023,踱步,沙田,內圈,沙田 內圈,,,,,,助手,,快踱一圈,H,內圈 快踱一圈 (助手)
H087,20/04/2023,游水,沙田,,沙田,,,,,,,,游水,,
H087,20/04/2023,快操,沙田,全天候,沙田 全天候,,58.9,58.9,32.7 26.2,,助手,,快操,H,32.7 26.2 (58.9) (助手)
H087,20/04/2023,踱步,沙田,飛機場,沙田 飛機場,,,,,,助手,,踱步,H,飛機場 踱步 (助手)
H087,19/04/2023,游水,沙田,,沙田,,,,,,,,游水,,
H087,18/04/2023,游水,沙田,,沙田,,,,,,,,游水,,
H087,18/04/2023,踱步,沙田,內圈,沙田 內圈,,,,,,助手,,快踱一圈,H,內圈 快踱一圈 (助手)
H087,17/04/2023,游水,沙田,,沙田,,,,,,,,游水,,
H087,17/04/2023,踱步,沙田,內圈,沙田 內圈,,,,,,副練馬師,,倒快一圈,H,內圈 倒快一圈 (副練馬師)
H087,16/04/2023,游水,沙田,,沙田,,,,,,,,游水,,
H087,16/04/2023,踱步,沙田,飛機場,沙田 飛機場,,,,,,助手,,踱步,H,飛機場 踱步 (助手)
H087,12/04/2023,踱步,沙田,內圈,沙田 內圈,,,,,,助手,,快踱一圈,H,內圈 快踱一圈 (助手)
H087,11/04/2023,游水,沙田,,沙田,,,,,,,,游水,,
H087,11/04/2023,踱步,沙田,內圈,沙田 內圈,,,,,,助手,,快踱一圈,H,內圈 快踱一圈 (助手)
H087,10/04/2023,游水,沙田,,沙田,,,,,,,,游水,,
H087,10/04/2023,踱步,沙田,內圈,沙田 內圈,,,,,,助手,,倒快一圈,H,內圈 倒快一圈 (助手)
H087,09/04/2023,游水,沙田,,沙田,,,,,,,,游水,,
H087,09/04/2023,快操,沙田,全天候,沙田 全天候,,59.2,59.2,32.3 26.9,,助手,,快操,H,32.3 26.9 (59.2) (助手)
H087,09/04/2023,踱步,沙田,飛機場,沙田 飛機場,,,,,,助手,,踱步,H,飛機場 踱步 (助手)
H087,08/04/2023,游水,沙田,,沙田,,,,,,,,游水,,
H087,08/04/2023,踱步,沙田,內圈,沙田 內圈,,,,,,助手,,快踱一圈,H,內圈 快踱一圈 (助手)
H087,07/04/2023,游水,沙田,,沙田,,,,,,,,游水,,
H087,07/04/2023,踱步,沙田,內圈,沙田 內圈,,,,,,副練馬師,,快踱一圈,H,內圈 快踱一圈 (副練馬師)
H087,06/04/2023,游水,沙田,,沙田,,,,,,,,游水,,
H087,06/04/2023,快操,沙田,全天候,沙田 全天候,,57.7,57.7,30.4 27.3,,梁家俊,,快操,H,30.4 27.3 (57.7) (梁家俊)
H087,06/04/2023,踱步,沙田,飛機場,沙田 飛機場,,,,,,梁家俊,,踱步,H,飛機場 踱步 (梁家俊)
H087,05/04/2023,游水,沙田,,沙田,,,,,,,,游水,,
H087,05/04/2023,踱步,沙田,飛機場,沙田 飛機場,,,,,,副練馬師,,踱步,H,飛機場 踱步 (副練馬師)
H087,04/04/2023,游水,沙田,,沙田,,,,,,,,游水,,
H087,04/04/2023,踱步,沙田,內圈,沙田 內圈,,,,,,助手,,快踱一圈,H,內圈 快踱一圈 (助手)
H087,03/04/2023,游水,沙田,,沙田,,,,,,,,游水,,
H087,03/04/2023,踱步,沙田,內圈,沙田 內圈,,,,,,副練馬師,,倒快一圈,H,內圈 倒快一圈 (副練馬師)
H087,02/04/2023,游水,沙田,,沙田,,,,,,,,游水,,
H087,02/04/2023,快操,沙田,全天候,沙田 全天候,,58.8,58.8,32.2 26.6,,助手,,快操,H,32.2 26.6 (58.8) (助手)
H087,02/04/2023,踱步,沙田,飛機場,沙田 飛機場,,,,,,助手,,踱步,H,飛機場 踱步 (助手)
H087,01/04/2023,游水,沙田,,沙田,,,,,,,,游水,,
H087,01/04/2023,踱步,沙田,內圈,沙田 內圈,,,,,,助手,,快踱一圈,H,內圈 快踱一圈 (助手)
H087,31/03/2023,游水,沙田,,沙田,,,,,,,,游水,,
H087,31/03/2023,踱步,沙田,內圈,沙田 內圈,,,,,,助手,,快踱一圈,H,內圈 快踱一圈 (助手)
H087,30/03/2023,游水,沙田,,沙田,,,,,,,,游水,,
H087,30/03/2023,踱步,沙田,內圈,沙田 內圈,,,,,,副練馬師,,倒快一圈,H,內圈 倒快一圈 (副練馬師)
H087,29/03/2023,游水,沙田,,沙田,,,,,,,,游水,,
H087,29/03/2023,快操,沙田,全天候,沙田 全天候,,59.9,59.9,32.6 27.3,,助手,,快操,H,32.6 27.3 (59.9) (助手)
H087,29/03/2023,踱步,沙田,飛機場,沙田 飛機場,,,,,,助手,,踱步,H,飛機場 踱步 (助手)
H087,28/03/2023,游水,沙田,,沙田,,,,,,,,游水,,
H087,28/03/2023,踱步,沙田,內圈,沙田 內圈,,,,,,助手,,快踱一圈,H,內圈 快踱一圈 (助手)
H087,27/03/2023,游水,沙田,,沙田,,,,,,,,游水,,
H087,27/03/2023,踱步,沙田,內圈,沙田 內圈,,,,,,副練馬師,,倒快一圈,H,內圈 倒快一圈 (副練馬師)
H087,26/03/2023,游水,沙田,,沙田,,,,,,,,游水,,
H087,26/03/2023,踱步,沙田,內圈,沙田 內圈,,,,,,助手,,快踱一圈,H,內圈 快踱一圈 (助手)
H087,25/03/2023,游水,沙田,,沙田,,,,,,,,游水,,
H087,25/03/2023,踱步,沙田,內圈,沙田 內圈,,,,,,助手,,快踱一圈,H,內圈 快踱一圈 (助手)
H087,24/03/2023,游水,沙田,,沙田,,,,,,,,游水,,
H087,24/03/2023,踱步,沙田,內圈,沙田 內圈,,,,,,助手,,快踱一圈,H,內圈 快踱一圈 (助手)
H087,23/03/2023,游水,沙田,,沙田,,,,,,,,游水,,
H087,23/03/2023,踱步,沙田,飛機場,沙田 飛機場,,,,,,助手,,踱步,H,飛機場 踱步 (助手)
H087,22/03/2023,游水,沙田,,沙田,,,,,,,,游水,,
H087,21/03/2023,游水,沙田,,沙田,,,,,,,,游水,,
H087,20/03/2023,游水,沙田,,沙田,,,,,,,,游水,,
H087,19/03/2023,踱步,沙田,內圈,沙田 內圈,,,,,,助手,,快踱一圈,H,內圈 快踱一圈 (助手)
H087,18/03/2023,游水,沙田,,沙田,,,,,,,,游水,,
H087,18/03/2023,踱步,沙田,內圈,沙田 內圈,,,,,,助手,,快踱一圈,H,內圈 快踱一圈 (助手)
H087,17/03/2023,游水,沙田,,沙田,,,,,,,,游水,,
H087,17/03/2023,踱步,沙田,內圈,沙田 內圈,,,,,,副練馬師,,快踱一圈,H,內圈 快踱一圈 (副練馬師)
H087,16/03/2023,游水,沙田,,沙田,,,,,,,,游水,,
H087,16/03/2023,快操,沙田,全天候,沙田 全天候,,57.6,57.6,29.6 28.0,,巴度,,快操,H,29.6 28.0 (57.6) (巴度)
H087,16/03/2023,踱步,沙田,飛機場,沙田 飛機場,,,,,,副練馬師,,踱步,H,飛機場 踱步 (副練馬師)
H087,15/03/2023,游水,沙田,,沙田,,,,,,,,游水,,
H087,15/03/2023,踱步,沙田,內圈,沙田 內圈,,,,,,助手,,快踱一圈,H,內圈 快踱一圈 (助手)
H087,14/03/2023,游水,沙田,,沙田,,,,,,,,游水,,
H087,14/03/2023,踱步,沙田,內圈,沙田 內圈,,,,,,助手,,快踱一圈,H,內圈 快踱一圈 (助手)
H087,13/03/2023,游水,沙田,,沙田,,,,,,,,游水,,
H087,13/03/2023,快操,沙田,全天候,沙田 全天候,,1.25.5,85.5,31.3 28.9 25.3,,助手,,瑪瑙,H,31.3 28.9 25.3 (1.25.5) (助手) 瑪瑙
H087,13/03/2023,踱步,沙田,飛機場,沙田 飛機場,,,,,,助手,,踱步,H,飛機場 踱步 (助手)
H087,12/03/2023,游水,沙田,,沙田,,,,,,,,游水,,
H087,12/03/2023,踱步,沙田,內圈,沙田 內圈,,,,,,助手,,快踱一圈,H,內圈 快踱一圈 (助手)
H087,11/03/2023,游水,沙田,,沙田,,,,,,,,游水,,
H087,11/03/2023,踱步,沙田,內圈,沙田 內圈,,,,,,助手,,快踱一圈,H,內圈 快踱一圈 (助手)
H087,10/03/2023,游水,沙田,,沙田,,,,,,,,游水,,
H087,10/03/2023,快操,沙田,全天候,沙田 全天候,,58.9,58.9,31.8 27.1,,助手,,快操,H,31.8 27.1 (58.9) (助手)
H087,10/03/2023,踱步,沙田,飛機場,沙田 飛機場,,,,,,助手,,踱步,H,飛機場 踱步 (助手)
H087,09/03/2023,游水,沙田,,沙田,,,,,,,,游水,,
H087,09/03/2023,踱步,沙田,內圈,沙田 內圈,,,,,,助手,,倒快一圈,H,內圈 倒快一圈 (助手)
H087,08/03/2023,游水,沙田,,沙田,,,,,,,,游水,,
H087,08/03/2023,踱步,沙田,內圈,沙田 內圈,,,,,,助手,,快踱一圈,H,內圈 快踱一圈 (助手)
H087,07/03/2023,游水,沙田,,沙田,,,,,,,,游水,,
H087,07/03/2023,踱步,沙田,內圈,沙田 內圈,,,,,,副練馬師,,快踱一圈,H,內圈 快踱一圈 (副練馬師)
H087,06/03/2023,游水,沙田,,沙田,,,,,,,,游水,,
H087,06/03/2023,快操,沙田,全天候,沙田 全天候,,1.04.0,64.0,33.9 30.1,,副練馬師,,快操,H,33.9 30.1 (1.04.0) (副練馬師)
H087,06/03/2023,踱步,沙田,飛機場,沙田 飛機場,,,,,,副練馬師,,踱步,H,飛機場 踱步 (副練馬師)
H087,05/03/2023,游水,沙田,,沙田,,,,,,,,游水,,
H087,05/03/2023,踱步,沙田,內圈,沙田 內圈,,,,,,助手,,快踱一圈,H,內圈 快踱一圈 (助手)
H087,04/03/2023,游水,沙田,,沙田,,,,,,,,游水,,
H087,04/03/2023,踱步,沙田,內圈,沙田 內圈,,,,,,助手,,快踱一圈,H,內圈 快踱一圈 (助手)
H087,03/03/2023,游水,沙田,,沙田,,,,,,,,游水,,
H087,03/03/2023,踱步,沙田,內圈,沙田 內圈,,,,,,助手,,快踱一圈,H,內圈 快踱一圈 (助手)
H087,02/03/2023,游水,沙田,,沙田,,,,,,,,游水,,
H087,02/03/2023,踱步,沙田,飛機場,沙田 飛機場,,,,,,副練馬師,,踱步,H,飛機場 踱步 (副練馬師)
H087,01/03/2023,游水,沙田,,沙田,,,,,,,,游水,,
H087,28/02/2023,游水,沙田,,沙田,,,,,,,,游水,,
H087,27/02/2023,游水,沙田,,沙田,,,,,,,,游水,,
H087,26/02/2023,踱步,沙田,內圈,沙田 內圈,,,,,,副練馬師,,快踱一圈,H,內圈 快踱一圈 (副練馬師)
H087,25/02/2023,游水,沙田,,沙田,,,,,,,,游水,,
H087,25/02/2023,踱步,沙田,內圈,沙田 內圈,,,,,,助手,,快踱一圈,H,內圈 快踱一圈 (助手)
H087,24/02/2023,游水,沙田,,沙田,,,,,,,,游水,,
H087,24/02/2023,快操,沙田,全天候,沙田 全天候,,57.8,57.8,31.2 26.6,,助手,,快操,H,31.2 26.6 (57.8) (助手)
H087,24/02/2023,踱步,沙田,飛機場,沙田 飛機場,,,,,,助手,,踱步,H,飛機場 踱步 (助手)
H087,23/02/2023,游水,沙田,,沙田,,,,,,,,游水,,
H087,23/02/2023,踱步,沙田,內圈,沙田 內圈,,,,,,助手,,倒快一圈,H,內圈 倒快一圈 (助手)
H087,22/02/2023,踱步,沙田,內圈,沙田 內圈,,,,,,助手,,快踱一圈,H,內圈 快踱一圈 (助手)
H087,21/02/2023,游水,沙田,,沙田,,,,,,,,游水,,
H087,21/02/2023,踱步,沙田,內圈,沙田 內圈,,,,,,助手,,快踱一圈,H,內圈 快踱一圈 (助手)
H087,20/02/2023,游水,沙田,,沙田,,,,,,,,游水,,
H087,20/02/2023,快操,沙田,全天候,沙田 全天候,,59.1,59.1,32.7 26.4,,助手,,快操,H,32.7 26.4 (59.1) (助手)
H087,20/02/2023,踱步,沙田,飛機場,沙田 飛機場,,,,,,助手,,踱步,H,飛機場 踱步 (助手)
H087,19/02/2023,游水,沙田,,沙田,,,,,,,,游水,,
H087,19/02/2023,踱步,沙田,內圈,沙田 內圈,,,,,,副練馬師,,快踱一圈,H,內圈 快踱一圈 (副練馬師)
H087,18/02/2023,游水,沙田,,沙田,,,,,,,,游水,,
H087,18/02/2023,踱步,沙田,內圈,沙田 內圈,,,,,,助手,,快踱一圈,H,內圈 快踱一圈 (助手)
H087,17/02/2023,游水,沙田,,沙田,,,,,,,,游水,,
H087,17/02/2023,踱步,沙田,內圈,沙田 內圈,,,,,,助手,,快踱一圈,H,內圈 快踱一圈 (助手)
H087,16/02/2023,游水,沙田,,沙田,,,,,,,,游水,,
H087,16/02/2023,踱步,沙田,飛機場,沙田 飛機場,,,,,,助手,,踱步,H,飛機場 踱步 (助手)
H087,15/02/2023,游水,沙田,,沙田,,,,,,,,游水,,
H087,14/02/2023,游水,沙田,,沙田,,,,,,,,游水,,
H087,13/02/2023,游水,沙田,,沙田,,,,,,,,游水,,
H087,12/02/2023,踱步,沙田,內圈,沙田 內圈,,,,,,副練馬師,,快踱一圈,H,內圈 快踱一圈 (副練馬師)
H087,11/02/2023,游水,沙田,,沙田,,,,,,,,游水,,
H087,11/02/2023,踱步,沙田,內圈,沙田 內圈,,,,,,助手,,快踱一圈,H,內圈 快踱一圈 (助手)
H087,10/02/2023,游水,沙田,,沙田,,,,,,,,游水,,
H087,10/02/2023,踱步,沙田,內圈,沙田 內圈,,,,,,助手,,快踱一圈,H,內圈 快踱一圈 (助手)
H087,09/02/2023,游水,沙田,,沙田,,,,,,,,游水,,
H087,09/02/2023,快操,沙田,全天候,沙田 全天候,,56.0,56.0,30.7 25.3,,田泰安,,快操,CP,30.7 25.3 (56.0) (田泰安)
H087,08/02/2023,游水,沙田,,沙田,,,,,,,,游水,,
H087,08/02/2023,踱步,沙田,內圈,沙田 內圈,,,,,,助手,,快踱一圈,H,內圈 快踱一圈 (助手)
H087,07/02/2023,游水,沙田,,沙田,,,,,,,,游水,,
H087,07/02/2023,踱步,沙田,內圈,沙田 內圈,,,,,,副練馬師,,快踱一圈,H,內圈 快踱一圈 (副練馬師)
H087,06/02/2023,游水,沙田,,沙田,,,,,,,,游水,,
H087,06/02/2023,快操,沙田,全天候,沙田 全天候,,56.1,56.1,30.3 25.8,,田泰安,,西利哥,H,30.3 25.8 (56.1) (田泰安) 西利哥
H087,06/02/2023,踱步,沙田,飛機場,沙田 飛機場,,,,,,助手,,踱步,H,飛機場 踱步 (助手)
H087,05/02/2023,游水,沙田,,沙田,,,,,,,,游水,,
H087,05/02/2023,踱步,沙田,內圈,沙田 內圈,,,,,,助手,,快踱一圈,H,內圈 快踱一圈 (助手)
H087,04/02/2023,游水,沙田,,沙田,,,,,,,,游水,,
H087,04/02/2023,踱步,沙田,內圈,沙田 內圈,,,,,,副練馬師,,快踱一圈,H,內圈 快踱一圈 (副練馬師)
H087,03/02/2023,游水,沙田,,沙田,,,,,,,,游水,,
H087,03/02/2023,快操,沙田,全天候,沙田 全天候,,57.5,57.5,31.0 26.5,,助手,,快操,H,31.0 26.5 (57.5) (助手)
H087,03/02/2023,踱步,沙田,飛機場,沙田 飛機場,,,,,,助手,,踱步,H,飛機場 踱步 (助手)
H087,02/02/2023,游水,沙田,,沙田,,,,,,,,游水,,
H087,02/02/2023,踱步,沙田,內圈,沙田 內圈,,,,,,助手,,倒快一圈,H,內圈 倒快一圈 (助手)
H087,01/02/2023,游水,沙田,,沙田,,,,,,,,游水,,
H087,01/02/2023,踱步,沙田,內圈,沙田 內圈,,,,,,副練馬師,,快踱一圈,H,內圈 快踱一圈 (副練馬師)
H087,31/01/2023,游水,沙田,,沙田,,,,,,,,游水,,
H087,31/01/2023,快操,沙田,全天候,沙田 全天候,,58.4,58.4,31.8 26.6,,助手,,快操,H,31.8 26.6 (58.4) (助手)
H087,30/01/2023,游水,沙田,,沙田,,,,,,,,游水,,
H087,30/01/2023,踱步,沙田,內圈,沙田 內圈,,,,,,助手,,倒快一圈,H,內圈 倒快一圈 (助手)
H087,29/01/2023,游水,沙田,,沙田,,,,,,,,游水,,
H087,28/01/2023,游水,沙田,,沙田,,,,,,,,游水,,
H087,28/01/2023,快操,沙田,全天候,沙田 全天候,,57.4,57.4,30.4 27.0,,助手,,開心高球,CP,30.4 27.0 (57.4) (助手) 開心高球
H087,28/01/2023,踱步,沙田,飛機場,沙田 飛機場,,,,,,助手,,踱步,CP,飛機場 踱步 (助手)
H087,27/01/2023,游水,沙田,,沙田,,,,,,,,游水,,
H087,27/01/2023,踱步,沙田,內圈,沙田 內圈,,,,,,助手,,快踱一圈,H,內圈 快踱一圈 (助手)
H087,26/01/2023,游水,沙田,,沙田,,,,,,,,游水,,
H087,26/01/2023,踱步,沙田,內圈,沙田 內圈,,,,,,助手,,倒快一圈,H,內圈 倒快一圈 (助手)
H087,25/01/2023,游水,沙田,,沙田,,,,,,,,游水,,
H087,25/01/2023,踱步,沙田,內圈,沙田 內圈,,,,,,助手,,快踱一圈,H,內圈 快踱一圈 (助手)
H087,24/01/2023,游水,沙田,,沙田,,,,,,,,游水,,
H087,24/01/2023,快操,沙田,全天候,沙田 全天候,,59.2,59.2,33.0 26.2,,助手,,快操,H,33.0 26.2 (59.2) (助手)
H087,24/01/2023,踱步,沙田,飛機場,沙田 飛機場,,,,,,助手,,踱步,H,飛機場 踱步 (助手)
H087,23/01/2023,游水,沙田,,沙田,,,,,,,,游水,,
H087,23/01/2023,踱步,沙田,內圈,沙田 內圈,,,,,,助手,,倒快一圈,H,內圈 倒快一圈 (助手)
H087,21/01/2023,游水,沙田,,沙田,,,,,,,,游水,,
H087,21/01/2023,踱步,沙田,內圈,沙田 內圈,,,,,,副練馬師,,快踱一圈,H,內圈 快踱一圈 (副練馬師)
H087,20/01/2023,游水,沙田,,沙田,,,,,,,,游水,,
H087,20/01/2023,踱步,沙田,內圈,沙田 內圈,,,,,,助手,,快踱一圈,H,內圈 快踱一圈 (助手)
H087,19/01/2023,游水,沙田,,沙田,,,,,,,,游水,,
H087,19/01/2023,踱步,沙田,飛機場,沙田 飛機場,,,,,,助手,,踱步,H,飛機場 踱步 (助手)
H087,18/01/2023,游水,沙田,,沙田,,,,,,,,游水,,
H087,17/01/2023,游水,沙田,,沙田,,,,,,,,游水,,
H087,16/01/2023,游水,沙田,,沙田,,,,,,,,游水,,
H087,15/01/2023,踱步,沙田,內圈,沙田 內圈,,,,,,助手,,快踱一圈,H,內圈 快踱一圈 (助手)
H087,14/01/2023,游水,沙田,,沙田,,,,,,,,游水,,
H087,14/01/2023,踱步,沙田,內圈,沙田 內圈,,,,,,助手,,快踱一圈,H,內圈 快踱一圈 (助手)
H087,13/01/2023,游水,沙田,,沙田,,,,,,,,游水,,
H087,13/01/2023,踱步,沙田,內圈,沙田 內圈,,,,,,助手,,快踱一圈,H,內圈 快踱一圈 (助手)
H087,12/01/2023,游水,沙田,,沙田,,,,,,,,游水,,
H087,12/01/2023,快操,沙田,全天候,沙田 全天候,,57.5,57.5,31.8 25.7,,潘明輝,,日日友,CP,31.8 25.7 (57.5) (潘明輝) 日日友
H087,12/01/2023,踱步,沙田,飛機場,沙田 飛機場,,,,,,潘明輝,,踱步,CP,飛機場 踱步 (潘明輝)
H087,11/01/2023,游水,沙田,,沙田,,,,,,,,游水,,
H087,11/01/2023,踱步,沙田,內圈,沙田 內圈,,,,,,副練馬師,,快踱一圈,H,內圈 快踱一圈 (副練馬師)
H087,10/01/2023,游水,沙田,,沙田,,,,,,,,游水,,
H087,10/01/2023,踱步,沙田,內圈,沙田 內圈,,,,,,助手,,快踱一圈,H,內圈 快踱一圈 (助手)
H087,09/01/2023,游水,沙田,,沙田,,,,,,,,游水,,
H087,09/01/2023,快操,沙田,全天候,沙田 全天候,,56.8,56.8,31.0 25.8,,助手,,快操,CP,31.0 25.8 (56.8) (助手)
H087,09/01/2023,踱步,沙田,飛機場,沙田 飛機場,,,,,,助手,,踱步,CP,飛機場 踱步 (助手)
H087,08/01/2023,游水,沙田,,沙田,,,,,,,,游水,,
H087,08/01/2023,踱步,沙田,內圈,沙田 內圈,,,,,,助手,,快踱一圈,H,內圈 快踱一圈 (助手)
H087,07/01/2023,游水,沙田,,沙田,,,,,,,,游水,,
H087,07/01/2023,踱步,沙田,內圈,沙田 內圈,,,,,,助手,,快踱一圈,H,內圈 快踱一圈 (助手)
H087,06/01/2023,游水,沙田,,沙田,,,,,,,,游水,,
H087,06/01/2023,踱步,沙田,內圈,沙田 內圈,,,,,,助手,,快踱一圈,H,內圈 快踱一圈 (助手)
H087,05/01/2023,游水,沙田,,沙田,,,,,,,,游水,,
H087,05/01/2023,快操,沙田,全天候,沙田 全天候,,59.5,59.5,32.9 26.6,,助手,,快操,CP,32.9 26.6 (59.5) (助手)
H087,05/01/2023,踱步,沙田,飛機場,沙田 飛機場,,,,,,助手,,踱步,CP,飛機場 踱步 (助手)
H087,04/01/2023,游水,沙田,,沙田,,,,,,,,游水,,
H087,04/01/2023,踱步,沙田,內圈,沙田 內圈,,,,,,副練馬師,,快踱一圈,H,內圈 快踱一圈 (副練馬師)
H087,03/01/2023,游水,沙田,,沙田,,,,,,,,游水,,
H087,03/01/2023,踱步,沙田,內圈,沙田 內圈,,,,,,副練馬師,,快踱一圈,H,內圈 快踱一圈 (副練馬師)
H087,02/01/2023,游水,沙田,,沙田,,,,,,,,游水,,
H087,02/01/2023,快操,沙田,全天候,沙田 全天候,,58.6,58.6,31.2 27.4,,助手,,開心高球,CP,31.2 27.4 (58.6) (助手) 開心高球
H087,02/01/2023,踱步,沙田,飛機場,沙田 飛機場,,,,,,助手,,踱步,CP,飛機場 踱步 (助手)
H087,01/01/2023,游水,沙田,,沙田,,,,,,,,游水,,
H087,01/01/2023,踱步,沙田,內圈,沙田 內圈,,,,,,副練馬師,,快踱一圈,H,內圈 快踱一圈 (副練馬師)
H087,31/12/2022,游水,沙田,,沙田,,,,,,,,游水,,
H087,31/12/2022,踱步,沙田,內圈,沙田 內圈,,,,,,助手,,快踱一圈,H,內圈 快踱一圈 (助手)
H087,30/12/2022,游水,沙田,,沙田,,,,,,,,游水,,
H087,30/12/2022,快操,沙田,全天候,沙田 全天候,,58.8,58.8,32.8 26.0,,助手,,快操,H,32.8 26.0 (58.8) (助手)
H087,30/12/2022,踱步,沙田,飛機場,沙田 飛機場,,,,,,助手,,踱步,H,飛機場 踱步 (助手)
H087,29/12/2022,游水,沙田,,沙田,,,,,,,,游水,,
H087,29/12/2022,踱步,沙田,內圈,沙田 內圈,,,,,,助手,,倒快一圈,H,內圈 倒快一圈 (助手)
H087,28/12/2022,游水,沙田,,沙田,,,,,,,,游水,,
H087,28/12/2022,踱步,沙田,內圈,沙田 內圈,,,,,,副練馬師,,快踱一圈,H,內圈 快踱一圈 (副練馬師)
H087,27/12/2022,游水,沙田,,沙田,,,,,,,,游水,,
H087,27/12/2022,踱步,沙田,內圈,沙田 內圈,,,,,,副練馬師,,快踱一圈,H,內圈 快踱一圈 (副練馬師)
H087,26/12/2022,游水,沙田,,沙田,,,,,,,,游水,,
H087,26/12/2022,快操,沙田,全天候,沙田 全天候,,58.8,58.8,32.2 26.6,,助手,,快操,H,32.2 26.6 (58.8) (助手)
H087,26/12/2022,踱步,沙田,飛機場,沙田 飛機場,,,,,,助手,,踱步,H,飛機場 踱步 (助手)
H087,25/12/2022,游水,沙田,,沙田,,,,,,,,游水,,
H087,25/12/2022,踱步,沙田,內圈,沙田 內圈,,,,,,助手,,快踱一圈,H,內圈 快踱一圈 (助手)
H087,24/12/2022,游水,沙田,,沙田,,,,,,,,游水,,
H087,24/12/2022,踱步,沙田,內圈,沙田 內圈,,,,,,助手,,快踱一圈,H,內圈 快踱一圈 (助手)
H087,23/12/2022,游水,沙田,,沙田,,,,,,,,游水,,
H087,23/12/2022,踱步,沙田,內圈,沙田 內圈,,,,,,助手,,快踱一圈,H,內圈 快踱一圈 (助手)
H087,22/12/2022,游水,沙田,,沙田,,,,,,,,游水,,
H087,22/12/2022,快操,沙田,全天候,沙田 全天候,,58.7,58.7,31.5 27.2,,助手,,快操,H,31.5 27.2 (58.7) (助手)
H087,22/12/2022,踱步,沙田,飛機場,沙田 飛機場,,,,,,助手,,踱步,H,飛機場 踱步 (助手)
H087,21/12/2022,游水,沙田,,沙田,,,,,,,,游水,,
H087,21/12/2022,踱步,沙田,內圈,沙田 內圈,,,,,,助手,,快踱一圈,H,內圈 快踱一圈 (助手)
H087,20/12/2022,游水,沙田,,沙田,,,,,,,,游水,,
H087,20/12/2022,踱步,沙田,內圈,沙田 內圈,,,,,,助手,,快踱一圈,H,內圈 快踱一圈 (助手)
H087,19/12/2022,踱步,沙田,內圈,沙田 內圈,,,,,,副練馬師,,倒快一圈,H,內圈 倒快一圈 (副練馬師)
H087,18/12/2022,踱步,沙田,飛機場,沙田 飛機場,,,,,,助手,,踱步,H,飛機場 踱步 (助手)
H087,15/12/2022,踱步,沙田,飛機場,沙田 飛機場,,,,,,助手,,踱步,H,飛機場 踱步 (助手)
H087,14/12/2022,踱步,沙田,內圈,沙田 內圈,,,,,,副練馬師,,快踱一圈,H,內圈 快踱一圈 (副練馬師)
H087,13/12/2022,游水,沙田,,沙田,,,,,,,,游水,,
H087,13/12/2022,踱步,沙田,內圈,沙田 內圈,,,,,,副練馬師,,快踱一圈,H,內圈 快踱一圈 (副練馬師)
H087,12/12/2022,游水,沙田,,沙田,,,,,,,,游水,,
H087,12/12/2022,踱步,沙田,內圈,沙田 內圈,,,,,,助手,,倒快一圈,H,內圈 倒快一圈 (助手)
H087,11/12/2022,游水,沙田,,沙田,,,,,,,,游水,,
H087,11/12/2022,快操,沙田,全天候,沙田 全天候,,28.4,28.4,28.4,,副練馬師,,快操,B,28.4 (28.4) (副練馬師)
H087,11/12/2022,踱步,沙田,飛機場,沙田 飛機場,,,,,,副練馬師,,踱步,B,飛機場 踱步 (副練馬師)
H087,10/12/2022,游水,沙田,,沙田,,,,,,,,游水,,
H087,10/12/2022,踱步,沙田,內圈,沙田 內圈,,,,,,助手,,快踱一圈,H,內圈 快踱一圈 (助手)
H087,09/12/2022,游水,沙田,,沙田,,,,,,,,游水,,
H087,09/12/2022,踱步,沙田,內圈,沙田 內圈,,,,,,副練馬師,,快踱一圈,H,內圈 快踱一圈 (副練馬師)
H087,08/12/2022,游水,沙田,,沙田,,,,,,,,游水,,
H087,08/12/2022,快操,沙田,全天候,沙田 全天候,,54.1,54.1,29.3 24.8,,梁家俊,,識贏,H,29.3 24.8 (54.1) (梁家俊) 識贏
H087,08/12/2022,踱步,沙田,飛機場,沙田 飛機場,,,,,,助手,,踱步,H,飛機場 踱步 (助手)
H087,07/12/2022,游水,沙田,,沙田,,,,,,,,游水,,
H087,07/12/2022,踱步,沙田,內圈,沙田 內圈,,,,,,助手,,快踱一圈,H,內圈 快踱一圈 (助手)
H087,06/12/2022,游水,沙田,,沙田,,,,,,,,游水,,
H087,06/12/2022,踱步,沙田,內圈,沙田 內圈,,,,,,副練馬師,,快踱一圈,H,內圈 快踱一圈 (副練馬師)
H087,05/12/2022,游水,沙田,,沙田,,,,,,,,游水,,
H087,05/12/2022,快操,沙田,全天候,沙田 全天候,,57.2,57.2,30.4 26.8,,助手,,快操,H,30.4 26.8 (57.2) (助手)
H087,05/12/2022,踱步,沙田,飛機場,沙田 飛機場,,,,,,助手,,踱步,H,飛機場 踱步 (助手)
H087,04/12/2022,游水,沙田,,沙田,,,,,,,,游水,,
H087,04/12/2022,踱步,沙田,內圈,沙田 內圈,,,,,,副練馬師,,快踱一圈,H,內圈 快踱一圈 (副練馬師)
H087,03/12/2022,游水,沙田,,沙田,,,,,,,,游水,,
H087,03/12/2022,踱步,沙田,內圈,沙田 內圈,,,,,,副練馬師,,快踱一圈,H,內圈 快踱一圈 (副練馬師)
H087,02/12/2022,游水,沙田,,沙田,,,,,,,,游水,,
H087,02/12/2022,快操,沙田,全天候,沙田 全天候,,1.03.1,63.1,33.6 29.5,,副練馬師,,快操,H,33.6 29.5 (1.03.1) (副練馬師)
H087,02/12/2022,踱步,沙田,飛機場,沙田 飛機場,,,,,,副練馬師,,踱步,H,飛機場 踱步 (副練馬師)
H087,01/12/2022,游水,沙田,,沙田,,,,,,,,游水,,
H087,01/12/2022,踱步,沙田,內圈,沙田 內圈,,,,,,助手,,倒快一圈,H,內圈 倒快一圈 (助手)
H087,30/11/2022,游水,沙田,,沙田,,,,,,,,游水,,
H087,30/11/2022,踱步,沙田,內圈,沙田 內圈,,,,,,助手,,快踱一圈,H,內圈 快踱一圈 (助手)
H087,29/11/2022,踱步,沙田,內圈,沙田 內圈,,,,,,助手,,快踱一圈,H,內圈 快踱一圈 (助手)
H087,28/11/2022,踱步,沙田,飛機場,沙田 飛機場,,,,,,助手,,踱步,H,飛機場 踱步 (助手)
H087,26/11/2022,試閘,跑馬地,草地,跑馬地 草地,1200M,1.10.49,70.49,24.4 22.6 23.4,連連有盈,蘇兆輝,,第3組,B,第3組 (蘇兆輝) 1200M 連連有盈 24.4 22.6 23.4 (1.10.49)
H087,25/11/2022,游水,沙田,,沙田,,,,,,,,游水,,
H087,25/11/2022,踱步,沙田,內圈,沙田 內圈,,,,,,助手,,快踱一圈,H,內圈 快踱一圈 (助手)
H087,24/11/2022,游水,沙田,,沙田,,,,,,,,游水,,
H087,24/11/2022,踱步,沙田,內圈,沙田 內圈,,,,,,助手,,倒快一圈,H,內圈 倒快一圈 (助手)
H087,23/11/2022,游水,沙田,,沙田,,,,,,,,游水,,
H087,23/11/2022,踱步,沙田,內圈,沙田 內圈,,,,,,助手,,快踱一圈,H,內圈 快踱一圈 (助手)
H087,22/11/2022,游水,沙田,,沙田,,,,,,,,游水,,
H087,22/11/2022,快操,沙田,全天候,沙田 全天候,,30.1,30.1,30.1,,副練馬師,,快操,H,30.1 (30.1) (副練馬師)
H087,22/11/2022,踱步,沙田,飛機場,沙田 飛機場,,,,,,副練馬師,,踱步,H,飛機場 踱步 (副練馬師)
H087,21/11/2022,游水,沙田,,沙田,,,,,,,,游水,,
H087,21/11/2022,踱步,沙田,內圈,沙田 內圈,,,,,,副練馬師,,倒快一圈,H,內圈 倒快一圈 (副練馬師)
H087,20/11/2022,游水,沙田,,沙田,,,,,,,,游水,,
H087,20/11/2022,踱步,沙田,內圈,沙田 內圈,,,,,,副練馬師,,快踱一圈,H,內圈 快踱一圈 (副練馬師)
H087,19/11/2022,游水,沙田,,沙田,,,,,,,,游水,,
H087,19/11/2022,踱步,沙田,內圈,沙田 內圈,,,,,,助手,,快踱一圈,H,內圈 快踱一圈 (助手)
H087,18/11/2022,游水,沙田,,沙田,,,,,,,,游水,,
H087,18/11/2022,快操,沙田,全天候,沙田 全天候,,57.9,57.9,31.5 26.4,,助手,,快操,H,31.5 26.4 (57.9) (助手)
H087,18/11/2022,踱步,沙田,飛機場,沙田 飛機場,,,,,,助手,,踱步,H,飛機場 踱步 (助手)
H087,17/11/2022,游水,沙田,,沙田,,,,,,,,游水,,
H087,17/11/2022,踱步,沙田,內圈,沙田 內圈,,,,,,副練馬師,,倒快一圈,,內圈 倒快一圈 (副練馬師)
H087,16/11/2022,游水,沙田,,沙田,,,,,,,,游水,,
H087,16/11/2022,踱步,沙田,內圈,沙田 內圈,,,,,,副練馬師,,快踱一圈,H,內圈 快踱一圈 (副練馬師)
H087,15/11/2022,游水,沙田,,沙田,,,,,,,,游水,,
H087,15/11/2022,踱步,沙田,內圈,沙田 內圈,,,,,,助手,,快踱一圈,H,內圈 快踱一圈 (助手)
H087,14/11/2022,游水,沙田,,沙田,,,,,,,,游水,,
H087,14/11/2022,快操,沙田,全天候,沙田 全天候,,57.9,57.9,31.3 26.6,,助手,,快操,H,31.3 26.6 (57.9) (助手)
H087,14/11/2022,踱步,沙田,飛機場,沙田 飛機場,,,,,,助手,,踱步,H,飛機場 踱步 (助手)
H087,13/11/2022,游水,沙田,,沙田,,,,,,,,游水,,
H087,13/11/2022,踱步,沙田,內圈,沙田 內圈,,,,,,助手,,快踱一圈,H,內圈 快踱一圈 (助手)
H087,12/11/2022,游水,沙田,,沙田,,,,,,,,游水,,
H087,12/11/2022,踱步,沙田,內圈,沙田 內圈,,,,,,助手,,快踱一圈,H,內圈 快踱一圈 (助手)
H087,11/11/2022,游水,沙田,,沙田,,,,,,,,游水,,
H087,11/11/2022,踱步,沙田,內圈,沙田 內圈,,,,,,助手,,快踱一圈,H,內圈 快踱一圈 (助手)
H087,10/11/2022,踱步,沙田,飛機場,沙田 飛機場,,,,,,助手,,踱步,H,飛機場 踱步 (助手)
H087,08/11/2022,試閘,沙田,草地,沙田 草地,1000M,0.58.15,58.15,14.0 21.4 22.7,當家猴王,蘇兆輝,,第1組,B,第1組 (蘇兆輝) 1000M 當家猴王 14.0 21.4 22.7 (0.58.15)
H087,07/11/2022,游水,沙田,,沙田,,,,,,,,游水,,
H087,07/11/2022,踱步,沙田,內圈,沙田 內圈,,,,,,副練馬師,,倒快一圈,H,內圈 倒快一圈 (副練馬師)
H087,06/11/2022,游水,沙田,,沙田,,,,,,,,游水,,
H087,06/11/2022,踱步,沙田,內圈,沙田 內圈,,,,,,助手,,快踱一圈,H,內圈 快踱一圈 (助手)
H087,05/11/2022,游水,沙田,,沙田,,,,,,,,游水,,
H087,05/11/2022,快操,沙田,全天候,沙田 全天候,,59.6,59.6,32.2 27.4,,助手,,特別美麗,H,32.2 27.4 (59.6) (助手) 特別美麗
H087,05/11/2022,踱步,沙田,飛機場,沙田 飛機場,,,,,,助手,,踱步,H,飛機場 踱步 (助手)
H087,04/11/2022,游水,沙田,,沙田,,,,,,,,游水,,
H087,04/11/2022,踱步,沙田,內圈,沙田 內圈,,,,,,助手,,快踱一圈,H,內圈 快踱一圈 (助手)
H087,03/11/2022,游水,沙田,,沙田,,,,,,,,游水,,
H087,03/11/2022,踱步,沙田,內圈,沙田 內圈,,,,,,副練馬師,,倒快一圈,H,內圈 倒快一圈 (副練馬師)
H087,02/11/2022,游水,沙田,,沙田,,,,,,,,游水,,
H087,02/11/2022,踱步,沙田,內圈,沙田 內圈,,,,,,助手,,快踱一圈,H,內圈 快踱一圈 (助手)
H087,01/11/2022,游水,沙田,,沙田,,,,,,,,游水,,
H087,01/11/2022,快操,沙田,全天候,沙田 全天候,,1.01.9,61.9,32.9 29.0,,副練馬師,,快操,H,32.9 29.0 (1.01.9) (副練馬師)
H087,01/11/2022,踱步,沙田,飛機場,沙田 飛機場,,,,,,副練馬師,,踱步,H,飛機場 踱步 (副練馬師)
H087,31/10/2022,游水,沙田,,沙田,,,,,,,,游水,,
H087,31/10/2022,踱步,沙田,內圈,沙田 內圈,,,,,,副練馬師,,倒快一圈,H,內圈 倒快一圈 (副練馬師)
H087,30/10/2022,游水,沙田,,沙田,,,,,,,,游水,,
H087,30/10/2022,踱步,沙田,內圈,沙田 內圈,,,,,,副練馬師,,快踱一圈,H,內圈 快踱一圈 (副練馬師)
H087,29/10/2022,游水,沙田,,沙田,,,,,,,,游水,,
H087,29/10/2022,踱步,沙田,內圈,沙田 內圈,,,,,,助手,,快踱一圈,H,內圈 快踱一圈 (助手)
H087,28/10/2022,游水,沙田,,沙田,,,,,,,,游水,,
H087,28/10/2022,快操,沙田,全天候,沙田 全天候,,57.9,57.9,32.5 25.4,,助手,,快操,H,32.5 25.4 (57.9) (助手)
H087,28/10/2022,踱步,沙田,飛機場,沙田 飛機場,,,,,,助手,,踱步,H,飛機場 踱步 (助手)
H087,27/10/2022,游水,沙田,,沙田,,,,,,,,游水,,
H087,27/10/2022,踱步,沙田,內圈,沙田 內圈,,,,,,助手,,倒快一圈,H,內圈 倒快一圈 (助手)
H087,26/10/2022,游水,沙田,,沙田,,,,,,,,游水,,
H087,26/10/2022,踱步,沙田,內圈,沙田 內圈,,,,,,副練馬師,,快踱一圈,H,內圈 快踱一圈 (副練馬師)
H087,25/10/2022,游水,沙田,,沙田,,,,,,,,游水,,
H087,25/10/2022,踱步,沙田,內圈,沙田 內圈,,,,,,副練馬師,,快踱一圈,H,內圈 快踱一圈 (副練馬師)
H087,24/10/2022,游水,沙田,,沙田,,,,,,,,游水,,
H087,24/10/2022,快操,沙田,全天候,沙田 全天候,,59.5,59.5,32.1 27.4,,助手,,快操,H,32.1 27.4 (59.5) (助手)
H087,24/10/2022,踱步,沙田,飛機場,沙田 飛機場,,,,,,助手,,踱步,H,飛機場 踱步 (助手)
H087,23/10/2022,游水,沙田,,沙田,,,,,,,,游水,,
H087,23/10/2022,踱步,沙田,內圈,沙田 內圈,,,,,,副練馬師,,快踱一圈,H,內圈 快踱一圈 (副練馬師)
H087,22/10/2022,游水,沙田,,沙田,,,,,,,,游水,,
H087,22/10/2022,踱步,沙田,內圈,沙田 內圈,,,,,,副練馬師,,快踱一圈,H,內圈 快踱一圈 (副練馬師)
H087,21/10/2022,游水,沙田,,沙田,,,,,,,,游水,,
H087,21/10/2022,踱步,沙田,內圈,沙田 內圈,,,,,,副練馬師,,快踱一圈,H,內圈 快踱一圈 (副練馬師)
H087,18/10/2022,試閘,沙田,全天候,沙田 全天候,1200M,1.09.97,69.97,23.9 22.3 23.7,王炸,潘頓,,第10組,B,第10組 (潘頓) 1200M 王炸 23.9 22.3 23.7 (1.09.97)
H087,17/10/2022,游水,沙田,,沙田,,,,,,,,游水,,
H087,17/10/2022,踱步,沙田,內圈,沙田 內圈,,,,,,副練馬師,,倒快一圈,H,內圈 倒快一圈 (副練馬師)
H087,16/10/2022,游水,沙田,,沙田,,,,,,,,游水,,
H087,16/10/2022,踱步,沙田,內圈,沙田 內圈,,,,,,助手,,快踱一圈,H,內圈 快踱一圈 (助手)
H087,15/10/2022,游水,沙田,,沙田,,,,,,,,游水,,
H087,15/10/2022,快操,沙田,全天候,沙田 全天候,,58.7,58.7,32.7 26.0,,助手,,快操,BH,32.7 26.0 (58.7) (助手)
H087,15/10/2022,踱步,沙田,飛機場,沙田 飛機場,,,,,,助手,,踱步,B,飛機場 踱步 (助手)
H087,14/10/2022,游水,沙田,,沙田,,,,,,,,游水,,
H087,14/10/2022,踱步,沙田,內圈,沙田 內圈,,,,,,副練馬師,,快踱一圈,H,內圈 快踱一圈 (副練馬師)
H087,13/10/2022,游水,沙田,,沙田,,,,,,,,游水,,
H087,13/10/2022,踱步,沙田,內圈,沙田 內圈,,,,,,助手,,倒快一圈,H,內圈 倒快一圈 (助手)
H087,12/10/2022,游水,沙田,,沙田,,,,,,,,游水,,
H087,12/10/2022,踱步,沙田,內圈,沙田 內圈,,,,,,助手,,快踱一圈,H,內圈 快踱一圈 (助手)
H087,11/10/2022,游水,沙田,,沙田,,,,,,,,游水,,
H087,10/10/2022,游水,沙田,,沙田,,,,,,,,游水,,
H087,10/10/2022,快操,沙田,草閘,沙田 草閘,,47.2,47.2,23.5 23.7,,潘頓,,"添濼意, 爽快",H,"23.5 23.7 (47.2) (潘頓) 添濼意, 爽快"
H087,10/10/2022,踱步,沙田,飛機場,沙田 飛機場,,,,,,助手,,踱步,H,飛機場 踱步 (助手)
H087,09/10/2022,游水,沙田,,沙田,,,,,,,,游水,,
H087,09/10/2022,踱步,沙田,內圈,沙田 內圈,,,,,,助手,,快踱一圈,H,內圈 快踱一圈 (助手)
H087,08/10/2022,游水,沙田,,沙田,,,,,,,,游水,,
H087,08/10/2022,踱步,沙田,內圈,沙田 內圈,,,,,,助手,,快踱一圈,H,內圈 快踱一圈 (助手)
H087,07/10/2022,游水,沙田,,沙田,,,,,,,,游水,,
H087,07/10/2022,快操,沙田,全天候,沙田 全天候,,58.1,58.1,31.2 26.9,,助手,,緣途有您,H,31.2 26.9 (58.1) (助手) 緣途有您
H087,07/10/2022,踱步,沙田,飛機場,沙田 飛機場,,,,,,助手,,踱步,H,飛機場 踱步 (助手)
H087,06/10/2022,游水,沙田,,沙田,,,,,,,,游水,,
H087,06/10/2022,踱步,沙田,內圈,沙田 內圈,,,,,,副練馬師,,倒快一圈,H,內圈 倒快一圈 (副練馬師)
H087,05/10/2022,游水,沙田,,沙田,,,,,,,,游水,,
H087,05/10/2022,踱步,沙田,內圈,沙田 內圈,,,,,,助手,,快踱一圈,H,內圈 快踱一圈 (助手)
H087,04/10/2022,游水,沙田,,沙田,,,,,,,,游水,,
H087,04/10/2022,快操,沙田,全天候,沙田 全天候,,59.1,59.1,32.1 27.0,,助手,,快操,H,32.1 27.0 (59.1) (助手)
H087,04/10/2022,踱步,沙田,飛機場,沙田 飛機場,,,,,,助手,,踱步,H,飛機場 踱步 (助手)
H087,03/10/2022,游水,沙田,,沙田,,,,,,,,游水,,
H087,03/10/2022,踱步,沙田,內圈,沙田 內圈,,,,,,助手,,倒快一圈,H,內圈 倒快一圈 (助手)
H087,02/10/2022,游水,沙田,,沙田,,,,,,,,游水,,
H087,02/10/2022,踱步,沙田,內圈,沙田 內圈,,,,,,助手,,快踱一圈,H,內圈 快踱一圈 (助手)
H087,01/10/2022,游水,沙田,,沙田,,,,,,,,游水,,
H087,01/10/2022,快操,沙田,全天候,沙田 全天候,,1.00.9,60.9,32.2 28.7,,助手,,快操,H,32.2 28.7 (1.00.9) (助手)
H087,01/10/2022,踱步,沙田,飛機場,沙田 飛機場,,,,,,助手,,踱步,H,飛機場 踱步 (助手)
H087,30/09/2022,游水,沙田,,沙田,,,,,,,,游水,,
H087,30/09/2022,踱步,沙田,內圈,沙田 內圈,,,,,,助手,,快踱一圈,H,內圈 快踱一圈 (助手)
H087,29/09/2022,游水,沙田,,沙田,,,,,,,,游水,,
H087,29/09/2022,踱步,沙田,內圈,沙田 內圈,,,,,,助手,,倒快一圈,H,內圈 倒快一圈 (助手)
H087,28/09/2022,游水,沙田,,沙田,,,,,,,,游水,,
H087,28/09/2022,踱步,沙田,內圈,沙田 內圈,,,,,,助手,,快踱一圈,H,內圈 快踱一圈 (助手)
H087,27/09/2022,游水,沙田,,沙田,,,,,,,,游水,,
H087,27/09/2022,快操,沙田,全天候,沙田 全天候,,58.8,58.8,32.3 26.5,,助手,,快操,H,32.3 26.5 (58.8) (助手)
H087,27/09/2022,踱步,沙田,飛機場,沙田 飛機場,,,,,,助手,,踱步,H,飛機場 踱步 (助手)
H087,26/09/2022,游水,沙田,,沙田,,,,,,,,游水,,
H087,26/09/2022,踱步,沙田,內圈,沙田 內圈,,,,,,助手,,倒快一圈,H,內圈 倒快一圈 (助手)
H087,25/09/2022,游水,沙田,,沙田,,,,,,,,游水,,
H087,24/09/2022,游水,沙田,,沙田,,,,,,,,游水,,
H087,24/09/2022,踱步,沙田,內圈,沙田 內圈,,,,,,助手,,快踱一圈,H,內圈 快踱一圈 (助手)
H087,23/09/2022,游水,沙田,,沙田,,,,,,,,游水,,
H087,23/09/2022,快操,沙田,全天候,沙田 全天候,,59.8,59.8,31.4 28.4,,助手,,快操,H,31.4 28.4 (59.8) (助手)
H087,23/09/2022,踱步,沙田,飛機場,沙田 飛機場,,,,,,助手,,踱步,H,飛機場 踱步 (助手)
H087,22/09/2022,游水,沙田,,沙田,,,,,,,,游水,,
H087,21/09/2022,游水,沙田,,沙田,,,,,,,,游水,,
H087,21/09/2022,踱步,沙田,內圈,沙田 內圈,,,,,,助手,,快踱一圈,H,內圈 快踱一圈 (助手)
H087,20/09/2022,游水,沙田,,沙田,,,,,,,,游水,,
H087,20/09/2022,踱步,沙田,內圈,沙田 內圈,,,,,,助手,,快踱一圈,H,內圈 快踱一圈 (助手)
H087,19/09/2022,游水,沙田,,沙田,,,,,,,,游水,,
H087,19/09/2022,快操,沙田,全天候,沙田 全天候,,1.00.9,60.9,33.3 27.6,,助手,,快操,H,33.3 27.6 (1.00.9) (助手)
H087,19/09/2022,踱步,沙田,飛機場,沙田 飛機場,,,,,,助手,,踱步,H,飛機場 踱步 (助手)
H087,18/09/2022,游水,沙田,,沙田,,,,,,,,游水,,
H087,18/09/2022,踱步,沙田,內圈,沙田 內圈,,,,,,助手,,快踱一圈,H,內圈 快踱一圈 (助手)
H087,17/09/2022,游水,沙田,,沙田,,,,,,,,游水,,
H087,17/09/2022,踱步,沙田,內圈,沙田 內圈,,,,,,助手,,快踱一圈,H,內圈 快踱一圈 (助手)
H087,16/09/2022,游水,沙田,,沙田,,,,,,,,游水,,
H087,16/09/2022,踱步,沙田,內圈,沙田 內圈,,,,,,助手,,快踱一圈,H,內圈 快踱一圈 (助手)
H087,15/09/2022,游水,沙田,,沙田,,,,,,,,游水,,
H087,15/09/2022,快操,沙田,全天候,沙田 全天候,,31.9,31.9,31.9,,助手,,快操,H,31.9 (31.9) (助手)
H087,15/09/2022,踱步,沙田,飛機場,沙田 飛機場,,,,,,助手,,踱步,H,飛機場 踱步 (助手)
H087,14/09/2022,游水,沙田,,沙田,,,,,,,,游水,,
H087,14/09/2022,踱步,沙田,內圈,沙田 內圈,,,,,,助手,,快踱一圈,H,內圈 快踱一圈 (助手)
H087,13/09/2022,游水,沙田,,沙田,,,,,,,,游水,,
H087,13/09/2022,踱步,沙田,內圈,沙田 內圈,,,,,,助手,,快踱一圈,H,內圈 快踱一圈 (助手)
H087,12/09/2022,游水,沙田,,沙田,,,,,,,,游水,,
H087,12/09/2022,踱步,沙田,內圈,沙田 內圈,,,,,,助手,,倒快一圈,,內圈 倒快一圈 (助手)
H087,11/09/2022,踱步,沙田,內圈,沙田 內圈,,,,,,助手,,快踱一圈,H,內圈 快踱一圈 (助手)
H087,10/09/2022,游水,沙田,,沙田,,,,,,,,游水,,
H087,10/09/2022,踱步,沙田,內圈,沙田 內圈,,,,,,助手,,快踱一圈,H,內圈 快踱一圈 (助手)
H087,09/09/2022,快操,沙田,全天候,沙田 全天候,,29.2,29.2,29.2,,助手,,快操,H,29.2 (29.2) (助手)
H087,09/09/2022,踱步,沙田,飛機場,沙田 飛機場,,,,,,助手,,踱步,H,飛機場 踱步 (助手)
H087,08/09/2022,踱步,沙田,內圈,沙田 內圈,,,,,,助手,,倒快一圈,H,內圈 倒快一圈 (助手)
H087,07/09/2022,踱步,沙田,內圈,沙田 內圈,,,,,,助手,,快踱一圈,H,內圈 快踱一圈 (助手)
H087,06/09/2022,踱步,沙田,內圈,沙田 內圈,,,,,,助手,,快踱一圈,H,內圈 快踱一圈 (助手)
H087,05/09/2022,踱步,沙田,內圈,沙田 內圈,,,,,,助手,,倒快一圈,H,內圈 倒快一圈 (助手)
H087,04/09/2022,踱步,沙田,內圈,沙田 內圈,,,,,,助手,,快踱一圈,H,內圈 快踱一圈 (助手)
H087,03/09/2022,踱步,沙田,內圈,沙田 內圈,,,,,,助手,,快踱一圈,H,內圈 快踱一圈 (助手)
H087,01/09/2022,踱步,沙田,飛機場,沙田 飛機場,,,,,,助手,,踱步,H,飛機場 踱步 (助手)
H087,31/08/2022,踱步,沙田,飛機場,沙田 飛機場,,,,,,助手,,踱步,H,飛機場 踱步 (助手)
