horse_no,date,work_type,racecourse,track,venue,distance,time,time_sec,splits,partner,rider,placing,comment,gear,workout_details
J135,09/09/2026,踱步,沙田,內圈,沙田 內圈,,,,,,助手,,快踱一圈,H,內圈 快踱一圈 (助手)
J135,08/09/2026,游水,沙田,,沙田,,,,,,,,游水,,
J135,08/09/2026,踱步,沙田,內圈,沙田 內圈,,,,,,助手,,快踱一圈,H,內圈 快踱一圈 (助手)
J135,07/09/2026,游水,沙田,,沙田,,,,,,,,游水,,
J135,07/09/2026,踱步,沙田,內圈,沙田 內圈,,,,,,助手,,倒快兩圈,H,內圈 倒快兩圈 (助手)
J135,06/09/2026,游水,沙田,,沙田,,,,,,,,游水,,
J135,06/09/2026,踱步,沙田,內圈,沙田 內圈,,,,,,助手,,快踱一圈,H,內圈 快踱一圈 (助手)
J135,05/09/2026,游水,沙田,,沙田,,,,,,,,游水,,
J135,05/09/2026,踱步,沙田,內圈,沙田 內圈,,,,,,助手,,快踱一圈,H,內圈 快踱一圈 (助手)
J135,04/09/2026,游水,沙田,,沙田,,,,,,,,游水,,
J135,03/09/2026,試閘,沙田,全天候,沙田 全天候,1200M,1.10.08,70.08,24.4 22.8 22.8,步風影,霍宏聲,,第5組,B,第5組 (霍宏聲) 1200M 步風影 24.4 22.8 22.8 (1.10.08)
J135,03/09/2026,踱步,沙田,飛機場,沙田 飛機場,,,,,,助手,,踱步,H,飛機場 踱步 (助手)
J135,02/09/2026,游水,沙田,,沙田,,,,,,,,游水,,
J135,02/09/2026,踱步,沙田,內圈,沙田 內圈,,,,,,助手,,快踱一圈,H,內圈 快踱一圈 (助手)
J135,01/09/2026,游水,沙田,,沙田,,,,,,,,游水,,
J135,01/09/2026,踱步,沙田,內圈,沙田 內圈,,,,,,助手,,快踱一圈,H,內圈 快踱一圈 (助手)
J135,31/08/2026,游水,沙田,,沙田,,,,,,,,游水,,
J135,31/08/2026,快操,沙田,全天候,沙田 全天候,,57.0,57.0,30.0 27.0,,助手,,文武全能,H,30.0 27.0 (57.0) (助手) 文武全能
J135,31/08/2026,踱步,沙田,飛機場,沙田 飛機場,,,,,,助手,,踱步,H,飛機場 踱步 (助手)
J135,30/08/2026,游水,沙田,,沙田,,,,,,,,游水,,
J135,30/08/2026,踱步,沙田,內圈,沙田 內圈,,,,,,助手,,快踱一圈,H,內圈 快踱一圈 (助手)
J135,29/08/2026,游水,沙田,,沙田,,,,,,,,游水,,
J135,29/08/2026,踱步,沙田,內圈,沙田 內圈,,,,,,助手,,快踱一圈,H,內圈 快踱一圈 (助手)
J135,28/08/2026,游水,沙田,,沙田,,,,,,,,游水,,
J135,28/08/2026,踱步,沙田,內圈,沙田 內圈,,,,,,助手,,快踱一圈,H,內圈 快踱一圈 (助手)
J135,27/08/2026,游水,沙田,,沙田,,,,,,,,游水,,
J135,27/08/2026,快操,沙田,全天候,沙田 全天候,,1.00.2,60.2,32.8 27.4,,助手,,快操,H,32.8 27.4 (1.00.2) (助手)
J135,27/08/2026,踱步,沙田,飛機場,沙田 飛機場,,,,,,助手,,踱步,H,飛機場 踱步 (助手)
J135,26/08/2026,游水,沙田,,沙田,,,,,,,,游水,,
J135,26/08/2026,踱步,沙田,內圈,沙田 內圈,,,,,,助手,,快踱一圈,H,內圈 快踱一圈 (助手)
J135,25/08/2026,游水,沙田,,沙田,,,,,,,,游水,,
J135,25/08/2026,踱步,沙田,內圈,沙田 內圈,,,,,,助手,,快踱一圈,H,內圈 快踱一圈 (助手)
J135,24/08/2026,游水,沙田,,沙田,,,,,,,,游水,,
J135,24/08/2026,快操,沙田,全天候,沙田 全天候,,59.5,59.5,32.1 27.4,,助手,,快操,H,32.1 27.4 (59.5) (助手)
J135,24/08/2026,踱步,沙田,飛機場,沙田 飛機場,,,,,,助手,,踱步,H,飛機場 踱步 (助手)
J135,23/08/2026,游水,沙田,,沙田,,,,,,,,游水,,
J135,22/08/2026,游水,沙田,,沙田,,,,,,,,游水,,
J135,22/08/2026,踱步,沙田,內圈,沙田 內圈,,,,,,助手,,快踱一圈,H,內圈 快踱一圈 (助手)
J135,21/08/2026,游水,沙田,,沙田,,,,,,,,游水,,
J135,21/08/2026,踱步,沙田,內圈,沙田 內圈,,,,,,助手,,快踱一圈,H,內圈 快踱一圈 (助手)
J135,20/08/2026,游水,沙田,,沙田,,,,,,,,游水,,
J135,20/08/2026,快操,沙田,全天候,沙田 全天候,,58.9,58.9,32.6 26.3,,助手,,快操,H,32.6 26.3 (58.9) (助手)
J135,20/08/2026,踱步,沙田,飛機場,沙田 飛機場,,,,,,助手,,踱步,H,飛機場 踱步 (助手)
J135,19/08/2026,游水,沙田,,沙田,,,,,,,,游水,,
J135,19/08/2026,踱步,沙田,內圈,沙田 內圈,,,,,,助手,,快踱一圈,H,內圈 快踱一圈 (助手)
J135,18/08/2026,游水,沙田,,沙田,,,,,,,,游水,,
J135,18/08/2026,踱步,沙田,內圈,沙田 內圈,,,,,,助手,,快踱一圈,H,內圈 快踱一圈 (助手)
J135,17/08/2026,游水,沙田,,沙田,,,,,,,,游水,,
J135,17/08/2026,快操,沙田,全天候,沙田 全天候,,56.4,56.4,30.8 25.6,,助手,,快操,H,30.8 25.6 (56.4) (助手)
J135,17/08/2026,踱步,沙田,飛機場,沙田 飛機場,,,,,,助手,,踱步,H,飛機場 踱步 (助手)
J135,16/08/2026,游水,沙田,,沙田,,,,,,,,游水,,
J135,15/08/2026,游水,沙田,,沙田,,,,,,,,游水,,
J135,15/08/2026,踱步,沙田,內圈,沙田 內圈,,,,,,助手,,快踱一圈,H,內圈 快踱一圈 (助手)
J135,14/08/2026,游水,沙田,,沙田,,,,,,,,游水,,
J135,14/08/2026,踱步,沙田,內圈,沙田 內圈,,,,,,助手,,快踱一圈,H,內圈 快踱一圈 (助手)
J135,13/08/2026,游水,沙田,,沙田,,,,,,,,游水,,
J135,13/08/2026,快操,沙田,全天候,沙田 全天候,,58.1,58.1,31.8 26.3,,助手,,快操,H,31.8 26.3 (58.1) (助手)
J135,13/08/2026,踱步,沙田,飛機場,沙田 飛機場,,,,,,助手,,踱步,H,飛機場 踱步 (助手)
J135,12/08/2026,游水,沙田,,沙田,,,,,,,,游水,,
J135,12/08/2026,踱步,沙田,內圈,沙田 內圈,,,,,,助手,,快踱一圈,H,內圈 快踱一圈 (助手)
J135,11/08/2026,游水,沙田,,沙田,,,,,,,,游水,,
J135,11/08/2026,踱步,沙田,內圈,沙田 內圈,,,,,,助手,,快踱一圈,H,內圈 快踱一圈 (助手)
J135,10/08/2026,游水,沙田,,沙田,,,,,,,,游水,,
J135,10/08/2026,快操,沙田,全天候,沙田 全天候,,58.7,58.7,31.6 27.1,,助手,,快操,H,31.6 27.1 (58.7) (助手)
J135,10/08/2026,踱步,沙田,飛機場,沙田 飛機場,,,,,,助手,,踱步,H,飛機場 踱步 (助手)
J135,09/08/2026,游水,沙田,,沙田,,,,,,,,游水,,
J135,09/08/2026,踱步,沙田,內圈,沙田 內圈,,,,,,助手,,快踱一圈,H,內圈 快踱一圈 (助手)
J135,08/08/2026,游水,沙田,,沙田,,,,,,,,游水,,
J135,08/08/2026,踱步,沙田,內圈,沙田 內圈,,,,,,助手,,快踱一圈,,內圈 快踱一圈 (助手)
J135,07/08/2026,游水,沙田,,沙田,,,,,,,,游水,,
J135,07/08/2026,踱步,沙田,內圈,沙田 內圈,,,,,,助手,,快踱一圈,,內圈 快踱一圈 (助手)
J135,06/08/2026,快操,沙田,全天候,沙田 全天候,,31.6,31.6,31.6,,助手,,快操,H,31.6 (31.6) (助手)
J135,06/08/2026,踱步,沙田,飛機場,沙田 飛機場,,,,,,助手,,踱步,H,飛機場 踱步 (助手)
J135,05/08/2026,踱步,沙田,內圈,沙田 內圈,,,,,,助手,,快踱一圈,,內圈 快踱一圈 (助手)
J135,04/08/2026,踱步,沙田,內圈,沙田 內圈,,,,,,助手,,快踱一圈,,內圈 快踱一圈 (助手)
J135,03/08/2026,踱步,沙田,外圈,沙田 外圈,,,,,,助手,,快踱一圈,H,外圈 快踱一圈 (助手)
J135,02/08/2026,踱步,沙田,內圈,沙田 內圈,,,,,,助手,,快踱一圈,,內圈 快踱一圈 (助手)
J135,01/08/2026,踱步,沙田,內圈,沙田 內圈,,,,,,助手,,快踱一圈,,內圈 快踱一圈 (助手)
J135,31/07/2026,踱步,沙田,內圈,沙田 內圈,,,,,,助手,,快踱一圈,,內圈 快踱一圈 (助手)
J135,30/07/2026,踱步,沙田,飛機場,沙田 飛機場,,,,,,助手,,踱步,,飛機場 踱步 (助手)
J135,29/07/2026,踱步,沙田,飛機場,沙田 飛機場,,,,,,助手,,踱步,,飛機場 踱步 (助手)
J135,28/07/2026,踱步,沙田,飛機場,沙田 飛機場,,,,,,助手,,踱步,,飛機場 踱步 (助手)
J135,27/07/2026,踱步,沙田,飛機場,沙田 飛機場,,,,,,助手,,踱步,,飛機場 踱步 (助手)
J135,25/07/2026,踱步,沙田,飛機場,沙田 飛機場,,,,,,助手,,踱步,,飛機場 踱步 (助手)
J135,24/07/2026,踱步,沙田,飛機場,沙田 飛機場,,,,,,助手,,踱步,,飛機場 踱步 (助手)
J135,23/07/2026,踱步,沙田,飛機場,沙田 飛機場,,,,,,助手,,踱步,,飛機場 踱步 (助手)
J135,09/07/2026,游水,沙田,,沙田,,,,,,,,游水,,
J135,09/07/2026,踱步,沙田,內圈,沙田 內圈,,,,,,助手,,倒快兩圈,H,內圈 倒快兩圈 (助手)
J135,08/07/2026,游水,沙田,,沙田,,,,,,,,游水,,
J135,08/07/2026,踱步,沙田,內圈,沙田 內圈,,,,,,助手,,快踱一圈,H,內圈 快踱一圈 (助手)
J135,07/07/2026,游水,沙田,,沙田,,,,,,,,游水,,
J135,07/07/2026,踱步,沙田,內圈,沙田 內圈,,,,,,助手,,快踱一圈,H,內圈 快踱一圈 (助手)
J135,06/07/2026,游水,沙田,,沙田,,,,,,,,游水,,
J135,06/07/2026,快操,沙田,草閘,沙田 草閘,,51.6,51.6,27.7 23.9,,助手,,閃光燈,B,27.7 23.9 (51.6) (助手) 閃光燈
J135,06/07/2026,踱步,沙田,飛機場,沙田 飛機場,,,,,,助手,,踱步,B,飛機場 踱步 (助手)
J135,05/07/2026,游水,沙田,,沙田,,,,,,,,游水,,
J135,05/07/2026,踱步,沙田,內圈,沙田 內圈,,,,,,助手,,快踱一圈,H,內圈 快踱一圈 (助手)
J135,04/07/2026,游水,沙田,,沙田,,,,,,,,游水,,
J135,04/07/2026,踱步,沙田,內圈,沙田 內圈,,,,,,助手,,快踱一圈,H,內圈 快踱一圈 (助手)
J135,03/07/2026,游水,沙田,,沙田,,,,,,,,游水,,
J135,03/07/2026,踱步,沙田,內圈,沙田 內圈,,,,,,助手,,快踱一圈,H,內圈 快踱一圈 (助手)
J135,02/07/2026,游水,沙田,,沙田,,,,,,,,游水,,
J135,02/07/2026,踱步,沙田,內圈,沙田 內圈,,,,,,助手,,倒快兩圈,H,內圈 倒快兩圈 (助手)
J135,01/07/2026,游水,沙田,,沙田,,,,,,,,游水,,
J135,01/07/2026,快操,沙田,全天候,沙田 全天候,,55.4,55.4,30.0 25.4,,助手,,友得盈,H,30.0 25.4 (55.4) (助手) 友得盈
J135,01/07/2026,踱步,沙田,飛機場,沙田 飛機場,,,,,,助手,,踱步,H,飛機場 踱步 (助手)
J135,30/06/2026,游水,沙田,,沙田,,,,,,,,游水,,
J135,30/06/2026,踱步,沙田,內圈,沙田 內圈,,,,,,助手,,快踱一圈,H,內圈 快踱一圈 (助手)
J135,29/06/2026,游水,沙田,,沙田,,,,,,,,游水,,
J135,29/06/2026,踱步,沙田,內圈,沙田 內圈,,,,,,助手,,倒快兩圈,H,內圈 倒快兩圈 (助手)
J135,28/06/2026,游水,沙田,,沙田,,,,,,,,游水,,
J135,27/06/2026,游水,沙田,,沙田,,,,,,,,游水,,
J135,27/06/2026,踱步,沙田,內圈,沙田 內圈,,,,,,助手,,快踱一圈,H,內圈 快踱一圈 (助手)
J135,26/06/2026,馬匹跑步機,沙田,,沙田,,,,,,上斜,,馬匹跑步機 - 快操,,馬匹跑步機 - 快操 （上斜）
J135,26/06/2026,游水,沙田,,沙田,,,,,,,,游水,,
J135,25/06/2026,游水,沙田,,沙田,,,,,,,,游水,,
J135,25/06/2026,踱步,沙田,內圈,沙田 內圈,,,,,,助手,,倒快一圈,H,內圈 倒快一圈 (助手)
J135,24/06/2026,游水,沙田,,沙田,,,,,,,,游水,,
J135,24/06/2026,踱步,沙田,內圈,沙田 內圈,,,,,,助手,,快踱一圈,H,內圈 快踱一圈 (助手)
J135,23/06/2026,游水,沙田,,沙田,,,,,,,,游水,,
J135,23/06/2026,踱步,沙田,內圈,沙田 內圈,,,,,,助手,,快踱一圈,H,內圈 快踱一圈 (助手)
J135,22/06/2026,游水,沙田,,沙田,,,,,,,,游水,,
J135,22/06/2026,踱步,沙田,彭福公園,沙田 彭福公園,,,,,,助手,,踱步,H,彭福公園 踱步 (助手)
J135,21/06/2026,游水,沙田,,沙田,,,,,,,,游水,,
J135,20/06/2026,游水,沙田,,沙田,,,,,,,,游水,,
J135,20/06/2026,踱步,沙田,內圈,沙田 內圈,,,,,,助手,,快踱一圈,H,內圈 快踱一圈 (助手)
J135,19/06/2026,游水,沙田,,沙田,,,,,,,,游水,,
J135,19/06/2026,快操,沙田,全天候,沙田 全天候,,1.00.2,60.2,32.3 27.9,,助手,,快操,H,32.3 27.9 (1.00.2) (助手)
J135,19/06/2026,踱步,沙田,飛機場,沙田 飛機場,,,,,,助手,,踱步,H,飛機場 踱步 (助手)
J135,18/06/2026,踱步,沙田,內圈,沙田 內圈,,,,,,助手,,倒快兩圈,H,內圈 倒快兩圈 (助手)
J135,17/06/2026,游水,沙田,,沙田,,,,,,,,游水,,
J135,17/06/2026,踱步,沙田,內圈,沙田 內圈,,,,,,助手,,快踱一圈,H,內圈 快踱一圈 (助手)
J135,16/06/2026,游水,沙田,,沙田,,,,,,,,游水,,
J135,16/06/2026,踱步,沙田,內圈,沙田 內圈,,,,,,助手,,快踱一圈,H,內圈 快踱一圈 (助手)
J135,15/06/2026,馬匹跑步機,沙田,,沙田,,,,,,上斜,,馬匹跑步機 - 踱步,,馬匹跑步機 - 踱步 （上斜）
J135,15/06/2026,游水,沙田,,沙田,,,,,,,,游水,,
J135,14/06/2026,馬匹跑步機,沙田,,沙田,,,,,,上斜,,馬匹跑步機 - 踱步,,馬匹跑步機 - 踱步 （上斜）
J135,14/06/2026,游水,沙田,,沙田,,,,,,,,游水,,
J135,13/06/2026,游水,沙田,,沙田,,,,,,,,游水,,
J135,11/06/2026,游水,沙田,,沙田,,,,,,,,游水,,
J135,10/06/2026,出賽,跑馬地,草地,跑馬地 草地,1650M,,,,,楊明綸,8/10,出賽,CP-/B2/TT,1650M (楊明綸) (8/10)
J135,10/06/2026,踱步,沙田,飛機場,沙田 飛機場,,,,,,助手,,踱步,H,飛機場 踱步 (助手)
J135,09/06/2026,游水,沙田,,沙田,,,,,,,,游水,,
J135,09/06/2026,踱步,沙田,內圈,沙田 內圈,,,,,,助手,,快踱一圈,H,內圈 快踱一圈 (助手)
J135,08/06/2026,游水,沙田,,沙田,,,,,,,,游水,,
J135,08/06/2026,踱步,沙田,內圈,沙田 內圈,,,,,,助手,,倒快兩圈,H,內圈 倒快兩圈 (助手)
J135,07/06/2026,游水,沙田,,沙田,,,,,,,,游水,,
J135,06/06/2026,游水,沙田,,沙田,,,,,,,,游水,,
J135,06/06/2026,快操,沙田,全天候,沙田 全天候,,52.5,52.5,29.0 23.5,,楊明綸,,勁爽,B,29.0 23.5 (52.5) (楊明綸) 勁爽
J135,06/06/2026,踱步,沙田,飛機場,沙田 飛機場,,,,,,助手,,踱步,B,飛機場 踱步 (助手)
J135,05/06/2026,馬匹跑步機,沙田,,沙田,,,,,,上斜,,馬匹跑步機 - 慢跑,,馬匹跑步機 - 慢跑 （上斜）
J135,05/06/2026,游水,沙田,,沙田,,,,,,,,游水,,
J135,05/06/2026,踱步,沙田,內圈,沙田 內圈,,,,,,助手,,快踱一圈,H,內圈 快踱一圈 (助手)
J135,04/06/2026,馬匹跑步機,沙田,,沙田,,,,,,上斜,,馬匹跑步機 - 慢跑,,馬匹跑步機 - 慢跑 （上斜）
J135,04/06/2026,游水,沙田,,沙田,,,,,,,,游水,,
J135,04/06/2026,踱步,沙田,內圈,沙田 內圈,,,,,,助手,,倒快兩圈,H,內圈 倒快兩圈 (助手)
J135,03/06/2026,游水,沙田,,沙田,,,,,,,,游水,,
J135,03/06/2026,踱步,沙田,內圈,沙田 內圈,,,,,,助手,,快踱一圈,H,內圈 快踱一圈 (助手)
J135,02/06/2026,游水,沙田,,沙田,,,,,,,,游水,,
J135,02/06/2026,快操,沙田,全天候,沙田 全天候,,52.5,52.5,29.2 23.3,,助手,,君達得,B,29.2 23.3 (52.5) (助手) 君達得
J135,02/06/2026,踱步,沙田,飛機場,沙田 飛機場,,,,,,助手,,踱步,B,飛機場 踱步 (助手)
J135,01/06/2026,馬匹跑步機,沙田,,沙田,,,,,,上斜,,馬匹跑步機 - 慢跑,,馬匹跑步機 - 慢跑 （上斜）
J135,01/06/2026,游水,沙田,,沙田,,,,,,,,游水,,
J135,01/06/2026,踱步,沙田,內圈,沙田 內圈,,,,,,助手,,倒快兩圈,H,內圈 倒快兩圈 (助手)
J135,31/05/2026,游水,沙田,,沙田,,,,,,,,游水,,
J135,31/05/2026,踱步,沙田,內圈,沙田 內圈,,,,,,助手,,快踱一圈,H,內圈 快踱一圈 (助手)
J135,30/05/2026,馬匹跑步機,沙田,,沙田,,,,,,上斜,,馬匹跑步機 - 慢跑,,馬匹跑步機 - 慢跑 （上斜）
J135,30/05/2026,游水,沙田,,沙田,,,,,,,,游水,,
J135,30/05/2026,踱步,沙田,內圈,沙田 內圈,,,,,,助手,,快踱一圈,H,內圈 快踱一圈 (助手)
J135,29/05/2026,游水,沙田,,沙田,,,,,,,,游水,,
J135,29/05/2026,快操,沙田,全天候,沙田 全天候,,55.9,55.9,30.5 25.4,,助手,,快操,B,30.5 25.4 (55.9) (助手)
J135,29/05/2026,踱步,沙田,飛機場,沙田 飛機場,,,,,,助手,,踱步,B,飛機場 踱步 (助手)
J135,28/05/2026,馬匹跑步機,沙田,,沙田,,,,,,上斜,,馬匹跑步機 - 踱步,,馬匹跑步機 - 踱步 （上斜）
J135,28/05/2026,游水,沙田,,沙田,,,,,,,,游水,,
J135,28/05/2026,踱步,沙田,內圈,沙田 內圈,,,,,,助手,,倒快兩圈,H,內圈 倒快兩圈 (助手)
J135,27/05/2026,游水,沙田,,沙田,,,,,,,,游水,,
J135,27/05/2026,踱步,沙田,內圈,沙田 內圈,,,,,,助手,,快踱一圈,H,內圈 快踱一圈 (助手)
J135,26/05/2026,游水,沙田,,沙田,,,,,,,,游水,,
J135,26/05/2026,踱步,沙田,內圈,沙田 內圈,,,,,,助手,,快踱一圈,H,內圈 快踱一圈 (助手)
J135,25/05/2026,游水,沙田,,沙田,,,,,,,,游水,,
J135,25/05/2026,踱步,沙田,內圈,沙田 內圈,,,,,,助手,,倒快一圈,H,內圈 倒快一圈 (助手)
J135,24/05/2026,游水,沙田,,沙田,,,,,,,,游水,,
J135,24/05/2026,踱步,沙田,飛機場,沙田 飛機場,,,,,,助手,,踱步,H,飛機場 踱步 (助手)
J135,22/05/2026,試閘,沙田,全天候,沙田 全天候,1200M,1.12.21,72.21,24.9 22.8 24.5,嘉應光彩,楊明綸,,第3組,B,第3組 (楊明綸) 1200M 嘉應光彩 24.9 22.8 24.5 (1.12.21)
J135,22/05/2026,踱步,沙田,飛機場,沙田 飛機場,,,,,,助手,,踱步,B/H/P,飛機場 踱步 (助手)
J135,21/05/2026,游水,沙田,,沙田,,,,,,,,游水,,
J135,21/05/2026,踱步,沙田,內圈,沙田 內圈,,,,,,助手,,倒快兩圈,H,內圈 倒快兩圈 (助手)
J135,20/05/2026,游水,沙田,,沙田,,,,,,,,游水,,
J135,20/05/2026,踱步,沙田,內圈,沙田 內圈,,,,,,助手,,快踱一圈,H,內圈 快踱一圈 (助手)
J135,19/05/2026,游水,沙田,,沙田,,,,,,,,游水,,
J135,19/05/2026,踱步,沙田,內圈,沙田 內圈,,,,,,助手,,快踱一圈,H,內圈 快踱一圈 (助手)
J135,18/05/2026,游水,沙田,,沙田,,,,,,,,游水,,
J135,18/05/2026,踱步,沙田,內圈,沙田 內圈,,,,,,助手,,倒快兩圈,H,內圈 倒快兩圈 (助手)
J135,17/05/2026,快操,沙田,全天候,沙田 全天候,,52.2,52.2,28.6 23.6,,助手,,快操,B,28.6 23.6 (52.2) (助手)
J135,17/05/2026,踱步,沙田,飛機場,沙田 飛機場,,,,,,助手,,踱步,B,飛機場 踱步 (助手)
J135,16/05/2026,馬匹跑步機,沙田,,沙田,,,,,,上斜,,馬匹跑步機 - 慢跑,,馬匹跑步機 - 慢跑 （上斜）
J135,16/05/2026,游水,沙田,,沙田,,,,,,,,游水,,
J135,15/05/2026,游水,沙田,,沙田,,,,,,,,游水,,
J135,15/05/2026,踱步,沙田,內圈,沙田 內圈,,,,,,助手,,快踱一圈,H,內圈 快踱一圈 (助手)
J135,14/05/2026,游水,沙田,,沙田,,,,,,,,游水,,
J135,14/05/2026,踱步,沙田,內圈,沙田 內圈,,,,,,助手,,倒快兩圈,H,內圈 倒快兩圈 (助手)
J135,13/05/2026,游水,沙田,,沙田,,,,,,,,游水,,
J135,13/05/2026,快操,沙田,全天候,沙田 全天候,,52.0,52.0,28.9 23.1,,助手,,發財金戈,B,28.9 23.1 (52.0) (助手) 發財金戈
J135,13/05/2026,踱步,沙田,飛機場,沙田 飛機場,,,,,,助手,,踱步,B,飛機場 踱步 (助手)
J135,12/05/2026,游水,沙田,,沙田,,,,,,,,游水,,
J135,12/05/2026,踱步,沙田,內圈,沙田 內圈,,,,,,助手,,快踱一圈,H,內圈 快踱一圈 (助手)
J135,11/05/2026,游水,沙田,,沙田,,,,,,,,游水,,
J135,11/05/2026,踱步,沙田,內圈,沙田 內圈,,,,,,助手,,倒快兩圈,H,內圈 倒快兩圈 (助手)
J135,10/05/2026,游水,沙田,,沙田,,,,,,,,游水,,
J135,10/05/2026,踱步,沙田,內圈,沙田 內圈,,,,,,助手,,快踱一圈,H,內圈 快踱一圈 (助手)
J135,09/05/2026,游水,沙田,,沙田,,,,,,,,游水,,
J135,09/05/2026,快操,沙田,全天候,沙田 全天候,,51.3,51.3,28.0 23.3,,助手,,一風雲,B,28.0 23.3 (51.3) (助手) 一風雲
J135,09/05/2026,踱步,沙田,飛機場,沙田 飛機場,,,,,,助手,,踱步,B,飛機場 踱步 (助手)
J135,08/05/2026,游水,沙田,,沙田,,,,,,,,游水,,
J135,08/05/2026,踱步,沙田,內圈,沙田 內圈,,,,,,助手,,快踱一圈,H,內圈 快踱一圈 (助手)
J135,07/05/2026,馬匹跑步機,沙田,,沙田,,,,,,上斜,,馬匹跑步機 - 慢跑,,馬匹跑步機 - 慢跑 （上斜）
J135,07/05/2026,游水,沙田,,沙田,,,,,,,,游水,,
J135,07/05/2026,踱步,沙田,內圈,沙田 內圈,,,,,,助手,,倒快兩圈,H,內圈 倒快兩圈 (助手)
J135,06/05/2026,游水,沙田,,沙田,,,,,,,,游水,,
J135,06/05/2026,踱步,沙田,內圈,沙田 內圈,,,,,,助手,,快踱一圈,H,內圈 快踱一圈 (助手)
J135,05/05/2026,游水,沙田,,沙田,,,,,,,,游水,,
J135,05/05/2026,快操,沙田,全天候,沙田 全天候,,55.6,55.6,30.5 25.1,,助手,,快操,B,30.5 25.1 (55.6) (助手)
J135,05/05/2026,踱步,沙田,飛機場,沙田 飛機場,,,,,,助手,,踱步,B,飛機場 踱步 (助手)
J135,04/05/2026,游水,沙田,,沙田,,,,,,,,游水,,
J135,04/05/2026,踱步,沙田,內圈,沙田 內圈,,,,,,助手,,倒快兩圈,H,內圈 倒快兩圈 (助手)
J135,03/05/2026,游水,沙田,,沙田,,,,,,,,游水,,
J135,02/05/2026,游水,沙田,,沙田,,,,,,,,游水,,
J135,02/05/2026,踱步,沙田,內圈,沙田 內圈,,,,,,助手,,快踱一圈,H,內圈 快踱一圈 (助手)
J135,01/05/2026,游水,沙田,,沙田,,,,,,,,游水,,
J135,01/05/2026,快操,沙田,全天候,沙田 全天候,,59.9,59.9,32.4 27.5,,助手,,快操,H,32.4 27.5 (59.9) (助手)
J135,01/05/2026,踱步,沙田,飛機場,沙田 飛機場,,,,,,助手,,踱步,H,飛機場 踱步 (助手)
J135,30/04/2026,游水,沙田,,沙田,,,,,,,,游水,,
J135,30/04/2026,踱步,沙田,內圈,沙田 內圈,,,,,,助手,,倒快兩圈,H,內圈 倒快兩圈 (助手)
J135,29/04/2026,游水,沙田,,沙田,,,,,,,,游水,,
J135,29/04/2026,踱步,沙田,內圈,沙田 內圈,,,,,,助手,,快踱一圈,H,內圈 快踱一圈 (助手)
J135,28/04/2026,游水,沙田,,沙田,,,,,,,,游水,,
J135,28/04/2026,踱步,沙田,內圈,沙田 內圈,,,,,,助手,,快踱一圈,H,內圈 快踱一圈 (助手)
J135,27/04/2026,游水,沙田,,沙田,,,,,,,,游水,,
J135,27/04/2026,踱步,沙田,內圈,沙田 內圈,,,,,,助手,,倒快一圈,H,內圈 倒快一圈 (助手)
J135,26/04/2026,游水,沙田,,沙田,,,,,,,,游水,,
J135,26/04/2026,踱步,沙田,飛機場,沙田 飛機場,,,,,,助手,,踱步,H,飛機場 踱步 (助手)
J135,25/04/2026,游水,沙田,,沙田,,,,,,,,游水,,
J135,22/04/2026,出賽,跑馬地,草地,跑馬地 草地,1650M,,,,,鍾易禮,12/12,出賽,B-/CP1/TT,1650M (鍾易禮) (12/12)
J135,22/04/2026,踱步,沙田,飛機場,沙田 飛機場,,,,,,助手,,踱步,H,飛機場 踱步 (助手)
J135,21/04/2026,游水,沙田,,沙田,,,,,,,,游水,,
J135,21/04/2026,踱步,沙田,內圈,沙田 內圈,,,,,,助手,,快踱一圈,H,內圈 快踱一圈 (助手)
J135,20/04/2026,游水,沙田,,沙田,,,,,,,,游水,,
J135,20/04/2026,踱步,沙田,內圈,沙田 內圈,,,,,,助手,,倒快兩圈,H,內圈 倒快兩圈 (助手)
J135,19/04/2026,游水,沙田,,沙田,,,,,,,,游水,,
J135,19/04/2026,快操,沙田,全天候,沙田 全天候,,57.1,57.1,31.1 26.0,,助手,,快操,H,31.1 26.0 (57.1) (助手)
J135,19/04/2026,踱步,沙田,飛機場,沙田 飛機場,,,,,,助手,,踱步,H,飛機場 踱步 (助手)
J135,18/04/2026,游水,沙田,,沙田,,,,,,,,游水,,
J135,18/04/2026,踱步,沙田,內圈,沙田 內圈,,,,,,助手,,快踱兩圈,H,內圈 快踱兩圈 (助手)
J135,17/04/2026,馬匹跑步機,沙田,,沙田,,,,,,上斜,,馬匹跑步機 - 慢跑,,馬匹跑步機 - 慢跑 （上斜）
J135,17/04/2026,游水,沙田,,沙田,,,,,,,,游水,,
J135,16/04/2026,游水,沙田,,沙田,,,,,,,,游水,,
J135,16/04/2026,快操,沙田,全天候,沙田 全天候,,59.5,59.5,32.8 26.7,,助手,,前衛火影,H,32.8 26.7 (59.5) (助手) 前衛火影
J135,16/04/2026,踱步,沙田,飛機場,沙田 飛機場,,,,,,助手,,踱步,H,飛機場 踱步 (助手)
J135,15/04/2026,馬匹跑步機,沙田,,沙田,,,,,,上斜,,馬匹跑步機 - 慢跑,,馬匹跑步機 - 慢跑 （上斜）
J135,15/04/2026,游水,沙田,,沙田,,,,,,,,游水,,
J135,15/04/2026,踱步,沙田,內圈,沙田 內圈,,,,,,助手,,快踱一圈,H,內圈 快踱一圈 (助手)
J135,14/04/2026,游水,沙田,,沙田,,,,,,,,游水,,
J135,14/04/2026,踱步,沙田,內圈,沙田 內圈,,,,,,助手,,快踱一圈,H,內圈 快踱一圈 (助手)
J135,13/04/2026,馬匹跑步機,沙田,,沙田,,,,,,上斜,,馬匹跑步機 - 踱步,,馬匹跑步機 - 踱步 （上斜）
J135,13/04/2026,游水,沙田,,沙田,,,,,,,,游水,,
J135,13/04/2026,踱步,沙田,飛機場,沙田 飛機場,,,,,,助手,,踱步,H,飛機場 踱步 (助手)
J135,13/04/2026,踱步,沙田,彭福公園,沙田 彭福公園,,,,,,助手,,踱步,H,彭福公園 踱步 (助手)
J135,12/04/2026,游水,沙田,,沙田,,,,,,,,游水,,
J135,12/04/2026,快操,沙田,全天候,沙田 全天候,,53.7,53.7,29.0 24.7,,助手,,前衛火影,CP,29.0 24.7 (53.7) (助手) 前衛火影
J135,12/04/2026,踱步,沙田,飛機場,沙田 飛機場,,,,,,助手,,踱步,CP,飛機場 踱步 (助手)
J135,11/04/2026,游水,沙田,,沙田,,,,,,,,游水,,
J135,11/04/2026,踱步,沙田,內圈,沙田 內圈,,,,,,助手,,快踱一圈,H,內圈 快踱一圈 (助手)
J135,10/04/2026,游水,沙田,,沙田,,,,,,,,游水,,
J135,10/04/2026,踱步,沙田,內圈,沙田 內圈,,,,,,助手,,快踱一圈,H,內圈 快踱一圈 (助手)
J135,09/04/2026,馬匹跑步機,沙田,,沙田,,,,,,上斜,,馬匹跑步機 - 慢跑,,馬匹跑步機 - 慢跑 （上斜）
J135,09/04/2026,游水,沙田,,沙田,,,,,,,,游水,,
J135,09/04/2026,踱步,沙田,內圈,沙田 內圈,,,,,,助手,,倒快兩圈,H,內圈 倒快兩圈 (助手)
J135,08/04/2026,游水,沙田,,沙田,,,,,,,,游水,,
J135,08/04/2026,快操,沙田,全天候,沙田 全天候,,53.9,53.9,29.1 24.8,,助手,,快操,CP,29.1 24.8 (53.9) (助手)
J135,08/04/2026,踱步,沙田,飛機場,沙田 飛機場,,,,,,助手,,踱步,CP,飛機場 踱步 (助手)
J135,07/04/2026,游水,沙田,,沙田,,,,,,,,游水,,
J135,07/04/2026,踱步,沙田,內圈,沙田 內圈,,,,,,副練馬師,,快踱一圈,H,內圈 快踱一圈 (副練馬師)
J135,06/04/2026,游水,沙田,,沙田,,,,,,,,游水,,
J135,05/04/2026,馬匹跑步機,沙田,,沙田,,,,,,上斜,,馬匹跑步機 - 慢跑,,馬匹跑步機 - 慢跑 （上斜）
J135,05/04/2026,游水,沙田,,沙田,,,,,,,,游水,,
J135,05/04/2026,踱步,沙田,內圈,沙田 內圈,,,,,,助手,,快踱一圈,H,內圈 快踱一圈 (助手)
J135,04/04/2026,游水,沙田,,沙田,,,,,,,,游水,,
J135,04/04/2026,快操,沙田,全天候,沙田 全天候,,54.9,54.9,29.7 25.2,,助手,,快操,H,29.7 25.2 (54.9) (助手)
J135,04/04/2026,踱步,沙田,飛機場,沙田 飛機場,,,,,,助手,,踱步,H,飛機場 踱步 (助手)
J135,03/04/2026,馬匹跑步機,沙田,,沙田,,,,,,上斜,,馬匹跑步機 - 慢跑,,馬匹跑步機 - 慢跑 （上斜）
J135,03/04/2026,游水,沙田,,沙田,,,,,,,,游水,,
J135,03/04/2026,踱步,沙田,內圈,沙田 內圈,,,,,,助手,,快踱一圈,H,內圈 快踱一圈 (助手)
J135,02/04/2026,馬匹跑步機,沙田,,沙田,,,,,,上斜,,馬匹跑步機 - 慢跑,,馬匹跑步機 - 慢跑 （上斜）
J135,02/04/2026,踱步,沙田,內圈,沙田 內圈,,,,,,助手,,倒快兩圈,H,內圈 倒快兩圈 (助手)
J135,01/04/2026,游水,沙田,,沙田,,,,,,,,游水,,
J135,01/04/2026,踱步,沙田,內圈,沙田 內圈,,,,,,助手,,快踱一圈,H,內圈 快踱一圈 (助手)
J135,31/03/2026,游水,沙田,,沙田,,,,,,,,游水,,
J135,31/03/2026,快操,沙田,全天候,沙田 全天候,,56.2,56.2,30.9 25.3,,助手,,快操,H,30.9 25.3 (56.2) (助手)
J135,31/03/2026,踱步,沙田,飛機場,沙田 飛機場,,,,,,助手,,踱步,H,飛機場 踱步 (助手)
J135,30/03/2026,馬匹跑步機,沙田,,沙田,,,,,,上斜,,馬匹跑步機 - 慢跑,,馬匹跑步機 - 慢跑 （上斜）
J135,30/03/2026,踱步,沙田,內圈,沙田 內圈,,,,,,助手,,倒快兩圈,H,內圈 倒快兩圈 (助手)
J135,29/03/2026,踱步,沙田,內圈,沙田 內圈,,,,,,助手,,快踱一圈,H,內圈 快踱一圈 (助手)
J135,28/03/2026,游水,沙田,,沙田,,,,,,,,游水,,
J135,28/03/2026,踱步,沙田,內圈,沙田 內圈,,,,,,助手,,快踱一圈,H,內圈 快踱一圈 (助手)
J135,27/03/2026,馬匹跑步機,沙田,,沙田,,,,,,上斜,,馬匹跑步機 - 快操,,馬匹跑步機 - 快操 （上斜）
J135,27/03/2026,游水,沙田,,沙田,,,,,,,,游水,,
J135,26/03/2026,游水,沙田,,沙田,,,,,,,,游水,,
J135,26/03/2026,踱步,沙田,內圈,沙田 內圈,,,,,,助手,,倒快兩圈,H,內圈 倒快兩圈 (助手)
J135,25/03/2026,馬匹跑步機,沙田,,沙田,,,,,,上斜,,馬匹跑步機 - 慢跑,,馬匹跑步機 - 慢跑 （上斜）
J135,25/03/2026,踱步,沙田,內圈,沙田 內圈,,,,,,助手,,快踱一圈,H,內圈 快踱一圈 (助手)
J135,24/03/2026,游水,沙田,,沙田,,,,,,,,游水,,
J135,24/03/2026,踱步,沙田,內圈,沙田 內圈,,,,,,助手,,快踱一圈,H,內圈 快踱一圈 (助手)
J135,23/03/2026,馬匹跑步機,沙田,,沙田,,,,,,上斜,,馬匹跑步機 - 慢跑,,馬匹跑步機 - 慢跑 （上斜）
J135,23/03/2026,游水,沙田,,沙田,,,,,,,,游水,,
J135,22/03/2026,游水,沙田,,沙田,,,,,,,,游水,,
J135,22/03/2026,踱步,沙田,飛機場,沙田 飛機場,,,,,,助手,,踱步,H,飛機場 踱步 (助手)
J135,21/03/2026,游水,沙田,,沙田,,,,,,,,游水,,
J135,18/03/2026,出賽,跑馬地,草地,跑馬地 草地,1800M,,,,,潘明輝,6/12,出賽,B/TT,1800M (潘明輝) (6/12)
J135,18/03/2026,踱步,沙田,飛機場,沙田 飛機場,,,,,,助手,,踱步,H,飛機場 踱步 (助手)
J135,17/03/2026,游水,沙田,,沙田,,,,,,,,游水,,
J135,17/03/2026,踱步,沙田,內圈,沙田 內圈,,,,,,助手,,快踱一圈,H,內圈 快踱一圈 (助手)
J135,16/03/2026,游水,沙田,,沙田,,,,,,,,游水,,
J135,16/03/2026,踱步,沙田,內圈,沙田 內圈,,,,,,助手,,倒快一圈,H,內圈 倒快一圈 (助手)
J135,15/03/2026,游水,沙田,,沙田,,,,,,,,游水,,
J135,15/03/2026,踱步,沙田,飛機場,沙田 飛機場,,,,,,助手,,踱步,H,飛機場 踱步 (助手)
J135,14/03/2026,游水,沙田,,沙田,,,,,,,,游水,,
J135,14/03/2026,踱步,沙田,飛機場,沙田 飛機場,,,,,,助手,,踱步,H,飛機場 踱步 (助手)
J135,11/03/2026,出賽,跑馬地,草地,跑馬地 草地,1650M,,,,,鍾易禮,8/12,出賽,B/TT,1650M (鍾易禮) (8/12)
J135,11/03/2026,踱步,沙田,飛機場,沙田 飛機場,,,,,,助手,,踱步,H,飛機場 踱步 (助手)
J135,10/03/2026,游水,沙田,,沙田,,,,,,,,游水,,
J135,10/03/2026,踱步,沙田,內圈,沙田 內圈,,,,,,助手,,快踱一圈,H,內圈 快踱一圈 (助手)
J135,09/03/2026,游水,沙田,,沙田,,,,,,,,游水,,
J135,09/03/2026,踱步,沙田,內圈,沙田 內圈,,,,,,助手,,倒快兩圈,H,內圈 倒快兩圈 (助手)
J135,08/03/2026,游水,沙田,,沙田,,,,,,,,游水,,
J135,08/03/2026,踱步,沙田,內圈,沙田 內圈,,,,,,助手,,快踱一圈,H,內圈 快踱一圈 (助手)
J135,07/03/2026,馬匹跑步機,沙田,,沙田,,,,,,上斜,,馬匹跑步機 - 慢跑,,馬匹跑步機 - 慢跑 （上斜）
J135,07/03/2026,快操,沙田,全天候,沙田 全天候,,53.8,53.8,28.9 24.9,,鍾易禮,,快操,H,28.9 24.9 (53.8) (鍾易禮)
J135,07/03/2026,踱步,沙田,飛機場,沙田 飛機場,,,,,,助手,,踱步,H,飛機場 踱步 (助手)
J135,06/03/2026,游水,沙田,,沙田,,,,,,,,游水,,
J135,06/03/2026,踱步,沙田,內圈,沙田 內圈,,,,,,助手,,快踱一圈,H,內圈 快踱一圈 (助手)
J135,05/03/2026,游水,沙田,,沙田,,,,,,,,游水,,
J135,05/03/2026,踱步,沙田,內圈,沙田 內圈,,,,,,助手,,倒快兩圈,H,內圈 倒快兩圈 (助手)
J135,04/03/2026,馬匹跑步機,沙田,,沙田,,,,,,上斜,,馬匹跑步機 - 慢跑,,馬匹跑步機 - 慢跑 （上斜）
J135,04/03/2026,踱步,沙田,內圈,沙田 內圈,,,,,,助手,,快踱一圈,H,內圈 快踱一圈 (助手)
J135,03/03/2026,游水,沙田,,沙田,,,,,,,,游水,,
J135,03/03/2026,踱步,沙田,內圈,沙田 內圈,,,,,,助手,,快踱一圈,H,內圈 快踱一圈 (助手)
J135,02/03/2026,馬匹跑步機,沙田,,沙田,,,,,,上斜,,馬匹跑步機 - 慢跑,,馬匹跑步機 - 慢跑 （上斜）
J135,02/03/2026,游水,沙田,,沙田,,,,,,,,游水,,
J135,01/03/2026,游水,沙田,,沙田,,,,,,,,游水,,
J135,01/03/2026,踱步,沙田,飛機場,沙田 飛機場,,,,,,助手,,踱步,H,飛機場 踱步 (助手)
J135,28/02/2026,游水,沙田,,沙田,,,,,,,,游水,,
J135,25/02/2026,出賽,跑馬地,草地,跑馬地 草地,1650M,,,,,鍾易禮,7/12,出賽,B/TT,1650M (鍾易禮) (7/12)
J135,25/02/2026,踱步,沙田,飛機場,沙田 飛機場,,,,,,助手,,踱步,H,飛機場 踱步 (助手)
J135,24/02/2026,游水,沙田,,沙田,,,,,,,,游水,,
J135,24/02/2026,踱步,沙田,內圈,沙田 內圈,,,,,,助手,,快踱一圈,H,內圈 快踱一圈 (助手)
J135,23/02/2026,游水,沙田,,沙田,,,,,,,,游水,,
J135,23/02/2026,踱步,沙田,內圈,沙田 內圈,,,,,,助手,,倒快兩圈,H,內圈 倒快兩圈 (助手)
J135,22/02/2026,游水,沙田,,沙田,,,,,,,,游水,,
J135,22/02/2026,踱步,沙田,內圈,沙田 內圈,,,,,,助手,,快踱一圈,H,內圈 快踱一圈 (助手)
J135,21/02/2026,馬匹跑步機,沙田,,沙田,,,,,,上斜,,馬匹跑步機 - 慢跑,,馬匹跑步機 - 慢跑 （上斜）
J135,21/02/2026,游水,沙田,,沙田,,,,,,,,游水,,
J135,20/02/2026,游水,沙田,,沙田,,,,,,,,游水,,
J135,20/02/2026,快操,沙田,草地,沙田 草地,,24.4,24.4,24.4,,助手,,"領航財子, 洛河",B,"24.4 (24.4) (助手) 領航財子, 洛河"
J135,20/02/2026,踱步,沙田,飛機場,沙田 飛機場,,,,,,助手,,踱步,B,飛機場 踱步 (助手)
J135,19/02/2026,游水,沙田,,沙田,,,,,,,,游水,,
J135,19/02/2026,踱步,沙田,內圈,沙田 內圈,,,,,,助手,,倒快兩圈,H,內圈 倒快兩圈 (助手)
J135,18/02/2026,馬匹跑步機,沙田,,沙田,,,,,,上斜,,馬匹跑步機 - 慢跑,,馬匹跑步機 - 慢跑 （上斜）
J135,18/02/2026,踱步,沙田,內圈,沙田 內圈,,,,,,助手,,快踱一圈,H,內圈 快踱一圈 (助手)
J135,16/02/2026,馬匹跑步機,沙田,,沙田,,,,,,上斜,,馬匹跑步機 - 慢跑,,馬匹跑步機 - 慢跑 （上斜）
J135,16/02/2026,踱步,沙田,內圈,沙田 內圈,,,,,,助手,,倒快兩圈,H,內圈 倒快兩圈 (助手)
J135,15/02/2026,馬匹跑步機,沙田,,沙田,,,,,,上斜,,馬匹跑步機 - 慢跑,,馬匹跑步機 - 慢跑 （上斜）
J135,15/02/2026,踱步,沙田,內圈,沙田 內圈,,,,,,助手,,快踱一圈,H,內圈 快踱一圈 (助手)
J135,14/02/2026,游水,沙田,,沙田,,,,,,,,游水,,
J135,14/02/2026,踱步,沙田,內圈,沙田 內圈,,,,,,助手,,快踱一圈,H,內圈 快踱一圈 (助手)
J135,13/02/2026,游水,沙田,,沙田,,,,,,,,游水,,
J135,13/02/2026,快操,沙田,全天候,沙田 全天候,,52.9,52.9,29.5 23.4,,助手,,幻影旋風,H/P,29.5 23.4 (52.9) (助手) 幻影旋風
J135,13/02/2026,踱步,沙田,飛機場,沙田 飛機場,,,,,,助手,,踱步,H/P,飛機場 踱步 (助手)
J135,12/02/2026,馬匹跑步機,沙田,,沙田,,,,,,上斜,,馬匹跑步機 - 慢跑,,馬匹跑步機 - 慢跑 （上斜）
J135,12/02/2026,踱步,沙田,內圈,沙田 內圈,,,,,,助手,,倒快兩圈,H,內圈 倒快兩圈 (助手)
J135,11/02/2026,游水,沙田,,沙田,,,,,,,,游水,,
J135,11/02/2026,踱步,沙田,內圈,沙田 內圈,,,,,,助手,,快踱一圈,H,內圈 快踱一圈 (助手)
J135,10/02/2026,游水,沙田,,沙田,,,,,,,,游水,,
J135,10/02/2026,踱步,沙田,內圈,沙田 內圈,,,,,,助手,,快踱一圈,H,內圈 快踱一圈 (助手)
J135,09/02/2026,馬匹跑步機,沙田,,沙田,,,,,,上斜,,馬匹跑步機 - 慢跑,,馬匹跑步機 - 慢跑 （上斜）
J135,09/02/2026,游水,沙田,,沙田,,,,,,,,游水,,
J135,08/02/2026,游水,沙田,,沙田,,,,,,,,游水,,
J135,08/02/2026,快操,沙田,全天候,沙田 全天候,,51.4,51.4,27.3 24.1,,助手,,"風雲, 幻影旋風",B,"27.3 24.1 (51.4) (助手) 風雲, 幻影旋風"
J135,08/02/2026,踱步,沙田,飛機場,沙田 飛機場,,,,,,助手,,踱步,B,飛機場 踱步 (助手)
J135,07/02/2026,馬匹跑步機,沙田,,沙田,,,,,,上斜,,馬匹跑步機 - 慢跑,,馬匹跑步機 - 慢跑 （上斜）
J135,07/02/2026,踱步,沙田,內圈,沙田 內圈,,,,,,助手,,快踱一圈,H,內圈 快踱一圈 (助手)
J135,06/02/2026,馬匹跑步機,沙田,,沙田,,,,,,上斜,,馬匹跑步機 - 慢跑,,馬匹跑步機 - 慢跑 （上斜）
J135,06/02/2026,踱步,沙田,內圈,沙田 內圈,,,,,,助手,,快踱一圈,H,內圈 快踱一圈 (助手)
J135,05/02/2026,游水,沙田,,沙田,,,,,,,,游水,,
J135,05/02/2026,踱步,沙田,內圈,沙田 內圈,,,,,,助手,,倒快兩圈,H,內圈 倒快兩圈 (助手)
J135,04/02/2026,游水,沙田,,沙田,,,,,,,,游水,,
J135,04/02/2026,快操,沙田,全天候,沙田 全天候,,52.5,52.5,28.5 24.0,,助手,,風雲,H,28.5 24.0 (52.5) (助手) 風雲
J135,04/02/2026,踱步,沙田,飛機場,沙田 飛機場,,,,,,助手,,踱步,H,飛機場 踱步 (助手)
J135,03/02/2026,馬匹跑步機,沙田,,沙田,,,,,,上斜,,馬匹跑步機 - 慢跑,,馬匹跑步機 - 慢跑 （上斜）
J135,03/02/2026,踱步,沙田,內圈,沙田 內圈,,,,,,助手,,快踱一圈,H,內圈 快踱一圈 (助手)
J135,02/02/2026,馬匹跑步機,沙田,,沙田,,,,,,上斜,,馬匹跑步機 - 慢跑,,馬匹跑步機 - 慢跑 （上斜）
J135,02/02/2026,踱步,沙田,內圈,沙田 內圈,,,,,,助手,,倒快兩圈,H,內圈 倒快兩圈 (助手)
J135,01/02/2026,游水,沙田,,沙田,,,,,,,,游水,,
J135,31/01/2026,游水,沙田,,沙田,,,,,,,,游水,,
J135,31/01/2026,快操,沙田,全天候,沙田 全天候,,54.7,54.7,29.7 25.0,,助手,,步埼豐,B,29.7 25.0 (54.7) (助手) 步埼豐
J135,31/01/2026,踱步,沙田,飛機場,沙田 飛機場,,,,,,助手,,踱步,B,飛機場 踱步 (助手)
J135,30/01/2026,馬匹跑步機,沙田,,沙田,,,,,,上斜,,馬匹跑步機 - 慢跑,,馬匹跑步機 - 慢跑 （上斜）
J135,30/01/2026,踱步,沙田,內圈,沙田 內圈,,,,,,助手,,快踱一圈,H,內圈 快踱一圈 (助手)
J135,29/01/2026,游水,沙田,,沙田,,,,,,,,游水,,
J135,29/01/2026,踱步,沙田,內圈,沙田 內圈,,,,,,助手,,倒快兩圈,H,內圈 倒快兩圈 (助手)
J135,28/01/2026,馬匹跑步機,沙田,,沙田,,,,,,上斜,,馬匹跑步機 - 慢跑,,馬匹跑步機 - 慢跑 （上斜）
J135,28/01/2026,踱步,沙田,內圈,沙田 內圈,,,,,,助手,,快踱一圈,H,內圈 快踱一圈 (助手)
J135,27/01/2026,游水,沙田,,沙田,,,,,,,,游水,,
J135,27/01/2026,快操,沙田,全天候,沙田 全天候,,56.7,56.7,30.6 26.1,,鍾易禮,,快操,H,30.6 26.1 (56.7) (鍾易禮)
J135,27/01/2026,踱步,沙田,飛機場,沙田 飛機場,,,,,,助手,,踱步,H,飛機場 踱步 (助手)
J135,26/01/2026,馬匹跑步機,沙田,,沙田,,,,,,上斜,,馬匹跑步機 - 慢跑,,馬匹跑步機 - 慢跑 （上斜）
J135,26/01/2026,踱步,沙田,內圈,沙田 內圈,,,,,,助手,,倒快兩圈,H,內圈 倒快兩圈 (助手)
J135,25/01/2026,游水,沙田,,沙田,,,,,,,,游水,,
J135,25/01/2026,踱步,沙田,內圈,沙田 內圈,,,,,,助手,,快踱一圈,H,內圈 快踱一圈 (助手)
J135,24/01/2026,馬匹跑步機,沙田,,沙田,,,,,,上斜,,馬匹跑步機 - 慢跑,,馬匹跑步機 - 慢跑 （上斜）
J135,24/01/2026,踱步,沙田,內圈,沙田 內圈,,,,,,助手,,快踱一圈,H,內圈 快踱一圈 (助手)
J135,23/01/2026,游水,沙田,,沙田,,,,,,,,游水,,
J135,23/01/2026,快操,沙田,全天候,沙田 全天候,,1.00.4,60.4,33.3 27.1,,助手,,快操,H,33.3 27.1 (1.00.4) (助手)
J135,23/01/2026,踱步,沙田,飛機場,沙田 飛機場,,,,,,助手,,踱步,H,飛機場 踱步 (助手)
J135,22/01/2026,游水,沙田,,沙田,,,,,,,,游水,,
J135,22/01/2026,踱步,沙田,內圈,沙田 內圈,,,,,,助手,,倒快兩圈,H,內圈 倒快兩圈 (助手)
J135,21/01/2026,游水,沙田,,沙田,,,,,,,,游水,,
J135,21/01/2026,踱步,沙田,內圈,沙田 內圈,,,,,,助手,,快踱一圈,H,內圈 快踱一圈 (助手)
J135,20/01/2026,馬匹跑步機,沙田,,沙田,,,,,,上斜,,馬匹跑步機 - 慢跑,,馬匹跑步機 - 慢跑 （上斜）
J135,20/01/2026,游水,沙田,,沙田,,,,,,,,游水,,
J135,19/01/2026,游水,沙田,,沙田,,,,,,,,游水,,
J135,19/01/2026,踱步,沙田,內圈,沙田 內圈,,,,,,助手,,倒快一圈,H,內圈 倒快一圈 (助手)
J135,18/01/2026,游水,沙田,,沙田,,,,,,,,游水,,
J135,18/01/2026,踱步,沙田,飛機場,沙田 飛機場,,,,,,助手,,踱步,H,飛機場 踱步 (助手)
J135,17/01/2026,游水,沙田,,沙田,,,,,,,,游水,,
J135,14/01/2026,出賽,跑馬地,草地,跑馬地 草地,1650M,,,,,鍾易禮,5/12,出賽,B/TT,1650M (鍾易禮) (5/12)
J135,14/01/2026,踱步,沙田,飛機場,沙田 飛機場,,,,,,助手,,踱步,H,飛機場 踱步 (助手)
J135,13/01/2026,游水,沙田,,沙田,,,,,,,,游水,,
J135,13/01/2026,踱步,沙田,內圈,沙田 內圈,,,,,,助手,,快踱一圈,H,內圈 快踱一圈 (助手)
J135,12/01/2026,游水,沙田,,沙田,,,,,,,,游水,,
J135,12/01/2026,踱步,沙田,內圈,沙田 內圈,,,,,,助手,,倒快兩圈,H,內圈 倒快兩圈 (助手)
J135,11/01/2026,快操,沙田,全天候,沙田 全天候,,53.0,53.0,28.8 24.2,,鍾易禮,,永勝金駒,H,28.8 24.2 (53.0) (鍾易禮) 永勝金駒
J135,11/01/2026,踱步,沙田,飛機場,沙田 飛機場,,,,,,助手,,踱步,H,飛機場 踱步 (助手)
J135,10/01/2026,馬匹跑步機,沙田,,沙田,,,,,,上斜,,馬匹跑步機 - 慢跑,,馬匹跑步機 - 慢跑 （上斜）
J135,10/01/2026,踱步,沙田,內圈,沙田 內圈,,,,,,助手,,快踱一圈,H,內圈 快踱一圈 (助手)
J135,09/01/2026,馬匹跑步機,沙田,,沙田,,,,,,上斜,,馬匹跑步機 - 慢跑,,馬匹跑步機 - 慢跑 （上斜）
J135,09/01/2026,踱步,沙田,內圈,沙田 內圈,,,,,,助手,,快踱一圈,H,內圈 快踱一圈 (助手)
J135,08/01/2026,馬匹跑步機,沙田,,沙田,,,,,,上斜,,馬匹跑步機 - 慢跑,,馬匹跑步機 - 慢跑 （上斜）
J135,08/01/2026,踱步,沙田,內圈,沙田 內圈,,,,,,助手,,倒快兩圈,H,內圈 倒快兩圈 (助手)
J135,07/01/2026,游水,沙田,,沙田,,,,,,,,游水,,
J135,07/01/2026,快操,沙田,全天候,沙田 全天候,,51.1,51.1,27.3 23.8,,助手,,永勝金駒,H,27.3 23.8 (51.1) (助手) 永勝金駒
J135,07/01/2026,踱步,沙田,飛機場,沙田 飛機場,,,,,,助手,,踱步,H,飛機場 踱步 (助手)
J135,06/01/2026,馬匹跑步機,沙田,,沙田,,,,,,上斜,,馬匹跑步機 - 慢跑,,馬匹跑步機 - 慢跑 （上斜）
J135,06/01/2026,踱步,沙田,內圈,沙田 內圈,,,,,,助手,,快踱一圈,H,內圈 快踱一圈 (助手)
J135,05/01/2026,馬匹跑步機,沙田,,沙田,,,,,,上斜,,馬匹跑步機 - 慢跑,,馬匹跑步機 - 慢跑 （上斜）
J135,05/01/2026,踱步,沙田,內圈,沙田 內圈,,,,,,助手,,倒快兩圈,H,內圈 倒快兩圈 (助手)
J135,04/01/2026,游水,沙田,,沙田,,,,,,,,游水,,
J135,03/01/2026,游水,沙田,,沙田,,,,,,,,游水,,
J135,03/01/2026,快操,沙田,全天候,沙田 全天候,,1.25.4,85.4,32.0 29.0 24.4,,助手,,快操,B,32.0 29.0 24.4 (1.25.4) (助手)
J135,03/01/2026,踱步,沙田,飛機場,沙田 飛機場,,,,,,助手,,踱步,B,飛機場 踱步 (助手)
J135,02/01/2026,馬匹跑步機,沙田,,沙田,,,,,,上斜,,馬匹跑步機 - 慢跑,,馬匹跑步機 - 慢跑 （上斜）
J135,02/01/2026,踱步,沙田,內圈,沙田 內圈,,,,,,助手,,快踱一圈,H,內圈 快踱一圈 (助手)
J135,01/01/2026,游水,沙田,,沙田,,,,,,,,游水,,
J135,01/01/2026,踱步,沙田,內圈,沙田 內圈,,,,,,助手,,倒快兩圈,H,內圈 倒快兩圈 (助手)
J135,31/12/2025,馬匹跑步機,沙田,,沙田,,,,,,上斜,,馬匹跑步機 - 慢跑,,馬匹跑步機 - 慢跑 （上斜）
J135,31/12/2025,踱步,沙田,內圈,沙田 內圈,,,,,,副練馬師,,快踱一圈,H,內圈 快踱一圈 (副練馬師)
J135,30/12/2025,游水,沙田,,沙田,,,,,,,,游水,,
J135,30/12/2025,快操,沙田,全天候,沙田 全天候,,54.7,54.7,29.0 25.7,,助手,,快操,H,29.0 25.7 (54.7) (助手)
J135,30/12/2025,踱步,沙田,飛機場,沙田 飛機場,,,,,,助手,,踱步,H,飛機場 踱步 (助手)
J135,29/12/2025,游水,沙田,,沙田,,,,,,,,游水,,
J135,29/12/2025,踱步,沙田,內圈,沙田 內圈,,,,,,助手,,倒快兩圈,H,內圈 倒快兩圈 (助手)
J135,28/12/2025,游水,沙田,,沙田,,,,,,,,游水,,
J135,28/12/2025,踱步,沙田,內圈,沙田 內圈,,,,,,助手,,快踱一圈,H,內圈 快踱一圈 (助手)
J135,27/12/2025,游水,沙田,,沙田,,,,,,,,游水,,
J135,27/12/2025,踱步,沙田,內圈,沙田 內圈,,,,,,助手,,快踱一圈,H,內圈 快踱一圈 (助手)
J135,26/12/2025,游水,沙田,,沙田,,,,,,,,游水,,
J135,26/12/2025,快操,沙田,全天候,沙田 全天候,,59.7,59.7,31.6 28.1,,助手,,快操,H,31.6 28.1 (59.7) (助手)
J135,26/12/2025,踱步,沙田,飛機場,沙田 飛機場,,,,,,助手,,踱步,H,飛機場 踱步 (助手)
J135,25/12/2025,游水,沙田,,沙田,,,,,,,,游水,,
J135,25/12/2025,踱步,沙田,內圈,沙田 內圈,,,,,,助手,,倒快兩圈,H,內圈 倒快兩圈 (助手)
J135,24/12/2025,游水,沙田,,沙田,,,,,,,,游水,,
J135,24/12/2025,踱步,沙田,內圈,沙田 內圈,,,,,,助手,,快踱一圈,H,內圈 快踱一圈 (助手)
J135,23/12/2025,游水,沙田,,沙田,,,,,,,,游水,,
J135,23/12/2025,踱步,沙田,內圈,沙田 內圈,,,,,,助手,,快踱一圈,H,內圈 快踱一圈 (助手)
J135,22/12/2025,游水,沙田,,沙田,,,,,,,,游水,,
J135,22/12/2025,踱步,沙田,內圈,沙田 內圈,,,,,,助手,,倒快一圈,H,內圈 倒快一圈 (助手)
J135,21/12/2025,游水,沙田,,沙田,,,,,,,,游水,,
J135,21/12/2025,踱步,沙田,飛機場,沙田 飛機場,,,,,,助手,,踱步,H,飛機場 踱步 (助手)
J135,20/12/2025,游水,沙田,,沙田,,,,,,,,游水,,
J135,17/12/2025,出賽,跑馬地,草地,跑馬地 草地,1800M,,,,,鍾易禮,5/12,出賽,B/TT,1800M (鍾易禮) (5/12)
J135,17/12/2025,踱步,沙田,飛機場,沙田 飛機場,,,,,,助手,,踱步,H,飛機場 踱步 (助手)
J135,16/12/2025,游水,沙田,,沙田,,,,,,,,游水,,
J135,16/12/2025,踱步,沙田,內圈,沙田 內圈,,,,,,助手,,快踱一圈,H,內圈 快踱一圈 (助手)
J135,15/12/2025,游水,沙田,,沙田,,,,,,,,游水,,
J135,15/12/2025,踱步,沙田,內圈,沙田 內圈,,,,,,助手,,倒快兩圈,H,內圈 倒快兩圈 (助手)
J135,14/12/2025,游水,沙田,,沙田,,,,,,,,游水,,
J135,14/12/2025,快操,沙田,全天候,沙田 全天候,,53.0,53.0,29.0 24.0,,助手,,快操,B,29.0 24.0 (53.0) (助手)
J135,14/12/2025,踱步,沙田,飛機場,沙田 飛機場,,,,,,助手,,踱步,B,飛機場 踱步 (助手)
J135,13/12/2025,游水,沙田,,沙田,,,,,,,,游水,,
J135,13/12/2025,踱步,沙田,內圈,沙田 內圈,,,,,,助手,,快踱兩圈,H,內圈 快踱兩圈 (助手)
J135,12/12/2025,游水,沙田,,沙田,,,,,,,,游水,,
J135,12/12/2025,踱步,沙田,內圈,沙田 內圈,,,,,,助手,,快踱一圈,H,內圈 快踱一圈 (助手)
J135,11/12/2025,游水,沙田,,沙田,,,,,,,,游水,,
J135,11/12/2025,踱步,沙田,內圈,沙田 內圈,,,,,,助手,,倒快兩圈,H,內圈 倒快兩圈 (助手)
J135,10/12/2025,快操,沙田,全天候,沙田 全天候,,53.4,53.4,28.7 24.7,,助手,,順成之星,H,28.7 24.7 (53.4) (助手) 順成之星
J135,10/12/2025,踱步,沙田,飛機場,沙田 飛機場,,,,,,助手,,踱步,H,飛機場 踱步 (助手)
J135,09/12/2025,游水,沙田,,沙田,,,,,,,,游水,,
J135,09/12/2025,踱步,沙田,內圈,沙田 內圈,,,,,,助手,,快踱一圈,H,內圈 快踱一圈 (助手)
J135,08/12/2025,游水,沙田,,沙田,,,,,,,,游水,,
J135,08/12/2025,踱步,沙田,內圈,沙田 內圈,,,,,,助手,,倒快兩圈,H,內圈 倒快兩圈 (助手)
J135,07/12/2025,游水,沙田,,沙田,,,,,,,,游水,,
J135,06/12/2025,游水,沙田,,沙田,,,,,,,,游水,,
J135,06/12/2025,快操,沙田,全天候,沙田 全天候,,51.0,51.0,28.1 22.9,,助手,,快操,H,28.1 22.9 (51.0) (助手)
J135,06/12/2025,踱步,沙田,飛機場,沙田 飛機場,,,,,,助手,,踱步,H,飛機場 踱步 (助手)
J135,05/12/2025,馬匹跑步機,沙田,,沙田,,,,,,上斜,,馬匹跑步機 - 慢跑,,馬匹跑步機 - 慢跑 （上斜）
J135,05/12/2025,踱步,沙田,內圈,沙田 內圈,,,,,,助手,,快踱一圈,H,內圈 快踱一圈 (助手)
J135,04/12/2025,馬匹跑步機,沙田,,沙田,,,,,,上斜,,馬匹跑步機 - 慢跑,,馬匹跑步機 - 慢跑 （上斜）
J135,04/12/2025,踱步,沙田,內圈,沙田 內圈,,,,,,助手,,倒快兩圈,H,內圈 倒快兩圈 (助手)
J135,03/12/2025,馬匹跑步機,沙田,,沙田,,,,,,上斜,,馬匹跑步機 - 慢跑,,馬匹跑步機 - 慢跑 （上斜）
J135,03/12/2025,踱步,沙田,內圈,沙田 內圈,,,,,,助手,,快踱兩圈,H,內圈 快踱兩圈 (助手)
J135,02/12/2025,馬匹跑步機,沙田,,沙田,,,,,,上斜,,馬匹跑步機 - 踱步,,馬匹跑步機 - 踱步 （上斜）
J135,02/12/2025,踱步,沙田,內圈,沙田 內圈,,,,,,助手,,快踱一圈,H,內圈 快踱一圈 (助手)
J135,01/12/2025,游水,沙田,,沙田,,,,,,,,游水,,
J135,01/12/2025,快操,沙田,草地,沙田 草地,,51.4,51.4,28.8 22.6,,助手,,小鳥天堂,,28.8 22.6 (51.4) (助手) 小鳥天堂
J135,01/12/2025,踱步,沙田,飛機場,沙田 飛機場,,,,,,助手,,踱步,,飛機場 踱步 (助手)
J135,30/11/2025,踱步,沙田,內圈,沙田 內圈,,,,,,助手,,快踱一圈,H,內圈 快踱一圈 (助手)
J135,29/11/2025,馬匹跑步機,沙田,,沙田,,,,,,上斜,,馬匹跑步機 - 踱步,,馬匹跑步機 - 踱步 （上斜）
J135,29/11/2025,游水,沙田,,沙田,,,,,,,,游水,,
J135,29/11/2025,踱步,沙田,內圈,沙田 內圈,,,,,,助手,,快踱兩圈,H,內圈 快踱兩圈 (助手)
J135,28/11/2025,游水,沙田,,沙田,,,,,,,,游水,,
J135,28/11/2025,踱步,沙田,內圈,沙田 內圈,,,,,,助手,,快踱一圈,H,內圈 快踱一圈 (助手)
J135,27/11/2025,游水,沙田,,沙田,,,,,,,,游水,,
J135,27/11/2025,踱步,沙田,內圈,沙田 內圈,,,,,,助手,,倒快兩圈,H,內圈 倒快兩圈 (助手)
J135,26/11/2025,游水,沙田,,沙田,,,,,,,,游水,,
J135,26/11/2025,快操,沙田,全天候,沙田 全天候,,1.26.2,86.2,33.3 29.1 23.8,,助手,,小鳥天堂,H,33.3 29.1 23.8 (1.26.2) (助手) 小鳥天堂
J135,26/11/2025,踱步,沙田,飛機場,沙田 飛機場,,,,,,助手,,踱步,H,飛機場 踱步 (助手)
J135,25/11/2025,游水,沙田,,沙田,,,,,,,,游水,,
J135,25/11/2025,踱步,沙田,內圈,沙田 內圈,,,,,,助手,,快踱一圈,H,內圈 快踱一圈 (助手)
J135,24/11/2025,游水,沙田,,沙田,,,,,,,,游水,,
J135,24/11/2025,踱步,沙田,內圈,沙田 內圈,,,,,,助手,,倒快兩圈,H,內圈 倒快兩圈 (助手)
J135,23/11/2025,游水,沙田,,沙田,,,,,,,,游水,,
J135,22/11/2025,游水,沙田,,沙田,,,,,,,,游水,,
J135,22/11/2025,踱步,沙田,內圈,沙田 內圈,,,,,,助手,,快踱一圈,H,內圈 快踱一圈 (助手)
J135,21/11/2025,游水,沙田,,沙田,,,,,,,,游水,,
J135,21/11/2025,快操,沙田,全天候,沙田 全天候,,1.00.9,60.9,32.4 28.5,,副練馬師,,快操,H,32.4 28.5 (1.00.9) (副練馬師)
J135,21/11/2025,踱步,沙田,飛機場,沙田 飛機場,,,,,,副練馬師,,踱步,H,飛機場 踱步 (副練馬師)
J135,20/11/2025,游水,沙田,,沙田,,,,,,,,游水,,
J135,20/11/2025,踱步,沙田,內圈,沙田 內圈,,,,,,助手,,倒快兩圈,H,內圈 倒快兩圈 (助手)
J135,19/11/2025,游水,沙田,,沙田,,,,,,,,游水,,
J135,19/11/2025,踱步,沙田,內圈,沙田 內圈,,,,,,助手,,快踱一圈,H,內圈 快踱一圈 (助手)
J135,18/11/2025,游水,沙田,,沙田,,,,,,,,游水,,
J135,18/11/2025,踱步,沙田,內圈,沙田 內圈,,,,,,助手,,快踱一圈,H,內圈 快踱一圈 (助手)
J135,17/11/2025,游水,沙田,,沙田,,,,,,,,游水,,
J135,17/11/2025,踱步,沙田,內圈,沙田 內圈,,,,,,助手,,倒快一圈,H,內圈 倒快一圈 (助手)
J135,16/11/2025,游水,沙田,,沙田,,,,,,,,游水,,
J135,16/11/2025,踱步,沙田,飛機場,沙田 飛機場,,,,,,助手,,踱步,H,飛機場 踱步 (助手)
J135,15/11/2025,游水,沙田,,沙田,,,,,,,,游水,,
J135,12/11/2025,出賽,跑馬地,草地,跑馬地 草地,1650M,,,,,杜苑欣,9/12,出賽,B/TT,1650M (杜苑欣) (9/12)
J135,12/11/2025,踱步,沙田,飛機場,沙田 飛機場,,,,,,助手,,踱步,H,飛機場 踱步 (助手)
J135,11/11/2025,游水,沙田,,沙田,,,,,,,,游水,,
J135,11/11/2025,踱步,沙田,飛機場,沙田 飛機場,,,,,,助手,,踱步,H,飛機場 踱步 (助手)
J135,10/11/2025,游水,沙田,,沙田,,,,,,,,游水,,
J135,10/11/2025,踱步,沙田,內圈,沙田 內圈,,,,,,助手,,倒快兩圈,H,內圈 倒快兩圈 (助手)
J135,09/11/2025,游水,沙田,,沙田,,,,,,,,游水,,
J135,08/11/2025,游水,沙田,,沙田,,,,,,,,游水,,
J135,08/11/2025,快操,沙田,全天候,沙田 全天候,,55.3,55.3,29.6 25.7,,杜苑欣,,快操,H,29.6 25.7 (55.3) (杜苑欣)
J135,08/11/2025,踱步,沙田,飛機場,沙田 飛機場,,,,,,助手,,踱步,H,飛機場 踱步 (助手)
J135,07/11/2025,游水,沙田,,沙田,,,,,,,,游水,,
J135,07/11/2025,踱步,沙田,內圈,沙田 內圈,,,,,,副練馬師,,快踱一圈,H,內圈 快踱一圈 (副練馬師)
J135,06/11/2025,游水,沙田,,沙田,,,,,,,,游水,,
J135,06/11/2025,踱步,沙田,內圈,沙田 內圈,,,,,,助手,,倒快兩圈,H,內圈 倒快兩圈 (助手)
J135,05/11/2025,游水,沙田,,沙田,,,,,,,,游水,,
J135,05/11/2025,快操,沙田,全天候,沙田 全天候,,55.1,55.1,29.4 25.7,,助手,,前衛火影,H,29.4 25.7 (55.1) (助手) 前衛火影
J135,05/11/2025,踱步,沙田,飛機場,沙田 飛機場,,,,,,助手,,踱步,H,飛機場 踱步 (助手)
J135,04/11/2025,游水,沙田,,沙田,,,,,,,,游水,,
J135,04/11/2025,踱步,沙田,內圈,沙田 內圈,,,,,,助手,,快踱一圈,H,內圈 快踱一圈 (助手)
J135,03/11/2025,游水,沙田,,沙田,,,,,,,,游水,,
J135,03/11/2025,踱步,沙田,內圈,沙田 內圈,,,,,,助手,,倒快兩圈,H,內圈 倒快兩圈 (助手)
J135,02/11/2025,游水,沙田,,沙田,,,,,,,,游水,,
J135,02/11/2025,踱步,沙田,內圈,沙田 內圈,,,,,,助手,,快踱一圈,H,內圈 快踱一圈 (助手)
J135,01/11/2025,游水,沙田,,沙田,,,,,,,,游水,,
J135,01/11/2025,踱步,沙田,內圈,沙田 內圈,,,,,,助手,,快踱一圈,H,內圈 快踱一圈 (助手)
J135,31/10/2025,游水,沙田,,沙田,,,,,,,,游水,,
J135,31/10/2025,快操,沙田,全天候,沙田 全天候,,1.00.4,60.4,32.8 27.6,,助手,,快操,H,32.8 27.6 (1.00.4) (助手)
J135,31/10/2025,踱步,沙田,飛機場,沙田 飛機場,,,,,,助手,,踱步,H,飛機場 踱步 (助手)
J135,30/10/2025,游水,沙田,,沙田,,,,,,,,游水,,
J135,30/10/2025,踱步,沙田,內圈,沙田 內圈,,,,,,助手,,倒快兩圈,H,內圈 倒快兩圈 (助手)
J135,29/10/2025,游水,沙田,,沙田,,,,,,,,游水,,
J135,29/10/2025,踱步,沙田,內圈,沙田 內圈,,,,,,助手,,快踱一圈,H,內圈 快踱一圈 (助手)
J135,28/10/2025,游水,沙田,,沙田,,,,,,,,游水,,
J135,28/10/2025,踱步,沙田,內圈,沙田 內圈,,,,,,助手,,快踱一圈,H,內圈 快踱一圈 (助手)
J135,27/10/2025,游水,沙田,,沙田,,,,,,,,游水,,
J135,27/10/2025,踱步,沙田,內圈,沙田 內圈,,,,,,助手,,倒快一圈,H,內圈 倒快一圈 (助手)
J135,26/10/2025,游水,沙田,,沙田,,,,,,,,游水,,
J135,26/10/2025,踱步,沙田,飛機場,沙田 飛機場,,,,,,助手,,踱步,H,飛機場 踱步 (助手)
J135,25/10/2025,游水,沙田,,沙田,,,,,,,,游水,,
J135,22/10/2025,出賽,跑馬地,草地,跑馬地 草地,1650M,,,,,鍾易禮,11/12,出賽,B/TT,1650M (鍾易禮) (11/12)
J135,22/10/2025,踱步,沙田,飛機場,沙田 飛機場,,,,,,助手,,踱步,H,飛機場 踱步 (助手)
J135,21/10/2025,游水,沙田,,沙田,,,,,,,,游水,,
J135,21/10/2025,踱步,沙田,內圈,沙田 內圈,,,,,,助手,,快踱一圈,H,內圈 快踱一圈 (助手)
J135,20/10/2025,游水,沙田,,沙田,,,,,,,,游水,,
J135,20/10/2025,踱步,沙田,內圈,沙田 內圈,,,,,,助手,,倒快兩圈,H,內圈 倒快兩圈 (助手)
J135,19/10/2025,游水,沙田,,沙田,,,,,,,,游水,,
J135,18/10/2025,游水,沙田,,沙田,,,,,,,,游水,,
J135,18/10/2025,踱步,沙田,內圈,沙田 內圈,,,,,,助手,,快踱一圈,H,內圈 快踱一圈 (助手)
J135,17/10/2025,游水,沙田,,沙田,,,,,,,,游水,,
J135,17/10/2025,踱步,沙田,內圈,沙田 內圈,,,,,,助手,,快踱一圈,H,內圈 快踱一圈 (助手)
J135,16/10/2025,游水,沙田,,沙田,,,,,,,,游水,,
J135,16/10/2025,快操,沙田,草閘,沙田 草閘,,48.5,48.5,25.3 23.2,,鍾易禮,,快操,B,25.3 23.2 (48.5) (鍾易禮)
J135,16/10/2025,踱步,沙田,飛機場,沙田 飛機場,,,,,,助手,,踱步,B,飛機場 踱步 (助手)
J135,15/10/2025,游水,沙田,,沙田,,,,,,,,游水,,
J135,15/10/2025,踱步,沙田,內圈,沙田 內圈,,,,,,助手,,快踱一圈,H,內圈 快踱一圈 (助手)
J135,14/10/2025,游水,沙田,,沙田,,,,,,,,游水,,
J135,14/10/2025,踱步,沙田,內圈,沙田 內圈,,,,,,助手,,快踱一圈,H,內圈 快踱一圈 (助手)
J135,13/10/2025,游水,沙田,,沙田,,,,,,,,游水,,
J135,13/10/2025,踱步,沙田,內圈,沙田 內圈,,,,,,助手,,倒快兩圈,H,內圈 倒快兩圈 (助手)
J135,12/10/2025,游水,沙田,,沙田,,,,,,,,游水,,
J135,11/10/2025,游水,沙田,,沙田,,,,,,,,游水,,
J135,11/10/2025,快操,沙田,全天候,沙田 全天候,,52.1,52.1,28.4 23.7,,助手,,同得威,H,28.4 23.7 (52.1) (助手) 同得威
J135,11/10/2025,踱步,沙田,飛機場,沙田 飛機場,,,,,,助手,,踱步,H,飛機場 踱步 (助手)
J135,10/10/2025,游水,沙田,,沙田,,,,,,,,游水,,
J135,10/10/2025,踱步,沙田,內圈,沙田 內圈,,,,,,副練馬師,,快踱一圈,H,內圈 快踱一圈 (副練馬師)
J135,09/10/2025,游水,沙田,,沙田,,,,,,,,游水,,
J135,09/10/2025,踱步,沙田,內圈,沙田 內圈,,,,,,助手,,倒快兩圈,H,內圈 倒快兩圈 (助手)
J135,08/10/2025,游水,沙田,,沙田,,,,,,,,游水,,
J135,08/10/2025,踱步,沙田,內圈,沙田 內圈,,,,,,助手,,快踱一圈,H,內圈 快踱一圈 (助手)
J135,07/10/2025,游水,沙田,,沙田,,,,,,,,游水,,
J135,07/10/2025,快操,沙田,全天候,沙田 全天候,,59.9,59.9,32.1 27.8,,助手,,快操,H,32.1 27.8 (59.9) (助手)
J135,07/10/2025,踱步,沙田,飛機場,沙田 飛機場,,,,,,助手,,踱步,H,飛機場 踱步 (助手)
J135,06/10/2025,游水,沙田,,沙田,,,,,,,,游水,,
J135,06/10/2025,踱步,沙田,內圈,沙田 內圈,,,,,,助手,,倒快兩圈,H,內圈 倒快兩圈 (助手)
J135,05/10/2025,游水,沙田,,沙田,,,,,,,,游水,,
J135,05/10/2025,踱步,沙田,內圈,沙田 內圈,,,,,,助手,,快踱一圈,H,內圈 快踱一圈 (助手)
J135,04/10/2025,游水,沙田,,沙田,,,,,,,,游水,,
J135,04/10/2025,踱步,沙田,內圈,沙田 內圈,,,,,,助手,,快踱一圈,H,內圈 快踱一圈 (助手)
J135,03/10/2025,游水,沙田,,沙田,,,,,,,,游水,,
J135,03/10/2025,踱步,沙田,內圈,沙田 內圈,,,,,,助手,,快踱一圈,H,內圈 快踱一圈 (助手)
J135,02/10/2025,游水,沙田,,沙田,,,,,,,,游水,,
J135,02/10/2025,踱步,沙田,飛機場,沙田 飛機場,,,,,,助手,,踱步,H,飛機場 踱步 (助手)
J135,01/10/2025,游水,沙田,,沙田,,,,,,,,游水,,
J135,28/09/2025,出賽,沙田,草地,沙田 草地,1400M,,,,,鍾易禮,12/14,出賽,B/TT,1400M (鍾易禮) (12/14)
J135,28/09/2025,踱步,沙田,飛機場,沙田 飛機場,,,,,,助手,,踱步,H,飛機場 踱步 (助手)
J135,27/09/2025,游水,沙田,,沙田,,,,,,,,游水,,
J135,27/09/2025,踱步,沙田,內圈,沙田 內圈,,,,,,助手,,快踱一圈,H,內圈 快踱一圈 (助手)
J135,26/09/2025,游水,沙田,,沙田,,,,,,,,游水,,
J135,26/09/2025,踱步,沙田,內圈,沙田 內圈,,,,,,助手,,快踱一圈,H,內圈 快踱一圈 (助手)
J135,25/09/2025,游水,沙田,,沙田,,,,,,,,游水,,
J135,25/09/2025,踱步,沙田,內圈,沙田 內圈,,,,,,助手,,倒快兩圈,H,內圈 倒快兩圈 (助手)
J135,23/09/2025,游水,沙田,,沙田,,,,,,,,游水,,
J135,23/09/2025,快操,沙田,全天候,沙田 全天候,,1.24.9,84.9,33.0 27.5 24.4,,副練馬師,,"盛載富祿, 一風雲",H,"33.0 27.5 24.4 (1.24.9) (副練馬師) 盛載富祿, 一風雲"
J135,23/09/2025,踱步,沙田,飛機場,沙田 飛機場,,,,,,副練馬師,,踱步,H,飛機場 踱步 (副練馬師)
J135,22/09/2025,游水,沙田,,沙田,,,,,,,,游水,,
J135,22/09/2025,踱步,沙田,內圈,沙田 內圈,,,,,,助手,,倒快兩圈,H,內圈 倒快兩圈 (助手)
J135,21/09/2025,游水,沙田,,沙田,,,,,,,,游水,,
J135,21/09/2025,踱步,沙田,內圈,沙田 內圈,,,,,,助手,,快踱一圈,H,內圈 快踱一圈 (助手)
J135,20/09/2025,游水,沙田,,沙田,,,,,,,,游水,,
J135,20/09/2025,踱步,沙田,內圈,沙田 內圈,,,,,,助手,,快踱一圈,H,內圈 快踱一圈 (助手)
J135,19/09/2025,游水,沙田,,沙田,,,,,,,,游水,,
J135,19/09/2025,快操,沙田,全天候,沙田 全天候,,54.6,54.6,30.2 24.4,,助手,,快操,H,30.2 24.4 (54.6) (助手)
J135,19/09/2025,踱步,沙田,飛機場,沙田 飛機場,,,,,,助手,,踱步,H,飛機場 踱步 (助手)
J135,18/09/2025,游水,沙田,,沙田,,,,,,,,游水,,
J135,18/09/2025,踱步,沙田,內圈,沙田 內圈,,,,,,助手,,倒快兩圈,H,內圈 倒快兩圈 (助手)
J135,17/09/2025,游水,沙田,,沙田,,,,,,,,游水,,
J135,17/09/2025,踱步,沙田,內圈,沙田 內圈,,,,,,助手,,快踱一圈,H,內圈 快踱一圈 (助手)
J135,16/09/2025,游水,沙田,,沙田,,,,,,,,游水,,
J135,16/09/2025,踱步,沙田,內圈,沙田 內圈,,,,,,助手,,快踱一圈,H,內圈 快踱一圈 (助手)
J135,15/09/2025,游水,沙田,,沙田,,,,,,,,游水,,
J135,15/09/2025,踱步,沙田,內圈,沙田 內圈,,,,,,助手,,倒快一圈,H,內圈 倒快一圈 (助手)
J135,14/09/2025,游水,沙田,,沙田,,,,,,,,游水,,
J135,14/09/2025,踱步,沙田,彭福公園,沙田 彭福公園,,,,,,助手,,踱步,H,彭福公園 踱步 (助手)
J135,13/09/2025,游水,沙田,,沙田,,,,,,,,游水,,
J135,13/09/2025,踱步,沙田,飛機場,沙田 飛機場,,,,,,助手,,踱步,H,飛機場 踱步 (助手)
J135,11/09/2025,試閘,沙田,全天候,沙田 全天候,1200M,1.10.46,70.46,24.1 22.8 23.5,嘉冠王,鍾易禮,,第4組,B,第4組 (鍾易禮) 1200M 嘉冠王 24.1 22.8 23.5 (1.10.46)
J135,11/09/2025,踱步,沙田,飛機場,沙田 飛機場,,,,,,助手,,踱步,H,飛機場 踱步 (助手)
J135,10/09/2025,游水,沙田,,沙田,,,,,,,,游水,,
J135,10/09/2025,踱步,沙田,內圈,沙田 內圈,,,,,,助手,,快踱一圈,H,內圈 快踱一圈 (助手)
J135,09/09/2025,游水,沙田,,沙田,,,,,,,,游水,,
J135,09/09/2025,踱步,沙田,內圈,沙田 內圈,,,,,,助手,,快踱一圈,H,內圈 快踱一圈 (助手)
J135,07/09/2025,游水,沙田,,沙田,,,,,,,,游水,,
J135,07/09/2025,快操,沙田,全天候,沙田 全天候,,55.1,55.1,30.1 25.0,,助手,,"幻影旋風, 開心宇宙",H,"30.1 25.0 (55.1) (助手) 幻影旋風, 開心宇宙"
J135,07/09/2025,踱步,沙田,飛機場,沙田 飛機場,,,,,,助手,,踱步,H,飛機場 踱步 (助手)
J135,06/09/2025,游水,沙田,,沙田,,,,,,,,游水,,
J135,06/09/2025,踱步,沙田,內圈,沙田 內圈,,,,,,助手,,快踱一圈,H,內圈 快踱一圈 (助手)
J135,05/09/2025,游水,沙田,,沙田,,,,,,,,游水,,
J135,05/09/2025,踱步,沙田,內圈,沙田 內圈,,,,,,助手,,快踱一圈,H,內圈 快踱一圈 (助手)
J135,04/09/2025,游水,沙田,,沙田,,,,,,,,游水,,
J135,04/09/2025,快操,沙田,全天候,沙田 全天候,,54.7,54.7,29.8 24.9,,助手,,快操,H,29.8 24.9 (54.7) (助手)
J135,04/09/2025,踱步,沙田,飛機場,沙田 飛機場,,,,,,助手,,踱步,H,飛機場 踱步 (助手)
J135,03/09/2025,游水,沙田,,沙田,,,,,,,,游水,,
J135,03/09/2025,踱步,沙田,內圈,沙田 內圈,,,,,,助手,,快踱一圈,H,內圈 快踱一圈 (助手)
J135,02/09/2025,游水,沙田,,沙田,,,,,,,,游水,,
J135,02/09/2025,踱步,沙田,內圈,沙田 內圈,,,,,,助手,,快踱一圈,H,內圈 快踱一圈 (助手)
J135,01/09/2025,游水,沙田,,沙田,,,,,,,,游水,,
J135,01/09/2025,踱步,沙田,內圈,沙田 內圈,,,,,,助手,,倒快兩圈,H,內圈 倒快兩圈 (助手)
J135,31/08/2025,游水,沙田,,沙田,,,,,,,,游水,,
J135,31/08/2025,快操,沙田,全天候,沙田 全天候,,55.3,55.3,30.1 25.2,,助手,,快操,H,30.1 25.2 (55.3) (助手)
J135,31/08/2025,踱步,沙田,飛機場,沙田 飛機場,,,,,,助手,,踱步,H,飛機場 踱步 (助手)
J135,30/08/2025,游水,沙田,,沙田,,,,,,,,游水,,
J135,30/08/2025,踱步,沙田,內圈,沙田 內圈,,,,,,助手,,快踱一圈,H,內圈 快踱一圈 (助手)
J135,29/08/2025,游水,沙田,,沙田,,,,,,,,游水,,
J135,29/08/2025,踱步,沙田,內圈,沙田 內圈,,,,,,助手,,快踱一圈,H,內圈 快踱一圈 (助手)
J135,28/08/2025,游水,沙田,,沙田,,,,,,,,游水,,
J135,28/08/2025,踱步,沙田,內圈,沙田 內圈,,,,,,助手,,倒快兩圈,H,內圈 倒快兩圈 (助手)
J135,27/08/2025,快操,沙田,全天候,沙田 全天候,,55.3,55.3,30.1 25.2,,助手,,快操,H,30.1 25.2 (55.3) (助手)
J135,27/08/2025,踱步,沙田,飛機場,沙田 飛機場,,,,,,助手,,踱步,H,飛機場 踱步 (助手)
J135,26/08/2025,游水,沙田,,沙田,,,,,,,,游水,,
J135,26/08/2025,踱步,沙田,內圈,沙田 內圈,,,,,,助手,,快踱一圈,H,內圈 快踱一圈 (助手)
J135,25/08/2025,游水,沙田,,沙田,,,,,,,,游水,,
J135,25/08/2025,踱步,沙田,內圈,沙田 內圈,,,,,,助手,,倒快兩圈,H,內圈 倒快兩圈 (助手)
J135,24/08/2025,游水,沙田,,沙田,,,,,,,,游水,,
J135,23/08/2025,游水,沙田,,沙田,,,,,,,,游水,,
J135,23/08/2025,快操,沙田,全天候,沙田 全天候,,59.3,59.3,30.8 28.5,,助手,,快操,H,30.8 28.5 (59.3) (助手)
J135,23/08/2025,踱步,沙田,飛機場,沙田 飛機場,,,,,,助手,,踱步,H,飛機場 踱步 (助手)
J135,22/08/2025,游水,沙田,,沙田,,,,,,,,游水,,
J135,22/08/2025,踱步,沙田,內圈,沙田 內圈,,,,,,助手,,快踱一圈,H,內圈 快踱一圈 (助手)
J135,21/08/2025,游水,沙田,,沙田,,,,,,,,游水,,
J135,21/08/2025,踱步,沙田,內圈,沙田 內圈,,,,,,助手,,倒快兩圈,H,內圈 倒快兩圈 (助手)
J135,20/08/2025,游水,沙田,,沙田,,,,,,,,游水,,
J135,20/08/2025,踱步,沙田,內圈,沙田 內圈,,,,,,助手,,快踱一圈,H,內圈 快踱一圈 (助手)
J135,19/08/2025,游水,沙田,,沙田,,,,,,,,游水,,
J135,19/08/2025,快操,沙田,全天候,沙田 全天候,,30.4,30.4,30.4,,助手,,快操,H,30.4 (30.4) (助手)
J135,19/08/2025,踱步,沙田,飛機場,沙田 飛機場,,,,,,助手,,踱步,H,飛機場 踱步 (助手)
J135,18/08/2025,游水,沙田,,沙田,,,,,,,,游水,,
J135,18/08/2025,踱步,沙田,內圈,沙田 內圈,,,,,,助手,,倒快兩圈,H,內圈 倒快兩圈 (助手)
J135,17/08/2025,游水,沙田,,沙田,,,,,,,,游水,,
J135,17/08/2025,踱步,沙田,內圈,沙田 內圈,,,,,,助手,,快踱一圈,H,內圈 快踱一圈 (助手)
J135,16/08/2025,游水,沙田,,沙田,,,,,,,,游水,,
J135,16/08/2025,踱步,沙田,內圈,沙田 內圈,,,,,,助手,,快踱一圈,H,內圈 快踱一圈 (助手)
J135,15/08/2025,游水,沙田,,沙田,,,,,,,,游水,,
J135,15/08/2025,踱步,沙田,內圈,沙田 內圈,,,,,,助手,,快踱一圈,H,內圈 快踱一圈 (助手)
J135,14/08/2025,游水,沙田,,沙田,,,,,,,,游水,,
J135,13/08/2025,游水,沙田,,沙田,,,,,,,,游水,,
J135,13/08/2025,踱步,沙田,內圈,沙田 內圈,,,,,,助手,,快踱一圈,H,內圈 快踱一圈 (助手)
J135,12/08/2025,游水,沙田,,沙田,,,,,,,,游水,,
J135,12/08/2025,踱步,沙田,彭福公園,沙田 彭福公園,,,,,,助手,,踱步,H,彭福公園 踱步 (助手)
J135,11/08/2025,游水,沙田,,沙田,,,,,,,,游水,,
J135,11/08/2025,踱步,沙田,彭福公園,沙田 彭福公園,,,,,,助手,,踱步,H,彭福公園 踱步 (助手)
J135,10/08/2025,游水,沙田,,沙田,,,,,,,,游水,,
J135,10/08/2025,踱步,沙田,彭福公園,沙田 彭福公園,,,,,,助手,,踱步,H,彭福公園 踱步 (助手)
J135,09/08/2025,游水,沙田,,沙田,,,,,,,,游水,,
J135,09/08/2025,踱步,沙田,飛機場,沙田 飛機場,,,,,,助手,,踱步,H,飛機場 踱步 (助手)
J135,08/08/2025,游水,沙田,,沙田,,,,,,,,游水,,
J135,08/08/2025,踱步,沙田,飛機場,沙田 飛機場,,,,,,助手,,踱步,H,飛機場 踱步 (助手)
J135,07/08/2025,游水,沙田,,沙田,,,,,,,,游水,,
J135,07/08/2025,踱步,沙田,飛機場,沙田 飛機場,,,,,,助手,,踱步,H,飛機場 踱步 (助手)
J135,06/08/2025,游水,沙田,,沙田,,,,,,,,游水,,
J135,04/08/2025,游水,沙田,,沙田,,,,,,,,游水,,
J135,03/08/2025,游水,沙田,,沙田,,,,,,,,游水,,
J135,02/08/2025,游水,沙田,,沙田,,,,,,,,游水,,
J135,16/07/2025,出賽,跑馬地,草地,跑馬地 草地,1800M,,,,,潘頓,11/12,出賽,B/TT,1800M (潘頓) (11/12)
J135,16/07/2025,踱步,沙田,飛機場,沙田 飛機場,,,,,,助手,,踱步,H,飛機場 踱步 (助手)
J135,15/07/2025,游水,沙田,,沙田,,,,,,,,游水,,
J135,15/07/2025,踱步,沙田,飛機場,沙田 飛機場,,,,,,助手,,踱步,H,飛機場 踱步 (助手)
J135,14/07/2025,游水,沙田,,沙田,,,,,,,,游水,,
J135,14/07/2025,踱步,沙田,內圈,沙田 內圈,,,,,,助手,,倒快兩圈,H,內圈 倒快兩圈 (助手)
J135,13/07/2025,游水,沙田,,沙田,,,,,,,,游水,,
J135,12/07/2025,游水,沙田,,沙田,,,,,,,,游水,,
J135,12/07/2025,快操,沙田,全天候,沙田 全天候,,55.3,55.3,29.7 25.6,,助手,,快操,H,29.7 25.6 (55.3) (助手)
J135,12/07/2025,踱步,沙田,飛機場,沙田 飛機場,,,,,,助手,,踱步,H,飛機場 踱步 (助手)
J135,11/07/2025,游水,沙田,,沙田,,,,,,,,游水,,
J135,11/07/2025,踱步,沙田,內圈,沙田 內圈,,,,,,助手,,快踱一圈,H,內圈 快踱一圈 (助手)
J135,10/07/2025,游水,沙田,,沙田,,,,,,,,游水,,
J135,10/07/2025,踱步,沙田,內圈,沙田 內圈,,,,,,助手,,倒快兩圈,H,內圈 倒快兩圈 (助手)
J135,09/07/2025,游水,沙田,,沙田,,,,,,,,游水,,
J135,09/07/2025,踱步,沙田,內圈,沙田 內圈,,,,,,助手,,快踱一圈,H,內圈 快踱一圈 (助手)
J135,08/07/2025,游水,沙田,,沙田,,,,,,,,游水,,
J135,08/07/2025,快操,沙田,全天候,沙田 全天候,,53.6,53.6,28.6 25.0,,潘頓,,金快飛飛,H,28.6 25.0 (53.6) (潘頓) 金快飛飛
J135,08/07/2025,踱步,沙田,飛機場,沙田 飛機場,,,,,,助手,,踱步,H,飛機場 踱步 (助手)
J135,07/07/2025,游水,沙田,,沙田,,,,,,,,游水,,
J135,07/07/2025,踱步,沙田,內圈,沙田 內圈,,,,,,助手,,倒快兩圈,H,內圈 倒快兩圈 (助手)
J135,06/07/2025,游水,沙田,,沙田,,,,,,,,游水,,
J135,06/07/2025,踱步,沙田,內圈,沙田 內圈,,,,,,助手,,快踱一圈,H,內圈 快踱一圈 (助手)
J135,05/07/2025,游水,沙田,,沙田,,,,,,,,游水,,
J135,05/07/2025,踱步,沙田,內圈,沙田 內圈,,,,,,助手,,快踱一圈,H,內圈 快踱一圈 (助手)
J135,04/07/2025,游水,沙田,,沙田,,,,,,,,游水,,
J135,04/07/2025,快操,沙田,全天候,沙田 全天候,,58.4,58.4,31.1 27.3,,助手,,快操,H,31.1 27.3 (58.4) (助手)
J135,04/07/2025,踱步,沙田,飛機場,沙田 飛機場,,,,,,助手,,踱步,H,飛機場 踱步 (助手)
J135,03/07/2025,游水,沙田,,沙田,,,,,,,,游水,,
J135,03/07/2025,踱步,沙田,內圈,沙田 內圈,,,,,,助手,,倒快兩圈,H,內圈 倒快兩圈 (助手)
J135,02/07/2025,游水,沙田,,沙田,,,,,,,,游水,,
J135,02/07/2025,踱步,沙田,內圈,沙田 內圈,,,,,,助手,,快踱一圈,H,內圈 快踱一圈 (助手)
J135,01/07/2025,游水,沙田,,沙田,,,,,,,,游水,,
J135,01/07/2025,踱步,沙田,內圈,沙田 內圈,,,,,,助手,,快踱一圈,H,內圈 快踱一圈 (助手)
J135,30/06/2025,游水,沙田,,沙田,,,,,,,,游水,,
J135,30/06/2025,踱步,沙田,內圈,沙田 內圈,,,,,,助手,,倒快一圈,H,內圈 倒快一圈 (助手)
J135,29/06/2025,游水,沙田,,沙田,,,,,,,,游水,,
J135,29/06/2025,踱步,沙田,飛機場,沙田 飛機場,,,,,,助手,,踱步,H,飛機場 踱步 (助手)
J135,25/06/2025,出賽,跑馬地,草地,跑馬地 草地,1650M,,,,,鍾易禮,11/12,出賽,B/TT,1650M (鍾易禮) (11/12)
J135,25/06/2025,踱步,沙田,飛機場,沙田 飛機場,,,,,,助手,,踱步,H,飛機場 踱步 (助手)
J135,24/06/2025,游水,沙田,,沙田,,,,,,,,游水,,
J135,24/06/2025,踱步,沙田,內圈,沙田 內圈,,,,,,助手,,快踱一圈,H,內圈 快踱一圈 (助手)
J135,23/06/2025,游水,沙田,,沙田,,,,,,,,游水,,
J135,23/06/2025,踱步,沙田,內圈,沙田 內圈,,,,,,助手,,倒快兩圈,H,內圈 倒快兩圈 (助手)
J135,22/06/2025,游水,沙田,,沙田,,,,,,,,游水,,
J135,21/06/2025,游水,沙田,,沙田,,,,,,,,游水,,
J135,21/06/2025,快操,沙田,全天候,沙田 全天候,,54.8,54.8,29.0 25.8,,鍾易禮,,快操,H,29.0 25.8 (54.8) (鍾易禮)
J135,21/06/2025,踱步,沙田,飛機場,沙田 飛機場,,,,,,助手,,踱步,H,飛機場 踱步 (助手)
J135,20/06/2025,游水,沙田,,沙田,,,,,,,,游水,,
J135,20/06/2025,踱步,沙田,內圈,沙田 內圈,,,,,,助手,,快踱一圈,H,內圈 快踱一圈 (助手)
J135,19/06/2025,游水,沙田,,沙田,,,,,,,,游水,,
J135,19/06/2025,踱步,沙田,內圈,沙田 內圈,,,,,,助手,,倒快兩圈,H,內圈 倒快兩圈 (助手)
J135,18/06/2025,游水,沙田,,沙田,,,,,,,,游水,,
J135,18/06/2025,踱步,沙田,內圈,沙田 內圈,,,,,,助手,,快踱一圈,H,內圈 快踱一圈 (助手)
J135,17/06/2025,游水,沙田,,沙田,,,,,,,,游水,,
J135,17/06/2025,快操,沙田,全天候,沙田 全天候,,56.5,56.5,30.4 26.1,,副練馬師,,快操,H,30.4 26.1 (56.5) (副練馬師)
J135,17/06/2025,踱步,沙田,飛機場,沙田 飛機場,,,,,,副練馬師,,踱步,H,飛機場 踱步 (副練馬師)
J135,16/06/2025,游水,沙田,,沙田,,,,,,,,游水,,
J135,16/06/2025,踱步,沙田,內圈,沙田 內圈,,,,,,助手,,倒快兩圈,H,內圈 倒快兩圈 (助手)
J135,15/06/2025,游水,沙田,,沙田,,,,,,,,游水,,
J135,14/06/2025,游水,沙田,,沙田,,,,,,,,游水,,
J135,14/06/2025,踱步,沙田,內圈,沙田 內圈,,,,,,助手,,快踱一圈,H,內圈 快踱一圈 (助手)
J135,13/06/2025,游水,沙田,,沙田,,,,,,,,游水,,
J135,13/06/2025,快操,沙田,全天候,沙田 全天候,,1.00.5,60.5,32.5 28.0,,助手,,快操,H,32.5 28.0 (1.00.5) (助手)
J135,13/06/2025,踱步,沙田,飛機場,沙田 飛機場,,,,,,助手,,踱步,H,飛機場 踱步 (助手)
J135,12/06/2025,游水,沙田,,沙田,,,,,,,,游水,,
J135,12/06/2025,踱步,沙田,內圈,沙田 內圈,,,,,,助手,,倒快兩圈,H,內圈 倒快兩圈 (助手)
J135,11/06/2025,游水,沙田,,沙田,,,,,,,,游水,,
J135,11/06/2025,踱步,沙田,內圈,沙田 內圈,,,,,,助手,,快踱一圈,H,內圈 快踱一圈 (助手)
J135,10/06/2025,游水,沙田,,沙田,,,,,,,,游水,,
J135,10/06/2025,踱步,沙田,內圈,沙田 內圈,,,,,,助手,,快踱一圈,H,內圈 快踱一圈 (助手)
J135,09/06/2025,游水,沙田,,沙田,,,,,,,,游水,,
J135,09/06/2025,踱步,沙田,內圈,沙田 內圈,,,,,,助手,,倒快一圈,H,內圈 倒快一圈 (助手)
J135,08/06/2025,游水,沙田,,沙田,,,,,,,,游水,,
J135,08/06/2025,踱步,沙田,飛機場,沙田 飛機場,,,,,,助手,,踱步,H,飛機場 踱步 (助手)
J135,04/06/2025,出賽,跑馬地,草地,跑馬地 草地,1800M,,,,,鍾易禮,4/12,出賽,B/TT,1800M (鍾易禮) (4/12)
J135,04/06/2025,踱步,沙田,飛機場,沙田 飛機場,,,,,,助手,,踱步,H,飛機場 踱步 (助手)
J135,03/06/2025,游水,沙田,,沙田,,,,,,,,游水,,
J135,03/06/2025,踱步,沙田,飛機場,沙田 飛機場,,,,,,助手,,踱步,H,飛機場 踱步 (助手)
J135,02/06/2025,游水,沙田,,沙田,,,,,,,,游水,,
J135,02/06/2025,踱步,沙田,內圈,沙田 內圈,,,,,,助手,,倒快一圈,H,內圈 倒快一圈 (助手)
J135,01/06/2025,游水,沙田,,沙田,,,,,,,,游水,,
J135,01/06/2025,快操,沙田,全天候,沙田 全天候,,53.4,53.4,29.4 24.0,,助手,,"開心宇宙, 同得威",H,"29.4 24.0 (53.4) (助手) 開心宇宙, 同得威"
J135,01/06/2025,踱步,沙田,飛機場,沙田 飛機場,,,,,,助手,,踱步,H,飛機場 踱步 (助手)
J135,31/05/2025,游水,沙田,,沙田,,,,,,,,游水,,
J135,31/05/2025,踱步,沙田,內圈,沙田 內圈,,,,,,助手,,快踱兩圈,H,內圈 快踱兩圈 (助手)
J135,30/05/2025,游水,沙田,,沙田,,,,,,,,游水,,
J135,30/05/2025,踱步,沙田,內圈,沙田 內圈,,,,,,副練馬師,,快踱一圈,H,內圈 快踱一圈 (副練馬師)
J135,29/05/2025,游水,沙田,,沙田,,,,,,,,游水,,
J135,28/05/2025,游水,沙田,,沙田,,,,,,,,游水,,
J135,28/05/2025,踱步,沙田,內圈,沙田 內圈,,,,,,助手,,快踱一圈,H,內圈 快踱一圈 (助手)
J135,27/05/2025,游水,沙田,,沙田,,,,,,,,游水,,
J135,27/05/2025,快操,沙田,全天候,沙田 全天候,,52.2,52.2,28.0 24.2,,助手,,"友得盈, 君達得",H,"28.0 24.2 (52.2) (助手) 友得盈, 君達得"
J135,27/05/2025,踱步,沙田,飛機場,沙田 飛機場,,,,,,助手,,踱步,H,飛機場 踱步 (助手)
J135,26/05/2025,游水,沙田,,沙田,,,,,,,,游水,,
J135,26/05/2025,踱步,沙田,內圈,沙田 內圈,,,,,,助手,,倒快兩圈,H,內圈 倒快兩圈 (助手)
J135,25/05/2025,游水,沙田,,沙田,,,,,,,,游水,,
J135,25/05/2025,踱步,沙田,內圈,沙田 內圈,,,,,,助手,,快踱一圈,H,內圈 快踱一圈 (助手)
J135,24/05/2025,游水,沙田,,沙田,,,,,,,,游水,,
J135,24/05/2025,踱步,沙田,內圈,沙田 內圈,,,,,,助手,,快踱兩圈,H,內圈 快踱兩圈 (助手)
J135,23/05/2025,游水,沙田,,沙田,,,,,,,,游水,,
J135,23/05/2025,踱步,沙田,內圈,沙田 內圈,,,,,,助手,,快踱一圈,H,內圈 快踱一圈 (助手)
J135,22/05/2025,游水,沙田,,沙田,,,,,,,,游水,,
J135,22/05/2025,快操,沙田,全天候,沙田 全天候,,53.6,53.6,29.0 24.6,,鍾易禮,,"定數, 君達得",B,"29.0 24.6 (53.6) (鍾易禮) 定數, 君達得"
J135,21/05/2025,游水,沙田,,沙田,,,,,,,,游水,,
J135,21/05/2025,踱步,沙田,內圈,沙田 內圈,,,,,,助手,,快踱一圈,H,內圈 快踱一圈 (助手)
J135,20/05/2025,游水,沙田,,沙田,,,,,,,,游水,,
J135,19/05/2025,游水,沙田,,沙田,,,,,,,,游水,,
J135,19/05/2025,踱步,沙田,內圈,沙田 內圈,,,,,,助手,,倒快兩圈,H,內圈 倒快兩圈 (助手)
J135,18/05/2025,游水,沙田,,沙田,,,,,,,,游水,,
J135,17/05/2025,游水,沙田,,沙田,,,,,,,,游水,,
J135,17/05/2025,快操,沙田,全天候,沙田 全天候,,54.6,54.6,29.4 25.2,,副練馬師,,定數,H,29.4 25.2 (54.6) (副練馬師) 定數
J135,17/05/2025,踱步,沙田,飛機場,沙田 飛機場,,,,,,副練馬師,,踱步,H,飛機場 踱步 (副練馬師)
J135,16/05/2025,游水,沙田,,沙田,,,,,,,,游水,,
J135,16/05/2025,踱步,沙田,內圈,沙田 內圈,,,,,,助手,,快踱一圈,H,內圈 快踱一圈 (助手)
J135,15/05/2025,游水,沙田,,沙田,,,,,,,,游水,,
J135,15/05/2025,踱步,沙田,內圈,沙田 內圈,,,,,,助手,,倒快兩圈,H,內圈 倒快兩圈 (助手)
J135,14/05/2025,游水,沙田,,沙田,,,,,,,,游水,,
J135,14/05/2025,踱步,沙田,內圈,沙田 內圈,,,,,,助手,,快踱一圈,H,內圈 快踱一圈 (助手)
J135,13/05/2025,游水,沙田,,沙田,,,,,,,,游水,,
J135,13/05/2025,快操,沙田,全天候,沙田 全天候,,55.0,55.0,30.0 25.0,,助手,,快操,H,30.0 25.0 (55.0) (助手)
J135,13/05/2025,踱步,沙田,飛機場,沙田 飛機場,,,,,,助手,,踱步,H,飛機場 踱步 (助手)
J135,12/05/2025,游水,沙田,,沙田,,,,,,,,游水,,
J135,12/05/2025,踱步,沙田,內圈,沙田 內圈,,,,,,助手,,倒快兩圈,H,內圈 倒快兩圈 (助手)
J135,11/05/2025,游水,沙田,,沙田,,,,,,,,游水,,
J135,10/05/2025,游水,沙田,,沙田,,,,,,,,游水,,
J135,10/05/2025,踱步,沙田,內圈,沙田 內圈,,,,,,助手,,快踱兩圈,H,內圈 快踱兩圈 (助手)
J135,09/05/2025,游水,沙田,,沙田,,,,,,,,游水,,
J135,09/05/2025,踱步,沙田,內圈,沙田 內圈,,,,,,助手,,快踱一圈,H,內圈 快踱一圈 (助手)
J135,08/05/2025,游水,沙田,,沙田,,,,,,,,游水,,
J135,08/05/2025,快操,沙田,全天候,沙田 全天候,,1.00.6,60.6,32.5 28.1,,助手,,快操,H,32.5 28.1 (1.00.6) (助手)
J135,08/05/2025,踱步,沙田,飛機場,沙田 飛機場,,,,,,助手,,踱步,H,飛機場 踱步 (助手)
J135,07/05/2025,游水,沙田,,沙田,,,,,,,,游水,,
J135,07/05/2025,踱步,沙田,內圈,沙田 內圈,,,,,,助手,,快踱一圈,H,內圈 快踱一圈 (助手)
J135,06/05/2025,游水,沙田,,沙田,,,,,,,,游水,,
J135,06/05/2025,踱步,沙田,內圈,沙田 內圈,,,,,,助手,,快踱一圈,H,內圈 快踱一圈 (助手)
J135,05/05/2025,游水,沙田,,沙田,,,,,,,,游水,,
J135,05/05/2025,踱步,沙田,內圈,沙田 內圈,,,,,,助手,,倒快兩圈,H,內圈 倒快兩圈 (助手)
J135,04/05/2025,游水,沙田,,沙田,,,,,,,,游水,,
J135,04/05/2025,踱步,沙田,內圈,沙田 內圈,,,,,,助手,,快踱一圈,H,內圈 快踱一圈 (助手)
J135,03/05/2025,游水,沙田,,沙田,,,,,,,,游水,,
J135,03/05/2025,踱步,沙田,內圈,沙田 內圈,,,,,,助手,,快踱一圈,H,內圈 快踱一圈 (助手)
J135,02/05/2025,游水,沙田,,沙田,,,,,,,,游水,,
J135,02/05/2025,踱步,沙田,內圈,沙田 內圈,,,,,,助手,,快踱一圈,H,內圈 快踱一圈 (助手)
J135,01/05/2025,游水,沙田,,沙田,,,,,,,,游水,,
J135,01/05/2025,踱步,沙田,飛機場,沙田 飛機場,,,,,,助手,,踱步,H,飛機場 踱步 (助手)
J135,30/04/2025,游水,沙田,,沙田,,,,,,,,游水,,
J135,30/04/2025,踱步,沙田,飛機場,沙田 飛機場,,,,,,助手,,踱步,H,飛機場 踱步 (助手)
J135,29/04/2025,游水,沙田,,沙田,,,,,,,,游水,,
J135,29/04/2025,踱步,沙田,飛機場,沙田 飛機場,,,,,,助手,,踱步,H,飛機場 踱步 (助手)
J135,28/04/2025,游水,沙田,,沙田,,,,,,,,游水,,
J135,27/04/2025,游水,沙田,,沙田,,,,,,,,游水,,
J135,26/04/2025,游水,沙田,,沙田,,,,,,,,游水,,
J135,23/04/2025,出賽,跑馬地,草地,跑馬地 草地,1800M,,,,,鍾易禮,9/12,出賽,B/TT,1800M (鍾易禮) (9/12)
J135,23/04/2025,踱步,沙田,飛機場,沙田 飛機場,,,,,,助手,,踱步,H,飛機場 踱步 (助手)
J135,22/04/2025,游水,沙田,,沙田,,,,,,,,游水,,
J135,22/04/2025,踱步,沙田,內圈,沙田 內圈,,,,,,助手,,快踱一圈,H,內圈 快踱一圈 (助手)
J135,21/04/2025,游水,沙田,,沙田,,,,,,,,游水,,
J135,21/04/2025,踱步,沙田,內圈,沙田 內圈,,,,,,助手,,倒快兩圈,H,內圈 倒快兩圈 (助手)
J135,20/04/2025,游水,沙田,,沙田,,,,,,,,游水,,
J135,19/04/2025,游水,沙田,,沙田,,,,,,,,游水,,
J135,19/04/2025,踱步,沙田,內圈,沙田 內圈,,,,,,助手,,快踱一圈,H,內圈 快踱一圈 (助手)
J135,18/04/2025,游水,沙田,,沙田,,,,,,,,游水,,
J135,18/04/2025,快操,沙田,全天候,沙田 全天候,,59.4,59.4,32.8 26.6,,副練馬師,,快操,H,32.8 26.6 (59.4) (副練馬師)
J135,18/04/2025,踱步,沙田,飛機場,沙田 飛機場,,,,,,副練馬師,,踱步,H,飛機場 踱步 (副練馬師)
J135,17/04/2025,游水,沙田,,沙田,,,,,,,,游水,,
J135,17/04/2025,踱步,沙田,內圈,沙田 內圈,,,,,,助手,,倒快兩圈,H,內圈 倒快兩圈 (助手)
J135,16/04/2025,游水,沙田,,沙田,,,,,,,,游水,,
J135,16/04/2025,踱步,沙田,內圈,沙田 內圈,,,,,,助手,,快踱一圈,H,內圈 快踱一圈 (助手)
J135,15/04/2025,游水,沙田,,沙田,,,,,,,,游水,,
J135,15/04/2025,踱步,沙田,內圈,沙田 內圈,,,,,,助手,,快踱一圈,H,內圈 快踱一圈 (助手)
J135,14/04/2025,游水,沙田,,沙田,,,,,,,,游水,,
J135,14/04/2025,踱步,沙田,內圈,沙田 內圈,,,,,,助手,,倒快一圈,H,內圈 倒快一圈 (助手)
J135,13/04/2025,游水,沙田,,沙田,,,,,,,,游水,,
J135,13/04/2025,踱步,沙田,飛機場,沙田 飛機場,,,,,,助手,,踱步,H,飛機場 踱步 (助手)
J135,12/04/2025,游水,沙田,,沙田,,,,,,,,游水,,
J135,09/04/2025,出賽,跑馬地,草地,跑馬地 草地,1650M,,,,,鍾易禮,7/11,出賽,B/TT,1650M (鍾易禮) (7/11)
J135,09/04/2025,踱步,沙田,飛機場,沙田 飛機場,,,,,,助手,,踱步,H,飛機場 踱步 (助手)
J135,08/04/2025,游水,沙田,,沙田,,,,,,,,游水,,
J135,08/04/2025,踱步,沙田,內圈,沙田 內圈,,,,,,助手,,快踱一圈,H,內圈 快踱一圈 (助手)
J135,07/04/2025,游水,沙田,,沙田,,,,,,,,游水,,
J135,07/04/2025,踱步,沙田,內圈,沙田 內圈,,,,,,助手,,倒快兩圈,H,內圈 倒快兩圈 (助手)
J135,06/04/2025,游水,沙田,,沙田,,,,,,,,游水,,
J135,06/04/2025,快操,沙田,全天候,沙田 全天候,,55.9,55.9,29.7 26.2,,助手,,快操,H,29.7 26.2 (55.9) (助手)
J135,06/04/2025,踱步,沙田,飛機場,沙田 飛機場,,,,,,助手,,踱步,H,飛機場 踱步 (助手)
J135,05/04/2025,游水,沙田,,沙田,,,,,,,,游水,,
J135,05/04/2025,踱步,沙田,內圈,沙田 內圈,,,,,,助手,,快踱一圈,H,內圈 快踱一圈 (助手)
J135,04/04/2025,游水,沙田,,沙田,,,,,,,,游水,,
J135,04/04/2025,踱步,沙田,內圈,沙田 內圈,,,,,,助手,,快踱一圈,H,內圈 快踱一圈 (助手)
J135,03/04/2025,游水,沙田,,沙田,,,,,,,,游水,,
J135,03/04/2025,踱步,沙田,內圈,沙田 內圈,,,,,,助手,,倒快兩圈,H,內圈 倒快兩圈 (助手)
J135,02/04/2025,游水,沙田,,沙田,,,,,,,,游水,,
J135,02/04/2025,快操,沙田,全天候,沙田 全天候,,54.1,54.1,29.4 24.7,,鍾易禮,,快操,H,29.4 24.7 (54.1) (鍾易禮)
J135,02/04/2025,踱步,沙田,飛機場,沙田 飛機場,,,,,,助手,,踱步,H,飛機場 踱步 (助手)
J135,01/04/2025,游水,沙田,,沙田,,,,,,,,游水,,
J135,01/04/2025,踱步,沙田,內圈,沙田 內圈,,,,,,助手,,快踱一圈,H,內圈 快踱一圈 (助手)
J135,31/03/2025,游水,沙田,,沙田,,,,,,,,游水,,
J135,30/03/2025,游水,沙田,,沙田,,,,,,,,游水,,
J135,29/03/2025,游水,沙田,,沙田,,,,,,,,游水,,
J135,29/03/2025,快操,沙田,全天候,沙田 全天候,,54.1,54.1,28.8 25.3,,鍾易禮,,有色光輝,H,28.8 25.3 (54.1) (鍾易禮) 有色光輝
J135,29/03/2025,踱步,沙田,飛機場,沙田 飛機場,,,,,,助手,,踱步,H,飛機場 踱步 (助手)
J135,28/03/2025,游水,沙田,,沙田,,,,,,,,游水,,
J135,28/03/2025,踱步,沙田,內圈,沙田 內圈,,,,,,副練馬師,,快踱一圈,H,內圈 快踱一圈 (副練馬師)
J135,27/03/2025,游水,沙田,,沙田,,,,,,,,游水,,
J135,27/03/2025,踱步,沙田,內圈,沙田 內圈,,,,,,助手,,倒快兩圈,H,內圈 倒快兩圈 (助手)
J135,26/03/2025,游水,沙田,,沙田,,,,,,,,游水,,
J135,26/03/2025,踱步,沙田,內圈,沙田 內圈,,,,,,助手,,快踱一圈,H,內圈 快踱一圈 (助手)
J135,25/03/2025,游水,沙田,,沙田,,,,,,,,游水,,
J135,25/03/2025,快操,沙田,全天候,沙田 全天候,,54.6,54.6,29.2 25.4,,助手,,快操,H,29.2 25.4 (54.6) (助手)
J135,25/03/2025,踱步,沙田,飛機場,沙田 飛機場,,,,,,助手,,踱步,H,飛機場 踱步 (助手)
J135,24/03/2025,游水,沙田,,沙田,,,,,,,,游水,,
J135,24/03/2025,踱步,沙田,內圈,沙田 內圈,,,,,,助手,,倒快一圈,H,內圈 倒快一圈 (助手)
J135,23/03/2025,游水,沙田,,沙田,,,,,,,,游水,,
J135,23/03/2025,踱步,沙田,內圈,沙田 內圈,,,,,,助手,,快踱一圈,H,內圈 快踱一圈 (助手)
J135,22/03/2025,游水,沙田,,沙田,,,,,,,,游水,,
J135,22/03/2025,踱步,沙田,內圈,沙田 內圈,,,,,,助手,,快踱一圈,H,內圈 快踱一圈 (助手)
J135,21/03/2025,游水,沙田,,沙田,,,,,,,,游水,,
J135,21/03/2025,快操,沙田,全天候,沙田 全天候,,1.00.4,60.4,31.9 28.5,,副練馬師,,快操,H,31.9 28.5 (1.00.4) (副練馬師)
J135,21/03/2025,踱步,沙田,飛機場,沙田 飛機場,,,,,,副練馬師,,踱步,H,飛機場 踱步 (副練馬師)
J135,20/03/2025,游水,沙田,,沙田,,,,,,,,游水,,
J135,20/03/2025,踱步,沙田,內圈,沙田 內圈,,,,,,副練馬師,,倒快兩圈,H,內圈 倒快兩圈 (副練馬師)
J135,19/03/2025,游水,沙田,,沙田,,,,,,,,游水,,
J135,19/03/2025,踱步,沙田,內圈,沙田 內圈,,,,,,助手,,快踱一圈,H,內圈 快踱一圈 (助手)
J135,18/03/2025,游水,沙田,,沙田,,,,,,,,游水,,
J135,18/03/2025,踱步,沙田,內圈,沙田 內圈,,,,,,助手,,快踱一圈,H,內圈 快踱一圈 (助手)
J135,17/03/2025,游水,沙田,,沙田,,,,,,,,游水,,
J135,17/03/2025,踱步,沙田,內圈,沙田 內圈,,,,,,助手,,倒快一圈,H,內圈 倒快一圈 (助手)
J135,16/03/2025,游水,沙田,,沙田,,,,,,,,游水,,
J135,16/03/2025,踱步,沙田,飛機場,沙田 飛機場,,,,,,助手,,踱步,H,飛機場 踱步 (助手)
J135,15/03/2025,游水,沙田,,沙田,,,,,,,,游水,,
J135,12/03/2025,出賽,跑馬地,草地,跑馬地 草地,1650M,,,,,鍾易禮,1/12,出賽,B/TT,1650M (鍾易禮) (1/12)
J135,12/03/2025,踱步,沙田,飛機場,沙田 飛機場,,,,,,助手,,踱步,H,飛機場 踱步 (助手)
J135,11/03/2025,游水,沙田,,沙田,,,,,,,,游水,,
J135,11/03/2025,踱步,沙田,內圈,沙田 內圈,,,,,,副練馬師,,快踱一圈,H,內圈 快踱一圈 (副練馬師)
J135,10/03/2025,游水,沙田,,沙田,,,,,,,,游水,,
J135,10/03/2025,踱步,沙田,內圈,沙田 內圈,,,,,,助手,,倒快兩圈,H,內圈 倒快兩圈 (助手)
J135,09/03/2025,游水,沙田,,沙田,,,,,,,,游水,,
J135,08/03/2025,游水,沙田,,沙田,,,,,,,,游水,,
J135,08/03/2025,快操,沙田,全天候,沙田 全天候,,54.3,54.3,29.9 24.4,,鍾易禮,,快操,H,29.9 24.4 (54.3) (鍾易禮)
J135,08/03/2025,踱步,沙田,飛機場,沙田 飛機場,,,,,,助手,,踱步,H,飛機場 踱步 (助手)
J135,07/03/2025,游水,沙田,,沙田,,,,,,,,游水,,
J135,07/03/2025,踱步,沙田,內圈,沙田 內圈,,,,,,副練馬師,,快踱一圈,H,內圈 快踱一圈 (副練馬師)
J135,06/03/2025,游水,沙田,,沙田,,,,,,,,游水,,
J135,06/03/2025,踱步,沙田,內圈,沙田 內圈,,,,,,助手,,倒快兩圈,H,內圈 倒快兩圈 (助手)
J135,05/03/2025,游水,沙田,,沙田,,,,,,,,游水,,
J135,05/03/2025,踱步,沙田,內圈,沙田 內圈,,,,,,副練馬師,,快踱一圈,H,內圈 快踱一圈 (副練馬師)
J135,04/03/2025,游水,沙田,,沙田,,,,,,,,游水,,
J135,04/03/2025,踱步,沙田,內圈,沙田 內圈,,,,,,助手,,快踱一圈,H,內圈 快踱一圈 (助手)
J135,03/03/2025,游水,沙田,,沙田,,,,,,,,游水,,
J135,02/03/2025,游水,沙田,,沙田,,,,,,,,游水,,
J135,02/03/2025,踱步,沙田,飛機場,沙田 飛機場,,,,,,助手,,踱步,H,飛機場 踱步 (助手)
J135,01/03/2025,游水,沙田,,沙田,,,,,,,,游水,,
J135,26/02/2025,出賽,跑馬地,草地,跑馬地 草地,1650M,,,,,班德禮,3/12,出賽,B/TT,1650M (班德禮) (3/12)
J135,26/02/2025,踱步,沙田,飛機場,沙田 飛機場,,,,,,助手,,踱步,H,飛機場 踱步 (助手)
J135,25/02/2025,游水,沙田,,沙田,,,,,,,,游水,,
J135,25/02/2025,踱步,沙田,內圈,沙田 內圈,,,,,,助手,,快踱一圈,H,內圈 快踱一圈 (助手)
J135,24/02/2025,游水,沙田,,沙田,,,,,,,,游水,,
J135,24/02/2025,踱步,沙田,內圈,沙田 內圈,,,,,,助手,,倒快兩圈,H,內圈 倒快兩圈 (助手)
J135,23/02/2025,游水,沙田,,沙田,,,,,,,,游水,,
J135,22/02/2025,游水,沙田,,沙田,,,,,,,,游水,,
J135,22/02/2025,快操,沙田,全天候,沙田 全天候,,52.1,52.1,28.5 23.6,,班德禮,,洛河,H,28.5 23.6 (52.1) (班德禮) 洛河
J135,22/02/2025,踱步,沙田,飛機場,沙田 飛機場,,,,,,助手,,踱步,H,飛機場 踱步 (助手)
J135,21/02/2025,游水,沙田,,沙田,,,,,,,,游水,,
J135,21/02/2025,踱步,沙田,內圈,沙田 內圈,,,,,,副練馬師,,快踱一圈,H,內圈 快踱一圈 (副練馬師)
J135,20/02/2025,游水,沙田,,沙田,,,,,,,,游水,,
J135,20/02/2025,踱步,沙田,內圈,沙田 內圈,,,,,,助手,,倒快兩圈,H,內圈 倒快兩圈 (助手)
J135,19/02/2025,游水,沙田,,沙田,,,,,,,,游水,,
J135,19/02/2025,踱步,沙田,內圈,沙田 內圈,,,,,,助手,,快踱一圈,H,內圈 快踱一圈 (助手)
J135,18/02/2025,游水,沙田,,沙田,,,,,,,,游水,,
J135,18/02/2025,踱步,沙田,內圈,沙田 內圈,,,,,,助手,,快踱一圈,H,內圈 快踱一圈 (助手)
J135,17/02/2025,游水,沙田,,沙田,,,,,,,,游水,,
J135,17/02/2025,快操,沙田,草閘,沙田 草閘,,50.0,50.0,25.5 24.5,,班德禮,,大師爺,H,25.5 24.5 (50.0) (班德禮) 大師爺
J135,16/02/2025,游水,沙田,,沙田,,,,,,,,游水,,
J135,16/02/2025,踱步,沙田,內圈,沙田 內圈,,,,,,助手,,快踱一圈,H,內圈 快踱一圈 (助手)
J135,15/02/2025,游水,沙田,,沙田,,,,,,,,游水,,
J135,15/02/2025,踱步,沙田,內圈,沙田 內圈,,,,,,助手,,快踱兩圈,H,內圈 快踱兩圈 (助手)
J135,14/02/2025,游水,沙田,,沙田,,,,,,,,游水,,
J135,14/02/2025,踱步,沙田,內圈,沙田 內圈,,,,,,副練馬師,,快踱一圈,H,內圈 快踱一圈 (副練馬師)
J135,13/02/2025,游水,沙田,,沙田,,,,,,,,游水,,
J135,13/02/2025,快操,沙田,全天候,沙田 全天候,,54.6,54.6,29.3 25.3,,班德禮,,快操,H,29.3 25.3 (54.6) (班德禮)
J135,12/02/2025,游水,沙田,,沙田,,,,,,,,游水,,
J135,11/02/2025,游水,沙田,,沙田,,,,,,,,游水,,
J135,11/02/2025,踱步,沙田,內圈,沙田 內圈,,,,,,副練馬師,,快踱兩圈,H,內圈 快踱兩圈 (副練馬師)
J135,10/02/2025,游水,沙田,,沙田,,,,,,,,游水,,
J135,09/02/2025,游水,沙田,,沙田,,,,,,,,游水,,
J135,09/02/2025,快操,沙田,全天候,沙田 全天候,,53.5,53.5,28.8 24.7,,助手,,順成之星,H,28.8 24.7 (53.5) (助手) 順成之星
J135,09/02/2025,踱步,沙田,飛機場,沙田 飛機場,,,,,,助手,,踱步,H,飛機場 踱步 (助手)
J135,08/02/2025,游水,沙田,,沙田,,,,,,,,游水,,
J135,08/02/2025,踱步,沙田,內圈,沙田 內圈,,,,,,助手,,快踱一圈,H,內圈 快踱一圈 (助手)
J135,07/02/2025,游水,沙田,,沙田,,,,,,,,游水,,
J135,07/02/2025,踱步,沙田,內圈,沙田 內圈,,,,,,助手,,快踱一圈,H,內圈 快踱一圈 (助手)
J135,06/02/2025,游水,沙田,,沙田,,,,,,,,游水,,
J135,06/02/2025,踱步,沙田,內圈,沙田 內圈,,,,,,副練馬師,,倒快兩圈,H,內圈 倒快兩圈 (副練馬師)
J135,05/02/2025,游水,沙田,,沙田,,,,,,,,游水,,
J135,05/02/2025,快操,沙田,全天候,沙田 全天候,,55.4,55.4,30.1 25.3,,助手,,快操,H,30.1 25.3 (55.4) (助手)
J135,05/02/2025,踱步,沙田,飛機場,沙田 飛機場,,,,,,助手,,踱步,H,飛機場 踱步 (助手)
J135,04/02/2025,游水,沙田,,沙田,,,,,,,,游水,,
J135,04/02/2025,踱步,沙田,內圈,沙田 內圈,,,,,,助手,,快踱一圈,H,內圈 快踱一圈 (助手)
J135,03/02/2025,游水,沙田,,沙田,,,,,,,,游水,,
J135,03/02/2025,踱步,沙田,內圈,沙田 內圈,,,,,,助手,,倒快兩圈,H,內圈 倒快兩圈 (助手)
J135,02/02/2025,游水,沙田,,沙田,,,,,,,,游水,,
J135,02/02/2025,踱步,沙田,內圈,沙田 內圈,,,,,,助手,,快踱一圈,H,內圈 快踱一圈 (助手)
J135,01/02/2025,游水,沙田,,沙田,,,,,,,,游水,,
J135,01/02/2025,踱步,沙田,內圈,沙田 內圈,,,,,,副練馬師,,快踱一圈,H,內圈 快踱一圈 (副練馬師)
J135,31/01/2025,游水,沙田,,沙田,,,,,,,,游水,,
J135,31/01/2025,快操,沙田,全天候,沙田 全天候,,1.00.3,60.3,32.7 27.6,,副練馬師,,快操,H,32.7 27.6 (1.00.3) (副練馬師)
J135,31/01/2025,踱步,沙田,飛機場,沙田 飛機場,,,,,,副練馬師,,踱步,H,飛機場 踱步 (副練馬師)
J135,30/01/2025,游水,沙田,,沙田,,,,,,,,游水,,
J135,30/01/2025,踱步,沙田,內圈,沙田 內圈,,,,,,助手,,倒快兩圈,H,內圈 倒快兩圈 (助手)
J135,28/01/2025,游水,沙田,,沙田,,,,,,,,游水,,
J135,28/01/2025,踱步,沙田,內圈,沙田 內圈,,,,,,助手,,快踱一圈,H,內圈 快踱一圈 (助手)
J135,27/01/2025,游水,沙田,,沙田,,,,,,,,游水,,
J135,27/01/2025,踱步,沙田,內圈,沙田 內圈,,,,,,助手,,倒快一圈,H,內圈 倒快一圈 (助手)
J135,26/01/2025,游水,沙田,,沙田,,,,,,,,游水,,
J135,26/01/2025,踱步,沙田,飛機場,沙田 飛機場,,,,,,助手,,踱步,H,飛機場 踱步 (助手)
J135,25/01/2025,游水,沙田,,沙田,,,,,,,,游水,,
J135,22/01/2025,出賽,跑馬地,草地,跑馬地 草地,1650M,,,,,鍾易禮,3/12,出賽,B/TT,1650M (鍾易禮) (3/12)
J135,22/01/2025,踱步,沙田,飛機場,沙田 飛機場,,,,,,副練馬師,,踱步,H,飛機場 踱步 (副練馬師)
J135,21/01/2025,游水,沙田,,沙田,,,,,,,,游水,,
J135,21/01/2025,踱步,沙田,內圈,沙田 內圈,,,,,,助手,,快踱一圈,H,內圈 快踱一圈 (助手)
J135,20/01/2025,踱步,沙田,內圈,沙田 內圈,,,,,,助手,,倒快兩圈,H,內圈 倒快兩圈 (助手)
J135,18/01/2025,游水,沙田,,沙田,,,,,,,,游水,,
J135,18/01/2025,踱步,沙田,內圈,沙田 內圈,,,,,,副練馬師,,快踱一圈,H,內圈 快踱一圈 (副練馬師)
J135,17/01/2025,游水,沙田,,沙田,,,,,,,,游水,,
J135,17/01/2025,快操,沙田,全天候,沙田 全天候,,53.4,53.4,29.1 24.3,,鍾易禮,,快操,H,29.1 24.3 (53.4) (鍾易禮)
J135,17/01/2025,踱步,沙田,飛機場,沙田 飛機場,,,,,,副練馬師,,踱步,H,飛機場 踱步 (副練馬師)
J135,16/01/2025,游水,沙田,,沙田,,,,,,,,游水,,
J135,16/01/2025,踱步,沙田,內圈,沙田 內圈,,,,,,助手,,倒快兩圈,H,內圈 倒快兩圈 (助手)
J135,15/01/2025,游水,沙田,,沙田,,,,,,,,游水,,
J135,15/01/2025,踱步,沙田,內圈,沙田 內圈,,,,,,助手,,快踱一圈,H,內圈 快踱一圈 (助手)
J135,14/01/2025,游水,沙田,,沙田,,,,,,,,游水,,
J135,14/01/2025,踱步,沙田,內圈,沙田 內圈,,,,,,副練馬師,,快踱一圈,H,內圈 快踱一圈 (副練馬師)
J135,13/01/2025,游水,沙田,,沙田,,,,,,,,游水,,
J135,13/01/2025,踱步,沙田,內圈,沙田 內圈,,,,,,助手,,倒快兩圈,H,內圈 倒快兩圈 (助手)
J135,12/01/2025,游水,沙田,,沙田,,,,,,,,游水,,
J135,12/01/2025,踱步,沙田,飛機場,沙田 飛機場,,,,,,副練馬師,,踱步,H,飛機場 踱步 (副練馬師)
J135,11/01/2025,游水,沙田,,沙田,,,,,,,,游水,,
J135,08/01/2025,出賽,跑馬地,草地,跑馬地 草地,1650M,,,,,周俊樂,3/12,出賽,B/TT,1650M (周俊樂) (3/12)
J135,08/01/2025,踱步,沙田,飛機場,沙田 飛機場,,,,,,助手,,踱步,H,飛機場 踱步 (助手)
J135,07/01/2025,游水,沙田,,沙田,,,,,,,,游水,,
J135,07/01/2025,踱步,沙田,內圈,沙田 內圈,,,,,,助手,,快踱一圈,H,內圈 快踱一圈 (助手)
J135,06/01/2025,游水,沙田,,沙田,,,,,,,,游水,,
J135,06/01/2025,踱步,沙田,內圈,沙田 內圈,,,,,,副練馬師,,倒快兩圈,H,內圈 倒快兩圈 (副練馬師)
J135,05/01/2025,游水,沙田,,沙田,,,,,,,,游水,,
J135,04/01/2025,游水,沙田,,沙田,,,,,,,,游水,,
J135,04/01/2025,快操,沙田,全天候,沙田 全天候,,53.3,53.3,28.5 24.8,,助手,,快操,H,28.5 24.8 (53.3) (助手)
J135,04/01/2025,踱步,沙田,飛機場,沙田 飛機場,,,,,,助手,,踱步,H,飛機場 踱步 (助手)
J135,03/01/2025,游水,沙田,,沙田,,,,,,,,游水,,
J135,03/01/2025,踱步,沙田,內圈,沙田 內圈,,,,,,副練馬師,,快踱一圈,H,內圈 快踱一圈 (副練馬師)
J135,02/01/2025,游水,沙田,,沙田,,,,,,,,游水,,
J135,02/01/2025,踱步,沙田,內圈,沙田 內圈,,,,,,助手,,倒快兩圈,H,內圈 倒快兩圈 (助手)
J135,01/01/2025,游水,沙田,,沙田,,,,,,,,游水,,
J135,01/01/2025,快操,沙田,全天候,沙田 全天候,,51.4,51.4,28.4 23.0,,副練馬師,,皇金合,H,28.4 23.0 (51.4) (副練馬師) 皇金合
J135,01/01/2025,踱步,沙田,飛機場,沙田 飛機場,,,,,,副練馬師,,踱步,H,飛機場 踱步 (副練馬師)
J135,31/12/2024,游水,沙田,,沙田,,,,,,,,游水,,
J135,31/12/2024,踱步,沙田,內圈,沙田 內圈,,,,,,助手,,快踱一圈,H,內圈 快踱一圈 (助手)
J135,30/12/2024,游水,沙田,,沙田,,,,,,,,游水,,
J135,30/12/2024,踱步,沙田,內圈,沙田 內圈,,,,,,副練馬師,,倒快兩圈,H,內圈 倒快兩圈 (副練馬師)
J135,29/12/2024,游水,沙田,,沙田,,,,,,,,游水,,
J135,28/12/2024,游水,沙田,,沙田,,,,,,,,游水,,
J135,28/12/2024,快操,沙田,全天候,沙田 全天候,,53.2,53.2,29.9 23.3,,助手,,魯班精神,H,29.9 23.3 (53.2) (助手) 魯班精神
J135,28/12/2024,踱步,沙田,飛機場,沙田 飛機場,,,,,,助手,,踱步,H,飛機場 踱步 (助手)
J135,27/12/2024,游水,沙田,,沙田,,,,,,,,游水,,
J135,27/12/2024,踱步,沙田,內圈,沙田 內圈,,,,,,副練馬師,,快踱一圈,H,內圈 快踱一圈 (副練馬師)
J135,26/12/2024,游水,沙田,,沙田,,,,,,,,游水,,
J135,26/12/2024,踱步,沙田,內圈,沙田 內圈,,,,,,副練馬師,,倒快兩圈,H,內圈 倒快兩圈 (副練馬師)
J135,25/12/2024,游水,沙田,,沙田,,,,,,,,游水,,
J135,25/12/2024,踱步,沙田,內圈,沙田 內圈,,,,,,助手,,快踱一圈,H,內圈 快踱一圈 (助手)
J135,24/12/2024,游水,沙田,,沙田,,,,,,,,游水,,
J135,24/12/2024,快操,沙田,全天候,沙田 全天候,,55.8,55.8,30.4 25.4,,助手,,快操,H,30.4 25.4 (55.8) (助手)
J135,24/12/2024,踱步,沙田,飛機場,沙田 飛機場,,,,,,助手,,踱步,H,飛機場 踱步 (助手)
J135,23/12/2024,游水,沙田,,沙田,,,,,,,,游水,,
J135,23/12/2024,踱步,沙田,內圈,沙田 內圈,,,,,,副練馬師,,倒快兩圈,H,內圈 倒快兩圈 (副練馬師)
J135,22/12/2024,游水,沙田,,沙田,,,,,,,,游水,,
J135,21/12/2024,游水,沙田,,沙田,,,,,,,,游水,,
J135,21/12/2024,踱步,沙田,內圈,沙田 內圈,,,,,,助手,,快踱一圈,H,內圈 快踱一圈 (助手)
J135,20/12/2024,游水,沙田,,沙田,,,,,,,,游水,,
J135,20/12/2024,快操,沙田,全天候,沙田 全天候,,57.3,57.3,31.0 26.3,,助手,,快操,H,31.0 26.3 (57.3) (助手)
J135,20/12/2024,踱步,沙田,飛機場,沙田 飛機場,,,,,,助手,,踱步,H,飛機場 踱步 (助手)
J135,19/12/2024,游水,沙田,,沙田,,,,,,,,游水,,
J135,19/12/2024,踱步,沙田,內圈,沙田 內圈,,,,,,助手,,倒快兩圈,H,內圈 倒快兩圈 (助手)
J135,18/12/2024,游水,沙田,,沙田,,,,,,,,游水,,
J135,18/12/2024,踱步,沙田,內圈,沙田 內圈,,,,,,助手,,快踱一圈,H,內圈 快踱一圈 (助手)
J135,17/12/2024,游水,沙田,,沙田,,,,,,,,游水,,
J135,17/12/2024,踱步,沙田,內圈,沙田 內圈,,,,,,助手,,快踱一圈,H,內圈 快踱一圈 (助手)
J135,16/12/2024,游水,沙田,,沙田,,,,,,,,游水,,
J135,16/12/2024,踱步,沙田,內圈,沙田 內圈,,,,,,助手,,倒快一圈,H,內圈 倒快一圈 (助手)
J135,15/12/2024,游水,沙田,,沙田,,,,,,,,游水,,
J135,15/12/2024,踱步,沙田,飛機場,沙田 飛機場,,,,,,助手,,踱步,H,飛機場 踱步 (助手)
J135,14/12/2024,游水,沙田,,沙田,,,,,,,,游水,,
J135,14/12/2024,踱步,沙田,內圈,沙田 內圈,,,,,,助手,,快踱一圈,H,內圈 快踱一圈 (助手)
J135,11/12/2024,出賽,跑馬地,草地,跑馬地 草地,1650M,,,,,鍾易禮,1/12,出賽,B2/TT,1650M (鍾易禮) (1/12)
J135,11/12/2024,游水,沙田,,沙田,,,,,,,,游水,,
J135,11/12/2024,踱步,沙田,飛機場,沙田 飛機場,,,,,,助手,,踱步,H,飛機場 踱步 (助手)
J135,10/12/2024,游水,沙田,,沙田,,,,,,,,游水,,
J135,10/12/2024,踱步,沙田,內圈,沙田 內圈,,,,,,助手,,快踱一圈,H,內圈 快踱一圈 (助手)
J135,09/12/2024,游水,沙田,,沙田,,,,,,,,游水,,
J135,08/12/2024,游水,沙田,,沙田,,,,,,,,游水,,
J135,08/12/2024,快操,沙田,全天候,沙田 全天候,,55.3,55.3,29.9 25.4,,助手,,快操,H,29.9 25.4 (55.3) (助手)
J135,08/12/2024,踱步,沙田,飛機場,沙田 飛機場,,,,,,助手,,踱步,H,飛機場 踱步 (助手)
J135,07/12/2024,游水,沙田,,沙田,,,,,,,,游水,,
J135,07/12/2024,踱步,沙田,內圈,沙田 內圈,,,,,,助手,,快踱兩圈,H,內圈 快踱兩圈 (助手)
J135,06/12/2024,游水,沙田,,沙田,,,,,,,,游水,,
J135,06/12/2024,踱步,沙田,內圈,沙田 內圈,,,,,,助手,,快踱一圈,H,內圈 快踱一圈 (助手)
J135,05/12/2024,游水,沙田,,沙田,,,,,,,,游水,,
J135,05/12/2024,踱步,沙田,內圈,沙田 內圈,,,,,,助手,,倒快兩圈,H,內圈 倒快兩圈 (助手)
J135,04/12/2024,游水,沙田,,沙田,,,,,,,,游水,,
J135,04/12/2024,快操,沙田,全天候,沙田 全天候,,52.9,52.9,28.3 24.6,,鍾易禮,,大師爺,B,28.3 24.6 (52.9) (鍾易禮) 大師爺
J135,03/12/2024,游水,沙田,,沙田,,,,,,,,游水,,
J135,03/12/2024,踱步,沙田,內圈,沙田 內圈,,,,,,助手,,快踱一圈,H,內圈 快踱一圈 (助手)
J135,02/12/2024,游水,沙田,,沙田,,,,,,,,游水,,
J135,02/12/2024,踱步,沙田,內圈,沙田 內圈,,,,,,助手,,倒快兩圈,H,內圈 倒快兩圈 (助手)
J135,01/12/2024,游水,沙田,,沙田,,,,,,,,游水,,
J135,30/11/2024,游水,沙田,,沙田,,,,,,,,游水,,
J135,30/11/2024,快操,沙田,全天候,沙田 全天候,,56.4,56.4,31.2 25.2,,助手,,快操,H,31.2 25.2 (56.4) (助手)
J135,30/11/2024,踱步,沙田,飛機場,沙田 飛機場,,,,,,助手,,踱步,H,飛機場 踱步 (助手)
J135,29/11/2024,游水,沙田,,沙田,,,,,,,,游水,,
J135,29/11/2024,踱步,沙田,內圈,沙田 內圈,,,,,,副練馬師,,快踱一圈,H,內圈 快踱一圈 (副練馬師)
J135,28/11/2024,游水,沙田,,沙田,,,,,,,,游水,,
J135,28/11/2024,踱步,沙田,內圈,沙田 內圈,,,,,,助手,,倒快兩圈,H,內圈 倒快兩圈 (助手)
J135,27/11/2024,游水,沙田,,沙田,,,,,,,,游水,,
J135,27/11/2024,踱步,沙田,內圈,沙田 內圈,,,,,,助手,,快踱一圈,H,內圈 快踱一圈 (助手)
J135,26/11/2024,游水,沙田,,沙田,,,,,,,,游水,,
J135,26/11/2024,快操,沙田,全天候,沙田 全天候,,52.7,52.7,28.2 24.5,,助手,,發財秘笈,H,28.2 24.5 (52.7) (助手) 發財秘笈
J135,26/11/2024,踱步,沙田,飛機場,沙田 飛機場,,,,,,助手,,踱步,H,飛機場 踱步 (助手)
J135,25/11/2024,游水,沙田,,沙田,,,,,,,,游水,,
J135,25/11/2024,踱步,沙田,內圈,沙田 內圈,,,,,,助手,,倒快兩圈,H,內圈 倒快兩圈 (助手)
J135,24/11/2024,游水,沙田,,沙田,,,,,,,,游水,,
J135,24/11/2024,踱步,沙田,內圈,沙田 內圈,,,,,,助手,,快踱一圈,H,內圈 快踱一圈 (助手)
J135,23/11/2024,游水,沙田,,沙田,,,,,,,,游水,,
J135,23/11/2024,踱步,沙田,內圈,沙田 內圈,,,,,,助手,,快踱一圈,H,內圈 快踱一圈 (助手)
J135,22/11/2024,游水,沙田,,沙田,,,,,,,,游水,,
J135,22/11/2024,踱步,沙田,內圈,沙田 內圈,,,,,,副練馬師,,快踱一圈,H,內圈 快踱一圈 (副練馬師)
J135,21/11/2024,游水,沙田,,沙田,,,,,,,,游水,,
J135,21/11/2024,快操,沙田,全天候,沙田 全天候,,53.2,53.2,27.3 25.9,,助手,,快操,H,27.3 25.9 (53.2) (助手)
J135,20/11/2024,游水,沙田,,沙田,,,,,,,,游水,,
J135,17/11/2024,出賽,沙田,草地,沙田 草地,1400M,,,,,梁家俊,11/14,出賽,TT,1400M (梁家俊) (11/14)
J135,17/11/2024,踱步,沙田,飛機場,沙田 飛機場,,,,,,助手,,踱步,H,飛機場 踱步 (助手)
J135,16/11/2024,游水,沙田,,沙田,,,,,,,,游水,,
J135,16/11/2024,踱步,沙田,內圈,沙田 內圈,,,,,,助手,,快踱一圈,H,內圈 快踱一圈 (助手)
J135,15/11/2024,游水,沙田,,沙田,,,,,,,,游水,,
J135,15/11/2024,踱步,沙田,內圈,沙田 內圈,,,,,,副練馬師,,快踱兩圈,H,內圈 快踱兩圈 (副練馬師)
J135,14/11/2024,游水,沙田,,沙田,,,,,,,,游水,,
J135,13/11/2024,游水,沙田,,沙田,,,,,,,,游水,,
J135,13/11/2024,快操,沙田,全天候,沙田 全天候,,54.2,54.2,29.1 25.1,,助手,,飛馬將軍,H,29.1 25.1 (54.2) (助手) 飛馬將軍
J135,13/11/2024,踱步,沙田,飛機場,沙田 飛機場,,,,,,助手,,踱步,H,飛機場 踱步 (助手)
J135,12/11/2024,游水,沙田,,沙田,,,,,,,,游水,,
J135,12/11/2024,踱步,沙田,內圈,沙田 內圈,,,,,,助手,,快踱一圈,H,內圈 快踱一圈 (助手)
J135,11/11/2024,游水,沙田,,沙田,,,,,,,,游水,,
J135,11/11/2024,踱步,沙田,內圈,沙田 內圈,,,,,,副練馬師,,倒快一圈,H,內圈 倒快一圈 (副練馬師)
J135,10/11/2024,游水,沙田,,沙田,,,,,,,,游水,,
J135,10/11/2024,踱步,沙田,內圈,沙田 內圈,,,,,,副練馬師,,快踱一圈,H,內圈 快踱一圈 (副練馬師)
J135,09/11/2024,游水,沙田,,沙田,,,,,,,,游水,,
J135,09/11/2024,踱步,沙田,內圈,沙田 內圈,,,,,,助手,,快踱一圈,H,內圈 快踱一圈 (助手)
J135,08/11/2024,游水,沙田,,沙田,,,,,,,,游水,,
J135,08/11/2024,踱步,沙田,內圈,沙田 內圈,,,,,,助手,,快踱一圈,H,內圈 快踱一圈 (助手)
J135,07/11/2024,游水,沙田,,沙田,,,,,,,,游水,,
J135,07/11/2024,踱步,沙田,飛機場,沙田 飛機場,,,,,,助手,,踱步,H,飛機場 踱步 (助手)
J135,06/11/2024,游水,沙田,,沙田,,,,,,,,游水,,
J135,03/11/2024,出賽,沙田,草地,沙田 草地,1200M,,,,,湯普新,10/12,出賽,B-/TT,1200M (湯普新) (10/12)
J135,03/11/2024,踱步,沙田,飛機場,沙田 飛機場,,,,,,助手,,踱步,H,飛機場 踱步 (助手)
J135,02/11/2024,游水,沙田,,沙田,,,,,,,,游水,,
J135,02/11/2024,踱步,沙田,內圈,沙田 內圈,,,,,,助手,,快踱一圈,H,內圈 快踱一圈 (助手)
J135,01/11/2024,游水,沙田,,沙田,,,,,,,,游水,,
J135,01/11/2024,踱步,沙田,內圈,沙田 內圈,,,,,,助手,,快踱一圈,H,內圈 快踱一圈 (助手)
J135,31/10/2024,游水,沙田,,沙田,,,,,,,,游水,,
J135,31/10/2024,踱步,沙田,內圈,沙田 內圈,,,,,,副練馬師,,倒快兩圈,H,內圈 倒快兩圈 (副練馬師)
J135,30/10/2024,游水,沙田,,沙田,,,,,,,,游水,,
J135,30/10/2024,快操,沙田,全天候,沙田 全天候,,1.01.2,61.2,33.6 27.6,,助手,,快操,H,33.6 27.6 (1.01.2) (助手)
J135,30/10/2024,踱步,沙田,飛機場,沙田 飛機場,,,,,,助手,,踱步,H,飛機場 踱步 (助手)
J135,29/10/2024,游水,沙田,,沙田,,,,,,,,游水,,
J135,29/10/2024,踱步,沙田,內圈,沙田 內圈,,,,,,助手,,快踱一圈,H,內圈 快踱一圈 (助手)
J135,28/10/2024,游水,沙田,,沙田,,,,,,,,游水,,
J135,28/10/2024,踱步,沙田,內圈,沙田 內圈,,,,,,助手,,倒快兩圈,H,內圈 倒快兩圈 (助手)
J135,27/10/2024,游水,沙田,,沙田,,,,,,,,游水,,
J135,27/10/2024,踱步,沙田,內圈,沙田 內圈,,,,,,助手,,快踱一圈,H,內圈 快踱一圈 (助手)
J135,26/10/2024,游水,沙田,,沙田,,,,,,,,游水,,
J135,26/10/2024,踱步,沙田,飛機場,沙田 飛機場,,,,,,助手,,踱步,H,飛機場 踱步 (助手)
J135,24/10/2024,試閘,沙田,全天候,沙田 全天候,1200M,1.10.78,70.78,24.2 22.9 23.6,閃耀威龍,湯普新,,第5組,,第5組 (湯普新) 1200M 閃耀威龍 24.2 22.9 23.6 (1.10.78)
J135,23/10/2024,游水,沙田,,沙田,,,,,,,,游水,,
J135,23/10/2024,踱步,沙田,內圈,沙田 內圈,,,,,,助手,,快踱一圈,H,內圈 快踱一圈 (助手)
J135,22/10/2024,游水,沙田,,沙田,,,,,,,,游水,,
J135,22/10/2024,踱步,沙田,內圈,沙田 內圈,,,,,,副練馬師,,快踱一圈,H,內圈 快踱一圈 (副練馬師)
J135,21/10/2024,游水,沙田,,沙田,,,,,,,,游水,,
J135,21/10/2024,踱步,沙田,內圈,沙田 內圈,,,,,,副練馬師,,倒快兩圈,H,內圈 倒快兩圈 (副練馬師)
J135,20/10/2024,游水,沙田,,沙田,,,,,,,,游水,,
J135,20/10/2024,快操,沙田,全天候,沙田 全天候,,54.8,54.8,30.0 24.8,,助手,,快操,H,30.0 24.8 (54.8) (助手)
J135,20/10/2024,踱步,沙田,飛機場,沙田 飛機場,,,,,,助手,,踱步,H,飛機場 踱步 (助手)
J135,19/10/2024,游水,沙田,,沙田,,,,,,,,游水,,
J135,19/10/2024,踱步,沙田,內圈,沙田 內圈,,,,,,助手,,快踱一圈,H,內圈 快踱一圈 (助手)
J135,18/10/2024,游水,沙田,,沙田,,,,,,,,游水,,
J135,18/10/2024,踱步,沙田,內圈,沙田 內圈,,,,,,助手,,快踱一圈,H,內圈 快踱一圈 (助手)
J135,17/10/2024,游水,沙田,,沙田,,,,,,,,游水,,
J135,17/10/2024,踱步,沙田,內圈,沙田 內圈,,,,,,助手,,倒快兩圈,H,內圈 倒快兩圈 (助手)
J135,16/10/2024,游水,沙田,,沙田,,,,,,,,游水,,
J135,16/10/2024,快操,沙田,全天候,沙田 全天候,,52.9,52.9,28.5 24.4,,湯普新,,錶之福將,H,28.5 24.4 (52.9) (湯普新) 錶之福將
J135,16/10/2024,踱步,沙田,飛機場,沙田 飛機場,,,,,,助手,,踱步,H,飛機場 踱步 (助手)
J135,15/10/2024,游水,沙田,,沙田,,,,,,,,游水,,
J135,15/10/2024,踱步,沙田,內圈,沙田 內圈,,,,,,助手,,快踱一圈,H,內圈 快踱一圈 (助手)
J135,14/10/2024,游水,沙田,,沙田,,,,,,,,游水,,
J135,14/10/2024,踱步,沙田,內圈,沙田 內圈,,,,,,助手,,倒快一圈,H,內圈 倒快一圈 (助手)
J135,13/10/2024,游水,沙田,,沙田,,,,,,,,游水,,
J135,12/10/2024,快操,沙田,全天候,沙田 全天候,,52.8,52.8,28.7 24.1,,湯普新,,合金皇,H,28.7 24.1 (52.8) (湯普新) 合金皇
J135,12/10/2024,踱步,沙田,飛機場,沙田 飛機場,,,,,,助手,,踱步,H,飛機場 踱步 (助手)
J135,11/10/2024,游水,沙田,,沙田,,,,,,,,游水,,
J135,11/10/2024,踱步,沙田,內圈,沙田 內圈,,,,,,助手,,快踱一圈,H,內圈 快踱一圈 (助手)
J135,10/10/2024,游水,沙田,,沙田,,,,,,,,游水,,
J135,10/10/2024,踱步,沙田,內圈,沙田 內圈,,,,,,副練馬師,,倒快兩圈,H,內圈 倒快兩圈 (副練馬師)
J135,09/10/2024,游水,沙田,,沙田,,,,,,,,游水,,
J135,09/10/2024,踱步,沙田,內圈,沙田 內圈,,,,,,助手,,快踱一圈,H,內圈 快踱一圈 (助手)
J135,08/10/2024,游水,沙田,,沙田,,,,,,,,游水,,
J135,08/10/2024,快操,沙田,全天候,沙田 全天候,,55.5,55.5,30.2 25.3,,助手,,快操,H,30.2 25.3 (55.5) (助手)
J135,08/10/2024,踱步,沙田,飛機場,沙田 飛機場,,,,,,助手,,踱步,H,飛機場 踱步 (助手)
J135,07/10/2024,游水,沙田,,沙田,,,,,,,,游水,,
J135,07/10/2024,踱步,沙田,內圈,沙田 內圈,,,,,,助手,,倒快兩圈,H,內圈 倒快兩圈 (助手)
J135,06/10/2024,游水,沙田,,沙田,,,,,,,,游水,,
J135,05/10/2024,游水,沙田,,沙田,,,,,,,,游水,,
J135,05/10/2024,踱步,沙田,內圈,沙田 內圈,,,,,,助手,,快踱兩圈,H,內圈 快踱兩圈 (助手)
J135,04/10/2024,游水,沙田,,沙田,,,,,,,,游水,,
J135,04/10/2024,踱步,沙田,內圈,沙田 內圈,,,,,,助手,,快踱一圈,H,內圈 快踱一圈 (助手)
J135,03/10/2024,游水,沙田,,沙田,,,,,,,,游水,,
J135,03/10/2024,快操,沙田,全天候,沙田 全天候,,58.4,58.4,31.5 26.9,,助手,,快操,H,31.5 26.9 (58.4) (助手)
J135,02/10/2024,游水,沙田,,沙田,,,,,,,,游水,,
J135,02/10/2024,踱步,沙田,內圈,沙田 內圈,,,,,,副練馬師,,快踱一圈,H,內圈 快踱一圈 (副練馬師)
J135,01/10/2024,游水,沙田,,沙田,,,,,,,,游水,,
J135,01/10/2024,踱步,沙田,內圈,沙田 內圈,,,,,,助手,,快踱一圈,H,內圈 快踱一圈 (助手)
J135,30/09/2024,踱步,沙田,內圈,沙田 內圈,,,,,,副練馬師,,倒快兩圈,H,內圈 倒快兩圈 (副練馬師)
J135,29/09/2024,踱步,沙田,內圈,沙田 內圈,,,,,,助手,,快踱一圈,H,內圈 快踱一圈 (助手)
J135,28/09/2024,踱步,沙田,內圈,沙田 內圈,,,,,,助手,,快踱一圈,H,內圈 快踱一圈 (助手)
J135,26/09/2024,踱步,沙田,飛機場,沙田 飛機場,,,,,,助手,,踱步,H,飛機場 踱步 (助手)
J135,22/09/2024,出賽,沙田,草地,沙田 草地,1200M,,,,,湯普新,8/11,出賽,B2/TT,1200M (湯普新) (8/11)
J135,21/09/2024,游水,沙田,,沙田,,,,,,,,游水,,
J135,21/09/2024,踱步,沙田,內圈,沙田 內圈,,,,,,助手,,快踱一圈,H,內圈 快踱一圈 (助手)
J135,20/09/2024,游水,沙田,,沙田,,,,,,,,游水,,
J135,20/09/2024,踱步,沙田,內圈,沙田 內圈,,,,,,助手,,快踱一圈,H,內圈 快踱一圈 (助手)
J135,19/09/2024,游水,沙田,,沙田,,,,,,,,游水,,
J135,19/09/2024,踱步,沙田,內圈,沙田 內圈,,,,,,副練馬師,,倒快兩圈,H,內圈 倒快兩圈 (副練馬師)
J135,18/09/2024,游水,沙田,,沙田,,,,,,,,游水,,
J135,18/09/2024,踱步,沙田,內圈,沙田 內圈,,,,,,副練馬師,,快踱一圈,H,內圈 快踱一圈 (副練馬師)
J135,17/09/2024,游水,沙田,,沙田,,,,,,,,游水,,
J135,17/09/2024,快操,沙田,全天候,沙田 全天候,,52.8,52.8,28.5 24.3,,湯普新,,今朝更好,H,28.5 24.3 (52.8) (湯普新) 今朝更好
J135,16/09/2024,游水,沙田,,沙田,,,,,,,,游水,,
J135,16/09/2024,踱步,沙田,內圈,沙田 內圈,,,,,,副練馬師,,倒快兩圈,H,內圈 倒快兩圈 (副練馬師)
J135,15/09/2024,游水,沙田,,沙田,,,,,,,,游水,,
J135,15/09/2024,踱步,沙田,內圈,沙田 內圈,,,,,,助手,,快踱一圈,H,內圈 快踱一圈 (助手)
J135,14/09/2024,游水,沙田,,沙田,,,,,,,,游水,,
J135,14/09/2024,踱步,沙田,內圈,沙田 內圈,,,,,,副練馬師,,快踱一圈,H,內圈 快踱一圈 (副練馬師)
J135,13/09/2024,游水,沙田,,沙田,,,,,,,,游水,,
J135,13/09/2024,踱步,沙田,奧運踱步圈,沙田 奧運踱步圈,,,,,,助手,,踱步,,奧運踱步圈 踱步 (助手)
J135,12/09/2024,游水,沙田,,沙田,,,,,,,,游水,,
J135,12/09/2024,踱步,沙田,內圈,沙田 內圈,,,,,,副練馬師,,倒快一圈,,內圈 倒快一圈 (副練馬師)
J135,11/09/2024,游水,沙田,,沙田,,,,,,,,游水,,
J135,11/09/2024,踱步,沙田,奧運踱步圈,沙田 奧運踱步圈,,,,,,助手,,踱步,,奧運踱步圈 踱步 (助手)
J135,10/09/2024,試閘,沙田,全天候,沙田 全天候,1200M,1.10.24,70.24,23.8 22.7 23.7,綠色好威,湯普新,,第3組,B,第3組 (湯普新) 1200M 綠色好威 23.8 22.7 23.7 (1.10.24)
J135,09/09/2024,游水,沙田,,沙田,,,,,,,,游水,,
J135,09/09/2024,踱步,沙田,內圈,沙田 內圈,,,,,,助手,,倒快兩圈,H,內圈 倒快兩圈 (助手)
J135,08/09/2024,游水,沙田,,沙田,,,,,,,,游水,,
J135,08/09/2024,踱步,沙田,內圈,沙田 內圈,,,,,,助手,,快踱一圈,H,內圈 快踱一圈 (助手)
J135,07/09/2024,游水,沙田,,沙田,,,,,,,,游水,,
J135,07/09/2024,快操,沙田,全天候,沙田 全天候,,53.2,53.2,28.2 25.0,,助手,,快操,H,28.2 25.0 (53.2) (助手)
J135,06/09/2024,游水,沙田,,沙田,,,,,,,,游水,,
J135,05/09/2024,游水,沙田,,沙田,,,,,,,,游水,,
J135,05/09/2024,踱步,沙田,內圈,沙田 內圈,,,,,,助手,,倒快兩圈,H,內圈 倒快兩圈 (助手)
J135,04/09/2024,游水,沙田,,沙田,,,,,,,,游水,,
J135,04/09/2024,踱步,沙田,內圈,沙田 內圈,,,,,,助手,,快踱一圈,H,內圈 快踱一圈 (助手)
J135,03/09/2024,游水,沙田,,沙田,,,,,,,,游水,,
J135,03/09/2024,快操,沙田,全天候,沙田 全天候,,52.1,52.1,29.2 22.9,,助手,,快操,H,29.2 22.9 (52.1) (助手)
J135,02/09/2024,游水,沙田,,沙田,,,,,,,,游水,,
J135,02/09/2024,踱步,沙田,內圈,沙田 內圈,,,,,,助手,,倒快一圈,H,內圈 倒快一圈 (助手)
J135,01/09/2024,游水,沙田,,沙田,,,,,,,,游水,,
J135,01/09/2024,踱步,沙田,內圈,沙田 內圈,,,,,,助手,,快踱一圈,H,內圈 快踱一圈 (助手)
J135,31/08/2024,游水,沙田,,沙田,,,,,,,,游水,,
J135,31/08/2024,踱步,沙田,內圈,沙田 內圈,,,,,,助手,,快踱一圈,H,內圈 快踱一圈 (助手)
J135,30/08/2024,游水,從化,,從化,,,,,,,,游水,,
J135,30/08/2024,踱步,從化,內圈,從化 內圈,,,,,,助手,,快踱一圈,H/XB,內圈 快踱一圈 (助手)
J135,29/08/2024,游水,從化,,從化,,,,,,,,游水,,
J135,29/08/2024,踱步,從化,內圈,從化 內圈,,,,,,助手,,倒快一圈,H/XB,內圈 倒快一圈 (助手)
J135,28/08/2024,游水,從化,,從化,,,,,,,,游水,,
J135,28/08/2024,踱步,從化,內圈,從化 內圈,,,,,,助手,,快踱一圈,H/XB,內圈 快踱一圈 (助手)
J135,27/08/2024,游水,從化,,從化,,,,,,,,游水,,
J135,27/08/2024,踱步,從化,飛機場,從化 飛機場,,,,,,助手,,踱步,H/XB,飛機場 踱步 (助手)
J135,26/08/2024,試閘,從化,草地,從化 草地,1000M,0.58.36,58.36,13.9 21.8 22.6,非凡達,哥拉利,,第4組,,第4組 (哥拉利) 1000M 非凡達 13.9 21.8 22.6 (0.58.36)
J135,26/08/2024,踱步,從化,飛機場,從化 飛機場,,,,,,助手,,踱步,,飛機場 踱步 (助手)
J135,25/08/2024,游水,從化,,從化,,,,,,,,游水,,
J135,25/08/2024,踱步,從化,內圈,從化 內圈,,,,,,助手,,快踱一圈,H/XB,內圈 快踱一圈 (助手)
J135,24/08/2024,游水,從化,,從化,,,,,,,,游水,,
J135,24/08/2024,踱步,從化,內圈,從化 內圈,,,,,,助手,,快踱一圈,H/XB,內圈 快踱一圈 (助手)
J135,23/08/2024,游水,從化,,從化,,,,,,,,游水,,
J135,23/08/2024,踱步,從化,內圈,從化 內圈,,,,,,助手,,快踱一圈,H/XB,內圈 快踱一圈 (助手)
J135,22/08/2024,游水,從化,,從化,,,,,,,,游水,,
J135,22/08/2024,快操,從化,全天候,從化 全天候,,51.5,51.5,27.4 24.1,,助手,,快操,H,27.4 24.1 (51.5) (助手)
J135,22/08/2024,踱步,從化,飛機場,從化 飛機場,,,,,,助手,,踱步,H,飛機場 踱步 (助手)
J135,21/08/2024,游水,從化,,從化,,,,,,,,游水,,
J135,21/08/2024,踱步,從化,內圈,從化 內圈,,,,,,助手,,快踱一圈,H/XB,內圈 快踱一圈 (助手)
J135,20/08/2024,游水,從化,,從化,,,,,,,,游水,,
J135,20/08/2024,踱步,從化,內圈,從化 內圈,,,,,,助手,,快踱一圈,H/XB,內圈 快踱一圈 (助手)
J135,19/08/2024,游水,從化,,從化,,,,,,,,游水,,
J135,19/08/2024,踱步,從化,內圈,從化 內圈,,,,,,助手,,倒快一圈,H/XB,內圈 倒快一圈 (助手)
J135,18/08/2024,游水,從化,,從化,,,,,,,,游水,,
J135,17/08/2024,游水,從化,,從化,,,,,,,,游水,,
J135,17/08/2024,踱步,從化,內圈,從化 內圈,,,,,,助手,,快踱一圈,H/XB,內圈 快踱一圈 (助手)
J135,16/08/2024,游水,從化,,從化,,,,,,,,游水,,
J135,16/08/2024,踱步,從化,飛機場,從化 飛機場,,,,,,助手,,踱步,H/XB,飛機場 踱步 (助手)
J135,15/08/2024,試閘,從化,全天候,從化 全天候,1200M,1.12.42,72.42,25.8 23.2 23.4,超旺財,哥拉利,,第3組,,第3組 (哥拉利) 1200M 超旺財 25.8 23.2 23.4 (1.12.42)
J135,15/08/2024,踱步,從化,飛機場,從化 飛機場,,,,,,助手,,踱步,,飛機場 踱步 (助手)
J135,14/08/2024,游水,從化,,從化,,,,,,,,游水,,
J135,14/08/2024,踱步,從化,內圈,從化 內圈,,,,,,助手,,快踱一圈,H/XB,內圈 快踱一圈 (助手)
J135,13/08/2024,游水,從化,,從化,,,,,,,,游水,,
J135,13/08/2024,踱步,從化,內圈,從化 內圈,,,,,,助手,,快踱一圈,H/XB,內圈 快踱一圈 (助手)
J135,12/08/2024,游水,從化,,從化,,,,,,,,游水,,
J135,12/08/2024,快操,從化,全天候,從化 全天候,,53.2,53.2,28.6 24.6,,助手,,快操,H,28.6 24.6 (53.2) (助手)
J135,12/08/2024,踱步,從化,飛機場,從化 飛機場,,,,,,助手,,踱步,H,飛機場 踱步 (助手)
J135,11/08/2024,游水,從化,,從化,,,,,,,,游水,,
J135,11/08/2024,踱步,從化,內圈,從化 內圈,,,,,,助手,,快踱一圈,H/XB,內圈 快踱一圈 (助手)
J135,10/08/2024,游水,從化,,從化,,,,,,,,游水,,
J135,10/08/2024,踱步,從化,內圈,從化 內圈,,,,,,副練馬師,,快踱一圈,H/XB,內圈 快踱一圈 (副練馬師)
J135,09/08/2024,游水,從化,,從化,,,,,,,,游水,,
J135,09/08/2024,踱步,從化,內圈,從化 內圈,,,,,,助手,,快踱一圈,H/XB,內圈 快踱一圈 (助手)
J135,08/08/2024,游水,從化,,從化,,,,,,,,游水,,
J135,08/08/2024,踱步,從化,內圈,從化 內圈,,,,,,助手,,倒快一圈,H/XB,內圈 倒快一圈 (助手)
J135,07/08/2024,游水,從化,,從化,,,,,,,,游水,,
J135,07/08/2024,踱步,從化,內圈,從化 內圈,,,,,,助手,,快踱一圈,H/XB,內圈 快踱一圈 (助手)
J135,06/08/2024,游水,從化,,從化,,,,,,,,游水,,
J135,06/08/2024,踱步,從化,內圈,從化 內圈,,,,,,助手,,快踱一圈,H/XB,內圈 快踱一圈 (助手)
J135,05/08/2024,游水,從化,,從化,,,,,,,,游水,,
J135,05/08/2024,快操,從化,全天候,從化 全天候,,53.2,53.2,26.7 26.5,,助手,,快操,H,26.7 26.5 (53.2) (助手)
J135,05/08/2024,踱步,從化,飛機場,從化 飛機場,,,,,,助手,,踱步,H,飛機場 踱步 (助手)
J135,04/08/2024,游水,從化,,從化,,,,,,,,游水,,
J135,03/08/2024,游水,從化,,從化,,,,,,,,游水,,
J135,03/08/2024,踱步,從化,內圈,從化 內圈,,,,,,助手,,快踱一圈,H/XB,內圈 快踱一圈 (助手)
J135,02/08/2024,游水,從化,,從化,,,,,,,,游水,,
J135,02/08/2024,踱步,從化,內圈,從化 內圈,,,,,,助手,,快踱一圈,H/XB,內圈 快踱一圈 (助手)
J135,01/08/2024,游水,從化,,從化,,,,,,,,游水,,
J135,01/08/2024,踱步,從化,內圈,從化 內圈,,,,,,助手,,倒快一圈,H/XB,內圈 倒快一圈 (助手)
J135,31/07/2024,快操,從化,全天候,從化 全天候,,52.5,52.5,28.1 24.4,,助手,,快操,H,28.1 24.4 (52.5) (助手)
J135,31/07/2024,踱步,從化,飛機場,從化 飛機場,,,,,,助手,,踱步,H,飛機場 踱步 (助手)
J135,30/07/2024,游水,從化,,從化,,,,,,,,游水,,
J135,30/07/2024,踱步,從化,內圈,從化 內圈,,,,,,助手,,快踱一圈,H/XB,內圈 快踱一圈 (助手)
J135,29/07/2024,踱步,從化,內圈,從化 內圈,,,,,,助手,,倒快一圈,H/XB,內圈 倒快一圈 (助手)
J135,27/07/2024,踱步,從化,內圈,從化 內圈,,,,,,助手,,快踱一圈,H/XB,內圈 快踱一圈 (助手)
J135,26/07/2024,踱步,從化,內圈,從化 內圈,,,,,,助手,,快踱一圈,H/XB,內圈 快踱一圈 (助手)
J135,25/07/2024,踱步,從化,內圈,從化 內圈,,,,,,助手,,倒快一圈,H/XB,內圈 倒快一圈 (助手)
J135,24/07/2024,踱步,從化,內圈,從化 內圈,,,,,,助手,,快踱一圈,H/XB,內圈 快踱一圈 (助手)
J135,23/07/2024,踱步,從化,內圈,從化 內圈,,,,,,助手,,快踱一圈,H/XB,內圈 快踱一圈 (助手)
J135,22/07/2024,踱步,從化,飛機場,從化 飛機場,,,,,,助手,,踱步,H/XB,飛機場 踱步 (助手)
J135,20/07/2024,踱步,從化,飛機場,從化 飛機場,,,,,,助手,,踱步,H/XB,飛機場 踱步 (助手)
J135,19/07/2024,踱步,從化,飛機場,從化 飛機場,,,,,,助手,,踱步,H/XB,飛機場 踱步 (助手)
J135,18/07/2024,踱步,從化,飛機場,從化 飛機場,,,,,,助手,,踱步,H/XB,飛機場 踱步 (助手)
J135,17/07/2024,踱步,從化,飛機場,從化 飛機場,,,,,,助手,,踱步,H/XB,飛機場 踱步 (助手)
J135,16/07/2024,踱步,從化,飛機場,從化 飛機場,,,,,,助手,,踱步,H/XB,飛機場 踱步 (助手)
J135,15/07/2024,踱步,從化,飛機場,從化 飛機場,,,,,,助手,,踱步,H/XB,飛機場 踱步 (助手)
J135,14/07/2024,游水,從化,,從化,,,,,,,,游水,,
J135,13/07/2024,游水,從化,,從化,,,,,,,,游水,,
J135,13/07/2024,快操,從化,全天候,從化 全天候,,52.0,52.0,28.0 24.0,,助手,,快操,H,28.0 24.0 (52.0) (助手)
J135,13/07/2024,踱步,從化,飛機場,從化 飛機場,,,,,,助手,,踱步,H,飛機場 踱步 (助手)
J135,12/07/2024,游水,從化,,從化,,,,,,,,游水,,
J135,12/07/2024,踱步,從化,內圈,從化 內圈,,,,,,助手,,快踱一圈,H/XB,內圈 快踱一圈 (助手)
J135,11/07/2024,游水,從化,,從化,,,,,,,,游水,,
J135,11/07/2024,踱步,從化,內圈,從化 內圈,,,,,,助手,,倒快一圈,H/XB,內圈 倒快一圈 (助手)
J135,10/07/2024,游水,從化,,從化,,,,,,,,游水,,
J135,10/07/2024,踱步,從化,內圈,從化 內圈,,,,,,助手,,快踱一圈,H/XB,內圈 快踱一圈 (助手)
J135,09/07/2024,游水,從化,,從化,,,,,,,,游水,,
J135,09/07/2024,快操,從化,全天候,從化 全天候,,51.8,51.8,27.6 24.2,,助手,,快操,H,27.6 24.2 (51.8) (助手)
J135,09/07/2024,踱步,從化,飛機場,從化 飛機場,,,,,,助手,,踱步,H,飛機場 踱步 (助手)
J135,08/07/2024,游水,從化,,從化,,,,,,,,游水,,
J135,08/07/2024,踱步,從化,內圈,從化 內圈,,,,,,助手,,倒快一圈,H/XB,內圈 倒快一圈 (助手)
J135,07/07/2024,游水,從化,,從化,,,,,,,,游水,,
J135,07/07/2024,踱步,從化,內圈,從化 內圈,,,,,,助手,,快踱一圈,H/XB,內圈 快踱一圈 (助手)
J135,06/07/2024,游水,從化,,從化,,,,,,,,游水,,
J135,06/07/2024,快操,從化,全天候,從化 全天候,,53.3,53.3,29.1 24.2,,助手,,快操,H,29.1 24.2 (53.3) (助手)
J135,06/07/2024,踱步,從化,飛機場,從化 飛機場,,,,,,助手,,踱步,H,飛機場 踱步 (助手)
J135,05/07/2024,游水,從化,,從化,,,,,,,,游水,,
J135,05/07/2024,踱步,從化,內圈,從化 內圈,,,,,,助手,,快踱一圈,H/XB,內圈 快踱一圈 (助手)
J135,04/07/2024,游水,從化,,從化,,,,,,,,游水,,
J135,04/07/2024,踱步,從化,內圈,從化 內圈,,,,,,助手,,倒快兩圈,H/XB,內圈 倒快兩圈 (助手)
J135,03/07/2024,游水,從化,,從化,,,,,,,,游水,,
J135,03/07/2024,踱步,從化,內圈,從化 內圈,,,,,,助手,,快踱一圈,H/XB,內圈 快踱一圈 (助手)
J135,02/07/2024,游水,從化,,從化,,,,,,,,游水,,
J135,02/07/2024,快操,從化,全天候,從化 全天候,,51.6,51.6,27.4 24.2,,助手,,快操,H,27.4 24.2 (51.6) (助手)
J135,02/07/2024,踱步,從化,飛機場,從化 飛機場,,,,,,助手,,踱步,H,飛機場 踱步 (助手)
J135,01/07/2024,游水,從化,,從化,,,,,,,,游水,,
J135,01/07/2024,踱步,從化,內圈,從化 內圈,,,,,,助手,,倒快兩圈,H/XB,內圈 倒快兩圈 (助手)
J135,30/06/2024,游水,從化,,從化,,,,,,,,游水,,
J135,29/06/2024,游水,從化,,從化,,,,,,,,游水,,
J135,29/06/2024,快操,從化,全天候,從化 全天候,,53.0,53.0,28.5 24.5,,助手,,快操,H,28.5 24.5 (53.0) (助手)
J135,29/06/2024,踱步,從化,飛機場,從化 飛機場,,,,,,助手,,踱步,H,飛機場 踱步 (助手)
J135,28/06/2024,游水,從化,,從化,,,,,,,,游水,,
J135,28/06/2024,踱步,從化,內圈,從化 內圈,,,,,,助手,,快踱一圈,H/XB,內圈 快踱一圈 (助手)
J135,27/06/2024,游水,從化,,從化,,,,,,,,游水,,
J135,27/06/2024,踱步,從化,內圈,從化 內圈,,,,,,助手,,倒快一圈,H/XB,內圈 倒快一圈 (助手)
J135,26/06/2024,游水,從化,,從化,,,,,,,,游水,,
J135,26/06/2024,踱步,從化,內圈,從化 內圈,,,,,,助手,,快踱一圈,H/XB,內圈 快踱一圈 (助手)
J135,25/06/2024,游水,從化,,從化,,,,,,,,游水,,
J135,25/06/2024,踱步,從化,內圈,從化 內圈,,,,,,助手,,快踱一圈,H/XB,內圈 快踱一圈 (助手)
J135,24/06/2024,游水,從化,,從化,,,,,,,,游水,,
J135,24/06/2024,快操,從化,全天候,從化 全天候,,54.2,54.2,28.5 25.7,,助手,,快操,H,28.5 25.7 (54.2) (助手)
J135,24/06/2024,踱步,從化,飛機場,從化 飛機場,,,,,,助手,,踱步,H,飛機場 踱步 (助手)
J135,23/06/2024,游水,從化,,從化,,,,,,,,游水,,
J135,23/06/2024,踱步,從化,內圈,從化 內圈,,,,,,助手,,快踱一圈,H/XB,內圈 快踱一圈 (助手)
J135,22/06/2024,游水,從化,,從化,,,,,,,,游水,,
J135,22/06/2024,踱步,從化,內圈,從化 內圈,,,,,,助手,,快踱一圈,H/XB,內圈 快踱一圈 (助手)
J135,21/06/2024,游水,從化,,從化,,,,,,,,游水,,
J135,21/06/2024,快操,從化,全天候,從化 全天候,,58.8,58.8,29.3 29.5,,助手,,快操,H,29.3 29.5 (58.8) (助手)
J135,21/06/2024,踱步,從化,飛機場,從化 飛機場,,,,,,助手,,踱步,H,飛機場 踱步 (助手)
J135,20/06/2024,游水,從化,,從化,,,,,,,,游水,,
J135,20/06/2024,踱步,從化,內圈,從化 內圈,,,,,,助手,,倒快兩圈,H/XB,內圈 倒快兩圈 (助手)
J135,19/06/2024,游水,從化,,從化,,,,,,,,游水,,
J135,19/06/2024,踱步,從化,內圈,從化 內圈,,,,,,助手,,快踱一圈,H/XB,內圈 快踱一圈 (助手)
J135,18/06/2024,游水,從化,,從化,,,,,,,,游水,,
J135,18/06/2024,踱步,從化,內圈,從化 內圈,,,,,,助手,,快踱一圈,H/XB,內圈 快踱一圈 (助手)
J135,17/06/2024,游水,從化,,從化,,,,,,,,游水,,
J135,17/06/2024,快操,從化,全天候,從化 全天候,,58.5,58.5,29.9 28.6,,助手,,快操,H,29.9 28.6 (58.5) (助手)
J135,17/06/2024,踱步,從化,飛機場,從化 飛機場,,,,,,助手,,踱步,H,飛機場 踱步 (助手)
J135,16/06/2024,游水,從化,,從化,,,,,,,,游水,,
J135,16/06/2024,踱步,從化,內圈,從化 內圈,,,,,,助手,,快踱一圈,H/XB,內圈 快踱一圈 (助手)
J135,15/06/2024,游水,從化,,從化,,,,,,,,游水,,
J135,15/06/2024,踱步,從化,內圈,從化 內圈,,,,,,助手,,快踱兩圈,H/XB,內圈 快踱兩圈 (助手)
J135,14/06/2024,游水,從化,,從化,,,,,,,,游水,,
J135,14/06/2024,踱步,從化,內圈,從化 內圈,,,,,,助手,,快踱一圈,H/XB,內圈 快踱一圈 (助手)
J135,13/06/2024,游水,從化,,從化,,,,,,,,游水,,
J135,13/06/2024,踱步,從化,內圈,從化 內圈,,,,,,助手,,倒快一圈,H/XB,內圈 倒快一圈 (助手)
J135,12/06/2024,游水,從化,,從化,,,,,,,,游水,,
J135,12/06/2024,踱步,從化,內圈,從化 內圈,,,,,,助手,,快踱兩圈,H/XB,內圈 快踱兩圈 (助手)
J135,11/06/2024,游水,從化,,從化,,,,,,,,游水,,
J135,11/06/2024,踱步,從化,內圈,從化 內圈,,,,,,助手,,快踱一圈,H/XB,內圈 快踱一圈 (助手)
J135,10/06/2024,游水,從化,,從化,,,,,,,,游水,,
J135,10/06/2024,踱步,從化,內圈,從化 內圈,,,,,,助手,,倒快一圈,H/XB,內圈 倒快一圈 (助手)
J135,09/06/2024,游水,從化,,從化,,,,,,,,游水,,
J135,08/06/2024,游水,從化,,從化,,,,,,,,游水,,
J135,08/06/2024,踱步,從化,內圈,從化 內圈,,,,,,助手,,快踱一圈,H/XB,內圈 快踱一圈 (助手)
J135,07/06/2024,游水,從化,,從化,,,,,,,,游水,,
J135,07/06/2024,踱步,從化,內圈,從化 內圈,,,,,,助手,,快踱一圈,H/XB,內圈 快踱一圈 (助手)
J135,06/06/2024,游水,從化,,從化,,,,,,,,游水,,
J135,06/06/2024,踱步,從化,內圈,從化 內圈,,,,,,助手,,倒快一圈,H/XB,內圈 倒快一圈 (助手)
J135,05/06/2024,游水,從化,,從化,,,,,,,,游水,,
J135,05/06/2024,踱步,從化,內圈,從化 內圈,,,,,,助手,,快踱一圈,H/XB,內圈 快踱一圈 (助手)
J135,04/06/2024,游水,從化,,從化,,,,,,,,游水,,
J135,04/06/2024,踱步,從化,內圈,從化 內圈,,,,,,助手,,快踱一圈,H/XB,內圈 快踱一圈 (助手)
J135,03/06/2024,游水,沙田,,沙田,,,,,,,,游水,,
J135,03/06/2024,踱步,沙田,奧運踱步圈,沙田 奧運踱步圈,,,,,,助手,,踱步,,奧運踱步圈 踱步 (助手)
J135,02/06/2024,游水,沙田,,沙田,,,,,,,,游水,,
J135,01/06/2024,游水,沙田,,沙田,,,,,,,,游水,,
J135,01/06/2024,踱步,沙田,奧運踱步圈,沙田 奧運踱步圈,,,,,,助手,,踱步,,奧運踱步圈 踱步 (助手)
J135,31/05/2024,游水,沙田,,沙田,,,,,,,,游水,,
J135,30/05/2024,游水,沙田,,沙田,,,,,,,,游水,,
J135,29/05/2024,游水,沙田,,沙田,,,,,,,,游水,,
J135,29/05/2024,踱步,沙田,奧運踱步圈,沙田 奧運踱步圈,,,,,,助手,,踱步,,奧運踱步圈 踱步 (助手)
J135,06/05/2024,游水,沙田,,沙田,,,,,,,,游水,,
J135,05/05/2024,游水,沙田,,沙田,,,,,,,,游水,,
J135,04/05/2024,游水,沙田,,沙田,,,,,,,,游水,,
J135,03/05/2024,游水,沙田,,沙田,,,,,,,,游水,,
J135,02/05/2024,游水,沙田,,沙田,,,,,,,,游水,,
J135,01/05/2024,游水,沙田,,沙田,,,,,,,,游水,,
J135,30/04/2024,游水,沙田,,沙田,,,,,,,,游水,,
J135,30/04/2024,踱步,沙田,內圈,沙田 內圈,,,,,,助手,,快踱一圈,H,內圈 快踱一圈 (助手)
J135,29/04/2024,游水,沙田,,沙田,,,,,,,,游水,,
J135,29/04/2024,快操,沙田,全天候,沙田 全天候,,52.3,52.3,27.8 24.5,,助手,,快操,,27.8 24.5 (52.3) (助手)
J135,28/04/2024,游水,沙田,,沙田,,,,,,,,游水,,
J135,27/04/2024,游水,沙田,,沙田,,,,,,,,游水,,
J135,27/04/2024,踱步,沙田,奧運踱步圈,沙田 奧運踱步圈,,,,,,助手,,踱步,,奧運踱步圈 踱步 (助手)
J135,26/04/2024,游水,沙田,,沙田,,,,,,,,游水,,
J135,24/04/2024,出賽,跑馬地,草地,跑馬地 草地,1650M,,,,,賀銘年,11/12,出賽,B-/TT,1650M (賀銘年) (11/12)
J135,24/04/2024,踱步,沙田,內圈,沙田 內圈,,,,,,助手,,快踱一圈,H,內圈 快踱一圈 (助手)
J135,23/04/2024,游水,沙田,,沙田,,,,,,,,游水,,
J135,23/04/2024,踱步,沙田,內圈,沙田 內圈,,,,,,助手,,快踱一圈,H,內圈 快踱一圈 (助手)
J135,22/04/2024,游水,沙田,,沙田,,,,,,,,游水,,
J135,22/04/2024,踱步,沙田,內圈,沙田 內圈,,,,,,助手,,倒快一圈,H,內圈 倒快一圈 (助手)
J135,21/04/2024,游水,沙田,,沙田,,,,,,,,游水,,
J135,21/04/2024,踱步,沙田,內圈,沙田 內圈,,,,,,助手,,快踱一圈,H,內圈 快踱一圈 (助手)
J135,20/04/2024,游水,沙田,,沙田,,,,,,,,游水,,
J135,20/04/2024,快操,沙田,全天候,沙田 全天候,,52.7,52.7,28.0 24.7,,助手,,快操,H,28.0 24.7 (52.7) (助手)
J135,19/04/2024,游水,沙田,,沙田,,,,,,,,游水,,
J135,19/04/2024,踱步,沙田,內圈,沙田 內圈,,,,,,助手,,快踱一圈,H,內圈 快踱一圈 (助手)
J135,18/04/2024,游水,沙田,,沙田,,,,,,,,游水,,
J135,18/04/2024,踱步,沙田,內圈,沙田 內圈,,,,,,助手,,倒快一圈,H,內圈 倒快一圈 (助手)
J135,17/04/2024,游水,沙田,,沙田,,,,,,,,游水,,
J135,17/04/2024,踱步,沙田,內圈,沙田 內圈,,,,,,助手,,快踱一圈,H,內圈 快踱一圈 (助手)
J135,16/04/2024,游水,沙田,,沙田,,,,,,,,游水,,
J135,16/04/2024,踱步,沙田,內圈,沙田 內圈,,,,,,助手,,快踱一圈,H,內圈 快踱一圈 (助手)
J135,15/04/2024,游水,沙田,,沙田,,,,,,,,游水,,
J135,15/04/2024,踱步,沙田,內圈,沙田 內圈,,,,,,助手,,倒快一圈,H,內圈 倒快一圈 (助手)
J135,14/04/2024,游水,沙田,,沙田,,,,,,,,游水,,
J135,13/04/2024,游水,沙田,,沙田,,,,,,,,游水,,
J135,12/04/2024,游水,沙田,,沙田,,,,,,,,游水,,
J135,12/04/2024,踱步,沙田,奧運踱步圈,沙田 奧運踱步圈,,,,,,助手,,踱步,,奧運踱步圈 踱步 (助手)
J135,10/04/2024,出賽,跑馬地,草地,跑馬地 草地,1650M,,,,,霍宏聲,12/12,出賽,B/TT,1650M (霍宏聲) (12/12)
J135,10/04/2024,踱步,沙田,內圈,沙田 內圈,,,,,,助手,,快踱一圈,H,內圈 快踱一圈 (助手)
J135,09/04/2024,游水,沙田,,沙田,,,,,,,,游水,,
J135,09/04/2024,踱步,沙田,內圈,沙田 內圈,,,,,,助手,,快踱一圈,H,內圈 快踱一圈 (助手)
J135,08/04/2024,游水,沙田,,沙田,,,,,,,,游水,,
J135,08/04/2024,快操,沙田,全天候,沙田 全天候,,56.9,56.9,29.6 27.3,,助手,,快操,H,29.6 27.3 (56.9) (助手)
J135,07/04/2024,游水,沙田,,沙田,,,,,,,,游水,,
J135,07/04/2024,踱步,沙田,內圈,沙田 內圈,,,,,,助手,,快踱一圈,H,內圈 快踱一圈 (助手)
J135,06/04/2024,游水,沙田,,沙田,,,,,,,,游水,,
J135,06/04/2024,踱步,沙田,內圈,沙田 內圈,,,,,,助手,,快踱一圈,H,內圈 快踱一圈 (助手)
J135,05/04/2024,游水,沙田,,沙田,,,,,,,,游水,,
J135,05/04/2024,踱步,沙田,內圈,沙田 內圈,,,,,,助手,,快踱一圈,H,內圈 快踱一圈 (助手)
J135,04/04/2024,游水,沙田,,沙田,,,,,,,,游水,,
J135,04/04/2024,踱步,沙田,內圈,沙田 內圈,,,,,,助手,,倒快一圈,H,內圈 倒快一圈 (助手)
J135,03/04/2024,游水,沙田,,沙田,,,,,,,,游水,,
J135,03/04/2024,踱步,沙田,內圈,沙田 內圈,,,,,,助手,,快踱兩圈,H,內圈 快踱兩圈 (助手)
J135,02/04/2024,游水,沙田,,沙田,,,,,,,,游水,,
J135,02/04/2024,快操,沙田,全天候,沙田 全天候,,54.8,54.8,28.3 26.5,,助手,,快操,H,28.3 26.5 (54.8) (助手)
J135,01/04/2024,游水,沙田,,沙田,,,,,,,,游水,,
J135,01/04/2024,踱步,沙田,內圈,沙田 內圈,,,,,,助手,,倒快兩圈,H,內圈 倒快兩圈 (助手)
J135,31/03/2024,游水,沙田,,沙田,,,,,,,,游水,,
J135,30/03/2024,游水,沙田,,沙田,,,,,,,,游水,,
J135,30/03/2024,踱步,沙田,內圈,沙田 內圈,,,,,,助手,,快踱一圈,H,內圈 快踱一圈 (助手)
J135,29/03/2024,游水,沙田,,沙田,,,,,,,,游水,,
J135,29/03/2024,踱步,沙田,內圈,沙田 內圈,,,,,,助手,,快踱一圈,H,內圈 快踱一圈 (助手)
J135,28/03/2024,游水,沙田,,沙田,,,,,,,,游水,,
J135,28/03/2024,踱步,沙田,內圈,沙田 內圈,,,,,,助手,,倒快一圈,H,內圈 倒快一圈 (助手)
J135,27/03/2024,游水,沙田,,沙田,,,,,,,,游水,,
J135,27/03/2024,踱步,沙田,內圈,沙田 內圈,,,,,,助手,,快踱一圈,H,內圈 快踱一圈 (助手)
J135,26/03/2024,游水,沙田,,沙田,,,,,,,,游水,,
J135,26/03/2024,踱步,沙田,奧運踱步圈,沙田 奧運踱步圈,,,,,,助手,,踱步,,奧運踱步圈 踱步 (助手)
J135,24/03/2024,出賽,沙田,草地,沙田 草地,1400M,,,,,巴度,13/14,出賽,B/TT,1400M (巴度) (13/14)
J135,24/03/2024,踱步,沙田,奧運踱步圈,沙田 奧運踱步圈,,,,,,助手,,踱步,,奧運踱步圈 踱步 (助手)
J135,23/03/2024,游水,沙田,,沙田,,,,,,,,游水,,
J135,23/03/2024,踱步,沙田,內圈,沙田 內圈,,,,,,助手,,快踱一圈,H,內圈 快踱一圈 (助手)
J135,22/03/2024,游水,沙田,,沙田,,,,,,,,游水,,
J135,22/03/2024,踱步,沙田,內圈,沙田 內圈,,,,,,助手,,快踱一圈,H,內圈 快踱一圈 (助手)
J135,21/03/2024,游水,沙田,,沙田,,,,,,,,游水,,
J135,21/03/2024,快操,沙田,全天候,沙田 全天候,,53.6,53.6,28.5 25.1,,助手,,快操,H,28.5 25.1 (53.6) (助手)
J135,20/03/2024,游水,沙田,,沙田,,,,,,,,游水,,
J135,20/03/2024,踱步,沙田,內圈,沙田 內圈,,,,,,助手,,快踱一圈,H,內圈 快踱一圈 (助手)
J135,19/03/2024,游水,沙田,,沙田,,,,,,,,游水,,
J135,19/03/2024,踱步,沙田,內圈,沙田 內圈,,,,,,助手,,快踱一圈,H,內圈 快踱一圈 (助手)
J135,18/03/2024,游水,沙田,,沙田,,,,,,,,游水,,
J135,18/03/2024,踱步,沙田,內圈,沙田 內圈,,,,,,助手,,倒快兩圈,H,內圈 倒快兩圈 (助手)
J135,17/03/2024,游水,沙田,,沙田,,,,,,,,游水,,
J135,17/03/2024,踱步,沙田,內圈,沙田 內圈,,,,,,助手,,快踱一圈,H,內圈 快踱一圈 (助手)
J135,16/03/2024,游水,沙田,,沙田,,,,,,,,游水,,
J135,15/03/2024,游水,沙田,,沙田,,,,,,,,游水,,
J135,15/03/2024,踱步,沙田,內圈,沙田 內圈,,,,,,副練馬師,,快踱一圈,H,內圈 快踱一圈 (副練馬師)
J135,14/03/2024,游水,沙田,,沙田,,,,,,,,游水,,
J135,14/03/2024,快操,沙田,全天候,沙田 全天候,,53.5,53.5,28.6 24.9,,副練馬師,,快操,H,28.6 24.9 (53.5) (副練馬師)
J135,13/03/2024,游水,沙田,,沙田,,,,,,,,游水,,
J135,13/03/2024,踱步,沙田,內圈,沙田 內圈,,,,,,助手,,快踱一圈,H,內圈 快踱一圈 (助手)
J135,12/03/2024,游水,沙田,,沙田,,,,,,,,游水,,
J135,12/03/2024,踱步,沙田,內圈,沙田 內圈,,,,,,助手,,快踱一圈,H,內圈 快踱一圈 (助手)
J135,11/03/2024,游水,沙田,,沙田,,,,,,,,游水,,
J135,11/03/2024,踱步,沙田,內圈,沙田 內圈,,,,,,助手,,倒快一圈,H,內圈 倒快一圈 (助手)
J135,10/03/2024,游水,沙田,,沙田,,,,,,,,游水,,
J135,09/03/2024,游水,沙田,,沙田,,,,,,,,游水,,
J135,09/03/2024,踱步,沙田,內圈,沙田 內圈,,,,,,副練馬師,,快踱一圈,H,內圈 快踱一圈 (副練馬師)
J135,08/03/2024,游水,沙田,,沙田,,,,,,,,游水,,
J135,08/03/2024,踱步,沙田,奧運踱步圈,沙田 奧運踱步圈,,,,,,助手,,踱步,,奧運踱步圈 踱步 (助手)
J135,06/03/2024,出賽,跑馬地,草地,跑馬地 草地,1200M,,,,,巴度,8/9,出賽,B/TT,1200M (巴度) (8/9)
J135,06/03/2024,踱步,沙田,內圈,沙田 內圈,,,,,,助手,,快踱一圈,H,內圈 快踱一圈 (助手)
J135,05/03/2024,游水,沙田,,沙田,,,,,,,,游水,,
J135,05/03/2024,踱步,沙田,內圈,沙田 內圈,,,,,,助手,,快踱一圈,H,內圈 快踱一圈 (助手)
J135,04/03/2024,游水,沙田,,沙田,,,,,,,,游水,,
J135,04/03/2024,快操,沙田,草地,沙田 草地,,51.6,51.6,27.7 23.9,,副練馬師,,快操,H,27.7 23.9 (51.6) (副練馬師)
J135,03/03/2024,游水,沙田,,沙田,,,,,,,,游水,,
J135,03/03/2024,踱步,沙田,內圈,沙田 內圈,,,,,,助手,,快踱一圈,H,內圈 快踱一圈 (助手)
J135,02/03/2024,游水,沙田,,沙田,,,,,,,,游水,,
J135,02/03/2024,踱步,沙田,內圈,沙田 內圈,,,,,,助手,,快踱兩圈,H,內圈 快踱兩圈 (助手)
J135,01/03/2024,游水,沙田,,沙田,,,,,,,,游水,,
J135,01/03/2024,踱步,沙田,內圈,沙田 內圈,,,,,,助手,,快踱兩圈,H,內圈 快踱兩圈 (助手)
J135,29/02/2024,游水,沙田,,沙田,,,,,,,,游水,,
J135,28/02/2024,游水,沙田,,沙田,,,,,,,,游水,,
J135,28/02/2024,踱步,沙田,內圈,沙田 內圈,,,,,,助手,,快踱一圈,H,內圈 快踱一圈 (助手)
J135,27/02/2024,游水,沙田,,沙田,,,,,,,,游水,,
J135,27/02/2024,快操,沙田,全天候,沙田 全天候,,54.2,54.2,29.3 24.9,,副練馬師,,快操,H,29.3 24.9 (54.2) (副練馬師)
J135,26/02/2024,游水,沙田,,沙田,,,,,,,,游水,,
J135,26/02/2024,踱步,沙田,內圈,沙田 內圈,,,,,,副練馬師,,倒快兩圈,H,內圈 倒快兩圈 (副練馬師)
J135,25/02/2024,游水,沙田,,沙田,,,,,,,,游水,,
J135,24/02/2024,游水,沙田,,沙田,,,,,,,,游水,,
J135,24/02/2024,快操,沙田,全天候,沙田 全天候,,55.3,55.3,30.2 25.1,,副練馬師,,快操,H,30.2 25.1 (55.3) (副練馬師)
J135,23/02/2024,游水,沙田,,沙田,,,,,,,,游水,,
J135,23/02/2024,踱步,沙田,內圈,沙田 內圈,,,,,,助手,,快踱兩圈,H,內圈 快踱兩圈 (助手)
J135,22/02/2024,游水,沙田,,沙田,,,,,,,,游水,,
J135,22/02/2024,踱步,沙田,內圈,沙田 內圈,,,,,,助手,,倒快兩圈,H,內圈 倒快兩圈 (助手)
J135,21/02/2024,游水,沙田,,沙田,,,,,,,,游水,,
J135,21/02/2024,踱步,沙田,內圈,沙田 內圈,,,,,,助手,,快踱兩圈,H,內圈 快踱兩圈 (助手)
J135,20/02/2024,游水,沙田,,沙田,,,,,,,,游水,,
J135,20/02/2024,踱步,沙田,內圈,沙田 內圈,,,,,,副練馬師,,快踱兩圈,H,內圈 快踱兩圈 (副練馬師)
J135,19/02/2024,游水,沙田,,沙田,,,,,,,,游水,,
J135,19/02/2024,快操,沙田,全天候,沙田 全天候,,52.1,52.1,27.7 24.4,,副練馬師,,椒椒醒,H,27.7 24.4 (52.1) (副練馬師) 椒椒醒
J135,18/02/2024,游水,沙田,,沙田,,,,,,,,游水,,
J135,18/02/2024,踱步,沙田,內圈,沙田 內圈,,,,,,助手,,快踱一圈,H,內圈 快踱一圈 (助手)
J135,17/02/2024,游水,沙田,,沙田,,,,,,,,游水,,
J135,17/02/2024,踱步,沙田,內圈,沙田 內圈,,,,,,助手,,快踱兩圈,H,內圈 快踱兩圈 (助手)
J135,16/02/2024,游水,沙田,,沙田,,,,,,,,游水,,
J135,16/02/2024,踱步,沙田,內圈,沙田 內圈,,,,,,助手,,快踱一圈,H,內圈 快踱一圈 (助手)
J135,15/02/2024,游水,沙田,,沙田,,,,,,,,游水,,
J135,15/02/2024,踱步,沙田,內圈,沙田 內圈,,,,,,助手,,倒快一圈,H,內圈 倒快一圈 (助手)
J135,14/02/2024,游水,沙田,,沙田,,,,,,,,游水,,
J135,14/02/2024,踱步,沙田,奧運踱步圈,沙田 奧運踱步圈,,,,,,助手,,踱步,,奧運踱步圈 踱步 (助手)
J135,12/02/2024,出賽,沙田,草地,沙田 草地,1200M,,,,,巴度,11/14,出賽,B1/TT1,1200M (巴度) (11/14)
J135,12/02/2024,踱步,沙田,奧運踱步圈,沙田 奧運踱步圈,,,,,,助手,,踱步,,奧運踱步圈 踱步 (助手)
J135,11/02/2024,游水,沙田,,沙田,,,,,,,,游水,,
J135,11/02/2024,踱步,沙田,內圈,沙田 內圈,,,,,,助手,,快踱兩圈,H,內圈 快踱兩圈 (助手)
J135,09/02/2024,游水,沙田,,沙田,,,,,,,,游水,,
J135,09/02/2024,快操,沙田,全天候,沙田 全天候,,52.9,52.9,28.2 24.7,,助手,,快操,H,28.2 24.7 (52.9) (助手)
J135,08/02/2024,游水,沙田,,沙田,,,,,,,,游水,,
J135,08/02/2024,踱步,沙田,內圈,沙田 內圈,,,,,,助手,,倒快一圈,H,內圈 倒快一圈 (助手)
J135,07/02/2024,游水,沙田,,沙田,,,,,,,,游水,,
J135,07/02/2024,踱步,沙田,內圈,沙田 內圈,,,,,,助手,,快踱一圈,H,內圈 快踱一圈 (助手)
J135,06/02/2024,游水,沙田,,沙田,,,,,,,,游水,,
J135,06/02/2024,踱步,沙田,內圈,沙田 內圈,,,,,,助手,,快踱兩圈,H,內圈 快踱兩圈 (助手)
J135,05/02/2024,游水,沙田,,沙田,,,,,,,,游水,,
J135,05/02/2024,踱步,沙田,內圈,沙田 內圈,,,,,,助手,,倒快兩圈,H,內圈 倒快兩圈 (助手)
J135,04/02/2024,游水,沙田,,沙田,,,,,,,,游水,,
J135,04/02/2024,踱步,沙田,內圈,沙田 內圈,,,,,,助手,,快踱一圈,H,內圈 快踱一圈 (助手)
J135,03/02/2024,游水,沙田,,沙田,,,,,,,,游水,,
J135,03/02/2024,踱步,沙田,內圈,沙田 內圈,,,,,,助手,,快踱一圈,H,內圈 快踱一圈 (助手)
J135,02/02/2024,游水,沙田,,沙田,,,,,,,,游水,,
J135,02/02/2024,踱步,沙田,奧運踱步圈,沙田 奧運踱步圈,,,,,,助手,,踱步,,奧運踱步圈 踱步 (助手)
J135,01/02/2024,試閘,沙田,全天候,沙田 全天候,1200M,1.09.98,69.98,24.2 22.9 22.8,錶之銀河,希威森,,第1組,B,第1組 (希威森) 1200M 錶之銀河 24.2 22.9 22.8 (1.09.98)
J135,31/01/2024,游水,沙田,,沙田,,,,,,,,游水,,
J135,31/01/2024,踱步,沙田,內圈,沙田 內圈,,,,,,助手,,快踱兩圈,H,內圈 快踱兩圈 (助手)
J135,30/01/2024,游水,沙田,,沙田,,,,,,,,游水,,
J135,30/01/2024,踱步,沙田,內圈,沙田 內圈,,,,,,助手,,快踱兩圈,H,內圈 快踱兩圈 (助手)
J135,29/01/2024,游水,沙田,,沙田,,,,,,,,游水,,
J135,29/01/2024,快操,沙田,草地,沙田 草地,,49.7,49.7,27.9 21.8,,助手,,多利彩駒,,27.9 21.8 (49.7) (助手) 多利彩駒
J135,28/01/2024,游水,沙田,,沙田,,,,,,,,游水,,
J135,28/01/2024,踱步,沙田,內圈,沙田 內圈,,,,,,助手,,快踱兩圈,H,內圈 快踱兩圈 (助手)
J135,27/01/2024,游水,沙田,,沙田,,,,,,,,游水,,
J135,27/01/2024,踱步,沙田,內圈,沙田 內圈,,,,,,助手,,快踱兩圈,H,內圈 快踱兩圈 (助手)
J135,26/01/2024,游水,沙田,,沙田,,,,,,,,游水,,
J135,26/01/2024,快操,沙田,全天候,沙田 全天候,,56.0,56.0,31.5 24.5,,希威森,,快操,H,31.5 24.5 (56.0) (希威森)
J135,25/01/2024,游水,沙田,,沙田,,,,,,,,游水,,
J135,25/01/2024,踱步,沙田,內圈,沙田 內圈,,,,,,助手,,倒快兩圈,H,內圈 倒快兩圈 (助手)
J135,24/01/2024,游水,沙田,,沙田,,,,,,,,游水,,
J135,24/01/2024,踱步,沙田,內圈,沙田 內圈,,,,,,助手,,快踱兩圈,H,內圈 快踱兩圈 (助手)
J135,23/01/2024,游水,沙田,,沙田,,,,,,,,游水,,
J135,23/01/2024,踱步,沙田,內圈,沙田 內圈,,,,,,助手,,快踱兩圈,H,內圈 快踱兩圈 (助手)
J135,22/01/2024,游水,沙田,,沙田,,,,,,,,游水,,
J135,21/01/2024,游水,沙田,,沙田,,,,,,,,游水,,
J135,21/01/2024,踱步,沙田,內圈,沙田 內圈,,,,,,助手,,快踱兩圈,H,內圈 快踱兩圈 (助手)
J135,20/01/2024,游水,沙田,,沙田,,,,,,,,游水,,
J135,20/01/2024,踱步,沙田,內圈,沙田 內圈,,,,,,助手,,快踱兩圈,H,內圈 快踱兩圈 (助手)
J135,19/01/2024,游水,沙田,,沙田,,,,,,,,游水,,
J135,19/01/2024,踱步,沙田,奧運踱步圈,沙田 奧運踱步圈,,,,,,助手,,踱步,,奧運踱步圈 踱步 (助手)
J135,18/01/2024,試閘,沙田,全天候,沙田 全天候,1200M,1.09.45,69.45,24.0 22.0 23.4,華麗再勝,希威森,,第1組,,第1組 (希威森) 1200M 華麗再勝 24.0 22.0 23.4 (1.09.45)
J135,18/01/2024,游水,沙田,,沙田,,,,,,,,游水,,
J135,17/01/2024,游水,沙田,,沙田,,,,,,,,游水,,
J135,17/01/2024,踱步,沙田,內圈,沙田 內圈,,,,,,助手,,快踱兩圈,H,內圈 快踱兩圈 (助手)
J135,16/01/2024,游水,沙田,,沙田,,,,,,,,游水,,
J135,16/01/2024,快操,沙田,全天候,沙田 全天候,,54.2,54.2,29.2 25.0,,助手,,快操,H,29.2 25.0 (54.2) (助手)
J135,15/01/2024,游水,沙田,,沙田,,,,,,,,游水,,
J135,15/01/2024,踱步,沙田,內圈,沙田 內圈,,,,,,助手,,倒快兩圈,H,內圈 倒快兩圈 (助手)
J135,14/01/2024,游水,沙田,,沙田,,,,,,,,游水,,
J135,14/01/2024,踱步,沙田,內圈,沙田 內圈,,,,,,助手,,快踱兩圈,H,內圈 快踱兩圈 (助手)
J135,13/01/2024,游水,沙田,,沙田,,,,,,,,游水,,
J135,13/01/2024,踱步,沙田,內圈,沙田 內圈,,,,,,助手,,快踱兩圈,H,內圈 快踱兩圈 (助手)
J135,12/01/2024,游水,沙田,,沙田,,,,,,,,游水,,
J135,11/01/2024,游水,沙田,,沙田,,,,,,,,游水,,
J135,11/01/2024,踱步,沙田,內圈,沙田 內圈,,,,,,助手,,倒快兩圈,H,內圈 倒快兩圈 (助手)
J135,10/01/2024,游水,沙田,,沙田,,,,,,,,游水,,
J135,10/01/2024,踱步,沙田,內圈,沙田 內圈,,,,,,助手,,快踱兩圈,,內圈 快踱兩圈 (助手)
J135,09/01/2024,游水,沙田,,沙田,,,,,,,,游水,,
J135,09/01/2024,踱步,沙田,內圈,沙田 內圈,,,,,,助手,,快踱兩圈,H,內圈 快踱兩圈 (助手)
J135,08/01/2024,游水,沙田,,沙田,,,,,,,,游水,,
J135,08/01/2024,快操,沙田,全天候,沙田 全天候,,52.2,52.2,27.1 25.1,,助手,,快操,H,27.1 25.1 (52.2) (助手)
J135,07/01/2024,游水,沙田,,沙田,,,,,,,,游水,,
J135,07/01/2024,踱步,沙田,內圈,沙田 內圈,,,,,,助手,,快踱兩圈,H,內圈 快踱兩圈 (助手)
J135,06/01/2024,游水,沙田,,沙田,,,,,,,,游水,,
J135,06/01/2024,踱步,沙田,內圈,沙田 內圈,,,,,,助手,,快踱兩圈,H,內圈 快踱兩圈 (助手)
J135,05/01/2024,游水,沙田,,沙田,,,,,,,,游水,,
J135,05/01/2024,踱步,沙田,內圈,沙田 內圈,,,,,,助手,,快踱兩圈,H,內圈 快踱兩圈 (助手)
J135,04/01/2024,游水,沙田,,沙田,,,,,,,,游水,,
J135,04/01/2024,快操,沙田,全天候,沙田 全天候,,52.2,52.2,27.2 25.0,,副練馬師,,帥帥今朝,H,27.2 25.0 (52.2) (副練馬師) 帥帥今朝
J135,03/01/2024,游水,沙田,,沙田,,,,,,,,游水,,
J135,03/01/2024,踱步,沙田,內圈,沙田 內圈,,,,,,助手,,快踱兩圈,H,內圈 快踱兩圈 (助手)
J135,02/01/2024,游水,沙田,,沙田,,,,,,,,游水,,
J135,02/01/2024,踱步,沙田,內圈,沙田 內圈,,,,,,助手,,快踱兩圈,H,內圈 快踱兩圈 (助手)
J135,01/01/2024,游水,沙田,,沙田,,,,,,,,游水,,
J135,01/01/2024,踱步,沙田,內圈,沙田 內圈,,,,,,助手,,倒快兩圈,H,內圈 倒快兩圈 (助手)
J135,31/12/2023,游水,沙田,,沙田,,,,,,,,游水,,
J135,30/12/2023,游水,沙田,,沙田,,,,,,,,游水,,
J135,30/12/2023,踱步,沙田,內圈,沙田 內圈,,,,,,助手,,快踱一圈,H,內圈 快踱一圈 (助手)
J135,29/12/2023,游水,沙田,,沙田,,,,,,,,游水,,
J135,28/12/2023,試閘,沙田,全天候,沙田 全天候,1200M,1.11.14,71.14,24.2 23.0 23.9,英雄戰歌,霍宏聲,,第3組,,第3組 (霍宏聲) 1200M 英雄戰歌 24.2 23.0 23.9 (1.11.14)
J135,27/12/2023,游水,沙田,,沙田,,,,,,,,游水,,
J135,27/12/2023,踱步,沙田,內圈,沙田 內圈,,,,,,助手,,快踱兩圈,H,內圈 快踱兩圈 (助手)
J135,26/12/2023,游水,沙田,,沙田,,,,,,,,游水,,
J135,26/12/2023,快操,沙田,全天候,沙田 全天候,,53.6,53.6,28.8 24.8,,副練馬師,,快操,H,28.8 24.8 (53.6) (副練馬師)
J135,25/12/2023,游水,沙田,,沙田,,,,,,,,游水,,
J135,25/12/2023,踱步,沙田,內圈,沙田 內圈,,,,,,助手,,倒快兩圈,H,內圈 倒快兩圈 (助手)
J135,24/12/2023,游水,沙田,,沙田,,,,,,,,游水,,
J135,24/12/2023,踱步,沙田,內圈,沙田 內圈,,,,,,助手,,快踱兩圈,H,內圈 快踱兩圈 (助手)
J135,23/12/2023,游水,沙田,,沙田,,,,,,,,游水,,
J135,23/12/2023,快操,沙田,全天候,沙田 全天候,,1.27.7,87.7,32.8 29.4 25.5,,副練馬師,,快操,H,32.8 29.4 25.5 (1.27.7) (副練馬師)
J135,22/12/2023,游水,沙田,,沙田,,,,,,,,游水,,
J135,22/12/2023,踱步,沙田,內圈,沙田 內圈,,,,,,助手,,快踱兩圈,H,內圈 快踱兩圈 (助手)
J135,21/12/2023,游水,沙田,,沙田,,,,,,,,游水,,
J135,21/12/2023,踱步,沙田,內圈,沙田 內圈,,,,,,助手,,倒快兩圈,H,內圈 倒快兩圈 (助手)
J135,20/12/2023,游水,沙田,,沙田,,,,,,,,游水,,
J135,20/12/2023,踱步,沙田,內圈,沙田 內圈,,,,,,助手,,快踱兩圈,H,內圈 快踱兩圈 (助手)
J135,19/12/2023,游水,沙田,,沙田,,,,,,,,游水,,
J135,19/12/2023,快操,沙田,全天候,沙田 全天候,,53.7,53.7,28.1 25.6,,副練馬師,,快操,H,28.1 25.6 (53.7) (副練馬師)
J135,18/12/2023,游水,沙田,,沙田,,,,,,,,游水,,
J135,18/12/2023,踱步,沙田,內圈,沙田 內圈,,,,,,助手,,倒快兩圈,H,內圈 倒快兩圈 (助手)
J135,17/12/2023,游水,沙田,,沙田,,,,,,,,游水,,
J135,16/12/2023,游水,沙田,,沙田,,,,,,,,游水,,
J135,16/12/2023,踱步,沙田,內圈,沙田 內圈,,,,,,副練馬師,,快踱一圈,H,內圈 快踱一圈 (副練馬師)
J135,15/12/2023,游水,沙田,,沙田,,,,,,,,游水,,
J135,15/12/2023,踱步,沙田,內圈,沙田 內圈,,,,,,助手,,快踱兩圈,H,內圈 快踱兩圈 (助手)
J135,14/12/2023,游水,沙田,,沙田,,,,,,,,游水,,
J135,14/12/2023,踱步,沙田,內圈,沙田 內圈,,,,,,副練馬師,,倒快兩圈,H,內圈 倒快兩圈 (副練馬師)
J135,13/12/2023,游水,沙田,,沙田,,,,,,,,游水,,
J135,13/12/2023,踱步,沙田,奧運踱步圈,沙田 奧運踱步圈,,,,,,助手,,踱步,,奧運踱步圈 踱步 (助手)
J135,12/12/2023,試閘,沙田,草地,沙田 草地,800M,0.46.85,46.85,24.9 21.9,紫荊歡呼,霍宏聲,,第6組,,第6組 (霍宏聲) 800M 紫荊歡呼 24.9 21.9 (0.46.85)
J135,11/12/2023,游水,沙田,,沙田,,,,,,,,游水,,
J135,11/12/2023,踱步,沙田,內圈,沙田 內圈,,,,,,助手,,倒快兩圈,H,內圈 倒快兩圈 (助手)
J135,10/12/2023,游水,沙田,,沙田,,,,,,,,游水,,
J135,10/12/2023,踱步,沙田,內圈,沙田 內圈,,,,,,助手,,快踱兩圈,H,內圈 快踱兩圈 (助手)
J135,09/12/2023,游水,沙田,,沙田,,,,,,,,游水,,
J135,09/12/2023,快操,沙田,全天候,沙田 全天候,,1.28.9,88.9,34.0 28.7 26.2,,副練馬師,,快操,H,34.0 28.7 26.2 (1.28.9) (副練馬師)
J135,08/12/2023,游水,沙田,,沙田,,,,,,,,游水,,
J135,08/12/2023,踱步,沙田,內圈,沙田 內圈,,,,,,副練馬師,,快踱兩圈,H,內圈 快踱兩圈 (副練馬師)
J135,07/12/2023,游水,沙田,,沙田,,,,,,,,游水,,
J135,07/12/2023,快操,沙田,全天候,沙田 全天候,,54.3,54.3,29.5 24.8,,副練馬師,,快操,H,29.5 24.8 (54.3) (副練馬師)
J135,06/12/2023,游水,沙田,,沙田,,,,,,,,游水,,
J135,06/12/2023,踱步,沙田,內圈,沙田 內圈,,,,,,副練馬師,,快踱兩圈,H,內圈 快踱兩圈 (副練馬師)
J135,05/12/2023,游水,沙田,,沙田,,,,,,,,游水,,
J135,05/12/2023,踱步,沙田,內圈,沙田 內圈,,,,,,副練馬師,,快踱一圈,H,內圈 快踱一圈 (副練馬師)
J135,04/12/2023,游水,沙田,,沙田,,,,,,,,游水,,
J135,04/12/2023,快操,沙田,全天候,沙田 全天候,,52.0,52.0,27.8 24.2,,副練馬師,,多利彩駒,H,27.8 24.2 (52.0) (副練馬師) 多利彩駒
J135,03/12/2023,游水,沙田,,沙田,,,,,,,,游水,,
J135,02/12/2023,游水,沙田,,沙田,,,,,,,,游水,,
J135,02/12/2023,踱步,沙田,內圈,沙田 內圈,,,,,,副練馬師,,快踱兩圈,H,內圈 快踱兩圈 (副練馬師)
J135,01/12/2023,游水,沙田,,沙田,,,,,,,,游水,,
J135,01/12/2023,踱步,沙田,內圈,沙田 內圈,,,,,,助手,,快踱兩圈,H,內圈 快踱兩圈 (助手)
J135,30/11/2023,游水,沙田,,沙田,,,,,,,,游水,,
J135,30/11/2023,快操,沙田,草閘,沙田 草閘,,48.3,48.3,24.6 23.7,,霍宏聲,,多利彩駒,H,24.6 23.7 (48.3) (霍宏聲) 多利彩駒
J135,29/11/2023,游水,沙田,,沙田,,,,,,,,游水,,
J135,29/11/2023,踱步,沙田,內圈,沙田 內圈,,,,,,助手,,快踱兩圈,H,內圈 快踱兩圈 (助手)
J135,28/11/2023,游水,沙田,,沙田,,,,,,,,游水,,
J135,28/11/2023,快操,沙田,全天候,沙田 全天候,,52.8,52.8,27.0 25.8,,助手,,多利彩駒,H,27.0 25.8 (52.8) (助手) 多利彩駒
J135,27/11/2023,游水,沙田,,沙田,,,,,,,,游水,,
J135,27/11/2023,踱步,沙田,內圈,沙田 內圈,,,,,,助手,,倒快兩圈,H,內圈 倒快兩圈 (助手)
J135,26/11/2023,游水,沙田,,沙田,,,,,,,,游水,,
J135,25/11/2023,游水,沙田,,沙田,,,,,,,,游水,,
J135,25/11/2023,快操,沙田,全天候,沙田 全天候,,53.7,53.7,28.0 25.7,,助手,,快操,H,28.0 25.7 (53.7) (助手)
J135,24/11/2023,游水,沙田,,沙田,,,,,,,,游水,,
J135,24/11/2023,踱步,沙田,內圈,沙田 內圈,,,,,,助手,,快踱兩圈,H,內圈 快踱兩圈 (助手)
J135,23/11/2023,游水,沙田,,沙田,,,,,,,,游水,,
J135,23/11/2023,踱步,沙田,內圈,沙田 內圈,,,,,,助手,,倒快兩圈,H,內圈 倒快兩圈 (助手)
J135,22/11/2023,游水,沙田,,沙田,,,,,,,,游水,,
J135,22/11/2023,踱步,沙田,內圈,沙田 內圈,,,,,,助手,,快踱兩圈,H,內圈 快踱兩圈 (助手)
J135,21/11/2023,游水,沙田,,沙田,,,,,,,,游水,,
J135,21/11/2023,踱步,沙田,內圈,沙田 內圈,,,,,,助手,,快踱兩圈,H,內圈 快踱兩圈 (助手)
J135,20/11/2023,游水,沙田,,沙田,,,,,,,,游水,,
J135,20/11/2023,快操,沙田,全天候,沙田 全天候,,55.4,55.4,28.6 26.8,,助手,,快操,H,28.6 26.8 (55.4) (助手)
J135,19/11/2023,游水,沙田,,沙田,,,,,,,,游水,,
J135,18/11/2023,游水,沙田,,沙田,,,,,,,,游水,,
J135,18/11/2023,踱步,沙田,內圈,沙田 內圈,,,,,,助手,,快踱兩圈,H,內圈 快踱兩圈 (助手)
J135,17/11/2023,游水,沙田,,沙田,,,,,,,,游水,,
J135,17/11/2023,踱步,沙田,內圈,沙田 內圈,,,,,,助手,,快踱兩圈,H,內圈 快踱兩圈 (助手)
J135,16/11/2023,游水,沙田,,沙田,,,,,,,,游水,,
J135,16/11/2023,快操,沙田,全天候,沙田 全天候,,56.2,56.2,29.7 26.5,,助手,,快操,H,29.7 26.5 (56.2) (助手)
J135,15/11/2023,游水,沙田,,沙田,,,,,,,,游水,,
J135,15/11/2023,踱步,沙田,內圈,沙田 內圈,,,,,,助手,,快踱兩圈,H,內圈 快踱兩圈 (助手)
J135,14/11/2023,游水,沙田,,沙田,,,,,,,,游水,,
J135,14/11/2023,踱步,沙田,內圈,沙田 內圈,,,,,,助手,,快踱兩圈,H,內圈 快踱兩圈 (助手)
J135,13/11/2023,游水,沙田,,沙田,,,,,,,,游水,,
J135,13/11/2023,踱步,沙田,內圈,沙田 內圈,,,,,,助手,,倒快兩圈,H,內圈 倒快兩圈 (助手)
J135,12/11/2023,游水,沙田,,沙田,,,,,,,,游水,,
J135,11/11/2023,游水,沙田,,沙田,,,,,,,,游水,,
J135,11/11/2023,快操,沙田,全天候,沙田 全天候,,55.9,55.9,30.1 25.8,,助手,,快操,H,30.1 25.8 (55.9) (助手)
J135,10/11/2023,游水,沙田,,沙田,,,,,,,,游水,,
J135,10/11/2023,踱步,沙田,內圈,沙田 內圈,,,,,,副練馬師,,快踱兩圈,H,內圈 快踱兩圈 (副練馬師)
J135,09/11/2023,游水,沙田,,沙田,,,,,,,,游水,,
J135,09/11/2023,踱步,沙田,內圈,沙田 內圈,,,,,,助手,,倒快兩圈,H,內圈 倒快兩圈 (助手)
J135,08/11/2023,游水,沙田,,沙田,,,,,,,,游水,,
J135,08/11/2023,踱步,沙田,內圈,沙田 內圈,,,,,,助手,,快踱兩圈,H,內圈 快踱兩圈 (助手)
J135,07/11/2023,游水,沙田,,沙田,,,,,,,,游水,,
J135,07/11/2023,快操,沙田,全天候,沙田 全天候,,54.5,54.5,28.3 26.2,,助手,,快操,H,28.3 26.2 (54.5) (助手)
J135,06/11/2023,游水,沙田,,沙田,,,,,,,,游水,,
J135,06/11/2023,踱步,沙田,內圈,沙田 內圈,,,,,,助手,,倒快兩圈,H,內圈 倒快兩圈 (助手)
J135,04/11/2023,游水,沙田,,沙田,,,,,,,,游水,,
J135,04/11/2023,踱步,沙田,內圈,沙田 內圈,,,,,,助手,,快踱兩圈,H,內圈 快踱兩圈 (助手)
J135,03/11/2023,游水,沙田,,沙田,,,,,,,,游水,,
J135,03/11/2023,快操,沙田,全天候,沙田 全天候,,56.4,56.4,29.7 26.7,,助手,,快操,H,29.7 26.7 (56.4) (助手)
J135,02/11/2023,游水,沙田,,沙田,,,,,,,,游水,,
J135,02/11/2023,踱步,沙田,內圈,沙田 內圈,,,,,,助手,,倒快兩圈,H,內圈 倒快兩圈 (助手)
J135,01/11/2023,游水,沙田,,沙田,,,,,,,,游水,,
J135,01/11/2023,踱步,沙田,內圈,沙田 內圈,,,,,,助手,,快踱兩圈,H,內圈 快踱兩圈 (助手)
J135,31/10/2023,游水,沙田,,沙田,,,,,,,,游水,,
J135,31/10/2023,踱步,沙田,內圈,沙田 內圈,,,,,,助手,,快踱兩圈,H,內圈 快踱兩圈 (助手)
J135,30/10/2023,游水,沙田,,沙田,,,,,,,,游水,,
J135,30/10/2023,快操,沙田,全天候,沙田 全天候,,58.2,58.2,29.8 28.4,,助手,,快操,H,29.8 28.4 (58.2) (助手)
J135,29/10/2023,游水,沙田,,沙田,,,,,,,,游水,,
J135,28/10/2023,游水,沙田,,沙田,,,,,,,,游水,,
J135,28/10/2023,踱步,沙田,內圈,沙田 內圈,,,,,,助手,,快踱兩圈,H,內圈 快踱兩圈 (助手)
J135,27/10/2023,游水,沙田,,沙田,,,,,,,,游水,,
J135,27/10/2023,快操,沙田,全天候,沙田 全天候,,59.4,59.4,29.6 29.8,,助手,,快操,H,29.6 29.8 (59.4) (助手)
J135,26/10/2023,游水,沙田,,沙田,,,,,,,,游水,,
J135,26/10/2023,踱步,沙田,內圈,沙田 內圈,,,,,,助手,,倒快兩圈,H,內圈 倒快兩圈 (助手)
J135,25/10/2023,游水,沙田,,沙田,,,,,,,,游水,,
J135,25/10/2023,踱步,沙田,內圈,沙田 內圈,,,,,,助手,,快踱兩圈,H,內圈 快踱兩圈 (助手)
J135,24/10/2023,游水,沙田,,沙田,,,,,,,,游水,,
J135,24/10/2023,踱步,沙田,內圈,沙田 內圈,,,,,,助手,,快踱兩圈,H,內圈 快踱兩圈 (助手)
J135,23/10/2023,游水,沙田,,沙田,,,,,,,,游水,,
J135,23/10/2023,快操,沙田,全天候,沙田 全天候,,1.01.5,61.5,32.3 29.2,,助手,,快操,H,32.3 29.2 (1.01.5) (助手)
J135,22/10/2023,游水,沙田,,沙田,,,,,,,,游水,,
J135,21/10/2023,游水,沙田,,沙田,,,,,,,,游水,,
J135,21/10/2023,踱步,沙田,內圈,沙田 內圈,,,,,,助手,,快踱兩圈,H,內圈 快踱兩圈 (助手)
J135,20/10/2023,游水,沙田,,沙田,,,,,,,,游水,,
J135,20/10/2023,快操,沙田,全天候,沙田 全天候,,1.03.5,63.5,33.6 29.9,,助手,,快操,H,33.6 29.9 (1.03.5) (助手)
J135,19/10/2023,游水,沙田,,沙田,,,,,,,,游水,,
J135,19/10/2023,踱步,沙田,內圈,沙田 內圈,,,,,,助手,,倒快兩圈,H,內圈 倒快兩圈 (助手)
J135,18/10/2023,游水,沙田,,沙田,,,,,,,,游水,,
J135,18/10/2023,踱步,沙田,內圈,沙田 內圈,,,,,,助手,,快踱兩圈,H,內圈 快踱兩圈 (助手)
J135,17/10/2023,游水,沙田,,沙田,,,,,,,,游水,,
J135,17/10/2023,踱步,沙田,內圈,沙田 內圈,,,,,,助手,,快踱一圈,H,內圈 快踱一圈 (助手)
J135,16/10/2023,游水,沙田,,沙田,,,,,,,,游水,,
J135,16/10/2023,踱步,沙田,內圈,沙田 內圈,,,,,,助手,,倒快一圈,H,內圈 倒快一圈 (助手)
J135,15/10/2023,游水,沙田,,沙田,,,,,,,,游水,,
J135,14/10/2023,游水,沙田,,沙田,,,,,,,,游水,,
J135,14/10/2023,踱步,沙田,內圈,沙田 內圈,,,,,,助手,,快踱一圈,H,內圈 快踱一圈 (助手)
J135,13/10/2023,游水,沙田,,沙田,,,,,,,,游水,,
J135,13/10/2023,踱步,沙田,內圈,沙田 內圈,,,,,,助手,,快踱兩圈,H,內圈 快踱兩圈 (助手)
J135,12/10/2023,游水,沙田,,沙田,,,,,,,,游水,,
J135,12/10/2023,踱步,沙田,內圈,沙田 內圈,,,,,,助手,,倒快一圈,H,內圈 倒快一圈 (助手)
J135,11/10/2023,游水,沙田,,沙田,,,,,,,,游水,,
J135,11/10/2023,踱步,沙田,內圈,沙田 內圈,,,,,,助手,,快踱兩圈,H,內圈 快踱兩圈 (助手)
J135,10/10/2023,游水,沙田,,沙田,,,,,,,,游水,,
J135,10/10/2023,踱步,沙田,奧運踱步圈,沙田 奧運踱步圈,,,,,,助手,,踱步,,奧運踱步圈 踱步 (助手)
J135,09/10/2023,游水,沙田,,沙田,,,,,,,,游水,,
J135,08/10/2023,游水,沙田,,沙田,,,,,,,,游水,,
J135,07/10/2023,游水,沙田,,沙田,,,,,,,,游水,,
J135,07/10/2023,踱步,沙田,奧運踱步圈,沙田 奧運踱步圈,,,,,,助手,,踱步,,奧運踱步圈 踱步 (助手)
J135,06/10/2023,游水,沙田,,沙田,,,,,,,,游水,,
J135,06/10/2023,踱步,沙田,奧運踱步圈,沙田 奧運踱步圈,,,,,,助手,,踱步,,奧運踱步圈 踱步 (助手)
J135,05/10/2023,游水,沙田,,沙田,,,,,,,,游水,,
J135,05/10/2023,踱步,沙田,奧運踱步圈,沙田 奧運踱步圈,,,,,,助手,,踱步,,奧運踱步圈 踱步 (助手)
J135,04/10/2023,游水,沙田,,沙田,,,,,,,,游水,,
J135,04/10/2023,踱步,沙田,奧運踱步圈,沙田 奧運踱步圈,,,,,,助手,,踱步,,奧運踱步圈 踱步 (助手)
