horse_no,date,work_type,racecourse,track,venue,distance,time,time_sec,splits,partner,rider,placing,comment,gear,workout_details
H451,05/09/2026,踱步,沙田,內圈,沙田 內圈,,,,,,助手,,快踱一圈,H,內圈 快踱一圈 (助手)
H451,04/09/2026,游水,沙田,,沙田,,,,,,,,游水,,
H451,04/09/2026,踱步,沙田,內圈,沙田 內圈,,,,,,助手,,快踱一圈,H,內圈 快踱一圈 (助手)
H451,03/09/2026,游水,沙田,,沙田,,,,,,,,游水,,
H451,03/09/2026,快操,沙田,全天候,沙田 全天候,,56.7,56.7,29.9 26.8,,希威森,,快操,H,29.9 26.8 (56.7) (希威森)
H451,02/09/2026,游水,沙田,,沙田,,,,,,,,游水,,
H451,02/09/2026,踱步,沙田,內圈,沙田 內圈,,,,,,助手,,快踱一圈,,內圈 快踱一圈 (助手)
H451,01/09/2026,游水,沙田,,沙田,,,,,,,,游水,,
H451,01/09/2026,踱步,沙田,內圈,沙田 內圈,,,,,,助手,,快踱一圈,H,內圈 快踱一圈 (助手)
H451,31/08/2026,游水,沙田,,沙田,,,,,,,,游水,,
H451,31/08/2026,踱步,沙田,內圈,沙田 內圈,,,,,,助手,,倒快兩圈,H,內圈 倒快兩圈 (助手)
H451,30/08/2026,游水,沙田,,沙田,,,,,,,,游水,,
H451,30/08/2026,快操,沙田,全天候,沙田 全天候,,1.00.2,60.2,31.9 28.3,,助手,,快操,H,31.9 28.3 (1.00.2) (助手)
H451,29/08/2026,游水,沙田,,沙田,,,,,,,,游水,,
H451,29/08/2026,踱步,沙田,內圈,沙田 內圈,,,,,,助手,,快踱一圈,H,內圈 快踱一圈 (助手)
H451,28/08/2026,游水,沙田,,沙田,,,,,,,,游水,,
H451,28/08/2026,踱步,沙田,內圈,沙田 內圈,,,,,,助手,,快踱一圈,H,內圈 快踱一圈 (助手)
H451,27/08/2026,游水,沙田,,沙田,,,,,,,,游水,,
H451,27/08/2026,踱步,沙田,內圈,沙田 內圈,,,,,,助手,,倒快一圈,H,內圈 倒快一圈 (助手)
H451,26/08/2026,游水,沙田,,沙田,,,,,,,,游水,,
H451,26/08/2026,快操,沙田,全天候,沙田 全天候,,56.8,56.8,30.0 26.8,,希威森,,快操,H,30.0 26.8 (56.8) (希威森)
H451,25/08/2026,游水,沙田,,沙田,,,,,,,,游水,,
H451,25/08/2026,踱步,沙田,內圈,沙田 內圈,,,,,,助手,,快踱一圈,H,內圈 快踱一圈 (助手)
H451,24/08/2026,游水,沙田,,沙田,,,,,,,,游水,,
H451,24/08/2026,快操,沙田,全天候,沙田 全天候,,33.2,33.2,33.2,,助手,,快操,H,33.2 (33.2) (助手)
H451,23/08/2026,游水,沙田,,沙田,,,,,,,,游水,,
H451,23/08/2026,踱步,沙田,內圈,沙田 內圈,,,,,,助手,,快踱一圈,H,內圈 快踱一圈 (助手)
H451,22/08/2026,游水,沙田,,沙田,,,,,,,,游水,,
H451,22/08/2026,踱步,沙田,內圈,沙田 內圈,,,,,,助手,,快踱一圈,H,內圈 快踱一圈 (助手)
H451,21/08/2026,游水,沙田,,沙田,,,,,,,,游水,,
H451,21/08/2026,快操,沙田,全天候,沙田 全天候,,58.9,58.9,31.1 27.8,,助手,,快操,H,31.1 27.8 (58.9) (助手)
H451,20/08/2026,游水,沙田,,沙田,,,,,,,,游水,,
H451,20/08/2026,踱步,沙田,內圈,沙田 內圈,,,,,,助手,,倒快一圈,H,內圈 倒快一圈 (助手)
H451,19/08/2026,游水,沙田,,沙田,,,,,,,,游水,,
H451,19/08/2026,踱步,沙田,內圈,沙田 內圈,,,,,,助手,,快踱一圈,H,內圈 快踱一圈 (助手)
H451,18/08/2026,游水,沙田,,沙田,,,,,,,,游水,,
H451,18/08/2026,快操,沙田,全天候,沙田 全天候,,57.3,57.3,29.7 27.6,,副練馬師,,快操,H,29.7 27.6 (57.3) (副練馬師)
H451,17/08/2026,游水,沙田,,沙田,,,,,,,,游水,,
H451,17/08/2026,踱步,沙田,內圈,沙田 內圈,,,,,,助手,,倒快兩圈,H,內圈 倒快兩圈 (助手)
H451,16/08/2026,游水,沙田,,沙田,,,,,,,,游水,,
H451,16/08/2026,踱步,沙田,外圈,沙田 外圈,,,,,,副練馬師,,快踱一圈,H,外圈 快踱一圈 (副練馬師)
H451,15/08/2026,游水,沙田,,沙田,,,,,,,,游水,,
H451,15/08/2026,踱步,沙田,內圈,沙田 內圈,,,,,,助手,,快踱一圈,H,內圈 快踱一圈 (助手)
H451,14/08/2026,游水,沙田,,沙田,,,,,,,,游水,,
H451,14/08/2026,踱步,沙田,內圈,沙田 內圈,,,,,,助手,,快踱一圈,H,內圈 快踱一圈 (助手)
H451,13/08/2026,游水,沙田,,沙田,,,,,,,,游水,,
H451,13/08/2026,踱步,沙田,內圈,沙田 內圈,,,,,,助手,,倒快一圈,H,內圈 倒快一圈 (助手)
H451,10/08/2026,踱步,從化,內圈,從化 內圈,,,,,,助手,,倒快一圈,H,內圈 倒快一圈 (助手)
H451,09/08/2026,快操,從化,全天候,從化 全天候,,57.9,57.9,30.9 27.0,,助手,,快操,H,30.9 27.0 (57.9) (助手)
H451,09/08/2026,踱步,從化,飛機場,從化 飛機場,,,,,,助手,,踱步,H,飛機場 踱步 (助手)
H451,08/08/2026,踱步,從化,內圈,從化 內圈,,,,,,助手,,快踱一圈,H,內圈 快踱一圈 (助手)
H451,07/08/2026,馬匹水中步行機,從化,,從化,,,,,,,,馬匹水中步行機,,
H451,07/08/2026,踱步,從化,內圈,從化 內圈,,,,,,助手,,快踱一圈,H,內圈 快踱一圈 (助手)
H451,06/08/2026,踱步,從化,外圈,從化 外圈,,,,,,助手,,快踱一圈,H,外圈 快踱一圈 (助手)
H451,05/08/2026,馬匹水中步行機,從化,,從化,,,,,,,,馬匹水中步行機,,
H451,05/08/2026,踱步,從化,內圈,從化 內圈,,,,,,助手,,快踱一圈,H,內圈 快踱一圈 (助手)
H451,04/08/2026,踱步,從化,內圈,從化 內圈,,,,,,助手,,快踱一圈,H,內圈 快踱一圈 (助手)
H451,03/08/2026,馬匹水中步行機,從化,,從化,,,,,,,,馬匹水中步行機,,
H451,03/08/2026,踱步,從化,內圈,從化 內圈,,,,,,助手,,倒快一圈,H,內圈 倒快一圈 (助手)
H451,02/08/2026,踱步,從化,內圈,從化 內圈,,,,,,助手,,快踱一圈,H,內圈 快踱一圈 (助手)
H451,01/08/2026,踱步,從化,內圈,從化 內圈,,,,,,助手,,快踱一圈,H,內圈 快踱一圈 (助手)
H451,31/07/2026,馬匹水中步行機,從化,,從化,,,,,,,,馬匹水中步行機,,
H451,31/07/2026,踱步,從化,內圈,從化 內圈,,,,,,助手,,快踱一圈,H,內圈 快踱一圈 (助手)
H451,30/07/2026,馬匹水中步行機,從化,,從化,,,,,,,,馬匹水中步行機,,
H451,30/07/2026,踱步,從化,飛機場,從化 飛機場,,,,,,助手,,踱步,H,飛機場 踱步 (助手)
H451,29/07/2026,踱步,從化,飛機場,從化 飛機場,,,,,,助手,,踱步,H,飛機場 踱步 (助手)
H451,28/07/2026,馬匹水中步行機,從化,,從化,,,,,,,,馬匹水中步行機,,
H451,28/07/2026,踱步,從化,飛機場,從化 飛機場,,,,,,助手,,踱步,,飛機場 踱步 (助手)
H451,27/07/2026,踱步,從化,飛機場,從化 飛機場,,,,,,助手,,踱步,H,飛機場 踱步 (助手)
H451,25/07/2026,踱步,從化,飛機場,從化 飛機場,,,,,,助手,,踱步,H,飛機場 踱步 (助手)
H451,24/07/2026,踱步,從化,飛機場,從化 飛機場,,,,,,助手,,踱步,H,飛機場 踱步 (助手)
H451,23/07/2026,踱步,從化,飛機場,從化 飛機場,,,,,,助手,,踱步,,飛機場 踱步 (助手)
H451,20/07/2026,馬匹水中步行機,從化,,從化,,,,,,,,馬匹水中步行機,,
H451,15/07/2026,游水,沙田,,沙田,,,,,,,,游水,,
H451,14/07/2026,游水,沙田,,沙田,,,,,,,,游水,,
H451,12/07/2026,出賽,沙田,草地,沙田 草地,1400M,,,,,希威森,9/14,出賽,,1400M (希威森) (9/14)
H451,11/07/2026,游水,沙田,,沙田,,,,,,,,游水,,
H451,11/07/2026,踱步,沙田,內圈,沙田 內圈,,,,,,助手,,快踱一圈,H,內圈 快踱一圈 (助手)
H451,10/07/2026,游水,沙田,,沙田,,,,,,,,游水,,
H451,10/07/2026,踱步,沙田,內圈,沙田 內圈,,,,,,助手,,快踱一圈,H,內圈 快踱一圈 (助手)
H451,09/07/2026,游水,沙田,,沙田,,,,,,,,游水,,
H451,09/07/2026,踱步,沙田,內圈,沙田 內圈,,,,,,助手,,倒快一圈,H,內圈 倒快一圈 (助手)
H451,08/07/2026,游水,沙田,,沙田,,,,,,,,游水,,
H451,08/07/2026,快操,沙田,全天候,沙田 全天候,,57.8,57.8,29.5 28.3,,希威森,,快操,H,29.5 28.3 (57.8) (希威森)
H451,07/07/2026,游水,沙田,,沙田,,,,,,,,游水,,
H451,07/07/2026,踱步,沙田,內圈,沙田 內圈,,,,,,助手,,快踱一圈,H,內圈 快踱一圈 (助手)
H451,06/07/2026,游水,沙田,,沙田,,,,,,,,游水,,
H451,06/07/2026,踱步,沙田,內圈,沙田 內圈,,,,,,助手,,倒快兩圈,H,內圈 倒快兩圈 (助手)
H451,05/07/2026,游水,沙田,,沙田,,,,,,,,游水,,
H451,05/07/2026,快操,沙田,全天候,沙田 全天候,,58.0,58.0,31.3 26.7,,副練馬師,,快操,H,31.3 26.7 (58.0) (副練馬師)
H451,04/07/2026,游水,沙田,,沙田,,,,,,,,游水,,
H451,04/07/2026,踱步,沙田,內圈,沙田 內圈,,,,,,助手,,快踱一圈,H,內圈 快踱一圈 (助手)
H451,03/07/2026,踱步,沙田,內圈,沙田 內圈,,,,,,助手,,快踱一圈,H,內圈 快踱一圈 (助手)
H451,02/07/2026,踱步,從化,內圈,從化 內圈,,,,,,助手,,倒快一圈,H,內圈 倒快一圈 (助手)
H451,01/07/2026,馬匹水中步行機,從化,,從化,,,,,,,,馬匹水中步行機,,
H451,01/07/2026,馬匹跑步機,從化,,從化,,,,,,上斜,,馬匹跑步機 - 踱步,,馬匹跑步機 - 踱步 （上斜）
H451,29/06/2026,踱步,從化,內圈,從化 內圈,,,,,,助手,,倒快一圈,H,內圈 倒快一圈 (助手)
H451,28/06/2026,馬匹水中步行機,從化,,從化,,,,,,,,馬匹水中步行機,,
H451,28/06/2026,踱步,從化,內圈,從化 內圈,,,,,,助手,,快踱一圈,H,內圈 快踱一圈 (助手)
H451,27/06/2026,快操,從化,全天候,從化 全天候,,53.7,53.7,27.6 26.1,,助手,,快操,H,27.6 26.1 (53.7) (助手)
H451,27/06/2026,踱步,從化,飛機場,從化 飛機場,,,,,,助手,,踱步,H,飛機場 踱步 (助手)
H451,26/06/2026,踱步,從化,內圈,從化 內圈,,,,,,助手,,快踱一圈,H,內圈 快踱一圈 (助手)
H451,25/06/2026,馬匹水中步行機,從化,,從化,,,,,,,,馬匹水中步行機,,
H451,25/06/2026,馬匹跑步機,從化,,從化,,,,,,上斜,,馬匹跑步機 - 慢跑,,馬匹跑步機 - 慢跑 （上斜）
H451,24/06/2026,馬匹水中步行機,從化,,從化,,,,,,,,馬匹水中步行機,,
H451,24/06/2026,快操,從化,全天候,從化 全天候,,55.9,55.9,29.9 26.0,,助手,,快操,H,29.9 26.0 (55.9) (助手)
H451,24/06/2026,踱步,從化,飛機場,從化 飛機場,,,,,,助手,,踱步,H,飛機場 踱步 (助手)
H451,23/06/2026,馬匹水中步行機,從化,,從化,,,,,,,,馬匹水中步行機,,
H451,23/06/2026,踱步,從化,內圈,從化 內圈,,,,,,助手,,快踱一圈,H,內圈 快踱一圈 (助手)
H451,22/06/2026,踱步,從化,內圈,從化 內圈,,,,,,助手,,倒快兩圈,H,內圈 倒快兩圈 (助手)
H451,21/06/2026,馬匹水中步行機,從化,,從化,,,,,,,,馬匹水中步行機,,
H451,21/06/2026,踱步,從化,內圈,從化 內圈,,,,,,助手,,快踱一圈,H,內圈 快踱一圈 (助手)
H451,20/06/2026,快操,從化,全天候,從化 全天候,,55.8,55.8,29.8 26.0,,助手,,快操,H,29.8 26.0 (55.8) (助手)
H451,20/06/2026,踱步,從化,飛機場,從化 飛機場,,,,,,助手,,踱步,H,飛機場 踱步 (助手)
H451,19/06/2026,馬匹水中步行機,從化,,從化,,,,,,,,馬匹水中步行機,,
H451,19/06/2026,踱步,從化,內圈,從化 內圈,,,,,,助手,,快踱一圈,H,內圈 快踱一圈 (助手)
H451,18/06/2026,踱步,從化,外圈,從化 外圈,,,,,,助手,,快踱一圈,H,外圈 快踱一圈 (助手)
H451,17/06/2026,馬匹水中步行機,從化,,從化,,,,,,,,馬匹水中步行機,,
H451,17/06/2026,踱步,從化,內圈,從化 內圈,,,,,,助手,,快踱一圈,H,內圈 快踱一圈 (助手)
H451,16/06/2026,踱步,從化,飛機場,從化 飛機場,,,,,,助手,,踱步,,飛機場 踱步 (助手)
H451,15/06/2026,馬匹跑步機,沙田,,沙田,,,,,,上斜,,馬匹跑步機 - 踱步,,馬匹跑步機 - 踱步 （上斜）
H451,14/06/2026,馬匹跑步機,沙田,,沙田,,,,,,上斜,,馬匹跑步機 - 步行,,馬匹跑步機 - 步行 （上斜）
H451,13/06/2026,出賽,沙田,草地,沙田 草地,1400M,,,,,希威森,4/14,出賽,,1400M (希威森) (4/14)
H451,12/06/2026,游水,沙田,,沙田,,,,,,,,游水,,
H451,12/06/2026,踱步,沙田,內圈,沙田 內圈,,,,,,助手,,快踱一圈,H,內圈 快踱一圈 (助手)
H451,11/06/2026,游水,沙田,,沙田,,,,,,,,游水,,
H451,11/06/2026,踱步,沙田,內圈,沙田 內圈,,,,,,助手,,倒快兩圈,H,內圈 倒快兩圈 (助手)
H451,10/06/2026,游水,沙田,,沙田,,,,,,,,游水,,
H451,10/06/2026,踱步,沙田,內圈,沙田 內圈,,,,,,助手,,快踱一圈,H,內圈 快踱一圈 (助手)
H451,09/06/2026,游水,沙田,,沙田,,,,,,,,游水,,
H451,09/06/2026,快操,沙田,全天候,沙田 全天候,,56.3,56.3,29.8 26.5,,希威森,,快操,H,29.8 26.5 (56.3) (希威森)
H451,08/06/2026,游水,沙田,,沙田,,,,,,,,游水,,
H451,08/06/2026,踱步,沙田,內圈,沙田 內圈,,,,,,助手,,倒快一圈,H,內圈 倒快一圈 (助手)
H451,07/06/2026,踱步,沙田,內圈,沙田 內圈,,,,,,助手,,快踱一圈,H,內圈 快踱一圈 (助手)
H451,06/06/2026,踱步,從化,內圈,從化 內圈,,,,,,助手,,快踱一圈,H,內圈 快踱一圈 (助手)
H451,05/06/2026,馬匹水中步行機,從化,,從化,,,,,,,,馬匹水中步行機,,
H451,05/06/2026,馬匹跑步機,從化,,從化,,,,,,上斜,,馬匹跑步機 - 踱步,,馬匹跑步機 - 踱步 （上斜）
H451,04/06/2026,快操,從化,草地,從化 草地,,56.8,56.8,31.6 25.2,,助手,,快操,H,31.6 25.2 (56.8) (助手)
H451,04/06/2026,踱步,從化,飛機場,從化 飛機場,,,,,,助手,,踱步,H,飛機場 踱步 (助手)
H451,03/06/2026,馬匹水中步行機,從化,,從化,,,,,,,,馬匹水中步行機,,
H451,03/06/2026,踱步,從化,內圈,從化 內圈,,,,,,助手,,快踱一圈,H,內圈 快踱一圈 (助手)
H451,02/06/2026,踱步,從化,內圈,從化 內圈,,,,,,助手,,快踱一圈,H,內圈 快踱一圈 (助手)
H451,01/06/2026,馬匹水中步行機,從化,,從化,,,,,,,,馬匹水中步行機,,
H451,01/06/2026,踱步,從化,內圈,從化 內圈,,,,,,助手,,倒快一圈,H,內圈 倒快一圈 (助手)
H451,31/05/2026,踱步,從化,內圈,從化 內圈,,,,,,助手,,快踱一圈,H,內圈 快踱一圈 (助手)
H451,29/05/2026,踱步,從化,內圈,從化 內圈,,,,,,助手,,快踱一圈,H,內圈 快踱一圈 (助手)
H451,28/05/2026,快操,從化,全天候,從化 全天候,,57.0,57.0,30.8 26.2,,助手,,快操,H,30.8 26.2 (57.0) (助手)
H451,28/05/2026,踱步,從化,飛機場,從化 飛機場,,,,,,助手,,踱步,H,飛機場 踱步 (助手)
H451,27/05/2026,踱步,從化,內圈,從化 內圈,,,,,,助手,,快踱一圈,H,內圈 快踱一圈 (助手)
H451,26/05/2026,馬匹水中步行機,從化,,從化,,,,,,,,馬匹水中步行機,,
H451,26/05/2026,踱步,從化,內圈,從化 內圈,,,,,,助手,,快踱一圈,H,內圈 快踱一圈 (助手)
H451,25/05/2026,快操,從化,全天候,從化 全天候,,58.4,58.4,29.9 28.5,,助手,,快操,H,29.9 28.5 (58.4) (助手)
H451,25/05/2026,踱步,從化,飛機場,從化 飛機場,,,,,,助手,,踱步,H,飛機場 踱步 (助手)
H451,24/05/2026,馬匹水中步行機,從化,,從化,,,,,,,,馬匹水中步行機,,
H451,24/05/2026,踱步,從化,內圈,從化 內圈,,,,,,助手,,快踱一圈,H,內圈 快踱一圈 (助手)
H451,23/05/2026,踱步,從化,飛機場,從化 飛機場,,,,,,助手,,踱步,,飛機場 踱步 (助手)
H451,22/05/2026,馬匹跑步機,沙田,,沙田,,,,,,上斜,,馬匹跑步機 - 踱步,,馬匹跑步機 - 踱步 （上斜）
H451,21/05/2026,馬匹跑步機,沙田,,沙田,,,,,,上斜,,馬匹跑步機 - 步行,,馬匹跑步機 - 步行 （上斜）
H451,20/05/2026,出賽,跑馬地,草地,跑馬地 草地,1650M,,,,,潘頓,9/12,出賽,,1650M (潘頓) (9/12)
H451,20/05/2026,踱步,沙田,內圈,沙田 內圈,,,,,,助手,,快踱一圈,H,內圈 快踱一圈 (助手)
H451,19/05/2026,游水,沙田,,沙田,,,,,,,,游水,,
H451,19/05/2026,踱步,沙田,內圈,沙田 內圈,,,,,,助手,,快踱一圈,H,內圈 快踱一圈 (助手)
H451,18/05/2026,游水,沙田,,沙田,,,,,,,,游水,,
H451,18/05/2026,踱步,沙田,內圈,沙田 內圈,,,,,,助手,,倒快一圈,H,內圈 倒快一圈 (助手)
H451,17/05/2026,踱步,沙田,內圈,沙田 內圈,,,,,,助手,,快踱一圈,H,內圈 快踱一圈 (助手)
H451,16/05/2026,游水,沙田,,沙田,,,,,,,,游水,,
H451,16/05/2026,快操,沙田,全天候,沙田 全天候,,57.6,57.6,31.3 26.3,,副練馬師,,快操,H,31.3 26.3 (57.6) (副練馬師)
H451,15/05/2026,游水,沙田,,沙田,,,,,,,,游水,,
H451,15/05/2026,踱步,沙田,內圈,沙田 內圈,,,,,,助手,,快踱一圈,H,內圈 快踱一圈 (助手)
H451,14/05/2026,游水,沙田,,沙田,,,,,,,,游水,,
H451,14/05/2026,踱步,沙田,內圈,沙田 內圈,,,,,,助手,,倒快兩圈,H,內圈 倒快兩圈 (助手)
H451,13/05/2026,游水,沙田,,沙田,,,,,,,,游水,,
H451,13/05/2026,踱步,沙田,內圈,沙田 內圈,,,,,,助手,,快踱一圈,H,內圈 快踱一圈 (助手)
H451,12/05/2026,游水,沙田,,沙田,,,,,,,,游水,,
H451,12/05/2026,踱步,沙田,內圈,沙田 內圈,,,,,,助手,,快踱一圈,H,內圈 快踱一圈 (助手)
H451,11/05/2026,快操,沙田,草地,沙田 草地,,57.3,57.3,31.4 25.9,,潘頓,,快操,H,31.4 25.9 (57.3) (潘頓)
H451,10/05/2026,游水,沙田,,沙田,,,,,,,,游水,,
H451,10/05/2026,踱步,沙田,內圈,沙田 內圈,,,,,,助手,,快踱一圈,H,內圈 快踱一圈 (助手)
H451,09/05/2026,游水,沙田,,沙田,,,,,,,,游水,,
H451,09/05/2026,踱步,沙田,內圈,沙田 內圈,,,,,,助手,,快踱一圈,H,內圈 快踱一圈 (助手)
H451,08/05/2026,游水,沙田,,沙田,,,,,,,,游水,,
H451,08/05/2026,踱步,沙田,內圈,沙田 內圈,,,,,,助手,,快踱一圈,H,內圈 快踱一圈 (助手)
H451,07/05/2026,馬匹跑步機,沙田,,沙田,,,,,,上斜,,馬匹跑步機 - 步行,,馬匹跑步機 - 步行 （上斜）
H451,07/05/2026,快操,沙田,全天候,沙田 全天候,,56.9,56.9,29.8 27.1,,潘頓,,快操,H,29.8 27.1 (56.9) (潘頓)
H451,06/05/2026,游水,沙田,,沙田,,,,,,,,游水,,
H451,06/05/2026,踱步,沙田,內圈,沙田 內圈,,,,,,助手,,快踱一圈,H,內圈 快踱一圈 (助手)
H451,05/05/2026,游水,沙田,,沙田,,,,,,,,游水,,
H451,05/05/2026,踱步,沙田,內圈,沙田 內圈,,,,,,助手,,快踱一圈,H,內圈 快踱一圈 (助手)
H451,04/05/2026,游水,沙田,,沙田,,,,,,,,游水,,
H451,04/05/2026,快操,沙田,全天候,沙田 全天候,,56.7,56.7,29.9 26.8,,助手,,快操,H,29.9 26.8 (56.7) (助手)
H451,03/05/2026,游水,沙田,,沙田,,,,,,,,游水,,
H451,03/05/2026,踱步,沙田,內圈,沙田 內圈,,,,,,助手,,快踱一圈,H,內圈 快踱一圈 (助手)
H451,02/05/2026,游水,沙田,,沙田,,,,,,,,游水,,
H451,02/05/2026,踱步,沙田,內圈,沙田 內圈,,,,,,助手,,快踱一圈,H,內圈 快踱一圈 (助手)
H451,01/05/2026,游水,沙田,,沙田,,,,,,,,游水,,
H451,01/05/2026,踱步,沙田,內圈,沙田 內圈,,,,,,助手,,快踱一圈,H,內圈 快踱一圈 (助手)
H451,30/04/2026,馬匹跑步機,沙田,,沙田,,,,,,上斜,,馬匹跑步機 - 步行,,馬匹跑步機 - 步行 （上斜）
H451,29/04/2026,馬匹跑步機,沙田,,沙田,,,,,,上斜,,馬匹跑步機 - 步行,,馬匹跑步機 - 步行 （上斜）
H451,29/04/2026,游水,沙田,,沙田,,,,,,,,游水,,
H451,28/04/2026,馬匹跑步機,沙田,,沙田,,,,,,上斜,,馬匹跑步機 - 踱步,,馬匹跑步機 - 踱步 （上斜）
H451,27/04/2026,馬匹跑步機,沙田,,沙田,,,,,,上斜,,馬匹跑步機 - 步行,,馬匹跑步機 - 步行 （上斜）
H451,26/04/2026,出賽,沙田,草地,沙田 草地,1600M,,,,,潘頓,2/14,出賽,,1600M (潘頓) (2/14)
H451,25/04/2026,游水,沙田,,沙田,,,,,,,,游水,,
H451,25/04/2026,踱步,沙田,內圈,沙田 內圈,,,,,,助手,,快踱一圈,H,內圈 快踱一圈 (助手)
H451,24/04/2026,游水,沙田,,沙田,,,,,,,,游水,,
H451,24/04/2026,快操,沙田,全天候,沙田 全天候,,32.8,32.8,32.8,,助手,,快操,H,32.8 (32.8) (助手)
H451,23/04/2026,游水,沙田,,沙田,,,,,,,,游水,,
H451,23/04/2026,踱步,沙田,內圈,沙田 內圈,,,,,,助手,,倒快一圈,H,內圈 倒快一圈 (助手)
H451,22/04/2026,馬匹跑步機,沙田,,沙田,,,,,,上斜,,馬匹跑步機 - 步行,,馬匹跑步機 - 步行 （上斜）
H451,22/04/2026,踱步,沙田,內圈,沙田 內圈,,,,,,助手,,快踱一圈,H,內圈 快踱一圈 (助手)
H451,21/04/2026,游水,沙田,,沙田,,,,,,,,游水,,
H451,21/04/2026,踱步,沙田,內圈,沙田 內圈,,,,,,助手,,快踱一圈,H,內圈 快踱一圈 (助手)
H451,20/04/2026,快操,沙田,草地,沙田 草地,,51.8,51.8,29.4 22.4,,副練馬師,,快操,,29.4 22.4 (51.8) (副練馬師)
H451,19/04/2026,游水,沙田,,沙田,,,,,,,,游水,,
H451,19/04/2026,踱步,沙田,外圈,沙田 外圈,,,,,,副練馬師,,快踱一圈,H,外圈 快踱一圈 (副練馬師)
H451,18/04/2026,踱步,從化,內圈,從化 內圈,,,,,,助手,,快踱一圈,H,內圈 快踱一圈 (助手)
H451,17/04/2026,游水,從化,,從化,,,,,,,,游水,,
H451,17/04/2026,踱步,從化,內圈,從化 內圈,,,,,,助手,,快踱一圈,H,內圈 快踱一圈 (助手)
H451,16/04/2026,馬匹跑步機,從化,,從化,,,,,,上斜,,馬匹跑步機 - 慢跑,,馬匹跑步機 - 慢跑 （上斜）
H451,15/04/2026,快操,從化,全天候,從化 全天候,,56.8,56.8,29.8 27.0,,助手,,快操,,29.8 27.0 (56.8) (助手)
H451,15/04/2026,踱步,從化,飛機場,從化 飛機場,,,,,,助手,,踱步,,飛機場 踱步 (助手)
H451,14/04/2026,馬匹水中步行機,從化,,從化,,,,,,,,馬匹水中步行機,,
H451,14/04/2026,踱步,從化,內圈,從化 內圈,,,,,,助手,,快踱一圈,H,內圈 快踱一圈 (助手)
H451,13/04/2026,馬匹跑步機,從化,,從化,,,,,,上斜,,馬匹跑步機 - 慢跑,,馬匹跑步機 - 慢跑 （上斜）
H451,12/04/2026,快操,從化,全天候,從化 全天候,,55.4,55.4,29.4 26.0,,助手,,快操,H,29.4 26.0 (55.4) (助手)
H451,12/04/2026,踱步,從化,飛機場,從化 飛機場,,,,,,助手,,踱步,H,飛機場 踱步 (助手)
H451,11/04/2026,游水,從化,,從化,,,,,,,,游水,,
H451,11/04/2026,踱步,從化,內圈,從化 內圈,,,,,,助手,,快踱一圈,H,內圈 快踱一圈 (助手)
H451,10/04/2026,踱步,從化,內圈,從化 內圈,,,,,,助手,,快踱一圈,H,內圈 快踱一圈 (助手)
H451,09/04/2026,馬匹跑步機,從化,,從化,,,,,,上斜,,馬匹跑步機 - 慢跑,,馬匹跑步機 - 慢跑 （上斜）
H451,08/04/2026,快操,從化,全天候,從化 全天候,,56.3,56.3,30.6 25.7,,助手,,快操,,30.6 25.7 (56.3) (助手)
H451,08/04/2026,踱步,從化,飛機場,從化 飛機場,,,,,,助手,,踱步,,飛機場 踱步 (助手)
H451,07/04/2026,游水,從化,,從化,,,,,,,,游水,,
H451,07/04/2026,踱步,從化,內圈,從化 內圈,,,,,,助手,,快踱一圈,H,內圈 快踱一圈 (助手)
H451,06/04/2026,馬匹跑步機,從化,,從化,,,,,,上斜,,馬匹跑步機 - 慢跑,,馬匹跑步機 - 慢跑 （上斜）
H451,05/04/2026,快操,從化,全天候,從化 全天候,,57.6,57.6,29.3 28.3,,助手,,快操,H,29.3 28.3 (57.6) (助手)
H451,05/04/2026,踱步,從化,飛機場,從化 飛機場,,,,,,助手,,踱步,H,飛機場 踱步 (助手)
H451,04/04/2026,游水,從化,,從化,,,,,,,,游水,,
H451,04/04/2026,踱步,從化,內圈,從化 內圈,,,,,,助手,,快踱一圈,H,內圈 快踱一圈 (助手)
H451,03/04/2026,踱步,從化,外圈,從化 外圈,,,,,,助手,,快踱一圈,H,外圈 快踱一圈 (助手)
H451,02/04/2026,踱步,從化,飛機場,從化 飛機場,,,,,,助手,,踱步,H,飛機場 踱步 (助手)
H451,01/04/2026,踱步,沙田,內圈,沙田 內圈,,,,,,助手,,快踱一圈,H,內圈 快踱一圈 (助手)
H451,31/03/2026,游水,沙田,,沙田,,,,,,,,游水,,
H451,30/03/2026,馬匹跑步機,沙田,,沙田,,,,,,上斜,,馬匹跑步機 - 步行,,馬匹跑步機 - 步行 （上斜）
H451,29/03/2026,出賽,沙田,草地,沙田 草地,1600M,,,,,潘頓,7/14,出賽,,1600M (潘頓) (7/14)
H451,28/03/2026,游水,沙田,,沙田,,,,,,,,游水,,
H451,28/03/2026,踱步,沙田,內圈,沙田 內圈,,,,,,助手,,快踱一圈,H,內圈 快踱一圈 (助手)
H451,27/03/2026,游水,沙田,,沙田,,,,,,,,游水,,
H451,27/03/2026,快操,沙田,全天候,沙田 全天候,,33.0,33.0,33.0,,助手,,快操,H,33.0 (33.0) (助手)
H451,26/03/2026,游水,沙田,,沙田,,,,,,,,游水,,
H451,26/03/2026,踱步,沙田,內圈,沙田 內圈,,,,,,助手,,倒快一圈,H,內圈 倒快一圈 (助手)
H451,25/03/2026,游水,沙田,,沙田,,,,,,,,游水,,
H451,25/03/2026,快操,沙田,全天候,沙田 全天候,,54.9,54.9,29.4 25.5,,潘頓,,快操,H,29.4 25.5 (54.9) (潘頓)
H451,24/03/2026,游水,沙田,,沙田,,,,,,,,游水,,
H451,24/03/2026,踱步,沙田,內圈,沙田 內圈,,,,,,助手,,快踱一圈,H,內圈 快踱一圈 (助手)
H451,23/03/2026,游水,沙田,,沙田,,,,,,,,游水,,
H451,23/03/2026,踱步,沙田,外圈,沙田 外圈,,,,,,助手,,快踱一圈,H,外圈 快踱一圈 (助手)
H451,22/03/2026,游水,沙田,,沙田,,,,,,,,游水,,
H451,22/03/2026,踱步,沙田,內圈,沙田 內圈,,,,,,助手,,快踱一圈,H,內圈 快踱一圈 (助手)
H451,21/03/2026,游水,沙田,,沙田,,,,,,,,游水,,
H451,21/03/2026,踱步,沙田,內圈,沙田 內圈,,,,,,助手,,快踱一圈,H,內圈 快踱一圈 (助手)
H451,20/03/2026,游水,沙田,,沙田,,,,,,,,游水,,
H451,20/03/2026,踱步,沙田,內圈,沙田 內圈,,,,,,助手,,快踱一圈,H,內圈 快踱一圈 (助手)
H451,19/03/2026,踱步,從化,內圈,從化 內圈,,,,,,助手,,倒快一圈,H,內圈 倒快一圈 (助手)
H451,18/03/2026,馬匹跑步機,從化,,從化,,,,,,上斜,,馬匹跑步機 - 步行,,馬匹跑步機 - 步行 （上斜）
H451,17/03/2026,快操,從化,草地,從化 草地,,56.8,56.8,30.7 26.1,,助手,,快操,H,30.7 26.1 (56.8) (助手)
H451,17/03/2026,踱步,從化,飛機場,從化 飛機場,,,,,,助手,,踱步,H,飛機場 踱步 (助手)
H451,16/03/2026,踱步,從化,內圈,從化 內圈,,,,,,助手,,倒快一圈,H,內圈 倒快一圈 (助手)
H451,15/03/2026,踱步,從化,內圈,從化 內圈,,,,,,助手,,快踱一圈,H,內圈 快踱一圈 (助手)
H451,14/03/2026,踱步,從化,內圈,從化 內圈,,,,,,助手,,快踱一圈,H,內圈 快踱一圈 (助手)
H451,13/03/2026,快操,從化,全天候,從化 全天候,,55.1,55.1,29.2 25.9,,助手,,快操,H,29.2 25.9 (55.1) (助手)
H451,13/03/2026,踱步,從化,飛機場,從化 飛機場,,,,,,助手,,踱步,H,飛機場 踱步 (助手)
H451,12/03/2026,馬匹水中步行機,從化,,從化,,,,,,,,馬匹水中步行機,,
H451,12/03/2026,踱步,從化,內圈,從化 內圈,,,,,,助手,,倒快一圈,H,內圈 倒快一圈 (助手)
H451,11/03/2026,踱步,從化,內圈,從化 內圈,,,,,,助手,,快踱一圈,H,內圈 快踱一圈 (助手)
H451,10/03/2026,踱步,從化,內圈,從化 內圈,,,,,,助手,,快踱一圈,H,內圈 快踱一圈 (助手)
H451,09/03/2026,快操,從化,全天候,從化 全天候,,54.1,54.1,28.1 26.0,,助手,,快操,H,28.1 26.0 (54.1) (助手)
H451,09/03/2026,踱步,從化,飛機場,從化 飛機場,,,,,,助手,,踱步,H,飛機場 踱步 (助手)
H451,08/03/2026,踱步,從化,內圈,從化 內圈,,,,,,助手,,快踱一圈,H,內圈 快踱一圈 (助手)
H451,07/03/2026,馬匹水中步行機,從化,,從化,,,,,,,,馬匹水中步行機,,
H451,07/03/2026,踱步,從化,內圈,從化 內圈,,,,,,助手,,快踱一圈,H,內圈 快踱一圈 (助手)
H451,06/03/2026,踱步,從化,內圈,從化 內圈,,,,,,助手,,快踱一圈,H,內圈 快踱一圈 (助手)
H451,05/03/2026,快操,從化,全天候,從化 全天候,,58.4,58.4,30.1 28.3,,助手,,快操,H,30.1 28.3 (58.4) (助手)
H451,05/03/2026,踱步,從化,飛機場,從化 飛機場,,,,,,助手,,踱步,H,飛機場 踱步 (助手)
H451,04/03/2026,馬匹水中步行機,從化,,從化,,,,,,,,馬匹水中步行機,,
H451,04/03/2026,踱步,從化,內圈,從化 內圈,,,,,,助手,,快踱一圈,H,內圈 快踱一圈 (助手)
H451,03/03/2026,踱步,從化,內圈,從化 內圈,,,,,,助手,,快踱一圈,H,內圈 快踱一圈 (助手)
H451,02/03/2026,快操,從化,全天候,從化 全天候,,58.2,58.2,30.9 27.3,,助手,,快操,H,30.9 27.3 (58.2) (助手)
H451,02/03/2026,踱步,從化,飛機場,從化 飛機場,,,,,,助手,,踱步,H,飛機場 踱步 (助手)
H451,01/03/2026,游水,從化,,從化,,,,,,,,游水,,
H451,01/03/2026,踱步,從化,內圈,從化 內圈,,,,,,助手,,快踱一圈,H,內圈 快踱一圈 (助手)
H451,28/02/2026,踱步,從化,外圈,從化 外圈,,,,,,助手,,快踱一圈,H,外圈 快踱一圈 (助手)
H451,27/02/2026,游水,從化,,從化,,,,,,,,游水,,
H451,27/02/2026,踱步,從化,內圈,從化 內圈,,,,,,助手,,快踱一圈,H,內圈 快踱一圈 (助手)
H451,26/02/2026,踱步,從化,內圈,從化 內圈,,,,,,助手,,倒快一圈,H,內圈 倒快一圈 (助手)
H451,25/02/2026,踱步,沙田,內圈,沙田 內圈,,,,,,助手,,快踱一圈,H,內圈 快踱一圈 (助手)
H451,24/02/2026,馬匹跑步機,沙田,,沙田,,,,,,上斜,,馬匹跑步機 - 踱步,,馬匹跑步機 - 踱步 （上斜）
H451,24/02/2026,游水,沙田,,沙田,,,,,,,,游水,,
H451,23/02/2026,馬匹跑步機,沙田,,沙田,,,,,,上斜,,馬匹跑步機 - 步行,,馬匹跑步機 - 步行 （上斜）
H451,22/02/2026,出賽,沙田,草地,沙田 草地,1600M,,,,,班德禮,3/14,出賽,,1600M (班德禮) (3/14)
H451,21/02/2026,游水,沙田,,沙田,,,,,,,,游水,,
H451,21/02/2026,踱步,沙田,內圈,沙田 內圈,,,,,,助手,,快踱一圈,H,內圈 快踱一圈 (助手)
H451,20/02/2026,游水,沙田,,沙田,,,,,,,,游水,,
H451,20/02/2026,踱步,沙田,內圈,沙田 內圈,,,,,,助手,,快踱一圈,H,內圈 快踱一圈 (助手)
H451,19/02/2026,快操,沙田,全天候,沙田 全天候,,53.2,53.2,29.0 24.2,,副練馬師,,快操,H,29.0 24.2 (53.2) (副練馬師)
H451,18/02/2026,游水,沙田,,沙田,,,,,,,,游水,,
H451,18/02/2026,踱步,沙田,內圈,沙田 內圈,,,,,,助手,,快踱一圈,H,內圈 快踱一圈 (助手)
H451,16/02/2026,游水,沙田,,沙田,,,,,,,,游水,,
H451,16/02/2026,快操,沙田,全天候,沙田 全天候,,54.5,54.5,28.3 26.2,,副練馬師,,快操,H,28.3 26.2 (54.5) (副練馬師)
H451,15/02/2026,游水,沙田,,沙田,,,,,,,,游水,,
H451,15/02/2026,踱步,沙田,內圈,沙田 內圈,,,,,,助手,,快踱一圈,H,內圈 快踱一圈 (助手)
H451,14/02/2026,游水,沙田,,沙田,,,,,,,,游水,,
H451,14/02/2026,踱步,沙田,內圈,沙田 內圈,,,,,,助手,,快踱一圈,H,內圈 快踱一圈 (助手)
H451,13/02/2026,游水,沙田,,沙田,,,,,,,,游水,,
H451,13/02/2026,踱步,沙田,內圈,沙田 內圈,,,,,,助手,,快踱一圈,H,內圈 快踱一圈 (助手)
H451,12/02/2026,游水,沙田,,沙田,,,,,,,,游水,,
H451,11/02/2026,踱步,沙田,內圈,沙田 內圈,,,,,,助手,,快踱一圈,H,內圈 快踱一圈 (助手)
H451,09/02/2026,快操,從化,草地,從化 草地,,51.7,51.7,27.7 24.0,,助手,,快操,,27.7 24.0 (51.7) (助手)
H451,09/02/2026,踱步,從化,飛機場,從化 飛機場,,,,,,助手,,踱步,,飛機場 踱步 (助手)
H451,08/02/2026,馬匹水中步行機,從化,,從化,,,,,,,,馬匹水中步行機,,
H451,08/02/2026,踱步,從化,內圈,從化 內圈,,,,,,助手,,快踱一圈,H,內圈 快踱一圈 (助手)
H451,07/02/2026,踱步,從化,內圈,從化 內圈,,,,,,助手,,快踱一圈,H,內圈 快踱一圈 (助手)
H451,06/02/2026,馬匹跑步機,從化,,從化,,,,,,上斜,,馬匹跑步機 - 慢跑,,馬匹跑步機 - 慢跑 （上斜）
H451,06/02/2026,游水,從化,,從化,,,,,,,,游水,,
H451,05/02/2026,快操,從化,全天候,從化 全天候,,55.9,55.9,29.9 26.0,,助手,,快操,,29.9 26.0 (55.9) (助手)
H451,05/02/2026,踱步,從化,飛機場,從化 飛機場,,,,,,助手,,踱步,,飛機場 踱步 (助手)
H451,04/02/2026,踱步,從化,內圈,從化 內圈,,,,,,助手,,快踱一圈,H,內圈 快踱一圈 (助手)
H451,03/02/2026,馬匹跑步機,從化,,從化,,,,,,上斜,,馬匹跑步機 - 慢跑,,馬匹跑步機 - 慢跑 （上斜）
H451,03/02/2026,游水,從化,,從化,,,,,,,,游水,,
H451,02/02/2026,快操,從化,全天候,從化 全天候,,57.2,57.2,30.3 26.9,,助手,,快操,,30.3 26.9 (57.2) (助手)
H451,02/02/2026,踱步,從化,飛機場,從化 飛機場,,,,,,助手,,踱步,,飛機場 踱步 (助手)
H451,01/02/2026,馬匹水中步行機,從化,,從化,,,,,,,,馬匹水中步行機,,
H451,01/02/2026,踱步,從化,內圈,從化 內圈,,,,,,助手,,快踱一圈,H,內圈 快踱一圈 (助手)
H451,31/01/2026,踱步,從化,內圈,從化 內圈,,,,,,助手,,快踱一圈,H,內圈 快踱一圈 (助手)
H451,30/01/2026,快操,從化,全天候,從化 全天候,,57.9,57.9,29.9 28.0,,助手,,快操,,29.9 28.0 (57.9) (助手)
H451,30/01/2026,踱步,從化,飛機場,從化 飛機場,,,,,,助手,,踱步,,飛機場 踱步 (助手)
H451,28/01/2026,踱步,沙田,內圈,沙田 內圈,,,,,,助手,,快踱一圈,H,內圈 快踱一圈 (助手)
H451,27/01/2026,游水,沙田,,沙田,,,,,,,,游水,,
H451,26/01/2026,馬匹跑步機,沙田,,沙田,,,,,,上斜,,馬匹跑步機 - 步行,,馬匹跑步機 - 步行 （上斜）
H451,25/01/2026,出賽,沙田,草地,沙田 草地,1600M,,,,,班德禮,2/14,出賽,,1600M (班德禮) (2/14)
H451,24/01/2026,游水,沙田,,沙田,,,,,,,,游水,,
H451,24/01/2026,踱步,沙田,內圈,沙田 內圈,,,,,,助手,,快踱一圈,H,內圈 快踱一圈 (助手)
H451,23/01/2026,游水,沙田,,沙田,,,,,,,,游水,,
H451,23/01/2026,踱步,沙田,內圈,沙田 內圈,,,,,,助手,,快踱一圈,H,內圈 快踱一圈 (助手)
H451,22/01/2026,踱步,從化,內圈,從化 內圈,,,,,,助手,,倒快一圈,H,內圈 倒快一圈 (助手)
H451,21/01/2026,快操,從化,全天候,從化 全天候,,55.4,55.4,29.6 25.8,,助手,,快操,,29.6 25.8 (55.4) (助手)
H451,21/01/2026,踱步,從化,飛機場,從化 飛機場,,,,,,助手,,踱步,,飛機場 踱步 (助手)
H451,20/01/2026,踱步,從化,內圈,從化 內圈,,,,,,助手,,快踱一圈,H,內圈 快踱一圈 (助手)
H451,19/01/2026,馬匹水中步行機,從化,,從化,,,,,,,,馬匹水中步行機,,
H451,19/01/2026,踱步,從化,內圈,從化 內圈,,,,,,助手,,倒快一圈,H,內圈 倒快一圈 (助手)
H451,18/01/2026,游水,從化,,從化,,,,,,,,游水,,
H451,18/01/2026,踱步,從化,內圈,從化 內圈,,,,,,助手,,快踱一圈,H,內圈 快踱一圈 (助手)
H451,17/01/2026,快操,從化,草地,從化 草地,,54.2,54.2,29.7 24.5,,助手,,快操,,29.7 24.5 (54.2) (助手)
H451,17/01/2026,踱步,從化,飛機場,從化 飛機場,,,,,,助手,,踱步,,飛機場 踱步 (助手)
H451,15/01/2026,游水,從化,,從化,,,,,,,,游水,,
H451,14/01/2026,馬匹水中步行機,從化,,從化,,,,,,,,馬匹水中步行機,,
H451,14/01/2026,快操,從化,全天候,從化 全天候,,55.4,55.4,29.9 25.5,,助手,,快操,,29.9 25.5 (55.4) (助手)
H451,14/01/2026,踱步,從化,飛機場,從化 飛機場,,,,,,助手,,踱步,,飛機場 踱步 (助手)
H451,13/01/2026,游水,從化,,從化,,,,,,,,游水,,
H451,13/01/2026,踱步,從化,內圈,從化 內圈,,,,,,助手,,快踱一圈,,內圈 快踱一圈 (助手)
H451,12/01/2026,踱步,從化,內圈,從化 內圈,,,,,,助手,,倒快一圈,,內圈 倒快一圈 (助手)
H451,11/01/2026,馬匹水中步行機,從化,,從化,,,,,,,,馬匹水中步行機,,
H451,11/01/2026,踱步,從化,內圈,從化 內圈,,,,,,助手,,快踱一圈,,內圈 快踱一圈 (助手)
H451,10/01/2026,快操,從化,全天候,從化 全天候,,55.6,55.6,30.4 25.2,,助手,,快操,,30.4 25.2 (55.6) (助手)
H451,10/01/2026,踱步,從化,飛機場,從化 飛機場,,,,,,助手,,踱步,,飛機場 踱步 (助手)
H451,09/01/2026,踱步,從化,外圈,從化 外圈,,,,,,助手,,快踱一圈,,外圈 快踱一圈 (助手)
H451,08/01/2026,踱步,從化,內圈,從化 內圈,,,,,,助手,,倒快一圈,,內圈 倒快一圈 (助手)
H451,07/01/2026,踱步,沙田,內圈,沙田 內圈,,,,,,助手,,快踱一圈,H,內圈 快踱一圈 (助手)
H451,06/01/2026,馬匹跑步機,沙田,,沙田,,,,,,上斜,,馬匹跑步機 - 踱步,,馬匹跑步機 - 踱步 （上斜）
H451,06/01/2026,游水,沙田,,沙田,,,,,,,,游水,,
H451,05/01/2026,馬匹跑步機,沙田,,沙田,,,,,,上斜,,馬匹跑步機 - 步行,,馬匹跑步機 - 步行 （上斜）
H451,04/01/2026,出賽,沙田,草地,沙田 草地,1600M,,,,,班德禮,1/14,出賽,,1600M (班德禮) (1/14)
H451,03/01/2026,游水,沙田,,沙田,,,,,,,,游水,,
H451,03/01/2026,踱步,沙田,內圈,沙田 內圈,,,,,,助手,,快踱一圈,H,內圈 快踱一圈 (助手)
H451,02/01/2026,游水,沙田,,沙田,,,,,,,,游水,,
H451,02/01/2026,踱步,沙田,內圈,沙田 內圈,,,,,,助手,,快踱一圈,H,內圈 快踱一圈 (助手)
H451,01/01/2026,游水,沙田,,沙田,,,,,,,,游水,,
H451,01/01/2026,踱步,沙田,內圈,沙田 內圈,,,,,,助手,,倒快一圈,H,內圈 倒快一圈 (助手)
H451,31/12/2025,游水,沙田,,沙田,,,,,,,,游水,,
H451,31/12/2025,快操,沙田,全天候,沙田 全天候,,56.3,56.3,30.7 25.6,,班德禮,,快操,H,30.7 25.6 (56.3) (班德禮)
H451,30/12/2025,游水,沙田,,沙田,,,,,,,,游水,,
H451,30/12/2025,踱步,沙田,內圈,沙田 內圈,,,,,,助手,,快踱一圈,H,內圈 快踱一圈 (助手)
H451,29/12/2025,游水,沙田,,沙田,,,,,,,,游水,,
H451,29/12/2025,踱步,沙田,內圈,沙田 內圈,,,,,,助手,,倒快一圈,H,內圈 倒快一圈 (助手)
H451,28/12/2025,游水,沙田,,沙田,,,,,,,,游水,,
H451,28/12/2025,快操,沙田,全天候,沙田 全天候,,57.4,57.4,29.3 28.1,,副練馬師,,快操,H,29.3 28.1 (57.4) (副練馬師)
H451,27/12/2025,游水,沙田,,沙田,,,,,,,,游水,,
H451,27/12/2025,踱步,沙田,內圈,沙田 內圈,,,,,,助手,,快踱一圈,H,內圈 快踱一圈 (助手)
H451,26/12/2025,游水,沙田,,沙田,,,,,,,,游水,,
H451,26/12/2025,踱步,沙田,內圈,沙田 內圈,,,,,,助手,,快踱一圈,H,內圈 快踱一圈 (助手)
H451,25/12/2025,游水,沙田,,沙田,,,,,,,,游水,,
H451,25/12/2025,快操,沙田,全天候,沙田 全天候,,59.0,59.0,30.4 28.6,,副練馬師,,快操,H,30.4 28.6 (59.0) (副練馬師)
H451,24/12/2025,游水,沙田,,沙田,,,,,,,,游水,,
H451,24/12/2025,踱步,沙田,內圈,沙田 內圈,,,,,,助手,,快踱一圈,H,內圈 快踱一圈 (助手)
H451,23/12/2025,踱步,沙田,內圈,沙田 內圈,,,,,,助手,,快踱一圈,H,內圈 快踱一圈 (助手)
H451,20/12/2025,出賽,沙田,草地,沙田 草地,1600M,,,,,希威森,2/14,出賽,TT-,1600M (希威森) (2/14)
H451,19/12/2025,游水,沙田,,沙田,,,,,,,,游水,,
H451,19/12/2025,踱步,沙田,內圈,沙田 內圈,,,,,,助手,,快踱一圈,H,內圈 快踱一圈 (助手)
H451,18/12/2025,游水,沙田,,沙田,,,,,,,,游水,,
H451,18/12/2025,踱步,沙田,內圈,沙田 內圈,,,,,,助手,,倒快一圈,H,內圈 倒快一圈 (助手)
H451,17/12/2025,快操,沙田,全天候,沙田 全天候,,54.1,54.1,29.4 24.7,,希威森,,暴風一族,H,29.4 24.7 (54.1) (希威森) 暴風一族
H451,16/12/2025,游水,沙田,,沙田,,,,,,,,游水,,
H451,16/12/2025,踱步,沙田,內圈,沙田 內圈,,,,,,助手,,快踱一圈,H,內圈 快踱一圈 (助手)
H451,15/12/2025,游水,沙田,,沙田,,,,,,,,游水,,
H451,15/12/2025,踱步,沙田,內圈,沙田 內圈,,,,,,助手,,倒快一圈,H,內圈 倒快一圈 (助手)
H451,14/12/2025,游水,沙田,,沙田,,,,,,,,游水,,
H451,14/12/2025,快操,沙田,全天候,沙田 全天候,,56.5,56.5,29.5 27.0,,副練馬師,,快操,H,29.5 27.0 (56.5) (副練馬師)
H451,13/12/2025,快操,從化,全天候,從化 全天候,,54.9,54.9,29.6 25.3,,助手,,快操,,29.6 25.3 (54.9) (助手)
H451,13/12/2025,踱步,從化,飛機場,從化 飛機場,,,,,,助手,,踱步,,飛機場 踱步 (助手)
H451,12/12/2025,踱步,從化,內圈,從化 內圈,,,,,,助手,,快踱一圈,,內圈 快踱一圈 (助手)
H451,11/12/2025,踱步,從化,內圈,從化 內圈,,,,,,助手,,倒快兩圈,,內圈 倒快兩圈 (助手)
H451,10/12/2025,快操,從化,全天候,從化 全天候,,57.0,57.0,29.5 27.5,,助手,,快操,,29.5 27.5 (57.0) (助手)
H451,10/12/2025,踱步,從化,飛機場,從化 飛機場,,,,,,助手,,踱步,,飛機場 踱步 (助手)
H451,09/12/2025,踱步,從化,內圈,從化 內圈,,,,,,助手,,快踱一圈,,內圈 快踱一圈 (助手)
H451,07/12/2025,踱步,從化,內圈,從化 內圈,,,,,,助手,,快踱一圈,,內圈 快踱一圈 (助手)
H451,05/12/2025,試閘,從化,草地,從化 草地,1200M,1.11.95,71.95,25.3 23.1 23.5,開心勇駒,田泰安,,第4組,,第4組 (田泰安) 1200M 開心勇駒 25.3 23.1 23.5 (1.11.95)
H451,05/12/2025,踱步,從化,飛機場,從化 飛機場,,,,,,助手,,踱步,,飛機場 踱步 (助手)
H451,04/12/2025,踱步,從化,內圈,從化 內圈,,,,,,助手,,倒快兩圈,,內圈 倒快兩圈 (助手)
H451,03/12/2025,踱步,從化,內圈,從化 內圈,,,,,,助手,,快踱一圈,,內圈 快踱一圈 (助手)
H451,02/12/2025,踱步,從化,內圈,從化 內圈,,,,,,助手,,快踱一圈,,內圈 快踱一圈 (助手)
H451,01/12/2025,游水,從化,,從化,,,,,,,,游水,,
H451,30/11/2025,快操,從化,全天候,從化 全天候,,53.9,53.9,28.8 25.1,,助手,,美周郎,,28.8 25.1 (53.9) (助手) 美周郎
H451,30/11/2025,踱步,從化,飛機場,從化 飛機場,,,,,,助手,,踱步,,飛機場 踱步 (助手)
H451,29/11/2025,游水,從化,,從化,,,,,,,,游水,,
H451,29/11/2025,踱步,從化,內圈,從化 內圈,,,,,,助手,,快踱一圈,,內圈 快踱一圈 (助手)
H451,28/11/2025,游水,從化,,從化,,,,,,,,游水,,
H451,27/11/2025,游水,從化,,從化,,,,,,,,游水,,
H451,27/11/2025,踱步,從化,內圈,從化 內圈,,,,,,助手,,倒快兩圈,,內圈 倒快兩圈 (助手)
H451,26/11/2025,快操,從化,全天候,從化 全天候,,55.9,55.9,29.8 26.1,,助手,,快操,,29.8 26.1 (55.9) (助手)
H451,26/11/2025,踱步,從化,飛機場,從化 飛機場,,,,,,助手,,踱步,,飛機場 踱步 (助手)
H451,25/11/2025,踱步,從化,內圈,從化 內圈,,,,,,助手,,快踱一圈,,內圈 快踱一圈 (助手)
H451,24/11/2025,游水,從化,,從化,,,,,,,,游水,,
H451,24/11/2025,踱步,從化,內圈,從化 內圈,,,,,,助手,,倒快兩圈,,內圈 倒快兩圈 (助手)
H451,23/11/2025,快操,從化,全天候,從化 全天候,,55.4,55.4,30.2 25.2,,助手,,快操,,30.2 25.2 (55.4) (助手)
H451,23/11/2025,踱步,從化,飛機場,從化 飛機場,,,,,,助手,,踱步,,飛機場 踱步 (助手)
H451,22/11/2025,踱步,從化,內圈,從化 內圈,,,,,,助手,,快踱一圈,,內圈 快踱一圈 (助手)
H451,21/11/2025,踱步,從化,內圈,從化 內圈,,,,,,助手,,快踱一圈,,內圈 快踱一圈 (助手)
H451,20/11/2025,踱步,從化,內圈,從化 內圈,,,,,,助手,,倒快兩圈,,內圈 倒快兩圈 (助手)
H451,19/11/2025,快操,從化,全天候,從化 全天候,,55.8,55.8,29.9 25.9,,助手,,快操,,29.9 25.9 (55.8) (助手)
H451,19/11/2025,踱步,從化,飛機場,從化 飛機場,,,,,,助手,,踱步,,飛機場 踱步 (助手)
H451,18/11/2025,馬匹水中步行機,從化,,從化,,,,,,,,馬匹水中步行機,,
H451,18/11/2025,踱步,從化,內圈,從化 內圈,,,,,,助手,,快踱一圈,,內圈 快踱一圈 (助手)
H451,17/11/2025,游水,從化,,從化,,,,,,,,游水,,
H451,17/11/2025,踱步,從化,內圈,從化 內圈,,,,,,助手,,倒快兩圈,,內圈 倒快兩圈 (助手)
H451,16/11/2025,馬匹水中步行機,從化,,從化,,,,,,,,馬匹水中步行機,,
H451,16/11/2025,快操,從化,全天候,從化 全天候,,59.7,59.7,31.0 28.7,,助手,,快操,,31.0 28.7 (59.7) (助手)
H451,16/11/2025,踱步,從化,飛機場,從化 飛機場,,,,,,助手,,踱步,,飛機場 踱步 (助手)
H451,15/11/2025,游水,從化,,從化,,,,,,,,游水,,
H451,15/11/2025,踱步,從化,內圈,從化 內圈,,,,,,助手,,快踱一圈,H,內圈 快踱一圈 (助手)
H451,14/11/2025,游水,從化,,從化,,,,,,,,游水,,
H451,14/11/2025,踱步,從化,內圈,從化 內圈,,,,,,助手,,快踱一圈,H,內圈 快踱一圈 (助手)
H451,13/11/2025,游水,從化,,從化,,,,,,,,游水,,
H451,13/11/2025,踱步,從化,內圈,從化 內圈,,,,,,助手,,倒快兩圈,H,內圈 倒快兩圈 (助手)
H451,12/11/2025,游水,從化,,從化,,,,,,,,游水,,
H451,12/11/2025,踱步,從化,內圈,從化 內圈,,,,,,助手,,快踱一圈,H,內圈 快踱一圈 (助手)
H451,07/11/2025,游水,沙田,,沙田,,,,,,,,游水,,
H451,07/11/2025,踱步,沙田,內圈,沙田 內圈,,,,,,助手,,快踱一圈,,內圈 快踱一圈 (助手)
H451,06/11/2025,游水,沙田,,沙田,,,,,,,,游水,,
H451,05/11/2025,出賽,跑馬地,草地,跑馬地 草地,1650M,,,,,鍾易禮,11/12,出賽,TT,1650M (鍾易禮) (11/12)
H451,05/11/2025,游水,沙田,,沙田,,,,,,,,游水,,
H451,05/11/2025,踱步,沙田,內圈,沙田 內圈,,,,,,助手,,快踱一圈,,內圈 快踱一圈 (助手)
H451,04/11/2025,游水,沙田,,沙田,,,,,,,,游水,,
H451,04/11/2025,踱步,沙田,內圈,沙田 內圈,,,,,,助手,,快踱一圈,,內圈 快踱一圈 (助手)
H451,03/11/2025,游水,沙田,,沙田,,,,,,,,游水,,
H451,03/11/2025,踱步,沙田,內圈,沙田 內圈,,,,,,助手,,倒快兩圈,,內圈 倒快兩圈 (助手)
H451,02/11/2025,游水,沙田,,沙田,,,,,,,,游水,,
H451,02/11/2025,快操,沙田,全天候,沙田 全天候,,56.7,56.7,30.4 26.3,,助手,,快操,,30.4 26.3 (56.7) (助手)
H451,02/11/2025,踱步,沙田,飛機場,沙田 飛機場,,,,,,助手,,踱步,,飛機場 踱步 (助手)
H451,01/11/2025,游水,從化,,從化,,,,,,,,游水,,
H451,01/11/2025,踱步,從化,內圈,從化 內圈,,,,,,助手,,快踱一圈,,內圈 快踱一圈 (助手)
H451,31/10/2025,游水,從化,,從化,,,,,,,,游水,,
H451,31/10/2025,踱步,從化,內圈,從化 內圈,,,,,,助手,,快踱一圈,,內圈 快踱一圈 (助手)
H451,30/10/2025,游水,從化,,從化,,,,,,,,游水,,
H451,30/10/2025,踱步,從化,內圈,從化 內圈,,,,,,助手,,倒快兩圈,,內圈 倒快兩圈 (助手)
H451,29/10/2025,游水,從化,,從化,,,,,,,,游水,,
H451,29/10/2025,快操,從化,全天候,從化 全天候,,57.8,57.8,30.6 27.2,,助手,,快操,,30.6 27.2 (57.8) (助手)
H451,29/10/2025,踱步,從化,飛機場,從化 飛機場,,,,,,助手,,踱步,,飛機場 踱步 (助手)
H451,28/10/2025,游水,從化,,從化,,,,,,,,游水,,
H451,28/10/2025,踱步,從化,內圈,從化 內圈,,,,,,助手,,快踱一圈,,內圈 快踱一圈 (助手)
H451,27/10/2025,游水,從化,,從化,,,,,,,,游水,,
H451,27/10/2025,踱步,從化,內圈,從化 內圈,,,,,,助手,,倒快兩圈,,內圈 倒快兩圈 (助手)
H451,26/10/2025,游水,從化,,從化,,,,,,,,游水,,
H451,26/10/2025,踱步,從化,內圈,從化 內圈,,,,,,助手,,快踱一圈,,內圈 快踱一圈 (助手)
H451,25/10/2025,游水,從化,,從化,,,,,,,,游水,,
H451,25/10/2025,踱步,從化,內圈,從化 內圈,,,,,,助手,,快踱一圈,,內圈 快踱一圈 (助手)
H451,24/10/2025,游水,沙田,,沙田,,,,,,,,游水,,
H451,24/10/2025,踱步,沙田,內圈,沙田 內圈,,,,,,助手,,快踱一圈,,內圈 快踱一圈 (助手)
H451,23/10/2025,游水,沙田,,沙田,,,,,,,,游水,,
H451,22/10/2025,出賽,跑馬地,草地,跑馬地 草地,1650M,,,,,鍾易禮,11/11,出賽,TT,1650M (鍾易禮) (11/11)
H451,22/10/2025,游水,沙田,,沙田,,,,,,,,游水,,
H451,22/10/2025,踱步,沙田,內圈,沙田 內圈,,,,,,助手,,快踱一圈,,內圈 快踱一圈 (助手)
H451,21/10/2025,游水,沙田,,沙田,,,,,,,,游水,,
H451,21/10/2025,踱步,沙田,內圈,沙田 內圈,,,,,,助手,,快踱一圈,,內圈 快踱一圈 (助手)
H451,20/10/2025,游水,沙田,,沙田,,,,,,,,游水,,
H451,20/10/2025,踱步,沙田,內圈,沙田 內圈,,,,,,鍾易禮,,倒快兩圈,,內圈 倒快兩圈 (鍾易禮)
H451,19/10/2025,游水,沙田,,沙田,,,,,,,,游水,,
H451,19/10/2025,快操,沙田,全天候,沙田 全天候,,52.5,52.5,29.1 23.4,,鍾易禮,,加州勇勝,,29.1 23.4 (52.5) (鍾易禮) 加州勇勝
H451,19/10/2025,踱步,沙田,飛機場,沙田 飛機場,,,,,,助手,,踱步,,飛機場 踱步 (助手)
H451,18/10/2025,游水,從化,,從化,,,,,,,,游水,,
H451,18/10/2025,踱步,從化,內圈,從化 內圈,,,,,,助手,,快踱一圈,,內圈 快踱一圈 (助手)
H451,17/10/2025,游水,從化,,從化,,,,,,,,游水,,
H451,17/10/2025,踱步,從化,內圈,從化 內圈,,,,,,助手,,快踱一圈,,內圈 快踱一圈 (助手)
H451,16/10/2025,游水,從化,,從化,,,,,,,,游水,,
H451,16/10/2025,踱步,從化,內圈,從化 內圈,,,,,,助手,,倒快兩圈,,內圈 倒快兩圈 (助手)
H451,15/10/2025,游水,從化,,從化,,,,,,,,游水,,
H451,15/10/2025,快操,從化,全天候,從化 全天候,,57.4,57.4,30.7 26.7,,助手,,快操,,30.7 26.7 (57.4) (助手)
H451,15/10/2025,踱步,從化,飛機場,從化 飛機場,,,,,,助手,,踱步,,飛機場 踱步 (助手)
H451,14/10/2025,游水,從化,,從化,,,,,,,,游水,,
H451,14/10/2025,踱步,從化,內圈,從化 內圈,,,,,,助手,,快踱一圈,,內圈 快踱一圈 (助手)
H451,13/10/2025,游水,從化,,從化,,,,,,,,游水,,
H451,13/10/2025,踱步,從化,內圈,從化 內圈,,,,,,助手,,倒快兩圈,,內圈 倒快兩圈 (助手)
H451,12/10/2025,游水,從化,,從化,,,,,,,,游水,,
H451,12/10/2025,快操,從化,全天候,從化 全天候,,56.8,56.8,30.4 26.4,,助手,,快操,,30.4 26.4 (56.8) (助手)
H451,12/10/2025,踱步,從化,飛機場,從化 飛機場,,,,,,助手,,踱步,,飛機場 踱步 (助手)
H451,11/10/2025,游水,從化,,從化,,,,,,,,游水,,
H451,11/10/2025,踱步,從化,內圈,從化 內圈,,,,,,助手,,快踱一圈,,內圈 快踱一圈 (助手)
H451,10/10/2025,游水,從化,,從化,,,,,,,,游水,,
H451,10/10/2025,踱步,從化,內圈,從化 內圈,,,,,,助手,,快踱一圈,,內圈 快踱一圈 (助手)
H451,09/10/2025,游水,從化,,從化,,,,,,,,游水,,
H451,09/10/2025,踱步,從化,內圈,從化 內圈,,,,,,助手,,倒快兩圈,,內圈 倒快兩圈 (助手)
H451,08/10/2025,游水,從化,,從化,,,,,,,,游水,,
H451,08/10/2025,快操,從化,全天候,從化 全天候,,57.6,57.6,30.1 27.5,,助手,,快操,,30.1 27.5 (57.6) (助手)
H451,08/10/2025,踱步,從化,飛機場,從化 飛機場,,,,,,助手,,踱步,,飛機場 踱步 (助手)
H451,07/10/2025,游水,從化,,從化,,,,,,,,游水,,
H451,07/10/2025,踱步,從化,內圈,從化 內圈,,,,,,助手,,快踱一圈,,內圈 快踱一圈 (助手)
H451,06/10/2025,游水,從化,,從化,,,,,,,,游水,,
H451,06/10/2025,踱步,從化,內圈,從化 內圈,,,,,,助手,,倒快兩圈,,內圈 倒快兩圈 (助手)
H451,05/10/2025,游水,從化,,從化,,,,,,,,游水,,
H451,05/10/2025,快操,從化,全天候,從化 全天候,,58.3,58.3,30.7 27.6,,助手,,快操,,30.7 27.6 (58.3) (助手)
H451,05/10/2025,踱步,從化,飛機場,從化 飛機場,,,,,,助手,,踱步,,飛機場 踱步 (助手)
H451,04/10/2025,游水,從化,,從化,,,,,,,,游水,,
H451,04/10/2025,踱步,從化,內圈,從化 內圈,,,,,,助手,,快踱一圈,,內圈 快踱一圈 (助手)
H451,03/10/2025,游水,從化,,從化,,,,,,,,游水,,
H451,03/10/2025,踱步,從化,內圈,從化 內圈,,,,,,助手,,快踱一圈,,內圈 快踱一圈 (助手)
H451,02/10/2025,游水,從化,,從化,,,,,,,,游水,,
H451,02/10/2025,快操,從化,全天候,從化 全天候,,55.7,55.7,29.4 26.3,,助手,,快操,,29.4 26.3 (55.7) (助手)
H451,02/10/2025,踱步,從化,飛機場,從化 飛機場,,,,,,助手,,踱步,,飛機場 踱步 (助手)
H451,01/10/2025,游水,從化,,從化,,,,,,,,游水,,
H451,01/10/2025,踱步,從化,內圈,從化 內圈,,,,,,助手,,快踱一圈,,內圈 快踱一圈 (助手)
H451,30/09/2025,游水,從化,,從化,,,,,,,,游水,,
H451,30/09/2025,踱步,從化,內圈,從化 內圈,,,,,,助手,,快踱一圈,,內圈 快踱一圈 (助手)
H451,29/09/2025,游水,從化,,從化,,,,,,,,游水,,
H451,29/09/2025,踱步,從化,內圈,從化 內圈,,,,,,助手,,倒快兩圈,,內圈 倒快兩圈 (助手)
H451,28/09/2025,游水,從化,,從化,,,,,,,,游水,,
H451,28/09/2025,踱步,從化,內圈,從化 內圈,,,,,,助手,,快踱一圈,,內圈 快踱一圈 (助手)
H451,27/09/2025,游水,從化,,從化,,,,,,,,游水,,
H451,27/09/2025,踱步,從化,內圈,從化 內圈,,,,,,助手,,快踱一圈,,內圈 快踱一圈 (助手)
H451,26/09/2025,試閘,從化,草地,從化 草地,1200M,1.12.01,72.01,25.6 23.1 23.3,開心勇駒,楊明綸,,第6組,,第6組 (楊明綸) 1200M 開心勇駒 25.6 23.1 23.3 (1.12.01)
H451,26/09/2025,游水,從化,,從化,,,,,,,,游水,,
H451,25/09/2025,游水,從化,,從化,,,,,,,,游水,,
H451,25/09/2025,踱步,從化,內圈,從化 內圈,,,,,,助手,,倒快兩圈,,內圈 倒快兩圈 (助手)
H451,23/09/2025,游水,從化,,從化,,,,,,,,游水,,
H451,23/09/2025,快操,從化,全天候,從化 全天候,,57.3,57.3,30.3 27.0,,助手,,快操,,30.3 27.0 (57.3) (助手)
H451,23/09/2025,踱步,從化,飛機場,從化 飛機場,,,,,,助手,,踱步,,飛機場 踱步 (助手)
H451,22/09/2025,游水,從化,,從化,,,,,,,,游水,,
H451,22/09/2025,踱步,從化,內圈,從化 內圈,,,,,,助手,,倒快兩圈,,內圈 倒快兩圈 (助手)
H451,21/09/2025,游水,從化,,從化,,,,,,,,游水,,
H451,21/09/2025,踱步,從化,內圈,從化 內圈,,,,,,助手,,快踱一圈,,內圈 快踱一圈 (助手)
H451,20/09/2025,游水,從化,,從化,,,,,,,,游水,,
H451,20/09/2025,踱步,從化,內圈,從化 內圈,,,,,,助手,,快踱一圈,,內圈 快踱一圈 (助手)
H451,19/09/2025,游水,從化,,從化,,,,,,,,游水,,
H451,19/09/2025,踱步,從化,內圈,從化 內圈,,,,,,助手,,快踱一圈,,內圈 快踱一圈 (助手)
H451,18/09/2025,游水,從化,,從化,,,,,,,,游水,,
H451,18/09/2025,快操,從化,全天候,從化 全天候,,57.3,57.3,30.6 26.7,,助手,,快操,,30.6 26.7 (57.3) (助手)
H451,18/09/2025,踱步,從化,飛機場,從化 飛機場,,,,,,助手,,踱步,,飛機場 踱步 (助手)
H451,17/09/2025,游水,從化,,從化,,,,,,,,游水,,
H451,17/09/2025,踱步,從化,內圈,從化 內圈,,,,,,助手,,快踱一圈,,內圈 快踱一圈 (助手)
H451,16/09/2025,游水,從化,,從化,,,,,,,,游水,,
H451,16/09/2025,踱步,從化,內圈,從化 內圈,,,,,,助手,,快踱一圈,,內圈 快踱一圈 (助手)
H451,15/09/2025,游水,從化,,從化,,,,,,,,游水,,
H451,15/09/2025,踱步,從化,內圈,從化 內圈,,,,,,助手,,倒快兩圈,,內圈 倒快兩圈 (助手)
H451,14/09/2025,游水,從化,,從化,,,,,,,,游水,,
H451,14/09/2025,踱步,從化,內圈,從化 內圈,,,,,,助手,,快踱一圈,,內圈 快踱一圈 (助手)
H451,13/09/2025,游水,從化,,從化,,,,,,,,游水,,
H451,13/09/2025,踱步,從化,內圈,從化 內圈,,,,,,助手,,快踱一圈,,內圈 快踱一圈 (助手)
H451,12/09/2025,試閘,從化,草地,從化 草地,1200M,1.11.21,71.21,25.0 22.4 23.8,龍之輝,楊明綸,,第6組,,第6組 (楊明綸) 1200M 龍之輝 25.0 22.4 23.8 (1.11.21)
H451,12/09/2025,游水,從化,,從化,,,,,,,,游水,,
H451,11/09/2025,游水,從化,,從化,,,,,,,,游水,,
H451,11/09/2025,踱步,從化,內圈,從化 內圈,,,,,,助手,,倒快兩圈,,內圈 倒快兩圈 (助手)
H451,10/09/2025,游水,從化,,從化,,,,,,,,游水,,
H451,10/09/2025,踱步,從化,內圈,從化 內圈,,,,,,助手,,快踱一圈,,內圈 快踱一圈 (助手)
H451,09/09/2025,游水,從化,,從化,,,,,,,,游水,,
H451,09/09/2025,快操,從化,全天候,從化 全天候,,56.9,56.9,30.2 26.7,,助手,,快操,,30.2 26.7 (56.9) (助手)
H451,09/09/2025,踱步,從化,飛機場,從化 飛機場,,,,,,助手,,踱步,,飛機場 踱步 (助手)
H451,08/09/2025,游水,從化,,從化,,,,,,,,游水,,
H451,08/09/2025,踱步,從化,內圈,從化 內圈,,,,,,助手,,倒快兩圈,,內圈 倒快兩圈 (助手)
H451,07/09/2025,游水,從化,,從化,,,,,,,,游水,,
H451,07/09/2025,踱步,從化,內圈,從化 內圈,,,,,,助手,,快踱一圈,,內圈 快踱一圈 (助手)
H451,06/09/2025,游水,從化,,從化,,,,,,,,游水,,
H451,06/09/2025,踱步,從化,內圈,從化 內圈,,,,,,助手,,快踱一圈,,內圈 快踱一圈 (助手)
H451,05/09/2025,游水,從化,,從化,,,,,,,,游水,,
H451,05/09/2025,快操,從化,全天候,從化 全天候,,57.1,57.1,30.0 27.1,,助手,,快操,,30.0 27.1 (57.1) (助手)
H451,05/09/2025,踱步,從化,飛機場,從化 飛機場,,,,,,助手,,踱步,,飛機場 踱步 (助手)
H451,04/09/2025,游水,從化,,從化,,,,,,,,游水,,
H451,04/09/2025,踱步,從化,內圈,從化 內圈,,,,,,助手,,倒快兩圈,,內圈 倒快兩圈 (助手)
H451,03/09/2025,游水,從化,,從化,,,,,,,,游水,,
H451,03/09/2025,踱步,從化,內圈,從化 內圈,,,,,,助手,,快踱一圈,,內圈 快踱一圈 (助手)
H451,02/09/2025,游水,從化,,從化,,,,,,,,游水,,
H451,02/09/2025,踱步,從化,內圈,從化 內圈,,,,,,助手,,快踱一圈,,內圈 快踱一圈 (助手)
H451,01/09/2025,游水,從化,,從化,,,,,,,,游水,,
H451,01/09/2025,踱步,從化,內圈,從化 內圈,,,,,,助手,,倒快兩圈,,內圈 倒快兩圈 (助手)
H451,31/08/2025,游水,從化,,從化,,,,,,,,游水,,
H451,29/08/2025,試閘,從化,草地,從化 草地,1200M,1.09.90,69.9,24.6 22.4 22.9,撼天鐵翼,鍾易禮,,第5組,,第5組 (鍾易禮) 1200M 撼天鐵翼 24.6 22.4 22.9 (1.09.90)
H451,29/08/2025,游水,從化,,從化,,,,,,,,游水,,
H451,28/08/2025,游水,從化,,從化,,,,,,,,游水,,
H451,28/08/2025,踱步,從化,內圈,從化 內圈,,,,,,助手,,倒快兩圈,,內圈 倒快兩圈 (助手)
H451,27/08/2025,游水,從化,,從化,,,,,,,,游水,,
H451,27/08/2025,踱步,從化,內圈,從化 內圈,,,,,,助手,,快踱一圈,,內圈 快踱一圈 (助手)
H451,26/08/2025,游水,從化,,從化,,,,,,,,游水,,
H451,26/08/2025,快操,從化,全天候,從化 全天候,,57.1,57.1,29.6 27.5,,助手,,快操,,29.6 27.5 (57.1) (助手)
H451,26/08/2025,踱步,從化,飛機場,從化 飛機場,,,,,,助手,,踱步,,飛機場 踱步 (助手)
H451,25/08/2025,游水,從化,,從化,,,,,,,,游水,,
H451,25/08/2025,踱步,從化,內圈,從化 內圈,,,,,,助手,,倒快兩圈,,內圈 倒快兩圈 (助手)
H451,24/08/2025,游水,從化,,從化,,,,,,,,游水,,
H451,24/08/2025,踱步,從化,內圈,從化 內圈,,,,,,助手,,快踱一圈,,內圈 快踱一圈 (助手)
H451,23/08/2025,游水,從化,,從化,,,,,,,,游水,,
H451,23/08/2025,踱步,從化,內圈,從化 內圈,,,,,,助手,,快踱一圈,,內圈 快踱一圈 (助手)
H451,22/08/2025,游水,從化,,從化,,,,,,,,游水,,
H451,22/08/2025,快操,從化,全天候,從化 全天候,,57.6,57.6,30.1 27.5,,助手,,快操,,30.1 27.5 (57.6) (助手)
H451,22/08/2025,踱步,從化,飛機場,從化 飛機場,,,,,,助手,,踱步,,飛機場 踱步 (助手)
H451,21/08/2025,游水,從化,,從化,,,,,,,,游水,,
H451,21/08/2025,踱步,從化,內圈,從化 內圈,,,,,,助手,,倒快兩圈,,內圈 倒快兩圈 (助手)
H451,20/08/2025,游水,從化,,從化,,,,,,,,游水,,
H451,20/08/2025,踱步,從化,內圈,從化 內圈,,,,,,助手,,快踱一圈,,內圈 快踱一圈 (助手)
H451,19/08/2025,游水,從化,,從化,,,,,,,,游水,,
H451,19/08/2025,快操,從化,全天候,從化 全天候,,57.0,57.0,30.5 26.5,,助手,,快操,,30.5 26.5 (57.0) (助手)
H451,19/08/2025,踱步,從化,飛機場,從化 飛機場,,,,,,助手,,踱步,,飛機場 踱步 (助手)
H451,18/08/2025,游水,從化,,從化,,,,,,,,游水,,
H451,18/08/2025,踱步,從化,內圈,從化 內圈,,,,,,助手,,倒快兩圈,,內圈 倒快兩圈 (助手)
H451,17/08/2025,游水,從化,,從化,,,,,,,,游水,,
H451,17/08/2025,踱步,從化,內圈,從化 內圈,,,,,,助手,,快踱一圈,,內圈 快踱一圈 (助手)
H451,16/08/2025,游水,從化,,從化,,,,,,,,游水,,
H451,16/08/2025,踱步,從化,內圈,從化 內圈,,,,,,助手,,快踱一圈,,內圈 快踱一圈 (助手)
H451,15/08/2025,游水,從化,,從化,,,,,,,,游水,,
H451,15/08/2025,快操,從化,全天候,從化 全天候,,57.0,57.0,30.0 27.0,,助手,,快操,,30.0 27.0 (57.0) (助手)
H451,15/08/2025,踱步,從化,飛機場,從化 飛機場,,,,,,助手,,踱步,,飛機場 踱步 (助手)
H451,14/08/2025,游水,從化,,從化,,,,,,,,游水,,
H451,14/08/2025,踱步,從化,內圈,從化 內圈,,,,,,助手,,倒快兩圈,,內圈 倒快兩圈 (助手)
H451,13/08/2025,游水,從化,,從化,,,,,,,,游水,,
H451,13/08/2025,踱步,從化,內圈,從化 內圈,,,,,,助手,,快踱一圈,,內圈 快踱一圈 (助手)
H451,12/08/2025,游水,從化,,從化,,,,,,,,游水,,
H451,12/08/2025,快操,從化,全天候,從化 全天候,,56.7,56.7,30.0 26.7,,助手,,快操,,30.0 26.7 (56.7) (助手)
H451,12/08/2025,踱步,從化,飛機場,從化 飛機場,,,,,,助手,,踱步,,飛機場 踱步 (助手)
H451,11/08/2025,游水,從化,,從化,,,,,,,,游水,,
H451,11/08/2025,踱步,從化,內圈,從化 內圈,,,,,,助手,,倒快兩圈,,內圈 倒快兩圈 (助手)
H451,10/08/2025,游水,從化,,從化,,,,,,,,游水,,
H451,10/08/2025,踱步,從化,內圈,從化 內圈,,,,,,助手,,快踱一圈,,內圈 快踱一圈 (助手)
H451,09/08/2025,游水,從化,,從化,,,,,,,,游水,,
H451,09/08/2025,快操,從化,全天候,從化 全天候,,57.3,57.3,30.6 26.7,,助手,,快操,,30.6 26.7 (57.3) (助手)
H451,09/08/2025,踱步,從化,飛機場,從化 飛機場,,,,,,助手,,踱步,,飛機場 踱步 (助手)
H451,08/08/2025,游水,從化,,從化,,,,,,,,游水,,
H451,08/08/2025,踱步,從化,內圈,從化 內圈,,,,,,助手,,快踱一圈,,內圈 快踱一圈 (助手)
H451,07/08/2025,游水,從化,,從化,,,,,,,,游水,,
H451,07/08/2025,踱步,從化,內圈,從化 內圈,,,,,,助手,,倒快兩圈,,內圈 倒快兩圈 (助手)
H451,06/08/2025,游水,從化,,從化,,,,,,,,游水,,
H451,06/08/2025,踱步,從化,內圈,從化 內圈,,,,,,助手,,快踱一圈,,內圈 快踱一圈 (助手)
H451,05/08/2025,游水,從化,,從化,,,,,,,,游水,,
H451,05/08/2025,踱步,從化,內圈,從化 內圈,,,,,,助手,,快踱一圈,,內圈 快踱一圈 (助手)
H451,04/08/2025,游水,從化,,從化,,,,,,,,游水,,
H451,04/08/2025,踱步,從化,內圈,從化 內圈,,,,,,助手,,倒快兩圈,,內圈 倒快兩圈 (助手)
H451,03/08/2025,游水,從化,,從化,,,,,,,,游水,,
H451,03/08/2025,踱步,從化,內圈,從化 內圈,,,,,,助手,,快踱一圈,,內圈 快踱一圈 (助手)
H451,02/08/2025,游水,從化,,從化,,,,,,,,游水,,
H451,02/08/2025,踱步,從化,內圈,從化 內圈,,,,,,助手,,快踱一圈,,內圈 快踱一圈 (助手)
H451,01/08/2025,游水,從化,,從化,,,,,,,,游水,,
H451,01/08/2025,踱步,從化,內圈,從化 內圈,,,,,,助手,,快踱一圈,,內圈 快踱一圈 (助手)
H451,31/07/2025,踱步,從化,內圈,從化 內圈,,,,,,助手,,快踱一圈,,內圈 快踱一圈 (助手)
H451,30/07/2025,踱步,從化,內圈,從化 內圈,,,,,,助手,,快踱一圈,,內圈 快踱一圈 (助手)
H451,29/07/2025,踱步,從化,內圈,從化 內圈,,,,,,助手,,快踱一圈,,內圈 快踱一圈 (助手)
H451,28/07/2025,踱步,從化,內圈,從化 內圈,,,,,,助手,,快踱一圈,,內圈 快踱一圈 (助手)
H451,13/07/2025,游水,從化,,從化,,,,,,,,游水,,
H451,12/07/2025,游水,從化,,從化,,,,,,,,游水,,
H451,11/07/2025,游水,從化,,從化,,,,,,,,游水,,
H451,10/07/2025,游水,從化,,從化,,,,,,,,游水,,
H451,09/07/2025,游水,從化,,從化,,,,,,,,游水,,
H451,08/07/2025,游水,從化,,從化,,,,,,,,游水,,
H451,07/07/2025,游水,從化,,從化,,,,,,,,游水,,
H451,06/07/2025,游水,從化,,從化,,,,,,,,游水,,
H451,05/07/2025,游水,從化,,從化,,,,,,,,游水,,
H451,04/07/2025,游水,從化,,從化,,,,,,,,游水,,
H451,03/07/2025,游水,從化,,從化,,,,,,,,游水,,
H451,02/07/2025,游水,從化,,從化,,,,,,,,游水,,
H451,02/07/2025,踱步,從化,內圈,從化 內圈,,,,,,助手,,快踱一圈,,內圈 快踱一圈 (助手)
H451,01/07/2025,游水,從化,,從化,,,,,,,,游水,,
H451,01/07/2025,踱步,從化,內圈,從化 內圈,,,,,,助手,,快踱一圈,,內圈 快踱一圈 (助手)
H451,30/06/2025,游水,從化,,從化,,,,,,,,游水,,
H451,30/06/2025,踱步,從化,內圈,從化 內圈,,,,,,助手,,倒快兩圈,,內圈 倒快兩圈 (助手)
H451,29/06/2025,游水,從化,,從化,,,,,,,,游水,,
H451,29/06/2025,踱步,從化,內圈,從化 內圈,,,,,,助手,,快踱一圈,,內圈 快踱一圈 (助手)
H451,28/06/2025,游水,從化,,從化,,,,,,,,游水,,
H451,28/06/2025,踱步,從化,內圈,從化 內圈,,,,,,助手,,快踱一圈,,內圈 快踱一圈 (助手)
H451,27/06/2025,游水,沙田,,沙田,,,,,,,,游水,,
H451,27/06/2025,踱步,沙田,內圈,沙田 內圈,,,,,,副練馬師,,快踱一圈,,內圈 快踱一圈 (副練馬師)
H451,26/06/2025,試閘,沙田,全天候,沙田 全天候,1200M,1.10.93,70.93,24.8 22.5 23.6,勇威神駒,鍾易禮,,第2組,,第2組 (鍾易禮) 1200M 勇威神駒 24.8 22.5 23.6 (1.10.93)
H451,26/06/2025,游水,沙田,,沙田,,,,,,,,游水,,
H451,25/06/2025,游水,沙田,,沙田,,,,,,,,游水,,
H451,25/06/2025,踱步,沙田,內圈,沙田 內圈,,,,,,助手,,快踱一圈,,內圈 快踱一圈 (助手)
H451,24/06/2025,游水,沙田,,沙田,,,,,,,,游水,,
H451,24/06/2025,踱步,沙田,內圈,沙田 內圈,,,,,,助手,,快踱一圈,,內圈 快踱一圈 (助手)
H451,23/06/2025,游水,沙田,,沙田,,,,,,,,游水,,
H451,23/06/2025,踱步,沙田,內圈,沙田 內圈,,,,,,助手,,倒快兩圈,,內圈 倒快兩圈 (助手)
H451,22/06/2025,游水,沙田,,沙田,,,,,,,,游水,,
H451,22/06/2025,快操,沙田,全天候,沙田 全天候,,56.8,56.8,30.4 26.4,,助手,,快操,,30.4 26.4 (56.8) (助手)
H451,22/06/2025,踱步,沙田,飛機場,沙田 飛機場,,,,,,助手,,踱步,,飛機場 踱步 (助手)
H451,21/06/2025,游水,從化,,從化,,,,,,,,游水,,
H451,21/06/2025,踱步,從化,內圈,從化 內圈,,,,,,助手,,快踱一圈,,內圈 快踱一圈 (助手)
H451,20/06/2025,游水,從化,,從化,,,,,,,,游水,,
H451,20/06/2025,踱步,從化,內圈,從化 內圈,,,,,,助手,,快踱一圈,,內圈 快踱一圈 (助手)
H451,19/06/2025,游水,從化,,從化,,,,,,,,游水,,
H451,19/06/2025,踱步,從化,內圈,從化 內圈,,,,,,助手,,倒快兩圈,,內圈 倒快兩圈 (助手)
H451,18/06/2025,游水,從化,,從化,,,,,,,,游水,,
H451,18/06/2025,快操,從化,全天候,從化 全天候,,56.6,56.6,29.7 26.9,,助手,,快操,,29.7 26.9 (56.6) (助手)
H451,18/06/2025,踱步,從化,飛機場,從化 飛機場,,,,,,助手,,踱步,,飛機場 踱步 (助手)
H451,17/06/2025,游水,從化,,從化,,,,,,,,游水,,
H451,17/06/2025,踱步,從化,內圈,從化 內圈,,,,,,助手,,快踱一圈,,內圈 快踱一圈 (助手)
H451,16/06/2025,游水,從化,,從化,,,,,,,,游水,,
H451,16/06/2025,踱步,從化,內圈,從化 內圈,,,,,,助手,,倒快兩圈,,內圈 倒快兩圈 (助手)
H451,15/06/2025,游水,從化,,從化,,,,,,,,游水,,
H451,15/06/2025,踱步,從化,內圈,從化 內圈,,,,,,助手,,快踱一圈,,內圈 快踱一圈 (助手)
H451,14/06/2025,游水,從化,,從化,,,,,,,,游水,,
H451,14/06/2025,快操,從化,全天候,從化 全天候,,56.9,56.9,30.1 26.8,,助手,,快操,,30.1 26.8 (56.9) (助手)
H451,14/06/2025,踱步,從化,飛機場,從化 飛機場,,,,,,助手,,踱步,,飛機場 踱步 (助手)
H451,13/06/2025,游水,從化,,從化,,,,,,,,游水,,
H451,13/06/2025,踱步,從化,內圈,從化 內圈,,,,,,助手,,快踱一圈,,內圈 快踱一圈 (助手)
H451,12/06/2025,游水,從化,,從化,,,,,,,,游水,,
H451,12/06/2025,踱步,從化,內圈,從化 內圈,,,,,,助手,,倒快兩圈,,內圈 倒快兩圈 (助手)
H451,11/06/2025,游水,從化,,從化,,,,,,,,游水,,
H451,11/06/2025,快操,從化,全天候,從化 全天候,,56.4,56.4,30.3 26.1,,助手,,快操,,30.3 26.1 (56.4) (助手)
H451,11/06/2025,踱步,從化,飛機場,從化 飛機場,,,,,,助手,,踱步,,飛機場 踱步 (助手)
H451,10/06/2025,游水,從化,,從化,,,,,,,,游水,,
H451,10/06/2025,踱步,從化,內圈,從化 內圈,,,,,,助手,,快踱一圈,,內圈 快踱一圈 (助手)
H451,09/06/2025,游水,從化,,從化,,,,,,,,游水,,
H451,09/06/2025,踱步,從化,內圈,從化 內圈,,,,,,助手,,倒快兩圈,,內圈 倒快兩圈 (助手)
H451,08/06/2025,游水,從化,,從化,,,,,,,,游水,,
H451,08/06/2025,快操,從化,全天候,從化 全天候,,56.3,56.3,29.7 26.6,,助手,,快操,,29.7 26.6 (56.3) (助手)
H451,08/06/2025,踱步,從化,飛機場,從化 飛機場,,,,,,助手,,踱步,,飛機場 踱步 (助手)
H451,07/06/2025,游水,從化,,從化,,,,,,,,游水,,
H451,07/06/2025,踱步,從化,內圈,從化 內圈,,,,,,助手,,快踱一圈,,內圈 快踱一圈 (助手)
H451,06/06/2025,游水,從化,,從化,,,,,,,,游水,,
H451,06/06/2025,踱步,從化,內圈,從化 內圈,,,,,,助手,,快踱一圈,,內圈 快踱一圈 (助手)
H451,05/06/2025,游水,從化,,從化,,,,,,,,游水,,
H451,05/06/2025,快操,從化,全天候,從化 全天候,,56.2,56.2,29.9 26.3,,助手,,快操,,29.9 26.3 (56.2) (助手)
H451,05/06/2025,踱步,從化,飛機場,從化 飛機場,,,,,,助手,,踱步,,飛機場 踱步 (助手)
H451,04/06/2025,游水,從化,,從化,,,,,,,,游水,,
H451,04/06/2025,踱步,從化,內圈,從化 內圈,,,,,,助手,,快踱一圈,,內圈 快踱一圈 (助手)
H451,03/06/2025,游水,從化,,從化,,,,,,,,游水,,
H451,03/06/2025,踱步,從化,內圈,從化 內圈,,,,,,助手,,快踱一圈,,內圈 快踱一圈 (助手)
H451,02/06/2025,游水,從化,,從化,,,,,,,,游水,,
H451,02/06/2025,踱步,從化,內圈,從化 內圈,,,,,,助手,,倒快兩圈,,內圈 倒快兩圈 (助手)
H451,01/06/2025,游水,從化,,從化,,,,,,,,游水,,
H451,01/06/2025,快操,從化,全天候,從化 全天候,,57.8,57.8,30.7 27.1,,助手,,快操,,30.7 27.1 (57.8) (助手)
H451,01/06/2025,踱步,從化,飛機場,從化 飛機場,,,,,,助手,,踱步,,飛機場 踱步 (助手)
H451,31/05/2025,游水,從化,,從化,,,,,,,,游水,,
H451,31/05/2025,踱步,從化,內圈,從化 內圈,,,,,,助手,,快踱一圈,,內圈 快踱一圈 (助手)
H451,30/05/2025,游水,從化,,從化,,,,,,,,游水,,
H451,30/05/2025,踱步,從化,內圈,從化 內圈,,,,,,助手,,快踱一圈,,內圈 快踱一圈 (助手)
H451,29/05/2025,游水,從化,,從化,,,,,,,,游水,,
H451,29/05/2025,踱步,從化,內圈,從化 內圈,,,,,,助手,,倒快兩圈,,內圈 倒快兩圈 (助手)
H451,28/05/2025,游水,從化,,從化,,,,,,,,游水,,
H451,28/05/2025,快操,從化,全天候,從化 全天候,,58.4,58.4,31.8 26.6,,助手,,快操,,31.8 26.6 (58.4) (助手)
H451,28/05/2025,踱步,從化,飛機場,從化 飛機場,,,,,,助手,,踱步,,飛機場 踱步 (助手)
H451,27/05/2025,游水,從化,,從化,,,,,,,,游水,,
H451,27/05/2025,踱步,從化,內圈,從化 內圈,,,,,,助手,,快踱一圈,,內圈 快踱一圈 (助手)
H451,26/05/2025,游水,從化,,從化,,,,,,,,游水,,
H451,26/05/2025,踱步,從化,內圈,從化 內圈,,,,,,助手,,倒快兩圈,,內圈 倒快兩圈 (助手)
H451,25/05/2025,游水,從化,,從化,,,,,,,,游水,,
H451,25/05/2025,快操,從化,全天候,從化 全天候,,57.6,57.6,30.6 27.0,,助手,,快操,,30.6 27.0 (57.6) (助手)
H451,25/05/2025,踱步,從化,飛機場,從化 飛機場,,,,,,助手,,踱步,,飛機場 踱步 (助手)
H451,24/05/2025,游水,從化,,從化,,,,,,,,游水,,
H451,24/05/2025,踱步,從化,內圈,從化 內圈,,,,,,助手,,快踱一圈,,內圈 快踱一圈 (助手)
H451,23/05/2025,游水,從化,,從化,,,,,,,,游水,,
H451,23/05/2025,踱步,從化,內圈,從化 內圈,,,,,,助手,,快踱一圈,,內圈 快踱一圈 (助手)
H451,22/05/2025,游水,從化,,從化,,,,,,,,游水,,
H451,22/05/2025,踱步,從化,內圈,從化 內圈,,,,,,助手,,倒快兩圈,,內圈 倒快兩圈 (助手)
H451,21/05/2025,游水,從化,,從化,,,,,,,,游水,,
H451,21/05/2025,快操,從化,全天候,從化 全天候,,55.8,55.8,30.0 25.8,,助手,,快操,,30.0 25.8 (55.8) (助手)
H451,21/05/2025,踱步,從化,飛機場,從化 飛機場,,,,,,助手,,踱步,,飛機場 踱步 (助手)
H451,20/05/2025,游水,從化,,從化,,,,,,,,游水,,
H451,20/05/2025,踱步,從化,內圈,從化 內圈,,,,,,助手,,快踱一圈,,內圈 快踱一圈 (助手)
H451,19/05/2025,游水,從化,,從化,,,,,,,,游水,,
H451,19/05/2025,踱步,從化,內圈,從化 內圈,,,,,,助手,,倒快兩圈,,內圈 倒快兩圈 (助手)
H451,18/05/2025,游水,從化,,從化,,,,,,,,游水,,
H451,18/05/2025,踱步,從化,內圈,從化 內圈,,,,,,助手,,快踱一圈,,內圈 快踱一圈 (助手)
H451,17/05/2025,游水,從化,,從化,,,,,,,,游水,,
H451,17/05/2025,踱步,從化,內圈,從化 內圈,,,,,,助手,,快踱一圈,,內圈 快踱一圈 (助手)
H451,16/05/2025,踱步,沙田,內圈,沙田 內圈,,,,,,助手,,快踱一圈,,內圈 快踱一圈 (助手)
H451,14/05/2025,出賽,跑馬地,草地,跑馬地 草地,1800M,,,,,鍾易禮,10/11,出賽,TT,1800M (鍾易禮) (10/11)
H451,14/05/2025,游水,沙田,,沙田,,,,,,,,游水,,
H451,14/05/2025,踱步,沙田,內圈,沙田 內圈,,,,,,助手,,快踱一圈,,內圈 快踱一圈 (助手)
H451,13/05/2025,游水,沙田,,沙田,,,,,,,,游水,,
H451,13/05/2025,踱步,沙田,內圈,沙田 內圈,,,,,,助手,,快踱一圈,,內圈 快踱一圈 (助手)
H451,12/05/2025,游水,沙田,,沙田,,,,,,,,游水,,
H451,12/05/2025,踱步,沙田,內圈,沙田 內圈,,,,,,助手,,倒快兩圈,,內圈 倒快兩圈 (助手)
H451,11/05/2025,游水,沙田,,沙田,,,,,,,,游水,,
H451,11/05/2025,踱步,沙田,內圈,沙田 內圈,,,,,,助手,,快踱一圈,,內圈 快踱一圈 (助手)
H451,10/05/2025,游水,沙田,,沙田,,,,,,,,游水,,
H451,10/05/2025,踱步,沙田,內圈,沙田 內圈,,,,,,助手,,快踱一圈,,內圈 快踱一圈 (助手)
H451,09/05/2025,游水,沙田,,沙田,,,,,,,,游水,,
H451,09/05/2025,踱步,沙田,內圈,沙田 內圈,,,,,,助手,,快踱一圈,,內圈 快踱一圈 (助手)
H451,08/05/2025,游水,沙田,,沙田,,,,,,,,游水,,
H451,08/05/2025,踱步,沙田,內圈,沙田 內圈,,,,,,助手,,倒快兩圈,H,內圈 倒快兩圈 (助手)
H451,07/05/2025,游水,沙田,,沙田,,,,,,,,游水,,
H451,07/05/2025,踱步,沙田,內圈,沙田 內圈,,,,,,助手,,快踱一圈,,內圈 快踱一圈 (助手)
H451,06/05/2025,游水,沙田,,沙田,,,,,,,,游水,,
H451,06/05/2025,踱步,沙田,內圈,沙田 內圈,,,,,,助手,,快踱一圈,,內圈 快踱一圈 (助手)
H451,05/05/2025,游水,沙田,,沙田,,,,,,,,游水,,
H451,04/05/2025,出賽,沙田,草地,沙田 草地,2000M,,,,,巴度,9/11,出賽,TT,2000M (巴度) (9/11)
H451,04/05/2025,游水,沙田,,沙田,,,,,,,,游水,,
H451,04/05/2025,踱步,沙田,內圈,沙田 內圈,,,,,,助手,,快踱一圈,,內圈 快踱一圈 (助手)
H451,03/05/2025,游水,沙田,,沙田,,,,,,,,游水,,
H451,03/05/2025,踱步,沙田,內圈,沙田 內圈,,,,,,助手,,快踱一圈,,內圈 快踱一圈 (助手)
H451,02/05/2025,游水,沙田,,沙田,,,,,,,,游水,,
H451,02/05/2025,踱步,沙田,內圈,沙田 內圈,,,,,,助手,,快踱一圈,,內圈 快踱一圈 (助手)
H451,01/05/2025,游水,沙田,,沙田,,,,,,,,游水,,
H451,01/05/2025,快操,沙田,全天候,沙田 全天候,,59.3,59.3,31.4 27.9,,助手,,快操,,31.4 27.9 (59.3) (助手)
H451,01/05/2025,踱步,沙田,飛機場,沙田 飛機場,,,,,,助手,,踱步,,飛機場 踱步 (助手)
H451,30/04/2025,游水,從化,,從化,,,,,,,,游水,,
H451,30/04/2025,踱步,從化,內圈,從化 內圈,,,,,,助手,,快踱一圈,,內圈 快踱一圈 (助手)
H451,29/04/2025,游水,從化,,從化,,,,,,,,游水,,
H451,29/04/2025,踱步,從化,內圈,從化 內圈,,,,,,助手,,快踱一圈,,內圈 快踱一圈 (助手)
H451,28/04/2025,游水,從化,,從化,,,,,,,,游水,,
H451,28/04/2025,踱步,從化,內圈,從化 內圈,,,,,,助手,,倒快兩圈,,內圈 倒快兩圈 (助手)
H451,27/04/2025,游水,從化,,從化,,,,,,,,游水,,
H451,27/04/2025,快操,從化,全天候,從化 全天候,,57.5,57.5,31.0 26.5,,助手,,快操,,31.0 26.5 (57.5) (助手)
H451,27/04/2025,踱步,從化,飛機場,從化 飛機場,,,,,,助手,,踱步,,飛機場 踱步 (助手)
H451,26/04/2025,游水,從化,,從化,,,,,,,,游水,,
H451,26/04/2025,踱步,從化,內圈,從化 內圈,,,,,,助手,,快踱一圈,,內圈 快踱一圈 (助手)
H451,25/04/2025,游水,從化,,從化,,,,,,,,游水,,
H451,25/04/2025,踱步,從化,內圈,從化 內圈,,,,,,助手,,快踱一圈,,內圈 快踱一圈 (助手)
H451,24/04/2025,游水,從化,,從化,,,,,,,,游水,,
H451,24/04/2025,踱步,從化,內圈,從化 內圈,,,,,,助手,,倒快兩圈,,內圈 倒快兩圈 (助手)
H451,23/04/2025,游水,從化,,從化,,,,,,,,游水,,
H451,23/04/2025,快操,從化,全天候,從化 全天候,,56.6,56.6,30.1 26.5,,助手,,快操,,30.1 26.5 (56.6) (助手)
H451,23/04/2025,踱步,從化,飛機場,從化 飛機場,,,,,,助手,,踱步,,飛機場 踱步 (助手)
H451,22/04/2025,游水,從化,,從化,,,,,,,,游水,,
H451,22/04/2025,踱步,從化,內圈,從化 內圈,,,,,,助手,,快踱一圈,,內圈 快踱一圈 (助手)
H451,21/04/2025,游水,從化,,從化,,,,,,,,游水,,
H451,21/04/2025,踱步,從化,內圈,從化 內圈,,,,,,助手,,倒快兩圈,,內圈 倒快兩圈 (助手)
H451,20/04/2025,游水,從化,,從化,,,,,,,,游水,,
H451,20/04/2025,踱步,從化,內圈,從化 內圈,,,,,,助手,,快踱一圈,,內圈 快踱一圈 (助手)
H451,19/04/2025,游水,從化,,從化,,,,,,,,游水,,
H451,19/04/2025,踱步,從化,內圈,從化 內圈,,,,,,助手,,快踱一圈,,內圈 快踱一圈 (助手)
H451,18/04/2025,游水,沙田,,沙田,,,,,,,,游水,,
H451,18/04/2025,踱步,沙田,內圈,沙田 內圈,,,,,,助手,,快踱一圈,,內圈 快踱一圈 (助手)
H451,17/04/2025,游水,沙田,,沙田,,,,,,,,游水,,
H451,16/04/2025,出賽,跑馬地,草地,跑馬地 草地,1650M,,,,,鍾易禮,8/12,出賽,TT,1650M (鍾易禮) (8/12)
H451,16/04/2025,游水,沙田,,沙田,,,,,,,,游水,,
H451,16/04/2025,踱步,沙田,內圈,沙田 內圈,,,,,,助手,,快踱一圈,,內圈 快踱一圈 (助手)
H451,15/04/2025,游水,沙田,,沙田,,,,,,,,游水,,
H451,15/04/2025,踱步,沙田,內圈,沙田 內圈,,,,,,鍾易禮,,快踱一圈,H,內圈 快踱一圈 (鍾易禮)
H451,14/04/2025,游水,沙田,,沙田,,,,,,,,游水,,
H451,14/04/2025,踱步,沙田,內圈,沙田 內圈,,,,,,助手,,倒快兩圈,,內圈 倒快兩圈 (助手)
H451,13/04/2025,游水,沙田,,沙田,,,,,,,,游水,,
H451,13/04/2025,快操,沙田,全天候,沙田 全天候,,55.3,55.3,30.3 25.0,,助手,,快操,,30.3 25.0 (55.3) (助手)
H451,13/04/2025,踱步,沙田,飛機場,沙田 飛機場,,,,,,助手,,踱步,,飛機場 踱步 (助手)
H451,12/04/2025,游水,沙田,,沙田,,,,,,,,游水,,
H451,12/04/2025,踱步,沙田,內圈,沙田 內圈,,,,,,副練馬師,,快踱一圈,,內圈 快踱一圈 (副練馬師)
H451,11/04/2025,游水,沙田,,沙田,,,,,,,,游水,,
H451,11/04/2025,踱步,沙田,內圈,沙田 內圈,,,,,,助手,,快踱一圈,,內圈 快踱一圈 (助手)
H451,10/04/2025,游水,沙田,,沙田,,,,,,,,游水,,
H451,10/04/2025,踱步,沙田,內圈,沙田 內圈,,,,,,助手,,倒快兩圈,H,內圈 倒快兩圈 (助手)
H451,09/04/2025,游水,沙田,,沙田,,,,,,,,游水,,
H451,09/04/2025,快操,沙田,全天候,沙田 全天候,,56.6,56.6,30.2 26.4,,鍾易禮,,快操,,30.2 26.4 (56.6) (鍾易禮)
H451,09/04/2025,踱步,沙田,飛機場,沙田 飛機場,,,,,,鍾易禮,,踱步,H,飛機場 踱步 (鍾易禮)
H451,08/04/2025,游水,沙田,,沙田,,,,,,,,游水,,
H451,08/04/2025,踱步,沙田,內圈,沙田 內圈,,,,,,助手,,快踱一圈,,內圈 快踱一圈 (助手)
H451,07/04/2025,游水,沙田,,沙田,,,,,,,,游水,,
H451,07/04/2025,踱步,沙田,內圈,沙田 內圈,,,,,,助手,,倒快兩圈,,內圈 倒快兩圈 (助手)
H451,06/04/2025,游水,沙田,,沙田,,,,,,,,游水,,
H451,06/04/2025,踱步,沙田,內圈,沙田 內圈,,,,,,助手,,快踱一圈,,內圈 快踱一圈 (助手)
H451,05/04/2025,游水,沙田,,沙田,,,,,,,,游水,,
H451,05/04/2025,踱步,沙田,內圈,沙田 內圈,,,,,,助手,,快踱一圈,,內圈 快踱一圈 (助手)
H451,04/04/2025,游水,沙田,,沙田,,,,,,,,游水,,
H451,04/04/2025,踱步,沙田,內圈,沙田 內圈,,,,,,助手,,快踱一圈,,內圈 快踱一圈 (助手)
H451,03/04/2025,游水,沙田,,沙田,,,,,,,,游水,,
H451,02/04/2025,出賽,跑馬地,草地,跑馬地 草地,1650M,,,,,鍾易禮,3/11,出賽,TT,1650M (鍾易禮) (3/11)
H451,02/04/2025,游水,沙田,,沙田,,,,,,,,游水,,
H451,02/04/2025,踱步,沙田,內圈,沙田 內圈,,,,,,鍾易禮,,快踱一圈,,內圈 快踱一圈 (鍾易禮)
H451,01/04/2025,游水,沙田,,沙田,,,,,,,,游水,,
H451,01/04/2025,踱步,沙田,內圈,沙田 內圈,,,,,,助手,,快踱一圈,,內圈 快踱一圈 (助手)
H451,31/03/2025,游水,沙田,,沙田,,,,,,,,游水,,
H451,31/03/2025,踱步,沙田,內圈,沙田 內圈,,,,,,助手,,倒快兩圈,,內圈 倒快兩圈 (助手)
H451,30/03/2025,游水,沙田,,沙田,,,,,,,,游水,,
H451,30/03/2025,快操,沙田,全天候,沙田 全天候,,55.5,55.5,29.0 26.5,,助手,,快操,,29.0 26.5 (55.5) (助手)
H451,30/03/2025,踱步,沙田,飛機場,沙田 飛機場,,,,,,助手,,踱步,,飛機場 踱步 (助手)
H451,29/03/2025,游水,沙田,,沙田,,,,,,,,游水,,
H451,29/03/2025,踱步,沙田,內圈,沙田 內圈,,,,,,助手,,快踱一圈,,內圈 快踱一圈 (助手)
H451,28/03/2025,游水,沙田,,沙田,,,,,,,,游水,,
H451,28/03/2025,踱步,沙田,內圈,沙田 內圈,,,,,,助手,,快踱一圈,H,內圈 快踱一圈 (助手)
H451,27/03/2025,游水,沙田,,沙田,,,,,,,,游水,,
H451,27/03/2025,踱步,沙田,內圈,沙田 內圈,,,,,,助手,,倒快兩圈,,內圈 倒快兩圈 (助手)
H451,26/03/2025,游水,沙田,,沙田,,,,,,,,游水,,
H451,26/03/2025,快操,沙田,全天候,沙田 全天候,,56.1,56.1,30.0 26.1,,助手,,快操,,30.0 26.1 (56.1) (助手)
H451,26/03/2025,踱步,沙田,飛機場,沙田 飛機場,,,,,,助手,,踱步,,飛機場 踱步 (助手)
H451,25/03/2025,游水,沙田,,沙田,,,,,,,,游水,,
H451,25/03/2025,踱步,沙田,內圈,沙田 內圈,,,,,,助手,,快踱一圈,,內圈 快踱一圈 (助手)
H451,24/03/2025,游水,沙田,,沙田,,,,,,,,游水,,
H451,24/03/2025,踱步,沙田,內圈,沙田 內圈,,,,,,助手,,倒快兩圈,,內圈 倒快兩圈 (助手)
H451,23/03/2025,游水,沙田,,沙田,,,,,,,,游水,,
H451,23/03/2025,踱步,沙田,內圈,沙田 內圈,,,,,,助手,,快踱一圈,,內圈 快踱一圈 (助手)
H451,22/03/2025,游水,沙田,,沙田,,,,,,,,游水,,
H451,22/03/2025,踱步,沙田,內圈,沙田 內圈,,,,,,助手,,快踱一圈,,內圈 快踱一圈 (助手)
H451,21/03/2025,游水,沙田,,沙田,,,,,,,,游水,,
H451,21/03/2025,踱步,沙田,內圈,沙田 內圈,,,,,,助手,,快踱一圈,,內圈 快踱一圈 (助手)
H451,20/03/2025,游水,沙田,,沙田,,,,,,,,游水,,
H451,19/03/2025,出賽,跑馬地,草地,跑馬地 草地,1650M,,,,,鍾易禮,12/12,出賽,TT,1650M (鍾易禮) (12/12)
H451,19/03/2025,游水,沙田,,沙田,,,,,,,,游水,,
H451,19/03/2025,踱步,沙田,內圈,沙田 內圈,,,,,,助手,,快踱一圈,,內圈 快踱一圈 (助手)
H451,18/03/2025,游水,沙田,,沙田,,,,,,,,游水,,
H451,18/03/2025,踱步,沙田,內圈,沙田 內圈,,,,,,助手,,快踱一圈,,內圈 快踱一圈 (助手)
H451,17/03/2025,游水,沙田,,沙田,,,,,,,,游水,,
H451,17/03/2025,踱步,沙田,內圈,沙田 內圈,,,,,,助手,,倒快兩圈,,內圈 倒快兩圈 (助手)
H451,16/03/2025,游水,沙田,,沙田,,,,,,,,游水,,
H451,16/03/2025,快操,沙田,全天候,沙田 全天候,,56.8,56.8,29.8 27.0,,助手,,快操,,29.8 27.0 (56.8) (助手)
H451,16/03/2025,踱步,沙田,飛機場,沙田 飛機場,,,,,,助手,,踱步,,飛機場 踱步 (助手)
H451,15/03/2025,游水,從化,,從化,,,,,,,,游水,,
H451,15/03/2025,踱步,從化,內圈,從化 內圈,,,,,,助手,,快踱一圈,,內圈 快踱一圈 (助手)
H451,14/03/2025,游水,從化,,從化,,,,,,,,游水,,
H451,14/03/2025,踱步,從化,內圈,從化 內圈,,,,,,助手,,快踱一圈,,內圈 快踱一圈 (助手)
H451,13/03/2025,游水,從化,,從化,,,,,,,,游水,,
H451,13/03/2025,踱步,從化,內圈,從化 內圈,,,,,,助手,,倒快兩圈,,內圈 倒快兩圈 (助手)
H451,12/03/2025,游水,從化,,從化,,,,,,,,游水,,
H451,12/03/2025,快操,從化,全天候,從化 全天候,,56.9,56.9,30.1 26.8,,助手,,快操,,30.1 26.8 (56.9) (助手)
H451,12/03/2025,踱步,從化,飛機場,從化 飛機場,,,,,,助手,,踱步,,飛機場 踱步 (助手)
H451,11/03/2025,游水,從化,,從化,,,,,,,,游水,,
H451,11/03/2025,踱步,從化,內圈,從化 內圈,,,,,,助手,,快踱一圈,,內圈 快踱一圈 (助手)
H451,10/03/2025,游水,從化,,從化,,,,,,,,游水,,
H451,10/03/2025,踱步,從化,內圈,從化 內圈,,,,,,助手,,倒快兩圈,,內圈 倒快兩圈 (助手)
H451,09/03/2025,游水,從化,,從化,,,,,,,,游水,,
H451,09/03/2025,快操,從化,全天候,從化 全天候,,56.9,56.9,30.1 26.8,,助手,,快操,,30.1 26.8 (56.9) (助手)
H451,09/03/2025,踱步,從化,飛機場,從化 飛機場,,,,,,助手,,踱步,,飛機場 踱步 (助手)
H451,08/03/2025,游水,從化,,從化,,,,,,,,游水,,
H451,08/03/2025,踱步,從化,內圈,從化 內圈,,,,,,助手,,快踱一圈,,內圈 快踱一圈 (助手)
H451,07/03/2025,游水,從化,,從化,,,,,,,,游水,,
H451,07/03/2025,踱步,從化,內圈,從化 內圈,,,,,,助手,,快踱一圈,,內圈 快踱一圈 (助手)
H451,06/03/2025,游水,從化,,從化,,,,,,,,游水,,
H451,06/03/2025,踱步,從化,內圈,從化 內圈,,,,,,助手,,倒快兩圈,,內圈 倒快兩圈 (助手)
H451,05/03/2025,游水,沙田,,沙田,,,,,,,,游水,,
H451,05/03/2025,踱步,沙田,內圈,沙田 內圈,,,,,,助手,,快踱一圈,,內圈 快踱一圈 (助手)
H451,04/03/2025,游水,沙田,,沙田,,,,,,,,游水,,
H451,04/03/2025,踱步,沙田,內圈,沙田 內圈,,,,,,助手,,快踱一圈,,內圈 快踱一圈 (助手)
H451,03/03/2025,游水,沙田,,沙田,,,,,,,,游水,,
H451,02/03/2025,出賽,沙田,草地,沙田 草地,1400M,,,,,鍾易禮,9/11,出賽,TT,1400M (鍾易禮) (9/11)
H451,02/03/2025,踱步,沙田,內圈,沙田 內圈,,,,,,助手,,快踱一圈,,內圈 快踱一圈 (助手)
H451,01/03/2025,游水,沙田,,沙田,,,,,,,,游水,,
H451,01/03/2025,踱步,沙田,內圈,沙田 內圈,,,,,,助手,,快踱一圈,,內圈 快踱一圈 (助手)
H451,28/02/2025,游水,沙田,,沙田,,,,,,,,游水,,
H451,28/02/2025,踱步,沙田,內圈,沙田 內圈,,,,,,助手,,快踱一圈,,內圈 快踱一圈 (助手)
H451,27/02/2025,游水,沙田,,沙田,,,,,,,,游水,,
H451,27/02/2025,快操,沙田,全天候,沙田 全天候,,55.9,55.9,29.8 26.1,,助手,,快操,,29.8 26.1 (55.9) (助手)
H451,27/02/2025,踱步,沙田,飛機場,沙田 飛機場,,,,,,助手,,踱步,,飛機場 踱步 (助手)
H451,26/02/2025,游水,沙田,,沙田,,,,,,,,游水,,
H451,26/02/2025,踱步,沙田,內圈,沙田 內圈,,,,,,助手,,快踱一圈,,內圈 快踱一圈 (助手)
H451,25/02/2025,游水,沙田,,沙田,,,,,,,,游水,,
H451,25/02/2025,踱步,沙田,內圈,沙田 內圈,,,,,,助手,,快踱一圈,,內圈 快踱一圈 (助手)
H451,24/02/2025,游水,沙田,,沙田,,,,,,,,游水,,
H451,24/02/2025,踱步,沙田,內圈,沙田 內圈,,,,,,助手,,倒快兩圈,,內圈 倒快兩圈 (助手)
H451,23/02/2025,游水,沙田,,沙田,,,,,,,,游水,,
H451,23/02/2025,快操,沙田,全天候,沙田 全天候,,55.8,55.8,30.0 25.8,,助手,,快操,,30.0 25.8 (55.8) (助手)
H451,23/02/2025,踱步,沙田,飛機場,沙田 飛機場,,,,,,助手,,踱步,,飛機場 踱步 (助手)
H451,22/02/2025,游水,沙田,,沙田,,,,,,,,游水,,
H451,22/02/2025,踱步,沙田,內圈,沙田 內圈,,,,,,助手,,快踱一圈,,內圈 快踱一圈 (助手)
H451,21/02/2025,游水,沙田,,沙田,,,,,,,,游水,,
H451,21/02/2025,踱步,沙田,內圈,沙田 內圈,,,,,,助手,,快踱一圈,,內圈 快踱一圈 (助手)
H451,20/02/2025,游水,從化,,從化,,,,,,,,游水,,
H451,20/02/2025,快操,從化,全天候,從化 全天候,,56.2,56.2,30.2 26.0,,助手,,快操,,30.2 26.0 (56.2) (助手)
H451,20/02/2025,踱步,從化,飛機場,從化 飛機場,,,,,,助手,,踱步,,飛機場 踱步 (助手)
H451,19/02/2025,游水,從化,,從化,,,,,,,,游水,,
H451,19/02/2025,踱步,從化,內圈,從化 內圈,,,,,,助手,,快踱一圈,,內圈 快踱一圈 (助手)
H451,18/02/2025,游水,從化,,從化,,,,,,,,游水,,
H451,18/02/2025,踱步,從化,內圈,從化 內圈,,,,,,助手,,快踱一圈,,內圈 快踱一圈 (助手)
H451,17/02/2025,游水,從化,,從化,,,,,,,,游水,,
H451,17/02/2025,踱步,從化,內圈,從化 內圈,,,,,,助手,,倒快兩圈,,內圈 倒快兩圈 (助手)
H451,16/02/2025,游水,從化,,從化,,,,,,,,游水,,
H451,16/02/2025,快操,從化,全天候,從化 全天候,,56.8,56.8,30.2 26.6,,助手,,快操,,30.2 26.6 (56.8) (助手)
H451,16/02/2025,踱步,從化,飛機場,從化 飛機場,,,,,,助手,,踱步,,飛機場 踱步 (助手)
H451,15/02/2025,游水,從化,,從化,,,,,,,,游水,,
H451,15/02/2025,踱步,從化,內圈,從化 內圈,,,,,,助手,,快踱一圈,,內圈 快踱一圈 (助手)
H451,14/02/2025,游水,從化,,從化,,,,,,,,游水,,
H451,14/02/2025,踱步,從化,內圈,從化 內圈,,,,,,助手,,快踱一圈,,內圈 快踱一圈 (助手)
H451,13/02/2025,游水,從化,,從化,,,,,,,,游水,,
H451,13/02/2025,踱步,從化,內圈,從化 內圈,,,,,,助手,,倒快兩圈,,內圈 倒快兩圈 (助手)
H451,12/02/2025,游水,從化,,從化,,,,,,,,游水,,
H451,12/02/2025,快操,從化,全天候,從化 全天候,,56.5,56.5,29.5 27.0,,助手,,快操,,29.5 27.0 (56.5) (助手)
H451,12/02/2025,踱步,從化,飛機場,從化 飛機場,,,,,,助手,,踱步,,飛機場 踱步 (助手)
H451,11/02/2025,游水,從化,,從化,,,,,,,,游水,,
H451,11/02/2025,踱步,從化,內圈,從化 內圈,,,,,,助手,,快踱一圈,,內圈 快踱一圈 (助手)
H451,10/02/2025,游水,從化,,從化,,,,,,,,游水,,
H451,10/02/2025,踱步,從化,內圈,從化 內圈,,,,,,助手,,倒快兩圈,,內圈 倒快兩圈 (助手)
H451,09/02/2025,游水,從化,,從化,,,,,,,,游水,,
H451,09/02/2025,踱步,從化,內圈,從化 內圈,,,,,,助手,,快踱一圈,,內圈 快踱一圈 (助手)
H451,08/02/2025,游水,從化,,從化,,,,,,,,游水,,
H451,08/02/2025,踱步,從化,內圈,從化 內圈,,,,,,助手,,快踱一圈,,內圈 快踱一圈 (助手)
H451,07/02/2025,游水,沙田,,沙田,,,,,,,,游水,,
H451,07/02/2025,踱步,沙田,內圈,沙田 內圈,,,,,,助手,,快踱一圈,,內圈 快踱一圈 (助手)
H451,06/02/2025,游水,沙田,,沙田,,,,,,,,游水,,
H451,05/02/2025,出賽,跑馬地,草地,跑馬地 草地,1650M,,,,,鍾易禮,5/12,出賽,TT,1650M (鍾易禮) (5/12)
H451,05/02/2025,游水,沙田,,沙田,,,,,,,,游水,,
H451,05/02/2025,踱步,沙田,內圈,沙田 內圈,,,,,,助手,,快踱一圈,,內圈 快踱一圈 (助手)
H451,04/02/2025,游水,沙田,,沙田,,,,,,,,游水,,
H451,04/02/2025,踱步,沙田,內圈,沙田 內圈,,,,,,助手,,快踱一圈,,內圈 快踱一圈 (助手)
H451,03/02/2025,游水,從化,,從化,,,,,,,,游水,,
H451,03/02/2025,踱步,從化,內圈,從化 內圈,,,,,,助手,,倒快兩圈,,內圈 倒快兩圈 (助手)
H451,02/02/2025,游水,從化,,從化,,,,,,,,游水,,
H451,02/02/2025,快操,從化,全天候,從化 全天候,,58.1,58.1,31.3 26.8,,助手,,快操,,31.3 26.8 (58.1) (助手)
H451,02/02/2025,踱步,從化,飛機場,從化 飛機場,,,,,,助手,,踱步,,飛機場 踱步 (助手)
H451,01/02/2025,游水,從化,,從化,,,,,,,,游水,,
H451,01/02/2025,踱步,從化,內圈,從化 內圈,,,,,,助手,,快踱一圈,,內圈 快踱一圈 (助手)
H451,31/01/2025,游水,從化,,從化,,,,,,,,游水,,
H451,31/01/2025,踱步,從化,內圈,從化 內圈,,,,,,助手,,快踱一圈,,內圈 快踱一圈 (助手)
H451,30/01/2025,游水,從化,,從化,,,,,,,,游水,,
H451,30/01/2025,踱步,從化,內圈,從化 內圈,,,,,,助手,,倒快兩圈,,內圈 倒快兩圈 (助手)
H451,28/01/2025,游水,從化,,從化,,,,,,,,游水,,
H451,28/01/2025,踱步,從化,內圈,從化 內圈,,,,,,助手,,快踱一圈,,內圈 快踱一圈 (助手)
H451,27/01/2025,游水,從化,,從化,,,,,,,,游水,,
H451,27/01/2025,踱步,從化,內圈,從化 內圈,,,,,,助手,,倒快兩圈,,內圈 倒快兩圈 (助手)
H451,26/01/2025,游水,從化,,從化,,,,,,,,游水,,
H451,26/01/2025,踱步,從化,內圈,從化 內圈,,,,,,助手,,快踱一圈,,內圈 快踱一圈 (助手)
H451,25/01/2025,游水,從化,,從化,,,,,,,,游水,,
H451,25/01/2025,踱步,從化,內圈,從化 內圈,,,,,,助手,,快踱一圈,,內圈 快踱一圈 (助手)
H451,24/01/2025,試閘,從化,草地,從化 草地,1200M,1.12.63,72.63,25.9 24.2 22.5,開心勇駒,鍾易禮,,第6組,,第6組 (鍾易禮) 1200M 開心勇駒 25.9 24.2 22.5 (1.12.63)
H451,24/01/2025,游水,從化,,從化,,,,,,,,游水,,
H451,23/01/2025,游水,從化,,從化,,,,,,,,游水,,
H451,23/01/2025,踱步,從化,內圈,從化 內圈,,,,,,助手,,倒快兩圈,,內圈 倒快兩圈 (助手)
H451,22/01/2025,游水,從化,,從化,,,,,,,,游水,,
H451,22/01/2025,踱步,從化,內圈,從化 內圈,,,,,,助手,,快踱一圈,,內圈 快踱一圈 (助手)
H451,21/01/2025,游水,從化,,從化,,,,,,,,游水,,
H451,21/01/2025,快操,從化,全天候,從化 全天候,,56.2,56.2,30.2 26.0,,助手,,快操,,30.2 26.0 (56.2) (助手)
H451,21/01/2025,踱步,從化,飛機場,從化 飛機場,,,,,,助手,,踱步,,飛機場 踱步 (助手)
H451,20/01/2025,游水,從化,,從化,,,,,,,,游水,,
H451,20/01/2025,踱步,從化,內圈,從化 內圈,,,,,,助手,,倒快兩圈,,內圈 倒快兩圈 (助手)
H451,19/01/2025,游水,從化,,從化,,,,,,,,游水,,
H451,19/01/2025,踱步,從化,內圈,從化 內圈,,,,,,助手,,快踱一圈,,內圈 快踱一圈 (助手)
H451,18/01/2025,游水,從化,,從化,,,,,,,,游水,,
H451,18/01/2025,快操,從化,全天候,從化 全天候,,57.5,57.5,30.7 26.8,,助手,,快操,,30.7 26.8 (57.5) (助手)
H451,18/01/2025,踱步,從化,飛機場,從化 飛機場,,,,,,助手,,踱步,,飛機場 踱步 (助手)
H451,17/01/2025,游水,沙田,,沙田,,,,,,,,游水,,
H451,17/01/2025,踱步,沙田,內圈,沙田 內圈,,,,,,助手,,快踱一圈,,內圈 快踱一圈 (助手)
H451,16/01/2025,游水,沙田,,沙田,,,,,,,,游水,,
H451,16/01/2025,踱步,沙田,內圈,沙田 內圈,,,,,,助手,,倒快兩圈,H,內圈 倒快兩圈 (助手)
H451,15/01/2025,游水,沙田,,沙田,,,,,,,,游水,,
H451,15/01/2025,快操,沙田,全天候,沙田 全天候,,55.2,55.2,29.0 26.2,,助手,,快操,,29.0 26.2 (55.2) (助手)
H451,15/01/2025,踱步,沙田,飛機場,沙田 飛機場,,,,,,助手,,踱步,,飛機場 踱步 (助手)
H451,14/01/2025,游水,沙田,,沙田,,,,,,,,游水,,
H451,14/01/2025,踱步,沙田,內圈,沙田 內圈,,,,,,鍾易禮,,快踱一圈,,內圈 快踱一圈 (鍾易禮)
H451,13/01/2025,游水,沙田,,沙田,,,,,,,,游水,,
H451,13/01/2025,踱步,沙田,內圈,沙田 內圈,,,,,,鍾易禮,,倒快兩圈,,內圈 倒快兩圈 (鍾易禮)
H451,12/01/2025,游水,沙田,,沙田,,,,,,,,游水,,
H451,12/01/2025,快操,沙田,全天候,沙田 全天候,,56.5,56.5,30.1 26.4,,助手,,快操,,30.1 26.4 (56.5) (助手)
H451,12/01/2025,踱步,沙田,飛機場,沙田 飛機場,,,,,,助手,,踱步,,飛機場 踱步 (助手)
H451,11/01/2025,游水,從化,,從化,,,,,,,,游水,,
H451,11/01/2025,踱步,從化,內圈,從化 內圈,,,,,,助手,,快踱一圈,,內圈 快踱一圈 (助手)
H451,10/01/2025,游水,從化,,從化,,,,,,,,游水,,
H451,10/01/2025,踱步,從化,內圈,從化 內圈,,,,,,助手,,快踱一圈,,內圈 快踱一圈 (助手)
H451,09/01/2025,游水,從化,,從化,,,,,,,,游水,,
H451,09/01/2025,踱步,從化,內圈,從化 內圈,,,,,,助手,,倒快兩圈,,內圈 倒快兩圈 (助手)
H451,08/01/2025,游水,從化,,從化,,,,,,,,游水,,
H451,08/01/2025,踱步,從化,內圈,從化 內圈,,,,,,助手,,快踱一圈,,內圈 快踱一圈 (助手)
H451,07/01/2025,游水,從化,,從化,,,,,,,,游水,,
H451,07/01/2025,踱步,從化,內圈,從化 內圈,,,,,,助手,,快踱一圈,,內圈 快踱一圈 (助手)
H451,06/01/2025,游水,從化,,從化,,,,,,,,游水,,
H451,06/01/2025,踱步,從化,內圈,從化 內圈,,,,,,助手,,倒快兩圈,,內圈 倒快兩圈 (助手)
H451,05/01/2025,游水,從化,,從化,,,,,,,,游水,,
H451,05/01/2025,踱步,從化,內圈,從化 內圈,,,,,,助手,,快踱一圈,,內圈 快踱一圈 (助手)
H451,04/01/2025,游水,從化,,從化,,,,,,,,游水,,
H451,04/01/2025,踱步,從化,內圈,從化 內圈,,,,,,助手,,快踱一圈,,內圈 快踱一圈 (助手)
H451,03/01/2025,試閘,從化,草地,從化 草地,1200M,1.11.20,71.2,25.2 22.9 23.1,競駿輝煌,鍾易禮,,第6組,,第6組 (鍾易禮) 1200M 競駿輝煌 25.2 22.9 23.1 (1.11.20)
H451,03/01/2025,游水,從化,,從化,,,,,,,,游水,,
H451,03/01/2025,踱步,從化,飛機場,從化 飛機場,,,,,,助手,,踱步,,飛機場 踱步 (助手)
H451,02/01/2025,游水,從化,,從化,,,,,,,,游水,,
H451,02/01/2025,踱步,從化,內圈,從化 內圈,,,,,,助手,,倒快兩圈,,內圈 倒快兩圈 (助手)
H451,01/01/2025,游水,從化,,從化,,,,,,,,游水,,
H451,01/01/2025,踱步,從化,內圈,從化 內圈,,,,,,助手,,快踱一圈,,內圈 快踱一圈 (助手)
H451,31/12/2024,游水,從化,,從化,,,,,,,,游水,,
H451,31/12/2024,快操,從化,全天候,從化 全天候,,58.7,58.7,31.4 27.3,,助手,,快操,,31.4 27.3 (58.7) (助手)
H451,31/12/2024,踱步,從化,飛機場,從化 飛機場,,,,,,助手,,踱步,,飛機場 踱步 (助手)
H451,30/12/2024,游水,從化,,從化,,,,,,,,游水,,
H451,30/12/2024,踱步,從化,內圈,從化 內圈,,,,,,助手,,倒快兩圈,,內圈 倒快兩圈 (助手)
H451,29/12/2024,游水,從化,,從化,,,,,,,,游水,,
H451,29/12/2024,踱步,從化,內圈,從化 內圈,,,,,,助手,,快踱一圈,,內圈 快踱一圈 (助手)
H451,28/12/2024,游水,從化,,從化,,,,,,,,游水,,
H451,28/12/2024,踱步,從化,內圈,從化 內圈,,,,,,助手,,快踱一圈,,內圈 快踱一圈 (助手)
H451,27/12/2024,游水,從化,,從化,,,,,,,,游水,,
H451,27/12/2024,快操,從化,全天候,從化 全天候,,56.9,56.9,30.6 26.3,,助手,,快操,,30.6 26.3 (56.9) (助手)
H451,27/12/2024,踱步,從化,飛機場,從化 飛機場,,,,,,助手,,踱步,,飛機場 踱步 (助手)
H451,26/12/2024,游水,從化,,從化,,,,,,,,游水,,
H451,26/12/2024,踱步,從化,內圈,從化 內圈,,,,,,助手,,倒快兩圈,,內圈 倒快兩圈 (助手)
H451,25/12/2024,游水,從化,,從化,,,,,,,,游水,,
H451,25/12/2024,踱步,從化,內圈,從化 內圈,,,,,,助手,,快踱一圈,,內圈 快踱一圈 (助手)
H451,24/12/2024,游水,從化,,從化,,,,,,,,游水,,
H451,24/12/2024,踱步,從化,內圈,從化 內圈,,,,,,助手,,快踱一圈,,內圈 快踱一圈 (助手)
H451,23/12/2024,游水,從化,,從化,,,,,,,,游水,,
H451,23/12/2024,踱步,從化,內圈,從化 內圈,,,,,,助手,,倒快兩圈,,內圈 倒快兩圈 (助手)
H451,22/12/2024,游水,從化,,從化,,,,,,,,游水,,
H451,22/12/2024,快操,從化,全天候,從化 全天候,,57.2,57.2,30.3 26.9,,助手,,快操,,30.3 26.9 (57.2) (助手)
H451,22/12/2024,踱步,從化,飛機場,從化 飛機場,,,,,,助手,,踱步,,飛機場 踱步 (助手)
H451,21/12/2024,游水,從化,,從化,,,,,,,,游水,,
H451,21/12/2024,踱步,從化,內圈,從化 內圈,,,,,,助手,,快踱一圈,,內圈 快踱一圈 (助手)
H451,20/12/2024,游水,從化,,從化,,,,,,,,游水,,
H451,20/12/2024,踱步,從化,內圈,從化 內圈,,,,,,助手,,快踱一圈,,內圈 快踱一圈 (助手)
H451,19/12/2024,游水,從化,,從化,,,,,,,,游水,,
H451,19/12/2024,踱步,從化,內圈,從化 內圈,,,,,,助手,,倒快兩圈,,內圈 倒快兩圈 (助手)
H451,18/12/2024,游水,從化,,從化,,,,,,,,游水,,
H451,18/12/2024,踱步,從化,內圈,從化 內圈,,,,,,助手,,快踱一圈,,內圈 快踱一圈 (助手)
H451,17/12/2024,游水,從化,,從化,,,,,,,,游水,,
H451,17/12/2024,踱步,從化,內圈,從化 內圈,,,,,,助手,,快踱一圈,,內圈 快踱一圈 (助手)
H451,16/12/2024,試閘,從化,草地,從化 草地,1000M,0.58.02,58.02,13.5 21.8 22.7,縱橫萬里,潘明輝,,第2組,,第2組 (潘明輝) 1000M 縱橫萬里 13.5 21.8 22.7 (0.58.02)
H451,16/12/2024,游水,從化,,從化,,,,,,,,游水,,
H451,15/12/2024,游水,從化,,從化,,,,,,,,游水,,
H451,15/12/2024,踱步,從化,內圈,從化 內圈,,,,,,助手,,快踱一圈,,內圈 快踱一圈 (助手)
H451,14/12/2024,游水,從化,,從化,,,,,,,,游水,,
H451,14/12/2024,踱步,從化,內圈,從化 內圈,,,,,,助手,,快踱一圈,,內圈 快踱一圈 (助手)
H451,13/12/2024,游水,從化,,從化,,,,,,,,游水,,
H451,13/12/2024,快操,從化,全天候,從化 全天候,,57.0,57.0,30.0 27.0,,助手,,快操,,30.0 27.0 (57.0) (助手)
H451,13/12/2024,踱步,從化,飛機場,從化 飛機場,,,,,,助手,,踱步,,飛機場 踱步 (助手)
H451,12/12/2024,游水,從化,,從化,,,,,,,,游水,,
H451,12/12/2024,踱步,從化,內圈,從化 內圈,,,,,,助手,,倒快兩圈,,內圈 倒快兩圈 (助手)
H451,11/12/2024,游水,從化,,從化,,,,,,,,游水,,
H451,11/12/2024,踱步,從化,內圈,從化 內圈,,,,,,助手,,快踱一圈,,內圈 快踱一圈 (助手)
H451,10/12/2024,游水,從化,,從化,,,,,,,,游水,,
H451,10/12/2024,踱步,從化,內圈,從化 內圈,,,,,,助手,,快踱一圈,,內圈 快踱一圈 (助手)
H451,09/12/2024,游水,從化,,從化,,,,,,,,游水,,
H451,09/12/2024,踱步,從化,內圈,從化 內圈,,,,,,助手,,倒快兩圈,,內圈 倒快兩圈 (助手)
H451,08/12/2024,游水,從化,,從化,,,,,,,,游水,,
H451,08/12/2024,踱步,從化,內圈,從化 內圈,,,,,,助手,,快踱一圈,,內圈 快踱一圈 (助手)
H451,07/12/2024,游水,從化,,從化,,,,,,,,游水,,
H451,07/12/2024,踱步,從化,內圈,從化 內圈,,,,,,助手,,快踱一圈,,內圈 快踱一圈 (助手)
H451,06/12/2024,游水,沙田,,沙田,,,,,,,,游水,,
H451,06/12/2024,快操,沙田,全天候,沙田 全天候,,57.9,57.9,31.9 26.0,,助手,,快操,H,31.9 26.0 (57.9) (助手)
H451,05/12/2024,游水,沙田,,沙田,,,,,,,,游水,,
H451,04/12/2024,出賽,跑馬地,草地,跑馬地 草地,1650M,,,,,布文,12/12,出賽,TT,1650M (布文) (12/12)
H451,04/12/2024,游水,沙田,,沙田,,,,,,,,游水,,
H451,03/12/2024,游水,沙田,,沙田,,,,,,,,游水,,
H451,03/12/2024,踱步,沙田,內圈,沙田 內圈,,,,,,助手,,快踱一圈,,內圈 快踱一圈 (助手)
H451,02/12/2024,游水,沙田,,沙田,,,,,,,,游水,,
H451,02/12/2024,踱步,沙田,內圈,沙田 內圈,,,,,,助手,,倒快兩圈,H,內圈 倒快兩圈 (助手)
H451,01/12/2024,游水,沙田,,沙田,,,,,,,,游水,,
H451,01/12/2024,快操,沙田,全天候,沙田 全天候,,56.6,56.6,30.4 26.2,,助手,,快操,,30.4 26.2 (56.6) (助手)
H451,01/12/2024,踱步,沙田,飛機場,沙田 飛機場,,,,,,助手,,踱步,,飛機場 踱步 (助手)
H451,30/11/2024,游水,沙田,,沙田,,,,,,,,游水,,
H451,30/11/2024,踱步,沙田,內圈,沙田 內圈,,,,,,助手,,快踱一圈,,內圈 快踱一圈 (助手)
H451,29/11/2024,游水,沙田,,沙田,,,,,,,,游水,,
H451,29/11/2024,踱步,沙田,內圈,沙田 內圈,,,,,,助手,,快踱一圈,H,內圈 快踱一圈 (助手)
H451,28/11/2024,游水,沙田,,沙田,,,,,,,,游水,,
H451,28/11/2024,踱步,沙田,內圈,沙田 內圈,,,,,,助手,,倒快兩圈,,內圈 倒快兩圈 (助手)
H451,27/11/2024,游水,沙田,,沙田,,,,,,,,游水,,
H451,27/11/2024,快操,沙田,全天候,沙田 全天候,,56.5,56.5,29.8 26.7,,助手,,快操,,29.8 26.7 (56.5) (助手)
H451,27/11/2024,踱步,沙田,飛機場,沙田 飛機場,,,,,,助手,,踱步,H,飛機場 踱步 (助手)
H451,26/11/2024,游水,沙田,,沙田,,,,,,,,游水,,
H451,26/11/2024,踱步,沙田,內圈,沙田 內圈,,,,,,助手,,快踱一圈,,內圈 快踱一圈 (助手)
H451,25/11/2024,游水,沙田,,沙田,,,,,,,,游水,,
H451,25/11/2024,踱步,沙田,內圈,沙田 內圈,,,,,,助手,,倒快兩圈,,內圈 倒快兩圈 (助手)
H451,24/11/2024,游水,沙田,,沙田,,,,,,,,游水,,
H451,24/11/2024,踱步,沙田,內圈,沙田 內圈,,,,,,助手,,快踱一圈,,內圈 快踱一圈 (助手)
H451,23/11/2024,游水,沙田,,沙田,,,,,,,,游水,,
H451,23/11/2024,踱步,沙田,內圈,沙田 內圈,,,,,,助手,,快踱一圈,,內圈 快踱一圈 (助手)
H451,22/11/2024,游水,沙田,,沙田,,,,,,,,游水,,
H451,22/11/2024,踱步,沙田,內圈,沙田 內圈,,,,,,助手,,快踱一圈,,內圈 快踱一圈 (助手)
H451,21/11/2024,游水,沙田,,沙田,,,,,,,,游水,,
H451,20/11/2024,出賽,跑馬地,草地,跑馬地 草地,1650M,,,,,鍾易禮,1/12,出賽,TT,1650M (鍾易禮) (1/12)
H451,20/11/2024,游水,沙田,,沙田,,,,,,,,游水,,
H451,20/11/2024,踱步,沙田,內圈,沙田 內圈,,,,,,助手,,快踱一圈,,內圈 快踱一圈 (助手)
H451,19/11/2024,游水,沙田,,沙田,,,,,,,,游水,,
H451,19/11/2024,踱步,沙田,內圈,沙田 內圈,,,,,,助手,,快踱一圈,,內圈 快踱一圈 (助手)
H451,18/11/2024,游水,沙田,,沙田,,,,,,,,游水,,
H451,18/11/2024,踱步,沙田,內圈,沙田 內圈,,,,,,助手,,倒快兩圈,,內圈 倒快兩圈 (助手)
H451,17/11/2024,游水,沙田,,沙田,,,,,,,,游水,,
H451,17/11/2024,踱步,沙田,內圈,沙田 內圈,,,,,,助手,,快踱一圈,,內圈 快踱一圈 (助手)
H451,16/11/2024,游水,沙田,,沙田,,,,,,,,游水,,
H451,16/11/2024,快操,沙田,泥閘,沙田 泥閘,,21.4,21.4,21.4,,助手,,會展二號,,21.4 (21.4) (助手) 會展二號
H451,15/11/2024,游水,沙田,,沙田,,,,,,,,游水,,
H451,15/11/2024,踱步,沙田,內圈,沙田 內圈,,,,,,助手,,快踱一圈,,內圈 快踱一圈 (助手)
H451,14/11/2024,游水,沙田,,沙田,,,,,,,,游水,,
H451,13/11/2024,游水,沙田,,沙田,,,,,,,,游水,,
H451,13/11/2024,踱步,沙田,內圈,沙田 內圈,,,,,,助手,,快踱一圈,,內圈 快踱一圈 (助手)
H451,12/11/2024,游水,沙田,,沙田,,,,,,,,游水,,
H451,12/11/2024,踱步,沙田,內圈,沙田 內圈,,,,,,助手,,快踱一圈,,內圈 快踱一圈 (助手)
H451,11/11/2024,游水,沙田,,沙田,,,,,,,,游水,,
H451,11/11/2024,踱步,沙田,內圈,沙田 內圈,,,,,,助手,,倒快兩圈,,內圈 倒快兩圈 (助手)
H451,10/11/2024,游水,沙田,,沙田,,,,,,,,游水,,
H451,10/11/2024,快操,沙田,全天候,沙田 全天候,,56.9,56.9,29.6 27.3,,鍾易禮,,快操,,29.6 27.3 (56.9) (鍾易禮)
H451,10/11/2024,踱步,沙田,飛機場,沙田 飛機場,,,,,,鍾易禮,,踱步,,飛機場 踱步 (鍾易禮)
H451,09/11/2024,游水,從化,,從化,,,,,,,,游水,,
H451,09/11/2024,踱步,從化,內圈,從化 內圈,,,,,,助手,,快踱一圈,,內圈 快踱一圈 (助手)
H451,08/11/2024,游水,從化,,從化,,,,,,,,游水,,
H451,08/11/2024,踱步,從化,內圈,從化 內圈,,,,,,助手,,快踱一圈,,內圈 快踱一圈 (助手)
H451,07/11/2024,游水,從化,,從化,,,,,,,,游水,,
H451,07/11/2024,踱步,從化,內圈,從化 內圈,,,,,,助手,,倒快兩圈,,內圈 倒快兩圈 (助手)
H451,06/11/2024,游水,從化,,從化,,,,,,,,游水,,
H451,06/11/2024,快操,從化,全天候,從化 全天候,,57.4,57.4,30.9 26.5,,助手,,快操,,30.9 26.5 (57.4) (助手)
H451,06/11/2024,踱步,從化,飛機場,從化 飛機場,,,,,,助手,,踱步,,飛機場 踱步 (助手)
H451,05/11/2024,游水,從化,,從化,,,,,,,,游水,,
H451,05/11/2024,踱步,從化,內圈,從化 內圈,,,,,,助手,,快踱一圈,,內圈 快踱一圈 (助手)
H451,04/11/2024,游水,從化,,從化,,,,,,,,游水,,
H451,04/11/2024,踱步,從化,內圈,從化 內圈,,,,,,助手,,倒快兩圈,,內圈 倒快兩圈 (助手)
H451,03/11/2024,游水,從化,,從化,,,,,,,,游水,,
H451,03/11/2024,快操,從化,全天候,從化 全天候,,57.1,57.1,30.3 26.8,,助手,,快操,,30.3 26.8 (57.1) (助手)
H451,03/11/2024,踱步,從化,飛機場,從化 飛機場,,,,,,助手,,踱步,,飛機場 踱步 (助手)
H451,02/11/2024,游水,從化,,從化,,,,,,,,游水,,
H451,02/11/2024,踱步,從化,內圈,從化 內圈,,,,,,助手,,快踱一圈,H,內圈 快踱一圈 (助手)
H451,01/11/2024,游水,從化,,從化,,,,,,,,游水,,
H451,01/11/2024,踱步,從化,內圈,從化 內圈,,,,,,助手,,快踱一圈,,內圈 快踱一圈 (助手)
H451,31/10/2024,游水,從化,,從化,,,,,,,,游水,,
H451,31/10/2024,踱步,從化,內圈,從化 內圈,,,,,,助手,,倒快兩圈,,內圈 倒快兩圈 (助手)
H451,30/10/2024,游水,從化,,從化,,,,,,,,游水,,
H451,30/10/2024,踱步,從化,內圈,從化 內圈,,,,,,助手,,快踱一圈,,內圈 快踱一圈 (助手)
H451,29/10/2024,游水,從化,,從化,,,,,,,,游水,,
H451,29/10/2024,踱步,從化,內圈,從化 內圈,,,,,,助手,,快踱一圈,,內圈 快踱一圈 (助手)
H451,28/10/2024,游水,從化,,從化,,,,,,,,游水,,
H451,28/10/2024,踱步,從化,內圈,從化 內圈,,,,,,助手,,倒快兩圈,,內圈 倒快兩圈 (助手)
H451,27/10/2024,游水,從化,,從化,,,,,,,,游水,,
H451,27/10/2024,踱步,從化,內圈,從化 內圈,,,,,,助手,,快踱一圈,,內圈 快踱一圈 (助手)
H451,26/10/2024,游水,從化,,從化,,,,,,,,游水,,
H451,26/10/2024,踱步,從化,內圈,從化 內圈,,,,,,助手,,快踱一圈,,內圈 快踱一圈 (助手)
H451,25/10/2024,試閘,從化,草地,從化 草地,1200M,1.12.08,72.08,24.9 23.4 23.7,觀天下,鍾易禮,,第6組,,第6組 (鍾易禮) 1200M 觀天下 24.9 23.4 23.7 (1.12.08)
H451,25/10/2024,游水,從化,,從化,,,,,,,,游水,,
H451,24/10/2024,游水,從化,,從化,,,,,,,,游水,,
H451,24/10/2024,踱步,從化,內圈,從化 內圈,,,,,,助手,,倒快兩圈,,內圈 倒快兩圈 (助手)
H451,23/10/2024,游水,從化,,從化,,,,,,,,游水,,
H451,23/10/2024,踱步,從化,內圈,從化 內圈,,,,,,助手,,快踱一圈,,內圈 快踱一圈 (助手)
H451,22/10/2024,游水,從化,,從化,,,,,,,,游水,,
H451,22/10/2024,快操,從化,全天候,從化 全天候,,57.4,57.4,29.9 27.5,,助手,,快操,,29.9 27.5 (57.4) (助手)
H451,22/10/2024,踱步,從化,飛機場,從化 飛機場,,,,,,助手,,踱步,,飛機場 踱步 (助手)
H451,21/10/2024,游水,從化,,從化,,,,,,,,游水,,
H451,21/10/2024,踱步,從化,內圈,從化 內圈,,,,,,助手,,倒快兩圈,,內圈 倒快兩圈 (助手)
H451,20/10/2024,游水,從化,,從化,,,,,,,,游水,,
H451,20/10/2024,踱步,從化,內圈,從化 內圈,,,,,,助手,,快踱一圈,,內圈 快踱一圈 (助手)
H451,19/10/2024,游水,從化,,從化,,,,,,,,游水,,
H451,19/10/2024,踱步,從化,內圈,從化 內圈,,,,,,助手,,快踱一圈,,內圈 快踱一圈 (助手)
H451,18/10/2024,游水,從化,,從化,,,,,,,,游水,,
H451,18/10/2024,快操,從化,全天候,從化 全天候,,56.8,56.8,30.0 26.8,,助手,,快操,,30.0 26.8 (56.8) (助手)
H451,18/10/2024,踱步,從化,飛機場,從化 飛機場,,,,,,助手,,踱步,,飛機場 踱步 (助手)
H451,17/10/2024,游水,從化,,從化,,,,,,,,游水,,
H451,17/10/2024,踱步,從化,內圈,從化 內圈,,,,,,助手,,倒快兩圈,,內圈 倒快兩圈 (助手)
H451,16/10/2024,游水,從化,,從化,,,,,,,,游水,,
H451,16/10/2024,踱步,從化,內圈,從化 內圈,,,,,,助手,,快踱一圈,,內圈 快踱一圈 (助手)
H451,15/10/2024,游水,從化,,從化,,,,,,,,游水,,
H451,15/10/2024,快操,從化,全天候,從化 全天候,,56.4,56.4,30.1 26.3,,助手,,快操,,30.1 26.3 (56.4) (助手)
H451,15/10/2024,踱步,從化,飛機場,從化 飛機場,,,,,,助手,,踱步,,飛機場 踱步 (助手)
H451,14/10/2024,游水,從化,,從化,,,,,,,,游水,,
H451,14/10/2024,踱步,從化,內圈,從化 內圈,,,,,,助手,,倒快兩圈,,內圈 倒快兩圈 (助手)
H451,13/10/2024,游水,從化,,從化,,,,,,,,游水,,
H451,13/10/2024,踱步,從化,內圈,從化 內圈,,,,,,助手,,快踱一圈,,內圈 快踱一圈 (助手)
H451,12/10/2024,游水,從化,,從化,,,,,,,,游水,,
H451,12/10/2024,踱步,從化,內圈,從化 內圈,,,,,,助手,,快踱一圈,,內圈 快踱一圈 (助手)
H451,11/10/2024,游水,從化,,從化,,,,,,,,游水,,
H451,11/10/2024,快操,從化,全天候,從化 全天候,,56.7,56.7,30.3 26.4,,助手,,快操,,30.3 26.4 (56.7) (助手)
H451,11/10/2024,踱步,從化,飛機場,從化 飛機場,,,,,,助手,,踱步,,飛機場 踱步 (助手)
H451,10/10/2024,游水,從化,,從化,,,,,,,,游水,,
H451,10/10/2024,踱步,從化,內圈,從化 內圈,,,,,,助手,,倒快兩圈,,內圈 倒快兩圈 (助手)
H451,09/10/2024,游水,從化,,從化,,,,,,,,游水,,
H451,09/10/2024,踱步,從化,內圈,從化 內圈,,,,,,助手,,快踱一圈,,內圈 快踱一圈 (助手)
H451,08/10/2024,游水,從化,,從化,,,,,,,,游水,,
H451,08/10/2024,快操,從化,全天候,從化 全天候,,57.2,57.2,30.6 26.6,,助手,,快操,,30.6 26.6 (57.2) (助手)
H451,08/10/2024,踱步,從化,飛機場,從化 飛機場,,,,,,助手,,踱步,,飛機場 踱步 (助手)
H451,07/10/2024,游水,從化,,從化,,,,,,,,游水,,
H451,07/10/2024,踱步,從化,內圈,從化 內圈,,,,,,助手,,倒快兩圈,,內圈 倒快兩圈 (助手)
H451,06/10/2024,游水,沙田,,沙田,,,,,,,,游水,,
H451,06/10/2024,踱步,沙田,內圈,沙田 內圈,,,,,,助手,,快踱一圈,,內圈 快踱一圈 (助手)
H451,05/10/2024,游水,沙田,,沙田,,,,,,,,游水,,
H451,05/10/2024,快操,沙田,全天候,沙田 全天候,,1.00.4,60.4,32.2 28.2,,助手,,快操,,32.2 28.2 (1.00.4) (助手)
H451,05/10/2024,踱步,沙田,飛機場,沙田 飛機場,,,,,,助手,,踱步,,飛機場 踱步 (助手)
H451,04/10/2024,游水,沙田,,沙田,,,,,,,,游水,,
H451,03/10/2024,游水,沙田,,沙田,,,,,,,,游水,,
H451,03/10/2024,踱步,沙田,內圈,沙田 內圈,,,,,,助手,,倒快兩圈,,內圈 倒快兩圈 (助手)
H451,02/10/2024,游水,沙田,,沙田,,,,,,,,游水,,
H451,02/10/2024,快操,沙田,全天候,沙田 全天候,,57.5,57.5,31.2 26.3,,助手,,快操,,31.2 26.3 (57.5) (助手)
H451,02/10/2024,踱步,沙田,飛機場,沙田 飛機場,,,,,,助手,,踱步,,飛機場 踱步 (助手)
H451,01/10/2024,游水,沙田,,沙田,,,,,,,,游水,,
H451,01/10/2024,踱步,沙田,內圈,沙田 內圈,,,,,,助手,,快踱一圈,,內圈 快踱一圈 (助手)
H451,30/09/2024,游水,沙田,,沙田,,,,,,,,游水,,
H451,30/09/2024,踱步,沙田,內圈,沙田 內圈,,,,,,助手,,倒快兩圈,,內圈 倒快兩圈 (助手)
H451,29/09/2024,游水,沙田,,沙田,,,,,,,,游水,,
H451,29/09/2024,踱步,沙田,內圈,沙田 內圈,,,,,,助手,,快踱一圈,,內圈 快踱一圈 (助手)
H451,28/09/2024,游水,沙田,,沙田,,,,,,,,游水,,
H451,28/09/2024,踱步,沙田,內圈,沙田 內圈,,,,,,助手,,快踱一圈,,內圈 快踱一圈 (助手)
H451,27/09/2024,游水,沙田,,沙田,,,,,,,,游水,,
H451,27/09/2024,踱步,沙田,內圈,沙田 內圈,,,,,,助手,,快踱一圈,,內圈 快踱一圈 (助手)
H451,26/09/2024,游水,沙田,,沙田,,,,,,,,游水,,
H451,26/09/2024,踱步,沙田,內圈,沙田 內圈,,,,,,助手,,倒快兩圈,,內圈 倒快兩圈 (助手)
H451,25/09/2024,游水,沙田,,沙田,,,,,,,,游水,,
H451,25/09/2024,踱步,沙田,內圈,沙田 內圈,,,,,,助手,,快踱一圈,,內圈 快踱一圈 (助手)
H451,24/09/2024,游水,沙田,,沙田,,,,,,,,游水,,
H451,24/09/2024,踱步,沙田,內圈,沙田 內圈,,,,,,助手,,快踱一圈,H,內圈 快踱一圈 (助手)
H451,23/09/2024,游水,沙田,,沙田,,,,,,,,游水,,
H451,23/09/2024,踱步,沙田,內圈,沙田 內圈,,,,,,助手,,倒快兩圈,,內圈 倒快兩圈 (助手)
H451,22/09/2024,游水,沙田,,沙田,,,,,,,,游水,,
H451,22/09/2024,踱步,沙田,內圈,沙田 內圈,,,,,,助手,,快踱一圈,,內圈 快踱一圈 (助手)
H451,21/09/2024,游水,沙田,,沙田,,,,,,,,游水,,
H451,21/09/2024,踱步,沙田,內圈,沙田 內圈,,,,,,助手,,快踱一圈,,內圈 快踱一圈 (助手)
H451,20/09/2024,游水,沙田,,沙田,,,,,,,,游水,,
H451,20/09/2024,踱步,沙田,內圈,沙田 內圈,,,,,,助手,,快踱一圈,,內圈 快踱一圈 (助手)
H451,19/09/2024,游水,沙田,,沙田,,,,,,,,游水,,
H451,18/09/2024,游水,沙田,,沙田,,,,,,,,游水,,
H451,18/09/2024,踱步,沙田,內圈,沙田 內圈,,,,,,助手,,快踱一圈,,內圈 快踱一圈 (助手)
H451,17/09/2024,游水,沙田,,沙田,,,,,,,,游水,,
H451,17/09/2024,踱步,沙田,內圈,沙田 內圈,,,,,,助手,,快踱一圈,H,內圈 快踱一圈 (助手)
H451,16/09/2024,游水,沙田,,沙田,,,,,,,,游水,,
H451,13/09/2024,游水,沙田,,沙田,,,,,,,,游水,,
H451,12/09/2024,游水,沙田,,沙田,,,,,,,,游水,,
H451,11/09/2024,出賽,跑馬地,草地,跑馬地 草地,1650M,,,,,鍾易禮,11/11,出賽,TT,1650M (鍾易禮) (11/11)
H451,11/09/2024,游水,沙田,,沙田,,,,,,,,游水,,
H451,11/09/2024,踱步,沙田,內圈,沙田 內圈,,,,,,助手,,快踱一圈,,內圈 快踱一圈 (助手)
H451,10/09/2024,游水,沙田,,沙田,,,,,,,,游水,,
H451,10/09/2024,踱步,沙田,內圈,沙田 內圈,,,,,,鍾易禮,,快踱一圈,,內圈 快踱一圈 (鍾易禮)
H451,09/09/2024,游水,沙田,,沙田,,,,,,,,游水,,
H451,09/09/2024,踱步,沙田,內圈,沙田 內圈,,,,,,鍾易禮,,倒快兩圈,,內圈 倒快兩圈 (鍾易禮)
H451,08/09/2024,游水,沙田,,沙田,,,,,,,,游水,,
H451,08/09/2024,快操,沙田,全天候,沙田 全天候,,56.1,56.1,29.2 26.9,,鍾易禮,,快操,,29.2 26.9 (56.1) (鍾易禮)
H451,08/09/2024,踱步,沙田,飛機場,沙田 飛機場,,,,,,鍾易禮,,踱步,,飛機場 踱步 (鍾易禮)
H451,07/09/2024,游水,沙田,,沙田,,,,,,,,游水,,
H451,07/09/2024,踱步,沙田,內圈,沙田 內圈,,,,,,助手,,快踱一圈,H,內圈 快踱一圈 (助手)
H451,06/09/2024,游水,沙田,,沙田,,,,,,,,游水,,
H451,05/09/2024,游水,沙田,,沙田,,,,,,,,游水,,
H451,05/09/2024,快操,沙田,全天候,沙田 全天候,,56.5,56.5,30.5 26.0,,助手,,快操,,30.5 26.0 (56.5) (助手)
H451,05/09/2024,踱步,沙田,飛機場,沙田 飛機場,,,,,,助手,,踱步,,飛機場 踱步 (助手)
H451,04/09/2024,游水,沙田,,沙田,,,,,,,,游水,,
H451,03/09/2024,游水,沙田,,沙田,,,,,,,,游水,,
H451,03/09/2024,踱步,沙田,內圈,沙田 內圈,,,,,,助手,,快踱一圈,,內圈 快踱一圈 (助手)
H451,02/09/2024,游水,沙田,,沙田,,,,,,,,游水,,
H451,02/09/2024,踱步,沙田,內圈,沙田 內圈,,,,,,助手,,倒快兩圈,,內圈 倒快兩圈 (助手)
H451,01/09/2024,游水,沙田,,沙田,,,,,,,,游水,,
H451,01/09/2024,踱步,沙田,內圈,沙田 內圈,,,,,,助手,,快踱一圈,,內圈 快踱一圈 (助手)
H451,31/08/2024,游水,沙田,,沙田,,,,,,,,游水,,
H451,31/08/2024,踱步,沙田,內圈,沙田 內圈,,,,,,助手,,快踱一圈,,內圈 快踱一圈 (助手)
H451,30/08/2024,試閘,沙田,全天候,沙田 全天候,1200M,1.09.57,69.57,23.9 22.5 23.1,美麗第一,鍾易禮,,第1組,,第1組 (鍾易禮) 1200M 美麗第一 23.9 22.5 23.1 (1.09.57)
H451,30/08/2024,游水,沙田,,沙田,,,,,,,,游水,,
H451,29/08/2024,游水,沙田,,沙田,,,,,,,,游水,,
H451,29/08/2024,踱步,沙田,內圈,沙田 內圈,,,,,,助手,,倒快兩圈,H,內圈 倒快兩圈 (助手)
H451,28/08/2024,游水,沙田,,沙田,,,,,,,,游水,,
H451,28/08/2024,踱步,沙田,內圈,沙田 內圈,,,,,,助手,,快踱一圈,,內圈 快踱一圈 (助手)
H451,27/08/2024,游水,沙田,,沙田,,,,,,,,游水,,
H451,27/08/2024,快操,沙田,全天候,沙田 全天候,,54.8,54.8,28.9 25.9,,助手,,快操,,28.9 25.9 (54.8) (助手)
H451,27/08/2024,踱步,沙田,飛機場,沙田 飛機場,,,,,,助手,,踱步,,飛機場 踱步 (助手)
H451,26/08/2024,游水,沙田,,沙田,,,,,,,,游水,,
H451,26/08/2024,踱步,沙田,內圈,沙田 內圈,,,,,,助手,,倒快兩圈,,內圈 倒快兩圈 (助手)
H451,25/08/2024,游水,沙田,,沙田,,,,,,,,游水,,
H451,25/08/2024,踱步,沙田,內圈,沙田 內圈,,,,,,助手,,快踱一圈,,內圈 快踱一圈 (助手)
H451,24/08/2024,游水,沙田,,沙田,,,,,,,,游水,,
H451,24/08/2024,快操,沙田,全天候,沙田 全天候,,55.7,55.7,30.0 25.7,,助手,,快操,,30.0 25.7 (55.7) (助手)
H451,24/08/2024,踱步,沙田,飛機場,沙田 飛機場,,,,,,助手,,踱步,,飛機場 踱步 (助手)
H451,23/08/2024,游水,沙田,,沙田,,,,,,,,游水,,
H451,23/08/2024,踱步,沙田,內圈,沙田 內圈,,,,,,助手,,快踱一圈,,內圈 快踱一圈 (助手)
H451,22/08/2024,游水,沙田,,沙田,,,,,,,,游水,,
H451,22/08/2024,踱步,沙田,內圈,沙田 內圈,,,,,,助手,,倒快兩圈,,內圈 倒快兩圈 (助手)
H451,21/08/2024,游水,沙田,,沙田,,,,,,,,游水,,
H451,21/08/2024,快操,沙田,全天候,沙田 全天候,,55.5,55.5,29.0 26.5,,助手,,快操,,29.0 26.5 (55.5) (助手)
H451,21/08/2024,踱步,沙田,飛機場,沙田 飛機場,,,,,,助手,,踱步,,飛機場 踱步 (助手)
H451,20/08/2024,游水,沙田,,沙田,,,,,,,,游水,,
H451,20/08/2024,踱步,沙田,內圈,沙田 內圈,,,,,,鍾易禮,,快踱一圈,,內圈 快踱一圈 (鍾易禮)
H451,19/08/2024,游水,沙田,,沙田,,,,,,,,游水,,
H451,19/08/2024,踱步,沙田,內圈,沙田 內圈,,,,,,鍾易禮,,快踱兩圈,,內圈 快踱兩圈 (鍾易禮)
H451,18/08/2024,游水,沙田,,沙田,,,,,,,,游水,,
H451,18/08/2024,踱步,沙田,內圈,沙田 內圈,,,,,,助手,,快踱一圈,,內圈 快踱一圈 (助手)
H451,17/08/2024,游水,沙田,,沙田,,,,,,,,游水,,
H451,17/08/2024,快操,沙田,全天候,沙田 全天候,,57.1,57.1,29.9 27.2,,助手,,快操,,29.9 27.2 (57.1) (助手)
H451,17/08/2024,踱步,沙田,飛機場,沙田 飛機場,,,,,,助手,,踱步,,飛機場 踱步 (助手)
H451,16/08/2024,游水,沙田,,沙田,,,,,,,,游水,,
H451,16/08/2024,踱步,沙田,內圈,沙田 內圈,,,,,,助手,,快踱一圈,,內圈 快踱一圈 (助手)
H451,15/08/2024,游水,沙田,,沙田,,,,,,,,游水,,
H451,15/08/2024,踱步,沙田,內圈,沙田 內圈,,,,,,助手,,倒快兩圈,,內圈 倒快兩圈 (助手)
H451,14/08/2024,游水,從化,,從化,,,,,,,,游水,,
H451,14/08/2024,踱步,從化,內圈,從化 內圈,,,,,,助手,,快踱一圈,,內圈 快踱一圈 (助手)
H451,13/08/2024,游水,從化,,從化,,,,,,,,游水,,
H451,13/08/2024,快操,從化,全天候,從化 全天候,,57.9,57.9,30.9 27.0,,助手,,快操,,30.9 27.0 (57.9) (助手)
H451,13/08/2024,踱步,從化,飛機場,從化 飛機場,,,,,,助手,,踱步,,飛機場 踱步 (助手)
H451,12/08/2024,游水,從化,,從化,,,,,,,,游水,,
H451,12/08/2024,踱步,從化,內圈,從化 內圈,,,,,,助手,,倒快兩圈,,內圈 倒快兩圈 (助手)
H451,11/08/2024,游水,從化,,從化,,,,,,,,游水,,
H451,11/08/2024,踱步,從化,內圈,從化 內圈,,,,,,助手,,快踱一圈,,內圈 快踱一圈 (助手)
H451,10/08/2024,游水,從化,,從化,,,,,,,,游水,,
H451,10/08/2024,踱步,從化,內圈,從化 內圈,,,,,,助手,,快踱一圈,,內圈 快踱一圈 (助手)
H451,09/08/2024,游水,從化,,從化,,,,,,,,游水,,
H451,09/08/2024,踱步,從化,內圈,從化 內圈,,,,,,助手,,快踱一圈,,內圈 快踱一圈 (助手)
H451,08/08/2024,游水,從化,,從化,,,,,,,,游水,,
H451,08/08/2024,踱步,從化,內圈,從化 內圈,,,,,,助手,,倒快兩圈,,內圈 倒快兩圈 (助手)
H451,07/08/2024,游水,從化,,從化,,,,,,,,游水,,
H451,07/08/2024,踱步,從化,內圈,從化 內圈,,,,,,助手,,快踱一圈,,內圈 快踱一圈 (助手)
H451,06/08/2024,游水,從化,,從化,,,,,,,,游水,,
H451,06/08/2024,踱步,從化,內圈,從化 內圈,,,,,,助手,,快踱一圈,,內圈 快踱一圈 (助手)
H451,05/08/2024,游水,從化,,從化,,,,,,,,游水,,
H451,05/08/2024,踱步,從化,內圈,從化 內圈,,,,,,助手,,倒快兩圈,,內圈 倒快兩圈 (助手)
H451,04/08/2024,游水,從化,,從化,,,,,,,,游水,,
H451,04/08/2024,踱步,從化,內圈,從化 內圈,,,,,,助手,,快踱一圈,,內圈 快踱一圈 (助手)
H451,03/08/2024,游水,從化,,從化,,,,,,,,游水,,
H451,03/08/2024,踱步,從化,內圈,從化 內圈,,,,,,助手,,快踱一圈,,內圈 快踱一圈 (助手)
H451,02/08/2024,游水,從化,,從化,,,,,,,,游水,,
H451,02/08/2024,踱步,從化,內圈,從化 內圈,,,,,,助手,,快踱一圈,,內圈 快踱一圈 (助手)
H451,01/08/2024,游水,從化,,從化,,,,,,,,游水,,
H451,01/08/2024,踱步,從化,內圈,從化 內圈,,,,,,助手,,倒快兩圈,,內圈 倒快兩圈 (助手)
H451,31/07/2024,游水,從化,,從化,,,,,,,,游水,,
H451,30/07/2024,游水,從化,,從化,,,,,,,,游水,,
H451,06/07/2024,出賽,沙田,草地,沙田 草地,1400M,,,,,鍾易禮,10/13,出賽,TT,1400M (鍾易禮) (10/13)
H451,06/07/2024,游水,沙田,,沙田,,,,,,,,游水,,
H451,06/07/2024,踱步,沙田,內圈,沙田 內圈,,,,,,助手,,快踱一圈,,內圈 快踱一圈 (助手)
H451,05/07/2024,游水,沙田,,沙田,,,,,,,,游水,,
H451,05/07/2024,踱步,沙田,內圈,沙田 內圈,,,,,,助手,,快踱一圈,,內圈 快踱一圈 (助手)
H451,04/07/2024,游水,沙田,,沙田,,,,,,,,游水,,
H451,04/07/2024,踱步,沙田,內圈,沙田 內圈,,,,,,助手,,倒快兩圈,,內圈 倒快兩圈 (助手)
H451,03/07/2024,游水,沙田,,沙田,,,,,,,,游水,,
H451,03/07/2024,快操,沙田,全天候,沙田 全天候,,51.8,51.8,28.8 23.0,,助手,,樂滿貫,,28.8 23.0 (51.8) (助手) 樂滿貫
H451,03/07/2024,踱步,沙田,飛機場,沙田 飛機場,,,,,,助手,,踱步,,飛機場 踱步 (助手)
H451,02/07/2024,游水,從化,,從化,,,,,,,,游水,,
H451,02/07/2024,踱步,從化,內圈,從化 內圈,,,,,,助手,,快踱一圈,,內圈 快踱一圈 (助手)
H451,01/07/2024,游水,從化,,從化,,,,,,,,游水,,
H451,01/07/2024,踱步,從化,內圈,從化 內圈,,,,,,助手,,倒快兩圈,,內圈 倒快兩圈 (助手)
H451,30/06/2024,游水,從化,,從化,,,,,,,,游水,,
H451,30/06/2024,踱步,從化,內圈,從化 內圈,,,,,,助手,,快踱一圈,,內圈 快踱一圈 (助手)
H451,29/06/2024,游水,從化,,從化,,,,,,,,游水,,
H451,29/06/2024,踱步,從化,內圈,從化 內圈,,,,,,助手,,快踱一圈,,內圈 快踱一圈 (助手)
H451,28/06/2024,游水,從化,,從化,,,,,,,,游水,,
H451,28/06/2024,踱步,從化,內圈,從化 內圈,,,,,,助手,,快踱一圈,,內圈 快踱一圈 (助手)
H451,27/06/2024,游水,從化,,從化,,,,,,,,游水,,
H451,27/06/2024,快操,從化,全天候,從化 全天候,,57.4,57.4,30.6 26.8,,助手,,快操,,30.6 26.8 (57.4) (助手)
H451,27/06/2024,踱步,從化,飛機場,從化 飛機場,,,,,,助手,,踱步,,飛機場 踱步 (助手)
H451,26/06/2024,游水,從化,,從化,,,,,,,,游水,,
H451,26/06/2024,踱步,從化,內圈,從化 內圈,,,,,,助手,,快踱一圈,,內圈 快踱一圈 (助手)
H451,25/06/2024,游水,從化,,從化,,,,,,,,游水,,
H451,25/06/2024,踱步,從化,內圈,從化 內圈,,,,,,助手,,快踱一圈,,內圈 快踱一圈 (助手)
H451,24/06/2024,游水,從化,,從化,,,,,,,,游水,,
H451,24/06/2024,踱步,從化,內圈,從化 內圈,,,,,,助手,,倒快兩圈,,內圈 倒快兩圈 (助手)
H451,23/06/2024,游水,從化,,從化,,,,,,,,游水,,
H451,23/06/2024,踱步,從化,內圈,從化 內圈,,,,,,助手,,快踱一圈,,內圈 快踱一圈 (助手)
H451,22/06/2024,游水,從化,,從化,,,,,,,,游水,,
H451,22/06/2024,踱步,從化,內圈,從化 內圈,,,,,,助手,,快踱一圈,,內圈 快踱一圈 (助手)
H451,21/06/2024,游水,從化,,從化,,,,,,,,游水,,
H451,21/06/2024,踱步,從化,內圈,從化 內圈,,,,,,助手,,快踱一圈,,內圈 快踱一圈 (助手)
H451,20/06/2024,試閘,從化,全天候,從化 全天候,1200M,1.11.03,71.03,25.4 22.5 23.1,狀元及第,哥拉利,,第1組,,第1組 (哥拉利) 1200M 狀元及第 25.4 22.5 23.1 (1.11.03)
H451,20/06/2024,游水,從化,,從化,,,,,,,,游水,,
H451,19/06/2024,游水,從化,,從化,,,,,,,,游水,,
H451,19/06/2024,踱步,從化,內圈,從化 內圈,,,,,,助手,,快踱一圈,,內圈 快踱一圈 (助手)
H451,18/06/2024,游水,從化,,從化,,,,,,,,游水,,
H451,18/06/2024,踱步,從化,內圈,從化 內圈,,,,,,助手,,快踱一圈,,內圈 快踱一圈 (助手)
H451,17/06/2024,游水,從化,,從化,,,,,,,,游水,,
H451,17/06/2024,快操,從化,全天候,從化 全天候,,57.9,57.9,30.4 27.5,,助手,,快操,,30.4 27.5 (57.9) (助手)
H451,17/06/2024,踱步,從化,飛機場,從化 飛機場,,,,,,助手,,踱步,,飛機場 踱步 (助手)
H451,16/06/2024,游水,從化,,從化,,,,,,,,游水,,
H451,16/06/2024,踱步,從化,內圈,從化 內圈,,,,,,助手,,快踱一圈,,內圈 快踱一圈 (助手)
H451,15/06/2024,游水,從化,,從化,,,,,,,,游水,,
H451,15/06/2024,踱步,從化,內圈,從化 內圈,,,,,,助手,,快踱一圈,,內圈 快踱一圈 (助手)
H451,14/06/2024,游水,從化,,從化,,,,,,,,游水,,
H451,14/06/2024,快操,從化,全天候,從化 全天候,,57.4,57.4,30.4 27.0,,助手,,快操,,30.4 27.0 (57.4) (助手)
H451,14/06/2024,踱步,從化,飛機場,從化 飛機場,,,,,,助手,,踱步,,飛機場 踱步 (助手)
H451,13/06/2024,游水,從化,,從化,,,,,,,,游水,,
H451,13/06/2024,踱步,從化,內圈,從化 內圈,,,,,,助手,,倒快兩圈,,內圈 倒快兩圈 (助手)
H451,12/06/2024,游水,從化,,從化,,,,,,,,游水,,
H451,12/06/2024,踱步,從化,內圈,從化 內圈,,,,,,助手,,快踱一圈,,內圈 快踱一圈 (助手)
H451,11/06/2024,游水,從化,,從化,,,,,,,,游水,,
H451,11/06/2024,踱步,從化,內圈,從化 內圈,,,,,,助手,,快踱一圈,,內圈 快踱一圈 (助手)
H451,10/06/2024,游水,從化,,從化,,,,,,,,游水,,
H451,10/06/2024,踱步,從化,內圈,從化 內圈,,,,,,助手,,倒快兩圈,,內圈 倒快兩圈 (助手)
H451,09/06/2024,游水,從化,,從化,,,,,,,,游水,,
H451,09/06/2024,踱步,從化,內圈,從化 內圈,,,,,,助手,,快踱一圈,,內圈 快踱一圈 (助手)
H451,08/06/2024,游水,從化,,從化,,,,,,,,游水,,
H451,08/06/2024,踱步,從化,內圈,從化 內圈,,,,,,助手,,快踱一圈,,內圈 快踱一圈 (助手)
H451,07/06/2024,游水,沙田,,沙田,,,,,,,,游水,,
H451,07/06/2024,踱步,沙田,內圈,沙田 內圈,,,,,,助手,,快踱一圈,,內圈 快踱一圈 (助手)
H451,06/06/2024,游水,沙田,,沙田,,,,,,,,游水,,
H451,05/06/2024,出賽,跑馬地,草地,跑馬地 草地,1650M,,,,,鍾易禮,11/11,出賽,TT,1650M (鍾易禮) (11/11)
H451,05/06/2024,游水,沙田,,沙田,,,,,,,,游水,,
H451,05/06/2024,踱步,沙田,內圈,沙田 內圈,,,,,,助手,,快踱一圈,,內圈 快踱一圈 (助手)
H451,04/06/2024,游水,沙田,,沙田,,,,,,,,游水,,
H451,04/06/2024,踱步,沙田,內圈,沙田 內圈,,,,,,助手,,快踱一圈,,內圈 快踱一圈 (助手)
H451,03/06/2024,游水,沙田,,沙田,,,,,,,,游水,,
H451,03/06/2024,踱步,沙田,內圈,沙田 內圈,,,,,,助手,,倒快兩圈,,內圈 倒快兩圈 (助手)
H451,02/06/2024,游水,沙田,,沙田,,,,,,,,游水,,
H451,02/06/2024,快操,沙田,全天候,沙田 全天候,,57.9,57.9,30.0 27.9,,助手,,快操,,30.0 27.9 (57.9) (助手)
H451,02/06/2024,踱步,沙田,飛機場,沙田 飛機場,,,,,,助手,,踱步,H,飛機場 踱步 (助手)
H451,01/06/2024,游水,從化,,從化,,,,,,,,游水,,
H451,01/06/2024,踱步,從化,內圈,從化 內圈,,,,,,助手,,快踱一圈,,內圈 快踱一圈 (助手)
H451,31/05/2024,游水,沙田,,沙田,,,,,,,,游水,,
H451,31/05/2024,踱步,從化,內圈,從化 內圈,,,,,,助手,,快踱一圈,,內圈 快踱一圈 (助手)
H451,30/05/2024,游水,從化,,從化,,,,,,,,游水,,
H451,30/05/2024,快操,從化,全天候,從化 全天候,,57.6,57.6,31.2 26.4,,助手,,快操,,31.2 26.4 (57.6) (助手)
H451,30/05/2024,踱步,從化,飛機場,從化 飛機場,,,,,,助手,,踱步,,飛機場 踱步 (助手)
H451,29/05/2024,游水,從化,,從化,,,,,,,,游水,,
H451,29/05/2024,踱步,從化,內圈,從化 內圈,,,,,,助手,,快踱一圈,,內圈 快踱一圈 (助手)
H451,28/05/2024,游水,從化,,從化,,,,,,,,游水,,
H451,28/05/2024,踱步,從化,內圈,從化 內圈,,,,,,助手,,快踱一圈,,內圈 快踱一圈 (助手)
H451,27/05/2024,游水,從化,,從化,,,,,,,,游水,,
H451,27/05/2024,踱步,從化,內圈,從化 內圈,,,,,,助手,,倒快兩圈,,內圈 倒快兩圈 (助手)
H451,26/05/2024,游水,從化,,從化,,,,,,,,游水,,
H451,26/05/2024,踱步,從化,內圈,從化 內圈,,,,,,助手,,快踱一圈,,內圈 快踱一圈 (助手)
H451,25/05/2024,游水,從化,,從化,,,,,,,,游水,,
H451,25/05/2024,踱步,從化,內圈,從化 內圈,,,,,,助手,,快踱一圈,,內圈 快踱一圈 (助手)
H451,24/05/2024,試閘,從化,草地,從化 草地,1200M,1.10.29,70.29,25.0 22.6 22.6,嘉應高昇,鍾易禮,,第5組,,第5組 (鍾易禮) 1200M 嘉應高昇 25.0 22.6 22.6 (1.10.29)
H451,24/05/2024,游水,從化,,從化,,,,,,,,游水,,
H451,23/05/2024,游水,從化,,從化,,,,,,,,游水,,
H451,23/05/2024,踱步,從化,內圈,從化 內圈,,,,,,助手,,倒快兩圈,,內圈 倒快兩圈 (助手)
H451,22/05/2024,游水,從化,,從化,,,,,,,,游水,,
H451,22/05/2024,踱步,從化,內圈,從化 內圈,,,,,,助手,,快踱一圈,,內圈 快踱一圈 (助手)
H451,21/05/2024,游水,從化,,從化,,,,,,,,游水,,
H451,21/05/2024,踱步,從化,內圈,從化 內圈,,,,,,助手,,快踱一圈,,內圈 快踱一圈 (助手)
H451,20/05/2024,游水,從化,,從化,,,,,,,,游水,,
H451,20/05/2024,踱步,從化,內圈,從化 內圈,,,,,,助手,,倒快兩圈,,內圈 倒快兩圈 (助手)
H451,19/05/2024,游水,從化,,從化,,,,,,,,游水,,
H451,19/05/2024,快操,從化,全天候,從化 全天候,,57.0,57.0,29.9 27.1,,助手,,快操,,29.9 27.1 (57.0) (助手)
H451,19/05/2024,踱步,從化,飛機場,從化 飛機場,,,,,,助手,,踱步,,飛機場 踱步 (助手)
H451,18/05/2024,游水,從化,,從化,,,,,,,,游水,,
H451,18/05/2024,踱步,從化,內圈,從化 內圈,,,,,,助手,,快踱一圈,,內圈 快踱一圈 (助手)
H451,17/05/2024,游水,從化,,從化,,,,,,,,游水,,
H451,17/05/2024,踱步,從化,內圈,從化 內圈,,,,,,助手,,快踱一圈,,內圈 快踱一圈 (助手)
H451,16/05/2024,游水,從化,,從化,,,,,,,,游水,,
H451,16/05/2024,踱步,從化,內圈,從化 內圈,,,,,,助手,,倒快兩圈,,內圈 倒快兩圈 (助手)
H451,15/05/2024,游水,從化,,從化,,,,,,,,游水,,
H451,15/05/2024,踱步,從化,內圈,從化 內圈,,,,,,助手,,快踱一圈,,內圈 快踱一圈 (助手)
H451,14/05/2024,游水,從化,,從化,,,,,,,,游水,,
H451,14/05/2024,踱步,從化,內圈,從化 內圈,,,,,,助手,,快踱一圈,,內圈 快踱一圈 (助手)
H451,13/05/2024,游水,從化,,從化,,,,,,,,游水,,
H451,13/05/2024,踱步,從化,內圈,從化 內圈,,,,,,助手,,倒快兩圈,,內圈 倒快兩圈 (助手)
H451,12/05/2024,游水,從化,,從化,,,,,,,,游水,,
H451,12/05/2024,踱步,從化,內圈,從化 內圈,,,,,,助手,,快踱一圈,,內圈 快踱一圈 (助手)
H451,11/05/2024,游水,從化,,從化,,,,,,,,游水,,
H451,11/05/2024,踱步,從化,內圈,從化 內圈,,,,,,助手,,快踱一圈,,內圈 快踱一圈 (助手)
H451,10/05/2024,踱步,沙田,內圈,沙田 內圈,,,,,,鍾易禮,,快踱一圈,,內圈 快踱一圈 (鍾易禮)
H451,09/05/2024,游水,沙田,,沙田,,,,,,,,游水,,
H451,08/05/2024,出賽,跑馬地,草地,跑馬地 草地,1650M,,,,,鍾易禮,1/10,出賽,TT,1650M (鍾易禮) (1/10)
H451,08/05/2024,游水,沙田,,沙田,,,,,,,,游水,,
H451,08/05/2024,踱步,沙田,內圈,沙田 內圈,,,,,,助手,,快踱一圈,,內圈 快踱一圈 (助手)
H451,07/05/2024,游水,沙田,,沙田,,,,,,,,游水,,
H451,06/05/2024,游水,沙田,,沙田,,,,,,,,游水,,
H451,06/05/2024,踱步,沙田,內圈,沙田 內圈,,,,,,助手,,倒快兩圈,,內圈 倒快兩圈 (助手)
H451,05/05/2024,游水,沙田,,沙田,,,,,,,,游水,,
H451,05/05/2024,踱步,沙田,內圈,沙田 內圈,,,,,,助手,,快踱一圈,,內圈 快踱一圈 (助手)
H451,04/05/2024,游水,沙田,,沙田,,,,,,,,游水,,
H451,04/05/2024,快操,沙田,泥閘,沙田 泥閘,,24.2,24.2,24.2,,鍾易禮,,八駿笑昇,,24.2 (24.2) (鍾易禮) 八駿笑昇
H451,04/05/2024,踱步,沙田,飛機場,沙田 飛機場,,,,,,鍾易禮,,踱步,,飛機場 踱步 (鍾易禮)
H451,03/05/2024,游水,沙田,,沙田,,,,,,,,游水,,
H451,03/05/2024,踱步,沙田,內圈,沙田 內圈,,,,,,鍾易禮,,快踱一圈,,內圈 快踱一圈 (鍾易禮)
H451,02/05/2024,游水,沙田,,沙田,,,,,,,,游水,,
H451,02/05/2024,踱步,沙田,內圈,沙田 內圈,,,,,,助手,,倒快兩圈,,內圈 倒快兩圈 (助手)
H451,01/05/2024,游水,沙田,,沙田,,,,,,,,游水,,
H451,01/05/2024,快操,沙田,全天候,沙田 全天候,,55.4,55.4,29.9 25.5,,助手,,快操,,29.9 25.5 (55.4) (助手)
H451,01/05/2024,踱步,沙田,飛機場,沙田 飛機場,,,,,,助手,,踱步,,飛機場 踱步 (助手)
H451,30/04/2024,游水,沙田,,沙田,,,,,,,,游水,,
H451,30/04/2024,踱步,沙田,內圈,沙田 內圈,,,,,,助手,,快踱一圈,H,內圈 快踱一圈 (助手)
H451,29/04/2024,游水,沙田,,沙田,,,,,,,,游水,,
H451,29/04/2024,踱步,沙田,內圈,沙田 內圈,,,,,,助手,,倒快兩圈,,內圈 倒快兩圈 (助手)
H451,28/04/2024,游水,沙田,,沙田,,,,,,,,游水,,
H451,28/04/2024,快操,沙田,全天候,沙田 全天候,,56.0,56.0,29.8 26.2,,鍾易禮,,快操,,29.8 26.2 (56.0) (鍾易禮)
H451,28/04/2024,踱步,沙田,飛機場,沙田 飛機場,,,,,,副練馬師,,踱步,H,飛機場 踱步 (副練馬師)
H451,27/04/2024,游水,沙田,,沙田,,,,,,,,游水,,
H451,27/04/2024,踱步,沙田,內圈,沙田 內圈,,,,,,助手,,快踱一圈,,內圈 快踱一圈 (助手)
H451,26/04/2024,游水,沙田,,沙田,,,,,,,,游水,,
H451,26/04/2024,踱步,沙田,內圈,沙田 內圈,,,,,,助手,,快踱一圈,,內圈 快踱一圈 (助手)
H451,25/04/2024,游水,沙田,,沙田,,,,,,,,游水,,
H451,25/04/2024,踱步,沙田,內圈,沙田 內圈,,,,,,助手,,倒快兩圈,,內圈 倒快兩圈 (助手)
H451,24/04/2024,游水,沙田,,沙田,,,,,,,,游水,,
H451,24/04/2024,快操,沙田,泥閘,沙田 泥閘,,22.0,22.0,22.0,,鍾易禮,,快操,,22.0 (22.0) (鍾易禮) (伴跳馬)
H451,24/04/2024,踱步,沙田,飛機場,沙田 飛機場,,,,,,鍾易禮,,踱步,H,飛機場 踱步 (鍾易禮)
H451,23/04/2024,游水,沙田,,沙田,,,,,,,,游水,,
H451,23/04/2024,踱步,沙田,內圈,沙田 內圈,,,,,,助手,,快踱一圈,,內圈 快踱一圈 (助手)
H451,22/04/2024,游水,沙田,,沙田,,,,,,,,游水,,
H451,22/04/2024,踱步,沙田,內圈,沙田 內圈,,,,,,助手,,倒快兩圈,,內圈 倒快兩圈 (助手)
H451,21/04/2024,游水,沙田,,沙田,,,,,,,,游水,,
H451,21/04/2024,快操,沙田,全天候,沙田 全天候,,56.3,56.3,30.1 26.2,,助手,,快操,,30.1 26.2 (56.3) (助手)
H451,21/04/2024,踱步,沙田,飛機場,沙田 飛機場,,,,,,助手,,踱步,,飛機場 踱步 (助手)
H451,20/04/2024,游水,沙田,,沙田,,,,,,,,游水,,
H451,20/04/2024,踱步,沙田,內圈,沙田 內圈,,,,,,鍾易禮,,快踱一圈,,內圈 快踱一圈 (鍾易禮)
H451,19/04/2024,游水,沙田,,沙田,,,,,,,,游水,,
H451,19/04/2024,踱步,沙田,內圈,沙田 內圈,,,,,,助手,,快踱一圈,,內圈 快踱一圈 (助手)
H451,18/04/2024,游水,沙田,,沙田,,,,,,,,游水,,
H451,18/04/2024,踱步,沙田,內圈,沙田 內圈,,,,,,助手,,倒快兩圈,,內圈 倒快兩圈 (助手)
H451,17/04/2024,游水,沙田,,沙田,,,,,,,,游水,,
H451,17/04/2024,踱步,沙田,內圈,沙田 內圈,,,,,,助手,,快踱一圈,,內圈 快踱一圈 (助手)
H451,16/04/2024,游水,沙田,,沙田,,,,,,,,游水,,
H451,16/04/2024,踱步,沙田,內圈,沙田 內圈,,,,,,鍾易禮,,快踱一圈,,內圈 快踱一圈 (鍾易禮)
H451,15/04/2024,游水,沙田,,沙田,,,,,,,,游水,,
H451,15/04/2024,踱步,沙田,內圈,沙田 內圈,,,,,,鍾易禮,,倒快兩圈,,內圈 倒快兩圈 (鍾易禮)
H451,14/04/2024,游水,沙田,,沙田,,,,,,,,游水,,
H451,14/04/2024,踱步,沙田,內圈,沙田 內圈,,,,,,鍾易禮,,快踱一圈,,內圈 快踱一圈 (鍾易禮)
H451,13/04/2024,游水,沙田,,沙田,,,,,,,,游水,,
H451,13/04/2024,踱步,沙田,內圈,沙田 內圈,,,,,,助手,,快踱一圈,,內圈 快踱一圈 (助手)
H451,12/04/2024,游水,沙田,,沙田,,,,,,,,游水,,
H451,12/04/2024,踱步,沙田,內圈,沙田 內圈,,,,,,助手,,快踱一圈,,內圈 快踱一圈 (助手)
H451,11/04/2024,游水,沙田,,沙田,,,,,,,,游水,,
H451,10/04/2024,出賽,跑馬地,草地,跑馬地 草地,1650M,,,,,鍾易禮,11/12,出賽,TT,1650M (鍾易禮) (11/12)
H451,10/04/2024,游水,沙田,,沙田,,,,,,,,游水,,
H451,10/04/2024,踱步,沙田,內圈,沙田 內圈,,,,,,助手,,快踱一圈,,內圈 快踱一圈 (助手)
H451,09/04/2024,游水,沙田,,沙田,,,,,,,,游水,,
H451,09/04/2024,踱步,沙田,內圈,沙田 內圈,,,,,,助手,,快踱一圈,,內圈 快踱一圈 (助手)
H451,08/04/2024,游水,沙田,,沙田,,,,,,,,游水,,
H451,08/04/2024,踱步,沙田,內圈,沙田 內圈,,,,,,鍾易禮,,倒快兩圈,,內圈 倒快兩圈 (鍾易禮)
H451,07/04/2024,游水,沙田,,沙田,,,,,,,,游水,,
H451,07/04/2024,快操,沙田,全天候,沙田 全天候,,55.3,55.3,30.0 25.3,,鍾易禮,,快操,,30.0 25.3 (55.3) (鍾易禮)
H451,07/04/2024,踱步,沙田,飛機場,沙田 飛機場,,,,,,鍾易禮,,踱步,,飛機場 踱步 (鍾易禮)
H451,06/04/2024,踱步,從化,內圈,從化 內圈,,,,,,助手,,快踱一圈,,內圈 快踱一圈 (助手)
H451,05/04/2024,踱步,從化,內圈,從化 內圈,,,,,,助手,,快踱一圈,,內圈 快踱一圈 (助手)
H451,04/04/2024,踱步,從化,內圈,從化 內圈,,,,,,助手,,倒快兩圈,,內圈 倒快兩圈 (助手)
H451,03/04/2024,快操,從化,全天候,從化 全天候,,58.4,58.4,30.2 28.2,,助手,,快操,,30.2 28.2 (58.4) (助手)
H451,03/04/2024,踱步,從化,飛機場,從化 飛機場,,,,,,助手,,踱步,,飛機場 踱步 (助手)
H451,02/04/2024,踱步,從化,內圈,從化 內圈,,,,,,助手,,快踱一圈,,內圈 快踱一圈 (助手)
H451,01/04/2024,踱步,從化,內圈,從化 內圈,,,,,,助手,,倒快兩圈,,內圈 倒快兩圈 (助手)
H451,31/03/2024,快操,從化,全天候,從化 全天候,,57.1,57.1,29.9 27.2,,助手,,快操,,29.9 27.2 (57.1) (助手)
H451,31/03/2024,踱步,從化,飛機場,從化 飛機場,,,,,,助手,,踱步,,飛機場 踱步 (助手)
H451,30/03/2024,游水,從化,,從化,,,,,,,,游水,,
H451,30/03/2024,踱步,從化,內圈,從化 內圈,,,,,,助手,,快踱一圈,,內圈 快踱一圈 (助手)
H451,29/03/2024,游水,從化,,從化,,,,,,,,游水,,
H451,29/03/2024,踱步,從化,內圈,從化 內圈,,,,,,助手,,快踱一圈,,內圈 快踱一圈 (助手)
H451,28/03/2024,游水,從化,,從化,,,,,,,,游水,,
H451,28/03/2024,踱步,從化,內圈,從化 內圈,,,,,,助手,,倒快兩圈,,內圈 倒快兩圈 (助手)
H451,27/03/2024,游水,從化,,從化,,,,,,,,游水,,
H451,27/03/2024,快操,從化,全天候,從化 全天候,,58.6,58.6,30.9 27.7,,助手,,快操,,30.9 27.7 (58.6) (助手)
H451,27/03/2024,踱步,從化,飛機場,從化 飛機場,,,,,,助手,,踱步,,飛機場 踱步 (助手)
H451,26/03/2024,游水,從化,,從化,,,,,,,,游水,,
H451,26/03/2024,踱步,從化,內圈,從化 內圈,,,,,,助手,,快踱一圈,,內圈 快踱一圈 (助手)
H451,25/03/2024,游水,從化,,從化,,,,,,,,游水,,
H451,25/03/2024,踱步,從化,內圈,從化 內圈,,,,,,助手,,倒快兩圈,,內圈 倒快兩圈 (助手)
H451,24/03/2024,游水,從化,,從化,,,,,,,,游水,,
H451,24/03/2024,踱步,從化,內圈,從化 內圈,,,,,,助手,,快踱一圈,,內圈 快踱一圈 (助手)
H451,23/03/2024,游水,從化,,從化,,,,,,,,游水,,
H451,23/03/2024,踱步,從化,內圈,從化 內圈,,,,,,助手,,快踱一圈,,內圈 快踱一圈 (助手)
H451,22/03/2024,踱步,沙田,內圈,沙田 內圈,,,,,,鍾易禮,,快踱一圈,,內圈 快踱一圈 (鍾易禮)
H451,21/03/2024,游水,沙田,,沙田,,,,,,,,游水,,
H451,20/03/2024,出賽,跑馬地,草地,跑馬地 草地,1650M,,,,,鍾易禮,2/12,出賽,TT,1650M (鍾易禮) (2/12)
H451,20/03/2024,游水,沙田,,沙田,,,,,,,,游水,,
H451,20/03/2024,踱步,沙田,內圈,沙田 內圈,,,,,,助手,,快踱一圈,,內圈 快踱一圈 (助手)
H451,19/03/2024,游水,沙田,,沙田,,,,,,,,游水,,
H451,19/03/2024,踱步,沙田,內圈,沙田 內圈,,,,,,鍾易禮,,快踱一圈,,內圈 快踱一圈 (鍾易禮)
H451,18/03/2024,游水,沙田,,沙田,,,,,,,,游水,,
H451,18/03/2024,踱步,沙田,內圈,沙田 內圈,,,,,,助手,,倒快兩圈,,內圈 倒快兩圈 (助手)
H451,17/03/2024,游水,沙田,,沙田,,,,,,,,游水,,
H451,17/03/2024,快操,沙田,全天候,沙田 全天候,,56.9,56.9,30.5 26.4,,鍾易禮,,快操,,30.5 26.4 (56.9) (鍾易禮)
H451,17/03/2024,踱步,沙田,飛機場,沙田 飛機場,,,,,,鍾易禮,,踱步,,飛機場 踱步 (鍾易禮)
H451,16/03/2024,游水,沙田,,沙田,,,,,,,,游水,,
H451,16/03/2024,踱步,沙田,內圈,沙田 內圈,,,,,,鍾易禮,,快踱一圈,,內圈 快踱一圈 (鍾易禮)
H451,15/03/2024,游水,沙田,,沙田,,,,,,,,游水,,
H451,15/03/2024,踱步,沙田,內圈,沙田 內圈,,,,,,助手,,快踱一圈,,內圈 快踱一圈 (助手)
H451,14/03/2024,游水,沙田,,沙田,,,,,,,,游水,,
H451,14/03/2024,踱步,沙田,內圈,沙田 內圈,,,,,,鍾易禮,,倒快兩圈,,內圈 倒快兩圈 (鍾易禮)
H451,13/03/2024,游水,沙田,,沙田,,,,,,,,游水,,
H451,13/03/2024,快操,沙田,全天候,沙田 全天候,,31.7,31.7,31.7,,鍾易禮,,快操,,31.7 (31.7) (鍾易禮)
H451,13/03/2024,踱步,沙田,飛機場,沙田 飛機場,,,,,,鍾易禮,,踱步,,飛機場 踱步 (鍾易禮)
H451,12/03/2024,踱步,從化,內圈,從化 內圈,,,,,,助手,,快踱一圈,,內圈 快踱一圈 (助手)
H451,11/03/2024,游水,從化,,從化,,,,,,,,游水,,
H451,11/03/2024,踱步,從化,內圈,從化 內圈,,,,,,助手,,倒快兩圈,,內圈 倒快兩圈 (助手)
H451,10/03/2024,游水,從化,,從化,,,,,,,,游水,,
H451,10/03/2024,踱步,從化,內圈,從化 內圈,,,,,,助手,,快踱一圈,,內圈 快踱一圈 (助手)
H451,09/03/2024,游水,從化,,從化,,,,,,,,游水,,
H451,09/03/2024,踱步,從化,內圈,從化 內圈,,,,,,助手,,快踱一圈,,內圈 快踱一圈 (助手)
H451,08/03/2024,試閘,從化,草地,從化 草地,1200M,1.12.49,72.49,24.9 23.7 23.8,開心勇駒,鍾易禮,,第7組,,第7組 (鍾易禮) 1200M 開心勇駒 24.9 23.7 23.8 (1.12.49)
H451,08/03/2024,游水,從化,,從化,,,,,,,,游水,,
H451,07/03/2024,游水,從化,,從化,,,,,,,,游水,,
H451,07/03/2024,踱步,從化,內圈,從化 內圈,,,,,,助手,,倒快兩圈,,內圈 倒快兩圈 (助手)
H451,06/03/2024,游水,從化,,從化,,,,,,,,游水,,
H451,06/03/2024,踱步,從化,內圈,從化 內圈,,,,,,助手,,快踱一圈,,內圈 快踱一圈 (助手)
H451,05/03/2024,游水,從化,,從化,,,,,,,,游水,,
H451,05/03/2024,快操,從化,全天候,從化 全天候,,56.4,56.4,30.3 26.1,,助手,,快操,,30.3 26.1 (56.4) (助手)
H451,05/03/2024,踱步,從化,飛機場,從化 飛機場,,,,,,助手,,踱步,,飛機場 踱步 (助手)
H451,04/03/2024,游水,從化,,從化,,,,,,,,游水,,
H451,04/03/2024,踱步,從化,內圈,從化 內圈,,,,,,助手,,倒快兩圈,,內圈 倒快兩圈 (助手)
H451,03/03/2024,游水,從化,,從化,,,,,,,,游水,,
H451,03/03/2024,踱步,從化,內圈,從化 內圈,,,,,,助手,,快踱一圈,,內圈 快踱一圈 (助手)
H451,02/03/2024,游水,從化,,從化,,,,,,,,游水,,
H451,02/03/2024,踱步,從化,內圈,從化 內圈,,,,,,助手,,快踱一圈,,內圈 快踱一圈 (助手)
H451,01/03/2024,游水,從化,,從化,,,,,,,,游水,,
H451,01/03/2024,踱步,從化,內圈,從化 內圈,,,,,,助手,,快踱一圈,,內圈 快踱一圈 (助手)
H451,29/02/2024,游水,從化,,從化,,,,,,,,游水,,
H451,29/02/2024,踱步,從化,內圈,從化 內圈,,,,,,助手,,倒快兩圈,,內圈 倒快兩圈 (助手)
H451,28/02/2024,快操,沙田,全天候,沙田 全天候,,57.8,57.8,31.1 26.7,,助手,,快操,,31.1 26.7 (57.8) (助手)
H451,28/02/2024,踱步,沙田,飛機場,沙田 飛機場,,,,,,助手,,踱步,,飛機場 踱步 (助手)
H451,27/02/2024,游水,沙田,,沙田,,,,,,,,游水,,
H451,27/02/2024,踱步,沙田,內圈,沙田 內圈,,,,,,助手,,快踱一圈,,內圈 快踱一圈 (助手)
H451,26/02/2024,游水,沙田,,沙田,,,,,,,,游水,,
H451,26/02/2024,踱步,沙田,內圈,沙田 內圈,,,,,,助手,,倒快兩圈,,內圈 倒快兩圈 (助手)
H451,25/02/2024,游水,沙田,,沙田,,,,,,,,游水,,
H451,25/02/2024,踱步,沙田,內圈,沙田 內圈,,,,,,助手,,快踱一圈,,內圈 快踱一圈 (助手)
H451,24/02/2024,游水,沙田,,沙田,,,,,,,,游水,,
H451,24/02/2024,踱步,沙田,內圈,沙田 內圈,,,,,,助手,,快踱一圈,,內圈 快踱一圈 (助手)
H451,23/02/2024,游水,沙田,,沙田,,,,,,,,游水,,
H451,22/02/2024,游水,沙田,,沙田,,,,,,,,游水,,
H451,21/02/2024,出賽,跑馬地,草地,跑馬地 草地,1650M,,,,,鍾易禮,2/12,出賽,TT,1650M (鍾易禮) (2/12)
H451,21/02/2024,游水,沙田,,沙田,,,,,,,,游水,,
H451,21/02/2024,踱步,沙田,內圈,沙田 內圈,,,,,,鍾易禮,,快踱一圈,,內圈 快踱一圈 (鍾易禮)
H451,20/02/2024,游水,沙田,,沙田,,,,,,,,游水,,
H451,20/02/2024,踱步,沙田,內圈,沙田 內圈,,,,,,鍾易禮,,快踱一圈,,內圈 快踱一圈 (鍾易禮)
H451,19/02/2024,游水,沙田,,沙田,,,,,,,,游水,,
H451,19/02/2024,踱步,沙田,內圈,沙田 內圈,,,,,,鍾易禮,,倒快兩圈,,內圈 倒快兩圈 (鍾易禮)
H451,18/02/2024,快操,沙田,全天候,沙田 全天候,,56.2,56.2,30.6 25.6,,助手,,快操,,30.6 25.6 (56.2) (助手)
H451,18/02/2024,踱步,沙田,飛機場,沙田 飛機場,,,,,,助手,,踱步,,飛機場 踱步 (助手)
H451,17/02/2024,游水,沙田,,沙田,,,,,,,,游水,,
H451,17/02/2024,踱步,沙田,內圈,沙田 內圈,,,,,,助手,,快踱一圈,,內圈 快踱一圈 (助手)
H451,16/02/2024,游水,沙田,,沙田,,,,,,,,游水,,
H451,16/02/2024,踱步,沙田,內圈,沙田 內圈,,,,,,助手,,快踱一圈,,內圈 快踱一圈 (助手)
H451,15/02/2024,游水,沙田,,沙田,,,,,,,,游水,,
H451,15/02/2024,踱步,沙田,內圈,沙田 內圈,,,,,,助手,,倒快兩圈,,內圈 倒快兩圈 (助手)
H451,14/02/2024,游水,沙田,,沙田,,,,,,,,游水,,
H451,14/02/2024,快操,沙田,全天候,沙田 全天候,,57.4,57.4,30.0 27.4,,助手,,快操,,30.0 27.4 (57.4) (助手)
H451,14/02/2024,踱步,沙田,飛機場,沙田 飛機場,,,,,,助手,,踱步,,飛機場 踱步 (助手)
H451,13/02/2024,游水,沙田,,沙田,,,,,,,,游水,,
H451,13/02/2024,踱步,沙田,內圈,沙田 內圈,,,,,,鍾易禮,,快踱一圈,,內圈 快踱一圈 (鍾易禮)
H451,12/02/2024,踱步,沙田,內圈,沙田 內圈,,,,,,鍾易禮,,倒快兩圈,,內圈 倒快兩圈 (鍾易禮)
H451,11/02/2024,游水,沙田,,沙田,,,,,,,,游水,,
H451,11/02/2024,踱步,沙田,內圈,沙田 內圈,,,,,,鍾易禮,,快踱一圈,,內圈 快踱一圈 (鍾易禮)
H451,09/02/2024,游水,沙田,,沙田,,,,,,,,游水,,
H451,09/02/2024,踱步,沙田,內圈,沙田 內圈,,,,,,助手,,快踱一圈,,內圈 快踱一圈 (助手)
H451,07/02/2024,出賽,跑馬地,草地,跑馬地 草地,1650M,,,,,鍾易禮,1/12,出賽,TT,1650M (鍾易禮) (1/12)
H451,07/02/2024,踱步,沙田,內圈,沙田 內圈,,,,,,鍾易禮,,快踱一圈,,內圈 快踱一圈 (鍾易禮)
H451,06/02/2024,踱步,沙田,內圈,沙田 內圈,,,,,,助手,,快踱一圈,,內圈 快踱一圈 (助手)
H451,05/02/2024,踱步,沙田,內圈,沙田 內圈,,,,,,鍾易禮,,倒快兩圈,,內圈 倒快兩圈 (鍾易禮)
H451,04/02/2024,快操,沙田,全天候,沙田 全天候,,56.3,56.3,30.1 26.2,,助手,,快操,,30.1 26.2 (56.3) (助手)
H451,04/02/2024,踱步,沙田,飛機場,沙田 飛機場,,,,,,助手,,踱步,,飛機場 踱步 (助手)
H451,03/02/2024,踱步,沙田,內圈,沙田 內圈,,,,,,鍾易禮,,快踱一圈,,內圈 快踱一圈 (鍾易禮)
H451,02/02/2024,踱步,沙田,內圈,沙田 內圈,,,,,,助手,,快踱一圈,,內圈 快踱一圈 (助手)
H451,01/02/2024,踱步,沙田,內圈,沙田 內圈,,,,,,助手,,倒快兩圈,,內圈 倒快兩圈 (助手)
H451,31/01/2024,踱步,沙田,內圈,沙田 內圈,,,,,,助手,,快踱一圈,,內圈 快踱一圈 (助手)
H451,30/01/2024,踱步,沙田,內圈,沙田 內圈,,,,,,助手,,快踱一圈,,內圈 快踱一圈 (助手)
H451,29/01/2024,踱步,沙田,內圈,沙田 內圈,,,,,,助手,,倒快兩圈,H,內圈 倒快兩圈 (助手)
H451,28/01/2024,踱步,沙田,內圈,沙田 內圈,,,,,,助手,,快踱一圈,,內圈 快踱一圈 (助手)
H451,27/01/2024,踱步,沙田,內圈,沙田 內圈,,,,,,助手,,快踱一圈,,內圈 快踱一圈 (助手)
H451,26/01/2024,試閘,沙田,全天候,沙田 全天候,1200M,1.11.03,71.03,25.2 22.5 23.3,四季醒,鍾易禮,,第1組,,第1組 (鍾易禮) 1200M 四季醒 25.2 22.5 23.3 (1.11.03)
H451,25/01/2024,游水,沙田,,沙田,,,,,,,,游水,,
H451,25/01/2024,踱步,沙田,內圈,沙田 內圈,,,,,,鍾易禮,,倒快兩圈,,內圈 倒快兩圈 (鍾易禮)
H451,24/01/2024,游水,沙田,,沙田,,,,,,,,游水,,
H451,24/01/2024,踱步,沙田,內圈,沙田 內圈,,,,,,助手,,快踱一圈,,內圈 快踱一圈 (助手)
H451,23/01/2024,游水,沙田,,沙田,,,,,,,,游水,,
H451,23/01/2024,快操,沙田,全天候,沙田 全天候,,56.0,56.0,28.8 27.2,,鍾易禮,,快操,,28.8 27.2 (56.0) (鍾易禮)
H451,23/01/2024,踱步,沙田,飛機場,沙田 飛機場,,,,,,鍾易禮,,踱步,,飛機場 踱步 (鍾易禮)
H451,22/01/2024,游水,沙田,,沙田,,,,,,,,游水,,
H451,22/01/2024,踱步,沙田,內圈,沙田 內圈,,,,,,助手,,倒快兩圈,,內圈 倒快兩圈 (助手)
H451,21/01/2024,踱步,沙田,內圈,沙田 內圈,,,,,,助手,,快踱一圈,H,內圈 快踱一圈 (助手)
H451,20/01/2024,游水,沙田,,沙田,,,,,,,,游水,,
H451,19/01/2024,游水,沙田,,沙田,,,,,,,,游水,,
H451,19/01/2024,踱步,沙田,內圈,沙田 內圈,,,,,,鍾易禮,,快踱一圈,,內圈 快踱一圈 (鍾易禮)
H451,18/01/2024,游水,沙田,,沙田,,,,,,,,游水,,
H451,18/01/2024,踱步,沙田,內圈,沙田 內圈,,,,,,鍾易禮,,倒快兩圈,H,內圈 倒快兩圈 (鍾易禮)
H451,17/01/2024,游水,沙田,,沙田,,,,,,,,游水,,
H451,17/01/2024,快操,沙田,全天候,沙田 全天候,,56.1,56.1,29.3 26.8,,鍾易禮,,快操,,29.3 26.8 (56.1) (鍾易禮)
H451,17/01/2024,踱步,沙田,飛機場,沙田 飛機場,,,,,,鍾易禮,,踱步,H,飛機場 踱步 (鍾易禮)
H451,16/01/2024,游水,沙田,,沙田,,,,,,,,游水,,
H451,16/01/2024,踱步,沙田,內圈,沙田 內圈,,,,,,鍾易禮,,快踱一圈,,內圈 快踱一圈 (鍾易禮)
H451,15/01/2024,游水,沙田,,沙田,,,,,,,,游水,,
H451,15/01/2024,踱步,沙田,內圈,沙田 內圈,,,,,,鍾易禮,,倒快兩圈,,內圈 倒快兩圈 (鍾易禮)
H451,14/01/2024,游水,沙田,,沙田,,,,,,,,游水,,
H451,14/01/2024,踱步,沙田,內圈,沙田 內圈,,,,,,助手,,快踱一圈,,內圈 快踱一圈 (助手)
H451,13/01/2024,踱步,沙田,內圈,沙田 內圈,,,,,,鍾易禮,,快踱一圈,,內圈 快踱一圈 (鍾易禮)
H451,12/01/2024,游水,沙田,,沙田,,,,,,,,游水,,
H451,12/01/2024,踱步,沙田,內圈,沙田 內圈,,,,,,鍾易禮,,快踱一圈,,內圈 快踱一圈 (鍾易禮)
H451,11/01/2024,游水,沙田,,沙田,,,,,,,,游水,,
H451,10/01/2024,出賽,跑馬地,草地,跑馬地 草地,1650M,,,,,鍾易禮,2/10,出賽,TT,1650M (鍾易禮) (2/10)
H451,10/01/2024,踱步,沙田,內圈,沙田 內圈,,,,,,助手,,快踱一圈,,內圈 快踱一圈 (助手)
H451,09/01/2024,游水,沙田,,沙田,,,,,,,,游水,,
H451,09/01/2024,踱步,沙田,內圈,沙田 內圈,,,,,,助手,,快踱一圈,,內圈 快踱一圈 (助手)
H451,08/01/2024,游水,沙田,,沙田,,,,,,,,游水,,
H451,08/01/2024,踱步,沙田,內圈,沙田 內圈,,,,,,助手,,倒快兩圈,,內圈 倒快兩圈 (助手)
H451,07/01/2024,快操,沙田,全天候,沙田 全天候,,56.5,56.5,31.4 25.1,,助手,,快操,,31.4 25.1 (56.5) (助手)
H451,06/01/2024,游水,沙田,,沙田,,,,,,,,游水,,
H451,06/01/2024,踱步,沙田,內圈,沙田 內圈,,,,,,助手,,快踱一圈,,內圈 快踱一圈 (助手)
H451,05/01/2024,游水,沙田,,沙田,,,,,,,,游水,,
H451,05/01/2024,踱步,沙田,內圈,沙田 內圈,,,,,,助手,,快踱一圈,,內圈 快踱一圈 (助手)
H451,04/01/2024,快操,從化,全天候,從化 全天候,,57.3,57.3,30.4 26.9,,助手,,快操,,30.4 26.9 (57.3) (助手)
H451,04/01/2024,踱步,從化,飛機場,從化 飛機場,,,,,,助手,,踱步,,飛機場 踱步 (助手)
H451,03/01/2024,游水,從化,,從化,,,,,,,,游水,,
H451,03/01/2024,踱步,從化,內圈,從化 內圈,,,,,,助手,,快踱一圈,,內圈 快踱一圈 (助手)
H451,02/01/2024,游水,從化,,從化,,,,,,,,游水,,
H451,02/01/2024,踱步,從化,內圈,從化 內圈,,,,,,助手,,快踱一圈,,內圈 快踱一圈 (助手)
H451,01/01/2024,游水,從化,,從化,,,,,,,,游水,,
H451,01/01/2024,踱步,從化,內圈,從化 內圈,,,,,,助手,,倒快兩圈,,內圈 倒快兩圈 (助手)
H451,31/12/2023,游水,從化,,從化,,,,,,,,游水,,
H451,31/12/2023,快操,從化,全天候,從化 全天候,,56.8,56.8,30.2 26.6,,助手,,快操,,30.2 26.6 (56.8) (助手)
H451,31/12/2023,踱步,從化,飛機場,從化 飛機場,,,,,,助手,,踱步,,飛機場 踱步 (助手)
H451,30/12/2023,游水,從化,,從化,,,,,,,,游水,,
H451,30/12/2023,踱步,從化,內圈,從化 內圈,,,,,,助手,,快踱一圈,,內圈 快踱一圈 (助手)
H451,29/12/2023,游水,從化,,從化,,,,,,,,游水,,
H451,29/12/2023,踱步,從化,內圈,從化 內圈,,,,,,助手,,快踱一圈,,內圈 快踱一圈 (助手)
H451,28/12/2023,游水,從化,,從化,,,,,,,,游水,,
H451,28/12/2023,踱步,從化,內圈,從化 內圈,,,,,,助手,,倒快兩圈,,內圈 倒快兩圈 (助手)
H451,27/12/2023,游水,從化,,從化,,,,,,,,游水,,
H451,27/12/2023,踱步,從化,內圈,從化 內圈,,,,,,助手,,快踱一圈,,內圈 快踱一圈 (助手)
H451,26/12/2023,游水,從化,,從化,,,,,,,,游水,,
H451,26/12/2023,踱步,從化,內圈,從化 內圈,,,,,,助手,,快踱一圈,,內圈 快踱一圈 (助手)
H451,25/12/2023,踱步,沙田,內圈,沙田 內圈,,,,,,助手,,倒快兩圈,,內圈 倒快兩圈 (助手)
H451,23/12/2023,出賽,沙田,全天候,沙田 全天候,1650M,,,,,鍾易禮,11/14,出賽,TT,1650M (鍾易禮) (11/14)
H451,23/12/2023,踱步,沙田,內圈,沙田 內圈,,,,,,助手,,快踱一圈,H,內圈 快踱一圈 (助手)
H451,22/12/2023,游水,沙田,,沙田,,,,,,,,游水,,
H451,22/12/2023,踱步,沙田,內圈,沙田 內圈,,,,,,助手,,快踱一圈,,內圈 快踱一圈 (助手)
H451,21/12/2023,游水,沙田,,沙田,,,,,,,,游水,,
H451,21/12/2023,踱步,沙田,內圈,沙田 內圈,,,,,,助手,,倒快兩圈,,內圈 倒快兩圈 (助手)
H451,20/12/2023,游水,沙田,,沙田,,,,,,,,游水,,
H451,20/12/2023,快操,沙田,全天候,沙田 全天候,,57.2,57.2,30.3 26.9,,助手,,快操,,30.3 26.9 (57.2) (助手)
H451,20/12/2023,踱步,沙田,飛機場,沙田 飛機場,,,,,,助手,,踱步,,飛機場 踱步 (助手)
H451,19/12/2023,游水,沙田,,沙田,,,,,,,,游水,,
H451,19/12/2023,踱步,從化,內圈,從化 內圈,,,,,,助手,,快踱一圈,,內圈 快踱一圈 (助手)
H451,18/12/2023,游水,從化,,從化,,,,,,,,游水,,
H451,18/12/2023,踱步,從化,內圈,從化 內圈,,,,,,助手,,倒快兩圈,,內圈 倒快兩圈 (助手)
H451,17/12/2023,游水,從化,,從化,,,,,,,,游水,,
H451,17/12/2023,快操,從化,全天候,從化 全天候,,58.4,58.4,31.2 27.2,,助手,,快操,,31.2 27.2 (58.4) (助手)
H451,17/12/2023,踱步,從化,飛機場,從化 飛機場,,,,,,助手,,踱步,,飛機場 踱步 (助手)
H451,16/12/2023,踱步,從化,內圈,從化 內圈,,,,,,助手,,快踱一圈,,內圈 快踱一圈 (助手)
H451,15/12/2023,踱步,從化,內圈,從化 內圈,,,,,,助手,,快踱一圈,,內圈 快踱一圈 (助手)
H451,14/12/2023,踱步,從化,內圈,從化 內圈,,,,,,助手,,倒快兩圈,,內圈 倒快兩圈 (助手)
H451,13/12/2023,快操,從化,全天候,從化 全天候,,57.5,57.5,30.5 27.0,,助手,,快操,,30.5 27.0 (57.5) (助手)
H451,13/12/2023,踱步,從化,飛機場,從化 飛機場,,,,,,助手,,踱步,,飛機場 踱步 (助手)
H451,12/12/2023,踱步,從化,內圈,從化 內圈,,,,,,助手,,快踱一圈,,內圈 快踱一圈 (助手)
H451,11/12/2023,踱步,從化,內圈,從化 內圈,,,,,,助手,,倒快兩圈,,內圈 倒快兩圈 (助手)
H451,10/12/2023,快操,從化,全天候,從化 全天候,,57.4,57.4,30.7 26.7,,助手,,快操,,30.7 26.7 (57.4) (助手)
H451,10/12/2023,踱步,從化,飛機場,從化 飛機場,,,,,,助手,,踱步,,飛機場 踱步 (助手)
H451,09/12/2023,踱步,從化,內圈,從化 內圈,,,,,,助手,,快踱一圈,,內圈 快踱一圈 (助手)
H451,08/12/2023,踱步,從化,內圈,從化 內圈,,,,,,助手,,快踱一圈,,內圈 快踱一圈 (助手)
H451,07/12/2023,踱步,從化,內圈,從化 內圈,,,,,,助手,,倒快兩圈,,內圈 倒快兩圈 (助手)
H451,06/12/2023,踱步,沙田,內圈,沙田 內圈,,,,,,助手,,快踱一圈,,內圈 快踱一圈 (助手)
H451,05/12/2023,踱步,沙田,內圈,沙田 內圈,,,,,,助手,,快踱一圈,,內圈 快踱一圈 (助手)
H451,03/12/2023,出賽,沙田,全天候,沙田 全天候,1650M,,,,,鍾易禮,11/11,出賽,TT,1650M (鍾易禮) (11/11)
H451,03/12/2023,踱步,沙田,內圈,沙田 內圈,,,,,,助手,,快踱一圈,,內圈 快踱一圈 (助手)
H451,02/12/2023,踱步,沙田,內圈,沙田 內圈,,,,,,助手,,快踱一圈,,內圈 快踱一圈 (助手)
H451,01/12/2023,踱步,沙田,內圈,沙田 內圈,,,,,,助手,,快踱一圈,,內圈 快踱一圈 (助手)
H451,30/11/2023,快操,沙田,全天候,沙田 全天候,,55.4,55.4,28.1 27.3,,助手,,快操,,28.1 27.3 (55.4) (助手)
H451,30/11/2023,踱步,沙田,飛機場,沙田 飛機場,,,,,,助手,,踱步,,飛機場 踱步 (助手)
H451,29/11/2023,踱步,沙田,內圈,沙田 內圈,,,,,,助手,,快踱一圈,,內圈 快踱一圈 (助手)
H451,28/11/2023,踱步,從化,內圈,從化 內圈,,,,,,助手,,快踱一圈,,內圈 快踱一圈 (助手)
H451,27/11/2023,踱步,從化,內圈,從化 內圈,,,,,,助手,,倒快兩圈,,內圈 倒快兩圈 (助手)
H451,26/11/2023,快操,從化,全天候,從化 全天候,,58.7,58.7,30.9 27.8,,助手,,快操,,30.9 27.8 (58.7) (助手)
H451,26/11/2023,踱步,從化,飛機場,從化 飛機場,,,,,,助手,,踱步,,飛機場 踱步 (助手)
H451,25/11/2023,踱步,從化,內圈,從化 內圈,,,,,,助手,,快踱一圈,,內圈 快踱一圈 (助手)
H451,24/11/2023,踱步,從化,內圈,從化 內圈,,,,,,助手,,快踱一圈,,內圈 快踱一圈 (助手)
H451,23/11/2023,踱步,從化,內圈,從化 內圈,,,,,,助手,,倒快兩圈,,內圈 倒快兩圈 (助手)
H451,22/11/2023,踱步,從化,內圈,從化 內圈,,,,,,助手,,快踱一圈,,內圈 快踱一圈 (助手)
H451,21/11/2023,踱步,從化,內圈,從化 內圈,,,,,,助手,,快踱一圈,,內圈 快踱一圈 (助手)
H451,20/11/2023,踱步,從化,內圈,從化 內圈,,,,,,助手,,倒快兩圈,,內圈 倒快兩圈 (助手)
H451,19/11/2023,踱步,從化,內圈,從化 內圈,,,,,,助手,,快踱一圈,,內圈 快踱一圈 (助手)
H451,18/11/2023,踱步,從化,內圈,從化 內圈,,,,,,助手,,快踱一圈,,內圈 快踱一圈 (助手)
H451,17/11/2023,試閘,從化,草地,從化 草地,1200M,1.12.56,72.56,24.9 23.4 24.2,撼天鐵翼,鍾易禮,,第7組,,第7組 (鍾易禮) 1200M 撼天鐵翼 24.9 23.4 24.2 (1.12.56)
H451,16/11/2023,踱步,從化,內圈,從化 內圈,,,,,,助手,,倒快兩圈,,內圈 倒快兩圈 (助手)
H451,15/11/2023,踱步,從化,內圈,從化 內圈,,,,,,助手,,快踱一圈,,內圈 快踱一圈 (助手)
H451,14/11/2023,快操,從化,全天候,從化 全天候,,57.7,57.7,30.9 26.8,,助手,,快操,,30.9 26.8 (57.7) (助手)
H451,14/11/2023,踱步,從化,飛機場,從化 飛機場,,,,,,助手,,踱步,,飛機場 踱步 (助手)
H451,13/11/2023,踱步,從化,內圈,從化 內圈,,,,,,助手,,倒快兩圈,,內圈 倒快兩圈 (助手)
H451,12/11/2023,踱步,從化,內圈,從化 內圈,,,,,,助手,,快踱一圈,,內圈 快踱一圈 (助手)
H451,11/11/2023,快操,從化,全天候,從化 全天候,,56.7,56.7,29.8 26.9,,助手,,快操,,29.8 26.9 (56.7) (助手)
H451,11/11/2023,踱步,從化,飛機場,從化 飛機場,,,,,,助手,,踱步,,飛機場 踱步 (助手)
H451,10/11/2023,踱步,從化,內圈,從化 內圈,,,,,,助手,,快踱一圈,,內圈 快踱一圈 (助手)
H451,09/11/2023,踱步,從化,內圈,從化 內圈,,,,,,助手,,倒快兩圈,,內圈 倒快兩圈 (助手)
H451,08/11/2023,快操,從化,全天候,從化 全天候,,58.9,58.9,31.3 27.6,,助手,,快操,,31.3 27.6 (58.9) (助手)
H451,08/11/2023,踱步,從化,飛機場,從化 飛機場,,,,,,助手,,踱步,,飛機場 踱步 (助手)
H451,07/11/2023,踱步,從化,內圈,從化 內圈,,,,,,助手,,快踱一圈,,內圈 快踱一圈 (助手)
H451,06/11/2023,踱步,從化,內圈,從化 內圈,,,,,,助手,,倒快兩圈,,內圈 倒快兩圈 (助手)
H451,05/11/2023,踱步,從化,內圈,從化 內圈,,,,,,助手,,快踱一圈,,內圈 快踱一圈 (助手)
H451,04/11/2023,踱步,從化,內圈,從化 內圈,,,,,,助手,,快踱一圈,,內圈 快踱一圈 (助手)
H451,03/11/2023,快操,從化,全天候,從化 全天候,,57.4,57.4,30.5 26.9,,助手,,快操,,30.5 26.9 (57.4) (助手)
H451,03/11/2023,踱步,從化,飛機場,從化 飛機場,,,,,,助手,,踱步,,飛機場 踱步 (助手)
H451,02/11/2023,踱步,從化,內圈,從化 內圈,,,,,,助手,,倒快兩圈,,內圈 倒快兩圈 (助手)
H451,01/11/2023,踱步,從化,內圈,從化 內圈,,,,,,助手,,快踱一圈,,內圈 快踱一圈 (助手)
H451,31/10/2023,踱步,從化,內圈,從化 內圈,,,,,,助手,,快踱一圈,,內圈 快踱一圈 (助手)
H451,30/10/2023,踱步,從化,內圈,從化 內圈,,,,,,助手,,倒快兩圈,,內圈 倒快兩圈 (助手)
H451,29/10/2023,踱步,從化,內圈,從化 內圈,,,,,,助手,,快踱一圈,,內圈 快踱一圈 (助手)
H451,28/10/2023,踱步,從化,內圈,從化 內圈,,,,,,助手,,快踱一圈,,內圈 快踱一圈 (助手)
H451,27/10/2023,踱步,沙田,內圈,沙田 內圈,,,,,,助手,,快踱一圈,,內圈 快踱一圈 (助手)
H451,26/10/2023,游水,沙田,,沙田,,,,,,,,游水,,
H451,25/10/2023,出賽,沙田,全天候,沙田 全天候,1200M,,,,,鍾易禮,11/12,出賽,TT1,1200M (鍾易禮) (11/12)
H451,25/10/2023,游水,沙田,,沙田,,,,,,,,游水,,
H451,25/10/2023,踱步,沙田,內圈,沙田 內圈,,,,,,助手,,快踱一圈,,內圈 快踱一圈 (助手)
H451,24/10/2023,游水,沙田,,沙田,,,,,,,,游水,,
H451,24/10/2023,踱步,沙田,內圈,沙田 內圈,,,,,,助手,,快踱一圈,,內圈 快踱一圈 (助手)
H451,23/10/2023,游水,沙田,,沙田,,,,,,,,游水,,
H451,23/10/2023,踱步,沙田,內圈,沙田 內圈,,,,,,鍾易禮,,倒快兩圈,,內圈 倒快兩圈 (鍾易禮)
H451,22/10/2023,游水,沙田,,沙田,,,,,,,,游水,,
H451,22/10/2023,快操,沙田,全天候,沙田 全天候,,56.2,56.2,30.2 26.0,,鍾易禮,,快操,,30.2 26.0 (56.2) (鍾易禮)
H451,22/10/2023,踱步,沙田,飛機場,沙田 飛機場,,,,,,鍾易禮,,踱步,,飛機場 踱步 (鍾易禮)
H451,21/10/2023,游水,沙田,,沙田,,,,,,,,游水,,
H451,21/10/2023,踱步,沙田,內圈,沙田 內圈,,,,,,助手,,快踱一圈,,內圈 快踱一圈 (助手)
H451,20/10/2023,游水,沙田,,沙田,,,,,,,,游水,,
H451,20/10/2023,踱步,沙田,內圈,沙田 內圈,,,,,,助手,,快踱一圈,,內圈 快踱一圈 (助手)
H451,19/10/2023,游水,沙田,,沙田,,,,,,,,游水,,
H451,19/10/2023,踱步,沙田,內圈,沙田 內圈,,,,,,助手,,倒快兩圈,,內圈 倒快兩圈 (助手)
H451,18/10/2023,游水,沙田,,沙田,,,,,,,,游水,,
H451,18/10/2023,快操,沙田,全天候,沙田 全天候,,1.02.1,62.1,31.8 30.3,,助手,,快操,,31.8 30.3 (1.02.1) (助手)
H451,18/10/2023,踱步,沙田,飛機場,沙田 飛機場,,,,,,助手,,踱步,,飛機場 踱步 (助手)
H451,17/10/2023,踱步,從化,內圈,從化 內圈,,,,,,助手,,快踱一圈,,內圈 快踱一圈 (助手)
H451,16/10/2023,游水,從化,,從化,,,,,,,,游水,,
H451,16/10/2023,踱步,從化,內圈,從化 內圈,,,,,,助手,,倒快兩圈,,內圈 倒快兩圈 (助手)
H451,15/10/2023,游水,從化,,從化,,,,,,,,游水,,
H451,15/10/2023,踱步,從化,內圈,從化 內圈,,,,,,助手,,快踱一圈,,內圈 快踱一圈 (助手)
H451,14/10/2023,游水,從化,,從化,,,,,,,,游水,,
H451,14/10/2023,踱步,從化,內圈,從化 內圈,,,,,,助手,,快踱一圈,,內圈 快踱一圈 (助手)
H451,13/10/2023,試閘,從化,草地,從化 草地,1200M,1.12.46,72.46,25.8 23.6 23.0,勇敢巨星,田泰安,,第6組,,第6組 (田泰安) 1200M 勇敢巨星 25.8 23.6 23.0 (1.12.46)
H451,13/10/2023,游水,從化,,從化,,,,,,,,游水,,
H451,12/10/2023,游水,從化,,從化,,,,,,,,游水,,
H451,12/10/2023,踱步,從化,內圈,從化 內圈,,,,,,助手,,倒快兩圈,,內圈 倒快兩圈 (助手)
H451,11/10/2023,游水,從化,,從化,,,,,,,,游水,,
H451,11/10/2023,踱步,從化,內圈,從化 內圈,,,,,,助手,,快踱一圈,,內圈 快踱一圈 (助手)
H451,10/10/2023,游水,從化,,從化,,,,,,,,游水,,
H451,10/10/2023,快操,從化,全天候,從化 全天候,,56.8,56.8,30.2 26.6,,助手,,快操,,30.2 26.6 (56.8) (助手)
H451,10/10/2023,踱步,從化,飛機場,從化 飛機場,,,,,,助手,,踱步,,飛機場 踱步 (助手)
H451,09/10/2023,游水,從化,,從化,,,,,,,,游水,,
H451,09/10/2023,踱步,從化,內圈,從化 內圈,,,,,,助手,,倒快兩圈,,內圈 倒快兩圈 (助手)
H451,08/10/2023,游水,從化,,從化,,,,,,,,游水,,
H451,08/10/2023,踱步,從化,內圈,從化 內圈,,,,,,助手,,快踱一圈,,內圈 快踱一圈 (助手)
H451,07/10/2023,游水,從化,,從化,,,,,,,,游水,,
H451,07/10/2023,踱步,從化,內圈,從化 內圈,,,,,,助手,,快踱一圈,,內圈 快踱一圈 (助手)
H451,06/10/2023,游水,從化,,從化,,,,,,,,游水,,
H451,06/10/2023,快操,從化,全天候,從化 全天候,,57.1,57.1,30.3 26.8,,助手,,快操,,30.3 26.8 (57.1) (助手)
H451,06/10/2023,踱步,從化,飛機場,從化 飛機場,,,,,,助手,,踱步,,飛機場 踱步 (助手)
H451,05/10/2023,游水,從化,,從化,,,,,,,,游水,,
H451,05/10/2023,踱步,從化,內圈,從化 內圈,,,,,,助手,,倒快兩圈,,內圈 倒快兩圈 (助手)
H451,04/10/2023,游水,從化,,從化,,,,,,,,游水,,
H451,04/10/2023,踱步,從化,內圈,從化 內圈,,,,,,助手,,快踱一圈,,內圈 快踱一圈 (助手)
H451,03/10/2023,游水,從化,,從化,,,,,,,,游水,,
H451,03/10/2023,踱步,從化,內圈,從化 內圈,,,,,,助手,,快踱一圈,,內圈 快踱一圈 (助手)
H451,02/10/2023,游水,從化,,從化,,,,,,,,游水,,
H451,02/10/2023,踱步,從化,內圈,從化 內圈,,,,,,助手,,倒快兩圈,,內圈 倒快兩圈 (助手)
H451,01/10/2023,游水,從化,,從化,,,,,,,,游水,,
H451,01/10/2023,踱步,從化,內圈,從化 內圈,,,,,,助手,,快踱一圈,,內圈 快踱一圈 (助手)
H451,30/09/2023,游水,從化,,從化,,,,,,,,游水,,
H451,30/09/2023,踱步,從化,內圈,從化 內圈,,,,,,助手,,快踱一圈,,內圈 快踱一圈 (助手)
H451,29/09/2023,游水,從化,,從化,,,,,,,,游水,,
H451,29/09/2023,踱步,從化,內圈,從化 內圈,,,,,,助手,,快踱一圈,,內圈 快踱一圈 (助手)
H451,28/09/2023,試閘,從化,草地,從化 草地,1200M,1.13.25,73.25,26.6 23.6 23.0,勁速威龍,古達,,第6組,,第6組 (古達) 1200M 勁速威龍 26.6 23.6 23.0 (1.13.25)
H451,28/09/2023,游水,從化,,從化,,,,,,,,游水,,
H451,27/09/2023,游水,從化,,從化,,,,,,,,游水,,
H451,27/09/2023,踱步,從化,內圈,從化 內圈,,,,,,助手,,快踱一圈,,內圈 快踱一圈 (助手)
H451,26/09/2023,游水,從化,,從化,,,,,,,,游水,,
H451,26/09/2023,踱步,從化,內圈,從化 內圈,,,,,,助手,,快踱一圈,,內圈 快踱一圈 (助手)
H451,25/09/2023,游水,從化,,從化,,,,,,,,游水,,
H451,25/09/2023,快操,從化,全天候,從化 全天候,,56.1,56.1,29.6 26.5,,助手,,快操,,29.6 26.5 (56.1) (助手)
H451,25/09/2023,踱步,從化,飛機場,從化 飛機場,,,,,,助手,,踱步,,飛機場 踱步 (助手)
H451,24/09/2023,游水,從化,,從化,,,,,,,,游水,,
H451,24/09/2023,踱步,從化,內圈,從化 內圈,,,,,,助手,,快踱一圈,,內圈 快踱一圈 (助手)
H451,23/09/2023,游水,從化,,從化,,,,,,,,游水,,
H451,23/09/2023,踱步,從化,內圈,從化 內圈,,,,,,助手,,快踱一圈,,內圈 快踱一圈 (助手)
H451,22/09/2023,踱步,從化,內圈,從化 內圈,,,,,,助手,,快踱一圈,,內圈 快踱一圈 (助手)
H451,21/09/2023,踱步,從化,內圈,從化 內圈,,,,,,助手,,倒快兩圈,,內圈 倒快兩圈 (助手)
H451,20/09/2023,踱步,沙田,內圈,沙田 內圈,,,,,,助手,,快踱一圈,,內圈 快踱一圈 (助手)
H451,19/09/2023,游水,沙田,,沙田,,,,,,,,游水,,
H451,19/09/2023,快操,沙田,全天候,沙田 全天候,,57.4,57.4,30.7 26.7,,助手,,快操,,30.7 26.7 (57.4) (助手)
H451,19/09/2023,踱步,沙田,飛機場,沙田 飛機場,,,,,,助手,,踱步,,飛機場 踱步 (助手)
H451,18/09/2023,游水,沙田,,沙田,,,,,,,,游水,,
H451,18/09/2023,踱步,沙田,內圈,沙田 內圈,,,,,,助手,,倒快兩圈,,內圈 倒快兩圈 (助手)
H451,17/09/2023,游水,沙田,,沙田,,,,,,,,游水,,
H451,17/09/2023,踱步,沙田,內圈,沙田 內圈,,,,,,助手,,快踱一圈,,內圈 快踱一圈 (助手)
H451,16/09/2023,快操,沙田,全天候,沙田 全天候,,57.2,57.2,30.7 26.5,,助手,,快操,,30.7 26.5 (57.2) (助手)
H451,16/09/2023,踱步,沙田,飛機場,沙田 飛機場,,,,,,助手,,踱步,,飛機場 踱步 (助手)
H451,15/09/2023,踱步,沙田,內圈,沙田 內圈,,,,,,助手,,快踱一圈,,內圈 快踱一圈 (助手)
H451,14/09/2023,踱步,沙田,內圈,沙田 內圈,,,,,,助手,,倒快兩圈,,內圈 倒快兩圈 (助手)
H451,13/09/2023,踱步,沙田,內圈,沙田 內圈,,,,,,助手,,快踱一圈,,內圈 快踱一圈 (助手)
H451,12/09/2023,踱步,沙田,內圈,沙田 內圈,,,,,,助手,,快踱一圈,,內圈 快踱一圈 (助手)
H451,09/09/2023,游水,沙田,,沙田,,,,,,,,游水,,
H451,09/09/2023,踱步,沙田,內圈,沙田 內圈,,,,,,助手,,快踱一圈,,內圈 快踱一圈 (助手)
H451,07/09/2023,游水,沙田,,沙田,,,,,,,,游水,,
H451,07/09/2023,快操,沙田,全天候,沙田 全天候,,52.7,52.7,30.0 22.7,,鍾易禮,,快操,,30.0 22.7 (52.7) (鍾易禮)
H451,06/09/2023,游水,沙田,,沙田,,,,,,,,游水,,
H451,05/09/2023,游水,沙田,,沙田,,,,,,,,游水,,
H451,05/09/2023,踱步,沙田,內圈,沙田 內圈,,,,,,助手,,快踱一圈,,內圈 快踱一圈 (助手)
H451,04/09/2023,游水,沙田,,沙田,,,,,,,,游水,,
H451,04/09/2023,踱步,沙田,內圈,沙田 內圈,,,,,,助手,,倒快兩圈,,內圈 倒快兩圈 (助手)
H451,03/09/2023,游水,沙田,,沙田,,,,,,,,游水,,
H451,03/09/2023,踱步,沙田,內圈,沙田 內圈,,,,,,助手,,快踱一圈,,內圈 快踱一圈 (助手)
H451,31/08/2023,游水,沙田,,沙田,,,,,,,,游水,,
H451,31/08/2023,踱步,沙田,內圈,沙田 內圈,,,,,,助手,,倒快兩圈,,內圈 倒快兩圈 (助手)
H451,30/08/2023,游水,沙田,,沙田,,,,,,,,游水,,
H451,30/08/2023,快操,沙田,全天候,沙田 全天候,,55.5,55.5,29.2 26.3,,助手,,快操,,29.2 26.3 (55.5) (助手)
H451,30/08/2023,踱步,沙田,飛機場,沙田 飛機場,,,,,,助手,,踱步,,飛機場 踱步 (助手)
H451,29/08/2023,游水,沙田,,沙田,,,,,,,,游水,,
H451,29/08/2023,踱步,沙田,內圈,沙田 內圈,,,,,,助手,,快踱一圈,,內圈 快踱一圈 (助手)
H451,28/08/2023,游水,沙田,,沙田,,,,,,,,游水,,
H451,28/08/2023,踱步,沙田,內圈,沙田 內圈,,,,,,助手,,倒快兩圈,,內圈 倒快兩圈 (助手)
H451,27/08/2023,游水,沙田,,沙田,,,,,,,,游水,,
H451,27/08/2023,踱步,沙田,內圈,沙田 內圈,,,,,,助手,,快踱一圈,,內圈 快踱一圈 (助手)
H451,26/08/2023,游水,沙田,,沙田,,,,,,,,游水,,
H451,26/08/2023,快操,沙田,全天候,沙田 全天候,,55.5,55.5,29.3 26.2,,助手,,加州威勝,,29.3 26.2 (55.5) (助手) 加州威勝
H451,26/08/2023,踱步,沙田,飛機場,沙田 飛機場,,,,,,助手,,踱步,,飛機場 踱步 (助手)
H451,25/08/2023,游水,沙田,,沙田,,,,,,,,游水,,
H451,25/08/2023,踱步,沙田,內圈,沙田 內圈,,,,,,助手,,快踱一圈,,內圈 快踱一圈 (助手)
H451,24/08/2023,游水,沙田,,沙田,,,,,,,,游水,,
H451,24/08/2023,踱步,沙田,內圈,沙田 內圈,,,,,,助手,,倒快兩圈,,內圈 倒快兩圈 (助手)
H451,23/08/2023,游水,沙田,,沙田,,,,,,,,游水,,
H451,23/08/2023,快操,沙田,全天候,沙田 全天候,,1.32.7,92.7,33.7 30.8 28.2,,助手,,快操,,33.7 30.8 28.2 (1.32.7) (助手)
H451,23/08/2023,踱步,沙田,飛機場,沙田 飛機場,,,,,,助手,,踱步,,飛機場 踱步 (助手)
H451,22/08/2023,游水,沙田,,沙田,,,,,,,,游水,,
H451,22/08/2023,踱步,沙田,內圈,沙田 內圈,,,,,,助手,,快踱一圈,,內圈 快踱一圈 (助手)
H451,21/08/2023,游水,沙田,,沙田,,,,,,,,游水,,
H451,21/08/2023,踱步,沙田,內圈,沙田 內圈,,,,,,助手,,倒快兩圈,,內圈 倒快兩圈 (助手)
H451,20/08/2023,游水,沙田,,沙田,,,,,,,,游水,,
H451,20/08/2023,踱步,沙田,內圈,沙田 內圈,,,,,,助手,,快踱一圈,,內圈 快踱一圈 (助手)
H451,19/08/2023,游水,沙田,,沙田,,,,,,,,游水,,
H451,18/08/2023,游水,沙田,,沙田,,,,,,,,游水,,
H451,18/08/2023,踱步,沙田,內圈,沙田 內圈,,,,,,助手,,快踱一圈,,內圈 快踱一圈 (助手)
H451,17/08/2023,游水,沙田,,沙田,,,,,,,,游水,,
H451,17/08/2023,踱步,沙田,內圈,沙田 內圈,,,,,,助手,,倒快兩圈,,內圈 倒快兩圈 (助手)
H451,16/08/2023,游水,沙田,,沙田,,,,,,,,游水,,
H451,16/08/2023,踱步,沙田,內圈,沙田 內圈,,,,,,助手,,快踱一圈,,內圈 快踱一圈 (助手)
H451,15/08/2023,游水,沙田,,沙田,,,,,,,,游水,,
H451,15/08/2023,踱步,沙田,內圈,沙田 內圈,,,,,,助手,,快踱一圈,,內圈 快踱一圈 (助手)
H451,14/08/2023,游水,沙田,,沙田,,,,,,,,游水,,
H451,14/08/2023,踱步,沙田,內圈,沙田 內圈,,,,,,助手,,倒快兩圈,,內圈 倒快兩圈 (助手)
H451,13/08/2023,踱步,沙田,內圈,沙田 內圈,,,,,,助手,,快踱一圈,,內圈 快踱一圈 (助手)
H451,10/07/2023,游水,沙田,,沙田,,,,,,,,游水,,
H451,09/07/2023,游水,沙田,,沙田,,,,,,,,游水,,
H451,08/07/2023,游水,沙田,,沙田,,,,,,,,游水,,
H451,07/07/2023,游水,沙田,,沙田,,,,,,,,游水,,
H451,06/07/2023,游水,沙田,,沙田,,,,,,,,游水,,
H451,05/07/2023,游水,沙田,,沙田,,,,,,,,游水,,
H451,04/07/2023,游水,沙田,,沙田,,,,,,,,游水,,
H451,03/07/2023,游水,沙田,,沙田,,,,,,,,游水,,
H451,02/07/2023,游水,沙田,,沙田,,,,,,,,游水,,
H451,01/07/2023,游水,沙田,,沙田,,,,,,,,游水,,
H451,30/06/2023,游水,沙田,,沙田,,,,,,,,游水,,
H451,29/06/2023,游水,沙田,,沙田,,,,,,,,游水,,
H451,28/06/2023,游水,沙田,,沙田,,,,,,,,游水,,
H451,27/06/2023,游水,沙田,,沙田,,,,,,,,游水,,
H451,26/06/2023,游水,沙田,,沙田,,,,,,,,游水,,
H451,25/06/2023,游水,沙田,,沙田,,,,,,,,游水,,
H451,24/06/2023,游水,沙田,,沙田,,,,,,,,游水,,
H451,23/06/2023,游水,沙田,,沙田,,,,,,,,游水,,
