horse_no,date,work_type,racecourse,track,venue,distance,time,time_sec,splits,partner,rider,placing,comment,gear,workout_details
J008,25/08/2026,游水,沙田,,沙田,,,,,,,,游水,,
J008,25/08/2026,踱步,沙田,內圈,沙田 內圈,,,,,,助手,,快踱一圈,H/P,內圈 快踱一圈 (助手)
J008,24/08/2026,游水,沙田,,沙田,,,,,,,,游水,,
J008,24/08/2026,踱步,沙田,內圈,沙田 內圈,,,,,,助手,,倒快兩圈,P,內圈 倒快兩圈 (助手)
J008,23/08/2026,游水,沙田,,沙田,,,,,,,,游水,,
J008,23/08/2026,踱步,沙田,內圈,沙田 內圈,,,,,,助手,,快踱一圈,P,內圈 快踱一圈 (助手)
J008,22/08/2026,游水,沙田,,沙田,,,,,,,,游水,,
J008,22/08/2026,踱步,沙田,飛機場,沙田 飛機場,,,,,,助手,,踱步,H/P,飛機場 踱步 (助手)
J008,21/08/2026,試閘,沙田,全天候,沙田 全天候,1200M,1.12.58,72.58,24.5 23.2 24.8,天比高,金誠剛,,第3組,H/P,第3組 (金誠剛) 1200M 天比高 24.5 23.2 24.8 (1.12.58)
J008,21/08/2026,踱步,沙田,飛機場,沙田 飛機場,,,,,,助手,,踱步,H/P,飛機場 踱步 (助手)
J008,20/08/2026,游水,沙田,,沙田,,,,,,,,游水,,
J008,20/08/2026,踱步,沙田,內圈,沙田 內圈,,,,,,助手,,倒快兩圈,H/P,內圈 倒快兩圈 (助手)
J008,19/08/2026,游水,沙田,,沙田,,,,,,,,游水,,
J008,19/08/2026,踱步,沙田,內圈,沙田 內圈,,,,,,助手,,快踱一圈,H/P,內圈 快踱一圈 (助手)
J008,18/08/2026,游水,沙田,,沙田,,,,,,,,游水,,
J008,18/08/2026,快操,沙田,全天候,沙田 全天候,,55.4,55.4,29.1 26.3,,金誠剛,,快操,H/P,29.1 26.3 (55.4) (金誠剛)
J008,18/08/2026,踱步,沙田,飛機場,沙田 飛機場,,,,,,助手,,踱步,H/P,飛機場 踱步 (助手)
J008,17/08/2026,游水,沙田,,沙田,,,,,,,,游水,,
J008,17/08/2026,踱步,沙田,內圈,沙田 內圈,,,,,,助手,,倒快兩圈,H/P,內圈 倒快兩圈 (助手)
J008,16/08/2026,游水,沙田,,沙田,,,,,,,,游水,,
J008,16/08/2026,踱步,沙田,內圈,沙田 內圈,,,,,,助手,,快踱一圈,H/P,內圈 快踱一圈 (助手)
J008,15/08/2026,游水,沙田,,沙田,,,,,,,,游水,,
J008,15/08/2026,快操,沙田,全天候,沙田 全天候,,56.7,56.7,30.0 26.7,,金誠剛,,快操,H/P,30.0 26.7 (56.7) (金誠剛)
J008,15/08/2026,踱步,沙田,飛機場,沙田 飛機場,,,,,,助手,,踱步,H/P,飛機場 踱步 (助手)
J008,14/08/2026,游水,沙田,,沙田,,,,,,,,游水,,
J008,14/08/2026,踱步,沙田,內圈,沙田 內圈,,,,,,助手,,快踱一圈,H/P,內圈 快踱一圈 (助手)
J008,13/08/2026,游水,沙田,,沙田,,,,,,,,游水,,
J008,13/08/2026,踱步,沙田,內圈,沙田 內圈,,,,,,助手,,倒快兩圈,H/P,內圈 倒快兩圈 (助手)
J008,12/08/2026,游水,沙田,,沙田,,,,,,,,游水,,
J008,12/08/2026,踱步,沙田,內圈,沙田 內圈,,,,,,助手,,快踱一圈,H/P,內圈 快踱一圈 (助手)
J008,11/08/2026,游水,沙田,,沙田,,,,,,,,游水,,
J008,11/08/2026,快操,沙田,全天候,沙田 全天候,,28.7,28.7,28.7,,助手,,快操,H,28.7 (28.7) (助手)
J008,11/08/2026,踱步,沙田,飛機場,沙田 飛機場,,,,,,助手,,踱步,H,飛機場 踱步 (助手)
J008,10/08/2026,游水,沙田,,沙田,,,,,,,,游水,,
J008,10/08/2026,踱步,沙田,內圈,沙田 內圈,,,,,,助手,,倒快兩圈,H/P,內圈 倒快兩圈 (助手)
J008,09/08/2026,游水,沙田,,沙田,,,,,,,,游水,,
J008,09/08/2026,踱步,沙田,內圈,沙田 內圈,,,,,,助手,,快踱一圈,H/P,內圈 快踱一圈 (助手)
J008,08/08/2026,游水,沙田,,沙田,,,,,,,,游水,,
J008,08/08/2026,踱步,沙田,內圈,沙田 內圈,,,,,,助手,,快踱兩圈,H/P,內圈 快踱兩圈 (助手)
J008,07/08/2026,游水,沙田,,沙田,,,,,,,,游水,,
J008,07/08/2026,踱步,沙田,內圈,沙田 內圈,,,,,,助手,,快踱一圈,H,內圈 快踱一圈 (助手)
J008,06/08/2026,游水,沙田,,沙田,,,,,,,,游水,,
J008,06/08/2026,踱步,沙田,內圈,沙田 內圈,,,,,,助手,,倒快兩圈,H,內圈 倒快兩圈 (助手)
J008,05/08/2026,踱步,沙田,內圈,沙田 內圈,,,,,,助手,,快踱一圈,H,內圈 快踱一圈 (助手)
J008,04/08/2026,踱步,沙田,內圈,沙田 內圈,,,,,,助手,,快踱一圈,H,內圈 快踱一圈 (助手)
J008,03/08/2026,踱步,沙田,內圈,沙田 內圈,,,,,,助手,,快踱一圈,H,內圈 快踱一圈 (助手)
J008,02/08/2026,踱步,沙田,內圈,沙田 內圈,,,,,,助手,,快踱一圈,H,內圈 快踱一圈 (助手)
J008,01/08/2026,踱步,沙田,內圈,沙田 內圈,,,,,,助手,,快踱一圈,H,內圈 快踱一圈 (助手)
J008,31/07/2026,踱步,沙田,內圈,沙田 內圈,,,,,,助手,,快踱一圈,H,內圈 快踱一圈 (助手)
J008,30/07/2026,踱步,沙田,飛機場,沙田 飛機場,,,,,,助手,,踱步,H,飛機場 踱步 (助手)
J008,29/07/2026,踱步,沙田,飛機場,沙田 飛機場,,,,,,助手,,踱步,H,飛機場 踱步 (助手)
J008,28/07/2026,踱步,沙田,飛機場,沙田 飛機場,,,,,,助手,,踱步,H,飛機場 踱步 (助手)
J008,27/07/2026,踱步,沙田,飛機場,沙田 飛機場,,,,,,助手,,踱步,H,飛機場 踱步 (助手)
J008,25/07/2026,踱步,沙田,飛機場,沙田 飛機場,,,,,,助手,,踱步,H,飛機場 踱步 (助手)
J008,24/07/2026,踱步,沙田,飛機場,沙田 飛機場,,,,,,助手,,踱步,H,飛機場 踱步 (助手)
J008,23/07/2026,踱步,沙田,飛機場,沙田 飛機場,,,,,,助手,,踱步,H,飛機場 踱步 (助手)
J008,15/07/2026,游水,沙田,,沙田,,,,,,,,游水,,
J008,15/07/2026,踱步,沙田,內圈,沙田 內圈,,,,,,助手,,快踱兩圈,H,內圈 快踱兩圈 (助手)
J008,14/07/2026,游水,沙田,,沙田,,,,,,,,游水,,
J008,14/07/2026,踱步,沙田,內圈,沙田 內圈,,,,,,助手,,快踱一圈,H,內圈 快踱一圈 (助手)
J008,13/07/2026,游水,沙田,,沙田,,,,,,,,游水,,
J008,13/07/2026,踱步,沙田,內圈,沙田 內圈,,,,,,助手,,倒快兩圈,H,內圈 倒快兩圈 (助手)
J008,12/07/2026,游水,沙田,,沙田,,,,,,,,游水,,
J008,12/07/2026,快操,沙田,全天候,沙田 全天候,,1.26.6,86.6,33.1 28.3 25.2,,助手,,快操,H,33.1 28.3 25.2 (1.26.6) (助手)
J008,12/07/2026,踱步,沙田,飛機場,沙田 飛機場,,,,,,助手,,踱步,H,飛機場 踱步 (助手)
J008,11/07/2026,游水,沙田,,沙田,,,,,,,,游水,,
J008,11/07/2026,踱步,沙田,內圈,沙田 內圈,,,,,,助手,,快踱兩圈,H,內圈 快踱兩圈 (助手)
J008,10/07/2026,游水,沙田,,沙田,,,,,,,,游水,,
J008,10/07/2026,踱步,沙田,內圈,沙田 內圈,,,,,,助手,,快踱一圈,H,內圈 快踱一圈 (助手)
J008,09/07/2026,游水,沙田,,沙田,,,,,,,,游水,,
J008,09/07/2026,快操,沙田,全天候,沙田 全天候,,54.4,54.4,29.0 25.4,,助手,,快操,H,29.0 25.4 (54.4) (助手)
J008,09/07/2026,踱步,沙田,飛機場,沙田 飛機場,,,,,,助手,,踱步,H,飛機場 踱步 (助手)
J008,08/07/2026,游水,沙田,,沙田,,,,,,,,游水,,
J008,08/07/2026,踱步,沙田,內圈,沙田 內圈,,,,,,助手,,快踱一圈,H,內圈 快踱一圈 (助手)
J008,07/07/2026,游水,沙田,,沙田,,,,,,,,游水,,
J008,07/07/2026,踱步,沙田,內圈,沙田 內圈,,,,,,助手,,快踱一圈,H,內圈 快踱一圈 (助手)
J008,06/07/2026,游水,沙田,,沙田,,,,,,,,游水,,
J008,06/07/2026,踱步,沙田,內圈,沙田 內圈,,,,,,助手,,倒快兩圈,H,內圈 倒快兩圈 (助手)
J008,05/07/2026,游水,沙田,,沙田,,,,,,,,游水,,
J008,05/07/2026,踱步,沙田,內圈,沙田 內圈,,,,,,助手,,快踱一圈,H,內圈 快踱一圈 (助手)
J008,04/07/2026,游水,沙田,,沙田,,,,,,,,游水,,
J008,04/07/2026,踱步,沙田,飛機場,沙田 飛機場,,,,,,助手,,踱步,H,飛機場 踱步 (助手)
J008,03/07/2026,游水,沙田,,沙田,,,,,,,,游水,,
J008,01/07/2026,出賽,沙田,草地,沙田 草地,1400M,,,,,袁幸堯,8/10,出賽,TT,1400M (袁幸堯) (8/10)
J008,01/07/2026,游水,沙田,,沙田,,,,,,,,游水,,
J008,01/07/2026,踱步,沙田,飛機場,沙田 飛機場,,,,,,助手,,踱步,H,飛機場 踱步 (助手)
J008,30/06/2026,游水,沙田,,沙田,,,,,,,,游水,,
J008,30/06/2026,踱步,沙田,內圈,沙田 內圈,,,,,,助手,,快踱一圈,H,內圈 快踱一圈 (助手)
J008,29/06/2026,游水,沙田,,沙田,,,,,,,,游水,,
J008,29/06/2026,踱步,沙田,內圈,沙田 內圈,,,,,,助手,,倒快兩圈,H,內圈 倒快兩圈 (助手)
J008,28/06/2026,游水,沙田,,沙田,,,,,,,,游水,,
J008,28/06/2026,快操,沙田,全天候,沙田 全天候,,56.5,56.5,30.1 26.4,,助手,,快操,H,30.1 26.4 (56.5) (助手)
J008,28/06/2026,踱步,沙田,飛機場,沙田 飛機場,,,,,,助手,,踱步,H,飛機場 踱步 (助手)
J008,27/06/2026,游水,沙田,,沙田,,,,,,,,游水,,
J008,27/06/2026,踱步,沙田,內圈,沙田 內圈,,,,,,助手,,快踱兩圈,,內圈 快踱兩圈 (助手)
J008,26/06/2026,游水,沙田,,沙田,,,,,,,,游水,,
J008,26/06/2026,踱步,沙田,內圈,沙田 內圈,,,,,,助手,,快踱一圈,H,內圈 快踱一圈 (助手)
J008,25/06/2026,游水,從化,,從化,,,,,,,,游水,,
J008,25/06/2026,踱步,從化,內圈,從化 內圈,,,,,,助手,,倒快兩圈,H,內圈 倒快兩圈 (助手)
J008,24/06/2026,游水,從化,,從化,,,,,,,,游水,,
J008,24/06/2026,踱步,從化,內圈,從化 內圈,,,,,,助手,,快踱一圈,H,內圈 快踱一圈 (助手)
J008,23/06/2026,游水,從化,,從化,,,,,,,,游水,,
J008,23/06/2026,快操,從化,草地,從化 草地,,56.2,56.2,29.0 27.2,,助手,,快操,H,29.0 27.2 (56.2) (助手)
J008,23/06/2026,踱步,從化,飛機場,從化 飛機場,,,,,,助手,,踱步,H,飛機場 踱步 (助手)
J008,22/06/2026,游水,從化,,從化,,,,,,,,游水,,
J008,22/06/2026,踱步,從化,內圈,從化 內圈,,,,,,助手,,倒快兩圈,H,內圈 倒快兩圈 (助手)
J008,21/06/2026,游水,從化,,從化,,,,,,,,游水,,
J008,21/06/2026,快操,從化,全天候,從化 全天候,,53.8,53.8,28.5 25.3,,助手,,快操,H,28.5 25.3 (53.8) (助手)
J008,21/06/2026,踱步,從化,飛機場,從化 飛機場,,,,,,助手,,踱步,H,飛機場 踱步 (助手)
J008,20/06/2026,游水,從化,,從化,,,,,,,,游水,,
J008,20/06/2026,踱步,從化,內圈,從化 內圈,,,,,,助手,,快踱兩圈,H,內圈 快踱兩圈 (助手)
J008,19/06/2026,游水,從化,,從化,,,,,,,,游水,,
J008,19/06/2026,踱步,從化,內圈,從化 內圈,,,,,,助手,,快踱一圈,H,內圈 快踱一圈 (助手)
J008,18/06/2026,游水,從化,,從化,,,,,,,,游水,,
J008,18/06/2026,快操,從化,全天候,從化 全天候,,53.6,53.6,27.8 25.8,,助手,,快操,H,27.8 25.8 (53.6) (助手)
J008,18/06/2026,踱步,從化,飛機場,從化 飛機場,,,,,,助手,,踱步,H,飛機場 踱步 (助手)
J008,17/06/2026,游水,從化,,從化,,,,,,,,游水,,
J008,17/06/2026,踱步,從化,內圈,從化 內圈,,,,,,助手,,快踱兩圈,H,內圈 快踱兩圈 (助手)
J008,16/06/2026,游水,從化,,從化,,,,,,,,游水,,
J008,16/06/2026,踱步,從化,內圈,從化 內圈,,,,,,助手,,快踱一圈,H,內圈 快踱一圈 (助手)
J008,15/06/2026,游水,從化,,從化,,,,,,,,游水,,
J008,15/06/2026,踱步,從化,內圈,從化 內圈,,,,,,助手,,倒快兩圈,H,內圈 倒快兩圈 (助手)
J008,14/06/2026,游水,從化,,從化,,,,,,,,游水,,
J008,14/06/2026,踱步,從化,內圈,從化 內圈,,,,,,助手,,快踱一圈,H,內圈 快踱一圈 (助手)
J008,13/06/2026,游水,從化,,從化,,,,,,,,游水,,
J008,13/06/2026,踱步,從化,飛機場,從化 飛機場,,,,,,助手,,踱步,H,飛機場 踱步 (助手)
J008,12/06/2026,試閘,從化,草地,從化 草地,1200M,1.11.28,71.28,25.0 22.6 23.6,燊威之星,鍾易禮,,第7組,,第7組 (鍾易禮) 1200M 燊威之星 25.0 22.6 23.6 (1.11.28)
J008,12/06/2026,踱步,從化,飛機場,從化 飛機場,,,,,,助手,,踱步,,飛機場 踱步 (助手)
J008,11/06/2026,游水,從化,,從化,,,,,,,,游水,,
J008,11/06/2026,踱步,從化,內圈,從化 內圈,,,,,,助手,,倒快兩圈,H,內圈 倒快兩圈 (助手)
J008,10/06/2026,游水,從化,,從化,,,,,,,,游水,,
J008,10/06/2026,踱步,從化,內圈,從化 內圈,,,,,,助手,,快踱兩圈,H,內圈 快踱兩圈 (助手)
J008,09/06/2026,游水,從化,,從化,,,,,,,,游水,,
J008,09/06/2026,踱步,從化,內圈,從化 內圈,,,,,,助手,,快踱一圈,H,內圈 快踱一圈 (助手)
J008,08/06/2026,游水,從化,,從化,,,,,,,,游水,,
J008,08/06/2026,踱步,從化,內圈,從化 內圈,,,,,,助手,,倒快兩圈,H,內圈 倒快兩圈 (助手)
J008,07/06/2026,游水,從化,,從化,,,,,,,,游水,,
J008,07/06/2026,快操,從化,全天候,從化 全天候,,55.6,55.6,28.7 26.9,,助手,,快操,H,28.7 26.9 (55.6) (助手)
J008,07/06/2026,踱步,從化,飛機場,從化 飛機場,,,,,,助手,,踱步,H,飛機場 踱步 (助手)
J008,06/06/2026,游水,從化,,從化,,,,,,,,游水,,
J008,06/06/2026,踱步,從化,內圈,從化 內圈,,,,,,助手,,快踱兩圈,H,內圈 快踱兩圈 (助手)
J008,05/06/2026,游水,從化,,從化,,,,,,,,游水,,
J008,05/06/2026,踱步,從化,內圈,從化 內圈,,,,,,助手,,快踱一圈,H,內圈 快踱一圈 (助手)
J008,04/06/2026,游水,從化,,從化,,,,,,,,游水,,
J008,04/06/2026,快操,從化,全天候,從化 全天候,,54.1,54.1,28.5 25.6,,助手,,快操,H,28.5 25.6 (54.1) (助手)
J008,04/06/2026,踱步,從化,飛機場,從化 飛機場,,,,,,助手,,踱步,H,飛機場 踱步 (助手)
J008,03/06/2026,游水,從化,,從化,,,,,,,,游水,,
J008,03/06/2026,踱步,從化,內圈,從化 內圈,,,,,,助手,,快踱兩圈,H,內圈 快踱兩圈 (助手)
J008,02/06/2026,游水,從化,,從化,,,,,,,,游水,,
J008,02/06/2026,踱步,從化,內圈,從化 內圈,,,,,,助手,,快踱一圈,H,內圈 快踱一圈 (助手)
J008,01/06/2026,游水,從化,,從化,,,,,,,,游水,,
J008,01/06/2026,踱步,從化,內圈,從化 內圈,,,,,,助手,,倒快兩圈,H,內圈 倒快兩圈 (助手)
J008,31/05/2026,游水,從化,,從化,,,,,,,,游水,,
J008,31/05/2026,快操,從化,全天候,從化 全天候,,54.9,54.9,28.3 26.6,,助手,,快操,H,28.3 26.6 (54.9) (助手)
J008,31/05/2026,踱步,從化,飛機場,從化 飛機場,,,,,,助手,,踱步,H,飛機場 踱步 (助手)
J008,30/05/2026,游水,從化,,從化,,,,,,,,游水,,
J008,30/05/2026,踱步,從化,內圈,從化 內圈,,,,,,助手,,快踱兩圈,H,內圈 快踱兩圈 (助手)
J008,29/05/2026,游水,從化,,從化,,,,,,,,游水,,
J008,29/05/2026,踱步,從化,內圈,從化 內圈,,,,,,助手,,快踱一圈,H,內圈 快踱一圈 (助手)
J008,28/05/2026,游水,從化,,從化,,,,,,,,游水,,
J008,28/05/2026,踱步,從化,內圈,從化 內圈,,,,,,助手,,倒快兩圈,H,內圈 倒快兩圈 (助手)
J008,27/05/2026,游水,沙田,,沙田,,,,,,,,游水,,
J008,27/05/2026,踱步,沙田,飛機場,沙田 飛機場,,,,,,助手,,踱步,H,飛機場 踱步 (助手)
J008,26/05/2026,游水,沙田,,沙田,,,,,,,,游水,,
J008,24/05/2026,出賽,沙田,草地,沙田 草地,1400M,,,,,艾道拿,10/11,出賽,TT,1400M (艾道拿) (10/11)
J008,24/05/2026,游水,沙田,,沙田,,,,,,,,游水,,
J008,24/05/2026,踱步,沙田,飛機場,沙田 飛機場,,,,,,助手,,踱步,H,飛機場 踱步 (助手)
J008,23/05/2026,游水,沙田,,沙田,,,,,,,,游水,,
J008,23/05/2026,踱步,沙田,內圈,沙田 內圈,,,,,,助手,,快踱一圈,H,內圈 快踱一圈 (助手)
J008,22/05/2026,游水,沙田,,沙田,,,,,,,,游水,,
J008,22/05/2026,快操,沙田,全天候,沙田 全天候,,54.1,54.1,27.6 26.5,,艾道拿,,快操,H,27.6 26.5 (54.1) (艾道拿)
J008,22/05/2026,踱步,沙田,飛機場,沙田 飛機場,,,,,,助手,,踱步,H,飛機場 踱步 (助手)
J008,21/05/2026,游水,沙田,,沙田,,,,,,,,游水,,
J008,21/05/2026,踱步,沙田,內圈,沙田 內圈,,,,,,助手,,倒快兩圈,H,內圈 倒快兩圈 (助手)
J008,20/05/2026,游水,沙田,,沙田,,,,,,,,游水,,
J008,20/05/2026,踱步,沙田,內圈,沙田 內圈,,,,,,助手,,快踱兩圈,H,內圈 快踱兩圈 (助手)
J008,19/05/2026,游水,從化,,從化,,,,,,,,游水,,
J008,19/05/2026,踱步,從化,內圈,從化 內圈,,,,,,助手,,快踱一圈,H,內圈 快踱一圈 (助手)
J008,18/05/2026,游水,從化,,從化,,,,,,,,游水,,
J008,18/05/2026,踱步,從化,內圈,從化 內圈,,,,,,助手,,倒快兩圈,H,內圈 倒快兩圈 (助手)
J008,17/05/2026,游水,從化,,從化,,,,,,,,游水,,
J008,17/05/2026,踱步,從化,內圈,從化 內圈,,,,,,助手,,快踱一圈,H,內圈 快踱一圈 (助手)
J008,16/05/2026,游水,從化,,從化,,,,,,,,游水,,
J008,16/05/2026,踱步,從化,飛機場,從化 飛機場,,,,,,助手,,踱步,H,飛機場 踱步 (助手)
J008,15/05/2026,試閘,從化,草地,從化 草地,1200M,1.09.90,69.9,24.6 21.8 23.5,美麗第一,駱泰尼,,第2組,,第2組 (駱泰尼) 1200M 美麗第一 24.6 21.8 23.5 (1.09.90)
J008,15/05/2026,踱步,從化,飛機場,從化 飛機場,,,,,,助手,,踱步,,飛機場 踱步 (助手)
J008,14/05/2026,游水,從化,,從化,,,,,,,,游水,,
J008,14/05/2026,踱步,從化,內圈,從化 內圈,,,,,,助手,,倒快兩圈,H,內圈 倒快兩圈 (助手)
J008,13/05/2026,游水,從化,,從化,,,,,,,,游水,,
J008,13/05/2026,踱步,從化,內圈,從化 內圈,,,,,,助手,,快踱兩圈,H,內圈 快踱兩圈 (助手)
J008,12/05/2026,游水,從化,,從化,,,,,,,,游水,,
J008,12/05/2026,踱步,從化,內圈,從化 內圈,,,,,,助手,,快踱一圈,H,內圈 快踱一圈 (助手)
J008,11/05/2026,游水,從化,,從化,,,,,,,,游水,,
J008,11/05/2026,踱步,從化,內圈,從化 內圈,,,,,,助手,,倒快兩圈,H,內圈 倒快兩圈 (助手)
J008,10/05/2026,游水,從化,,從化,,,,,,,,游水,,
J008,10/05/2026,快操,從化,全天候,從化 全天候,,51.2,51.2,27.4 23.8,,助手,,快操,H,27.4 23.8 (51.2) (助手)
J008,10/05/2026,踱步,從化,飛機場,從化 飛機場,,,,,,助手,,踱步,H,飛機場 踱步 (助手)
J008,09/05/2026,游水,從化,,從化,,,,,,,,游水,,
J008,09/05/2026,踱步,從化,內圈,從化 內圈,,,,,,助手,,快踱兩圈,H,內圈 快踱兩圈 (助手)
J008,08/05/2026,游水,沙田,,沙田,,,,,,,,游水,,
J008,08/05/2026,踱步,沙田,內圈,沙田 內圈,,,,,,助手,,快踱一圈,H,內圈 快踱一圈 (助手)
J008,07/05/2026,游水,沙田,,沙田,,,,,,,,游水,,
J008,07/05/2026,踱步,沙田,內圈,沙田 內圈,,,,,,助手,,倒快兩圈,H,內圈 倒快兩圈 (助手)
J008,06/05/2026,游水,沙田,,沙田,,,,,,,,游水,,
J008,06/05/2026,踱步,沙田,飛機場,沙田 飛機場,,,,,,助手,,踱步,H,飛機場 踱步 (助手)
J008,05/05/2026,游水,沙田,,沙田,,,,,,,,游水,,
J008,03/05/2026,出賽,沙田,草地,沙田 草地,1600M,,,,,周俊樂,11/11,出賽,TT,1600M (周俊樂) (11/11)
J008,03/05/2026,游水,沙田,,沙田,,,,,,,,游水,,
J008,03/05/2026,踱步,沙田,飛機場,沙田 飛機場,,,,,,助手,,踱步,H,飛機場 踱步 (助手)
J008,02/05/2026,游水,沙田,,沙田,,,,,,,,游水,,
J008,02/05/2026,踱步,沙田,內圈,沙田 內圈,,,,,,助手,,快踱兩圈,H,內圈 快踱兩圈 (助手)
J008,01/05/2026,游水,沙田,,沙田,,,,,,,,游水,,
J008,01/05/2026,踱步,沙田,內圈,沙田 內圈,,,,,,助手,,快踱一圈,H,內圈 快踱一圈 (助手)
J008,30/04/2026,游水,沙田,,沙田,,,,,,,,游水,,
J008,30/04/2026,快操,沙田,全天候,沙田 全天候,,54.6,54.6,28.5 26.1,,周俊樂,,快操,H,28.5 26.1 (54.6) (周俊樂)
J008,30/04/2026,踱步,沙田,飛機場,沙田 飛機場,,,,,,助手,,踱步,H,飛機場 踱步 (助手)
J008,29/04/2026,游水,沙田,,沙田,,,,,,,,游水,,
J008,29/04/2026,踱步,沙田,內圈,沙田 內圈,,,,,,助手,,快踱一圈,H,內圈 快踱一圈 (助手)
J008,28/04/2026,游水,從化,,從化,,,,,,,,游水,,
J008,28/04/2026,踱步,從化,內圈,從化 內圈,,,,,,助手,,快踱一圈,H,內圈 快踱一圈 (助手)
J008,27/04/2026,游水,從化,,從化,,,,,,,,游水,,
J008,27/04/2026,踱步,從化,內圈,從化 內圈,,,,,,助手,,倒快兩圈,H,內圈 倒快兩圈 (助手)
J008,26/04/2026,游水,從化,,從化,,,,,,,,游水,,
J008,26/04/2026,快操,從化,全天候,從化 全天候,,52.8,52.8,26.9 25.9,,助手,,快操,H,26.9 25.9 (52.8) (助手)
J008,26/04/2026,踱步,從化,飛機場,從化 飛機場,,,,,,助手,,踱步,H,飛機場 踱步 (助手)
J008,25/04/2026,游水,從化,,從化,,,,,,,,游水,,
J008,25/04/2026,踱步,從化,內圈,從化 內圈,,,,,,助手,,快踱兩圈,H,內圈 快踱兩圈 (助手)
J008,24/04/2026,游水,從化,,從化,,,,,,,,游水,,
J008,24/04/2026,踱步,從化,內圈,從化 內圈,,,,,,助手,,快踱一圈,H,內圈 快踱一圈 (助手)
J008,23/04/2026,游水,從化,,從化,,,,,,,,游水,,
J008,23/04/2026,快操,從化,全天候,從化 全天候,,52.6,52.6,27.7 24.9,,助手,,快操,H,27.7 24.9 (52.6) (助手)
J008,23/04/2026,踱步,從化,飛機場,從化 飛機場,,,,,,助手,,踱步,H,飛機場 踱步 (助手)
J008,22/04/2026,游水,從化,,從化,,,,,,,,游水,,
J008,22/04/2026,踱步,從化,內圈,從化 內圈,,,,,,助手,,快踱兩圈,H,內圈 快踱兩圈 (助手)
J008,21/04/2026,游水,從化,,從化,,,,,,,,游水,,
J008,21/04/2026,踱步,從化,內圈,從化 內圈,,,,,,助手,,快踱一圈,H,內圈 快踱一圈 (助手)
J008,20/04/2026,游水,從化,,從化,,,,,,,,游水,,
J008,20/04/2026,踱步,從化,內圈,從化 內圈,,,,,,助手,,倒快兩圈,H,內圈 倒快兩圈 (助手)
J008,19/04/2026,游水,從化,,從化,,,,,,,,游水,,
J008,19/04/2026,快操,從化,全天候,從化 全天候,,52.5,52.5,27.5 25.0,,助手,,快操,H,27.5 25.0 (52.5) (助手)
J008,19/04/2026,踱步,從化,飛機場,從化 飛機場,,,,,,助手,,踱步,H,飛機場 踱步 (助手)
J008,18/04/2026,游水,從化,,從化,,,,,,,,游水,,
J008,18/04/2026,踱步,從化,內圈,從化 內圈,,,,,,助手,,快踱兩圈,H,內圈 快踱兩圈 (助手)
J008,17/04/2026,游水,沙田,,沙田,,,,,,,,游水,,
J008,17/04/2026,踱步,沙田,內圈,沙田 內圈,,,,,,助手,,快踱一圈,H,內圈 快踱一圈 (助手)
J008,16/04/2026,游水,沙田,,沙田,,,,,,,,游水,,
J008,16/04/2026,踱步,沙田,內圈,沙田 內圈,,,,,,助手,,倒快兩圈,H,內圈 倒快兩圈 (助手)
J008,15/04/2026,游水,沙田,,沙田,,,,,,,,游水,,
J008,15/04/2026,踱步,沙田,飛機場,沙田 飛機場,,,,,,助手,,踱步,H,飛機場 踱步 (助手)
J008,14/04/2026,游水,沙田,,沙田,,,,,,,,游水,,
J008,12/04/2026,出賽,沙田,草地,沙田 草地,1200M,,,,,奧爾民,10/12,出賽,TT,1200M (奧爾民) (10/12)
J008,12/04/2026,游水,沙田,,沙田,,,,,,,,游水,,
J008,12/04/2026,踱步,沙田,飛機場,沙田 飛機場,,,,,,助手,,踱步,H,飛機場 踱步 (助手)
J008,11/04/2026,游水,沙田,,沙田,,,,,,,,游水,,
J008,11/04/2026,踱步,沙田,內圈,沙田 內圈,,,,,,助手,,快踱兩圈,H,內圈 快踱兩圈 (助手)
J008,10/04/2026,游水,沙田,,沙田,,,,,,,,游水,,
J008,10/04/2026,踱步,沙田,內圈,沙田 內圈,,,,,,助手,,快踱一圈,H,內圈 快踱一圈 (助手)
J008,09/04/2026,游水,沙田,,沙田,,,,,,,,游水,,
J008,09/04/2026,快操,沙田,全天候,沙田 全天候,,1.26.6,86.6,33.8 27.2 25.6,,奧爾民,,快操,H,33.8 27.2 25.6 (1.26.6) (奧爾民)
J008,09/04/2026,踱步,沙田,飛機場,沙田 飛機場,,,,,,助手,,踱步,H,飛機場 踱步 (助手)
J008,08/04/2026,游水,沙田,,沙田,,,,,,,,游水,,
J008,08/04/2026,踱步,沙田,內圈,沙田 內圈,,,,,,助手,,快踱兩圈,H,內圈 快踱兩圈 (助手)
J008,07/04/2026,游水,沙田,,沙田,,,,,,,,游水,,
J008,07/04/2026,踱步,沙田,內圈,沙田 內圈,,,,,,助手,,快踱一圈,H,內圈 快踱一圈 (助手)
J008,06/04/2026,游水,沙田,,沙田,,,,,,,,游水,,
J008,06/04/2026,踱步,沙田,內圈,沙田 內圈,,,,,,助手,,倒快兩圈,H,內圈 倒快兩圈 (助手)
J008,05/04/2026,游水,沙田,,沙田,,,,,,,,游水,,
J008,05/04/2026,踱步,沙田,內圈,沙田 內圈,,,,,,助手,,快踱一圈,H,內圈 快踱一圈 (助手)
J008,04/04/2026,游水,沙田,,沙田,,,,,,,,游水,,
J008,04/04/2026,踱步,沙田,內圈,沙田 內圈,,,,,,助手,,快踱兩圈,H,內圈 快踱兩圈 (助手)
J008,03/04/2026,踱步,沙田,內圈,沙田 內圈,,,,,,助手,,快踱一圈,H,內圈 快踱一圈 (助手)
J008,02/04/2026,游水,沙田,,沙田,,,,,,,,游水,,
J008,02/04/2026,踱步,沙田,內圈,沙田 內圈,,,,,,助手,,倒快兩圈,H,內圈 倒快兩圈 (助手)
J008,01/04/2026,游水,沙田,,沙田,,,,,,,,游水,,
J008,01/04/2026,踱步,沙田,內圈,沙田 內圈,,,,,,助手,,快踱兩圈,H,內圈 快踱兩圈 (助手)
J008,31/03/2026,游水,沙田,,沙田,,,,,,,,游水,,
J008,31/03/2026,踱步,沙田,內圈,沙田 內圈,,,,,,助手,,快踱一圈,H,內圈 快踱一圈 (助手)
J008,30/03/2026,游水,沙田,,沙田,,,,,,,,游水,,
J008,30/03/2026,踱步,沙田,內圈,沙田 內圈,,,,,,助手,,倒快兩圈,H,內圈 倒快兩圈 (助手)
J008,29/03/2026,快操,沙田,全天候,沙田 全天候,,1.26.5,86.5,32.4 28.3 25.8,,助手,,快操,H,32.4 28.3 25.8 (1.26.5) (助手)
J008,29/03/2026,踱步,沙田,飛機場,沙田 飛機場,,,,,,助手,,踱步,H,飛機場 踱步 (助手)
J008,28/03/2026,游水,沙田,,沙田,,,,,,,,游水,,
J008,28/03/2026,踱步,沙田,內圈,沙田 內圈,,,,,,助手,,快踱兩圈,H,內圈 快踱兩圈 (助手)
J008,27/03/2026,游水,沙田,,沙田,,,,,,,,游水,,
J008,27/03/2026,踱步,沙田,內圈,沙田 內圈,,,,,,助手,,快踱一圈,H,內圈 快踱一圈 (助手)
J008,26/03/2026,游水,沙田,,沙田,,,,,,,,游水,,
J008,26/03/2026,踱步,沙田,內圈,沙田 內圈,,,,,,助手,,倒快兩圈,H,內圈 倒快兩圈 (助手)
J008,25/03/2026,游水,沙田,,沙田,,,,,,,,游水,,
J008,25/03/2026,踱步,沙田,飛機場,沙田 飛機場,,,,,,助手,,踱步,H,飛機場 踱步 (助手)
J008,24/03/2026,游水,沙田,,沙田,,,,,,,,游水,,
J008,22/03/2026,出賽,沙田,草地,沙田 草地,1400M,,,,,周俊樂,8/14,出賽,TT,1400M (周俊樂) (8/14)
J008,22/03/2026,游水,沙田,,沙田,,,,,,,,游水,,
J008,22/03/2026,踱步,沙田,飛機場,沙田 飛機場,,,,,,助手,,踱步,H,飛機場 踱步 (助手)
J008,21/03/2026,游水,沙田,,沙田,,,,,,,,游水,,
J008,21/03/2026,踱步,沙田,內圈,沙田 內圈,,,,,,助手,,快踱兩圈,H,內圈 快踱兩圈 (助手)
J008,20/03/2026,游水,沙田,,沙田,,,,,,,,游水,,
J008,20/03/2026,踱步,沙田,內圈,沙田 內圈,,,,,,助手,,快踱一圈,H,內圈 快踱一圈 (助手)
J008,19/03/2026,游水,沙田,,沙田,,,,,,,,游水,,
J008,19/03/2026,快操,沙田,全天候,沙田 全天候,,1.25.0,85.0,31.8 28.0 25.2,,周俊樂,,快操,H,31.8 28.0 25.2 (1.25.0) (周俊樂)
J008,19/03/2026,踱步,沙田,飛機場,沙田 飛機場,,,,,,助手,,踱步,H,飛機場 踱步 (助手)
J008,18/03/2026,游水,沙田,,沙田,,,,,,,,游水,,
J008,18/03/2026,踱步,沙田,內圈,沙田 內圈,,,,,,助手,,快踱兩圈,H,內圈 快踱兩圈 (助手)
J008,17/03/2026,游水,從化,,從化,,,,,,,,游水,,
J008,17/03/2026,踱步,從化,內圈,從化 內圈,,,,,,助手,,快踱一圈,H,內圈 快踱一圈 (助手)
J008,16/03/2026,游水,從化,,從化,,,,,,,,游水,,
J008,16/03/2026,踱步,從化,內圈,從化 內圈,,,,,,助手,,倒快兩圈,H,內圈 倒快兩圈 (助手)
J008,15/03/2026,游水,從化,,從化,,,,,,,,游水,,
J008,15/03/2026,踱步,從化,內圈,從化 內圈,,,,,,助手,,快踱一圈,H,內圈 快踱一圈 (助手)
J008,14/03/2026,游水,從化,,從化,,,,,,,,游水,,
J008,14/03/2026,踱步,從化,內圈,從化 內圈,,,,,,助手,,快踱一圈,H,內圈 快踱一圈 (助手)
J008,13/03/2026,踱步,從化,飛機場,從化 飛機場,,,,,,助手,,踱步,H,飛機場 踱步 (助手)
J008,12/03/2026,試閘,從化,全天候,從化 全天候,1200M,1.12.91,72.91,27.3 23.7 21.9,禪勝輝煌,祖利曼,,第1組,,第1組 (祖利曼) 1200M 禪勝輝煌 27.3 23.7 21.9 (1.12.91)
J008,12/03/2026,踱步,從化,飛機場,從化 飛機場,,,,,,助手,,踱步,,飛機場 踱步 (助手)
J008,11/03/2026,游水,從化,,從化,,,,,,,,游水,,
J008,11/03/2026,踱步,從化,內圈,從化 內圈,,,,,,助手,,快踱兩圈,H,內圈 快踱兩圈 (助手)
J008,10/03/2026,游水,從化,,從化,,,,,,,,游水,,
J008,10/03/2026,踱步,從化,內圈,從化 內圈,,,,,,助手,,快踱一圈,H,內圈 快踱一圈 (助手)
J008,09/03/2026,游水,從化,,從化,,,,,,,,游水,,
J008,09/03/2026,踱步,從化,內圈,從化 內圈,,,,,,助手,,倒快兩圈,H,內圈 倒快兩圈 (助手)
J008,08/03/2026,游水,從化,,從化,,,,,,,,游水,,
J008,08/03/2026,快操,從化,全天候,從化 全天候,,53.3,53.3,27.6 25.7,,助手,,快操,H,27.6 25.7 (53.3) (助手)
J008,08/03/2026,踱步,從化,飛機場,從化 飛機場,,,,,,助手,,踱步,H,飛機場 踱步 (助手)
J008,07/03/2026,游水,從化,,從化,,,,,,,,游水,,
J008,07/03/2026,踱步,從化,內圈,從化 內圈,,,,,,助手,,快踱兩圈,H,內圈 快踱兩圈 (助手)
J008,06/03/2026,游水,從化,,從化,,,,,,,,游水,,
J008,06/03/2026,踱步,從化,內圈,從化 內圈,,,,,,助手,,快踱一圈,H,內圈 快踱一圈 (助手)
J008,05/03/2026,游水,從化,,從化,,,,,,,,游水,,
J008,05/03/2026,踱步,從化,內圈,從化 內圈,,,,,,助手,,倒快兩圈,H,內圈 倒快兩圈 (助手)
J008,04/03/2026,游水,從化,,從化,,,,,,,,游水,,
J008,04/03/2026,踱步,從化,內圈,從化 內圈,,,,,,助手,,快踱兩圈,H,內圈 快踱兩圈 (助手)
J008,03/03/2026,游水,從化,,從化,,,,,,,,游水,,
J008,03/03/2026,踱步,從化,內圈,從化 內圈,,,,,,助手,,快踱一圈,H,內圈 快踱一圈 (助手)
J008,02/03/2026,游水,從化,,從化,,,,,,,,游水,,
J008,02/03/2026,踱步,從化,內圈,從化 內圈,,,,,,助手,,倒快兩圈,H,內圈 倒快兩圈 (助手)
J008,01/03/2026,游水,從化,,從化,,,,,,,,游水,,
J008,01/03/2026,快操,從化,全天候,從化 全天候,,52.6,52.6,28.4 24.2,,助手,,快操,H,28.4 24.2 (52.6) (助手)
J008,01/03/2026,踱步,從化,飛機場,從化 飛機場,,,,,,助手,,踱步,H,飛機場 踱步 (助手)
J008,28/02/2026,游水,從化,,從化,,,,,,,,游水,,
J008,28/02/2026,踱步,從化,內圈,從化 內圈,,,,,,助手,,快踱兩圈,H,內圈 快踱兩圈 (助手)
J008,27/02/2026,游水,從化,,從化,,,,,,,,游水,,
J008,27/02/2026,踱步,從化,內圈,從化 內圈,,,,,,助手,,快踱一圈,H,內圈 快踱一圈 (助手)
J008,26/02/2026,游水,從化,,從化,,,,,,,,游水,,
J008,26/02/2026,踱步,從化,內圈,從化 內圈,,,,,,助手,,倒快兩圈,H,內圈 倒快兩圈 (助手)
J008,25/02/2026,游水,沙田,,沙田,,,,,,,,游水,,
J008,25/02/2026,踱步,沙田,內圈,沙田 內圈,,,,,,助手,,快踱兩圈,H,內圈 快踱兩圈 (助手)
J008,24/02/2026,游水,沙田,,沙田,,,,,,,,游水,,
J008,24/02/2026,踱步,沙田,內圈,沙田 內圈,,,,,,助手,,快踱一圈,H,內圈 快踱一圈 (助手)
J008,23/02/2026,游水,沙田,,沙田,,,,,,,,游水,,
J008,23/02/2026,踱步,沙田,內圈,沙田 內圈,,,,,,助手,,倒快兩圈,H,內圈 倒快兩圈 (助手)
J008,22/02/2026,游水,沙田,,沙田,,,,,,,,游水,,
J008,22/02/2026,踱步,沙田,飛機場,沙田 飛機場,,,,,,助手,,踱步,H,飛機場 踱步 (助手)
J008,21/02/2026,游水,沙田,,沙田,,,,,,,,游水,,
J008,19/02/2026,出賽,沙田,草地,沙田 草地,1600M,,,,,麥文堅,9/10,出賽,TT,1600M (麥文堅) (9/10)
J008,19/02/2026,游水,沙田,,沙田,,,,,,,,游水,,
J008,19/02/2026,踱步,沙田,飛機場,沙田 飛機場,,,,,,助手,,踱步,H,飛機場 踱步 (助手)
J008,18/02/2026,游水,沙田,,沙田,,,,,,,,游水,,
J008,18/02/2026,踱步,沙田,內圈,沙田 內圈,,,,,,助手,,快踱一圈,H,內圈 快踱一圈 (助手)
J008,16/02/2026,游水,沙田,,沙田,,,,,,,,游水,,
J008,16/02/2026,快操,沙田,草地,沙田 草地,,53.5,53.5,29.0 24.5,,助手,,快操,H,29.0 24.5 (53.5) (助手)
J008,16/02/2026,踱步,沙田,飛機場,沙田 飛機場,,,,,,助手,,踱步,H,飛機場 踱步 (助手)
J008,15/02/2026,游水,沙田,,沙田,,,,,,,,游水,,
J008,15/02/2026,踱步,沙田,內圈,沙田 內圈,,,,,,助手,,快踱一圈,H,內圈 快踱一圈 (助手)
J008,14/02/2026,游水,沙田,,沙田,,,,,,,,游水,,
J008,14/02/2026,踱步,沙田,內圈,沙田 內圈,,,,,,助手,,快踱兩圈,H,內圈 快踱兩圈 (助手)
J008,13/02/2026,游水,沙田,,沙田,,,,,,,,游水,,
J008,13/02/2026,踱步,沙田,內圈,沙田 內圈,,,,,,助手,,快踱一圈,H,內圈 快踱一圈 (助手)
J008,12/02/2026,游水,沙田,,沙田,,,,,,,,游水,,
J008,12/02/2026,快操,沙田,全天候,沙田 全天候,,53.0,53.0,28.0 25.0,,助手,,快操,H,28.0 25.0 (53.0) (助手)
J008,12/02/2026,踱步,沙田,飛機場,沙田 飛機場,,,,,,助手,,踱步,H,飛機場 踱步 (助手)
J008,11/02/2026,游水,沙田,,沙田,,,,,,,,游水,,
J008,11/02/2026,踱步,沙田,內圈,沙田 內圈,,,,,,助手,,快踱兩圈,H,內圈 快踱兩圈 (助手)
J008,10/02/2026,游水,從化,,從化,,,,,,,,游水,,
J008,10/02/2026,踱步,從化,內圈,從化 內圈,,,,,,助手,,快踱一圈,H,內圈 快踱一圈 (助手)
J008,09/02/2026,游水,從化,,從化,,,,,,,,游水,,
J008,09/02/2026,踱步,從化,內圈,從化 內圈,,,,,,助手,,倒快兩圈,H,內圈 倒快兩圈 (助手)
J008,08/02/2026,游水,從化,,從化,,,,,,,,游水,,
J008,08/02/2026,快操,從化,全天候,從化 全天候,,53.2,53.2,26.8 26.4,,助手,,快操,H,26.8 26.4 (53.2) (助手)
J008,08/02/2026,踱步,從化,飛機場,從化 飛機場,,,,,,助手,,踱步,H,飛機場 踱步 (助手)
J008,07/02/2026,游水,從化,,從化,,,,,,,,游水,,
J008,07/02/2026,踱步,從化,內圈,從化 內圈,,,,,,助手,,快踱兩圈,H,內圈 快踱兩圈 (助手)
J008,06/02/2026,游水,從化,,從化,,,,,,,,游水,,
J008,06/02/2026,踱步,從化,內圈,從化 內圈,,,,,,助手,,快踱一圈,H,內圈 快踱一圈 (助手)
J008,05/02/2026,游水,從化,,從化,,,,,,,,游水,,
J008,05/02/2026,快操,從化,全天候,從化 全天候,,53.5,53.5,27.7 25.8,,助手,,快操,H,27.7 25.8 (53.5) (助手)
J008,05/02/2026,踱步,從化,飛機場,從化 飛機場,,,,,,助手,,踱步,H,飛機場 踱步 (助手)
J008,04/02/2026,游水,從化,,從化,,,,,,,,游水,,
J008,04/02/2026,踱步,從化,內圈,從化 內圈,,,,,,助手,,快踱兩圈,H,內圈 快踱兩圈 (助手)
J008,03/02/2026,游水,從化,,從化,,,,,,,,游水,,
J008,03/02/2026,踱步,從化,內圈,從化 內圈,,,,,,助手,,快踱一圈,H,內圈 快踱一圈 (助手)
J008,02/02/2026,游水,從化,,從化,,,,,,,,游水,,
J008,02/02/2026,踱步,從化,內圈,從化 內圈,,,,,,助手,,倒快兩圈,H,內圈 倒快兩圈 (助手)
J008,01/02/2026,游水,從化,,從化,,,,,,,,游水,,
J008,01/02/2026,踱步,從化,內圈,從化 內圈,,,,,,助手,,快踱一圈,H,內圈 快踱一圈 (助手)
J008,31/01/2026,游水,從化,,從化,,,,,,,,游水,,
J008,31/01/2026,踱步,從化,內圈,從化 內圈,,,,,,助手,,快踱兩圈,H,內圈 快踱兩圈 (助手)
J008,30/01/2026,游水,從化,,從化,,,,,,,,游水,,
J008,30/01/2026,踱步,從化,內圈,從化 內圈,,,,,,助手,,快踱一圈,H,內圈 快踱一圈 (助手)
J008,29/01/2026,游水,從化,,從化,,,,,,,,游水,,
J008,29/01/2026,踱步,從化,飛機場,從化 飛機場,,,,,,助手,,踱步,H,飛機場 踱步 (助手)
J008,28/01/2026,游水,從化,,從化,,,,,,,,游水,,
J008,27/01/2026,游水,從化,,從化,,,,,,,,游水,,
J008,27/01/2026,踱步,從化,內圈,從化 內圈,,,,,,助手,,快踱一圈,H,內圈 快踱一圈 (助手)
J008,26/01/2026,游水,從化,,從化,,,,,,,,游水,,
J008,26/01/2026,踱步,從化,內圈,從化 內圈,,,,,,助手,,倒快兩圈,H,內圈 倒快兩圈 (助手)
J008,25/01/2026,游水,從化,,從化,,,,,,,,游水,,
J008,25/01/2026,踱步,從化,內圈,從化 內圈,,,,,,助手,,快踱一圈,H,內圈 快踱一圈 (助手)
J008,24/01/2026,游水,從化,,從化,,,,,,,,游水,,
J008,24/01/2026,踱步,從化,飛機場,從化 飛機場,,,,,,助手,,踱步,H,飛機場 踱步 (助手)
J008,23/01/2026,游水,沙田,,沙田,,,,,,,,游水,,
J008,21/01/2026,出賽,沙田,全天候,沙田 全天候,1650M,,,,,周俊樂,2/6,出賽,TT,1650M (周俊樂) (2/6)
J008,21/01/2026,游水,沙田,,沙田,,,,,,,,游水,,
J008,21/01/2026,踱步,沙田,飛機場,沙田 飛機場,,,,,,助手,,踱步,H,飛機場 踱步 (助手)
J008,20/01/2026,游水,沙田,,沙田,,,,,,,,游水,,
J008,20/01/2026,踱步,沙田,內圈,沙田 內圈,,,,,,助手,,快踱一圈,H,內圈 快踱一圈 (助手)
J008,19/01/2026,游水,沙田,,沙田,,,,,,,,游水,,
J008,19/01/2026,快操,沙田,草地,沙田 草地,,51.4,51.4,26.5 24.9,,布文,,快操,H,26.5 24.9 (51.4) (布文)
J008,19/01/2026,踱步,沙田,飛機場,沙田 飛機場,,,,,,助手,,踱步,H,飛機場 踱步 (助手)
J008,18/01/2026,游水,沙田,,沙田,,,,,,,,游水,,
J008,18/01/2026,踱步,沙田,內圈,沙田 內圈,,,,,,助手,,快踱一圈,H,內圈 快踱一圈 (助手)
J008,17/01/2026,游水,沙田,,沙田,,,,,,,,游水,,
J008,17/01/2026,踱步,沙田,內圈,沙田 內圈,,,,,,助手,,快踱兩圈,H,內圈 快踱兩圈 (助手)
J008,16/01/2026,游水,沙田,,沙田,,,,,,,,游水,,
J008,16/01/2026,踱步,沙田,內圈,沙田 內圈,,,,,,助手,,快踱一圈,H,內圈 快踱一圈 (助手)
J008,15/01/2026,游水,沙田,,沙田,,,,,,,,游水,,
J008,15/01/2026,快操,沙田,全天候,沙田 全天候,,55.1,55.1,29.0 26.1,,布文,,快操,H,29.0 26.1 (55.1) (布文)
J008,15/01/2026,踱步,沙田,飛機場,沙田 飛機場,,,,,,助手,,踱步,H,飛機場 踱步 (助手)
J008,14/01/2026,游水,沙田,,沙田,,,,,,,,游水,,
J008,14/01/2026,踱步,沙田,內圈,沙田 內圈,,,,,,助手,,快踱兩圈,H,內圈 快踱兩圈 (助手)
J008,13/01/2026,游水,從化,,從化,,,,,,,,游水,,
J008,13/01/2026,踱步,從化,內圈,從化 內圈,,,,,,助手,,快踱一圈,H,內圈 快踱一圈 (助手)
J008,12/01/2026,游水,從化,,從化,,,,,,,,游水,,
J008,12/01/2026,踱步,從化,內圈,從化 內圈,,,,,,助手,,倒快兩圈,H,內圈 倒快兩圈 (助手)
J008,11/01/2026,游水,從化,,從化,,,,,,,,游水,,
J008,11/01/2026,踱步,從化,內圈,從化 內圈,,,,,,助手,,快踱一圈,H,內圈 快踱一圈 (助手)
J008,10/01/2026,游水,從化,,從化,,,,,,,,游水,,
J008,10/01/2026,踱步,從化,內圈,從化 內圈,,,,,,助手,,快踱一圈,H,內圈 快踱一圈 (助手)
J008,09/01/2026,游水,從化,,從化,,,,,,,,游水,,
J008,09/01/2026,踱步,從化,飛機場,從化 飛機場,,,,,,助手,,踱步,H,飛機場 踱步 (助手)
J008,08/01/2026,試閘,從化,全天候,從化 全天候,1200M,1.12.97,72.97,26.4 23.5 23.0,知足常樂,駱泰尼,,第1組,,第1組 (駱泰尼) 1200M 知足常樂 26.4 23.5 23.0 (1.12.97)
J008,08/01/2026,踱步,從化,飛機場,從化 飛機場,,,,,,助手,,踱步,,飛機場 踱步 (助手)
J008,07/01/2026,游水,從化,,從化,,,,,,,,游水,,
J008,07/01/2026,踱步,從化,內圈,從化 內圈,,,,,,助手,,快踱兩圈,H,內圈 快踱兩圈 (助手)
J008,06/01/2026,游水,從化,,從化,,,,,,,,游水,,
J008,06/01/2026,踱步,從化,內圈,從化 內圈,,,,,,助手,,快踱一圈,H,內圈 快踱一圈 (助手)
J008,05/01/2026,游水,從化,,從化,,,,,,,,游水,,
J008,05/01/2026,踱步,從化,內圈,從化 內圈,,,,,,助手,,倒快兩圈,H,內圈 倒快兩圈 (助手)
J008,04/01/2026,游水,從化,,從化,,,,,,,,游水,,
J008,04/01/2026,快操,從化,全天候,從化 全天候,,53.5,53.5,28.3 25.2,,助手,,快操,H,28.3 25.2 (53.5) (助手)
J008,04/01/2026,踱步,從化,飛機場,從化 飛機場,,,,,,助手,,踱步,H,飛機場 踱步 (助手)
J008,03/01/2026,游水,從化,,從化,,,,,,,,游水,,
J008,03/01/2026,踱步,從化,內圈,從化 內圈,,,,,,助手,,快踱兩圈,H,內圈 快踱兩圈 (助手)
J008,02/01/2026,游水,從化,,從化,,,,,,,,游水,,
J008,02/01/2026,踱步,從化,內圈,從化 內圈,,,,,,助手,,快踱一圈,H,內圈 快踱一圈 (助手)
J008,01/01/2026,游水,從化,,從化,,,,,,,,游水,,
J008,01/01/2026,踱步,從化,內圈,從化 內圈,,,,,,助手,,倒快兩圈,H,內圈 倒快兩圈 (助手)
J008,31/12/2025,游水,從化,,從化,,,,,,,,游水,,
J008,31/12/2025,踱步,從化,飛機場,從化 飛機場,,,,,,助手,,踱步,H,飛機場 踱步 (助手)
J008,30/12/2025,試閘,從化,草地,從化 草地,1200M,1.12.16,72.16,26.5 23.0 22.6,安遇,鍾易禮,,第5組,,第5組 (鍾易禮) 1200M 安遇 26.5 23.0 22.6 (1.12.16)
J008,30/12/2025,踱步,從化,飛機場,從化 飛機場,,,,,,助手,,踱步,,飛機場 踱步 (助手)
J008,29/12/2025,游水,從化,,從化,,,,,,,,游水,,
J008,29/12/2025,踱步,從化,內圈,從化 內圈,,,,,,助手,,倒快兩圈,H,內圈 倒快兩圈 (助手)
J008,28/12/2025,游水,從化,,從化,,,,,,,,游水,,
J008,28/12/2025,踱步,從化,內圈,從化 內圈,,,,,,助手,,快踱一圈,H,內圈 快踱一圈 (助手)
J008,27/12/2025,游水,從化,,從化,,,,,,,,游水,,
J008,27/12/2025,踱步,從化,內圈,從化 內圈,,,,,,助手,,快踱兩圈,H,內圈 快踱兩圈 (助手)
J008,26/12/2025,游水,從化,,從化,,,,,,,,游水,,
J008,26/12/2025,踱步,從化,內圈,從化 內圈,,,,,,助手,,快踱一圈,H,內圈 快踱一圈 (助手)
J008,25/12/2025,游水,從化,,從化,,,,,,,,游水,,
J008,25/12/2025,踱步,從化,內圈,從化 內圈,,,,,,助手,,倒快兩圈,H,內圈 倒快兩圈 (助手)
J008,24/12/2025,游水,沙田,,沙田,,,,,,,,游水,,
J008,24/12/2025,踱步,沙田,內圈,沙田 內圈,,,,,,助手,,快踱一圈,H,內圈 快踱一圈 (助手)
J008,23/12/2025,游水,沙田,,沙田,,,,,,,,游水,,
J008,23/12/2025,踱步,沙田,飛機場,沙田 飛機場,,,,,,助手,,踱步,H,飛機場 踱步 (助手)
J008,22/12/2025,游水,沙田,,沙田,,,,,,,,游水,,
J008,20/12/2025,出賽,沙田,草地,沙田 草地,1200M,,,,,布文,11/11,出賽,TT,1200M (布文) (11/11)
J008,20/12/2025,游水,沙田,,沙田,,,,,,,,游水,,
J008,20/12/2025,踱步,沙田,飛機場,沙田 飛機場,,,,,,助手,,踱步,H,飛機場 踱步 (助手)
J008,19/12/2025,游水,沙田,,沙田,,,,,,,,游水,,
J008,19/12/2025,踱步,沙田,內圈,沙田 內圈,,,,,,助手,,快踱一圈,H,內圈 快踱一圈 (助手)
J008,18/12/2025,游水,沙田,,沙田,,,,,,,,游水,,
J008,18/12/2025,踱步,沙田,內圈,沙田 內圈,,,,,,助手,,倒快兩圈,H,內圈 倒快兩圈 (助手)
J008,17/12/2025,游水,沙田,,沙田,,,,,,,,游水,,
J008,17/12/2025,踱步,沙田,內圈,沙田 內圈,,,,,,助手,,快踱兩圈,H,內圈 快踱兩圈 (助手)
J008,16/12/2025,游水,沙田,,沙田,,,,,,,,游水,,
J008,16/12/2025,踱步,沙田,內圈,沙田 內圈,,,,,,助手,,快踱一圈,H,內圈 快踱一圈 (助手)
J008,15/12/2025,游水,沙田,,沙田,,,,,,,,游水,,
J008,15/12/2025,踱步,沙田,內圈,沙田 內圈,,,,,,助手,,倒快兩圈,H,內圈 倒快兩圈 (助手)
J008,14/12/2025,游水,沙田,,沙田,,,,,,,,游水,,
J008,14/12/2025,快操,沙田,全天候,沙田 全天候,,53.5,53.5,29.3 24.2,,助手,,快操,H,29.3 24.2 (53.5) (助手)
J008,14/12/2025,踱步,沙田,飛機場,沙田 飛機場,,,,,,助手,,踱步,H,飛機場 踱步 (助手)
J008,13/12/2025,游水,沙田,,沙田,,,,,,,,游水,,
J008,13/12/2025,踱步,沙田,內圈,沙田 內圈,,,,,,助手,,快踱兩圈,H,內圈 快踱兩圈 (助手)
J008,12/12/2025,游水,沙田,,沙田,,,,,,,,游水,,
J008,12/12/2025,踱步,沙田,內圈,沙田 內圈,,,,,,助手,,快踱一圈,H,內圈 快踱一圈 (助手)
J008,11/12/2025,游水,沙田,,沙田,,,,,,,,游水,,
J008,11/12/2025,踱步,沙田,內圈,沙田 內圈,,,,,,助手,,倒快兩圈,H,內圈 倒快兩圈 (助手)
J008,10/12/2025,游水,沙田,,沙田,,,,,,,,游水,,
J008,10/12/2025,踱步,沙田,飛機場,沙田 飛機場,,,,,,助手,,踱步,H,飛機場 踱步 (助手)
J008,09/12/2025,游水,沙田,,沙田,,,,,,,,游水,,
J008,07/12/2025,出賽,沙田,全天候,沙田 全天候,1200M,,,,,布文,1/12,出賽,TT,1200M (布文) (1/12)
J008,07/12/2025,游水,沙田,,沙田,,,,,,,,游水,,
J008,07/12/2025,踱步,沙田,飛機場,沙田 飛機場,,,,,,助手,,踱步,H,飛機場 踱步 (助手)
J008,06/12/2025,游水,沙田,,沙田,,,,,,,,游水,,
J008,06/12/2025,踱步,沙田,內圈,沙田 內圈,,,,,,助手,,快踱兩圈,H,內圈 快踱兩圈 (助手)
J008,05/12/2025,游水,沙田,,沙田,,,,,,,,游水,,
J008,05/12/2025,踱步,沙田,內圈,沙田 內圈,,,,,,助手,,快踱一圈,H,內圈 快踱一圈 (助手)
J008,04/12/2025,游水,沙田,,沙田,,,,,,,,游水,,
J008,04/12/2025,快操,沙田,草地,沙田 草地,,53.8,53.8,29.3 24.5,,布文,,快操,H,29.3 24.5 (53.8) (布文)
J008,04/12/2025,踱步,沙田,飛機場,沙田 飛機場,,,,,,助手,,踱步,H,飛機場 踱步 (助手)
J008,03/12/2025,游水,沙田,,沙田,,,,,,,,游水,,
J008,03/12/2025,踱步,沙田,內圈,沙田 內圈,,,,,,助手,,快踱兩圈,H,內圈 快踱兩圈 (助手)
J008,02/12/2025,游水,沙田,,沙田,,,,,,,,游水,,
J008,02/12/2025,踱步,沙田,內圈,沙田 內圈,,,,,,助手,,快踱一圈,H,內圈 快踱一圈 (助手)
J008,01/12/2025,游水,沙田,,沙田,,,,,,,,游水,,
J008,01/12/2025,踱步,沙田,內圈,沙田 內圈,,,,,,助手,,倒快兩圈,H,內圈 倒快兩圈 (助手)
J008,30/11/2025,快操,沙田,全天候,沙田 全天候,,53.7,53.7,28.6 25.1,,助手,,快操,H,28.6 25.1 (53.7) (助手)
J008,30/11/2025,踱步,沙田,飛機場,沙田 飛機場,,,,,,助手,,踱步,H,飛機場 踱步 (助手)
J008,29/11/2025,游水,沙田,,沙田,,,,,,,,游水,,
J008,29/11/2025,踱步,沙田,飛機場,沙田 飛機場,,,,,,助手,,踱步,H,飛機場 踱步 (助手)
J008,28/11/2025,游水,沙田,,沙田,,,,,,,,游水,,
J008,28/11/2025,踱步,沙田,內圈,沙田 內圈,,,,,,助手,,快踱一圈,H,內圈 快踱一圈 (助手)
J008,27/11/2025,游水,沙田,,沙田,,,,,,,,游水,,
J008,27/11/2025,快操,沙田,全天候,沙田 全天候,,1.24.6,84.6,31.7 27.3 25.6,,助手,,快操,H,31.7 27.3 25.6 (1.24.6) (助手)
J008,27/11/2025,踱步,沙田,飛機場,沙田 飛機場,,,,,,助手,,踱步,H,飛機場 踱步 (助手)
J008,26/11/2025,游水,沙田,,沙田,,,,,,,,游水,,
J008,26/11/2025,踱步,沙田,內圈,沙田 內圈,,,,,,助手,,快踱兩圈,H,內圈 快踱兩圈 (助手)
J008,25/11/2025,游水,沙田,,沙田,,,,,,,,游水,,
J008,25/11/2025,踱步,沙田,內圈,沙田 內圈,,,,,,助手,,快踱一圈,H,內圈 快踱一圈 (助手)
J008,24/11/2025,游水,沙田,,沙田,,,,,,,,游水,,
J008,24/11/2025,踱步,沙田,內圈,沙田 內圈,,,,,,助手,,倒快兩圈,H,內圈 倒快兩圈 (助手)
J008,23/11/2025,游水,沙田,,沙田,,,,,,,,游水,,
J008,23/11/2025,踱步,沙田,內圈,沙田 內圈,,,,,,助手,,快踱一圈,H,內圈 快踱一圈 (助手)
J008,22/11/2025,游水,沙田,,沙田,,,,,,,,游水,,
J008,22/11/2025,快操,沙田,全天候,沙田 全天候,,1.24.1,84.1,31.5 27.0 25.6,,助手,,快操,H,31.5 27.0 25.6 (1.24.1) (助手)
J008,22/11/2025,踱步,沙田,飛機場,沙田 飛機場,,,,,,助手,,踱步,H,飛機場 踱步 (助手)
J008,21/11/2025,游水,沙田,,沙田,,,,,,,,游水,,
J008,21/11/2025,踱步,沙田,內圈,沙田 內圈,,,,,,助手,,快踱一圈,H,內圈 快踱一圈 (助手)
J008,20/11/2025,游水,沙田,,沙田,,,,,,,,游水,,
J008,20/11/2025,踱步,沙田,內圈,沙田 內圈,,,,,,助手,,倒快兩圈,H,內圈 倒快兩圈 (助手)
J008,19/11/2025,游水,沙田,,沙田,,,,,,,,游水,,
J008,19/11/2025,踱步,沙田,內圈,沙田 內圈,,,,,,助手,,快踱一圈,H,內圈 快踱一圈 (助手)
J008,18/11/2025,游水,沙田,,沙田,,,,,,,,游水,,
J008,18/11/2025,踱步,沙田,飛機場,沙田 飛機場,,,,,,助手,,踱步,H,飛機場 踱步 (助手)
J008,17/11/2025,游水,沙田,,沙田,,,,,,,,游水,,
J008,15/11/2025,出賽,沙田,草地,沙田 草地,1200M,,,,,金誠剛,10/14,出賽,TT,1200M (金誠剛) (10/14)
J008,15/11/2025,游水,沙田,,沙田,,,,,,,,游水,,
J008,15/11/2025,踱步,沙田,飛機場,沙田 飛機場,,,,,,助手,,踱步,H,飛機場 踱步 (助手)
J008,14/11/2025,游水,沙田,,沙田,,,,,,,,游水,,
J008,14/11/2025,踱步,沙田,內圈,沙田 內圈,,,,,,助手,,快踱一圈,H,內圈 快踱一圈 (助手)
J008,13/11/2025,游水,沙田,,沙田,,,,,,,,游水,,
J008,13/11/2025,踱步,沙田,內圈,沙田 內圈,,,,,,助手,,倒快兩圈,H,內圈 倒快兩圈 (助手)
J008,12/11/2025,游水,沙田,,沙田,,,,,,,,游水,,
J008,12/11/2025,快操,沙田,全天候,沙田 全天候,,1.27.2,87.2,33.9 28.5 24.8,,金誠剛,,快操,H,33.9 28.5 24.8 (1.27.2) (金誠剛)
J008,12/11/2025,踱步,沙田,飛機場,沙田 飛機場,,,,,,助手,,踱步,H,飛機場 踱步 (助手)
J008,11/11/2025,游水,沙田,,沙田,,,,,,,,游水,,
J008,11/11/2025,踱步,沙田,內圈,沙田 內圈,,,,,,助手,,快踱一圈,H,內圈 快踱一圈 (助手)
J008,10/11/2025,游水,沙田,,沙田,,,,,,,,游水,,
J008,10/11/2025,踱步,沙田,內圈,沙田 內圈,,,,,,助手,,倒快兩圈,H,內圈 倒快兩圈 (助手)
J008,09/11/2025,游水,沙田,,沙田,,,,,,,,游水,,
J008,09/11/2025,快操,沙田,全天候,沙田 全天候,,1.28.2,88.2,33.5 29.2 25.5,,助手,,快操,H,33.5 29.2 25.5 (1.28.2) (助手)
J008,09/11/2025,踱步,沙田,飛機場,沙田 飛機場,,,,,,助手,,踱步,H,飛機場 踱步 (助手)
J008,08/11/2025,游水,沙田,,沙田,,,,,,,,游水,,
J008,08/11/2025,踱步,沙田,內圈,沙田 內圈,,,,,,助手,,快踱兩圈,H,內圈 快踱兩圈 (助手)
J008,07/11/2025,游水,沙田,,沙田,,,,,,,,游水,,
J008,07/11/2025,踱步,沙田,內圈,沙田 內圈,,,,,,助手,,快踱一圈,H,內圈 快踱一圈 (助手)
J008,06/11/2025,游水,從化,,從化,,,,,,,,游水,,
J008,06/11/2025,快操,從化,全天候,從化 全天候,,53.1,53.1,29.1 24.0,,助手,,快操,H,29.1 24.0 (53.1) (助手)
J008,06/11/2025,踱步,從化,飛機場,從化 飛機場,,,,,,助手,,踱步,H,飛機場 踱步 (助手)
J008,05/11/2025,游水,從化,,從化,,,,,,,,游水,,
J008,05/11/2025,踱步,從化,內圈,從化 內圈,,,,,,助手,,快踱兩圈,H,內圈 快踱兩圈 (助手)
J008,04/11/2025,游水,從化,,從化,,,,,,,,游水,,
J008,04/11/2025,踱步,從化,內圈,從化 內圈,,,,,,助手,,快踱一圈,H,內圈 快踱一圈 (助手)
J008,03/11/2025,游水,從化,,從化,,,,,,,,游水,,
J008,03/11/2025,踱步,從化,內圈,從化 內圈,,,,,,助手,,倒快兩圈,H,內圈 倒快兩圈 (助手)
J008,02/11/2025,游水,從化,,從化,,,,,,,,游水,,
J008,02/11/2025,快操,從化,全天候,從化 全天候,,57.0,57.0,29.5 27.5,,助手,,快操,H,29.5 27.5 (57.0) (助手)
J008,02/11/2025,踱步,從化,飛機場,從化 飛機場,,,,,,助手,,踱步,H,飛機場 踱步 (助手)
J008,01/11/2025,游水,從化,,從化,,,,,,,,游水,,
J008,01/11/2025,踱步,從化,內圈,從化 內圈,,,,,,助手,,快踱兩圈,H,內圈 快踱兩圈 (助手)
J008,31/10/2025,游水,從化,,從化,,,,,,,,游水,,
J008,31/10/2025,踱步,從化,內圈,從化 內圈,,,,,,助手,,快踱一圈,H,內圈 快踱一圈 (助手)
J008,30/10/2025,游水,從化,,從化,,,,,,,,游水,,
J008,30/10/2025,踱步,從化,內圈,從化 內圈,,,,,,助手,,倒快兩圈,H,內圈 倒快兩圈 (助手)
J008,29/10/2025,游水,從化,,從化,,,,,,,,游水,,
J008,29/10/2025,踱步,從化,飛機場,從化 飛機場,,,,,,助手,,踱步,,飛機場 踱步 (助手)
J008,28/10/2025,試閘,從化,草地,從化 草地,1200M,1.10.12,70.12,24.8 22.2 23.1,同樣美麗,金誠剛,,第6組,,第6組 (金誠剛) 1200M 同樣美麗 24.8 22.2 23.1 (1.10.12)
J008,28/10/2025,游水,從化,,從化,,,,,,,,游水,,
J008,28/10/2025,踱步,從化,飛機場,從化 飛機場,,,,,,助手,,踱步,,飛機場 踱步 (助手)
J008,27/10/2025,游水,從化,,從化,,,,,,,,游水,,
J008,27/10/2025,踱步,從化,內圈,從化 內圈,,,,,,助手,,倒快兩圈,H,內圈 倒快兩圈 (助手)
J008,26/10/2025,游水,從化,,從化,,,,,,,,游水,,
J008,26/10/2025,踱步,從化,內圈,從化 內圈,,,,,,助手,,快踱一圈,H,內圈 快踱一圈 (助手)
J008,25/10/2025,游水,從化,,從化,,,,,,,,游水,,
J008,25/10/2025,踱步,從化,內圈,從化 內圈,,,,,,助手,,快踱兩圈,H,內圈 快踱兩圈 (助手)
J008,24/10/2025,游水,從化,,從化,,,,,,,,游水,,
J008,24/10/2025,踱步,從化,內圈,從化 內圈,,,,,,助手,,快踱一圈,H,內圈 快踱一圈 (助手)
J008,23/10/2025,游水,從化,,從化,,,,,,,,游水,,
J008,23/10/2025,快操,從化,全天候,從化 全天候,,56.2,56.2,30.2 26.0,,助手,,快操,H,30.2 26.0 (56.2) (助手)
J008,23/10/2025,踱步,從化,飛機場,從化 飛機場,,,,,,助手,,踱步,H,飛機場 踱步 (助手)
J008,22/10/2025,游水,從化,,從化,,,,,,,,游水,,
J008,22/10/2025,踱步,從化,內圈,從化 內圈,,,,,,助手,,快踱兩圈,H,內圈 快踱兩圈 (助手)
J008,21/10/2025,游水,從化,,從化,,,,,,,,游水,,
J008,21/10/2025,踱步,從化,內圈,從化 內圈,,,,,,助手,,快踱一圈,H,內圈 快踱一圈 (助手)
J008,20/10/2025,游水,從化,,從化,,,,,,,,游水,,
J008,20/10/2025,踱步,從化,內圈,從化 內圈,,,,,,助手,,倒快兩圈,H,內圈 倒快兩圈 (助手)
J008,19/10/2025,游水,從化,,從化,,,,,,,,游水,,
J008,19/10/2025,快操,從化,全天候,從化 全天候,,54.5,54.5,27.9 26.6,,助手,,快操,H,27.9 26.6 (54.5) (助手)
J008,19/10/2025,踱步,從化,飛機場,從化 飛機場,,,,,,助手,,踱步,H,飛機場 踱步 (助手)
J008,18/10/2025,游水,從化,,從化,,,,,,,,游水,,
J008,18/10/2025,踱步,從化,內圈,從化 內圈,,,,,,助手,,快踱兩圈,H,內圈 快踱兩圈 (助手)
J008,17/10/2025,游水,從化,,從化,,,,,,,,游水,,
J008,17/10/2025,踱步,從化,內圈,從化 內圈,,,,,,助手,,快踱一圈,H,內圈 快踱一圈 (助手)
J008,16/10/2025,游水,從化,,從化,,,,,,,,游水,,
J008,16/10/2025,踱步,從化,內圈,從化 內圈,,,,,,助手,,倒快兩圈,H,內圈 倒快兩圈 (助手)
J008,15/10/2025,游水,沙田,,沙田,,,,,,,,游水,,
J008,15/10/2025,踱步,沙田,飛機場,沙田 飛機場,,,,,,助手,,踱步,H,飛機場 踱步 (助手)
J008,14/10/2025,游水,沙田,,沙田,,,,,,,,游水,,
J008,12/10/2025,出賽,沙田,草地,沙田 草地,1200M,,,,,布文,11/12,出賽,TT,1200M (布文) (11/12)
J008,12/10/2025,游水,沙田,,沙田,,,,,,,,游水,,
J008,12/10/2025,踱步,沙田,飛機場,沙田 飛機場,,,,,,助手,,踱步,H,飛機場 踱步 (助手)
J008,11/10/2025,游水,沙田,,沙田,,,,,,,,游水,,
J008,11/10/2025,踱步,沙田,內圈,沙田 內圈,,,,,,助手,,快踱兩圈,H,內圈 快踱兩圈 (助手)
J008,10/10/2025,游水,沙田,,沙田,,,,,,,,游水,,
J008,10/10/2025,踱步,沙田,內圈,沙田 內圈,,,,,,助手,,快踱一圈,H,內圈 快踱一圈 (助手)
J008,09/10/2025,游水,沙田,,沙田,,,,,,,,游水,,
J008,09/10/2025,快操,沙田,草地,沙田 草地,,52.9,52.9,27.8 25.1,,布文,,快操,H,27.8 25.1 (52.9) (布文)
J008,09/10/2025,踱步,沙田,飛機場,沙田 飛機場,,,,,,助手,,踱步,H,飛機場 踱步 (助手)
J008,08/10/2025,游水,沙田,,沙田,,,,,,,,游水,,
J008,08/10/2025,踱步,沙田,內圈,沙田 內圈,,,,,,助手,,快踱兩圈,H,內圈 快踱兩圈 (助手)
J008,07/10/2025,游水,沙田,,沙田,,,,,,,,游水,,
J008,07/10/2025,踱步,沙田,內圈,沙田 內圈,,,,,,助手,,快踱一圈,H,內圈 快踱一圈 (助手)
J008,06/10/2025,游水,沙田,,沙田,,,,,,,,游水,,
J008,06/10/2025,踱步,沙田,內圈,沙田 內圈,,,,,,助手,,倒快兩圈,H,內圈 倒快兩圈 (助手)
J008,05/10/2025,游水,沙田,,沙田,,,,,,,,游水,,
J008,05/10/2025,快操,沙田,全天候,沙田 全天候,,1.27.4,87.4,34.0 28.2 25.2,,助手,,快操,H,34.0 28.2 25.2 (1.27.4) (助手)
J008,05/10/2025,踱步,沙田,飛機場,沙田 飛機場,,,,,,助手,,踱步,H,飛機場 踱步 (助手)
J008,04/10/2025,游水,沙田,,沙田,,,,,,,,游水,,
J008,04/10/2025,踱步,沙田,內圈,沙田 內圈,,,,,,助手,,快踱兩圈,H,內圈 快踱兩圈 (助手)
J008,03/10/2025,游水,沙田,,沙田,,,,,,,,游水,,
J008,03/10/2025,踱步,沙田,內圈,沙田 內圈,,,,,,助手,,快踱一圈,H,內圈 快踱一圈 (助手)
J008,02/10/2025,游水,沙田,,沙田,,,,,,,,游水,,
J008,02/10/2025,踱步,沙田,內圈,沙田 內圈,,,,,,助手,,倒快兩圈,H,內圈 倒快兩圈 (助手)
J008,01/10/2025,游水,沙田,,沙田,,,,,,,,游水,,
J008,01/10/2025,踱步,沙田,飛機場,沙田 飛機場,,,,,,助手,,踱步,H,飛機場 踱步 (助手)
J008,30/09/2025,游水,沙田,,沙田,,,,,,,,游水,,
J008,28/09/2025,出賽,沙田,草地,沙田 草地,1200M,,,,,布文,8/11,出賽,TT,1200M (布文) (8/11)
J008,28/09/2025,游水,沙田,,沙田,,,,,,,,游水,,
J008,28/09/2025,踱步,沙田,飛機場,沙田 飛機場,,,,,,助手,,踱步,H,飛機場 踱步 (助手)
J008,27/09/2025,游水,沙田,,沙田,,,,,,,,游水,,
J008,27/09/2025,踱步,沙田,內圈,沙田 內圈,,,,,,助手,,快踱一圈,H,內圈 快踱一圈 (助手)
J008,26/09/2025,游水,沙田,,沙田,,,,,,,,游水,,
J008,26/09/2025,快操,沙田,全天候,沙田 全天候,,1.25.6,85.6,32.5 28.0 25.1,,助手,,快操,H,32.5 28.0 25.1 (1.25.6) (助手)
J008,26/09/2025,踱步,沙田,飛機場,沙田 飛機場,,,,,,助手,,踱步,H,飛機場 踱步 (助手)
J008,25/09/2025,游水,沙田,,沙田,,,,,,,,游水,,
J008,25/09/2025,踱步,沙田,內圈,沙田 內圈,,,,,,助手,,倒快兩圈,H,內圈 倒快兩圈 (助手)
J008,23/09/2025,游水,沙田,,沙田,,,,,,,,游水,,
J008,23/09/2025,踱步,沙田,內圈,沙田 內圈,,,,,,助手,,快踱一圈,H,內圈 快踱一圈 (助手)
J008,22/09/2025,游水,沙田,,沙田,,,,,,,,游水,,
J008,22/09/2025,踱步,沙田,內圈,沙田 內圈,,,,,,助手,,倒快兩圈,H,內圈 倒快兩圈 (助手)
J008,21/09/2025,游水,沙田,,沙田,,,,,,,,游水,,
J008,21/09/2025,踱步,沙田,飛機場,沙田 飛機場,,,,,,助手,,踱步,H,飛機場 踱步 (助手)
J008,20/09/2025,游水,沙田,,沙田,,,,,,,,游水,,
J008,20/09/2025,踱步,沙田,內圈,沙田 內圈,,,,,,助手,,快踱兩圈,H,內圈 快踱兩圈 (助手)
J008,19/09/2025,游水,沙田,,沙田,,,,,,,,游水,,
J008,19/09/2025,快操,沙田,全天候,沙田 全天候,,1.27.2,87.2,31.6 29.5 26.1,,布文,,快操,,31.6 29.5 26.1 (1.27.2) (布文)
J008,19/09/2025,踱步,沙田,飛機場,沙田 飛機場,,,,,,助手,,踱步,,飛機場 踱步 (助手)
J008,18/09/2025,游水,沙田,,沙田,,,,,,,,游水,,
J008,18/09/2025,踱步,沙田,內圈,沙田 內圈,,,,,,助手,,倒快兩圈,H,內圈 倒快兩圈 (助手)
J008,17/09/2025,游水,沙田,,沙田,,,,,,,,游水,,
J008,17/09/2025,踱步,沙田,內圈,沙田 內圈,,,,,,助手,,快踱兩圈,H,內圈 快踱兩圈 (助手)
J008,16/09/2025,游水,沙田,,沙田,,,,,,,,游水,,
J008,16/09/2025,踱步,沙田,內圈,沙田 內圈,,,,,,助手,,快踱一圈,H,內圈 快踱一圈 (助手)
J008,15/09/2025,游水,沙田,,沙田,,,,,,,,游水,,
J008,15/09/2025,踱步,沙田,內圈,沙田 內圈,,,,,,助手,,倒快兩圈,H,內圈 倒快兩圈 (助手)
J008,14/09/2025,游水,沙田,,沙田,,,,,,,,游水,,
J008,14/09/2025,快操,沙田,全天候,沙田 全天候,,54.2,54.2,28.9 25.3,,助手,,快操,H,28.9 25.3 (54.2) (助手)
J008,14/09/2025,踱步,沙田,飛機場,沙田 飛機場,,,,,,助手,,踱步,H,飛機場 踱步 (助手)
J008,13/09/2025,游水,沙田,,沙田,,,,,,,,游水,,
J008,13/09/2025,踱步,沙田,內圈,沙田 內圈,,,,,,助手,,快踱兩圈,H,內圈 快踱兩圈 (助手)
J008,12/09/2025,游水,沙田,,沙田,,,,,,,,游水,,
J008,12/09/2025,踱步,沙田,內圈,沙田 內圈,,,,,,助手,,快踱一圈,H,內圈 快踱一圈 (助手)
J008,11/09/2025,游水,沙田,,沙田,,,,,,,,游水,,
J008,11/09/2025,踱步,沙田,內圈,沙田 內圈,,,,,,助手,,倒快兩圈,H,內圈 倒快兩圈 (助手)
J008,10/09/2025,游水,沙田,,沙田,,,,,,,,游水,,
J008,10/09/2025,踱步,沙田,飛機場,沙田 飛機場,,,,,,助手,,踱步,H,飛機場 踱步 (助手)
J008,09/09/2025,游水,沙田,,沙田,,,,,,,,游水,,
J008,07/09/2025,出賽,沙田,草地,沙田 草地,1200M,,,,,黃寶妮,4/12,出賽,TT,1200M (黃寶妮) (4/12)
J008,07/09/2025,游水,沙田,,沙田,,,,,,,,游水,,
J008,07/09/2025,踱步,沙田,飛機場,沙田 飛機場,,,,,,助手,,踱步,H,飛機場 踱步 (助手)
J008,06/09/2025,游水,沙田,,沙田,,,,,,,,游水,,
J008,06/09/2025,踱步,沙田,內圈,沙田 內圈,,,,,,助手,,快踱兩圈,H,內圈 快踱兩圈 (助手)
J008,05/09/2025,游水,沙田,,沙田,,,,,,,,游水,,
J008,05/09/2025,踱步,沙田,內圈,沙田 內圈,,,,,,助手,,快踱一圈,H,內圈 快踱一圈 (助手)
J008,04/09/2025,游水,沙田,,沙田,,,,,,,,游水,,
J008,04/09/2025,快操,沙田,全天候,沙田 全天候,,53.9,53.9,28.3 25.6,,黃寶妮,,快操,H,28.3 25.6 (53.9) (黃寶妮)
J008,04/09/2025,踱步,沙田,飛機場,沙田 飛機場,,,,,,助手,,踱步,H,飛機場 踱步 (助手)
J008,03/09/2025,游水,沙田,,沙田,,,,,,,,游水,,
J008,03/09/2025,踱步,沙田,內圈,沙田 內圈,,,,,,助手,,快踱兩圈,H,內圈 快踱兩圈 (助手)
J008,02/09/2025,游水,沙田,,沙田,,,,,,,,游水,,
J008,02/09/2025,踱步,沙田,內圈,沙田 內圈,,,,,,助手,,快踱一圈,H,內圈 快踱一圈 (助手)
J008,01/09/2025,游水,沙田,,沙田,,,,,,,,游水,,
J008,01/09/2025,踱步,沙田,內圈,沙田 內圈,,,,,,助手,,倒快兩圈,H,內圈 倒快兩圈 (助手)
J008,31/08/2025,游水,沙田,,沙田,,,,,,,,游水,,
J008,30/08/2025,試閘,沙田,草地,沙田 草地,1000M,0.56.45,56.45,13.4 21.0 22.0,嘉應高昇,黃寶妮,,第1組,,第1組 (黃寶妮) 1000M 嘉應高昇 13.4 21.0 22.0 (0.56.45)
J008,30/08/2025,游水,沙田,,沙田,,,,,,,,游水,,
J008,30/08/2025,踱步,沙田,飛機場,沙田 飛機場,,,,,,助手,,踱步,H,飛機場 踱步 (助手)
J008,29/08/2025,游水,沙田,,沙田,,,,,,,,游水,,
J008,29/08/2025,踱步,沙田,內圈,沙田 內圈,,,,,,助手,,快踱一圈,H,內圈 快踱一圈 (助手)
J008,28/08/2025,游水,沙田,,沙田,,,,,,,,游水,,
J008,28/08/2025,踱步,沙田,內圈,沙田 內圈,,,,,,助手,,倒快兩圈,H,內圈 倒快兩圈 (助手)
J008,27/08/2025,游水,沙田,,沙田,,,,,,,,游水,,
J008,27/08/2025,快操,沙田,全天候,沙田 全天候,,57.2,57.2,29.7 27.5,,黃寶妮,,快操,H,29.7 27.5 (57.2) (黃寶妮)
J008,27/08/2025,踱步,沙田,飛機場,沙田 飛機場,,,,,,黃寶妮,,踱步,H,飛機場 踱步 (黃寶妮)
J008,26/08/2025,游水,沙田,,沙田,,,,,,,,游水,,
J008,26/08/2025,踱步,沙田,內圈,沙田 內圈,,,,,,助手,,快踱一圈,H,內圈 快踱一圈 (助手)
J008,25/08/2025,游水,沙田,,沙田,,,,,,,,游水,,
J008,25/08/2025,踱步,沙田,內圈,沙田 內圈,,,,,,助手,,倒快兩圈,H,內圈 倒快兩圈 (助手)
J008,24/08/2025,游水,沙田,,沙田,,,,,,,,游水,,
J008,24/08/2025,快操,沙田,全天候,沙田 全天候,,1.29.4,89.4,33.9 29.6 25.9,,助手,,快操,H,33.9 29.6 25.9 (1.29.4) (助手)
J008,24/08/2025,踱步,沙田,飛機場,沙田 飛機場,,,,,,助手,,踱步,H,飛機場 踱步 (助手)
J008,23/08/2025,游水,沙田,,沙田,,,,,,,,游水,,
J008,23/08/2025,踱步,沙田,內圈,沙田 內圈,,,,,,助手,,快踱兩圈,H,內圈 快踱兩圈 (助手)
J008,22/08/2025,游水,沙田,,沙田,,,,,,,,游水,,
J008,22/08/2025,踱步,沙田,內圈,沙田 內圈,,,,,,助手,,快踱一圈,H,內圈 快踱一圈 (助手)
J008,21/08/2025,游水,沙田,,沙田,,,,,,,,游水,,
J008,21/08/2025,快操,沙田,全天候,沙田 全天候,,54.7,54.7,28.4 26.3,,黃寶妮,,快操,H,28.4 26.3 (54.7) (黃寶妮)
J008,21/08/2025,踱步,沙田,飛機場,沙田 飛機場,,,,,,助手,,踱步,H,飛機場 踱步 (助手)
J008,20/08/2025,游水,沙田,,沙田,,,,,,,,游水,,
J008,20/08/2025,踱步,沙田,內圈,沙田 內圈,,,,,,助手,,快踱兩圈,H,內圈 快踱兩圈 (助手)
J008,19/08/2025,游水,沙田,,沙田,,,,,,,,游水,,
J008,19/08/2025,踱步,沙田,內圈,沙田 內圈,,,,,,助手,,快踱一圈,H,內圈 快踱一圈 (助手)
J008,18/08/2025,游水,沙田,,沙田,,,,,,,,游水,,
J008,18/08/2025,踱步,沙田,內圈,沙田 內圈,,,,,,助手,,倒快兩圈,H,內圈 倒快兩圈 (助手)
J008,17/08/2025,游水,沙田,,沙田,,,,,,,,游水,,
J008,17/08/2025,踱步,沙田,外圈,沙田 外圈,,,,,,助手,,快踱一圈,H,外圈 快踱一圈 (助手)
J008,16/08/2025,游水,沙田,,沙田,,,,,,,,游水,,
J008,16/08/2025,踱步,沙田,內圈,沙田 內圈,,,,,,助手,,快踱兩圈,H,內圈 快踱兩圈 (助手)
J008,15/08/2025,游水,沙田,,沙田,,,,,,,,游水,,
J008,15/08/2025,踱步,沙田,內圈,沙田 內圈,,,,,,助手,,快踱一圈,H,內圈 快踱一圈 (助手)
J008,14/08/2025,游水,沙田,,沙田,,,,,,,,游水,,
J008,14/08/2025,踱步,沙田,內圈,沙田 內圈,,,,,,助手,,倒快兩圈,H,內圈 倒快兩圈 (助手)
J008,13/08/2025,游水,沙田,,沙田,,,,,,,,游水,,
J008,13/08/2025,踱步,沙田,內圈,沙田 內圈,,,,,,助手,,快踱一圈,H,內圈 快踱一圈 (助手)
J008,12/08/2025,游水,沙田,,沙田,,,,,,,,游水,,
J008,12/08/2025,踱步,沙田,飛機場,沙田 飛機場,,,,,,助手,,踱步,H,飛機場 踱步 (助手)
J008,11/08/2025,游水,沙田,,沙田,,,,,,,,游水,,
J008,11/08/2025,踱步,沙田,飛機場,沙田 飛機場,,,,,,助手,,踱步,H,飛機場 踱步 (助手)
J008,06/08/2025,游水,沙田,,沙田,,,,,,,,游水,,
J008,06/08/2025,踱步,沙田,內圈,沙田 內圈,,,,,,助手,,快踱一圈,H,內圈 快踱一圈 (助手)
J008,05/08/2025,游水,沙田,,沙田,,,,,,,,游水,,
J008,05/08/2025,踱步,沙田,內圈,沙田 內圈,,,,,,助手,,快踱一圈,H,內圈 快踱一圈 (助手)
J008,04/08/2025,游水,沙田,,沙田,,,,,,,,游水,,
J008,04/08/2025,踱步,沙田,內圈,沙田 內圈,,,,,,助手,,快踱一圈,H,內圈 快踱一圈 (助手)
J008,03/08/2025,游水,沙田,,沙田,,,,,,,,游水,,
J008,03/08/2025,踱步,沙田,飛機場,沙田 飛機場,,,,,,助手,,踱步,H,飛機場 踱步 (助手)
J008,02/08/2025,游水,沙田,,沙田,,,,,,,,游水,,
J008,02/08/2025,踱步,沙田,飛機場,沙田 飛機場,,,,,,助手,,踱步,H,飛機場 踱步 (助手)
J008,01/08/2025,游水,沙田,,沙田,,,,,,,,游水,,
J008,01/08/2025,踱步,沙田,飛機場,沙田 飛機場,,,,,,助手,,踱步,H,飛機場 踱步 (助手)
J008,31/07/2025,踱步,沙田,飛機場,沙田 飛機場,,,,,,助手,,踱步,H,飛機場 踱步 (助手)
J008,16/07/2025,游水,沙田,,沙田,,,,,,,,游水,,
J008,15/07/2025,游水,沙田,,沙田,,,,,,,,游水,,
J008,14/07/2025,游水,沙田,,沙田,,,,,,,,游水,,
J008,13/07/2025,游水,沙田,,沙田,,,,,,,,游水,,
J008,12/07/2025,游水,沙田,,沙田,,,,,,,,游水,,
J008,12/07/2025,踱步,沙田,飛機場,沙田 飛機場,,,,,,助手,,踱步,,飛機場 踱步 (助手)
J008,11/07/2025,游水,沙田,,沙田,,,,,,,,游水,,
J008,11/07/2025,踱步,沙田,飛機場,沙田 飛機場,,,,,,助手,,踱步,H,飛機場 踱步 (助手)
J008,10/07/2025,游水,沙田,,沙田,,,,,,,,游水,,
J008,10/07/2025,踱步,沙田,飛機場,沙田 飛機場,,,,,,助手,,踱步,H,飛機場 踱步 (助手)
J008,09/07/2025,游水,沙田,,沙田,,,,,,,,游水,,
J008,09/07/2025,踱步,沙田,飛機場,沙田 飛機場,,,,,,助手,,踱步,H,飛機場 踱步 (助手)
J008,08/07/2025,游水,沙田,,沙田,,,,,,,,游水,,
J008,08/07/2025,踱步,沙田,飛機場,沙田 飛機場,,,,,,助手,,踱步,H,飛機場 踱步 (助手)
J008,07/07/2025,游水,沙田,,沙田,,,,,,,,游水,,
J008,05/07/2025,出賽,沙田,草地,沙田 草地,1200M,,,,,艾道拿,10/11,出賽,TT,1200M (艾道拿) (10/11)
J008,05/07/2025,游水,沙田,,沙田,,,,,,,,游水,,
J008,05/07/2025,踱步,沙田,飛機場,沙田 飛機場,,,,,,助手,,踱步,H,飛機場 踱步 (助手)
J008,04/07/2025,游水,沙田,,沙田,,,,,,,,游水,,
J008,04/07/2025,踱步,沙田,內圈,沙田 內圈,,,,,,助手,,快踱一圈,H,內圈 快踱一圈 (助手)
J008,03/07/2025,游水,沙田,,沙田,,,,,,,,游水,,
J008,03/07/2025,踱步,沙田,內圈,沙田 內圈,,,,,,助手,,倒快兩圈,H,內圈 倒快兩圈 (助手)
J008,02/07/2025,游水,沙田,,沙田,,,,,,,,游水,,
J008,02/07/2025,快操,沙田,全天候,沙田 全天候,,55.9,55.9,30.7 25.2,,艾道拿,,快操,H,30.7 25.2 (55.9) (艾道拿)
J008,02/07/2025,踱步,沙田,飛機場,沙田 飛機場,,,,,,助手,,踱步,H,飛機場 踱步 (助手)
J008,01/07/2025,游水,沙田,,沙田,,,,,,,,游水,,
J008,01/07/2025,踱步,沙田,內圈,沙田 內圈,,,,,,助手,,快踱一圈,H,內圈 快踱一圈 (助手)
J008,30/06/2025,游水,沙田,,沙田,,,,,,,,游水,,
J008,30/06/2025,踱步,沙田,內圈,沙田 內圈,,,,,,助手,,倒快兩圈,H,內圈 倒快兩圈 (助手)
J008,29/06/2025,游水,沙田,,沙田,,,,,,,,游水,,
J008,29/06/2025,踱步,沙田,內圈,沙田 內圈,,,,,,助手,,快踱一圈,H,內圈 快踱一圈 (助手)
J008,28/06/2025,游水,沙田,,沙田,,,,,,,,游水,,
J008,28/06/2025,踱步,沙田,內圈,沙田 內圈,,,,,,助手,,快踱兩圈,H,內圈 快踱兩圈 (助手)
J008,27/06/2025,游水,沙田,,沙田,,,,,,,,游水,,
J008,27/06/2025,踱步,沙田,飛機場,沙田 飛機場,,,,,,助手,,踱步,H,飛機場 踱步 (助手)
J008,26/06/2025,試閘,沙田,全天候,沙田 全天候,1200M,1.11.73,71.73,25.0 22.7 24.0,時時歡欣,艾道拿,,第1組,,第1組 (艾道拿) 1200M 時時歡欣 25.0 22.7 24.0 (1.11.73)
J008,25/06/2025,游水,沙田,,沙田,,,,,,,,游水,,
J008,25/06/2025,踱步,沙田,內圈,沙田 內圈,,,,,,助手,,快踱兩圈,H,內圈 快踱兩圈 (助手)
J008,24/06/2025,游水,沙田,,沙田,,,,,,,,游水,,
J008,24/06/2025,踱步,沙田,內圈,沙田 內圈,,,,,,助手,,快踱一圈,H,內圈 快踱一圈 (助手)
J008,23/06/2025,游水,沙田,,沙田,,,,,,,,游水,,
J008,23/06/2025,踱步,沙田,內圈,沙田 內圈,,,,,,助手,,倒快兩圈,H,內圈 倒快兩圈 (助手)
J008,22/06/2025,游水,沙田,,沙田,,,,,,,,游水,,
J008,22/06/2025,快操,沙田,全天候,沙田 全天候,,54.7,54.7,28.4 26.3,,助手,,快操,H,28.4 26.3 (54.7) (助手)
J008,22/06/2025,踱步,沙田,飛機場,沙田 飛機場,,,,,,助手,,踱步,H,飛機場 踱步 (助手)
J008,21/06/2025,游水,沙田,,沙田,,,,,,,,游水,,
J008,21/06/2025,踱步,沙田,內圈,沙田 內圈,,,,,,助手,,快踱兩圈,H,內圈 快踱兩圈 (助手)
J008,20/06/2025,游水,沙田,,沙田,,,,,,,,游水,,
J008,20/06/2025,踱步,沙田,內圈,沙田 內圈,,,,,,助手,,快踱一圈,H,內圈 快踱一圈 (助手)
J008,19/06/2025,游水,沙田,,沙田,,,,,,,,游水,,
J008,19/06/2025,踱步,沙田,內圈,沙田 內圈,,,,,,助手,,倒快兩圈,H,內圈 倒快兩圈 (助手)
J008,18/06/2025,游水,沙田,,沙田,,,,,,,,游水,,
J008,18/06/2025,踱步,沙田,內圈,沙田 內圈,,,,,,助手,,快踱一圈,H,內圈 快踱一圈 (助手)
J008,17/06/2025,游水,沙田,,沙田,,,,,,,,游水,,
J008,17/06/2025,踱步,沙田,飛機場,沙田 飛機場,,,,,,助手,,踱步,H,飛機場 踱步 (助手)
J008,16/06/2025,游水,沙田,,沙田,,,,,,,,游水,,
J008,14/06/2025,出賽,沙田,草地,沙田 草地,1200M,,,,,奧爾民,6/11,出賽,TT,1200M (奧爾民) (6/11)
J008,14/06/2025,游水,沙田,,沙田,,,,,,,,游水,,
J008,14/06/2025,踱步,沙田,飛機場,沙田 飛機場,,,,,,助手,,踱步,,飛機場 踱步 (助手)
J008,13/06/2025,游水,沙田,,沙田,,,,,,,,游水,,
J008,13/06/2025,踱步,沙田,內圈,沙田 內圈,,,,,,助手,,快踱一圈,H,內圈 快踱一圈 (助手)
J008,12/06/2025,游水,沙田,,沙田,,,,,,,,游水,,
J008,12/06/2025,踱步,沙田,內圈,沙田 內圈,,,,,,助手,,倒快兩圈,H,內圈 倒快兩圈 (助手)
J008,11/06/2025,游水,沙田,,沙田,,,,,,,,游水,,
J008,11/06/2025,踱步,沙田,內圈,沙田 內圈,,,,,,助手,,快踱兩圈,H,內圈 快踱兩圈 (助手)
J008,10/06/2025,游水,沙田,,沙田,,,,,,,,游水,,
J008,10/06/2025,踱步,沙田,內圈,沙田 內圈,,,,,,助手,,快踱一圈,H,內圈 快踱一圈 (助手)
J008,09/06/2025,游水,沙田,,沙田,,,,,,,,游水,,
J008,09/06/2025,快操,沙田,草地,沙田 草地,,49.5,49.5,24.0 25.5,,助手,,快操,,24.0 25.5 (49.5) (助手)
J008,09/06/2025,踱步,沙田,飛機場,沙田 飛機場,,,,,,助手,,踱步,,飛機場 踱步 (助手)
J008,08/06/2025,游水,沙田,,沙田,,,,,,,,游水,,
J008,08/06/2025,踱步,沙田,內圈,沙田 內圈,,,,,,助手,,快踱一圈,H,內圈 快踱一圈 (助手)
J008,07/06/2025,游水,沙田,,沙田,,,,,,,,游水,,
J008,07/06/2025,踱步,沙田,內圈,沙田 內圈,,,,,,助手,,快踱兩圈,H,內圈 快踱兩圈 (助手)
J008,06/06/2025,游水,沙田,,沙田,,,,,,,,游水,,
J008,06/06/2025,踱步,沙田,內圈,沙田 內圈,,,,,,助手,,快踱一圈,H,內圈 快踱一圈 (助手)
J008,05/06/2025,游水,沙田,,沙田,,,,,,,,游水,,
J008,05/06/2025,快操,沙田,全天候,沙田 全天候,,56.2,56.2,30.4 25.8,,助手,,快操,H,30.4 25.8 (56.2) (助手)
J008,05/06/2025,踱步,沙田,飛機場,沙田 飛機場,,,,,,助手,,踱步,H,飛機場 踱步 (助手)
J008,04/06/2025,游水,沙田,,沙田,,,,,,,,游水,,
J008,04/06/2025,踱步,沙田,內圈,沙田 內圈,,,,,,助手,,快踱兩圈,H,內圈 快踱兩圈 (助手)
J008,03/06/2025,游水,沙田,,沙田,,,,,,,,游水,,
J008,03/06/2025,踱步,沙田,內圈,沙田 內圈,,,,,,助手,,快踱一圈,H,內圈 快踱一圈 (助手)
J008,02/06/2025,游水,沙田,,沙田,,,,,,,,游水,,
J008,02/06/2025,踱步,沙田,內圈,沙田 內圈,,,,,,助手,,倒快兩圈,H,內圈 倒快兩圈 (助手)
J008,01/06/2025,游水,沙田,,沙田,,,,,,,,游水,,
J008,01/06/2025,快操,沙田,全天候,沙田 全天候,,54.4,54.4,28.4 26.0,,助手,,快操,H,28.4 26.0 (54.4) (助手)
J008,01/06/2025,踱步,沙田,飛機場,沙田 飛機場,,,,,,助手,,踱步,H,飛機場 踱步 (助手)
J008,31/05/2025,游水,沙田,,沙田,,,,,,,,游水,,
J008,31/05/2025,踱步,沙田,內圈,沙田 內圈,,,,,,助手,,快踱兩圈,H,內圈 快踱兩圈 (助手)
J008,30/05/2025,游水,沙田,,沙田,,,,,,,,游水,,
J008,30/05/2025,踱步,沙田,內圈,沙田 內圈,,,,,,助手,,快踱一圈,H,內圈 快踱一圈 (助手)
J008,29/05/2025,游水,沙田,,沙田,,,,,,,,游水,,
J008,29/05/2025,快操,沙田,全天候,沙田 全天候,,56.1,56.1,29.7 26.4,,助手,,快操,H,29.7 26.4 (56.1) (助手)
J008,28/05/2025,游水,沙田,,沙田,,,,,,,,游水,,
J008,28/05/2025,踱步,沙田,內圈,沙田 內圈,,,,,,助手,,快踱兩圈,H,內圈 快踱兩圈 (助手)
J008,27/05/2025,游水,沙田,,沙田,,,,,,,,游水,,
J008,27/05/2025,踱步,沙田,內圈,沙田 內圈,,,,,,助手,,快踱一圈,H,內圈 快踱一圈 (助手)
J008,26/05/2025,游水,沙田,,沙田,,,,,,,,游水,,
J008,26/05/2025,踱步,沙田,內圈,沙田 內圈,,,,,,助手,,倒快兩圈,H,內圈 倒快兩圈 (助手)
J008,25/05/2025,游水,沙田,,沙田,,,,,,,,游水,,
J008,25/05/2025,快操,沙田,全天候,沙田 全天候,,50.6,50.6,25.6 25.0,,助手,,快操,H,25.6 25.0 (50.6) (助手)
J008,25/05/2025,踱步,沙田,飛機場,沙田 飛機場,,,,,,助手,,踱步,H,飛機場 踱步 (助手)
J008,24/05/2025,游水,沙田,,沙田,,,,,,,,游水,,
J008,24/05/2025,踱步,沙田,內圈,沙田 內圈,,,,,,助手,,快踱兩圈,H,內圈 快踱兩圈 (助手)
J008,23/05/2025,游水,沙田,,沙田,,,,,,,,游水,,
J008,23/05/2025,踱步,沙田,內圈,沙田 內圈,,,,,,助手,,快踱一圈,H,內圈 快踱一圈 (助手)
J008,22/05/2025,游水,沙田,,沙田,,,,,,,,游水,,
J008,21/05/2025,游水,沙田,,沙田,,,,,,,,游水,,
J008,21/05/2025,踱步,沙田,內圈,沙田 內圈,,,,,,助手,,快踱一圈,H,內圈 快踱一圈 (助手)
J008,20/05/2025,游水,沙田,,沙田,,,,,,,,游水,,
J008,19/05/2025,游水,沙田,,沙田,,,,,,,,游水,,
J008,19/05/2025,踱步,沙田,飛機場,沙田 飛機場,,,,,,助手,,踱步,H,飛機場 踱步 (助手)
J008,18/05/2025,游水,沙田,,沙田,,,,,,,,游水,,
J008,18/05/2025,踱步,沙田,飛機場,沙田 飛機場,,,,,,助手,,踱步,H,飛機場 踱步 (助手)
J008,17/05/2025,游水,沙田,,沙田,,,,,,,,游水,,
J008,17/05/2025,踱步,沙田,飛機場,沙田 飛機場,,,,,,助手,,踱步,,飛機場 踱步 (助手)
J008,16/05/2025,游水,沙田,,沙田,,,,,,,,游水,,
J008,16/05/2025,踱步,沙田,飛機場,沙田 飛機場,,,,,,助手,,踱步,H,飛機場 踱步 (助手)
J008,15/05/2025,游水,沙田,,沙田,,,,,,,,游水,,
J008,15/05/2025,踱步,沙田,飛機場,沙田 飛機場,,,,,,助手,,踱步,H,飛機場 踱步 (助手)
J008,14/05/2025,游水,沙田,,沙田,,,,,,,,游水,,
J008,14/05/2025,踱步,沙田,飛機場,沙田 飛機場,,,,,,助手,,踱步,H,飛機場 踱步 (助手)
J008,13/05/2025,游水,沙田,,沙田,,,,,,,,游水,,
J008,13/05/2025,踱步,沙田,飛機場,沙田 飛機場,,,,,,助手,,踱步,H,飛機場 踱步 (助手)
J008,12/05/2025,游水,沙田,,沙田,,,,,,,,游水,,
J008,10/05/2025,出賽,沙田,草地,沙田 草地,1200M,,,,,艾兆禮,11/12,出賽,TT,1200M (艾兆禮) (11/12)
J008,10/05/2025,游水,沙田,,沙田,,,,,,,,游水,,
J008,10/05/2025,踱步,沙田,飛機場,沙田 飛機場,,,,,,助手,,踱步,H,飛機場 踱步 (助手)
J008,09/05/2025,游水,沙田,,沙田,,,,,,,,游水,,
J008,09/05/2025,踱步,沙田,內圈,沙田 內圈,,,,,,助手,,快踱一圈,H,內圈 快踱一圈 (助手)
J008,08/05/2025,游水,沙田,,沙田,,,,,,,,游水,,
J008,08/05/2025,踱步,沙田,內圈,沙田 內圈,,,,,,助手,,倒快兩圈,H,內圈 倒快兩圈 (助手)
J008,07/05/2025,游水,沙田,,沙田,,,,,,,,游水,,
J008,07/05/2025,快操,沙田,全天候,沙田 全天候,,1.24.9,84.9,32.3 27.5 25.1,,艾兆禮,,快操,H,32.3 27.5 25.1 (1.24.9) (艾兆禮)
J008,07/05/2025,踱步,沙田,飛機場,沙田 飛機場,,,,,,助手,,踱步,H,飛機場 踱步 (助手)
J008,06/05/2025,游水,沙田,,沙田,,,,,,,,游水,,
J008,06/05/2025,踱步,沙田,內圈,沙田 內圈,,,,,,助手,,快踱一圈,H,內圈 快踱一圈 (助手)
J008,05/05/2025,游水,沙田,,沙田,,,,,,,,游水,,
J008,05/05/2025,踱步,沙田,內圈,沙田 內圈,,,,,,助手,,倒快兩圈,H,內圈 倒快兩圈 (助手)
J008,04/05/2025,游水,沙田,,沙田,,,,,,,,游水,,
J008,04/05/2025,踱步,沙田,內圈,沙田 內圈,,,,,,助手,,快踱一圈,H,內圈 快踱一圈 (助手)
J008,03/05/2025,游水,沙田,,沙田,,,,,,,,游水,,
J008,03/05/2025,踱步,沙田,飛機場,沙田 飛機場,,,,,,助手,,踱步,H,飛機場 踱步 (助手)
J008,02/05/2025,試閘,沙田,全天候,沙田 全天候,1200M,1.10.36,70.36,24.5 22.7 23.1,精英雄心,艾兆禮,,第1組,,第1組 (艾兆禮) 1200M 精英雄心 24.5 22.7 23.1 (1.10.36)
J008,01/05/2025,游水,沙田,,沙田,,,,,,,,游水,,
J008,01/05/2025,踱步,沙田,內圈,沙田 內圈,,,,,,助手,,倒快兩圈,H,內圈 倒快兩圈 (助手)
J008,30/04/2025,游水,沙田,,沙田,,,,,,,,游水,,
J008,30/04/2025,踱步,沙田,內圈,沙田 內圈,,,,,,助手,,快踱一圈,H,內圈 快踱一圈 (助手)
J008,29/04/2025,游水,沙田,,沙田,,,,,,,,游水,,
J008,29/04/2025,踱步,沙田,內圈,沙田 內圈,,,,,,助手,,快踱一圈,H,內圈 快踱一圈 (助手)
J008,28/04/2025,游水,沙田,,沙田,,,,,,,,游水,,
J008,28/04/2025,踱步,沙田,內圈,沙田 內圈,,,,,,助手,,倒快兩圈,H,內圈 倒快兩圈 (助手)
J008,27/04/2025,游水,沙田,,沙田,,,,,,,,游水,,
J008,26/04/2025,游水,沙田,,沙田,,,,,,,,游水,,
J008,26/04/2025,踱步,沙田,飛機場,沙田 飛機場,,,,,,助手,,踱步,H,飛機場 踱步 (助手)
J008,25/04/2025,游水,沙田,,沙田,,,,,,,,游水,,
J008,25/04/2025,踱步,沙田,飛機場,沙田 飛機場,,,,,,助手,,踱步,H,飛機場 踱步 (助手)
J008,24/04/2025,游水,沙田,,沙田,,,,,,,,游水,,
J008,24/04/2025,踱步,沙田,飛機場,沙田 飛機場,,,,,,助手,,踱步,H,飛機場 踱步 (助手)
J008,23/04/2025,游水,沙田,,沙田,,,,,,,,游水,,
J008,23/04/2025,踱步,沙田,內圈,沙田 內圈,,,,,,助手,,快踱兩圈,H,內圈 快踱兩圈 (助手)
J008,22/04/2025,游水,沙田,,沙田,,,,,,,,游水,,
J008,22/04/2025,踱步,沙田,內圈,沙田 內圈,,,,,,助手,,快踱一圈,H,內圈 快踱一圈 (助手)
J008,21/04/2025,游水,沙田,,沙田,,,,,,,,游水,,
J008,21/04/2025,踱步,沙田,內圈,沙田 內圈,,,,,,助手,,倒快兩圈,H,內圈 倒快兩圈 (助手)
J008,20/04/2025,游水,沙田,,沙田,,,,,,,,游水,,
J008,20/04/2025,踱步,沙田,內圈,沙田 內圈,,,,,,助手,,快踱一圈,H,內圈 快踱一圈 (助手)
J008,19/04/2025,游水,沙田,,沙田,,,,,,,,游水,,
J008,19/04/2025,踱步,沙田,內圈,沙田 內圈,,,,,,助手,,快踱兩圈,H,內圈 快踱兩圈 (助手)
J008,18/04/2025,游水,沙田,,沙田,,,,,,,,游水,,
J008,18/04/2025,踱步,沙田,內圈,沙田 內圈,,,,,,助手,,快踱一圈,H,內圈 快踱一圈 (助手)
J008,17/04/2025,游水,沙田,,沙田,,,,,,,,游水,,
J008,17/04/2025,踱步,沙田,內圈,沙田 內圈,,,,,,助手,,倒快兩圈,H,內圈 倒快兩圈 (助手)
J008,16/04/2025,游水,沙田,,沙田,,,,,,,,游水,,
J008,16/04/2025,踱步,沙田,飛機場,沙田 飛機場,,,,,,助手,,踱步,H,飛機場 踱步 (助手)
J008,15/04/2025,游水,沙田,,沙田,,,,,,,,游水,,
J008,13/04/2025,出賽,沙田,草地,沙田 草地,1200M,,,,,艾道拿,6/10,出賽,TT,1200M (艾道拿) (6/10)
J008,13/04/2025,游水,沙田,,沙田,,,,,,,,游水,,
J008,12/04/2025,踱步,沙田,內圈,沙田 內圈,,,,,,助手,,快踱兩圈,H,內圈 快踱兩圈 (助手)
J008,11/04/2025,踱步,沙田,內圈,沙田 內圈,,,,,,助手,,快踱一圈,H,內圈 快踱一圈 (助手)
J008,10/04/2025,快操,沙田,草地,沙田 草地,,53.3,53.3,28.0 25.3,,艾道拿,,快操,H,28.0 25.3 (53.3) (艾道拿)
J008,10/04/2025,踱步,沙田,飛機場,沙田 飛機場,,,,,,助手,,踱步,H,飛機場 踱步 (助手)
J008,09/04/2025,游水,沙田,,沙田,,,,,,,,游水,,
J008,09/04/2025,踱步,沙田,內圈,沙田 內圈,,,,,,助手,,快踱兩圈,H,內圈 快踱兩圈 (助手)
J008,08/04/2025,游水,沙田,,沙田,,,,,,,,游水,,
J008,08/04/2025,踱步,沙田,內圈,沙田 內圈,,,,,,助手,,快踱一圈,H,內圈 快踱一圈 (助手)
J008,07/04/2025,游水,沙田,,沙田,,,,,,,,游水,,
J008,07/04/2025,踱步,沙田,內圈,沙田 內圈,,,,,,助手,,倒快兩圈,H,內圈 倒快兩圈 (助手)
J008,06/04/2025,游水,沙田,,沙田,,,,,,,,游水,,
J008,06/04/2025,快操,沙田,全天候,沙田 全天候,,55.2,55.2,30.1 25.1,,助手,,快操,H,30.1 25.1 (55.2) (助手)
J008,06/04/2025,踱步,沙田,飛機場,沙田 飛機場,,,,,,助手,,踱步,H,飛機場 踱步 (助手)
J008,05/04/2025,游水,沙田,,沙田,,,,,,,,游水,,
J008,05/04/2025,踱步,沙田,內圈,沙田 內圈,,,,,,助手,,快踱兩圈,H,內圈 快踱兩圈 (助手)
J008,04/04/2025,游水,沙田,,沙田,,,,,,,,游水,,
J008,04/04/2025,踱步,沙田,內圈,沙田 內圈,,,,,,助手,,快踱一圈,H,內圈 快踱一圈 (助手)
J008,03/04/2025,游水,沙田,,沙田,,,,,,,,游水,,
J008,03/04/2025,踱步,沙田,內圈,沙田 內圈,,,,,,助手,,倒快兩圈,H,內圈 倒快兩圈 (助手)
J008,02/04/2025,游水,沙田,,沙田,,,,,,,,游水,,
J008,02/04/2025,踱步,沙田,飛機場,沙田 飛機場,,,,,,助手,,踱步,H,飛機場 踱步 (助手)
J008,01/04/2025,游水,沙田,,沙田,,,,,,,,游水,,
J008,30/03/2025,出賽,沙田,草地,沙田 草地,1200M,,,,,艾兆禮,5/7,出賽,TT,1200M (艾兆禮) (5/7)
J008,30/03/2025,游水,沙田,,沙田,,,,,,,,游水,,
J008,30/03/2025,踱步,沙田,飛機場,沙田 飛機場,,,,,,助手,,踱步,H,飛機場 踱步 (助手)
J008,29/03/2025,游水,沙田,,沙田,,,,,,,,游水,,
J008,29/03/2025,踱步,沙田,內圈,沙田 內圈,,,,,,助手,,快踱兩圈,H,內圈 快踱兩圈 (助手)
J008,28/03/2025,游水,沙田,,沙田,,,,,,,,游水,,
J008,28/03/2025,踱步,沙田,內圈,沙田 內圈,,,,,,助手,,快踱一圈,H,內圈 快踱一圈 (助手)
J008,27/03/2025,游水,沙田,,沙田,,,,,,,,游水,,
J008,27/03/2025,快操,沙田,全天候,沙田 全天候,,1.22.9,82.9,30.4 27.2 25.3,,艾兆禮,,快操,H,30.4 27.2 25.3 (1.22.9) (艾兆禮)
J008,27/03/2025,踱步,沙田,飛機場,沙田 飛機場,,,,,,助手,,踱步,H,飛機場 踱步 (助手)
J008,26/03/2025,游水,沙田,,沙田,,,,,,,,游水,,
J008,26/03/2025,踱步,沙田,內圈,沙田 內圈,,,,,,助手,,快踱兩圈,H,內圈 快踱兩圈 (助手)
J008,25/03/2025,游水,沙田,,沙田,,,,,,,,游水,,
J008,25/03/2025,踱步,沙田,內圈,沙田 內圈,,,,,,助手,,快踱一圈,H,內圈 快踱一圈 (助手)
J008,24/03/2025,游水,沙田,,沙田,,,,,,,,游水,,
J008,24/03/2025,踱步,沙田,內圈,沙田 內圈,,,,,,助手,,倒快兩圈,H,內圈 倒快兩圈 (助手)
J008,23/03/2025,游水,沙田,,沙田,,,,,,,,游水,,
J008,23/03/2025,踱步,沙田,內圈,沙田 內圈,,,,,,助手,,快踱一圈,H,內圈 快踱一圈 (助手)
J008,22/03/2025,游水,沙田,,沙田,,,,,,,,游水,,
J008,22/03/2025,踱步,沙田,飛機場,沙田 飛機場,,,,,,助手,,踱步,H,飛機場 踱步 (助手)
J008,21/03/2025,試閘,沙田,全天候,沙田 全天候,1200M,1.11.11,71.11,24.1 23.0 24.0,劍無名,艾道拿,,第2組,,第2組 (艾道拿) 1200M 劍無名 24.1 23.0 24.0 (1.11.11)
J008,20/03/2025,游水,沙田,,沙田,,,,,,,,游水,,
J008,20/03/2025,踱步,沙田,內圈,沙田 內圈,,,,,,助手,,倒快兩圈,H,內圈 倒快兩圈 (助手)
J008,19/03/2025,游水,沙田,,沙田,,,,,,,,游水,,
J008,19/03/2025,踱步,沙田,內圈,沙田 內圈,,,,,,助手,,快踱兩圈,H,內圈 快踱兩圈 (助手)
J008,18/03/2025,游水,沙田,,沙田,,,,,,,,游水,,
J008,18/03/2025,踱步,沙田,內圈,沙田 內圈,,,,,,助手,,快踱一圈,H,內圈 快踱一圈 (助手)
J008,17/03/2025,游水,沙田,,沙田,,,,,,,,游水,,
J008,17/03/2025,踱步,沙田,內圈,沙田 內圈,,,,,,助手,,倒快兩圈,H,內圈 倒快兩圈 (助手)
J008,16/03/2025,游水,沙田,,沙田,,,,,,,,游水,,
J008,16/03/2025,快操,沙田,全天候,沙田 全天候,,1.24.7,84.7,32.3 27.4 25.0,,助手,,快操,H,32.3 27.4 25.0 (1.24.7) (助手)
J008,16/03/2025,踱步,沙田,飛機場,沙田 飛機場,,,,,,助手,,踱步,H,飛機場 踱步 (助手)
J008,15/03/2025,游水,沙田,,沙田,,,,,,,,游水,,
J008,15/03/2025,踱步,沙田,內圈,沙田 內圈,,,,,,助手,,快踱兩圈,H,內圈 快踱兩圈 (助手)
J008,14/03/2025,游水,沙田,,沙田,,,,,,,,游水,,
J008,14/03/2025,踱步,沙田,內圈,沙田 內圈,,,,,,助手,,快踱一圈,H,內圈 快踱一圈 (助手)
J008,13/03/2025,游水,沙田,,沙田,,,,,,,,游水,,
J008,13/03/2025,快操,沙田,全天候,沙田 全天候,,54.5,54.5,30.8 23.7,,助手,,快操,H,30.8 23.7 (54.5) (助手)
J008,13/03/2025,踱步,沙田,飛機場,沙田 飛機場,,,,,,助手,,踱步,H,飛機場 踱步 (助手)
J008,12/03/2025,游水,沙田,,沙田,,,,,,,,游水,,
J008,12/03/2025,踱步,沙田,內圈,沙田 內圈,,,,,,助手,,快踱兩圈,H,內圈 快踱兩圈 (助手)
J008,11/03/2025,游水,沙田,,沙田,,,,,,,,游水,,
J008,11/03/2025,踱步,沙田,內圈,沙田 內圈,,,,,,助手,,快踱一圈,H,內圈 快踱一圈 (助手)
J008,10/03/2025,游水,沙田,,沙田,,,,,,,,游水,,
J008,10/03/2025,踱步,沙田,內圈,沙田 內圈,,,,,,助手,,倒快兩圈,H,內圈 倒快兩圈 (助手)
J008,09/03/2025,游水,沙田,,沙田,,,,,,,,游水,,
J008,09/03/2025,快操,沙田,全天候,沙田 全天候,,53.3,53.3,28.5 24.8,,助手,,快操,H,28.5 24.8 (53.3) (助手)
J008,09/03/2025,踱步,沙田,飛機場,沙田 飛機場,,,,,,助手,,踱步,H,飛機場 踱步 (助手)
J008,08/03/2025,游水,沙田,,沙田,,,,,,,,游水,,
J008,08/03/2025,踱步,沙田,內圈,沙田 內圈,,,,,,助手,,快踱一圈,H,內圈 快踱一圈 (助手)
J008,07/03/2025,游水,沙田,,沙田,,,,,,,,游水,,
J008,07/03/2025,踱步,沙田,內圈,沙田 內圈,,,,,,助手,,快踱一圈,H,內圈 快踱一圈 (助手)
J008,06/03/2025,游水,沙田,,沙田,,,,,,,,游水,,
J008,06/03/2025,快操,沙田,全天候,沙田 全天候,,1.24.3,84.3,31.4 27.9 25.0,,助手,,快操,H,31.4 27.9 25.0 (1.24.3) (助手)
J008,06/03/2025,踱步,沙田,飛機場,沙田 飛機場,,,,,,助手,,踱步,H,飛機場 踱步 (助手)
J008,05/03/2025,游水,沙田,,沙田,,,,,,,,游水,,
J008,05/03/2025,踱步,沙田,內圈,沙田 內圈,,,,,,助手,,快踱兩圈,H,內圈 快踱兩圈 (助手)
J008,04/03/2025,踱步,沙田,內圈,沙田 內圈,,,,,,助手,,快踱一圈,H,內圈 快踱一圈 (助手)
J008,03/03/2025,游水,沙田,,沙田,,,,,,,,游水,,
J008,02/03/2025,游水,沙田,,沙田,,,,,,,,游水,,
J008,02/03/2025,踱步,沙田,內圈,沙田 內圈,,,,,,助手,,快踱一圈,H,內圈 快踱一圈 (助手)
J008,01/03/2025,游水,沙田,,沙田,,,,,,,,游水,,
J008,01/03/2025,快操,沙田,全天候,沙田 全天候,,55.7,55.7,30.1 25.6,,助手,,快操,H,30.1 25.6 (55.7) (助手)
J008,28/02/2025,游水,沙田,,沙田,,,,,,,,游水,,
J008,28/02/2025,踱步,沙田,內圈,沙田 內圈,,,,,,助手,,快踱一圈,H,內圈 快踱一圈 (助手)
J008,27/02/2025,游水,沙田,,沙田,,,,,,,,游水,,
J008,27/02/2025,踱步,沙田,內圈,沙田 內圈,,,,,,助手,,倒快兩圈,H,內圈 倒快兩圈 (助手)
J008,26/02/2025,游水,沙田,,沙田,,,,,,,,游水,,
J008,26/02/2025,踱步,沙田,內圈,沙田 內圈,,,,,,助手,,快踱兩圈,H,內圈 快踱兩圈 (助手)
J008,25/02/2025,游水,沙田,,沙田,,,,,,,,游水,,
J008,25/02/2025,踱步,沙田,內圈,沙田 內圈,,,,,,助手,,快踱一圈,H,內圈 快踱一圈 (助手)
J008,24/02/2025,游水,沙田,,沙田,,,,,,,,游水,,
J008,24/02/2025,踱步,沙田,內圈,沙田 內圈,,,,,,助手,,倒快兩圈,H,內圈 倒快兩圈 (助手)
J008,23/02/2025,游水,沙田,,沙田,,,,,,,,游水,,
J008,23/02/2025,踱步,沙田,內圈,沙田 內圈,,,,,,助手,,快踱一圈,H,內圈 快踱一圈 (助手)
J008,22/02/2025,游水,沙田,,沙田,,,,,,,,游水,,
J008,22/02/2025,踱步,沙田,內圈,沙田 內圈,,,,,,助手,,快踱一圈,H,內圈 快踱一圈 (助手)
J008,21/02/2025,游水,沙田,,沙田,,,,,,,,游水,,
J008,21/02/2025,踱步,沙田,內圈,沙田 內圈,,,,,,助手,,快踱一圈,H,內圈 快踱一圈 (助手)
J008,20/02/2025,游水,沙田,,沙田,,,,,,,,游水,,
J008,20/02/2025,踱步,沙田,內圈,沙田 內圈,,,,,,助手,,倒快兩圈,H,內圈 倒快兩圈 (助手)
J008,19/02/2025,游水,沙田,,沙田,,,,,,,,游水,,
J008,19/02/2025,踱步,沙田,飛機場,沙田 飛機場,,,,,,助手,,踱步,H,飛機場 踱步 (助手)
J008,18/02/2025,游水,沙田,,沙田,,,,,,,,游水,,
J008,18/02/2025,踱步,沙田,飛機場,沙田 飛機場,,,,,,助手,,踱步,H,飛機場 踱步 (助手)
J008,15/02/2025,踱步,沙田,內圈,沙田 內圈,,,,,,助手,,快踱一圈,H,內圈 快踱一圈 (助手)
J008,14/02/2025,踱步,沙田,內圈,沙田 內圈,,,,,,助手,,快踱一圈,H,內圈 快踱一圈 (助手)
J008,13/02/2025,踱步,沙田,飛機場,沙田 飛機場,,,,,,助手,,踱步,H,飛機場 踱步 (助手)
J008,12/02/2025,踱步,沙田,飛機場,沙田 飛機場,,,,,,助手,,踱步,H,飛機場 踱步 (助手)
J008,09/02/2025,出賽,沙田,草地,沙田 草地,1200M,,,,,班德禮,2/8,出賽,TT,1200M (班德禮) (2/8)
J008,09/02/2025,游水,沙田,,沙田,,,,,,,,游水,,
J008,09/02/2025,踱步,沙田,飛機場,沙田 飛機場,,,,,,助手,,踱步,H,飛機場 踱步 (助手)
J008,08/02/2025,游水,沙田,,沙田,,,,,,,,游水,,
J008,08/02/2025,踱步,沙田,內圈,沙田 內圈,,,,,,助手,,快踱兩圈,H,內圈 快踱兩圈 (助手)
J008,07/02/2025,游水,沙田,,沙田,,,,,,,,游水,,
J008,07/02/2025,踱步,沙田,內圈,沙田 內圈,,,,,,助手,,快踱一圈,H,內圈 快踱一圈 (助手)
J008,06/02/2025,快操,沙田,草地,沙田 草地,,53.5,53.5,26.8 26.7,,何澤堯,,快操,H,26.8 26.7 (53.5) (何澤堯)
J008,06/02/2025,踱步,沙田,飛機場,沙田 飛機場,,,,,,助手,,踱步,H,飛機場 踱步 (助手)
J008,05/02/2025,游水,沙田,,沙田,,,,,,,,游水,,
J008,05/02/2025,踱步,沙田,內圈,沙田 內圈,,,,,,助手,,快踱兩圈,H,內圈 快踱兩圈 (助手)
J008,04/02/2025,游水,沙田,,沙田,,,,,,,,游水,,
J008,04/02/2025,踱步,沙田,內圈,沙田 內圈,,,,,,助手,,快踱一圈,H,內圈 快踱一圈 (助手)
J008,03/02/2025,游水,沙田,,沙田,,,,,,,,游水,,
J008,03/02/2025,踱步,沙田,內圈,沙田 內圈,,,,,,助手,,倒快兩圈,H,內圈 倒快兩圈 (助手)
J008,02/02/2025,游水,沙田,,沙田,,,,,,,,游水,,
J008,02/02/2025,快操,沙田,全天候,沙田 全天候,,53.8,53.8,28.9 24.9,,助手,,快操,H,28.9 24.9 (53.8) (助手)
J008,02/02/2025,踱步,沙田,飛機場,沙田 飛機場,,,,,,助手,,踱步,H,飛機場 踱步 (助手)
J008,01/02/2025,游水,沙田,,沙田,,,,,,,,游水,,
J008,01/02/2025,踱步,沙田,內圈,沙田 內圈,,,,,,助手,,快踱一圈,H,內圈 快踱一圈 (助手)
J008,31/01/2025,游水,沙田,,沙田,,,,,,,,游水,,
J008,31/01/2025,踱步,沙田,內圈,沙田 內圈,,,,,,助手,,快踱一圈,H,內圈 快踱一圈 (助手)
J008,30/01/2025,游水,沙田,,沙田,,,,,,,,游水,,
J008,30/01/2025,踱步,沙田,飛機場,沙田 飛機場,,,,,,助手,,踱步,H,飛機場 踱步 (助手)
J008,28/01/2025,游水,沙田,,沙田,,,,,,,,游水,,
J008,26/01/2025,出賽,沙田,草地,沙田 草地,1200M,,,,,潘頓,1/9,出賽,TT,1200M (潘頓) (1/9)
J008,26/01/2025,游水,沙田,,沙田,,,,,,,,游水,,
J008,26/01/2025,踱步,沙田,飛機場,沙田 飛機場,,,,,,助手,,踱步,H,飛機場 踱步 (助手)
J008,25/01/2025,游水,沙田,,沙田,,,,,,,,游水,,
J008,25/01/2025,踱步,沙田,內圈,沙田 內圈,,,,,,助手,,快踱兩圈,H,內圈 快踱兩圈 (助手)
J008,24/01/2025,游水,沙田,,沙田,,,,,,,,游水,,
J008,24/01/2025,踱步,沙田,內圈,沙田 內圈,,,,,,助手,,快踱一圈,H,內圈 快踱一圈 (助手)
J008,23/01/2025,游水,沙田,,沙田,,,,,,,,游水,,
J008,23/01/2025,快操,沙田,草地,沙田 草地,,50.8,50.8,25.1 25.7,,助手,,快操,H,25.1 25.7 (50.8) (助手)
J008,23/01/2025,踱步,沙田,飛機場,沙田 飛機場,,,,,,助手,,踱步,H,飛機場 踱步 (助手)
J008,22/01/2025,游水,沙田,,沙田,,,,,,,,游水,,
J008,22/01/2025,踱步,沙田,內圈,沙田 內圈,,,,,,助手,,快踱兩圈,H,內圈 快踱兩圈 (助手)
J008,21/01/2025,游水,沙田,,沙田,,,,,,,,游水,,
J008,21/01/2025,踱步,沙田,內圈,沙田 內圈,,,,,,助手,,快踱一圈,H,內圈 快踱一圈 (助手)
J008,20/01/2025,游水,沙田,,沙田,,,,,,,,游水,,
J008,20/01/2025,踱步,沙田,內圈,沙田 內圈,,,,,,助手,,倒快兩圈,H,內圈 倒快兩圈 (助手)
J008,19/01/2025,游水,沙田,,沙田,,,,,,,,游水,,
J008,19/01/2025,踱步,沙田,內圈,沙田 內圈,,,,,,助手,,快踱一圈,H,內圈 快踱一圈 (助手)
J008,18/01/2025,游水,沙田,,沙田,,,,,,,,游水,,
J008,18/01/2025,踱步,沙田,內圈,沙田 內圈,,,,,,助手,,快踱兩圈,H,內圈 快踱兩圈 (助手)
J008,17/01/2025,游水,沙田,,沙田,,,,,,,,游水,,
J008,17/01/2025,踱步,沙田,內圈,沙田 內圈,,,,,,助手,,快踱一圈,H,內圈 快踱一圈 (助手)
J008,16/01/2025,游水,沙田,,沙田,,,,,,,,游水,,
J008,16/01/2025,快操,沙田,全天候,沙田 全天候,,53.8,53.8,27.7 26.1,,助手,,快操,H,27.7 26.1 (53.8) (助手)
J008,16/01/2025,踱步,沙田,飛機場,沙田 飛機場,,,,,,助手,,踱步,H,飛機場 踱步 (助手)
J008,15/01/2025,游水,沙田,,沙田,,,,,,,,游水,,
J008,15/01/2025,踱步,沙田,內圈,沙田 內圈,,,,,,助手,,快踱兩圈,H,內圈 快踱兩圈 (助手)
J008,14/01/2025,游水,沙田,,沙田,,,,,,,,游水,,
J008,14/01/2025,踱步,沙田,內圈,沙田 內圈,,,,,,助手,,快踱一圈,H,內圈 快踱一圈 (助手)
J008,13/01/2025,游水,沙田,,沙田,,,,,,,,游水,,
J008,13/01/2025,踱步,沙田,內圈,沙田 內圈,,,,,,助手,,倒快兩圈,H,內圈 倒快兩圈 (助手)
J008,12/01/2025,游水,沙田,,沙田,,,,,,,,游水,,
J008,12/01/2025,踱步,沙田,飛機場,沙田 飛機場,,,,,,助手,,踱步,H,飛機場 踱步 (助手)
J008,10/01/2025,游水,沙田,,沙田,,,,,,,,游水,,
J008,10/01/2025,踱步,沙田,飛機場,沙田 飛機場,,,,,,助手,,踱步,H,飛機場 踱步 (助手)
J008,09/01/2025,游水,沙田,,沙田,,,,,,,,游水,,
J008,09/01/2025,踱步,沙田,內圈,沙田 內圈,,,,,,助手,,倒快兩圈,H,內圈 倒快兩圈 (助手)
J008,08/01/2025,游水,沙田,,沙田,,,,,,,,游水,,
J008,08/01/2025,踱步,沙田,飛機場,沙田 飛機場,,,,,,助手,,踱步,H,飛機場 踱步 (助手)
J008,07/01/2025,游水,沙田,,沙田,,,,,,,,游水,,
J008,05/01/2025,出賽,沙田,草地,沙田 草地,1200M,,,,,艾道拿,2/9,出賽,TT,1200M (艾道拿) (2/9)
J008,05/01/2025,游水,沙田,,沙田,,,,,,,,游水,,
J008,05/01/2025,踱步,沙田,飛機場,沙田 飛機場,,,,,,助手,,踱步,H,飛機場 踱步 (助手)
J008,04/01/2025,游水,沙田,,沙田,,,,,,,,游水,,
J008,04/01/2025,踱步,沙田,內圈,沙田 內圈,,,,,,助手,,快踱兩圈,H,內圈 快踱兩圈 (助手)
J008,03/01/2025,游水,沙田,,沙田,,,,,,,,游水,,
J008,03/01/2025,踱步,沙田,內圈,沙田 內圈,,,,,,助手,,快踱一圈,H,內圈 快踱一圈 (助手)
J008,02/01/2025,快操,沙田,草地,沙田 草地,,53.8,53.8,28.7 25.1,,艾道拿,,快操,,28.7 25.1 (53.8) (艾道拿)
J008,02/01/2025,踱步,沙田,飛機場,沙田 飛機場,,,,,,助手,,踱步,H,飛機場 踱步 (助手)
J008,01/01/2025,游水,沙田,,沙田,,,,,,,,游水,,
J008,01/01/2025,踱步,沙田,內圈,沙田 內圈,,,,,,助手,,快踱兩圈,H,內圈 快踱兩圈 (助手)
J008,31/12/2024,游水,沙田,,沙田,,,,,,,,游水,,
J008,31/12/2024,踱步,沙田,內圈,沙田 內圈,,,,,,助手,,快踱一圈,H,內圈 快踱一圈 (助手)
J008,30/12/2024,游水,沙田,,沙田,,,,,,,,游水,,
J008,30/12/2024,踱步,沙田,內圈,沙田 內圈,,,,,,助手,,倒快兩圈,H,內圈 倒快兩圈 (助手)
J008,29/12/2024,游水,沙田,,沙田,,,,,,,,游水,,
J008,29/12/2024,快操,沙田,全天候,沙田 全天候,,53.2,53.2,28.0 25.2,,助手,,快操,H,28.0 25.2 (53.2) (助手)
J008,28/12/2024,游水,沙田,,沙田,,,,,,,,游水,,
J008,28/12/2024,踱步,沙田,內圈,沙田 內圈,,,,,,助手,,快踱兩圈,H,內圈 快踱兩圈 (助手)
J008,27/12/2024,游水,沙田,,沙田,,,,,,,,游水,,
J008,27/12/2024,踱步,沙田,內圈,沙田 內圈,,,,,,助手,,快踱一圈,H,內圈 快踱一圈 (助手)
J008,26/12/2024,游水,沙田,,沙田,,,,,,,,游水,,
J008,26/12/2024,踱步,沙田,內圈,沙田 內圈,,,,,,助手,,倒快一圈,H,內圈 倒快一圈 (助手)
J008,25/12/2024,游水,沙田,,沙田,,,,,,,,游水,,
J008,25/12/2024,踱步,沙田,飛機場,沙田 飛機場,,,,,,助手,,踱步,H,飛機場 踱步 (助手)
J008,24/12/2024,游水,沙田,,沙田,,,,,,,,游水,,
J008,22/12/2024,出賽,沙田,草地,沙田 草地,1200M,,,,,麥道朗,2/14,出賽,TT,1200M (麥道朗) (2/14)
J008,22/12/2024,游水,沙田,,沙田,,,,,,,,游水,,
J008,22/12/2024,踱步,沙田,飛機場,沙田 飛機場,,,,,,助手,,踱步,H,飛機場 踱步 (助手)
J008,21/12/2024,游水,沙田,,沙田,,,,,,,,游水,,
J008,21/12/2024,踱步,沙田,內圈,沙田 內圈,,,,,,助手,,快踱兩圈,H,內圈 快踱兩圈 (助手)
J008,20/12/2024,游水,沙田,,沙田,,,,,,,,游水,,
J008,20/12/2024,踱步,沙田,內圈,沙田 內圈,,,,,,助手,,快踱一圈,H,內圈 快踱一圈 (助手)
J008,19/12/2024,快操,沙田,全天候,沙田 全天候,,1.25.6,85.6,31.3 27.7 26.6,,麥道朗,,快操,H,31.3 27.7 26.6 (1.25.6) (麥道朗)
J008,19/12/2024,踱步,沙田,飛機場,沙田 飛機場,,,,,,助手,,踱步,H,飛機場 踱步 (助手)
J008,18/12/2024,游水,沙田,,沙田,,,,,,,,游水,,
J008,18/12/2024,踱步,沙田,內圈,沙田 內圈,,,,,,助手,,快踱兩圈,H,內圈 快踱兩圈 (助手)
J008,17/12/2024,游水,沙田,,沙田,,,,,,,,游水,,
J008,17/12/2024,踱步,沙田,內圈,沙田 內圈,,,,,,助手,,快踱一圈,H,內圈 快踱一圈 (助手)
J008,16/12/2024,游水,沙田,,沙田,,,,,,,,游水,,
J008,16/12/2024,踱步,沙田,內圈,沙田 內圈,,,,,,助手,,倒快兩圈,H,內圈 倒快兩圈 (助手)
J008,15/12/2024,游水,沙田,,沙田,,,,,,,,游水,,
J008,15/12/2024,快操,沙田,全天候,沙田 全天候,,54.8,54.8,28.0 26.8,,助手,,快操,H,28.0 26.8 (54.8) (助手)
J008,15/12/2024,踱步,沙田,飛機場,沙田 飛機場,,,,,,助手,,踱步,H,飛機場 踱步 (助手)
J008,14/12/2024,游水,沙田,,沙田,,,,,,,,游水,,
J008,14/12/2024,踱步,沙田,內圈,沙田 內圈,,,,,,助手,,快踱兩圈,H,內圈 快踱兩圈 (助手)
J008,13/12/2024,游水,沙田,,沙田,,,,,,,,游水,,
J008,13/12/2024,踱步,沙田,內圈,沙田 內圈,,,,,,助手,,快踱一圈,H,內圈 快踱一圈 (助手)
J008,12/12/2024,游水,沙田,,沙田,,,,,,,,游水,,
J008,12/12/2024,踱步,沙田,內圈,沙田 內圈,,,,,,助手,,倒快兩圈,H,內圈 倒快兩圈 (助手)
J008,11/12/2024,游水,沙田,,沙田,,,,,,,,游水,,
J008,11/12/2024,快操,沙田,全天候,沙田 全天候,,55.9,55.9,29.4 26.5,,麥道朗,,快操,H,29.4 26.5 (55.9) (麥道朗)
J008,11/12/2024,踱步,沙田,飛機場,沙田 飛機場,,,,,,助手,,踱步,H,飛機場 踱步 (助手)
J008,10/12/2024,游水,沙田,,沙田,,,,,,,,游水,,
J008,10/12/2024,踱步,沙田,內圈,沙田 內圈,,,,,,助手,,快踱一圈,H,內圈 快踱一圈 (助手)
J008,09/12/2024,游水,沙田,,沙田,,,,,,,,游水,,
J008,09/12/2024,踱步,沙田,內圈,沙田 內圈,,,,,,助手,,倒快兩圈,H,內圈 倒快兩圈 (助手)
J008,08/12/2024,游水,沙田,,沙田,,,,,,,,游水,,
J008,08/12/2024,踱步,沙田,內圈,沙田 內圈,,,,,,助手,,快踱一圈,H,內圈 快踱一圈 (助手)
J008,07/12/2024,游水,沙田,,沙田,,,,,,,,游水,,
J008,07/12/2024,踱步,沙田,內圈,沙田 內圈,,,,,,助手,,快踱兩圈,H,內圈 快踱兩圈 (助手)
J008,06/12/2024,游水,沙田,,沙田,,,,,,,,游水,,
J008,06/12/2024,踱步,沙田,內圈,沙田 內圈,,,,,,助手,,快踱一圈,H,內圈 快踱一圈 (助手)
J008,05/12/2024,游水,沙田,,沙田,,,,,,,,游水,,
J008,05/12/2024,快操,沙田,全天候,沙田 全天候,,53.5,53.5,26.8 26.7,,助手,,快操,H,26.8 26.7 (53.5) (助手)
J008,05/12/2024,踱步,沙田,飛機場,沙田 飛機場,,,,,,助手,,踱步,H,飛機場 踱步 (助手)
J008,04/12/2024,游水,沙田,,沙田,,,,,,,,游水,,
J008,03/12/2024,游水,沙田,,沙田,,,,,,,,游水,,
J008,03/12/2024,踱步,沙田,內圈,沙田 內圈,,,,,,助手,,快踱一圈,H,內圈 快踱一圈 (助手)
J008,02/12/2024,游水,沙田,,沙田,,,,,,,,游水,,
J008,01/12/2024,游水,沙田,,沙田,,,,,,,,游水,,
J008,01/12/2024,快操,沙田,全天候,沙田 全天候,,1.22.7,82.7,29.1 28.4 25.2,,助手,,快操,H,29.1 28.4 25.2 (1.22.7) (助手)
J008,01/12/2024,踱步,沙田,飛機場,沙田 飛機場,,,,,,助手,,踱步,H,飛機場 踱步 (助手)
J008,30/11/2024,游水,沙田,,沙田,,,,,,,,游水,,
J008,30/11/2024,踱步,沙田,內圈,沙田 內圈,,,,,,助手,,快踱兩圈,H,內圈 快踱兩圈 (助手)
J008,29/11/2024,游水,沙田,,沙田,,,,,,,,游水,,
J008,29/11/2024,踱步,沙田,內圈,沙田 內圈,,,,,,助手,,快踱一圈,H,內圈 快踱一圈 (助手)
J008,28/11/2024,游水,沙田,,沙田,,,,,,,,游水,,
J008,28/11/2024,踱步,沙田,內圈,沙田 內圈,,,,,,助手,,倒快兩圈,H,內圈 倒快兩圈 (助手)
J008,27/11/2024,游水,沙田,,沙田,,,,,,,,游水,,
J008,27/11/2024,快操,沙田,全天候,沙田 全天候,,52.3,52.3,26.6 25.7,,助手,,快操,H,26.6 25.7 (52.3) (助手)
J008,27/11/2024,踱步,沙田,飛機場,沙田 飛機場,,,,,,助手,,踱步,H,飛機場 踱步 (助手)
J008,26/11/2024,游水,沙田,,沙田,,,,,,,,游水,,
J008,26/11/2024,踱步,沙田,內圈,沙田 內圈,,,,,,助手,,快踱一圈,H,內圈 快踱一圈 (助手)
J008,25/11/2024,游水,沙田,,沙田,,,,,,,,游水,,
J008,25/11/2024,踱步,沙田,內圈,沙田 內圈,,,,,,助手,,倒快兩圈,H,內圈 倒快兩圈 (助手)
J008,24/11/2024,游水,沙田,,沙田,,,,,,,,游水,,
J008,24/11/2024,踱步,沙田,內圈,沙田 內圈,,,,,,助手,,快踱一圈,H,內圈 快踱一圈 (助手)
J008,23/11/2024,游水,沙田,,沙田,,,,,,,,游水,,
J008,23/11/2024,踱步,沙田,飛機場,沙田 飛機場,,,,,,助手,,踱步,H,飛機場 踱步 (助手)
J008,22/11/2024,游水,沙田,,沙田,,,,,,,,游水,,
J008,20/11/2024,出賽,跑馬地,草地,跑馬地 草地,1200M,,,,,麥道朗,5/12,出賽,TT,1200M (麥道朗) (5/12)
J008,20/11/2024,游水,沙田,,沙田,,,,,,,,游水,,
J008,20/11/2024,踱步,沙田,飛機場,沙田 飛機場,,,,,,助手,,踱步,H,飛機場 踱步 (助手)
J008,19/11/2024,游水,沙田,,沙田,,,,,,,,游水,,
J008,19/11/2024,踱步,沙田,內圈,沙田 內圈,,,,,,助手,,快踱一圈,H,內圈 快踱一圈 (助手)
J008,18/11/2024,快操,沙田,草地,沙田 草地,,54.2,54.2,26.3 27.9,,麥道朗,,快操,H,26.3 27.9 (54.2) (麥道朗)
J008,18/11/2024,踱步,沙田,飛機場,沙田 飛機場,,,,,,助手,,踱步,H,飛機場 踱步 (助手)
J008,17/11/2024,游水,沙田,,沙田,,,,,,,,游水,,
J008,17/11/2024,踱步,沙田,內圈,沙田 內圈,,,,,,助手,,快踱一圈,H,內圈 快踱一圈 (助手)
J008,16/11/2024,游水,沙田,,沙田,,,,,,,,游水,,
J008,16/11/2024,踱步,沙田,內圈,沙田 內圈,,,,,,助手,,快踱兩圈,H,內圈 快踱兩圈 (助手)
J008,15/11/2024,游水,沙田,,沙田,,,,,,,,游水,,
J008,15/11/2024,踱步,沙田,內圈,沙田 內圈,,,,,,助手,,快踱一圈,H,內圈 快踱一圈 (助手)
J008,14/11/2024,游水,沙田,,沙田,,,,,,,,游水,,
J008,13/11/2024,游水,沙田,,沙田,,,,,,,,游水,,
J008,13/11/2024,快操,沙田,全天候,沙田 全天候,,1.27.5,87.5,32.8 28.8 25.9,,助手,,快操,H,32.8 28.8 25.9 (1.27.5) (助手)
J008,13/11/2024,踱步,沙田,飛機場,沙田 飛機場,,,,,,助手,,踱步,H,飛機場 踱步 (助手)
J008,12/11/2024,游水,沙田,,沙田,,,,,,,,游水,,
J008,12/11/2024,踱步,沙田,內圈,沙田 內圈,,,,,,助手,,快踱一圈,H,內圈 快踱一圈 (助手)
J008,11/11/2024,游水,沙田,,沙田,,,,,,,,游水,,
J008,11/11/2024,踱步,沙田,內圈,沙田 內圈,,,,,,助手,,倒快兩圈,H,內圈 倒快兩圈 (助手)
J008,10/11/2024,游水,沙田,,沙田,,,,,,,,游水,,
J008,10/11/2024,踱步,沙田,內圈,沙田 內圈,,,,,,助手,,快踱一圈,H,內圈 快踱一圈 (助手)
J008,09/11/2024,游水,沙田,,沙田,,,,,,,,游水,,
J008,09/11/2024,踱步,沙田,內圈,沙田 內圈,,,,,,助手,,快踱兩圈,H,內圈 快踱兩圈 (助手)
J008,08/11/2024,游水,沙田,,沙田,,,,,,,,游水,,
J008,08/11/2024,踱步,沙田,內圈,沙田 內圈,,,,,,助手,,快踱一圈,H,內圈 快踱一圈 (助手)
J008,07/11/2024,游水,沙田,,沙田,,,,,,,,游水,,
J008,07/11/2024,快操,沙田,全天候,沙田 全天候,,53.1,53.1,27.8 25.3,,助手,,快操,H,27.8 25.3 (53.1) (助手)
J008,07/11/2024,踱步,沙田,飛機場,沙田 飛機場,,,,,,助手,,踱步,H,飛機場 踱步 (助手)
J008,06/11/2024,游水,沙田,,沙田,,,,,,,,游水,,
J008,06/11/2024,踱步,沙田,內圈,沙田 內圈,,,,,,助手,,快踱兩圈,H,內圈 快踱兩圈 (助手)
J008,05/11/2024,游水,沙田,,沙田,,,,,,,,游水,,
J008,05/11/2024,踱步,沙田,內圈,沙田 內圈,,,,,,助手,,快踱一圈,H,內圈 快踱一圈 (助手)
J008,04/11/2024,游水,沙田,,沙田,,,,,,,,游水,,
J008,04/11/2024,踱步,沙田,內圈,沙田 內圈,,,,,,助手,,倒快兩圈,H,內圈 倒快兩圈 (助手)
J008,03/11/2024,游水,沙田,,沙田,,,,,,,,游水,,
J008,03/11/2024,快操,沙田,全天候,沙田 全天候,,1.23.2,83.2,31.2 27.4 24.6,,助手,,快操,H,31.2 27.4 24.6 (1.23.2) (助手)
J008,03/11/2024,踱步,沙田,飛機場,沙田 飛機場,,,,,,助手,,踱步,H,飛機場 踱步 (助手)
J008,02/11/2024,游水,沙田,,沙田,,,,,,,,游水,,
J008,02/11/2024,踱步,沙田,內圈,沙田 內圈,,,,,,助手,,快踱兩圈,H,內圈 快踱兩圈 (助手)
J008,01/11/2024,游水,沙田,,沙田,,,,,,,,游水,,
J008,01/11/2024,踱步,沙田,內圈,沙田 內圈,,,,,,助手,,快踱一圈,H,內圈 快踱一圈 (助手)
J008,31/10/2024,游水,沙田,,沙田,,,,,,,,游水,,
J008,31/10/2024,踱步,沙田,內圈,沙田 內圈,,,,,,助手,,倒快兩圈,H,內圈 倒快兩圈 (助手)
J008,30/10/2024,游水,沙田,,沙田,,,,,,,,游水,,
J008,29/10/2024,游水,沙田,,沙田,,,,,,,,游水,,
J008,27/10/2024,出賽,跑馬地,草地,跑馬地 草地,1200M,,,,,潘明輝,8/12,出賽,TT,1200M (潘明輝) (8/12)
J008,27/10/2024,游水,沙田,,沙田,,,,,,,,游水,,
J008,27/10/2024,踱步,沙田,飛機場,沙田 飛機場,,,,,,助手,,踱步,H,飛機場 踱步 (助手)
J008,26/10/2024,游水,沙田,,沙田,,,,,,,,游水,,
J008,26/10/2024,踱步,沙田,內圈,沙田 內圈,,,,,,助手,,快踱兩圈,H,內圈 快踱兩圈 (助手)
J008,25/10/2024,游水,沙田,,沙田,,,,,,,,游水,,
J008,25/10/2024,踱步,沙田,內圈,沙田 內圈,,,,,,助手,,快踱一圈,H,內圈 快踱一圈 (助手)
J008,24/10/2024,游水,沙田,,沙田,,,,,,,,游水,,
J008,24/10/2024,快操,沙田,全天候,沙田 全天候,,53.2,53.2,27.7 25.5,,潘明輝,,快操,H,27.7 25.5 (53.2) (潘明輝)
J008,24/10/2024,踱步,沙田,飛機場,沙田 飛機場,,,,,,助手,,踱步,H,飛機場 踱步 (助手)
J008,23/10/2024,游水,沙田,,沙田,,,,,,,,游水,,
J008,23/10/2024,踱步,沙田,內圈,沙田 內圈,,,,,,助手,,快踱兩圈,H,內圈 快踱兩圈 (助手)
J008,22/10/2024,游水,沙田,,沙田,,,,,,,,游水,,
J008,22/10/2024,踱步,沙田,內圈,沙田 內圈,,,,,,助手,,快踱一圈,H,內圈 快踱一圈 (助手)
J008,21/10/2024,游水,沙田,,沙田,,,,,,,,游水,,
J008,21/10/2024,踱步,沙田,內圈,沙田 內圈,,,,,,助手,,倒快兩圈,H,內圈 倒快兩圈 (助手)
J008,20/10/2024,游水,沙田,,沙田,,,,,,,,游水,,
J008,20/10/2024,快操,沙田,全天候,沙田 全天候,,55.6,55.6,30.2 25.4,,助手,,快操,H,30.2 25.4 (55.6) (助手)
J008,20/10/2024,踱步,沙田,飛機場,沙田 飛機場,,,,,,助手,,踱步,H,飛機場 踱步 (助手)
J008,19/10/2024,游水,沙田,,沙田,,,,,,,,游水,,
J008,19/10/2024,踱步,沙田,內圈,沙田 內圈,,,,,,助手,,快踱兩圈,H,內圈 快踱兩圈 (助手)
J008,18/10/2024,游水,沙田,,沙田,,,,,,,,游水,,
J008,18/10/2024,踱步,沙田,內圈,沙田 內圈,,,,,,助手,,快踱一圈,H,內圈 快踱一圈 (助手)
J008,17/10/2024,游水,沙田,,沙田,,,,,,,,游水,,
J008,17/10/2024,踱步,沙田,內圈,沙田 內圈,,,,,,助手,,倒快兩圈,H,內圈 倒快兩圈 (助手)
J008,16/10/2024,游水,沙田,,沙田,,,,,,,,游水,,
J008,16/10/2024,踱步,沙田,飛機場,沙田 飛機場,,,,,,助手,,踱步,H,飛機場 踱步 (助手)
J008,15/10/2024,游水,沙田,,沙田,,,,,,,,游水,,
J008,13/10/2024,出賽,沙田,草地,沙田 草地,1200M,,,,,潘明輝,3/14,出賽,TT,1200M (潘明輝) (3/14)
J008,13/10/2024,游水,沙田,,沙田,,,,,,,,游水,,
J008,13/10/2024,踱步,沙田,飛機場,沙田 飛機場,,,,,,助手,,踱步,H,飛機場 踱步 (助手)
J008,12/10/2024,游水,沙田,,沙田,,,,,,,,游水,,
J008,12/10/2024,踱步,沙田,內圈,沙田 內圈,,,,,,助手,,快踱兩圈,H,內圈 快踱兩圈 (助手)
J008,11/10/2024,游水,沙田,,沙田,,,,,,,,游水,,
J008,11/10/2024,踱步,沙田,內圈,沙田 內圈,,,,,,助手,,快踱一圈,H,內圈 快踱一圈 (助手)
J008,10/10/2024,游水,沙田,,沙田,,,,,,,,游水,,
J008,10/10/2024,快操,沙田,全天候,沙田 全天候,,1.20.9,80.9,29.2 27.2 24.5,,潘明輝,,快操,H,29.2 27.2 24.5 (1.20.9) (潘明輝)
J008,10/10/2024,踱步,沙田,飛機場,沙田 飛機場,,,,,,助手,,踱步,H,飛機場 踱步 (助手)
J008,09/10/2024,游水,沙田,,沙田,,,,,,,,游水,,
J008,09/10/2024,踱步,沙田,內圈,沙田 內圈,,,,,,助手,,快踱兩圈,H,內圈 快踱兩圈 (助手)
J008,08/10/2024,游水,沙田,,沙田,,,,,,,,游水,,
J008,08/10/2024,踱步,沙田,內圈,沙田 內圈,,,,,,助手,,快踱一圈,H,內圈 快踱一圈 (助手)
J008,07/10/2024,游水,沙田,,沙田,,,,,,,,游水,,
J008,07/10/2024,踱步,沙田,內圈,沙田 內圈,,,,,,助手,,倒快一圈,,內圈 倒快一圈 (助手)
J008,06/10/2024,游水,沙田,,沙田,,,,,,,,游水,,
J008,06/10/2024,踱步,沙田,內圈,沙田 內圈,,,,,,助手,,快踱一圈,H,內圈 快踱一圈 (助手)
J008,05/10/2024,游水,沙田,,沙田,,,,,,,,游水,,
J008,05/10/2024,踱步,沙田,飛機場,沙田 飛機場,,,,,,助手,,踱步,H,飛機場 踱步 (助手)
J008,04/10/2024,試閘,沙田,全天候,沙田 全天候,1200M,1.11.08,71.08,24.9 23.1 23.0,加州星球,潘明輝,,第1組,,第1組 (潘明輝) 1200M 加州星球 24.9 23.1 23.0 (1.11.08)
J008,03/10/2024,游水,沙田,,沙田,,,,,,,,游水,,
J008,03/10/2024,踱步,沙田,內圈,沙田 內圈,,,,,,助手,,倒快兩圈,H,內圈 倒快兩圈 (助手)
J008,02/10/2024,游水,沙田,,沙田,,,,,,,,游水,,
J008,02/10/2024,踱步,沙田,內圈,沙田 內圈,,,,,,助手,,快踱兩圈,H,內圈 快踱兩圈 (助手)
J008,01/10/2024,游水,沙田,,沙田,,,,,,,,游水,,
J008,01/10/2024,踱步,沙田,內圈,沙田 內圈,,,,,,助手,,快踱一圈,H,內圈 快踱一圈 (助手)
J008,30/09/2024,游水,沙田,,沙田,,,,,,,,游水,,
J008,30/09/2024,踱步,沙田,內圈,沙田 內圈,,,,,,助手,,倒快兩圈,H,內圈 倒快兩圈 (助手)
J008,29/09/2024,游水,沙田,,沙田,,,,,,,,游水,,
J008,29/09/2024,踱步,沙田,內圈,沙田 內圈,,,,,,助手,,快踱一圈,H,內圈 快踱一圈 (助手)
J008,28/09/2024,游水,沙田,,沙田,,,,,,,,游水,,
J008,28/09/2024,踱步,沙田,內圈,沙田 內圈,,,,,,助手,,快踱一圈,H,內圈 快踱一圈 (助手)
J008,27/09/2024,游水,沙田,,沙田,,,,,,,,游水,,
J008,27/09/2024,快操,沙田,全天候,沙田 全天候,,55.4,55.4,29.5 25.9,,潘明輝,,快操,H,29.5 25.9 (55.4) (潘明輝)
J008,27/09/2024,踱步,沙田,飛機場,沙田 飛機場,,,,,,助手,,踱步,H,飛機場 踱步 (助手)
J008,26/09/2024,游水,沙田,,沙田,,,,,,,,游水,,
J008,26/09/2024,踱步,沙田,內圈,沙田 內圈,,,,,,助手,,倒快兩圈,H,內圈 倒快兩圈 (助手)
J008,25/09/2024,游水,沙田,,沙田,,,,,,,,游水,,
J008,25/09/2024,踱步,沙田,內圈,沙田 內圈,,,,,,助手,,快踱兩圈,H,內圈 快踱兩圈 (助手)
J008,24/09/2024,游水,沙田,,沙田,,,,,,,,游水,,
J008,24/09/2024,踱步,沙田,內圈,沙田 內圈,,,,,,助手,,快踱一圈,H,內圈 快踱一圈 (助手)
J008,23/09/2024,游水,沙田,,沙田,,,,,,,,游水,,
J008,23/09/2024,快操,沙田,全天候,沙田 全天候,,56.7,56.7,29.8 26.9,,助手,,快操,H,29.8 26.9 (56.7) (助手)
J008,23/09/2024,踱步,沙田,飛機場,沙田 飛機場,,,,,,助手,,踱步,H,飛機場 踱步 (助手)
J008,22/09/2024,游水,沙田,,沙田,,,,,,,,游水,,
J008,22/09/2024,踱步,沙田,內圈,沙田 內圈,,,,,,助手,,快踱一圈,H,內圈 快踱一圈 (助手)
J008,21/09/2024,游水,沙田,,沙田,,,,,,,,游水,,
J008,21/09/2024,踱步,沙田,內圈,沙田 內圈,,,,,,助手,,快踱兩圈,H,內圈 快踱兩圈 (助手)
J008,20/09/2024,游水,沙田,,沙田,,,,,,,,游水,,
J008,20/09/2024,踱步,沙田,內圈,沙田 內圈,,,,,,助手,,快踱一圈,H,內圈 快踱一圈 (助手)
J008,19/09/2024,游水,沙田,,沙田,,,,,,,,游水,,
J008,19/09/2024,快操,沙田,全天候,沙田 全天候,,52.6,52.6,28.6 24.0,,潘頓,,快操,H,28.6 24.0 (52.6) (潘頓)
J008,19/09/2024,踱步,沙田,飛機場,沙田 飛機場,,,,,,助手,,踱步,H,飛機場 踱步 (助手)
J008,18/09/2024,游水,沙田,,沙田,,,,,,,,游水,,
J008,18/09/2024,踱步,沙田,內圈,沙田 內圈,,,,,,助手,,快踱兩圈,H,內圈 快踱兩圈 (助手)
J008,17/09/2024,游水,沙田,,沙田,,,,,,,,游水,,
J008,17/09/2024,踱步,沙田,內圈,沙田 內圈,,,,,,助手,,快踱一圈,H,內圈 快踱一圈 (助手)
J008,16/09/2024,游水,沙田,,沙田,,,,,,,,游水,,
J008,16/09/2024,踱步,沙田,內圈,沙田 內圈,,,,,,助手,,倒快兩圈,H,內圈 倒快兩圈 (助手)
J008,15/09/2024,游水,沙田,,沙田,,,,,,,,游水,,
J008,15/09/2024,踱步,沙田,內圈,沙田 內圈,,,,,,助手,,快踱一圈,H,內圈 快踱一圈 (助手)
J008,14/09/2024,游水,沙田,,沙田,,,,,,,,游水,,
J008,14/09/2024,踱步,沙田,內圈,沙田 內圈,,,,,,助手,,快踱一圈,H,內圈 快踱一圈 (助手)
J008,13/09/2024,游水,沙田,,沙田,,,,,,,,游水,,
J008,13/09/2024,踱步,沙田,內圈,沙田 內圈,,,,,,助手,,快踱一圈,H,內圈 快踱一圈 (助手)
J008,12/09/2024,游水,沙田,,沙田,,,,,,,,游水,,
J008,12/09/2024,踱步,沙田,飛機場,沙田 飛機場,,,,,,助手,,踱步,H,飛機場 踱步 (助手)
J008,11/09/2024,游水,沙田,,沙田,,,,,,,,游水,,
J008,11/09/2024,踱步,沙田,飛機場,沙田 飛機場,,,,,,助手,,踱步,H,飛機場 踱步 (助手)
J008,10/09/2024,游水,沙田,,沙田,,,,,,,,游水,,
J008,08/09/2024,出賽,沙田,草地,沙田 草地,1200M,,,,,潘頓,1/14,出賽,TT,1200M (潘頓) (1/14)
J008,08/09/2024,游水,沙田,,沙田,,,,,,,,游水,,
J008,08/09/2024,踱步,沙田,飛機場,沙田 飛機場,,,,,,助手,,踱步,H,飛機場 踱步 (助手)
J008,07/09/2024,游水,沙田,,沙田,,,,,,,,游水,,
J008,07/09/2024,踱步,沙田,內圈,沙田 內圈,,,,,,助手,,快踱兩圈,H,內圈 快踱兩圈 (助手)
J008,06/09/2024,游水,沙田,,沙田,,,,,,,,游水,,
J008,05/09/2024,游水,沙田,,沙田,,,,,,,,游水,,
J008,05/09/2024,快操,沙田,全天候,沙田 全天候,,53.0,53.0,26.7 26.3,,助手,,快操,H,26.7 26.3 (53.0) (助手)
J008,05/09/2024,踱步,沙田,飛機場,沙田 飛機場,,,,,,助手,,踱步,H,飛機場 踱步 (助手)
J008,04/09/2024,游水,沙田,,沙田,,,,,,,,游水,,
J008,04/09/2024,踱步,沙田,內圈,沙田 內圈,,,,,,助手,,快踱兩圈,H,內圈 快踱兩圈 (助手)
J008,03/09/2024,游水,沙田,,沙田,,,,,,,,游水,,
J008,03/09/2024,踱步,沙田,內圈,沙田 內圈,,,,,,助手,,快踱一圈,H,內圈 快踱一圈 (助手)
J008,02/09/2024,游水,沙田,,沙田,,,,,,,,游水,,
J008,02/09/2024,踱步,沙田,內圈,沙田 內圈,,,,,,助手,,倒快兩圈,H,內圈 倒快兩圈 (助手)
J008,01/09/2024,游水,沙田,,沙田,,,,,,,,游水,,
J008,31/08/2024,試閘,沙田,草地,沙田 草地,1000M,0.57.47,57.47,13.6 21.4 22.4,寰宇豐采,潘頓,,第2組,,第2組 (潘頓) 1000M 寰宇豐采 13.6 21.4 22.4 (0.57.47)
J008,31/08/2024,游水,沙田,,沙田,,,,,,,,游水,,
J008,31/08/2024,踱步,沙田,飛機場,沙田 飛機場,,,,,,助手,,踱步,H,飛機場 踱步 (助手)
J008,30/08/2024,游水,沙田,,沙田,,,,,,,,游水,,
J008,30/08/2024,踱步,沙田,內圈,沙田 內圈,,,,,,助手,,快踱一圈,H,內圈 快踱一圈 (助手)
J008,29/08/2024,游水,沙田,,沙田,,,,,,,,游水,,
J008,29/08/2024,踱步,沙田,內圈,沙田 內圈,,,,,,助手,,倒快兩圈,H,內圈 倒快兩圈 (助手)
J008,28/08/2024,游水,沙田,,沙田,,,,,,,,游水,,
J008,28/08/2024,踱步,沙田,內圈,沙田 內圈,,,,,,助手,,快踱兩圈,H,內圈 快踱兩圈 (助手)
J008,27/08/2024,游水,沙田,,沙田,,,,,,,,游水,,
J008,27/08/2024,踱步,沙田,內圈,沙田 內圈,,,,,,助手,,快踱一圈,H,內圈 快踱一圈 (助手)
J008,26/08/2024,游水,沙田,,沙田,,,,,,,,游水,,
J008,26/08/2024,踱步,沙田,內圈,沙田 內圈,,,,,,助手,,倒快兩圈,H,內圈 倒快兩圈 (助手)
J008,25/08/2024,游水,沙田,,沙田,,,,,,,,游水,,
J008,25/08/2024,快操,沙田,全天候,沙田 全天候,,53.5,53.5,28.1 25.4,,助手,,快操,H,28.1 25.4 (53.5) (助手)
J008,25/08/2024,踱步,沙田,飛機場,沙田 飛機場,,,,,,助手,,踱步,H,飛機場 踱步 (助手)
J008,24/08/2024,游水,沙田,,沙田,,,,,,,,游水,,
J008,24/08/2024,踱步,沙田,內圈,沙田 內圈,,,,,,助手,,快踱兩圈,H,內圈 快踱兩圈 (助手)
J008,23/08/2024,游水,沙田,,沙田,,,,,,,,游水,,
J008,23/08/2024,踱步,沙田,內圈,沙田 內圈,,,,,,助手,,快踱一圈,H,內圈 快踱一圈 (助手)
J008,22/08/2024,游水,沙田,,沙田,,,,,,,,游水,,
J008,22/08/2024,踱步,沙田,內圈,沙田 內圈,,,,,,助手,,倒快一圈,,內圈 倒快一圈 (助手)
J008,21/08/2024,游水,沙田,,沙田,,,,,,,,游水,,
J008,21/08/2024,快操,沙田,全天候,沙田 全天候,,57.2,57.2,31.1 26.1,,助手,,快操,H,31.1 26.1 (57.2) (助手)
J008,21/08/2024,踱步,沙田,飛機場,沙田 飛機場,,,,,,助手,,踱步,H,飛機場 踱步 (助手)
J008,20/08/2024,游水,沙田,,沙田,,,,,,,,游水,,
J008,20/08/2024,踱步,沙田,內圈,沙田 內圈,,,,,,助手,,快踱一圈,H,內圈 快踱一圈 (助手)
J008,19/08/2024,游水,沙田,,沙田,,,,,,,,游水,,
J008,19/08/2024,踱步,沙田,內圈,沙田 內圈,,,,,,助手,,倒快兩圈,H,內圈 倒快兩圈 (助手)
J008,18/08/2024,游水,沙田,,沙田,,,,,,,,游水,,
J008,18/08/2024,踱步,沙田,內圈,沙田 內圈,,,,,,助手,,快踱一圈,H,內圈 快踱一圈 (助手)
J008,17/08/2024,游水,沙田,,沙田,,,,,,,,游水,,
J008,17/08/2024,踱步,沙田,內圈,沙田 內圈,,,,,,助手,,快踱兩圈,H,內圈 快踱兩圈 (助手)
J008,16/08/2024,游水,沙田,,沙田,,,,,,,,游水,,
J008,16/08/2024,踱步,沙田,內圈,沙田 內圈,,,,,,助手,,快踱一圈,H,內圈 快踱一圈 (助手)
J008,15/08/2024,游水,沙田,,沙田,,,,,,,,游水,,
J008,15/08/2024,快操,沙田,全天候,沙田 全天候,,55.2,55.2,28.8 26.4,,助手,,快操,H,28.8 26.4 (55.2) (助手)
J008,15/08/2024,踱步,沙田,飛機場,沙田 飛機場,,,,,,助手,,踱步,H,飛機場 踱步 (助手)
J008,14/08/2024,游水,沙田,,沙田,,,,,,,,游水,,
J008,14/08/2024,踱步,沙田,內圈,沙田 內圈,,,,,,助手,,快踱兩圈,H,內圈 快踱兩圈 (助手)
J008,13/08/2024,游水,沙田,,沙田,,,,,,,,游水,,
J008,13/08/2024,踱步,沙田,內圈,沙田 內圈,,,,,,助手,,快踱一圈,H,內圈 快踱一圈 (助手)
J008,12/08/2024,游水,沙田,,沙田,,,,,,,,游水,,
J008,12/08/2024,踱步,沙田,內圈,沙田 內圈,,,,,,助手,,倒快兩圈,H,內圈 倒快兩圈 (助手)
J008,11/08/2024,游水,沙田,,沙田,,,,,,,,游水,,
J008,11/08/2024,快操,沙田,全天候,沙田 全天候,,27.4,27.4,27.4,,助手,,快操,H,27.4 (27.4) (助手)
J008,11/08/2024,踱步,沙田,飛機場,沙田 飛機場,,,,,,助手,,踱步,H,飛機場 踱步 (助手)
J008,10/08/2024,游水,沙田,,沙田,,,,,,,,游水,,
J008,10/08/2024,踱步,沙田,內圈,沙田 內圈,,,,,,助手,,快踱兩圈,H,內圈 快踱兩圈 (助手)
J008,09/08/2024,游水,沙田,,沙田,,,,,,,,游水,,
J008,09/08/2024,踱步,沙田,內圈,沙田 內圈,,,,,,助手,,快踱一圈,H,內圈 快踱一圈 (助手)
J008,08/08/2024,游水,沙田,,沙田,,,,,,,,游水,,
J008,08/08/2024,踱步,沙田,內圈,沙田 內圈,,,,,,助手,,倒快兩圈,H,內圈 倒快兩圈 (助手)
J008,07/08/2024,游水,沙田,,沙田,,,,,,,,游水,,
J008,07/08/2024,快操,沙田,全天候,沙田 全天候,,58.0,58.0,32.3 25.7,,助手,,快操,H,32.3 25.7 (58.0) (助手)
J008,07/08/2024,踱步,沙田,飛機場,沙田 飛機場,,,,,,助手,,踱步,H,飛機場 踱步 (助手)
J008,06/08/2024,游水,沙田,,沙田,,,,,,,,游水,,
J008,06/08/2024,踱步,沙田,內圈,沙田 內圈,,,,,,助手,,快踱一圈,H,內圈 快踱一圈 (助手)
J008,05/08/2024,游水,沙田,,沙田,,,,,,,,游水,,
J008,05/08/2024,踱步,沙田,內圈,沙田 內圈,,,,,,助手,,倒快兩圈,H,內圈 倒快兩圈 (助手)
J008,04/08/2024,游水,沙田,,沙田,,,,,,,,游水,,
J008,04/08/2024,踱步,沙田,內圈,沙田 內圈,,,,,,助手,,快踱一圈,H,內圈 快踱一圈 (助手)
J008,03/08/2024,游水,沙田,,沙田,,,,,,,,游水,,
J008,03/08/2024,踱步,沙田,內圈,沙田 內圈,,,,,,助手,,快踱一圈,H,內圈 快踱一圈 (助手)
J008,02/08/2024,游水,沙田,,沙田,,,,,,,,游水,,
J008,02/08/2024,踱步,沙田,內圈,沙田 內圈,,,,,,助手,,快踱一圈,H,內圈 快踱一圈 (助手)
J008,01/08/2024,踱步,沙田,內圈,沙田 內圈,,,,,,助手,,快踱一圈,H,內圈 快踱一圈 (助手)
J008,31/07/2024,踱步,沙田,內圈,沙田 內圈,,,,,,助手,,快踱一圈,H,內圈 快踱一圈 (助手)
J008,30/07/2024,踱步,沙田,內圈,沙田 內圈,,,,,,助手,,快踱一圈,H,內圈 快踱一圈 (助手)
J008,29/07/2024,踱步,沙田,內圈,沙田 內圈,,,,,,助手,,快踱一圈,H,內圈 快踱一圈 (助手)
J008,27/07/2024,踱步,沙田,飛機場,沙田 飛機場,,,,,,助手,,踱步,H,飛機場 踱步 (助手)
J008,25/07/2024,踱步,沙田,飛機場,沙田 飛機場,,,,,,助手,,踱步,H,飛機場 踱步 (助手)
J008,24/07/2024,踱步,沙田,飛機場,沙田 飛機場,,,,,,助手,,踱步,H,飛機場 踱步 (助手)
J008,23/07/2024,踱步,沙田,飛機場,沙田 飛機場,,,,,,助手,,踱步,H,飛機場 踱步 (助手)
J008,22/07/2024,踱步,沙田,飛機場,沙田 飛機場,,,,,,助手,,踱步,H,飛機場 踱步 (助手)
J008,01/07/2024,踱步,沙田,飛機場,沙田 飛機場,,,,,,助手,,踱步,H,飛機場 踱步 (助手)
J008,30/06/2024,踱步,沙田,內圈,沙田 內圈,,,,,,助手,,快踱一圈,H,內圈 快踱一圈 (助手)
J008,29/06/2024,踱步,沙田,內圈,沙田 內圈,,,,,,助手,,快踱兩圈,H,內圈 快踱兩圈 (助手)
J008,28/06/2024,踱步,沙田,內圈,沙田 內圈,,,,,,助手,,快踱一圈,H,內圈 快踱一圈 (助手)
J008,27/06/2024,快操,沙田,草地,沙田 草地,,54.3,54.3,28.2 26.1,,希威森,,快操,,28.2 26.1 (54.3) (希威森)
J008,27/06/2024,踱步,沙田,飛機場,沙田 飛機場,,,,,,助手,,踱步,,飛機場 踱步 (助手)
J008,26/06/2024,踱步,沙田,內圈,沙田 內圈,,,,,,助手,,快踱兩圈,H,內圈 快踱兩圈 (助手)
J008,25/06/2024,踱步,沙田,內圈,沙田 內圈,,,,,,助手,,快踱一圈,H,內圈 快踱一圈 (助手)
J008,24/06/2024,踱步,沙田,內圈,沙田 內圈,,,,,,助手,,倒快兩圈,H,內圈 倒快兩圈 (助手)
J008,23/06/2024,踱步,沙田,內圈,沙田 內圈,,,,,,助手,,快踱一圈,H,內圈 快踱一圈 (助手)
J008,22/06/2024,踱步,沙田,內圈,沙田 內圈,,,,,,助手,,快踱兩圈,H,內圈 快踱兩圈 (助手)
J008,21/06/2024,踱步,沙田,內圈,沙田 內圈,,,,,,助手,,快踱一圈,H,內圈 快踱一圈 (助手)
J008,20/06/2024,快操,沙田,全天候,沙田 全天候,,54.8,54.8,28.8 26.0,,助手,,快操,H,28.8 26.0 (54.8) (助手)
J008,20/06/2024,踱步,沙田,飛機場,沙田 飛機場,,,,,,助手,,踱步,H,飛機場 踱步 (助手)
J008,19/06/2024,踱步,沙田,內圈,沙田 內圈,,,,,,助手,,快踱兩圈,H,內圈 快踱兩圈 (助手)
J008,18/06/2024,踱步,沙田,內圈,沙田 內圈,,,,,,助手,,快踱一圈,H,內圈 快踱一圈 (助手)
J008,17/06/2024,踱步,沙田,內圈,沙田 內圈,,,,,,助手,,倒快兩圈,H,內圈 倒快兩圈 (助手)
J008,16/06/2024,快操,沙田,全天候,沙田 全天候,,1.27.1,87.1,32.2 28.1 26.8,,助手,,快操,H,32.2 28.1 26.8 (1.27.1) (助手)
J008,16/06/2024,踱步,沙田,飛機場,沙田 飛機場,,,,,,助手,,踱步,H,飛機場 踱步 (助手)
J008,15/06/2024,踱步,沙田,內圈,沙田 內圈,,,,,,助手,,快踱一圈,H,內圈 快踱一圈 (助手)
J008,13/06/2024,踱步,沙田,內圈,沙田 內圈,,,,,,助手,,倒快兩圈,H,內圈 倒快兩圈 (助手)
J008,12/06/2024,踱步,沙田,內圈,沙田 內圈,,,,,,助手,,快踱一圈,H,內圈 快踱一圈 (助手)
J008,11/06/2024,踱步,沙田,飛機場,沙田 飛機場,,,,,,助手,,踱步,H,飛機場 踱步 (助手)
J008,08/06/2024,踱步,沙田,飛機場,沙田 飛機場,,,,,,助手,,踱步,H,飛機場 踱步 (助手)
J008,07/06/2024,踱步,沙田,內圈,沙田 內圈,,,,,,助手,,快踱一圈,H,內圈 快踱一圈 (助手)
J008,06/06/2024,踱步,沙田,內圈,沙田 內圈,,,,,,助手,,倒快兩圈,H,內圈 倒快兩圈 (助手)
J008,05/06/2024,快操,沙田,全天候,沙田 全天候,,1.22.4,82.4,30.6 25.5 26.3,,助手,,快操,H,30.6 25.5 26.3 (1.22.4) (助手)
J008,05/06/2024,踱步,沙田,飛機場,沙田 飛機場,,,,,,助手,,踱步,H,飛機場 踱步 (助手)
J008,04/06/2024,踱步,沙田,內圈,沙田 內圈,,,,,,助手,,快踱一圈,H,內圈 快踱一圈 (助手)
J008,03/06/2024,踱步,沙田,內圈,沙田 內圈,,,,,,助手,,倒快兩圈,H,內圈 倒快兩圈 (助手)
J008,02/06/2024,踱步,沙田,內圈,沙田 內圈,,,,,,助手,,快踱一圈,H,內圈 快踱一圈 (助手)
J008,01/06/2024,踱步,沙田,飛機場,沙田 飛機場,,,,,,助手,,踱步,H,飛機場 踱步 (助手)
J008,31/05/2024,試閘,沙田,全天候,沙田 全天候,1200M,1.11.97,71.97,24.0 23.0 24.9,亞機拉,巴度,,第1組,,第1組 (巴度) 1200M 亞機拉 24.0 23.0 24.9 (1.11.97)
J008,30/05/2024,踱步,沙田,內圈,沙田 內圈,,,,,,助手,,倒快兩圈,H,內圈 倒快兩圈 (助手)
J008,29/05/2024,踱步,沙田,內圈,沙田 內圈,,,,,,助手,,快踱兩圈,H,內圈 快踱兩圈 (助手)
J008,28/05/2024,踱步,沙田,內圈,沙田 內圈,,,,,,助手,,快踱一圈,H,內圈 快踱一圈 (助手)
J008,27/05/2024,踱步,沙田,內圈,沙田 內圈,,,,,,助手,,倒快兩圈,H,內圈 倒快兩圈 (助手)
J008,26/05/2024,踱步,沙田,內圈,沙田 內圈,,,,,,助手,,快踱一圈,H,內圈 快踱一圈 (助手)
J008,25/05/2024,踱步,沙田,內圈,沙田 內圈,,,,,,助手,,快踱一圈,H,內圈 快踱一圈 (助手)
J008,24/05/2024,踱步,沙田,內圈,沙田 內圈,,,,,,助手,,快踱一圈,H,內圈 快踱一圈 (助手)
J008,23/05/2024,踱步,沙田,飛機場,沙田 飛機場,,,,,,助手,,踱步,H,飛機場 踱步 (助手)
J008,22/05/2024,踱步,沙田,飛機場,沙田 飛機場,,,,,,助手,,踱步,H,飛機場 踱步 (助手)
J008,21/05/2024,踱步,沙田,飛機場,沙田 飛機場,,,,,,助手,,踱步,H,飛機場 踱步 (助手)
J008,17/05/2024,踱步,沙田,飛機場,沙田 飛機場,,,,,,助手,,踱步,H,飛機場 踱步 (助手)
J008,16/05/2024,踱步,沙田,內圈,沙田 內圈,,,,,,助手,,倒快兩圈,H,內圈 倒快兩圈 (助手)
J008,15/05/2024,踱步,沙田,內圈,沙田 內圈,,,,,,助手,,快踱兩圈,H,內圈 快踱兩圈 (助手)
J008,14/05/2024,踱步,沙田,內圈,沙田 內圈,,,,,,助手,,快踱一圈,H,內圈 快踱一圈 (助手)
J008,13/05/2024,踱步,沙田,內圈,沙田 內圈,,,,,,助手,,倒快兩圈,H,內圈 倒快兩圈 (助手)
J008,12/05/2024,快操,沙田,全天候,沙田 全天候,,53.7,53.7,28.5 25.2,,助手,,快操,H,28.5 25.2 (53.7) (助手)
J008,11/05/2024,踱步,沙田,內圈,沙田 內圈,,,,,,助手,,快踱兩圈,H,內圈 快踱兩圈 (助手)
J008,10/05/2024,踱步,沙田,內圈,沙田 內圈,,,,,,助手,,快踱一圈,H,內圈 快踱一圈 (助手)
J008,09/05/2024,踱步,沙田,內圈,沙田 內圈,,,,,,助手,,倒快兩圈,H,內圈 倒快兩圈 (助手)
J008,08/05/2024,踱步,沙田,飛機場,沙田 飛機場,,,,,,助手,,踱步,H,飛機場 踱步 (助手)
J008,05/05/2024,踱步,沙田,飛機場,沙田 飛機場,,,,,,助手,,踱步,H,飛機場 踱步 (助手)
J008,04/05/2024,踱步,沙田,內圈,沙田 內圈,,,,,,助手,,快踱兩圈,H,內圈 快踱兩圈 (助手)
J008,03/05/2024,踱步,沙田,內圈,沙田 內圈,,,,,,助手,,快踱一圈,H,內圈 快踱一圈 (助手)
J008,02/05/2024,快操,沙田,全天候,沙田 全天候,,55.5,55.5,28.5 27.0,,助手,,快操,H,28.5 27.0 (55.5) (助手)
J008,02/05/2024,踱步,沙田,飛機場,沙田 飛機場,,,,,,助手,,踱步,H,飛機場 踱步 (助手)
J008,30/04/2024,踱步,沙田,內圈,沙田 內圈,,,,,,助手,,快踱一圈,H,內圈 快踱一圈 (助手)
J008,29/04/2024,踱步,沙田,內圈,沙田 內圈,,,,,,助手,,倒快兩圈,H,內圈 倒快兩圈 (助手)
J008,28/04/2024,踱步,沙田,內圈,沙田 內圈,,,,,,助手,,快踱一圈,H,內圈 快踱一圈 (助手)
J008,27/04/2024,踱步,沙田,內圈,沙田 內圈,,,,,,助手,,快踱兩圈,H,內圈 快踱兩圈 (助手)
J008,26/04/2024,踱步,沙田,內圈,沙田 內圈,,,,,,助手,,快踱一圈,H,內圈 快踱一圈 (助手)
J008,25/04/2024,快操,沙田,全天候,沙田 全天候,,1.26.0,86.0,32.9 27.5 25.6,,巴度,,快操,H,32.9 27.5 25.6 (1.26.0) (巴度)
J008,25/04/2024,踱步,沙田,飛機場,沙田 飛機場,,,,,,助手,,踱步,H,飛機場 踱步 (助手)
J008,24/04/2024,踱步,沙田,內圈,沙田 內圈,,,,,,助手,,快踱兩圈,H,內圈 快踱兩圈 (助手)
J008,23/04/2024,踱步,沙田,內圈,沙田 內圈,,,,,,助手,,快踱一圈,H,內圈 快踱一圈 (助手)
J008,22/04/2024,踱步,沙田,內圈,沙田 內圈,,,,,,助手,,倒快兩圈,H,內圈 倒快兩圈 (助手)
J008,21/04/2024,快操,沙田,全天候,沙田 全天候,,55.1,55.1,28.9 26.2,,助手,,快操,H,28.9 26.2 (55.1) (助手)
J008,21/04/2024,踱步,沙田,飛機場,沙田 飛機場,,,,,,助手,,踱步,H,飛機場 踱步 (助手)
J008,20/04/2024,踱步,沙田,內圈,沙田 內圈,,,,,,助手,,快踱兩圈,H,內圈 快踱兩圈 (助手)
J008,19/04/2024,踱步,沙田,內圈,沙田 內圈,,,,,,助手,,快踱一圈,H,內圈 快踱一圈 (助手)
J008,18/04/2024,踱步,沙田,內圈,沙田 內圈,,,,,,助手,,倒快兩圈,H,內圈 倒快兩圈 (助手)
J008,17/04/2024,踱步,沙田,飛機場,沙田 飛機場,,,,,,助手,,踱步,H,飛機場 踱步 (助手)
J008,14/04/2024,踱步,沙田,飛機場,沙田 飛機場,,,,,,助手,,踱步,H,飛機場 踱步 (助手)
J008,13/04/2024,踱步,沙田,內圈,沙田 內圈,,,,,,助手,,快踱兩圈,H,內圈 快踱兩圈 (助手)
J008,12/04/2024,踱步,沙田,內圈,沙田 內圈,,,,,,助手,,快踱一圈,H,內圈 快踱一圈 (助手)
J008,11/04/2024,快操,沙田,草地,沙田 草地,,51.4,51.4,27.1 24.3,,巴度,,快操,,27.1 24.3 (51.4) (巴度)
J008,11/04/2024,踱步,沙田,飛機場,沙田 飛機場,,,,,,副練馬師,,踱步,,飛機場 踱步 (副練馬師)
J008,10/04/2024,踱步,沙田,內圈,沙田 內圈,,,,,,助手,,快踱兩圈,H,內圈 快踱兩圈 (助手)
J008,09/04/2024,踱步,沙田,內圈,沙田 內圈,,,,,,助手,,快踱一圈,H,內圈 快踱一圈 (助手)
J008,08/04/2024,踱步,沙田,內圈,沙田 內圈,,,,,,助手,,倒快兩圈,H,內圈 倒快兩圈 (助手)
J008,07/04/2024,快操,沙田,全天候,沙田 全天候,,1.25.4,85.4,30.2 29.0 26.2,,助手,,快操,H,30.2 29.0 26.2 (1.25.4) (助手)
J008,07/04/2024,踱步,沙田,飛機場,沙田 飛機場,,,,,,助手,,踱步,H,飛機場 踱步 (助手)
J008,06/04/2024,踱步,沙田,內圈,沙田 內圈,,,,,,助手,,快踱兩圈,H,內圈 快踱兩圈 (助手)
J008,05/04/2024,踱步,沙田,內圈,沙田 內圈,,,,,,助手,,快踱一圈,H,內圈 快踱一圈 (助手)
J008,04/04/2024,踱步,沙田,內圈,沙田 內圈,,,,,,助手,,倒快兩圈,H,內圈 倒快兩圈 (助手)
J008,03/04/2024,踱步,沙田,飛機場,沙田 飛機場,,,,,,助手,,踱步,H,飛機場 踱步 (助手)
J008,31/03/2024,踱步,沙田,飛機場,沙田 飛機場,,,,,,助手,,踱步,H,飛機場 踱步 (助手)
J008,30/03/2024,踱步,沙田,內圈,沙田 內圈,,,,,,助手,,快踱兩圈,H,內圈 快踱兩圈 (助手)
J008,29/03/2024,踱步,沙田,內圈,沙田 內圈,,,,,,助手,,快踱一圈,H,內圈 快踱一圈 (助手)
J008,28/03/2024,快操,沙田,草地,沙田 草地,,53.9,53.9,28.3 25.6,,助手,,快操,,28.3 25.6 (53.9) (助手)
J008,28/03/2024,踱步,沙田,飛機場,沙田 飛機場,,,,,,助手,,踱步,,飛機場 踱步 (助手)
J008,27/03/2024,踱步,沙田,內圈,沙田 內圈,,,,,,助手,,快踱兩圈,H,內圈 快踱兩圈 (助手)
J008,26/03/2024,踱步,沙田,內圈,沙田 內圈,,,,,,助手,,快踱一圈,H,內圈 快踱一圈 (助手)
J008,24/03/2024,快操,沙田,全天候,沙田 全天候,,50.4,50.4,26.6 23.8,,助手,,快操,H,26.6 23.8 (50.4) (助手)
J008,24/03/2024,踱步,沙田,飛機場,沙田 飛機場,,,,,,助手,,踱步,H,飛機場 踱步 (助手)
J008,23/03/2024,踱步,沙田,內圈,沙田 內圈,,,,,,助手,,快踱兩圈,H,內圈 快踱兩圈 (助手)
J008,22/03/2024,踱步,沙田,內圈,沙田 內圈,,,,,,助手,,快踱一圈,H,內圈 快踱一圈 (助手)
J008,21/03/2024,踱步,沙田,內圈,沙田 內圈,,,,,,助手,,倒快兩圈,,內圈 倒快兩圈 (助手)
J008,20/03/2024,踱步,沙田,飛機場,沙田 飛機場,,,,,,助手,,踱步,H,飛機場 踱步 (助手)
J008,19/03/2024,試閘,沙田,全天候,沙田 全天候,1200M,1.09.67,69.67,24.0 22.7 22.9,鑽石星空,潘頓,,第1組,,第1組 (潘頓) 1200M 鑽石星空 24.0 22.7 22.9 (1.09.67)
J008,18/03/2024,踱步,沙田,內圈,沙田 內圈,,,,,,助手,,倒快兩圈,H,內圈 倒快兩圈 (助手)
J008,17/03/2024,踱步,沙田,內圈,沙田 內圈,,,,,,助手,,快踱一圈,H,內圈 快踱一圈 (助手)
J008,16/03/2024,踱步,沙田,內圈,沙田 內圈,,,,,,助手,,快踱兩圈,H,內圈 快踱兩圈 (助手)
J008,15/03/2024,踱步,沙田,內圈,沙田 內圈,,,,,,助手,,快踱一圈,H,內圈 快踱一圈 (助手)
J008,14/03/2024,快操,沙田,全天候,沙田 全天候,,51.9,51.9,26.7 25.2,,潘頓,,快操,H,26.7 25.2 (51.9) (潘頓)
J008,14/03/2024,踱步,沙田,飛機場,沙田 飛機場,,,,,,助手,,踱步,H,飛機場 踱步 (助手)
J008,13/03/2024,踱步,沙田,內圈,沙田 內圈,,,,,,助手,,快踱兩圈,H,內圈 快踱兩圈 (助手)
J008,12/03/2024,踱步,沙田,內圈,沙田 內圈,,,,,,助手,,快踱一圈,H,內圈 快踱一圈 (助手)
J008,11/03/2024,踱步,沙田,內圈,沙田 內圈,,,,,,助手,,倒快兩圈,H,內圈 倒快兩圈 (助手)
J008,10/03/2024,快操,沙田,全天候,沙田 全天候,,1.22.1,82.1,30.8 27.1 24.2,,助手,,快操,H,30.8 27.1 24.2 (1.22.1) (助手)
J008,10/03/2024,踱步,沙田,飛機場,沙田 飛機場,,,,,,助手,,踱步,H,飛機場 踱步 (助手)
J008,08/03/2024,踱步,沙田,內圈,沙田 內圈,,,,,,助手,,快踱一圈,H,內圈 快踱一圈 (助手)
J008,07/03/2024,踱步,沙田,內圈,沙田 內圈,,,,,,助手,,倒快兩圈,H,內圈 倒快兩圈 (助手)
J008,06/03/2024,踱步,沙田,內圈,沙田 內圈,,,,,,助手,,快踱兩圈,H,內圈 快踱兩圈 (助手)
J008,05/03/2024,踱步,沙田,內圈,沙田 內圈,,,,,,助手,,快踱一圈,H,內圈 快踱一圈 (助手)
J008,04/03/2024,踱步,沙田,內圈,沙田 內圈,,,,,,助手,,倒快兩圈,H,內圈 倒快兩圈 (助手)
J008,03/03/2024,快操,沙田,全天候,沙田 全天候,,51.8,51.8,27.4 24.4,,助手,,快操,H,27.4 24.4 (51.8) (助手)
J008,03/03/2024,踱步,沙田,飛機場,沙田 飛機場,,,,,,助手,,踱步,H,飛機場 踱步 (助手)
J008,02/03/2024,踱步,沙田,內圈,沙田 內圈,,,,,,助手,,快踱兩圈,H,內圈 快踱兩圈 (助手)
J008,01/03/2024,踱步,沙田,內圈,沙田 內圈,,,,,,助手,,快踱一圈,H,內圈 快踱一圈 (助手)
J008,28/02/2024,踱步,沙田,飛機場,沙田 飛機場,,,,,,助手,,踱步,H,飛機場 踱步 (助手)
J008,25/02/2024,踱步,沙田,飛機場,沙田 飛機場,,,,,,助手,,踱步,H,飛機場 踱步 (助手)
J008,24/02/2024,踱步,沙田,內圈,沙田 內圈,,,,,,助手,,快踱兩圈,H,內圈 快踱兩圈 (助手)
J008,23/02/2024,踱步,沙田,內圈,沙田 內圈,,,,,,助手,,快踱一圈,H,內圈 快踱一圈 (助手)
J008,22/02/2024,快操,沙田,草閘,沙田 草閘,,51.0,51.0,26.0 25.0,,助手,,快操,,26.0 25.0 (51.0) (助手)
J008,22/02/2024,踱步,沙田,飛機場,沙田 飛機場,,,,,,助手,,踱步,,飛機場 踱步 (助手)
J008,21/02/2024,踱步,沙田,內圈,沙田 內圈,,,,,,助手,,快踱兩圈,H,內圈 快踱兩圈 (助手)
J008,20/02/2024,踱步,沙田,內圈,沙田 內圈,,,,,,副練馬師,,快踱一圈,H,內圈 快踱一圈 (副練馬師)
J008,19/02/2024,踱步,沙田,內圈,沙田 內圈,,,,,,助手,,倒快兩圈,H,內圈 倒快兩圈 (助手)
J008,18/02/2024,快操,沙田,全天候,沙田 全天候,,54.4,54.4,29.3 25.1,,助手,,快操,H,29.3 25.1 (54.4) (助手)
J008,18/02/2024,踱步,沙田,飛機場,沙田 飛機場,,,,,,助手,,踱步,H,飛機場 踱步 (助手)
J008,16/02/2024,踱步,沙田,內圈,沙田 內圈,,,,,,助手,,快踱一圈,H,內圈 快踱一圈 (助手)
J008,15/02/2024,快操,沙田,全天候,沙田 全天候,,52.6,52.6,27.3 25.3,,潘頓,,快操,H,27.3 25.3 (52.6) (潘頓)
J008,15/02/2024,踱步,沙田,飛機場,沙田 飛機場,,,,,,助手,,踱步,H,飛機場 踱步 (助手)
J008,14/02/2024,踱步,沙田,內圈,沙田 內圈,,,,,,助手,,快踱兩圈,H,內圈 快踱兩圈 (助手)
J008,13/02/2024,踱步,沙田,內圈,沙田 內圈,,,,,,助手,,快踱一圈,H,內圈 快踱一圈 (助手)
J008,12/02/2024,踱步,沙田,內圈,沙田 內圈,,,,,,助手,,倒快兩圈,H,內圈 倒快兩圈 (助手)
J008,11/02/2024,踱步,沙田,內圈,沙田 內圈,,,,,,助手,,快踱一圈,H,內圈 快踱一圈 (助手)
J008,09/02/2024,快操,沙田,全天候,沙田 全天候,,1.26.0,86.0,34.0 27.5 24.5,,助手,,快操,H,34.0 27.5 24.5 (1.26.0) (助手)
J008,09/02/2024,踱步,沙田,飛機場,沙田 飛機場,,,,,,助手,,踱步,,飛機場 踱步 (助手)
J008,08/02/2024,踱步,沙田,內圈,沙田 內圈,,,,,,助手,,倒快兩圈,H,內圈 倒快兩圈 (助手)
J008,07/02/2024,踱步,沙田,內圈,沙田 內圈,,,,,,助手,,快踱兩圈,H,內圈 快踱兩圈 (助手)
J008,06/02/2024,踱步,沙田,內圈,沙田 內圈,,,,,,助手,,快踱一圈,H,內圈 快踱一圈 (助手)
J008,05/02/2024,踱步,沙田,內圈,沙田 內圈,,,,,,助手,,倒快兩圈,H,內圈 倒快兩圈 (助手)
J008,04/02/2024,快操,沙田,全天候,沙田 全天候,,53.7,53.7,28.0 25.7,,助手,,快操,H,28.0 25.7 (53.7) (助手)
J008,04/02/2024,踱步,沙田,飛機場,沙田 飛機場,,,,,,助手,,踱步,H,飛機場 踱步 (助手)
J008,03/02/2024,踱步,沙田,內圈,沙田 內圈,,,,,,助手,,快踱兩圈,H,內圈 快踱兩圈 (助手)
J008,02/02/2024,踱步,沙田,內圈,沙田 內圈,,,,,,助手,,快踱一圈,H,內圈 快踱一圈 (助手)
J008,01/02/2024,踱步,沙田,內圈,沙田 內圈,,,,,,助手,,倒快兩圈,H,內圈 倒快兩圈 (助手)
J008,31/01/2024,踱步,沙田,飛機場,沙田 飛機場,,,,,,助手,,踱步,H,飛機場 踱步 (助手)
J008,28/01/2024,踱步,沙田,飛機場,沙田 飛機場,,,,,,助手,,踱步,H,飛機場 踱步 (助手)
J008,27/01/2024,游水,沙田,,沙田,,,,,,,,游水,,
J008,27/01/2024,踱步,沙田,內圈,沙田 內圈,,,,,,助手,,快踱兩圈,H,內圈 快踱兩圈 (助手)
J008,26/01/2024,踱步,沙田,內圈,沙田 內圈,,,,,,助手,,快踱一圈,H,內圈 快踱一圈 (助手)
J008,25/01/2024,快操,沙田,全天候,沙田 全天候,,51.9,51.9,27.1 24.8,,潘頓,,快操,H,27.1 24.8 (51.9) (潘頓)
J008,25/01/2024,踱步,沙田,飛機場,沙田 飛機場,,,,,,助手,,踱步,H,飛機場 踱步 (助手)
J008,24/01/2024,踱步,沙田,內圈,沙田 內圈,,,,,,助手,,快踱一圈,H,內圈 快踱一圈 (助手)
J008,23/01/2024,踱步,沙田,內圈,沙田 內圈,,,,,,助手,,快踱一圈,H,內圈 快踱一圈 (助手)
J008,22/01/2024,踱步,沙田,內圈,沙田 內圈,,,,,,助手,,倒快兩圈,H,內圈 倒快兩圈 (助手)
J008,21/01/2024,踱步,沙田,內圈,沙田 內圈,,,,,,助手,,快踱一圈,H,內圈 快踱一圈 (助手)
J008,20/01/2024,踱步,沙田,內圈,沙田 內圈,,,,,,助手,,快踱一圈,H,內圈 快踱一圈 (助手)
J008,19/01/2024,踱步,沙田,飛機場,沙田 飛機場,,,,,,助手,,踱步,H,飛機場 踱步 (助手)
J008,18/01/2024,試閘,沙田,全天候,沙田 全天候,1200M,1.09.45,69.45,24.0 22.0 23.4,華麗再勝,潘頓,,第1組,,第1組 (潘頓) 1200M 華麗再勝 24.0 22.0 23.4 (1.09.45)
J008,17/01/2024,游水,沙田,,沙田,,,,,,,,游水,,
J008,17/01/2024,踱步,沙田,內圈,沙田 內圈,,,,,,助手,,快踱兩圈,H,內圈 快踱兩圈 (助手)
J008,16/01/2024,游水,沙田,,沙田,,,,,,,,游水,,
J008,16/01/2024,踱步,沙田,內圈,沙田 內圈,,,,,,助手,,快踱一圈,H,內圈 快踱一圈 (助手)
J008,15/01/2024,游水,沙田,,沙田,,,,,,,,游水,,
J008,15/01/2024,踱步,沙田,內圈,沙田 內圈,,,,,,助手,,倒快兩圈,H,內圈 倒快兩圈 (助手)
J008,14/01/2024,游水,沙田,,沙田,,,,,,,,游水,,
J008,14/01/2024,踱步,沙田,內圈,沙田 內圈,,,,,,助手,,快踱一圈,H,內圈 快踱一圈 (助手)
J008,13/01/2024,游水,沙田,,沙田,,,,,,,,游水,,
J008,13/01/2024,踱步,沙田,飛機場,沙田 飛機場,,,,,,副練馬師,,踱步,H,飛機場 踱步 (副練馬師)
J008,11/01/2024,快操,沙田,草地,沙田 草地,,56.4,56.4,31.6 24.8,,副練馬師,,快操,,31.6 24.8 (56.4) (副練馬師)
J008,10/01/2024,游水,沙田,,沙田,,,,,,,,游水,,
J008,10/01/2024,踱步,沙田,內圈,沙田 內圈,,,,,,助手,,快踱兩圈,H,內圈 快踱兩圈 (助手)
J008,09/01/2024,游水,沙田,,沙田,,,,,,,,游水,,
J008,09/01/2024,踱步,沙田,內圈,沙田 內圈,,,,,,助手,,快踱一圈,H,內圈 快踱一圈 (助手)
J008,08/01/2024,游水,沙田,,沙田,,,,,,,,游水,,
J008,08/01/2024,踱步,沙田,內圈,沙田 內圈,,,,,,助手,,倒快兩圈,H,內圈 倒快兩圈 (助手)
J008,07/01/2024,游水,沙田,,沙田,,,,,,,,游水,,
J008,07/01/2024,快操,沙田,全天候,沙田 全天候,,54.1,54.1,27.4 26.7,,助手,,快操,H,27.4 26.7 (54.1) (助手)
J008,07/01/2024,踱步,沙田,飛機場,沙田 飛機場,,,,,,助手,,踱步,H,飛機場 踱步 (助手)
J008,06/01/2024,游水,沙田,,沙田,,,,,,,,游水,,
J008,06/01/2024,踱步,沙田,內圈,沙田 內圈,,,,,,助手,,快踱兩圈,H,內圈 快踱兩圈 (助手)
J008,05/01/2024,游水,沙田,,沙田,,,,,,,,游水,,
J008,05/01/2024,踱步,沙田,內圈,沙田 內圈,,,,,,助手,,快踱一圈,H,內圈 快踱一圈 (助手)
J008,04/01/2024,游水,沙田,,沙田,,,,,,,,游水,,
J008,04/01/2024,踱步,沙田,內圈,沙田 內圈,,,,,,助手,,倒快兩圈,H,內圈 倒快兩圈 (助手)
J008,03/01/2024,游水,沙田,,沙田,,,,,,,,游水,,
J008,03/01/2024,快操,沙田,全天候,沙田 全天候,,1.25.3,85.3,30.6 27.8 26.9,,助手,,快操,H,30.6 27.8 26.9 (1.25.3) (助手)
J008,03/01/2024,踱步,沙田,飛機場,沙田 飛機場,,,,,,助手,,踱步,H,飛機場 踱步 (助手)
J008,02/01/2024,游水,沙田,,沙田,,,,,,,,游水,,
J008,02/01/2024,踱步,沙田,內圈,沙田 內圈,,,,,,助手,,快踱一圈,H,內圈 快踱一圈 (助手)
J008,01/01/2024,游水,沙田,,沙田,,,,,,,,游水,,
J008,01/01/2024,踱步,沙田,內圈,沙田 內圈,,,,,,助手,,倒快兩圈,H,內圈 倒快兩圈 (助手)
J008,31/12/2023,游水,沙田,,沙田,,,,,,,,游水,,
J008,31/12/2023,踱步,沙田,內圈,沙田 內圈,,,,,,助手,,快踱一圈,H,內圈 快踱一圈 (助手)
J008,30/12/2023,游水,沙田,,沙田,,,,,,,,游水,,
J008,30/12/2023,踱步,沙田,內圈,沙田 內圈,,,,,,助手,,快踱一圈,H,內圈 快踱一圈 (助手)
J008,29/12/2023,游水,沙田,,沙田,,,,,,,,游水,,
J008,29/12/2023,踱步,沙田,飛機場,沙田 飛機場,,,,,,助手,,踱步,H,飛機場 踱步 (助手)
J008,28/12/2023,游水,沙田,,沙田,,,,,,,,游水,,
J008,26/12/2023,游水,沙田,,沙田,,,,,,,,游水,,
J008,26/12/2023,踱步,沙田,飛機場,沙田 飛機場,,,,,,助手,,踱步,H,飛機場 踱步 (助手)
J008,25/12/2023,游水,沙田,,沙田,,,,,,,,游水,,
J008,25/12/2023,踱步,沙田,內圈,沙田 內圈,,,,,,助手,,倒快兩圈,H,內圈 倒快兩圈 (助手)
J008,24/12/2023,游水,沙田,,沙田,,,,,,,,游水,,
J008,24/12/2023,踱步,沙田,內圈,沙田 內圈,,,,,,助手,,快踱一圈,H,內圈 快踱一圈 (助手)
J008,23/12/2023,游水,沙田,,沙田,,,,,,,,游水,,
J008,23/12/2023,踱步,沙田,內圈,沙田 內圈,,,,,,助手,,快踱兩圈,H,內圈 快踱兩圈 (助手)
J008,22/12/2023,游水,沙田,,沙田,,,,,,,,游水,,
J008,22/12/2023,踱步,沙田,內圈,沙田 內圈,,,,,,助手,,快踱一圈,H,內圈 快踱一圈 (助手)
J008,21/12/2023,游水,沙田,,沙田,,,,,,,,游水,,
J008,21/12/2023,快操,沙田,草地,沙田 草地,,55.3,55.3,29.5 25.8,,潘頓,,快操,,29.5 25.8 (55.3) (潘頓)
J008,21/12/2023,踱步,沙田,飛機場,沙田 飛機場,,,,,,助手,,踱步,,飛機場 踱步 (助手)
J008,20/12/2023,游水,沙田,,沙田,,,,,,,,游水,,
J008,20/12/2023,踱步,沙田,內圈,沙田 內圈,,,,,,助手,,快踱兩圈,H,內圈 快踱兩圈 (助手)
J008,19/12/2023,游水,沙田,,沙田,,,,,,,,游水,,
J008,19/12/2023,踱步,沙田,內圈,沙田 內圈,,,,,,助手,,快踱一圈,H,內圈 快踱一圈 (助手)
J008,18/12/2023,游水,沙田,,沙田,,,,,,,,游水,,
J008,18/12/2023,踱步,沙田,內圈,沙田 內圈,,,,,,助手,,倒快兩圈,H,內圈 倒快兩圈 (助手)
J008,17/12/2023,游水,沙田,,沙田,,,,,,,,游水,,
J008,17/12/2023,快操,沙田,全天候,沙田 全天候,,55.2,55.2,28.9 26.3,,助手,,快操,H,28.9 26.3 (55.2) (助手)
J008,17/12/2023,踱步,沙田,飛機場,沙田 飛機場,,,,,,助手,,踱步,H,飛機場 踱步 (助手)
J008,16/12/2023,游水,沙田,,沙田,,,,,,,,游水,,
J008,16/12/2023,踱步,沙田,內圈,沙田 內圈,,,,,,助手,,快踱兩圈,H,內圈 快踱兩圈 (助手)
J008,15/12/2023,游水,沙田,,沙田,,,,,,,,游水,,
J008,15/12/2023,踱步,沙田,內圈,沙田 內圈,,,,,,助手,,快踱一圈,H,內圈 快踱一圈 (助手)
J008,14/12/2023,游水,沙田,,沙田,,,,,,,,游水,,
J008,14/12/2023,踱步,沙田,內圈,沙田 內圈,,,,,,助手,,倒快兩圈,H,內圈 倒快兩圈 (助手)
J008,13/12/2023,游水,沙田,,沙田,,,,,,,,游水,,
J008,13/12/2023,踱步,沙田,飛機場,沙田 飛機場,,,,,,助手,,踱步,,飛機場 踱步 (助手)
J008,12/12/2023,游水,沙田,,沙田,,,,,,,,游水,,
J008,10/12/2023,游水,沙田,,沙田,,,,,,,,游水,,
J008,10/12/2023,踱步,沙田,飛機場,沙田 飛機場,,,,,,助手,,踱步,H,飛機場 踱步 (助手)
J008,09/12/2023,游水,沙田,,沙田,,,,,,,,游水,,
J008,09/12/2023,踱步,沙田,內圈,沙田 內圈,,,,,,助手,,快踱兩圈,H,內圈 快踱兩圈 (助手)
J008,08/12/2023,游水,沙田,,沙田,,,,,,,,游水,,
J008,08/12/2023,踱步,沙田,內圈,沙田 內圈,,,,,,助手,,快踱一圈,H,內圈 快踱一圈 (助手)
J008,07/12/2023,游水,沙田,,沙田,,,,,,,,游水,,
J008,07/12/2023,快操,沙田,草地,沙田 草地,,50.9,50.9,25.2 25.7,,潘頓,,快操,,25.2 25.7 (50.9) (潘頓)
J008,07/12/2023,踱步,沙田,飛機場,沙田 飛機場,,,,,,助手,,踱步,,飛機場 踱步 (助手)
J008,06/12/2023,游水,沙田,,沙田,,,,,,,,游水,,
J008,06/12/2023,踱步,沙田,內圈,沙田 內圈,,,,,,助手,,快踱兩圈,H,內圈 快踱兩圈 (助手)
J008,05/12/2023,游水,沙田,,沙田,,,,,,,,游水,,
J008,05/12/2023,踱步,沙田,內圈,沙田 內圈,,,,,,助手,,快踱一圈,H,內圈 快踱一圈 (助手)
J008,04/12/2023,游水,沙田,,沙田,,,,,,,,游水,,
J008,04/12/2023,踱步,沙田,內圈,沙田 內圈,,,,,,助手,,倒快兩圈,H,內圈 倒快兩圈 (助手)
J008,03/12/2023,游水,沙田,,沙田,,,,,,,,游水,,
J008,03/12/2023,踱步,沙田,內圈,沙田 內圈,,,,,,助手,,快踱一圈,H,內圈 快踱一圈 (助手)
J008,02/12/2023,游水,沙田,,沙田,,,,,,,,游水,,
J008,02/12/2023,踱步,沙田,內圈,沙田 內圈,,,,,,助手,,快踱一圈,H,內圈 快踱一圈 (助手)
J008,01/12/2023,游水,沙田,,沙田,,,,,,,,游水,,
J008,01/12/2023,踱步,沙田,飛機場,沙田 飛機場,,,,,,副練馬師,,踱步,H,飛機場 踱步 (副練馬師)
J008,30/11/2023,試閘,沙田,全天候,沙田 全天候,1200M,1.10.86,70.86,24.3 23.1 23.4,有派頭,潘頓,,第3組,H,第3組 (潘頓) 1200M 有派頭 24.3 23.1 23.4 (1.10.86)
J008,29/11/2023,游水,沙田,,沙田,,,,,,,,游水,,
J008,29/11/2023,踱步,沙田,內圈,沙田 內圈,,,,,,助手,,快踱兩圈,H,內圈 快踱兩圈 (助手)
J008,28/11/2023,游水,沙田,,沙田,,,,,,,,游水,,
J008,28/11/2023,踱步,沙田,內圈,沙田 內圈,,,,,,助手,,快踱一圈,H,內圈 快踱一圈 (助手)
J008,27/11/2023,游水,沙田,,沙田,,,,,,,,游水,,
J008,27/11/2023,踱步,沙田,內圈,沙田 內圈,,,,,,助手,,倒快兩圈,H,內圈 倒快兩圈 (助手)
J008,26/11/2023,游水,沙田,,沙田,,,,,,,,游水,,
J008,26/11/2023,快操,沙田,全天候,沙田 全天候,,51.6,51.6,27.6 24.0,,助手,,快操,H,27.6 24.0 (51.6) (助手)
J008,26/11/2023,踱步,沙田,飛機場,沙田 飛機場,,,,,,助手,,踱步,H,飛機場 踱步 (助手)
J008,25/11/2023,游水,沙田,,沙田,,,,,,,,游水,,
J008,25/11/2023,踱步,沙田,內圈,沙田 內圈,,,,,,助手,,快踱兩圈,H,內圈 快踱兩圈 (助手)
J008,24/11/2023,游水,沙田,,沙田,,,,,,,,游水,,
J008,24/11/2023,踱步,沙田,內圈,沙田 內圈,,,,,,助手,,快踱一圈,H,內圈 快踱一圈 (助手)
J008,23/11/2023,游水,沙田,,沙田,,,,,,,,游水,,
J008,23/11/2023,踱步,沙田,內圈,沙田 內圈,,,,,,助手,,倒快兩圈,H,內圈 倒快兩圈 (助手)
J008,22/11/2023,游水,沙田,,沙田,,,,,,,,游水,,
J008,22/11/2023,踱步,沙田,飛機場,沙田 飛機場,,,,,,助手,,踱步,H,飛機場 踱步 (助手)
J008,21/11/2023,游水,沙田,,沙田,,,,,,,,游水,,
J008,19/11/2023,游水,沙田,,沙田,,,,,,,,游水,,
J008,19/11/2023,踱步,沙田,飛機場,沙田 飛機場,,,,,,助手,,踱步,H,飛機場 踱步 (助手)
J008,18/11/2023,游水,沙田,,沙田,,,,,,,,游水,,
J008,18/11/2023,踱步,沙田,內圈,沙田 內圈,,,,,,助手,,快踱兩圈,H,內圈 快踱兩圈 (助手)
J008,17/11/2023,游水,沙田,,沙田,,,,,,,,游水,,
J008,17/11/2023,踱步,沙田,內圈,沙田 內圈,,,,,,助手,,快踱一圈,H,內圈 快踱一圈 (助手)
J008,16/11/2023,游水,沙田,,沙田,,,,,,,,游水,,
J008,16/11/2023,快操,沙田,草地,沙田 草地,,51.4,51.4,27.0 24.4,,田泰安,,快操,,27.0 24.4 (51.4) (田泰安)
J008,16/11/2023,踱步,沙田,飛機場,沙田 飛機場,,,,,,助手,,踱步,,飛機場 踱步 (助手)
J008,15/11/2023,游水,沙田,,沙田,,,,,,,,游水,,
J008,15/11/2023,踱步,沙田,內圈,沙田 內圈,,,,,,副練馬師,,快踱兩圈,H,內圈 快踱兩圈 (副練馬師)
J008,14/11/2023,游水,沙田,,沙田,,,,,,,,游水,,
J008,14/11/2023,踱步,沙田,內圈,沙田 內圈,,,,,,助手,,快踱一圈,H,內圈 快踱一圈 (助手)
J008,13/11/2023,游水,沙田,,沙田,,,,,,,,游水,,
J008,13/11/2023,踱步,沙田,內圈,沙田 內圈,,,,,,助手,,倒快兩圈,H,內圈 倒快兩圈 (助手)
J008,12/11/2023,游水,沙田,,沙田,,,,,,,,游水,,
J008,12/11/2023,踱步,沙田,內圈,沙田 內圈,,,,,,助手,,快踱一圈,H,內圈 快踱一圈 (助手)
J008,11/11/2023,游水,沙田,,沙田,,,,,,,,游水,,
J008,11/11/2023,踱步,沙田,飛機場,沙田 飛機場,,,,,,助手,,踱步,,飛機場 踱步 (助手)
J008,10/11/2023,試閘,沙田,全天候,沙田 全天候,1200M,1.10.48,70.48,24.0 23.4 23.0,華麗再勝,田泰安,,第3組,,第3組 (田泰安) 1200M 華麗再勝 24.0 23.4 23.0 (1.10.48)
J008,09/11/2023,游水,沙田,,沙田,,,,,,,,游水,,
J008,09/11/2023,踱步,沙田,內圈,沙田 內圈,,,,,,助手,,倒快兩圈,H,內圈 倒快兩圈 (助手)
J008,08/11/2023,游水,沙田,,沙田,,,,,,,,游水,,
J008,08/11/2023,踱步,沙田,內圈,沙田 內圈,,,,,,助手,,快踱兩圈,H,內圈 快踱兩圈 (助手)
J008,07/11/2023,游水,沙田,,沙田,,,,,,,,游水,,
J008,07/11/2023,踱步,沙田,內圈,沙田 內圈,,,,,,助手,,快踱一圈,H,內圈 快踱一圈 (助手)
J008,06/11/2023,游水,沙田,,沙田,,,,,,,,游水,,
J008,06/11/2023,踱步,沙田,內圈,沙田 內圈,,,,,,助手,,倒快兩圈,H,內圈 倒快兩圈 (助手)
J008,05/11/2023,游水,沙田,,沙田,,,,,,,,游水,,
J008,05/11/2023,快操,沙田,全天候,沙田 全天候,,1.21.5,81.5,31.5 25.2 24.8,,助手,,快操,H,31.5 25.2 24.8 (1.21.5) (助手)
J008,05/11/2023,踱步,沙田,飛機場,沙田 飛機場,,,,,,助手,,踱步,,飛機場 踱步 (助手)
J008,04/11/2023,游水,沙田,,沙田,,,,,,,,游水,,
J008,04/11/2023,踱步,沙田,內圈,沙田 內圈,,,,,,助手,,快踱兩圈,H,內圈 快踱兩圈 (助手)
J008,03/11/2023,游水,沙田,,沙田,,,,,,,,游水,,
J008,03/11/2023,踱步,沙田,內圈,沙田 內圈,,,,,,助手,,快踱一圈,H,內圈 快踱一圈 (助手)
J008,02/11/2023,游水,沙田,,沙田,,,,,,,,游水,,
J008,02/11/2023,踱步,沙田,內圈,沙田 內圈,,,,,,助手,,倒快兩圈,H,內圈 倒快兩圈 (助手)
J008,01/11/2023,游水,沙田,,沙田,,,,,,,,游水,,
J008,01/11/2023,快操,沙田,全天候,沙田 全天候,,53.9,53.9,28.1 25.8,,助手,,快操,H,28.1 25.8 (53.9) (助手)
J008,01/11/2023,踱步,沙田,飛機場,沙田 飛機場,,,,,,助手,,踱步,H,飛機場 踱步 (助手)
J008,31/10/2023,游水,沙田,,沙田,,,,,,,,游水,,
J008,31/10/2023,踱步,沙田,內圈,沙田 內圈,,,,,,助手,,快踱一圈,H,內圈 快踱一圈 (助手)
J008,30/10/2023,游水,沙田,,沙田,,,,,,,,游水,,
J008,30/10/2023,踱步,沙田,內圈,沙田 內圈,,,,,,助手,,倒快兩圈,H,內圈 倒快兩圈 (助手)
J008,29/10/2023,游水,沙田,,沙田,,,,,,,,游水,,
J008,29/10/2023,踱步,沙田,內圈,沙田 內圈,,,,,,助手,,快踱一圈,H,內圈 快踱一圈 (助手)
J008,28/10/2023,游水,沙田,,沙田,,,,,,,,游水,,
J008,28/10/2023,踱步,沙田,內圈,沙田 內圈,,,,,,助手,,快踱兩圈,H,內圈 快踱兩圈 (助手)
J008,27/10/2023,游水,沙田,,沙田,,,,,,,,游水,,
J008,27/10/2023,踱步,沙田,內圈,沙田 內圈,,,,,,助手,,快踱一圈,H,內圈 快踱一圈 (助手)
J008,26/10/2023,游水,沙田,,沙田,,,,,,,,游水,,
J008,26/10/2023,快操,沙田,全天候,沙田 全天候,,54.7,54.7,28.7 26.0,,田泰安,,快操,H,28.7 26.0 (54.7) (田泰安)
J008,26/10/2023,踱步,沙田,飛機場,沙田 飛機場,,,,,,助手,,踱步,H,飛機場 踱步 (助手)
J008,25/10/2023,游水,沙田,,沙田,,,,,,,,游水,,
J008,25/10/2023,踱步,沙田,內圈,沙田 內圈,,,,,,助手,,快踱兩圈,H,內圈 快踱兩圈 (助手)
J008,24/10/2023,游水,沙田,,沙田,,,,,,,,游水,,
J008,24/10/2023,踱步,沙田,內圈,沙田 內圈,,,,,,助手,,快踱一圈,H,內圈 快踱一圈 (助手)
J008,23/10/2023,游水,沙田,,沙田,,,,,,,,游水,,
J008,23/10/2023,踱步,沙田,內圈,沙田 內圈,,,,,,助手,,倒快兩圈,H,內圈 倒快兩圈 (助手)
J008,22/10/2023,游水,沙田,,沙田,,,,,,,,游水,,
J008,22/10/2023,快操,沙田,全天候,沙田 全天候,,59.1,59.1,32.3 26.8,,助手,,快操,H,32.3 26.8 (59.1) (助手)
J008,22/10/2023,踱步,沙田,飛機場,沙田 飛機場,,,,,,助手,,踱步,H,飛機場 踱步 (助手)
J008,21/10/2023,游水,沙田,,沙田,,,,,,,,游水,,
J008,21/10/2023,踱步,沙田,內圈,沙田 內圈,,,,,,助手,,快踱兩圈,H,內圈 快踱兩圈 (助手)
J008,20/10/2023,游水,沙田,,沙田,,,,,,,,游水,,
J008,20/10/2023,踱步,沙田,內圈,沙田 內圈,,,,,,助手,,快踱一圈,H,內圈 快踱一圈 (助手)
J008,19/10/2023,游水,沙田,,沙田,,,,,,,,游水,,
J008,19/10/2023,踱步,沙田,內圈,沙田 內圈,,,,,,助手,,倒快兩圈,H,內圈 倒快兩圈 (助手)
J008,18/10/2023,游水,沙田,,沙田,,,,,,,,游水,,
J008,18/10/2023,踱步,沙田,內圈,沙田 內圈,,,,,,助手,,快踱兩圈,H,內圈 快踱兩圈 (助手)
J008,17/10/2023,踱步,沙田,內圈,沙田 內圈,,,,,,助手,,快踱一圈,H,內圈 快踱一圈 (助手)
J008,16/10/2023,踱步,沙田,飛機場,沙田 飛機場,,,,,,助手,,踱步,H,飛機場 踱步 (助手)
J008,15/10/2023,踱步,沙田,飛機場,沙田 飛機場,,,,,,副練馬師,,踱步,H,飛機場 踱步 (副練馬師)
J008,14/10/2023,踱步,沙田,飛機場,沙田 飛機場,,,,,,助手,,踱步,H,飛機場 踱步 (助手)
J008,13/10/2023,踱步,沙田,飛機場,沙田 飛機場,,,,,,助手,,踱步,,飛機場 踱步 (助手)
J008,12/10/2023,踱步,沙田,飛機場,沙田 飛機場,,,,,,助手,,踱步,H,飛機場 踱步 (助手)
J008,11/10/2023,踱步,沙田,飛機場,沙田 飛機場,,,,,,助手,,踱步,H,飛機場 踱步 (助手)
J008,10/10/2023,踱步,沙田,飛機場,沙田 飛機場,,,,,,助手,,踱步,H,飛機場 踱步 (助手)
J008,09/10/2023,游水,沙田,,沙田,,,,,,,,游水,,
J008,06/10/2023,游水,沙田,,沙田,,,,,,,,游水,,
J008,06/10/2023,踱步,沙田,內圈,沙田 內圈,,,,,,助手,,快踱一圈,H,內圈 快踱一圈 (助手)
J008,05/10/2023,游水,沙田,,沙田,,,,,,,,游水,,
J008,05/10/2023,踱步,沙田,內圈,沙田 內圈,,,,,,助手,,倒快兩圈,H,內圈 倒快兩圈 (助手)
J008,04/10/2023,游水,沙田,,沙田,,,,,,,,游水,,
J008,04/10/2023,踱步,沙田,內圈,沙田 內圈,,,,,,助手,,快踱兩圈,H,內圈 快踱兩圈 (助手)
J008,03/10/2023,游水,沙田,,沙田,,,,,,,,游水,,
J008,03/10/2023,踱步,沙田,內圈,沙田 內圈,,,,,,助手,,快踱一圈,H,內圈 快踱一圈 (助手)
J008,02/10/2023,游水,沙田,,沙田,,,,,,,,游水,,
J008,02/10/2023,踱步,沙田,內圈,沙田 內圈,,,,,,助手,,倒快兩圈,H,內圈 倒快兩圈 (助手)
J008,01/10/2023,游水,沙田,,沙田,,,,,,,,游水,,
J008,01/10/2023,踱步,沙田,內圈,沙田 內圈,,,,,,助手,,快踱一圈,H,內圈 快踱一圈 (助手)
J008,30/09/2023,游水,沙田,,沙田,,,,,,,,游水,,
J008,30/09/2023,踱步,沙田,飛機場,沙田 飛機場,,,,,,助手,,踱步,H,飛機場 踱步 (助手)
J008,29/09/2023,試閘,沙田,全天候,沙田 全天候,1200M,1.11.13,71.13,24.1 23.2 23.8,金運來,田泰安,,第3組,,第3組 (田泰安) 1200M 金運來 24.1 23.2 23.8 (1.11.13)
J008,28/09/2023,游水,沙田,,沙田,,,,,,,,游水,,
J008,28/09/2023,踱步,沙田,內圈,沙田 內圈,,,,,,助手,,倒快兩圈,H,內圈 倒快兩圈 (助手)
J008,27/09/2023,游水,沙田,,沙田,,,,,,,,游水,,
J008,27/09/2023,踱步,沙田,內圈,沙田 內圈,,,,,,助手,,快踱兩圈,H,內圈 快踱兩圈 (助手)
J008,26/09/2023,游水,沙田,,沙田,,,,,,,,游水,,
J008,26/09/2023,踱步,沙田,內圈,沙田 內圈,,,,,,助手,,快踱一圈,H,內圈 快踱一圈 (助手)
J008,25/09/2023,游水,沙田,,沙田,,,,,,,,游水,,
J008,25/09/2023,踱步,沙田,內圈,沙田 內圈,,,,,,助手,,倒快兩圈,H,內圈 倒快兩圈 (助手)
J008,24/09/2023,游水,沙田,,沙田,,,,,,,,游水,,
J008,24/09/2023,踱步,沙田,內圈,沙田 內圈,,,,,,助手,,快踱一圈,H,內圈 快踱一圈 (助手)
J008,23/09/2023,游水,沙田,,沙田,,,,,,,,游水,,
J008,23/09/2023,快操,沙田,全天候,沙田 全天候,,54.1,54.1,28.1 26.0,,田泰安,,快操,H,28.1 26.0 (54.1) (田泰安)
J008,23/09/2023,踱步,沙田,飛機場,沙田 飛機場,,,,,,助手,,踱步,H,飛機場 踱步 (助手)
J008,22/09/2023,游水,沙田,,沙田,,,,,,,,游水,,
J008,22/09/2023,踱步,沙田,內圈,沙田 內圈,,,,,,助手,,快踱一圈,H,內圈 快踱一圈 (助手)
J008,21/09/2023,游水,沙田,,沙田,,,,,,,,游水,,
J008,21/09/2023,踱步,沙田,內圈,沙田 內圈,,,,,,助手,,倒快兩圈,H,內圈 倒快兩圈 (助手)
J008,20/09/2023,游水,沙田,,沙田,,,,,,,,游水,,
J008,20/09/2023,踱步,沙田,內圈,沙田 內圈,,,,,,助手,,快踱兩圈,H,內圈 快踱兩圈 (助手)
J008,19/09/2023,游水,沙田,,沙田,,,,,,,,游水,,
J008,19/09/2023,踱步,沙田,內圈,沙田 內圈,,,,,,助手,,快踱一圈,H,內圈 快踱一圈 (助手)
J008,18/09/2023,游水,沙田,,沙田,,,,,,,,游水,,
J008,18/09/2023,快操,沙田,草閘,沙田 草閘,,49.6,49.6,24.9 24.7,,助手,,躡景追飛,,24.9 24.7 (49.6) (助手) 躡景追飛
J008,18/09/2023,踱步,沙田,飛機場,沙田 飛機場,,,,,,助手,,踱步,,飛機場 踱步 (助手)
J008,17/09/2023,游水,沙田,,沙田,,,,,,,,游水,,
J008,17/09/2023,踱步,沙田,內圈,沙田 內圈,,,,,,助手,,快踱一圈,H,內圈 快踱一圈 (助手)
J008,16/09/2023,游水,沙田,,沙田,,,,,,,,游水,,
J008,16/09/2023,踱步,沙田,內圈,沙田 內圈,,,,,,助手,,快踱兩圈,H,內圈 快踱兩圈 (助手)
J008,15/09/2023,游水,沙田,,沙田,,,,,,,,游水,,
J008,15/09/2023,踱步,沙田,內圈,沙田 內圈,,,,,,助手,,快踱一圈,H,內圈 快踱一圈 (助手)
J008,14/09/2023,游水,沙田,,沙田,,,,,,,,游水,,
J008,14/09/2023,快操,沙田,全天候,沙田 全天候,,1.00.1,60.1,31.0 29.1,,助手,,快操,H,31.0 29.1 (1.00.1) (助手)
J008,14/09/2023,踱步,沙田,飛機場,沙田 飛機場,,,,,,助手,,踱步,H,飛機場 踱步 (助手)
J008,13/09/2023,游水,沙田,,沙田,,,,,,,,游水,,
J008,13/09/2023,踱步,沙田,內圈,沙田 內圈,,,,,,助手,,快踱兩圈,H,內圈 快踱兩圈 (助手)
J008,12/09/2023,游水,沙田,,沙田,,,,,,,,游水,,
J008,12/09/2023,踱步,沙田,內圈,沙田 內圈,,,,,,助手,,快踱一圈,H,內圈 快踱一圈 (助手)
J008,11/09/2023,游水,沙田,,沙田,,,,,,,,游水,,
J008,11/09/2023,踱步,沙田,內圈,沙田 內圈,,,,,,助手,,倒快兩圈,H,內圈 倒快兩圈 (助手)
J008,10/09/2023,游水,沙田,,沙田,,,,,,,,游水,,
J008,10/09/2023,踱步,沙田,內圈,沙田 內圈,,,,,,助手,,快踱一圈,H,內圈 快踱一圈 (助手)
J008,09/09/2023,游水,沙田,,沙田,,,,,,,,游水,,
J008,09/09/2023,踱步,沙田,內圈,沙田 內圈,,,,,,助手,,快踱兩圈,H,內圈 快踱兩圈 (助手)
J008,07/09/2023,游水,沙田,,沙田,,,,,,,,游水,,
J008,07/09/2023,快操,沙田,全天候,沙田 全天候,,52.6,52.6,27.2 25.4,,助手,,快操,H,27.2 25.4 (52.6) (助手)
J008,07/09/2023,踱步,沙田,飛機場,沙田 飛機場,,,,,,助手,,踱步,H,飛機場 踱步 (助手)
J008,06/09/2023,游水,沙田,,沙田,,,,,,,,游水,,
J008,06/09/2023,踱步,沙田,內圈,沙田 內圈,,,,,,助手,,快踱兩圈,H,內圈 快踱兩圈 (助手)
J008,05/09/2023,游水,沙田,,沙田,,,,,,,,游水,,
J008,05/09/2023,踱步,沙田,內圈,沙田 內圈,,,,,,助手,,快踱一圈,H,內圈 快踱一圈 (助手)
J008,04/09/2023,游水,沙田,,沙田,,,,,,,,游水,,
J008,04/09/2023,踱步,沙田,內圈,沙田 內圈,,,,,,助手,,倒快兩圈,H,內圈 倒快兩圈 (助手)
J008,03/09/2023,游水,沙田,,沙田,,,,,,,,游水,,
J008,03/09/2023,踱步,沙田,內圈,沙田 內圈,,,,,,助手,,快踱一圈,H,內圈 快踱一圈 (助手)
J008,31/08/2023,游水,沙田,,沙田,,,,,,,,游水,,
J008,31/08/2023,快操,沙田,全天候,沙田 全天候,,1.00.0,60.0,32.5 27.5,,助手,,快操,H,32.5 27.5 (1.00.0) (助手)
J008,31/08/2023,踱步,沙田,飛機場,沙田 飛機場,,,,,,助手,,踱步,H,飛機場 踱步 (助手)
J008,30/08/2023,游水,沙田,,沙田,,,,,,,,游水,,
J008,30/08/2023,踱步,沙田,內圈,沙田 內圈,,,,,,助手,,快踱兩圈,H,內圈 快踱兩圈 (助手)
J008,29/08/2023,游水,沙田,,沙田,,,,,,,,游水,,
J008,29/08/2023,踱步,沙田,內圈,沙田 內圈,,,,,,助手,,快踱一圈,H,內圈 快踱一圈 (助手)
J008,28/08/2023,游水,沙田,,沙田,,,,,,,,游水,,
J008,28/08/2023,踱步,沙田,內圈,沙田 內圈,,,,,,助手,,倒快兩圈,H,內圈 倒快兩圈 (助手)
J008,27/08/2023,游水,沙田,,沙田,,,,,,,,游水,,
J008,27/08/2023,快操,沙田,全天候,沙田 全天候,,29.3,29.3,29.3,,助手,,快操,H,29.3 (29.3) (助手)
J008,27/08/2023,踱步,沙田,飛機場,沙田 飛機場,,,,,,助手,,踱步,H,飛機場 踱步 (助手)
J008,26/08/2023,游水,沙田,,沙田,,,,,,,,游水,,
J008,26/08/2023,踱步,沙田,內圈,沙田 內圈,,,,,,助手,,快踱兩圈,H,內圈 快踱兩圈 (助手)
J008,25/08/2023,游水,沙田,,沙田,,,,,,,,游水,,
J008,25/08/2023,踱步,沙田,內圈,沙田 內圈,,,,,,助手,,快踱一圈,H,內圈 快踱一圈 (助手)
J008,24/08/2023,游水,沙田,,沙田,,,,,,,,游水,,
J008,24/08/2023,踱步,沙田,內圈,沙田 內圈,,,,,,助手,,倒快兩圈,H,內圈 倒快兩圈 (助手)
J008,23/08/2023,游水,沙田,,沙田,,,,,,,,游水,,
J008,23/08/2023,踱步,沙田,內圈,沙田 內圈,,,,,,助手,,快踱兩圈,H,內圈 快踱兩圈 (助手)
J008,22/08/2023,游水,沙田,,沙田,,,,,,,,游水,,
J008,22/08/2023,踱步,沙田,內圈,沙田 內圈,,,,,,助手,,快踱一圈,H,內圈 快踱一圈 (助手)
J008,21/08/2023,游水,沙田,,沙田,,,,,,,,游水,,
J008,21/08/2023,踱步,沙田,內圈,沙田 內圈,,,,,,助手,,倒快兩圈,,內圈 倒快兩圈 (助手)
J008,20/08/2023,游水,沙田,,沙田,,,,,,,,游水,,
J008,20/08/2023,踱步,沙田,內圈,沙田 內圈,,,,,,助手,,快踱一圈,H,內圈 快踱一圈 (助手)
J008,19/08/2023,游水,沙田,,沙田,,,,,,,,游水,,
J008,19/08/2023,踱步,沙田,內圈,沙田 內圈,,,,,,助手,,快踱兩圈,H,內圈 快踱兩圈 (助手)
J008,18/08/2023,游水,沙田,,沙田,,,,,,,,游水,,
J008,18/08/2023,踱步,沙田,內圈,沙田 內圈,,,,,,助手,,快踱一圈,H,內圈 快踱一圈 (助手)
J008,17/08/2023,游水,沙田,,沙田,,,,,,,,游水,,
J008,17/08/2023,踱步,沙田,內圈,沙田 內圈,,,,,,助手,,倒快一圈,H,內圈 倒快一圈 (助手)
J008,16/08/2023,游水,沙田,,沙田,,,,,,,,游水,,
J008,16/08/2023,踱步,沙田,飛機場,沙田 飛機場,,,,,,助手,,踱步,H,飛機場 踱步 (助手)
J008,15/08/2023,游水,沙田,,沙田,,,,,,,,游水,,
J008,15/08/2023,踱步,沙田,飛機場,沙田 飛機場,,,,,,助手,,踱步,H,飛機場 踱步 (助手)
J008,14/08/2023,游水,沙田,,沙田,,,,,,,,游水,,
J008,13/08/2023,游水,沙田,,沙田,,,,,,,,游水,,
J008,13/08/2023,踱步,沙田,飛機場,沙田 飛機場,,,,,,助手,,踱步,H,飛機場 踱步 (助手)
J008,12/08/2023,游水,沙田,,沙田,,,,,,,,游水,,
J008,12/08/2023,踱步,沙田,飛機場,沙田 飛機場,,,,,,助手,,踱步,H,飛機場 踱步 (助手)
J008,11/08/2023,游水,沙田,,沙田,,,,,,,,游水,,
J008,11/08/2023,踱步,沙田,飛機場,沙田 飛機場,,,,,,助手,,踱步,H,飛機場 踱步 (助手)
J008,10/08/2023,游水,沙田,,沙田,,,,,,,,游水,,
J008,10/08/2023,踱步,沙田,飛機場,沙田 飛機場,,,,,,副練馬師,,踱步,H,飛機場 踱步 (副練馬師)
J008,09/08/2023,游水,沙田,,沙田,,,,,,,,游水,,
J008,09/08/2023,踱步,沙田,飛機場,沙田 飛機場,,,,,,助手,,踱步,H,飛機場 踱步 (助手)
J008,08/08/2023,踱步,沙田,飛機場,沙田 飛機場,,,,,,助手,,踱步,H,飛機場 踱步 (助手)
J008,07/08/2023,踱步,沙田,飛機場,沙田 飛機場,,,,,,助手,,踱步,H,飛機場 踱步 (助手)
J008,06/08/2023,踱步,沙田,飛機場,沙田 飛機場,,,,,,助手,,踱步,H,飛機場 踱步 (助手)
J008,05/08/2023,踱步,沙田,飛機場,沙田 飛機場,,,,,,助手,,踱步,H,飛機場 踱步 (助手)
J008,04/08/2023,踱步,沙田,外圈,沙田 外圈,,,,,,助手,,快踱一圈,H,外圈 快踱一圈 (助手)
J008,03/08/2023,踱步,沙田,飛機場,沙田 飛機場,,,,,,助手,,踱步,H,飛機場 踱步 (助手)
J008,02/08/2023,踱步,沙田,外圈,沙田 外圈,,,,,,助手,,快踱一圈,H,外圈 快踱一圈 (助手)
J008,01/08/2023,踱步,沙田,外圈,沙田 外圈,,,,,,助手,,快踱一圈,H,外圈 快踱一圈 (助手)
J008,31/07/2023,踱步,沙田,外圈,沙田 外圈,,,,,,助手,,快踱一圈,H,外圈 快踱一圈 (助手)
J008,30/07/2023,踱步,沙田,飛機場,沙田 飛機場,,,,,,助手,,踱步,H,飛機場 踱步 (助手)
J008,29/07/2023,踱步,沙田,飛機場,沙田 飛機場,,,,,,助手,,踱步,H,飛機場 踱步 (助手)
J008,28/07/2023,踱步,沙田,飛機場,沙田 飛機場,,,,,,助手,,踱步,H,飛機場 踱步 (助手)
J008,27/07/2023,踱步,沙田,飛機場,沙田 飛機場,,,,,,助手,,踱步,H,飛機場 踱步 (助手)
J008,26/07/2023,踱步,沙田,飛機場,沙田 飛機場,,,,,,助手,,踱步,H,飛機場 踱步 (助手)
J008,25/07/2023,踱步,沙田,飛機場,沙田 飛機場,,,,,,助手,,踱步,H,飛機場 踱步 (助手)
J008,24/07/2023,踱步,沙田,飛機場,沙田 飛機場,,,,,,助手,,踱步,,飛機場 踱步 (助手)
