horse_no,date,work_type,racecourse,track,venue,distance,time,time_sec,splits,partner,rider,placing,comment,gear,workout_details
J162,05/09/2026,踱步,沙田,內圈,沙田 內圈,,,,,,助手,,快踱一圈,H,內圈 快踱一圈 (助手)
J162,04/09/2026,游水,沙田,,沙田,,,,,,,,游水,,
J162,04/09/2026,踱步,沙田,內圈,沙田 內圈,,,,,,助手,,快踱一圈,H,內圈 快踱一圈 (助手)
J162,03/09/2026,游水,從化,,從化,,,,,,,,游水,,
J162,03/09/2026,踱步,從化,內圈,從化 內圈,,,,,,助手,,倒快一圈,H,內圈 倒快一圈 (助手)
J162,02/09/2026,馬匹水中步行機,從化,,從化,,,,,,,,馬匹水中步行機,,
J162,02/09/2026,游水,從化,,從化,,,,,,,,游水,,
J162,02/09/2026,踱步,從化,內圈,從化 內圈,,,,,,助手,,快踱一圈,H,內圈 快踱一圈 (助手)
J162,01/09/2026,馬匹水中步行機,從化,,從化,,,,,,,,馬匹水中步行機,,
J162,01/09/2026,游水,從化,,從化,,,,,,,,游水,,
J162,01/09/2026,快操,從化,草地,從化 草地,,50.9,50.9,26.7 24.2,,助手,,高高至高,,26.7 24.2 (50.9) (助手) 高高至高
J162,01/09/2026,踱步,從化,飛機場,從化 飛機場,,,,,,助手,,踱步,,飛機場 踱步 (助手)
J162,31/08/2026,馬匹水中步行機,從化,,從化,,,,,,,,馬匹水中步行機,,
J162,31/08/2026,游水,從化,,從化,,,,,,,,游水,,
J162,31/08/2026,踱步,從化,內圈,從化 內圈,,,,,,助手,,倒快一圈,H,內圈 倒快一圈 (助手)
J162,30/08/2026,馬匹水中步行機,從化,,從化,,,,,,,,馬匹水中步行機,,
J162,30/08/2026,游水,從化,,從化,,,,,,,,游水,,
J162,30/08/2026,踱步,從化,內圈,從化 內圈,,,,,,助手,,快踱一圈,H,內圈 快踱一圈 (助手)
J162,29/08/2026,馬匹水中步行機,從化,,從化,,,,,,,,馬匹水中步行機,,
J162,29/08/2026,游水,從化,,從化,,,,,,,,游水,,
J162,29/08/2026,快操,從化,草地,從化 草地,,51.8,51.8,28.5 23.3,,助手,,北極之錶,,28.5 23.3 (51.8) (助手) 北極之錶
J162,29/08/2026,踱步,從化,飛機場,從化 飛機場,,,,,,助手,,踱步,,飛機場 踱步 (助手)
J162,28/08/2026,馬匹水中步行機,從化,,從化,,,,,,,,馬匹水中步行機,,
J162,28/08/2026,游水,從化,,從化,,,,,,,,游水,,
J162,28/08/2026,踱步,從化,內圈,從化 內圈,,,,,,助手,,快踱一圈,H,內圈 快踱一圈 (助手)
J162,27/08/2026,馬匹水中步行機,從化,,從化,,,,,,,,馬匹水中步行機,,
J162,27/08/2026,游水,從化,,從化,,,,,,,,游水,,
J162,27/08/2026,踱步,從化,內圈,從化 內圈,,,,,,助手,,倒快一圈,H,內圈 倒快一圈 (助手)
J162,26/08/2026,馬匹水中步行機,從化,,從化,,,,,,,,馬匹水中步行機,,
J162,26/08/2026,游水,從化,,從化,,,,,,,,游水,,
J162,26/08/2026,踱步,從化,飛機場,從化 飛機場,,,,,,助手,,踱步,H,飛機場 踱步 (助手)
J162,25/08/2026,試閘,從化,草地,從化 草地,1200M,1.12.24,72.24,25.5 22.6 24.1,輕鬆大少,哥拉利,,第4組,CP,第4組 (哥拉利) 1200M 輕鬆大少 25.5 22.6 24.1 (1.12.24)
J162,25/08/2026,踱步,從化,飛機場,從化 飛機場,,,,,,助手,,踱步,CP,飛機場 踱步 (助手)
J162,24/08/2026,游水,從化,,從化,,,,,,,,游水,,
J162,23/08/2026,馬匹水中步行機,從化,,從化,,,,,,,,馬匹水中步行機,,
J162,23/08/2026,游水,從化,,從化,,,,,,,,游水,,
J162,23/08/2026,踱步,從化,內圈,從化 內圈,,,,,,助手,,快踱一圈,H,內圈 快踱一圈 (助手)
J162,22/08/2026,馬匹水中步行機,從化,,從化,,,,,,,,馬匹水中步行機,,
J162,22/08/2026,游水,從化,,從化,,,,,,,,游水,,
J162,22/08/2026,踱步,從化,內圈,從化 內圈,,,,,,助手,,快踱一圈,H,內圈 快踱一圈 (助手)
J162,21/08/2026,馬匹水中步行機,從化,,從化,,,,,,,,馬匹水中步行機,,
J162,21/08/2026,游水,從化,,從化,,,,,,,,游水,,
J162,21/08/2026,踱步,從化,內圈,從化 內圈,,,,,,助手,,快踱一圈,H,內圈 快踱一圈 (助手)
J162,20/08/2026,馬匹水中步行機,從化,,從化,,,,,,,,馬匹水中步行機,,
J162,20/08/2026,游水,從化,,從化,,,,,,,,游水,,
J162,20/08/2026,踱步,從化,內圈,從化 內圈,,,,,,助手,,倒快一圈,H,內圈 倒快一圈 (助手)
J162,19/08/2026,馬匹水中步行機,從化,,從化,,,,,,,,馬匹水中步行機,,
J162,19/08/2026,游水,從化,,從化,,,,,,,,游水,,
J162,19/08/2026,踱步,從化,內圈,從化 內圈,,,,,,助手,,快踱一圈,H,內圈 快踱一圈 (助手)
J162,18/08/2026,馬匹水中步行機,從化,,從化,,,,,,,,馬匹水中步行機,,
J162,18/08/2026,游水,從化,,從化,,,,,,,,游水,,
J162,18/08/2026,快操,從化,草地,從化 草地,,52.5,52.5,27.4 25.1,,助手,,北極之錶,H,27.4 25.1 (52.5) (助手) 北極之錶
J162,18/08/2026,踱步,從化,飛機場,從化 飛機場,,,,,,助手,,踱步,H,飛機場 踱步 (助手)
J162,17/08/2026,馬匹水中步行機,從化,,從化,,,,,,,,馬匹水中步行機,,
J162,17/08/2026,游水,從化,,從化,,,,,,,,游水,,
J162,17/08/2026,踱步,從化,內圈,從化 內圈,,,,,,助手,,倒快一圈,H,內圈 倒快一圈 (助手)
J162,16/08/2026,馬匹水中步行機,從化,,從化,,,,,,,,馬匹水中步行機,,
J162,16/08/2026,游水,從化,,從化,,,,,,,,游水,,
J162,16/08/2026,踱步,從化,內圈,從化 內圈,,,,,,助手,,快踱一圈,H,內圈 快踱一圈 (助手)
J162,15/08/2026,馬匹水中步行機,從化,,從化,,,,,,,,馬匹水中步行機,,
J162,15/08/2026,游水,從化,,從化,,,,,,,,游水,,
J162,15/08/2026,快操,從化,全天候,從化 全天候,,1.27.8,87.8,33.7 28.1 26.0,,助手,,快操,H,33.7 28.1 26.0 (1.27.8) (助手)
J162,15/08/2026,踱步,從化,飛機場,從化 飛機場,,,,,,助手,,踱步,H,飛機場 踱步 (助手)
J162,14/08/2026,馬匹水中步行機,從化,,從化,,,,,,,,馬匹水中步行機,,
J162,14/08/2026,游水,從化,,從化,,,,,,,,游水,,
J162,14/08/2026,踱步,從化,內圈,從化 內圈,,,,,,助手,,快踱一圈,H,內圈 快踱一圈 (助手)
J162,13/08/2026,馬匹水中步行機,從化,,從化,,,,,,,,馬匹水中步行機,,
J162,13/08/2026,游水,從化,,從化,,,,,,,,游水,,
J162,13/08/2026,踱步,從化,內圈,從化 內圈,,,,,,助手,,倒快一圈,H,內圈 倒快一圈 (助手)
J162,12/08/2026,馬匹水中步行機,從化,,從化,,,,,,,,馬匹水中步行機,,
J162,12/08/2026,游水,從化,,從化,,,,,,,,游水,,
J162,12/08/2026,踱步,從化,內圈,從化 內圈,,,,,,助手,,快踱一圈,H,內圈 快踱一圈 (助手)
J162,11/08/2026,馬匹水中步行機,從化,,從化,,,,,,,,馬匹水中步行機,,
J162,11/08/2026,游水,從化,,從化,,,,,,,,游水,,
J162,11/08/2026,快操,從化,全天候,從化 全天候,,55.8,55.8,29.2 26.6,,助手,,快操,H,29.2 26.6 (55.8) (助手)
J162,11/08/2026,踱步,從化,飛機場,從化 飛機場,,,,,,助手,,踱步,H,飛機場 踱步 (助手)
J162,10/08/2026,馬匹水中步行機,從化,,從化,,,,,,,,馬匹水中步行機,,
J162,10/08/2026,游水,從化,,從化,,,,,,,,游水,,
J162,10/08/2026,踱步,從化,內圈,從化 內圈,,,,,,助手,,倒快一圈,H,內圈 倒快一圈 (助手)
J162,09/08/2026,馬匹水中步行機,從化,,從化,,,,,,,,馬匹水中步行機,,
J162,09/08/2026,游水,從化,,從化,,,,,,,,游水,,
J162,09/08/2026,踱步,從化,內圈,從化 內圈,,,,,,助手,,快踱一圈,H,內圈 快踱一圈 (助手)
J162,08/08/2026,馬匹水中步行機,從化,,從化,,,,,,,,馬匹水中步行機,,
J162,08/08/2026,游水,從化,,從化,,,,,,,,游水,,
J162,08/08/2026,快操,從化,全天候,從化 全天候,,55.5,55.5,28.4 27.1,,助手,,快操,H,28.4 27.1 (55.5) (助手)
J162,08/08/2026,踱步,從化,飛機場,從化 飛機場,,,,,,助手,,踱步,H,飛機場 踱步 (助手)
J162,07/08/2026,馬匹水中步行機,從化,,從化,,,,,,,,馬匹水中步行機,,
J162,07/08/2026,游水,從化,,從化,,,,,,,,游水,,
J162,07/08/2026,踱步,從化,內圈,從化 內圈,,,,,,助手,,快踱一圈,H,內圈 快踱一圈 (助手)
J162,06/08/2026,馬匹水中步行機,從化,,從化,,,,,,,,馬匹水中步行機,,
J162,06/08/2026,游水,從化,,從化,,,,,,,,游水,,
J162,06/08/2026,踱步,從化,內圈,從化 內圈,,,,,,助手,,倒快一圈,H,內圈 倒快一圈 (助手)
J162,05/08/2026,游水,從化,,從化,,,,,,,,游水,,
J162,05/08/2026,踱步,從化,內圈,從化 內圈,,,,,,助手,,快踱一圈,H,內圈 快踱一圈 (助手)
J162,04/08/2026,游水,從化,,從化,,,,,,,,游水,,
J162,04/08/2026,踱步,從化,內圈,從化 內圈,,,,,,助手,,快踱一圈,H,內圈 快踱一圈 (助手)
J162,03/08/2026,游水,從化,,從化,,,,,,,,游水,,
J162,03/08/2026,踱步,從化,內圈,從化 內圈,,,,,,助手,,倒快一圈,H,內圈 倒快一圈 (助手)
J162,02/08/2026,游水,從化,,從化,,,,,,,,游水,,
J162,02/08/2026,踱步,從化,內圈,從化 內圈,,,,,,助手,,快踱一圈,H,內圈 快踱一圈 (助手)
J162,01/08/2026,游水,從化,,從化,,,,,,,,游水,,
J162,01/08/2026,踱步,從化,內圈,從化 內圈,,,,,,助手,,快踱一圈,H,內圈 快踱一圈 (助手)
J162,31/07/2026,踱步,從化,內圈,從化 內圈,,,,,,助手,,快踱一圈,H,內圈 快踱一圈 (助手)
J162,30/07/2026,踱步,從化,內圈,從化 內圈,,,,,,助手,,快踱一圈,H,內圈 快踱一圈 (助手)
J162,29/07/2026,踱步,從化,內圈,從化 內圈,,,,,,助手,,快踱一圈,H,內圈 快踱一圈 (助手)
J162,28/07/2026,踱步,從化,內圈,從化 內圈,,,,,,助手,,快踱一圈,H,內圈 快踱一圈 (助手)
J162,27/07/2026,踱步,從化,內圈,從化 內圈,,,,,,助手,,快踱一圈,H,內圈 快踱一圈 (助手)
J162,25/07/2026,馬匹水中步行機,從化,,從化,,,,,,,,馬匹水中步行機,,
J162,25/07/2026,踱步,從化,飛機場,從化 飛機場,,,,,,助手,,踱步,H,飛機場 踱步 (助手)
J162,24/07/2026,馬匹水中步行機,從化,,從化,,,,,,,,馬匹水中步行機,,
J162,24/07/2026,踱步,從化,飛機場,從化 飛機場,,,,,,助手,,踱步,H,飛機場 踱步 (助手)
J162,23/07/2026,馬匹水中步行機,從化,,從化,,,,,,,,馬匹水中步行機,,
J162,23/07/2026,踱步,從化,飛機場,從化 飛機場,,,,,,助手,,踱步,H,飛機場 踱步 (助手)
J162,22/07/2026,馬匹水中步行機,從化,,從化,,,,,,,,馬匹水中步行機,,
J162,21/07/2026,馬匹水中步行機,從化,,從化,,,,,,,,馬匹水中步行機,,
J162,20/07/2026,馬匹水中步行機,從化,,從化,,,,,,,,馬匹水中步行機,,
J162,17/07/2026,馬匹水中步行機,從化,,從化,,,,,,,,馬匹水中步行機,,
J162,16/07/2026,馬匹水中步行機,從化,,從化,,,,,,,,馬匹水中步行機,,
J162,15/07/2026,馬匹水中步行機,從化,,從化,,,,,,,,馬匹水中步行機,,
J162,14/07/2026,馬匹水中步行機,從化,,從化,,,,,,,,馬匹水中步行機,,
J162,14/07/2026,游水,從化,,從化,,,,,,,,游水,,
J162,13/07/2026,馬匹水中步行機,從化,,從化,,,,,,,,馬匹水中步行機,,
J162,13/07/2026,游水,從化,,從化,,,,,,,,游水,,
J162,12/07/2026,馬匹水中步行機,從化,,從化,,,,,,,,馬匹水中步行機,,
J162,12/07/2026,游水,從化,,從化,,,,,,,,游水,,
J162,11/07/2026,馬匹水中步行機,從化,,從化,,,,,,,,馬匹水中步行機,,
J162,11/07/2026,游水,從化,,從化,,,,,,,,游水,,
J162,10/07/2026,游水,沙田,,沙田,,,,,,,,游水,,
J162,09/07/2026,游水,沙田,,沙田,,,,,,,,游水,,
J162,08/07/2026,游水,沙田,,沙田,,,,,,,,游水,,
J162,07/07/2026,游水,沙田,,沙田,,,,,,,,游水,,
J162,06/07/2026,游水,沙田,,沙田,,,,,,,,游水,,
J162,05/07/2026,游水,沙田,,沙田,,,,,,,,游水,,
J162,04/07/2026,游水,沙田,,沙田,,,,,,,,游水,,
J162,03/07/2026,游水,沙田,,沙田,,,,,,,,游水,,
J162,02/07/2026,游水,沙田,,沙田,,,,,,,,游水,,
J162,01/07/2026,游水,沙田,,沙田,,,,,,,,游水,,
J162,30/06/2026,游水,沙田,,沙田,,,,,,,,游水,,
J162,29/06/2026,游水,沙田,,沙田,,,,,,,,游水,,
J162,28/06/2026,游水,沙田,,沙田,,,,,,,,游水,,
J162,27/06/2026,游水,沙田,,沙田,,,,,,,,游水,,
J162,26/06/2026,游水,沙田,,沙田,,,,,,,,游水,,
J162,25/06/2026,游水,沙田,,沙田,,,,,,,,游水,,
J162,25/06/2026,踱步,沙田,內圈,沙田 內圈,,,,,,助手,,倒快一圈,H,內圈 倒快一圈 (助手)
J162,24/06/2026,游水,沙田,,沙田,,,,,,,,游水,,
J162,24/06/2026,踱步,沙田,奧運馬房沙地練習場,沙田 奧運馬房沙地練習場,,,,,,助手,,踱步,H,奧運馬房沙地練習場 踱步 (助手)
J162,23/06/2026,試閘,沙田,全天候,沙田 全天候,1200M,1.10.16,70.16,24.3 22.8 23.0,萬里雲,奧爾民,,第5組,,第5組 (奧爾民) 1200M 萬里雲 24.3 22.8 23.0 (1.10.16)
J162,23/06/2026,游水,沙田,,沙田,,,,,,,,游水,,
J162,22/06/2026,游水,沙田,,沙田,,,,,,,,游水,,
J162,22/06/2026,踱步,沙田,內圈,沙田 內圈,,,,,,助手,,倒快一圈,H,內圈 倒快一圈 (助手)
J162,21/06/2026,游水,沙田,,沙田,,,,,,,,游水,,
J162,21/06/2026,快操,沙田,全天候,沙田 全天候,,51.4,51.4,27.5 23.9,,助手,,伴跳馬,H,27.5 23.9 (51.4) (助手) 伴跳馬
J162,20/06/2026,游水,沙田,,沙田,,,,,,,,游水,,
J162,20/06/2026,踱步,沙田,內圈,沙田 內圈,,,,,,助手,,快踱一圈,H,內圈 快踱一圈 (助手)
J162,19/06/2026,游水,沙田,,沙田,,,,,,,,游水,,
J162,19/06/2026,踱步,沙田,內圈,沙田 內圈,,,,,,助手,,快踱一圈,H,內圈 快踱一圈 (助手)
J162,18/06/2026,游水,沙田,,沙田,,,,,,,,游水,,
J162,18/06/2026,踱步,沙田,內圈,沙田 內圈,,,,,,助手,,倒快一圈,H,內圈 倒快一圈 (助手)
J162,17/06/2026,游水,沙田,,沙田,,,,,,,,游水,,
J162,17/06/2026,踱步,沙田,內圈,沙田 內圈,,,,,,助手,,快踱一圈,H,內圈 快踱一圈 (助手)
J162,16/06/2026,游水,沙田,,沙田,,,,,,,,游水,,
J162,16/06/2026,踱步,沙田,內圈,沙田 內圈,,,,,,助手,,快踱一圈,H,內圈 快踱一圈 (助手)
J162,15/06/2026,游水,沙田,,沙田,,,,,,,,游水,,
J162,15/06/2026,踱步,沙田,內圈,沙田 內圈,,,,,,助手,,倒快一圈,H,內圈 倒快一圈 (助手)
J162,14/06/2026,游水,沙田,,沙田,,,,,,,,游水,,
J162,14/06/2026,踱步,沙田,內圈,沙田 內圈,,,,,,助手,,快踱一圈,H,內圈 快踱一圈 (助手)
J162,13/06/2026,游水,沙田,,沙田,,,,,,,,游水,,
J162,13/06/2026,踱步,沙田,內圈,沙田 內圈,,,,,,助手,,快踱一圈,H,內圈 快踱一圈 (助手)
J162,12/06/2026,游水,沙田,,沙田,,,,,,,,游水,,
J162,12/06/2026,踱步,沙田,奧運馬房沙地練習場,沙田 奧運馬房沙地練習場,,,,,,助手,,踱步,H,奧運馬房沙地練習場 踱步 (助手)
J162,11/06/2026,游水,沙田,,沙田,,,,,,,,游水,,
J162,10/06/2026,游水,沙田,,沙田,,,,,,,,游水,,
J162,09/06/2026,游水,沙田,,沙田,,,,,,,,游水,,
J162,08/06/2026,游水,沙田,,沙田,,,,,,,,游水,,
J162,07/06/2026,游水,沙田,,沙田,,,,,,,,游水,,
J162,06/06/2026,游水,沙田,,沙田,,,,,,,,游水,,
J162,05/06/2026,游水,沙田,,沙田,,,,,,,,游水,,
J162,04/06/2026,游水,沙田,,沙田,,,,,,,,游水,,
J162,04/06/2026,踱步,沙田,內圈,沙田 內圈,,,,,,助手,,倒快一圈,H,內圈 倒快一圈 (助手)
J162,03/06/2026,游水,沙田,,沙田,,,,,,,,游水,,
J162,03/06/2026,踱步,沙田,內圈,沙田 內圈,,,,,,助手,,快踱一圈,H,內圈 快踱一圈 (助手)
J162,02/06/2026,馬匹跑步機,沙田,,沙田,,,,,,上斜,,馬匹跑步機 - 踱步,,馬匹跑步機 - 踱步 （上斜）
J162,02/06/2026,游水,沙田,,沙田,,,,,,,,游水,,
J162,02/06/2026,踱步,沙田,內圈,沙田 內圈,,,,,,助手,,快踱一圈,H,內圈 快踱一圈 (助手)
J162,01/06/2026,游水,沙田,,沙田,,,,,,,,游水,,
J162,01/06/2026,踱步,沙田,內圈,沙田 內圈,,,,,,助手,,倒快一圈,H,內圈 倒快一圈 (助手)
J162,31/05/2026,游水,沙田,,沙田,,,,,,,,游水,,
J162,31/05/2026,踱步,沙田,內圈,沙田 內圈,,,,,,助手,,快踱一圈,H,內圈 快踱一圈 (助手)
J162,30/05/2026,馬匹跑步機,沙田,,沙田,,,,,,上斜,,馬匹跑步機 - 踱步,,馬匹跑步機 - 踱步 （上斜）
J162,30/05/2026,游水,沙田,,沙田,,,,,,,,游水,,
J162,29/05/2026,馬匹跑步機,沙田,,沙田,,,,,,上斜,,馬匹跑步機 - 踱步,,馬匹跑步機 - 踱步 （上斜）
J162,29/05/2026,游水,沙田,,沙田,,,,,,,,游水,,
J162,28/05/2026,馬匹跑步機,沙田,,沙田,,,,,,上斜,,馬匹跑步機 - 踱步,,馬匹跑步機 - 踱步 （上斜）
J162,28/05/2026,游水,沙田,,沙田,,,,,,,,游水,,
J162,27/05/2026,馬匹跑步機,沙田,,沙田,,,,,,上斜,,馬匹跑步機 - 踱步,,馬匹跑步機 - 踱步 （上斜）
J162,27/05/2026,游水,沙田,,沙田,,,,,,,,游水,,
J162,26/05/2026,馬匹跑步機,沙田,,沙田,,,,,,上斜,,馬匹跑步機 - 踱步,,馬匹跑步機 - 踱步 （上斜）
J162,26/05/2026,游水,沙田,,沙田,,,,,,,,游水,,
J162,24/05/2026,出賽,沙田,草地,沙田 草地,1600M,,,,,奧爾民,3/14,出賽,CP,1600M (奧爾民) (3/14)
J162,24/05/2026,游水,沙田,,沙田,,,,,,,,游水,,
J162,24/05/2026,踱步,沙田,奧運馬房沙地練習場,沙田 奧運馬房沙地練習場,,,,,,助手,,踱步,H,奧運馬房沙地練習場 踱步 (助手)
J162,23/05/2026,游水,沙田,,沙田,,,,,,,,游水,,
J162,23/05/2026,踱步,沙田,內圈,沙田 內圈,,,,,,助手,,快踱一圈,H,內圈 快踱一圈 (助手)
J162,22/05/2026,游水,沙田,,沙田,,,,,,,,游水,,
J162,22/05/2026,踱步,沙田,內圈,沙田 內圈,,,,,,助手,,快踱一圈,H,內圈 快踱一圈 (助手)
J162,21/05/2026,游水,從化,,從化,,,,,,,,游水,,
J162,21/05/2026,踱步,從化,內圈,從化 內圈,,,,,,助手,,倒快一圈,H,內圈 倒快一圈 (助手)
J162,20/05/2026,馬匹水中步行機,從化,,從化,,,,,,,,馬匹水中步行機,,
J162,20/05/2026,游水,從化,,從化,,,,,,,,游水,,
J162,20/05/2026,踱步,從化,內圈,從化 內圈,,,,,,助手,,快踱一圈,H,內圈 快踱一圈 (助手)
J162,19/05/2026,游水,從化,,從化,,,,,,,,游水,,
J162,19/05/2026,快操,從化,草地,從化 草地,,53.1,53.1,27.6 25.5,,助手,,快操,H,27.6 25.5 (53.1) (助手)
J162,19/05/2026,踱步,從化,飛機場,從化 飛機場,,,,,,助手,,踱步,H,飛機場 踱步 (助手)
J162,18/05/2026,馬匹水中步行機,從化,,從化,,,,,,,,馬匹水中步行機,,
J162,18/05/2026,游水,從化,,從化,,,,,,,,游水,,
J162,18/05/2026,踱步,從化,內圈,從化 內圈,,,,,,助手,,倒快一圈,H,內圈 倒快一圈 (助手)
J162,17/05/2026,馬匹水中步行機,從化,,從化,,,,,,,,馬匹水中步行機,,
J162,17/05/2026,游水,從化,,從化,,,,,,,,游水,,
J162,17/05/2026,踱步,從化,內圈,從化 內圈,,,,,,助手,,快踱一圈,H,內圈 快踱一圈 (助手)
J162,16/05/2026,游水,從化,,從化,,,,,,,,游水,,
J162,16/05/2026,快操,從化,全天候,從化 全天候,,53.0,53.0,27.9 25.1,,助手,,快操,H,27.9 25.1 (53.0) (助手)
J162,16/05/2026,踱步,從化,飛機場,從化 飛機場,,,,,,助手,,踱步,H,飛機場 踱步 (助手)
J162,15/05/2026,馬匹水中步行機,從化,,從化,,,,,,,,馬匹水中步行機,,
J162,15/05/2026,游水,從化,,從化,,,,,,,,游水,,
J162,15/05/2026,踱步,從化,內圈,從化 內圈,,,,,,助手,,快踱一圈,H,內圈 快踱一圈 (助手)
J162,14/05/2026,馬匹水中步行機,從化,,從化,,,,,,,,馬匹水中步行機,,
J162,14/05/2026,游水,從化,,從化,,,,,,,,游水,,
J162,14/05/2026,踱步,從化,內圈,從化 內圈,,,,,,助手,,倒快一圈,H,內圈 倒快一圈 (助手)
J162,13/05/2026,馬匹水中步行機,從化,,從化,,,,,,,,馬匹水中步行機,,
J162,13/05/2026,游水,從化,,從化,,,,,,,,游水,,
J162,13/05/2026,踱步,從化,內圈,從化 內圈,,,,,,助手,,快踱一圈,H,內圈 快踱一圈 (助手)
J162,12/05/2026,游水,從化,,從化,,,,,,,,游水,,
J162,12/05/2026,踱步,從化,內圈,從化 內圈,,,,,,助手,,快踱一圈,H,內圈 快踱一圈 (助手)
J162,11/05/2026,馬匹水中步行機,從化,,從化,,,,,,,,馬匹水中步行機,,
J162,11/05/2026,游水,從化,,從化,,,,,,,,游水,,
J162,11/05/2026,踱步,從化,內圈,從化 內圈,,,,,,助手,,倒快一圈,H,內圈 倒快一圈 (助手)
J162,10/05/2026,游水,從化,,從化,,,,,,,,游水,,
J162,10/05/2026,踱步,從化,內圈,從化 內圈,,,,,,助手,,快踱一圈,H,內圈 快踱一圈 (助手)
J162,09/05/2026,馬匹水中步行機,從化,,從化,,,,,,,,馬匹水中步行機,,
J162,09/05/2026,游水,從化,,從化,,,,,,,,游水,,
J162,09/05/2026,踱步,從化,內圈,從化 內圈,,,,,,助手,,快踱一圈,H,內圈 快踱一圈 (助手)
J162,08/05/2026,游水,從化,,從化,,,,,,,,游水,,
J162,08/05/2026,踱步,從化,內圈,從化 內圈,,,,,,助手,,快踱一圈,H,內圈 快踱一圈 (助手)
J162,07/05/2026,馬匹水中步行機,從化,,從化,,,,,,,,馬匹水中步行機,,
J162,07/05/2026,游水,從化,,從化,,,,,,,,游水,,
J162,07/05/2026,踱步,從化,飛機場,從化 飛機場,,,,,,助手,,踱步,H,飛機場 踱步 (助手)
J162,06/05/2026,馬匹跑步機,沙田,,沙田,,,,,,上斜,,馬匹跑步機 - 踱步,,馬匹跑步機 - 踱步 （上斜）
J162,06/05/2026,游水,沙田,,沙田,,,,,,,,游水,,
J162,05/05/2026,馬匹跑步機,沙田,,沙田,,,,,,上斜,,馬匹跑步機 - 踱步,,馬匹跑步機 - 踱步 （上斜）
J162,05/05/2026,游水,沙田,,沙田,,,,,,,,游水,,
J162,03/05/2026,出賽,沙田,草地,沙田 草地,1400M,,,,,奧爾民,3/13,出賽,CP1,1400M (奧爾民) (3/13)
J162,03/05/2026,游水,沙田,,沙田,,,,,,,,游水,,
J162,03/05/2026,踱步,沙田,奧運馬房沙地練習場,沙田 奧運馬房沙地練習場,,,,,,助手,,踱步,H,奧運馬房沙地練習場 踱步 (助手)
J162,02/05/2026,游水,沙田,,沙田,,,,,,,,游水,,
J162,02/05/2026,踱步,沙田,內圈,沙田 內圈,,,,,,助手,,快踱一圈,H,內圈 快踱一圈 (助手)
J162,01/05/2026,游水,沙田,,沙田,,,,,,,,游水,,
J162,01/05/2026,踱步,沙田,內圈,沙田 內圈,,,,,,助手,,快踱一圈,H,內圈 快踱一圈 (助手)
J162,30/04/2026,游水,從化,,從化,,,,,,,,游水,,
J162,30/04/2026,踱步,從化,內圈,從化 內圈,,,,,,助手,,倒快一圈,H,內圈 倒快一圈 (助手)
J162,29/04/2026,馬匹水中步行機,從化,,從化,,,,,,,,馬匹水中步行機,,
J162,29/04/2026,游水,從化,,從化,,,,,,,,游水,,
J162,29/04/2026,踱步,從化,內圈,從化 內圈,,,,,,助手,,快踱一圈,H,內圈 快踱一圈 (助手)
J162,28/04/2026,馬匹水中步行機,從化,,從化,,,,,,,,馬匹水中步行機,,
J162,28/04/2026,游水,從化,,從化,,,,,,,,游水,,
J162,28/04/2026,踱步,從化,內圈,從化 內圈,,,,,,助手,,快踱一圈,H,內圈 快踱一圈 (助手)
J162,27/04/2026,馬匹水中步行機,從化,,從化,,,,,,,,馬匹水中步行機,,
J162,27/04/2026,游水,從化,,從化,,,,,,,,游水,,
J162,27/04/2026,踱步,從化,內圈,從化 內圈,,,,,,助手,,倒快一圈,H,內圈 倒快一圈 (助手)
J162,26/04/2026,馬匹水中步行機,從化,,從化,,,,,,,,馬匹水中步行機,,
J162,26/04/2026,游水,從化,,從化,,,,,,,,游水,,
J162,25/04/2026,馬匹水中步行機,從化,,從化,,,,,,,,馬匹水中步行機,,
J162,25/04/2026,游水,從化,,從化,,,,,,,,游水,,
J162,25/04/2026,踱步,從化,內圈,從化 內圈,,,,,,助手,,快踱一圈,H,內圈 快踱一圈 (助手)
J162,24/04/2026,馬匹跑步機,沙田,,沙田,,,,,,上斜,,馬匹跑步機 - 踱步,,馬匹跑步機 - 踱步 （上斜）
J162,24/04/2026,游水,沙田,,沙田,,,,,,,,游水,,
J162,22/04/2026,出賽,跑馬地,草地,跑馬地 草地,1650M,,,,,奧爾民,2/11,出賽,,1650M (奧爾民) (2/11)
J162,22/04/2026,游水,沙田,,沙田,,,,,,,,游水,,
J162,22/04/2026,踱步,沙田,內圈,沙田 內圈,,,,,,助手,,快踱一圈,H,內圈 快踱一圈 (助手)
J162,21/04/2026,游水,沙田,,沙田,,,,,,,,游水,,
J162,21/04/2026,踱步,沙田,內圈,沙田 內圈,,,,,,助手,,快踱一圈,H,內圈 快踱一圈 (助手)
J162,20/04/2026,游水,沙田,,沙田,,,,,,,,游水,,
J162,20/04/2026,踱步,沙田,內圈,沙田 內圈,,,,,,助手,,倒快一圈,H,內圈 倒快一圈 (助手)
J162,19/04/2026,游水,沙田,,沙田,,,,,,,,游水,,
J162,19/04/2026,踱步,沙田,內圈,沙田 內圈,,,,,,助手,,快踱一圈,H,內圈 快踱一圈 (助手)
J162,18/04/2026,游水,沙田,,沙田,,,,,,,,游水,,
J162,18/04/2026,踱步,沙田,內圈,沙田 內圈,,,,,,助手,,快踱一圈,H,內圈 快踱一圈 (助手)
J162,17/04/2026,游水,沙田,,沙田,,,,,,,,游水,,
J162,17/04/2026,踱步,沙田,奧運馬房沙地練習場,沙田 奧運馬房沙地練習場,,,,,,助手,,踱步,H,奧運馬房沙地練習場 踱步 (助手)
J162,16/04/2026,試閘,沙田,全天候,沙田 全天候,1200M,1.10.76,70.76,24.8 22.7 23.2,天天更好,奧爾民,,第4組,,第4組 (奧爾民) 1200M 天天更好 24.8 22.7 23.2 (1.10.76)
J162,16/04/2026,游水,沙田,,沙田,,,,,,,,游水,,
J162,15/04/2026,游水,沙田,,沙田,,,,,,,,游水,,
J162,15/04/2026,踱步,沙田,內圈,沙田 內圈,,,,,,助手,,快踱一圈,H,內圈 快踱一圈 (助手)
J162,14/04/2026,游水,沙田,,沙田,,,,,,,,游水,,
J162,14/04/2026,踱步,沙田,內圈,沙田 內圈,,,,,,助手,,快踱一圈,H,內圈 快踱一圈 (助手)
J162,13/04/2026,游水,沙田,,沙田,,,,,,,,游水,,
J162,13/04/2026,踱步,沙田,內圈,沙田 內圈,,,,,,助手,,倒快兩圈,H,內圈 倒快兩圈 (助手)
J162,12/04/2026,游水,沙田,,沙田,,,,,,,,游水,,
J162,12/04/2026,快操,沙田,全天候,沙田 全天候,,1.24.1,84.1,31.0 28.6 24.5,,奧爾民,,快操,H,31.0 28.6 24.5 (1.24.1) (奧爾民)
J162,11/04/2026,游水,沙田,,沙田,,,,,,,,游水,,
J162,11/04/2026,踱步,沙田,內圈,沙田 內圈,,,,,,助手,,快踱一圈,H,內圈 快踱一圈 (助手)
J162,10/04/2026,游水,沙田,,沙田,,,,,,,,游水,,
J162,10/04/2026,踱步,沙田,內圈,沙田 內圈,,,,,,助手,,快踱一圈,H,內圈 快踱一圈 (助手)
J162,09/04/2026,游水,從化,,從化,,,,,,,,游水,,
J162,09/04/2026,踱步,從化,內圈,從化 內圈,,,,,,助手,,倒快一圈,H,內圈 倒快一圈 (助手)
J162,08/04/2026,馬匹水中步行機,從化,,從化,,,,,,,,馬匹水中步行機,,
J162,08/04/2026,游水,從化,,從化,,,,,,,,游水,,
J162,08/04/2026,踱步,從化,內圈,從化 內圈,,,,,,助手,,快踱一圈,H,內圈 快踱一圈 (助手)
J162,07/04/2026,馬匹水中步行機,從化,,從化,,,,,,,,馬匹水中步行機,,
J162,07/04/2026,游水,從化,,從化,,,,,,,,游水,,
J162,07/04/2026,踱步,從化,內圈,從化 內圈,,,,,,助手,,快踱兩圈,H,內圈 快踱兩圈 (助手)
J162,06/04/2026,馬匹水中步行機,從化,,從化,,,,,,,,馬匹水中步行機,,
J162,06/04/2026,游水,從化,,從化,,,,,,,,游水,,
J162,06/04/2026,踱步,從化,內圈,從化 內圈,,,,,,助手,,倒快一圈,H,內圈 倒快一圈 (助手)
J162,05/04/2026,馬匹水中步行機,從化,,從化,,,,,,,,馬匹水中步行機,,
J162,05/04/2026,游水,從化,,從化,,,,,,,,游水,,
J162,05/04/2026,踱步,從化,內圈,從化 內圈,,,,,,助手,,快踱一圈,H,內圈 快踱一圈 (助手)
J162,04/04/2026,游水,從化,,從化,,,,,,,,游水,,
J162,04/04/2026,踱步,從化,內圈,從化 內圈,,,,,,助手,,快踱一圈,H,內圈 快踱一圈 (助手)
J162,03/04/2026,馬匹水中步行機,從化,,從化,,,,,,,,馬匹水中步行機,,
J162,03/04/2026,游水,從化,,從化,,,,,,,,游水,,
J162,03/04/2026,踱步,從化,內圈,從化 內圈,,,,,,助手,,快踱一圈,H,內圈 快踱一圈 (助手)
J162,02/04/2026,馬匹水中步行機,從化,,從化,,,,,,,,馬匹水中步行機,,
J162,02/04/2026,游水,從化,,從化,,,,,,,,游水,,
J162,02/04/2026,快操,從化,草地,從化 草地,,51.0,51.0,27.2 23.8,,助手,,北極之錶,,27.2 23.8 (51.0) (助手) 北極之錶
J162,02/04/2026,踱步,從化,飛機場,從化 飛機場,,,,,,助手,,踱步,,飛機場 踱步 (助手)
J162,01/04/2026,馬匹水中步行機,從化,,從化,,,,,,,,馬匹水中步行機,,
J162,01/04/2026,游水,從化,,從化,,,,,,,,游水,,
J162,01/04/2026,踱步,從化,內圈,從化 內圈,,,,,,助手,,快踱一圈,H,內圈 快踱一圈 (助手)
J162,31/03/2026,馬匹水中步行機,從化,,從化,,,,,,,,馬匹水中步行機,,
J162,31/03/2026,游水,從化,,從化,,,,,,,,游水,,
J162,31/03/2026,踱步,從化,內圈,從化 內圈,,,,,,助手,,快踱一圈,H,內圈 快踱一圈 (助手)
J162,30/03/2026,游水,從化,,從化,,,,,,,,游水,,
J162,30/03/2026,踱步,從化,內圈,從化 內圈,,,,,,助手,,倒快一圈,H,內圈 倒快一圈 (助手)
J162,29/03/2026,馬匹水中步行機,從化,,從化,,,,,,,,馬匹水中步行機,,
J162,29/03/2026,踱步,從化,內圈,從化 內圈,,,,,,助手,,快踱一圈,H,內圈 快踱一圈 (助手)
J162,28/03/2026,馬匹水中步行機,從化,,從化,,,,,,,,馬匹水中步行機,,
J162,28/03/2026,游水,從化,,從化,,,,,,,,游水,,
J162,28/03/2026,快操,從化,全天候,從化 全天候,,1.30.2,90.2,33.8 29.3 27.1,,助手,,快操,H,33.8 29.3 27.1 (1.30.2) (助手)
J162,28/03/2026,踱步,從化,飛機場,從化 飛機場,,,,,,助手,,踱步,H,飛機場 踱步 (助手)
J162,27/03/2026,游水,從化,,從化,,,,,,,,游水,,
J162,27/03/2026,踱步,從化,內圈,從化 內圈,,,,,,助手,,快踱一圈,H,內圈 快踱一圈 (助手)
J162,26/03/2026,游水,從化,,從化,,,,,,,,游水,,
J162,26/03/2026,踱步,從化,內圈,從化 內圈,,,,,,助手,,倒快一圈,H,內圈 倒快一圈 (助手)
J162,25/03/2026,馬匹水中步行機,從化,,從化,,,,,,,,馬匹水中步行機,,
J162,25/03/2026,游水,從化,,從化,,,,,,,,游水,,
J162,25/03/2026,踱步,從化,內圈,從化 內圈,,,,,,助手,,快踱一圈,H,內圈 快踱一圈 (助手)
J162,24/03/2026,馬匹水中步行機,從化,,從化,,,,,,,,馬匹水中步行機,,
J162,24/03/2026,游水,從化,,從化,,,,,,,,游水,,
J162,24/03/2026,踱步,從化,內圈,從化 內圈,,,,,,助手,,快踱一圈,H,內圈 快踱一圈 (助手)
J162,23/03/2026,馬匹水中步行機,從化,,從化,,,,,,,,馬匹水中步行機,,
J162,23/03/2026,游水,從化,,從化,,,,,,,,游水,,
J162,23/03/2026,踱步,從化,內圈,從化 內圈,,,,,,助手,,倒快一圈,H,內圈 倒快一圈 (助手)
J162,22/03/2026,馬匹水中步行機,從化,,從化,,,,,,,,馬匹水中步行機,,
J162,22/03/2026,游水,從化,,從化,,,,,,,,游水,,
J162,21/03/2026,游水,從化,,從化,,,,,,,,游水,,
J162,21/03/2026,踱步,從化,內圈,從化 內圈,,,,,,助手,,快踱一圈,H,內圈 快踱一圈 (助手)
J162,20/03/2026,馬匹跑步機,沙田,,沙田,,,,,,上斜,,馬匹跑步機 - 踱步,,馬匹跑步機 - 踱步 （上斜）
J162,18/03/2026,出賽,跑馬地,草地,跑馬地 草地,1650M,,,,,奧爾民,1/12,出賽,H-/P-/TT-,1650M (奧爾民) (1/12)
J162,18/03/2026,游水,沙田,,沙田,,,,,,,,游水,,
J162,18/03/2026,踱步,沙田,內圈,沙田 內圈,,,,,,助手,,快踱一圈,H,內圈 快踱一圈 (助手)
J162,17/03/2026,游水,沙田,,沙田,,,,,,,,游水,,
J162,17/03/2026,踱步,沙田,內圈,沙田 內圈,,,,,,助手,,快踱一圈,H,內圈 快踱一圈 (助手)
J162,16/03/2026,游水,沙田,,沙田,,,,,,,,游水,,
J162,16/03/2026,踱步,沙田,內圈,沙田 內圈,,,,,,助手,,倒快兩圈,H,內圈 倒快兩圈 (助手)
J162,15/03/2026,游水,沙田,,沙田,,,,,,,,游水,,
J162,15/03/2026,踱步,沙田,內圈,沙田 內圈,,,,,,助手,,快踱一圈,H,內圈 快踱一圈 (助手)
J162,14/03/2026,游水,沙田,,沙田,,,,,,,,游水,,
J162,14/03/2026,踱步,從化,內圈,從化 內圈,,,,,,助手,,快踱一圈,H,內圈 快踱一圈 (助手)
J162,13/03/2026,馬匹水中步行機,從化,,從化,,,,,,,,馬匹水中步行機,,
J162,13/03/2026,游水,從化,,從化,,,,,,,,游水,,
J162,13/03/2026,踱步,從化,內圈,從化 內圈,,,,,,助手,,快踱一圈,H,內圈 快踱一圈 (助手)
J162,12/03/2026,游水,從化,,從化,,,,,,,,游水,,
J162,12/03/2026,快操,從化,草地,從化 草地,,56.2,56.2,30.6 25.6,,助手,,新意馬,H,30.6 25.6 (56.2) (助手) 新意馬
J162,12/03/2026,踱步,從化,飛機場,從化 飛機場,,,,,,助手,,踱步,H,飛機場 踱步 (助手)
J162,11/03/2026,馬匹水中步行機,從化,,從化,,,,,,,,馬匹水中步行機,,
J162,11/03/2026,游水,從化,,從化,,,,,,,,游水,,
J162,11/03/2026,踱步,從化,內圈,從化 內圈,,,,,,助手,,快踱一圈,H,內圈 快踱一圈 (助手)
J162,10/03/2026,馬匹水中步行機,從化,,從化,,,,,,,,馬匹水中步行機,,
J162,10/03/2026,游水,從化,,從化,,,,,,,,游水,,
J162,10/03/2026,踱步,從化,內圈,從化 內圈,,,,,,助手,,快踱一圈,H,內圈 快踱一圈 (助手)
J162,09/03/2026,游水,從化,,從化,,,,,,,,游水,,
J162,09/03/2026,踱步,從化,內圈,從化 內圈,,,,,,助手,,倒快兩圈,H,內圈 倒快兩圈 (助手)
J162,08/03/2026,馬匹水中步行機,從化,,從化,,,,,,,,馬匹水中步行機,,
J162,08/03/2026,游水,從化,,從化,,,,,,,,游水,,
J162,08/03/2026,踱步,從化,內圈,從化 內圈,,,,,,助手,,快踱一圈,H,內圈 快踱一圈 (助手)
J162,07/03/2026,游水,從化,,從化,,,,,,,,游水,,
J162,07/03/2026,快操,從化,全天候,從化 全天候,,1.22.7,82.7,29.8 27.5 25.4,,助手,,快操,H,29.8 27.5 25.4 (1.22.7) (助手)
J162,07/03/2026,踱步,從化,飛機場,從化 飛機場,,,,,,助手,,踱步,H,飛機場 踱步 (助手)
J162,06/03/2026,馬匹水中步行機,從化,,從化,,,,,,,,馬匹水中步行機,,
J162,06/03/2026,游水,從化,,從化,,,,,,,,游水,,
J162,06/03/2026,踱步,從化,內圈,從化 內圈,,,,,,助手,,快踱一圈,H,內圈 快踱一圈 (助手)
J162,05/03/2026,游水,從化,,從化,,,,,,,,游水,,
J162,05/03/2026,踱步,從化,內圈,從化 內圈,,,,,,助手,,倒快兩圈,H,內圈 倒快兩圈 (助手)
J162,04/03/2026,游水,從化,,從化,,,,,,,,游水,,
J162,04/03/2026,踱步,從化,內圈,從化 內圈,,,,,,助手,,快踱一圈,H,內圈 快踱一圈 (助手)
J162,03/03/2026,游水,從化,,從化,,,,,,,,游水,,
J162,03/03/2026,踱步,從化,內圈,從化 內圈,,,,,,助手,,快踱一圈,H,內圈 快踱一圈 (助手)
J162,02/03/2026,游水,從化,,從化,,,,,,,,游水,,
J162,02/03/2026,踱步,從化,內圈,從化 內圈,,,,,,助手,,倒快一圈,H,內圈 倒快一圈 (助手)
J162,01/03/2026,馬匹水中步行機,從化,,從化,,,,,,,,馬匹水中步行機,,
J162,01/03/2026,游水,從化,,從化,,,,,,,,游水,,
J162,28/02/2026,游水,從化,,從化,,,,,,,,游水,,
J162,28/02/2026,踱步,從化,飛機場,從化 飛機場,,,,,,助手,,踱步,H,飛機場 踱步 (助手)
J162,27/02/2026,試閘,從化,草地,從化 草地,1600M,1.40.92,100.92,26.5 25.2 25.3 23.9,八心之星,奧爾民,,第6組,,第6組 (奧爾民) 1600M 八心之星 26.5 25.2 25.3 23.9 (1.40.92)
J162,27/02/2026,踱步,從化,飛機場,從化 飛機場,,,,,,助手,,踱步,,飛機場 踱步 (助手)
J162,26/02/2026,游水,從化,,從化,,,,,,,,游水,,
J162,26/02/2026,踱步,從化,內圈,從化 內圈,,,,,,助手,,倒快一圈,H,內圈 倒快一圈 (助手)
J162,25/02/2026,游水,從化,,從化,,,,,,,,游水,,
J162,25/02/2026,踱步,從化,內圈,從化 內圈,,,,,,助手,,快踱一圈,H,內圈 快踱一圈 (助手)
J162,24/02/2026,游水,從化,,從化,,,,,,,,游水,,
J162,24/02/2026,踱步,從化,內圈,從化 內圈,,,,,,助手,,快踱一圈,H,內圈 快踱一圈 (助手)
J162,23/02/2026,游水,從化,,從化,,,,,,,,游水,,
J162,23/02/2026,快操,從化,全天候,從化 全天候,,54.0,54.0,27.7 26.3,,助手,,快操,H,27.7 26.3 (54.0) (助手)
J162,23/02/2026,踱步,從化,飛機場,從化 飛機場,,,,,,助手,,踱步,H,飛機場 踱步 (助手)
J162,22/02/2026,游水,從化,,從化,,,,,,,,游水,,
J162,22/02/2026,踱步,從化,內圈,從化 內圈,,,,,,助手,,快踱一圈,H,內圈 快踱一圈 (助手)
J162,21/02/2026,游水,從化,,從化,,,,,,,,游水,,
J162,21/02/2026,踱步,從化,內圈,從化 內圈,,,,,,助手,,快踱一圈,H,內圈 快踱一圈 (助手)
J162,20/02/2026,游水,從化,,從化,,,,,,,,游水,,
J162,20/02/2026,踱步,從化,內圈,從化 內圈,,,,,,助手,,快踱一圈,H,內圈 快踱一圈 (助手)
J162,19/02/2026,游水,從化,,從化,,,,,,,,游水,,
J162,19/02/2026,快操,從化,草地,從化 草地,,53.3,53.3,27.2 26.1,,助手,,快操,H,27.2 26.1 (53.3) (助手)
J162,19/02/2026,踱步,從化,飛機場,從化 飛機場,,,,,,助手,,踱步,H,飛機場 踱步 (助手)
J162,18/02/2026,游水,從化,,從化,,,,,,,,游水,,
J162,18/02/2026,踱步,從化,內圈,從化 內圈,,,,,,助手,,快踱一圈,H,內圈 快踱一圈 (助手)
J162,16/02/2026,游水,從化,,從化,,,,,,,,游水,,
J162,16/02/2026,踱步,從化,內圈,從化 內圈,,,,,,助手,,倒快一圈,H,內圈 倒快一圈 (助手)
J162,15/02/2026,游水,從化,,從化,,,,,,,,游水,,
J162,15/02/2026,踱步,從化,內圈,從化 內圈,,,,,,助手,,快踱一圈,H,內圈 快踱一圈 (助手)
J162,14/02/2026,游水,從化,,從化,,,,,,,,游水,,
J162,14/02/2026,踱步,從化,內圈,從化 內圈,,,,,,助手,,快踱一圈,H,內圈 快踱一圈 (助手)
J162,13/02/2026,游水,從化,,從化,,,,,,,,游水,,
J162,13/02/2026,踱步,從化,內圈,從化 內圈,,,,,,助手,,快踱一圈,H,內圈 快踱一圈 (助手)
J162,12/02/2026,游水,從化,,從化,,,,,,,,游水,,
J162,12/02/2026,踱步,從化,內圈,從化 內圈,,,,,,助手,,倒快一圈,H,內圈 倒快一圈 (助手)
J162,09/02/2026,游水,從化,,從化,,,,,,,,游水,,
J162,09/02/2026,快操,從化,全天候,從化 全天候,,57.3,57.3,31.9 25.4,,助手,,快操,H/P,31.9 25.4 (57.3) (助手)
J162,09/02/2026,踱步,從化,飛機場,從化 飛機場,,,,,,助手,,踱步,H/P,飛機場 踱步 (助手)
J162,08/02/2026,游水,從化,,從化,,,,,,,,游水,,
J162,08/02/2026,踱步,從化,內圈,從化 內圈,,,,,,助手,,快踱一圈,H/P,內圈 快踱一圈 (助手)
J162,07/02/2026,游水,從化,,從化,,,,,,,,游水,,
J162,07/02/2026,踱步,從化,內圈,從化 內圈,,,,,,助手,,快踱一圈,H/P,內圈 快踱一圈 (助手)
J162,06/02/2026,游水,從化,,從化,,,,,,,,游水,,
J162,06/02/2026,踱步,從化,內圈,從化 內圈,,,,,,助手,,快踱一圈,H/P,內圈 快踱一圈 (助手)
J162,05/02/2026,游水,從化,,從化,,,,,,,,游水,,
J162,05/02/2026,快操,從化,全天候,從化 全天候,,56.7,56.7,31.0 25.7,,助手,,快操,H/P,31.0 25.7 (56.7) (助手)
J162,05/02/2026,踱步,從化,飛機場,從化 飛機場,,,,,,助手,,踱步,H/P,飛機場 踱步 (助手)
J162,04/02/2026,游水,從化,,從化,,,,,,,,游水,,
J162,04/02/2026,踱步,從化,內圈,從化 內圈,,,,,,助手,,快踱一圈,H/P,內圈 快踱一圈 (助手)
J162,03/02/2026,游水,從化,,從化,,,,,,,,游水,,
J162,03/02/2026,踱步,從化,內圈,從化 內圈,,,,,,助手,,快踱一圈,H/P,內圈 快踱一圈 (助手)
J162,02/02/2026,游水,從化,,從化,,,,,,,,游水,,
J162,02/02/2026,踱步,從化,內圈,從化 內圈,,,,,,助手,,倒快一圈,H/P,內圈 倒快一圈 (助手)
J162,01/02/2026,游水,從化,,從化,,,,,,,,游水,,
J162,01/02/2026,踱步,從化,飛機場,從化 飛機場,,,,,,助手,,踱步,H,飛機場 踱步 (助手)
J162,31/01/2026,游水,從化,,從化,,,,,,,,游水,,
J162,28/01/2026,出賽,跑馬地,草地,跑馬地 草地,1650M,,,,,何澤堯,10/12,出賽,H/P/TT,1650M (何澤堯) (10/12)
J162,28/01/2026,踱步,沙田,飛機場,沙田 飛機場,,,,,,助手,,踱步,H/P,飛機場 踱步 (助手)
J162,27/01/2026,游水,沙田,,沙田,,,,,,,,游水,,
J162,27/01/2026,踱步,沙田,內圈,沙田 內圈,,,,,,助手,,快踱一圈,H/P,內圈 快踱一圈 (助手)
J162,26/01/2026,游水,沙田,,沙田,,,,,,,,游水,,
J162,26/01/2026,快操,沙田,全天候,沙田 全天候,,58.2,58.2,32.2 26.0,,助手,,飛鷹翱翔,H,32.2 26.0 (58.2) (助手) 飛鷹翱翔
J162,26/01/2026,踱步,沙田,飛機場,沙田 飛機場,,,,,,助手,,踱步,H,飛機場 踱步 (助手)
J162,25/01/2026,游水,沙田,,沙田,,,,,,,,游水,,
J162,25/01/2026,踱步,沙田,內圈,沙田 內圈,,,,,,助手,,快踱一圈,H/P,內圈 快踱一圈 (助手)
J162,24/01/2026,踱步,從化,內圈,從化 內圈,,,,,,助手,,快踱一圈,H/P,內圈 快踱一圈 (助手)
J162,23/01/2026,踱步,從化,內圈,從化 內圈,,,,,,助手,,快踱一圈,H/P,內圈 快踱一圈 (助手)
J162,22/01/2026,快操,從化,全天候,從化 全天候,,57.2,57.2,31.0 26.2,,助手,,快操,H/P,31.0 26.2 (57.2) (助手)
J162,22/01/2026,踱步,從化,飛機場,從化 飛機場,,,,,,助手,,踱步,H/P,飛機場 踱步 (助手)
J162,21/01/2026,游水,從化,,從化,,,,,,,,游水,,
J162,21/01/2026,踱步,從化,內圈,從化 內圈,,,,,,助手,,快踱一圈,H/P,內圈 快踱一圈 (助手)
J162,20/01/2026,游水,從化,,從化,,,,,,,,游水,,
J162,20/01/2026,踱步,從化,內圈,從化 內圈,,,,,,助手,,快踱一圈,H/P,內圈 快踱一圈 (助手)
J162,19/01/2026,游水,從化,,從化,,,,,,,,游水,,
J162,19/01/2026,踱步,從化,內圈,從化 內圈,,,,,,助手,,倒快一圈,H/P,內圈 倒快一圈 (助手)
J162,18/01/2026,游水,從化,,從化,,,,,,,,游水,,
J162,18/01/2026,踱步,從化,內圈,從化 內圈,,,,,,助手,,快踱一圈,H/P,內圈 快踱一圈 (助手)
J162,17/01/2026,游水,從化,,從化,,,,,,,,游水,,
J162,16/01/2026,試閘,從化,草地,從化 草地,1000M,0.58.63,58.63,13.6 22.0 23.0,銀刺勇士,愛民,,第2組,H/P,第2組 (愛民) 1000M 銀刺勇士 13.6 22.0 23.0 (0.58.63)
J162,16/01/2026,踱步,從化,飛機場,從化 飛機場,,,,,,助手,,踱步,H/P,飛機場 踱步 (助手)
J162,15/01/2026,游水,從化,,從化,,,,,,,,游水,,
J162,15/01/2026,踱步,從化,內圈,從化 內圈,,,,,,助手,,倒快一圈,H/P,內圈 倒快一圈 (助手)
J162,14/01/2026,游水,從化,,從化,,,,,,,,游水,,
J162,14/01/2026,踱步,從化,內圈,從化 內圈,,,,,,助手,,快踱一圈,H/P,內圈 快踱一圈 (助手)
J162,13/01/2026,游水,從化,,從化,,,,,,,,游水,,
J162,13/01/2026,踱步,從化,內圈,從化 內圈,,,,,,助手,,快踱一圈,H/P,內圈 快踱一圈 (助手)
J162,12/01/2026,游水,從化,,從化,,,,,,,,游水,,
J162,12/01/2026,快操,從化,全天候,從化 全天候,,57.0,57.0,32.0 25.0,,助手,,快操,H/P,32.0 25.0 (57.0) (助手)
J162,12/01/2026,踱步,從化,飛機場,從化 飛機場,,,,,,助手,,踱步,H/P,飛機場 踱步 (助手)
J162,11/01/2026,游水,從化,,從化,,,,,,,,游水,,
J162,10/01/2026,游水,從化,,從化,,,,,,,,游水,,
J162,10/01/2026,踱步,從化,內圈,從化 內圈,,,,,,助手,,快踱一圈,H/P,內圈 快踱一圈 (助手)
J162,09/01/2026,游水,從化,,從化,,,,,,,,游水,,
J162,09/01/2026,踱步,從化,內圈,從化 內圈,,,,,,助手,,快踱一圈,H/P,內圈 快踱一圈 (助手)
J162,08/01/2026,游水,從化,,從化,,,,,,,,游水,,
J162,08/01/2026,快操,從化,全天候,從化 全天候,,56.3,56.3,31.4 24.9,,助手,,快操,H/P,31.4 24.9 (56.3) (助手)
J162,08/01/2026,踱步,從化,飛機場,從化 飛機場,,,,,,助手,,踱步,H/P,飛機場 踱步 (助手)
J162,07/01/2026,游水,從化,,從化,,,,,,,,游水,,
J162,07/01/2026,踱步,從化,內圈,從化 內圈,,,,,,助手,,快踱一圈,H/P,內圈 快踱一圈 (助手)
J162,06/01/2026,游水,從化,,從化,,,,,,,,游水,,
J162,06/01/2026,踱步,從化,內圈,從化 內圈,,,,,,助手,,快踱一圈,H/P,內圈 快踱一圈 (助手)
J162,05/01/2026,游水,從化,,從化,,,,,,,,游水,,
J162,05/01/2026,快操,從化,全天候,從化 全天候,,58.4,58.4,32.3 26.1,,助手,,快操,H/P,32.3 26.1 (58.4) (助手)
J162,05/01/2026,踱步,從化,飛機場,從化 飛機場,,,,,,助手,,踱步,H/P,飛機場 踱步 (助手)
J162,04/01/2026,游水,從化,,從化,,,,,,,,游水,,
J162,03/01/2026,游水,從化,,從化,,,,,,,,游水,,
J162,03/01/2026,踱步,從化,內圈,從化 內圈,,,,,,助手,,快踱一圈,H/P,內圈 快踱一圈 (助手)
J162,02/01/2026,游水,從化,,從化,,,,,,,,游水,,
J162,02/01/2026,踱步,從化,內圈,從化 內圈,,,,,,助手,,快踱一圈,H/P,內圈 快踱一圈 (助手)
J162,01/01/2026,游水,從化,,從化,,,,,,,,游水,,
J162,01/01/2026,踱步,從化,內圈,從化 內圈,,,,,,助手,,倒快一圈,H/P,內圈 倒快一圈 (助手)
J162,31/12/2025,游水,從化,,從化,,,,,,,,游水,,
J162,31/12/2025,踱步,從化,飛機場,從化 飛機場,,,,,,助手,,踱步,H,飛機場 踱步 (助手)
J162,30/12/2025,游水,從化,,從化,,,,,,,,游水,,
J162,27/12/2025,出賽,沙田,全天候,沙田 全天候,1800M,,,,,奧爾民,12/14,出賽,H/P/TT,1800M (奧爾民) (12/14)
J162,27/12/2025,踱步,沙田,飛機場,沙田 飛機場,,,,,,助手,,踱步,H/P,飛機場 踱步 (助手)
J162,26/12/2025,游水,沙田,,沙田,,,,,,,,游水,,
J162,26/12/2025,踱步,沙田,內圈,沙田 內圈,,,,,,助手,,快踱一圈,H/P,內圈 快踱一圈 (助手)
J162,25/12/2025,游水,從化,,從化,,,,,,,,游水,,
J162,25/12/2025,快操,從化,全天候,從化 全天候,,56.2,56.2,30.3 25.9,,助手,,快操,H/P,30.3 25.9 (56.2) (助手)
J162,25/12/2025,踱步,從化,飛機場,從化 飛機場,,,,,,助手,,踱步,H/P,飛機場 踱步 (助手)
J162,24/12/2025,游水,從化,,從化,,,,,,,,游水,,
J162,24/12/2025,踱步,從化,內圈,從化 內圈,,,,,,助手,,快踱一圈,H,內圈 快踱一圈 (助手)
J162,23/12/2025,游水,從化,,從化,,,,,,,,游水,,
J162,23/12/2025,踱步,從化,內圈,從化 內圈,,,,,,助手,,快踱一圈,H/P,內圈 快踱一圈 (助手)
J162,22/12/2025,游水,從化,,從化,,,,,,,,游水,,
J162,22/12/2025,快操,從化,全天候,從化 全天候,,56.0,56.0,30.2 25.8,,助手,,快操,H/P,30.2 25.8 (56.0) (助手)
J162,22/12/2025,踱步,從化,飛機場,從化 飛機場,,,,,,助手,,踱步,H/P,飛機場 踱步 (助手)
J162,21/12/2025,游水,從化,,從化,,,,,,,,游水,,
J162,20/12/2025,游水,從化,,從化,,,,,,,,游水,,
J162,20/12/2025,踱步,從化,內圈,從化 內圈,,,,,,助手,,快踱一圈,H/P,內圈 快踱一圈 (助手)
J162,19/12/2025,游水,從化,,從化,,,,,,,,游水,,
J162,19/12/2025,踱步,從化,內圈,從化 內圈,,,,,,助手,,快踱一圈,H/P,內圈 快踱一圈 (助手)
J162,18/12/2025,游水,從化,,從化,,,,,,,,游水,,
J162,18/12/2025,快操,從化,全天候,從化 全天候,,56.6,56.6,31.0 25.6,,助手,,快操,H/P,31.0 25.6 (56.6) (助手)
J162,18/12/2025,踱步,從化,飛機場,從化 飛機場,,,,,,助手,,踱步,H/P,飛機場 踱步 (助手)
J162,17/12/2025,游水,從化,,從化,,,,,,,,游水,,
J162,17/12/2025,踱步,從化,內圈,從化 內圈,,,,,,助手,,快踱一圈,H/P,內圈 快踱一圈 (助手)
J162,16/12/2025,游水,從化,,從化,,,,,,,,游水,,
J162,16/12/2025,踱步,從化,內圈,從化 內圈,,,,,,助手,,快踱一圈,H/P,內圈 快踱一圈 (助手)
J162,15/12/2025,游水,從化,,從化,,,,,,,,游水,,
J162,15/12/2025,踱步,從化,內圈,從化 內圈,,,,,,助手,,倒快一圈,H/P,內圈 倒快一圈 (助手)
J162,14/12/2025,游水,從化,,從化,,,,,,,,游水,,
J162,14/12/2025,踱步,從化,飛機場,從化 飛機場,,,,,,助手,,踱步,H,飛機場 踱步 (助手)
J162,13/12/2025,游水,從化,,從化,,,,,,,,游水,,
J162,10/12/2025,出賽,跑馬地,草地,跑馬地 草地,1650M,,,,,紀仁安,5/12,出賽,PC-/H1/P1/TT,1650M (紀仁安) (5/12)
J162,10/12/2025,踱步,沙田,內圈,沙田 內圈,,,,,,助手,,快踱一圈,H/P,內圈 快踱一圈 (助手)
J162,09/12/2025,游水,沙田,,沙田,,,,,,,,游水,,
J162,09/12/2025,踱步,沙田,內圈,沙田 內圈,,,,,,助手,,快踱一圈,H/P,內圈 快踱一圈 (助手)
J162,08/12/2025,游水,沙田,,沙田,,,,,,,,游水,,
J162,08/12/2025,快操,沙田,全天候,沙田 全天候,,56.0,56.0,30.8 25.2,,助手,,金多囍,H,30.8 25.2 (56.0) (助手) 金多囍
J162,08/12/2025,踱步,沙田,飛機場,沙田 飛機場,,,,,,助手,,踱步,H,飛機場 踱步 (助手)
J162,07/12/2025,游水,沙田,,沙田,,,,,,,,游水,,
J162,07/12/2025,踱步,沙田,內圈,沙田 內圈,,,,,,助手,,快踱一圈,H/P,內圈 快踱一圈 (助手)
J162,06/12/2025,游水,從化,,從化,,,,,,,,游水,,
J162,06/12/2025,踱步,從化,內圈,從化 內圈,,,,,,助手,,快踱一圈,H/P,內圈 快踱一圈 (助手)
J162,05/12/2025,游水,從化,,從化,,,,,,,,游水,,
J162,05/12/2025,踱步,從化,內圈,從化 內圈,,,,,,助手,,快踱一圈,H/P,內圈 快踱一圈 (助手)
J162,04/12/2025,游水,從化,,從化,,,,,,,,游水,,
J162,04/12/2025,快操,從化,草地,從化 草地,,57.9,57.9,30.9 27.0,,助手,,快操,H/P,30.9 27.0 (57.9) (助手)
J162,04/12/2025,踱步,從化,飛機場,從化 飛機場,,,,,,助手,,踱步,H/P,飛機場 踱步 (助手)
J162,03/12/2025,游水,從化,,從化,,,,,,,,游水,,
J162,03/12/2025,踱步,從化,內圈,從化 內圈,,,,,,助手,,快踱一圈,H/P,內圈 快踱一圈 (助手)
J162,02/12/2025,游水,從化,,從化,,,,,,,,游水,,
J162,02/12/2025,踱步,從化,內圈,從化 內圈,,,,,,助手,,快踱一圈,H/P,內圈 快踱一圈 (助手)
J162,01/12/2025,游水,從化,,從化,,,,,,,,游水,,
J162,01/12/2025,快操,從化,全天候,從化 全天候,,57.4,57.4,31.5 25.9,,助手,,快操,H/P,31.5 25.9 (57.4) (助手)
J162,01/12/2025,踱步,從化,飛機場,從化 飛機場,,,,,,助手,,踱步,H/P,飛機場 踱步 (助手)
J162,30/11/2025,游水,從化,,從化,,,,,,,,游水,,
J162,29/11/2025,游水,從化,,從化,,,,,,,,游水,,
J162,29/11/2025,踱步,從化,內圈,從化 內圈,,,,,,助手,,快踱一圈,H/P,內圈 快踱一圈 (助手)
J162,28/11/2025,游水,從化,,從化,,,,,,,,游水,,
J162,28/11/2025,踱步,從化,內圈,從化 內圈,,,,,,助手,,快踱一圈,H/P,內圈 快踱一圈 (助手)
J162,27/11/2025,游水,從化,,從化,,,,,,,,游水,,
J162,27/11/2025,快操,從化,全天候,從化 全天候,,56.8,56.8,30.2 26.6,,助手,,精明選擇,H/P,30.2 26.6 (56.8) (助手) 精明選擇
J162,27/11/2025,踱步,從化,飛機場,從化 飛機場,,,,,,助手,,踱步,H/P,飛機場 踱步 (助手)
J162,26/11/2025,游水,從化,,從化,,,,,,,,游水,,
J162,26/11/2025,踱步,從化,內圈,從化 內圈,,,,,,助手,,快踱一圈,H/P,內圈 快踱一圈 (助手)
J162,25/11/2025,游水,從化,,從化,,,,,,,,游水,,
J162,25/11/2025,踱步,從化,內圈,從化 內圈,,,,,,助手,,快踱一圈,H/P,內圈 快踱一圈 (助手)
J162,24/11/2025,游水,從化,,從化,,,,,,,,游水,,
J162,24/11/2025,踱步,從化,內圈,從化 內圈,,,,,,助手,,倒快一圈,H/P,內圈 倒快一圈 (助手)
J162,19/11/2025,出賽,跑馬地,草地,跑馬地 草地,1650M,,,,,艾兆禮,10/11,出賽,PC/TT,1650M (艾兆禮) (10/11)
J162,19/11/2025,踱步,沙田,飛機場,沙田 飛機場,,,,,,助手,,踱步,H/P,飛機場 踱步 (助手)
J162,18/11/2025,馬匹跑步機,沙田,,沙田,,,,,,上斜,,馬匹跑步機 - 慢跑,,馬匹跑步機 - 慢跑 （上斜）
J162,18/11/2025,游水,沙田,,沙田,,,,,,,,游水,,
J162,18/11/2025,踱步,沙田,內圈,沙田 內圈,,,,,,助手,,快踱一圈,H/P,內圈 快踱一圈 (助手)
J162,17/11/2025,馬匹跑步機,沙田,,沙田,,,,,,上斜,,馬匹跑步機 - 踱步,,馬匹跑步機 - 踱步 （上斜）
J162,17/11/2025,游水,沙田,,沙田,,,,,,,,游水,,
J162,17/11/2025,快操,沙田,全天候,沙田 全天候,,54.8,54.8,29.7 25.1,,助手,,包裝創新,H,29.7 25.1 (54.8) (助手) 包裝創新
J162,17/11/2025,踱步,沙田,飛機場,沙田 飛機場,,,,,,助手,,踱步,H,飛機場 踱步 (助手)
J162,16/11/2025,馬匹跑步機,沙田,,沙田,,,,,,上斜,,馬匹跑步機 - 慢跑,,馬匹跑步機 - 慢跑 （上斜）
J162,16/11/2025,游水,沙田,,沙田,,,,,,,,游水,,
J162,16/11/2025,踱步,沙田,內圈,沙田 內圈,,,,,,助手,,快踱一圈,H/P,內圈 快踱一圈 (助手)
J162,15/11/2025,游水,沙田,,沙田,,,,,,,,游水,,
J162,15/11/2025,踱步,沙田,內圈,沙田 內圈,,,,,,助手,,快踱一圈,H/P,內圈 快踱一圈 (助手)
J162,14/11/2025,馬匹跑步機,沙田,,沙田,,,,,,上斜,,馬匹跑步機 - 慢跑,,馬匹跑步機 - 慢跑 （上斜）
J162,14/11/2025,游水,沙田,,沙田,,,,,,,,游水,,
J162,14/11/2025,踱步,沙田,內圈,沙田 內圈,,,,,,助手,,快踱一圈,H/P,內圈 快踱一圈 (助手)
J162,13/11/2025,馬匹跑步機,沙田,,沙田,,,,,,上斜,,馬匹跑步機 - 慢跑,,馬匹跑步機 - 慢跑 （上斜）
J162,13/11/2025,游水,沙田,,沙田,,,,,,,,游水,,
J162,13/11/2025,踱步,沙田,內圈,沙田 內圈,,,,,,助手,,倒快一圈,H/P,內圈 倒快一圈 (助手)
J162,12/11/2025,馬匹跑步機,沙田,,沙田,,,,,,上斜,,馬匹跑步機 - 慢跑,,馬匹跑步機 - 慢跑 （上斜）
J162,12/11/2025,游水,沙田,,沙田,,,,,,,,游水,,
J162,12/11/2025,快操,沙田,全天候,沙田 全天候,,57.3,57.3,31.8 25.5,,助手,,包裝天王,H,31.8 25.5 (57.3) (助手) 包裝天王
J162,12/11/2025,踱步,沙田,飛機場,沙田 飛機場,,,,,,助手,,踱步,H,飛機場 踱步 (助手)
J162,11/11/2025,馬匹跑步機,沙田,,沙田,,,,,,上斜,,馬匹跑步機 - 慢跑,,馬匹跑步機 - 慢跑 （上斜）
J162,11/11/2025,游水,沙田,,沙田,,,,,,,,游水,,
J162,11/11/2025,踱步,沙田,內圈,沙田 內圈,,,,,,助手,,快踱一圈,H/P,內圈 快踱一圈 (助手)
J162,10/11/2025,馬匹跑步機,沙田,,沙田,,,,,,上斜,,馬匹跑步機 - 慢跑,,馬匹跑步機 - 慢跑 （上斜）
J162,10/11/2025,游水,沙田,,沙田,,,,,,,,游水,,
J162,10/11/2025,踱步,沙田,內圈,沙田 內圈,,,,,,助手,,倒快一圈,H/P,內圈 倒快一圈 (助手)
J162,09/11/2025,游水,沙田,,沙田,,,,,,,,游水,,
J162,08/11/2025,馬匹跑步機,沙田,,沙田,,,,,,上斜,,馬匹跑步機 - 慢跑,,馬匹跑步機 - 慢跑 （上斜）
J162,08/11/2025,游水,沙田,,沙田,,,,,,,,游水,,
J162,08/11/2025,踱步,沙田,內圈,沙田 內圈,,,,,,助手,,快踱一圈,H/P,內圈 快踱一圈 (助手)
J162,07/11/2025,馬匹跑步機,沙田,,沙田,,,,,,上斜,,馬匹跑步機 - 踱步,,馬匹跑步機 - 踱步 （上斜）
J162,07/11/2025,游水,沙田,,沙田,,,,,,,,游水,,
J162,07/11/2025,快操,沙田,全天候,沙田 全天候,,59.0,59.0,32.0 27.0,,助手,,極光之子,H,32.0 27.0 (59.0) (助手) 極光之子
J162,07/11/2025,踱步,沙田,飛機場,沙田 飛機場,,,,,,助手,,踱步,H,飛機場 踱步 (助手)
J162,06/11/2025,馬匹跑步機,沙田,,沙田,,,,,,上斜,,馬匹跑步機 - 慢跑,,馬匹跑步機 - 慢跑 （上斜）
J162,06/11/2025,游水,沙田,,沙田,,,,,,,,游水,,
J162,06/11/2025,踱步,沙田,內圈,沙田 內圈,,,,,,助手,,倒快一圈,H/P,內圈 倒快一圈 (助手)
J162,05/11/2025,馬匹跑步機,沙田,,沙田,,,,,,上斜,,馬匹跑步機 - 慢跑,,馬匹跑步機 - 慢跑 （上斜）
J162,05/11/2025,游水,沙田,,沙田,,,,,,,,游水,,
J162,05/11/2025,踱步,沙田,內圈,沙田 內圈,,,,,,助手,,快踱一圈,H/P,內圈 快踱一圈 (助手)
J162,04/11/2025,馬匹跑步機,沙田,,沙田,,,,,,上斜,,馬匹跑步機 - 慢跑,,馬匹跑步機 - 慢跑 （上斜）
J162,04/11/2025,游水,沙田,,沙田,,,,,,,,游水,,
J162,04/11/2025,踱步,沙田,內圈,沙田 內圈,,,,,,助手,,快踱一圈,H/P,內圈 快踱一圈 (助手)
J162,03/11/2025,馬匹跑步機,沙田,,沙田,,,,,,上斜,,馬匹跑步機 - 慢跑,,馬匹跑步機 - 慢跑 （上斜）
J162,03/11/2025,游水,沙田,,沙田,,,,,,,,游水,,
J162,03/11/2025,踱步,沙田,飛機場,沙田 飛機場,,,,,,助手,,踱步,H/P,飛機場 踱步 (助手)
J162,02/11/2025,游水,沙田,,沙田,,,,,,,,游水,,
J162,01/11/2025,游水,沙田,,沙田,,,,,,,,游水,,
J162,30/10/2025,出賽,沙田,全天候,沙田 全天候,1800M,,,,,班德禮,6/13,出賽,PC/TT,1800M (班德禮) (6/13)
J162,30/10/2025,踱步,沙田,飛機場,沙田 飛機場,,,,,,助手,,踱步,H/P,飛機場 踱步 (助手)
J162,29/10/2025,馬匹跑步機,沙田,,沙田,,,,,,上斜,,馬匹跑步機 - 踱步,,馬匹跑步機 - 踱步 （上斜）
J162,29/10/2025,游水,沙田,,沙田,,,,,,,,游水,,
J162,29/10/2025,踱步,沙田,內圈,沙田 內圈,,,,,,助手,,快踱一圈,H/P,內圈 快踱一圈 (助手)
J162,28/10/2025,馬匹跑步機,沙田,,沙田,,,,,,上斜,,馬匹跑步機 - 踱步,,馬匹跑步機 - 踱步 （上斜）
J162,28/10/2025,游水,沙田,,沙田,,,,,,,,游水,,
J162,26/10/2025,出賽,沙田,草地,沙田 草地,1600M,,,,,田泰安,6/14,出賽,PC/TT,1600M (田泰安) (6/14)
J162,26/10/2025,踱步,沙田,飛機場,沙田 飛機場,,,,,,助手,,踱步,H/P,飛機場 踱步 (助手)
J162,25/10/2025,馬匹跑步機,沙田,,沙田,,,,,,上斜,,馬匹跑步機 - 慢跑,,馬匹跑步機 - 慢跑 （上斜）
J162,25/10/2025,游水,沙田,,沙田,,,,,,,,游水,,
J162,25/10/2025,踱步,沙田,內圈,沙田 內圈,,,,,,助手,,快踱一圈,H/P,內圈 快踱一圈 (助手)
J162,24/10/2025,游水,沙田,,沙田,,,,,,,,游水,,
J162,24/10/2025,踱步,沙田,內圈,沙田 內圈,,,,,,助手,,快踱一圈,H/P,內圈 快踱一圈 (助手)
J162,23/10/2025,馬匹跑步機,沙田,,沙田,,,,,,上斜,,馬匹跑步機 - 踱步,,馬匹跑步機 - 踱步 （上斜）
J162,23/10/2025,游水,沙田,,沙田,,,,,,,,游水,,
J162,23/10/2025,快操,沙田,草閘,沙田 草閘,,50.9,50.9,26.2 24.7,,田泰安,,玩笑,H,26.2 24.7 (50.9) (田泰安) 玩笑
J162,23/10/2025,踱步,沙田,飛機場,沙田 飛機場,,,,,,助手,,踱步,H,飛機場 踱步 (助手)
J162,22/10/2025,馬匹跑步機,沙田,,沙田,,,,,,上斜,,馬匹跑步機 - 慢跑,,馬匹跑步機 - 慢跑 （上斜）
J162,22/10/2025,游水,沙田,,沙田,,,,,,,,游水,,
J162,22/10/2025,踱步,沙田,內圈,沙田 內圈,,,,,,助手,,快踱一圈,H/P,內圈 快踱一圈 (助手)
J162,21/10/2025,馬匹跑步機,沙田,,沙田,,,,,,上斜,,馬匹跑步機 - 慢跑,,馬匹跑步機 - 慢跑 （上斜）
J162,21/10/2025,游水,沙田,,沙田,,,,,,,,游水,,
J162,21/10/2025,踱步,沙田,內圈,沙田 內圈,,,,,,助手,,快踱一圈,H/P,內圈 快踱一圈 (助手)
J162,20/10/2025,馬匹跑步機,沙田,,沙田,,,,,,上斜,,馬匹跑步機 - 慢跑,,馬匹跑步機 - 慢跑 （上斜）
J162,20/10/2025,游水,沙田,,沙田,,,,,,,,游水,,
J162,20/10/2025,快操,沙田,全天候,沙田 全天候,,57.6,57.6,31.7 25.9,,助手,,伴跳馬,H,31.7 25.9 (57.6) (助手) 伴跳馬
J162,20/10/2025,踱步,沙田,飛機場,沙田 飛機場,,,,,,助手,,踱步,H,飛機場 踱步 (助手)
J162,19/10/2025,游水,沙田,,沙田,,,,,,,,游水,,
J162,18/10/2025,馬匹跑步機,沙田,,沙田,,,,,,上斜,,馬匹跑步機 - 慢跑,,馬匹跑步機 - 慢跑 （上斜）
J162,18/10/2025,游水,沙田,,沙田,,,,,,,,游水,,
J162,18/10/2025,踱步,沙田,內圈,沙田 內圈,,,,,,助手,,快踱一圈,H/P,內圈 快踱一圈 (助手)
J162,17/10/2025,馬匹跑步機,沙田,,沙田,,,,,,上斜,,馬匹跑步機 - 慢跑,,馬匹跑步機 - 慢跑 （上斜）
J162,17/10/2025,游水,沙田,,沙田,,,,,,,,游水,,
J162,17/10/2025,踱步,沙田,內圈,沙田 內圈,,,,,,助手,,快踱一圈,H/P,內圈 快踱一圈 (助手)
J162,16/10/2025,馬匹跑步機,沙田,,沙田,,,,,,上斜,,馬匹跑步機 - 慢跑,,馬匹跑步機 - 慢跑 （上斜）
J162,16/10/2025,游水,沙田,,沙田,,,,,,,,游水,,
J162,16/10/2025,快操,沙田,全天候,沙田 全天候,,57.7,57.7,31.5 26.2,,助手,,伴跳馬,H,31.5 26.2 (57.7) (助手) 伴跳馬
J162,16/10/2025,踱步,沙田,飛機場,沙田 飛機場,,,,,,助手,,踱步,H,飛機場 踱步 (助手)
J162,15/10/2025,馬匹跑步機,沙田,,沙田,,,,,,上斜,,馬匹跑步機 - 慢跑,,馬匹跑步機 - 慢跑 （上斜）
J162,15/10/2025,游水,沙田,,沙田,,,,,,,,游水,,
J162,15/10/2025,踱步,沙田,內圈,沙田 內圈,,,,,,助手,,快踱一圈,H/P,內圈 快踱一圈 (助手)
J162,14/10/2025,馬匹跑步機,沙田,,沙田,,,,,,上斜,,馬匹跑步機 - 慢跑,,馬匹跑步機 - 慢跑 （上斜）
J162,14/10/2025,游水,沙田,,沙田,,,,,,,,游水,,
J162,14/10/2025,踱步,沙田,內圈,沙田 內圈,,,,,,助手,,快踱一圈,H/P,內圈 快踱一圈 (助手)
J162,13/10/2025,馬匹跑步機,沙田,,沙田,,,,,,上斜,,馬匹跑步機 - 慢跑,,馬匹跑步機 - 慢跑 （上斜）
J162,13/10/2025,游水,沙田,,沙田,,,,,,,,游水,,
J162,13/10/2025,踱步,沙田,飛機場,沙田 飛機場,,,,,,助手,,踱步,H/P,飛機場 踱步 (助手)
J162,12/10/2025,游水,沙田,,沙田,,,,,,,,游水,,
J162,12/10/2025,踱步,沙田,飛機場,沙田 飛機場,,,,,,助手,,踱步,H/P,飛機場 踱步 (助手)
J162,11/10/2025,游水,沙田,,沙田,,,,,,,,游水,,
J162,10/10/2025,游水,沙田,,沙田,,,,,,,,游水,,
J162,08/10/2025,出賽,跑馬地,草地,跑馬地 草地,1650M,,,,,班德禮,10/12,出賽,PC/TT,1650M (班德禮) (10/12)
J162,08/10/2025,踱步,沙田,內圈,沙田 內圈,,,,,,助手,,快踱一圈,H/P,內圈 快踱一圈 (助手)
J162,07/10/2025,游水,沙田,,沙田,,,,,,,,游水,,
J162,07/10/2025,踱步,沙田,內圈,沙田 內圈,,,,,,助手,,快踱一圈,H/P,內圈 快踱一圈 (助手)
J162,06/10/2025,游水,沙田,,沙田,,,,,,,,游水,,
J162,06/10/2025,踱步,沙田,內圈,沙田 內圈,,,,,,助手,,倒快一圈,H/P,內圈 倒快一圈 (助手)
J162,05/10/2025,游水,沙田,,沙田,,,,,,,,游水,,
J162,05/10/2025,快操,沙田,全天候,沙田 全天候,,58.2,58.2,32.0 26.2,,助手,,伴跳馬,H,32.0 26.2 (58.2) (助手) 伴跳馬
J162,05/10/2025,踱步,沙田,飛機場,沙田 飛機場,,,,,,助手,,踱步,H,飛機場 踱步 (助手)
J162,04/10/2025,游水,沙田,,沙田,,,,,,,,游水,,
J162,04/10/2025,踱步,沙田,內圈,沙田 內圈,,,,,,助手,,快踱一圈,H/P,內圈 快踱一圈 (助手)
J162,03/10/2025,游水,沙田,,沙田,,,,,,,,游水,,
J162,03/10/2025,踱步,沙田,內圈,沙田 內圈,,,,,,助手,,快踱一圈,H/P,內圈 快踱一圈 (助手)
J162,02/10/2025,游水,沙田,,沙田,,,,,,,,游水,,
J162,02/10/2025,快操,沙田,全天候,沙田 全天候,,58.1,58.1,31.6 26.5,,助手,,伴跳馬,H,31.6 26.5 (58.1) (助手) 伴跳馬
J162,02/10/2025,踱步,沙田,飛機場,沙田 飛機場,,,,,,助手,,踱步,H,飛機場 踱步 (助手)
J162,01/10/2025,游水,從化,,從化,,,,,,,,游水,,
J162,01/10/2025,踱步,從化,內圈,從化 內圈,,,,,,助手,,快踱一圈,H/P,內圈 快踱一圈 (助手)
J162,30/09/2025,游水,從化,,從化,,,,,,,,游水,,
J162,30/09/2025,踱步,從化,內圈,從化 內圈,,,,,,助手,,快踱一圈,H/P,內圈 快踱一圈 (助手)
J162,29/09/2025,游水,從化,,從化,,,,,,,,游水,,
J162,29/09/2025,踱步,從化,內圈,從化 內圈,,,,,,助手,,倒快一圈,H/P,內圈 倒快一圈 (助手)
J162,28/09/2025,游水,從化,,從化,,,,,,,,游水,,
J162,28/09/2025,踱步,從化,內圈,從化 內圈,,,,,,助手,,快踱一圈,H/P,內圈 快踱一圈 (助手)
J162,26/09/2025,試閘,從化,草地,從化 草地,1600M,1.39.42,99.42,25.4 25.4 24.3 24.3,齊歡最樂,何澤堯,,第5組,PC,第5組 (何澤堯) 1600M 齊歡最樂 25.4 25.4 24.3 24.3 (1.39.42)
J162,26/09/2025,踱步,從化,飛機場,從化 飛機場,,,,,,助手,,踱步,PC,飛機場 踱步 (助手)
J162,25/09/2025,游水,從化,,從化,,,,,,,,游水,,
J162,25/09/2025,踱步,從化,內圈,從化 內圈,,,,,,助手,,倒快一圈,H/P,內圈 倒快一圈 (助手)
J162,23/09/2025,游水,從化,,從化,,,,,,,,游水,,
J162,23/09/2025,踱步,從化,內圈,從化 內圈,,,,,,助手,,快踱一圈,H/P,內圈 快踱一圈 (助手)
J162,22/09/2025,游水,從化,,從化,,,,,,,,游水,,
J162,22/09/2025,踱步,從化,內圈,從化 內圈,,,,,,助手,,倒快一圈,H/P,內圈 倒快一圈 (助手)
J162,21/09/2025,游水,從化,,從化,,,,,,,,游水,,
J162,21/09/2025,踱步,從化,內圈,從化 內圈,,,,,,助手,,快踱一圈,H/P,內圈 快踱一圈 (助手)
J162,20/09/2025,游水,從化,,從化,,,,,,,,游水,,
J162,20/09/2025,踱步,從化,內圈,從化 內圈,,,,,,助手,,快踱一圈,H/P,內圈 快踱一圈 (助手)
J162,19/09/2025,游水,從化,,從化,,,,,,,,游水,,
J162,18/09/2025,試閘,從化,全天候,從化 全天候,1200M,1.11.77,71.77,25.7 22.8 23.2,加州星馳,楊東俊,,第3組,PC,第3組 (楊東俊) 1200M 加州星馳 25.7 22.8 23.2 (1.11.77)
J162,18/09/2025,踱步,從化,飛機場,從化 飛機場,,,,,,助手,,踱步,PC,飛機場 踱步 (助手)
J162,17/09/2025,游水,從化,,從化,,,,,,,,游水,,
J162,17/09/2025,踱步,從化,內圈,從化 內圈,,,,,,助手,,快踱一圈,H/P,內圈 快踱一圈 (助手)
J162,16/09/2025,游水,從化,,從化,,,,,,,,游水,,
J162,16/09/2025,踱步,從化,內圈,從化 內圈,,,,,,助手,,快踱一圈,H/P,內圈 快踱一圈 (助手)
J162,15/09/2025,游水,從化,,從化,,,,,,,,游水,,
J162,15/09/2025,踱步,從化,內圈,從化 內圈,,,,,,助手,,倒快一圈,H/P,內圈 倒快一圈 (助手)
J162,14/09/2025,游水,從化,,從化,,,,,,,,游水,,
J162,14/09/2025,踱步,從化,飛機場,從化 飛機場,,,,,,助手,,踱步,H,飛機場 踱步 (助手)
J162,13/09/2025,游水,從化,,從化,,,,,,,,游水,,
J162,10/09/2025,出賽,跑馬地,草地,跑馬地 草地,1650M,,,,,艾道拿,11/11,出賽,PC/TT,1650M (艾道拿) (11/11)
J162,10/09/2025,踱步,沙田,內圈,沙田 內圈,,,,,,助手,,快踱一圈,H/P,內圈 快踱一圈 (助手)
J162,09/09/2025,游水,沙田,,沙田,,,,,,,,游水,,
J162,09/09/2025,踱步,沙田,內圈,沙田 內圈,,,,,,助手,,快踱一圈,H/P,內圈 快踱一圈 (助手)
J162,08/09/2025,游水,沙田,,沙田,,,,,,,,游水,,
J162,08/09/2025,踱步,沙田,飛機場,沙田 飛機場,,,,,,助手,,踱步,H/P,飛機場 踱步 (助手)
J162,07/09/2025,游水,沙田,,沙田,,,,,,,,游水,,
J162,07/09/2025,快操,沙田,全天候,沙田 全天候,,58.0,58.0,32.3 25.7,,助手,,同滿滿,H,32.3 25.7 (58.0) (助手) 同滿滿
J162,07/09/2025,踱步,沙田,飛機場,沙田 飛機場,,,,,,助手,,踱步,H,飛機場 踱步 (助手)
J162,06/09/2025,游水,從化,,從化,,,,,,,,游水,,
J162,06/09/2025,踱步,從化,內圈,從化 內圈,,,,,,助手,,快踱一圈,H/P,內圈 快踱一圈 (助手)
J162,05/09/2025,游水,從化,,從化,,,,,,,,游水,,
J162,05/09/2025,踱步,從化,內圈,從化 內圈,,,,,,助手,,快踱一圈,H/P,內圈 快踱一圈 (助手)
J162,04/09/2025,游水,從化,,從化,,,,,,,,游水,,
J162,04/09/2025,踱步,從化,內圈,從化 內圈,,,,,,助手,,倒快一圈,H/P,內圈 倒快一圈 (助手)
J162,03/09/2025,游水,從化,,從化,,,,,,,,游水,,
J162,03/09/2025,踱步,從化,內圈,從化 內圈,,,,,,助手,,快踱一圈,H/P,內圈 快踱一圈 (助手)
J162,02/09/2025,游水,從化,,從化,,,,,,,,游水,,
J162,01/09/2025,試閘,從化,草地,從化 草地,1200M,1.10.20,70.2,24.7 22.5 23.0,球皇,周俊樂,,第6組,V,第6組 (周俊樂) 1200M 球皇 24.7 22.5 23.0 (1.10.20)
J162,01/09/2025,踱步,從化,飛機場,從化 飛機場,,,,,,助手,,踱步,V,飛機場 踱步 (助手)
J162,31/08/2025,游水,從化,,從化,,,,,,,,游水,,
J162,31/08/2025,踱步,從化,內圈,從化 內圈,,,,,,助手,,快踱一圈,H/P,內圈 快踱一圈 (助手)
J162,30/08/2025,游水,從化,,從化,,,,,,,,游水,,
J162,30/08/2025,踱步,從化,內圈,從化 內圈,,,,,,助手,,快踱一圈,H/P,內圈 快踱一圈 (助手)
J162,29/08/2025,游水,從化,,從化,,,,,,,,游水,,
J162,29/08/2025,踱步,從化,內圈,從化 內圈,,,,,,助手,,快踱一圈,H/P,內圈 快踱一圈 (助手)
J162,28/08/2025,游水,從化,,從化,,,,,,,,游水,,
J162,28/08/2025,快操,從化,全天候,從化 全天候,,55.4,55.4,29.8 25.6,,助手,,快操,H/P,29.8 25.6 (55.4) (助手)
J162,28/08/2025,踱步,從化,飛機場,從化 飛機場,,,,,,助手,,踱步,H/P,飛機場 踱步 (助手)
J162,27/08/2025,游水,從化,,從化,,,,,,,,游水,,
J162,27/08/2025,踱步,從化,內圈,從化 內圈,,,,,,助手,,快踱一圈,H/P,內圈 快踱一圈 (助手)
J162,26/08/2025,游水,從化,,從化,,,,,,,,游水,,
J162,26/08/2025,踱步,從化,內圈,從化 內圈,,,,,,助手,,快踱一圈,H/P,內圈 快踱一圈 (助手)
J162,25/08/2025,游水,從化,,從化,,,,,,,,游水,,
J162,25/08/2025,踱步,從化,內圈,從化 內圈,,,,,,助手,,倒快一圈,H/P,內圈 倒快一圈 (助手)
J162,24/08/2025,游水,從化,,從化,,,,,,,,游水,,
J162,23/08/2025,游水,從化,,從化,,,,,,,,游水,,
J162,23/08/2025,踱步,從化,內圈,從化 內圈,,,,,,助手,,快踱一圈,H/P,內圈 快踱一圈 (助手)
J162,21/08/2025,試閘,從化,全天候,從化 全天候,1200M,1.11.27,71.27,25.5 22.5 23.2,悠悠乾坤,艾道拿,,第3組,PC,第3組 (艾道拿) 1200M 悠悠乾坤 25.5 22.5 23.2 (1.11.27)
J162,21/08/2025,踱步,從化,飛機場,從化 飛機場,,,,,,助手,,踱步,PC,飛機場 踱步 (助手)
J162,20/08/2025,游水,從化,,從化,,,,,,,,游水,,
J162,20/08/2025,踱步,從化,內圈,從化 內圈,,,,,,助手,,快踱一圈,H/P,內圈 快踱一圈 (助手)
J162,19/08/2025,游水,從化,,從化,,,,,,,,游水,,
J162,19/08/2025,踱步,從化,內圈,從化 內圈,,,,,,助手,,快踱一圈,H/P,內圈 快踱一圈 (助手)
J162,18/08/2025,游水,從化,,從化,,,,,,,,游水,,
J162,18/08/2025,快操,從化,全天候,從化 全天候,,58.5,58.5,33.0 25.5,,助手,,快操,H/P,33.0 25.5 (58.5) (助手)
J162,18/08/2025,踱步,從化,飛機場,從化 飛機場,,,,,,助手,,踱步,H/P,飛機場 踱步 (助手)
J162,17/08/2025,游水,從化,,從化,,,,,,,,游水,,
J162,16/08/2025,游水,從化,,從化,,,,,,,,游水,,
J162,16/08/2025,踱步,從化,內圈,從化 內圈,,,,,,助手,,快踱一圈,H/P,內圈 快踱一圈 (助手)
J162,15/08/2025,游水,從化,,從化,,,,,,,,游水,,
J162,15/08/2025,踱步,從化,內圈,從化 內圈,,,,,,助手,,快踱一圈,H,內圈 快踱一圈 (助手)
J162,14/08/2025,游水,從化,,從化,,,,,,,,游水,,
J162,14/08/2025,快操,從化,全天候,從化 全天候,,1.01.5,61.5,33.7 27.8,,助手,,快操,H/P,33.7 27.8 (1.01.5) (助手)
J162,14/08/2025,踱步,從化,飛機場,從化 飛機場,,,,,,助手,,踱步,H/P,飛機場 踱步 (助手)
J162,13/08/2025,游水,從化,,從化,,,,,,,,游水,,
J162,13/08/2025,踱步,從化,內圈,從化 內圈,,,,,,助手,,快踱一圈,H/P,內圈 快踱一圈 (助手)
J162,12/08/2025,游水,從化,,從化,,,,,,,,游水,,
J162,12/08/2025,踱步,從化,內圈,從化 內圈,,,,,,助手,,快踱一圈,H/P,內圈 快踱一圈 (助手)
J162,11/08/2025,游水,從化,,從化,,,,,,,,游水,,
J162,11/08/2025,快操,從化,全天候,從化 全天候,,27.2,27.2,27.2,,助手,,快操,H/P,27.2 (27.2) (助手)
J162,11/08/2025,踱步,從化,飛機場,從化 飛機場,,,,,,助手,,踱步,H/P,飛機場 踱步 (助手)
J162,10/08/2025,游水,從化,,從化,,,,,,,,游水,,
J162,09/08/2025,游水,從化,,從化,,,,,,,,游水,,
J162,09/08/2025,踱步,從化,內圈,從化 內圈,,,,,,助手,,快踱一圈,H/P,內圈 快踱一圈 (助手)
J162,08/08/2025,游水,從化,,從化,,,,,,,,游水,,
J162,08/08/2025,踱步,從化,內圈,從化 內圈,,,,,,助手,,快踱一圈,H/P,內圈 快踱一圈 (助手)
J162,07/08/2025,游水,從化,,從化,,,,,,,,游水,,
J162,07/08/2025,快操,從化,全天候,從化 全天候,,31.6,31.6,31.6,,助手,,快操,H/P,31.6 (31.6) (助手)
J162,07/08/2025,踱步,從化,飛機場,從化 飛機場,,,,,,助手,,踱步,H/P,飛機場 踱步 (助手)
J162,06/08/2025,游水,從化,,從化,,,,,,,,游水,,
J162,06/08/2025,踱步,從化,內圈,從化 內圈,,,,,,助手,,快踱一圈,H/P,內圈 快踱一圈 (助手)
J162,05/08/2025,游水,從化,,從化,,,,,,,,游水,,
J162,05/08/2025,踱步,從化,內圈,從化 內圈,,,,,,助手,,快踱一圈,H/P,內圈 快踱一圈 (助手)
J162,04/08/2025,快操,從化,全天候,從化 全天候,,29.0,29.0,29.0,,助手,,祥龍駒,H/P,29.0 (29.0) (助手) 祥龍駒
J162,04/08/2025,踱步,從化,飛機場,從化 飛機場,,,,,,助手,,踱步,H/P,飛機場 踱步 (助手)
J162,03/08/2025,游水,從化,,從化,,,,,,,,游水,,
J162,02/08/2025,游水,從化,,從化,,,,,,,,游水,,
J162,02/08/2025,踱步,從化,內圈,從化 內圈,,,,,,助手,,快踱一圈,H/P,內圈 快踱一圈 (助手)
J162,01/08/2025,游水,從化,,從化,,,,,,,,游水,,
J162,01/08/2025,踱步,從化,內圈,從化 內圈,,,,,,助手,,快踱一圈,H/P,內圈 快踱一圈 (助手)
J162,31/07/2025,踱步,從化,內圈,從化 內圈,,,,,,助手,,快踱一圈,H/P,內圈 快踱一圈 (助手)
J162,30/07/2025,踱步,從化,飛機場,從化 飛機場,,,,,,助手,,踱步,H,飛機場 踱步 (助手)
J162,29/07/2025,踱步,從化,飛機場,從化 飛機場,,,,,,助手,,踱步,H,飛機場 踱步 (助手)
J162,28/07/2025,踱步,從化,飛機場,從化 飛機場,,,,,,助手,,踱步,H,飛機場 踱步 (助手)
J162,05/07/2025,踱步,從化,飛機場,從化 飛機場,,,,,,助手,,踱步,H,飛機場 踱步 (助手)
J162,03/07/2025,游水,沙田,,沙田,,,,,,,,游水,,
J162,01/07/2025,出賽,沙田,草地,沙田 草地,1600M,,,,,艾道拿,8/14,出賽,PC/TT,1600M (艾道拿) (8/14)
J162,01/07/2025,踱步,沙田,內圈,沙田 內圈,,,,,,助手,,快踱一圈,H,內圈 快踱一圈 (助手)
J162,30/06/2025,游水,沙田,,沙田,,,,,,,,游水,,
J162,30/06/2025,踱步,沙田,內圈,沙田 內圈,,,,,,助手,,倒快一圈,H,內圈 倒快一圈 (助手)
J162,29/06/2025,游水,沙田,,沙田,,,,,,,,游水,,
J162,29/06/2025,快操,沙田,全天候,沙田 全天候,,58.8,58.8,31.6 27.2,,助手,,快操,H,31.6 27.2 (58.8) (助手) (伴跳馬)
J162,29/06/2025,踱步,沙田,飛機場,沙田 飛機場,,,,,,助手,,踱步,H,飛機場 踱步 (助手)
J162,28/06/2025,游水,沙田,,沙田,,,,,,,,游水,,
J162,28/06/2025,踱步,沙田,內圈,沙田 內圈,,,,,,助手,,快踱一圈,H,內圈 快踱一圈 (助手)
J162,27/06/2025,游水,沙田,,沙田,,,,,,,,游水,,
J162,27/06/2025,踱步,沙田,內圈,沙田 內圈,,,,,,助手,,快踱一圈,H,內圈 快踱一圈 (助手)
J162,26/06/2025,游水,沙田,,沙田,,,,,,,,游水,,
J162,26/06/2025,快操,沙田,全天候,沙田 全天候,,57.5,57.5,32.9 24.6,,助手,,快操,H,32.9 24.6 (57.5) (助手) (伴跳馬)
J162,26/06/2025,踱步,沙田,飛機場,沙田 飛機場,,,,,,助手,,踱步,H,飛機場 踱步 (助手)
J162,25/06/2025,游水,沙田,,沙田,,,,,,,,游水,,
J162,25/06/2025,踱步,沙田,內圈,沙田 內圈,,,,,,助手,,快踱一圈,H,內圈 快踱一圈 (助手)
J162,24/06/2025,游水,沙田,,沙田,,,,,,,,游水,,
J162,24/06/2025,踱步,沙田,內圈,沙田 內圈,,,,,,助手,,快踱一圈,H,內圈 快踱一圈 (助手)
J162,23/06/2025,游水,沙田,,沙田,,,,,,,,游水,,
J162,23/06/2025,踱步,沙田,內圈,沙田 內圈,,,,,,助手,,倒快一圈,H,內圈 倒快一圈 (助手)
J162,22/06/2025,游水,沙田,,沙田,,,,,,,,游水,,
J162,22/06/2025,快操,沙田,全天候,沙田 全天候,,57.3,57.3,32.7 24.6,,助手,,快操,H,32.7 24.6 (57.3) (助手) (伴跳馬)
J162,22/06/2025,踱步,沙田,飛機場,沙田 飛機場,,,,,,助手,,踱步,H,飛機場 踱步 (助手)
J162,21/06/2025,游水,從化,,從化,,,,,,,,游水,,
J162,21/06/2025,踱步,從化,內圈,從化 內圈,,,,,,助手,,快踱一圈,H/P,內圈 快踱一圈 (助手)
J162,20/06/2025,游水,從化,,從化,,,,,,,,游水,,
J162,20/06/2025,踱步,從化,內圈,從化 內圈,,,,,,助手,,快踱一圈,H/P,內圈 快踱一圈 (助手)
J162,19/06/2025,游水,從化,,從化,,,,,,,,游水,,
J162,19/06/2025,快操,從化,全天候,從化 全天候,,58.9,58.9,32.7 26.2,,助手,,快操,H/P,32.7 26.2 (58.9) (助手)
J162,19/06/2025,踱步,從化,飛機場,從化 飛機場,,,,,,助手,,踱步,H/P,飛機場 踱步 (助手)
J162,18/06/2025,游水,從化,,從化,,,,,,,,游水,,
J162,18/06/2025,踱步,從化,內圈,從化 內圈,,,,,,助手,,快踱一圈,H/P,內圈 快踱一圈 (助手)
J162,17/06/2025,游水,從化,,從化,,,,,,,,游水,,
J162,17/06/2025,踱步,從化,內圈,從化 內圈,,,,,,助手,,快踱一圈,H/P,內圈 快踱一圈 (助手)
J162,16/06/2025,游水,從化,,從化,,,,,,,,游水,,
J162,16/06/2025,踱步,從化,內圈,從化 內圈,,,,,,助手,,倒快一圈,H/P,內圈 倒快一圈 (助手)
J162,15/06/2025,游水,從化,,從化,,,,,,,,游水,,
J162,15/06/2025,踱步,從化,飛機場,從化 飛機場,,,,,,助手,,踱步,H,飛機場 踱步 (助手)
J162,14/06/2025,游水,從化,,從化,,,,,,,,游水,,
J162,11/06/2025,出賽,跑馬地,草地,跑馬地 草地,1650M,,,,,梁家俊,6/11,出賽,PC/TT,1650M (梁家俊) (6/11)
J162,11/06/2025,踱步,沙田,飛機場,沙田 飛機場,,,,,,助手,,踱步,H,飛機場 踱步 (助手)
J162,10/06/2025,游水,沙田,,沙田,,,,,,,,游水,,
J162,10/06/2025,踱步,沙田,內圈,沙田 內圈,,,,,,助手,,快踱一圈,H,內圈 快踱一圈 (助手)
J162,09/06/2025,游水,沙田,,沙田,,,,,,,,游水,,
J162,09/06/2025,踱步,沙田,內圈,沙田 內圈,,,,,,助手,,倒快一圈,H,內圈 倒快一圈 (助手)
J162,08/06/2025,游水,沙田,,沙田,,,,,,,,游水,,
J162,08/06/2025,快操,沙田,全天候,沙田 全天候,,57.1,57.1,31.6 25.5,,助手,,快操,H,31.6 25.5 (57.1) (助手) (伴跳馬)
J162,07/06/2025,游水,從化,,從化,,,,,,,,游水,,
J162,07/06/2025,踱步,從化,內圈,從化 內圈,,,,,,助手,,快踱一圈,H/P,內圈 快踱一圈 (助手)
J162,06/06/2025,游水,從化,,從化,,,,,,,,游水,,
J162,06/06/2025,踱步,從化,內圈,從化 內圈,,,,,,助手,,快踱一圈,H/P,內圈 快踱一圈 (助手)
J162,05/06/2025,游水,從化,,從化,,,,,,,,游水,,
J162,05/06/2025,快操,從化,全天候,從化 全天候,,59.6,59.6,31.3 28.3,,助手,,無敵精英,H/P,31.3 28.3 (59.6) (助手) 無敵精英
J162,05/06/2025,踱步,從化,飛機場,從化 飛機場,,,,,,助手,,踱步,H/P,飛機場 踱步 (助手)
J162,04/06/2025,游水,從化,,從化,,,,,,,,游水,,
J162,04/06/2025,踱步,從化,內圈,從化 內圈,,,,,,助手,,快踱一圈,H/P,內圈 快踱一圈 (助手)
J162,03/06/2025,游水,從化,,從化,,,,,,,,游水,,
J162,03/06/2025,踱步,從化,內圈,從化 內圈,,,,,,助手,,快踱一圈,H/P,內圈 快踱一圈 (助手)
J162,02/06/2025,游水,從化,,從化,,,,,,,,游水,,
J162,02/06/2025,快操,從化,全天候,從化 全天候,,57.0,57.0,32.1 24.9,,助手,,快操,H/P,32.1 24.9 (57.0) (助手)
J162,02/06/2025,踱步,從化,飛機場,從化 飛機場,,,,,,助手,,踱步,H/P,飛機場 踱步 (助手)
J162,01/06/2025,游水,從化,,從化,,,,,,,,游水,,
J162,31/05/2025,游水,從化,,從化,,,,,,,,游水,,
J162,31/05/2025,踱步,從化,內圈,從化 內圈,,,,,,助手,,快踱一圈,H/P,內圈 快踱一圈 (助手)
J162,30/05/2025,游水,從化,,從化,,,,,,,,游水,,
J162,30/05/2025,踱步,從化,內圈,從化 內圈,,,,,,助手,,快踱一圈,H/P,內圈 快踱一圈 (助手)
J162,29/05/2025,游水,從化,,從化,,,,,,,,游水,,
J162,29/05/2025,快操,從化,全天候,從化 全天候,,59.4,59.4,32.2 27.2,,助手,,無敵精英,H/P,32.2 27.2 (59.4) (助手) 無敵精英
J162,29/05/2025,踱步,從化,飛機場,從化 飛機場,,,,,,助手,,踱步,H/P,飛機場 踱步 (助手)
J162,28/05/2025,游水,從化,,從化,,,,,,,,游水,,
J162,28/05/2025,踱步,從化,內圈,從化 內圈,,,,,,助手,,快踱一圈,H/P,內圈 快踱一圈 (助手)
J162,27/05/2025,游水,從化,,從化,,,,,,,,游水,,
J162,27/05/2025,踱步,從化,內圈,從化 內圈,,,,,,助手,,快踱一圈,H/P,內圈 快踱一圈 (助手)
J162,26/05/2025,游水,從化,,從化,,,,,,,,游水,,
J162,26/05/2025,踱步,從化,內圈,從化 內圈,,,,,,助手,,倒快一圈,H/P,內圈 倒快一圈 (助手)
J162,25/05/2025,游水,從化,,從化,,,,,,,,游水,,
J162,25/05/2025,踱步,從化,飛機場,從化 飛機場,,,,,,助手,,踱步,H,飛機場 踱步 (助手)
J162,24/05/2025,游水,從化,,從化,,,,,,,,游水,,
J162,21/05/2025,出賽,跑馬地,草地,跑馬地 草地,1650M,,,,,梁家俊,2/12,出賽,PC/TT,1650M (梁家俊) (2/12)
J162,21/05/2025,踱步,沙田,飛機場,沙田 飛機場,,,,,,助手,,踱步,H,飛機場 踱步 (助手)
J162,20/05/2025,游水,沙田,,沙田,,,,,,,,游水,,
J162,19/05/2025,游水,沙田,,沙田,,,,,,,,游水,,
J162,19/05/2025,踱步,沙田,內圈,沙田 內圈,,,,,,助手,,倒快一圈,H,內圈 倒快一圈 (助手)
J162,18/05/2025,游水,沙田,,沙田,,,,,,,,游水,,
J162,18/05/2025,快操,沙田,全天候,沙田 全天候,,57.4,57.4,31.8 25.6,,助手,,同滿滿,H,31.8 25.6 (57.4) (助手) 同滿滿
J162,18/05/2025,踱步,沙田,飛機場,沙田 飛機場,,,,,,助手,,踱步,H,飛機場 踱步 (助手)
J162,17/05/2025,游水,從化,,從化,,,,,,,,游水,,
J162,17/05/2025,踱步,從化,內圈,從化 內圈,,,,,,助手,,快踱一圈,H/P,內圈 快踱一圈 (助手)
J162,16/05/2025,游水,從化,,從化,,,,,,,,游水,,
J162,16/05/2025,踱步,從化,內圈,從化 內圈,,,,,,助手,,快踱一圈,H/P,內圈 快踱一圈 (助手)
J162,15/05/2025,游水,從化,,從化,,,,,,,,游水,,
J162,15/05/2025,快操,從化,草地,從化 草地,,58.7,58.7,33.0 25.7,,助手,,快操,H/P,33.0 25.7 (58.7) (助手)
J162,15/05/2025,踱步,從化,飛機場,從化 飛機場,,,,,,助手,,踱步,H/P,飛機場 踱步 (助手)
J162,14/05/2025,游水,從化,,從化,,,,,,,,游水,,
J162,14/05/2025,踱步,從化,內圈,從化 內圈,,,,,,助手,,快踱一圈,H/P,內圈 快踱一圈 (助手)
J162,13/05/2025,游水,從化,,從化,,,,,,,,游水,,
J162,13/05/2025,踱步,從化,內圈,從化 內圈,,,,,,助手,,快踱一圈,H,內圈 快踱一圈 (助手)
J162,12/05/2025,游水,從化,,從化,,,,,,,,游水,,
J162,12/05/2025,快操,從化,全天候,從化 全天候,,57.4,57.4,32.6 24.8,,助手,,同滿滿,H/P,32.6 24.8 (57.4) (助手) 同滿滿
J162,12/05/2025,踱步,從化,飛機場,從化 飛機場,,,,,,助手,,踱步,H/P,飛機場 踱步 (助手)
J162,11/05/2025,游水,從化,,從化,,,,,,,,游水,,
J162,10/05/2025,游水,從化,,從化,,,,,,,,游水,,
J162,10/05/2025,踱步,從化,內圈,從化 內圈,,,,,,助手,,快踱一圈,H/P,內圈 快踱一圈 (助手)
J162,09/05/2025,游水,從化,,從化,,,,,,,,游水,,
J162,09/05/2025,踱步,從化,內圈,從化 內圈,,,,,,助手,,快踱一圈,H/P,內圈 快踱一圈 (助手)
J162,08/05/2025,游水,從化,,從化,,,,,,,,游水,,
J162,08/05/2025,快操,從化,全天候,從化 全天候,,58.1,58.1,31.3 26.8,,助手,,快操,H/P,31.3 26.8 (58.1) (助手)
J162,08/05/2025,踱步,從化,飛機場,從化 飛機場,,,,,,助手,,踱步,H/P,飛機場 踱步 (助手)
J162,07/05/2025,游水,從化,,從化,,,,,,,,游水,,
J162,07/05/2025,踱步,從化,內圈,從化 內圈,,,,,,助手,,快踱一圈,H/P,內圈 快踱一圈 (助手)
J162,06/05/2025,游水,從化,,從化,,,,,,,,游水,,
J162,06/05/2025,踱步,從化,內圈,從化 內圈,,,,,,助手,,快踱一圈,H/P,內圈 快踱一圈 (助手)
J162,05/05/2025,踱步,沙田,內圈,沙田 內圈,,,,,,助手,,倒快一圈,H,內圈 倒快一圈 (助手)
J162,04/05/2025,游水,沙田,,沙田,,,,,,,,游水,,
J162,03/05/2025,游水,沙田,,沙田,,,,,,,,游水,,
J162,02/05/2025,游水,沙田,,沙田,,,,,,,,游水,,
J162,30/04/2025,出賽,跑馬地,草地,跑馬地 草地,1800M,,,,,梁家俊,4/12,出賽,PC/TT,1800M (梁家俊) (4/12)
J162,30/04/2025,踱步,沙田,飛機場,沙田 飛機場,,,,,,助手,,踱步,H,飛機場 踱步 (助手)
J162,29/04/2025,游水,沙田,,沙田,,,,,,,,游水,,
J162,29/04/2025,踱步,沙田,內圈,沙田 內圈,,,,,,助手,,快踱一圈,H,內圈 快踱一圈 (助手)
J162,28/04/2025,游水,沙田,,沙田,,,,,,,,游水,,
J162,28/04/2025,踱步,沙田,內圈,沙田 內圈,,,,,,助手,,倒快一圈,H,內圈 倒快一圈 (助手)
J162,27/04/2025,游水,沙田,,沙田,,,,,,,,游水,,
J162,27/04/2025,快操,沙田,全天候,沙田 全天候,,58.2,58.2,32.0 26.2,,助手,,無敵精英,H,32.0 26.2 (58.2) (助手) 無敵精英
J162,27/04/2025,踱步,沙田,飛機場,沙田 飛機場,,,,,,助手,,踱步,H,飛機場 踱步 (助手)
J162,26/04/2025,游水,從化,,從化,,,,,,,,游水,,
J162,26/04/2025,踱步,從化,內圈,從化 內圈,,,,,,助手,,快踱一圈,H/P,內圈 快踱一圈 (助手)
J162,25/04/2025,游水,從化,,從化,,,,,,,,游水,,
J162,25/04/2025,踱步,從化,內圈,從化 內圈,,,,,,助手,,快踱一圈,H/P,內圈 快踱一圈 (助手)
J162,24/04/2025,游水,從化,,從化,,,,,,,,游水,,
J162,24/04/2025,快操,從化,全天候,從化 全天候,,56.9,56.9,31.1 25.8,,助手,,快操,H/P,31.1 25.8 (56.9) (助手)
J162,24/04/2025,踱步,從化,飛機場,從化 飛機場,,,,,,助手,,踱步,H/P,飛機場 踱步 (助手)
J162,23/04/2025,游水,從化,,從化,,,,,,,,游水,,
J162,23/04/2025,踱步,從化,內圈,從化 內圈,,,,,,助手,,快踱一圈,H/P,內圈 快踱一圈 (助手)
J162,22/04/2025,游水,從化,,從化,,,,,,,,游水,,
J162,22/04/2025,踱步,從化,內圈,從化 內圈,,,,,,助手,,快踱一圈,H/P,內圈 快踱一圈 (助手)
J162,21/04/2025,游水,從化,,從化,,,,,,,,游水,,
J162,21/04/2025,踱步,從化,內圈,從化 內圈,,,,,,助手,,倒快一圈,H/P,內圈 倒快一圈 (助手)
J162,20/04/2025,游水,從化,,從化,,,,,,,,游水,,
J162,20/04/2025,踱步,從化,飛機場,從化 飛機場,,,,,,助手,,踱步,H,飛機場 踱步 (助手)
J162,19/04/2025,游水,從化,,從化,,,,,,,,游水,,
J162,16/04/2025,出賽,跑馬地,草地,跑馬地 草地,1650M,,,,,梁家俊,3/12,出賽,PC/TT,1650M (梁家俊) (3/12)
J162,16/04/2025,踱步,沙田,飛機場,沙田 飛機場,,,,,,助手,,踱步,H,飛機場 踱步 (助手)
J162,15/04/2025,游水,沙田,,沙田,,,,,,,,游水,,
J162,15/04/2025,踱步,沙田,內圈,沙田 內圈,,,,,,助手,,快踱一圈,H,內圈 快踱一圈 (助手)
J162,14/04/2025,游水,沙田,,沙田,,,,,,,,游水,,
J162,14/04/2025,踱步,沙田,內圈,沙田 內圈,,,,,,助手,,倒快一圈,H,內圈 倒快一圈 (助手)
J162,13/04/2025,游水,沙田,,沙田,,,,,,,,游水,,
J162,13/04/2025,快操,沙田,全天候,沙田 全天候,,57.3,57.3,31.5 25.8,,助手,,同滿滿,H,31.5 25.8 (57.3) (助手) 同滿滿
J162,13/04/2025,踱步,沙田,飛機場,沙田 飛機場,,,,,,助手,,踱步,H,飛機場 踱步 (助手)
J162,12/04/2025,游水,從化,,從化,,,,,,,,游水,,
J162,12/04/2025,踱步,從化,內圈,從化 內圈,,,,,,助手,,快踱一圈,H/P,內圈 快踱一圈 (助手)
J162,11/04/2025,游水,從化,,從化,,,,,,,,游水,,
J162,11/04/2025,踱步,從化,內圈,從化 內圈,,,,,,助手,,快踱一圈,H/P,內圈 快踱一圈 (助手)
J162,10/04/2025,游水,從化,,從化,,,,,,,,游水,,
J162,10/04/2025,快操,從化,全天候,從化 全天候,,57.7,57.7,31.8 25.9,,助手,,快操,H/P,31.8 25.9 (57.7) (助手)
J162,10/04/2025,踱步,從化,飛機場,從化 飛機場,,,,,,助手,,踱步,H/P,飛機場 踱步 (助手)
J162,09/04/2025,游水,從化,,從化,,,,,,,,游水,,
J162,09/04/2025,踱步,從化,內圈,從化 內圈,,,,,,助手,,快踱一圈,H/P,內圈 快踱一圈 (助手)
J162,08/04/2025,游水,從化,,從化,,,,,,,,游水,,
J162,08/04/2025,踱步,從化,內圈,從化 內圈,,,,,,助手,,快踱一圈,H/P,內圈 快踱一圈 (助手)
J162,07/04/2025,游水,從化,,從化,,,,,,,,游水,,
J162,07/04/2025,踱步,從化,內圈,從化 內圈,,,,,,助手,,倒快一圈,H/P,內圈 倒快一圈 (助手)
J162,06/04/2025,踱步,沙田,飛機場,沙田 飛機場,,,,,,助手,,踱步,H,飛機場 踱步 (助手)
J162,05/04/2025,游水,沙田,,沙田,,,,,,,,游水,,
J162,04/04/2025,游水,沙田,,沙田,,,,,,,,游水,,
J162,02/04/2025,出賽,跑馬地,草地,跑馬地 草地,1650M,,,,,梁家俊,2/12,出賽,PC/TT,1650M (梁家俊) (2/12)
J162,02/04/2025,踱步,沙田,內圈,沙田 內圈,,,,,,助手,,快踱一圈,H,內圈 快踱一圈 (助手)
J162,01/04/2025,游水,沙田,,沙田,,,,,,,,游水,,
J162,01/04/2025,踱步,沙田,內圈,沙田 內圈,,,,,,助手,,快踱一圈,H,內圈 快踱一圈 (助手)
J162,31/03/2025,游水,沙田,,沙田,,,,,,,,游水,,
J162,31/03/2025,踱步,沙田,內圈,沙田 內圈,,,,,,助手,,倒快一圈,H,內圈 倒快一圈 (助手)
J162,30/03/2025,游水,沙田,,沙田,,,,,,,,游水,,
J162,30/03/2025,快操,沙田,全天候,沙田 全天候,,57.1,57.1,31.7 25.4,,助手,,同滿滿,H,31.7 25.4 (57.1) (助手) 同滿滿
J162,30/03/2025,踱步,沙田,飛機場,沙田 飛機場,,,,,,助手,,踱步,H,飛機場 踱步 (助手)
J162,29/03/2025,踱步,從化,內圈,從化 內圈,,,,,,助手,,快踱一圈,H/P,內圈 快踱一圈 (助手)
J162,28/03/2025,游水,從化,,從化,,,,,,,,游水,,
J162,28/03/2025,踱步,從化,內圈,從化 內圈,,,,,,助手,,快踱一圈,H/P,內圈 快踱一圈 (助手)
J162,27/03/2025,游水,從化,,從化,,,,,,,,游水,,
J162,27/03/2025,快操,從化,全天候,從化 全天候,,59.0,59.0,32.1 26.9,,助手,,快操,H/P,32.1 26.9 (59.0) (助手)
J162,27/03/2025,踱步,從化,飛機場,從化 飛機場,,,,,,助手,,踱步,H/P,飛機場 踱步 (助手)
J162,26/03/2025,游水,從化,,從化,,,,,,,,游水,,
J162,26/03/2025,踱步,從化,內圈,從化 內圈,,,,,,助手,,快踱一圈,H/P,內圈 快踱一圈 (助手)
J162,25/03/2025,游水,從化,,從化,,,,,,,,游水,,
J162,25/03/2025,踱步,從化,內圈,從化 內圈,,,,,,助手,,快踱一圈,H/P,內圈 快踱一圈 (助手)
J162,24/03/2025,游水,從化,,從化,,,,,,,,游水,,
J162,24/03/2025,快操,從化,全天候,從化 全天候,,57.9,57.9,31.9 26.0,,助手,,快操,H/P,31.9 26.0 (57.9) (助手)
J162,24/03/2025,踱步,從化,飛機場,從化 飛機場,,,,,,助手,,踱步,H/P,飛機場 踱步 (助手)
J162,23/03/2025,游水,從化,,從化,,,,,,,,游水,,
J162,22/03/2025,游水,從化,,從化,,,,,,,,游水,,
J162,22/03/2025,踱步,從化,內圈,從化 內圈,,,,,,助手,,快踱一圈,H/P,內圈 快踱一圈 (助手)
J162,21/03/2025,游水,從化,,從化,,,,,,,,游水,,
J162,21/03/2025,踱步,從化,內圈,從化 內圈,,,,,,助手,,快踱一圈,H/P,內圈 快踱一圈 (助手)
J162,20/03/2025,游水,從化,,從化,,,,,,,,游水,,
J162,20/03/2025,踱步,從化,內圈,從化 內圈,,,,,,助手,,倒快一圈,H/P,內圈 倒快一圈 (助手)
J162,19/03/2025,游水,從化,,從化,,,,,,,,游水,,
J162,19/03/2025,踱步,從化,飛機場,從化 飛機場,,,,,,助手,,踱步,H,飛機場 踱步 (助手)
J162,18/03/2025,游水,從化,,從化,,,,,,,,游水,,
J162,15/03/2025,出賽,沙田,草地,沙田 草地,1600M,,,,,艾道拿,1/14,出賽,PC/TT,1600M (艾道拿) (1/14)
J162,15/03/2025,踱步,沙田,飛機場,沙田 飛機場,,,,,,助手,,踱步,H,飛機場 踱步 (助手)
J162,14/03/2025,游水,沙田,,沙田,,,,,,,,游水,,
J162,14/03/2025,踱步,沙田,內圈,沙田 內圈,,,,,,助手,,快踱一圈,H,內圈 快踱一圈 (助手)
J162,13/03/2025,游水,從化,,從化,,,,,,,,游水,,
J162,13/03/2025,踱步,從化,內圈,從化 內圈,,,,,,助手,,倒快一圈,H/P,內圈 倒快一圈 (助手)
J162,12/03/2025,游水,從化,,從化,,,,,,,,游水,,
J162,12/03/2025,快操,從化,全天候,從化 全天候,,58.3,58.3,31.8 26.5,,助手,,快操,H/P,31.8 26.5 (58.3) (助手)
J162,12/03/2025,踱步,從化,飛機場,從化 飛機場,,,,,,助手,,踱步,H/P,飛機場 踱步 (助手)
J162,11/03/2025,游水,從化,,從化,,,,,,,,游水,,
J162,11/03/2025,踱步,從化,內圈,從化 內圈,,,,,,助手,,快踱一圈,H/P,內圈 快踱一圈 (助手)
J162,10/03/2025,游水,從化,,從化,,,,,,,,游水,,
J162,10/03/2025,踱步,從化,內圈,從化 內圈,,,,,,助手,,倒快一圈,H/P,內圈 倒快一圈 (助手)
J162,09/03/2025,游水,從化,,從化,,,,,,,,游水,,
J162,09/03/2025,踱步,從化,內圈,從化 內圈,,,,,,助手,,快踱一圈,H/P,內圈 快踱一圈 (助手)
J162,08/03/2025,游水,從化,,從化,,,,,,,,游水,,
J162,07/03/2025,試閘,從化,草地,從化 草地,1200M,1.11.11,71.11,24.9 21.6 24.6,神駒馬靈,巫顯東,,第10組,PC,第10組 (巫顯東) 1200M 神駒馬靈 24.9 21.6 24.6 (1.11.11)
J162,07/03/2025,踱步,從化,飛機場,從化 飛機場,,,,,,助手,,踱步,PC,飛機場 踱步 (助手)
J162,06/03/2025,游水,從化,,從化,,,,,,,,游水,,
J162,06/03/2025,踱步,從化,內圈,從化 內圈,,,,,,助手,,倒快一圈,H/P,內圈 倒快一圈 (助手)
J162,05/03/2025,游水,從化,,從化,,,,,,,,游水,,
J162,05/03/2025,踱步,從化,內圈,從化 內圈,,,,,,助手,,快踱一圈,H/P,內圈 快踱一圈 (助手)
J162,04/03/2025,游水,從化,,從化,,,,,,,,游水,,
J162,04/03/2025,踱步,從化,內圈,從化 內圈,,,,,,助手,,快踱一圈,H/P,內圈 快踱一圈 (助手)
J162,03/03/2025,游水,從化,,從化,,,,,,,,游水,,
J162,03/03/2025,快操,從化,全天候,從化 全天候,,58.4,58.4,31.6 26.8,,助手,,快操,H/P,31.6 26.8 (58.4) (助手)
J162,03/03/2025,踱步,從化,飛機場,從化 飛機場,,,,,,助手,,踱步,H/P,飛機場 踱步 (助手)
J162,02/03/2025,游水,從化,,從化,,,,,,,,游水,,
J162,01/03/2025,游水,從化,,從化,,,,,,,,游水,,
J162,01/03/2025,踱步,從化,內圈,從化 內圈,,,,,,助手,,快踱一圈,H/P,內圈 快踱一圈 (助手)
J162,28/02/2025,游水,從化,,從化,,,,,,,,游水,,
J162,28/02/2025,踱步,從化,內圈,從化 內圈,,,,,,助手,,快踱一圈,H/P,內圈 快踱一圈 (助手)
J162,27/02/2025,游水,從化,,從化,,,,,,,,游水,,
J162,27/02/2025,快操,從化,全天候,從化 全天候,,57.2,57.2,30.2 27.0,,助手,,快操,H/P,30.2 27.0 (57.2) (助手)
J162,27/02/2025,踱步,從化,飛機場,從化 飛機場,,,,,,助手,,踱步,H/P,飛機場 踱步 (助手)
J162,26/02/2025,游水,從化,,從化,,,,,,,,游水,,
J162,26/02/2025,踱步,從化,內圈,從化 內圈,,,,,,助手,,快踱一圈,H/P,內圈 快踱一圈 (助手)
J162,25/02/2025,游水,從化,,從化,,,,,,,,游水,,
J162,25/02/2025,踱步,從化,內圈,從化 內圈,,,,,,助手,,快踱一圈,H/P,內圈 快踱一圈 (助手)
J162,24/02/2025,游水,從化,,從化,,,,,,,,游水,,
J162,24/02/2025,快操,從化,全天候,從化 全天候,,57.2,57.2,31.8 25.4,,助手,,快操,H/P,31.8 25.4 (57.2) (助手)
J162,24/02/2025,踱步,從化,飛機場,從化 飛機場,,,,,,助手,,踱步,H/P,飛機場 踱步 (助手)
J162,23/02/2025,游水,從化,,從化,,,,,,,,游水,,
J162,22/02/2025,游水,從化,,從化,,,,,,,,游水,,
J162,22/02/2025,踱步,從化,內圈,從化 內圈,,,,,,助手,,快踱一圈,H/P,內圈 快踱一圈 (助手)
J162,21/02/2025,游水,從化,,從化,,,,,,,,游水,,
J162,21/02/2025,踱步,從化,內圈,從化 內圈,,,,,,助手,,快踱一圈,H/P,內圈 快踱一圈 (助手)
J162,20/02/2025,游水,從化,,從化,,,,,,,,游水,,
J162,20/02/2025,踱步,從化,飛機場,從化 飛機場,,,,,,助手,,踱步,H,飛機場 踱步 (助手)
J162,18/02/2025,游水,沙田,,沙田,,,,,,,,游水,,
J162,16/02/2025,出賽,沙田,草地,沙田 草地,1800M,,,,,潘明輝,10/14,出賽,PC/TT,1800M (潘明輝) (10/14)
J162,16/02/2025,踱步,沙田,飛機場,沙田 飛機場,,,,,,助手,,踱步,H,飛機場 踱步 (助手)
J162,15/02/2025,踱步,沙田,內圈,沙田 內圈,,,,,,助手,,快踱一圈,H,內圈 快踱一圈 (助手)
J162,14/02/2025,游水,沙田,,沙田,,,,,,,,游水,,
J162,14/02/2025,踱步,沙田,內圈,沙田 內圈,,,,,,助手,,快踱一圈,H,內圈 快踱一圈 (助手)
J162,13/02/2025,游水,從化,,從化,,,,,,,,游水,,
J162,13/02/2025,快操,從化,全天候,從化 全天候,,56.8,56.8,31.3 25.5,,助手,,快操,H/P,31.3 25.5 (56.8) (助手)
J162,13/02/2025,踱步,從化,飛機場,從化 飛機場,,,,,,助手,,踱步,H/P,飛機場 踱步 (助手)
J162,12/02/2025,游水,從化,,從化,,,,,,,,游水,,
J162,12/02/2025,踱步,從化,內圈,從化 內圈,,,,,,助手,,快踱一圈,H/P,內圈 快踱一圈 (助手)
J162,11/02/2025,游水,從化,,從化,,,,,,,,游水,,
J162,11/02/2025,踱步,從化,內圈,從化 內圈,,,,,,助手,,快踱一圈,H/P,內圈 快踱一圈 (助手)
J162,10/02/2025,游水,從化,,從化,,,,,,,,游水,,
J162,10/02/2025,踱步,從化,內圈,從化 內圈,,,,,,助手,,倒快一圈,H/P,內圈 倒快一圈 (助手)
J162,09/02/2025,游水,從化,,從化,,,,,,,,游水,,
J162,08/02/2025,游水,從化,,從化,,,,,,,,游水,,
J162,08/02/2025,踱步,從化,內圈,從化 內圈,,,,,,助手,,快踱一圈,H/P,內圈 快踱一圈 (助手)
J162,07/02/2025,游水,從化,,從化,,,,,,,,游水,,
J162,06/02/2025,試閘,從化,全天候,從化 全天候,1200M,1.11.75,71.75,26.1 23.0 22.6,天火同德,哥拉利,,第5組,PC,第5組 (哥拉利) 1200M 天火同德 26.1 23.0 22.6 (1.11.75)
J162,06/02/2025,踱步,從化,飛機場,從化 飛機場,,,,,,助手,,踱步,PC,飛機場 踱步 (助手)
J162,05/02/2025,游水,從化,,從化,,,,,,,,游水,,
J162,05/02/2025,踱步,從化,內圈,從化 內圈,,,,,,助手,,快踱一圈,H/P,內圈 快踱一圈 (助手)
J162,04/02/2025,游水,從化,,從化,,,,,,,,游水,,
J162,04/02/2025,踱步,從化,內圈,從化 內圈,,,,,,助手,,快踱一圈,H/P,內圈 快踱一圈 (助手)
J162,03/02/2025,游水,從化,,從化,,,,,,,,游水,,
J162,03/02/2025,快操,從化,全天候,從化 全天候,,58.1,58.1,31.4 26.7,,助手,,爆熱,H/P,31.4 26.7 (58.1) (助手) 爆熱
J162,03/02/2025,踱步,從化,飛機場,從化 飛機場,,,,,,助手,,踱步,H/P,飛機場 踱步 (助手)
J162,01/02/2025,游水,沙田,,沙田,,,,,,,,游水,,
J162,01/02/2025,踱步,沙田,內圈,沙田 內圈,,,,,,助手,,快踱一圈,H,內圈 快踱一圈 (助手)
J162,31/01/2025,游水,沙田,,沙田,,,,,,,,游水,,
J162,31/01/2025,踱步,沙田,內圈,沙田 內圈,,,,,,助手,,快踱一圈,H,內圈 快踱一圈 (助手)
J162,30/01/2025,游水,沙田,,沙田,,,,,,,,游水,,
J162,30/01/2025,踱步,沙田,飛機場,沙田 飛機場,,,,,,助手,,踱步,PH,飛機場 踱步 (助手)
J162,28/01/2025,游水,沙田,,沙田,,,,,,,,游水,,
J162,26/01/2025,出賽,沙田,草地,沙田 草地,2000M,,,,,班德禮,4/14,出賽,PC1/TT,2000M (班德禮) (4/14)
J162,26/01/2025,踱步,沙田,飛機場,沙田 飛機場,,,,,,助手,,踱步,H,飛機場 踱步 (助手)
J162,25/01/2025,游水,沙田,,沙田,,,,,,,,游水,,
J162,25/01/2025,踱步,沙田,內圈,沙田 內圈,,,,,,助手,,快踱一圈,H,內圈 快踱一圈 (助手)
J162,24/01/2025,游水,沙田,,沙田,,,,,,,,游水,,
J162,24/01/2025,踱步,沙田,內圈,沙田 內圈,,,,,,助手,,快踱一圈,H,內圈 快踱一圈 (助手)
J162,23/01/2025,游水,從化,,從化,,,,,,,,游水,,
J162,23/01/2025,快操,從化,全天候,從化 全天候,,58.0,58.0,32.9 25.1,,助手,,皇仁福星,H/P,32.9 25.1 (58.0) (助手) 皇仁福星
J162,23/01/2025,踱步,從化,飛機場,從化 飛機場,,,,,,助手,,踱步,H/P,飛機場 踱步 (助手)
J162,22/01/2025,游水,從化,,從化,,,,,,,,游水,,
J162,22/01/2025,踱步,從化,內圈,從化 內圈,,,,,,助手,,快踱一圈,H/P,內圈 快踱一圈 (助手)
J162,21/01/2025,游水,從化,,從化,,,,,,,,游水,,
J162,21/01/2025,踱步,從化,內圈,從化 內圈,,,,,,助手,,快踱一圈,H/P,內圈 快踱一圈 (助手)
J162,20/01/2025,游水,從化,,從化,,,,,,,,游水,,
J162,20/01/2025,踱步,從化,內圈,從化 內圈,,,,,,助手,,倒快一圈,H/P,內圈 倒快一圈 (助手)
J162,19/01/2025,游水,從化,,從化,,,,,,,,游水,,
J162,18/01/2025,游水,從化,,從化,,,,,,,,游水,,
J162,18/01/2025,踱步,從化,內圈,從化 內圈,,,,,,助手,,快踱一圈,H/P,內圈 快踱一圈 (助手)
J162,17/01/2025,游水,從化,,從化,,,,,,,,游水,,
J162,16/01/2025,試閘,從化,全天候,從化 全天候,1200M,1.10.95,70.95,25.1 22.6 23.2,首駿,慕達薩,,第3組,PC,第3組 (慕達薩) 1200M 首駿 25.1 22.6 23.2 (1.10.95)
J162,16/01/2025,踱步,從化,飛機場,從化 飛機場,,,,,,助手,,踱步,PC,飛機場 踱步 (助手)
J162,15/01/2025,游水,從化,,從化,,,,,,,,游水,,
J162,15/01/2025,踱步,從化,內圈,從化 內圈,,,,,,助手,,快踱一圈,H/P,內圈 快踱一圈 (助手)
J162,14/01/2025,游水,從化,,從化,,,,,,,,游水,,
J162,14/01/2025,踱步,從化,內圈,從化 內圈,,,,,,助手,,快踱一圈,H/P,內圈 快踱一圈 (助手)
J162,13/01/2025,游水,從化,,從化,,,,,,,,游水,,
J162,13/01/2025,快操,從化,全天候,從化 全天候,,58.9,58.9,31.6 27.3,,助手,,絲路之光,H/P,31.6 27.3 (58.9) (助手) 絲路之光
J162,13/01/2025,踱步,從化,飛機場,從化 飛機場,,,,,,助手,,踱步,H/P,飛機場 踱步 (助手)
J162,12/01/2025,游水,從化,,從化,,,,,,,,游水,,
J162,11/01/2025,游水,從化,,從化,,,,,,,,游水,,
J162,11/01/2025,踱步,從化,內圈,從化 內圈,,,,,,助手,,快踱一圈,H/P,內圈 快踱一圈 (助手)
J162,10/01/2025,游水,從化,,從化,,,,,,,,游水,,
J162,10/01/2025,踱步,從化,內圈,從化 內圈,,,,,,助手,,快踱一圈,H/P,內圈 快踱一圈 (助手)
J162,09/01/2025,游水,從化,,從化,,,,,,,,游水,,
J162,09/01/2025,踱步,從化,內圈,從化 內圈,,,,,,助手,,倒快一圈,H/P,內圈 倒快一圈 (助手)
J162,08/01/2025,游水,從化,,從化,,,,,,,,游水,,
J162,08/01/2025,踱步,從化,內圈,從化 內圈,,,,,,助手,,快踱一圈,H/P,內圈 快踱一圈 (助手)
J162,07/01/2025,游水,從化,,從化,,,,,,,,游水,,
J162,06/01/2025,試閘,從化,草地,從化 草地,1600M,1.36.70,96.7,25.3 22.9 24.1 24.4,神駒馬靈,周俊樂,,第6組,PC,第6組 (周俊樂) 1600M 神駒馬靈 25.3 22.9 24.1 24.4 (1.36.70)
J162,06/01/2025,踱步,從化,飛機場,從化 飛機場,,,,,,助手,,踱步,PC,飛機場 踱步 (助手)
J162,05/01/2025,游水,從化,,從化,,,,,,,,游水,,
J162,04/01/2025,游水,從化,,從化,,,,,,,,游水,,
J162,04/01/2025,踱步,從化,內圈,從化 內圈,,,,,,助手,,快踱一圈,H/P,內圈 快踱一圈 (助手)
J162,03/01/2025,游水,從化,,從化,,,,,,,,游水,,
J162,03/01/2025,踱步,從化,內圈,從化 內圈,,,,,,助手,,快踱一圈,H/P,內圈 快踱一圈 (助手)
J162,02/01/2025,游水,從化,,從化,,,,,,,,游水,,
J162,02/01/2025,快操,從化,全天候,從化 全天候,,57.2,57.2,31.0 26.2,,助手,,絲路之光,H/P,31.0 26.2 (57.2) (助手) 絲路之光
J162,02/01/2025,踱步,從化,飛機場,從化 飛機場,,,,,,助手,,踱步,H/P,飛機場 踱步 (助手)
J162,01/01/2025,游水,從化,,從化,,,,,,,,游水,,
J162,01/01/2025,踱步,從化,內圈,從化 內圈,,,,,,助手,,快踱一圈,H,內圈 快踱一圈 (助手)
J162,31/12/2024,游水,從化,,從化,,,,,,,,游水,,
J162,31/12/2024,踱步,從化,內圈,從化 內圈,,,,,,助手,,快踱一圈,H/P,內圈 快踱一圈 (助手)
J162,30/12/2024,游水,從化,,從化,,,,,,,,游水,,
J162,30/12/2024,快操,從化,全天候,從化 全天候,,54.5,54.5,29.1 25.4,,助手,,快操,H/P,29.1 25.4 (54.5) (助手)
J162,30/12/2024,踱步,從化,飛機場,從化 飛機場,,,,,,助手,,踱步,H/P,飛機場 踱步 (助手)
J162,29/12/2024,游水,從化,,從化,,,,,,,,游水,,
J162,28/12/2024,游水,從化,,從化,,,,,,,,游水,,
J162,28/12/2024,踱步,從化,內圈,從化 內圈,,,,,,助手,,快踱一圈,H/P,內圈 快踱一圈 (助手)
J162,27/12/2024,游水,從化,,從化,,,,,,,,游水,,
J162,27/12/2024,踱步,從化,內圈,從化 內圈,,,,,,助手,,快踱一圈,H,內圈 快踱一圈 (助手)
J162,26/12/2024,游水,從化,,從化,,,,,,,,游水,,
J162,26/12/2024,踱步,從化,飛機場,從化 飛機場,,,,,,助手,,踱步,H,飛機場 踱步 (助手)
J162,24/12/2024,游水,沙田,,沙田,,,,,,,,游水,,
J162,22/12/2024,出賽,沙田,草地,沙田 草地,2000M,,,,,班德禮,2/13,出賽,TT,2000M (班德禮) (2/13)
J162,22/12/2024,踱步,沙田,飛機場,沙田 飛機場,,,,,,助手,,踱步,H,飛機場 踱步 (助手)
J162,21/12/2024,踱步,沙田,飛機場,沙田 飛機場,,,,,,助手,,踱步,H,飛機場 踱步 (助手)
J162,20/12/2024,游水,沙田,,沙田,,,,,,,,游水,,
J162,18/12/2024,出賽,沙田,全天候,沙田 全天候,1800M,,,,,麥道朗,6/11,出賽,TT,1800M (麥道朗) (6/11)
J162,18/12/2024,踱步,沙田,內圈,沙田 內圈,,,,,,助手,,快踱一圈,H,內圈 快踱一圈 (助手)
J162,17/12/2024,踱步,沙田,內圈,沙田 內圈,,,,,,助手,,快踱一圈,H,內圈 快踱一圈 (助手)
J162,16/12/2024,游水,沙田,,沙田,,,,,,,,游水,,
J162,16/12/2024,踱步,沙田,內圈,沙田 內圈,,,,,,助手,,倒快一圈,H,內圈 倒快一圈 (助手)
J162,15/12/2024,游水,沙田,,沙田,,,,,,,,游水,,
J162,15/12/2024,快操,沙田,全天候,沙田 全天候,,58.7,58.7,31.6 27.1,,助手,,真好運,H,31.6 27.1 (58.7) (助手) 真好運
J162,14/12/2024,踱步,從化,內圈,從化 內圈,,,,,,助手,,快踱一圈,H,內圈 快踱一圈 (助手)
J162,13/12/2024,游水,從化,,從化,,,,,,,,游水,,
J162,13/12/2024,踱步,從化,內圈,從化 內圈,,,,,,助手,,快踱一圈,H,內圈 快踱一圈 (助手)
J162,12/12/2024,游水,從化,,從化,,,,,,,,游水,,
J162,12/12/2024,快操,從化,全天候,從化 全天候,,58.5,58.5,32.3 26.2,,助手,,快操,H,32.3 26.2 (58.5) (助手)
J162,12/12/2024,踱步,從化,飛機場,從化 飛機場,,,,,,助手,,踱步,H,飛機場 踱步 (助手)
J162,11/12/2024,游水,從化,,從化,,,,,,,,游水,,
J162,11/12/2024,踱步,從化,內圈,從化 內圈,,,,,,助手,,快踱一圈,H,內圈 快踱一圈 (助手)
J162,10/12/2024,游水,從化,,從化,,,,,,,,游水,,
J162,10/12/2024,踱步,從化,內圈,從化 內圈,,,,,,助手,,快踱一圈,H,內圈 快踱一圈 (助手)
J162,09/12/2024,游水,從化,,從化,,,,,,,,游水,,
J162,09/12/2024,快操,從化,全天候,從化 全天候,,56.8,56.8,31.1 25.7,,助手,,快操,H,31.1 25.7 (56.8) (助手)
J162,09/12/2024,踱步,從化,飛機場,從化 飛機場,,,,,,助手,,踱步,H,飛機場 踱步 (助手)
J162,08/12/2024,游水,從化,,從化,,,,,,,,游水,,
J162,07/12/2024,游水,從化,,從化,,,,,,,,游水,,
J162,07/12/2024,踱步,從化,內圈,從化 內圈,,,,,,助手,,快踱一圈,H,內圈 快踱一圈 (助手)
J162,06/12/2024,游水,從化,,從化,,,,,,,,游水,,
J162,06/12/2024,踱步,從化,內圈,從化 內圈,,,,,,助手,,快踱一圈,H,內圈 快踱一圈 (助手)
J162,05/12/2024,游水,從化,,從化,,,,,,,,游水,,
J162,05/12/2024,踱步,從化,飛機場,從化 飛機場,,,,,,助手,,踱步,H,飛機場 踱步 (助手)
J162,03/12/2024,游水,沙田,,沙田,,,,,,,,游水,,
J162,01/12/2024,出賽,沙田,全天候,沙田 全天候,1800M,,,,,潘明輝,6/14,出賽,TT,1800M (潘明輝) (6/14)
J162,01/12/2024,踱步,沙田,內圈,沙田 內圈,,,,,,助手,,快踱一圈,H,內圈 快踱一圈 (助手)
J162,30/11/2024,踱步,沙田,內圈,沙田 內圈,,,,,,助手,,快踱一圈,H,內圈 快踱一圈 (助手)
J162,29/11/2024,游水,沙田,,沙田,,,,,,,,游水,,
J162,29/11/2024,踱步,沙田,內圈,沙田 內圈,,,,,,助手,,快踱一圈,H,內圈 快踱一圈 (助手)
J162,28/11/2024,游水,沙田,,沙田,,,,,,,,游水,,
J162,28/11/2024,踱步,沙田,飛機場,沙田 飛機場,,,,,,助手,,踱步,H,飛機場 踱步 (助手)
J162,24/11/2024,出賽,沙田,草地,沙田 草地,1600M,,,,,潘頓,6/14,出賽,TT1,1600M (潘頓) (6/14)
J162,24/11/2024,踱步,沙田,內圈,沙田 內圈,,,,,,助手,,快踱一圈,H,內圈 快踱一圈 (助手)
J162,23/11/2024,游水,沙田,,沙田,,,,,,,,游水,,
J162,23/11/2024,踱步,沙田,內圈,沙田 內圈,,,,,,助手,,快踱一圈,H,內圈 快踱一圈 (助手)
J162,22/11/2024,游水,沙田,,沙田,,,,,,,,游水,,
J162,22/11/2024,踱步,沙田,內圈,沙田 內圈,,,,,,助手,,快踱一圈,H,內圈 快踱一圈 (助手)
J162,21/11/2024,游水,從化,,從化,,,,,,,,游水,,
J162,21/11/2024,快操,從化,全天候,從化 全天候,,57.7,57.7,31.1 26.6,,助手,,絲路之光,H,31.1 26.6 (57.7) (助手) 絲路之光
J162,21/11/2024,踱步,從化,飛機場,從化 飛機場,,,,,,助手,,踱步,H,飛機場 踱步 (助手)
J162,20/11/2024,游水,從化,,從化,,,,,,,,游水,,
J162,20/11/2024,踱步,從化,內圈,從化 內圈,,,,,,助手,,快踱一圈,H,內圈 快踱一圈 (助手)
J162,19/11/2024,游水,從化,,從化,,,,,,,,游水,,
J162,19/11/2024,踱步,從化,內圈,從化 內圈,,,,,,助手,,快踱一圈,H,內圈 快踱一圈 (助手)
J162,18/11/2024,游水,從化,,從化,,,,,,,,游水,,
J162,18/11/2024,踱步,從化,內圈,從化 內圈,,,,,,助手,,倒快一圈,H,內圈 倒快一圈 (助手)
J162,17/11/2024,游水,從化,,從化,,,,,,,,游水,,
J162,17/11/2024,踱步,從化,內圈,從化 內圈,,,,,,助手,,快踱一圈,H,內圈 快踱一圈 (助手)
J162,16/11/2024,游水,從化,,從化,,,,,,,,游水,,
J162,15/11/2024,試閘,從化,草地,從化 草地,1200M,1.11.73,71.73,25.3 23.0 23.4,飛黃,查本楠,,第10組,,第10組 (查本楠) 1200M 飛黃 25.3 23.0 23.4 (1.11.73)
J162,15/11/2024,踱步,從化,飛機場,從化 飛機場,,,,,,助手,,踱步,,飛機場 踱步 (助手)
J162,14/11/2024,游水,從化,,從化,,,,,,,,游水,,
J162,14/11/2024,踱步,從化,內圈,從化 內圈,,,,,,助手,,倒快一圈,H,內圈 倒快一圈 (助手)
J162,13/11/2024,游水,從化,,從化,,,,,,,,游水,,
J162,13/11/2024,踱步,從化,內圈,從化 內圈,,,,,,助手,,快踱一圈,H,內圈 快踱一圈 (助手)
J162,12/11/2024,游水,從化,,從化,,,,,,,,游水,,
J162,12/11/2024,踱步,從化,內圈,從化 內圈,,,,,,助手,,快踱一圈,H,內圈 快踱一圈 (助手)
J162,11/11/2024,游水,從化,,從化,,,,,,,,游水,,
J162,11/11/2024,快操,從化,全天候,從化 全天候,,53.2,53.2,28.3 24.9,,助手,,手到再來,H,28.3 24.9 (53.2) (助手) 手到再來
J162,11/11/2024,踱步,從化,飛機場,從化 飛機場,,,,,,助手,,踱步,H,飛機場 踱步 (助手)
J162,10/11/2024,游水,從化,,從化,,,,,,,,游水,,
J162,09/11/2024,游水,從化,,從化,,,,,,,,游水,,
J162,09/11/2024,踱步,從化,內圈,從化 內圈,,,,,,助手,,快踱一圈,H,內圈 快踱一圈 (助手)
J162,08/11/2024,游水,從化,,從化,,,,,,,,游水,,
J162,08/11/2024,踱步,從化,內圈,從化 內圈,,,,,,助手,,快踱一圈,H,內圈 快踱一圈 (助手)
J162,07/11/2024,游水,從化,,從化,,,,,,,,游水,,
J162,07/11/2024,踱步,從化,飛機場,從化 飛機場,,,,,,助手,,踱步,H,飛機場 踱步 (助手)
J162,03/11/2024,出賽,沙田,草地,沙田 草地,1600M,,,,,何澤堯,3/14,出賽,,1600M (何澤堯) (3/14)
J162,03/11/2024,踱步,沙田,內圈,沙田 內圈,,,,,,助手,,快踱一圈,H,內圈 快踱一圈 (助手)
J162,02/11/2024,游水,沙田,,沙田,,,,,,,,游水,,
J162,02/11/2024,踱步,沙田,內圈,沙田 內圈,,,,,,助手,,快踱一圈,H,內圈 快踱一圈 (助手)
J162,01/11/2024,游水,沙田,,沙田,,,,,,,,游水,,
J162,01/11/2024,踱步,沙田,內圈,沙田 內圈,,,,,,助手,,快踱一圈,H,內圈 快踱一圈 (助手)
J162,31/10/2024,游水,從化,,從化,,,,,,,,游水,,
J162,31/10/2024,快操,從化,全天候,從化 全天候,,55.1,55.1,30.1 25.0,,助手,,嘉應喝彩,H,30.1 25.0 (55.1) (助手) 嘉應喝彩
J162,31/10/2024,踱步,從化,飛機場,從化 飛機場,,,,,,助手,,踱步,H,飛機場 踱步 (助手)
J162,30/10/2024,游水,從化,,從化,,,,,,,,游水,,
J162,30/10/2024,踱步,從化,內圈,從化 內圈,,,,,,助手,,快踱一圈,H,內圈 快踱一圈 (助手)
J162,29/10/2024,游水,從化,,從化,,,,,,,,游水,,
J162,29/10/2024,踱步,從化,內圈,從化 內圈,,,,,,助手,,快踱一圈,H,內圈 快踱一圈 (助手)
J162,28/10/2024,游水,從化,,從化,,,,,,,,游水,,
J162,28/10/2024,踱步,從化,內圈,從化 內圈,,,,,,助手,,倒快一圈,H,內圈 倒快一圈 (助手)
J162,27/10/2024,游水,從化,,從化,,,,,,,,游水,,
J162,27/10/2024,踱步,從化,內圈,從化 內圈,,,,,,助手,,快踱一圈,H,內圈 快踱一圈 (助手)
J162,26/10/2024,游水,從化,,從化,,,,,,,,游水,,
J162,25/10/2024,試閘,從化,草地,從化 草地,1200M,1.12.24,72.24,24.9 23.3 24.0,神駒馬靈,何澤堯,,第8組,,第8組 (何澤堯) 1200M 神駒馬靈 24.9 23.3 24.0 (1.12.24)
J162,25/10/2024,踱步,從化,飛機場,從化 飛機場,,,,,,助手,,踱步,,飛機場 踱步 (助手)
J162,24/10/2024,游水,從化,,從化,,,,,,,,游水,,
J162,24/10/2024,踱步,從化,內圈,從化 內圈,,,,,,助手,,倒快一圈,H,內圈 倒快一圈 (助手)
J162,23/10/2024,游水,從化,,從化,,,,,,,,游水,,
J162,23/10/2024,踱步,從化,內圈,從化 內圈,,,,,,助手,,快踱一圈,H,內圈 快踱一圈 (助手)
J162,22/10/2024,游水,從化,,從化,,,,,,,,游水,,
J162,22/10/2024,踱步,從化,內圈,從化 內圈,,,,,,助手,,快踱一圈,H,內圈 快踱一圈 (助手)
J162,21/10/2024,游水,從化,,從化,,,,,,,,游水,,
J162,21/10/2024,快操,從化,全天候,從化 全天候,,57.8,57.8,31.4 26.4,,助手,,快操,H,31.4 26.4 (57.8) (助手)
J162,21/10/2024,踱步,從化,飛機場,從化 飛機場,,,,,,助手,,踱步,H,飛機場 踱步 (助手)
J162,20/10/2024,游水,從化,,從化,,,,,,,,游水,,
J162,19/10/2024,游水,從化,,從化,,,,,,,,游水,,
J162,19/10/2024,踱步,從化,內圈,從化 內圈,,,,,,助手,,快踱一圈,H,內圈 快踱一圈 (助手)
J162,18/10/2024,游水,從化,,從化,,,,,,,,游水,,
J162,18/10/2024,踱步,從化,內圈,從化 內圈,,,,,,助手,,快踱一圈,H,內圈 快踱一圈 (助手)
J162,17/10/2024,游水,從化,,從化,,,,,,,,游水,,
J162,17/10/2024,踱步,從化,飛機場,從化 飛機場,,,,,,助手,,踱步,H,飛機場 踱步 (助手)
J162,13/10/2024,出賽,沙田,草地,沙田 草地,1600M,,,,,潘明輝,6/14,出賽,,1600M (潘明輝) (6/14)
J162,13/10/2024,踱步,沙田,內圈,沙田 內圈,,,,,,助手,,快踱一圈,H,內圈 快踱一圈 (助手)
J162,12/10/2024,游水,沙田,,沙田,,,,,,,,游水,,
J162,12/10/2024,踱步,沙田,內圈,沙田 內圈,,,,,,助手,,快踱一圈,H,內圈 快踱一圈 (助手)
J162,11/10/2024,游水,沙田,,沙田,,,,,,,,游水,,
J162,11/10/2024,踱步,沙田,內圈,沙田 內圈,,,,,,助手,,快踱一圈,H,內圈 快踱一圈 (助手)
J162,10/10/2024,游水,從化,,從化,,,,,,,,游水,,
J162,10/10/2024,快操,從化,全天候,從化 全天候,,57.3,57.3,31.3 26.0,,助手,,手到再來,H,31.3 26.0 (57.3) (助手) 手到再來
J162,10/10/2024,踱步,從化,飛機場,從化 飛機場,,,,,,助手,,踱步,H,飛機場 踱步 (助手)
J162,09/10/2024,游水,從化,,從化,,,,,,,,游水,,
J162,09/10/2024,踱步,從化,內圈,從化 內圈,,,,,,助手,,快踱一圈,H,內圈 快踱一圈 (助手)
J162,08/10/2024,游水,從化,,從化,,,,,,,,游水,,
J162,08/10/2024,踱步,從化,內圈,從化 內圈,,,,,,助手,,快踱一圈,H,內圈 快踱一圈 (助手)
J162,07/10/2024,游水,從化,,從化,,,,,,,,游水,,
J162,07/10/2024,踱步,從化,內圈,從化 內圈,,,,,,助手,,倒快一圈,H,內圈 倒快一圈 (助手)
J162,06/10/2024,踱步,沙田,內圈,沙田 內圈,,,,,,助手,,快踱一圈,H,內圈 快踱一圈 (助手)
J162,05/10/2024,游水,沙田,,沙田,,,,,,,,游水,,
J162,05/10/2024,踱步,沙田,飛機場,沙田 飛機場,,,,,,助手,,踱步,H,飛機場 踱步 (助手)
J162,04/10/2024,游水,沙田,,沙田,,,,,,,,游水,,
J162,03/10/2024,游水,沙田,,沙田,,,,,,,,游水,,
J162,01/10/2024,出賽,沙田,草地,沙田 草地,1800M,,,,,潘明輝,4/14,出賽,,1800M (潘明輝) (4/14)
J162,01/10/2024,踱步,沙田,飛機場,沙田 飛機場,,,,,,助手,,踱步,H,飛機場 踱步 (助手)
J162,30/09/2024,游水,沙田,,沙田,,,,,,,,游水,,
J162,30/09/2024,踱步,沙田,內圈,沙田 內圈,,,,,,助手,,倒快一圈,H,內圈 倒快一圈 (助手)
J162,29/09/2024,游水,沙田,,沙田,,,,,,,,游水,,
J162,29/09/2024,踱步,沙田,內圈,沙田 內圈,,,,,,助手,,快踱一圈,H,內圈 快踱一圈 (助手)
J162,28/09/2024,游水,從化,,從化,,,,,,,,游水,,
J162,28/09/2024,快操,從化,全天候,從化 全天候,,59.7,59.7,32.6 27.1,,助手,,同滿滿,H,32.6 27.1 (59.7) (助手) 同滿滿
J162,28/09/2024,踱步,從化,飛機場,從化 飛機場,,,,,,助手,,踱步,H,飛機場 踱步 (助手)
J162,27/09/2024,游水,從化,,從化,,,,,,,,游水,,
J162,27/09/2024,踱步,從化,內圈,從化 內圈,,,,,,助手,,快踱一圈,H,內圈 快踱一圈 (助手)
J162,26/09/2024,游水,從化,,從化,,,,,,,,游水,,
J162,26/09/2024,踱步,從化,內圈,從化 內圈,,,,,,助手,,倒快一圈,H,內圈 倒快一圈 (助手)
J162,25/09/2024,游水,從化,,從化,,,,,,,,游水,,
J162,25/09/2024,快操,從化,全天候,從化 全天候,,51.8,51.8,27.4 24.4,,助手,,添喜運,H,27.4 24.4 (51.8) (助手) 添喜運
J162,25/09/2024,踱步,從化,飛機場,從化 飛機場,,,,,,助手,,踱步,H,飛機場 踱步 (助手)
J162,24/09/2024,游水,從化,,從化,,,,,,,,游水,,
J162,24/09/2024,踱步,從化,內圈,從化 內圈,,,,,,助手,,快踱一圈,H,內圈 快踱一圈 (助手)
J162,23/09/2024,游水,從化,,從化,,,,,,,,游水,,
J162,23/09/2024,踱步,從化,內圈,從化 內圈,,,,,,助手,,倒快一圈,H,內圈 倒快一圈 (助手)
J162,22/09/2024,游水,從化,,從化,,,,,,,,游水,,
J162,22/09/2024,快操,從化,全天候,從化 全天候,,55.7,55.7,30.6 25.1,,助手,,快操,H,30.6 25.1 (55.7) (助手)
J162,22/09/2024,踱步,從化,飛機場,從化 飛機場,,,,,,助手,,踱步,H,飛機場 踱步 (助手)
J162,21/09/2024,游水,從化,,從化,,,,,,,,游水,,
J162,21/09/2024,踱步,從化,內圈,從化 內圈,,,,,,助手,,快踱一圈,H,內圈 快踱一圈 (助手)
J162,20/09/2024,游水,從化,,從化,,,,,,,,游水,,
J162,20/09/2024,踱步,從化,內圈,從化 內圈,,,,,,助手,,快踱一圈,H,內圈 快踱一圈 (助手)
J162,19/09/2024,游水,從化,,從化,,,,,,,,游水,,
J162,19/09/2024,踱步,從化,飛機場,從化 飛機場,,,,,,助手,,踱步,H,飛機場 踱步 (助手)
J162,15/09/2024,出賽,沙田,草地,沙田 草地,1600M,,,,,潘明輝,3/9,出賽,,1600M (潘明輝) (3/9)
J162,15/09/2024,踱步,沙田,飛機場,沙田 飛機場,,,,,,助手,,踱步,H,飛機場 踱步 (助手)
J162,14/09/2024,游水,沙田,,沙田,,,,,,,,游水,,
J162,14/09/2024,踱步,沙田,內圈,沙田 內圈,,,,,,助手,,快踱一圈,H,內圈 快踱一圈 (助手)
J162,13/09/2024,游水,沙田,,沙田,,,,,,,,游水,,
J162,13/09/2024,踱步,沙田,內圈,沙田 內圈,,,,,,助手,,快踱一圈,H,內圈 快踱一圈 (助手)
J162,12/09/2024,游水,從化,,從化,,,,,,,,游水,,
J162,12/09/2024,快操,從化,全天候,從化 全天候,,55.6,55.6,30.3 25.3,,助手,,無敵精英,H,30.3 25.3 (55.6) (助手) 無敵精英
J162,12/09/2024,踱步,從化,飛機場,從化 飛機場,,,,,,助手,,踱步,H,飛機場 踱步 (助手)
J162,11/09/2024,游水,從化,,從化,,,,,,,,游水,,
J162,11/09/2024,踱步,從化,內圈,從化 內圈,,,,,,助手,,快踱一圈,H,內圈 快踱一圈 (助手)
J162,10/09/2024,游水,從化,,從化,,,,,,,,游水,,
J162,10/09/2024,踱步,從化,內圈,從化 內圈,,,,,,助手,,快踱一圈,H,內圈 快踱一圈 (助手)
J162,09/09/2024,游水,從化,,從化,,,,,,,,游水,,
J162,09/09/2024,踱步,從化,內圈,從化 內圈,,,,,,助手,,倒快一圈,H,內圈 倒快一圈 (助手)
J162,08/09/2024,游水,從化,,從化,,,,,,,,游水,,
J162,07/09/2024,游水,從化,,從化,,,,,,,,游水,,
J162,07/09/2024,踱步,從化,內圈,從化 內圈,,,,,,助手,,快踱一圈,H,內圈 快踱一圈 (助手)
J162,06/09/2024,游水,從化,,從化,,,,,,,,游水,,
J162,05/09/2024,試閘,從化,草地,從化 草地,1200M,1.10.71,70.71,24.6 22.8 23.3,果然僥倖,潘明輝,,第7組,,第7組 (潘明輝) 1200M 果然僥倖 24.6 22.8 23.3 (1.10.71)
J162,05/09/2024,踱步,從化,飛機場,從化 飛機場,,,,,,助手,,踱步,,飛機場 踱步 (助手)
J162,04/09/2024,游水,從化,,從化,,,,,,,,游水,,
J162,04/09/2024,踱步,從化,內圈,從化 內圈,,,,,,助手,,快踱一圈,H,內圈 快踱一圈 (助手)
J162,03/09/2024,游水,從化,,從化,,,,,,,,游水,,
J162,03/09/2024,踱步,從化,內圈,從化 內圈,,,,,,助手,,快踱一圈,H,內圈 快踱一圈 (助手)
J162,02/09/2024,游水,從化,,從化,,,,,,,,游水,,
J162,02/09/2024,快操,從化,全天候,從化 全天候,,58.4,58.4,32.6 25.8,,助手,,同滿滿,H,32.6 25.8 (58.4) (助手) 同滿滿
J162,02/09/2024,踱步,從化,飛機場,從化 飛機場,,,,,,助手,,踱步,H,飛機場 踱步 (助手)
J162,01/09/2024,游水,從化,,從化,,,,,,,,游水,,
J162,31/08/2024,游水,從化,,從化,,,,,,,,游水,,
J162,31/08/2024,踱步,從化,內圈,從化 內圈,,,,,,助手,,快踱一圈,H,內圈 快踱一圈 (助手)
J162,30/08/2024,游水,從化,,從化,,,,,,,,游水,,
J162,30/08/2024,踱步,從化,內圈,從化 內圈,,,,,,助手,,快踱一圈,H,內圈 快踱一圈 (助手)
J162,29/08/2024,游水,從化,,從化,,,,,,,,游水,,
J162,29/08/2024,踱步,從化,內圈,從化 內圈,,,,,,助手,,倒快一圈,H,內圈 倒快一圈 (助手)
J162,28/08/2024,游水,從化,,從化,,,,,,,,游水,,
J162,28/08/2024,踱步,從化,內圈,從化 內圈,,,,,,助手,,快踱一圈,H,內圈 快踱一圈 (助手)
J162,27/08/2024,游水,從化,,從化,,,,,,,,游水,,
J162,26/08/2024,試閘,從化,草地,從化 草地,1000M,0.58.25,58.25,13.4 21.4 23.4,光輝所願,潘明輝,,第7組,,第7組 (潘明輝) 1000M 光輝所願 13.4 21.4 23.4 (0.58.25)
J162,26/08/2024,踱步,從化,飛機場,從化 飛機場,,,,,,助手,,踱步,,飛機場 踱步 (助手)
J162,25/08/2024,游水,從化,,從化,,,,,,,,游水,,
J162,24/08/2024,游水,從化,,從化,,,,,,,,游水,,
J162,24/08/2024,踱步,從化,內圈,從化 內圈,,,,,,助手,,快踱一圈,H,內圈 快踱一圈 (助手)
J162,23/08/2024,游水,從化,,從化,,,,,,,,游水,,
J162,23/08/2024,踱步,從化,內圈,從化 內圈,,,,,,助手,,快踱一圈,H,內圈 快踱一圈 (助手)
J162,22/08/2024,游水,從化,,從化,,,,,,,,游水,,
J162,22/08/2024,快操,從化,全天候,從化 全天候,,57.0,57.0,30.7 26.3,,助手,,爆熱,H,30.7 26.3 (57.0) (助手) 爆熱
J162,22/08/2024,踱步,從化,飛機場,從化 飛機場,,,,,,助手,,踱步,H,飛機場 踱步 (助手)
J162,21/08/2024,游水,從化,,從化,,,,,,,,游水,,
J162,21/08/2024,踱步,從化,內圈,從化 內圈,,,,,,助手,,快踱一圈,H,內圈 快踱一圈 (助手)
J162,20/08/2024,游水,從化,,從化,,,,,,,,游水,,
J162,20/08/2024,踱步,從化,內圈,從化 內圈,,,,,,助手,,快踱一圈,H,內圈 快踱一圈 (助手)
J162,19/08/2024,游水,從化,,從化,,,,,,,,游水,,
J162,19/08/2024,踱步,從化,內圈,從化 內圈,,,,,,助手,,倒快一圈,H,內圈 倒快一圈 (助手)
J162,18/08/2024,游水,從化,,從化,,,,,,,,游水,,
J162,17/08/2024,游水,從化,,從化,,,,,,,,游水,,
J162,17/08/2024,踱步,從化,內圈,從化 內圈,,,,,,助手,,快踱一圈,H,內圈 快踱一圈 (助手)
J162,16/08/2024,游水,從化,,從化,,,,,,,,游水,,
J162,15/08/2024,試閘,從化,全天候,從化 全天候,1200M,1.11.32,71.32,24.6 22.8 23.9,神駒馬靈,潘明輝,,第4組,,第4組 (潘明輝) 1200M 神駒馬靈 24.6 22.8 23.9 (1.11.32)
J162,15/08/2024,踱步,從化,飛機場,從化 飛機場,,,,,,助手,,踱步,,飛機場 踱步 (助手)
J162,14/08/2024,游水,從化,,從化,,,,,,,,游水,,
J162,14/08/2024,踱步,從化,內圈,從化 內圈,,,,,,助手,,快踱一圈,H,內圈 快踱一圈 (助手)
J162,13/08/2024,游水,從化,,從化,,,,,,,,游水,,
J162,13/08/2024,踱步,從化,內圈,從化 內圈,,,,,,助手,,快踱一圈,H,內圈 快踱一圈 (助手)
J162,12/08/2024,游水,從化,,從化,,,,,,,,游水,,
J162,12/08/2024,快操,從化,全天候,從化 全天候,,58.9,58.9,32.0 26.9,,助手,,旭日昇,H,32.0 26.9 (58.9) (助手) 旭日昇
J162,12/08/2024,踱步,從化,飛機場,從化 飛機場,,,,,,助手,,踱步,H,飛機場 踱步 (助手)
J162,11/08/2024,游水,從化,,從化,,,,,,,,游水,,
J162,10/08/2024,游水,從化,,從化,,,,,,,,游水,,
J162,10/08/2024,踱步,從化,內圈,從化 內圈,,,,,,助手,,快踱一圈,H,內圈 快踱一圈 (助手)
J162,09/08/2024,游水,從化,,從化,,,,,,,,游水,,
J162,09/08/2024,踱步,從化,內圈,從化 內圈,,,,,,助手,,快踱一圈,H,內圈 快踱一圈 (助手)
J162,08/08/2024,游水,從化,,從化,,,,,,,,游水,,
J162,08/08/2024,快操,從化,全天候,從化 全天候,,57.5,57.5,31.6 25.9,,助手,,爆熱,H,31.6 25.9 (57.5) (助手) 爆熱
J162,08/08/2024,踱步,從化,飛機場,從化 飛機場,,,,,,助手,,踱步,H,飛機場 踱步 (助手)
J162,07/08/2024,游水,從化,,從化,,,,,,,,游水,,
J162,07/08/2024,踱步,從化,內圈,從化 內圈,,,,,,助手,,快踱一圈,H,內圈 快踱一圈 (助手)
J162,06/08/2024,游水,從化,,從化,,,,,,,,游水,,
J162,06/08/2024,踱步,從化,內圈,從化 內圈,,,,,,助手,,快踱一圈,H,內圈 快踱一圈 (助手)
J162,05/08/2024,游水,從化,,從化,,,,,,,,游水,,
J162,05/08/2024,快操,從化,全天候,從化 全天候,,59.9,59.9,32.7 27.2,,助手,,旭日昇,H,32.7 27.2 (59.9) (助手) 旭日昇
J162,05/08/2024,踱步,從化,飛機場,從化 飛機場,,,,,,助手,,踱步,H,飛機場 踱步 (助手)
J162,04/08/2024,游水,從化,,從化,,,,,,,,游水,,
J162,03/08/2024,游水,從化,,從化,,,,,,,,游水,,
J162,03/08/2024,踱步,從化,內圈,從化 內圈,,,,,,助手,,快踱一圈,H,內圈 快踱一圈 (助手)
J162,02/08/2024,游水,從化,,從化,,,,,,,,游水,,
J162,02/08/2024,踱步,從化,內圈,從化 內圈,,,,,,助手,,快踱一圈,H,內圈 快踱一圈 (助手)
J162,01/08/2024,游水,從化,,從化,,,,,,,,游水,,
J162,01/08/2024,快操,從化,全天候,從化 全天候,,29.6,29.6,29.6,,助手,,爆熱,H,29.6 (29.6) (助手) 爆熱
J162,01/08/2024,踱步,從化,飛機場,從化 飛機場,,,,,,助手,,踱步,H,飛機場 踱步 (助手)
J162,31/07/2024,游水,從化,,從化,,,,,,,,游水,,
J162,31/07/2024,踱步,從化,內圈,從化 內圈,,,,,,助手,,快踱一圈,H,內圈 快踱一圈 (助手)
J162,30/07/2024,游水,從化,,從化,,,,,,,,游水,,
J162,30/07/2024,踱步,從化,內圈,從化 內圈,,,,,,助手,,快踱一圈,H,內圈 快踱一圈 (助手)
J162,29/07/2024,快操,從化,全天候,從化 全天候,,31.0,31.0,31.0,,助手,,爆熱,H,31.0 (31.0) (助手) 爆熱
J162,29/07/2024,踱步,從化,飛機場,從化 飛機場,,,,,,助手,,踱步,H,飛機場 踱步 (助手)
J162,27/07/2024,踱步,從化,內圈,從化 內圈,,,,,,助手,,快踱一圈,H,內圈 快踱一圈 (助手)
J162,26/07/2024,踱步,從化,內圈,從化 內圈,,,,,,助手,,快踱一圈,H,內圈 快踱一圈 (助手)
J162,25/07/2024,踱步,從化,內圈,從化 內圈,,,,,,助手,,倒快一圈,H,內圈 倒快一圈 (助手)
J162,24/07/2024,踱步,從化,飛機場,從化 飛機場,,,,,,助手,,踱步,H,飛機場 踱步 (助手)
J162,23/07/2024,踱步,從化,飛機場,從化 飛機場,,,,,,助手,,踱步,H,飛機場 踱步 (助手)
J162,22/07/2024,踱步,從化,飛機場,從化 飛機場,,,,,,助手,,踱步,H,飛機場 踱步 (助手)
J162,13/07/2024,游水,從化,,從化,,,,,,,,游水,,
J162,12/07/2024,游水,從化,,從化,,,,,,,,游水,,
J162,11/07/2024,游水,從化,,從化,,,,,,,,游水,,
J162,10/07/2024,游水,從化,,從化,,,,,,,,游水,,
J162,09/07/2024,游水,從化,,從化,,,,,,,,游水,,
J162,08/07/2024,游水,從化,,從化,,,,,,,,游水,,
J162,07/07/2024,游水,從化,,從化,,,,,,,,游水,,
J162,06/07/2024,游水,從化,,從化,,,,,,,,游水,,
J162,05/07/2024,游水,從化,,從化,,,,,,,,游水,,
J162,04/07/2024,游水,從化,,從化,,,,,,,,游水,,
J162,03/07/2024,游水,從化,,從化,,,,,,,,游水,,
J162,02/07/2024,游水,從化,,從化,,,,,,,,游水,,
J162,01/07/2024,游水,從化,,從化,,,,,,,,游水,,
J162,30/06/2024,游水,從化,,從化,,,,,,,,游水,,
J162,29/06/2024,游水,從化,,從化,,,,,,,,游水,,
J162,29/06/2024,踱步,從化,內圈,從化 內圈,,,,,,助手,,快踱一圈,H,內圈 快踱一圈 (助手)
J162,28/06/2024,游水,從化,,從化,,,,,,,,游水,,
J162,28/06/2024,踱步,從化,內圈,從化 內圈,,,,,,助手,,快踱一圈,H,內圈 快踱一圈 (助手)
J162,27/06/2024,游水,從化,,從化,,,,,,,,游水,,
J162,27/06/2024,快操,從化,全天候,從化 全天候,,57.8,57.8,31.7 26.1,,助手,,韋小寶,H,31.7 26.1 (57.8) (助手) 韋小寶
J162,27/06/2024,踱步,從化,飛機場,從化 飛機場,,,,,,助手,,踱步,H,飛機場 踱步 (助手)
J162,26/06/2024,游水,從化,,從化,,,,,,,,游水,,
J162,26/06/2024,踱步,從化,內圈,從化 內圈,,,,,,助手,,快踱一圈,H,內圈 快踱一圈 (助手)
J162,25/06/2024,游水,從化,,從化,,,,,,,,游水,,
J162,25/06/2024,踱步,從化,內圈,從化 內圈,,,,,,助手,,快踱一圈,H,內圈 快踱一圈 (助手)
J162,24/06/2024,踱步,從化,內圈,從化 內圈,,,,,,助手,,倒快一圈,H,內圈 倒快一圈 (助手)
J162,23/06/2024,游水,從化,,從化,,,,,,,,游水,,
J162,22/06/2024,游水,從化,,從化,,,,,,,,游水,,
J162,22/06/2024,踱步,從化,內圈,從化 內圈,,,,,,助手,,快踱一圈,H,內圈 快踱一圈 (助手)
J162,21/06/2024,游水,從化,,從化,,,,,,,,游水,,
J162,21/06/2024,踱步,從化,內圈,從化 內圈,,,,,,助手,,快踱一圈,H,內圈 快踱一圈 (助手)
J162,20/06/2024,游水,從化,,從化,,,,,,,,游水,,
J162,20/06/2024,快操,從化,全天候,從化 全天候,,56.4,56.4,31.1 25.3,,助手,,嘉應喝彩,H,31.1 25.3 (56.4) (助手) 嘉應喝彩
J162,20/06/2024,踱步,從化,飛機場,從化 飛機場,,,,,,助手,,踱步,H,飛機場 踱步 (助手)
J162,19/06/2024,游水,從化,,從化,,,,,,,,游水,,
J162,19/06/2024,踱步,從化,內圈,從化 內圈,,,,,,助手,,快踱一圈,H,內圈 快踱一圈 (助手)
J162,18/06/2024,游水,從化,,從化,,,,,,,,游水,,
J162,18/06/2024,踱步,從化,內圈,從化 內圈,,,,,,助手,,快踱一圈,H,內圈 快踱一圈 (助手)
J162,17/06/2024,游水,從化,,從化,,,,,,,,游水,,
J162,17/06/2024,快操,從化,全天候,從化 全天候,,57.4,57.4,32.6 24.8,,助手,,嘉應喝彩,H,32.6 24.8 (57.4) (助手) 嘉應喝彩
J162,17/06/2024,踱步,從化,飛機場,從化 飛機場,,,,,,助手,,踱步,H,飛機場 踱步 (助手)
J162,16/06/2024,游水,從化,,從化,,,,,,,,游水,,
J162,15/06/2024,游水,從化,,從化,,,,,,,,游水,,
J162,15/06/2024,踱步,從化,內圈,從化 內圈,,,,,,助手,,快踱一圈,H,內圈 快踱一圈 (助手)
J162,14/06/2024,游水,從化,,從化,,,,,,,,游水,,
J162,14/06/2024,踱步,從化,內圈,從化 內圈,,,,,,助手,,快踱一圈,H,內圈 快踱一圈 (助手)
J162,13/06/2024,游水,從化,,從化,,,,,,,,游水,,
J162,13/06/2024,快操,從化,全天候,從化 全天候,,58.9,58.9,33.2 25.7,,助手,,嘉應喝彩,H,33.2 25.7 (58.9) (助手) 嘉應喝彩
J162,13/06/2024,踱步,從化,飛機場,從化 飛機場,,,,,,助手,,踱步,H,飛機場 踱步 (助手)
J162,12/06/2024,游水,從化,,從化,,,,,,,,游水,,
J162,12/06/2024,踱步,從化,內圈,從化 內圈,,,,,,助手,,快踱一圈,H,內圈 快踱一圈 (助手)
J162,11/06/2024,游水,從化,,從化,,,,,,,,游水,,
J162,11/06/2024,踱步,從化,內圈,從化 內圈,,,,,,助手,,快踱一圈,H,內圈 快踱一圈 (助手)
J162,10/06/2024,游水,從化,,從化,,,,,,,,游水,,
J162,10/06/2024,快操,從化,全天候,從化 全天候,,56.2,56.2,30.3 25.9,,助手,,活力多多,H,30.3 25.9 (56.2) (助手) 活力多多
J162,10/06/2024,踱步,從化,飛機場,從化 飛機場,,,,,,助手,,踱步,H,飛機場 踱步 (助手)
J162,09/06/2024,游水,從化,,從化,,,,,,,,游水,,
J162,08/06/2024,游水,從化,,從化,,,,,,,,游水,,
J162,08/06/2024,踱步,從化,內圈,從化 內圈,,,,,,助手,,快踱一圈,H,內圈 快踱一圈 (助手)
J162,07/06/2024,游水,從化,,從化,,,,,,,,游水,,
J162,07/06/2024,踱步,從化,內圈,從化 內圈,,,,,,助手,,快踱一圈,H,內圈 快踱一圈 (助手)
J162,06/06/2024,游水,從化,,從化,,,,,,,,游水,,
J162,06/06/2024,快操,從化,全天候,從化 全天候,,57.9,57.9,31.5 26.4,,助手,,活力多多,H,31.5 26.4 (57.9) (助手) 活力多多
J162,06/06/2024,踱步,從化,飛機場,從化 飛機場,,,,,,助手,,踱步,H,飛機場 踱步 (助手)
J162,05/06/2024,游水,從化,,從化,,,,,,,,游水,,
J162,05/06/2024,踱步,從化,內圈,從化 內圈,,,,,,助手,,快踱一圈,H,內圈 快踱一圈 (助手)
J162,04/06/2024,游水,從化,,從化,,,,,,,,游水,,
J162,04/06/2024,踱步,從化,內圈,從化 內圈,,,,,,助手,,快踱一圈,H,內圈 快踱一圈 (助手)
J162,03/06/2024,游水,從化,,從化,,,,,,,,游水,,
J162,03/06/2024,快操,從化,全天候,從化 全天候,,56.2,56.2,30.8 25.4,,助手,,連連歡呼,H,30.8 25.4 (56.2) (助手) 連連歡呼
J162,03/06/2024,踱步,從化,飛機場,從化 飛機場,,,,,,助手,,踱步,H,飛機場 踱步 (助手)
J162,02/06/2024,游水,從化,,從化,,,,,,,,游水,,
J162,01/06/2024,游水,從化,,從化,,,,,,,,游水,,
J162,01/06/2024,踱步,從化,內圈,從化 內圈,,,,,,助手,,快踱一圈,H,內圈 快踱一圈 (助手)
J162,31/05/2024,游水,從化,,從化,,,,,,,,游水,,
J162,31/05/2024,踱步,從化,內圈,從化 內圈,,,,,,助手,,快踱一圈,H,內圈 快踱一圈 (助手)
J162,30/05/2024,游水,從化,,從化,,,,,,,,游水,,
J162,30/05/2024,踱步,從化,飛機場,從化 飛機場,,,,,,助手,,踱步,H,飛機場 踱步 (助手)
J162,28/05/2024,游水,沙田,,沙田,,,,,,,,游水,,
J162,26/05/2024,出賽,沙田,草地,沙田 草地,1600M,,,,,賀銘年,12/14,出賽,,1600M (賀銘年) (12/14)
J162,25/05/2024,游水,沙田,,沙田,,,,,,,,游水,,
J162,25/05/2024,踱步,沙田,內圈,沙田 內圈,,,,,,助手,,快踱一圈,H,內圈 快踱一圈 (助手)
J162,24/05/2024,游水,沙田,,沙田,,,,,,,,游水,,
J162,24/05/2024,踱步,沙田,內圈,沙田 內圈,,,,,,助手,,快踱一圈,H,內圈 快踱一圈 (助手)
J162,23/05/2024,快操,從化,全天候,從化 全天候,,58.0,58.0,31.9 26.1,,助手,,韋小寶,H,31.9 26.1 (58.0) (助手) 韋小寶
J162,23/05/2024,踱步,從化,飛機場,從化 飛機場,,,,,,助手,,踱步,H,飛機場 踱步 (助手)
J162,22/05/2024,游水,從化,,從化,,,,,,,,游水,,
J162,22/05/2024,踱步,從化,內圈,從化 內圈,,,,,,助手,,快踱一圈,H,內圈 快踱一圈 (助手)
J162,21/05/2024,游水,從化,,從化,,,,,,,,游水,,
J162,21/05/2024,踱步,從化,內圈,從化 內圈,,,,,,助手,,快踱一圈,H,內圈 快踱一圈 (助手)
J162,20/05/2024,游水,從化,,從化,,,,,,,,游水,,
J162,20/05/2024,快操,從化,全天候,從化 全天候,,57.7,57.7,31.9 25.8,,助手,,韋小寶,H,31.9 25.8 (57.7) (助手) 韋小寶
J162,20/05/2024,踱步,從化,飛機場,從化 飛機場,,,,,,助手,,踱步,H,飛機場 踱步 (助手)
J162,19/05/2024,游水,從化,,從化,,,,,,,,游水,,
J162,18/05/2024,游水,從化,,從化,,,,,,,,游水,,
J162,18/05/2024,踱步,從化,內圈,從化 內圈,,,,,,助手,,快踱一圈,H,內圈 快踱一圈 (助手)
J162,17/05/2024,游水,從化,,從化,,,,,,,,游水,,
J162,17/05/2024,踱步,從化,內圈,從化 內圈,,,,,,助手,,快踱一圈,H,內圈 快踱一圈 (助手)
J162,16/05/2024,游水,從化,,從化,,,,,,,,游水,,
J162,16/05/2024,踱步,從化,內圈,從化 內圈,,,,,,助手,,倒快一圈,H,內圈 倒快一圈 (助手)
J162,15/05/2024,踱步,沙田,飛機場,沙田 飛機場,,,,,,助手,,踱步,H,飛機場 踱步 (助手)
J162,14/05/2024,游水,沙田,,沙田,,,,,,,,游水,,
J162,13/05/2024,游水,沙田,,沙田,,,,,,,,游水,,
J162,11/05/2024,出賽,沙田,草地,沙田 草地,1400M,,,,,班德禮,7/14,出賽,,1400M (班德禮) (7/14)
J162,11/05/2024,踱步,沙田,飛機場,沙田 飛機場,,,,,,助手,,踱步,H,飛機場 踱步 (助手)
J162,10/05/2024,游水,沙田,,沙田,,,,,,,,游水,,
J162,10/05/2024,踱步,沙田,內圈,沙田 內圈,,,,,,助手,,快踱一圈,H,內圈 快踱一圈 (助手)
J162,09/05/2024,踱步,從化,飛機場,從化 飛機場,,,,,,助手,,踱步,H,飛機場 踱步 (助手)
J162,08/05/2024,游水,從化,,從化,,,,,,,,游水,,
J162,08/05/2024,快操,從化,全天候,從化 全天候,,57.1,57.1,30.2 26.9,,助手,,活力多多,H,30.2 26.9 (57.1) (助手) 活力多多
J162,08/05/2024,踱步,從化,飛機場,從化 飛機場,,,,,,助手,,踱步,H,飛機場 踱步 (助手)
J162,07/05/2024,游水,從化,,從化,,,,,,,,游水,,
J162,07/05/2024,踱步,從化,內圈,從化 內圈,,,,,,助手,,快踱一圈,H,內圈 快踱一圈 (助手)
J162,06/05/2024,游水,從化,,從化,,,,,,,,游水,,
J162,06/05/2024,踱步,從化,內圈,從化 內圈,,,,,,助手,,倒快一圈,H,內圈 倒快一圈 (助手)
J162,05/05/2024,游水,從化,,從化,,,,,,,,游水,,
J162,04/05/2024,游水,從化,,從化,,,,,,,,游水,,
J162,04/05/2024,踱步,從化,內圈,從化 內圈,,,,,,助手,,快踱一圈,H,內圈 快踱一圈 (助手)
J162,03/05/2024,游水,從化,,從化,,,,,,,,游水,,
J162,02/05/2024,試閘,從化,全天候,從化 全天候,1200M,1.10.93,70.93,25.3 23.0 22.6,龍之心,沙霖,,第2組,,第2組 (沙霖) 1200M 龍之心 25.3 23.0 22.6 (1.10.93)
J162,02/05/2024,踱步,從化,飛機場,從化 飛機場,,,,,,助手,,踱步,,飛機場 踱步 (助手)
J162,01/05/2024,游水,從化,,從化,,,,,,,,游水,,
J162,01/05/2024,踱步,從化,內圈,從化 內圈,,,,,,助手,,快踱一圈,H,內圈 快踱一圈 (助手)
J162,30/04/2024,游水,從化,,從化,,,,,,,,游水,,
J162,30/04/2024,踱步,從化,內圈,從化 內圈,,,,,,助手,,快踱一圈,H,內圈 快踱一圈 (助手)
J162,29/04/2024,游水,從化,,從化,,,,,,,,游水,,
J162,29/04/2024,快操,從化,全天候,從化 全天候,,56.7,56.7,30.7 26.0,,助手,,活力多多,H,30.7 26.0 (56.7) (助手) 活力多多
J162,29/04/2024,踱步,從化,飛機場,從化 飛機場,,,,,,助手,,踱步,H,飛機場 踱步 (助手)
J162,28/04/2024,游水,從化,,從化,,,,,,,,游水,,
J162,27/04/2024,游水,從化,,從化,,,,,,,,游水,,
J162,27/04/2024,踱步,從化,內圈,從化 內圈,,,,,,助手,,快踱一圈,H,內圈 快踱一圈 (助手)
J162,26/04/2024,游水,從化,,從化,,,,,,,,游水,,
J162,26/04/2024,踱步,從化,內圈,從化 內圈,,,,,,助手,,快踱一圈,H,內圈 快踱一圈 (助手)
J162,25/04/2024,游水,從化,,從化,,,,,,,,游水,,
J162,25/04/2024,踱步,從化,內圈,從化 內圈,,,,,,助手,,倒快一圈,H,內圈 倒快一圈 (助手)
J162,24/04/2024,游水,從化,,從化,,,,,,,,游水,,
J162,24/04/2024,踱步,從化,飛機場,從化 飛機場,,,,,,助手,,踱步,H,飛機場 踱步 (助手)
J162,23/04/2024,游水,從化,,從化,,,,,,,,游水,,
J162,20/04/2024,出賽,沙田,草地,沙田 草地,1600M,,,,,班德禮,7/13,出賽,,1600M (班德禮) (7/13)
J162,20/04/2024,踱步,沙田,飛機場,沙田 飛機場,,,,,,助手,,踱步,PH,飛機場 踱步 (助手)
J162,19/04/2024,游水,沙田,,沙田,,,,,,,,游水,,
J162,19/04/2024,踱步,沙田,內圈,沙田 內圈,,,,,,助手,,快踱一圈,PH,內圈 快踱一圈 (助手)
J162,18/04/2024,踱步,從化,飛機場,從化 飛機場,,,,,,助手,,踱步,H,飛機場 踱步 (助手)
J162,17/04/2024,游水,從化,,從化,,,,,,,,游水,,
J162,17/04/2024,快操,從化,全天候,從化 全天候,,57.8,57.8,31.5 26.3,,助手,,獎金大少,H,31.5 26.3 (57.8) (助手) 獎金大少
J162,17/04/2024,踱步,從化,飛機場,從化 飛機場,,,,,,助手,,踱步,H,飛機場 踱步 (助手)
J162,16/04/2024,游水,從化,,從化,,,,,,,,游水,,
J162,16/04/2024,踱步,從化,內圈,從化 內圈,,,,,,助手,,快踱一圈,H,內圈 快踱一圈 (助手)
J162,15/04/2024,游水,從化,,從化,,,,,,,,游水,,
J162,15/04/2024,踱步,從化,內圈,從化 內圈,,,,,,助手,,倒快一圈,H,內圈 倒快一圈 (助手)
J162,14/04/2024,游水,從化,,從化,,,,,,,,游水,,
J162,14/04/2024,踱步,從化,內圈,從化 內圈,,,,,,助手,,快踱一圈,H,內圈 快踱一圈 (助手)
J162,13/04/2024,游水,從化,,從化,,,,,,,,游水,,
J162,12/04/2024,試閘,從化,草地,從化 草地,1200M,1.10.37,70.37,24.2 22.7 23.4,神駒馬靈,班德禮,,第9組,,第9組 (班德禮) 1200M 神駒馬靈 24.2 22.7 23.4 (1.10.37)
J162,12/04/2024,踱步,從化,飛機場,從化 飛機場,,,,,,助手,,踱步,,飛機場 踱步 (助手)
J162,11/04/2024,游水,從化,,從化,,,,,,,,游水,,
J162,11/04/2024,踱步,從化,內圈,從化 內圈,,,,,,助手,,倒快一圈,H,內圈 倒快一圈 (助手)
J162,10/04/2024,游水,從化,,從化,,,,,,,,游水,,
J162,10/04/2024,踱步,從化,內圈,從化 內圈,,,,,,助手,,快踱一圈,H,內圈 快踱一圈 (助手)
J162,09/04/2024,游水,從化,,從化,,,,,,,,游水,,
J162,09/04/2024,踱步,從化,內圈,從化 內圈,,,,,,助手,,快踱一圈,H,內圈 快踱一圈 (助手)
J162,08/04/2024,游水,從化,,從化,,,,,,,,游水,,
J162,08/04/2024,快操,從化,全天候,從化 全天候,,57.8,57.8,31.8 26.0,,助手,,皇仁福星,H,31.8 26.0 (57.8) (助手) 皇仁福星
J162,08/04/2024,踱步,從化,飛機場,從化 飛機場,,,,,,助手,,踱步,H,飛機場 踱步 (助手)
J162,07/04/2024,游水,從化,,從化,,,,,,,,游水,,
J162,06/04/2024,游水,從化,,從化,,,,,,,,游水,,
J162,06/04/2024,踱步,從化,內圈,從化 內圈,,,,,,助手,,快踱一圈,H,內圈 快踱一圈 (助手)
J162,05/04/2024,游水,從化,,從化,,,,,,,,游水,,
J162,05/04/2024,踱步,從化,內圈,從化 內圈,,,,,,助手,,快踱一圈,H,內圈 快踱一圈 (助手)
J162,04/04/2024,游水,從化,,從化,,,,,,,,游水,,
J162,04/04/2024,快操,從化,全天候,從化 全天候,,58.6,58.6,32.0 26.6,,助手,,真好運,H,32.0 26.6 (58.6) (助手) 真好運
J162,04/04/2024,踱步,從化,飛機場,從化 飛機場,,,,,,助手,,踱步,H,飛機場 踱步 (助手)
J162,03/04/2024,游水,從化,,從化,,,,,,,,游水,,
J162,03/04/2024,踱步,從化,內圈,從化 內圈,,,,,,助手,,快踱一圈,H,內圈 快踱一圈 (助手)
J162,02/04/2024,游水,從化,,從化,,,,,,,,游水,,
J162,02/04/2024,踱步,從化,內圈,從化 內圈,,,,,,助手,,快踱一圈,H,內圈 快踱一圈 (助手)
J162,01/04/2024,游水,從化,,從化,,,,,,,,游水,,
J162,01/04/2024,快操,從化,全天候,從化 全天候,,59.0,59.0,32.5 26.5,,助手,,馬有運,H,32.5 26.5 (59.0) (助手) 馬有運
J162,01/04/2024,踱步,從化,飛機場,從化 飛機場,,,,,,助手,,踱步,H,飛機場 踱步 (助手)
J162,31/03/2024,游水,從化,,從化,,,,,,,,游水,,
J162,30/03/2024,游水,從化,,從化,,,,,,,,游水,,
J162,30/03/2024,踱步,從化,內圈,從化 內圈,,,,,,助手,,快踱一圈,H,內圈 快踱一圈 (助手)
J162,29/03/2024,游水,從化,,從化,,,,,,,,游水,,
J162,29/03/2024,踱步,從化,內圈,從化 內圈,,,,,,助手,,快踱一圈,H,內圈 快踱一圈 (助手)
J162,28/03/2024,游水,從化,,從化,,,,,,,,游水,,
J162,28/03/2024,踱步,從化,飛機場,從化 飛機場,,,,,,助手,,踱步,H,飛機場 踱步 (助手)
J162,24/03/2024,出賽,沙田,草地,沙田 草地,1400M,,,,,班德禮,7/14,出賽,,1400M (班德禮) (7/14)
J162,24/03/2024,踱步,沙田,飛機場,沙田 飛機場,,,,,,助手,,踱步,H,飛機場 踱步 (助手)
J162,23/03/2024,游水,沙田,,沙田,,,,,,,,游水,,
J162,23/03/2024,踱步,沙田,內圈,沙田 內圈,,,,,,助手,,快踱一圈,H,內圈 快踱一圈 (助手)
J162,22/03/2024,游水,沙田,,沙田,,,,,,,,游水,,
J162,22/03/2024,踱步,沙田,內圈,沙田 內圈,,,,,,助手,,快踱一圈,H,內圈 快踱一圈 (助手)
J162,21/03/2024,快操,從化,全天候,從化 全天候,,58.0,58.0,32.1 25.9,,助手,,飛鷹翱翔,H,32.1 25.9 (58.0) (助手) 飛鷹翱翔
J162,21/03/2024,踱步,從化,飛機場,從化 飛機場,,,,,,助手,,踱步,H,飛機場 踱步 (助手)
J162,20/03/2024,游水,從化,,從化,,,,,,,,游水,,
J162,20/03/2024,踱步,從化,內圈,從化 內圈,,,,,,助手,,快踱一圈,H,內圈 快踱一圈 (助手)
J162,19/03/2024,游水,從化,,從化,,,,,,,,游水,,
J162,19/03/2024,踱步,從化,內圈,從化 內圈,,,,,,助手,,快踱一圈,H,內圈 快踱一圈 (助手)
J162,18/03/2024,游水,從化,,從化,,,,,,,,游水,,
J162,18/03/2024,踱步,從化,內圈,從化 內圈,,,,,,助手,,倒快一圈,H,內圈 倒快一圈 (助手)
J162,17/03/2024,游水,從化,,從化,,,,,,,,游水,,
J162,17/03/2024,踱步,從化,飛機場,從化 飛機場,,,,,,助手,,踱步,H,飛機場 踱步 (助手)
J162,16/03/2024,游水,從化,,從化,,,,,,,,游水,,
J162,16/03/2024,踱步,從化,內圈,從化 內圈,,,,,,助手,,快踱一圈,H,內圈 快踱一圈 (助手)
J162,14/03/2024,試閘,從化,全天候,從化 全天候,1200M,1.12.01,72.01,25.4 22.8 23.8,怡昌奇兵,楊東俊,,第2組,,第2組 (楊東俊) 1200M 怡昌奇兵 25.4 22.8 23.8 (1.12.01)
J162,14/03/2024,踱步,從化,飛機場,從化 飛機場,,,,,,助手,,踱步,,飛機場 踱步 (助手)
J162,13/03/2024,游水,從化,,從化,,,,,,,,游水,,
J162,13/03/2024,踱步,從化,內圈,從化 內圈,,,,,,助手,,快踱一圈,H,內圈 快踱一圈 (助手)
J162,12/03/2024,游水,從化,,從化,,,,,,,,游水,,
J162,12/03/2024,踱步,從化,內圈,從化 內圈,,,,,,助手,,快踱一圈,H,內圈 快踱一圈 (助手)
J162,11/03/2024,快操,沙田,草閘,沙田 草閘,,46.7,46.7,23.9 22.8,,班德禮,,"陽光寶貝, 真好運",H,"23.9 22.8 (46.7) (班德禮) 陽光寶貝, 真好運"
J162,11/03/2024,踱步,沙田,飛機場,沙田 飛機場,,,,,,助手,,踱步,H,飛機場 踱步 (助手)
J162,10/03/2024,游水,沙田,,沙田,,,,,,,,游水,,
J162,09/03/2024,游水,沙田,,沙田,,,,,,,,游水,,
J162,09/03/2024,踱步,沙田,內圈,沙田 內圈,,,,,,助手,,快踱一圈,H,內圈 快踱一圈 (助手)
J162,08/03/2024,游水,沙田,,沙田,,,,,,,,游水,,
J162,08/03/2024,踱步,沙田,內圈,沙田 內圈,,,,,,助手,,快踱一圈,H,內圈 快踱一圈 (助手)
J162,07/03/2024,快操,從化,全天候,從化 全天候,,1.00.4,60.4,33.5 26.9,,助手,,快操,H,33.5 26.9 (1.00.4) (助手)
J162,07/03/2024,踱步,從化,飛機場,從化 飛機場,,,,,,助手,,踱步,H,飛機場 踱步 (助手)
J162,06/03/2024,游水,從化,,從化,,,,,,,,游水,,
J162,06/03/2024,踱步,從化,內圈,從化 內圈,,,,,,助手,,快踱一圈,H,內圈 快踱一圈 (助手)
J162,05/03/2024,游水,從化,,從化,,,,,,,,游水,,
J162,05/03/2024,踱步,從化,內圈,從化 內圈,,,,,,助手,,快踱一圈,H,內圈 快踱一圈 (助手)
J162,04/03/2024,游水,從化,,從化,,,,,,,,游水,,
J162,04/03/2024,快操,從化,全天候,從化 全天候,,57.2,57.2,31.9 25.3,,助手,,飛鷹翱翔,H,31.9 25.3 (57.2) (助手) 飛鷹翱翔
J162,04/03/2024,踱步,從化,飛機場,從化 飛機場,,,,,,助手,,踱步,H,飛機場 踱步 (助手)
J162,03/03/2024,游水,從化,,從化,,,,,,,,游水,,
J162,02/03/2024,游水,從化,,從化,,,,,,,,游水,,
J162,02/03/2024,踱步,從化,內圈,從化 內圈,,,,,,助手,,快踱一圈,H,內圈 快踱一圈 (助手)
J162,01/03/2024,游水,從化,,從化,,,,,,,,游水,,
J162,01/03/2024,踱步,從化,內圈,從化 內圈,,,,,,助手,,快踱一圈,H,內圈 快踱一圈 (助手)
J162,29/02/2024,游水,從化,,從化,,,,,,,,游水,,
J162,29/02/2024,踱步,從化,飛機場,從化 飛機場,,,,,,助手,,踱步,H,飛機場 踱步 (助手)
J162,27/02/2024,游水,沙田,,沙田,,,,,,,,游水,,
J162,25/02/2024,出賽,沙田,草地,沙田 草地,1200M,,,,,鍾易禮,6/14,出賽,,1200M (鍾易禮) (6/14)
J162,24/02/2024,游水,沙田,,沙田,,,,,,,,游水,,
J162,24/02/2024,踱步,沙田,內圈,沙田 內圈,,,,,,助手,,快踱一圈,H,內圈 快踱一圈 (助手)
J162,23/02/2024,游水,沙田,,沙田,,,,,,,,游水,,
J162,23/02/2024,踱步,沙田,內圈,沙田 內圈,,,,,,助手,,快踱一圈,H,內圈 快踱一圈 (助手)
J162,22/02/2024,快操,從化,全天候,從化 全天候,,56.7,56.7,30.5 26.2,,助手,,H349,H,30.5 26.2 (56.7) (助手) H349
J162,22/02/2024,踱步,從化,飛機場,從化 飛機場,,,,,,助手,,踱步,H,飛機場 踱步 (助手)
J162,21/02/2024,游水,從化,,從化,,,,,,,,游水,,
J162,21/02/2024,踱步,從化,內圈,從化 內圈,,,,,,助手,,快踱一圈,H,內圈 快踱一圈 (助手)
J162,20/02/2024,游水,從化,,從化,,,,,,,,游水,,
J162,20/02/2024,踱步,從化,內圈,從化 內圈,,,,,,助手,,快踱一圈,H,內圈 快踱一圈 (助手)
J162,19/02/2024,游水,從化,,從化,,,,,,,,游水,,
J162,19/02/2024,踱步,從化,內圈,從化 內圈,,,,,,助手,,倒快一圈,H,內圈 倒快一圈 (助手)
J162,18/02/2024,游水,從化,,從化,,,,,,,,游水,,
J162,17/02/2024,游水,從化,,從化,,,,,,,,游水,,
J162,17/02/2024,踱步,從化,內圈,從化 內圈,,,,,,助手,,快踱一圈,H,內圈 快踱一圈 (助手)
J162,15/02/2024,試閘,從化,全天候,從化 全天候,1200M,1.10.43,70.43,24.5 22.4 23.5,有心意,查本楠,,第3組,,第3組 (查本楠) 1200M 有心意 24.5 22.4 23.5 (1.10.43)
J162,15/02/2024,踱步,從化,飛機場,從化 飛機場,,,,,,助手,,踱步,,飛機場 踱步 (助手)
J162,14/02/2024,游水,從化,,從化,,,,,,,,游水,,
J162,14/02/2024,踱步,從化,內圈,從化 內圈,,,,,,助手,,快踱一圈,H,內圈 快踱一圈 (助手)
J162,13/02/2024,游水,從化,,從化,,,,,,,,游水,,
J162,13/02/2024,踱步,從化,內圈,從化 內圈,,,,,,助手,,快踱一圈,H,內圈 快踱一圈 (助手)
J162,12/02/2024,游水,從化,,從化,,,,,,,,游水,,
J162,12/02/2024,快操,從化,全天候,從化 全天候,,55.8,55.8,30.1 25.7,,助手,,友瑩仁,H,30.1 25.7 (55.8) (助手) 友瑩仁
J162,12/02/2024,踱步,從化,飛機場,從化 飛機場,,,,,,助手,,踱步,H,飛機場 踱步 (助手)
J162,11/02/2024,踱步,從化,內圈,從化 內圈,,,,,,助手,,快踱一圈,H,內圈 快踱一圈 (助手)
J162,09/02/2024,踱步,從化,內圈,從化 內圈,,,,,,助手,,快踱一圈,H,內圈 快踱一圈 (助手)
J162,08/02/2024,快操,從化,全天候,從化 全天候,,57.0,57.0,31.0 26.0,,助手,,友瑩仁,H,31.0 26.0 (57.0) (助手) 友瑩仁
J162,08/02/2024,踱步,從化,飛機場,從化 飛機場,,,,,,助手,,踱步,H,飛機場 踱步 (助手)
J162,07/02/2024,踱步,從化,內圈,從化 內圈,,,,,,助手,,快踱一圈,H,內圈 快踱一圈 (助手)
J162,06/02/2024,游水,從化,,從化,,,,,,,,游水,,
J162,06/02/2024,踱步,從化,內圈,從化 內圈,,,,,,助手,,快踱一圈,H,內圈 快踱一圈 (助手)
J162,05/02/2024,游水,從化,,從化,,,,,,,,游水,,
J162,05/02/2024,踱步,從化,內圈,從化 內圈,,,,,,助手,,倒快一圈,H,內圈 倒快一圈 (助手)
J162,04/02/2024,游水,從化,,從化,,,,,,,,游水,,
J162,04/02/2024,踱步,從化,內圈,從化 內圈,,,,,,助手,,快踱一圈,H,內圈 快踱一圈 (助手)
J162,02/02/2024,試閘,從化,草地,從化 草地,1200M,1.11.68,71.68,25.0 22.5 24.1,智智多寶,班德禮,,第9組,,第9組 (班德禮) 1200M 智智多寶 25.0 22.5 24.1 (1.11.68)
J162,02/02/2024,踱步,從化,飛機場,從化 飛機場,,,,,,助手,,踱步,,飛機場 踱步 (助手)
J162,01/02/2024,游水,從化,,從化,,,,,,,,游水,,
J162,01/02/2024,踱步,從化,內圈,從化 內圈,,,,,,助手,,倒快一圈,H,內圈 倒快一圈 (助手)
J162,31/01/2024,游水,從化,,從化,,,,,,,,游水,,
J162,31/01/2024,踱步,從化,內圈,從化 內圈,,,,,,助手,,快踱一圈,H,內圈 快踱一圈 (助手)
J162,30/01/2024,游水,從化,,從化,,,,,,,,游水,,
J162,30/01/2024,踱步,從化,內圈,從化 內圈,,,,,,助手,,快踱一圈,H,內圈 快踱一圈 (助手)
J162,29/01/2024,游水,從化,,從化,,,,,,,,游水,,
J162,29/01/2024,快操,從化,全天候,從化 全天候,,57.6,57.6,32.1 25.5,,助手,,友瑩仁,H,32.1 25.5 (57.6) (助手) 友瑩仁
J162,29/01/2024,踱步,從化,飛機場,從化 飛機場,,,,,,助手,,踱步,H,飛機場 踱步 (助手)
J162,27/01/2024,踱步,從化,內圈,從化 內圈,,,,,,助手,,快踱一圈,H,內圈 快踱一圈 (助手)
J162,26/01/2024,游水,從化,,從化,,,,,,,,游水,,
J162,26/01/2024,踱步,從化,內圈,從化 內圈,,,,,,助手,,快踱一圈,H,內圈 快踱一圈 (助手)
J162,25/01/2024,快操,從化,全天候,從化 全天候,,57.7,57.7,30.9 26.8,,助手,,友瑩仁,H,30.9 26.8 (57.7) (助手) 友瑩仁
J162,25/01/2024,踱步,從化,飛機場,從化 飛機場,,,,,,助手,,踱步,H,飛機場 踱步 (助手)
J162,24/01/2024,踱步,從化,內圈,從化 內圈,,,,,,助手,,快踱一圈,H,內圈 快踱一圈 (助手)
J162,23/01/2024,踱步,從化,內圈,從化 內圈,,,,,,助手,,快踱一圈,H,內圈 快踱一圈 (助手)
J162,22/01/2024,游水,從化,,從化,,,,,,,,游水,,
J162,22/01/2024,踱步,從化,內圈,從化 內圈,,,,,,助手,,倒快一圈,H,內圈 倒快一圈 (助手)
J162,21/01/2024,游水,從化,,從化,,,,,,,,游水,,
J162,19/01/2024,試閘,從化,草地,從化 草地,1200M,1.11.71,71.71,24.7 23.0 24.0,港林福將,班德禮,,第7組,,第7組 (班德禮) 1200M 港林福將 24.7 23.0 24.0 (1.11.71)
J162,19/01/2024,踱步,從化,飛機場,從化 飛機場,,,,,,助手,,踱步,,飛機場 踱步 (助手)
J162,18/01/2024,游水,從化,,從化,,,,,,,,游水,,
J162,18/01/2024,踱步,從化,內圈,從化 內圈,,,,,,助手,,倒快一圈,H,內圈 倒快一圈 (助手)
J162,17/01/2024,游水,從化,,從化,,,,,,,,游水,,
J162,17/01/2024,踱步,從化,內圈,從化 內圈,,,,,,助手,,快踱一圈,H,內圈 快踱一圈 (助手)
J162,16/01/2024,游水,從化,,從化,,,,,,,,游水,,
J162,16/01/2024,踱步,從化,內圈,從化 內圈,,,,,,助手,,快踱一圈,H,內圈 快踱一圈 (助手)
J162,15/01/2024,游水,從化,,從化,,,,,,,,游水,,
J162,15/01/2024,快操,從化,全天候,從化 全天候,,57.2,57.2,31.7 25.5,,助手,,H349,H,31.7 25.5 (57.2) (助手) H349
J162,15/01/2024,踱步,從化,飛機場,從化 飛機場,,,,,,助手,,踱步,H,飛機場 踱步 (助手)
J162,14/01/2024,游水,從化,,從化,,,,,,,,游水,,
J162,13/01/2024,踱步,從化,內圈,從化 內圈,,,,,,助手,,快踱一圈,H,內圈 快踱一圈 (助手)
J162,12/01/2024,踱步,從化,內圈,從化 內圈,,,,,,助手,,快踱一圈,H,內圈 快踱一圈 (助手)
J162,11/01/2024,踱步,從化,內圈,從化 內圈,,,,,,助手,,倒快一圈,H,內圈 倒快一圈 (助手)
J162,10/01/2024,踱步,從化,內圈,從化 內圈,,,,,,助手,,快踱一圈,H,內圈 快踱一圈 (助手)
J162,08/01/2024,試閘,從化,草地,從化 草地,1000M,0.59.24,59.24,14.0 21.5 23.7,連捷,古達,,第4組,,第4組 (古達) 1000M 連捷 14.0 21.5 23.7 (0.59.24)
J162,08/01/2024,踱步,從化,飛機場,從化 飛機場,,,,,,助手,,踱步,,飛機場 踱步 (助手)
J162,07/01/2024,游水,從化,,從化,,,,,,,,游水,,
J162,06/01/2024,游水,從化,,從化,,,,,,,,游水,,
J162,06/01/2024,踱步,從化,內圈,從化 內圈,,,,,,助手,,快踱一圈,H,內圈 快踱一圈 (助手)
J162,05/01/2024,游水,從化,,從化,,,,,,,,游水,,
J162,05/01/2024,快操,從化,全天候,從化 全天候,,59.1,59.1,32.4 26.7,,助手,,H349,H,32.4 26.7 (59.1) (助手) H349
J162,05/01/2024,踱步,從化,飛機場,從化 飛機場,,,,,,助手,,踱步,H,飛機場 踱步 (助手)
J162,04/01/2024,游水,從化,,從化,,,,,,,,游水,,
J162,04/01/2024,踱步,從化,內圈,從化 內圈,,,,,,助手,,倒快一圈,H,內圈 倒快一圈 (助手)
J162,03/01/2024,游水,從化,,從化,,,,,,,,游水,,
J162,03/01/2024,踱步,從化,內圈,從化 內圈,,,,,,助手,,快踱一圈,H,內圈 快踱一圈 (助手)
J162,02/01/2024,快操,從化,草閘,從化 草閘,,49.3,49.3,26.4 22.9,,助手,,"H349, 旋風傳奇",,"26.4 22.9 (49.3) (助手) H349, 旋風傳奇"
J162,02/01/2024,踱步,從化,飛機場,從化 飛機場,,,,,,助手,,踱步,,飛機場 踱步 (助手)
J162,01/01/2024,游水,從化,,從化,,,,,,,,游水,,
J162,01/01/2024,踱步,從化,內圈,從化 內圈,,,,,,助手,,倒快一圈,H,內圈 倒快一圈 (助手)
J162,31/12/2023,游水,從化,,從化,,,,,,,,游水,,
J162,30/12/2023,游水,從化,,從化,,,,,,,,游水,,
J162,30/12/2023,踱步,從化,內圈,從化 內圈,,,,,,助手,,快踱一圈,H,內圈 快踱一圈 (助手)
J162,29/12/2023,游水,從化,,從化,,,,,,,,游水,,
J162,29/12/2023,快操,從化,全天候,從化 全天候,,59.8,59.8,33.6 26.2,,助手,,H349,H,33.6 26.2 (59.8) (助手) H349
J162,29/12/2023,踱步,從化,飛機場,從化 飛機場,,,,,,助手,,踱步,H,飛機場 踱步 (助手)
J162,28/12/2023,游水,從化,,從化,,,,,,,,游水,,
J162,28/12/2023,踱步,從化,內圈,從化 內圈,,,,,,助手,,倒快一圈,H,內圈 倒快一圈 (助手)
J162,27/12/2023,游水,從化,,從化,,,,,,,,游水,,
J162,27/12/2023,踱步,從化,內圈,從化 內圈,,,,,,助手,,快踱一圈,H,內圈 快踱一圈 (助手)
J162,26/12/2023,快操,從化,草閘,從化 草閘,,48.9,48.9,25.8 23.1,,助手,,"H349, 旋風傳奇",,"25.8 23.1 (48.9) (助手) H349, 旋風傳奇"
J162,25/12/2023,踱步,從化,內圈,從化 內圈,,,,,,助手,,倒快一圈,H,內圈 倒快一圈 (助手)
J162,23/12/2023,踱步,從化,內圈,從化 內圈,,,,,,助手,,快踱一圈,H,內圈 快踱一圈 (助手)
J162,22/12/2023,快操,從化,全天候,從化 全天候,,58.1,58.1,31.6 26.5,,助手,,辣得駕勢,H,31.6 26.5 (58.1) (助手) 辣得駕勢
J162,22/12/2023,踱步,從化,飛機場,從化 飛機場,,,,,,助手,,踱步,H,飛機場 踱步 (助手)
J162,21/12/2023,踱步,從化,內圈,從化 內圈,,,,,,助手,,倒快一圈,H,內圈 倒快一圈 (助手)
J162,20/12/2023,游水,從化,,從化,,,,,,,,游水,,
J162,20/12/2023,踱步,從化,內圈,從化 內圈,,,,,,助手,,快踱一圈,H,內圈 快踱一圈 (助手)
J162,19/12/2023,游水,從化,,從化,,,,,,,,游水,,
J162,19/12/2023,快操,從化,草閘,從化 草閘,,49.4,49.4,25.6 23.8,,助手,,"H349, 旋風傳奇",H,"25.6 23.8 (49.4) (助手) H349, 旋風傳奇"
J162,19/12/2023,踱步,從化,飛機場,從化 飛機場,,,,,,助手,,踱步,H,飛機場 踱步 (助手)
J162,18/12/2023,游水,從化,,從化,,,,,,,,游水,,
J162,18/12/2023,踱步,從化,內圈,從化 內圈,,,,,,助手,,倒快一圈,H,內圈 倒快一圈 (助手)
J162,16/12/2023,游水,從化,,從化,,,,,,,,游水,,
J162,16/12/2023,踱步,從化,內圈,從化 內圈,,,,,,助手,,快踱一圈,H,內圈 快踱一圈 (助手)
J162,15/12/2023,游水,從化,,從化,,,,,,,,游水,,
J162,15/12/2023,踱步,從化,內圈,從化 內圈,,,,,,助手,,快踱一圈,H,內圈 快踱一圈 (助手)
J162,14/12/2023,游水,從化,,從化,,,,,,,,游水,,
J162,14/12/2023,快操,從化,全天候,從化 全天候,,59.3,59.3,32.1 27.2,,助手,,活力多多,H,32.1 27.2 (59.3) (助手) 活力多多
J162,14/12/2023,踱步,從化,飛機場,從化 飛機場,,,,,,助手,,踱步,H,飛機場 踱步 (助手)
J162,13/12/2023,游水,從化,,從化,,,,,,,,游水,,
J162,13/12/2023,踱步,從化,內圈,從化 內圈,,,,,,助手,,快踱一圈,H,內圈 快踱一圈 (助手)
J162,12/12/2023,游水,從化,,從化,,,,,,,,游水,,
J162,12/12/2023,踱步,從化,內圈,從化 內圈,,,,,,助手,,快踱一圈,H,內圈 快踱一圈 (助手)
J162,11/12/2023,游水,從化,,從化,,,,,,,,游水,,
J162,11/12/2023,快操,從化,全天候,從化 全天候,,58.3,58.3,31.7 26.6,,助手,,辣得駕勢,H,31.7 26.6 (58.3) (助手) 辣得駕勢
J162,11/12/2023,踱步,從化,飛機場,從化 飛機場,,,,,,助手,,踱步,H,飛機場 踱步 (助手)
J162,10/12/2023,游水,從化,,從化,,,,,,,,游水,,
J162,09/12/2023,游水,從化,,從化,,,,,,,,游水,,
J162,09/12/2023,踱步,從化,內圈,從化 內圈,,,,,,助手,,快踱一圈,H,內圈 快踱一圈 (助手)
J162,08/12/2023,游水,從化,,從化,,,,,,,,游水,,
J162,08/12/2023,踱步,從化,內圈,從化 內圈,,,,,,助手,,快踱一圈,H,內圈 快踱一圈 (助手)
J162,07/12/2023,游水,從化,,從化,,,,,,,,游水,,
J162,07/12/2023,快操,從化,全天候,從化 全天候,,58.8,58.8,31.5 27.3,,助手,,辣得駕勢,H,31.5 27.3 (58.8) (助手) 辣得駕勢
J162,07/12/2023,踱步,從化,飛機場,從化 飛機場,,,,,,助手,,踱步,H,飛機場 踱步 (助手)
J162,06/12/2023,游水,從化,,從化,,,,,,,,游水,,
J162,06/12/2023,踱步,從化,內圈,從化 內圈,,,,,,助手,,快踱一圈,H,內圈 快踱一圈 (助手)
J162,05/12/2023,游水,從化,,從化,,,,,,,,游水,,
J162,05/12/2023,踱步,從化,內圈,從化 內圈,,,,,,助手,,快踱一圈,H,內圈 快踱一圈 (助手)
J162,04/12/2023,游水,從化,,從化,,,,,,,,游水,,
J162,04/12/2023,快操,從化,全天候,從化 全天候,,59.1,59.1,31.8 27.3,,助手,,辣得駕勢,H,31.8 27.3 (59.1) (助手) 辣得駕勢
J162,04/12/2023,踱步,從化,飛機場,從化 飛機場,,,,,,助手,,踱步,H,飛機場 踱步 (助手)
J162,03/12/2023,游水,從化,,從化,,,,,,,,游水,,
J162,02/12/2023,游水,從化,,從化,,,,,,,,游水,,
J162,02/12/2023,踱步,從化,內圈,從化 內圈,,,,,,助手,,快踱一圈,H,內圈 快踱一圈 (助手)
J162,01/12/2023,游水,從化,,從化,,,,,,,,游水,,
J162,01/12/2023,踱步,從化,內圈,從化 內圈,,,,,,助手,,快踱一圈,H,內圈 快踱一圈 (助手)
J162,30/11/2023,游水,從化,,從化,,,,,,,,游水,,
J162,30/11/2023,快操,從化,全天候,從化 全天候,,58.5,58.5,32.3 26.2,,助手,,辣得駕勢,H,32.3 26.2 (58.5) (助手) 辣得駕勢
J162,30/11/2023,踱步,從化,飛機場,從化 飛機場,,,,,,助手,,踱步,H,飛機場 踱步 (助手)
J162,29/11/2023,游水,從化,,從化,,,,,,,,游水,,
J162,29/11/2023,踱步,從化,內圈,從化 內圈,,,,,,助手,,快踱一圈,H,內圈 快踱一圈 (助手)
J162,28/11/2023,游水,從化,,從化,,,,,,,,游水,,
J162,28/11/2023,踱步,從化,內圈,從化 內圈,,,,,,助手,,快踱一圈,H,內圈 快踱一圈 (助手)
J162,27/11/2023,游水,從化,,從化,,,,,,,,游水,,
J162,27/11/2023,快操,從化,全天候,從化 全天候,,58.9,58.9,31.9 27.0,,助手,,活力多多,H,31.9 27.0 (58.9) (助手) 活力多多
J162,27/11/2023,踱步,從化,飛機場,從化 飛機場,,,,,,助手,,踱步,H,飛機場 踱步 (助手)
J162,26/11/2023,游水,從化,,從化,,,,,,,,游水,,
J162,25/11/2023,踱步,從化,內圈,從化 內圈,,,,,,助手,,快踱一圈,H,內圈 快踱一圈 (助手)
J162,24/11/2023,游水,從化,,從化,,,,,,,,游水,,
J162,24/11/2023,踱步,從化,內圈,從化 內圈,,,,,,助手,,快踱一圈,H,內圈 快踱一圈 (助手)
J162,23/11/2023,快操,從化,全天候,從化 全天候,,32.1,32.1,32.1,,助手,,令才,H,32.1 (32.1) (助手) 令才
J162,23/11/2023,踱步,從化,飛機場,從化 飛機場,,,,,,助手,,踱步,H,飛機場 踱步 (助手)
J162,22/11/2023,踱步,從化,內圈,從化 內圈,,,,,,助手,,快踱一圈,H,內圈 快踱一圈 (助手)
J162,21/11/2023,踱步,從化,內圈,從化 內圈,,,,,,助手,,快踱一圈,H,內圈 快踱一圈 (助手)
J162,20/11/2023,踱步,從化,外圈,從化 外圈,,,,,,助手,,快踱一圈,H,外圈 快踱一圈 (助手)
J162,18/11/2023,踱步,從化,內圈,從化 內圈,,,,,,助手,,快踱一圈,H,內圈 快踱一圈 (助手)
J162,17/11/2023,踱步,從化,內圈,從化 內圈,,,,,,助手,,快踱一圈,H,內圈 快踱一圈 (助手)
J162,16/11/2023,踱步,從化,外圈,從化 外圈,,,,,,助手,,快踱一圈,H,外圈 快踱一圈 (助手)
J162,15/11/2023,踱步,從化,內圈,從化 內圈,,,,,,助手,,快踱一圈,H,內圈 快踱一圈 (助手)
J162,14/11/2023,踱步,從化,內圈,從化 內圈,,,,,,助手,,快踱一圈,H,內圈 快踱一圈 (助手)
J162,13/11/2023,踱步,從化,內圈,從化 內圈,,,,,,助手,,倒快一圈,H,內圈 倒快一圈 (助手)
J162,11/11/2023,踱步,從化,內圈,從化 內圈,,,,,,助手,,快踱一圈,H,內圈 快踱一圈 (助手)
J162,10/11/2023,踱步,從化,內圈,從化 內圈,,,,,,助手,,快踱一圈,H,內圈 快踱一圈 (助手)
J162,09/11/2023,踱步,從化,內圈,從化 內圈,,,,,,助手,,倒快一圈,H,內圈 倒快一圈 (助手)
J162,08/11/2023,踱步,從化,內圈,從化 內圈,,,,,,助手,,快踱一圈,H,內圈 快踱一圈 (助手)
J162,07/11/2023,踱步,從化,內圈,從化 內圈,,,,,,助手,,快踱一圈,H,內圈 快踱一圈 (助手)
J162,05/11/2023,游水,沙田,,沙田,,,,,,,,游水,,
J162,04/11/2023,游水,沙田,,沙田,,,,,,,,游水,,
J162,04/11/2023,踱步,沙田,內圈,沙田 內圈,,,,,,助手,,快踱一圈,H,內圈 快踱一圈 (助手)
J162,03/11/2023,游水,沙田,,沙田,,,,,,,,游水,,
J162,03/11/2023,踱步,沙田,內圈,沙田 內圈,,,,,,助手,,快踱一圈,H,內圈 快踱一圈 (助手)
J162,02/11/2023,游水,沙田,,沙田,,,,,,,,游水,,
J162,02/11/2023,踱步,沙田,內圈,沙田 內圈,,,,,,助手,,倒快一圈,H,內圈 倒快一圈 (助手)
J162,01/11/2023,游水,沙田,,沙田,,,,,,,,游水,,
J162,01/11/2023,踱步,沙田,內圈,沙田 內圈,,,,,,助手,,快踱一圈,H,內圈 快踱一圈 (助手)
J162,31/10/2023,游水,沙田,,沙田,,,,,,,,游水,,
J162,31/10/2023,踱步,沙田,內圈,沙田 內圈,,,,,,助手,,快踱一圈,H,內圈 快踱一圈 (助手)
J162,30/10/2023,游水,沙田,,沙田,,,,,,,,游水,,
J162,30/10/2023,踱步,沙田,內圈,沙田 內圈,,,,,,助手,,倒快一圈,H,內圈 倒快一圈 (助手)
J162,28/10/2023,踱步,沙田,內圈,沙田 內圈,,,,,,助手,,快踱一圈,H,內圈 快踱一圈 (助手)
J162,27/10/2023,踱步,沙田,內圈,沙田 內圈,,,,,,助手,,快踱一圈,H,內圈 快踱一圈 (助手)
J162,26/10/2023,踱步,沙田,內圈,沙田 內圈,,,,,,助手,,倒快一圈,H,內圈 倒快一圈 (助手)
J162,25/10/2023,踱步,沙田,內圈,沙田 內圈,,,,,,助手,,快踱一圈,H,內圈 快踱一圈 (助手)
J162,24/10/2023,踱步,沙田,內圈,沙田 內圈,,,,,,助手,,快踱一圈,H,內圈 快踱一圈 (助手)
J162,23/10/2023,踱步,沙田,內圈,沙田 內圈,,,,,,助手,,倒快一圈,H,內圈 倒快一圈 (助手)
J162,21/10/2023,踱步,沙田,內圈,沙田 內圈,,,,,,助手,,快踱一圈,H,內圈 快踱一圈 (助手)
J162,20/10/2023,踱步,沙田,內圈,沙田 內圈,,,,,,助手,,快踱一圈,H,內圈 快踱一圈 (助手)
J162,19/10/2023,踱步,沙田,內圈,沙田 內圈,,,,,,助手,,倒快一圈,H,內圈 倒快一圈 (助手)
J162,18/10/2023,踱步,沙田,內圈,沙田 內圈,,,,,,助手,,快踱一圈,H,內圈 快踱一圈 (助手)
J162,16/10/2023,踱步,沙田,飛機場,沙田 飛機場,,,,,,助手,,踱步,H,飛機場 踱步 (助手)
J162,14/10/2023,踱步,沙田,飛機場,沙田 飛機場,,,,,,助手,,踱步,H,飛機場 踱步 (助手)
J162,13/10/2023,踱步,沙田,飛機場,沙田 飛機場,,,,,,助手,,踱步,H,飛機場 踱步 (助手)
J162,12/10/2023,踱步,沙田,飛機場,沙田 飛機場,,,,,,助手,,踱步,H,飛機場 踱步 (助手)
J162,11/10/2023,踱步,沙田,飛機場,沙田 飛機場,,,,,,助手,,踱步,H,飛機場 踱步 (助手)
J162,10/10/2023,踱步,沙田,飛機場,沙田 飛機場,,,,,,助手,,踱步,H,飛機場 踱步 (助手)
