horse_no,date,work_type,racecourse,track,venue,distance,time,time_sec,splits,partner,rider,placing,comment,gear,workout_details
H113,09/09/2026,踱步,沙田,內圈,沙田 內圈,,,,,,助手,,快踱一圈,H,內圈 快踱一圈 (助手)
H113,08/09/2026,踱步,從化,內圈,從化 內圈,,,,,,助手,,快踱一圈,H,內圈 快踱一圈 (助手)
H113,07/09/2026,踱步,從化,內圈,從化 內圈,,,,,,助手,,倒快兩圈,H,內圈 倒快兩圈 (助手)
H113,06/09/2026,踱步,從化,內圈,從化 內圈,,,,,,助手,,快踱一圈,H,內圈 快踱一圈 (助手)
H113,05/09/2026,踱步,從化,內圈,從化 內圈,,,,,,助手,,快踱一圈,H,內圈 快踱一圈 (助手)
H113,04/09/2026,試閘,從化,草地,從化 草地,1200M,1.11.33,71.33,25.3 23.1 22.9,勝兄弟,巴度,,第8組,,第8組 (巴度) 1200M 勝兄弟 25.3 23.1 22.9 (1.11.33)
H113,03/09/2026,踱步,從化,內圈,從化 內圈,,,,,,助手,,倒快兩圈,H,內圈 倒快兩圈 (助手)
H113,02/09/2026,踱步,從化,內圈,從化 內圈,,,,,,助手,,快踱一圈,H,內圈 快踱一圈 (助手)
H113,01/09/2026,快操,從化,全天候,從化 全天候,,54.1,54.1,29.9 24.2,,助手,,快操,H,29.9 24.2 (54.1) (助手)
H113,01/09/2026,踱步,從化,飛機場,從化 飛機場,,,,,,助手,,踱步,H,飛機場 踱步 (助手)
H113,31/08/2026,踱步,從化,內圈,從化 內圈,,,,,,助手,,倒快兩圈,H,內圈 倒快兩圈 (助手)
H113,30/08/2026,踱步,從化,內圈,從化 內圈,,,,,,助手,,快踱一圈,H,內圈 快踱一圈 (助手)
H113,29/08/2026,踱步,從化,內圈,從化 內圈,,,,,,助手,,快踱一圈,H,內圈 快踱一圈 (助手)
H113,28/08/2026,快操,從化,全天候,從化 全天候,,56.5,56.5,30.2 26.3,,助手,,快操,H,30.2 26.3 (56.5) (助手)
H113,28/08/2026,踱步,從化,飛機場,從化 飛機場,,,,,,助手,,踱步,H,飛機場 踱步 (助手)
H113,27/08/2026,踱步,從化,內圈,從化 內圈,,,,,,助手,,倒快兩圈,H,內圈 倒快兩圈 (助手)
H113,26/08/2026,踱步,從化,內圈,從化 內圈,,,,,,助手,,快踱一圈,H,內圈 快踱一圈 (助手)
H113,25/08/2026,快操,從化,全天候,從化 全天候,,56.4,56.4,29.8 26.6,,助手,,快操,H,29.8 26.6 (56.4) (助手)
H113,25/08/2026,踱步,從化,飛機場,從化 飛機場,,,,,,助手,,踱步,H,飛機場 踱步 (助手)
H113,24/08/2026,踱步,從化,內圈,從化 內圈,,,,,,助手,,倒快兩圈,H,內圈 倒快兩圈 (助手)
H113,23/08/2026,踱步,從化,內圈,從化 內圈,,,,,,助手,,快踱一圈,H,內圈 快踱一圈 (助手)
H113,22/08/2026,踱步,從化,內圈,從化 內圈,,,,,,助手,,快踱一圈,H,內圈 快踱一圈 (助手)
H113,21/08/2026,快操,從化,全天候,從化 全天候,,56.5,56.5,29.8 26.7,,助手,,快操,H,29.8 26.7 (56.5) (助手)
H113,21/08/2026,踱步,從化,飛機場,從化 飛機場,,,,,,助手,,踱步,H,飛機場 踱步 (助手)
H113,20/08/2026,踱步,從化,內圈,從化 內圈,,,,,,助手,,倒快兩圈,H,內圈 倒快兩圈 (助手)
H113,19/08/2026,踱步,從化,內圈,從化 內圈,,,,,,助手,,快踱一圈,H,內圈 快踱一圈 (助手)
H113,18/08/2026,快操,從化,全天候,從化 全天候,,56.3,56.3,29.5 26.8,,助手,,快操,H,29.5 26.8 (56.3) (助手)
H113,18/08/2026,踱步,從化,飛機場,從化 飛機場,,,,,,助手,,踱步,H,飛機場 踱步 (助手)
H113,17/08/2026,踱步,從化,內圈,從化 內圈,,,,,,助手,,倒快兩圈,H,內圈 倒快兩圈 (助手)
H113,16/08/2026,踱步,從化,內圈,從化 內圈,,,,,,助手,,快踱一圈,H,內圈 快踱一圈 (助手)
H113,15/08/2026,踱步,從化,內圈,從化 內圈,,,,,,助手,,快踱一圈,H,內圈 快踱一圈 (助手)
H113,14/08/2026,快操,從化,全天候,從化 全天候,,57.2,57.2,30.2 27.0,,助手,,快操,H,30.2 27.0 (57.2) (助手)
H113,14/08/2026,踱步,從化,飛機場,從化 飛機場,,,,,,助手,,踱步,H,飛機場 踱步 (助手)
H113,13/08/2026,踱步,從化,內圈,從化 內圈,,,,,,助手,,倒快兩圈,H,內圈 倒快兩圈 (助手)
H113,12/08/2026,踱步,從化,內圈,從化 內圈,,,,,,助手,,快踱一圈,H,內圈 快踱一圈 (助手)
H113,11/08/2026,快操,從化,全天候,從化 全天候,,57.5,57.5,29.9 27.6,,助手,,快操,H,29.9 27.6 (57.5) (助手)
H113,11/08/2026,踱步,從化,飛機場,從化 飛機場,,,,,,助手,,踱步,H,飛機場 踱步 (助手)
H113,10/08/2026,踱步,從化,內圈,從化 內圈,,,,,,助手,,倒快兩圈,H,內圈 倒快兩圈 (助手)
H113,09/08/2026,踱步,從化,內圈,從化 內圈,,,,,,助手,,快踱一圈,H,內圈 快踱一圈 (助手)
H113,08/08/2026,踱步,從化,內圈,從化 內圈,,,,,,助手,,快踱一圈,H,內圈 快踱一圈 (助手)
H113,07/08/2026,踱步,從化,內圈,從化 內圈,,,,,,助手,,快踱一圈,H,內圈 快踱一圈 (助手)
H113,06/08/2026,踱步,從化,內圈,從化 內圈,,,,,,助手,,倒快兩圈,H,內圈 倒快兩圈 (助手)
H113,05/08/2026,踱步,從化,內圈,從化 內圈,,,,,,助手,,快踱一圈,H,內圈 快踱一圈 (助手)
H113,04/08/2026,踱步,從化,內圈,從化 內圈,,,,,,助手,,快踱一圈,H,內圈 快踱一圈 (助手)
H113,03/08/2026,踱步,從化,內圈,從化 內圈,,,,,,助手,,倒快兩圈,H,內圈 倒快兩圈 (助手)
H113,02/08/2026,踱步,從化,內圈,從化 內圈,,,,,,助手,,快踱一圈,H,內圈 快踱一圈 (助手)
H113,01/08/2026,踱步,從化,內圈,從化 內圈,,,,,,助手,,快踱一圈,H,內圈 快踱一圈 (助手)
H113,31/07/2026,踱步,從化,內圈,從化 內圈,,,,,,助手,,快踱一圈,H,內圈 快踱一圈 (助手)
H113,30/07/2026,踱步,從化,內圈,從化 內圈,,,,,,助手,,快踱一圈,H,內圈 快踱一圈 (助手)
H113,29/07/2026,踱步,從化,內圈,從化 內圈,,,,,,助手,,快踱一圈,H,內圈 快踱一圈 (助手)
H113,28/07/2026,踱步,從化,內圈,從化 內圈,,,,,,助手,,快踱一圈,H,內圈 快踱一圈 (助手)
H113,27/07/2026,踱步,從化,內圈,從化 內圈,,,,,,助手,,快踱一圈,H,內圈 快踱一圈 (助手)
H113,10/07/2026,踱步,沙田,內圈,沙田 內圈,,,,,,助手,,快踱一圈,H,內圈 快踱一圈 (助手)
H113,09/07/2026,快操,沙田,全天候,沙田 全天候,,56.5,56.5,29.5 27.0,,鍾易禮,,快操,H,29.5 27.0 (56.5) (鍾易禮)
H113,09/07/2026,踱步,沙田,飛機場,沙田 飛機場,,,,,,鍾易禮,,踱步,H,飛機場 踱步 (鍾易禮)
H113,08/07/2026,踱步,沙田,內圈,沙田 內圈,,,,,,助手,,快踱一圈,H,內圈 快踱一圈 (助手)
H113,07/07/2026,踱步,沙田,內圈,沙田 內圈,,,,,,助手,,快踱一圈,H,內圈 快踱一圈 (助手)
H113,06/07/2026,踱步,沙田,內圈,沙田 內圈,,,,,,助手,,倒快兩圈,H,內圈 倒快兩圈 (助手)
H113,05/07/2026,踱步,沙田,內圈,沙田 內圈,,,,,,助手,,快踱一圈,H,內圈 快踱一圈 (助手)
H113,04/07/2026,踱步,沙田,內圈,沙田 內圈,,,,,,助手,,快踱一圈,H,內圈 快踱一圈 (助手)
H113,03/07/2026,踱步,沙田,內圈,沙田 內圈,,,,,,助手,,快踱一圈,H,內圈 快踱一圈 (助手)
H113,01/07/2026,出賽,沙田,草地,沙田 草地,1600M,,,,,鍾易禮,13/14,出賽,TT,1600M (鍾易禮) (13/14)
H113,01/07/2026,踱步,沙田,內圈,沙田 內圈,,,,,,助手,,快踱一圈,H,內圈 快踱一圈 (助手)
H113,30/06/2026,踱步,沙田,內圈,沙田 內圈,,,,,,助手,,快踱一圈,H,內圈 快踱一圈 (助手)
H113,29/06/2026,踱步,沙田,內圈,沙田 內圈,,,,,,助手,,倒快兩圈,H,內圈 倒快兩圈 (助手)
H113,28/06/2026,快操,沙田,全天候,沙田 全天候,,55.9,55.9,30.2 25.7,,鍾易禮,,快操,H,30.2 25.7 (55.9) (鍾易禮)
H113,28/06/2026,踱步,沙田,飛機場,沙田 飛機場,,,,,,鍾易禮,,踱步,H,飛機場 踱步 (鍾易禮)
H113,27/06/2026,踱步,沙田,內圈,沙田 內圈,,,,,,助手,,快踱一圈,H,內圈 快踱一圈 (助手)
H113,26/06/2026,踱步,沙田,內圈,沙田 內圈,,,,,,助手,,快踱一圈,H,內圈 快踱一圈 (助手)
H113,25/06/2026,游水,沙田,,沙田,,,,,,,,游水,,
H113,25/06/2026,踱步,沙田,內圈,沙田 內圈,,,,,,助手,,倒快兩圈,H,內圈 倒快兩圈 (助手)
H113,24/06/2026,游水,沙田,,沙田,,,,,,,,游水,,
H113,24/06/2026,快操,沙田,全天候,沙田 全天候,,55.3,55.3,29.4 25.9,,副練馬師,,快操,H,29.4 25.9 (55.3) (副練馬師)
H113,24/06/2026,踱步,沙田,飛機場,沙田 飛機場,,,,,,副練馬師,,踱步,H,飛機場 踱步 (副練馬師)
H113,23/06/2026,踱步,沙田,內圈,沙田 內圈,,,,,,助手,,快踱一圈,H,內圈 快踱一圈 (助手)
H113,22/06/2026,踱步,沙田,內圈,沙田 內圈,,,,,,助手,,倒快兩圈,H,內圈 倒快兩圈 (助手)
H113,21/06/2026,踱步,沙田,內圈,沙田 內圈,,,,,,助手,,快踱一圈,H,內圈 快踱一圈 (助手)
H113,20/06/2026,踱步,沙田,內圈,沙田 內圈,,,,,,助手,,快踱一圈,H,內圈 快踱一圈 (助手)
H113,19/06/2026,踱步,沙田,內圈,沙田 內圈,,,,,,助手,,快踱一圈,H,內圈 快踱一圈 (助手)
H113,18/06/2026,踱步,沙田,內圈,沙田 內圈,,,,,,助手,,倒快兩圈,H,內圈 倒快兩圈 (助手)
H113,17/06/2026,踱步,沙田,內圈,沙田 內圈,,,,,,助手,,快踱一圈,H,內圈 快踱一圈 (助手)
H113,16/06/2026,試閘,沙田,全天候,沙田 全天候,1200M,1.11.89,71.89,25.4 23.6 22.8,亞機拉,鍾易禮,,第3組,,第3組 (鍾易禮) 1200M 亞機拉 25.4 23.6 22.8 (1.11.89)
H113,15/06/2026,踱步,沙田,內圈,沙田 內圈,,,,,,助手,,倒快兩圈,H,內圈 倒快兩圈 (助手)
H113,14/06/2026,踱步,沙田,內圈,沙田 內圈,,,,,,助手,,快踱一圈,H,內圈 快踱一圈 (助手)
H113,13/06/2026,快操,沙田,全天候,沙田 全天候,,1.02.3,62.3,32.3 30.0,,鍾易禮,,快操,H,32.3 30.0 (1.02.3) (鍾易禮)
H113,13/06/2026,踱步,沙田,飛機場,沙田 飛機場,,,,,,鍾易禮,,踱步,H,飛機場 踱步 (鍾易禮)
H113,12/06/2026,踱步,沙田,內圈,沙田 內圈,,,,,,助手,,快踱一圈,H,內圈 快踱一圈 (助手)
H113,11/06/2026,踱步,沙田,內圈,沙田 內圈,,,,,,助手,,倒快兩圈,H,內圈 倒快兩圈 (助手)
H113,10/06/2026,快操,沙田,全天候,沙田 全天候,,56.4,56.4,30.0 26.4,,鍾易禮,,快操,H,30.0 26.4 (56.4) (鍾易禮)
H113,10/06/2026,踱步,沙田,飛機場,沙田 飛機場,,,,,,鍾易禮,,踱步,H,飛機場 踱步 (鍾易禮)
H113,09/06/2026,踱步,沙田,內圈,沙田 內圈,,,,,,助手,,快踱一圈,H,內圈 快踱一圈 (助手)
H113,08/06/2026,踱步,沙田,內圈,沙田 內圈,,,,,,助手,,倒快兩圈,H,內圈 倒快兩圈 (助手)
H113,07/06/2026,踱步,沙田,內圈,沙田 內圈,,,,,,助手,,快踱一圈,H,內圈 快踱一圈 (助手)
H113,06/06/2026,踱步,沙田,內圈,沙田 內圈,,,,,,助手,,快踱一圈,H,內圈 快踱一圈 (助手)
H113,05/06/2026,踱步,沙田,內圈,沙田 內圈,,,,,,助手,,快踱一圈,H,內圈 快踱一圈 (助手)
H113,04/06/2026,踱步,沙田,內圈,沙田 內圈,,,,,,助手,,倒快兩圈,H,內圈 倒快兩圈 (助手)
H113,03/06/2026,快操,沙田,全天候,沙田 全天候,,56.6,56.6,29.9 26.7,,鍾易禮,,快操,H,29.9 26.7 (56.6) (鍾易禮)
H113,03/06/2026,踱步,沙田,飛機場,沙田 飛機場,,,,,,鍾易禮,,踱步,H,飛機場 踱步 (鍾易禮)
H113,02/06/2026,踱步,沙田,內圈,沙田 內圈,,,,,,助手,,快踱一圈,H,內圈 快踱一圈 (助手)
H113,01/06/2026,踱步,沙田,內圈,沙田 內圈,,,,,,助手,,倒快兩圈,H,內圈 倒快兩圈 (助手)
H113,31/05/2026,快操,沙田,全天候,沙田 全天候,,55.7,55.7,29.9 25.8,,鍾易禮,,快操,H,29.9 25.8 (55.7) (鍾易禮)
H113,31/05/2026,踱步,沙田,飛機場,沙田 飛機場,,,,,,鍾易禮,,踱步,H,飛機場 踱步 (鍾易禮)
H113,30/05/2026,踱步,沙田,內圈,沙田 內圈,,,,,,助手,,快踱一圈,H,內圈 快踱一圈 (助手)
H113,29/05/2026,踱步,沙田,內圈,沙田 內圈,,,,,,助手,,快踱一圈,H,內圈 快踱一圈 (助手)
H113,28/05/2026,踱步,沙田,內圈,沙田 內圈,,,,,,助手,,倒快兩圈,H,內圈 倒快兩圈 (助手)
H113,27/05/2026,快操,沙田,全天候,沙田 全天候,,57.0,57.0,29.8 27.2,,鍾易禮,,快操,H/P,29.8 27.2 (57.0) (鍾易禮)
H113,27/05/2026,踱步,沙田,飛機場,沙田 飛機場,,,,,,鍾易禮,,踱步,H/P,飛機場 踱步 (鍾易禮)
H113,26/05/2026,踱步,沙田,內圈,沙田 內圈,,,,,,助手,,快踱一圈,H,內圈 快踱一圈 (助手)
H113,25/05/2026,踱步,沙田,內圈,沙田 內圈,,,,,,助手,,倒快兩圈,H,內圈 倒快兩圈 (助手)
H113,24/05/2026,快操,沙田,全天候,沙田 全天候,,56.4,56.4,30.3 26.1,,鍾易禮,,快操,H,30.3 26.1 (56.4) (鍾易禮)
H113,24/05/2026,踱步,沙田,飛機場,沙田 飛機場,,,,,,鍾易禮,,踱步,H,飛機場 踱步 (鍾易禮)
H113,23/05/2026,踱步,從化,內圈,從化 內圈,,,,,,助手,,快踱一圈,H,內圈 快踱一圈 (助手)
H113,22/05/2026,踱步,從化,內圈,從化 內圈,,,,,,助手,,快踱一圈,H,內圈 快踱一圈 (助手)
H113,21/05/2026,踱步,從化,內圈,從化 內圈,,,,,,助手,,倒快兩圈,H,內圈 倒快兩圈 (助手)
H113,20/05/2026,快操,從化,全天候,從化 全天候,,57.2,57.2,30.4 26.8,,助手,,快操,H,30.4 26.8 (57.2) (助手)
H113,20/05/2026,踱步,從化,飛機場,從化 飛機場,,,,,,助手,,踱步,H,飛機場 踱步 (助手)
H113,19/05/2026,踱步,從化,內圈,從化 內圈,,,,,,助手,,快踱一圈,H,內圈 快踱一圈 (助手)
H113,18/05/2026,踱步,從化,內圈,從化 內圈,,,,,,助手,,倒快兩圈,H,內圈 倒快兩圈 (助手)
H113,17/05/2026,快操,從化,全天候,從化 全天候,,57.2,57.2,30.1 27.1,,助手,,快操,H,30.1 27.1 (57.2) (助手)
H113,17/05/2026,踱步,從化,飛機場,從化 飛機場,,,,,,助手,,踱步,H,飛機場 踱步 (助手)
H113,16/05/2026,踱步,從化,內圈,從化 內圈,,,,,,助手,,快踱一圈,H,內圈 快踱一圈 (助手)
H113,15/05/2026,踱步,從化,內圈,從化 內圈,,,,,,助手,,快踱一圈,H,內圈 快踱一圈 (助手)
H113,14/05/2026,踱步,從化,內圈,從化 內圈,,,,,,助手,,倒快兩圈,H,內圈 倒快兩圈 (助手)
H113,13/05/2026,踱步,從化,內圈,從化 內圈,,,,,,助手,,快踱一圈,H,內圈 快踱一圈 (助手)
H113,12/05/2026,踱步,從化,內圈,從化 內圈,,,,,,助手,,快踱一圈,H,內圈 快踱一圈 (助手)
H113,11/05/2026,試閘,從化,草地,從化 草地,1200M,1.10.94,70.94,25.0 22.2 23.7,亞機拉,楊明綸,,第8組,,第8組 (楊明綸) 1200M 亞機拉 25.0 22.2 23.7 (1.10.94)
H113,10/05/2026,踱步,從化,內圈,從化 內圈,,,,,,助手,,快踱一圈,H,內圈 快踱一圈 (助手)
H113,09/05/2026,踱步,從化,內圈,從化 內圈,,,,,,助手,,快踱一圈,H,內圈 快踱一圈 (助手)
H113,08/05/2026,快操,從化,全天候,從化 全天候,,57.0,57.0,30.1 26.9,,助手,,快操,H,30.1 26.9 (57.0) (助手)
H113,08/05/2026,踱步,從化,飛機場,從化 飛機場,,,,,,助手,,踱步,H,飛機場 踱步 (助手)
H113,07/05/2026,踱步,從化,內圈,從化 內圈,,,,,,助手,,倒快兩圈,H,內圈 倒快兩圈 (助手)
H113,06/05/2026,踱步,從化,內圈,從化 內圈,,,,,,助手,,快踱一圈,H,內圈 快踱一圈 (助手)
H113,05/05/2026,踱步,從化,內圈,從化 內圈,,,,,,助手,,快踱一圈,H,內圈 快踱一圈 (助手)
H113,04/05/2026,踱步,從化,內圈,從化 內圈,,,,,,助手,,倒快兩圈,H,內圈 倒快兩圈 (助手)
H113,03/05/2026,快操,從化,全天候,從化 全天候,,55.8,55.8,29.5 26.3,,助手,,快操,H,29.5 26.3 (55.8) (助手)
H113,03/05/2026,踱步,從化,飛機場,從化 飛機場,,,,,,助手,,踱步,H,飛機場 踱步 (助手)
H113,02/05/2026,踱步,從化,內圈,從化 內圈,,,,,,助手,,快踱一圈,H,內圈 快踱一圈 (助手)
H113,01/05/2026,踱步,從化,內圈,從化 內圈,,,,,,助手,,快踱一圈,H,內圈 快踱一圈 (助手)
H113,30/04/2026,踱步,從化,內圈,從化 內圈,,,,,,助手,,倒快兩圈,H,內圈 倒快兩圈 (助手)
H113,29/04/2026,踱步,沙田,內圈,沙田 內圈,,,,,,助手,,快踱一圈,H,內圈 快踱一圈 (助手)
H113,28/04/2026,踱步,沙田,內圈,沙田 內圈,,,,,,助手,,快踱一圈,H,內圈 快踱一圈 (助手)
H113,26/04/2026,出賽,沙田,草地,沙田 草地,1200M,,,,,田泰安,10/14,出賽,TT,1200M (田泰安) (10/14)
H113,26/04/2026,踱步,沙田,內圈,沙田 內圈,,,,,,助手,,快踱一圈,H,內圈 快踱一圈 (助手)
H113,25/04/2026,踱步,沙田,內圈,沙田 內圈,,,,,,助手,,快踱一圈,H,內圈 快踱一圈 (助手)
H113,24/04/2026,踱步,沙田,內圈,沙田 內圈,,,,,,助手,,快踱一圈,,內圈 快踱一圈 (助手)
H113,23/04/2026,快操,從化,全天候,從化 全天候,,55.6,55.6,29.6 26.0,,助手,,快操,H,29.6 26.0 (55.6) (助手)
H113,23/04/2026,踱步,從化,飛機場,從化 飛機場,,,,,,助手,,踱步,H,飛機場 踱步 (助手)
H113,22/04/2026,踱步,從化,內圈,從化 內圈,,,,,,助手,,快踱一圈,H,內圈 快踱一圈 (助手)
H113,21/04/2026,踱步,從化,內圈,從化 內圈,,,,,,助手,,快踱一圈,H,內圈 快踱一圈 (助手)
H113,20/04/2026,踱步,從化,內圈,從化 內圈,,,,,,助手,,倒快兩圈,H,內圈 倒快兩圈 (助手)
H113,19/04/2026,快操,從化,全天候,從化 全天候,,57.2,57.2,30.0 27.2,,助手,,快操,H,30.0 27.2 (57.2) (助手)
H113,19/04/2026,踱步,從化,飛機場,從化 飛機場,,,,,,助手,,踱步,H,飛機場 踱步 (助手)
H113,18/04/2026,踱步,從化,內圈,從化 內圈,,,,,,助手,,快踱一圈,H,內圈 快踱一圈 (助手)
H113,17/04/2026,踱步,從化,內圈,從化 內圈,,,,,,助手,,快踱一圈,H,內圈 快踱一圈 (助手)
H113,16/04/2026,踱步,從化,內圈,從化 內圈,,,,,,助手,,倒快兩圈,H,內圈 倒快兩圈 (助手)
H113,15/04/2026,踱步,沙田,內圈,沙田 內圈,,,,,,助手,,快踱一圈,H,內圈 快踱一圈 (助手)
H113,14/04/2026,踱步,沙田,內圈,沙田 內圈,,,,,,助手,,快踱一圈,H,內圈 快踱一圈 (助手)
H113,12/04/2026,出賽,沙田,草地,沙田 草地,1400M,,,,,鍾易禮,11/12,出賽,TT,1400M (鍾易禮) (11/12)
H113,12/04/2026,踱步,沙田,內圈,沙田 內圈,,,,,,助手,,快踱一圈,H,內圈 快踱一圈 (助手)
H113,11/04/2026,踱步,沙田,內圈,沙田 內圈,,,,,,助手,,快踱一圈,H,內圈 快踱一圈 (助手)
H113,10/04/2026,踱步,沙田,內圈,沙田 內圈,,,,,,助手,,快踱一圈,,內圈 快踱一圈 (助手)
H113,09/04/2026,快操,從化,全天候,從化 全天候,,56.6,56.6,30.6 26.0,,助手,,快操,H,30.6 26.0 (56.6) (助手)
H113,09/04/2026,踱步,從化,飛機場,從化 飛機場,,,,,,助手,,踱步,H,飛機場 踱步 (助手)
H113,08/04/2026,踱步,從化,內圈,從化 內圈,,,,,,助手,,快踱一圈,H,內圈 快踱一圈 (助手)
H113,07/04/2026,踱步,從化,內圈,從化 內圈,,,,,,助手,,快踱一圈,H,內圈 快踱一圈 (助手)
H113,06/04/2026,踱步,從化,內圈,從化 內圈,,,,,,助手,,倒快兩圈,H,內圈 倒快兩圈 (助手)
H113,05/04/2026,快操,從化,全天候,從化 全天候,,57.0,57.0,30.4 26.6,,助手,,快操,H,30.4 26.6 (57.0) (助手)
H113,05/04/2026,踱步,從化,飛機場,從化 飛機場,,,,,,助手,,踱步,H,飛機場 踱步 (助手)
H113,04/04/2026,踱步,從化,內圈,從化 內圈,,,,,,助手,,快踱一圈,H,內圈 快踱一圈 (助手)
H113,03/04/2026,踱步,從化,內圈,從化 內圈,,,,,,助手,,快踱一圈,H,內圈 快踱一圈 (助手)
H113,02/04/2026,快操,從化,全天候,從化 全天候,,56.6,56.6,29.9 26.7,,助手,,快操,H,29.9 26.7 (56.6) (助手)
H113,02/04/2026,踱步,從化,飛機場,從化 飛機場,,,,,,助手,,踱步,H,飛機場 踱步 (助手)
H113,01/04/2026,踱步,從化,內圈,從化 內圈,,,,,,助手,,快踱一圈,H,內圈 快踱一圈 (助手)
H113,31/03/2026,踱步,從化,內圈,從化 內圈,,,,,,助手,,快踱一圈,H,內圈 快踱一圈 (助手)
H113,30/03/2026,踱步,從化,內圈,從化 內圈,,,,,,助手,,倒快兩圈,H,內圈 倒快兩圈 (助手)
H113,29/03/2026,快操,從化,全天候,從化 全天候,,57.0,57.0,29.8 27.2,,助手,,快操,H,29.8 27.2 (57.0) (助手)
H113,29/03/2026,踱步,從化,飛機場,從化 飛機場,,,,,,助手,,踱步,H,飛機場 踱步 (助手)
H113,28/03/2026,踱步,從化,內圈,從化 內圈,,,,,,助手,,快踱一圈,H,內圈 快踱一圈 (助手)
H113,27/03/2026,踱步,從化,內圈,從化 內圈,,,,,,助手,,快踱一圈,H,內圈 快踱一圈 (助手)
H113,26/03/2026,踱步,從化,內圈,從化 內圈,,,,,,助手,,倒快兩圈,H,內圈 倒快兩圈 (助手)
H113,25/03/2026,踱步,沙田,內圈,沙田 內圈,,,,,,助手,,快踱一圈,H,內圈 快踱一圈 (助手)
H113,24/03/2026,踱步,沙田,內圈,沙田 內圈,,,,,,助手,,快踱一圈,H,內圈 快踱一圈 (助手)
H113,22/03/2026,出賽,沙田,草地,沙田 草地,1400M,,,,,鍾易禮,6/12,出賽,TT,1400M (鍾易禮) (6/12)
H113,22/03/2026,踱步,沙田,內圈,沙田 內圈,,,,,,助手,,快踱一圈,H,內圈 快踱一圈 (助手)
H113,21/03/2026,踱步,沙田,內圈,沙田 內圈,,,,,,助手,,快踱一圈,H,內圈 快踱一圈 (助手)
H113,20/03/2026,踱步,沙田,內圈,沙田 內圈,,,,,,助手,,快踱一圈,H,內圈 快踱一圈 (助手)
H113,19/03/2026,踱步,沙田,內圈,沙田 內圈,,,,,,助手,,倒快兩圈,H,內圈 倒快兩圈 (助手)
H113,18/03/2026,踱步,沙田,內圈,沙田 內圈,,,,,,助手,,快踱一圈,H,內圈 快踱一圈 (助手)
H113,17/03/2026,踱步,沙田,內圈,沙田 內圈,,,,,,助手,,快踱一圈,H,內圈 快踱一圈 (助手)
H113,16/03/2026,踱步,沙田,內圈,沙田 內圈,,,,,,助手,,倒快兩圈,H,內圈 倒快兩圈 (助手)
H113,15/03/2026,踱步,沙田,內圈,沙田 內圈,,,,,,助手,,快踱一圈,H,內圈 快踱一圈 (助手)
H113,14/03/2026,踱步,沙田,內圈,沙田 內圈,,,,,,助手,,快踱一圈,H,內圈 快踱一圈 (助手)
H113,13/03/2026,踱步,沙田,內圈,沙田 內圈,,,,,,助手,,快踱一圈,H,內圈 快踱一圈 (助手)
H113,11/03/2026,出賽,跑馬地,草地,跑馬地 草地,1200M,,,,,鍾易禮,6/11,出賽,TT,1200M (鍾易禮) (6/11)
H113,11/03/2026,踱步,沙田,內圈,沙田 內圈,,,,,,助手,,快踱一圈,H,內圈 快踱一圈 (助手)
H113,10/03/2026,踱步,沙田,內圈,沙田 內圈,,,,,,助手,,快踱一圈,H,內圈 快踱一圈 (助手)
H113,09/03/2026,踱步,沙田,內圈,沙田 內圈,,,,,,鍾易禮,,倒快兩圈,H,內圈 倒快兩圈 (鍾易禮)
H113,08/03/2026,快操,沙田,全天候,沙田 全天候,,56.5,56.5,30.6 25.9,,助手,,快操,H,30.6 25.9 (56.5) (助手)
H113,08/03/2026,踱步,沙田,飛機場,沙田 飛機場,,,,,,助手,,踱步,H,飛機場 踱步 (助手)
H113,07/03/2026,踱步,沙田,內圈,沙田 內圈,,,,,,助手,,快踱一圈,H,內圈 快踱一圈 (助手)
H113,06/03/2026,踱步,沙田,內圈,沙田 內圈,,,,,,助手,,快踱一圈,H,內圈 快踱一圈 (助手)
H113,05/03/2026,踱步,沙田,內圈,沙田 內圈,,,,,,助手,,倒快兩圈,H,內圈 倒快兩圈 (助手)
H113,04/03/2026,快操,沙田,全天候,沙田 全天候,,56.7,56.7,29.7 27.0,,鍾易禮,,快操,H,29.7 27.0 (56.7) (鍾易禮)
H113,04/03/2026,踱步,沙田,飛機場,沙田 飛機場,,,,,,助手,,踱步,H,飛機場 踱步 (助手)
H113,03/03/2026,踱步,沙田,內圈,沙田 內圈,,,,,,助手,,快踱一圈,H,內圈 快踱一圈 (助手)
H113,02/03/2026,踱步,沙田,內圈,沙田 內圈,,,,,,助手,,倒快兩圈,H,內圈 倒快兩圈 (助手)
H113,01/03/2026,踱步,沙田,內圈,沙田 內圈,,,,,,助手,,快踱一圈,H,內圈 快踱一圈 (助手)
H113,28/02/2026,踱步,沙田,內圈,沙田 內圈,,,,,,助手,,快踱一圈,H,內圈 快踱一圈 (助手)
H113,27/02/2026,踱步,沙田,內圈,沙田 內圈,,,,,,助手,,快踱一圈,H,內圈 快踱一圈 (助手)
H113,25/02/2026,出賽,跑馬地,草地,跑馬地 草地,1200M,,,,,鍾易禮,1/12,出賽,TT,1200M (鍾易禮) (1/12)
H113,25/02/2026,踱步,沙田,內圈,沙田 內圈,,,,,,助手,,快踱一圈,H,內圈 快踱一圈 (助手)
H113,24/02/2026,踱步,沙田,內圈,沙田 內圈,,,,,,助手,,快踱一圈,,內圈 快踱一圈 (助手)
H113,23/02/2026,踱步,從化,內圈,從化 內圈,,,,,,助手,,倒快兩圈,H,內圈 倒快兩圈 (助手)
H113,22/02/2026,快操,從化,全天候,從化 全天候,,56.3,56.3,30.4 25.9,,助手,,快操,H,30.4 25.9 (56.3) (助手)
H113,22/02/2026,踱步,從化,飛機場,從化 飛機場,,,,,,助手,,踱步,H,飛機場 踱步 (助手)
H113,21/02/2026,踱步,從化,內圈,從化 內圈,,,,,,助手,,快踱一圈,H,內圈 快踱一圈 (助手)
H113,20/02/2026,踱步,從化,內圈,從化 內圈,,,,,,助手,,快踱一圈,H,內圈 快踱一圈 (助手)
H113,19/02/2026,踱步,從化,內圈,從化 內圈,,,,,,助手,,倒快兩圈,H,內圈 倒快兩圈 (助手)
H113,18/02/2026,快操,從化,全天候,從化 全天候,,57.0,57.0,30.0 27.0,,助手,,快操,H,30.0 27.0 (57.0) (助手)
H113,18/02/2026,踱步,從化,飛機場,從化 飛機場,,,,,,助手,,踱步,H,飛機場 踱步 (助手)
H113,16/02/2026,踱步,從化,內圈,從化 內圈,,,,,,助手,,倒快兩圈,H,內圈 倒快兩圈 (助手)
H113,15/02/2026,踱步,從化,內圈,從化 內圈,,,,,,助手,,快踱一圈,H,內圈 快踱一圈 (助手)
H113,14/02/2026,踱步,從化,內圈,從化 內圈,,,,,,助手,,快踱一圈,H,內圈 快踱一圈 (助手)
H113,13/02/2026,踱步,沙田,內圈,沙田 內圈,,,,,,助手,,快踱一圈,H,內圈 快踱一圈 (助手)
H113,11/02/2026,出賽,跑馬地,草地,跑馬地 草地,1650M,,,,,鍾易禮,12/12,出賽,TT,1650M (鍾易禮) (12/12)
H113,11/02/2026,踱步,沙田,內圈,沙田 內圈,,,,,,助手,,快踱一圈,H,內圈 快踱一圈 (助手)
H113,10/02/2026,踱步,沙田,內圈,沙田 內圈,,,,,,助手,,快踱一圈,H,內圈 快踱一圈 (助手)
H113,09/02/2026,踱步,沙田,內圈,沙田 內圈,,,,,,助手,,倒快兩圈,H,內圈 倒快兩圈 (助手)
H113,08/02/2026,快操,沙田,全天候,沙田 全天候,,55.7,55.7,28.8 26.9,,鍾易禮,,快操,H/P,28.8 26.9 (55.7) (鍾易禮)
H113,08/02/2026,踱步,沙田,飛機場,沙田 飛機場,,,,,,鍾易禮,,踱步,H/P,飛機場 踱步 (鍾易禮)
H113,07/02/2026,踱步,沙田,內圈,沙田 內圈,,,,,,助手,,快踱一圈,H,內圈 快踱一圈 (助手)
H113,06/02/2026,踱步,沙田,內圈,沙田 內圈,,,,,,助手,,快踱一圈,,內圈 快踱一圈 (助手)
H113,05/02/2026,快操,從化,全天候,從化 全天候,,56.1,56.1,30.1 26.0,,助手,,快操,H,30.1 26.0 (56.1) (助手)
H113,05/02/2026,踱步,從化,飛機場,從化 飛機場,,,,,,助手,,踱步,H,飛機場 踱步 (助手)
H113,04/02/2026,踱步,從化,內圈,從化 內圈,,,,,,助手,,快踱一圈,H,內圈 快踱一圈 (助手)
H113,03/02/2026,踱步,從化,內圈,從化 內圈,,,,,,助手,,快踱一圈,H,內圈 快踱一圈 (助手)
H113,02/02/2026,踱步,從化,內圈,從化 內圈,,,,,,助手,,倒快兩圈,H,內圈 倒快兩圈 (助手)
H113,01/02/2026,快操,從化,全天候,從化 全天候,,57.6,57.6,30.5 27.1,,助手,,快操,H,30.5 27.1 (57.6) (助手)
H113,01/02/2026,踱步,從化,飛機場,從化 飛機場,,,,,,助手,,踱步,H,飛機場 踱步 (助手)
H113,31/01/2026,踱步,從化,內圈,從化 內圈,,,,,,助手,,快踱一圈,H,內圈 快踱一圈 (助手)
H113,30/01/2026,踱步,從化,內圈,從化 內圈,,,,,,助手,,快踱一圈,H,內圈 快踱一圈 (助手)
H113,29/01/2026,快操,從化,全天候,從化 全天候,,57.2,57.2,30.7 26.5,,助手,,快操,H,30.7 26.5 (57.2) (助手)
H113,29/01/2026,踱步,從化,飛機場,從化 飛機場,,,,,,助手,,踱步,H,飛機場 踱步 (助手)
H113,28/01/2026,踱步,從化,內圈,從化 內圈,,,,,,助手,,快踱一圈,H,內圈 快踱一圈 (助手)
H113,27/01/2026,踱步,從化,內圈,從化 內圈,,,,,,助手,,快踱一圈,H,內圈 快踱一圈 (助手)
H113,26/01/2026,踱步,從化,內圈,從化 內圈,,,,,,助手,,倒快兩圈,H,內圈 倒快兩圈 (助手)
H113,25/01/2026,快操,從化,全天候,從化 全天候,,56.5,56.5,29.9 26.6,,助手,,快操,H,29.9 26.6 (56.5) (助手)
H113,25/01/2026,踱步,從化,飛機場,從化 飛機場,,,,,,助手,,踱步,H,飛機場 踱步 (助手)
H113,24/01/2026,踱步,從化,內圈,從化 內圈,,,,,,助手,,快踱一圈,H,內圈 快踱一圈 (助手)
H113,23/01/2026,踱步,從化,內圈,從化 內圈,,,,,,助手,,快踱一圈,H,內圈 快踱一圈 (助手)
H113,22/01/2026,踱步,從化,內圈,從化 內圈,,,,,,助手,,倒快兩圈,H,內圈 倒快兩圈 (助手)
H113,21/01/2026,踱步,沙田,內圈,沙田 內圈,,,,,,助手,,快踱一圈,H,內圈 快踱一圈 (助手)
H113,20/01/2026,踱步,沙田,內圈,沙田 內圈,,,,,,助手,,快踱一圈,H,內圈 快踱一圈 (助手)
H113,18/01/2026,出賽,沙田,草地,沙田 草地,1400M,,,,,紀仁安,4/14,出賽,TT,1400M (紀仁安) (4/14)
H113,18/01/2026,踱步,沙田,內圈,沙田 內圈,,,,,,助手,,快踱一圈,H,內圈 快踱一圈 (助手)
H113,17/01/2026,踱步,沙田,內圈,沙田 內圈,,,,,,助手,,快踱一圈,H,內圈 快踱一圈 (助手)
H113,16/01/2026,踱步,沙田,內圈,沙田 內圈,,,,,,助手,,快踱一圈,H,內圈 快踱一圈 (助手)
H113,15/01/2026,快操,沙田,全天候,沙田 全天候,,55.9,55.9,30.5 25.4,,副練馬師,,快操,H,30.5 25.4 (55.9) (副練馬師)
H113,15/01/2026,踱步,沙田,飛機場,沙田 飛機場,,,,,,副練馬師,,踱步,H,飛機場 踱步 (副練馬師)
H113,14/01/2026,踱步,沙田,內圈,沙田 內圈,,,,,,助手,,快踱一圈,H,內圈 快踱一圈 (助手)
H113,13/01/2026,踱步,沙田,內圈,沙田 內圈,,,,,,助手,,快踱一圈,H,內圈 快踱一圈 (助手)
H113,12/01/2026,踱步,沙田,內圈,沙田 內圈,,,,,,助手,,倒快兩圈,H,內圈 倒快兩圈 (助手)
H113,11/01/2026,快操,沙田,全天候,沙田 全天候,,55.3,55.3,29.4 25.9,,鍾易禮,,快操,H/P,29.4 25.9 (55.3) (鍾易禮)
H113,11/01/2026,踱步,沙田,飛機場,沙田 飛機場,,,,,,鍾易禮,,踱步,H/P,飛機場 踱步 (鍾易禮)
H113,10/01/2026,踱步,沙田,內圈,沙田 內圈,,,,,,助手,,快踱一圈,H,內圈 快踱一圈 (助手)
H113,09/01/2026,踱步,沙田,內圈,沙田 內圈,,,,,,助手,,快踱一圈,H,內圈 快踱一圈 (助手)
H113,08/01/2026,踱步,沙田,內圈,沙田 內圈,,,,,,助手,,倒快兩圈,H,內圈 倒快兩圈 (助手)
H113,07/01/2026,快操,沙田,全天候,沙田 全天候,,56.6,56.6,30.2 26.4,,鍾易禮,,快操,H,30.2 26.4 (56.6) (鍾易禮)
H113,07/01/2026,踱步,沙田,飛機場,沙田 飛機場,,,,,,鍾易禮,,踱步,H,飛機場 踱步 (鍾易禮)
H113,06/01/2026,踱步,沙田,內圈,沙田 內圈,,,,,,助手,,快踱一圈,H,內圈 快踱一圈 (助手)
H113,05/01/2026,踱步,沙田,內圈,沙田 內圈,,,,,,助手,,倒快兩圈,H,內圈 倒快兩圈 (助手)
H113,04/01/2026,快操,沙田,全天候,沙田 全天候,,56.1,56.1,30.1 26.0,,助手,,快操,H/P,30.1 26.0 (56.1) (助手)
H113,04/01/2026,踱步,沙田,飛機場,沙田 飛機場,,,,,,助手,,踱步,H/P,飛機場 踱步 (助手)
H113,03/01/2026,踱步,沙田,內圈,沙田 內圈,,,,,,助手,,快踱一圈,H,內圈 快踱一圈 (助手)
H113,02/01/2026,踱步,沙田,內圈,沙田 內圈,,,,,,助手,,快踱一圈,H,內圈 快踱一圈 (助手)
H113,01/01/2026,踱步,沙田,內圈,沙田 內圈,,,,,,助手,,倒快兩圈,H,內圈 倒快兩圈 (助手)
H113,31/12/2025,踱步,沙田,內圈,沙田 內圈,,,,,,助手,,快踱一圈,H,內圈 快踱一圈 (助手)
H113,30/12/2025,踱步,沙田,內圈,沙田 內圈,,,,,,助手,,快踱一圈,H,內圈 快踱一圈 (助手)
H113,29/12/2025,試閘,沙田,全天候,沙田 全天候,1200M,1.10.33,70.33,24.4 22.7 23.2,亞機拉,鍾易禮,,第3組,,第3組 (鍾易禮) 1200M 亞機拉 24.4 22.7 23.2 (1.10.33)
H113,28/12/2025,踱步,沙田,內圈,沙田 內圈,,,,,,助手,,快踱一圈,H,內圈 快踱一圈 (助手)
H113,27/12/2025,踱步,沙田,內圈,沙田 內圈,,,,,,助手,,快踱一圈,H,內圈 快踱一圈 (助手)
H113,26/12/2025,快操,沙田,全天候,沙田 全天候,,55.6,55.6,29.4 26.2,,助手,,快操,H,29.4 26.2 (55.6) (助手)
H113,26/12/2025,踱步,沙田,飛機場,沙田 飛機場,,,,,,助手,,踱步,H,飛機場 踱步 (助手)
H113,25/12/2025,踱步,沙田,內圈,沙田 內圈,,,,,,助手,,倒快兩圈,H,內圈 倒快兩圈 (助手)
H113,24/12/2025,踱步,沙田,內圈,沙田 內圈,,,,,,助手,,快踱一圈,H,內圈 快踱一圈 (助手)
H113,23/12/2025,快操,沙田,全天候,沙田 全天候,,56.5,56.5,30.1 26.4,,助手,,快操,H,30.1 26.4 (56.5) (助手)
H113,23/12/2025,踱步,沙田,飛機場,沙田 飛機場,,,,,,助手,,踱步,H,飛機場 踱步 (助手)
H113,22/12/2025,踱步,沙田,內圈,沙田 內圈,,,,,,助手,,倒快兩圈,H,內圈 倒快兩圈 (助手)
H113,21/12/2025,快操,沙田,全天候,沙田 全天候,,56.4,56.4,30.2 26.2,,助手,,快操,H,30.2 26.2 (56.4) (助手)
H113,21/12/2025,踱步,沙田,飛機場,沙田 飛機場,,,,,,助手,,踱步,H,飛機場 踱步 (助手)
H113,20/12/2025,踱步,沙田,內圈,沙田 內圈,,,,,,助手,,快踱一圈,H,內圈 快踱一圈 (助手)
H113,19/12/2025,踱步,沙田,內圈,沙田 內圈,,,,,,助手,,快踱一圈,H,內圈 快踱一圈 (助手)
H113,18/12/2025,踱步,沙田,內圈,沙田 內圈,,,,,,助手,,倒快兩圈,H,內圈 倒快兩圈 (助手)
H113,17/12/2025,快操,沙田,全天候,沙田 全天候,,55.7,55.7,29.6 26.1,,鍾易禮,,快操,H,29.6 26.1 (55.7) (鍾易禮)
H113,17/12/2025,踱步,沙田,飛機場,沙田 飛機場,,,,,,鍾易禮,,踱步,H,飛機場 踱步 (鍾易禮)
H113,16/12/2025,踱步,沙田,內圈,沙田 內圈,,,,,,助手,,快踱一圈,H,內圈 快踱一圈 (助手)
H113,15/12/2025,踱步,沙田,內圈,沙田 內圈,,,,,,助手,,倒快兩圈,H,內圈 倒快兩圈 (助手)
H113,14/12/2025,快操,沙田,全天候,沙田 全天候,,55.9,55.9,29.7 26.2,,助手,,快操,H,29.7 26.2 (55.9) (助手)
H113,14/12/2025,踱步,沙田,飛機場,沙田 飛機場,,,,,,助手,,踱步,H,飛機場 踱步 (助手)
H113,13/12/2025,踱步,沙田,內圈,沙田 內圈,,,,,,助手,,快踱兩圈,H,內圈 快踱兩圈 (助手)
H113,12/12/2025,踱步,沙田,內圈,沙田 內圈,,,,,,助手,,快踱一圈,H,內圈 快踱一圈 (助手)
H113,11/12/2025,快操,沙田,全天候,沙田 全天候,,55.9,55.9,29.4 26.5,,鍾易禮,,快操,H,29.4 26.5 (55.9) (鍾易禮)
H113,11/12/2025,踱步,沙田,飛機場,沙田 飛機場,,,,,,鍾易禮,,踱步,H,飛機場 踱步 (鍾易禮)
H113,10/12/2025,踱步,沙田,內圈,沙田 內圈,,,,,,助手,,快踱一圈,H,內圈 快踱一圈 (助手)
H113,09/12/2025,踱步,沙田,內圈,沙田 內圈,,,,,,助手,,快踱一圈,H,內圈 快踱一圈 (助手)
H113,08/12/2025,踱步,沙田,內圈,沙田 內圈,,,,,,助手,,倒快兩圈,H,內圈 倒快兩圈 (助手)
H113,07/12/2025,快操,沙田,全天候,沙田 全天候,,55.7,55.7,29.7 26.0,,助手,,快操,H,29.7 26.0 (55.7) (助手)
H113,07/12/2025,踱步,沙田,飛機場,沙田 飛機場,,,,,,助手,,踱步,H,飛機場 踱步 (助手)
H113,06/12/2025,踱步,沙田,內圈,沙田 內圈,,,,,,助手,,快踱一圈,H,內圈 快踱一圈 (助手)
H113,05/12/2025,踱步,沙田,內圈,沙田 內圈,,,,,,助手,,快踱一圈,H,內圈 快踱一圈 (助手)
H113,04/12/2025,游水,沙田,,沙田,,,,,,,,游水,,
H113,04/12/2025,快操,沙田,全天候,沙田 全天候,,56.4,56.4,29.9 26.5,,鍾易禮,,快操,H,29.9 26.5 (56.4) (鍾易禮)
H113,04/12/2025,踱步,沙田,飛機場,沙田 飛機場,,,,,,鍾易禮,,踱步,H,飛機場 踱步 (鍾易禮)
H113,03/12/2025,踱步,沙田,內圈,沙田 內圈,,,,,,助手,,快踱一圈,,內圈 快踱一圈 (助手)
H113,02/12/2025,踱步,從化,內圈,從化 內圈,,,,,,助手,,快踱一圈,H,內圈 快踱一圈 (助手)
H113,01/12/2025,踱步,從化,內圈,從化 內圈,,,,,,助手,,倒快兩圈,H,內圈 倒快兩圈 (助手)
H113,30/11/2025,快操,從化,全天候,從化 全天候,,56.2,56.2,30.0 26.2,,助手,,快操,H,30.0 26.2 (56.2) (助手)
H113,30/11/2025,踱步,從化,飛機場,從化 飛機場,,,,,,助手,,踱步,H,飛機場 踱步 (助手)
H113,29/11/2025,踱步,從化,內圈,從化 內圈,,,,,,助手,,快踱一圈,H,內圈 快踱一圈 (助手)
H113,28/11/2025,踱步,從化,內圈,從化 內圈,,,,,,助手,,快踱一圈,H,內圈 快踱一圈 (助手)
H113,27/11/2025,踱步,從化,內圈,從化 內圈,,,,,,助手,,倒快兩圈,H,內圈 倒快兩圈 (助手)
H113,26/11/2025,快操,從化,全天候,從化 全天候,,56.0,56.0,30.2 25.8,,助手,,快操,H,30.2 25.8 (56.0) (助手)
H113,26/11/2025,踱步,從化,飛機場,從化 飛機場,,,,,,助手,,踱步,H,飛機場 踱步 (助手)
H113,25/11/2025,踱步,從化,內圈,從化 內圈,,,,,,助手,,快踱一圈,H,內圈 快踱一圈 (助手)
H113,24/11/2025,踱步,從化,內圈,從化 內圈,,,,,,助手,,倒快兩圈,H,內圈 倒快兩圈 (助手)
H113,23/11/2025,踱步,從化,內圈,從化 內圈,,,,,,助手,,快踱一圈,H,內圈 快踱一圈 (助手)
H113,22/11/2025,踱步,從化,內圈,從化 內圈,,,,,,助手,,快踱一圈,H,內圈 快踱一圈 (助手)
H113,21/11/2025,踱步,沙田,內圈,沙田 內圈,,,,,,助手,,快踱一圈,H,內圈 快踱一圈 (助手)
H113,19/11/2025,出賽,跑馬地,草地,跑馬地 草地,1650M,,,,,鍾易禮,10/12,出賽,TT,1650M (鍾易禮) (10/12)
H113,19/11/2025,踱步,沙田,內圈,沙田 內圈,,,,,,助手,,快踱一圈,H,內圈 快踱一圈 (助手)
H113,18/11/2025,踱步,沙田,內圈,沙田 內圈,,,,,,助手,,快踱一圈,H,內圈 快踱一圈 (助手)
H113,17/11/2025,踱步,沙田,內圈,沙田 內圈,,,,,,助手,,倒快兩圈,H,內圈 倒快兩圈 (助手)
H113,16/11/2025,快操,沙田,全天候,沙田 全天候,,57.0,57.0,30.2 26.8,,鍾易禮,,快操,H,30.2 26.8 (57.0) (鍾易禮)
H113,16/11/2025,踱步,沙田,飛機場,沙田 飛機場,,,,,,鍾易禮,,踱步,H,飛機場 踱步 (鍾易禮)
H113,15/11/2025,踱步,沙田,內圈,沙田 內圈,,,,,,助手,,快踱一圈,H,內圈 快踱一圈 (助手)
H113,14/11/2025,踱步,沙田,內圈,沙田 內圈,,,,,,助手,,快踱一圈,H,內圈 快踱一圈 (助手)
H113,13/11/2025,踱步,沙田,內圈,沙田 內圈,,,,,,助手,,倒快兩圈,H,內圈 倒快兩圈 (助手)
H113,12/11/2025,快操,沙田,全天候,沙田 全天候,,56.6,56.6,29.6 27.0,,鍾易禮,,快操,H,29.6 27.0 (56.6) (鍾易禮)
H113,12/11/2025,踱步,沙田,飛機場,沙田 飛機場,,,,,,鍾易禮,,踱步,H,飛機場 踱步 (鍾易禮)
H113,11/11/2025,踱步,沙田,內圈,沙田 內圈,,,,,,助手,,快踱一圈,H,內圈 快踱一圈 (助手)
H113,10/11/2025,踱步,沙田,內圈,沙田 內圈,,,,,,助手,,倒快兩圈,H,內圈 倒快兩圈 (助手)
H113,09/11/2025,踱步,沙田,內圈,沙田 內圈,,,,,,助手,,快踱一圈,H,內圈 快踱一圈 (助手)
H113,08/11/2025,快操,沙田,全天候,沙田 全天候,,56.4,56.4,29.4 27.0,,鍾易禮,,快操,H,29.4 27.0 (56.4) (鍾易禮)
H113,08/11/2025,踱步,沙田,飛機場,沙田 飛機場,,,,,,鍾易禮,,踱步,H,飛機場 踱步 (鍾易禮)
H113,07/11/2025,踱步,沙田,內圈,沙田 內圈,,,,,,助手,,快踱一圈,H,內圈 快踱一圈 (助手)
H113,06/11/2025,游水,沙田,,沙田,,,,,,,,游水,,
H113,06/11/2025,踱步,沙田,內圈,沙田 內圈,,,,,,助手,,倒快兩圈,H,內圈 倒快兩圈 (助手)
H113,05/11/2025,踱步,沙田,內圈,沙田 內圈,,,,,,助手,,快踱一圈,H,內圈 快踱一圈 (助手)
H113,04/11/2025,踱步,沙田,內圈,沙田 內圈,,,,,,助手,,快踱一圈,H,內圈 快踱一圈 (助手)
H113,03/11/2025,踱步,沙田,內圈,沙田 內圈,,,,,,助手,,倒快兩圈,H,內圈 倒快兩圈 (助手)
H113,02/11/2025,快操,沙田,全天候,沙田 全天候,,56.9,56.9,30.5 26.4,,鍾易禮,,快操,H,30.5 26.4 (56.9) (鍾易禮)
H113,02/11/2025,踱步,沙田,飛機場,沙田 飛機場,,,,,,鍾易禮,,踱步,H,飛機場 踱步 (鍾易禮)
H113,01/11/2025,踱步,沙田,內圈,沙田 內圈,,,,,,助手,,快踱一圈,H,內圈 快踱一圈 (助手)
H113,31/10/2025,踱步,沙田,內圈,沙田 內圈,,,,,,助手,,快踱一圈,,內圈 快踱一圈 (助手)
H113,30/10/2025,快操,從化,全天候,從化 全天候,,56.9,56.9,30.4 26.5,,助手,,快操,H,30.4 26.5 (56.9) (助手)
H113,30/10/2025,踱步,從化,飛機場,從化 飛機場,,,,,,助手,,踱步,H,飛機場 踱步 (助手)
H113,29/10/2025,踱步,從化,內圈,從化 內圈,,,,,,助手,,快踱一圈,H,內圈 快踱一圈 (助手)
H113,28/10/2025,踱步,從化,內圈,從化 內圈,,,,,,助手,,快踱一圈,H,內圈 快踱一圈 (助手)
H113,27/10/2025,踱步,從化,內圈,從化 內圈,,,,,,助手,,倒快兩圈,H,內圈 倒快兩圈 (助手)
H113,26/10/2025,快操,從化,全天候,從化 全天候,,57.3,57.3,30.6 26.7,,助手,,快操,H,30.6 26.7 (57.3) (助手)
H113,26/10/2025,踱步,從化,飛機場,從化 飛機場,,,,,,助手,,踱步,H,飛機場 踱步 (助手)
H113,25/10/2025,踱步,從化,內圈,從化 內圈,,,,,,助手,,快踱一圈,H,內圈 快踱一圈 (助手)
H113,24/10/2025,踱步,從化,內圈,從化 內圈,,,,,,助手,,快踱一圈,H,內圈 快踱一圈 (助手)
H113,23/10/2025,踱步,從化,內圈,從化 內圈,,,,,,助手,,倒快兩圈,H,內圈 倒快兩圈 (助手)
H113,22/10/2025,踱步,沙田,內圈,沙田 內圈,,,,,,助手,,快踱一圈,H,內圈 快踱一圈 (助手)
H113,21/10/2025,踱步,沙田,內圈,沙田 內圈,,,,,,助手,,快踱一圈,H,內圈 快踱一圈 (助手)
H113,19/10/2025,出賽,沙田,草地,沙田 草地,1400M,,,,,鍾易禮,4/14,出賽,TT,1400M (鍾易禮) (4/14)
H113,19/10/2025,踱步,沙田,內圈,沙田 內圈,,,,,,助手,,快踱一圈,H,內圈 快踱一圈 (助手)
H113,18/10/2025,踱步,沙田,內圈,沙田 內圈,,,,,,助手,,快踱一圈,H,內圈 快踱一圈 (助手)
H113,17/10/2025,踱步,沙田,內圈,沙田 內圈,,,,,,助手,,快踱一圈,H,內圈 快踱一圈 (助手)
H113,16/10/2025,快操,沙田,全天候,沙田 全天候,,56.0,56.0,29.8 26.2,,助手,,快操,H,29.8 26.2 (56.0) (助手)
H113,16/10/2025,踱步,沙田,飛機場,沙田 飛機場,,,,,,助手,,踱步,H,飛機場 踱步 (助手)
H113,15/10/2025,踱步,沙田,內圈,沙田 內圈,,,,,,助手,,快踱一圈,H,內圈 快踱一圈 (助手)
H113,14/10/2025,踱步,沙田,內圈,沙田 內圈,,,,,,助手,,快踱一圈,H,內圈 快踱一圈 (助手)
H113,13/10/2025,踱步,沙田,內圈,沙田 內圈,,,,,,助手,,倒快兩圈,H,內圈 倒快兩圈 (助手)
H113,12/10/2025,快操,沙田,全天候,沙田 全天候,,56.6,56.6,30.5 26.1,,助手,,快操,H,30.5 26.1 (56.6) (助手)
H113,12/10/2025,踱步,沙田,飛機場,沙田 飛機場,,,,,,助手,,踱步,H,飛機場 踱步 (助手)
H113,11/10/2025,踱步,沙田,內圈,沙田 內圈,,,,,,助手,,快踱一圈,H,內圈 快踱一圈 (助手)
H113,10/10/2025,踱步,沙田,內圈,沙田 內圈,,,,,,助手,,快踱一圈,H,內圈 快踱一圈 (助手)
H113,09/10/2025,快操,沙田,全天候,沙田 全天候,,57.2,57.2,30.5 26.7,,助手,,快操,H,30.5 26.7 (57.2) (助手)
H113,09/10/2025,踱步,沙田,飛機場,沙田 飛機場,,,,,,助手,,踱步,H,飛機場 踱步 (助手)
H113,08/10/2025,踱步,沙田,內圈,沙田 內圈,,,,,,助手,,快踱一圈,H,內圈 快踱一圈 (助手)
H113,07/10/2025,踱步,沙田,內圈,沙田 內圈,,,,,,助手,,快踱一圈,H,內圈 快踱一圈 (助手)
H113,06/10/2025,踱步,沙田,內圈,沙田 內圈,,,,,,助手,,倒快兩圈,H,內圈 倒快兩圈 (助手)
H113,05/10/2025,踱步,沙田,內圈,沙田 內圈,,,,,,助手,,快踱一圈,H,內圈 快踱一圈 (助手)
H113,04/10/2025,踱步,沙田,內圈,沙田 內圈,,,,,,助手,,快踱一圈,H,內圈 快踱一圈 (助手)
H113,03/10/2025,踱步,沙田,內圈,沙田 內圈,,,,,,助手,,快踱一圈,H,內圈 快踱一圈 (助手)
H113,01/10/2025,出賽,沙田,草地,沙田 草地,1400M,,,,,鍾易禮,5/14,出賽,H-/TT,1400M (鍾易禮) (5/14)
H113,01/10/2025,踱步,沙田,內圈,沙田 內圈,,,,,,助手,,快踱一圈,H,內圈 快踱一圈 (助手)
H113,30/09/2025,踱步,沙田,內圈,沙田 內圈,,,,,,助手,,快踱一圈,H,內圈 快踱一圈 (助手)
H113,29/09/2025,踱步,沙田,內圈,沙田 內圈,,,,,,副練馬師,,倒快兩圈,H,內圈 倒快兩圈 (副練馬師)
H113,28/09/2025,快操,沙田,全天候,沙田 全天候,,55.7,55.7,29.3 26.4,,鍾易禮,,快操,H,29.3 26.4 (55.7) (鍾易禮)
H113,28/09/2025,踱步,沙田,飛機場,沙田 飛機場,,,,,,鍾易禮,,踱步,H,飛機場 踱步 (鍾易禮)
H113,27/09/2025,踱步,從化,內圈,從化 內圈,,,,,,助手,,快踱一圈,H,內圈 快踱一圈 (助手)
H113,26/09/2025,踱步,從化,內圈,從化 內圈,,,,,,助手,,快踱一圈,H,內圈 快踱一圈 (助手)
H113,25/09/2025,快操,從化,全天候,從化 全天候,,57.0,57.0,30.4 26.6,,助手,,快操,H,30.4 26.6 (57.0) (助手)
H113,25/09/2025,踱步,從化,飛機場,從化 飛機場,,,,,,助手,,踱步,H,飛機場 踱步 (助手)
H113,23/09/2025,踱步,從化,內圈,從化 內圈,,,,,,助手,,快踱一圈,H,內圈 快踱一圈 (助手)
H113,22/09/2025,踱步,從化,內圈,從化 內圈,,,,,,助手,,倒快兩圈,H,內圈 倒快兩圈 (助手)
H113,21/09/2025,快操,從化,全天候,從化 全天候,,57.0,57.0,30.9 26.1,,助手,,快操,H,30.9 26.1 (57.0) (助手)
H113,21/09/2025,踱步,從化,飛機場,從化 飛機場,,,,,,助手,,踱步,H,飛機場 踱步 (助手)
H113,20/09/2025,踱步,從化,內圈,從化 內圈,,,,,,助手,,快踱一圈,H,內圈 快踱一圈 (助手)
H113,19/09/2025,踱步,從化,內圈,從化 內圈,,,,,,助手,,快踱一圈,H,內圈 快踱一圈 (助手)
H113,18/09/2025,踱步,從化,內圈,從化 內圈,,,,,,助手,,倒快兩圈,H,內圈 倒快兩圈 (助手)
H113,17/09/2025,快操,從化,全天候,從化 全天候,,56.5,56.5,30.2 26.3,,助手,,快操,H,30.2 26.3 (56.5) (助手)
H113,17/09/2025,踱步,從化,飛機場,從化 飛機場,,,,,,助手,,踱步,H,飛機場 踱步 (助手)
H113,16/09/2025,踱步,從化,內圈,從化 內圈,,,,,,助手,,快踱一圈,H,內圈 快踱一圈 (助手)
H113,15/09/2025,踱步,從化,內圈,從化 內圈,,,,,,助手,,倒快兩圈,H,內圈 倒快兩圈 (助手)
H113,14/09/2025,踱步,從化,內圈,從化 內圈,,,,,,助手,,快踱一圈,H,內圈 快踱一圈 (助手)
H113,13/09/2025,踱步,從化,內圈,從化 內圈,,,,,,助手,,快踱一圈,H,內圈 快踱一圈 (助手)
H113,12/09/2025,踱步,沙田,內圈,沙田 內圈,,,,,,助手,,快踱一圈,H,內圈 快踱一圈 (助手)
H113,10/09/2025,出賽,跑馬地,草地,跑馬地 草地,1650M,,,,,鍾易禮,6/11,出賽,H/TT,1650M (鍾易禮) (6/11)
H113,10/09/2025,踱步,沙田,內圈,沙田 內圈,,,,,,助手,,快踱一圈,H,內圈 快踱一圈 (助手)
H113,09/09/2025,踱步,沙田,內圈,沙田 內圈,,,,,,助手,,快踱一圈,H,內圈 快踱一圈 (助手)
H113,07/09/2025,快操,沙田,全天候,沙田 全天候,,56.5,56.5,30.8 25.7,,鍾易禮,,快操,H,30.8 25.7 (56.5) (鍾易禮)
H113,07/09/2025,踱步,沙田,飛機場,沙田 飛機場,,,,,,助手,,踱步,H,飛機場 踱步 (助手)
H113,06/09/2025,踱步,從化,內圈,從化 內圈,,,,,,助手,,快踱一圈,H,內圈 快踱一圈 (助手)
H113,05/09/2025,踱步,從化,內圈,從化 內圈,,,,,,助手,,快踱一圈,H,內圈 快踱一圈 (助手)
H113,04/09/2025,快操,從化,全天候,從化 全天候,,56.8,56.8,30.4 26.4,,助手,,快操,H,30.4 26.4 (56.8) (助手)
H113,04/09/2025,踱步,從化,飛機場,從化 飛機場,,,,,,助手,,踱步,H,飛機場 踱步 (助手)
H113,03/09/2025,踱步,從化,內圈,從化 內圈,,,,,,助手,,快踱一圈,H,內圈 快踱一圈 (助手)
H113,02/09/2025,踱步,從化,內圈,從化 內圈,,,,,,助手,,快踱一圈,H,內圈 快踱一圈 (助手)
H113,01/09/2025,踱步,從化,內圈,從化 內圈,,,,,,助手,,倒快兩圈,H,內圈 倒快兩圈 (助手)
H113,31/08/2025,踱步,從化,內圈,從化 內圈,,,,,,助手,,快踱一圈,H,內圈 快踱一圈 (助手)
H113,30/08/2025,踱步,從化,內圈,從化 內圈,,,,,,助手,,快踱一圈,H,內圈 快踱一圈 (助手)
H113,29/08/2025,試閘,從化,草地,從化 草地,1200M,1.10.46,70.46,25.0 22.3 23.1,亞機拉,鍾易禮,,第6組,H,第6組 (鍾易禮) 1200M 亞機拉 25.0 22.3 23.1 (1.10.46)
H113,28/08/2025,踱步,從化,內圈,從化 內圈,,,,,,助手,,倒快兩圈,H,內圈 倒快兩圈 (助手)
H113,27/08/2025,踱步,從化,內圈,從化 內圈,,,,,,助手,,快踱一圈,H,內圈 快踱一圈 (助手)
H113,26/08/2025,快操,從化,全天候,從化 全天候,,57.3,57.3,30.1 27.2,,助手,,快操,H,30.1 27.2 (57.3) (助手)
H113,26/08/2025,踱步,從化,飛機場,從化 飛機場,,,,,,助手,,踱步,H,飛機場 踱步 (助手)
H113,25/08/2025,踱步,從化,內圈,從化 內圈,,,,,,助手,,倒快兩圈,H,內圈 倒快兩圈 (助手)
H113,24/08/2025,踱步,從化,內圈,從化 內圈,,,,,,助手,,快踱一圈,H,內圈 快踱一圈 (助手)
H113,23/08/2025,踱步,從化,內圈,從化 內圈,,,,,,助手,,快踱一圈,H,內圈 快踱一圈 (助手)
H113,22/08/2025,快操,從化,全天候,從化 全天候,,56.9,56.9,29.6 27.3,,助手,,快操,H,29.6 27.3 (56.9) (助手)
H113,22/08/2025,踱步,從化,飛機場,從化 飛機場,,,,,,助手,,踱步,H,飛機場 踱步 (助手)
H113,21/08/2025,踱步,從化,內圈,從化 內圈,,,,,,助手,,倒快兩圈,H,內圈 倒快兩圈 (助手)
H113,20/08/2025,踱步,從化,內圈,從化 內圈,,,,,,助手,,快踱一圈,H,內圈 快踱一圈 (助手)
H113,19/08/2025,快操,從化,全天候,從化 全天候,,56.2,56.2,29.8 26.4,,助手,,快操,H,29.8 26.4 (56.2) (助手)
H113,19/08/2025,踱步,從化,飛機場,從化 飛機場,,,,,,助手,,踱步,H,飛機場 踱步 (助手)
H113,18/08/2025,踱步,從化,內圈,從化 內圈,,,,,,助手,,倒快兩圈,H,內圈 倒快兩圈 (助手)
H113,17/08/2025,踱步,從化,內圈,從化 內圈,,,,,,助手,,快踱一圈,H,內圈 快踱一圈 (助手)
H113,16/08/2025,踱步,從化,內圈,從化 內圈,,,,,,助手,,快踱一圈,H,內圈 快踱一圈 (助手)
H113,15/08/2025,快操,從化,全天候,從化 全天候,,57.2,57.2,30.3 26.9,,助手,,快操,H,30.3 26.9 (57.2) (助手)
H113,15/08/2025,踱步,從化,飛機場,從化 飛機場,,,,,,助手,,踱步,H,飛機場 踱步 (助手)
H113,14/08/2025,踱步,從化,內圈,從化 內圈,,,,,,助手,,倒快兩圈,H,內圈 倒快兩圈 (助手)
H113,13/08/2025,踱步,從化,內圈,從化 內圈,,,,,,助手,,快踱一圈,H,內圈 快踱一圈 (助手)
H113,12/08/2025,快操,從化,全天候,從化 全天候,,56.9,56.9,30.1 26.8,,助手,,快操,H,30.1 26.8 (56.9) (助手)
H113,12/08/2025,踱步,從化,飛機場,從化 飛機場,,,,,,助手,,踱步,H,飛機場 踱步 (助手)
H113,11/08/2025,踱步,從化,內圈,從化 內圈,,,,,,助手,,倒快兩圈,H,內圈 倒快兩圈 (助手)
H113,10/08/2025,踱步,從化,內圈,從化 內圈,,,,,,助手,,快踱一圈,H,內圈 快踱一圈 (助手)
H113,09/08/2025,快操,從化,全天候,從化 全天候,,57.3,57.3,30.3 27.0,,助手,,快操,H,30.3 27.0 (57.3) (助手)
H113,09/08/2025,踱步,從化,飛機場,從化 飛機場,,,,,,助手,,踱步,H,飛機場 踱步 (助手)
H113,08/08/2025,踱步,從化,內圈,從化 內圈,,,,,,助手,,快踱一圈,H,內圈 快踱一圈 (助手)
H113,07/08/2025,踱步,從化,內圈,從化 內圈,,,,,,助手,,倒快兩圈,H,內圈 倒快兩圈 (助手)
H113,06/08/2025,踱步,從化,內圈,從化 內圈,,,,,,助手,,快踱一圈,H,內圈 快踱一圈 (助手)
H113,05/08/2025,踱步,從化,內圈,從化 內圈,,,,,,助手,,快踱一圈,H,內圈 快踱一圈 (助手)
H113,04/08/2025,踱步,從化,內圈,從化 內圈,,,,,,助手,,倒快兩圈,H,內圈 倒快兩圈 (助手)
H113,03/08/2025,踱步,從化,內圈,從化 內圈,,,,,,助手,,快踱一圈,H,內圈 快踱一圈 (助手)
H113,02/08/2025,踱步,從化,內圈,從化 內圈,,,,,,助手,,快踱一圈,H,內圈 快踱一圈 (助手)
H113,01/08/2025,踱步,從化,內圈,從化 內圈,,,,,,助手,,快踱一圈,H,內圈 快踱一圈 (助手)
H113,31/07/2025,踱步,從化,內圈,從化 內圈,,,,,,助手,,快踱一圈,H,內圈 快踱一圈 (助手)
H113,30/07/2025,踱步,從化,內圈,從化 內圈,,,,,,助手,,快踱一圈,H,內圈 快踱一圈 (助手)
H113,29/07/2025,踱步,從化,內圈,從化 內圈,,,,,,助手,,快踱一圈,H,內圈 快踱一圈 (助手)
H113,28/07/2025,踱步,從化,內圈,從化 內圈,,,,,,助手,,快踱一圈,H,內圈 快踱一圈 (助手)
H113,11/07/2025,踱步,從化,內圈,從化 內圈,,,,,,助手,,快踱一圈,H,內圈 快踱一圈 (助手)
H113,10/07/2025,踱步,從化,內圈,從化 內圈,,,,,,助手,,倒快兩圈,H,內圈 倒快兩圈 (助手)
H113,09/07/2025,快操,從化,全天候,從化 全天候,,56.8,56.8,30.5 26.3,,助手,,快操,H,30.5 26.3 (56.8) (助手)
H113,09/07/2025,踱步,從化,飛機場,從化 飛機場,,,,,,助手,,踱步,H,飛機場 踱步 (助手)
H113,08/07/2025,踱步,從化,內圈,從化 內圈,,,,,,助手,,快踱一圈,H,內圈 快踱一圈 (助手)
H113,07/07/2025,踱步,從化,內圈,從化 內圈,,,,,,助手,,倒快兩圈,H,內圈 倒快兩圈 (助手)
H113,06/07/2025,快操,從化,全天候,從化 全天候,,55.0,55.0,29.2 25.8,,助手,,快操,H,29.2 25.8 (55.0) (助手)
H113,06/07/2025,踱步,從化,飛機場,從化 飛機場,,,,,,助手,,踱步,H,飛機場 踱步 (助手)
H113,05/07/2025,踱步,從化,內圈,從化 內圈,,,,,,助手,,快踱一圈,H,內圈 快踱一圈 (助手)
H113,04/07/2025,踱步,從化,內圈,從化 內圈,,,,,,助手,,快踱一圈,H,內圈 快踱一圈 (助手)
H113,03/07/2025,踱步,從化,內圈,從化 內圈,,,,,,助手,,倒快兩圈,H,內圈 倒快兩圈 (助手)
H113,02/07/2025,快操,從化,全天候,從化 全天候,,56.1,56.1,29.7 26.4,,助手,,快操,H,29.7 26.4 (56.1) (助手)
H113,02/07/2025,踱步,從化,飛機場,從化 飛機場,,,,,,助手,,踱步,H,飛機場 踱步 (助手)
H113,01/07/2025,踱步,從化,內圈,從化 內圈,,,,,,助手,,快踱一圈,H,內圈 快踱一圈 (助手)
H113,30/06/2025,踱步,從化,內圈,從化 內圈,,,,,,助手,,倒快兩圈,H,內圈 倒快兩圈 (助手)
H113,29/06/2025,踱步,從化,內圈,從化 內圈,,,,,,助手,,快踱一圈,H,內圈 快踱一圈 (助手)
H113,28/06/2025,踱步,從化,內圈,從化 內圈,,,,,,助手,,快踱一圈,H,內圈 快踱一圈 (助手)
H113,27/06/2025,踱步,沙田,內圈,沙田 內圈,,,,,,助手,,快踱一圈,H,內圈 快踱一圈 (助手)
H113,25/06/2025,出賽,跑馬地,草地,跑馬地 草地,1650M,,,,,鍾易禮,8/12,出賽,H/TT,1650M (鍾易禮) (8/12)
H113,25/06/2025,踱步,沙田,內圈,沙田 內圈,,,,,,助手,,快踱一圈,H,內圈 快踱一圈 (助手)
H113,24/06/2025,踱步,沙田,內圈,沙田 內圈,,,,,,助手,,快踱一圈,H,內圈 快踱一圈 (助手)
H113,23/06/2025,踱步,沙田,內圈,沙田 內圈,,,,,,助手,,倒快兩圈,H,內圈 倒快兩圈 (助手)
H113,22/06/2025,快操,沙田,全天候,沙田 全天候,,56.4,56.4,30.2 26.2,,鍾易禮,,快操,H,30.2 26.2 (56.4) (鍾易禮)
H113,22/06/2025,踱步,沙田,飛機場,沙田 飛機場,,,,,,鍾易禮,,踱步,H,飛機場 踱步 (鍾易禮)
H113,21/06/2025,踱步,從化,內圈,從化 內圈,,,,,,助手,,快踱一圈,H,內圈 快踱一圈 (助手)
H113,20/06/2025,踱步,從化,內圈,從化 內圈,,,,,,助手,,快踱一圈,H,內圈 快踱一圈 (助手)
H113,19/06/2025,踱步,從化,內圈,從化 內圈,,,,,,助手,,倒快兩圈,H,內圈 倒快兩圈 (助手)
H113,18/06/2025,踱步,從化,內圈,從化 內圈,,,,,,助手,,快踱一圈,H,內圈 快踱一圈 (助手)
H113,17/06/2025,踱步,從化,內圈,從化 內圈,,,,,,助手,,快踱一圈,H,內圈 快踱一圈 (助手)
H113,16/06/2025,踱步,從化,內圈,從化 內圈,,,,,,助手,,倒快兩圈,H,內圈 倒快兩圈 (助手)
H113,15/06/2025,踱步,從化,內圈,從化 內圈,,,,,,助手,,快踱一圈,H,內圈 快踱一圈 (助手)
H113,14/06/2025,踱步,從化,內圈,從化 內圈,,,,,,助手,,快踱一圈,H,內圈 快踱一圈 (助手)
H113,13/06/2025,試閘,從化,草地,從化 草地,1200M,1.11.51,71.51,25.4 22.5 23.6,不羈,鍾易禮,,第7組,H,第7組 (鍾易禮) 1200M 不羈 25.4 22.5 23.6 (1.11.51)
H113,12/06/2025,踱步,從化,內圈,從化 內圈,,,,,,助手,,倒快兩圈,H,內圈 倒快兩圈 (助手)
H113,11/06/2025,踱步,從化,內圈,從化 內圈,,,,,,助手,,快踱一圈,H,內圈 快踱一圈 (助手)
H113,10/06/2025,踱步,從化,內圈,從化 內圈,,,,,,助手,,快踱一圈,H,內圈 快踱一圈 (助手)
H113,09/06/2025,踱步,從化,內圈,從化 內圈,,,,,,助手,,倒快兩圈,H,內圈 倒快兩圈 (助手)
H113,08/06/2025,快操,從化,全天候,從化 全天候,,56.8,56.8,29.9 26.9,,助手,,快操,H,29.9 26.9 (56.8) (助手)
H113,08/06/2025,踱步,從化,飛機場,從化 飛機場,,,,,,助手,,踱步,H,飛機場 踱步 (助手)
H113,07/06/2025,踱步,從化,內圈,從化 內圈,,,,,,助手,,快踱一圈,H,內圈 快踱一圈 (助手)
H113,06/06/2025,踱步,沙田,內圈,沙田 內圈,,,,,,助手,,快踱一圈,H,內圈 快踱一圈 (助手)
H113,05/06/2025,踱步,沙田,內圈,沙田 內圈,,,,,,助手,,倒快兩圈,H,內圈 倒快兩圈 (助手)
H113,04/06/2025,快操,沙田,全天候,沙田 全天候,,56.8,56.8,30.9 25.9,,鍾易禮,,快操,H,30.9 25.9 (56.8) (鍾易禮)
H113,04/06/2025,踱步,沙田,飛機場,沙田 飛機場,,,,,,鍾易禮,,踱步,H,飛機場 踱步 (鍾易禮)
H113,03/06/2025,踱步,沙田,內圈,沙田 內圈,,,,,,助手,,快踱一圈,H,內圈 快踱一圈 (助手)
H113,02/06/2025,踱步,沙田,內圈,沙田 內圈,,,,,,助手,,倒快兩圈,H,內圈 倒快兩圈 (助手)
H113,01/06/2025,快操,沙田,全天候,沙田 全天候,,56.5,56.5,30.8 25.7,,鍾易禮,,快操,H,30.8 25.7 (56.5) (鍾易禮)
H113,01/06/2025,踱步,沙田,飛機場,沙田 飛機場,,,,,,鍾易禮,,踱步,H,飛機場 踱步 (鍾易禮)
H113,31/05/2025,踱步,從化,內圈,從化 內圈,,,,,,助手,,快踱一圈,H,內圈 快踱一圈 (助手)
H113,30/05/2025,踱步,從化,內圈,從化 內圈,,,,,,助手,,快踱一圈,H,內圈 快踱一圈 (助手)
H113,29/05/2025,踱步,從化,內圈,從化 內圈,,,,,,助手,,倒快兩圈,H,內圈 倒快兩圈 (助手)
H113,28/05/2025,快操,從化,全天候,從化 全天候,,57.6,57.6,30.7 26.9,,助手,,快操,H,30.7 26.9 (57.6) (助手)
H113,28/05/2025,踱步,從化,飛機場,從化 飛機場,,,,,,助手,,踱步,H,飛機場 踱步 (助手)
H113,27/05/2025,踱步,從化,內圈,從化 內圈,,,,,,助手,,快踱一圈,H,內圈 快踱一圈 (助手)
H113,26/05/2025,踱步,從化,內圈,從化 內圈,,,,,,助手,,倒快兩圈,H,內圈 倒快兩圈 (助手)
H113,25/05/2025,快操,從化,全天候,從化 全天候,,56.6,56.6,30.2 26.4,,助手,,快操,H,30.2 26.4 (56.6) (助手)
H113,25/05/2025,踱步,從化,飛機場,從化 飛機場,,,,,,助手,,踱步,H,飛機場 踱步 (助手)
H113,24/05/2025,踱步,從化,內圈,從化 內圈,,,,,,助手,,快踱一圈,H,內圈 快踱一圈 (助手)
H113,23/05/2025,踱步,從化,內圈,從化 內圈,,,,,,助手,,快踱一圈,H,內圈 快踱一圈 (助手)
H113,22/05/2025,踱步,從化,內圈,從化 內圈,,,,,,助手,,倒快兩圈,H,內圈 倒快兩圈 (助手)
H113,21/05/2025,踱步,沙田,內圈,沙田 內圈,,,,,,助手,,快踱一圈,H,內圈 快踱一圈 (助手)
H113,18/05/2025,出賽,沙田,草地,沙田 草地,1600M,,,,,鍾易禮,14/14,出賽,H/TT,1600M (鍾易禮) (14/14)
H113,18/05/2025,踱步,沙田,內圈,沙田 內圈,,,,,,助手,,快踱一圈,H,內圈 快踱一圈 (助手)
H113,17/05/2025,踱步,沙田,內圈,沙田 內圈,,,,,,助手,,快踱一圈,H,內圈 快踱一圈 (助手)
H113,16/05/2025,踱步,沙田,內圈,沙田 內圈,,,,,,助手,,快踱一圈,H,內圈 快踱一圈 (助手)
H113,15/05/2025,快操,沙田,全天候,沙田 全天候,,54.3,54.3,29.3 25.0,,助手,,快操,H,29.3 25.0 (54.3) (助手)
H113,15/05/2025,踱步,沙田,飛機場,沙田 飛機場,,,,,,助手,,踱步,H,飛機場 踱步 (助手)
H113,14/05/2025,踱步,沙田,內圈,沙田 內圈,,,,,,助手,,快踱一圈,H,內圈 快踱一圈 (助手)
H113,13/05/2025,踱步,從化,內圈,從化 內圈,,,,,,助手,,快踱一圈,H,內圈 快踱一圈 (助手)
H113,12/05/2025,踱步,從化,內圈,從化 內圈,,,,,,助手,,倒快兩圈,H,內圈 倒快兩圈 (助手)
H113,11/05/2025,快操,從化,全天候,從化 全天候,,56.9,56.9,30.2 26.7,,助手,,快操,H,30.2 26.7 (56.9) (助手)
H113,11/05/2025,踱步,從化,飛機場,從化 飛機場,,,,,,助手,,踱步,H,飛機場 踱步 (助手)
H113,10/05/2025,踱步,從化,內圈,從化 內圈,,,,,,助手,,快踱一圈,H,內圈 快踱一圈 (助手)
H113,09/05/2025,踱步,從化,內圈,從化 內圈,,,,,,助手,,快踱一圈,H,內圈 快踱一圈 (助手)
H113,08/05/2025,快操,從化,全天候,從化 全天候,,56.7,56.7,30.3 26.4,,助手,,快操,H,30.3 26.4 (56.7) (助手)
H113,08/05/2025,踱步,從化,飛機場,從化 飛機場,,,,,,助手,,踱步,H,飛機場 踱步 (助手)
H113,07/05/2025,踱步,從化,內圈,從化 內圈,,,,,,助手,,快踱一圈,H,內圈 快踱一圈 (助手)
H113,06/05/2025,踱步,從化,內圈,從化 內圈,,,,,,助手,,快踱一圈,H,內圈 快踱一圈 (助手)
H113,05/05/2025,踱步,從化,內圈,從化 內圈,,,,,,助手,,倒快兩圈,H,內圈 倒快兩圈 (助手)
H113,04/05/2025,快操,從化,全天候,從化 全天候,,56.8,56.8,30.2 26.6,,助手,,快操,H,30.2 26.6 (56.8) (助手)
H113,04/05/2025,踱步,從化,飛機場,從化 飛機場,,,,,,助手,,踱步,H,飛機場 踱步 (助手)
H113,03/05/2025,踱步,從化,內圈,從化 內圈,,,,,,助手,,快踱一圈,H,內圈 快踱一圈 (助手)
H113,02/05/2025,踱步,從化,內圈,從化 內圈,,,,,,助手,,快踱一圈,H,內圈 快踱一圈 (助手)
H113,01/05/2025,踱步,從化,內圈,從化 內圈,,,,,,助手,,倒快兩圈,H,內圈 倒快兩圈 (助手)
H113,30/04/2025,踱步,從化,內圈,從化 內圈,,,,,,助手,,快踱一圈,H,內圈 快踱一圈 (助手)
H113,29/04/2025,踱步,沙田,內圈,沙田 內圈,,,,,,助手,,快踱一圈,H,內圈 快踱一圈 (助手)
H113,27/04/2025,出賽,沙田,草地,沙田 草地,1600M,,,,,巴度,9/14,出賽,H/TT,1600M (巴度) (9/14)
H113,27/04/2025,踱步,沙田,內圈,沙田 內圈,,,,,,助手,,快踱一圈,H,內圈 快踱一圈 (助手)
H113,26/04/2025,踱步,沙田,內圈,沙田 內圈,,,,,,助手,,快踱一圈,H,內圈 快踱一圈 (助手)
H113,25/04/2025,踱步,沙田,內圈,沙田 內圈,,,,,,助手,,快踱一圈,H,內圈 快踱一圈 (助手)
H113,24/04/2025,快操,從化,全天候,從化 全天候,,55.8,55.8,29.9 25.9,,助手,,快操,H,29.9 25.9 (55.8) (助手)
H113,24/04/2025,踱步,從化,飛機場,從化 飛機場,,,,,,助手,,踱步,H,飛機場 踱步 (助手)
H113,23/04/2025,踱步,從化,內圈,從化 內圈,,,,,,助手,,快踱一圈,H,內圈 快踱一圈 (助手)
H113,22/04/2025,踱步,從化,內圈,從化 內圈,,,,,,助手,,快踱一圈,H,內圈 快踱一圈 (助手)
H113,21/04/2025,踱步,從化,內圈,從化 內圈,,,,,,助手,,倒快兩圈,H,內圈 倒快兩圈 (助手)
H113,20/04/2025,快操,從化,全天候,從化 全天候,,57.0,57.0,30.5 26.5,,助手,,快操,H,30.5 26.5 (57.0) (助手)
H113,20/04/2025,踱步,從化,飛機場,從化 飛機場,,,,,,助手,,踱步,H,飛機場 踱步 (助手)
H113,19/04/2025,踱步,從化,內圈,從化 內圈,,,,,,助手,,快踱一圈,H,內圈 快踱一圈 (助手)
H113,18/04/2025,踱步,從化,內圈,從化 內圈,,,,,,助手,,快踱一圈,H,內圈 快踱一圈 (助手)
H113,17/04/2025,踱步,從化,內圈,從化 內圈,,,,,,助手,,倒快兩圈,H,內圈 倒快兩圈 (助手)
H113,16/04/2025,快操,從化,全天候,從化 全天候,,57.6,57.6,30.0 27.6,,助手,,快操,H,30.0 27.6 (57.6) (助手)
H113,16/04/2025,踱步,從化,飛機場,從化 飛機場,,,,,,助手,,踱步,H,飛機場 踱步 (助手)
H113,15/04/2025,踱步,從化,內圈,從化 內圈,,,,,,助手,,快踱一圈,H,內圈 快踱一圈 (助手)
H113,14/04/2025,踱步,從化,內圈,從化 內圈,,,,,,助手,,倒快兩圈,H,內圈 倒快兩圈 (助手)
H113,13/04/2025,踱步,從化,內圈,從化 內圈,,,,,,助手,,快踱一圈,H,內圈 快踱一圈 (助手)
H113,12/04/2025,踱步,從化,內圈,從化 內圈,,,,,,助手,,快踱一圈,H,內圈 快踱一圈 (助手)
H113,11/04/2025,踱步,沙田,內圈,沙田 內圈,,,,,,助手,,快踱一圈,H,內圈 快踱一圈 (助手)
H113,09/04/2025,出賽,跑馬地,草地,跑馬地 草地,1650M,,,,,巴度,10/11,出賽,H/TT,1650M (巴度) (10/11)
H113,09/04/2025,踱步,沙田,內圈,沙田 內圈,,,,,,助手,,快踱一圈,H,內圈 快踱一圈 (助手)
H113,08/04/2025,踱步,沙田,內圈,沙田 內圈,,,,,,助手,,快踱一圈,H,內圈 快踱一圈 (助手)
H113,07/04/2025,踱步,沙田,內圈,沙田 內圈,,,,,,助手,,倒快兩圈,H,內圈 倒快兩圈 (助手)
H113,06/04/2025,快操,沙田,全天候,沙田 全天候,,56.4,56.4,29.3 27.1,,鍾易禮,,快操,H,29.3 27.1 (56.4) (鍾易禮)
H113,06/04/2025,踱步,沙田,飛機場,沙田 飛機場,,,,,,鍾易禮,,踱步,H,飛機場 踱步 (鍾易禮)
H113,05/04/2025,踱步,沙田,內圈,沙田 內圈,,,,,,助手,,快踱一圈,H,內圈 快踱一圈 (助手)
H113,04/04/2025,踱步,沙田,內圈,沙田 內圈,,,,,,助手,,快踱一圈,H,內圈 快踱一圈 (助手)
H113,03/04/2025,快操,沙田,全天候,沙田 全天候,,56.4,56.4,29.5 26.9,,助手,,快操,H,29.5 26.9 (56.4) (助手)
H113,03/04/2025,踱步,沙田,飛機場,沙田 飛機場,,,,,,助手,,踱步,H,飛機場 踱步 (助手)
H113,02/04/2025,踱步,沙田,內圈,沙田 內圈,,,,,,助手,,快踱一圈,H,內圈 快踱一圈 (助手)
H113,01/04/2025,踱步,沙田,內圈,沙田 內圈,,,,,,助手,,快踱一圈,H,內圈 快踱一圈 (助手)
H113,31/03/2025,踱步,沙田,內圈,沙田 內圈,,,,,,助手,,倒快兩圈,H,內圈 倒快兩圈 (助手)
H113,30/03/2025,快操,沙田,全天候,沙田 全天候,,56.9,56.9,30.4 26.5,,鍾易禮,,快操,H,30.4 26.5 (56.9) (鍾易禮)
H113,30/03/2025,踱步,沙田,飛機場,沙田 飛機場,,,,,,鍾易禮,,踱步,H,飛機場 踱步 (鍾易禮)
H113,29/03/2025,踱步,沙田,內圈,沙田 內圈,,,,,,助手,,快踱一圈,H,內圈 快踱一圈 (助手)
H113,28/03/2025,踱步,沙田,內圈,沙田 內圈,,,,,,助手,,快踱一圈,H,內圈 快踱一圈 (助手)
H113,27/03/2025,踱步,沙田,內圈,沙田 內圈,,,,,,助手,,倒快兩圈,H,內圈 倒快兩圈 (助手)
H113,26/03/2025,踱步,沙田,內圈,沙田 內圈,,,,,,助手,,快踱一圈,H,內圈 快踱一圈 (助手)
H113,25/03/2025,踱步,沙田,內圈,沙田 內圈,,,,,,助手,,快踱一圈,H,內圈 快踱一圈 (助手)
H113,23/03/2025,出賽,沙田,草地,沙田 草地,1400M,,,,,巴度,7/8,出賽,H/TT,1400M (巴度) (7/8)
H113,23/03/2025,踱步,沙田,內圈,沙田 內圈,,,,,,助手,,快踱一圈,H,內圈 快踱一圈 (助手)
H113,22/03/2025,踱步,沙田,內圈,沙田 內圈,,,,,,助手,,快踱一圈,H,內圈 快踱一圈 (助手)
H113,21/03/2025,踱步,沙田,內圈,沙田 內圈,,,,,,助手,,快踱一圈,H,內圈 快踱一圈 (助手)
H113,20/03/2025,快操,沙田,全天候,沙田 全天候,,56.2,56.2,30.5 25.7,,鍾易禮,,快操,H,30.5 25.7 (56.2) (鍾易禮)
H113,20/03/2025,踱步,沙田,飛機場,沙田 飛機場,,,,,,鍾易禮,,踱步,H,飛機場 踱步 (鍾易禮)
H113,19/03/2025,踱步,沙田,內圈,沙田 內圈,,,,,,助手,,快踱一圈,H,內圈 快踱一圈 (助手)
H113,18/03/2025,踱步,從化,內圈,從化 內圈,,,,,,助手,,快踱一圈,H,內圈 快踱一圈 (助手)
H113,17/03/2025,踱步,從化,內圈,從化 內圈,,,,,,助手,,倒快兩圈,H,內圈 倒快兩圈 (助手)
H113,16/03/2025,快操,從化,全天候,從化 全天候,,56.1,56.1,30.4 25.7,,助手,,快操,H,30.4 25.7 (56.1) (助手)
H113,16/03/2025,踱步,從化,飛機場,從化 飛機場,,,,,,助手,,踱步,H,飛機場 踱步 (助手)
H113,15/03/2025,踱步,從化,內圈,從化 內圈,,,,,,助手,,快踱一圈,H,內圈 快踱一圈 (助手)
H113,14/03/2025,踱步,從化,內圈,從化 內圈,,,,,,助手,,快踱一圈,H,內圈 快踱一圈 (助手)
H113,13/03/2025,快操,從化,全天候,從化 全天候,,56.6,56.6,29.9 26.7,,助手,,快操,H,29.9 26.7 (56.6) (助手)
H113,13/03/2025,踱步,從化,飛機場,從化 飛機場,,,,,,助手,,踱步,H,飛機場 踱步 (助手)
H113,12/03/2025,踱步,從化,內圈,從化 內圈,,,,,,助手,,快踱一圈,H,內圈 快踱一圈 (助手)
H113,11/03/2025,踱步,從化,內圈,從化 內圈,,,,,,助手,,快踱一圈,H,內圈 快踱一圈 (助手)
H113,10/03/2025,踱步,從化,內圈,從化 內圈,,,,,,助手,,倒快兩圈,H,內圈 倒快兩圈 (助手)
H113,09/03/2025,快操,從化,全天候,從化 全天候,,57.4,57.4,30.6 26.8,,助手,,快操,H,30.6 26.8 (57.4) (助手)
H113,09/03/2025,踱步,從化,飛機場,從化 飛機場,,,,,,助手,,踱步,H,飛機場 踱步 (助手)
H113,08/03/2025,踱步,從化,內圈,從化 內圈,,,,,,助手,,快踱一圈,H,內圈 快踱一圈 (助手)
H113,07/03/2025,踱步,從化,內圈,從化 內圈,,,,,,助手,,快踱一圈,H,內圈 快踱一圈 (助手)
H113,06/03/2025,踱步,從化,內圈,從化 內圈,,,,,,助手,,倒快兩圈,H,內圈 倒快兩圈 (助手)
H113,05/03/2025,踱步,沙田,內圈,沙田 內圈,,,,,,助手,,快踱一圈,H,內圈 快踱一圈 (助手)
H113,04/03/2025,踱步,沙田,內圈,沙田 內圈,,,,,,助手,,快踱一圈,H,內圈 快踱一圈 (助手)
H113,02/03/2025,出賽,沙田,草地,沙田 草地,1400M,,,,,巴度,4/11,出賽,H/TT,1400M (巴度) (4/11)
H113,02/03/2025,踱步,沙田,內圈,沙田 內圈,,,,,,助手,,快踱一圈,H,內圈 快踱一圈 (助手)
H113,01/03/2025,踱步,沙田,內圈,沙田 內圈,,,,,,助手,,快踱一圈,H,內圈 快踱一圈 (助手)
H113,28/02/2025,踱步,沙田,內圈,沙田 內圈,,,,,,助手,,快踱一圈,H,內圈 快踱一圈 (助手)
H113,27/02/2025,快操,沙田,全天候,沙田 全天候,,55.3,55.3,28.6 26.7,,鍾易禮,,快操,H,28.6 26.7 (55.3) (鍾易禮)
H113,27/02/2025,踱步,沙田,飛機場,沙田 飛機場,,,,,,鍾易禮,,踱步,H,飛機場 踱步 (鍾易禮)
H113,26/02/2025,踱步,沙田,內圈,沙田 內圈,,,,,,助手,,快踱一圈,H,內圈 快踱一圈 (助手)
H113,25/02/2025,踱步,沙田,內圈,沙田 內圈,,,,,,助手,,快踱一圈,H,內圈 快踱一圈 (助手)
H113,24/02/2025,踱步,沙田,內圈,沙田 內圈,,,,,,助手,,倒快兩圈,H,內圈 倒快兩圈 (助手)
H113,23/02/2025,踱步,沙田,內圈,沙田 內圈,,,,,,助手,,快踱一圈,H,內圈 快踱一圈 (助手)
H113,22/02/2025,游水,沙田,,沙田,,,,,,,,游水,,
H113,22/02/2025,踱步,沙田,內圈,沙田 內圈,,,,,,助手,,快踱一圈,H,內圈 快踱一圈 (助手)
H113,21/02/2025,踱步,沙田,內圈,沙田 內圈,,,,,,助手,,快踱一圈,H,內圈 快踱一圈 (助手)
H113,19/02/2025,出賽,跑馬地,草地,跑馬地 草地,1800M,,,,,周俊樂,8/12,出賽,H/TT,1800M (周俊樂) (8/12)
H113,19/02/2025,踱步,沙田,內圈,沙田 內圈,,,,,,助手,,快踱一圈,H,內圈 快踱一圈 (助手)
H113,18/02/2025,踱步,沙田,內圈,沙田 內圈,,,,,,助手,,快踱一圈,H,內圈 快踱一圈 (助手)
H113,17/02/2025,踱步,沙田,內圈,沙田 內圈,,,,,,助手,,倒快兩圈,H,內圈 倒快兩圈 (助手)
H113,16/02/2025,快操,沙田,全天候,沙田 全天候,,57.3,57.3,30.5 26.8,,助手,,快操,H,30.5 26.8 (57.3) (助手)
H113,16/02/2025,踱步,沙田,飛機場,沙田 飛機場,,,,,,助手,,踱步,H,飛機場 踱步 (助手)
H113,15/02/2025,踱步,從化,內圈,從化 內圈,,,,,,助手,,快踱一圈,H,內圈 快踱一圈 (助手)
H113,14/02/2025,踱步,從化,內圈,從化 內圈,,,,,,助手,,快踱一圈,H,內圈 快踱一圈 (助手)
H113,13/02/2025,踱步,從化,內圈,從化 內圈,,,,,,助手,,倒快兩圈,H,內圈 倒快兩圈 (助手)
H113,12/02/2025,快操,從化,全天候,從化 全天候,,57.5,57.5,30.6 26.9,,助手,,快操,H,30.6 26.9 (57.5) (助手)
H113,12/02/2025,踱步,從化,飛機場,從化 飛機場,,,,,,助手,,踱步,H,飛機場 踱步 (助手)
H113,11/02/2025,踱步,從化,內圈,從化 內圈,,,,,,助手,,快踱一圈,H,內圈 快踱一圈 (助手)
H113,10/02/2025,踱步,從化,內圈,從化 內圈,,,,,,助手,,倒快兩圈,H,內圈 倒快兩圈 (助手)
H113,09/02/2025,快操,從化,全天候,從化 全天候,,57.0,57.0,30.2 26.8,,助手,,快操,H,30.2 26.8 (57.0) (助手)
H113,09/02/2025,踱步,從化,飛機場,從化 飛機場,,,,,,助手,,踱步,H,飛機場 踱步 (助手)
H113,08/02/2025,踱步,從化,內圈,從化 內圈,,,,,,助手,,快踱一圈,H,內圈 快踱一圈 (助手)
H113,07/02/2025,踱步,從化,內圈,從化 內圈,,,,,,助手,,快踱一圈,H,內圈 快踱一圈 (助手)
H113,06/02/2025,踱步,從化,內圈,從化 內圈,,,,,,助手,,倒快兩圈,H,內圈 倒快兩圈 (助手)
H113,05/02/2025,踱步,從化,內圈,從化 內圈,,,,,,助手,,快踱一圈,H,內圈 快踱一圈 (助手)
H113,04/02/2025,踱步,從化,內圈,從化 內圈,,,,,,助手,,快踱一圈,H,內圈 快踱一圈 (助手)
H113,03/02/2025,踱步,從化,內圈,從化 內圈,,,,,,助手,,倒快兩圈,H,內圈 倒快兩圈 (助手)
H113,02/02/2025,踱步,沙田,內圈,沙田 內圈,,,,,,助手,,快踱一圈,H,內圈 快踱一圈 (助手)
H113,31/01/2025,出賽,沙田,草地,沙田 草地,1400M,,,,,鍾易禮,10/11,出賽,H/TT,1400M (鍾易禮) (10/11)
H113,31/01/2025,踱步,沙田,內圈,沙田 內圈,,,,,,助手,,快踱一圈,H,內圈 快踱一圈 (助手)
H113,30/01/2025,踱步,沙田,內圈,沙田 內圈,,,,,,鍾易禮,,倒快兩圈,H,內圈 倒快兩圈 (鍾易禮)
H113,28/01/2025,踱步,沙田,內圈,沙田 內圈,,,,,,助手,,快踱一圈,H,內圈 快踱一圈 (助手)
H113,27/01/2025,踱步,從化,內圈,從化 內圈,,,,,,助手,,倒快兩圈,H,內圈 倒快兩圈 (助手)
H113,26/01/2025,快操,從化,全天候,從化 全天候,,57.4,57.4,29.5 27.9,,助手,,快操,H,29.5 27.9 (57.4) (助手)
H113,26/01/2025,踱步,從化,飛機場,從化 飛機場,,,,,,助手,,踱步,H,飛機場 踱步 (助手)
H113,25/01/2025,踱步,從化,內圈,從化 內圈,,,,,,助手,,快踱一圈,H,內圈 快踱一圈 (助手)
H113,24/01/2025,踱步,從化,內圈,從化 內圈,,,,,,助手,,快踱一圈,H,內圈 快踱一圈 (助手)
H113,23/01/2025,快操,從化,全天候,從化 全天候,,57.3,57.3,30.7 26.6,,助手,,快操,H,30.7 26.6 (57.3) (助手)
H113,23/01/2025,踱步,從化,飛機場,從化 飛機場,,,,,,助手,,踱步,H,飛機場 踱步 (助手)
H113,22/01/2025,踱步,從化,內圈,從化 內圈,,,,,,助手,,快踱一圈,H,內圈 快踱一圈 (助手)
H113,21/01/2025,踱步,從化,內圈,從化 內圈,,,,,,助手,,快踱一圈,H,內圈 快踱一圈 (助手)
H113,20/01/2025,踱步,從化,內圈,從化 內圈,,,,,,助手,,倒快兩圈,H,內圈 倒快兩圈 (助手)
H113,19/01/2025,快操,從化,全天候,從化 全天候,,57.1,57.1,30.2 26.9,,助手,,快操,H,30.2 26.9 (57.1) (助手)
H113,19/01/2025,踱步,從化,飛機場,從化 飛機場,,,,,,助手,,踱步,H,飛機場 踱步 (助手)
H113,18/01/2025,踱步,從化,內圈,從化 內圈,,,,,,助手,,快踱一圈,H,內圈 快踱一圈 (助手)
H113,17/01/2025,踱步,從化,內圈,從化 內圈,,,,,,助手,,快踱一圈,H,內圈 快踱一圈 (助手)
H113,16/01/2025,踱步,從化,內圈,從化 內圈,,,,,,助手,,倒快兩圈,H,內圈 倒快兩圈 (助手)
H113,15/01/2025,踱步,沙田,內圈,沙田 內圈,,,,,,助手,,快踱一圈,H,內圈 快踱一圈 (助手)
H113,14/01/2025,踱步,沙田,內圈,沙田 內圈,,,,,,助手,,快踱一圈,H,內圈 快踱一圈 (助手)
H113,12/01/2025,出賽,沙田,草地,沙田 草地,1400M,,,,,鍾易禮,10/12,出賽,H/TT,1400M (鍾易禮) (10/12)
H113,12/01/2025,踱步,沙田,內圈,沙田 內圈,,,,,,助手,,快踱一圈,H,內圈 快踱一圈 (助手)
H113,11/01/2025,踱步,沙田,內圈,沙田 內圈,,,,,,助手,,快踱一圈,H,內圈 快踱一圈 (助手)
H113,10/01/2025,踱步,沙田,內圈,沙田 內圈,,,,,,助手,,快踱一圈,H,內圈 快踱一圈 (助手)
H113,09/01/2025,快操,沙田,全天候,沙田 全天候,,56.7,56.7,30.3 26.4,,鍾易禮,,快操,H,30.3 26.4 (56.7) (鍾易禮)
H113,09/01/2025,踱步,沙田,飛機場,沙田 飛機場,,,,,,鍾易禮,,踱步,H,飛機場 踱步 (鍾易禮)
H113,08/01/2025,踱步,沙田,內圈,沙田 內圈,,,,,,助手,,快踱一圈,H,內圈 快踱一圈 (助手)
H113,07/01/2025,踱步,從化,內圈,從化 內圈,,,,,,助手,,快踱一圈,H,內圈 快踱一圈 (助手)
H113,06/01/2025,踱步,從化,內圈,從化 內圈,,,,,,助手,,倒快兩圈,H,內圈 倒快兩圈 (助手)
H113,05/01/2025,快操,從化,全天候,從化 全天候,,57.7,57.7,30.0 27.7,,助手,,快操,H,30.0 27.7 (57.7) (助手)
H113,05/01/2025,踱步,從化,飛機場,從化 飛機場,,,,,,助手,,踱步,H,飛機場 踱步 (助手)
H113,04/01/2025,踱步,從化,內圈,從化 內圈,,,,,,助手,,快踱一圈,H,內圈 快踱一圈 (助手)
H113,03/01/2025,踱步,從化,內圈,從化 內圈,,,,,,助手,,快踱一圈,H,內圈 快踱一圈 (助手)
H113,02/01/2025,快操,從化,全天候,從化 全天候,,57.0,57.0,30.0 27.0,,助手,,快操,H,30.0 27.0 (57.0) (助手)
H113,02/01/2025,踱步,從化,飛機場,從化 飛機場,,,,,,助手,,踱步,H,飛機場 踱步 (助手)
H113,01/01/2025,踱步,從化,內圈,從化 內圈,,,,,,助手,,快踱一圈,H,內圈 快踱一圈 (助手)
H113,31/12/2024,踱步,從化,內圈,從化 內圈,,,,,,助手,,快踱一圈,H,內圈 快踱一圈 (助手)
H113,30/12/2024,踱步,從化,內圈,從化 內圈,,,,,,助手,,倒快兩圈,H,內圈 倒快兩圈 (助手)
H113,29/12/2024,快操,從化,全天候,從化 全天候,,56.7,56.7,30.4 26.3,,助手,,快操,H,30.4 26.3 (56.7) (助手)
H113,29/12/2024,踱步,從化,飛機場,從化 飛機場,,,,,,助手,,踱步,H,飛機場 踱步 (助手)
H113,28/12/2024,踱步,從化,內圈,從化 內圈,,,,,,助手,,快踱一圈,H,內圈 快踱一圈 (助手)
H113,27/12/2024,踱步,從化,內圈,從化 內圈,,,,,,助手,,快踱一圈,H,內圈 快踱一圈 (助手)
H113,26/12/2024,快操,從化,全天候,從化 全天候,,56.2,56.2,30.4 25.8,,助手,,快操,H,30.4 25.8 (56.2) (助手)
H113,26/12/2024,踱步,從化,飛機場,從化 飛機場,,,,,,助手,,踱步,H,飛機場 踱步 (助手)
H113,25/12/2024,踱步,從化,內圈,從化 內圈,,,,,,助手,,快踱一圈,H,內圈 快踱一圈 (助手)
H113,24/12/2024,踱步,從化,內圈,從化 內圈,,,,,,助手,,快踱一圈,H,內圈 快踱一圈 (助手)
H113,23/12/2024,踱步,從化,內圈,從化 內圈,,,,,,助手,,倒快兩圈,H,內圈 倒快兩圈 (助手)
H113,22/12/2024,踱步,從化,內圈,從化 內圈,,,,,,助手,,快踱一圈,H,內圈 快踱一圈 (助手)
H113,21/12/2024,踱步,從化,內圈,從化 內圈,,,,,,助手,,快踱一圈,H,內圈 快踱一圈 (助手)
H113,20/12/2024,踱步,從化,內圈,從化 內圈,,,,,,助手,,快踱一圈,H,內圈 快踱一圈 (助手)
H113,19/12/2024,試閘,從化,全天候,從化 全天候,1200M,1.11.75,71.75,26.3 23.0 22.4,亞機拉,鍾易禮,,第1組,H,第1組 (鍾易禮) 1200M 亞機拉 26.3 23.0 22.4 (1.11.75)
H113,18/12/2024,踱步,從化,內圈,從化 內圈,,,,,,助手,,快踱一圈,H,內圈 快踱一圈 (助手)
H113,17/12/2024,踱步,從化,內圈,從化 內圈,,,,,,助手,,快踱一圈,H,內圈 快踱一圈 (助手)
H113,16/12/2024,踱步,從化,內圈,從化 內圈,,,,,,助手,,倒快兩圈,H,內圈 倒快兩圈 (助手)
H113,15/12/2024,快操,從化,全天候,從化 全天候,,56.8,56.8,29.8 27.0,,助手,,快操,H,29.8 27.0 (56.8) (助手)
H113,15/12/2024,踱步,從化,飛機場,從化 飛機場,,,,,,助手,,踱步,H,飛機場 踱步 (助手)
H113,14/12/2024,踱步,從化,內圈,從化 內圈,,,,,,助手,,快踱一圈,H,內圈 快踱一圈 (助手)
H113,13/12/2024,踱步,從化,內圈,從化 內圈,,,,,,助手,,快踱一圈,H,內圈 快踱一圈 (助手)
H113,12/12/2024,踱步,從化,內圈,從化 內圈,,,,,,助手,,倒快兩圈,H,內圈 倒快兩圈 (助手)
H113,11/12/2024,快操,從化,全天候,從化 全天候,,56.7,56.7,30.0 26.7,,助手,,快操,H,30.0 26.7 (56.7) (助手)
H113,11/12/2024,踱步,從化,飛機場,從化 飛機場,,,,,,助手,,踱步,H,飛機場 踱步 (助手)
H113,10/12/2024,踱步,從化,內圈,從化 內圈,,,,,,助手,,快踱一圈,H,內圈 快踱一圈 (助手)
H113,09/12/2024,踱步,沙田,內圈,沙田 內圈,,,,,,助手,,倒快兩圈,H,內圈 倒快兩圈 (助手)
H113,08/12/2024,快操,沙田,全天候,沙田 全天候,,56.7,56.7,29.7 27.0,,鍾易禮,,快操,H,29.7 27.0 (56.7) (鍾易禮)
H113,08/12/2024,踱步,沙田,飛機場,沙田 飛機場,,,,,,鍾易禮,,踱步,H,飛機場 踱步 (鍾易禮)
H113,07/12/2024,踱步,沙田,內圈,沙田 內圈,,,,,,助手,,快踱一圈,H,內圈 快踱一圈 (助手)
H113,06/12/2024,踱步,沙田,內圈,沙田 內圈,,,,,,助手,,快踱一圈,H,內圈 快踱一圈 (助手)
H113,05/12/2024,快操,沙田,全天候,沙田 全天候,,58.3,58.3,30.3 28.0,,鍾易禮,,快操,H,30.3 28.0 (58.3) (鍾易禮)
H113,05/12/2024,踱步,沙田,飛機場,沙田 飛機場,,,,,,鍾易禮,,踱步,H,飛機場 踱步 (鍾易禮)
H113,03/12/2024,踱步,沙田,內圈,沙田 內圈,,,,,,助手,,快踱一圈,H,內圈 快踱一圈 (助手)
H113,02/12/2024,踱步,沙田,內圈,沙田 內圈,,,,,,助手,,倒快兩圈,H,內圈 倒快兩圈 (助手)
H113,01/12/2024,快操,沙田,全天候,沙田 全天候,,55.9,55.9,28.9 27.0,,鍾易禮,,快操,H,28.9 27.0 (55.9) (鍾易禮)
H113,01/12/2024,踱步,沙田,飛機場,沙田 飛機場,,,,,,鍾易禮,,踱步,H,飛機場 踱步 (鍾易禮)
H113,30/11/2024,踱步,沙田,內圈,沙田 內圈,,,,,,助手,,快踱一圈,H,內圈 快踱一圈 (助手)
H113,29/11/2024,踱步,沙田,內圈,沙田 內圈,,,,,,助手,,快踱一圈,H,內圈 快踱一圈 (助手)
H113,28/11/2024,踱步,沙田,內圈,沙田 內圈,,,,,,助手,,倒快兩圈,H,內圈 倒快兩圈 (助手)
H113,27/11/2024,踱步,沙田,內圈,沙田 內圈,,,,,,助手,,快踱一圈,H,內圈 快踱一圈 (助手)
H113,26/11/2024,踱步,沙田,內圈,沙田 內圈,,,,,,助手,,快踱一圈,H,內圈 快踱一圈 (助手)
H113,24/11/2024,出賽,沙田,草地,沙田 草地,1600M,,,,,鍾易禮,14/14,出賽,H/TT,1600M (鍾易禮) (14/14)
H113,24/11/2024,踱步,沙田,內圈,沙田 內圈,,,,,,助手,,快踱一圈,H,內圈 快踱一圈 (助手)
H113,23/11/2024,踱步,沙田,內圈,沙田 內圈,,,,,,助手,,快踱一圈,H,內圈 快踱一圈 (助手)
H113,22/11/2024,踱步,沙田,內圈,沙田 內圈,,,,,,助手,,快踱一圈,H,內圈 快踱一圈 (助手)
H113,21/11/2024,快操,沙田,全天候,沙田 全天候,,57.4,57.4,31.3 26.1,,鍾易禮,,快操,H,31.3 26.1 (57.4) (鍾易禮)
H113,21/11/2024,踱步,沙田,飛機場,沙田 飛機場,,,,,,鍾易禮,,踱步,H,飛機場 踱步 (鍾易禮)
H113,20/11/2024,踱步,沙田,內圈,沙田 內圈,,,,,,助手,,快踱一圈,H,內圈 快踱一圈 (助手)
H113,19/11/2024,踱步,沙田,內圈,沙田 內圈,,,,,,助手,,快踱一圈,H,內圈 快踱一圈 (助手)
H113,18/11/2024,踱步,沙田,內圈,沙田 內圈,,,,,,助手,,倒快兩圈,H,內圈 倒快兩圈 (助手)
H113,17/11/2024,踱步,沙田,內圈,沙田 內圈,,,,,,助手,,快踱一圈,H,內圈 快踱一圈 (助手)
H113,16/11/2024,踱步,沙田,內圈,沙田 內圈,,,,,,助手,,快踱一圈,H,內圈 快踱一圈 (助手)
H113,15/11/2024,踱步,沙田,內圈,沙田 內圈,,,,,,助手,,快踱一圈,H,內圈 快踱一圈 (助手)
H113,13/11/2024,踱步,沙田,內圈,沙田 內圈,,,,,,助手,,快踱一圈,H,內圈 快踱一圈 (助手)
H113,12/11/2024,試閘,沙田,全天候,沙田 全天候,1200M,1.09.13,69.13,23.7 22.7 22.7,自強不息,鍾易禮,,第1組,H,第1組 (鍾易禮) 1200M 自強不息 23.7 22.7 22.7 (1.09.13)
H113,11/11/2024,踱步,沙田,內圈,沙田 內圈,,,,,,助手,,倒快兩圈,H,內圈 倒快兩圈 (助手)
H113,10/11/2024,踱步,沙田,內圈,沙田 內圈,,,,,,助手,,快踱一圈,H,內圈 快踱一圈 (助手)
H113,09/11/2024,快操,沙田,全天候,沙田 全天候,,55.5,55.5,30.0 25.5,,鍾易禮,,快操,H,30.0 25.5 (55.5) (鍾易禮)
H113,09/11/2024,踱步,沙田,飛機場,沙田 飛機場,,,,,,鍾易禮,,踱步,H,飛機場 踱步 (鍾易禮)
H113,08/11/2024,踱步,沙田,內圈,沙田 內圈,,,,,,助手,,快踱一圈,H,內圈 快踱一圈 (助手)
H113,07/11/2024,踱步,沙田,內圈,沙田 內圈,,,,,,鍾易禮,,倒快兩圈,H,內圈 倒快兩圈 (鍾易禮)
H113,06/11/2024,快操,沙田,全天候,沙田 全天候,,56.0,56.0,30.6 25.4,,鍾易禮,,快操,H,30.6 25.4 (56.0) (鍾易禮)
H113,06/11/2024,踱步,沙田,飛機場,沙田 飛機場,,,,,,助手,,踱步,H,飛機場 踱步 (助手)
H113,05/11/2024,踱步,沙田,內圈,沙田 內圈,,,,,,助手,,快踱一圈,H,內圈 快踱一圈 (助手)
H113,04/11/2024,踱步,沙田,內圈,沙田 內圈,,,,,,助手,,倒快兩圈,H,內圈 倒快兩圈 (助手)
H113,03/11/2024,快操,沙田,全天候,沙田 全天候,,57.5,57.5,30.9 26.6,,鍾易禮,,快操,H,30.9 26.6 (57.5) (鍾易禮)
H113,03/11/2024,踱步,沙田,飛機場,沙田 飛機場,,,,,,鍾易禮,,踱步,H,飛機場 踱步 (鍾易禮)
H113,02/11/2024,踱步,沙田,內圈,沙田 內圈,,,,,,助手,,快踱一圈,H,內圈 快踱一圈 (助手)
H113,01/11/2024,踱步,沙田,內圈,沙田 內圈,,,,,,助手,,快踱一圈,H,內圈 快踱一圈 (助手)
H113,31/10/2024,踱步,沙田,內圈,沙田 內圈,,,,,,助手,,倒快兩圈,H,內圈 倒快兩圈 (助手)
H113,30/10/2024,踱步,沙田,內圈,沙田 內圈,,,,,,助手,,快踱一圈,H,內圈 快踱一圈 (助手)
H113,29/10/2024,踱步,沙田,內圈,沙田 內圈,,,,,,助手,,快踱一圈,H,內圈 快踱一圈 (助手)
H113,28/10/2024,踱步,沙田,內圈,沙田 內圈,,,,,,鍾易禮,,倒快兩圈,H,內圈 倒快兩圈 (鍾易禮)
H113,27/10/2024,踱步,沙田,內圈,沙田 內圈,,,,,,助手,,快踱一圈,H,內圈 快踱一圈 (助手)
H113,26/10/2024,踱步,沙田,內圈,沙田 內圈,,,,,,助手,,快踱一圈,H,內圈 快踱一圈 (助手)
H113,25/10/2024,踱步,沙田,內圈,沙田 內圈,,,,,,助手,,快踱一圈,H,內圈 快踱一圈 (助手)
H113,24/10/2024,試閘,沙田,全天候,沙田 全天候,1200M,1.10.16,70.16,24.2 22.8 23.1,電訊巴打,鍾易禮,,第1組,H,第1組 (鍾易禮) 1200M 電訊巴打 24.2 22.8 23.1 (1.10.16)
H113,23/10/2024,踱步,沙田,內圈,沙田 內圈,,,,,,助手,,快踱一圈,H,內圈 快踱一圈 (助手)
H113,22/10/2024,踱步,沙田,內圈,沙田 內圈,,,,,,助手,,快踱一圈,H,內圈 快踱一圈 (助手)
H113,21/10/2024,踱步,沙田,內圈,沙田 內圈,,,,,,助手,,倒快兩圈,H,內圈 倒快兩圈 (助手)
H113,20/10/2024,快操,沙田,全天候,沙田 全天候,,56.0,56.0,30.2 25.8,,鍾易禮,,快操,H,30.2 25.8 (56.0) (鍾易禮)
H113,20/10/2024,踱步,沙田,飛機場,沙田 飛機場,,,,,,鍾易禮,,踱步,H,飛機場 踱步 (鍾易禮)
H113,19/10/2024,踱步,沙田,內圈,沙田 內圈,,,,,,助手,,快踱一圈,H,內圈 快踱一圈 (助手)
H113,18/10/2024,踱步,沙田,內圈,沙田 內圈,,,,,,助手,,快踱一圈,H,內圈 快踱一圈 (助手)
H113,17/10/2024,踱步,沙田,內圈,沙田 內圈,,,,,,鍾易禮,,倒快兩圈,H,內圈 倒快兩圈 (鍾易禮)
H113,16/10/2024,快操,沙田,全天候,沙田 全天候,,57.3,57.3,30.7 26.6,,鍾易禮,,快操,H,30.7 26.6 (57.3) (鍾易禮)
H113,16/10/2024,踱步,沙田,飛機場,沙田 飛機場,,,,,,鍾易禮,,踱步,H,飛機場 踱步 (鍾易禮)
H113,15/10/2024,踱步,沙田,內圈,沙田 內圈,,,,,,助手,,快踱一圈,H,內圈 快踱一圈 (助手)
H113,14/10/2024,踱步,沙田,內圈,沙田 內圈,,,,,,助手,,倒快兩圈,H,內圈 倒快兩圈 (助手)
H113,13/10/2024,踱步,沙田,內圈,沙田 內圈,,,,,,助手,,快踱一圈,H,內圈 快踱一圈 (助手)
H113,12/10/2024,快操,沙田,全天候,沙田 全天候,,55.5,55.5,29.4 26.1,,鍾易禮,,快操,H,29.4 26.1 (55.5) (鍾易禮)
H113,12/10/2024,踱步,沙田,飛機場,沙田 飛機場,,,,,,鍾易禮,,踱步,H,飛機場 踱步 (鍾易禮)
H113,11/10/2024,踱步,沙田,內圈,沙田 內圈,,,,,,助手,,快踱一圈,H,內圈 快踱一圈 (助手)
H113,10/10/2024,踱步,沙田,內圈,沙田 內圈,,,,,,助手,,倒快兩圈,H,內圈 倒快兩圈 (助手)
H113,09/10/2024,踱步,沙田,內圈,沙田 內圈,,,,,,助手,,快踱一圈,H,內圈 快踱一圈 (助手)
H113,08/10/2024,踱步,沙田,內圈,沙田 內圈,,,,,,助手,,快踱一圈,H,內圈 快踱一圈 (助手)
H113,07/10/2024,踱步,沙田,內圈,沙田 內圈,,,,,,助手,,倒快兩圈,H,內圈 倒快兩圈 (助手)
H113,06/10/2024,踱步,沙田,內圈,沙田 內圈,,,,,,助手,,快踱一圈,H,內圈 快踱一圈 (助手)
H113,05/10/2024,踱步,沙田,內圈,沙田 內圈,,,,,,助手,,快踱一圈,H,內圈 快踱一圈 (助手)
H113,04/10/2024,踱步,沙田,內圈,沙田 內圈,,,,,,助手,,快踱一圈,H,內圈 快踱一圈 (助手)
H113,03/10/2024,踱步,沙田,內圈,沙田 內圈,,,,,,助手,,倒快兩圈,H,內圈 倒快兩圈 (助手)
H113,01/10/2024,出賽,沙田,草地,沙田 草地,1400M,,,,,鍾易禮,6/9,出賽,H/TT,1400M (鍾易禮) (6/9)
H113,30/09/2024,踱步,沙田,內圈,沙田 內圈,,,,,,助手,,倒快兩圈,H,內圈 倒快兩圈 (助手)
H113,29/09/2024,踱步,沙田,內圈,沙田 內圈,,,,,,助手,,快踱一圈,H,內圈 快踱一圈 (助手)
H113,28/09/2024,快操,沙田,全天候,沙田 全天候,,58.3,58.3,31.6 26.7,,鍾易禮,,快操,H,31.6 26.7 (58.3) (鍾易禮)
H113,28/09/2024,踱步,沙田,飛機場,沙田 飛機場,,,,,,鍾易禮,,踱步,H,飛機場 踱步 (鍾易禮)
H113,27/09/2024,踱步,沙田,內圈,沙田 內圈,,,,,,鍾易禮,,快踱一圈,H,內圈 快踱一圈 (鍾易禮)
H113,26/09/2024,踱步,沙田,內圈,沙田 內圈,,,,,,鍾易禮,,倒快兩圈,H,內圈 倒快兩圈 (鍾易禮)
H113,25/09/2024,踱步,沙田,內圈,沙田 內圈,,,,,,助手,,快踱一圈,H,內圈 快踱一圈 (助手)
H113,24/09/2024,踱步,沙田,內圈,沙田 內圈,,,,,,助手,,快踱一圈,H,內圈 快踱一圈 (助手)
H113,23/09/2024,踱步,沙田,內圈,沙田 內圈,,,,,,助手,,倒快兩圈,H,內圈 倒快兩圈 (助手)
H113,22/09/2024,踱步,沙田,內圈,沙田 內圈,,,,,,助手,,快踱一圈,H,內圈 快踱一圈 (助手)
H113,21/09/2024,踱步,沙田,內圈,沙田 內圈,,,,,,助手,,快踱一圈,H,內圈 快踱一圈 (助手)
H113,20/09/2024,踱步,沙田,內圈,沙田 內圈,,,,,,助手,,快踱一圈,H,內圈 快踱一圈 (助手)
H113,18/09/2024,出賽,跑馬地,草地,跑馬地 草地,1650M,,,,,鍾易禮,4/12,出賽,H/TT,1650M (鍾易禮) (4/12)
H113,18/09/2024,踱步,沙田,內圈,沙田 內圈,,,,,,助手,,快踱一圈,H,內圈 快踱一圈 (助手)
H113,17/09/2024,踱步,沙田,內圈,沙田 內圈,,,,,,助手,,快踱一圈,H,內圈 快踱一圈 (助手)
H113,16/09/2024,踱步,沙田,內圈,沙田 內圈,,,,,,助手,,倒快兩圈,H,內圈 倒快兩圈 (助手)
H113,15/09/2024,快操,沙田,全天候,沙田 全天候,,56.6,56.6,30.7 25.9,,鍾易禮,,快操,H,30.7 25.9 (56.6) (鍾易禮)
H113,15/09/2024,踱步,沙田,飛機場,沙田 飛機場,,,,,,鍾易禮,,踱步,H,飛機場 踱步 (鍾易禮)
H113,14/09/2024,踱步,沙田,內圈,沙田 內圈,,,,,,助手,,快踱一圈,H,內圈 快踱一圈 (助手)
H113,13/09/2024,踱步,沙田,內圈,沙田 內圈,,,,,,助手,,快踱一圈,H,內圈 快踱一圈 (助手)
H113,12/09/2024,快操,沙田,全天候,沙田 全天候,,57.3,57.3,31.2 26.1,,副練馬師,,快操,H,31.2 26.1 (57.3) (副練馬師)
H113,12/09/2024,踱步,沙田,飛機場,沙田 飛機場,,,,,,副練馬師,,踱步,H,飛機場 踱步 (副練馬師)
H113,11/09/2024,踱步,沙田,內圈,沙田 內圈,,,,,,助手,,快踱一圈,H,內圈 快踱一圈 (助手)
H113,10/09/2024,踱步,沙田,內圈,沙田 內圈,,,,,,助手,,快踱一圈,H,內圈 快踱一圈 (助手)
H113,09/09/2024,踱步,沙田,內圈,沙田 內圈,,,,,,助手,,倒快兩圈,H,內圈 倒快兩圈 (助手)
H113,08/09/2024,踱步,沙田,內圈,沙田 內圈,,,,,,助手,,快踱一圈,H,內圈 快踱一圈 (助手)
H113,07/09/2024,試閘,沙田,全天候,沙田 全天候,1200M,1.11.15,71.15,24.4 23.1 23.6,亞機拉,鍾易禮,,第2組,H,第2組 (鍾易禮) 1200M 亞機拉 24.4 23.1 23.6 (1.11.15)
H113,05/09/2024,踱步,沙田,內圈,沙田 內圈,,,,,,助手,,倒快兩圈,H,內圈 倒快兩圈 (助手)
H113,04/09/2024,踱步,沙田,內圈,沙田 內圈,,,,,,助手,,快踱一圈,H,內圈 快踱一圈 (助手)
H113,03/09/2024,快操,沙田,全天候,沙田 全天候,,56.5,56.5,30.6 25.9,,鍾易禮,,快操,H,30.6 25.9 (56.5) (鍾易禮)
H113,03/09/2024,踱步,沙田,飛機場,沙田 飛機場,,,,,,鍾易禮,,踱步,H,飛機場 踱步 (鍾易禮)
H113,02/09/2024,踱步,沙田,內圈,沙田 內圈,,,,,,助手,,倒快兩圈,H,內圈 倒快兩圈 (助手)
H113,01/09/2024,踱步,沙田,內圈,沙田 內圈,,,,,,助手,,快踱一圈,H,內圈 快踱一圈 (助手)
H113,31/08/2024,快操,沙田,全天候,沙田 全天候,,56.6,56.6,30.4 26.2,,鍾易禮,,快操,H,30.4 26.2 (56.6) (鍾易禮)
H113,31/08/2024,踱步,沙田,飛機場,沙田 飛機場,,,,,,鍾易禮,,踱步,H,飛機場 踱步 (鍾易禮)
H113,30/08/2024,踱步,沙田,內圈,沙田 內圈,,,,,,助手,,快踱一圈,H,內圈 快踱一圈 (助手)
H113,29/08/2024,踱步,沙田,內圈,沙田 內圈,,,,,,助手,,倒快兩圈,H,內圈 倒快兩圈 (助手)
H113,28/08/2024,快操,沙田,全天候,沙田 全天候,,55.6,55.6,29.7 25.9,,鍾易禮,,快操,H,29.7 25.9 (55.6) (鍾易禮)
H113,28/08/2024,踱步,沙田,飛機場,沙田 飛機場,,,,,,助手,,踱步,H,飛機場 踱步 (助手)
H113,27/08/2024,游水,沙田,,沙田,,,,,,,,游水,,
H113,27/08/2024,踱步,沙田,內圈,沙田 內圈,,,,,,助手,,快踱一圈,H,內圈 快踱一圈 (助手)
H113,26/08/2024,游水,沙田,,沙田,,,,,,,,游水,,
H113,26/08/2024,踱步,沙田,內圈,沙田 內圈,,,,,,助手,,倒快兩圈,H,內圈 倒快兩圈 (助手)
H113,25/08/2024,游水,沙田,,沙田,,,,,,,,游水,,
H113,25/08/2024,踱步,沙田,內圈,沙田 內圈,,,,,,助手,,快踱一圈,H,內圈 快踱一圈 (助手)
H113,24/08/2024,快操,沙田,全天候,沙田 全天候,,58.2,58.2,31.1 27.1,,副練馬師,,快操,H,31.1 27.1 (58.2) (副練馬師)
H113,24/08/2024,踱步,沙田,飛機場,沙田 飛機場,,,,,,副練馬師,,踱步,H,飛機場 踱步 (副練馬師)
H113,23/08/2024,踱步,沙田,內圈,沙田 內圈,,,,,,助手,,快踱一圈,H,內圈 快踱一圈 (助手)
H113,22/08/2024,踱步,沙田,內圈,沙田 內圈,,,,,,助手,,倒快兩圈,H,內圈 倒快兩圈 (助手)
H113,21/08/2024,快操,沙田,全天候,沙田 全天候,,58.0,58.0,30.4 27.6,,鍾易禮,,快操,H,30.4 27.6 (58.0) (鍾易禮)
H113,21/08/2024,踱步,沙田,飛機場,沙田 飛機場,,,,,,鍾易禮,,踱步,PH,飛機場 踱步 (鍾易禮)
H113,20/08/2024,踱步,沙田,內圈,沙田 內圈,,,,,,鍾易禮,,快踱一圈,H,內圈 快踱一圈 (鍾易禮)
H113,19/08/2024,踱步,沙田,內圈,沙田 內圈,,,,,,助手,,倒快兩圈,H,內圈 倒快兩圈 (助手)
H113,18/08/2024,踱步,沙田,內圈,沙田 內圈,,,,,,助手,,快踱一圈,H,內圈 快踱一圈 (助手)
H113,17/08/2024,快操,沙田,全天候,沙田 全天候,,1.00.3,60.3,32.5 27.8,,助手,,快操,H,32.5 27.8 (1.00.3) (助手)
H113,17/08/2024,踱步,沙田,飛機場,沙田 飛機場,,,,,,助手,,踱步,H,飛機場 踱步 (助手)
H113,16/08/2024,踱步,沙田,內圈,沙田 內圈,,,,,,助手,,快踱一圈,H,內圈 快踱一圈 (助手)
H113,15/08/2024,踱步,沙田,內圈,沙田 內圈,,,,,,助手,,倒快兩圈,H,內圈 倒快兩圈 (助手)
H113,14/08/2024,快操,沙田,全天候,沙田 全天候,,56.9,56.9,31.0 25.9,,助手,,快操,H,31.0 25.9 (56.9) (助手)
H113,14/08/2024,踱步,沙田,飛機場,沙田 飛機場,,,,,,助手,,踱步,H,飛機場 踱步 (助手)
H113,13/08/2024,踱步,沙田,內圈,沙田 內圈,,,,,,助手,,快踱一圈,H,內圈 快踱一圈 (助手)
H113,12/08/2024,踱步,沙田,內圈,沙田 內圈,,,,,,助手,,倒快兩圈,H,內圈 倒快兩圈 (助手)
H113,11/08/2024,踱步,沙田,內圈,沙田 內圈,,,,,,助手,,快踱一圈,H,內圈 快踱一圈 (助手)
H113,10/08/2024,踱步,沙田,內圈,沙田 內圈,,,,,,助手,,快踱一圈,H,內圈 快踱一圈 (助手)
H113,09/08/2024,踱步,沙田,內圈,沙田 內圈,,,,,,助手,,快踱一圈,H,內圈 快踱一圈 (助手)
H113,08/08/2024,踱步,沙田,內圈,沙田 內圈,,,,,,助手,,倒快兩圈,H,內圈 倒快兩圈 (助手)
H113,07/08/2024,踱步,沙田,內圈,沙田 內圈,,,,,,助手,,快踱一圈,H,內圈 快踱一圈 (助手)
H113,06/08/2024,踱步,沙田,內圈,沙田 內圈,,,,,,助手,,快踱一圈,H,內圈 快踱一圈 (助手)
H113,05/08/2024,踱步,沙田,內圈,沙田 內圈,,,,,,助手,,倒快兩圈,H,內圈 倒快兩圈 (助手)
H113,04/08/2024,踱步,沙田,內圈,沙田 內圈,,,,,,助手,,快踱一圈,H,內圈 快踱一圈 (助手)
H113,03/08/2024,踱步,沙田,內圈,沙田 內圈,,,,,,助手,,快踱一圈,H,內圈 快踱一圈 (助手)
H113,02/08/2024,踱步,沙田,內圈,沙田 內圈,,,,,,助手,,快踱一圈,H,內圈 快踱一圈 (助手)
H113,01/08/2024,踱步,沙田,內圈,沙田 內圈,,,,,,助手,,快踱一圈,H,內圈 快踱一圈 (助手)
H113,10/07/2024,出賽,跑馬地,草地,跑馬地 草地,1650M,,,,,鍾易禮,8/10,出賽,H/TT,1650M (鍾易禮) (8/10)
H113,10/07/2024,踱步,沙田,內圈,沙田 內圈,,,,,,鍾易禮,,快踱一圈,H,內圈 快踱一圈 (鍾易禮)
H113,09/07/2024,踱步,沙田,內圈,沙田 內圈,,,,,,助手,,快踱一圈,H,內圈 快踱一圈 (助手)
H113,08/07/2024,踱步,沙田,內圈,沙田 內圈,,,,,,鍾易禮,,倒快兩圈,H,內圈 倒快兩圈 (鍾易禮)
H113,07/07/2024,快操,沙田,全天候,沙田 全天候,,57.0,57.0,30.5 26.5,,鍾易禮,,快操,H,30.5 26.5 (57.0) (鍾易禮)
H113,07/07/2024,踱步,沙田,飛機場,沙田 飛機場,,,,,,鍾易禮,,踱步,B,飛機場 踱步 (鍾易禮)
H113,06/07/2024,踱步,沙田,內圈,沙田 內圈,,,,,,助手,,快踱一圈,H,內圈 快踱一圈 (助手)
H113,05/07/2024,踱步,沙田,內圈,沙田 內圈,,,,,,助手,,快踱一圈,H,內圈 快踱一圈 (助手)
H113,04/07/2024,踱步,沙田,內圈,沙田 內圈,,,,,,助手,,倒快兩圈,H,內圈 倒快兩圈 (助手)
H113,03/07/2024,踱步,沙田,內圈,沙田 內圈,,,,,,助手,,快踱一圈,H,內圈 快踱一圈 (助手)
H113,02/07/2024,踱步,沙田,內圈,沙田 內圈,,,,,,助手,,快踱一圈,H,內圈 快踱一圈 (助手)
H113,01/07/2024,踱步,沙田,內圈,沙田 內圈,,,,,,助手,,倒快兩圈,H,內圈 倒快兩圈 (助手)
H113,30/06/2024,踱步,沙田,內圈,沙田 內圈,,,,,,助手,,快踱一圈,H,內圈 快踱一圈 (助手)
H113,29/06/2024,踱步,沙田,內圈,沙田 內圈,,,,,,助手,,快踱一圈,H,內圈 快踱一圈 (助手)
H113,28/06/2024,試閘,沙田,全天候,沙田 全天候,1200M,1.10.46,70.46,24.5 23.0 22.9,豐盛,鍾易禮,,第1組,H,第1組 (鍾易禮) 1200M 豐盛 24.5 23.0 22.9 (1.10.46)
H113,27/06/2024,踱步,沙田,內圈,沙田 內圈,,,,,,助手,,倒快兩圈,H,內圈 倒快兩圈 (助手)
H113,26/06/2024,踱步,沙田,內圈,沙田 內圈,,,,,,助手,,快踱一圈,H,內圈 快踱一圈 (助手)
H113,25/06/2024,快操,沙田,全天候,沙田 全天候,,56.3,56.3,29.8 26.5,,鍾易禮,,快操,H,29.8 26.5 (56.3) (鍾易禮)
H113,25/06/2024,踱步,沙田,飛機場,沙田 飛機場,,,,,,鍾易禮,,踱步,H,飛機場 踱步 (鍾易禮)
H113,24/06/2024,踱步,沙田,內圈,沙田 內圈,,,,,,助手,,倒快兩圈,H,內圈 倒快兩圈 (助手)
H113,23/06/2024,踱步,沙田,內圈,沙田 內圈,,,,,,助手,,快踱一圈,H,內圈 快踱一圈 (助手)
H113,22/06/2024,快操,沙田,全天候,沙田 全天候,,57.4,57.4,31.7 25.7,,副練馬師,,快操,H,31.7 25.7 (57.4) (副練馬師)
H113,22/06/2024,踱步,沙田,飛機場,沙田 飛機場,,,,,,副練馬師,,踱步,H,飛機場 踱步 (副練馬師)
H113,21/06/2024,踱步,沙田,內圈,沙田 內圈,,,,,,助手,,快踱一圈,H,內圈 快踱一圈 (助手)
H113,20/06/2024,踱步,沙田,內圈,沙田 內圈,,,,,,助手,,倒快兩圈,H,內圈 倒快兩圈 (助手)
H113,19/06/2024,快操,沙田,全天候,沙田 全天候,,58.6,58.6,32.0 26.6,,鍾易禮,,快操,H,32.0 26.6 (58.6) (鍾易禮)
H113,19/06/2024,踱步,沙田,飛機場,沙田 飛機場,,,,,,鍾易禮,,踱步,H,飛機場 踱步 (鍾易禮)
H113,18/06/2024,踱步,沙田,內圈,沙田 內圈,,,,,,助手,,快踱一圈,H,內圈 快踱一圈 (助手)
H113,17/06/2024,踱步,沙田,內圈,沙田 內圈,,,,,,助手,,倒快兩圈,H,內圈 倒快兩圈 (助手)
H113,16/06/2024,踱步,沙田,內圈,沙田 內圈,,,,,,助手,,快踱一圈,H,內圈 快踱一圈 (助手)
H113,15/06/2024,踱步,沙田,內圈,沙田 內圈,,,,,,助手,,快踱一圈,H,內圈 快踱一圈 (助手)
H113,14/06/2024,踱步,沙田,內圈,沙田 內圈,,,,,,助手,,快踱一圈,H,內圈 快踱一圈 (助手)
H113,12/06/2024,出賽,跑馬地,草地,跑馬地 草地,1650M,,,,,鍾易禮,1/10,出賽,H/TT,1650M (鍾易禮) (1/10)
H113,12/06/2024,踱步,沙田,內圈,沙田 內圈,,,,,,助手,,快踱一圈,H,內圈 快踱一圈 (助手)
H113,11/06/2024,踱步,沙田,內圈,沙田 內圈,,,,,,助手,,快踱一圈,H,內圈 快踱一圈 (助手)
H113,10/06/2024,踱步,沙田,內圈,沙田 內圈,,,,,,助手,,倒快兩圈,H,內圈 倒快兩圈 (助手)
H113,09/06/2024,快操,沙田,全天候,沙田 全天候,,58.0,58.0,31.0 27.0,,助手,,快操,H,31.0 27.0 (58.0) (助手)
H113,09/06/2024,踱步,沙田,飛機場,沙田 飛機場,,,,,,助手,,踱步,H,飛機場 踱步 (助手)
H113,07/06/2024,踱步,沙田,內圈,沙田 內圈,,,,,,助手,,快踱一圈,H,內圈 快踱一圈 (助手)
H113,06/06/2024,踱步,沙田,內圈,沙田 內圈,,,,,,助手,,倒快兩圈,H,內圈 倒快兩圈 (助手)
H113,05/06/2024,踱步,沙田,內圈,沙田 內圈,,,,,,助手,,快踱一圈,H,內圈 快踱一圈 (助手)
H113,04/06/2024,踱步,沙田,內圈,沙田 內圈,,,,,,鍾易禮,,快踱一圈,H,內圈 快踱一圈 (鍾易禮)
H113,03/06/2024,踱步,沙田,內圈,沙田 內圈,,,,,,助手,,倒快兩圈,H,內圈 倒快兩圈 (助手)
H113,02/06/2024,踱步,沙田,內圈,沙田 內圈,,,,,,助手,,快踱一圈,H,內圈 快踱一圈 (助手)
H113,01/06/2024,踱步,沙田,內圈,沙田 內圈,,,,,,助手,,快踱一圈,H,內圈 快踱一圈 (助手)
H113,31/05/2024,試閘,沙田,全天候,沙田 全天候,1200M,1.11.97,71.97,24.0 23.0 24.9,亞機拉,鍾易禮,,第1組,H,第1組 (鍾易禮) 1200M 亞機拉 24.0 23.0 24.9 (1.11.97)
H113,30/05/2024,踱步,沙田,內圈,沙田 內圈,,,,,,助手,,倒快兩圈,H,內圈 倒快兩圈 (助手)
H113,29/05/2024,踱步,沙田,內圈,沙田 內圈,,,,,,助手,,快踱一圈,H,內圈 快踱一圈 (助手)
H113,28/05/2024,快操,沙田,全天候,沙田 全天候,,58.3,58.3,31.0 27.3,,助手,,快操,H,31.0 27.3 (58.3) (助手)
H113,28/05/2024,踱步,沙田,飛機場,沙田 飛機場,,,,,,助手,,踱步,H,飛機場 踱步 (助手)
H113,27/05/2024,踱步,沙田,內圈,沙田 內圈,,,,,,助手,,倒快兩圈,H,內圈 倒快兩圈 (助手)
H113,26/05/2024,快操,沙田,全天候,沙田 全天候,,59.2,59.2,32.4 26.8,,副練馬師,,快操,H,32.4 26.8 (59.2) (副練馬師)
H113,26/05/2024,踱步,沙田,飛機場,沙田 飛機場,,,,,,副練馬師,,踱步,H,飛機場 踱步 (副練馬師)
H113,25/05/2024,踱步,沙田,內圈,沙田 內圈,,,,,,鍾易禮,,快踱一圈,H,內圈 快踱一圈 (鍾易禮)
H113,24/05/2024,踱步,沙田,內圈,沙田 內圈,,,,,,助手,,快踱一圈,H,內圈 快踱一圈 (助手)
H113,23/05/2024,快操,沙田,全天候,沙田 全天候,,59.7,59.7,33.1 26.6,,副練馬師,,快操,,33.1 26.6 (59.7) (副練馬師)
H113,23/05/2024,踱步,沙田,飛機場,沙田 飛機場,,,,,,副練馬師,,踱步,H,飛機場 踱步 (副練馬師)
H113,22/05/2024,踱步,沙田,內圈,沙田 內圈,,,,,,助手,,快踱一圈,H,內圈 快踱一圈 (助手)
H113,21/05/2024,踱步,沙田,內圈,沙田 內圈,,,,,,鍾易禮,,快踱一圈,H,內圈 快踱一圈 (鍾易禮)
H113,20/05/2024,踱步,沙田,內圈,沙田 內圈,,,,,,助手,,倒快兩圈,H,內圈 倒快兩圈 (助手)
H113,19/05/2024,快操,沙田,全天候,沙田 全天候,,58.5,58.5,31.8 26.7,,副練馬師,,快操,H,31.8 26.7 (58.5) (副練馬師)
H113,19/05/2024,踱步,沙田,飛機場,沙田 飛機場,,,,,,副練馬師,,踱步,H,飛機場 踱步 (副練馬師)
H113,18/05/2024,踱步,沙田,內圈,沙田 內圈,,,,,,助手,,快踱一圈,H,內圈 快踱一圈 (助手)
H113,17/05/2024,踱步,沙田,內圈,沙田 內圈,,,,,,助手,,快踱一圈,H,內圈 快踱一圈 (助手)
H113,16/05/2024,踱步,沙田,內圈,沙田 內圈,,,,,,助手,,倒快兩圈,H,內圈 倒快兩圈 (助手)
H113,15/05/2024,踱步,沙田,內圈,沙田 內圈,,,,,,鍾易禮,,快踱一圈,H,內圈 快踱一圈 (鍾易禮)
H113,14/05/2024,踱步,沙田,內圈,沙田 內圈,,,,,,助手,,快踱一圈,H,內圈 快踱一圈 (助手)
H113,13/05/2024,踱步,沙田,內圈,沙田 內圈,,,,,,助手,,倒快兩圈,H,內圈 倒快兩圈 (助手)
H113,11/05/2024,出賽,沙田,草地,沙田 草地,1600M,,,,,鍾易禮,2/10,出賽,H/TT,1600M (鍾易禮) (2/10)
H113,11/05/2024,踱步,沙田,內圈,沙田 內圈,,,,,,助手,,快踱一圈,H,內圈 快踱一圈 (助手)
H113,10/05/2024,踱步,沙田,內圈,沙田 內圈,,,,,,助手,,快踱一圈,H,內圈 快踱一圈 (助手)
H113,09/05/2024,踱步,從化,內圈,從化 內圈,,,,,,助手,,倒快兩圈,H,內圈 倒快兩圈 (助手)
H113,08/05/2024,快操,從化,全天候,從化 全天候,,56.3,56.3,29.8 26.5,,助手,,快操,H,29.8 26.5 (56.3) (助手)
H113,08/05/2024,踱步,從化,飛機場,從化 飛機場,,,,,,助手,,踱步,H,飛機場 踱步 (助手)
H113,07/05/2024,踱步,從化,內圈,從化 內圈,,,,,,助手,,快踱一圈,H,內圈 快踱一圈 (助手)
H113,06/05/2024,踱步,從化,內圈,從化 內圈,,,,,,助手,,倒快兩圈,H,內圈 倒快兩圈 (助手)
H113,05/05/2024,快操,從化,全天候,從化 全天候,,56.3,56.3,29.9 26.4,,助手,,快操,H,29.9 26.4 (56.3) (助手)
H113,05/05/2024,踱步,從化,飛機場,從化 飛機場,,,,,,助手,,踱步,H,飛機場 踱步 (助手)
H113,04/05/2024,踱步,從化,內圈,從化 內圈,,,,,,助手,,快踱一圈,H,內圈 快踱一圈 (助手)
H113,03/05/2024,踱步,從化,內圈,從化 內圈,,,,,,助手,,快踱一圈,H,內圈 快踱一圈 (助手)
H113,02/05/2024,踱步,從化,內圈,從化 內圈,,,,,,助手,,倒快兩圈,H,內圈 倒快兩圈 (助手)
H113,01/05/2024,踱步,從化,內圈,從化 內圈,,,,,,助手,,快踱一圈,H,內圈 快踱一圈 (助手)
H113,30/04/2024,踱步,沙田,內圈,沙田 內圈,,,,,,助手,,快踱一圈,H,內圈 快踱一圈 (助手)
H113,28/04/2024,出賽,沙田,草地,沙田 草地,1400M,,,,,鍾易禮,8/13,出賽,H/TT,1400M (鍾易禮) (8/13)
H113,28/04/2024,踱步,沙田,內圈,沙田 內圈,,,,,,助手,,快踱一圈,H,內圈 快踱一圈 (助手)
H113,27/04/2024,踱步,沙田,內圈,沙田 內圈,,,,,,助手,,快踱一圈,H,內圈 快踱一圈 (助手)
H113,26/04/2024,踱步,沙田,內圈,沙田 內圈,,,,,,助手,,快踱一圈,H,內圈 快踱一圈 (助手)
H113,25/04/2024,快操,從化,全天候,從化 全天候,,58.2,58.2,31.3 26.9,,助手,,快操,H,31.3 26.9 (58.2) (助手)
H113,25/04/2024,踱步,從化,飛機場,從化 飛機場,,,,,,助手,,踱步,H,飛機場 踱步 (助手)
H113,24/04/2024,踱步,從化,內圈,從化 內圈,,,,,,助手,,快踱一圈,H,內圈 快踱一圈 (助手)
H113,23/04/2024,踱步,從化,內圈,從化 內圈,,,,,,助手,,快踱一圈,H,內圈 快踱一圈 (助手)
H113,22/04/2024,踱步,從化,內圈,從化 內圈,,,,,,助手,,倒快兩圈,H,內圈 倒快兩圈 (助手)
H113,21/04/2024,快操,從化,全天候,從化 全天候,,56.5,56.5,29.7 26.8,,助手,,快操,H,29.7 26.8 (56.5) (助手)
H113,21/04/2024,踱步,從化,飛機場,從化 飛機場,,,,,,助手,,踱步,H,飛機場 踱步 (助手)
H113,20/04/2024,踱步,從化,內圈,從化 內圈,,,,,,助手,,快踱一圈,H,內圈 快踱一圈 (助手)
H113,19/04/2024,踱步,從化,內圈,從化 內圈,,,,,,助手,,快踱一圈,H,內圈 快踱一圈 (助手)
H113,18/04/2024,踱步,從化,內圈,從化 內圈,,,,,,助手,,倒快兩圈,H,內圈 倒快兩圈 (助手)
H113,17/04/2024,快操,從化,全天候,從化 全天候,,57.2,57.2,30.6 26.6,,助手,,快操,H,30.6 26.6 (57.2) (助手)
H113,17/04/2024,踱步,從化,飛機場,從化 飛機場,,,,,,助手,,踱步,H,飛機場 踱步 (助手)
H113,16/04/2024,踱步,從化,內圈,從化 內圈,,,,,,助手,,快踱一圈,H,內圈 快踱一圈 (助手)
H113,15/04/2024,踱步,從化,內圈,從化 內圈,,,,,,助手,,倒快兩圈,H,內圈 倒快兩圈 (助手)
H113,14/04/2024,踱步,從化,內圈,從化 內圈,,,,,,助手,,快踱一圈,H,內圈 快踱一圈 (助手)
H113,13/04/2024,踱步,從化,內圈,從化 內圈,,,,,,助手,,快踱一圈,H,內圈 快踱一圈 (助手)
H113,12/04/2024,踱步,沙田,內圈,沙田 內圈,,,,,,助手,,快踱一圈,H,內圈 快踱一圈 (助手)
H113,10/04/2024,出賽,跑馬地,草地,跑馬地 草地,1650M,,,,,鍾易禮,2/8,出賽,H/TT,1650M (鍾易禮) (2/8)
H113,10/04/2024,踱步,沙田,內圈,沙田 內圈,,,,,,助手,,快踱一圈,H,內圈 快踱一圈 (助手)
H113,09/04/2024,踱步,沙田,內圈,沙田 內圈,,,,,,助手,,快踱一圈,H,內圈 快踱一圈 (助手)
H113,08/04/2024,踱步,沙田,內圈,沙田 內圈,,,,,,助手,,倒快兩圈,H,內圈 倒快兩圈 (助手)
H113,07/04/2024,踱步,沙田,內圈,沙田 內圈,,,,,,助手,,快踱一圈,H,內圈 快踱一圈 (助手)
H113,06/04/2024,快操,沙田,泥閘,沙田 泥閘,,22.2,22.2,22.2,,副練馬師,,快操,H,22.2 (22.2) (副練馬師) (伴跳馬)
H113,06/04/2024,踱步,沙田,飛機場,沙田 飛機場,,,,,,副練馬師,,踱步,H,飛機場 踱步 (副練馬師)
H113,05/04/2024,踱步,沙田,內圈,沙田 內圈,,,,,,助手,,快踱一圈,H,內圈 快踱一圈 (助手)
H113,04/04/2024,踱步,沙田,內圈,沙田 內圈,,,,,,助手,,倒快兩圈,H,內圈 倒快兩圈 (助手)
H113,03/04/2024,快操,沙田,全天候,沙田 全天候,,59.5,59.5,31.9 27.6,,副練馬師,,快操,H,31.9 27.6 (59.5) (副練馬師)
H113,03/04/2024,踱步,沙田,飛機場,沙田 飛機場,,,,,,副練馬師,,踱步,H,飛機場 踱步 (副練馬師)
H113,02/04/2024,踱步,沙田,內圈,沙田 內圈,,,,,,助手,,快踱一圈,H,內圈 快踱一圈 (助手)
H113,31/03/2024,踱步,沙田,內圈,沙田 內圈,,,,,,助手,,快踱一圈,H,內圈 快踱一圈 (助手)
H113,30/03/2024,快操,沙田,全天候,沙田 全天候,,59.6,59.6,32.5 27.1,,副練馬師,,快操,H,32.5 27.1 (59.6) (副練馬師)
H113,30/03/2024,踱步,沙田,飛機場,沙田 飛機場,,,,,,副練馬師,,踱步,H,飛機場 踱步 (副練馬師)
H113,29/03/2024,踱步,沙田,內圈,沙田 內圈,,,,,,助手,,快踱一圈,H,內圈 快踱一圈 (助手)
H113,28/03/2024,踱步,沙田,內圈,沙田 內圈,,,,,,助手,,倒快兩圈,H,內圈 倒快兩圈 (助手)
H113,27/03/2024,快操,沙田,全天候,沙田 全天候,,57.8,57.8,31.4 26.4,,副練馬師,,快操,H,31.4 26.4 (57.8) (副練馬師)
H113,27/03/2024,踱步,沙田,飛機場,沙田 飛機場,,,,,,副練馬師,,踱步,H,飛機場 踱步 (副練馬師)
H113,26/03/2024,踱步,沙田,內圈,沙田 內圈,,,,,,鍾易禮,,快踱一圈,H,內圈 快踱一圈 (鍾易禮)
H113,25/03/2024,踱步,沙田,內圈,沙田 內圈,,,,,,助手,,倒快兩圈,H,內圈 倒快兩圈 (助手)
H113,24/03/2024,快操,沙田,全天候,沙田 全天候,,58.2,58.2,30.9 27.3,,副練馬師,,快操,H,30.9 27.3 (58.2) (副練馬師)
H113,24/03/2024,踱步,沙田,飛機場,沙田 飛機場,,,,,,副練馬師,,踱步,H,飛機場 踱步 (副練馬師)
H113,23/03/2024,踱步,沙田,內圈,沙田 內圈,,,,,,助手,,快踱一圈,H,內圈 快踱一圈 (助手)
H113,22/03/2024,踱步,沙田,內圈,沙田 內圈,,,,,,助手,,快踱一圈,H,內圈 快踱一圈 (助手)
H113,21/03/2024,踱步,沙田,內圈,沙田 內圈,,,,,,助手,,倒快兩圈,H,內圈 倒快兩圈 (助手)
H113,20/03/2024,踱步,沙田,內圈,沙田 內圈,,,,,,助手,,快踱一圈,H,內圈 快踱一圈 (助手)
H113,19/03/2024,踱步,沙田,內圈,沙田 內圈,,,,,,鍾易禮,,快踱一圈,H,內圈 快踱一圈 (鍾易禮)
H113,16/03/2024,出賽,沙田,草地,沙田 草地,1400M,,,,,鍾易禮,1/14,出賽,H/TT,1400M (鍾易禮) (1/14)
H113,16/03/2024,踱步,沙田,內圈,沙田 內圈,,,,,,鍾易禮,,快踱一圈,H,內圈 快踱一圈 (鍾易禮)
H113,15/03/2024,踱步,沙田,內圈,沙田 內圈,,,,,,助手,,快踱一圈,H,內圈 快踱一圈 (助手)
H113,14/03/2024,踱步,沙田,內圈,沙田 內圈,,,,,,助手,,倒快兩圈,H,內圈 倒快兩圈 (助手)
H113,13/03/2024,快操,沙田,全天候,沙田 全天候,,57.5,57.5,31.2 26.3,,副練馬師,,快操,H,31.2 26.3 (57.5) (副練馬師)
H113,13/03/2024,踱步,沙田,飛機場,沙田 飛機場,,,,,,副練馬師,,踱步,H,飛機場 踱步 (副練馬師)
H113,12/03/2024,踱步,沙田,內圈,沙田 內圈,,,,,,鍾易禮,,快踱一圈,H,內圈 快踱一圈 (鍾易禮)
H113,11/03/2024,踱步,沙田,內圈,沙田 內圈,,,,,,助手,,倒快兩圈,H,內圈 倒快兩圈 (助手)
H113,10/03/2024,快操,沙田,全天候,沙田 全天候,,1.01.0,61.0,33.5 27.5,,助手,,快操,H,33.5 27.5 (1.01.0) (助手)
H113,10/03/2024,踱步,沙田,飛機場,沙田 飛機場,,,,,,副練馬師,,踱步,H,飛機場 踱步 (副練馬師)
H113,09/03/2024,踱步,沙田,內圈,沙田 內圈,,,,,,助手,,快踱一圈,H,內圈 快踱一圈 (助手)
H113,08/03/2024,踱步,沙田,內圈,沙田 內圈,,,,,,助手,,快踱一圈,H,內圈 快踱一圈 (助手)
H113,07/03/2024,踱步,沙田,內圈,沙田 內圈,,,,,,鍾易禮,,倒快兩圈,H,內圈 倒快兩圈 (鍾易禮)
H113,06/03/2024,快操,沙田,全天候,沙田 全天候,,1.00.1,60.1,33.2 26.9,,副練馬師,,快操,H,33.2 26.9 (1.00.1) (副練馬師)
H113,06/03/2024,踱步,沙田,飛機場,沙田 飛機場,,,,,,副練馬師,,踱步,H,飛機場 踱步 (副練馬師)
H113,05/03/2024,踱步,沙田,內圈,沙田 內圈,,,,,,助手,,快踱一圈,H,內圈 快踱一圈 (助手)
H113,04/03/2024,踱步,沙田,內圈,沙田 內圈,,,,,,助手,,倒快兩圈,H,內圈 倒快兩圈 (助手)
H113,03/03/2024,踱步,沙田,內圈,沙田 內圈,,,,,,助手,,快踱一圈,H,內圈 快踱一圈 (助手)
H113,02/03/2024,踱步,沙田,內圈,沙田 內圈,,,,,,助手,,快踱一圈,H,內圈 快踱一圈 (助手)
H113,01/03/2024,踱步,沙田,內圈,沙田 內圈,,,,,,助手,,快踱一圈,H,內圈 快踱一圈 (助手)
H113,28/02/2024,出賽,跑馬地,草地,跑馬地 草地,1650M,,,,,鍾易禮,2/10,出賽,H/TT,1650M (鍾易禮) (2/10)
H113,28/02/2024,踱步,沙田,內圈,沙田 內圈,,,,,,助手,,快踱一圈,H,內圈 快踱一圈 (助手)
H113,27/02/2024,踱步,沙田,內圈,沙田 內圈,,,,,,助手,,快踱一圈,H,內圈 快踱一圈 (助手)
H113,26/02/2024,踱步,沙田,內圈,沙田 內圈,,,,,,助手,,倒快兩圈,H,內圈 倒快兩圈 (助手)
H113,25/02/2024,快操,沙田,全天候,沙田 全天候,,1.01.7,61.7,34.0 27.7,,副練馬師,,快操,H,34.0 27.7 (1.01.7) (副練馬師)
H113,25/02/2024,踱步,沙田,飛機場,沙田 飛機場,,,,,,副練馬師,,踱步,H,飛機場 踱步 (副練馬師)
H113,24/02/2024,踱步,沙田,內圈,沙田 內圈,,,,,,助手,,快踱一圈,H,內圈 快踱一圈 (助手)
H113,23/02/2024,踱步,沙田,內圈,沙田 內圈,,,,,,助手,,快踱一圈,H,內圈 快踱一圈 (助手)
H113,22/02/2024,踱步,沙田,內圈,沙田 內圈,,,,,,助手,,倒快兩圈,H,內圈 倒快兩圈 (助手)
H113,21/02/2024,踱步,沙田,內圈,沙田 內圈,,,,,,助手,,快踱一圈,H,內圈 快踱一圈 (助手)
H113,20/02/2024,踱步,沙田,內圈,沙田 內圈,,,,,,助手,,快踱一圈,H,內圈 快踱一圈 (助手)
H113,19/02/2024,踱步,沙田,內圈,沙田 內圈,,,,,,助手,,倒快兩圈,H,內圈 倒快兩圈 (助手)
H113,18/02/2024,踱步,沙田,內圈,沙田 內圈,,,,,,助手,,快踱一圈,H,內圈 快踱一圈 (助手)
H113,17/02/2024,試閘,跑馬地,草地,跑馬地 草地,1700M,1.47.92,107.92,32.8 26.5 24.2 24.4,亞機拉,楊明綸,,第1組,H,第1組 (楊明綸) 1700M 亞機拉 32.8 26.5 24.2 24.4 (1.47.92)
H113,16/02/2024,踱步,沙田,內圈,沙田 內圈,,,,,,助手,,快踱一圈,H,內圈 快踱一圈 (助手)
H113,15/02/2024,踱步,沙田,內圈,沙田 內圈,,,,,,助手,,倒快兩圈,H,內圈 倒快兩圈 (助手)
H113,14/02/2024,快操,沙田,全天候,沙田 全天候,,57.0,57.0,30.5 26.5,,助手,,快操,H,30.5 26.5 (57.0) (助手)
H113,14/02/2024,踱步,沙田,飛機場,沙田 飛機場,,,,,,助手,,踱步,H,飛機場 踱步 (助手)
H113,13/02/2024,踱步,沙田,內圈,沙田 內圈,,,,,,助手,,快踱一圈,H,內圈 快踱一圈 (助手)
H113,12/02/2024,踱步,沙田,內圈,沙田 內圈,,,,,,助手,,倒快兩圈,H,內圈 倒快兩圈 (助手)
H113,11/02/2024,踱步,沙田,內圈,沙田 內圈,,,,,,助手,,快踱一圈,H,內圈 快踱一圈 (助手)
H113,09/02/2024,快操,沙田,全天候,沙田 全天候,,57.2,57.2,30.1 27.1,,副練馬師,,快操,H,30.1 27.1 (57.2) (副練馬師)
H113,09/02/2024,踱步,沙田,飛機場,沙田 飛機場,,,,,,副練馬師,,踱步,H,飛機場 踱步 (副練馬師)
H113,08/02/2024,游水,沙田,,沙田,,,,,,,,游水,,
H113,08/02/2024,踱步,沙田,內圈,沙田 內圈,,,,,,助手,,倒快兩圈,H,內圈 倒快兩圈 (助手)
H113,07/02/2024,游水,沙田,,沙田,,,,,,,,游水,,
H113,07/02/2024,踱步,沙田,內圈,沙田 內圈,,,,,,助手,,快踱一圈,H,內圈 快踱一圈 (助手)
H113,06/02/2024,快操,沙田,全天候,沙田 全天候,,56.0,56.0,29.8 26.2,,助手,,快操,H,29.8 26.2 (56.0) (助手)
H113,06/02/2024,踱步,沙田,飛機場,沙田 飛機場,,,,,,助手,,踱步,H,飛機場 踱步 (助手)
H113,05/02/2024,游水,沙田,,沙田,,,,,,,,游水,,
H113,05/02/2024,踱步,沙田,內圈,沙田 內圈,,,,,,助手,,倒快兩圈,H,內圈 倒快兩圈 (助手)
H113,04/02/2024,踱步,沙田,內圈,沙田 內圈,,,,,,助手,,快踱一圈,H,內圈 快踱一圈 (助手)
H113,03/02/2024,快操,沙田,全天候,沙田 全天候,,59.7,59.7,33.0 26.7,,副練馬師,,快操,H,33.0 26.7 (59.7) (副練馬師)
H113,03/02/2024,踱步,沙田,飛機場,沙田 飛機場,,,,,,助手,,踱步,H,飛機場 踱步 (助手)
H113,02/02/2024,踱步,沙田,內圈,沙田 內圈,,,,,,助手,,快踱一圈,H,內圈 快踱一圈 (助手)
H113,01/02/2024,踱步,沙田,內圈,沙田 內圈,,,,,,助手,,倒快兩圈,H,內圈 倒快兩圈 (助手)
H113,31/01/2024,快操,沙田,全天候,沙田 全天候,,55.1,55.1,31.0 24.1,,助手,,快操,H,31.0 24.1 (55.1) (助手)
H113,31/01/2024,踱步,沙田,飛機場,沙田 飛機場,,,,,,助手,,踱步,H,飛機場 踱步 (助手)
H113,30/01/2024,踱步,沙田,內圈,沙田 內圈,,,,,,助手,,快踱一圈,H,內圈 快踱一圈 (助手)
H113,29/01/2024,踱步,沙田,內圈,沙田 內圈,,,,,,助手,,倒快兩圈,H,內圈 倒快兩圈 (助手)
H113,28/01/2024,踱步,沙田,內圈,沙田 內圈,,,,,,助手,,快踱一圈,H,內圈 快踱一圈 (助手)
H113,27/01/2024,踱步,沙田,內圈,沙田 內圈,,,,,,助手,,快踱一圈,H,內圈 快踱一圈 (助手)
H113,26/01/2024,踱步,沙田,內圈,沙田 內圈,,,,,,助手,,快踱一圈,H,內圈 快踱一圈 (助手)
H113,24/01/2024,出賽,沙田,全天候,沙田 全天候,1650M,,,,,鍾易禮,6/14,出賽,H/TT,1650M (鍾易禮) (6/14)
H113,24/01/2024,踱步,沙田,內圈,沙田 內圈,,,,,,助手,,快踱一圈,H,內圈 快踱一圈 (助手)
H113,23/01/2024,踱步,沙田,內圈,沙田 內圈,,,,,,助手,,快踱一圈,H,內圈 快踱一圈 (助手)
H113,22/01/2024,踱步,沙田,內圈,沙田 內圈,,,,,,鍾易禮,,倒快兩圈,H,內圈 倒快兩圈 (鍾易禮)
H113,21/01/2024,快操,沙田,全天候,沙田 全天候,,58.3,58.3,30.5 27.8,,助手,,快操,H,30.5 27.8 (58.3) (助手)
H113,21/01/2024,踱步,沙田,飛機場,沙田 飛機場,,,,,,助手,,踱步,H,飛機場 踱步 (助手)
H113,20/01/2024,踱步,沙田,內圈,沙田 內圈,,,,,,助手,,快踱一圈,H,內圈 快踱一圈 (助手)
H113,19/01/2024,踱步,沙田,內圈,沙田 內圈,,,,,,助手,,快踱一圈,H,內圈 快踱一圈 (助手)
H113,18/01/2024,踱步,沙田,內圈,沙田 內圈,,,,,,助手,,倒快兩圈,H,內圈 倒快兩圈 (助手)
H113,17/01/2024,快操,沙田,全天候,沙田 全天候,,58.5,58.5,31.4 27.1,,助手,,快操,H,31.4 27.1 (58.5) (助手)
H113,17/01/2024,踱步,沙田,飛機場,沙田 飛機場,,,,,,助手,,踱步,H,飛機場 踱步 (助手)
H113,16/01/2024,踱步,沙田,內圈,沙田 內圈,,,,,,助手,,快踱一圈,H,內圈 快踱一圈 (助手)
H113,15/01/2024,踱步,沙田,內圈,沙田 內圈,,,,,,助手,,倒快兩圈,H,內圈 倒快兩圈 (助手)
H113,14/01/2024,踱步,沙田,內圈,沙田 內圈,,,,,,助手,,快踱一圈,H,內圈 快踱一圈 (助手)
H113,13/01/2024,踱步,沙田,內圈,沙田 內圈,,,,,,助手,,快踱一圈,H,內圈 快踱一圈 (助手)
H113,12/01/2024,游水,沙田,,沙田,,,,,,,,游水,,
H113,12/01/2024,踱步,沙田,內圈,沙田 內圈,,,,,,助手,,快踱一圈,H,內圈 快踱一圈 (助手)
H113,11/01/2024,踱步,沙田,內圈,沙田 內圈,,,,,,助手,,倒快兩圈,H,內圈 倒快兩圈 (助手)
H113,10/01/2024,踱步,沙田,內圈,沙田 內圈,,,,,,助手,,快踱一圈,H,內圈 快踱一圈 (助手)
H113,09/01/2024,試閘,沙田,全天候,沙田 全天候,1200M,1.10.42,70.42,23.4 22.2 24.8,亞機拉,鍾易禮,,第9組,H,第9組 (鍾易禮) 1200M 亞機拉 23.4 22.2 24.8 (1.10.42)
H113,08/01/2024,踱步,沙田,內圈,沙田 內圈,,,,,,助手,,倒快兩圈,H,內圈 倒快兩圈 (助手)
H113,07/01/2024,踱步,沙田,內圈,沙田 內圈,,,,,,助手,,快踱一圈,H,內圈 快踱一圈 (助手)
H113,06/01/2024,踱步,沙田,內圈,沙田 內圈,,,,,,助手,,快踱一圈,H,內圈 快踱一圈 (助手)
H113,05/01/2024,踱步,沙田,內圈,沙田 內圈,,,,,,助手,,快踱一圈,H,內圈 快踱一圈 (助手)
H113,04/01/2024,快操,沙田,全天候,沙田 全天候,,57.3,57.3,30.9 26.4,,助手,,快操,H,30.9 26.4 (57.3) (助手)
H113,04/01/2024,踱步,沙田,飛機場,沙田 飛機場,,,,,,助手,,踱步,H,飛機場 踱步 (助手)
H113,03/01/2024,踱步,沙田,內圈,沙田 內圈,,,,,,助手,,快踱一圈,H,內圈 快踱一圈 (助手)
H113,02/01/2024,踱步,沙田,內圈,沙田 內圈,,,,,,助手,,快踱一圈,H,內圈 快踱一圈 (助手)
H113,01/01/2024,踱步,沙田,內圈,沙田 內圈,,,,,,助手,,倒快兩圈,H,內圈 倒快兩圈 (助手)
H113,31/12/2023,踱步,沙田,內圈,沙田 內圈,,,,,,助手,,快踱一圈,H,內圈 快踱一圈 (助手)
H113,30/12/2023,快操,沙田,全天候,沙田 全天候,,58.7,58.7,31.3 27.4,,助手,,快操,H,31.3 27.4 (58.7) (助手)
H113,30/12/2023,踱步,沙田,飛機場,沙田 飛機場,,,,,,助手,,踱步,H,飛機場 踱步 (助手)
H113,29/12/2023,踱步,沙田,內圈,沙田 內圈,,,,,,助手,,快踱一圈,H,內圈 快踱一圈 (助手)
H113,28/12/2023,踱步,沙田,內圈,沙田 內圈,,,,,,助手,,倒快兩圈,H,內圈 倒快兩圈 (助手)
H113,27/12/2023,快操,沙田,全天候,沙田 全天候,,58.8,58.8,31.3 27.5,,助手,,快操,H,31.3 27.5 (58.8) (助手)
H113,27/12/2023,踱步,沙田,飛機場,沙田 飛機場,,,,,,助手,,踱步,H,飛機場 踱步 (助手)
H113,26/12/2023,踱步,沙田,內圈,沙田 內圈,,,,,,助手,,快踱一圈,H,內圈 快踱一圈 (助手)
H113,25/12/2023,踱步,沙田,內圈,沙田 內圈,,,,,,助手,,倒快兩圈,H,內圈 倒快兩圈 (助手)
H113,24/12/2023,踱步,沙田,內圈,沙田 內圈,,,,,,助手,,快踱一圈,H,內圈 快踱一圈 (助手)
H113,23/12/2023,踱步,沙田,內圈,沙田 內圈,,,,,,助手,,快踱一圈,H,內圈 快踱一圈 (助手)
H113,22/12/2023,踱步,沙田,內圈,沙田 內圈,,,,,,助手,,快踱一圈,H,內圈 快踱一圈 (助手)
H113,21/12/2023,踱步,沙田,內圈,沙田 內圈,,,,,,助手,,倒快兩圈,H,內圈 倒快兩圈 (助手)
H113,20/12/2023,踱步,沙田,內圈,沙田 內圈,,,,,,助手,,快踱一圈,H,內圈 快踱一圈 (助手)
H113,19/12/2023,踱步,沙田,內圈,沙田 內圈,,,,,,助手,,快踱一圈,H,內圈 快踱一圈 (助手)
H113,17/12/2023,出賽,沙田,全天候,沙田 全天候,1200M,,,,,鍾易禮,9/12,出賽,H/TT,1200M (鍾易禮) (9/12)
H113,17/12/2023,踱步,沙田,內圈,沙田 內圈,,,,,,助手,,快踱一圈,H,內圈 快踱一圈 (助手)
H113,16/12/2023,踱步,沙田,內圈,沙田 內圈,,,,,,助手,,快踱一圈,H,內圈 快踱一圈 (助手)
H113,15/12/2023,踱步,沙田,內圈,沙田 內圈,,,,,,助手,,快踱一圈,H,內圈 快踱一圈 (助手)
H113,14/12/2023,快操,沙田,全天候,沙田 全天候,,58.9,58.9,30.5 28.4,,助手,,快操,H,30.5 28.4 (58.9) (助手)
H113,14/12/2023,踱步,沙田,飛機場,沙田 飛機場,,,,,,助手,,踱步,H,飛機場 踱步 (助手)
H113,13/12/2023,踱步,沙田,內圈,沙田 內圈,,,,,,助手,,快踱一圈,H,內圈 快踱一圈 (助手)
H113,12/12/2023,踱步,沙田,內圈,沙田 內圈,,,,,,助手,,快踱一圈,H,內圈 快踱一圈 (助手)
H113,11/12/2023,踱步,沙田,內圈,沙田 內圈,,,,,,副練馬師,,倒快兩圈,H,內圈 倒快兩圈 (副練馬師)
H113,10/12/2023,快操,沙田,泥閘,沙田 泥閘,,20.9,20.9,20.9,,助手,,花果猴王,H,20.9 (20.9) (助手) 花果猴王
H113,10/12/2023,踱步,沙田,飛機場,沙田 飛機場,,,,,,助手,,踱步,H,飛機場 踱步 (助手)
H113,09/12/2023,踱步,沙田,內圈,沙田 內圈,,,,,,助手,,快踱一圈,H,內圈 快踱一圈 (助手)
H113,08/12/2023,踱步,沙田,內圈,沙田 內圈,,,,,,助手,,快踱一圈,H,內圈 快踱一圈 (助手)
H113,07/12/2023,快操,沙田,全天候,沙田 全天候,,57.9,57.9,30.2 27.7,,助手,,快操,H,30.2 27.7 (57.9) (助手)
H113,07/12/2023,踱步,沙田,飛機場,沙田 飛機場,,,,,,鍾易禮,,踱步,H,飛機場 踱步 (鍾易禮)
H113,06/12/2023,踱步,沙田,內圈,沙田 內圈,,,,,,助手,,快踱一圈,H,內圈 快踱一圈 (助手)
H113,05/12/2023,踱步,沙田,內圈,沙田 內圈,,,,,,助手,,快踱一圈,H,內圈 快踱一圈 (助手)
H113,04/12/2023,踱步,沙田,內圈,沙田 內圈,,,,,,助手,,倒快兩圈,H,內圈 倒快兩圈 (助手)
H113,03/12/2023,快操,沙田,全天候,沙田 全天候,,54.7,54.7,30.3 24.4,,助手,,快操,H,30.3 24.4 (54.7) (助手)
H113,03/12/2023,踱步,沙田,飛機場,沙田 飛機場,,,,,,助手,,踱步,H,飛機場 踱步 (助手)
H113,02/12/2023,踱步,沙田,內圈,沙田 內圈,,,,,,助手,,快踱一圈,H,內圈 快踱一圈 (助手)
H113,01/12/2023,踱步,沙田,內圈,沙田 內圈,,,,,,助手,,快踱一圈,H,內圈 快踱一圈 (助手)
H113,30/11/2023,踱步,沙田,內圈,沙田 內圈,,,,,,助手,,倒快兩圈,H,內圈 倒快兩圈 (助手)
H113,29/11/2023,快操,沙田,全天候,沙田 全天候,,57.1,57.1,30.2 26.9,,助手,,快操,H,30.2 26.9 (57.1) (助手)
H113,29/11/2023,踱步,沙田,飛機場,沙田 飛機場,,,,,,助手,,踱步,H,飛機場 踱步 (助手)
H113,28/11/2023,踱步,沙田,內圈,沙田 內圈,,,,,,助手,,快踱一圈,H,內圈 快踱一圈 (助手)
H113,27/11/2023,踱步,沙田,內圈,沙田 內圈,,,,,,助手,,倒快兩圈,H,內圈 倒快兩圈 (助手)
H113,26/11/2023,踱步,沙田,內圈,沙田 內圈,,,,,,助手,,快踱一圈,H,內圈 快踱一圈 (助手)
H113,25/11/2023,踱步,沙田,內圈,沙田 內圈,,,,,,助手,,快踱一圈,H,內圈 快踱一圈 (助手)
H113,24/11/2023,踱步,沙田,內圈,沙田 內圈,,,,,,助手,,快踱一圈,H,內圈 快踱一圈 (助手)
H113,22/11/2023,出賽,跑馬地,草地,跑馬地 草地,1650M,,,,,巴度,6/12,出賽,H/TT,1650M (巴度) (6/12)
H113,22/11/2023,踱步,沙田,內圈,沙田 內圈,,,,,,助手,,快踱一圈,H,內圈 快踱一圈 (助手)
H113,21/11/2023,踱步,沙田,內圈,沙田 內圈,,,,,,助手,,快踱一圈,H,內圈 快踱一圈 (助手)
H113,20/11/2023,踱步,沙田,內圈,沙田 內圈,,,,,,助手,,倒快兩圈,H,內圈 倒快兩圈 (助手)
H113,19/11/2023,快操,沙田,全天候,沙田 全天候,,56.6,56.6,30.4 26.2,,助手,,快操,H,30.4 26.2 (56.6) (助手)
H113,18/11/2023,踱步,沙田,內圈,沙田 內圈,,,,,,助手,,快踱一圈,H,內圈 快踱一圈 (助手)
H113,17/11/2023,踱步,沙田,內圈,沙田 內圈,,,,,,助手,,快踱一圈,H,內圈 快踱一圈 (助手)
H113,16/11/2023,踱步,沙田,內圈,沙田 內圈,,,,,,助手,,倒快兩圈,H,內圈 倒快兩圈 (助手)
H113,15/11/2023,快操,沙田,全天候,沙田 全天候,,55.9,55.9,29.6 26.3,,助手,,快操,H,29.6 26.3 (55.9) (助手)
H113,15/11/2023,踱步,沙田,飛機場,沙田 飛機場,,,,,,助手,,踱步,H,飛機場 踱步 (助手)
H113,14/11/2023,踱步,沙田,內圈,沙田 內圈,,,,,,鍾易禮,,快踱一圈,H,內圈 快踱一圈 (鍾易禮)
H113,13/11/2023,踱步,沙田,內圈,沙田 內圈,,,,,,助手,,倒快兩圈,H,內圈 倒快兩圈 (助手)
H113,12/11/2023,快操,沙田,全天候,沙田 全天候,,56.9,56.9,30.4 26.5,,助手,,快操,H,30.4 26.5 (56.9) (助手)
H113,12/11/2023,踱步,沙田,飛機場,沙田 飛機場,,,,,,助手,,踱步,H,飛機場 踱步 (助手)
H113,11/11/2023,踱步,沙田,內圈,沙田 內圈,,,,,,助手,,快踱一圈,H,內圈 快踱一圈 (助手)
H113,10/11/2023,踱步,沙田,內圈,沙田 內圈,,,,,,助手,,快踱一圈,H,內圈 快踱一圈 (助手)
H113,09/11/2023,踱步,沙田,內圈,沙田 內圈,,,,,,助手,,倒快兩圈,H,內圈 倒快兩圈 (助手)
H113,08/11/2023,踱步,沙田,內圈,沙田 內圈,,,,,,助手,,快踱一圈,H,內圈 快踱一圈 (助手)
H113,07/11/2023,踱步,沙田,內圈,沙田 內圈,,,,,,鍾易禮,,快踱一圈,H,內圈 快踱一圈 (鍾易禮)
H113,06/11/2023,踱步,沙田,內圈,沙田 內圈,,,,,,助手,,倒快兩圈,H,內圈 倒快兩圈 (助手)
H113,05/11/2023,踱步,沙田,內圈,沙田 內圈,,,,,,助手,,快踱一圈,H,內圈 快踱一圈 (助手)
H113,04/11/2023,踱步,沙田,內圈,沙田 內圈,,,,,,助手,,快踱一圈,H,內圈 快踱一圈 (助手)
H113,03/11/2023,踱步,沙田,內圈,沙田 內圈,,,,,,助手,,快踱一圈,H,內圈 快踱一圈 (助手)
H113,01/11/2023,出賽,跑馬地,草地,跑馬地 草地,1650M,,,,,鍾易禮,6/12,出賽,H/TT,1650M (鍾易禮) (6/12)
H113,31/10/2023,踱步,沙田,內圈,沙田 內圈,,,,,,助手,,快踱一圈,H,內圈 快踱一圈 (助手)
H113,30/10/2023,踱步,沙田,內圈,沙田 內圈,,,,,,助手,,倒快兩圈,H,內圈 倒快兩圈 (助手)
H113,29/10/2023,快操,沙田,全天候,沙田 全天候,,56.4,56.4,29.9 26.5,,助手,,快操,H,29.9 26.5 (56.4) (助手)
H113,29/10/2023,踱步,沙田,飛機場,沙田 飛機場,,,,,,助手,,踱步,H,飛機場 踱步 (助手)
H113,28/10/2023,踱步,沙田,內圈,沙田 內圈,,,,,,助手,,快踱一圈,H,內圈 快踱一圈 (助手)
H113,27/10/2023,踱步,沙田,內圈,沙田 內圈,,,,,,助手,,快踱一圈,H,內圈 快踱一圈 (助手)
H113,26/10/2023,踱步,沙田,內圈,沙田 內圈,,,,,,助手,,倒快兩圈,H,內圈 倒快兩圈 (助手)
H113,25/10/2023,快操,沙田,全天候,沙田 全天候,,56.2,56.2,29.3 26.9,,助手,,快操,H,29.3 26.9 (56.2) (助手)
H113,25/10/2023,踱步,沙田,飛機場,沙田 飛機場,,,,,,助手,,踱步,H,飛機場 踱步 (助手)
H113,24/10/2023,踱步,沙田,內圈,沙田 內圈,,,,,,助手,,快踱一圈,H,內圈 快踱一圈 (助手)
H113,23/10/2023,踱步,沙田,內圈,沙田 內圈,,,,,,助手,,倒快兩圈,H,內圈 倒快兩圈 (助手)
H113,22/10/2023,踱步,沙田,內圈,沙田 內圈,,,,,,助手,,快踱一圈,H,內圈 快踱一圈 (助手)
H113,21/10/2023,踱步,沙田,內圈,沙田 內圈,,,,,,助手,,快踱一圈,H,內圈 快踱一圈 (助手)
H113,20/10/2023,踱步,沙田,內圈,沙田 內圈,,,,,,助手,,快踱一圈,H,內圈 快踱一圈 (助手)
H113,18/10/2023,出賽,跑馬地,草地,跑馬地 草地,1650M,,,,,鍾易禮,1/12,出賽,H/TT,1650M (鍾易禮) (1/12)
H113,18/10/2023,踱步,沙田,內圈,沙田 內圈,,,,,,助手,,快踱一圈,H,內圈 快踱一圈 (助手)
H113,17/10/2023,踱步,沙田,內圈,沙田 內圈,,,,,,助手,,快踱一圈,H,內圈 快踱一圈 (助手)
H113,16/10/2023,踱步,沙田,內圈,沙田 內圈,,,,,,鍾易禮,,倒快兩圈,H,內圈 倒快兩圈 (鍾易禮)
H113,15/10/2023,快操,沙田,全天候,沙田 全天候,,57.4,57.4,30.3 27.1,,助手,,快操,H,30.3 27.1 (57.4) (助手)
H113,15/10/2023,踱步,沙田,飛機場,沙田 飛機場,,,,,,助手,,踱步,H,飛機場 踱步 (助手)
H113,14/10/2023,踱步,沙田,內圈,沙田 內圈,,,,,,助手,,快踱一圈,H,內圈 快踱一圈 (助手)
H113,13/10/2023,踱步,沙田,內圈,沙田 內圈,,,,,,助手,,快踱一圈,H,內圈 快踱一圈 (助手)
H113,12/10/2023,踱步,沙田,內圈,沙田 內圈,,,,,,助手,,倒快兩圈,H,內圈 倒快兩圈 (助手)
H113,11/10/2023,快操,沙田,全天候,沙田 全天候,,57.0,57.0,30.0 27.0,,助手,,快操,H,30.0 27.0 (57.0) (助手)
H113,11/10/2023,踱步,沙田,飛機場,沙田 飛機場,,,,,,助手,,踱步,H,飛機場 踱步 (助手)
H113,10/10/2023,踱步,沙田,內圈,沙田 內圈,,,,,,助手,,快踱一圈,H,內圈 快踱一圈 (助手)
H113,08/10/2023,踱步,沙田,內圈,沙田 內圈,,,,,,助手,,快踱一圈,H,內圈 快踱一圈 (助手)
H113,07/10/2023,快操,沙田,全天候,沙田 全天候,,57.9,57.9,31.0 26.9,,助手,,快操,H,31.0 26.9 (57.9) (助手)
H113,07/10/2023,踱步,沙田,飛機場,沙田 飛機場,,,,,,助手,,踱步,H,飛機場 踱步 (助手)
H113,06/10/2023,踱步,沙田,內圈,沙田 內圈,,,,,,鍾易禮,,快踱一圈,H,內圈 快踱一圈 (鍾易禮)
H113,05/10/2023,踱步,沙田,內圈,沙田 內圈,,,,,,助手,,倒快兩圈,H,內圈 倒快兩圈 (助手)
H113,04/10/2023,踱步,沙田,內圈,沙田 內圈,,,,,,助手,,快踱一圈,H,內圈 快踱一圈 (助手)
H113,03/10/2023,踱步,沙田,內圈,沙田 內圈,,,,,,助手,,快踱一圈,H,內圈 快踱一圈 (助手)
H113,01/10/2023,出賽,沙田,草地,沙田 草地,1400M,,,,,鍾易禮,2/12,出賽,H/TT,1400M (鍾易禮) (2/12)
H113,01/10/2023,踱步,沙田,內圈,沙田 內圈,,,,,,助手,,快踱一圈,H,內圈 快踱一圈 (助手)
H113,30/09/2023,踱步,沙田,內圈,沙田 內圈,,,,,,助手,,快踱一圈,H,內圈 快踱一圈 (助手)
H113,29/09/2023,踱步,沙田,內圈,沙田 內圈,,,,,,助手,,快踱一圈,H,內圈 快踱一圈 (助手)
H113,28/09/2023,快操,沙田,全天候,沙田 全天候,,57.4,57.4,30.6 26.8,,助手,,快操,H,30.6 26.8 (57.4) (助手)
H113,28/09/2023,踱步,沙田,飛機場,沙田 飛機場,,,,,,助手,,踱步,H,飛機場 踱步 (助手)
H113,27/09/2023,踱步,沙田,內圈,沙田 內圈,,,,,,助手,,快踱一圈,H,內圈 快踱一圈 (助手)
H113,26/09/2023,踱步,沙田,內圈,沙田 內圈,,,,,,助手,,快踱一圈,H,內圈 快踱一圈 (助手)
H113,25/09/2023,踱步,沙田,內圈,沙田 內圈,,,,,,助手,,倒快兩圈,H,內圈 倒快兩圈 (助手)
H113,24/09/2023,快操,沙田,全天候,沙田 全天候,,56.7,56.7,30.2 26.5,,助手,,快操,H,30.2 26.5 (56.7) (助手)
H113,24/09/2023,踱步,沙田,飛機場,沙田 飛機場,,,,,,助手,,踱步,H,飛機場 踱步 (助手)
H113,23/09/2023,踱步,沙田,內圈,沙田 內圈,,,,,,助手,,快踱一圈,H,內圈 快踱一圈 (助手)
H113,22/09/2023,踱步,沙田,內圈,沙田 內圈,,,,,,助手,,快踱一圈,H,內圈 快踱一圈 (助手)
H113,21/09/2023,快操,沙田,全天候,沙田 全天候,,57.7,57.7,31.2 26.5,,助手,,快操,H,31.2 26.5 (57.7) (助手)
H113,21/09/2023,踱步,沙田,飛機場,沙田 飛機場,,,,,,助手,,踱步,H,飛機場 踱步 (助手)
H113,20/09/2023,踱步,沙田,內圈,沙田 內圈,,,,,,助手,,快踱一圈,H,內圈 快踱一圈 (助手)
H113,19/09/2023,踱步,沙田,內圈,沙田 內圈,,,,,,助手,,快踱一圈,H,內圈 快踱一圈 (助手)
H113,18/09/2023,踱步,沙田,內圈,沙田 內圈,,,,,,助手,,倒快兩圈,H,內圈 倒快兩圈 (助手)
H113,17/09/2023,快操,沙田,全天候,沙田 全天候,,1.02.2,62.2,31.9 30.3,,助手,,快操,H,31.9 30.3 (1.02.2) (助手)
H113,17/09/2023,踱步,沙田,飛機場,沙田 飛機場,,,,,,助手,,踱步,H,飛機場 踱步 (助手)
H113,16/09/2023,踱步,沙田,內圈,沙田 內圈,,,,,,助手,,快踱一圈,H,內圈 快踱一圈 (助手)
H113,15/09/2023,踱步,沙田,內圈,沙田 內圈,,,,,,助手,,快踱一圈,H,內圈 快踱一圈 (助手)
H113,14/09/2023,踱步,沙田,內圈,沙田 內圈,,,,,,助手,,倒快兩圈,H,內圈 倒快兩圈 (助手)
H113,13/09/2023,踱步,沙田,內圈,沙田 內圈,,,,,,助手,,快踱一圈,H,內圈 快踱一圈 (助手)
H113,12/09/2023,踱步,沙田,內圈,沙田 內圈,,,,,,助手,,快踱一圈,H,內圈 快踱一圈 (助手)
H113,10/09/2023,出賽,沙田,草地,沙田 草地,1400M,,,,,班德禮,5/10,出賽,H/TT,1400M (班德禮) (5/10)
H113,10/09/2023,踱步,沙田,內圈,沙田 內圈,,,,,,助手,,快踱一圈,H,內圈 快踱一圈 (助手)
H113,09/09/2023,踱步,沙田,內圈,沙田 內圈,,,,,,助手,,快踱一圈,H,內圈 快踱一圈 (助手)
H113,07/09/2023,快操,沙田,全天候,沙田 全天候,,30.1,30.1,30.1,,助手,,快操,H,30.1 (30.1) (助手)
H113,07/09/2023,踱步,沙田,飛機場,沙田 飛機場,,,,,,助手,,踱步,H,飛機場 踱步 (助手)
H113,06/09/2023,踱步,沙田,內圈,沙田 內圈,,,,,,助手,,快踱一圈,H,內圈 快踱一圈 (助手)
H113,05/09/2023,踱步,沙田,內圈,沙田 內圈,,,,,,助手,,快踱一圈,H,內圈 快踱一圈 (助手)
H113,04/09/2023,快操,沙田,全天候,沙田 全天候,,53.3,53.3,28.9 24.4,,助手,,快操,H,28.9 24.4 (53.3) (助手)
H113,04/09/2023,踱步,沙田,飛機場,沙田 飛機場,,,,,,助手,,踱步,H,飛機場 踱步 (助手)
H113,03/09/2023,踱步,沙田,內圈,沙田 內圈,,,,,,助手,,快踱一圈,H,內圈 快踱一圈 (助手)
H113,31/08/2023,踱步,沙田,內圈,沙田 內圈,,,,,,助手,,倒快兩圈,H,內圈 倒快兩圈 (助手)
H113,30/08/2023,踱步,沙田,內圈,沙田 內圈,,,,,,助手,,快踱一圈,H,內圈 快踱一圈 (助手)
H113,29/08/2023,試閘,沙田,全天候,沙田 全天候,1200M,1.09.44,69.44,24.1 22.3 23.0,自強不息,潘明輝,,第1組,H,第1組 (潘明輝) 1200M 自強不息 24.1 22.3 23.0 (1.09.44)
H113,28/08/2023,踱步,沙田,內圈,沙田 內圈,,,,,,助手,,倒快兩圈,H,內圈 倒快兩圈 (助手)
H113,27/08/2023,踱步,沙田,內圈,沙田 內圈,,,,,,助手,,快踱一圈,H,內圈 快踱一圈 (助手)
H113,26/08/2023,快操,沙田,全天候,沙田 全天候,,55.8,55.8,30.0 25.8,,助手,,快操,H,30.0 25.8 (55.8) (助手)
H113,26/08/2023,踱步,沙田,飛機場,沙田 飛機場,,,,,,助手,,踱步,H,飛機場 踱步 (助手)
H113,25/08/2023,踱步,沙田,內圈,沙田 內圈,,,,,,助手,,快踱一圈,H,內圈 快踱一圈 (助手)
H113,24/08/2023,踱步,沙田,內圈,沙田 內圈,,,,,,助手,,倒快兩圈,H,內圈 倒快兩圈 (助手)
H113,23/08/2023,快操,沙田,全天候,沙田 全天候,,57.5,57.5,30.3 27.2,,鍾易禮,,快操,H,30.3 27.2 (57.5) (鍾易禮)
H113,23/08/2023,踱步,沙田,飛機場,沙田 飛機場,,,,,,鍾易禮,,踱步,H,飛機場 踱步 (鍾易禮)
H113,22/08/2023,踱步,沙田,內圈,沙田 內圈,,,,,,助手,,快踱一圈,H,內圈 快踱一圈 (助手)
H113,21/08/2023,踱步,沙田,內圈,沙田 內圈,,,,,,助手,,倒快兩圈,H,內圈 倒快兩圈 (助手)
H113,20/08/2023,踱步,沙田,內圈,沙田 內圈,,,,,,助手,,快踱一圈,H,內圈 快踱一圈 (助手)
H113,19/08/2023,快操,沙田,全天候,沙田 全天候,,55.7,55.7,29.8 25.9,,助手,,快操,H,29.8 25.9 (55.7) (助手)
H113,19/08/2023,踱步,沙田,飛機場,沙田 飛機場,,,,,,助手,,踱步,H,飛機場 踱步 (助手)
H113,18/08/2023,踱步,沙田,內圈,沙田 內圈,,,,,,助手,,快踱一圈,H,內圈 快踱一圈 (助手)
H113,17/08/2023,踱步,沙田,內圈,沙田 內圈,,,,,,助手,,倒快兩圈,H,內圈 倒快兩圈 (助手)
H113,16/08/2023,快操,沙田,全天候,沙田 全天候,,56.6,56.6,30.3 26.3,,助手,,快操,BH,30.3 26.3 (56.6) (助手)
H113,16/08/2023,踱步,沙田,飛機場,沙田 飛機場,,,,,,助手,,踱步,H,飛機場 踱步 (助手)
H113,15/08/2023,踱步,沙田,內圈,沙田 內圈,,,,,,助手,,快踱一圈,H,內圈 快踱一圈 (助手)
H113,14/08/2023,踱步,沙田,內圈,沙田 內圈,,,,,,助手,,倒快兩圈,H,內圈 倒快兩圈 (助手)
H113,13/08/2023,踱步,沙田,內圈,沙田 內圈,,,,,,助手,,快踱一圈,H,內圈 快踱一圈 (助手)
H113,12/08/2023,踱步,沙田,內圈,沙田 內圈,,,,,,助手,,快踱一圈,H,內圈 快踱一圈 (助手)
H113,11/08/2023,踱步,沙田,內圈,沙田 內圈,,,,,,助手,,快踱一圈,H,內圈 快踱一圈 (助手)
H113,10/08/2023,踱步,沙田,內圈,沙田 內圈,,,,,,助手,,快踱一圈,H,內圈 快踱一圈 (助手)
H113,09/08/2023,踱步,沙田,內圈,沙田 內圈,,,,,,助手,,快踱一圈,H,內圈 快踱一圈 (助手)
H113,08/08/2023,踱步,沙田,內圈,沙田 內圈,,,,,,助手,,快踱一圈,H,內圈 快踱一圈 (助手)
H113,07/08/2023,踱步,沙田,內圈,沙田 內圈,,,,,,助手,,快踱一圈,H,內圈 快踱一圈 (助手)
H113,16/07/2023,踱步,沙田,外圈,沙田 外圈,,,,,,助手,,快踱一圈,H,外圈 快踱一圈 (助手)
H113,15/07/2023,踱步,沙田,外圈,沙田 外圈,,,,,,助手,,快踱一圈,H,外圈 快踱一圈 (助手)
H113,14/07/2023,踱步,沙田,外圈,沙田 外圈,,,,,,助手,,快踱一圈,H,外圈 快踱一圈 (助手)
H113,13/07/2023,快操,沙田,全天候,沙田 全天候,,55.7,55.7,29.8 25.9,,助手,,快操,H,29.8 25.9 (55.7) (助手)
H113,13/07/2023,踱步,沙田,飛機場,沙田 飛機場,,,,,,助手,,踱步,H,飛機場 踱步 (助手)
H113,12/07/2023,踱步,沙田,外圈,沙田 外圈,,,,,,助手,,快踱一圈,H,外圈 快踱一圈 (助手)
H113,11/07/2023,踱步,沙田,外圈,沙田 外圈,,,,,,助手,,快踱一圈,H,外圈 快踱一圈 (助手)
H113,10/07/2023,踱步,沙田,外圈,沙田 外圈,,,,,,助手,,快踱一圈,H,外圈 快踱一圈 (助手)
H113,09/07/2023,快操,沙田,全天候,沙田 全天候,,57.0,57.0,30.6 26.4,,鍾易禮,,快操,H,30.6 26.4 (57.0) (鍾易禮)
H113,09/07/2023,踱步,沙田,飛機場,沙田 飛機場,,,,,,鍾易禮,,踱步,H,飛機場 踱步 (鍾易禮)
H113,08/07/2023,踱步,沙田,外圈,沙田 外圈,,,,,,助手,,快踱一圈,H,外圈 快踱一圈 (助手)
H113,07/07/2023,踱步,沙田,外圈,沙田 外圈,,,,,,助手,,快踱一圈,H,外圈 快踱一圈 (助手)
H113,06/07/2023,快操,沙田,全天候,沙田 全天候,,55.8,55.8,30.7 25.1,,助手,,快操,H,30.7 25.1 (55.8) (助手)
H113,06/07/2023,踱步,沙田,飛機場,沙田 飛機場,,,,,,助手,,踱步,H,飛機場 踱步 (助手)
H113,05/07/2023,踱步,沙田,外圈,沙田 外圈,,,,,,助手,,快踱一圈,H,外圈 快踱一圈 (助手)
H113,04/07/2023,踱步,沙田,外圈,沙田 外圈,,,,,,助手,,快踱一圈,H,外圈 快踱一圈 (助手)
H113,03/07/2023,踱步,沙田,外圈,沙田 外圈,,,,,,助手,,快踱一圈,H,外圈 快踱一圈 (助手)
H113,02/07/2023,踱步,沙田,外圈,沙田 外圈,,,,,,助手,,快踱一圈,H,外圈 快踱一圈 (助手)
H113,01/07/2023,踱步,沙田,外圈,沙田 外圈,,,,,,助手,,快踱一圈,H,外圈 快踱一圈 (助手)
H113,30/06/2023,踱步,沙田,外圈,沙田 外圈,,,,,,助手,,快踱一圈,H,外圈 快踱一圈 (助手)
H113,29/06/2023,踱步,沙田,外圈,沙田 外圈,,,,,,助手,,快踱一圈,H,外圈 快踱一圈 (助手)
H113,28/06/2023,踱步,沙田,外圈,沙田 外圈,,,,,,助手,,快踱一圈,H,外圈 快踱一圈 (助手)
H113,27/06/2023,游水,沙田,,沙田,,,,,,,,游水,,
H113,27/06/2023,踱步,沙田,外圈,沙田 外圈,,,,,,助手,,快踱一圈,H,外圈 快踱一圈 (助手)
H113,25/06/2023,踱步,沙田,內圈,沙田 內圈,,,,,,助手,,快踱一圈,H,內圈 快踱一圈 (助手)
H113,24/06/2023,踱步,沙田,內圈,沙田 內圈,,,,,,助手,,快踱一圈,H,內圈 快踱一圈 (助手)
H113,23/06/2023,踱步,沙田,內圈,沙田 內圈,,,,,,助手,,快踱一圈,H,內圈 快踱一圈 (助手)
H113,22/06/2023,快操,沙田,全天候,沙田 全天候,,55.9,55.9,30.3 25.6,,助手,,快操,H,30.3 25.6 (55.9) (助手)
H113,22/06/2023,踱步,沙田,飛機場,沙田 飛機場,,,,,,助手,,踱步,H,飛機場 踱步 (助手)
H113,21/06/2023,踱步,沙田,內圈,沙田 內圈,,,,,,助手,,快踱一圈,H,內圈 快踱一圈 (助手)
H113,20/06/2023,踱步,沙田,內圈,沙田 內圈,,,,,,助手,,快踱一圈,H,內圈 快踱一圈 (助手)
H113,19/06/2023,踱步,沙田,內圈,沙田 內圈,,,,,,鍾易禮,,倒快兩圈,H,內圈 倒快兩圈 (鍾易禮)
H113,18/06/2023,快操,沙田,全天候,沙田 全天候,,58.4,58.4,31.7 26.7,,助手,,快操,H,31.7 26.7 (58.4) (助手)
H113,18/06/2023,踱步,沙田,飛機場,沙田 飛機場,,,,,,助手,,踱步,H,飛機場 踱步 (助手)
H113,17/06/2023,踱步,沙田,內圈,沙田 內圈,,,,,,助手,,快踱一圈,H,內圈 快踱一圈 (助手)
H113,16/06/2023,踱步,沙田,內圈,沙田 內圈,,,,,,助手,,快踱一圈,H,內圈 快踱一圈 (助手)
H113,15/06/2023,踱步,沙田,內圈,沙田 內圈,,,,,,助手,,倒快兩圈,H,內圈 倒快兩圈 (助手)
H113,14/06/2023,踱步,沙田,內圈,沙田 內圈,,,,,,鍾易禮,,快踱一圈,H,內圈 快踱一圈 (鍾易禮)
H113,13/06/2023,踱步,沙田,內圈,沙田 內圈,,,,,,助手,,快踱一圈,H,內圈 快踱一圈 (助手)
H113,12/06/2023,踱步,沙田,內圈,沙田 內圈,,,,,,助手,,倒快兩圈,H,內圈 倒快兩圈 (助手)
H113,11/06/2023,踱步,沙田,內圈,沙田 內圈,,,,,,助手,,快踱一圈,H,內圈 快踱一圈 (助手)
H113,10/06/2023,踱步,沙田,內圈,沙田 內圈,,,,,,助手,,快踱一圈,H,內圈 快踱一圈 (助手)
H113,09/06/2023,試閘,沙田,全天候,沙田 全天候,1200M,1.11.52,71.52,24.7 23.2 23.6,亞機拉,鍾易禮,,第1組,H,第1組 (鍾易禮) 1200M 亞機拉 24.7 23.2 23.6 (1.11.52)
H113,08/06/2023,踱步,沙田,內圈,沙田 內圈,,,,,,助手,,倒快兩圈,H,內圈 倒快兩圈 (助手)
H113,07/06/2023,踱步,沙田,內圈,沙田 內圈,,,,,,助手,,快踱一圈,H,內圈 快踱一圈 (助手)
H113,06/06/2023,快操,沙田,全天候,沙田 全天候,,56.8,56.8,30.1 26.7,,鍾易禮,,快操,H,30.1 26.7 (56.8) (鍾易禮)
H113,06/06/2023,踱步,沙田,飛機場,沙田 飛機場,,,,,,鍾易禮,,踱步,H,飛機場 踱步 (鍾易禮)
H113,05/06/2023,踱步,沙田,內圈,沙田 內圈,,,,,,助手,,倒快兩圈,H,內圈 倒快兩圈 (助手)
H113,04/06/2023,踱步,沙田,內圈,沙田 內圈,,,,,,助手,,快踱一圈,H,內圈 快踱一圈 (助手)
H113,03/06/2023,踱步,沙田,內圈,沙田 內圈,,,,,,助手,,快踱一圈,H,內圈 快踱一圈 (助手)
H113,02/06/2023,踱步,沙田,內圈,沙田 內圈,,,,,,助手,,快踱一圈,H,內圈 快踱一圈 (助手)
H113,01/06/2023,踱步,沙田,內圈,沙田 內圈,,,,,,助手,,倒快兩圈,H,內圈 倒快兩圈 (助手)
H113,31/05/2023,踱步,沙田,內圈,沙田 內圈,,,,,,助手,,快踱一圈,H,內圈 快踱一圈 (助手)
H113,30/05/2023,試閘,沙田,全天候,沙田 全天候,1200M,1.09.85,69.85,24.9 22.4 22.5,金馳,鍾易禮,,第1組,H,第1組 (鍾易禮) 1200M 金馳 24.9 22.4 22.5 (1.09.85)
H113,29/05/2023,踱步,沙田,內圈,沙田 內圈,,,,,,助手,,倒快兩圈,H,內圈 倒快兩圈 (助手)
H113,28/05/2023,踱步,沙田,內圈,沙田 內圈,,,,,,助手,,快踱一圈,H,內圈 快踱一圈 (助手)
H113,27/05/2023,快操,沙田,全天候,沙田 全天候,,56.9,56.9,29.3 27.6,,助手,,快操,H,29.3 27.6 (56.9) (助手)
H113,27/05/2023,踱步,沙田,飛機場,沙田 飛機場,,,,,,助手,,踱步,H,飛機場 踱步 (助手)
H113,26/05/2023,踱步,沙田,內圈,沙田 內圈,,,,,,助手,,快踱一圈,H,內圈 快踱一圈 (助手)
H113,24/05/2023,快操,沙田,全天候,沙田 全天候,,58.4,58.4,31.1 27.3,,鍾易禮,,快操,H,31.1 27.3 (58.4) (鍾易禮)
H113,24/05/2023,踱步,沙田,飛機場,沙田 飛機場,,,,,,鍾易禮,,踱步,H,飛機場 踱步 (鍾易禮)
H113,23/05/2023,踱步,沙田,內圈,沙田 內圈,,,,,,助手,,快踱一圈,H,內圈 快踱一圈 (助手)
H113,22/05/2023,踱步,沙田,內圈,沙田 內圈,,,,,,助手,,倒快兩圈,H,內圈 倒快兩圈 (助手)
H113,21/05/2023,踱步,沙田,內圈,沙田 內圈,,,,,,助手,,快踱一圈,H,內圈 快踱一圈 (助手)
H113,20/05/2023,快操,沙田,全天候,沙田 全天候,,58.2,58.2,31.7 26.5,,助手,,快操,H,31.7 26.5 (58.2) (助手)
H113,20/05/2023,踱步,沙田,飛機場,沙田 飛機場,,,,,,助手,,踱步,H,飛機場 踱步 (助手)
H113,19/05/2023,踱步,沙田,內圈,沙田 內圈,,,,,,鍾易禮,,快踱一圈,H,內圈 快踱一圈 (鍾易禮)
H113,18/05/2023,踱步,沙田,內圈,沙田 內圈,,,,,,鍾易禮,,倒快兩圈,H,內圈 倒快兩圈 (鍾易禮)
H113,17/05/2023,快操,沙田,全天候,沙田 全天候,,57.4,57.4,30.9 26.5,,助手,,快操,H,30.9 26.5 (57.4) (助手)
H113,17/05/2023,踱步,沙田,飛機場,沙田 飛機場,,,,,,助手,,踱步,H,飛機場 踱步 (助手)
H113,16/05/2023,踱步,沙田,內圈,沙田 內圈,,,,,,助手,,快踱一圈,H,內圈 快踱一圈 (助手)
H113,15/05/2023,踱步,沙田,內圈,沙田 內圈,,,,,,助手,,倒快兩圈,H,內圈 倒快兩圈 (助手)
H113,14/05/2023,踱步,沙田,內圈,沙田 內圈,,,,,,助手,,快踱一圈,H,內圈 快踱一圈 (助手)
H113,13/05/2023,踱步,沙田,內圈,沙田 內圈,,,,,,副練馬師,,快踱一圈,H,內圈 快踱一圈 (副練馬師)
H113,12/05/2023,踱步,沙田,內圈,沙田 內圈,,,,,,助手,,快踱一圈,H,內圈 快踱一圈 (助手)
H113,11/05/2023,踱步,沙田,內圈,沙田 內圈,,,,,,副練馬師,,倒快兩圈,H,內圈 倒快兩圈 (副練馬師)
H113,10/05/2023,踱步,沙田,內圈,沙田 內圈,,,,,,助手,,快踱一圈,H,內圈 快踱一圈 (助手)
H113,09/05/2023,踱步,沙田,內圈,沙田 內圈,,,,,,助手,,快踱一圈,H,內圈 快踱一圈 (助手)
H113,08/05/2023,踱步,沙田,內圈,沙田 內圈,,,,,,助手,,倒快兩圈,H,內圈 倒快兩圈 (助手)
H113,06/04/2023,游水,沙田,,沙田,,,,,,,,游水,,
H113,06/04/2023,踱步,沙田,內圈,沙田 內圈,,,,,,助手,,倒快兩圈,H,內圈 倒快兩圈 (助手)
H113,05/04/2023,游水,沙田,,沙田,,,,,,,,游水,,
H113,05/04/2023,踱步,沙田,內圈,沙田 內圈,,,,,,助手,,快踱一圈,H,內圈 快踱一圈 (助手)
H113,04/04/2023,游水,沙田,,沙田,,,,,,,,游水,,
H113,04/04/2023,踱步,沙田,內圈,沙田 內圈,,,,,,助手,,快踱一圈,H,內圈 快踱一圈 (助手)
H113,03/04/2023,游水,沙田,,沙田,,,,,,,,游水,,
H113,03/04/2023,踱步,沙田,內圈,沙田 內圈,,,,,,助手,,倒快兩圈,H,內圈 倒快兩圈 (助手)
H113,02/04/2023,游水,沙田,,沙田,,,,,,,,游水,,
H113,02/04/2023,踱步,沙田,內圈,沙田 內圈,,,,,,助手,,快踱一圈,H,內圈 快踱一圈 (助手)
H113,01/04/2023,游水,沙田,,沙田,,,,,,,,游水,,
H113,01/04/2023,踱步,沙田,內圈,沙田 內圈,,,,,,助手,,快踱一圈,H,內圈 快踱一圈 (助手)
H113,31/03/2023,試閘,沙田,全天候,沙田 全天候,1200M,1.10.85,70.85,24.3 22.7 23.8,亞機拉,鍾易禮,,第3組,H,第3組 (鍾易禮) 1200M 亞機拉 24.3 22.7 23.8 (1.10.85)
H113,31/03/2023,游水,沙田,,沙田,,,,,,,,游水,,
H113,30/03/2023,游水,沙田,,沙田,,,,,,,,游水,,
H113,30/03/2023,踱步,沙田,內圈,沙田 內圈,,,,,,助手,,倒快兩圈,H,內圈 倒快兩圈 (助手)
H113,29/03/2023,游水,沙田,,沙田,,,,,,,,游水,,
H113,29/03/2023,踱步,沙田,內圈,沙田 內圈,,,,,,助手,,快踱一圈,H,內圈 快踱一圈 (助手)
H113,28/03/2023,游水,沙田,,沙田,,,,,,,,游水,,
H113,28/03/2023,快操,沙田,全天候,沙田 全天候,,57.2,57.2,30.7 26.5,,鍾易禮,,快操,H,30.7 26.5 (57.2) (鍾易禮)
H113,28/03/2023,踱步,沙田,飛機場,沙田 飛機場,,,,,,鍾易禮,,踱步,H,飛機場 踱步 (鍾易禮)
H113,27/03/2023,游水,沙田,,沙田,,,,,,,,游水,,
H113,27/03/2023,踱步,沙田,內圈,沙田 內圈,,,,,,助手,,倒快兩圈,H,內圈 倒快兩圈 (助手)
H113,26/03/2023,游水,沙田,,沙田,,,,,,,,游水,,
H113,26/03/2023,踱步,沙田,內圈,沙田 內圈,,,,,,助手,,快踱一圈,H,內圈 快踱一圈 (助手)
H113,25/03/2023,游水,沙田,,沙田,,,,,,,,游水,,
H113,25/03/2023,快操,沙田,全天候,沙田 全天候,,56.1,56.1,29.6 26.5,,助手,,快操,H,29.6 26.5 (56.1) (助手)
H113,25/03/2023,踱步,沙田,飛機場,沙田 飛機場,,,,,,助手,,踱步,H,飛機場 踱步 (助手)
H113,24/03/2023,游水,沙田,,沙田,,,,,,,,游水,,
H113,24/03/2023,踱步,沙田,內圈,沙田 內圈,,,,,,助手,,快踱一圈,H,內圈 快踱一圈 (助手)
H113,23/03/2023,游水,沙田,,沙田,,,,,,,,游水,,
H113,23/03/2023,踱步,沙田,內圈,沙田 內圈,,,,,,助手,,倒快兩圈,H,內圈 倒快兩圈 (助手)
H113,22/03/2023,游水,沙田,,沙田,,,,,,,,游水,,
H113,22/03/2023,快操,沙田,全天候,沙田 全天候,,54.5,54.5,28.4 26.1,,助手,,快操,H,28.4 26.1 (54.5) (助手)
H113,22/03/2023,踱步,沙田,飛機場,沙田 飛機場,,,,,,助手,,踱步,H,飛機場 踱步 (助手)
H113,21/03/2023,游水,沙田,,沙田,,,,,,,,游水,,
H113,21/03/2023,踱步,沙田,內圈,沙田 內圈,,,,,,助手,,快踱一圈,H,內圈 快踱一圈 (助手)
H113,20/03/2023,游水,沙田,,沙田,,,,,,,,游水,,
H113,20/03/2023,踱步,沙田,內圈,沙田 內圈,,,,,,助手,,倒快兩圈,H,內圈 倒快兩圈 (助手)
H113,19/03/2023,游水,沙田,,沙田,,,,,,,,游水,,
H113,19/03/2023,踱步,沙田,內圈,沙田 內圈,,,,,,助手,,快踱一圈,H,內圈 快踱一圈 (助手)
H113,18/03/2023,游水,沙田,,沙田,,,,,,,,游水,,
H113,18/03/2023,踱步,沙田,內圈,沙田 內圈,,,,,,助手,,快踱一圈,H,內圈 快踱一圈 (助手)
H113,17/03/2023,游水,沙田,,沙田,,,,,,,,游水,,
H113,17/03/2023,踱步,沙田,內圈,沙田 內圈,,,,,,助手,,快踱一圈,H,內圈 快踱一圈 (助手)
H113,16/03/2023,游水,沙田,,沙田,,,,,,,,游水,,
H113,16/03/2023,踱步,沙田,內圈,沙田 內圈,,,,,,助手,,倒快兩圈,H,內圈 倒快兩圈 (助手)
H113,15/03/2023,游水,沙田,,沙田,,,,,,,,游水,,
H113,15/03/2023,踱步,沙田,內圈,沙田 內圈,,,,,,助手,,快踱一圈,H,內圈 快踱一圈 (助手)
H113,14/03/2023,游水,沙田,,沙田,,,,,,,,游水,,
H113,14/03/2023,踱步,沙田,內圈,沙田 內圈,,,,,,助手,,快踱一圈,H,內圈 快踱一圈 (助手)
H113,13/03/2023,游水,沙田,,沙田,,,,,,,,游水,,
H113,13/03/2023,踱步,沙田,內圈,沙田 內圈,,,,,,助手,,倒快兩圈,H,內圈 倒快兩圈 (助手)
H113,12/03/2023,游水,沙田,,沙田,,,,,,,,游水,,
H113,12/03/2023,踱步,沙田,內圈,沙田 內圈,,,,,,助手,,快踱一圈,H,內圈 快踱一圈 (助手)
H113,11/03/2023,游水,沙田,,沙田,,,,,,,,游水,,
H113,10/03/2023,游水,沙田,,沙田,,,,,,,,游水,,
H113,09/03/2023,游水,沙田,,沙田,,,,,,,,游水,,
H113,09/02/2023,游水,沙田,,沙田,,,,,,,,游水,,
H113,09/02/2023,踱步,沙田,內圈,沙田 內圈,,,,,,鍾易禮,,倒快兩圈,H,內圈 倒快兩圈 (鍾易禮)
H113,08/02/2023,游水,沙田,,沙田,,,,,,,,游水,,
H113,08/02/2023,踱步,沙田,內圈,沙田 內圈,,,,,,助手,,快踱一圈,H,內圈 快踱一圈 (助手)
H113,07/02/2023,游水,沙田,,沙田,,,,,,,,游水,,
H113,07/02/2023,踱步,沙田,內圈,沙田 內圈,,,,,,助手,,快踱一圈,H,內圈 快踱一圈 (助手)
H113,06/02/2023,游水,沙田,,沙田,,,,,,,,游水,,
H113,06/02/2023,踱步,沙田,內圈,沙田 內圈,,,,,,助手,,倒快兩圈,H,內圈 倒快兩圈 (助手)
H113,05/02/2023,游水,沙田,,沙田,,,,,,,,游水,,
H113,05/02/2023,踱步,沙田,內圈,沙田 內圈,,,,,,助手,,快踱一圈,H,內圈 快踱一圈 (助手)
H113,04/02/2023,游水,沙田,,沙田,,,,,,,,游水,,
H113,04/02/2023,踱步,沙田,內圈,沙田 內圈,,,,,,助手,,快踱一圈,H,內圈 快踱一圈 (助手)
H113,03/02/2023,游水,沙田,,沙田,,,,,,,,游水,,
H113,03/02/2023,踱步,沙田,內圈,沙田 內圈,,,,,,助手,,快踱一圈,H,內圈 快踱一圈 (助手)
H113,02/02/2023,游水,沙田,,沙田,,,,,,,,游水,,
H113,01/02/2023,游水,沙田,,沙田,,,,,,,,游水,,
H113,01/02/2023,踱步,沙田,內圈,沙田 內圈,,,,,,助手,,快踱一圈,H,內圈 快踱一圈 (助手)
H113,31/01/2023,游水,沙田,,沙田,,,,,,,,游水,,
H113,31/01/2023,踱步,沙田,內圈,沙田 內圈,,,,,,鍾易禮,,快踱一圈,H,內圈 快踱一圈 (鍾易禮)
H113,30/01/2023,游水,沙田,,沙田,,,,,,,,游水,,
H113,30/01/2023,踱步,沙田,內圈,沙田 內圈,,,,,,鍾易禮,,倒快兩圈,H,內圈 倒快兩圈 (鍾易禮)
H113,29/01/2023,游水,沙田,,沙田,,,,,,,,游水,,
H113,29/01/2023,快操,沙田,全天候,沙田 全天候,,55.8,55.8,31.2 24.6,,鍾易禮,,快操,H,31.2 24.6 (55.8) (鍾易禮)
H113,29/01/2023,踱步,沙田,飛機場,沙田 飛機場,,,,,,鍾易禮,,踱步,H,飛機場 踱步 (鍾易禮)
H113,28/01/2023,游水,沙田,,沙田,,,,,,,,游水,,
H113,28/01/2023,踱步,沙田,內圈,沙田 內圈,,,,,,助手,,快踱一圈,H,內圈 快踱一圈 (助手)
H113,27/01/2023,游水,沙田,,沙田,,,,,,,,游水,,
H113,27/01/2023,踱步,沙田,內圈,沙田 內圈,,,,,,助手,,快踱一圈,H,內圈 快踱一圈 (助手)
H113,26/01/2023,游水,沙田,,沙田,,,,,,,,游水,,
H113,26/01/2023,踱步,沙田,內圈,沙田 內圈,,,,,,助手,,倒快兩圈,H,內圈 倒快兩圈 (助手)
H113,25/01/2023,游水,沙田,,沙田,,,,,,,,游水,,
H113,25/01/2023,快操,沙田,全天候,沙田 全天候,,58.8,58.8,32.5 26.3,,助手,,快操,H,32.5 26.3 (58.8) (助手)
H113,25/01/2023,踱步,沙田,飛機場,沙田 飛機場,,,,,,助手,,踱步,H,飛機場 踱步 (助手)
H113,24/01/2023,游水,沙田,,沙田,,,,,,,,游水,,
H113,24/01/2023,踱步,沙田,內圈,沙田 內圈,,,,,,助手,,快踱一圈,H,內圈 快踱一圈 (助手)
H113,23/01/2023,游水,沙田,,沙田,,,,,,,,游水,,
H113,23/01/2023,踱步,沙田,內圈,沙田 內圈,,,,,,助手,,倒快兩圈,H,內圈 倒快兩圈 (助手)
H113,21/01/2023,游水,沙田,,沙田,,,,,,,,游水,,
H113,21/01/2023,踱步,沙田,飛機場,沙田 飛機場,,,,,,副練馬師,,踱步,H,飛機場 踱步 (副練馬師)
H113,20/01/2023,游水,沙田,,沙田,,,,,,,,游水,,
H113,20/01/2023,踱步,沙田,內圈,沙田 內圈,,,,,,助手,,快踱一圈,H,內圈 快踱一圈 (助手)
H113,19/01/2023,游水,沙田,,沙田,,,,,,,,游水,,
H113,19/01/2023,踱步,沙田,內圈,沙田 內圈,,,,,,助手,,倒快兩圈,H,內圈 倒快兩圈 (助手)
H113,18/01/2023,游水,沙田,,沙田,,,,,,,,游水,,
H113,18/01/2023,快操,沙田,全天候,沙田 全天候,,58.2,58.2,32.1 26.1,,副練馬師,,快操,H,32.1 26.1 (58.2) (副練馬師)
H113,18/01/2023,踱步,沙田,飛機場,沙田 飛機場,,,,,,副練馬師,,踱步,H,飛機場 踱步 (副練馬師)
H113,17/01/2023,游水,沙田,,沙田,,,,,,,,游水,,
H113,17/01/2023,踱步,沙田,內圈,沙田 內圈,,,,,,助手,,快踱一圈,H,內圈 快踱一圈 (助手)
H113,16/01/2023,游水,沙田,,沙田,,,,,,,,游水,,
H113,16/01/2023,踱步,沙田,內圈,沙田 內圈,,,,,,鍾易禮,,倒快兩圈,H,內圈 倒快兩圈 (鍾易禮)
H113,15/01/2023,游水,沙田,,沙田,,,,,,,,游水,,
H113,15/01/2023,踱步,沙田,內圈,沙田 內圈,,,,,,助手,,快踱一圈,H,內圈 快踱一圈 (助手)
H113,14/01/2023,游水,沙田,,沙田,,,,,,,,游水,,
H113,14/01/2023,踱步,沙田,內圈,沙田 內圈,,,,,,助手,,快踱一圈,H,內圈 快踱一圈 (助手)
H113,13/01/2023,游水,沙田,,沙田,,,,,,,,游水,,
H113,13/01/2023,踱步,沙田,內圈,沙田 內圈,,,,,,鍾易禮,,快踱一圈,H,內圈 快踱一圈 (鍾易禮)
H113,12/01/2023,游水,沙田,,沙田,,,,,,,,游水,,
H113,12/01/2023,踱步,沙田,內圈,沙田 內圈,,,,,,助手,,倒快兩圈,H,內圈 倒快兩圈 (助手)
H113,11/01/2023,游水,沙田,,沙田,,,,,,,,游水,,
H113,11/01/2023,踱步,沙田,內圈,沙田 內圈,,,,,,助手,,快踱一圈,H,內圈 快踱一圈 (助手)
H113,10/01/2023,試閘,沙田,全天候,沙田 全天候,1200M,1.10.98,70.98,24.3 23.1 23.5,亞機拉,鍾易禮,,第10組,H,第10組 (鍾易禮) 1200M 亞機拉 24.3 23.1 23.5 (1.10.98)
H113,10/01/2023,游水,沙田,,沙田,,,,,,,,游水,,
H113,09/01/2023,游水,沙田,,沙田,,,,,,,,游水,,
H113,09/01/2023,踱步,沙田,內圈,沙田 內圈,,,,,,楊明綸,,倒快兩圈,H,內圈 倒快兩圈 (楊明綸)
H113,08/01/2023,游水,沙田,,沙田,,,,,,,,游水,,
H113,08/01/2023,踱步,沙田,內圈,沙田 內圈,,,,,,助手,,快踱一圈,H,內圈 快踱一圈 (助手)
H113,07/01/2023,游水,沙田,,沙田,,,,,,,,游水,,
H113,07/01/2023,快操,沙田,全天候,沙田 全天候,,55.8,55.8,31.1 24.7,,助手,,快操,H,31.1 24.7 (55.8) (助手)
H113,07/01/2023,踱步,沙田,飛機場,沙田 飛機場,,,,,,助手,,踱步,H,飛機場 踱步 (助手)
H113,06/01/2023,游水,沙田,,沙田,,,,,,,,游水,,
H113,06/01/2023,踱步,沙田,內圈,沙田 內圈,,,,,,助手,,快踱一圈,H,內圈 快踱一圈 (助手)
H113,05/01/2023,游水,沙田,,沙田,,,,,,,,游水,,
H113,05/01/2023,踱步,沙田,內圈,沙田 內圈,,,,,,助手,,倒快兩圈,H,內圈 倒快兩圈 (助手)
H113,04/01/2023,游水,沙田,,沙田,,,,,,,,游水,,
H113,04/01/2023,快操,沙田,全天候,沙田 全天候,,53.2,53.2,28.1 25.1,,鍾易禮,,快操,H,28.1 25.1 (53.2) (鍾易禮)
H113,04/01/2023,踱步,沙田,飛機場,沙田 飛機場,,,,,,鍾易禮,,踱步,H,飛機場 踱步 (鍾易禮)
H113,03/01/2023,游水,沙田,,沙田,,,,,,,,游水,,
H113,03/01/2023,踱步,沙田,內圈,沙田 內圈,,,,,,助手,,快踱一圈,H,內圈 快踱一圈 (助手)
H113,02/01/2023,游水,沙田,,沙田,,,,,,,,游水,,
H113,02/01/2023,踱步,沙田,內圈,沙田 內圈,,,,,,助手,,倒快兩圈,H,內圈 倒快兩圈 (助手)
H113,01/01/2023,踱步,沙田,內圈,沙田 內圈,,,,,,鍾易禮,,快踱一圈,H,內圈 快踱一圈 (鍾易禮)
H113,31/12/2022,游水,沙田,,沙田,,,,,,,,游水,,
H113,31/12/2022,快操,沙田,全天候,沙田 全天候,,54.4,54.4,29.1 25.3,,助手,,快操,H,29.1 25.3 (54.4) (助手)
H113,31/12/2022,踱步,沙田,飛機場,沙田 飛機場,,,,,,助手,,踱步,H,飛機場 踱步 (助手)
H113,30/12/2022,踱步,沙田,內圈,沙田 內圈,,,,,,鍾易禮,,快踱一圈,H,內圈 快踱一圈 (鍾易禮)
H113,29/12/2022,踱步,沙田,內圈,沙田 內圈,,,,,,助手,,倒快兩圈,H,內圈 倒快兩圈 (助手)
H113,28/12/2022,快操,沙田,全天候,沙田 全天候,,58.5,58.5,31.6 26.9,,鍾易禮,,快操,H,31.6 26.9 (58.5) (鍾易禮)
H113,28/12/2022,踱步,沙田,飛機場,沙田 飛機場,,,,,,鍾易禮,,踱步,H,飛機場 踱步 (鍾易禮)
H113,27/12/2022,踱步,沙田,內圈,沙田 內圈,,,,,,助手,,快踱一圈,H,內圈 快踱一圈 (助手)
H113,26/12/2022,踱步,沙田,內圈,沙田 內圈,,,,,,助手,,倒快兩圈,H,內圈 倒快兩圈 (助手)
H113,25/12/2022,踱步,沙田,內圈,沙田 內圈,,,,,,鍾易禮,,快踱一圈,H,內圈 快踱一圈 (鍾易禮)
H113,24/12/2022,踱步,沙田,內圈,沙田 內圈,,,,,,助手,,快踱一圈,H,內圈 快踱一圈 (助手)
H113,23/12/2022,踱步,沙田,內圈,沙田 內圈,,,,,,助手,,快踱一圈,H,內圈 快踱一圈 (助手)
H113,22/12/2022,踱步,沙田,內圈,沙田 內圈,,,,,,助手,,倒快兩圈,H,內圈 倒快兩圈 (助手)
H113,21/12/2022,踱步,沙田,內圈,沙田 內圈,,,,,,助手,,快踱一圈,H,內圈 快踱一圈 (助手)
H113,20/12/2022,踱步,沙田,內圈,沙田 內圈,,,,,,鍾易禮,,快踱一圈,H,內圈 快踱一圈 (鍾易禮)
H113,19/12/2022,踱步,沙田,內圈,沙田 內圈,,,,,,助手,,倒快兩圈,H,內圈 倒快兩圈 (助手)
H113,02/12/2022,游水,沙田,,沙田,,,,,,,,游水,,
H113,02/12/2022,踱步,沙田,內圈,沙田 內圈,,,,,,助手,,快踱一圈,H,內圈 快踱一圈 (助手)
H113,01/12/2022,游水,沙田,,沙田,,,,,,,,游水,,
H113,01/12/2022,踱步,沙田,內圈,沙田 內圈,,,,,,助手,,倒快兩圈,H,內圈 倒快兩圈 (助手)
H113,30/11/2022,游水,沙田,,沙田,,,,,,,,游水,,
H113,29/11/2022,游水,沙田,,沙田,,,,,,,,游水,,
H113,29/11/2022,踱步,沙田,內圈,沙田 內圈,,,,,,助手,,快踱一圈,H,內圈 快踱一圈 (助手)
H113,28/11/2022,游水,沙田,,沙田,,,,,,,,游水,,
H113,28/11/2022,踱步,沙田,內圈,沙田 內圈,,,,,,助手,,倒快兩圈,H,內圈 倒快兩圈 (助手)
H113,27/11/2022,游水,沙田,,沙田,,,,,,,,游水,,
H113,27/11/2022,踱步,沙田,內圈,沙田 內圈,,,,,,助手,,快踱一圈,H,內圈 快踱一圈 (助手)
H113,26/11/2022,試閘,跑馬地,草地,跑馬地 草地,1200M,1.11.42,71.42,25.0 22.7 23.7,亞機拉,蔡明紹,,第4組,H,第4組 (蔡明紹) 1200M 亞機拉 25.0 22.7 23.7 (1.11.42)
H113,26/11/2022,游水,沙田,,沙田,,,,,,,,游水,,
H113,25/11/2022,游水,沙田,,沙田,,,,,,,,游水,,
H113,25/11/2022,踱步,沙田,內圈,沙田 內圈,,,,,,鍾易禮,,快踱一圈,H,內圈 快踱一圈 (鍾易禮)
H113,24/11/2022,游水,沙田,,沙田,,,,,,,,游水,,
H113,24/11/2022,踱步,沙田,內圈,沙田 內圈,,,,,,鍾易禮,,倒快兩圈,H,內圈 倒快兩圈 (鍾易禮)
H113,23/11/2022,游水,沙田,,沙田,,,,,,,,游水,,
H113,23/11/2022,快操,從化,全天候,從化 全天候,,57.6,57.6,30.7 26.9,,助手,,快操,H,30.7 26.9 (57.6) (助手)
H113,23/11/2022,踱步,從化,飛機場,從化 飛機場,,,,,,助手,,踱步,H,飛機場 踱步 (助手)
H113,22/11/2022,游水,從化,,從化,,,,,,,,游水,,
H113,22/11/2022,踱步,從化,內圈,從化 內圈,,,,,,助手,,快踱一圈,H,內圈 快踱一圈 (助手)
H113,21/11/2022,游水,從化,,從化,,,,,,,,游水,,
H113,21/11/2022,踱步,從化,內圈,從化 內圈,,,,,,助手,,倒快兩圈,H,內圈 倒快兩圈 (助手)
H113,20/11/2022,游水,從化,,從化,,,,,,,,游水,,
H113,20/11/2022,踱步,從化,內圈,從化 內圈,,,,,,助手,,快踱一圈,H,內圈 快踱一圈 (助手)
H113,19/11/2022,游水,從化,,從化,,,,,,,,游水,,
H113,19/11/2022,踱步,從化,內圈,從化 內圈,,,,,,助手,,快踱一圈,H,內圈 快踱一圈 (助手)
H113,18/11/2022,游水,從化,,從化,,,,,,,,游水,,
H113,18/11/2022,踱步,從化,內圈,從化 內圈,,,,,,助手,,快踱一圈,H,內圈 快踱一圈 (助手)
H113,17/11/2022,游水,從化,,從化,,,,,,,,游水,,
H113,17/11/2022,踱步,從化,內圈,從化 內圈,,,,,,助手,,倒快兩圈,H,內圈 倒快兩圈 (助手)
H113,16/11/2022,游水,從化,,從化,,,,,,,,游水,,
H113,16/11/2022,踱步,從化,內圈,從化 內圈,,,,,,助手,,快踱一圈,H,內圈 快踱一圈 (助手)
H113,15/11/2022,游水,從化,,從化,,,,,,,,游水,,
H113,15/11/2022,踱步,從化,內圈,從化 內圈,,,,,,助手,,快踱一圈,H,內圈 快踱一圈 (助手)
H113,14/11/2022,游水,從化,,從化,,,,,,,,游水,,
H113,14/11/2022,踱步,從化,內圈,從化 內圈,,,,,,助手,,倒快兩圈,H,內圈 倒快兩圈 (助手)
H113,13/11/2022,游水,從化,,從化,,,,,,,,游水,,
H113,13/11/2022,踱步,從化,內圈,從化 內圈,,,,,,助手,,快踱一圈,H,內圈 快踱一圈 (助手)
H113,12/11/2022,游水,從化,,從化,,,,,,,,游水,,
H113,12/11/2022,踱步,從化,內圈,從化 內圈,,,,,,助手,,快踱一圈,H,內圈 快踱一圈 (助手)
H113,11/11/2022,游水,從化,,從化,,,,,,,,游水,,
H113,11/11/2022,踱步,從化,內圈,從化 內圈,,,,,,助手,,快踱一圈,H,內圈 快踱一圈 (助手)
H113,10/11/2022,試閘,從化,草地,從化 草地,1200M,1.10.78,70.78,24.8 22.4 23.5,亞機拉,查本楠,,第4組,H,第4組 (查本楠) 1200M 亞機拉 24.8 22.4 23.5 (1.10.78)
H113,10/11/2022,游水,從化,,從化,,,,,,,,游水,,
H113,09/11/2022,游水,從化,,從化,,,,,,,,游水,,
H113,09/11/2022,踱步,從化,內圈,從化 內圈,,,,,,助手,,快踱一圈,H,內圈 快踱一圈 (助手)
H113,08/11/2022,游水,從化,,從化,,,,,,,,游水,,
H113,08/11/2022,踱步,從化,內圈,從化 內圈,,,,,,助手,,快踱一圈,H,內圈 快踱一圈 (助手)
H113,07/11/2022,游水,從化,,從化,,,,,,,,游水,,
H113,07/11/2022,快操,從化,全天候,從化 全天候,,58.4,58.4,31.8 26.6,,助手,,快操,H,31.8 26.6 (58.4) (助手)
H113,07/11/2022,踱步,從化,飛機場,從化 飛機場,,,,,,助手,,踱步,H,飛機場 踱步 (助手)
H113,06/11/2022,游水,從化,,從化,,,,,,,,游水,,
H113,06/11/2022,踱步,從化,內圈,從化 內圈,,,,,,助手,,快踱一圈,H,內圈 快踱一圈 (助手)
H113,05/11/2022,游水,從化,,從化,,,,,,,,游水,,
H113,05/11/2022,踱步,從化,內圈,從化 內圈,,,,,,助手,,快踱一圈,H,內圈 快踱一圈 (助手)
H113,04/11/2022,游水,從化,,從化,,,,,,,,游水,,
H113,04/11/2022,踱步,從化,內圈,從化 內圈,,,,,,助手,,快踱一圈,H,內圈 快踱一圈 (助手)
H113,03/11/2022,游水,從化,,從化,,,,,,,,游水,,
H113,03/11/2022,踱步,從化,內圈,從化 內圈,,,,,,助手,,倒快兩圈,H,內圈 倒快兩圈 (助手)
H113,02/11/2022,游水,從化,,從化,,,,,,,,游水,,
H113,02/11/2022,踱步,從化,內圈,從化 內圈,,,,,,助手,,快踱一圈,H,內圈 快踱一圈 (助手)
H113,01/11/2022,游水,從化,,從化,,,,,,,,游水,,
H113,01/11/2022,踱步,從化,內圈,從化 內圈,,,,,,助手,,快踱一圈,H,內圈 快踱一圈 (助手)
H113,31/10/2022,游水,從化,,從化,,,,,,,,游水,,
H113,31/10/2022,踱步,從化,內圈,從化 內圈,,,,,,助手,,倒快兩圈,H,內圈 倒快兩圈 (助手)
H113,30/10/2022,游水,從化,,從化,,,,,,,,游水,,
H113,30/10/2022,踱步,從化,內圈,從化 內圈,,,,,,助手,,快踱一圈,H,內圈 快踱一圈 (助手)
H113,29/10/2022,游水,從化,,從化,,,,,,,,游水,,
H113,29/10/2022,踱步,從化,內圈,從化 內圈,,,,,,助手,,快踱一圈,H,內圈 快踱一圈 (助手)
H113,28/10/2022,試閘,從化,草地,從化 草地,800M,0.45.63,45.63,24.0 21.6,精靈勇士,查本楠,,第1組,H,第1組 (查本楠) 800M 精靈勇士 24.0 21.6 (0.45.63)
H113,28/10/2022,游水,從化,,從化,,,,,,,,游水,,
H113,27/10/2022,游水,從化,,從化,,,,,,,,游水,,
H113,27/10/2022,踱步,從化,內圈,從化 內圈,,,,,,助手,,倒快兩圈,H,內圈 倒快兩圈 (助手)
H113,26/10/2022,游水,從化,,從化,,,,,,,,游水,,
H113,26/10/2022,踱步,從化,內圈,從化 內圈,,,,,,助手,,快踱一圈,H,內圈 快踱一圈 (助手)
H113,25/10/2022,游水,從化,,從化,,,,,,,,游水,,
H113,25/10/2022,踱步,從化,內圈,從化 內圈,,,,,,助手,,快踱一圈,H,內圈 快踱一圈 (助手)
H113,24/10/2022,游水,從化,,從化,,,,,,,,游水,,
H113,24/10/2022,快操,從化,全天候,從化 全天候,,1.01.5,61.5,32.4 29.1,,助手,,快操,H,32.4 29.1 (1.01.5) (助手)
H113,24/10/2022,踱步,從化,飛機場,從化 飛機場,,,,,,助手,,踱步,H,飛機場 踱步 (助手)
H113,23/10/2022,游水,從化,,從化,,,,,,,,游水,,
H113,23/10/2022,踱步,從化,內圈,從化 內圈,,,,,,助手,,快踱一圈,H,內圈 快踱一圈 (助手)
H113,22/10/2022,游水,從化,,從化,,,,,,,,游水,,
H113,22/10/2022,踱步,從化,內圈,從化 內圈,,,,,,助手,,快踱一圈,H,內圈 快踱一圈 (助手)
H113,21/10/2022,游水,從化,,從化,,,,,,,,游水,,
H113,21/10/2022,踱步,從化,內圈,從化 內圈,,,,,,助手,,快踱一圈,H,內圈 快踱一圈 (助手)
H113,20/10/2022,游水,從化,,從化,,,,,,,,游水,,
H113,20/10/2022,踱步,從化,內圈,從化 內圈,,,,,,助手,,倒快兩圈,H,內圈 倒快兩圈 (助手)
H113,19/10/2022,游水,從化,,從化,,,,,,,,游水,,
H113,19/10/2022,踱步,從化,內圈,從化 內圈,,,,,,助手,,快踱一圈,H,內圈 快踱一圈 (助手)
H113,18/10/2022,游水,從化,,從化,,,,,,,,游水,,
H113,18/10/2022,快操,從化,草閘,從化 草閘,,45.7,45.7,22.9 22.8,,助手,,加州一寶,H,22.9 22.8 (45.7) (助手) 加州一寶
H113,18/10/2022,踱步,從化,內圈,從化 內圈,,,,,,助手,,快踱一圈,H,內圈 快踱一圈 (助手)
H113,17/10/2022,游水,從化,,從化,,,,,,,,游水,,
H113,17/10/2022,踱步,從化,內圈,從化 內圈,,,,,,助手,,倒快兩圈,H,內圈 倒快兩圈 (助手)
H113,16/10/2022,游水,從化,,從化,,,,,,,,游水,,
H113,16/10/2022,踱步,從化,內圈,從化 內圈,,,,,,助手,,快踱一圈,H,內圈 快踱一圈 (助手)
H113,15/10/2022,游水,從化,,從化,,,,,,,,游水,,
H113,15/10/2022,快操,從化,全天候,從化 全天候,,57.8,57.8,30.4 27.4,,助手,,快操,H,30.4 27.4 (57.8) (助手)
H113,15/10/2022,踱步,從化,飛機場,從化 飛機場,,,,,,助手,,踱步,H,飛機場 踱步 (助手)
H113,14/10/2022,游水,從化,,從化,,,,,,,,游水,,
H113,14/10/2022,踱步,從化,內圈,從化 內圈,,,,,,助手,,快踱一圈,H,內圈 快踱一圈 (助手)
H113,13/10/2022,游水,從化,,從化,,,,,,,,游水,,
H113,13/10/2022,踱步,從化,內圈,從化 內圈,,,,,,助手,,倒快兩圈,H,內圈 倒快兩圈 (助手)
H113,12/10/2022,游水,從化,,從化,,,,,,,,游水,,
H113,12/10/2022,快操,從化,全天候,從化 全天候,,56.8,56.8,30.9 25.9,,助手,,快操,H,30.9 25.9 (56.8) (助手)
H113,12/10/2022,踱步,從化,飛機場,從化 飛機場,,,,,,助手,,踱步,H,飛機場 踱步 (助手)
H113,11/10/2022,游水,從化,,從化,,,,,,,,游水,,
H113,11/10/2022,踱步,從化,內圈,從化 內圈,,,,,,助手,,快踱一圈,H,內圈 快踱一圈 (助手)
H113,10/10/2022,游水,從化,,從化,,,,,,,,游水,,
H113,10/10/2022,踱步,從化,內圈,從化 內圈,,,,,,助手,,倒快兩圈,H,內圈 倒快兩圈 (助手)
H113,09/10/2022,游水,從化,,從化,,,,,,,,游水,,
H113,09/10/2022,踱步,從化,內圈,從化 內圈,,,,,,助手,,快踱一圈,H,內圈 快踱一圈 (助手)
H113,08/10/2022,游水,從化,,從化,,,,,,,,游水,,
H113,08/10/2022,踱步,從化,內圈,從化 內圈,,,,,,助手,,快踱一圈,H,內圈 快踱一圈 (助手)
H113,07/10/2022,游水,從化,,從化,,,,,,,,游水,,
H113,07/10/2022,快操,從化,全天候,從化 全天候,,51.7,51.7,26.5 25.2,,助手,,快操,,26.5 25.2 (51.7) (助手)
H113,07/10/2022,踱步,從化,飛機場,從化 飛機場,,,,,,助手,,踱步,,飛機場 踱步 (助手)
H113,06/10/2022,踱步,沙田,內圈,沙田 內圈,,,,,,鍾易禮,,倒快兩圈,,內圈 倒快兩圈 (鍾易禮)
H113,05/10/2022,游水,沙田,,沙田,,,,,,,,游水,,
H113,05/10/2022,踱步,沙田,內圈,沙田 內圈,,,,,,鍾易禮,,快踱一圈,,內圈 快踱一圈 (鍾易禮)
H113,04/10/2022,游水,沙田,,沙田,,,,,,,,游水,,
H113,04/10/2022,快操,沙田,全天候,沙田 全天候,,58.0,58.0,30.9 27.1,,鍾易禮,,快操,,30.9 27.1 (58.0) (鍾易禮)
H113,04/10/2022,踱步,沙田,飛機場,沙田 飛機場,,,,,,鍾易禮,,踱步,CP,飛機場 踱步 (鍾易禮)
H113,03/10/2022,游水,沙田,,沙田,,,,,,,,游水,,
H113,03/10/2022,踱步,沙田,內圈,沙田 內圈,,,,,,鍾易禮,,倒快兩圈,,內圈 倒快兩圈 (鍾易禮)
H113,02/10/2022,游水,沙田,,沙田,,,,,,,,游水,,
H113,02/10/2022,踱步,沙田,內圈,沙田 內圈,,,,,,鍾易禮,,快踱一圈,H,內圈 快踱一圈 (鍾易禮)
H113,01/10/2022,游水,沙田,,沙田,,,,,,,,游水,,
H113,01/10/2022,快操,沙田,全天候,沙田 全天候,,57.3,57.3,30.6 26.7,,助手,,快操,,30.6 26.7 (57.3) (助手)
H113,01/10/2022,踱步,沙田,飛機場,沙田 飛機場,,,,,,助手,,踱步,,飛機場 踱步 (助手)
H113,30/09/2022,游水,沙田,,沙田,,,,,,,,游水,,
H113,30/09/2022,踱步,沙田,內圈,沙田 內圈,,,,,,鍾易禮,,快踱一圈,,內圈 快踱一圈 (鍾易禮)
H113,29/09/2022,游水,沙田,,沙田,,,,,,,,游水,,
H113,29/09/2022,踱步,沙田,內圈,沙田 內圈,,,,,,鍾易禮,,倒快兩圈,,內圈 倒快兩圈 (鍾易禮)
H113,28/09/2022,游水,沙田,,沙田,,,,,,,,游水,,
H113,28/09/2022,快操,沙田,全天候,沙田 全天候,,56.7,56.7,29.7 27.0,,鍾易禮,,快操,,29.7 27.0 (56.7) (鍾易禮)
H113,28/09/2022,踱步,沙田,飛機場,沙田 飛機場,,,,,,鍾易禮,,踱步,,飛機場 踱步 (鍾易禮)
H113,27/09/2022,游水,沙田,,沙田,,,,,,,,游水,,
H113,27/09/2022,踱步,沙田,內圈,沙田 內圈,,,,,,助手,,快踱一圈,,內圈 快踱一圈 (助手)
H113,26/09/2022,游水,沙田,,沙田,,,,,,,,游水,,
H113,26/09/2022,踱步,沙田,內圈,沙田 內圈,,,,,,鍾易禮,,倒快兩圈,,內圈 倒快兩圈 (鍾易禮)
H113,25/09/2022,游水,沙田,,沙田,,,,,,,,游水,,
H113,25/09/2022,踱步,沙田,內圈,沙田 內圈,,,,,,鍾易禮,,快踱一圈,,內圈 快踱一圈 (鍾易禮)
H113,24/09/2022,游水,沙田,,沙田,,,,,,,,游水,,
H113,24/09/2022,快操,沙田,全天候,沙田 全天候,,57.7,57.7,30.5 27.2,,助手,,快操,,30.5 27.2 (57.7) (助手)
H113,24/09/2022,踱步,沙田,飛機場,沙田 飛機場,,,,,,助手,,踱步,,飛機場 踱步 (助手)
H113,23/09/2022,游水,沙田,,沙田,,,,,,,,游水,,
H113,23/09/2022,踱步,沙田,內圈,沙田 內圈,,,,,,鍾易禮,,快踱一圈,,內圈 快踱一圈 (鍾易禮)
H113,22/09/2022,游水,沙田,,沙田,,,,,,,,游水,,
H113,22/09/2022,踱步,沙田,內圈,沙田 內圈,,,,,,鍾易禮,,倒快兩圈,H,內圈 倒快兩圈 (鍾易禮)
H113,21/09/2022,游水,沙田,,沙田,,,,,,,,游水,,
H113,21/09/2022,快操,沙田,全天候,沙田 全天候,,58.1,58.1,30.4 27.7,,鍾易禮,,快操,,30.4 27.7 (58.1) (鍾易禮)
H113,21/09/2022,踱步,沙田,飛機場,沙田 飛機場,,,,,,鍾易禮,,踱步,,飛機場 踱步 (鍾易禮)
H113,20/09/2022,游水,沙田,,沙田,,,,,,,,游水,,
H113,20/09/2022,踱步,沙田,內圈,沙田 內圈,,,,,,鍾易禮,,快踱一圈,,內圈 快踱一圈 (鍾易禮)
H113,19/09/2022,游水,沙田,,沙田,,,,,,,,游水,,
H113,19/09/2022,踱步,沙田,內圈,沙田 內圈,,,,,,鍾易禮,,倒快兩圈,,內圈 倒快兩圈 (鍾易禮)
H113,18/09/2022,游水,沙田,,沙田,,,,,,,,游水,,
H113,18/09/2022,踱步,沙田,內圈,沙田 內圈,,,,,,鍾易禮,,快踱一圈,,內圈 快踱一圈 (鍾易禮)
H113,17/09/2022,游水,沙田,,沙田,,,,,,,,游水,,
H113,17/09/2022,踱步,沙田,內圈,沙田 內圈,,,,,,鍾易禮,,快踱一圈,,內圈 快踱一圈 (鍾易禮)
H113,16/09/2022,游水,沙田,,沙田,,,,,,,,游水,,
H113,16/09/2022,踱步,沙田,內圈,沙田 內圈,,,,,,副練馬師,,快踱一圈,H,內圈 快踱一圈 (副練馬師)
H113,15/09/2022,游水,沙田,,沙田,,,,,,,,游水,,
H113,15/09/2022,踱步,沙田,內圈,沙田 內圈,,,,,,鍾易禮,,倒快兩圈,,內圈 倒快兩圈 (鍾易禮)
H113,14/09/2022,游水,沙田,,沙田,,,,,,,,游水,,
H113,14/09/2022,踱步,沙田,內圈,沙田 內圈,,,,,,助手,,快踱一圈,,內圈 快踱一圈 (助手)
H113,13/09/2022,游水,沙田,,沙田,,,,,,,,游水,,
H113,13/09/2022,踱步,沙田,內圈,沙田 內圈,,,,,,助手,,快踱一圈,,內圈 快踱一圈 (助手)
H113,12/09/2022,游水,沙田,,沙田,,,,,,,,游水,,
H113,12/09/2022,踱步,沙田,內圈,沙田 內圈,,,,,,助手,,倒快兩圈,,內圈 倒快兩圈 (助手)
H113,11/09/2022,游水,沙田,,沙田,,,,,,,,游水,,
H113,10/09/2022,游水,沙田,,沙田,,,,,,,,游水,,
H113,09/09/2022,游水,沙田,,沙田,,,,,,,,游水,,
H113,08/09/2022,游水,沙田,,沙田,,,,,,,,游水,,
H113,07/09/2022,游水,沙田,,沙田,,,,,,,,游水,,
H113,06/09/2022,游水,沙田,,沙田,,,,,,,,游水,,
H113,05/09/2022,游水,沙田,,沙田,,,,,,,,游水,,
H113,04/09/2022,游水,沙田,,沙田,,,,,,,,游水,,
H113,03/09/2022,游水,沙田,,沙田,,,,,,,,游水,,
H113,02/09/2022,游水,沙田,,沙田,,,,,,,,游水,,
H113,01/09/2022,游水,沙田,,沙田,,,,,,,,游水,,
H113,31/08/2022,游水,沙田,,沙田,,,,,,,,游水,,
H113,30/08/2022,游水,沙田,,沙田,,,,,,,,游水,,
H113,29/08/2022,游水,沙田,,沙田,,,,,,,,游水,,
H113,28/08/2022,游水,沙田,,沙田,,,,,,,,游水,,
H113,27/08/2022,游水,沙田,,沙田,,,,,,,,游水,,
