horse_no,date,work_type,racecourse,track,venue,distance,time,time_sec,splits,partner,rider,placing,comment,gear,workout_details
H338,05/09/2026,快操,沙田,全天候,沙田 全天候,,32.5,32.5,32.5,,助手,,快操,H,32.5 (32.5) (助手)
H338,04/09/2026,踱步,沙田,內圈,沙田 內圈,,,,,,助手,,快踱一圈,H,內圈 快踱一圈 (助手)
H338,03/09/2026,踱步,沙田,內圈,沙田 內圈,,,,,,助手,,倒快一圈,H,內圈 倒快一圈 (助手)
H338,02/09/2026,馬匹跑步機,沙田,,沙田,,,,,,上斜,,馬匹跑步機 - 步行,,馬匹跑步機 - 步行 （上斜）
H338,02/09/2026,快操,沙田,全天候,沙田 全天候,,59.1,59.1,31.7 27.4,,副練馬師,,快操,H,31.7 27.4 (59.1) (副練馬師)
H338,01/09/2026,踱步,沙田,內圈,沙田 內圈,,,,,,助手,,快踱一圈,H,內圈 快踱一圈 (助手)
H338,31/08/2026,踱步,沙田,內圈,沙田 內圈,,,,,,助手,,倒快兩圈,H,內圈 倒快兩圈 (助手)
H338,30/08/2026,快操,沙田,全天候,沙田 全天候,,56.3,56.3,30.5 25.8,,助手,,快操,H,30.5 25.8 (56.3) (助手)
H338,29/08/2026,踱步,沙田,內圈,沙田 內圈,,,,,,助手,,快踱一圈,H,內圈 快踱一圈 (助手)
H338,28/08/2026,馬匹跑步機,沙田,,沙田,,,,,,上斜,,馬匹跑步機 - 步行,,馬匹跑步機 - 步行 （上斜）
H338,28/08/2026,快操,沙田,全天候,沙田 全天候,,31.0,31.0,31.0,,助手,,快操,H,31.0 (31.0) (助手)
H338,27/08/2026,踱步,沙田,內圈,沙田 內圈,,,,,,助手,,倒快一圈,H,內圈 倒快一圈 (助手)
H338,26/08/2026,馬匹跑步機,沙田,,沙田,,,,,,上斜,,馬匹跑步機 - 步行,,馬匹跑步機 - 步行 （上斜）
H338,26/08/2026,踱步,沙田,內圈,沙田 內圈,,,,,,助手,,快踱一圈,H,內圈 快踱一圈 (助手)
H338,25/08/2026,快操,沙田,全天候,沙田 全天候,,55.1,55.1,29.7 25.4,,助手,,快操,H,29.7 25.4 (55.1) (助手)
H338,24/08/2026,馬匹跑步機,沙田,,沙田,,,,,,上斜,,馬匹跑步機 - 步行,,馬匹跑步機 - 步行 （上斜）
H338,24/08/2026,踱步,沙田,內圈,沙田 內圈,,,,,,助手,,倒快兩圈,H,內圈 倒快兩圈 (助手)
H338,23/08/2026,踱步,沙田,內圈,沙田 內圈,,,,,,助手,,快踱一圈,H,內圈 快踱一圈 (助手)
H338,22/08/2026,快操,沙田,全天候,沙田 全天候,,59.5,59.5,31.6 27.9,,助手,,快操,H,31.6 27.9 (59.5) (助手)
H338,21/08/2026,馬匹跑步機,沙田,,沙田,,,,,,上斜,,馬匹跑步機 - 步行,,馬匹跑步機 - 步行 （上斜）
H338,21/08/2026,踱步,沙田,內圈,沙田 內圈,,,,,,助手,,快踱一圈,H,內圈 快踱一圈 (助手)
H338,20/08/2026,踱步,沙田,內圈,沙田 內圈,,,,,,助手,,倒快一圈,H,內圈 倒快一圈 (助手)
H338,19/08/2026,馬匹跑步機,沙田,,沙田,,,,,,上斜,,馬匹跑步機 - 步行,,馬匹跑步機 - 步行 （上斜）
H338,19/08/2026,快操,沙田,全天候,沙田 全天候,,59.0,59.0,30.7 28.3,,助手,,快操,H,30.7 28.3 (59.0) (助手)
H338,18/08/2026,馬匹跑步機,沙田,,沙田,,,,,,上斜,,馬匹跑步機 - 步行,,馬匹跑步機 - 步行 （上斜）
H338,18/08/2026,踱步,沙田,內圈,沙田 內圈,,,,,,助手,,快踱一圈,H,內圈 快踱一圈 (助手)
H338,17/08/2026,踱步,沙田,內圈,沙田 內圈,,,,,,助手,,倒快兩圈,H,內圈 倒快兩圈 (助手)
H338,16/08/2026,踱步,沙田,內圈,沙田 內圈,,,,,,助手,,快踱一圈,H,內圈 快踱一圈 (助手)
H338,15/08/2026,踱步,沙田,外圈,沙田 外圈,,,,,,助手,,快踱一圈,H,外圈 快踱一圈 (助手)
H338,14/08/2026,踱步,沙田,內圈,沙田 內圈,,,,,,助手,,快踱一圈,H,內圈 快踱一圈 (助手)
H338,13/08/2026,踱步,沙田,內圈,沙田 內圈,,,,,,助手,,倒快一圈,H,內圈 倒快一圈 (助手)
H338,12/08/2026,踱步,從化,內圈,從化 內圈,,,,,,助手,,快踱一圈,H,內圈 快踱一圈 (助手)
H338,11/08/2026,踱步,從化,內圈,從化 內圈,,,,,,助手,,快踱一圈,H,內圈 快踱一圈 (助手)
H338,10/08/2026,馬匹水中步行機,從化,,從化,,,,,,,,馬匹水中步行機,,
H338,10/08/2026,踱步,從化,內圈,從化 內圈,,,,,,助手,,倒快一圈,H,內圈 倒快一圈 (助手)
H338,09/08/2026,踱步,從化,內圈,從化 內圈,,,,,,助手,,快踱一圈,H,內圈 快踱一圈 (助手)
H338,08/08/2026,踱步,從化,內圈,從化 內圈,,,,,,助手,,快踱一圈,H,內圈 快踱一圈 (助手)
H338,07/08/2026,馬匹水中步行機,從化,,從化,,,,,,,,馬匹水中步行機,,
H338,07/08/2026,踱步,從化,內圈,從化 內圈,,,,,,助手,,快踱一圈,H,內圈 快踱一圈 (助手)
H338,06/08/2026,踱步,從化,內圈,從化 內圈,,,,,,助手,,倒快一圈,H,內圈 倒快一圈 (助手)
H338,05/08/2026,馬匹跑步機,從化,,從化,,,,,,上斜,,馬匹跑步機 - 步行,,馬匹跑步機 - 步行 （上斜）
H338,05/08/2026,踱步,從化,飛機場,從化 飛機場,,,,,,助手,,踱步,H,飛機場 踱步 (助手)
H338,04/08/2026,踱步,從化,飛機場,從化 飛機場,,,,,,助手,,踱步,H,飛機場 踱步 (助手)
H338,03/08/2026,馬匹水中步行機,從化,,從化,,,,,,,,馬匹水中步行機,,
H338,03/08/2026,踱步,從化,飛機場,從化 飛機場,,,,,,助手,,踱步,H,飛機場 踱步 (助手)
H338,02/08/2026,踱步,從化,飛機場,從化 飛機場,,,,,,助手,,踱步,H,飛機場 踱步 (助手)
H338,01/08/2026,踱步,從化,飛機場,從化 飛機場,,,,,,助手,,踱步,H,飛機場 踱步 (助手)
H338,31/07/2026,馬匹水中步行機,從化,,從化,,,,,,,,馬匹水中步行機,,
H338,31/07/2026,踱步,從化,飛機場,從化 飛機場,,,,,,助手,,踱步,H,飛機場 踱步 (助手)
H338,30/07/2026,馬匹跑步機,從化,,從化,,,,,,上斜,,馬匹跑步機 - 踱步,,馬匹跑步機 - 踱步 （上斜）
H338,29/07/2026,馬匹水中步行機,從化,,從化,,,,,,,,馬匹水中步行機,,
H338,28/07/2026,馬匹水中步行機,從化,,從化,,,,,,,,馬匹水中步行機,,
H338,27/07/2026,馬匹水中步行機,從化,,從化,,,,,,,,馬匹水中步行機,,
H338,25/07/2026,馬匹水中步行機,從化,,從化,,,,,,,,馬匹水中步行機,,
H338,24/07/2026,馬匹水中步行機,從化,,從化,,,,,,,,馬匹水中步行機,,
H338,23/07/2026,馬匹水中步行機,從化,,從化,,,,,,,,馬匹水中步行機,,
H338,22/07/2026,馬匹水中步行機,從化,,從化,,,,,,,,馬匹水中步行機,,
H338,20/07/2026,馬匹水中步行機,從化,,從化,,,,,,,,馬匹水中步行機,,
H338,19/07/2026,馬匹水中步行機,從化,,從化,,,,,,,,馬匹水中步行機,,
H338,18/07/2026,馬匹水中步行機,從化,,從化,,,,,,,,馬匹水中步行機,,
H338,17/07/2026,馬匹水中步行機,從化,,從化,,,,,,,,馬匹水中步行機,,
H338,14/07/2026,馬匹水中步行機,從化,,從化,,,,,,,,馬匹水中步行機,,
H338,13/07/2026,馬匹水中步行機,從化,,從化,,,,,,,,馬匹水中步行機,,
H338,12/07/2026,馬匹水中步行機,從化,,從化,,,,,,,,馬匹水中步行機,,
H338,11/07/2026,馬匹水中步行機,從化,,從化,,,,,,,,馬匹水中步行機,,
H338,04/07/2026,出賽,沙田,草地,沙田 草地,1200M,,,,,奧爾民,4/7,出賽,,1200M (奧爾民) (4/7)
H338,03/07/2026,馬匹跑步機,沙田,,沙田,,,,,,上斜,,馬匹跑步機 - 步行,,馬匹跑步機 - 步行 （上斜）
H338,03/07/2026,踱步,沙田,內圈,沙田 內圈,,,,,,助手,,快踱一圈,H,內圈 快踱一圈 (助手)
H338,02/07/2026,踱步,從化,內圈,從化 內圈,,,,,,助手,,倒快一圈,H,內圈 倒快一圈 (助手)
H338,01/07/2026,踱步,從化,內圈,從化 內圈,,,,,,助手,,快踱一圈,H,內圈 快踱一圈 (助手)
H338,30/06/2026,快操,從化,全天候,從化 全天候,,25.6,25.6,25.6,,助手,,快操,H,25.6 (25.6) (助手)
H338,30/06/2026,踱步,從化,飛機場,從化 飛機場,,,,,,助手,,踱步,H,飛機場 踱步 (助手)
H338,29/06/2026,踱步,從化,內圈,從化 內圈,,,,,,助手,,倒快一圈,H,內圈 倒快一圈 (助手)
H338,28/06/2026,踱步,從化,內圈,從化 內圈,,,,,,助手,,快踱一圈,H,內圈 快踱一圈 (助手)
H338,27/06/2026,踱步,從化,內圈,從化 內圈,,,,,,助手,,快踱一圈,H,內圈 快踱一圈 (助手)
H338,26/06/2026,馬匹水中步行機,從化,,從化,,,,,,,,馬匹水中步行機,,
H338,26/06/2026,踱步,從化,內圈,從化 內圈,,,,,,助手,,快踱一圈,H,內圈 快踱一圈 (助手)
H338,25/06/2026,踱步,從化,內圈,從化 內圈,,,,,,助手,,倒快一圈,H,內圈 倒快一圈 (助手)
H338,24/06/2026,踱步,從化,飛機場,從化 飛機場,,,,,,助手,,踱步,H,飛機場 踱步 (助手)
H338,22/06/2026,試閘,從化,草地,從化 草地,1000M,0.57.60,57.6,13.3 21.1 23.2,精彩駿將,沙里扎,,第1組,,第1組 (沙里扎) 1000M 精彩駿將 13.3 21.1 23.2 (0.57.60)
H338,22/06/2026,踱步,從化,飛機場,從化 飛機場,,,,,,助手,,踱步,,飛機場 踱步 (助手)
H338,21/06/2026,馬匹水中步行機,從化,,從化,,,,,,,,馬匹水中步行機,,
H338,21/06/2026,踱步,從化,內圈,從化 內圈,,,,,,助手,,快踱一圈,H,內圈 快踱一圈 (助手)
H338,20/06/2026,踱步,從化,內圈,從化 內圈,,,,,,助手,,快踱一圈,H,內圈 快踱一圈 (助手)
H338,19/06/2026,馬匹水中步行機,從化,,從化,,,,,,,,馬匹水中步行機,,
H338,19/06/2026,踱步,從化,內圈,從化 內圈,,,,,,助手,,快踱一圈,H,內圈 快踱一圈 (助手)
H338,18/06/2026,快操,從化,全天候,從化 全天候,,55.8,55.8,30.1 25.7,,助手,,快操,H,30.1 25.7 (55.8) (助手)
H338,18/06/2026,踱步,從化,飛機場,從化 飛機場,,,,,,助手,,踱步,H,飛機場 踱步 (助手)
H338,17/06/2026,踱步,從化,內圈,從化 內圈,,,,,,助手,,快踱一圈,H,內圈 快踱一圈 (助手)
H338,16/06/2026,踱步,從化,內圈,從化 內圈,,,,,,助手,,快踱一圈,H,內圈 快踱一圈 (助手)
H338,15/06/2026,馬匹跑步機,從化,,從化,,,,,,上斜,,馬匹跑步機 - 踱步,,馬匹跑步機 - 踱步 （上斜）
H338,14/06/2026,馬匹水中步行機,從化,,從化,,,,,,,,馬匹水中步行機,,
H338,14/06/2026,踱步,從化,飛機場,從化 飛機場,,,,,,助手,,踱步,H,飛機場 踱步 (助手)
H338,13/06/2026,快操,從化,草地,從化 草地,,57.7,57.7,30.5 27.2,,助手,,快操,H,30.5 27.2 (57.7) (助手)
H338,13/06/2026,踱步,從化,飛機場,從化 飛機場,,,,,,助手,,踱步,H,飛機場 踱步 (助手)
H338,12/06/2026,踱步,從化,內圈,從化 內圈,,,,,,助手,,快踱一圈,H,內圈 快踱一圈 (助手)
H338,11/06/2026,馬匹水中步行機,從化,,從化,,,,,,,,馬匹水中步行機,,
H338,11/06/2026,踱步,從化,內圈,從化 內圈,,,,,,助手,,倒快一圈,H,內圈 倒快一圈 (助手)
H338,10/06/2026,快操,從化,全天候,從化 全天候,,52.7,52.7,28.6 24.1,,助手,,快操,H,28.6 24.1 (52.7) (助手)
H338,10/06/2026,踱步,從化,飛機場,從化 飛機場,,,,,,助手,,踱步,H,飛機場 踱步 (助手)
H338,09/06/2026,踱步,從化,內圈,從化 內圈,,,,,,助手,,快踱一圈,H,內圈 快踱一圈 (助手)
H338,08/06/2026,馬匹跑步機,從化,,從化,,,,,,上斜,,馬匹跑步機 - 慢跑,,馬匹跑步機 - 慢跑 （上斜）
H338,07/06/2026,快操,從化,全天候,從化 全天候,,59.2,59.2,29.8 29.4,,助手,,快操,H,29.8 29.4 (59.2) (助手)
H338,07/06/2026,踱步,從化,飛機場,從化 飛機場,,,,,,助手,,踱步,H,飛機場 踱步 (助手)
H338,06/06/2026,馬匹水中步行機,從化,,從化,,,,,,,,馬匹水中步行機,,
H338,06/06/2026,踱步,從化,內圈,從化 內圈,,,,,,助手,,快踱一圈,H,內圈 快踱一圈 (助手)
H338,05/06/2026,踱步,從化,內圈,從化 內圈,,,,,,助手,,快踱一圈,H,內圈 快踱一圈 (助手)
H338,04/06/2026,馬匹水中步行機,從化,,從化,,,,,,,,馬匹水中步行機,,
H338,04/06/2026,踱步,從化,內圈,從化 內圈,,,,,,助手,,倒快一圈,H,內圈 倒快一圈 (助手)
H338,03/06/2026,踱步,從化,內圈,從化 內圈,,,,,,助手,,快踱一圈,H,內圈 快踱一圈 (助手)
H338,02/06/2026,馬匹跑步機,從化,,從化,,,,,,上斜,,馬匹跑步機 - 慢跑,,馬匹跑步機 - 慢跑 （上斜）
H338,01/06/2026,馬匹跑步機,從化,,從化,,,,,,上斜,,馬匹跑步機 - 慢跑,,馬匹跑步機 - 慢跑 （上斜）
H338,31/05/2026,馬匹水中步行機,從化,,從化,,,,,,,,馬匹水中步行機,,
H338,30/05/2026,馬匹跑步機,從化,,從化,,,,,,上斜,,馬匹跑步機 - 步行,,馬匹跑步機 - 步行 （上斜）
H338,29/05/2026,馬匹跑步機,從化,,從化,,,,,,上斜,,馬匹跑步機 - 步行,,馬匹跑步機 - 步行 （上斜）
H338,27/05/2026,踱步,沙田,飛機場,沙田 飛機場,,,,,,助手,,踱步,H,飛機場 踱步 (助手)
H338,26/05/2026,踱步,沙田,河畔跑道,沙田 河畔跑道,,,,,,助手,,踱步,H,河畔跑道 踱步 (助手)
H338,24/05/2026,出賽,沙田,草地,沙田 草地,1400M,,,,,布文,8/11,出賽,,1400M (布文) (8/11)
H338,23/05/2026,踱步,沙田,內圈,沙田 內圈,,,,,,助手,,快踱一圈,H,內圈 快踱一圈 (助手)
H338,22/05/2026,踱步,沙田,內圈,沙田 內圈,,,,,,助手,,快踱一圈,H,內圈 快踱一圈 (助手)
H338,21/05/2026,馬匹跑步機,沙田,,沙田,,,,,,上斜,,馬匹跑步機 - 步行,,馬匹跑步機 - 步行 （上斜）
H338,21/05/2026,踱步,沙田,內圈,沙田 內圈,,,,,,助手,,倒快一圈,H,內圈 倒快一圈 (助手)
H338,20/05/2026,快操,沙田,全天候,沙田 全天候,,55.6,55.6,30.5 25.1,,副練馬師,,快操,H,30.5 25.1 (55.6) (副練馬師)
H338,19/05/2026,踱步,沙田,內圈,沙田 內圈,,,,,,助手,,快踱一圈,H,內圈 快踱一圈 (助手)
H338,18/05/2026,馬匹跑步機,沙田,,沙田,,,,,,上斜,,馬匹跑步機 - 步行,,馬匹跑步機 - 步行 （上斜）
H338,18/05/2026,踱步,沙田,內圈,沙田 內圈,,,,,,助手,,倒快一圈,H,內圈 倒快一圈 (助手)
H338,17/05/2026,踱步,沙田,內圈,沙田 內圈,,,,,,助手,,快踱一圈,H,內圈 快踱一圈 (助手)
H338,16/05/2026,踱步,沙田,內圈,沙田 內圈,,,,,,助手,,快踱一圈,H,內圈 快踱一圈 (助手)
H338,15/05/2026,馬匹跑步機,沙田,,沙田,,,,,,上斜,,馬匹跑步機 - 步行,,馬匹跑步機 - 步行 （上斜）
H338,15/05/2026,踱步,沙田,內圈,沙田 內圈,,,,,,助手,,快踱一圈,H,內圈 快踱一圈 (助手)
H338,14/05/2026,快操,沙田,草地,沙田 草地,,51.9,51.9,29.8 22.1,,布文,,快操,H,29.8 22.1 (51.9) (布文)
H338,13/05/2026,踱步,沙田,內圈,沙田 內圈,,,,,,助手,,快踱一圈,H,內圈 快踱一圈 (助手)
H338,12/05/2026,馬匹跑步機,沙田,,沙田,,,,,,上斜,,馬匹跑步機 - 步行,,馬匹跑步機 - 步行 （上斜）
H338,12/05/2026,踱步,沙田,內圈,沙田 內圈,,,,,,助手,,快踱一圈,H,內圈 快踱一圈 (助手)
H338,11/05/2026,踱步,沙田,內圈,沙田 內圈,,,,,,助手,,倒快一圈,H,內圈 倒快一圈 (助手)
H338,10/05/2026,馬匹跑步機,沙田,,沙田,,,,,,上斜,,馬匹跑步機 - 步行,,馬匹跑步機 - 步行 （上斜）
H338,10/05/2026,快操,沙田,全天候,沙田 全天候,,59.7,59.7,32.8 26.9,,副練馬師,,快操,H,32.8 26.9 (59.7) (副練馬師)
H338,09/05/2026,踱步,沙田,內圈,沙田 內圈,,,,,,助手,,快踱一圈,H,內圈 快踱一圈 (助手)
H338,08/05/2026,馬匹跑步機,沙田,,沙田,,,,,,上斜,,馬匹跑步機 - 步行,,馬匹跑步機 - 步行 （上斜）
H338,08/05/2026,踱步,沙田,內圈,沙田 內圈,,,,,,助手,,快踱一圈,H,內圈 快踱一圈 (助手)
H338,07/05/2026,游水,沙田,,沙田,,,,,,,,游水,,
H338,07/05/2026,快操,沙田,全天候,沙田 全天候,,51.6,51.6,28.2 23.4,,布文,,快操,H,28.2 23.4 (51.6) (布文)
H338,06/05/2026,馬匹跑步機,沙田,,沙田,,,,,,上斜,,馬匹跑步機 - 步行,,馬匹跑步機 - 步行 （上斜）
H338,06/05/2026,踱步,沙田,內圈,沙田 內圈,,,,,,助手,,快踱一圈,H,內圈 快踱一圈 (助手)
H338,05/05/2026,踱步,沙田,內圈,沙田 內圈,,,,,,助手,,快踱一圈,H,內圈 快踱一圈 (助手)
H338,04/05/2026,馬匹跑步機,沙田,,沙田,,,,,,上斜,,馬匹跑步機 - 步行,,馬匹跑步機 - 步行 （上斜）
H338,04/05/2026,踱步,沙田,內圈,沙田 內圈,,,,,,助手,,倒快一圈,H,內圈 倒快一圈 (助手)
H338,03/05/2026,快操,沙田,全天候,沙田 全天候,,58.5,58.5,30.5 28.0,,助手,,快操,H,30.5 28.0 (58.5) (助手)
H338,02/05/2026,馬匹跑步機,沙田,,沙田,,,,,,上斜,,馬匹跑步機 - 步行,,馬匹跑步機 - 步行 （上斜）
H338,02/05/2026,踱步,沙田,內圈,沙田 內圈,,,,,,助手,,快踱一圈,H,內圈 快踱一圈 (助手)
H338,01/05/2026,馬匹跑步機,沙田,,沙田,,,,,,上斜,,馬匹跑步機 - 步行,,馬匹跑步機 - 步行 （上斜）
H338,01/05/2026,踱步,沙田,內圈,沙田 內圈,,,,,,助手,,快踱一圈,H,內圈 快踱一圈 (助手)
H338,30/04/2026,踱步,沙田,內圈,沙田 內圈,,,,,,助手,,倒快一圈,H,內圈 倒快一圈 (助手)
H338,29/04/2026,踱步,沙田,內圈,沙田 內圈,,,,,,助手,,快踱一圈,H,內圈 快踱一圈 (助手)
H338,28/04/2026,馬匹跑步機,沙田,,沙田,,,,,,上斜,,馬匹跑步機 - 步行,,馬匹跑步機 - 步行 （上斜）
H338,27/04/2026,馬匹跑步機,沙田,,沙田,,,,,,上斜,,馬匹跑步機 - 步行,,馬匹跑步機 - 步行 （上斜）
H338,26/04/2026,出賽,沙田,草地,沙田 草地,1400M,,,,,莫雷拉,11/14,出賽,,1400M (莫雷拉) (11/14)
H338,24/04/2026,踱步,沙田,內圈,沙田 內圈,,,,,,助手,,快踱一圈,H,內圈 快踱一圈 (助手)
H338,23/04/2026,馬匹跑步機,沙田,,沙田,,,,,,上斜,,馬匹跑步機 - 步行,,馬匹跑步機 - 步行 （上斜）
H338,23/04/2026,踱步,沙田,內圈,沙田 內圈,,,,,,助手,,倒快一圈,H,內圈 倒快一圈 (助手)
H338,22/04/2026,踱步,沙田,內圈,沙田 內圈,,,,,,助手,,快踱一圈,H,內圈 快踱一圈 (助手)
H338,21/04/2026,快操,沙田,全天候,沙田 全天候,,51.0,51.0,28.3 22.7,,莫雷拉,,快操,,28.3 22.7 (51.0) (莫雷拉)
H338,20/04/2026,馬匹跑步機,沙田,,沙田,,,,,,上斜,,馬匹跑步機 - 步行,,馬匹跑步機 - 步行 （上斜）
H338,20/04/2026,踱步,沙田,內圈,沙田 內圈,,,,,,助手,,倒快一圈,H,內圈 倒快一圈 (助手)
H338,19/04/2026,游水,沙田,,沙田,,,,,,,,游水,,
H338,19/04/2026,踱步,沙田,外圈,沙田 外圈,,,,,,助手,,快踱一圈,H,外圈 快踱一圈 (助手)
H338,18/04/2026,馬匹跑步機,沙田,,沙田,,,,,,上斜,,馬匹跑步機 - 步行,,馬匹跑步機 - 步行 （上斜）
H338,18/04/2026,踱步,沙田,內圈,沙田 內圈,,,,,,助手,,快踱一圈,H,內圈 快踱一圈 (助手)
H338,17/04/2026,踱步,沙田,內圈,沙田 內圈,,,,,,助手,,快踱一圈,H,內圈 快踱一圈 (助手)
H338,16/04/2026,馬匹跑步機,沙田,,沙田,,,,,,上斜,,馬匹跑步機 - 步行,,馬匹跑步機 - 步行 （上斜）
H338,16/04/2026,踱步,沙田,內圈,沙田 內圈,,,,,,助手,,倒快一圈,H,內圈 倒快一圈 (助手)
H338,15/04/2026,快操,沙田,全天候,沙田 全天候,,55.8,55.8,29.7 26.1,,助手,,快操,H,29.7 26.1 (55.8) (助手)
H338,14/04/2026,馬匹跑步機,沙田,,沙田,,,,,,上斜,,馬匹跑步機 - 步行,,馬匹跑步機 - 步行 （上斜）
H338,14/04/2026,踱步,沙田,內圈,沙田 內圈,,,,,,助手,,快踱一圈,H,內圈 快踱一圈 (助手)
H338,13/04/2026,踱步,沙田,外圈,沙田 外圈,,,,,,助手,,快踱一圈,H,外圈 快踱一圈 (助手)
H338,12/04/2026,快操,沙田,全天候,沙田 全天候,,58.2,58.2,30.5 27.7,,助手,,快操,H,30.5 27.7 (58.2) (助手)
H338,11/04/2026,踱步,沙田,內圈,沙田 內圈,,,,,,助手,,快踱一圈,H,內圈 快踱一圈 (助手)
H338,10/04/2026,馬匹跑步機,沙田,,沙田,,,,,,,,馬匹跑步機 - 步行,,馬匹跑步機 - 步行
H338,10/04/2026,踱步,沙田,內圈,沙田 內圈,,,,,,助手,,快踱一圈,H,內圈 快踱一圈 (助手)
H338,09/04/2026,踱步,沙田,內圈,沙田 內圈,,,,,,助手,,倒快一圈,H,內圈 倒快一圈 (助手)
H338,08/04/2026,馬匹跑步機,沙田,,沙田,,,,,,上斜,,馬匹跑步機 - 踱步,,馬匹跑步機 - 踱步 （上斜）
H338,07/04/2026,馬匹跑步機,沙田,,沙田,,,,,,上斜,,馬匹跑步機 - 步行,,馬匹跑步機 - 步行 （上斜）
H338,06/04/2026,出賽,沙田,草地,沙田 草地,1400M,,,,,布文,1/10,出賽,,1400M (布文) (1/10)
H338,05/04/2026,踱步,沙田,內圈,沙田 內圈,,,,,,助手,,快踱一圈,H,內圈 快踱一圈 (助手)
H338,04/04/2026,踱步,沙田,內圈,沙田 內圈,,,,,,助手,,快踱一圈,H,內圈 快踱一圈 (助手)
H338,03/04/2026,馬匹跑步機,沙田,,沙田,,,,,,上斜,,馬匹跑步機 - 步行,,馬匹跑步機 - 步行 （上斜）
H338,03/04/2026,快操,沙田,全天候,沙田 全天候,,57.7,57.7,30.3 27.4,,助手,,快操,H,30.3 27.4 (57.7) (助手)
H338,02/04/2026,踱步,沙田,內圈,沙田 內圈,,,,,,助手,,倒快一圈,H,內圈 倒快一圈 (助手)
H338,01/04/2026,馬匹跑步機,沙田,,沙田,,,,,,上斜,,馬匹跑步機 - 步行,,馬匹跑步機 - 步行 （上斜）
H338,31/03/2026,踱步,沙田,內圈,沙田 內圈,,,,,,助手,,快踱一圈,H,內圈 快踱一圈 (助手)
H338,30/03/2026,快操,沙田,全天候,沙田 全天候,,57.7,57.7,29.9 27.8,,助手,,快操,H,29.9 27.8 (57.7) (助手)
H338,29/03/2026,踱步,沙田,內圈,沙田 內圈,,,,,,助手,,快踱一圈,H,內圈 快踱一圈 (助手)
H338,28/03/2026,踱步,沙田,外圈,沙田 外圈,,,,,,助手,,快踱一圈,H,外圈 快踱一圈 (助手)
H338,27/03/2026,馬匹跑步機,沙田,,沙田,,,,,,上斜,,馬匹跑步機 - 步行,,馬匹跑步機 - 步行 （上斜）
H338,27/03/2026,踱步,沙田,內圈,沙田 內圈,,,,,,助手,,快踱一圈,H,內圈 快踱一圈 (助手)
H338,26/03/2026,踱步,沙田,內圈,沙田 內圈,,,,,,助手,,倒快一圈,H,內圈 倒快一圈 (助手)
H338,25/03/2026,踱步,沙田,內圈,沙田 內圈,,,,,,助手,,快踱一圈,H,內圈 快踱一圈 (助手)
H338,24/03/2026,馬匹跑步機,沙田,,沙田,,,,,,上斜,,馬匹跑步機 - 踱步,,馬匹跑步機 - 踱步 （上斜）
H338,23/03/2026,馬匹跑步機,沙田,,沙田,,,,,,上斜,,馬匹跑步機 - 步行,,馬匹跑步機 - 步行 （上斜）
H338,22/03/2026,出賽,沙田,草地,沙田 草地,1400M,,,,,潘頓,11/14,出賽,,1400M (潘頓) (11/14)
H338,21/03/2026,馬匹跑步機,沙田,,沙田,,,,,,上斜,,馬匹跑步機 - 步行,,馬匹跑步機 - 步行 （上斜）
H338,21/03/2026,踱步,沙田,內圈,沙田 內圈,,,,,,助手,,快踱一圈,H,內圈 快踱一圈 (助手)
H338,20/03/2026,踱步,沙田,內圈,沙田 內圈,,,,,,助手,,快踱一圈,H,內圈 快踱一圈 (助手)
H338,19/03/2026,踱步,沙田,內圈,沙田 內圈,,,,,,助手,,倒快一圈,H,內圈 倒快一圈 (助手)
H338,18/03/2026,馬匹跑步機,沙田,,沙田,,,,,,上斜,,馬匹跑步機 - 步行,,馬匹跑步機 - 步行 （上斜）
H338,18/03/2026,快操,沙田,全天候,沙田 全天候,,52.9,52.9,28.6 24.3,,潘頓,,快操,H,28.6 24.3 (52.9) (潘頓)
H338,17/03/2026,踱步,沙田,內圈,沙田 內圈,,,,,,助手,,快踱一圈,H,內圈 快踱一圈 (助手)
H338,16/03/2026,馬匹跑步機,沙田,,沙田,,,,,,,,馬匹跑步機 - 步行,,馬匹跑步機 - 步行
H338,16/03/2026,踱步,沙田,內圈,沙田 內圈,,,,,,助手,,倒快一圈,H,內圈 倒快一圈 (助手)
H338,15/03/2026,游水,沙田,,沙田,,,,,,,,游水,,
H338,15/03/2026,快操,沙田,全天候,沙田 全天候,,55.8,55.8,29.6 26.2,,助手,,快操,H,29.6 26.2 (55.8) (助手)
H338,14/03/2026,馬匹跑步機,沙田,,沙田,,,,,,上斜,,馬匹跑步機 - 步行,,馬匹跑步機 - 步行 （上斜）
H338,14/03/2026,踱步,沙田,內圈,沙田 內圈,,,,,,助手,,快踱一圈,H,內圈 快踱一圈 (助手)
H338,13/03/2026,游水,沙田,,沙田,,,,,,,,游水,,
H338,13/03/2026,踱步,沙田,內圈,沙田 內圈,,,,,,助手,,快踱一圈,H,內圈 快踱一圈 (助手)
H338,12/03/2026,游水,沙田,,沙田,,,,,,,,游水,,
H338,12/03/2026,踱步,沙田,內圈,沙田 內圈,,,,,,助手,,倒快一圈,H,內圈 倒快一圈 (助手)
H338,11/03/2026,游水,沙田,,沙田,,,,,,,,游水,,
H338,11/03/2026,快操,沙田,全天候,沙田 全天候,,55.4,55.4,30.6 24.8,,副練馬師,,快操,H,30.6 24.8 (55.4) (副練馬師)
H338,10/03/2026,游水,沙田,,沙田,,,,,,,,游水,,
H338,10/03/2026,踱步,沙田,內圈,沙田 內圈,,,,,,助手,,快踱一圈,H,內圈 快踱一圈 (助手)
H338,09/03/2026,游水,沙田,,沙田,,,,,,,,游水,,
H338,09/03/2026,踱步,沙田,外圈,沙田 外圈,,,,,,助手,,快踱一圈,H,外圈 快踱一圈 (助手)
H338,08/03/2026,游水,沙田,,沙田,,,,,,,,游水,,
H338,08/03/2026,踱步,沙田,內圈,沙田 內圈,,,,,,助手,,快踱一圈,H,內圈 快踱一圈 (助手)
H338,07/03/2026,游水,沙田,,沙田,,,,,,,,游水,,
H338,07/03/2026,踱步,沙田,內圈,沙田 內圈,,,,,,助手,,快踱一圈,H,內圈 快踱一圈 (助手)
H338,06/03/2026,游水,沙田,,沙田,,,,,,,,游水,,
H338,06/03/2026,快操,沙田,全天候,沙田 全天候,,59.7,59.7,32.2 27.5,,助手,,快操,H,32.2 27.5 (59.7) (助手)
H338,05/03/2026,游水,沙田,,沙田,,,,,,,,游水,,
H338,05/03/2026,踱步,沙田,內圈,沙田 內圈,,,,,,助手,,倒快一圈,H,內圈 倒快一圈 (助手)
H338,04/03/2026,游水,沙田,,沙田,,,,,,,,游水,,
H338,04/03/2026,踱步,沙田,內圈,沙田 內圈,,,,,,助手,,快踱一圈,H,內圈 快踱一圈 (助手)
H338,03/03/2026,馬匹跑步機,沙田,,沙田,,,,,,上斜,,馬匹跑步機 - 踱步,,馬匹跑步機 - 踱步 （上斜）
H338,03/03/2026,游水,沙田,,沙田,,,,,,,,游水,,
H338,02/03/2026,馬匹跑步機,沙田,,沙田,,,,,,上斜,,馬匹跑步機 - 步行,,馬匹跑步機 - 步行 （上斜）
H338,01/03/2026,出賽,沙田,草地,沙田 草地,1400M,,,,,潘頓,3/11,出賽,,1400M (潘頓) (3/11)
H338,28/02/2026,游水,沙田,,沙田,,,,,,,,游水,,
H338,28/02/2026,踱步,沙田,內圈,沙田 內圈,,,,,,助手,,快踱一圈,H,內圈 快踱一圈 (助手)
H338,27/02/2026,游水,沙田,,沙田,,,,,,,,游水,,
H338,27/02/2026,踱步,沙田,內圈,沙田 內圈,,,,,,助手,,快踱一圈,H,內圈 快踱一圈 (助手)
H338,26/02/2026,游水,沙田,,沙田,,,,,,,,游水,,
H338,26/02/2026,踱步,沙田,內圈,沙田 內圈,,,,,,助手,,倒快一圈,H,內圈 倒快一圈 (助手)
H338,25/02/2026,游水,沙田,,沙田,,,,,,,,游水,,
H338,25/02/2026,快操,沙田,全天候,沙田 全天候,,54.2,54.2,28.9 25.3,,潘頓,,快操,H,28.9 25.3 (54.2) (潘頓)
H338,24/02/2026,游水,沙田,,沙田,,,,,,,,游水,,
H338,24/02/2026,踱步,沙田,內圈,沙田 內圈,,,,,,副練馬師,,快踱一圈,H,內圈 快踱一圈 (副練馬師)
H338,23/02/2026,游水,沙田,,沙田,,,,,,,,游水,,
H338,23/02/2026,踱步,沙田,內圈,沙田 內圈,,,,,,助手,,倒快一圈,H,內圈 倒快一圈 (助手)
H338,22/02/2026,游水,沙田,,沙田,,,,,,,,游水,,
H338,22/02/2026,快操,沙田,全天候,沙田 全天候,,56.1,56.1,31.1 25.0,,副練馬師,,快操,H,31.1 25.0 (56.1) (副練馬師)
H338,21/02/2026,游水,沙田,,沙田,,,,,,,,游水,,
H338,21/02/2026,踱步,沙田,內圈,沙田 內圈,,,,,,助手,,快踱一圈,H,內圈 快踱一圈 (助手)
H338,20/02/2026,游水,沙田,,沙田,,,,,,,,游水,,
H338,20/02/2026,快操,沙田,全天候,沙田 全天候,,33.0,33.0,33.0,,助手,,快操,H,33.0 (33.0) (助手)
H338,19/02/2026,游水,沙田,,沙田,,,,,,,,游水,,
H338,19/02/2026,踱步,沙田,內圈,沙田 內圈,,,,,,助手,,倒快一圈,H,內圈 倒快一圈 (助手)
H338,18/02/2026,游水,沙田,,沙田,,,,,,,,游水,,
H338,18/02/2026,踱步,沙田,內圈,沙田 內圈,,,,,,助手,,快踱一圈,H,內圈 快踱一圈 (助手)
H338,16/02/2026,游水,沙田,,沙田,,,,,,,,游水,,
H338,15/02/2026,馬匹跑步機,沙田,,沙田,,,,,,上斜,,馬匹跑步機 - 步行,,馬匹跑步機 - 步行 （上斜）
H338,14/02/2026,出賽,沙田,草地,沙田 草地,1200M,,,,,田泰安,10/11,出賽,,1200M (田泰安) (10/11)
H338,13/02/2026,游水,沙田,,沙田,,,,,,,,游水,,
H338,13/02/2026,踱步,沙田,內圈,沙田 內圈,,,,,,助手,,快踱一圈,H,內圈 快踱一圈 (助手)
H338,12/02/2026,游水,沙田,,沙田,,,,,,,,游水,,
H338,12/02/2026,踱步,沙田,內圈,沙田 內圈,,,,,,助手,,倒快一圈,H,內圈 倒快一圈 (助手)
H338,11/02/2026,游水,沙田,,沙田,,,,,,,,游水,,
H338,11/02/2026,踱步,沙田,內圈,沙田 內圈,,,,,,助手,,快踱一圈,H,內圈 快踱一圈 (助手)
H338,10/02/2026,游水,沙田,,沙田,,,,,,,,游水,,
H338,10/02/2026,快操,沙田,全天候,沙田 全天候,,54.0,54.0,29.1 24.9,,田泰安,,快操,H,29.1 24.9 (54.0) (田泰安)
H338,09/02/2026,游水,沙田,,沙田,,,,,,,,游水,,
H338,09/02/2026,踱步,沙田,內圈,沙田 內圈,,,,,,助手,,倒快一圈,H,內圈 倒快一圈 (助手)
H338,08/02/2026,游水,沙田,,沙田,,,,,,,,游水,,
H338,08/02/2026,踱步,沙田,內圈,沙田 內圈,,,,,,助手,,快踱一圈,H,內圈 快踱一圈 (助手)
H338,07/02/2026,游水,沙田,,沙田,,,,,,,,游水,,
H338,07/02/2026,快操,沙田,全天候,沙田 全天候,,54.9,54.9,29.1 25.8,,田泰安,,快操,H,29.1 25.8 (54.9) (田泰安)
H338,06/02/2026,游水,沙田,,沙田,,,,,,,,游水,,
H338,06/02/2026,踱步,沙田,內圈,沙田 內圈,,,,,,助手,,快踱一圈,H,內圈 快踱一圈 (助手)
H338,05/02/2026,游水,沙田,,沙田,,,,,,,,游水,,
H338,05/02/2026,踱步,沙田,內圈,沙田 內圈,,,,,,助手,,倒快一圈,H,內圈 倒快一圈 (助手)
H338,04/02/2026,游水,沙田,,沙田,,,,,,,,游水,,
H338,04/02/2026,踱步,沙田,內圈,沙田 內圈,,,,,,助手,,快踱一圈,H,內圈 快踱一圈 (助手)
H338,03/02/2026,游水,沙田,,沙田,,,,,,,,游水,,
H338,03/02/2026,快操,沙田,全天候,沙田 全天候,,58.4,58.4,30.5 27.9,,田泰安,,快操,H,30.5 27.9 (58.4) (田泰安)
H338,02/02/2026,游水,沙田,,沙田,,,,,,,,游水,,
H338,02/02/2026,踱步,沙田,內圈,沙田 內圈,,,,,,助手,,倒快一圈,H,內圈 倒快一圈 (助手)
H338,01/02/2026,踱步,沙田,內圈,沙田 內圈,,,,,,助手,,快踱一圈,H,內圈 快踱一圈 (助手)
H338,31/01/2026,游水,沙田,,沙田,,,,,,,,游水,,
H338,31/01/2026,踱步,沙田,內圈,沙田 內圈,,,,,,助手,,快踱一圈,H,內圈 快踱一圈 (助手)
H338,30/01/2026,游水,沙田,,沙田,,,,,,,,游水,,
H338,30/01/2026,踱步,沙田,內圈,沙田 內圈,,,,,,助手,,快踱一圈,H,內圈 快踱一圈 (助手)
H338,29/01/2026,游水,沙田,,沙田,,,,,,,,游水,,
H338,29/01/2026,踱步,沙田,內圈,沙田 內圈,,,,,,助手,,倒快一圈,H,內圈 倒快一圈 (助手)
H338,28/01/2026,游水,沙田,,沙田,,,,,,,,游水,,
H338,28/01/2026,踱步,沙田,內圈,沙田 內圈,,,,,,助手,,快踱一圈,H,內圈 快踱一圈 (助手)
H338,27/01/2026,馬匹跑步機,沙田,,沙田,,,,,,上斜,,馬匹跑步機 - 步行,,馬匹跑步機 - 步行 （上斜）
H338,26/01/2026,馬匹跑步機,沙田,,沙田,,,,,,上斜,,馬匹跑步機 - 步行,,馬匹跑步機 - 步行 （上斜）
H338,25/01/2026,出賽,沙田,草地,沙田 草地,1200M,,,,,田泰安,8/11,出賽,B-,1200M (田泰安) (8/11)
H338,24/01/2026,游水,沙田,,沙田,,,,,,,,游水,,
H338,24/01/2026,踱步,沙田,內圈,沙田 內圈,,,,,,助手,,快踱一圈,H,內圈 快踱一圈 (助手)
H338,23/01/2026,游水,沙田,,沙田,,,,,,,,游水,,
H338,23/01/2026,踱步,沙田,內圈,沙田 內圈,,,,,,助手,,快踱一圈,H,內圈 快踱一圈 (助手)
H338,22/01/2026,游水,沙田,,沙田,,,,,,,,游水,,
H338,22/01/2026,踱步,沙田,內圈,沙田 內圈,,,,,,助手,,倒快一圈,H,內圈 倒快一圈 (助手)
H338,21/01/2026,游水,沙田,,沙田,,,,,,,,游水,,
H338,21/01/2026,快操,沙田,全天候,沙田 全天候,,54.5,54.5,28.8 25.7,,田泰安,,快操,H,28.8 25.7 (54.5) (田泰安)
H338,20/01/2026,游水,沙田,,沙田,,,,,,,,游水,,
H338,20/01/2026,踱步,沙田,內圈,沙田 內圈,,,,,,助手,,快踱一圈,H,內圈 快踱一圈 (助手)
H338,19/01/2026,游水,沙田,,沙田,,,,,,,,游水,,
H338,19/01/2026,踱步,沙田,外圈,沙田 外圈,,,,,,助手,,快踱一圈,H,外圈 快踱一圈 (助手)
H338,18/01/2026,游水,沙田,,沙田,,,,,,,,游水,,
H338,18/01/2026,踱步,沙田,內圈,沙田 內圈,,,,,,副練馬師,,快踱一圈,H,內圈 快踱一圈 (副練馬師)
H338,17/01/2026,游水,沙田,,沙田,,,,,,,,游水,,
H338,17/01/2026,踱步,沙田,內圈,沙田 內圈,,,,,,助手,,快踱一圈,H,內圈 快踱一圈 (助手)
H338,16/01/2026,游水,沙田,,沙田,,,,,,,,游水,,
H338,16/01/2026,踱步,沙田,內圈,沙田 內圈,,,,,,助手,,快踱一圈,H,內圈 快踱一圈 (助手)
H338,15/01/2026,快操,沙田,草地,沙田 草地,,50.9,50.9,28.9 22.0,,田泰安,,渡月橋,H,28.9 22.0 (50.9) (田泰安) 渡月橋
H338,14/01/2026,游水,沙田,,沙田,,,,,,,,游水,,
H338,14/01/2026,踱步,沙田,內圈,沙田 內圈,,,,,,助手,,快踱一圈,H,內圈 快踱一圈 (助手)
H338,13/01/2026,游水,沙田,,沙田,,,,,,,,游水,,
H338,13/01/2026,踱步,沙田,內圈,沙田 內圈,,,,,,助手,,快踱一圈,H,內圈 快踱一圈 (助手)
H338,12/01/2026,游水,沙田,,沙田,,,,,,,,游水,,
H338,12/01/2026,踱步,沙田,內圈,沙田 內圈,,,,,,助手,,倒快一圈,H,內圈 倒快一圈 (助手)
H338,11/01/2026,快操,沙田,全天候,沙田 全天候,,54.9,54.9,28.9 26.0,,副練馬師,,快操,H,28.9 26.0 (54.9) (副練馬師)
H338,10/01/2026,游水,沙田,,沙田,,,,,,,,游水,,
H338,10/01/2026,踱步,沙田,內圈,沙田 內圈,,,,,,助手,,快踱一圈,H,內圈 快踱一圈 (助手)
H338,09/01/2026,游水,沙田,,沙田,,,,,,,,游水,,
H338,09/01/2026,踱步,沙田,內圈,沙田 內圈,,,,,,助手,,快踱一圈,H,內圈 快踱一圈 (助手)
H338,08/01/2026,游水,沙田,,沙田,,,,,,,,游水,,
H338,08/01/2026,踱步,沙田,內圈,沙田 內圈,,,,,,助手,,倒快一圈,H,內圈 倒快一圈 (助手)
H338,07/01/2026,快操,沙田,全天候,沙田 全天候,,55.8,55.8,30.2 25.6,,副練馬師,,快操,H,30.2 25.6 (55.8) (副練馬師)
H338,06/01/2026,游水,沙田,,沙田,,,,,,,,游水,,
H338,06/01/2026,踱步,沙田,內圈,沙田 內圈,,,,,,副練馬師,,快踱一圈,H,內圈 快踱一圈 (副練馬師)
H338,05/01/2026,游水,沙田,,沙田,,,,,,,,游水,,
H338,05/01/2026,踱步,沙田,內圈,沙田 內圈,,,,,,助手,,倒快一圈,H,內圈 倒快一圈 (助手)
H338,04/01/2026,快操,沙田,全天候,沙田 全天候,,54.4,54.4,30.7 23.7,,副練馬師,,快操,H,30.7 23.7 (54.4) (副練馬師)
H338,03/01/2026,游水,沙田,,沙田,,,,,,,,游水,,
H338,03/01/2026,踱步,沙田,內圈,沙田 內圈,,,,,,助手,,快踱一圈,H,內圈 快踱一圈 (助手)
H338,02/01/2026,游水,沙田,,沙田,,,,,,,,游水,,
H338,02/01/2026,踱步,沙田,內圈,沙田 內圈,,,,,,助手,,快踱一圈,H,內圈 快踱一圈 (助手)
H338,01/01/2026,游水,沙田,,沙田,,,,,,,,游水,,
H338,01/01/2026,踱步,沙田,內圈,沙田 內圈,,,,,,助手,,倒快一圈,H,內圈 倒快一圈 (助手)
H338,31/12/2025,游水,沙田,,沙田,,,,,,,,游水,,
H338,31/12/2025,快操,沙田,全天候,沙田 全天候,,54.1,54.1,28.9 25.2,,田泰安,,快操,H,28.9 25.2 (54.1) (田泰安)
H338,30/12/2025,游水,沙田,,沙田,,,,,,,,游水,,
H338,30/12/2025,踱步,沙田,內圈,沙田 內圈,,,,,,助手,,快踱一圈,H,內圈 快踱一圈 (助手)
H338,29/12/2025,游水,沙田,,沙田,,,,,,,,游水,,
H338,29/12/2025,踱步,沙田,內圈,沙田 內圈,,,,,,助手,,倒快一圈,H,內圈 倒快一圈 (助手)
H338,28/12/2025,游水,沙田,,沙田,,,,,,,,游水,,
H338,28/12/2025,快操,沙田,全天候,沙田 全天候,,55.5,55.5,29.9 25.6,,副練馬師,,快操,H,29.9 25.6 (55.5) (副練馬師)
H338,27/12/2025,游水,沙田,,沙田,,,,,,,,游水,,
H338,27/12/2025,踱步,沙田,內圈,沙田 內圈,,,,,,副練馬師,,快踱一圈,H,內圈 快踱一圈 (副練馬師)
H338,26/12/2025,游水,沙田,,沙田,,,,,,,,游水,,
H338,26/12/2025,踱步,沙田,內圈,沙田 內圈,,,,,,副練馬師,,快踱一圈,H,內圈 快踱一圈 (副練馬師)
H338,25/12/2025,游水,沙田,,沙田,,,,,,,,游水,,
H338,25/12/2025,快操,沙田,全天候,沙田 全天候,,31.8,31.8,31.8,,副練馬師,,快操,H,31.8 (31.8) (副練馬師)
H338,24/12/2025,游水,沙田,,沙田,,,,,,,,游水,,
H338,24/12/2025,踱步,沙田,內圈,沙田 內圈,,,,,,副練馬師,,快踱一圈,H,內圈 快踱一圈 (副練馬師)
H338,23/12/2025,游水,沙田,,沙田,,,,,,,,游水,,
H338,23/12/2025,踱步,沙田,內圈,沙田 內圈,,,,,,助手,,快踱一圈,H,內圈 快踱一圈 (助手)
H338,22/12/2025,馬匹跑步機,沙田,,沙田,,,,,,上斜,,馬匹跑步機 - 步行,,馬匹跑步機 - 步行 （上斜）
H338,20/12/2025,出賽,沙田,草地,沙田 草地,1200M,,,,,田泰安,10/11,出賽,B,1200M (田泰安) (10/11)
H338,19/12/2025,游水,沙田,,沙田,,,,,,,,游水,,
H338,19/12/2025,踱步,沙田,內圈,沙田 內圈,,,,,,副練馬師,,快踱一圈,H,內圈 快踱一圈 (副練馬師)
H338,18/12/2025,游水,沙田,,沙田,,,,,,,,游水,,
H338,18/12/2025,踱步,沙田,內圈,沙田 內圈,,,,,,助手,,倒快一圈,H,內圈 倒快一圈 (助手)
H338,17/12/2025,游水,沙田,,沙田,,,,,,,,游水,,
H338,17/12/2025,踱步,沙田,內圈,沙田 內圈,,,,,,副練馬師,,快踱一圈,H,內圈 快踱一圈 (副練馬師)
H338,16/12/2025,游水,沙田,,沙田,,,,,,,,游水,,
H338,16/12/2025,踱步,沙田,內圈,沙田 內圈,,,,,,副練馬師,,快踱一圈,H,內圈 快踱一圈 (副練馬師)
H338,15/12/2025,快操,沙田,草地,沙田 草地,,23.7,23.7,23.7,,副練馬師,,快操,H,23.7 (23.7) (副練馬師)
H338,14/12/2025,游水,沙田,,沙田,,,,,,,,游水,,
H338,14/12/2025,踱步,沙田,外圈,沙田 外圈,,,,,,副練馬師,,快踱一圈,H,外圈 快踱一圈 (副練馬師)
H338,13/12/2025,馬匹跑步機,沙田,,沙田,,,,,,上斜,,馬匹跑步機 - 步行,,馬匹跑步機 - 步行 （上斜）
H338,13/12/2025,踱步,沙田,內圈,沙田 內圈,,,,,,副練馬師,,快踱一圈,H,內圈 快踱一圈 (副練馬師)
H338,12/12/2025,游水,沙田,,沙田,,,,,,,,游水,,
H338,12/12/2025,踱步,沙田,內圈,沙田 內圈,,,,,,助手,,快踱一圈,H,內圈 快踱一圈 (助手)
H338,11/12/2025,游水,沙田,,沙田,,,,,,,,游水,,
H338,11/12/2025,快操,沙田,全天候,沙田 全天候,,56.1,56.1,30.2 25.9,,田泰安,,快操,H,30.2 25.9 (56.1) (田泰安)
H338,10/12/2025,游水,沙田,,沙田,,,,,,,,游水,,
H338,10/12/2025,踱步,沙田,外圈,沙田 外圈,,,,,,田泰安,,快踱一圈,H,外圈 快踱一圈 (田泰安)
H338,09/12/2025,游水,沙田,,沙田,,,,,,,,游水,,
H338,09/12/2025,踱步,沙田,內圈,沙田 內圈,,,,,,副練馬師,,快踱一圈,H,內圈 快踱一圈 (副練馬師)
H338,08/12/2025,馬匹跑步機,沙田,,沙田,,,,,,上斜,,馬匹跑步機 - 步行,,馬匹跑步機 - 步行 （上斜）
H338,08/12/2025,踱步,沙田,內圈,沙田 內圈,,,,,,助手,,倒快一圈,H,內圈 倒快一圈 (助手)
H338,07/12/2025,游水,沙田,,沙田,,,,,,,,游水,,
H338,07/12/2025,踱步,沙田,內圈,沙田 內圈,,,,,,助手,,快踱一圈,H,內圈 快踱一圈 (助手)
H338,06/12/2025,快操,沙田,全天候,沙田 全天候,,53.2,53.2,29.3 23.9,,田泰安,,快操,H,29.3 23.9 (53.2) (田泰安)
H338,05/12/2025,游水,沙田,,沙田,,,,,,,,游水,,
H338,05/12/2025,踱步,沙田,內圈,沙田 內圈,,,,,,助手,,快踱一圈,H,內圈 快踱一圈 (助手)
H338,04/12/2025,馬匹跑步機,沙田,,沙田,,,,,,上斜,,馬匹跑步機 - 步行,,馬匹跑步機 - 步行 （上斜）
H338,04/12/2025,踱步,沙田,內圈,沙田 內圈,,,,,,副練馬師,,倒快一圈,H,內圈 倒快一圈 (副練馬師)
H338,03/12/2025,游水,沙田,,沙田,,,,,,,,游水,,
H338,03/12/2025,踱步,沙田,內圈,沙田 內圈,,,,,,副練馬師,,快踱一圈,H,內圈 快踱一圈 (副練馬師)
H338,02/12/2025,快操,沙田,全天候,沙田 全天候,,55.7,55.7,29.9 25.8,,田泰安,,快操,H,29.9 25.8 (55.7) (田泰安)
H338,01/12/2025,游水,沙田,,沙田,,,,,,,,游水,,
H338,01/12/2025,踱步,沙田,外圈,沙田 外圈,,,,,,副練馬師,,快踱一圈,H,外圈 快踱一圈 (副練馬師)
H338,30/11/2025,游水,沙田,,沙田,,,,,,,,游水,,
H338,30/11/2025,踱步,沙田,內圈,沙田 內圈,,,,,,副練馬師,,快踱一圈,H,內圈 快踱一圈 (副練馬師)
H338,29/11/2025,馬匹跑步機,沙田,,沙田,,,,,,上斜,,馬匹跑步機 - 步行,,馬匹跑步機 - 步行 （上斜）
H338,29/11/2025,踱步,沙田,內圈,沙田 內圈,,,,,,助手,,快踱一圈,H,內圈 快踱一圈 (助手)
H338,28/11/2025,游水,沙田,,沙田,,,,,,,,游水,,
H338,28/11/2025,踱步,沙田,內圈,沙田 內圈,,,,,,助手,,快踱一圈,H,內圈 快踱一圈 (助手)
H338,27/11/2025,游水,沙田,,沙田,,,,,,,,游水,,
H338,27/11/2025,快操,沙田,全天候,沙田 全天候,,55.1,55.1,30.0 25.1,,田泰安,,快操,H,30.0 25.1 (55.1) (田泰安)
H338,26/11/2025,馬匹跑步機,沙田,,沙田,,,,,,上斜,,馬匹跑步機 - 步行,,馬匹跑步機 - 步行 （上斜）
H338,26/11/2025,踱步,沙田,內圈,沙田 內圈,,,,,,副練馬師,,快踱一圈,H,內圈 快踱一圈 (副練馬師)
H338,25/11/2025,游水,沙田,,沙田,,,,,,,,游水,,
H338,25/11/2025,踱步,沙田,內圈,沙田 內圈,,,,,,副練馬師,,快踱一圈,H,內圈 快踱一圈 (副練馬師)
H338,24/11/2025,馬匹跑步機,沙田,,沙田,,,,,,上斜,,馬匹跑步機 - 步行,,馬匹跑步機 - 步行 （上斜）
H338,24/11/2025,快操,沙田,全天候,沙田 全天候,,56.5,56.5,29.5 27.0,,田泰安,,快操,H,29.5 27.0 (56.5) (田泰安)
H338,23/11/2025,游水,沙田,,沙田,,,,,,,,游水,,
H338,23/11/2025,踱步,沙田,內圈,沙田 內圈,,,,,,副練馬師,,快踱一圈,H,內圈 快踱一圈 (副練馬師)
H338,22/11/2025,游水,沙田,,沙田,,,,,,,,游水,,
H338,22/11/2025,踱步,沙田,內圈,沙田 內圈,,,,,,副練馬師,,快踱一圈,H,內圈 快踱一圈 (副練馬師)
H338,21/11/2025,游水,沙田,,沙田,,,,,,,,游水,,
H338,21/11/2025,踱步,沙田,內圈,沙田 內圈,,,,,,助手,,快踱一圈,H,內圈 快踱一圈 (助手)
H338,20/11/2025,馬匹跑步機,沙田,,沙田,,,,,,上斜,,馬匹跑步機 - 步行,,馬匹跑步機 - 步行 （上斜）
H338,20/11/2025,快操,沙田,全天候,沙田 全天候,,31.1,31.1,31.1,,副練馬師,,快操,H,31.1 (31.1) (副練馬師)
H338,19/11/2025,游水,沙田,,沙田,,,,,,,,游水,,
H338,19/11/2025,踱步,沙田,內圈,沙田 內圈,,,,,,助手,,快踱一圈,H,內圈 快踱一圈 (助手)
H338,18/11/2025,馬匹跑步機,沙田,,沙田,,,,,,上斜,,馬匹跑步機 - 步行,,馬匹跑步機 - 步行 （上斜）
H338,18/11/2025,踱步,沙田,內圈,沙田 內圈,,,,,,助手,,快踱一圈,H,內圈 快踱一圈 (助手)
H338,17/11/2025,游水,沙田,,沙田,,,,,,,,游水,,
H338,17/11/2025,踱步,沙田,外圈,沙田 外圈,,,,,,田泰安,,快踱一圈,H,外圈 快踱一圈 (田泰安)
H338,16/11/2025,馬匹跑步機,沙田,,沙田,,,,,,上斜,,馬匹跑步機 - 步行,,馬匹跑步機 - 步行 （上斜）
H338,16/11/2025,踱步,沙田,內圈,沙田 內圈,,,,,,副練馬師,,快踱一圈,H,內圈 快踱一圈 (副練馬師)
H338,15/11/2025,游水,沙田,,沙田,,,,,,,,游水,,
H338,15/11/2025,踱步,沙田,內圈,沙田 內圈,,,,,,助手,,快踱一圈,H,內圈 快踱一圈 (助手)
H338,14/11/2025,游水,沙田,,沙田,,,,,,,,游水,,
H338,14/11/2025,踱步,沙田,內圈,沙田 內圈,,,,,,助手,,快踱一圈,H,內圈 快踱一圈 (助手)
H338,13/11/2025,游水,沙田,,沙田,,,,,,,,游水,,
H338,09/11/2025,出賽,沙田,草地,沙田 草地,1400M,,,,,黃寶妮,13/14,出賽,B,1400M (黃寶妮) (13/14)
H338,09/11/2025,踱步,沙田,飛機場,沙田 飛機場,,,,,,助手,,踱步,H,飛機場 踱步 (助手)
H338,08/11/2025,游水,沙田,,沙田,,,,,,,,游水,,
H338,08/11/2025,踱步,沙田,內圈,沙田 內圈,,,,,,助手,,快踱一圈,H,內圈 快踱一圈 (助手)
H338,07/11/2025,游水,沙田,,沙田,,,,,,,,游水,,
H338,07/11/2025,踱步,沙田,外圈,沙田 外圈,,,,,,助手,,快踱一圈,H,外圈 快踱一圈 (助手)
H338,06/11/2025,游水,沙田,,沙田,,,,,,,,游水,,
H338,06/11/2025,快操,沙田,草閘,沙田 草閘,,53.7,53.7,29.3 24.4,,黃寶妮,,年年豐裕,H,29.3 24.4 (53.7) (黃寶妮) 年年豐裕
H338,06/11/2025,踱步,沙田,飛機場,沙田 飛機場,,,,,,助手,,踱步,H,飛機場 踱步 (助手)
H338,05/11/2025,游水,沙田,,沙田,,,,,,,,游水,,
H338,05/11/2025,踱步,沙田,內圈,沙田 內圈,,,,,,助手,,快踱一圈,H,內圈 快踱一圈 (助手)
H338,04/11/2025,游水,沙田,,沙田,,,,,,,,游水,,
H338,04/11/2025,踱步,沙田,內圈,沙田 內圈,,,,,,助手,,快踱一圈,H,內圈 快踱一圈 (助手)
H338,03/11/2025,游水,沙田,,沙田,,,,,,,,游水,,
H338,03/11/2025,快操,沙田,全天候,沙田 全天候,,56.1,56.1,31.1 25.0,,黃寶妮,,快操,H,31.1 25.0 (56.1) (黃寶妮)
H338,03/11/2025,踱步,沙田,飛機場,沙田 飛機場,,,,,,助手,,踱步,H,飛機場 踱步 (助手)
H338,02/11/2025,游水,沙田,,沙田,,,,,,,,游水,,
H338,01/11/2025,游水,沙田,,沙田,,,,,,,,游水,,
H338,01/11/2025,踱步,沙田,內圈,沙田 內圈,,,,,,助手,,快踱一圈,H,內圈 快踱一圈 (助手)
H338,31/10/2025,游水,沙田,,沙田,,,,,,,,游水,,
H338,31/10/2025,踱步,沙田,內圈,沙田 內圈,,,,,,助手,,快踱一圈,H,內圈 快踱一圈 (助手)
H338,30/10/2025,游水,沙田,,沙田,,,,,,,,游水,,
H338,30/10/2025,踱步,沙田,飛機場,沙田 飛機場,,,,,,助手,,踱步,H,飛機場 踱步 (助手)
H338,29/10/2025,游水,沙田,,沙田,,,,,,,,游水,,
H338,28/10/2025,游水,沙田,,沙田,,,,,,,,游水,,
H338,26/10/2025,出賽,沙田,草地,沙田 草地,1200M,,,,,田泰安,10/14,出賽,B1,1200M (田泰安) (10/14)
H338,26/10/2025,踱步,沙田,飛機場,沙田 飛機場,,,,,,助手,,踱步,H,飛機場 踱步 (助手)
H338,25/10/2025,游水,沙田,,沙田,,,,,,,,游水,,
H338,25/10/2025,踱步,沙田,外圈,沙田 外圈,,,,,,助手,,快踱一圈,H,外圈 快踱一圈 (助手)
H338,24/10/2025,游水,沙田,,沙田,,,,,,,,游水,,
H338,24/10/2025,踱步,沙田,內圈,沙田 內圈,,,,,,助手,,快踱一圈,H,內圈 快踱一圈 (助手)
H338,23/10/2025,游水,沙田,,沙田,,,,,,,,游水,,
H338,23/10/2025,踱步,沙田,內圈,沙田 內圈,,,,,,助手,,倒快兩圈,H,內圈 倒快兩圈 (助手)
H338,22/10/2025,游水,沙田,,沙田,,,,,,,,游水,,
H338,22/10/2025,踱步,沙田,內圈,沙田 內圈,,,,,,助手,,快踱一圈,H,內圈 快踱一圈 (助手)
H338,21/10/2025,游水,沙田,,沙田,,,,,,,,游水,,
H338,21/10/2025,踱步,沙田,內圈,沙田 內圈,,,,,,助手,,快踱一圈,H,內圈 快踱一圈 (助手)
H338,20/10/2025,游水,沙田,,沙田,,,,,,,,游水,,
H338,20/10/2025,踱步,沙田,內圈,沙田 內圈,,,,,,助手,,倒快兩圈,H,內圈 倒快兩圈 (助手)
H338,19/10/2025,游水,沙田,,沙田,,,,,,,,游水,,
H338,19/10/2025,踱步,沙田,內圈,沙田 內圈,,,,,,助手,,快踱一圈,H,內圈 快踱一圈 (助手)
H338,18/10/2025,游水,沙田,,沙田,,,,,,,,游水,,
H338,17/10/2025,試閘,沙田,全天候,沙田 全天候,1200M,1.12.26,72.26,25.7 23.4 23.1,一定超,田泰安,,第1組,B,第1組 (田泰安) 1200M 一定超 25.7 23.4 23.1 (1.12.26)
H338,17/10/2025,踱步,沙田,飛機場,沙田 飛機場,,,,,,助手,,踱步,H,飛機場 踱步 (助手)
H338,16/10/2025,游水,沙田,,沙田,,,,,,,,游水,,
H338,16/10/2025,踱步,沙田,內圈,沙田 內圈,,,,,,助手,,倒快兩圈,H,內圈 倒快兩圈 (助手)
H338,15/10/2025,游水,沙田,,沙田,,,,,,,,游水,,
H338,15/10/2025,踱步,沙田,內圈,沙田 內圈,,,,,,助手,,快踱一圈,H,內圈 快踱一圈 (助手)
H338,14/10/2025,游水,沙田,,沙田,,,,,,,,游水,,
H338,14/10/2025,快操,沙田,全天候,沙田 全天候,,52.6,52.6,28.3 24.3,,助手,,快操,H,28.3 24.3 (52.6) (助手)
H338,14/10/2025,踱步,沙田,飛機場,沙田 飛機場,,,,,,助手,,踱步,H,飛機場 踱步 (助手)
H338,13/10/2025,游水,沙田,,沙田,,,,,,,,游水,,
H338,13/10/2025,踱步,沙田,內圈,沙田 內圈,,,,,,助手,,倒快一圈,H,內圈 倒快一圈 (助手)
H338,12/10/2025,游水,沙田,,沙田,,,,,,,,游水,,
H338,12/10/2025,踱步,沙田,內圈,沙田 內圈,,,,,,助手,,快踱一圈,H,內圈 快踱一圈 (助手)
H338,11/10/2025,游水,沙田,,沙田,,,,,,,,游水,,
H338,11/10/2025,踱步,沙田,內圈,沙田 內圈,,,,,,助手,,快踱一圈,H,內圈 快踱一圈 (助手)
H338,10/10/2025,游水,沙田,,沙田,,,,,,,,游水,,
H338,10/10/2025,踱步,沙田,內圈,沙田 內圈,,,,,,助手,,快踱一圈,H,內圈 快踱一圈 (助手)
H338,09/10/2025,游水,沙田,,沙田,,,,,,,,游水,,
H338,09/10/2025,踱步,沙田,內圈,沙田 內圈,,,,,,助手,,倒快兩圈,H,內圈 倒快兩圈 (助手)
H338,08/10/2025,游水,沙田,,沙田,,,,,,,,游水,,
H338,08/10/2025,踱步,沙田,內圈,沙田 內圈,,,,,,助手,,快踱一圈,H,內圈 快踱一圈 (助手)
H338,07/10/2025,游水,沙田,,沙田,,,,,,,,游水,,
H338,06/10/2025,試閘,沙田,全天候,沙田 全天候,1050M,1.02.55,62.55,16.9 23.1 22.5,飛來閃耀,田泰安,,第4組,B,第4組 (田泰安) 1050M 飛來閃耀 16.9 23.1 22.5 (1.02.55)
H338,06/10/2025,踱步,沙田,飛機場,沙田 飛機場,,,,,,助手,,踱步,H,飛機場 踱步 (助手)
H338,05/10/2025,游水,沙田,,沙田,,,,,,,,游水,,
H338,05/10/2025,踱步,沙田,內圈,沙田 內圈,,,,,,助手,,快踱一圈,H,內圈 快踱一圈 (助手)
H338,04/10/2025,游水,沙田,,沙田,,,,,,,,游水,,
H338,04/10/2025,踱步,沙田,內圈,沙田 內圈,,,,,,助手,,快踱一圈,H,內圈 快踱一圈 (助手)
H338,03/10/2025,游水,沙田,,沙田,,,,,,,,游水,,
H338,03/10/2025,快操,沙田,全天候,沙田 全天候,,57.4,57.4,31.5 25.9,,助手,,快操,H,31.5 25.9 (57.4) (助手)
H338,03/10/2025,踱步,沙田,飛機場,沙田 飛機場,,,,,,助手,,踱步,H,飛機場 踱步 (助手)
H338,02/10/2025,游水,沙田,,沙田,,,,,,,,游水,,
H338,02/10/2025,踱步,沙田,內圈,沙田 內圈,,,,,,助手,,倒快兩圈,H,內圈 倒快兩圈 (助手)
H338,01/10/2025,游水,沙田,,沙田,,,,,,,,游水,,
H338,01/10/2025,踱步,沙田,內圈,沙田 內圈,,,,,,助手,,快踱一圈,H,內圈 快踱一圈 (助手)
H338,30/09/2025,游水,沙田,,沙田,,,,,,,,游水,,
H338,30/09/2025,快操,沙田,全天候,沙田 全天候,,1.01.1,61.1,33.8 27.3,,助手,,快操,H,33.8 27.3 (1.01.1) (助手)
H338,30/09/2025,踱步,沙田,飛機場,沙田 飛機場,,,,,,助手,,踱步,H,飛機場 踱步 (助手)
H338,29/09/2025,游水,沙田,,沙田,,,,,,,,游水,,
H338,29/09/2025,踱步,沙田,內圈,沙田 內圈,,,,,,助手,,倒快兩圈,H,內圈 倒快兩圈 (助手)
H338,28/09/2025,游水,沙田,,沙田,,,,,,,,游水,,
H338,28/09/2025,踱步,沙田,內圈,沙田 內圈,,,,,,助手,,快踱一圈,H,內圈 快踱一圈 (助手)
H338,27/09/2025,游水,從化,,從化,,,,,,,,游水,,
H338,27/09/2025,踱步,從化,內圈,從化 內圈,,,,,,助手,,快踱兩圈,H,內圈 快踱兩圈 (助手)
H338,26/09/2025,快操,從化,全天候,從化 全天候,,28.2,28.2,28.2,,助手,,快操,H,28.2 (28.2) (助手)
H338,26/09/2025,踱步,從化,飛機場,從化 飛機場,,,,,,助手,,踱步,H,飛機場 踱步 (助手)
H338,25/09/2025,踱步,從化,內圈,從化 內圈,,,,,,助手,,倒快兩圈,H,內圈 倒快兩圈 (助手)
H338,23/09/2025,快操,從化,全天候,從化 全天候,,31.9,31.9,31.9,,助手,,快操,H,31.9 (31.9) (助手)
H338,23/09/2025,踱步,從化,飛機場,從化 飛機場,,,,,,助手,,踱步,H,飛機場 踱步 (助手)
H338,22/09/2025,踱步,從化,內圈,從化 內圈,,,,,,助手,,倒快兩圈,H,內圈 倒快兩圈 (助手)
H338,21/09/2025,踱步,從化,內圈,從化 內圈,,,,,,助手,,快踱一圈,H,內圈 快踱一圈 (助手)
H338,20/09/2025,踱步,從化,內圈,從化 內圈,,,,,,助手,,快踱兩圈,H,內圈 快踱兩圈 (助手)
H338,19/09/2025,踱步,從化,內圈,從化 內圈,,,,,,助手,,快踱兩圈,H,內圈 快踱兩圈 (助手)
H338,18/09/2025,踱步,從化,內圈,從化 內圈,,,,,,助手,,倒快一圈,H,內圈 倒快一圈 (助手)
H338,17/09/2025,踱步,從化,飛機場,從化 飛機場,,,,,,助手,,踱步,H,飛機場 踱步 (助手)
H338,16/09/2025,游水,從化,,從化,,,,,,,,游水,,
H338,16/09/2025,踱步,從化,飛機場,從化 飛機場,,,,,,助手,,踱步,H,飛機場 踱步 (助手)
H338,15/09/2025,踱步,從化,飛機場,從化 飛機場,,,,,,助手,,踱步,H,飛機場 踱步 (助手)
H338,06/09/2025,游水,從化,,從化,,,,,,,,游水,,
H338,05/09/2025,游水,從化,,從化,,,,,,,,游水,,
H338,05/09/2025,踱步,從化,內圈,從化 內圈,,,,,,助手,,快踱一圈,H,內圈 快踱一圈 (助手)
H338,04/09/2025,游水,從化,,從化,,,,,,,,游水,,
H338,04/09/2025,快操,從化,全天候,從化 全天候,,1.01.4,61.4,33.8 27.6,,副練馬師,,快操,H,33.8 27.6 (1.01.4) (副練馬師)
H338,04/09/2025,踱步,從化,飛機場,從化 飛機場,,,,,,副練馬師,,踱步,H,飛機場 踱步 (副練馬師)
H338,03/09/2025,游水,從化,,從化,,,,,,,,游水,,
H338,03/09/2025,踱步,從化,內圈,從化 內圈,,,,,,助手,,快踱一圈,H,內圈 快踱一圈 (助手)
H338,02/09/2025,游水,從化,,從化,,,,,,,,游水,,
H338,02/09/2025,踱步,從化,內圈,從化 內圈,,,,,,助手,,快踱一圈,H,內圈 快踱一圈 (助手)
H338,01/09/2025,游水,從化,,從化,,,,,,,,游水,,
H338,01/09/2025,踱步,從化,內圈,從化 內圈,,,,,,助手,,倒快一圈,H,內圈 倒快一圈 (助手)
H338,31/08/2025,游水,從化,,從化,,,,,,,,游水,,
H338,31/08/2025,踱步,從化,內圈,從化 內圈,,,,,,助手,,快踱一圈,H,內圈 快踱一圈 (助手)
H338,30/08/2025,游水,從化,,從化,,,,,,,,游水,,
H338,29/08/2025,試閘,從化,草地,從化 草地,1200M,1.10.29,70.29,24.4 22.1 23.7,文明福星,田泰安,,第8組,,第8組 (田泰安) 1200M 文明福星 24.4 22.1 23.7 (1.10.29)
H338,29/08/2025,踱步,從化,飛機場,從化 飛機場,,,,,,助手,,踱步,,飛機場 踱步 (助手)
H338,28/08/2025,游水,從化,,從化,,,,,,,,游水,,
H338,28/08/2025,踱步,從化,內圈,從化 內圈,,,,,,助手,,倒快一圈,H,內圈 倒快一圈 (助手)
H338,27/08/2025,游水,從化,,從化,,,,,,,,游水,,
H338,27/08/2025,踱步,從化,內圈,從化 內圈,,,,,,助手,,快踱一圈,H,內圈 快踱一圈 (助手)
H338,26/08/2025,游水,從化,,從化,,,,,,,,游水,,
H338,26/08/2025,踱步,從化,內圈,從化 內圈,,,,,,助手,,快踱一圈,H,內圈 快踱一圈 (助手)
H338,25/08/2025,游水,從化,,從化,,,,,,,,游水,,
H338,25/08/2025,快操,從化,全天候,從化 全天候,,1.00.7,60.7,33.8 26.9,,助手,,快操,H,33.8 26.9 (1.00.7) (助手)
H338,25/08/2025,踱步,從化,飛機場,從化 飛機場,,,,,,助手,,踱步,H,飛機場 踱步 (助手)
H338,24/08/2025,游水,從化,,從化,,,,,,,,游水,,
H338,23/08/2025,游水,從化,,從化,,,,,,,,游水,,
H338,23/08/2025,踱步,從化,內圈,從化 內圈,,,,,,助手,,快踱一圈,H,內圈 快踱一圈 (助手)
H338,22/08/2025,游水,從化,,從化,,,,,,,,游水,,
H338,22/08/2025,踱步,從化,內圈,從化 內圈,,,,,,助手,,快踱一圈,H,內圈 快踱一圈 (助手)
H338,21/08/2025,游水,從化,,從化,,,,,,,,游水,,
H338,21/08/2025,快操,從化,全天候,從化 全天候,,59.0,59.0,30.9 28.1,,助手,,快操,H,30.9 28.1 (59.0) (助手)
H338,21/08/2025,踱步,從化,飛機場,從化 飛機場,,,,,,助手,,踱步,H,飛機場 踱步 (助手)
H338,20/08/2025,游水,從化,,從化,,,,,,,,游水,,
H338,20/08/2025,踱步,從化,內圈,從化 內圈,,,,,,助手,,快踱一圈,H,內圈 快踱一圈 (助手)
H338,19/08/2025,游水,從化,,從化,,,,,,,,游水,,
H338,19/08/2025,踱步,從化,內圈,從化 內圈,,,,,,助手,,快踱一圈,H,內圈 快踱一圈 (助手)
H338,18/08/2025,游水,從化,,從化,,,,,,,,游水,,
H338,18/08/2025,快操,從化,全天候,從化 全天候,,27.8,27.8,27.8,,助手,,快操,H,27.8 (27.8) (助手)
H338,18/08/2025,踱步,從化,飛機場,從化 飛機場,,,,,,助手,,踱步,H,飛機場 踱步 (助手)
H338,17/08/2025,游水,從化,,從化,,,,,,,,游水,,
H338,16/08/2025,游水,從化,,從化,,,,,,,,游水,,
H338,16/08/2025,踱步,從化,內圈,從化 內圈,,,,,,助手,,快踱一圈,H,內圈 快踱一圈 (助手)
H338,15/08/2025,游水,從化,,從化,,,,,,,,游水,,
H338,15/08/2025,踱步,從化,內圈,從化 內圈,,,,,,助手,,快踱一圈,H,內圈 快踱一圈 (助手)
H338,14/08/2025,游水,從化,,從化,,,,,,,,游水,,
H338,14/08/2025,快操,從化,全天候,從化 全天候,,58.3,58.3,32.5 25.8,,助手,,快操,H,32.5 25.8 (58.3) (助手)
H338,14/08/2025,踱步,從化,飛機場,從化 飛機場,,,,,,助手,,踱步,H,飛機場 踱步 (助手)
H338,13/08/2025,游水,從化,,從化,,,,,,,,游水,,
H338,13/08/2025,踱步,從化,內圈,從化 內圈,,,,,,助手,,快踱一圈,H,內圈 快踱一圈 (助手)
H338,12/08/2025,游水,從化,,從化,,,,,,,,游水,,
H338,12/08/2025,踱步,從化,內圈,從化 內圈,,,,,,助手,,快踱一圈,H,內圈 快踱一圈 (助手)
H338,11/08/2025,游水,從化,,從化,,,,,,,,游水,,
H338,11/08/2025,快操,從化,全天候,從化 全天候,,29.4,29.4,29.4,,助手,,快操,H,29.4 (29.4) (助手)
H338,11/08/2025,踱步,從化,飛機場,從化 飛機場,,,,,,助手,,踱步,H,飛機場 踱步 (助手)
H338,10/08/2025,游水,從化,,從化,,,,,,,,游水,,
H338,09/08/2025,游水,從化,,從化,,,,,,,,游水,,
H338,09/08/2025,踱步,從化,內圈,從化 內圈,,,,,,副練馬師,,快踱一圈,H,內圈 快踱一圈 (副練馬師)
H338,08/08/2025,游水,從化,,從化,,,,,,,,游水,,
H338,08/08/2025,踱步,從化,內圈,從化 內圈,,,,,,助手,,快踱一圈,H,內圈 快踱一圈 (助手)
H338,07/08/2025,游水,從化,,從化,,,,,,,,游水,,
H338,07/08/2025,踱步,從化,外圈,從化 外圈,,,,,,助手,,快踱一圈,H,外圈 快踱一圈 (助手)
H338,06/08/2025,游水,從化,,從化,,,,,,,,游水,,
H338,06/08/2025,踱步,從化,內圈,從化 內圈,,,,,,助手,,快踱一圈,H,內圈 快踱一圈 (助手)
H338,05/08/2025,游水,從化,,從化,,,,,,,,游水,,
H338,05/08/2025,踱步,從化,內圈,從化 內圈,,,,,,助手,,快踱一圈,H,內圈 快踱一圈 (助手)
H338,04/08/2025,游水,從化,,從化,,,,,,,,游水,,
H338,04/08/2025,踱步,從化,內圈,從化 內圈,,,,,,助手,,倒快一圈,H,內圈 倒快一圈 (助手)
H338,03/08/2025,游水,從化,,從化,,,,,,,,游水,,
H338,03/08/2025,踱步,從化,內圈,從化 內圈,,,,,,助手,,快踱一圈,H,內圈 快踱一圈 (助手)
H338,02/08/2025,游水,從化,,從化,,,,,,,,游水,,
H338,02/08/2025,踱步,從化,內圈,從化 內圈,,,,,,助手,,快踱一圈,H,內圈 快踱一圈 (助手)
H338,01/08/2025,游水,從化,,從化,,,,,,,,游水,,
H338,01/08/2025,踱步,從化,內圈,從化 內圈,,,,,,助手,,快踱一圈,H,內圈 快踱一圈 (助手)
H338,31/07/2025,踱步,從化,內圈,從化 內圈,,,,,,助手,,快踱一圈,H,內圈 快踱一圈 (助手)
H338,30/07/2025,踱步,從化,飛機場,從化 飛機場,,,,,,助手,,踱步,H,飛機場 踱步 (助手)
H338,29/07/2025,踱步,從化,飛機場,從化 飛機場,,,,,,助手,,踱步,H,飛機場 踱步 (助手)
H338,28/07/2025,踱步,從化,飛機場,從化 飛機場,,,,,,助手,,踱步,H,飛機場 踱步 (助手)
H338,24/06/2025,游水,沙田,,沙田,,,,,,,,游水,,
H338,22/06/2025,出賽,沙田,草地,沙田 草地,1400M,,,,,田泰安,6/9,出賽,,1400M (田泰安) (6/9)
H338,22/06/2025,踱步,沙田,飛機場,沙田 飛機場,,,,,,助手,,踱步,H,飛機場 踱步 (助手)
H338,21/06/2025,游水,沙田,,沙田,,,,,,,,游水,,
H338,21/06/2025,踱步,沙田,內圈,沙田 內圈,,,,,,助手,,快踱一圈,H,內圈 快踱一圈 (助手)
H338,20/06/2025,游水,沙田,,沙田,,,,,,,,游水,,
H338,20/06/2025,踱步,沙田,內圈,沙田 內圈,,,,,,助手,,快踱一圈,H,內圈 快踱一圈 (助手)
H338,19/06/2025,游水,從化,,從化,,,,,,,,游水,,
H338,19/06/2025,快操,從化,全天候,從化 全天候,,57.9,57.9,32.2 25.7,,助手,,快操,H,32.2 25.7 (57.9) (助手)
H338,19/06/2025,踱步,從化,飛機場,從化 飛機場,,,,,,助手,,踱步,H,飛機場 踱步 (助手)
H338,18/06/2025,游水,從化,,從化,,,,,,,,游水,,
H338,18/06/2025,踱步,從化,內圈,從化 內圈,,,,,,助手,,快踱一圈,H,內圈 快踱一圈 (助手)
H338,17/06/2025,游水,從化,,從化,,,,,,,,游水,,
H338,17/06/2025,踱步,從化,內圈,從化 內圈,,,,,,助手,,快踱一圈,H,內圈 快踱一圈 (助手)
H338,16/06/2025,游水,從化,,從化,,,,,,,,游水,,
H338,16/06/2025,快操,從化,草地,從化 草地,,54.5,54.5,30.5 24.0,,助手,,快操,H,30.5 24.0 (54.5) (助手)
H338,16/06/2025,踱步,從化,飛機場,從化 飛機場,,,,,,助手,,踱步,H,飛機場 踱步 (助手)
H338,15/06/2025,游水,從化,,從化,,,,,,,,游水,,
H338,14/06/2025,游水,從化,,從化,,,,,,,,游水,,
H338,14/06/2025,踱步,從化,內圈,從化 內圈,,,,,,助手,,快踱一圈,H,內圈 快踱一圈 (助手)
H338,13/06/2025,游水,從化,,從化,,,,,,,,游水,,
H338,13/06/2025,踱步,從化,內圈,從化 內圈,,,,,,助手,,快踱一圈,H,內圈 快踱一圈 (助手)
H338,12/06/2025,游水,從化,,從化,,,,,,,,游水,,
H338,12/06/2025,快操,從化,全天候,從化 全天候,,58.6,58.6,32.1 26.5,,助手,,快操,H,32.1 26.5 (58.6) (助手)
H338,12/06/2025,踱步,從化,飛機場,從化 飛機場,,,,,,助手,,踱步,H,飛機場 踱步 (助手)
H338,11/06/2025,游水,從化,,從化,,,,,,,,游水,,
H338,11/06/2025,踱步,從化,內圈,從化 內圈,,,,,,助手,,快踱一圈,H,內圈 快踱一圈 (助手)
H338,10/06/2025,游水,從化,,從化,,,,,,,,游水,,
H338,10/06/2025,踱步,從化,內圈,從化 內圈,,,,,,助手,,快踱一圈,H,內圈 快踱一圈 (助手)
H338,09/06/2025,游水,從化,,從化,,,,,,,,游水,,
H338,09/06/2025,快操,從化,全天候,從化 全天候,,1.00.0,60.0,33.0 27.0,,助手,,快操,H,33.0 27.0 (1.00.0) (助手)
H338,09/06/2025,踱步,從化,飛機場,從化 飛機場,,,,,,助手,,踱步,H,飛機場 踱步 (助手)
H338,08/06/2025,游水,從化,,從化,,,,,,,,游水,,
H338,07/06/2025,游水,從化,,從化,,,,,,,,游水,,
H338,07/06/2025,踱步,從化,內圈,從化 內圈,,,,,,助手,,快踱一圈,H,內圈 快踱一圈 (助手)
H338,06/06/2025,游水,從化,,從化,,,,,,,,游水,,
H338,06/06/2025,踱步,從化,內圈,從化 內圈,,,,,,助手,,快踱一圈,H,內圈 快踱一圈 (助手)
H338,05/06/2025,游水,從化,,從化,,,,,,,,游水,,
H338,05/06/2025,踱步,從化,內圈,從化 內圈,,,,,,助手,,倒快一圈,H,內圈 倒快一圈 (助手)
H338,04/06/2025,踱步,沙田,飛機場,沙田 飛機場,,,,,,助手,,踱步,H,飛機場 踱步 (助手)
H338,03/06/2025,游水,沙田,,沙田,,,,,,,,游水,,
H338,02/06/2025,游水,沙田,,沙田,,,,,,,,游水,,
H338,31/05/2025,出賽,沙田,草地,沙田 草地,1200M,,,,,艾兆禮,9/11,出賽,,1200M (艾兆禮) (9/11)
H338,31/05/2025,踱步,沙田,飛機場,沙田 飛機場,,,,,,助手,,踱步,H,飛機場 踱步 (助手)
H338,30/05/2025,游水,沙田,,沙田,,,,,,,,游水,,
H338,30/05/2025,踱步,沙田,內圈,沙田 內圈,,,,,,助手,,快踱一圈,H,內圈 快踱一圈 (助手)
H338,29/05/2025,游水,沙田,,沙田,,,,,,,,游水,,
H338,29/05/2025,快操,沙田,全天候,沙田 全天候,,57.5,57.5,31.5 26.0,,艾兆禮,,快操,H,31.5 26.0 (57.5) (艾兆禮)
H338,28/05/2025,游水,沙田,,沙田,,,,,,,,游水,,
H338,28/05/2025,踱步,沙田,內圈,沙田 內圈,,,,,,助手,,快踱一圈,H,內圈 快踱一圈 (助手)
H338,27/05/2025,游水,從化,,從化,,,,,,,,游水,,
H338,27/05/2025,踱步,從化,內圈,從化 內圈,,,,,,助手,,快踱一圈,H,內圈 快踱一圈 (助手)
H338,26/05/2025,游水,從化,,從化,,,,,,,,游水,,
H338,26/05/2025,踱步,從化,內圈,從化 內圈,,,,,,助手,,倒快一圈,H,內圈 倒快一圈 (助手)
H338,25/05/2025,游水,從化,,從化,,,,,,,,游水,,
H338,25/05/2025,踱步,從化,內圈,從化 內圈,,,,,,助手,,快踱一圈,H,內圈 快踱一圈 (助手)
H338,23/05/2025,試閘,從化,草地,從化 草地,1200M,1.12.06,72.06,26.3 22.7 23.0,綠族無限,田泰安,,第6組,,第6組 (田泰安) 1200M 綠族無限 26.3 22.7 23.0 (1.12.06)
H338,23/05/2025,踱步,從化,飛機場,從化 飛機場,,,,,,助手,,踱步,,飛機場 踱步 (助手)
H338,22/05/2025,游水,從化,,從化,,,,,,,,游水,,
H338,22/05/2025,踱步,從化,內圈,從化 內圈,,,,,,助手,,倒快一圈,H,內圈 倒快一圈 (助手)
H338,21/05/2025,游水,從化,,從化,,,,,,,,游水,,
H338,21/05/2025,踱步,從化,內圈,從化 內圈,,,,,,助手,,快踱一圈,H,內圈 快踱一圈 (助手)
H338,20/05/2025,游水,從化,,從化,,,,,,,,游水,,
H338,20/05/2025,踱步,從化,內圈,從化 內圈,,,,,,助手,,快踱一圈,H,內圈 快踱一圈 (助手)
H338,19/05/2025,游水,從化,,從化,,,,,,,,游水,,
H338,19/05/2025,快操,從化,草地,從化 草地,,26.1,26.1,26.1,,助手,,快操,H,26.1 (26.1) (助手)
H338,19/05/2025,踱步,從化,飛機場,從化 飛機場,,,,,,助手,,踱步,H,飛機場 踱步 (助手)
H338,18/05/2025,游水,從化,,從化,,,,,,,,游水,,
H338,17/05/2025,游水,從化,,從化,,,,,,,,游水,,
H338,17/05/2025,踱步,從化,內圈,從化 內圈,,,,,,助手,,快踱一圈,H,內圈 快踱一圈 (助手)
H338,16/05/2025,游水,從化,,從化,,,,,,,,游水,,
H338,16/05/2025,踱步,從化,內圈,從化 內圈,,,,,,助手,,快踱一圈,H,內圈 快踱一圈 (助手)
H338,15/05/2025,游水,從化,,從化,,,,,,,,游水,,
H338,15/05/2025,快操,從化,全天候,從化 全天候,,59.4,59.4,33.1 26.3,,助手,,快操,H,33.1 26.3 (59.4) (助手)
H338,15/05/2025,踱步,從化,飛機場,從化 飛機場,,,,,,助手,,踱步,H,飛機場 踱步 (助手)
H338,14/05/2025,游水,從化,,從化,,,,,,,,游水,,
H338,14/05/2025,踱步,從化,內圈,從化 內圈,,,,,,助手,,快踱一圈,H,內圈 快踱一圈 (助手)
H338,13/05/2025,游水,從化,,從化,,,,,,,,游水,,
H338,13/05/2025,踱步,從化,內圈,從化 內圈,,,,,,助手,,快踱一圈,H,內圈 快踱一圈 (助手)
H338,12/05/2025,游水,從化,,從化,,,,,,,,游水,,
H338,12/05/2025,快操,從化,全天候,從化 全天候,,57.4,57.4,31.0 26.4,,助手,,快操,H,31.0 26.4 (57.4) (助手)
H338,12/05/2025,踱步,從化,飛機場,從化 飛機場,,,,,,助手,,踱步,H,飛機場 踱步 (助手)
H338,11/05/2025,游水,從化,,從化,,,,,,,,游水,,
H338,10/05/2025,游水,從化,,從化,,,,,,,,游水,,
H338,10/05/2025,踱步,從化,內圈,從化 內圈,,,,,,助手,,快踱一圈,H,內圈 快踱一圈 (助手)
H338,09/05/2025,游水,從化,,從化,,,,,,,,游水,,
H338,09/05/2025,踱步,從化,內圈,從化 內圈,,,,,,助手,,快踱一圈,H,內圈 快踱一圈 (助手)
H338,08/05/2025,游水,從化,,從化,,,,,,,,游水,,
H338,08/05/2025,快操,從化,全天候,從化 全天候,,56.9,56.9,32.1 24.8,,助手,,快操,H,32.1 24.8 (56.9) (助手)
H338,08/05/2025,踱步,從化,飛機場,從化 飛機場,,,,,,助手,,踱步,H,飛機場 踱步 (助手)
H338,07/05/2025,游水,從化,,從化,,,,,,,,游水,,
H338,07/05/2025,踱步,從化,內圈,從化 內圈,,,,,,助手,,快踱一圈,H,內圈 快踱一圈 (助手)
H338,06/05/2025,游水,從化,,從化,,,,,,,,游水,,
H338,06/05/2025,踱步,從化,內圈,從化 內圈,,,,,,助手,,快踱一圈,H,內圈 快踱一圈 (助手)
H338,05/05/2025,游水,從化,,從化,,,,,,,,游水,,
H338,05/05/2025,快操,從化,全天候,從化 全天候,,56.2,56.2,30.6 25.6,,助手,,快操,H,30.6 25.6 (56.2) (助手)
H338,05/05/2025,踱步,從化,飛機場,從化 飛機場,,,,,,助手,,踱步,H,飛機場 踱步 (助手)
H338,04/05/2025,游水,從化,,從化,,,,,,,,游水,,
H338,03/05/2025,游水,從化,,從化,,,,,,,,游水,,
H338,03/05/2025,踱步,從化,內圈,從化 內圈,,,,,,助手,,快踱一圈,H,內圈 快踱一圈 (助手)
H338,02/05/2025,游水,從化,,從化,,,,,,,,游水,,
H338,02/05/2025,踱步,從化,內圈,從化 內圈,,,,,,助手,,快踱一圈,H,內圈 快踱一圈 (助手)
H338,01/05/2025,游水,從化,,從化,,,,,,,,游水,,
H338,01/05/2025,快操,從化,全天候,從化 全天候,,57.7,57.7,32.5 25.2,,助手,,快操,H,32.5 25.2 (57.7) (助手)
H338,01/05/2025,踱步,從化,飛機場,從化 飛機場,,,,,,助手,,踱步,H,飛機場 踱步 (助手)
H338,30/04/2025,游水,從化,,從化,,,,,,,,游水,,
H338,30/04/2025,踱步,從化,內圈,從化 內圈,,,,,,助手,,快踱一圈,H,內圈 快踱一圈 (助手)
H338,29/04/2025,游水,從化,,從化,,,,,,,,游水,,
H338,29/04/2025,踱步,從化,內圈,從化 內圈,,,,,,助手,,快踱一圈,H,內圈 快踱一圈 (助手)
H338,28/04/2025,游水,從化,,從化,,,,,,,,游水,,
H338,28/04/2025,快操,從化,全天候,從化 全天候,,1.00.9,60.9,33.0 27.9,,助手,,快操,H,33.0 27.9 (1.00.9) (助手)
H338,28/04/2025,踱步,從化,飛機場,從化 飛機場,,,,,,助手,,踱步,H,飛機場 踱步 (助手)
H338,27/04/2025,游水,從化,,從化,,,,,,,,游水,,
H338,26/04/2025,游水,從化,,從化,,,,,,,,游水,,
H338,26/04/2025,踱步,從化,內圈,從化 內圈,,,,,,助手,,快踱一圈,H,內圈 快踱一圈 (助手)
H338,25/04/2025,游水,從化,,從化,,,,,,,,游水,,
H338,25/04/2025,踱步,從化,內圈,從化 內圈,,,,,,助手,,快踱一圈,H,內圈 快踱一圈 (助手)
H338,24/04/2025,游水,從化,,從化,,,,,,,,游水,,
H338,24/04/2025,快操,從化,全天候,從化 全天候,,59.4,59.4,33.5 25.9,,助手,,快操,H,33.5 25.9 (59.4) (助手)
H338,24/04/2025,踱步,從化,飛機場,從化 飛機場,,,,,,助手,,踱步,H,飛機場 踱步 (助手)
H338,23/04/2025,游水,從化,,從化,,,,,,,,游水,,
H338,23/04/2025,踱步,從化,內圈,從化 內圈,,,,,,助手,,快踱一圈,H,內圈 快踱一圈 (助手)
H338,22/04/2025,游水,從化,,從化,,,,,,,,游水,,
H338,22/04/2025,踱步,從化,內圈,從化 內圈,,,,,,助手,,快踱一圈,H,內圈 快踱一圈 (助手)
H338,21/04/2025,游水,從化,,從化,,,,,,,,游水,,
H338,21/04/2025,快操,從化,全天候,從化 全天候,,57.6,57.6,32.1 25.5,,助手,,快操,H,32.1 25.5 (57.6) (助手)
H338,21/04/2025,踱步,從化,飛機場,從化 飛機場,,,,,,助手,,踱步,H,飛機場 踱步 (助手)
H338,20/04/2025,游水,從化,,從化,,,,,,,,游水,,
H338,19/04/2025,游水,從化,,從化,,,,,,,,游水,,
H338,19/04/2025,踱步,從化,內圈,從化 內圈,,,,,,助手,,快踱一圈,H,內圈 快踱一圈 (助手)
H338,18/04/2025,游水,從化,,從化,,,,,,,,游水,,
H338,18/04/2025,踱步,從化,內圈,從化 內圈,,,,,,助手,,快踱一圈,H,內圈 快踱一圈 (助手)
H338,17/04/2025,游水,從化,,從化,,,,,,,,游水,,
H338,17/04/2025,踱步,從化,飛機場,從化 飛機場,,,,,,助手,,踱步,H,飛機場 踱步 (助手)
H338,15/04/2025,游水,沙田,,沙田,,,,,,,,游水,,
H338,13/04/2025,出賽,沙田,草地,沙田 草地,1400M,,,,,霍宏聲,4/9,出賽,,1400M (霍宏聲) (4/9)
H338,13/04/2025,踱步,沙田,飛機場,沙田 飛機場,,,,,,助手,,踱步,H,飛機場 踱步 (助手)
H338,12/04/2025,游水,沙田,,沙田,,,,,,,,游水,,
H338,12/04/2025,踱步,沙田,內圈,沙田 內圈,,,,,,助手,,快踱一圈,H,內圈 快踱一圈 (助手)
H338,11/04/2025,游水,沙田,,沙田,,,,,,,,游水,,
H338,11/04/2025,踱步,沙田,內圈,沙田 內圈,,,,,,助手,,快踱一圈,H,內圈 快踱一圈 (助手)
H338,10/04/2025,快操,從化,全天候,從化 全天候,,55.6,55.6,31.1 24.5,,副練馬師,,快操,H,31.1 24.5 (55.6) (副練馬師)
H338,10/04/2025,踱步,從化,飛機場,從化 飛機場,,,,,,副練馬師,,踱步,H,飛機場 踱步 (副練馬師)
H338,09/04/2025,游水,從化,,從化,,,,,,,,游水,,
H338,09/04/2025,踱步,從化,內圈,從化 內圈,,,,,,助手,,快踱一圈,H,內圈 快踱一圈 (助手)
H338,08/04/2025,游水,從化,,從化,,,,,,,,游水,,
H338,08/04/2025,踱步,從化,內圈,從化 內圈,,,,,,助手,,快踱一圈,H,內圈 快踱一圈 (助手)
H338,07/04/2025,游水,從化,,從化,,,,,,,,游水,,
H338,07/04/2025,踱步,從化,內圈,從化 內圈,,,,,,助手,,倒快一圈,H,內圈 倒快一圈 (助手)
H338,06/04/2025,游水,從化,,從化,,,,,,,,游水,,
H338,06/04/2025,踱步,從化,內圈,從化 內圈,,,,,,助手,,快踱一圈,H,內圈 快踱一圈 (助手)
H338,05/04/2025,游水,從化,,從化,,,,,,,,游水,,
H338,05/04/2025,踱步,從化,內圈,從化 內圈,,,,,,助手,,快踱一圈,H,內圈 快踱一圈 (助手)
H338,04/04/2025,游水,從化,,從化,,,,,,,,游水,,
H338,03/04/2025,試閘,從化,全天候,從化 全天候,1200M,1.10.24,70.24,25.3 21.9 23.0,綠族無限,黃智弘,,第1組,,第1組 (黃智弘) 1200M 綠族無限 25.3 21.9 23.0 (1.10.24)
H338,03/04/2025,踱步,從化,飛機場,從化 飛機場,,,,,,助手,,踱步,,飛機場 踱步 (助手)
H338,02/04/2025,游水,從化,,從化,,,,,,,,游水,,
H338,02/04/2025,踱步,從化,內圈,從化 內圈,,,,,,助手,,快踱一圈,H,內圈 快踱一圈 (助手)
H338,01/04/2025,游水,從化,,從化,,,,,,,,游水,,
H338,01/04/2025,踱步,從化,內圈,從化 內圈,,,,,,助手,,快踱一圈,H,內圈 快踱一圈 (助手)
H338,31/03/2025,游水,從化,,從化,,,,,,,,游水,,
H338,31/03/2025,快操,從化,全天候,從化 全天候,,56.6,56.6,30.2 26.4,,副練馬師,,快操,H,30.2 26.4 (56.6) (副練馬師)
H338,31/03/2025,踱步,從化,飛機場,從化 飛機場,,,,,,副練馬師,,踱步,H,飛機場 踱步 (副練馬師)
H338,29/03/2025,游水,從化,,從化,,,,,,,,游水,,
H338,29/03/2025,踱步,從化,內圈,從化 內圈,,,,,,助手,,快踱一圈,H,內圈 快踱一圈 (助手)
H338,28/03/2025,游水,從化,,從化,,,,,,,,游水,,
H338,28/03/2025,踱步,從化,內圈,從化 內圈,,,,,,助手,,快踱一圈,H,內圈 快踱一圈 (助手)
H338,27/03/2025,游水,從化,,從化,,,,,,,,游水,,
H338,27/03/2025,快操,從化,全天候,從化 全天候,,55.9,55.9,30.7 25.2,,助手,,快操,H,30.7 25.2 (55.9) (助手)
H338,27/03/2025,踱步,從化,飛機場,從化 飛機場,,,,,,助手,,踱步,H,飛機場 踱步 (助手)
H338,26/03/2025,游水,從化,,從化,,,,,,,,游水,,
H338,26/03/2025,踱步,從化,內圈,從化 內圈,,,,,,副練馬師,,快踱一圈,H,內圈 快踱一圈 (副練馬師)
H338,25/03/2025,游水,從化,,從化,,,,,,,,游水,,
H338,25/03/2025,踱步,從化,內圈,從化 內圈,,,,,,助手,,快踱一圈,H,內圈 快踱一圈 (助手)
H338,24/03/2025,游水,從化,,從化,,,,,,,,游水,,
H338,24/03/2025,快操,從化,草地,從化 草地,,54.5,54.5,29.1 25.4,,助手,,快操,H,29.1 25.4 (54.5) (助手)
H338,24/03/2025,踱步,從化,飛機場,從化 飛機場,,,,,,助手,,踱步,H,飛機場 踱步 (助手)
H338,23/03/2025,游水,從化,,從化,,,,,,,,游水,,
H338,22/03/2025,游水,從化,,從化,,,,,,,,游水,,
H338,22/03/2025,踱步,從化,內圈,從化 內圈,,,,,,助手,,快踱一圈,H,內圈 快踱一圈 (助手)
H338,21/03/2025,游水,從化,,從化,,,,,,,,游水,,
H338,21/03/2025,踱步,從化,內圈,從化 內圈,,,,,,助手,,快踱一圈,H,內圈 快踱一圈 (助手)
H338,20/03/2025,游水,從化,,從化,,,,,,,,游水,,
H338,20/03/2025,快操,從化,全天候,從化 全天候,,1.00.1,60.1,33.6 26.5,,助手,,快操,H,33.6 26.5 (1.00.1) (助手)
H338,20/03/2025,踱步,從化,飛機場,從化 飛機場,,,,,,助手,,踱步,H,飛機場 踱步 (助手)
H338,19/03/2025,游水,從化,,從化,,,,,,,,游水,,
H338,19/03/2025,踱步,從化,內圈,從化 內圈,,,,,,助手,,快踱一圈,H,內圈 快踱一圈 (助手)
H338,18/03/2025,游水,從化,,從化,,,,,,,,游水,,
H338,18/03/2025,踱步,從化,內圈,從化 內圈,,,,,,助手,,快踱一圈,H,內圈 快踱一圈 (助手)
H338,17/03/2025,游水,從化,,從化,,,,,,,,游水,,
H338,17/03/2025,快操,從化,全天候,從化 全天候,,58.2,58.2,32.4 25.8,,助手,,快操,H,32.4 25.8 (58.2) (助手)
H338,17/03/2025,踱步,從化,飛機場,從化 飛機場,,,,,,助手,,踱步,H,飛機場 踱步 (助手)
H338,16/03/2025,游水,從化,,從化,,,,,,,,游水,,
H338,15/03/2025,游水,從化,,從化,,,,,,,,游水,,
H338,15/03/2025,踱步,從化,內圈,從化 內圈,,,,,,助手,,快踱一圈,H,內圈 快踱一圈 (助手)
H338,14/03/2025,游水,從化,,從化,,,,,,,,游水,,
H338,14/03/2025,踱步,從化,內圈,從化 內圈,,,,,,助手,,快踱一圈,H,內圈 快踱一圈 (助手)
H338,13/03/2025,游水,從化,,從化,,,,,,,,游水,,
H338,13/03/2025,踱步,從化,飛機場,從化 飛機場,,,,,,助手,,踱步,H,飛機場 踱步 (助手)
H338,11/03/2025,游水,沙田,,沙田,,,,,,,,游水,,
H338,09/03/2025,出賽,沙田,草地,沙田 草地,1200M,,,,,黃寶妮,4/8,出賽,,1200M (黃寶妮) (4/8)
H338,09/03/2025,踱步,沙田,飛機場,沙田 飛機場,,,,,,助手,,踱步,H,飛機場 踱步 (助手)
H338,08/03/2025,游水,沙田,,沙田,,,,,,,,游水,,
H338,08/03/2025,踱步,沙田,內圈,沙田 內圈,,,,,,助手,,快踱一圈,H,內圈 快踱一圈 (助手)
H338,07/03/2025,游水,沙田,,沙田,,,,,,,,游水,,
H338,07/03/2025,踱步,沙田,內圈,沙田 內圈,,,,,,助手,,快踱一圈,H,內圈 快踱一圈 (助手)
H338,06/03/2025,游水,從化,,從化,,,,,,,,游水,,
H338,06/03/2025,快操,從化,全天候,從化 全天候,,1.02.3,62.3,33.8 28.5,,助手,,快操,H,33.8 28.5 (1.02.3) (助手)
H338,06/03/2025,踱步,從化,飛機場,從化 飛機場,,,,,,助手,,踱步,H,飛機場 踱步 (助手)
H338,05/03/2025,游水,從化,,從化,,,,,,,,游水,,
H338,05/03/2025,踱步,從化,內圈,從化 內圈,,,,,,副練馬師,,快踱一圈,H,內圈 快踱一圈 (副練馬師)
H338,04/03/2025,游水,從化,,從化,,,,,,,,游水,,
H338,04/03/2025,踱步,從化,內圈,從化 內圈,,,,,,助手,,快踱一圈,H,內圈 快踱一圈 (助手)
H338,03/03/2025,游水,從化,,從化,,,,,,,,游水,,
H338,03/03/2025,快操,從化,全天候,從化 全天候,,54.2,54.2,30.1 24.1,,助手,,快操,H,30.1 24.1 (54.2) (助手)
H338,03/03/2025,踱步,從化,飛機場,從化 飛機場,,,,,,助手,,踱步,H,飛機場 踱步 (助手)
H338,02/03/2025,游水,從化,,從化,,,,,,,,游水,,
H338,01/03/2025,游水,從化,,從化,,,,,,,,游水,,
H338,01/03/2025,踱步,從化,內圈,從化 內圈,,,,,,助手,,快踱一圈,H,內圈 快踱一圈 (助手)
H338,28/02/2025,游水,從化,,從化,,,,,,,,游水,,
H338,28/02/2025,踱步,從化,內圈,從化 內圈,,,,,,副練馬師,,快踱一圈,H,內圈 快踱一圈 (副練馬師)
H338,27/02/2025,游水,從化,,從化,,,,,,,,游水,,
H338,27/02/2025,踱步,從化,飛機場,從化 飛機場,,,,,,助手,,踱步,H,飛機場 踱步 (助手)
H338,25/02/2025,游水,沙田,,沙田,,,,,,,,游水,,
H338,23/02/2025,出賽,沙田,草地,沙田 草地,1400M,,,,,薛恩,9/9,出賽,,1400M (薛恩) (9/9)
H338,23/02/2025,踱步,沙田,飛機場,沙田 飛機場,,,,,,助手,,踱步,H,飛機場 踱步 (助手)
H338,22/02/2025,游水,沙田,,沙田,,,,,,,,游水,,
H338,22/02/2025,踱步,沙田,內圈,沙田 內圈,,,,,,副練馬師,,快踱一圈,H,內圈 快踱一圈 (副練馬師)
H338,21/02/2025,游水,沙田,,沙田,,,,,,,,游水,,
H338,21/02/2025,踱步,沙田,內圈,沙田 內圈,,,,,,助手,,快踱一圈,H,內圈 快踱一圈 (助手)
H338,20/02/2025,游水,從化,,從化,,,,,,,,游水,,
H338,20/02/2025,快操,從化,全天候,從化 全天候,,57.4,57.4,32.4 25.0,,助手,,快操,H,32.4 25.0 (57.4) (助手)
H338,20/02/2025,踱步,從化,飛機場,從化 飛機場,,,,,,助手,,踱步,H,飛機場 踱步 (助手)
H338,19/02/2025,游水,從化,,從化,,,,,,,,游水,,
H338,19/02/2025,踱步,從化,內圈,從化 內圈,,,,,,助手,,快踱一圈,H,內圈 快踱一圈 (助手)
H338,18/02/2025,游水,從化,,從化,,,,,,,,游水,,
H338,18/02/2025,踱步,從化,內圈,從化 內圈,,,,,,助手,,快踱一圈,H,內圈 快踱一圈 (助手)
H338,17/02/2025,游水,從化,,從化,,,,,,,,游水,,
H338,17/02/2025,快操,從化,草地,從化 草地,,57.4,57.4,32.2 25.2,,助手,,快操,H,32.2 25.2 (57.4) (助手)
H338,17/02/2025,踱步,從化,飛機場,從化 飛機場,,,,,,助手,,踱步,H,飛機場 踱步 (助手)
H338,16/02/2025,游水,從化,,從化,,,,,,,,游水,,
H338,15/02/2025,游水,從化,,從化,,,,,,,,游水,,
H338,15/02/2025,踱步,從化,內圈,從化 內圈,,,,,,助手,,快踱一圈,H,內圈 快踱一圈 (助手)
H338,14/02/2025,游水,從化,,從化,,,,,,,,游水,,
H338,14/02/2025,踱步,從化,內圈,從化 內圈,,,,,,助手,,快踱一圈,H,內圈 快踱一圈 (助手)
H338,13/02/2025,游水,從化,,從化,,,,,,,,游水,,
H338,13/02/2025,快操,從化,全天候,從化 全天候,,58.1,58.1,31.1 27.0,,助手,,快操,H,31.1 27.0 (58.1) (助手)
H338,13/02/2025,踱步,從化,飛機場,從化 飛機場,,,,,,助手,,踱步,H,飛機場 踱步 (助手)
H338,12/02/2025,游水,從化,,從化,,,,,,,,游水,,
H338,12/02/2025,踱步,從化,內圈,從化 內圈,,,,,,助手,,快踱一圈,H,內圈 快踱一圈 (助手)
H338,11/02/2025,游水,從化,,從化,,,,,,,,游水,,
H338,11/02/2025,踱步,從化,內圈,從化 內圈,,,,,,助手,,快踱一圈,H,內圈 快踱一圈 (助手)
H338,10/02/2025,游水,從化,,從化,,,,,,,,游水,,
H338,10/02/2025,踱步,從化,內圈,從化 內圈,,,,,,助手,,倒快一圈,H,內圈 倒快一圈 (助手)
H338,09/02/2025,游水,從化,,從化,,,,,,,,游水,,
H338,09/02/2025,踱步,從化,內圈,從化 內圈,,,,,,助手,,快踱一圈,H,內圈 快踱一圈 (助手)
H338,08/02/2025,游水,從化,,從化,,,,,,,,游水,,
H338,08/02/2025,踱步,從化,內圈,從化 內圈,,,,,,助手,,快踱一圈,H,內圈 快踱一圈 (助手)
H338,06/02/2025,試閘,從化,全天候,從化 全天候,1200M,1.10.59,70.59,24.7 22.6 23.2,綠族無限,查本楠,,第1組,,第1組 (查本楠) 1200M 綠族無限 24.7 22.6 23.2 (1.10.59)
H338,06/02/2025,踱步,從化,飛機場,從化 飛機場,,,,,,助手,,踱步,,飛機場 踱步 (助手)
H338,05/02/2025,游水,從化,,從化,,,,,,,,游水,,
H338,05/02/2025,踱步,從化,內圈,從化 內圈,,,,,,副練馬師,,快踱一圈,H,內圈 快踱一圈 (副練馬師)
H338,04/02/2025,游水,從化,,從化,,,,,,,,游水,,
H338,04/02/2025,踱步,從化,內圈,從化 內圈,,,,,,助手,,快踱一圈,H,內圈 快踱一圈 (助手)
H338,03/02/2025,游水,從化,,從化,,,,,,,,游水,,
H338,03/02/2025,快操,從化,全天候,從化 全天候,,55.9,55.9,31.8 24.1,,助手,,快操,H,31.8 24.1 (55.9) (助手)
H338,03/02/2025,踱步,從化,飛機場,從化 飛機場,,,,,,助手,,踱步,H,飛機場 踱步 (助手)
H338,02/02/2025,游水,從化,,從化,,,,,,,,游水,,
H338,01/02/2025,游水,從化,,從化,,,,,,,,游水,,
H338,01/02/2025,踱步,從化,內圈,從化 內圈,,,,,,助手,,快踱一圈,H,內圈 快踱一圈 (助手)
H338,31/01/2025,游水,從化,,從化,,,,,,,,游水,,
H338,31/01/2025,快操,從化,全天候,從化 全天候,,1.00.3,60.3,33.7 26.6,,助手,,快操,H,33.7 26.6 (1.00.3) (助手)
H338,31/01/2025,踱步,從化,飛機場,從化 飛機場,,,,,,助手,,踱步,H,飛機場 踱步 (助手)
H338,30/01/2025,游水,從化,,從化,,,,,,,,游水,,
H338,30/01/2025,踱步,從化,內圈,從化 內圈,,,,,,助手,,倒快一圈,H,內圈 倒快一圈 (助手)
H338,28/01/2025,快操,從化,草地,從化 草地,,24.0,24.0,24.0,,助手,,快操,H,24.0 (24.0) (助手)
H338,28/01/2025,踱步,從化,飛機場,從化 飛機場,,,,,,助手,,踱步,H,飛機場 踱步 (助手)
H338,27/01/2025,游水,從化,,從化,,,,,,,,游水,,
H338,27/01/2025,踱步,從化,內圈,從化 內圈,,,,,,副練馬師,,倒快一圈,H,內圈 倒快一圈 (副練馬師)
H338,26/01/2025,游水,從化,,從化,,,,,,,,游水,,
H338,25/01/2025,游水,從化,,從化,,,,,,,,游水,,
H338,25/01/2025,踱步,從化,內圈,從化 內圈,,,,,,助手,,快踱一圈,H,內圈 快踱一圈 (助手)
H338,24/01/2025,游水,從化,,從化,,,,,,,,游水,,
H338,24/01/2025,踱步,從化,內圈,從化 內圈,,,,,,助手,,快踱一圈,H,內圈 快踱一圈 (助手)
H338,23/01/2025,游水,從化,,從化,,,,,,,,游水,,
H338,23/01/2025,快操,從化,全天候,從化 全天候,,59.1,59.1,33.3 25.8,,副練馬師,,快操,H,33.3 25.8 (59.1) (副練馬師)
H338,23/01/2025,踱步,從化,飛機場,從化 飛機場,,,,,,副練馬師,,踱步,H,飛機場 踱步 (副練馬師)
H338,22/01/2025,游水,從化,,從化,,,,,,,,游水,,
H338,22/01/2025,踱步,從化,內圈,從化 內圈,,,,,,助手,,快踱一圈,H,內圈 快踱一圈 (助手)
H338,21/01/2025,游水,從化,,從化,,,,,,,,游水,,
H338,21/01/2025,踱步,從化,內圈,從化 內圈,,,,,,副練馬師,,快踱一圈,H,內圈 快踱一圈 (副練馬師)
H338,20/01/2025,游水,從化,,從化,,,,,,,,游水,,
H338,20/01/2025,踱步,從化,內圈,從化 內圈,,,,,,助手,,倒快一圈,H,內圈 倒快一圈 (助手)
H338,19/01/2025,游水,從化,,從化,,,,,,,,游水,,
H338,18/01/2025,游水,從化,,從化,,,,,,,,游水,,
H338,18/01/2025,踱步,從化,內圈,從化 內圈,,,,,,助手,,快踱一圈,H,內圈 快踱一圈 (助手)
H338,17/01/2025,游水,從化,,從化,,,,,,,,游水,,
H338,16/01/2025,試閘,從化,全天候,從化 全天候,1200M,1.10.99,70.99,25.6 22.5 22.8,綠族無限,查本楠,,第1組,,第1組 (查本楠) 1200M 綠族無限 25.6 22.5 22.8 (1.10.99)
H338,16/01/2025,踱步,從化,飛機場,從化 飛機場,,,,,,助手,,踱步,,飛機場 踱步 (助手)
H338,15/01/2025,游水,從化,,從化,,,,,,,,游水,,
H338,15/01/2025,踱步,從化,內圈,從化 內圈,,,,,,助手,,快踱一圈,H,內圈 快踱一圈 (助手)
H338,14/01/2025,游水,從化,,從化,,,,,,,,游水,,
H338,14/01/2025,踱步,從化,內圈,從化 內圈,,,,,,助手,,快踱一圈,H,內圈 快踱一圈 (助手)
H338,13/01/2025,游水,從化,,從化,,,,,,,,游水,,
H338,13/01/2025,快操,從化,全天候,從化 全天候,,58.6,58.6,32.8 25.8,,助手,,快操,H,32.8 25.8 (58.6) (助手)
H338,13/01/2025,踱步,從化,飛機場,從化 飛機場,,,,,,助手,,踱步,H,飛機場 踱步 (助手)
H338,12/01/2025,游水,從化,,從化,,,,,,,,游水,,
H338,11/01/2025,游水,從化,,從化,,,,,,,,游水,,
H338,11/01/2025,踱步,從化,內圈,從化 內圈,,,,,,助手,,快踱一圈,H,內圈 快踱一圈 (助手)
H338,10/01/2025,游水,從化,,從化,,,,,,,,游水,,
H338,10/01/2025,踱步,從化,內圈,從化 內圈,,,,,,助手,,快踱一圈,H,內圈 快踱一圈 (助手)
H338,09/01/2025,游水,從化,,從化,,,,,,,,游水,,
H338,09/01/2025,快操,從化,全天候,從化 全天候,,57.2,57.2,31.8 25.4,,助手,,快操,H,31.8 25.4 (57.2) (助手)
H338,09/01/2025,踱步,從化,飛機場,從化 飛機場,,,,,,助手,,踱步,H,飛機場 踱步 (助手)
H338,08/01/2025,游水,從化,,從化,,,,,,,,游水,,
H338,08/01/2025,踱步,從化,內圈,從化 內圈,,,,,,助手,,快踱一圈,H,內圈 快踱一圈 (助手)
H338,07/01/2025,游水,從化,,從化,,,,,,,,游水,,
H338,07/01/2025,踱步,從化,內圈,從化 內圈,,,,,,助手,,快踱一圈,H,內圈 快踱一圈 (助手)
H338,06/01/2025,游水,從化,,從化,,,,,,,,游水,,
H338,06/01/2025,快操,從化,全天候,從化 全天候,,1.01.1,61.1,32.6 28.5,,助手,,快操,H,32.6 28.5 (1.01.1) (助手)
H338,06/01/2025,踱步,從化,飛機場,從化 飛機場,,,,,,助手,,踱步,H,飛機場 踱步 (助手)
H338,05/01/2025,游水,從化,,從化,,,,,,,,游水,,
H338,04/01/2025,游水,從化,,從化,,,,,,,,游水,,
H338,04/01/2025,踱步,從化,內圈,從化 內圈,,,,,,助手,,快踱一圈,H,內圈 快踱一圈 (助手)
H338,03/01/2025,游水,從化,,從化,,,,,,,,游水,,
H338,03/01/2025,踱步,從化,內圈,從化 內圈,,,,,,助手,,快踱一圈,H,內圈 快踱一圈 (助手)
H338,02/01/2025,游水,從化,,從化,,,,,,,,游水,,
H338,02/01/2025,快操,從化,全天候,從化 全天候,,31.4,31.4,31.4,,助手,,快操,H,31.4 (31.4) (助手)
H338,02/01/2025,踱步,從化,飛機場,從化 飛機場,,,,,,助手,,踱步,H,飛機場 踱步 (助手)
H338,01/01/2025,游水,從化,,從化,,,,,,,,游水,,
H338,01/01/2025,踱步,從化,內圈,從化 內圈,,,,,,助手,,快踱一圈,H,內圈 快踱一圈 (助手)
H338,31/12/2024,游水,從化,,從化,,,,,,,,游水,,
H338,31/12/2024,踱步,從化,內圈,從化 內圈,,,,,,助手,,快踱一圈,H,內圈 快踱一圈 (助手)
H338,30/12/2024,游水,從化,,從化,,,,,,,,游水,,
H338,30/12/2024,快操,從化,全天候,從化 全天候,,32.6,32.6,32.6,,助手,,快操,H,32.6 (32.6) (助手)
H338,30/12/2024,踱步,從化,飛機場,從化 飛機場,,,,,,助手,,踱步,H,飛機場 踱步 (助手)
H338,29/12/2024,游水,從化,,從化,,,,,,,,游水,,
H338,28/12/2024,游水,從化,,從化,,,,,,,,游水,,
H338,28/12/2024,踱步,從化,內圈,從化 內圈,,,,,,助手,,快踱一圈,H,內圈 快踱一圈 (助手)
H338,27/12/2024,游水,從化,,從化,,,,,,,,游水,,
H338,27/12/2024,踱步,從化,內圈,從化 內圈,,,,,,助手,,快踱一圈,H,內圈 快踱一圈 (助手)
H338,26/12/2024,游水,從化,,從化,,,,,,,,游水,,
H338,26/12/2024,踱步,從化,內圈,從化 內圈,,,,,,助手,,倒快一圈,H,內圈 倒快一圈 (助手)
H338,25/12/2024,游水,從化,,從化,,,,,,,,游水,,
H338,25/12/2024,踱步,從化,飛機場,從化 飛機場,,,,,,助手,,踱步,H,飛機場 踱步 (助手)
H338,24/12/2024,踱步,從化,飛機場,從化 飛機場,,,,,,助手,,踱步,H,飛機場 踱步 (助手)
H338,23/12/2024,踱步,從化,飛機場,從化 飛機場,,,,,,助手,,踱步,H,飛機場 踱步 (助手)
H338,21/11/2024,踱步,從化,飛機場,從化 飛機場,,,,,,助手,,踱步,H,飛機場 踱步 (助手)
H338,17/11/2024,出賽,沙田,草地,沙田 草地,1200M,,,,,田泰安,12/12,出賽,,1200M (田泰安) (12/12)
H338,17/11/2024,踱步,沙田,飛機場,沙田 飛機場,,,,,,助手,,踱步,H,飛機場 踱步 (助手)
H338,16/11/2024,游水,沙田,,沙田,,,,,,,,游水,,
H338,16/11/2024,踱步,沙田,內圈,沙田 內圈,,,,,,助手,,快踱一圈,H,內圈 快踱一圈 (助手)
H338,15/11/2024,游水,沙田,,沙田,,,,,,,,游水,,
H338,15/11/2024,踱步,沙田,內圈,沙田 內圈,,,,,,助手,,快踱一圈,H,內圈 快踱一圈 (助手)
H338,14/11/2024,游水,從化,,從化,,,,,,,,游水,,
H338,14/11/2024,快操,從化,全天候,從化 全天候,,55.7,55.7,31.0 24.7,,助手,,皇仁福星,CP/H,31.0 24.7 (55.7) (助手) 皇仁福星
H338,14/11/2024,踱步,從化,飛機場,從化 飛機場,,,,,,助手,,踱步,CP/H,飛機場 踱步 (助手)
H338,13/11/2024,游水,從化,,從化,,,,,,,,游水,,
H338,13/11/2024,踱步,從化,內圈,從化 內圈,,,,,,助手,,快踱一圈,H,內圈 快踱一圈 (助手)
H338,12/11/2024,游水,從化,,從化,,,,,,,,游水,,
H338,12/11/2024,踱步,從化,內圈,從化 內圈,,,,,,助手,,快踱一圈,H,內圈 快踱一圈 (助手)
H338,11/11/2024,游水,從化,,從化,,,,,,,,游水,,
H338,11/11/2024,踱步,從化,內圈,從化 內圈,,,,,,助手,,倒快一圈,H,內圈 倒快一圈 (助手)
H338,10/11/2024,游水,從化,,從化,,,,,,,,游水,,
H338,10/11/2024,踱步,從化,內圈,從化 內圈,,,,,,助手,,快踱一圈,H,內圈 快踱一圈 (助手)
H338,08/11/2024,試閘,從化,草地,從化 草地,1200M,1.11.84,71.84,25.3 23.0 23.5,皇者有利,田泰安,,第6組,CP,第6組 (田泰安) 1200M 皇者有利 25.3 23.0 23.5 (1.11.84)
H338,08/11/2024,踱步,從化,飛機場,從化 飛機場,,,,,,助手,,踱步,CP,飛機場 踱步 (助手)
H338,07/11/2024,游水,從化,,從化,,,,,,,,游水,,
H338,07/11/2024,踱步,從化,內圈,從化 內圈,,,,,,助手,,倒快一圈,H,內圈 倒快一圈 (助手)
H338,06/11/2024,游水,從化,,從化,,,,,,,,游水,,
H338,06/11/2024,踱步,從化,內圈,從化 內圈,,,,,,助手,,快踱一圈,H,內圈 快踱一圈 (助手)
H338,05/11/2024,游水,從化,,從化,,,,,,,,游水,,
H338,05/11/2024,踱步,從化,內圈,從化 內圈,,,,,,助手,,快踱一圈,H,內圈 快踱一圈 (助手)
H338,04/11/2024,游水,從化,,從化,,,,,,,,游水,,
H338,04/11/2024,快操,從化,全天候,從化 全天候,,57.2,57.2,32.7 24.5,,助手,,快操,CP/H,32.7 24.5 (57.2) (助手)
H338,04/11/2024,踱步,從化,飛機場,從化 飛機場,,,,,,助手,,踱步,CP/H,飛機場 踱步 (助手)
H338,03/11/2024,游水,從化,,從化,,,,,,,,游水,,
H338,02/11/2024,游水,從化,,從化,,,,,,,,游水,,
H338,02/11/2024,踱步,從化,內圈,從化 內圈,,,,,,助手,,快踱一圈,H,內圈 快踱一圈 (助手)
H338,01/11/2024,游水,從化,,從化,,,,,,,,游水,,
H338,01/11/2024,踱步,從化,內圈,從化 內圈,,,,,,助手,,快踱一圈,H,內圈 快踱一圈 (助手)
H338,31/10/2024,游水,從化,,從化,,,,,,,,游水,,
H338,31/10/2024,快操,從化,全天候,從化 全天候,,56.7,56.7,31.1 25.6,,助手,,快操,CP/H,31.1 25.6 (56.7) (助手)
H338,31/10/2024,踱步,從化,飛機場,從化 飛機場,,,,,,助手,,踱步,CP/H,飛機場 踱步 (助手)
H338,30/10/2024,游水,從化,,從化,,,,,,,,游水,,
H338,30/10/2024,踱步,從化,內圈,從化 內圈,,,,,,助手,,快踱一圈,H,內圈 快踱一圈 (助手)
H338,29/10/2024,游水,從化,,從化,,,,,,,,游水,,
H338,29/10/2024,踱步,從化,內圈,從化 內圈,,,,,,助手,,快踱一圈,H,內圈 快踱一圈 (助手)
H338,28/10/2024,游水,從化,,從化,,,,,,,,游水,,
H338,28/10/2024,快操,從化,草地,從化 草地,,58.6,58.6,31.4 27.2,,助手,,快操,H,31.4 27.2 (58.6) (助手)
H338,28/10/2024,踱步,從化,飛機場,從化 飛機場,,,,,,助手,,踱步,H,飛機場 踱步 (助手)
H338,27/10/2024,游水,從化,,從化,,,,,,,,游水,,
H338,26/10/2024,游水,從化,,從化,,,,,,,,游水,,
H338,26/10/2024,踱步,從化,內圈,從化 內圈,,,,,,副練馬師,,快踱一圈,H,內圈 快踱一圈 (副練馬師)
H338,25/10/2024,游水,從化,,從化,,,,,,,,游水,,
H338,25/10/2024,踱步,從化,內圈,從化 內圈,,,,,,助手,,快踱一圈,H,內圈 快踱一圈 (助手)
H338,24/10/2024,游水,從化,,從化,,,,,,,,游水,,
H338,24/10/2024,快操,從化,全天候,從化 全天候,,58.2,58.2,32.7 25.5,,助手,,快操,H,32.7 25.5 (58.2) (助手)
H338,24/10/2024,踱步,從化,飛機場,從化 飛機場,,,,,,助手,,踱步,H,飛機場 踱步 (助手)
H338,23/10/2024,游水,從化,,從化,,,,,,,,游水,,
H338,23/10/2024,踱步,從化,內圈,從化 內圈,,,,,,助手,,快踱一圈,H,內圈 快踱一圈 (助手)
H338,22/10/2024,游水,從化,,從化,,,,,,,,游水,,
H338,22/10/2024,踱步,從化,內圈,從化 內圈,,,,,,助手,,快踱一圈,H,內圈 快踱一圈 (助手)
H338,21/10/2024,快操,沙田,全天候,沙田 全天候,,59.1,59.1,32.4 26.7,,助手,,快操,H,32.4 26.7 (59.1) (助手)
H338,21/10/2024,踱步,沙田,飛機場,沙田 飛機場,,,,,,助手,,踱步,H,飛機場 踱步 (助手)
H338,20/10/2024,游水,沙田,,沙田,,,,,,,,游水,,
H338,19/10/2024,游水,沙田,,沙田,,,,,,,,游水,,
H338,19/10/2024,踱步,沙田,內圈,沙田 內圈,,,,,,助手,,快踱一圈,H,內圈 快踱一圈 (助手)
H338,18/10/2024,游水,沙田,,沙田,,,,,,,,游水,,
H338,18/10/2024,踱步,沙田,內圈,沙田 內圈,,,,,,助手,,快踱一圈,H,內圈 快踱一圈 (助手)
H338,17/10/2024,游水,沙田,,沙田,,,,,,,,游水,,
H338,17/10/2024,快操,沙田,全天候,沙田 全天候,,57.4,57.4,32.4 25.0,,助手,,快操,H,32.4 25.0 (57.4) (助手)
H338,17/10/2024,踱步,沙田,飛機場,沙田 飛機場,,,,,,助手,,踱步,H,飛機場 踱步 (助手)
H338,16/10/2024,游水,沙田,,沙田,,,,,,,,游水,,
H338,16/10/2024,踱步,沙田,內圈,沙田 內圈,,,,,,助手,,快踱一圈,H,內圈 快踱一圈 (助手)
H338,15/10/2024,游水,沙田,,沙田,,,,,,,,游水,,
H338,08/10/2024,踱步,沙田,外圈,沙田 外圈,,,,,,助手,,快踱一圈,H,外圈 快踱一圈 (助手)
H338,17/09/2024,游水,沙田,,沙田,,,,,,,,游水,,
H338,16/09/2024,游水,沙田,,沙田,,,,,,,,游水,,
H338,16/09/2024,踱步,沙田,內圈,沙田 內圈,,,,,,助手,,倒快一圈,H,內圈 倒快一圈 (助手)
H338,15/09/2024,游水,沙田,,沙田,,,,,,,,游水,,
H338,15/09/2024,踱步,沙田,內圈,沙田 內圈,,,,,,助手,,快踱一圈,H,內圈 快踱一圈 (助手)
H338,14/09/2024,游水,沙田,,沙田,,,,,,,,游水,,
H338,14/09/2024,踱步,沙田,內圈,沙田 內圈,,,,,,助手,,快踱一圈,H,內圈 快踱一圈 (助手)
H338,13/09/2024,游水,沙田,,沙田,,,,,,,,游水,,
H338,12/09/2024,試閘,沙田,全天候,沙田 全天候,1200M,1.09.60,69.6,24.0 22.0 23.6,維港智能,田泰安,,第1組,,第1組 (田泰安) 1200M 維港智能 24.0 22.0 23.6 (1.09.60)
H338,11/09/2024,游水,沙田,,沙田,,,,,,,,游水,,
H338,11/09/2024,踱步,沙田,內圈,沙田 內圈,,,,,,助手,,快踱一圈,H,內圈 快踱一圈 (助手)
H338,10/09/2024,游水,沙田,,沙田,,,,,,,,游水,,
H338,10/09/2024,踱步,沙田,內圈,沙田 內圈,,,,,,助手,,快踱一圈,H,內圈 快踱一圈 (助手)
H338,09/09/2024,游水,沙田,,沙田,,,,,,,,游水,,
H338,09/09/2024,快操,沙田,全天候,沙田 全天候,,26.9,26.9,26.9,,田泰安,,快操,H,26.9 (26.9) (田泰安)
H338,09/09/2024,踱步,沙田,飛機場,沙田 飛機場,,,,,,助手,,踱步,H,飛機場 踱步 (助手)
H338,08/09/2024,游水,沙田,,沙田,,,,,,,,游水,,
H338,07/09/2024,游水,沙田,,沙田,,,,,,,,游水,,
H338,07/09/2024,踱步,沙田,內圈,沙田 內圈,,,,,,助手,,快踱一圈,H,內圈 快踱一圈 (助手)
H338,06/09/2024,游水,沙田,,沙田,,,,,,,,游水,,
H338,05/09/2024,游水,沙田,,沙田,,,,,,,,游水,,
H338,05/09/2024,踱步,沙田,內圈,沙田 內圈,,,,,,助手,,倒快一圈,H,內圈 倒快一圈 (助手)
H338,04/09/2024,游水,沙田,,沙田,,,,,,,,游水,,
H338,04/09/2024,踱步,沙田,內圈,沙田 內圈,,,,,,田泰安,,快踱一圈,H,內圈 快踱一圈 (田泰安)
H338,03/09/2024,試閘,沙田,全天候,沙田 全天候,1200M,1.10.52,70.52,24.3 23.4 22.8,綠族無限,田泰安,,第1組,,第1組 (田泰安) 1200M 綠族無限 24.3 23.4 22.8 (1.10.52)
H338,02/09/2024,游水,沙田,,沙田,,,,,,,,游水,,
H338,02/09/2024,踱步,沙田,內圈,沙田 內圈,,,,,,田泰安,,倒快一圈,H,內圈 倒快一圈 (田泰安)
H338,01/09/2024,游水,沙田,,沙田,,,,,,,,游水,,
H338,31/08/2024,游水,沙田,,沙田,,,,,,,,游水,,
H338,31/08/2024,踱步,沙田,內圈,沙田 內圈,,,,,,田泰安,,快踱一圈,H,內圈 快踱一圈 (田泰安)
H338,30/08/2024,游水,沙田,,沙田,,,,,,,,游水,,
H338,30/08/2024,踱步,沙田,內圈,沙田 內圈,,,,,,田泰安,,快踱一圈,H,內圈 快踱一圈 (田泰安)
H338,29/08/2024,游水,沙田,,沙田,,,,,,,,游水,,
H338,29/08/2024,快操,沙田,全天候,沙田 全天候,,53.2,53.2,29.8 23.4,,助手,,快操,H,29.8 23.4 (53.2) (助手)
H338,29/08/2024,踱步,沙田,飛機場,沙田 飛機場,,,,,,助手,,踱步,H,飛機場 踱步 (助手)
H338,28/08/2024,游水,沙田,,沙田,,,,,,,,游水,,
H338,28/08/2024,踱步,沙田,內圈,沙田 內圈,,,,,,田泰安,,快踱一圈,H,內圈 快踱一圈 (田泰安)
H338,27/08/2024,游水,沙田,,沙田,,,,,,,,游水,,
H338,27/08/2024,踱步,沙田,內圈,沙田 內圈,,,,,,田泰安,,快踱一圈,H,內圈 快踱一圈 (田泰安)
H338,26/08/2024,游水,沙田,,沙田,,,,,,,,游水,,
H338,26/08/2024,踱步,沙田,內圈,沙田 內圈,,,,,,助手,,倒快一圈,H,內圈 倒快一圈 (助手)
H338,25/08/2024,游水,沙田,,沙田,,,,,,,,游水,,
H338,25/08/2024,踱步,沙田,內圈,沙田 內圈,,,,,,助手,,快踱一圈,H,內圈 快踱一圈 (助手)
H338,24/08/2024,游水,沙田,,沙田,,,,,,,,游水,,
H338,23/08/2024,試閘,沙田,全天候,沙田 全天候,1200M,1.10.55,70.55,24.3 22.5 23.7,友瑩仁,潘明輝,,第1組,,第1組 (潘明輝) 1200M 友瑩仁 24.3 22.5 23.7 (1.10.55)
H338,22/08/2024,游水,沙田,,沙田,,,,,,,,游水,,
H338,22/08/2024,踱步,沙田,內圈,沙田 內圈,,,,,,助手,,倒快一圈,H,內圈 倒快一圈 (助手)
H338,21/08/2024,游水,沙田,,沙田,,,,,,,,游水,,
H338,21/08/2024,踱步,沙田,內圈,沙田 內圈,,,,,,田泰安,,快踱一圈,H,內圈 快踱一圈 (田泰安)
H338,20/08/2024,游水,沙田,,沙田,,,,,,,,游水,,
H338,20/08/2024,踱步,沙田,內圈,沙田 內圈,,,,,,助手,,快踱一圈,H,內圈 快踱一圈 (助手)
H338,19/08/2024,游水,沙田,,沙田,,,,,,,,游水,,
H338,19/08/2024,快操,沙田,全天候,沙田 全天候,,1.00.1,60.1,33.7 26.4,,田泰安,,快操,H,33.7 26.4 (1.00.1) (田泰安)
H338,19/08/2024,踱步,沙田,飛機場,沙田 飛機場,,,,,,助手,,踱步,H,飛機場 踱步 (助手)
H338,18/08/2024,游水,沙田,,沙田,,,,,,,,游水,,
H338,17/08/2024,游水,沙田,,沙田,,,,,,,,游水,,
H338,17/08/2024,踱步,沙田,內圈,沙田 內圈,,,,,,助手,,快踱一圈,H,內圈 快踱一圈 (助手)
H338,16/08/2024,游水,沙田,,沙田,,,,,,,,游水,,
H338,16/08/2024,踱步,沙田,內圈,沙田 內圈,,,,,,助手,,快踱一圈,H,內圈 快踱一圈 (助手)
H338,15/08/2024,游水,沙田,,沙田,,,,,,,,游水,,
H338,15/08/2024,快操,沙田,全天候,沙田 全天候,,1.00.2,60.2,33.6 26.6,,助手,,快操,H,33.6 26.6 (1.00.2) (助手)
H338,15/08/2024,踱步,沙田,飛機場,沙田 飛機場,,,,,,助手,,踱步,H,飛機場 踱步 (助手)
H338,14/08/2024,游水,沙田,,沙田,,,,,,,,游水,,
H338,14/08/2024,踱步,沙田,內圈,沙田 內圈,,,,,,助手,,快踱一圈,H,內圈 快踱一圈 (助手)
H338,13/08/2024,游水,沙田,,沙田,,,,,,,,游水,,
H338,13/08/2024,踱步,沙田,內圈,沙田 內圈,,,,,,助手,,快踱一圈,H,內圈 快踱一圈 (助手)
H338,12/08/2024,游水,沙田,,沙田,,,,,,,,游水,,
H338,12/08/2024,快操,沙田,全天候,沙田 全天候,,59.2,59.2,33.1 26.1,,助手,,快操,H,33.1 26.1 (59.2) (助手)
H338,12/08/2024,踱步,沙田,飛機場,沙田 飛機場,,,,,,助手,,踱步,H,飛機場 踱步 (助手)
H338,11/08/2024,游水,沙田,,沙田,,,,,,,,游水,,
H338,10/08/2024,游水,沙田,,沙田,,,,,,,,游水,,
H338,10/08/2024,踱步,沙田,內圈,沙田 內圈,,,,,,助手,,快踱一圈,H,內圈 快踱一圈 (助手)
H338,09/08/2024,游水,沙田,,沙田,,,,,,,,游水,,
H338,09/08/2024,踱步,沙田,內圈,沙田 內圈,,,,,,助手,,快踱一圈,H,內圈 快踱一圈 (助手)
H338,08/08/2024,游水,沙田,,沙田,,,,,,,,游水,,
H338,08/08/2024,快操,沙田,全天候,沙田 全天候,,27.9,27.9,27.9,,助手,,快操,H,27.9 (27.9) (助手)
H338,08/08/2024,踱步,沙田,飛機場,沙田 飛機場,,,,,,助手,,踱步,H,飛機場 踱步 (助手)
H338,07/08/2024,游水,沙田,,沙田,,,,,,,,游水,,
H338,07/08/2024,踱步,沙田,內圈,沙田 內圈,,,,,,助手,,快踱一圈,H,內圈 快踱一圈 (助手)
H338,06/08/2024,游水,沙田,,沙田,,,,,,,,游水,,
H338,06/08/2024,踱步,沙田,內圈,沙田 內圈,,,,,,助手,,快踱一圈,H,內圈 快踱一圈 (助手)
H338,05/08/2024,游水,沙田,,沙田,,,,,,,,游水,,
H338,05/08/2024,快操,沙田,全天候,沙田 全天候,,27.9,27.9,27.9,,助手,,快操,H,27.9 (27.9) (助手)
H338,05/08/2024,踱步,沙田,飛機場,沙田 飛機場,,,,,,助手,,踱步,H,飛機場 踱步 (助手)
H338,04/08/2024,游水,沙田,,沙田,,,,,,,,游水,,
H338,03/08/2024,游水,沙田,,沙田,,,,,,,,游水,,
H338,03/08/2024,踱步,沙田,內圈,沙田 內圈,,,,,,助手,,快踱一圈,H,內圈 快踱一圈 (助手)
H338,02/08/2024,游水,沙田,,沙田,,,,,,,,游水,,
H338,02/08/2024,踱步,沙田,內圈,沙田 內圈,,,,,,助手,,快踱一圈,H,內圈 快踱一圈 (助手)
H338,01/08/2024,快操,沙田,全天候,沙田 全天候,,29.8,29.8,29.8,,助手,,快操,H,29.8 (29.8) (助手)
H338,01/08/2024,踱步,沙田,飛機場,沙田 飛機場,,,,,,助手,,踱步,H,飛機場 踱步 (助手)
H338,31/07/2024,踱步,沙田,內圈,沙田 內圈,,,,,,助手,,快踱一圈,H,內圈 快踱一圈 (助手)
H338,30/07/2024,踱步,沙田,內圈,沙田 內圈,,,,,,助手,,快踱一圈,H,內圈 快踱一圈 (助手)
H338,29/07/2024,踱步,沙田,內圈,沙田 內圈,,,,,,助手,,快踱一圈,H,內圈 快踱一圈 (助手)
H338,27/07/2024,踱步,沙田,飛機場,沙田 飛機場,,,,,,助手,,踱步,H,飛機場 踱步 (助手)
H338,26/07/2024,踱步,沙田,飛機場,沙田 飛機場,,,,,,助手,,踱步,H,飛機場 踱步 (助手)
H338,25/07/2024,踱步,沙田,飛機場,沙田 飛機場,,,,,,助手,,踱步,H,飛機場 踱步 (助手)
H338,24/07/2024,踱步,沙田,飛機場,沙田 飛機場,,,,,,助手,,踱步,H,飛機場 踱步 (助手)
H338,23/07/2024,踱步,沙田,飛機場,沙田 飛機場,,,,,,助手,,踱步,H,飛機場 踱步 (助手)
H338,22/07/2024,踱步,沙田,飛機場,沙田 飛機場,,,,,,助手,,踱步,H,飛機場 踱步 (助手)
H338,05/07/2024,踱步,沙田,內圈,沙田 內圈,,,,,,助手,,快踱一圈,H,內圈 快踱一圈 (助手)
H338,04/07/2024,游水,沙田,,沙田,,,,,,,,游水,,
H338,30/06/2024,游水,沙田,,沙田,,,,,,,,游水,,
H338,29/06/2024,游水,沙田,,沙田,,,,,,,,游水,,
H338,28/06/2024,游水,沙田,,沙田,,,,,,,,游水,,
H338,28/06/2024,踱步,沙田,內圈,沙田 內圈,,,,,,助手,,快踱一圈,H,內圈 快踱一圈 (助手)
H338,27/06/2024,游水,沙田,,沙田,,,,,,,,游水,,
H338,27/06/2024,踱步,沙田,飛機場,沙田 飛機場,,,,,,助手,,踱步,H,飛機場 踱步 (助手)
H338,26/06/2024,游水,沙田,,沙田,,,,,,,,游水,,
H338,23/06/2024,出賽,沙田,草地,沙田 草地,1400M,,,,,田泰安,1/7,出賽,,1400M (田泰安) (1/7)
H338,23/06/2024,踱步,沙田,飛機場,沙田 飛機場,,,,,,助手,,踱步,H,飛機場 踱步 (助手)
H338,22/06/2024,游水,沙田,,沙田,,,,,,,,游水,,
H338,22/06/2024,踱步,沙田,內圈,沙田 內圈,,,,,,助手,,快踱一圈,H,內圈 快踱一圈 (助手)
H338,21/06/2024,游水,沙田,,沙田,,,,,,,,游水,,
H338,21/06/2024,踱步,沙田,內圈,沙田 內圈,,,,,,助手,,快踱一圈,H,內圈 快踱一圈 (助手)
H338,20/06/2024,游水,沙田,,沙田,,,,,,,,游水,,
H338,20/06/2024,快操,沙田,全天候,沙田 全天候,,57.8,57.8,31.6 26.2,,助手,,快操,H,31.6 26.2 (57.8) (助手)
H338,20/06/2024,踱步,沙田,飛機場,沙田 飛機場,,,,,,助手,,踱步,H,飛機場 踱步 (助手)
H338,19/06/2024,游水,沙田,,沙田,,,,,,,,游水,,
H338,19/06/2024,踱步,沙田,內圈,沙田 內圈,,,,,,助手,,快踱一圈,H,內圈 快踱一圈 (助手)
H338,18/06/2024,游水,沙田,,沙田,,,,,,,,游水,,
H338,18/06/2024,踱步,沙田,內圈,沙田 內圈,,,,,,助手,,快踱兩圈,H,內圈 快踱兩圈 (助手)
H338,17/06/2024,游水,沙田,,沙田,,,,,,,,游水,,
H338,17/06/2024,快操,沙田,全天候,沙田 全天候,,59.3,59.3,33.3 26.0,,助手,,快操,H,33.3 26.0 (59.3) (助手)
H338,17/06/2024,踱步,沙田,飛機場,沙田 飛機場,,,,,,助手,,踱步,H,飛機場 踱步 (助手)
H338,15/06/2024,游水,沙田,,沙田,,,,,,,,游水,,
H338,15/06/2024,踱步,沙田,內圈,沙田 內圈,,,,,,助手,,快踱一圈,H,內圈 快踱一圈 (助手)
H338,14/06/2024,游水,沙田,,沙田,,,,,,,,游水,,
H338,14/06/2024,踱步,沙田,內圈,沙田 內圈,,,,,,助手,,快踱一圈,H,內圈 快踱一圈 (助手)
H338,13/06/2024,游水,沙田,,沙田,,,,,,,,游水,,
H338,13/06/2024,快操,沙田,全天候,沙田 全天候,,1.00.2,60.2,33.4 26.8,,助手,,快操,H,33.4 26.8 (1.00.2) (助手)
H338,13/06/2024,踱步,沙田,飛機場,沙田 飛機場,,,,,,助手,,踱步,H,飛機場 踱步 (助手)
H338,12/06/2024,游水,沙田,,沙田,,,,,,,,游水,,
H338,12/06/2024,踱步,沙田,內圈,沙田 內圈,,,,,,助手,,快踱一圈,H,內圈 快踱一圈 (助手)
H338,11/06/2024,游水,沙田,,沙田,,,,,,,,游水,,
H338,11/06/2024,踱步,沙田,內圈,沙田 內圈,,,,,,助手,,快踱一圈,H,內圈 快踱一圈 (助手)
H338,10/06/2024,游水,沙田,,沙田,,,,,,,,游水,,
H338,10/06/2024,快操,沙田,全天候,沙田 全天候,,53.7,53.7,29.0 24.7,,助手,,快操,H,29.0 24.7 (53.7) (助手)
H338,10/06/2024,踱步,沙田,飛機場,沙田 飛機場,,,,,,助手,,踱步,H,飛機場 踱步 (助手)
H338,09/06/2024,游水,沙田,,沙田,,,,,,,,游水,,
H338,08/06/2024,游水,沙田,,沙田,,,,,,,,游水,,
H338,08/06/2024,踱步,沙田,外圈,沙田 外圈,,,,,,助手,,快踱一圈,H,外圈 快踱一圈 (助手)
H338,07/06/2024,游水,沙田,,沙田,,,,,,,,游水,,
H338,07/06/2024,踱步,沙田,內圈,沙田 內圈,,,,,,助手,,快踱一圈,H,內圈 快踱一圈 (助手)
H338,06/06/2024,游水,沙田,,沙田,,,,,,,,游水,,
H338,06/06/2024,踱步,沙田,飛機場,沙田 飛機場,,,,,,助手,,踱步,H,飛機場 踱步 (助手)
H338,05/06/2024,游水,沙田,,沙田,,,,,,,,游水,,
H338,02/06/2024,出賽,沙田,草地,沙田 草地,1200M,,,,,班德禮,4/8,出賽,,1200M (班德禮) (4/8)
H338,02/06/2024,踱步,沙田,飛機場,沙田 飛機場,,,,,,助手,,踱步,H,飛機場 踱步 (助手)
H338,01/06/2024,游水,沙田,,沙田,,,,,,,,游水,,
H338,01/06/2024,踱步,沙田,內圈,沙田 內圈,,,,,,助手,,快踱一圈,H,內圈 快踱一圈 (助手)
H338,31/05/2024,游水,沙田,,沙田,,,,,,,,游水,,
H338,31/05/2024,踱步,沙田,內圈,沙田 內圈,,,,,,班德禮,,快踱一圈,H,內圈 快踱一圈 (班德禮)
H338,30/05/2024,快操,從化,全天候,從化 全天候,,55.6,55.6,31.5 24.1,,助手,,快操,H,31.5 24.1 (55.6) (助手)
H338,30/05/2024,踱步,從化,飛機場,從化 飛機場,,,,,,助手,,踱步,H,飛機場 踱步 (助手)
H338,29/05/2024,游水,從化,,從化,,,,,,,,游水,,
H338,29/05/2024,踱步,從化,內圈,從化 內圈,,,,,,助手,,快踱一圈,H,內圈 快踱一圈 (助手)
H338,28/05/2024,游水,從化,,從化,,,,,,,,游水,,
H338,28/05/2024,踱步,從化,內圈,從化 內圈,,,,,,助手,,快踱一圈,H,內圈 快踱一圈 (助手)
H338,27/05/2024,游水,從化,,從化,,,,,,,,游水,,
H338,27/05/2024,快操,從化,全天候,從化 全天候,,57.2,57.2,31.6 25.6,,助手,,快操,H,31.6 25.6 (57.2) (助手)
H338,27/05/2024,踱步,從化,飛機場,從化 飛機場,,,,,,助手,,踱步,H,飛機場 踱步 (助手)
H338,26/05/2024,游水,從化,,從化,,,,,,,,游水,,
H338,25/05/2024,游水,從化,,從化,,,,,,,,游水,,
H338,25/05/2024,踱步,從化,內圈,從化 內圈,,,,,,助手,,快踱一圈,H,內圈 快踱一圈 (助手)
H338,24/05/2024,游水,從化,,從化,,,,,,,,游水,,
H338,24/05/2024,踱步,從化,內圈,從化 內圈,,,,,,助手,,快踱一圈,H,內圈 快踱一圈 (助手)
H338,23/05/2024,游水,從化,,從化,,,,,,,,游水,,
H338,23/05/2024,快操,從化,全天候,從化 全天候,,56.3,56.3,30.7 25.6,,助手,,快操,H,30.7 25.6 (56.3) (助手)
H338,23/05/2024,踱步,從化,飛機場,從化 飛機場,,,,,,助手,,踱步,H,飛機場 踱步 (助手)
H338,22/05/2024,游水,從化,,從化,,,,,,,,游水,,
H338,22/05/2024,踱步,從化,內圈,從化 內圈,,,,,,助手,,快踱一圈,H,內圈 快踱一圈 (助手)
H338,21/05/2024,游水,從化,,從化,,,,,,,,游水,,
H338,21/05/2024,踱步,從化,內圈,從化 內圈,,,,,,助手,,快踱一圈,H,內圈 快踱一圈 (助手)
H338,20/05/2024,游水,從化,,從化,,,,,,,,游水,,
H338,20/05/2024,踱步,從化,內圈,從化 內圈,,,,,,助手,,倒快一圈,H,內圈 倒快一圈 (助手)
H338,19/05/2024,游水,從化,,從化,,,,,,,,游水,,
H338,19/05/2024,踱步,從化,內圈,從化 內圈,,,,,,助手,,快踱一圈,H,內圈 快踱一圈 (助手)
H338,18/05/2024,游水,從化,,從化,,,,,,,,游水,,
H338,17/05/2024,試閘,從化,草地,從化 草地,1200M,1.10.63,70.63,25.3 22.0 23.3,維港智能,何澤堯,,第5組,B,第5組 (何澤堯) 1200M 維港智能 25.3 22.0 23.3 (1.10.63)
H338,17/05/2024,踱步,從化,飛機場,從化 飛機場,,,,,,助手,,踱步,B,飛機場 踱步 (助手)
H338,16/05/2024,游水,從化,,從化,,,,,,,,游水,,
H338,16/05/2024,踱步,從化,內圈,從化 內圈,,,,,,助手,,倒快一圈,H,內圈 倒快一圈 (助手)
H338,15/05/2024,游水,從化,,從化,,,,,,,,游水,,
H338,15/05/2024,踱步,從化,內圈,從化 內圈,,,,,,助手,,快踱一圈,H,內圈 快踱一圈 (助手)
H338,14/05/2024,游水,從化,,從化,,,,,,,,游水,,
H338,14/05/2024,踱步,從化,內圈,從化 內圈,,,,,,助手,,快踱一圈,H,內圈 快踱一圈 (助手)
H338,13/05/2024,游水,從化,,從化,,,,,,,,游水,,
H338,13/05/2024,快操,從化,全天候,從化 全天候,,55.8,55.8,31.0 24.8,,副練馬師,,快操,H,31.0 24.8 (55.8) (副練馬師)
H338,13/05/2024,踱步,從化,飛機場,從化 飛機場,,,,,,副練馬師,,踱步,H,飛機場 踱步 (副練馬師)
H338,12/05/2024,游水,從化,,從化,,,,,,,,游水,,
H338,11/05/2024,游水,從化,,從化,,,,,,,,游水,,
H338,11/05/2024,踱步,從化,內圈,從化 內圈,,,,,,助手,,快踱一圈,H,內圈 快踱一圈 (助手)
H338,10/05/2024,游水,從化,,從化,,,,,,,,游水,,
H338,10/05/2024,踱步,從化,內圈,從化 內圈,,,,,,助手,,快踱一圈,H,內圈 快踱一圈 (助手)
H338,09/05/2024,游水,從化,,從化,,,,,,,,游水,,
H338,09/05/2024,快操,從化,全天候,從化 全天候,,58.8,58.8,33.0 25.8,,副練馬師,,快操,B,33.0 25.8 (58.8) (副練馬師)
H338,09/05/2024,踱步,從化,飛機場,從化 飛機場,,,,,,副練馬師,,踱步,B,飛機場 踱步 (副練馬師)
H338,08/05/2024,游水,從化,,從化,,,,,,,,游水,,
H338,08/05/2024,踱步,從化,內圈,從化 內圈,,,,,,助手,,快踱一圈,H,內圈 快踱一圈 (助手)
H338,07/05/2024,游水,從化,,從化,,,,,,,,游水,,
H338,07/05/2024,踱步,從化,內圈,從化 內圈,,,,,,助手,,快踱一圈,H,內圈 快踱一圈 (助手)
H338,06/05/2024,游水,從化,,從化,,,,,,,,游水,,
H338,06/05/2024,快操,從化,全天候,從化 全天候,,58.4,58.4,31.7 26.7,,助手,,快操,H,31.7 26.7 (58.4) (助手)
H338,06/05/2024,踱步,從化,飛機場,從化 飛機場,,,,,,助手,,踱步,H,飛機場 踱步 (助手)
H338,05/05/2024,游水,從化,,從化,,,,,,,,游水,,
H338,04/05/2024,游水,從化,,從化,,,,,,,,游水,,
H338,04/05/2024,踱步,從化,內圈,從化 內圈,,,,,,助手,,快踱一圈,H,內圈 快踱一圈 (助手)
H338,03/05/2024,游水,從化,,從化,,,,,,,,游水,,
H338,03/05/2024,踱步,從化,內圈,從化 內圈,,,,,,助手,,快踱一圈,H,內圈 快踱一圈 (助手)
H338,02/05/2024,游水,從化,,從化,,,,,,,,游水,,
H338,02/05/2024,踱步,從化,飛機場,從化 飛機場,,,,,,助手,,踱步,H,飛機場 踱步 (助手)
H338,28/04/2024,出賽,沙田,草地,沙田 草地,1200M,,,,,薛恩,3/11,出賽,H-,1200M (薛恩) (3/11)
H338,28/04/2024,踱步,沙田,飛機場,沙田 飛機場,,,,,,助手,,踱步,H,飛機場 踱步 (助手)
H338,27/04/2024,游水,沙田,,沙田,,,,,,,,游水,,
H338,27/04/2024,踱步,沙田,內圈,沙田 內圈,,,,,,助手,,快踱一圈,H,內圈 快踱一圈 (助手)
H338,26/04/2024,游水,沙田,,沙田,,,,,,,,游水,,
H338,26/04/2024,踱步,沙田,內圈,沙田 內圈,,,,,,助手,,快踱一圈,H,內圈 快踱一圈 (助手)
H338,25/04/2024,快操,從化,全天候,從化 全天候,,56.6,56.6,31.4 25.2,,助手,,快操,H,31.4 25.2 (56.6) (助手)
H338,25/04/2024,踱步,從化,飛機場,從化 飛機場,,,,,,助手,,踱步,H,飛機場 踱步 (助手)
H338,24/04/2024,游水,從化,,從化,,,,,,,,游水,,
H338,24/04/2024,踱步,從化,內圈,從化 內圈,,,,,,助手,,快踱一圈,H,內圈 快踱一圈 (助手)
H338,23/04/2024,游水,從化,,從化,,,,,,,,游水,,
H338,23/04/2024,踱步,從化,內圈,從化 內圈,,,,,,助手,,快踱一圈,H,內圈 快踱一圈 (助手)
H338,22/04/2024,游水,從化,,從化,,,,,,,,游水,,
H338,22/04/2024,踱步,從化,內圈,從化 內圈,,,,,,助手,,倒快一圈,H,內圈 倒快一圈 (助手)
H338,21/04/2024,游水,從化,,從化,,,,,,,,游水,,
H338,20/04/2024,游水,從化,,從化,,,,,,,,游水,,
H338,20/04/2024,踱步,從化,內圈,從化 內圈,,,,,,助手,,快踱一圈,H,內圈 快踱一圈 (助手)
H338,18/04/2024,試閘,從化,全天候,從化 全天候,1200M,1.10.88,70.88,25.3 22.9 22.6,綠族無限,查本楠,,第1組,,第1組 (查本楠) 1200M 綠族無限 25.3 22.9 22.6 (1.10.88)
H338,18/04/2024,踱步,從化,飛機場,從化 飛機場,,,,,,助手,,踱步,,飛機場 踱步 (助手)
H338,17/04/2024,游水,從化,,從化,,,,,,,,游水,,
H338,17/04/2024,踱步,從化,內圈,從化 內圈,,,,,,助手,,快踱一圈,H,內圈 快踱一圈 (助手)
H338,16/04/2024,游水,從化,,從化,,,,,,,,游水,,
H338,16/04/2024,踱步,從化,內圈,從化 內圈,,,,,,副練馬師,,快踱一圈,H,內圈 快踱一圈 (副練馬師)
H338,15/04/2024,游水,從化,,從化,,,,,,,,游水,,
H338,15/04/2024,快操,從化,全天候,從化 全天候,,57.2,57.2,31.8 25.4,,副練馬師,,快操,H,31.8 25.4 (57.2) (副練馬師)
H338,15/04/2024,踱步,從化,飛機場,從化 飛機場,,,,,,副練馬師,,踱步,H,飛機場 踱步 (副練馬師)
H338,14/04/2024,游水,從化,,從化,,,,,,,,游水,,
H338,13/04/2024,游水,從化,,從化,,,,,,,,游水,,
H338,13/04/2024,踱步,從化,內圈,從化 內圈,,,,,,助手,,快踱一圈,H,內圈 快踱一圈 (助手)
H338,12/04/2024,游水,從化,,從化,,,,,,,,游水,,
H338,12/04/2024,踱步,從化,內圈,從化 內圈,,,,,,助手,,快踱一圈,H,內圈 快踱一圈 (助手)
H338,11/04/2024,游水,從化,,從化,,,,,,,,游水,,
H338,11/04/2024,快操,從化,全天候,從化 全天候,,56.5,56.5,30.7 25.8,,助手,,快操,H,30.7 25.8 (56.5) (助手)
H338,11/04/2024,踱步,從化,飛機場,從化 飛機場,,,,,,助手,,踱步,H,飛機場 踱步 (助手)
H338,10/04/2024,游水,從化,,從化,,,,,,,,游水,,
H338,10/04/2024,踱步,從化,內圈,從化 內圈,,,,,,助手,,快踱一圈,H,內圈 快踱一圈 (助手)
H338,09/04/2024,游水,從化,,從化,,,,,,,,游水,,
H338,09/04/2024,踱步,從化,內圈,從化 內圈,,,,,,助手,,快踱一圈,H,內圈 快踱一圈 (助手)
H338,08/04/2024,游水,從化,,從化,,,,,,,,游水,,
H338,08/04/2024,快操,從化,全天候,從化 全天候,,58.0,58.0,31.5 26.5,,助手,,快操,H,31.5 26.5 (58.0) (助手)
H338,08/04/2024,踱步,從化,飛機場,從化 飛機場,,,,,,助手,,踱步,H,飛機場 踱步 (助手)
H338,07/04/2024,游水,從化,,從化,,,,,,,,游水,,
H338,06/04/2024,游水,從化,,從化,,,,,,,,游水,,
H338,06/04/2024,踱步,從化,內圈,從化 內圈,,,,,,助手,,快踱一圈,H,內圈 快踱一圈 (助手)
H338,05/04/2024,游水,從化,,從化,,,,,,,,游水,,
H338,05/04/2024,踱步,從化,內圈,從化 內圈,,,,,,助手,,快踱一圈,H,內圈 快踱一圈 (助手)
H338,04/04/2024,游水,從化,,從化,,,,,,,,游水,,
H338,04/04/2024,踱步,從化,飛機場,從化 飛機場,,,,,,助手,,踱步,H,飛機場 踱步 (助手)
H338,02/04/2024,游水,沙田,,沙田,,,,,,,,游水,,
H338,31/03/2024,出賽,沙田,草地,沙田 草地,1600M,,,,,布文,3/7,出賽,H1,1600M (布文) (3/7)
H338,31/03/2024,踱步,沙田,內圈,沙田 內圈,,,,,,助手,,快踱一圈,H,內圈 快踱一圈 (助手)
H338,30/03/2024,游水,沙田,,沙田,,,,,,,,游水,,
H338,30/03/2024,踱步,沙田,內圈,沙田 內圈,,,,,,助手,,快踱一圈,H,內圈 快踱一圈 (助手)
H338,29/03/2024,游水,沙田,,沙田,,,,,,,,游水,,
H338,29/03/2024,踱步,沙田,內圈,沙田 內圈,,,,,,助手,,快踱一圈,H,內圈 快踱一圈 (助手)
H338,28/03/2024,快操,從化,全天候,從化 全天候,,55.3,55.3,30.4 24.9,,助手,,快操,H,30.4 24.9 (55.3) (助手)
H338,28/03/2024,踱步,從化,飛機場,從化 飛機場,,,,,,助手,,踱步,H,飛機場 踱步 (助手)
H338,27/03/2024,游水,從化,,從化,,,,,,,,游水,,
H338,27/03/2024,踱步,從化,內圈,從化 內圈,,,,,,助手,,快踱一圈,H,內圈 快踱一圈 (助手)
H338,26/03/2024,游水,從化,,從化,,,,,,,,游水,,
H338,26/03/2024,踱步,從化,內圈,從化 內圈,,,,,,助手,,快踱一圈,H,內圈 快踱一圈 (助手)
H338,25/03/2024,游水,從化,,從化,,,,,,,,游水,,
H338,25/03/2024,踱步,從化,內圈,從化 內圈,,,,,,副練馬師,,倒快一圈,H,內圈 倒快一圈 (副練馬師)
H338,24/03/2024,游水,從化,,從化,,,,,,,,游水,,
H338,23/03/2024,游水,從化,,從化,,,,,,,,游水,,
H338,23/03/2024,踱步,從化,內圈,從化 內圈,,,,,,助手,,快踱一圈,H,內圈 快踱一圈 (助手)
H338,22/03/2024,游水,從化,,從化,,,,,,,,游水,,
H338,21/03/2024,試閘,從化,草地,從化 草地,1200M,1.11.47,71.47,25.3 23.1 23.0,綠族無限,查本楠,,第4組,H,第4組 (查本楠) 1200M 綠族無限 25.3 23.1 23.0 (1.11.47)
H338,21/03/2024,踱步,從化,飛機場,從化 飛機場,,,,,,助手,,踱步,H,飛機場 踱步 (助手)
H338,20/03/2024,游水,從化,,從化,,,,,,,,游水,,
H338,20/03/2024,踱步,從化,內圈,從化 內圈,,,,,,助手,,快踱一圈,H,內圈 快踱一圈 (助手)
H338,19/03/2024,游水,從化,,從化,,,,,,,,游水,,
H338,19/03/2024,踱步,從化,內圈,從化 內圈,,,,,,助手,,快踱一圈,H,內圈 快踱一圈 (助手)
H338,18/03/2024,游水,從化,,從化,,,,,,,,游水,,
H338,18/03/2024,快操,從化,全天候,從化 全天候,,56.7,56.7,31.7 25.0,,助手,,快操,H,31.7 25.0 (56.7) (助手)
H338,18/03/2024,踱步,從化,飛機場,從化 飛機場,,,,,,助手,,踱步,H,飛機場 踱步 (助手)
H338,17/03/2024,游水,從化,,從化,,,,,,,,游水,,
H338,16/03/2024,游水,從化,,從化,,,,,,,,游水,,
H338,16/03/2024,踱步,從化,內圈,從化 內圈,,,,,,助手,,快踱一圈,H,內圈 快踱一圈 (助手)
H338,15/03/2024,游水,從化,,從化,,,,,,,,游水,,
H338,15/03/2024,踱步,從化,內圈,從化 內圈,,,,,,助手,,快踱一圈,H,內圈 快踱一圈 (助手)
H338,14/03/2024,游水,從化,,從化,,,,,,,,游水,,
H338,14/03/2024,快操,從化,全天候,從化 全天候,,55.1,55.1,30.4 24.7,,助手,,快操,H,30.4 24.7 (55.1) (助手)
H338,14/03/2024,踱步,從化,飛機場,從化 飛機場,,,,,,助手,,踱步,H,飛機場 踱步 (助手)
H338,13/03/2024,游水,從化,,從化,,,,,,,,游水,,
H338,13/03/2024,踱步,從化,內圈,從化 內圈,,,,,,助手,,快踱一圈,H,內圈 快踱一圈 (助手)
H338,12/03/2024,游水,從化,,從化,,,,,,,,游水,,
H338,12/03/2024,踱步,從化,內圈,從化 內圈,,,,,,助手,,快踱一圈,H,內圈 快踱一圈 (助手)
H338,11/03/2024,游水,從化,,從化,,,,,,,,游水,,
H338,11/03/2024,踱步,從化,內圈,從化 內圈,,,,,,助手,,倒快一圈,H,內圈 倒快一圈 (助手)
H338,10/03/2024,游水,從化,,從化,,,,,,,,游水,,
H338,10/03/2024,踱步,從化,內圈,從化 內圈,,,,,,助手,,快踱一圈,H,內圈 快踱一圈 (助手)
H338,09/03/2024,游水,從化,,從化,,,,,,,,游水,,
H338,08/03/2024,試閘,從化,草地,從化 草地,1000M,0.58.25,58.25,14.0 21.7 22.5,綠族無限,蔡明紹,,第1組,H,第1組 (蔡明紹) 1000M 綠族無限 14.0 21.7 22.5 (0.58.25)
H338,08/03/2024,踱步,從化,飛機場,從化 飛機場,,,,,,助手,,踱步,H,飛機場 踱步 (助手)
H338,07/03/2024,踱步,從化,內圈,從化 內圈,,,,,,助手,,倒快一圈,H,內圈 倒快一圈 (助手)
H338,06/03/2024,游水,從化,,從化,,,,,,,,游水,,
H338,06/03/2024,踱步,從化,內圈,從化 內圈,,,,,,助手,,快踱一圈,H,內圈 快踱一圈 (助手)
H338,05/03/2024,游水,從化,,從化,,,,,,,,游水,,
H338,05/03/2024,踱步,從化,內圈,從化 內圈,,,,,,助手,,快踱一圈,H,內圈 快踱一圈 (助手)
H338,04/03/2024,游水,從化,,從化,,,,,,,,游水,,
H338,04/03/2024,快操,從化,全天候,從化 全天候,,56.6,56.6,31.4 25.2,,助手,,快操,H,31.4 25.2 (56.6) (助手)
H338,04/03/2024,踱步,從化,飛機場,從化 飛機場,,,,,,助手,,踱步,H,飛機場 踱步 (助手)
H338,03/03/2024,游水,從化,,從化,,,,,,,,游水,,
H338,02/03/2024,游水,從化,,從化,,,,,,,,游水,,
H338,02/03/2024,踱步,從化,內圈,從化 內圈,,,,,,助手,,快踱一圈,H,內圈 快踱一圈 (助手)
H338,01/03/2024,游水,從化,,從化,,,,,,,,游水,,
H338,01/03/2024,踱步,從化,內圈,從化 內圈,,,,,,助手,,快踱一圈,H,內圈 快踱一圈 (助手)
H338,29/02/2024,游水,從化,,從化,,,,,,,,游水,,
H338,29/02/2024,快操,從化,全天候,從化 全天候,,24.8,24.8,24.8,,助手,,快操,H,24.8 (24.8) (助手)
H338,29/02/2024,踱步,從化,飛機場,從化 飛機場,,,,,,助手,,踱步,H,飛機場 踱步 (助手)
H338,28/02/2024,游水,從化,,從化,,,,,,,,游水,,
H338,28/02/2024,踱步,從化,內圈,從化 內圈,,,,,,助手,,快踱一圈,H,內圈 快踱一圈 (助手)
H338,27/02/2024,游水,從化,,從化,,,,,,,,游水,,
H338,27/02/2024,踱步,從化,內圈,從化 內圈,,,,,,助手,,快踱一圈,H,內圈 快踱一圈 (助手)
H338,26/02/2024,游水,從化,,從化,,,,,,,,游水,,
H338,26/02/2024,快操,從化,全天候,從化 全天候,,58.0,58.0,32.3 25.7,,助手,,快操,H,32.3 25.7 (58.0) (助手)
H338,26/02/2024,踱步,從化,飛機場,從化 飛機場,,,,,,助手,,踱步,H,飛機場 踱步 (助手)
H338,25/02/2024,游水,從化,,從化,,,,,,,,游水,,
H338,24/02/2024,游水,從化,,從化,,,,,,,,游水,,
H338,24/02/2024,踱步,從化,內圈,從化 內圈,,,,,,助手,,快踱一圈,H,內圈 快踱一圈 (助手)
H338,23/02/2024,踱步,從化,內圈,從化 內圈,,,,,,助手,,快踱一圈,H,內圈 快踱一圈 (助手)
H338,22/02/2024,游水,從化,,從化,,,,,,,,游水,,
H338,22/02/2024,踱步,從化,內圈,從化 內圈,,,,,,助手,,倒快一圈,H,內圈 倒快一圈 (助手)
H338,21/02/2024,游水,從化,,從化,,,,,,,,游水,,
H338,21/02/2024,踱步,從化,內圈,從化 內圈,,,,,,助手,,快踱一圈,H,內圈 快踱一圈 (助手)
H338,20/02/2024,游水,從化,,從化,,,,,,,,游水,,
H338,20/02/2024,踱步,從化,內圈,從化 內圈,,,,,,副練馬師,,快踱一圈,H,內圈 快踱一圈 (副練馬師)
H338,19/02/2024,游水,從化,,從化,,,,,,,,游水,,
H338,19/02/2024,踱步,從化,內圈,從化 內圈,,,,,,助手,,倒快一圈,H,內圈 倒快一圈 (助手)
H338,18/02/2024,游水,從化,,從化,,,,,,,,游水,,
H338,17/02/2024,游水,從化,,從化,,,,,,,,游水,,
H338,17/02/2024,踱步,從化,內圈,從化 內圈,,,,,,助手,,快踱一圈,H,內圈 快踱一圈 (助手)
H338,16/02/2024,游水,從化,,從化,,,,,,,,游水,,
H338,16/02/2024,踱步,從化,飛機場,從化 飛機場,,,,,,副練馬師,,踱步,H,飛機場 踱步 (副練馬師)
H338,12/02/2024,出賽,沙田,草地,沙田 草地,1400M,,,,,田泰安,2/6,出賽,,1400M (田泰安) (2/6)
H338,12/02/2024,踱步,沙田,飛機場,沙田 飛機場,,,,,,助手,,踱步,H,飛機場 踱步 (助手)
H338,11/02/2024,游水,沙田,,沙田,,,,,,,,游水,,
H338,11/02/2024,踱步,沙田,內圈,沙田 內圈,,,,,,助手,,快踱一圈,H,內圈 快踱一圈 (助手)
H338,09/02/2024,游水,沙田,,沙田,,,,,,,,游水,,
H338,09/02/2024,快操,沙田,全天候,沙田 全天候,,57.8,57.8,31.9 25.9,,助手,,快操,H,31.9 25.9 (57.8) (助手)
H338,09/02/2024,踱步,沙田,飛機場,沙田 飛機場,,,,,,助手,,踱步,H,飛機場 踱步 (助手)
H338,08/02/2024,踱步,從化,飛機場,從化 飛機場,,,,,,助手,,踱步,H,飛機場 踱步 (助手)
H338,07/02/2024,踱步,從化,內圈,從化 內圈,,,,,,副練馬師,,快踱一圈,H,內圈 快踱一圈 (副練馬師)
H338,06/02/2024,游水,從化,,從化,,,,,,,,游水,,
H338,06/02/2024,踱步,從化,內圈,從化 內圈,,,,,,助手,,快踱一圈,H,內圈 快踱一圈 (助手)
H338,05/02/2024,游水,從化,,從化,,,,,,,,游水,,
H338,05/02/2024,快操,從化,全天候,從化 全天候,,56.9,56.9,31.5 25.4,,副練馬師,,快操,H,31.5 25.4 (56.9) (副練馬師)
H338,05/02/2024,踱步,從化,飛機場,從化 飛機場,,,,,,副練馬師,,踱步,H,飛機場 踱步 (副練馬師)
H338,04/02/2024,游水,從化,,從化,,,,,,,,游水,,
H338,03/02/2024,游水,從化,,從化,,,,,,,,游水,,
H338,03/02/2024,踱步,從化,內圈,從化 內圈,,,,,,助手,,快踱一圈,H,內圈 快踱一圈 (助手)
H338,02/02/2024,游水,從化,,從化,,,,,,,,游水,,
H338,02/02/2024,踱步,從化,內圈,從化 內圈,,,,,,助手,,快踱一圈,H,內圈 快踱一圈 (助手)
H338,01/02/2024,游水,從化,,從化,,,,,,,,游水,,
H338,01/02/2024,快操,從化,全天候,從化 全天候,,58.3,58.3,32.4 25.9,,副練馬師,,快操,H,32.4 25.9 (58.3) (副練馬師)
H338,01/02/2024,踱步,從化,飛機場,從化 飛機場,,,,,,副練馬師,,踱步,H,飛機場 踱步 (副練馬師)
H338,31/01/2024,游水,從化,,從化,,,,,,,,游水,,
H338,31/01/2024,踱步,從化,內圈,從化 內圈,,,,,,助手,,快踱一圈,H,內圈 快踱一圈 (助手)
H338,30/01/2024,游水,從化,,從化,,,,,,,,游水,,
H338,30/01/2024,踱步,從化,內圈,從化 內圈,,,,,,助手,,快踱一圈,H,內圈 快踱一圈 (助手)
H338,29/01/2024,游水,從化,,從化,,,,,,,,游水,,
H338,29/01/2024,快操,從化,全天候,從化 全天候,,57.9,57.9,31.9 26.0,,助手,,快操,H,31.9 26.0 (57.9) (助手)
H338,29/01/2024,踱步,從化,飛機場,從化 飛機場,,,,,,助手,,踱步,H,飛機場 踱步 (助手)
H338,27/01/2024,踱步,從化,內圈,從化 內圈,,,,,,助手,,快踱一圈,H,內圈 快踱一圈 (助手)
H338,26/01/2024,游水,從化,,從化,,,,,,,,游水,,
H338,26/01/2024,踱步,從化,內圈,從化 內圈,,,,,,助手,,快踱一圈,H,內圈 快踱一圈 (助手)
H338,25/01/2024,踱步,從化,飛機場,從化 飛機場,,,,,,副練馬師,,踱步,H,飛機場 踱步 (副練馬師)
H338,21/01/2024,出賽,沙田,草地,沙田 草地,1400M,,,,,田泰安,1/12,出賽,,1400M (田泰安) (1/12)
H338,21/01/2024,踱步,沙田,飛機場,沙田 飛機場,,,,,,助手,,踱步,H,飛機場 踱步 (助手)
H338,20/01/2024,游水,沙田,,沙田,,,,,,,,游水,,
H338,20/01/2024,踱步,沙田,內圈,沙田 內圈,,,,,,助手,,快踱一圈,H,內圈 快踱一圈 (助手)
H338,19/01/2024,游水,沙田,,沙田,,,,,,,,游水,,
H338,19/01/2024,踱步,沙田,內圈,沙田 內圈,,,,,,助手,,快踱一圈,H,內圈 快踱一圈 (助手)
H338,18/01/2024,快操,從化,全天候,從化 全天候,,57.4,57.4,33.2 24.2,,副練馬師,,快操,H,33.2 24.2 (57.4) (副練馬師)
H338,18/01/2024,踱步,從化,飛機場,從化 飛機場,,,,,,副練馬師,,踱步,H,飛機場 踱步 (副練馬師)
H338,17/01/2024,游水,從化,,從化,,,,,,,,游水,,
H338,17/01/2024,踱步,從化,內圈,從化 內圈,,,,,,助手,,快踱一圈,H,內圈 快踱一圈 (助手)
H338,16/01/2024,游水,從化,,從化,,,,,,,,游水,,
H338,16/01/2024,踱步,從化,內圈,從化 內圈,,,,,,助手,,快踱一圈,H,內圈 快踱一圈 (助手)
H338,15/01/2024,游水,從化,,從化,,,,,,,,游水,,
H338,15/01/2024,快操,從化,草地,從化 草地,,57.1,57.1,31.0 26.1,,助手,,快操,H,31.0 26.1 (57.1) (助手)
H338,15/01/2024,踱步,從化,飛機場,從化 飛機場,,,,,,助手,,踱步,H,飛機場 踱步 (助手)
H338,14/01/2024,游水,從化,,從化,,,,,,,,游水,,
H338,13/01/2024,游水,從化,,從化,,,,,,,,游水,,
H338,13/01/2024,踱步,從化,內圈,從化 內圈,,,,,,助手,,快踱一圈,H,內圈 快踱一圈 (助手)
H338,12/01/2024,游水,從化,,從化,,,,,,,,游水,,
H338,12/01/2024,踱步,從化,內圈,從化 內圈,,,,,,助手,,快踱一圈,H,內圈 快踱一圈 (助手)
H338,11/01/2024,游水,從化,,從化,,,,,,,,游水,,
H338,11/01/2024,快操,從化,全天候,從化 全天候,,56.7,56.7,32.0 24.7,,助手,,快操,H,32.0 24.7 (56.7) (助手)
H338,11/01/2024,踱步,從化,飛機場,從化 飛機場,,,,,,助手,,踱步,H,飛機場 踱步 (助手)
H338,10/01/2024,游水,從化,,從化,,,,,,,,游水,,
H338,10/01/2024,踱步,從化,內圈,從化 內圈,,,,,,副練馬師,,快踱一圈,H,內圈 快踱一圈 (副練馬師)
H338,09/01/2024,游水,從化,,從化,,,,,,,,游水,,
H338,09/01/2024,踱步,從化,內圈,從化 內圈,,,,,,助手,,快踱一圈,H,內圈 快踱一圈 (助手)
H338,08/01/2024,踱步,從化,內圈,從化 內圈,,,,,,助手,,倒快一圈,H,內圈 倒快一圈 (助手)
H338,06/01/2024,游水,從化,,從化,,,,,,,,游水,,
H338,06/01/2024,踱步,從化,內圈,從化 內圈,,,,,,助手,,快踱一圈,H,內圈 快踱一圈 (助手)
H338,05/01/2024,踱步,沙田,飛機場,沙田 飛機場,,,,,,助手,,踱步,H,飛機場 踱步 (助手)
H338,04/01/2024,游水,沙田,,沙田,,,,,,,,游水,,
H338,01/01/2024,出賽,沙田,草地,沙田 草地,1200M,,,,,田泰安,3/14,出賽,,1200M (田泰安) (3/14)
H338,01/01/2024,踱步,沙田,飛機場,沙田 飛機場,,,,,,助手,,踱步,H,飛機場 踱步 (助手)
H338,31/12/2023,游水,沙田,,沙田,,,,,,,,游水,,
H338,31/12/2023,踱步,沙田,內圈,沙田 內圈,,,,,,助手,,快踱一圈,H,內圈 快踱一圈 (助手)
H338,30/12/2023,游水,沙田,,沙田,,,,,,,,游水,,
H338,30/12/2023,踱步,沙田,內圈,沙田 內圈,,,,,,助手,,快踱一圈,H,內圈 快踱一圈 (助手)
H338,29/12/2023,游水,沙田,,沙田,,,,,,,,游水,,
H338,29/12/2023,快操,沙田,全天候,沙田 全天候,,56.3,56.3,31.6 24.7,,助手,,快操,H,31.6 24.7 (56.3) (助手)
H338,29/12/2023,踱步,沙田,飛機場,沙田 飛機場,,,,,,助手,,踱步,H,飛機場 踱步 (助手)
H338,28/12/2023,游水,沙田,,沙田,,,,,,,,游水,,
H338,28/12/2023,踱步,沙田,內圈,沙田 內圈,,,,,,助手,,倒快兩圈,H,內圈 倒快兩圈 (助手)
H338,27/12/2023,游水,沙田,,沙田,,,,,,,,游水,,
H338,27/12/2023,踱步,沙田,內圈,沙田 內圈,,,,,,助手,,快踱一圈,H,內圈 快踱一圈 (助手)
H338,26/12/2023,游水,沙田,,沙田,,,,,,,,游水,,
H338,26/12/2023,快操,沙田,全天候,沙田 全天候,,57.5,57.5,31.9 25.6,,助手,,快操,H,31.9 25.6 (57.5) (助手)
H338,26/12/2023,踱步,沙田,飛機場,沙田 飛機場,,,,,,助手,,踱步,H,飛機場 踱步 (助手)
H338,25/12/2023,游水,沙田,,沙田,,,,,,,,游水,,
H338,25/12/2023,踱步,沙田,內圈,沙田 內圈,,,,,,助手,,倒快一圈,H,內圈 倒快一圈 (助手)
H338,24/12/2023,游水,沙田,,沙田,,,,,,,,游水,,
H338,23/12/2023,踱步,沙田,內圈,沙田 內圈,,,,,,助手,,快踱一圈,H,內圈 快踱一圈 (助手)
H338,22/12/2023,踱步,沙田,內圈,沙田 內圈,,,,,,助手,,快踱一圈,H,內圈 快踱一圈 (助手)
H338,21/12/2023,游水,沙田,,沙田,,,,,,,,游水,,
H338,21/12/2023,踱步,沙田,飛機場,沙田 飛機場,,,,,,助手,,踱步,H,飛機場 踱步 (助手)
H338,20/12/2023,游水,沙田,,沙田,,,,,,,,游水,,
H338,19/12/2023,游水,沙田,,沙田,,,,,,,,游水,,
H338,17/12/2023,出賽,沙田,草地,沙田 草地,1200M,,,,,田泰安,1/14,出賽,,1200M (田泰安) (1/14)
H338,17/12/2023,踱步,沙田,飛機場,沙田 飛機場,,,,,,助手,,踱步,H,飛機場 踱步 (助手)
H338,16/12/2023,游水,沙田,,沙田,,,,,,,,游水,,
H338,16/12/2023,踱步,沙田,內圈,沙田 內圈,,,,,,助手,,快踱一圈,H,內圈 快踱一圈 (助手)
H338,15/12/2023,游水,沙田,,沙田,,,,,,,,游水,,
H338,15/12/2023,踱步,沙田,內圈,沙田 內圈,,,,,,助手,,快踱一圈,H,內圈 快踱一圈 (助手)
H338,14/12/2023,快操,從化,全天候,從化 全天候,,56.6,56.6,31.6 25.0,,助手,,快操,H,31.6 25.0 (56.6) (助手)
H338,14/12/2023,踱步,從化,飛機場,從化 飛機場,,,,,,助手,,踱步,H,飛機場 踱步 (助手)
H338,13/12/2023,游水,從化,,從化,,,,,,,,游水,,
H338,13/12/2023,踱步,從化,內圈,從化 內圈,,,,,,助手,,快踱一圈,H,內圈 快踱一圈 (助手)
H338,12/12/2023,游水,從化,,從化,,,,,,,,游水,,
H338,12/12/2023,踱步,從化,內圈,從化 內圈,,,,,,助手,,快踱一圈,H,內圈 快踱一圈 (助手)
H338,11/12/2023,游水,從化,,從化,,,,,,,,游水,,
H338,11/12/2023,踱步,從化,內圈,從化 內圈,,,,,,副練馬師,,倒快一圈,H,內圈 倒快一圈 (副練馬師)
H338,10/12/2023,游水,從化,,從化,,,,,,,,游水,,
H338,09/12/2023,游水,從化,,從化,,,,,,,,游水,,
H338,09/12/2023,踱步,從化,內圈,從化 內圈,,,,,,助手,,快踱一圈,H,內圈 快踱一圈 (助手)
H338,08/12/2023,游水,從化,,從化,,,,,,,,游水,,
H338,07/12/2023,試閘,從化,全天候,從化 全天候,1200M,1.09.68,69.68,25.4 21.7 22.5,寰宇豐采,查本楠,,第1組,,第1組 (查本楠) 1200M 寰宇豐采 25.4 21.7 22.5 (1.09.68)
H338,07/12/2023,游水,從化,,從化,,,,,,,,游水,,
H338,07/12/2023,踱步,從化,飛機場,從化 飛機場,,,,,,助手,,踱步,,飛機場 踱步 (助手)
H338,06/12/2023,游水,從化,,從化,,,,,,,,游水,,
H338,06/12/2023,踱步,從化,內圈,從化 內圈,,,,,,副練馬師,,快踱一圈,H,內圈 快踱一圈 (副練馬師)
H338,05/12/2023,游水,從化,,從化,,,,,,,,游水,,
H338,05/12/2023,踱步,從化,內圈,從化 內圈,,,,,,助手,,快踱一圈,H,內圈 快踱一圈 (助手)
H338,04/12/2023,游水,從化,,從化,,,,,,,,游水,,
H338,04/12/2023,快操,從化,全天候,從化 全天候,,57.3,57.3,31.7 25.6,,副練馬師,,快操,H,31.7 25.6 (57.3) (副練馬師)
H338,04/12/2023,踱步,從化,飛機場,從化 飛機場,,,,,,副練馬師,,踱步,H,飛機場 踱步 (副練馬師)
H338,03/12/2023,游水,從化,,從化,,,,,,,,游水,,
H338,02/12/2023,游水,從化,,從化,,,,,,,,游水,,
H338,02/12/2023,踱步,從化,內圈,從化 內圈,,,,,,副練馬師,,快踱一圈,H,內圈 快踱一圈 (副練馬師)
H338,01/12/2023,游水,從化,,從化,,,,,,,,游水,,
H338,01/12/2023,踱步,從化,內圈,從化 內圈,,,,,,助手,,快踱一圈,H,內圈 快踱一圈 (助手)
H338,30/11/2023,游水,從化,,從化,,,,,,,,游水,,
H338,30/11/2023,快操,從化,草地,從化 草地,,57.2,57.2,31.6 25.6,,助手,,快操,H,31.6 25.6 (57.2) (助手)
H338,30/11/2023,踱步,從化,飛機場,從化 飛機場,,,,,,助手,,踱步,H,飛機場 踱步 (助手)
H338,29/11/2023,游水,從化,,從化,,,,,,,,游水,,
H338,29/11/2023,踱步,從化,內圈,從化 內圈,,,,,,助手,,快踱一圈,H,內圈 快踱一圈 (助手)
H338,28/11/2023,游水,從化,,從化,,,,,,,,游水,,
H338,28/11/2023,踱步,從化,內圈,從化 內圈,,,,,,助手,,快踱一圈,H,內圈 快踱一圈 (助手)
H338,27/11/2023,游水,從化,,從化,,,,,,,,游水,,
H338,27/11/2023,快操,從化,全天候,從化 全天候,,57.0,57.0,31.1 25.9,,助手,,快操,H,31.1 25.9 (57.0) (助手)
H338,27/11/2023,踱步,從化,飛機場,從化 飛機場,,,,,,助手,,踱步,H,飛機場 踱步 (助手)
H338,26/11/2023,游水,從化,,從化,,,,,,,,游水,,
H338,25/11/2023,游水,從化,,從化,,,,,,,,游水,,
H338,25/11/2023,踱步,從化,內圈,從化 內圈,,,,,,助手,,快踱一圈,H,內圈 快踱一圈 (助手)
H338,24/11/2023,游水,從化,,從化,,,,,,,,游水,,
H338,24/11/2023,踱步,從化,內圈,從化 內圈,,,,,,副練馬師,,快踱一圈,H,內圈 快踱一圈 (副練馬師)
H338,23/11/2023,游水,從化,,從化,,,,,,,,游水,,
H338,23/11/2023,快操,從化,全天候,從化 全天候,,58.6,58.6,32.7 25.9,,副練馬師,,快操,H,32.7 25.9 (58.6) (副練馬師)
H338,23/11/2023,踱步,從化,飛機場,從化 飛機場,,,,,,副練馬師,,踱步,H,飛機場 踱步 (副練馬師)
H338,22/11/2023,游水,從化,,從化,,,,,,,,游水,,
H338,22/11/2023,踱步,從化,內圈,從化 內圈,,,,,,助手,,快踱一圈,H,內圈 快踱一圈 (助手)
H338,21/11/2023,游水,從化,,從化,,,,,,,,游水,,
H338,21/11/2023,踱步,從化,內圈,從化 內圈,,,,,,助手,,快踱一圈,H,內圈 快踱一圈 (助手)
H338,20/11/2023,游水,從化,,從化,,,,,,,,游水,,
H338,20/11/2023,快操,從化,全天候,從化 全天候,,55.2,55.2,29.9 25.3,,助手,,快操,H,29.9 25.3 (55.2) (助手)
H338,20/11/2023,踱步,從化,飛機場,從化 飛機場,,,,,,助手,,踱步,H,飛機場 踱步 (助手)
H338,19/11/2023,游水,從化,,從化,,,,,,,,游水,,
H338,18/11/2023,游水,從化,,從化,,,,,,,,游水,,
H338,18/11/2023,踱步,從化,內圈,從化 內圈,,,,,,副練馬師,,快踱一圈,H,內圈 快踱一圈 (副練馬師)
H338,17/11/2023,游水,從化,,從化,,,,,,,,游水,,
H338,17/11/2023,踱步,從化,內圈,從化 內圈,,,,,,副練馬師,,快踱一圈,H,內圈 快踱一圈 (副練馬師)
H338,16/11/2023,游水,從化,,從化,,,,,,,,游水,,
H338,16/11/2023,踱步,從化,內圈,從化 內圈,,,,,,助手,,倒快一圈,H,內圈 倒快一圈 (助手)
H338,15/11/2023,游水,從化,,從化,,,,,,,,游水,,
H338,15/11/2023,踱步,從化,飛機場,從化 飛機場,,,,,,助手,,踱步,H,飛機場 踱步 (助手)
H338,11/11/2023,出賽,沙田,草地,沙田 草地,1200M,,,,,田泰安,1/13,出賽,TT-,1200M (田泰安) (1/13)
H338,11/11/2023,踱步,沙田,飛機場,沙田 飛機場,,,,,,助手,,踱步,H,飛機場 踱步 (助手)
H338,10/11/2023,游水,沙田,,沙田,,,,,,,,游水,,
H338,10/11/2023,踱步,沙田,內圈,沙田 內圈,,,,,,助手,,快踱一圈,H,內圈 快踱一圈 (助手)
H338,09/11/2023,踱步,從化,飛機場,從化 飛機場,,,,,,助手,,踱步,H,飛機場 踱步 (助手)
H338,08/11/2023,游水,從化,,從化,,,,,,,,游水,,
H338,08/11/2023,快操,從化,全天候,從化 全天候,,57.5,57.5,31.5 26.0,,助手,,快操,H,31.5 26.0 (57.5) (助手)
H338,08/11/2023,踱步,從化,飛機場,從化 飛機場,,,,,,助手,,踱步,H,飛機場 踱步 (助手)
H338,07/11/2023,游水,從化,,從化,,,,,,,,游水,,
H338,07/11/2023,踱步,從化,內圈,從化 內圈,,,,,,助手,,快踱一圈,H,內圈 快踱一圈 (助手)
H338,06/11/2023,游水,從化,,從化,,,,,,,,游水,,
H338,06/11/2023,踱步,從化,內圈,從化 內圈,,,,,,助手,,倒快一圈,H,內圈 倒快一圈 (助手)
H338,05/11/2023,踱步,從化,內圈,從化 內圈,,,,,,助手,,快踱一圈,H,內圈 快踱一圈 (助手)
H338,04/11/2023,踱步,從化,內圈,從化 內圈,,,,,,助手,,快踱一圈,H,內圈 快踱一圈 (助手)
H338,02/11/2023,試閘,從化,全天候,從化 全天候,1200M,1.10.61,70.61,25.2 22.1 23.3,有財有勢,楊東俊,,第2組,,第2組 (楊東俊) 1200M 有財有勢 25.2 22.1 23.3 (1.10.61)
H338,02/11/2023,踱步,從化,飛機場,從化 飛機場,,,,,,助手,,踱步,,飛機場 踱步 (助手)
H338,01/11/2023,游水,從化,,從化,,,,,,,,游水,,
H338,01/11/2023,踱步,從化,內圈,從化 內圈,,,,,,助手,,快踱一圈,H,內圈 快踱一圈 (助手)
H338,31/10/2023,游水,從化,,從化,,,,,,,,游水,,
H338,31/10/2023,踱步,從化,內圈,從化 內圈,,,,,,助手,,快踱一圈,H,內圈 快踱一圈 (助手)
H338,30/10/2023,游水,從化,,從化,,,,,,,,游水,,
H338,30/10/2023,快操,從化,全天候,從化 全天候,,57.7,57.7,32.7 25.0,,助手,,快操,H,32.7 25.0 (57.7) (助手)
H338,30/10/2023,踱步,從化,飛機場,從化 飛機場,,,,,,助手,,踱步,H,飛機場 踱步 (助手)
H338,29/10/2023,游水,從化,,從化,,,,,,,,游水,,
H338,28/10/2023,游水,從化,,從化,,,,,,,,游水,,
H338,28/10/2023,踱步,從化,內圈,從化 內圈,,,,,,助手,,快踱一圈,H,內圈 快踱一圈 (助手)
H338,27/10/2023,游水,從化,,從化,,,,,,,,游水,,
H338,27/10/2023,踱步,從化,內圈,從化 內圈,,,,,,助手,,快踱一圈,H,內圈 快踱一圈 (助手)
H338,26/10/2023,游水,從化,,從化,,,,,,,,游水,,
H338,26/10/2023,快操,從化,全天候,從化 全天候,,59.1,59.1,33.0 26.1,,助手,,快操,H,33.0 26.1 (59.1) (助手)
H338,26/10/2023,踱步,從化,飛機場,從化 飛機場,,,,,,助手,,踱步,H,飛機場 踱步 (助手)
H338,25/10/2023,游水,從化,,從化,,,,,,,,游水,,
H338,25/10/2023,踱步,從化,內圈,從化 內圈,,,,,,助手,,快踱一圈,H,內圈 快踱一圈 (助手)
H338,24/10/2023,游水,從化,,從化,,,,,,,,游水,,
H338,24/10/2023,踱步,從化,內圈,從化 內圈,,,,,,助手,,快踱一圈,H,內圈 快踱一圈 (助手)
H338,23/10/2023,游水,從化,,從化,,,,,,,,游水,,
H338,23/10/2023,踱步,從化,內圈,從化 內圈,,,,,,助手,,倒快一圈,H,內圈 倒快一圈 (助手)
H338,22/10/2023,游水,從化,,從化,,,,,,,,游水,,
H338,21/10/2023,游水,從化,,從化,,,,,,,,游水,,
H338,21/10/2023,踱步,從化,內圈,從化 內圈,,,,,,助手,,快踱一圈,H,內圈 快踱一圈 (助手)
H338,19/10/2023,試閘,從化,全天候,從化 全天候,1200M,1.11.12,71.12,24.7 23.0 23.4,綠族無限,查本楠,,第2組,,第2組 (查本楠) 1200M 綠族無限 24.7 23.0 23.4 (1.11.12)
H338,19/10/2023,踱步,從化,飛機場,從化 飛機場,,,,,,助手,,踱步,,飛機場 踱步 (助手)
H338,18/10/2023,游水,從化,,從化,,,,,,,,游水,,
H338,18/10/2023,踱步,從化,內圈,從化 內圈,,,,,,助手,,快踱一圈,H,內圈 快踱一圈 (助手)
H338,17/10/2023,游水,從化,,從化,,,,,,,,游水,,
H338,17/10/2023,踱步,從化,內圈,從化 內圈,,,,,,助手,,快踱一圈,H,內圈 快踱一圈 (助手)
H338,16/10/2023,游水,從化,,從化,,,,,,,,游水,,
H338,16/10/2023,快操,從化,全天候,從化 全天候,,58.8,58.8,32.2 26.6,,助手,,快操,H,32.2 26.6 (58.8) (助手)
H338,16/10/2023,踱步,從化,飛機場,從化 飛機場,,,,,,助手,,踱步,H,飛機場 踱步 (助手)
H338,15/10/2023,游水,從化,,從化,,,,,,,,游水,,
H338,14/10/2023,游水,從化,,從化,,,,,,,,游水,,
H338,14/10/2023,踱步,從化,內圈,從化 內圈,,,,,,助手,,快踱一圈,H,內圈 快踱一圈 (助手)
H338,13/10/2023,游水,從化,,從化,,,,,,,,游水,,
H338,13/10/2023,踱步,從化,內圈,從化 內圈,,,,,,助手,,快踱一圈,H,內圈 快踱一圈 (助手)
H338,12/10/2023,游水,從化,,從化,,,,,,,,游水,,
H338,12/10/2023,踱步,從化,內圈,從化 內圈,,,,,,助手,,倒快一圈,H,內圈 倒快一圈 (助手)
H338,11/10/2023,游水,從化,,從化,,,,,,,,游水,,
H338,11/10/2023,踱步,從化,內圈,從化 內圈,,,,,,助手,,快踱一圈,H,內圈 快踱一圈 (助手)
H338,09/10/2023,試閘,從化,草地,從化 草地,800M,0.46.20,46.2,24.4 21.8,福國寶,楊東俊,,第2組,,第2組 (楊東俊) 800M 福國寶 24.4 21.8 (0.46.20)
H338,09/10/2023,踱步,從化,飛機場,從化 飛機場,,,,,,助手,,踱步,,飛機場 踱步 (助手)
H338,08/10/2023,游水,從化,,從化,,,,,,,,游水,,
H338,08/10/2023,踱步,從化,飛機場,從化 飛機場,,,,,,助手,,踱步,H,飛機場 踱步 (助手)
H338,07/10/2023,游水,從化,,從化,,,,,,,,游水,,
H338,07/10/2023,踱步,從化,內圈,從化 內圈,,,,,,助手,,快踱一圈,H,內圈 快踱一圈 (助手)
H338,06/10/2023,游水,從化,,從化,,,,,,,,游水,,
H338,06/10/2023,踱步,從化,內圈,從化 內圈,,,,,,助手,,快踱一圈,H,內圈 快踱一圈 (助手)
H338,05/10/2023,游水,從化,,從化,,,,,,,,游水,,
H338,05/10/2023,快操,從化,全天候,從化 全天候,,59.4,59.4,33.2 26.2,,助手,,快操,H,33.2 26.2 (59.4) (助手)
H338,05/10/2023,踱步,從化,飛機場,從化 飛機場,,,,,,助手,,踱步,H,飛機場 踱步 (助手)
H338,04/10/2023,游水,從化,,從化,,,,,,,,游水,,
H338,04/10/2023,踱步,從化,內圈,從化 內圈,,,,,,助手,,快踱一圈,H,內圈 快踱一圈 (助手)
H338,03/10/2023,游水,從化,,從化,,,,,,,,游水,,
H338,03/10/2023,踱步,從化,內圈,從化 內圈,,,,,,助手,,快踱一圈,H,內圈 快踱一圈 (助手)
H338,02/10/2023,游水,從化,,從化,,,,,,,,游水,,
H338,02/10/2023,快操,從化,全天候,從化 全天候,,56.7,56.7,30.9 25.8,,助手,,快操,H,30.9 25.8 (56.7) (助手)
H338,02/10/2023,踱步,從化,飛機場,從化 飛機場,,,,,,助手,,踱步,H,飛機場 踱步 (助手)
H338,01/10/2023,游水,從化,,從化,,,,,,,,游水,,
H338,30/09/2023,游水,從化,,從化,,,,,,,,游水,,
H338,30/09/2023,踱步,從化,內圈,從化 內圈,,,,,,助手,,快踱一圈,H,內圈 快踱一圈 (助手)
H338,29/09/2023,游水,從化,,從化,,,,,,,,游水,,
H338,29/09/2023,踱步,從化,內圈,從化 內圈,,,,,,助手,,快踱一圈,H,內圈 快踱一圈 (助手)
H338,28/09/2023,游水,從化,,從化,,,,,,,,游水,,
H338,28/09/2023,快操,從化,全天候,從化 全天候,,57.0,57.0,31.6 25.4,,助手,,快操,H,31.6 25.4 (57.0) (助手)
H338,28/09/2023,踱步,從化,飛機場,從化 飛機場,,,,,,助手,,踱步,H,飛機場 踱步 (助手)
H338,27/09/2023,游水,從化,,從化,,,,,,,,游水,,
H338,27/09/2023,踱步,從化,內圈,從化 內圈,,,,,,助手,,快踱一圈,H,內圈 快踱一圈 (助手)
H338,26/09/2023,游水,從化,,從化,,,,,,,,游水,,
H338,26/09/2023,踱步,從化,內圈,從化 內圈,,,,,,助手,,快踱一圈,H,內圈 快踱一圈 (助手)
H338,25/09/2023,游水,從化,,從化,,,,,,,,游水,,
H338,25/09/2023,快操,從化,全天候,從化 全天候,,58.1,58.1,32.0 26.1,,助手,,快操,H,32.0 26.1 (58.1) (助手)
H338,25/09/2023,踱步,從化,飛機場,從化 飛機場,,,,,,助手,,踱步,H,飛機場 踱步 (助手)
H338,24/09/2023,游水,從化,,從化,,,,,,,,游水,,
H338,23/09/2023,游水,從化,,從化,,,,,,,,游水,,
H338,23/09/2023,踱步,從化,內圈,從化 內圈,,,,,,助手,,快踱一圈,H,內圈 快踱一圈 (助手)
H338,22/09/2023,游水,從化,,從化,,,,,,,,游水,,
H338,22/09/2023,踱步,從化,內圈,從化 內圈,,,,,,副練馬師,,快踱一圈,H,內圈 快踱一圈 (副練馬師)
H338,21/09/2023,游水,從化,,從化,,,,,,,,游水,,
H338,21/09/2023,快操,從化,全天候,從化 全天候,,25.9,25.9,25.9,,助手,,快操,H,25.9 (25.9) (助手)
H338,21/09/2023,踱步,從化,飛機場,從化 飛機場,,,,,,助手,,踱步,H,飛機場 踱步 (助手)
H338,20/09/2023,游水,從化,,從化,,,,,,,,游水,,
H338,20/09/2023,踱步,從化,內圈,從化 內圈,,,,,,助手,,快踱一圈,H,內圈 快踱一圈 (助手)
H338,19/09/2023,游水,從化,,從化,,,,,,,,游水,,
H338,19/09/2023,踱步,從化,內圈,從化 內圈,,,,,,助手,,快踱一圈,H,內圈 快踱一圈 (助手)
H338,18/09/2023,游水,從化,,從化,,,,,,,,游水,,
H338,18/09/2023,快操,從化,全天候,從化 全天候,,27.7,27.7,27.7,,助手,,快操,H,27.7 (27.7) (助手)
H338,18/09/2023,踱步,從化,飛機場,從化 飛機場,,,,,,助手,,踱步,H,飛機場 踱步 (助手)
H338,17/09/2023,游水,從化,,從化,,,,,,,,游水,,
H338,16/09/2023,游水,從化,,從化,,,,,,,,游水,,
H338,16/09/2023,踱步,從化,內圈,從化 內圈,,,,,,助手,,快踱一圈,H,內圈 快踱一圈 (助手)
H338,15/09/2023,游水,從化,,從化,,,,,,,,游水,,
H338,15/09/2023,踱步,從化,內圈,從化 內圈,,,,,,助手,,快踱一圈,H,內圈 快踱一圈 (助手)
H338,14/09/2023,游水,從化,,從化,,,,,,,,游水,,
H338,14/09/2023,快操,從化,全天候,從化 全天候,,57.7,57.7,31.5 26.2,,助手,,快操,H,31.5 26.2 (57.7) (助手)
H338,14/09/2023,踱步,從化,飛機場,從化 飛機場,,,,,,助手,,踱步,H,飛機場 踱步 (助手)
H338,13/09/2023,游水,從化,,從化,,,,,,,,游水,,
H338,13/09/2023,踱步,從化,內圈,從化 內圈,,,,,,助手,,快踱一圈,H,內圈 快踱一圈 (助手)
H338,12/09/2023,游水,從化,,從化,,,,,,,,游水,,
H338,12/09/2023,踱步,從化,內圈,從化 內圈,,,,,,助手,,快踱一圈,H,內圈 快踱一圈 (助手)
H338,11/09/2023,游水,從化,,從化,,,,,,,,游水,,
H338,11/09/2023,快操,從化,全天候,從化 全天候,,30.5,30.5,30.5,,助手,,快操,H,30.5 (30.5) (助手)
H338,11/09/2023,踱步,從化,飛機場,從化 飛機場,,,,,,助手,,踱步,H,飛機場 踱步 (助手)
H338,10/09/2023,游水,從化,,從化,,,,,,,,游水,,
H338,09/09/2023,游水,從化,,從化,,,,,,,,游水,,
H338,09/09/2023,踱步,從化,內圈,從化 內圈,,,,,,助手,,快踱一圈,H,內圈 快踱一圈 (助手)
H338,08/09/2023,游水,從化,,從化,,,,,,,,游水,,
H338,08/09/2023,踱步,從化,內圈,從化 內圈,,,,,,助手,,快踱一圈,H,內圈 快踱一圈 (助手)
H338,07/09/2023,游水,從化,,從化,,,,,,,,游水,,
H338,07/09/2023,踱步,從化,外圈,從化 外圈,,,,,,助手,,快踱一圈,H,外圈 快踱一圈 (助手)
H338,06/09/2023,游水,從化,,從化,,,,,,,,游水,,
H338,06/09/2023,踱步,從化,內圈,從化 內圈,,,,,,助手,,快踱一圈,H,內圈 快踱一圈 (助手)
H338,05/09/2023,游水,從化,,從化,,,,,,,,游水,,
H338,05/09/2023,踱步,從化,內圈,從化 內圈,,,,,,副練馬師,,快踱一圈,H,內圈 快踱一圈 (副練馬師)
H338,04/09/2023,游水,從化,,從化,,,,,,,,游水,,
H338,04/09/2023,踱步,從化,內圈,從化 內圈,,,,,,助手,,倒快一圈,H,內圈 倒快一圈 (助手)
H338,03/09/2023,游水,從化,,從化,,,,,,,,游水,,
H338,02/09/2023,游水,從化,,從化,,,,,,,,游水,,
H338,02/09/2023,踱步,從化,內圈,從化 內圈,,,,,,助手,,快踱一圈,H,內圈 快踱一圈 (助手)
H338,01/09/2023,游水,從化,,從化,,,,,,,,游水,,
H338,01/09/2023,踱步,從化,內圈,從化 內圈,,,,,,助手,,快踱一圈,H,內圈 快踱一圈 (助手)
H338,31/08/2023,游水,從化,,從化,,,,,,,,游水,,
H338,31/08/2023,踱步,從化,內圈,從化 內圈,,,,,,助手,,倒快一圈,H,內圈 倒快一圈 (助手)
H338,30/08/2023,踱步,沙田,飛機場,沙田 飛機場,,,,,,助手,,踱步,H,飛機場 踱步 (助手)
H338,29/08/2023,游水,沙田,,沙田,,,,,,,,游水,,
H338,29/08/2023,踱步,沙田,內圈,沙田 內圈,,,,,,助手,,快踱一圈,H,內圈 快踱一圈 (助手)
H338,28/08/2023,游水,沙田,,沙田,,,,,,,,游水,,
H338,28/08/2023,踱步,沙田,內圈,沙田 內圈,,,,,,助手,,倒快一圈,H,內圈 倒快一圈 (助手)
H338,27/08/2023,游水,沙田,,沙田,,,,,,,,游水,,
H338,26/08/2023,游水,沙田,,沙田,,,,,,,,游水,,
H338,26/08/2023,踱步,沙田,內圈,沙田 內圈,,,,,,助手,,快踱一圈,H,內圈 快踱一圈 (助手)
H338,25/08/2023,游水,沙田,,沙田,,,,,,,,游水,,
H338,25/08/2023,踱步,沙田,內圈,沙田 內圈,,,,,,助手,,快踱一圈,H,內圈 快踱一圈 (助手)
H338,24/08/2023,游水,沙田,,沙田,,,,,,,,游水,,
H338,24/08/2023,踱步,沙田,內圈,沙田 內圈,,,,,,助手,,倒快一圈,H,內圈 倒快一圈 (助手)
H338,23/08/2023,游水,沙田,,沙田,,,,,,,,游水,,
H338,23/08/2023,踱步,沙田,內圈,沙田 內圈,,,,,,助手,,快踱一圈,H,內圈 快踱一圈 (助手)
H338,22/08/2023,游水,沙田,,沙田,,,,,,,,游水,,
H338,22/08/2023,踱步,沙田,內圈,沙田 內圈,,,,,,助手,,快踱一圈,H,內圈 快踱一圈 (助手)
H338,21/08/2023,游水,沙田,,沙田,,,,,,,,游水,,
H338,21/08/2023,踱步,沙田,內圈,沙田 內圈,,,,,,助手,,倒快一圈,H,內圈 倒快一圈 (助手)
H338,19/08/2023,游水,沙田,,沙田,,,,,,,,游水,,
H338,18/08/2023,游水,沙田,,沙田,,,,,,,,游水,,
H338,17/08/2023,游水,沙田,,沙田,,,,,,,,游水,,
H338,17/08/2023,踱步,沙田,內圈,沙田 內圈,,,,,,助手,,倒快一圈,H,內圈 倒快一圈 (助手)
H338,16/08/2023,游水,沙田,,沙田,,,,,,,,游水,,
H338,16/08/2023,踱步,沙田,飛機場,沙田 飛機場,,,,,,助手,,踱步,H,飛機場 踱步 (助手)
H338,15/08/2023,游水,沙田,,沙田,,,,,,,,游水,,
H338,15/08/2023,踱步,沙田,飛機場,沙田 飛機場,,,,,,助手,,踱步,H,飛機場 踱步 (助手)
H338,14/08/2023,游水,沙田,,沙田,,,,,,,,游水,,
H338,14/08/2023,踱步,沙田,飛機場,沙田 飛機場,,,,,,助手,,踱步,H,飛機場 踱步 (助手)
H338,13/08/2023,游水,沙田,,沙田,,,,,,,,游水,,
H338,12/08/2023,游水,沙田,,沙田,,,,,,,,游水,,
H338,11/08/2023,游水,沙田,,沙田,,,,,,,,游水,,
H338,08/08/2023,游水,沙田,,沙田,,,,,,,,游水,,
H338,16/07/2023,踱步,沙田,飛機場,沙田 飛機場,,,,,,助手,,踱步,H,飛機場 踱步 (助手)
H338,15/07/2023,游水,沙田,,沙田,,,,,,,,游水,,
H338,15/07/2023,踱步,沙田,外圈,沙田 外圈,,,,,,助手,,快踱一圈,H,外圈 快踱一圈 (助手)
H338,14/07/2023,游水,沙田,,沙田,,,,,,,,游水,,
H338,14/07/2023,踱步,沙田,外圈,沙田 外圈,,,,,,助手,,快踱一圈,H,外圈 快踱一圈 (助手)
H338,13/07/2023,游水,沙田,,沙田,,,,,,,,游水,,
H338,13/07/2023,快操,沙田,全天候,沙田 全天候,,56.4,56.4,31.7 24.7,,助手,,快操,H,31.7 24.7 (56.4) (助手)
H338,13/07/2023,踱步,沙田,飛機場,沙田 飛機場,,,,,,助手,,踱步,H,飛機場 踱步 (助手)
H338,12/07/2023,游水,沙田,,沙田,,,,,,,,游水,,
H338,12/07/2023,踱步,沙田,外圈,沙田 外圈,,,,,,副練馬師,,快踱一圈,H,外圈 快踱一圈 (副練馬師)
H338,11/07/2023,游水,沙田,,沙田,,,,,,,,游水,,
H338,11/07/2023,踱步,沙田,外圈,沙田 外圈,,,,,,助手,,快踱一圈,H,外圈 快踱一圈 (助手)
H338,10/07/2023,游水,沙田,,沙田,,,,,,,,游水,,
H338,10/07/2023,快操,沙田,全天候,沙田 全天候,,57.4,57.4,30.5 26.9,,副練馬師,,快操,H,30.5 26.9 (57.4) (副練馬師)
H338,10/07/2023,踱步,沙田,飛機場,沙田 飛機場,,,,,,副練馬師,,踱步,H,飛機場 踱步 (副練馬師)
H338,09/07/2023,游水,沙田,,沙田,,,,,,,,游水,,
H338,08/07/2023,游水,沙田,,沙田,,,,,,,,游水,,
H338,08/07/2023,踱步,沙田,外圈,沙田 外圈,,,,,,副練馬師,,快踱一圈,H,外圈 快踱一圈 (副練馬師)
H338,07/07/2023,游水,沙田,,沙田,,,,,,,,游水,,
H338,07/07/2023,踱步,沙田,外圈,沙田 外圈,,,,,,助手,,快踱一圈,H,外圈 快踱一圈 (助手)
H338,06/07/2023,游水,沙田,,沙田,,,,,,,,游水,,
H338,05/07/2023,游水,沙田,,沙田,,,,,,,,游水,,
H338,05/07/2023,踱步,沙田,飛機場,沙田 飛機場,,,,,,助手,,踱步,H,飛機場 踱步 (助手)
H338,04/07/2023,游水,沙田,,沙田,,,,,,,,游水,,
H338,03/07/2023,游水,沙田,,沙田,,,,,,,,游水,,
H338,01/07/2023,踱步,沙田,飛機場,沙田 飛機場,,,,,,副練馬師,,踱步,H,飛機場 踱步 (副練馬師)
H338,30/06/2023,游水,沙田,,沙田,,,,,,,,游水,,
H338,30/06/2023,踱步,沙田,外圈,沙田 外圈,,,,,,副練馬師,,快踱一圈,H,外圈 快踱一圈 (副練馬師)
H338,29/06/2023,游水,沙田,,沙田,,,,,,,,游水,,
H338,29/06/2023,踱步,沙田,外圈,沙田 外圈,,,,,,副練馬師,,快踱一圈,H,外圈 快踱一圈 (副練馬師)
H338,28/06/2023,游水,沙田,,沙田,,,,,,,,游水,,
H338,28/06/2023,快操,沙田,全天候,沙田 全天候,,1.00.4,60.4,33.7 26.7,,副練馬師,,快操,H,33.7 26.7 (1.00.4) (副練馬師)
H338,28/06/2023,踱步,沙田,飛機場,沙田 飛機場,,,,,,副練馬師,,踱步,H,飛機場 踱步 (副練馬師)
H338,27/06/2023,游水,沙田,,沙田,,,,,,,,游水,,
H338,27/06/2023,踱步,沙田,外圈,沙田 外圈,,,,,,副練馬師,,快踱一圈,H,外圈 快踱一圈 (副練馬師)
H338,26/06/2023,游水,沙田,,沙田,,,,,,,,游水,,
H338,26/06/2023,踱步,沙田,內圈,沙田 內圈,,,,,,助手,,倒快一圈,H,內圈 倒快一圈 (助手)
H338,25/06/2023,游水,沙田,,沙田,,,,,,,,游水,,
H338,25/06/2023,踱步,沙田,內圈,沙田 內圈,,,,,,助手,,快踱一圈,H,內圈 快踱一圈 (助手)
H338,24/06/2023,游水,沙田,,沙田,,,,,,,,游水,,
H338,23/06/2023,試閘,沙田,全天候,沙田 全天候,1200M,1.10.91,70.91,24.6 23.3 23.0,飛鷹翱翔,梁家俊,,第1組,,第1組 (梁家俊) 1200M 飛鷹翱翔 24.6 23.3 23.0 (1.10.91)
H338,22/06/2023,游水,沙田,,沙田,,,,,,,,游水,,
H338,22/06/2023,踱步,沙田,內圈,沙田 內圈,,,,,,副練馬師,,倒快一圈,H,內圈 倒快一圈 (副練馬師)
H338,21/06/2023,游水,沙田,,沙田,,,,,,,,游水,,
H338,21/06/2023,踱步,沙田,內圈,沙田 內圈,,,,,,副練馬師,,快踱一圈,H,內圈 快踱一圈 (副練馬師)
H338,20/06/2023,游水,沙田,,沙田,,,,,,,,游水,,
H338,20/06/2023,踱步,沙田,外圈,沙田 外圈,,,,,,副練馬師,,快踱一圈,H,外圈 快踱一圈 (副練馬師)
H338,19/06/2023,游水,沙田,,沙田,,,,,,,,游水,,
H338,19/06/2023,快操,沙田,全天候,沙田 全天候,,58.7,58.7,32.1 26.6,,副練馬師,,快操,H,32.1 26.6 (58.7) (副練馬師)
H338,19/06/2023,踱步,沙田,飛機場,沙田 飛機場,,,,,,副練馬師,,踱步,H,飛機場 踱步 (副練馬師)
H338,18/06/2023,游水,沙田,,沙田,,,,,,,,游水,,
H338,17/06/2023,游水,沙田,,沙田,,,,,,,,游水,,
H338,17/06/2023,踱步,沙田,內圈,沙田 內圈,,,,,,助手,,快踱一圈,H,內圈 快踱一圈 (助手)
H338,16/06/2023,游水,沙田,,沙田,,,,,,,,游水,,
H338,16/06/2023,踱步,沙田,內圈,沙田 內圈,,,,,,助手,,快踱一圈,H,內圈 快踱一圈 (助手)
H338,15/06/2023,游水,沙田,,沙田,,,,,,,,游水,,
H338,15/06/2023,快操,沙田,全天候,沙田 全天候,,58.2,58.2,33.4 24.8,,助手,,快操,H,33.4 24.8 (58.2) (助手)
H338,15/06/2023,踱步,沙田,飛機場,沙田 飛機場,,,,,,助手,,踱步,H,飛機場 踱步 (助手)
H338,14/06/2023,游水,沙田,,沙田,,,,,,,,游水,,
H338,14/06/2023,踱步,沙田,內圈,沙田 內圈,,,,,,助手,,快踱一圈,H,內圈 快踱一圈 (助手)
H338,13/06/2023,游水,沙田,,沙田,,,,,,,,游水,,
H338,13/06/2023,踱步,沙田,內圈,沙田 內圈,,,,,,副練馬師,,快踱一圈,H,內圈 快踱一圈 (副練馬師)
H338,12/06/2023,游水,沙田,,沙田,,,,,,,,游水,,
H338,12/06/2023,快操,沙田,全天候,沙田 全天候,,56.9,56.9,31.2 25.7,,助手,,快操,H,31.2 25.7 (56.9) (助手)
H338,12/06/2023,踱步,沙田,飛機場,沙田 飛機場,,,,,,助手,,踱步,H,飛機場 踱步 (助手)
H338,11/06/2023,游水,沙田,,沙田,,,,,,,,游水,,
H338,10/06/2023,游水,沙田,,沙田,,,,,,,,游水,,
H338,10/06/2023,踱步,沙田,內圈,沙田 內圈,,,,,,副練馬師,,快踱一圈,H,內圈 快踱一圈 (副練馬師)
H338,09/06/2023,游水,沙田,,沙田,,,,,,,,游水,,
H338,09/06/2023,踱步,沙田,內圈,沙田 內圈,,,,,,副練馬師,,快踱一圈,H,內圈 快踱一圈 (副練馬師)
H338,08/06/2023,游水,沙田,,沙田,,,,,,,,游水,,
H338,08/06/2023,快操,沙田,全天候,沙田 全天候,,1.00.6,60.6,33.9 26.7,,助手,,快操,H,33.9 26.7 (1.00.6) (助手)
H338,08/06/2023,踱步,沙田,飛機場,沙田 飛機場,,,,,,助手,,踱步,H,飛機場 踱步 (助手)
H338,07/06/2023,游水,沙田,,沙田,,,,,,,,游水,,
H338,07/06/2023,踱步,沙田,內圈,沙田 內圈,,,,,,副練馬師,,快踱一圈,H,內圈 快踱一圈 (副練馬師)
H338,06/06/2023,游水,沙田,,沙田,,,,,,,,游水,,
H338,06/06/2023,踱步,沙田,內圈,沙田 內圈,,,,,,助手,,快踱一圈,H,內圈 快踱一圈 (助手)
H338,05/06/2023,游水,沙田,,沙田,,,,,,,,游水,,
H338,05/06/2023,踱步,沙田,內圈,沙田 內圈,,,,,,助手,,倒快一圈,H,內圈 倒快一圈 (助手)
H338,04/06/2023,游水,沙田,,沙田,,,,,,,,游水,,
H338,04/06/2023,踱步,沙田,內圈,沙田 內圈,,,,,,助手,,快踱一圈,H,內圈 快踱一圈 (助手)
H338,03/06/2023,游水,沙田,,沙田,,,,,,,,游水,,
H338,02/06/2023,試閘,沙田,全天候,沙田 全天候,1200M,1.11.22,71.22,25.0 23.5 22.7,綠族無限,潘頓,,第2組,,第2組 (潘頓) 1200M 綠族無限 25.0 23.5 22.7 (1.11.22)
H338,02/06/2023,游水,沙田,,沙田,,,,,,,,游水,,
H338,01/06/2023,游水,沙田,,沙田,,,,,,,,游水,,
H338,01/06/2023,踱步,沙田,內圈,沙田 內圈,,,,,,助手,,倒快一圈,H,內圈 倒快一圈 (助手)
H338,31/05/2023,游水,沙田,,沙田,,,,,,,,游水,,
H338,31/05/2023,踱步,沙田,內圈,沙田 內圈,,,,,,副練馬師,,快踱一圈,H,內圈 快踱一圈 (副練馬師)
H338,30/05/2023,游水,沙田,,沙田,,,,,,,,游水,,
H338,30/05/2023,踱步,沙田,內圈,沙田 內圈,,,,,,助手,,快踱一圈,H,內圈 快踱一圈 (助手)
H338,29/05/2023,游水,沙田,,沙田,,,,,,,,游水,,
H338,29/05/2023,快操,沙田,全天候,沙田 全天候,,56.9,56.9,31.3 25.6,,副練馬師,,快操,H,31.3 25.6 (56.9) (副練馬師)
H338,29/05/2023,踱步,沙田,飛機場,沙田 飛機場,,,,,,副練馬師,,踱步,H,飛機場 踱步 (副練馬師)
H338,28/05/2023,游水,沙田,,沙田,,,,,,,,游水,,
H338,27/05/2023,游水,沙田,,沙田,,,,,,,,游水,,
H338,27/05/2023,踱步,沙田,內圈,沙田 內圈,,,,,,助手,,快踱一圈,H,內圈 快踱一圈 (助手)
H338,26/05/2023,游水,沙田,,沙田,,,,,,,,游水,,
H338,26/05/2023,踱步,沙田,內圈,沙田 內圈,,,,,,助手,,快踱一圈,H,內圈 快踱一圈 (助手)
H338,25/05/2023,游水,沙田,,沙田,,,,,,,,游水,,
H338,24/05/2023,游水,沙田,,沙田,,,,,,,,游水,,
H338,23/05/2023,試閘,沙田,全天候,沙田 全天候,1200M,1.10.85,70.85,24.2 23.0 23.6,綠族光芒,潘頓,,第3組,,第3組 (潘頓) 1200M 綠族光芒 24.2 23.0 23.6 (1.10.85)
H338,23/05/2023,游水,沙田,,沙田,,,,,,,,游水,,
H338,22/05/2023,游水,沙田,,沙田,,,,,,,,游水,,
H338,22/05/2023,踱步,沙田,內圈,沙田 內圈,,,,,,助手,,倒快一圈,H,內圈 倒快一圈 (助手)
H338,21/05/2023,游水,沙田,,沙田,,,,,,,,游水,,
H338,20/05/2023,游水,沙田,,沙田,,,,,,,,游水,,
H338,20/05/2023,踱步,沙田,內圈,沙田 內圈,,,,,,助手,,快踱一圈,H,內圈 快踱一圈 (助手)
H338,19/05/2023,游水,沙田,,沙田,,,,,,,,游水,,
H338,19/05/2023,踱步,沙田,內圈,沙田 內圈,,,,,,助手,,快踱一圈,H,內圈 快踱一圈 (助手)
H338,18/05/2023,游水,沙田,,沙田,,,,,,,,游水,,
H338,18/05/2023,踱步,沙田,內圈,沙田 內圈,,,,,,助手,,倒快一圈,H,內圈 倒快一圈 (助手)
H338,17/05/2023,游水,沙田,,沙田,,,,,,,,游水,,
H338,16/05/2023,游水,沙田,,沙田,,,,,,,,游水,,
H338,16/05/2023,踱步,沙田,內圈,沙田 內圈,,,,,,助手,,快踱一圈,H,內圈 快踱一圈 (助手)
H338,15/05/2023,游水,沙田,,沙田,,,,,,,,游水,,
H338,15/05/2023,快操,沙田,全天候,沙田 全天候,,58.4,58.4,31.6 26.8,,助手,,快操,H,31.6 26.8 (58.4) (助手)
H338,15/05/2023,踱步,沙田,飛機場,沙田 飛機場,,,,,,助手,,踱步,H,飛機場 踱步 (助手)
H338,14/05/2023,游水,沙田,,沙田,,,,,,,,游水,,
H338,13/05/2023,游水,沙田,,沙田,,,,,,,,游水,,
H338,13/05/2023,踱步,沙田,內圈,沙田 內圈,,,,,,助手,,快踱一圈,H,內圈 快踱一圈 (助手)
H338,12/05/2023,游水,沙田,,沙田,,,,,,,,游水,,
H338,12/05/2023,踱步,沙田,內圈,沙田 內圈,,,,,,助手,,快踱一圈,H,內圈 快踱一圈 (助手)
H338,11/05/2023,游水,沙田,,沙田,,,,,,,,游水,,
H338,11/05/2023,踱步,沙田,內圈,沙田 內圈,,,,,,助手,,倒快一圈,H,內圈 倒快一圈 (助手)
H338,10/05/2023,游水,沙田,,沙田,,,,,,,,游水,,
H338,09/05/2023,試閘,沙田,草地,沙田 草地,1000M,0.58.21,58.21,13.9 21.3 23.0,舞林密碼,潘頓,,第2組,,第2組 (潘頓) 1000M 舞林密碼 13.9 21.3 23.0 (0.58.21)
H338,09/05/2023,游水,沙田,,沙田,,,,,,,,游水,,
H338,08/05/2023,游水,沙田,,沙田,,,,,,,,游水,,
H338,08/05/2023,踱步,沙田,內圈,沙田 內圈,,,,,,副練馬師,,倒快一圈,H,內圈 倒快一圈 (副練馬師)
H338,07/05/2023,游水,沙田,,沙田,,,,,,,,游水,,
H338,06/05/2023,游水,沙田,,沙田,,,,,,,,游水,,
H338,05/05/2023,游水,沙田,,沙田,,,,,,,,游水,,
H338,05/05/2023,踱步,沙田,內圈,沙田 內圈,,,,,,助手,,快踱一圈,H,內圈 快踱一圈 (助手)
H338,04/05/2023,游水,沙田,,沙田,,,,,,,,游水,,
H338,04/05/2023,快操,沙田,全天候,沙田 全天候,,57.2,57.2,30.7 26.5,,助手,,快操,H,30.7 26.5 (57.2) (助手)
H338,04/05/2023,踱步,沙田,飛機場,沙田 飛機場,,,,,,助手,,踱步,H,飛機場 踱步 (助手)
H338,03/05/2023,游水,沙田,,沙田,,,,,,,,游水,,
H338,03/05/2023,踱步,沙田,內圈,沙田 內圈,,,,,,助手,,快踱一圈,H,內圈 快踱一圈 (助手)
H338,02/05/2023,游水,沙田,,沙田,,,,,,,,游水,,
H338,01/05/2023,游水,沙田,,沙田,,,,,,,,游水,,
H338,01/05/2023,快操,沙田,全天候,沙田 全天候,,58.2,58.2,31.9 26.3,,助手,,快操,,31.9 26.3 (58.2) (助手)
H338,30/04/2023,游水,沙田,,沙田,,,,,,,,游水,,
H338,29/04/2023,游水,沙田,,沙田,,,,,,,,游水,,
H338,29/04/2023,踱步,沙田,內圈,沙田 內圈,,,,,,助手,,快踱一圈,H,內圈 快踱一圈 (助手)
H338,28/04/2023,游水,沙田,,沙田,,,,,,,,游水,,
H338,28/04/2023,踱步,沙田,內圈,沙田 內圈,,,,,,助手,,快踱一圈,H,內圈 快踱一圈 (助手)
H338,27/04/2023,游水,沙田,,沙田,,,,,,,,游水,,
H338,27/04/2023,快操,沙田,全天候,沙田 全天候,,59.0,59.0,34.2 24.8,,助手,,快操,H,34.2 24.8 (59.0) (助手)
H338,27/04/2023,踱步,沙田,飛機場,沙田 飛機場,,,,,,助手,,踱步,H,飛機場 踱步 (助手)
H338,26/04/2023,游水,沙田,,沙田,,,,,,,,游水,,
H338,26/04/2023,踱步,沙田,內圈,沙田 內圈,,,,,,助手,,快踱一圈,H,內圈 快踱一圈 (助手)
H338,25/04/2023,游水,沙田,,沙田,,,,,,,,游水,,
H338,25/04/2023,踱步,沙田,內圈,沙田 內圈,,,,,,助手,,快踱一圈,H,內圈 快踱一圈 (助手)
H338,24/04/2023,游水,沙田,,沙田,,,,,,,,游水,,
H338,24/04/2023,快操,沙田,全天候,沙田 全天候,,57.5,57.5,30.8 26.7,,助手,,快操,H,30.8 26.7 (57.5) (助手)
H338,24/04/2023,踱步,沙田,飛機場,沙田 飛機場,,,,,,助手,,踱步,H,飛機場 踱步 (助手)
H338,23/04/2023,游水,沙田,,沙田,,,,,,,,游水,,
H338,22/04/2023,游水,沙田,,沙田,,,,,,,,游水,,
H338,22/04/2023,踱步,沙田,內圈,沙田 內圈,,,,,,助手,,快踱一圈,,內圈 快踱一圈 (助手)
H338,21/04/2023,游水,沙田,,沙田,,,,,,,,游水,,
H338,21/04/2023,踱步,沙田,內圈,沙田 內圈,,,,,,助手,,快踱一圈,,內圈 快踱一圈 (助手)
H338,20/04/2023,快操,沙田,草閘,沙田 草閘,,46.3,46.3,24.0 22.3,,周俊樂,,海藍寶,,24.0 22.3 (46.3) (周俊樂) 海藍寶
H338,20/04/2023,踱步,沙田,飛機場,沙田 飛機場,,,,,,助手,,踱步,,飛機場 踱步 (助手)
H338,19/04/2023,游水,沙田,,沙田,,,,,,,,游水,,
H338,19/04/2023,踱步,沙田,內圈,沙田 內圈,,,,,,助手,,快踱一圈,,內圈 快踱一圈 (助手)
H338,18/04/2023,游水,沙田,,沙田,,,,,,,,游水,,
H338,18/04/2023,踱步,沙田,內圈,沙田 內圈,,,,,,副練馬師,,快踱一圈,,內圈 快踱一圈 (副練馬師)
H338,17/04/2023,游水,沙田,,沙田,,,,,,,,游水,,
H338,17/04/2023,快操,沙田,全天候,沙田 全天候,,57.0,57.0,32.0 25.0,,副練馬師,,快操,,32.0 25.0 (57.0) (副練馬師)
H338,17/04/2023,踱步,沙田,飛機場,沙田 飛機場,,,,,,助手,,踱步,,飛機場 踱步 (助手)
H338,16/04/2023,游水,沙田,,沙田,,,,,,,,游水,,
H338,15/04/2023,游水,沙田,,沙田,,,,,,,,游水,,
H338,15/04/2023,踱步,沙田,內圈,沙田 內圈,,,,,,助手,,快踱一圈,,內圈 快踱一圈 (助手)
H338,14/04/2023,游水,沙田,,沙田,,,,,,,,游水,,
H338,14/04/2023,踱步,沙田,內圈,沙田 內圈,,,,,,助手,,快踱一圈,,內圈 快踱一圈 (助手)
H338,13/04/2023,游水,沙田,,沙田,,,,,,,,游水,,
H338,13/04/2023,快操,沙田,草閘,沙田 草閘,,47.2,47.2,24.6 22.6,,助手,,"勁弗, H343",,"24.6 22.6 (47.2) (助手) 勁弗, H343"
H338,13/04/2023,踱步,沙田,飛機場,沙田 飛機場,,,,,,助手,,踱步,,飛機場 踱步 (助手)
H338,12/04/2023,游水,沙田,,沙田,,,,,,,,游水,,
H338,12/04/2023,踱步,沙田,內圈,沙田 內圈,,,,,,助手,,快踱一圈,,內圈 快踱一圈 (助手)
H338,11/04/2023,游水,沙田,,沙田,,,,,,,,游水,,
H338,11/04/2023,踱步,沙田,內圈,沙田 內圈,,,,,,助手,,快踱一圈,,內圈 快踱一圈 (助手)
H338,10/04/2023,游水,沙田,,沙田,,,,,,,,游水,,
H338,10/04/2023,快操,沙田,全天候,沙田 全天候,,55.0,55.0,30.6 24.4,,助手,,快操,,30.6 24.4 (55.0) (助手)
H338,10/04/2023,踱步,沙田,飛機場,沙田 飛機場,,,,,,助手,,踱步,,飛機場 踱步 (助手)
H338,09/04/2023,游水,沙田,,沙田,,,,,,,,游水,,
H338,08/04/2023,游水,沙田,,沙田,,,,,,,,游水,,
H338,08/04/2023,踱步,沙田,內圈,沙田 內圈,,,,,,助手,,快踱一圈,,內圈 快踱一圈 (助手)
H338,07/04/2023,游水,沙田,,沙田,,,,,,,,游水,,
H338,07/04/2023,踱步,沙田,內圈,沙田 內圈,,,,,,助手,,快踱一圈,,內圈 快踱一圈 (助手)
H338,06/04/2023,游水,沙田,,沙田,,,,,,,,游水,,
H338,06/04/2023,快操,沙田,全天候,沙田 全天候,,26.9,26.9,26.9,,助手,,快操,,26.9 (26.9) (助手)
H338,06/04/2023,踱步,沙田,飛機場,沙田 飛機場,,,,,,助手,,踱步,,飛機場 踱步 (助手)
H338,05/04/2023,游水,沙田,,沙田,,,,,,,,游水,,
H338,05/04/2023,踱步,沙田,內圈,沙田 內圈,,,,,,助手,,快踱一圈,,內圈 快踱一圈 (助手)
H338,04/04/2023,游水,沙田,,沙田,,,,,,,,游水,,
H338,04/04/2023,踱步,沙田,內圈,沙田 內圈,,,,,,助手,,快踱一圈,,內圈 快踱一圈 (助手)
H338,03/04/2023,游水,沙田,,沙田,,,,,,,,游水,,
H338,03/04/2023,快操,沙田,全天候,沙田 全天候,,1.01.9,61.9,33.0 28.9,,助手,,快操,,33.0 28.9 (1.01.9) (助手)
H338,02/04/2023,游水,沙田,,沙田,,,,,,,,游水,,
H338,01/04/2023,游水,沙田,,沙田,,,,,,,,游水,,
H338,01/04/2023,踱步,沙田,內圈,沙田 內圈,,,,,,助手,,快踱一圈,,內圈 快踱一圈 (助手)
H338,31/03/2023,游水,沙田,,沙田,,,,,,,,游水,,
H338,31/03/2023,踱步,沙田,內圈,沙田 內圈,,,,,,助手,,快踱一圈,,內圈 快踱一圈 (助手)
H338,30/03/2023,游水,沙田,,沙田,,,,,,,,游水,,
H338,30/03/2023,快操,沙田,全天候,沙田 全天候,,59.1,59.1,31.6 27.5,,助手,,快操,,31.6 27.5 (59.1) (助手)
H338,30/03/2023,踱步,沙田,飛機場,沙田 飛機場,,,,,,助手,,踱步,,飛機場 踱步 (助手)
H338,29/03/2023,游水,沙田,,沙田,,,,,,,,游水,,
H338,29/03/2023,踱步,沙田,內圈,沙田 內圈,,,,,,助手,,快踱一圈,,內圈 快踱一圈 (助手)
H338,28/03/2023,游水,沙田,,沙田,,,,,,,,游水,,
H338,28/03/2023,踱步,沙田,內圈,沙田 內圈,,,,,,助手,,快踱一圈,,內圈 快踱一圈 (助手)
H338,27/03/2023,游水,沙田,,沙田,,,,,,,,游水,,
H338,27/03/2023,快操,沙田,全天候,沙田 全天候,,1.02.3,62.3,33.3 29.0,,助手,,快操,,33.3 29.0 (1.02.3) (助手)
H338,26/03/2023,游水,沙田,,沙田,,,,,,,,游水,,
H338,25/03/2023,游水,沙田,,沙田,,,,,,,,游水,,
H338,25/03/2023,踱步,沙田,內圈,沙田 內圈,,,,,,助手,,快踱一圈,H,內圈 快踱一圈 (助手)
H338,24/03/2023,游水,沙田,,沙田,,,,,,,,游水,,
H338,24/03/2023,踱步,沙田,內圈,沙田 內圈,,,,,,助手,,快踱一圈,,內圈 快踱一圈 (助手)
H338,23/03/2023,游水,沙田,,沙田,,,,,,,,游水,,
H338,23/03/2023,快操,沙田,全天候,沙田 全天候,,32.7,32.7,32.7,,助手,,快操,,32.7 (32.7) (助手)
H338,23/03/2023,踱步,沙田,飛機場,沙田 飛機場,,,,,,助手,,踱步,,飛機場 踱步 (助手)
H338,22/03/2023,踱步,沙田,內圈,沙田 內圈,,,,,,助手,,快踱一圈,,內圈 快踱一圈 (助手)
H338,21/03/2023,踱步,沙田,內圈,沙田 內圈,,,,,,助手,,快踱一圈,,內圈 快踱一圈 (助手)
H338,20/03/2023,游水,沙田,,沙田,,,,,,,,游水,,
H338,20/03/2023,踱步,沙田,內圈,沙田 內圈,,,,,,助手,,倒快一圈,,內圈 倒快一圈 (助手)
H338,19/03/2023,游水,沙田,,沙田,,,,,,,,游水,,
H338,18/03/2023,游水,沙田,,沙田,,,,,,,,游水,,
H338,18/03/2023,踱步,沙田,內圈,沙田 內圈,,,,,,副練馬師,,快踱一圈,,內圈 快踱一圈 (副練馬師)
H338,17/03/2023,游水,沙田,,沙田,,,,,,,,游水,,
H338,17/03/2023,踱步,沙田,內圈,沙田 內圈,,,,,,助手,,快踱一圈,,內圈 快踱一圈 (助手)
H338,16/03/2023,游水,沙田,,沙田,,,,,,,,游水,,
H338,16/03/2023,踱步,沙田,內圈,沙田 內圈,,,,,,助手,,倒快一圈,,內圈 倒快一圈 (助手)
H338,15/03/2023,游水,沙田,,沙田,,,,,,,,游水,,
H338,15/03/2023,踱步,沙田,內圈,沙田 內圈,,,,,,助手,,快踱一圈,,內圈 快踱一圈 (助手)
H338,14/03/2023,游水,沙田,,沙田,,,,,,,,游水,,
H338,14/03/2023,踱步,沙田,內圈,沙田 內圈,,,,,,助手,,快踱一圈,,內圈 快踱一圈 (助手)
H338,13/03/2023,游水,沙田,,沙田,,,,,,,,游水,,
H338,13/03/2023,踱步,沙田,飛機場,沙田 飛機場,,,,,,助手,,踱步,H,飛機場 踱步 (助手)
H338,12/03/2023,游水,沙田,,沙田,,,,,,,,游水,,
H338,12/03/2023,踱步,沙田,飛機場,沙田 飛機場,,,,,,助手,,踱步,,飛機場 踱步 (助手)
H338,11/03/2023,游水,沙田,,沙田,,,,,,,,游水,,
H338,11/03/2023,踱步,沙田,飛機場,沙田 飛機場,,,,,,助手,,踱步,,飛機場 踱步 (助手)
