horse_no,date,work_type,racecourse,track,venue,distance,time,time_sec,splits,partner,rider,placing,comment,gear,workout_details
E058,05/09/2026,快操,沙田,全天候,沙田 全天候,,56.5,56.5,30.2 26.3,,副練馬師,,快操,H,30.2 26.3 (56.5) (副練馬師)
E058,05/09/2026,踱步,沙田,飛機場,沙田 飛機場,,,,,,副練馬師,,踱步,H,飛機場 踱步 (副練馬師)
E058,04/09/2026,游水,沙田,,沙田,,,,,,,,游水,,
E058,04/09/2026,踱步,沙田,內圈,沙田 內圈,,,,,,副練馬師,,快踱一圈,H,內圈 快踱一圈 (副練馬師)
E058,03/09/2026,游水,沙田,,沙田,,,,,,,,游水,,
E058,03/09/2026,踱步,沙田,內圈,沙田 內圈,,,,,,副練馬師,,倒快兩圈,H,內圈 倒快兩圈 (副練馬師)
E058,02/09/2026,游水,沙田,,沙田,,,,,,,,游水,,
E058,02/09/2026,快操,沙田,全天候,沙田 全天候,,59.2,59.2,32.0 27.2,,副練馬師,,快操,H,32.0 27.2 (59.2) (副練馬師)
E058,02/09/2026,踱步,沙田,飛機場,沙田 飛機場,,,,,,副練馬師,,踱步,H,飛機場 踱步 (副練馬師)
E058,01/09/2026,游水,沙田,,沙田,,,,,,,,游水,,
E058,01/09/2026,踱步,沙田,內圈,沙田 內圈,,,,,,助手,,快踱一圈,H,內圈 快踱一圈 (助手)
E058,31/08/2026,游水,沙田,,沙田,,,,,,,,游水,,
E058,31/08/2026,踱步,沙田,內圈,沙田 內圈,,,,,,副練馬師,,倒快兩圈,H,內圈 倒快兩圈 (副練馬師)
E058,30/08/2026,游水,沙田,,沙田,,,,,,,,游水,,
E058,30/08/2026,踱步,沙田,內圈,沙田 內圈,,,,,,鍾易禮,,快踱一圈,H,內圈 快踱一圈 (鍾易禮)
E058,29/08/2026,游水,沙田,,沙田,,,,,,,,游水,,
E058,29/08/2026,快操,沙田,全天候,沙田 全天候,,58.4,58.4,30.8 27.6,,副練馬師,,快操,H,30.8 27.6 (58.4) (副練馬師)
E058,29/08/2026,踱步,沙田,飛機場,沙田 飛機場,,,,,,副練馬師,,踱步,H,飛機場 踱步 (副練馬師)
E058,28/08/2026,游水,沙田,,沙田,,,,,,,,游水,,
E058,28/08/2026,踱步,沙田,內圈,沙田 內圈,,,,,,助手,,快踱一圈,H,內圈 快踱一圈 (助手)
E058,27/08/2026,游水,沙田,,沙田,,,,,,,,游水,,
E058,27/08/2026,踱步,沙田,內圈,沙田 內圈,,,,,,副練馬師,,倒快兩圈,H,內圈 倒快兩圈 (副練馬師)
E058,26/08/2026,游水,沙田,,沙田,,,,,,,,游水,,
E058,26/08/2026,踱步,沙田,內圈,沙田 內圈,,,,,,助手,,快踱一圈,H,內圈 快踱一圈 (助手)
E058,25/08/2026,游水,沙田,,沙田,,,,,,,,游水,,
E058,25/08/2026,踱步,沙田,內圈,沙田 內圈,,,,,,副練馬師,,快踱一圈,H,內圈 快踱一圈 (副練馬師)
E058,24/08/2026,游水,沙田,,沙田,,,,,,,,游水,,
E058,24/08/2026,踱步,沙田,內圈,沙田 內圈,,,,,,副練馬師,,倒快兩圈,H,內圈 倒快兩圈 (副練馬師)
E058,23/08/2026,游水,沙田,,沙田,,,,,,,,游水,,
E058,23/08/2026,踱步,沙田,內圈,沙田 內圈,,,,,,副練馬師,,快踱一圈,H,內圈 快踱一圈 (副練馬師)
E058,22/08/2026,游水,沙田,,沙田,,,,,,,,游水,,
E058,22/08/2026,踱步,沙田,內圈,沙田 內圈,,,,,,副練馬師,,快踱一圈,H,內圈 快踱一圈 (副練馬師)
E058,21/08/2026,游水,沙田,,沙田,,,,,,,,游水,,
E058,21/08/2026,踱步,沙田,內圈,沙田 內圈,,,,,,副練馬師,,快踱一圈,H,內圈 快踱一圈 (副練馬師)
E058,20/08/2026,游水,沙田,,沙田,,,,,,,,游水,,
E058,20/08/2026,踱步,沙田,內圈,沙田 內圈,,,,,,助手,,倒快兩圈,H,內圈 倒快兩圈 (助手)
E058,19/08/2026,游水,沙田,,沙田,,,,,,,,游水,,
E058,19/08/2026,踱步,沙田,內圈,沙田 內圈,,,,,,助手,,快踱一圈,H,內圈 快踱一圈 (助手)
E058,18/08/2026,游水,沙田,,沙田,,,,,,,,游水,,
E058,18/08/2026,踱步,沙田,內圈,沙田 內圈,,,,,,助手,,快踱一圈,H,內圈 快踱一圈 (助手)
E058,17/08/2026,游水,沙田,,沙田,,,,,,,,游水,,
E058,16/08/2026,游水,沙田,,沙田,,,,,,,,游水,,
E058,15/08/2026,游水,沙田,,沙田,,,,,,,,游水,,
E058,14/08/2026,游水,沙田,,沙田,,,,,,,,游水,,
E058,13/08/2026,游水,沙田,,沙田,,,,,,,,游水,,
E058,12/08/2026,游水,沙田,,沙田,,,,,,,,游水,,
E058,11/08/2026,游水,沙田,,沙田,,,,,,,,游水,,
E058,10/08/2026,游水,沙田,,沙田,,,,,,,,游水,,
E058,09/08/2026,游水,沙田,,沙田,,,,,,,,游水,,
E058,08/08/2026,游水,沙田,,沙田,,,,,,,,游水,,
E058,07/08/2026,游水,沙田,,沙田,,,,,,,,游水,,
E058,06/08/2026,游水,沙田,,沙田,,,,,,,,游水,,
E058,12/07/2026,出賽,沙田,草地,沙田 草地,1600M,,,,,布文,1/12,出賽,TT,1600M (布文) (1/12)
E058,12/07/2026,游水,沙田,,沙田,,,,,,,,游水,,
E058,12/07/2026,踱步,沙田,內圈,沙田 內圈,,,,,,副練馬師,,快踱一圈,H,內圈 快踱一圈 (副練馬師)
E058,11/07/2026,游水,沙田,,沙田,,,,,,,,游水,,
E058,11/07/2026,踱步,沙田,內圈,沙田 內圈,,,,,,副練馬師,,快踱一圈,H,內圈 快踱一圈 (副練馬師)
E058,10/07/2026,游水,沙田,,沙田,,,,,,,,游水,,
E058,10/07/2026,踱步,沙田,內圈,沙田 內圈,,,,,,助手,,快踱一圈,H,內圈 快踱一圈 (助手)
E058,09/07/2026,游水,沙田,,沙田,,,,,,,,游水,,
E058,09/07/2026,快操,沙田,全天候,沙田 全天候,,56.8,56.8,30.2 26.6,,副練馬師,,快操,H,30.2 26.6 (56.8) (副練馬師)
E058,09/07/2026,踱步,沙田,飛機場,沙田 飛機場,,,,,,副練馬師,,踱步,H,飛機場 踱步 (副練馬師)
E058,08/07/2026,游水,沙田,,沙田,,,,,,,,游水,,
E058,08/07/2026,踱步,沙田,內圈,沙田 內圈,,,,,,副練馬師,,快踱一圈,H,內圈 快踱一圈 (副練馬師)
E058,07/07/2026,游水,沙田,,沙田,,,,,,,,游水,,
E058,07/07/2026,踱步,沙田,內圈,沙田 內圈,,,,,,鍾易禮,,快踱一圈,H,內圈 快踱一圈 (鍾易禮)
E058,06/07/2026,游水,沙田,,沙田,,,,,,,,游水,,
E058,06/07/2026,踱步,沙田,內圈,沙田 內圈,,,,,,副練馬師,,倒快兩圈,H,內圈 倒快兩圈 (副練馬師)
E058,05/07/2026,游水,沙田,,沙田,,,,,,,,游水,,
E058,05/07/2026,快操,沙田,全天候,沙田 全天候,,57.0,57.0,30.6 26.4,,副練馬師,,快操,H,30.6 26.4 (57.0) (副練馬師)
E058,05/07/2026,踱步,沙田,飛機場,沙田 飛機場,,,,,,副練馬師,,踱步,H,飛機場 踱步 (副練馬師)
E058,04/07/2026,游水,沙田,,沙田,,,,,,,,游水,,
E058,04/07/2026,踱步,沙田,內圈,沙田 內圈,,,,,,副練馬師,,快踱一圈,H,內圈 快踱一圈 (副練馬師)
E058,03/07/2026,游水,沙田,,沙田,,,,,,,,游水,,
E058,03/07/2026,踱步,沙田,內圈,沙田 內圈,,,,,,助手,,快踱一圈,H,內圈 快踱一圈 (助手)
E058,02/07/2026,游水,沙田,,沙田,,,,,,,,游水,,
E058,02/07/2026,踱步,沙田,內圈,沙田 內圈,,,,,,副練馬師,,倒快兩圈,H,內圈 倒快兩圈 (副練馬師)
E058,01/07/2026,游水,沙田,,沙田,,,,,,,,游水,,
E058,01/07/2026,踱步,沙田,內圈,沙田 內圈,,,,,,副練馬師,,快踱一圈,H,內圈 快踱一圈 (副練馬師)
E058,30/06/2026,游水,沙田,,沙田,,,,,,,,游水,,
E058,30/06/2026,踱步,沙田,內圈,沙田 內圈,,,,,,助手,,快踱一圈,H,內圈 快踱一圈 (助手)
E058,29/06/2026,游水,沙田,,沙田,,,,,,,,游水,,
E058,29/06/2026,踱步,沙田,內圈,沙田 內圈,,,,,,副練馬師,,倒快兩圈,H,內圈 倒快兩圈 (副練馬師)
E058,28/06/2026,游水,沙田,,沙田,,,,,,,,游水,,
E058,28/06/2026,快操,沙田,全天候,沙田 全天候,,56.8,56.8,30.6 26.2,,副練馬師,,快操,H,30.6 26.2 (56.8) (副練馬師)
E058,28/06/2026,踱步,沙田,飛機場,沙田 飛機場,,,,,,副練馬師,,踱步,H,飛機場 踱步 (副練馬師)
E058,27/06/2026,游水,沙田,,沙田,,,,,,,,游水,,
E058,27/06/2026,踱步,沙田,內圈,沙田 內圈,,,,,,副練馬師,,快踱一圈,H,內圈 快踱一圈 (副練馬師)
E058,26/06/2026,游水,沙田,,沙田,,,,,,,,游水,,
E058,26/06/2026,踱步,沙田,內圈,沙田 內圈,,,,,,副練馬師,,快踱一圈,H,內圈 快踱一圈 (副練馬師)
E058,25/06/2026,游水,沙田,,沙田,,,,,,,,游水,,
E058,25/06/2026,踱步,沙田,內圈,沙田 內圈,,,,,,副練馬師,,倒快兩圈,H,內圈 倒快兩圈 (副練馬師)
E058,24/06/2026,游水,沙田,,沙田,,,,,,,,游水,,
E058,24/06/2026,踱步,沙田,內圈,沙田 內圈,,,,,,副練馬師,,快踱一圈,H,內圈 快踱一圈 (副練馬師)
E058,23/06/2026,游水,沙田,,沙田,,,,,,,,游水,,
E058,23/06/2026,踱步,沙田,內圈,沙田 內圈,,,,,,助手,,快踱一圈,H,內圈 快踱一圈 (助手)
E058,22/06/2026,游水,沙田,,沙田,,,,,,,,游水,,
E058,21/06/2026,出賽,沙田,草地,沙田 草地,1800M,,,,,莫雷拉,1/11,出賽,TT,1800M (莫雷拉) (1/11)
E058,21/06/2026,游水,沙田,,沙田,,,,,,,,游水,,
E058,21/06/2026,踱步,沙田,內圈,沙田 內圈,,,,,,副練馬師,,快踱一圈,H,內圈 快踱一圈 (副練馬師)
E058,20/06/2026,游水,沙田,,沙田,,,,,,,,游水,,
E058,20/06/2026,踱步,沙田,內圈,沙田 內圈,,,,,,副練馬師,,快踱一圈,H,內圈 快踱一圈 (副練馬師)
E058,19/06/2026,游水,沙田,,沙田,,,,,,,,游水,,
E058,19/06/2026,踱步,沙田,內圈,沙田 內圈,,,,,,副練馬師,,快踱一圈,H,內圈 快踱一圈 (副練馬師)
E058,18/06/2026,游水,沙田,,沙田,,,,,,,,游水,,
E058,18/06/2026,快操,沙田,全天候,沙田 全天候,,56.2,56.2,29.7 26.5,,副練馬師,,快操,H,29.7 26.5 (56.2) (副練馬師)
E058,18/06/2026,踱步,沙田,飛機場,沙田 飛機場,,,,,,副練馬師,,踱步,H,飛機場 踱步 (副練馬師)
E058,17/06/2026,游水,沙田,,沙田,,,,,,,,游水,,
E058,17/06/2026,踱步,沙田,內圈,沙田 內圈,,,,,,副練馬師,,快踱一圈,H,內圈 快踱一圈 (副練馬師)
E058,16/06/2026,游水,沙田,,沙田,,,,,,,,游水,,
E058,16/06/2026,踱步,沙田,內圈,沙田 內圈,,,,,,助手,,快踱一圈,H,內圈 快踱一圈 (助手)
E058,15/06/2026,游水,沙田,,沙田,,,,,,,,游水,,
E058,15/06/2026,踱步,沙田,內圈,沙田 內圈,,,,,,副練馬師,,倒快兩圈,H,內圈 倒快兩圈 (副練馬師)
E058,14/06/2026,游水,沙田,,沙田,,,,,,,,游水,,
E058,14/06/2026,快操,沙田,全天候,沙田 全天候,,56.0,56.0,29.7 26.3,,副練馬師,,快操,H,29.7 26.3 (56.0) (副練馬師)
E058,14/06/2026,踱步,沙田,飛機場,沙田 飛機場,,,,,,副練馬師,,踱步,H,飛機場 踱步 (副練馬師)
E058,13/06/2026,游水,沙田,,沙田,,,,,,,,游水,,
E058,13/06/2026,踱步,沙田,內圈,沙田 內圈,,,,,,副練馬師,,快踱一圈,H,內圈 快踱一圈 (副練馬師)
E058,12/06/2026,游水,沙田,,沙田,,,,,,,,游水,,
E058,12/06/2026,踱步,沙田,內圈,沙田 內圈,,,,,,副練馬師,,快踱一圈,H,內圈 快踱一圈 (副練馬師)
E058,11/06/2026,游水,沙田,,沙田,,,,,,,,游水,,
E058,11/06/2026,踱步,沙田,內圈,沙田 內圈,,,,,,副練馬師,,倒快兩圈,H,內圈 倒快兩圈 (副練馬師)
E058,10/06/2026,游水,沙田,,沙田,,,,,,,,游水,,
E058,10/06/2026,快操,沙田,全天候,沙田 全天候,,56.2,56.2,30.2 26.0,,副練馬師,,快操,H,30.2 26.0 (56.2) (副練馬師)
E058,10/06/2026,踱步,沙田,飛機場,沙田 飛機場,,,,,,副練馬師,,踱步,H,飛機場 踱步 (副練馬師)
E058,09/06/2026,游水,沙田,,沙田,,,,,,,,游水,,
E058,09/06/2026,踱步,沙田,內圈,沙田 內圈,,,,,,助手,,快踱一圈,H,內圈 快踱一圈 (助手)
E058,08/06/2026,游水,沙田,,沙田,,,,,,,,游水,,
E058,08/06/2026,踱步,沙田,內圈,沙田 內圈,,,,,,副練馬師,,倒快兩圈,H,內圈 倒快兩圈 (副練馬師)
E058,07/06/2026,游水,沙田,,沙田,,,,,,,,游水,,
E058,07/06/2026,踱步,沙田,內圈,沙田 內圈,,,,,,副練馬師,,快踱一圈,H,內圈 快踱一圈 (副練馬師)
E058,06/06/2026,游水,沙田,,沙田,,,,,,,,游水,,
E058,06/06/2026,踱步,沙田,內圈,沙田 內圈,,,,,,副練馬師,,快踱一圈,H,內圈 快踱一圈 (副練馬師)
E058,05/06/2026,游水,沙田,,沙田,,,,,,,,游水,,
E058,05/06/2026,踱步,沙田,內圈,沙田 內圈,,,,,,副練馬師,,快踱一圈,H,內圈 快踱一圈 (副練馬師)
E058,04/06/2026,游水,沙田,,沙田,,,,,,,,游水,,
E058,04/06/2026,踱步,沙田,內圈,沙田 內圈,,,,,,助手,,倒快兩圈,H,內圈 倒快兩圈 (助手)
E058,03/06/2026,游水,沙田,,沙田,,,,,,,,游水,,
E058,03/06/2026,踱步,沙田,內圈,沙田 內圈,,,,,,副練馬師,,快踱一圈,H,內圈 快踱一圈 (副練馬師)
E058,02/06/2026,游水,沙田,,沙田,,,,,,,,游水,,
E058,02/06/2026,踱步,沙田,內圈,沙田 內圈,,,,,,助手,,快踱一圈,H,內圈 快踱一圈 (助手)
E058,31/05/2026,出賽,沙田,草地,沙田 草地,1600M,,,,,艾道拿,2/9,出賽,TT,1600M (艾道拿) (2/9)
E058,31/05/2026,游水,沙田,,沙田,,,,,,,,游水,,
E058,31/05/2026,踱步,沙田,內圈,沙田 內圈,,,,,,副練馬師,,快踱一圈,H,內圈 快踱一圈 (副練馬師)
E058,30/05/2026,游水,沙田,,沙田,,,,,,,,游水,,
E058,30/05/2026,踱步,沙田,內圈,沙田 內圈,,,,,,副練馬師,,快踱一圈,H,內圈 快踱一圈 (副練馬師)
E058,29/05/2026,游水,沙田,,沙田,,,,,,,,游水,,
E058,29/05/2026,踱步,沙田,內圈,沙田 內圈,,,,,,副練馬師,,快踱一圈,H,內圈 快踱一圈 (副練馬師)
E058,28/05/2026,游水,沙田,,沙田,,,,,,,,游水,,
E058,28/05/2026,快操,沙田,全天候,沙田 全天候,,56.2,56.2,30.2 26.0,,鍾易禮,,快操,H,30.2 26.0 (56.2) (鍾易禮)
E058,28/05/2026,踱步,沙田,飛機場,沙田 飛機場,,,,,,鍾易禮,,踱步,H,飛機場 踱步 (鍾易禮)
E058,27/05/2026,游水,沙田,,沙田,,,,,,,,游水,,
E058,27/05/2026,踱步,沙田,內圈,沙田 內圈,,,,,,副練馬師,,快踱一圈,H,內圈 快踱一圈 (副練馬師)
E058,26/05/2026,游水,沙田,,沙田,,,,,,,,游水,,
E058,26/05/2026,踱步,沙田,內圈,沙田 內圈,,,,,,助手,,快踱一圈,H,內圈 快踱一圈 (助手)
E058,25/05/2026,游水,沙田,,沙田,,,,,,,,游水,,
E058,25/05/2026,踱步,沙田,內圈,沙田 內圈,,,,,,副練馬師,,倒快兩圈,H,內圈 倒快兩圈 (副練馬師)
E058,24/05/2026,游水,沙田,,沙田,,,,,,,,游水,,
E058,24/05/2026,快操,沙田,全天候,沙田 全天候,,57.6,57.6,30.9 26.7,,鍾易禮,,快操,H,30.9 26.7 (57.6) (鍾易禮)
E058,24/05/2026,踱步,沙田,飛機場,沙田 飛機場,,,,,,鍾易禮,,踱步,H,飛機場 踱步 (鍾易禮)
E058,23/05/2026,游水,沙田,,沙田,,,,,,,,游水,,
E058,23/05/2026,踱步,沙田,內圈,沙田 內圈,,,,,,副練馬師,,快踱一圈,H,內圈 快踱一圈 (副練馬師)
E058,22/05/2026,游水,沙田,,沙田,,,,,,,,游水,,
E058,22/05/2026,踱步,沙田,內圈,沙田 內圈,,,,,,助手,,快踱一圈,H,內圈 快踱一圈 (助手)
E058,21/05/2026,游水,沙田,,沙田,,,,,,,,游水,,
E058,21/05/2026,快操,沙田,全天候,沙田 全天候,,56.5,56.5,30.0 26.5,,鍾易禮,,快操,H,30.0 26.5 (56.5) (鍾易禮)
E058,21/05/2026,踱步,沙田,飛機場,沙田 飛機場,,,,,,鍾易禮,,踱步,H,飛機場 踱步 (鍾易禮)
E058,20/05/2026,游水,沙田,,沙田,,,,,,,,游水,,
E058,20/05/2026,踱步,沙田,內圈,沙田 內圈,,,,,,助手,,快踱一圈,H,內圈 快踱一圈 (助手)
E058,19/05/2026,游水,沙田,,沙田,,,,,,,,游水,,
E058,19/05/2026,踱步,沙田,內圈,沙田 內圈,,,,,,助手,,快踱一圈,H,內圈 快踱一圈 (助手)
E058,18/05/2026,游水,沙田,,沙田,,,,,,,,游水,,
E058,18/05/2026,踱步,沙田,內圈,沙田 內圈,,,,,,副練馬師,,倒快兩圈,H,內圈 倒快兩圈 (副練馬師)
E058,17/05/2026,快操,沙田,全天候,沙田 全天候,,56.2,56.2,30.1 26.1,,副練馬師,,快操,H,30.1 26.1 (56.2) (副練馬師)
E058,17/05/2026,踱步,沙田,飛機場,沙田 飛機場,,,,,,副練馬師,,踱步,H,飛機場 踱步 (副練馬師)
E058,16/05/2026,游水,沙田,,沙田,,,,,,,,游水,,
E058,16/05/2026,踱步,沙田,內圈,沙田 內圈,,,,,,副練馬師,,快踱一圈,H,內圈 快踱一圈 (副練馬師)
E058,15/05/2026,游水,沙田,,沙田,,,,,,,,游水,,
E058,15/05/2026,踱步,沙田,內圈,沙田 內圈,,,,,,副練馬師,,快踱一圈,H,內圈 快踱一圈 (副練馬師)
E058,14/05/2026,游水,沙田,,沙田,,,,,,,,游水,,
E058,14/05/2026,快操,沙田,全天候,沙田 全天候,,56.3,56.3,30.9 25.4,,副練馬師,,快操,H,30.9 25.4 (56.3) (副練馬師)
E058,14/05/2026,踱步,沙田,飛機場,沙田 飛機場,,,,,,副練馬師,,踱步,H,飛機場 踱步 (副練馬師)
E058,13/05/2026,游水,沙田,,沙田,,,,,,,,游水,,
E058,13/05/2026,踱步,沙田,內圈,沙田 內圈,,,,,,助手,,快踱一圈,H,內圈 快踱一圈 (助手)
E058,12/05/2026,游水,沙田,,沙田,,,,,,,,游水,,
E058,12/05/2026,踱步,沙田,內圈,沙田 內圈,,,,,,助手,,快踱一圈,H,內圈 快踱一圈 (助手)
E058,11/05/2026,游水,沙田,,沙田,,,,,,,,游水,,
E058,11/05/2026,踱步,沙田,內圈,沙田 內圈,,,,,,副練馬師,,倒快兩圈,H,內圈 倒快兩圈 (副練馬師)
E058,10/05/2026,游水,沙田,,沙田,,,,,,,,游水,,
E058,10/05/2026,快操,沙田,全天候,沙田 全天候,,54.7,54.7,28.9 25.8,,鍾易禮,,快操,H,28.9 25.8 (54.7) (鍾易禮)
E058,10/05/2026,踱步,沙田,飛機場,沙田 飛機場,,,,,,鍾易禮,,踱步,H,飛機場 踱步 (鍾易禮)
E058,09/05/2026,游水,沙田,,沙田,,,,,,,,游水,,
E058,09/05/2026,踱步,沙田,內圈,沙田 內圈,,,,,,副練馬師,,快踱一圈,H,內圈 快踱一圈 (副練馬師)
E058,08/05/2026,游水,沙田,,沙田,,,,,,,,游水,,
E058,08/05/2026,踱步,沙田,內圈,沙田 內圈,,,,,,副練馬師,,快踱一圈,H,內圈 快踱一圈 (副練馬師)
E058,07/05/2026,游水,沙田,,沙田,,,,,,,,游水,,
E058,07/05/2026,踱步,沙田,內圈,沙田 內圈,,,,,,副練馬師,,倒快兩圈,H,內圈 倒快兩圈 (副練馬師)
E058,06/05/2026,游水,沙田,,沙田,,,,,,,,游水,,
E058,06/05/2026,踱步,沙田,內圈,沙田 內圈,,,,,,助手,,快踱一圈,H,內圈 快踱一圈 (助手)
E058,05/05/2026,游水,沙田,,沙田,,,,,,,,游水,,
E058,05/05/2026,踱步,沙田,內圈,沙田 內圈,,,,,,鍾易禮,,快踱一圈,H,內圈 快踱一圈 (鍾易禮)
E058,04/05/2026,游水,沙田,,沙田,,,,,,,,游水,,
E058,03/05/2026,出賽,沙田,草地,沙田 草地,1600M,,,,,布文,5/11,出賽,TT,1600M (布文) (5/11)
E058,03/05/2026,游水,沙田,,沙田,,,,,,,,游水,,
E058,03/05/2026,踱步,沙田,內圈,沙田 內圈,,,,,,副練馬師,,快踱一圈,H,內圈 快踱一圈 (副練馬師)
E058,02/05/2026,游水,沙田,,沙田,,,,,,,,游水,,
E058,02/05/2026,踱步,沙田,內圈,沙田 內圈,,,,,,副練馬師,,快踱一圈,H,內圈 快踱一圈 (副練馬師)
E058,01/05/2026,游水,沙田,,沙田,,,,,,,,游水,,
E058,01/05/2026,踱步,沙田,內圈,沙田 內圈,,,,,,副練馬師,,快踱一圈,H,內圈 快踱一圈 (副練馬師)
E058,30/04/2026,游水,沙田,,沙田,,,,,,,,游水,,
E058,30/04/2026,踱步,沙田,內圈,沙田 內圈,,,,,,副練馬師,,倒快兩圈,H,內圈 倒快兩圈 (副練馬師)
E058,29/04/2026,游水,沙田,,沙田,,,,,,,,游水,,
E058,29/04/2026,踱步,沙田,內圈,沙田 內圈,,,,,,助手,,快踱一圈,H,內圈 快踱一圈 (助手)
E058,28/04/2026,游水,沙田,,沙田,,,,,,,,游水,,
E058,28/04/2026,踱步,沙田,內圈,沙田 內圈,,,,,,鍾易禮,,快踱一圈,H,內圈 快踱一圈 (鍾易禮)
E058,27/04/2026,游水,沙田,,沙田,,,,,,,,游水,,
E058,27/04/2026,快操,沙田,草閘,沙田 草閘,,47.7,47.7,24.4 23.3,,副練馬師,,"快路, 同樣美麗",,"24.4 23.3 (47.7) (副練馬師) 快路, 同樣美麗"
E058,27/04/2026,踱步,沙田,飛機場,沙田 飛機場,,,,,,副練馬師,,踱步,,飛機場 踱步 (副練馬師)
E058,26/04/2026,游水,沙田,,沙田,,,,,,,,游水,,
E058,26/04/2026,踱步,沙田,內圈,沙田 內圈,,,,,,副練馬師,,快踱一圈,H,內圈 快踱一圈 (副練馬師)
E058,25/04/2026,游水,沙田,,沙田,,,,,,,,游水,,
E058,25/04/2026,踱步,沙田,內圈,沙田 內圈,,,,,,副練馬師,,快踱一圈,H,內圈 快踱一圈 (副練馬師)
E058,24/04/2026,游水,沙田,,沙田,,,,,,,,游水,,
E058,24/04/2026,踱步,沙田,內圈,沙田 內圈,,,,,,副練馬師,,快踱一圈,H,內圈 快踱一圈 (副練馬師)
E058,23/04/2026,游水,沙田,,沙田,,,,,,,,游水,,
E058,23/04/2026,快操,沙田,全天候,沙田 全天候,,57.3,57.3,30.6 26.7,,副練馬師,,快操,H,30.6 26.7 (57.3) (副練馬師)
E058,23/04/2026,踱步,沙田,飛機場,沙田 飛機場,,,,,,副練馬師,,踱步,H,飛機場 踱步 (副練馬師)
E058,22/04/2026,游水,沙田,,沙田,,,,,,,,游水,,
E058,22/04/2026,踱步,沙田,內圈,沙田 內圈,,,,,,副練馬師,,快踱一圈,H,內圈 快踱一圈 (副練馬師)
E058,21/04/2026,游水,沙田,,沙田,,,,,,,,游水,,
E058,20/04/2026,游水,沙田,,沙田,,,,,,,,游水,,
E058,20/04/2026,踱步,沙田,內圈,沙田 內圈,,,,,,副練馬師,,倒快兩圈,H,內圈 倒快兩圈 (副練馬師)
E058,19/04/2026,游水,沙田,,沙田,,,,,,,,游水,,
E058,19/04/2026,踱步,沙田,內圈,沙田 內圈,,,,,,副練馬師,,快踱一圈,H,內圈 快踱一圈 (副練馬師)
E058,18/04/2026,游水,沙田,,沙田,,,,,,,,游水,,
E058,18/04/2026,踱步,沙田,內圈,沙田 內圈,,,,,,副練馬師,,快踱一圈,H,內圈 快踱一圈 (副練馬師)
E058,17/04/2026,游水,沙田,,沙田,,,,,,,,游水,,
E058,17/04/2026,踱步,沙田,內圈,沙田 內圈,,,,,,副練馬師,,快踱一圈,H,內圈 快踱一圈 (副練馬師)
E058,16/04/2026,游水,沙田,,沙田,,,,,,,,游水,,
E058,16/04/2026,踱步,沙田,內圈,沙田 內圈,,,,,,副練馬師,,倒快兩圈,H,內圈 倒快兩圈 (副練馬師)
E058,15/04/2026,游水,沙田,,沙田,,,,,,,,游水,,
E058,15/04/2026,快操,沙田,全天候,沙田 全天候,,56.4,56.4,30.5 25.9,,副練馬師,,快操,H,30.5 25.9 (56.4) (副練馬師)
E058,15/04/2026,踱步,沙田,飛機場,沙田 飛機場,,,,,,副練馬師,,踱步,H,飛機場 踱步 (副練馬師)
E058,14/04/2026,游水,沙田,,沙田,,,,,,,,游水,,
E058,14/04/2026,踱步,沙田,內圈,沙田 內圈,,,,,,助手,,快踱一圈,H,內圈 快踱一圈 (助手)
E058,13/04/2026,游水,沙田,,沙田,,,,,,,,游水,,
E058,13/04/2026,踱步,沙田,內圈,沙田 內圈,,,,,,副練馬師,,倒快兩圈,H,內圈 倒快兩圈 (副練馬師)
E058,12/04/2026,游水,沙田,,沙田,,,,,,,,游水,,
E058,12/04/2026,踱步,沙田,內圈,沙田 內圈,,,,,,副練馬師,,快踱一圈,H,內圈 快踱一圈 (副練馬師)
E058,11/04/2026,游水,沙田,,沙田,,,,,,,,游水,,
E058,11/04/2026,踱步,沙田,內圈,沙田 內圈,,,,,,副練馬師,,快踱一圈,H,內圈 快踱一圈 (副練馬師)
E058,10/04/2026,游水,沙田,,沙田,,,,,,,,游水,,
E058,10/04/2026,踱步,沙田,內圈,沙田 內圈,,,,,,副練馬師,,快踱一圈,H,內圈 快踱一圈 (副練馬師)
E058,09/04/2026,游水,沙田,,沙田,,,,,,,,游水,,
E058,09/04/2026,踱步,沙田,內圈,沙田 內圈,,,,,,副練馬師,,倒快兩圈,H,內圈 倒快兩圈 (副練馬師)
E058,08/04/2026,游水,沙田,,沙田,,,,,,,,游水,,
E058,08/04/2026,踱步,沙田,內圈,沙田 內圈,,,,,,副練馬師,,快踱一圈,H,內圈 快踱一圈 (副練馬師)
E058,06/04/2026,出賽,沙田,草地,沙田 草地,1600M,,,,,艾道拿,11/14,出賽,TT,1600M (艾道拿) (11/14)
E058,06/04/2026,游水,沙田,,沙田,,,,,,,,游水,,
E058,06/04/2026,踱步,沙田,內圈,沙田 內圈,,,,,,副練馬師,,倒快一圈,H,內圈 倒快一圈 (副練馬師)
E058,05/04/2026,游水,沙田,,沙田,,,,,,,,游水,,
E058,05/04/2026,踱步,沙田,內圈,沙田 內圈,,,,,,助手,,快踱一圈,H,內圈 快踱一圈 (助手)
E058,04/04/2026,游水,沙田,,沙田,,,,,,,,游水,,
E058,04/04/2026,踱步,沙田,內圈,沙田 內圈,,,,,,副練馬師,,快踱一圈,H,內圈 快踱一圈 (副練馬師)
E058,03/04/2026,游水,沙田,,沙田,,,,,,,,游水,,
E058,03/04/2026,快操,沙田,全天候,沙田 全天候,,55.4,55.4,29.7 25.7,,副練馬師,,快操,H,29.7 25.7 (55.4) (副練馬師)
E058,03/04/2026,踱步,沙田,飛機場,沙田 飛機場,,,,,,副練馬師,,踱步,H,飛機場 踱步 (副練馬師)
E058,02/04/2026,游水,沙田,,沙田,,,,,,,,游水,,
E058,02/04/2026,踱步,沙田,內圈,沙田 內圈,,,,,,副練馬師,,倒快兩圈,H,內圈 倒快兩圈 (副練馬師)
E058,01/04/2026,游水,沙田,,沙田,,,,,,,,游水,,
E058,01/04/2026,踱步,沙田,內圈,沙田 內圈,,,,,,副練馬師,,快踱一圈,H,內圈 快踱一圈 (副練馬師)
E058,31/03/2026,游水,沙田,,沙田,,,,,,,,游水,,
E058,31/03/2026,快操,沙田,全天候,沙田 全天候,,54.2,54.2,28.5 25.7,,助手,,快操,H,28.5 25.7 (54.2) (助手)
E058,31/03/2026,踱步,沙田,飛機場,沙田 飛機場,,,,,,助手,,踱步,H,飛機場 踱步 (助手)
E058,30/03/2026,游水,沙田,,沙田,,,,,,,,游水,,
E058,30/03/2026,踱步,沙田,內圈,沙田 內圈,,,,,,副練馬師,,倒快兩圈,H,內圈 倒快兩圈 (副練馬師)
E058,29/03/2026,踱步,沙田,內圈,沙田 內圈,,,,,,副練馬師,,快踱一圈,H,內圈 快踱一圈 (副練馬師)
E058,28/03/2026,游水,沙田,,沙田,,,,,,,,游水,,
E058,28/03/2026,踱步,沙田,內圈,沙田 內圈,,,,,,副練馬師,,快踱一圈,H,內圈 快踱一圈 (副練馬師)
E058,27/03/2026,游水,沙田,,沙田,,,,,,,,游水,,
E058,27/03/2026,踱步,沙田,內圈,沙田 內圈,,,,,,副練馬師,,快踱一圈,H,內圈 快踱一圈 (副練馬師)
E058,26/03/2026,游水,沙田,,沙田,,,,,,,,游水,,
E058,26/03/2026,踱步,沙田,內圈,沙田 內圈,,,,,,助手,,倒快兩圈,H,內圈 倒快兩圈 (助手)
E058,25/03/2026,游水,沙田,,沙田,,,,,,,,游水,,
E058,25/03/2026,踱步,沙田,內圈,沙田 內圈,,,,,,副練馬師,,快踱一圈,H,內圈 快踱一圈 (副練馬師)
E058,24/03/2026,試閘,沙田,草地,沙田 草地,1600M,1.36.81,96.81,25.2 23.4 24.8 23.4,金鑽貴人,艾道拿,,第7組,,第7組 (艾道拿) 1600M 金鑽貴人 25.2 23.4 24.8 23.4 (1.36.81)
E058,24/03/2026,游水,沙田,,沙田,,,,,,,,游水,,
E058,23/03/2026,游水,沙田,,沙田,,,,,,,,游水,,
E058,23/03/2026,踱步,沙田,內圈,沙田 內圈,,,,,,副練馬師,,倒快兩圈,H,內圈 倒快兩圈 (副練馬師)
E058,22/03/2026,游水,沙田,,沙田,,,,,,,,游水,,
E058,22/03/2026,踱步,沙田,內圈,沙田 內圈,,,,,,副練馬師,,快踱一圈,H,內圈 快踱一圈 (副練馬師)
E058,21/03/2026,游水,沙田,,沙田,,,,,,,,游水,,
E058,21/03/2026,快操,沙田,全天候,沙田 全天候,,54.1,54.1,30.4 23.7,,副練馬師,,快操,H,30.4 23.7 (54.1) (副練馬師)
E058,21/03/2026,踱步,沙田,飛機場,沙田 飛機場,,,,,,副練馬師,,踱步,H,飛機場 踱步 (副練馬師)
E058,20/03/2026,游水,沙田,,沙田,,,,,,,,游水,,
E058,20/03/2026,踱步,沙田,內圈,沙田 內圈,,,,,,副練馬師,,快踱一圈,H,內圈 快踱一圈 (副練馬師)
E058,19/03/2026,游水,沙田,,沙田,,,,,,,,游水,,
E058,19/03/2026,踱步,沙田,內圈,沙田 內圈,,,,,,副練馬師,,倒快兩圈,H,內圈 倒快兩圈 (副練馬師)
E058,18/03/2026,游水,沙田,,沙田,,,,,,,,游水,,
E058,18/03/2026,快操,沙田,全天候,沙田 全天候,,54.1,54.1,30.1 24.0,,副練馬師,,快操,H,30.1 24.0 (54.1) (副練馬師)
E058,18/03/2026,踱步,沙田,飛機場,沙田 飛機場,,,,,,副練馬師,,踱步,H,飛機場 踱步 (副練馬師)
E058,17/03/2026,游水,沙田,,沙田,,,,,,,,游水,,
E058,17/03/2026,踱步,沙田,內圈,沙田 內圈,,,,,,助手,,快踱一圈,H,內圈 快踱一圈 (助手)
E058,16/03/2026,游水,沙田,,沙田,,,,,,,,游水,,
E058,16/03/2026,踱步,沙田,內圈,沙田 內圈,,,,,,副練馬師,,倒快兩圈,H,內圈 倒快兩圈 (副練馬師)
E058,15/03/2026,游水,沙田,,沙田,,,,,,,,游水,,
E058,15/03/2026,快操,沙田,全天候,沙田 全天候,,56.3,56.3,30.0 26.3,,副練馬師,,快操,H,30.0 26.3 (56.3) (副練馬師)
E058,15/03/2026,踱步,沙田,飛機場,沙田 飛機場,,,,,,副練馬師,,踱步,H,飛機場 踱步 (副練馬師)
E058,14/03/2026,游水,沙田,,沙田,,,,,,,,游水,,
E058,14/03/2026,踱步,沙田,內圈,沙田 內圈,,,,,,副練馬師,,快踱一圈,H,內圈 快踱一圈 (副練馬師)
E058,13/03/2026,游水,沙田,,沙田,,,,,,,,游水,,
E058,13/03/2026,踱步,沙田,內圈,沙田 內圈,,,,,,副練馬師,,快踱一圈,H,內圈 快踱一圈 (副練馬師)
E058,12/03/2026,游水,沙田,,沙田,,,,,,,,游水,,
E058,12/03/2026,快操,沙田,全天候,沙田 全天候,,56.7,56.7,30.5 26.2,,副練馬師,,快操,H,30.5 26.2 (56.7) (副練馬師)
E058,12/03/2026,踱步,沙田,飛機場,沙田 飛機場,,,,,,副練馬師,,踱步,H,飛機場 踱步 (副練馬師)
E058,11/03/2026,游水,沙田,,沙田,,,,,,,,游水,,
E058,11/03/2026,踱步,沙田,內圈,沙田 內圈,,,,,,副練馬師,,快踱一圈,H,內圈 快踱一圈 (副練馬師)
E058,10/03/2026,游水,沙田,,沙田,,,,,,,,游水,,
E058,10/03/2026,踱步,沙田,內圈,沙田 內圈,,,,,,助手,,快踱一圈,H,內圈 快踱一圈 (助手)
E058,09/03/2026,游水,沙田,,沙田,,,,,,,,游水,,
E058,09/03/2026,踱步,沙田,內圈,沙田 內圈,,,,,,副練馬師,,倒快兩圈,H,內圈 倒快兩圈 (副練馬師)
E058,08/03/2026,游水,沙田,,沙田,,,,,,,,游水,,
E058,08/03/2026,快操,沙田,全天候,沙田 全天候,,56.7,56.7,29.3 27.4,,鍾易禮,,快操,H,29.3 27.4 (56.7) (鍾易禮)
E058,08/03/2026,踱步,沙田,飛機場,沙田 飛機場,,,,,,鍾易禮,,踱步,H,飛機場 踱步 (鍾易禮)
E058,07/03/2026,游水,沙田,,沙田,,,,,,,,游水,,
E058,07/03/2026,踱步,沙田,內圈,沙田 內圈,,,,,,副練馬師,,快踱一圈,H,內圈 快踱一圈 (副練馬師)
E058,06/03/2026,游水,沙田,,沙田,,,,,,,,游水,,
E058,06/03/2026,踱步,沙田,內圈,沙田 內圈,,,,,,副練馬師,,快踱一圈,H,內圈 快踱一圈 (副練馬師)
E058,05/03/2026,游水,沙田,,沙田,,,,,,,,游水,,
E058,05/03/2026,踱步,沙田,內圈,沙田 內圈,,,,,,副練馬師,,倒快兩圈,H,內圈 倒快兩圈 (副練馬師)
E058,04/03/2026,游水,沙田,,沙田,,,,,,,,游水,,
E058,04/03/2026,踱步,沙田,內圈,沙田 內圈,,,,,,助手,,快踱一圈,H,內圈 快踱一圈 (助手)
E058,03/03/2026,游水,沙田,,沙田,,,,,,,,游水,,
E058,03/03/2026,踱步,沙田,內圈,沙田 內圈,,,,,,助手,,快踱一圈,H,內圈 快踱一圈 (助手)
E058,01/03/2026,出賽,沙田,草地,沙田 草地,2000M,,,,,艾道拿,6/6,出賽,TT,2000M (艾道拿) (6/6)
E058,01/03/2026,游水,沙田,,沙田,,,,,,,,游水,,
E058,01/03/2026,踱步,沙田,內圈,沙田 內圈,,,,,,副練馬師,,快踱一圈,H,內圈 快踱一圈 (副練馬師)
E058,28/02/2026,游水,沙田,,沙田,,,,,,,,游水,,
E058,28/02/2026,踱步,沙田,內圈,沙田 內圈,,,,,,副練馬師,,快踱一圈,H,內圈 快踱一圈 (副練馬師)
E058,27/02/2026,游水,沙田,,沙田,,,,,,,,游水,,
E058,27/02/2026,踱步,沙田,內圈,沙田 內圈,,,,,,副練馬師,,快踱一圈,H,內圈 快踱一圈 (副練馬師)
E058,26/02/2026,游水,沙田,,沙田,,,,,,,,游水,,
E058,26/02/2026,快操,沙田,全天候,沙田 全天候,,55.7,55.7,30.3 25.4,,副練馬師,,快操,H,30.3 25.4 (55.7) (副練馬師)
E058,26/02/2026,踱步,沙田,飛機場,沙田 飛機場,,,,,,副練馬師,,踱步,H,飛機場 踱步 (副練馬師)
E058,25/02/2026,游水,沙田,,沙田,,,,,,,,游水,,
E058,25/02/2026,踱步,沙田,內圈,沙田 內圈,,,,,,副練馬師,,快踱一圈,H,內圈 快踱一圈 (副練馬師)
E058,24/02/2026,游水,沙田,,沙田,,,,,,,,游水,,
E058,24/02/2026,踱步,沙田,內圈,沙田 內圈,,,,,,助手,,快踱一圈,H,內圈 快踱一圈 (助手)
E058,23/02/2026,游水,沙田,,沙田,,,,,,,,游水,,
E058,23/02/2026,踱步,沙田,內圈,沙田 內圈,,,,,,副練馬師,,倒快兩圈,H,內圈 倒快兩圈 (副練馬師)
E058,22/02/2026,游水,沙田,,沙田,,,,,,,,游水,,
E058,22/02/2026,快操,沙田,全天候,沙田 全天候,,56.3,56.3,30.2 26.1,,副練馬師,,快操,H,30.2 26.1 (56.3) (副練馬師)
E058,22/02/2026,踱步,沙田,飛機場,沙田 飛機場,,,,,,副練馬師,,踱步,H,飛機場 踱步 (副練馬師)
E058,21/02/2026,游水,沙田,,沙田,,,,,,,,游水,,
E058,21/02/2026,踱步,沙田,內圈,沙田 內圈,,,,,,副練馬師,,快踱一圈,H,內圈 快踱一圈 (副練馬師)
E058,20/02/2026,游水,沙田,,沙田,,,,,,,,游水,,
E058,20/02/2026,踱步,沙田,內圈,沙田 內圈,,,,,,副練馬師,,快踱一圈,H,內圈 快踱一圈 (副練馬師)
E058,19/02/2026,游水,沙田,,沙田,,,,,,,,游水,,
E058,19/02/2026,快操,沙田,全天候,沙田 全天候,,56.6,56.6,30.7 25.9,,副練馬師,,快操,H,30.7 25.9 (56.6) (副練馬師)
E058,19/02/2026,踱步,沙田,飛機場,沙田 飛機場,,,,,,副練馬師,,踱步,H,飛機場 踱步 (副練馬師)
E058,18/02/2026,游水,沙田,,沙田,,,,,,,,游水,,
E058,18/02/2026,踱步,沙田,內圈,沙田 內圈,,,,,,助手,,快踱一圈,H,內圈 快踱一圈 (助手)
E058,16/02/2026,游水,沙田,,沙田,,,,,,,,游水,,
E058,16/02/2026,踱步,沙田,內圈,沙田 內圈,,,,,,副練馬師,,倒快兩圈,H,內圈 倒快兩圈 (副練馬師)
E058,15/02/2026,游水,沙田,,沙田,,,,,,,,游水,,
E058,15/02/2026,快操,沙田,全天候,沙田 全天候,,56.4,56.4,29.9 26.5,,鍾易禮,,快操,H,29.9 26.5 (56.4) (鍾易禮)
E058,15/02/2026,踱步,沙田,飛機場,沙田 飛機場,,,,,,鍾易禮,,踱步,H,飛機場 踱步 (鍾易禮)
E058,14/02/2026,游水,沙田,,沙田,,,,,,,,游水,,
E058,14/02/2026,踱步,沙田,內圈,沙田 內圈,,,,,,副練馬師,,快踱一圈,H,內圈 快踱一圈 (副練馬師)
E058,13/02/2026,游水,沙田,,沙田,,,,,,,,游水,,
E058,13/02/2026,踱步,沙田,內圈,沙田 內圈,,,,,,副練馬師,,快踱一圈,H,內圈 快踱一圈 (副練馬師)
E058,12/02/2026,踱步,沙田,內圈,沙田 內圈,,,,,,副練馬師,,倒快兩圈,H,內圈 倒快兩圈 (副練馬師)
E058,11/02/2026,踱步,沙田,內圈,沙田 內圈,,,,,,副練馬師,,快踱一圈,H,內圈 快踱一圈 (副練馬師)
E058,10/02/2026,踱步,沙田,內圈,沙田 內圈,,,,,,助手,,快踱一圈,H,內圈 快踱一圈 (助手)
E058,08/02/2026,出賽,沙田,草地,沙田 草地,1800M,,,,,布文,6/7,出賽,TT,1800M (布文) (6/7)
E058,08/02/2026,游水,沙田,,沙田,,,,,,,,游水,,
E058,08/02/2026,踱步,沙田,內圈,沙田 內圈,,,,,,副練馬師,,快踱一圈,H,內圈 快踱一圈 (副練馬師)
E058,07/02/2026,游水,沙田,,沙田,,,,,,,,游水,,
E058,07/02/2026,踱步,沙田,內圈,沙田 內圈,,,,,,副練馬師,,快踱一圈,H,內圈 快踱一圈 (副練馬師)
E058,06/02/2026,游水,沙田,,沙田,,,,,,,,游水,,
E058,06/02/2026,踱步,沙田,內圈,沙田 內圈,,,,,,副練馬師,,快踱一圈,H,內圈 快踱一圈 (副練馬師)
E058,05/02/2026,游水,沙田,,沙田,,,,,,,,游水,,
E058,05/02/2026,快操,沙田,全天候,沙田 全天候,,1.02.4,62.4,33.2 29.2,,副練馬師,,快操,H,33.2 29.2 (1.02.4) (副練馬師)
E058,05/02/2026,踱步,沙田,飛機場,沙田 飛機場,,,,,,助手,,踱步,H,飛機場 踱步 (助手)
E058,04/02/2026,游水,沙田,,沙田,,,,,,,,游水,,
E058,04/02/2026,踱步,沙田,內圈,沙田 內圈,,,,,,副練馬師,,快踱一圈,H,內圈 快踱一圈 (副練馬師)
E058,03/02/2026,游水,沙田,,沙田,,,,,,,,游水,,
E058,03/02/2026,踱步,沙田,內圈,沙田 內圈,,,,,,助手,,快踱一圈,H,內圈 快踱一圈 (助手)
E058,02/02/2026,游水,沙田,,沙田,,,,,,,,游水,,
E058,02/02/2026,踱步,沙田,內圈,沙田 內圈,,,,,,副練馬師,,倒快兩圈,H,內圈 倒快兩圈 (副練馬師)
E058,01/02/2026,游水,沙田,,沙田,,,,,,,,游水,,
E058,01/02/2026,快操,沙田,全天候,沙田 全天候,,1.02.3,62.3,33.6 28.7,,副練馬師,,快操,H,33.6 28.7 (1.02.3) (副練馬師)
E058,01/02/2026,踱步,沙田,飛機場,沙田 飛機場,,,,,,副練馬師,,踱步,H,飛機場 踱步 (副練馬師)
E058,31/01/2026,游水,沙田,,沙田,,,,,,,,游水,,
E058,31/01/2026,踱步,沙田,內圈,沙田 內圈,,,,,,副練馬師,,快踱一圈,H,內圈 快踱一圈 (副練馬師)
E058,30/01/2026,游水,沙田,,沙田,,,,,,,,游水,,
E058,30/01/2026,踱步,沙田,內圈,沙田 內圈,,,,,,副練馬師,,快踱一圈,H,內圈 快踱一圈 (副練馬師)
E058,29/01/2026,游水,沙田,,沙田,,,,,,,,游水,,
E058,29/01/2026,踱步,沙田,內圈,沙田 內圈,,,,,,副練馬師,,倒快兩圈,H,內圈 倒快兩圈 (副練馬師)
E058,28/01/2026,游水,沙田,,沙田,,,,,,,,游水,,
E058,28/01/2026,踱步,沙田,內圈,沙田 內圈,,,,,,副練馬師,,快踱一圈,H,內圈 快踱一圈 (副練馬師)
E058,27/01/2026,游水,沙田,,沙田,,,,,,,,游水,,
E058,27/01/2026,踱步,沙田,內圈,沙田 內圈,,,,,,助手,,快踱一圈,H,內圈 快踱一圈 (助手)
E058,25/01/2026,出賽,沙田,草地,沙田 草地,1600M,,,,,艾道拿,6/9,出賽,TT,1600M (艾道拿) (6/9)
E058,25/01/2026,游水,沙田,,沙田,,,,,,,,游水,,
E058,25/01/2026,踱步,沙田,內圈,沙田 內圈,,,,,,副練馬師,,快踱一圈,H,內圈 快踱一圈 (副練馬師)
E058,24/01/2026,游水,沙田,,沙田,,,,,,,,游水,,
E058,24/01/2026,踱步,沙田,內圈,沙田 內圈,,,,,,副練馬師,,快踱一圈,H,內圈 快踱一圈 (副練馬師)
E058,23/01/2026,游水,沙田,,沙田,,,,,,,,游水,,
E058,23/01/2026,踱步,沙田,內圈,沙田 內圈,,,,,,副練馬師,,快踱一圈,H,內圈 快踱一圈 (副練馬師)
E058,22/01/2026,游水,沙田,,沙田,,,,,,,,游水,,
E058,22/01/2026,踱步,沙田,內圈,沙田 內圈,,,,,,副練馬師,,倒快兩圈,H,內圈 倒快兩圈 (副練馬師)
E058,21/01/2026,游水,沙田,,沙田,,,,,,,,游水,,
E058,21/01/2026,踱步,沙田,內圈,沙田 內圈,,,,,,副練馬師,,快踱一圈,H,內圈 快踱一圈 (副練馬師)
E058,20/01/2026,游水,沙田,,沙田,,,,,,,,游水,,
E058,20/01/2026,踱步,沙田,內圈,沙田 內圈,,,,,,助手,,快踱一圈,H,內圈 快踱一圈 (助手)
E058,19/01/2026,游水,沙田,,沙田,,,,,,,,游水,,
E058,19/01/2026,踱步,沙田,內圈,沙田 內圈,,,,,,副練馬師,,倒快兩圈,H,內圈 倒快兩圈 (副練馬師)
E058,18/01/2026,游水,沙田,,沙田,,,,,,,,游水,,
E058,18/01/2026,踱步,沙田,內圈,沙田 內圈,,,,,,副練馬師,,快踱一圈,H,內圈 快踱一圈 (副練馬師)
E058,17/01/2026,游水,沙田,,沙田,,,,,,,,游水,,
E058,17/01/2026,踱步,沙田,內圈,沙田 內圈,,,,,,副練馬師,,快踱一圈,H,內圈 快踱一圈 (副練馬師)
E058,16/01/2026,游水,沙田,,沙田,,,,,,,,游水,,
E058,16/01/2026,踱步,沙田,內圈,沙田 內圈,,,,,,副練馬師,,快踱一圈,H,內圈 快踱一圈 (副練馬師)
E058,15/01/2026,游水,沙田,,沙田,,,,,,,,游水,,
E058,14/01/2026,出賽,跑馬地,草地,跑馬地 草地,1800M,,,,,艾道拿,8/12,出賽,TT,1800M (艾道拿) (8/12)
E058,14/01/2026,游水,沙田,,沙田,,,,,,,,游水,,
E058,14/01/2026,踱步,沙田,內圈,沙田 內圈,,,,,,副練馬師,,快踱一圈,H,內圈 快踱一圈 (副練馬師)
E058,13/01/2026,游水,沙田,,沙田,,,,,,,,游水,,
E058,13/01/2026,踱步,沙田,內圈,沙田 內圈,,,,,,鍾易禮,,快踱一圈,H,內圈 快踱一圈 (鍾易禮)
E058,12/01/2026,游水,沙田,,沙田,,,,,,,,游水,,
E058,12/01/2026,踱步,沙田,內圈,沙田 內圈,,,,,,副練馬師,,倒快兩圈,H,內圈 倒快兩圈 (副練馬師)
E058,11/01/2026,快操,沙田,全天候,沙田 全天候,,55.8,55.8,30.0 25.8,,副練馬師,,快操,H,30.0 25.8 (55.8) (副練馬師)
E058,11/01/2026,踱步,沙田,飛機場,沙田 飛機場,,,,,,副練馬師,,踱步,H,飛機場 踱步 (副練馬師)
E058,10/01/2026,游水,沙田,,沙田,,,,,,,,游水,,
E058,10/01/2026,踱步,沙田,內圈,沙田 內圈,,,,,,副練馬師,,快踱一圈,H,內圈 快踱一圈 (副練馬師)
E058,09/01/2026,游水,沙田,,沙田,,,,,,,,游水,,
E058,09/01/2026,踱步,沙田,內圈,沙田 內圈,,,,,,副練馬師,,快踱一圈,H,內圈 快踱一圈 (副練馬師)
E058,08/01/2026,游水,沙田,,沙田,,,,,,,,游水,,
E058,08/01/2026,快操,沙田,全天候,沙田 全天候,,56.2,56.2,30.2 26.0,,副練馬師,,快操,H,30.2 26.0 (56.2) (副練馬師)
E058,08/01/2026,踱步,沙田,飛機場,沙田 飛機場,,,,,,副練馬師,,踱步,H,飛機場 踱步 (副練馬師)
E058,07/01/2026,游水,沙田,,沙田,,,,,,,,游水,,
E058,07/01/2026,踱步,沙田,內圈,沙田 內圈,,,,,,副練馬師,,快踱一圈,H,內圈 快踱一圈 (副練馬師)
E058,06/01/2026,游水,沙田,,沙田,,,,,,,,游水,,
E058,06/01/2026,踱步,沙田,內圈,沙田 內圈,,,,,,助手,,快踱一圈,H,內圈 快踱一圈 (助手)
E058,05/01/2026,游水,沙田,,沙田,,,,,,,,游水,,
E058,05/01/2026,踱步,沙田,內圈,沙田 內圈,,,,,,副練馬師,,倒快兩圈,H,內圈 倒快兩圈 (副練馬師)
E058,04/01/2026,游水,沙田,,沙田,,,,,,,,游水,,
E058,04/01/2026,踱步,沙田,內圈,沙田 內圈,,,,,,副練馬師,,快踱一圈,H,內圈 快踱一圈 (副練馬師)
E058,03/01/2026,游水,沙田,,沙田,,,,,,,,游水,,
E058,03/01/2026,踱步,沙田,內圈,沙田 內圈,,,,,,副練馬師,,快踱一圈,H,內圈 快踱一圈 (副練馬師)
E058,02/01/2026,試閘,沙田,全天候,沙田 全天候,1200M,1.10.65,70.65,24.7 23.0 22.9,星運傳奇,艾道拿,,第1組,,第1組 (艾道拿) 1200M 星運傳奇 24.7 23.0 22.9 (1.10.65)
E058,02/01/2026,游水,沙田,,沙田,,,,,,,,游水,,
E058,01/01/2026,游水,沙田,,沙田,,,,,,,,游水,,
E058,01/01/2026,踱步,沙田,內圈,沙田 內圈,,,,,,副練馬師,,倒快兩圈,H,內圈 倒快兩圈 (副練馬師)
E058,31/12/2025,游水,沙田,,沙田,,,,,,,,游水,,
E058,31/12/2025,踱步,沙田,內圈,沙田 內圈,,,,,,助手,,快踱一圈,H,內圈 快踱一圈 (助手)
E058,30/12/2025,游水,沙田,,沙田,,,,,,,,游水,,
E058,30/12/2025,快操,沙田,全天候,沙田 全天候,,56.1,56.1,29.7 26.4,,助手,,快操,H,29.7 26.4 (56.1) (助手)
E058,30/12/2025,踱步,沙田,飛機場,沙田 飛機場,,,,,,助手,,踱步,H,飛機場 踱步 (助手)
E058,29/12/2025,游水,沙田,,沙田,,,,,,,,游水,,
E058,29/12/2025,踱步,沙田,內圈,沙田 內圈,,,,,,副練馬師,,倒快兩圈,H,內圈 倒快兩圈 (副練馬師)
E058,28/12/2025,游水,沙田,,沙田,,,,,,,,游水,,
E058,28/12/2025,快操,沙田,全天候,沙田 全天候,,56.3,56.3,30.0 26.3,,副練馬師,,快操,H,30.0 26.3 (56.3) (副練馬師)
E058,28/12/2025,踱步,沙田,飛機場,沙田 飛機場,,,,,,副練馬師,,踱步,H,飛機場 踱步 (副練馬師)
E058,27/12/2025,游水,沙田,,沙田,,,,,,,,游水,,
E058,27/12/2025,踱步,沙田,內圈,沙田 內圈,,,,,,副練馬師,,快踱一圈,H,內圈 快踱一圈 (副練馬師)
E058,26/12/2025,游水,沙田,,沙田,,,,,,,,游水,,
E058,26/12/2025,踱步,沙田,內圈,沙田 內圈,,,,,,副練馬師,,快踱一圈,H,內圈 快踱一圈 (副練馬師)
E058,25/12/2025,游水,沙田,,沙田,,,,,,,,游水,,
E058,25/12/2025,快操,沙田,全天候,沙田 全天候,,57.6,57.6,31.8 25.8,,助手,,快操,H,31.8 25.8 (57.6) (助手)
E058,25/12/2025,踱步,沙田,飛機場,沙田 飛機場,,,,,,助手,,踱步,H,飛機場 踱步 (助手)
E058,24/12/2025,游水,沙田,,沙田,,,,,,,,游水,,
E058,24/12/2025,踱步,沙田,內圈,沙田 內圈,,,,,,副練馬師,,快踱一圈,H,內圈 快踱一圈 (副練馬師)
E058,23/12/2025,游水,沙田,,沙田,,,,,,,,游水,,
E058,23/12/2025,踱步,沙田,內圈,沙田 內圈,,,,,,副練馬師,,快踱一圈,H,內圈 快踱一圈 (副練馬師)
E058,22/12/2025,游水,沙田,,沙田,,,,,,,,游水,,
E058,22/12/2025,踱步,沙田,內圈,沙田 內圈,,,,,,副練馬師,,倒快兩圈,H,內圈 倒快兩圈 (副練馬師)
E058,21/12/2025,游水,沙田,,沙田,,,,,,,,游水,,
E058,21/12/2025,快操,沙田,全天候,沙田 全天候,,56.8,56.8,30.9 25.9,,助手,,快操,H,30.9 25.9 (56.8) (助手)
E058,21/12/2025,踱步,沙田,飛機場,沙田 飛機場,,,,,,助手,,踱步,H,飛機場 踱步 (助手)
E058,20/12/2025,游水,沙田,,沙田,,,,,,,,游水,,
E058,20/12/2025,踱步,沙田,內圈,沙田 內圈,,,,,,副練馬師,,快踱一圈,H,內圈 快踱一圈 (副練馬師)
E058,19/12/2025,游水,沙田,,沙田,,,,,,,,游水,,
E058,19/12/2025,踱步,沙田,內圈,沙田 內圈,,,,,,副練馬師,,快踱一圈,H,內圈 快踱一圈 (副練馬師)
E058,18/12/2025,游水,沙田,,沙田,,,,,,,,游水,,
E058,18/12/2025,踱步,沙田,內圈,沙田 內圈,,,,,,副練馬師,,倒快兩圈,H,內圈 倒快兩圈 (副練馬師)
E058,17/12/2025,游水,沙田,,沙田,,,,,,,,游水,,
E058,17/12/2025,踱步,沙田,內圈,沙田 內圈,,,,,,副練馬師,,快踱一圈,H,內圈 快踱一圈 (副練馬師)
E058,16/12/2025,游水,沙田,,沙田,,,,,,,,游水,,
E058,16/12/2025,踱步,沙田,內圈,沙田 內圈,,,,,,助手,,快踱一圈,H,內圈 快踱一圈 (助手)
E058,15/12/2025,游水,沙田,,沙田,,,,,,,,游水,,
E058,14/12/2025,出賽,沙田,草地,沙田 草地,1600M,,,,,艾道拿,8/14,出賽,TT,1600M (艾道拿) (8/14)
E058,14/12/2025,游水,沙田,,沙田,,,,,,,,游水,,
E058,14/12/2025,踱步,沙田,內圈,沙田 內圈,,,,,,副練馬師,,快踱一圈,H,內圈 快踱一圈 (副練馬師)
E058,13/12/2025,游水,沙田,,沙田,,,,,,,,游水,,
E058,13/12/2025,踱步,沙田,內圈,沙田 內圈,,,,,,副練馬師,,快踱一圈,H,內圈 快踱一圈 (副練馬師)
E058,12/12/2025,游水,沙田,,沙田,,,,,,,,游水,,
E058,12/12/2025,踱步,沙田,內圈,沙田 內圈,,,,,,副練馬師,,快踱一圈,H,內圈 快踱一圈 (副練馬師)
E058,11/12/2025,游水,沙田,,沙田,,,,,,,,游水,,
E058,11/12/2025,快操,沙田,全天候,沙田 全天候,,55.9,55.9,30.3 25.6,,副練馬師,,快操,H,30.3 25.6 (55.9) (副練馬師)
E058,11/12/2025,踱步,沙田,飛機場,沙田 飛機場,,,,,,副練馬師,,踱步,H,飛機場 踱步 (副練馬師)
E058,10/12/2025,游水,沙田,,沙田,,,,,,,,游水,,
E058,10/12/2025,踱步,沙田,內圈,沙田 內圈,,,,,,副練馬師,,快踱一圈,H,內圈 快踱一圈 (副練馬師)
E058,09/12/2025,游水,沙田,,沙田,,,,,,,,游水,,
E058,09/12/2025,踱步,沙田,內圈,沙田 內圈,,,,,,鍾易禮,,快踱一圈,H,內圈 快踱一圈 (鍾易禮)
E058,08/12/2025,游水,沙田,,沙田,,,,,,,,游水,,
E058,08/12/2025,踱步,沙田,內圈,沙田 內圈,,,,,,副練馬師,,倒快兩圈,H,內圈 倒快兩圈 (副練馬師)
E058,07/12/2025,游水,沙田,,沙田,,,,,,,,游水,,
E058,07/12/2025,快操,沙田,全天候,沙田 全天候,,56.9,56.9,30.3 26.6,,副練馬師,,快操,H,30.3 26.6 (56.9) (副練馬師)
E058,07/12/2025,踱步,沙田,飛機場,沙田 飛機場,,,,,,副練馬師,,踱步,H,飛機場 踱步 (副練馬師)
E058,06/12/2025,游水,沙田,,沙田,,,,,,,,游水,,
E058,06/12/2025,踱步,沙田,內圈,沙田 內圈,,,,,,副練馬師,,快踱一圈,H,內圈 快踱一圈 (副練馬師)
E058,05/12/2025,游水,沙田,,沙田,,,,,,,,游水,,
E058,05/12/2025,踱步,沙田,內圈,沙田 內圈,,,,,,副練馬師,,快踱一圈,H,內圈 快踱一圈 (副練馬師)
E058,04/12/2025,游水,沙田,,沙田,,,,,,,,游水,,
E058,04/12/2025,快操,沙田,全天候,沙田 全天候,,56.6,56.6,30.5 26.1,,副練馬師,,快操,H,30.5 26.1 (56.6) (副練馬師)
E058,04/12/2025,踱步,沙田,飛機場,沙田 飛機場,,,,,,副練馬師,,踱步,H,飛機場 踱步 (副練馬師)
E058,03/12/2025,游水,沙田,,沙田,,,,,,,,游水,,
E058,03/12/2025,踱步,沙田,內圈,沙田 內圈,,,,,,副練馬師,,快踱一圈,H,內圈 快踱一圈 (副練馬師)
E058,02/12/2025,游水,沙田,,沙田,,,,,,,,游水,,
E058,02/12/2025,踱步,沙田,內圈,沙田 內圈,,,,,,助手,,快踱一圈,H,內圈 快踱一圈 (助手)
E058,01/12/2025,游水,沙田,,沙田,,,,,,,,游水,,
E058,01/12/2025,踱步,沙田,內圈,沙田 內圈,,,,,,副練馬師,,倒快兩圈,H,內圈 倒快兩圈 (副練馬師)
E058,30/11/2025,快操,沙田,全天候,沙田 全天候,,56.4,56.4,29.9 26.5,,副練馬師,,快操,H,29.9 26.5 (56.4) (副練馬師)
E058,30/11/2025,踱步,沙田,飛機場,沙田 飛機場,,,,,,副練馬師,,踱步,H,飛機場 踱步 (副練馬師)
E058,29/11/2025,游水,沙田,,沙田,,,,,,,,游水,,
E058,29/11/2025,踱步,沙田,內圈,沙田 內圈,,,,,,副練馬師,,快踱一圈,H,內圈 快踱一圈 (副練馬師)
E058,28/11/2025,游水,沙田,,沙田,,,,,,,,游水,,
E058,28/11/2025,踱步,沙田,內圈,沙田 內圈,,,,,,副練馬師,,快踱一圈,H,內圈 快踱一圈 (副練馬師)
E058,27/11/2025,游水,沙田,,沙田,,,,,,,,游水,,
E058,27/11/2025,踱步,沙田,內圈,沙田 內圈,,,,,,副練馬師,,倒快兩圈,H,內圈 倒快兩圈 (副練馬師)
E058,26/11/2025,游水,沙田,,沙田,,,,,,,,游水,,
E058,26/11/2025,踱步,沙田,內圈,沙田 內圈,,,,,,助手,,快踱一圈,H,內圈 快踱一圈 (助手)
E058,25/11/2025,游水,沙田,,沙田,,,,,,,,游水,,
E058,25/11/2025,踱步,沙田,內圈,沙田 內圈,,,,,,助手,,快踱一圈,H,內圈 快踱一圈 (助手)
E058,23/11/2025,出賽,沙田,草地,沙田 草地,2000M,,,,,梁家俊,7/9,出賽,TT,2000M (梁家俊) (7/9)
E058,23/11/2025,游水,沙田,,沙田,,,,,,,,游水,,
E058,23/11/2025,踱步,沙田,內圈,沙田 內圈,,,,,,副練馬師,,快踱一圈,H,內圈 快踱一圈 (副練馬師)
E058,22/11/2025,游水,沙田,,沙田,,,,,,,,游水,,
E058,22/11/2025,踱步,沙田,內圈,沙田 內圈,,,,,,副練馬師,,快踱一圈,H,內圈 快踱一圈 (副練馬師)
E058,21/11/2025,游水,沙田,,沙田,,,,,,,,游水,,
E058,21/11/2025,踱步,沙田,內圈,沙田 內圈,,,,,,副練馬師,,快踱一圈,H,內圈 快踱一圈 (副練馬師)
E058,20/11/2025,游水,沙田,,沙田,,,,,,,,游水,,
E058,20/11/2025,快操,沙田,全天候,沙田 全天候,,56.5,56.5,30.8 25.7,,副練馬師,,快操,H,30.8 25.7 (56.5) (副練馬師)
E058,20/11/2025,踱步,沙田,飛機場,沙田 飛機場,,,,,,副練馬師,,踱步,H,飛機場 踱步 (副練馬師)
E058,19/11/2025,游水,沙田,,沙田,,,,,,,,游水,,
E058,19/11/2025,踱步,沙田,內圈,沙田 內圈,,,,,,副練馬師,,快踱一圈,H,內圈 快踱一圈 (副練馬師)
E058,18/11/2025,游水,沙田,,沙田,,,,,,,,游水,,
E058,18/11/2025,踱步,沙田,內圈,沙田 內圈,,,,,,助手,,快踱一圈,H,內圈 快踱一圈 (助手)
E058,17/11/2025,游水,沙田,,沙田,,,,,,,,游水,,
E058,17/11/2025,踱步,沙田,內圈,沙田 內圈,,,,,,副練馬師,,倒快兩圈,H,內圈 倒快兩圈 (副練馬師)
E058,16/11/2025,游水,沙田,,沙田,,,,,,,,游水,,
E058,16/11/2025,快操,沙田,全天候,沙田 全天候,,56.7,56.7,30.3 26.4,,副練馬師,,快操,H,30.3 26.4 (56.7) (副練馬師)
E058,16/11/2025,踱步,沙田,飛機場,沙田 飛機場,,,,,,副練馬師,,踱步,H,飛機場 踱步 (副練馬師)
E058,15/11/2025,游水,沙田,,沙田,,,,,,,,游水,,
E058,15/11/2025,踱步,沙田,內圈,沙田 內圈,,,,,,副練馬師,,快踱一圈,H,內圈 快踱一圈 (副練馬師)
E058,14/11/2025,游水,沙田,,沙田,,,,,,,,游水,,
E058,14/11/2025,踱步,沙田,內圈,沙田 內圈,,,,,,副練馬師,,快踱一圈,H,內圈 快踱一圈 (副練馬師)
E058,13/11/2025,游水,沙田,,沙田,,,,,,,,游水,,
E058,13/11/2025,踱步,沙田,內圈,沙田 內圈,,,,,,副練馬師,,倒快兩圈,H,內圈 倒快兩圈 (副練馬師)
E058,12/11/2025,踱步,沙田,內圈,沙田 內圈,,,,,,副練馬師,,快踱一圈,H,內圈 快踱一圈 (副練馬師)
E058,11/11/2025,踱步,沙田,內圈,沙田 內圈,,,,,,助手,,快踱一圈,H,內圈 快踱一圈 (助手)
E058,09/11/2025,出賽,沙田,草地,沙田 草地,1800M,,,,,梁家俊,9/13,出賽,TT,1800M (梁家俊) (9/13)
E058,09/11/2025,游水,沙田,,沙田,,,,,,,,游水,,
E058,09/11/2025,踱步,沙田,內圈,沙田 內圈,,,,,,副練馬師,,快踱一圈,H,內圈 快踱一圈 (副練馬師)
E058,08/11/2025,游水,沙田,,沙田,,,,,,,,游水,,
E058,08/11/2025,踱步,沙田,內圈,沙田 內圈,,,,,,副練馬師,,快踱一圈,H,內圈 快踱一圈 (副練馬師)
E058,07/11/2025,游水,沙田,,沙田,,,,,,,,游水,,
E058,07/11/2025,踱步,沙田,內圈,沙田 內圈,,,,,,副練馬師,,快踱一圈,H,內圈 快踱一圈 (副練馬師)
E058,06/11/2025,游水,沙田,,沙田,,,,,,,,游水,,
E058,06/11/2025,快操,沙田,全天候,沙田 全天候,,55.9,55.9,29.8 26.1,,副練馬師,,快操,H,29.8 26.1 (55.9) (副練馬師)
E058,06/11/2025,踱步,沙田,飛機場,沙田 飛機場,,,,,,副練馬師,,踱步,H,飛機場 踱步 (副練馬師)
E058,05/11/2025,游水,沙田,,沙田,,,,,,,,游水,,
E058,05/11/2025,踱步,沙田,內圈,沙田 內圈,,,,,,副練馬師,,快踱一圈,H,內圈 快踱一圈 (副練馬師)
E058,04/11/2025,游水,沙田,,沙田,,,,,,,,游水,,
E058,04/11/2025,踱步,沙田,內圈,沙田 內圈,,,,,,助手,,快踱一圈,H,內圈 快踱一圈 (助手)
E058,03/11/2025,游水,沙田,,沙田,,,,,,,,游水,,
E058,03/11/2025,踱步,沙田,內圈,沙田 內圈,,,,,,鍾易禮,,倒快兩圈,H,內圈 倒快兩圈 (鍾易禮)
E058,02/11/2025,游水,沙田,,沙田,,,,,,,,游水,,
E058,02/11/2025,快操,沙田,全天候,沙田 全天候,,57.4,57.4,30.8 26.6,,鍾易禮,,快操,H,30.8 26.6 (57.4) (鍾易禮)
E058,02/11/2025,踱步,沙田,飛機場,沙田 飛機場,,,,,,鍾易禮,,踱步,H,飛機場 踱步 (鍾易禮)
E058,01/11/2025,游水,沙田,,沙田,,,,,,,,游水,,
E058,01/11/2025,踱步,沙田,內圈,沙田 內圈,,,,,,鍾易禮,,快踱一圈,H,內圈 快踱一圈 (鍾易禮)
E058,31/10/2025,游水,沙田,,沙田,,,,,,,,游水,,
E058,31/10/2025,踱步,沙田,內圈,沙田 內圈,,,,,,副練馬師,,快踱一圈,H,內圈 快踱一圈 (副練馬師)
E058,30/10/2025,游水,沙田,,沙田,,,,,,,,游水,,
E058,30/10/2025,快操,沙田,全天候,沙田 全天候,,56.4,56.4,30.2 26.2,,副練馬師,,快操,H,30.2 26.2 (56.4) (副練馬師)
E058,30/10/2025,踱步,沙田,飛機場,沙田 飛機場,,,,,,副練馬師,,踱步,H,飛機場 踱步 (副練馬師)
E058,29/10/2025,游水,沙田,,沙田,,,,,,,,游水,,
E058,29/10/2025,踱步,沙田,內圈,沙田 內圈,,,,,,助手,,快踱一圈,H,內圈 快踱一圈 (助手)
E058,28/10/2025,游水,沙田,,沙田,,,,,,,,游水,,
E058,28/10/2025,踱步,沙田,內圈,沙田 內圈,,,,,,副練馬師,,快踱一圈,H,內圈 快踱一圈 (副練馬師)
E058,27/10/2025,游水,沙田,,沙田,,,,,,,,游水,,
E058,27/10/2025,踱步,沙田,內圈,沙田 內圈,,,,,,副練馬師,,倒快兩圈,H,內圈 倒快兩圈 (副練馬師)
E058,26/10/2025,游水,沙田,,沙田,,,,,,,,游水,,
E058,26/10/2025,快操,沙田,全天候,沙田 全天候,,55.5,55.5,30.2 25.3,,鍾易禮,,快操,H,30.2 25.3 (55.5) (鍾易禮)
E058,26/10/2025,踱步,沙田,飛機場,沙田 飛機場,,,,,,鍾易禮,,踱步,H,飛機場 踱步 (鍾易禮)
E058,25/10/2025,游水,沙田,,沙田,,,,,,,,游水,,
E058,25/10/2025,踱步,沙田,內圈,沙田 內圈,,,,,,副練馬師,,快踱一圈,H,內圈 快踱一圈 (副練馬師)
E058,24/10/2025,游水,沙田,,沙田,,,,,,,,游水,,
E058,24/10/2025,踱步,沙田,內圈,沙田 內圈,,,,,,助手,,快踱一圈,H,內圈 快踱一圈 (助手)
E058,23/10/2025,游水,沙田,,沙田,,,,,,,,游水,,
E058,23/10/2025,踱步,沙田,內圈,沙田 內圈,,,,,,副練馬師,,倒快兩圈,H,內圈 倒快兩圈 (副練馬師)
E058,22/10/2025,游水,沙田,,沙田,,,,,,,,游水,,
E058,22/10/2025,踱步,沙田,內圈,沙田 內圈,,,,,,副練馬師,,快踱一圈,H,內圈 快踱一圈 (副練馬師)
E058,21/10/2025,游水,沙田,,沙田,,,,,,,,游水,,
E058,21/10/2025,踱步,沙田,內圈,沙田 內圈,,,,,,助手,,快踱一圈,H,內圈 快踱一圈 (助手)
E058,20/10/2025,游水,沙田,,沙田,,,,,,,,游水,,
E058,19/10/2025,出賽,沙田,草地,沙田 草地,1600M,,,,,梁家俊,3/14,出賽,TT,1600M (梁家俊) (3/14)
E058,19/10/2025,游水,沙田,,沙田,,,,,,,,游水,,
E058,19/10/2025,踱步,沙田,內圈,沙田 內圈,,,,,,副練馬師,,快踱一圈,H,內圈 快踱一圈 (副練馬師)
E058,18/10/2025,游水,沙田,,沙田,,,,,,,,游水,,
E058,18/10/2025,踱步,沙田,內圈,沙田 內圈,,,,,,副練馬師,,快踱一圈,H,內圈 快踱一圈 (副練馬師)
E058,17/10/2025,游水,沙田,,沙田,,,,,,,,游水,,
E058,17/10/2025,踱步,沙田,內圈,沙田 內圈,,,,,,副練馬師,,快踱一圈,H,內圈 快踱一圈 (副練馬師)
E058,16/10/2025,游水,沙田,,沙田,,,,,,,,游水,,
E058,16/10/2025,快操,沙田,全天候,沙田 全天候,,56.6,56.6,30.7 25.9,,副練馬師,,快操,H,30.7 25.9 (56.6) (副練馬師)
E058,16/10/2025,踱步,沙田,飛機場,沙田 飛機場,,,,,,副練馬師,,踱步,H,飛機場 踱步 (副練馬師)
E058,15/10/2025,游水,沙田,,沙田,,,,,,,,游水,,
E058,15/10/2025,踱步,沙田,內圈,沙田 內圈,,,,,,副練馬師,,快踱一圈,H,內圈 快踱一圈 (副練馬師)
E058,14/10/2025,游水,沙田,,沙田,,,,,,,,游水,,
E058,14/10/2025,踱步,沙田,內圈,沙田 內圈,,,,,,助手,,快踱一圈,H,內圈 快踱一圈 (助手)
E058,13/10/2025,游水,沙田,,沙田,,,,,,,,游水,,
E058,13/10/2025,踱步,沙田,內圈,沙田 內圈,,,,,,副練馬師,,倒快兩圈,H,內圈 倒快兩圈 (副練馬師)
E058,12/10/2025,游水,沙田,,沙田,,,,,,,,游水,,
E058,12/10/2025,快操,沙田,全天候,沙田 全天候,,57.8,57.8,30.5 27.3,,副練馬師,,快操,H,30.5 27.3 (57.8) (副練馬師)
E058,12/10/2025,踱步,沙田,飛機場,沙田 飛機場,,,,,,副練馬師,,踱步,H,飛機場 踱步 (副練馬師)
E058,11/10/2025,游水,沙田,,沙田,,,,,,,,游水,,
E058,11/10/2025,踱步,沙田,內圈,沙田 內圈,,,,,,副練馬師,,快踱一圈,H,內圈 快踱一圈 (副練馬師)
E058,10/10/2025,游水,沙田,,沙田,,,,,,,,游水,,
E058,10/10/2025,踱步,沙田,內圈,沙田 內圈,,,,,,副練馬師,,快踱一圈,H,內圈 快踱一圈 (副練馬師)
E058,09/10/2025,游水,沙田,,沙田,,,,,,,,游水,,
E058,09/10/2025,踱步,沙田,內圈,沙田 內圈,,,,,,副練馬師,,倒快兩圈,H,內圈 倒快兩圈 (副練馬師)
E058,08/10/2025,游水,沙田,,沙田,,,,,,,,游水,,
E058,08/10/2025,踱步,沙田,內圈,沙田 內圈,,,,,,副練馬師,,快踱一圈,H,內圈 快踱一圈 (副練馬師)
E058,07/10/2025,游水,沙田,,沙田,,,,,,,,游水,,
E058,07/10/2025,踱步,沙田,內圈,沙田 內圈,,,,,,助手,,快踱一圈,H,內圈 快踱一圈 (助手)
E058,06/10/2025,試閘,沙田,全天候,沙田 全天候,1200M,1.10.71,70.71,25.2 22.7 22.8,美麗同享,梁家俊,,第1組,,第1組 (梁家俊) 1200M 美麗同享 25.2 22.7 22.8 (1.10.71)
E058,06/10/2025,游水,沙田,,沙田,,,,,,,,游水,,
E058,05/10/2025,游水,沙田,,沙田,,,,,,,,游水,,
E058,05/10/2025,踱步,沙田,內圈,沙田 內圈,,,,,,副練馬師,,快踱一圈,H,內圈 快踱一圈 (副練馬師)
E058,04/10/2025,游水,沙田,,沙田,,,,,,,,游水,,
E058,04/10/2025,踱步,沙田,內圈,沙田 內圈,,,,,,副練馬師,,快踱一圈,H,內圈 快踱一圈 (副練馬師)
E058,03/10/2025,游水,沙田,,沙田,,,,,,,,游水,,
E058,03/10/2025,快操,沙田,全天候,沙田 全天候,,56.7,56.7,30.4 26.3,,副練馬師,,快操,H,30.4 26.3 (56.7) (副練馬師)
E058,03/10/2025,踱步,沙田,飛機場,沙田 飛機場,,,,,,副練馬師,,踱步,H,飛機場 踱步 (副練馬師)
E058,02/10/2025,游水,沙田,,沙田,,,,,,,,游水,,
E058,02/10/2025,踱步,沙田,內圈,沙田 內圈,,,,,,副練馬師,,倒快兩圈,H,內圈 倒快兩圈 (副練馬師)
E058,01/10/2025,游水,沙田,,沙田,,,,,,,,游水,,
E058,01/10/2025,踱步,沙田,內圈,沙田 內圈,,,,,,副練馬師,,快踱一圈,H,內圈 快踱一圈 (副練馬師)
E058,30/09/2025,游水,沙田,,沙田,,,,,,,,游水,,
E058,30/09/2025,快操,沙田,全天候,沙田 全天候,,55.7,55.7,29.6 26.1,,鍾易禮,,快操,H,29.6 26.1 (55.7) (鍾易禮)
E058,30/09/2025,踱步,沙田,飛機場,沙田 飛機場,,,,,,鍾易禮,,踱步,H,飛機場 踱步 (鍾易禮)
E058,29/09/2025,游水,沙田,,沙田,,,,,,,,游水,,
E058,29/09/2025,踱步,沙田,內圈,沙田 內圈,,,,,,副練馬師,,倒快兩圈,H,內圈 倒快兩圈 (副練馬師)
E058,28/09/2025,游水,沙田,,沙田,,,,,,,,游水,,
E058,28/09/2025,踱步,沙田,內圈,沙田 內圈,,,,,,副練馬師,,快踱一圈,H,內圈 快踱一圈 (副練馬師)
E058,27/09/2025,游水,沙田,,沙田,,,,,,,,游水,,
E058,27/09/2025,踱步,沙田,內圈,沙田 內圈,,,,,,副練馬師,,快踱一圈,H,內圈 快踱一圈 (副練馬師)
E058,26/09/2025,游水,沙田,,沙田,,,,,,,,游水,,
E058,26/09/2025,踱步,沙田,內圈,沙田 內圈,,,,,,助手,,快踱一圈,H,內圈 快踱一圈 (助手)
E058,25/09/2025,游水,沙田,,沙田,,,,,,,,游水,,
E058,25/09/2025,踱步,沙田,內圈,沙田 內圈,,,,,,副練馬師,,倒快兩圈,H,內圈 倒快兩圈 (副練馬師)
E058,23/09/2025,試閘,沙田,全天候,沙田 全天候,1200M,1.10.45,70.45,25.2 22.6 22.6,神虎龍駒,鍾易禮,,第1組,,第1組 (鍾易禮) 1200M 神虎龍駒 25.2 22.6 22.6 (1.10.45)
E058,23/09/2025,游水,沙田,,沙田,,,,,,,,游水,,
E058,22/09/2025,游水,沙田,,沙田,,,,,,,,游水,,
E058,22/09/2025,踱步,沙田,內圈,沙田 內圈,,,,,,副練馬師,,倒快兩圈,H,內圈 倒快兩圈 (副練馬師)
E058,21/09/2025,游水,沙田,,沙田,,,,,,,,游水,,
E058,21/09/2025,踱步,沙田,內圈,沙田 內圈,,,,,,副練馬師,,快踱一圈,H,內圈 快踱一圈 (副練馬師)
E058,20/09/2025,游水,沙田,,沙田,,,,,,,,游水,,
E058,20/09/2025,快操,沙田,全天候,沙田 全天候,,56.8,56.8,30.7 26.1,,副練馬師,,快操,H,30.7 26.1 (56.8) (副練馬師)
E058,20/09/2025,踱步,沙田,飛機場,沙田 飛機場,,,,,,助手,,踱步,H,飛機場 踱步 (助手)
E058,19/09/2025,游水,沙田,,沙田,,,,,,,,游水,,
E058,19/09/2025,踱步,沙田,內圈,沙田 內圈,,,,,,副練馬師,,快踱一圈,H,內圈 快踱一圈 (副練馬師)
E058,18/09/2025,游水,沙田,,沙田,,,,,,,,游水,,
E058,18/09/2025,踱步,沙田,內圈,沙田 內圈,,,,,,副練馬師,,倒快兩圈,H,內圈 倒快兩圈 (副練馬師)
E058,17/09/2025,游水,沙田,,沙田,,,,,,,,游水,,
E058,17/09/2025,快操,沙田,全天候,沙田 全天候,,57.7,57.7,31.4 26.3,,鍾易禮,,快操,H,31.4 26.3 (57.7) (鍾易禮)
E058,17/09/2025,踱步,沙田,飛機場,沙田 飛機場,,,,,,鍾易禮,,踱步,H,飛機場 踱步 (鍾易禮)
E058,16/09/2025,游水,沙田,,沙田,,,,,,,,游水,,
E058,16/09/2025,踱步,沙田,內圈,沙田 內圈,,,,,,助手,,快踱一圈,H,內圈 快踱一圈 (助手)
E058,15/09/2025,游水,沙田,,沙田,,,,,,,,游水,,
E058,15/09/2025,踱步,沙田,內圈,沙田 內圈,,,,,,副練馬師,,倒快兩圈,H,內圈 倒快兩圈 (副練馬師)
E058,14/09/2025,游水,沙田,,沙田,,,,,,,,游水,,
E058,14/09/2025,踱步,沙田,內圈,沙田 內圈,,,,,,副練馬師,,快踱一圈,H,內圈 快踱一圈 (副練馬師)
E058,13/09/2025,游水,沙田,,沙田,,,,,,,,游水,,
E058,13/09/2025,快操,沙田,全天候,沙田 全天候,,56.3,56.3,30.5 25.8,,鍾易禮,,快操,H,30.5 25.8 (56.3) (鍾易禮)
E058,13/09/2025,踱步,沙田,飛機場,沙田 飛機場,,,,,,助手,,踱步,H,飛機場 踱步 (助手)
E058,12/09/2025,游水,沙田,,沙田,,,,,,,,游水,,
E058,12/09/2025,踱步,沙田,內圈,沙田 內圈,,,,,,副練馬師,,快踱一圈,H,內圈 快踱一圈 (副練馬師)
E058,11/09/2025,游水,沙田,,沙田,,,,,,,,游水,,
E058,11/09/2025,踱步,沙田,內圈,沙田 內圈,,,,,,副練馬師,,倒快兩圈,H,內圈 倒快兩圈 (副練馬師)
E058,10/09/2025,游水,沙田,,沙田,,,,,,,,游水,,
E058,10/09/2025,踱步,沙田,內圈,沙田 內圈,,,,,,副練馬師,,快踱一圈,H,內圈 快踱一圈 (副練馬師)
E058,09/09/2025,游水,沙田,,沙田,,,,,,,,游水,,
E058,09/09/2025,踱步,沙田,內圈,沙田 內圈,,,,,,助手,,快踱一圈,H,內圈 快踱一圈 (助手)
E058,08/09/2025,游水,沙田,,沙田,,,,,,,,游水,,
E058,07/09/2025,游水,沙田,,沙田,,,,,,,,游水,,
E058,07/09/2025,踱步,沙田,內圈,沙田 內圈,,,,,,副練馬師,,快踱一圈,H,內圈 快踱一圈 (副練馬師)
E058,06/09/2025,游水,沙田,,沙田,,,,,,,,游水,,
E058,06/09/2025,踱步,沙田,內圈,沙田 內圈,,,,,,副練馬師,,快踱一圈,H,內圈 快踱一圈 (副練馬師)
E058,05/09/2025,游水,沙田,,沙田,,,,,,,,游水,,
E058,03/09/2025,游水,沙田,,沙田,,,,,,,,游水,,
E058,03/09/2025,快操,沙田,全天候,沙田 全天候,,56.4,56.4,30.4 26.0,,鍾易禮,,快操,H,30.4 26.0 (56.4) (鍾易禮)
E058,03/09/2025,踱步,沙田,飛機場,沙田 飛機場,,,,,,鍾易禮,,踱步,H,飛機場 踱步 (鍾易禮)
E058,02/09/2025,游水,沙田,,沙田,,,,,,,,游水,,
E058,02/09/2025,踱步,沙田,內圈,沙田 內圈,,,,,,助手,,快踱一圈,H,內圈 快踱一圈 (助手)
E058,01/09/2025,游水,沙田,,沙田,,,,,,,,游水,,
E058,01/09/2025,踱步,沙田,內圈,沙田 內圈,,,,,,副練馬師,,倒快兩圈,H,內圈 倒快兩圈 (副練馬師)
E058,31/08/2025,游水,沙田,,沙田,,,,,,,,游水,,
E058,31/08/2025,踱步,沙田,內圈,沙田 內圈,,,,,,副練馬師,,快踱一圈,H,內圈 快踱一圈 (副練馬師)
E058,30/08/2025,游水,沙田,,沙田,,,,,,,,游水,,
E058,30/08/2025,快操,沙田,全天候,沙田 全天候,,55.6,55.6,29.7 25.9,,鍾易禮,,快操,H,29.7 25.9 (55.6) (鍾易禮)
E058,30/08/2025,踱步,沙田,飛機場,沙田 飛機場,,,,,,鍾易禮,,踱步,H,飛機場 踱步 (鍾易禮)
E058,29/08/2025,游水,沙田,,沙田,,,,,,,,游水,,
E058,29/08/2025,踱步,沙田,內圈,沙田 內圈,,,,,,副練馬師,,快踱一圈,H,內圈 快踱一圈 (副練馬師)
E058,28/08/2025,游水,沙田,,沙田,,,,,,,,游水,,
E058,28/08/2025,踱步,沙田,內圈,沙田 內圈,,,,,,副練馬師,,倒快兩圈,H,內圈 倒快兩圈 (副練馬師)
E058,27/08/2025,游水,沙田,,沙田,,,,,,,,游水,,
E058,27/08/2025,快操,沙田,全天候,沙田 全天候,,56.9,56.9,30.2 26.7,,鍾易禮,,快操,H,30.2 26.7 (56.9) (鍾易禮)
E058,27/08/2025,踱步,沙田,飛機場,沙田 飛機場,,,,,,助手,,踱步,H,飛機場 踱步 (助手)
E058,26/08/2025,游水,沙田,,沙田,,,,,,,,游水,,
E058,26/08/2025,踱步,沙田,內圈,沙田 內圈,,,,,,助手,,快踱一圈,H,內圈 快踱一圈 (助手)
E058,25/08/2025,游水,沙田,,沙田,,,,,,,,游水,,
E058,25/08/2025,踱步,沙田,內圈,沙田 內圈,,,,,,副練馬師,,倒快兩圈,H,內圈 倒快兩圈 (副練馬師)
E058,24/08/2025,游水,沙田,,沙田,,,,,,,,游水,,
E058,24/08/2025,踱步,沙田,內圈,沙田 內圈,,,,,,副練馬師,,快踱一圈,H,內圈 快踱一圈 (副練馬師)
E058,23/08/2025,游水,沙田,,沙田,,,,,,,,游水,,
E058,23/08/2025,快操,沙田,全天候,沙田 全天候,,58.5,58.5,31.0 27.5,,副練馬師,,快操,H,31.0 27.5 (58.5) (副練馬師)
E058,23/08/2025,踱步,沙田,飛機場,沙田 飛機場,,,,,,助手,,踱步,H,飛機場 踱步 (助手)
E058,22/08/2025,游水,沙田,,沙田,,,,,,,,游水,,
E058,22/08/2025,踱步,沙田,內圈,沙田 內圈,,,,,,副練馬師,,快踱一圈,H,內圈 快踱一圈 (副練馬師)
E058,21/08/2025,游水,沙田,,沙田,,,,,,,,游水,,
E058,21/08/2025,踱步,沙田,內圈,沙田 內圈,,,,,,副練馬師,,倒快兩圈,H,內圈 倒快兩圈 (副練馬師)
E058,20/08/2025,游水,沙田,,沙田,,,,,,,,游水,,
E058,20/08/2025,快操,沙田,全天候,沙田 全天候,,56.9,56.9,30.0 26.9,,副練馬師,,快操,H,30.0 26.9 (56.9) (副練馬師)
E058,20/08/2025,踱步,沙田,飛機場,沙田 飛機場,,,,,,副練馬師,,踱步,H,飛機場 踱步 (副練馬師)
E058,19/08/2025,游水,沙田,,沙田,,,,,,,,游水,,
E058,19/08/2025,踱步,沙田,內圈,沙田 內圈,,,,,,助手,,快踱一圈,H,內圈 快踱一圈 (助手)
E058,18/08/2025,游水,沙田,,沙田,,,,,,,,游水,,
E058,18/08/2025,踱步,沙田,內圈,沙田 內圈,,,,,,助手,,倒快兩圈,H,內圈 倒快兩圈 (助手)
E058,17/08/2025,游水,沙田,,沙田,,,,,,,,游水,,
E058,17/08/2025,踱步,沙田,內圈,沙田 內圈,,,,,,助手,,快踱一圈,H,內圈 快踱一圈 (助手)
E058,16/08/2025,游水,沙田,,沙田,,,,,,,,游水,,
E058,16/08/2025,快操,沙田,全天候,沙田 全天候,,58.2,58.2,30.9 27.3,,副練馬師,,快操,H,30.9 27.3 (58.2) (副練馬師)
E058,16/08/2025,踱步,沙田,飛機場,沙田 飛機場,,,,,,助手,,踱步,H,飛機場 踱步 (助手)
E058,15/08/2025,游水,沙田,,沙田,,,,,,,,游水,,
E058,15/08/2025,踱步,沙田,內圈,沙田 內圈,,,,,,助手,,快踱一圈,H,內圈 快踱一圈 (助手)
E058,14/08/2025,游水,沙田,,沙田,,,,,,,,游水,,
E058,14/08/2025,踱步,沙田,內圈,沙田 內圈,,,,,,助手,,倒快兩圈,H,內圈 倒快兩圈 (助手)
E058,13/08/2025,游水,沙田,,沙田,,,,,,,,游水,,
E058,13/08/2025,快操,沙田,全天候,沙田 全天候,,59.6,59.6,31.7 27.9,,副練馬師,,快操,H,31.7 27.9 (59.6) (副練馬師)
E058,13/08/2025,踱步,沙田,飛機場,沙田 飛機場,,,,,,助手,,踱步,H,飛機場 踱步 (助手)
E058,12/08/2025,游水,沙田,,沙田,,,,,,,,游水,,
E058,12/08/2025,踱步,沙田,內圈,沙田 內圈,,,,,,助手,,快踱一圈,H,內圈 快踱一圈 (助手)
E058,11/08/2025,游水,沙田,,沙田,,,,,,,,游水,,
E058,11/08/2025,踱步,沙田,內圈,沙田 內圈,,,,,,助手,,倒快兩圈,H,內圈 倒快兩圈 (助手)
E058,10/08/2025,游水,沙田,,沙田,,,,,,,,游水,,
E058,10/08/2025,踱步,沙田,內圈,沙田 內圈,,,,,,助手,,快踱一圈,H,內圈 快踱一圈 (助手)
E058,09/08/2025,游水,沙田,,沙田,,,,,,,,游水,,
E058,09/08/2025,踱步,沙田,內圈,沙田 內圈,,,,,,助手,,快踱一圈,H,內圈 快踱一圈 (助手)
E058,08/08/2025,游水,沙田,,沙田,,,,,,,,游水,,
E058,08/08/2025,踱步,沙田,內圈,沙田 內圈,,,,,,助手,,快踱一圈,H,內圈 快踱一圈 (助手)
E058,07/08/2025,游水,沙田,,沙田,,,,,,,,游水,,
E058,07/08/2025,踱步,沙田,內圈,沙田 內圈,,,,,,助手,,倒快兩圈,H,內圈 倒快兩圈 (助手)
E058,06/08/2025,游水,沙田,,沙田,,,,,,,,游水,,
E058,06/08/2025,踱步,沙田,內圈,沙田 內圈,,,,,,助手,,快踱一圈,H,內圈 快踱一圈 (助手)
E058,05/08/2025,游水,沙田,,沙田,,,,,,,,游水,,
E058,05/08/2025,踱步,沙田,內圈,沙田 內圈,,,,,,助手,,快踱一圈,H,內圈 快踱一圈 (助手)
E058,04/08/2025,游水,沙田,,沙田,,,,,,,,游水,,
E058,04/08/2025,踱步,沙田,內圈,沙田 內圈,,,,,,助手,,快踱一圈,H,內圈 快踱一圈 (助手)
E058,03/08/2025,游水,沙田,,沙田,,,,,,,,游水,,
E058,03/08/2025,踱步,沙田,內圈,沙田 內圈,,,,,,助手,,快踱一圈,H,內圈 快踱一圈 (助手)
E058,02/08/2025,游水,沙田,,沙田,,,,,,,,游水,,
E058,02/08/2025,踱步,沙田,內圈,沙田 內圈,,,,,,助手,,快踱兩圈,H,內圈 快踱兩圈 (助手)
E058,01/08/2025,游水,沙田,,沙田,,,,,,,,游水,,
E058,01/08/2025,踱步,沙田,內圈,沙田 內圈,,,,,,助手,,快踱一圈,H,內圈 快踱一圈 (助手)
E058,13/07/2025,出賽,沙田,草地,沙田 草地,1600M,,,,,梁家俊,3/11,出賽,TT,1600M (梁家俊) (3/11)
E058,13/07/2025,游水,沙田,,沙田,,,,,,,,游水,,
E058,13/07/2025,踱步,沙田,內圈,沙田 內圈,,,,,,助手,,快踱一圈,H,內圈 快踱一圈 (助手)
E058,12/07/2025,游水,沙田,,沙田,,,,,,,,游水,,
E058,12/07/2025,踱步,沙田,內圈,沙田 內圈,,,,,,副練馬師,,快踱一圈,H,內圈 快踱一圈 (副練馬師)
E058,11/07/2025,游水,沙田,,沙田,,,,,,,,游水,,
E058,11/07/2025,踱步,沙田,內圈,沙田 內圈,,,,,,副練馬師,,快踱一圈,H,內圈 快踱一圈 (副練馬師)
E058,10/07/2025,游水,沙田,,沙田,,,,,,,,游水,,
E058,10/07/2025,快操,沙田,全天候,沙田 全天候,,56.0,56.0,29.8 26.2,,鍾易禮,,快操,H,29.8 26.2 (56.0) (鍾易禮)
E058,10/07/2025,踱步,沙田,飛機場,沙田 飛機場,,,,,,鍾易禮,,踱步,H,飛機場 踱步 (鍾易禮)
E058,09/07/2025,游水,沙田,,沙田,,,,,,,,游水,,
E058,09/07/2025,踱步,沙田,內圈,沙田 內圈,,,,,,副練馬師,,快踱一圈,H,內圈 快踱一圈 (副練馬師)
E058,08/07/2025,游水,沙田,,沙田,,,,,,,,游水,,
E058,08/07/2025,踱步,沙田,內圈,沙田 內圈,,,,,,助手,,快踱一圈,H,內圈 快踱一圈 (助手)
E058,07/07/2025,游水,沙田,,沙田,,,,,,,,游水,,
E058,07/07/2025,踱步,沙田,內圈,沙田 內圈,,,,,,副練馬師,,倒快兩圈,H,內圈 倒快兩圈 (副練馬師)
E058,06/07/2025,游水,沙田,,沙田,,,,,,,,游水,,
E058,06/07/2025,快操,沙田,全天候,沙田 全天候,,57.2,57.2,30.6 26.6,,鍾易禮,,快操,H,30.6 26.6 (57.2) (鍾易禮)
E058,06/07/2025,踱步,沙田,飛機場,沙田 飛機場,,,,,,鍾易禮,,踱步,H,飛機場 踱步 (鍾易禮)
E058,05/07/2025,游水,沙田,,沙田,,,,,,,,游水,,
E058,05/07/2025,踱步,沙田,內圈,沙田 內圈,,,,,,副練馬師,,快踱一圈,H,內圈 快踱一圈 (副練馬師)
E058,04/07/2025,游水,沙田,,沙田,,,,,,,,游水,,
E058,04/07/2025,踱步,沙田,內圈,沙田 內圈,,,,,,鍾易禮,,快踱一圈,H,內圈 快踱一圈 (鍾易禮)
E058,03/07/2025,游水,沙田,,沙田,,,,,,,,游水,,
E058,03/07/2025,快操,沙田,全天候,沙田 全天候,,58.3,58.3,31.3 27.0,,鍾易禮,,快操,H,31.3 27.0 (58.3) (鍾易禮)
E058,03/07/2025,踱步,沙田,飛機場,沙田 飛機場,,,,,,助手,,踱步,H,飛機場 踱步 (助手)
E058,02/07/2025,游水,沙田,,沙田,,,,,,,,游水,,
E058,02/07/2025,踱步,沙田,內圈,沙田 內圈,,,,,,助手,,快踱一圈,H,內圈 快踱一圈 (助手)
E058,01/07/2025,游水,沙田,,沙田,,,,,,,,游水,,
E058,01/07/2025,踱步,沙田,內圈,沙田 內圈,,,,,,副練馬師,,快踱一圈,H,內圈 快踱一圈 (副練馬師)
E058,30/06/2025,游水,沙田,,沙田,,,,,,,,游水,,
E058,30/06/2025,踱步,沙田,內圈,沙田 內圈,,,,,,副練馬師,,倒快兩圈,H,內圈 倒快兩圈 (副練馬師)
E058,29/06/2025,游水,沙田,,沙田,,,,,,,,游水,,
E058,29/06/2025,快操,沙田,全天候,沙田 全天候,,57.8,57.8,30.1 27.7,,副練馬師,,快操,H,30.1 27.7 (57.8) (副練馬師)
E058,29/06/2025,踱步,沙田,飛機場,沙田 飛機場,,,,,,副練馬師,,踱步,H,飛機場 踱步 (副練馬師)
E058,28/06/2025,游水,沙田,,沙田,,,,,,,,游水,,
E058,28/06/2025,踱步,沙田,內圈,沙田 內圈,,,,,,副練馬師,,快踱一圈,H,內圈 快踱一圈 (副練馬師)
E058,27/06/2025,游水,沙田,,沙田,,,,,,,,游水,,
E058,27/06/2025,踱步,沙田,內圈,沙田 內圈,,,,,,副練馬師,,快踱一圈,H,內圈 快踱一圈 (副練馬師)
E058,26/06/2025,游水,沙田,,沙田,,,,,,,,游水,,
E058,25/06/2025,游水,沙田,,沙田,,,,,,,,游水,,
E058,25/06/2025,踱步,沙田,內圈,沙田 內圈,,,,,,副練馬師,,快踱一圈,H,內圈 快踱一圈 (副練馬師)
E058,24/06/2025,游水,沙田,,沙田,,,,,,,,游水,,
E058,24/06/2025,踱步,沙田,內圈,沙田 內圈,,,,,,鍾易禮,,快踱一圈,H,內圈 快踱一圈 (鍾易禮)
E058,23/06/2025,游水,沙田,,沙田,,,,,,,,游水,,
E058,22/06/2025,出賽,沙田,草地,沙田 草地,1800M,,,,,艾道拿,1/14,出賽,TT,1800M (艾道拿) (1/14)
E058,22/06/2025,游水,沙田,,沙田,,,,,,,,游水,,
E058,22/06/2025,踱步,沙田,內圈,沙田 內圈,,,,,,副練馬師,,快踱一圈,H,內圈 快踱一圈 (副練馬師)
E058,21/06/2025,游水,沙田,,沙田,,,,,,,,游水,,
E058,21/06/2025,踱步,沙田,內圈,沙田 內圈,,,,,,鍾易禮,,快踱一圈,H,內圈 快踱一圈 (鍾易禮)
E058,20/06/2025,游水,沙田,,沙田,,,,,,,,游水,,
E058,20/06/2025,踱步,沙田,內圈,沙田 內圈,,,,,,鍾易禮,,快踱一圈,H,內圈 快踱一圈 (鍾易禮)
E058,19/06/2025,游水,沙田,,沙田,,,,,,,,游水,,
E058,19/06/2025,快操,沙田,全天候,沙田 全天候,,55.8,55.8,29.9 25.9,,鍾易禮,,快操,H,29.9 25.9 (55.8) (鍾易禮)
E058,19/06/2025,踱步,沙田,飛機場,沙田 飛機場,,,,,,鍾易禮,,踱步,H,飛機場 踱步 (鍾易禮)
E058,18/06/2025,游水,沙田,,沙田,,,,,,,,游水,,
E058,18/06/2025,踱步,沙田,內圈,沙田 內圈,,,,,,副練馬師,,快踱一圈,H,內圈 快踱一圈 (副練馬師)
E058,17/06/2025,游水,沙田,,沙田,,,,,,,,游水,,
E058,17/06/2025,踱步,沙田,內圈,沙田 內圈,,,,,,鍾易禮,,快踱一圈,H,內圈 快踱一圈 (鍾易禮)
E058,16/06/2025,游水,沙田,,沙田,,,,,,,,游水,,
E058,16/06/2025,踱步,沙田,內圈,沙田 內圈,,,,,,副練馬師,,倒快兩圈,H,內圈 倒快兩圈 (副練馬師)
E058,15/06/2025,游水,沙田,,沙田,,,,,,,,游水,,
E058,15/06/2025,快操,沙田,全天候,沙田 全天候,,56.8,56.8,30.2 26.6,,鍾易禮,,快操,H,30.2 26.6 (56.8) (鍾易禮)
E058,15/06/2025,踱步,沙田,飛機場,沙田 飛機場,,,,,,鍾易禮,,踱步,H,飛機場 踱步 (鍾易禮)
E058,14/06/2025,游水,沙田,,沙田,,,,,,,,游水,,
E058,14/06/2025,踱步,沙田,內圈,沙田 內圈,,,,,,副練馬師,,快踱一圈,H,內圈 快踱一圈 (副練馬師)
E058,13/06/2025,游水,沙田,,沙田,,,,,,,,游水,,
E058,13/06/2025,踱步,沙田,內圈,沙田 內圈,,,,,,副練馬師,,快踱一圈,H,內圈 快踱一圈 (副練馬師)
E058,12/06/2025,游水,沙田,,沙田,,,,,,,,游水,,
E058,12/06/2025,踱步,沙田,內圈,沙田 內圈,,,,,,副練馬師,,倒快兩圈,H,內圈 倒快兩圈 (副練馬師)
E058,11/06/2025,游水,沙田,,沙田,,,,,,,,游水,,
E058,11/06/2025,快操,沙田,全天候,沙田 全天候,,56.7,56.7,30.5 26.2,,副練馬師,,快操,H,30.5 26.2 (56.7) (副練馬師)
E058,11/06/2025,踱步,沙田,飛機場,沙田 飛機場,,,,,,副練馬師,,踱步,H,飛機場 踱步 (副練馬師)
E058,10/06/2025,游水,沙田,,沙田,,,,,,,,游水,,
E058,10/06/2025,踱步,沙田,內圈,沙田 內圈,,,,,,助手,,快踱一圈,H,內圈 快踱一圈 (助手)
E058,09/06/2025,游水,沙田,,沙田,,,,,,,,游水,,
E058,09/06/2025,踱步,沙田,內圈,沙田 內圈,,,,,,副練馬師,,倒快兩圈,H,內圈 倒快兩圈 (副練馬師)
E058,08/06/2025,游水,沙田,,沙田,,,,,,,,游水,,
E058,08/06/2025,踱步,沙田,內圈,沙田 內圈,,,,,,副練馬師,,快踱一圈,H,內圈 快踱一圈 (副練馬師)
E058,07/06/2025,游水,沙田,,沙田,,,,,,,,游水,,
E058,07/06/2025,踱步,沙田,內圈,沙田 內圈,,,,,,副練馬師,,快踱一圈,H,內圈 快踱一圈 (副練馬師)
E058,06/06/2025,游水,沙田,,沙田,,,,,,,,游水,,
E058,06/06/2025,踱步,沙田,內圈,沙田 內圈,,,,,,副練馬師,,快踱一圈,H,內圈 快踱一圈 (副練馬師)
E058,05/06/2025,游水,沙田,,沙田,,,,,,,,游水,,
E058,02/06/2025,踱步,沙田,飛機場,沙田 飛機場,,,,,,副練馬師,,踱步,H,飛機場 踱步 (副練馬師)
E058,31/05/2025,出賽,沙田,草地,沙田 草地,1600M,,,,,潘頓,9/11,出賽,TT,1600M (潘頓) (9/11)
E058,31/05/2025,游水,沙田,,沙田,,,,,,,,游水,,
E058,31/05/2025,踱步,沙田,內圈,沙田 內圈,,,,,,副練馬師,,快踱一圈,H,內圈 快踱一圈 (副練馬師)
E058,30/05/2025,游水,沙田,,沙田,,,,,,,,游水,,
E058,30/05/2025,踱步,沙田,內圈,沙田 內圈,,,,,,副練馬師,,快踱一圈,H,內圈 快踱一圈 (副練馬師)
E058,29/05/2025,游水,沙田,,沙田,,,,,,,,游水,,
E058,28/05/2025,游水,沙田,,沙田,,,,,,,,游水,,
E058,28/05/2025,快操,沙田,全天候,沙田 全天候,,56.2,56.2,29.9 26.3,,副練馬師,,快操,H,29.9 26.3 (56.2) (副練馬師)
E058,28/05/2025,踱步,沙田,飛機場,沙田 飛機場,,,,,,副練馬師,,踱步,H,飛機場 踱步 (副練馬師)
E058,27/05/2025,游水,沙田,,沙田,,,,,,,,游水,,
E058,27/05/2025,踱步,沙田,內圈,沙田 內圈,,,,,,助手,,快踱一圈,H,內圈 快踱一圈 (助手)
E058,26/05/2025,游水,沙田,,沙田,,,,,,,,游水,,
E058,26/05/2025,踱步,沙田,內圈,沙田 內圈,,,,,,副練馬師,,倒快兩圈,H,內圈 倒快兩圈 (副練馬師)
E058,25/05/2025,游水,沙田,,沙田,,,,,,,,游水,,
E058,25/05/2025,快操,沙田,全天候,沙田 全天候,,56.2,56.2,29.7 26.5,,副練馬師,,快操,H,29.7 26.5 (56.2) (副練馬師)
E058,25/05/2025,踱步,沙田,飛機場,沙田 飛機場,,,,,,副練馬師,,踱步,H,飛機場 踱步 (副練馬師)
E058,24/05/2025,游水,沙田,,沙田,,,,,,,,游水,,
E058,24/05/2025,踱步,沙田,內圈,沙田 內圈,,,,,,鍾易禮,,快踱一圈,H,內圈 快踱一圈 (鍾易禮)
E058,23/05/2025,游水,沙田,,沙田,,,,,,,,游水,,
E058,23/05/2025,踱步,沙田,內圈,沙田 內圈,,,,,,鍾易禮,,快踱一圈,H,內圈 快踱一圈 (鍾易禮)
E058,22/05/2025,游水,沙田,,沙田,,,,,,,,游水,,
E058,22/05/2025,快操,沙田,全天候,沙田 全天候,,55.3,55.3,29.3 26.0,,鍾易禮,,快操,H,29.3 26.0 (55.3) (鍾易禮)
E058,21/05/2025,游水,沙田,,沙田,,,,,,,,游水,,
E058,21/05/2025,踱步,沙田,內圈,沙田 內圈,,,,,,助手,,快踱一圈,H,內圈 快踱一圈 (助手)
E058,20/05/2025,游水,沙田,,沙田,,,,,,,,游水,,
E058,19/05/2025,游水,沙田,,沙田,,,,,,,,游水,,
E058,19/05/2025,踱步,沙田,內圈,沙田 內圈,,,,,,助手,,倒快兩圈,H,內圈 倒快兩圈 (助手)
E058,18/05/2025,游水,沙田,,沙田,,,,,,,,游水,,
E058,18/05/2025,踱步,沙田,內圈,沙田 內圈,,,,,,副練馬師,,快踱一圈,H,內圈 快踱一圈 (副練馬師)
E058,17/05/2025,游水,沙田,,沙田,,,,,,,,游水,,
E058,17/05/2025,踱步,沙田,內圈,沙田 內圈,,,,,,副練馬師,,快踱一圈,H,內圈 快踱一圈 (副練馬師)
E058,16/05/2025,試閘,沙田,全天候,沙田 全天候,1200M,1.11.44,71.44,25.9 23.1 22.4,百賀飛駒,潘頓,,第1組,,第1組 (潘頓) 1200M 百賀飛駒 25.9 23.1 22.4 (1.11.44)
E058,16/05/2025,游水,沙田,,沙田,,,,,,,,游水,,
E058,15/05/2025,游水,沙田,,沙田,,,,,,,,游水,,
E058,15/05/2025,踱步,沙田,內圈,沙田 內圈,,,,,,副練馬師,,倒快兩圈,H,內圈 倒快兩圈 (副練馬師)
E058,14/05/2025,游水,沙田,,沙田,,,,,,,,游水,,
E058,14/05/2025,踱步,沙田,內圈,沙田 內圈,,,,,,副練馬師,,快踱一圈,H,內圈 快踱一圈 (副練馬師)
E058,13/05/2025,游水,沙田,,沙田,,,,,,,,游水,,
E058,13/05/2025,踱步,沙田,內圈,沙田 內圈,,,,,,助手,,快踱一圈,H,內圈 快踱一圈 (助手)
E058,12/05/2025,游水,沙田,,沙田,,,,,,,,游水,,
E058,12/05/2025,踱步,沙田,內圈,沙田 內圈,,,,,,副練馬師,,倒快兩圈,H,內圈 倒快兩圈 (副練馬師)
E058,11/05/2025,游水,沙田,,沙田,,,,,,,,游水,,
E058,11/05/2025,快操,沙田,全天候,沙田 全天候,,58.6,58.6,31.1 27.5,,鍾易禮,,快操,H,31.1 27.5 (58.6) (鍾易禮)
E058,11/05/2025,踱步,沙田,飛機場,沙田 飛機場,,,,,,鍾易禮,,踱步,H,飛機場 踱步 (鍾易禮)
E058,10/05/2025,游水,沙田,,沙田,,,,,,,,游水,,
E058,10/05/2025,踱步,沙田,內圈,沙田 內圈,,,,,,鍾易禮,,快踱一圈,H,內圈 快踱一圈 (鍾易禮)
E058,09/05/2025,游水,沙田,,沙田,,,,,,,,游水,,
E058,09/05/2025,踱步,沙田,內圈,沙田 內圈,,,,,,副練馬師,,快踱一圈,H,內圈 快踱一圈 (副練馬師)
E058,08/05/2025,游水,沙田,,沙田,,,,,,,,游水,,
E058,08/05/2025,快操,沙田,全天候,沙田 全天候,,55.7,55.7,30.3 25.4,,副練馬師,,快操,H,30.3 25.4 (55.7) (副練馬師)
E058,08/05/2025,踱步,沙田,飛機場,沙田 飛機場,,,,,,副練馬師,,踱步,H,飛機場 踱步 (副練馬師)
E058,07/05/2025,游水,沙田,,沙田,,,,,,,,游水,,
E058,07/05/2025,踱步,沙田,內圈,沙田 內圈,,,,,,副練馬師,,快踱一圈,H,內圈 快踱一圈 (副練馬師)
E058,06/05/2025,游水,沙田,,沙田,,,,,,,,游水,,
E058,06/05/2025,踱步,沙田,內圈,沙田 內圈,,,,,,助手,,快踱一圈,H,內圈 快踱一圈 (助手)
E058,05/05/2025,游水,沙田,,沙田,,,,,,,,游水,,
E058,05/05/2025,踱步,沙田,內圈,沙田 內圈,,,,,,副練馬師,,倒快兩圈,H,內圈 倒快兩圈 (副練馬師)
E058,04/05/2025,游水,沙田,,沙田,,,,,,,,游水,,
E058,04/05/2025,快操,沙田,全天候,沙田 全天候,,57.8,57.8,31.2 26.6,,副練馬師,,快操,H,31.2 26.6 (57.8) (副練馬師)
E058,04/05/2025,踱步,沙田,飛機場,沙田 飛機場,,,,,,副練馬師,,踱步,H,飛機場 踱步 (副練馬師)
E058,03/05/2025,游水,沙田,,沙田,,,,,,,,游水,,
E058,03/05/2025,踱步,沙田,內圈,沙田 內圈,,,,,,副練馬師,,快踱一圈,H,內圈 快踱一圈 (副練馬師)
E058,02/05/2025,游水,沙田,,沙田,,,,,,,,游水,,
E058,02/05/2025,踱步,沙田,內圈,沙田 內圈,,,,,,副練馬師,,快踱一圈,H,內圈 快踱一圈 (副練馬師)
E058,01/05/2025,游水,沙田,,沙田,,,,,,,,游水,,
E058,01/05/2025,踱步,沙田,內圈,沙田 內圈,,,,,,副練馬師,,倒快兩圈,H,內圈 倒快兩圈 (副練馬師)
E058,30/04/2025,游水,沙田,,沙田,,,,,,,,游水,,
E058,30/04/2025,踱步,沙田,內圈,沙田 內圈,,,,,,副練馬師,,快踱一圈,H,內圈 快踱一圈 (副練馬師)
E058,29/04/2025,游水,沙田,,沙田,,,,,,,,游水,,
E058,29/04/2025,踱步,沙田,內圈,沙田 內圈,,,,,,鍾易禮,,快踱一圈,H,內圈 快踱一圈 (鍾易禮)
E058,27/04/2025,出賽,沙田,草地,沙田 草地,1600M,,,,,艾道拿,7/13,出賽,TT,1600M (艾道拿) (7/13)
E058,27/04/2025,游水,沙田,,沙田,,,,,,,,游水,,
E058,27/04/2025,踱步,沙田,內圈,沙田 內圈,,,,,,副練馬師,,快踱一圈,H,內圈 快踱一圈 (副練馬師)
E058,26/04/2025,游水,沙田,,沙田,,,,,,,,游水,,
E058,26/04/2025,踱步,沙田,內圈,沙田 內圈,,,,,,副練馬師,,快踱一圈,H,內圈 快踱一圈 (副練馬師)
E058,25/04/2025,游水,沙田,,沙田,,,,,,,,游水,,
E058,25/04/2025,踱步,沙田,內圈,沙田 內圈,,,,,,副練馬師,,快踱一圈,H,內圈 快踱一圈 (副練馬師)
E058,24/04/2025,游水,沙田,,沙田,,,,,,,,游水,,
E058,24/04/2025,快操,沙田,全天候,沙田 全天候,,55.3,55.3,29.6 25.7,,副練馬師,,快操,H,29.6 25.7 (55.3) (副練馬師)
E058,24/04/2025,踱步,沙田,飛機場,沙田 飛機場,,,,,,副練馬師,,踱步,H,飛機場 踱步 (副練馬師)
E058,23/04/2025,游水,沙田,,沙田,,,,,,,,游水,,
E058,23/04/2025,踱步,沙田,內圈,沙田 內圈,,,,,,副練馬師,,快踱一圈,H,內圈 快踱一圈 (副練馬師)
E058,22/04/2025,游水,沙田,,沙田,,,,,,,,游水,,
E058,22/04/2025,踱步,沙田,內圈,沙田 內圈,,,,,,助手,,快踱一圈,H,內圈 快踱一圈 (助手)
E058,21/04/2025,游水,沙田,,沙田,,,,,,,,游水,,
E058,21/04/2025,踱步,沙田,內圈,沙田 內圈,,,,,,助手,,倒快兩圈,H,內圈 倒快兩圈 (助手)
E058,20/04/2025,游水,沙田,,沙田,,,,,,,,游水,,
E058,20/04/2025,快操,沙田,全天候,沙田 全天候,,57.9,57.9,30.4 27.5,,鍾易禮,,快操,H,30.4 27.5 (57.9) (鍾易禮)
E058,20/04/2025,踱步,沙田,飛機場,沙田 飛機場,,,,,,鍾易禮,,踱步,H,飛機場 踱步 (鍾易禮)
E058,19/04/2025,游水,沙田,,沙田,,,,,,,,游水,,
E058,19/04/2025,踱步,沙田,內圈,沙田 內圈,,,,,,副練馬師,,快踱一圈,H,內圈 快踱一圈 (副練馬師)
E058,18/04/2025,游水,沙田,,沙田,,,,,,,,游水,,
E058,18/04/2025,踱步,沙田,內圈,沙田 內圈,,,,,,副練馬師,,快踱一圈,H,內圈 快踱一圈 (副練馬師)
E058,17/04/2025,游水,沙田,,沙田,,,,,,,,游水,,
E058,17/04/2025,踱步,沙田,內圈,沙田 內圈,,,,,,副練馬師,,倒快兩圈,H,內圈 倒快兩圈 (副練馬師)
E058,16/04/2025,游水,沙田,,沙田,,,,,,,,游水,,
E058,16/04/2025,踱步,沙田,內圈,沙田 內圈,,,,,,副練馬師,,快踱一圈,H,內圈 快踱一圈 (副練馬師)
E058,15/04/2025,游水,沙田,,沙田,,,,,,,,游水,,
E058,15/04/2025,踱步,沙田,內圈,沙田 內圈,,,,,,鍾易禮,,快踱一圈,H,內圈 快踱一圈 (鍾易禮)
E058,13/04/2025,出賽,沙田,草地,沙田 草地,1400M,,,,,艾道拿,5/9,出賽,TT,1400M (艾道拿) (5/9)
E058,13/04/2025,游水,沙田,,沙田,,,,,,,,游水,,
E058,13/04/2025,踱步,沙田,內圈,沙田 內圈,,,,,,副練馬師,,快踱一圈,H,內圈 快踱一圈 (副練馬師)
E058,12/04/2025,游水,沙田,,沙田,,,,,,,,游水,,
E058,12/04/2025,踱步,沙田,內圈,沙田 內圈,,,,,,副練馬師,,快踱一圈,H,內圈 快踱一圈 (副練馬師)
E058,11/04/2025,游水,沙田,,沙田,,,,,,,,游水,,
E058,11/04/2025,踱步,沙田,內圈,沙田 內圈,,,,,,副練馬師,,快踱一圈,H,內圈 快踱一圈 (副練馬師)
E058,10/04/2025,游水,沙田,,沙田,,,,,,,,游水,,
E058,10/04/2025,快操,沙田,全天候,沙田 全天候,,57.7,57.7,31.2 26.5,,副練馬師,,快操,H,31.2 26.5 (57.7) (副練馬師)
E058,10/04/2025,踱步,沙田,飛機場,沙田 飛機場,,,,,,副練馬師,,踱步,H,飛機場 踱步 (副練馬師)
E058,09/04/2025,游水,沙田,,沙田,,,,,,,,游水,,
E058,09/04/2025,踱步,沙田,內圈,沙田 內圈,,,,,,副練馬師,,快踱一圈,H,內圈 快踱一圈 (副練馬師)
E058,08/04/2025,游水,沙田,,沙田,,,,,,,,游水,,
E058,08/04/2025,踱步,沙田,內圈,沙田 內圈,,,,,,副練馬師,,快踱一圈,H,內圈 快踱一圈 (副練馬師)
E058,07/04/2025,游水,沙田,,沙田,,,,,,,,游水,,
E058,07/04/2025,踱步,沙田,內圈,沙田 內圈,,,,,,副練馬師,,倒快兩圈,H,內圈 倒快兩圈 (副練馬師)
E058,06/04/2025,游水,沙田,,沙田,,,,,,,,游水,,
E058,06/04/2025,快操,沙田,全天候,沙田 全天候,,58.2,58.2,31.2 27.0,,鍾易禮,,快操,H,31.2 27.0 (58.2) (鍾易禮)
E058,06/04/2025,踱步,沙田,飛機場,沙田 飛機場,,,,,,鍾易禮,,踱步,H,飛機場 踱步 (鍾易禮)
E058,05/04/2025,游水,沙田,,沙田,,,,,,,,游水,,
E058,05/04/2025,踱步,沙田,內圈,沙田 內圈,,,,,,助手,,快踱一圈,H,內圈 快踱一圈 (助手)
E058,04/04/2025,游水,沙田,,沙田,,,,,,,,游水,,
E058,04/04/2025,踱步,沙田,內圈,沙田 內圈,,,,,,副練馬師,,快踱一圈,H,內圈 快踱一圈 (副練馬師)
E058,03/04/2025,游水,沙田,,沙田,,,,,,,,游水,,
E058,03/04/2025,踱步,沙田,內圈,沙田 內圈,,,,,,助手,,倒快兩圈,H,內圈 倒快兩圈 (助手)
E058,02/04/2025,游水,沙田,,沙田,,,,,,,,游水,,
E058,02/04/2025,踱步,沙田,內圈,沙田 內圈,,,,,,副練馬師,,快踱一圈,H,內圈 快踱一圈 (副練馬師)
E058,01/04/2025,游水,沙田,,沙田,,,,,,,,游水,,
E058,01/04/2025,踱步,沙田,內圈,沙田 內圈,,,,,,助手,,快踱一圈,H,內圈 快踱一圈 (助手)
E058,31/03/2025,游水,沙田,,沙田,,,,,,,,游水,,
E058,30/03/2025,出賽,沙田,草地,沙田 草地,1600M,,,,,艾道拿,5/12,出賽,TT,1600M (艾道拿) (5/12)
E058,30/03/2025,踱步,沙田,內圈,沙田 內圈,,,,,,副練馬師,,快踱一圈,H,內圈 快踱一圈 (副練馬師)
E058,29/03/2025,游水,沙田,,沙田,,,,,,,,游水,,
E058,29/03/2025,踱步,沙田,內圈,沙田 內圈,,,,,,副練馬師,,快踱一圈,H,內圈 快踱一圈 (副練馬師)
E058,28/03/2025,游水,沙田,,沙田,,,,,,,,游水,,
E058,28/03/2025,踱步,沙田,內圈,沙田 內圈,,,,,,副練馬師,,快踱一圈,H,內圈 快踱一圈 (副練馬師)
E058,27/03/2025,游水,沙田,,沙田,,,,,,,,游水,,
E058,27/03/2025,快操,沙田,全天候,沙田 全天候,,56.7,56.7,31.0 25.7,,副練馬師,,快操,H,31.0 25.7 (56.7) (副練馬師)
E058,27/03/2025,踱步,沙田,飛機場,沙田 飛機場,,,,,,副練馬師,,踱步,H,飛機場 踱步 (副練馬師)
E058,26/03/2025,游水,沙田,,沙田,,,,,,,,游水,,
E058,26/03/2025,踱步,沙田,內圈,沙田 內圈,,,,,,鍾易禮,,快踱一圈,H,內圈 快踱一圈 (鍾易禮)
E058,25/03/2025,游水,沙田,,沙田,,,,,,,,游水,,
E058,25/03/2025,踱步,沙田,內圈,沙田 內圈,,,,,,助手,,快踱一圈,H,內圈 快踱一圈 (助手)
E058,24/03/2025,游水,沙田,,沙田,,,,,,,,游水,,
E058,24/03/2025,踱步,沙田,內圈,沙田 內圈,,,,,,助手,,倒快兩圈,H,內圈 倒快兩圈 (助手)
E058,23/03/2025,游水,沙田,,沙田,,,,,,,,游水,,
E058,23/03/2025,踱步,沙田,內圈,沙田 內圈,,,,,,副練馬師,,快踱一圈,H,內圈 快踱一圈 (副練馬師)
E058,22/03/2025,游水,沙田,,沙田,,,,,,,,游水,,
E058,22/03/2025,踱步,沙田,內圈,沙田 內圈,,,,,,助手,,快踱一圈,H,內圈 快踱一圈 (助手)
E058,21/03/2025,游水,沙田,,沙田,,,,,,,,游水,,
E058,21/03/2025,踱步,沙田,內圈,沙田 內圈,,,,,,助手,,快踱一圈,H,內圈 快踱一圈 (助手)
E058,20/03/2025,游水,沙田,,沙田,,,,,,,,游水,,
E058,20/03/2025,踱步,沙田,內圈,沙田 內圈,,,,,,鍾易禮,,倒快兩圈,H,內圈 倒快兩圈 (鍾易禮)
E058,19/03/2025,游水,沙田,,沙田,,,,,,,,游水,,
E058,19/03/2025,踱步,沙田,內圈,沙田 內圈,,,,,,副練馬師,,快踱一圈,H,內圈 快踱一圈 (副練馬師)
E058,18/03/2025,試閘,沙田,全天候,沙田 全天候,1200M,1.09.70,69.7,24.7 22.4 22.6,昇瀧駒,艾道拿,,第1組,,第1組 (艾道拿) 1200M 昇瀧駒 24.7 22.4 22.6 (1.09.70)
E058,18/03/2025,游水,沙田,,沙田,,,,,,,,游水,,
E058,17/03/2025,游水,沙田,,沙田,,,,,,,,游水,,
E058,17/03/2025,踱步,沙田,內圈,沙田 內圈,,,,,,鍾易禮,,倒快兩圈,H,內圈 倒快兩圈 (鍾易禮)
E058,16/03/2025,游水,沙田,,沙田,,,,,,,,游水,,
E058,16/03/2025,踱步,沙田,內圈,沙田 內圈,,,,,,副練馬師,,快踱一圈,H,內圈 快踱一圈 (副練馬師)
E058,15/03/2025,游水,沙田,,沙田,,,,,,,,游水,,
E058,15/03/2025,快操,沙田,全天候,沙田 全天候,,56.6,56.6,31.2 25.4,,鍾易禮,,快操,H,31.2 25.4 (56.6) (鍾易禮)
E058,15/03/2025,踱步,沙田,飛機場,沙田 飛機場,,,,,,鍾易禮,,踱步,H,飛機場 踱步 (鍾易禮)
E058,14/03/2025,游水,沙田,,沙田,,,,,,,,游水,,
E058,14/03/2025,踱步,沙田,內圈,沙田 內圈,,,,,,副練馬師,,快踱一圈,H,內圈 快踱一圈 (副練馬師)
E058,13/03/2025,游水,沙田,,沙田,,,,,,,,游水,,
E058,13/03/2025,踱步,沙田,內圈,沙田 內圈,,,,,,副練馬師,,倒快兩圈,H,內圈 倒快兩圈 (副練馬師)
E058,12/03/2025,游水,沙田,,沙田,,,,,,,,游水,,
E058,12/03/2025,踱步,沙田,內圈,沙田 內圈,,,,,,副練馬師,,快踱一圈,H,內圈 快踱一圈 (副練馬師)
E058,11/03/2025,游水,沙田,,沙田,,,,,,,,游水,,
E058,11/03/2025,踱步,沙田,內圈,沙田 內圈,,,,,,助手,,快踱一圈,H,內圈 快踱一圈 (助手)
E058,10/03/2025,游水,沙田,,沙田,,,,,,,,游水,,
E058,10/03/2025,踱步,沙田,內圈,沙田 內圈,,,,,,助手,,倒快兩圈,H,內圈 倒快兩圈 (助手)
E058,09/03/2025,游水,沙田,,沙田,,,,,,,,游水,,
E058,09/03/2025,踱步,沙田,內圈,沙田 內圈,,,,,,副練馬師,,快踱一圈,H,內圈 快踱一圈 (副練馬師)
E058,08/03/2025,游水,沙田,,沙田,,,,,,,,游水,,
E058,08/03/2025,踱步,沙田,內圈,沙田 內圈,,,,,,助手,,快踱一圈,H,內圈 快踱一圈 (助手)
E058,07/03/2025,游水,沙田,,沙田,,,,,,,,游水,,
E058,07/03/2025,踱步,沙田,內圈,沙田 內圈,,,,,,鍾易禮,,快踱一圈,H,內圈 快踱一圈 (鍾易禮)
E058,06/03/2025,試閘,沙田,全天候,沙田 全天候,1200M,1.10.89,70.89,24.0 23.0 23.8,嘉應駿昇,艾道拿,,第1組,,第1組 (艾道拿) 1200M 嘉應駿昇 24.0 23.0 23.8 (1.10.89)
E058,06/03/2025,游水,沙田,,沙田,,,,,,,,游水,,
E058,05/03/2025,游水,沙田,,沙田,,,,,,,,游水,,
E058,05/03/2025,踱步,沙田,內圈,沙田 內圈,,,,,,鍾易禮,,快踱一圈,H,內圈 快踱一圈 (鍾易禮)
E058,04/03/2025,游水,沙田,,沙田,,,,,,,,游水,,
E058,04/03/2025,踱步,沙田,內圈,沙田 內圈,,,,,,助手,,快踱一圈,H,內圈 快踱一圈 (助手)
E058,03/03/2025,游水,沙田,,沙田,,,,,,,,游水,,
E058,03/03/2025,踱步,沙田,內圈,沙田 內圈,,,,,,副練馬師,,倒快兩圈,H,內圈 倒快兩圈 (副練馬師)
E058,02/03/2025,游水,沙田,,沙田,,,,,,,,游水,,
E058,02/03/2025,踱步,沙田,飛機場,沙田 飛機場,,,,,,副練馬師,,踱步,H,飛機場 踱步 (副練馬師)
E058,01/03/2025,游水,沙田,,沙田,,,,,,,,游水,,
E058,01/03/2025,踱步,沙田,內圈,沙田 內圈,,,,,,副練馬師,,快踱一圈,H,內圈 快踱一圈 (副練馬師)
E058,28/02/2025,游水,沙田,,沙田,,,,,,,,游水,,
E058,28/02/2025,踱步,沙田,內圈,沙田 內圈,,,,,,副練馬師,,快踱一圈,H,內圈 快踱一圈 (副練馬師)
E058,27/02/2025,游水,沙田,,沙田,,,,,,,,游水,,
E058,27/02/2025,踱步,沙田,內圈,沙田 內圈,,,,,,鍾易禮,,倒快兩圈,H,內圈 倒快兩圈 (鍾易禮)
E058,26/02/2025,游水,沙田,,沙田,,,,,,,,游水,,
E058,26/02/2025,踱步,沙田,內圈,沙田 內圈,,,,,,副練馬師,,快踱一圈,H,內圈 快踱一圈 (副練馬師)
E058,25/02/2025,踱步,沙田,內圈,沙田 內圈,,,,,,助手,,快踱一圈,H,內圈 快踱一圈 (助手)
E058,24/02/2025,踱步,沙田,內圈,沙田 內圈,,,,,,助手,,倒快兩圈,H,內圈 倒快兩圈 (助手)
E058,23/02/2025,踱步,沙田,內圈,沙田 內圈,,,,,,副練馬師,,快踱一圈,H,內圈 快踱一圈 (副練馬師)
E058,22/02/2025,踱步,沙田,內圈,沙田 內圈,,,,,,副練馬師,,快踱一圈,H,內圈 快踱一圈 (副練馬師)
E058,21/02/2025,踱步,沙田,內圈,沙田 內圈,,,,,,副練馬師,,快踱一圈,H,內圈 快踱一圈 (副練馬師)
E058,17/02/2025,游水,沙田,,沙田,,,,,,,,游水,,
E058,17/02/2025,踱步,沙田,內圈,沙田 內圈,,,,,,副練馬師,,倒快兩圈,H,內圈 倒快兩圈 (副練馬師)
E058,16/02/2025,游水,沙田,,沙田,,,,,,,,游水,,
E058,16/02/2025,快操,沙田,全天候,沙田 全天候,,57.9,57.9,32.0 25.9,,副練馬師,,快操,H,32.0 25.9 (57.9) (副練馬師)
E058,15/02/2025,游水,沙田,,沙田,,,,,,,,游水,,
E058,15/02/2025,踱步,沙田,內圈,沙田 內圈,,,,,,副練馬師,,快踱一圈,H,內圈 快踱一圈 (副練馬師)
E058,14/02/2025,游水,沙田,,沙田,,,,,,,,游水,,
E058,14/02/2025,踱步,沙田,內圈,沙田 內圈,,,,,,副練馬師,,快踱一圈,H,內圈 快踱一圈 (副練馬師)
E058,13/02/2025,游水,沙田,,沙田,,,,,,,,游水,,
E058,13/02/2025,踱步,沙田,內圈,沙田 內圈,,,,,,副練馬師,,倒快兩圈,H,內圈 倒快兩圈 (副練馬師)
E058,12/02/2025,游水,沙田,,沙田,,,,,,,,游水,,
E058,12/02/2025,踱步,沙田,內圈,沙田 內圈,,,,,,助手,,快踱一圈,H,內圈 快踱一圈 (助手)
E058,11/02/2025,踱步,沙田,內圈,沙田 內圈,,,,,,助手,,快踱一圈,H,內圈 快踱一圈 (助手)
E058,10/02/2025,踱步,沙田,內圈,沙田 內圈,,,,,,副練馬師,,倒快兩圈,H,內圈 倒快兩圈 (副練馬師)
E058,09/02/2025,踱步,沙田,內圈,沙田 內圈,,,,,,副練馬師,,快踱一圈,H,內圈 快踱一圈 (副練馬師)
E058,08/02/2025,踱步,沙田,內圈,沙田 內圈,,,,,,副練馬師,,快踱一圈,H,內圈 快踱一圈 (副練馬師)
E058,07/02/2025,試閘,沙田,全天候,沙田 全天候,1200M,1.10.09,70.09,23.7 22.7 23.6,加州星球,鍾易禮,,第1組,,第1組 (鍾易禮) 1200M 加州星球 23.7 22.7 23.6 (1.10.09)
E058,07/02/2025,游水,沙田,,沙田,,,,,,,,游水,,
E058,06/02/2025,游水,沙田,,沙田,,,,,,,,游水,,
E058,06/02/2025,踱步,沙田,內圈,沙田 內圈,,,,,,助手,,倒快兩圈,H,內圈 倒快兩圈 (助手)
E058,05/02/2025,游水,沙田,,沙田,,,,,,,,游水,,
E058,05/02/2025,踱步,沙田,內圈,沙田 內圈,,,,,,助手,,快踱一圈,H,內圈 快踱一圈 (助手)
E058,04/02/2025,游水,沙田,,沙田,,,,,,,,游水,,
E058,04/02/2025,踱步,沙田,內圈,沙田 內圈,,,,,,鍾易禮,,快踱一圈,H,內圈 快踱一圈 (鍾易禮)
E058,03/02/2025,游水,沙田,,沙田,,,,,,,,游水,,
E058,03/02/2025,踱步,沙田,內圈,沙田 內圈,,,,,,助手,,倒快兩圈,H,內圈 倒快兩圈 (助手)
E058,02/02/2025,游水,沙田,,沙田,,,,,,,,游水,,
E058,02/02/2025,快操,沙田,全天候,沙田 全天候,,54.9,54.9,29.2 25.7,,鍾易禮,,快操,H,29.2 25.7 (54.9) (鍾易禮)
E058,02/02/2025,踱步,沙田,飛機場,沙田 飛機場,,,,,,鍾易禮,,踱步,H,飛機場 踱步 (鍾易禮)
E058,01/02/2025,游水,沙田,,沙田,,,,,,,,游水,,
E058,01/02/2025,踱步,沙田,內圈,沙田 內圈,,,,,,助手,,快踱一圈,H,內圈 快踱一圈 (助手)
E058,31/01/2025,游水,沙田,,沙田,,,,,,,,游水,,
E058,31/01/2025,踱步,沙田,內圈,沙田 內圈,,,,,,鍾易禮,,快踱一圈,H,內圈 快踱一圈 (鍾易禮)
E058,30/01/2025,游水,沙田,,沙田,,,,,,,,游水,,
E058,30/01/2025,踱步,沙田,內圈,沙田 內圈,,,,,,助手,,倒快兩圈,H,內圈 倒快兩圈 (助手)
E058,28/01/2025,游水,沙田,,沙田,,,,,,,,游水,,
E058,28/01/2025,快操,沙田,全天候,沙田 全天候,,55.7,55.7,30.1 25.6,,鍾易禮,,快操,H,30.1 25.6 (55.7) (鍾易禮)
E058,27/01/2025,游水,沙田,,沙田,,,,,,,,游水,,
E058,27/01/2025,踱步,沙田,內圈,沙田 內圈,,,,,,助手,,倒快兩圈,H,內圈 倒快兩圈 (助手)
E058,26/01/2025,游水,沙田,,沙田,,,,,,,,游水,,
E058,26/01/2025,踱步,沙田,內圈,沙田 內圈,,,,,,副練馬師,,快踱一圈,H,內圈 快踱一圈 (副練馬師)
E058,25/01/2025,游水,沙田,,沙田,,,,,,,,游水,,
E058,25/01/2025,踱步,沙田,內圈,沙田 內圈,,,,,,副練馬師,,快踱一圈,H,內圈 快踱一圈 (副練馬師)
E058,24/01/2025,游水,沙田,,沙田,,,,,,,,游水,,
E058,24/01/2025,踱步,沙田,內圈,沙田 內圈,,,,,,副練馬師,,快踱一圈,H,內圈 快踱一圈 (副練馬師)
E058,23/01/2025,游水,沙田,,沙田,,,,,,,,游水,,
E058,23/01/2025,踱步,沙田,內圈,沙田 內圈,,,,,,副練馬師,,倒快兩圈,H,內圈 倒快兩圈 (副練馬師)
E058,22/01/2025,游水,沙田,,沙田,,,,,,,,游水,,
E058,22/01/2025,踱步,沙田,內圈,沙田 內圈,,,,,,副練馬師,,快踱一圈,H,內圈 快踱一圈 (副練馬師)
E058,21/01/2025,游水,沙田,,沙田,,,,,,,,游水,,
E058,21/01/2025,踱步,沙田,內圈,沙田 內圈,,,,,,助手,,快踱一圈,H,內圈 快踱一圈 (助手)
E058,19/01/2025,出賽,沙田,草地,沙田 草地,1600M,,,,,梁家俊,4/8,出賽,TT,1600M (梁家俊) (4/8)
E058,19/01/2025,游水,沙田,,沙田,,,,,,,,游水,,
E058,19/01/2025,踱步,沙田,內圈,沙田 內圈,,,,,,鍾易禮,,快踱一圈,H,內圈 快踱一圈 (鍾易禮)
E058,18/01/2025,游水,沙田,,沙田,,,,,,,,游水,,
E058,18/01/2025,踱步,沙田,內圈,沙田 內圈,,,,,,鍾易禮,,快踱一圈,H,內圈 快踱一圈 (鍾易禮)
E058,17/01/2025,游水,沙田,,沙田,,,,,,,,游水,,
E058,17/01/2025,踱步,沙田,內圈,沙田 內圈,,,,,,副練馬師,,快踱一圈,H,內圈 快踱一圈 (副練馬師)
E058,16/01/2025,游水,沙田,,沙田,,,,,,,,游水,,
E058,16/01/2025,快操,沙田,全天候,沙田 全天候,,56.8,56.8,30.9 25.9,,副練馬師,,快操,H,30.9 25.9 (56.8) (副練馬師)
E058,16/01/2025,踱步,沙田,飛機場,沙田 飛機場,,,,,,副練馬師,,踱步,H,飛機場 踱步 (副練馬師)
E058,15/01/2025,游水,沙田,,沙田,,,,,,,,游水,,
E058,15/01/2025,踱步,沙田,內圈,沙田 內圈,,,,,,副練馬師,,快踱一圈,H,內圈 快踱一圈 (副練馬師)
E058,14/01/2025,游水,沙田,,沙田,,,,,,,,游水,,
E058,14/01/2025,踱步,沙田,內圈,沙田 內圈,,,,,,助手,,快踱一圈,H,內圈 快踱一圈 (助手)
E058,13/01/2025,游水,沙田,,沙田,,,,,,,,游水,,
E058,13/01/2025,踱步,沙田,內圈,沙田 內圈,,,,,,鍾易禮,,倒快兩圈,H,內圈 倒快兩圈 (鍾易禮)
E058,12/01/2025,游水,沙田,,沙田,,,,,,,,游水,,
E058,12/01/2025,快操,沙田,全天候,沙田 全天候,,57.7,57.7,30.8 26.9,,鍾易禮,,快操,H,30.8 26.9 (57.7) (鍾易禮)
E058,12/01/2025,踱步,沙田,飛機場,沙田 飛機場,,,,,,鍾易禮,,踱步,H,飛機場 踱步 (鍾易禮)
E058,11/01/2025,游水,沙田,,沙田,,,,,,,,游水,,
E058,11/01/2025,踱步,沙田,內圈,沙田 內圈,,,,,,副練馬師,,快踱一圈,H,內圈 快踱一圈 (副練馬師)
E058,10/01/2025,游水,沙田,,沙田,,,,,,,,游水,,
E058,10/01/2025,踱步,沙田,內圈,沙田 內圈,,,,,,副練馬師,,快踱一圈,H,內圈 快踱一圈 (副練馬師)
E058,09/01/2025,游水,沙田,,沙田,,,,,,,,游水,,
E058,09/01/2025,快操,沙田,全天候,沙田 全天候,,56.1,56.1,30.1 26.0,,鍾易禮,,快操,H,30.1 26.0 (56.1) (鍾易禮)
E058,09/01/2025,踱步,沙田,飛機場,沙田 飛機場,,,,,,鍾易禮,,踱步,H,飛機場 踱步 (鍾易禮)
E058,08/01/2025,游水,沙田,,沙田,,,,,,,,游水,,
E058,08/01/2025,踱步,沙田,內圈,沙田 內圈,,,,,,副練馬師,,快踱一圈,H,內圈 快踱一圈 (副練馬師)
E058,07/01/2025,游水,沙田,,沙田,,,,,,,,游水,,
E058,07/01/2025,踱步,沙田,內圈,沙田 內圈,,,,,,助手,,快踱一圈,H,內圈 快踱一圈 (助手)
E058,06/01/2025,游水,沙田,,沙田,,,,,,,,游水,,
E058,06/01/2025,踱步,沙田,內圈,沙田 內圈,,,,,,助手,,倒快兩圈,H,內圈 倒快兩圈 (助手)
E058,05/01/2025,游水,沙田,,沙田,,,,,,,,游水,,
E058,05/01/2025,踱步,沙田,內圈,沙田 內圈,,,,,,副練馬師,,快踱一圈,H,內圈 快踱一圈 (副練馬師)
E058,04/01/2025,游水,沙田,,沙田,,,,,,,,游水,,
E058,04/01/2025,踱步,沙田,內圈,沙田 內圈,,,,,,鍾易禮,,快踱一圈,H,內圈 快踱一圈 (鍾易禮)
E058,03/01/2025,游水,沙田,,沙田,,,,,,,,游水,,
E058,03/01/2025,踱步,沙田,內圈,沙田 內圈,,,,,,副練馬師,,快踱一圈,H,內圈 快踱一圈 (副練馬師)
E058,02/01/2025,游水,沙田,,沙田,,,,,,,,游水,,
E058,01/01/2025,出賽,沙田,草地,沙田 草地,1400M,,,,,布文,7/11,出賽,TT,1400M (布文) (7/11)
E058,01/01/2025,游水,沙田,,沙田,,,,,,,,游水,,
E058,01/01/2025,踱步,沙田,內圈,沙田 內圈,,,,,,副練馬師,,快踱一圈,H,內圈 快踱一圈 (副練馬師)
E058,31/12/2024,游水,沙田,,沙田,,,,,,,,游水,,
E058,31/12/2024,踱步,沙田,內圈,沙田 內圈,,,,,,鍾易禮,,快踱一圈,H,內圈 快踱一圈 (鍾易禮)
E058,30/12/2024,游水,沙田,,沙田,,,,,,,,游水,,
E058,30/12/2024,踱步,沙田,內圈,沙田 內圈,,,,,,鍾易禮,,倒快兩圈,H,內圈 倒快兩圈 (鍾易禮)
E058,29/12/2024,游水,沙田,,沙田,,,,,,,,游水,,
E058,29/12/2024,快操,沙田,全天候,沙田 全天候,,58.2,58.2,31.2 27.0,,副練馬師,,快操,H,31.2 27.0 (58.2) (副練馬師)
E058,29/12/2024,踱步,沙田,飛機場,沙田 飛機場,,,,,,副練馬師,,踱步,H,飛機場 踱步 (副練馬師)
E058,28/12/2024,游水,沙田,,沙田,,,,,,,,游水,,
E058,28/12/2024,踱步,沙田,內圈,沙田 內圈,,,,,,助手,,快踱一圈,H,內圈 快踱一圈 (助手)
E058,27/12/2024,游水,沙田,,沙田,,,,,,,,游水,,
E058,27/12/2024,踱步,沙田,內圈,沙田 內圈,,,,,,鍾易禮,,快踱一圈,H,內圈 快踱一圈 (鍾易禮)
E058,26/12/2024,游水,沙田,,沙田,,,,,,,,游水,,
E058,26/12/2024,快操,沙田,全天候,沙田 全天候,,56.5,56.5,30.0 26.5,,鍾易禮,,快操,H,30.0 26.5 (56.5) (鍾易禮)
E058,26/12/2024,踱步,沙田,飛機場,沙田 飛機場,,,,,,鍾易禮,,踱步,H,飛機場 踱步 (鍾易禮)
E058,25/12/2024,游水,沙田,,沙田,,,,,,,,游水,,
E058,25/12/2024,踱步,沙田,內圈,沙田 內圈,,,,,,助手,,快踱一圈,H,內圈 快踱一圈 (助手)
E058,24/12/2024,游水,沙田,,沙田,,,,,,,,游水,,
E058,24/12/2024,踱步,沙田,內圈,沙田 內圈,,,,,,鍾易禮,,快踱一圈,H,內圈 快踱一圈 (鍾易禮)
E058,23/12/2024,游水,沙田,,沙田,,,,,,,,游水,,
E058,23/12/2024,踱步,沙田,內圈,沙田 內圈,,,,,,助手,,倒快兩圈,H,內圈 倒快兩圈 (助手)
E058,22/12/2024,游水,沙田,,沙田,,,,,,,,游水,,
E058,22/12/2024,快操,沙田,全天候,沙田 全天候,,56.3,56.3,30.2 26.1,,鍾易禮,,快操,H,30.2 26.1 (56.3) (鍾易禮)
E058,22/12/2024,踱步,沙田,飛機場,沙田 飛機場,,,,,,鍾易禮,,踱步,H,飛機場 踱步 (鍾易禮)
E058,21/12/2024,游水,沙田,,沙田,,,,,,,,游水,,
E058,20/12/2024,游水,沙田,,沙田,,,,,,,,游水,,
E058,20/12/2024,踱步,沙田,內圈,沙田 內圈,,,,,,副練馬師,,快踱一圈,H,內圈 快踱一圈 (副練馬師)
E058,19/12/2024,游水,沙田,,沙田,,,,,,,,游水,,
E058,19/12/2024,快操,沙田,全天候,沙田 全天候,,56.8,56.8,30.4 26.4,,副練馬師,,快操,H,30.4 26.4 (56.8) (副練馬師)
E058,19/12/2024,踱步,沙田,飛機場,沙田 飛機場,,,,,,副練馬師,,踱步,H,飛機場 踱步 (副練馬師)
E058,18/12/2024,游水,沙田,,沙田,,,,,,,,游水,,
E058,18/12/2024,踱步,沙田,內圈,沙田 內圈,,,,,,助手,,快踱一圈,H,內圈 快踱一圈 (助手)
E058,17/12/2024,游水,沙田,,沙田,,,,,,,,游水,,
E058,17/12/2024,踱步,沙田,內圈,沙田 內圈,,,,,,助手,,快踱一圈,H,內圈 快踱一圈 (助手)
E058,16/12/2024,游水,沙田,,沙田,,,,,,,,游水,,
E058,16/12/2024,踱步,沙田,內圈,沙田 內圈,,,,,,副練馬師,,倒快兩圈,H,內圈 倒快兩圈 (副練馬師)
E058,15/12/2024,游水,沙田,,沙田,,,,,,,,游水,,
E058,15/12/2024,快操,沙田,全天候,沙田 全天候,,57.2,57.2,30.3 26.9,,鍾易禮,,快操,H,30.3 26.9 (57.2) (鍾易禮)
E058,15/12/2024,踱步,沙田,飛機場,沙田 飛機場,,,,,,鍾易禮,,踱步,H,飛機場 踱步 (鍾易禮)
E058,14/12/2024,游水,沙田,,沙田,,,,,,,,游水,,
E058,14/12/2024,踱步,沙田,內圈,沙田 內圈,,,,,,副練馬師,,快踱一圈,H,內圈 快踱一圈 (副練馬師)
E058,13/12/2024,游水,沙田,,沙田,,,,,,,,游水,,
E058,13/12/2024,踱步,沙田,內圈,沙田 內圈,,,,,,副練馬師,,快踱一圈,H,內圈 快踱一圈 (副練馬師)
E058,12/12/2024,游水,沙田,,沙田,,,,,,,,游水,,
E058,12/12/2024,踱步,沙田,內圈,沙田 內圈,,,,,,助手,,倒快兩圈,H,內圈 倒快兩圈 (助手)
E058,11/12/2024,游水,沙田,,沙田,,,,,,,,游水,,
E058,11/12/2024,踱步,沙田,內圈,沙田 內圈,,,,,,副練馬師,,快踱一圈,H,內圈 快踱一圈 (副練馬師)
E058,10/12/2024,游水,沙田,,沙田,,,,,,,,游水,,
E058,10/12/2024,踱步,沙田,內圈,沙田 內圈,,,,,,鍾易禮,,快踱一圈,H,內圈 快踱一圈 (鍾易禮)
E058,09/12/2024,游水,沙田,,沙田,,,,,,,,游水,,
E058,08/12/2024,出賽,沙田,草地,沙田 草地,1600M,,,,,艾道拿,3/14,出賽,TT,1600M (艾道拿) (3/14)
E058,08/12/2024,游水,沙田,,沙田,,,,,,,,游水,,
E058,08/12/2024,踱步,沙田,內圈,沙田 內圈,,,,,,副練馬師,,快踱一圈,H,內圈 快踱一圈 (副練馬師)
E058,07/12/2024,游水,沙田,,沙田,,,,,,,,游水,,
E058,07/12/2024,踱步,沙田,內圈,沙田 內圈,,,,,,鍾易禮,,快踱一圈,H,內圈 快踱一圈 (鍾易禮)
E058,06/12/2024,游水,沙田,,沙田,,,,,,,,游水,,
E058,06/12/2024,踱步,沙田,內圈,沙田 內圈,,,,,,副練馬師,,快踱一圈,H,內圈 快踱一圈 (副練馬師)
E058,05/12/2024,游水,沙田,,沙田,,,,,,,,游水,,
E058,05/12/2024,快操,沙田,全天候,沙田 全天候,,56.5,56.5,29.8 26.7,,副練馬師,,快操,H,29.8 26.7 (56.5) (副練馬師)
E058,05/12/2024,踱步,沙田,飛機場,沙田 飛機場,,,,,,副練馬師,,踱步,H,飛機場 踱步 (副練馬師)
E058,04/12/2024,游水,沙田,,沙田,,,,,,,,游水,,
E058,03/12/2024,游水,沙田,,沙田,,,,,,,,游水,,
E058,03/12/2024,踱步,沙田,內圈,沙田 內圈,,,,,,鍾易禮,,快踱一圈,H,內圈 快踱一圈 (鍾易禮)
E058,02/12/2024,游水,沙田,,沙田,,,,,,,,游水,,
E058,02/12/2024,踱步,沙田,內圈,沙田 內圈,,,,,,副練馬師,,倒快兩圈,H,內圈 倒快兩圈 (副練馬師)
E058,01/12/2024,游水,沙田,,沙田,,,,,,,,游水,,
E058,01/12/2024,快操,沙田,全天候,沙田 全天候,,57.0,57.0,29.3 27.7,,副練馬師,,快操,H,29.3 27.7 (57.0) (副練馬師)
E058,01/12/2024,踱步,沙田,飛機場,沙田 飛機場,,,,,,副練馬師,,踱步,H,飛機場 踱步 (副練馬師)
E058,30/11/2024,游水,沙田,,沙田,,,,,,,,游水,,
E058,30/11/2024,踱步,沙田,內圈,沙田 內圈,,,,,,副練馬師,,快踱一圈,H,內圈 快踱一圈 (副練馬師)
E058,29/11/2024,游水,沙田,,沙田,,,,,,,,游水,,
E058,29/11/2024,踱步,沙田,內圈,沙田 內圈,,,,,,副練馬師,,快踱一圈,H,內圈 快踱一圈 (副練馬師)
E058,28/11/2024,游水,沙田,,沙田,,,,,,,,游水,,
E058,28/11/2024,快操,沙田,全天候,沙田 全天候,,56.6,56.6,30.6 26.0,,副練馬師,,快操,H,30.6 26.0 (56.6) (副練馬師)
E058,28/11/2024,踱步,沙田,飛機場,沙田 飛機場,,,,,,副練馬師,,踱步,H,飛機場 踱步 (副練馬師)
E058,27/11/2024,游水,沙田,,沙田,,,,,,,,游水,,
E058,27/11/2024,踱步,沙田,內圈,沙田 內圈,,,,,,助手,,快踱一圈,H,內圈 快踱一圈 (助手)
E058,26/11/2024,游水,沙田,,沙田,,,,,,,,游水,,
E058,26/11/2024,踱步,沙田,內圈,沙田 內圈,,,,,,鍾易禮,,快踱一圈,H,內圈 快踱一圈 (鍾易禮)
E058,25/11/2024,游水,沙田,,沙田,,,,,,,,游水,,
E058,25/11/2024,踱步,沙田,內圈,沙田 內圈,,,,,,鍾易禮,,倒快兩圈,H,內圈 倒快兩圈 (鍾易禮)
E058,24/11/2024,游水,沙田,,沙田,,,,,,,,游水,,
E058,24/11/2024,快操,沙田,全天候,沙田 全天候,,56.2,56.2,31.3 24.9,,鍾易禮,,快操,H,31.3 24.9 (56.2) (鍾易禮)
E058,24/11/2024,踱步,沙田,飛機場,沙田 飛機場,,,,,,鍾易禮,,踱步,H,飛機場 踱步 (鍾易禮)
E058,23/11/2024,游水,沙田,,沙田,,,,,,,,游水,,
E058,22/11/2024,游水,沙田,,沙田,,,,,,,,游水,,
E058,22/11/2024,踱步,沙田,內圈,沙田 內圈,,,,,,副練馬師,,快踱一圈,H,內圈 快踱一圈 (副練馬師)
E058,21/11/2024,游水,沙田,,沙田,,,,,,,,游水,,
E058,21/11/2024,踱步,沙田,內圈,沙田 內圈,,,,,,助手,,倒快兩圈,H,內圈 倒快兩圈 (助手)
E058,20/11/2024,游水,沙田,,沙田,,,,,,,,游水,,
E058,20/11/2024,踱步,沙田,內圈,沙田 內圈,,,,,,助手,,快踱一圈,H,內圈 快踱一圈 (助手)
E058,19/11/2024,游水,沙田,,沙田,,,,,,,,游水,,
E058,19/11/2024,踱步,沙田,內圈,沙田 內圈,,,,,,鍾易禮,,快踱一圈,H,內圈 快踱一圈 (鍾易禮)
E058,18/11/2024,游水,沙田,,沙田,,,,,,,,游水,,
E058,17/11/2024,出賽,沙田,草地,沙田 草地,1600M,,,,,蔡明紹,5/9,出賽,TT,1600M (蔡明紹) (5/9)
E058,17/11/2024,游水,沙田,,沙田,,,,,,,,游水,,
E058,17/11/2024,踱步,沙田,內圈,沙田 內圈,,,,,,助手,,快踱一圈,H,內圈 快踱一圈 (助手)
E058,16/11/2024,游水,沙田,,沙田,,,,,,,,游水,,
E058,16/11/2024,踱步,沙田,內圈,沙田 內圈,,,,,,鍾易禮,,快踱一圈,H,內圈 快踱一圈 (鍾易禮)
E058,15/11/2024,游水,沙田,,沙田,,,,,,,,游水,,
E058,15/11/2024,快操,沙田,全天候,沙田 全天候,,1.01.4,61.4,32.2 29.2,,鍾易禮,,快操,H,32.2 29.2 (1.01.4) (鍾易禮)
E058,15/11/2024,踱步,沙田,飛機場,沙田 飛機場,,,,,,鍾易禮,,踱步,H,飛機場 踱步 (鍾易禮)
E058,14/11/2024,游水,沙田,,沙田,,,,,,,,游水,,
E058,13/11/2024,游水,沙田,,沙田,,,,,,,,游水,,
E058,13/11/2024,踱步,沙田,內圈,沙田 內圈,,,,,,副練馬師,,快踱一圈,H,內圈 快踱一圈 (副練馬師)
E058,12/11/2024,游水,沙田,,沙田,,,,,,,,游水,,
E058,12/11/2024,踱步,沙田,內圈,沙田 內圈,,,,,,助手,,快踱一圈,H,內圈 快踱一圈 (助手)
E058,11/11/2024,游水,沙田,,沙田,,,,,,,,游水,,
E058,11/11/2024,踱步,沙田,內圈,沙田 內圈,,,,,,副練馬師,,倒快兩圈,H,內圈 倒快兩圈 (副練馬師)
E058,10/11/2024,游水,沙田,,沙田,,,,,,,,游水,,
E058,10/11/2024,快操,沙田,全天候,沙田 全天候,,57.0,57.0,31.0 26.0,,鍾易禮,,快操,H,31.0 26.0 (57.0) (鍾易禮)
E058,10/11/2024,踱步,沙田,飛機場,沙田 飛機場,,,,,,鍾易禮,,踱步,H,飛機場 踱步 (鍾易禮)
E058,09/11/2024,游水,沙田,,沙田,,,,,,,,游水,,
E058,09/11/2024,踱步,沙田,內圈,沙田 內圈,,,,,,副練馬師,,快踱一圈,H,內圈 快踱一圈 (副練馬師)
E058,08/11/2024,游水,沙田,,沙田,,,,,,,,游水,,
E058,08/11/2024,踱步,沙田,內圈,沙田 內圈,,,,,,副練馬師,,快踱一圈,H,內圈 快踱一圈 (副練馬師)
E058,07/11/2024,游水,沙田,,沙田,,,,,,,,游水,,
E058,07/11/2024,踱步,沙田,內圈,沙田 內圈,,,,,,副練馬師,,倒快兩圈,H,內圈 倒快兩圈 (副練馬師)
E058,06/11/2024,游水,沙田,,沙田,,,,,,,,游水,,
E058,06/11/2024,踱步,沙田,內圈,沙田 內圈,,,,,,副練馬師,,快踱一圈,H,內圈 快踱一圈 (副練馬師)
E058,05/11/2024,游水,沙田,,沙田,,,,,,,,游水,,
E058,05/11/2024,踱步,沙田,內圈,沙田 內圈,,,,,,助手,,快踱一圈,H,內圈 快踱一圈 (助手)
E058,04/11/2024,游水,沙田,,沙田,,,,,,,,游水,,
E058,03/11/2024,出賽,沙田,草地,沙田 草地,1800M,,,,,布文,7/14,出賽,TT,1800M (布文) (7/14)
E058,03/11/2024,游水,沙田,,沙田,,,,,,,,游水,,
E058,03/11/2024,踱步,沙田,內圈,沙田 內圈,,,,,,副練馬師,,快踱一圈,H,內圈 快踱一圈 (副練馬師)
E058,02/11/2024,游水,沙田,,沙田,,,,,,,,游水,,
E058,02/11/2024,踱步,沙田,內圈,沙田 內圈,,,,,,鍾易禮,,快踱一圈,H,內圈 快踱一圈 (鍾易禮)
E058,01/11/2024,游水,沙田,,沙田,,,,,,,,游水,,
E058,01/11/2024,踱步,沙田,內圈,沙田 內圈,,,,,,鍾易禮,,快踱一圈,H,內圈 快踱一圈 (鍾易禮)
E058,31/10/2024,游水,沙田,,沙田,,,,,,,,游水,,
E058,31/10/2024,快操,沙田,全天候,沙田 全天候,,54.2,54.2,28.9 25.3,,鍾易禮,,快操,H,28.9 25.3 (54.2) (鍾易禮)
E058,31/10/2024,踱步,沙田,飛機場,沙田 飛機場,,,,,,鍾易禮,,踱步,H,飛機場 踱步 (鍾易禮)
E058,30/10/2024,游水,沙田,,沙田,,,,,,,,游水,,
E058,30/10/2024,踱步,沙田,內圈,沙田 內圈,,,,,,助手,,快踱一圈,H,內圈 快踱一圈 (助手)
E058,29/10/2024,游水,沙田,,沙田,,,,,,,,游水,,
E058,29/10/2024,踱步,沙田,內圈,沙田 內圈,,,,,,助手,,快踱一圈,H,內圈 快踱一圈 (助手)
E058,28/10/2024,游水,沙田,,沙田,,,,,,,,游水,,
E058,28/10/2024,踱步,沙田,內圈,沙田 內圈,,,,,,鍾易禮,,倒快兩圈,H,內圈 倒快兩圈 (鍾易禮)
E058,27/10/2024,游水,沙田,,沙田,,,,,,,,游水,,
E058,27/10/2024,快操,沙田,全天候,沙田 全天候,,56.2,56.2,30.6 25.6,,鍾易禮,,快操,H,30.6 25.6 (56.2) (鍾易禮)
E058,27/10/2024,踱步,沙田,飛機場,沙田 飛機場,,,,,,鍾易禮,,踱步,H,飛機場 踱步 (鍾易禮)
E058,26/10/2024,游水,沙田,,沙田,,,,,,,,游水,,
E058,26/10/2024,踱步,沙田,內圈,沙田 內圈,,,,,,助手,,快踱一圈,H,內圈 快踱一圈 (助手)
E058,25/10/2024,游水,沙田,,沙田,,,,,,,,游水,,
E058,25/10/2024,踱步,沙田,內圈,沙田 內圈,,,,,,助手,,快踱一圈,H,內圈 快踱一圈 (助手)
E058,24/10/2024,游水,沙田,,沙田,,,,,,,,游水,,
E058,24/10/2024,踱步,沙田,內圈,沙田 內圈,,,,,,鍾易禮,,倒快兩圈,H,內圈 倒快兩圈 (鍾易禮)
E058,23/10/2024,游水,沙田,,沙田,,,,,,,,游水,,
E058,23/10/2024,快操,沙田,全天候,沙田 全天候,,55.2,55.2,29.2 26.0,,鍾易禮,,快操,H,29.2 26.0 (55.2) (鍾易禮)
E058,23/10/2024,踱步,沙田,飛機場,沙田 飛機場,,,,,,鍾易禮,,踱步,H,飛機場 踱步 (鍾易禮)
E058,22/10/2024,游水,沙田,,沙田,,,,,,,,游水,,
E058,22/10/2024,踱步,沙田,內圈,沙田 內圈,,,,,,助手,,快踱一圈,H,內圈 快踱一圈 (助手)
E058,21/10/2024,游水,沙田,,沙田,,,,,,,,游水,,
E058,21/10/2024,踱步,沙田,內圈,沙田 內圈,,,,,,鍾易禮,,倒快兩圈,H,內圈 倒快兩圈 (鍾易禮)
E058,20/10/2024,游水,沙田,,沙田,,,,,,,,游水,,
E058,20/10/2024,踱步,沙田,內圈,沙田 內圈,,,,,,助手,,快踱一圈,H,內圈 快踱一圈 (助手)
E058,19/10/2024,游水,沙田,,沙田,,,,,,,,游水,,
E058,19/10/2024,踱步,沙田,內圈,沙田 內圈,,,,,,助手,,快踱一圈,H,內圈 快踱一圈 (助手)
E058,18/10/2024,游水,沙田,,沙田,,,,,,,,游水,,
E058,18/10/2024,踱步,沙田,內圈,沙田 內圈,,,,,,鍾易禮,,快踱一圈,H,內圈 快踱一圈 (鍾易禮)
E058,17/10/2024,游水,沙田,,沙田,,,,,,,,游水,,
E058,17/10/2024,踱步,沙田,內圈,沙田 內圈,,,,,,助手,,倒快兩圈,H,內圈 倒快兩圈 (助手)
E058,16/10/2024,游水,沙田,,沙田,,,,,,,,游水,,
E058,15/10/2024,踱步,沙田,內圈,沙田 內圈,,,,,,助手,,快踱一圈,H,內圈 快踱一圈 (助手)
E058,13/10/2024,出賽,沙田,草地,沙田 草地,1600M,,,,,蔡明紹,5/9,出賽,TT,1600M (蔡明紹) (5/9)
E058,13/10/2024,游水,沙田,,沙田,,,,,,,,游水,,
E058,13/10/2024,踱步,沙田,內圈,沙田 內圈,,,,,,鍾易禮,,快踱一圈,H,內圈 快踱一圈 (鍾易禮)
E058,12/10/2024,游水,沙田,,沙田,,,,,,,,游水,,
E058,12/10/2024,踱步,沙田,內圈,沙田 內圈,,,,,,鍾易禮,,快踱一圈,H,內圈 快踱一圈 (鍾易禮)
E058,11/10/2024,游水,沙田,,沙田,,,,,,,,游水,,
E058,11/10/2024,踱步,沙田,內圈,沙田 內圈,,,,,,鍾易禮,,快踱一圈,H,內圈 快踱一圈 (鍾易禮)
E058,10/10/2024,游水,沙田,,沙田,,,,,,,,游水,,
E058,10/10/2024,快操,沙田,全天候,沙田 全天候,,55.8,55.8,29.3 26.5,,助手,,快操,H,29.3 26.5 (55.8) (助手)
E058,10/10/2024,踱步,沙田,飛機場,沙田 飛機場,,,,,,助手,,踱步,H,飛機場 踱步 (助手)
E058,09/10/2024,游水,沙田,,沙田,,,,,,,,游水,,
E058,09/10/2024,踱步,沙田,內圈,沙田 內圈,,,,,,鍾易禮,,快踱一圈,H,內圈 快踱一圈 (鍾易禮)
E058,08/10/2024,游水,沙田,,沙田,,,,,,,,游水,,
E058,08/10/2024,踱步,沙田,內圈,沙田 內圈,,,,,,鍾易禮,,快踱一圈,H,內圈 快踱一圈 (鍾易禮)
E058,07/10/2024,游水,沙田,,沙田,,,,,,,,游水,,
E058,07/10/2024,踱步,沙田,內圈,沙田 內圈,,,,,,鍾易禮,,倒快兩圈,H,內圈 倒快兩圈 (鍾易禮)
E058,06/10/2024,游水,沙田,,沙田,,,,,,,,游水,,
E058,06/10/2024,踱步,沙田,內圈,沙田 內圈,,,,,,鍾易禮,,快踱一圈,H,內圈 快踱一圈 (鍾易禮)
E058,05/10/2024,游水,沙田,,沙田,,,,,,,,游水,,
E058,05/10/2024,踱步,沙田,內圈,沙田 內圈,,,,,,助手,,快踱一圈,H,內圈 快踱一圈 (助手)
E058,04/10/2024,游水,沙田,,沙田,,,,,,,,游水,,
E058,04/10/2024,踱步,沙田,內圈,沙田 內圈,,,,,,助手,,快踱一圈,H,內圈 快踱一圈 (助手)
E058,03/10/2024,游水,沙田,,沙田,,,,,,,,游水,,
E058,03/10/2024,快操,沙田,草閘,沙田 草閘,,49.0,49.0,24.1 24.9,,助手,,風火猴王,,24.1 24.9 (49.0) (助手) 風火猴王
E058,03/10/2024,踱步,沙田,飛機場,沙田 飛機場,,,,,,助手,,踱步,,飛機場 踱步 (助手)
E058,02/10/2024,游水,沙田,,沙田,,,,,,,,游水,,
E058,02/10/2024,踱步,沙田,內圈,沙田 內圈,,,,,,鍾易禮,,快踱一圈,H,內圈 快踱一圈 (鍾易禮)
E058,01/10/2024,游水,沙田,,沙田,,,,,,,,游水,,
E058,01/10/2024,踱步,沙田,內圈,沙田 內圈,,,,,,助手,,快踱一圈,H,內圈 快踱一圈 (助手)
E058,30/09/2024,游水,沙田,,沙田,,,,,,,,游水,,
E058,30/09/2024,踱步,沙田,內圈,沙田 內圈,,,,,,鍾易禮,,倒快兩圈,H,內圈 倒快兩圈 (鍾易禮)
E058,29/09/2024,游水,沙田,,沙田,,,,,,,,游水,,
E058,29/09/2024,踱步,沙田,內圈,沙田 內圈,,,,,,鍾易禮,,快踱一圈,H,內圈 快踱一圈 (鍾易禮)
E058,28/09/2024,游水,沙田,,沙田,,,,,,,,游水,,
E058,28/09/2024,快操,沙田,全天候,沙田 全天候,,56.2,56.2,29.9 26.3,,鍾易禮,,快操,H,29.9 26.3 (56.2) (鍾易禮)
E058,28/09/2024,踱步,沙田,飛機場,沙田 飛機場,,,,,,鍾易禮,,踱步,H,飛機場 踱步 (鍾易禮)
E058,27/09/2024,游水,沙田,,沙田,,,,,,,,游水,,
E058,27/09/2024,踱步,沙田,內圈,沙田 內圈,,,,,,鍾易禮,,快踱一圈,H,內圈 快踱一圈 (鍾易禮)
E058,26/09/2024,游水,沙田,,沙田,,,,,,,,游水,,
E058,26/09/2024,踱步,沙田,內圈,沙田 內圈,,,,,,副練馬師,,倒快兩圈,H,內圈 倒快兩圈 (副練馬師)
E058,25/09/2024,游水,沙田,,沙田,,,,,,,,游水,,
E058,25/09/2024,踱步,沙田,內圈,沙田 內圈,,,,,,鍾易禮,,快踱一圈,H,內圈 快踱一圈 (鍾易禮)
E058,24/09/2024,游水,沙田,,沙田,,,,,,,,游水,,
E058,24/09/2024,快操,沙田,全天候,沙田 全天候,,56.5,56.5,29.7 26.8,,助手,,快操,H,29.7 26.8 (56.5) (助手)
E058,24/09/2024,踱步,沙田,飛機場,沙田 飛機場,,,,,,助手,,踱步,H,飛機場 踱步 (助手)
E058,23/09/2024,游水,沙田,,沙田,,,,,,,,游水,,
E058,23/09/2024,踱步,沙田,內圈,沙田 內圈,,,,,,鍾易禮,,倒快兩圈,H,內圈 倒快兩圈 (鍾易禮)
E058,22/09/2024,游水,沙田,,沙田,,,,,,,,游水,,
E058,22/09/2024,踱步,沙田,內圈,沙田 內圈,,,,,,副練馬師,,快踱一圈,H,內圈 快踱一圈 (副練馬師)
E058,21/09/2024,游水,沙田,,沙田,,,,,,,,游水,,
E058,21/09/2024,踱步,沙田,內圈,沙田 內圈,,,,,,副練馬師,,快踱一圈,H,內圈 快踱一圈 (副練馬師)
E058,20/09/2024,游水,沙田,,沙田,,,,,,,,游水,,
E058,20/09/2024,踱步,沙田,內圈,沙田 內圈,,,,,,副練馬師,,快踱一圈,,內圈 快踱一圈 (副練馬師)
E058,19/09/2024,游水,沙田,,沙田,,,,,,,,游水,,
E058,19/09/2024,踱步,沙田,內圈,沙田 內圈,,,,,,副練馬師,,倒快兩圈,H,內圈 倒快兩圈 (副練馬師)
E058,18/09/2024,游水,沙田,,沙田,,,,,,,,游水,,
E058,18/09/2024,踱步,沙田,內圈,沙田 內圈,,,,,,鍾易禮,,快踱一圈,H,內圈 快踱一圈 (鍾易禮)
E058,17/09/2024,試閘,沙田,全天候,沙田 全天候,1200M,1.10.46,70.46,24.2 23.1 23.1,遨遊武士,艾道拿,,第9組,,第9組 (艾道拿) 1200M 遨遊武士 24.2 23.1 23.1 (1.10.46)
E058,17/09/2024,游水,沙田,,沙田,,,,,,,,游水,,
E058,16/09/2024,游水,沙田,,沙田,,,,,,,,游水,,
E058,16/09/2024,踱步,沙田,內圈,沙田 內圈,,,,,,副練馬師,,倒快兩圈,H,內圈 倒快兩圈 (副練馬師)
E058,15/09/2024,游水,沙田,,沙田,,,,,,,,游水,,
E058,15/09/2024,踱步,沙田,內圈,沙田 內圈,,,,,,副練馬師,,快踱一圈,H,內圈 快踱一圈 (副練馬師)
E058,14/09/2024,游水,沙田,,沙田,,,,,,,,游水,,
E058,14/09/2024,快操,沙田,全天候,沙田 全天候,,55.4,55.4,29.9 25.5,,鍾易禮,,快操,H,29.9 25.5 (55.4) (鍾易禮)
E058,14/09/2024,踱步,沙田,飛機場,沙田 飛機場,,,,,,鍾易禮,,踱步,H,飛機場 踱步 (鍾易禮)
E058,13/09/2024,游水,沙田,,沙田,,,,,,,,游水,,
E058,13/09/2024,踱步,沙田,內圈,沙田 內圈,,,,,,副練馬師,,快踱一圈,H,內圈 快踱一圈 (副練馬師)
E058,12/09/2024,游水,沙田,,沙田,,,,,,,,游水,,
E058,12/09/2024,踱步,沙田,內圈,沙田 內圈,,,,,,副練馬師,,倒快兩圈,H,內圈 倒快兩圈 (副練馬師)
E058,11/09/2024,游水,沙田,,沙田,,,,,,,,游水,,
E058,11/09/2024,快操,沙田,全天候,沙田 全天候,,56.6,56.6,30.9 25.7,,鍾易禮,,快操,H,30.9 25.7 (56.6) (鍾易禮)
E058,11/09/2024,踱步,沙田,飛機場,沙田 飛機場,,,,,,鍾易禮,,踱步,H,飛機場 踱步 (鍾易禮)
E058,10/09/2024,游水,沙田,,沙田,,,,,,,,游水,,
E058,10/09/2024,踱步,沙田,內圈,沙田 內圈,,,,,,助手,,快踱一圈,H,內圈 快踱一圈 (助手)
E058,09/09/2024,游水,沙田,,沙田,,,,,,,,游水,,
E058,09/09/2024,踱步,沙田,內圈,沙田 內圈,,,,,,副練馬師,,倒快兩圈,H,內圈 倒快兩圈 (副練馬師)
E058,08/09/2024,游水,沙田,,沙田,,,,,,,,游水,,
E058,08/09/2024,踱步,沙田,內圈,沙田 內圈,,,,,,副練馬師,,快踱一圈,H,內圈 快踱一圈 (副練馬師)
E058,07/09/2024,游水,沙田,,沙田,,,,,,,,游水,,
E058,07/09/2024,快操,沙田,全天候,沙田 全天候,,57.5,57.5,30.4 27.1,,鍾易禮,,快操,H,30.4 27.1 (57.5) (鍾易禮)
E058,07/09/2024,踱步,沙田,飛機場,沙田 飛機場,,,,,,鍾易禮,,踱步,H,飛機場 踱步 (鍾易禮)
E058,06/09/2024,游水,沙田,,沙田,,,,,,,,游水,,
E058,05/09/2024,游水,沙田,,沙田,,,,,,,,游水,,
E058,05/09/2024,踱步,沙田,內圈,沙田 內圈,,,,,,副練馬師,,倒快兩圈,H,內圈 倒快兩圈 (副練馬師)
E058,04/09/2024,游水,沙田,,沙田,,,,,,,,游水,,
E058,04/09/2024,快操,沙田,全天候,沙田 全天候,,57.0,57.0,29.8 27.2,,鍾易禮,,快操,H,29.8 27.2 (57.0) (鍾易禮)
E058,04/09/2024,踱步,沙田,飛機場,沙田 飛機場,,,,,,鍾易禮,,踱步,H,飛機場 踱步 (鍾易禮)
E058,03/09/2024,游水,沙田,,沙田,,,,,,,,游水,,
E058,03/09/2024,踱步,沙田,內圈,沙田 內圈,,,,,,副練馬師,,快踱一圈,H,內圈 快踱一圈 (副練馬師)
E058,02/09/2024,游水,沙田,,沙田,,,,,,,,游水,,
E058,02/09/2024,踱步,沙田,內圈,沙田 內圈,,,,,,副練馬師,,倒快兩圈,H,內圈 倒快兩圈 (副練馬師)
E058,01/09/2024,游水,沙田,,沙田,,,,,,,,游水,,
E058,01/09/2024,踱步,沙田,內圈,沙田 內圈,,,,,,副練馬師,,快踱一圈,H,內圈 快踱一圈 (副練馬師)
E058,31/08/2024,游水,沙田,,沙田,,,,,,,,游水,,
E058,31/08/2024,踱步,沙田,內圈,沙田 內圈,,,,,,副練馬師,,快踱一圈,H,內圈 快踱一圈 (副練馬師)
E058,30/08/2024,游水,沙田,,沙田,,,,,,,,游水,,
E058,30/08/2024,踱步,沙田,內圈,沙田 內圈,,,,,,副練馬師,,快踱一圈,H,內圈 快踱一圈 (副練馬師)
E058,29/08/2024,游水,沙田,,沙田,,,,,,,,游水,,
E058,29/08/2024,踱步,沙田,內圈,沙田 內圈,,,,,,副練馬師,,倒快兩圈,H,內圈 倒快兩圈 (副練馬師)
E058,28/08/2024,游水,沙田,,沙田,,,,,,,,游水,,
E058,28/08/2024,踱步,沙田,內圈,沙田 內圈,,,,,,鍾易禮,,快踱一圈,H,內圈 快踱一圈 (鍾易禮)
E058,27/08/2024,游水,沙田,,沙田,,,,,,,,游水,,
E058,27/08/2024,踱步,沙田,內圈,沙田 內圈,,,,,,鍾易禮,,快踱一圈,H,內圈 快踱一圈 (鍾易禮)
E058,26/08/2024,游水,沙田,,沙田,,,,,,,,游水,,
E058,26/08/2024,踱步,沙田,內圈,沙田 內圈,,,,,,副練馬師,,倒快兩圈,H,內圈 倒快兩圈 (副練馬師)
E058,25/08/2024,游水,沙田,,沙田,,,,,,,,游水,,
E058,25/08/2024,踱步,沙田,內圈,沙田 內圈,,,,,,副練馬師,,快踱一圈,H,內圈 快踱一圈 (副練馬師)
E058,24/08/2024,游水,沙田,,沙田,,,,,,,,游水,,
E058,24/08/2024,踱步,沙田,內圈,沙田 內圈,,,,,,鍾易禮,,快踱一圈,H,內圈 快踱一圈 (鍾易禮)
E058,23/08/2024,游水,沙田,,沙田,,,,,,,,游水,,
E058,23/08/2024,踱步,沙田,內圈,沙田 內圈,,,,,,鍾易禮,,快踱一圈,H,內圈 快踱一圈 (鍾易禮)
E058,22/08/2024,游水,沙田,,沙田,,,,,,,,游水,,
E058,22/08/2024,踱步,沙田,內圈,沙田 內圈,,,,,,鍾易禮,,倒快兩圈,H,內圈 倒快兩圈 (鍾易禮)
E058,21/08/2024,游水,沙田,,沙田,,,,,,,,游水,,
E058,21/08/2024,踱步,沙田,內圈,沙田 內圈,,,,,,鍾易禮,,快踱一圈,H,內圈 快踱一圈 (鍾易禮)
E058,20/08/2024,游水,沙田,,沙田,,,,,,,,游水,,
E058,20/08/2024,踱步,沙田,內圈,沙田 內圈,,,,,,鍾易禮,,快踱一圈,H,內圈 快踱一圈 (鍾易禮)
E058,19/08/2024,游水,沙田,,沙田,,,,,,,,游水,,
E058,19/08/2024,踱步,沙田,內圈,沙田 內圈,,,,,,鍾易禮,,倒快兩圈,H,內圈 倒快兩圈 (鍾易禮)
E058,18/08/2024,游水,沙田,,沙田,,,,,,,,游水,,
E058,18/08/2024,踱步,沙田,內圈,沙田 內圈,,,,,,助手,,快踱一圈,H,內圈 快踱一圈 (助手)
E058,17/08/2024,游水,沙田,,沙田,,,,,,,,游水,,
E058,17/08/2024,踱步,沙田,內圈,沙田 內圈,,,,,,助手,,快踱一圈,H,內圈 快踱一圈 (助手)
E058,16/08/2024,游水,沙田,,沙田,,,,,,,,游水,,
E058,16/08/2024,踱步,沙田,內圈,沙田 內圈,,,,,,助手,,快踱一圈,H,內圈 快踱一圈 (助手)
E058,15/08/2024,游水,沙田,,沙田,,,,,,,,游水,,
E058,15/08/2024,踱步,沙田,內圈,沙田 內圈,,,,,,副練馬師,,倒快兩圈,H,內圈 倒快兩圈 (副練馬師)
E058,14/08/2024,游水,沙田,,沙田,,,,,,,,游水,,
E058,14/08/2024,踱步,沙田,內圈,沙田 內圈,,,,,,助手,,快踱一圈,H,內圈 快踱一圈 (助手)
E058,13/08/2024,游水,沙田,,沙田,,,,,,,,游水,,
E058,13/08/2024,踱步,沙田,內圈,沙田 內圈,,,,,,助手,,快踱一圈,H,內圈 快踱一圈 (助手)
E058,12/08/2024,游水,沙田,,沙田,,,,,,,,游水,,
E058,12/08/2024,踱步,沙田,內圈,沙田 內圈,,,,,,助手,,倒快兩圈,H,內圈 倒快兩圈 (助手)
E058,11/08/2024,游水,沙田,,沙田,,,,,,,,游水,,
E058,11/08/2024,踱步,沙田,內圈,沙田 內圈,,,,,,助手,,快踱一圈,H,內圈 快踱一圈 (助手)
E058,10/08/2024,游水,沙田,,沙田,,,,,,,,游水,,
E058,10/08/2024,踱步,沙田,內圈,沙田 內圈,,,,,,助手,,快踱一圈,H,內圈 快踱一圈 (助手)
E058,09/08/2024,游水,沙田,,沙田,,,,,,,,游水,,
E058,09/08/2024,踱步,沙田,內圈,沙田 內圈,,,,,,助手,,快踱一圈,H,內圈 快踱一圈 (助手)
E058,08/08/2024,游水,沙田,,沙田,,,,,,,,游水,,
E058,08/08/2024,踱步,沙田,內圈,沙田 內圈,,,,,,助手,,倒快兩圈,H,內圈 倒快兩圈 (助手)
E058,07/08/2024,游水,沙田,,沙田,,,,,,,,游水,,
E058,07/08/2024,踱步,沙田,內圈,沙田 內圈,,,,,,助手,,快踱一圈,H,內圈 快踱一圈 (助手)
E058,06/08/2024,游水,沙田,,沙田,,,,,,,,游水,,
E058,06/08/2024,踱步,沙田,內圈,沙田 內圈,,,,,,助手,,快踱一圈,H,內圈 快踱一圈 (助手)
E058,05/08/2024,游水,沙田,,沙田,,,,,,,,游水,,
E058,05/08/2024,踱步,沙田,內圈,沙田 內圈,,,,,,助手,,倒快兩圈,H,內圈 倒快兩圈 (助手)
E058,04/08/2024,游水,沙田,,沙田,,,,,,,,游水,,
E058,04/08/2024,踱步,沙田,內圈,沙田 內圈,,,,,,助手,,快踱一圈,H,內圈 快踱一圈 (助手)
E058,03/08/2024,游水,沙田,,沙田,,,,,,,,游水,,
E058,03/08/2024,踱步,沙田,內圈,沙田 內圈,,,,,,助手,,快踱一圈,H,內圈 快踱一圈 (助手)
E058,02/08/2024,游水,沙田,,沙田,,,,,,,,游水,,
E058,02/08/2024,踱步,沙田,內圈,沙田 內圈,,,,,,助手,,快踱一圈,H,內圈 快踱一圈 (助手)
E058,01/08/2024,踱步,沙田,內圈,沙田 內圈,,,,,,助手,,快踱一圈,H,內圈 快踱一圈 (助手)
E058,08/07/2024,游水,沙田,,沙田,,,,,,,,游水,,
E058,07/07/2024,游水,沙田,,沙田,,,,,,,,游水,,
E058,06/07/2024,游水,沙田,,沙田,,,,,,,,游水,,
E058,05/07/2024,游水,沙田,,沙田,,,,,,,,游水,,
E058,04/07/2024,游水,沙田,,沙田,,,,,,,,游水,,
E058,03/07/2024,游水,沙田,,沙田,,,,,,,,游水,,
E058,02/07/2024,游水,沙田,,沙田,,,,,,,,游水,,
E058,01/07/2024,游水,沙田,,沙田,,,,,,,,游水,,
E058,30/06/2024,游水,沙田,,沙田,,,,,,,,游水,,
E058,29/06/2024,游水,沙田,,沙田,,,,,,,,游水,,
E058,28/06/2024,游水,沙田,,沙田,,,,,,,,游水,,
E058,27/06/2024,游水,沙田,,沙田,,,,,,,,游水,,
E058,26/06/2024,游水,沙田,,沙田,,,,,,,,游水,,
E058,25/06/2024,游水,沙田,,沙田,,,,,,,,游水,,
E058,23/06/2024,出賽,沙田,草地,沙田 草地,1800M,,,,,布文,2/11,出賽,TT,1800M (布文) (2/11)
E058,23/06/2024,游水,沙田,,沙田,,,,,,,,游水,,
E058,23/06/2024,踱步,沙田,內圈,沙田 內圈,,,,,,副練馬師,,快踱一圈,H,內圈 快踱一圈 (副練馬師)
E058,22/06/2024,游水,沙田,,沙田,,,,,,,,游水,,
E058,22/06/2024,踱步,沙田,內圈,沙田 內圈,,,,,,鍾易禮,,快踱一圈,H,內圈 快踱一圈 (鍾易禮)
E058,21/06/2024,游水,沙田,,沙田,,,,,,,,游水,,
E058,21/06/2024,踱步,沙田,內圈,沙田 內圈,,,,,,鍾易禮,,快踱一圈,H,內圈 快踱一圈 (鍾易禮)
E058,20/06/2024,游水,沙田,,沙田,,,,,,,,游水,,
E058,20/06/2024,快操,沙田,全天候,沙田 全天候,,56.9,56.9,30.2 26.7,,鍾易禮,,快操,H,30.2 26.7 (56.9) (鍾易禮)
E058,20/06/2024,踱步,沙田,飛機場,沙田 飛機場,,,,,,鍾易禮,,踱步,H,飛機場 踱步 (鍾易禮)
E058,19/06/2024,游水,沙田,,沙田,,,,,,,,游水,,
E058,19/06/2024,踱步,沙田,內圈,沙田 內圈,,,,,,鍾易禮,,快踱一圈,H,內圈 快踱一圈 (鍾易禮)
E058,18/06/2024,游水,沙田,,沙田,,,,,,,,游水,,
E058,18/06/2024,踱步,沙田,內圈,沙田 內圈,,,,,,鍾易禮,,快踱一圈,H,內圈 快踱一圈 (鍾易禮)
E058,17/06/2024,游水,沙田,,沙田,,,,,,,,游水,,
E058,17/06/2024,踱步,沙田,內圈,沙田 內圈,,,,,,鍾易禮,,倒快兩圈,H,內圈 倒快兩圈 (鍾易禮)
E058,16/06/2024,游水,沙田,,沙田,,,,,,,,游水,,
E058,16/06/2024,快操,沙田,全天候,沙田 全天候,,57.3,57.3,30.4 26.9,,副練馬師,,快操,H,30.4 26.9 (57.3) (副練馬師)
E058,16/06/2024,踱步,沙田,飛機場,沙田 飛機場,,,,,,副練馬師,,踱步,H,飛機場 踱步 (副練馬師)
E058,15/06/2024,游水,沙田,,沙田,,,,,,,,游水,,
E058,15/06/2024,踱步,沙田,內圈,沙田 內圈,,,,,,鍾易禮,,快踱一圈,H,內圈 快踱一圈 (鍾易禮)
E058,14/06/2024,游水,沙田,,沙田,,,,,,,,游水,,
E058,14/06/2024,踱步,沙田,內圈,沙田 內圈,,,,,,副練馬師,,快踱一圈,H,內圈 快踱一圈 (副練馬師)
E058,13/06/2024,游水,沙田,,沙田,,,,,,,,游水,,
E058,13/06/2024,快操,沙田,全天候,沙田 全天候,,56.3,56.3,29.6 26.7,,副練馬師,,快操,H,29.6 26.7 (56.3) (副練馬師)
E058,13/06/2024,踱步,沙田,飛機場,沙田 飛機場,,,,,,副練馬師,,踱步,H,飛機場 踱步 (副練馬師)
E058,12/06/2024,游水,沙田,,沙田,,,,,,,,游水,,
E058,12/06/2024,踱步,沙田,內圈,沙田 內圈,,,,,,鍾易禮,,快踱一圈,H,內圈 快踱一圈 (鍾易禮)
E058,11/06/2024,游水,沙田,,沙田,,,,,,,,游水,,
E058,11/06/2024,踱步,沙田,內圈,沙田 內圈,,,,,,鍾易禮,,快踱一圈,H,內圈 快踱一圈 (鍾易禮)
E058,10/06/2024,游水,沙田,,沙田,,,,,,,,游水,,
E058,10/06/2024,踱步,沙田,內圈,沙田 內圈,,,,,,鍾易禮,,倒快兩圈,H,內圈 倒快兩圈 (鍾易禮)
E058,09/06/2024,游水,沙田,,沙田,,,,,,,,游水,,
E058,09/06/2024,踱步,沙田,內圈,沙田 內圈,,,,,,副練馬師,,快踱一圈,H,內圈 快踱一圈 (副練馬師)
E058,08/06/2024,游水,沙田,,沙田,,,,,,,,游水,,
E058,08/06/2024,踱步,沙田,內圈,沙田 內圈,,,,,,副練馬師,,快踱一圈,H,內圈 快踱一圈 (副練馬師)
E058,07/06/2024,游水,沙田,,沙田,,,,,,,,游水,,
E058,07/06/2024,踱步,沙田,內圈,沙田 內圈,,,,,,鍾易禮,,快踱一圈,H,內圈 快踱一圈 (鍾易禮)
E058,06/06/2024,游水,沙田,,沙田,,,,,,,,游水,,
E058,06/06/2024,踱步,沙田,內圈,沙田 內圈,,,,,,副練馬師,,倒快兩圈,H,內圈 倒快兩圈 (副練馬師)
E058,05/06/2024,游水,沙田,,沙田,,,,,,,,游水,,
E058,05/06/2024,踱步,沙田,內圈,沙田 內圈,,,,,,副練馬師,,快踱一圈,H,內圈 快踱一圈 (副練馬師)
E058,04/06/2024,游水,沙田,,沙田,,,,,,,,游水,,
E058,04/06/2024,踱步,沙田,內圈,沙田 內圈,,,,,,鍾易禮,,快踱一圈,H,內圈 快踱一圈 (鍾易禮)
E058,03/06/2024,游水,沙田,,沙田,,,,,,,,游水,,
E058,02/06/2024,出賽,沙田,草地,沙田 草地,1600M,,,,,艾道拿,3/7,出賽,TT,1600M (艾道拿) (3/7)
E058,02/06/2024,游水,沙田,,沙田,,,,,,,,游水,,
E058,02/06/2024,踱步,沙田,內圈,沙田 內圈,,,,,,副練馬師,,快踱一圈,H,內圈 快踱一圈 (副練馬師)
E058,01/06/2024,游水,沙田,,沙田,,,,,,,,游水,,
E058,01/06/2024,踱步,沙田,內圈,沙田 內圈,,,,,,副練馬師,,快踱一圈,H,內圈 快踱一圈 (副練馬師)
E058,31/05/2024,游水,沙田,,沙田,,,,,,,,游水,,
E058,31/05/2024,踱步,沙田,內圈,沙田 內圈,,,,,,鍾易禮,,快踱一圈,H,內圈 快踱一圈 (鍾易禮)
E058,30/05/2024,游水,沙田,,沙田,,,,,,,,游水,,
E058,30/05/2024,快操,沙田,全天候,沙田 全天候,,56.7,56.7,30.3 26.4,,鍾易禮,,快操,H,30.3 26.4 (56.7) (鍾易禮)
E058,30/05/2024,踱步,沙田,飛機場,沙田 飛機場,,,,,,鍾易禮,,踱步,H,飛機場 踱步 (鍾易禮)
E058,29/05/2024,游水,沙田,,沙田,,,,,,,,游水,,
E058,29/05/2024,踱步,沙田,內圈,沙田 內圈,,,,,,鍾易禮,,快踱一圈,H,內圈 快踱一圈 (鍾易禮)
E058,28/05/2024,游水,沙田,,沙田,,,,,,,,游水,,
E058,28/05/2024,踱步,沙田,內圈,沙田 內圈,,,,,,鍾易禮,,快踱一圈,H,內圈 快踱一圈 (鍾易禮)
E058,27/05/2024,游水,沙田,,沙田,,,,,,,,游水,,
E058,27/05/2024,踱步,沙田,內圈,沙田 內圈,,,,,,鍾易禮,,倒快兩圈,H,內圈 倒快兩圈 (鍾易禮)
E058,26/05/2024,游水,沙田,,沙田,,,,,,,,游水,,
E058,26/05/2024,踱步,沙田,內圈,沙田 內圈,,,,,,鍾易禮,,快踱一圈,H,內圈 快踱一圈 (鍾易禮)
E058,25/05/2024,游水,沙田,,沙田,,,,,,,,游水,,
E058,25/05/2024,踱步,沙田,內圈,沙田 內圈,,,,,,鍾易禮,,快踱一圈,H,內圈 快踱一圈 (鍾易禮)
E058,24/05/2024,游水,沙田,,沙田,,,,,,,,游水,,
E058,24/05/2024,踱步,沙田,內圈,沙田 內圈,,,,,,副練馬師,,快踱一圈,H,內圈 快踱一圈 (副練馬師)
E058,23/05/2024,游水,沙田,,沙田,,,,,,,,游水,,
E058,23/05/2024,踱步,沙田,內圈,沙田 內圈,,,,,,鍾易禮,,倒快兩圈,H,內圈 倒快兩圈 (鍾易禮)
E058,22/05/2024,游水,沙田,,沙田,,,,,,,,游水,,
E058,22/05/2024,踱步,沙田,內圈,沙田 內圈,,,,,,鍾易禮,,快踱一圈,H,內圈 快踱一圈 (鍾易禮)
E058,21/05/2024,試閘,沙田,全天候,沙田 全天候,1200M,1.11.78,71.78,25.0 23.1 23.6,美神來,艾道拿,,第2組,,第2組 (艾道拿) 1200M 美神來 25.0 23.1 23.6 (1.11.78)
E058,21/05/2024,游水,沙田,,沙田,,,,,,,,游水,,
E058,20/05/2024,游水,沙田,,沙田,,,,,,,,游水,,
E058,20/05/2024,踱步,沙田,內圈,沙田 內圈,,,,,,鍾易禮,,倒快兩圈,H,內圈 倒快兩圈 (鍾易禮)
E058,19/05/2024,游水,沙田,,沙田,,,,,,,,游水,,
E058,19/05/2024,踱步,沙田,內圈,沙田 內圈,,,,,,鍾易禮,,快踱一圈,H,內圈 快踱一圈 (鍾易禮)
E058,18/05/2024,游水,沙田,,沙田,,,,,,,,游水,,
E058,18/05/2024,快操,沙田,全天候,沙田 全天候,,57.2,57.2,29.8 27.4,,鍾易禮,,快操,H,29.8 27.4 (57.2) (鍾易禮)
E058,18/05/2024,踱步,沙田,飛機場,沙田 飛機場,,,,,,鍾易禮,,踱步,H,飛機場 踱步 (鍾易禮)
E058,17/05/2024,游水,沙田,,沙田,,,,,,,,游水,,
E058,17/05/2024,踱步,沙田,內圈,沙田 內圈,,,,,,副練馬師,,快踱一圈,H,內圈 快踱一圈 (副練馬師)
E058,16/05/2024,游水,沙田,,沙田,,,,,,,,游水,,
E058,16/05/2024,踱步,沙田,內圈,沙田 內圈,,,,,,鍾易禮,,倒快兩圈,H,內圈 倒快兩圈 (鍾易禮)
E058,15/05/2024,游水,沙田,,沙田,,,,,,,,游水,,
E058,15/05/2024,快操,沙田,全天候,沙田 全天候,,56.5,56.5,30.8 25.7,,鍾易禮,,快操,H,30.8 25.7 (56.5) (鍾易禮)
E058,15/05/2024,踱步,沙田,飛機場,沙田 飛機場,,,,,,鍾易禮,,踱步,H,飛機場 踱步 (鍾易禮)
E058,14/05/2024,游水,沙田,,沙田,,,,,,,,游水,,
E058,14/05/2024,踱步,沙田,內圈,沙田 內圈,,,,,,鍾易禮,,快踱一圈,H,內圈 快踱一圈 (鍾易禮)
E058,13/05/2024,游水,沙田,,沙田,,,,,,,,游水,,
E058,13/05/2024,踱步,沙田,內圈,沙田 內圈,,,,,,鍾易禮,,倒快兩圈,H,內圈 倒快兩圈 (鍾易禮)
E058,12/05/2024,游水,沙田,,沙田,,,,,,,,游水,,
E058,12/05/2024,踱步,沙田,內圈,沙田 內圈,,,,,,鍾易禮,,快踱一圈,H,內圈 快踱一圈 (鍾易禮)
E058,11/05/2024,游水,沙田,,沙田,,,,,,,,游水,,
E058,11/05/2024,快操,沙田,全天候,沙田 全天候,,56.3,56.3,30.3 26.0,,鍾易禮,,快操,H,30.3 26.0 (56.3) (鍾易禮)
E058,11/05/2024,踱步,沙田,飛機場,沙田 飛機場,,,,,,鍾易禮,,踱步,H,飛機場 踱步 (鍾易禮)
E058,10/05/2024,游水,沙田,,沙田,,,,,,,,游水,,
E058,10/05/2024,踱步,沙田,內圈,沙田 內圈,,,,,,鍾易禮,,快踱一圈,H,內圈 快踱一圈 (鍾易禮)
E058,09/05/2024,游水,沙田,,沙田,,,,,,,,游水,,
E058,09/05/2024,踱步,沙田,內圈,沙田 內圈,,,,,,鍾易禮,,倒快兩圈,H,內圈 倒快兩圈 (鍾易禮)
E058,08/05/2024,游水,沙田,,沙田,,,,,,,,游水,,
E058,08/05/2024,快操,沙田,全天候,沙田 全天候,,57.2,57.2,30.7 26.5,,鍾易禮,,快操,H,30.7 26.5 (57.2) (鍾易禮)
E058,08/05/2024,踱步,沙田,飛機場,沙田 飛機場,,,,,,鍾易禮,,踱步,H,飛機場 踱步 (鍾易禮)
E058,07/05/2024,游水,沙田,,沙田,,,,,,,,游水,,
E058,06/05/2024,游水,沙田,,沙田,,,,,,,,游水,,
E058,06/05/2024,踱步,沙田,內圈,沙田 內圈,,,,,,鍾易禮,,倒快兩圈,H,內圈 倒快兩圈 (鍾易禮)
E058,05/05/2024,游水,沙田,,沙田,,,,,,,,游水,,
E058,05/05/2024,踱步,沙田,內圈,沙田 內圈,,,,,,鍾易禮,,快踱一圈,H,內圈 快踱一圈 (鍾易禮)
E058,04/05/2024,游水,沙田,,沙田,,,,,,,,游水,,
E058,04/05/2024,踱步,沙田,內圈,沙田 內圈,,,,,,鍾易禮,,快踱一圈,H,內圈 快踱一圈 (鍾易禮)
E058,03/05/2024,游水,沙田,,沙田,,,,,,,,游水,,
E058,03/05/2024,踱步,沙田,內圈,沙田 內圈,,,,,,鍾易禮,,快踱一圈,H,內圈 快踱一圈 (鍾易禮)
E058,02/05/2024,游水,沙田,,沙田,,,,,,,,游水,,
E058,02/05/2024,踱步,沙田,內圈,沙田 內圈,,,,,,鍾易禮,,倒快兩圈,H,內圈 倒快兩圈 (鍾易禮)
E058,01/05/2024,游水,沙田,,沙田,,,,,,,,游水,,
E058,01/05/2024,踱步,沙田,內圈,沙田 內圈,,,,,,鍾易禮,,快踱一圈,H,內圈 快踱一圈 (鍾易禮)
E058,30/04/2024,游水,沙田,,沙田,,,,,,,,游水,,
E058,30/04/2024,踱步,沙田,內圈,沙田 內圈,,,,,,鍾易禮,,快踱一圈,H,內圈 快踱一圈 (鍾易禮)
E058,29/04/2024,游水,沙田,,沙田,,,,,,,,游水,,
E058,28/04/2024,出賽,沙田,草地,沙田 草地,1600M,,,,,艾道拿,7/11,出賽,TT,1600M (艾道拿) (7/11)
E058,28/04/2024,游水,沙田,,沙田,,,,,,,,游水,,
E058,28/04/2024,踱步,沙田,內圈,沙田 內圈,,,,,,鍾易禮,,快踱一圈,H,內圈 快踱一圈 (鍾易禮)
E058,27/04/2024,游水,沙田,,沙田,,,,,,,,游水,,
E058,27/04/2024,踱步,沙田,內圈,沙田 內圈,,,,,,鍾易禮,,快踱一圈,H,內圈 快踱一圈 (鍾易禮)
E058,26/04/2024,游水,沙田,,沙田,,,,,,,,游水,,
E058,26/04/2024,踱步,沙田,內圈,沙田 內圈,,,,,,鍾易禮,,快踱一圈,H,內圈 快踱一圈 (鍾易禮)
E058,25/04/2024,游水,沙田,,沙田,,,,,,,,游水,,
E058,25/04/2024,快操,沙田,全天候,沙田 全天候,,55.9,55.9,30.2 25.7,,鍾易禮,,快操,H,30.2 25.7 (55.9) (鍾易禮)
E058,25/04/2024,踱步,沙田,飛機場,沙田 飛機場,,,,,,鍾易禮,,踱步,H,飛機場 踱步 (鍾易禮)
E058,24/04/2024,游水,沙田,,沙田,,,,,,,,游水,,
E058,24/04/2024,踱步,沙田,內圈,沙田 內圈,,,,,,鍾易禮,,快踱一圈,H,內圈 快踱一圈 (鍾易禮)
E058,23/04/2024,游水,沙田,,沙田,,,,,,,,游水,,
E058,23/04/2024,踱步,沙田,內圈,沙田 內圈,,,,,,助手,,快踱一圈,H,內圈 快踱一圈 (助手)
E058,22/04/2024,游水,沙田,,沙田,,,,,,,,游水,,
E058,22/04/2024,踱步,沙田,內圈,沙田 內圈,,,,,,鍾易禮,,倒快兩圈,H,內圈 倒快兩圈 (鍾易禮)
E058,21/04/2024,游水,沙田,,沙田,,,,,,,,游水,,
E058,21/04/2024,快操,沙田,全天候,沙田 全天候,,57.1,57.1,30.8 26.3,,鍾易禮,,快操,H,30.8 26.3 (57.1) (鍾易禮)
E058,21/04/2024,踱步,沙田,飛機場,沙田 飛機場,,,,,,鍾易禮,,踱步,H,飛機場 踱步 (鍾易禮)
E058,20/04/2024,游水,沙田,,沙田,,,,,,,,游水,,
E058,20/04/2024,踱步,沙田,內圈,沙田 內圈,,,,,,鍾易禮,,快踱一圈,H,內圈 快踱一圈 (鍾易禮)
E058,19/04/2024,游水,沙田,,沙田,,,,,,,,游水,,
E058,19/04/2024,踱步,沙田,內圈,沙田 內圈,,,,,,副練馬師,,快踱一圈,H,內圈 快踱一圈 (副練馬師)
E058,18/04/2024,游水,沙田,,沙田,,,,,,,,游水,,
E058,18/04/2024,快操,沙田,全天候,沙田 全天候,,57.6,57.6,30.6 27.0,,鍾易禮,,快操,H,30.6 27.0 (57.6) (鍾易禮)
E058,18/04/2024,踱步,沙田,飛機場,沙田 飛機場,,,,,,鍾易禮,,踱步,H,飛機場 踱步 (鍾易禮)
E058,17/04/2024,游水,沙田,,沙田,,,,,,,,游水,,
E058,17/04/2024,踱步,沙田,內圈,沙田 內圈,,,,,,鍾易禮,,快踱一圈,H,內圈 快踱一圈 (鍾易禮)
E058,16/04/2024,游水,沙田,,沙田,,,,,,,,游水,,
E058,16/04/2024,踱步,沙田,內圈,沙田 內圈,,,,,,鍾易禮,,快踱一圈,H,內圈 快踱一圈 (鍾易禮)
E058,15/04/2024,游水,沙田,,沙田,,,,,,,,游水,,
E058,15/04/2024,踱步,沙田,內圈,沙田 內圈,,,,,,鍾易禮,,倒快兩圈,H,內圈 倒快兩圈 (鍾易禮)
E058,14/04/2024,游水,沙田,,沙田,,,,,,,,游水,,
E058,14/04/2024,快操,沙田,全天候,沙田 全天候,,57.6,57.6,30.5 27.1,,副練馬師,,快操,H,30.5 27.1 (57.6) (副練馬師)
E058,14/04/2024,踱步,沙田,飛機場,沙田 飛機場,,,,,,副練馬師,,踱步,H,飛機場 踱步 (副練馬師)
E058,13/04/2024,游水,沙田,,沙田,,,,,,,,游水,,
E058,13/04/2024,踱步,沙田,內圈,沙田 內圈,,,,,,鍾易禮,,快踱一圈,H,內圈 快踱一圈 (鍾易禮)
E058,12/04/2024,游水,沙田,,沙田,,,,,,,,游水,,
E058,12/04/2024,踱步,沙田,內圈,沙田 內圈,,,,,,鍾易禮,,快踱一圈,H,內圈 快踱一圈 (鍾易禮)
E058,11/04/2024,游水,沙田,,沙田,,,,,,,,游水,,
E058,11/04/2024,踱步,沙田,內圈,沙田 內圈,,,,,,副練馬師,,倒快兩圈,H,內圈 倒快兩圈 (副練馬師)
E058,10/04/2024,游水,沙田,,沙田,,,,,,,,游水,,
E058,10/04/2024,踱步,沙田,內圈,沙田 內圈,,,,,,鍾易禮,,快踱一圈,H,內圈 快踱一圈 (鍾易禮)
E058,09/04/2024,游水,沙田,,沙田,,,,,,,,游水,,
E058,09/04/2024,踱步,沙田,內圈,沙田 內圈,,,,,,鍾易禮,,快踱一圈,H,內圈 快踱一圈 (鍾易禮)
E058,08/04/2024,游水,沙田,,沙田,,,,,,,,游水,,
E058,07/04/2024,出賽,沙田,草地,沙田 草地,1600M,,,,,艾道拿,1/13,出賽,TT,1600M (艾道拿) (1/13)
E058,07/04/2024,游水,沙田,,沙田,,,,,,,,游水,,
E058,07/04/2024,踱步,沙田,內圈,沙田 內圈,,,,,,鍾易禮,,快踱一圈,H,內圈 快踱一圈 (鍾易禮)
E058,06/04/2024,游水,沙田,,沙田,,,,,,,,游水,,
E058,06/04/2024,踱步,沙田,內圈,沙田 內圈,,,,,,鍾易禮,,快踱一圈,H,內圈 快踱一圈 (鍾易禮)
E058,05/04/2024,游水,沙田,,沙田,,,,,,,,游水,,
E058,05/04/2024,踱步,沙田,內圈,沙田 內圈,,,,,,鍾易禮,,快踱一圈,H,內圈 快踱一圈 (鍾易禮)
E058,04/04/2024,游水,沙田,,沙田,,,,,,,,游水,,
E058,04/04/2024,快操,沙田,全天候,沙田 全天候,,56.1,56.1,29.5 26.6,,鍾易禮,,快操,H,29.5 26.6 (56.1) (鍾易禮)
E058,04/04/2024,踱步,沙田,飛機場,沙田 飛機場,,,,,,鍾易禮,,踱步,H,飛機場 踱步 (鍾易禮)
E058,03/04/2024,游水,沙田,,沙田,,,,,,,,游水,,
E058,03/04/2024,踱步,沙田,內圈,沙田 內圈,,,,,,鍾易禮,,快踱一圈,H,內圈 快踱一圈 (鍾易禮)
E058,02/04/2024,游水,沙田,,沙田,,,,,,,,游水,,
E058,02/04/2024,踱步,沙田,內圈,沙田 內圈,,,,,,鍾易禮,,快踱一圈,H,內圈 快踱一圈 (鍾易禮)
E058,01/04/2024,游水,沙田,,沙田,,,,,,,,游水,,
E058,01/04/2024,踱步,沙田,內圈,沙田 內圈,,,,,,鍾易禮,,倒快兩圈,H,內圈 倒快兩圈 (鍾易禮)
E058,31/03/2024,游水,沙田,,沙田,,,,,,,,游水,,
E058,31/03/2024,踱步,沙田,內圈,沙田 內圈,,,,,,鍾易禮,,快踱一圈,H,內圈 快踱一圈 (鍾易禮)
E058,30/03/2024,游水,沙田,,沙田,,,,,,,,游水,,
E058,30/03/2024,踱步,沙田,內圈,沙田 內圈,,,,,,鍾易禮,,快踱一圈,H,內圈 快踱一圈 (鍾易禮)
E058,29/03/2024,游水,沙田,,沙田,,,,,,,,游水,,
E058,29/03/2024,踱步,沙田,內圈,沙田 內圈,,,,,,鍾易禮,,快踱一圈,H,內圈 快踱一圈 (鍾易禮)
E058,28/03/2024,游水,沙田,,沙田,,,,,,,,游水,,
E058,28/03/2024,踱步,沙田,內圈,沙田 內圈,,,,,,鍾易禮,,倒快兩圈,H,內圈 倒快兩圈 (鍾易禮)
E058,27/03/2024,游水,沙田,,沙田,,,,,,,,游水,,
E058,27/03/2024,踱步,沙田,內圈,沙田 內圈,,,,,,副練馬師,,快踱一圈,H,內圈 快踱一圈 (副練馬師)
E058,26/03/2024,試閘,沙田,全天候,沙田 全天候,1200M,1.10.21,70.21,25.0 22.3 22.9,彩虹千里,艾道拿,,第1組,,第1組 (艾道拿) 1200M 彩虹千里 25.0 22.3 22.9 (1.10.21)
E058,26/03/2024,游水,沙田,,沙田,,,,,,,,游水,,
E058,25/03/2024,游水,沙田,,沙田,,,,,,,,游水,,
E058,25/03/2024,踱步,沙田,內圈,沙田 內圈,,,,,,鍾易禮,,倒快兩圈,H,內圈 倒快兩圈 (鍾易禮)
E058,24/03/2024,游水,沙田,,沙田,,,,,,,,游水,,
E058,24/03/2024,踱步,沙田,內圈,沙田 內圈,,,,,,鍾易禮,,快踱一圈,H,內圈 快踱一圈 (鍾易禮)
E058,23/03/2024,游水,沙田,,沙田,,,,,,,,游水,,
E058,23/03/2024,快操,沙田,全天候,沙田 全天候,,57.5,57.5,30.4 27.1,,副練馬師,,快操,H,30.4 27.1 (57.5) (副練馬師)
E058,23/03/2024,踱步,沙田,飛機場,沙田 飛機場,,,,,,副練馬師,,踱步,H,飛機場 踱步 (副練馬師)
E058,22/03/2024,游水,沙田,,沙田,,,,,,,,游水,,
E058,22/03/2024,踱步,沙田,內圈,沙田 內圈,,,,,,鍾易禮,,快踱一圈,H,內圈 快踱一圈 (鍾易禮)
E058,21/03/2024,游水,沙田,,沙田,,,,,,,,游水,,
E058,21/03/2024,踱步,沙田,內圈,沙田 內圈,,,,,,副練馬師,,倒快兩圈,H,內圈 倒快兩圈 (副練馬師)
E058,20/03/2024,游水,沙田,,沙田,,,,,,,,游水,,
E058,20/03/2024,快操,沙田,全天候,沙田 全天候,,56.4,56.4,29.9 26.5,,鍾易禮,,快操,H,29.9 26.5 (56.4) (鍾易禮)
E058,20/03/2024,踱步,沙田,飛機場,沙田 飛機場,,,,,,鍾易禮,,踱步,H,飛機場 踱步 (鍾易禮)
E058,19/03/2024,游水,沙田,,沙田,,,,,,,,游水,,
E058,19/03/2024,踱步,沙田,內圈,沙田 內圈,,,,,,鍾易禮,,快踱一圈,H,內圈 快踱一圈 (鍾易禮)
E058,18/03/2024,游水,沙田,,沙田,,,,,,,,游水,,
E058,18/03/2024,踱步,沙田,內圈,沙田 內圈,,,,,,鍾易禮,,倒快兩圈,H,內圈 倒快兩圈 (鍾易禮)
E058,17/03/2024,游水,沙田,,沙田,,,,,,,,游水,,
E058,17/03/2024,踱步,沙田,內圈,沙田 內圈,,,,,,鍾易禮,,快踱一圈,H,內圈 快踱一圈 (鍾易禮)
E058,16/03/2024,游水,沙田,,沙田,,,,,,,,游水,,
E058,16/03/2024,踱步,沙田,內圈,沙田 內圈,,,,,,鍾易禮,,快踱一圈,H,內圈 快踱一圈 (鍾易禮)
E058,15/03/2024,游水,沙田,,沙田,,,,,,,,游水,,
E058,15/03/2024,踱步,沙田,內圈,沙田 內圈,,,,,,副練馬師,,快踱一圈,H,內圈 快踱一圈 (副練馬師)
E058,14/03/2024,游水,沙田,,沙田,,,,,,,,游水,,
E058,14/03/2024,踱步,沙田,內圈,沙田 內圈,,,,,,副練馬師,,倒快兩圈,H,內圈 倒快兩圈 (副練馬師)
E058,13/03/2024,游水,沙田,,沙田,,,,,,,,游水,,
E058,13/03/2024,踱步,沙田,內圈,沙田 內圈,,,,,,鍾易禮,,快踱一圈,H,內圈 快踱一圈 (鍾易禮)
E058,12/03/2024,游水,沙田,,沙田,,,,,,,,游水,,
E058,12/03/2024,踱步,沙田,內圈,沙田 內圈,,,,,,鍾易禮,,快踱一圈,H,內圈 快踱一圈 (鍾易禮)
E058,11/03/2024,游水,沙田,,沙田,,,,,,,,游水,,
E058,10/03/2024,出賽,沙田,草地,沙田 草地,1400M,,,,,梁家俊,7/10,出賽,H-/TT,1400M (梁家俊) (7/10)
E058,10/03/2024,游水,沙田,,沙田,,,,,,,,游水,,
E058,10/03/2024,踱步,沙田,內圈,沙田 內圈,,,,,,鍾易禮,,快踱一圈,H,內圈 快踱一圈 (鍾易禮)
E058,09/03/2024,游水,沙田,,沙田,,,,,,,,游水,,
E058,09/03/2024,踱步,沙田,內圈,沙田 內圈,,,,,,鍾易禮,,快踱一圈,H,內圈 快踱一圈 (鍾易禮)
E058,08/03/2024,游水,沙田,,沙田,,,,,,,,游水,,
E058,08/03/2024,踱步,沙田,內圈,沙田 內圈,,,,,,副練馬師,,快踱一圈,H,內圈 快踱一圈 (副練馬師)
E058,07/03/2024,游水,沙田,,沙田,,,,,,,,游水,,
E058,07/03/2024,快操,沙田,全天候,沙田 全天候,,56.3,56.3,30.2 26.1,,副練馬師,,快操,,30.2 26.1 (56.3) (副練馬師)
E058,07/03/2024,踱步,沙田,飛機場,沙田 飛機場,,,,,,副練馬師,,踱步,,飛機場 踱步 (副練馬師)
E058,06/03/2024,游水,沙田,,沙田,,,,,,,,游水,,
E058,06/03/2024,踱步,沙田,內圈,沙田 內圈,,,,,,鍾易禮,,快踱一圈,H,內圈 快踱一圈 (鍾易禮)
E058,05/03/2024,游水,沙田,,沙田,,,,,,,,游水,,
E058,05/03/2024,踱步,沙田,內圈,沙田 內圈,,,,,,鍾易禮,,快踱一圈,H,內圈 快踱一圈 (鍾易禮)
E058,04/03/2024,游水,沙田,,沙田,,,,,,,,游水,,
E058,04/03/2024,踱步,沙田,內圈,沙田 內圈,,,,,,鍾易禮,,倒快兩圈,H,內圈 倒快兩圈 (鍾易禮)
E058,03/03/2024,游水,沙田,,沙田,,,,,,,,游水,,
E058,03/03/2024,踱步,沙田,內圈,沙田 內圈,,,,,,鍾易禮,,快踱一圈,H,內圈 快踱一圈 (鍾易禮)
E058,02/03/2024,游水,沙田,,沙田,,,,,,,,游水,,
E058,02/03/2024,踱步,沙田,內圈,沙田 內圈,,,,,,副練馬師,,快踱一圈,H,內圈 快踱一圈 (副練馬師)
E058,01/03/2024,游水,沙田,,沙田,,,,,,,,游水,,
E058,01/03/2024,踱步,沙田,內圈,沙田 內圈,,,,,,鍾易禮,,快踱一圈,H,內圈 快踱一圈 (鍾易禮)
E058,29/02/2024,游水,沙田,,沙田,,,,,,,,游水,,
E058,28/02/2024,游水,沙田,,沙田,,,,,,,,游水,,
E058,28/02/2024,踱步,沙田,內圈,沙田 內圈,,,,,,鍾易禮,,快踱一圈,H,內圈 快踱一圈 (鍾易禮)
E058,27/02/2024,游水,沙田,,沙田,,,,,,,,游水,,
E058,27/02/2024,踱步,沙田,內圈,沙田 內圈,,,,,,鍾易禮,,快踱一圈,H,內圈 快踱一圈 (鍾易禮)
E058,26/02/2024,游水,沙田,,沙田,,,,,,,,游水,,
E058,25/02/2024,出賽,沙田,草地,沙田 草地,2000M,,,,,梁家俊,6/11,出賽,H/TT,2000M (梁家俊) (6/11)
E058,25/02/2024,游水,沙田,,沙田,,,,,,,,游水,,
E058,25/02/2024,踱步,沙田,內圈,沙田 內圈,,,,,,鍾易禮,,快踱一圈,H,內圈 快踱一圈 (鍾易禮)
E058,24/02/2024,游水,沙田,,沙田,,,,,,,,游水,,
E058,24/02/2024,踱步,沙田,內圈,沙田 內圈,,,,,,鍾易禮,,快踱一圈,H,內圈 快踱一圈 (鍾易禮)
E058,23/02/2024,游水,沙田,,沙田,,,,,,,,游水,,
E058,23/02/2024,踱步,沙田,內圈,沙田 內圈,,,,,,鍾易禮,,快踱一圈,H,內圈 快踱一圈 (鍾易禮)
E058,22/02/2024,游水,沙田,,沙田,,,,,,,,游水,,
E058,22/02/2024,快操,沙田,全天候,沙田 全天候,,1.03.0,63.0,32.2 30.8,,鍾易禮,,快操,H,32.2 30.8 (1.03.0) (鍾易禮)
E058,22/02/2024,踱步,沙田,飛機場,沙田 飛機場,,,,,,鍾易禮,,踱步,H,飛機場 踱步 (鍾易禮)
E058,21/02/2024,游水,沙田,,沙田,,,,,,,,游水,,
E058,21/02/2024,踱步,沙田,內圈,沙田 內圈,,,,,,鍾易禮,,快踱一圈,H,內圈 快踱一圈 (鍾易禮)
E058,20/02/2024,游水,沙田,,沙田,,,,,,,,游水,,
E058,20/02/2024,踱步,沙田,內圈,沙田 內圈,,,,,,鍾易禮,,快踱一圈,H,內圈 快踱一圈 (鍾易禮)
E058,19/02/2024,游水,沙田,,沙田,,,,,,,,游水,,
E058,19/02/2024,踱步,沙田,內圈,沙田 內圈,,,,,,鍾易禮,,倒快兩圈,H,內圈 倒快兩圈 (鍾易禮)
E058,18/02/2024,踱步,沙田,內圈,沙田 內圈,,,,,,鍾易禮,,快踱一圈,H,內圈 快踱一圈 (鍾易禮)
E058,17/02/2024,游水,沙田,,沙田,,,,,,,,游水,,
E058,17/02/2024,踱步,沙田,內圈,沙田 內圈,,,,,,副練馬師,,快踱一圈,H,內圈 快踱一圈 (副練馬師)
E058,16/02/2024,試閘,沙田,全天候,沙田 全天候,1200M,1.11.05,71.05,25.1 22.5 23.4,永遠美麗,梁家俊,,第1組,H,第1組 (梁家俊) 1200M 永遠美麗 25.1 22.5 23.4 (1.11.05)
E058,16/02/2024,游水,沙田,,沙田,,,,,,,,游水,,
E058,15/02/2024,游水,沙田,,沙田,,,,,,,,游水,,
E058,15/02/2024,踱步,沙田,內圈,沙田 內圈,,,,,,副練馬師,,倒快兩圈,H,內圈 倒快兩圈 (副練馬師)
E058,14/02/2024,游水,沙田,,沙田,,,,,,,,游水,,
E058,14/02/2024,踱步,沙田,內圈,沙田 內圈,,,,,,鍾易禮,,快踱一圈,H,內圈 快踱一圈 (鍾易禮)
E058,13/02/2024,游水,沙田,,沙田,,,,,,,,游水,,
E058,13/02/2024,快操,沙田,全天候,沙田 全天候,,55.6,55.6,29.6 26.0,,鍾易禮,,快操,H,29.6 26.0 (55.6) (鍾易禮)
E058,13/02/2024,踱步,沙田,飛機場,沙田 飛機場,,,,,,鍾易禮,,踱步,H,飛機場 踱步 (鍾易禮)
E058,12/02/2024,踱步,沙田,內圈,沙田 內圈,,,,,,鍾易禮,,倒快兩圈,H,內圈 倒快兩圈 (鍾易禮)
E058,11/02/2024,游水,沙田,,沙田,,,,,,,,游水,,
E058,11/02/2024,踱步,沙田,內圈,沙田 內圈,,,,,,鍾易禮,,快踱一圈,H,內圈 快踱一圈 (鍾易禮)
E058,09/02/2024,游水,沙田,,沙田,,,,,,,,游水,,
E058,09/02/2024,踱步,沙田,內圈,沙田 內圈,,,,,,鍾易禮,,快踱一圈,H,內圈 快踱一圈 (鍾易禮)
E058,08/02/2024,游水,沙田,,沙田,,,,,,,,游水,,
E058,08/02/2024,踱步,沙田,內圈,沙田 內圈,,,,,,鍾易禮,,倒快兩圈,H,內圈 倒快兩圈 (鍾易禮)
E058,07/02/2024,游水,沙田,,沙田,,,,,,,,游水,,
E058,07/02/2024,快操,沙田,全天候,沙田 全天候,,57.5,57.5,31.1 26.4,,鍾易禮,,快操,H,31.1 26.4 (57.5) (鍾易禮)
E058,07/02/2024,踱步,沙田,飛機場,沙田 飛機場,,,,,,鍾易禮,,踱步,H,飛機場 踱步 (鍾易禮)
E058,06/02/2024,游水,沙田,,沙田,,,,,,,,游水,,
E058,06/02/2024,踱步,沙田,內圈,沙田 內圈,,,,,,鍾易禮,,快踱一圈,H,內圈 快踱一圈 (鍾易禮)
E058,05/02/2024,游水,沙田,,沙田,,,,,,,,游水,,
E058,05/02/2024,踱步,沙田,內圈,沙田 內圈,,,,,,鍾易禮,,倒快兩圈,H,內圈 倒快兩圈 (鍾易禮)
E058,04/02/2024,踱步,沙田,內圈,沙田 內圈,,,,,,鍾易禮,,快踱一圈,H,內圈 快踱一圈 (鍾易禮)
E058,03/02/2024,游水,沙田,,沙田,,,,,,,,游水,,
E058,03/02/2024,快操,沙田,全天候,沙田 全天候,,54.4,54.4,28.3 26.1,,鍾易禮,,快操,H,28.3 26.1 (54.4) (鍾易禮)
E058,03/02/2024,踱步,沙田,飛機場,沙田 飛機場,,,,,,鍾易禮,,踱步,H,飛機場 踱步 (鍾易禮)
E058,02/02/2024,游水,沙田,,沙田,,,,,,,,游水,,
E058,02/02/2024,踱步,沙田,內圈,沙田 內圈,,,,,,鍾易禮,,快踱一圈,H,內圈 快踱一圈 (鍾易禮)
E058,01/02/2024,游水,沙田,,沙田,,,,,,,,游水,,
E058,01/02/2024,踱步,沙田,內圈,沙田 內圈,,,,,,鍾易禮,,倒快兩圈,H,內圈 倒快兩圈 (鍾易禮)
E058,31/01/2024,游水,沙田,,沙田,,,,,,,,游水,,
E058,31/01/2024,快操,沙田,全天候,沙田 全天候,,57.1,57.1,31.1 26.0,,鍾易禮,,快操,H,31.1 26.0 (57.1) (鍾易禮)
E058,31/01/2024,踱步,沙田,飛機場,沙田 飛機場,,,,,,鍾易禮,,踱步,H,飛機場 踱步 (鍾易禮)
E058,30/01/2024,游水,沙田,,沙田,,,,,,,,游水,,
E058,30/01/2024,踱步,沙田,內圈,沙田 內圈,,,,,,鍾易禮,,快踱一圈,H,內圈 快踱一圈 (鍾易禮)
E058,29/01/2024,游水,沙田,,沙田,,,,,,,,游水,,
E058,29/01/2024,踱步,沙田,內圈,沙田 內圈,,,,,,鍾易禮,,倒快兩圈,H,內圈 倒快兩圈 (鍾易禮)
E058,28/01/2024,踱步,沙田,內圈,沙田 內圈,,,,,,鍾易禮,,快踱一圈,H,內圈 快踱一圈 (鍾易禮)
E058,27/01/2024,游水,沙田,,沙田,,,,,,,,游水,,
E058,27/01/2024,踱步,沙田,內圈,沙田 內圈,,,,,,鍾易禮,,快踱一圈,H,內圈 快踱一圈 (鍾易禮)
E058,26/01/2024,游水,沙田,,沙田,,,,,,,,游水,,
E058,26/01/2024,踱步,沙田,內圈,沙田 內圈,,,,,,鍾易禮,,快踱一圈,H,內圈 快踱一圈 (鍾易禮)
E058,25/01/2024,游水,沙田,,沙田,,,,,,,,游水,,
E058,25/01/2024,踱步,沙田,內圈,沙田 內圈,,,,,,鍾易禮,,倒快兩圈,H,內圈 倒快兩圈 (鍾易禮)
E058,24/01/2024,游水,沙田,,沙田,,,,,,,,游水,,
E058,24/01/2024,踱步,沙田,內圈,沙田 內圈,,,,,,鍾易禮,,快踱一圈,H,內圈 快踱一圈 (鍾易禮)
E058,23/01/2024,踱步,沙田,內圈,沙田 內圈,,,,,,鍾易禮,,快踱一圈,H,內圈 快踱一圈 (鍾易禮)
E058,21/01/2024,出賽,沙田,草地,沙田 草地,1600M,,,,,梁家俊,3/8,出賽,H/TT,1600M (梁家俊) (3/8)
E058,21/01/2024,踱步,沙田,內圈,沙田 內圈,,,,,,鍾易禮,,快踱一圈,H,內圈 快踱一圈 (鍾易禮)
E058,20/01/2024,踱步,沙田,內圈,沙田 內圈,,,,,,副練馬師,,快踱一圈,H,內圈 快踱一圈 (副練馬師)
E058,19/01/2024,踱步,沙田,內圈,沙田 內圈,,,,,,鍾易禮,,快踱一圈,H,內圈 快踱一圈 (鍾易禮)
E058,18/01/2024,快操,沙田,全天候,沙田 全天候,,56.4,56.4,30.2 26.2,,副練馬師,,快操,H,30.2 26.2 (56.4) (副練馬師)
E058,18/01/2024,踱步,沙田,飛機場,沙田 飛機場,,,,,,副練馬師,,踱步,H,飛機場 踱步 (副練馬師)
E058,17/01/2024,踱步,沙田,內圈,沙田 內圈,,,,,,鍾易禮,,快踱一圈,H,內圈 快踱一圈 (鍾易禮)
E058,16/01/2024,游水,沙田,,沙田,,,,,,,,游水,,
E058,16/01/2024,踱步,沙田,內圈,沙田 內圈,,,,,,鍾易禮,,快踱一圈,H,內圈 快踱一圈 (鍾易禮)
E058,15/01/2024,游水,沙田,,沙田,,,,,,,,游水,,
E058,15/01/2024,踱步,沙田,內圈,沙田 內圈,,,,,,鍾易禮,,倒快兩圈,H,內圈 倒快兩圈 (鍾易禮)
E058,14/01/2024,游水,沙田,,沙田,,,,,,,,游水,,
E058,14/01/2024,快操,沙田,全天候,沙田 全天候,,57.0,57.0,29.4 27.6,,鍾易禮,,快操,H,29.4 27.6 (57.0) (鍾易禮)
E058,14/01/2024,踱步,沙田,飛機場,沙田 飛機場,,,,,,鍾易禮,,踱步,H,飛機場 踱步 (鍾易禮)
E058,13/01/2024,踱步,沙田,內圈,沙田 內圈,,,,,,鍾易禮,,快踱一圈,H,內圈 快踱一圈 (鍾易禮)
E058,12/01/2024,游水,沙田,,沙田,,,,,,,,游水,,
E058,12/01/2024,踱步,沙田,內圈,沙田 內圈,,,,,,鍾易禮,,快踱一圈,H,內圈 快踱一圈 (鍾易禮)
E058,11/01/2024,游水,沙田,,沙田,,,,,,,,游水,,
E058,11/01/2024,快操,沙田,全天候,沙田 全天候,,57.5,57.5,30.3 27.2,,鍾易禮,,快操,H,30.3 27.2 (57.5) (鍾易禮)
E058,11/01/2024,踱步,沙田,飛機場,沙田 飛機場,,,,,,鍾易禮,,踱步,H,飛機場 踱步 (鍾易禮)
E058,10/01/2024,游水,沙田,,沙田,,,,,,,,游水,,
E058,10/01/2024,踱步,沙田,內圈,沙田 內圈,,,,,,鍾易禮,,快踱一圈,H,內圈 快踱一圈 (鍾易禮)
E058,09/01/2024,游水,沙田,,沙田,,,,,,,,游水,,
E058,09/01/2024,踱步,沙田,內圈,沙田 內圈,,,,,,鍾易禮,,快踱一圈,,內圈 快踱一圈 (鍾易禮)
E058,08/01/2024,游水,沙田,,沙田,,,,,,,,游水,,
E058,08/01/2024,踱步,沙田,內圈,沙田 內圈,,,,,,鍾易禮,,倒快兩圈,H,內圈 倒快兩圈 (鍾易禮)
E058,07/01/2024,快操,沙田,全天候,沙田 全天候,,56.1,56.1,29.8 26.3,,鍾易禮,,快操,H,29.8 26.3 (56.1) (鍾易禮)
E058,07/01/2024,踱步,沙田,飛機場,沙田 飛機場,,,,,,鍾易禮,,踱步,H,飛機場 踱步 (鍾易禮)
E058,06/01/2024,游水,沙田,,沙田,,,,,,,,游水,,
E058,06/01/2024,踱步,沙田,內圈,沙田 內圈,,,,,,鍾易禮,,快踱一圈,H,內圈 快踱一圈 (鍾易禮)
E058,05/01/2024,游水,沙田,,沙田,,,,,,,,游水,,
E058,05/01/2024,踱步,沙田,內圈,沙田 內圈,,,,,,鍾易禮,,快踱一圈,H,內圈 快踱一圈 (鍾易禮)
E058,04/01/2024,游水,沙田,,沙田,,,,,,,,游水,,
E058,04/01/2024,踱步,沙田,內圈,沙田 內圈,,,,,,鍾易禮,,倒快兩圈,H,內圈 倒快兩圈 (鍾易禮)
E058,03/01/2024,游水,沙田,,沙田,,,,,,,,游水,,
E058,03/01/2024,踱步,沙田,內圈,沙田 內圈,,,,,,鍾易禮,,快踱一圈,H,內圈 快踱一圈 (鍾易禮)
E058,02/01/2024,游水,沙田,,沙田,,,,,,,,游水,,
E058,01/01/2024,出賽,沙田,草地,沙田 草地,1400M,,,,,麥道朗,3/8,出賽,H/TT,1400M (麥道朗) (3/8)
E058,01/01/2024,踱步,沙田,內圈,沙田 內圈,,,,,,鍾易禮,,倒快一圈,H,內圈 倒快一圈 (鍾易禮)
E058,31/12/2023,游水,沙田,,沙田,,,,,,,,游水,,
E058,31/12/2023,踱步,沙田,內圈,沙田 內圈,,,,,,鍾易禮,,快踱一圈,H,內圈 快踱一圈 (鍾易禮)
E058,30/12/2023,游水,沙田,,沙田,,,,,,,,游水,,
E058,30/12/2023,踱步,沙田,內圈,沙田 內圈,,,,,,鍾易禮,,快踱一圈,H,內圈 快踱一圈 (鍾易禮)
E058,29/12/2023,游水,沙田,,沙田,,,,,,,,游水,,
E058,29/12/2023,快操,沙田,全天候,沙田 全天候,,57.2,57.2,30.3 26.9,,鍾易禮,,快操,H,30.3 26.9 (57.2) (鍾易禮)
E058,28/12/2023,游水,沙田,,沙田,,,,,,,,游水,,
E058,28/12/2023,踱步,沙田,內圈,沙田 內圈,,,,,,助手,,倒快兩圈,H,內圈 倒快兩圈 (助手)
E058,27/12/2023,游水,沙田,,沙田,,,,,,,,游水,,
E058,27/12/2023,踱步,沙田,內圈,沙田 內圈,,,,,,鍾易禮,,快踱一圈,H,內圈 快踱一圈 (鍾易禮)
E058,26/12/2023,踱步,沙田,內圈,沙田 內圈,,,,,,鍾易禮,,快踱一圈,H,內圈 快踱一圈 (鍾易禮)
E058,25/12/2023,游水,沙田,,沙田,,,,,,,,游水,,
E058,25/12/2023,踱步,沙田,內圈,沙田 內圈,,,,,,鍾易禮,,倒快兩圈,H,內圈 倒快兩圈 (鍾易禮)
E058,24/12/2023,游水,沙田,,沙田,,,,,,,,游水,,
E058,24/12/2023,快操,沙田,全天候,沙田 全天候,,56.3,56.3,30.3 26.0,,鍾易禮,,快操,H,30.3 26.0 (56.3) (鍾易禮)
E058,24/12/2023,踱步,沙田,飛機場,沙田 飛機場,,,,,,鍾易禮,,踱步,H,飛機場 踱步 (鍾易禮)
E058,23/12/2023,踱步,沙田,內圈,沙田 內圈,,,,,,鍾易禮,,快踱一圈,H,內圈 快踱一圈 (鍾易禮)
E058,22/12/2023,游水,沙田,,沙田,,,,,,,,游水,,
E058,22/12/2023,踱步,沙田,內圈,沙田 內圈,,,,,,鍾易禮,,快踱一圈,H,內圈 快踱一圈 (鍾易禮)
E058,21/12/2023,游水,沙田,,沙田,,,,,,,,游水,,
E058,21/12/2023,快操,沙田,全天候,沙田 全天候,,59.6,59.6,32.3 27.3,,鍾易禮,,快操,H,32.3 27.3 (59.6) (鍾易禮)
E058,21/12/2023,踱步,沙田,飛機場,沙田 飛機場,,,,,,鍾易禮,,踱步,H,飛機場 踱步 (鍾易禮)
E058,20/12/2023,游水,沙田,,沙田,,,,,,,,游水,,
E058,20/12/2023,踱步,沙田,內圈,沙田 內圈,,,,,,鍾易禮,,快踱一圈,,內圈 快踱一圈 (鍾易禮)
E058,19/12/2023,游水,沙田,,沙田,,,,,,,,游水,,
E058,19/12/2023,踱步,沙田,內圈,沙田 內圈,,,,,,助手,,快踱一圈,H,內圈 快踱一圈 (助手)
E058,18/12/2023,游水,沙田,,沙田,,,,,,,,游水,,
E058,18/12/2023,踱步,沙田,內圈,沙田 內圈,,,,,,副練馬師,,倒快兩圈,H,內圈 倒快兩圈 (副練馬師)
E058,17/12/2023,快操,沙田,全天候,沙田 全天候,,59.2,59.2,31.2 28.0,,鍾易禮,,快操,H,31.2 28.0 (59.2) (鍾易禮)
E058,17/12/2023,踱步,沙田,飛機場,沙田 飛機場,,,,,,鍾易禮,,踱步,H,飛機場 踱步 (鍾易禮)
E058,16/12/2023,游水,沙田,,沙田,,,,,,,,游水,,
E058,16/12/2023,踱步,沙田,內圈,沙田 內圈,,,,,,鍾易禮,,快踱一圈,H,內圈 快踱一圈 (鍾易禮)
E058,15/12/2023,游水,沙田,,沙田,,,,,,,,游水,,
E058,15/12/2023,踱步,沙田,內圈,沙田 內圈,,,,,,鍾易禮,,快踱一圈,H,內圈 快踱一圈 (鍾易禮)
E058,14/12/2023,游水,沙田,,沙田,,,,,,,,游水,,
E058,14/12/2023,踱步,沙田,內圈,沙田 內圈,,,,,,鍾易禮,,倒快兩圈,H,內圈 倒快兩圈 (鍾易禮)
E058,13/12/2023,游水,沙田,,沙田,,,,,,,,游水,,
E058,13/12/2023,踱步,沙田,內圈,沙田 內圈,,,,,,鍾易禮,,快踱一圈,H,內圈 快踱一圈 (鍾易禮)
E058,12/12/2023,踱步,沙田,內圈,沙田 內圈,,,,,,鍾易禮,,快踱一圈,H,內圈 快踱一圈 (鍾易禮)
E058,10/12/2023,出賽,沙田,草地,沙田 草地,1600M,,,,,紀仁安,5/14,出賽,H/TT,1600M (紀仁安) (5/14)
E058,10/12/2023,踱步,沙田,內圈,沙田 內圈,,,,,,鍾易禮,,快踱一圈,H,內圈 快踱一圈 (鍾易禮)
E058,09/12/2023,踱步,沙田,內圈,沙田 內圈,,,,,,鍾易禮,,快踱一圈,,內圈 快踱一圈 (鍾易禮)
E058,08/12/2023,踱步,沙田,內圈,沙田 內圈,,,,,,鍾易禮,,快踱一圈,H,內圈 快踱一圈 (鍾易禮)
E058,07/12/2023,快操,沙田,全天候,沙田 全天候,,55.6,55.6,29.2 26.4,,鍾易禮,,快操,H,29.2 26.4 (55.6) (鍾易禮)
E058,07/12/2023,踱步,沙田,飛機場,沙田 飛機場,,,,,,助手,,踱步,H,飛機場 踱步 (助手)
E058,06/12/2023,踱步,沙田,內圈,沙田 內圈,,,,,,鍾易禮,,快踱一圈,H,內圈 快踱一圈 (鍾易禮)
E058,05/12/2023,踱步,沙田,內圈,沙田 內圈,,,,,,鍾易禮,,快踱一圈,H,內圈 快踱一圈 (鍾易禮)
E058,04/12/2023,踱步,沙田,內圈,沙田 內圈,,,,,,鍾易禮,,倒快兩圈,H,內圈 倒快兩圈 (鍾易禮)
E058,03/12/2023,快操,沙田,全天候,沙田 全天候,,58.7,58.7,31.5 27.2,,鍾易禮,,快操,H,31.5 27.2 (58.7) (鍾易禮)
E058,03/12/2023,踱步,沙田,飛機場,沙田 飛機場,,,,,,鍾易禮,,踱步,H,飛機場 踱步 (鍾易禮)
E058,02/12/2023,踱步,沙田,內圈,沙田 內圈,,,,,,鍾易禮,,快踱一圈,H,內圈 快踱一圈 (鍾易禮)
E058,01/12/2023,踱步,沙田,內圈,沙田 內圈,,,,,,副練馬師,,快踱一圈,H,內圈 快踱一圈 (副練馬師)
E058,30/11/2023,快操,沙田,全天候,沙田 全天候,,57.0,57.0,30.5 26.5,,鍾易禮,,快操,H,30.5 26.5 (57.0) (鍾易禮)
E058,30/11/2023,踱步,沙田,飛機場,沙田 飛機場,,,,,,鍾易禮,,踱步,H,飛機場 踱步 (鍾易禮)
E058,29/11/2023,踱步,沙田,內圈,沙田 內圈,,,,,,鍾易禮,,快踱一圈,H,內圈 快踱一圈 (鍾易禮)
E058,28/11/2023,踱步,沙田,內圈,沙田 內圈,,,,,,鍾易禮,,快踱一圈,H,內圈 快踱一圈 (鍾易禮)
E058,27/11/2023,踱步,沙田,內圈,沙田 內圈,,,,,,鍾易禮,,倒快兩圈,H,內圈 倒快兩圈 (鍾易禮)
E058,26/11/2023,快操,沙田,全天候,沙田 全天候,,57.8,57.8,30.9 26.9,,鍾易禮,,快操,H,30.9 26.9 (57.8) (鍾易禮)
E058,25/11/2023,踱步,沙田,內圈,沙田 內圈,,,,,,鍾易禮,,快踱一圈,H,內圈 快踱一圈 (鍾易禮)
E058,24/11/2023,踱步,沙田,內圈,沙田 內圈,,,,,,鍾易禮,,快踱一圈,H,內圈 快踱一圈 (鍾易禮)
E058,23/11/2023,踱步,沙田,內圈,沙田 內圈,,,,,,鍾易禮,,倒快兩圈,H,內圈 倒快兩圈 (鍾易禮)
E058,22/11/2023,踱步,沙田,內圈,沙田 內圈,,,,,,鍾易禮,,快踱一圈,H,內圈 快踱一圈 (鍾易禮)
E058,21/11/2023,踱步,沙田,內圈,沙田 內圈,,,,,,鍾易禮,,快踱一圈,H,內圈 快踱一圈 (鍾易禮)
E058,19/11/2023,出賽,沙田,草地,沙田 草地,1600M,,,,,梁家俊,2/5,出賽,H/TT,1600M (梁家俊) (2/5)
E058,19/11/2023,游水,沙田,,沙田,,,,,,,,游水,,
E058,19/11/2023,踱步,沙田,內圈,沙田 內圈,,,,,,鍾易禮,,快踱一圈,H,內圈 快踱一圈 (鍾易禮)
E058,18/11/2023,游水,沙田,,沙田,,,,,,,,游水,,
E058,18/11/2023,踱步,沙田,內圈,沙田 內圈,,,,,,鍾易禮,,快踱一圈,H,內圈 快踱一圈 (鍾易禮)
E058,17/11/2023,游水,沙田,,沙田,,,,,,,,游水,,
E058,17/11/2023,踱步,沙田,內圈,沙田 內圈,,,,,,副練馬師,,快踱一圈,H,內圈 快踱一圈 (副練馬師)
E058,16/11/2023,游水,沙田,,沙田,,,,,,,,游水,,
E058,16/11/2023,快操,沙田,全天候,沙田 全天候,,56.2,56.2,30.1 26.1,,鍾易禮,,快操,H,30.1 26.1 (56.2) (鍾易禮)
E058,16/11/2023,踱步,沙田,飛機場,沙田 飛機場,,,,,,鍾易禮,,踱步,H,飛機場 踱步 (鍾易禮)
E058,15/11/2023,游水,沙田,,沙田,,,,,,,,游水,,
E058,15/11/2023,踱步,沙田,內圈,沙田 內圈,,,,,,鍾易禮,,快踱一圈,H,內圈 快踱一圈 (鍾易禮)
E058,14/11/2023,游水,沙田,,沙田,,,,,,,,游水,,
E058,14/11/2023,踱步,沙田,內圈,沙田 內圈,,,,,,鍾易禮,,快踱一圈,H,內圈 快踱一圈 (鍾易禮)
E058,13/11/2023,游水,沙田,,沙田,,,,,,,,游水,,
E058,13/11/2023,踱步,沙田,內圈,沙田 內圈,,,,,,鍾易禮,,倒快兩圈,H,內圈 倒快兩圈 (鍾易禮)
E058,12/11/2023,游水,沙田,,沙田,,,,,,,,游水,,
E058,12/11/2023,快操,沙田,全天候,沙田 全天候,,1.04.2,64.2,32.9 31.3,,鍾易禮,,快操,H,32.9 31.3 (1.04.2) (鍾易禮)
E058,12/11/2023,踱步,沙田,飛機場,沙田 飛機場,,,,,,鍾易禮,,踱步,H,飛機場 踱步 (鍾易禮)
E058,11/11/2023,游水,沙田,,沙田,,,,,,,,游水,,
E058,11/11/2023,踱步,沙田,內圈,沙田 內圈,,,,,,鍾易禮,,快踱一圈,H,內圈 快踱一圈 (鍾易禮)
E058,10/11/2023,游水,沙田,,沙田,,,,,,,,游水,,
E058,10/11/2023,踱步,沙田,內圈,沙田 內圈,,,,,,鍾易禮,,快踱一圈,H,內圈 快踱一圈 (鍾易禮)
E058,09/11/2023,游水,沙田,,沙田,,,,,,,,游水,,
E058,09/11/2023,踱步,沙田,內圈,沙田 內圈,,,,,,鍾易禮,,倒快兩圈,H,內圈 倒快兩圈 (鍾易禮)
E058,08/11/2023,游水,沙田,,沙田,,,,,,,,游水,,
E058,08/11/2023,踱步,沙田,內圈,沙田 內圈,,,,,,鍾易禮,,快踱一圈,H,內圈 快踱一圈 (鍾易禮)
E058,07/11/2023,試閘,沙田,全天候,沙田 全天候,1200M,1.10.11,70.11,24.4 22.4 23.3,加州星球,蔡明紹,,第1組,H,第1組 (蔡明紹) 1200M 加州星球 24.4 22.4 23.3 (1.10.11)
E058,07/11/2023,游水,沙田,,沙田,,,,,,,,游水,,
E058,06/11/2023,游水,沙田,,沙田,,,,,,,,游水,,
E058,06/11/2023,踱步,沙田,內圈,沙田 內圈,,,,,,鍾易禮,,倒快兩圈,H,內圈 倒快兩圈 (鍾易禮)
E058,05/11/2023,游水,沙田,,沙田,,,,,,,,游水,,
E058,05/11/2023,踱步,沙田,內圈,沙田 內圈,,,,,,鍾易禮,,快踱一圈,H,內圈 快踱一圈 (鍾易禮)
E058,04/11/2023,游水,沙田,,沙田,,,,,,,,游水,,
E058,04/11/2023,快操,沙田,全天候,沙田 全天候,,58.8,58.8,31.5 27.3,,鍾易禮,,快操,H,31.5 27.3 (58.8) (鍾易禮)
E058,04/11/2023,踱步,沙田,飛機場,沙田 飛機場,,,,,,鍾易禮,,踱步,H,飛機場 踱步 (鍾易禮)
E058,03/11/2023,游水,沙田,,沙田,,,,,,,,游水,,
E058,03/11/2023,踱步,沙田,內圈,沙田 內圈,,,,,,鍾易禮,,快踱一圈,H,內圈 快踱一圈 (鍾易禮)
E058,02/11/2023,游水,沙田,,沙田,,,,,,,,游水,,
E058,02/11/2023,踱步,沙田,內圈,沙田 內圈,,,,,,鍾易禮,,倒快兩圈,H,內圈 倒快兩圈 (鍾易禮)
E058,01/11/2023,游水,沙田,,沙田,,,,,,,,游水,,
E058,01/11/2023,快操,沙田,全天候,沙田 全天候,,56.2,56.2,30.5 25.7,,鍾易禮,,快操,H,30.5 25.7 (56.2) (鍾易禮)
E058,31/10/2023,游水,沙田,,沙田,,,,,,,,游水,,
E058,31/10/2023,踱步,沙田,內圈,沙田 內圈,,,,,,鍾易禮,,快踱一圈,H,內圈 快踱一圈 (鍾易禮)
E058,30/10/2023,游水,沙田,,沙田,,,,,,,,游水,,
E058,30/10/2023,踱步,沙田,內圈,沙田 內圈,,,,,,鍾易禮,,倒快兩圈,H,內圈 倒快兩圈 (鍾易禮)
E058,29/10/2023,游水,沙田,,沙田,,,,,,,,游水,,
E058,29/10/2023,踱步,沙田,內圈,沙田 內圈,,,,,,鍾易禮,,快踱一圈,H,內圈 快踱一圈 (鍾易禮)
E058,28/10/2023,游水,沙田,,沙田,,,,,,,,游水,,
E058,28/10/2023,快操,沙田,全天候,沙田 全天候,,57.7,57.7,31.0 26.7,,鍾易禮,,快操,H,31.0 26.7 (57.7) (鍾易禮)
E058,28/10/2023,踱步,沙田,飛機場,沙田 飛機場,,,,,,鍾易禮,,踱步,H,飛機場 踱步 (鍾易禮)
E058,27/10/2023,游水,沙田,,沙田,,,,,,,,游水,,
E058,27/10/2023,踱步,沙田,內圈,沙田 內圈,,,,,,鍾易禮,,快踱一圈,H,內圈 快踱一圈 (鍾易禮)
E058,26/10/2023,游水,沙田,,沙田,,,,,,,,游水,,
E058,26/10/2023,踱步,沙田,內圈,沙田 內圈,,,,,,鍾易禮,,倒快兩圈,H,內圈 倒快兩圈 (鍾易禮)
E058,25/10/2023,游水,沙田,,沙田,,,,,,,,游水,,
E058,25/10/2023,快操,沙田,全天候,沙田 全天候,,57.1,57.1,30.3 26.8,,鍾易禮,,快操,H,30.3 26.8 (57.1) (鍾易禮)
E058,25/10/2023,踱步,沙田,飛機場,沙田 飛機場,,,,,,鍾易禮,,踱步,H,飛機場 踱步 (鍾易禮)
E058,24/10/2023,游水,沙田,,沙田,,,,,,,,游水,,
E058,24/10/2023,踱步,沙田,內圈,沙田 內圈,,,,,,鍾易禮,,快踱一圈,H,內圈 快踱一圈 (鍾易禮)
E058,23/10/2023,游水,沙田,,沙田,,,,,,,,游水,,
E058,23/10/2023,踱步,沙田,內圈,沙田 內圈,,,,,,鍾易禮,,倒快兩圈,H,內圈 倒快兩圈 (鍾易禮)
E058,22/10/2023,游水,沙田,,沙田,,,,,,,,游水,,
E058,22/10/2023,快操,沙田,全天候,沙田 全天候,,56.6,56.6,30.3 26.3,,鍾易禮,,快操,H,30.3 26.3 (56.6) (鍾易禮)
E058,22/10/2023,踱步,沙田,飛機場,沙田 飛機場,,,,,,鍾易禮,,踱步,H,飛機場 踱步 (鍾易禮)
E058,21/10/2023,游水,沙田,,沙田,,,,,,,,游水,,
E058,21/10/2023,踱步,沙田,內圈,沙田 內圈,,,,,,鍾易禮,,快踱一圈,H,內圈 快踱一圈 (鍾易禮)
E058,20/10/2023,游水,沙田,,沙田,,,,,,,,游水,,
E058,20/10/2023,踱步,沙田,內圈,沙田 內圈,,,,,,鍾易禮,,快踱一圈,H,內圈 快踱一圈 (鍾易禮)
E058,19/10/2023,游水,沙田,,沙田,,,,,,,,游水,,
E058,19/10/2023,踱步,沙田,內圈,沙田 內圈,,,,,,鍾易禮,,倒快兩圈,H,內圈 倒快兩圈 (鍾易禮)
E058,18/10/2023,游水,沙田,,沙田,,,,,,,,游水,,
E058,18/10/2023,踱步,沙田,內圈,沙田 內圈,,,,,,鍾易禮,,快踱一圈,H,內圈 快踱一圈 (鍾易禮)
E058,17/10/2023,游水,沙田,,沙田,,,,,,,,游水,,
E058,17/10/2023,踱步,沙田,內圈,沙田 內圈,,,,,,鍾易禮,,快踱一圈,H,內圈 快踱一圈 (鍾易禮)
E058,16/10/2023,游水,沙田,,沙田,,,,,,,,游水,,
E058,15/10/2023,出賽,沙田,草地,沙田 草地,1600M,,,,,蔡明紹,7/10,出賽,H/TT,1600M (蔡明紹) (7/10)
E058,15/10/2023,游水,沙田,,沙田,,,,,,,,游水,,
E058,15/10/2023,踱步,沙田,內圈,沙田 內圈,,,,,,鍾易禮,,快踱一圈,H,內圈 快踱一圈 (鍾易禮)
E058,14/10/2023,游水,沙田,,沙田,,,,,,,,游水,,
E058,14/10/2023,踱步,沙田,內圈,沙田 內圈,,,,,,鍾易禮,,快踱一圈,H,內圈 快踱一圈 (鍾易禮)
E058,13/10/2023,游水,沙田,,沙田,,,,,,,,游水,,
E058,13/10/2023,踱步,沙田,內圈,沙田 內圈,,,,,,鍾易禮,,快踱一圈,H,內圈 快踱一圈 (鍾易禮)
E058,12/10/2023,游水,沙田,,沙田,,,,,,,,游水,,
E058,12/10/2023,快操,沙田,全天候,沙田 全天候,,56.1,56.1,29.1 27.0,,副練馬師,,快操,H,29.1 27.0 (56.1) (副練馬師)
E058,12/10/2023,踱步,沙田,飛機場,沙田 飛機場,,,,,,副練馬師,,踱步,H,飛機場 踱步 (副練馬師)
E058,11/10/2023,游水,沙田,,沙田,,,,,,,,游水,,
E058,11/10/2023,踱步,沙田,內圈,沙田 內圈,,,,,,鍾易禮,,快踱一圈,H,內圈 快踱一圈 (鍾易禮)
E058,10/10/2023,游水,沙田,,沙田,,,,,,,,游水,,
E058,10/10/2023,踱步,沙田,內圈,沙田 內圈,,,,,,鍾易禮,,快踱一圈,H,內圈 快踱一圈 (鍾易禮)
E058,09/10/2023,游水,沙田,,沙田,,,,,,,,游水,,
E058,08/10/2023,游水,沙田,,沙田,,,,,,,,游水,,
E058,08/10/2023,快操,沙田,全天候,沙田 全天候,,58.6,58.6,30.8 27.8,,鍾易禮,,快操,H,30.8 27.8 (58.6) (鍾易禮)
E058,08/10/2023,踱步,沙田,飛機場,沙田 飛機場,,,,,,鍾易禮,,踱步,H,飛機場 踱步 (鍾易禮)
E058,07/10/2023,游水,沙田,,沙田,,,,,,,,游水,,
E058,07/10/2023,踱步,沙田,內圈,沙田 內圈,,,,,,鍾易禮,,快踱一圈,H,內圈 快踱一圈 (鍾易禮)
E058,06/10/2023,游水,沙田,,沙田,,,,,,,,游水,,
E058,06/10/2023,踱步,沙田,內圈,沙田 內圈,,,,,,鍾易禮,,快踱一圈,H,內圈 快踱一圈 (鍾易禮)
E058,05/10/2023,游水,沙田,,沙田,,,,,,,,游水,,
E058,05/10/2023,快操,沙田,全天候,沙田 全天候,,56.5,56.5,30.8 25.7,,副練馬師,,快操,H,30.8 25.7 (56.5) (副練馬師)
E058,05/10/2023,踱步,沙田,飛機場,沙田 飛機場,,,,,,副練馬師,,踱步,H,飛機場 踱步 (副練馬師)
E058,04/10/2023,游水,沙田,,沙田,,,,,,,,游水,,
E058,04/10/2023,踱步,沙田,內圈,沙田 內圈,,,,,,鍾易禮,,快踱一圈,H,內圈 快踱一圈 (鍾易禮)
E058,03/10/2023,游水,沙田,,沙田,,,,,,,,游水,,
E058,03/10/2023,踱步,沙田,內圈,沙田 內圈,,,,,,鍾易禮,,快踱一圈,H,內圈 快踱一圈 (鍾易禮)
E058,02/10/2023,游水,沙田,,沙田,,,,,,,,游水,,
E058,02/10/2023,踱步,沙田,內圈,沙田 內圈,,,,,,鍾易禮,,倒快兩圈,H,內圈 倒快兩圈 (鍾易禮)
E058,01/10/2023,游水,沙田,,沙田,,,,,,,,游水,,
E058,01/10/2023,快操,沙田,全天候,沙田 全天候,,58.4,58.4,31.5 26.9,,鍾易禮,,快操,H,31.5 26.9 (58.4) (鍾易禮)
E058,01/10/2023,踱步,沙田,飛機場,沙田 飛機場,,,,,,鍾易禮,,踱步,H,飛機場 踱步 (鍾易禮)
E058,30/09/2023,游水,沙田,,沙田,,,,,,,,游水,,
E058,30/09/2023,踱步,沙田,內圈,沙田 內圈,,,,,,鍾易禮,,快踱一圈,H,內圈 快踱一圈 (鍾易禮)
E058,29/09/2023,游水,沙田,,沙田,,,,,,,,游水,,
E058,29/09/2023,踱步,沙田,內圈,沙田 內圈,,,,,,鍾易禮,,快踱一圈,H,內圈 快踱一圈 (鍾易禮)
E058,28/09/2023,游水,沙田,,沙田,,,,,,,,游水,,
E058,28/09/2023,踱步,沙田,內圈,沙田 內圈,,,,,,鍾易禮,,倒快兩圈,H,內圈 倒快兩圈 (鍾易禮)
E058,27/09/2023,游水,沙田,,沙田,,,,,,,,游水,,
E058,27/09/2023,踱步,沙田,內圈,沙田 內圈,,,,,,鍾易禮,,快踱一圈,H,內圈 快踱一圈 (鍾易禮)
E058,26/09/2023,游水,沙田,,沙田,,,,,,,,游水,,
E058,26/09/2023,踱步,沙田,內圈,沙田 內圈,,,,,,鍾易禮,,快踱一圈,H,內圈 快踱一圈 (鍾易禮)
E058,25/09/2023,游水,沙田,,沙田,,,,,,,,游水,,
E058,24/09/2023,出賽,沙田,草地,沙田 草地,1400M,,,,,布文,4/6,出賽,H/TT,1400M (布文) (4/6)
E058,24/09/2023,游水,沙田,,沙田,,,,,,,,游水,,
E058,24/09/2023,踱步,沙田,內圈,沙田 內圈,,,,,,鍾易禮,,快踱一圈,H,內圈 快踱一圈 (鍾易禮)
E058,23/09/2023,游水,沙田,,沙田,,,,,,,,游水,,
E058,23/09/2023,踱步,沙田,內圈,沙田 內圈,,,,,,鍾易禮,,快踱一圈,H,內圈 快踱一圈 (鍾易禮)
E058,22/09/2023,游水,沙田,,沙田,,,,,,,,游水,,
E058,22/09/2023,踱步,沙田,內圈,沙田 內圈,,,,,,鍾易禮,,快踱一圈,H,內圈 快踱一圈 (鍾易禮)
E058,21/09/2023,游水,沙田,,沙田,,,,,,,,游水,,
E058,21/09/2023,快操,沙田,全天候,沙田 全天候,,57.6,57.6,31.1 26.5,,鍾易禮,,快操,H,31.1 26.5 (57.6) (鍾易禮)
E058,21/09/2023,踱步,沙田,飛機場,沙田 飛機場,,,,,,鍾易禮,,踱步,H,飛機場 踱步 (鍾易禮)
E058,20/09/2023,游水,沙田,,沙田,,,,,,,,游水,,
E058,20/09/2023,踱步,沙田,內圈,沙田 內圈,,,,,,鍾易禮,,快踱一圈,H,內圈 快踱一圈 (鍾易禮)
E058,19/09/2023,游水,沙田,,沙田,,,,,,,,游水,,
E058,19/09/2023,踱步,沙田,內圈,沙田 內圈,,,,,,鍾易禮,,快踱一圈,H,內圈 快踱一圈 (鍾易禮)
E058,18/09/2023,游水,沙田,,沙田,,,,,,,,游水,,
E058,18/09/2023,踱步,沙田,內圈,沙田 內圈,,,,,,鍾易禮,,倒快兩圈,H,內圈 倒快兩圈 (鍾易禮)
E058,17/09/2023,游水,沙田,,沙田,,,,,,,,游水,,
E058,17/09/2023,踱步,沙田,內圈,沙田 內圈,,,,,,鍾易禮,,快踱一圈,H,內圈 快踱一圈 (鍾易禮)
E058,16/09/2023,游水,沙田,,沙田,,,,,,,,游水,,
E058,16/09/2023,踱步,沙田,內圈,沙田 內圈,,,,,,鍾易禮,,快踱一圈,H,內圈 快踱一圈 (鍾易禮)
E058,15/09/2023,試閘,沙田,全天候,沙田 全天候,1200M,1.10.46,70.46,24.8 22.3 23.3,神虎龍駒,布文,,第1組,H,第1組 (布文) 1200M 神虎龍駒 24.8 22.3 23.3 (1.10.46)
E058,15/09/2023,游水,沙田,,沙田,,,,,,,,游水,,
E058,14/09/2023,游水,沙田,,沙田,,,,,,,,游水,,
E058,14/09/2023,踱步,沙田,內圈,沙田 內圈,,,,,,鍾易禮,,倒快兩圈,H,內圈 倒快兩圈 (鍾易禮)
E058,13/09/2023,游水,沙田,,沙田,,,,,,,,游水,,
E058,13/09/2023,踱步,沙田,內圈,沙田 內圈,,,,,,鍾易禮,,快踱一圈,H,內圈 快踱一圈 (鍾易禮)
E058,12/09/2023,游水,沙田,,沙田,,,,,,,,游水,,
E058,12/09/2023,快操,沙田,全天候,沙田 全天候,,57.3,57.3,30.9 26.4,,鍾易禮,,快操,H,30.9 26.4 (57.3) (鍾易禮)
E058,12/09/2023,踱步,沙田,飛機場,沙田 飛機場,,,,,,鍾易禮,,踱步,H,飛機場 踱步 (鍾易禮)
E058,11/09/2023,游水,沙田,,沙田,,,,,,,,游水,,
E058,11/09/2023,踱步,沙田,內圈,沙田 內圈,,,,,,鍾易禮,,倒快兩圈,H,內圈 倒快兩圈 (鍾易禮)
E058,10/09/2023,游水,沙田,,沙田,,,,,,,,游水,,
E058,10/09/2023,踱步,沙田,內圈,沙田 內圈,,,,,,鍾易禮,,快踱一圈,H,內圈 快踱一圈 (鍾易禮)
E058,09/09/2023,游水,沙田,,沙田,,,,,,,,游水,,
E058,09/09/2023,快操,沙田,全天候,沙田 全天候,,56.0,56.0,29.5 26.5,,鍾易禮,,快操,H,29.5 26.5 (56.0) (鍾易禮)
E058,09/09/2023,踱步,沙田,飛機場,沙田 飛機場,,,,,,鍾易禮,,踱步,H,飛機場 踱步 (鍾易禮)
E058,07/09/2023,游水,沙田,,沙田,,,,,,,,游水,,
E058,07/09/2023,踱步,沙田,內圈,沙田 內圈,,,,,,鍾易禮,,倒快兩圈,H,內圈 倒快兩圈 (鍾易禮)
E058,06/09/2023,游水,沙田,,沙田,,,,,,,,游水,,
E058,06/09/2023,快操,沙田,全天候,沙田 全天候,,58.2,58.2,31.3 26.9,,鍾易禮,,快操,H,31.3 26.9 (58.2) (鍾易禮)
E058,06/09/2023,踱步,沙田,飛機場,沙田 飛機場,,,,,,鍾易禮,,踱步,H,飛機場 踱步 (鍾易禮)
E058,05/09/2023,游水,沙田,,沙田,,,,,,,,游水,,
E058,05/09/2023,踱步,沙田,內圈,沙田 內圈,,,,,,鍾易禮,,快踱一圈,H,內圈 快踱一圈 (鍾易禮)
E058,04/09/2023,游水,沙田,,沙田,,,,,,,,游水,,
E058,04/09/2023,踱步,沙田,內圈,沙田 內圈,,,,,,鍾易禮,,倒快兩圈,H,內圈 倒快兩圈 (鍾易禮)
E058,03/09/2023,游水,沙田,,沙田,,,,,,,,游水,,
E058,03/09/2023,踱步,沙田,內圈,沙田 內圈,,,,,,鍾易禮,,快踱一圈,H,內圈 快踱一圈 (鍾易禮)
E058,31/08/2023,游水,沙田,,沙田,,,,,,,,游水,,
E058,31/08/2023,踱步,沙田,內圈,沙田 內圈,,,,,,鍾易禮,,倒快兩圈,H,內圈 倒快兩圈 (鍾易禮)
E058,30/08/2023,游水,沙田,,沙田,,,,,,,,游水,,
E058,30/08/2023,踱步,沙田,內圈,沙田 內圈,,,,,,鍾易禮,,快踱一圈,H,內圈 快踱一圈 (鍾易禮)
E058,29/08/2023,游水,沙田,,沙田,,,,,,,,游水,,
E058,29/08/2023,踱步,沙田,內圈,沙田 內圈,,,,,,鍾易禮,,快踱一圈,H,內圈 快踱一圈 (鍾易禮)
E058,28/08/2023,游水,沙田,,沙田,,,,,,,,游水,,
E058,28/08/2023,踱步,沙田,內圈,沙田 內圈,,,,,,鍾易禮,,倒快兩圈,H,內圈 倒快兩圈 (鍾易禮)
E058,27/08/2023,游水,沙田,,沙田,,,,,,,,游水,,
E058,27/08/2023,踱步,沙田,內圈,沙田 內圈,,,,,,鍾易禮,,快踱一圈,H,內圈 快踱一圈 (鍾易禮)
E058,26/08/2023,踱步,沙田,內圈,沙田 內圈,,,,,,鍾易禮,,快踱一圈,H,內圈 快踱一圈 (鍾易禮)
E058,25/08/2023,踱步,沙田,內圈,沙田 內圈,,,,,,鍾易禮,,快踱一圈,H,內圈 快踱一圈 (鍾易禮)
E058,24/08/2023,踱步,沙田,內圈,沙田 內圈,,,,,,鍾易禮,,倒快兩圈,H,內圈 倒快兩圈 (鍾易禮)
E058,23/08/2023,踱步,沙田,內圈,沙田 內圈,,,,,,鍾易禮,,快踱一圈,H,內圈 快踱一圈 (鍾易禮)
E058,22/08/2023,踱步,沙田,內圈,沙田 內圈,,,,,,鍾易禮,,快踱一圈,H,內圈 快踱一圈 (鍾易禮)
E058,21/08/2023,游水,沙田,,沙田,,,,,,,,游水,,
E058,21/08/2023,踱步,沙田,內圈,沙田 內圈,,,,,,鍾易禮,,倒快兩圈,H,內圈 倒快兩圈 (鍾易禮)
E058,20/08/2023,游水,沙田,,沙田,,,,,,,,游水,,
E058,20/08/2023,踱步,沙田,內圈,沙田 內圈,,,,,,鍾易禮,,快踱一圈,H,內圈 快踱一圈 (鍾易禮)
E058,19/08/2023,游水,沙田,,沙田,,,,,,,,游水,,
E058,19/08/2023,踱步,沙田,內圈,沙田 內圈,,,,,,鍾易禮,,快踱一圈,H,內圈 快踱一圈 (鍾易禮)
E058,18/08/2023,游水,沙田,,沙田,,,,,,,,游水,,
E058,18/08/2023,踱步,沙田,內圈,沙田 內圈,,,,,,鍾易禮,,快踱一圈,H,內圈 快踱一圈 (鍾易禮)
E058,17/08/2023,游水,沙田,,沙田,,,,,,,,游水,,
E058,17/08/2023,踱步,沙田,內圈,沙田 內圈,,,,,,鍾易禮,,倒快兩圈,H,內圈 倒快兩圈 (鍾易禮)
E058,16/08/2023,游水,沙田,,沙田,,,,,,,,游水,,
E058,16/08/2023,踱步,沙田,內圈,沙田 內圈,,,,,,鍾易禮,,快踱一圈,H,內圈 快踱一圈 (鍾易禮)
E058,15/08/2023,游水,沙田,,沙田,,,,,,,,游水,,
E058,15/08/2023,踱步,沙田,內圈,沙田 內圈,,,,,,鍾易禮,,快踱一圈,H,內圈 快踱一圈 (鍾易禮)
E058,14/08/2023,游水,沙田,,沙田,,,,,,,,游水,,
E058,14/08/2023,踱步,沙田,內圈,沙田 內圈,,,,,,鍾易禮,,倒快兩圈,H,內圈 倒快兩圈 (鍾易禮)
E058,13/08/2023,游水,沙田,,沙田,,,,,,,,游水,,
E058,13/08/2023,踱步,沙田,內圈,沙田 內圈,,,,,,鍾易禮,,快踱一圈,H,內圈 快踱一圈 (鍾易禮)
E058,12/08/2023,游水,沙田,,沙田,,,,,,,,游水,,
E058,12/08/2023,踱步,沙田,內圈,沙田 內圈,,,,,,鍾易禮,,快踱一圈,H,內圈 快踱一圈 (鍾易禮)
E058,11/08/2023,游水,沙田,,沙田,,,,,,,,游水,,
E058,11/08/2023,踱步,沙田,內圈,沙田 內圈,,,,,,鍾易禮,,快踱一圈,H,內圈 快踱一圈 (鍾易禮)
E058,10/08/2023,游水,沙田,,沙田,,,,,,,,游水,,
E058,10/08/2023,踱步,沙田,內圈,沙田 內圈,,,,,,鍾易禮,,快踱一圈,H,內圈 快踱一圈 (鍾易禮)
E058,09/08/2023,游水,沙田,,沙田,,,,,,,,游水,,
E058,09/08/2023,踱步,沙田,內圈,沙田 內圈,,,,,,鍾易禮,,快踱一圈,H,內圈 快踱一圈 (鍾易禮)
E058,08/08/2023,游水,沙田,,沙田,,,,,,,,游水,,
E058,08/08/2023,踱步,沙田,內圈,沙田 內圈,,,,,,鍾易禮,,快踱一圈,H,內圈 快踱一圈 (鍾易禮)
E058,07/08/2023,游水,沙田,,沙田,,,,,,,,游水,,
E058,07/08/2023,踱步,沙田,內圈,沙田 內圈,,,,,,助手,,快踱一圈,H,內圈 快踱一圈 (助手)
E058,06/08/2023,游水,沙田,,沙田,,,,,,,,游水,,
E058,05/08/2023,游水,沙田,,沙田,,,,,,,,游水,,
E058,04/08/2023,游水,沙田,,沙田,,,,,,,,游水,,
E058,03/08/2023,游水,沙田,,沙田,,,,,,,,游水,,
E058,02/08/2023,游水,沙田,,沙田,,,,,,,,游水,,
E058,01/08/2023,游水,沙田,,沙田,,,,,,,,游水,,
E058,31/07/2023,游水,沙田,,沙田,,,,,,,,游水,,
E058,16/07/2023,游水,沙田,,沙田,,,,,,,,游水,,
E058,15/07/2023,游水,沙田,,沙田,,,,,,,,游水,,
E058,14/07/2023,游水,沙田,,沙田,,,,,,,,游水,,
E058,13/07/2023,游水,沙田,,沙田,,,,,,,,游水,,
E058,12/07/2023,游水,沙田,,沙田,,,,,,,,游水,,
E058,11/07/2023,游水,沙田,,沙田,,,,,,,,游水,,
E058,10/07/2023,游水,沙田,,沙田,,,,,,,,游水,,
E058,09/07/2023,游水,沙田,,沙田,,,,,,,,游水,,
E058,08/07/2023,游水,沙田,,沙田,,,,,,,,游水,,
E058,07/07/2023,游水,沙田,,沙田,,,,,,,,游水,,
E058,06/07/2023,游水,沙田,,沙田,,,,,,,,游水,,
E058,05/07/2023,游水,沙田,,沙田,,,,,,,,游水,,
E058,04/07/2023,游水,沙田,,沙田,,,,,,,,游水,,
E058,03/07/2023,游水,沙田,,沙田,,,,,,,,游水,,
E058,02/07/2023,游水,沙田,,沙田,,,,,,,,游水,,
E058,01/07/2023,游水,沙田,,沙田,,,,,,,,游水,,
E058,30/06/2023,游水,沙田,,沙田,,,,,,,,游水,,
E058,29/06/2023,游水,沙田,,沙田,,,,,,,,游水,,
E058,28/06/2023,游水,沙田,,沙田,,,,,,,,游水,,
E058,27/06/2023,游水,沙田,,沙田,,,,,,,,游水,,
E058,25/06/2023,游水,沙田,,沙田,,,,,,,,游水,,
E058,25/06/2023,踱步,沙田,內圈,沙田 內圈,,,,,,鍾易禮,,快踱一圈,H,內圈 快踱一圈 (鍾易禮)
E058,24/06/2023,游水,沙田,,沙田,,,,,,,,游水,,
E058,24/06/2023,踱步,沙田,內圈,沙田 內圈,,,,,,鍾易禮,,快踱一圈,H,內圈 快踱一圈 (鍾易禮)
E058,23/06/2023,游水,沙田,,沙田,,,,,,,,游水,,
E058,23/06/2023,踱步,沙田,內圈,沙田 內圈,,,,,,鍾易禮,,快踱一圈,H,內圈 快踱一圈 (鍾易禮)
E058,22/06/2023,游水,沙田,,沙田,,,,,,,,游水,,
E058,22/06/2023,快操,沙田,全天候,沙田 全天候,,57.3,57.3,31.0 26.3,,鍾易禮,,快操,H,31.0 26.3 (57.3) (鍾易禮)
E058,22/06/2023,踱步,沙田,飛機場,沙田 飛機場,,,,,,鍾易禮,,踱步,H,飛機場 踱步 (鍾易禮)
E058,21/06/2023,游水,沙田,,沙田,,,,,,,,游水,,
E058,21/06/2023,踱步,沙田,內圈,沙田 內圈,,,,,,鍾易禮,,快踱一圈,H,內圈 快踱一圈 (鍾易禮)
E058,20/06/2023,游水,沙田,,沙田,,,,,,,,游水,,
E058,20/06/2023,踱步,沙田,內圈,沙田 內圈,,,,,,鍾易禮,,快踱一圈,H,內圈 快踱一圈 (鍾易禮)
E058,19/06/2023,游水,沙田,,沙田,,,,,,,,游水,,
E058,19/06/2023,踱步,沙田,內圈,沙田 內圈,,,,,,鍾易禮,,倒快兩圈,H,內圈 倒快兩圈 (鍾易禮)
E058,18/06/2023,游水,沙田,,沙田,,,,,,,,游水,,
E058,18/06/2023,快操,沙田,全天候,沙田 全天候,,57.5,57.5,30.7 26.8,,鍾易禮,,快操,H,30.7 26.8 (57.5) (鍾易禮)
E058,18/06/2023,踱步,沙田,飛機場,沙田 飛機場,,,,,,鍾易禮,,踱步,H,飛機場 踱步 (鍾易禮)
E058,17/06/2023,游水,沙田,,沙田,,,,,,,,游水,,
E058,17/06/2023,踱步,沙田,內圈,沙田 內圈,,,,,,副練馬師,,快踱一圈,H,內圈 快踱一圈 (副練馬師)
E058,16/06/2023,游水,沙田,,沙田,,,,,,,,游水,,
E058,16/06/2023,踱步,沙田,內圈,沙田 內圈,,,,,,副練馬師,,快踱一圈,H,內圈 快踱一圈 (副練馬師)
E058,15/06/2023,游水,沙田,,沙田,,,,,,,,游水,,
E058,15/06/2023,快操,沙田,全天候,沙田 全天候,,58.3,58.3,30.9 27.4,,副練馬師,,快操,H,30.9 27.4 (58.3) (副練馬師)
E058,14/06/2023,游水,沙田,,沙田,,,,,,,,游水,,
E058,14/06/2023,踱步,沙田,內圈,沙田 內圈,,,,,,副練馬師,,快踱一圈,H,內圈 快踱一圈 (副練馬師)
E058,13/06/2023,游水,沙田,,沙田,,,,,,,,游水,,
E058,13/06/2023,踱步,沙田,內圈,沙田 內圈,,,,,,鍾易禮,,快踱一圈,H,內圈 快踱一圈 (鍾易禮)
E058,12/06/2023,游水,沙田,,沙田,,,,,,,,游水,,
E058,12/06/2023,踱步,沙田,內圈,沙田 內圈,,,,,,鍾易禮,,倒快兩圈,H,內圈 倒快兩圈 (鍾易禮)
E058,11/06/2023,游水,沙田,,沙田,,,,,,,,游水,,
E058,11/06/2023,踱步,沙田,內圈,沙田 內圈,,,,,,鍾易禮,,快踱一圈,H,內圈 快踱一圈 (鍾易禮)
E058,10/06/2023,游水,沙田,,沙田,,,,,,,,游水,,
E058,10/06/2023,踱步,沙田,內圈,沙田 內圈,,,,,,鍾易禮,,快踱一圈,,內圈 快踱一圈 (鍾易禮)
E058,09/06/2023,游水,沙田,,沙田,,,,,,,,游水,,
E058,09/06/2023,踱步,沙田,內圈,沙田 內圈,,,,,,鍾易禮,,快踱一圈,H,內圈 快踱一圈 (鍾易禮)
E058,08/06/2023,游水,沙田,,沙田,,,,,,,,游水,,
E058,08/06/2023,踱步,沙田,內圈,沙田 內圈,,,,,,鍾易禮,,倒快兩圈,H,內圈 倒快兩圈 (鍾易禮)
E058,07/06/2023,游水,沙田,,沙田,,,,,,,,游水,,
E058,07/06/2023,踱步,沙田,內圈,沙田 內圈,,,,,,副練馬師,,快踱一圈,H,內圈 快踱一圈 (副練馬師)
E058,06/06/2023,游水,沙田,,沙田,,,,,,,,游水,,
E058,06/06/2023,踱步,沙田,內圈,沙田 內圈,,,,,,助手,,快踱一圈,H,內圈 快踱一圈 (助手)
E058,04/06/2023,游水,沙田,,沙田,,,,,,,,游水,,
E058,04/06/2023,踱步,沙田,內圈,沙田 內圈,,,,,,副練馬師,,快踱一圈,H,內圈 快踱一圈 (副練馬師)
E058,03/06/2023,游水,沙田,,沙田,,,,,,,,游水,,
E058,03/06/2023,踱步,沙田,內圈,沙田 內圈,,,,,,副練馬師,,快踱一圈,H,內圈 快踱一圈 (副練馬師)
E058,02/06/2023,游水,沙田,,沙田,,,,,,,,游水,,
E058,02/06/2023,踱步,沙田,內圈,沙田 內圈,,,,,,副練馬師,,快踱一圈,H,內圈 快踱一圈 (副練馬師)
E058,01/06/2023,游水,沙田,,沙田,,,,,,,,游水,,
E058,01/06/2023,快操,沙田,全天候,沙田 全天候,,56.4,56.4,30.0 26.4,,副練馬師,,快操,H,30.0 26.4 (56.4) (副練馬師)
E058,31/05/2023,游水,沙田,,沙田,,,,,,,,游水,,
E058,31/05/2023,踱步,沙田,內圈,沙田 內圈,,,,,,副練馬師,,快踱一圈,H,內圈 快踱一圈 (副練馬師)
E058,30/05/2023,游水,沙田,,沙田,,,,,,,,游水,,
E058,30/05/2023,踱步,沙田,內圈,沙田 內圈,,,,,,副練馬師,,快踱一圈,H,內圈 快踱一圈 (副練馬師)
E058,29/05/2023,游水,沙田,,沙田,,,,,,,,游水,,
E058,29/05/2023,踱步,沙田,內圈,沙田 內圈,,,,,,副練馬師,,倒快兩圈,H,內圈 倒快兩圈 (副練馬師)
E058,28/05/2023,游水,沙田,,沙田,,,,,,,,游水,,
E058,28/05/2023,快操,沙田,全天候,沙田 全天候,,56.5,56.5,30.2 26.3,,副練馬師,,快操,H,30.2 26.3 (56.5) (副練馬師)
E058,28/05/2023,踱步,沙田,飛機場,沙田 飛機場,,,,,,副練馬師,,踱步,H,飛機場 踱步 (副練馬師)
E058,27/05/2023,游水,沙田,,沙田,,,,,,,,游水,,
E058,27/05/2023,踱步,沙田,內圈,沙田 內圈,,,,,,副練馬師,,快踱一圈,H,內圈 快踱一圈 (副練馬師)
E058,26/05/2023,游水,沙田,,沙田,,,,,,,,游水,,
E058,26/05/2023,踱步,沙田,內圈,沙田 內圈,,,,,,副練馬師,,快踱一圈,H,內圈 快踱一圈 (副練馬師)
E058,25/05/2023,游水,沙田,,沙田,,,,,,,,游水,,
E058,25/05/2023,快操,沙田,全天候,沙田 全天候,,58.7,58.7,31.7 27.0,,副練馬師,,快操,H,31.7 27.0 (58.7) (副練馬師)
E058,24/05/2023,游水,沙田,,沙田,,,,,,,,游水,,
E058,24/05/2023,踱步,沙田,內圈,沙田 內圈,,,,,,副練馬師,,快踱一圈,H,內圈 快踱一圈 (副練馬師)
E058,23/05/2023,游水,沙田,,沙田,,,,,,,,游水,,
E058,23/05/2023,踱步,沙田,內圈,沙田 內圈,,,,,,副練馬師,,快踱一圈,H,內圈 快踱一圈 (副練馬師)
E058,22/05/2023,游水,沙田,,沙田,,,,,,,,游水,,
E058,22/05/2023,踱步,沙田,內圈,沙田 內圈,,,,,,副練馬師,,倒快兩圈,H,內圈 倒快兩圈 (副練馬師)
E058,21/05/2023,游水,沙田,,沙田,,,,,,,,游水,,
E058,21/05/2023,踱步,沙田,內圈,沙田 內圈,,,,,,副練馬師,,快踱一圈,H,內圈 快踱一圈 (副練馬師)
E058,20/05/2023,游水,沙田,,沙田,,,,,,,,游水,,
E058,20/05/2023,快操,沙田,全天候,沙田 全天候,,55.6,55.6,30.9 24.7,,副練馬師,,快操,,30.9 24.7 (55.6) (副練馬師)
E058,20/05/2023,踱步,沙田,飛機場,沙田 飛機場,,,,,,副練馬師,,踱步,,飛機場 踱步 (副練馬師)
E058,19/05/2023,游水,沙田,,沙田,,,,,,,,游水,,
E058,19/05/2023,踱步,沙田,內圈,沙田 內圈,,,,,,副練馬師,,快踱一圈,H,內圈 快踱一圈 (副練馬師)
E058,18/05/2023,游水,沙田,,沙田,,,,,,,,游水,,
E058,18/05/2023,踱步,沙田,內圈,沙田 內圈,,,,,,副練馬師,,倒快兩圈,H,內圈 倒快兩圈 (副練馬師)
E058,17/05/2023,游水,沙田,,沙田,,,,,,,,游水,,
E058,17/05/2023,快操,沙田,全天候,沙田 全天候,,1.04.3,64.3,31.3 33.0,,副練馬師,,快操,H,31.3 33.0 (1.04.3) (副練馬師)
E058,17/05/2023,踱步,沙田,飛機場,沙田 飛機場,,,,,,副練馬師,,踱步,H,飛機場 踱步 (副練馬師)
E058,16/05/2023,游水,沙田,,沙田,,,,,,,,游水,,
E058,16/05/2023,踱步,沙田,內圈,沙田 內圈,,,,,,副練馬師,,快踱一圈,H,內圈 快踱一圈 (副練馬師)
E058,15/05/2023,游水,沙田,,沙田,,,,,,,,游水,,
E058,15/05/2023,踱步,沙田,內圈,沙田 內圈,,,,,,副練馬師,,倒快兩圈,H,內圈 倒快兩圈 (副練馬師)
E058,14/05/2023,游水,沙田,,沙田,,,,,,,,游水,,
E058,14/05/2023,快操,沙田,全天候,沙田 全天候,,56.3,56.3,30.2 26.1,,副練馬師,,快操,H,30.2 26.1 (56.3) (副練馬師)
E058,14/05/2023,踱步,沙田,飛機場,沙田 飛機場,,,,,,副練馬師,,踱步,H,飛機場 踱步 (副練馬師)
E058,13/05/2023,游水,沙田,,沙田,,,,,,,,游水,,
E058,13/05/2023,踱步,沙田,內圈,沙田 內圈,,,,,,副練馬師,,快踱一圈,H,內圈 快踱一圈 (副練馬師)
E058,12/05/2023,游水,沙田,,沙田,,,,,,,,游水,,
E058,12/05/2023,踱步,沙田,內圈,沙田 內圈,,,,,,副練馬師,,快踱一圈,H,內圈 快踱一圈 (副練馬師)
E058,11/05/2023,游水,沙田,,沙田,,,,,,,,游水,,
E058,11/05/2023,踱步,沙田,內圈,沙田 內圈,,,,,,副練馬師,,倒快兩圈,H,內圈 倒快兩圈 (副練馬師)
E058,10/05/2023,游水,沙田,,沙田,,,,,,,,游水,,
E058,10/05/2023,快操,沙田,全天候,沙田 全天候,,55.9,55.9,30.3 25.6,,副練馬師,,快操,H,30.3 25.6 (55.9) (副練馬師)
E058,10/05/2023,踱步,沙田,飛機場,沙田 飛機場,,,,,,副練馬師,,踱步,H,飛機場 踱步 (副練馬師)
E058,09/05/2023,游水,沙田,,沙田,,,,,,,,游水,,
E058,09/05/2023,踱步,沙田,內圈,沙田 內圈,,,,,,助手,,快踱一圈,H,內圈 快踱一圈 (助手)
E058,08/05/2023,游水,沙田,,沙田,,,,,,,,游水,,
E058,08/05/2023,踱步,沙田,內圈,沙田 內圈,,,,,,副練馬師,,倒快兩圈,H,內圈 倒快兩圈 (副練馬師)
E058,07/05/2023,游水,沙田,,沙田,,,,,,,,游水,,
E058,06/05/2023,游水,沙田,,沙田,,,,,,,,游水,,
E058,06/05/2023,踱步,沙田,內圈,沙田 內圈,,,,,,副練馬師,,快踱一圈,H,內圈 快踱一圈 (副練馬師)
E058,05/05/2023,游水,沙田,,沙田,,,,,,,,游水,,
E058,05/05/2023,踱步,沙田,內圈,沙田 內圈,,,,,,副練馬師,,快踱一圈,H,內圈 快踱一圈 (副練馬師)
E058,04/05/2023,游水,沙田,,沙田,,,,,,,,游水,,
E058,04/05/2023,踱步,沙田,內圈,沙田 內圈,,,,,,副練馬師,,倒快兩圈,H,內圈 倒快兩圈 (副練馬師)
E058,03/05/2023,游水,沙田,,沙田,,,,,,,,游水,,
E058,03/05/2023,踱步,沙田,內圈,沙田 內圈,,,,,,副練馬師,,快踱一圈,H,內圈 快踱一圈 (副練馬師)
E058,02/05/2023,游水,沙田,,沙田,,,,,,,,游水,,
E058,01/05/2023,游水,沙田,,沙田,,,,,,,,游水,,
E058,30/04/2023,游水,沙田,,沙田,,,,,,,,游水,,
E058,30/04/2023,踱步,沙田,內圈,沙田 內圈,,,,,,副練馬師,,快踱一圈,H,內圈 快踱一圈 (副練馬師)
E058,29/04/2023,游水,沙田,,沙田,,,,,,,,游水,,
E058,29/04/2023,踱步,沙田,內圈,沙田 內圈,,,,,,副練馬師,,快踱一圈,H,內圈 快踱一圈 (副練馬師)
E058,28/04/2023,游水,沙田,,沙田,,,,,,,,游水,,
E058,28/04/2023,踱步,沙田,內圈,沙田 內圈,,,,,,副練馬師,,快踱一圈,H,內圈 快踱一圈 (副練馬師)
E058,27/04/2023,游水,沙田,,沙田,,,,,,,,游水,,
E058,27/04/2023,快操,沙田,全天候,沙田 全天候,,56.1,56.1,30.2 25.9,,副練馬師,,快操,H,30.2 25.9 (56.1) (副練馬師)
E058,27/04/2023,踱步,沙田,飛機場,沙田 飛機場,,,,,,副練馬師,,踱步,H,飛機場 踱步 (副練馬師)
E058,26/04/2023,游水,沙田,,沙田,,,,,,,,游水,,
E058,26/04/2023,踱步,沙田,內圈,沙田 內圈,,,,,,副練馬師,,快踱一圈,H,內圈 快踱一圈 (副練馬師)
E058,25/04/2023,游水,沙田,,沙田,,,,,,,,游水,,
E058,25/04/2023,踱步,沙田,內圈,沙田 內圈,,,,,,副練馬師,,快踱一圈,H,內圈 快踱一圈 (副練馬師)
E058,24/04/2023,游水,沙田,,沙田,,,,,,,,游水,,
E058,24/04/2023,踱步,沙田,內圈,沙田 內圈,,,,,,副練馬師,,倒快兩圈,H,內圈 倒快兩圈 (副練馬師)
E058,23/04/2023,游水,沙田,,沙田,,,,,,,,游水,,
E058,23/04/2023,快操,沙田,全天候,沙田 全天候,,55.5,55.5,29.6 25.9,,副練馬師,,快操,H,29.6 25.9 (55.5) (副練馬師)
E058,23/04/2023,踱步,沙田,飛機場,沙田 飛機場,,,,,,副練馬師,,踱步,H,飛機場 踱步 (副練馬師)
E058,22/04/2023,游水,沙田,,沙田,,,,,,,,游水,,
E058,22/04/2023,踱步,沙田,內圈,沙田 內圈,,,,,,副練馬師,,快踱一圈,H,內圈 快踱一圈 (副練馬師)
E058,21/04/2023,游水,沙田,,沙田,,,,,,,,游水,,
E058,21/04/2023,踱步,沙田,內圈,沙田 內圈,,,,,,副練馬師,,快踱一圈,H,內圈 快踱一圈 (副練馬師)
E058,20/04/2023,游水,沙田,,沙田,,,,,,,,游水,,
E058,20/04/2023,快操,沙田,全天候,沙田 全天候,,58.4,58.4,30.6 27.8,,副練馬師,,快操,H,30.6 27.8 (58.4) (副練馬師)
E058,20/04/2023,踱步,沙田,飛機場,沙田 飛機場,,,,,,副練馬師,,踱步,H,飛機場 踱步 (副練馬師)
E058,19/04/2023,游水,沙田,,沙田,,,,,,,,游水,,
E058,19/04/2023,踱步,沙田,內圈,沙田 內圈,,,,,,副練馬師,,快踱一圈,H,內圈 快踱一圈 (副練馬師)
E058,18/04/2023,游水,沙田,,沙田,,,,,,,,游水,,
E058,18/04/2023,踱步,沙田,內圈,沙田 內圈,,,,,,助手,,快踱一圈,H,內圈 快踱一圈 (助手)
E058,17/04/2023,游水,沙田,,沙田,,,,,,,,游水,,
E058,17/04/2023,踱步,沙田,內圈,沙田 內圈,,,,,,助手,,倒快兩圈,H,內圈 倒快兩圈 (助手)
E058,16/04/2023,游水,沙田,,沙田,,,,,,,,游水,,
E058,16/04/2023,踱步,沙田,內圈,沙田 內圈,,,,,,副練馬師,,快踱一圈,H,內圈 快踱一圈 (副練馬師)
E058,15/04/2023,游水,沙田,,沙田,,,,,,,,游水,,
E058,15/04/2023,踱步,沙田,內圈,沙田 內圈,,,,,,副練馬師,,快踱一圈,H,內圈 快踱一圈 (副練馬師)
E058,14/04/2023,游水,沙田,,沙田,,,,,,,,游水,,
E058,14/04/2023,踱步,沙田,內圈,沙田 內圈,,,,,,副練馬師,,快踱一圈,H,內圈 快踱一圈 (副練馬師)
E058,13/04/2023,游水,沙田,,沙田,,,,,,,,游水,,
E058,13/04/2023,踱步,沙田,內圈,沙田 內圈,,,,,,副練馬師,,倒快兩圈,H,內圈 倒快兩圈 (副練馬師)
E058,12/04/2023,游水,沙田,,沙田,,,,,,,,游水,,
E058,12/04/2023,踱步,沙田,內圈,沙田 內圈,,,,,,副練馬師,,快踱一圈,H,內圈 快踱一圈 (副練馬師)
E058,11/04/2023,游水,沙田,,沙田,,,,,,,,游水,,
E058,11/04/2023,踱步,沙田,內圈,沙田 內圈,,,,,,助手,,快踱一圈,H,內圈 快踱一圈 (助手)
E058,10/04/2023,游水,沙田,,沙田,,,,,,,,游水,,
E058,09/04/2023,踱步,沙田,內圈,沙田 內圈,,,,,,副練馬師,,快踱一圈,H,內圈 快踱一圈 (副練馬師)
E058,08/04/2023,踱步,沙田,內圈,沙田 內圈,,,,,,副練馬師,,快踱一圈,H,內圈 快踱一圈 (副練馬師)
E058,07/04/2023,踱步,沙田,內圈,沙田 內圈,,,,,,副練馬師,,快踱一圈,H,內圈 快踱一圈 (副練馬師)
E058,06/04/2023,快操,沙田,全天候,沙田 全天候,,56.5,56.5,30.5 26.0,,副練馬師,,快操,H,30.5 26.0 (56.5) (副練馬師)
E058,06/04/2023,踱步,沙田,飛機場,沙田 飛機場,,,,,,副練馬師,,踱步,H,飛機場 踱步 (副練馬師)
E058,05/04/2023,踱步,沙田,內圈,沙田 內圈,,,,,,副練馬師,,快踱兩圈,H,內圈 快踱兩圈 (副練馬師)
E058,04/04/2023,踱步,沙田,內圈,沙田 內圈,,,,,,副練馬師,,快踱一圈,H,內圈 快踱一圈 (副練馬師)
E058,03/04/2023,踱步,沙田,內圈,沙田 內圈,,,,,,副練馬師,,倒快兩圈,H,內圈 倒快兩圈 (副練馬師)
E058,02/04/2023,踱步,沙田,內圈,沙田 內圈,,,,,,副練馬師,,快踱一圈,H,內圈 快踱一圈 (副練馬師)
E058,01/04/2023,踱步,沙田,內圈,沙田 內圈,,,,,,副練馬師,,快踱一圈,H,內圈 快踱一圈 (副練馬師)
E058,31/03/2023,踱步,沙田,內圈,沙田 內圈,,,,,,副練馬師,,快踱一圈,H,內圈 快踱一圈 (副練馬師)
E058,30/03/2023,踱步,沙田,內圈,沙田 內圈,,,,,,副練馬師,,倒快兩圈,H,內圈 倒快兩圈 (副練馬師)
E058,29/03/2023,踱步,沙田,內圈,沙田 內圈,,,,,,副練馬師,,快踱一圈,H,內圈 快踱一圈 (副練馬師)
E058,28/03/2023,試閘,沙田,全天候,沙田 全天候,1200M,1.11.87,71.87,25.1 23.5 23.2,八仟師,布文,,第1組,H,第1組 (布文) 1200M 八仟師 25.1 23.5 23.2 (1.11.87)
E058,27/03/2023,踱步,沙田,內圈,沙田 內圈,,,,,,副練馬師,,倒快兩圈,H,內圈 倒快兩圈 (副練馬師)
E058,26/03/2023,踱步,沙田,內圈,沙田 內圈,,,,,,副練馬師,,快踱一圈,H,內圈 快踱一圈 (副練馬師)
E058,25/03/2023,快操,沙田,全天候,沙田 全天候,,56.8,56.8,29.7 27.1,,副練馬師,,快操,H,29.7 27.1 (56.8) (副練馬師)
E058,25/03/2023,踱步,沙田,飛機場,沙田 飛機場,,,,,,副練馬師,,踱步,H,飛機場 踱步 (副練馬師)
E058,24/03/2023,踱步,沙田,內圈,沙田 內圈,,,,,,副練馬師,,快踱一圈,H,內圈 快踱一圈 (副練馬師)
E058,23/03/2023,游水,沙田,,沙田,,,,,,,,游水,,
E058,23/03/2023,踱步,沙田,內圈,沙田 內圈,,,,,,副練馬師,,倒快兩圈,H,內圈 倒快兩圈 (副練馬師)
E058,22/03/2023,游水,沙田,,沙田,,,,,,,,游水,,
E058,22/03/2023,快操,沙田,全天候,沙田 全天候,,57.4,57.4,30.5 26.9,,副練馬師,,快操,H,30.5 26.9 (57.4) (副練馬師)
E058,22/03/2023,踱步,沙田,飛機場,沙田 飛機場,,,,,,副練馬師,,踱步,H,飛機場 踱步 (副練馬師)
E058,21/03/2023,游水,沙田,,沙田,,,,,,,,游水,,
E058,21/03/2023,踱步,沙田,內圈,沙田 內圈,,,,,,助手,,快踱一圈,H,內圈 快踱一圈 (助手)
E058,20/03/2023,游水,沙田,,沙田,,,,,,,,游水,,
E058,20/03/2023,踱步,沙田,內圈,沙田 內圈,,,,,,副練馬師,,倒快兩圈,H,內圈 倒快兩圈 (副練馬師)
E058,19/03/2023,游水,沙田,,沙田,,,,,,,,游水,,
E058,19/03/2023,踱步,沙田,內圈,沙田 內圈,,,,,,副練馬師,,快踱一圈,H,內圈 快踱一圈 (副練馬師)
E058,18/03/2023,游水,沙田,,沙田,,,,,,,,游水,,
E058,18/03/2023,快操,沙田,全天候,沙田 全天候,,55.6,55.6,29.3 26.3,,副練馬師,,快操,H,29.3 26.3 (55.6) (副練馬師)
E058,18/03/2023,踱步,沙田,飛機場,沙田 飛機場,,,,,,副練馬師,,踱步,H,飛機場 踱步 (副練馬師)
E058,17/03/2023,游水,沙田,,沙田,,,,,,,,游水,,
E058,17/03/2023,踱步,沙田,內圈,沙田 內圈,,,,,,副練馬師,,快踱一圈,H,內圈 快踱一圈 (副練馬師)
E058,16/03/2023,踱步,沙田,內圈,沙田 內圈,,,,,,副練馬師,,倒快兩圈,H,內圈 倒快兩圈 (副練馬師)
E058,15/03/2023,踱步,沙田,內圈,沙田 內圈,,,,,,副練馬師,,快踱一圈,H,內圈 快踱一圈 (副練馬師)
E058,14/03/2023,游水,沙田,,沙田,,,,,,,,游水,,
E058,14/03/2023,踱步,沙田,內圈,沙田 內圈,,,,,,助手,,快踱一圈,H,內圈 快踱一圈 (助手)
E058,13/03/2023,游水,沙田,,沙田,,,,,,,,游水,,
E058,13/03/2023,踱步,沙田,內圈,沙田 內圈,,,,,,副練馬師,,倒快兩圈,H,內圈 倒快兩圈 (副練馬師)
E058,12/03/2023,游水,沙田,,沙田,,,,,,,,游水,,
E058,12/03/2023,快操,沙田,全天候,沙田 全天候,,57.5,57.5,30.8 26.7,,副練馬師,,快操,H,30.8 26.7 (57.5) (副練馬師)
E058,12/03/2023,踱步,沙田,飛機場,沙田 飛機場,,,,,,副練馬師,,踱步,H,飛機場 踱步 (副練馬師)
E058,11/03/2023,游水,沙田,,沙田,,,,,,,,游水,,
E058,11/03/2023,踱步,沙田,內圈,沙田 內圈,,,,,,副練馬師,,快踱一圈,H,內圈 快踱一圈 (副練馬師)
E058,10/03/2023,游水,沙田,,沙田,,,,,,,,游水,,
E058,10/03/2023,踱步,沙田,內圈,沙田 內圈,,,,,,副練馬師,,快踱一圈,H,內圈 快踱一圈 (副練馬師)
E058,09/03/2023,游水,沙田,,沙田,,,,,,,,游水,,
E058,09/03/2023,快操,沙田,全天候,沙田 全天候,,58.5,58.5,31.3 27.2,,副練馬師,,快操,H,31.3 27.2 (58.5) (副練馬師)
E058,09/03/2023,踱步,沙田,飛機場,沙田 飛機場,,,,,,副練馬師,,踱步,H,飛機場 踱步 (副練馬師)
E058,08/03/2023,游水,沙田,,沙田,,,,,,,,游水,,
E058,08/03/2023,踱步,沙田,內圈,沙田 內圈,,,,,,副練馬師,,快踱一圈,H,內圈 快踱一圈 (副練馬師)
E058,07/03/2023,游水,沙田,,沙田,,,,,,,,游水,,
E058,07/03/2023,踱步,沙田,內圈,沙田 內圈,,,,,,助手,,快踱一圈,H,內圈 快踱一圈 (助手)
E058,06/03/2023,游水,沙田,,沙田,,,,,,,,游水,,
E058,06/03/2023,踱步,沙田,內圈,沙田 內圈,,,,,,副練馬師,,倒快兩圈,H,內圈 倒快兩圈 (副練馬師)
E058,05/03/2023,游水,沙田,,沙田,,,,,,,,游水,,
E058,05/03/2023,快操,沙田,全天候,沙田 全天候,,58.7,58.7,31.9 26.8,,副練馬師,,快操,H,31.9 26.8 (58.7) (副練馬師)
E058,05/03/2023,踱步,沙田,飛機場,沙田 飛機場,,,,,,副練馬師,,踱步,H,飛機場 踱步 (副練馬師)
E058,04/03/2023,游水,沙田,,沙田,,,,,,,,游水,,
E058,04/03/2023,踱步,沙田,內圈,沙田 內圈,,,,,,副練馬師,,快踱一圈,H,內圈 快踱一圈 (副練馬師)
E058,03/03/2023,游水,沙田,,沙田,,,,,,,,游水,,
E058,03/03/2023,踱步,沙田,內圈,沙田 內圈,,,,,,副練馬師,,快踱一圈,H,內圈 快踱一圈 (副練馬師)
E058,02/03/2023,游水,沙田,,沙田,,,,,,,,游水,,
E058,02/03/2023,快操,沙田,全天候,沙田 全天候,,55.6,55.6,30.2 25.4,,副練馬師,,快操,H,30.2 25.4 (55.6) (副練馬師)
E058,02/03/2023,踱步,沙田,飛機場,沙田 飛機場,,,,,,副練馬師,,踱步,H,飛機場 踱步 (副練馬師)
E058,01/03/2023,游水,沙田,,沙田,,,,,,,,游水,,
E058,01/03/2023,踱步,沙田,內圈,沙田 內圈,,,,,,副練馬師,,快踱一圈,H,內圈 快踱一圈 (副練馬師)
E058,28/02/2023,游水,沙田,,沙田,,,,,,,,游水,,
E058,28/02/2023,踱步,沙田,內圈,沙田 內圈,,,,,,助手,,快踱一圈,H,內圈 快踱一圈 (助手)
E058,27/02/2023,游水,沙田,,沙田,,,,,,,,游水,,
E058,27/02/2023,踱步,沙田,內圈,沙田 內圈,,,,,,副練馬師,,倒快兩圈,H,內圈 倒快兩圈 (副練馬師)
E058,26/02/2023,游水,沙田,,沙田,,,,,,,,游水,,
E058,26/02/2023,踱步,沙田,內圈,沙田 內圈,,,,,,副練馬師,,快踱一圈,H,內圈 快踱一圈 (副練馬師)
E058,25/02/2023,游水,沙田,,沙田,,,,,,,,游水,,
E058,25/02/2023,踱步,沙田,內圈,沙田 內圈,,,,,,副練馬師,,快踱一圈,H,內圈 快踱一圈 (副練馬師)
E058,24/02/2023,游水,沙田,,沙田,,,,,,,,游水,,
E058,24/02/2023,踱步,沙田,內圈,沙田 內圈,,,,,,副練馬師,,快踱一圈,H,內圈 快踱一圈 (副練馬師)
E058,23/02/2023,游水,沙田,,沙田,,,,,,,,游水,,
E058,23/02/2023,踱步,沙田,內圈,沙田 內圈,,,,,,副練馬師,,倒快兩圈,H,內圈 倒快兩圈 (副練馬師)
E058,22/02/2023,游水,沙田,,沙田,,,,,,,,游水,,
E058,22/02/2023,踱步,沙田,內圈,沙田 內圈,,,,,,副練馬師,,快踱一圈,H,內圈 快踱一圈 (副練馬師)
E058,21/02/2023,游水,沙田,,沙田,,,,,,,,游水,,
E058,21/02/2023,踱步,沙田,內圈,沙田 內圈,,,,,,助手,,快踱一圈,H,內圈 快踱一圈 (助手)
E058,20/02/2023,游水,沙田,,沙田,,,,,,,,游水,,
E058,19/02/2023,游水,沙田,,沙田,,,,,,,,游水,,
E058,19/02/2023,踱步,沙田,內圈,沙田 內圈,,,,,,副練馬師,,快踱一圈,H,內圈 快踱一圈 (副練馬師)
E058,18/02/2023,游水,沙田,,沙田,,,,,,,,游水,,
E058,18/02/2023,踱步,沙田,內圈,沙田 內圈,,,,,,副練馬師,,快踱一圈,H,內圈 快踱一圈 (副練馬師)
E058,17/02/2023,游水,沙田,,沙田,,,,,,,,游水,,
E058,17/02/2023,踱步,沙田,內圈,沙田 內圈,,,,,,副練馬師,,快踱一圈,H,內圈 快踱一圈 (副練馬師)
E058,16/02/2023,游水,沙田,,沙田,,,,,,,,游水,,
E058,16/02/2023,快操,沙田,全天候,沙田 全天候,,56.2,56.2,30.1 26.1,,副練馬師,,快操,H,30.1 26.1 (56.2) (副練馬師)
E058,16/02/2023,踱步,沙田,飛機場,沙田 飛機場,,,,,,副練馬師,,踱步,H,飛機場 踱步 (副練馬師)
E058,15/02/2023,游水,沙田,,沙田,,,,,,,,游水,,
E058,15/02/2023,踱步,沙田,內圈,沙田 內圈,,,,,,副練馬師,,快踱一圈,H,內圈 快踱一圈 (副練馬師)
E058,14/02/2023,游水,沙田,,沙田,,,,,,,,游水,,
E058,14/02/2023,踱步,沙田,內圈,沙田 內圈,,,,,,助手,,快踱一圈,H,內圈 快踱一圈 (助手)
E058,13/02/2023,游水,沙田,,沙田,,,,,,,,游水,,
E058,13/02/2023,踱步,沙田,內圈,沙田 內圈,,,,,,副練馬師,,倒快兩圈,H,內圈 倒快兩圈 (副練馬師)
E058,12/02/2023,游水,沙田,,沙田,,,,,,,,游水,,
E058,12/02/2023,快操,沙田,全天候,沙田 全天候,,56.7,56.7,30.5 26.2,,副練馬師,,快操,H,30.5 26.2 (56.7) (副練馬師)
E058,12/02/2023,踱步,沙田,飛機場,沙田 飛機場,,,,,,副練馬師,,踱步,H,飛機場 踱步 (副練馬師)
E058,11/02/2023,游水,沙田,,沙田,,,,,,,,游水,,
E058,11/02/2023,踱步,沙田,內圈,沙田 內圈,,,,,,副練馬師,,快踱一圈,H,內圈 快踱一圈 (副練馬師)
E058,10/02/2023,游水,沙田,,沙田,,,,,,,,游水,,
E058,10/02/2023,踱步,沙田,內圈,沙田 內圈,,,,,,副練馬師,,快踱一圈,H,內圈 快踱一圈 (副練馬師)
E058,09/02/2023,游水,沙田,,沙田,,,,,,,,游水,,
E058,09/02/2023,快操,沙田,全天候,沙田 全天候,,57.2,57.2,30.3 26.9,,副練馬師,,快操,H,30.3 26.9 (57.2) (副練馬師)
E058,09/02/2023,踱步,沙田,飛機場,沙田 飛機場,,,,,,副練馬師,,踱步,H,飛機場 踱步 (副練馬師)
E058,08/02/2023,游水,沙田,,沙田,,,,,,,,游水,,
E058,08/02/2023,踱步,沙田,內圈,沙田 內圈,,,,,,副練馬師,,快踱一圈,H,內圈 快踱一圈 (副練馬師)
E058,07/02/2023,游水,沙田,,沙田,,,,,,,,游水,,
E058,07/02/2023,踱步,沙田,內圈,沙田 內圈,,,,,,助手,,快踱一圈,H,內圈 快踱一圈 (助手)
E058,06/02/2023,游水,沙田,,沙田,,,,,,,,游水,,
E058,06/02/2023,踱步,沙田,內圈,沙田 內圈,,,,,,副練馬師,,倒快兩圈,H,內圈 倒快兩圈 (副練馬師)
E058,05/02/2023,游水,沙田,,沙田,,,,,,,,游水,,
E058,05/02/2023,踱步,沙田,內圈,沙田 內圈,,,,,,副練馬師,,快踱一圈,H,內圈 快踱一圈 (副練馬師)
E058,04/02/2023,游水,沙田,,沙田,,,,,,,,游水,,
E058,04/02/2023,踱步,沙田,內圈,沙田 內圈,,,,,,助手,,快踱一圈,H,內圈 快踱一圈 (助手)
E058,03/02/2023,游水,沙田,,沙田,,,,,,,,游水,,
E058,03/02/2023,踱步,沙田,內圈,沙田 內圈,,,,,,副練馬師,,快踱一圈,H,內圈 快踱一圈 (副練馬師)
E058,02/02/2023,游水,沙田,,沙田,,,,,,,,游水,,
E058,02/02/2023,踱步,沙田,內圈,沙田 內圈,,,,,,副練馬師,,倒快兩圈,H,內圈 倒快兩圈 (副練馬師)
E058,01/02/2023,游水,沙田,,沙田,,,,,,,,游水,,
E058,01/02/2023,踱步,沙田,內圈,沙田 內圈,,,,,,副練馬師,,快踱一圈,H,內圈 快踱一圈 (副練馬師)
E058,31/01/2023,游水,沙田,,沙田,,,,,,,,游水,,
E058,31/01/2023,踱步,沙田,內圈,沙田 內圈,,,,,,助手,,快踱一圈,H,內圈 快踱一圈 (助手)
E058,30/01/2023,游水,沙田,,沙田,,,,,,,,游水,,
E058,29/01/2023,游水,沙田,,沙田,,,,,,,,游水,,
E058,29/01/2023,踱步,沙田,內圈,沙田 內圈,,,,,,副練馬師,,快踱一圈,H,內圈 快踱一圈 (副練馬師)
E058,28/01/2023,游水,沙田,,沙田,,,,,,,,游水,,
E058,28/01/2023,踱步,沙田,內圈,沙田 內圈,,,,,,助手,,快踱一圈,H,內圈 快踱一圈 (助手)
E058,27/01/2023,游水,沙田,,沙田,,,,,,,,游水,,
E058,27/01/2023,踱步,沙田,內圈,沙田 內圈,,,,,,副練馬師,,快踱一圈,H,內圈 快踱一圈 (副練馬師)
E058,26/01/2023,游水,沙田,,沙田,,,,,,,,游水,,
E058,26/01/2023,快操,沙田,全天候,沙田 全天候,,57.8,57.8,32.0 25.8,,副練馬師,,快操,H,32.0 25.8 (57.8) (副練馬師)
E058,26/01/2023,踱步,沙田,飛機場,沙田 飛機場,,,,,,副練馬師,,踱步,H,飛機場 踱步 (副練馬師)
E058,25/01/2023,游水,沙田,,沙田,,,,,,,,游水,,
E058,25/01/2023,踱步,沙田,內圈,沙田 內圈,,,,,,助手,,快踱一圈,H,內圈 快踱一圈 (助手)
E058,24/01/2023,游水,沙田,,沙田,,,,,,,,游水,,
E058,24/01/2023,踱步,沙田,內圈,沙田 內圈,,,,,,副練馬師,,快踱一圈,H,內圈 快踱一圈 (副練馬師)
E058,23/01/2023,游水,沙田,,沙田,,,,,,,,游水,,
E058,23/01/2023,踱步,沙田,內圈,沙田 內圈,,,,,,副練馬師,,倒快兩圈,H,內圈 倒快兩圈 (副練馬師)
E058,21/01/2023,游水,沙田,,沙田,,,,,,,,游水,,
E058,21/01/2023,踱步,沙田,內圈,沙田 內圈,,,,,,副練馬師,,快踱一圈,H,內圈 快踱一圈 (副練馬師)
E058,20/01/2023,游水,沙田,,沙田,,,,,,,,游水,,
E058,20/01/2023,踱步,沙田,內圈,沙田 內圈,,,,,,副練馬師,,快踱一圈,H,內圈 快踱一圈 (副練馬師)
E058,19/01/2023,游水,沙田,,沙田,,,,,,,,游水,,
E058,19/01/2023,快操,沙田,全天候,沙田 全天候,,56.5,56.5,30.7 25.8,,副練馬師,,快操,H,30.7 25.8 (56.5) (副練馬師)
E058,18/01/2023,游水,沙田,,沙田,,,,,,,,游水,,
E058,18/01/2023,踱步,沙田,內圈,沙田 內圈,,,,,,副練馬師,,快踱一圈,H,內圈 快踱一圈 (副練馬師)
E058,17/01/2023,游水,沙田,,沙田,,,,,,,,游水,,
E058,17/01/2023,踱步,沙田,內圈,沙田 內圈,,,,,,助手,,快踱一圈,H,內圈 快踱一圈 (助手)
E058,16/01/2023,游水,沙田,,沙田,,,,,,,,游水,,
E058,16/01/2023,踱步,沙田,內圈,沙田 內圈,,,,,,副練馬師,,倒快一圈,H,內圈 倒快一圈 (副練馬師)
E058,15/01/2023,游水,沙田,,沙田,,,,,,,,游水,,
E058,15/01/2023,快操,沙田,全天候,沙田 全天候,,57.9,57.9,30.9 27.0,,副練馬師,,快操,H,30.9 27.0 (57.9) (副練馬師)
E058,15/01/2023,踱步,沙田,飛機場,沙田 飛機場,,,,,,副練馬師,,踱步,H,飛機場 踱步 (副練馬師)
E058,14/01/2023,游水,沙田,,沙田,,,,,,,,游水,,
E058,14/01/2023,踱步,沙田,內圈,沙田 內圈,,,,,,副練馬師,,快踱一圈,H,內圈 快踱一圈 (副練馬師)
E058,13/01/2023,游水,沙田,,沙田,,,,,,,,游水,,
E058,13/01/2023,踱步,沙田,內圈,沙田 內圈,,,,,,副練馬師,,快踱一圈,H,內圈 快踱一圈 (副練馬師)
E058,12/01/2023,游水,沙田,,沙田,,,,,,,,游水,,
E058,12/01/2023,快操,沙田,全天候,沙田 全天候,,59.8,59.8,32.8 27.0,,副練馬師,,快操,H,32.8 27.0 (59.8) (副練馬師)
E058,12/01/2023,踱步,沙田,飛機場,沙田 飛機場,,,,,,副練馬師,,踱步,H,飛機場 踱步 (副練馬師)
E058,11/01/2023,游水,沙田,,沙田,,,,,,,,游水,,
E058,11/01/2023,踱步,沙田,內圈,沙田 內圈,,,,,,副練馬師,,快踱一圈,H,內圈 快踱一圈 (副練馬師)
E058,10/01/2023,游水,沙田,,沙田,,,,,,,,游水,,
E058,10/01/2023,踱步,沙田,內圈,沙田 內圈,,,,,,助手,,快踱一圈,H,內圈 快踱一圈 (助手)
E058,09/01/2023,游水,沙田,,沙田,,,,,,,,游水,,
E058,09/01/2023,踱步,沙田,內圈,沙田 內圈,,,,,,助手,,倒快兩圈,H,內圈 倒快兩圈 (助手)
E058,08/01/2023,游水,沙田,,沙田,,,,,,,,游水,,
E058,08/01/2023,踱步,沙田,內圈,沙田 內圈,,,,,,副練馬師,,快踱一圈,H,內圈 快踱一圈 (副練馬師)
E058,07/01/2023,游水,沙田,,沙田,,,,,,,,游水,,
E058,07/01/2023,踱步,沙田,內圈,沙田 內圈,,,,,,副練馬師,,快踱一圈,H,內圈 快踱一圈 (副練馬師)
E058,06/01/2023,游水,沙田,,沙田,,,,,,,,游水,,
E058,06/01/2023,踱步,沙田,內圈,沙田 內圈,,,,,,副練馬師,,快踱一圈,H,內圈 快踱一圈 (副練馬師)
E058,05/01/2023,游水,沙田,,沙田,,,,,,,,游水,,
E058,05/01/2023,踱步,沙田,內圈,沙田 內圈,,,,,,副練馬師,,倒快兩圈,H,內圈 倒快兩圈 (副練馬師)
E058,04/01/2023,游水,沙田,,沙田,,,,,,,,游水,,
E058,04/01/2023,踱步,沙田,內圈,沙田 內圈,,,,,,副練馬師,,快踱一圈,H,內圈 快踱一圈 (副練馬師)
E058,03/01/2023,游水,沙田,,沙田,,,,,,,,游水,,
E058,03/01/2023,踱步,沙田,內圈,沙田 內圈,,,,,,助手,,快踱一圈,H,內圈 快踱一圈 (助手)
E058,02/01/2023,游水,沙田,,沙田,,,,,,,,游水,,
E058,01/01/2023,游水,沙田,,沙田,,,,,,,,游水,,
E058,01/01/2023,踱步,沙田,內圈,沙田 內圈,,,,,,副練馬師,,快踱一圈,H,內圈 快踱一圈 (副練馬師)
E058,31/12/2022,游水,沙田,,沙田,,,,,,,,游水,,
E058,31/12/2022,踱步,沙田,內圈,沙田 內圈,,,,,,副練馬師,,快踱一圈,H,內圈 快踱一圈 (副練馬師)
E058,30/12/2022,游水,沙田,,沙田,,,,,,,,游水,,
E058,30/12/2022,踱步,沙田,內圈,沙田 內圈,,,,,,副練馬師,,快踱一圈,H,內圈 快踱一圈 (副練馬師)
E058,29/12/2022,游水,沙田,,沙田,,,,,,,,游水,,
E058,29/12/2022,快操,沙田,全天候,沙田 全天候,,56.1,56.1,29.0 27.1,,副練馬師,,快操,H,29.0 27.1 (56.1) (副練馬師)
E058,29/12/2022,踱步,沙田,飛機場,沙田 飛機場,,,,,,副練馬師,,踱步,H,飛機場 踱步 (副練馬師)
E058,28/12/2022,游水,沙田,,沙田,,,,,,,,游水,,
E058,28/12/2022,踱步,沙田,內圈,沙田 內圈,,,,,,副練馬師,,快踱一圈,H,內圈 快踱一圈 (副練馬師)
E058,27/12/2022,游水,沙田,,沙田,,,,,,,,游水,,
E058,27/12/2022,踱步,沙田,內圈,沙田 內圈,,,,,,助手,,快踱一圈,H,內圈 快踱一圈 (助手)
E058,26/12/2022,游水,沙田,,沙田,,,,,,,,游水,,
E058,26/12/2022,踱步,沙田,內圈,沙田 內圈,,,,,,助手,,倒快兩圈,H,內圈 倒快兩圈 (助手)
E058,25/12/2022,游水,沙田,,沙田,,,,,,,,游水,,
E058,25/12/2022,快操,沙田,全天候,沙田 全天候,,55.2,55.2,29.9 25.3,,副練馬師,,快操,H,29.9 25.3 (55.2) (副練馬師)
E058,25/12/2022,踱步,沙田,飛機場,沙田 飛機場,,,,,,副練馬師,,踱步,H,飛機場 踱步 (副練馬師)
E058,24/12/2022,游水,沙田,,沙田,,,,,,,,游水,,
E058,24/12/2022,踱步,沙田,內圈,沙田 內圈,,,,,,副練馬師,,快踱一圈,H,內圈 快踱一圈 (副練馬師)
E058,23/12/2022,游水,沙田,,沙田,,,,,,,,游水,,
E058,23/12/2022,踱步,沙田,內圈,沙田 內圈,,,,,,助手,,快踱一圈,H,內圈 快踱一圈 (助手)
E058,22/12/2022,游水,沙田,,沙田,,,,,,,,游水,,
E058,22/12/2022,快操,沙田,全天候,沙田 全天候,,56.6,56.6,30.1 26.5,,副練馬師,,快操,H,30.1 26.5 (56.6) (副練馬師)
E058,22/12/2022,踱步,沙田,飛機場,沙田 飛機場,,,,,,副練馬師,,踱步,H,飛機場 踱步 (副練馬師)
E058,21/12/2022,游水,沙田,,沙田,,,,,,,,游水,,
E058,21/12/2022,踱步,沙田,內圈,沙田 內圈,,,,,,副練馬師,,快踱一圈,H,內圈 快踱一圈 (副練馬師)
E058,20/12/2022,游水,沙田,,沙田,,,,,,,,游水,,
E058,20/12/2022,踱步,沙田,內圈,沙田 內圈,,,,,,助手,,快踱一圈,H,內圈 快踱一圈 (助手)
E058,19/12/2022,游水,沙田,,沙田,,,,,,,,游水,,
E058,19/12/2022,踱步,沙田,內圈,沙田 內圈,,,,,,助手,,倒快兩圈,H,內圈 倒快兩圈 (助手)
E058,18/12/2022,游水,沙田,,沙田,,,,,,,,游水,,
E058,18/12/2022,踱步,沙田,內圈,沙田 內圈,,,,,,副練馬師,,快踱一圈,H,內圈 快踱一圈 (副練馬師)
E058,17/12/2022,游水,沙田,,沙田,,,,,,,,游水,,
E058,17/12/2022,踱步,沙田,內圈,沙田 內圈,,,,,,副練馬師,,快踱一圈,H,內圈 快踱一圈 (副練馬師)
E058,16/12/2022,游水,沙田,,沙田,,,,,,,,游水,,
E058,16/12/2022,踱步,沙田,內圈,沙田 內圈,,,,,,副練馬師,,快踱一圈,H,內圈 快踱一圈 (副練馬師)
E058,15/12/2022,游水,沙田,,沙田,,,,,,,,游水,,
E058,15/12/2022,踱步,沙田,內圈,沙田 內圈,,,,,,副練馬師,,倒快兩圈,H,內圈 倒快兩圈 (副練馬師)
E058,14/12/2022,游水,沙田,,沙田,,,,,,,,游水,,
E058,14/12/2022,踱步,沙田,內圈,沙田 內圈,,,,,,副練馬師,,快踱一圈,H,內圈 快踱一圈 (副練馬師)
E058,13/12/2022,游水,沙田,,沙田,,,,,,,,游水,,
E058,13/12/2022,踱步,沙田,內圈,沙田 內圈,,,,,,助手,,快踱一圈,H,內圈 快踱一圈 (助手)
E058,12/12/2022,游水,沙田,,沙田,,,,,,,,游水,,
E058,11/12/2022,游水,沙田,,沙田,,,,,,,,游水,,
E058,11/12/2022,踱步,沙田,內圈,沙田 內圈,,,,,,副練馬師,,快踱一圈,H,內圈 快踱一圈 (副練馬師)
E058,10/12/2022,游水,沙田,,沙田,,,,,,,,游水,,
E058,10/12/2022,踱步,沙田,內圈,沙田 內圈,,,,,,副練馬師,,快踱一圈,H,內圈 快踱一圈 (副練馬師)
E058,09/12/2022,游水,沙田,,沙田,,,,,,,,游水,,
E058,09/12/2022,踱步,沙田,內圈,沙田 內圈,,,,,,副練馬師,,快踱一圈,H,內圈 快踱一圈 (副練馬師)
E058,08/12/2022,游水,沙田,,沙田,,,,,,,,游水,,
E058,08/12/2022,快操,沙田,全天候,沙田 全天候,,56.2,56.2,30.0 26.2,,副練馬師,,快操,H,30.0 26.2 (56.2) (副練馬師)
E058,08/12/2022,踱步,沙田,飛機場,沙田 飛機場,,,,,,副練馬師,,踱步,H,飛機場 踱步 (副練馬師)
E058,07/12/2022,游水,沙田,,沙田,,,,,,,,游水,,
E058,07/12/2022,踱步,沙田,內圈,沙田 內圈,,,,,,副練馬師,,快踱一圈,H,內圈 快踱一圈 (副練馬師)
E058,06/12/2022,游水,沙田,,沙田,,,,,,,,游水,,
E058,06/12/2022,踱步,沙田,內圈,沙田 內圈,,,,,,助手,,快踱一圈,H,內圈 快踱一圈 (助手)
E058,05/12/2022,游水,沙田,,沙田,,,,,,,,游水,,
E058,05/12/2022,踱步,沙田,內圈,沙田 內圈,,,,,,助手,,倒快兩圈,H,內圈 倒快兩圈 (助手)
E058,04/12/2022,游水,沙田,,沙田,,,,,,,,游水,,
E058,04/12/2022,快操,沙田,全天候,沙田 全天候,,57.6,57.6,29.8 27.8,,副練馬師,,快操,H,29.8 27.8 (57.6) (副練馬師)
E058,03/12/2022,游水,沙田,,沙田,,,,,,,,游水,,
E058,03/12/2022,踱步,沙田,內圈,沙田 內圈,,,,,,副練馬師,,快踱一圈,H,內圈 快踱一圈 (副練馬師)
E058,02/12/2022,游水,沙田,,沙田,,,,,,,,游水,,
E058,02/12/2022,踱步,沙田,內圈,沙田 內圈,,,,,,助手,,快踱一圈,H,內圈 快踱一圈 (助手)
E058,01/12/2022,游水,沙田,,沙田,,,,,,,,游水,,
E058,01/12/2022,快操,沙田,全天候,沙田 全天候,,59.4,59.4,32.9 26.5,,副練馬師,,快操,H,32.9 26.5 (59.4) (副練馬師)
E058,01/12/2022,踱步,沙田,飛機場,沙田 飛機場,,,,,,副練馬師,,踱步,H,飛機場 踱步 (副練馬師)
E058,30/11/2022,游水,沙田,,沙田,,,,,,,,游水,,
E058,30/11/2022,踱步,沙田,內圈,沙田 內圈,,,,,,副練馬師,,快踱一圈,H,內圈 快踱一圈 (副練馬師)
E058,29/11/2022,游水,沙田,,沙田,,,,,,,,游水,,
E058,29/11/2022,踱步,沙田,內圈,沙田 內圈,,,,,,助手,,快踱一圈,H,內圈 快踱一圈 (助手)
E058,28/11/2022,游水,沙田,,沙田,,,,,,,,游水,,
E058,28/11/2022,踱步,沙田,內圈,沙田 內圈,,,,,,助手,,倒快兩圈,H,內圈 倒快兩圈 (助手)
E058,27/11/2022,游水,沙田,,沙田,,,,,,,,游水,,
E058,27/11/2022,踱步,沙田,內圈,沙田 內圈,,,,,,助手,,快踱一圈,H,內圈 快踱一圈 (助手)
E058,26/11/2022,游水,沙田,,沙田,,,,,,,,游水,,
E058,26/11/2022,踱步,沙田,內圈,沙田 內圈,,,,,,助手,,快踱一圈,H,內圈 快踱一圈 (助手)
E058,25/11/2022,游水,沙田,,沙田,,,,,,,,游水,,
E058,25/11/2022,踱步,沙田,內圈,沙田 內圈,,,,,,助手,,快踱一圈,H,內圈 快踱一圈 (助手)
E058,24/11/2022,游水,沙田,,沙田,,,,,,,,游水,,
E058,24/11/2022,踱步,沙田,內圈,沙田 內圈,,,,,,助手,,倒快兩圈,H,內圈 倒快兩圈 (助手)
E058,23/11/2022,游水,沙田,,沙田,,,,,,,,游水,,
E058,23/11/2022,踱步,沙田,內圈,沙田 內圈,,,,,,助手,,快踱一圈,H,內圈 快踱一圈 (助手)
E058,22/11/2022,游水,沙田,,沙田,,,,,,,,游水,,
E058,22/11/2022,踱步,沙田,內圈,沙田 內圈,,,,,,助手,,快踱一圈,H,內圈 快踱一圈 (助手)
E058,20/11/2022,游水,沙田,,沙田,,,,,,,,游水,,
E058,20/11/2022,踱步,沙田,內圈,沙田 內圈,,,,,,助手,,快踱一圈,H,內圈 快踱一圈 (助手)
E058,19/11/2022,游水,沙田,,沙田,,,,,,,,游水,,
E058,19/11/2022,踱步,沙田,內圈,沙田 內圈,,,,,,副練馬師,,快踱一圈,H,內圈 快踱一圈 (副練馬師)
E058,18/11/2022,游水,沙田,,沙田,,,,,,,,游水,,
E058,18/11/2022,踱步,沙田,內圈,沙田 內圈,,,,,,副練馬師,,快踱一圈,H,內圈 快踱一圈 (副練馬師)
E058,17/11/2022,游水,沙田,,沙田,,,,,,,,游水,,
E058,17/11/2022,快操,沙田,全天候,沙田 全天候,,55.8,55.8,29.8 26.0,,副練馬師,,快操,H,29.8 26.0 (55.8) (副練馬師)
E058,17/11/2022,踱步,沙田,飛機場,沙田 飛機場,,,,,,副練馬師,,踱步,H,飛機場 踱步 (副練馬師)
E058,16/11/2022,游水,沙田,,沙田,,,,,,,,游水,,
E058,16/11/2022,踱步,沙田,內圈,沙田 內圈,,,,,,副練馬師,,快踱一圈,H,內圈 快踱一圈 (副練馬師)
E058,15/11/2022,游水,沙田,,沙田,,,,,,,,游水,,
E058,15/11/2022,踱步,沙田,內圈,沙田 內圈,,,,,,助手,,快踱一圈,H,內圈 快踱一圈 (助手)
E058,14/11/2022,游水,沙田,,沙田,,,,,,,,游水,,
E058,14/11/2022,踱步,沙田,內圈,沙田 內圈,,,,,,副練馬師,,倒快兩圈,H,內圈 倒快兩圈 (副練馬師)
E058,13/11/2022,游水,沙田,,沙田,,,,,,,,游水,,
E058,13/11/2022,踱步,沙田,內圈,沙田 內圈,,,,,,副練馬師,,快踱一圈,H,內圈 快踱一圈 (副練馬師)
E058,12/11/2022,游水,沙田,,沙田,,,,,,,,游水,,
E058,12/11/2022,踱步,沙田,內圈,沙田 內圈,,,,,,副練馬師,,快踱一圈,H,內圈 快踱一圈 (副練馬師)
E058,11/11/2022,游水,沙田,,沙田,,,,,,,,游水,,
E058,11/11/2022,踱步,沙田,內圈,沙田 內圈,,,,,,副練馬師,,快踱一圈,H,內圈 快踱一圈 (副練馬師)
E058,10/11/2022,游水,沙田,,沙田,,,,,,,,游水,,
E058,10/11/2022,踱步,沙田,內圈,沙田 內圈,,,,,,副練馬師,,倒快兩圈,H,內圈 倒快兩圈 (副練馬師)
E058,09/11/2022,游水,沙田,,沙田,,,,,,,,游水,,
E058,09/11/2022,踱步,沙田,內圈,沙田 內圈,,,,,,副練馬師,,快踱一圈,H,內圈 快踱一圈 (副練馬師)
E058,08/11/2022,游水,沙田,,沙田,,,,,,,,游水,,
E058,08/11/2022,踱步,沙田,內圈,沙田 內圈,,,,,,副練馬師,,快踱一圈,H,內圈 快踱一圈 (副練馬師)
E058,07/11/2022,游水,沙田,,沙田,,,,,,,,游水,,
E058,06/11/2022,游水,沙田,,沙田,,,,,,,,游水,,
E058,06/11/2022,踱步,沙田,內圈,沙田 內圈,,,,,,副練馬師,,快踱一圈,H,內圈 快踱一圈 (副練馬師)
E058,05/11/2022,游水,沙田,,沙田,,,,,,,,游水,,
E058,05/11/2022,踱步,沙田,內圈,沙田 內圈,,,,,,副練馬師,,快踱一圈,H,內圈 快踱一圈 (副練馬師)
E058,04/11/2022,游水,沙田,,沙田,,,,,,,,游水,,
E058,04/11/2022,踱步,沙田,內圈,沙田 內圈,,,,,,副練馬師,,快踱一圈,H,內圈 快踱一圈 (副練馬師)
E058,03/11/2022,游水,沙田,,沙田,,,,,,,,游水,,
E058,03/11/2022,快操,沙田,全天候,沙田 全天候,,58.0,58.0,30.8 27.2,,副練馬師,,快操,H,30.8 27.2 (58.0) (副練馬師)
E058,03/11/2022,踱步,沙田,飛機場,沙田 飛機場,,,,,,副練馬師,,踱步,H,飛機場 踱步 (副練馬師)
E058,02/11/2022,踱步,沙田,內圈,沙田 內圈,,,,,,副練馬師,,快踱一圈,H,內圈 快踱一圈 (副練馬師)
E058,01/11/2022,游水,沙田,,沙田,,,,,,,,游水,,
E058,01/11/2022,踱步,沙田,內圈,沙田 內圈,,,,,,副練馬師,,快踱一圈,H,內圈 快踱一圈 (副練馬師)
E058,31/10/2022,游水,沙田,,沙田,,,,,,,,游水,,
E058,31/10/2022,踱步,沙田,內圈,沙田 內圈,,,,,,副練馬師,,倒快兩圈,H,內圈 倒快兩圈 (副練馬師)
E058,30/10/2022,游水,沙田,,沙田,,,,,,,,游水,,
E058,30/10/2022,快操,沙田,全天候,沙田 全天候,,58.9,58.9,32.5 26.4,,副練馬師,,快操,H,32.5 26.4 (58.9) (副練馬師)
E058,30/10/2022,踱步,沙田,飛機場,沙田 飛機場,,,,,,副練馬師,,踱步,H,飛機場 踱步 (副練馬師)
E058,29/10/2022,游水,沙田,,沙田,,,,,,,,游水,,
E058,29/10/2022,踱步,沙田,內圈,沙田 內圈,,,,,,副練馬師,,快踱一圈,H,內圈 快踱一圈 (副練馬師)
E058,28/10/2022,游水,沙田,,沙田,,,,,,,,游水,,
E058,28/10/2022,踱步,沙田,內圈,沙田 內圈,,,,,,副練馬師,,快踱一圈,H,內圈 快踱一圈 (副練馬師)
E058,27/10/2022,游水,沙田,,沙田,,,,,,,,游水,,
E058,27/10/2022,踱步,沙田,內圈,沙田 內圈,,,,,,副練馬師,,倒快兩圈,H,內圈 倒快兩圈 (副練馬師)
E058,26/10/2022,游水,沙田,,沙田,,,,,,,,游水,,
E058,26/10/2022,快操,沙田,全天候,沙田 全天候,,57.1,57.1,30.6 26.5,,副練馬師,,快操,H,30.6 26.5 (57.1) (副練馬師)
E058,26/10/2022,踱步,沙田,飛機場,沙田 飛機場,,,,,,副練馬師,,踱步,H,飛機場 踱步 (副練馬師)
E058,25/10/2022,游水,沙田,,沙田,,,,,,,,游水,,
E058,25/10/2022,踱步,沙田,內圈,沙田 內圈,,,,,,助手,,快踱一圈,H,內圈 快踱一圈 (助手)
E058,24/10/2022,游水,沙田,,沙田,,,,,,,,游水,,
E058,24/10/2022,踱步,沙田,內圈,沙田 內圈,,,,,,副練馬師,,倒快兩圈,H,內圈 倒快兩圈 (副練馬師)
E058,23/10/2022,游水,沙田,,沙田,,,,,,,,游水,,
E058,23/10/2022,踱步,沙田,內圈,沙田 內圈,,,,,,副練馬師,,快踱一圈,H,內圈 快踱一圈 (副練馬師)
E058,22/10/2022,游水,沙田,,沙田,,,,,,,,游水,,
E058,22/10/2022,踱步,沙田,內圈,沙田 內圈,,,,,,副練馬師,,快踱一圈,H,內圈 快踱一圈 (副練馬師)
E058,21/10/2022,游水,沙田,,沙田,,,,,,,,游水,,
E058,21/10/2022,踱步,沙田,內圈,沙田 內圈,,,,,,副練馬師,,快踱一圈,H,內圈 快踱一圈 (副練馬師)
E058,20/10/2022,游水,沙田,,沙田,,,,,,,,游水,,
E058,20/10/2022,踱步,沙田,內圈,沙田 內圈,,,,,,副練馬師,,倒快兩圈,H,內圈 倒快兩圈 (副練馬師)
E058,19/10/2022,游水,沙田,,沙田,,,,,,,,游水,,
E058,19/10/2022,踱步,沙田,內圈,沙田 內圈,,,,,,副練馬師,,快踱一圈,H,內圈 快踱一圈 (副練馬師)
E058,18/10/2022,游水,沙田,,沙田,,,,,,,,游水,,
E058,18/10/2022,踱步,沙田,內圈,沙田 內圈,,,,,,助手,,快踱一圈,H,內圈 快踱一圈 (助手)
E058,17/10/2022,游水,沙田,,沙田,,,,,,,,游水,,
E058,16/10/2022,游水,沙田,,沙田,,,,,,,,游水,,
E058,16/10/2022,踱步,沙田,內圈,沙田 內圈,,,,,,副練馬師,,快踱一圈,H,內圈 快踱一圈 (副練馬師)
E058,15/10/2022,游水,沙田,,沙田,,,,,,,,游水,,
E058,15/10/2022,踱步,沙田,內圈,沙田 內圈,,,,,,副練馬師,,快踱一圈,H,內圈 快踱一圈 (副練馬師)
E058,14/10/2022,游水,沙田,,沙田,,,,,,,,游水,,
E058,14/10/2022,踱步,沙田,內圈,沙田 內圈,,,,,,副練馬師,,快踱一圈,,內圈 快踱一圈 (副練馬師)
E058,13/10/2022,游水,沙田,,沙田,,,,,,,,游水,,
E058,13/10/2022,快操,沙田,全天候,沙田 全天候,,54.6,54.6,29.0 25.6,,副練馬師,,快操,H,29.0 25.6 (54.6) (副練馬師)
E058,13/10/2022,踱步,沙田,飛機場,沙田 飛機場,,,,,,副練馬師,,踱步,H,飛機場 踱步 (副練馬師)
E058,12/10/2022,游水,沙田,,沙田,,,,,,,,游水,,
E058,12/10/2022,踱步,沙田,內圈,沙田 內圈,,,,,,副練馬師,,快踱一圈,H,內圈 快踱一圈 (副練馬師)
E058,11/10/2022,游水,沙田,,沙田,,,,,,,,游水,,
E058,11/10/2022,踱步,沙田,內圈,沙田 內圈,,,,,,副練馬師,,快踱一圈,H,內圈 快踱一圈 (副練馬師)
E058,10/10/2022,游水,沙田,,沙田,,,,,,,,游水,,
E058,10/10/2022,踱步,沙田,內圈,沙田 內圈,,,,,,副練馬師,,倒快兩圈,H,內圈 倒快兩圈 (副練馬師)
E058,09/10/2022,游水,沙田,,沙田,,,,,,,,游水,,
E058,09/10/2022,踱步,沙田,內圈,沙田 內圈,,,,,,副練馬師,,快踱一圈,H,內圈 快踱一圈 (副練馬師)
E058,08/10/2022,游水,沙田,,沙田,,,,,,,,游水,,
E058,08/10/2022,踱步,沙田,內圈,沙田 內圈,,,,,,副練馬師,,快踱一圈,H,內圈 快踱一圈 (副練馬師)
E058,07/10/2022,游水,沙田,,沙田,,,,,,,,游水,,
E058,07/10/2022,踱步,沙田,內圈,沙田 內圈,,,,,,副練馬師,,快踱一圈,H,內圈 快踱一圈 (副練馬師)
E058,06/10/2022,游水,沙田,,沙田,,,,,,,,游水,,
E058,06/10/2022,踱步,沙田,內圈,沙田 內圈,,,,,,副練馬師,,倒快兩圈,H,內圈 倒快兩圈 (副練馬師)
E058,05/10/2022,游水,沙田,,沙田,,,,,,,,游水,,
E058,05/10/2022,踱步,沙田,內圈,沙田 內圈,,,,,,副練馬師,,快踱一圈,H,內圈 快踱一圈 (副練馬師)
E058,04/10/2022,游水,沙田,,沙田,,,,,,,,游水,,
E058,04/10/2022,快操,沙田,泥閘,沙田 泥閘,,22.7,22.7,22.7,,鍾易禮,,錶之五知,H,22.7 (22.7) (鍾易禮) 錶之五知
E058,04/10/2022,踱步,沙田,飛機場,沙田 飛機場,,,,,,鍾易禮,,踱步,H,飛機場 踱步 (鍾易禮)
E058,03/10/2022,游水,沙田,,沙田,,,,,,,,游水,,
E058,03/10/2022,踱步,沙田,內圈,沙田 內圈,,,,,,副練馬師,,倒快一圈,H,內圈 倒快一圈 (副練馬師)
E058,02/10/2022,游水,沙田,,沙田,,,,,,,,游水,,
E058,02/10/2022,踱步,沙田,內圈,沙田 內圈,,,,,,副練馬師,,快踱一圈,H,內圈 快踱一圈 (副練馬師)
E058,01/10/2022,游水,沙田,,沙田,,,,,,,,游水,,
E058,01/10/2022,快操,沙田,全天候,沙田 全天候,,55.9,55.9,30.3 25.6,,副練馬師,,快操,H,30.3 25.6 (55.9) (副練馬師)
E058,01/10/2022,踱步,沙田,飛機場,沙田 飛機場,,,,,,副練馬師,,踱步,H,飛機場 踱步 (副練馬師)
E058,30/09/2022,游水,沙田,,沙田,,,,,,,,游水,,
E058,30/09/2022,踱步,沙田,內圈,沙田 內圈,,,,,,副練馬師,,快踱一圈,H,內圈 快踱一圈 (副練馬師)
E058,29/09/2022,游水,沙田,,沙田,,,,,,,,游水,,
E058,29/09/2022,踱步,沙田,內圈,沙田 內圈,,,,,,副練馬師,,倒快兩圈,H,內圈 倒快兩圈 (副練馬師)
E058,28/09/2022,游水,沙田,,沙田,,,,,,,,游水,,
E058,28/09/2022,踱步,沙田,內圈,沙田 內圈,,,,,,副練馬師,,快踱一圈,H,內圈 快踱一圈 (副練馬師)
E058,27/09/2022,游水,沙田,,沙田,,,,,,,,游水,,
E058,27/09/2022,踱步,沙田,內圈,沙田 內圈,,,,,,副練馬師,,快踱一圈,H,內圈 快踱一圈 (副練馬師)
E058,26/09/2022,游水,沙田,,沙田,,,,,,,,游水,,
E058,26/09/2022,踱步,沙田,內圈,沙田 內圈,,,,,,副練馬師,,倒快兩圈,H,內圈 倒快兩圈 (副練馬師)
E058,25/09/2022,游水,沙田,,沙田,,,,,,,,游水,,
E058,25/09/2022,踱步,沙田,內圈,沙田 內圈,,,,,,副練馬師,,快踱一圈,H,內圈 快踱一圈 (副練馬師)
E058,24/09/2022,游水,沙田,,沙田,,,,,,,,游水,,
E058,23/09/2022,游水,沙田,,沙田,,,,,,,,游水,,
E058,23/09/2022,踱步,沙田,內圈,沙田 內圈,,,,,,副練馬師,,快踱一圈,H,內圈 快踱一圈 (副練馬師)
E058,22/09/2022,游水,沙田,,沙田,,,,,,,,游水,,
E058,22/09/2022,踱步,沙田,內圈,沙田 內圈,,,,,,副練馬師,,倒快兩圈,H,內圈 倒快兩圈 (副練馬師)
E058,21/09/2022,游水,沙田,,沙田,,,,,,,,游水,,
E058,21/09/2022,踱步,沙田,內圈,沙田 內圈,,,,,,副練馬師,,快踱一圈,H,內圈 快踱一圈 (副練馬師)
E058,20/09/2022,試閘,沙田,全天候,沙田 全天候,1200M,1.10.37,70.37,24.2 22.7 23.4,發財先鋒,潘頓,,第1組,H,第1組 (潘頓) 1200M 發財先鋒 24.2 22.7 23.4 (1.10.37)
E058,20/09/2022,游水,沙田,,沙田,,,,,,,,游水,,
E058,19/09/2022,游水,沙田,,沙田,,,,,,,,游水,,
E058,19/09/2022,踱步,沙田,內圈,沙田 內圈,,,,,,副練馬師,,倒快兩圈,H,內圈 倒快兩圈 (副練馬師)
E058,18/09/2022,游水,沙田,,沙田,,,,,,,,游水,,
E058,18/09/2022,踱步,沙田,內圈,沙田 內圈,,,,,,副練馬師,,快踱一圈,H,內圈 快踱一圈 (副練馬師)
E058,17/09/2022,游水,沙田,,沙田,,,,,,,,游水,,
E058,17/09/2022,快操,沙田,全天候,沙田 全天候,,59.5,59.5,31.5 28.0,,副練馬師,,快操,H,31.5 28.0 (59.5) (副練馬師)
E058,17/09/2022,踱步,沙田,飛機場,沙田 飛機場,,,,,,副練馬師,,踱步,H,飛機場 踱步 (副練馬師)
E058,16/09/2022,游水,沙田,,沙田,,,,,,,,游水,,
E058,16/09/2022,踱步,沙田,內圈,沙田 內圈,,,,,,副練馬師,,快踱一圈,H,內圈 快踱一圈 (副練馬師)
E058,15/09/2022,游水,沙田,,沙田,,,,,,,,游水,,
E058,15/09/2022,踱步,沙田,內圈,沙田 內圈,,,,,,副練馬師,,倒快兩圈,H,內圈 倒快兩圈 (副練馬師)
E058,14/09/2022,游水,沙田,,沙田,,,,,,,,游水,,
E058,14/09/2022,快操,沙田,全天候,沙田 全天候,,54.5,54.5,29.9 24.6,,副練馬師,,快操,H,29.9 24.6 (54.5) (副練馬師)
E058,14/09/2022,踱步,沙田,飛機場,沙田 飛機場,,,,,,副練馬師,,踱步,H,飛機場 踱步 (副練馬師)
E058,13/09/2022,游水,沙田,,沙田,,,,,,,,游水,,
E058,13/09/2022,踱步,沙田,內圈,沙田 內圈,,,,,,副練馬師,,快踱一圈,H,內圈 快踱一圈 (副練馬師)
E058,12/09/2022,游水,沙田,,沙田,,,,,,,,游水,,
E058,12/09/2022,踱步,沙田,內圈,沙田 內圈,,,,,,副練馬師,,倒快兩圈,H,內圈 倒快兩圈 (副練馬師)
E058,11/09/2022,游水,沙田,,沙田,,,,,,,,游水,,
E058,11/09/2022,踱步,沙田,內圈,沙田 內圈,,,,,,副練馬師,,快踱一圈,H,內圈 快踱一圈 (副練馬師)
E058,10/09/2022,游水,沙田,,沙田,,,,,,,,游水,,
E058,10/09/2022,快操,沙田,全天候,沙田 全天候,,1.00.0,60.0,31.3 28.7,,副練馬師,,快操,H,31.3 28.7 (1.00.0) (副練馬師)
E058,10/09/2022,踱步,沙田,飛機場,沙田 飛機場,,,,,,副練馬師,,踱步,H,飛機場 踱步 (副練馬師)
E058,09/09/2022,游水,沙田,,沙田,,,,,,,,游水,,
E058,09/09/2022,踱步,沙田,內圈,沙田 內圈,,,,,,副練馬師,,快踱一圈,H,內圈 快踱一圈 (副練馬師)
E058,08/09/2022,游水,沙田,,沙田,,,,,,,,游水,,
E058,08/09/2022,踱步,沙田,內圈,沙田 內圈,,,,,,副練馬師,,倒快兩圈,,內圈 倒快兩圈 (副練馬師)
E058,07/09/2022,游水,沙田,,沙田,,,,,,,,游水,,
E058,07/09/2022,快操,沙田,全天候,沙田 全天候,,58.3,58.3,30.9 27.4,,副練馬師,,快操,H,30.9 27.4 (58.3) (副練馬師)
E058,07/09/2022,踱步,沙田,飛機場,沙田 飛機場,,,,,,副練馬師,,踱步,H,飛機場 踱步 (副練馬師)
E058,06/09/2022,游水,沙田,,沙田,,,,,,,,游水,,
E058,06/09/2022,踱步,沙田,內圈,沙田 內圈,,,,,,副練馬師,,快踱一圈,H,內圈 快踱一圈 (副練馬師)
E058,05/09/2022,游水,沙田,,沙田,,,,,,,,游水,,
E058,05/09/2022,踱步,沙田,內圈,沙田 內圈,,,,,,副練馬師,,倒快兩圈,H,內圈 倒快兩圈 (副練馬師)
E058,04/09/2022,游水,沙田,,沙田,,,,,,,,游水,,
E058,04/09/2022,踱步,沙田,內圈,沙田 內圈,,,,,,副練馬師,,快踱一圈,H,內圈 快踱一圈 (副練馬師)
E058,03/09/2022,游水,沙田,,沙田,,,,,,,,游水,,
E058,03/09/2022,快操,沙田,全天候,沙田 全天候,,58.5,58.5,31.5 27.0,,副練馬師,,快操,H,31.5 27.0 (58.5) (副練馬師)
E058,03/09/2022,踱步,沙田,飛機場,沙田 飛機場,,,,,,副練馬師,,踱步,H,飛機場 踱步 (副練馬師)
E058,02/09/2022,游水,沙田,,沙田,,,,,,,,游水,,
E058,02/09/2022,踱步,沙田,內圈,沙田 內圈,,,,,,副練馬師,,快踱一圈,,內圈 快踱一圈 (副練馬師)
E058,01/09/2022,游水,沙田,,沙田,,,,,,,,游水,,
E058,01/09/2022,踱步,沙田,內圈,沙田 內圈,,,,,,副練馬師,,倒快兩圈,H,內圈 倒快兩圈 (副練馬師)
E058,31/08/2022,游水,沙田,,沙田,,,,,,,,游水,,
E058,31/08/2022,踱步,沙田,內圈,沙田 內圈,,,,,,副練馬師,,快踱一圈,H,內圈 快踱一圈 (副練馬師)
E058,30/08/2022,游水,沙田,,沙田,,,,,,,,游水,,
E058,30/08/2022,踱步,沙田,內圈,沙田 內圈,,,,,,副練馬師,,快踱一圈,H,內圈 快踱一圈 (副練馬師)
E058,29/08/2022,游水,沙田,,沙田,,,,,,,,游水,,
E058,29/08/2022,踱步,沙田,內圈,沙田 內圈,,,,,,副練馬師,,倒快兩圈,H,內圈 倒快兩圈 (副練馬師)
E058,28/08/2022,游水,沙田,,沙田,,,,,,,,游水,,
E058,28/08/2022,踱步,沙田,內圈,沙田 內圈,,,,,,副練馬師,,快踱一圈,H,內圈 快踱一圈 (副練馬師)
E058,27/08/2022,游水,沙田,,沙田,,,,,,,,游水,,
E058,27/08/2022,踱步,沙田,內圈,沙田 內圈,,,,,,副練馬師,,快踱一圈,H,內圈 快踱一圈 (副練馬師)
E058,26/08/2022,游水,沙田,,沙田,,,,,,,,游水,,
E058,26/08/2022,踱步,沙田,內圈,沙田 內圈,,,,,,副練馬師,,快踱一圈,H,內圈 快踱一圈 (副練馬師)
E058,25/08/2022,游水,沙田,,沙田,,,,,,,,游水,,
E058,24/08/2022,游水,沙田,,沙田,,,,,,,,游水,,
E058,24/08/2022,踱步,沙田,內圈,沙田 內圈,,,,,,副練馬師,,快踱一圈,H,內圈 快踱一圈 (副練馬師)
E058,23/08/2022,游水,沙田,,沙田,,,,,,,,游水,,
E058,23/08/2022,踱步,沙田,內圈,沙田 內圈,,,,,,助手,,快踱一圈,H,內圈 快踱一圈 (助手)
E058,22/08/2022,游水,沙田,,沙田,,,,,,,,游水,,
E058,22/08/2022,踱步,沙田,內圈,沙田 內圈,,,,,,副練馬師,,倒快兩圈,H,內圈 倒快兩圈 (副練馬師)
E058,21/08/2022,游水,沙田,,沙田,,,,,,,,游水,,
E058,20/08/2022,游水,沙田,,沙田,,,,,,,,游水,,
E058,19/08/2022,游水,沙田,,沙田,,,,,,,,游水,,
E058,18/08/2022,游水,沙田,,沙田,,,,,,,,游水,,
E058,17/08/2022,游水,沙田,,沙田,,,,,,,,游水,,
E058,16/08/2022,游水,沙田,,沙田,,,,,,,,游水,,
E058,15/08/2022,游水,沙田,,沙田,,,,,,,,游水,,
E058,14/08/2022,游水,沙田,,沙田,,,,,,,,游水,,
E058,13/08/2022,游水,沙田,,沙田,,,,,,,,游水,,
E058,12/08/2022,游水,沙田,,沙田,,,,,,,,游水,,
E058,11/08/2022,游水,沙田,,沙田,,,,,,,,游水,,
E058,10/08/2022,游水,沙田,,沙田,,,,,,,,游水,,
E058,09/08/2022,游水,沙田,,沙田,,,,,,,,游水,,
E058,08/08/2022,游水,沙田,,沙田,,,,,,,,游水,,
E058,07/08/2022,游水,沙田,,沙田,,,,,,,,游水,,
E058,06/08/2022,游水,沙田,,沙田,,,,,,,,游水,,
E058,05/08/2022,游水,沙田,,沙田,,,,,,,,游水,,
E058,04/08/2022,游水,沙田,,沙田,,,,,,,,游水,,
E058,03/08/2022,游水,沙田,,沙田,,,,,,,,游水,,
E058,02/08/2022,游水,沙田,,沙田,,,,,,,,游水,,
E058,01/08/2022,游水,沙田,,沙田,,,,,,,,游水,,
E058,15/07/2022,游水,沙田,,沙田,,,,,,,,游水,,
E058,14/07/2022,游水,沙田,,沙田,,,,,,,,游水,,
E058,13/07/2022,游水,沙田,,沙田,,,,,,,,游水,,
E058,12/07/2022,游水,沙田,,沙田,,,,,,,,游水,,
E058,11/07/2022,游水,沙田,,沙田,,,,,,,,游水,,
E058,10/07/2022,游水,沙田,,沙田,,,,,,,,游水,,
E058,09/07/2022,游水,沙田,,沙田,,,,,,,,游水,,
E058,08/07/2022,游水,沙田,,沙田,,,,,,,,游水,,
E058,07/07/2022,游水,沙田,,沙田,,,,,,,,游水,,
E058,06/07/2022,游水,沙田,,沙田,,,,,,,,游水,,
E058,05/07/2022,游水,沙田,,沙田,,,,,,,,游水,,
E058,04/07/2022,游水,沙田,,沙田,,,,,,,,游水,,
E058,03/07/2022,游水,沙田,,沙田,,,,,,,,游水,,
E058,01/07/2022,游水,沙田,,沙田,,,,,,,,游水,,
E058,30/06/2022,游水,沙田,,沙田,,,,,,,,游水,,
E058,29/06/2022,游水,沙田,,沙田,,,,,,,,游水,,
E058,28/06/2022,游水,沙田,,沙田,,,,,,,,游水,,
E058,27/06/2022,游水,沙田,,沙田,,,,,,,,游水,,
E058,19/06/2022,游水,沙田,,沙田,,,,,,,,游水,,
E058,19/06/2022,踱步,沙田,內圈,沙田 內圈,,,,,,副練馬師,,快踱一圈,H,內圈 快踱一圈 (副練馬師)
E058,18/06/2022,游水,沙田,,沙田,,,,,,,,游水,,
E058,18/06/2022,踱步,沙田,內圈,沙田 內圈,,,,,,副練馬師,,快踱一圈,H,內圈 快踱一圈 (副練馬師)
E058,17/06/2022,游水,沙田,,沙田,,,,,,,,游水,,
E058,17/06/2022,踱步,沙田,內圈,沙田 內圈,,,,,,副練馬師,,快踱一圈,H,內圈 快踱一圈 (副練馬師)
E058,16/06/2022,游水,沙田,,沙田,,,,,,,,游水,,
E058,16/06/2022,快操,沙田,全天候,沙田 全天候,,55.9,55.9,29.6 26.3,,副練馬師,,快操,H,29.6 26.3 (55.9) (副練馬師)
E058,16/06/2022,踱步,沙田,飛機場,沙田 飛機場,,,,,,副練馬師,,踱步,H,飛機場 踱步 (副練馬師)
E058,15/06/2022,游水,沙田,,沙田,,,,,,,,游水,,
E058,15/06/2022,踱步,沙田,內圈,沙田 內圈,,,,,,副練馬師,,快踱一圈,H,內圈 快踱一圈 (副練馬師)
E058,14/06/2022,游水,沙田,,沙田,,,,,,,,游水,,
E058,14/06/2022,踱步,沙田,內圈,沙田 內圈,,,,,,副練馬師,,快踱一圈,H,內圈 快踱一圈 (副練馬師)
E058,13/06/2022,游水,沙田,,沙田,,,,,,,,游水,,
E058,13/06/2022,踱步,沙田,內圈,沙田 內圈,,,,,,副練馬師,,倒快兩圈,H,內圈 倒快兩圈 (副練馬師)
E058,12/06/2022,游水,沙田,,沙田,,,,,,,,游水,,
E058,12/06/2022,快操,沙田,全天候,沙田 全天候,,59.5,59.5,31.4 28.1,,副練馬師,,快操,H,31.4 28.1 (59.5) (副練馬師)
E058,12/06/2022,踱步,沙田,飛機場,沙田 飛機場,,,,,,副練馬師,,踱步,H,飛機場 踱步 (副練馬師)
E058,11/06/2022,游水,沙田,,沙田,,,,,,,,游水,,
E058,11/06/2022,踱步,沙田,內圈,沙田 內圈,,,,,,副練馬師,,快踱一圈,H,內圈 快踱一圈 (副練馬師)
E058,10/06/2022,游水,沙田,,沙田,,,,,,,,游水,,
E058,10/06/2022,踱步,沙田,內圈,沙田 內圈,,,,,,副練馬師,,快踱一圈,,內圈 快踱一圈 (副練馬師)
E058,09/06/2022,游水,沙田,,沙田,,,,,,,,游水,,
E058,09/06/2022,踱步,沙田,內圈,沙田 內圈,,,,,,副練馬師,,倒快兩圈,H,內圈 倒快兩圈 (副練馬師)
E058,08/06/2022,踱步,沙田,內圈,沙田 內圈,,,,,,副練馬師,,快踱一圈,H,內圈 快踱一圈 (副練馬師)
E058,07/06/2022,游水,沙田,,沙田,,,,,,,,游水,,
E058,07/06/2022,踱步,沙田,內圈,沙田 內圈,,,,,,助手,,快踱一圈,H,內圈 快踱一圈 (助手)
E058,06/06/2022,游水,沙田,,沙田,,,,,,,,游水,,
E058,06/06/2022,踱步,沙田,內圈,沙田 內圈,,,,,,副練馬師,,倒快兩圈,H,內圈 倒快兩圈 (副練馬師)
E058,05/06/2022,游水,沙田,,沙田,,,,,,,,游水,,
E058,05/06/2022,踱步,沙田,內圈,沙田 內圈,,,,,,副練馬師,,快踱一圈,H,內圈 快踱一圈 (副練馬師)
E058,04/06/2022,游水,沙田,,沙田,,,,,,,,游水,,
E058,04/06/2022,踱步,沙田,內圈,沙田 內圈,,,,,,副練馬師,,快踱一圈,H,內圈 快踱一圈 (副練馬師)
E058,03/06/2022,游水,沙田,,沙田,,,,,,,,游水,,
E058,03/06/2022,踱步,沙田,內圈,沙田 內圈,,,,,,副練馬師,,快踱一圈,H,內圈 快踱一圈 (副練馬師)
E058,02/06/2022,游水,沙田,,沙田,,,,,,,,游水,,
E058,02/06/2022,踱步,沙田,內圈,沙田 內圈,,,,,,副練馬師,,倒快兩圈,H,內圈 倒快兩圈 (副練馬師)
E058,01/06/2022,游水,沙田,,沙田,,,,,,,,游水,,
E058,01/06/2022,踱步,沙田,內圈,沙田 內圈,,,,,,副練馬師,,快踱一圈,,內圈 快踱一圈 (副練馬師)
E058,31/05/2022,游水,沙田,,沙田,,,,,,,,游水,,
E058,31/05/2022,踱步,沙田,內圈,沙田 內圈,,,,,,助手,,快踱一圈,H,內圈 快踱一圈 (助手)
E058,30/05/2022,游水,沙田,,沙田,,,,,,,,游水,,
E058,29/05/2022,游水,沙田,,沙田,,,,,,,,游水,,
E058,29/05/2022,踱步,沙田,內圈,沙田 內圈,,,,,,副練馬師,,快踱一圈,H,內圈 快踱一圈 (副練馬師)
E058,28/05/2022,游水,沙田,,沙田,,,,,,,,游水,,
E058,28/05/2022,踱步,沙田,內圈,沙田 內圈,,,,,,副練馬師,,快踱一圈,H,內圈 快踱一圈 (副練馬師)
E058,27/05/2022,游水,沙田,,沙田,,,,,,,,游水,,
E058,27/05/2022,踱步,沙田,內圈,沙田 內圈,,,,,,副練馬師,,快踱一圈,H,內圈 快踱一圈 (副練馬師)
E058,26/05/2022,游水,沙田,,沙田,,,,,,,,游水,,
E058,26/05/2022,快操,沙田,全天候,沙田 全天候,,54.5,54.5,28.5 26.0,,副練馬師,,快操,H,28.5 26.0 (54.5) (副練馬師)
E058,26/05/2022,踱步,沙田,飛機場,沙田 飛機場,,,,,,副練馬師,,踱步,H,飛機場 踱步 (副練馬師)
E058,25/05/2022,游水,沙田,,沙田,,,,,,,,游水,,
E058,25/05/2022,踱步,沙田,內圈,沙田 內圈,,,,,,副練馬師,,快踱一圈,H,內圈 快踱一圈 (副練馬師)
E058,24/05/2022,游水,沙田,,沙田,,,,,,,,游水,,
E058,24/05/2022,踱步,沙田,內圈,沙田 內圈,,,,,,助手,,快踱一圈,H,內圈 快踱一圈 (助手)
E058,23/05/2022,游水,沙田,,沙田,,,,,,,,游水,,
E058,23/05/2022,踱步,沙田,內圈,沙田 內圈,,,,,,副練馬師,,倒快兩圈,H,內圈 倒快兩圈 (副練馬師)
E058,22/05/2022,游水,沙田,,沙田,,,,,,,,游水,,
E058,22/05/2022,快操,沙田,全天候,沙田 全天候,,57.0,57.0,30.3 26.7,,副練馬師,,快操,H,30.3 26.7 (57.0) (副練馬師)
E058,22/05/2022,踱步,沙田,飛機場,沙田 飛機場,,,,,,副練馬師,,踱步,H,飛機場 踱步 (副練馬師)
E058,21/05/2022,游水,沙田,,沙田,,,,,,,,游水,,
E058,21/05/2022,踱步,沙田,內圈,沙田 內圈,,,,,,副練馬師,,快踱一圈,H,內圈 快踱一圈 (副練馬師)
E058,20/05/2022,游水,沙田,,沙田,,,,,,,,游水,,
E058,20/05/2022,踱步,沙田,內圈,沙田 內圈,,,,,,副練馬師,,快踱一圈,H,內圈 快踱一圈 (副練馬師)
E058,19/05/2022,游水,沙田,,沙田,,,,,,,,游水,,
E058,19/05/2022,踱步,沙田,內圈,沙田 內圈,,,,,,副練馬師,,倒快兩圈,H,內圈 倒快兩圈 (副練馬師)
E058,18/05/2022,游水,沙田,,沙田,,,,,,,,游水,,
E058,18/05/2022,踱步,沙田,內圈,沙田 內圈,,,,,,副練馬師,,快踱一圈,H,內圈 快踱一圈 (副練馬師)
E058,17/05/2022,游水,沙田,,沙田,,,,,,,,游水,,
E058,17/05/2022,踱步,沙田,內圈,沙田 內圈,,,,,,副練馬師,,快踱一圈,H,內圈 快踱一圈 (副練馬師)
E058,16/05/2022,游水,沙田,,沙田,,,,,,,,游水,,
E058,16/05/2022,踱步,沙田,內圈,沙田 內圈,,,,,,副練馬師,,倒快兩圈,H,內圈 倒快兩圈 (副練馬師)
E058,15/05/2022,游水,沙田,,沙田,,,,,,,,游水,,
E058,15/05/2022,踱步,沙田,內圈,沙田 內圈,,,,,,副練馬師,,快踱一圈,H,內圈 快踱一圈 (副練馬師)
E058,14/05/2022,游水,沙田,,沙田,,,,,,,,游水,,
E058,14/05/2022,踱步,沙田,內圈,沙田 內圈,,,,,,副練馬師,,快踱一圈,H,內圈 快踱一圈 (副練馬師)
E058,13/05/2022,試閘,沙田,全天候,沙田 全天候,1200M,1.10.50,70.5,25.2 22.8 22.5,美麗同享,潘頓,,第1組,H,第1組 (潘頓) 1200M 美麗同享 25.2 22.8 22.5 (1.10.50)
E058,13/05/2022,游水,沙田,,沙田,,,,,,,,游水,,
E058,12/05/2022,游水,沙田,,沙田,,,,,,,,游水,,
E058,12/05/2022,踱步,沙田,內圈,沙田 內圈,,,,,,副練馬師,,倒快一圈,H,內圈 倒快一圈 (副練馬師)
E058,11/05/2022,游水,沙田,,沙田,,,,,,,,游水,,
E058,11/05/2022,踱步,沙田,內圈,沙田 內圈,,,,,,副練馬師,,快踱一圈,H,內圈 快踱一圈 (副練馬師)
E058,10/05/2022,游水,沙田,,沙田,,,,,,,,游水,,
E058,10/05/2022,快操,沙田,全天候,沙田 全天候,,57.1,57.1,30.5 26.6,,副練馬師,,快操,H,30.5 26.6 (57.1) (副練馬師)
E058,10/05/2022,踱步,沙田,飛機場,沙田 飛機場,,,,,,副練馬師,,踱步,H,飛機場 踱步 (副練馬師)
E058,09/05/2022,游水,沙田,,沙田,,,,,,,,游水,,
E058,09/05/2022,踱步,沙田,內圈,沙田 內圈,,,,,,副練馬師,,倒快兩圈,H,內圈 倒快兩圈 (副練馬師)
E058,08/05/2022,游水,沙田,,沙田,,,,,,,,游水,,
E058,08/05/2022,踱步,沙田,內圈,沙田 內圈,,,,,,副練馬師,,快踱一圈,H,內圈 快踱一圈 (副練馬師)
E058,07/05/2022,游水,沙田,,沙田,,,,,,,,游水,,
E058,07/05/2022,踱步,沙田,內圈,沙田 內圈,,,,,,副練馬師,,快踱一圈,H,內圈 快踱一圈 (副練馬師)
E058,06/05/2022,游水,沙田,,沙田,,,,,,,,游水,,
E058,06/05/2022,踱步,沙田,內圈,沙田 內圈,,,,,,副練馬師,,快踱一圈,H,內圈 快踱一圈 (副練馬師)
E058,05/05/2022,游水,沙田,,沙田,,,,,,,,游水,,
E058,05/05/2022,踱步,沙田,內圈,沙田 內圈,,,,,,副練馬師,,倒快兩圈,H,內圈 倒快兩圈 (副練馬師)
E058,04/05/2022,游水,沙田,,沙田,,,,,,,,游水,,
E058,04/05/2022,踱步,沙田,內圈,沙田 內圈,,,,,,副練馬師,,快踱一圈,H,內圈 快踱一圈 (副練馬師)
E058,03/05/2022,游水,沙田,,沙田,,,,,,,,游水,,
E058,03/05/2022,踱步,沙田,內圈,沙田 內圈,,,,,,副練馬師,,快踱一圈,H,內圈 快踱一圈 (副練馬師)
E058,02/05/2022,游水,沙田,,沙田,,,,,,,,游水,,
E058,02/05/2022,踱步,沙田,內圈,沙田 內圈,,,,,,副練馬師,,倒快兩圈,H,內圈 倒快兩圈 (副練馬師)
E058,01/05/2022,游水,沙田,,沙田,,,,,,,,游水,,
E058,01/05/2022,踱步,沙田,內圈,沙田 內圈,,,,,,副練馬師,,快踱一圈,H,內圈 快踱一圈 (副練馬師)
E058,30/04/2022,游水,沙田,,沙田,,,,,,,,游水,,
E058,30/04/2022,踱步,沙田,內圈,沙田 內圈,,,,,,副練馬師,,快踱一圈,H,內圈 快踱一圈 (副練馬師)
E058,29/04/2022,游水,沙田,,沙田,,,,,,,,游水,,
E058,29/04/2022,踱步,沙田,內圈,沙田 內圈,,,,,,副練馬師,,快踱一圈,H,內圈 快踱一圈 (副練馬師)
E058,28/04/2022,游水,沙田,,沙田,,,,,,,,游水,,
E058,28/04/2022,踱步,沙田,內圈,沙田 內圈,,,,,,副練馬師,,倒快兩圈,H,內圈 倒快兩圈 (副練馬師)
E058,27/04/2022,游水,沙田,,沙田,,,,,,,,游水,,
E058,27/04/2022,踱步,沙田,內圈,沙田 內圈,,,,,,副練馬師,,快踱一圈,H,內圈 快踱一圈 (副練馬師)
E058,26/04/2022,游水,沙田,,沙田,,,,,,,,游水,,
E058,25/04/2022,游水,沙田,,沙田,,,,,,,,游水,,
E058,24/04/2022,游水,沙田,,沙田,,,,,,,,游水,,
E058,24/04/2022,踱步,沙田,內圈,沙田 內圈,,,,,,副練馬師,,快踱一圈,H,內圈 快踱一圈 (副練馬師)
E058,23/04/2022,游水,沙田,,沙田,,,,,,,,游水,,
E058,23/04/2022,踱步,沙田,內圈,沙田 內圈,,,,,,副練馬師,,快踱一圈,H,內圈 快踱一圈 (副練馬師)
E058,22/04/2022,游水,沙田,,沙田,,,,,,,,游水,,
E058,22/04/2022,踱步,沙田,內圈,沙田 內圈,,,,,,副練馬師,,快踱一圈,H,內圈 快踱一圈 (副練馬師)
E058,21/04/2022,游水,沙田,,沙田,,,,,,,,游水,,
E058,21/04/2022,快操,沙田,全天候,沙田 全天候,,58.0,58.0,30.8 27.2,,副練馬師,,快操,H,30.8 27.2 (58.0) (副練馬師)
E058,21/04/2022,踱步,沙田,飛機場,沙田 飛機場,,,,,,副練馬師,,踱步,H,飛機場 踱步 (副練馬師)
E058,20/04/2022,游水,沙田,,沙田,,,,,,,,游水,,
E058,20/04/2022,踱步,沙田,內圈,沙田 內圈,,,,,,副練馬師,,快踱一圈,H,內圈 快踱一圈 (副練馬師)
E058,19/04/2022,游水,沙田,,沙田,,,,,,,,游水,,
E058,19/04/2022,踱步,沙田,內圈,沙田 內圈,,,,,,副練馬師,,快踱一圈,H,內圈 快踱一圈 (副練馬師)
E058,18/04/2022,游水,沙田,,沙田,,,,,,,,游水,,
E058,18/04/2022,踱步,沙田,內圈,沙田 內圈,,,,,,副練馬師,,倒快兩圈,H,內圈 倒快兩圈 (副練馬師)
E058,17/04/2022,游水,沙田,,沙田,,,,,,,,游水,,
E058,17/04/2022,踱步,沙田,內圈,沙田 內圈,,,,,,副練馬師,,快踱一圈,H,內圈 快踱一圈 (副練馬師)
E058,16/04/2022,游水,沙田,,沙田,,,,,,,,游水,,
E058,16/04/2022,踱步,沙田,內圈,沙田 內圈,,,,,,副練馬師,,快踱一圈,,內圈 快踱一圈 (副練馬師)
E058,15/04/2022,游水,沙田,,沙田,,,,,,,,游水,,
E058,15/04/2022,踱步,沙田,內圈,沙田 內圈,,,,,,副練馬師,,快踱一圈,H,內圈 快踱一圈 (副練馬師)
E058,14/04/2022,游水,沙田,,沙田,,,,,,,,游水,,
E058,14/04/2022,踱步,沙田,內圈,沙田 內圈,,,,,,副練馬師,,倒快兩圈,H,內圈 倒快兩圈 (副練馬師)
E058,13/04/2022,游水,沙田,,沙田,,,,,,,,游水,,
E058,13/04/2022,踱步,沙田,內圈,沙田 內圈,,,,,,副練馬師,,快踱一圈,H,內圈 快踱一圈 (副練馬師)
E058,12/04/2022,試閘,沙田,全天候,沙田 全天候,1200M,1.10.19,70.19,25.1 22.7 22.3,美麗同享,潘頓,,第9組,H,第9組 (潘頓) 1200M 美麗同享 25.1 22.7 22.3 (1.10.19)
E058,12/04/2022,游水,沙田,,沙田,,,,,,,,游水,,
E058,11/04/2022,游水,沙田,,沙田,,,,,,,,游水,,
E058,11/04/2022,踱步,沙田,內圈,沙田 內圈,,,,,,副練馬師,,倒快兩圈,H,內圈 倒快兩圈 (副練馬師)
E058,10/04/2022,游水,沙田,,沙田,,,,,,,,游水,,
E058,10/04/2022,踱步,沙田,內圈,沙田 內圈,,,,,,副練馬師,,快踱一圈,H,內圈 快踱一圈 (副練馬師)
E058,09/04/2022,游水,沙田,,沙田,,,,,,,,游水,,
E058,09/04/2022,快操,沙田,全天候,沙田 全天候,,54.7,54.7,29.3 25.4,,副練馬師,,快操,H,29.3 25.4 (54.7) (副練馬師)
E058,09/04/2022,踱步,沙田,飛機場,沙田 飛機場,,,,,,副練馬師,,踱步,H,飛機場 踱步 (副練馬師)
E058,08/04/2022,游水,沙田,,沙田,,,,,,,,游水,,
E058,08/04/2022,踱步,沙田,內圈,沙田 內圈,,,,,,副練馬師,,快踱一圈,H,內圈 快踱一圈 (副練馬師)
E058,07/04/2022,游水,沙田,,沙田,,,,,,,,游水,,
E058,07/04/2022,踱步,沙田,內圈,沙田 內圈,,,,,,副練馬師,,倒快兩圈,H,內圈 倒快兩圈 (副練馬師)
E058,06/04/2022,游水,沙田,,沙田,,,,,,,,游水,,
E058,06/04/2022,快操,沙田,全天候,沙田 全天候,,59.9,59.9,33.3 26.6,,副練馬師,,快操,H,33.3 26.6 (59.9) (副練馬師)
E058,06/04/2022,踱步,沙田,飛機場,沙田 飛機場,,,,,,副練馬師,,踱步,H,飛機場 踱步 (副練馬師)
E058,05/04/2022,游水,沙田,,沙田,,,,,,,,游水,,
E058,05/04/2022,踱步,沙田,內圈,沙田 內圈,,,,,,副練馬師,,快踱一圈,H,內圈 快踱一圈 (副練馬師)
E058,04/04/2022,游水,沙田,,沙田,,,,,,,,游水,,
E058,04/04/2022,踱步,沙田,內圈,沙田 內圈,,,,,,副練馬師,,倒快兩圈,H,內圈 倒快兩圈 (副練馬師)
E058,03/04/2022,游水,沙田,,沙田,,,,,,,,游水,,
E058,03/04/2022,踱步,沙田,內圈,沙田 內圈,,,,,,副練馬師,,快踱一圈,H,內圈 快踱一圈 (副練馬師)
E058,02/04/2022,游水,沙田,,沙田,,,,,,,,游水,,
E058,02/04/2022,踱步,沙田,內圈,沙田 內圈,,,,,,副練馬師,,快踱一圈,H,內圈 快踱一圈 (副練馬師)
E058,01/04/2022,踱步,沙田,內圈,沙田 內圈,,,,,,副練馬師,,快踱一圈,H,內圈 快踱一圈 (副練馬師)
E058,31/03/2022,游水,沙田,,沙田,,,,,,,,游水,,
E058,31/03/2022,踱步,沙田,內圈,沙田 內圈,,,,,,副練馬師,,倒快兩圈,H,內圈 倒快兩圈 (副練馬師)
E058,30/03/2022,游水,沙田,,沙田,,,,,,,,游水,,
E058,29/03/2022,游水,沙田,,沙田,,,,,,,,游水,,
E058,27/03/2022,踱步,沙田,飛機場,沙田 飛機場,,,,,,副練馬師,,踱步,H,飛機場 踱步 (副練馬師)
E058,26/03/2022,踱步,沙田,內圈,沙田 內圈,,,,,,副練馬師,,快踱一圈,H,內圈 快踱一圈 (副練馬師)
E058,25/03/2022,踱步,沙田,內圈,沙田 內圈,,,,,,副練馬師,,快踱一圈,H,內圈 快踱一圈 (副練馬師)
E058,24/03/2022,游水,沙田,,沙田,,,,,,,,游水,,
E058,24/03/2022,快操,沙田,全天候,沙田 全天候,,58.3,58.3,31.0 27.3,,副練馬師,,快操,H,31.0 27.3 (58.3) (副練馬師)
E058,24/03/2022,踱步,沙田,飛機場,沙田 飛機場,,,,,,副練馬師,,踱步,H,飛機場 踱步 (副練馬師)
E058,23/03/2022,游水,沙田,,沙田,,,,,,,,游水,,
E058,23/03/2022,踱步,沙田,內圈,沙田 內圈,,,,,,副練馬師,,快踱一圈,H,內圈 快踱一圈 (副練馬師)
E058,22/03/2022,游水,沙田,,沙田,,,,,,,,游水,,
E058,22/03/2022,踱步,沙田,內圈,沙田 內圈,,,,,,副練馬師,,快踱一圈,H,內圈 快踱一圈 (副練馬師)
E058,21/03/2022,游水,沙田,,沙田,,,,,,,,游水,,
E058,21/03/2022,踱步,沙田,內圈,沙田 內圈,,,,,,助手,,倒快兩圈,H,內圈 倒快兩圈 (助手)
E058,20/03/2022,游水,沙田,,沙田,,,,,,,,游水,,
E058,20/03/2022,踱步,沙田,內圈,沙田 內圈,,,,,,副練馬師,,快踱一圈,H,內圈 快踱一圈 (副練馬師)
E058,19/03/2022,游水,沙田,,沙田,,,,,,,,游水,,
E058,19/03/2022,踱步,沙田,內圈,沙田 內圈,,,,,,副練馬師,,快踱一圈,H,內圈 快踱一圈 (副練馬師)
E058,18/03/2022,游水,沙田,,沙田,,,,,,,,游水,,
E058,18/03/2022,踱步,沙田,內圈,沙田 內圈,,,,,,副練馬師,,快踱一圈,H,內圈 快踱一圈 (副練馬師)
E058,17/03/2022,游水,沙田,,沙田,,,,,,,,游水,,
E058,17/03/2022,踱步,沙田,內圈,沙田 內圈,,,,,,副練馬師,,倒快兩圈,H,內圈 倒快兩圈 (副練馬師)
E058,16/03/2022,游水,沙田,,沙田,,,,,,,,游水,,
E058,16/03/2022,踱步,沙田,內圈,沙田 內圈,,,,,,副練馬師,,快踱一圈,H,內圈 快踱一圈 (副練馬師)
E058,15/03/2022,試閘,沙田,全天候,沙田 全天候,1200M,1.10.51,70.51,25.3 22.6 22.6,美麗同享,潘頓,,第1組,H,第1組 (潘頓) 1200M 美麗同享 25.3 22.6 22.6 (1.10.51)
E058,15/03/2022,游水,沙田,,沙田,,,,,,,,游水,,
E058,14/03/2022,游水,沙田,,沙田,,,,,,,,游水,,
E058,14/03/2022,踱步,沙田,內圈,沙田 內圈,,,,,,副練馬師,,倒快兩圈,H,內圈 倒快兩圈 (副練馬師)
E058,13/03/2022,游水,沙田,,沙田,,,,,,,,游水,,
E058,13/03/2022,踱步,沙田,內圈,沙田 內圈,,,,,,副練馬師,,快踱一圈,H,內圈 快踱一圈 (副練馬師)
E058,12/03/2022,游水,沙田,,沙田,,,,,,,,游水,,
E058,12/03/2022,快操,沙田,全天候,沙田 全天候,,57.8,57.8,31.2 26.6,,副練馬師,,快操,H,31.2 26.6 (57.8) (副練馬師)
E058,12/03/2022,踱步,沙田,飛機場,沙田 飛機場,,,,,,副練馬師,,踱步,H,飛機場 踱步 (副練馬師)
E058,11/03/2022,游水,沙田,,沙田,,,,,,,,游水,,
E058,11/03/2022,踱步,沙田,內圈,沙田 內圈,,,,,,副練馬師,,快踱一圈,H,內圈 快踱一圈 (副練馬師)
E058,10/03/2022,游水,沙田,,沙田,,,,,,,,游水,,
E058,10/03/2022,踱步,沙田,內圈,沙田 內圈,,,,,,副練馬師,,倒快兩圈,H,內圈 倒快兩圈 (副練馬師)
E058,09/03/2022,游水,沙田,,沙田,,,,,,,,游水,,
E058,09/03/2022,踱步,沙田,內圈,沙田 內圈,,,,,,副練馬師,,快踱一圈,H,內圈 快踱一圈 (副練馬師)
E058,08/03/2022,游水,沙田,,沙田,,,,,,,,游水,,
E058,08/03/2022,踱步,沙田,內圈,沙田 內圈,,,,,,助手,,快踱一圈,H,內圈 快踱一圈 (助手)
E058,07/03/2022,游水,沙田,,沙田,,,,,,,,游水,,
E058,07/03/2022,踱步,沙田,內圈,沙田 內圈,,,,,,副練馬師,,倒快兩圈,H,內圈 倒快兩圈 (副練馬師)
E058,06/03/2022,游水,沙田,,沙田,,,,,,,,游水,,
E058,06/03/2022,踱步,沙田,內圈,沙田 內圈,,,,,,副練馬師,,快踱一圈,H,內圈 快踱一圈 (副練馬師)
E058,05/03/2022,游水,沙田,,沙田,,,,,,,,游水,,
E058,05/03/2022,踱步,沙田,內圈,沙田 內圈,,,,,,副練馬師,,快踱一圈,H,內圈 快踱一圈 (副練馬師)
E058,04/03/2022,游水,沙田,,沙田,,,,,,,,游水,,
E058,04/03/2022,踱步,沙田,內圈,沙田 內圈,,,,,,副練馬師,,快踱一圈,H,內圈 快踱一圈 (副練馬師)
E058,03/03/2022,游水,沙田,,沙田,,,,,,,,游水,,
E058,03/03/2022,踱步,沙田,內圈,沙田 內圈,,,,,,副練馬師,,倒快兩圈,H,內圈 倒快兩圈 (副練馬師)
E058,02/03/2022,游水,沙田,,沙田,,,,,,,,游水,,
E058,02/03/2022,踱步,沙田,內圈,沙田 內圈,,,,,,副練馬師,,快踱一圈,H,內圈 快踱一圈 (副練馬師)
E058,01/03/2022,游水,沙田,,沙田,,,,,,,,游水,,
E058,01/03/2022,踱步,沙田,內圈,沙田 內圈,,,,,,副練馬師,,快踱一圈,H,內圈 快踱一圈 (副練馬師)
E058,28/02/2022,游水,沙田,,沙田,,,,,,,,游水,,
E058,28/02/2022,踱步,沙田,內圈,沙田 內圈,,,,,,副練馬師,,倒快兩圈,H,內圈 倒快兩圈 (副練馬師)
E058,27/02/2022,游水,沙田,,沙田,,,,,,,,游水,,
E058,27/02/2022,踱步,沙田,飛機場,沙田 飛機場,,,,,,副練馬師,,踱步,H,飛機場 踱步 (副練馬師)
E058,26/02/2022,游水,沙田,,沙田,,,,,,,,游水,,
E058,26/02/2022,踱步,沙田,內圈,沙田 內圈,,,,,,副練馬師,,快踱一圈,H,內圈 快踱一圈 (副練馬師)
E058,25/02/2022,游水,沙田,,沙田,,,,,,,,游水,,
E058,25/02/2022,踱步,沙田,內圈,沙田 內圈,,,,,,助手,,快踱一圈,H,內圈 快踱一圈 (助手)
E058,24/02/2022,游水,沙田,,沙田,,,,,,,,游水,,
E058,23/02/2022,踱步,沙田,內圈,沙田 內圈,,,,,,助手,,快踱一圈,H,內圈 快踱一圈 (助手)
E058,22/02/2022,游水,沙田,,沙田,,,,,,,,游水,,
E058,22/02/2022,踱步,沙田,內圈,沙田 內圈,,,,,,助手,,快踱一圈,H,內圈 快踱一圈 (助手)
E058,21/02/2022,游水,沙田,,沙田,,,,,,,,游水,,
E058,21/02/2022,踱步,沙田,內圈,沙田 內圈,,,,,,助手,,倒快兩圈,H,內圈 倒快兩圈 (助手)
E058,20/02/2022,游水,沙田,,沙田,,,,,,,,游水,,
E058,20/02/2022,快操,沙田,全天候,沙田 全天候,,31.0,31.0,31.0,,助手,,快操,H,31.0 (31.0) (助手)
E058,19/02/2022,游水,沙田,,沙田,,,,,,,,游水,,
E058,19/02/2022,踱步,沙田,內圈,沙田 內圈,,,,,,副練馬師,,快踱一圈,H,內圈 快踱一圈 (副練馬師)
E058,18/02/2022,游水,沙田,,沙田,,,,,,,,游水,,
E058,17/02/2022,游水,沙田,,沙田,,,,,,,,游水,,
E058,17/02/2022,踱步,沙田,內圈,沙田 內圈,,,,,,副練馬師,,倒快兩圈,H,內圈 倒快兩圈 (副練馬師)
E058,16/02/2022,游水,沙田,,沙田,,,,,,,,游水,,
E058,16/02/2022,踱步,沙田,內圈,沙田 內圈,,,,,,副練馬師,,快踱一圈,H,內圈 快踱一圈 (副練馬師)
E058,15/02/2022,游水,沙田,,沙田,,,,,,,,游水,,
E058,15/02/2022,踱步,沙田,內圈,沙田 內圈,,,,,,助手,,快踱一圈,H,內圈 快踱一圈 (助手)
E058,14/02/2022,游水,沙田,,沙田,,,,,,,,游水,,
E058,14/02/2022,踱步,沙田,內圈,沙田 內圈,,,,,,助手,,倒快兩圈,H,內圈 倒快兩圈 (助手)
E058,13/02/2022,游水,沙田,,沙田,,,,,,,,游水,,
E058,13/02/2022,踱步,沙田,內圈,沙田 內圈,,,,,,助手,,快踱一圈,H,內圈 快踱一圈 (助手)
E058,12/02/2022,游水,沙田,,沙田,,,,,,,,游水,,
E058,12/02/2022,踱步,沙田,內圈,沙田 內圈,,,,,,助手,,快踱一圈,H,內圈 快踱一圈 (助手)
E058,11/02/2022,試閘,沙田,全天候,沙田 全天候,1200M,1.11.22,71.22,24.5 23.2 23.5,人和家興,潘頓,,第2組,H,第2組 (潘頓) 1200M 人和家興 24.5 23.2 23.5 (1.11.22)
E058,11/02/2022,游水,沙田,,沙田,,,,,,,,游水,,
E058,10/02/2022,游水,沙田,,沙田,,,,,,,,游水,,
E058,10/02/2022,踱步,沙田,內圈,沙田 內圈,,,,,,副練馬師,,倒快兩圈,H,內圈 倒快兩圈 (副練馬師)
E058,09/02/2022,游水,沙田,,沙田,,,,,,,,游水,,
E058,09/02/2022,踱步,沙田,內圈,沙田 內圈,,,,,,助手,,快踱一圈,H,內圈 快踱一圈 (助手)
E058,08/02/2022,游水,沙田,,沙田,,,,,,,,游水,,
E058,08/02/2022,快操,沙田,全天候,沙田 全天候,,59.1,59.1,31.9 27.2,,助手,,快操,H,31.9 27.2 (59.1) (助手)
E058,08/02/2022,踱步,沙田,飛機場,沙田 飛機場,,,,,,助手,,踱步,H,飛機場 踱步 (助手)
E058,07/02/2022,游水,沙田,,沙田,,,,,,,,游水,,
E058,07/02/2022,踱步,沙田,內圈,沙田 內圈,,,,,,助手,,倒快兩圈,H,內圈 倒快兩圈 (助手)
E058,06/02/2022,游水,沙田,,沙田,,,,,,,,游水,,
E058,06/02/2022,踱步,沙田,內圈,沙田 內圈,,,,,,助手,,快踱一圈,H,內圈 快踱一圈 (助手)
E058,05/02/2022,游水,沙田,,沙田,,,,,,,,游水,,
E058,05/02/2022,快操,沙田,全天候,沙田 全天候,,58.2,58.2,31.8 26.4,,副練馬師,,快操,H,31.8 26.4 (58.2) (副練馬師)
E058,05/02/2022,踱步,沙田,飛機場,沙田 飛機場,,,,,,副練馬師,,踱步,H,飛機場 踱步 (副練馬師)
E058,04/02/2022,游水,沙田,,沙田,,,,,,,,游水,,
E058,04/02/2022,踱步,沙田,內圈,沙田 內圈,,,,,,副練馬師,,快踱一圈,H,內圈 快踱一圈 (副練馬師)
E058,03/02/2022,游水,沙田,,沙田,,,,,,,,游水,,
E058,03/02/2022,踱步,沙田,內圈,沙田 內圈,,,,,,副練馬師,,倒快兩圈,H,內圈 倒快兩圈 (副練馬師)
E058,02/02/2022,游水,沙田,,沙田,,,,,,,,游水,,
E058,02/02/2022,踱步,沙田,內圈,沙田 內圈,,,,,,副練馬師,,快踱一圈,H,內圈 快踱一圈 (副練馬師)
E058,31/01/2022,游水,沙田,,沙田,,,,,,,,游水,,
E058,31/01/2022,踱步,沙田,內圈,沙田 內圈,,,,,,助手,,倒快兩圈,H,內圈 倒快兩圈 (助手)
E058,30/01/2022,游水,沙田,,沙田,,,,,,,,游水,,
E058,30/01/2022,踱步,沙田,內圈,沙田 內圈,,,,,,助手,,快踱一圈,H,內圈 快踱一圈 (助手)
E058,29/01/2022,游水,沙田,,沙田,,,,,,,,游水,,
E058,29/01/2022,踱步,沙田,內圈,沙田 內圈,,,,,,助手,,快踱一圈,H,內圈 快踱一圈 (助手)
E058,28/01/2022,游水,沙田,,沙田,,,,,,,,游水,,
E058,28/01/2022,踱步,沙田,內圈,沙田 內圈,,,,,,助手,,快踱一圈,H,內圈 快踱一圈 (助手)
E058,27/01/2022,游水,沙田,,沙田,,,,,,,,游水,,
E058,27/01/2022,踱步,沙田,內圈,沙田 內圈,,,,,,副練馬師,,倒快兩圈,H,內圈 倒快兩圈 (副練馬師)
E058,26/01/2022,游水,沙田,,沙田,,,,,,,,游水,,
E058,26/01/2022,踱步,沙田,內圈,沙田 內圈,,,,,,助手,,快踱一圈,H,內圈 快踱一圈 (助手)
E058,25/01/2022,游水,沙田,,沙田,,,,,,,,游水,,
E058,25/01/2022,踱步,沙田,內圈,沙田 內圈,,,,,,助手,,快踱一圈,H,內圈 快踱一圈 (助手)
E058,24/01/2022,游水,沙田,,沙田,,,,,,,,游水,,
E058,24/01/2022,踱步,沙田,內圈,沙田 內圈,,,,,,助手,,倒快兩圈,H,內圈 倒快兩圈 (助手)
E058,23/01/2022,游水,沙田,,沙田,,,,,,,,游水,,
E058,23/01/2022,踱步,沙田,內圈,沙田 內圈,,,,,,助手,,快踱一圈,H,內圈 快踱一圈 (助手)
E058,22/01/2022,游水,沙田,,沙田,,,,,,,,游水,,
E058,22/01/2022,踱步,沙田,內圈,沙田 內圈,,,,,,助手,,快踱一圈,H,內圈 快踱一圈 (助手)
E058,21/01/2022,游水,沙田,,沙田,,,,,,,,游水,,
E058,21/01/2022,踱步,沙田,內圈,沙田 內圈,,,,,,副練馬師,,快踱一圈,H,內圈 快踱一圈 (副練馬師)
E058,20/01/2022,游水,沙田,,沙田,,,,,,,,游水,,
E058,19/01/2022,游水,沙田,,沙田,,,,,,,,游水,,
E058,19/01/2022,踱步,沙田,內圈,沙田 內圈,,,,,,助手,,快踱一圈,H,內圈 快踱一圈 (助手)
E058,18/01/2022,游水,沙田,,沙田,,,,,,,,游水,,
E058,18/01/2022,踱步,沙田,內圈,沙田 內圈,,,,,,助手,,快踱一圈,H,內圈 快踱一圈 (助手)
E058,17/01/2022,游水,沙田,,沙田,,,,,,,,游水,,
E058,17/01/2022,踱步,沙田,內圈,沙田 內圈,,,,,,助手,,倒快兩圈,H,內圈 倒快兩圈 (助手)
E058,16/01/2022,游水,沙田,,沙田,,,,,,,,游水,,
E058,16/01/2022,快操,沙田,全天候,沙田 全天候,,59.3,59.3,33.3 26.0,,副練馬師,,快操,H,33.3 26.0 (59.3) (副練馬師)
E058,16/01/2022,踱步,沙田,飛機場,沙田 飛機場,,,,,,副練馬師,,踱步,H,飛機場 踱步 (副練馬師)
E058,15/01/2022,游水,沙田,,沙田,,,,,,,,游水,,
E058,15/01/2022,踱步,沙田,內圈,沙田 內圈,,,,,,助手,,快踱一圈,H,內圈 快踱一圈 (助手)
E058,14/01/2022,游水,沙田,,沙田,,,,,,,,游水,,
E058,14/01/2022,踱步,沙田,內圈,沙田 內圈,,,,,,副練馬師,,快踱一圈,H,內圈 快踱一圈 (副練馬師)
E058,13/01/2022,游水,沙田,,沙田,,,,,,,,游水,,
E058,13/01/2022,踱步,沙田,內圈,沙田 內圈,,,,,,助手,,倒快兩圈,H,內圈 倒快兩圈 (助手)
E058,12/01/2022,游水,沙田,,沙田,,,,,,,,游水,,
E058,12/01/2022,快操,沙田,全天候,沙田 全天候,,55.9,55.9,30.1 25.8,,副練馬師,,快操,H,30.1 25.8 (55.9) (副練馬師)
E058,12/01/2022,踱步,沙田,飛機場,沙田 飛機場,,,,,,副練馬師,,踱步,H,飛機場 踱步 (副練馬師)
E058,11/01/2022,游水,沙田,,沙田,,,,,,,,游水,,
E058,11/01/2022,踱步,沙田,內圈,沙田 內圈,,,,,,助手,,快踱一圈,H,內圈 快踱一圈 (助手)
E058,10/01/2022,游水,沙田,,沙田,,,,,,,,游水,,
E058,10/01/2022,踱步,沙田,內圈,沙田 內圈,,,,,,助手,,倒快兩圈,H,內圈 倒快兩圈 (助手)
E058,09/01/2022,游水,沙田,,沙田,,,,,,,,游水,,
E058,09/01/2022,踱步,沙田,內圈,沙田 內圈,,,,,,助手,,快踱一圈,H,內圈 快踱一圈 (助手)
E058,08/01/2022,游水,沙田,,沙田,,,,,,,,游水,,
E058,08/01/2022,踱步,沙田,內圈,沙田 內圈,,,,,,助手,,快踱一圈,H,內圈 快踱一圈 (助手)
E058,07/01/2022,游水,沙田,,沙田,,,,,,,,游水,,
E058,07/01/2022,踱步,沙田,內圈,沙田 內圈,,,,,,副練馬師,,快踱一圈,H,內圈 快踱一圈 (副練馬師)
E058,06/01/2022,游水,沙田,,沙田,,,,,,,,游水,,
E058,06/01/2022,踱步,沙田,內圈,沙田 內圈,,,,,,副練馬師,,倒快兩圈,H,內圈 倒快兩圈 (副練馬師)
E058,05/01/2022,游水,沙田,,沙田,,,,,,,,游水,,
E058,05/01/2022,踱步,沙田,內圈,沙田 內圈,,,,,,助手,,快踱一圈,H,內圈 快踱一圈 (助手)
E058,04/01/2022,游水,沙田,,沙田,,,,,,,,游水,,
E058,04/01/2022,踱步,沙田,內圈,沙田 內圈,,,,,,助手,,快踱一圈,H,內圈 快踱一圈 (助手)
E058,03/01/2022,游水,沙田,,沙田,,,,,,,,游水,,
E058,03/01/2022,踱步,沙田,內圈,沙田 內圈,,,,,,副練馬師,,倒快兩圈,H,內圈 倒快兩圈 (副練馬師)
E058,02/01/2022,游水,沙田,,沙田,,,,,,,,游水,,
E058,01/01/2022,游水,沙田,,沙田,,,,,,,,游水,,
E058,01/01/2022,踱步,沙田,內圈,沙田 內圈,,,,,,助手,,快踱一圈,H,內圈 快踱一圈 (助手)
E058,31/12/2021,游水,沙田,,沙田,,,,,,,,游水,,
E058,31/12/2021,踱步,沙田,內圈,沙田 內圈,,,,,,副練馬師,,快踱一圈,H,內圈 快踱一圈 (副練馬師)
E058,30/12/2021,游水,沙田,,沙田,,,,,,,,游水,,
E058,30/12/2021,踱步,沙田,內圈,沙田 內圈,,,,,,副練馬師,,倒快兩圈,H,內圈 倒快兩圈 (副練馬師)
E058,29/12/2021,游水,沙田,,沙田,,,,,,,,游水,,
E058,29/12/2021,快操,沙田,全天候,沙田 全天候,,54.7,54.7,29.3 25.4,,副練馬師,,快操,H,29.3 25.4 (54.7) (副練馬師)
E058,29/12/2021,踱步,沙田,飛機場,沙田 飛機場,,,,,,副練馬師,,踱步,H,飛機場 踱步 (副練馬師)
E058,28/12/2021,游水,沙田,,沙田,,,,,,,,游水,,
E058,28/12/2021,踱步,沙田,內圈,沙田 內圈,,,,,,助手,,快踱一圈,H,內圈 快踱一圈 (助手)
E058,27/12/2021,游水,沙田,,沙田,,,,,,,,游水,,
E058,27/12/2021,踱步,沙田,內圈,沙田 內圈,,,,,,副練馬師,,倒快兩圈,H,內圈 倒快兩圈 (副練馬師)
E058,26/12/2021,游水,沙田,,沙田,,,,,,,,游水,,
E058,26/12/2021,踱步,沙田,內圈,沙田 內圈,,,,,,副練馬師,,快踱一圈,H,內圈 快踱一圈 (副練馬師)
E058,25/12/2021,游水,沙田,,沙田,,,,,,,,游水,,
E058,25/12/2021,踱步,沙田,內圈,沙田 內圈,,,,,,副練馬師,,快踱一圈,H,內圈 快踱一圈 (副練馬師)
E058,24/12/2021,游水,沙田,,沙田,,,,,,,,游水,,
E058,24/12/2021,踱步,沙田,內圈,沙田 內圈,,,,,,副練馬師,,快踱一圈,H,內圈 快踱一圈 (副練馬師)
E058,23/12/2021,游水,沙田,,沙田,,,,,,,,游水,,
E058,23/12/2021,快操,沙田,全天候,沙田 全天候,,54.3,54.3,30.5 23.8,,副練馬師,,快操,H,30.5 23.8 (54.3) (副練馬師) (伴跳馬)
E058,23/12/2021,踱步,沙田,飛機場,沙田 飛機場,,,,,,副練馬師,,踱步,H,飛機場 踱步 (副練馬師)
E058,22/12/2021,游水,沙田,,沙田,,,,,,,,游水,,
E058,22/12/2021,踱步,沙田,內圈,沙田 內圈,,,,,,副練馬師,,快踱一圈,H,內圈 快踱一圈 (副練馬師)
E058,21/12/2021,游水,沙田,,沙田,,,,,,,,游水,,
E058,21/12/2021,踱步,沙田,內圈,沙田 內圈,,,,,,助手,,快踱一圈,H,內圈 快踱一圈 (助手)
E058,20/12/2021,游水,沙田,,沙田,,,,,,,,游水,,
E058,20/12/2021,踱步,沙田,內圈,沙田 內圈,,,,,,副練馬師,,倒快兩圈,H,內圈 倒快兩圈 (副練馬師)
E058,19/12/2021,游水,沙田,,沙田,,,,,,,,游水,,
E058,19/12/2021,快操,沙田,全天候,沙田 全天候,,58.8,58.8,31.3 27.5,,副練馬師,,快操,H,31.3 27.5 (58.8) (副練馬師)
E058,19/12/2021,踱步,沙田,飛機場,沙田 飛機場,,,,,,副練馬師,,踱步,H,飛機場 踱步 (副練馬師)
E058,18/12/2021,游水,沙田,,沙田,,,,,,,,游水,,
E058,18/12/2021,踱步,沙田,內圈,沙田 內圈,,,,,,副練馬師,,快踱一圈,H,內圈 快踱一圈 (副練馬師)
E058,17/12/2021,游水,沙田,,沙田,,,,,,,,游水,,
E058,17/12/2021,踱步,沙田,內圈,沙田 內圈,,,,,,助手,,快踱一圈,H,內圈 快踱一圈 (助手)
E058,16/12/2021,游水,沙田,,沙田,,,,,,,,游水,,
E058,16/12/2021,踱步,沙田,內圈,沙田 內圈,,,,,,副練馬師,,倒快兩圈,H,內圈 倒快兩圈 (副練馬師)
E058,15/12/2021,游水,沙田,,沙田,,,,,,,,游水,,
E058,15/12/2021,踱步,沙田,內圈,沙田 內圈,,,,,,副練馬師,,快踱一圈,H,內圈 快踱一圈 (副練馬師)
E058,14/12/2021,游水,沙田,,沙田,,,,,,,,游水,,
E058,14/12/2021,踱步,沙田,內圈,沙田 內圈,,,,,,助手,,快踱一圈,H,內圈 快踱一圈 (助手)
E058,13/12/2021,游水,沙田,,沙田,,,,,,,,游水,,
E058,13/12/2021,踱步,沙田,內圈,沙田 內圈,,,,,,副練馬師,,倒快兩圈,H,內圈 倒快兩圈 (副練馬師)
E058,12/12/2021,游水,沙田,,沙田,,,,,,,,游水,,
E058,12/12/2021,踱步,沙田,內圈,沙田 內圈,,,,,,副練馬師,,快踱一圈,H,內圈 快踱一圈 (副練馬師)
E058,11/12/2021,游水,沙田,,沙田,,,,,,,,游水,,
E058,11/12/2021,踱步,沙田,內圈,沙田 內圈,,,,,,副練馬師,,快踱一圈,H,內圈 快踱一圈 (副練馬師)
E058,10/12/2021,游水,沙田,,沙田,,,,,,,,游水,,
E058,10/12/2021,踱步,沙田,內圈,沙田 內圈,,,,,,副練馬師,,快踱一圈,H,內圈 快踱一圈 (副練馬師)
E058,09/12/2021,游水,沙田,,沙田,,,,,,,,游水,,
E058,09/12/2021,踱步,沙田,內圈,沙田 內圈,,,,,,助手,,倒快兩圈,H,內圈 倒快兩圈 (助手)
E058,08/12/2021,游水,沙田,,沙田,,,,,,,,游水,,
E058,08/12/2021,踱步,沙田,內圈,沙田 內圈,,,,,,副練馬師,,快踱一圈,H,內圈 快踱一圈 (副練馬師)
E058,07/12/2021,游水,沙田,,沙田,,,,,,,,游水,,
E058,07/12/2021,踱步,沙田,內圈,沙田 內圈,,,,,,助手,,快踱一圈,H,內圈 快踱一圈 (助手)
E058,06/12/2021,游水,沙田,,沙田,,,,,,,,游水,,
E058,05/12/2021,踱步,沙田,內圈,沙田 內圈,,,,,,副練馬師,,快踱一圈,H,內圈 快踱一圈 (副練馬師)
E058,04/12/2021,游水,沙田,,沙田,,,,,,,,游水,,
E058,04/12/2021,踱步,沙田,內圈,沙田 內圈,,,,,,副練馬師,,快踱一圈,H,內圈 快踱一圈 (副練馬師)
E058,03/12/2021,游水,沙田,,沙田,,,,,,,,游水,,
E058,03/12/2021,踱步,沙田,內圈,沙田 內圈,,,,,,副練馬師,,快踱一圈,H,內圈 快踱一圈 (副練馬師)
E058,02/12/2021,游水,沙田,,沙田,,,,,,,,游水,,
E058,02/12/2021,快操,沙田,全天候,沙田 全天候,,56.9,56.9,31.1 25.8,,副練馬師,,快操,H,31.1 25.8 (56.9) (副練馬師)
E058,02/12/2021,踱步,沙田,飛機場,沙田 飛機場,,,,,,副練馬師,,踱步,H,飛機場 踱步 (副練馬師)
E058,01/12/2021,游水,沙田,,沙田,,,,,,,,游水,,
E058,01/12/2021,踱步,沙田,內圈,沙田 內圈,,,,,,助手,,快踱一圈,H,內圈 快踱一圈 (助手)
E058,30/11/2021,游水,沙田,,沙田,,,,,,,,游水,,
E058,30/11/2021,踱步,沙田,內圈,沙田 內圈,,,,,,助手,,快踱一圈,H,內圈 快踱一圈 (助手)
E058,29/11/2021,游水,沙田,,沙田,,,,,,,,游水,,
E058,29/11/2021,踱步,沙田,內圈,沙田 內圈,,,,,,副練馬師,,倒快兩圈,H,內圈 倒快兩圈 (副練馬師)
E058,28/11/2021,游水,沙田,,沙田,,,,,,,,游水,,
E058,28/11/2021,快操,沙田,全天候,沙田 全天候,,52.1,52.1,29.3 22.8,,助手,,快操,H,29.3 22.8 (52.1) (助手)
E058,28/11/2021,踱步,沙田,飛機場,沙田 飛機場,,,,,,助手,,踱步,H,飛機場 踱步 (助手)
E058,27/11/2021,游水,沙田,,沙田,,,,,,,,游水,,
E058,27/11/2021,踱步,沙田,內圈,沙田 內圈,,,,,,助手,,快踱一圈,H,內圈 快踱一圈 (助手)
E058,26/11/2021,游水,沙田,,沙田,,,,,,,,游水,,
E058,26/11/2021,踱步,沙田,內圈,沙田 內圈,,,,,,副練馬師,,快踱一圈,H,內圈 快踱一圈 (副練馬師)
E058,25/11/2021,游水,沙田,,沙田,,,,,,,,游水,,
E058,25/11/2021,快操,沙田,全天候,沙田 全天候,,57.0,57.0,31.2 25.8,,副練馬師,,快操,H,31.2 25.8 (57.0) (副練馬師)
E058,25/11/2021,踱步,沙田,飛機場,沙田 飛機場,,,,,,副練馬師,,踱步,H,飛機場 踱步 (副練馬師)
E058,24/11/2021,游水,沙田,,沙田,,,,,,,,游水,,
E058,24/11/2021,踱步,沙田,內圈,沙田 內圈,,,,,,助手,,快踱一圈,H,內圈 快踱一圈 (助手)
E058,23/11/2021,游水,沙田,,沙田,,,,,,,,游水,,
E058,23/11/2021,踱步,沙田,內圈,沙田 內圈,,,,,,助手,,快踱一圈,H,內圈 快踱一圈 (助手)
E058,22/11/2021,游水,沙田,,沙田,,,,,,,,游水,,
E058,22/11/2021,踱步,沙田,內圈,沙田 內圈,,,,,,助手,,倒快兩圈,H,內圈 倒快兩圈 (助手)
E058,21/11/2021,游水,沙田,,沙田,,,,,,,,游水,,
E058,21/11/2021,快操,沙田,全天候,沙田 全天候,,1.00.8,60.8,32.8 28.0,,副練馬師,,快操,H,32.8 28.0 (1.00.8) (副練馬師)
E058,21/11/2021,踱步,沙田,飛機場,沙田 飛機場,,,,,,副練馬師,,踱步,H,飛機場 踱步 (副練馬師)
E058,20/11/2021,游水,沙田,,沙田,,,,,,,,游水,,
E058,20/11/2021,踱步,沙田,內圈,沙田 內圈,,,,,,助手,,快踱一圈,H,內圈 快踱一圈 (助手)
E058,19/11/2021,游水,沙田,,沙田,,,,,,,,游水,,
E058,19/11/2021,踱步,沙田,內圈,沙田 內圈,,,,,,助手,,快踱一圈,H,內圈 快踱一圈 (助手)
E058,18/11/2021,游水,沙田,,沙田,,,,,,,,游水,,
E058,18/11/2021,踱步,沙田,內圈,沙田 內圈,,,,,,助手,,倒快兩圈,H,內圈 倒快兩圈 (助手)
E058,17/11/2021,游水,沙田,,沙田,,,,,,,,游水,,
E058,17/11/2021,踱步,沙田,內圈,沙田 內圈,,,,,,副練馬師,,快踱一圈,,內圈 快踱一圈 (副練馬師)
E058,16/11/2021,游水,沙田,,沙田,,,,,,,,游水,,
E058,16/11/2021,踱步,沙田,內圈,沙田 內圈,,,,,,助手,,快踱一圈,H,內圈 快踱一圈 (助手)
E058,15/11/2021,游水,沙田,,沙田,,,,,,,,游水,,
E058,15/11/2021,踱步,沙田,內圈,沙田 內圈,,,,,,助手,,倒快兩圈,H,內圈 倒快兩圈 (助手)
E058,14/11/2021,游水,沙田,,沙田,,,,,,,,游水,,
E058,14/11/2021,踱步,沙田,內圈,沙田 內圈,,,,,,副練馬師,,快踱一圈,H,內圈 快踱一圈 (副練馬師)
E058,13/11/2021,游水,沙田,,沙田,,,,,,,,游水,,
E058,13/11/2021,踱步,沙田,內圈,沙田 內圈,,,,,,助手,,快踱一圈,H,內圈 快踱一圈 (助手)
E058,12/11/2021,游水,沙田,,沙田,,,,,,,,游水,,
E058,12/11/2021,踱步,沙田,內圈,沙田 內圈,,,,,,助手,,快踱一圈,H,內圈 快踱一圈 (助手)
E058,11/11/2021,游水,沙田,,沙田,,,,,,,,游水,,
E058,11/11/2021,踱步,沙田,內圈,沙田 內圈,,,,,,助手,,倒快兩圈,H,內圈 倒快兩圈 (助手)
E058,10/11/2021,游水,沙田,,沙田,,,,,,,,游水,,
E058,10/11/2021,踱步,沙田,內圈,沙田 內圈,,,,,,助手,,快踱一圈,H,內圈 快踱一圈 (助手)
E058,09/11/2021,試閘,沙田,全天候,沙田 全天候,1200M,1.10.96,70.96,24.7 24.0 22.2,綠登,潘頓,,第2組,H,第2組 (潘頓) 1200M 綠登 24.7 24.0 22.2 (1.10.96)
E058,09/11/2021,游水,沙田,,沙田,,,,,,,,游水,,
E058,08/11/2021,游水,沙田,,沙田,,,,,,,,游水,,
E058,08/11/2021,踱步,沙田,內圈,沙田 內圈,,,,,,助手,,倒快兩圈,H,內圈 倒快兩圈 (助手)
E058,07/11/2021,游水,沙田,,沙田,,,,,,,,游水,,
E058,07/11/2021,踱步,沙田,內圈,沙田 內圈,,,,,,助手,,快踱一圈,H,內圈 快踱一圈 (助手)
E058,06/11/2021,游水,沙田,,沙田,,,,,,,,游水,,
E058,06/11/2021,快操,沙田,全天候,沙田 全天候,,56.9,56.9,29.8 27.1,,助手,,快操,H,29.8 27.1 (56.9) (助手)
E058,06/11/2021,踱步,沙田,飛機場,沙田 飛機場,,,,,,助手,,踱步,H,飛機場 踱步 (助手)
E058,05/11/2021,游水,沙田,,沙田,,,,,,,,游水,,
E058,05/11/2021,踱步,沙田,內圈,沙田 內圈,,,,,,副練馬師,,快踱一圈,H,內圈 快踱一圈 (副練馬師)
E058,04/11/2021,游水,沙田,,沙田,,,,,,,,游水,,
E058,04/11/2021,踱步,沙田,內圈,沙田 內圈,,,,,,副練馬師,,倒快兩圈,H,內圈 倒快兩圈 (副練馬師)
E058,03/11/2021,游水,沙田,,沙田,,,,,,,,游水,,
E058,03/11/2021,快操,沙田,全天候,沙田 全天候,,57.0,57.0,31.0 26.0,,助手,,快操,H,31.0 26.0 (57.0) (助手)
E058,03/11/2021,踱步,沙田,飛機場,沙田 飛機場,,,,,,助手,,踱步,H,飛機場 踱步 (助手)
E058,02/11/2021,游水,沙田,,沙田,,,,,,,,游水,,
E058,02/11/2021,踱步,沙田,內圈,沙田 內圈,,,,,,助手,,快踱一圈,H,內圈 快踱一圈 (助手)
E058,01/11/2021,游水,沙田,,沙田,,,,,,,,游水,,
E058,01/11/2021,踱步,沙田,內圈,沙田 內圈,,,,,,副練馬師,,倒快兩圈,H,內圈 倒快兩圈 (副練馬師)
E058,31/10/2021,游水,沙田,,沙田,,,,,,,,游水,,
E058,31/10/2021,踱步,沙田,內圈,沙田 內圈,,,,,,助手,,快踱一圈,H,內圈 快踱一圈 (助手)
E058,30/10/2021,游水,沙田,,沙田,,,,,,,,游水,,
E058,30/10/2021,踱步,沙田,內圈,沙田 內圈,,,,,,副練馬師,,快踱一圈,H,內圈 快踱一圈 (副練馬師)
E058,29/10/2021,游水,沙田,,沙田,,,,,,,,游水,,
E058,29/10/2021,踱步,沙田,內圈,沙田 內圈,,,,,,副練馬師,,快踱一圈,H,內圈 快踱一圈 (副練馬師)
E058,28/10/2021,游水,沙田,,沙田,,,,,,,,游水,,
E058,28/10/2021,踱步,沙田,內圈,沙田 內圈,,,,,,助手,,倒快兩圈,H,內圈 倒快兩圈 (助手)
E058,27/10/2021,游水,沙田,,沙田,,,,,,,,游水,,
E058,27/10/2021,踱步,沙田,內圈,沙田 內圈,,,,,,助手,,快踱一圈,H,內圈 快踱一圈 (助手)
E058,26/10/2021,游水,沙田,,沙田,,,,,,,,游水,,
E058,26/10/2021,踱步,沙田,內圈,沙田 內圈,,,,,,助手,,快踱一圈,H,內圈 快踱一圈 (助手)
E058,25/10/2021,游水,沙田,,沙田,,,,,,,,游水,,
E058,25/10/2021,踱步,沙田,內圈,沙田 內圈,,,,,,助手,,倒快兩圈,H,內圈 倒快兩圈 (助手)
E058,24/10/2021,游水,沙田,,沙田,,,,,,,,游水,,
E058,24/10/2021,踱步,沙田,內圈,沙田 內圈,,,,,,副練馬師,,快踱一圈,H,內圈 快踱一圈 (副練馬師)
E058,23/10/2021,游水,沙田,,沙田,,,,,,,,游水,,
E058,22/10/2021,試閘,沙田,全天候,沙田 全天候,1200M,1.10.89,70.89,24.3 22.8 23.7,萬眾力得,潘頓,,第1組,H,第1組 (潘頓) 1200M 萬眾力得 24.3 22.8 23.7 (1.10.89)
E058,22/10/2021,游水,沙田,,沙田,,,,,,,,游水,,
E058,21/10/2021,游水,沙田,,沙田,,,,,,,,游水,,
E058,21/10/2021,踱步,沙田,內圈,沙田 內圈,,,,,,助手,,倒快兩圈,H,內圈 倒快兩圈 (助手)
E058,20/10/2021,游水,沙田,,沙田,,,,,,,,游水,,
E058,20/10/2021,踱步,沙田,內圈,沙田 內圈,,,,,,助手,,快踱一圈,H,內圈 快踱一圈 (助手)
E058,19/10/2021,游水,沙田,,沙田,,,,,,,,游水,,
E058,19/10/2021,快操,沙田,全天候,沙田 全天候,,57.0,57.0,30.6 26.4,,助手,,快操,H,30.6 26.4 (57.0) (助手)
E058,19/10/2021,踱步,沙田,飛機場,沙田 飛機場,,,,,,助手,,踱步,H,飛機場 踱步 (助手)
E058,18/10/2021,游水,沙田,,沙田,,,,,,,,游水,,
E058,18/10/2021,踱步,沙田,內圈,沙田 內圈,,,,,,助手,,倒快兩圈,H,內圈 倒快兩圈 (助手)
E058,17/10/2021,游水,沙田,,沙田,,,,,,,,游水,,
E058,17/10/2021,踱步,沙田,內圈,沙田 內圈,,,,,,助手,,快踱一圈,H,內圈 快踱一圈 (助手)
E058,16/10/2021,游水,沙田,,沙田,,,,,,,,游水,,
E058,16/10/2021,踱步,沙田,內圈,沙田 內圈,,,,,,助手,,快踱一圈,H,內圈 快踱一圈 (助手)
E058,15/10/2021,游水,沙田,,沙田,,,,,,,,游水,,
E058,15/10/2021,踱步,沙田,內圈,沙田 內圈,,,,,,助手,,快踱一圈,H,內圈 快踱一圈 (助手)
E058,14/10/2021,游水,沙田,,沙田,,,,,,,,游水,,
E058,14/10/2021,踱步,沙田,內圈,沙田 內圈,,,,,,助手,,倒快兩圈,H,內圈 倒快兩圈 (助手)
E058,12/10/2021,試閘,沙田,全天候,沙田 全天候,1200M,1.10.75,70.75,23.8 23.3 23.6,合夥雄心,潘頓,,第1組,H,第1組 (潘頓) 1200M 合夥雄心 23.8 23.3 23.6 (1.10.75)
E058,12/10/2021,游水,沙田,,沙田,,,,,,,,游水,,
E058,11/10/2021,游水,沙田,,沙田,,,,,,,,游水,,
E058,11/10/2021,踱步,沙田,飛機場,沙田 飛機場,,,,,,助手,,踱步,H,飛機場 踱步 (助手)
E058,10/10/2021,游水,沙田,,沙田,,,,,,,,游水,,
E058,09/10/2021,快操,沙田,全天候,沙田 全天候,,57.7,57.7,30.2 27.5,,助手,,快操,H,30.2 27.5 (57.7) (助手)
E058,08/10/2021,游水,沙田,,沙田,,,,,,,,游水,,
E058,08/10/2021,踱步,沙田,內圈,沙田 內圈,,,,,,副練馬師,,快踱一圈,H,內圈 快踱一圈 (副練馬師)
E058,07/10/2021,游水,沙田,,沙田,,,,,,,,游水,,
E058,07/10/2021,踱步,沙田,內圈,沙田 內圈,,,,,,助手,,倒快兩圈,H,內圈 倒快兩圈 (助手)
E058,06/10/2021,游水,沙田,,沙田,,,,,,,,游水,,
E058,06/10/2021,踱步,沙田,內圈,沙田 內圈,,,,,,副練馬師,,快踱一圈,H,內圈 快踱一圈 (副練馬師)
E058,05/10/2021,游水,沙田,,沙田,,,,,,,,游水,,
E058,05/10/2021,快操,沙田,全天候,沙田 全天候,,57.9,57.9,31.7 26.2,,助手,,快操,H,31.7 26.2 (57.9) (助手)
E058,05/10/2021,踱步,沙田,飛機場,沙田 飛機場,,,,,,助手,,踱步,H,飛機場 踱步 (助手)
E058,04/10/2021,游水,沙田,,沙田,,,,,,,,游水,,
E058,04/10/2021,踱步,沙田,內圈,沙田 內圈,,,,,,副練馬師,,倒快兩圈,H,內圈 倒快兩圈 (副練馬師)
E058,03/10/2021,游水,沙田,,沙田,,,,,,,,游水,,
E058,03/10/2021,踱步,沙田,內圈,沙田 內圈,,,,,,副練馬師,,快踱一圈,H,內圈 快踱一圈 (副練馬師)
E058,02/10/2021,游水,沙田,,沙田,,,,,,,,游水,,
E058,02/10/2021,快操,沙田,全天候,沙田 全天候,,58.3,58.3,31.5 26.8,,副練馬師,,快操,H,31.5 26.8 (58.3) (副練馬師)
E058,02/10/2021,踱步,沙田,飛機場,沙田 飛機場,,,,,,副練馬師,,踱步,H,飛機場 踱步 (副練馬師)
E058,01/10/2021,游水,沙田,,沙田,,,,,,,,游水,,
E058,01/10/2021,踱步,沙田,內圈,沙田 內圈,,,,,,助手,,快踱一圈,H,內圈 快踱一圈 (助手)
E058,30/09/2021,游水,沙田,,沙田,,,,,,,,游水,,
E058,30/09/2021,踱步,沙田,內圈,沙田 內圈,,,,,,助手,,倒快一圈,H,內圈 倒快一圈 (助手)
E058,29/09/2021,游水,沙田,,沙田,,,,,,,,游水,,
E058,29/09/2021,快操,沙田,全天候,沙田 全天候,,56.7,56.7,30.0 26.7,,副練馬師,,快操,H,30.0 26.7 (56.7) (副練馬師)
E058,29/09/2021,踱步,沙田,飛機場,沙田 飛機場,,,,,,副練馬師,,踱步,H,飛機場 踱步 (副練馬師)
E058,28/09/2021,游水,沙田,,沙田,,,,,,,,游水,,
E058,28/09/2021,踱步,沙田,內圈,沙田 內圈,,,,,,助手,,快踱一圈,H,內圈 快踱一圈 (助手)
E058,27/09/2021,游水,沙田,,沙田,,,,,,,,游水,,
E058,27/09/2021,踱步,沙田,內圈,沙田 內圈,,,,,,助手,,倒快一圈,H,內圈 倒快一圈 (助手)
E058,26/09/2021,游水,沙田,,沙田,,,,,,,,游水,,
E058,26/09/2021,踱步,沙田,內圈,沙田 內圈,,,,,,助手,,快踱一圈,H,內圈 快踱一圈 (助手)
E058,25/09/2021,游水,沙田,,沙田,,,,,,,,游水,,
E058,25/09/2021,快操,沙田,全天候,沙田 全天候,,56.8,56.8,30.6 26.2,,助手,,快操,H,30.6 26.2 (56.8) (助手)
E058,25/09/2021,踱步,沙田,飛機場,沙田 飛機場,,,,,,助手,,踱步,H,飛機場 踱步 (助手)
E058,24/09/2021,游水,沙田,,沙田,,,,,,,,游水,,
E058,24/09/2021,踱步,沙田,內圈,沙田 內圈,,,,,,助手,,快踱一圈,H,內圈 快踱一圈 (助手)
E058,23/09/2021,游水,沙田,,沙田,,,,,,,,游水,,
E058,23/09/2021,踱步,沙田,內圈,沙田 內圈,,,,,,助手,,倒快兩圈,H,內圈 倒快兩圈 (助手)
E058,22/09/2021,游水,沙田,,沙田,,,,,,,,游水,,
E058,22/09/2021,快操,沙田,全天候,沙田 全天候,,57.7,57.7,30.8 26.9,,副練馬師,,快操,H,30.8 26.9 (57.7) (副練馬師)
E058,22/09/2021,踱步,沙田,飛機場,沙田 飛機場,,,,,,副練馬師,,踱步,H,飛機場 踱步 (副練馬師)
E058,21/09/2021,游水,沙田,,沙田,,,,,,,,游水,,
E058,21/09/2021,踱步,沙田,內圈,沙田 內圈,,,,,,助手,,快踱一圈,H,內圈 快踱一圈 (助手)
E058,20/09/2021,游水,沙田,,沙田,,,,,,,,游水,,
E058,20/09/2021,踱步,沙田,內圈,沙田 內圈,,,,,,助手,,倒快兩圈,H,內圈 倒快兩圈 (助手)
E058,19/09/2021,游水,沙田,,沙田,,,,,,,,游水,,
E058,19/09/2021,踱步,沙田,內圈,沙田 內圈,,,,,,副練馬師,,快踱一圈,H,內圈 快踱一圈 (副練馬師)
E058,18/09/2021,游水,沙田,,沙田,,,,,,,,游水,,
E058,18/09/2021,快操,沙田,全天候,沙田 全天候,,54.7,54.7,29.0 25.7,,副練馬師,,快操,H,29.0 25.7 (54.7) (副練馬師)
E058,18/09/2021,踱步,沙田,飛機場,沙田 飛機場,,,,,,副練馬師,,踱步,H,飛機場 踱步 (副練馬師)
E058,17/09/2021,游水,沙田,,沙田,,,,,,,,游水,,
E058,17/09/2021,踱步,沙田,內圈,沙田 內圈,,,,,,助手,,快踱一圈,H,內圈 快踱一圈 (助手)
E058,16/09/2021,游水,沙田,,沙田,,,,,,,,游水,,
E058,16/09/2021,踱步,沙田,內圈,沙田 內圈,,,,,,副練馬師,,倒快兩圈,H,內圈 倒快兩圈 (副練馬師)
E058,15/09/2021,游水,沙田,,沙田,,,,,,,,游水,,
E058,15/09/2021,快操,沙田,全天候,沙田 全天候,,1.00.0,60.0,32.5 27.5,,副練馬師,,快操,H,32.5 27.5 (1.00.0) (副練馬師)
E058,15/09/2021,踱步,沙田,飛機場,沙田 飛機場,,,,,,副練馬師,,踱步,P,飛機場 踱步 (副練馬師)
E058,14/09/2021,游水,沙田,,沙田,,,,,,,,游水,,
E058,14/09/2021,踱步,沙田,內圈,沙田 內圈,,,,,,助手,,快踱一圈,H,內圈 快踱一圈 (助手)
E058,13/09/2021,游水,沙田,,沙田,,,,,,,,游水,,
E058,13/09/2021,踱步,沙田,內圈,沙田 內圈,,,,,,助手,,倒快兩圈,H,內圈 倒快兩圈 (助手)
E058,12/09/2021,游水,沙田,,沙田,,,,,,,,游水,,
E058,12/09/2021,踱步,沙田,內圈,沙田 內圈,,,,,,副練馬師,,快踱一圈,H,內圈 快踱一圈 (副練馬師)
E058,11/09/2021,游水,沙田,,沙田,,,,,,,,游水,,
E058,11/09/2021,快操,沙田,全天候,沙田 全天候,,27.8,27.8,27.8,,副練馬師,,快操,H,27.8 (27.8) (副練馬師)
E058,11/09/2021,踱步,沙田,飛機場,沙田 飛機場,,,,,,副練馬師,,踱步,H,飛機場 踱步 (副練馬師)
E058,10/09/2021,游水,沙田,,沙田,,,,,,,,游水,,
E058,10/09/2021,踱步,沙田,內圈,沙田 內圈,,,,,,副練馬師,,快踱一圈,H,內圈 快踱一圈 (副練馬師)
E058,09/09/2021,游水,沙田,,沙田,,,,,,,,游水,,
E058,09/09/2021,踱步,沙田,內圈,沙田 內圈,,,,,,助手,,倒快兩圈,H,內圈 倒快兩圈 (助手)
E058,08/09/2021,游水,沙田,,沙田,,,,,,,,游水,,
E058,08/09/2021,快操,沙田,全天候,沙田 全天候,,55.5,55.5,29.8 25.7,,副練馬師,,快操,H,29.8 25.7 (55.5) (副練馬師)
E058,08/09/2021,踱步,沙田,飛機場,沙田 飛機場,,,,,,副練馬師,,踱步,H,飛機場 踱步 (副練馬師)
E058,07/09/2021,游水,沙田,,沙田,,,,,,,,游水,,
E058,07/09/2021,踱步,沙田,內圈,沙田 內圈,,,,,,助手,,快踱一圈,H,內圈 快踱一圈 (助手)
E058,06/09/2021,游水,沙田,,沙田,,,,,,,,游水,,
E058,06/09/2021,踱步,沙田,內圈,沙田 內圈,,,,,,助手,,倒快兩圈,H,內圈 倒快兩圈 (助手)
E058,05/09/2021,游水,沙田,,沙田,,,,,,,,游水,,
E058,05/09/2021,踱步,沙田,內圈,沙田 內圈,,,,,,副練馬師,,快踱一圈,H,內圈 快踱一圈 (副練馬師)
E058,04/09/2021,游水,沙田,,沙田,,,,,,,,游水,,
E058,04/09/2021,快操,沙田,全天候,沙田 全天候,,59.3,59.3,31.2 28.1,,副練馬師,,快操,H,31.2 28.1 (59.3) (副練馬師)
E058,04/09/2021,踱步,沙田,飛機場,沙田 飛機場,,,,,,副練馬師,,踱步,H,飛機場 踱步 (副練馬師)
E058,03/09/2021,游水,沙田,,沙田,,,,,,,,游水,,
E058,03/09/2021,踱步,沙田,內圈,沙田 內圈,,,,,,助手,,快踱一圈,H,內圈 快踱一圈 (助手)
E058,02/09/2021,游水,沙田,,沙田,,,,,,,,游水,,
E058,02/09/2021,踱步,沙田,內圈,沙田 內圈,,,,,,助手,,倒快兩圈,H,內圈 倒快兩圈 (助手)
E058,01/09/2021,游水,沙田,,沙田,,,,,,,,游水,,
E058,01/09/2021,踱步,沙田,內圈,沙田 內圈,,,,,,助手,,快踱一圈,H,內圈 快踱一圈 (助手)
E058,31/08/2021,游水,沙田,,沙田,,,,,,,,游水,,
E058,31/08/2021,踱步,沙田,內圈,沙田 內圈,,,,,,助手,,快踱一圈,H,內圈 快踱一圈 (助手)
E058,30/08/2021,游水,沙田,,沙田,,,,,,,,游水,,
E058,30/08/2021,踱步,沙田,內圈,沙田 內圈,,,,,,助手,,倒快兩圈,H,內圈 倒快兩圈 (助手)
E058,29/08/2021,游水,沙田,,沙田,,,,,,,,游水,,
E058,29/08/2021,踱步,沙田,內圈,沙田 內圈,,,,,,助手,,快踱一圈,H,內圈 快踱一圈 (助手)
E058,28/08/2021,游水,沙田,,沙田,,,,,,,,游水,,
E058,28/08/2021,踱步,沙田,內圈,沙田 內圈,,,,,,助手,,快踱一圈,H,內圈 快踱一圈 (助手)
E058,27/08/2021,游水,沙田,,沙田,,,,,,,,游水,,
E058,27/08/2021,踱步,沙田,內圈,沙田 內圈,,,,,,助手,,快踱一圈,H,內圈 快踱一圈 (助手)
E058,26/08/2021,游水,沙田,,沙田,,,,,,,,游水,,
E058,26/08/2021,踱步,沙田,內圈,沙田 內圈,,,,,,助手,,倒快兩圈,H,內圈 倒快兩圈 (助手)
E058,25/08/2021,游水,沙田,,沙田,,,,,,,,游水,,
E058,25/08/2021,踱步,沙田,內圈,沙田 內圈,,,,,,助手,,快踱一圈,H,內圈 快踱一圈 (助手)
E058,24/08/2021,游水,沙田,,沙田,,,,,,,,游水,,
E058,24/08/2021,踱步,沙田,內圈,沙田 內圈,,,,,,助手,,快踱一圈,H,內圈 快踱一圈 (助手)
E058,23/08/2021,游水,沙田,,沙田,,,,,,,,游水,,
E058,23/08/2021,踱步,沙田,內圈,沙田 內圈,,,,,,助手,,倒快兩圈,H,內圈 倒快兩圈 (助手)
E058,22/08/2021,游水,沙田,,沙田,,,,,,,,游水,,
E058,22/08/2021,踱步,沙田,飛機場,沙田 飛機場,,,,,,助手,,踱步,H,飛機場 踱步 (助手)
E058,21/08/2021,游水,沙田,,沙田,,,,,,,,游水,,
E058,21/08/2021,踱步,沙田,飛機場,沙田 飛機場,,,,,,助手,,踱步,H,飛機場 踱步 (助手)
E058,20/08/2021,游水,沙田,,沙田,,,,,,,,游水,,
E058,20/08/2021,踱步,沙田,飛機場,沙田 飛機場,,,,,,助手,,踱步,H,飛機場 踱步 (助手)
E058,19/08/2021,游水,沙田,,沙田,,,,,,,,游水,,
E058,18/08/2021,游水,沙田,,沙田,,,,,,,,游水,,
E058,17/08/2021,游水,沙田,,沙田,,,,,,,,游水,,
E058,16/08/2021,游水,沙田,,沙田,,,,,,,,游水,,
E058,15/08/2021,游水,沙田,,沙田,,,,,,,,游水,,
E058,14/08/2021,游水,沙田,,沙田,,,,,,,,游水,,
E058,13/08/2021,游水,沙田,,沙田,,,,,,,,游水,,
E058,12/08/2021,游水,沙田,,沙田,,,,,,,,游水,,
E058,11/08/2021,游水,沙田,,沙田,,,,,,,,游水,,
E058,08/08/2021,游水,沙田,,沙田,,,,,,,,游水,,
E058,07/08/2021,游水,沙田,,沙田,,,,,,,,游水,,
E058,06/08/2021,游水,沙田,,沙田,,,,,,,,游水,,
E058,05/08/2021,游水,沙田,,沙田,,,,,,,,游水,,
E058,04/08/2021,游水,沙田,,沙田,,,,,,,,游水,,
E058,03/08/2021,游水,沙田,,沙田,,,,,,,,游水,,
E058,02/08/2021,游水,沙田,,沙田,,,,,,,,游水,,
E058,01/08/2021,游水,沙田,,沙田,,,,,,,,游水,,
E058,31/07/2021,游水,沙田,,沙田,,,,,,,,游水,,
E058,30/07/2021,游水,沙田,,沙田,,,,,,,,游水,,
E058,14/07/2021,游水,沙田,,沙田,,,,,,,,游水,,
E058,14/07/2021,踱步,沙田,內圈,沙田 內圈,,,,,,助手,,快踱一圈,H,內圈 快踱一圈 (助手)
E058,13/07/2021,游水,沙田,,沙田,,,,,,,,游水,,
E058,13/07/2021,踱步,沙田,內圈,沙田 內圈,,,,,,助手,,快踱一圈,H,內圈 快踱一圈 (助手)
E058,12/07/2021,游水,沙田,,沙田,,,,,,,,游水,,
E058,12/07/2021,踱步,沙田,內圈,沙田 內圈,,,,,,助手,,倒快兩圈,H,內圈 倒快兩圈 (助手)
E058,11/07/2021,游水,沙田,,沙田,,,,,,,,游水,,
E058,11/07/2021,踱步,沙田,內圈,沙田 內圈,,,,,,副練馬師,,快踱一圈,H,內圈 快踱一圈 (副練馬師)
E058,10/07/2021,游水,沙田,,沙田,,,,,,,,游水,,
E058,10/07/2021,快操,沙田,全天候,沙田 全天候,,57.1,57.1,30.6 26.5,,副練馬師,,快操,H,30.6 26.5 (57.1) (副練馬師)
E058,10/07/2021,踱步,沙田,飛機場,沙田 飛機場,,,,,,副練馬師,,踱步,H,飛機場 踱步 (副練馬師)
E058,09/07/2021,游水,沙田,,沙田,,,,,,,,游水,,
E058,09/07/2021,踱步,沙田,內圈,沙田 內圈,,,,,,助手,,快踱一圈,H,內圈 快踱一圈 (助手)
E058,08/07/2021,游水,沙田,,沙田,,,,,,,,游水,,
E058,08/07/2021,踱步,沙田,內圈,沙田 內圈,,,,,,助手,,倒快兩圈,H,內圈 倒快兩圈 (助手)
E058,07/07/2021,游水,沙田,,沙田,,,,,,,,游水,,
E058,07/07/2021,快操,沙田,全天候,沙田 全天候,,57.9,57.9,30.6 27.3,,助手,,快操,H,30.6 27.3 (57.9) (助手)
E058,07/07/2021,踱步,沙田,飛機場,沙田 飛機場,,,,,,助手,,踱步,H,飛機場 踱步 (助手)
E058,06/07/2021,游水,沙田,,沙田,,,,,,,,游水,,
E058,06/07/2021,踱步,沙田,內圈,沙田 內圈,,,,,,助手,,快踱一圈,H,內圈 快踱一圈 (助手)
E058,05/07/2021,游水,沙田,,沙田,,,,,,,,游水,,
E058,05/07/2021,踱步,沙田,內圈,沙田 內圈,,,,,,助手,,倒快兩圈,H,內圈 倒快兩圈 (助手)
E058,04/07/2021,游水,沙田,,沙田,,,,,,,,游水,,
E058,04/07/2021,踱步,沙田,內圈,沙田 內圈,,,,,,副練馬師,,快踱一圈,H,內圈 快踱一圈 (副練馬師)
E058,03/07/2021,游水,沙田,,沙田,,,,,,,,游水,,
E058,03/07/2021,快操,沙田,全天候,沙田 全天候,,59.1,59.1,32.0 27.1,,副練馬師,,快操,H,32.0 27.1 (59.1) (副練馬師)
E058,03/07/2021,踱步,沙田,飛機場,沙田 飛機場,,,,,,副練馬師,,踱步,H,飛機場 踱步 (副練馬師)
E058,02/07/2021,游水,沙田,,沙田,,,,,,,,游水,,
E058,02/07/2021,踱步,沙田,內圈,沙田 內圈,,,,,,助手,,快踱一圈,H,內圈 快踱一圈 (助手)
E058,01/07/2021,游水,沙田,,沙田,,,,,,,,游水,,
E058,01/07/2021,踱步,沙田,內圈,沙田 內圈,,,,,,助手,,倒快兩圈,H,內圈 倒快兩圈 (助手)
E058,30/06/2021,游水,沙田,,沙田,,,,,,,,游水,,
E058,30/06/2021,快操,沙田,全天候,沙田 全天候,,58.1,58.1,30.7 27.4,,副練馬師,,快操,H,30.7 27.4 (58.1) (副練馬師)
E058,30/06/2021,踱步,沙田,飛機場,沙田 飛機場,,,,,,副練馬師,,踱步,H,飛機場 踱步 (副練馬師)
E058,29/06/2021,游水,沙田,,沙田,,,,,,,,游水,,
E058,29/06/2021,踱步,沙田,內圈,沙田 內圈,,,,,,助手,,快踱一圈,H,內圈 快踱一圈 (助手)
E058,28/06/2021,游水,沙田,,沙田,,,,,,,,游水,,
E058,27/06/2021,游水,沙田,,沙田,,,,,,,,游水,,
E058,27/06/2021,快操,沙田,全天候,沙田 全天候,,56.6,56.6,30.1 26.5,,助手,,快操,H,30.1 26.5 (56.6) (助手)
E058,27/06/2021,踱步,沙田,飛機場,沙田 飛機場,,,,,,助手,,踱步,H,飛機場 踱步 (助手)
E058,26/06/2021,游水,沙田,,沙田,,,,,,,,游水,,
E058,26/06/2021,踱步,沙田,內圈,沙田 內圈,,,,,,助手,,快踱一圈,H,內圈 快踱一圈 (助手)
E058,25/06/2021,游水,沙田,,沙田,,,,,,,,游水,,
E058,25/06/2021,踱步,沙田,內圈,沙田 內圈,,,,,,助手,,快踱一圈,H,內圈 快踱一圈 (助手)
E058,24/06/2021,游水,沙田,,沙田,,,,,,,,游水,,
E058,24/06/2021,快操,沙田,全天候,沙田 全天候,,58.9,58.9,31.7 27.2,,副練馬師,,快操,H,31.7 27.2 (58.9) (副練馬師)
E058,24/06/2021,踱步,沙田,飛機場,沙田 飛機場,,,,,,副練馬師,,踱步,H,飛機場 踱步 (副練馬師)
E058,23/06/2021,游水,沙田,,沙田,,,,,,,,游水,,
E058,23/06/2021,踱步,沙田,內圈,沙田 內圈,,,,,,助手,,快踱一圈,H,內圈 快踱一圈 (助手)
E058,22/06/2021,游水,沙田,,沙田,,,,,,,,游水,,
E058,22/06/2021,踱步,沙田,內圈,沙田 內圈,,,,,,助手,,快踱一圈,H,內圈 快踱一圈 (助手)
E058,21/06/2021,游水,沙田,,沙田,,,,,,,,游水,,
E058,21/06/2021,踱步,沙田,內圈,沙田 內圈,,,,,,助手,,倒快兩圈,,內圈 倒快兩圈 (助手)
E058,20/06/2021,游水,沙田,,沙田,,,,,,,,游水,,
E058,20/06/2021,踱步,沙田,內圈,沙田 內圈,,,,,,助手,,快踱一圈,H,內圈 快踱一圈 (助手)
E058,19/06/2021,游水,沙田,,沙田,,,,,,,,游水,,
E058,19/06/2021,快操,沙田,全天候,沙田 全天候,,55.8,55.8,30.1 25.7,,副練馬師,,快操,H,30.1 25.7 (55.8) (副練馬師)
E058,18/06/2021,游水,沙田,,沙田,,,,,,,,游水,,
E058,18/06/2021,踱步,沙田,內圈,沙田 內圈,,,,,,助手,,快踱一圈,H,內圈 快踱一圈 (助手)
E058,17/06/2021,踱步,沙田,內圈,沙田 內圈,,,,,,助手,,倒快兩圈,H,內圈 倒快兩圈 (助手)
E058,16/06/2021,游水,沙田,,沙田,,,,,,,,游水,,
E058,16/06/2021,快操,沙田,全天候,沙田 全天候,,57.9,57.9,30.5 27.4,,助手,,快操,H,30.5 27.4 (57.9) (助手)
E058,16/06/2021,踱步,沙田,飛機場,沙田 飛機場,,,,,,助手,,踱步,H,飛機場 踱步 (助手)
E058,15/06/2021,游水,沙田,,沙田,,,,,,,,游水,,
E058,15/06/2021,踱步,沙田,內圈,沙田 內圈,,,,,,助手,,快踱一圈,H,內圈 快踱一圈 (助手)
E058,14/06/2021,游水,沙田,,沙田,,,,,,,,游水,,
E058,14/06/2021,踱步,沙田,內圈,沙田 內圈,,,,,,助手,,倒快兩圈,H,內圈 倒快兩圈 (助手)
E058,13/06/2021,游水,沙田,,沙田,,,,,,,,游水,,
E058,13/06/2021,踱步,沙田,內圈,沙田 內圈,,,,,,助手,,快踱一圈,H,內圈 快踱一圈 (助手)
E058,12/06/2021,游水,沙田,,沙田,,,,,,,,游水,,
E058,12/06/2021,快操,沙田,全天候,沙田 全天候,,1.00.5,60.5,31.9 28.6,,助手,,快操,H,31.9 28.6 (1.00.5) (助手)
E058,11/06/2021,游水,沙田,,沙田,,,,,,,,游水,,
E058,11/06/2021,踱步,沙田,內圈,沙田 內圈,,,,,,助手,,快踱一圈,H,內圈 快踱一圈 (助手)
E058,10/06/2021,游水,沙田,,沙田,,,,,,,,游水,,
E058,10/06/2021,踱步,沙田,內圈,沙田 內圈,,,,,,助手,,倒快兩圈,H,內圈 倒快兩圈 (助手)
E058,09/06/2021,游水,沙田,,沙田,,,,,,,,游水,,
E058,09/06/2021,快操,沙田,全天候,沙田 全天候,,59.2,59.2,30.2 29.0,,副練馬師,,快操,H,30.2 29.0 (59.2) (副練馬師)
E058,09/06/2021,踱步,沙田,飛機場,沙田 飛機場,,,,,,副練馬師,,踱步,H,飛機場 踱步 (副練馬師)
E058,08/06/2021,游水,沙田,,沙田,,,,,,,,游水,,
E058,08/06/2021,踱步,沙田,飛機場,沙田 飛機場,,,,,,助手,,踱步,H,飛機場 踱步 (助手)
E058,07/06/2021,游水,沙田,,沙田,,,,,,,,游水,,
E058,07/06/2021,踱步,沙田,內圈,沙田 內圈,,,,,,助手,,倒快兩圈,H,內圈 倒快兩圈 (助手)
E058,06/06/2021,游水,沙田,,沙田,,,,,,,,游水,,
E058,06/06/2021,踱步,沙田,內圈,沙田 內圈,,,,,,助手,,快踱一圈,H,內圈 快踱一圈 (助手)
E058,05/06/2021,游水,沙田,,沙田,,,,,,,,游水,,
E058,05/06/2021,踱步,沙田,內圈,沙田 內圈,,,,,,助手,,快踱一圈,H,內圈 快踱一圈 (助手)
E058,04/06/2021,游水,沙田,,沙田,,,,,,,,游水,,
E058,04/06/2021,踱步,沙田,內圈,沙田 內圈,,,,,,副練馬師,,快踱一圈,H,內圈 快踱一圈 (副練馬師)
E058,03/06/2021,游水,沙田,,沙田,,,,,,,,游水,,
E058,03/06/2021,踱步,沙田,內圈,沙田 內圈,,,,,,助手,,倒快兩圈,H,內圈 倒快兩圈 (助手)
E058,02/06/2021,游水,沙田,,沙田,,,,,,,,游水,,
E058,02/06/2021,踱步,沙田,內圈,沙田 內圈,,,,,,助手,,快踱一圈,H,內圈 快踱一圈 (助手)
E058,01/06/2021,游水,沙田,,沙田,,,,,,,,游水,,
E058,01/06/2021,踱步,沙田,內圈,沙田 內圈,,,,,,助手,,快踱一圈,H,內圈 快踱一圈 (助手)
E058,31/05/2021,游水,沙田,,沙田,,,,,,,,游水,,
E058,31/05/2021,踱步,沙田,內圈,沙田 內圈,,,,,,副練馬師,,倒快兩圈,H,內圈 倒快兩圈 (副練馬師)
E058,30/05/2021,游水,沙田,,沙田,,,,,,,,游水,,
E058,30/05/2021,踱步,沙田,內圈,沙田 內圈,,,,,,副練馬師,,快踱一圈,H,內圈 快踱一圈 (副練馬師)
E058,29/05/2021,游水,沙田,,沙田,,,,,,,,游水,,
E058,29/05/2021,踱步,沙田,內圈,沙田 內圈,,,,,,副練馬師,,快踱一圈,H,內圈 快踱一圈 (副練馬師)
E058,28/05/2021,游水,沙田,,沙田,,,,,,,,游水,,
E058,28/05/2021,踱步,沙田,飛機場,沙田 飛機場,,,,,,助手,,踱步,H,飛機場 踱步 (助手)
E058,27/05/2021,游水,沙田,,沙田,,,,,,,,游水,,
E058,27/05/2021,踱步,沙田,飛機場,沙田 飛機場,,,,,,助手,,踱步,H,飛機場 踱步 (助手)
E058,26/05/2021,游水,沙田,,沙田,,,,,,,,游水,,
E058,25/05/2021,游水,沙田,,沙田,,,,,,,,游水,,
E058,24/05/2021,游水,沙田,,沙田,,,,,,,,游水,,
E058,23/05/2021,游水,沙田,,沙田,,,,,,,,游水,,
E058,22/05/2021,游水,沙田,,沙田,,,,,,,,游水,,
E058,21/05/2021,游水,沙田,,沙田,,,,,,,,游水,,
E058,20/05/2021,游水,沙田,,沙田,,,,,,,,游水,,
E058,19/05/2021,游水,沙田,,沙田,,,,,,,,游水,,
E058,18/05/2021,游水,沙田,,沙田,,,,,,,,游水,,
E058,03/05/2021,游水,沙田,,沙田,,,,,,,,游水,,
E058,02/05/2021,游水,沙田,,沙田,,,,,,,,游水,,
E058,01/05/2021,游水,沙田,,沙田,,,,,,,,游水,,
E058,30/04/2021,游水,沙田,,沙田,,,,,,,,游水,,
E058,29/04/2021,游水,沙田,,沙田,,,,,,,,游水,,
E058,28/04/2021,游水,沙田,,沙田,,,,,,,,游水,,
E058,27/04/2021,游水,沙田,,沙田,,,,,,,,游水,,
E058,26/04/2021,游水,沙田,,沙田,,,,,,,,游水,,
E058,25/04/2021,游水,沙田,,沙田,,,,,,,,游水,,
E058,24/04/2021,游水,沙田,,沙田,,,,,,,,游水,,
E058,23/04/2021,游水,沙田,,沙田,,,,,,,,游水,,
E058,22/04/2021,游水,沙田,,沙田,,,,,,,,游水,,
E058,21/04/2021,游水,沙田,,沙田,,,,,,,,游水,,
E058,21/04/2021,踱步,沙田,內圈,沙田 內圈,,,,,,副練馬師,,快踱一圈,H,內圈 快踱一圈 (副練馬師)
E058,20/04/2021,游水,沙田,,沙田,,,,,,,,游水,,
E058,19/04/2021,游水,沙田,,沙田,,,,,,,,游水,,
E058,18/04/2021,游水,沙田,,沙田,,,,,,,,游水,,
E058,17/04/2021,游水,沙田,,沙田,,,,,,,,游水,,
E058,16/04/2021,游水,沙田,,沙田,,,,,,,,游水,,
E058,15/04/2021,游水,沙田,,沙田,,,,,,,,游水,,
E058,15/04/2021,踱步,沙田,內圈,沙田 內圈,,,,,,助手,,倒快兩圈,H,內圈 倒快兩圈 (助手)
E058,14/04/2021,游水,沙田,,沙田,,,,,,,,游水,,
E058,14/04/2021,快操,沙田,全天候,沙田 全天候,,56.6,56.6,30.2 26.4,,副練馬師,,快操,H,30.2 26.4 (56.6) (副練馬師)
E058,14/04/2021,踱步,沙田,飛機場,沙田 飛機場,,,,,,副練馬師,,踱步,H,飛機場 踱步 (副練馬師)
E058,13/04/2021,游水,沙田,,沙田,,,,,,,,游水,,
E058,13/04/2021,踱步,沙田,內圈,沙田 內圈,,,,,,助手,,快踱一圈,H,內圈 快踱一圈 (助手)
E058,12/04/2021,游水,沙田,,沙田,,,,,,,,游水,,
E058,12/04/2021,踱步,沙田,內圈,沙田 內圈,,,,,,助手,,倒快兩圈,H,內圈 倒快兩圈 (助手)
E058,11/04/2021,游水,沙田,,沙田,,,,,,,,游水,,
E058,11/04/2021,踱步,沙田,內圈,沙田 內圈,,,,,,副練馬師,,快踱一圈,H,內圈 快踱一圈 (副練馬師)
E058,10/04/2021,游水,沙田,,沙田,,,,,,,,游水,,
E058,10/04/2021,快操,沙田,全天候,沙田 全天候,,57.8,57.8,31.0 26.8,,副練馬師,,快操,H,31.0 26.8 (57.8) (副練馬師)
E058,10/04/2021,踱步,沙田,飛機場,沙田 飛機場,,,,,,副練馬師,,踱步,H,飛機場 踱步 (副練馬師)
E058,09/04/2021,游水,沙田,,沙田,,,,,,,,游水,,
E058,09/04/2021,踱步,沙田,內圈,沙田 內圈,,,,,,助手,,快踱一圈,H,內圈 快踱一圈 (助手)
E058,08/04/2021,游水,沙田,,沙田,,,,,,,,游水,,
E058,08/04/2021,踱步,沙田,內圈,沙田 內圈,,,,,,副練馬師,,倒快兩圈,H,內圈 倒快兩圈 (副練馬師)
E058,07/04/2021,游水,沙田,,沙田,,,,,,,,游水,,
E058,07/04/2021,踱步,沙田,飛機場,沙田 飛機場,,,,,,助手,,踱步,H,飛機場 踱步 (助手)
E058,06/04/2021,游水,沙田,,沙田,,,,,,,,游水,,
E058,06/04/2021,踱步,沙田,內圈,沙田 內圈,,,,,,助手,,快踱一圈,H,內圈 快踱一圈 (助手)
E058,05/04/2021,游水,沙田,,沙田,,,,,,,,游水,,
E058,05/04/2021,踱步,沙田,內圈,沙田 內圈,,,,,,助手,,倒快兩圈,H,內圈 倒快兩圈 (助手)
E058,04/04/2021,游水,沙田,,沙田,,,,,,,,游水,,
E058,04/04/2021,踱步,沙田,內圈,沙田 內圈,,,,,,助手,,快踱一圈,H,內圈 快踱一圈 (助手)
E058,03/04/2021,游水,沙田,,沙田,,,,,,,,游水,,
E058,03/04/2021,踱步,沙田,內圈,沙田 內圈,,,,,,副練馬師,,快踱一圈,H,內圈 快踱一圈 (副練馬師)
E058,02/04/2021,游水,沙田,,沙田,,,,,,,,游水,,
E058,02/04/2021,踱步,沙田,內圈,沙田 內圈,,,,,,助手,,快踱一圈,H,內圈 快踱一圈 (助手)
E058,01/04/2021,游水,沙田,,沙田,,,,,,,,游水,,
E058,01/04/2021,踱步,沙田,內圈,沙田 內圈,,,,,,助手,,倒快兩圈,H,內圈 倒快兩圈 (助手)
E058,31/03/2021,游水,沙田,,沙田,,,,,,,,游水,,
E058,31/03/2021,踱步,沙田,內圈,沙田 內圈,,,,,,助手,,快踱一圈,H,內圈 快踱一圈 (助手)
E058,30/03/2021,游水,沙田,,沙田,,,,,,,,游水,,
E058,30/03/2021,踱步,沙田,內圈,沙田 內圈,,,,,,助手,,快踱一圈,H,內圈 快踱一圈 (助手)
E058,29/03/2021,游水,沙田,,沙田,,,,,,,,游水,,
E058,29/03/2021,踱步,沙田,內圈,沙田 內圈,,,,,,助手,,倒快兩圈,H,內圈 倒快兩圈 (助手)
E058,28/03/2021,游水,沙田,,沙田,,,,,,,,游水,,
E058,28/03/2021,踱步,沙田,內圈,沙田 內圈,,,,,,助手,,快踱一圈,H,內圈 快踱一圈 (助手)
E058,27/03/2021,游水,沙田,,沙田,,,,,,,,游水,,
E058,27/03/2021,踱步,沙田,內圈,沙田 內圈,,,,,,助手,,快踱一圈,H,內圈 快踱一圈 (助手)
E058,26/03/2021,游水,沙田,,沙田,,,,,,,,游水,,
E058,26/03/2021,踱步,沙田,內圈,沙田 內圈,,,,,,助手,,快踱一圈,H,內圈 快踱一圈 (助手)
E058,25/03/2021,游水,沙田,,沙田,,,,,,,,游水,,
E058,25/03/2021,踱步,沙田,內圈,沙田 內圈,,,,,,助手,,倒快兩圈,H,內圈 倒快兩圈 (助手)
E058,24/03/2021,游水,沙田,,沙田,,,,,,,,游水,,
E058,24/03/2021,踱步,沙田,內圈,沙田 內圈,,,,,,助手,,快踱一圈,H,內圈 快踱一圈 (助手)
E058,23/03/2021,游水,沙田,,沙田,,,,,,,,游水,,
E058,23/03/2021,踱步,沙田,內圈,沙田 內圈,,,,,,助手,,快踱一圈,H,內圈 快踱一圈 (助手)
E058,22/03/2021,游水,沙田,,沙田,,,,,,,,游水,,
E058,22/03/2021,踱步,沙田,內圈,沙田 內圈,,,,,,助手,,倒快兩圈,H,內圈 倒快兩圈 (助手)
E058,21/03/2021,游水,沙田,,沙田,,,,,,,,游水,,
E058,21/03/2021,踱步,沙田,內圈,沙田 內圈,,,,,,助手,,快踱一圈,H,內圈 快踱一圈 (助手)
E058,20/03/2021,游水,沙田,,沙田,,,,,,,,游水,,
E058,20/03/2021,踱步,沙田,內圈,沙田 內圈,,,,,,副練馬師,,快踱一圈,H,內圈 快踱一圈 (副練馬師)
E058,19/03/2021,游水,沙田,,沙田,,,,,,,,游水,,
E058,19/03/2021,踱步,沙田,內圈,沙田 內圈,,,,,,助手,,快踱一圈,H,內圈 快踱一圈 (助手)
E058,18/03/2021,游水,沙田,,沙田,,,,,,,,游水,,
E058,18/03/2021,踱步,沙田,內圈,沙田 內圈,,,,,,助手,,倒快兩圈,H,內圈 倒快兩圈 (助手)
E058,17/03/2021,踱步,沙田,飛機場,沙田 飛機場,,,,,,助手,,踱步,H,飛機場 踱步 (助手)
E058,16/03/2021,游水,沙田,,沙田,,,,,,,,游水,,
E058,16/03/2021,踱步,沙田,飛機場,沙田 飛機場,,,,,,助手,,踱步,H,飛機場 踱步 (助手)
E058,15/03/2021,游水,沙田,,沙田,,,,,,,,游水,,
E058,15/03/2021,踱步,沙田,飛機場,沙田 飛機場,,,,,,助手,,踱步,H,飛機場 踱步 (助手)
E058,14/03/2021,游水,沙田,,沙田,,,,,,,,游水,,
E058,14/03/2021,踱步,沙田,飛機場,沙田 飛機場,,,,,,助手,,踱步,H,飛機場 踱步 (助手)
E058,13/03/2021,游水,沙田,,沙田,,,,,,,,游水,,
E058,13/03/2021,踱步,沙田,飛機場,沙田 飛機場,,,,,,助手,,踱步,H,飛機場 踱步 (助手)
E058,12/03/2021,游水,沙田,,沙田,,,,,,,,游水,,
E058,12/03/2021,踱步,沙田,飛機場,沙田 飛機場,,,,,,助手,,踱步,H,飛機場 踱步 (助手)
E058,11/03/2021,游水,沙田,,沙田,,,,,,,,游水,,
E058,11/03/2021,踱步,沙田,飛機場,沙田 飛機場,,,,,,助手,,踱步,,飛機場 踱步 (助手)
E058,10/03/2021,游水,沙田,,沙田,,,,,,,,游水,,
E058,09/03/2021,游水,沙田,,沙田,,,,,,,,游水,,
E058,09/03/2021,游水,沙田,,沙田,,,,,,,,游水,,
E058,07/03/2021,游水,沙田,,沙田,,,,,,,,游水,,
E058,06/03/2021,游水,沙田,,沙田,,,,,,,,游水,,
E058,24/02/2021,游水,沙田,,沙田,,,,,,,,游水,,
E058,23/02/2021,游水,沙田,,沙田,,,,,,,,游水,,
E058,22/02/2021,游水,沙田,,沙田,,,,,,,,游水,,
E058,18/02/2021,游水,沙田,,沙田,,,,,,,,游水,,
E058,17/02/2021,游水,沙田,,沙田,,,,,,,,游水,,
E058,16/02/2021,游水,沙田,,沙田,,,,,,,,游水,,
E058,15/02/2021,游水,沙田,,沙田,,,,,,,,游水,,
E058,14/02/2021,游水,沙田,,沙田,,,,,,,,游水,,
E058,13/02/2021,游水,沙田,,沙田,,,,,,,,游水,,
E058,08/02/2021,游水,沙田,,沙田,,,,,,,,游水,,
E058,07/02/2021,游水,沙田,,沙田,,,,,,,,游水,,
E058,06/02/2021,游水,沙田,,沙田,,,,,,,,游水,,
E058,05/02/2021,游水,沙田,,沙田,,,,,,,,游水,,
E058,04/02/2021,游水,沙田,,沙田,,,,,,,,游水,,
E058,03/02/2021,游水,沙田,,沙田,,,,,,,,游水,,
E058,02/02/2021,游水,沙田,,沙田,,,,,,,,游水,,
E058,01/02/2021,游水,沙田,,沙田,,,,,,,,游水,,
E058,31/01/2021,游水,沙田,,沙田,,,,,,,,游水,,
E058,30/01/2021,游水,沙田,,沙田,,,,,,,,游水,,
E058,28/01/2021,游水,沙田,,沙田,,,,,,,,游水,,
E058,24/01/2021,踱步,沙田,內圈,沙田 內圈,,,,,,助手,,快踱一圈,H,內圈 快踱一圈 (助手)
E058,23/01/2021,踱步,沙田,內圈,沙田 內圈,,,,,,助手,,快踱一圈,H,內圈 快踱一圈 (助手)
E058,22/01/2021,踱步,沙田,外圈,沙田 外圈,,,,,,楊明綸,,快踱一圈,H,外圈 快踱一圈 (楊明綸)
E058,21/01/2021,游水,沙田,,沙田,,,,,,,,游水,,
E058,21/01/2021,踱步,沙田,內圈,沙田 內圈,,,,,,助手,,倒快一圈,H,內圈 倒快一圈 (助手)
E058,20/01/2021,游水,沙田,,沙田,,,,,,,,游水,,
E058,20/01/2021,快操,沙田,全天候,沙田 全天候,,53.8,53.8,29.0 24.8,,郭能,,快操,,29.0 24.8 (53.8) (郭能)
E058,20/01/2021,踱步,沙田,飛機場,沙田 飛機場,,,,,,郭能,,踱步,,飛機場 踱步 (郭能)
E058,19/01/2021,游水,沙田,,沙田,,,,,,,,游水,,
E058,19/01/2021,踱步,沙田,外圈,沙田 外圈,,,,,,助手,,快踱一圈,H,外圈 快踱一圈 (助手)
E058,18/01/2021,游水,沙田,,沙田,,,,,,,,游水,,
E058,18/01/2021,踱步,沙田,內圈,沙田 內圈,,,,,,助手,,倒快兩圈,H,內圈 倒快兩圈 (助手)
E058,17/01/2021,游水,沙田,,沙田,,,,,,,,游水,,
E058,16/01/2021,快操,沙田,全天候,沙田 全天候,,1.00.2,60.2,32.3 27.9,,助手,,快操,H,32.3 27.9 (1.00.2) (助手)
E058,16/01/2021,踱步,沙田,飛機場,沙田 飛機場,,,,,,助手,,踱步,H,飛機場 踱步 (助手)
E058,15/01/2021,游水,沙田,,沙田,,,,,,,,游水,,
E058,15/01/2021,踱步,沙田,內圈,沙田 內圈,,,,,,助手,,快踱一圈,H,內圈 快踱一圈 (助手)
E058,14/01/2021,游水,沙田,,沙田,,,,,,,,游水,,
E058,14/01/2021,踱步,沙田,內圈,沙田 內圈,,,,,,助手,,倒快兩圈,H,內圈 倒快兩圈 (助手)
E058,13/01/2021,游水,沙田,,沙田,,,,,,,,游水,,
E058,13/01/2021,踱步,沙田,飛機場,沙田 飛機場,,,,,,助手,,踱步,H,飛機場 踱步 (助手)
E058,12/01/2021,游水,沙田,,沙田,,,,,,,,游水,,
E058,10/01/2021,踱步,沙田,內圈,沙田 內圈,,,,,,助手,,快踱一圈,H,內圈 快踱一圈 (助手)
E058,09/01/2021,踱步,沙田,內圈,沙田 內圈,,,,,,助手,,快踱一圈,H,內圈 快踱一圈 (助手)
E058,08/01/2021,踱步,沙田,外圈,沙田 外圈,,,,,,助手,,快踱一圈,H,外圈 快踱一圈 (助手)
E058,07/01/2021,踱步,沙田,內圈,沙田 內圈,,,,,,助手,,倒快兩圈,H,內圈 倒快兩圈 (助手)
E058,06/01/2021,游水,沙田,,沙田,,,,,,,,游水,,
E058,05/01/2021,快操,沙田,全天候,沙田 全天候,,1.24.4,84.4,31.0 28.7 24.7,,助手,,快操,,31.0 28.7 24.7 (1.24.4) (助手)
E058,05/01/2021,踱步,沙田,飛機場,沙田 飛機場,,,,,,助手,,踱步,,飛機場 踱步 (助手)
E058,04/01/2021,踱步,沙田,外圈,沙田 外圈,,,,,,助手,,快踱一圈,H,外圈 快踱一圈 (助手)
E058,02/01/2021,游水,沙田,,沙田,,,,,,,,游水,,
E058,02/01/2021,踱步,沙田,內圈,沙田 內圈,,,,,,助手,,快踱一圈,H,內圈 快踱一圈 (助手)
E058,01/01/2021,踱步,沙田,飛機場,沙田 飛機場,,,,,,助手,,踱步,H,飛機場 踱步 (助手)
E058,31/12/2020,游水,沙田,,沙田,,,,,,,,游水,,
E058,29/12/2020,試閘,沙田,全天候,沙田 全天候,1200M,1.10.52,70.52,24.3 23.1 23.1,錶之未來,巴度,,第1組,XB,第1組 (巴度) 1200M 錶之未來 24.3 23.1 23.1 (1.10.52)
E058,28/12/2020,踱步,沙田,內圈,沙田 內圈,,,,,,助手,,倒快兩圈,H,內圈 倒快兩圈 (助手)
E058,27/12/2020,游水,沙田,,沙田,,,,,,,,游水,,
E058,26/12/2020,快操,沙田,全天候,沙田 全天候,,56.8,56.8,30.2 26.6,,助手,,快操,H,30.2 26.6 (56.8) (助手)
E058,26/12/2020,踱步,沙田,飛機場,沙田 飛機場,,,,,,助手,,踱步,H,飛機場 踱步 (助手)
E058,25/12/2020,游水,沙田,,沙田,,,,,,,,游水,,
E058,24/12/2020,游水,沙田,,沙田,,,,,,,,游水,,
E058,24/12/2020,踱步,沙田,內圈,沙田 內圈,,,,,,助手,,倒快兩圈,H,內圈 倒快兩圈 (助手)
E058,23/12/2020,游水,沙田,,沙田,,,,,,,,游水,,
E058,23/12/2020,踱步,沙田,內圈,沙田 內圈,,,,,,助手,,快踱一圈,H,內圈 快踱一圈 (助手)
E058,22/12/2020,游水,沙田,,沙田,,,,,,,,游水,,
E058,22/12/2020,踱步,沙田,內圈,沙田 內圈,,,,,,助手,,快踱一圈,H,內圈 快踱一圈 (助手)
E058,21/12/2020,游水,沙田,,沙田,,,,,,,,游水,,
E058,21/12/2020,踱步,沙田,彭福公園,沙田 彭福公園,,,,,,助手,,踱步,H,彭福公園 踱步 (助手)
E058,19/12/2020,游水,沙田,,沙田,,,,,,,,游水,,
E058,18/12/2020,試閘,跑馬地,草地,跑馬地 草地,1200M,1.12.06,72.06,25.0 24.6 22.4,美麗同享,潘頓,,第2組,XB,第2組 (潘頓) 1200M 美麗同享 25.0 24.6 22.4 (1.12.06)
E058,17/12/2020,踱步,沙田,彭福公園,沙田 彭福公園,,,,,,助手,,踱步,H,彭福公園 踱步 (助手)
E058,16/12/2020,游水,沙田,,沙田,,,,,,,,游水,,
E058,15/12/2020,踱步,沙田,飛機場,沙田 飛機場,,,,,,助手,,踱步,H,飛機場 踱步 (助手)
E058,14/12/2020,踱步,沙田,內圈,沙田 內圈,,,,,,助手,,倒快兩圈,H,內圈 倒快兩圈 (助手)
E058,13/12/2020,游水,沙田,,沙田,,,,,,,,游水,,
E058,12/12/2020,踱步,沙田,外圈,沙田 外圈,,,,,,助手,,快踱一圈,H,外圈 快踱一圈 (助手)
E058,11/12/2020,游水,沙田,,沙田,,,,,,,,游水,,
E058,11/12/2020,踱步,沙田,內圈,沙田 內圈,,,,,,助手,,快踱一圈,H,內圈 快踱一圈 (助手)
E058,10/12/2020,踱步,沙田,內圈,沙田 內圈,,,,,,助手,,倒快一圈,H,內圈 倒快一圈 (助手)
E058,09/12/2020,踱步,從化,飛機場,從化 飛機場,,,,,,助手,,快踱,H,飛機場 快踱 (助手)
E058,08/12/2020,游水,從化,,從化,,,,,,,,游水,,
E058,07/12/2020,試閘,從化,草地,從化 草地,1200M,1.13.40,73.4,26.2 23.1 24.1,開心人生,查本楠,,第5組,XB,第5組 (查本楠) 1200M 開心人生 26.2 23.1 24.1 (1.13.40)
E058,07/12/2020,踱步,從化,飛機場,從化 飛機場,,,,,,助手,,快踱,,飛機場 快踱 (助手)
E058,05/12/2020,踱步,從化,內圈,從化 內圈,,,,,,助手,,快踱一圈,H,內圈 快踱一圈 (助手)
E058,04/12/2020,踱步,從化,內圈,從化 內圈,,,,,,助手,,快踱一圈,H,內圈 快踱一圈 (助手)
E058,03/12/2020,游水,從化,,從化,,,,,,,,游水,,
E058,02/12/2020,快操,從化,登山跑道,從化 登山跑道,,58.1,58.1,32.9 25.2,,助手,,雲彩飛揚,H/XB,32.9 25.2 (58.1) (助手) 雲彩飛揚
E058,02/12/2020,踱步,從化,飛機場,從化 飛機場,,,,,,助手,,快踱,H/XB,飛機場 快踱 (助手)
E058,01/12/2020,踱步,從化,內圈,從化 內圈,,,,,,助手,,快踱一圈,H,內圈 快踱一圈 (助手)
E058,30/11/2020,踱步,從化,內圈,從化 內圈,,,,,,助手,,倒快兩圈,H,內圈 倒快兩圈 (助手)
E058,28/11/2020,快操,從化,全天候,從化 全天候,,55.9,55.9,29.6 26.3,,助手,,快操,H/XB,29.6 26.3 (55.9) (助手)
E058,28/11/2020,踱步,從化,飛機場,從化 飛機場,,,,,,助手,,快踱,H/XB,飛機場 快踱 (助手)
E058,27/11/2020,踱步,從化,內圈,從化 內圈,,,,,,助手,,快踱一圈,H,內圈 快踱一圈 (助手)
E058,26/11/2020,踱步,從化,登山跑道,從化 登山跑道,,,,,,助手,,快踱,H,登山跑道 快踱 (助手)
E058,25/11/2020,踱步,從化,內圈,從化 內圈,,,,,,助手,,快踱一圈,H,內圈 快踱一圈 (助手)
E058,24/11/2020,游水,從化,,從化,,,,,,,,游水,,
E058,23/11/2020,游水,從化,,從化,,,,,,,,游水,,
E058,22/11/2020,游水,從化,,從化,,,,,,,,游水,,
E058,21/11/2020,游水,從化,,從化,,,,,,,,游水,,
E058,20/11/2020,試閘,從化,草地,從化 草地,1000M,0.59.20,59.2,13.7 22.1 23.4,威妙星,湯瑪善,,第1組,,第1組 (湯瑪善) 1000M 威妙星 13.7 22.1 23.4 (0.59.20)
E058,20/11/2020,踱步,從化,飛機場,從化 飛機場,,,,,,助手,,快踱,,飛機場 快踱 (助手)
E058,19/11/2020,踱步,從化,內圈,從化 內圈,,,,,,助手,,倒快兩圈,H,內圈 倒快兩圈 (助手)
E058,18/11/2020,游水,從化,,從化,,,,,,,,游水,,
E058,17/11/2020,快操,從化,草地,從化 草地,,53.6,53.6,28.0 25.6,,助手,,明海快駒,H,28.0 25.6 (53.6) (助手) 明海快駒
E058,17/11/2020,踱步,從化,飛機場,從化 飛機場,,,,,,助手,,快踱,H,飛機場 快踱 (助手)
E058,16/11/2020,踱步,從化,內圈,從化 內圈,,,,,,助手,,倒快兩圈,H,內圈 倒快兩圈 (助手)
E058,14/11/2020,快操,從化,草地,從化 草地,,55.2,55.2,29.2 26.0,,助手,,明海快駒,H,29.2 26.0 (55.2) (助手) 明海快駒
E058,14/11/2020,踱步,從化,飛機場,從化 飛機場,,,,,,助手,,快踱,H,飛機場 快踱 (助手)
E058,13/11/2020,踱步,從化,內圈,從化 內圈,,,,,,助手,,快踱一圈,H/SR,內圈 快踱一圈 (助手)
E058,12/11/2020,踱步,從化,內圈,從化 內圈,,,,,,助手,,倒快兩圈,H,內圈 倒快兩圈 (助手)
E058,11/11/2020,游水,從化,,從化,,,,,,,,游水,,
E058,10/11/2020,快操,從化,草地,從化 草地,,55.5,55.5,28.5 27.0,,助手,,明海快駒,H,28.5 27.0 (55.5) (助手) 明海快駒
E058,10/11/2020,踱步,從化,飛機場,從化 飛機場,,,,,,助手,,快踱,H,飛機場 快踱 (助手)
E058,09/11/2020,踱步,從化,內圈,從化 內圈,,,,,,助手,,倒快兩圈,H,內圈 倒快兩圈 (助手)
E058,07/11/2020,踱步,從化,內圈,從化 內圈,,,,,,助手,,快踱一圈,H,內圈 快踱一圈 (助手)
E058,06/11/2020,游水,從化,,從化,,,,,,,,游水,,
E058,05/11/2020,快操,從化,草地,從化 草地,,55.0,55.0,27.8 27.2,,助手,,大有心得,H,27.8 27.2 (55.0) (助手) 大有心得
E058,05/11/2020,踱步,從化,飛機場,從化 飛機場,,,,,,助手,,快踱,H,飛機場 快踱 (助手)
E058,04/11/2020,踱步,從化,內圈,從化 內圈,,,,,,助手,,快踱一圈,H,內圈 快踱一圈 (助手)
E058,03/11/2020,游水,從化,,從化,,,,,,,,游水,,
E058,02/11/2020,快操,從化,草地,從化 草地,,57.2,57.2,29.5 27.7,,助手,,大有心得,H,29.5 27.7 (57.2) (助手) 大有心得
E058,02/11/2020,踱步,從化,飛機場,從化 飛機場,,,,,,助手,,快踱,H,飛機場 快踱 (助手)
E058,31/10/2020,踱步,從化,內圈,從化 內圈,,,,,,助手,,快踱一圈,H,內圈 快踱一圈 (助手)
E058,30/10/2020,游水,從化,,從化,,,,,,,,游水,,
E058,29/10/2020,快操,從化,草地,從化 草地,,58.0,58.0,30.6 27.4,,助手,,快操,H,30.6 27.4 (58.0) (助手)
E058,29/10/2020,踱步,從化,飛機場,從化 飛機場,,,,,,助手,,快踱,H,飛機場 快踱 (助手)
E058,28/10/2020,踱步,從化,內圈,從化 內圈,,,,,,助手,,快踱一圈,H,內圈 快踱一圈 (助手)
E058,27/10/2020,游水,從化,,從化,,,,,,,,游水,,
E058,26/10/2020,快操,從化,登山跑道,從化 登山跑道,,59.2,59.2,31.1 28.1,,助手,,快操,H,31.1 28.1 (59.2) (助手)
E058,26/10/2020,踱步,從化,飛機場,從化 飛機場,,,,,,助手,,快踱,H,飛機場 快踱 (助手)
E058,24/10/2020,踱步,從化,內圈,從化 內圈,,,,,,助手,,快踱一圈,H,內圈 快踱一圈 (助手)
E058,23/10/2020,踱步,從化,內圈,從化 內圈,,,,,,助手,,快踱一圈,H,內圈 快踱一圈 (助手)
E058,22/10/2020,快操,從化,登山跑道,從化 登山跑道,,1.03.7,63.7,33.4 30.3,,助手,,快操,H,33.4 30.3 (1.03.7) (助手)
E058,22/10/2020,踱步,從化,飛機場,從化 飛機場,,,,,,助手,,快踱,H,飛機場 快踱 (助手)
E058,21/10/2020,游水,從化,,從化,,,,,,,,游水,,
E058,20/10/2020,快操,從化,草地,從化 草地,,29.1,29.1,29.1,,助手,,快操,H,29.1 (29.1) (助手)
E058,20/10/2020,踱步,從化,飛機場,從化 飛機場,,,,,,助手,,快踱,H,飛機場 快踱 (助手)
E058,19/10/2020,踱步,從化,內圈,從化 內圈,,,,,,助手,,倒快兩圈,H,內圈 倒快兩圈 (助手)
E058,17/10/2020,踱步,從化,內圈,從化 內圈,,,,,,助手,,快踱一圈,H,內圈 快踱一圈 (助手)
E058,16/10/2020,游水,從化,,從化,,,,,,,,游水,,
E058,14/10/2020,游水,沙田,,沙田,,,,,,,,游水,,
E058,14/10/2020,踱步,沙田,內圈,沙田 內圈,,,,,,助手,,快踱一圈,H,內圈 快踱一圈 (助手)
E058,12/10/2020,游水,沙田,,沙田,,,,,,,,游水,,
E058,12/10/2020,踱步,沙田,外圈,沙田 外圈,,,,,,助手,,快踱一圈,H,外圈 快踱一圈 (助手)
E058,11/10/2020,游水,沙田,,沙田,,,,,,,,游水,,
E058,10/10/2020,游水,沙田,,沙田,,,,,,,,游水,,
E058,10/10/2020,踱步,沙田,內圈,沙田 內圈,,,,,,助手,,快踱一圈,H,內圈 快踱一圈 (助手)
E058,09/10/2020,踱步,沙田,飛機場,沙田 飛機場,,,,,,助手,,踱步,H,飛機場 踱步 (助手)
E058,08/10/2020,游水,沙田,,沙田,,,,,,,,游水,,
E058,08/10/2020,踱步,沙田,內圈,沙田 內圈,,,,,,助手,,倒快兩圈,H,內圈 倒快兩圈 (助手)
E058,07/10/2020,踱步,沙田,內圈,沙田 內圈,,,,,,助手,,快踱一圈,H,內圈 快踱一圈 (助手)
E058,06/10/2020,游水,沙田,,沙田,,,,,,,,游水,,
E058,06/10/2020,踱步,沙田,彭福公園,沙田 彭福公園,,,,,,助手,,踱步,H,彭福公園 踱步 (助手)
E058,05/10/2020,游水,沙田,,沙田,,,,,,,,游水,,
E058,05/10/2020,踱步,沙田,彭福公園,沙田 彭福公園,,,,,,助手,,踱步,H,彭福公園 踱步 (助手)
E058,04/10/2020,游水,沙田,,沙田,,,,,,,,游水,,
E058,04/10/2020,踱步,沙田,彭福公園,沙田 彭福公園,,,,,,助手,,踱步,H,彭福公園 踱步 (助手)
E058,03/10/2020,游水,沙田,,沙田,,,,,,,,游水,,
E058,02/10/2020,游水,沙田,,沙田,,,,,,,,游水,,
E058,01/10/2020,游水,沙田,,沙田,,,,,,,,游水,,
E058,30/09/2020,游水,沙田,,沙田,,,,,,,,游水,,
E058,29/09/2020,游水,沙田,,沙田,,,,,,,,游水,,
E058,28/09/2020,游水,沙田,,沙田,,,,,,,,游水,,
E058,27/09/2020,游水,沙田,,沙田,,,,,,,,游水,,
E058,26/09/2020,游水,沙田,,沙田,,,,,,,,游水,,
E058,25/09/2020,游水,沙田,,沙田,,,,,,,,游水,,
E058,24/09/2020,游水,沙田,,沙田,,,,,,,,游水,,
E058,23/09/2020,游水,沙田,,沙田,,,,,,,,游水,,
E058,22/09/2020,游水,沙田,,沙田,,,,,,,,游水,,
E058,21/09/2020,游水,沙田,,沙田,,,,,,,,游水,,
E058,20/09/2020,游水,沙田,,沙田,,,,,,,,游水,,
E058,19/09/2020,游水,沙田,,沙田,,,,,,,,游水,,
E058,18/09/2020,游水,沙田,,沙田,,,,,,,,游水,,
E058,17/09/2020,游水,沙田,,沙田,,,,,,,,游水,,
E058,16/09/2020,游水,沙田,,沙田,,,,,,,,游水,,
E058,15/09/2020,游水,沙田,,沙田,,,,,,,,游水,,
E058,14/09/2020,游水,沙田,,沙田,,,,,,,,游水,,
E058,13/09/2020,游水,沙田,,沙田,,,,,,,,游水,,
E058,08/09/2020,踱步,沙田,彭福公園,沙田 彭福公園,,,,,,助手,,踱步,H,彭福公園 踱步 (助手)
E058,07/09/2020,游水,沙田,,沙田,,,,,,,,游水,,
E058,07/09/2020,踱步,沙田,彭福公園,沙田 彭福公園,,,,,,助手,,踱步,H,彭福公園 踱步 (助手)
E058,05/09/2020,游水,沙田,,沙田,,,,,,,,游水,,
E058,04/09/2020,游水,沙田,,沙田,,,,,,,,游水,,
E058,03/09/2020,游水,沙田,,沙田,,,,,,,,游水,,
E058,02/09/2020,快操,沙田,全天候,沙田 全天候,,59.8,59.8,30.4 29.4,,助手,,快操,SR,30.4 29.4 (59.8) (助手)
E058,02/09/2020,踱步,沙田,飛機場,沙田 飛機場,,,,,,助手,,踱步,H,飛機場 踱步 (助手)
E058,01/09/2020,游水,沙田,,沙田,,,,,,,,游水,,
E058,01/09/2020,踱步,沙田,內圈,沙田 內圈,,,,,,助手,,快踱一圈,SR,內圈 快踱一圈 (助手)
E058,31/08/2020,游水,沙田,,沙田,,,,,,,,游水,,
E058,31/08/2020,踱步,沙田,外圈,沙田 外圈,,,,,,助手,,快踱一圈,H,外圈 快踱一圈 (助手)
E058,30/08/2020,游水,沙田,,沙田,,,,,,,,游水,,
E058,29/08/2020,游水,沙田,,沙田,,,,,,,,游水,,
E058,29/08/2020,踱步,沙田,彭福公園,沙田 彭福公園,,,,,,助手,,踱步,H,彭福公園 踱步 (助手)
E058,28/08/2020,踱步,沙田,內圈,沙田 內圈,,,,,,助手,,快踱一圈,H,內圈 快踱一圈 (助手)
E058,27/08/2020,踱步,沙田,外圈,沙田 外圈,,,,,,助手,,快踱一圈,SR,外圈 快踱一圈 (助手)
E058,26/08/2020,踱步,沙田,彭福公園,沙田 彭福公園,,,,,,助手,,踱步,H,彭福公園 踱步 (助手)
E058,25/08/2020,游水,沙田,,沙田,,,,,,,,游水,,
E058,25/08/2020,踱步,沙田,內圈,沙田 內圈,,,,,,助手,,快踱一圈,H,內圈 快踱一圈 (助手)
E058,24/08/2020,踱步,沙田,外圈,沙田 外圈,,,,,,助手,,快踱一圈,SR,外圈 快踱一圈 (助手)
E058,23/08/2020,游水,沙田,,沙田,,,,,,,,游水,,
E058,22/08/2020,游水,沙田,,沙田,,,,,,,,游水,,
E058,22/08/2020,踱步,沙田,彭福公園,沙田 彭福公園,,,,,,助手,,踱步,H,彭福公園 踱步 (助手)
E058,21/08/2020,游水,沙田,,沙田,,,,,,,,游水,,
E058,21/08/2020,踱步,沙田,內圈,沙田 內圈,,,,,,助手,,快踱一圈,H,內圈 快踱一圈 (助手)
E058,20/08/2020,游水,沙田,,沙田,,,,,,,,游水,,
E058,20/08/2020,踱步,沙田,外圈,沙田 外圈,,,,,,助手,,快踱一圈,H,外圈 快踱一圈 (助手)
E058,18/08/2020,游水,沙田,,沙田,,,,,,,,游水,,
E058,18/08/2020,踱步,沙田,彭福公園,沙田 彭福公園,,,,,,助手,,踱步,H,彭福公園 踱步 (助手)
E058,17/08/2020,踱步,沙田,彭福公園,沙田 彭福公園,,,,,,助手,,踱步,H,彭福公園 踱步 (助手)
E058,15/08/2020,踱步,沙田,彭福公園,沙田 彭福公園,,,,,,助手,,踱步,H,彭福公園 踱步 (助手)
E058,14/08/2020,踱步,沙田,彭福公園,沙田 彭福公園,,,,,,助手,,踱步,H,彭福公園 踱步 (助手)
E058,13/08/2020,踱步,沙田,飛機場,沙田 飛機場,,,,,,助手,,踱步,H,飛機場 踱步 (助手)
E058,12/08/2020,踱步,沙田,飛機場,沙田 飛機場,,,,,,助手,,踱步,H,飛機場 踱步 (助手)
