horse_no,date,work_type,racecourse,track,venue,distance,time,time_sec,splits,partner,rider,placing,comment,gear,workout_details
H465,09/09/2026,踱步,沙田,內圈,沙田 內圈,,,,,,袁幸堯,,快踱一圈,H,內圈 快踱一圈 (袁幸堯)
H465,08/09/2026,游水,沙田,,沙田,,,,,,,,游水,,
H465,07/09/2026,游水,沙田,,沙田,,,,,,,,游水,,
H465,07/09/2026,快操,沙田,草閘,沙田 草閘,,49.3,49.3,25.7 23.6,,助手,,"皇龍天將, 東方寶寶",H,"25.7 23.6 (49.3) (助手) 皇龍天將, 東方寶寶"
H465,07/09/2026,踱步,沙田,飛機場,沙田 飛機場,,,,,,助手,,踱步,H,飛機場 踱步 (助手)
H465,06/09/2026,游水,沙田,,沙田,,,,,,,,游水,,
H465,06/09/2026,踱步,沙田,內圈,沙田 內圈,,,,,,助手,,快踱一圈,H,內圈 快踱一圈 (助手)
H465,05/09/2026,游水,沙田,,沙田,,,,,,,,游水,,
H465,05/09/2026,踱步,沙田,內圈,沙田 內圈,,,,,,助手,,快踱兩圈,H,內圈 快踱兩圈 (助手)
H465,03/09/2026,游水,沙田,,沙田,,,,,,,,游水,,
H465,03/09/2026,快操,沙田,全天候,沙田 全天候,,52.9,52.9,28.2 24.7,,袁幸堯,,東方寶寶,H,28.2 24.7 (52.9) (袁幸堯) 東方寶寶
H465,03/09/2026,踱步,沙田,飛機場,沙田 飛機場,,,,,,助手,,踱步,H,飛機場 踱步 (助手)
H465,02/09/2026,游水,沙田,,沙田,,,,,,,,游水,,
H465,02/09/2026,踱步,沙田,內圈,沙田 內圈,,,,,,袁幸堯,,快踱兩圈,H,內圈 快踱兩圈 (袁幸堯)
H465,01/09/2026,游水,沙田,,沙田,,,,,,,,游水,,
H465,01/09/2026,踱步,沙田,內圈,沙田 內圈,,,,,,袁幸堯,,快踱兩圈,H,內圈 快踱兩圈 (袁幸堯)
H465,31/08/2026,游水,沙田,,沙田,,,,,,,,游水,,
H465,31/08/2026,踱步,沙田,內圈,沙田 內圈,,,,,,袁幸堯,,倒快兩圈,H,內圈 倒快兩圈 (袁幸堯)
H465,30/08/2026,游水,沙田,,沙田,,,,,,,,游水,,
H465,30/08/2026,踱步,沙田,內圈,沙田 內圈,,,,,,袁幸堯,,快踱一圈,H,內圈 快踱一圈 (袁幸堯)
H465,29/08/2026,游水,沙田,,沙田,,,,,,,,游水,,
H465,28/08/2026,試閘,沙田,全天候,沙田 全天候,1200M,1.11.25,71.25,24.0 23.4 23.8,領駿輝煌,袁幸堯,,第5組,P,第5組 (袁幸堯) 1200M 領駿輝煌 24.0 23.4 23.8 (1.11.25)
H465,28/08/2026,踱步,沙田,飛機場,沙田 飛機場,,,,,,助手,,踱步,PC,飛機場 踱步 (助手)
H465,27/08/2026,游水,沙田,,沙田,,,,,,,,游水,,
H465,27/08/2026,踱步,沙田,內圈,沙田 內圈,,,,,,助手,,倒快兩圈,H,內圈 倒快兩圈 (助手)
H465,26/08/2026,游水,沙田,,沙田,,,,,,,,游水,,
H465,26/08/2026,踱步,沙田,內圈,沙田 內圈,,,,,,袁幸堯,,快踱一圈,H,內圈 快踱一圈 (袁幸堯)
H465,25/08/2026,游水,沙田,,沙田,,,,,,,,游水,,
H465,25/08/2026,踱步,沙田,內圈,沙田 內圈,,,,,,助手,,快踱兩圈,H,內圈 快踱兩圈 (助手)
H465,24/08/2026,游水,沙田,,沙田,,,,,,,,游水,,
H465,24/08/2026,踱步,沙田,內圈,沙田 內圈,,,,,,助手,,倒快兩圈,H,內圈 倒快兩圈 (助手)
H465,23/08/2026,游水,沙田,,沙田,,,,,,,,游水,,
H465,23/08/2026,踱步,沙田,內圈,沙田 內圈,,,,,,助手,,快踱一圈,H,內圈 快踱一圈 (助手)
H465,22/08/2026,馬匹跑步機,沙田,,沙田,,,,,,上斜,,馬匹跑步機 - 步行,,馬匹跑步機 - 步行 （上斜）
H465,22/08/2026,游水,沙田,,沙田,,,,,,,,游水,,
H465,22/08/2026,快操,沙田,全天候,沙田 全天候,,58.4,58.4,31.1 27.3,,助手,,快操,H,31.1 27.3 (58.4) (助手)
H465,22/08/2026,踱步,沙田,飛機場,沙田 飛機場,,,,,,助手,,踱步,H,飛機場 踱步 (助手)
H465,21/08/2026,馬匹跑步機,沙田,,沙田,,,,,,上斜,,馬匹跑步機 - 步行,,馬匹跑步機 - 步行 （上斜）
H465,21/08/2026,游水,沙田,,沙田,,,,,,,,游水,,
H465,21/08/2026,踱步,沙田,內圈,沙田 內圈,,,,,,助手,,快踱兩圈,H,內圈 快踱兩圈 (助手)
H465,20/08/2026,馬匹跑步機,沙田,,沙田,,,,,,上斜,,馬匹跑步機 - 步行,,馬匹跑步機 - 步行 （上斜）
H465,20/08/2026,游水,沙田,,沙田,,,,,,,,游水,,
H465,20/08/2026,踱步,沙田,內圈,沙田 內圈,,,,,,助手,,倒快兩圈,H,內圈 倒快兩圈 (助手)
H465,19/08/2026,游水,沙田,,沙田,,,,,,,,游水,,
H465,19/08/2026,快操,沙田,全天候,沙田 全天候,,1.31.6,91.6,33.9 30.1 27.6,,助手,,快操,H,33.9 30.1 27.6 (1.31.6) (助手)
H465,19/08/2026,踱步,沙田,飛機場,沙田 飛機場,,,,,,助手,,踱步,H,飛機場 踱步 (助手)
H465,18/08/2026,游水,沙田,,沙田,,,,,,,,游水,,
H465,18/08/2026,踱步,沙田,內圈,沙田 內圈,,,,,,助手,,快踱一圈,H,內圈 快踱一圈 (助手)
H465,17/08/2026,游水,沙田,,沙田,,,,,,,,游水,,
H465,17/08/2026,踱步,沙田,內圈,沙田 內圈,,,,,,助手,,倒快一圈,H,內圈 倒快一圈 (助手)
H465,16/08/2026,游水,沙田,,沙田,,,,,,,,游水,,
H465,16/08/2026,快操,沙田,全天候,沙田 全天候,,56.7,56.7,31.1 25.6,,助手,,快操,H,31.1 25.6 (56.7) (助手)
H465,16/08/2026,踱步,沙田,飛機場,沙田 飛機場,,,,,,助手,,踱步,H,飛機場 踱步 (助手)
H465,15/08/2026,游水,沙田,,沙田,,,,,,,,游水,,
H465,15/08/2026,踱步,沙田,外圈,沙田 外圈,,,,,,助手,,快踱一圈,H,外圈 快踱一圈 (助手)
H465,14/08/2026,游水,沙田,,沙田,,,,,,,,游水,,
H465,14/08/2026,踱步,沙田,內圈,沙田 內圈,,,,,,助手,,快踱兩圈,H,內圈 快踱兩圈 (助手)
H465,13/08/2026,游水,沙田,,沙田,,,,,,,,游水,,
H465,13/08/2026,快操,沙田,全天候,沙田 全天候,,1.02.1,62.1,33.9 28.2,,助手,,快操,H,33.9 28.2 (1.02.1) (助手)
H465,13/08/2026,踱步,沙田,飛機場,沙田 飛機場,,,,,,助手,,踱步,H,飛機場 踱步 (助手)
H465,12/08/2026,游水,沙田,,沙田,,,,,,,,游水,,
H465,12/08/2026,踱步,沙田,內圈,沙田 內圈,,,,,,助手,,快踱兩圈,H,內圈 快踱兩圈 (助手)
H465,11/08/2026,游水,沙田,,沙田,,,,,,,,游水,,
H465,11/08/2026,踱步,沙田,內圈,沙田 內圈,,,,,,助手,,快踱兩圈,H,內圈 快踱兩圈 (助手)
H465,10/08/2026,游水,沙田,,沙田,,,,,,,,游水,,
H465,10/08/2026,快操,沙田,全天候,沙田 全天候,,26.9,26.9,26.9,,助手,,快操,H,26.9 (26.9) (助手)
H465,10/08/2026,踱步,沙田,飛機場,沙田 飛機場,,,,,,助手,,踱步,H,飛機場 踱步 (助手)
H465,09/08/2026,游水,沙田,,沙田,,,,,,,,游水,,
H465,09/08/2026,快操,沙田,全天候,沙田 全天候,,1.00.2,60.2,31.6 28.6,,助手,,快操,H,31.6 28.6 (1.00.2) (助手)
H465,09/08/2026,踱步,沙田,飛機場,沙田 飛機場,,,,,,助手,,踱步,H,飛機場 踱步 (助手)
H465,08/08/2026,游水,沙田,,沙田,,,,,,,,游水,,
H465,08/08/2026,踱步,沙田,外圈,沙田 外圈,,,,,,助手,,快踱一圈,H,外圈 快踱一圈 (助手)
H465,07/08/2026,游水,沙田,,沙田,,,,,,,,游水,,
H465,07/08/2026,踱步,沙田,內圈,沙田 內圈,,,,,,助手,,快踱一圈,H,內圈 快踱一圈 (助手)
H465,06/08/2026,游水,沙田,,沙田,,,,,,,,游水,,
H465,06/08/2026,踱步,沙田,內圈,沙田 內圈,,,,,,助手,,倒快兩圈,H,內圈 倒快兩圈 (助手)
H465,05/08/2026,踱步,沙田,內圈,沙田 內圈,,,,,,助手,,快踱一圈,H,內圈 快踱一圈 (助手)
H465,04/08/2026,踱步,沙田,內圈,沙田 內圈,,,,,,助手,,快踱一圈,H,內圈 快踱一圈 (助手)
H465,03/08/2026,踱步,沙田,內圈,沙田 內圈,,,,,,助手,,快踱一圈,H,內圈 快踱一圈 (助手)
H465,02/08/2026,踱步,沙田,內圈,沙田 內圈,,,,,,助手,,快踱一圈,H,內圈 快踱一圈 (助手)
H465,01/08/2026,踱步,沙田,飛機場,沙田 飛機場,,,,,,助手,,踱步,H,飛機場 踱步 (助手)
H465,31/07/2026,踱步,沙田,飛機場,沙田 飛機場,,,,,,助手,,踱步,H,飛機場 踱步 (助手)
H465,14/07/2026,游水,沙田,,沙田,,,,,,,,游水,,
H465,13/07/2026,游水,沙田,,沙田,,,,,,,,游水,,
H465,03/07/2026,馬匹跑步機,沙田,,沙田,,,,,,上斜,,馬匹跑步機 - 步行,,馬匹跑步機 - 步行 （上斜）
H465,02/07/2026,馬匹跑步機,沙田,,沙田,,,,,,上斜,,馬匹跑步機 - 步行,,馬匹跑步機 - 步行 （上斜）
H465,27/06/2026,出賽,沙田,草地,沙田 草地,1200M,,,,,巫顯東,13/14,出賽,B,1200M (巫顯東) (13/14)
H465,27/06/2026,踱步,沙田,內圈,沙田 內圈,,,,,,助手,,快踱一圈,H,內圈 快踱一圈 (助手)
H465,26/06/2026,馬匹跑步機,沙田,,沙田,,,,,,上斜,,馬匹跑步機 - 步行,,馬匹跑步機 - 步行 （上斜）
H465,26/06/2026,游水,沙田,,沙田,,,,,,,,游水,,
H465,26/06/2026,踱步,沙田,內圈,沙田 內圈,,,,,,助手,,快踱一圈,H,內圈 快踱一圈 (助手)
H465,25/06/2026,馬匹跑步機,沙田,,沙田,,,,,,上斜,,馬匹跑步機 - 步行,,馬匹跑步機 - 步行 （上斜）
H465,25/06/2026,游水,沙田,,沙田,,,,,,,,游水,,
H465,24/06/2026,馬匹跑步機,沙田,,沙田,,,,,,上斜,,馬匹跑步機 - 步行,,馬匹跑步機 - 步行 （上斜）
H465,24/06/2026,快操,沙田,全天候,沙田 全天候,,54.0,54.0,28.9 25.1,,巫顯東,,快操,H,28.9 25.1 (54.0) (巫顯東)
H465,24/06/2026,踱步,沙田,飛機場,沙田 飛機場,,,,,,巫顯東,,踱步,H,飛機場 踱步 (巫顯東)
H465,23/06/2026,馬匹跑步機,沙田,,沙田,,,,,,上斜,,馬匹跑步機 - 步行,,馬匹跑步機 - 步行 （上斜）
H465,23/06/2026,游水,沙田,,沙田,,,,,,,,游水,,
H465,23/06/2026,踱步,沙田,內圈,沙田 內圈,,,,,,助手,,快踱一圈,H,內圈 快踱一圈 (助手)
H465,22/06/2026,馬匹跑步機,沙田,,沙田,,,,,,上斜,,馬匹跑步機 - 步行,,馬匹跑步機 - 步行 （上斜）
H465,22/06/2026,游水,沙田,,沙田,,,,,,,,游水,,
H465,22/06/2026,踱步,沙田,內圈,沙田 內圈,,,,,,助手,,倒快兩圈,H,內圈 倒快兩圈 (助手)
H465,21/06/2026,游水,沙田,,沙田,,,,,,,,游水,,
H465,21/06/2026,快操,沙田,全天候,沙田 全天候,,54.0,54.0,28.9 25.1,,助手,,快操,H,28.9 25.1 (54.0) (助手)
H465,21/06/2026,踱步,沙田,飛機場,沙田 飛機場,,,,,,助手,,踱步,H,飛機場 踱步 (助手)
H465,20/06/2026,馬匹跑步機,沙田,,沙田,,,,,,上斜,,馬匹跑步機 - 步行,,馬匹跑步機 - 步行 （上斜）
H465,20/06/2026,游水,沙田,,沙田,,,,,,,,游水,,
H465,20/06/2026,踱步,沙田,內圈,沙田 內圈,,,,,,助手,,快踱一圈,H,內圈 快踱一圈 (助手)
H465,19/06/2026,馬匹跑步機,沙田,,沙田,,,,,,上斜,,馬匹跑步機 - 步行,,馬匹跑步機 - 步行 （上斜）
H465,19/06/2026,游水,沙田,,沙田,,,,,,,,游水,,
H465,19/06/2026,踱步,沙田,內圈,沙田 內圈,,,,,,助手,,快踱一圈,H,內圈 快踱一圈 (助手)
H465,18/06/2026,游水,沙田,,沙田,,,,,,,,游水,,
H465,18/06/2026,踱步,沙田,內圈,沙田 內圈,,,,,,助手,,倒快兩圈,H,內圈 倒快兩圈 (助手)
H465,17/06/2026,馬匹跑步機,沙田,,沙田,,,,,,上斜,,馬匹跑步機 - 步行,,馬匹跑步機 - 步行 （上斜）
H465,17/06/2026,游水,沙田,,沙田,,,,,,,,游水,,
H465,17/06/2026,快操,沙田,全天候,沙田 全天候,,55.1,55.1,30.0 25.1,,助手,,快操,H,30.0 25.1 (55.1) (助手)
H465,17/06/2026,踱步,沙田,飛機場,沙田 飛機場,,,,,,助手,,踱步,H,飛機場 踱步 (助手)
H465,16/06/2026,馬匹跑步機,沙田,,沙田,,,,,,上斜,,馬匹跑步機 - 步行,,馬匹跑步機 - 步行 （上斜）
H465,16/06/2026,游水,沙田,,沙田,,,,,,,,游水,,
H465,16/06/2026,踱步,沙田,內圈,沙田 內圈,,,,,,助手,,快踱一圈,H,內圈 快踱一圈 (助手)
H465,15/06/2026,馬匹跑步機,沙田,,沙田,,,,,,上斜,,馬匹跑步機 - 步行,,馬匹跑步機 - 步行 （上斜）
H465,15/06/2026,游水,沙田,,沙田,,,,,,,,游水,,
H465,15/06/2026,踱步,沙田,內圈,沙田 內圈,,,,,,助手,,倒快兩圈,H,內圈 倒快兩圈 (助手)
H465,14/06/2026,馬匹跑步機,沙田,,沙田,,,,,,,,馬匹跑步機 - 慢跑,,馬匹跑步機 - 慢跑
H465,14/06/2026,游水,沙田,,沙田,,,,,,,,游水,,
H465,13/06/2026,游水,沙田,,沙田,,,,,,,,游水,,
H465,13/06/2026,快操,沙田,全天候,沙田 全天候,,54.8,54.8,29.8 25.0,,助手,,快操,H,29.8 25.0 (54.8) (助手)
H465,13/06/2026,踱步,沙田,飛機場,沙田 飛機場,,,,,,助手,,踱步,H,飛機場 踱步 (助手)
H465,12/06/2026,游水,沙田,,沙田,,,,,,,,游水,,
H465,12/06/2026,踱步,沙田,內圈,沙田 內圈,,,,,,助手,,快踱一圈,H,內圈 快踱一圈 (助手)
H465,11/06/2026,游水,沙田,,沙田,,,,,,,,游水,,
H465,11/06/2026,踱步,沙田,內圈,沙田 內圈,,,,,,助手,,倒快兩圈,H,內圈 倒快兩圈 (助手)
H465,10/06/2026,游水,沙田,,沙田,,,,,,,,游水,,
H465,10/06/2026,踱步,沙田,內圈,沙田 內圈,,,,,,助手,,快踱一圈,H,內圈 快踱一圈 (助手)
H465,09/06/2026,游水,沙田,,沙田,,,,,,,,游水,,
H465,09/06/2026,踱步,沙田,內圈,沙田 內圈,,,,,,助手,,快踱一圈,H,內圈 快踱一圈 (助手)
H465,08/06/2026,游水,沙田,,沙田,,,,,,,,游水,,
H465,08/06/2026,踱步,沙田,內圈,沙田 內圈,,,,,,助手,,倒快兩圈,H,內圈 倒快兩圈 (助手)
H465,07/06/2026,游水,沙田,,沙田,,,,,,,,游水,,
H465,07/06/2026,踱步,沙田,內圈,沙田 內圈,,,,,,助手,,快踱一圈,H,內圈 快踱一圈 (助手)
H465,06/06/2026,馬匹跑步機,沙田,,沙田,,,,,,上斜,,馬匹跑步機 - 慢跑,,馬匹跑步機 - 慢跑 （上斜）
H465,06/06/2026,游水,沙田,,沙田,,,,,,,,游水,,
H465,05/06/2026,馬匹跑步機,沙田,,沙田,,,,,,,,馬匹跑步機 - 慢跑,,馬匹跑步機 - 慢跑
H465,05/06/2026,游水,沙田,,沙田,,,,,,,,游水,,
H465,04/06/2026,馬匹跑步機,沙田,,沙田,,,,,,上斜,,馬匹跑步機 - 慢跑,,馬匹跑步機 - 慢跑 （上斜）
H465,04/06/2026,游水,沙田,,沙田,,,,,,,,游水,,
H465,31/05/2026,出賽,沙田,草地,沙田 草地,1200M,,,,,袁幸堯,7/14,出賽,B,1200M (袁幸堯) (7/14)
H465,30/05/2026,馬匹跑步機,沙田,,沙田,,,,,,上斜,,馬匹跑步機 - 慢跑,,馬匹跑步機 - 慢跑 （上斜）
H465,30/05/2026,游水,沙田,,沙田,,,,,,,,游水,,
H465,29/05/2026,游水,沙田,,沙田,,,,,,,,游水,,
H465,29/05/2026,快操,沙田,全天候,沙田 全天候,,52.4,52.4,28.0 24.4,,袁幸堯,,快操,H,28.0 24.4 (52.4) (袁幸堯)
H465,29/05/2026,踱步,沙田,飛機場,沙田 飛機場,,,,,,袁幸堯,,踱步,H,飛機場 踱步 (袁幸堯)
H465,28/05/2026,游水,從化,,從化,,,,,,,,游水,,
H465,28/05/2026,踱步,從化,內圈,從化 內圈,,,,,,助手,,倒快兩圈,H,內圈 倒快兩圈 (助手)
H465,27/05/2026,馬匹水中步行機,從化,,從化,,,,,,,,馬匹水中步行機,,
H465,27/05/2026,游水,從化,,從化,,,,,,,,游水,,
H465,27/05/2026,踱步,從化,內圈,從化 內圈,,,,,,助手,,快踱一圈,H,內圈 快踱一圈 (助手)
H465,26/05/2026,游水,從化,,從化,,,,,,,,游水,,
H465,26/05/2026,踱步,從化,內圈,從化 內圈,,,,,,助手,,快踱一圈,H,內圈 快踱一圈 (助手)
H465,25/05/2026,馬匹水中步行機,從化,,從化,,,,,,,,馬匹水中步行機,,
H465,25/05/2026,游水,從化,,從化,,,,,,,,游水,,
H465,24/05/2026,游水,從化,,從化,,,,,,,,游水,,
H465,24/05/2026,快操,從化,全天候,從化 全天候,,56.4,56.4,31.1 25.3,,助手,,快操,H,31.1 25.3 (56.4) (助手)
H465,24/05/2026,踱步,從化,飛機場,從化 飛機場,,,,,,助手,,踱步,H,飛機場 踱步 (助手)
H465,23/05/2026,馬匹水中步行機,從化,,從化,,,,,,,,馬匹水中步行機,,
H465,23/05/2026,游水,從化,,從化,,,,,,,,游水,,
H465,23/05/2026,踱步,從化,內圈,從化 內圈,,,,,,助手,,快踱一圈,H,內圈 快踱一圈 (助手)
H465,22/05/2026,游水,從化,,從化,,,,,,,,游水,,
H465,22/05/2026,踱步,從化,內圈,從化 內圈,,,,,,助手,,快踱一圈,H,內圈 快踱一圈 (助手)
H465,21/05/2026,馬匹水中步行機,從化,,從化,,,,,,,,馬匹水中步行機,,
H465,21/05/2026,游水,從化,,從化,,,,,,,,游水,,
H465,21/05/2026,踱步,從化,內圈,從化 內圈,,,,,,助手,,倒快兩圈,H,內圈 倒快兩圈 (助手)
H465,20/05/2026,游水,從化,,從化,,,,,,,,游水,,
H465,20/05/2026,踱步,從化,內圈,從化 內圈,,,,,,助手,,快踱一圈,H,內圈 快踱一圈 (助手)
H465,19/05/2026,游水,從化,,從化,,,,,,,,游水,,
H465,19/05/2026,踱步,從化,內圈,從化 內圈,,,,,,助手,,快踱一圈,H,內圈 快踱一圈 (助手)
H465,18/05/2026,游水,從化,,從化,,,,,,,,游水,,
H465,18/05/2026,踱步,從化,內圈,從化 內圈,,,,,,助手,,倒快兩圈,H,內圈 倒快兩圈 (助手)
H465,17/05/2026,游水,從化,,從化,,,,,,,,游水,,
H465,17/05/2026,踱步,從化,內圈,從化 內圈,,,,,,助手,,快踱一圈,H,內圈 快踱一圈 (助手)
H465,16/05/2026,馬匹水中步行機,從化,,從化,,,,,,,,馬匹水中步行機,,
H465,16/05/2026,游水,從化,,從化,,,,,,,,游水,,
H465,16/05/2026,踱步,從化,內圈,從化 內圈,,,,,,助手,,快踱一圈,H,內圈 快踱一圈 (助手)
H465,15/05/2026,游水,從化,,從化,,,,,,,,游水,,
H465,15/05/2026,踱步,從化,內圈,從化 內圈,,,,,,助手,,快踱一圈,H,內圈 快踱一圈 (助手)
H465,14/05/2026,游水,從化,,從化,,,,,,,,游水,,
H465,14/05/2026,踱步,從化,內圈,從化 內圈,,,,,,助手,,倒快一圈,H,內圈 倒快一圈 (助手)
H465,13/05/2026,馬匹水中步行機,從化,,從化,,,,,,,,馬匹水中步行機,,
H465,13/05/2026,游水,從化,,從化,,,,,,,,游水,,
H465,09/05/2026,出賽,沙田,草地,沙田 草地,1400M,,,,,袁幸堯,7/14,出賽,B,1400M (袁幸堯) (7/14)
H465,09/05/2026,踱步,沙田,內圈,沙田 內圈,,,,,,助手,,快踱一圈,H,內圈 快踱一圈 (助手)
H465,08/05/2026,游水,沙田,,沙田,,,,,,,,游水,,
H465,08/05/2026,踱步,沙田,內圈,沙田 內圈,,,,,,助手,,快踱一圈,H,內圈 快踱一圈 (助手)
H465,07/05/2026,游水,從化,,從化,,,,,,,,游水,,
H465,07/05/2026,踱步,從化,內圈,從化 內圈,,,,,,助手,,倒快兩圈,H,內圈 倒快兩圈 (助手)
H465,06/05/2026,游水,從化,,從化,,,,,,,,游水,,
H465,06/05/2026,快操,從化,全天候,從化 全天候,,55.9,55.9,30.4 25.5,,副練馬師,,快操,H,30.4 25.5 (55.9) (副練馬師)
H465,06/05/2026,踱步,從化,飛機場,從化 飛機場,,,,,,副練馬師,,踱步,H,飛機場 踱步 (副練馬師)
H465,05/05/2026,游水,從化,,從化,,,,,,,,游水,,
H465,05/05/2026,踱步,從化,內圈,從化 內圈,,,,,,助手,,快踱一圈,H,內圈 快踱一圈 (助手)
H465,04/05/2026,游水,從化,,從化,,,,,,,,游水,,
H465,04/05/2026,踱步,從化,內圈,從化 內圈,,,,,,助手,,倒快兩圈,H,內圈 倒快兩圈 (助手)
H465,03/05/2026,馬匹水中步行機,從化,,從化,,,,,,,,馬匹水中步行機,,
H465,03/05/2026,游水,從化,,從化,,,,,,,,游水,,
H465,02/05/2026,游水,從化,,從化,,,,,,,,游水,,
H465,02/05/2026,快操,從化,全天候,從化 全天候,,57.4,57.4,30.9 26.5,,助手,,快操,H,30.9 26.5 (57.4) (助手)
H465,02/05/2026,踱步,從化,飛機場,從化 飛機場,,,,,,助手,,踱步,H,飛機場 踱步 (助手)
H465,01/05/2026,游水,從化,,從化,,,,,,,,游水,,
H465,01/05/2026,踱步,從化,內圈,從化 內圈,,,,,,助手,,快踱一圈,H,內圈 快踱一圈 (助手)
H465,30/04/2026,游水,從化,,從化,,,,,,,,游水,,
H465,30/04/2026,踱步,從化,內圈,從化 內圈,,,,,,助手,,倒快兩圈,H,內圈 倒快兩圈 (助手)
H465,29/04/2026,游水,從化,,從化,,,,,,,,游水,,
H465,29/04/2026,快操,從化,全天候,從化 全天候,,55.8,55.8,30.8 25.0,,助手,,快操,H,30.8 25.0 (55.8) (助手)
H465,29/04/2026,踱步,從化,飛機場,從化 飛機場,,,,,,助手,,踱步,H,飛機場 踱步 (助手)
H465,28/04/2026,馬匹水中步行機,從化,,從化,,,,,,,,馬匹水中步行機,,
H465,28/04/2026,游水,從化,,從化,,,,,,,,游水,,
H465,28/04/2026,踱步,從化,內圈,從化 內圈,,,,,,助手,,快踱一圈,H,內圈 快踱一圈 (助手)
H465,27/04/2026,游水,從化,,從化,,,,,,,,游水,,
H465,27/04/2026,踱步,從化,內圈,從化 內圈,,,,,,助手,,倒快兩圈,H,內圈 倒快兩圈 (助手)
H465,26/04/2026,游水,從化,,從化,,,,,,,,游水,,
H465,25/04/2026,游水,從化,,從化,,,,,,,,游水,,
H465,25/04/2026,快操,從化,全天候,從化 全天候,,57.6,57.6,32.3 25.3,,副練馬師,,快操,H,32.3 25.3 (57.6) (副練馬師)
H465,24/04/2026,游水,從化,,從化,,,,,,,,游水,,
H465,24/04/2026,踱步,從化,內圈,從化 內圈,,,,,,助手,,快踱一圈,H,內圈 快踱一圈 (助手)
H465,23/04/2026,游水,從化,,從化,,,,,,,,游水,,
H465,23/04/2026,踱步,從化,內圈,從化 內圈,,,,,,助手,,倒快兩圈,H,內圈 倒快兩圈 (助手)
H465,22/04/2026,游水,從化,,從化,,,,,,,,游水,,
H465,22/04/2026,快操,從化,全天候,從化 全天候,,56.7,56.7,31.0 25.7,,助手,,快操,H,31.0 25.7 (56.7) (助手)
H465,22/04/2026,踱步,從化,飛機場,從化 飛機場,,,,,,助手,,踱步,H,飛機場 踱步 (助手)
H465,21/04/2026,游水,從化,,從化,,,,,,,,游水,,
H465,21/04/2026,踱步,從化,內圈,從化 內圈,,,,,,助手,,快踱一圈,H,內圈 快踱一圈 (助手)
H465,20/04/2026,游水,從化,,從化,,,,,,,,游水,,
H465,20/04/2026,踱步,從化,內圈,從化 內圈,,,,,,助手,,倒快兩圈,H,內圈 倒快兩圈 (助手)
H465,19/04/2026,馬匹水中步行機,從化,,從化,,,,,,,,馬匹水中步行機,,
H465,19/04/2026,游水,從化,,從化,,,,,,,,游水,,
H465,19/04/2026,踱步,從化,內圈,從化 內圈,,,,,,助手,,快踱一圈,H,內圈 快踱一圈 (助手)
H465,18/04/2026,游水,從化,,從化,,,,,,,,游水,,
H465,18/04/2026,踱步,從化,內圈,從化 內圈,,,,,,助手,,快踱一圈,H,內圈 快踱一圈 (助手)
H465,17/04/2026,游水,從化,,從化,,,,,,,,游水,,
H465,17/04/2026,踱步,從化,內圈,從化 內圈,,,,,,助手,,快踱一圈,H,內圈 快踱一圈 (助手)
H465,16/04/2026,游水,從化,,從化,,,,,,,,游水,,
H465,16/04/2026,踱步,從化,內圈,從化 內圈,,,,,,助手,,倒快一圈,H,內圈 倒快一圈 (助手)
H465,15/04/2026,游水,沙田,,沙田,,,,,,,,游水,,
H465,15/04/2026,踱步,沙田,內圈,沙田 內圈,,,,,,助手,,快踱一圈,H,內圈 快踱一圈 (助手)
H465,12/04/2026,出賽,沙田,草地,沙田 草地,1400M,,,,,艾兆禮,7/14,出賽,B,1400M (艾兆禮) (7/14)
H465,11/04/2026,馬匹跑步機,沙田,,沙田,,,,,,,,馬匹跑步機 - 慢跑,,馬匹跑步機 - 慢跑
H465,10/04/2026,馬匹跑步機,沙田,,沙田,,,,,,上斜,,馬匹跑步機 - 慢跑,,馬匹跑步機 - 慢跑 （上斜）
H465,10/04/2026,游水,沙田,,沙田,,,,,,,,游水,,
H465,09/04/2026,游水,從化,,從化,,,,,,,,游水,,
H465,09/04/2026,快操,從化,全天候,從化 全天候,,54.1,54.1,28.7 25.4,,助手,,快操,H,28.7 25.4 (54.1) (助手)
H465,09/04/2026,踱步,從化,飛機場,從化 飛機場,,,,,,助手,,踱步,H,飛機場 踱步 (助手)
H465,08/04/2026,游水,從化,,從化,,,,,,,,游水,,
H465,08/04/2026,踱步,從化,內圈,從化 內圈,,,,,,助手,,快踱一圈,H,內圈 快踱一圈 (助手)
H465,07/04/2026,馬匹水中步行機,從化,,從化,,,,,,,,馬匹水中步行機,,
H465,07/04/2026,游水,從化,,從化,,,,,,,,游水,,
H465,07/04/2026,踱步,從化,內圈,從化 內圈,,,,,,助手,,快踱一圈,H,內圈 快踱一圈 (助手)
H465,06/04/2026,游水,從化,,從化,,,,,,,,游水,,
H465,06/04/2026,踱步,從化,內圈,從化 內圈,,,,,,助手,,倒快一圈,H,內圈 倒快一圈 (助手)
H465,05/04/2026,游水,從化,,從化,,,,,,,,游水,,
H465,05/04/2026,踱步,從化,內圈,從化 內圈,,,,,,助手,,快踱一圈,H,內圈 快踱一圈 (助手)
H465,04/04/2026,游水,從化,,從化,,,,,,,,游水,,
H465,04/04/2026,快操,從化,全天候,從化 全天候,,54.6,54.6,30.3 24.3,,助手,,快操,H,30.3 24.3 (54.6) (助手)
H465,04/04/2026,踱步,從化,飛機場,從化 飛機場,,,,,,助手,,踱步,H,飛機場 踱步 (助手)
H465,03/04/2026,馬匹水中步行機,從化,,從化,,,,,,,,馬匹水中步行機,,
H465,03/04/2026,游水,從化,,從化,,,,,,,,游水,,
H465,03/04/2026,踱步,從化,內圈,從化 內圈,,,,,,助手,,快踱一圈,H,內圈 快踱一圈 (助手)
H465,02/04/2026,游水,從化,,從化,,,,,,,,游水,,
H465,02/04/2026,踱步,從化,內圈,從化 內圈,,,,,,助手,,倒快兩圈,H,內圈 倒快兩圈 (助手)
H465,01/04/2026,馬匹水中步行機,從化,,從化,,,,,,,,馬匹水中步行機,,
H465,01/04/2026,游水,從化,,從化,,,,,,,,游水,,
H465,31/03/2026,游水,從化,,從化,,,,,,,,游水,,
H465,31/03/2026,快操,從化,草地,從化 草地,,1.25.7,85.7,32.2 28.2 25.3,,助手,,快操,H,32.2 28.2 25.3 (1.25.7) (助手)
H465,31/03/2026,踱步,從化,飛機場,從化 飛機場,,,,,,助手,,踱步,H,飛機場 踱步 (助手)
H465,30/03/2026,游水,從化,,從化,,,,,,,,游水,,
H465,30/03/2026,踱步,從化,內圈,從化 內圈,,,,,,助手,,倒快兩圈,H,內圈 倒快兩圈 (助手)
H465,29/03/2026,游水,從化,,從化,,,,,,,,游水,,
H465,29/03/2026,踱步,從化,內圈,從化 內圈,,,,,,助手,,快踱一圈,H,內圈 快踱一圈 (助手)
H465,28/03/2026,馬匹水中步行機,從化,,從化,,,,,,,,馬匹水中步行機,,
H465,28/03/2026,游水,從化,,從化,,,,,,,,游水,,
H465,27/03/2026,游水,從化,,從化,,,,,,,,游水,,
H465,27/03/2026,快操,從化,全天候,從化 全天候,,57.2,57.2,31.9 25.3,,助手,,快操,H,31.9 25.3 (57.2) (助手)
H465,27/03/2026,踱步,從化,飛機場,從化 飛機場,,,,,,助手,,踱步,H,飛機場 踱步 (助手)
H465,26/03/2026,游水,從化,,從化,,,,,,,,游水,,
H465,26/03/2026,踱步,從化,內圈,從化 內圈,,,,,,助手,,倒快兩圈,H,內圈 倒快兩圈 (助手)
H465,25/03/2026,游水,從化,,從化,,,,,,,,游水,,
H465,25/03/2026,踱步,從化,內圈,從化 內圈,,,,,,助手,,快踱一圈,H,內圈 快踱一圈 (助手)
H465,24/03/2026,馬匹水中步行機,從化,,從化,,,,,,,,馬匹水中步行機,,
H465,24/03/2026,游水,從化,,從化,,,,,,,,游水,,
H465,23/03/2026,游水,從化,,從化,,,,,,,,游水,,
H465,23/03/2026,快操,從化,全天候,從化 全天候,,57.6,57.6,31.4 26.2,,助手,,快操,H,31.4 26.2 (57.6) (助手)
H465,23/03/2026,踱步,從化,飛機場,從化 飛機場,,,,,,助手,,踱步,H,飛機場 踱步 (助手)
H465,22/03/2026,游水,從化,,從化,,,,,,,,游水,,
H465,22/03/2026,踱步,從化,內圈,從化 內圈,,,,,,助手,,快踱一圈,H,內圈 快踱一圈 (助手)
H465,21/03/2026,游水,從化,,從化,,,,,,,,游水,,
H465,21/03/2026,踱步,從化,內圈,從化 內圈,,,,,,助手,,快踱一圈,H,內圈 快踱一圈 (助手)
H465,20/03/2026,游水,從化,,從化,,,,,,,,游水,,
H465,20/03/2026,踱步,從化,內圈,從化 內圈,,,,,,助手,,快踱一圈,H,內圈 快踱一圈 (助手)
H465,19/03/2026,游水,從化,,從化,,,,,,,,游水,,
H465,19/03/2026,快操,從化,全天候,從化 全天候,,51.3,51.3,27.6 23.7,,助手,,快操,H,27.6 23.7 (51.3) (助手)
H465,19/03/2026,踱步,從化,飛機場,從化 飛機場,,,,,,助手,,踱步,H,飛機場 踱步 (助手)
H465,18/03/2026,游水,從化,,從化,,,,,,,,游水,,
H465,18/03/2026,踱步,從化,內圈,從化 內圈,,,,,,助手,,快踱一圈,H,內圈 快踱一圈 (助手)
H465,17/03/2026,游水,從化,,從化,,,,,,,,游水,,
H465,17/03/2026,踱步,從化,內圈,從化 內圈,,,,,,助手,,快踱一圈,H,內圈 快踱一圈 (助手)
H465,16/03/2026,游水,從化,,從化,,,,,,,,游水,,
H465,16/03/2026,踱步,從化,內圈,從化 內圈,,,,,,助手,,倒快兩圈,H,內圈 倒快兩圈 (助手)
H465,15/03/2026,游水,從化,,從化,,,,,,,,游水,,
H465,15/03/2026,踱步,從化,內圈,從化 內圈,,,,,,助手,,快踱一圈,H,內圈 快踱一圈 (助手)
H465,14/03/2026,游水,從化,,從化,,,,,,,,游水,,
H465,14/03/2026,踱步,從化,內圈,從化 內圈,,,,,,助手,,快踱一圈,H,內圈 快踱一圈 (助手)
H465,13/03/2026,馬匹水中步行機,從化,,從化,,,,,,,,馬匹水中步行機,,
H465,13/03/2026,游水,從化,,從化,,,,,,,,游水,,
H465,13/03/2026,踱步,從化,內圈,從化 內圈,,,,,,助手,,快踱一圈,H,內圈 快踱一圈 (助手)
H465,12/03/2026,游水,從化,,從化,,,,,,,,游水,,
H465,12/03/2026,踱步,從化,內圈,從化 內圈,,,,,,助手,,倒快一圈,H,內圈 倒快一圈 (助手)
H465,08/03/2026,出賽,沙田,草地,沙田 草地,1400M,,,,,麥文堅,3/14,出賽,B,1400M (麥文堅) (3/14)
H465,08/03/2026,踱步,沙田,內圈,沙田 內圈,,,,,,助手,,快踱一圈,H,內圈 快踱一圈 (助手)
H465,07/03/2026,馬匹跑步機,沙田,,沙田,,,,,,上斜,,馬匹跑步機 - 慢跑,,馬匹跑步機 - 慢跑 （上斜）
H465,07/03/2026,游水,沙田,,沙田,,,,,,,,游水,,
H465,06/03/2026,馬匹跑步機,沙田,,沙田,,,,,,上斜,,馬匹跑步機 - 慢跑,,馬匹跑步機 - 慢跑 （上斜）
H465,05/03/2026,游水,從化,,從化,,,,,,,,游水,,
H465,05/03/2026,踱步,從化,內圈,從化 內圈,,,,,,助手,,倒快一圈,H,內圈 倒快一圈 (助手)
H465,04/03/2026,游水,從化,,從化,,,,,,,,游水,,
H465,04/03/2026,快操,從化,全天候,從化 全天候,,57.2,57.2,31.4 25.8,,助手,,快操,H,31.4 25.8 (57.2) (助手)
H465,04/03/2026,踱步,從化,飛機場,從化 飛機場,,,,,,助手,,踱步,H,飛機場 踱步 (助手)
H465,03/03/2026,馬匹水中步行機,從化,,從化,,,,,,,,馬匹水中步行機,,
H465,03/03/2026,游水,從化,,從化,,,,,,,,游水,,
H465,03/03/2026,踱步,從化,內圈,從化 內圈,,,,,,助手,,快踱一圈,H,內圈 快踱一圈 (助手)
H465,02/03/2026,游水,從化,,從化,,,,,,,,游水,,
H465,02/03/2026,踱步,從化,內圈,從化 內圈,,,,,,助手,,倒快一圈,H,內圈 倒快一圈 (助手)
H465,01/03/2026,游水,從化,,從化,,,,,,,,游水,,
H465,28/02/2026,游水,從化,,從化,,,,,,,,游水,,
H465,28/02/2026,快操,從化,全天候,從化 全天候,,53.8,53.8,29.1 24.7,,助手,,快操,H,29.1 24.7 (53.8) (助手)
H465,28/02/2026,踱步,從化,飛機場,從化 飛機場,,,,,,助手,,踱步,H,飛機場 踱步 (助手)
H465,27/02/2026,馬匹水中步行機,從化,,從化,,,,,,,,馬匹水中步行機,,
H465,27/02/2026,游水,從化,,從化,,,,,,,,游水,,
H465,27/02/2026,踱步,從化,內圈,從化 內圈,,,,,,助手,,快踱一圈,H,內圈 快踱一圈 (助手)
H465,26/02/2026,游水,從化,,從化,,,,,,,,游水,,
H465,26/02/2026,踱步,從化,內圈,從化 內圈,,,,,,助手,,倒快一圈,H,內圈 倒快一圈 (助手)
H465,25/02/2026,游水,從化,,從化,,,,,,,,游水,,
H465,25/02/2026,快操,從化,全天候,從化 全天候,,52.7,52.7,28.1 24.6,,助手,,扶搖勢勁,H,28.1 24.6 (52.7) (助手) 扶搖勢勁
H465,25/02/2026,踱步,從化,飛機場,從化 飛機場,,,,,,助手,,踱步,H,飛機場 踱步 (助手)
H465,24/02/2026,游水,從化,,從化,,,,,,,,游水,,
H465,24/02/2026,踱步,從化,內圈,從化 內圈,,,,,,助手,,快踱一圈,H,內圈 快踱一圈 (助手)
H465,23/02/2026,馬匹水中步行機,從化,,從化,,,,,,,,馬匹水中步行機,,
H465,23/02/2026,游水,從化,,從化,,,,,,,,游水,,
H465,23/02/2026,踱步,從化,內圈,從化 內圈,,,,,,助手,,倒快兩圈,H,內圈 倒快兩圈 (助手)
H465,22/02/2026,馬匹水中步行機,從化,,從化,,,,,,,,馬匹水中步行機,,
H465,22/02/2026,游水,從化,,從化,,,,,,,,游水,,
H465,21/02/2026,游水,從化,,從化,,,,,,,,游水,,
H465,21/02/2026,快操,從化,全天候,從化 全天候,,55.2,55.2,30.2 25.0,,助手,,快操,H,30.2 25.0 (55.2) (助手)
H465,21/02/2026,踱步,從化,飛機場,從化 飛機場,,,,,,助手,,踱步,H,飛機場 踱步 (助手)
H465,20/02/2026,游水,從化,,從化,,,,,,,,游水,,
H465,20/02/2026,踱步,從化,內圈,從化 內圈,,,,,,助手,,快踱一圈,H,內圈 快踱一圈 (助手)
H465,19/02/2026,游水,從化,,從化,,,,,,,,游水,,
H465,19/02/2026,踱步,從化,內圈,從化 內圈,,,,,,助手,,倒快兩圈,H,內圈 倒快兩圈 (助手)
H465,18/02/2026,游水,從化,,從化,,,,,,,,游水,,
H465,18/02/2026,踱步,從化,內圈,從化 內圈,,,,,,助手,,快踱一圈,H,內圈 快踱一圈 (助手)
H465,16/02/2026,游水,從化,,從化,,,,,,,,游水,,
H465,16/02/2026,踱步,從化,內圈,從化 內圈,,,,,,助手,,倒快兩圈,H,內圈 倒快兩圈 (助手)
H465,15/02/2026,游水,從化,,從化,,,,,,,,游水,,
H465,15/02/2026,踱步,從化,內圈,從化 內圈,,,,,,助手,,快踱一圈,H,內圈 快踱一圈 (助手)
H465,14/02/2026,馬匹水中步行機,從化,,從化,,,,,,,,馬匹水中步行機,,
H465,14/02/2026,游水,從化,,從化,,,,,,,,游水,,
H465,14/02/2026,踱步,從化,內圈,從化 內圈,,,,,,助手,,快踱一圈,H,內圈 快踱一圈 (助手)
H465,13/02/2026,游水,從化,,從化,,,,,,,,游水,,
H465,13/02/2026,踱步,從化,內圈,從化 內圈,,,,,,助手,,快踱一圈,H,內圈 快踱一圈 (助手)
H465,12/02/2026,馬匹水中步行機,從化,,從化,,,,,,,,馬匹水中步行機,,
H465,12/02/2026,游水,從化,,從化,,,,,,,,游水,,
H465,08/02/2026,出賽,沙田,草地,沙田 草地,1400M,,,,,紀仁安,1/14,出賽,B,1400M (紀仁安) (1/14)
H465,08/02/2026,踱步,沙田,內圈,沙田 內圈,,,,,,助手,,快踱一圈,H,內圈 快踱一圈 (助手)
H465,07/02/2026,馬匹跑步機,沙田,,沙田,,,,,,上斜,,馬匹跑步機 - 慢跑,,馬匹跑步機 - 慢跑 （上斜）
H465,07/02/2026,游水,沙田,,沙田,,,,,,,,游水,,
H465,06/02/2026,馬匹跑步機,沙田,,沙田,,,,,,上斜,,馬匹跑步機 - 慢跑,,馬匹跑步機 - 慢跑 （上斜）
H465,06/02/2026,游水,沙田,,沙田,,,,,,,,游水,,
H465,05/02/2026,游水,從化,,從化,,,,,,,,游水,,
H465,05/02/2026,踱步,從化,內圈,從化 內圈,,,,,,助手,,倒快一圈,H,內圈 倒快一圈 (助手)
H465,04/02/2026,馬匹水中步行機,從化,,從化,,,,,,,,馬匹水中步行機,,
H465,04/02/2026,游水,從化,,從化,,,,,,,,游水,,
H465,04/02/2026,踱步,從化,內圈,從化 內圈,,,,,,助手,,快踱一圈,H,內圈 快踱一圈 (助手)
H465,03/02/2026,馬匹水中步行機,從化,,從化,,,,,,,,馬匹水中步行機,,
H465,03/02/2026,游水,從化,,從化,,,,,,,,游水,,
H465,02/02/2026,游水,從化,,從化,,,,,,,,游水,,
H465,02/02/2026,快操,從化,全天候,從化 全天候,,56.1,56.1,30.3 25.8,,助手,,快操,H,30.3 25.8 (56.1) (助手)
H465,02/02/2026,踱步,從化,飛機場,從化 飛機場,,,,,,助手,,踱步,H,飛機場 踱步 (助手)
H465,01/02/2026,游水,從化,,從化,,,,,,,,游水,,
H465,01/02/2026,踱步,從化,內圈,從化 內圈,,,,,,助手,,快踱一圈,H,內圈 快踱一圈 (助手)
H465,31/01/2026,游水,從化,,從化,,,,,,,,游水,,
H465,31/01/2026,踱步,從化,內圈,從化 內圈,,,,,,助手,,快踱一圈,H,內圈 快踱一圈 (助手)
H465,30/01/2026,馬匹水中步行機,從化,,從化,,,,,,,,馬匹水中步行機,,
H465,30/01/2026,游水,從化,,從化,,,,,,,,游水,,
H465,30/01/2026,踱步,從化,內圈,從化 內圈,,,,,,助手,,快踱一圈,H,內圈 快踱一圈 (助手)
H465,29/01/2026,游水,從化,,從化,,,,,,,,游水,,
H465,29/01/2026,踱步,從化,內圈,從化 內圈,,,,,,助手,,倒快一圈,H,內圈 倒快一圈 (助手)
H465,28/01/2026,游水,從化,,從化,,,,,,,,游水,,
H465,28/01/2026,踱步,從化,飛機場,從化 飛機場,,,,,,助手,,踱步,H,飛機場 踱步 (助手)
H465,27/01/2026,游水,從化,,從化,,,,,,,,游水,,
H465,26/01/2026,試閘,從化,草地,從化 草地,1200M,1.11.82,71.82,25.2 22.9 23.7,籐王駒,哥拉利,,第8組,,第8組 (哥拉利) 1200M 籐王駒 25.2 22.9 23.7 (1.11.82)
H465,26/01/2026,踱步,從化,飛機場,從化 飛機場,,,,,,助手,,踱步,,飛機場 踱步 (助手)
H465,25/01/2026,游水,從化,,從化,,,,,,,,游水,,
H465,25/01/2026,踱步,從化,內圈,從化 內圈,,,,,,助手,,快踱一圈,H,內圈 快踱一圈 (助手)
H465,24/01/2026,游水,從化,,從化,,,,,,,,游水,,
H465,24/01/2026,踱步,從化,內圈,從化 內圈,,,,,,助手,,快踱一圈,H,內圈 快踱一圈 (助手)
H465,23/01/2026,馬匹水中步行機,從化,,從化,,,,,,,,馬匹水中步行機,,
H465,23/01/2026,踱步,從化,內圈,從化 內圈,,,,,,助手,,快踱一圈,H,內圈 快踱一圈 (助手)
H465,22/01/2026,游水,從化,,從化,,,,,,,,游水,,
H465,22/01/2026,踱步,從化,內圈,從化 內圈,,,,,,助手,,倒快兩圈,H,內圈 倒快兩圈 (助手)
H465,21/01/2026,游水,從化,,從化,,,,,,,,游水,,
H465,21/01/2026,快操,從化,全天候,從化 全天候,,1.26.2,86.2,33.7 28.2 24.3,,助手,,快操,H,33.7 28.2 24.3 (1.26.2) (助手)
H465,21/01/2026,踱步,從化,飛機場,從化 飛機場,,,,,,助手,,踱步,H,飛機場 踱步 (助手)
H465,20/01/2026,游水,從化,,從化,,,,,,,,游水,,
H465,20/01/2026,踱步,從化,內圈,從化 內圈,,,,,,助手,,快踱一圈,H,內圈 快踱一圈 (助手)
H465,19/01/2026,游水,從化,,從化,,,,,,,,游水,,
H465,19/01/2026,踱步,從化,內圈,從化 內圈,,,,,,助手,,倒快兩圈,H,內圈 倒快兩圈 (助手)
H465,18/01/2026,游水,從化,,從化,,,,,,,,游水,,
H465,18/01/2026,踱步,從化,內圈,從化 內圈,,,,,,助手,,快踱一圈,H,內圈 快踱一圈 (助手)
H465,17/01/2026,游水,從化,,從化,,,,,,,,游水,,
H465,17/01/2026,踱步,從化,內圈,從化 內圈,,,,,,助手,,快踱一圈,H,內圈 快踱一圈 (助手)
H465,16/01/2026,游水,從化,,從化,,,,,,,,游水,,
H465,16/01/2026,快操,從化,全天候,從化 全天候,,54.6,54.6,29.9 24.7,,助手,,快操,H,29.9 24.7 (54.6) (助手)
H465,16/01/2026,踱步,從化,飛機場,從化 飛機場,,,,,,助手,,踱步,H,飛機場 踱步 (助手)
H465,15/01/2026,馬匹水中步行機,從化,,從化,,,,,,,,馬匹水中步行機,,
H465,15/01/2026,游水,從化,,從化,,,,,,,,游水,,
H465,15/01/2026,踱步,從化,內圈,從化 內圈,,,,,,助手,,倒快兩圈,H,內圈 倒快兩圈 (助手)
H465,14/01/2026,游水,從化,,從化,,,,,,,,游水,,
H465,14/01/2026,踱步,從化,內圈,從化 內圈,,,,,,助手,,快踱一圈,H,內圈 快踱一圈 (助手)
H465,13/01/2026,游水,從化,,從化,,,,,,,,游水,,
H465,13/01/2026,快操,從化,全天候,從化 全天候,,55.7,55.7,31.1 24.6,,助手,,快操,H,31.1 24.6 (55.7) (助手)
H465,13/01/2026,踱步,從化,飛機場,從化 飛機場,,,,,,助手,,踱步,H,飛機場 踱步 (助手)
H465,12/01/2026,游水,從化,,從化,,,,,,,,游水,,
H465,12/01/2026,踱步,從化,內圈,從化 內圈,,,,,,助手,,倒快兩圈,H,內圈 倒快兩圈 (助手)
H465,11/01/2026,游水,從化,,從化,,,,,,,,游水,,
H465,11/01/2026,踱步,從化,內圈,從化 內圈,,,,,,助手,,快踱一圈,H,內圈 快踱一圈 (助手)
H465,10/01/2026,游水,從化,,從化,,,,,,,,游水,,
H465,10/01/2026,踱步,從化,內圈,從化 內圈,,,,,,助手,,快踱一圈,H,內圈 快踱一圈 (助手)
H465,09/01/2026,游水,從化,,從化,,,,,,,,游水,,
H465,09/01/2026,踱步,從化,內圈,從化 內圈,,,,,,助手,,快踱一圈,H,內圈 快踱一圈 (助手)
H465,08/01/2026,游水,從化,,從化,,,,,,,,游水,,
H465,08/01/2026,踱步,從化,內圈,從化 內圈,,,,,,助手,,倒快一圈,H,內圈 倒快一圈 (助手)
H465,04/01/2026,出賽,沙田,草地,沙田 草地,1400M,,,,,紀仁安,1/14,出賽,B,1400M (紀仁安) (1/14)
H465,04/01/2026,踱步,沙田,內圈,沙田 內圈,,,,,,助手,,快踱一圈,H,內圈 快踱一圈 (助手)
H465,03/01/2026,馬匹跑步機,沙田,,沙田,,,,,,上斜,,馬匹跑步機 - 慢跑,,馬匹跑步機 - 慢跑 （上斜）
H465,02/01/2026,馬匹跑步機,沙田,,沙田,,,,,,上斜,,馬匹跑步機 - 慢跑,,馬匹跑步機 - 慢跑 （上斜）
H465,01/01/2026,游水,沙田,,沙田,,,,,,,,游水,,
H465,01/01/2026,快操,沙田,全天候,沙田 全天候,,1.30.3,90.3,33.5 30.2 26.6,,助手,,快操,H,33.5 30.2 26.6 (1.30.3) (助手)
H465,01/01/2026,踱步,沙田,飛機場,沙田 飛機場,,,,,,助手,,踱步,H,飛機場 踱步 (助手)
H465,31/12/2025,游水,沙田,,沙田,,,,,,,,游水,,
H465,31/12/2025,踱步,沙田,內圈,沙田 內圈,,,,,,助手,,快踱一圈,H,內圈 快踱一圈 (助手)
H465,30/12/2025,游水,沙田,,沙田,,,,,,,,游水,,
H465,30/12/2025,踱步,沙田,內圈,沙田 內圈,,,,,,助手,,快踱一圈,H,內圈 快踱一圈 (助手)
H465,29/12/2025,游水,沙田,,沙田,,,,,,,,游水,,
H465,29/12/2025,快操,沙田,全天候,沙田 全天候,,54.5,54.5,29.9 24.6,,助手,,快操,H,29.9 24.6 (54.5) (助手)
H465,29/12/2025,踱步,沙田,飛機場,沙田 飛機場,,,,,,助手,,踱步,H,飛機場 踱步 (助手)
H465,27/12/2025,游水,沙田,,沙田,,,,,,,,游水,,
H465,27/12/2025,踱步,沙田,內圈,沙田 內圈,,,,,,助手,,快踱一圈,H,內圈 快踱一圈 (助手)
H465,26/12/2025,游水,沙田,,沙田,,,,,,,,游水,,
H465,26/12/2025,踱步,沙田,內圈,沙田 內圈,,,,,,助手,,快踱一圈,H,內圈 快踱一圈 (助手)
H465,25/12/2025,游水,沙田,,沙田,,,,,,,,游水,,
H465,25/12/2025,踱步,沙田,內圈,沙田 內圈,,,,,,助手,,倒快兩圈,H,內圈 倒快兩圈 (助手)
H465,24/12/2025,游水,沙田,,沙田,,,,,,,,游水,,
H465,24/12/2025,踱步,沙田,內圈,沙田 內圈,,,,,,助手,,快踱一圈,H,內圈 快踱一圈 (助手)
H465,23/12/2025,游水,沙田,,沙田,,,,,,,,游水,,
H465,23/12/2025,踱步,沙田,內圈,沙田 內圈,,,,,,助手,,快踱一圈,H,內圈 快踱一圈 (助手)
H465,22/12/2025,游水,沙田,,沙田,,,,,,,,游水,,
H465,22/12/2025,踱步,沙田,內圈,沙田 內圈,,,,,,助手,,倒快一圈,H,內圈 倒快一圈 (助手)
H465,20/12/2025,出賽,沙田,草地,沙田 草地,1400M,,,,,霍宏聲,3/14,出賽,B,1400M (霍宏聲) (3/14)
H465,20/12/2025,踱步,沙田,內圈,沙田 內圈,,,,,,助手,,快踱一圈,H,內圈 快踱一圈 (助手)
H465,19/12/2025,游水,沙田,,沙田,,,,,,,,游水,,
H465,19/12/2025,踱步,沙田,內圈,沙田 內圈,,,,,,助手,,快踱一圈,H,內圈 快踱一圈 (助手)
H465,18/12/2025,游水,從化,,從化,,,,,,,,游水,,
H465,18/12/2025,快操,從化,全天候,從化 全天候,,56.0,56.0,30.5 25.5,,助手,,快操,H,30.5 25.5 (56.0) (助手)
H465,18/12/2025,踱步,從化,飛機場,從化 飛機場,,,,,,助手,,踱步,H,飛機場 踱步 (助手)
H465,17/12/2025,馬匹水中步行機,從化,,從化,,,,,,,,馬匹水中步行機,,
H465,17/12/2025,游水,從化,,從化,,,,,,,,游水,,
H465,17/12/2025,踱步,從化,內圈,從化 內圈,,,,,,助手,,快踱一圈,H,內圈 快踱一圈 (助手)
H465,16/12/2025,游水,從化,,從化,,,,,,,,游水,,
H465,16/12/2025,踱步,從化,內圈,從化 內圈,,,,,,助手,,快踱一圈,H,內圈 快踱一圈 (助手)
H465,15/12/2025,馬匹水中步行機,從化,,從化,,,,,,,,馬匹水中步行機,,
H465,15/12/2025,游水,從化,,從化,,,,,,,,游水,,
H465,14/12/2025,游水,從化,,從化,,,,,,,,游水,,
H465,14/12/2025,快操,從化,全天候,從化 全天候,,54.1,54.1,29.0 25.1,,助手,,快操,H,29.0 25.1 (54.1) (助手)
H465,14/12/2025,踱步,從化,飛機場,從化 飛機場,,,,,,助手,,踱步,H,飛機場 踱步 (助手)
H465,13/12/2025,游水,從化,,從化,,,,,,,,游水,,
H465,13/12/2025,踱步,從化,內圈,從化 內圈,,,,,,助手,,快踱一圈,H,內圈 快踱一圈 (助手)
H465,12/12/2025,馬匹水中步行機,從化,,從化,,,,,,,,馬匹水中步行機,,
H465,12/12/2025,游水,從化,,從化,,,,,,,,游水,,
H465,12/12/2025,踱步,從化,內圈,從化 內圈,,,,,,助手,,快踱一圈,H,內圈 快踱一圈 (助手)
H465,11/12/2025,游水,從化,,從化,,,,,,,,游水,,
H465,11/12/2025,快操,從化,全天候,從化 全天候,,55.6,55.6,30.9 24.7,,助手,,快操,H,30.9 24.7 (55.6) (助手)
H465,11/12/2025,踱步,從化,飛機場,從化 飛機場,,,,,,助手,,踱步,H,飛機場 踱步 (助手)
H465,10/12/2025,游水,從化,,從化,,,,,,,,游水,,
H465,10/12/2025,踱步,從化,內圈,從化 內圈,,,,,,助手,,快踱一圈,H,內圈 快踱一圈 (助手)
H465,09/12/2025,游水,從化,,從化,,,,,,,,游水,,
H465,09/12/2025,踱步,從化,內圈,從化 內圈,,,,,,助手,,快踱一圈,H,內圈 快踱一圈 (助手)
H465,08/12/2025,游水,從化,,從化,,,,,,,,游水,,
H465,08/12/2025,踱步,從化,內圈,從化 內圈,,,,,,助手,,倒快兩圈,H,內圈 倒快兩圈 (助手)
H465,07/12/2025,游水,從化,,從化,,,,,,,,游水,,
H465,07/12/2025,踱步,從化,內圈,從化 內圈,,,,,,助手,,快踱一圈,H,內圈 快踱一圈 (助手)
H465,06/12/2025,游水,從化,,從化,,,,,,,,游水,,
H465,06/12/2025,踱步,從化,內圈,從化 內圈,,,,,,助手,,快踱一圈,H,內圈 快踱一圈 (助手)
H465,05/12/2025,游水,從化,,從化,,,,,,,,游水,,
H465,05/12/2025,踱步,從化,內圈,從化 內圈,,,,,,助手,,快踱一圈,H,內圈 快踱一圈 (助手)
H465,04/12/2025,游水,從化,,從化,,,,,,,,游水,,
H465,04/12/2025,踱步,從化,飛機場,從化 飛機場,,,,,,助手,,踱步,H,飛機場 踱步 (助手)
H465,30/11/2025,出賽,沙田,草地,沙田 草地,1400M,,,,,霍宏聲,3/14,出賽,PC-/B1,1400M (霍宏聲) (3/14)
H465,30/11/2025,踱步,沙田,飛機場,沙田 飛機場,,,,,,助手,,踱步,H,飛機場 踱步 (助手)
H465,29/11/2025,游水,沙田,,沙田,,,,,,,,游水,,
H465,29/11/2025,踱步,沙田,內圈,沙田 內圈,,,,,,助手,,快踱一圈,H,內圈 快踱一圈 (助手)
H465,28/11/2025,游水,沙田,,沙田,,,,,,,,游水,,
H465,28/11/2025,踱步,沙田,內圈,沙田 內圈,,,,,,助手,,快踱一圈,H,內圈 快踱一圈 (助手)
H465,27/11/2025,游水,從化,,從化,,,,,,,,游水,,
H465,27/11/2025,踱步,從化,內圈,從化 內圈,,,,,,助手,,倒快兩圈,H,內圈 倒快兩圈 (助手)
H465,26/11/2025,馬匹水中步行機,從化,,從化,,,,,,,,馬匹水中步行機,,
H465,26/11/2025,游水,從化,,從化,,,,,,,,游水,,
H465,25/11/2025,游水,從化,,從化,,,,,,,,游水,,
H465,25/11/2025,快操,從化,草地,從化 草地,,52.6,52.6,28.0 24.6,,助手,,快操,V,28.0 24.6 (52.6) (助手)
H465,25/11/2025,踱步,從化,飛機場,從化 飛機場,,,,,,助手,,踱步,V,飛機場 踱步 (助手)
H465,24/11/2025,游水,從化,,從化,,,,,,,,游水,,
H465,24/11/2025,踱步,從化,內圈,從化 內圈,,,,,,助手,,倒快兩圈,H,內圈 倒快兩圈 (助手)
H465,23/11/2025,游水,從化,,從化,,,,,,,,游水,,
H465,22/11/2025,游水,從化,,從化,,,,,,,,游水,,
H465,22/11/2025,快操,從化,草地,從化 草地,,50.9,50.9,26.9 24.0,,助手,,快操,H,26.9 24.0 (50.9) (助手)
H465,22/11/2025,踱步,從化,飛機場,從化 飛機場,,,,,,助手,,踱步,H,飛機場 踱步 (助手)
H465,21/11/2025,馬匹水中步行機,從化,,從化,,,,,,,,馬匹水中步行機,,
H465,21/11/2025,游水,從化,,從化,,,,,,,,游水,,
H465,21/11/2025,踱步,從化,內圈,從化 內圈,,,,,,助手,,快踱一圈,H,內圈 快踱一圈 (助手)
H465,20/11/2025,游水,從化,,從化,,,,,,,,游水,,
H465,20/11/2025,踱步,從化,內圈,從化 內圈,,,,,,助手,,倒快兩圈,H,內圈 倒快兩圈 (助手)
H465,19/11/2025,游水,從化,,從化,,,,,,,,游水,,
H465,19/11/2025,踱步,從化,內圈,從化 內圈,,,,,,助手,,快踱一圈,H,內圈 快踱一圈 (助手)
H465,18/11/2025,游水,從化,,從化,,,,,,,,游水,,
H465,18/11/2025,踱步,從化,內圈,從化 內圈,,,,,,助手,,快踱兩圈,H,內圈 快踱兩圈 (助手)
H465,17/11/2025,馬匹水中步行機,從化,,從化,,,,,,,,馬匹水中步行機,,
H465,17/11/2025,游水,從化,,從化,,,,,,,,游水,,
H465,17/11/2025,踱步,從化,內圈,從化 內圈,,,,,,副練馬師,,倒快兩圈,H,內圈 倒快兩圈 (副練馬師)
H465,16/11/2025,游水,從化,,從化,,,,,,,,游水,,
H465,16/11/2025,踱步,從化,內圈,從化 內圈,,,,,,助手,,快踱一圈,H,內圈 快踱一圈 (助手)
H465,15/11/2025,游水,從化,,從化,,,,,,,,游水,,
H465,15/11/2025,踱步,從化,內圈,從化 內圈,,,,,,助手,,快踱一圈,H,內圈 快踱一圈 (助手)
H465,14/11/2025,游水,沙田,,沙田,,,,,,,,游水,,
H465,14/11/2025,踱步,沙田,內圈,沙田 內圈,,,,,,助手,,快踱一圈,H,內圈 快踱一圈 (助手)
H465,13/11/2025,游水,沙田,,沙田,,,,,,,,游水,,
H465,13/11/2025,踱步,沙田,內圈,沙田 內圈,,,,,,助手,,倒快一圈,H,內圈 倒快一圈 (助手)
H465,12/11/2025,游水,沙田,,沙田,,,,,,,,游水,,
H465,09/11/2025,出賽,沙田,草地,沙田 草地,1400M,,,,,周俊樂,8/13,出賽,PC,1400M (周俊樂) (8/13)
H465,09/11/2025,踱步,沙田,內圈,沙田 內圈,,,,,,助手,,快踱一圈,H,內圈 快踱一圈 (助手)
H465,08/11/2025,游水,沙田,,沙田,,,,,,,,游水,,
H465,08/11/2025,踱步,沙田,內圈,沙田 內圈,,,,,,助手,,快踱一圈,H,內圈 快踱一圈 (助手)
H465,07/11/2025,游水,沙田,,沙田,,,,,,,,游水,,
H465,07/11/2025,踱步,沙田,內圈,沙田 內圈,,,,,,助手,,快踱一圈,H,內圈 快踱一圈 (助手)
H465,06/11/2025,游水,沙田,,沙田,,,,,,,,游水,,
H465,06/11/2025,快操,沙田,全天候,沙田 全天候,,54.9,54.9,29.6 25.3,,助手,,快操,H,29.6 25.3 (54.9) (助手)
H465,06/11/2025,踱步,沙田,飛機場,沙田 飛機場,,,,,,助手,,踱步,H,飛機場 踱步 (助手)
H465,05/11/2025,游水,沙田,,沙田,,,,,,,,游水,,
H465,05/11/2025,踱步,沙田,內圈,沙田 內圈,,,,,,助手,,快踱一圈,H,內圈 快踱一圈 (助手)
H465,04/11/2025,游水,沙田,,沙田,,,,,,,,游水,,
H465,04/11/2025,踱步,沙田,內圈,沙田 內圈,,,,,,助手,,快踱一圈,H,內圈 快踱一圈 (助手)
H465,03/11/2025,游水,沙田,,沙田,,,,,,,,游水,,
H465,03/11/2025,快操,沙田,草地,沙田 草地,,49.3,49.3,26.6 22.7,,助手,,快操,H,26.6 22.7 (49.3) (助手)
H465,03/11/2025,踱步,沙田,飛機場,沙田 飛機場,,,,,,助手,,踱步,H,飛機場 踱步 (助手)
H465,02/11/2025,游水,沙田,,沙田,,,,,,,,游水,,
H465,01/11/2025,馬匹跑步機,沙田,,沙田,,,,,,上斜,,馬匹跑步機 - 慢跑,,馬匹跑步機 - 慢跑 （上斜）
H465,01/11/2025,游水,沙田,,沙田,,,,,,,,游水,,
H465,31/10/2025,馬匹跑步機,沙田,,沙田,,,,,,上斜,,馬匹跑步機 - 慢跑,,馬匹跑步機 - 慢跑 （上斜）
H465,31/10/2025,游水,沙田,,沙田,,,,,,,,游水,,
H465,30/10/2025,游水,沙田,,沙田,,,,,,,,游水,,
H465,30/10/2025,快操,沙田,全天候,沙田 全天候,,1.26.6,86.6,33.1 28.3 25.2,,助手,,快操,H,33.1 28.3 25.2 (1.26.6) (助手)
H465,30/10/2025,踱步,沙田,飛機場,沙田 飛機場,,,,,,助手,,踱步,H,飛機場 踱步 (助手)
H465,29/10/2025,游水,沙田,,沙田,,,,,,,,游水,,
H465,29/10/2025,踱步,沙田,內圈,沙田 內圈,,,,,,助手,,快踱一圈,H,內圈 快踱一圈 (助手)
H465,28/10/2025,游水,沙田,,沙田,,,,,,,,游水,,
H465,28/10/2025,踱步,沙田,內圈,沙田 內圈,,,,,,助手,,快踱一圈,H,內圈 快踱一圈 (助手)
H465,27/10/2025,游水,沙田,,沙田,,,,,,,,游水,,
H465,27/10/2025,踱步,沙田,內圈,沙田 內圈,,,,,,助手,,倒快兩圈,H,內圈 倒快兩圈 (助手)
H465,26/10/2025,游水,沙田,,沙田,,,,,,,,游水,,
H465,25/10/2025,游水,沙田,,沙田,,,,,,,,游水,,
H465,25/10/2025,踱步,沙田,內圈,沙田 內圈,,,,,,助手,,快踱一圈,H,內圈 快踱一圈 (助手)
H465,24/10/2025,游水,沙田,,沙田,,,,,,,,游水,,
H465,24/10/2025,踱步,沙田,內圈,沙田 內圈,,,,,,助手,,快踱一圈,H,內圈 快踱一圈 (助手)
H465,23/10/2025,游水,沙田,,沙田,,,,,,,,游水,,
H465,23/10/2025,踱步,沙田,內圈,沙田 內圈,,,,,,助手,,倒快兩圈,H,內圈 倒快兩圈 (助手)
H465,22/10/2025,游水,沙田,,沙田,,,,,,,,游水,,
H465,22/10/2025,踱步,沙田,內圈,沙田 內圈,,,,,,助手,,快踱一圈,H,內圈 快踱一圈 (助手)
H465,19/10/2025,出賽,沙田,草地,沙田 草地,1400M,,,,,周俊樂,3/14,出賽,PC,1400M (周俊樂) (3/14)
H465,19/10/2025,踱步,沙田,飛機場,沙田 飛機場,,,,,,助手,,踱步,H,飛機場 踱步 (助手)
H465,18/10/2025,游水,沙田,,沙田,,,,,,,,游水,,
H465,18/10/2025,踱步,沙田,內圈,沙田 內圈,,,,,,助手,,快踱一圈,H,內圈 快踱一圈 (助手)
H465,17/10/2025,游水,沙田,,沙田,,,,,,,,游水,,
H465,17/10/2025,踱步,沙田,內圈,沙田 內圈,,,,,,助手,,快踱一圈,H,內圈 快踱一圈 (助手)
H465,16/10/2025,游水,沙田,,沙田,,,,,,,,游水,,
H465,16/10/2025,快操,沙田,草閘,沙田 草閘,,49.4,49.4,26.1 23.3,,周俊樂,,快操,P,26.1 23.3 (49.4) (周俊樂)
H465,16/10/2025,踱步,沙田,飛機場,沙田 飛機場,,,,,,助手,,踱步,P,飛機場 踱步 (助手)
H465,15/10/2025,馬匹跑步機,沙田,,沙田,,,,,,,,馬匹跑步機 - 慢跑,,馬匹跑步機 - 慢跑
H465,15/10/2025,游水,沙田,,沙田,,,,,,,,游水,,
H465,14/10/2025,馬匹跑步機,沙田,,沙田,,,,,,,,馬匹跑步機 - 慢跑,,馬匹跑步機 - 慢跑
H465,14/10/2025,游水,沙田,,沙田,,,,,,,,游水,,
H465,13/10/2025,馬匹跑步機,沙田,,沙田,,,,,,,,馬匹跑步機 - 慢跑,,馬匹跑步機 - 慢跑
H465,13/10/2025,游水,沙田,,沙田,,,,,,,,游水,,
H465,12/10/2025,游水,沙田,,沙田,,,,,,,,游水,,
H465,11/10/2025,馬匹跑步機,沙田,,沙田,,,,,,上斜,,馬匹跑步機 - 慢跑,,馬匹跑步機 - 慢跑 （上斜）
H465,11/10/2025,游水,沙田,,沙田,,,,,,,,游水,,
H465,10/10/2025,游水,沙田,,沙田,,,,,,,,游水,,
H465,10/10/2025,踱步,沙田,內圈,沙田 內圈,,,,,,助手,,快踱一圈,H,內圈 快踱一圈 (助手)
H465,09/10/2025,游水,沙田,,沙田,,,,,,,,游水,,
H465,09/10/2025,踱步,沙田,內圈,沙田 內圈,,,,,,助手,,倒快兩圈,H,內圈 倒快兩圈 (助手)
H465,08/10/2025,游水,沙田,,沙田,,,,,,,,游水,,
H465,08/10/2025,踱步,沙田,內圈,沙田 內圈,,,,,,助手,,快踱一圈,H,內圈 快踱一圈 (助手)
H465,07/10/2025,游水,沙田,,沙田,,,,,,,,游水,,
H465,07/10/2025,踱步,沙田,內圈,沙田 內圈,,,,,,助手,,快踱一圈,H,內圈 快踱一圈 (助手)
H465,06/10/2025,游水,沙田,,沙田,,,,,,,,游水,,
H465,06/10/2025,踱步,沙田,內圈,沙田 內圈,,,,,,助手,,倒快一圈,H,內圈 倒快一圈 (助手)
H465,05/10/2025,游水,沙田,,沙田,,,,,,,,游水,,
H465,04/10/2025,游水,沙田,,沙田,,,,,,,,游水,,
H465,04/10/2025,踱步,沙田,飛機場,沙田 飛機場,,,,,,助手,,踱步,H,飛機場 踱步 (助手)
H465,01/10/2025,出賽,沙田,草地,沙田 草地,1200M,,,,,周俊樂,6/14,出賽,PC,1200M (周俊樂) (6/14)
H465,01/10/2025,踱步,沙田,內圈,沙田 內圈,,,,,,助手,,快踱一圈,H,內圈 快踱一圈 (助手)
H465,30/09/2025,游水,沙田,,沙田,,,,,,,,游水,,
H465,30/09/2025,踱步,沙田,內圈,沙田 內圈,,,,,,助手,,快踱一圈,H,內圈 快踱一圈 (助手)
H465,29/09/2025,游水,從化,,從化,,,,,,,,游水,,
H465,29/09/2025,踱步,從化,內圈,從化 內圈,,,,,,助手,,倒快兩圈,H,內圈 倒快兩圈 (助手)
H465,28/09/2025,游水,從化,,從化,,,,,,,,游水,,
H465,28/09/2025,踱步,從化,內圈,從化 內圈,,,,,,助手,,快踱一圈,H,內圈 快踱一圈 (助手)
H465,27/09/2025,游水,從化,,從化,,,,,,,,游水,,
H465,27/09/2025,快操,從化,草地,從化 草地,,52.6,52.6,27.4 25.2,,助手,,快操,H,27.4 25.2 (52.6) (助手)
H465,27/09/2025,踱步,從化,飛機場,從化 飛機場,,,,,,助手,,踱步,H,飛機場 踱步 (助手)
H465,26/09/2025,游水,從化,,從化,,,,,,,,游水,,
H465,26/09/2025,踱步,從化,內圈,從化 內圈,,,,,,助手,,快踱一圈,H,內圈 快踱一圈 (助手)
H465,25/09/2025,游水,從化,,從化,,,,,,,,游水,,
H465,25/09/2025,快操,從化,全天候,從化 全天候,,56.1,56.1,30.9 25.2,,助手,,快操,H,30.9 25.2 (56.1) (助手)
H465,25/09/2025,踱步,從化,飛機場,從化 飛機場,,,,,,助手,,踱步,H,飛機場 踱步 (助手)
H465,23/09/2025,游水,從化,,從化,,,,,,,,游水,,
H465,23/09/2025,踱步,從化,內圈,從化 內圈,,,,,,助手,,快踱一圈,H,內圈 快踱一圈 (助手)
H465,22/09/2025,游水,從化,,從化,,,,,,,,游水,,
H465,22/09/2025,踱步,從化,內圈,從化 內圈,,,,,,助手,,倒快兩圈,H,內圈 倒快兩圈 (助手)
H465,21/09/2025,游水,從化,,從化,,,,,,,,游水,,
H465,21/09/2025,踱步,從化,內圈,從化 內圈,,,,,,助手,,快踱一圈,H,內圈 快踱一圈 (助手)
H465,20/09/2025,游水,從化,,從化,,,,,,,,游水,,
H465,20/09/2025,踱步,從化,內圈,從化 內圈,,,,,,助手,,快踱一圈,H,內圈 快踱一圈 (助手)
H465,19/09/2025,游水,從化,,從化,,,,,,,,游水,,
H465,19/09/2025,踱步,從化,內圈,從化 內圈,,,,,,助手,,快踱一圈,H,內圈 快踱一圈 (助手)
H465,18/09/2025,游水,從化,,從化,,,,,,,,游水,,
H465,18/09/2025,踱步,從化,內圈,從化 內圈,,,,,,助手,,倒快一圈,H,內圈 倒快一圈 (助手)
H465,17/09/2025,游水,從化,,從化,,,,,,,,游水,,
H465,17/09/2025,踱步,從化,內圈,從化 內圈,,,,,,助手,,快踱一圈,H,內圈 快踱一圈 (助手)
H465,16/09/2025,游水,從化,,從化,,,,,,,,游水,,
H465,16/09/2025,踱步,從化,內圈,從化 內圈,,,,,,助手,,快踱一圈,H,內圈 快踱一圈 (助手)
H465,15/09/2025,游水,從化,,從化,,,,,,,,游水,,
H465,15/09/2025,踱步,從化,內圈,從化 內圈,,,,,,助手,,倒快一圈,H,內圈 倒快一圈 (助手)
H465,12/09/2025,游水,從化,,從化,,,,,,,,游水,,
H465,11/09/2025,游水,沙田,,沙田,,,,,,,,游水,,
H465,10/09/2025,游水,沙田,,沙田,,,,,,,,游水,,
H465,07/09/2025,出賽,沙田,草地,沙田 草地,1200M,,,,,潘明輝,11/14,出賽,PC2,1200M (潘明輝) (11/14)
H465,07/09/2025,踱步,沙田,內圈,沙田 內圈,,,,,,助手,,快踱一圈,H,內圈 快踱一圈 (助手)
H465,06/09/2025,踱步,沙田,內圈,沙田 內圈,,,,,,助手,,快踱一圈,H,內圈 快踱一圈 (助手)
H465,05/09/2025,踱步,沙田,內圈,沙田 內圈,,,,,,助手,,快踱一圈,H,內圈 快踱一圈 (助手)
H465,04/09/2025,游水,沙田,,沙田,,,,,,,,游水,,
H465,04/09/2025,踱步,沙田,內圈,沙田 內圈,,,,,,助手,,倒快一圈,H,內圈 倒快一圈 (助手)
H465,03/09/2025,踱步,沙田,內圈,沙田 內圈,,,,,,助手,,快踱一圈,H,內圈 快踱一圈 (助手)
H465,02/09/2025,游水,沙田,,沙田,,,,,,,,游水,,
H465,02/09/2025,踱步,沙田,內圈,沙田 內圈,,,,,,助手,,快踱一圈,H,內圈 快踱一圈 (助手)
H465,01/09/2025,游水,沙田,,沙田,,,,,,,,游水,,
H465,01/09/2025,踱步,沙田,內圈,沙田 內圈,,,,,,助手,,倒快兩圈,H,內圈 倒快兩圈 (助手)
H465,31/08/2025,游水,沙田,,沙田,,,,,,,,游水,,
H465,30/08/2025,游水,沙田,,沙田,,,,,,,,游水,,
H465,29/08/2025,試閘,沙田,全天候,沙田 全天候,1200M,1.09.94,69.94,24.1 22.6 23.2,品德寶寶,袁幸堯,,第6組,PC,第6組 (袁幸堯) 1200M 品德寶寶 24.1 22.6 23.2 (1.09.94)
H465,29/08/2025,踱步,沙田,飛機場,沙田 飛機場,,,,,,助手,,踱步,PC,飛機場 踱步 (助手)
H465,28/08/2025,游水,沙田,,沙田,,,,,,,,游水,,
H465,28/08/2025,踱步,沙田,內圈,沙田 內圈,,,,,,助手,,倒快一圈,H,內圈 倒快一圈 (助手)
H465,27/08/2025,游水,沙田,,沙田,,,,,,,,游水,,
H465,27/08/2025,踱步,沙田,內圈,沙田 內圈,,,,,,助手,,快踱一圈,H,內圈 快踱一圈 (助手)
H465,26/08/2025,游水,沙田,,沙田,,,,,,,,游水,,
H465,26/08/2025,快操,沙田,全天候,沙田 全天候,,51.5,51.5,28.5 23.0,,金誠剛,,快操,H,28.5 23.0 (51.5) (金誠剛)
H465,26/08/2025,踱步,沙田,飛機場,沙田 飛機場,,,,,,助手,,踱步,H,飛機場 踱步 (助手)
H465,25/08/2025,游水,沙田,,沙田,,,,,,,,游水,,
H465,25/08/2025,踱步,沙田,內圈,沙田 內圈,,,,,,助手,,倒快兩圈,H,內圈 倒快兩圈 (助手)
H465,24/08/2025,游水,沙田,,沙田,,,,,,,,游水,,
H465,23/08/2025,游水,沙田,,沙田,,,,,,,,游水,,
H465,23/08/2025,快操,沙田,全天候,沙田 全天候,,53.4,53.4,29.8 23.6,,助手,,冠輝皇,H,29.8 23.6 (53.4) (助手) 冠輝皇
H465,23/08/2025,踱步,沙田,飛機場,沙田 飛機場,,,,,,助手,,踱步,H,飛機場 踱步 (助手)
H465,22/08/2025,游水,沙田,,沙田,,,,,,,,游水,,
H465,22/08/2025,踱步,沙田,內圈,沙田 內圈,,,,,,助手,,快踱一圈,H,內圈 快踱一圈 (助手)
H465,21/08/2025,游水,沙田,,沙田,,,,,,,,游水,,
H465,21/08/2025,踱步,沙田,內圈,沙田 內圈,,,,,,助手,,倒快兩圈,H,內圈 倒快兩圈 (助手)
H465,20/08/2025,游水,沙田,,沙田,,,,,,,,游水,,
H465,20/08/2025,快操,沙田,全天候,沙田 全天候,,51.7,51.7,27.3 24.4,,助手,,快操,H,27.3 24.4 (51.7) (助手)
H465,20/08/2025,踱步,沙田,飛機場,沙田 飛機場,,,,,,助手,,踱步,H,飛機場 踱步 (助手)
H465,19/08/2025,游水,沙田,,沙田,,,,,,,,游水,,
H465,19/08/2025,踱步,沙田,內圈,沙田 內圈,,,,,,助手,,快踱一圈,H,內圈 快踱一圈 (助手)
H465,18/08/2025,游水,沙田,,沙田,,,,,,,,游水,,
H465,18/08/2025,踱步,沙田,內圈,沙田 內圈,,,,,,助手,,倒快兩圈,H,內圈 倒快兩圈 (助手)
H465,17/08/2025,游水,沙田,,沙田,,,,,,,,游水,,
H465,16/08/2025,游水,沙田,,沙田,,,,,,,,游水,,
H465,16/08/2025,踱步,沙田,內圈,沙田 內圈,,,,,,助手,,快踱一圈,H,內圈 快踱一圈 (助手)
H465,15/08/2025,游水,沙田,,沙田,,,,,,,,游水,,
H465,15/08/2025,踱步,沙田,內圈,沙田 內圈,,,,,,助手,,快踱一圈,H,內圈 快踱一圈 (助手)
H465,14/08/2025,游水,沙田,,沙田,,,,,,,,游水,,
H465,14/08/2025,快操,沙田,全天候,沙田 全天候,,59.9,59.9,32.4 27.5,,助手,,快操,H,32.4 27.5 (59.9) (助手)
H465,14/08/2025,踱步,沙田,飛機場,沙田 飛機場,,,,,,助手,,踱步,H,飛機場 踱步 (助手)
H465,13/08/2025,游水,沙田,,沙田,,,,,,,,游水,,
H465,13/08/2025,踱步,沙田,內圈,沙田 內圈,,,,,,助手,,快踱一圈,H,內圈 快踱一圈 (助手)
H465,12/08/2025,游水,沙田,,沙田,,,,,,,,游水,,
H465,12/08/2025,踱步,沙田,內圈,沙田 內圈,,,,,,助手,,快踱一圈,H,內圈 快踱一圈 (助手)
H465,11/08/2025,游水,沙田,,沙田,,,,,,,,游水,,
H465,11/08/2025,快操,沙田,全天候,沙田 全天候,,29.1,29.1,29.1,,助手,,快操,H,29.1 (29.1) (助手)
H465,11/08/2025,踱步,沙田,飛機場,沙田 飛機場,,,,,,助手,,踱步,H,飛機場 踱步 (助手)
H465,10/08/2025,游水,沙田,,沙田,,,,,,,,游水,,
H465,10/08/2025,踱步,沙田,內圈,沙田 內圈,,,,,,助手,,快踱一圈,H,內圈 快踱一圈 (助手)
H465,09/08/2025,游水,沙田,,沙田,,,,,,,,游水,,
H465,09/08/2025,踱步,沙田,內圈,沙田 內圈,,,,,,助手,,快踱一圈,H,內圈 快踱一圈 (助手)
H465,08/08/2025,游水,沙田,,沙田,,,,,,,,游水,,
H465,08/08/2025,踱步,沙田,內圈,沙田 內圈,,,,,,助手,,快踱一圈,H,內圈 快踱一圈 (助手)
H465,07/08/2025,游水,沙田,,沙田,,,,,,,,游水,,
H465,07/08/2025,踱步,沙田,內圈,沙田 內圈,,,,,,助手,,倒快一圈,H/PC,內圈 倒快一圈 (助手)
H465,06/08/2025,游水,沙田,,沙田,,,,,,,,游水,,
H465,06/08/2025,踱步,沙田,內圈,沙田 內圈,,,,,,助手,,快踱一圈,H/PC,內圈 快踱一圈 (助手)
H465,04/08/2025,游水,沙田,,沙田,,,,,,,,游水,,
H465,04/08/2025,踱步,沙田,飛機場,沙田 飛機場,,,,,,助手,,踱步,H/PC,飛機場 踱步 (助手)
H465,03/08/2025,游水,沙田,,沙田,,,,,,,,游水,,
H465,02/08/2025,游水,沙田,,沙田,,,,,,,,游水,,
H465,01/08/2025,游水,沙田,,沙田,,,,,,,,游水,,
H465,13/07/2025,出賽,沙田,草地,沙田 草地,1400M,,,,,梁家俊,6/14,出賽,TT-,1400M (梁家俊) (6/14)
H465,13/07/2025,踱步,沙田,飛機場,沙田 飛機場,,,,,,助手,,踱步,PH,飛機場 踱步 (助手)
H465,12/07/2025,游水,沙田,,沙田,,,,,,,,游水,,
H465,12/07/2025,踱步,沙田,內圈,沙田 內圈,,,,,,助手,,快踱一圈,H,內圈 快踱一圈 (助手)
H465,11/07/2025,游水,沙田,,沙田,,,,,,,,游水,,
H465,11/07/2025,踱步,沙田,內圈,沙田 內圈,,,,,,助手,,快踱一圈,H,內圈 快踱一圈 (助手)
H465,10/07/2025,游水,從化,,從化,,,,,,,,游水,,
H465,10/07/2025,快操,從化,全天候,從化 全天候,,55.7,55.7,30.2 25.5,,助手,,快操,H,30.2 25.5 (55.7) (助手)
H465,10/07/2025,踱步,從化,飛機場,從化 飛機場,,,,,,助手,,踱步,H,飛機場 踱步 (助手)
H465,09/07/2025,游水,從化,,從化,,,,,,,,游水,,
H465,09/07/2025,踱步,從化,內圈,從化 內圈,,,,,,助手,,快踱一圈,H,內圈 快踱一圈 (助手)
H465,08/07/2025,游水,從化,,從化,,,,,,,,游水,,
H465,08/07/2025,踱步,從化,內圈,從化 內圈,,,,,,助手,,快踱一圈,H,內圈 快踱一圈 (助手)
H465,07/07/2025,游水,從化,,從化,,,,,,,,游水,,
H465,07/07/2025,踱步,從化,內圈,從化 內圈,,,,,,助手,,倒快兩圈,H,內圈 倒快兩圈 (助手)
H465,06/07/2025,游水,從化,,從化,,,,,,,,游水,,
H465,05/07/2025,游水,從化,,從化,,,,,,,,游水,,
H465,05/07/2025,快操,從化,全天候,從化 全天候,,57.1,57.1,31.7 25.4,,助手,,快操,H,31.7 25.4 (57.1) (助手)
H465,05/07/2025,踱步,從化,飛機場,從化 飛機場,,,,,,助手,,踱步,H,飛機場 踱步 (助手)
H465,04/07/2025,游水,從化,,從化,,,,,,,,游水,,
H465,04/07/2025,踱步,從化,內圈,從化 內圈,,,,,,助手,,快踱一圈,H,內圈 快踱一圈 (助手)
H465,03/07/2025,游水,從化,,從化,,,,,,,,游水,,
H465,03/07/2025,踱步,從化,內圈,從化 內圈,,,,,,助手,,倒快兩圈,H,內圈 倒快兩圈 (助手)
H465,02/07/2025,游水,從化,,從化,,,,,,,,游水,,
H465,02/07/2025,踱步,從化,內圈,從化 內圈,,,,,,助手,,快踱一圈,H,內圈 快踱一圈 (助手)
H465,01/07/2025,游水,從化,,從化,,,,,,,,游水,,
H465,01/07/2025,踱步,從化,內圈,從化 內圈,,,,,,助手,,快踱一圈,H,內圈 快踱一圈 (助手)
H465,30/06/2025,游水,從化,,從化,,,,,,,,游水,,
H465,30/06/2025,踱步,從化,內圈,從化 內圈,,,,,,助手,,倒快兩圈,H,內圈 倒快兩圈 (助手)
H465,29/06/2025,游水,從化,,從化,,,,,,,,游水,,
H465,29/06/2025,踱步,從化,內圈,從化 內圈,,,,,,助手,,快踱一圈,H,內圈 快踱一圈 (助手)
H465,28/06/2025,游水,從化,,從化,,,,,,,,游水,,
H465,27/06/2025,試閘,從化,草地,從化 草地,1200M,1.12.35,72.35,24.7 22.6 25.0,金多囍,袁幸堯,,第9組,CP,第9組 (袁幸堯) 1200M 金多囍 24.7 22.6 25.0 (1.12.35)
H465,27/06/2025,踱步,從化,飛機場,從化 飛機場,,,,,,助手,,踱步,CP,飛機場 踱步 (助手)
H465,26/06/2025,游水,從化,,從化,,,,,,,,游水,,
H465,26/06/2025,踱步,從化,內圈,從化 內圈,,,,,,助手,,倒快兩圈,H,內圈 倒快兩圈 (助手)
H465,25/06/2025,游水,從化,,從化,,,,,,,,游水,,
H465,25/06/2025,踱步,從化,內圈,從化 內圈,,,,,,助手,,快踱一圈,H,內圈 快踱一圈 (助手)
H465,24/06/2025,游水,從化,,從化,,,,,,,,游水,,
H465,24/06/2025,快操,從化,全天候,從化 全天候,,55.0,55.0,29.4 25.6,,助手,,快操,H,29.4 25.6 (55.0) (助手)
H465,24/06/2025,踱步,從化,飛機場,從化 飛機場,,,,,,助手,,踱步,H,飛機場 踱步 (助手)
H465,23/06/2025,游水,從化,,從化,,,,,,,,游水,,
H465,23/06/2025,踱步,從化,內圈,從化 內圈,,,,,,助手,,倒快兩圈,H,內圈 倒快兩圈 (助手)
H465,22/06/2025,游水,從化,,從化,,,,,,,,游水,,
H465,22/06/2025,踱步,從化,內圈,從化 內圈,,,,,,助手,,快踱一圈,H,內圈 快踱一圈 (助手)
H465,21/06/2025,游水,從化,,從化,,,,,,,,游水,,
H465,21/06/2025,踱步,從化,內圈,從化 內圈,,,,,,助手,,快踱一圈,H,內圈 快踱一圈 (助手)
H465,20/06/2025,游水,從化,,從化,,,,,,,,游水,,
H465,20/06/2025,快操,從化,全天候,從化 全天候,,57.3,57.3,31.3 26.0,,助手,,鑽飾翱翔,H,31.3 26.0 (57.3) (助手) 鑽飾翱翔
H465,20/06/2025,踱步,從化,飛機場,從化 飛機場,,,,,,助手,,踱步,H,飛機場 踱步 (助手)
H465,19/06/2025,游水,從化,,從化,,,,,,,,游水,,
H465,19/06/2025,踱步,從化,內圈,從化 內圈,,,,,,助手,,倒快兩圈,H,內圈 倒快兩圈 (助手)
H465,18/06/2025,游水,從化,,從化,,,,,,,,游水,,
H465,18/06/2025,踱步,從化,內圈,從化 內圈,,,,,,助手,,快踱一圈,H,內圈 快踱一圈 (助手)
H465,17/06/2025,游水,從化,,從化,,,,,,,,游水,,
H465,17/06/2025,踱步,從化,內圈,從化 內圈,,,,,,助手,,快踱一圈,H,內圈 快踱一圈 (助手)
H465,16/06/2025,游水,從化,,從化,,,,,,,,游水,,
H465,16/06/2025,快操,從化,全天候,從化 全天候,,55.6,55.6,30.0 25.6,,助手,,快操,H,30.0 25.6 (55.6) (助手)
H465,16/06/2025,踱步,從化,飛機場,從化 飛機場,,,,,,助手,,踱步,H,飛機場 踱步 (助手)
H465,15/06/2025,游水,從化,,從化,,,,,,,,游水,,
H465,15/06/2025,踱步,從化,內圈,從化 內圈,,,,,,助手,,快踱一圈,H,內圈 快踱一圈 (助手)
H465,14/06/2025,游水,從化,,從化,,,,,,,,游水,,
H465,14/06/2025,踱步,從化,內圈,從化 內圈,,,,,,助手,,快踱一圈,H,內圈 快踱一圈 (助手)
H465,13/06/2025,游水,從化,,從化,,,,,,,,游水,,
H465,13/06/2025,踱步,從化,內圈,從化 內圈,,,,,,助手,,快踱一圈,H,內圈 快踱一圈 (助手)
H465,12/06/2025,游水,從化,,從化,,,,,,,,游水,,
H465,12/06/2025,踱步,從化,飛機場,從化 飛機場,,,,,,助手,,踱步,,飛機場 踱步 (助手)
H465,08/06/2025,出賽,沙田,草地,沙田 草地,1400M,,,,,奧爾民,6/14,出賽,PC-/TT,1400M (奧爾民) (6/14)
H465,08/06/2025,踱步,沙田,飛機場,沙田 飛機場,,,,,,助手,,踱步,PH,飛機場 踱步 (助手)
H465,07/06/2025,游水,沙田,,沙田,,,,,,,,游水,,
H465,07/06/2025,踱步,沙田,內圈,沙田 內圈,,,,,,助手,,快踱一圈,H,內圈 快踱一圈 (助手)
H465,06/06/2025,游水,沙田,,沙田,,,,,,,,游水,,
H465,06/06/2025,踱步,沙田,內圈,沙田 內圈,,,,,,助手,,快踱一圈,H,內圈 快踱一圈 (助手)
H465,05/06/2025,游水,從化,,從化,,,,,,,,游水,,
H465,05/06/2025,快操,從化,全天候,從化 全天候,,55.6,55.6,30.0 25.6,,助手,,快操,H,30.0 25.6 (55.6) (助手)
H465,05/06/2025,踱步,從化,飛機場,從化 飛機場,,,,,,助手,,踱步,H,飛機場 踱步 (助手)
H465,04/06/2025,游水,從化,,從化,,,,,,,,游水,,
H465,04/06/2025,踱步,從化,內圈,從化 內圈,,,,,,助手,,快踱一圈,H,內圈 快踱一圈 (助手)
H465,03/06/2025,游水,從化,,從化,,,,,,,,游水,,
H465,03/06/2025,踱步,從化,內圈,從化 內圈,,,,,,助手,,快踱一圈,H,內圈 快踱一圈 (助手)
H465,02/06/2025,游水,從化,,從化,,,,,,,,游水,,
H465,02/06/2025,快操,從化,草地,從化 草地,,53.4,53.4,28.1 25.3,,助手,,快操,H,28.1 25.3 (53.4) (助手)
H465,02/06/2025,踱步,從化,飛機場,從化 飛機場,,,,,,助手,,踱步,H,飛機場 踱步 (助手)
H465,01/06/2025,游水,從化,,從化,,,,,,,,游水,,
H465,01/06/2025,踱步,從化,內圈,從化 內圈,,,,,,助手,,快踱一圈,H,內圈 快踱一圈 (助手)
H465,31/05/2025,游水,從化,,從化,,,,,,,,游水,,
H465,31/05/2025,踱步,從化,內圈,從化 內圈,,,,,,助手,,快踱一圈,H,內圈 快踱一圈 (助手)
H465,30/05/2025,游水,從化,,從化,,,,,,,,游水,,
H465,30/05/2025,踱步,從化,內圈,從化 內圈,,,,,,助手,,快踱一圈,H,內圈 快踱一圈 (助手)
H465,29/05/2025,游水,從化,,從化,,,,,,,,游水,,
H465,29/05/2025,快操,從化,全天候,從化 全天候,,55.9,55.9,30.1 25.8,,助手,,快操,H,30.1 25.8 (55.9) (助手)
H465,29/05/2025,踱步,從化,飛機場,從化 飛機場,,,,,,助手,,踱步,H,飛機場 踱步 (助手)
H465,28/05/2025,游水,從化,,從化,,,,,,,,游水,,
H465,28/05/2025,踱步,從化,內圈,從化 內圈,,,,,,助手,,快踱一圈,H,內圈 快踱一圈 (助手)
H465,27/05/2025,游水,從化,,從化,,,,,,,,游水,,
H465,27/05/2025,踱步,從化,內圈,從化 內圈,,,,,,助手,,快踱一圈,H,內圈 快踱一圈 (助手)
H465,26/05/2025,游水,從化,,從化,,,,,,,,游水,,
H465,26/05/2025,踱步,從化,內圈,從化 內圈,,,,,,助手,,倒快兩圈,H,內圈 倒快兩圈 (助手)
H465,25/05/2025,游水,從化,,從化,,,,,,,,游水,,
H465,25/05/2025,踱步,從化,內圈,從化 內圈,,,,,,助手,,快踱一圈,H,內圈 快踱一圈 (助手)
H465,24/05/2025,游水,從化,,從化,,,,,,,,游水,,
H465,24/05/2025,踱步,從化,內圈,從化 內圈,,,,,,助手,,快踱一圈,H,內圈 快踱一圈 (助手)
H465,23/05/2025,游水,沙田,,沙田,,,,,,,,游水,,
H465,23/05/2025,踱步,沙田,內圈,沙田 內圈,,,,,,助手,,快踱一圈,PH,內圈 快踱一圈 (助手)
H465,22/05/2025,游水,沙田,,沙田,,,,,,,,游水,,
H465,18/05/2025,出賽,沙田,全天候,沙田 全天候,1200M,,,,,周俊樂,11/12,出賽,PC/TT,1200M (周俊樂) (11/12)
H465,18/05/2025,踱步,沙田,飛機場,沙田 飛機場,,,,,,助手,,踱步,H,飛機場 踱步 (助手)
H465,17/05/2025,游水,沙田,,沙田,,,,,,,,游水,,
H465,17/05/2025,踱步,沙田,內圈,沙田 內圈,,,,,,助手,,快踱一圈,H,內圈 快踱一圈 (助手)
H465,16/05/2025,游水,沙田,,沙田,,,,,,,,游水,,
H465,16/05/2025,踱步,沙田,內圈,沙田 內圈,,,,,,助手,,快踱一圈,PH,內圈 快踱一圈 (助手)
H465,15/05/2025,游水,沙田,,沙田,,,,,,,,游水,,
H465,15/05/2025,快操,沙田,全天候,沙田 全天候,,55.8,55.8,29.8 26.0,,助手,,快操,H,29.8 26.0 (55.8) (助手)
H465,15/05/2025,踱步,沙田,飛機場,沙田 飛機場,,,,,,助手,,踱步,PH,飛機場 踱步 (助手)
H465,14/05/2025,游水,沙田,,沙田,,,,,,,,游水,,
H465,14/05/2025,踱步,沙田,內圈,沙田 內圈,,,,,,助手,,快踱一圈,PH,內圈 快踱一圈 (助手)
H465,13/05/2025,游水,沙田,,沙田,,,,,,,,游水,,
H465,13/05/2025,踱步,沙田,內圈,沙田 內圈,,,,,,助手,,快踱一圈,PH,內圈 快踱一圈 (助手)
H465,12/05/2025,游水,沙田,,沙田,,,,,,,,游水,,
H465,12/05/2025,快操,沙田,全天候,沙田 全天候,,55.6,55.6,29.1 26.5,,助手,,快操,PH,29.1 26.5 (55.6) (助手)
H465,12/05/2025,踱步,沙田,飛機場,沙田 飛機場,,,,,,助手,,踱步,PH,飛機場 踱步 (助手)
H465,11/05/2025,游水,沙田,,沙田,,,,,,,,游水,,
H465,11/05/2025,踱步,沙田,內圈,沙田 內圈,,,,,,助手,,快踱一圈,H,內圈 快踱一圈 (助手)
H465,10/05/2025,游水,沙田,,沙田,,,,,,,,游水,,
H465,10/05/2025,踱步,沙田,內圈,沙田 內圈,,,,,,助手,,快踱一圈,PH,內圈 快踱一圈 (助手)
H465,09/05/2025,游水,沙田,,沙田,,,,,,,,游水,,
H465,09/05/2025,快操,沙田,全天候,沙田 全天候,,1.25.3,85.3,32.2 29.0 24.1,,助手,,盈好威楓,PH,32.2 29.0 24.1 (1.25.3) (助手) 盈好威楓
H465,09/05/2025,踱步,沙田,飛機場,沙田 飛機場,,,,,,助手,,踱步,PH,飛機場 踱步 (助手)
H465,08/05/2025,游水,沙田,,沙田,,,,,,,,游水,,
H465,08/05/2025,踱步,沙田,內圈,沙田 內圈,,,,,,助手,,倒快兩圈,PH,內圈 倒快兩圈 (助手)
H465,07/05/2025,游水,沙田,,沙田,,,,,,,,游水,,
H465,07/05/2025,踱步,沙田,內圈,沙田 內圈,,,,,,助手,,快踱一圈,PH,內圈 快踱一圈 (助手)
H465,06/05/2025,游水,沙田,,沙田,,,,,,,,游水,,
H465,05/05/2025,游水,沙田,,沙田,,,,,,,,游水,,
H465,05/05/2025,快操,沙田,全天候,沙田 全天候,,1.23.5,83.5,32.6 27.5 23.4,,助手,,歡樂老撾,PH,32.6 27.5 23.4 (1.23.5) (助手) 歡樂老撾
H465,05/05/2025,踱步,沙田,飛機場,沙田 飛機場,,,,,,助手,,踱步,PH,飛機場 踱步 (助手)
H465,04/05/2025,游水,沙田,,沙田,,,,,,,,游水,,
H465,04/05/2025,踱步,沙田,內圈,沙田 內圈,,,,,,助手,,快踱一圈,H,內圈 快踱一圈 (助手)
H465,03/05/2025,游水,沙田,,沙田,,,,,,,,游水,,
H465,03/05/2025,踱步,沙田,內圈,沙田 內圈,,,,,,助手,,快踱一圈,PH,內圈 快踱一圈 (助手)
H465,02/05/2025,游水,沙田,,沙田,,,,,,,,游水,,
H465,02/05/2025,快操,沙田,全天候,沙田 全天候,,53.3,53.3,28.4 24.9,,助手,,超加加,PH,28.4 24.9 (53.3) (助手) 超加加
H465,02/05/2025,踱步,沙田,飛機場,沙田 飛機場,,,,,,助手,,踱步,PH,飛機場 踱步 (助手)
H465,01/05/2025,游水,沙田,,沙田,,,,,,,,游水,,
H465,01/05/2025,踱步,沙田,內圈,沙田 內圈,,,,,,助手,,倒快一圈,PH,內圈 倒快一圈 (助手)
H465,30/04/2025,游水,沙田,,沙田,,,,,,,,游水,,
H465,30/04/2025,踱步,沙田,內圈,沙田 內圈,,,,,,助手,,快踱一圈,PH,內圈 快踱一圈 (助手)
H465,29/04/2025,游水,沙田,,沙田,,,,,,,,游水,,
H465,29/04/2025,踱步,沙田,內圈,沙田 內圈,,,,,,助手,,快踱一圈,PH,內圈 快踱一圈 (助手)
H465,28/04/2025,游水,沙田,,沙田,,,,,,,,游水,,
H465,28/04/2025,快操,沙田,全天候,沙田 全天候,,1.27.7,87.7,32.8 28.9 26.0,,助手,,魅影戈飛,PH,32.8 28.9 26.0 (1.27.7) (助手) 魅影戈飛
H465,28/04/2025,踱步,沙田,飛機場,沙田 飛機場,,,,,,助手,,踱步,PH,飛機場 踱步 (助手)
H465,27/04/2025,游水,沙田,,沙田,,,,,,,,游水,,
H465,27/04/2025,踱步,沙田,內圈,沙田 內圈,,,,,,助手,,快踱一圈,PH,內圈 快踱一圈 (助手)
H465,26/04/2025,游水,沙田,,沙田,,,,,,,,游水,,
H465,26/04/2025,踱步,沙田,內圈,沙田 內圈,,,,,,助手,,快踱一圈,PH,內圈 快踱一圈 (助手)
H465,25/04/2025,游水,沙田,,沙田,,,,,,,,游水,,
H465,25/04/2025,快操,沙田,全天候,沙田 全天候,,56.3,56.3,30.6 25.7,,助手,,快操,PH,30.6 25.7 (56.3) (助手)
H465,25/04/2025,踱步,沙田,飛機場,沙田 飛機場,,,,,,助手,,踱步,PH,飛機場 踱步 (助手)
H465,24/04/2025,游水,沙田,,沙田,,,,,,,,游水,,
H465,24/04/2025,踱步,沙田,內圈,沙田 內圈,,,,,,助手,,倒快一圈,PH,內圈 倒快一圈 (助手)
H465,23/04/2025,游水,沙田,,沙田,,,,,,,,游水,,
H465,23/04/2025,踱步,沙田,內圈,沙田 內圈,,,,,,助手,,快踱一圈,PH,內圈 快踱一圈 (助手)
H465,22/04/2025,游水,沙田,,沙田,,,,,,,,游水,,
H465,22/04/2025,踱步,沙田,內圈,沙田 內圈,,,,,,助手,,快踱一圈,PH,內圈 快踱一圈 (助手)
H465,21/04/2025,踱步,沙田,內圈,沙田 內圈,,,,,,助手,,倒快一圈,PH,內圈 倒快一圈 (助手)
H465,20/04/2025,游水,沙田,,沙田,,,,,,,,游水,,
H465,20/04/2025,踱步,沙田,內圈,沙田 內圈,,,,,,助手,,快踱一圈,PH,內圈 快踱一圈 (助手)
H465,19/04/2025,游水,沙田,,沙田,,,,,,,,游水,,
H465,19/04/2025,踱步,沙田,內圈,沙田 內圈,,,,,,助手,,快踱一圈,H,內圈 快踱一圈 (助手)
H465,18/04/2025,游水,沙田,,沙田,,,,,,,,游水,,
H465,18/04/2025,踱步,沙田,內圈,沙田 內圈,,,,,,助手,,快踱一圈,PH,內圈 快踱一圈 (助手)
H465,17/04/2025,游水,沙田,,沙田,,,,,,,,游水,,
H465,17/04/2025,踱步,沙田,內圈,沙田 內圈,,,,,,助手,,倒快一圈,PH,內圈 倒快一圈 (助手)
H465,16/04/2025,游水,沙田,,沙田,,,,,,,,游水,,
H465,13/04/2025,出賽,沙田,草地,沙田 草地,1200M,,,,,艾道拿,5/12,出賽,PC/TT,1200M (艾道拿) (5/12)
H465,13/04/2025,踱步,沙田,飛機場,沙田 飛機場,,,,,,助手,,踱步,PH,飛機場 踱步 (助手)
H465,12/04/2025,游水,沙田,,沙田,,,,,,,,游水,,
H465,12/04/2025,踱步,沙田,內圈,沙田 內圈,,,,,,助手,,快踱一圈,PH,內圈 快踱一圈 (助手)
H465,11/04/2025,游水,沙田,,沙田,,,,,,,,游水,,
H465,11/04/2025,踱步,沙田,內圈,沙田 內圈,,,,,,助手,,快踱一圈,PH,內圈 快踱一圈 (助手)
H465,10/04/2025,游水,沙田,,沙田,,,,,,,,游水,,
H465,10/04/2025,快操,沙田,草地,沙田 草地,,52.3,52.3,30.1 22.2,,助手,,千杯敬典,PH,30.1 22.2 (52.3) (助手) 千杯敬典
H465,10/04/2025,踱步,沙田,飛機場,沙田 飛機場,,,,,,助手,,踱步,PH,飛機場 踱步 (助手)
H465,09/04/2025,游水,沙田,,沙田,,,,,,,,游水,,
H465,08/04/2025,游水,沙田,,沙田,,,,,,,,游水,,
H465,08/04/2025,踱步,沙田,內圈,沙田 內圈,,,,,,助手,,快踱一圈,H,內圈 快踱一圈 (助手)
H465,07/04/2025,游水,沙田,,沙田,,,,,,,,游水,,
H465,07/04/2025,快操,沙田,全天候,沙田 全天候,,54.5,54.5,28.9 25.6,,助手,,快操,PH,28.9 25.6 (54.5) (助手)
H465,06/04/2025,游水,沙田,,沙田,,,,,,,,游水,,
H465,06/04/2025,踱步,沙田,內圈,沙田 內圈,,,,,,助手,,快踱一圈,PH,內圈 快踱一圈 (助手)
H465,05/04/2025,游水,沙田,,沙田,,,,,,,,游水,,
H465,05/04/2025,踱步,沙田,內圈,沙田 內圈,,,,,,助手,,快踱一圈,PH,內圈 快踱一圈 (助手)
H465,04/04/2025,游水,沙田,,沙田,,,,,,,,游水,,
H465,03/04/2025,快操,沙田,草閘,沙田 草閘,,47.4,47.4,24.5 22.9,,助手,,歡樂老撾,H,24.5 22.9 (47.4) (助手) 歡樂老撾
H465,03/04/2025,踱步,沙田,飛機場,沙田 飛機場,,,,,,助手,,踱步,PH,飛機場 踱步 (助手)
H465,02/04/2025,游水,沙田,,沙田,,,,,,,,游水,,
H465,02/04/2025,踱步,沙田,內圈,沙田 內圈,,,,,,助手,,快踱一圈,PH,內圈 快踱一圈 (助手)
H465,01/04/2025,游水,沙田,,沙田,,,,,,,,游水,,
H465,01/04/2025,踱步,沙田,內圈,沙田 內圈,,,,,,助手,,快踱一圈,H,內圈 快踱一圈 (助手)
H465,31/03/2025,游水,沙田,,沙田,,,,,,,,游水,,
H465,31/03/2025,快操,沙田,全天候,沙田 全天候,,55.8,55.8,30.0 25.8,,助手,,快操,PH,30.0 25.8 (55.8) (助手)
H465,30/03/2025,游水,沙田,,沙田,,,,,,,,游水,,
H465,30/03/2025,踱步,沙田,內圈,沙田 內圈,,,,,,助手,,快踱一圈,PH,內圈 快踱一圈 (助手)
H465,29/03/2025,游水,沙田,,沙田,,,,,,,,游水,,
H465,29/03/2025,踱步,沙田,內圈,沙田 內圈,,,,,,助手,,快踱一圈,PH,內圈 快踱一圈 (助手)
H465,28/03/2025,游水,沙田,,沙田,,,,,,,,游水,,
H465,28/03/2025,踱步,沙田,內圈,沙田 內圈,,,,,,助手,,快踱一圈,PH,內圈 快踱一圈 (助手)
H465,27/03/2025,游水,沙田,,沙田,,,,,,,,游水,,
H465,27/03/2025,快操,沙田,全天候,沙田 全天候,,54.5,54.5,29.6 24.9,,助手,,快操,PH,29.6 24.9 (54.5) (助手)
H465,27/03/2025,踱步,沙田,飛機場,沙田 飛機場,,,,,,助手,,踱步,PH,飛機場 踱步 (助手)
H465,26/03/2025,游水,沙田,,沙田,,,,,,,,游水,,
H465,26/03/2025,踱步,沙田,內圈,沙田 內圈,,,,,,助手,,快踱一圈,PH,內圈 快踱一圈 (助手)
H465,25/03/2025,游水,沙田,,沙田,,,,,,,,游水,,
H465,25/03/2025,踱步,沙田,內圈,沙田 內圈,,,,,,助手,,快踱一圈,PH,內圈 快踱一圈 (助手)
H465,24/03/2025,游水,沙田,,沙田,,,,,,,,游水,,
H465,24/03/2025,踱步,沙田,內圈,沙田 內圈,,,,,,助手,,倒快兩圈,H,內圈 倒快兩圈 (助手)
H465,23/03/2025,游水,沙田,,沙田,,,,,,,,游水,,
H465,23/03/2025,快操,沙田,全天候,沙田 全天候,,54.9,54.9,30.2 24.7,,助手,,快操,PH,30.2 24.7 (54.9) (助手)
H465,23/03/2025,踱步,沙田,飛機場,沙田 飛機場,,,,,,助手,,踱步,PH,飛機場 踱步 (助手)
H465,22/03/2025,游水,沙田,,沙田,,,,,,,,游水,,
H465,22/03/2025,踱步,沙田,內圈,沙田 內圈,,,,,,助手,,快踱一圈,PH,內圈 快踱一圈 (助手)
H465,21/03/2025,游水,沙田,,沙田,,,,,,,,游水,,
H465,21/03/2025,踱步,沙田,內圈,沙田 內圈,,,,,,助手,,快踱一圈,PH,內圈 快踱一圈 (助手)
H465,20/03/2025,游水,沙田,,沙田,,,,,,,,游水,,
H465,20/03/2025,踱步,沙田,內圈,沙田 內圈,,,,,,助手,,倒快兩圈,PH,內圈 倒快兩圈 (助手)
H465,19/03/2025,游水,沙田,,沙田,,,,,,,,游水,,
H465,19/03/2025,踱步,沙田,內圈,沙田 內圈,,,,,,助手,,快踱一圈,PH,內圈 快踱一圈 (助手)
H465,18/03/2025,游水,沙田,,沙田,,,,,,,,游水,,
H465,15/03/2025,出賽,沙田,草地,沙田 草地,1200M,,,,,奧爾民,4/12,出賽,PC/TT,1200M (奧爾民) (4/12)
H465,15/03/2025,踱步,沙田,飛機場,沙田 飛機場,,,,,,助手,,踱步,PH,飛機場 踱步 (助手)
H465,14/03/2025,游水,沙田,,沙田,,,,,,,,游水,,
H465,14/03/2025,踱步,沙田,內圈,沙田 內圈,,,,,,助手,,快踱一圈,PH,內圈 快踱一圈 (助手)
H465,13/03/2025,游水,沙田,,沙田,,,,,,,,游水,,
H465,13/03/2025,踱步,沙田,內圈,沙田 內圈,,,,,,助手,,倒快一圈,PH,內圈 倒快一圈 (助手)
H465,12/03/2025,游水,沙田,,沙田,,,,,,,,游水,,
H465,12/03/2025,快操,沙田,全天候,沙田 全天候,,53.0,53.0,28.8 24.2,,奧爾民,,樂勝天下,PH,28.8 24.2 (53.0) (奧爾民) 樂勝天下
H465,12/03/2025,踱步,沙田,飛機場,沙田 飛機場,,,,,,助手,,踱步,PH,飛機場 踱步 (助手)
H465,11/03/2025,游水,沙田,,沙田,,,,,,,,游水,,
H465,11/03/2025,踱步,沙田,內圈,沙田 內圈,,,,,,助手,,快踱一圈,PH,內圈 快踱一圈 (助手)
H465,10/03/2025,游水,沙田,,沙田,,,,,,,,游水,,
H465,10/03/2025,踱步,沙田,內圈,沙田 內圈,,,,,,助手,,倒快兩圈,PH,內圈 倒快兩圈 (助手)
H465,09/03/2025,游水,沙田,,沙田,,,,,,,,游水,,
H465,09/03/2025,快操,沙田,全天候,沙田 全天候,,54.5,54.5,30.0 24.5,,助手,,快操,PH,30.0 24.5 (54.5) (助手)
H465,09/03/2025,踱步,沙田,飛機場,沙田 飛機場,,,,,,助手,,踱步,PH,飛機場 踱步 (助手)
H465,08/03/2025,游水,沙田,,沙田,,,,,,,,游水,,
H465,08/03/2025,踱步,沙田,內圈,沙田 內圈,,,,,,助手,,快踱一圈,PH,內圈 快踱一圈 (助手)
H465,07/03/2025,游水,沙田,,沙田,,,,,,,,游水,,
H465,07/03/2025,踱步,沙田,內圈,沙田 內圈,,,,,,助手,,快踱一圈,PH,內圈 快踱一圈 (助手)
H465,06/03/2025,游水,沙田,,沙田,,,,,,,,游水,,
H465,06/03/2025,踱步,沙田,內圈,沙田 內圈,,,,,,助手,,倒快一圈,PH,內圈 倒快一圈 (助手)
H465,05/03/2025,游水,沙田,,沙田,,,,,,,,游水,,
H465,04/03/2025,游水,沙田,,沙田,,,,,,,,游水,,
H465,02/03/2025,出賽,沙田,草地,沙田 草地,1200M,,,,,奧爾民,1/14,出賽,PC/TT,1200M (奧爾民) (1/14)
H465,02/03/2025,踱步,沙田,飛機場,沙田 飛機場,,,,,,助手,,踱步,PH,飛機場 踱步 (助手)
H465,01/03/2025,游水,沙田,,沙田,,,,,,,,游水,,
H465,01/03/2025,踱步,沙田,內圈,沙田 內圈,,,,,,助手,,快踱一圈,PH,內圈 快踱一圈 (助手)
H465,28/02/2025,游水,沙田,,沙田,,,,,,,,游水,,
H465,28/02/2025,踱步,沙田,內圈,沙田 內圈,,,,,,助手,,快踱一圈,PH,內圈 快踱一圈 (助手)
H465,27/02/2025,游水,沙田,,沙田,,,,,,,,游水,,
H465,27/02/2025,快操,沙田,全天候,沙田 全天候,,52.9,52.9,30.2 22.7,,奧爾民,,快操,P,30.2 22.7 (52.9) (奧爾民)
H465,27/02/2025,踱步,沙田,飛機場,沙田 飛機場,,,,,,助手,,踱步,H,飛機場 踱步 (助手)
H465,26/02/2025,游水,沙田,,沙田,,,,,,,,游水,,
H465,26/02/2025,踱步,沙田,內圈,沙田 內圈,,,,,,助手,,快踱一圈,H,內圈 快踱一圈 (助手)
H465,25/02/2025,游水,沙田,,沙田,,,,,,,,游水,,
H465,25/02/2025,踱步,沙田,內圈,沙田 內圈,,,,,,助手,,快踱一圈,PH,內圈 快踱一圈 (助手)
H465,24/02/2025,游水,沙田,,沙田,,,,,,,,游水,,
H465,24/02/2025,踱步,沙田,內圈,沙田 內圈,,,,,,助手,,倒快兩圈,PH,內圈 倒快兩圈 (助手)
H465,23/02/2025,游水,沙田,,沙田,,,,,,,,游水,,
H465,23/02/2025,踱步,沙田,內圈,沙田 內圈,,,,,,助手,,快踱一圈,PH,內圈 快踱一圈 (助手)
H465,22/02/2025,游水,沙田,,沙田,,,,,,,,游水,,
H465,21/02/2025,試閘,沙田,全天候,沙田 全天候,1200M,1.10.20,70.2,24.1 22.6 23.5,旺旺快駒,奧爾民,,第2組,PC,第2組 (奧爾民) 1200M 旺旺快駒 24.1 22.6 23.5 (1.10.20)
H465,20/02/2025,游水,沙田,,沙田,,,,,,,,游水,,
H465,20/02/2025,踱步,沙田,內圈,沙田 內圈,,,,,,助手,,倒快兩圈,PH,內圈 倒快兩圈 (助手)
H465,19/02/2025,游水,沙田,,沙田,,,,,,,,游水,,
H465,18/02/2025,游水,沙田,,沙田,,,,,,,,游水,,
H465,18/02/2025,快操,沙田,全天候,沙田 全天候,,54.7,54.7,30.2 24.5,,助手,,快操,PH,30.2 24.5 (54.7) (助手)
H465,17/02/2025,游水,沙田,,沙田,,,,,,,,游水,,
H465,17/02/2025,踱步,沙田,內圈,沙田 內圈,,,,,,助手,,倒快兩圈,H,內圈 倒快兩圈 (助手)
H465,16/02/2025,游水,沙田,,沙田,,,,,,,,游水,,
H465,16/02/2025,踱步,沙田,內圈,沙田 內圈,,,,,,助手,,快踱一圈,H,內圈 快踱一圈 (助手)
H465,15/02/2025,游水,沙田,,沙田,,,,,,,,游水,,
H465,15/02/2025,踱步,沙田,內圈,沙田 內圈,,,,,,助手,,快踱兩圈,PH,內圈 快踱兩圈 (助手)
H465,14/02/2025,游水,沙田,,沙田,,,,,,,,游水,,
H465,14/02/2025,快操,沙田,全天候,沙田 全天候,,56.0,56.0,31.3 24.7,,助手,,快操,PH,31.3 24.7 (56.0) (助手)
H465,14/02/2025,踱步,沙田,飛機場,沙田 飛機場,,,,,,助手,,踱步,PH,飛機場 踱步 (助手)
H465,13/02/2025,游水,沙田,,沙田,,,,,,,,游水,,
H465,13/02/2025,踱步,沙田,內圈,沙田 內圈,,,,,,助手,,倒快兩圈,PH,內圈 倒快兩圈 (助手)
H465,12/02/2025,游水,沙田,,沙田,,,,,,,,游水,,
H465,12/02/2025,踱步,沙田,內圈,沙田 內圈,,,,,,助手,,快踱一圈,H,內圈 快踱一圈 (助手)
H465,11/02/2025,游水,沙田,,沙田,,,,,,,,游水,,
H465,11/02/2025,踱步,沙田,內圈,沙田 內圈,,,,,,助手,,快踱一圈,H,內圈 快踱一圈 (助手)
H465,10/02/2025,游水,沙田,,沙田,,,,,,,,游水,,
H465,10/02/2025,快操,沙田,全天候,沙田 全天候,,56.4,56.4,30.9 25.5,,助手,,快操,PH,30.9 25.5 (56.4) (助手)
H465,10/02/2025,踱步,沙田,飛機場,沙田 飛機場,,,,,,助手,,踱步,PH,飛機場 踱步 (助手)
H465,09/02/2025,游水,沙田,,沙田,,,,,,,,游水,,
H465,09/02/2025,踱步,沙田,內圈,沙田 內圈,,,,,,助手,,快踱一圈,PH,內圈 快踱一圈 (助手)
H465,08/02/2025,游水,沙田,,沙田,,,,,,,,游水,,
H465,08/02/2025,踱步,沙田,內圈,沙田 內圈,,,,,,助手,,快踱一圈,PH,內圈 快踱一圈 (助手)
H465,07/02/2025,游水,沙田,,沙田,,,,,,,,游水,,
H465,07/02/2025,快操,沙田,全天候,沙田 全天候,,53.7,53.7,28.0 25.7,,巫顯東,,快操,PH,28.0 25.7 (53.7) (巫顯東)
H465,07/02/2025,踱步,沙田,飛機場,沙田 飛機場,,,,,,巫顯東,,踱步,H,飛機場 踱步 (巫顯東)
H465,06/02/2025,游水,沙田,,沙田,,,,,,,,游水,,
H465,06/02/2025,踱步,沙田,內圈,沙田 內圈,,,,,,助手,,倒快兩圈,PH,內圈 倒快兩圈 (助手)
H465,05/02/2025,游水,沙田,,沙田,,,,,,,,游水,,
H465,05/02/2025,踱步,沙田,內圈,沙田 內圈,,,,,,助手,,快踱一圈,PH,內圈 快踱一圈 (助手)
H465,04/02/2025,游水,沙田,,沙田,,,,,,,,游水,,
H465,04/02/2025,踱步,沙田,內圈,沙田 內圈,,,,,,助手,,快踱一圈,H,內圈 快踱一圈 (助手)
H465,03/02/2025,游水,沙田,,沙田,,,,,,,,游水,,
H465,03/02/2025,踱步,沙田,內圈,沙田 內圈,,,,,,助手,,倒快一圈,H,內圈 倒快一圈 (助手)
H465,31/01/2025,出賽,沙田,草地,沙田 草地,1200M,,,,,苗傑美,5/14,出賽,PC/TT,1200M (苗傑美) (5/14)
H465,31/01/2025,踱步,沙田,飛機場,沙田 飛機場,,,,,,助手,,踱步,H,飛機場 踱步 (助手)
H465,30/01/2025,游水,沙田,,沙田,,,,,,,,游水,,
H465,30/01/2025,踱步,沙田,內圈,沙田 內圈,,,,,,助手,,倒快兩圈,PH,內圈 倒快兩圈 (助手)
H465,28/01/2025,游水,沙田,,沙田,,,,,,,,游水,,
H465,28/01/2025,踱步,沙田,內圈,沙田 內圈,,,,,,助手,,快踱一圈,PH,內圈 快踱一圈 (助手)
H465,27/01/2025,快操,從化,全天候,從化 全天候,,55.8,55.8,29.6 26.2,,助手,,快操,H,29.6 26.2 (55.8) (助手)
H465,27/01/2025,踱步,從化,飛機場,從化 飛機場,,,,,,助手,,踱步,H,飛機場 踱步 (助手)
H465,26/01/2025,游水,從化,,從化,,,,,,,,游水,,
H465,26/01/2025,踱步,從化,內圈,從化 內圈,,,,,,助手,,快踱一圈,H,內圈 快踱一圈 (助手)
H465,25/01/2025,游水,從化,,從化,,,,,,,,游水,,
H465,25/01/2025,踱步,從化,內圈,從化 內圈,,,,,,助手,,快踱一圈,H,內圈 快踱一圈 (助手)
H465,24/01/2025,游水,從化,,從化,,,,,,,,游水,,
H465,24/01/2025,踱步,從化,內圈,從化 內圈,,,,,,助手,,快踱一圈,H,內圈 快踱一圈 (助手)
H465,23/01/2025,游水,從化,,從化,,,,,,,,游水,,
H465,23/01/2025,踱步,從化,內圈,從化 內圈,,,,,,助手,,倒快一圈,H,內圈 倒快一圈 (助手)
H465,22/01/2025,游水,從化,,從化,,,,,,,,游水,,
H465,22/01/2025,踱步,從化,飛機場,從化 飛機場,,,,,,助手,,踱步,,飛機場 踱步 (助手)
H465,21/01/2025,游水,從化,,從化,,,,,,,,游水,,
H465,20/01/2025,試閘,從化,草地,從化 草地,1000M,0.58.81,58.81,13.5 22.2 23.1,燈胆將軍,梁家俊,,第3組,V,第3組 (梁家俊) 1000M 燈胆將軍 13.5 22.2 23.1 (0.58.81)
H465,20/01/2025,踱步,從化,飛機場,從化 飛機場,,,,,,助手,,踱步,V,飛機場 踱步 (助手)
H465,19/01/2025,游水,從化,,從化,,,,,,,,游水,,
H465,19/01/2025,踱步,從化,內圈,從化 內圈,,,,,,助手,,快踱一圈,H,內圈 快踱一圈 (助手)
H465,18/01/2025,踱步,從化,內圈,從化 內圈,,,,,,助手,,快踱一圈,H,內圈 快踱一圈 (助手)
H465,17/01/2025,游水,從化,,從化,,,,,,,,游水,,
H465,17/01/2025,踱步,從化,內圈,從化 內圈,,,,,,助手,,快踱一圈,H,內圈 快踱一圈 (助手)
H465,16/01/2025,游水,從化,,從化,,,,,,,,游水,,
H465,16/01/2025,快操,從化,全天候,從化 全天候,,55.9,55.9,31.2 24.7,,助手,,快操,H,31.2 24.7 (55.9) (助手)
H465,16/01/2025,踱步,從化,飛機場,從化 飛機場,,,,,,助手,,踱步,H,飛機場 踱步 (助手)
H465,15/01/2025,游水,從化,,從化,,,,,,,,游水,,
H465,15/01/2025,踱步,從化,內圈,從化 內圈,,,,,,助手,,快踱一圈,H,內圈 快踱一圈 (助手)
H465,14/01/2025,游水,從化,,從化,,,,,,,,游水,,
H465,14/01/2025,踱步,從化,內圈,從化 內圈,,,,,,助手,,快踱一圈,H,內圈 快踱一圈 (助手)
H465,13/01/2025,游水,從化,,從化,,,,,,,,游水,,
H465,13/01/2025,踱步,從化,內圈,從化 內圈,,,,,,助手,,倒快兩圈,H,內圈 倒快兩圈 (助手)
H465,12/01/2025,游水,從化,,從化,,,,,,,,游水,,
H465,11/01/2025,快操,從化,全天候,從化 全天候,,56.5,56.5,30.4 26.1,,助手,,準輝煌,H,30.4 26.1 (56.5) (助手) 準輝煌
H465,11/01/2025,踱步,從化,飛機場,從化 飛機場,,,,,,助手,,踱步,H,飛機場 踱步 (助手)
H465,10/01/2025,踱步,從化,內圈,從化 內圈,,,,,,助手,,快踱一圈,H,內圈 快踱一圈 (助手)
H465,09/01/2025,游水,從化,,從化,,,,,,,,游水,,
H465,09/01/2025,踱步,從化,內圈,從化 內圈,,,,,,助手,,倒快兩圈,H,內圈 倒快兩圈 (助手)
H465,08/01/2025,游水,從化,,從化,,,,,,,,游水,,
H465,08/01/2025,踱步,從化,內圈,從化 內圈,,,,,,助手,,快踱一圈,H,內圈 快踱一圈 (助手)
H465,07/01/2025,游水,從化,,從化,,,,,,,,游水,,
H465,07/01/2025,快操,從化,全天候,從化 全天候,,55.8,55.8,31.1 24.7,,助手,,快操,H,31.1 24.7 (55.8) (助手)
H465,07/01/2025,踱步,從化,飛機場,從化 飛機場,,,,,,助手,,踱步,H,飛機場 踱步 (助手)
H465,06/01/2025,游水,從化,,從化,,,,,,,,游水,,
H465,06/01/2025,踱步,從化,內圈,從化 內圈,,,,,,助手,,倒快兩圈,H,內圈 倒快兩圈 (助手)
H465,05/01/2025,游水,從化,,從化,,,,,,,,游水,,
H465,05/01/2025,踱步,從化,內圈,從化 內圈,,,,,,助手,,快踱一圈,H,內圈 快踱一圈 (助手)
H465,04/01/2025,游水,從化,,從化,,,,,,,,游水,,
H465,04/01/2025,踱步,從化,內圈,從化 內圈,,,,,,助手,,快踱一圈,H,內圈 快踱一圈 (助手)
H465,03/01/2025,游水,從化,,從化,,,,,,,,游水,,
H465,03/01/2025,快操,從化,全天候,從化 全天候,,54.2,54.2,29.8 24.4,,助手,,快操,H,29.8 24.4 (54.2) (助手)
H465,03/01/2025,踱步,從化,飛機場,從化 飛機場,,,,,,助手,,踱步,H,飛機場 踱步 (助手)
H465,02/01/2025,游水,從化,,從化,,,,,,,,游水,,
H465,02/01/2025,踱步,從化,內圈,從化 內圈,,,,,,助手,,倒快兩圈,H,內圈 倒快兩圈 (助手)
H465,01/01/2025,游水,從化,,從化,,,,,,,,游水,,
H465,01/01/2025,踱步,從化,內圈,從化 內圈,,,,,,助手,,快踱一圈,H,內圈 快踱一圈 (助手)
H465,31/12/2024,游水,沙田,,沙田,,,,,,,,游水,,
H465,31/12/2024,踱步,沙田,內圈,沙田 內圈,,,,,,助手,,快踱一圈,PH,內圈 快踱一圈 (助手)
H465,30/12/2024,游水,沙田,,沙田,,,,,,,,游水,,
H465,30/12/2024,踱步,沙田,內圈,沙田 內圈,,,,,,助手,,倒快一圈,H,內圈 倒快一圈 (助手)
H465,29/12/2024,游水,沙田,,沙田,,,,,,,,游水,,
H465,29/12/2024,踱步,沙田,內圈,沙田 內圈,,,,,,助手,,快踱一圈,H,內圈 快踱一圈 (助手)
H465,28/12/2024,游水,沙田,,沙田,,,,,,,,游水,,
H465,28/12/2024,踱步,沙田,內圈,沙田 內圈,,,,,,助手,,快踱一圈,H,內圈 快踱一圈 (助手)
H465,26/12/2024,出賽,跑馬地,草地,跑馬地 草地,1200M,,,,,潘明輝,9/11,出賽,PC/TT,1200M (潘明輝) (9/11)
H465,26/12/2024,踱步,沙田,內圈,沙田 內圈,,,,,,助手,,倒快一圈,H,內圈 倒快一圈 (助手)
H465,25/12/2024,游水,沙田,,沙田,,,,,,,,游水,,
H465,25/12/2024,踱步,沙田,內圈,沙田 內圈,,,,,,助手,,快踱一圈,H,內圈 快踱一圈 (助手)
H465,24/12/2024,游水,從化,,從化,,,,,,,,游水,,
H465,24/12/2024,踱步,從化,內圈,從化 內圈,,,,,,助手,,快踱一圈,H,內圈 快踱一圈 (助手)
H465,23/12/2024,游水,從化,,從化,,,,,,,,游水,,
H465,23/12/2024,踱步,從化,內圈,從化 內圈,,,,,,助手,,倒快一圈,H,內圈 倒快一圈 (助手)
H465,22/12/2024,游水,從化,,從化,,,,,,,,游水,,
H465,22/12/2024,快操,從化,全天候,從化 全天候,,55.4,55.4,29.8 25.6,,助手,,快操,H,29.8 25.6 (55.4) (助手)
H465,22/12/2024,踱步,從化,飛機場,從化 飛機場,,,,,,助手,,踱步,H,飛機場 踱步 (助手)
H465,21/12/2024,游水,從化,,從化,,,,,,,,游水,,
H465,21/12/2024,踱步,從化,內圈,從化 內圈,,,,,,助手,,快踱一圈,H,內圈 快踱一圈 (助手)
H465,20/12/2024,踱步,從化,內圈,從化 內圈,,,,,,助手,,快踱一圈,H,內圈 快踱一圈 (助手)
H465,19/12/2024,游水,從化,,從化,,,,,,,,游水,,
H465,19/12/2024,快操,從化,全天候,從化 全天候,,56.1,56.1,31.1 25.0,,助手,,快操,H,31.1 25.0 (56.1) (助手)
H465,19/12/2024,踱步,從化,飛機場,從化 飛機場,,,,,,助手,,踱步,H,飛機場 踱步 (助手)
H465,18/12/2024,游水,從化,,從化,,,,,,,,游水,,
H465,18/12/2024,踱步,從化,內圈,從化 內圈,,,,,,助手,,快踱一圈,H,內圈 快踱一圈 (助手)
H465,17/12/2024,游水,從化,,從化,,,,,,,,游水,,
H465,17/12/2024,踱步,從化,內圈,從化 內圈,,,,,,助手,,快踱一圈,H,內圈 快踱一圈 (助手)
H465,16/12/2024,踱步,從化,內圈,從化 內圈,,,,,,助手,,倒快一圈,H,內圈 倒快一圈 (助手)
H465,13/12/2024,試閘,從化,草地,從化 草地,1200M,1.11.39,71.39,24.6 22.8 23.9,經典時代,潘明輝,,第8組,,第8組 (潘明輝) 1200M 經典時代 24.6 22.8 23.9 (1.11.39)
H465,13/12/2024,踱步,從化,飛機場,從化 飛機場,,,,,,助手,,踱步,,飛機場 踱步 (助手)
H465,12/12/2024,游水,從化,,從化,,,,,,,,游水,,
H465,12/12/2024,踱步,從化,內圈,從化 內圈,,,,,,助手,,倒快一圈,H,內圈 倒快一圈 (助手)
H465,11/12/2024,游水,從化,,從化,,,,,,,,游水,,
H465,11/12/2024,快操,從化,全天候,從化 全天候,,57.1,57.1,30.4 26.7,,助手,,快操,H,30.4 26.7 (57.1) (助手)
H465,11/12/2024,踱步,從化,飛機場,從化 飛機場,,,,,,助手,,踱步,H,飛機場 踱步 (助手)
H465,10/12/2024,游水,從化,,從化,,,,,,,,游水,,
H465,10/12/2024,踱步,從化,內圈,從化 內圈,,,,,,助手,,快踱一圈,H,內圈 快踱一圈 (助手)
H465,09/12/2024,游水,從化,,從化,,,,,,,,游水,,
H465,09/12/2024,踱步,從化,內圈,從化 內圈,,,,,,助手,,倒快兩圈,H,內圈 倒快兩圈 (助手)
H465,08/12/2024,游水,從化,,從化,,,,,,,,游水,,
H465,07/12/2024,游水,從化,,從化,,,,,,,,游水,,
H465,07/12/2024,快操,從化,全天候,從化 全天候,,55.7,55.7,30.4 25.3,,助手,,快操,H,30.4 25.3 (55.7) (助手)
H465,07/12/2024,踱步,從化,飛機場,從化 飛機場,,,,,,助手,,踱步,H,飛機場 踱步 (助手)
H465,06/12/2024,游水,從化,,從化,,,,,,,,游水,,
H465,06/12/2024,踱步,從化,內圈,從化 內圈,,,,,,助手,,快踱一圈,H,內圈 快踱一圈 (助手)
H465,05/12/2024,游水,從化,,從化,,,,,,,,游水,,
H465,05/12/2024,踱步,從化,內圈,從化 內圈,,,,,,助手,,倒快兩圈,H,內圈 倒快兩圈 (助手)
H465,04/12/2024,游水,從化,,從化,,,,,,,,游水,,
H465,04/12/2024,踱步,從化,內圈,從化 內圈,,,,,,助手,,快踱一圈,H,內圈 快踱一圈 (助手)
H465,03/12/2024,游水,從化,,從化,,,,,,,,游水,,
H465,03/12/2024,快操,從化,登山跑道,從化 登山跑道,,51.9,51.9,26.7 25.2,,助手,,快操,H/P,26.7 25.2 (51.9) (助手)
H465,03/12/2024,踱步,從化,飛機場,從化 飛機場,,,,,,助手,,踱步,H/P,飛機場 踱步 (助手)
H465,02/12/2024,游水,從化,,從化,,,,,,,,游水,,
H465,02/12/2024,踱步,從化,內圈,從化 內圈,,,,,,助手,,倒快兩圈,H/P,內圈 倒快兩圈 (助手)
H465,01/12/2024,游水,從化,,從化,,,,,,,,游水,,
H465,01/12/2024,踱步,從化,內圈,從化 內圈,,,,,,助手,,快踱一圈,H/P,內圈 快踱一圈 (助手)
H465,30/11/2024,游水,從化,,從化,,,,,,,,游水,,
H465,30/11/2024,踱步,從化,內圈,從化 內圈,,,,,,助手,,快踱一圈,H/P,內圈 快踱一圈 (助手)
H465,29/11/2024,游水,從化,,從化,,,,,,,,游水,,
H465,29/11/2024,踱步,從化,內圈,從化 內圈,,,,,,助手,,快踱一圈,H/P,內圈 快踱一圈 (助手)
H465,28/11/2024,游水,從化,,從化,,,,,,,,游水,,
H465,28/11/2024,踱步,從化,內圈,從化 內圈,,,,,,助手,,倒快兩圈,H/P,內圈 倒快兩圈 (助手)
H465,27/11/2024,游水,從化,,從化,,,,,,,,游水,,
H465,27/11/2024,踱步,從化,內圈,從化 內圈,,,,,,助手,,快踱一圈,H/P,內圈 快踱一圈 (助手)
H465,26/11/2024,游水,從化,,從化,,,,,,,,游水,,
H465,26/11/2024,踱步,從化,內圈,從化 內圈,,,,,,助手,,快踱一圈,H/P,內圈 快踱一圈 (助手)
H465,25/11/2024,游水,沙田,,沙田,,,,,,,,游水,,
H465,25/11/2024,踱步,沙田,內圈,沙田 內圈,,,,,,助手,,倒快一圈,H,內圈 倒快一圈 (助手)
H465,24/11/2024,游水,沙田,,沙田,,,,,,,,游水,,
H465,24/11/2024,踱步,沙田,飛機場,沙田 飛機場,,,,,,助手,,踱步,PH,飛機場 踱步 (助手)
H465,20/11/2024,出賽,跑馬地,草地,跑馬地 草地,1650M,,,,,艾道拿,8/12,出賽,PC/TT,1650M (艾道拿) (8/12)
H465,20/11/2024,踱步,沙田,飛機場,沙田 飛機場,,,,,,助手,,踱步,PH,飛機場 踱步 (助手)
H465,19/11/2024,游水,沙田,,沙田,,,,,,,,游水,,
H465,19/11/2024,踱步,沙田,內圈,沙田 內圈,,,,,,助手,,快踱一圈,PH,內圈 快踱一圈 (助手)
H465,18/11/2024,游水,沙田,,沙田,,,,,,,,游水,,
H465,18/11/2024,快操,沙田,全天候,沙田 全天候,,55.4,55.4,30.7 24.7,,助手,,快操,PH,30.7 24.7 (55.4) (助手)
H465,18/11/2024,踱步,沙田,飛機場,沙田 飛機場,,,,,,助手,,踱步,PH,飛機場 踱步 (助手)
H465,17/11/2024,游水,沙田,,沙田,,,,,,,,游水,,
H465,17/11/2024,踱步,沙田,內圈,沙田 內圈,,,,,,助手,,快踱一圈,PH,內圈 快踱一圈 (助手)
H465,16/11/2024,游水,沙田,,沙田,,,,,,,,游水,,
H465,16/11/2024,踱步,沙田,內圈,沙田 內圈,,,,,,助手,,快踱一圈,PH,內圈 快踱一圈 (助手)
H465,15/11/2024,游水,沙田,,沙田,,,,,,,,游水,,
H465,15/11/2024,快操,沙田,全天候,沙田 全天候,,1.29.5,89.5,33.5 30.3 25.7,,艾道拿,,快操,,33.5 30.3 25.7 (1.29.5) (艾道拿)
H465,15/11/2024,踱步,沙田,飛機場,沙田 飛機場,,,,,,助手,,踱步,PH,飛機場 踱步 (助手)
H465,14/11/2024,游水,沙田,,沙田,,,,,,,,游水,,
H465,13/11/2024,游水,沙田,,沙田,,,,,,,,游水,,
H465,13/11/2024,踱步,沙田,內圈,沙田 內圈,,,,,,助手,,快踱一圈,PH,內圈 快踱一圈 (助手)
H465,12/11/2024,游水,沙田,,沙田,,,,,,,,游水,,
H465,12/11/2024,踱步,沙田,內圈,沙田 內圈,,,,,,助手,,快踱一圈,PH,內圈 快踱一圈 (助手)
H465,11/11/2024,游水,沙田,,沙田,,,,,,,,游水,,
H465,11/11/2024,踱步,沙田,內圈,沙田 內圈,,,,,,助手,,倒快兩圈,H,內圈 倒快兩圈 (助手)
H465,10/11/2024,游水,沙田,,沙田,,,,,,,,游水,,
H465,09/11/2024,游水,沙田,,沙田,,,,,,,,游水,,
H465,09/11/2024,快操,沙田,全天候,沙田 全天候,,1.23.6,83.6,31.5 28.4 23.7,,助手,,有鴻利,PH,31.5 28.4 23.7 (1.23.6) (助手) 有鴻利
H465,09/11/2024,踱步,沙田,飛機場,沙田 飛機場,,,,,,助手,,踱步,PH,飛機場 踱步 (助手)
H465,08/11/2024,游水,沙田,,沙田,,,,,,,,游水,,
H465,08/11/2024,踱步,沙田,內圈,沙田 內圈,,,,,,助手,,快踱一圈,H,內圈 快踱一圈 (助手)
H465,07/11/2024,游水,沙田,,沙田,,,,,,,,游水,,
H465,07/11/2024,踱步,沙田,內圈,沙田 內圈,,,,,,助手,,倒快兩圈,PH,內圈 倒快兩圈 (助手)
H465,06/11/2024,游水,沙田,,沙田,,,,,,,,游水,,
H465,06/11/2024,踱步,沙田,內圈,沙田 內圈,,,,,,助手,,快踱一圈,PH,內圈 快踱一圈 (助手)
H465,05/11/2024,游水,沙田,,沙田,,,,,,,,游水,,
H465,05/11/2024,踱步,沙田,內圈,沙田 內圈,,,,,,助手,,快踱一圈,PH,內圈 快踱一圈 (助手)
H465,04/11/2024,游水,沙田,,沙田,,,,,,,,游水,,
H465,04/11/2024,踱步,沙田,內圈,沙田 內圈,,,,,,助手,,倒快兩圈,H,內圈 倒快兩圈 (助手)
H465,03/11/2024,游水,沙田,,沙田,,,,,,,,游水,,
H465,03/11/2024,踱步,沙田,內圈,沙田 內圈,,,,,,助手,,快踱一圈,H,內圈 快踱一圈 (助手)
H465,02/11/2024,游水,沙田,,沙田,,,,,,,,游水,,
H465,31/10/2024,踱步,沙田,飛機場,沙田 飛機場,,,,,,助手,,踱步,H,飛機場 踱步 (助手)
H465,30/10/2024,出賽,跑馬地,草地,跑馬地 草地,1650M,,,,,霍宏聲,11/12,出賽,PC/TT,1650M (霍宏聲) (11/12)
H465,30/10/2024,踱步,沙田,飛機場,沙田 飛機場,,,,,,助手,,踱步,PH,飛機場 踱步 (助手)
H465,29/10/2024,游水,沙田,,沙田,,,,,,,,游水,,
H465,29/10/2024,踱步,沙田,內圈,沙田 內圈,,,,,,助手,,快踱一圈,PH,內圈 快踱一圈 (助手)
H465,28/10/2024,游水,沙田,,沙田,,,,,,,,游水,,
H465,28/10/2024,踱步,沙田,內圈,沙田 內圈,,,,,,助手,,倒快兩圈,PH,內圈 倒快兩圈 (助手)
H465,26/10/2024,游水,沙田,,沙田,,,,,,,,游水,,
H465,26/10/2024,快操,沙田,全天候,沙田 全天候,,1.27.2,87.2,32.1 29.1 26.0,,助手,,快操,PH,32.1 29.1 26.0 (1.27.2) (助手)
H465,25/10/2024,游水,沙田,,沙田,,,,,,,,游水,,
H465,25/10/2024,踱步,沙田,內圈,沙田 內圈,,,,,,助手,,快踱一圈,PH,內圈 快踱一圈 (助手)
H465,24/10/2024,游水,沙田,,沙田,,,,,,,,游水,,
H465,24/10/2024,踱步,沙田,內圈,沙田 內圈,,,,,,助手,,倒快兩圈,H,內圈 倒快兩圈 (助手)
H465,23/10/2024,游水,沙田,,沙田,,,,,,,,游水,,
H465,23/10/2024,快操,沙田,全天候,沙田 全天候,,1.27.5,87.5,31.6 29.9 26.0,,助手,,快操,PH,31.6 29.9 26.0 (1.27.5) (助手)
H465,23/10/2024,踱步,沙田,飛機場,沙田 飛機場,,,,,,助手,,踱步,PH,飛機場 踱步 (助手)
H465,22/10/2024,游水,沙田,,沙田,,,,,,,,游水,,
H465,22/10/2024,踱步,沙田,內圈,沙田 內圈,,,,,,助手,,快踱一圈,PH,內圈 快踱一圈 (助手)
H465,21/10/2024,游水,沙田,,沙田,,,,,,,,游水,,
H465,21/10/2024,踱步,沙田,內圈,沙田 內圈,,,,,,助手,,倒快兩圈,H,內圈 倒快兩圈 (助手)
H465,20/10/2024,游水,沙田,,沙田,,,,,,,,游水,,
H465,20/10/2024,踱步,沙田,內圈,沙田 內圈,,,,,,助手,,快踱一圈,PH,內圈 快踱一圈 (助手)
H465,19/10/2024,游水,沙田,,沙田,,,,,,,,游水,,
H465,19/10/2024,踱步,沙田,內圈,沙田 內圈,,,,,,助手,,快踱一圈,H,內圈 快踱一圈 (助手)
H465,18/10/2024,踱步,沙田,內圈,沙田 內圈,,,,,,助手,,快踱一圈,PH,內圈 快踱一圈 (助手)
H465,16/10/2024,出賽,跑馬地,草地,跑馬地 草地,1200M,,,,,霍宏聲,7/12,出賽,PC/TT1,1200M (霍宏聲) (7/12)
H465,16/10/2024,踱步,沙田,飛機場,沙田 飛機場,,,,,,助手,,踱步,PH,飛機場 踱步 (助手)
H465,15/10/2024,游水,沙田,,沙田,,,,,,,,游水,,
H465,15/10/2024,踱步,沙田,內圈,沙田 內圈,,,,,,助手,,快踱一圈,PH,內圈 快踱一圈 (助手)
H465,14/10/2024,游水,沙田,,沙田,,,,,,,,游水,,
H465,14/10/2024,踱步,沙田,內圈,沙田 內圈,,,,,,助手,,倒快兩圈,PH,內圈 倒快兩圈 (助手)
H465,13/10/2024,游水,沙田,,沙田,,,,,,,,游水,,
H465,13/10/2024,踱步,沙田,內圈,沙田 內圈,,,,,,助手,,快踱一圈,H,內圈 快踱一圈 (助手)
H465,12/10/2024,游水,從化,,從化,,,,,,,,游水,,
H465,12/10/2024,踱步,從化,飛機場,從化 飛機場,,,,,,助手,,踱步,,飛機場 踱步 (助手)
H465,10/10/2024,試閘,從化,草地,從化 草地,1200M,1.13.20,73.2,25.7 24.2 23.3,着着領先,霍宏聲,,第9組,PC,第9組 (霍宏聲) 1200M 着着領先 25.7 24.2 23.3 (1.13.20)
H465,10/10/2024,踱步,從化,飛機場,從化 飛機場,,,,,,助手,,踱步,PC,飛機場 踱步 (助手)
H465,09/10/2024,游水,從化,,從化,,,,,,,,游水,,
H465,09/10/2024,踱步,從化,內圈,從化 內圈,,,,,,助手,,快踱一圈,H/P,內圈 快踱一圈 (助手)
H465,08/10/2024,游水,從化,,從化,,,,,,,,游水,,
H465,08/10/2024,快操,從化,全天候,從化 全天候,,1.25.6,85.6,31.6 29.5 24.5,,助手,,快操,H/P,31.6 29.5 24.5 (1.25.6) (助手)
H465,08/10/2024,踱步,從化,飛機場,從化 飛機場,,,,,,助手,,踱步,H/P,飛機場 踱步 (助手)
H465,07/10/2024,游水,從化,,從化,,,,,,,,游水,,
H465,07/10/2024,踱步,從化,內圈,從化 內圈,,,,,,助手,,倒快兩圈,H/P,內圈 倒快兩圈 (助手)
H465,06/10/2024,游水,從化,,從化,,,,,,,,游水,,
H465,06/10/2024,踱步,從化,內圈,從化 內圈,,,,,,助手,,快踱一圈,H/P,內圈 快踱一圈 (助手)
H465,05/10/2024,游水,從化,,從化,,,,,,,,游水,,
H465,05/10/2024,快操,從化,草地,從化 草地,,53.3,53.3,28.5 24.8,,助手,,快操,H/P,28.5 24.8 (53.3) (助手)
H465,05/10/2024,踱步,從化,飛機場,從化 飛機場,,,,,,助手,,踱步,H/P,飛機場 踱步 (助手)
H465,04/10/2024,游水,從化,,從化,,,,,,,,游水,,
H465,04/10/2024,踱步,從化,內圈,從化 內圈,,,,,,助手,,快踱一圈,H/P,內圈 快踱一圈 (助手)
H465,03/10/2024,游水,從化,,從化,,,,,,,,游水,,
H465,03/10/2024,踱步,從化,內圈,從化 內圈,,,,,,助手,,倒快兩圈,H/P,內圈 倒快兩圈 (助手)
H465,02/10/2024,游水,從化,,從化,,,,,,,,游水,,
H465,02/10/2024,踱步,從化,內圈,從化 內圈,,,,,,助手,,快踱一圈,H/P,內圈 快踱一圈 (助手)
H465,01/10/2024,游水,從化,,從化,,,,,,,,游水,,
H465,01/10/2024,踱步,從化,內圈,從化 內圈,,,,,,助手,,快踱一圈,H/P,內圈 快踱一圈 (助手)
H465,30/09/2024,游水,從化,,從化,,,,,,,,游水,,
H465,30/09/2024,快操,從化,全天候,從化 全天候,,56.6,56.6,29.8 26.8,,助手,,快操,H/P,29.8 26.8 (56.6) (助手)
H465,30/09/2024,踱步,從化,飛機場,從化 飛機場,,,,,,助手,,踱步,H/P,飛機場 踱步 (助手)
H465,29/09/2024,游水,從化,,從化,,,,,,,,游水,,
H465,29/09/2024,踱步,從化,內圈,從化 內圈,,,,,,助手,,快踱一圈,H/P,內圈 快踱一圈 (助手)
H465,28/09/2024,游水,從化,,從化,,,,,,,,游水,,
H465,28/09/2024,踱步,從化,內圈,從化 內圈,,,,,,助手,,快踱一圈,H/P,內圈 快踱一圈 (助手)
H465,27/09/2024,游水,從化,,從化,,,,,,,,游水,,
H465,27/09/2024,踱步,從化,內圈,從化 內圈,,,,,,助手,,快踱一圈,H/P,內圈 快踱一圈 (助手)
H465,26/09/2024,游水,從化,,從化,,,,,,,,游水,,
H465,26/09/2024,踱步,從化,內圈,從化 內圈,,,,,,助手,,倒快兩圈,H,內圈 倒快兩圈 (助手)
H465,25/09/2024,游水,從化,,從化,,,,,,,,游水,,
H465,25/09/2024,踱步,從化,內圈,從化 內圈,,,,,,助手,,快踱一圈,H/P,內圈 快踱一圈 (助手)
H465,24/09/2024,游水,從化,,從化,,,,,,,,游水,,
H465,24/09/2024,踱步,從化,內圈,從化 內圈,,,,,,助手,,快踱一圈,P,內圈 快踱一圈 (助手)
H465,23/09/2024,游水,從化,,從化,,,,,,,,游水,,
H465,23/09/2024,踱步,從化,內圈,從化 內圈,,,,,,助手,,倒快一圈,P,內圈 倒快一圈 (助手)
H465,22/09/2024,踱步,從化,飛機場,從化 飛機場,,,,,,助手,,踱步,,飛機場 踱步 (助手)
H465,21/09/2024,踱步,從化,飛機場,從化 飛機場,,,,,,助手,,踱步,,飛機場 踱步 (助手)
H465,19/09/2024,游水,沙田,,沙田,,,,,,,,游水,,
H465,15/09/2024,出賽,沙田,草地,沙田 草地,1400M,,,,,霍宏聲,10/12,出賽,PC,1400M (霍宏聲) (10/12)
H465,15/09/2024,踱步,沙田,飛機場,沙田 飛機場,,,,,,助手,,踱步,PH,飛機場 踱步 (助手)
H465,14/09/2024,游水,沙田,,沙田,,,,,,,,游水,,
H465,14/09/2024,踱步,沙田,內圈,沙田 內圈,,,,,,助手,,快踱一圈,PH,內圈 快踱一圈 (助手)
H465,13/09/2024,游水,沙田,,沙田,,,,,,,,游水,,
H465,13/09/2024,踱步,沙田,內圈,沙田 內圈,,,,,,助手,,快踱一圈,H,內圈 快踱一圈 (助手)
H465,12/09/2024,游水,沙田,,沙田,,,,,,,,游水,,
H465,12/09/2024,快操,沙田,全天候,沙田 全天候,,55.5,55.5,29.9 25.6,,助手,,快操,P,29.9 25.6 (55.5) (助手)
H465,12/09/2024,踱步,沙田,飛機場,沙田 飛機場,,,,,,助手,,踱步,PH,飛機場 踱步 (助手)
H465,11/09/2024,游水,沙田,,沙田,,,,,,,,游水,,
H465,11/09/2024,踱步,沙田,內圈,沙田 內圈,,,,,,助手,,快踱一圈,H,內圈 快踱一圈 (助手)
H465,10/09/2024,游水,沙田,,沙田,,,,,,,,游水,,
H465,10/09/2024,踱步,沙田,內圈,沙田 內圈,,,,,,助手,,快踱一圈,H,內圈 快踱一圈 (助手)
H465,09/09/2024,踱步,沙田,內圈,沙田 內圈,,,,,,助手,,倒快一圈,PH,內圈 倒快一圈 (助手)
H465,07/09/2024,試閘,沙田,全天候,沙田 全天候,1200M,1.11.21,71.21,24.4 22.6 24.2,友瑩仁,霍宏聲,,第6組,PC,第6組 (霍宏聲) 1200M 友瑩仁 24.4 22.6 24.2 (1.11.21)
H465,05/09/2024,游水,沙田,,沙田,,,,,,,,游水,,
H465,05/09/2024,快操,沙田,全天候,沙田 全天候,,54.7,54.7,29.4 25.3,,助手,,快操,PH,29.4 25.3 (54.7) (助手)
H465,05/09/2024,踱步,沙田,飛機場,沙田 飛機場,,,,,,助手,,踱步,PH,飛機場 踱步 (助手)
H465,04/09/2024,游水,沙田,,沙田,,,,,,,,游水,,
H465,04/09/2024,踱步,沙田,內圈,沙田 內圈,,,,,,助手,,快踱一圈,PH,內圈 快踱一圈 (助手)
H465,03/09/2024,游水,沙田,,沙田,,,,,,,,游水,,
H465,03/09/2024,踱步,沙田,內圈,沙田 內圈,,,,,,助手,,快踱一圈,PH,內圈 快踱一圈 (助手)
H465,02/09/2024,游水,沙田,,沙田,,,,,,,,游水,,
H465,02/09/2024,快操,沙田,全天候,沙田 全天候,,58.8,58.8,31.3 27.5,,助手,,快操,P,31.3 27.5 (58.8) (助手)
H465,02/09/2024,踱步,沙田,飛機場,沙田 飛機場,,,,,,助手,,踱步,P,飛機場 踱步 (助手)
H465,01/09/2024,游水,沙田,,沙田,,,,,,,,游水,,
H465,01/09/2024,踱步,沙田,內圈,沙田 內圈,,,,,,助手,,快踱一圈,H,內圈 快踱一圈 (助手)
H465,31/08/2024,游水,沙田,,沙田,,,,,,,,游水,,
H465,31/08/2024,踱步,沙田,內圈,沙田 內圈,,,,,,助手,,快踱一圈,PH,內圈 快踱一圈 (助手)
H465,30/08/2024,游水,沙田,,沙田,,,,,,,,游水,,
H465,30/08/2024,踱步,沙田,內圈,沙田 內圈,,,,,,助手,,快踱一圈,PH,內圈 快踱一圈 (助手)
H465,29/08/2024,游水,沙田,,沙田,,,,,,,,游水,,
H465,29/08/2024,快操,沙田,草閘,沙田 草閘,,48.7,48.7,24.3 24.4,,霍宏聲,,友誼喜悅,H,24.3 24.4 (48.7) (霍宏聲) 友誼喜悅
H465,29/08/2024,踱步,沙田,飛機場,沙田 飛機場,,,,,,助手,,踱步,PH,飛機場 踱步 (助手)
H465,28/08/2024,游水,沙田,,沙田,,,,,,,,游水,,
H465,28/08/2024,踱步,沙田,內圈,沙田 內圈,,,,,,助手,,快踱一圈,PH,內圈 快踱一圈 (助手)
H465,27/08/2024,游水,沙田,,沙田,,,,,,,,游水,,
H465,27/08/2024,踱步,沙田,飛機場,沙田 飛機場,,,,,,副練馬師,,踱步,PH,飛機場 踱步 (副練馬師)
H465,26/08/2024,游水,沙田,,沙田,,,,,,,,游水,,
H465,26/08/2024,快操,沙田,全天候,沙田 全天候,,29.6,29.6,29.6,,助手,,快操,PH,29.6 (29.6) (助手)
H465,25/08/2024,游水,沙田,,沙田,,,,,,,,游水,,
H465,25/08/2024,踱步,沙田,內圈,沙田 內圈,,,,,,助手,,快踱一圈,H,內圈 快踱一圈 (助手)
H465,24/08/2024,游水,沙田,,沙田,,,,,,,,游水,,
H465,24/08/2024,踱步,沙田,內圈,沙田 內圈,,,,,,助手,,快踱一圈,PH,內圈 快踱一圈 (助手)
H465,23/08/2024,游水,沙田,,沙田,,,,,,,,游水,,
H465,23/08/2024,踱步,沙田,內圈,沙田 內圈,,,,,,助手,,快踱一圈,H,內圈 快踱一圈 (助手)
H465,22/08/2024,游水,沙田,,沙田,,,,,,,,游水,,
H465,22/08/2024,快操,沙田,全天候,沙田 全天候,,56.5,56.5,30.0 26.5,,助手,,快操,PH,30.0 26.5 (56.5) (助手)
H465,22/08/2024,踱步,沙田,飛機場,沙田 飛機場,,,,,,助手,,踱步,PH,飛機場 踱步 (助手)
H465,21/08/2024,游水,沙田,,沙田,,,,,,,,游水,,
H465,21/08/2024,踱步,沙田,內圈,沙田 內圈,,,,,,助手,,快踱一圈,H,內圈 快踱一圈 (助手)
H465,20/08/2024,游水,沙田,,沙田,,,,,,,,游水,,
H465,20/08/2024,踱步,沙田,內圈,沙田 內圈,,,,,,助手,,快踱一圈,PH,內圈 快踱一圈 (助手)
H465,19/08/2024,游水,沙田,,沙田,,,,,,,,游水,,
H465,19/08/2024,踱步,沙田,內圈,沙田 內圈,,,,,,助手,,倒快兩圈,PH,內圈 倒快兩圈 (助手)
H465,18/08/2024,游水,沙田,,沙田,,,,,,,,游水,,
H465,18/08/2024,快操,沙田,全天候,沙田 全天候,,58.5,58.5,30.9 27.6,,助手,,快操,PH,30.9 27.6 (58.5) (助手)
H465,18/08/2024,踱步,沙田,飛機場,沙田 飛機場,,,,,,助手,,踱步,PH,飛機場 踱步 (助手)
H465,17/08/2024,游水,沙田,,沙田,,,,,,,,游水,,
H465,17/08/2024,踱步,沙田,內圈,沙田 內圈,,,,,,助手,,快踱一圈,PH,內圈 快踱一圈 (助手)
H465,16/08/2024,游水,沙田,,沙田,,,,,,,,游水,,
H465,16/08/2024,踱步,沙田,內圈,沙田 內圈,,,,,,助手,,快踱一圈,PH,內圈 快踱一圈 (助手)
H465,15/08/2024,游水,沙田,,沙田,,,,,,,,游水,,
H465,15/08/2024,踱步,沙田,內圈,沙田 內圈,,,,,,助手,,倒快兩圈,PH,內圈 倒快兩圈 (助手)
H465,14/08/2024,游水,沙田,,沙田,,,,,,,,游水,,
H465,14/08/2024,踱步,沙田,內圈,沙田 內圈,,,,,,助手,,快踱一圈,H,內圈 快踱一圈 (助手)
H465,13/08/2024,游水,沙田,,沙田,,,,,,,,游水,,
H465,13/08/2024,踱步,沙田,內圈,沙田 內圈,,,,,,助手,,快踱一圈,H,內圈 快踱一圈 (助手)
H465,12/08/2024,游水,沙田,,沙田,,,,,,,,游水,,
H465,12/08/2024,踱步,沙田,內圈,沙田 內圈,,,,,,助手,,倒快一圈,PH,內圈 倒快一圈 (助手)
H465,11/08/2024,游水,沙田,,沙田,,,,,,,,游水,,
H465,11/08/2024,踱步,沙田,內圈,沙田 內圈,,,,,,助手,,快踱一圈,H,內圈 快踱一圈 (助手)
H465,10/08/2024,游水,沙田,,沙田,,,,,,,,游水,,
H465,10/08/2024,踱步,沙田,內圈,沙田 內圈,,,,,,助手,,快踱一圈,H,內圈 快踱一圈 (助手)
H465,09/08/2024,游水,沙田,,沙田,,,,,,,,游水,,
H465,08/08/2024,游水,沙田,,沙田,,,,,,,,游水,,
H465,07/08/2024,游水,沙田,,沙田,,,,,,,,游水,,
H465,06/08/2024,游水,沙田,,沙田,,,,,,,,游水,,
H465,05/08/2024,游水,沙田,,沙田,,,,,,,,游水,,
H465,04/08/2024,游水,沙田,,沙田,,,,,,,,游水,,
H465,03/08/2024,游水,沙田,,沙田,,,,,,,,游水,,
H465,02/08/2024,游水,沙田,,沙田,,,,,,,,游水,,
H465,13/07/2024,游水,沙田,,沙田,,,,,,,,游水,,
H465,13/07/2024,踱步,沙田,內圈,沙田 內圈,,,,,,助手,,快踱一圈,PH,內圈 快踱一圈 (助手)
H465,12/07/2024,游水,沙田,,沙田,,,,,,,,游水,,
H465,12/07/2024,踱步,沙田,內圈,沙田 內圈,,,,,,助手,,快踱一圈,PH,內圈 快踱一圈 (助手)
H465,11/07/2024,游水,沙田,,沙田,,,,,,,,游水,,
H465,11/07/2024,快操,沙田,全天候,沙田 全天候,,1.31.4,91.4,33.6 31.1 26.7,,助手,,快操,PH,33.6 31.1 26.7 (1.31.4) (助手)
H465,11/07/2024,踱步,沙田,飛機場,沙田 飛機場,,,,,,助手,,踱步,PH,飛機場 踱步 (助手)
H465,10/07/2024,游水,沙田,,沙田,,,,,,,,游水,,
H465,10/07/2024,踱步,沙田,內圈,沙田 內圈,,,,,,助手,,快踱一圈,PH,內圈 快踱一圈 (助手)
H465,09/07/2024,游水,沙田,,沙田,,,,,,,,游水,,
H465,09/07/2024,踱步,沙田,內圈,沙田 內圈,,,,,,助手,,快踱一圈,PH,內圈 快踱一圈 (助手)
H465,08/07/2024,游水,沙田,,沙田,,,,,,,,游水,,
H465,08/07/2024,快操,沙田,草閘,沙田 草閘,,46.9,46.9,22.9 24.0,,霍宏聲,,欣樂人生,PH,22.9 24.0 (46.9) (霍宏聲) 欣樂人生
H465,08/07/2024,踱步,沙田,飛機場,沙田 飛機場,,,,,,助手,,踱步,PH,飛機場 踱步 (助手)
H465,07/07/2024,游水,沙田,,沙田,,,,,,,,游水,,
H465,07/07/2024,踱步,沙田,內圈,沙田 內圈,,,,,,助手,,快踱一圈,PH,內圈 快踱一圈 (助手)
H465,06/07/2024,游水,沙田,,沙田,,,,,,,,游水,,
H465,06/07/2024,踱步,沙田,內圈,沙田 內圈,,,,,,助手,,快踱一圈,HP,內圈 快踱一圈 (助手)
H465,05/07/2024,游水,沙田,,沙田,,,,,,,,游水,,
H465,05/07/2024,踱步,沙田,內圈,沙田 內圈,,,,,,助手,,快踱一圈,PH,內圈 快踱一圈 (助手)
H465,04/07/2024,游水,沙田,,沙田,,,,,,,,游水,,
H465,04/07/2024,踱步,沙田,內圈,沙田 內圈,,,,,,助手,,倒快兩圈,PH,內圈 倒快兩圈 (助手)
H465,03/07/2024,游水,沙田,,沙田,,,,,,,,游水,,
H465,03/07/2024,快操,沙田,全天候,沙田 全天候,,55.5,55.5,29.1 26.4,,助手,,你知我拼,PH,29.1 26.4 (55.5) (助手) 你知我拼
H465,03/07/2024,踱步,沙田,飛機場,沙田 飛機場,,,,,,助手,,踱步,PH,飛機場 踱步 (助手)
H465,02/07/2024,游水,沙田,,沙田,,,,,,,,游水,,
H465,02/07/2024,踱步,沙田,內圈,沙田 內圈,,,,,,助手,,快踱一圈,PH,內圈 快踱一圈 (助手)
H465,01/07/2024,游水,沙田,,沙田,,,,,,,,游水,,
H465,01/07/2024,踱步,沙田,內圈,沙田 內圈,,,,,,助手,,倒快兩圈,PH,內圈 倒快兩圈 (助手)
H465,30/06/2024,游水,沙田,,沙田,,,,,,,,游水,,
H465,30/06/2024,踱步,沙田,內圈,沙田 內圈,,,,,,助手,,快踱一圈,PH,內圈 快踱一圈 (助手)
H465,29/06/2024,游水,沙田,,沙田,,,,,,,,游水,,
H465,29/06/2024,踱步,沙田,內圈,沙田 內圈,,,,,,助手,,快踱一圈,PH,內圈 快踱一圈 (助手)
H465,28/06/2024,游水,沙田,,沙田,,,,,,,,游水,,
H465,28/06/2024,快操,沙田,全天候,沙田 全天候,,1.23.5,83.5,30.5 27.3 25.7,,潘明輝,,快操,PH,30.5 27.3 25.7 (1.23.5) (潘明輝)
H465,28/06/2024,踱步,沙田,飛機場,沙田 飛機場,,,,,,潘明輝,,踱步,PH,飛機場 踱步 (潘明輝)
H465,27/06/2024,游水,沙田,,沙田,,,,,,,,游水,,
H465,27/06/2024,踱步,沙田,內圈,沙田 內圈,,,,,,助手,,倒快兩圈,PH,內圈 倒快兩圈 (助手)
H465,26/06/2024,游水,沙田,,沙田,,,,,,,,游水,,
H465,26/06/2024,踱步,沙田,內圈,沙田 內圈,,,,,,助手,,快踱一圈,PH,內圈 快踱一圈 (助手)
H465,25/06/2024,游水,沙田,,沙田,,,,,,,,游水,,
H465,25/06/2024,踱步,沙田,內圈,沙田 內圈,,,,,,助手,,快踱一圈,PH,內圈 快踱一圈 (助手)
H465,24/06/2024,游水,沙田,,沙田,,,,,,,,游水,,
H465,24/06/2024,快操,沙田,草閘,沙田 草閘,,45.6,45.6,23.0 22.6,,霍宏聲,,生生勝利,P,23.0 22.6 (45.6) (霍宏聲) 生生勝利
H465,24/06/2024,踱步,沙田,飛機場,沙田 飛機場,,,,,,助手,,踱步,PH,飛機場 踱步 (助手)
H465,23/06/2024,游水,沙田,,沙田,,,,,,,,游水,,
H465,23/06/2024,踱步,沙田,內圈,沙田 內圈,,,,,,助手,,快踱一圈,PH,內圈 快踱一圈 (助手)
H465,22/06/2024,游水,沙田,,沙田,,,,,,,,游水,,
H465,22/06/2024,踱步,沙田,內圈,沙田 內圈,,,,,,助手,,快踱一圈,PH,內圈 快踱一圈 (助手)
H465,21/06/2024,游水,沙田,,沙田,,,,,,,,游水,,
H465,21/06/2024,快操,沙田,全天候,沙田 全天候,,55.9,55.9,29.9 26.0,,助手,,快操,PH,29.9 26.0 (55.9) (助手)
H465,21/06/2024,踱步,沙田,飛機場,沙田 飛機場,,,,,,助手,,踱步,PH,飛機場 踱步 (助手)
H465,20/06/2024,游水,沙田,,沙田,,,,,,,,游水,,
H465,20/06/2024,踱步,沙田,內圈,沙田 內圈,,,,,,助手,,倒快兩圈,PH,內圈 倒快兩圈 (助手)
H465,19/06/2024,游水,沙田,,沙田,,,,,,,,游水,,
H465,19/06/2024,踱步,沙田,內圈,沙田 內圈,,,,,,助手,,快踱一圈,PH,內圈 快踱一圈 (助手)
H465,18/06/2024,游水,沙田,,沙田,,,,,,,,游水,,
H465,18/06/2024,快操,沙田,全天候,沙田 全天候,,55.5,55.5,29.2 26.3,,助手,,快操,PH,29.2 26.3 (55.5) (助手)
H465,18/06/2024,踱步,沙田,飛機場,沙田 飛機場,,,,,,助手,,踱步,H,飛機場 踱步 (助手)
H465,17/06/2024,游水,沙田,,沙田,,,,,,,,游水,,
H465,17/06/2024,踱步,沙田,內圈,沙田 內圈,,,,,,助手,,倒快兩圈,PH,內圈 倒快兩圈 (助手)
H465,16/06/2024,游水,沙田,,沙田,,,,,,,,游水,,
H465,16/06/2024,踱步,沙田,內圈,沙田 內圈,,,,,,助手,,快踱一圈,PH,內圈 快踱一圈 (助手)
H465,15/06/2024,游水,沙田,,沙田,,,,,,,,游水,,
H465,15/06/2024,踱步,沙田,內圈,沙田 內圈,,,,,,助手,,快踱一圈,PH,內圈 快踱一圈 (助手)
H465,14/06/2024,游水,沙田,,沙田,,,,,,,,游水,,
H465,14/06/2024,踱步,沙田,內圈,沙田 內圈,,,,,,助手,,快踱一圈,PH,內圈 快踱一圈 (助手)
H465,13/06/2024,游水,沙田,,沙田,,,,,,,,游水,,
H465,13/06/2024,踱步,沙田,內圈,沙田 內圈,,,,,,助手,,倒快兩圈,PH,內圈 倒快兩圈 (助手)
H465,12/06/2024,游水,沙田,,沙田,,,,,,,,游水,,
H465,12/06/2024,踱步,沙田,內圈,沙田 內圈,,,,,,助手,,快踱一圈,PH,內圈 快踱一圈 (助手)
H465,11/06/2024,游水,沙田,,沙田,,,,,,,,游水,,
H465,09/06/2024,踱步,沙田,飛機場,沙田 飛機場,,,,,,助手,,踱步,H,飛機場 踱步 (助手)
H465,08/06/2024,踱步,沙田,飛機場,沙田 飛機場,,,,,,助手,,踱步,H,飛機場 踱步 (助手)
H465,07/06/2024,游水,沙田,,沙田,,,,,,,,游水,,
H465,07/06/2024,踱步,沙田,內圈,沙田 內圈,,,,,,助手,,快踱一圈,PH,內圈 快踱一圈 (助手)
H465,06/06/2024,游水,沙田,,沙田,,,,,,,,游水,,
H465,06/06/2024,踱步,沙田,內圈,沙田 內圈,,,,,,助手,,倒快一圈,PH,內圈 倒快一圈 (助手)
H465,05/06/2024,游水,沙田,,沙田,,,,,,,,游水,,
H465,05/06/2024,踱步,沙田,內圈,沙田 內圈,,,,,,助手,,快踱一圈,PH,內圈 快踱一圈 (助手)
H465,04/06/2024,游水,沙田,,沙田,,,,,,,,游水,,
H465,04/06/2024,踱步,沙田,飛機場,沙田 飛機場,,,,,,助手,,踱步,H,飛機場 踱步 (助手)
H465,02/06/2024,踱步,沙田,飛機場,沙田 飛機場,,,,,,助手,,踱步,PH,飛機場 踱步 (助手)
H465,01/06/2024,游水,沙田,,沙田,,,,,,,,游水,,
H465,01/06/2024,踱步,沙田,內圈,沙田 內圈,,,,,,助手,,快踱一圈,PH,內圈 快踱一圈 (助手)
H465,31/05/2024,游水,沙田,,沙田,,,,,,,,游水,,
H465,31/05/2024,踱步,沙田,內圈,沙田 內圈,,,,,,助手,,快踱一圈,H,內圈 快踱一圈 (助手)
H465,30/05/2024,游水,沙田,,沙田,,,,,,,,游水,,
H465,30/05/2024,踱步,沙田,內圈,沙田 內圈,,,,,,助手,,倒快一圈,PH,內圈 倒快一圈 (助手)
H465,29/05/2024,游水,沙田,,沙田,,,,,,,,游水,,
H465,29/05/2024,踱步,沙田,飛機場,沙田 飛機場,,,,,,助手,,踱步,PH,飛機場 踱步 (助手)
H465,28/05/2024,試閘,沙田,全天候,沙田 全天候,1200M,1.10.71,70.71,24.3 22.2 24.2,全神貫注,霍宏聲,,第3組,PC,第3組 (霍宏聲) 1200M 全神貫注 24.3 22.2 24.2 (1.10.71)
H465,27/05/2024,游水,沙田,,沙田,,,,,,,,游水,,
H465,27/05/2024,踱步,沙田,內圈,沙田 內圈,,,,,,助手,,倒快兩圈,PH,內圈 倒快兩圈 (助手)
H465,26/05/2024,游水,沙田,,沙田,,,,,,,,游水,,
H465,26/05/2024,踱步,沙田,內圈,沙田 內圈,,,,,,助手,,快踱一圈,PH,內圈 快踱一圈 (助手)
H465,25/05/2024,游水,沙田,,沙田,,,,,,,,游水,,
H465,25/05/2024,快操,沙田,全天候,沙田 全天候,,56.0,56.0,30.0 26.0,,助手,,快操,PH,30.0 26.0 (56.0) (助手)
H465,25/05/2024,踱步,沙田,飛機場,沙田 飛機場,,,,,,助手,,踱步,PH,飛機場 踱步 (助手)
H465,24/05/2024,游水,沙田,,沙田,,,,,,,,游水,,
H465,23/05/2024,游水,沙田,,沙田,,,,,,,,游水,,
H465,23/05/2024,踱步,沙田,內圈,沙田 內圈,,,,,,助手,,倒快兩圈,PH,內圈 倒快兩圈 (助手)
H465,22/05/2024,游水,沙田,,沙田,,,,,,,,游水,,
H465,22/05/2024,踱步,沙田,內圈,沙田 內圈,,,,,,助手,,快踱一圈,PH,內圈 快踱一圈 (助手)
H465,21/05/2024,游水,沙田,,沙田,,,,,,,,游水,,
H465,21/05/2024,快操,沙田,全天候,沙田 全天候,,55.1,55.1,30.1 25.0,,助手,,快操,H,30.1 25.0 (55.1) (助手)
H465,21/05/2024,踱步,沙田,飛機場,沙田 飛機場,,,,,,助手,,踱步,PH,飛機場 踱步 (助手)
H465,20/05/2024,游水,沙田,,沙田,,,,,,,,游水,,
H465,20/05/2024,踱步,沙田,內圈,沙田 內圈,,,,,,助手,,倒快兩圈,PH,內圈 倒快兩圈 (助手)
H465,19/05/2024,游水,沙田,,沙田,,,,,,,,游水,,
H465,19/05/2024,踱步,沙田,內圈,沙田 內圈,,,,,,助手,,快踱兩圈,PH,內圈 快踱兩圈 (助手)
H465,18/05/2024,游水,沙田,,沙田,,,,,,,,游水,,
H465,18/05/2024,快操,沙田,全天候,沙田 全天候,,56.2,56.2,29.3 26.9,,助手,,快操,PH,29.3 26.9 (56.2) (助手)
H465,18/05/2024,踱步,沙田,飛機場,沙田 飛機場,,,,,,助手,,踱步,PH,飛機場 踱步 (助手)
H465,17/05/2024,游水,沙田,,沙田,,,,,,,,游水,,
H465,17/05/2024,踱步,沙田,內圈,沙田 內圈,,,,,,助手,,快踱兩圈,PH,內圈 快踱兩圈 (助手)
H465,16/05/2024,游水,沙田,,沙田,,,,,,,,游水,,
H465,16/05/2024,踱步,沙田,內圈,沙田 內圈,,,,,,助手,,倒快兩圈,H,內圈 倒快兩圈 (助手)
H465,15/05/2024,游水,沙田,,沙田,,,,,,,,游水,,
H465,15/05/2024,快操,沙田,全天候,沙田 全天候,,56.4,56.4,29.2 27.2,,助手,,快操,PH,29.2 27.2 (56.4) (助手)
H465,15/05/2024,踱步,沙田,飛機場,沙田 飛機場,,,,,,助手,,踱步,PH,飛機場 踱步 (助手)
H465,14/05/2024,游水,沙田,,沙田,,,,,,,,游水,,
H465,14/05/2024,踱步,沙田,內圈,沙田 內圈,,,,,,助手,,快踱一圈,PH,內圈 快踱一圈 (助手)
H465,13/05/2024,游水,沙田,,沙田,,,,,,,,游水,,
H465,13/05/2024,踱步,沙田,內圈,沙田 內圈,,,,,,助手,,倒快兩圈,PH,內圈 倒快兩圈 (助手)
H465,12/05/2024,游水,沙田,,沙田,,,,,,,,游水,,
H465,12/05/2024,踱步,沙田,內圈,沙田 內圈,,,,,,助手,,快踱一圈,PH,內圈 快踱一圈 (助手)
H465,11/05/2024,游水,沙田,,沙田,,,,,,,,游水,,
H465,11/05/2024,踱步,沙田,內圈,沙田 內圈,,,,,,助手,,快踱一圈,PH,內圈 快踱一圈 (助手)
H465,10/05/2024,游水,沙田,,沙田,,,,,,,,游水,,
H465,08/05/2024,踱步,沙田,內圈,沙田 內圈,,,,,,助手,,快踱一圈,H,內圈 快踱一圈 (助手)
H465,07/05/2024,游水,沙田,,沙田,,,,,,,,游水,,
H465,06/05/2024,踱步,從化,內圈,從化 內圈,,,,,,助手,,倒快兩圈,,內圈 倒快兩圈 (助手)
H465,05/05/2024,快操,從化,全天候,從化 全天候,,56.4,56.4,30.1 26.3,,助手,,快操,,30.1 26.3 (56.4) (助手)
H465,05/05/2024,踱步,從化,飛機場,從化 飛機場,,,,,,助手,,踱步,,飛機場 踱步 (助手)
H465,04/05/2024,游水,從化,,從化,,,,,,,,游水,,
H465,04/05/2024,踱步,從化,內圈,從化 內圈,,,,,,助手,,快踱一圈,,內圈 快踱一圈 (助手)
H465,03/05/2024,游水,從化,,從化,,,,,,,,游水,,
H465,03/05/2024,踱步,從化,內圈,從化 內圈,,,,,,助手,,快踱一圈,,內圈 快踱一圈 (助手)
H465,02/05/2024,快操,從化,全天候,從化 全天候,,54.2,54.2,29.3 24.9,,助手,,快操,,29.3 24.9 (54.2) (助手)
H465,02/05/2024,踱步,從化,飛機場,從化 飛機場,,,,,,助手,,踱步,,飛機場 踱步 (助手)
H465,01/05/2024,游水,從化,,從化,,,,,,,,游水,,
H465,01/05/2024,踱步,從化,內圈,從化 內圈,,,,,,助手,,快踱一圈,,內圈 快踱一圈 (助手)
H465,30/04/2024,游水,從化,,從化,,,,,,,,游水,,
H465,30/04/2024,踱步,從化,內圈,從化 內圈,,,,,,助手,,快踱一圈,,內圈 快踱一圈 (助手)
H465,29/04/2024,游水,從化,,從化,,,,,,,,游水,,
H465,29/04/2024,踱步,從化,內圈,從化 內圈,,,,,,助手,,倒快兩圈,,內圈 倒快兩圈 (助手)
H465,28/04/2024,快操,從化,全天候,從化 全天候,,57.1,57.1,30.6 26.5,,助手,,快操,,30.6 26.5 (57.1) (助手)
H465,28/04/2024,踱步,從化,飛機場,從化 飛機場,,,,,,助手,,踱步,,飛機場 踱步 (助手)
H465,27/04/2024,游水,從化,,從化,,,,,,,,游水,,
H465,27/04/2024,踱步,從化,內圈,從化 內圈,,,,,,助手,,快踱一圈,,內圈 快踱一圈 (助手)
H465,26/04/2024,游水,從化,,從化,,,,,,,,游水,,
H465,26/04/2024,踱步,從化,內圈,從化 內圈,,,,,,助手,,快踱一圈,,內圈 快踱一圈 (助手)
H465,25/04/2024,游水,從化,,從化,,,,,,,,游水,,
H465,25/04/2024,踱步,從化,內圈,從化 內圈,,,,,,助手,,倒快一圈,,內圈 倒快一圈 (助手)
H465,23/04/2024,試閘,從化,草地,從化 草地,1200M,1.14.12,74.12,25.3 23.6 25.2,電路豪傑,慕達薩,,第8組,,第8組 (慕達薩) 1200M 電路豪傑 25.3 23.6 25.2 (1.14.12)
H465,23/04/2024,踱步,從化,飛機場,從化 飛機場,,,,,,助手,,踱步,,飛機場 踱步 (助手)
H465,22/04/2024,游水,從化,,從化,,,,,,,,游水,,
H465,22/04/2024,踱步,從化,內圈,從化 內圈,,,,,,助手,,倒快兩圈,,內圈 倒快兩圈 (助手)
H465,21/04/2024,游水,從化,,從化,,,,,,,,游水,,
H465,21/04/2024,踱步,從化,內圈,從化 內圈,,,,,,助手,,快踱一圈,,內圈 快踱一圈 (助手)
H465,20/04/2024,游水,從化,,從化,,,,,,,,游水,,
H465,20/04/2024,踱步,從化,內圈,從化 內圈,,,,,,助手,,快踱一圈,H/P,內圈 快踱一圈 (助手)
H465,19/04/2024,游水,從化,,從化,,,,,,,,游水,,
H465,19/04/2024,踱步,從化,內圈,從化 內圈,,,,,,助手,,快踱一圈,H/P,內圈 快踱一圈 (助手)
H465,18/04/2024,快操,從化,全天候,從化 全天候,,53.3,53.3,28.1 25.2,,助手,,快操,H/P,28.1 25.2 (53.3) (助手)
H465,18/04/2024,踱步,從化,飛機場,從化 飛機場,,,,,,助手,,踱步,H/P,飛機場 踱步 (助手)
H465,17/04/2024,游水,從化,,從化,,,,,,,,游水,,
H465,17/04/2024,踱步,從化,內圈,從化 內圈,,,,,,助手,,快踱一圈,H/P,內圈 快踱一圈 (助手)
H465,16/04/2024,游水,從化,,從化,,,,,,,,游水,,
H465,16/04/2024,踱步,從化,內圈,從化 內圈,,,,,,助手,,快踱一圈,H/P,內圈 快踱一圈 (助手)
H465,15/04/2024,游水,從化,,從化,,,,,,,,游水,,
H465,15/04/2024,踱步,從化,內圈,從化 內圈,,,,,,助手,,倒快兩圈,H/P,內圈 倒快兩圈 (助手)
H465,14/04/2024,快操,從化,全天候,從化 全天候,,55.3,55.3,30.6 24.7,,助手,,快操,H/P,30.6 24.7 (55.3) (助手)
H465,14/04/2024,踱步,從化,飛機場,從化 飛機場,,,,,,助手,,踱步,H/P,飛機場 踱步 (助手)
H465,13/04/2024,游水,從化,,從化,,,,,,,,游水,,
H465,13/04/2024,踱步,從化,內圈,從化 內圈,,,,,,助手,,快踱一圈,H/P,內圈 快踱一圈 (助手)
H465,12/04/2024,游水,從化,,從化,,,,,,,,游水,,
H465,12/04/2024,踱步,從化,內圈,從化 內圈,,,,,,助手,,快踱一圈,H/P,內圈 快踱一圈 (助手)
H465,11/04/2024,游水,從化,,從化,,,,,,,,游水,,
H465,11/04/2024,踱步,從化,內圈,從化 內圈,,,,,,助手,,倒快兩圈,H/P,內圈 倒快兩圈 (助手)
H465,10/04/2024,游水,從化,,從化,,,,,,,,游水,,
H465,10/04/2024,踱步,從化,內圈,從化 內圈,,,,,,助手,,快踱一圈,H/P,內圈 快踱一圈 (助手)
H465,09/04/2024,游水,從化,,從化,,,,,,,,游水,,
H465,09/04/2024,踱步,從化,內圈,從化 內圈,,,,,,助手,,快踱一圈,H/P,內圈 快踱一圈 (助手)
H465,08/04/2024,游水,從化,,從化,,,,,,,,游水,,
H465,08/04/2024,踱步,從化,內圈,從化 內圈,,,,,,助手,,倒快一圈,H/P,內圈 倒快一圈 (助手)
H465,07/04/2024,游水,從化,,從化,,,,,,,,游水,,
H465,07/04/2024,踱步,從化,內圈,從化 內圈,,,,,,助手,,快踱一圈,H/P,內圈 快踱一圈 (助手)
H465,03/04/2024,踱步,沙田,內圈,沙田 內圈,,,,,,助手,,快踱一圈,PH,內圈 快踱一圈 (助手)
H465,02/04/2024,游水,沙田,,沙田,,,,,,,,游水,,
H465,02/04/2024,踱步,沙田,內圈,沙田 內圈,,,,,,助手,,快踱一圈,PH,內圈 快踱一圈 (助手)
H465,01/04/2024,游水,沙田,,沙田,,,,,,,,游水,,
H465,01/04/2024,踱步,沙田,內圈,沙田 內圈,,,,,,助手,,倒快兩圈,H,內圈 倒快兩圈 (助手)
H465,31/03/2024,游水,沙田,,沙田,,,,,,,,游水,,
H465,31/03/2024,快操,沙田,全天候,沙田 全天候,,56.0,56.0,30.7 25.3,,助手,,旌鷹,PH,30.7 25.3 (56.0) (助手) 旌鷹
H465,31/03/2024,踱步,沙田,飛機場,沙田 飛機場,,,,,,助手,,踱步,PH,飛機場 踱步 (助手)
H465,30/03/2024,游水,沙田,,沙田,,,,,,,,游水,,
H465,30/03/2024,踱步,沙田,內圈,沙田 內圈,,,,,,助手,,快踱一圈,HP,內圈 快踱一圈 (助手)
H465,29/03/2024,游水,沙田,,沙田,,,,,,,,游水,,
H465,29/03/2024,踱步,沙田,內圈,沙田 內圈,,,,,,助手,,快踱一圈,PH,內圈 快踱一圈 (助手)
H465,28/03/2024,游水,沙田,,沙田,,,,,,,,游水,,
H465,28/03/2024,快操,沙田,全天候,沙田 全天候,,56.3,56.3,29.6 26.7,,助手,,快操,PH,29.6 26.7 (56.3) (助手)
H465,28/03/2024,踱步,沙田,飛機場,沙田 飛機場,,,,,,助手,,踱步,PH,飛機場 踱步 (助手)
H465,27/03/2024,游水,沙田,,沙田,,,,,,,,游水,,
H465,27/03/2024,踱步,沙田,內圈,沙田 內圈,,,,,,助手,,快踱一圈,HP,內圈 快踱一圈 (助手)
H465,26/03/2024,游水,沙田,,沙田,,,,,,,,游水,,
H465,26/03/2024,踱步,沙田,內圈,沙田 內圈,,,,,,助手,,快踱一圈,H,內圈 快踱一圈 (助手)
H465,25/03/2024,游水,沙田,,沙田,,,,,,,,游水,,
H465,25/03/2024,踱步,沙田,內圈,沙田 內圈,,,,,,助手,,倒快兩圈,H,內圈 倒快兩圈 (助手)
H465,24/03/2024,游水,沙田,,沙田,,,,,,,,游水,,
H465,24/03/2024,快操,沙田,全天候,沙田 全天候,,54.7,54.7,29.8 24.9,,助手,,快操,PH,29.8 24.9 (54.7) (助手)
H465,24/03/2024,踱步,沙田,飛機場,沙田 飛機場,,,,,,助手,,踱步,H,飛機場 踱步 (助手)
H465,23/03/2024,游水,沙田,,沙田,,,,,,,,游水,,
H465,23/03/2024,踱步,沙田,內圈,沙田 內圈,,,,,,助手,,快踱一圈,H,內圈 快踱一圈 (助手)
H465,22/03/2024,游水,沙田,,沙田,,,,,,,,游水,,
H465,22/03/2024,踱步,沙田,內圈,沙田 內圈,,,,,,助手,,快踱一圈,HP,內圈 快踱一圈 (助手)
H465,21/03/2024,游水,沙田,,沙田,,,,,,,,游水,,
H465,21/03/2024,快操,沙田,全天候,沙田 全天候,,56.2,56.2,30.0 26.2,,助手,,鑽石寶寶,PH,30.0 26.2 (56.2) (助手) 鑽石寶寶
H465,21/03/2024,踱步,沙田,飛機場,沙田 飛機場,,,,,,助手,,踱步,PH,飛機場 踱步 (助手)
H465,20/03/2024,游水,沙田,,沙田,,,,,,,,游水,,
H465,20/03/2024,踱步,沙田,內圈,沙田 內圈,,,,,,助手,,快踱兩圈,H,內圈 快踱兩圈 (助手)
H465,19/03/2024,游水,沙田,,沙田,,,,,,,,游水,,
H465,18/03/2024,游水,沙田,,沙田,,,,,,,,游水,,
H465,18/03/2024,踱步,沙田,內圈,沙田 內圈,,,,,,助手,,倒快兩圈,PH,內圈 倒快兩圈 (助手)
H465,17/03/2024,游水,沙田,,沙田,,,,,,,,游水,,
H465,17/03/2024,踱步,沙田,內圈,沙田 內圈,,,,,,助手,,快踱一圈,PH,內圈 快踱一圈 (助手)
H465,13/03/2024,踱步,沙田,內圈,沙田 內圈,,,,,,助手,,快踱一圈,H,內圈 快踱一圈 (助手)
H465,12/03/2024,游水,沙田,,沙田,,,,,,,,游水,,
H465,12/03/2024,踱步,沙田,內圈,沙田 內圈,,,,,,助手,,快踱一圈,PH,內圈 快踱一圈 (助手)
H465,11/03/2024,游水,沙田,,沙田,,,,,,,,游水,,
H465,11/03/2024,踱步,沙田,內圈,沙田 內圈,,,,,,助手,,倒快兩圈,PH,內圈 倒快兩圈 (助手)
H465,10/03/2024,游水,沙田,,沙田,,,,,,,,游水,,
H465,10/03/2024,快操,沙田,全天候,沙田 全天候,,54.7,54.7,30.0 24.7,,助手,,鑽飾翱翔,P,30.0 24.7 (54.7) (助手) 鑽飾翱翔
H465,10/03/2024,踱步,沙田,飛機場,沙田 飛機場,,,,,,助手,,踱步,PH,飛機場 踱步 (助手)
H465,09/03/2024,游水,沙田,,沙田,,,,,,,,游水,,
H465,09/03/2024,踱步,沙田,內圈,沙田 內圈,,,,,,助手,,快踱一圈,PH,內圈 快踱一圈 (助手)
H465,08/03/2024,游水,沙田,,沙田,,,,,,,,游水,,
H465,08/03/2024,踱步,沙田,內圈,沙田 內圈,,,,,,助手,,快踱一圈,PH,內圈 快踱一圈 (助手)
H465,07/03/2024,游水,沙田,,沙田,,,,,,,,游水,,
H465,07/03/2024,踱步,沙田,內圈,沙田 內圈,,,,,,助手,,倒快一圈,H,內圈 倒快一圈 (助手)
H465,06/03/2024,游水,沙田,,沙田,,,,,,,,游水,,
H465,05/03/2024,試閘,沙田,草地,沙田 草地,1600M,1.38.24,98.24,24.1 23.6 26.5 24.0,神煞金剛,湯普新,,第8組,PC,第8組 (湯普新) 1600M 神煞金剛 24.1 23.6 26.5 24.0 (1.38.24)
H465,04/03/2024,游水,沙田,,沙田,,,,,,,,游水,,
H465,04/03/2024,踱步,沙田,內圈,沙田 內圈,,,,,,助手,,倒快兩圈,H,內圈 倒快兩圈 (助手)
H465,03/03/2024,游水,沙田,,沙田,,,,,,,,游水,,
H465,03/03/2024,踱步,沙田,內圈,沙田 內圈,,,,,,助手,,快踱一圈,PH,內圈 快踱一圈 (助手)
H465,02/03/2024,游水,沙田,,沙田,,,,,,,,游水,,
H465,02/03/2024,快操,沙田,全天候,沙田 全天候,,55.5,55.5,28.7 26.8,,助手,,一舖到位,PH,28.7 26.8 (55.5) (助手) 一舖到位
H465,02/03/2024,踱步,沙田,內圈,沙田 內圈,,,,,,助手,,快踱一圈,H,內圈 快踱一圈 (助手)
H465,01/03/2024,游水,沙田,,沙田,,,,,,,,游水,,
H465,01/03/2024,踱步,沙田,內圈,沙田 內圈,,,,,,助手,,快踱一圈,H,內圈 快踱一圈 (助手)
H465,29/02/2024,游水,沙田,,沙田,,,,,,,,游水,,
H465,28/02/2024,游水,沙田,,沙田,,,,,,,,游水,,
H465,28/02/2024,快操,沙田,全天候,沙田 全天候,,55.5,55.5,29.3 26.2,,助手,,快操,H,29.3 26.2 (55.5) (助手)
H465,28/02/2024,踱步,沙田,飛機場,沙田 飛機場,,,,,,助手,,踱步,H,飛機場 踱步 (助手)
H465,27/02/2024,游水,沙田,,沙田,,,,,,,,游水,,
H465,27/02/2024,踱步,沙田,內圈,沙田 內圈,,,,,,助手,,快踱一圈,H,內圈 快踱一圈 (助手)
H465,26/02/2024,游水,沙田,,沙田,,,,,,,,游水,,
H465,26/02/2024,踱步,沙田,內圈,沙田 內圈,,,,,,助手,,倒快兩圈,H,內圈 倒快兩圈 (助手)
H465,25/02/2024,游水,沙田,,沙田,,,,,,,,游水,,
H465,25/02/2024,快操,沙田,全天候,沙田 全天候,,55.0,55.0,29.0 26.0,,助手,,快操,H,29.0 26.0 (55.0) (助手)
H465,25/02/2024,踱步,沙田,飛機場,沙田 飛機場,,,,,,助手,,踱步,H,飛機場 踱步 (助手)
H465,24/02/2024,游水,沙田,,沙田,,,,,,,,游水,,
H465,24/02/2024,踱步,沙田,內圈,沙田 內圈,,,,,,助手,,快踱一圈,H,內圈 快踱一圈 (助手)
H465,23/02/2024,游水,沙田,,沙田,,,,,,,,游水,,
H465,22/02/2024,游水,沙田,,沙田,,,,,,,,游水,,
H465,22/02/2024,踱步,沙田,內圈,沙田 內圈,,,,,,助手,,倒快兩圈,H,內圈 倒快兩圈 (助手)
H465,21/02/2024,游水,沙田,,沙田,,,,,,,,游水,,
H465,21/02/2024,快操,沙田,全天候,沙田 全天候,,54.9,54.9,28.8 26.1,,助手,,太陽拍檔,H,28.8 26.1 (54.9) (助手) 太陽拍檔
H465,21/02/2024,踱步,沙田,飛機場,沙田 飛機場,,,,,,助手,,踱步,H,飛機場 踱步 (助手)
H465,20/02/2024,游水,沙田,,沙田,,,,,,,,游水,,
H465,20/02/2024,踱步,沙田,內圈,沙田 內圈,,,,,,助手,,快踱一圈,H,內圈 快踱一圈 (助手)
H465,19/02/2024,游水,沙田,,沙田,,,,,,,,游水,,
H465,19/02/2024,踱步,沙田,內圈,沙田 內圈,,,,,,助手,,倒快兩圈,H,內圈 倒快兩圈 (助手)
H465,18/02/2024,游水,沙田,,沙田,,,,,,,,游水,,
H465,18/02/2024,踱步,沙田,內圈,沙田 內圈,,,,,,助手,,快踱一圈,H,內圈 快踱一圈 (助手)
H465,15/02/2024,踱步,沙田,內圈,沙田 內圈,,,,,,助手,,倒快一圈,H,內圈 倒快一圈 (助手)
H465,14/02/2024,游水,沙田,,沙田,,,,,,,,游水,,
H465,14/02/2024,踱步,沙田,內圈,沙田 內圈,,,,,,助手,,快踱一圈,H,內圈 快踱一圈 (助手)
H465,13/02/2024,游水,沙田,,沙田,,,,,,,,游水,,
H465,13/02/2024,踱步,沙田,內圈,沙田 內圈,,,,,,助手,,快踱一圈,H,內圈 快踱一圈 (助手)
H465,12/02/2024,游水,沙田,,沙田,,,,,,,,游水,,
H465,12/02/2024,快操,沙田,全天候,沙田 全天候,,50.6,50.6,27.5 23.1,,湯普新,,威武良駒,H,27.5 23.1 (50.6) (湯普新) 威武良駒
H465,12/02/2024,踱步,沙田,飛機場,沙田 飛機場,,,,,,湯普新,,踱步,H,飛機場 踱步 (湯普新)
H465,11/02/2024,游水,沙田,,沙田,,,,,,,,游水,,
H465,11/02/2024,踱步,沙田,內圈,沙田 內圈,,,,,,助手,,快踱一圈,H,內圈 快踱一圈 (助手)
H465,09/02/2024,游水,沙田,,沙田,,,,,,,,游水,,
H465,09/02/2024,踱步,沙田,內圈,沙田 內圈,,,,,,助手,,快踱一圈,H,內圈 快踱一圈 (助手)
H465,08/02/2024,快操,從化,全天候,從化 全天候,,52.3,52.3,27.6 24.7,,助手,,鑽石寶寶,H,27.6 24.7 (52.3) (助手) 鑽石寶寶
H465,08/02/2024,踱步,從化,飛機場,從化 飛機場,,,,,,助手,,踱步,H,飛機場 踱步 (助手)
H465,07/02/2024,游水,從化,,從化,,,,,,,,游水,,
H465,07/02/2024,踱步,從化,內圈,從化 內圈,,,,,,助手,,快踱一圈,H,內圈 快踱一圈 (助手)
H465,06/02/2024,游水,從化,,從化,,,,,,,,游水,,
H465,06/02/2024,踱步,從化,內圈,從化 內圈,,,,,,助手,,快踱一圈,H,內圈 快踱一圈 (助手)
H465,05/02/2024,游水,從化,,從化,,,,,,,,游水,,
H465,05/02/2024,踱步,從化,內圈,從化 內圈,,,,,,助手,,倒快兩圈,H,內圈 倒快兩圈 (助手)
H465,04/02/2024,游水,從化,,從化,,,,,,,,游水,,
H465,04/02/2024,快操,從化,全天候,從化 全天候,,54.8,54.8,29.9 24.9,,副練馬師,,快操,H,29.9 24.9 (54.8) (副練馬師)
H465,04/02/2024,踱步,從化,飛機場,從化 飛機場,,,,,,副練馬師,,踱步,H,飛機場 踱步 (副練馬師)
H465,03/02/2024,游水,從化,,從化,,,,,,,,游水,,
H465,03/02/2024,踱步,從化,內圈,從化 內圈,,,,,,助手,,快踱一圈,H,內圈 快踱一圈 (助手)
H465,02/02/2024,游水,從化,,從化,,,,,,,,游水,,
H465,02/02/2024,踱步,從化,內圈,從化 內圈,,,,,,助手,,快踱一圈,H,內圈 快踱一圈 (助手)
H465,01/02/2024,游水,從化,,從化,,,,,,,,游水,,
H465,01/02/2024,快操,從化,全天候,從化 全天候,,56.1,56.1,29.8 26.3,,助手,,怡心聲,H,29.8 26.3 (56.1) (助手) 怡心聲
H465,01/02/2024,踱步,從化,飛機場,從化 飛機場,,,,,,助手,,踱步,H,飛機場 踱步 (助手)
H465,31/01/2024,游水,從化,,從化,,,,,,,,游水,,
H465,31/01/2024,踱步,從化,內圈,從化 內圈,,,,,,助手,,快踱一圈,H,內圈 快踱一圈 (助手)
H465,30/01/2024,游水,從化,,從化,,,,,,,,游水,,
H465,30/01/2024,踱步,從化,內圈,從化 內圈,,,,,,助手,,快踱一圈,H,內圈 快踱一圈 (助手)
H465,29/01/2024,游水,從化,,從化,,,,,,,,游水,,
H465,29/01/2024,踱步,從化,內圈,從化 內圈,,,,,,助手,,倒快兩圈,H,內圈 倒快兩圈 (助手)
H465,28/01/2024,游水,從化,,從化,,,,,,,,游水,,
H465,28/01/2024,踱步,從化,內圈,從化 內圈,,,,,,助手,,快踱一圈,H,內圈 快踱一圈 (助手)
H465,25/01/2024,游水,沙田,,沙田,,,,,,,,游水,,
H465,24/01/2024,踱步,沙田,內圈,沙田 內圈,,,,,,助手,,快踱一圈,H,內圈 快踱一圈 (助手)
H465,23/01/2024,游水,沙田,,沙田,,,,,,,,游水,,
H465,23/01/2024,踱步,沙田,內圈,沙田 內圈,,,,,,助手,,快踱一圈,H,內圈 快踱一圈 (助手)
H465,22/01/2024,游水,沙田,,沙田,,,,,,,,游水,,
H465,22/01/2024,踱步,沙田,內圈,沙田 內圈,,,,,,助手,,倒快兩圈,H,內圈 倒快兩圈 (助手)
H465,21/01/2024,游水,沙田,,沙田,,,,,,,,游水,,
H465,21/01/2024,快操,沙田,全天候,沙田 全天候,,52.7,52.7,27.7 25.0,,助手,,金首令,H,27.7 25.0 (52.7) (助手) 金首令
H465,21/01/2024,踱步,沙田,飛機場,沙田 飛機場,,,,,,助手,,踱步,H,飛機場 踱步 (助手)
H465,20/01/2024,踱步,從化,內圈,從化 內圈,,,,,,助手,,快踱一圈,H,內圈 快踱一圈 (助手)
H465,19/01/2024,游水,從化,,從化,,,,,,,,游水,,
H465,19/01/2024,踱步,從化,內圈,從化 內圈,,,,,,助手,,快踱一圈,H,內圈 快踱一圈 (助手)
H465,18/01/2024,游水,從化,,從化,,,,,,,,游水,,
H465,18/01/2024,踱步,從化,內圈,從化 內圈,,,,,,助手,,倒快兩圈,H,內圈 倒快兩圈 (助手)
H465,17/01/2024,游水,從化,,從化,,,,,,,,游水,,
H465,17/01/2024,快操,從化,全天候,從化 全天候,,54.8,54.8,30.3 24.5,,副練馬師,,快操,H,30.3 24.5 (54.8) (副練馬師)
H465,17/01/2024,踱步,從化,飛機場,從化 飛機場,,,,,,副練馬師,,踱步,H,飛機場 踱步 (副練馬師)
H465,16/01/2024,游水,從化,,從化,,,,,,,,游水,,
H465,16/01/2024,踱步,從化,內圈,從化 內圈,,,,,,助手,,快踱一圈,H,內圈 快踱一圈 (助手)
H465,15/01/2024,游水,從化,,從化,,,,,,,,游水,,
H465,15/01/2024,踱步,從化,內圈,從化 內圈,,,,,,助手,,倒快兩圈,H,內圈 倒快兩圈 (助手)
H465,14/01/2024,游水,從化,,從化,,,,,,,,游水,,
H465,14/01/2024,踱步,從化,內圈,從化 內圈,,,,,,助手,,快踱一圈,H,內圈 快踱一圈 (助手)
H465,13/01/2024,游水,從化,,從化,,,,,,,,游水,,
H465,13/01/2024,踱步,從化,內圈,從化 內圈,,,,,,助手,,快踱一圈,H,內圈 快踱一圈 (助手)
H465,12/01/2024,踱步,從化,飛機場,從化 飛機場,,,,,,助手,,踱步,,飛機場 踱步 (助手)
H465,11/01/2024,試閘,從化,草地,從化 草地,1200M,1.13.31,73.31,25.5 23.8 24.0,赤火驍龍,徐君禮,,第8組,,第8組 (徐君禮) 1200M 赤火驍龍 25.5 23.8 24.0 (1.13.31)
H465,11/01/2024,踱步,從化,飛機場,從化 飛機場,,,,,,助手,,踱步,,飛機場 踱步 (助手)
H465,10/01/2024,游水,從化,,從化,,,,,,,,游水,,
H465,10/01/2024,踱步,從化,內圈,從化 內圈,,,,,,助手,,快踱一圈,H,內圈 快踱一圈 (助手)
H465,09/01/2024,游水,從化,,從化,,,,,,,,游水,,
H465,09/01/2024,踱步,從化,內圈,從化 內圈,,,,,,副練馬師,,快踱一圈,H,內圈 快踱一圈 (副練馬師)
H465,08/01/2024,游水,從化,,從化,,,,,,,,游水,,
H465,08/01/2024,踱步,從化,內圈,從化 內圈,,,,,,副練馬師,,倒快兩圈,H,內圈 倒快兩圈 (副練馬師)
H465,07/01/2024,游水,從化,,從化,,,,,,,,游水,,
H465,07/01/2024,踱步,從化,內圈,從化 內圈,,,,,,助手,,快踱一圈,H,內圈 快踱一圈 (助手)
H465,06/01/2024,游水,從化,,從化,,,,,,,,游水,,
H465,06/01/2024,踱步,從化,內圈,從化 內圈,,,,,,副練馬師,,快踱一圈,H,內圈 快踱一圈 (副練馬師)
H465,05/01/2024,游水,從化,,從化,,,,,,,,游水,,
H465,05/01/2024,快操,從化,全天候,從化 全天候,,56.3,56.3,30.5 25.8,,助手,,快操,H,30.5 25.8 (56.3) (助手)
H465,05/01/2024,踱步,從化,飛機場,從化 飛機場,,,,,,助手,,踱步,H,飛機場 踱步 (助手)
H465,04/01/2024,游水,從化,,從化,,,,,,,,游水,,
H465,04/01/2024,踱步,從化,內圈,從化 內圈,,,,,,助手,,倒快兩圈,H,內圈 倒快兩圈 (助手)
H465,03/01/2024,游水,從化,,從化,,,,,,,,游水,,
H465,03/01/2024,踱步,從化,內圈,從化 內圈,,,,,,助手,,快踱一圈,H,內圈 快踱一圈 (助手)
H465,02/01/2024,游水,從化,,從化,,,,,,,,游水,,
H465,02/01/2024,快操,從化,全天候,從化 全天候,,55.7,55.7,30.7 25.0,,助手,,金首令,H,30.7 25.0 (55.7) (助手) 金首令
H465,02/01/2024,踱步,從化,飛機場,從化 飛機場,,,,,,助手,,踱步,H,飛機場 踱步 (助手)
H465,01/01/2024,游水,從化,,從化,,,,,,,,游水,,
H465,01/01/2024,踱步,從化,內圈,從化 內圈,,,,,,助手,,倒快兩圈,H,內圈 倒快兩圈 (助手)
H465,31/12/2023,游水,從化,,從化,,,,,,,,游水,,
H465,31/12/2023,踱步,從化,內圈,從化 內圈,,,,,,助手,,快踱一圈,H,內圈 快踱一圈 (助手)
H465,30/12/2023,游水,從化,,從化,,,,,,,,游水,,
H465,30/12/2023,踱步,從化,內圈,從化 內圈,,,,,,副練馬師,,快踱一圈,H,內圈 快踱一圈 (副練馬師)
H465,29/12/2023,游水,從化,,從化,,,,,,,,游水,,
H465,29/12/2023,踱步,從化,內圈,從化 內圈,,,,,,副練馬師,,快踱一圈,H,內圈 快踱一圈 (副練馬師)
H465,28/12/2023,游水,從化,,從化,,,,,,,,游水,,
H465,28/12/2023,踱步,從化,飛機場,從化 飛機場,,,,,,助手,,踱步,,飛機場 踱步 (助手)
H465,27/12/2023,游水,從化,,從化,,,,,,,,游水,,
H465,23/12/2023,踱步,沙田,內圈,沙田 內圈,,,,,,助手,,快踱一圈,H,內圈 快踱一圈 (助手)
H465,22/12/2023,游水,沙田,,沙田,,,,,,,,游水,,
H465,22/12/2023,踱步,沙田,內圈,沙田 內圈,,,,,,助手,,快踱一圈,H,內圈 快踱一圈 (助手)
H465,21/12/2023,快操,從化,全天候,從化 全天候,,56.0,56.0,30.3 25.7,,助手,,快操,H,30.3 25.7 (56.0) (助手)
H465,21/12/2023,踱步,從化,飛機場,從化 飛機場,,,,,,助手,,踱步,H,飛機場 踱步 (助手)
H465,20/12/2023,游水,從化,,從化,,,,,,,,游水,,
H465,20/12/2023,踱步,從化,內圈,從化 內圈,,,,,,助手,,快踱一圈,H,內圈 快踱一圈 (助手)
H465,19/12/2023,游水,從化,,從化,,,,,,,,游水,,
H465,19/12/2023,踱步,從化,內圈,從化 內圈,,,,,,助手,,快踱一圈,H,內圈 快踱一圈 (助手)
H465,18/12/2023,游水,從化,,從化,,,,,,,,游水,,
H465,18/12/2023,快操,從化,全天候,從化 全天候,,55.5,55.5,29.8 25.7,,副練馬師,,快操,H,29.8 25.7 (55.5) (副練馬師)
H465,18/12/2023,踱步,從化,飛機場,從化 飛機場,,,,,,副練馬師,,踱步,H,飛機場 踱步 (副練馬師)
H465,17/12/2023,游水,從化,,從化,,,,,,,,游水,,
H465,17/12/2023,踱步,從化,內圈,從化 內圈,,,,,,助手,,快踱一圈,H,內圈 快踱一圈 (助手)
H465,16/12/2023,游水,從化,,從化,,,,,,,,游水,,
H465,16/12/2023,踱步,從化,內圈,從化 內圈,,,,,,助手,,快踱一圈,H,內圈 快踱一圈 (助手)
H465,15/12/2023,游水,從化,,從化,,,,,,,,游水,,
H465,15/12/2023,踱步,從化,內圈,從化 內圈,,,,,,助手,,快踱一圈,H,內圈 快踱一圈 (助手)
H465,14/12/2023,游水,從化,,從化,,,,,,,,游水,,
H465,14/12/2023,快操,從化,草地,從化 草地,,54.1,54.1,29.5 24.6,,助手,,快操,H,29.5 24.6 (54.1) (助手)
H465,14/12/2023,踱步,從化,飛機場,從化 飛機場,,,,,,助手,,踱步,H,飛機場 踱步 (助手)
H465,13/12/2023,游水,從化,,從化,,,,,,,,游水,,
H465,13/12/2023,踱步,從化,內圈,從化 內圈,,,,,,助手,,快踱一圈,H,內圈 快踱一圈 (助手)
H465,12/12/2023,游水,從化,,從化,,,,,,,,游水,,
H465,12/12/2023,踱步,從化,內圈,從化 內圈,,,,,,助手,,快踱一圈,H,內圈 快踱一圈 (助手)
H465,11/12/2023,游水,從化,,從化,,,,,,,,游水,,
H465,11/12/2023,踱步,從化,內圈,從化 內圈,,,,,,助手,,倒快兩圈,H,內圈 倒快兩圈 (助手)
H465,10/12/2023,游水,從化,,從化,,,,,,,,游水,,
H465,10/12/2023,踱步,從化,內圈,從化 內圈,,,,,,助手,,快踱一圈,H,內圈 快踱一圈 (助手)
H465,09/12/2023,游水,從化,,從化,,,,,,,,游水,,
H465,09/12/2023,快操,從化,全天候,從化 全天候,,56.3,56.3,30.1 26.2,,助手,,快操,H,30.1 26.2 (56.3) (助手)
H465,09/12/2023,踱步,從化,飛機場,從化 飛機場,,,,,,助手,,踱步,H,飛機場 踱步 (助手)
H465,08/12/2023,游水,從化,,從化,,,,,,,,游水,,
H465,08/12/2023,踱步,從化,內圈,從化 內圈,,,,,,助手,,快踱一圈,H,內圈 快踱一圈 (助手)
H465,07/12/2023,游水,從化,,從化,,,,,,,,游水,,
H465,07/12/2023,踱步,從化,內圈,從化 內圈,,,,,,助手,,倒快兩圈,H,內圈 倒快兩圈 (助手)
H465,06/12/2023,游水,從化,,從化,,,,,,,,游水,,
H465,06/12/2023,快操,從化,全天候,從化 全天候,,55.7,55.7,30.3 25.4,,副練馬師,,快操,H,30.3 25.4 (55.7) (副練馬師)
H465,06/12/2023,踱步,從化,飛機場,從化 飛機場,,,,,,副練馬師,,踱步,H,飛機場 踱步 (副練馬師)
H465,05/12/2023,游水,從化,,從化,,,,,,,,游水,,
H465,05/12/2023,踱步,從化,內圈,從化 內圈,,,,,,助手,,快踱一圈,H,內圈 快踱一圈 (助手)
H465,04/12/2023,游水,從化,,從化,,,,,,,,游水,,
H465,04/12/2023,踱步,從化,內圈,從化 內圈,,,,,,助手,,倒快一圈,H,內圈 倒快一圈 (助手)
H465,03/12/2023,游水,從化,,從化,,,,,,,,游水,,
H465,03/12/2023,踱步,從化,內圈,從化 內圈,,,,,,助手,,快踱一圈,H,內圈 快踱一圈 (助手)
H465,01/12/2023,試閘,從化,草地,從化 草地,1200M,1.10.96,70.96,24.2 23.4 23.3,海藍寶,查本楠,,第10組,,第10組 (查本楠) 1200M 海藍寶 24.2 23.4 23.3 (1.10.96)
H465,01/12/2023,踱步,從化,飛機場,從化 飛機場,,,,,,助手,,踱步,,飛機場 踱步 (助手)
H465,30/11/2023,游水,從化,,從化,,,,,,,,游水,,
H465,30/11/2023,踱步,從化,內圈,從化 內圈,,,,,,助手,,倒快兩圈,H,內圈 倒快兩圈 (助手)
H465,29/11/2023,游水,從化,,從化,,,,,,,,游水,,
H465,29/11/2023,踱步,從化,內圈,從化 內圈,,,,,,助手,,快踱一圈,H,內圈 快踱一圈 (助手)
H465,28/11/2023,快操,從化,全天候,從化 全天候,,56.5,56.5,30.3 26.2,,助手,,快操,H,30.3 26.2 (56.5) (助手)
H465,28/11/2023,踱步,從化,飛機場,從化 飛機場,,,,,,助手,,踱步,H,飛機場 踱步 (助手)
H465,27/11/2023,游水,從化,,從化,,,,,,,,游水,,
H465,27/11/2023,踱步,從化,內圈,從化 內圈,,,,,,助手,,倒快兩圈,H,內圈 倒快兩圈 (助手)
H465,26/11/2023,游水,從化,,從化,,,,,,,,游水,,
H465,26/11/2023,踱步,從化,內圈,從化 內圈,,,,,,助手,,快踱一圈,H,內圈 快踱一圈 (助手)
H465,25/11/2023,游水,從化,,從化,,,,,,,,游水,,
H465,25/11/2023,踱步,從化,內圈,從化 內圈,,,,,,助手,,快踱一圈,H,內圈 快踱一圈 (助手)
H465,24/11/2023,游水,從化,,從化,,,,,,,,游水,,
H465,24/11/2023,快操,從化,全天候,從化 全天候,,56.4,56.4,29.6 26.8,,助手,,快操,H,29.6 26.8 (56.4) (助手)
H465,24/11/2023,踱步,從化,飛機場,從化 飛機場,,,,,,助手,,踱步,H,飛機場 踱步 (助手)
H465,23/11/2023,游水,從化,,從化,,,,,,,,游水,,
H465,23/11/2023,踱步,從化,內圈,從化 內圈,,,,,,助手,,倒快兩圈,H,內圈 倒快兩圈 (助手)
H465,22/11/2023,游水,從化,,從化,,,,,,,,游水,,
H465,22/11/2023,踱步,從化,內圈,從化 內圈,,,,,,助手,,快踱一圈,H,內圈 快踱一圈 (助手)
H465,21/11/2023,游水,從化,,從化,,,,,,,,游水,,
H465,21/11/2023,踱步,從化,內圈,從化 內圈,,,,,,助手,,快踱一圈,H,內圈 快踱一圈 (助手)
H465,20/11/2023,游水,從化,,從化,,,,,,,,游水,,
H465,20/11/2023,踱步,從化,內圈,從化 內圈,,,,,,助手,,倒快一圈,H,內圈 倒快一圈 (助手)
H465,19/11/2023,游水,從化,,從化,,,,,,,,游水,,
H465,19/11/2023,快操,從化,全天候,從化 全天候,,55.8,55.8,29.6 26.2,,助手,,快操,H,29.6 26.2 (55.8) (助手)
H465,19/11/2023,踱步,從化,飛機場,從化 飛機場,,,,,,助手,,踱步,H,飛機場 踱步 (助手)
H465,18/11/2023,游水,從化,,從化,,,,,,,,游水,,
H465,18/11/2023,踱步,從化,內圈,從化 內圈,,,,,,助手,,快踱一圈,H,內圈 快踱一圈 (助手)
H465,17/11/2023,游水,從化,,從化,,,,,,,,游水,,
H465,17/11/2023,踱步,從化,內圈,從化 內圈,,,,,,助手,,快踱一圈,H,內圈 快踱一圈 (助手)
H465,16/11/2023,游水,從化,,從化,,,,,,,,游水,,
H465,16/11/2023,踱步,從化,內圈,從化 內圈,,,,,,助手,,倒快一圈,H,內圈 倒快一圈 (助手)
H465,15/11/2023,游水,從化,,從化,,,,,,,,游水,,
H465,15/11/2023,踱步,從化,內圈,從化 內圈,,,,,,助手,,快踱一圈,H,內圈 快踱一圈 (助手)
H465,14/11/2023,游水,從化,,從化,,,,,,,,游水,,
H465,14/11/2023,踱步,從化,飛機場,從化 飛機場,,,,,,助手,,踱步,,飛機場 踱步 (助手)
H465,11/11/2023,踱步,沙田,飛機場,沙田 飛機場,,,,,,助手,,踱步,H,飛機場 踱步 (助手)
H465,10/11/2023,游水,沙田,,沙田,,,,,,,,游水,,
H465,10/11/2023,踱步,沙田,內圈,沙田 內圈,,,,,,助手,,快踱一圈,H,內圈 快踱一圈 (助手)
H465,09/11/2023,游水,沙田,,沙田,,,,,,,,游水,,
H465,09/11/2023,快操,沙田,全天候,沙田 全天候,,1.22.8,82.8,30.5 27.1 25.2,,助手,,極速之子,,30.5 27.1 25.2 (1.22.8) (助手) 極速之子
H465,09/11/2023,踱步,沙田,飛機場,沙田 飛機場,,,,,,助手,,踱步,,飛機場 踱步 (助手)
H465,08/11/2023,游水,沙田,,沙田,,,,,,,,游水,,
H465,08/11/2023,踱步,沙田,內圈,沙田 內圈,,,,,,助手,,快踱一圈,H,內圈 快踱一圈 (助手)
H465,07/11/2023,游水,沙田,,沙田,,,,,,,,游水,,
H465,07/11/2023,踱步,沙田,內圈,沙田 內圈,,,,,,助手,,快踱一圈,H,內圈 快踱一圈 (助手)
H465,06/11/2023,游水,沙田,,沙田,,,,,,,,游水,,
H465,06/11/2023,快操,沙田,草閘,沙田 草閘,,48.8,48.8,26.0 22.8,,助手,,"勁大威猛, 酷霸王",,"26.0 22.8 (48.8) (助手) 勁大威猛, 酷霸王"
H465,05/11/2023,游水,沙田,,沙田,,,,,,,,游水,,
H465,05/11/2023,踱步,沙田,內圈,沙田 內圈,,,,,,助手,,快踱一圈,H,內圈 快踱一圈 (助手)
H465,04/11/2023,游水,沙田,,沙田,,,,,,,,游水,,
H465,04/11/2023,踱步,沙田,內圈,沙田 內圈,,,,,,助手,,快踱一圈,H,內圈 快踱一圈 (助手)
H465,03/11/2023,游水,沙田,,沙田,,,,,,,,游水,,
H465,03/11/2023,踱步,沙田,內圈,沙田 內圈,,,,,,助手,,快踱一圈,H,內圈 快踱一圈 (助手)
H465,02/11/2023,游水,沙田,,沙田,,,,,,,,游水,,
H465,02/11/2023,踱步,沙田,內圈,沙田 內圈,,,,,,助手,,倒快一圈,H,內圈 倒快一圈 (助手)
H465,01/11/2023,游水,沙田,,沙田,,,,,,,,游水,,
H465,31/10/2023,試閘,沙田,全天候,沙田 全天候,1200M,1.10.15,70.15,24.3 22.9 22.9,浪漫梟雄,梁家俊,,第4組,,第4組 (梁家俊) 1200M 浪漫梟雄 24.3 22.9 22.9 (1.10.15)
H465,30/10/2023,游水,沙田,,沙田,,,,,,,,游水,,
H465,30/10/2023,踱步,沙田,內圈,沙田 內圈,,,,,,助手,,倒快兩圈,H,內圈 倒快兩圈 (助手)
H465,29/10/2023,游水,沙田,,沙田,,,,,,,,游水,,
H465,29/10/2023,踱步,沙田,內圈,沙田 內圈,,,,,,助手,,快踱一圈,H,內圈 快踱一圈 (助手)
H465,28/10/2023,游水,沙田,,沙田,,,,,,,,游水,,
H465,28/10/2023,踱步,沙田,內圈,沙田 內圈,,,,,,助手,,快踱一圈,H,內圈 快踱一圈 (助手)
H465,27/10/2023,游水,沙田,,沙田,,,,,,,,游水,,
H465,27/10/2023,快操,沙田,全天候,沙田 全天候,,57.7,57.7,30.7 27.0,,助手,,快操,H,30.7 27.0 (57.7) (助手)
H465,27/10/2023,踱步,沙田,飛機場,沙田 飛機場,,,,,,助手,,踱步,H,飛機場 踱步 (助手)
H465,26/10/2023,游水,沙田,,沙田,,,,,,,,游水,,
H465,26/10/2023,踱步,沙田,內圈,沙田 內圈,,,,,,助手,,倒快兩圈,H,內圈 倒快兩圈 (助手)
H465,25/10/2023,游水,沙田,,沙田,,,,,,,,游水,,
H465,25/10/2023,踱步,沙田,內圈,沙田 內圈,,,,,,助手,,快踱一圈,H,內圈 快踱一圈 (助手)
H465,24/10/2023,游水,沙田,,沙田,,,,,,,,游水,,
H465,24/10/2023,踱步,沙田,內圈,沙田 內圈,,,,,,助手,,快踱一圈,H,內圈 快踱一圈 (助手)
H465,23/10/2023,游水,沙田,,沙田,,,,,,,,游水,,
H465,23/10/2023,快操,沙田,全天候,沙田 全天候,,54.5,54.5,29.3 25.2,,助手,,快操,H,29.3 25.2 (54.5) (助手)
H465,23/10/2023,踱步,沙田,飛機場,沙田 飛機場,,,,,,助手,,踱步,H,飛機場 踱步 (助手)
H465,22/10/2023,游水,沙田,,沙田,,,,,,,,游水,,
H465,22/10/2023,踱步,沙田,內圈,沙田 內圈,,,,,,助手,,快踱一圈,H,內圈 快踱一圈 (助手)
H465,21/10/2023,游水,沙田,,沙田,,,,,,,,游水,,
H465,21/10/2023,踱步,沙田,內圈,沙田 內圈,,,,,,助手,,快踱一圈,H,內圈 快踱一圈 (助手)
H465,20/10/2023,游水,沙田,,沙田,,,,,,,,游水,,
H465,20/10/2023,踱步,沙田,內圈,沙田 內圈,,,,,,助手,,快踱一圈,H,內圈 快踱一圈 (助手)
H465,19/10/2023,踱步,從化,內圈,從化 內圈,,,,,,助手,,倒快一圈,H,內圈 倒快一圈 (助手)
H465,18/10/2023,游水,從化,,從化,,,,,,,,游水,,
H465,18/10/2023,踱步,從化,內圈,從化 內圈,,,,,,助手,,快踱一圈,H,內圈 快踱一圈 (助手)
H465,17/10/2023,游水,從化,,從化,,,,,,,,游水,,
H465,17/10/2023,踱步,從化,內圈,從化 內圈,,,,,,助手,,快踱一圈,H,內圈 快踱一圈 (助手)
H465,16/10/2023,游水,從化,,從化,,,,,,,,游水,,
H465,16/10/2023,踱步,從化,內圈,從化 內圈,,,,,,助手,,倒快一圈,H,內圈 倒快一圈 (助手)
H465,15/10/2023,游水,從化,,從化,,,,,,,,游水,,
H465,15/10/2023,踱步,從化,內圈,從化 內圈,,,,,,助手,,快踱一圈,H,內圈 快踱一圈 (助手)
H465,13/10/2023,試閘,從化,草地,從化 草地,1200M,1.11.47,71.47,24.2 22.8 24.4,江南盛,董明朗,,第9組,B,第9組 (董明朗) 1200M 江南盛 24.2 22.8 24.4 (1.11.47)
H465,13/10/2023,踱步,從化,飛機場,從化 飛機場,,,,,,助手,,踱步,B,飛機場 踱步 (助手)
H465,12/10/2023,游水,從化,,從化,,,,,,,,游水,,
H465,12/10/2023,踱步,從化,內圈,從化 內圈,,,,,,助手,,倒快兩圈,H,內圈 倒快兩圈 (助手)
H465,11/10/2023,快操,從化,全天候,從化 全天候,,56.7,56.7,30.3 26.4,,助手,,快操,H,30.3 26.4 (56.7) (助手)
H465,11/10/2023,踱步,從化,飛機場,從化 飛機場,,,,,,助手,,踱步,H,飛機場 踱步 (助手)
H465,10/10/2023,游水,從化,,從化,,,,,,,,游水,,
H465,10/10/2023,踱步,從化,內圈,從化 內圈,,,,,,助手,,快踱一圈,H,內圈 快踱一圈 (助手)
H465,09/10/2023,游水,從化,,從化,,,,,,,,游水,,
H465,09/10/2023,踱步,從化,內圈,從化 內圈,,,,,,助手,,倒快一圈,H,內圈 倒快一圈 (助手)
H465,08/10/2023,游水,從化,,從化,,,,,,,,游水,,
H465,08/10/2023,快操,從化,全天候,從化 全天候,,56.5,56.5,30.8 25.7,,助手,,快操,H,30.8 25.7 (56.5) (助手)
H465,08/10/2023,踱步,從化,飛機場,從化 飛機場,,,,,,助手,,踱步,H,飛機場 踱步 (助手)
H465,07/10/2023,游水,從化,,從化,,,,,,,,游水,,
H465,07/10/2023,踱步,從化,內圈,從化 內圈,,,,,,助手,,快踱一圈,H,內圈 快踱一圈 (助手)
H465,06/10/2023,游水,從化,,從化,,,,,,,,游水,,
H465,06/10/2023,踱步,從化,內圈,從化 內圈,,,,,,助手,,快踱一圈,H,內圈 快踱一圈 (助手)
H465,05/10/2023,踱步,沙田,內圈,沙田 內圈,,,,,,助手,,倒快一圈,H,內圈 倒快一圈 (助手)
H465,04/10/2023,游水,沙田,,沙田,,,,,,,,游水,,
H465,04/10/2023,快操,沙田,全天候,沙田 全天候,,54.6,54.6,30.5 24.1,,助手,,常拼常勇,B,30.5 24.1 (54.6) (助手) 常拼常勇
H465,04/10/2023,踱步,沙田,飛機場,沙田 飛機場,,,,,,助手,,踱步,H,飛機場 踱步 (助手)
H465,03/10/2023,游水,沙田,,沙田,,,,,,,,游水,,
H465,03/10/2023,踱步,沙田,內圈,沙田 內圈,,,,,,助手,,快踱一圈,H,內圈 快踱一圈 (助手)
H465,02/10/2023,游水,沙田,,沙田,,,,,,,,游水,,
H465,02/10/2023,踱步,沙田,內圈,沙田 內圈,,,,,,助手,,倒快兩圈,H,內圈 倒快兩圈 (助手)
H465,01/10/2023,游水,沙田,,沙田,,,,,,,,游水,,
H465,01/10/2023,踱步,沙田,內圈,沙田 內圈,,,,,,助手,,快踱一圈,H,內圈 快踱一圈 (助手)
H465,30/09/2023,游水,沙田,,沙田,,,,,,,,游水,,
H465,30/09/2023,踱步,沙田,內圈,沙田 內圈,,,,,,助手,,快踱一圈,H,內圈 快踱一圈 (助手)
H465,29/09/2023,游水,沙田,,沙田,,,,,,,,游水,,
H465,29/09/2023,踱步,沙田,內圈,沙田 內圈,,,,,,助手,,快踱一圈,H,內圈 快踱一圈 (助手)
H465,28/09/2023,游水,沙田,,沙田,,,,,,,,游水,,
H465,28/09/2023,踱步,沙田,內圈,沙田 內圈,,,,,,助手,,倒快一圈,H,內圈 倒快一圈 (助手)
H465,27/09/2023,游水,沙田,,沙田,,,,,,,,游水,,
H465,27/09/2023,踱步,沙田,飛機場,沙田 飛機場,,,,,,助手,,踱步,H,飛機場 踱步 (助手)
H465,24/09/2023,踱步,沙田,飛機場,沙田 飛機場,,,,,,助手,,踱步,H,飛機場 踱步 (助手)
H465,23/09/2023,游水,沙田,,沙田,,,,,,,,游水,,
H465,23/09/2023,踱步,沙田,內圈,沙田 內圈,,,,,,助手,,快踱一圈,H,內圈 快踱一圈 (助手)
H465,22/09/2023,游水,沙田,,沙田,,,,,,,,游水,,
H465,22/09/2023,踱步,沙田,內圈,沙田 內圈,,,,,,助手,,快踱一圈,H,內圈 快踱一圈 (助手)
H465,21/09/2023,游水,沙田,,沙田,,,,,,,,游水,,
H465,21/09/2023,快操,沙田,全天候,沙田 全天候,,53.8,53.8,28.9 24.9,,助手,,快操,H,28.9 24.9 (53.8) (助手)
H465,21/09/2023,踱步,沙田,飛機場,沙田 飛機場,,,,,,助手,,踱步,H,飛機場 踱步 (助手)
H465,20/09/2023,游水,沙田,,沙田,,,,,,,,游水,,
H465,19/09/2023,游水,沙田,,沙田,,,,,,,,游水,,
H465,18/09/2023,游水,沙田,,沙田,,,,,,,,游水,,
H465,18/09/2023,踱步,沙田,內圈,沙田 內圈,,,,,,助手,,倒快一圈,H,內圈 倒快一圈 (助手)
H465,17/09/2023,游水,沙田,,沙田,,,,,,,,游水,,
H465,16/09/2023,試閘,跑馬地,草地,跑馬地 草地,1200M,1.12.41,72.41,25.2 24.1 23.1,水晶酒杯,董明朗,,第6組,,第6組 (董明朗) 1200M 水晶酒杯 25.2 24.1 23.1 (1.12.41)
H465,15/09/2023,游水,沙田,,沙田,,,,,,,,游水,,
H465,15/09/2023,踱步,沙田,內圈,沙田 內圈,,,,,,助手,,快踱一圈,H,內圈 快踱一圈 (助手)
H465,14/09/2023,游水,沙田,,沙田,,,,,,,,游水,,
H465,14/09/2023,踱步,沙田,內圈,沙田 內圈,,,,,,助手,,倒快一圈,H,內圈 倒快一圈 (助手)
H465,13/09/2023,游水,沙田,,沙田,,,,,,,,游水,,
H465,13/09/2023,快操,沙田,全天候,沙田 全天候,,56.1,56.1,30.2 25.9,,董明朗,,遨遊天下,H,30.2 25.9 (56.1) (董明朗) 遨遊天下
H465,13/09/2023,踱步,沙田,飛機場,沙田 飛機場,,,,,,董明朗,,踱步,H,飛機場 踱步 (董明朗)
H465,12/09/2023,游水,沙田,,沙田,,,,,,,,游水,,
H465,12/09/2023,踱步,沙田,內圈,沙田 內圈,,,,,,助手,,快踱一圈,,內圈 快踱一圈 (助手)
H465,11/09/2023,游水,沙田,,沙田,,,,,,,,游水,,
H465,11/09/2023,踱步,沙田,內圈,沙田 內圈,,,,,,助手,,倒快一圈,H,內圈 倒快一圈 (助手)
H465,10/09/2023,游水,沙田,,沙田,,,,,,,,游水,,
H465,09/09/2023,試閘,沙田,全天候,沙田 全天候,1050M,1.02.07,62.07,16.3 22.7 23.0,實力派,董明朗,,第9組,,第9組 (董明朗) 1050M 實力派 16.3 22.7 23.0 (1.02.07)
H465,07/09/2023,游水,沙田,,沙田,,,,,,,,游水,,
H465,07/09/2023,踱步,沙田,內圈,沙田 內圈,,,,,,助手,,倒快一圈,H,內圈 倒快一圈 (助手)
H465,06/09/2023,游水,沙田,,沙田,,,,,,,,游水,,
H465,06/09/2023,踱步,沙田,內圈,沙田 內圈,,,,,,助手,,快踱一圈,H,內圈 快踱一圈 (助手)
H465,05/09/2023,游水,沙田,,沙田,,,,,,,,游水,,
H465,05/09/2023,快操,沙田,草閘,沙田 草閘,,47.7,47.7,24.1 23.6,,董明朗,,金莊令,B,24.1 23.6 (47.7) (董明朗) 金莊令
H465,05/09/2023,踱步,沙田,飛機場,沙田 飛機場,,,,,,董明朗,,踱步,H,飛機場 踱步 (董明朗)
H465,04/09/2023,游水,沙田,,沙田,,,,,,,,游水,,
H465,04/09/2023,踱步,沙田,內圈,沙田 內圈,,,,,,助手,,倒快兩圈,H,內圈 倒快兩圈 (助手)
H465,03/09/2023,游水,沙田,,沙田,,,,,,,,游水,,
H465,03/09/2023,踱步,沙田,內圈,沙田 內圈,,,,,,助手,,快踱一圈,H,內圈 快踱一圈 (助手)
H465,31/08/2023,游水,沙田,,沙田,,,,,,,,游水,,
H465,31/08/2023,踱步,沙田,內圈,沙田 內圈,,,,,,助手,,倒快兩圈,H,內圈 倒快兩圈 (助手)
H465,30/08/2023,游水,沙田,,沙田,,,,,,,,游水,,
H465,30/08/2023,快操,沙田,全天候,沙田 全天候,,57.8,57.8,30.5 27.3,,助手,,快操,H,30.5 27.3 (57.8) (助手)
H465,30/08/2023,踱步,沙田,飛機場,沙田 飛機場,,,,,,助手,,踱步,H,飛機場 踱步 (助手)
H465,29/08/2023,游水,沙田,,沙田,,,,,,,,游水,,
H465,29/08/2023,踱步,沙田,內圈,沙田 內圈,,,,,,助手,,快踱一圈,H,內圈 快踱一圈 (助手)
H465,28/08/2023,游水,沙田,,沙田,,,,,,,,游水,,
H465,28/08/2023,踱步,沙田,內圈,沙田 內圈,,,,,,助手,,倒快兩圈,H,內圈 倒快兩圈 (助手)
H465,27/08/2023,游水,沙田,,沙田,,,,,,,,游水,,
H465,27/08/2023,踱步,沙田,內圈,沙田 內圈,,,,,,助手,,快踱一圈,H,內圈 快踱一圈 (助手)
H465,26/08/2023,游水,沙田,,沙田,,,,,,,,游水,,
H465,26/08/2023,踱步,沙田,內圈,沙田 內圈,,,,,,助手,,快踱一圈,H,內圈 快踱一圈 (助手)
H465,25/08/2023,游水,沙田,,沙田,,,,,,,,游水,,
H465,25/08/2023,快操,沙田,全天候,沙田 全天候,,1.00.0,60.0,31.8 28.2,,助手,,快操,H,31.8 28.2 (1.00.0) (助手)
H465,25/08/2023,踱步,沙田,飛機場,沙田 飛機場,,,,,,助手,,踱步,H,飛機場 踱步 (助手)
H465,24/08/2023,游水,沙田,,沙田,,,,,,,,游水,,
H465,23/08/2023,游水,沙田,,沙田,,,,,,,,游水,,
H465,23/08/2023,踱步,沙田,內圈,沙田 內圈,,,,,,助手,,快踱一圈,H,內圈 快踱一圈 (助手)
H465,22/08/2023,游水,沙田,,沙田,,,,,,,,游水,,
H465,22/08/2023,踱步,沙田,內圈,沙田 內圈,,,,,,助手,,快踱一圈,H,內圈 快踱一圈 (助手)
H465,21/08/2023,游水,沙田,,沙田,,,,,,,,游水,,
H465,21/08/2023,快操,沙田,全天候,沙田 全天候,,28.9,28.9,28.9,,助手,,快操,,28.9 (28.9) (助手)
H465,21/08/2023,踱步,沙田,飛機場,沙田 飛機場,,,,,,助手,,踱步,,飛機場 踱步 (助手)
H465,20/08/2023,游水,沙田,,沙田,,,,,,,,游水,,
H465,20/08/2023,踱步,沙田,內圈,沙田 內圈,,,,,,助手,,快踱一圈,H,內圈 快踱一圈 (助手)
H465,19/08/2023,游水,沙田,,沙田,,,,,,,,游水,,
H465,19/08/2023,踱步,沙田,內圈,沙田 內圈,,,,,,助手,,快踱一圈,H,內圈 快踱一圈 (助手)
H465,18/08/2023,游水,沙田,,沙田,,,,,,,,游水,,
H465,18/08/2023,踱步,沙田,內圈,沙田 內圈,,,,,,助手,,快踱一圈,H,內圈 快踱一圈 (助手)
H465,17/08/2023,游水,沙田,,沙田,,,,,,,,游水,,
H465,17/08/2023,快操,沙田,全天候,沙田 全天候,,58.5,58.5,31.3 27.2,,助手,,快操,H,31.3 27.2 (58.5) (助手)
H465,17/08/2023,踱步,沙田,飛機場,沙田 飛機場,,,,,,助手,,踱步,H,飛機場 踱步 (助手)
H465,16/08/2023,游水,沙田,,沙田,,,,,,,,游水,,
H465,16/08/2023,踱步,沙田,內圈,沙田 內圈,,,,,,助手,,快踱一圈,H,內圈 快踱一圈 (助手)
H465,15/08/2023,游水,沙田,,沙田,,,,,,,,游水,,
H465,15/08/2023,踱步,沙田,內圈,沙田 內圈,,,,,,助手,,快踱一圈,H,內圈 快踱一圈 (助手)
H465,14/08/2023,游水,沙田,,沙田,,,,,,,,游水,,
H465,14/08/2023,踱步,沙田,內圈,沙田 內圈,,,,,,助手,,倒快一圈,H,內圈 倒快一圈 (助手)
H465,13/08/2023,游水,沙田,,沙田,,,,,,,,游水,,
H465,13/08/2023,快操,沙田,全天候,沙田 全天候,,1.01.6,61.6,32.1 29.5,,助手,,快操,H,32.1 29.5 (1.01.6) (助手)
H465,13/08/2023,踱步,沙田,飛機場,沙田 飛機場,,,,,,助手,,踱步,H,飛機場 踱步 (助手)
H465,12/08/2023,游水,沙田,,沙田,,,,,,,,游水,,
H465,12/08/2023,踱步,沙田,內圈,沙田 內圈,,,,,,助手,,快踱一圈,H,內圈 快踱一圈 (助手)
H465,11/08/2023,游水,沙田,,沙田,,,,,,,,游水,,
H465,11/08/2023,踱步,沙田,內圈,沙田 內圈,,,,,,助手,,快踱一圈,H,內圈 快踱一圈 (助手)
H465,10/08/2023,游水,沙田,,沙田,,,,,,,,游水,,
H465,09/08/2023,游水,沙田,,沙田,,,,,,,,游水,,
H465,09/08/2023,踱步,沙田,內圈,沙田 內圈,,,,,,助手,,快踱一圈,H,內圈 快踱一圈 (助手)
H465,08/08/2023,游水,沙田,,沙田,,,,,,,,游水,,
H465,08/08/2023,踱步,沙田,內圈,沙田 內圈,,,,,,助手,,快踱一圈,H,內圈 快踱一圈 (助手)
H465,07/08/2023,游水,沙田,,沙田,,,,,,,,游水,,
H465,07/08/2023,踱步,沙田,內圈,沙田 內圈,,,,,,助手,,快踱一圈,H,內圈 快踱一圈 (助手)
H465,06/08/2023,游水,沙田,,沙田,,,,,,,,游水,,
H465,06/08/2023,踱步,沙田,外圈,沙田 外圈,,,,,,助手,,快踱一圈,H,外圈 快踱一圈 (助手)
H465,05/08/2023,游水,沙田,,沙田,,,,,,,,游水,,
H465,05/08/2023,踱步,沙田,外圈,沙田 外圈,,,,,,助手,,快踱一圈,H,外圈 快踱一圈 (助手)
H465,04/08/2023,踱步,沙田,外圈,沙田 外圈,,,,,,助手,,快踱一圈,H,外圈 快踱一圈 (助手)
H465,03/08/2023,踱步,沙田,外圈,沙田 外圈,,,,,,助手,,快踱一圈,H,外圈 快踱一圈 (助手)
H465,02/08/2023,踱步,沙田,外圈,沙田 外圈,,,,,,助手,,快踱一圈,H,外圈 快踱一圈 (助手)
H465,01/08/2023,踱步,沙田,飛機場,沙田 飛機場,,,,,,助手,,踱步,H,飛機場 踱步 (助手)
H465,31/07/2023,踱步,沙田,飛機場,沙田 飛機場,,,,,,助手,,踱步,H,飛機場 踱步 (助手)
H465,30/07/2023,踱步,沙田,飛機場,沙田 飛機場,,,,,,助手,,踱步,H,飛機場 踱步 (助手)
H465,29/07/2023,踱步,沙田,飛機場,沙田 飛機場,,,,,,助手,,踱步,H,飛機場 踱步 (助手)
H465,28/07/2023,踱步,沙田,飛機場,沙田 飛機場,,,,,,助手,,踱步,,飛機場 踱步 (助手)
H465,27/07/2023,踱步,沙田,飛機場,沙田 飛機場,,,,,,助手,,踱步,H,飛機場 踱步 (助手)
H465,26/07/2023,踱步,沙田,飛機場,沙田 飛機場,,,,,,助手,,踱步,H,飛機場 踱步 (助手)
H465,25/07/2023,踱步,沙田,飛機場,沙田 飛機場,,,,,,助手,,踱步,H,飛機場 踱步 (助手)
H465,24/07/2023,踱步,沙田,飛機場,沙田 飛機場,,,,,,助手,,踱步,H,飛機場 踱步 (助手)
