horse_no,date,work_type,racecourse,track,venue,distance,time,time_sec,splits,partner,rider,placing,comment,gear,workout_details
H368,08/09/2026,試閘,沙田,全天候,沙田 全天候,1200M,1.11.01,71.01,25.0 23.3 22.7,信心星,艾道拿,,第1組,P,第1組 (艾道拿) 1200M 信心星 25.0 23.3 22.7 (1.11.01)
H368,08/09/2026,踱步,沙田,飛機場,沙田 飛機場,,,,,,助手,,踱步,,飛機場 踱步 (助手)
H368,07/09/2026,游水,沙田,,沙田,,,,,,,,游水,,
H368,07/09/2026,踱步,沙田,內圈,沙田 內圈,,,,,,助手,,倒快一圈,H,內圈 倒快一圈 (助手)
H368,06/09/2026,游水,沙田,,沙田,,,,,,,,游水,,
H368,06/09/2026,踱步,沙田,內圈,沙田 內圈,,,,,,助手,,快踱一圈,H,內圈 快踱一圈 (助手)
H368,05/09/2026,游水,沙田,,沙田,,,,,,,,游水,,
H368,05/09/2026,快操,沙田,全天候,沙田 全天候,,57.2,57.2,31.8 25.4,,助手,,快操,,31.8 25.4 (57.2) (助手)
H368,05/09/2026,踱步,沙田,飛機場,沙田 飛機場,,,,,,助手,,踱步,,飛機場 踱步 (助手)
H368,04/09/2026,游水,沙田,,沙田,,,,,,,,游水,,
H368,04/09/2026,踱步,沙田,內圈,沙田 內圈,,,,,,助手,,快踱一圈,H,內圈 快踱一圈 (助手)
H368,03/09/2026,游水,沙田,,沙田,,,,,,,,游水,,
H368,03/09/2026,踱步,沙田,內圈,沙田 內圈,,,,,,助手,,倒快一圈,H,內圈 倒快一圈 (助手)
H368,02/09/2026,游水,沙田,,沙田,,,,,,,,游水,,
H368,02/09/2026,快操,沙田,全天候,沙田 全天候,,56.7,56.7,31.2 25.5,,助手,,快操,,31.2 25.5 (56.7) (助手)
H368,02/09/2026,踱步,沙田,飛機場,沙田 飛機場,,,,,,助手,,踱步,,飛機場 踱步 (助手)
H368,01/09/2026,游水,沙田,,沙田,,,,,,,,游水,,
H368,01/09/2026,踱步,沙田,內圈,沙田 內圈,,,,,,助手,,快踱一圈,H,內圈 快踱一圈 (助手)
H368,31/08/2026,游水,沙田,,沙田,,,,,,,,游水,,
H368,31/08/2026,踱步,沙田,內圈,沙田 內圈,,,,,,助手,,倒快一圈,H,內圈 倒快一圈 (助手)
H368,30/08/2026,游水,沙田,,沙田,,,,,,,,游水,,
H368,30/08/2026,踱步,沙田,內圈,沙田 內圈,,,,,,助手,,快踱一圈,H,內圈 快踱一圈 (助手)
H368,29/08/2026,游水,沙田,,沙田,,,,,,,,游水,,
H368,29/08/2026,快操,沙田,全天候,沙田 全天候,,57.6,57.6,31.8 25.8,,助手,,絲王之王,,31.8 25.8 (57.6) (助手) 絲王之王
H368,29/08/2026,踱步,沙田,飛機場,沙田 飛機場,,,,,,助手,,踱步,,飛機場 踱步 (助手)
H368,28/08/2026,游水,沙田,,沙田,,,,,,,,游水,,
H368,28/08/2026,踱步,沙田,內圈,沙田 內圈,,,,,,助手,,快踱一圈,H,內圈 快踱一圈 (助手)
H368,27/08/2026,游水,沙田,,沙田,,,,,,,,游水,,
H368,27/08/2026,踱步,沙田,內圈,沙田 內圈,,,,,,助手,,倒快一圈,H,內圈 倒快一圈 (助手)
H368,26/08/2026,游水,沙田,,沙田,,,,,,,,游水,,
H368,26/08/2026,快操,沙田,全天候,沙田 全天候,,58.4,58.4,32.2 26.2,,助手,,快操,,32.2 26.2 (58.4) (助手)
H368,26/08/2026,踱步,沙田,飛機場,沙田 飛機場,,,,,,助手,,踱步,,飛機場 踱步 (助手)
H368,25/08/2026,游水,沙田,,沙田,,,,,,,,游水,,
H368,25/08/2026,踱步,沙田,內圈,沙田 內圈,,,,,,助手,,快踱一圈,H,內圈 快踱一圈 (助手)
H368,24/08/2026,游水,沙田,,沙田,,,,,,,,游水,,
H368,24/08/2026,踱步,沙田,內圈,沙田 內圈,,,,,,助手,,倒快一圈,H,內圈 倒快一圈 (助手)
H368,23/08/2026,游水,沙田,,沙田,,,,,,,,游水,,
H368,23/08/2026,踱步,沙田,內圈,沙田 內圈,,,,,,助手,,快踱一圈,H,內圈 快踱一圈 (助手)
H368,22/08/2026,游水,沙田,,沙田,,,,,,,,游水,,
H368,22/08/2026,快操,沙田,全天候,沙田 全天候,,56.8,56.8,30.7 26.1,,助手,,快操,,30.7 26.1 (56.8) (助手)
H368,22/08/2026,踱步,沙田,飛機場,沙田 飛機場,,,,,,助手,,踱步,,飛機場 踱步 (助手)
H368,21/08/2026,游水,沙田,,沙田,,,,,,,,游水,,
H368,21/08/2026,踱步,沙田,內圈,沙田 內圈,,,,,,助手,,快踱一圈,H,內圈 快踱一圈 (助手)
H368,20/08/2026,游水,沙田,,沙田,,,,,,,,游水,,
H368,20/08/2026,踱步,沙田,內圈,沙田 內圈,,,,,,助手,,倒快一圈,H,內圈 倒快一圈 (助手)
H368,19/08/2026,游水,沙田,,沙田,,,,,,,,游水,,
H368,19/08/2026,快操,沙田,全天候,沙田 全天候,,58.7,58.7,31.9 26.8,,助手,,快操,,31.9 26.8 (58.7) (助手)
H368,19/08/2026,踱步,沙田,飛機場,沙田 飛機場,,,,,,助手,,踱步,,飛機場 踱步 (助手)
H368,18/08/2026,游水,沙田,,沙田,,,,,,,,游水,,
H368,18/08/2026,踱步,沙田,內圈,沙田 內圈,,,,,,助手,,快踱一圈,H,內圈 快踱一圈 (助手)
H368,17/08/2026,游水,沙田,,沙田,,,,,,,,游水,,
H368,17/08/2026,踱步,沙田,內圈,沙田 內圈,,,,,,助手,,倒快一圈,H,內圈 倒快一圈 (助手)
H368,16/08/2026,游水,沙田,,沙田,,,,,,,,游水,,
H368,16/08/2026,踱步,沙田,內圈,沙田 內圈,,,,,,助手,,快踱一圈,H,內圈 快踱一圈 (助手)
H368,15/08/2026,游水,沙田,,沙田,,,,,,,,游水,,
H368,15/08/2026,快操,沙田,全天候,沙田 全天候,,57.8,57.8,31.8 26.0,,助手,,快操,,31.8 26.0 (57.8) (助手)
H368,15/08/2026,踱步,沙田,飛機場,沙田 飛機場,,,,,,助手,,踱步,,飛機場 踱步 (助手)
H368,14/08/2026,游水,沙田,,沙田,,,,,,,,游水,,
H368,14/08/2026,踱步,沙田,內圈,沙田 內圈,,,,,,助手,,快踱一圈,H,內圈 快踱一圈 (助手)
H368,13/08/2026,游水,沙田,,沙田,,,,,,,,游水,,
H368,13/08/2026,踱步,沙田,內圈,沙田 內圈,,,,,,助手,,倒快一圈,H,內圈 倒快一圈 (助手)
H368,12/08/2026,游水,沙田,,沙田,,,,,,,,游水,,
H368,12/08/2026,快操,沙田,全天候,沙田 全天候,,1.00.1,60.1,33.7 26.4,,助手,,快操,,33.7 26.4 (1.00.1) (助手)
H368,12/08/2026,踱步,沙田,飛機場,沙田 飛機場,,,,,,助手,,踱步,,飛機場 踱步 (助手)
H368,11/08/2026,游水,沙田,,沙田,,,,,,,,游水,,
H368,11/08/2026,踱步,沙田,內圈,沙田 內圈,,,,,,助手,,快踱一圈,H,內圈 快踱一圈 (助手)
H368,10/08/2026,游水,沙田,,沙田,,,,,,,,游水,,
H368,10/08/2026,踱步,沙田,內圈,沙田 內圈,,,,,,助手,,倒快一圈,H,內圈 倒快一圈 (助手)
H368,09/08/2026,游水,沙田,,沙田,,,,,,,,游水,,
H368,09/08/2026,踱步,沙田,內圈,沙田 內圈,,,,,,助手,,快踱一圈,H,內圈 快踱一圈 (助手)
H368,08/08/2026,游水,沙田,,沙田,,,,,,,,游水,,
H368,08/08/2026,快操,沙田,全天候,沙田 全天候,,28.0,28.0,28.0,,助手,,快操,,28.0 (28.0) (助手)
H368,08/08/2026,踱步,沙田,飛機場,沙田 飛機場,,,,,,助手,,踱步,,飛機場 踱步 (助手)
H368,07/08/2026,游水,沙田,,沙田,,,,,,,,游水,,
H368,07/08/2026,踱步,沙田,內圈,沙田 內圈,,,,,,助手,,快踱一圈,H,內圈 快踱一圈 (助手)
H368,06/08/2026,游水,沙田,,沙田,,,,,,,,游水,,
H368,06/08/2026,踱步,沙田,內圈,沙田 內圈,,,,,,助手,,倒快一圈,H,內圈 倒快一圈 (助手)
H368,05/08/2026,快操,沙田,全天候,沙田 全天候,,28.9,28.9,28.9,,助手,,快操,H,28.9 (28.9) (助手)
H368,05/08/2026,踱步,沙田,飛機場,沙田 飛機場,,,,,,助手,,踱步,H,飛機場 踱步 (助手)
H368,04/08/2026,踱步,沙田,內圈,沙田 內圈,,,,,,助手,,快踱一圈,H,內圈 快踱一圈 (助手)
H368,03/08/2026,踱步,沙田,內圈,沙田 內圈,,,,,,助手,,快踱一圈,H,內圈 快踱一圈 (助手)
H368,02/08/2026,快操,沙田,全天候,沙田 全天候,,31.0,31.0,31.0,,助手,,快操,H,31.0 (31.0) (助手)
H368,02/08/2026,踱步,沙田,飛機場,沙田 飛機場,,,,,,助手,,踱步,H,飛機場 踱步 (助手)
H368,01/08/2026,踱步,沙田,內圈,沙田 內圈,,,,,,助手,,快踱一圈,H,內圈 快踱一圈 (助手)
H368,31/07/2026,踱步,沙田,內圈,沙田 內圈,,,,,,助手,,快踱一圈,H,內圈 快踱一圈 (助手)
H368,30/07/2026,踱步,沙田,飛機場,沙田 飛機場,,,,,,助手,,踱步,H,飛機場 踱步 (助手)
H368,29/07/2026,踱步,沙田,飛機場,沙田 飛機場,,,,,,助手,,踱步,H,飛機場 踱步 (助手)
H368,28/07/2026,踱步,沙田,飛機場,沙田 飛機場,,,,,,助手,,踱步,H,飛機場 踱步 (助手)
H368,27/07/2026,踱步,沙田,飛機場,沙田 飛機場,,,,,,助手,,踱步,H,飛機場 踱步 (助手)
H368,24/06/2026,游水,沙田,,沙田,,,,,,,,游水,,
H368,23/06/2026,游水,沙田,,沙田,,,,,,,,游水,,
H368,21/06/2026,出賽,沙田,草地,沙田 草地,1400M,,,,,艾道拿,9/10,出賽,P,1400M (艾道拿) (9/10)
H368,21/06/2026,踱步,沙田,內圈,沙田 內圈,,,,,,助手,,快踱一圈,H,內圈 快踱一圈 (助手)
H368,20/06/2026,游水,沙田,,沙田,,,,,,,,游水,,
H368,20/06/2026,踱步,沙田,內圈,沙田 內圈,,,,,,助手,,快踱一圈,H,內圈 快踱一圈 (助手)
H368,19/06/2026,游水,沙田,,沙田,,,,,,,,游水,,
H368,19/06/2026,踱步,沙田,內圈,沙田 內圈,,,,,,助手,,快踱一圈,H,內圈 快踱一圈 (助手)
H368,18/06/2026,游水,沙田,,沙田,,,,,,,,游水,,
H368,18/06/2026,踱步,沙田,內圈,沙田 內圈,,,,,,助手,,倒快一圈,H,內圈 倒快一圈 (助手)
H368,17/06/2026,游水,沙田,,沙田,,,,,,,,游水,,
H368,17/06/2026,快操,沙田,全天候,沙田 全天候,,58.4,58.4,32.1 26.3,,助手,,快操,,32.1 26.3 (58.4) (助手)
H368,17/06/2026,踱步,沙田,飛機場,沙田 飛機場,,,,,,助手,,踱步,,飛機場 踱步 (助手)
H368,16/06/2026,游水,沙田,,沙田,,,,,,,,游水,,
H368,16/06/2026,踱步,沙田,內圈,沙田 內圈,,,,,,助手,,快踱一圈,H,內圈 快踱一圈 (助手)
H368,15/06/2026,游水,沙田,,沙田,,,,,,,,游水,,
H368,15/06/2026,踱步,沙田,內圈,沙田 內圈,,,,,,助手,,倒快一圈,H,內圈 倒快一圈 (助手)
H368,14/06/2026,游水,沙田,,沙田,,,,,,,,游水,,
H368,14/06/2026,踱步,沙田,內圈,沙田 內圈,,,,,,助手,,快踱一圈,H,內圈 快踱一圈 (助手)
H368,13/06/2026,游水,沙田,,沙田,,,,,,,,游水,,
H368,13/06/2026,踱步,沙田,飛機場,沙田 飛機場,,,,,,助手,,踱步,H,飛機場 踱步 (助手)
H368,12/06/2026,游水,沙田,,沙田,,,,,,,,游水,,
H368,11/06/2026,試閘,沙田,全天候,沙田 全天候,1200M,1.10.66,70.66,25.4 23.0 22.2,手機錶霸,艾道拿,,第1組,P,第1組 (艾道拿) 1200M 手機錶霸 25.4 23.0 22.2 (1.10.66)
H368,11/06/2026,踱步,沙田,飛機場,沙田 飛機場,,,,,,助手,,踱步,P,飛機場 踱步 (助手)
H368,10/06/2026,游水,沙田,,沙田,,,,,,,,游水,,
H368,10/06/2026,踱步,沙田,內圈,沙田 內圈,,,,,,助手,,快踱一圈,H,內圈 快踱一圈 (助手)
H368,09/06/2026,游水,沙田,,沙田,,,,,,,,游水,,
H368,09/06/2026,踱步,沙田,內圈,沙田 內圈,,,,,,助手,,快踱一圈,H,內圈 快踱一圈 (助手)
H368,08/06/2026,游水,沙田,,沙田,,,,,,,,游水,,
H368,08/06/2026,快操,沙田,全天候,沙田 全天候,,59.3,59.3,33.3 26.0,,助手,,快操,,33.3 26.0 (59.3) (助手)
H368,08/06/2026,踱步,沙田,飛機場,沙田 飛機場,,,,,,助手,,踱步,,飛機場 踱步 (助手)
H368,07/06/2026,游水,沙田,,沙田,,,,,,,,游水,,
H368,07/06/2026,踱步,沙田,內圈,沙田 內圈,,,,,,助手,,快踱一圈,H,內圈 快踱一圈 (助手)
H368,06/06/2026,游水,沙田,,沙田,,,,,,,,游水,,
H368,06/06/2026,踱步,沙田,內圈,沙田 內圈,,,,,,助手,,快踱一圈,H,內圈 快踱一圈 (助手)
H368,05/06/2026,游水,沙田,,沙田,,,,,,,,游水,,
H368,05/06/2026,踱步,沙田,內圈,沙田 內圈,,,,,,助手,,快踱一圈,H,內圈 快踱一圈 (助手)
H368,04/06/2026,游水,沙田,,沙田,,,,,,,,游水,,
H368,04/06/2026,踱步,沙田,飛機場,沙田 飛機場,,,,,,助手,,踱步,H,飛機場 踱步 (助手)
H368,03/06/2026,游水,沙田,,沙田,,,,,,,,游水,,
H368,02/06/2026,游水,沙田,,沙田,,,,,,,,游水,,
H368,31/05/2026,出賽,沙田,草地,沙田 草地,1200M,,,,,艾道拿,2/10,出賽,P,1200M (艾道拿) (2/10)
H368,31/05/2026,踱步,沙田,內圈,沙田 內圈,,,,,,助手,,快踱一圈,H,內圈 快踱一圈 (助手)
H368,30/05/2026,游水,沙田,,沙田,,,,,,,,游水,,
H368,30/05/2026,踱步,沙田,內圈,沙田 內圈,,,,,,助手,,快踱一圈,H,內圈 快踱一圈 (助手)
H368,29/05/2026,游水,沙田,,沙田,,,,,,,,游水,,
H368,29/05/2026,踱步,沙田,內圈,沙田 內圈,,,,,,助手,,快踱一圈,H,內圈 快踱一圈 (助手)
H368,28/05/2026,游水,沙田,,沙田,,,,,,,,游水,,
H368,28/05/2026,踱步,沙田,內圈,沙田 內圈,,,,,,助手,,倒快一圈,H,內圈 倒快一圈 (助手)
H368,27/05/2026,游水,沙田,,沙田,,,,,,,,游水,,
H368,27/05/2026,快操,沙田,全天候,沙田 全天候,,57.0,57.0,32.0 25.0,,助手,,快操,,32.0 25.0 (57.0) (助手)
H368,27/05/2026,踱步,沙田,飛機場,沙田 飛機場,,,,,,助手,,踱步,,飛機場 踱步 (助手)
H368,26/05/2026,游水,沙田,,沙田,,,,,,,,游水,,
H368,26/05/2026,踱步,沙田,內圈,沙田 內圈,,,,,,助手,,快踱一圈,H,內圈 快踱一圈 (助手)
H368,25/05/2026,游水,沙田,,沙田,,,,,,,,游水,,
H368,25/05/2026,踱步,沙田,內圈,沙田 內圈,,,,,,助手,,倒快一圈,H,內圈 倒快一圈 (助手)
H368,24/05/2026,游水,沙田,,沙田,,,,,,,,游水,,
H368,24/05/2026,踱步,沙田,飛機場,沙田 飛機場,,,,,,助手,,踱步,H,飛機場 踱步 (助手)
H368,23/05/2026,游水,沙田,,沙田,,,,,,,,游水,,
H368,22/05/2026,試閘,沙田,全天候,沙田 全天候,1200M,1.10.72,70.72,24.5 22.9 23.3,高士威勁,艾道拿,,第1組,P,第1組 (艾道拿) 1200M 高士威勁 24.5 22.9 23.3 (1.10.72)
H368,22/05/2026,踱步,沙田,飛機場,沙田 飛機場,,,,,,助手,,踱步,H,飛機場 踱步 (助手)
H368,21/05/2026,游水,沙田,,沙田,,,,,,,,游水,,
H368,21/05/2026,踱步,沙田,內圈,沙田 內圈,,,,,,助手,,倒快一圈,H,內圈 倒快一圈 (助手)
H368,20/05/2026,游水,沙田,,沙田,,,,,,,,游水,,
H368,20/05/2026,踱步,沙田,內圈,沙田 內圈,,,,,,助手,,快踱一圈,H,內圈 快踱一圈 (助手)
H368,19/05/2026,游水,沙田,,沙田,,,,,,,,游水,,
H368,19/05/2026,踱步,沙田,內圈,沙田 內圈,,,,,,助手,,快踱一圈,H,內圈 快踱一圈 (助手)
H368,18/05/2026,游水,沙田,,沙田,,,,,,,,游水,,
H368,18/05/2026,踱步,沙田,內圈,沙田 內圈,,,,,,助手,,倒快一圈,H,內圈 倒快一圈 (助手)
H368,17/05/2026,快操,沙田,全天候,沙田 全天候,,58.4,58.4,32.3 26.1,,助手,,快操,,32.3 26.1 (58.4) (助手)
H368,17/05/2026,踱步,沙田,飛機場,沙田 飛機場,,,,,,助手,,踱步,,飛機場 踱步 (助手)
H368,16/05/2026,游水,沙田,,沙田,,,,,,,,游水,,
H368,16/05/2026,踱步,沙田,內圈,沙田 內圈,,,,,,助手,,快踱一圈,H,內圈 快踱一圈 (助手)
H368,15/05/2026,游水,沙田,,沙田,,,,,,,,游水,,
H368,15/05/2026,踱步,沙田,內圈,沙田 內圈,,,,,,助手,,快踱一圈,H,內圈 快踱一圈 (助手)
H368,14/05/2026,游水,沙田,,沙田,,,,,,,,游水,,
H368,14/05/2026,踱步,沙田,飛機場,沙田 飛機場,,,,,,助手,,踱步,H,飛機場 踱步 (助手)
H368,13/05/2026,游水,沙田,,沙田,,,,,,,,游水,,
H368,12/05/2026,試閘,沙田,全天候,沙田 全天候,1200M,1.10.24,70.24,25.0 22.7 22.5,美麗星晨,艾道拿,,第1組,P,第1組 (艾道拿) 1200M 美麗星晨 25.0 22.7 22.5 (1.10.24)
H368,12/05/2026,踱步,沙田,飛機場,沙田 飛機場,,,,,,助手,,踱步,P,飛機場 踱步 (助手)
H368,11/05/2026,游水,沙田,,沙田,,,,,,,,游水,,
H368,11/05/2026,踱步,沙田,內圈,沙田 內圈,,,,,,助手,,倒快一圈,H,內圈 倒快一圈 (助手)
H368,10/05/2026,游水,沙田,,沙田,,,,,,,,游水,,
H368,10/05/2026,踱步,沙田,內圈,沙田 內圈,,,,,,助手,,快踱一圈,H,內圈 快踱一圈 (助手)
H368,09/05/2026,游水,沙田,,沙田,,,,,,,,游水,,
H368,09/05/2026,踱步,沙田,內圈,沙田 內圈,,,,,,助手,,快踱一圈,H,內圈 快踱一圈 (助手)
H368,08/05/2026,游水,沙田,,沙田,,,,,,,,游水,,
H368,08/05/2026,快操,沙田,全天候,沙田 全天候,,57.8,57.8,32.5 25.3,,助手,,快操,,32.5 25.3 (57.8) (助手)
H368,08/05/2026,踱步,沙田,飛機場,沙田 飛機場,,,,,,助手,,踱步,,飛機場 踱步 (助手)
H368,07/05/2026,游水,沙田,,沙田,,,,,,,,游水,,
H368,07/05/2026,踱步,沙田,內圈,沙田 內圈,,,,,,助手,,倒快一圈,H,內圈 倒快一圈 (助手)
H368,06/05/2026,游水,沙田,,沙田,,,,,,,,游水,,
H368,06/05/2026,踱步,沙田,內圈,沙田 內圈,,,,,,助手,,快踱一圈,H,內圈 快踱一圈 (助手)
H368,05/05/2026,游水,沙田,,沙田,,,,,,,,游水,,
H368,05/05/2026,踱步,沙田,內圈,沙田 內圈,,,,,,助手,,快踱一圈,H,內圈 快踱一圈 (助手)
H368,04/05/2026,游水,沙田,,沙田,,,,,,,,游水,,
H368,04/05/2026,快操,沙田,全天候,沙田 全天候,,57.9,57.9,31.8 26.1,,助手,,快操,,31.8 26.1 (57.9) (助手)
H368,04/05/2026,踱步,沙田,飛機場,沙田 飛機場,,,,,,助手,,踱步,,飛機場 踱步 (助手)
H368,03/05/2026,游水,沙田,,沙田,,,,,,,,游水,,
H368,03/05/2026,踱步,沙田,內圈,沙田 內圈,,,,,,助手,,快踱一圈,H,內圈 快踱一圈 (助手)
H368,02/05/2026,游水,沙田,,沙田,,,,,,,,游水,,
H368,02/05/2026,踱步,沙田,內圈,沙田 內圈,,,,,,助手,,快踱一圈,H,內圈 快踱一圈 (助手)
H368,01/05/2026,游水,沙田,,沙田,,,,,,,,游水,,
H368,01/05/2026,踱步,沙田,內圈,沙田 內圈,,,,,,助手,,快踱一圈,H,內圈 快踱一圈 (助手)
H368,30/04/2026,游水,沙田,,沙田,,,,,,,,游水,,
H368,30/04/2026,踱步,沙田,飛機場,沙田 飛機場,,,,,,助手,,踱步,H,飛機場 踱步 (助手)
H368,29/04/2026,游水,沙田,,沙田,,,,,,,,游水,,
H368,28/04/2026,游水,沙田,,沙田,,,,,,,,游水,,
H368,26/04/2026,出賽,沙田,草地,沙田 草地,1200M,,,,,艾道拿,3/8,出賽,P,1200M (艾道拿) (3/8)
H368,26/04/2026,踱步,沙田,內圈,沙田 內圈,,,,,,助手,,快踱一圈,H,內圈 快踱一圈 (助手)
H368,25/04/2026,游水,沙田,,沙田,,,,,,,,游水,,
H368,25/04/2026,踱步,沙田,內圈,沙田 內圈,,,,,,助手,,快踱一圈,H,內圈 快踱一圈 (助手)
H368,24/04/2026,游水,沙田,,沙田,,,,,,,,游水,,
H368,24/04/2026,踱步,沙田,內圈,沙田 內圈,,,,,,助手,,快踱一圈,H,內圈 快踱一圈 (助手)
H368,23/04/2026,游水,沙田,,沙田,,,,,,,,游水,,
H368,23/04/2026,快操,沙田,全天候,沙田 全天候,,57.6,57.6,32.0 25.6,,助手,,快操,,32.0 25.6 (57.6) (助手)
H368,23/04/2026,踱步,沙田,飛機場,沙田 飛機場,,,,,,助手,,踱步,,飛機場 踱步 (助手)
H368,22/04/2026,游水,沙田,,沙田,,,,,,,,游水,,
H368,22/04/2026,踱步,沙田,內圈,沙田 內圈,,,,,,助手,,快踱一圈,H,內圈 快踱一圈 (助手)
H368,21/04/2026,游水,沙田,,沙田,,,,,,,,游水,,
H368,21/04/2026,踱步,沙田,內圈,沙田 內圈,,,,,,助手,,快踱一圈,H,內圈 快踱一圈 (助手)
H368,20/04/2026,游水,沙田,,沙田,,,,,,,,游水,,
H368,20/04/2026,快操,沙田,全天候,沙田 全天候,,58.4,58.4,32.8 25.6,,助手,,快操,,32.8 25.6 (58.4) (助手)
H368,20/04/2026,踱步,沙田,飛機場,沙田 飛機場,,,,,,助手,,踱步,,飛機場 踱步 (助手)
H368,19/04/2026,游水,沙田,,沙田,,,,,,,,游水,,
H368,19/04/2026,踱步,沙田,內圈,沙田 內圈,,,,,,助手,,快踱一圈,H,內圈 快踱一圈 (助手)
H368,18/04/2026,游水,沙田,,沙田,,,,,,,,游水,,
H368,18/04/2026,踱步,沙田,飛機場,沙田 飛機場,,,,,,助手,,踱步,H,飛機場 踱步 (助手)
H368,17/04/2026,游水,沙田,,沙田,,,,,,,,游水,,
H368,16/04/2026,試閘,沙田,全天候,沙田 全天候,1200M,1.10.96,70.96,25.6 23.0 22.3,小鳥天堂,艾道拿,,第1組,P,第1組 (艾道拿) 1200M 小鳥天堂 25.6 23.0 22.3 (1.10.96)
H368,16/04/2026,踱步,沙田,飛機場,沙田 飛機場,,,,,,助手,,踱步,P,飛機場 踱步 (助手)
H368,15/04/2026,游水,沙田,,沙田,,,,,,,,游水,,
H368,15/04/2026,踱步,沙田,內圈,沙田 內圈,,,,,,助手,,快踱一圈,H,內圈 快踱一圈 (助手)
H368,14/04/2026,游水,沙田,,沙田,,,,,,,,游水,,
H368,14/04/2026,踱步,沙田,內圈,沙田 內圈,,,,,,助手,,快踱一圈,H,內圈 快踱一圈 (助手)
H368,13/04/2026,游水,沙田,,沙田,,,,,,,,游水,,
H368,13/04/2026,快操,沙田,全天候,沙田 全天候,,59.7,59.7,33.4 26.3,,助手,,快操,,33.4 26.3 (59.7) (助手)
H368,13/04/2026,踱步,沙田,飛機場,沙田 飛機場,,,,,,助手,,踱步,,飛機場 踱步 (助手)
H368,12/04/2026,游水,沙田,,沙田,,,,,,,,游水,,
H368,12/04/2026,踱步,沙田,內圈,沙田 內圈,,,,,,助手,,快踱一圈,H,內圈 快踱一圈 (助手)
H368,11/04/2026,游水,沙田,,沙田,,,,,,,,游水,,
H368,11/04/2026,踱步,沙田,內圈,沙田 內圈,,,,,,助手,,快踱一圈,H,內圈 快踱一圈 (助手)
H368,10/04/2026,游水,沙田,,沙田,,,,,,,,游水,,
H368,10/04/2026,踱步,沙田,飛機場,沙田 飛機場,,,,,,助手,,踱步,H,飛機場 踱步 (助手)
H368,09/04/2026,游水,沙田,,沙田,,,,,,,,游水,,
H368,08/04/2026,游水,沙田,,沙田,,,,,,,,游水,,
H368,06/04/2026,出賽,沙田,草地,沙田 草地,1200M,,,,,艾道拿,3/7,出賽,P,1200M (艾道拿) (3/7)
H368,06/04/2026,踱步,沙田,內圈,沙田 內圈,,,,,,助手,,倒快一圈,H,內圈 倒快一圈 (助手)
H368,05/04/2026,游水,沙田,,沙田,,,,,,,,游水,,
H368,05/04/2026,踱步,沙田,內圈,沙田 內圈,,,,,,助手,,快踱一圈,H,內圈 快踱一圈 (助手)
H368,04/04/2026,游水,沙田,,沙田,,,,,,,,游水,,
H368,04/04/2026,踱步,沙田,內圈,沙田 內圈,,,,,,助手,,快踱一圈,H,內圈 快踱一圈 (助手)
H368,03/04/2026,游水,沙田,,沙田,,,,,,,,游水,,
H368,03/04/2026,快操,沙田,全天候,沙田 全天候,,58.5,58.5,33.1 25.4,,助手,,快操,,33.1 25.4 (58.5) (助手)
H368,03/04/2026,踱步,沙田,飛機場,沙田 飛機場,,,,,,助手,,踱步,,飛機場 踱步 (助手)
H368,02/04/2026,游水,沙田,,沙田,,,,,,,,游水,,
H368,02/04/2026,踱步,沙田,內圈,沙田 內圈,,,,,,助手,,倒快一圈,H,內圈 倒快一圈 (助手)
H368,01/04/2026,游水,沙田,,沙田,,,,,,,,游水,,
H368,01/04/2026,踱步,沙田,內圈,沙田 內圈,,,,,,助手,,快踱一圈,H,內圈 快踱一圈 (助手)
H368,31/03/2026,游水,沙田,,沙田,,,,,,,,游水,,
H368,31/03/2026,快操,沙田,全天候,沙田 全天候,,57.4,57.4,32.2 25.2,,助手,,快操,,32.2 25.2 (57.4) (助手)
H368,31/03/2026,踱步,沙田,飛機場,沙田 飛機場,,,,,,助手,,踱步,,飛機場 踱步 (助手)
H368,30/03/2026,游水,沙田,,沙田,,,,,,,,游水,,
H368,30/03/2026,踱步,沙田,內圈,沙田 內圈,,,,,,助手,,倒快一圈,H,內圈 倒快一圈 (助手)
H368,29/03/2026,踱步,沙田,內圈,沙田 內圈,,,,,,助手,,快踱一圈,H,內圈 快踱一圈 (助手)
H368,28/03/2026,游水,沙田,,沙田,,,,,,,,游水,,
H368,28/03/2026,踱步,沙田,飛機場,沙田 飛機場,,,,,,助手,,踱步,H,飛機場 踱步 (助手)
H368,27/03/2026,游水,沙田,,沙田,,,,,,,,游水,,
H368,26/03/2026,試閘,沙田,全天候,沙田 全天候,1200M,1.10.70,70.7,25.8 22.8 22.1,浪漫勇士,艾道拿,,第1組,P,第1組 (艾道拿) 1200M 浪漫勇士 25.8 22.8 22.1 (1.10.70)
H368,26/03/2026,踱步,沙田,飛機場,沙田 飛機場,,,,,,助手,,踱步,H,飛機場 踱步 (助手)
H368,25/03/2026,游水,沙田,,沙田,,,,,,,,游水,,
H368,25/03/2026,踱步,沙田,內圈,沙田 內圈,,,,,,助手,,快踱一圈,H,內圈 快踱一圈 (助手)
H368,24/03/2026,游水,沙田,,沙田,,,,,,,,游水,,
H368,24/03/2026,踱步,沙田,內圈,沙田 內圈,,,,,,助手,,快踱一圈,H,內圈 快踱一圈 (助手)
H368,23/03/2026,游水,沙田,,沙田,,,,,,,,游水,,
H368,23/03/2026,踱步,沙田,內圈,沙田 內圈,,,,,,助手,,倒快一圈,H,內圈 倒快一圈 (助手)
H368,22/03/2026,游水,沙田,,沙田,,,,,,,,游水,,
H368,22/03/2026,快操,沙田,全天候,沙田 全天候,,56.3,56.3,31.7 24.6,,助手,,快操,,31.7 24.6 (56.3) (助手)
H368,22/03/2026,踱步,沙田,飛機場,沙田 飛機場,,,,,,助手,,踱步,,飛機場 踱步 (助手)
H368,21/03/2026,游水,沙田,,沙田,,,,,,,,游水,,
H368,21/03/2026,踱步,沙田,內圈,沙田 內圈,,,,,,助手,,快踱一圈,H,內圈 快踱一圈 (助手)
H368,20/03/2026,游水,沙田,,沙田,,,,,,,,游水,,
H368,20/03/2026,踱步,沙田,內圈,沙田 內圈,,,,,,助手,,快踱一圈,H,內圈 快踱一圈 (助手)
H368,19/03/2026,游水,沙田,,沙田,,,,,,,,游水,,
H368,19/03/2026,踱步,沙田,內圈,沙田 內圈,,,,,,助手,,倒快一圈,H,內圈 倒快一圈 (助手)
H368,18/03/2026,游水,沙田,,沙田,,,,,,,,游水,,
H368,18/03/2026,快操,沙田,全天候,沙田 全天候,,58.4,58.4,32.2 26.2,,助手,,快操,,32.2 26.2 (58.4) (助手)
H368,18/03/2026,踱步,沙田,飛機場,沙田 飛機場,,,,,,助手,,踱步,,飛機場 踱步 (助手)
H368,17/03/2026,游水,沙田,,沙田,,,,,,,,游水,,
H368,17/03/2026,踱步,沙田,內圈,沙田 內圈,,,,,,助手,,快踱一圈,H,內圈 快踱一圈 (助手)
H368,16/03/2026,游水,沙田,,沙田,,,,,,,,游水,,
H368,16/03/2026,踱步,沙田,內圈,沙田 內圈,,,,,,助手,,倒快一圈,H,內圈 倒快一圈 (助手)
H368,15/03/2026,游水,沙田,,沙田,,,,,,,,游水,,
H368,15/03/2026,踱步,沙田,飛機場,沙田 飛機場,,,,,,助手,,踱步,H,飛機場 踱步 (助手)
H368,14/03/2026,游水,沙田,,沙田,,,,,,,,游水,,
H368,13/03/2026,試閘,沙田,全天候,沙田 全天候,1200M,1.09.87,69.87,24.0 22.6 23.2,綫路英雄,艾道拿,,第1組,P,第1組 (艾道拿) 1200M 綫路英雄 24.0 22.6 23.2 (1.09.87)
H368,13/03/2026,游水,沙田,,沙田,,,,,,,,游水,,
H368,13/03/2026,踱步,沙田,飛機場,沙田 飛機場,,,,,,助手,,踱步,P,飛機場 踱步 (助手)
H368,12/03/2026,游水,沙田,,沙田,,,,,,,,游水,,
H368,12/03/2026,踱步,沙田,內圈,沙田 內圈,,,,,,助手,,倒快一圈,H,內圈 倒快一圈 (助手)
H368,11/03/2026,游水,沙田,,沙田,,,,,,,,游水,,
H368,11/03/2026,踱步,沙田,內圈,沙田 內圈,,,,,,助手,,快踱一圈,H,內圈 快踱一圈 (助手)
H368,10/03/2026,游水,沙田,,沙田,,,,,,,,游水,,
H368,10/03/2026,快操,沙田,全天候,沙田 全天候,,57.8,57.8,32.8 25.0,,助手,,快操,,32.8 25.0 (57.8) (助手)
H368,10/03/2026,踱步,沙田,飛機場,沙田 飛機場,,,,,,助手,,踱步,,飛機場 踱步 (助手)
H368,09/03/2026,游水,沙田,,沙田,,,,,,,,游水,,
H368,09/03/2026,踱步,沙田,內圈,沙田 內圈,,,,,,助手,,倒快一圈,H,內圈 倒快一圈 (助手)
H368,08/03/2026,游水,沙田,,沙田,,,,,,,,游水,,
H368,08/03/2026,踱步,沙田,內圈,沙田 內圈,,,,,,助手,,快踱一圈,H,內圈 快踱一圈 (助手)
H368,07/03/2026,游水,沙田,,沙田,,,,,,,,游水,,
H368,07/03/2026,踱步,沙田,內圈,沙田 內圈,,,,,,助手,,快踱一圈,H,內圈 快踱一圈 (助手)
H368,06/03/2026,游水,沙田,,沙田,,,,,,,,游水,,
H368,06/03/2026,快操,沙田,全天候,沙田 全天候,,58.1,58.1,32.4 25.7,,助手,,快操,,32.4 25.7 (58.1) (助手)
H368,06/03/2026,踱步,沙田,飛機場,沙田 飛機場,,,,,,助手,,踱步,,飛機場 踱步 (助手)
H368,05/03/2026,游水,沙田,,沙田,,,,,,,,游水,,
H368,05/03/2026,踱步,沙田,內圈,沙田 內圈,,,,,,助手,,倒快一圈,H,內圈 倒快一圈 (助手)
H368,04/03/2026,游水,沙田,,沙田,,,,,,,,游水,,
H368,04/03/2026,踱步,沙田,內圈,沙田 內圈,,,,,,助手,,快踱一圈,H,內圈 快踱一圈 (助手)
H368,03/03/2026,游水,沙田,,沙田,,,,,,,,游水,,
H368,03/03/2026,踱步,沙田,內圈,沙田 內圈,,,,,,助手,,快踱一圈,H,內圈 快踱一圈 (助手)
H368,02/03/2026,游水,沙田,,沙田,,,,,,,,游水,,
H368,02/03/2026,快操,沙田,全天候,沙田 全天候,,1.01.0,61.0,33.9 27.1,,助手,,快操,,33.9 27.1 (1.01.0) (助手)
H368,02/03/2026,踱步,沙田,飛機場,沙田 飛機場,,,,,,助手,,踱步,,飛機場 踱步 (助手)
H368,01/03/2026,游水,沙田,,沙田,,,,,,,,游水,,
H368,01/03/2026,踱步,沙田,內圈,沙田 內圈,,,,,,助手,,快踱一圈,H,內圈 快踱一圈 (助手)
H368,28/02/2026,游水,沙田,,沙田,,,,,,,,游水,,
H368,28/02/2026,踱步,沙田,內圈,沙田 內圈,,,,,,助手,,快踱一圈,H,內圈 快踱一圈 (助手)
H368,27/02/2026,游水,沙田,,沙田,,,,,,,,游水,,
H368,27/02/2026,踱步,沙田,內圈,沙田 內圈,,,,,,助手,,快踱一圈,H,內圈 快踱一圈 (助手)
H368,26/02/2026,游水,沙田,,沙田,,,,,,,,游水,,
H368,26/02/2026,踱步,沙田,飛機場,沙田 飛機場,,,,,,助手,,踱步,H,飛機場 踱步 (助手)
H368,25/02/2026,游水,沙田,,沙田,,,,,,,,游水,,
H368,24/02/2026,游水,沙田,,沙田,,,,,,,,游水,,
H368,22/02/2026,出賽,沙田,草地,沙田 草地,1400M,,,,,艾道拿,5/10,出賽,P,1400M (艾道拿) (5/10)
H368,22/02/2026,踱步,沙田,內圈,沙田 內圈,,,,,,助手,,快踱一圈,H,內圈 快踱一圈 (助手)
H368,21/02/2026,游水,沙田,,沙田,,,,,,,,游水,,
H368,21/02/2026,踱步,沙田,內圈,沙田 內圈,,,,,,助手,,快踱一圈,H,內圈 快踱一圈 (助手)
H368,20/02/2026,游水,沙田,,沙田,,,,,,,,游水,,
H368,20/02/2026,踱步,沙田,內圈,沙田 內圈,,,,,,助手,,快踱一圈,H,內圈 快踱一圈 (助手)
H368,19/02/2026,游水,沙田,,沙田,,,,,,,,游水,,
H368,19/02/2026,快操,沙田,全天候,沙田 全天候,,58.1,58.1,33.2 24.9,,助手,,快操,,33.2 24.9 (58.1) (助手)
H368,19/02/2026,踱步,沙田,飛機場,沙田 飛機場,,,,,,助手,,踱步,,飛機場 踱步 (助手)
H368,18/02/2026,游水,沙田,,沙田,,,,,,,,游水,,
H368,18/02/2026,踱步,沙田,內圈,沙田 內圈,,,,,,助手,,快踱一圈,H,內圈 快踱一圈 (助手)
H368,16/02/2026,游水,沙田,,沙田,,,,,,,,游水,,
H368,16/02/2026,快操,沙田,全天候,沙田 全天候,,57.8,57.8,32.4 25.4,,助手,,快操,,32.4 25.4 (57.8) (助手)
H368,16/02/2026,踱步,沙田,飛機場,沙田 飛機場,,,,,,助手,,踱步,,飛機場 踱步 (助手)
H368,15/02/2026,游水,沙田,,沙田,,,,,,,,游水,,
H368,15/02/2026,踱步,沙田,內圈,沙田 內圈,,,,,,助手,,快踱一圈,H,內圈 快踱一圈 (助手)
H368,14/02/2026,游水,沙田,,沙田,,,,,,,,游水,,
H368,14/02/2026,踱步,沙田,飛機場,沙田 飛機場,,,,,,助手,,踱步,H,飛機場 踱步 (助手)
H368,13/02/2026,游水,沙田,,沙田,,,,,,,,游水,,
H368,12/02/2026,試閘,沙田,全天候,沙田 全天候,1200M,1.10.41,70.41,25.5 23.0 21.9,星際快車,艾道拿,,第1組,P,第1組 (艾道拿) 1200M 星際快車 25.5 23.0 21.9 (1.10.41)
H368,12/02/2026,踱步,沙田,飛機場,沙田 飛機場,,,,,,助手,,踱步,P,飛機場 踱步 (助手)
H368,11/02/2026,游水,沙田,,沙田,,,,,,,,游水,,
H368,11/02/2026,踱步,沙田,內圈,沙田 內圈,,,,,,助手,,快踱一圈,H,內圈 快踱一圈 (助手)
H368,10/02/2026,游水,沙田,,沙田,,,,,,,,游水,,
H368,10/02/2026,踱步,沙田,內圈,沙田 內圈,,,,,,助手,,快踱一圈,H,內圈 快踱一圈 (助手)
H368,09/02/2026,游水,沙田,,沙田,,,,,,,,游水,,
H368,09/02/2026,快操,沙田,全天候,沙田 全天候,,57.4,57.4,31.3 26.1,,助手,,快操,,31.3 26.1 (57.4) (助手)
H368,09/02/2026,踱步,沙田,飛機場,沙田 飛機場,,,,,,助手,,踱步,,飛機場 踱步 (助手)
H368,08/02/2026,游水,沙田,,沙田,,,,,,,,游水,,
H368,08/02/2026,踱步,沙田,內圈,沙田 內圈,,,,,,助手,,快踱一圈,H,內圈 快踱一圈 (助手)
H368,07/02/2026,游水,沙田,,沙田,,,,,,,,游水,,
H368,07/02/2026,踱步,沙田,內圈,沙田 內圈,,,,,,助手,,快踱一圈,H,內圈 快踱一圈 (助手)
H368,06/02/2026,游水,沙田,,沙田,,,,,,,,游水,,
H368,06/02/2026,快操,沙田,全天候,沙田 全天候,,58.3,58.3,32.5 25.8,,助手,,快操,,32.5 25.8 (58.3) (助手)
H368,06/02/2026,踱步,沙田,飛機場,沙田 飛機場,,,,,,助手,,踱步,,飛機場 踱步 (助手)
H368,05/02/2026,游水,沙田,,沙田,,,,,,,,游水,,
H368,05/02/2026,踱步,沙田,內圈,沙田 內圈,,,,,,助手,,倒快一圈,H,內圈 倒快一圈 (助手)
H368,04/02/2026,游水,沙田,,沙田,,,,,,,,游水,,
H368,04/02/2026,踱步,沙田,內圈,沙田 內圈,,,,,,助手,,快踱一圈,H,內圈 快踱一圈 (助手)
H368,03/02/2026,游水,沙田,,沙田,,,,,,,,游水,,
H368,03/02/2026,踱步,沙田,內圈,沙田 內圈,,,,,,助手,,快踱一圈,H,內圈 快踱一圈 (助手)
H368,02/02/2026,游水,沙田,,沙田,,,,,,,,游水,,
H368,02/02/2026,快操,沙田,全天候,沙田 全天候,,58.3,58.3,32.0 26.3,,助手,,快操,,32.0 26.3 (58.3) (助手)
H368,02/02/2026,踱步,沙田,飛機場,沙田 飛機場,,,,,,助手,,踱步,,飛機場 踱步 (助手)
H368,01/02/2026,游水,沙田,,沙田,,,,,,,,游水,,
H368,01/02/2026,踱步,沙田,內圈,沙田 內圈,,,,,,助手,,快踱一圈,H,內圈 快踱一圈 (助手)
H368,31/01/2026,游水,沙田,,沙田,,,,,,,,游水,,
H368,31/01/2026,踱步,沙田,內圈,沙田 內圈,,,,,,助手,,快踱一圈,H,內圈 快踱一圈 (助手)
H368,30/01/2026,游水,沙田,,沙田,,,,,,,,游水,,
H368,30/01/2026,踱步,沙田,內圈,沙田 內圈,,,,,,助手,,快踱一圈,H,內圈 快踱一圈 (助手)
H368,29/01/2026,游水,沙田,,沙田,,,,,,,,游水,,
H368,29/01/2026,踱步,沙田,飛機場,沙田 飛機場,,,,,,助手,,踱步,H,飛機場 踱步 (助手)
H368,28/01/2026,游水,沙田,,沙田,,,,,,,,游水,,
H368,27/01/2026,游水,沙田,,沙田,,,,,,,,游水,,
H368,25/01/2026,出賽,沙田,草地,沙田 草地,1200M,,,,,艾道拿,4/7,出賽,P,1200M (艾道拿) (4/7)
H368,25/01/2026,踱步,沙田,內圈,沙田 內圈,,,,,,助手,,快踱一圈,H,內圈 快踱一圈 (助手)
H368,24/01/2026,游水,沙田,,沙田,,,,,,,,游水,,
H368,24/01/2026,踱步,沙田,內圈,沙田 內圈,,,,,,助手,,快踱一圈,H,內圈 快踱一圈 (助手)
H368,23/01/2026,游水,沙田,,沙田,,,,,,,,游水,,
H368,23/01/2026,踱步,沙田,內圈,沙田 內圈,,,,,,助手,,快踱一圈,H,內圈 快踱一圈 (助手)
H368,22/01/2026,游水,沙田,,沙田,,,,,,,,游水,,
H368,22/01/2026,快操,沙田,全天候,沙田 全天候,,57.4,57.4,31.8 25.6,,助手,,快操,,31.8 25.6 (57.4) (助手)
H368,22/01/2026,踱步,沙田,飛機場,沙田 飛機場,,,,,,助手,,踱步,,飛機場 踱步 (助手)
H368,21/01/2026,游水,沙田,,沙田,,,,,,,,游水,,
H368,21/01/2026,踱步,沙田,內圈,沙田 內圈,,,,,,助手,,快踱一圈,H,內圈 快踱一圈 (助手)
H368,20/01/2026,游水,沙田,,沙田,,,,,,,,游水,,
H368,20/01/2026,踱步,沙田,內圈,沙田 內圈,,,,,,助手,,快踱一圈,H,內圈 快踱一圈 (助手)
H368,19/01/2026,游水,沙田,,沙田,,,,,,,,游水,,
H368,19/01/2026,快操,沙田,全天候,沙田 全天候,,57.0,57.0,31.8 25.2,,助手,,快操,,31.8 25.2 (57.0) (助手)
H368,19/01/2026,踱步,沙田,飛機場,沙田 飛機場,,,,,,助手,,踱步,,飛機場 踱步 (助手)
H368,18/01/2026,游水,沙田,,沙田,,,,,,,,游水,,
H368,18/01/2026,踱步,沙田,內圈,沙田 內圈,,,,,,助手,,快踱一圈,H,內圈 快踱一圈 (助手)
H368,17/01/2026,游水,沙田,,沙田,,,,,,,,游水,,
H368,17/01/2026,踱步,沙田,飛機場,沙田 飛機場,,,,,,助手,,踱步,H,飛機場 踱步 (助手)
H368,16/01/2026,游水,沙田,,沙田,,,,,,,,游水,,
H368,15/01/2026,試閘,沙田,全天候,沙田 全天候,1200M,1.10.81,70.81,24.6 22.5 23.7,粵港資駒,艾道拿,,第2組,P,第2組 (艾道拿) 1200M 粵港資駒 24.6 22.5 23.7 (1.10.81)
H368,15/01/2026,踱步,沙田,飛機場,沙田 飛機場,,,,,,助手,,踱步,P,飛機場 踱步 (助手)
H368,14/01/2026,游水,沙田,,沙田,,,,,,,,游水,,
H368,14/01/2026,踱步,沙田,內圈,沙田 內圈,,,,,,助手,,快踱一圈,H,內圈 快踱一圈 (助手)
H368,13/01/2026,游水,沙田,,沙田,,,,,,,,游水,,
H368,13/01/2026,踱步,沙田,內圈,沙田 內圈,,,,,,助手,,快踱一圈,H,內圈 快踱一圈 (助手)
H368,12/01/2026,游水,沙田,,沙田,,,,,,,,游水,,
H368,12/01/2026,快操,沙田,全天候,沙田 全天候,,1.28.0,88.0,33.6 30.4 24.0,,助手,,快操,,33.6 30.4 24.0 (1.28.0) (助手)
H368,12/01/2026,踱步,沙田,飛機場,沙田 飛機場,,,,,,助手,,踱步,,飛機場 踱步 (助手)
H368,11/01/2026,踱步,沙田,內圈,沙田 內圈,,,,,,助手,,快踱一圈,H,內圈 快踱一圈 (助手)
H368,10/01/2026,游水,沙田,,沙田,,,,,,,,游水,,
H368,10/01/2026,踱步,沙田,內圈,沙田 內圈,,,,,,助手,,快踱一圈,H,內圈 快踱一圈 (助手)
H368,09/01/2026,游水,沙田,,沙田,,,,,,,,游水,,
H368,09/01/2026,快操,沙田,全天候,沙田 全天候,,57.6,57.6,32.0 25.6,,助手,,快操,,32.0 25.6 (57.6) (助手)
H368,09/01/2026,踱步,沙田,飛機場,沙田 飛機場,,,,,,助手,,踱步,,飛機場 踱步 (助手)
H368,08/01/2026,游水,沙田,,沙田,,,,,,,,游水,,
H368,08/01/2026,踱步,沙田,內圈,沙田 內圈,,,,,,助手,,倒快一圈,H,內圈 倒快一圈 (助手)
H368,07/01/2026,游水,沙田,,沙田,,,,,,,,游水,,
H368,07/01/2026,踱步,沙田,內圈,沙田 內圈,,,,,,助手,,快踱一圈,H,內圈 快踱一圈 (助手)
H368,06/01/2026,游水,沙田,,沙田,,,,,,,,游水,,
H368,06/01/2026,快操,沙田,全天候,沙田 全天候,,56.9,56.9,31.8 25.1,,助手,,快操,,31.8 25.1 (56.9) (助手)
H368,06/01/2026,踱步,沙田,飛機場,沙田 飛機場,,,,,,助手,,踱步,,飛機場 踱步 (助手)
H368,05/01/2026,游水,沙田,,沙田,,,,,,,,游水,,
H368,05/01/2026,踱步,沙田,內圈,沙田 內圈,,,,,,助手,,倒快一圈,H,內圈 倒快一圈 (助手)
H368,04/01/2026,游水,沙田,,沙田,,,,,,,,游水,,
H368,04/01/2026,踱步,沙田,飛機場,沙田 飛機場,,,,,,助手,,踱步,H,飛機場 踱步 (助手)
H368,03/01/2026,游水,沙田,,沙田,,,,,,,,游水,,
H368,02/01/2026,試閘,沙田,全天候,沙田 全天候,1200M,1.10.08,70.08,24.3 22.6 23.1,紅運帝王,艾道拿,,第2組,P,第2組 (艾道拿) 1200M 紅運帝王 24.3 22.6 23.1 (1.10.08)
H368,02/01/2026,踱步,沙田,飛機場,沙田 飛機場,,,,,,助手,,踱步,P,飛機場 踱步 (助手)
H368,01/01/2026,游水,沙田,,沙田,,,,,,,,游水,,
H368,01/01/2026,踱步,沙田,內圈,沙田 內圈,,,,,,助手,,倒快一圈,H,內圈 倒快一圈 (助手)
H368,31/12/2025,游水,沙田,,沙田,,,,,,,,游水,,
H368,31/12/2025,踱步,沙田,內圈,沙田 內圈,,,,,,助手,,快踱一圈,H,內圈 快踱一圈 (助手)
H368,30/12/2025,游水,沙田,,沙田,,,,,,,,游水,,
H368,30/12/2025,快操,沙田,全天候,沙田 全天候,,57.6,57.6,31.6 26.0,,助手,,快操,,31.6 26.0 (57.6) (助手)
H368,30/12/2025,踱步,沙田,飛機場,沙田 飛機場,,,,,,助手,,踱步,,飛機場 踱步 (助手)
H368,29/12/2025,游水,沙田,,沙田,,,,,,,,游水,,
H368,29/12/2025,踱步,沙田,內圈,沙田 內圈,,,,,,助手,,倒快一圈,H,內圈 倒快一圈 (助手)
H368,28/12/2025,游水,沙田,,沙田,,,,,,,,游水,,
H368,28/12/2025,踱步,沙田,內圈,沙田 內圈,,,,,,助手,,快踱一圈,H,內圈 快踱一圈 (助手)
H368,27/12/2025,游水,沙田,,沙田,,,,,,,,游水,,
H368,27/12/2025,踱步,沙田,內圈,沙田 內圈,,,,,,助手,,快踱一圈,H,內圈 快踱一圈 (助手)
H368,26/12/2025,游水,沙田,,沙田,,,,,,,,游水,,
H368,26/12/2025,快操,沙田,全天候,沙田 全天候,,55.3,55.3,30.2 25.1,,助手,,快操,,30.2 25.1 (55.3) (助手)
H368,26/12/2025,踱步,沙田,飛機場,沙田 飛機場,,,,,,助手,,踱步,,飛機場 踱步 (助手)
H368,25/12/2025,游水,沙田,,沙田,,,,,,,,游水,,
H368,25/12/2025,踱步,沙田,內圈,沙田 內圈,,,,,,助手,,倒快一圈,H,內圈 倒快一圈 (助手)
H368,24/12/2025,游水,沙田,,沙田,,,,,,,,游水,,
H368,24/12/2025,踱步,沙田,內圈,沙田 內圈,,,,,,助手,,快踱一圈,H,內圈 快踱一圈 (助手)
H368,23/12/2025,游水,沙田,,沙田,,,,,,,,游水,,
H368,23/12/2025,踱步,沙田,內圈,沙田 內圈,,,,,,助手,,快踱一圈,H,內圈 快踱一圈 (助手)
H368,22/12/2025,游水,沙田,,沙田,,,,,,,,游水,,
H368,22/12/2025,快操,沙田,全天候,沙田 全天候,,57.2,57.2,31.9 25.3,,助手,,快操,,31.9 25.3 (57.2) (助手)
H368,22/12/2025,踱步,沙田,飛機場,沙田 飛機場,,,,,,助手,,踱步,,飛機場 踱步 (助手)
H368,21/12/2025,游水,沙田,,沙田,,,,,,,,游水,,
H368,21/12/2025,踱步,沙田,內圈,沙田 內圈,,,,,,助手,,快踱一圈,H,內圈 快踱一圈 (助手)
H368,20/12/2025,游水,沙田,,沙田,,,,,,,,游水,,
H368,20/12/2025,踱步,沙田,內圈,沙田 內圈,,,,,,助手,,快踱一圈,H,內圈 快踱一圈 (助手)
H368,19/12/2025,游水,沙田,,沙田,,,,,,,,游水,,
H368,19/12/2025,踱步,沙田,飛機場,沙田 飛機場,,,,,,助手,,踱步,H,飛機場 踱步 (助手)
H368,18/12/2025,游水,沙田,,沙田,,,,,,,,游水,,
H368,17/12/2025,游水,沙田,,沙田,,,,,,,,游水,,
H368,16/12/2025,游水,沙田,,沙田,,,,,,,,游水,,
H368,14/12/2025,出賽,沙田,草地,沙田 草地,1200M,,,,,艾道拿,2/13,出賽,P,1200M (艾道拿) (2/13)
H368,14/12/2025,踱步,沙田,內圈,沙田 內圈,,,,,,助手,,快踱一圈,H,內圈 快踱一圈 (助手)
H368,13/12/2025,游水,沙田,,沙田,,,,,,,,游水,,
H368,13/12/2025,踱步,沙田,內圈,沙田 內圈,,,,,,助手,,快踱一圈,H,內圈 快踱一圈 (助手)
H368,12/12/2025,游水,沙田,,沙田,,,,,,,,游水,,
H368,12/12/2025,踱步,沙田,內圈,沙田 內圈,,,,,,助手,,快踱一圈,H,內圈 快踱一圈 (助手)
H368,11/12/2025,游水,沙田,,沙田,,,,,,,,游水,,
H368,11/12/2025,快操,沙田,全天候,沙田 全天候,,56.7,56.7,31.7 25.0,,助手,,快操,,31.7 25.0 (56.7) (助手)
H368,11/12/2025,踱步,沙田,飛機場,沙田 飛機場,,,,,,助手,,踱步,,飛機場 踱步 (助手)
H368,10/12/2025,游水,沙田,,沙田,,,,,,,,游水,,
H368,10/12/2025,踱步,沙田,內圈,沙田 內圈,,,,,,助手,,快踱一圈,H,內圈 快踱一圈 (助手)
H368,09/12/2025,游水,沙田,,沙田,,,,,,,,游水,,
H368,09/12/2025,踱步,沙田,內圈,沙田 內圈,,,,,,助手,,快踱一圈,H,內圈 快踱一圈 (助手)
H368,08/12/2025,游水,沙田,,沙田,,,,,,,,游水,,
H368,08/12/2025,快操,沙田,全天候,沙田 全天候,,56.2,56.2,31.3 24.9,,助手,,快操,,31.3 24.9 (56.2) (助手)
H368,08/12/2025,踱步,沙田,飛機場,沙田 飛機場,,,,,,助手,,踱步,,飛機場 踱步 (助手)
H368,07/12/2025,游水,沙田,,沙田,,,,,,,,游水,,
H368,07/12/2025,踱步,沙田,內圈,沙田 內圈,,,,,,助手,,快踱一圈,H,內圈 快踱一圈 (助手)
H368,06/12/2025,游水,沙田,,沙田,,,,,,,,游水,,
H368,06/12/2025,踱步,沙田,飛機場,沙田 飛機場,,,,,,助手,,踱步,H,飛機場 踱步 (助手)
H368,05/12/2025,游水,沙田,,沙田,,,,,,,,游水,,
H368,04/12/2025,試閘,沙田,全天候,沙田 全天候,1200M,1.11.41,71.41,25.9 23.3 22.2,包裝天將,艾道拿,,第1組,P,第1組 (艾道拿) 1200M 包裝天將 25.9 23.3 22.2 (1.11.41)
H368,04/12/2025,踱步,沙田,飛機場,沙田 飛機場,,,,,,助手,,踱步,P,飛機場 踱步 (助手)
H368,03/12/2025,游水,沙田,,沙田,,,,,,,,游水,,
H368,03/12/2025,踱步,沙田,內圈,沙田 內圈,,,,,,助手,,快踱一圈,H,內圈 快踱一圈 (助手)
H368,02/12/2025,游水,沙田,,沙田,,,,,,,,游水,,
H368,02/12/2025,踱步,沙田,內圈,沙田 內圈,,,,,,助手,,快踱一圈,H,內圈 快踱一圈 (助手)
H368,01/12/2025,游水,沙田,,沙田,,,,,,,,游水,,
H368,01/12/2025,快操,沙田,全天候,沙田 全天候,,58.7,58.7,33.4 25.3,,助手,,快操,,33.4 25.3 (58.7) (助手)
H368,01/12/2025,踱步,沙田,飛機場,沙田 飛機場,,,,,,助手,,踱步,,飛機場 踱步 (助手)
H368,30/11/2025,踱步,沙田,內圈,沙田 內圈,,,,,,助手,,快踱一圈,H,內圈 快踱一圈 (助手)
H368,29/11/2025,游水,沙田,,沙田,,,,,,,,游水,,
H368,29/11/2025,踱步,沙田,內圈,沙田 內圈,,,,,,助手,,快踱一圈,H,內圈 快踱一圈 (助手)
H368,28/11/2025,游水,沙田,,沙田,,,,,,,,游水,,
H368,28/11/2025,踱步,沙田,內圈,沙田 內圈,,,,,,助手,,快踱一圈,H,內圈 快踱一圈 (助手)
H368,27/11/2025,游水,沙田,,沙田,,,,,,,,游水,,
H368,27/11/2025,踱步,沙田,飛機場,沙田 飛機場,,,,,,助手,,踱步,H,飛機場 踱步 (助手)
H368,26/11/2025,游水,沙田,,沙田,,,,,,,,游水,,
H368,25/11/2025,游水,沙田,,沙田,,,,,,,,游水,,
H368,23/11/2025,出賽,沙田,草地,沙田 草地,1200M,,,,,艾道拿,5/10,出賽,P,1200M (艾道拿) (5/10)
H368,23/11/2025,踱步,沙田,內圈,沙田 內圈,,,,,,助手,,快踱一圈,H,內圈 快踱一圈 (助手)
H368,22/11/2025,游水,沙田,,沙田,,,,,,,,游水,,
H368,22/11/2025,踱步,沙田,內圈,沙田 內圈,,,,,,助手,,快踱一圈,H,內圈 快踱一圈 (助手)
H368,21/11/2025,游水,沙田,,沙田,,,,,,,,游水,,
H368,21/11/2025,踱步,沙田,內圈,沙田 內圈,,,,,,助手,,快踱一圈,H,內圈 快踱一圈 (助手)
H368,20/11/2025,游水,沙田,,沙田,,,,,,,,游水,,
H368,20/11/2025,踱步,沙田,內圈,沙田 內圈,,,,,,助手,,倒快一圈,H,內圈 倒快一圈 (助手)
H368,19/11/2025,游水,沙田,,沙田,,,,,,,,游水,,
H368,19/11/2025,快操,沙田,全天候,沙田 全天候,,55.4,55.4,30.7 24.7,,助手,,快操,,30.7 24.7 (55.4) (助手)
H368,19/11/2025,踱步,沙田,飛機場,沙田 飛機場,,,,,,助手,,踱步,,飛機場 踱步 (助手)
H368,18/11/2025,游水,沙田,,沙田,,,,,,,,游水,,
H368,18/11/2025,踱步,沙田,內圈,沙田 內圈,,,,,,助手,,快踱一圈,H,內圈 快踱一圈 (助手)
H368,17/11/2025,游水,沙田,,沙田,,,,,,,,游水,,
H368,17/11/2025,踱步,沙田,內圈,沙田 內圈,,,,,,助手,,倒快一圈,H,內圈 倒快一圈 (助手)
H368,16/11/2025,游水,沙田,,沙田,,,,,,,,游水,,
H368,16/11/2025,踱步,沙田,飛機場,沙田 飛機場,,,,,,助手,,踱步,H,飛機場 踱步 (助手)
H368,15/11/2025,游水,沙田,,沙田,,,,,,,,游水,,
H368,14/11/2025,試閘,沙田,全天候,沙田 全天候,1200M,1.10.19,70.19,24.4 22.7 23.0,嘉應高昇,艾道拿,,第1組,P,第1組 (艾道拿) 1200M 嘉應高昇 24.4 22.7 23.0 (1.10.19)
H368,14/11/2025,踱步,沙田,飛機場,沙田 飛機場,,,,,,助手,,踱步,P,飛機場 踱步 (助手)
H368,13/11/2025,游水,沙田,,沙田,,,,,,,,游水,,
H368,13/11/2025,踱步,沙田,內圈,沙田 內圈,,,,,,助手,,倒快一圈,H,內圈 倒快一圈 (助手)
H368,12/11/2025,游水,沙田,,沙田,,,,,,,,游水,,
H368,12/11/2025,踱步,沙田,內圈,沙田 內圈,,,,,,助手,,快踱一圈,H,內圈 快踱一圈 (助手)
H368,11/11/2025,游水,沙田,,沙田,,,,,,,,游水,,
H368,11/11/2025,快操,沙田,全天候,沙田 全天候,,56.8,56.8,31.7 25.1,,助手,,快操,,31.7 25.1 (56.8) (助手)
H368,11/11/2025,踱步,沙田,飛機場,沙田 飛機場,,,,,,助手,,踱步,,飛機場 踱步 (助手)
H368,10/11/2025,游水,沙田,,沙田,,,,,,,,游水,,
H368,10/11/2025,踱步,沙田,內圈,沙田 內圈,,,,,,助手,,倒快一圈,H,內圈 倒快一圈 (助手)
H368,09/11/2025,游水,沙田,,沙田,,,,,,,,游水,,
H368,09/11/2025,踱步,沙田,內圈,沙田 內圈,,,,,,助手,,快踱一圈,H,內圈 快踱一圈 (助手)
H368,08/11/2025,游水,沙田,,沙田,,,,,,,,游水,,
H368,08/11/2025,踱步,沙田,內圈,沙田 內圈,,,,,,助手,,快踱一圈,H,內圈 快踱一圈 (助手)
H368,07/11/2025,游水,沙田,,沙田,,,,,,,,游水,,
H368,07/11/2025,快操,沙田,全天候,沙田 全天候,,58.1,58.1,32.3 25.8,,助手,,快操,,32.3 25.8 (58.1) (助手)
H368,07/11/2025,踱步,沙田,飛機場,沙田 飛機場,,,,,,助手,,踱步,,飛機場 踱步 (助手)
H368,06/11/2025,游水,沙田,,沙田,,,,,,,,游水,,
H368,06/11/2025,踱步,沙田,內圈,沙田 內圈,,,,,,助手,,倒快一圈,H,內圈 倒快一圈 (助手)
H368,05/11/2025,游水,沙田,,沙田,,,,,,,,游水,,
H368,05/11/2025,踱步,沙田,內圈,沙田 內圈,,,,,,助手,,快踱一圈,H,內圈 快踱一圈 (助手)
H368,04/11/2025,游水,沙田,,沙田,,,,,,,,游水,,
H368,04/11/2025,踱步,沙田,內圈,沙田 內圈,,,,,,助手,,快踱一圈,H,內圈 快踱一圈 (助手)
H368,03/11/2025,游水,沙田,,沙田,,,,,,,,游水,,
H368,03/11/2025,快操,沙田,全天候,沙田 全天候,,57.0,57.0,31.1 25.9,,助手,,快操,,31.1 25.9 (57.0) (助手)
H368,03/11/2025,踱步,沙田,飛機場,沙田 飛機場,,,,,,助手,,踱步,,飛機場 踱步 (助手)
H368,02/11/2025,游水,沙田,,沙田,,,,,,,,游水,,
H368,02/11/2025,踱步,沙田,內圈,沙田 內圈,,,,,,助手,,快踱一圈,H,內圈 快踱一圈 (助手)
H368,01/11/2025,游水,沙田,,沙田,,,,,,,,游水,,
H368,01/11/2025,踱步,沙田,內圈,沙田 內圈,,,,,,助手,,快踱一圈,H,內圈 快踱一圈 (助手)
H368,31/10/2025,游水,沙田,,沙田,,,,,,,,游水,,
H368,31/10/2025,踱步,沙田,飛機場,沙田 飛機場,,,,,,助手,,踱步,H,飛機場 踱步 (助手)
H368,30/10/2025,游水,沙田,,沙田,,,,,,,,游水,,
H368,29/10/2025,游水,沙田,,沙田,,,,,,,,游水,,
H368,28/10/2025,游水,沙田,,沙田,,,,,,,,游水,,
H368,26/10/2025,出賽,沙田,草地,沙田 草地,1200M,,,,,艾道拿,2/14,出賽,P,1200M (艾道拿) (2/14)
H368,26/10/2025,踱步,沙田,內圈,沙田 內圈,,,,,,助手,,快踱一圈,H,內圈 快踱一圈 (助手)
H368,25/10/2025,游水,沙田,,沙田,,,,,,,,游水,,
H368,25/10/2025,踱步,沙田,內圈,沙田 內圈,,,,,,助手,,快踱一圈,H,內圈 快踱一圈 (助手)
H368,24/10/2025,游水,沙田,,沙田,,,,,,,,游水,,
H368,24/10/2025,踱步,沙田,內圈,沙田 內圈,,,,,,助手,,快踱一圈,H,內圈 快踱一圈 (助手)
H368,23/10/2025,游水,沙田,,沙田,,,,,,,,游水,,
H368,23/10/2025,快操,沙田,全天候,沙田 全天候,,56.6,56.6,31.0 25.6,,助手,,快操,,31.0 25.6 (56.6) (助手)
H368,23/10/2025,踱步,沙田,飛機場,沙田 飛機場,,,,,,助手,,踱步,,飛機場 踱步 (助手)
H368,22/10/2025,游水,沙田,,沙田,,,,,,,,游水,,
H368,22/10/2025,踱步,沙田,內圈,沙田 內圈,,,,,,助手,,快踱一圈,H,內圈 快踱一圈 (助手)
H368,21/10/2025,游水,沙田,,沙田,,,,,,,,游水,,
H368,21/10/2025,踱步,沙田,內圈,沙田 內圈,,,,,,助手,,快踱一圈,H,內圈 快踱一圈 (助手)
H368,20/10/2025,游水,沙田,,沙田,,,,,,,,游水,,
H368,20/10/2025,踱步,沙田,內圈,沙田 內圈,,,,,,助手,,倒快一圈,H,內圈 倒快一圈 (助手)
H368,19/10/2025,游水,沙田,,沙田,,,,,,,,游水,,
H368,19/10/2025,踱步,沙田,飛機場,沙田 飛機場,,,,,,助手,,踱步,H,飛機場 踱步 (助手)
H368,18/10/2025,游水,沙田,,沙田,,,,,,,,游水,,
H368,17/10/2025,試閘,沙田,全天候,沙田 全天候,1200M,1.12.26,72.26,25.7 23.4 23.1,一定超,艾道拿,,第1組,P,第1組 (艾道拿) 1200M 一定超 25.7 23.4 23.1 (1.12.26)
H368,17/10/2025,踱步,沙田,飛機場,沙田 飛機場,,,,,,助手,,踱步,P,飛機場 踱步 (助手)
H368,16/10/2025,游水,沙田,,沙田,,,,,,,,游水,,
H368,16/10/2025,踱步,沙田,內圈,沙田 內圈,,,,,,助手,,倒快一圈,H,內圈 倒快一圈 (助手)
H368,15/10/2025,游水,沙田,,沙田,,,,,,,,游水,,
H368,15/10/2025,踱步,沙田,內圈,沙田 內圈,,,,,,助手,,快踱一圈,H,內圈 快踱一圈 (助手)
H368,14/10/2025,游水,沙田,,沙田,,,,,,,,游水,,
H368,14/10/2025,踱步,沙田,內圈,沙田 內圈,,,,,,助手,,快踱一圈,H,內圈 快踱一圈 (助手)
H368,13/10/2025,游水,沙田,,沙田,,,,,,,,游水,,
H368,13/10/2025,快操,沙田,全天候,沙田 全天候,,56.1,56.1,30.8 25.3,,助手,,快操,,30.8 25.3 (56.1) (助手)
H368,13/10/2025,踱步,沙田,飛機場,沙田 飛機場,,,,,,助手,,踱步,,飛機場 踱步 (助手)
H368,12/10/2025,游水,沙田,,沙田,,,,,,,,游水,,
H368,12/10/2025,踱步,沙田,內圈,沙田 內圈,,,,,,助手,,快踱一圈,H,內圈 快踱一圈 (助手)
H368,11/10/2025,游水,沙田,,沙田,,,,,,,,游水,,
H368,11/10/2025,踱步,沙田,內圈,沙田 內圈,,,,,,助手,,快踱一圈,H,內圈 快踱一圈 (助手)
H368,10/10/2025,游水,沙田,,沙田,,,,,,,,游水,,
H368,10/10/2025,踱步,沙田,內圈,沙田 內圈,,,,,,助手,,快踱一圈,H,內圈 快踱一圈 (助手)
H368,09/10/2025,快操,沙田,全天候,沙田 全天候,,58.4,58.4,32.4 26.0,,助手,,快操,,32.4 26.0 (58.4) (助手)
H368,09/10/2025,踱步,沙田,飛機場,沙田 飛機場,,,,,,助手,,踱步,,飛機場 踱步 (助手)
H368,08/10/2025,游水,沙田,,沙田,,,,,,,,游水,,
H368,08/10/2025,踱步,沙田,內圈,沙田 內圈,,,,,,助手,,快踱一圈,H,內圈 快踱一圈 (助手)
H368,07/10/2025,游水,沙田,,沙田,,,,,,,,游水,,
H368,07/10/2025,踱步,沙田,內圈,沙田 內圈,,,,,,助手,,快踱一圈,H,內圈 快踱一圈 (助手)
H368,06/10/2025,游水,沙田,,沙田,,,,,,,,游水,,
H368,06/10/2025,踱步,沙田,內圈,沙田 內圈,,,,,,助手,,倒快一圈,H,內圈 倒快一圈 (助手)
H368,05/10/2025,游水,沙田,,沙田,,,,,,,,游水,,
H368,05/10/2025,踱步,沙田,飛機場,沙田 飛機場,,,,,,助手,,踱步,H,飛機場 踱步 (助手)
H368,04/10/2025,游水,沙田,,沙田,,,,,,,,游水,,
H368,03/10/2025,游水,沙田,,沙田,,,,,,,,游水,,
H368,01/10/2025,出賽,沙田,草地,沙田 草地,1000M,,,,,艾道拿,2/8,出賽,P,1000M (艾道拿) (2/8)
H368,01/10/2025,踱步,沙田,內圈,沙田 內圈,,,,,,助手,,快踱一圈,H,內圈 快踱一圈 (助手)
H368,30/09/2025,游水,沙田,,沙田,,,,,,,,游水,,
H368,30/09/2025,踱步,沙田,內圈,沙田 內圈,,,,,,助手,,快踱一圈,H,內圈 快踱一圈 (助手)
H368,29/09/2025,游水,沙田,,沙田,,,,,,,,游水,,
H368,29/09/2025,踱步,沙田,內圈,沙田 內圈,,,,,,助手,,倒快一圈,H,內圈 倒快一圈 (助手)
H368,28/09/2025,游水,沙田,,沙田,,,,,,,,游水,,
H368,28/09/2025,快操,沙田,全天候,沙田 全天候,,25.2,25.2,25.2,,助手,,快操,,25.2 (25.2) (助手)
H368,28/09/2025,踱步,沙田,飛機場,沙田 飛機場,,,,,,助手,,踱步,,飛機場 踱步 (助手)
H368,27/09/2025,游水,沙田,,沙田,,,,,,,,游水,,
H368,27/09/2025,踱步,沙田,內圈,沙田 內圈,,,,,,艾道拿,,快踱一圈,H,內圈 快踱一圈 (艾道拿)
H368,26/09/2025,游水,沙田,,沙田,,,,,,,,游水,,
H368,26/09/2025,踱步,沙田,內圈,沙田 內圈,,,,,,助手,,快踱一圈,H,內圈 快踱一圈 (助手)
H368,25/09/2025,游水,沙田,,沙田,,,,,,,,游水,,
H368,25/09/2025,踱步,沙田,飛機場,沙田 飛機場,,,,,,助手,,踱步,H,飛機場 踱步 (助手)
H368,23/09/2025,試閘,沙田,全天候,沙田 全天候,1200M,1.10.45,70.45,25.2 22.6 22.6,神虎龍駒,艾道拿,,第1組,P,第1組 (艾道拿) 1200M 神虎龍駒 25.2 22.6 22.6 (1.10.45)
H368,23/09/2025,踱步,沙田,飛機場,沙田 飛機場,,,,,,助手,,踱步,P,飛機場 踱步 (助手)
H368,22/09/2025,游水,沙田,,沙田,,,,,,,,游水,,
H368,22/09/2025,踱步,沙田,內圈,沙田 內圈,,,,,,助手,,倒快一圈,H,內圈 倒快一圈 (助手)
H368,21/09/2025,游水,沙田,,沙田,,,,,,,,游水,,
H368,21/09/2025,踱步,沙田,內圈,沙田 內圈,,,,,,助手,,快踱一圈,H,內圈 快踱一圈 (助手)
H368,20/09/2025,游水,沙田,,沙田,,,,,,,,游水,,
H368,20/09/2025,踱步,沙田,內圈,沙田 內圈,,,,,,助手,,快踱一圈,H,內圈 快踱一圈 (助手)
H368,19/09/2025,游水,沙田,,沙田,,,,,,,,游水,,
H368,19/09/2025,快操,沙田,全天候,沙田 全天候,,56.1,56.1,30.5 25.6,,助手,,快操,,30.5 25.6 (56.1) (助手)
H368,19/09/2025,踱步,沙田,飛機場,沙田 飛機場,,,,,,助手,,踱步,,飛機場 踱步 (助手)
H368,18/09/2025,游水,沙田,,沙田,,,,,,,,游水,,
H368,18/09/2025,踱步,沙田,內圈,沙田 內圈,,,,,,助手,,倒快一圈,H,內圈 倒快一圈 (助手)
H368,17/09/2025,游水,沙田,,沙田,,,,,,,,游水,,
H368,17/09/2025,踱步,沙田,內圈,沙田 內圈,,,,,,助手,,快踱一圈,H,內圈 快踱一圈 (助手)
H368,16/09/2025,游水,沙田,,沙田,,,,,,,,游水,,
H368,16/09/2025,踱步,沙田,內圈,沙田 內圈,,,,,,助手,,快踱一圈,H,內圈 快踱一圈 (助手)
H368,15/09/2025,游水,沙田,,沙田,,,,,,,,游水,,
H368,15/09/2025,快操,沙田,全天候,沙田 全天候,,26.5,26.5,26.5,,助手,,快操,,26.5 (26.5) (助手)
H368,15/09/2025,踱步,沙田,飛機場,沙田 飛機場,,,,,,助手,,踱步,,飛機場 踱步 (助手)
H368,14/09/2025,游水,沙田,,沙田,,,,,,,,游水,,
H368,14/09/2025,踱步,沙田,內圈,沙田 內圈,,,,,,助手,,快踱一圈,H,內圈 快踱一圈 (助手)
H368,13/09/2025,游水,沙田,,沙田,,,,,,,,游水,,
H368,13/09/2025,踱步,沙田,內圈,沙田 內圈,,,,,,助手,,快踱一圈,H,內圈 快踱一圈 (助手)
H368,12/09/2025,游水,沙田,,沙田,,,,,,,,游水,,
H368,12/09/2025,踱步,沙田,飛機場,沙田 飛機場,,,,,,助手,,踱步,H,飛機場 踱步 (助手)
H368,11/09/2025,游水,沙田,,沙田,,,,,,,,游水,,
H368,10/09/2025,游水,沙田,,沙田,,,,,,,,游水,,
H368,09/09/2025,游水,沙田,,沙田,,,,,,,,游水,,
H368,08/09/2025,游水,沙田,,沙田,,,,,,,,游水,,
H368,07/09/2025,出賽,沙田,草地,沙田 草地,1200M,,,,,楊明綸,6/12,出賽,P,1200M (楊明綸) (6/12)
H368,07/09/2025,踱步,沙田,內圈,沙田 內圈,,,,,,助手,,快踱一圈,H,內圈 快踱一圈 (助手)
H368,06/09/2025,游水,沙田,,沙田,,,,,,,,游水,,
H368,06/09/2025,踱步,沙田,內圈,沙田 內圈,,,,,,助手,,快踱一圈,H,內圈 快踱一圈 (助手)
H368,05/09/2025,游水,沙田,,沙田,,,,,,,,游水,,
H368,05/09/2025,踱步,沙田,內圈,沙田 內圈,,,,,,助手,,快踱一圈,H,內圈 快踱一圈 (助手)
H368,04/09/2025,游水,沙田,,沙田,,,,,,,,游水,,
H368,04/09/2025,快操,沙田,全天候,沙田 全天候,,59.2,59.2,32.8 26.4,,助手,,快操,,32.8 26.4 (59.2) (助手)
H368,04/09/2025,踱步,沙田,飛機場,沙田 飛機場,,,,,,助手,,踱步,,飛機場 踱步 (助手)
H368,03/09/2025,游水,沙田,,沙田,,,,,,,,游水,,
H368,03/09/2025,踱步,沙田,內圈,沙田 內圈,,,,,,助手,,快踱一圈,H,內圈 快踱一圈 (助手)
H368,02/09/2025,游水,沙田,,沙田,,,,,,,,游水,,
H368,02/09/2025,踱步,沙田,內圈,沙田 內圈,,,,,,助手,,快踱一圈,H,內圈 快踱一圈 (助手)
H368,01/09/2025,游水,沙田,,沙田,,,,,,,,游水,,
H368,01/09/2025,踱步,沙田,內圈,沙田 內圈,,,,,,助手,,倒快一圈,H,內圈 倒快一圈 (助手)
H368,31/08/2025,游水,沙田,,沙田,,,,,,,,游水,,
H368,31/08/2025,快操,沙田,全天候,沙田 全天候,,59.8,59.8,33.7 26.1,,助手,,快操,,33.7 26.1 (59.8) (助手)
H368,31/08/2025,踱步,沙田,飛機場,沙田 飛機場,,,,,,助手,,踱步,,飛機場 踱步 (助手)
H368,30/08/2025,游水,沙田,,沙田,,,,,,,,游水,,
H368,30/08/2025,踱步,沙田,內圈,沙田 內圈,,,,,,助手,,快踱一圈,H,內圈 快踱一圈 (助手)
H368,29/08/2025,游水,沙田,,沙田,,,,,,,,游水,,
H368,29/08/2025,踱步,沙田,內圈,沙田 內圈,,,,,,助手,,快踱一圈,H,內圈 快踱一圈 (助手)
H368,28/08/2025,游水,沙田,,沙田,,,,,,,,游水,,
H368,28/08/2025,踱步,沙田,飛機場,沙田 飛機場,,,,,,助手,,踱步,H,飛機場 踱步 (助手)
H368,27/08/2025,游水,沙田,,沙田,,,,,,,,游水,,
H368,26/08/2025,試閘,沙田,全天候,沙田 全天候,1200M,1.09.89,69.89,24.2 22.7 22.9,美麗第一,艾道拿,,第1組,P,第1組 (艾道拿) 1200M 美麗第一 24.2 22.7 22.9 (1.09.89)
H368,26/08/2025,踱步,沙田,飛機場,沙田 飛機場,,,,,,助手,,踱步,H,飛機場 踱步 (助手)
H368,25/08/2025,游水,沙田,,沙田,,,,,,,,游水,,
H368,25/08/2025,踱步,沙田,內圈,沙田 內圈,,,,,,助手,,倒快一圈,H,內圈 倒快一圈 (助手)
H368,24/08/2025,游水,沙田,,沙田,,,,,,,,游水,,
H368,24/08/2025,踱步,沙田,內圈,沙田 內圈,,,,,,助手,,快踱一圈,H,內圈 快踱一圈 (助手)
H368,23/08/2025,游水,沙田,,沙田,,,,,,,,游水,,
H368,23/08/2025,踱步,沙田,內圈,沙田 內圈,,,,,,艾道拿,,快踱一圈,H,內圈 快踱一圈 (艾道拿)
H368,22/08/2025,游水,沙田,,沙田,,,,,,,,游水,,
H368,22/08/2025,快操,沙田,全天候,沙田 全天候,,59.0,59.0,32.5 26.5,,助手,,快操,,32.5 26.5 (59.0) (助手)
H368,22/08/2025,踱步,沙田,飛機場,沙田 飛機場,,,,,,助手,,踱步,,飛機場 踱步 (助手)
H368,21/08/2025,游水,沙田,,沙田,,,,,,,,游水,,
H368,21/08/2025,踱步,沙田,內圈,沙田 內圈,,,,,,助手,,倒快一圈,H,內圈 倒快一圈 (助手)
H368,20/08/2025,游水,沙田,,沙田,,,,,,,,游水,,
H368,20/08/2025,踱步,沙田,內圈,沙田 內圈,,,,,,助手,,快踱一圈,H,內圈 快踱一圈 (助手)
H368,19/08/2025,游水,沙田,,沙田,,,,,,,,游水,,
H368,19/08/2025,快操,沙田,全天候,沙田 全天候,,58.9,58.9,31.9 27.0,,助手,,快操,,31.9 27.0 (58.9) (助手)
H368,19/08/2025,踱步,沙田,飛機場,沙田 飛機場,,,,,,助手,,踱步,,飛機場 踱步 (助手)
H368,18/08/2025,游水,沙田,,沙田,,,,,,,,游水,,
H368,18/08/2025,踱步,沙田,內圈,沙田 內圈,,,,,,助手,,倒快一圈,H,內圈 倒快一圈 (助手)
H368,17/08/2025,游水,沙田,,沙田,,,,,,,,游水,,
H368,17/08/2025,踱步,沙田,內圈,沙田 內圈,,,,,,助手,,快踱一圈,H,內圈 快踱一圈 (助手)
H368,16/08/2025,游水,沙田,,沙田,,,,,,,,游水,,
H368,16/08/2025,快操,沙田,全天候,沙田 全天候,,1.00.3,60.3,32.9 27.4,,助手,,快操,,32.9 27.4 (1.00.3) (助手)
H368,16/08/2025,踱步,沙田,飛機場,沙田 飛機場,,,,,,助手,,踱步,,飛機場 踱步 (助手)
H368,15/08/2025,游水,沙田,,沙田,,,,,,,,游水,,
H368,15/08/2025,踱步,沙田,內圈,沙田 內圈,,,,,,助手,,快踱一圈,H,內圈 快踱一圈 (助手)
H368,14/08/2025,游水,沙田,,沙田,,,,,,,,游水,,
H368,14/08/2025,踱步,沙田,內圈,沙田 內圈,,,,,,助手,,倒快一圈,H,內圈 倒快一圈 (助手)
H368,13/08/2025,游水,沙田,,沙田,,,,,,,,游水,,
H368,13/08/2025,快操,沙田,全天候,沙田 全天候,,59.1,59.1,32.5 26.6,,助手,,快操,,32.5 26.6 (59.1) (助手)
H368,13/08/2025,踱步,沙田,飛機場,沙田 飛機場,,,,,,助手,,踱步,,飛機場 踱步 (助手)
H368,12/08/2025,游水,沙田,,沙田,,,,,,,,游水,,
H368,12/08/2025,踱步,沙田,內圈,沙田 內圈,,,,,,助手,,快踱一圈,H,內圈 快踱一圈 (助手)
H368,11/08/2025,游水,沙田,,沙田,,,,,,,,游水,,
H368,11/08/2025,踱步,沙田,內圈,沙田 內圈,,,,,,助手,,倒快一圈,H,內圈 倒快一圈 (助手)
H368,10/08/2025,游水,沙田,,沙田,,,,,,,,游水,,
H368,10/08/2025,快操,沙田,全天候,沙田 全天候,,1.00.9,60.9,32.8 28.1,,助手,,快操,H,32.8 28.1 (1.00.9) (助手)
H368,10/08/2025,踱步,沙田,飛機場,沙田 飛機場,,,,,,助手,,踱步,H,飛機場 踱步 (助手)
H368,09/08/2025,游水,沙田,,沙田,,,,,,,,游水,,
H368,09/08/2025,踱步,沙田,內圈,沙田 內圈,,,,,,助手,,快踱一圈,H,內圈 快踱一圈 (助手)
H368,08/08/2025,游水,沙田,,沙田,,,,,,,,游水,,
H368,08/08/2025,踱步,沙田,內圈,沙田 內圈,,,,,,助手,,快踱一圈,H,內圈 快踱一圈 (助手)
H368,07/08/2025,游水,沙田,,沙田,,,,,,,,游水,,
H368,07/08/2025,快操,沙田,全天候,沙田 全天候,,30.6,30.6,30.6,,助手,,快操,H,30.6 (30.6) (助手)
H368,07/08/2025,踱步,沙田,飛機場,沙田 飛機場,,,,,,助手,,踱步,H,飛機場 踱步 (助手)
H368,06/08/2025,游水,沙田,,沙田,,,,,,,,游水,,
H368,06/08/2025,踱步,沙田,內圈,沙田 內圈,,,,,,助手,,快踱一圈,H,內圈 快踱一圈 (助手)
H368,05/08/2025,游水,沙田,,沙田,,,,,,,,游水,,
H368,04/08/2025,踱步,沙田,內圈,沙田 內圈,,,,,,助手,,快踱一圈,H,內圈 快踱一圈 (助手)
H368,03/08/2025,踱步,沙田,內圈,沙田 內圈,,,,,,助手,,快踱一圈,H,內圈 快踱一圈 (助手)
H368,02/08/2025,踱步,沙田,飛機場,沙田 飛機場,,,,,,助手,,踱步,H,飛機場 踱步 (助手)
H368,01/08/2025,踱步,沙田,飛機場,沙田 飛機場,,,,,,助手,,踱步,H,飛機場 踱步 (助手)
H368,31/07/2025,踱步,沙田,飛機場,沙田 飛機場,,,,,,助手,,踱步,H,飛機場 踱步 (助手)
H368,16/07/2025,出賽,跑馬地,草地,跑馬地 草地,1200M,,,,,布文,7/12,出賽,P,1200M (布文) (7/12)
H368,16/07/2025,踱步,沙田,內圈,沙田 內圈,,,,,,助手,,快踱一圈,H,內圈 快踱一圈 (助手)
H368,15/07/2025,游水,沙田,,沙田,,,,,,,,游水,,
H368,15/07/2025,踱步,沙田,內圈,沙田 內圈,,,,,,助手,,快踱一圈,H,內圈 快踱一圈 (助手)
H368,14/07/2025,游水,沙田,,沙田,,,,,,,,游水,,
H368,14/07/2025,踱步,沙田,內圈,沙田 內圈,,,,,,助手,,倒快一圈,,內圈 倒快一圈 (助手)
H368,13/07/2025,游水,沙田,,沙田,,,,,,,,游水,,
H368,13/07/2025,快操,沙田,全天候,沙田 全天候,,59.1,59.1,32.0 27.1,,助手,,快操,,32.0 27.1 (59.1) (助手)
H368,13/07/2025,踱步,沙田,飛機場,沙田 飛機場,,,,,,助手,,踱步,,飛機場 踱步 (助手)
H368,12/07/2025,游水,沙田,,沙田,,,,,,,,游水,,
H368,12/07/2025,踱步,沙田,內圈,沙田 內圈,,,,,,助手,,快踱一圈,H,內圈 快踱一圈 (助手)
H368,11/07/2025,游水,沙田,,沙田,,,,,,,,游水,,
H368,11/07/2025,踱步,沙田,內圈,沙田 內圈,,,,,,助手,,快踱一圈,H,內圈 快踱一圈 (助手)
H368,10/07/2025,游水,沙田,,沙田,,,,,,,,游水,,
H368,10/07/2025,踱步,沙田,飛機場,沙田 飛機場,,,,,,助手,,踱步,H,飛機場 踱步 (助手)
H368,09/07/2025,游水,沙田,,沙田,,,,,,,,游水,,
H368,08/07/2025,試閘,沙田,全天候,沙田 全天候,1200M,1.11.36,71.36,24.9 23.7 22.7,明天更好,布文,,第1組,P,第1組 (布文) 1200M 明天更好 24.9 23.7 22.7 (1.11.36)
H368,07/07/2025,游水,沙田,,沙田,,,,,,,,游水,,
H368,07/07/2025,踱步,沙田,內圈,沙田 內圈,,,,,,助手,,倒快一圈,H,內圈 倒快一圈 (助手)
H368,06/07/2025,游水,沙田,,沙田,,,,,,,,游水,,
H368,06/07/2025,踱步,沙田,內圈,沙田 內圈,,,,,,助手,,快踱一圈,H,內圈 快踱一圈 (助手)
H368,05/07/2025,游水,沙田,,沙田,,,,,,,,游水,,
H368,05/07/2025,快操,沙田,全天候,沙田 全天候,,56.7,56.7,31.4 25.3,,助手,,無限美麗,,31.4 25.3 (56.7) (助手) 無限美麗
H368,05/07/2025,踱步,沙田,飛機場,沙田 飛機場,,,,,,助手,,踱步,,飛機場 踱步 (助手)
H368,04/07/2025,游水,沙田,,沙田,,,,,,,,游水,,
H368,04/07/2025,踱步,沙田,內圈,沙田 內圈,,,,,,助手,,快踱一圈,H,內圈 快踱一圈 (助手)
H368,03/07/2025,游水,沙田,,沙田,,,,,,,,游水,,
H368,03/07/2025,踱步,沙田,內圈,沙田 內圈,,,,,,助手,,倒快一圈,H,內圈 倒快一圈 (助手)
H368,02/07/2025,游水,沙田,,沙田,,,,,,,,游水,,
H368,02/07/2025,快操,沙田,全天候,沙田 全天候,,58.5,58.5,32.4 26.1,,助手,,快操,,32.4 26.1 (58.5) (助手)
H368,02/07/2025,踱步,沙田,飛機場,沙田 飛機場,,,,,,助手,,踱步,,飛機場 踱步 (助手)
H368,01/07/2025,游水,沙田,,沙田,,,,,,,,游水,,
H368,01/07/2025,踱步,沙田,內圈,沙田 內圈,,,,,,助手,,快踱一圈,H,內圈 快踱一圈 (助手)
H368,30/06/2025,游水,沙田,,沙田,,,,,,,,游水,,
H368,30/06/2025,踱步,沙田,內圈,沙田 內圈,,,,,,助手,,倒快一圈,H,內圈 倒快一圈 (助手)
H368,29/06/2025,游水,沙田,,沙田,,,,,,,,游水,,
H368,29/06/2025,踱步,沙田,飛機場,沙田 飛機場,,,,,,助手,,踱步,H,飛機場 踱步 (助手)
H368,27/06/2025,試閘,從化,草地,從化 草地,1200M,1.11.97,71.97,23.8 22.9 25.2,金金小子,湯瑪善,,第6組,P,第6組 (湯瑪善) 1200M 金金小子 23.8 22.9 25.2 (1.11.97)
H368,27/06/2025,游水,從化,,從化,,,,,,,,游水,,
H368,27/06/2025,踱步,從化,飛機場,從化 飛機場,,,,,,助手,,踱步,P,飛機場 踱步 (助手)
H368,26/06/2025,游水,從化,,從化,,,,,,,,游水,,
H368,26/06/2025,踱步,從化,內圈,從化 內圈,,,,,,助手,,倒快一圈,H,內圈 倒快一圈 (助手)
H368,25/06/2025,游水,從化,,從化,,,,,,,,游水,,
H368,25/06/2025,踱步,從化,內圈,從化 內圈,,,,,,助手,,快踱一圈,H,內圈 快踱一圈 (助手)
H368,24/06/2025,游水,從化,,從化,,,,,,,,游水,,
H368,24/06/2025,踱步,從化,內圈,從化 內圈,,,,,,助手,,快踱一圈,H,內圈 快踱一圈 (助手)
H368,23/06/2025,游水,從化,,從化,,,,,,,,游水,,
H368,23/06/2025,踱步,從化,內圈,從化 內圈,,,,,,助手,,倒快一圈,H,內圈 倒快一圈 (助手)
H368,22/06/2025,游水,從化,,從化,,,,,,,,游水,,
H368,22/06/2025,快操,從化,全天候,從化 全天候,,58.7,58.7,32.6 26.1,,助手,,快操,H,32.6 26.1 (58.7) (助手)
H368,22/06/2025,踱步,從化,飛機場,從化 飛機場,,,,,,助手,,踱步,H,飛機場 踱步 (助手)
H368,21/06/2025,游水,從化,,從化,,,,,,,,游水,,
H368,21/06/2025,踱步,從化,內圈,從化 內圈,,,,,,助手,,快踱一圈,H,內圈 快踱一圈 (助手)
H368,20/06/2025,游水,從化,,從化,,,,,,,,游水,,
H368,20/06/2025,踱步,從化,內圈,從化 內圈,,,,,,助手,,快踱一圈,H,內圈 快踱一圈 (助手)
H368,19/06/2025,游水,從化,,從化,,,,,,,,游水,,
H368,19/06/2025,踱步,從化,飛機場,從化 飛機場,,,,,,助手,,踱步,H,飛機場 踱步 (助手)
H368,18/06/2025,游水,從化,,從化,,,,,,,,游水,,
H368,17/06/2025,游水,從化,,從化,,,,,,,,游水,,
H368,14/06/2025,出賽,沙田,草地,沙田 草地,1200M,,,,,艾道拿,2/11,出賽,P,1200M (艾道拿) (2/11)
H368,14/06/2025,踱步,沙田,內圈,沙田 內圈,,,,,,助手,,快踱一圈,H,內圈 快踱一圈 (助手)
H368,13/06/2025,游水,沙田,,沙田,,,,,,,,游水,,
H368,13/06/2025,踱步,沙田,飛機場,沙田 飛機場,,,,,,助手,,踱步,H,飛機場 踱步 (助手)
H368,12/06/2025,踱步,從化,內圈,從化 內圈,,,,,,助手,,倒快一圈,H,內圈 倒快一圈 (助手)
H368,11/06/2025,游水,從化,,從化,,,,,,,,游水,,
H368,11/06/2025,踱步,從化,飛機場,從化 飛機場,,,,,,助手,,踱步,H,飛機場 踱步 (助手)
H368,10/06/2025,游水,從化,,從化,,,,,,,,游水,,
H368,09/06/2025,試閘,從化,草地,從化 草地,1000M,0.59.31,59.31,14.1 22.3 22.9,精算暴雪,湯瑪善,,第1組,P,第1組 (湯瑪善) 1000M 精算暴雪 14.1 22.3 22.9 (0.59.31)
H368,09/06/2025,游水,從化,,從化,,,,,,,,游水,,
H368,09/06/2025,踱步,從化,飛機場,從化 飛機場,,,,,,助手,,踱步,P,飛機場 踱步 (助手)
H368,08/06/2025,游水,從化,,從化,,,,,,,,游水,,
H368,08/06/2025,踱步,從化,內圈,從化 內圈,,,,,,助手,,快踱一圈,H,內圈 快踱一圈 (助手)
H368,07/06/2025,游水,從化,,從化,,,,,,,,游水,,
H368,07/06/2025,踱步,從化,內圈,從化 內圈,,,,,,助手,,快踱一圈,H,內圈 快踱一圈 (助手)
H368,06/06/2025,游水,從化,,從化,,,,,,,,游水,,
H368,06/06/2025,快操,從化,全天候,從化 全天候,,25.7,25.7,25.7,,助手,,快操,H,25.7 (25.7) (助手)
H368,06/06/2025,踱步,從化,飛機場,從化 飛機場,,,,,,助手,,踱步,H,飛機場 踱步 (助手)
H368,05/06/2025,游水,從化,,從化,,,,,,,,游水,,
H368,05/06/2025,踱步,從化,內圈,從化 內圈,,,,,,助手,,倒快一圈,H,內圈 倒快一圈 (助手)
H368,04/06/2025,游水,從化,,從化,,,,,,,,游水,,
H368,04/06/2025,踱步,從化,內圈,從化 內圈,,,,,,助手,,快踱一圈,H,內圈 快踱一圈 (助手)
H368,03/06/2025,游水,從化,,從化,,,,,,,,游水,,
H368,03/06/2025,快操,從化,全天候,從化 全天候,,26.7,26.7,26.7,,助手,,快操,H,26.7 (26.7) (助手)
H368,03/06/2025,踱步,從化,飛機場,從化 飛機場,,,,,,助手,,踱步,H,飛機場 踱步 (助手)
H368,02/06/2025,游水,從化,,從化,,,,,,,,游水,,
H368,02/06/2025,踱步,從化,內圈,從化 內圈,,,,,,助手,,倒快一圈,H,內圈 倒快一圈 (助手)
H368,01/06/2025,游水,從化,,從化,,,,,,,,游水,,
H368,01/06/2025,踱步,從化,內圈,從化 內圈,,,,,,助手,,快踱一圈,H,內圈 快踱一圈 (助手)
H368,31/05/2025,游水,從化,,從化,,,,,,,,游水,,
H368,31/05/2025,快操,從化,全天候,從化 全天候,,58.7,58.7,32.7 26.0,,助手,,快操,H,32.7 26.0 (58.7) (助手)
H368,31/05/2025,踱步,從化,飛機場,從化 飛機場,,,,,,助手,,踱步,H,飛機場 踱步 (助手)
H368,30/05/2025,游水,從化,,從化,,,,,,,,游水,,
H368,30/05/2025,踱步,從化,內圈,從化 內圈,,,,,,助手,,快踱一圈,H,內圈 快踱一圈 (助手)
H368,29/05/2025,游水,從化,,從化,,,,,,,,游水,,
H368,29/05/2025,踱步,從化,內圈,從化 內圈,,,,,,助手,,倒快一圈,H,內圈 倒快一圈 (助手)
H368,28/05/2025,游水,從化,,從化,,,,,,,,游水,,
H368,28/05/2025,踱步,從化,飛機場,從化 飛機場,,,,,,助手,,踱步,H,飛機場 踱步 (助手)
H368,27/05/2025,游水,從化,,從化,,,,,,,,游水,,
H368,26/05/2025,試閘,從化,草地,從化 草地,1000M,0.58.47,58.47,13.7 22.0 22.7,氣勢,湯瑪善,,第1組,P,第1組 (湯瑪善) 1000M 氣勢 13.7 22.0 22.7 (0.58.47)
H368,26/05/2025,踱步,從化,飛機場,從化 飛機場,,,,,,助手,,踱步,P,飛機場 踱步 (助手)
H368,25/05/2025,游水,從化,,從化,,,,,,,,游水,,
H368,25/05/2025,踱步,從化,內圈,從化 內圈,,,,,,助手,,快踱一圈,H,內圈 快踱一圈 (助手)
H368,24/05/2025,游水,從化,,從化,,,,,,,,游水,,
H368,24/05/2025,踱步,從化,內圈,從化 內圈,,,,,,助手,,快踱一圈,H,內圈 快踱一圈 (助手)
H368,23/05/2025,游水,從化,,從化,,,,,,,,游水,,
H368,23/05/2025,快操,從化,全天候,從化 全天候,,1.00.7,60.7,33.9 26.8,,助手,,快操,H,33.9 26.8 (1.00.7) (助手)
H368,23/05/2025,踱步,從化,飛機場,從化 飛機場,,,,,,助手,,踱步,H,飛機場 踱步 (助手)
H368,22/05/2025,游水,從化,,從化,,,,,,,,游水,,
H368,22/05/2025,踱步,從化,飛機場,從化 飛機場,,,,,,助手,,踱步,H,飛機場 踱步 (助手)
H368,21/05/2025,游水,從化,,從化,,,,,,,,游水,,
H368,21/05/2025,踱步,從化,內圈,從化 內圈,,,,,,助手,,快踱一圈,H,內圈 快踱一圈 (助手)
H368,20/05/2025,游水,從化,,從化,,,,,,,,游水,,
H368,20/05/2025,快操,從化,全天候,從化 全天候,,59.6,59.6,33.8 25.8,,助手,,快操,H,33.8 25.8 (59.6) (助手)
H368,20/05/2025,踱步,從化,飛機場,從化 飛機場,,,,,,助手,,踱步,H,飛機場 踱步 (助手)
H368,19/05/2025,游水,從化,,從化,,,,,,,,游水,,
H368,19/05/2025,踱步,從化,內圈,從化 內圈,,,,,,助手,,倒快一圈,H,內圈 倒快一圈 (助手)
H368,18/05/2025,游水,從化,,從化,,,,,,,,游水,,
H368,18/05/2025,踱步,從化,內圈,從化 內圈,,,,,,助手,,快踱一圈,H,內圈 快踱一圈 (助手)
H368,17/05/2025,游水,從化,,從化,,,,,,,,游水,,
H368,17/05/2025,快操,從化,全天候,從化 全天候,,1.00.5,60.5,34.0 26.5,,助手,,快操,H,34.0 26.5 (1.00.5) (助手)
H368,17/05/2025,踱步,從化,飛機場,從化 飛機場,,,,,,助手,,踱步,H,飛機場 踱步 (助手)
H368,16/05/2025,游水,從化,,從化,,,,,,,,游水,,
H368,16/05/2025,踱步,從化,內圈,從化 內圈,,,,,,助手,,快踱一圈,H,內圈 快踱一圈 (助手)
H368,15/05/2025,游水,從化,,從化,,,,,,,,游水,,
H368,15/05/2025,踱步,從化,飛機場,從化 飛機場,,,,,,助手,,踱步,H,飛機場 踱步 (助手)
H368,14/05/2025,游水,從化,,從化,,,,,,,,游水,,
H368,13/05/2025,試閘,從化,草地,從化 草地,800M,0.47.04,47.04,24.7 22.3,福星小子,楊明綸,,第4組,P,第4組 (楊明綸) 800M 福星小子 24.7 22.3 (0.47.04)
H368,13/05/2025,游水,從化,,從化,,,,,,,,游水,,
H368,13/05/2025,踱步,從化,飛機場,從化 飛機場,,,,,,助手,,踱步,P,飛機場 踱步 (助手)
H368,12/05/2025,游水,從化,,從化,,,,,,,,游水,,
H368,12/05/2025,踱步,從化,內圈,從化 內圈,,,,,,助手,,倒快一圈,H,內圈 倒快一圈 (助手)
H368,11/05/2025,游水,從化,,從化,,,,,,,,游水,,
H368,11/05/2025,踱步,從化,內圈,從化 內圈,,,,,,助手,,快踱一圈,H,內圈 快踱一圈 (助手)
H368,10/05/2025,游水,從化,,從化,,,,,,,,游水,,
H368,10/05/2025,踱步,從化,內圈,從化 內圈,,,,,,助手,,快踱一圈,H,內圈 快踱一圈 (助手)
H368,09/05/2025,游水,從化,,從化,,,,,,,,游水,,
H368,09/05/2025,快操,從化,全天候,從化 全天候,,56.9,56.9,31.8 25.1,,助手,,快操,H,31.8 25.1 (56.9) (助手)
H368,09/05/2025,踱步,從化,飛機場,從化 飛機場,,,,,,助手,,踱步,H,飛機場 踱步 (助手)
H368,08/05/2025,游水,從化,,從化,,,,,,,,游水,,
H368,08/05/2025,踱步,從化,內圈,從化 內圈,,,,,,助手,,倒快一圈,H,內圈 倒快一圈 (助手)
H368,07/05/2025,游水,從化,,從化,,,,,,,,游水,,
H368,07/05/2025,踱步,從化,內圈,從化 內圈,,,,,,助手,,快踱一圈,H,內圈 快踱一圈 (助手)
H368,06/05/2025,游水,從化,,從化,,,,,,,,游水,,
H368,06/05/2025,快操,從化,全天候,從化 全天候,,59.0,59.0,32.6 26.4,,助手,,快操,H,32.6 26.4 (59.0) (助手)
H368,06/05/2025,踱步,從化,飛機場,從化 飛機場,,,,,,助手,,踱步,H,飛機場 踱步 (助手)
H368,05/05/2025,游水,從化,,從化,,,,,,,,游水,,
H368,05/05/2025,踱步,從化,內圈,從化 內圈,,,,,,助手,,倒快一圈,H,內圈 倒快一圈 (助手)
H368,04/05/2025,游水,從化,,從化,,,,,,,,游水,,
H368,04/05/2025,踱步,從化,內圈,從化 內圈,,,,,,助手,,快踱一圈,H,內圈 快踱一圈 (助手)
H368,03/05/2025,游水,從化,,從化,,,,,,,,游水,,
H368,03/05/2025,踱步,從化,內圈,從化 內圈,,,,,,助手,,快踱一圈,H,內圈 快踱一圈 (助手)
H368,02/05/2025,游水,從化,,從化,,,,,,,,游水,,
H368,02/05/2025,快操,從化,全天候,從化 全天候,,59.1,59.1,33.1 26.0,,助手,,快操,H,33.1 26.0 (59.1) (助手)
H368,02/05/2025,踱步,從化,飛機場,從化 飛機場,,,,,,助手,,踱步,H,飛機場 踱步 (助手)
H368,01/05/2025,游水,從化,,從化,,,,,,,,游水,,
H368,01/05/2025,踱步,從化,內圈,從化 內圈,,,,,,助手,,倒快一圈,H,內圈 倒快一圈 (助手)
H368,30/04/2025,游水,從化,,從化,,,,,,,,游水,,
H368,30/04/2025,踱步,從化,內圈,從化 內圈,,,,,,助手,,快踱一圈,H,內圈 快踱一圈 (助手)
H368,29/04/2025,游水,從化,,從化,,,,,,,,游水,,
H368,29/04/2025,快操,從化,全天候,從化 全天候,,26.3,26.3,26.3,,助手,,快操,H,26.3 (26.3) (助手)
H368,29/04/2025,踱步,從化,飛機場,從化 飛機場,,,,,,助手,,踱步,H,飛機場 踱步 (助手)
H368,28/04/2025,游水,從化,,從化,,,,,,,,游水,,
H368,28/04/2025,踱步,從化,內圈,從化 內圈,,,,,,助手,,倒快一圈,H,內圈 倒快一圈 (助手)
H368,27/04/2025,游水,從化,,從化,,,,,,,,游水,,
H368,27/04/2025,踱步,從化,內圈,從化 內圈,,,,,,助手,,快踱一圈,H,內圈 快踱一圈 (助手)
H368,26/04/2025,游水,從化,,從化,,,,,,,,游水,,
H368,26/04/2025,踱步,從化,內圈,從化 內圈,,,,,,助手,,快踱一圈,H,內圈 快踱一圈 (助手)
H368,25/04/2025,游水,從化,,從化,,,,,,,,游水,,
H368,25/04/2025,快操,從化,全天候,從化 全天候,,28.9,28.9,28.9,,助手,,快操,H,28.9 (28.9) (助手)
H368,25/04/2025,踱步,從化,飛機場,從化 飛機場,,,,,,助手,,踱步,H,飛機場 踱步 (助手)
H368,24/04/2025,游水,從化,,從化,,,,,,,,游水,,
H368,24/04/2025,踱步,從化,內圈,從化 內圈,,,,,,助手,,倒快一圈,H,內圈 倒快一圈 (助手)
H368,23/04/2025,游水,從化,,從化,,,,,,,,游水,,
H368,23/04/2025,踱步,從化,內圈,從化 內圈,,,,,,助手,,快踱一圈,H,內圈 快踱一圈 (助手)
H368,22/04/2025,游水,從化,,從化,,,,,,,,游水,,
H368,22/04/2025,快操,從化,全天候,從化 全天候,,28.5,28.5,28.5,,助手,,快操,H,28.5 (28.5) (助手)
H368,22/04/2025,踱步,從化,飛機場,從化 飛機場,,,,,,助手,,踱步,H,飛機場 踱步 (助手)
H368,21/04/2025,游水,從化,,從化,,,,,,,,游水,,
H368,21/04/2025,踱步,從化,內圈,從化 內圈,,,,,,助手,,倒快一圈,H,內圈 倒快一圈 (助手)
H368,20/04/2025,游水,從化,,從化,,,,,,,,游水,,
H368,20/04/2025,踱步,從化,內圈,從化 內圈,,,,,,助手,,快踱一圈,H,內圈 快踱一圈 (助手)
H368,19/04/2025,游水,從化,,從化,,,,,,,,游水,,
H368,19/04/2025,踱步,從化,內圈,從化 內圈,,,,,,助手,,快踱一圈,H,內圈 快踱一圈 (助手)
H368,18/04/2025,游水,從化,,從化,,,,,,,,游水,,
H368,18/04/2025,快操,從化,全天候,從化 全天候,,27.4,27.4,27.4,,助手,,快操,H,27.4 (27.4) (助手)
H368,18/04/2025,踱步,從化,飛機場,從化 飛機場,,,,,,助手,,踱步,H,飛機場 踱步 (助手)
H368,17/04/2025,游水,從化,,從化,,,,,,,,游水,,
H368,17/04/2025,踱步,從化,內圈,從化 內圈,,,,,,助手,,倒快一圈,H,內圈 倒快一圈 (助手)
H368,16/04/2025,游水,從化,,從化,,,,,,,,游水,,
H368,16/04/2025,踱步,從化,內圈,從化 內圈,,,,,,助手,,快踱一圈,H,內圈 快踱一圈 (助手)
H368,15/04/2025,游水,從化,,從化,,,,,,,,游水,,
H368,15/04/2025,快操,從化,全天候,從化 全天候,,31.5,31.5,31.5,,助手,,快操,H,31.5 (31.5) (助手)
H368,15/04/2025,踱步,從化,飛機場,從化 飛機場,,,,,,助手,,踱步,H,飛機場 踱步 (助手)
H368,14/04/2025,游水,從化,,從化,,,,,,,,游水,,
H368,14/04/2025,踱步,從化,內圈,從化 內圈,,,,,,助手,,倒快一圈,H,內圈 倒快一圈 (助手)
H368,13/04/2025,游水,從化,,從化,,,,,,,,游水,,
H368,13/04/2025,踱步,從化,內圈,從化 內圈,,,,,,助手,,快踱一圈,H,內圈 快踱一圈 (助手)
H368,12/04/2025,游水,從化,,從化,,,,,,,,游水,,
H368,12/04/2025,踱步,從化,內圈,從化 內圈,,,,,,助手,,快踱一圈,H,內圈 快踱一圈 (助手)
H368,11/04/2025,游水,從化,,從化,,,,,,,,游水,,
H368,11/04/2025,快操,從化,全天候,從化 全天候,,31.3,31.3,31.3,,助手,,快操,H,31.3 (31.3) (助手)
H368,11/04/2025,踱步,從化,飛機場,從化 飛機場,,,,,,助手,,踱步,H,飛機場 踱步 (助手)
H368,10/04/2025,踱步,從化,內圈,從化 內圈,,,,,,助手,,倒快一圈,H,內圈 倒快一圈 (助手)
H368,09/04/2025,踱步,從化,內圈,從化 內圈,,,,,,助手,,快踱一圈,H,內圈 快踱一圈 (助手)
H368,08/04/2025,踱步,從化,內圈,從化 內圈,,,,,,助手,,快踱一圈,H,內圈 快踱一圈 (助手)
H368,07/04/2025,踱步,從化,內圈,從化 內圈,,,,,,助手,,倒快一圈,H,內圈 倒快一圈 (助手)
H368,06/04/2025,踱步,從化,內圈,從化 內圈,,,,,,助手,,快踱一圈,H,內圈 快踱一圈 (助手)
H368,05/04/2025,踱步,從化,內圈,從化 內圈,,,,,,助手,,快踱一圈,H,內圈 快踱一圈 (助手)
H368,04/04/2025,踱步,從化,內圈,從化 內圈,,,,,,助手,,快踱一圈,H,內圈 快踱一圈 (助手)
H368,03/04/2025,踱步,從化,飛機場,從化 飛機場,,,,,,助手,,踱步,H,飛機場 踱步 (助手)
H368,02/04/2025,踱步,從化,飛機場,從化 飛機場,,,,,,助手,,踱步,H,飛機場 踱步 (助手)
H368,01/04/2025,踱步,從化,飛機場,從化 飛機場,,,,,,助手,,踱步,H,飛機場 踱步 (助手)
H368,26/02/2025,出賽,跑馬地,草地,跑馬地 草地,1200M,,,,,布文,4/5,出賽,P,1200M (布文) (4/5)
H368,26/02/2025,踱步,沙田,內圈,沙田 內圈,,,,,,助手,,快踱一圈,H,內圈 快踱一圈 (助手)
H368,25/02/2025,游水,沙田,,沙田,,,,,,,,游水,,
H368,25/02/2025,踱步,沙田,內圈,沙田 內圈,,,,,,助手,,快踱一圈,H,內圈 快踱一圈 (助手)
H368,24/02/2025,游水,沙田,,沙田,,,,,,,,游水,,
H368,24/02/2025,快操,沙田,全天候,沙田 全天候,,57.2,57.2,31.7 25.5,,助手,,快操,,31.7 25.5 (57.2) (助手)
H368,24/02/2025,踱步,沙田,飛機場,沙田 飛機場,,,,,,助手,,踱步,,飛機場 踱步 (助手)
H368,23/02/2025,游水,沙田,,沙田,,,,,,,,游水,,
H368,23/02/2025,踱步,沙田,飛機場,沙田 飛機場,,,,,,助手,,踱步,H,飛機場 踱步 (助手)
H368,22/02/2025,踱步,從化,內圈,從化 內圈,,,,,,助手,,快踱一圈,H,內圈 快踱一圈 (助手)
H368,21/02/2025,游水,從化,,從化,,,,,,,,游水,,
H368,21/02/2025,快操,從化,全天候,從化 全天候,,59.3,59.3,32.5 26.8,,助手,,快操,H,32.5 26.8 (59.3) (助手)
H368,21/02/2025,踱步,從化,飛機場,從化 飛機場,,,,,,助手,,踱步,H,飛機場 踱步 (助手)
H368,20/02/2025,游水,從化,,從化,,,,,,,,游水,,
H368,20/02/2025,踱步,從化,內圈,從化 內圈,,,,,,助手,,倒快一圈,H,內圈 倒快一圈 (助手)
H368,19/02/2025,游水,從化,,從化,,,,,,,,游水,,
H368,19/02/2025,踱步,從化,內圈,從化 內圈,,,,,,助手,,快踱一圈,H,內圈 快踱一圈 (助手)
H368,18/02/2025,游水,從化,,從化,,,,,,,,游水,,
H368,18/02/2025,踱步,從化,內圈,從化 內圈,,,,,,助手,,快踱一圈,H,內圈 快踱一圈 (助手)
H368,17/02/2025,游水,從化,,從化,,,,,,,,游水,,
H368,17/02/2025,快操,從化,全天候,從化 全天候,,58.9,58.9,32.7 26.2,,助手,,快操,H,32.7 26.2 (58.9) (助手)
H368,17/02/2025,踱步,從化,飛機場,從化 飛機場,,,,,,助手,,踱步,H,飛機場 踱步 (助手)
H368,16/02/2025,游水,從化,,從化,,,,,,,,游水,,
H368,16/02/2025,踱步,從化,內圈,從化 內圈,,,,,,助手,,快踱一圈,H,內圈 快踱一圈 (助手)
H368,15/02/2025,游水,從化,,從化,,,,,,,,游水,,
H368,15/02/2025,踱步,從化,內圈,從化 內圈,,,,,,助手,,快踱一圈,H,內圈 快踱一圈 (助手)
H368,14/02/2025,游水,從化,,從化,,,,,,,,游水,,
H368,14/02/2025,踱步,從化,飛機場,從化 飛機場,,,,,,助手,,踱步,H,飛機場 踱步 (助手)
H368,13/02/2025,游水,從化,,從化,,,,,,,,游水,,
H368,11/02/2025,游水,沙田,,沙田,,,,,,,,游水,,
H368,09/02/2025,出賽,沙田,草地,沙田 草地,1200M,,,,,布文,6/8,出賽,P,1200M (布文) (6/8)
H368,09/02/2025,踱步,沙田,內圈,沙田 內圈,,,,,,助手,,快踱一圈,H,內圈 快踱一圈 (助手)
H368,08/02/2025,游水,沙田,,沙田,,,,,,,,游水,,
H368,08/02/2025,踱步,沙田,內圈,沙田 內圈,,,,,,助手,,快踱一圈,H,內圈 快踱一圈 (助手)
H368,07/02/2025,游水,沙田,,沙田,,,,,,,,游水,,
H368,07/02/2025,踱步,沙田,飛機場,沙田 飛機場,,,,,,助手,,踱步,H,飛機場 踱步 (助手)
H368,06/02/2025,快操,從化,全天候,從化 全天候,,56.5,56.5,31.1 25.4,,助手,,快操,H,31.1 25.4 (56.5) (助手)
H368,06/02/2025,踱步,從化,飛機場,從化 飛機場,,,,,,助手,,踱步,H,飛機場 踱步 (助手)
H368,05/02/2025,游水,從化,,從化,,,,,,,,游水,,
H368,05/02/2025,踱步,從化,內圈,從化 內圈,,,,,,助手,,快踱一圈,H,內圈 快踱一圈 (助手)
H368,04/02/2025,游水,從化,,從化,,,,,,,,游水,,
H368,04/02/2025,踱步,從化,內圈,從化 內圈,,,,,,助手,,快踱一圈,H,內圈 快踱一圈 (助手)
H368,03/02/2025,快操,從化,全天候,從化 全天候,,57.6,57.6,31.6 26.0,,助手,,快操,H,31.6 26.0 (57.6) (助手)
H368,03/02/2025,踱步,從化,飛機場,從化 飛機場,,,,,,助手,,踱步,H,飛機場 踱步 (助手)
H368,02/02/2025,游水,從化,,從化,,,,,,,,游水,,
H368,02/02/2025,踱步,從化,內圈,從化 內圈,,,,,,助手,,快踱一圈,H,內圈 快踱一圈 (助手)
H368,01/02/2025,游水,從化,,從化,,,,,,,,游水,,
H368,01/02/2025,踱步,從化,內圈,從化 內圈,,,,,,助手,,快踱一圈,H,內圈 快踱一圈 (助手)
H368,31/01/2025,游水,從化,,從化,,,,,,,,游水,,
H368,31/01/2025,快操,從化,全天候,從化 全天候,,59.0,59.0,32.6 26.4,,助手,,快操,H,32.6 26.4 (59.0) (助手)
H368,31/01/2025,踱步,從化,飛機場,從化 飛機場,,,,,,助手,,踱步,H,飛機場 踱步 (助手)
H368,30/01/2025,游水,從化,,從化,,,,,,,,游水,,
H368,30/01/2025,踱步,從化,內圈,從化 內圈,,,,,,助手,,倒快一圈,H,內圈 倒快一圈 (助手)
H368,28/01/2025,游水,從化,,從化,,,,,,,,游水,,
H368,28/01/2025,踱步,從化,內圈,從化 內圈,,,,,,助手,,快踱一圈,H,內圈 快踱一圈 (助手)
H368,27/01/2025,游水,從化,,從化,,,,,,,,游水,,
H368,27/01/2025,踱步,從化,內圈,從化 內圈,,,,,,助手,,倒快一圈,H,內圈 倒快一圈 (助手)
H368,26/01/2025,游水,從化,,從化,,,,,,,,游水,,
H368,26/01/2025,踱步,從化,飛機場,從化 飛機場,,,,,,助手,,踱步,H,飛機場 踱步 (助手)
H368,25/01/2025,游水,從化,,從化,,,,,,,,游水,,
H368,24/01/2025,試閘,從化,草地,從化 草地,1000M,0.58.27,58.27,13.3 21.7 23.2,綠水青山,查本楠,,第2組,P,第2組 (查本楠) 1000M 綠水青山 13.3 21.7 23.2 (0.58.27)
H368,24/01/2025,踱步,從化,飛機場,從化 飛機場,,,,,,助手,,踱步,P,飛機場 踱步 (助手)
H368,23/01/2025,游水,從化,,從化,,,,,,,,游水,,
H368,23/01/2025,踱步,從化,內圈,從化 內圈,,,,,,助手,,倒快一圈,H,內圈 倒快一圈 (助手)
H368,22/01/2025,游水,從化,,從化,,,,,,,,游水,,
H368,22/01/2025,踱步,從化,內圈,從化 內圈,,,,,,助手,,快踱一圈,H,內圈 快踱一圈 (助手)
H368,21/01/2025,游水,從化,,從化,,,,,,,,游水,,
H368,21/01/2025,快操,從化,全天候,從化 全天候,,59.7,59.7,33.2 26.5,,助手,,快操,H,33.2 26.5 (59.7) (助手)
H368,21/01/2025,踱步,從化,飛機場,從化 飛機場,,,,,,助手,,踱步,H,飛機場 踱步 (助手)
H368,20/01/2025,游水,從化,,從化,,,,,,,,游水,,
H368,20/01/2025,踱步,從化,內圈,從化 內圈,,,,,,助手,,倒快一圈,H,內圈 倒快一圈 (助手)
H368,19/01/2025,游水,從化,,從化,,,,,,,,游水,,
H368,19/01/2025,踱步,從化,內圈,從化 內圈,,,,,,助手,,快踱一圈,H,內圈 快踱一圈 (助手)
H368,18/01/2025,游水,從化,,從化,,,,,,,,游水,,
H368,18/01/2025,踱步,從化,內圈,從化 內圈,,,,,,助手,,快踱一圈,H,內圈 快踱一圈 (助手)
H368,17/01/2025,游水,從化,,從化,,,,,,,,游水,,
H368,17/01/2025,快操,從化,全天候,從化 全天候,,57.9,57.9,32.0 25.9,,助手,,快操,H,32.0 25.9 (57.9) (助手)
H368,17/01/2025,踱步,從化,飛機場,從化 飛機場,,,,,,助手,,踱步,H,飛機場 踱步 (助手)
H368,16/01/2025,游水,從化,,從化,,,,,,,,游水,,
H368,16/01/2025,踱步,從化,內圈,從化 內圈,,,,,,助手,,倒快一圈,H,內圈 倒快一圈 (助手)
H368,15/01/2025,游水,從化,,從化,,,,,,,,游水,,
H368,15/01/2025,踱步,從化,內圈,從化 內圈,,,,,,助手,,快踱一圈,H,內圈 快踱一圈 (助手)
H368,14/01/2025,游水,從化,,從化,,,,,,,,游水,,
H368,14/01/2025,踱步,從化,內圈,從化 內圈,,,,,,助手,,快踱一圈,H,內圈 快踱一圈 (助手)
H368,13/01/2025,游水,從化,,從化,,,,,,,,游水,,
H368,13/01/2025,快操,從化,全天候,從化 全天候,,59.9,59.9,33.3 26.6,,助手,,快操,H,33.3 26.6 (59.9) (助手)
H368,13/01/2025,踱步,從化,飛機場,從化 飛機場,,,,,,助手,,踱步,H,飛機場 踱步 (助手)
H368,12/01/2025,游水,從化,,從化,,,,,,,,游水,,
H368,12/01/2025,踱步,從化,內圈,從化 內圈,,,,,,助手,,快踱一圈,H,內圈 快踱一圈 (助手)
H368,11/01/2025,游水,從化,,從化,,,,,,,,游水,,
H368,11/01/2025,踱步,從化,內圈,從化 內圈,,,,,,助手,,快踱一圈,H,內圈 快踱一圈 (助手)
H368,10/01/2025,游水,從化,,從化,,,,,,,,游水,,
H368,10/01/2025,踱步,從化,飛機場,從化 飛機場,,,,,,助手,,踱步,H,飛機場 踱步 (助手)
H368,09/01/2025,游水,從化,,從化,,,,,,,,游水,,
H368,07/01/2025,游水,沙田,,沙田,,,,,,,,游水,,
H368,05/01/2025,出賽,沙田,草地,沙田 草地,1200M,,,,,布文,1/9,出賽,P,1200M (布文) (1/9)
H368,05/01/2025,踱步,沙田,內圈,沙田 內圈,,,,,,助手,,快踱一圈,H,內圈 快踱一圈 (助手)
H368,04/01/2025,游水,沙田,,沙田,,,,,,,,游水,,
H368,04/01/2025,踱步,沙田,內圈,沙田 內圈,,,,,,助手,,快踱一圈,H,內圈 快踱一圈 (助手)
H368,03/01/2025,游水,沙田,,沙田,,,,,,,,游水,,
H368,03/01/2025,踱步,沙田,飛機場,沙田 飛機場,,,,,,助手,,踱步,H,飛機場 踱步 (助手)
H368,02/01/2025,快操,從化,全天候,從化 全天候,,27.1,27.1,27.1,,助手,,快操,H,27.1 (27.1) (助手)
H368,02/01/2025,踱步,從化,飛機場,從化 飛機場,,,,,,助手,,踱步,H,飛機場 踱步 (助手)
H368,01/01/2025,游水,從化,,從化,,,,,,,,游水,,
H368,01/01/2025,踱步,從化,內圈,從化 內圈,,,,,,助手,,快踱一圈,H,內圈 快踱一圈 (助手)
H368,31/12/2024,游水,從化,,從化,,,,,,,,游水,,
H368,31/12/2024,踱步,從化,內圈,從化 內圈,,,,,,助手,,快踱一圈,H,內圈 快踱一圈 (助手)
H368,30/12/2024,游水,從化,,從化,,,,,,,,游水,,
H368,30/12/2024,快操,從化,全天候,從化 全天候,,58.4,58.4,32.1 26.3,,助手,,快操,H,32.1 26.3 (58.4) (助手)
H368,30/12/2024,踱步,從化,飛機場,從化 飛機場,,,,,,助手,,踱步,H,飛機場 踱步 (助手)
H368,29/12/2024,游水,從化,,從化,,,,,,,,游水,,
H368,29/12/2024,踱步,從化,內圈,從化 內圈,,,,,,助手,,快踱一圈,H,內圈 快踱一圈 (助手)
H368,28/12/2024,游水,從化,,從化,,,,,,,,游水,,
H368,28/12/2024,踱步,從化,內圈,從化 內圈,,,,,,助手,,快踱一圈,H,內圈 快踱一圈 (助手)
H368,27/12/2024,游水,從化,,從化,,,,,,,,游水,,
H368,27/12/2024,踱步,從化,飛機場,從化 飛機場,,,,,,助手,,踱步,H,飛機場 踱步 (助手)
H368,26/12/2024,游水,從化,,從化,,,,,,,,游水,,
H368,22/12/2024,出賽,沙田,草地,沙田 草地,1200M,,,,,賀銘年,1/14,出賽,P,1200M (賀銘年) (1/14)
H368,22/12/2024,踱步,沙田,內圈,沙田 內圈,,,,,,助手,,快踱一圈,H,內圈 快踱一圈 (助手)
H368,21/12/2024,游水,沙田,,沙田,,,,,,,,游水,,
H368,21/12/2024,踱步,沙田,內圈,沙田 內圈,,,,,,助手,,快踱一圈,H,內圈 快踱一圈 (助手)
H368,20/12/2024,游水,沙田,,沙田,,,,,,,,游水,,
H368,20/12/2024,踱步,沙田,飛機場,沙田 飛機場,,,,,,助手,,踱步,H,飛機場 踱步 (助手)
H368,19/12/2024,快操,從化,全天候,從化 全天候,,26.3,26.3,26.3,,助手,,快操,H,26.3 (26.3) (助手)
H368,19/12/2024,踱步,從化,飛機場,從化 飛機場,,,,,,助手,,踱步,H,飛機場 踱步 (助手)
H368,18/12/2024,游水,從化,,從化,,,,,,,,游水,,
H368,18/12/2024,踱步,從化,內圈,從化 內圈,,,,,,助手,,快踱一圈,H,內圈 快踱一圈 (助手)
H368,17/12/2024,游水,從化,,從化,,,,,,,,游水,,
H368,17/12/2024,踱步,從化,內圈,從化 內圈,,,,,,助手,,快踱一圈,H,內圈 快踱一圈 (助手)
H368,16/12/2024,游水,從化,,從化,,,,,,,,游水,,
H368,16/12/2024,快操,從化,全天候,從化 全天候,,25.1,25.1,25.1,,助手,,快操,H,25.1 (25.1) (助手)
H368,16/12/2024,踱步,從化,飛機場,從化 飛機場,,,,,,助手,,踱步,H,飛機場 踱步 (助手)
H368,15/12/2024,游水,從化,,從化,,,,,,,,游水,,
H368,15/12/2024,踱步,從化,內圈,從化 內圈,,,,,,助手,,快踱一圈,H,內圈 快踱一圈 (助手)
H368,14/12/2024,游水,從化,,從化,,,,,,,,游水,,
H368,14/12/2024,踱步,從化,內圈,從化 內圈,,,,,,助手,,快踱一圈,H,內圈 快踱一圈 (助手)
H368,13/12/2024,游水,從化,,從化,,,,,,,,游水,,
H368,13/12/2024,快操,從化,全天候,從化 全天候,,1.00.7,60.7,34.0 26.7,,助手,,快操,H,34.0 26.7 (1.00.7) (助手)
H368,13/12/2024,踱步,從化,飛機場,從化 飛機場,,,,,,助手,,踱步,H,飛機場 踱步 (助手)
H368,12/12/2024,游水,從化,,從化,,,,,,,,游水,,
H368,12/12/2024,踱步,從化,內圈,從化 內圈,,,,,,助手,,倒快一圈,H,內圈 倒快一圈 (助手)
H368,11/12/2024,游水,從化,,從化,,,,,,,,游水,,
H368,11/12/2024,踱步,從化,內圈,從化 內圈,,,,,,助手,,快踱一圈,H,內圈 快踱一圈 (助手)
H368,10/12/2024,游水,從化,,從化,,,,,,,,游水,,
H368,10/12/2024,踱步,從化,內圈,從化 內圈,,,,,,助手,,快踱一圈,H,內圈 快踱一圈 (助手)
H368,09/12/2024,游水,從化,,從化,,,,,,,,游水,,
H368,09/12/2024,快操,從化,全天候,從化 全天候,,58.7,58.7,32.4 26.3,,助手,,快操,H,32.4 26.3 (58.7) (助手)
H368,09/12/2024,踱步,從化,飛機場,從化 飛機場,,,,,,助手,,踱步,H,飛機場 踱步 (助手)
H368,08/12/2024,游水,從化,,從化,,,,,,,,游水,,
H368,08/12/2024,踱步,從化,內圈,從化 內圈,,,,,,助手,,快踱一圈,H,內圈 快踱一圈 (助手)
H368,07/12/2024,游水,從化,,從化,,,,,,,,游水,,
H368,07/12/2024,踱步,從化,內圈,從化 內圈,,,,,,助手,,快踱一圈,H,內圈 快踱一圈 (助手)
H368,06/12/2024,游水,從化,,從化,,,,,,,,游水,,
H368,06/12/2024,踱步,從化,飛機場,從化 飛機場,,,,,,助手,,踱步,H,飛機場 踱步 (助手)
H368,05/12/2024,游水,從化,,從化,,,,,,,,游水,,
H368,01/12/2024,出賽,沙田,全天候,沙田 全天候,1200M,,,,,麥道朗,8/12,出賽,P,1200M (麥道朗) (8/12)
H368,01/12/2024,踱步,沙田,內圈,沙田 內圈,,,,,,助手,,快踱一圈,H,內圈 快踱一圈 (助手)
H368,30/11/2024,游水,沙田,,沙田,,,,,,,,游水,,
H368,30/11/2024,踱步,沙田,內圈,沙田 內圈,,,,,,助手,,快踱一圈,H,內圈 快踱一圈 (助手)
H368,29/11/2024,踱步,沙田,內圈,沙田 內圈,,,,,,助手,,快踱一圈,H,內圈 快踱一圈 (助手)
H368,28/11/2024,游水,沙田,,沙田,,,,,,,,游水,,
H368,28/11/2024,快操,沙田,全天候,沙田 全天候,,57.6,57.6,31.5 26.1,,助手,,快操,,31.5 26.1 (57.6) (助手)
H368,28/11/2024,踱步,沙田,飛機場,沙田 飛機場,,,,,,助手,,踱步,,飛機場 踱步 (助手)
H368,27/11/2024,游水,沙田,,沙田,,,,,,,,游水,,
H368,27/11/2024,踱步,沙田,內圈,沙田 內圈,,,,,,助手,,快踱一圈,H,內圈 快踱一圈 (助手)
H368,26/11/2024,游水,沙田,,沙田,,,,,,,,游水,,
H368,26/11/2024,踱步,沙田,內圈,沙田 內圈,,,,,,助手,,快踱一圈,H,內圈 快踱一圈 (助手)
H368,25/11/2024,游水,沙田,,沙田,,,,,,,,游水,,
H368,25/11/2024,踱步,沙田,內圈,沙田 內圈,,,,,,助手,,倒快一圈,H,內圈 倒快一圈 (助手)
H368,24/11/2024,游水,沙田,,沙田,,,,,,,,游水,,
H368,24/11/2024,踱步,沙田,飛機場,沙田 飛機場,,,,,,助手,,踱步,H,飛機場 踱步 (助手)
H368,23/11/2024,游水,沙田,,沙田,,,,,,,,游水,,
H368,22/11/2024,游水,沙田,,沙田,,,,,,,,游水,,
H368,20/11/2024,出賽,跑馬地,草地,跑馬地 草地,1200M,,,,,潘頓,3/12,出賽,P,1200M (潘頓) (3/12)
H368,20/11/2024,踱步,沙田,內圈,沙田 內圈,,,,,,助手,,快踱一圈,H,內圈 快踱一圈 (助手)
H368,19/11/2024,游水,沙田,,沙田,,,,,,,,游水,,
H368,19/11/2024,踱步,沙田,內圈,沙田 內圈,,,,,,助手,,快踱一圈,H,內圈 快踱一圈 (助手)
H368,18/11/2024,游水,沙田,,沙田,,,,,,,,游水,,
H368,18/11/2024,踱步,沙田,內圈,沙田 內圈,,,,,,助手,,倒快一圈,H,內圈 倒快一圈 (助手)
H368,17/11/2024,游水,沙田,,沙田,,,,,,,,游水,,
H368,17/11/2024,踱步,沙田,飛機場,沙田 飛機場,,,,,,助手,,踱步,H,飛機場 踱步 (助手)
H368,15/11/2024,試閘,從化,草地,從化 草地,1000M,0.58.66,58.66,13.0 22.0 23.6,巴薩諾瓦,查本楠,,第1組,,第1組 (查本楠) 1000M 巴薩諾瓦 13.0 22.0 23.6 (0.58.66)
H368,15/11/2024,踱步,從化,飛機場,從化 飛機場,,,,,,助手,,踱步,P,飛機場 踱步 (助手)
H368,14/11/2024,游水,從化,,從化,,,,,,,,游水,,
H368,14/11/2024,踱步,從化,內圈,從化 內圈,,,,,,助手,,倒快一圈,H,內圈 倒快一圈 (助手)
H368,13/11/2024,游水,從化,,從化,,,,,,,,游水,,
H368,13/11/2024,踱步,從化,內圈,從化 內圈,,,,,,助手,,快踱一圈,H,內圈 快踱一圈 (助手)
H368,12/11/2024,游水,從化,,從化,,,,,,,,游水,,
H368,12/11/2024,快操,從化,全天候,從化 全天候,,59.6,59.6,32.9 26.7,,助手,,快操,H,32.9 26.7 (59.6) (助手)
H368,12/11/2024,踱步,從化,飛機場,從化 飛機場,,,,,,助手,,踱步,H,飛機場 踱步 (助手)
H368,11/11/2024,游水,從化,,從化,,,,,,,,游水,,
H368,11/11/2024,踱步,從化,內圈,從化 內圈,,,,,,助手,,倒快一圈,H,內圈 倒快一圈 (助手)
H368,10/11/2024,游水,從化,,從化,,,,,,,,游水,,
H368,10/11/2024,踱步,從化,內圈,從化 內圈,,,,,,助手,,快踱一圈,H,內圈 快踱一圈 (助手)
H368,09/11/2024,游水,從化,,從化,,,,,,,,游水,,
H368,09/11/2024,踱步,從化,內圈,從化 內圈,,,,,,助手,,快踱一圈,H,內圈 快踱一圈 (助手)
H368,08/11/2024,游水,從化,,從化,,,,,,,,游水,,
H368,08/11/2024,快操,從化,全天候,從化 全天候,,58.0,58.0,31.3 26.7,,助手,,快操,H,31.3 26.7 (58.0) (助手)
H368,08/11/2024,踱步,從化,飛機場,從化 飛機場,,,,,,助手,,踱步,H,飛機場 踱步 (助手)
H368,07/11/2024,游水,從化,,從化,,,,,,,,游水,,
H368,07/11/2024,踱步,從化,內圈,從化 內圈,,,,,,助手,,倒快一圈,H,內圈 倒快一圈 (助手)
H368,06/11/2024,游水,從化,,從化,,,,,,,,游水,,
H368,06/11/2024,踱步,從化,內圈,從化 內圈,,,,,,助手,,快踱一圈,H,內圈 快踱一圈 (助手)
H368,05/11/2024,游水,從化,,從化,,,,,,,,游水,,
H368,05/11/2024,踱步,從化,內圈,從化 內圈,,,,,,助手,,快踱一圈,H,內圈 快踱一圈 (助手)
H368,04/11/2024,游水,從化,,從化,,,,,,,,游水,,
H368,04/11/2024,快操,從化,全天候,從化 全天候,,1.00.5,60.5,33.0 27.5,,助手,,快操,H,33.0 27.5 (1.00.5) (助手)
H368,04/11/2024,踱步,從化,飛機場,從化 飛機場,,,,,,助手,,踱步,H,飛機場 踱步 (助手)
H368,03/11/2024,游水,從化,,從化,,,,,,,,游水,,
H368,03/11/2024,踱步,從化,內圈,從化 內圈,,,,,,助手,,快踱一圈,H,內圈 快踱一圈 (助手)
H368,02/11/2024,游水,從化,,從化,,,,,,,,游水,,
H368,02/11/2024,踱步,從化,內圈,從化 內圈,,,,,,助手,,快踱一圈,H,內圈 快踱一圈 (助手)
H368,01/11/2024,游水,從化,,從化,,,,,,,,游水,,
H368,01/11/2024,踱步,從化,飛機場,從化 飛機場,,,,,,助手,,踱步,H,飛機場 踱步 (助手)
H368,31/10/2024,游水,從化,,從化,,,,,,,,游水,,
H368,29/10/2024,游水,沙田,,沙田,,,,,,,,游水,,
H368,27/10/2024,出賽,跑馬地,草地,跑馬地 草地,1200M,,,,,艾道拿,3/12,出賽,P,1200M (艾道拿) (3/12)
H368,27/10/2024,踱步,沙田,內圈,沙田 內圈,,,,,,助手,,快踱一圈,H,內圈 快踱一圈 (助手)
H368,26/10/2024,游水,沙田,,沙田,,,,,,,,游水,,
H368,26/10/2024,踱步,沙田,內圈,沙田 內圈,,,,,,助手,,快踱一圈,H,內圈 快踱一圈 (助手)
H368,25/10/2024,游水,沙田,,沙田,,,,,,,,游水,,
H368,25/10/2024,踱步,沙田,飛機場,沙田 飛機場,,,,,,助手,,踱步,H,飛機場 踱步 (助手)
H368,24/10/2024,踱步,從化,內圈,從化 內圈,,,,,,助手,,倒快一圈,H,內圈 倒快一圈 (助手)
H368,23/10/2024,游水,從化,,從化,,,,,,,,游水,,
H368,23/10/2024,踱步,從化,飛機場,從化 飛機場,,,,,,助手,,踱步,H,飛機場 踱步 (助手)
H368,22/10/2024,游水,從化,,從化,,,,,,,,游水,,
H368,21/10/2024,試閘,從化,草地,從化 草地,1000M,0.58.60,58.6,13.5 21.9 23.2,飛鷹翱翔,查本楠,,第1組,P,第1組 (查本楠) 1000M 飛鷹翱翔 13.5 21.9 23.2 (0.58.60)
H368,21/10/2024,游水,從化,,從化,,,,,,,,游水,,
H368,21/10/2024,踱步,從化,飛機場,從化 飛機場,,,,,,助手,,踱步,P,飛機場 踱步 (助手)
H368,20/10/2024,游水,從化,,從化,,,,,,,,游水,,
H368,20/10/2024,踱步,從化,內圈,從化 內圈,,,,,,助手,,快踱一圈,H,內圈 快踱一圈 (助手)
H368,19/10/2024,游水,從化,,從化,,,,,,,,游水,,
H368,19/10/2024,踱步,從化,內圈,從化 內圈,,,,,,助手,,快踱一圈,H,內圈 快踱一圈 (助手)
H368,18/10/2024,游水,從化,,從化,,,,,,,,游水,,
H368,18/10/2024,快操,從化,全天候,從化 全天候,,26.9,26.9,26.9,,助手,,快操,H,26.9 (26.9) (助手)
H368,18/10/2024,踱步,從化,飛機場,從化 飛機場,,,,,,助手,,踱步,H,飛機場 踱步 (助手)
H368,17/10/2024,游水,從化,,從化,,,,,,,,游水,,
H368,17/10/2024,踱步,從化,內圈,從化 內圈,,,,,,助手,,倒快一圈,H,內圈 倒快一圈 (助手)
H368,16/10/2024,游水,從化,,從化,,,,,,,,游水,,
H368,16/10/2024,踱步,從化,內圈,從化 內圈,,,,,,助手,,快踱一圈,H,內圈 快踱一圈 (助手)
H368,15/10/2024,游水,從化,,從化,,,,,,,,游水,,
H368,15/10/2024,快操,從化,全天候,從化 全天候,,1.00.1,60.1,33.0 27.1,,助手,,快操,H,33.0 27.1 (1.00.1) (助手)
H368,15/10/2024,踱步,從化,飛機場,從化 飛機場,,,,,,助手,,踱步,H,飛機場 踱步 (助手)
H368,14/10/2024,游水,從化,,從化,,,,,,,,游水,,
H368,14/10/2024,踱步,從化,內圈,從化 內圈,,,,,,助手,,倒快一圈,H,內圈 倒快一圈 (助手)
H368,13/10/2024,游水,從化,,從化,,,,,,,,游水,,
H368,13/10/2024,踱步,從化,內圈,從化 內圈,,,,,,助手,,快踱一圈,H,內圈 快踱一圈 (助手)
H368,12/10/2024,游水,從化,,從化,,,,,,,,游水,,
H368,12/10/2024,快操,從化,全天候,從化 全天候,,1.00.4,60.4,33.7 26.7,,助手,,快操,H,33.7 26.7 (1.00.4) (助手)
H368,12/10/2024,踱步,從化,飛機場,從化 飛機場,,,,,,助手,,踱步,H,飛機場 踱步 (助手)
H368,11/10/2024,游水,從化,,從化,,,,,,,,游水,,
H368,11/10/2024,踱步,從化,內圈,從化 內圈,,,,,,助手,,快踱一圈,H,內圈 快踱一圈 (助手)
H368,10/10/2024,游水,從化,,從化,,,,,,,,游水,,
H368,10/10/2024,踱步,從化,內圈,從化 內圈,,,,,,助手,,倒快一圈,H,內圈 倒快一圈 (助手)
H368,09/10/2024,游水,從化,,從化,,,,,,,,游水,,
H368,09/10/2024,踱步,從化,飛機場,從化 飛機場,,,,,,助手,,踱步,H,飛機場 踱步 (助手)
H368,08/10/2024,游水,從化,,從化,,,,,,,,游水,,
H368,07/10/2024,試閘,從化,草地,從化 草地,1000M,0.58.22,58.22,13.3 21.8 23.1,精算暴雪,湯瑪善,,第1組,P,第1組 (湯瑪善) 1000M 精算暴雪 13.3 21.8 23.1 (0.58.22)
H368,07/10/2024,游水,從化,,從化,,,,,,,,游水,,
H368,07/10/2024,踱步,從化,飛機場,從化 飛機場,,,,,,助手,,踱步,P,飛機場 踱步 (助手)
H368,06/10/2024,游水,從化,,從化,,,,,,,,游水,,
H368,06/10/2024,踱步,從化,內圈,從化 內圈,,,,,,助手,,快踱一圈,H,內圈 快踱一圈 (助手)
H368,05/10/2024,游水,從化,,從化,,,,,,,,游水,,
H368,05/10/2024,踱步,從化,內圈,從化 內圈,,,,,,助手,,快踱一圈,H,內圈 快踱一圈 (助手)
H368,04/10/2024,游水,從化,,從化,,,,,,,,游水,,
H368,04/10/2024,踱步,從化,內圈,從化 內圈,,,,,,助手,,快踱一圈,H,內圈 快踱一圈 (助手)
H368,03/10/2024,游水,從化,,從化,,,,,,,,游水,,
H368,03/10/2024,快操,從化,全天候,從化 全天候,,27.2,27.2,27.2,,助手,,快操,H,27.2 (27.2) (助手)
H368,03/10/2024,踱步,從化,飛機場,從化 飛機場,,,,,,助手,,踱步,H,飛機場 踱步 (助手)
H368,02/10/2024,游水,從化,,從化,,,,,,,,游水,,
H368,02/10/2024,踱步,從化,內圈,從化 內圈,,,,,,助手,,快踱一圈,H,內圈 快踱一圈 (助手)
H368,01/10/2024,游水,從化,,從化,,,,,,,,游水,,
H368,01/10/2024,踱步,從化,內圈,從化 內圈,,,,,,助手,,快踱一圈,H,內圈 快踱一圈 (助手)
H368,30/09/2024,游水,從化,,從化,,,,,,,,游水,,
H368,30/09/2024,踱步,從化,內圈,從化 內圈,,,,,,助手,,倒快一圈,H,內圈 倒快一圈 (助手)
H368,29/09/2024,游水,從化,,從化,,,,,,,,游水,,
H368,29/09/2024,快操,從化,全天候,從化 全天候,,1.00.7,60.7,33.5 27.2,,助手,,快操,H,33.5 27.2 (1.00.7) (助手)
H368,29/09/2024,踱步,從化,飛機場,從化 飛機場,,,,,,助手,,踱步,H,飛機場 踱步 (助手)
H368,28/09/2024,游水,從化,,從化,,,,,,,,游水,,
H368,28/09/2024,踱步,從化,內圈,從化 內圈,,,,,,助手,,快踱一圈,H,內圈 快踱一圈 (助手)
H368,27/09/2024,游水,從化,,從化,,,,,,,,游水,,
H368,27/09/2024,踱步,從化,內圈,從化 內圈,,,,,,助手,,快踱一圈,H,內圈 快踱一圈 (助手)
H368,26/09/2024,游水,從化,,從化,,,,,,,,游水,,
H368,26/09/2024,踱步,從化,飛機場,從化 飛機場,,,,,,助手,,踱步,H,飛機場 踱步 (助手)
H368,25/09/2024,游水,從化,,從化,,,,,,,,游水,,
H368,24/09/2024,試閘,從化,草地,從化 草地,800M,0.45.61,45.61,24.1 21.5,好友心得,賀銘年,,第4組,P,第4組 (賀銘年) 800M 好友心得 24.1 21.5 (0.45.61)
H368,24/09/2024,游水,從化,,從化,,,,,,,,游水,,
H368,24/09/2024,踱步,從化,飛機場,從化 飛機場,,,,,,助手,,踱步,P,飛機場 踱步 (助手)
H368,23/09/2024,游水,從化,,從化,,,,,,,,游水,,
H368,23/09/2024,踱步,從化,內圈,從化 內圈,,,,,,助手,,倒快一圈,H,內圈 倒快一圈 (助手)
H368,22/09/2024,游水,從化,,從化,,,,,,,,游水,,
H368,22/09/2024,踱步,從化,內圈,從化 內圈,,,,,,助手,,快踱一圈,H,內圈 快踱一圈 (助手)
H368,21/09/2024,游水,從化,,從化,,,,,,,,游水,,
H368,21/09/2024,踱步,從化,內圈,從化 內圈,,,,,,助手,,快踱一圈,H,內圈 快踱一圈 (助手)
H368,20/09/2024,游水,從化,,從化,,,,,,,,游水,,
H368,20/09/2024,快操,從化,全天候,從化 全天候,,55.3,55.3,30.1 25.2,,助手,,快操,H,30.1 25.2 (55.3) (助手)
H368,20/09/2024,踱步,從化,飛機場,從化 飛機場,,,,,,助手,,踱步,H,飛機場 踱步 (助手)
H368,19/09/2024,游水,從化,,從化,,,,,,,,游水,,
H368,19/09/2024,踱步,從化,內圈,從化 內圈,,,,,,助手,,倒快一圈,H,內圈 倒快一圈 (助手)
H368,18/09/2024,游水,從化,,從化,,,,,,,,游水,,
H368,18/09/2024,踱步,從化,內圈,從化 內圈,,,,,,助手,,快踱一圈,H,內圈 快踱一圈 (助手)
H368,17/09/2024,游水,從化,,從化,,,,,,,,游水,,
H368,17/09/2024,快操,從化,全天候,從化 全天候,,58.4,58.4,32.2 26.2,,助手,,快操,H,32.2 26.2 (58.4) (助手)
H368,17/09/2024,踱步,從化,飛機場,從化 飛機場,,,,,,助手,,踱步,H,飛機場 踱步 (助手)
H368,16/09/2024,游水,從化,,從化,,,,,,,,游水,,
H368,16/09/2024,踱步,從化,內圈,從化 內圈,,,,,,助手,,倒快一圈,H,內圈 倒快一圈 (助手)
H368,15/09/2024,游水,從化,,從化,,,,,,,,游水,,
H368,15/09/2024,踱步,從化,內圈,從化 內圈,,,,,,助手,,快踱一圈,H,內圈 快踱一圈 (助手)
H368,14/09/2024,游水,從化,,從化,,,,,,,,游水,,
H368,14/09/2024,踱步,從化,內圈,從化 內圈,,,,,,助手,,快踱一圈,H,內圈 快踱一圈 (助手)
H368,13/09/2024,游水,從化,,從化,,,,,,,,游水,,
H368,13/09/2024,快操,從化,全天候,從化 全天候,,59.5,59.5,33.2 26.3,,助手,,快操,H,33.2 26.3 (59.5) (助手)
H368,13/09/2024,踱步,從化,飛機場,從化 飛機場,,,,,,助手,,踱步,H,飛機場 踱步 (助手)
H368,12/09/2024,游水,從化,,從化,,,,,,,,游水,,
H368,12/09/2024,踱步,從化,內圈,從化 內圈,,,,,,助手,,倒快一圈,H,內圈 倒快一圈 (助手)
H368,11/09/2024,游水,從化,,從化,,,,,,,,游水,,
H368,11/09/2024,踱步,從化,內圈,從化 內圈,,,,,,助手,,快踱一圈,H,內圈 快踱一圈 (助手)
H368,10/09/2024,游水,從化,,從化,,,,,,,,游水,,
H368,10/09/2024,快操,從化,全天候,從化 全天候,,58.5,58.5,32.2 26.3,,助手,,快操,H,32.2 26.3 (58.5) (助手)
H368,10/09/2024,踱步,從化,飛機場,從化 飛機場,,,,,,助手,,踱步,H,飛機場 踱步 (助手)
H368,09/09/2024,游水,從化,,從化,,,,,,,,游水,,
H368,09/09/2024,踱步,從化,內圈,從化 內圈,,,,,,助手,,倒快一圈,H,內圈 倒快一圈 (助手)
H368,08/09/2024,游水,從化,,從化,,,,,,,,游水,,
H368,08/09/2024,踱步,從化,內圈,從化 內圈,,,,,,助手,,快踱一圈,H,內圈 快踱一圈 (助手)
H368,07/09/2024,游水,從化,,從化,,,,,,,,游水,,
H368,07/09/2024,踱步,從化,內圈,從化 內圈,,,,,,助手,,快踱一圈,H,內圈 快踱一圈 (助手)
H368,06/09/2024,游水,從化,,從化,,,,,,,,游水,,
H368,06/09/2024,快操,從化,全天候,從化 全天候,,28.9,28.9,28.9,,助手,,快操,H,28.9 (28.9) (助手)
H368,06/09/2024,踱步,從化,飛機場,從化 飛機場,,,,,,助手,,踱步,H,飛機場 踱步 (助手)
H368,05/09/2024,游水,從化,,從化,,,,,,,,游水,,
H368,05/09/2024,踱步,從化,內圈,從化 內圈,,,,,,助手,,倒快一圈,H,內圈 倒快一圈 (助手)
H368,04/09/2024,游水,從化,,從化,,,,,,,,游水,,
H368,04/09/2024,踱步,從化,內圈,從化 內圈,,,,,,助手,,快踱一圈,H,內圈 快踱一圈 (助手)
H368,03/09/2024,游水,從化,,從化,,,,,,,,游水,,
H368,03/09/2024,快操,從化,全天候,從化 全天候,,27.9,27.9,27.9,,助手,,快操,H,27.9 (27.9) (助手)
H368,03/09/2024,踱步,從化,飛機場,從化 飛機場,,,,,,助手,,踱步,H,飛機場 踱步 (助手)
H368,02/09/2024,游水,從化,,從化,,,,,,,,游水,,
H368,02/09/2024,踱步,從化,內圈,從化 內圈,,,,,,助手,,倒快一圈,H,內圈 倒快一圈 (助手)
H368,01/09/2024,游水,從化,,從化,,,,,,,,游水,,
H368,01/09/2024,踱步,從化,內圈,從化 內圈,,,,,,助手,,快踱一圈,H,內圈 快踱一圈 (助手)
H368,31/08/2024,游水,從化,,從化,,,,,,,,游水,,
H368,31/08/2024,踱步,從化,內圈,從化 內圈,,,,,,助手,,快踱一圈,H,內圈 快踱一圈 (助手)
H368,30/08/2024,游水,從化,,從化,,,,,,,,游水,,
H368,30/08/2024,快操,從化,全天候,從化 全天候,,30.1,30.1,30.1,,助手,,快操,H,30.1 (30.1) (助手)
H368,30/08/2024,踱步,從化,飛機場,從化 飛機場,,,,,,助手,,踱步,H,飛機場 踱步 (助手)
H368,29/08/2024,游水,從化,,從化,,,,,,,,游水,,
H368,29/08/2024,踱步,從化,內圈,從化 內圈,,,,,,助手,,倒快一圈,H,內圈 倒快一圈 (助手)
H368,28/08/2024,踱步,從化,內圈,從化 內圈,,,,,,助手,,快踱一圈,H,內圈 快踱一圈 (助手)
H368,27/08/2024,快操,從化,全天候,從化 全天候,,30.5,30.5,30.5,,助手,,快操,H,30.5 (30.5) (助手)
H368,27/08/2024,踱步,從化,飛機場,從化 飛機場,,,,,,助手,,踱步,H,飛機場 踱步 (助手)
H368,26/08/2024,踱步,從化,內圈,從化 內圈,,,,,,助手,,倒快一圈,H,內圈 倒快一圈 (助手)
H368,25/08/2024,踱步,從化,內圈,從化 內圈,,,,,,助手,,快踱一圈,H,內圈 快踱一圈 (助手)
H368,24/08/2024,踱步,從化,內圈,從化 內圈,,,,,,助手,,快踱一圈,H,內圈 快踱一圈 (助手)
H368,23/08/2024,踱步,從化,內圈,從化 內圈,,,,,,助手,,快踱一圈,H,內圈 快踱一圈 (助手)
H368,22/08/2024,踱步,從化,內圈,從化 內圈,,,,,,助手,,倒快一圈,H,內圈 倒快一圈 (助手)
H368,21/08/2024,踱步,從化,內圈,從化 內圈,,,,,,助手,,快踱一圈,H,內圈 快踱一圈 (助手)
H368,20/08/2024,踱步,從化,內圈,從化 內圈,,,,,,助手,,快踱一圈,H,內圈 快踱一圈 (助手)
H368,19/08/2024,踱步,從化,飛機場,從化 飛機場,,,,,,助手,,踱步,H,飛機場 踱步 (助手)
H368,18/08/2024,踱步,從化,飛機場,從化 飛機場,,,,,,助手,,踱步,H,飛機場 踱步 (助手)
H368,17/08/2024,踱步,從化,飛機場,從化 飛機場,,,,,,助手,,踱步,H,飛機場 踱步 (助手)
H368,16/08/2024,踱步,從化,飛機場,從化 飛機場,,,,,,助手,,踱步,H,飛機場 踱步 (助手)
H368,15/08/2024,踱步,從化,飛機場,從化 飛機場,,,,,,助手,,踱步,H,飛機場 踱步 (助手)
H368,15/04/2024,游水,沙田,,沙田,,,,,,,,游水,,
H368,15/04/2024,踱步,沙田,內圈,沙田 內圈,,,,,,助手,,倒快一圈,H,內圈 倒快一圈 (助手)
H368,14/04/2024,游水,沙田,,沙田,,,,,,,,游水,,
H368,14/04/2024,踱步,沙田,內圈,沙田 內圈,,,,,,助手,,快踱一圈,H,內圈 快踱一圈 (助手)
H368,13/04/2024,游水,沙田,,沙田,,,,,,,,游水,,
H368,13/04/2024,踱步,沙田,內圈,沙田 內圈,,,,,,助手,,快踱一圈,H,內圈 快踱一圈 (助手)
H368,12/04/2024,游水,沙田,,沙田,,,,,,,,游水,,
H368,12/04/2024,踱步,沙田,內圈,沙田 內圈,,,,,,助手,,快踱一圈,H,內圈 快踱一圈 (助手)
H368,11/04/2024,游水,沙田,,沙田,,,,,,,,游水,,
H368,11/04/2024,踱步,沙田,內圈,沙田 內圈,,,,,,助手,,倒快一圈,H,內圈 倒快一圈 (助手)
H368,10/04/2024,游水,沙田,,沙田,,,,,,,,游水,,
H368,10/04/2024,快操,沙田,全天候,沙田 全天候,,58.3,58.3,32.3 26.0,,助手,,快操,,32.3 26.0 (58.3) (助手)
H368,10/04/2024,踱步,沙田,飛機場,沙田 飛機場,,,,,,助手,,踱步,,飛機場 踱步 (助手)
H368,09/04/2024,游水,沙田,,沙田,,,,,,,,游水,,
H368,09/04/2024,踱步,沙田,內圈,沙田 內圈,,,,,,助手,,快踱一圈,H,內圈 快踱一圈 (助手)
H368,08/04/2024,游水,沙田,,沙田,,,,,,,,游水,,
H368,08/04/2024,踱步,沙田,內圈,沙田 內圈,,,,,,助手,,倒快一圈,H,內圈 倒快一圈 (助手)
H368,07/04/2024,游水,沙田,,沙田,,,,,,,,游水,,
H368,07/04/2024,踱步,沙田,飛機場,沙田 飛機場,,,,,,助手,,踱步,H,飛機場 踱步 (助手)
H368,06/04/2024,游水,沙田,,沙田,,,,,,,,游水,,
H368,05/04/2024,試閘,沙田,全天候,沙田 全天候,1050M,1.01.06,61.06,16.3 22.0 22.7,精算暴雪,艾兆禮,,第4組,P,第4組 (艾兆禮) 1050M 精算暴雪 16.3 22.0 22.7 (1.01.06)
H368,04/04/2024,游水,沙田,,沙田,,,,,,,,游水,,
H368,04/04/2024,踱步,沙田,內圈,沙田 內圈,,,,,,助手,,倒快一圈,H,內圈 倒快一圈 (助手)
H368,03/04/2024,游水,沙田,,沙田,,,,,,,,游水,,
H368,03/04/2024,踱步,沙田,內圈,沙田 內圈,,,,,,助手,,快踱一圈,H,內圈 快踱一圈 (助手)
H368,02/04/2024,游水,沙田,,沙田,,,,,,,,游水,,
H368,02/04/2024,快操,沙田,全天候,沙田 全天候,,55.2,55.2,29.7 25.5,,助手,,快操,,29.7 25.5 (55.2) (助手)
H368,02/04/2024,踱步,沙田,飛機場,沙田 飛機場,,,,,,助手,,踱步,,飛機場 踱步 (助手)
H368,01/04/2024,游水,沙田,,沙田,,,,,,,,游水,,
H368,01/04/2024,踱步,沙田,內圈,沙田 內圈,,,,,,助手,,倒快一圈,H,內圈 倒快一圈 (助手)
H368,31/03/2024,游水,沙田,,沙田,,,,,,,,游水,,
H368,31/03/2024,踱步,沙田,內圈,沙田 內圈,,,,,,助手,,快踱一圈,H,內圈 快踱一圈 (助手)
H368,30/03/2024,游水,沙田,,沙田,,,,,,,,游水,,
H368,30/03/2024,踱步,沙田,內圈,沙田 內圈,,,,,,助手,,快踱一圈,H,內圈 快踱一圈 (助手)
H368,29/03/2024,游水,沙田,,沙田,,,,,,,,游水,,
H368,29/03/2024,快操,沙田,全天候,沙田 全天候,,58.0,58.0,32.0 26.0,,助手,,快操,,32.0 26.0 (58.0) (助手)
H368,29/03/2024,踱步,沙田,飛機場,沙田 飛機場,,,,,,助手,,踱步,,飛機場 踱步 (助手)
H368,28/03/2024,游水,沙田,,沙田,,,,,,,,游水,,
H368,28/03/2024,踱步,沙田,內圈,沙田 內圈,,,,,,助手,,倒快一圈,H,內圈 倒快一圈 (助手)
H368,27/03/2024,游水,沙田,,沙田,,,,,,,,游水,,
H368,27/03/2024,踱步,沙田,內圈,沙田 內圈,,,,,,助手,,快踱一圈,H,內圈 快踱一圈 (助手)
H368,26/03/2024,游水,沙田,,沙田,,,,,,,,游水,,
H368,26/03/2024,踱步,沙田,內圈,沙田 內圈,,,,,,助手,,快踱一圈,H,內圈 快踱一圈 (助手)
H368,25/03/2024,游水,沙田,,沙田,,,,,,,,游水,,
H368,25/03/2024,快操,沙田,全天候,沙田 全天候,,57.5,57.5,32.0 25.5,,助手,,快操,,32.0 25.5 (57.5) (助手)
H368,25/03/2024,踱步,沙田,飛機場,沙田 飛機場,,,,,,助手,,踱步,,飛機場 踱步 (助手)
H368,24/03/2024,游水,沙田,,沙田,,,,,,,,游水,,
H368,24/03/2024,踱步,沙田,內圈,沙田 內圈,,,,,,助手,,快踱一圈,H,內圈 快踱一圈 (助手)
H368,23/03/2024,游水,沙田,,沙田,,,,,,,,游水,,
H368,23/03/2024,踱步,沙田,內圈,沙田 內圈,,,,,,助手,,快踱一圈,H,內圈 快踱一圈 (助手)
H368,22/03/2024,游水,沙田,,沙田,,,,,,,,游水,,
H368,22/03/2024,踱步,沙田,內圈,沙田 內圈,,,,,,助手,,快踱一圈,H,內圈 快踱一圈 (助手)
H368,21/03/2024,游水,沙田,,沙田,,,,,,,,游水,,
H368,21/03/2024,快操,沙田,全天候,沙田 全天候,,59.6,59.6,33.9 25.7,,助手,,快操,,33.9 25.7 (59.6) (助手)
H368,21/03/2024,踱步,沙田,飛機場,沙田 飛機場,,,,,,助手,,踱步,,飛機場 踱步 (助手)
H368,20/03/2024,游水,沙田,,沙田,,,,,,,,游水,,
H368,20/03/2024,踱步,沙田,內圈,沙田 內圈,,,,,,田泰安,,快踱一圈,H,內圈 快踱一圈 (田泰安)
H368,19/03/2024,游水,沙田,,沙田,,,,,,,,游水,,
H368,19/03/2024,踱步,沙田,內圈,沙田 內圈,,,,,,田泰安,,快踱一圈,H,內圈 快踱一圈 (田泰安)
H368,18/03/2024,游水,沙田,,沙田,,,,,,,,游水,,
H368,18/03/2024,踱步,沙田,內圈,沙田 內圈,,,,,,助手,,倒快一圈,H,內圈 倒快一圈 (助手)
H368,17/03/2024,游水,沙田,,沙田,,,,,,,,游水,,
H368,17/03/2024,踱步,沙田,飛機場,沙田 飛機場,,,,,,助手,,踱步,H,飛機場 踱步 (助手)
H368,16/03/2024,游水,沙田,,沙田,,,,,,,,游水,,
H368,15/03/2024,游水,沙田,,沙田,,,,,,,,游水,,
H368,14/03/2024,游水,沙田,,沙田,,,,,,,,游水,,
H368,13/03/2024,出賽,跑馬地,草地,跑馬地 草地,1200M,,,,,潘頓,1/9,出賽,P,1200M (潘頓) (1/9)
H368,13/03/2024,踱步,沙田,內圈,沙田 內圈,,,,,,助手,,快踱一圈,H,內圈 快踱一圈 (助手)
H368,12/03/2024,游水,沙田,,沙田,,,,,,,,游水,,
H368,12/03/2024,踱步,沙田,內圈,沙田 內圈,,,,,,助手,,快踱一圈,H,內圈 快踱一圈 (助手)
H368,11/03/2024,游水,沙田,,沙田,,,,,,,,游水,,
H368,11/03/2024,快操,沙田,全天候,沙田 全天候,,57.7,57.7,32.2 25.5,,助手,,快操,,32.2 25.5 (57.7) (助手)
H368,11/03/2024,踱步,沙田,飛機場,沙田 飛機場,,,,,,助手,,踱步,,飛機場 踱步 (助手)
H368,10/03/2024,游水,沙田,,沙田,,,,,,,,游水,,
H368,10/03/2024,踱步,沙田,內圈,沙田 內圈,,,,,,助手,,快踱一圈,H,內圈 快踱一圈 (助手)
H368,09/03/2024,游水,沙田,,沙田,,,,,,,,游水,,
H368,09/03/2024,踱步,沙田,內圈,沙田 內圈,,,,,,助手,,快踱一圈,H,內圈 快踱一圈 (助手)
H368,08/03/2024,游水,沙田,,沙田,,,,,,,,游水,,
H368,08/03/2024,踱步,沙田,內圈,沙田 內圈,,,,,,助手,,快踱一圈,H,內圈 快踱一圈 (助手)
H368,07/03/2024,游水,沙田,,沙田,,,,,,,,游水,,
H368,07/03/2024,快操,沙田,全天候,沙田 全天候,,59.0,59.0,33.1 25.9,,助手,,快操,,33.1 25.9 (59.0) (助手)
H368,07/03/2024,踱步,沙田,飛機場,沙田 飛機場,,,,,,助手,,踱步,,飛機場 踱步 (助手)
H368,06/03/2024,游水,沙田,,沙田,,,,,,,,游水,,
H368,06/03/2024,踱步,沙田,內圈,沙田 內圈,,,,,,助手,,快踱一圈,H,內圈 快踱一圈 (助手)
H368,05/03/2024,游水,沙田,,沙田,,,,,,,,游水,,
H368,05/03/2024,踱步,沙田,內圈,沙田 內圈,,,,,,助手,,快踱一圈,H,內圈 快踱一圈 (助手)
H368,04/03/2024,游水,沙田,,沙田,,,,,,,,游水,,
H368,04/03/2024,踱步,沙田,內圈,沙田 內圈,,,,,,助手,,倒快一圈,H,內圈 倒快一圈 (助手)
H368,03/03/2024,游水,沙田,,沙田,,,,,,,,游水,,
H368,02/03/2024,游水,沙田,,沙田,,,,,,,,游水,,
H368,01/03/2024,游水,沙田,,沙田,,,,,,,,游水,,
H368,28/02/2024,出賽,跑馬地,草地,跑馬地 草地,1200M,,,,,潘頓,1/9,出賽,P1,1200M (潘頓) (1/9)
H368,28/02/2024,踱步,沙田,內圈,沙田 內圈,,,,,,助手,,快踱一圈,H,內圈 快踱一圈 (助手)
H368,27/02/2024,游水,沙田,,沙田,,,,,,,,游水,,
H368,27/02/2024,踱步,沙田,內圈,沙田 內圈,,,,,,助手,,快踱一圈,H,內圈 快踱一圈 (助手)
H368,26/02/2024,游水,沙田,,沙田,,,,,,,,游水,,
H368,26/02/2024,踱步,沙田,內圈,沙田 內圈,,,,,,助手,,倒快一圈,H,內圈 倒快一圈 (助手)
H368,25/02/2024,游水,沙田,,沙田,,,,,,,,游水,,
H368,25/02/2024,踱步,沙田,內圈,沙田 內圈,,,,,,助手,,快踱一圈,H,內圈 快踱一圈 (助手)
H368,24/02/2024,游水,沙田,,沙田,,,,,,,,游水,,
H368,24/02/2024,踱步,沙田,飛機場,沙田 飛機場,,,,,,助手,,踱步,H,飛機場 踱步 (助手)
H368,23/02/2024,游水,沙田,,沙田,,,,,,,,游水,,
H368,22/02/2024,試閘,沙田,全天候,沙田 全天候,1050M,1.01.28,61.28,16.3 22.0 22.9,平海歡星,艾兆禮,,第4組,P,第4組 (艾兆禮) 1050M 平海歡星 16.3 22.0 22.9 (1.01.28)
H368,21/02/2024,游水,沙田,,沙田,,,,,,,,游水,,
H368,21/02/2024,踱步,沙田,內圈,沙田 內圈,,,,,,助手,,快踱一圈,H,內圈 快踱一圈 (助手)
H368,20/02/2024,游水,沙田,,沙田,,,,,,,,游水,,
H368,20/02/2024,踱步,沙田,內圈,沙田 內圈,,,,,,助手,,快踱一圈,H,內圈 快踱一圈 (助手)
H368,19/02/2024,游水,沙田,,沙田,,,,,,,,游水,,
H368,19/02/2024,快操,沙田,全天候,沙田 全天候,,58.7,58.7,32.4 26.3,,助手,,快操,,32.4 26.3 (58.7) (助手)
H368,19/02/2024,踱步,沙田,飛機場,沙田 飛機場,,,,,,助手,,踱步,,飛機場 踱步 (助手)
H368,18/02/2024,游水,沙田,,沙田,,,,,,,,游水,,
H368,18/02/2024,踱步,沙田,內圈,沙田 內圈,,,,,,助手,,快踱一圈,H,內圈 快踱一圈 (助手)
H368,17/02/2024,游水,沙田,,沙田,,,,,,,,游水,,
H368,17/02/2024,踱步,沙田,內圈,沙田 內圈,,,,,,助手,,快踱一圈,H,內圈 快踱一圈 (助手)
H368,16/02/2024,游水,沙田,,沙田,,,,,,,,游水,,
H368,16/02/2024,踱步,沙田,內圈,沙田 內圈,,,,,,助手,,快踱一圈,H,內圈 快踱一圈 (助手)
H368,15/02/2024,游水,沙田,,沙田,,,,,,,,游水,,
H368,15/02/2024,快操,沙田,全天候,沙田 全天候,,58.6,58.6,32.6 26.0,,助手,,快操,,32.6 26.0 (58.6) (助手)
H368,15/02/2024,踱步,沙田,飛機場,沙田 飛機場,,,,,,助手,,踱步,,飛機場 踱步 (助手)
H368,14/02/2024,游水,沙田,,沙田,,,,,,,,游水,,
H368,14/02/2024,踱步,沙田,內圈,沙田 內圈,,,,,,助手,,快踱一圈,H,內圈 快踱一圈 (助手)
H368,13/02/2024,游水,沙田,,沙田,,,,,,,,游水,,
H368,13/02/2024,踱步,沙田,內圈,沙田 內圈,,,,,,助手,,快踱一圈,H,內圈 快踱一圈 (助手)
H368,12/02/2024,游水,沙田,,沙田,,,,,,,,游水,,
H368,12/02/2024,踱步,沙田,內圈,沙田 內圈,,,,,,助手,,倒快一圈,H,內圈 倒快一圈 (助手)
H368,11/02/2024,游水,沙田,,沙田,,,,,,,,游水,,
H368,11/02/2024,踱步,沙田,飛機場,沙田 飛機場,,,,,,助手,,踱步,H,飛機場 踱步 (助手)
H368,09/02/2024,游水,沙田,,沙田,,,,,,,,游水,,
H368,07/02/2024,出賽,跑馬地,草地,跑馬地 草地,1200M,,,,,潘頓,4/12,出賽,,1200M (潘頓) (4/12)
H368,07/02/2024,踱步,沙田,內圈,沙田 內圈,,,,,,助手,,快踱一圈,H,內圈 快踱一圈 (助手)
H368,06/02/2024,游水,沙田,,沙田,,,,,,,,游水,,
H368,06/02/2024,踱步,沙田,內圈,沙田 內圈,,,,,,助手,,快踱一圈,H,內圈 快踱一圈 (助手)
H368,05/02/2024,游水,沙田,,沙田,,,,,,,,游水,,
H368,05/02/2024,快操,沙田,全天候,沙田 全天候,,57.8,57.8,32.6 25.2,,助手,,快操,,32.6 25.2 (57.8) (助手)
H368,05/02/2024,踱步,沙田,飛機場,沙田 飛機場,,,,,,助手,,踱步,,飛機場 踱步 (助手)
H368,04/02/2024,游水,沙田,,沙田,,,,,,,,游水,,
H368,04/02/2024,踱步,沙田,內圈,沙田 內圈,,,,,,助手,,快踱一圈,H,內圈 快踱一圈 (助手)
H368,03/02/2024,游水,沙田,,沙田,,,,,,,,游水,,
H368,03/02/2024,踱步,沙田,內圈,沙田 內圈,,,,,,助手,,快踱一圈,H,內圈 快踱一圈 (助手)
H368,02/02/2024,游水,沙田,,沙田,,,,,,,,游水,,
H368,01/02/2024,游水,沙田,,沙田,,,,,,,,游水,,
H368,01/02/2024,快操,沙田,全天候,沙田 全天候,,57.2,57.2,31.6 25.6,,助手,,快操,,31.6 25.6 (57.2) (助手)
H368,01/02/2024,踱步,沙田,飛機場,沙田 飛機場,,,,,,助手,,踱步,,飛機場 踱步 (助手)
H368,31/01/2024,游水,沙田,,沙田,,,,,,,,游水,,
H368,31/01/2024,踱步,沙田,內圈,沙田 內圈,,,,,,艾道拿,,快踱一圈,H,內圈 快踱一圈 (艾道拿)
H368,30/01/2024,游水,沙田,,沙田,,,,,,,,游水,,
H368,30/01/2024,踱步,沙田,內圈,沙田 內圈,,,,,,助手,,快踱一圈,H,內圈 快踱一圈 (助手)
H368,29/01/2024,游水,沙田,,沙田,,,,,,,,游水,,
H368,29/01/2024,快操,沙田,全天候,沙田 全天候,,57.3,57.3,31.9 25.4,,助手,,快操,,31.9 25.4 (57.3) (助手)
H368,29/01/2024,踱步,沙田,飛機場,沙田 飛機場,,,,,,助手,,踱步,,飛機場 踱步 (助手)
H368,28/01/2024,游水,沙田,,沙田,,,,,,,,游水,,
H368,28/01/2024,踱步,沙田,內圈,沙田 內圈,,,,,,助手,,快踱一圈,H,內圈 快踱一圈 (助手)
H368,27/01/2024,游水,沙田,,沙田,,,,,,,,游水,,
H368,27/01/2024,踱步,沙田,內圈,沙田 內圈,,,,,,助手,,快踱一圈,H,內圈 快踱一圈 (助手)
H368,26/01/2024,游水,沙田,,沙田,,,,,,,,游水,,
H368,26/01/2024,踱步,沙田,內圈,沙田 內圈,,,,,,助手,,快踱一圈,H,內圈 快踱一圈 (助手)
H368,25/01/2024,游水,沙田,,沙田,,,,,,,,游水,,
H368,25/01/2024,快操,沙田,全天候,沙田 全天候,,58.2,58.2,32.5 25.7,,助手,,快操,,32.5 25.7 (58.2) (助手)
H368,25/01/2024,踱步,沙田,飛機場,沙田 飛機場,,,,,,助手,,踱步,,飛機場 踱步 (助手)
H368,24/01/2024,游水,沙田,,沙田,,,,,,,,游水,,
H368,24/01/2024,踱步,沙田,內圈,沙田 內圈,,,,,,助手,,快踱一圈,H,內圈 快踱一圈 (助手)
H368,23/01/2024,游水,沙田,,沙田,,,,,,,,游水,,
H368,23/01/2024,踱步,沙田,內圈,沙田 內圈,,,,,,助手,,快踱一圈,H,內圈 快踱一圈 (助手)
H368,22/01/2024,游水,沙田,,沙田,,,,,,,,游水,,
H368,22/01/2024,踱步,沙田,內圈,沙田 內圈,,,,,,助手,,倒快一圈,H,內圈 倒快一圈 (助手)
H368,21/01/2024,游水,沙田,,沙田,,,,,,,,游水,,
H368,21/01/2024,踱步,沙田,飛機場,沙田 飛機場,,,,,,助手,,踱步,H,飛機場 踱步 (助手)
H368,20/01/2024,游水,沙田,,沙田,,,,,,,,游水,,
H368,19/01/2024,游水,沙田,,沙田,,,,,,,,游水,,
H368,17/01/2024,出賽,跑馬地,草地,跑馬地 草地,1200M,,,,,田泰安,2/12,出賽,,1200M (田泰安) (2/12)
H368,17/01/2024,踱步,沙田,內圈,沙田 內圈,,,,,,助手,,快踱一圈,H,內圈 快踱一圈 (助手)
H368,16/01/2024,游水,沙田,,沙田,,,,,,,,游水,,
H368,16/01/2024,踱步,沙田,內圈,沙田 內圈,,,,,,助手,,快踱一圈,H,內圈 快踱一圈 (助手)
H368,15/01/2024,游水,沙田,,沙田,,,,,,,,游水,,
H368,15/01/2024,踱步,沙田,內圈,沙田 內圈,,,,,,助手,,倒快一圈,H,內圈 倒快一圈 (助手)
H368,14/01/2024,游水,沙田,,沙田,,,,,,,,游水,,
H368,14/01/2024,快操,沙田,全天候,沙田 全天候,,57.9,57.9,31.5 26.4,,助手,,快操,,31.5 26.4 (57.9) (助手)
H368,14/01/2024,踱步,沙田,飛機場,沙田 飛機場,,,,,,助手,,踱步,,飛機場 踱步 (助手)
H368,13/01/2024,游水,沙田,,沙田,,,,,,,,游水,,
H368,13/01/2024,踱步,沙田,內圈,沙田 內圈,,,,,,助手,,快踱一圈,H,內圈 快踱一圈 (助手)
H368,12/01/2024,游水,沙田,,沙田,,,,,,,,游水,,
H368,12/01/2024,踱步,沙田,內圈,沙田 內圈,,,,,,助手,,快踱一圈,H,內圈 快踱一圈 (助手)
H368,11/01/2024,游水,沙田,,沙田,,,,,,,,游水,,
H368,11/01/2024,踱步,沙田,飛機場,沙田 飛機場,,,,,,助手,,踱步,H,飛機場 踱步 (助手)
H368,10/01/2024,游水,沙田,,沙田,,,,,,,,游水,,
H368,09/01/2024,試閘,沙田,草地,沙田 草地,800M,0.46.02,46.02,23.8 22.2,平海歡星,田泰安,,第6組,,第6組 (田泰安) 800M 平海歡星 23.8 22.2 (0.46.02)
H368,08/01/2024,游水,沙田,,沙田,,,,,,,,游水,,
H368,08/01/2024,踱步,沙田,內圈,沙田 內圈,,,,,,助手,,倒快一圈,H,內圈 倒快一圈 (助手)
H368,07/01/2024,游水,沙田,,沙田,,,,,,,,游水,,
H368,07/01/2024,踱步,沙田,內圈,沙田 內圈,,,,,,助手,,快踱一圈,,內圈 快踱一圈 (助手)
H368,06/01/2024,游水,沙田,,沙田,,,,,,,,游水,,
H368,06/01/2024,快操,沙田,全天候,沙田 全天候,,57.7,57.7,31.8 25.9,,助手,,快操,,31.8 25.9 (57.7) (助手)
H368,06/01/2024,踱步,沙田,飛機場,沙田 飛機場,,,,,,助手,,踱步,H,飛機場 踱步 (助手)
H368,05/01/2024,游水,沙田,,沙田,,,,,,,,游水,,
H368,05/01/2024,踱步,沙田,內圈,沙田 內圈,,,,,,田泰安,,快踱一圈,H,內圈 快踱一圈 (田泰安)
H368,04/01/2024,游水,沙田,,沙田,,,,,,,,游水,,
H368,04/01/2024,踱步,沙田,內圈,沙田 內圈,,,,,,助手,,倒快一圈,H,內圈 倒快一圈 (助手)
H368,03/01/2024,游水,沙田,,沙田,,,,,,,,游水,,
H368,03/01/2024,快操,沙田,全天候,沙田 全天候,,58.4,58.4,32.3 26.1,,助手,,快操,,32.3 26.1 (58.4) (助手)
H368,03/01/2024,踱步,沙田,飛機場,沙田 飛機場,,,,,,助手,,踱步,H,飛機場 踱步 (助手)
H368,02/01/2024,游水,沙田,,沙田,,,,,,,,游水,,
H368,02/01/2024,踱步,沙田,內圈,沙田 內圈,,,,,,艾道拿,,快踱一圈,H,內圈 快踱一圈 (艾道拿)
H368,01/01/2024,游水,沙田,,沙田,,,,,,,,游水,,
H368,01/01/2024,踱步,沙田,內圈,沙田 內圈,,,,,,助手,,倒快一圈,H,內圈 倒快一圈 (助手)
H368,31/12/2023,游水,沙田,,沙田,,,,,,,,游水,,
H368,31/12/2023,踱步,沙田,內圈,沙田 內圈,,,,,,助手,,快踱一圈,H,內圈 快踱一圈 (助手)
H368,30/12/2023,游水,沙田,,沙田,,,,,,,,游水,,
H368,30/12/2023,踱步,沙田,飛機場,沙田 飛機場,,,,,,助手,,踱步,H,飛機場 踱步 (助手)
H368,29/12/2023,游水,沙田,,沙田,,,,,,,,游水,,
H368,28/12/2023,游水,沙田,,沙田,,,,,,,,游水,,
H368,26/12/2023,出賽,沙田,草地,沙田 草地,1200M,,,,,田泰安,1/11,出賽,,1200M (田泰安) (1/11)
H368,26/12/2023,踱步,沙田,內圈,沙田 內圈,,,,,,助手,,快踱一圈,H,內圈 快踱一圈 (助手)
H368,25/12/2023,游水,沙田,,沙田,,,,,,,,游水,,
H368,25/12/2023,踱步,沙田,內圈,沙田 內圈,,,,,,助手,,倒快一圈,H,內圈 倒快一圈 (助手)
H368,24/12/2023,游水,沙田,,沙田,,,,,,,,游水,,
H368,24/12/2023,踱步,沙田,內圈,沙田 內圈,,,,,,助手,,快踱一圈,H,內圈 快踱一圈 (助手)
H368,23/12/2023,游水,沙田,,沙田,,,,,,,,游水,,
H368,23/12/2023,踱步,沙田,內圈,沙田 內圈,,,,,,助手,,快踱一圈,H,內圈 快踱一圈 (助手)
H368,22/12/2023,游水,沙田,,沙田,,,,,,,,游水,,
H368,22/12/2023,快操,沙田,全天候,沙田 全天候,,58.7,58.7,32.0 26.7,,助手,,快操,,32.0 26.7 (58.7) (助手)
H368,22/12/2023,踱步,沙田,飛機場,沙田 飛機場,,,,,,助手,,踱步,,飛機場 踱步 (助手)
H368,21/12/2023,游水,沙田,,沙田,,,,,,,,游水,,
H368,21/12/2023,踱步,沙田,內圈,沙田 內圈,,,,,,助手,,倒快一圈,H,內圈 倒快一圈 (助手)
H368,20/12/2023,游水,沙田,,沙田,,,,,,,,游水,,
H368,20/12/2023,踱步,沙田,內圈,沙田 內圈,,,,,,助手,,快踱一圈,H,內圈 快踱一圈 (助手)
H368,19/12/2023,游水,沙田,,沙田,,,,,,,,游水,,
H368,19/12/2023,踱步,沙田,內圈,沙田 內圈,,,,,,助手,,快踱一圈,H,內圈 快踱一圈 (助手)
H368,18/12/2023,游水,沙田,,沙田,,,,,,,,游水,,
H368,18/12/2023,快操,沙田,全天候,沙田 全天候,,57.8,57.8,31.9 25.9,,助手,,快操,,31.9 25.9 (57.8) (助手)
H368,18/12/2023,踱步,沙田,飛機場,沙田 飛機場,,,,,,助手,,踱步,,飛機場 踱步 (助手)
H368,17/12/2023,游水,沙田,,沙田,,,,,,,,游水,,
H368,17/12/2023,踱步,沙田,內圈,沙田 內圈,,,,,,助手,,快踱一圈,H,內圈 快踱一圈 (助手)
H368,16/12/2023,游水,沙田,,沙田,,,,,,,,游水,,
H368,16/12/2023,踱步,沙田,內圈,沙田 內圈,,,,,,艾道拿,,快踱一圈,H,內圈 快踱一圈 (艾道拿)
H368,15/12/2023,游水,沙田,,沙田,,,,,,,,游水,,
H368,15/12/2023,踱步,沙田,飛機場,沙田 飛機場,,,,,,助手,,踱步,H,飛機場 踱步 (助手)
H368,14/12/2023,游水,沙田,,沙田,,,,,,,,游水,,
H368,13/12/2023,游水,沙田,,沙田,,,,,,,,游水,,
H368,12/12/2023,游水,沙田,,沙田,,,,,,,,游水,,
H368,10/12/2023,出賽,沙田,草地,沙田 草地,1200M,,,,,艾兆禮,4/14,出賽,,1200M (艾兆禮) (4/14)
H368,09/12/2023,游水,沙田,,沙田,,,,,,,,游水,,
H368,09/12/2023,踱步,沙田,內圈,沙田 內圈,,,,,,助手,,快踱一圈,H,內圈 快踱一圈 (助手)
H368,08/12/2023,游水,沙田,,沙田,,,,,,,,游水,,
H368,08/12/2023,踱步,沙田,內圈,沙田 內圈,,,,,,助手,,快踱一圈,H,內圈 快踱一圈 (助手)
H368,07/12/2023,游水,沙田,,沙田,,,,,,,,游水,,
H368,07/12/2023,踱步,沙田,內圈,沙田 內圈,,,,,,助手,,倒快一圈,H,內圈 倒快一圈 (助手)
H368,06/12/2023,游水,沙田,,沙田,,,,,,,,游水,,
H368,06/12/2023,快操,沙田,全天候,沙田 全天候,,57.3,57.3,32.4 24.9,,助手,,快操,,32.4 24.9 (57.3) (助手)
H368,06/12/2023,踱步,沙田,飛機場,沙田 飛機場,,,,,,助手,,踱步,,飛機場 踱步 (助手)
H368,05/12/2023,游水,沙田,,沙田,,,,,,,,游水,,
H368,05/12/2023,踱步,沙田,內圈,沙田 內圈,,,,,,助手,,快踱一圈,H,內圈 快踱一圈 (助手)
H368,04/12/2023,游水,沙田,,沙田,,,,,,,,游水,,
H368,04/12/2023,踱步,沙田,內圈,沙田 內圈,,,,,,助手,,倒快一圈,H,內圈 倒快一圈 (助手)
H368,03/12/2023,游水,沙田,,沙田,,,,,,,,游水,,
H368,03/12/2023,踱步,沙田,內圈,沙田 內圈,,,,,,助手,,快踱一圈,H,內圈 快踱一圈 (助手)
H368,02/12/2023,游水,沙田,,沙田,,,,,,,,游水,,
H368,02/12/2023,踱步,沙田,飛機場,沙田 飛機場,,,,,,助手,,踱步,H,飛機場 踱步 (助手)
H368,01/12/2023,游水,沙田,,沙田,,,,,,,,游水,,
H368,30/11/2023,試閘,沙田,全天候,沙田 全天候,1200M,1.10.24,70.24,24.3 22.5 23.4,遨遊氣泡,艾兆禮,,第1組,,第1組 (艾兆禮) 1200M 遨遊氣泡 24.3 22.5 23.4 (1.10.24)
H368,29/11/2023,游水,沙田,,沙田,,,,,,,,游水,,
H368,29/11/2023,踱步,沙田,內圈,沙田 內圈,,,,,,艾道拿,,快踱一圈,H,內圈 快踱一圈 (艾道拿)
H368,28/11/2023,游水,沙田,,沙田,,,,,,,,游水,,
H368,28/11/2023,踱步,沙田,內圈,沙田 內圈,,,,,,嘉里,,快踱一圈,H,內圈 快踱一圈 (嘉里)
H368,27/11/2023,游水,沙田,,沙田,,,,,,,,游水,,
H368,27/11/2023,快操,沙田,全天候,沙田 全天候,,58.0,58.0,32.3 25.7,,助手,,快操,,32.3 25.7 (58.0) (助手)
H368,27/11/2023,踱步,沙田,飛機場,沙田 飛機場,,,,,,助手,,踱步,,飛機場 踱步 (助手)
H368,26/11/2023,游水,沙田,,沙田,,,,,,,,游水,,
H368,26/11/2023,踱步,沙田,內圈,沙田 內圈,,,,,,助手,,快踱一圈,H,內圈 快踱一圈 (助手)
H368,25/11/2023,游水,沙田,,沙田,,,,,,,,游水,,
H368,25/11/2023,踱步,沙田,內圈,沙田 內圈,,,,,,助手,,快踱一圈,H,內圈 快踱一圈 (助手)
H368,24/11/2023,游水,沙田,,沙田,,,,,,,,游水,,
H368,24/11/2023,踱步,沙田,飛機場,沙田 飛機場,,,,,,助手,,踱步,H,飛機場 踱步 (助手)
H368,23/11/2023,游水,沙田,,沙田,,,,,,,,游水,,
H368,22/11/2023,游水,沙田,,沙田,,,,,,,,游水,,
H368,21/11/2023,游水,沙田,,沙田,,,,,,,,游水,,
H368,19/11/2023,出賽,沙田,草地,沙田 草地,1200M,,,,,潘頓,1/14,出賽,,1200M (潘頓) (1/14)
H368,19/11/2023,踱步,沙田,內圈,沙田 內圈,,,,,,助手,,快踱一圈,H,內圈 快踱一圈 (助手)
H368,18/11/2023,游水,沙田,,沙田,,,,,,,,游水,,
H368,18/11/2023,踱步,沙田,內圈,沙田 內圈,,,,,,助手,,快踱一圈,H,內圈 快踱一圈 (助手)
H368,17/11/2023,游水,沙田,,沙田,,,,,,,,游水,,
H368,17/11/2023,踱步,沙田,內圈,沙田 內圈,,,,,,田泰安,,快踱一圈,H,內圈 快踱一圈 (田泰安)
H368,16/11/2023,游水,沙田,,沙田,,,,,,,,游水,,
H368,16/11/2023,快操,沙田,全天候,沙田 全天候,,56.7,56.7,31.1 25.6,,助手,,快操,,31.1 25.6 (56.7) (助手)
H368,16/11/2023,踱步,沙田,飛機場,沙田 飛機場,,,,,,助手,,踱步,,飛機場 踱步 (助手)
H368,15/11/2023,游水,沙田,,沙田,,,,,,,,游水,,
H368,15/11/2023,踱步,沙田,內圈,沙田 內圈,,,,,,艾道拿,,快踱一圈,H,內圈 快踱一圈 (艾道拿)
H368,14/11/2023,游水,沙田,,沙田,,,,,,,,游水,,
H368,14/11/2023,踱步,沙田,內圈,沙田 內圈,,,,,,嘉里,,快踱一圈,H,內圈 快踱一圈 (嘉里)
H368,13/11/2023,游水,沙田,,沙田,,,,,,,,游水,,
H368,13/11/2023,快操,沙田,全天候,沙田 全天候,,57.7,57.7,31.3 26.4,,助手,,快操,,31.3 26.4 (57.7) (助手)
H368,13/11/2023,踱步,沙田,飛機場,沙田 飛機場,,,,,,助手,,踱步,,飛機場 踱步 (助手)
H368,12/11/2023,游水,沙田,,沙田,,,,,,,,游水,,
H368,12/11/2023,踱步,沙田,內圈,沙田 內圈,,,,,,助手,,快踱一圈,H,內圈 快踱一圈 (助手)
H368,11/11/2023,游水,沙田,,沙田,,,,,,,,游水,,
H368,11/11/2023,踱步,沙田,內圈,沙田 內圈,,,,,,助手,,快踱一圈,H,內圈 快踱一圈 (助手)
H368,10/11/2023,游水,沙田,,沙田,,,,,,,,游水,,
H368,10/11/2023,踱步,沙田,內圈,沙田 內圈,,,,,,助手,,快踱一圈,H,內圈 快踱一圈 (助手)
H368,09/11/2023,游水,沙田,,沙田,,,,,,,,游水,,
H368,09/11/2023,踱步,沙田,飛機場,沙田 飛機場,,,,,,助手,,踱步,H,飛機場 踱步 (助手)
H368,08/11/2023,游水,沙田,,沙田,,,,,,,,游水,,
H368,07/11/2023,試閘,沙田,全天候,沙田 全天候,1200M,1.11.18,71.18,24.0 22.3 24.8,添開心,田泰安,,第3組,,第3組 (田泰安) 1200M 添開心 24.0 22.3 24.8 (1.11.18)
H368,06/11/2023,游水,沙田,,沙田,,,,,,,,游水,,
H368,06/11/2023,踱步,沙田,內圈,沙田 內圈,,,,,,田泰安,,倒快一圈,H,內圈 倒快一圈 (田泰安)
H368,05/11/2023,游水,沙田,,沙田,,,,,,,,游水,,
H368,05/11/2023,踱步,沙田,內圈,沙田 內圈,,,,,,助手,,快踱一圈,H,內圈 快踱一圈 (助手)
H368,04/11/2023,游水,沙田,,沙田,,,,,,,,游水,,
H368,04/11/2023,快操,沙田,全天候,沙田 全天候,,57.7,57.7,31.4 26.3,,助手,,快操,,31.4 26.3 (57.7) (助手)
H368,04/11/2023,踱步,沙田,飛機場,沙田 飛機場,,,,,,助手,,踱步,,飛機場 踱步 (助手)
H368,03/11/2023,游水,沙田,,沙田,,,,,,,,游水,,
H368,03/11/2023,踱步,沙田,內圈,沙田 內圈,,,,,,田泰安,,快踱一圈,H,內圈 快踱一圈 (田泰安)
H368,02/11/2023,游水,沙田,,沙田,,,,,,,,游水,,
H368,02/11/2023,踱步,沙田,內圈,沙田 內圈,,,,,,田泰安,,倒快一圈,H,內圈 倒快一圈 (田泰安)
H368,01/11/2023,游水,沙田,,沙田,,,,,,,,游水,,
H368,01/11/2023,快操,沙田,全天候,沙田 全天候,,57.2,57.2,31.2 26.0,,助手,,快操,,31.2 26.0 (57.2) (助手)
H368,01/11/2023,踱步,沙田,飛機場,沙田 飛機場,,,,,,助手,,踱步,,飛機場 踱步 (助手)
H368,31/10/2023,游水,沙田,,沙田,,,,,,,,游水,,
H368,31/10/2023,踱步,沙田,內圈,沙田 內圈,,,,,,艾道拿,,快踱一圈,H,內圈 快踱一圈 (艾道拿)
H368,30/10/2023,游水,沙田,,沙田,,,,,,,,游水,,
H368,30/10/2023,踱步,沙田,內圈,沙田 內圈,,,,,,助手,,倒快一圈,H,內圈 倒快一圈 (助手)
H368,29/10/2023,游水,沙田,,沙田,,,,,,,,游水,,
H368,29/10/2023,快操,沙田,全天候,沙田 全天候,,57.8,57.8,31.4 26.4,,助手,,快操,,31.4 26.4 (57.8) (助手)
H368,29/10/2023,踱步,沙田,飛機場,沙田 飛機場,,,,,,助手,,踱步,,飛機場 踱步 (助手)
H368,28/10/2023,游水,沙田,,沙田,,,,,,,,游水,,
H368,28/10/2023,踱步,沙田,內圈,沙田 內圈,,,,,,嘉里,,快踱一圈,H,內圈 快踱一圈 (嘉里)
H368,27/10/2023,游水,沙田,,沙田,,,,,,,,游水,,
H368,27/10/2023,踱步,沙田,內圈,沙田 內圈,,,,,,嘉里,,快踱一圈,H,內圈 快踱一圈 (嘉里)
H368,26/10/2023,游水,沙田,,沙田,,,,,,,,游水,,
H368,26/10/2023,踱步,沙田,內圈,沙田 內圈,,,,,,嘉里,,倒快一圈,H,內圈 倒快一圈 (嘉里)
H368,25/10/2023,游水,沙田,,沙田,,,,,,,,游水,,
H368,25/10/2023,快操,沙田,全天候,沙田 全天候,,57.6,57.6,31.7 25.9,,助手,,快操,,31.7 25.9 (57.6) (助手)
H368,25/10/2023,踱步,沙田,飛機場,沙田 飛機場,,,,,,助手,,踱步,,飛機場 踱步 (助手)
H368,24/10/2023,游水,沙田,,沙田,,,,,,,,游水,,
H368,24/10/2023,踱步,沙田,內圈,沙田 內圈,,,,,,田泰安,,快踱一圈,H,內圈 快踱一圈 (田泰安)
H368,23/10/2023,游水,沙田,,沙田,,,,,,,,游水,,
H368,23/10/2023,踱步,沙田,內圈,沙田 內圈,,,,,,田泰安,,倒快一圈,H,內圈 倒快一圈 (田泰安)
H368,22/10/2023,游水,沙田,,沙田,,,,,,,,游水,,
H368,22/10/2023,踱步,沙田,飛機場,沙田 飛機場,,,,,,助手,,踱步,H,飛機場 踱步 (助手)
H368,21/10/2023,游水,沙田,,沙田,,,,,,,,游水,,
H368,20/10/2023,試閘,沙田,全天候,沙田 全天候,1200M,1.12.54,72.54,25.3 23.5 23.7,月球,潘頓,,第2組,,第2組 (潘頓) 1200M 月球 25.3 23.5 23.7 (1.12.54)
H368,19/10/2023,游水,沙田,,沙田,,,,,,,,游水,,
H368,19/10/2023,踱步,沙田,內圈,沙田 內圈,,,,,,助手,,倒快一圈,H,內圈 倒快一圈 (助手)
H368,18/10/2023,游水,沙田,,沙田,,,,,,,,游水,,
H368,18/10/2023,踱步,沙田,內圈,沙田 內圈,,,,,,助手,,快踱一圈,H,內圈 快踱一圈 (助手)
H368,17/10/2023,游水,沙田,,沙田,,,,,,,,游水,,
H368,16/10/2023,游水,沙田,,沙田,,,,,,,,游水,,
H368,16/10/2023,快操,沙田,全天候,沙田 全天候,,59.3,59.3,32.6 26.7,,助手,,快操,,32.6 26.7 (59.3) (助手)
H368,16/10/2023,踱步,沙田,飛機場,沙田 飛機場,,,,,,助手,,踱步,,飛機場 踱步 (助手)
H368,15/10/2023,游水,沙田,,沙田,,,,,,,,游水,,
H368,15/10/2023,踱步,沙田,內圈,沙田 內圈,,,,,,助手,,快踱一圈,H,內圈 快踱一圈 (助手)
H368,14/10/2023,游水,沙田,,沙田,,,,,,,,游水,,
H368,14/10/2023,踱步,沙田,內圈,沙田 內圈,,,,,,助手,,快踱一圈,H,內圈 快踱一圈 (助手)
H368,13/10/2023,游水,沙田,,沙田,,,,,,,,游水,,
H368,13/10/2023,踱步,沙田,內圈,沙田 內圈,,,,,,助手,,快踱一圈,H,內圈 快踱一圈 (助手)
H368,12/10/2023,游水,沙田,,沙田,,,,,,,,游水,,
H368,12/10/2023,快操,沙田,全天候,沙田 全天候,,59.3,59.3,32.3 27.0,,助手,,快操,,32.3 27.0 (59.3) (助手)
H368,12/10/2023,踱步,沙田,飛機場,沙田 飛機場,,,,,,助手,,踱步,,飛機場 踱步 (助手)
H368,11/10/2023,游水,沙田,,沙田,,,,,,,,游水,,
H368,11/10/2023,踱步,沙田,內圈,沙田 內圈,,,,,,助手,,快踱一圈,H,內圈 快踱一圈 (助手)
H368,10/10/2023,游水,沙田,,沙田,,,,,,,,游水,,
H368,10/10/2023,踱步,沙田,內圈,沙田 內圈,,,,,,嘉里,,快踱一圈,H,內圈 快踱一圈 (嘉里)
H368,09/10/2023,游水,沙田,,沙田,,,,,,,,游水,,
H368,08/10/2023,游水,沙田,,沙田,,,,,,,,游水,,
H368,08/10/2023,快操,沙田,全天候,沙田 全天候,,57.8,57.8,32.3 25.5,,助手,,快操,,32.3 25.5 (57.8) (助手)
H368,08/10/2023,踱步,沙田,飛機場,沙田 飛機場,,,,,,助手,,踱步,,飛機場 踱步 (助手)
H368,07/10/2023,游水,沙田,,沙田,,,,,,,,游水,,
H368,07/10/2023,踱步,沙田,內圈,沙田 內圈,,,,,,助手,,快踱一圈,H,內圈 快踱一圈 (助手)
H368,06/10/2023,游水,沙田,,沙田,,,,,,,,游水,,
H368,06/10/2023,踱步,沙田,內圈,沙田 內圈,,,,,,助手,,快踱一圈,H,內圈 快踱一圈 (助手)
H368,05/10/2023,游水,沙田,,沙田,,,,,,,,游水,,
H368,05/10/2023,踱步,沙田,飛機場,沙田 飛機場,,,,,,助手,,踱步,H,飛機場 踱步 (助手)
H368,04/10/2023,游水,沙田,,沙田,,,,,,,,游水,,
H368,03/10/2023,試閘,沙田,全天候,沙田 全天候,1200M,1.12.15,72.15,24.8 23.1 24.2,妙玲瓏,潘頓,,第3組,,第3組 (潘頓) 1200M 妙玲瓏 24.8 23.1 24.2 (1.12.15)
H368,02/10/2023,游水,沙田,,沙田,,,,,,,,游水,,
H368,02/10/2023,踱步,沙田,內圈,沙田 內圈,,,,,,助手,,倒快一圈,H,內圈 倒快一圈 (助手)
H368,01/10/2023,游水,沙田,,沙田,,,,,,,,游水,,
H368,01/10/2023,踱步,沙田,內圈,沙田 內圈,,,,,,助手,,快踱一圈,H,內圈 快踱一圈 (助手)
H368,30/09/2023,游水,沙田,,沙田,,,,,,,,游水,,
H368,30/09/2023,快操,沙田,全天候,沙田 全天候,,57.8,57.8,31.8 26.0,,助手,,快操,,31.8 26.0 (57.8) (助手)
H368,30/09/2023,踱步,沙田,飛機場,沙田 飛機場,,,,,,助手,,踱步,,飛機場 踱步 (助手)
H368,29/09/2023,游水,沙田,,沙田,,,,,,,,游水,,
H368,28/09/2023,游水,沙田,,沙田,,,,,,,,游水,,
H368,28/09/2023,踱步,沙田,內圈,沙田 內圈,,,,,,田泰安,,倒快一圈,H,內圈 倒快一圈 (田泰安)
H368,27/09/2023,游水,沙田,,沙田,,,,,,,,游水,,
H368,27/09/2023,踱步,沙田,內圈,沙田 內圈,,,,,,助手,,快踱一圈,H,內圈 快踱一圈 (助手)
H368,26/09/2023,游水,沙田,,沙田,,,,,,,,游水,,
H368,26/09/2023,快操,沙田,全天候,沙田 全天候,,57.9,57.9,31.5 26.4,,助手,,快操,,31.5 26.4 (57.9) (助手)
H368,26/09/2023,踱步,沙田,飛機場,沙田 飛機場,,,,,,助手,,踱步,,飛機場 踱步 (助手)
H368,25/09/2023,游水,沙田,,沙田,,,,,,,,游水,,
H368,24/09/2023,游水,沙田,,沙田,,,,,,,,游水,,
H368,24/09/2023,踱步,沙田,內圈,沙田 內圈,,,,,,助手,,快踱一圈,H,內圈 快踱一圈 (助手)
H368,23/09/2023,游水,沙田,,沙田,,,,,,,,游水,,
H368,23/09/2023,踱步,沙田,內圈,沙田 內圈,,,,,,助手,,快踱一圈,H,內圈 快踱一圈 (助手)
H368,22/09/2023,游水,沙田,,沙田,,,,,,,,游水,,
H368,22/09/2023,快操,沙田,全天候,沙田 全天候,,56.5,56.5,31.2 25.3,,助手,,紅運掌聲,,31.2 25.3 (56.5) (助手) 紅運掌聲
H368,22/09/2023,踱步,沙田,飛機場,沙田 飛機場,,,,,,助手,,踱步,,飛機場 踱步 (助手)
H368,21/09/2023,游水,沙田,,沙田,,,,,,,,游水,,
H368,21/09/2023,踱步,沙田,內圈,沙田 內圈,,,,,,助手,,倒快一圈,H,內圈 倒快一圈 (助手)
H368,20/09/2023,游水,沙田,,沙田,,,,,,,,游水,,
H368,20/09/2023,踱步,沙田,內圈,沙田 內圈,,,,,,助手,,快踱一圈,H,內圈 快踱一圈 (助手)
H368,19/09/2023,游水,沙田,,沙田,,,,,,,,游水,,
H368,19/09/2023,快操,沙田,全天候,沙田 全天候,,58.8,58.8,32.4 26.4,,助手,,快操,,32.4 26.4 (58.8) (助手)
H368,19/09/2023,踱步,沙田,飛機場,沙田 飛機場,,,,,,助手,,踱步,,飛機場 踱步 (助手)
H368,18/09/2023,游水,沙田,,沙田,,,,,,,,游水,,
H368,18/09/2023,踱步,沙田,內圈,沙田 內圈,,,,,,助手,,倒快一圈,H,內圈 倒快一圈 (助手)
H368,17/09/2023,游水,沙田,,沙田,,,,,,,,游水,,
H368,17/09/2023,踱步,沙田,內圈,沙田 內圈,,,,,,助手,,快踱一圈,H,內圈 快踱一圈 (助手)
H368,16/09/2023,游水,沙田,,沙田,,,,,,,,游水,,
H368,16/09/2023,快操,沙田,全天候,沙田 全天候,,1.01.0,61.0,34.0 27.0,,助手,,快操,,34.0 27.0 (1.01.0) (助手)
H368,16/09/2023,踱步,沙田,飛機場,沙田 飛機場,,,,,,助手,,踱步,,飛機場 踱步 (助手)
H368,15/09/2023,游水,沙田,,沙田,,,,,,,,游水,,
H368,15/09/2023,踱步,沙田,內圈,沙田 內圈,,,,,,田泰安,,快踱一圈,H,內圈 快踱一圈 (田泰安)
H368,14/09/2023,游水,沙田,,沙田,,,,,,,,游水,,
H368,14/09/2023,踱步,沙田,內圈,沙田 內圈,,,,,,助手,,倒快一圈,H,內圈 倒快一圈 (助手)
H368,13/09/2023,游水,沙田,,沙田,,,,,,,,游水,,
H368,13/09/2023,快操,沙田,全天候,沙田 全天候,,28.7,28.7,28.7,,助手,,快操,,28.7 (28.7) (助手)
H368,13/09/2023,踱步,沙田,飛機場,沙田 飛機場,,,,,,助手,,踱步,,飛機場 踱步 (助手)
H368,12/09/2023,游水,沙田,,沙田,,,,,,,,游水,,
H368,12/09/2023,踱步,沙田,內圈,沙田 內圈,,,,,,助手,,快踱一圈,H,內圈 快踱一圈 (助手)
H368,11/09/2023,游水,沙田,,沙田,,,,,,,,游水,,
H368,11/09/2023,踱步,沙田,內圈,沙田 內圈,,,,,,田泰安,,倒快一圈,H,內圈 倒快一圈 (田泰安)
H368,10/09/2023,游水,沙田,,沙田,,,,,,,,游水,,
H368,10/09/2023,快操,沙田,全天候,沙田 全天候,,31.7,31.7,31.7,,助手,,快操,,31.7 (31.7) (助手)
H368,10/09/2023,踱步,沙田,飛機場,沙田 飛機場,,,,,,助手,,踱步,H,飛機場 踱步 (助手)
H368,09/09/2023,游水,沙田,,沙田,,,,,,,,游水,,
H368,09/09/2023,踱步,沙田,內圈,沙田 內圈,,,,,,助手,,快踱一圈,H,內圈 快踱一圈 (助手)
H368,07/09/2023,游水,沙田,,沙田,,,,,,,,游水,,
H368,07/09/2023,踱步,沙田,內圈,沙田 內圈,,,,,,助手,,倒快一圈,H,內圈 倒快一圈 (助手)
H368,06/09/2023,游水,沙田,,沙田,,,,,,,,游水,,
H368,06/09/2023,踱步,沙田,內圈,沙田 內圈,,,,,,助手,,快踱一圈,H,內圈 快踱一圈 (助手)
H368,05/09/2023,游水,沙田,,沙田,,,,,,,,游水,,
H368,05/09/2023,快操,沙田,全天候,沙田 全天候,,29.9,29.9,29.9,,助手,,快操,,29.9 (29.9) (助手)
H368,05/09/2023,踱步,沙田,飛機場,沙田 飛機場,,,,,,助手,,踱步,,飛機場 踱步 (助手)
H368,04/09/2023,游水,沙田,,沙田,,,,,,,,游水,,
H368,04/09/2023,踱步,沙田,內圈,沙田 內圈,,,,,,助手,,倒快一圈,H,內圈 倒快一圈 (助手)
H368,03/09/2023,游水,沙田,,沙田,,,,,,,,游水,,
H368,03/09/2023,踱步,沙田,內圈,沙田 內圈,,,,,,助手,,快踱一圈,H,內圈 快踱一圈 (助手)
H368,31/08/2023,游水,沙田,,沙田,,,,,,,,游水,,
H368,31/08/2023,踱步,沙田,內圈,沙田 內圈,,,,,,助手,,倒快一圈,H,內圈 倒快一圈 (助手)
H368,30/08/2023,游水,沙田,,沙田,,,,,,,,游水,,
H368,30/08/2023,踱步,沙田,內圈,沙田 內圈,,,,,,助手,,快踱一圈,H,內圈 快踱一圈 (助手)
H368,29/08/2023,游水,沙田,,沙田,,,,,,,,游水,,
H368,29/08/2023,踱步,沙田,內圈,沙田 內圈,,,,,,田泰安,,快踱一圈,H,內圈 快踱一圈 (田泰安)
H368,28/08/2023,游水,沙田,,沙田,,,,,,,,游水,,
H368,28/08/2023,踱步,沙田,內圈,沙田 內圈,,,,,,助手,,倒快一圈,H,內圈 倒快一圈 (助手)
H368,27/08/2023,游水,沙田,,沙田,,,,,,,,游水,,
H368,27/08/2023,踱步,沙田,內圈,沙田 內圈,,,,,,助手,,快踱一圈,H,內圈 快踱一圈 (助手)
H368,26/08/2023,游水,沙田,,沙田,,,,,,,,游水,,
H368,26/08/2023,踱步,沙田,飛機場,沙田 飛機場,,,,,,助手,,踱步,H,飛機場 踱步 (助手)
H368,25/08/2023,游水,沙田,,沙田,,,,,,,,游水,,
H368,25/08/2023,踱步,沙田,飛機場,沙田 飛機場,,,,,,助手,,踱步,H,飛機場 踱步 (助手)
H368,24/08/2023,游水,沙田,,沙田,,,,,,,,游水,,
H368,24/08/2023,踱步,沙田,飛機場,沙田 飛機場,,,,,,助手,,踱步,H,飛機場 踱步 (助手)
H368,23/08/2023,游水,沙田,,沙田,,,,,,,,游水,,
H368,22/08/2023,游水,沙田,,沙田,,,,,,,,游水,,
H368,21/08/2023,游水,沙田,,沙田,,,,,,,,游水,,
H368,20/08/2023,游水,沙田,,沙田,,,,,,,,游水,,
H368,19/08/2023,游水,沙田,,沙田,,,,,,,,游水,,
H368,18/08/2023,游水,沙田,,沙田,,,,,,,,游水,,
H368,17/08/2023,游水,沙田,,沙田,,,,,,,,游水,,
H368,16/08/2023,游水,沙田,,沙田,,,,,,,,游水,,
H368,13/07/2023,游水,沙田,,沙田,,,,,,,,游水,,
H368,12/07/2023,游水,沙田,,沙田,,,,,,,,游水,,
H368,11/07/2023,游水,沙田,,沙田,,,,,,,,游水,,
H368,09/07/2023,踱步,沙田,外圈,沙田 外圈,,,,,,助手,,快踱一圈,H,外圈 快踱一圈 (助手)
H368,08/07/2023,游水,沙田,,沙田,,,,,,,,游水,,
H368,08/07/2023,踱步,沙田,外圈,沙田 外圈,,,,,,助手,,快踱一圈,H,外圈 快踱一圈 (助手)
H368,07/07/2023,游水,沙田,,沙田,,,,,,,,游水,,
H368,07/07/2023,踱步,沙田,外圈,沙田 外圈,,,,,,助手,,快踱一圈,H,外圈 快踱一圈 (助手)
H368,06/07/2023,游水,沙田,,沙田,,,,,,,,游水,,
H368,06/07/2023,快操,沙田,全天候,沙田 全天候,,57.0,57.0,32.5 24.5,,助手,,神之水滴,,32.5 24.5 (57.0) (助手) 神之水滴
H368,06/07/2023,踱步,沙田,飛機場,沙田 飛機場,,,,,,助手,,踱步,,飛機場 踱步 (助手)
H368,05/07/2023,游水,沙田,,沙田,,,,,,,,游水,,
H368,05/07/2023,踱步,沙田,外圈,沙田 外圈,,,,,,助手,,快踱一圈,H,外圈 快踱一圈 (助手)
H368,04/07/2023,游水,沙田,,沙田,,,,,,,,游水,,
H368,04/07/2023,踱步,沙田,外圈,沙田 外圈,,,,,,助手,,快踱一圈,H,外圈 快踱一圈 (助手)
H368,03/07/2023,踱步,沙田,外圈,沙田 外圈,,,,,,助手,,快踱一圈,H,外圈 快踱一圈 (助手)
H368,02/07/2023,游水,沙田,,沙田,,,,,,,,游水,,
H368,02/07/2023,快操,沙田,全天候,沙田 全天候,,58.2,58.2,32.0 26.2,,助手,,"健者, 神之水滴",,"32.0 26.2 (58.2) (助手) 健者, 神之水滴"
H368,02/07/2023,踱步,沙田,飛機場,沙田 飛機場,,,,,,助手,,踱步,,飛機場 踱步 (助手)
H368,01/07/2023,游水,沙田,,沙田,,,,,,,,游水,,
H368,01/07/2023,踱步,沙田,外圈,沙田 外圈,,,,,,助手,,快踱一圈,H,外圈 快踱一圈 (助手)
H368,30/06/2023,游水,沙田,,沙田,,,,,,,,游水,,
H368,30/06/2023,踱步,沙田,外圈,沙田 外圈,,,,,,助手,,快踱一圈,H,外圈 快踱一圈 (助手)
H368,29/06/2023,游水,沙田,,沙田,,,,,,,,游水,,
H368,29/06/2023,踱步,沙田,外圈,沙田 外圈,,,,,,助手,,快踱一圈,H,外圈 快踱一圈 (助手)
H368,28/06/2023,游水,沙田,,沙田,,,,,,,,游水,,
H368,28/06/2023,快操,沙田,全天候,沙田 全天候,,59.5,59.5,32.9 26.6,,助手,,健者,,32.9 26.6 (59.5) (助手) 健者
H368,28/06/2023,踱步,沙田,飛機場,沙田 飛機場,,,,,,助手,,踱步,,飛機場 踱步 (助手)
H368,27/06/2023,游水,沙田,,沙田,,,,,,,,游水,,
H368,27/06/2023,踱步,沙田,外圈,沙田 外圈,,,,,,助手,,快踱一圈,H,外圈 快踱一圈 (助手)
H368,26/06/2023,游水,沙田,,沙田,,,,,,,,游水,,
H368,26/06/2023,踱步,沙田,內圈,沙田 內圈,,,,,,助手,,倒快一圈,H,內圈 倒快一圈 (助手)
H368,25/06/2023,游水,沙田,,沙田,,,,,,,,游水,,
H368,25/06/2023,踱步,沙田,飛機場,沙田 飛機場,,,,,,助手,,踱步,H,飛機場 踱步 (助手)
H368,24/06/2023,游水,沙田,,沙田,,,,,,,,游水,,
H368,23/06/2023,試閘,沙田,全天候,沙田 全天候,1200M,1.10.93,70.93,24.5 22.7 23.7,齊心同行,嘉里,,第2組,,第2組 (嘉里) 1200M 齊心同行 24.5 22.7 23.7 (1.10.93)
H368,22/06/2023,游水,沙田,,沙田,,,,,,,,游水,,
H368,22/06/2023,踱步,沙田,內圈,沙田 內圈,,,,,,助手,,倒快一圈,H,內圈 倒快一圈 (助手)
H368,21/06/2023,游水,沙田,,沙田,,,,,,,,游水,,
H368,21/06/2023,踱步,沙田,內圈,沙田 內圈,,,,,,助手,,快踱一圈,H,內圈 快踱一圈 (助手)
H368,20/06/2023,游水,沙田,,沙田,,,,,,,,游水,,
H368,20/06/2023,踱步,沙田,內圈,沙田 內圈,,,,,,助手,,快踱一圈,H,內圈 快踱一圈 (助手)
H368,19/06/2023,游水,沙田,,沙田,,,,,,,,游水,,
H368,19/06/2023,快操,沙田,全天候,沙田 全天候,,56.0,56.0,30.2 25.8,,助手,,豪堡,,30.2 25.8 (56.0) (助手) 豪堡
H368,19/06/2023,踱步,沙田,飛機場,沙田 飛機場,,,,,,助手,,踱步,,飛機場 踱步 (助手)
H368,18/06/2023,游水,沙田,,沙田,,,,,,,,游水,,
H368,18/06/2023,踱步,沙田,內圈,沙田 內圈,,,,,,助手,,快踱一圈,H,內圈 快踱一圈 (助手)
H368,17/06/2023,游水,沙田,,沙田,,,,,,,,游水,,
H368,17/06/2023,踱步,沙田,內圈,沙田 內圈,,,,,,助手,,快踱一圈,H,內圈 快踱一圈 (助手)
H368,16/06/2023,游水,沙田,,沙田,,,,,,,,游水,,
H368,16/06/2023,踱步,沙田,內圈,沙田 內圈,,,,,,助手,,快踱一圈,H,內圈 快踱一圈 (助手)
H368,15/06/2023,游水,沙田,,沙田,,,,,,,,游水,,
H368,15/06/2023,踱步,沙田,飛機場,沙田 飛機場,,,,,,助手,,踱步,H,飛機場 踱步 (助手)
H368,14/06/2023,游水,沙田,,沙田,,,,,,,,游水,,
H368,13/06/2023,試閘,沙田,全天候,沙田 全天候,1200M,1.10.85,70.85,24.2 23.2 23.4,精算暴雪,潘頓,,第10組,,第10組 (潘頓) 1200M 精算暴雪 24.2 23.2 23.4 (1.10.85)
H368,12/06/2023,游水,沙田,,沙田,,,,,,,,游水,,
H368,12/06/2023,踱步,沙田,內圈,沙田 內圈,,,,,,助手,,倒快一圈,H,內圈 倒快一圈 (助手)
H368,11/06/2023,游水,沙田,,沙田,,,,,,,,游水,,
H368,11/06/2023,踱步,沙田,內圈,沙田 內圈,,,,,,助手,,快踱一圈,H,內圈 快踱一圈 (助手)
H368,10/06/2023,游水,沙田,,沙田,,,,,,,,游水,,
H368,10/06/2023,快操,沙田,全天候,沙田 全天候,,57.5,57.5,31.2 26.3,,助手,,碧海藍天,,31.2 26.3 (57.5) (助手) 碧海藍天
H368,10/06/2023,踱步,沙田,飛機場,沙田 飛機場,,,,,,助手,,踱步,,飛機場 踱步 (助手)
H368,09/06/2023,游水,沙田,,沙田,,,,,,,,游水,,
H368,09/06/2023,踱步,沙田,內圈,沙田 內圈,,,,,,助手,,快踱一圈,H,內圈 快踱一圈 (助手)
H368,08/06/2023,游水,沙田,,沙田,,,,,,,,游水,,
H368,08/06/2023,踱步,沙田,內圈,沙田 內圈,,,,,,助手,,倒快一圈,H,內圈 倒快一圈 (助手)
H368,07/06/2023,游水,沙田,,沙田,,,,,,,,游水,,
H368,07/06/2023,快操,沙田,全天候,沙田 全天候,,58.0,58.0,32.0 26.0,,助手,,快操,,32.0 26.0 (58.0) (助手)
H368,07/06/2023,踱步,沙田,飛機場,沙田 飛機場,,,,,,助手,,踱步,,飛機場 踱步 (助手)
H368,06/06/2023,游水,沙田,,沙田,,,,,,,,游水,,
H368,06/06/2023,踱步,沙田,內圈,沙田 內圈,,,,,,助手,,快踱一圈,H,內圈 快踱一圈 (助手)
H368,05/06/2023,游水,沙田,,沙田,,,,,,,,游水,,
H368,05/06/2023,踱步,沙田,內圈,沙田 內圈,,,,,,助手,,倒快一圈,H,內圈 倒快一圈 (助手)
H368,04/06/2023,游水,沙田,,沙田,,,,,,,,游水,,
H368,04/06/2023,快操,沙田,全天候,沙田 全天候,,57.0,57.0,31.1 25.9,,助手,,"碧海藍天, 平海之星",,"31.1 25.9 (57.0) (助手) 碧海藍天, 平海之星"
H368,04/06/2023,踱步,沙田,飛機場,沙田 飛機場,,,,,,助手,,踱步,,飛機場 踱步 (助手)
H368,03/06/2023,游水,沙田,,沙田,,,,,,,,游水,,
H368,03/06/2023,踱步,沙田,內圈,沙田 內圈,,,,,,助手,,快踱一圈,H,內圈 快踱一圈 (助手)
H368,02/06/2023,游水,沙田,,沙田,,,,,,,,游水,,
H368,02/06/2023,踱步,沙田,內圈,沙田 內圈,,,,,,助手,,快踱一圈,H,內圈 快踱一圈 (助手)
H368,01/06/2023,游水,沙田,,沙田,,,,,,,,游水,,
H368,01/06/2023,踱步,沙田,飛機場,沙田 飛機場,,,,,,助手,,踱步,H,飛機場 踱步 (助手)
H368,31/05/2023,游水,沙田,,沙田,,,,,,,,游水,,
H368,30/05/2023,試閘,沙田,全天候,沙田 全天候,1200M,1.10.53,70.53,24.3 23.0 23.2,天足貓,潘頓,,第2組,,第2組 (潘頓) 1200M 天足貓 24.3 23.0 23.2 (1.10.53)
H368,29/05/2023,游水,沙田,,沙田,,,,,,,,游水,,
H368,29/05/2023,踱步,沙田,內圈,沙田 內圈,,,,,,助手,,倒快一圈,H,內圈 倒快一圈 (助手)
H368,28/05/2023,游水,沙田,,沙田,,,,,,,,游水,,
H368,28/05/2023,踱步,沙田,內圈,沙田 內圈,,,,,,助手,,快踱一圈,H,內圈 快踱一圈 (助手)
H368,27/05/2023,游水,沙田,,沙田,,,,,,,,游水,,
H368,27/05/2023,快操,沙田,全天候,沙田 全天候,,59.8,59.8,33.2 26.6,,助手,,贏眼光,,33.2 26.6 (59.8) (助手) 贏眼光
H368,27/05/2023,踱步,沙田,飛機場,沙田 飛機場,,,,,,助手,,踱步,,飛機場 踱步 (助手)
H368,26/05/2023,游水,沙田,,沙田,,,,,,,,游水,,
H368,26/05/2023,踱步,沙田,內圈,沙田 內圈,,,,,,助手,,快踱一圈,H,內圈 快踱一圈 (助手)
H368,25/05/2023,游水,沙田,,沙田,,,,,,,,游水,,
H368,24/05/2023,游水,沙田,,沙田,,,,,,,,游水,,
H368,24/05/2023,快操,沙田,全天候,沙田 全天候,,58.2,58.2,32.2 26.0,,助手,,無限美麗,,32.2 26.0 (58.2) (助手) 無限美麗
H368,24/05/2023,踱步,沙田,飛機場,沙田 飛機場,,,,,,助手,,踱步,,飛機場 踱步 (助手)
H368,23/05/2023,游水,沙田,,沙田,,,,,,,,游水,,
H368,23/05/2023,踱步,沙田,內圈,沙田 內圈,,,,,,助手,,快踱一圈,H,內圈 快踱一圈 (助手)
H368,22/05/2023,游水,沙田,,沙田,,,,,,,,游水,,
H368,22/05/2023,踱步,沙田,內圈,沙田 內圈,,,,,,助手,,倒快一圈,H,內圈 倒快一圈 (助手)
H368,21/05/2023,游水,沙田,,沙田,,,,,,,,游水,,
H368,21/05/2023,快操,沙田,全天候,沙田 全天候,,57.8,57.8,32.1 25.7,,助手,,無限美麗,,32.1 25.7 (57.8) (助手) 無限美麗
H368,21/05/2023,踱步,沙田,飛機場,沙田 飛機場,,,,,,助手,,踱步,,飛機場 踱步 (助手)
H368,20/05/2023,游水,沙田,,沙田,,,,,,,,游水,,
H368,20/05/2023,踱步,沙田,內圈,沙田 內圈,,,,,,助手,,快踱一圈,H,內圈 快踱一圈 (助手)
H368,19/05/2023,游水,沙田,,沙田,,,,,,,,游水,,
H368,19/05/2023,踱步,沙田,內圈,沙田 內圈,,,,,,助手,,快踱一圈,,內圈 快踱一圈 (助手)
H368,18/05/2023,游水,沙田,,沙田,,,,,,,,游水,,
H368,18/05/2023,踱步,沙田,飛機場,沙田 飛機場,,,,,,助手,,踱步,,飛機場 踱步 (助手)
H368,17/05/2023,游水,沙田,,沙田,,,,,,,,游水,,
H368,16/05/2023,試閘,沙田,全天候,沙田 全天候,1050M,1.01.35,61.35,16.0 21.8 23.5,四季醒,艾道拿,,第4組,,第4組 (艾道拿) 1050M 四季醒 16.0 21.8 23.5 (1.01.35)
H368,15/05/2023,游水,沙田,,沙田,,,,,,,,游水,,
H368,15/05/2023,踱步,沙田,內圈,沙田 內圈,,,,,,助手,,倒快一圈,,內圈 倒快一圈 (助手)
H368,14/05/2023,游水,沙田,,沙田,,,,,,,,游水,,
H368,14/05/2023,踱步,沙田,內圈,沙田 內圈,,,,,,助手,,快踱一圈,,內圈 快踱一圈 (助手)
H368,13/05/2023,游水,沙田,,沙田,,,,,,,,游水,,
H368,13/05/2023,快操,沙田,全天候,沙田 全天候,,57.7,57.7,31.8 25.9,,助手,,"贏眼光, 平海之星",,"31.8 25.9 (57.7) (助手) 贏眼光, 平海之星"
H368,13/05/2023,踱步,沙田,飛機場,沙田 飛機場,,,,,,助手,,踱步,,飛機場 踱步 (助手)
H368,12/05/2023,游水,沙田,,沙田,,,,,,,,游水,,
H368,12/05/2023,踱步,沙田,內圈,沙田 內圈,,,,,,助手,,快踱一圈,,內圈 快踱一圈 (助手)
H368,11/05/2023,游水,沙田,,沙田,,,,,,,,游水,,
H368,11/05/2023,踱步,沙田,內圈,沙田 內圈,,,,,,助手,,倒快一圈,,內圈 倒快一圈 (助手)
H368,10/05/2023,游水,沙田,,沙田,,,,,,,,游水,,
H368,10/05/2023,踱步,沙田,內圈,沙田 內圈,,,,,,助手,,快踱一圈,,內圈 快踱一圈 (助手)
H368,09/05/2023,游水,沙田,,沙田,,,,,,,,游水,,
H368,09/05/2023,快操,沙田,全天候,沙田 全天候,,59.4,59.4,32.3 27.1,,助手,,"碧海藍天, 平海之星",,"32.3 27.1 (59.4) (助手) 碧海藍天, 平海之星"
H368,09/05/2023,踱步,沙田,飛機場,沙田 飛機場,,,,,,助手,,踱步,,飛機場 踱步 (助手)
H368,08/05/2023,游水,沙田,,沙田,,,,,,,,游水,,
H368,08/05/2023,踱步,沙田,內圈,沙田 內圈,,,,,,助手,,倒快一圈,,內圈 倒快一圈 (助手)
H368,07/05/2023,游水,沙田,,沙田,,,,,,,,游水,,
H368,06/05/2023,游水,沙田,,沙田,,,,,,,,游水,,
H368,06/05/2023,快操,沙田,全天候,沙田 全天候,,57.9,57.9,32.4 25.5,,助手,,碧海藍天,,32.4 25.5 (57.9) (助手) 碧海藍天
H368,06/05/2023,踱步,沙田,飛機場,沙田 飛機場,,,,,,助手,,踱步,,飛機場 踱步 (助手)
H368,05/05/2023,游水,沙田,,沙田,,,,,,,,游水,,
H368,05/05/2023,踱步,沙田,內圈,沙田 內圈,,,,,,助手,,快踱一圈,,內圈 快踱一圈 (助手)
H368,04/05/2023,游水,沙田,,沙田,,,,,,,,游水,,
H368,04/05/2023,踱步,沙田,飛機場,沙田 飛機場,,,,,,助手,,踱步,,飛機場 踱步 (助手)
H368,03/05/2023,游水,沙田,,沙田,,,,,,,,游水,,
H368,03/05/2023,快操,沙田,全天候,沙田 全天候,,59.3,59.3,32.1 27.2,,助手,,H378,,32.1 27.2 (59.3) (助手) H378
H368,03/05/2023,踱步,沙田,飛機場,沙田 飛機場,,,,,,助手,,踱步,,飛機場 踱步 (助手)
H368,02/05/2023,游水,沙田,,沙田,,,,,,,,游水,,
H368,01/05/2023,游水,沙田,,沙田,,,,,,,,游水,,
H368,01/05/2023,踱步,沙田,內圈,沙田 內圈,,,,,,助手,,倒快一圈,H,內圈 倒快一圈 (助手)
H368,30/04/2023,踱步,沙田,內圈,沙田 內圈,,,,,,助手,,快踱一圈,,內圈 快踱一圈 (助手)
H368,29/04/2023,游水,沙田,,沙田,,,,,,,,游水,,
H368,29/04/2023,快操,沙田,全天候,沙田 全天候,,58.2,58.2,31.6 26.6,,助手,,H378,,31.6 26.6 (58.2) (助手) H378
H368,29/04/2023,踱步,沙田,飛機場,沙田 飛機場,,,,,,助手,,踱步,,飛機場 踱步 (助手)
H368,28/04/2023,游水,沙田,,沙田,,,,,,,,游水,,
H368,28/04/2023,踱步,沙田,內圈,沙田 內圈,,,,,,助手,,快踱一圈,,內圈 快踱一圈 (助手)
H368,27/04/2023,踱步,沙田,內圈,沙田 內圈,,,,,,助手,,倒快一圈,,內圈 倒快一圈 (助手)
H368,26/04/2023,快操,沙田,全天候,沙田 全天候,,58.5,58.5,32.9 25.6,,助手,,H378,,32.9 25.6 (58.5) (助手) H378
H368,26/04/2023,踱步,沙田,飛機場,沙田 飛機場,,,,,,助手,,踱步,,飛機場 踱步 (助手)
H368,25/04/2023,踱步,沙田,內圈,沙田 內圈,,,,,,助手,,快踱一圈,,內圈 快踱一圈 (助手)
H368,24/04/2023,踱步,沙田,內圈,沙田 內圈,,,,,,助手,,倒快一圈,,內圈 倒快一圈 (助手)
H368,23/04/2023,踱步,沙田,內圈,沙田 內圈,,,,,,助手,,快踱一圈,,內圈 快踱一圈 (助手)
H368,22/04/2023,快操,沙田,全天候,沙田 全天候,,1.01.9,61.9,33.7 28.2,,助手,,H378,,33.7 28.2 (1.01.9) (助手) H378
H368,22/04/2023,踱步,沙田,飛機場,沙田 飛機場,,,,,,助手,,踱步,,飛機場 踱步 (助手)
H368,21/04/2023,踱步,沙田,內圈,沙田 內圈,,,,,,助手,,快踱一圈,,內圈 快踱一圈 (助手)
H368,20/04/2023,踱步,沙田,內圈,沙田 內圈,,,,,,助手,,倒快一圈,,內圈 倒快一圈 (助手)
H368,19/04/2023,快操,沙田,全天候,沙田 全天候,,30.0,30.0,30.0,,助手,,H378,,30.0 (30.0) (助手) H378
H368,19/04/2023,踱步,沙田,飛機場,沙田 飛機場,,,,,,助手,,踱步,,飛機場 踱步 (助手)
H368,18/04/2023,踱步,沙田,內圈,沙田 內圈,,,,,,助手,,快踱一圈,,內圈 快踱一圈 (助手)
H368,17/04/2023,踱步,沙田,內圈,沙田 內圈,,,,,,助手,,倒快一圈,,內圈 倒快一圈 (助手)
H368,16/04/2023,快操,沙田,全天候,沙田 全天候,,30.3,30.3,30.3,,助手,,H378,,30.3 (30.3) (助手) H378
H368,16/04/2023,踱步,沙田,飛機場,沙田 飛機場,,,,,,助手,,踱步,,飛機場 踱步 (助手)
H368,15/04/2023,踱步,沙田,內圈,沙田 內圈,,,,,,助手,,快踱一圈,,內圈 快踱一圈 (助手)
H368,14/04/2023,踱步,沙田,內圈,沙田 內圈,,,,,,助手,,快踱一圈,,內圈 快踱一圈 (助手)
H368,13/04/2023,踱步,沙田,飛機場,沙田 飛機場,,,,,,助手,,踱步,,飛機場 踱步 (助手)
H368,12/04/2023,踱步,沙田,飛機場,沙田 飛機場,,,,,,助手,,踱步,,飛機場 踱步 (助手)
H368,10/04/2023,踱步,沙田,飛機場,沙田 飛機場,,,,,,助手,,踱步,,飛機場 踱步 (助手)
H368,09/04/2023,踱步,沙田,飛機場,沙田 飛機場,,,,,,助手,,踱步,,飛機場 踱步 (助手)
H368,08/04/2023,踱步,沙田,飛機場,沙田 飛機場,,,,,,助手,,踱步,,飛機場 踱步 (助手)
H368,07/04/2023,踱步,沙田,飛機場,沙田 飛機場,,,,,,助手,,踱步,,飛機場 踱步 (助手)
H368,06/04/2023,踱步,沙田,飛機場,沙田 飛機場,,,,,,助手,,踱步,,飛機場 踱步 (助手)
