horse_no,date,work_type,racecourse,track,venue,distance,time,time_sec,splits,partner,rider,placing,comment,gear,workout_details
J037,09/09/2026,踱步,沙田,內圈,沙田 內圈,,,,,,助手,,快踱一圈,H,內圈 快踱一圈 (助手)
J037,08/09/2026,快操,沙田,全天候,沙田 全天候,,56.6,56.6,30.0 26.6,,助手,,快操,H/PC,30.0 26.6 (56.6) (助手)
J037,08/09/2026,踱步,沙田,飛機場,沙田 飛機場,,,,,,助手,,踱步,H/PC,飛機場 踱步 (助手)
J037,07/09/2026,游水,沙田,,沙田,,,,,,,,游水,,
J037,07/09/2026,踱步,沙田,內圈,沙田 內圈,,,,,,助手,,倒快兩圈,H,內圈 倒快兩圈 (助手)
J037,06/09/2026,游水,沙田,,沙田,,,,,,,,游水,,
J037,06/09/2026,踱步,沙田,內圈,沙田 內圈,,,,,,助手,,快踱一圈,H,內圈 快踱一圈 (助手)
J037,05/09/2026,游水,沙田,,沙田,,,,,,,,游水,,
J037,05/09/2026,快操,沙田,全天候,沙田 全天候,,56.0,56.0,29.9 26.1,,助手,,快操,H/PC,29.9 26.1 (56.0) (助手)
J037,05/09/2026,踱步,沙田,飛機場,沙田 飛機場,,,,,,助手,,踱步,H/PC,飛機場 踱步 (助手)
J037,04/09/2026,游水,沙田,,沙田,,,,,,,,游水,,
J037,04/09/2026,踱步,沙田,內圈,沙田 內圈,,,,,,助手,,快踱一圈,H,內圈 快踱一圈 (助手)
J037,03/09/2026,游水,沙田,,沙田,,,,,,,,游水,,
J037,03/09/2026,踱步,沙田,內圈,沙田 內圈,,,,,,助手,,倒快一圈,H,內圈 倒快一圈 (助手)
J037,02/09/2026,游水,沙田,,沙田,,,,,,,,游水,,
J037,02/09/2026,快操,沙田,全天候,沙田 全天候,,56.7,56.7,29.4 27.3,,助手,,快操,H/PC,29.4 27.3 (56.7) (助手)
J037,02/09/2026,踱步,沙田,飛機場,沙田 飛機場,,,,,,助手,,踱步,H/PC,飛機場 踱步 (助手)
J037,01/09/2026,游水,沙田,,沙田,,,,,,,,游水,,
J037,01/09/2026,踱步,沙田,內圈,沙田 內圈,,,,,,助手,,快踱一圈,H,內圈 快踱一圈 (助手)
J037,31/08/2026,游水,沙田,,沙田,,,,,,,,游水,,
J037,31/08/2026,踱步,沙田,內圈,沙田 內圈,,,,,,助手,,倒快一圈,H,內圈 倒快一圈 (助手)
J037,30/08/2026,游水,沙田,,沙田,,,,,,,,游水,,
J037,30/08/2026,快操,沙田,全天候,沙田 全天候,,55.9,55.9,30.1 25.8,,助手,,江江彩彩,H/PC,30.1 25.8 (55.9) (助手) 江江彩彩
J037,30/08/2026,踱步,沙田,飛機場,沙田 飛機場,,,,,,助手,,踱步,H/PC,飛機場 踱步 (助手)
J037,29/08/2026,游水,沙田,,沙田,,,,,,,,游水,,
J037,29/08/2026,踱步,沙田,內圈,沙田 內圈,,,,,,助手,,快踱一圈,H,內圈 快踱一圈 (助手)
J037,28/08/2026,游水,沙田,,沙田,,,,,,,,游水,,
J037,28/08/2026,踱步,沙田,內圈,沙田 內圈,,,,,,助手,,快踱一圈,H,內圈 快踱一圈 (助手)
J037,27/08/2026,游水,沙田,,沙田,,,,,,,,游水,,
J037,27/08/2026,踱步,沙田,內圈,沙田 內圈,,,,,,助手,,倒快兩圈,H,內圈 倒快兩圈 (助手)
J037,26/08/2026,游水,沙田,,沙田,,,,,,,,游水,,
J037,26/08/2026,快操,沙田,全天候,沙田 全天候,,58.2,58.2,30.6 27.6,,助手,,快操,H,30.6 27.6 (58.2) (助手)
J037,26/08/2026,踱步,沙田,飛機場,沙田 飛機場,,,,,,助手,,踱步,H,飛機場 踱步 (助手)
J037,25/08/2026,游水,沙田,,沙田,,,,,,,,游水,,
J037,25/08/2026,踱步,沙田,內圈,沙田 內圈,,,,,,助手,,快踱一圈,H,內圈 快踱一圈 (助手)
J037,24/08/2026,游水,沙田,,沙田,,,,,,,,游水,,
J037,24/08/2026,踱步,沙田,內圈,沙田 內圈,,,,,,助手,,倒快一圈,H,內圈 倒快一圈 (助手)
J037,23/08/2026,游水,沙田,,沙田,,,,,,,,游水,,
J037,23/08/2026,踱步,沙田,內圈,沙田 內圈,,,,,,助手,,快踱一圈,H,內圈 快踱一圈 (助手)
J037,22/08/2026,游水,沙田,,沙田,,,,,,,,游水,,
J037,22/08/2026,快操,沙田,全天候,沙田 全天候,,59.4,59.4,30.7 28.7,,助手,,快操,H,30.7 28.7 (59.4) (助手)
J037,22/08/2026,踱步,沙田,飛機場,沙田 飛機場,,,,,,助手,,踱步,H,飛機場 踱步 (助手)
J037,21/08/2026,游水,沙田,,沙田,,,,,,,,游水,,
J037,21/08/2026,踱步,沙田,內圈,沙田 內圈,,,,,,助手,,快踱一圈,H,內圈 快踱一圈 (助手)
J037,20/08/2026,游水,沙田,,沙田,,,,,,,,游水,,
J037,20/08/2026,踱步,沙田,內圈,沙田 內圈,,,,,,助手,,倒快一圈,H,內圈 倒快一圈 (助手)
J037,19/08/2026,游水,沙田,,沙田,,,,,,,,游水,,
J037,19/08/2026,快操,沙田,全天候,沙田 全天候,,1.01.5,61.5,32.1 29.4,,助手,,快操,H,32.1 29.4 (1.01.5) (助手)
J037,19/08/2026,踱步,沙田,飛機場,沙田 飛機場,,,,,,助手,,踱步,H,飛機場 踱步 (助手)
J037,18/08/2026,游水,沙田,,沙田,,,,,,,,游水,,
J037,18/08/2026,踱步,沙田,內圈,沙田 內圈,,,,,,助手,,快踱一圈,H,內圈 快踱一圈 (助手)
J037,17/08/2026,游水,沙田,,沙田,,,,,,,,游水,,
J037,17/08/2026,踱步,沙田,內圈,沙田 內圈,,,,,,助手,,倒快一圈,H,內圈 倒快一圈 (助手)
J037,16/08/2026,游水,沙田,,沙田,,,,,,,,游水,,
J037,16/08/2026,快操,沙田,全天候,沙田 全天候,,30.6,30.6,30.6,,副練馬師,,快操,H,30.6 (30.6) (副練馬師)
J037,16/08/2026,踱步,沙田,飛機場,沙田 飛機場,,,,,,助手,,踱步,H,飛機場 踱步 (助手)
J037,15/08/2026,游水,沙田,,沙田,,,,,,,,游水,,
J037,15/08/2026,踱步,沙田,內圈,沙田 內圈,,,,,,助手,,快踱一圈,H,內圈 快踱一圈 (助手)
J037,14/08/2026,游水,沙田,,沙田,,,,,,,,游水,,
J037,14/08/2026,踱步,沙田,內圈,沙田 內圈,,,,,,助手,,快踱一圈,H,內圈 快踱一圈 (助手)
J037,13/08/2026,游水,沙田,,沙田,,,,,,,,游水,,
J037,13/08/2026,踱步,沙田,內圈,沙田 內圈,,,,,,助手,,倒快一圈,H,內圈 倒快一圈 (助手)
J037,12/08/2026,游水,沙田,,沙田,,,,,,,,游水,,
J037,12/08/2026,踱步,沙田,內圈,沙田 內圈,,,,,,助手,,快踱一圈,H,內圈 快踱一圈 (助手)
J037,11/08/2026,游水,沙田,,沙田,,,,,,,,游水,,
J037,11/08/2026,踱步,沙田,內圈,沙田 內圈,,,,,,助手,,快踱一圈,H,內圈 快踱一圈 (助手)
J037,10/08/2026,快操,沙田,全天候,沙田 全天候,,29.7,29.7,29.7,,助手,,快操,H,29.7 (29.7) (助手)
J037,10/08/2026,踱步,沙田,飛機場,沙田 飛機場,,,,,,助手,,踱步,H,飛機場 踱步 (助手)
J037,09/08/2026,游水,沙田,,沙田,,,,,,,,游水,,
J037,09/08/2026,踱步,沙田,內圈,沙田 內圈,,,,,,助手,,快踱一圈,H,內圈 快踱一圈 (助手)
J037,08/08/2026,游水,沙田,,沙田,,,,,,,,游水,,
J037,08/08/2026,踱步,沙田,內圈,沙田 內圈,,,,,,助手,,快踱一圈,H,內圈 快踱一圈 (助手)
J037,07/08/2026,踱步,沙田,內圈,沙田 內圈,,,,,,助手,,快踱一圈,H,內圈 快踱一圈 (助手)
J037,06/08/2026,游水,沙田,,沙田,,,,,,,,游水,,
J037,06/08/2026,踱步,沙田,內圈,沙田 內圈,,,,,,助手,,倒快一圈,,內圈 倒快一圈 (助手)
J037,05/08/2026,踱步,沙田,內圈,沙田 內圈,,,,,,助手,,快踱一圈,,內圈 快踱一圈 (助手)
J037,04/08/2026,踱步,沙田,內圈,沙田 內圈,,,,,,助手,,快踱一圈,,內圈 快踱一圈 (助手)
J037,03/08/2026,踱步,沙田,內圈,沙田 內圈,,,,,,助手,,快踱一圈,,內圈 快踱一圈 (助手)
J037,02/08/2026,踱步,沙田,飛機場,沙田 飛機場,,,,,,助手,,踱步,,飛機場 踱步 (助手)
J037,01/08/2026,踱步,沙田,飛機場,沙田 飛機場,,,,,,助手,,踱步,,飛機場 踱步 (助手)
J037,31/07/2026,踱步,沙田,飛機場,沙田 飛機場,,,,,,助手,,踱步,,飛機場 踱步 (助手)
J037,30/07/2026,踱步,沙田,飛機場,沙田 飛機場,,,,,,助手,,踱步,,飛機場 踱步 (助手)
J037,15/07/2026,游水,沙田,,沙田,,,,,,,,游水,,
J037,14/07/2026,游水,沙田,,沙田,,,,,,,,游水,,
J037,13/07/2026,游水,沙田,,沙田,,,,,,,,游水,,
J037,11/07/2026,游水,沙田,,沙田,,,,,,,,游水,,
J037,10/07/2026,游水,沙田,,沙田,,,,,,,,游水,,
J037,09/07/2026,游水,沙田,,沙田,,,,,,,,游水,,
J037,09/07/2026,踱步,沙田,內圈,沙田 內圈,,,,,,助手,,倒快一圈,H/XB,內圈 倒快一圈 (助手)
J037,08/07/2026,游水,沙田,,沙田,,,,,,,,游水,,
J037,08/07/2026,快操,沙田,全天候,沙田 全天候,,1.03.9,63.9,33.8 30.1,,助手,,快操,H/XB,33.8 30.1 (1.03.9) (助手)
J037,07/07/2026,游水,沙田,,沙田,,,,,,,,游水,,
J037,06/07/2026,游水,沙田,,沙田,,,,,,,,游水,,
J037,06/07/2026,踱步,沙田,內圈,沙田 內圈,,,,,,助手,,倒快一圈,H/XB,內圈 倒快一圈 (助手)
J037,05/07/2026,游水,沙田,,沙田,,,,,,,,游水,,
J037,05/07/2026,快操,沙田,全天候,沙田 全天候,,55.8,55.8,29.8 26.0,,助手,,快操,H/XB,29.8 26.0 (55.8) (助手)
J037,04/07/2026,踱步,沙田,內圈,沙田 內圈,,,,,,助手,,快踱一圈,H/XB,內圈 快踱一圈 (助手)
J037,03/07/2026,馬匹跑步機,沙田,,沙田,,,,,,上斜,,馬匹跑步機 - 慢跑,,馬匹跑步機 - 慢跑 （上斜）
J037,03/07/2026,游水,沙田,,沙田,,,,,,,,游水,,
J037,02/07/2026,游水,沙田,,沙田,,,,,,,,游水,,
J037,02/07/2026,快操,沙田,全天候,沙田 全天候,,56.5,56.5,29.9 26.6,,助手,,快操,H,29.9 26.6 (56.5) (助手)
J037,01/07/2026,游水,沙田,,沙田,,,,,,,,游水,,
J037,01/07/2026,踱步,沙田,內圈,沙田 內圈,,,,,,助手,,快踱一圈,H/XB,內圈 快踱一圈 (助手)
J037,30/06/2026,游水,沙田,,沙田,,,,,,,,游水,,
J037,30/06/2026,踱步,沙田,內圈,沙田 內圈,,,,,,助手,,快踱一圈,H/XB,內圈 快踱一圈 (助手)
J037,29/06/2026,馬匹跑步機,沙田,,沙田,,,,,,上斜,,馬匹跑步機 - 踱步,,馬匹跑步機 - 踱步 （上斜）
J037,28/06/2026,馬匹跑步機,沙田,,沙田,,,,,,上斜,,馬匹跑步機 - 步行,,馬匹跑步機 - 步行 （上斜）
J037,27/06/2026,出賽,沙田,草地,沙田 草地,1200M,,,,,梁家俊,4/14,出賽,,1200M (梁家俊) (4/14)
J037,26/06/2026,游水,沙田,,沙田,,,,,,,,游水,,
J037,26/06/2026,踱步,沙田,內圈,沙田 內圈,,,,,,助手,,快踱一圈,H/XB,內圈 快踱一圈 (助手)
J037,25/06/2026,游水,沙田,,沙田,,,,,,,,游水,,
J037,25/06/2026,踱步,沙田,內圈,沙田 內圈,,,,,,助手,,倒快兩圈,H/XB,內圈 倒快兩圈 (助手)
J037,24/06/2026,游水,沙田,,沙田,,,,,,,,游水,,
J037,24/06/2026,踱步,沙田,內圈,沙田 內圈,,,,,,助手,,快踱一圈,H/XB,內圈 快踱一圈 (助手)
J037,23/06/2026,游水,沙田,,沙田,,,,,,,,游水,,
J037,23/06/2026,快操,沙田,全天候,沙田 全天候,,56.4,56.4,30.8 25.6,,助手,,快操,H,30.8 25.6 (56.4) (助手)
J037,22/06/2026,游水,沙田,,沙田,,,,,,,,游水,,
J037,22/06/2026,踱步,沙田,內圈,沙田 內圈,,,,,,助手,,倒快一圈,H/XB,內圈 倒快一圈 (助手)
J037,21/06/2026,游水,沙田,,沙田,,,,,,,,游水,,
J037,21/06/2026,踱步,沙田,內圈,沙田 內圈,,,,,,助手,,快踱一圈,H/XB,內圈 快踱一圈 (助手)
J037,20/06/2026,游水,沙田,,沙田,,,,,,,,游水,,
J037,20/06/2026,踱步,沙田,內圈,沙田 內圈,,,,,,助手,,快踱一圈,H/XB,內圈 快踱一圈 (助手)
J037,19/06/2026,游水,沙田,,沙田,,,,,,,,游水,,
J037,19/06/2026,踱步,沙田,內圈,沙田 內圈,,,,,,助手,,快踱一圈,H/XB,內圈 快踱一圈 (助手)
J037,18/06/2026,快操,沙田,草地,沙田 草地,,25.5,25.5,25.5,,副練馬師,,快操,H/XB,25.5 (25.5) (副練馬師)
J037,17/06/2026,游水,沙田,,沙田,,,,,,,,游水,,
J037,17/06/2026,踱步,沙田,內圈,沙田 內圈,,,,,,助手,,快踱一圈,H/XB,內圈 快踱一圈 (助手)
J037,16/06/2026,踱步,從化,內圈,從化 內圈,,,,,,助手,,快踱一圈,H,內圈 快踱一圈 (助手)
J037,15/06/2026,馬匹水中步行機,從化,,從化,,,,,,,,馬匹水中步行機,,
J037,15/06/2026,踱步,從化,內圈,從化 內圈,,,,,,助手,,倒快一圈,H,內圈 倒快一圈 (助手)
J037,14/06/2026,快操,從化,全天候,從化 全天候,,56.3,56.3,30.4 25.9,,助手,,快操,H,30.4 25.9 (56.3) (助手)
J037,14/06/2026,踱步,從化,飛機場,從化 飛機場,,,,,,助手,,踱步,H,飛機場 踱步 (助手)
J037,13/06/2026,馬匹水中步行機,從化,,從化,,,,,,,,馬匹水中步行機,,
J037,13/06/2026,踱步,從化,內圈,從化 內圈,,,,,,助手,,快踱一圈,H,內圈 快踱一圈 (助手)
J037,12/06/2026,踱步,從化,外圈,從化 外圈,,,,,,助手,,快踱一圈,H,外圈 快踱一圈 (助手)
J037,11/06/2026,游水,從化,,從化,,,,,,,,游水,,
J037,11/06/2026,踱步,從化,內圈,從化 內圈,,,,,,助手,,倒快一圈,H,內圈 倒快一圈 (助手)
J037,10/06/2026,馬匹水中步行機,從化,,從化,,,,,,,,馬匹水中步行機,,
J037,10/06/2026,踱步,從化,飛機場,從化 飛機場,,,,,,助手,,踱步,H,飛機場 踱步 (助手)
J037,09/06/2026,馬匹水中步行機,從化,,從化,,,,,,,,馬匹水中步行機,,
J037,09/06/2026,馬匹跑步機,從化,,從化,,,,,,上斜,,馬匹跑步機 - 步行,,馬匹跑步機 - 步行 （上斜）
J037,08/06/2026,試閘,從化,草地,從化 草地,1000M,0.59.17,59.17,13.6 22.4 23.1,盈俊天下,沙里扎,,第3組,,第3組 (沙里扎) 1000M 盈俊天下 13.6 22.4 23.1 (0.59.17)
J037,08/06/2026,踱步,從化,飛機場,從化 飛機場,,,,,,助手,,踱步,,飛機場 踱步 (助手)
J037,07/06/2026,踱步,從化,內圈,從化 內圈,,,,,,助手,,快踱一圈,H,內圈 快踱一圈 (助手)
J037,06/06/2026,馬匹水中步行機,從化,,從化,,,,,,,,馬匹水中步行機,,
J037,06/06/2026,踱步,從化,內圈,從化 內圈,,,,,,助手,,快踱一圈,H,內圈 快踱一圈 (助手)
J037,05/06/2026,馬匹水中步行機,從化,,從化,,,,,,,,馬匹水中步行機,,
J037,05/06/2026,踱步,從化,內圈,從化 內圈,,,,,,助手,,快踱一圈,H,內圈 快踱一圈 (助手)
J037,04/06/2026,快操,從化,全天候,從化 全天候,,54.3,54.3,29.8 24.5,,助手,,快操,H,29.8 24.5 (54.3) (助手)
J037,04/06/2026,踱步,從化,飛機場,從化 飛機場,,,,,,助手,,踱步,H,飛機場 踱步 (助手)
J037,03/06/2026,踱步,從化,內圈,從化 內圈,,,,,,助手,,快踱一圈,H,內圈 快踱一圈 (助手)
J037,02/06/2026,馬匹水中步行機,從化,,從化,,,,,,,,馬匹水中步行機,,
J037,02/06/2026,踱步,從化,內圈,從化 內圈,,,,,,助手,,快踱一圈,H,內圈 快踱一圈 (助手)
J037,01/06/2026,踱步,從化,內圈,從化 內圈,,,,,,助手,,倒快一圈,H,內圈 倒快一圈 (助手)
J037,31/05/2026,快操,從化,全天候,從化 全天候,,56.4,56.4,30.7 25.7,,助手,,快操,H,30.7 25.7 (56.4) (助手)
J037,31/05/2026,踱步,從化,飛機場,從化 飛機場,,,,,,助手,,踱步,H,飛機場 踱步 (助手)
J037,30/05/2026,馬匹水中步行機,從化,,從化,,,,,,,,馬匹水中步行機,,
J037,30/05/2026,踱步,從化,內圈,從化 內圈,,,,,,助手,,快踱一圈,H,內圈 快踱一圈 (助手)
J037,29/05/2026,馬匹水中步行機,從化,,從化,,,,,,,,馬匹水中步行機,,
J037,29/05/2026,踱步,從化,內圈,從化 內圈,,,,,,助手,,快踱一圈,H,內圈 快踱一圈 (助手)
J037,28/05/2026,快操,從化,全天候,從化 全天候,,55.1,55.1,29.1 26.0,,助手,,快操,H,29.1 26.0 (55.1) (助手)
J037,28/05/2026,踱步,從化,飛機場,從化 飛機場,,,,,,助手,,踱步,H,飛機場 踱步 (助手)
J037,27/05/2026,踱步,從化,內圈,從化 內圈,,,,,,助手,,快踱一圈,H,內圈 快踱一圈 (助手)
J037,26/05/2026,馬匹水中步行機,從化,,從化,,,,,,,,馬匹水中步行機,,
J037,26/05/2026,踱步,從化,內圈,從化 內圈,,,,,,助手,,快踱一圈,H,內圈 快踱一圈 (助手)
J037,25/05/2026,馬匹水中步行機,從化,,從化,,,,,,,,馬匹水中步行機,,
J037,25/05/2026,踱步,從化,內圈,從化 內圈,,,,,,助手,,倒快兩圈,H,內圈 倒快兩圈 (助手)
J037,24/05/2026,快操,從化,全天候,從化 全天候,,54.1,54.1,29.0 25.1,,助手,,快操,H,29.0 25.1 (54.1) (助手)
J037,24/05/2026,踱步,從化,飛機場,從化 飛機場,,,,,,助手,,踱步,H,飛機場 踱步 (助手)
J037,23/05/2026,踱步,從化,內圈,從化 內圈,,,,,,助手,,快踱一圈,H,內圈 快踱一圈 (助手)
J037,22/05/2026,馬匹水中步行機,從化,,從化,,,,,,,,馬匹水中步行機,,
J037,22/05/2026,踱步,從化,內圈,從化 內圈,,,,,,助手,,快踱一圈,H,內圈 快踱一圈 (助手)
J037,21/05/2026,快操,從化,全天候,從化 全天候,,56.1,56.1,29.9 26.2,,助手,,快操,H,29.9 26.2 (56.1) (助手)
J037,21/05/2026,踱步,從化,飛機場,從化 飛機場,,,,,,助手,,踱步,H,飛機場 踱步 (助手)
J037,20/05/2026,踱步,從化,內圈,從化 內圈,,,,,,助手,,快踱一圈,H,內圈 快踱一圈 (助手)
J037,19/05/2026,馬匹水中步行機,從化,,從化,,,,,,,,馬匹水中步行機,,
J037,19/05/2026,踱步,從化,內圈,從化 內圈,,,,,,助手,,快踱一圈,H,內圈 快踱一圈 (助手)
J037,18/05/2026,游水,從化,,從化,,,,,,,,游水,,
J037,18/05/2026,踱步,從化,內圈,從化 內圈,,,,,,助手,,倒快一圈,H,內圈 倒快一圈 (助手)
J037,17/05/2026,快操,從化,全天候,從化 全天候,,55.4,55.4,29.8 25.6,,助手,,快操,H,29.8 25.6 (55.4) (助手)
J037,17/05/2026,踱步,從化,飛機場,從化 飛機場,,,,,,助手,,踱步,H,飛機場 踱步 (助手)
J037,16/05/2026,游水,從化,,從化,,,,,,,,游水,,
J037,16/05/2026,踱步,從化,內圈,從化 內圈,,,,,,助手,,快踱一圈,H,內圈 快踱一圈 (助手)
J037,15/05/2026,游水,從化,,從化,,,,,,,,游水,,
J037,15/05/2026,踱步,從化,內圈,從化 內圈,,,,,,助手,,快踱一圈,H,內圈 快踱一圈 (助手)
J037,14/05/2026,快操,從化,全天候,從化 全天候,,57.9,57.9,29.9 28.0,,助手,,快操,H,29.9 28.0 (57.9) (助手)
J037,14/05/2026,踱步,從化,飛機場,從化 飛機場,,,,,,助手,,踱步,H,飛機場 踱步 (助手)
J037,13/05/2026,游水,從化,,從化,,,,,,,,游水,,
J037,13/05/2026,踱步,從化,內圈,從化 內圈,,,,,,助手,,快踱一圈,H,內圈 快踱一圈 (助手)
J037,12/05/2026,游水,從化,,從化,,,,,,,,游水,,
J037,12/05/2026,踱步,從化,飛機場,從化 飛機場,,,,,,助手,,踱步,H,飛機場 踱步 (助手)
J037,10/05/2026,馬匹跑步機,沙田,,沙田,,,,,,,,馬匹跑步機 - 步行,,馬匹跑步機 - 步行
J037,09/05/2026,出賽,沙田,草地,沙田 草地,1400M,,,,,梁家俊,6/14,出賽,V-/XB-,1400M (梁家俊) (6/14)
J037,08/05/2026,游水,沙田,,沙田,,,,,,,,游水,,
J037,08/05/2026,踱步,沙田,內圈,沙田 內圈,,,,,,助手,,快踱一圈,H/XB,內圈 快踱一圈 (助手)
J037,07/05/2026,游水,沙田,,沙田,,,,,,,,游水,,
J037,07/05/2026,踱步,沙田,內圈,沙田 內圈,,,,,,助手,,倒快兩圈,H/XB,內圈 倒快兩圈 (助手)
J037,06/05/2026,游水,沙田,,沙田,,,,,,,,游水,,
J037,06/05/2026,踱步,沙田,內圈,沙田 內圈,,,,,,助手,,快踱一圈,H/XB,內圈 快踱一圈 (助手)
J037,05/05/2026,馬匹跑步機,沙田,,沙田,,,,,,上斜,,馬匹跑步機 - 步行,,馬匹跑步機 - 步行 （上斜）
J037,05/05/2026,快操,沙田,全天候,沙田 全天候,,56.5,56.5,30.1 26.4,,副練馬師,,快操,H/XB,30.1 26.4 (56.5) (副練馬師)
J037,04/05/2026,游水,沙田,,沙田,,,,,,,,游水,,
J037,04/05/2026,踱步,沙田,內圈,沙田 內圈,,,,,,助手,,倒快一圈,H/XB,內圈 倒快一圈 (助手)
J037,03/05/2026,游水,沙田,,沙田,,,,,,,,游水,,
J037,03/05/2026,踱步,沙田,內圈,沙田 內圈,,,,,,助手,,快踱一圈,H/XB,內圈 快踱一圈 (助手)
J037,02/05/2026,馬匹跑步機,沙田,,沙田,,,,,,上斜,,馬匹跑步機 - 步行,,馬匹跑步機 - 步行 （上斜）
J037,02/05/2026,快操,沙田,全天候,沙田 全天候,,53.7,53.7,28.7 25.0,,副練馬師,,快操,H/XB,28.7 25.0 (53.7) (副練馬師)
J037,01/05/2026,游水,沙田,,沙田,,,,,,,,游水,,
J037,01/05/2026,踱步,沙田,內圈,沙田 內圈,,,,,,助手,,快踱一圈,H/XB,內圈 快踱一圈 (助手)
J037,30/04/2026,踱步,從化,內圈,從化 內圈,,,,,,助手,,倒快一圈,H,內圈 倒快一圈 (助手)
J037,29/04/2026,游水,從化,,從化,,,,,,,,游水,,
J037,29/04/2026,踱步,從化,內圈,從化 內圈,,,,,,助手,,快踱一圈,H,內圈 快踱一圈 (助手)
J037,28/04/2026,快操,從化,全天候,從化 全天候,,55.5,55.5,29.2 26.3,,助手,,快操,H,29.2 26.3 (55.5) (助手)
J037,28/04/2026,踱步,從化,飛機場,從化 飛機場,,,,,,助手,,踱步,H,飛機場 踱步 (助手)
J037,27/04/2026,游水,從化,,從化,,,,,,,,游水,,
J037,27/04/2026,踱步,從化,內圈,從化 內圈,,,,,,助手,,倒快一圈,H/XB,內圈 倒快一圈 (助手)
J037,26/04/2026,游水,從化,,從化,,,,,,,,游水,,
J037,26/04/2026,踱步,從化,內圈,從化 內圈,,,,,,助手,,快踱一圈,H/XB,內圈 快踱一圈 (助手)
J037,25/04/2026,快操,從化,全天候,從化 全天候,,55.0,55.0,29.4 25.6,,助手,,快操,H/XB,29.4 25.6 (55.0) (助手)
J037,25/04/2026,踱步,從化,飛機場,從化 飛機場,,,,,,助手,,踱步,H/XB,飛機場 踱步 (助手)
J037,24/04/2026,游水,從化,,從化,,,,,,,,游水,,
J037,24/04/2026,踱步,從化,內圈,從化 內圈,,,,,,助手,,快踱一圈,H/XB,內圈 快踱一圈 (助手)
J037,23/04/2026,游水,從化,,從化,,,,,,,,游水,,
J037,23/04/2026,踱步,從化,內圈,從化 內圈,,,,,,助手,,倒快一圈,H/XB,內圈 倒快一圈 (助手)
J037,22/04/2026,游水,從化,,從化,,,,,,,,游水,,
J037,22/04/2026,踱步,從化,內圈,從化 內圈,,,,,,助手,,快踱一圈,H/XB,內圈 快踱一圈 (助手)
J037,21/04/2026,踱步,從化,飛機場,從化 飛機場,,,,,,助手,,踱步,H/XB,飛機場 踱步 (助手)
J037,20/04/2026,試閘,從化,草地,從化 草地,1200M,1.11.91,71.91,25.0 23.3 23.6,嘉應巨昇,沙里扎,,第5組,,第5組 (沙里扎) 1200M 嘉應巨昇 25.0 23.3 23.6 (1.11.91)
J037,20/04/2026,踱步,從化,飛機場,從化 飛機場,,,,,,助手,,踱步,,飛機場 踱步 (助手)
J037,19/04/2026,踱步,從化,內圈,從化 內圈,,,,,,助手,,快踱一圈,H/XB,內圈 快踱一圈 (助手)
J037,18/04/2026,馬匹水中步行機,從化,,從化,,,,,,,,馬匹水中步行機,,
J037,18/04/2026,踱步,從化,內圈,從化 內圈,,,,,,助手,,快踱一圈,H/XB,內圈 快踱一圈 (助手)
J037,17/04/2026,游水,從化,,從化,,,,,,,,游水,,
J037,17/04/2026,踱步,從化,內圈,從化 內圈,,,,,,助手,,快踱一圈,H/XB,內圈 快踱一圈 (助手)
J037,16/04/2026,快操,從化,全天候,從化 全天候,,55.2,55.2,29.3 25.9,,助手,,快操,H/XB,29.3 25.9 (55.2) (助手)
J037,16/04/2026,踱步,從化,飛機場,從化 飛機場,,,,,,助手,,踱步,H/XB,飛機場 踱步 (助手)
J037,15/04/2026,踱步,從化,內圈,從化 內圈,,,,,,助手,,快踱一圈,H/XB,內圈 快踱一圈 (助手)
J037,14/04/2026,馬匹水中步行機,從化,,從化,,,,,,,,馬匹水中步行機,,
J037,14/04/2026,踱步,從化,內圈,從化 內圈,,,,,,助手,,快踱一圈,H/XB,內圈 快踱一圈 (助手)
J037,13/04/2026,快操,從化,全天候,從化 全天候,,55.5,55.5,29.9 25.6,,助手,,快操,H/XB,29.9 25.6 (55.5) (助手)
J037,13/04/2026,踱步,從化,飛機場,從化 飛機場,,,,,,助手,,踱步,H/XB,飛機場 踱步 (助手)
J037,12/04/2026,馬匹水中步行機,從化,,從化,,,,,,,,馬匹水中步行機,,
J037,12/04/2026,踱步,從化,內圈,從化 內圈,,,,,,助手,,快踱一圈,H/XB,內圈 快踱一圈 (助手)
J037,11/04/2026,游水,從化,,從化,,,,,,,,游水,,
J037,11/04/2026,踱步,從化,內圈,從化 內圈,,,,,,助手,,快踱一圈,H/XB,內圈 快踱一圈 (助手)
J037,10/04/2026,馬匹水中步行機,從化,,從化,,,,,,,,馬匹水中步行機,,
J037,10/04/2026,踱步,從化,內圈,從化 內圈,,,,,,助手,,快踱一圈,H/XB,內圈 快踱一圈 (助手)
J037,09/04/2026,快操,從化,全天候,從化 全天候,,55.7,55.7,29.7 26.0,,助手,,快操,H/XB,29.7 26.0 (55.7) (助手)
J037,09/04/2026,踱步,從化,飛機場,從化 飛機場,,,,,,助手,,踱步,H/XB,飛機場 踱步 (助手)
J037,08/04/2026,踱步,從化,內圈,從化 內圈,,,,,,助手,,快踱一圈,H/XB,內圈 快踱一圈 (助手)
J037,07/04/2026,馬匹水中步行機,從化,,從化,,,,,,,,馬匹水中步行機,,
J037,07/04/2026,踱步,從化,內圈,從化 內圈,,,,,,助手,,快踱一圈,H/XB,內圈 快踱一圈 (助手)
J037,06/04/2026,快操,從化,全天候,從化 全天候,,1.00.9,60.9,31.1 29.8,,助手,,快操,H/XB,31.1 29.8 (1.00.9) (助手)
J037,06/04/2026,踱步,從化,飛機場,從化 飛機場,,,,,,助手,,踱步,H/XB,飛機場 踱步 (助手)
J037,05/04/2026,游水,從化,,從化,,,,,,,,游水,,
J037,05/04/2026,踱步,從化,內圈,從化 內圈,,,,,,助手,,快踱一圈,H/XB,內圈 快踱一圈 (助手)
J037,04/04/2026,踱步,從化,飛機場,從化 飛機場,,,,,,助手,,踱步,,飛機場 踱步 (助手)
J037,02/04/2026,馬匹跑步機,沙田,,沙田,,,,,,上斜,,馬匹跑步機 - 步行,,馬匹跑步機 - 步行 （上斜）
J037,01/04/2026,出賽,沙田,全天候,沙田 全天候,1200M,,,,,潘頓,10/12,出賽,V/XB,1200M (潘頓) (10/12)
J037,31/03/2026,游水,沙田,,沙田,,,,,,,,游水,,
J037,31/03/2026,踱步,沙田,內圈,沙田 內圈,,,,,,助手,,快踱一圈,H/XB,內圈 快踱一圈 (助手)
J037,30/03/2026,游水,沙田,,沙田,,,,,,,,游水,,
J037,30/03/2026,踱步,沙田,內圈,沙田 內圈,,,,,,助手,,倒快一圈,H/XB,內圈 倒快一圈 (助手)
J037,29/03/2026,游水,沙田,,沙田,,,,,,,,游水,,
J037,29/03/2026,踱步,沙田,內圈,沙田 內圈,,,,,,助手,,快踱一圈,H/XB,內圈 快踱一圈 (助手)
J037,28/03/2026,游水,沙田,,沙田,,,,,,,,游水,,
J037,28/03/2026,快操,沙田,全天候,沙田 全天候,,59.5,59.5,32.4 27.1,,副練馬師,,快操,H/XB,32.4 27.1 (59.5) (副練馬師)
J037,27/03/2026,游水,沙田,,沙田,,,,,,,,游水,,
J037,27/03/2026,踱步,沙田,外圈,沙田 外圈,,,,,,助手,,快踱一圈,H/XB,外圈 快踱一圈 (助手)
J037,26/03/2026,游水,沙田,,沙田,,,,,,,,游水,,
J037,26/03/2026,踱步,沙田,內圈,沙田 內圈,,,,,,助手,,倒快一圈,H/XB,內圈 倒快一圈 (助手)
J037,25/03/2026,游水,沙田,,沙田,,,,,,,,游水,,
J037,25/03/2026,踱步,沙田,內圈,沙田 內圈,,,,,,助手,,快踱一圈,H/XB,內圈 快踱一圈 (助手)
J037,24/03/2026,游水,沙田,,沙田,,,,,,,,游水,,
J037,24/03/2026,快操,沙田,全天候,沙田 全天候,,56.5,56.5,31.0 25.5,,副練馬師,,快操,H/XB,31.0 25.5 (56.5) (副練馬師)
J037,23/03/2026,游水,沙田,,沙田,,,,,,,,游水,,
J037,23/03/2026,踱步,沙田,內圈,沙田 內圈,,,,,,助手,,倒快一圈,H/XB,內圈 倒快一圈 (助手)
J037,22/03/2026,游水,沙田,,沙田,,,,,,,,游水,,
J037,22/03/2026,踱步,沙田,內圈,沙田 內圈,,,,,,助手,,快踱一圈,H/XB,內圈 快踱一圈 (助手)
J037,21/03/2026,游水,沙田,,沙田,,,,,,,,游水,,
J037,21/03/2026,踱步,沙田,內圈,沙田 內圈,,,,,,助手,,快踱一圈,H/XB,內圈 快踱一圈 (助手)
J037,20/03/2026,馬匹跑步機,沙田,,沙田,,,,,,上斜,,馬匹跑步機 - 慢跑,,馬匹跑步機 - 慢跑 （上斜）
J037,20/03/2026,游水,沙田,,沙田,,,,,,,,游水,,
J037,19/03/2026,快操,沙田,草地,沙田 草地,,53.6,53.6,28.9 24.7,,潘頓,,快操,H/XB,28.9 24.7 (53.6) (潘頓)
J037,18/03/2026,游水,沙田,,沙田,,,,,,,,游水,,
J037,18/03/2026,踱步,沙田,內圈,沙田 內圈,,,,,,助手,,快踱一圈,H/XB,內圈 快踱一圈 (助手)
J037,17/03/2026,游水,沙田,,沙田,,,,,,,,游水,,
J037,17/03/2026,快操,沙田,全天候,沙田 全天候,,33.8,33.8,33.8,,助手,,快操,H/XB,33.8 (33.8) (助手)
J037,16/03/2026,游水,沙田,,沙田,,,,,,,,游水,,
J037,16/03/2026,踱步,沙田,內圈,沙田 內圈,,,,,,助手,,倒快一圈,H/XB,內圈 倒快一圈 (助手)
J037,15/03/2026,游水,沙田,,沙田,,,,,,,,游水,,
J037,15/03/2026,踱步,沙田,內圈,沙田 內圈,,,,,,助手,,快踱一圈,H/XB,內圈 快踱一圈 (助手)
J037,14/03/2026,游水,沙田,,沙田,,,,,,,,游水,,
J037,14/03/2026,踱步,沙田,內圈,沙田 內圈,,,,,,助手,,快踱一圈,H/XB,內圈 快踱一圈 (助手)
J037,13/03/2026,快操,沙田,全天候,沙田 全天候,,51.9,51.9,27.9 24.0,,潘頓,,快操,H/XB,27.9 24.0 (51.9) (潘頓)
J037,12/03/2026,游水,沙田,,沙田,,,,,,,,游水,,
J037,12/03/2026,踱步,沙田,內圈,沙田 內圈,,,,,,助手,,倒快一圈,H/XB,內圈 倒快一圈 (助手)
J037,11/03/2026,游水,沙田,,沙田,,,,,,,,游水,,
J037,11/03/2026,踱步,沙田,內圈,沙田 內圈,,,,,,助手,,快踱一圈,H/XB,內圈 快踱一圈 (助手)
J037,10/03/2026,游水,沙田,,沙田,,,,,,,,游水,,
J037,10/03/2026,踱步,沙田,內圈,沙田 內圈,,,,,,助手,,快踱一圈,H/XB,內圈 快踱一圈 (助手)
J037,09/03/2026,游水,沙田,,沙田,,,,,,,,游水,,
J037,09/03/2026,快操,沙田,全天候,沙田 全天候,,57.7,57.7,29.7 28.0,,助手,,快操,H/XB,29.7 28.0 (57.7) (助手)
J037,08/03/2026,游水,沙田,,沙田,,,,,,,,游水,,
J037,08/03/2026,踱步,沙田,內圈,沙田 內圈,,,,,,助手,,快踱一圈,H/XB,內圈 快踱一圈 (助手)
J037,07/03/2026,游水,沙田,,沙田,,,,,,,,游水,,
J037,07/03/2026,踱步,沙田,內圈,沙田 內圈,,,,,,助手,,快踱一圈,H/XB,內圈 快踱一圈 (助手)
J037,06/03/2026,馬匹跑步機,沙田,,沙田,,,,,,上斜,,馬匹跑步機 - 踱步,,馬匹跑步機 - 踱步 （上斜）
J037,06/03/2026,游水,沙田,,沙田,,,,,,,,游水,,
J037,05/03/2026,馬匹跑步機,沙田,,沙田,,,,,,上斜,,馬匹跑步機 - 步行,,馬匹跑步機 - 步行 （上斜）
J037,04/03/2026,出賽,跑馬地,草地,跑馬地 草地,1200M,,,,,潘頓,2/12,出賽,B-/XB/V1,1200M (潘頓) (2/12)
J037,04/03/2026,踱步,沙田,內圈,沙田 內圈,,,,,,助手,,快踱一圈,H/XB,內圈 快踱一圈 (助手)
J037,03/03/2026,踱步,沙田,內圈,沙田 內圈,,,,,,助手,,快踱一圈,H/XB,內圈 快踱一圈 (助手)
J037,02/03/2026,踱步,沙田,內圈,沙田 內圈,,,,,,助手,,倒快一圈,H/XB,內圈 倒快一圈 (助手)
J037,01/03/2026,游水,沙田,,沙田,,,,,,,,游水,,
J037,01/03/2026,快操,沙田,全天候,沙田 全天候,,33.2,33.2,33.2,,助手,,快操,H/XB,33.2 (33.2) (助手)
J037,28/02/2026,游水,沙田,,沙田,,,,,,,,游水,,
J037,28/02/2026,踱步,沙田,內圈,沙田 內圈,,,,,,助手,,快踱一圈,H/XB,內圈 快踱一圈 (助手)
J037,27/02/2026,馬匹跑步機,沙田,,沙田,,,,,,上斜,,馬匹跑步機 - 步行,,馬匹跑步機 - 步行 （上斜）
J037,27/02/2026,踱步,沙田,內圈,沙田 內圈,,,,,,助手,,快踱一圈,H/XB,內圈 快踱一圈 (助手)
J037,26/02/2026,快操,沙田,草地,沙田 草地,,55.6,55.6,31.2 24.4,,潘頓,,快操,H/XB,31.2 24.4 (55.6) (潘頓)
J037,25/02/2026,游水,沙田,,沙田,,,,,,,,游水,,
J037,25/02/2026,踱步,沙田,內圈,沙田 內圈,,,,,,助手,,快踱一圈,H/XB,內圈 快踱一圈 (助手)
J037,24/02/2026,游水,沙田,,沙田,,,,,,,,游水,,
J037,24/02/2026,踱步,沙田,內圈,沙田 內圈,,,,,,助手,,快踱一圈,H/XB,內圈 快踱一圈 (助手)
J037,23/02/2026,踱步,從化,內圈,從化 內圈,,,,,,助手,,倒快一圈,H/XB,內圈 倒快一圈 (助手)
J037,22/02/2026,快操,從化,全天候,從化 全天候,,56.4,56.4,30.9 25.5,,助手,,快操,H/XB,30.9 25.5 (56.4) (助手)
J037,22/02/2026,踱步,從化,飛機場,從化 飛機場,,,,,,助手,,踱步,H/XB,飛機場 踱步 (助手)
J037,21/02/2026,馬匹水中步行機,從化,,從化,,,,,,,,馬匹水中步行機,,
J037,21/02/2026,馬匹跑步機,從化,,從化,,,,,,上斜,,馬匹跑步機 - 慢跑,,馬匹跑步機 - 慢跑 （上斜）
J037,20/02/2026,踱步,從化,內圈,從化 內圈,,,,,,助手,,快踱一圈,H/XB,內圈 快踱一圈 (助手)
J037,19/02/2026,快操,從化,全天候,從化 全天候,,56.1,56.1,29.9 26.2,,助手,,快操,H/XB,29.9 26.2 (56.1) (助手)
J037,19/02/2026,踱步,從化,飛機場,從化 飛機場,,,,,,助手,,踱步,H/XB,飛機場 踱步 (助手)
J037,18/02/2026,馬匹水中步行機,從化,,從化,,,,,,,,馬匹水中步行機,,
J037,18/02/2026,踱步,從化,內圈,從化 內圈,,,,,,助手,,快踱一圈,H/XB,內圈 快踱一圈 (助手)
J037,16/02/2026,快操,從化,全天候,從化 全天候,,55.9,55.9,30.4 25.5,,助手,,快操,H/XB,30.4 25.5 (55.9) (助手)
J037,16/02/2026,踱步,從化,飛機場,從化 飛機場,,,,,,助手,,踱步,H/XB,飛機場 踱步 (助手)
J037,15/02/2026,馬匹水中步行機,從化,,從化,,,,,,,,馬匹水中步行機,,
J037,15/02/2026,踱步,從化,內圈,從化 內圈,,,,,,助手,,快踱一圈,H/XB,內圈 快踱一圈 (助手)
J037,14/02/2026,踱步,從化,內圈,從化 內圈,,,,,,助手,,快踱一圈,H/XB,內圈 快踱一圈 (助手)
J037,13/02/2026,快操,從化,全天候,從化 全天候,,54.4,54.4,30.4 24.0,,助手,,快操,H/XB,30.4 24.0 (54.4) (助手)
J037,13/02/2026,踱步,從化,飛機場,從化 飛機場,,,,,,助手,,踱步,H/XB,飛機場 踱步 (助手)
J037,12/02/2026,馬匹水中步行機,從化,,從化,,,,,,,,馬匹水中步行機,,
J037,12/02/2026,踱步,從化,內圈,從化 內圈,,,,,,助手,,倒快一圈,H/XB,內圈 倒快一圈 (助手)
J037,11/02/2026,踱步,從化,內圈,從化 內圈,,,,,,助手,,快踱一圈,H/XB,內圈 快踱一圈 (助手)
J037,10/02/2026,踱步,從化,內圈,從化 內圈,,,,,,助手,,快踱一圈,H/XB,內圈 快踱一圈 (助手)
J037,09/02/2026,快操,從化,全天候,從化 全天候,,54.6,54.6,29.3 25.3,,助手,,快操,H/XB,29.3 25.3 (54.6) (助手)
J037,09/02/2026,踱步,從化,飛機場,從化 飛機場,,,,,,助手,,踱步,H/XB,飛機場 踱步 (助手)
J037,08/02/2026,馬匹水中步行機,從化,,從化,,,,,,,,馬匹水中步行機,,
J037,08/02/2026,踱步,從化,內圈,從化 內圈,,,,,,助手,,快踱一圈,H/XB,內圈 快踱一圈 (助手)
J037,07/02/2026,踱步,從化,內圈,從化 內圈,,,,,,助手,,快踱一圈,H/XB,內圈 快踱一圈 (助手)
J037,06/02/2026,快操,從化,全天候,從化 全天候,,58.2,58.2,29.8 28.4,,助手,,快操,H/XB,29.8 28.4 (58.2) (助手)
J037,06/02/2026,踱步,從化,飛機場,從化 飛機場,,,,,,助手,,踱步,H/XB,飛機場 踱步 (助手)
J037,05/02/2026,踱步,從化,內圈,從化 內圈,,,,,,助手,,倒快兩圈,H/XB,內圈 倒快兩圈 (助手)
J037,04/02/2026,踱步,沙田,內圈,沙田 內圈,,,,,,助手,,快踱一圈,H/XB,內圈 快踱一圈 (助手)
J037,03/02/2026,馬匹跑步機,沙田,,沙田,,,,,,上斜,,馬匹跑步機 - 踱步,,馬匹跑步機 - 踱步 （上斜）
J037,03/02/2026,游水,沙田,,沙田,,,,,,,,游水,,
J037,02/02/2026,馬匹跑步機,沙田,,沙田,,,,,,上斜,,馬匹跑步機 - 步行,,馬匹跑步機 - 步行 （上斜）
J037,01/02/2026,出賽,沙田,草地,沙田 草地,1200M,,,,,田泰安,4/14,出賽,B/XB,1200M (田泰安) (4/14)
J037,31/01/2026,踱步,沙田,內圈,沙田 內圈,,,,,,助手,,快踱一圈,H/XB,內圈 快踱一圈 (助手)
J037,30/01/2026,踱步,沙田,內圈,沙田 內圈,,,,,,助手,,快踱一圈,H/XB,內圈 快踱一圈 (助手)
J037,29/01/2026,踱步,沙田,內圈,沙田 內圈,,,,,,助手,,倒快一圈,H/XB,內圈 倒快一圈 (助手)
J037,28/01/2026,快操,沙田,全天候,沙田 全天候,,26.8,26.8,26.8,,助手,,快操,H/XB,26.8 (26.8) (助手)
J037,27/01/2026,踱步,沙田,內圈,沙田 內圈,,,,,,助手,,快踱一圈,H/XB,內圈 快踱一圈 (助手)
J037,26/01/2026,踱步,沙田,外圈,沙田 外圈,,,,,,助手,,快踱一圈,H/XB,外圈 快踱一圈 (助手)
J037,25/01/2026,游水,沙田,,沙田,,,,,,,,游水,,
J037,25/01/2026,踱步,沙田,內圈,沙田 內圈,,,,,,助手,,快踱一圈,H/XB,內圈 快踱一圈 (助手)
J037,24/01/2026,馬匹跑步機,沙田,,沙田,,,,,,上斜,,馬匹跑步機 - 慢跑,,馬匹跑步機 - 慢跑 （上斜）
J037,24/01/2026,游水,沙田,,沙田,,,,,,,,游水,,
J037,23/01/2026,馬匹跑步機,沙田,,沙田,,,,,,上斜,,馬匹跑步機 - 踱步,,馬匹跑步機 - 踱步 （上斜）
J037,23/01/2026,游水,沙田,,沙田,,,,,,,,游水,,
J037,22/01/2026,馬匹跑步機,沙田,,沙田,,,,,,上斜,,馬匹跑步機 - 步行,,馬匹跑步機 - 步行 （上斜）
J037,21/01/2026,出賽,沙田,全天候,沙田 全天候,1200M,,,,,田泰安,2/12,出賽,B/XB,1200M (田泰安) (2/12)
J037,21/01/2026,踱步,沙田,內圈,沙田 內圈,,,,,,助手,,快踱一圈,H/XB,內圈 快踱一圈 (助手)
J037,20/01/2026,游水,沙田,,沙田,,,,,,,,游水,,
J037,20/01/2026,踱步,沙田,內圈,沙田 內圈,,,,,,助手,,快踱一圈,H/XB,內圈 快踱一圈 (助手)
J037,19/01/2026,游水,沙田,,沙田,,,,,,,,游水,,
J037,19/01/2026,踱步,沙田,外圈,沙田 外圈,,,,,,助手,,快踱一圈,H/XB,外圈 快踱一圈 (助手)
J037,18/01/2026,游水,沙田,,沙田,,,,,,,,游水,,
J037,18/01/2026,踱步,沙田,內圈,沙田 內圈,,,,,,助手,,快踱一圈,H/XB,內圈 快踱一圈 (助手)
J037,17/01/2026,踱步,從化,內圈,從化 內圈,,,,,,助手,,快踱一圈,H/XB,內圈 快踱一圈 (助手)
J037,16/01/2026,馬匹水中步行機,從化,,從化,,,,,,,,馬匹水中步行機,,
J037,15/01/2026,快操,從化,草地,從化 草地,,50.9,50.9,27.6 23.3,,助手,,快操,H/XB,27.6 23.3 (50.9) (助手)
J037,15/01/2026,踱步,從化,飛機場,從化 飛機場,,,,,,助手,,踱步,H/XB,飛機場 踱步 (助手)
J037,13/01/2026,馬匹水中步行機,從化,,從化,,,,,,,,馬匹水中步行機,,
J037,13/01/2026,踱步,從化,內圈,從化 內圈,,,,,,助手,,快踱一圈,H/XB,內圈 快踱一圈 (助手)
J037,12/01/2026,踱步,從化,內圈,從化 內圈,,,,,,助手,,倒快一圈,H/XB,內圈 倒快一圈 (助手)
J037,11/01/2026,馬匹水中步行機,從化,,從化,,,,,,,,馬匹水中步行機,,
J037,11/01/2026,踱步,從化,內圈,從化 內圈,,,,,,助手,,快踱一圈,H/XB,內圈 快踱一圈 (助手)
J037,09/01/2026,快操,從化,全天候,從化 全天候,,54.9,54.9,29.5 25.4,,助手,,快操,H/XB,29.5 25.4 (54.9) (助手)
J037,09/01/2026,踱步,從化,飛機場,從化 飛機場,,,,,,助手,,踱步,H/XB,飛機場 踱步 (助手)
J037,08/01/2026,踱步,從化,內圈,從化 內圈,,,,,,助手,,倒快兩圈,H/XB,內圈 倒快兩圈 (助手)
J037,07/01/2026,踱步,從化,內圈,從化 內圈,,,,,,助手,,快踱一圈,H/XB,內圈 快踱一圈 (助手)
J037,06/01/2026,快操,從化,全天候,從化 全天候,,55.5,55.5,30.0 25.5,,助手,,快操,H/XB,30.0 25.5 (55.5) (助手)
J037,06/01/2026,踱步,從化,飛機場,從化 飛機場,,,,,,助手,,踱步,H/XB,飛機場 踱步 (助手)
J037,05/01/2026,踱步,從化,內圈,從化 內圈,,,,,,助手,,倒快兩圈,H/XB,內圈 倒快兩圈 (助手)
J037,04/01/2026,踱步,從化,內圈,從化 內圈,,,,,,助手,,快踱一圈,H/XB,內圈 快踱一圈 (助手)
J037,02/01/2026,快操,從化,全天候,從化 全天候,,55.1,55.1,29.8 25.3,,助手,,快操,H/XB,29.8 25.3 (55.1) (助手)
J037,02/01/2026,踱步,從化,飛機場,從化 飛機場,,,,,,助手,,踱步,H/XB,飛機場 踱步 (助手)
J037,01/01/2026,踱步,從化,內圈,從化 內圈,,,,,,助手,,倒快兩圈,H/XB,內圈 倒快兩圈 (助手)
J037,30/12/2025,快操,從化,全天候,從化 全天候,,53.9,53.9,28.8 25.1,,助手,,快操,H/XB,28.8 25.1 (53.9) (助手)
J037,30/12/2025,踱步,從化,飛機場,從化 飛機場,,,,,,助手,,踱步,H/XB,飛機場 踱步 (助手)
J037,29/12/2025,踱步,從化,內圈,從化 內圈,,,,,,助手,,倒快兩圈,H/XB,內圈 倒快兩圈 (助手)
J037,28/12/2025,踱步,從化,內圈,從化 內圈,,,,,,助手,,快踱一圈,H/XB,內圈 快踱一圈 (助手)
J037,27/12/2025,踱步,從化,內圈,從化 內圈,,,,,,助手,,快踱一圈,H/XB,內圈 快踱一圈 (助手)
J037,26/12/2025,快操,從化,全天候,從化 全天候,,58.8,58.8,30.7 28.1,,助手,,快操,H/XB,30.7 28.1 (58.8) (助手)
J037,26/12/2025,踱步,從化,飛機場,從化 飛機場,,,,,,助手,,踱步,H/XB,飛機場 踱步 (助手)
J037,25/12/2025,踱步,從化,內圈,從化 內圈,,,,,,助手,,倒快兩圈,H/XB,內圈 倒快兩圈 (助手)
J037,23/12/2025,馬匹水中步行機,從化,,從化,,,,,,,,馬匹水中步行機,,
J037,21/12/2025,游水,沙田,,沙田,,,,,,,,游水,,
J037,20/12/2025,出賽,沙田,草地,沙田 草地,1400M,,,,,麥道朗,8/14,出賽,B/XB,1400M (麥道朗) (8/14)
J037,19/12/2025,游水,沙田,,沙田,,,,,,,,游水,,
J037,19/12/2025,踱步,沙田,內圈,沙田 內圈,,,,,,助手,,快踱一圈,H/XB,內圈 快踱一圈 (助手)
J037,18/12/2025,游水,沙田,,沙田,,,,,,,,游水,,
J037,18/12/2025,踱步,沙田,內圈,沙田 內圈,,,,,,助手,,倒快一圈,H/XB,內圈 倒快一圈 (助手)
J037,17/12/2025,游水,沙田,,沙田,,,,,,,,游水,,
J037,17/12/2025,踱步,沙田,內圈,沙田 內圈,,,,,,助手,,快踱一圈,H/XB,內圈 快踱一圈 (助手)
J037,16/12/2025,游水,沙田,,沙田,,,,,,,,游水,,
J037,16/12/2025,踱步,沙田,內圈,沙田 內圈,,,,,,助手,,快踱一圈,H/XB,內圈 快踱一圈 (助手)
J037,15/12/2025,游水,沙田,,沙田,,,,,,,,游水,,
J037,15/12/2025,踱步,沙田,內圈,沙田 內圈,,,,,,助手,,倒快一圈,H/XB,內圈 倒快一圈 (助手)
J037,14/12/2025,游水,沙田,,沙田,,,,,,,,游水,,
J037,14/12/2025,踱步,沙田,內圈,沙田 內圈,,,,,,助手,,快踱一圈,H/XB,內圈 快踱一圈 (助手)
J037,13/12/2025,踱步,從化,內圈,從化 內圈,,,,,,助手,,快踱一圈,H/XB,內圈 快踱一圈 (助手)
J037,11/12/2025,試閘,從化,全天候,從化 全天候,1200M,1.10.29,70.29,24.3 22.4 23.5,競駿奔騰,祖利曼,,第4組,XB,第4組 (祖利曼) 1200M 競駿奔騰 24.3 22.4 23.5 (1.10.29)
J037,11/12/2025,踱步,從化,飛機場,從化 飛機場,,,,,,助手,,踱步,XB,飛機場 踱步 (助手)
J037,08/12/2025,快操,從化,全天候,從化 全天候,,55.5,55.5,29.8 25.7,,助手,,快操,H/XB,29.8 25.7 (55.5) (助手)
J037,08/12/2025,踱步,從化,飛機場,從化 飛機場,,,,,,助手,,踱步,H/XB,飛機場 踱步 (助手)
J037,07/12/2025,踱步,從化,內圈,從化 內圈,,,,,,助手,,快踱一圈,H/XB,內圈 快踱一圈 (助手)
J037,06/12/2025,踱步,從化,內圈,從化 內圈,,,,,,助手,,快踱一圈,H/XB,內圈 快踱一圈 (助手)
J037,05/12/2025,踱步,從化,內圈,從化 內圈,,,,,,助手,,快踱一圈,H/XB,內圈 快踱一圈 (助手)
J037,04/12/2025,踱步,從化,內圈,從化 內圈,,,,,,助手,,倒快兩圈,H/XB,內圈 倒快兩圈 (助手)
J037,03/12/2025,快操,從化,全天候,從化 全天候,,54.4,54.4,30.0 24.4,,助手,,快操,H/XB,30.0 24.4 (54.4) (助手)
J037,03/12/2025,踱步,從化,飛機場,從化 飛機場,,,,,,助手,,踱步,H/XB,飛機場 踱步 (助手)
J037,02/12/2025,踱步,從化,內圈,從化 內圈,,,,,,助手,,快踱一圈,H/XB,內圈 快踱一圈 (助手)
J037,01/12/2025,踱步,從化,內圈,從化 內圈,,,,,,助手,,倒快兩圈,H/XB,內圈 倒快兩圈 (助手)
J037,30/11/2025,游水,從化,,從化,,,,,,,,游水,,
J037,30/11/2025,踱步,從化,內圈,從化 內圈,,,,,,助手,,快踱一圈,H/XB,內圈 快踱一圈 (助手)
J037,29/11/2025,快操,從化,全天候,從化 全天候,,55.6,55.6,30.4 25.2,,助手,,快操,H/XB,30.4 25.2 (55.6) (助手)
J037,29/11/2025,踱步,從化,飛機場,從化 飛機場,,,,,,助手,,踱步,H/XB,飛機場 踱步 (助手)
J037,28/11/2025,游水,從化,,從化,,,,,,,,游水,,
J037,28/11/2025,踱步,從化,內圈,從化 內圈,,,,,,助手,,快踱一圈,H/XB,內圈 快踱一圈 (助手)
J037,27/11/2025,踱步,從化,內圈,從化 內圈,,,,,,助手,,倒快兩圈,H/XB,內圈 倒快兩圈 (助手)
J037,26/11/2025,快操,從化,全天候,從化 全天候,,53.8,53.8,29.2 24.6,,助手,,快操,H/XB,29.2 24.6 (53.8) (助手)
J037,26/11/2025,踱步,從化,飛機場,從化 飛機場,,,,,,助手,,踱步,H/XB,飛機場 踱步 (助手)
J037,25/11/2025,游水,從化,,從化,,,,,,,,游水,,
J037,25/11/2025,踱步,從化,內圈,從化 內圈,,,,,,助手,,快踱一圈,H/XB,內圈 快踱一圈 (助手)
J037,24/11/2025,踱步,從化,內圈,從化 內圈,,,,,,助手,,倒快兩圈,H/XB,內圈 倒快兩圈 (助手)
J037,23/11/2025,游水,從化,,從化,,,,,,,,游水,,
J037,23/11/2025,踱步,從化,內圈,從化 內圈,,,,,,助手,,快踱一圈,H/XB,內圈 快踱一圈 (助手)
J037,22/11/2025,快操,從化,全天候,從化 全天候,,53.0,53.0,29.1 23.9,,助手,,快操,H/XB,29.1 23.9 (53.0) (助手)
J037,22/11/2025,踱步,從化,飛機場,從化 飛機場,,,,,,助手,,踱步,H/XB,飛機場 踱步 (助手)
J037,21/11/2025,游水,從化,,從化,,,,,,,,游水,,
J037,21/11/2025,踱步,從化,內圈,從化 內圈,,,,,,助手,,快踱一圈,H/XB,內圈 快踱一圈 (助手)
J037,20/11/2025,游水,從化,,從化,,,,,,,,游水,,
J037,20/11/2025,踱步,從化,內圈,從化 內圈,,,,,,助手,,倒快兩圈,H/XB,內圈 倒快兩圈 (助手)
J037,19/11/2025,快操,從化,全天候,從化 全天候,,55.1,55.1,29.8 25.3,,助手,,快操,H/XB,29.8 25.3 (55.1) (助手)
J037,19/11/2025,踱步,從化,飛機場,從化 飛機場,,,,,,助手,,踱步,H/XB,飛機場 踱步 (助手)
J037,18/11/2025,游水,從化,,從化,,,,,,,,游水,,
J037,18/11/2025,踱步,從化,內圈,從化 內圈,,,,,,助手,,快踱一圈,H,內圈 快踱一圈 (助手)
J037,17/11/2025,游水,從化,,從化,,,,,,,,游水,,
J037,17/11/2025,快操,從化,全天候,從化 全天候,,59.3,59.3,31.5 27.8,,助手,,快操,,31.5 27.8 (59.3) (助手)
J037,17/11/2025,踱步,從化,飛機場,從化 飛機場,,,,,,助手,,踱步,,飛機場 踱步 (助手)
J037,16/11/2025,游水,從化,,從化,,,,,,,,游水,,
J037,16/11/2025,踱步,從化,內圈,從化 內圈,,,,,,助手,,快踱一圈,H,內圈 快踱一圈 (助手)
J037,15/11/2025,游水,從化,,從化,,,,,,,,游水,,
J037,15/11/2025,踱步,從化,內圈,從化 內圈,,,,,,助手,,快踱一圈,H,內圈 快踱一圈 (助手)
J037,14/11/2025,踱步,沙田,內圈,沙田 內圈,,,,,,助手,,快踱一圈,H/XB,內圈 快踱一圈 (助手)
J037,13/11/2025,游水,沙田,,沙田,,,,,,,,游水,,
J037,13/11/2025,踱步,沙田,內圈,沙田 內圈,,,,,,助手,,倒快一圈,H/XB,內圈 倒快一圈 (助手)
J037,12/11/2025,馬匹跑步機,沙田,,沙田,,,,,,上斜,,馬匹跑步機 - 踱步,,馬匹跑步機 - 踱步 （上斜）
J037,12/11/2025,游水,沙田,,沙田,,,,,,,,游水,,
J037,11/11/2025,馬匹跑步機,沙田,,沙田,,,,,,上斜,,馬匹跑步機 - 踱步,,馬匹跑步機 - 踱步 （上斜）
J037,11/11/2025,游水,沙田,,沙田,,,,,,,,游水,,
J037,10/11/2025,馬匹跑步機,沙田,,沙田,,,,,,上斜,,馬匹跑步機 - 步行,,馬匹跑步機 - 步行 （上斜）
J037,09/11/2025,出賽,沙田,草地,沙田 草地,1600M,,,,,梁家俊,5/14,出賽,B/XB,1600M (梁家俊) (5/14)
J037,08/11/2025,游水,沙田,,沙田,,,,,,,,游水,,
J037,08/11/2025,踱步,沙田,內圈,沙田 內圈,,,,,,助手,,快踱一圈,H/XB,內圈 快踱一圈 (助手)
J037,07/11/2025,游水,沙田,,沙田,,,,,,,,游水,,
J037,07/11/2025,踱步,沙田,內圈,沙田 內圈,,,,,,助手,,快踱一圈,H/XB,內圈 快踱一圈 (助手)
J037,06/11/2025,游水,沙田,,沙田,,,,,,,,游水,,
J037,06/11/2025,快操,沙田,全天候,沙田 全天候,,1.01.6,61.6,33.2 28.4,,副練馬師,,快操,H/XB,33.2 28.4 (1.01.6) (副練馬師)
J037,05/11/2025,游水,沙田,,沙田,,,,,,,,游水,,
J037,05/11/2025,踱步,沙田,內圈,沙田 內圈,,,,,,助手,,快踱一圈,H/XB,內圈 快踱一圈 (助手)
J037,04/11/2025,游水,沙田,,沙田,,,,,,,,游水,,
J037,04/11/2025,踱步,沙田,內圈,沙田 內圈,,,,,,助手,,快踱一圈,H/XB,內圈 快踱一圈 (助手)
J037,03/11/2025,游水,沙田,,沙田,,,,,,,,游水,,
J037,03/11/2025,踱步,沙田,內圈,沙田 內圈,,,,,,助手,,倒快一圈,H/XB,內圈 倒快一圈 (助手)
J037,02/11/2025,游水,沙田,,沙田,,,,,,,,游水,,
J037,02/11/2025,踱步,沙田,內圈,沙田 內圈,,,,,,助手,,快踱一圈,H/XB,內圈 快踱一圈 (助手)
J037,01/11/2025,游水,沙田,,沙田,,,,,,,,游水,,
J037,01/11/2025,快操,沙田,全天候,沙田 全天候,,57.0,57.0,30.3 26.7,,班德禮,,快操,H/XB,30.3 26.7 (57.0) (班德禮)
J037,31/10/2025,游水,沙田,,沙田,,,,,,,,游水,,
J037,31/10/2025,踱步,沙田,內圈,沙田 內圈,,,,,,助手,,快踱一圈,H/XB,內圈 快踱一圈 (助手)
J037,30/10/2025,游水,沙田,,沙田,,,,,,,,游水,,
J037,30/10/2025,踱步,沙田,內圈,沙田 內圈,,,,,,助手,,倒快一圈,H/XB,內圈 倒快一圈 (助手)
J037,29/10/2025,游水,沙田,,沙田,,,,,,,,游水,,
J037,29/10/2025,踱步,沙田,內圈,沙田 內圈,,,,,,助手,,快踱一圈,H/XB,內圈 快踱一圈 (助手)
J037,28/10/2025,游水,沙田,,沙田,,,,,,,,游水,,
J037,27/10/2025,馬匹跑步機,沙田,,沙田,,,,,,上斜,,馬匹跑步機 - 步行,,馬匹跑步機 - 步行 （上斜）
J037,26/10/2025,出賽,沙田,草地,沙田 草地,1400M,,,,,班德禮,4/14,出賽,CP-/XB/B2,1400M (班德禮) (4/14)
J037,26/10/2025,踱步,沙田,河畔跑道,沙田 河畔跑道,,,,,,助手,,踱步,H/XB,河畔跑道 踱步 (助手)
J037,25/10/2025,游水,沙田,,沙田,,,,,,,,游水,,
J037,25/10/2025,踱步,沙田,內圈,沙田 內圈,,,,,,助手,,快踱一圈,H/XB,內圈 快踱一圈 (助手)
J037,24/10/2025,游水,沙田,,沙田,,,,,,,,游水,,
J037,24/10/2025,踱步,沙田,內圈,沙田 內圈,,,,,,助手,,快踱一圈,H/XB,內圈 快踱一圈 (助手)
J037,23/10/2025,游水,沙田,,沙田,,,,,,,,游水,,
J037,23/10/2025,快操,沙田,全天候,沙田 全天候,,56.5,56.5,29.1 27.4,,班德禮,,快操,H/XB,29.1 27.4 (56.5) (班德禮)
J037,22/10/2025,游水,沙田,,沙田,,,,,,,,游水,,
J037,22/10/2025,踱步,沙田,內圈,沙田 內圈,,,,,,助手,,快踱一圈,H/XB,內圈 快踱一圈 (助手)
J037,21/10/2025,游水,沙田,,沙田,,,,,,,,游水,,
J037,21/10/2025,踱步,沙田,內圈,沙田 內圈,,,,,,助手,,快踱一圈,H/XB,內圈 快踱一圈 (助手)
J037,20/10/2025,踱步,沙田,內圈,沙田 內圈,,,,,,副練馬師,,倒快一圈,H/XB,內圈 倒快一圈 (副練馬師)
J037,19/10/2025,快操,沙田,全天候,沙田 全天候,,57.4,57.4,33.0 24.4,,副練馬師,,快操,H/XB,33.0 24.4 (57.4) (副練馬師)
J037,18/10/2025,游水,沙田,,沙田,,,,,,,,游水,,
J037,18/10/2025,踱步,沙田,內圈,沙田 內圈,,,,,,助手,,快踱一圈,H/XB,內圈 快踱一圈 (助手)
J037,17/10/2025,游水,沙田,,沙田,,,,,,,,游水,,
J037,17/10/2025,踱步,沙田,內圈,沙田 內圈,,,,,,助手,,快踱一圈,H/XB,內圈 快踱一圈 (助手)
J037,16/10/2025,游水,沙田,,沙田,,,,,,,,游水,,
J037,16/10/2025,踱步,沙田,內圈,沙田 內圈,,,,,,助手,,倒快一圈,H/XB,內圈 倒快一圈 (助手)
J037,15/10/2025,游水,沙田,,沙田,,,,,,,,游水,,
J037,15/10/2025,快操,沙田,全天候,沙田 全天候,,55.5,55.5,30.4 25.1,,副練馬師,,快操,H/XB,30.4 25.1 (55.5) (副練馬師)
J037,14/10/2025,游水,沙田,,沙田,,,,,,,,游水,,
J037,14/10/2025,踱步,沙田,外圈,沙田 外圈,,,,,,副練馬師,,快踱一圈,H/XB,外圈 快踱一圈 (副練馬師)
J037,13/10/2025,游水,沙田,,沙田,,,,,,,,游水,,
J037,13/10/2025,踱步,沙田,內圈,沙田 內圈,,,,,,助手,,倒快兩圈,H/XB,內圈 倒快兩圈 (助手)
J037,12/10/2025,游水,沙田,,沙田,,,,,,,,游水,,
J037,12/10/2025,快操,沙田,全天候,沙田 全天候,,57.7,57.7,30.2 27.5,,助手,,快操,H/XB,30.2 27.5 (57.7) (助手)
J037,11/10/2025,游水,沙田,,沙田,,,,,,,,游水,,
J037,11/10/2025,踱步,沙田,內圈,沙田 內圈,,,,,,助手,,快踱一圈,H/XB,內圈 快踱一圈 (助手)
J037,10/10/2025,游水,沙田,,沙田,,,,,,,,游水,,
J037,10/10/2025,快操,沙田,全天候,沙田 全天候,,32.8,32.8,32.8,,助手,,快操,H/XB,32.8 (32.8) (助手)
J037,09/10/2025,游水,沙田,,沙田,,,,,,,,游水,,
J037,09/10/2025,踱步,沙田,內圈,沙田 內圈,,,,,,助手,,倒快兩圈,H/XB,內圈 倒快兩圈 (助手)
J037,08/10/2025,游水,沙田,,沙田,,,,,,,,游水,,
J037,08/10/2025,踱步,沙田,內圈,沙田 內圈,,,,,,助手,,快踱一圈,H/XB,內圈 快踱一圈 (助手)
J037,07/10/2025,游水,沙田,,沙田,,,,,,,,游水,,
J037,04/10/2025,出賽,沙田,草地,沙田 草地,1400M,,,,,梁家俊,4/14,出賽,CP/XB,1400M (梁家俊) (4/14)
J037,03/10/2025,游水,沙田,,沙田,,,,,,,,游水,,
J037,03/10/2025,踱步,沙田,內圈,沙田 內圈,,,,,,助手,,快踱一圈,H/XB,內圈 快踱一圈 (助手)
J037,02/10/2025,游水,沙田,,沙田,,,,,,,,游水,,
J037,02/10/2025,踱步,沙田,內圈,沙田 內圈,,,,,,副練馬師,,倒快一圈,H/XB,內圈 倒快一圈 (副練馬師)
J037,01/10/2025,游水,沙田,,沙田,,,,,,,,游水,,
J037,01/10/2025,踱步,沙田,內圈,沙田 內圈,,,,,,助手,,快踱一圈,H/XB,內圈 快踱一圈 (助手)
J037,30/09/2025,快操,沙田,全天候,沙田 全天候,,55.4,55.4,30.5 24.9,,副練馬師,,快操,H/XB,30.5 24.9 (55.4) (副練馬師)
J037,29/09/2025,游水,沙田,,沙田,,,,,,,,游水,,
J037,29/09/2025,踱步,沙田,內圈,沙田 內圈,,,,,,助手,,倒快兩圈,H/XB,內圈 倒快兩圈 (助手)
J037,28/09/2025,游水,沙田,,沙田,,,,,,,,游水,,
J037,28/09/2025,踱步,沙田,內圈,沙田 內圈,,,,,,助手,,快踱一圈,H/XB,內圈 快踱一圈 (助手)
J037,27/09/2025,快操,沙田,全天候,沙田 全天候,,55.8,55.8,30.1 25.7,,副練馬師,,快操,H/XB,30.1 25.7 (55.8) (副練馬師)
J037,26/09/2025,游水,沙田,,沙田,,,,,,,,游水,,
J037,26/09/2025,踱步,沙田,內圈,沙田 內圈,,,,,,助手,,快踱一圈,H/XB,內圈 快踱一圈 (助手)
J037,25/09/2025,游水,沙田,,沙田,,,,,,,,游水,,
J037,25/09/2025,踱步,沙田,內圈,沙田 內圈,,,,,,副練馬師,,倒快一圈,H/XB,內圈 倒快一圈 (副練馬師)
J037,23/09/2025,快操,沙田,全天候,沙田 全天候,,59.4,59.4,32.0 27.4,,副練馬師,,快操,H/XB,32.0 27.4 (59.4) (副練馬師)
J037,22/09/2025,游水,沙田,,沙田,,,,,,,,游水,,
J037,22/09/2025,踱步,沙田,內圈,沙田 內圈,,,,,,助手,,倒快兩圈,H/XB,內圈 倒快兩圈 (助手)
J037,21/09/2025,游水,沙田,,沙田,,,,,,,,游水,,
J037,21/09/2025,踱步,沙田,內圈,沙田 內圈,,,,,,助手,,快踱一圈,H/XB,內圈 快踱一圈 (助手)
J037,20/09/2025,游水,沙田,,沙田,,,,,,,,游水,,
J037,20/09/2025,踱步,沙田,內圈,沙田 內圈,,,,,,助手,,快踱一圈,H/XB,內圈 快踱一圈 (助手)
J037,19/09/2025,游水,沙田,,沙田,,,,,,,,游水,,
J037,19/09/2025,踱步,沙田,內圈,沙田 內圈,,,,,,助手,,快踱一圈,H/XB,內圈 快踱一圈 (助手)
J037,18/09/2025,踱步,沙田,河畔跑道,沙田 河畔跑道,,,,,,助手,,踱步,H/XB,河畔跑道 踱步 (助手)
J037,16/09/2025,游水,沙田,,沙田,,,,,,,,游水,,
J037,14/09/2025,出賽,沙田,草地,沙田 草地,1400M,,,,,潘頓,3/14,出賽,CP/XB1/TT-,1400M (潘頓) (3/14)
J037,13/09/2025,游水,沙田,,沙田,,,,,,,,游水,,
J037,13/09/2025,踱步,沙田,內圈,沙田 內圈,,,,,,副練馬師,,快踱一圈,H/XB,內圈 快踱一圈 (副練馬師)
J037,12/09/2025,游水,沙田,,沙田,,,,,,,,游水,,
J037,12/09/2025,快操,沙田,全天候,沙田 全天候,,59.7,59.7,30.0 29.7,,助手,,快操,H/XB,30.0 29.7 (59.7) (助手)
J037,11/09/2025,游水,沙田,,沙田,,,,,,,,游水,,
J037,11/09/2025,踱步,沙田,內圈,沙田 內圈,,,,,,副練馬師,,倒快一圈,H/XB,內圈 倒快一圈 (副練馬師)
J037,10/09/2025,游水,沙田,,沙田,,,,,,,,游水,,
J037,10/09/2025,踱步,沙田,內圈,沙田 內圈,,,,,,助手,,快踱一圈,H/XB,內圈 快踱一圈 (助手)
J037,09/09/2025,快操,沙田,全天候,沙田 全天候,,51.8,51.8,28.5 23.3,,潘頓,,快操,H/XB,28.5 23.3 (51.8) (潘頓)
J037,08/09/2025,游水,沙田,,沙田,,,,,,,,游水,,
J037,08/09/2025,踱步,沙田,奧運馬房沙地練習場,沙田 奧運馬房沙地練習場,,,,,,助手,,踱步,H/XB,奧運馬房沙地練習場 踱步 (助手)
J037,07/09/2025,游水,沙田,,沙田,,,,,,,,游水,,
J037,07/09/2025,踱步,沙田,內圈,沙田 內圈,,,,,,助手,,快踱一圈,H/XB,內圈 快踱一圈 (助手)
J037,06/09/2025,游水,沙田,,沙田,,,,,,,,游水,,
J037,06/09/2025,踱步,沙田,內圈,沙田 內圈,,,,,,副練馬師,,快踱一圈,H/XB,內圈 快踱一圈 (副練馬師)
J037,05/09/2025,游水,沙田,,沙田,,,,,,,,游水,,
J037,05/09/2025,快操,沙田,全天候,沙田 全天候,,53.7,53.7,28.9 24.8,,潘頓,,快操,H/XB,28.9 24.8 (53.7) (潘頓)
J037,04/09/2025,游水,沙田,,沙田,,,,,,,,游水,,
J037,04/09/2025,快操,沙田,全天候,沙田 全天候,,33.6,33.6,33.6,,助手,,快操,H/XB,33.6 (33.6) (助手)
J037,03/09/2025,游水,沙田,,沙田,,,,,,,,游水,,
J037,03/09/2025,踱步,沙田,內圈,沙田 內圈,,,,,,助手,,快踱一圈,H/XB,內圈 快踱一圈 (助手)
J037,02/09/2025,游水,沙田,,沙田,,,,,,,,游水,,
J037,02/09/2025,踱步,沙田,內圈,沙田 內圈,,,,,,助手,,快踱一圈,H/XB,內圈 快踱一圈 (助手)
J037,01/09/2025,游水,沙田,,沙田,,,,,,,,游水,,
J037,01/09/2025,踱步,沙田,內圈,沙田 內圈,,,,,,助手,,倒快一圈,H/XB,內圈 倒快一圈 (助手)
J037,31/08/2025,游水,沙田,,沙田,,,,,,,,游水,,
J037,30/08/2025,試閘,沙田,草地,沙田 草地,1000M,0.57.63,57.63,13.9 21.3 22.4,紅海風帆,潘頓,,第6組,XB,第6組 (潘頓) 1000M 紅海風帆 13.9 21.3 22.4 (0.57.63)
J037,30/08/2025,踱步,沙田,內圈,沙田 內圈,,,,,,助手,,快踱一圈,H/XB,內圈 快踱一圈 (助手)
J037,29/08/2025,游水,沙田,,沙田,,,,,,,,游水,,
J037,29/08/2025,踱步,沙田,內圈,沙田 內圈,,,,,,助手,,快踱一圈,H/XB,內圈 快踱一圈 (助手)
J037,28/08/2025,游水,沙田,,沙田,,,,,,,,游水,,
J037,28/08/2025,踱步,沙田,內圈,沙田 內圈,,,,,,副練馬師,,倒快兩圈,H/XB,內圈 倒快兩圈 (副練馬師)
J037,27/08/2025,游水,沙田,,沙田,,,,,,,,游水,,
J037,27/08/2025,踱步,沙田,內圈,沙田 內圈,,,,,,助手,,快踱一圈,H/XB,內圈 快踱一圈 (助手)
J037,27/08/2025,踱步,沙田,河畔跑道,沙田 河畔跑道,,,,,,助手,,踱步,H/XB,河畔跑道 踱步 (助手)
J037,26/08/2025,快操,沙田,全天候,沙田 全天候,,52.4,52.4,29.2 23.2,,潘頓,,快操,H/XB,29.2 23.2 (52.4) (潘頓)
J037,26/08/2025,踱步,沙田,河畔跑道,沙田 河畔跑道,,,,,,助手,,踱步,H/XB,河畔跑道 踱步 (助手)
J037,25/08/2025,游水,沙田,,沙田,,,,,,,,游水,,
J037,25/08/2025,踱步,沙田,內圈,沙田 內圈,,,,,,助手,,倒快兩圈,H/XB,內圈 倒快兩圈 (助手)
J037,25/08/2025,踱步,沙田,河畔跑道,沙田 河畔跑道,,,,,,助手,,踱步,H/XB,河畔跑道 踱步 (助手)
J037,24/08/2025,游水,沙田,,沙田,,,,,,,,游水,,
J037,24/08/2025,踱步,沙田,內圈,沙田 內圈,,,,,,助手,,快踱一圈,H/XB,內圈 快踱一圈 (助手)
J037,24/08/2025,踱步,沙田,河畔跑道,沙田 河畔跑道,,,,,,助手,,踱步,H/XB,河畔跑道 踱步 (助手)
J037,23/08/2025,游水,沙田,,沙田,,,,,,,,游水,,
J037,23/08/2025,快操,沙田,全天候,沙田 全天候,,57.9,57.9,30.7 27.2,,副練馬師,,快操,H/XB,30.7 27.2 (57.9) (副練馬師)
J037,23/08/2025,踱步,沙田,河畔跑道,沙田 河畔跑道,,,,,,副練馬師,,踱步,H/XB,河畔跑道 踱步 (副練馬師)
J037,22/08/2025,游水,沙田,,沙田,,,,,,,,游水,,
J037,22/08/2025,踱步,沙田,外圈,沙田 外圈,,,,,,助手,,快踱一圈,H/XB,外圈 快踱一圈 (助手)
J037,22/08/2025,踱步,沙田,河畔跑道,沙田 河畔跑道,,,,,,助手,,踱步,H/XB,河畔跑道 踱步 (助手)
J037,21/08/2025,游水,沙田,,沙田,,,,,,,,游水,,
J037,21/08/2025,踱步,沙田,內圈,沙田 內圈,,,,,,副練馬師,,倒快一圈,H/XB,內圈 倒快一圈 (副練馬師)
J037,21/08/2025,踱步,沙田,河畔跑道,沙田 河畔跑道,,,,,,副練馬師,,踱步,H/XB,河畔跑道 踱步 (副練馬師)
J037,20/08/2025,游水,沙田,,沙田,,,,,,,,游水,,
J037,20/08/2025,快操,沙田,全天候,沙田 全天候,,1.00.3,60.3,32.5 27.8,,副練馬師,,快操,H/XB,32.5 27.8 (1.00.3) (副練馬師)
J037,20/08/2025,踱步,沙田,河畔跑道,沙田 河畔跑道,,,,,,副練馬師,,踱步,H/XB,河畔跑道 踱步 (副練馬師)
J037,19/08/2025,游水,沙田,,沙田,,,,,,,,游水,,
J037,19/08/2025,踱步,沙田,內圈,沙田 內圈,,,,,,副練馬師,,快踱一圈,H/XB,內圈 快踱一圈 (副練馬師)
J037,19/08/2025,踱步,沙田,河畔跑道,沙田 河畔跑道,,,,,,副練馬師,,踱步,H/XB,河畔跑道 踱步 (副練馬師)
J037,18/08/2025,游水,沙田,,沙田,,,,,,,,游水,,
J037,18/08/2025,踱步,沙田,外圈,沙田 外圈,,,,,,副練馬師,,快踱一圈,H/XB,外圈 快踱一圈 (副練馬師)
J037,18/08/2025,踱步,沙田,河畔跑道,沙田 河畔跑道,,,,,,副練馬師,,踱步,H/XB,河畔跑道 踱步 (副練馬師)
J037,17/08/2025,游水,沙田,,沙田,,,,,,,,游水,,
J037,17/08/2025,快操,沙田,全天候,沙田 全天候,,55.7,55.7,29.5 26.2,,副練馬師,,快操,H/XB,29.5 26.2 (55.7) (副練馬師)
J037,17/08/2025,踱步,沙田,河畔跑道,沙田 河畔跑道,,,,,,副練馬師,,踱步,H/XB,河畔跑道 踱步 (副練馬師)
J037,16/08/2025,游水,沙田,,沙田,,,,,,,,游水,,
J037,16/08/2025,踱步,沙田,內圈,沙田 內圈,,,,,,助手,,快踱一圈,H/XB,內圈 快踱一圈 (助手)
J037,16/08/2025,踱步,沙田,河畔跑道,沙田 河畔跑道,,,,,,助手,,踱步,H/XB,河畔跑道 踱步 (助手)
J037,15/08/2025,游水,沙田,,沙田,,,,,,,,游水,,
J037,15/08/2025,踱步,沙田,內圈,沙田 內圈,,,,,,助手,,快踱一圈,H,內圈 快踱一圈 (助手)
J037,15/08/2025,踱步,沙田,河畔跑道,沙田 河畔跑道,,,,,,助手,,踱步,H,河畔跑道 踱步 (助手)
J037,14/08/2025,游水,沙田,,沙田,,,,,,,,游水,,
J037,14/08/2025,踱步,沙田,外圈,沙田 外圈,,,,,,田泰安,,快踱一圈,H,外圈 快踱一圈 (田泰安)
J037,14/08/2025,踱步,沙田,河畔跑道,沙田 河畔跑道,,,,,,助手,,踱步,H,河畔跑道 踱步 (助手)
J037,13/08/2025,游水,沙田,,沙田,,,,,,,,游水,,
J037,13/08/2025,快操,沙田,全天候,沙田 全天候,,58.0,58.0,30.8 27.2,,田泰安,,快操,H,30.8 27.2 (58.0) (田泰安)
J037,13/08/2025,踱步,沙田,河畔跑道,沙田 河畔跑道,,,,,,助手,,踱步,H,河畔跑道 踱步 (助手)
J037,12/08/2025,游水,沙田,,沙田,,,,,,,,游水,,
J037,12/08/2025,踱步,沙田,河畔跑道,沙田 河畔跑道,,,,,,助手,,踱步,H,河畔跑道 踱步 (助手)
J037,12/08/2025,踱步,沙田,內圈,沙田 內圈,,,,,,助手,,快踱一圈,H,內圈 快踱一圈 (助手)
J037,11/08/2025,游水,沙田,,沙田,,,,,,,,游水,,
J037,11/08/2025,踱步,沙田,內圈,沙田 內圈,,,,,,助手,,倒快兩圈,H,內圈 倒快兩圈 (助手)
J037,11/08/2025,踱步,沙田,河畔跑道,沙田 河畔跑道,,,,,,助手,,踱步,H,河畔跑道 踱步 (助手)
J037,10/08/2025,游水,沙田,,沙田,,,,,,,,游水,,
J037,10/08/2025,踱步,沙田,內圈,沙田 內圈,,,,,,助手,,快踱一圈,H,內圈 快踱一圈 (助手)
J037,10/08/2025,踱步,沙田,河畔跑道,沙田 河畔跑道,,,,,,助手,,踱步,H,河畔跑道 踱步 (助手)
J037,09/08/2025,游水,沙田,,沙田,,,,,,,,游水,,
J037,09/08/2025,踱步,沙田,河畔跑道,沙田 河畔跑道,,,,,,助手,,踱步,H,河畔跑道 踱步 (助手)
J037,09/08/2025,踱步,沙田,內圈,沙田 內圈,,,,,,助手,,快踱一圈,H,內圈 快踱一圈 (助手)
J037,08/08/2025,游水,沙田,,沙田,,,,,,,,游水,,
J037,08/08/2025,踱步,沙田,內圈,沙田 內圈,,,,,,助手,,快踱一圈,H,內圈 快踱一圈 (助手)
J037,08/08/2025,踱步,沙田,河畔跑道,沙田 河畔跑道,,,,,,助手,,踱步,H,河畔跑道 踱步 (助手)
J037,07/08/2025,游水,沙田,,沙田,,,,,,,,游水,,
J037,07/08/2025,踱步,沙田,內圈,沙田 內圈,,,,,,助手,,倒快一圈,H,內圈 倒快一圈 (助手)
J037,07/08/2025,踱步,沙田,河畔跑道,沙田 河畔跑道,,,,,,助手,,踱步,H,河畔跑道 踱步 (助手)
J037,04/08/2025,游水,沙田,,沙田,,,,,,,,游水,,
J037,03/08/2025,游水,沙田,,沙田,,,,,,,,游水,,
J037,13/07/2025,出賽,沙田,草地,沙田 草地,1400M,,,,,班德禮,3/14,出賽,CP/TT,1400M (班德禮) (3/14)
J037,13/07/2025,踱步,沙田,內圈,沙田 內圈,,,,,,助手,,快踱一圈,H,內圈 快踱一圈 (助手)
J037,12/07/2025,游水,沙田,,沙田,,,,,,,,游水,,
J037,12/07/2025,踱步,沙田,內圈,沙田 內圈,,,,,,助手,,快踱一圈,H,內圈 快踱一圈 (助手)
J037,11/07/2025,游水,沙田,,沙田,,,,,,,,游水,,
J037,11/07/2025,踱步,沙田,內圈,沙田 內圈,,,,,,助手,,快踱一圈,H,內圈 快踱一圈 (助手)
J037,10/07/2025,游水,沙田,,沙田,,,,,,,,游水,,
J037,10/07/2025,踱步,沙田,內圈,沙田 內圈,,,,,,助手,,倒快一圈,H,內圈 倒快一圈 (助手)
J037,09/07/2025,快操,沙田,全天候,沙田 全天候,,25.8,25.8,25.8,,副練馬師,,快操,H,25.8 (25.8) (副練馬師)
J037,09/07/2025,踱步,沙田,飛機場,沙田 飛機場,,,,,,副練馬師,,踱步,H,飛機場 踱步 (副練馬師)
J037,08/07/2025,游水,沙田,,沙田,,,,,,,,游水,,
J037,08/07/2025,踱步,沙田,內圈,沙田 內圈,,,,,,助手,,快踱一圈,H,內圈 快踱一圈 (助手)
J037,07/07/2025,游水,沙田,,沙田,,,,,,,,游水,,
J037,07/07/2025,踱步,沙田,內圈,沙田 內圈,,,,,,助手,,倒快一圈,H,內圈 倒快一圈 (助手)
J037,06/07/2025,游水,沙田,,沙田,,,,,,,,游水,,
J037,06/07/2025,踱步,沙田,內圈,沙田 內圈,,,,,,助手,,快踱一圈,H,內圈 快踱一圈 (助手)
J037,05/07/2025,快操,沙田,全天候,沙田 全天候,,29.2,29.2,29.2,,助手,,快操,H,29.2 (29.2) (助手)
J037,05/07/2025,踱步,沙田,飛機場,沙田 飛機場,,,,,,助手,,踱步,H,飛機場 踱步 (助手)
J037,04/07/2025,游水,沙田,,沙田,,,,,,,,游水,,
J037,04/07/2025,踱步,沙田,內圈,沙田 內圈,,,,,,助手,,快踱一圈,H,內圈 快踱一圈 (助手)
J037,03/07/2025,游水,沙田,,沙田,,,,,,,,游水,,
J037,03/07/2025,踱步,沙田,內圈,沙田 內圈,,,,,,助手,,倒快一圈,H,內圈 倒快一圈 (助手)
J037,02/07/2025,游水,沙田,,沙田,,,,,,,,游水,,
J037,02/07/2025,踱步,沙田,飛機場,沙田 飛機場,,,,,,助手,,踱步,H,飛機場 踱步 (助手)
J037,01/07/2025,游水,沙田,,沙田,,,,,,,,游水,,
J037,30/06/2025,游水,沙田,,沙田,,,,,,,,游水,,
J037,28/06/2025,出賽,沙田,草地,沙田 草地,1400M,,,,,潘明輝,7/13,出賽,CP/TT,1400M (潘明輝) (7/13)
J037,28/06/2025,踱步,沙田,內圈,沙田 內圈,,,,,,助手,,快踱一圈,H,內圈 快踱一圈 (助手)
J037,27/06/2025,游水,沙田,,沙田,,,,,,,,游水,,
J037,27/06/2025,踱步,沙田,內圈,沙田 內圈,,,,,,助手,,快踱一圈,H,內圈 快踱一圈 (助手)
J037,26/06/2025,游水,沙田,,沙田,,,,,,,,游水,,
J037,26/06/2025,踱步,沙田,內圈,沙田 內圈,,,,,,助手,,倒快一圈,H,內圈 倒快一圈 (助手)
J037,25/06/2025,游水,沙田,,沙田,,,,,,,,游水,,
J037,25/06/2025,踱步,沙田,內圈,沙田 內圈,,,,,,助手,,快踱一圈,H,內圈 快踱一圈 (助手)
J037,24/06/2025,快操,沙田,全天候,沙田 全天候,,59.3,59.3,33.2 26.1,,副練馬師,,快操,H,33.2 26.1 (59.3) (副練馬師)
J037,24/06/2025,踱步,沙田,飛機場,沙田 飛機場,,,,,,副練馬師,,踱步,H,飛機場 踱步 (副練馬師)
J037,23/06/2025,游水,沙田,,沙田,,,,,,,,游水,,
J037,23/06/2025,踱步,沙田,內圈,沙田 內圈,,,,,,助手,,倒快一圈,H,內圈 倒快一圈 (助手)
J037,22/06/2025,游水,沙田,,沙田,,,,,,,,游水,,
J037,22/06/2025,踱步,沙田,內圈,沙田 內圈,,,,,,助手,,快踱一圈,H,內圈 快踱一圈 (助手)
J037,21/06/2025,游水,沙田,,沙田,,,,,,,,游水,,
J037,21/06/2025,踱步,沙田,內圈,沙田 內圈,,,,,,助手,,快踱一圈,H,內圈 快踱一圈 (助手)
J037,20/06/2025,快操,沙田,全天候,沙田 全天候,,26.9,26.9,26.9,,副練馬師,,快操,H,26.9 (26.9) (副練馬師)
J037,20/06/2025,踱步,沙田,飛機場,沙田 飛機場,,,,,,副練馬師,,踱步,H,飛機場 踱步 (副練馬師)
J037,19/06/2025,游水,沙田,,沙田,,,,,,,,游水,,
J037,19/06/2025,踱步,沙田,內圈,沙田 內圈,,,,,,助手,,倒快一圈,H,內圈 倒快一圈 (助手)
J037,18/06/2025,游水,沙田,,沙田,,,,,,,,游水,,
J037,18/06/2025,踱步,沙田,內圈,沙田 內圈,,,,,,助手,,快踱一圈,H,內圈 快踱一圈 (助手)
J037,17/06/2025,游水,沙田,,沙田,,,,,,,,游水,,
J037,17/06/2025,踱步,沙田,內圈,沙田 內圈,,,,,,助手,,快踱一圈,H,內圈 快踱一圈 (助手)
J037,16/06/2025,游水,沙田,,沙田,,,,,,,,游水,,
J037,16/06/2025,快操,沙田,全天候,沙田 全天候,,27.7,27.7,27.7,,副練馬師,,快操,H,27.7 (27.7) (副練馬師)
J037,16/06/2025,踱步,沙田,飛機場,沙田 飛機場,,,,,,副練馬師,,踱步,H,飛機場 踱步 (副練馬師)
J037,15/06/2025,游水,沙田,,沙田,,,,,,,,游水,,
J037,15/06/2025,踱步,沙田,內圈,沙田 內圈,,,,,,助手,,快踱一圈,H,內圈 快踱一圈 (助手)
J037,14/06/2025,游水,沙田,,沙田,,,,,,,,游水,,
J037,14/06/2025,踱步,沙田,內圈,沙田 內圈,,,,,,助手,,快踱一圈,H,內圈 快踱一圈 (助手)
J037,13/06/2025,游水,沙田,,沙田,,,,,,,,游水,,
J037,13/06/2025,踱步,沙田,內圈,沙田 內圈,,,,,,助手,,快踱一圈,H,內圈 快踱一圈 (助手)
J037,12/06/2025,游水,沙田,,沙田,,,,,,,,游水,,
J037,12/06/2025,踱步,沙田,內圈,沙田 內圈,,,,,,助手,,倒快一圈,H,內圈 倒快一圈 (助手)
J037,11/06/2025,游水,沙田,,沙田,,,,,,,,游水,,
J037,10/06/2025,游水,沙田,,沙田,,,,,,,,游水,,
J037,08/06/2025,出賽,沙田,草地,沙田 草地,1400M,,,,,潘頓,2/14,出賽,CP/TT,1400M (潘頓) (2/14)
J037,08/06/2025,踱步,沙田,內圈,沙田 內圈,,,,,,助手,,快踱一圈,H,內圈 快踱一圈 (助手)
J037,07/06/2025,游水,沙田,,沙田,,,,,,,,游水,,
J037,07/06/2025,踱步,沙田,內圈,沙田 內圈,,,,,,助手,,快踱一圈,H,內圈 快踱一圈 (助手)
J037,06/06/2025,游水,沙田,,沙田,,,,,,,,游水,,
J037,05/06/2025,游水,沙田,,沙田,,,,,,,,游水,,
J037,05/06/2025,踱步,沙田,內圈,沙田 內圈,,,,,,助手,,倒快一圈,H,內圈 倒快一圈 (助手)
J037,04/06/2025,游水,沙田,,沙田,,,,,,,,游水,,
J037,04/06/2025,快操,沙田,全天候,沙田 全天候,,30.0,30.0,30.0,,助手,,快操,H,30.0 (30.0) (助手)
J037,04/06/2025,踱步,沙田,飛機場,沙田 飛機場,,,,,,助手,,踱步,H,飛機場 踱步 (助手)
J037,03/06/2025,游水,沙田,,沙田,,,,,,,,游水,,
J037,03/06/2025,踱步,沙田,內圈,沙田 內圈,,,,,,助手,,快踱一圈,H,內圈 快踱一圈 (助手)
J037,02/06/2025,游水,沙田,,沙田,,,,,,,,游水,,
J037,02/06/2025,踱步,沙田,內圈,沙田 內圈,,,,,,助手,,倒快一圈,H,內圈 倒快一圈 (助手)
J037,01/06/2025,游水,沙田,,沙田,,,,,,,,游水,,
J037,01/06/2025,踱步,沙田,內圈,沙田 內圈,,,,,,助手,,快踱一圈,H,內圈 快踱一圈 (助手)
J037,31/05/2025,游水,沙田,,沙田,,,,,,,,游水,,
J037,31/05/2025,踱步,沙田,內圈,沙田 內圈,,,,,,助手,,快踱一圈,H,內圈 快踱一圈 (助手)
J037,30/05/2025,游水,沙田,,沙田,,,,,,,,游水,,
J037,30/05/2025,踱步,沙田,內圈,沙田 內圈,,,,,,助手,,快踱一圈,H,內圈 快踱一圈 (助手)
J037,28/05/2025,游水,沙田,,沙田,,,,,,,,游水,,
J037,27/05/2025,游水,沙田,,沙田,,,,,,,,游水,,
J037,25/05/2025,出賽,沙田,草地,沙田 草地,1400M,,,,,潘明輝,3/14,出賽,CP/TT,1400M (潘明輝) (3/14)
J037,25/05/2025,踱步,沙田,內圈,沙田 內圈,,,,,,助手,,快踱一圈,H,內圈 快踱一圈 (助手)
J037,24/05/2025,游水,沙田,,沙田,,,,,,,,游水,,
J037,24/05/2025,踱步,沙田,內圈,沙田 內圈,,,,,,助手,,快踱一圈,H,內圈 快踱一圈 (助手)
J037,23/05/2025,游水,沙田,,沙田,,,,,,,,游水,,
J037,23/05/2025,踱步,沙田,內圈,沙田 內圈,,,,,,助手,,快踱一圈,H,內圈 快踱一圈 (助手)
J037,22/05/2025,游水,沙田,,沙田,,,,,,,,游水,,
J037,21/05/2025,快操,沙田,全天候,沙田 全天候,,57.0,57.0,31.9 25.1,,副練馬師,,快操,H,31.9 25.1 (57.0) (副練馬師)
J037,21/05/2025,踱步,沙田,飛機場,沙田 飛機場,,,,,,副練馬師,,踱步,H,飛機場 踱步 (副練馬師)
J037,20/05/2025,游水,沙田,,沙田,,,,,,,,游水,,
J037,19/05/2025,游水,沙田,,沙田,,,,,,,,游水,,
J037,19/05/2025,踱步,沙田,內圈,沙田 內圈,,,,,,助手,,倒快一圈,H,內圈 倒快一圈 (助手)
J037,18/05/2025,游水,沙田,,沙田,,,,,,,,游水,,
J037,18/05/2025,踱步,沙田,內圈,沙田 內圈,,,,,,助手,,快踱一圈,H,內圈 快踱一圈 (助手)
J037,17/05/2025,快操,沙田,全天候,沙田 全天候,,1.00.5,60.5,33.8 26.7,,副練馬師,,快操,H,33.8 26.7 (1.00.5) (副練馬師)
J037,17/05/2025,踱步,沙田,飛機場,沙田 飛機場,,,,,,副練馬師,,踱步,H,飛機場 踱步 (副練馬師)
J037,16/05/2025,游水,沙田,,沙田,,,,,,,,游水,,
J037,16/05/2025,踱步,沙田,內圈,沙田 內圈,,,,,,助手,,快踱一圈,H,內圈 快踱一圈 (助手)
J037,15/05/2025,游水,沙田,,沙田,,,,,,,,游水,,
J037,15/05/2025,踱步,沙田,內圈,沙田 內圈,,,,,,助手,,倒快一圈,H,內圈 倒快一圈 (助手)
J037,14/05/2025,游水,沙田,,沙田,,,,,,,,游水,,
J037,14/05/2025,踱步,沙田,內圈,沙田 內圈,,,,,,助手,,快踱一圈,H,內圈 快踱一圈 (助手)
J037,13/05/2025,游水,沙田,,沙田,,,,,,,,游水,,
J037,13/05/2025,快操,沙田,全天候,沙田 全天候,,28.6,28.6,28.6,,助手,,快操,H,28.6 (28.6) (助手)
J037,13/05/2025,踱步,沙田,飛機場,沙田 飛機場,,,,,,助手,,踱步,H,飛機場 踱步 (助手)
J037,12/05/2025,游水,沙田,,沙田,,,,,,,,游水,,
J037,12/05/2025,踱步,沙田,內圈,沙田 內圈,,,,,,助手,,倒快一圈,H,內圈 倒快一圈 (助手)
J037,11/05/2025,游水,沙田,,沙田,,,,,,,,游水,,
J037,11/05/2025,踱步,沙田,內圈,沙田 內圈,,,,,,助手,,快踱一圈,H,內圈 快踱一圈 (助手)
J037,10/05/2025,游水,沙田,,沙田,,,,,,,,游水,,
J037,10/05/2025,踱步,沙田,內圈,沙田 內圈,,,,,,助手,,快踱一圈,H,內圈 快踱一圈 (助手)
J037,09/05/2025,游水,沙田,,沙田,,,,,,,,游水,,
J037,09/05/2025,踱步,沙田,內圈,沙田 內圈,,,,,,助手,,快踱一圈,H,內圈 快踱一圈 (助手)
J037,08/05/2025,踱步,沙田,飛機場,沙田 飛機場,,,,,,助手,,踱步,H,飛機場 踱步 (助手)
J037,06/05/2025,游水,沙田,,沙田,,,,,,,,游水,,
J037,04/05/2025,出賽,沙田,草地,沙田 草地,1400M,,,,,賀銘年,4/14,出賽,CP/TT,1400M (賀銘年) (4/14)
J037,04/05/2025,踱步,沙田,內圈,沙田 內圈,,,,,,助手,,快踱一圈,H,內圈 快踱一圈 (助手)
J037,03/05/2025,游水,沙田,,沙田,,,,,,,,游水,,
J037,03/05/2025,踱步,沙田,內圈,沙田 內圈,,,,,,助手,,快踱一圈,H,內圈 快踱一圈 (助手)
J037,02/05/2025,游水,沙田,,沙田,,,,,,,,游水,,
J037,02/05/2025,踱步,沙田,內圈,沙田 內圈,,,,,,助手,,快踱一圈,H,內圈 快踱一圈 (助手)
J037,01/05/2025,游水,沙田,,沙田,,,,,,,,游水,,
J037,01/05/2025,踱步,沙田,內圈,沙田 內圈,,,,,,助手,,倒快一圈,H,內圈 倒快一圈 (助手)
J037,30/04/2025,快操,沙田,全天候,沙田 全天候,,58.9,58.9,32.9 26.0,,賀銘年,,快操,H,32.9 26.0 (58.9) (賀銘年)
J037,30/04/2025,踱步,沙田,飛機場,沙田 飛機場,,,,,,賀銘年,,踱步,H,飛機場 踱步 (賀銘年)
J037,29/04/2025,游水,沙田,,沙田,,,,,,,,游水,,
J037,29/04/2025,踱步,沙田,內圈,沙田 內圈,,,,,,助手,,快踱一圈,H,內圈 快踱一圈 (助手)
J037,28/04/2025,游水,沙田,,沙田,,,,,,,,游水,,
J037,28/04/2025,踱步,沙田,內圈,沙田 內圈,,,,,,助手,,倒快一圈,H,內圈 倒快一圈 (助手)
J037,27/04/2025,游水,沙田,,沙田,,,,,,,,游水,,
J037,27/04/2025,踱步,沙田,內圈,沙田 內圈,,,,,,助手,,快踱一圈,H,內圈 快踱一圈 (助手)
J037,26/04/2025,游水,沙田,,沙田,,,,,,,,游水,,
J037,26/04/2025,踱步,沙田,內圈,沙田 內圈,,,,,,副練馬師,,快踱一圈,H,內圈 快踱一圈 (副練馬師)
J037,25/04/2025,游水,沙田,,沙田,,,,,,,,游水,,
J037,25/04/2025,踱步,沙田,內圈,沙田 內圈,,,,,,助手,,快踱一圈,H,內圈 快踱一圈 (助手)
J037,24/04/2025,游水,沙田,,沙田,,,,,,,,游水,,
J037,24/04/2025,踱步,沙田,內圈,沙田 內圈,,,,,,助手,,倒快一圈,H,內圈 倒快一圈 (助手)
J037,22/04/2025,試閘,沙田,全天候,沙田 全天候,1200M,1.11.45,71.45,24.8 23.1 23.5,有心意,賀銘年,,第3組,CP,第3組 (賀銘年) 1200M 有心意 24.8 23.1 23.5 (1.11.45)
J037,21/04/2025,游水,沙田,,沙田,,,,,,,,游水,,
J037,21/04/2025,踱步,沙田,內圈,沙田 內圈,,,,,,助手,,倒快一圈,H,內圈 倒快一圈 (助手)
J037,20/04/2025,游水,沙田,,沙田,,,,,,,,游水,,
J037,20/04/2025,踱步,沙田,內圈,沙田 內圈,,,,,,助手,,快踱一圈,H,內圈 快踱一圈 (助手)
J037,19/04/2025,游水,沙田,,沙田,,,,,,,,游水,,
J037,19/04/2025,快操,沙田,全天候,沙田 全天候,,1.00.4,60.4,33.7 26.7,,周俊樂,,快操,H,33.7 26.7 (1.00.4) (周俊樂)
J037,19/04/2025,踱步,沙田,飛機場,沙田 飛機場,,,,,,周俊樂,,踱步,H,飛機場 踱步 (周俊樂)
J037,18/04/2025,游水,沙田,,沙田,,,,,,,,游水,,
J037,18/04/2025,踱步,沙田,內圈,沙田 內圈,,,,,,助手,,快踱一圈,H,內圈 快踱一圈 (助手)
J037,17/04/2025,游水,沙田,,沙田,,,,,,,,游水,,
J037,17/04/2025,踱步,沙田,內圈,沙田 內圈,,,,,,助手,,倒快一圈,H,內圈 倒快一圈 (助手)
J037,16/04/2025,游水,沙田,,沙田,,,,,,,,游水,,
J037,16/04/2025,踱步,沙田,內圈,沙田 內圈,,,,,,助手,,快踱一圈,H,內圈 快踱一圈 (助手)
J037,15/04/2025,游水,沙田,,沙田,,,,,,,,游水,,
J037,15/04/2025,快操,沙田,全天候,沙田 全天候,,59.6,59.6,34.1 25.5,,副練馬師,,快操,H,34.1 25.5 (59.6) (副練馬師)
J037,15/04/2025,踱步,沙田,飛機場,沙田 飛機場,,,,,,副練馬師,,踱步,H,飛機場 踱步 (副練馬師)
J037,14/04/2025,游水,沙田,,沙田,,,,,,,,游水,,
J037,14/04/2025,踱步,沙田,內圈,沙田 內圈,,,,,,助手,,倒快一圈,H,內圈 倒快一圈 (助手)
J037,13/04/2025,游水,沙田,,沙田,,,,,,,,游水,,
J037,12/04/2025,游水,沙田,,沙田,,,,,,,,游水,,
J037,12/04/2025,踱步,沙田,內圈,沙田 內圈,,,,,,助手,,快踱一圈,H,內圈 快踱一圈 (助手)
J037,11/04/2025,游水,沙田,,沙田,,,,,,,,游水,,
J037,11/04/2025,快操,沙田,全天候,沙田 全天候,,58.7,58.7,33.7 25.0,,副練馬師,,快操,H,33.7 25.0 (58.7) (副練馬師)
J037,11/04/2025,踱步,沙田,飛機場,沙田 飛機場,,,,,,副練馬師,,踱步,H,飛機場 踱步 (副練馬師)
J037,10/04/2025,游水,沙田,,沙田,,,,,,,,游水,,
J037,10/04/2025,踱步,沙田,內圈,沙田 內圈,,,,,,助手,,倒快一圈,H,內圈 倒快一圈 (助手)
J037,09/04/2025,游水,沙田,,沙田,,,,,,,,游水,,
J037,09/04/2025,踱步,沙田,內圈,沙田 內圈,,,,,,助手,,快踱一圈,H,內圈 快踱一圈 (助手)
J037,08/04/2025,游水,沙田,,沙田,,,,,,,,游水,,
J037,08/04/2025,踱步,沙田,內圈,沙田 內圈,,,,,,助手,,快踱一圈,H,內圈 快踱一圈 (助手)
J037,07/04/2025,游水,沙田,,沙田,,,,,,,,游水,,
J037,07/04/2025,快操,沙田,全天候,沙田 全天候,,28.5,28.5,28.5,,助手,,快操,H,28.5 (28.5) (助手)
J037,06/04/2025,游水,沙田,,沙田,,,,,,,,游水,,
J037,06/04/2025,踱步,沙田,內圈,沙田 內圈,,,,,,助手,,快踱一圈,H,內圈 快踱一圈 (助手)
J037,05/04/2025,游水,沙田,,沙田,,,,,,,,游水,,
J037,05/04/2025,踱步,沙田,內圈,沙田 內圈,,,,,,巫顯東,,快踱一圈,H,內圈 快踱一圈 (巫顯東)
J037,04/04/2025,游水,沙田,,沙田,,,,,,,,游水,,
J037,04/04/2025,踱步,沙田,內圈,沙田 內圈,,,,,,助手,,快踱一圈,H,內圈 快踱一圈 (助手)
J037,03/04/2025,游水,沙田,,沙田,,,,,,,,游水,,
J037,03/04/2025,踱步,沙田,飛機場,沙田 飛機場,,,,,,助手,,踱步,H,飛機場 踱步 (助手)
J037,02/04/2025,游水,沙田,,沙田,,,,,,,,游水,,
J037,01/04/2025,游水,沙田,,沙田,,,,,,,,游水,,
J037,30/03/2025,出賽,沙田,草地,沙田 草地,1400M,,,,,梁家俊,4/14,出賽,B-/CP2/TT,1400M (梁家俊) (4/14)
J037,30/03/2025,踱步,沙田,內圈,沙田 內圈,,,,,,助手,,快踱一圈,H,內圈 快踱一圈 (助手)
J037,29/03/2025,游水,沙田,,沙田,,,,,,,,游水,,
J037,29/03/2025,踱步,沙田,內圈,沙田 內圈,,,,,,助手,,快踱一圈,H,內圈 快踱一圈 (助手)
J037,28/03/2025,游水,沙田,,沙田,,,,,,,,游水,,
J037,28/03/2025,踱步,沙田,內圈,沙田 內圈,,,,,,助手,,快踱一圈,H,內圈 快踱一圈 (助手)
J037,27/03/2025,游水,沙田,,沙田,,,,,,,,游水,,
J037,27/03/2025,踱步,沙田,內圈,沙田 內圈,,,,,,助手,,倒快一圈,H,內圈 倒快一圈 (助手)
J037,26/03/2025,游水,沙田,,沙田,,,,,,,,游水,,
J037,26/03/2025,快操,沙田,全天候,沙田 全天候,,25.6,25.6,25.6,,助手,,快操,H,25.6 (25.6) (助手)
J037,26/03/2025,踱步,沙田,飛機場,沙田 飛機場,,,,,,助手,,踱步,H,飛機場 踱步 (助手)
J037,25/03/2025,游水,沙田,,沙田,,,,,,,,游水,,
J037,25/03/2025,踱步,沙田,內圈,沙田 內圈,,,,,,助手,,快踱一圈,H,內圈 快踱一圈 (助手)
J037,24/03/2025,游水,沙田,,沙田,,,,,,,,游水,,
J037,24/03/2025,踱步,沙田,內圈,沙田 內圈,,,,,,助手,,倒快一圈,H,內圈 倒快一圈 (助手)
J037,23/03/2025,游水,沙田,,沙田,,,,,,,,游水,,
J037,23/03/2025,踱步,沙田,內圈,沙田 內圈,,,,,,助手,,快踱一圈,H,內圈 快踱一圈 (助手)
J037,22/03/2025,游水,沙田,,沙田,,,,,,,,游水,,
J037,22/03/2025,踱步,沙田,內圈,沙田 內圈,,,,,,助手,,快踱一圈,H,內圈 快踱一圈 (助手)
J037,21/03/2025,游水,沙田,,沙田,,,,,,,,游水,,
J037,21/03/2025,踱步,沙田,內圈,沙田 內圈,,,,,,助手,,快踱一圈,H,內圈 快踱一圈 (助手)
J037,20/03/2025,游水,沙田,,沙田,,,,,,,,游水,,
J037,20/03/2025,踱步,沙田,內圈,沙田 內圈,,,,,,助手,,倒快一圈,H,內圈 倒快一圈 (助手)
J037,19/03/2025,游水,沙田,,沙田,,,,,,,,游水,,
J037,18/03/2025,試閘,沙田,全天候,沙田 全天候,1200M,1.10.27,70.27,24.6 23.1 22.5,小鳥天堂,曾佳興,,第3組,CP,第3組 (曾佳興) 1200M 小鳥天堂 24.6 23.1 22.5 (1.10.27)
J037,17/03/2025,游水,沙田,,沙田,,,,,,,,游水,,
J037,17/03/2025,踱步,沙田,內圈,沙田 內圈,,,,,,助手,,倒快一圈,H,內圈 倒快一圈 (助手)
J037,16/03/2025,游水,沙田,,沙田,,,,,,,,游水,,
J037,16/03/2025,踱步,沙田,內圈,沙田 內圈,,,,,,助手,,快踱一圈,H,內圈 快踱一圈 (助手)
J037,15/03/2025,游水,沙田,,沙田,,,,,,,,游水,,
J037,15/03/2025,快操,沙田,全天候,沙田 全天候,,25.6,25.6,25.6,,助手,,快操,H,25.6 (25.6) (助手)
J037,15/03/2025,踱步,沙田,飛機場,沙田 飛機場,,,,,,助手,,踱步,H,飛機場 踱步 (助手)
J037,14/03/2025,游水,沙田,,沙田,,,,,,,,游水,,
J037,14/03/2025,踱步,沙田,內圈,沙田 內圈,,,,,,助手,,快踱一圈,H,內圈 快踱一圈 (助手)
J037,13/03/2025,游水,沙田,,沙田,,,,,,,,游水,,
J037,13/03/2025,踱步,沙田,內圈,沙田 內圈,,,,,,助手,,倒快一圈,H,內圈 倒快一圈 (助手)
J037,12/03/2025,游水,沙田,,沙田,,,,,,,,游水,,
J037,12/03/2025,踱步,沙田,內圈,沙田 內圈,,,,,,助手,,快踱一圈,H,內圈 快踱一圈 (助手)
J037,11/03/2025,游水,沙田,,沙田,,,,,,,,游水,,
J037,11/03/2025,快操,沙田,全天候,沙田 全天候,,56.8,56.8,30.8 26.0,,周俊樂,,快操,H,30.8 26.0 (56.8) (周俊樂)
J037,11/03/2025,踱步,沙田,飛機場,沙田 飛機場,,,,,,周俊樂,,踱步,H,飛機場 踱步 (周俊樂)
J037,10/03/2025,游水,沙田,,沙田,,,,,,,,游水,,
J037,10/03/2025,踱步,沙田,內圈,沙田 內圈,,,,,,助手,,倒快一圈,H,內圈 倒快一圈 (助手)
J037,09/03/2025,游水,沙田,,沙田,,,,,,,,游水,,
J037,08/03/2025,游水,沙田,,沙田,,,,,,,,游水,,
J037,07/03/2025,游水,沙田,,沙田,,,,,,,,游水,,
J037,07/03/2025,快操,沙田,全天候,沙田 全天候,,26.7,26.7,26.7,,副練馬師,,快操,H,26.7 (26.7) (副練馬師)
J037,07/03/2025,踱步,沙田,飛機場,沙田 飛機場,,,,,,副練馬師,,踱步,H,飛機場 踱步 (副練馬師)
J037,06/03/2025,游水,沙田,,沙田,,,,,,,,游水,,
J037,06/03/2025,踱步,沙田,內圈,沙田 內圈,,,,,,助手,,倒快一圈,H,內圈 倒快一圈 (助手)
J037,05/03/2025,游水,沙田,,沙田,,,,,,,,游水,,
J037,05/03/2025,踱步,沙田,內圈,沙田 內圈,,,,,,助手,,快踱一圈,H,內圈 快踱一圈 (助手)
J037,04/03/2025,游水,沙田,,沙田,,,,,,,,游水,,
J037,04/03/2025,踱步,沙田,內圈,沙田 內圈,,,,,,助手,,快踱一圈,H,內圈 快踱一圈 (助手)
J037,03/03/2025,游水,沙田,,沙田,,,,,,,,游水,,
J037,03/03/2025,快操,沙田,全天候,沙田 全天候,,27.5,27.5,27.5,,助手,,快操,H,27.5 (27.5) (助手)
J037,02/03/2025,游水,沙田,,沙田,,,,,,,,游水,,
J037,02/03/2025,踱步,沙田,內圈,沙田 內圈,,,,,,助手,,快踱一圈,H,內圈 快踱一圈 (助手)
J037,01/03/2025,游水,沙田,,沙田,,,,,,,,游水,,
J037,01/03/2025,踱步,沙田,內圈,沙田 內圈,,,,,,助手,,快踱一圈,H,內圈 快踱一圈 (助手)
J037,28/02/2025,游水,沙田,,沙田,,,,,,,,游水,,
J037,28/02/2025,踱步,沙田,內圈,沙田 內圈,,,,,,助手,,快踱一圈,H,內圈 快踱一圈 (助手)
J037,27/02/2025,游水,沙田,,沙田,,,,,,,,游水,,
J037,27/02/2025,踱步,沙田,飛機場,沙田 飛機場,,,,,,助手,,踱步,H,飛機場 踱步 (助手)
J037,26/02/2025,游水,沙田,,沙田,,,,,,,,游水,,
J037,25/02/2025,游水,沙田,,沙田,,,,,,,,游水,,
J037,23/02/2025,出賽,沙田,草地,沙田 草地,1600M,,,,,麥當能,11/14,出賽,B/TT,1600M (麥當能) (11/14)
J037,23/02/2025,踱步,沙田,內圈,沙田 內圈,,,,,,助手,,快踱一圈,H,內圈 快踱一圈 (助手)
J037,22/02/2025,游水,沙田,,沙田,,,,,,,,游水,,
J037,22/02/2025,踱步,沙田,內圈,沙田 內圈,,,,,,助手,,快踱一圈,H,內圈 快踱一圈 (助手)
J037,21/02/2025,游水,沙田,,沙田,,,,,,,,游水,,
J037,21/02/2025,踱步,沙田,內圈,沙田 內圈,,,,,,助手,,快踱一圈,H,內圈 快踱一圈 (助手)
J037,20/02/2025,游水,沙田,,沙田,,,,,,,,游水,,
J037,20/02/2025,踱步,沙田,內圈,沙田 內圈,,,,,,助手,,倒快一圈,H,內圈 倒快一圈 (助手)
J037,19/02/2025,游水,沙田,,沙田,,,,,,,,游水,,
J037,19/02/2025,快操,沙田,全天候,沙田 全天候,,25.4,25.4,25.4,,助手,,快操,H,25.4 (25.4) (助手)
J037,19/02/2025,踱步,沙田,飛機場,沙田 飛機場,,,,,,助手,,踱步,H,飛機場 踱步 (助手)
J037,18/02/2025,游水,沙田,,沙田,,,,,,,,游水,,
J037,18/02/2025,踱步,沙田,內圈,沙田 內圈,,,,,,助手,,快踱一圈,H,內圈 快踱一圈 (助手)
J037,17/02/2025,游水,沙田,,沙田,,,,,,,,游水,,
J037,17/02/2025,踱步,沙田,內圈,沙田 內圈,,,,,,助手,,倒快一圈,H,內圈 倒快一圈 (助手)
J037,16/02/2025,游水,沙田,,沙田,,,,,,,,游水,,
J037,16/02/2025,踱步,沙田,內圈,沙田 內圈,,,,,,助手,,快踱一圈,H,內圈 快踱一圈 (助手)
J037,15/02/2025,游水,沙田,,沙田,,,,,,,,游水,,
J037,15/02/2025,快操,沙田,全天候,沙田 全天候,,25.9,25.9,25.9,,助手,,快操,H,25.9 (25.9) (助手)
J037,15/02/2025,踱步,沙田,飛機場,沙田 飛機場,,,,,,助手,,踱步,H,飛機場 踱步 (助手)
J037,14/02/2025,游水,沙田,,沙田,,,,,,,,游水,,
J037,14/02/2025,踱步,沙田,內圈,沙田 內圈,,,,,,助手,,快踱一圈,H,內圈 快踱一圈 (助手)
J037,13/02/2025,游水,沙田,,沙田,,,,,,,,游水,,
J037,13/02/2025,踱步,沙田,內圈,沙田 內圈,,,,,,助手,,倒快一圈,H,內圈 倒快一圈 (助手)
J037,12/02/2025,游水,沙田,,沙田,,,,,,,,游水,,
J037,12/02/2025,踱步,沙田,內圈,沙田 內圈,,,,,,助手,,快踱一圈,H,內圈 快踱一圈 (助手)
J037,11/02/2025,游水,沙田,,沙田,,,,,,,,游水,,
J037,11/02/2025,快操,沙田,全天候,沙田 全天候,,26.1,26.1,26.1,,助手,,快操,H,26.1 (26.1) (助手)
J037,11/02/2025,踱步,沙田,飛機場,沙田 飛機場,,,,,,助手,,踱步,H,飛機場 踱步 (助手)
J037,10/02/2025,游水,沙田,,沙田,,,,,,,,游水,,
J037,10/02/2025,踱步,沙田,內圈,沙田 內圈,,,,,,助手,,倒快一圈,H,內圈 倒快一圈 (助手)
J037,09/02/2025,游水,沙田,,沙田,,,,,,,,游水,,
J037,09/02/2025,踱步,沙田,內圈,沙田 內圈,,,,,,助手,,快踱一圈,H,內圈 快踱一圈 (助手)
J037,08/02/2025,游水,沙田,,沙田,,,,,,,,游水,,
J037,08/02/2025,踱步,沙田,內圈,沙田 內圈,,,,,,助手,,快踱一圈,H,內圈 快踱一圈 (助手)
J037,07/02/2025,游水,沙田,,沙田,,,,,,,,游水,,
J037,07/02/2025,快操,沙田,全天候,沙田 全天候,,1.00.3,60.3,33.8 26.5,,周俊樂,,快操,H,33.8 26.5 (1.00.3) (周俊樂)
J037,07/02/2025,踱步,沙田,飛機場,沙田 飛機場,,,,,,周俊樂,,踱步,H,飛機場 踱步 (周俊樂)
J037,06/02/2025,游水,沙田,,沙田,,,,,,,,游水,,
J037,06/02/2025,踱步,沙田,內圈,沙田 內圈,,,,,,助手,,倒快一圈,H,內圈 倒快一圈 (助手)
J037,05/02/2025,游水,沙田,,沙田,,,,,,,,游水,,
J037,05/02/2025,踱步,沙田,內圈,沙田 內圈,,,,,,助手,,快踱一圈,H,內圈 快踱一圈 (助手)
J037,04/02/2025,游水,沙田,,沙田,,,,,,,,游水,,
J037,04/02/2025,踱步,沙田,飛機場,沙田 飛機場,,,,,,助手,,踱步,H,飛機場 踱步 (助手)
J037,03/02/2025,游水,沙田,,沙田,,,,,,,,游水,,
J037,02/02/2025,游水,沙田,,沙田,,,,,,,,游水,,
J037,31/01/2025,出賽,沙田,草地,沙田 草地,1600M,,,,,梁家俊,10/14,出賽,B/TT,1600M (梁家俊) (10/14)
J037,31/01/2025,踱步,沙田,內圈,沙田 內圈,,,,,,助手,,快踱一圈,H,內圈 快踱一圈 (助手)
J037,30/01/2025,游水,沙田,,沙田,,,,,,,,游水,,
J037,30/01/2025,踱步,沙田,內圈,沙田 內圈,,,,,,助手,,倒快一圈,H,內圈 倒快一圈 (助手)
J037,28/01/2025,游水,沙田,,沙田,,,,,,,,游水,,
J037,28/01/2025,踱步,沙田,內圈,沙田 內圈,,,,,,助手,,快踱一圈,H,內圈 快踱一圈 (助手)
J037,27/01/2025,游水,沙田,,沙田,,,,,,,,游水,,
J037,27/01/2025,快操,沙田,全天候,沙田 全天候,,58.6,58.6,32.8 25.8,,梁家俊,,快操,H,32.8 25.8 (58.6) (梁家俊)
J037,27/01/2025,踱步,沙田,飛機場,沙田 飛機場,,,,,,梁家俊,,踱步,H,飛機場 踱步 (梁家俊)
J037,26/01/2025,游水,沙田,,沙田,,,,,,,,游水,,
J037,26/01/2025,踱步,沙田,內圈,沙田 內圈,,,,,,助手,,快踱一圈,H,內圈 快踱一圈 (助手)
J037,25/01/2025,游水,沙田,,沙田,,,,,,,,游水,,
J037,25/01/2025,踱步,沙田,內圈,沙田 內圈,,,,,,助手,,快踱一圈,H,內圈 快踱一圈 (助手)
J037,24/01/2025,游水,沙田,,沙田,,,,,,,,游水,,
J037,24/01/2025,踱步,沙田,內圈,沙田 內圈,,,,,,助手,,快踱一圈,H,內圈 快踱一圈 (助手)
J037,23/01/2025,游水,沙田,,沙田,,,,,,,,游水,,
J037,23/01/2025,快操,沙田,全天候,沙田 全天候,,57.8,57.8,32.1 25.7,,助手,,快操,H,32.1 25.7 (57.8) (助手)
J037,23/01/2025,踱步,沙田,飛機場,沙田 飛機場,,,,,,助手,,踱步,H,飛機場 踱步 (助手)
J037,22/01/2025,游水,沙田,,沙田,,,,,,,,游水,,
J037,22/01/2025,踱步,沙田,內圈,沙田 內圈,,,,,,助手,,快踱一圈,H,內圈 快踱一圈 (助手)
J037,21/01/2025,游水,沙田,,沙田,,,,,,,,游水,,
J037,21/01/2025,踱步,沙田,內圈,沙田 內圈,,,,,,助手,,快踱一圈,H,內圈 快踱一圈 (助手)
J037,20/01/2025,游水,沙田,,沙田,,,,,,,,游水,,
J037,20/01/2025,踱步,沙田,內圈,沙田 內圈,,,,,,助手,,倒快一圈,H,內圈 倒快一圈 (助手)
J037,19/01/2025,游水,沙田,,沙田,,,,,,,,游水,,
J037,19/01/2025,快操,沙田,全天候,沙田 全天候,,58.7,58.7,32.7 26.0,,助手,,快操,H,32.7 26.0 (58.7) (助手)
J037,19/01/2025,踱步,沙田,飛機場,沙田 飛機場,,,,,,助手,,踱步,H,飛機場 踱步 (助手)
J037,18/01/2025,游水,沙田,,沙田,,,,,,,,游水,,
J037,18/01/2025,踱步,沙田,內圈,沙田 內圈,,,,,,助手,,快踱一圈,H,內圈 快踱一圈 (助手)
J037,17/01/2025,游水,沙田,,沙田,,,,,,,,游水,,
J037,17/01/2025,踱步,沙田,內圈,沙田 內圈,,,,,,助手,,快踱一圈,H,內圈 快踱一圈 (助手)
J037,16/01/2025,游水,沙田,,沙田,,,,,,,,游水,,
J037,16/01/2025,踱步,沙田,內圈,沙田 內圈,,,,,,助手,,倒快一圈,H,內圈 倒快一圈 (助手)
J037,15/01/2025,游水,沙田,,沙田,,,,,,,,游水,,
J037,15/01/2025,快操,沙田,全天候,沙田 全天候,,54.7,54.7,28.9 25.8,,周俊樂,,快操,H,28.9 25.8 (54.7) (周俊樂)
J037,15/01/2025,踱步,沙田,飛機場,沙田 飛機場,,,,,,周俊樂,,踱步,H,飛機場 踱步 (周俊樂)
J037,14/01/2025,游水,沙田,,沙田,,,,,,,,游水,,
J037,14/01/2025,踱步,沙田,內圈,沙田 內圈,,,,,,助手,,快踱一圈,H,內圈 快踱一圈 (助手)
J037,13/01/2025,游水,沙田,,沙田,,,,,,,,游水,,
J037,13/01/2025,踱步,沙田,內圈,沙田 內圈,,,,,,助手,,倒快一圈,H,內圈 倒快一圈 (助手)
J037,12/01/2025,游水,沙田,,沙田,,,,,,,,游水,,
J037,12/01/2025,踱步,沙田,內圈,沙田 內圈,,,,,,助手,,快踱一圈,H,內圈 快踱一圈 (助手)
J037,11/01/2025,游水,沙田,,沙田,,,,,,,,游水,,
J037,11/01/2025,快操,沙田,全天候,沙田 全天候,,27.6,27.6,27.6,,助手,,快操,H,27.6 (27.6) (助手)
J037,11/01/2025,踱步,沙田,飛機場,沙田 飛機場,,,,,,助手,,踱步,H,飛機場 踱步 (助手)
J037,10/01/2025,游水,沙田,,沙田,,,,,,,,游水,,
J037,10/01/2025,踱步,沙田,內圈,沙田 內圈,,,,,,助手,,快踱一圈,H,內圈 快踱一圈 (助手)
J037,09/01/2025,游水,沙田,,沙田,,,,,,,,游水,,
J037,09/01/2025,踱步,沙田,內圈,沙田 內圈,,,,,,助手,,倒快一圈,H,內圈 倒快一圈 (助手)
J037,08/01/2025,游水,沙田,,沙田,,,,,,,,游水,,
J037,08/01/2025,踱步,沙田,內圈,沙田 內圈,,,,,,助手,,快踱一圈,H,內圈 快踱一圈 (助手)
J037,07/01/2025,游水,沙田,,沙田,,,,,,,,游水,,
J037,07/01/2025,踱步,沙田,內圈,沙田 內圈,,,,,,助手,,快踱一圈,H,內圈 快踱一圈 (助手)
J037,06/01/2025,游水,沙田,,沙田,,,,,,,,游水,,
J037,06/01/2025,踱步,沙田,內圈,沙田 內圈,,,,,,助手,,倒快一圈,H,內圈 倒快一圈 (助手)
J037,05/01/2025,游水,沙田,,沙田,,,,,,,,游水,,
J037,05/01/2025,踱步,沙田,飛機場,沙田 飛機場,,,,,,助手,,踱步,H,飛機場 踱步 (助手)
J037,04/01/2025,游水,沙田,,沙田,,,,,,,,游水,,
J037,03/01/2025,游水,沙田,,沙田,,,,,,,,游水,,
J037,01/01/2025,出賽,沙田,草地,沙田 草地,1600M,,,,,艾兆禮,8/14,出賽,B/TT,1600M (艾兆禮) (8/14)
J037,01/01/2025,踱步,沙田,內圈,沙田 內圈,,,,,,助手,,快踱一圈,H,內圈 快踱一圈 (助手)
J037,31/12/2024,游水,沙田,,沙田,,,,,,,,游水,,
J037,31/12/2024,踱步,沙田,內圈,沙田 內圈,,,,,,助手,,快踱一圈,H,內圈 快踱一圈 (助手)
J037,30/12/2024,游水,沙田,,沙田,,,,,,,,游水,,
J037,30/12/2024,踱步,沙田,內圈,沙田 內圈,,,,,,助手,,倒快一圈,H,內圈 倒快一圈 (助手)
J037,29/12/2024,游水,沙田,,沙田,,,,,,,,游水,,
J037,29/12/2024,踱步,沙田,內圈,沙田 內圈,,,,,,助手,,快踱一圈,H,內圈 快踱一圈 (助手)
J037,28/12/2024,游水,沙田,,沙田,,,,,,,,游水,,
J037,28/12/2024,快操,沙田,全天候,沙田 全天候,,59.3,59.3,33.4 25.9,,艾兆禮,,快操,H,33.4 25.9 (59.3) (艾兆禮)
J037,28/12/2024,踱步,沙田,飛機場,沙田 飛機場,,,,,,助手,,踱步,H,飛機場 踱步 (助手)
J037,27/12/2024,游水,沙田,,沙田,,,,,,,,游水,,
J037,27/12/2024,踱步,沙田,內圈,沙田 內圈,,,,,,助手,,快踱一圈,H,內圈 快踱一圈 (助手)
J037,26/12/2024,游水,沙田,,沙田,,,,,,,,游水,,
J037,26/12/2024,踱步,沙田,內圈,沙田 內圈,,,,,,助手,,倒快一圈,H,內圈 倒快一圈 (助手)
J037,25/12/2024,游水,沙田,,沙田,,,,,,,,游水,,
J037,25/12/2024,踱步,沙田,內圈,沙田 內圈,,,,,,助手,,快踱一圈,H,內圈 快踱一圈 (助手)
J037,24/12/2024,游水,沙田,,沙田,,,,,,,,游水,,
J037,24/12/2024,快操,沙田,全天候,沙田 全天候,,25.7,25.7,25.7,,副練馬師,,快操,H,25.7 (25.7) (副練馬師) (伴跳馬)
J037,24/12/2024,踱步,沙田,飛機場,沙田 飛機場,,,,,,副練馬師,,踱步,H,飛機場 踱步 (副練馬師)
J037,23/12/2024,游水,沙田,,沙田,,,,,,,,游水,,
J037,23/12/2024,踱步,沙田,內圈,沙田 內圈,,,,,,助手,,倒快一圈,H,內圈 倒快一圈 (助手)
J037,22/12/2024,游水,沙田,,沙田,,,,,,,,游水,,
J037,22/12/2024,踱步,沙田,內圈,沙田 內圈,,,,,,助手,,快踱一圈,H,內圈 快踱一圈 (助手)
J037,21/12/2024,游水,沙田,,沙田,,,,,,,,游水,,
J037,21/12/2024,踱步,沙田,內圈,沙田 內圈,,,,,,助手,,快踱一圈,H,內圈 快踱一圈 (助手)
J037,20/12/2024,游水,沙田,,沙田,,,,,,,,游水,,
J037,20/12/2024,快操,沙田,全天候,沙田 全天候,,57.0,57.0,31.5 25.5,,周俊樂,,快操,H,31.5 25.5 (57.0) (周俊樂)
J037,20/12/2024,踱步,沙田,飛機場,沙田 飛機場,,,,,,周俊樂,,踱步,H,飛機場 踱步 (周俊樂)
J037,19/12/2024,游水,沙田,,沙田,,,,,,,,游水,,
J037,19/12/2024,踱步,沙田,內圈,沙田 內圈,,,,,,助手,,倒快一圈,H,內圈 倒快一圈 (助手)
J037,18/12/2024,游水,沙田,,沙田,,,,,,,,游水,,
J037,18/12/2024,踱步,沙田,內圈,沙田 內圈,,,,,,助手,,快踱一圈,H,內圈 快踱一圈 (助手)
J037,17/12/2024,游水,沙田,,沙田,,,,,,,,游水,,
J037,17/12/2024,踱步,沙田,內圈,沙田 內圈,,,,,,助手,,快踱一圈,H,內圈 快踱一圈 (助手)
J037,16/12/2024,游水,沙田,,沙田,,,,,,,,游水,,
J037,16/12/2024,踱步,沙田,內圈,沙田 內圈,,,,,,助手,,倒快一圈,H,內圈 倒快一圈 (助手)
J037,15/12/2024,游水,沙田,,沙田,,,,,,,,游水,,
J037,15/12/2024,快操,沙田,全天候,沙田 全天候,,26.5,26.5,26.5,,助手,,快操,H,26.5 (26.5) (助手)
J037,15/12/2024,踱步,沙田,飛機場,沙田 飛機場,,,,,,助手,,踱步,H,飛機場 踱步 (助手)
J037,14/12/2024,游水,沙田,,沙田,,,,,,,,游水,,
J037,14/12/2024,踱步,沙田,內圈,沙田 內圈,,,,,,助手,,快踱一圈,H,內圈 快踱一圈 (助手)
J037,13/12/2024,游水,沙田,,沙田,,,,,,,,游水,,
J037,13/12/2024,踱步,沙田,內圈,沙田 內圈,,,,,,助手,,快踱一圈,H,內圈 快踱一圈 (助手)
J037,12/12/2024,游水,沙田,,沙田,,,,,,,,游水,,
J037,12/12/2024,踱步,沙田,內圈,沙田 內圈,,,,,,助手,,倒快一圈,H,內圈 倒快一圈 (助手)
J037,11/12/2024,游水,沙田,,沙田,,,,,,,,游水,,
J037,11/12/2024,快操,沙田,全天候,沙田 全天候,,59.5,59.5,34.0 25.5,,助手,,快操,H,34.0 25.5 (59.5) (助手)
J037,11/12/2024,踱步,沙田,飛機場,沙田 飛機場,,,,,,助手,,踱步,H,飛機場 踱步 (助手)
J037,10/12/2024,游水,沙田,,沙田,,,,,,,,游水,,
J037,10/12/2024,踱步,沙田,內圈,沙田 內圈,,,,,,助手,,快踱一圈,H,內圈 快踱一圈 (助手)
J037,09/12/2024,游水,沙田,,沙田,,,,,,,,游水,,
J037,09/12/2024,踱步,沙田,內圈,沙田 內圈,,,,,,助手,,倒快一圈,H,內圈 倒快一圈 (助手)
J037,08/12/2024,游水,沙田,,沙田,,,,,,,,游水,,
J037,08/12/2024,踱步,沙田,飛機場,沙田 飛機場,,,,,,助手,,踱步,H,飛機場 踱步 (助手)
J037,07/12/2024,游水,從化,,從化,,,,,,,,游水,,
J037,07/12/2024,踱步,從化,內圈,從化 內圈,,,,,,助手,,快踱一圈,H,內圈 快踱一圈 (助手)
J037,06/12/2024,游水,從化,,從化,,,,,,,,游水,,
J037,06/12/2024,踱步,從化,內圈,從化 內圈,,,,,,助手,,快踱一圈,H,內圈 快踱一圈 (助手)
J037,05/12/2024,游水,從化,,從化,,,,,,,,游水,,
J037,05/12/2024,踱步,從化,內圈,從化 內圈,,,,,,助手,,倒快一圈,H,內圈 倒快一圈 (助手)
J037,04/12/2024,游水,從化,,從化,,,,,,,,游水,,
J037,04/12/2024,踱步,從化,飛機場,從化 飛機場,,,,,,助手,,踱步,,飛機場 踱步 (助手)
J037,03/12/2024,游水,從化,,從化,,,,,,,,游水,,
J037,02/12/2024,試閘,從化,草地,從化 草地,1600M,1.36.05,96.05,24.6 23.2 23.8 24.4,錶之量子,祖利曼,,第8組,B,第8組 (祖利曼) 1600M 錶之量子 24.6 23.2 23.8 24.4 (1.36.05)
J037,02/12/2024,踱步,從化,飛機場,從化 飛機場,,,,,,助手,,踱步,B,飛機場 踱步 (助手)
J037,01/12/2024,游水,從化,,從化,,,,,,,,游水,,
J037,01/12/2024,踱步,從化,內圈,從化 內圈,,,,,,助手,,快踱一圈,H,內圈 快踱一圈 (助手)
J037,30/11/2024,游水,從化,,從化,,,,,,,,游水,,
J037,30/11/2024,踱步,從化,內圈,從化 內圈,,,,,,助手,,快踱一圈,H,內圈 快踱一圈 (助手)
J037,29/11/2024,游水,從化,,從化,,,,,,,,游水,,
J037,29/11/2024,踱步,從化,內圈,從化 內圈,,,,,,助手,,快踱一圈,H,內圈 快踱一圈 (助手)
J037,28/11/2024,游水,從化,,從化,,,,,,,,游水,,
J037,28/11/2024,快操,從化,全天候,從化 全天候,,55.1,55.1,29.3 25.8,,助手,,快操,H,29.3 25.8 (55.1) (助手)
J037,28/11/2024,踱步,從化,飛機場,從化 飛機場,,,,,,助手,,踱步,H,飛機場 踱步 (助手)
J037,27/11/2024,游水,從化,,從化,,,,,,,,游水,,
J037,27/11/2024,踱步,從化,內圈,從化 內圈,,,,,,助手,,快踱一圈,H,內圈 快踱一圈 (助手)
J037,26/11/2024,游水,從化,,從化,,,,,,,,游水,,
J037,26/11/2024,踱步,從化,內圈,從化 內圈,,,,,,助手,,快踱一圈,H,內圈 快踱一圈 (助手)
J037,25/11/2024,游水,從化,,從化,,,,,,,,游水,,
J037,25/11/2024,踱步,從化,內圈,從化 內圈,,,,,,助手,,倒快一圈,H,內圈 倒快一圈 (助手)
J037,24/11/2024,游水,從化,,從化,,,,,,,,游水,,
J037,24/11/2024,快操,從化,全天候,從化 全天候,,26.0,26.0,26.0,,助手,,快操,H,26.0 (26.0) (助手)
J037,24/11/2024,踱步,從化,飛機場,從化 飛機場,,,,,,助手,,踱步,H,飛機場 踱步 (助手)
J037,23/11/2024,游水,從化,,從化,,,,,,,,游水,,
J037,23/11/2024,踱步,從化,內圈,從化 內圈,,,,,,助手,,快踱一圈,H,內圈 快踱一圈 (助手)
J037,22/11/2024,游水,從化,,從化,,,,,,,,游水,,
J037,22/11/2024,踱步,從化,內圈,從化 內圈,,,,,,助手,,快踱一圈,H,內圈 快踱一圈 (助手)
J037,21/11/2024,游水,從化,,從化,,,,,,,,游水,,
J037,21/11/2024,踱步,從化,飛機場,從化 飛機場,,,,,,助手,,踱步,,飛機場 踱步 (助手)
J037,20/11/2024,游水,沙田,,沙田,,,,,,,,游水,,
J037,20/11/2024,快操,沙田,全天候,沙田 全天候,,25.5,25.5,25.5,,助手,,快操,H,25.5 (25.5) (助手)
J037,19/11/2024,游水,沙田,,沙田,,,,,,,,游水,,
J037,19/11/2024,踱步,沙田,內圈,沙田 內圈,,,,,,助手,,快踱一圈,H,內圈 快踱一圈 (助手)
J037,18/11/2024,游水,沙田,,沙田,,,,,,,,游水,,
J037,18/11/2024,踱步,沙田,內圈,沙田 內圈,,,,,,助手,,倒快一圈,H,內圈 倒快一圈 (助手)
J037,17/11/2024,游水,沙田,,沙田,,,,,,,,游水,,
J037,17/11/2024,踱步,沙田,內圈,沙田 內圈,,,,,,助手,,快踱一圈,H,內圈 快踱一圈 (助手)
J037,16/11/2024,快操,沙田,全天候,沙田 全天候,,27.6,27.6,27.6,,助手,,快操,H,27.6 (27.6) (助手)
J037,15/11/2024,游水,沙田,,沙田,,,,,,,,游水,,
J037,15/11/2024,踱步,沙田,內圈,沙田 內圈,,,,,,助手,,快踱一圈,H,內圈 快踱一圈 (助手)
J037,14/11/2024,游水,沙田,,沙田,,,,,,,,游水,,
J037,13/11/2024,游水,沙田,,沙田,,,,,,,,游水,,
J037,13/11/2024,踱步,沙田,飛機場,沙田 飛機場,,,,,,助手,,踱步,H,飛機場 踱步 (助手)
J037,12/11/2024,游水,沙田,,沙田,,,,,,,,游水,,
J037,11/11/2024,游水,沙田,,沙田,,,,,,,,游水,,
J037,09/11/2024,出賽,沙田,全天候,沙田 全天候,1650M,,,,,周俊樂,13/14,出賽,B/TT,1650M (周俊樂) (13/14)
J037,09/11/2024,踱步,沙田,內圈,沙田 內圈,,,,,,助手,,快踱一圈,H,內圈 快踱一圈 (助手)
J037,08/11/2024,游水,沙田,,沙田,,,,,,,,游水,,
J037,08/11/2024,踱步,沙田,內圈,沙田 內圈,,,,,,助手,,快踱一圈,H,內圈 快踱一圈 (助手)
J037,07/11/2024,游水,沙田,,沙田,,,,,,,,游水,,
J037,07/11/2024,踱步,沙田,內圈,沙田 內圈,,,,,,助手,,倒快一圈,H,內圈 倒快一圈 (助手)
J037,06/11/2024,游水,沙田,,沙田,,,,,,,,游水,,
J037,06/11/2024,踱步,沙田,內圈,沙田 內圈,,,,,,助手,,快踱一圈,H,內圈 快踱一圈 (助手)
J037,05/11/2024,游水,沙田,,沙田,,,,,,,,游水,,
J037,05/11/2024,快操,沙田,全天候,沙田 全天候,,26.1,26.1,26.1,,助手,,快操,H,26.1 (26.1) (助手)
J037,05/11/2024,踱步,沙田,飛機場,沙田 飛機場,,,,,,助手,,踱步,H,飛機場 踱步 (助手)
J037,04/11/2024,游水,沙田,,沙田,,,,,,,,游水,,
J037,04/11/2024,踱步,沙田,內圈,沙田 內圈,,,,,,助手,,倒快一圈,H,內圈 倒快一圈 (助手)
J037,03/11/2024,游水,沙田,,沙田,,,,,,,,游水,,
J037,03/11/2024,踱步,沙田,內圈,沙田 內圈,,,,,,助手,,快踱一圈,H,內圈 快踱一圈 (助手)
J037,02/11/2024,游水,沙田,,沙田,,,,,,,,游水,,
J037,02/11/2024,踱步,沙田,內圈,沙田 內圈,,,,,,助手,,快踱一圈,H,內圈 快踱一圈 (助手)
J037,01/11/2024,游水,沙田,,沙田,,,,,,,,游水,,
J037,01/11/2024,快操,沙田,全天候,沙田 全天候,,28.6,28.6,28.6,,助手,,快操,H,28.6 (28.6) (助手)
J037,31/10/2024,游水,沙田,,沙田,,,,,,,,游水,,
J037,31/10/2024,踱步,沙田,內圈,沙田 內圈,,,,,,助手,,倒快一圈,H,內圈 倒快一圈 (助手)
J037,30/10/2024,游水,沙田,,沙田,,,,,,,,游水,,
J037,30/10/2024,踱步,沙田,內圈,沙田 內圈,,,,,,助手,,快踱一圈,H,內圈 快踱一圈 (助手)
J037,29/10/2024,游水,沙田,,沙田,,,,,,,,游水,,
J037,29/10/2024,踱步,沙田,內圈,沙田 內圈,,,,,,助手,,快踱一圈,H,內圈 快踱一圈 (助手)
J037,28/10/2024,游水,沙田,,沙田,,,,,,,,游水,,
J037,28/10/2024,踱步,沙田,內圈,沙田 內圈,,,,,,助手,,倒快一圈,H,內圈 倒快一圈 (助手)
J037,27/10/2024,游水,沙田,,沙田,,,,,,,,游水,,
J037,27/10/2024,踱步,沙田,飛機場,沙田 飛機場,,,,,,助手,,踱步,H,飛機場 踱步 (助手)
J037,26/10/2024,游水,沙田,,沙田,,,,,,,,游水,,
J037,25/10/2024,游水,沙田,,沙田,,,,,,,,游水,,
J037,23/10/2024,出賽,沙田,全天候,沙田 全天候,1650M,,,,,周俊樂,5/11,出賽,B/TT,1650M (周俊樂) (5/11)
J037,23/10/2024,踱步,沙田,內圈,沙田 內圈,,,,,,助手,,快踱一圈,H,內圈 快踱一圈 (助手)
J037,22/10/2024,游水,沙田,,沙田,,,,,,,,游水,,
J037,22/10/2024,踱步,沙田,內圈,沙田 內圈,,,,,,助手,,快踱一圈,H,內圈 快踱一圈 (助手)
J037,21/10/2024,游水,沙田,,沙田,,,,,,,,游水,,
J037,21/10/2024,踱步,沙田,內圈,沙田 內圈,,,,,,助手,,倒快一圈,H,內圈 倒快一圈 (助手)
J037,20/10/2024,游水,沙田,,沙田,,,,,,,,游水,,
J037,20/10/2024,踱步,沙田,內圈,沙田 內圈,,,,,,助手,,快踱一圈,H,內圈 快踱一圈 (助手)
J037,19/10/2024,游水,沙田,,沙田,,,,,,,,游水,,
J037,19/10/2024,快操,沙田,全天候,沙田 全天候,,24.8,24.8,24.8,,周俊樂,,快操,H,24.8 (24.8) (周俊樂)
J037,19/10/2024,踱步,沙田,飛機場,沙田 飛機場,,,,,,周俊樂,,踱步,H,飛機場 踱步 (周俊樂)
J037,18/10/2024,游水,沙田,,沙田,,,,,,,,游水,,
J037,18/10/2024,踱步,沙田,內圈,沙田 內圈,,,,,,助手,,快踱一圈,H,內圈 快踱一圈 (助手)
J037,17/10/2024,游水,沙田,,沙田,,,,,,,,游水,,
J037,17/10/2024,踱步,沙田,內圈,沙田 內圈,,,,,,助手,,倒快一圈,H,內圈 倒快一圈 (助手)
J037,16/10/2024,游水,沙田,,沙田,,,,,,,,游水,,
J037,16/10/2024,踱步,沙田,內圈,沙田 內圈,,,,,,助手,,快踱一圈,H,內圈 快踱一圈 (助手)
J037,15/10/2024,游水,沙田,,沙田,,,,,,,,游水,,
J037,15/10/2024,快操,沙田,全天候,沙田 全天候,,27.0,27.0,27.0,,周俊樂,,快操,H,27.0 (27.0) (周俊樂)
J037,15/10/2024,踱步,沙田,飛機場,沙田 飛機場,,,,,,周俊樂,,踱步,H,飛機場 踱步 (周俊樂)
J037,14/10/2024,游水,沙田,,沙田,,,,,,,,游水,,
J037,14/10/2024,踱步,沙田,內圈,沙田 內圈,,,,,,助手,,倒快一圈,H,內圈 倒快一圈 (助手)
J037,13/10/2024,游水,沙田,,沙田,,,,,,,,游水,,
J037,13/10/2024,踱步,沙田,內圈,沙田 內圈,,,,,,助手,,快踱一圈,H,內圈 快踱一圈 (助手)
J037,12/10/2024,游水,沙田,,沙田,,,,,,,,游水,,
J037,12/10/2024,踱步,沙田,內圈,沙田 內圈,,,,,,助手,,快踱一圈,H,內圈 快踱一圈 (助手)
J037,11/10/2024,游水,沙田,,沙田,,,,,,,,游水,,
J037,11/10/2024,踱步,沙田,內圈,沙田 內圈,,,,,,助手,,快踱一圈,H,內圈 快踱一圈 (助手)
J037,10/10/2024,游水,沙田,,沙田,,,,,,,,游水,,
J037,10/10/2024,踱步,沙田,飛機場,沙田 飛機場,,,,,,助手,,踱步,H,飛機場 踱步 (助手)
J037,09/10/2024,游水,沙田,,沙田,,,,,,,,游水,,
J037,08/10/2024,游水,沙田,,沙田,,,,,,,,游水,,
J037,06/10/2024,出賽,沙田,草地,沙田 草地,1400M,,,,,梁家俊,4/13,出賽,B/TT,1400M (梁家俊) (4/13)
J037,06/10/2024,踱步,沙田,內圈,沙田 內圈,,,,,,助手,,快踱一圈,H,內圈 快踱一圈 (助手)
J037,05/10/2024,游水,沙田,,沙田,,,,,,,,游水,,
J037,05/10/2024,踱步,沙田,內圈,沙田 內圈,,,,,,助手,,快踱一圈,H,內圈 快踱一圈 (助手)
J037,04/10/2024,游水,沙田,,沙田,,,,,,,,游水,,
J037,04/10/2024,踱步,沙田,內圈,沙田 內圈,,,,,,助手,,快踱一圈,H,內圈 快踱一圈 (助手)
J037,03/10/2024,游水,沙田,,沙田,,,,,,,,游水,,
J037,03/10/2024,踱步,沙田,內圈,沙田 內圈,,,,,,助手,,倒快一圈,H,內圈 倒快一圈 (助手)
J037,02/10/2024,游水,沙田,,沙田,,,,,,,,游水,,
J037,02/10/2024,快操,沙田,全天候,沙田 全天候,,55.6,55.6,30.6 25.0,,梁家俊,,快操,H,30.6 25.0 (55.6) (梁家俊)
J037,02/10/2024,踱步,沙田,飛機場,沙田 飛機場,,,,,,助手,,踱步,H,飛機場 踱步 (助手)
J037,01/10/2024,游水,沙田,,沙田,,,,,,,,游水,,
J037,01/10/2024,踱步,沙田,內圈,沙田 內圈,,,,,,助手,,快踱一圈,H,內圈 快踱一圈 (助手)
J037,30/09/2024,游水,沙田,,沙田,,,,,,,,游水,,
J037,30/09/2024,踱步,沙田,內圈,沙田 內圈,,,,,,助手,,倒快一圈,H,內圈 倒快一圈 (助手)
J037,29/09/2024,游水,沙田,,沙田,,,,,,,,游水,,
J037,29/09/2024,踱步,沙田,內圈,沙田 內圈,,,,,,助手,,快踱一圈,H,內圈 快踱一圈 (助手)
J037,28/09/2024,游水,沙田,,沙田,,,,,,,,游水,,
J037,28/09/2024,踱步,沙田,內圈,沙田 內圈,,,,,,助手,,快踱一圈,H,內圈 快踱一圈 (助手)
J037,27/09/2024,游水,沙田,,沙田,,,,,,,,游水,,
J037,27/09/2024,踱步,沙田,內圈,沙田 內圈,,,,,,助手,,快踱一圈,PH,內圈 快踱一圈 (助手)
J037,26/09/2024,踱步,沙田,飛機場,沙田 飛機場,,,,,,助手,,踱步,H,飛機場 踱步 (助手)
J037,25/09/2024,游水,沙田,,沙田,,,,,,,,游水,,
J037,25/09/2024,踱步,沙田,內圈,沙田 內圈,,,,,,助手,,快踱一圈,H,內圈 快踱一圈 (助手)
J037,24/09/2024,游水,沙田,,沙田,,,,,,,,游水,,
J037,24/09/2024,快操,沙田,全天候,沙田 全天候,,27.6,27.6,27.6,,助手,,快操,H,27.6 (27.6) (助手)
J037,24/09/2024,踱步,沙田,飛機場,沙田 飛機場,,,,,,助手,,踱步,H,飛機場 踱步 (助手)
J037,23/09/2024,游水,沙田,,沙田,,,,,,,,游水,,
J037,23/09/2024,踱步,沙田,內圈,沙田 內圈,,,,,,助手,,倒快一圈,H,內圈 倒快一圈 (助手)
J037,22/09/2024,游水,沙田,,沙田,,,,,,,,游水,,
J037,22/09/2024,踱步,沙田,內圈,沙田 內圈,,,,,,助手,,快踱一圈,H,內圈 快踱一圈 (助手)
J037,21/09/2024,游水,沙田,,沙田,,,,,,,,游水,,
J037,21/09/2024,踱步,沙田,內圈,沙田 內圈,,,,,,助手,,快踱一圈,H,內圈 快踱一圈 (助手)
J037,20/09/2024,游水,沙田,,沙田,,,,,,,,游水,,
J037,20/09/2024,踱步,沙田,內圈,沙田 內圈,,,,,,助手,,快踱一圈,H,內圈 快踱一圈 (助手)
J037,19/09/2024,游水,沙田,,沙田,,,,,,,,游水,,
J037,19/09/2024,踱步,沙田,飛機場,沙田 飛機場,,,,,,助手,,踱步,H,飛機場 踱步 (助手)
J037,18/09/2024,游水,沙田,,沙田,,,,,,,,游水,,
J037,17/09/2024,游水,沙田,,沙田,,,,,,,,游水,,
J037,15/09/2024,出賽,沙田,草地,沙田 草地,1400M,,,,,周俊樂,4/12,出賽,B/TT,1400M (周俊樂) (4/12)
J037,15/09/2024,踱步,沙田,內圈,沙田 內圈,,,,,,助手,,快踱一圈,H,內圈 快踱一圈 (助手)
J037,14/09/2024,游水,沙田,,沙田,,,,,,,,游水,,
J037,14/09/2024,踱步,沙田,內圈,沙田 內圈,,,,,,助手,,快踱一圈,H,內圈 快踱一圈 (助手)
J037,13/09/2024,游水,沙田,,沙田,,,,,,,,游水,,
J037,13/09/2024,踱步,沙田,內圈,沙田 內圈,,,,,,助手,,快踱一圈,H,內圈 快踱一圈 (助手)
J037,12/09/2024,游水,沙田,,沙田,,,,,,,,游水,,
J037,12/09/2024,踱步,沙田,內圈,沙田 內圈,,,,,,助手,,倒快一圈,H,內圈 倒快一圈 (助手)
J037,11/09/2024,游水,沙田,,沙田,,,,,,,,游水,,
J037,11/09/2024,快操,沙田,全天候,沙田 全天候,,58.2,58.2,32.5 25.7,,周俊樂,,快操,H,32.5 25.7 (58.2) (周俊樂)
J037,11/09/2024,踱步,沙田,飛機場,沙田 飛機場,,,,,,周俊樂,,踱步,H,飛機場 踱步 (周俊樂)
J037,10/09/2024,游水,沙田,,沙田,,,,,,,,游水,,
J037,10/09/2024,踱步,沙田,內圈,沙田 內圈,,,,,,助手,,快踱一圈,H,內圈 快踱一圈 (助手)
J037,09/09/2024,游水,沙田,,沙田,,,,,,,,游水,,
J037,09/09/2024,踱步,沙田,內圈,沙田 內圈,,,,,,助手,,倒快兩圈,H,內圈 倒快兩圈 (助手)
J037,08/09/2024,游水,沙田,,沙田,,,,,,,,游水,,
J037,08/09/2024,踱步,沙田,內圈,沙田 內圈,,,,,,助手,,快踱一圈,H,內圈 快踱一圈 (助手)
J037,07/09/2024,游水,沙田,,沙田,,,,,,,,游水,,
J037,07/09/2024,快操,沙田,全天候,沙田 全天候,,25.9,25.9,25.9,,周俊樂,,快操,H,25.9 (25.9) (周俊樂)
J037,07/09/2024,踱步,沙田,飛機場,沙田 飛機場,,,,,,周俊樂,,踱步,H,飛機場 踱步 (周俊樂)
J037,06/09/2024,游水,沙田,,沙田,,,,,,,,游水,,
J037,05/09/2024,游水,沙田,,沙田,,,,,,,,游水,,
J037,05/09/2024,踱步,沙田,內圈,沙田 內圈,,,,,,助手,,倒快一圈,H,內圈 倒快一圈 (助手)
J037,04/09/2024,游水,沙田,,沙田,,,,,,,,游水,,
J037,04/09/2024,踱步,沙田,內圈,沙田 內圈,,,,,,助手,,快踱一圈,H,內圈 快踱一圈 (助手)
J037,03/09/2024,游水,沙田,,沙田,,,,,,,,游水,,
J037,03/09/2024,踱步,沙田,內圈,沙田 內圈,,,,,,助手,,快踱一圈,H,內圈 快踱一圈 (助手)
J037,02/09/2024,游水,沙田,,沙田,,,,,,,,游水,,
J037,02/09/2024,踱步,沙田,內圈,沙田 內圈,,,,,,助手,,倒快一圈,H,內圈 倒快一圈 (助手)
J037,01/09/2024,游水,沙田,,沙田,,,,,,,,游水,,
J037,01/09/2024,踱步,沙田,內圈,沙田 內圈,,,,,,助手,,快踱一圈,H,內圈 快踱一圈 (助手)
J037,31/08/2024,游水,沙田,,沙田,,,,,,,,游水,,
J037,31/08/2024,踱步,沙田,飛機場,沙田 飛機場,,,,,,助手,,踱步,H,飛機場 踱步 (助手)
J037,30/08/2024,游水,從化,,從化,,,,,,,,游水,,
J037,29/08/2024,試閘,從化,草地,從化 草地,1200M,1.10.36,70.36,24.6 22.3 23.4,最好玩,周俊樂,,第6組,B,第6組 (周俊樂) 1200M 最好玩 24.6 22.3 23.4 (1.10.36)
J037,29/08/2024,踱步,從化,飛機場,從化 飛機場,,,,,,助手,,踱步,B,飛機場 踱步 (助手)
J037,28/08/2024,游水,從化,,從化,,,,,,,,游水,,
J037,28/08/2024,踱步,從化,內圈,從化 內圈,,,,,,助手,,快踱一圈,H,內圈 快踱一圈 (助手)
J037,27/08/2024,游水,從化,,從化,,,,,,,,游水,,
J037,27/08/2024,踱步,從化,內圈,從化 內圈,,,,,,助手,,快踱一圈,H,內圈 快踱一圈 (助手)
J037,26/08/2024,游水,從化,,從化,,,,,,,,游水,,
J037,26/08/2024,踱步,從化,內圈,從化 內圈,,,,,,助手,,倒快一圈,H,內圈 倒快一圈 (助手)
J037,25/08/2024,游水,從化,,從化,,,,,,,,游水,,
J037,25/08/2024,快操,從化,全天候,從化 全天候,,25.6,25.6,25.6,,助手,,快操,H,25.6 (25.6) (助手)
J037,25/08/2024,踱步,從化,飛機場,從化 飛機場,,,,,,助手,,踱步,H,飛機場 踱步 (助手)
J037,24/08/2024,游水,從化,,從化,,,,,,,,游水,,
J037,24/08/2024,踱步,從化,內圈,從化 內圈,,,,,,助手,,快踱一圈,H,內圈 快踱一圈 (助手)
J037,23/08/2024,游水,從化,,從化,,,,,,,,游水,,
J037,23/08/2024,踱步,從化,內圈,從化 內圈,,,,,,助手,,快踱一圈,H,內圈 快踱一圈 (助手)
J037,22/08/2024,游水,從化,,從化,,,,,,,,游水,,
J037,22/08/2024,踱步,從化,內圈,從化 內圈,,,,,,助手,,倒快一圈,H,內圈 倒快一圈 (助手)
J037,21/08/2024,游水,從化,,從化,,,,,,,,游水,,
J037,21/08/2024,快操,從化,全天候,從化 全天候,,26.2,26.2,26.2,,助手,,快操,H,26.2 (26.2) (助手)
J037,21/08/2024,踱步,從化,飛機場,從化 飛機場,,,,,,助手,,踱步,H,飛機場 踱步 (助手)
J037,20/08/2024,游水,從化,,從化,,,,,,,,游水,,
J037,20/08/2024,踱步,從化,內圈,從化 內圈,,,,,,助手,,快踱一圈,H,內圈 快踱一圈 (助手)
J037,19/08/2024,游水,從化,,從化,,,,,,,,游水,,
J037,19/08/2024,踱步,從化,內圈,從化 內圈,,,,,,助手,,倒快一圈,H,內圈 倒快一圈 (助手)
J037,18/08/2024,游水,從化,,從化,,,,,,,,游水,,
J037,18/08/2024,踱步,從化,內圈,從化 內圈,,,,,,助手,,快踱一圈,H,內圈 快踱一圈 (助手)
J037,17/08/2024,游水,從化,,從化,,,,,,,,游水,,
J037,17/08/2024,踱步,從化,內圈,從化 內圈,,,,,,助手,,快踱一圈,H,內圈 快踱一圈 (助手)
J037,16/08/2024,游水,從化,,從化,,,,,,,,游水,,
J037,15/08/2024,試閘,從化,全天候,從化 全天候,1200M,1.11.13,71.13,24.8 22.1 24.2,爆熱,周俊樂,,第1組,B,第1組 (周俊樂) 1200M 爆熱 24.8 22.1 24.2 (1.11.13)
J037,15/08/2024,踱步,從化,飛機場,從化 飛機場,,,,,,助手,,踱步,B,飛機場 踱步 (助手)
J037,14/08/2024,游水,從化,,從化,,,,,,,,游水,,
J037,14/08/2024,踱步,從化,內圈,從化 內圈,,,,,,助手,,快踱一圈,H,內圈 快踱一圈 (助手)
J037,13/08/2024,游水,從化,,從化,,,,,,,,游水,,
J037,13/08/2024,踱步,從化,內圈,從化 內圈,,,,,,助手,,快踱一圈,H,內圈 快踱一圈 (助手)
J037,12/08/2024,游水,從化,,從化,,,,,,,,游水,,
J037,12/08/2024,踱步,從化,內圈,從化 內圈,,,,,,助手,,倒快一圈,H,內圈 倒快一圈 (助手)
J037,11/08/2024,游水,從化,,從化,,,,,,,,游水,,
J037,11/08/2024,快操,從化,全天候,從化 全天候,,27.7,27.7,27.7,,助手,,快操,H,27.7 (27.7) (助手)
J037,11/08/2024,踱步,從化,飛機場,從化 飛機場,,,,,,助手,,踱步,H,飛機場 踱步 (助手)
J037,10/08/2024,游水,從化,,從化,,,,,,,,游水,,
J037,10/08/2024,踱步,從化,內圈,從化 內圈,,,,,,助手,,快踱一圈,H,內圈 快踱一圈 (助手)
J037,09/08/2024,游水,從化,,從化,,,,,,,,游水,,
J037,09/08/2024,踱步,從化,內圈,從化 內圈,,,,,,助手,,快踱一圈,H,內圈 快踱一圈 (助手)
J037,08/08/2024,游水,從化,,從化,,,,,,,,游水,,
J037,08/08/2024,踱步,從化,內圈,從化 內圈,,,,,,助手,,倒快一圈,H,內圈 倒快一圈 (助手)
J037,07/08/2024,游水,從化,,從化,,,,,,,,游水,,
J037,07/08/2024,快操,從化,全天候,從化 全天候,,26.3,26.3,26.3,,助手,,快操,H,26.3 (26.3) (助手)
J037,07/08/2024,踱步,從化,飛機場,從化 飛機場,,,,,,助手,,踱步,H,飛機場 踱步 (助手)
J037,06/08/2024,游水,從化,,從化,,,,,,,,游水,,
J037,06/08/2024,踱步,從化,內圈,從化 內圈,,,,,,助手,,快踱一圈,H,內圈 快踱一圈 (助手)
J037,05/08/2024,游水,從化,,從化,,,,,,,,游水,,
J037,05/08/2024,踱步,從化,內圈,從化 內圈,,,,,,助手,,倒快一圈,H,內圈 倒快一圈 (助手)
J037,04/08/2024,游水,從化,,從化,,,,,,,,游水,,
J037,04/08/2024,踱步,從化,內圈,從化 內圈,,,,,,助手,,快踱一圈,H,內圈 快踱一圈 (助手)
J037,03/08/2024,游水,從化,,從化,,,,,,,,游水,,
J037,03/08/2024,快操,從化,全天候,從化 全天候,,26.2,26.2,26.2,,助手,,快操,H,26.2 (26.2) (助手)
J037,03/08/2024,踱步,從化,飛機場,從化 飛機場,,,,,,助手,,踱步,H,飛機場 踱步 (助手)
J037,02/08/2024,游水,從化,,從化,,,,,,,,游水,,
J037,02/08/2024,踱步,從化,內圈,從化 內圈,,,,,,助手,,快踱一圈,H,內圈 快踱一圈 (助手)
J037,01/08/2024,游水,從化,,從化,,,,,,,,游水,,
J037,01/08/2024,踱步,從化,內圈,從化 內圈,,,,,,助手,,倒快一圈,H,內圈 倒快一圈 (助手)
J037,31/07/2024,游水,從化,,從化,,,,,,,,游水,,
J037,31/07/2024,踱步,從化,內圈,從化 內圈,,,,,,助手,,快踱一圈,H,內圈 快踱一圈 (助手)
J037,30/07/2024,游水,從化,,從化,,,,,,,,游水,,
J037,30/07/2024,快操,從化,全天候,從化 全天候,,25.9,25.9,25.9,,助手,,快操,H,25.9 (25.9) (助手)
J037,30/07/2024,踱步,從化,飛機場,從化 飛機場,,,,,,助手,,踱步,H,飛機場 踱步 (助手)
J037,29/07/2024,踱步,從化,內圈,從化 內圈,,,,,,助手,,倒快一圈,H,內圈 倒快一圈 (助手)
J037,28/07/2024,踱步,從化,內圈,從化 內圈,,,,,,助手,,快踱一圈,H,內圈 快踱一圈 (助手)
J037,27/07/2024,踱步,從化,內圈,從化 內圈,,,,,,助手,,快踱一圈,H,內圈 快踱一圈 (助手)
J037,26/07/2024,快操,從化,全天候,從化 全天候,,28.4,28.4,28.4,,助手,,快操,H,28.4 (28.4) (助手)
J037,26/07/2024,踱步,從化,飛機場,從化 飛機場,,,,,,助手,,踱步,H,飛機場 踱步 (助手)
J037,25/07/2024,踱步,從化,內圈,從化 內圈,,,,,,助手,,倒快一圈,H,內圈 倒快一圈 (助手)
J037,24/07/2024,踱步,從化,內圈,從化 內圈,,,,,,助手,,快踱一圈,H,內圈 快踱一圈 (助手)
J037,23/07/2024,踱步,從化,內圈,從化 內圈,,,,,,助手,,快踱一圈,H,內圈 快踱一圈 (助手)
J037,22/07/2024,踱步,從化,飛機場,從化 飛機場,,,,,,助手,,踱步,H,飛機場 踱步 (助手)
J037,21/07/2024,踱步,從化,飛機場,從化 飛機場,,,,,,助手,,踱步,H,飛機場 踱步 (助手)
J037,20/07/2024,踱步,從化,飛機場,從化 飛機場,,,,,,助手,,踱步,H,飛機場 踱步 (助手)
J037,19/07/2024,踱步,從化,飛機場,從化 飛機場,,,,,,助手,,踱步,H,飛機場 踱步 (助手)
J037,18/07/2024,踱步,從化,飛機場,從化 飛機場,,,,,,助手,,踱步,H,飛機場 踱步 (助手)
J037,17/07/2024,踱步,從化,飛機場,從化 飛機場,,,,,,助手,,踱步,H,飛機場 踱步 (助手)
J037,16/07/2024,踱步,從化,飛機場,從化 飛機場,,,,,,助手,,踱步,H,飛機場 踱步 (助手)
J037,15/07/2024,踱步,從化,飛機場,從化 飛機場,,,,,,助手,,踱步,H,飛機場 踱步 (助手)
J037,14/07/2024,游水,從化,,從化,,,,,,,,游水,,
J037,14/07/2024,踱步,從化,內圈,從化 內圈,,,,,,助手,,快踱一圈,H,內圈 快踱一圈 (助手)
J037,13/07/2024,游水,從化,,從化,,,,,,,,游水,,
J037,13/07/2024,踱步,從化,飛機場,從化 飛機場,,,,,,助手,,踱步,,飛機場 踱步 (助手)
J037,12/07/2024,游水,沙田,,沙田,,,,,,,,游水,,
J037,12/07/2024,踱步,沙田,內圈,沙田 內圈,,,,,,助手,,快踱一圈,H,內圈 快踱一圈 (助手)
J037,11/07/2024,游水,沙田,,沙田,,,,,,,,游水,,
J037,11/07/2024,踱步,沙田,內圈,沙田 內圈,,,,,,助手,,倒快一圈,H,內圈 倒快一圈 (助手)
J037,10/07/2024,游水,沙田,,沙田,,,,,,,,游水,,
J037,10/07/2024,踱步,沙田,飛機場,沙田 飛機場,,,,,,助手,,踱步,H,飛機場 踱步 (助手)
J037,09/07/2024,游水,沙田,,沙田,,,,,,,,游水,,
J037,08/07/2024,游水,沙田,,沙田,,,,,,,,游水,,
J037,06/07/2024,出賽,沙田,草地,沙田 草地,1600M,,,,,希威森,9/14,出賽,B/TT,1600M (希威森) (9/14)
J037,06/07/2024,踱步,沙田,內圈,沙田 內圈,,,,,,助手,,快踱一圈,H,內圈 快踱一圈 (助手)
J037,05/07/2024,游水,沙田,,沙田,,,,,,,,游水,,
J037,05/07/2024,踱步,沙田,內圈,沙田 內圈,,,,,,助手,,快踱一圈,H,內圈 快踱一圈 (助手)
J037,04/07/2024,游水,沙田,,沙田,,,,,,,,游水,,
J037,04/07/2024,踱步,沙田,內圈,沙田 內圈,,,,,,助手,,倒快一圈,H,內圈 倒快一圈 (助手)
J037,03/07/2024,游水,沙田,,沙田,,,,,,,,游水,,
J037,03/07/2024,踱步,沙田,內圈,沙田 內圈,,,,,,助手,,快踱一圈,H,內圈 快踱一圈 (助手)
J037,02/07/2024,游水,沙田,,沙田,,,,,,,,游水,,
J037,02/07/2024,快操,沙田,全天候,沙田 全天候,,1.01.4,61.4,32.7 28.7,,副練馬師,,快操,H,32.7 28.7 (1.01.4) (副練馬師)
J037,02/07/2024,踱步,沙田,飛機場,沙田 飛機場,,,,,,副練馬師,,踱步,H,飛機場 踱步 (副練馬師)
J037,01/07/2024,游水,沙田,,沙田,,,,,,,,游水,,
J037,01/07/2024,踱步,沙田,內圈,沙田 內圈,,,,,,助手,,倒快一圈,H,內圈 倒快一圈 (助手)
J037,30/06/2024,游水,沙田,,沙田,,,,,,,,游水,,
J037,30/06/2024,踱步,沙田,內圈,沙田 內圈,,,,,,助手,,快踱一圈,H,內圈 快踱一圈 (助手)
J037,29/06/2024,游水,沙田,,沙田,,,,,,,,游水,,
J037,29/06/2024,踱步,沙田,內圈,沙田 內圈,,,,,,助手,,快踱一圈,H,內圈 快踱一圈 (助手)
J037,28/06/2024,游水,沙田,,沙田,,,,,,,,游水,,
J037,28/06/2024,踱步,沙田,內圈,沙田 內圈,,,,,,助手,,快踱一圈,H,內圈 快踱一圈 (助手)
J037,27/06/2024,游水,沙田,,沙田,,,,,,,,游水,,
J037,27/06/2024,踱步,沙田,飛機場,沙田 飛機場,,,,,,助手,,踱步,H,飛機場 踱步 (助手)
J037,26/06/2024,游水,沙田,,沙田,,,,,,,,游水,,
J037,25/06/2024,游水,沙田,,沙田,,,,,,,,游水,,
J037,23/06/2024,出賽,沙田,草地,沙田 草地,1400M,,,,,周俊樂,4/14,出賽,CP-/B2/TT,1400M (周俊樂) (4/14)
J037,23/06/2024,踱步,沙田,內圈,沙田 內圈,,,,,,助手,,快踱一圈,H,內圈 快踱一圈 (助手)
J037,22/06/2024,游水,沙田,,沙田,,,,,,,,游水,,
J037,22/06/2024,踱步,沙田,內圈,沙田 內圈,,,,,,助手,,快踱一圈,H,內圈 快踱一圈 (助手)
J037,21/06/2024,游水,沙田,,沙田,,,,,,,,游水,,
J037,21/06/2024,踱步,沙田,內圈,沙田 內圈,,,,,,助手,,快踱一圈,H,內圈 快踱一圈 (助手)
J037,20/06/2024,游水,沙田,,沙田,,,,,,,,游水,,
J037,20/06/2024,踱步,沙田,內圈,沙田 內圈,,,,,,助手,,倒快一圈,H,內圈 倒快一圈 (助手)
J037,19/06/2024,游水,沙田,,沙田,,,,,,,,游水,,
J037,19/06/2024,快操,沙田,全天候,沙田 全天候,,57.0,57.0,31.8 25.2,,副練馬師,,快操,H,31.8 25.2 (57.0) (副練馬師)
J037,19/06/2024,踱步,沙田,飛機場,沙田 飛機場,,,,,,副練馬師,,踱步,H,飛機場 踱步 (副練馬師)
J037,18/06/2024,游水,沙田,,沙田,,,,,,,,游水,,
J037,18/06/2024,踱步,沙田,內圈,沙田 內圈,,,,,,助手,,快踱一圈,H,內圈 快踱一圈 (助手)
J037,17/06/2024,游水,沙田,,沙田,,,,,,,,游水,,
J037,17/06/2024,踱步,沙田,內圈,沙田 內圈,,,,,,助手,,倒快一圈,H,內圈 倒快一圈 (助手)
J037,16/06/2024,游水,沙田,,沙田,,,,,,,,游水,,
J037,16/06/2024,踱步,沙田,內圈,沙田 內圈,,,,,,助手,,快踱一圈,H,內圈 快踱一圈 (助手)
J037,15/06/2024,游水,沙田,,沙田,,,,,,,,游水,,
J037,15/06/2024,快操,沙田,全天候,沙田 全天候,,25.9,25.9,25.9,,副練馬師,,快操,H,25.9 (25.9) (副練馬師)
J037,15/06/2024,踱步,沙田,飛機場,沙田 飛機場,,,,,,副練馬師,,踱步,H,飛機場 踱步 (副練馬師)
J037,14/06/2024,游水,沙田,,沙田,,,,,,,,游水,,
J037,14/06/2024,踱步,沙田,內圈,沙田 內圈,,,,,,助手,,快踱一圈,H,內圈 快踱一圈 (助手)
J037,13/06/2024,游水,沙田,,沙田,,,,,,,,游水,,
J037,13/06/2024,踱步,沙田,內圈,沙田 內圈,,,,,,助手,,倒快一圈,H,內圈 倒快一圈 (助手)
J037,12/06/2024,游水,沙田,,沙田,,,,,,,,游水,,
J037,12/06/2024,踱步,沙田,內圈,沙田 內圈,,,,,,周俊樂,,快踱一圈,H,內圈 快踱一圈 (周俊樂)
J037,11/06/2024,游水,沙田,,沙田,,,,,,,,游水,,
J037,11/06/2024,快操,沙田,全天候,沙田 全天候,,30.7,30.7,30.7,,副練馬師,,快操,H,30.7 (30.7) (副練馬師)
J037,11/06/2024,踱步,沙田,飛機場,沙田 飛機場,,,,,,副練馬師,,踱步,H,飛機場 踱步 (副練馬師)
J037,10/06/2024,游水,沙田,,沙田,,,,,,,,游水,,
J037,10/06/2024,踱步,沙田,內圈,沙田 內圈,,,,,,助手,,倒快一圈,H,內圈 倒快一圈 (助手)
J037,09/06/2024,游水,沙田,,沙田,,,,,,,,游水,,
J037,09/06/2024,踱步,沙田,內圈,沙田 內圈,,,,,,助手,,快踱一圈,H,內圈 快踱一圈 (助手)
J037,08/06/2024,游水,沙田,,沙田,,,,,,,,游水,,
J037,08/06/2024,踱步,沙田,內圈,沙田 內圈,,,,,,助手,,快踱一圈,H,內圈 快踱一圈 (助手)
J037,07/06/2024,游水,沙田,,沙田,,,,,,,,游水,,
J037,07/06/2024,踱步,沙田,內圈,沙田 內圈,,,,,,助手,,快踱一圈,H,內圈 快踱一圈 (助手)
J037,06/06/2024,游水,沙田,,沙田,,,,,,,,游水,,
J037,06/06/2024,踱步,沙田,飛機場,沙田 飛機場,,,,,,助手,,踱步,H,飛機場 踱步 (助手)
J037,05/06/2024,游水,沙田,,沙田,,,,,,,,游水,,
J037,04/06/2024,游水,沙田,,沙田,,,,,,,,游水,,
J037,02/06/2024,出賽,沙田,草地,沙田 草地,1400M,,,,,周俊樂,10/14,出賽,CP/TT,1400M (周俊樂) (10/14)
J037,02/06/2024,踱步,沙田,內圈,沙田 內圈,,,,,,助手,,快踱一圈,H,內圈 快踱一圈 (助手)
J037,01/06/2024,游水,沙田,,沙田,,,,,,,,游水,,
J037,01/06/2024,踱步,沙田,內圈,沙田 內圈,,,,,,助手,,快踱一圈,H,內圈 快踱一圈 (助手)
J037,31/05/2024,游水,沙田,,沙田,,,,,,,,游水,,
J037,31/05/2024,踱步,沙田,內圈,沙田 內圈,,,,,,助手,,快踱一圈,H,內圈 快踱一圈 (助手)
J037,30/05/2024,游水,沙田,,沙田,,,,,,,,游水,,
J037,30/05/2024,快操,沙田,全天候,沙田 全天候,,57.1,57.1,31.2 25.9,,副練馬師,,快操,H,31.2 25.9 (57.1) (副練馬師)
J037,30/05/2024,踱步,沙田,飛機場,沙田 飛機場,,,,,,副練馬師,,踱步,H,飛機場 踱步 (副練馬師)
J037,29/05/2024,游水,沙田,,沙田,,,,,,,,游水,,
J037,29/05/2024,踱步,沙田,內圈,沙田 內圈,,,,,,周俊樂,,快踱一圈,H,內圈 快踱一圈 (周俊樂)
J037,28/05/2024,游水,沙田,,沙田,,,,,,,,游水,,
J037,28/05/2024,踱步,沙田,內圈,沙田 內圈,,,,,,助手,,快踱一圈,H,內圈 快踱一圈 (助手)
J037,27/05/2024,游水,沙田,,沙田,,,,,,,,游水,,
J037,27/05/2024,踱步,沙田,內圈,沙田 內圈,,,,,,助手,,倒快一圈,H,內圈 倒快一圈 (助手)
J037,26/05/2024,游水,沙田,,沙田,,,,,,,,游水,,
J037,26/05/2024,踱步,沙田,內圈,沙田 內圈,,,,,,助手,,快踱一圈,H,內圈 快踱一圈 (助手)
J037,25/05/2024,游水,沙田,,沙田,,,,,,,,游水,,
J037,25/05/2024,踱步,沙田,內圈,沙田 內圈,,,,,,助手,,快踱一圈,H,內圈 快踱一圈 (助手)
J037,24/05/2024,踱步,沙田,內圈,沙田 內圈,,,,,,助手,,快踱一圈,H,內圈 快踱一圈 (助手)
J037,23/05/2024,游水,沙田,,沙田,,,,,,,,游水,,
J037,23/05/2024,踱步,沙田,內圈,沙田 內圈,,,,,,助手,,倒快一圈,H,內圈 倒快一圈 (助手)
J037,21/05/2024,試閘,沙田,全天候,沙田 全天候,1200M,1.13.41,73.41,25.3 23.8 24.3,機械騎士,周俊樂,,第3組,CP,第3組 (周俊樂) 1200M 機械騎士 25.3 23.8 24.3 (1.13.41)
J037,20/05/2024,游水,沙田,,沙田,,,,,,,,游水,,
J037,20/05/2024,踱步,沙田,內圈,沙田 內圈,,,,,,助手,,倒快一圈,H,內圈 倒快一圈 (助手)
J037,19/05/2024,游水,沙田,,沙田,,,,,,,,游水,,
J037,19/05/2024,踱步,沙田,內圈,沙田 內圈,,,,,,助手,,快踱一圈,H,內圈 快踱一圈 (助手)
J037,18/05/2024,游水,沙田,,沙田,,,,,,,,游水,,
J037,18/05/2024,踱步,沙田,內圈,沙田 內圈,,,,,,助手,,快踱一圈,H,內圈 快踱一圈 (助手)
J037,17/05/2024,快操,沙田,全天候,沙田 全天候,,1.00.1,60.1,33.7 26.4,,副練馬師,,快操,H,33.7 26.4 (1.00.1) (副練馬師)
J037,17/05/2024,踱步,沙田,飛機場,沙田 飛機場,,,,,,副練馬師,,踱步,H,飛機場 踱步 (副練馬師)
J037,16/05/2024,游水,沙田,,沙田,,,,,,,,游水,,
J037,16/05/2024,踱步,沙田,內圈,沙田 內圈,,,,,,助手,,倒快一圈,H,內圈 倒快一圈 (助手)
J037,15/05/2024,游水,沙田,,沙田,,,,,,,,游水,,
J037,15/05/2024,踱步,沙田,內圈,沙田 內圈,,,,,,助手,,快踱一圈,H,內圈 快踱一圈 (助手)
J037,14/05/2024,游水,沙田,,沙田,,,,,,,,游水,,
J037,14/05/2024,踱步,沙田,內圈,沙田 內圈,,,,,,助手,,快踱一圈,H,內圈 快踱一圈 (助手)
J037,13/05/2024,游水,沙田,,沙田,,,,,,,,游水,,
J037,13/05/2024,快操,沙田,全天候,沙田 全天候,,25.9,25.9,25.9,,周俊樂,,快操,H,25.9 (25.9) (周俊樂)
J037,13/05/2024,踱步,沙田,飛機場,沙田 飛機場,,,,,,周俊樂,,踱步,H,飛機場 踱步 (周俊樂)
J037,12/05/2024,游水,沙田,,沙田,,,,,,,,游水,,
J037,12/05/2024,踱步,沙田,內圈,沙田 內圈,,,,,,助手,,快踱一圈,H,內圈 快踱一圈 (助手)
J037,11/05/2024,游水,沙田,,沙田,,,,,,,,游水,,
J037,11/05/2024,踱步,沙田,內圈,沙田 內圈,,,,,,助手,,快踱一圈,H,內圈 快踱一圈 (助手)
J037,10/05/2024,游水,沙田,,沙田,,,,,,,,游水,,
J037,10/05/2024,踱步,沙田,內圈,沙田 內圈,,,,,,助手,,快踱一圈,H,內圈 快踱一圈 (助手)
J037,09/05/2024,游水,沙田,,沙田,,,,,,,,游水,,
J037,09/05/2024,快操,沙田,全天候,沙田 全天候,,58.0,58.0,30.5 27.5,,助手,,快操,H,30.5 27.5 (58.0) (助手)
J037,09/05/2024,踱步,沙田,飛機場,沙田 飛機場,,,,,,助手,,踱步,H,飛機場 踱步 (助手)
J037,08/05/2024,游水,沙田,,沙田,,,,,,,,游水,,
J037,08/05/2024,踱步,沙田,內圈,沙田 內圈,,,,,,助手,,快踱一圈,H,內圈 快踱一圈 (助手)
J037,07/05/2024,游水,沙田,,沙田,,,,,,,,游水,,
J037,06/05/2024,游水,沙田,,沙田,,,,,,,,游水,,
J037,06/05/2024,踱步,沙田,內圈,沙田 內圈,,,,,,助手,,倒快一圈,H,內圈 倒快一圈 (助手)
J037,05/05/2024,游水,沙田,,沙田,,,,,,,,游水,,
J037,04/05/2024,游水,沙田,,沙田,,,,,,,,游水,,
J037,03/05/2024,游水,沙田,,沙田,,,,,,,,游水,,
J037,01/05/2024,出賽,跑馬地,草地,跑馬地 草地,1650M,,,,,湯普新,10/12,出賽,CP/TT,1650M (湯普新) (10/12)
J037,01/05/2024,踱步,沙田,內圈,沙田 內圈,,,,,,助手,,快踱一圈,H,內圈 快踱一圈 (助手)
J037,30/04/2024,游水,沙田,,沙田,,,,,,,,游水,,
J037,30/04/2024,踱步,沙田,內圈,沙田 內圈,,,,,,助手,,快踱一圈,H,內圈 快踱一圈 (助手)
J037,29/04/2024,游水,沙田,,沙田,,,,,,,,游水,,
J037,29/04/2024,踱步,沙田,內圈,沙田 內圈,,,,,,助手,,倒快一圈,H,內圈 倒快一圈 (助手)
J037,28/04/2024,游水,沙田,,沙田,,,,,,,,游水,,
J037,28/04/2024,踱步,沙田,內圈,沙田 內圈,,,,,,助手,,快踱一圈,H,內圈 快踱一圈 (助手)
J037,27/04/2024,游水,沙田,,沙田,,,,,,,,游水,,
J037,27/04/2024,快操,沙田,全天候,沙田 全天候,,26.5,26.5,26.5,,周俊樂,,快操,H,26.5 (26.5) (周俊樂)
J037,27/04/2024,踱步,沙田,飛機場,沙田 飛機場,,,,,,周俊樂,,踱步,H,飛機場 踱步 (周俊樂)
J037,26/04/2024,游水,沙田,,沙田,,,,,,,,游水,,
J037,26/04/2024,踱步,沙田,內圈,沙田 內圈,,,,,,助手,,快踱一圈,H,內圈 快踱一圈 (助手)
J037,25/04/2024,游水,沙田,,沙田,,,,,,,,游水,,
J037,25/04/2024,踱步,沙田,內圈,沙田 內圈,,,,,,助手,,倒快一圈,H,內圈 倒快一圈 (助手)
J037,24/04/2024,游水,沙田,,沙田,,,,,,,,游水,,
J037,24/04/2024,踱步,沙田,內圈,沙田 內圈,,,,,,助手,,快踱一圈,H,內圈 快踱一圈 (助手)
J037,23/04/2024,游水,沙田,,沙田,,,,,,,,游水,,
J037,23/04/2024,快操,沙田,全天候,沙田 全天候,,1.02.5,62.5,34.2 28.3,,副練馬師,,快操,H,34.2 28.3 (1.02.5) (副練馬師)
J037,23/04/2024,踱步,沙田,飛機場,沙田 飛機場,,,,,,副練馬師,,踱步,H,飛機場 踱步 (副練馬師)
J037,22/04/2024,游水,沙田,,沙田,,,,,,,,游水,,
J037,22/04/2024,踱步,沙田,內圈,沙田 內圈,,,,,,助手,,倒快一圈,H,內圈 倒快一圈 (助手)
J037,21/04/2024,游水,沙田,,沙田,,,,,,,,游水,,
J037,21/04/2024,踱步,沙田,內圈,沙田 內圈,,,,,,助手,,快踱一圈,H,內圈 快踱一圈 (助手)
J037,20/04/2024,游水,沙田,,沙田,,,,,,,,游水,,
J037,20/04/2024,踱步,沙田,內圈,沙田 內圈,,,,,,助手,,快踱一圈,H,內圈 快踱一圈 (助手)
J037,19/04/2024,游水,沙田,,沙田,,,,,,,,游水,,
J037,19/04/2024,踱步,沙田,內圈,沙田 內圈,,,,,,助手,,快踱一圈,H,內圈 快踱一圈 (助手)
J037,18/04/2024,游水,沙田,,沙田,,,,,,,,游水,,
J037,17/04/2024,游水,沙田,,沙田,,,,,,,,游水,,
J037,16/04/2024,游水,沙田,,沙田,,,,,,,,游水,,
J037,14/04/2024,出賽,沙田,草地,沙田 草地,1400M,,,,,周俊樂,10/14,出賽,CP/TT,1400M (周俊樂) (10/14)
J037,14/04/2024,游水,沙田,,沙田,,,,,,,,游水,,
J037,14/04/2024,踱步,沙田,內圈,沙田 內圈,,,,,,助手,,快踱一圈,H,內圈 快踱一圈 (助手)
J037,13/04/2024,游水,沙田,,沙田,,,,,,,,游水,,
J037,13/04/2024,踱步,沙田,內圈,沙田 內圈,,,,,,助手,,快踱一圈,H,內圈 快踱一圈 (助手)
J037,12/04/2024,游水,沙田,,沙田,,,,,,,,游水,,
J037,12/04/2024,踱步,沙田,內圈,沙田 內圈,,,,,,助手,,快踱一圈,H,內圈 快踱一圈 (助手)
J037,11/04/2024,游水,沙田,,沙田,,,,,,,,游水,,
J037,11/04/2024,踱步,沙田,內圈,沙田 內圈,,,,,,助手,,倒快一圈,H,內圈 倒快一圈 (助手)
J037,10/04/2024,游水,沙田,,沙田,,,,,,,,游水,,
J037,10/04/2024,快操,沙田,全天候,沙田 全天候,,1.00.4,60.4,34.1 26.3,,周俊樂,,快操,H,34.1 26.3 (1.00.4) (周俊樂)
J037,10/04/2024,踱步,沙田,飛機場,沙田 飛機場,,,,,,周俊樂,,踱步,H,飛機場 踱步 (周俊樂)
J037,09/04/2024,游水,沙田,,沙田,,,,,,,,游水,,
J037,09/04/2024,踱步,沙田,內圈,沙田 內圈,,,,,,助手,,快踱一圈,H,內圈 快踱一圈 (助手)
J037,08/04/2024,游水,沙田,,沙田,,,,,,,,游水,,
J037,08/04/2024,踱步,沙田,內圈,沙田 內圈,,,,,,助手,,倒快一圈,H,內圈 倒快一圈 (助手)
J037,07/04/2024,游水,沙田,,沙田,,,,,,,,游水,,
J037,07/04/2024,踱步,沙田,內圈,沙田 內圈,,,,,,助手,,快踱一圈,H,內圈 快踱一圈 (助手)
J037,06/04/2024,游水,沙田,,沙田,,,,,,,,游水,,
J037,06/04/2024,踱步,沙田,內圈,沙田 內圈,,,,,,助手,,快踱一圈,H,內圈 快踱一圈 (助手)
J037,05/04/2024,游水,沙田,,沙田,,,,,,,,游水,,
J037,05/04/2024,踱步,沙田,內圈,沙田 內圈,,,,,,助手,,快踱一圈,H,內圈 快踱一圈 (助手)
J037,04/04/2024,游水,沙田,,沙田,,,,,,,,游水,,
J037,04/04/2024,踱步,沙田,內圈,沙田 內圈,,,,,,助手,,倒快一圈,H,內圈 倒快一圈 (助手)
J037,03/04/2024,游水,沙田,,沙田,,,,,,,,游水,,
J037,02/04/2024,試閘,沙田,全天候,沙田 全天候,1200M,1.10.21,70.21,24.3 22.6 23.3,潮州精神,賀銘年,,第2組,CP,第2組 (賀銘年) 1200M 潮州精神 24.3 22.6 23.3 (1.10.21)
J037,02/04/2024,游水,沙田,,沙田,,,,,,,,游水,,
J037,01/04/2024,游水,沙田,,沙田,,,,,,,,游水,,
J037,01/04/2024,踱步,沙田,內圈,沙田 內圈,,,,,,助手,,倒快一圈,H,內圈 倒快一圈 (助手)
J037,31/03/2024,游水,沙田,,沙田,,,,,,,,游水,,
J037,31/03/2024,踱步,沙田,內圈,沙田 內圈,,,,,,助手,,快踱一圈,H,內圈 快踱一圈 (助手)
J037,30/03/2024,游水,沙田,,沙田,,,,,,,,游水,,
J037,30/03/2024,踱步,沙田,內圈,沙田 內圈,,,,,,助手,,快踱一圈,H,內圈 快踱一圈 (助手)
J037,29/03/2024,游水,沙田,,沙田,,,,,,,,游水,,
J037,29/03/2024,快操,沙田,全天候,沙田 全天候,,59.0,59.0,32.6 26.4,,周俊樂,,快操,H,32.6 26.4 (59.0) (周俊樂)
J037,29/03/2024,踱步,沙田,飛機場,沙田 飛機場,,,,,,周俊樂,,踱步,H,飛機場 踱步 (周俊樂)
J037,28/03/2024,游水,沙田,,沙田,,,,,,,,游水,,
J037,28/03/2024,踱步,沙田,內圈,沙田 內圈,,,,,,助手,,倒快一圈,H,內圈 倒快一圈 (助手)
J037,27/03/2024,游水,沙田,,沙田,,,,,,,,游水,,
J037,26/03/2024,游水,沙田,,沙田,,,,,,,,游水,,
J037,26/03/2024,踱步,沙田,內圈,沙田 內圈,,,,,,助手,,快踱一圈,H,內圈 快踱一圈 (助手)
J037,25/03/2024,游水,沙田,,沙田,,,,,,,,游水,,
J037,25/03/2024,快操,沙田,全天候,沙田 全天候,,28.7,28.7,28.7,,助手,,快操,H,28.7 (28.7) (助手)
J037,25/03/2024,踱步,沙田,飛機場,沙田 飛機場,,,,,,助手,,踱步,H,飛機場 踱步 (助手)
J037,24/03/2024,游水,沙田,,沙田,,,,,,,,游水,,
J037,24/03/2024,踱步,沙田,內圈,沙田 內圈,,,,,,助手,,快踱一圈,H,內圈 快踱一圈 (助手)
J037,23/03/2024,游水,沙田,,沙田,,,,,,,,游水,,
J037,23/03/2024,踱步,沙田,內圈,沙田 內圈,,,,,,助手,,快踱一圈,H,內圈 快踱一圈 (助手)
J037,22/03/2024,游水,沙田,,沙田,,,,,,,,游水,,
J037,22/03/2024,踱步,沙田,內圈,沙田 內圈,,,,,,助手,,快踱一圈,H,內圈 快踱一圈 (助手)
J037,21/03/2024,游水,沙田,,沙田,,,,,,,,游水,,
J037,21/03/2024,踱步,沙田,內圈,沙田 內圈,,,,,,助手,,倒快一圈,H,內圈 倒快一圈 (助手)
J037,20/03/2024,游水,沙田,,沙田,,,,,,,,游水,,
J037,20/03/2024,踱步,沙田,飛機場,沙田 飛機場,,,,,,助手,,踱步,H,飛機場 踱步 (助手)
J037,19/03/2024,游水,沙田,,沙田,,,,,,,,游水,,
J037,18/03/2024,游水,沙田,,沙田,,,,,,,,游水,,
J037,16/03/2024,出賽,沙田,草地,沙田 草地,1400M,,,,,賀銘年,7/14,出賽,CP/TT,1400M (賀銘年) (7/14)
J037,16/03/2024,游水,沙田,,沙田,,,,,,,,游水,,
J037,16/03/2024,踱步,沙田,內圈,沙田 內圈,,,,,,助手,,快踱一圈,H,內圈 快踱一圈 (助手)
J037,15/03/2024,游水,沙田,,沙田,,,,,,,,游水,,
J037,15/03/2024,踱步,沙田,內圈,沙田 內圈,,,,,,助手,,快踱一圈,H,內圈 快踱一圈 (助手)
J037,14/03/2024,游水,沙田,,沙田,,,,,,,,游水,,
J037,14/03/2024,踱步,沙田,內圈,沙田 內圈,,,,,,助手,,倒快一圈,H,內圈 倒快一圈 (助手)
J037,13/03/2024,游水,沙田,,沙田,,,,,,,,游水,,
J037,13/03/2024,踱步,沙田,內圈,沙田 內圈,,,,,,助手,,快踱一圈,H,內圈 快踱一圈 (助手)
J037,12/03/2024,游水,沙田,,沙田,,,,,,,,游水,,
J037,12/03/2024,快操,沙田,全天候,沙田 全天候,,26.2,26.2,26.2,,助手,,快操,H,26.2 (26.2) (助手)
J037,12/03/2024,踱步,沙田,飛機場,沙田 飛機場,,,,,,助手,,踱步,H,飛機場 踱步 (助手)
J037,11/03/2024,游水,沙田,,沙田,,,,,,,,游水,,
J037,11/03/2024,踱步,沙田,內圈,沙田 內圈,,,,,,助手,,倒快一圈,H,內圈 倒快一圈 (助手)
J037,10/03/2024,游水,沙田,,沙田,,,,,,,,游水,,
J037,10/03/2024,踱步,沙田,內圈,沙田 內圈,,,,,,助手,,快踱一圈,H,內圈 快踱一圈 (助手)
J037,09/03/2024,游水,沙田,,沙田,,,,,,,,游水,,
J037,09/03/2024,踱步,沙田,內圈,沙田 內圈,,,,,,助手,,快踱一圈,H,內圈 快踱一圈 (助手)
J037,08/03/2024,游水,沙田,,沙田,,,,,,,,游水,,
J037,08/03/2024,踱步,沙田,內圈,沙田 內圈,,,,,,助手,,快踱一圈,H,內圈 快踱一圈 (助手)
J037,07/03/2024,游水,沙田,,沙田,,,,,,,,游水,,
J037,07/03/2024,踱步,沙田,內圈,沙田 內圈,,,,,,助手,,倒快一圈,H,內圈 倒快一圈 (助手)
J037,06/03/2024,游水,沙田,,沙田,,,,,,,,游水,,
J037,05/03/2024,試閘,沙田,草地,沙田 草地,1000M,0.57.92,57.92,14.5 21.3 22.1,維港智能,賀銘年,,第1組,CP,第1組 (賀銘年) 1000M 維港智能 14.5 21.3 22.1 (0.57.92)
J037,05/03/2024,游水,沙田,,沙田,,,,,,,,游水,,
J037,04/03/2024,游水,沙田,,沙田,,,,,,,,游水,,
J037,04/03/2024,踱步,沙田,內圈,沙田 內圈,,,,,,助手,,倒快一圈,H,內圈 倒快一圈 (助手)
J037,03/03/2024,游水,沙田,,沙田,,,,,,,,游水,,
J037,03/03/2024,踱步,沙田,內圈,沙田 內圈,,,,,,助手,,快踱一圈,H,內圈 快踱一圈 (助手)
J037,02/03/2024,游水,沙田,,沙田,,,,,,,,游水,,
J037,02/03/2024,踱步,沙田,內圈,沙田 內圈,,,,,,助手,,快踱一圈,H,內圈 快踱一圈 (助手)
J037,01/03/2024,游水,沙田,,沙田,,,,,,,,游水,,
J037,01/03/2024,快操,沙田,全天候,沙田 全天候,,25.4,25.4,25.4,,助手,,快操,H,25.4 (25.4) (助手)
J037,01/03/2024,踱步,沙田,飛機場,沙田 飛機場,,,,,,助手,,踱步,H,飛機場 踱步 (助手)
J037,29/02/2024,游水,沙田,,沙田,,,,,,,,游水,,
J037,28/02/2024,游水,沙田,,沙田,,,,,,,,游水,,
J037,28/02/2024,踱步,沙田,內圈,沙田 內圈,,,,,,助手,,快踱一圈,H,內圈 快踱一圈 (助手)
J037,27/02/2024,游水,沙田,,沙田,,,,,,,,游水,,
J037,27/02/2024,踱步,沙田,內圈,沙田 內圈,,,,,,助手,,快踱一圈,H,內圈 快踱一圈 (助手)
J037,26/02/2024,游水,沙田,,沙田,,,,,,,,游水,,
J037,26/02/2024,快操,沙田,全天候,沙田 全天候,,28.3,28.3,28.3,,助手,,快操,H,28.3 (28.3) (助手)
J037,26/02/2024,踱步,沙田,飛機場,沙田 飛機場,,,,,,助手,,踱步,H,飛機場 踱步 (助手)
J037,25/02/2024,游水,沙田,,沙田,,,,,,,,游水,,
J037,25/02/2024,踱步,沙田,內圈,沙田 內圈,,,,,,助手,,快踱一圈,H,內圈 快踱一圈 (助手)
J037,24/02/2024,游水,沙田,,沙田,,,,,,,,游水,,
J037,24/02/2024,踱步,沙田,內圈,沙田 內圈,,,,,,助手,,快踱一圈,H,內圈 快踱一圈 (助手)
J037,23/02/2024,游水,沙田,,沙田,,,,,,,,游水,,
J037,23/02/2024,踱步,沙田,內圈,沙田 內圈,,,,,,助手,,快踱一圈,H,內圈 快踱一圈 (助手)
J037,22/02/2024,游水,沙田,,沙田,,,,,,,,游水,,
J037,22/02/2024,踱步,沙田,飛機場,沙田 飛機場,,,,,,助手,,踱步,H,飛機場 踱步 (助手)
J037,21/02/2024,游水,沙田,,沙田,,,,,,,,游水,,
J037,20/02/2024,游水,沙田,,沙田,,,,,,,,游水,,
J037,18/02/2024,出賽,沙田,草地,沙田 草地,1400M,,,,,周俊樂,1/14,出賽,CP/TT,1400M (周俊樂) (1/14)
J037,18/02/2024,游水,沙田,,沙田,,,,,,,,游水,,
J037,18/02/2024,踱步,沙田,內圈,沙田 內圈,,,,,,助手,,快踱一圈,H,內圈 快踱一圈 (助手)
J037,17/02/2024,游水,沙田,,沙田,,,,,,,,游水,,
J037,17/02/2024,踱步,沙田,內圈,沙田 內圈,,,,,,助手,,快踱一圈,H,內圈 快踱一圈 (助手)
J037,16/02/2024,游水,沙田,,沙田,,,,,,,,游水,,
J037,15/02/2024,游水,沙田,,沙田,,,,,,,,游水,,
J037,15/02/2024,踱步,沙田,內圈,沙田 內圈,,,,,,助手,,倒快一圈,H,內圈 倒快一圈 (助手)
J037,14/02/2024,游水,沙田,,沙田,,,,,,,,游水,,
J037,14/02/2024,快操,沙田,全天候,沙田 全天候,,28.4,28.4,28.4,,副練馬師,,快操,H,28.4 (28.4) (副練馬師)
J037,14/02/2024,踱步,沙田,飛機場,沙田 飛機場,,,,,,副練馬師,,踱步,H,飛機場 踱步 (副練馬師)
J037,13/02/2024,游水,沙田,,沙田,,,,,,,,游水,,
J037,13/02/2024,踱步,沙田,內圈,沙田 內圈,,,,,,助手,,快踱一圈,H,內圈 快踱一圈 (助手)
J037,12/02/2024,游水,沙田,,沙田,,,,,,,,游水,,
J037,12/02/2024,踱步,沙田,內圈,沙田 內圈,,,,,,助手,,倒快一圈,H,內圈 倒快一圈 (助手)
J037,11/02/2024,游水,沙田,,沙田,,,,,,,,游水,,
J037,11/02/2024,踱步,沙田,內圈,沙田 內圈,,,,,,助手,,快踱一圈,H,內圈 快踱一圈 (助手)
J037,09/02/2024,游水,沙田,,沙田,,,,,,,,游水,,
J037,09/02/2024,踱步,沙田,內圈,沙田 內圈,,,,,,助手,,快踱一圈,H,內圈 快踱一圈 (助手)
J037,08/02/2024,游水,沙田,,沙田,,,,,,,,游水,,
J037,08/02/2024,踱步,沙田,飛機場,沙田 飛機場,,,,,,助手,,踱步,H,飛機場 踱步 (助手)
J037,07/02/2024,游水,沙田,,沙田,,,,,,,,游水,,
J037,06/02/2024,游水,沙田,,沙田,,,,,,,,游水,,
J037,04/02/2024,出賽,沙田,草地,沙田 草地,1400M,,,,,周俊樂,7/14,出賽,B-/CP1/TT,1400M (周俊樂) (7/14)
J037,04/02/2024,游水,沙田,,沙田,,,,,,,,游水,,
J037,04/02/2024,踱步,沙田,內圈,沙田 內圈,,,,,,助手,,快踱一圈,H,內圈 快踱一圈 (助手)
J037,03/02/2024,游水,沙田,,沙田,,,,,,,,游水,,
J037,03/02/2024,踱步,沙田,內圈,沙田 內圈,,,,,,助手,,快踱一圈,H,內圈 快踱一圈 (助手)
J037,02/02/2024,游水,沙田,,沙田,,,,,,,,游水,,
J037,01/02/2024,游水,沙田,,沙田,,,,,,,,游水,,
J037,01/02/2024,踱步,沙田,內圈,沙田 內圈,,,,,,助手,,倒快一圈,H,內圈 倒快一圈 (助手)
J037,31/01/2024,游水,沙田,,沙田,,,,,,,,游水,,
J037,31/01/2024,快操,沙田,全天候,沙田 全天候,,25.5,25.5,25.5,,周俊樂,,快操,H,25.5 (25.5) (周俊樂)
J037,31/01/2024,踱步,沙田,飛機場,沙田 飛機場,,,,,,周俊樂,,踱步,H,飛機場 踱步 (周俊樂)
J037,30/01/2024,游水,沙田,,沙田,,,,,,,,游水,,
J037,30/01/2024,踱步,沙田,內圈,沙田 內圈,,,,,,助手,,快踱一圈,H,內圈 快踱一圈 (助手)
J037,29/01/2024,游水,沙田,,沙田,,,,,,,,游水,,
J037,29/01/2024,踱步,沙田,內圈,沙田 內圈,,,,,,助手,,倒快一圈,H,內圈 倒快一圈 (助手)
J037,28/01/2024,游水,沙田,,沙田,,,,,,,,游水,,
J037,28/01/2024,踱步,沙田,內圈,沙田 內圈,,,,,,助手,,快踱一圈,H,內圈 快踱一圈 (助手)
J037,27/01/2024,游水,沙田,,沙田,,,,,,,,游水,,
J037,27/01/2024,快操,沙田,全天候,沙田 全天候,,27.9,27.9,27.9,,助手,,快操,H,27.9 (27.9) (助手)
J037,27/01/2024,踱步,沙田,飛機場,沙田 飛機場,,,,,,助手,,踱步,H,飛機場 踱步 (助手)
J037,26/01/2024,游水,沙田,,沙田,,,,,,,,游水,,
J037,26/01/2024,踱步,沙田,內圈,沙田 內圈,,,,,,助手,,快踱一圈,H,內圈 快踱一圈 (助手)
J037,25/01/2024,游水,沙田,,沙田,,,,,,,,游水,,
J037,25/01/2024,踱步,沙田,內圈,沙田 內圈,,,,,,助手,,倒快一圈,H,內圈 倒快一圈 (助手)
J037,24/01/2024,游水,沙田,,沙田,,,,,,,,游水,,
J037,24/01/2024,踱步,沙田,內圈,沙田 內圈,,,,,,助手,,快踱一圈,H,內圈 快踱一圈 (助手)
J037,23/01/2024,游水,沙田,,沙田,,,,,,,,游水,,
J037,23/01/2024,踱步,沙田,內圈,沙田 內圈,,,,,,助手,,快踱一圈,H,內圈 快踱一圈 (助手)
J037,22/01/2024,游水,沙田,,沙田,,,,,,,,游水,,
J037,22/01/2024,踱步,沙田,內圈,沙田 內圈,,,,,,助手,,倒快一圈,H,內圈 倒快一圈 (助手)
J037,21/01/2024,游水,沙田,,沙田,,,,,,,,游水,,
J037,21/01/2024,踱步,沙田,飛機場,沙田 飛機場,,,,,,助手,,踱步,H,飛機場 踱步 (助手)
J037,20/01/2024,游水,沙田,,沙田,,,,,,,,游水,,
J037,19/01/2024,游水,沙田,,沙田,,,,,,,,游水,,
J037,17/01/2024,出賽,跑馬地,草地,跑馬地 草地,1200M,,,,,巫顯東,12/12,出賽,B1/TT,1200M (巫顯東) (12/12)
J037,17/01/2024,游水,沙田,,沙田,,,,,,,,游水,,
J037,17/01/2024,踱步,沙田,內圈,沙田 內圈,,,,,,助手,,快踱一圈,H,內圈 快踱一圈 (助手)
J037,16/01/2024,游水,沙田,,沙田,,,,,,,,游水,,
J037,16/01/2024,踱步,沙田,內圈,沙田 內圈,,,,,,助手,,快踱一圈,H,內圈 快踱一圈 (助手)
J037,15/01/2024,游水,沙田,,沙田,,,,,,,,游水,,
J037,15/01/2024,踱步,沙田,內圈,沙田 內圈,,,,,,助手,,倒快一圈,H,內圈 倒快一圈 (助手)
J037,14/01/2024,游水,沙田,,沙田,,,,,,,,游水,,
J037,14/01/2024,踱步,沙田,內圈,沙田 內圈,,,,,,助手,,快踱一圈,,內圈 快踱一圈 (助手)
J037,13/01/2024,游水,沙田,,沙田,,,,,,,,游水,,
J037,13/01/2024,快操,沙田,全天候,沙田 全天候,,24.3,24.3,24.3,,助手,,快操,H,24.3 (24.3) (助手)
J037,13/01/2024,踱步,沙田,飛機場,沙田 飛機場,,,,,,助手,,踱步,H,飛機場 踱步 (助手)
J037,12/01/2024,游水,沙田,,沙田,,,,,,,,游水,,
J037,12/01/2024,踱步,沙田,內圈,沙田 內圈,,,,,,助手,,快踱一圈,H,內圈 快踱一圈 (助手)
J037,11/01/2024,游水,沙田,,沙田,,,,,,,,游水,,
J037,11/01/2024,踱步,沙田,內圈,沙田 內圈,,,,,,助手,,倒快一圈,H,內圈 倒快一圈 (助手)
J037,10/01/2024,游水,沙田,,沙田,,,,,,,,游水,,
J037,10/01/2024,踱步,沙田,內圈,沙田 內圈,,,,,,助手,,快踱一圈,H,內圈 快踱一圈 (助手)
J037,09/01/2024,游水,沙田,,沙田,,,,,,,,游水,,
J037,09/01/2024,快操,沙田,全天候,沙田 全天候,,26.2,26.2,26.2,,助手,,快操,H,26.2 (26.2) (助手)
J037,09/01/2024,踱步,沙田,飛機場,沙田 飛機場,,,,,,助手,,踱步,H,飛機場 踱步 (助手)
J037,08/01/2024,游水,沙田,,沙田,,,,,,,,游水,,
J037,08/01/2024,踱步,沙田,內圈,沙田 內圈,,,,,,助手,,倒快一圈,H,內圈 倒快一圈 (助手)
J037,07/01/2024,游水,沙田,,沙田,,,,,,,,游水,,
J037,07/01/2024,踱步,沙田,內圈,沙田 內圈,,,,,,助手,,快踱一圈,H,內圈 快踱一圈 (助手)
J037,06/01/2024,游水,沙田,,沙田,,,,,,,,游水,,
J037,06/01/2024,踱步,沙田,內圈,沙田 內圈,,,,,,助手,,快踱一圈,H,內圈 快踱一圈 (助手)
J037,05/01/2024,游水,沙田,,沙田,,,,,,,,游水,,
J037,05/01/2024,快操,沙田,全天候,沙田 全天候,,25.8,25.8,25.8,,助手,,快操,H,25.8 (25.8) (助手)
J037,05/01/2024,踱步,沙田,飛機場,沙田 飛機場,,,,,,助手,,踱步,H,飛機場 踱步 (助手)
J037,04/01/2024,游水,沙田,,沙田,,,,,,,,游水,,
J037,04/01/2024,踱步,沙田,內圈,沙田 內圈,,,,,,助手,,倒快兩圈,H,內圈 倒快兩圈 (助手)
J037,03/01/2024,游水,沙田,,沙田,,,,,,,,游水,,
J037,03/01/2024,踱步,沙田,內圈,沙田 內圈,,,,,,助手,,快踱一圈,H,內圈 快踱一圈 (助手)
J037,02/01/2024,游水,沙田,,沙田,,,,,,,,游水,,
J037,02/01/2024,踱步,沙田,內圈,沙田 內圈,,,,,,助手,,快踱一圈,H,內圈 快踱一圈 (助手)
J037,01/01/2024,游水,沙田,,沙田,,,,,,,,游水,,
J037,01/01/2024,快操,沙田,全天候,沙田 全天候,,29.3,29.3,29.3,,助手,,快操,H,29.3 (29.3) (助手)
J037,01/01/2024,踱步,沙田,飛機場,沙田 飛機場,,,,,,助手,,踱步,H,飛機場 踱步 (助手)
J037,31/12/2023,游水,沙田,,沙田,,,,,,,,游水,,
J037,31/12/2023,踱步,沙田,內圈,沙田 內圈,,,,,,助手,,快踱一圈,H,內圈 快踱一圈 (助手)
J037,30/12/2023,游水,沙田,,沙田,,,,,,,,游水,,
J037,30/12/2023,踱步,沙田,飛機場,沙田 飛機場,,,,,,助手,,踱步,H,飛機場 踱步 (助手)
J037,29/12/2023,游水,沙田,,沙田,,,,,,,,游水,,
J037,28/12/2023,游水,沙田,,沙田,,,,,,,,游水,,
J037,26/12/2023,出賽,沙田,草地,沙田 草地,1200M,,,,,梁家俊,7/11,出賽,TT,1200M (梁家俊) (7/11)
J037,26/12/2023,游水,沙田,,沙田,,,,,,,,游水,,
J037,26/12/2023,踱步,沙田,內圈,沙田 內圈,,,,,,助手,,快踱一圈,H,內圈 快踱一圈 (助手)
J037,25/12/2023,游水,沙田,,沙田,,,,,,,,游水,,
J037,25/12/2023,踱步,沙田,內圈,沙田 內圈,,,,,,助手,,倒快一圈,H,內圈 倒快一圈 (助手)
J037,24/12/2023,游水,沙田,,沙田,,,,,,,,游水,,
J037,24/12/2023,踱步,沙田,內圈,沙田 內圈,,,,,,助手,,快踱一圈,H,內圈 快踱一圈 (助手)
J037,23/12/2023,游水,沙田,,沙田,,,,,,,,游水,,
J037,23/12/2023,踱步,沙田,內圈,沙田 內圈,,,,,,助手,,快踱一圈,H,內圈 快踱一圈 (助手)
J037,22/12/2023,游水,沙田,,沙田,,,,,,,,游水,,
J037,22/12/2023,快操,沙田,全天候,沙田 全天候,,58.0,58.0,31.8 26.2,,梁家俊,,快操,H,31.8 26.2 (58.0) (梁家俊)
J037,22/12/2023,踱步,沙田,飛機場,沙田 飛機場,,,,,,梁家俊,,踱步,H,飛機場 踱步 (梁家俊)
J037,21/12/2023,游水,沙田,,沙田,,,,,,,,游水,,
J037,21/12/2023,踱步,沙田,內圈,沙田 內圈,,,,,,助手,,倒快一圈,H,內圈 倒快一圈 (助手)
J037,20/12/2023,游水,沙田,,沙田,,,,,,,,游水,,
J037,20/12/2023,踱步,沙田,內圈,沙田 內圈,,,,,,助手,,快踱一圈,H,內圈 快踱一圈 (助手)
J037,19/12/2023,游水,沙田,,沙田,,,,,,,,游水,,
J037,19/12/2023,踱步,沙田,內圈,沙田 內圈,,,,,,助手,,快踱一圈,H,內圈 快踱一圈 (助手)
J037,18/12/2023,游水,沙田,,沙田,,,,,,,,游水,,
J037,18/12/2023,快操,沙田,全天候,沙田 全天候,,25.2,25.2,25.2,,周俊樂,,快操,H,25.2 (25.2) (周俊樂)
J037,17/12/2023,游水,沙田,,沙田,,,,,,,,游水,,
J037,17/12/2023,踱步,沙田,內圈,沙田 內圈,,,,,,助手,,快踱一圈,H,內圈 快踱一圈 (助手)
J037,16/12/2023,游水,沙田,,沙田,,,,,,,,游水,,
J037,16/12/2023,踱步,沙田,內圈,沙田 內圈,,,,,,助手,,快踱一圈,H,內圈 快踱一圈 (助手)
J037,15/12/2023,游水,沙田,,沙田,,,,,,,,游水,,
J037,15/12/2023,踱步,沙田,內圈,沙田 內圈,,,,,,助手,,快踱一圈,H,內圈 快踱一圈 (助手)
J037,14/12/2023,游水,沙田,,沙田,,,,,,,,游水,,
J037,14/12/2023,快操,沙田,全天候,沙田 全天候,,24.3,24.3,24.3,,助手,,快操,H,24.3 (24.3) (助手)
J037,14/12/2023,踱步,沙田,飛機場,沙田 飛機場,,,,,,助手,,踱步,H,飛機場 踱步 (助手)
J037,13/12/2023,游水,沙田,,沙田,,,,,,,,游水,,
J037,13/12/2023,踱步,沙田,內圈,沙田 內圈,,,,,,助手,,快踱一圈,H,內圈 快踱一圈 (助手)
J037,12/12/2023,游水,沙田,,沙田,,,,,,,,游水,,
J037,12/12/2023,踱步,沙田,內圈,沙田 內圈,,,,,,助手,,快踱一圈,H,內圈 快踱一圈 (助手)
J037,11/12/2023,游水,沙田,,沙田,,,,,,,,游水,,
J037,11/12/2023,踱步,沙田,內圈,沙田 內圈,,,,,,助手,,倒快一圈,H,內圈 倒快一圈 (助手)
J037,10/12/2023,游水,沙田,,沙田,,,,,,,,游水,,
J037,10/12/2023,快操,沙田,全天候,沙田 全天候,,28.5,28.5,28.5,,助手,,快操,H,28.5 (28.5) (助手)
J037,10/12/2023,踱步,沙田,飛機場,沙田 飛機場,,,,,,助手,,踱步,H,飛機場 踱步 (助手)
J037,09/12/2023,游水,沙田,,沙田,,,,,,,,游水,,
J037,09/12/2023,踱步,沙田,內圈,沙田 內圈,,,,,,助手,,快踱一圈,H,內圈 快踱一圈 (助手)
J037,08/12/2023,游水,沙田,,沙田,,,,,,,,游水,,
J037,07/12/2023,游水,沙田,,沙田,,,,,,,,游水,,
J037,07/12/2023,踱步,沙田,飛機場,沙田 飛機場,,,,,,助手,,踱步,H,飛機場 踱步 (助手)
J037,06/12/2023,游水,沙田,,沙田,,,,,,,,游水,,
J037,05/12/2023,游水,沙田,,沙田,,,,,,,,游水,,
J037,03/12/2023,出賽,沙田,草地,沙田 草地,1000M,,,,,梁家俊,7/13,出賽,TT1,1000M (梁家俊) (7/13)
J037,03/12/2023,游水,沙田,,沙田,,,,,,,,游水,,
J037,03/12/2023,踱步,沙田,內圈,沙田 內圈,,,,,,助手,,快踱一圈,H,內圈 快踱一圈 (助手)
J037,02/12/2023,游水,沙田,,沙田,,,,,,,,游水,,
J037,02/12/2023,踱步,沙田,內圈,沙田 內圈,,,,,,助手,,快踱一圈,H,內圈 快踱一圈 (助手)
J037,01/12/2023,游水,沙田,,沙田,,,,,,,,游水,,
J037,01/12/2023,踱步,沙田,內圈,沙田 內圈,,,,,,助手,,快踱一圈,H,內圈 快踱一圈 (助手)
J037,30/11/2023,游水,沙田,,沙田,,,,,,,,游水,,
J037,30/11/2023,踱步,沙田,內圈,沙田 內圈,,,,,,助手,,倒快兩圈,H,內圈 倒快兩圈 (助手)
J037,29/11/2023,游水,沙田,,沙田,,,,,,,,游水,,
J037,29/11/2023,快操,沙田,全天候,沙田 全天候,,26.3,26.3,26.3,,助手,,快操,H,26.3 (26.3) (助手)
J037,29/11/2023,踱步,沙田,飛機場,沙田 飛機場,,,,,,助手,,踱步,H,飛機場 踱步 (助手)
J037,28/11/2023,游水,沙田,,沙田,,,,,,,,游水,,
J037,28/11/2023,踱步,沙田,內圈,沙田 內圈,,,,,,助手,,快踱一圈,H,內圈 快踱一圈 (助手)
J037,27/11/2023,游水,沙田,,沙田,,,,,,,,游水,,
J037,27/11/2023,踱步,沙田,內圈,沙田 內圈,,,,,,助手,,倒快一圈,H,內圈 倒快一圈 (助手)
J037,26/11/2023,游水,沙田,,沙田,,,,,,,,游水,,
J037,26/11/2023,踱步,沙田,內圈,沙田 內圈,,,,,,助手,,快踱一圈,H,內圈 快踱一圈 (助手)
J037,25/11/2023,游水,沙田,,沙田,,,,,,,,游水,,
J037,25/11/2023,快操,沙田,全天候,沙田 全天候,,25.3,25.3,25.3,,助手,,快操,H,25.3 (25.3) (助手)
J037,24/11/2023,游水,沙田,,沙田,,,,,,,,游水,,
J037,23/11/2023,游水,沙田,,沙田,,,,,,,,游水,,
J037,23/11/2023,踱步,沙田,內圈,沙田 內圈,,,,,,助手,,倒快一圈,H,內圈 倒快一圈 (助手)
J037,22/11/2023,游水,沙田,,沙田,,,,,,,,游水,,
J037,22/11/2023,快操,沙田,全天候,沙田 全天候,,24.9,24.9,24.9,,助手,,快操,H,24.9 (24.9) (助手)
J037,22/11/2023,踱步,沙田,飛機場,沙田 飛機場,,,,,,助手,,踱步,H,飛機場 踱步 (助手)
J037,21/11/2023,游水,沙田,,沙田,,,,,,,,游水,,
J037,21/11/2023,踱步,沙田,內圈,沙田 內圈,,,,,,助手,,快踱一圈,H,內圈 快踱一圈 (助手)
J037,20/11/2023,游水,沙田,,沙田,,,,,,,,游水,,
J037,19/11/2023,游水,沙田,,沙田,,,,,,,,游水,,
J037,19/11/2023,踱步,沙田,內圈,沙田 內圈,,,,,,助手,,快踱一圈,H,內圈 快踱一圈 (助手)
J037,18/11/2023,游水,沙田,,沙田,,,,,,,,游水,,
J037,18/11/2023,踱步,沙田,內圈,沙田 內圈,,,,,,助手,,快踱一圈,H,內圈 快踱一圈 (助手)
J037,17/11/2023,游水,沙田,,沙田,,,,,,,,游水,,
J037,17/11/2023,踱步,沙田,內圈,沙田 內圈,,,,,,助手,,快踱一圈,H,內圈 快踱一圈 (助手)
J037,16/11/2023,游水,沙田,,沙田,,,,,,,,游水,,
J037,16/11/2023,踱步,沙田,內圈,沙田 內圈,,,,,,助手,,倒快一圈,H,內圈 倒快一圈 (助手)
J037,15/11/2023,游水,沙田,,沙田,,,,,,,,游水,,
J037,14/11/2023,試閘,沙田,草地,沙田 草地,1000M,0.58.47,58.47,14.3 21.1 23.0,平海歡星,希威森,,第1組,,第1組 (希威森) 1000M 平海歡星 14.3 21.1 23.0 (0.58.47)
J037,14/11/2023,游水,沙田,,沙田,,,,,,,,游水,,
J037,13/11/2023,游水,沙田,,沙田,,,,,,,,游水,,
J037,13/11/2023,踱步,沙田,內圈,沙田 內圈,,,,,,助手,,倒快一圈,H,內圈 倒快一圈 (助手)
J037,12/11/2023,游水,沙田,,沙田,,,,,,,,游水,,
J037,12/11/2023,踱步,沙田,內圈,沙田 內圈,,,,,,助手,,快踱一圈,H,內圈 快踱一圈 (助手)
J037,11/11/2023,游水,沙田,,沙田,,,,,,,,游水,,
J037,11/11/2023,踱步,沙田,內圈,沙田 內圈,,,,,,助手,,快踱一圈,H,內圈 快踱一圈 (助手)
J037,10/11/2023,游水,沙田,,沙田,,,,,,,,游水,,
J037,10/11/2023,快操,沙田,全天候,沙田 全天候,,24.3,24.3,24.3,,助手,,快操,H,24.3 (24.3) (助手)
J037,10/11/2023,踱步,沙田,飛機場,沙田 飛機場,,,,,,助手,,踱步,H,飛機場 踱步 (助手)
J037,09/11/2023,游水,沙田,,沙田,,,,,,,,游水,,
J037,09/11/2023,踱步,沙田,內圈,沙田 內圈,,,,,,助手,,倒快一圈,H,內圈 倒快一圈 (助手)
J037,08/11/2023,游水,沙田,,沙田,,,,,,,,游水,,
J037,08/11/2023,踱步,沙田,內圈,沙田 內圈,,,,,,助手,,快踱一圈,H,內圈 快踱一圈 (助手)
J037,07/11/2023,游水,沙田,,沙田,,,,,,,,游水,,
J037,07/11/2023,踱步,沙田,內圈,沙田 內圈,,,,,,助手,,快踱一圈,H,內圈 快踱一圈 (助手)
J037,06/11/2023,游水,沙田,,沙田,,,,,,,,游水,,
J037,06/11/2023,快操,沙田,全天候,沙田 全天候,,1.00.6,60.6,33.1 27.5,,助手,,快操,H,33.1 27.5 (1.00.6) (助手)
J037,06/11/2023,踱步,沙田,飛機場,沙田 飛機場,,,,,,助手,,踱步,H,飛機場 踱步 (助手)
J037,05/11/2023,游水,沙田,,沙田,,,,,,,,游水,,
J037,05/11/2023,踱步,沙田,內圈,沙田 內圈,,,,,,助手,,快踱一圈,H,內圈 快踱一圈 (助手)
J037,04/11/2023,游水,沙田,,沙田,,,,,,,,游水,,
J037,04/11/2023,踱步,沙田,內圈,沙田 內圈,,,,,,助手,,快踱一圈,,內圈 快踱一圈 (助手)
J037,03/11/2023,游水,沙田,,沙田,,,,,,,,游水,,
J037,03/11/2023,踱步,沙田,內圈,沙田 內圈,,,,,,助手,,快踱一圈,,內圈 快踱一圈 (助手)
J037,02/11/2023,游水,沙田,,沙田,,,,,,,,游水,,
J037,02/11/2023,踱步,沙田,內圈,沙田 內圈,,,,,,助手,,倒快一圈,,內圈 倒快一圈 (助手)
J037,01/11/2023,游水,沙田,,沙田,,,,,,,,游水,,
J037,31/10/2023,試閘,沙田,全天候,沙田 全天候,1200M,1.10.70,70.7,23.9 23.2 23.6,上市魅力,梁家俊,,第3組,,第3組 (梁家俊) 1200M 上市魅力 23.9 23.2 23.6 (1.10.70)
J037,31/10/2023,游水,沙田,,沙田,,,,,,,,游水,,
J037,30/10/2023,游水,沙田,,沙田,,,,,,,,游水,,
J037,30/10/2023,踱步,沙田,內圈,沙田 內圈,,,,,,助手,,倒快一圈,,內圈 倒快一圈 (助手)
J037,29/10/2023,游水,沙田,,沙田,,,,,,,,游水,,
J037,29/10/2023,踱步,沙田,內圈,沙田 內圈,,,,,,助手,,快踱一圈,,內圈 快踱一圈 (助手)
J037,28/10/2023,游水,沙田,,沙田,,,,,,,,游水,,
J037,28/10/2023,踱步,沙田,內圈,沙田 內圈,,,,,,助手,,快踱一圈,,內圈 快踱一圈 (助手)
J037,27/10/2023,游水,沙田,,沙田,,,,,,,,游水,,
J037,27/10/2023,快操,沙田,全天候,沙田 全天候,,25.1,25.1,25.1,,助手,,共創成果,H,25.1 (25.1) (助手) 共創成果
J037,27/10/2023,踱步,沙田,飛機場,沙田 飛機場,,,,,,助手,,踱步,,飛機場 踱步 (助手)
J037,26/10/2023,游水,沙田,,沙田,,,,,,,,游水,,
J037,26/10/2023,踱步,沙田,內圈,沙田 內圈,,,,,,助手,,倒快一圈,,內圈 倒快一圈 (助手)
J037,25/10/2023,游水,沙田,,沙田,,,,,,,,游水,,
J037,25/10/2023,踱步,沙田,內圈,沙田 內圈,,,,,,助手,,快踱一圈,,內圈 快踱一圈 (助手)
J037,24/10/2023,游水,沙田,,沙田,,,,,,,,游水,,
J037,24/10/2023,踱步,沙田,內圈,沙田 內圈,,,,,,助手,,快踱一圈,,內圈 快踱一圈 (助手)
J037,23/10/2023,游水,沙田,,沙田,,,,,,,,游水,,
J037,23/10/2023,快操,沙田,全天候,沙田 全天候,,25.2,25.2,25.2,,副練馬師,,快操,,25.2 (25.2) (副練馬師)
J037,23/10/2023,踱步,沙田,飛機場,沙田 飛機場,,,,,,副練馬師,,踱步,,飛機場 踱步 (副練馬師)
J037,22/10/2023,游水,沙田,,沙田,,,,,,,,游水,,
J037,22/10/2023,踱步,沙田,內圈,沙田 內圈,,,,,,助手,,快踱一圈,,內圈 快踱一圈 (助手)
J037,21/10/2023,游水,沙田,,沙田,,,,,,,,游水,,
J037,21/10/2023,踱步,沙田,內圈,沙田 內圈,,,,,,助手,,快踱一圈,,內圈 快踱一圈 (助手)
J037,20/10/2023,游水,沙田,,沙田,,,,,,,,游水,,
J037,20/10/2023,踱步,沙田,內圈,沙田 內圈,,,,,,助手,,快踱一圈,,內圈 快踱一圈 (助手)
J037,19/10/2023,游水,沙田,,沙田,,,,,,,,游水,,
J037,19/10/2023,踱步,沙田,內圈,沙田 內圈,,,,,,助手,,倒快一圈,H,內圈 倒快一圈 (助手)
J037,18/10/2023,游水,沙田,,沙田,,,,,,,,游水,,
J037,17/10/2023,試閘,沙田,草地,沙田 草地,1000M,0.59.44,59.44,14.2 22.4 22.8,陸知,梁家俊,,第1組,,第1組 (梁家俊) 1000M 陸知 14.2 22.4 22.8 (0.59.44)
J037,17/10/2023,游水,沙田,,沙田,,,,,,,,游水,,
J037,16/10/2023,游水,沙田,,沙田,,,,,,,,游水,,
J037,16/10/2023,踱步,沙田,內圈,沙田 內圈,,,,,,助手,,倒快一圈,,內圈 倒快一圈 (助手)
J037,15/10/2023,游水,沙田,,沙田,,,,,,,,游水,,
J037,15/10/2023,踱步,沙田,內圈,沙田 內圈,,,,,,助手,,快踱一圈,,內圈 快踱一圈 (助手)
J037,14/10/2023,游水,沙田,,沙田,,,,,,,,游水,,
J037,14/10/2023,踱步,沙田,內圈,沙田 內圈,,,,,,助手,,快踱一圈,,內圈 快踱一圈 (助手)
J037,13/10/2023,游水,沙田,,沙田,,,,,,,,游水,,
J037,13/10/2023,快操,沙田,全天候,沙田 全天候,,25.9,25.9,25.9,,助手,,快操,,25.9 (25.9) (助手)
J037,13/10/2023,踱步,沙田,飛機場,沙田 飛機場,,,,,,助手,,踱步,,飛機場 踱步 (助手)
J037,12/10/2023,游水,沙田,,沙田,,,,,,,,游水,,
J037,12/10/2023,踱步,沙田,內圈,沙田 內圈,,,,,,助手,,倒快一圈,H,內圈 倒快一圈 (助手)
J037,11/10/2023,游水,沙田,,沙田,,,,,,,,游水,,
J037,11/10/2023,踱步,沙田,內圈,沙田 內圈,,,,,,助手,,快踱一圈,,內圈 快踱一圈 (助手)
J037,10/10/2023,游水,沙田,,沙田,,,,,,,,游水,,
J037,10/10/2023,快操,沙田,全天候,沙田 全天候,,1.00.1,60.1,34.1 26.0,,助手,,共創成果,,34.1 26.0 (1.00.1) (助手) 共創成果
J037,10/10/2023,踱步,沙田,飛機場,沙田 飛機場,,,,,,助手,,踱步,,飛機場 踱步 (助手)
J037,09/10/2023,游水,沙田,,沙田,,,,,,,,游水,,
J037,08/10/2023,游水,沙田,,沙田,,,,,,,,游水,,
J037,08/10/2023,踱步,沙田,內圈,沙田 內圈,,,,,,助手,,快踱一圈,,內圈 快踱一圈 (助手)
J037,07/10/2023,游水,沙田,,沙田,,,,,,,,游水,,
J037,07/10/2023,踱步,沙田,內圈,沙田 內圈,,,,,,助手,,快踱一圈,,內圈 快踱一圈 (助手)
J037,06/10/2023,游水,沙田,,沙田,,,,,,,,游水,,
J037,06/10/2023,踱步,沙田,內圈,沙田 內圈,,,,,,助手,,快踱一圈,,內圈 快踱一圈 (助手)
J037,05/10/2023,游水,沙田,,沙田,,,,,,,,游水,,
J037,05/10/2023,快操,沙田,草閘,沙田 草閘,,46.5,46.5,23.8 22.7,,梁家俊,,共創成果,,23.8 22.7 (46.5) (梁家俊) 共創成果
J037,05/10/2023,踱步,沙田,飛機場,沙田 飛機場,,,,,,梁家俊,,踱步,,飛機場 踱步 (梁家俊)
J037,04/10/2023,游水,沙田,,沙田,,,,,,,,游水,,
J037,04/10/2023,踱步,沙田,內圈,沙田 內圈,,,,,,助手,,快踱一圈,,內圈 快踱一圈 (助手)
J037,03/10/2023,游水,沙田,,沙田,,,,,,,,游水,,
J037,03/10/2023,踱步,沙田,內圈,沙田 內圈,,,,,,助手,,快踱一圈,,內圈 快踱一圈 (助手)
J037,02/10/2023,游水,沙田,,沙田,,,,,,,,游水,,
J037,02/10/2023,踱步,沙田,內圈,沙田 內圈,,,,,,助手,,倒快一圈,,內圈 倒快一圈 (助手)
J037,01/10/2023,游水,沙田,,沙田,,,,,,,,游水,,
J037,01/10/2023,快操,沙田,全天候,沙田 全天候,,24.6,24.6,24.6,,助手,,快操,,24.6 (24.6) (助手)
J037,01/10/2023,踱步,沙田,飛機場,沙田 飛機場,,,,,,助手,,踱步,,飛機場 踱步 (助手)
J037,30/09/2023,游水,沙田,,沙田,,,,,,,,游水,,
J037,30/09/2023,踱步,沙田,內圈,沙田 內圈,,,,,,助手,,快踱一圈,,內圈 快踱一圈 (助手)
J037,29/09/2023,游水,沙田,,沙田,,,,,,,,游水,,
J037,29/09/2023,踱步,沙田,內圈,沙田 內圈,,,,,,助手,,快踱一圈,H,內圈 快踱一圈 (助手)
J037,28/09/2023,游水,沙田,,沙田,,,,,,,,游水,,
J037,28/09/2023,踱步,沙田,內圈,沙田 內圈,,,,,,助手,,倒快一圈,,內圈 倒快一圈 (助手)
J037,27/09/2023,游水,沙田,,沙田,,,,,,,,游水,,
J037,27/09/2023,快操,沙田,全天候,沙田 全天候,,27.0,27.0,27.0,,助手,,快操,,27.0 (27.0) (助手)
J037,27/09/2023,踱步,沙田,彭福公園,沙田 彭福公園,,,,,,助手,,踱步,,彭福公園 踱步 (助手)
J037,26/09/2023,游水,沙田,,沙田,,,,,,,,游水,,
J037,26/09/2023,踱步,沙田,內圈,沙田 內圈,,,,,,助手,,快踱一圈,,內圈 快踱一圈 (助手)
J037,25/09/2023,游水,沙田,,沙田,,,,,,,,游水,,
J037,25/09/2023,踱步,沙田,內圈,沙田 內圈,,,,,,助手,,倒快一圈,,內圈 倒快一圈 (助手)
J037,24/09/2023,游水,沙田,,沙田,,,,,,,,游水,,
J037,24/09/2023,踱步,沙田,內圈,沙田 內圈,,,,,,助手,,快踱一圈,,內圈 快踱一圈 (助手)
J037,23/09/2023,游水,沙田,,沙田,,,,,,,,游水,,
J037,23/09/2023,快操,沙田,全天候,沙田 全天候,,26.7,26.7,26.7,,周俊樂,,共創成果,,26.7 (26.7) (周俊樂) 共創成果
J037,23/09/2023,踱步,沙田,飛機場,沙田 飛機場,,,,,,周俊樂,,踱步,,飛機場 踱步 (周俊樂)
J037,22/09/2023,游水,沙田,,沙田,,,,,,,,游水,,
J037,22/09/2023,踱步,沙田,內圈,沙田 內圈,,,,,,助手,,快踱一圈,,內圈 快踱一圈 (助手)
J037,21/09/2023,游水,沙田,,沙田,,,,,,,,游水,,
J037,21/09/2023,踱步,沙田,內圈,沙田 內圈,,,,,,助手,,倒快一圈,,內圈 倒快一圈 (助手)
J037,20/09/2023,游水,沙田,,沙田,,,,,,,,游水,,
J037,20/09/2023,快操,沙田,全天候,沙田 全天候,,27.5,27.5,27.5,,助手,,快操,,27.5 (27.5) (助手)
J037,20/09/2023,踱步,沙田,飛機場,沙田 飛機場,,,,,,助手,,踱步,,飛機場 踱步 (助手)
J037,19/09/2023,游水,沙田,,沙田,,,,,,,,游水,,
J037,19/09/2023,踱步,沙田,內圈,沙田 內圈,,,,,,助手,,快踱一圈,,內圈 快踱一圈 (助手)
J037,18/09/2023,游水,沙田,,沙田,,,,,,,,游水,,
J037,18/09/2023,踱步,沙田,內圈,沙田 內圈,,,,,,助手,,倒快一圈,,內圈 倒快一圈 (助手)
J037,17/09/2023,游水,沙田,,沙田,,,,,,,,游水,,
J037,17/09/2023,踱步,沙田,內圈,沙田 內圈,,,,,,助手,,快踱一圈,,內圈 快踱一圈 (助手)
J037,16/09/2023,游水,沙田,,沙田,,,,,,,,游水,,
J037,16/09/2023,快操,沙田,全天候,沙田 全天候,,29.4,29.4,29.4,,助手,,快操,,29.4 (29.4) (助手)
J037,16/09/2023,踱步,沙田,飛機場,沙田 飛機場,,,,,,助手,,踱步,,飛機場 踱步 (助手)
J037,15/09/2023,游水,沙田,,沙田,,,,,,,,游水,,
J037,15/09/2023,踱步,沙田,內圈,沙田 內圈,,,,,,助手,,快踱一圈,,內圈 快踱一圈 (助手)
J037,14/09/2023,游水,沙田,,沙田,,,,,,,,游水,,
J037,14/09/2023,踱步,沙田,內圈,沙田 內圈,,,,,,助手,,倒快一圈,,內圈 倒快一圈 (助手)
J037,13/09/2023,游水,沙田,,沙田,,,,,,,,游水,,
J037,13/09/2023,踱步,沙田,內圈,沙田 內圈,,,,,,助手,,快踱一圈,,內圈 快踱一圈 (助手)
J037,12/09/2023,游水,沙田,,沙田,,,,,,,,游水,,
J037,12/09/2023,快操,沙田,全天候,沙田 全天候,,30.2,30.2,30.2,,助手,,快操,,30.2 (30.2) (助手)
J037,12/09/2023,踱步,沙田,彭福公園,沙田 彭福公園,,,,,,助手,,踱步,,彭福公園 踱步 (助手)
J037,11/09/2023,游水,沙田,,沙田,,,,,,,,游水,,
J037,11/09/2023,踱步,沙田,內圈,沙田 內圈,,,,,,助手,,倒快一圈,,內圈 倒快一圈 (助手)
J037,10/09/2023,游水,沙田,,沙田,,,,,,,,游水,,
J037,10/09/2023,踱步,沙田,內圈,沙田 內圈,,,,,,助手,,快踱一圈,,內圈 快踱一圈 (助手)
J037,09/09/2023,游水,沙田,,沙田,,,,,,,,游水,,
J037,09/09/2023,踱步,沙田,內圈,沙田 內圈,,,,,,助手,,快踱一圈,,內圈 快踱一圈 (助手)
J037,07/09/2023,游水,沙田,,沙田,,,,,,,,游水,,
J037,07/09/2023,踱步,沙田,內圈,沙田 內圈,,,,,,助手,,倒快一圈,,內圈 倒快一圈 (助手)
J037,06/09/2023,游水,沙田,,沙田,,,,,,,,游水,,
J037,06/09/2023,踱步,沙田,內圈,沙田 內圈,,,,,,助手,,快踱一圈,,內圈 快踱一圈 (助手)
J037,05/09/2023,游水,沙田,,沙田,,,,,,,,游水,,
J037,05/09/2023,踱步,沙田,內圈,沙田 內圈,,,,,,助手,,快踱一圈,,內圈 快踱一圈 (助手)
J037,04/09/2023,游水,沙田,,沙田,,,,,,,,游水,,
J037,04/09/2023,踱步,沙田,內圈,沙田 內圈,,,,,,助手,,倒快一圈,,內圈 倒快一圈 (助手)
J037,03/09/2023,游水,沙田,,沙田,,,,,,,,游水,,
J037,03/09/2023,踱步,沙田,內圈,沙田 內圈,,,,,,助手,,快踱一圈,,內圈 快踱一圈 (助手)
J037,31/08/2023,游水,沙田,,沙田,,,,,,,,游水,,
J037,31/08/2023,踱步,沙田,內圈,沙田 內圈,,,,,,助手,,倒快一圈,,內圈 倒快一圈 (助手)
J037,30/08/2023,游水,沙田,,沙田,,,,,,,,游水,,
J037,30/08/2023,踱步,沙田,彭福公園,沙田 彭福公園,,,,,,助手,,踱步,,彭福公園 踱步 (助手)
J037,29/08/2023,游水,沙田,,沙田,,,,,,,,游水,,
J037,29/08/2023,踱步,沙田,彭福公園,沙田 彭福公園,,,,,,助手,,踱步,,彭福公園 踱步 (助手)
J037,28/08/2023,游水,沙田,,沙田,,,,,,,,游水,,
J037,28/08/2023,踱步,沙田,彭福公園,沙田 彭福公園,,,,,,助手,,踱步,,彭福公園 踱步 (助手)
J037,27/08/2023,踱步,沙田,彭福公園,沙田 彭福公園,,,,,,助手,,踱步,,彭福公園 踱步 (助手)
J037,26/08/2023,游水,沙田,,沙田,,,,,,,,游水,,
J037,26/08/2023,踱步,沙田,彭福公園,沙田 彭福公園,,,,,,助手,,踱步,,彭福公園 踱步 (助手)
J037,25/08/2023,游水,沙田,,沙田,,,,,,,,游水,,
J037,25/08/2023,踱步,沙田,彭福公園,沙田 彭福公園,,,,,,助手,,踱步,,彭福公園 踱步 (助手)
J037,24/08/2023,游水,沙田,,沙田,,,,,,,,游水,,
J037,24/08/2023,踱步,沙田,彭福公園,沙田 彭福公園,,,,,,助手,,踱步,,彭福公園 踱步 (助手)
J037,23/08/2023,踱步,沙田,彭福公園,沙田 彭福公園,,,,,,助手,,踱步,,彭福公園 踱步 (助手)
J037,22/08/2023,游水,沙田,,沙田,,,,,,,,游水,,
J037,22/08/2023,踱步,沙田,彭福公園,沙田 彭福公園,,,,,,助手,,踱步,,彭福公園 踱步 (助手)
J037,21/08/2023,游水,沙田,,沙田,,,,,,,,游水,,
J037,21/08/2023,踱步,沙田,飛機場,沙田 飛機場,,,,,,助手,,踱步,H,飛機場 踱步 (助手)
J037,20/08/2023,游水,沙田,,沙田,,,,,,,,游水,,
J037,20/08/2023,踱步,沙田,飛機場,沙田 飛機場,,,,,,助手,,踱步,,飛機場 踱步 (助手)
J037,19/08/2023,游水,沙田,,沙田,,,,,,,,游水,,
J037,19/08/2023,踱步,沙田,飛機場,沙田 飛機場,,,,,,助手,,踱步,,飛機場 踱步 (助手)
J037,18/08/2023,游水,沙田,,沙田,,,,,,,,游水,,
J037,18/08/2023,踱步,沙田,飛機場,沙田 飛機場,,,,,,助手,,踱步,,飛機場 踱步 (助手)
J037,17/08/2023,游水,沙田,,沙田,,,,,,,,游水,,
J037,17/08/2023,踱步,沙田,飛機場,沙田 飛機場,,,,,,助手,,踱步,,飛機場 踱步 (助手)
J037,16/08/2023,游水,沙田,,沙田,,,,,,,,游水,,
J037,16/08/2023,踱步,沙田,飛機場,沙田 飛機場,,,,,,助手,,踱步,,飛機場 踱步 (助手)
J037,15/08/2023,游水,沙田,,沙田,,,,,,,,游水,,
